code,region,ym,group,industry,amount_thousand_won
27,대구광역시,202001,내국인,쇼핑업,212998633
27,대구광역시,202001,내국인,숙박업,5234468
27,대구광역시,202001,내국인,식음료업,108117071
27,대구광역시,202001,내국인,여가서비스업,9441594
27,대구광역시,202001,내국인,여행업,219893
27,대구광역시,202001,내국인,운송업,82798602
27,대구광역시,202001,내국인,의료웰니스업,7986570
27,대구광역시,202001,내국인,전체,426796831
27,대구광역시,202001,외지인,쇼핑업,197895198
27,대구광역시,202001,외지인,숙박업,4018443
27,대구광역시,202001,외지인,식음료업,108117071
27,대구광역시,202001,외지인,여가서비스업,8569164
27,대구광역시,202001,외지인,여행업,181569
27,대구광역시,202001,외지인,운송업,82762146
27,대구광역시,202001,외지인,의료웰니스업,7854625
27,대구광역시,202001,외지인,전체,409398216
27,대구광역시,202001,현지인,쇼핑업,15103434
27,대구광역시,202001,현지인,숙박업,1216025
27,대구광역시,202001,현지인,여가서비스업,872430
27,대구광역시,202001,현지인,여행업,38324
27,대구광역시,202001,현지인,운송업,36456
27,대구광역시,202001,현지인,의료웰니스업,131946
27,대구광역시,202001,현지인,전체,17398616
27,대구광역시,202002,내국인,쇼핑업,153257420
27,대구광역시,202002,내국인,숙박업,4228578
27,대구광역시,202002,내국인,식음료업,68951710
27,대구광역시,202002,내국인,여가서비스업,5974404
27,대구광역시,202002,내국인,여행업,236046
27,대구광역시,202002,내국인,운송업,62395155
27,대구광역시,202002,내국인,의료웰니스업,4950284
27,대구광역시,202002,내국인,전체,299993597
27,대구광역시,202002,외지인,쇼핑업,142972455
27,대구광역시,202002,외지인,숙박업,3191599
27,대구광역시,202002,외지인,식음료업,68951710
27,대구광역시,202002,외지인,여가서비스업,5460626
27,대구광역시,202002,외지인,여행업,230230
27,대구광역시,202002,외지인,운송업,62323608
27,대구광역시,202002,외지인,의료웰니스업,4905313
27,대구광역시,202002,외지인,전체,288035541
27,대구광역시,202002,현지인,쇼핑업,10284964
27,대구광역시,202002,현지인,숙박업,1036979
27,대구광역시,202002,현지인,여가서비스업,513778
27,대구광역시,202002,현지인,여행업,5816
27,대구광역시,202002,현지인,운송업,71547
27,대구광역시,202002,현지인,의료웰니스업,44971
27,대구광역시,202002,현지인,전체,11958056
27,대구광역시,202003,내국인,쇼핑업,121847649
27,대구광역시,202003,내국인,숙박업,2556342
27,대구광역시,202003,내국인,식음료업,44782221
27,대구광역시,202003,내국인,여가서비스업,3391461
27,대구광역시,202003,내국인,여행업,31404
27,대구광역시,202003,내국인,운송업,50813361
27,대구광역시,202003,내국인,의료웰니스업,3746692
27,대구광역시,202003,내국인,전체,227169129
27,대구광역시,202003,외지인,쇼핑업,113978170
27,대구광역시,202003,외지인,숙박업,2122421
27,대구광역시,202003,외지인,식음료업,44782221
27,대구광역시,202003,외지인,여가서비스업,3218630
27,대구광역시,202003,외지인,여행업,23479
27,대구광역시,202003,외지인,운송업,50788166
27,대구광역시,202003,외지인,의료웰니스업,3739827
27,대구광역시,202003,외지인,전체,218652913
27,대구광역시,202003,현지인,쇼핑업,7869479
27,대구광역시,202003,현지인,숙박업,433921
27,대구광역시,202003,현지인,여가서비스업,172831
27,대구광역시,202003,현지인,여행업,7925
27,대구광역시,202003,현지인,운송업,25194
27,대구광역시,202003,현지인,의료웰니스업,6865
27,대구광역시,202003,현지인,전체,8516216
27,대구광역시,202004,내국인,쇼핑업,156713708
27,대구광역시,202004,내국인,숙박업,2879528
27,대구광역시,202004,내국인,식음료업,65653538
27,대구광역시,202004,내국인,여가서비스업,5108772
27,대구광역시,202004,내국인,여행업,47863
27,대구광역시,202004,내국인,운송업,53005497
27,대구광역시,202004,내국인,의료웰니스업,4889102
27,대구광역시,202004,내국인,전체,288298006
27,대구광역시,202004,외지인,쇼핑업,144937736
27,대구광역시,202004,외지인,숙박업,2245120
27,대구광역시,202004,외지인,식음료업,65653538
27,대구광역시,202004,외지인,여가서비스업,4896528
27,대구광역시,202004,외지인,여행업,18703
27,대구광역시,202004,외지인,운송업,52944090
27,대구광역시,202004,외지인,의료웰니스업,4866551
27,대구광역시,202004,외지인,전체,275562267
27,대구광역시,202004,현지인,쇼핑업,11775971
27,대구광역시,202004,현지인,숙박업,634407
27,대구광역시,202004,현지인,여가서비스업,212244
27,대구광역시,202004,현지인,여행업,29160
27,대구광역시,202004,현지인,운송업,61406
27,대구광역시,202004,현지인,의료웰니스업,22551
27,대구광역시,202004,현지인,전체,12735740
27,대구광역시,202005,내국인,쇼핑업,207927595
27,대구광역시,202005,내국인,숙박업,3930126
27,대구광역시,202005,내국인,식음료업,95611417
27,대구광역시,202005,내국인,여가서비스업,7570099
27,대구광역시,202005,내국인,여행업,92172
27,대구광역시,202005,내국인,운송업,57555843
27,대구광역시,202005,내국인,의료웰니스업,7323176
27,대구광역시,202005,내국인,전체,380010429
27,대구광역시,202005,외지인,쇼핑업,190547077
27,대구광역시,202005,외지인,숙박업,3173509
27,대구광역시,202005,외지인,식음료업,95611417
27,대구광역시,202005,외지인,여가서비스업,7096542
27,대구광역시,202005,외지인,여행업,58125
27,대구광역시,202005,외지인,운송업,57535044
27,대구광역시,202005,외지인,의료웰니스업,7267127
27,대구광역시,202005,외지인,전체,361288841
27,대구광역시,202005,현지인,쇼핑업,17380518
27,대구광역시,202005,현지인,숙박업,756617
27,대구광역시,202005,현지인,여가서비스업,473557
27,대구광역시,202005,현지인,여행업,34048
27,대구광역시,202005,현지인,운송업,20799
27,대구광역시,202005,현지인,의료웰니스업,56049
27,대구광역시,202005,현지인,전체,18721588
27,대구광역시,202006,내국인,쇼핑업,193195337
27,대구광역시,202006,내국인,숙박업,3916283
27,대구광역시,202006,내국인,식음료업,92637208
27,대구광역시,202006,내국인,여가서비스업,7369547
27,대구광역시,202006,내국인,여행업,41408
27,대구광역시,202006,내국인,운송업,62905047
27,대구광역시,202006,내국인,의료웰니스업,6396364
27,대구광역시,202006,내국인,전체,366461195
27,대구광역시,202006,외지인,쇼핑업,178658895
27,대구광역시,202006,외지인,숙박업,3131072
27,대구광역시,202006,외지인,식음료업,92637208
27,대구광역시,202006,외지인,여가서비스업,6889060
27,대구광역시,202006,외지인,여행업,40425
27,대구광역시,202006,외지인,운송업,62887618
27,대구광역시,202006,외지인,의료웰니스업,6374172
27,대구광역시,202006,외지인,전체,350618450
27,대구광역시,202006,현지인,쇼핑업,14536442
27,대구광역시,202006,현지인,숙박업,785211
27,대구광역시,202006,현지인,여가서비스업,480487
27,대구광역시,202006,현지인,여행업,983
27,대구광역시,202006,현지인,운송업,17429
27,대구광역시,202006,현지인,의료웰니스업,22193
27,대구광역시,202006,현지인,전체,15842745
27,대구광역시,202007,내국인,쇼핑업,186586703
27,대구광역시,202007,내국인,숙박업,4108800
27,대구광역시,202007,내국인,식음료업,99001162
27,대구광역시,202007,내국인,여가서비스업,7600437
27,대구광역시,202007,내국인,여행업,43259
27,대구광역시,202007,내국인,운송업,66427391
27,대구광역시,202007,내국인,의료웰니스업,6564414
27,대구광역시,202007,내국인,전체,370332166
27,대구광역시,202007,외지인,쇼핑업,173174144
27,대구광역시,202007,외지인,숙박업,3156809
27,대구광역시,202007,외지인,식음료업,99001162
27,대구광역시,202007,외지인,여가서비스업,7029813
27,대구광역시,202007,외지인,여행업,27119
27,대구광역시,202007,외지인,운송업,66397609
27,대구광역시,202007,외지인,의료웰니스업,6539413
27,대구광역시,202007,외지인,전체,355326070
27,대구광역시,202007,현지인,쇼핑업,13412558
27,대구광역시,202007,현지인,숙박업,951991
27,대구광역시,202007,현지인,여가서비스업,570624
27,대구광역시,202007,현지인,여행업,16140
27,대구광역시,202007,현지인,운송업,29782
27,대구광역시,202007,현지인,의료웰니스업,25000
27,대구광역시,202007,현지인,전체,15006096
27,대구광역시,202008,내국인,쇼핑업,191886788
27,대구광역시,202008,내국인,숙박업,4902071
27,대구광역시,202008,내국인,식음료업,100100223
27,대구광역시,202008,내국인,여가서비스업,8504904
27,대구광역시,202008,내국인,여행업,64851
27,대구광역시,202008,내국인,운송업,69680839
27,대구광역시,202008,내국인,의료웰니스업,6442257
27,대구광역시,202008,내국인,전체,381581933
27,대구광역시,202008,외지인,쇼핑업,179283513
27,대구광역시,202008,외지인,숙박업,3882232
27,대구광역시,202008,외지인,식음료업,100100223
27,대구광역시,202008,외지인,여가서비스업,7766291
27,대구광역시,202008,외지인,여행업,55062
27,대구광역시,202008,외지인,운송업,69644428
27,대구광역시,202008,외지인,의료웰니스업,6413205
27,대구광역시,202008,외지인,전체,367144955
27,대구광역시,202008,현지인,쇼핑업,12603275
27,대구광역시,202008,현지인,숙박업,1019839
27,대구광역시,202008,현지인,여가서비스업,738612
27,대구광역시,202008,현지인,여행업,9789
27,대구광역시,202008,현지인,운송업,36410
27,대구광역시,202008,현지인,의료웰니스업,29053
27,대구광역시,202008,현지인,전체,14436979
27,대구광역시,202009,내국인,쇼핑업,220647105
27,대구광역시,202009,내국인,숙박업,4380367
27,대구광역시,202009,내국인,식음료업,92195371
27,대구광역시,202009,내국인,여가서비스업,7324868
27,대구광역시,202009,내국인,여행업,103987
27,대구광역시,202009,내국인,운송업,67507752
27,대구광역시,202009,내국인,의료웰니스업,6768467
27,대구광역시,202009,내국인,전체,398927917
27,대구광역시,202009,외지인,쇼핑업,205198085
27,대구광역시,202009,외지인,숙박업,3536603
27,대구광역시,202009,외지인,식음료업,92195371
27,대구광역시,202009,외지인,여가서비스업,6851740
27,대구광역시,202009,외지인,여행업,84987
27,대구광역시,202009,외지인,운송업,67484385
27,대구광역시,202009,외지인,의료웰니스업,6733455
27,대구광역시,202009,외지인,전체,382084625
27,대구광역시,202009,현지인,쇼핑업,15449020
27,대구광역시,202009,현지인,숙박업,843764
27,대구광역시,202009,현지인,여가서비스업,473128
27,대구광역시,202009,현지인,여행업,19000
27,대구광역시,202009,현지인,운송업,23368
27,대구광역시,202009,현지인,의료웰니스업,35012
27,대구광역시,202009,현지인,전체,16843292
27,대구광역시,202010,내국인,쇼핑업,219286347
27,대구광역시,202010,내국인,숙박업,4907661
27,대구광역시,202010,내국인,식음료업,100635526
27,대구광역시,202010,내국인,여가서비스업,9441065
27,대구광역시,202010,내국인,여행업,80349
27,대구광역시,202010,내국인,운송업,66488370
27,대구광역시,202010,내국인,의료웰니스업,6067079
27,대구광역시,202010,내국인,전체,406906398
27,대구광역시,202010,외지인,쇼핑업,201724898
27,대구광역시,202010,외지인,숙박업,3968183
27,대구광역시,202010,외지인,식음료업,100635526
27,대구광역시,202010,외지인,여가서비스업,8724594
27,대구광역시,202010,외지인,여행업,61079
27,대구광역시,202010,외지인,운송업,66457301
27,대구광역시,202010,외지인,의료웰니스업,6034720
27,대구광역시,202010,외지인,전체,387606303
27,대구광역시,202010,현지인,쇼핑업,17561449
27,대구광역시,202010,현지인,숙박업,939478
27,대구광역시,202010,현지인,여가서비스업,716471
27,대구광역시,202010,현지인,여행업,19270
27,대구광역시,202010,현지인,운송업,31068
27,대구광역시,202010,현지인,의료웰니스업,32359
27,대구광역시,202010,현지인,전체,19300095
27,대구광역시,202011,내국인,쇼핑업,214807036
27,대구광역시,202011,내국인,숙박업,5034361
27,대구광역시,202011,내국인,식음료업,98360862
27,대구광역시,202011,내국인,여가서비스업,7857046
27,대구광역시,202011,내국인,여행업,43361
27,대구광역시,202011,내국인,운송업,66320281
27,대구광역시,202011,내국인,의료웰니스업,6352209
27,대구광역시,202011,내국인,전체,398775156
27,대구광역시,202011,외지인,쇼핑업,197964393
27,대구광역시,202011,외지인,숙박업,4138417
27,대구광역시,202011,외지인,식음료업,98360862
27,대구광역시,202011,외지인,여가서비스업,7378506
27,대구광역시,202011,외지인,여행업,32794
27,대구광역시,202011,외지인,운송업,66295584
27,대구광역시,202011,외지인,의료웰니스업,6330594
27,대구광역시,202011,외지인,전체,380501150
27,대구광역시,202011,현지인,쇼핑업,16842642
27,대구광역시,202011,현지인,숙박업,895944
27,대구광역시,202011,현지인,여가서비스업,478541
27,대구광역시,202011,현지인,여행업,10567
27,대구광역시,202011,현지인,운송업,24697
27,대구광역시,202011,현지인,의료웰니스업,21615
27,대구광역시,202011,현지인,전체,18274006
27,대구광역시,202012,내국인,쇼핑업,216711467
27,대구광역시,202012,내국인,숙박업,4239620
27,대구광역시,202012,내국인,식음료업,80494618
27,대구광역시,202012,내국인,여가서비스업,5607234
27,대구광역시,202012,내국인,여행업,56143
27,대구광역시,202012,내국인,운송업,67861960
27,대구광역시,202012,내국인,의료웰니스업,6206772
27,대구광역시,202012,내국인,전체,381177814
27,대구광역시,202012,외지인,쇼핑업,200866511
27,대구광역시,202012,외지인,숙박업,3445072
27,대구광역시,202012,외지인,식음료업,80494618
27,대구광역시,202012,외지인,여가서비스업,5274650
27,대구광역시,202012,외지인,여행업,55181
27,대구광역시,202012,외지인,운송업,67835727
27,대구광역시,202012,외지인,의료웰니스업,6182781
27,대구광역시,202012,외지인,전체,364154539
27,대구광역시,202012,현지인,쇼핑업,15844957
27,대구광역시,202012,현지인,숙박업,794549
27,대구광역시,202012,현지인,여가서비스업,332584
27,대구광역시,202012,현지인,여행업,962
27,대구광역시,202012,현지인,운송업,26233
27,대구광역시,202012,현지인,의료웰니스업,23991
27,대구광역시,202012,현지인,전체,17023275
27,대구광역시,202101,내국인,쇼핑업,204370927
27,대구광역시,202101,내국인,숙박업,3309068
27,대구광역시,202101,내국인,식음료업,66470685
27,대구광역시,202101,내국인,여가서비스업,4764040
27,대구광역시,202101,내국인,여행업,28507
27,대구광역시,202101,내국인,운송업,63896171
27,대구광역시,202101,내국인,의료웰니스업,5669918
27,대구광역시,202101,내국인,전체,348509316
27,대구광역시,202101,외지인,쇼핑업,191190792
27,대구광역시,202101,외지인,숙박업,2674111
27,대구광역시,202101,외지인,식음료업,66470685
27,대구광역시,202101,외지인,여가서비스업,4458311
27,대구광역시,202101,외지인,여행업,27057
27,대구광역시,202101,외지인,운송업,63877908
27,대구광역시,202101,외지인,의료웰니스업,5622165
27,대구광역시,202101,외지인,전체,334321030
27,대구광역시,202101,현지인,쇼핑업,13180135
27,대구광역시,202101,현지인,숙박업,634957
27,대구광역시,202101,현지인,여가서비스업,305729
27,대구광역시,202101,현지인,여행업,1450
27,대구광역시,202101,현지인,운송업,18263
27,대구광역시,202101,현지인,의료웰니스업,47753
27,대구광역시,202101,현지인,전체,14188286
27,대구광역시,202102,내국인,쇼핑업,210731072
27,대구광역시,202102,내국인,숙박업,3711260
27,대구광역시,202102,내국인,식음료업,73397957
27,대구광역시,202102,내국인,여가서비스업,6747006
27,대구광역시,202102,내국인,여행업,31925
27,대구광역시,202102,내국인,운송업,62783528
27,대구광역시,202102,내국인,의료웰니스업,5815666
27,대구광역시,202102,내국인,전체,363218412
27,대구광역시,202102,외지인,쇼핑업,196680225
27,대구광역시,202102,외지인,숙박업,2930631
27,대구광역시,202102,외지인,식음료업,73397957
27,대구광역시,202102,외지인,여가서비스업,6234432
27,대구광역시,202102,외지인,여행업,31444
27,대구광역시,202102,외지인,운송업,62760877
27,대구광역시,202102,외지인,의료웰니스업,5786189
27,대구광역시,202102,외지인,전체,347821754
27,대구광역시,202102,현지인,쇼핑업,14050847
27,대구광역시,202102,현지인,숙박업,780629
27,대구광역시,202102,현지인,여가서비스업,512574
27,대구광역시,202102,현지인,여행업,481
27,대구광역시,202102,현지인,운송업,22651
27,대구광역시,202102,현지인,의료웰니스업,29477
27,대구광역시,202102,현지인,전체,15396658
27,대구광역시,202103,내국인,쇼핑업,231240982
27,대구광역시,202103,내국인,숙박업,4019292
27,대구광역시,202103,내국인,식음료업,88839074
27,대구광역시,202103,내국인,여가서비스업,7885807
27,대구광역시,202103,내국인,여행업,18674
27,대구광역시,202103,내국인,운송업,72920116
27,대구광역시,202103,내국인,의료웰니스업,6447916
27,대구광역시,202103,내국인,전체,411371861
27,대구광역시,202103,외지인,쇼핑업,214667166
27,대구광역시,202103,외지인,숙박업,3212785
27,대구광역시,202103,외지인,식음료업,88839074
27,대구광역시,202103,외지인,여가서비스업,7356761
27,대구광역시,202103,외지인,여행업,17232
27,대구광역시,202103,외지인,운송업,72900047
27,대구광역시,202103,외지인,의료웰니스업,6423134
27,대구광역시,202103,외지인,전체,393416197
27,대구광역시,202103,현지인,쇼핑업,16573817
27,대구광역시,202103,현지인,숙박업,806507
27,대구광역시,202103,현지인,여가서비스업,529046
27,대구광역시,202103,현지인,여행업,1442
27,대구광역시,202103,현지인,운송업,20069
27,대구광역시,202103,현지인,의료웰니스업,24782
27,대구광역시,202103,현지인,전체,17955664
27,대구광역시,202104,내국인,쇼핑업,220660812
27,대구광역시,202104,내국인,숙박업,4627611
27,대구광역시,202104,내국인,식음료업,92050209
27,대구광역시,202104,내국인,여가서비스업,8038725
27,대구광역시,202104,내국인,여행업,54024
27,대구광역시,202104,내국인,운송업,73226864
27,대구광역시,202104,내국인,의료웰니스업,6423008
27,대구광역시,202104,내국인,전체,405081253
27,대구광역시,202104,외지인,쇼핑업,205101700
27,대구광역시,202104,외지인,숙박업,3857127
27,대구광역시,202104,외지인,식음료업,92050209
27,대구광역시,202104,외지인,여가서비스업,7477266
27,대구광역시,202104,외지인,여행업,49074
27,대구광역시,202104,외지인,운송업,73192521
27,대구광역시,202104,외지인,의료웰니스업,6409583
27,대구광역시,202104,외지인,전체,388137479
27,대구광역시,202104,현지인,쇼핑업,15559113
27,대구광역시,202104,현지인,숙박업,770484
27,대구광역시,202104,현지인,여가서비스업,561459
27,대구광역시,202104,현지인,여행업,4950
27,대구광역시,202104,현지인,운송업,34343
27,대구광역시,202104,현지인,의료웰니스업,13425
27,대구광역시,202104,현지인,전체,16943775
27,대구광역시,202105,내국인,쇼핑업,240014909
27,대구광역시,202105,내국인,숙박업,5182374
27,대구광역시,202105,내국인,식음료업,98748074
27,대구광역시,202105,내국인,여가서비스업,9519534
27,대구광역시,202105,내국인,여행업,26821
27,대구광역시,202105,내국인,운송업,73823014
27,대구광역시,202105,내국인,의료웰니스업,6722212
27,대구광역시,202105,내국인,전체,434036938
27,대구광역시,202105,외지인,쇼핑업,223310573
27,대구광역시,202105,외지인,숙박업,4184089
27,대구광역시,202105,외지인,식음료업,98748074
27,대구광역시,202105,외지인,여가서비스업,8617483
27,대구광역시,202105,외지인,여행업,18253
27,대구광역시,202105,외지인,운송업,73795515
27,대구광역시,202105,외지인,의료웰니스업,6673908
27,대구광역시,202105,외지인,전체,415347895
27,대구광역시,202105,현지인,쇼핑업,16704336
27,대구광역시,202105,현지인,숙박업,998285
27,대구광역시,202105,현지인,여가서비스업,902050
27,대구광역시,202105,현지인,여행업,8567
27,대구광역시,202105,현지인,운송업,27499
27,대구광역시,202105,현지인,의료웰니스업,48304
27,대구광역시,202105,현지인,전체,18689043
27,대구광역시,202106,내국인,쇼핑업,216082240
27,대구광역시,202106,내국인,숙박업,4251357
27,대구광역시,202106,내국인,식음료업,80608443
27,대구광역시,202106,내국인,여가서비스업,7701137
27,대구광역시,202106,내국인,여행업,34734
27,대구광역시,202106,내국인,운송업,73981857
27,대구광역시,202106,내국인,의료웰니스업,6499605
27,대구광역시,202106,내국인,전체,389159374
27,대구광역시,202106,외지인,쇼핑업,201170944
27,대구광역시,202106,외지인,숙박업,3607508
27,대구광역시,202106,외지인,식음료업,80608443
27,대구광역시,202106,외지인,여가서비스업,7166669
27,대구광역시,202106,외지인,여행업,30781
27,대구광역시,202106,외지인,운송업,73958062
27,대구광역시,202106,외지인,의료웰니스업,6481602
27,대구광역시,202106,외지인,전체,373024010
27,대구광역시,202106,현지인,쇼핑업,14911296
27,대구광역시,202106,현지인,숙박업,643848
27,대구광역시,202106,현지인,여가서비스업,534468
27,대구광역시,202106,현지인,여행업,3954
27,대구광역시,202106,현지인,운송업,23795
27,대구광역시,202106,현지인,의료웰니스업,18003
27,대구광역시,202106,현지인,전체,16135364
27,대구광역시,202107,내국인,쇼핑업,215007330
27,대구광역시,202107,내국인,숙박업,4733127
27,대구광역시,202107,내국인,식음료업,90124058
27,대구광역시,202107,내국인,여가서비스업,8145945
27,대구광역시,202107,내국인,여행업,23309
27,대구광역시,202107,내국인,운송업,82822722
27,대구광역시,202107,내국인,의료웰니스업,6545472
27,대구광역시,202107,내국인,전체,407401962
27,대구광역시,202107,외지인,쇼핑업,200524135
27,대구광역시,202107,외지인,숙박업,4008678
27,대구광역시,202107,외지인,식음료업,90124058
27,대구광역시,202107,외지인,여가서비스업,7530814
27,대구광역시,202107,외지인,여행업,22503
27,대구광역시,202107,외지인,운송업,82786141
27,대구광역시,202107,외지인,의료웰니스업,6528089
27,대구광역시,202107,외지인,전체,391524417
27,대구광역시,202107,현지인,쇼핑업,14483195
27,대구광역시,202107,현지인,숙박업,724449
27,대구광역시,202107,현지인,여가서비스업,615131
27,대구광역시,202107,현지인,여행업,807
27,대구광역시,202107,현지인,운송업,36581
27,대구광역시,202107,현지인,의료웰니스업,17383
27,대구광역시,202107,현지인,전체,15877546
27,대구광역시,202108,내국인,쇼핑업,208860430
27,대구광역시,202108,내국인,숙박업,4848646
27,대구광역시,202108,내국인,식음료업,81496981
27,대구광역시,202108,내국인,여가서비스업,8181336
27,대구광역시,202108,내국인,여행업,43341
27,대구광역시,202108,내국인,운송업,79777725
27,대구광역시,202108,내국인,의료웰니스업,6130298
27,대구광역시,202108,내국인,전체,389338756
27,대구광역시,202108,외지인,쇼핑업,195739444
27,대구광역시,202108,외지인,숙박업,4042873
27,대구광역시,202108,외지인,식음료업,81496981
27,대구광역시,202108,외지인,여가서비스업,7499594
27,대구광역시,202108,외지인,여행업,42200
27,대구광역시,202108,외지인,운송업,79744297
27,대구광역시,202108,외지인,의료웰니스업,6111728
27,대구광역시,202108,외지인,전체,374677119
27,대구광역시,202108,현지인,쇼핑업,13120985
27,대구광역시,202108,현지인,숙박업,805773
27,대구광역시,202108,현지인,여가서비스업,681741
27,대구광역시,202108,현지인,여행업,1140
27,대구광역시,202108,현지인,운송업,33427
27,대구광역시,202108,현지인,의료웰니스업,18569
27,대구광역시,202108,현지인,전체,14661637
27,대구광역시,202109,내국인,쇼핑업,241398352
27,대구광역시,202109,내국인,숙박업,5107594
27,대구광역시,202109,내국인,식음료업,89820843
27,대구광역시,202109,내국인,여가서비스업,8964236
27,대구광역시,202109,내국인,여행업,55984
27,대구광역시,202109,내국인,운송업,79642561
27,대구광역시,202109,내국인,의료웰니스업,7841512
27,대구광역시,202109,내국인,전체,432831081
27,대구광역시,202109,외지인,쇼핑업,225290429
27,대구광역시,202109,외지인,숙박업,4160965
27,대구광역시,202109,외지인,식음료업,89820843
27,대구광역시,202109,외지인,여가서비스업,8261671
27,대구광역시,202109,외지인,여행업,53676
27,대구광역시,202109,외지인,운송업,79613031
27,대구광역시,202109,외지인,의료웰니스업,7782624
27,대구광역시,202109,외지인,전체,414983238
27,대구광역시,202109,현지인,쇼핑업,16107923
27,대구광역시,202109,현지인,숙박업,946629
27,대구광역시,202109,현지인,여가서비스업,702564
27,대구광역시,202109,현지인,여행업,2308
27,대구광역시,202109,현지인,운송업,29531
27,대구광역시,202109,현지인,의료웰니스업,58888
27,대구광역시,202109,현지인,전체,17847844
27,대구광역시,202110,내국인,쇼핑업,253370147
27,대구광역시,202110,내국인,숙박업,7076031
27,대구광역시,202110,내국인,식음료업,100855985
27,대구광역시,202110,내국인,여가서비스업,10601367
27,대구광역시,202110,내국인,여행업,48998
27,대구광역시,202110,내국인,운송업,85466213
27,대구광역시,202110,내국인,의료웰니스업,7075379
27,대구광역시,202110,내국인,전체,464494120
27,대구광역시,202110,외지인,쇼핑업,234061989
27,대구광역시,202110,외지인,숙박업,5889614
27,대구광역시,202110,외지인,식음료업,100855985
27,대구광역시,202110,외지인,여가서비스업,9847732
27,대구광역시,202110,외지인,여행업,39746
27,대구광역시,202110,외지인,운송업,85446841
27,대구광역시,202110,외지인,의료웰니스업,7057538
27,대구광역시,202110,외지인,전체,443199445
27,대구광역시,202110,현지인,쇼핑업,19308159
27,대구광역시,202110,현지인,숙박업,1186416
27,대구광역시,202110,현지인,여가서비스업,753635
27,대구광역시,202110,현지인,여행업,9252
27,대구광역시,202110,현지인,운송업,19372
27,대구광역시,202110,현지인,의료웰니스업,17841
27,대구광역시,202110,현지인,전체,21294675
27,대구광역시,202111,내국인,쇼핑업,245159635
27,대구광역시,202111,내국인,숙박업,6766254
27,대구광역시,202111,내국인,식음료업,104683685
27,대구광역시,202111,내국인,여가서비스업,10266127
27,대구광역시,202111,내국인,여행업,32245
27,대구광역시,202111,내국인,운송업,87920511
27,대구광역시,202111,내국인,의료웰니스업,7064506
27,대구광역시,202111,내국인,전체,461892963
27,대구광역시,202111,외지인,쇼핑업,226392159
27,대구광역시,202111,외지인,숙박업,5651837
27,대구광역시,202111,외지인,식음료업,104683685
27,대구광역시,202111,외지인,여가서비스업,9512973
27,대구광역시,202111,외지인,여행업,27696
27,대구광역시,202111,외지인,운송업,87902663
27,대구광역시,202111,외지인,의료웰니스업,7037780
27,대구광역시,202111,외지인,전체,441208793
27,대구광역시,202111,현지인,쇼핑업,18767475
27,대구광역시,202111,현지인,숙박업,1114417
27,대구광역시,202111,현지인,여가서비스업,753154
27,대구광역시,202111,현지인,여행업,4549
27,대구광역시,202111,현지인,운송업,17848
27,대구광역시,202111,현지인,의료웰니스업,26726
27,대구광역시,202111,현지인,전체,20684170
27,대구광역시,202112,내국인,쇼핑업,255645418
27,대구광역시,202112,내국인,숙박업,6187161
27,대구광역시,202112,내국인,식음료업,98823286
27,대구광역시,202112,내국인,여가서비스업,8174162
27,대구광역시,202112,내국인,여행업,14666
27,대구광역시,202112,내국인,운송업,87508583
27,대구광역시,202112,내국인,의료웰니스업,7481108
27,대구광역시,202112,내국인,전체,463834384
27,대구광역시,202112,외지인,쇼핑업,236884805
27,대구광역시,202112,외지인,숙박업,5045343
27,대구광역시,202112,외지인,식음료업,98823286
27,대구광역시,202112,외지인,여가서비스업,7512194
27,대구광역시,202112,외지인,여행업,13742
27,대구광역시,202112,외지인,운송업,87484392
27,대구광역시,202112,외지인,의료웰니스업,7431468
27,대구광역시,202112,외지인,전체,443195230
27,대구광역시,202112,현지인,쇼핑업,18760613
27,대구광역시,202112,현지인,숙박업,1141817
27,대구광역시,202112,현지인,여가서비스업,661968
27,대구광역시,202112,현지인,여행업,924
27,대구광역시,202112,현지인,운송업,24192
27,대구광역시,202112,현지인,의료웰니스업,49640
27,대구광역시,202112,현지인,전체,20639154
27,대구광역시,202201,내국인,쇼핑업,260678288
27,대구광역시,202201,내국인,숙박업,4796507
27,대구광역시,202201,내국인,식음료업,86335891
27,대구광역시,202201,내국인,여가서비스업,7365581
27,대구광역시,202201,내국인,여행업,29855
27,대구광역시,202201,내국인,운송업,80604497
27,대구광역시,202201,내국인,의료웰니스업,6943881
27,대구광역시,202201,내국인,전체,446754501
27,대구광역시,202201,외지인,쇼핑업,243723582
27,대구광역시,202201,외지인,숙박업,3966636
27,대구광역시,202201,외지인,식음료업,86335891
27,대구광역시,202201,외지인,여가서비스업,6766309
27,대구광역시,202201,외지인,여행업,28263
27,대구광역시,202201,외지인,운송업,80583534
27,대구광역시,202201,외지인,의료웰니스업,6910071
27,대구광역시,202201,외지인,전체,428314287
27,대구광역시,202201,현지인,쇼핑업,16954706
27,대구광역시,202201,현지인,숙박업,829871
27,대구광역시,202201,현지인,여가서비스업,599272
27,대구광역시,202201,현지인,여행업,1592
27,대구광역시,202201,현지인,운송업,20962
27,대구광역시,202201,현지인,의료웰니스업,33810
27,대구광역시,202201,현지인,전체,18440213
27,대구광역시,202202,내국인,쇼핑업,209680169
27,대구광역시,202202,내국인,숙박업,4398285
27,대구광역시,202202,내국인,식음료업,66065672
27,대구광역시,202202,내국인,여가서비스업,6097545
27,대구광역시,202202,내국인,여행업,52670
27,대구광역시,202202,내국인,운송업,69996595
27,대구광역시,202202,내국인,의료웰니스업,5618049
27,대구광역시,202202,내국인,전체,361908985
27,대구광역시,202202,외지인,쇼핑업,196051398
27,대구광역시,202202,외지인,숙박업,3547081
27,대구광역시,202202,외지인,식음료업,66065672
27,대구광역시,202202,외지인,여가서비스업,5582884
27,대구광역시,202202,외지인,여행업,52438
27,대구광역시,202202,외지인,운송업,69919855
27,대구광역시,202202,외지인,의료웰니스업,5597542
27,대구광역시,202202,외지인,전체,346816870
27,대구광역시,202202,현지인,쇼핑업,13628771
27,대구광역시,202202,현지인,숙박업,851204
27,대구광역시,202202,현지인,여가서비스업,514661
27,대구광역시,202202,현지인,여행업,232
27,대구광역시,202202,현지인,운송업,76740
27,대구광역시,202202,현지인,의료웰니스업,20507
27,대구광역시,202202,현지인,전체,15092115
27,대구광역시,202203,내국인,쇼핑업,236229980
27,대구광역시,202203,내국인,숙박업,5141585
27,대구광역시,202203,내국인,식음료업,84476109
27,대구광역시,202203,내국인,여가서비스업,8076403
27,대구광역시,202203,내국인,여행업,49210
27,대구광역시,202203,내국인,운송업,86050503
27,대구광역시,202203,내국인,의료웰니스업,6913269
27,대구광역시,202203,내국인,전체,426937061
27,대구광역시,202203,외지인,쇼핑업,219903574
27,대구광역시,202203,외지인,숙박업,4088872
27,대구광역시,202203,외지인,식음료업,84476109
27,대구광역시,202203,외지인,여가서비스업,7494249
27,대구광역시,202203,외지인,여행업,38996
27,대구광역시,202203,외지인,운송업,85927997
27,대구광역시,202203,외지인,의료웰니스업,6885443
27,대구광역시,202203,외지인,전체,408815240
27,대구광역시,202203,현지인,쇼핑업,16326406
27,대구광역시,202203,현지인,숙박업,1052713
27,대구광역시,202203,현지인,여가서비스업,582154
27,대구광역시,202203,현지인,여행업,10214
27,대구광역시,202203,현지인,운송업,122506
27,대구광역시,202203,현지인,의료웰니스업,27827
27,대구광역시,202203,현지인,전체,18121821
27,대구광역시,202204,내국인,쇼핑업,243221065
27,대구광역시,202204,내국인,숙박업,7004799
27,대구광역시,202204,내국인,식음료업,104112869
27,대구광역시,202204,내국인,여가서비스업,11018396
27,대구광역시,202204,내국인,여행업,90412
27,대구광역시,202204,내국인,운송업,95194292
27,대구광역시,202204,내국인,의료웰니스업,6758706
27,대구광역시,202204,내국인,전체,467400539
27,대구광역시,202204,외지인,쇼핑업,225337027
27,대구광역시,202204,외지인,숙박업,5874399
27,대구광역시,202204,외지인,식음료업,104112869
27,대구광역시,202204,외지인,여가서비스업,10281229
27,대구광역시,202204,외지인,여행업,69312
27,대구광역시,202204,외지인,운송업,95172487
27,대구광역시,202204,외지인,의료웰니스업,6721387
27,대구광역시,202204,외지인,전체,447568709
27,대구광역시,202204,현지인,쇼핑업,17884038
27,대구광역시,202204,현지인,숙박업,1130400
27,대구광역시,202204,현지인,여가서비스업,737168
27,대구광역시,202204,현지인,여행업,21100
27,대구광역시,202204,현지인,운송업,21805
27,대구광역시,202204,현지인,의료웰니스업,37319
27,대구광역시,202204,현지인,전체,19831829
27,대구광역시,202205,내국인,쇼핑업,264345184
27,대구광역시,202205,내국인,숙박업,7009795
27,대구광역시,202205,내국인,식음료업,124606473
27,대구광역시,202205,내국인,여가서비스업,13900461
27,대구광역시,202205,내국인,여행업,107597
27,대구광역시,202205,내국인,운송업,100089612
27,대구광역시,202205,내국인,의료웰니스업,7856696
27,대구광역시,202205,내국인,전체,517915817
27,대구광역시,202205,외지인,쇼핑업,245106211
27,대구광역시,202205,외지인,숙박업,5681404
27,대구광역시,202205,외지인,식음료업,124606473
27,대구광역시,202205,외지인,여가서비스업,12496370
27,대구광역시,202205,외지인,여행업,87758
27,대구광역시,202205,외지인,운송업,100037782
27,대구광역시,202205,외지인,의료웰니스업,7769338
27,대구광역시,202205,외지인,전체,495785335
27,대구광역시,202205,현지인,쇼핑업,19238973
27,대구광역시,202205,현지인,숙박업,1328392
27,대구광역시,202205,현지인,여가서비스업,1404091
27,대구광역시,202205,현지인,여행업,19839
27,대구광역시,202205,현지인,운송업,51830
27,대구광역시,202205,현지인,의료웰니스업,87357
27,대구광역시,202205,현지인,전체,22130482
27,대구광역시,202206,내국인,쇼핑업,231458543
27,대구광역시,202206,내국인,숙박업,7080807
27,대구광역시,202206,내국인,식음료업,112955431
27,대구광역시,202206,내국인,여가서비스업,12176307
27,대구광역시,202206,내국인,여행업,86626
27,대구광역시,202206,내국인,운송업,101675921
27,대구광역시,202206,내국인,의료웰니스업,7403556
27,대구광역시,202206,내국인,전체,472837190
27,대구광역시,202206,외지인,쇼핑업,215129056
27,대구광역시,202206,외지인,숙박업,6056800
27,대구광역시,202206,외지인,식음료업,112955431
27,대구광역시,202206,외지인,여가서비스업,11049086
27,대구광역시,202206,외지인,여행업,80231
27,대구광역시,202206,외지인,운송업,101651127
27,대구광역시,202206,외지인,의료웰니스업,7384649
27,대구광역시,202206,외지인,전체,454306381
27,대구광역시,202206,현지인,쇼핑업,16329486
27,대구광역시,202206,현지인,숙박업,1024007
27,대구광역시,202206,현지인,여가서비스업,1127220
27,대구광역시,202206,현지인,여행업,6394
27,대구광역시,202206,현지인,운송업,24794
27,대구광역시,202206,현지인,의료웰니스업,18907
27,대구광역시,202206,현지인,전체,18530809
27,대구광역시,202207,내국인,쇼핑업,237741307
27,대구광역시,202207,내국인,숙박업,6180392
27,대구광역시,202207,내국인,식음료업,120125844
27,대구광역시,202207,내국인,여가서비스업,12494829
27,대구광역시,202207,내국인,여행업,139951
27,대구광역시,202207,내국인,운송업,111394116
27,대구광역시,202207,내국인,의료웰니스업,7529163
27,대구광역시,202207,내국인,전체,495605603
27,대구광역시,202207,외지인,쇼핑업,222191166
27,대구광역시,202207,외지인,숙박업,5082228
27,대구광역시,202207,외지인,식음료업,120125844
27,대구광역시,202207,외지인,여가서비스업,11408757
27,대구광역시,202207,외지인,여행업,130051
27,대구광역시,202207,외지인,운송업,111358232
27,대구광역시,202207,외지인,의료웰니스업,7510205
27,대구광역시,202207,외지인,전체,477806484
27,대구광역시,202207,현지인,쇼핑업,15550140
27,대구광역시,202207,현지인,숙박업,1098165
27,대구광역시,202207,현지인,여가서비스업,1086072
27,대구광역시,202207,현지인,여행업,9900
27,대구광역시,202207,현지인,운송업,35884
27,대구광역시,202207,현지인,의료웰니스업,18958
27,대구광역시,202207,현지인,전체,17799119
27,대구광역시,202208,내국인,쇼핑업,227659414
27,대구광역시,202208,내국인,숙박업,6621114
27,대구광역시,202208,내국인,식음료업,114871973
27,대구광역시,202208,내국인,여가서비스업,12428491
27,대구광역시,202208,내국인,여행업,121075
27,대구광역시,202208,내국인,운송업,101512682
27,대구광역시,202208,내국인,의료웰니스업,7251333
27,대구광역시,202208,내국인,전체,470466082
27,대구광역시,202208,외지인,쇼핑업,213627579
27,대구광역시,202208,외지인,숙박업,5411726
27,대구광역시,202208,외지인,식음료업,114871973
27,대구광역시,202208,외지인,여가서비스업,11326602
27,대구광역시,202208,외지인,여행업,118130
27,대구광역시,202208,외지인,운송업,101475752
27,대구광역시,202208,외지인,의료웰니스업,7209846
27,대구광역시,202208,외지인,전체,454041607
27,대구광역시,202208,현지인,쇼핑업,14031835
27,대구광역시,202208,현지인,숙박업,1209389
27,대구광역시,202208,현지인,여가서비스업,1101889
27,대구광역시,202208,현지인,여행업,2945
27,대구광역시,202208,현지인,운송업,36930
27,대구광역시,202208,현지인,의료웰니스업,41487
27,대구광역시,202208,현지인,전체,16424475
27,대구광역시,202209,내국인,쇼핑업,245965692
27,대구광역시,202209,내국인,숙박업,6253636
27,대구광역시,202209,내국인,식음료업,114970444
27,대구광역시,202209,내국인,여가서비스업,12645810
27,대구광역시,202209,내국인,여행업,178943
27,대구광역시,202209,내국인,운송업,94053253
27,대구광역시,202209,내국인,의료웰니스업,7977246
27,대구광역시,202209,내국인,전체,482045024
27,대구광역시,202209,외지인,쇼핑업,229796970
27,대구광역시,202209,외지인,숙박업,5008058
27,대구광역시,202209,외지인,식음료업,114970444
27,대구광역시,202209,외지인,여가서비스업,11783418
27,대구광역시,202209,외지인,여행업,155313
27,대구광역시,202209,외지인,운송업,94012928
27,대구광역시,202209,외지인,의료웰니스업,7874555
27,대구광역시,202209,외지인,전체,463601685
27,대구광역시,202209,현지인,쇼핑업,16168722
27,대구광역시,202209,현지인,숙박업,1245578
27,대구광역시,202209,현지인,여가서비스업,862392
27,대구광역시,202209,현지인,여행업,23629
27,대구광역시,202209,현지인,운송업,40325
27,대구광역시,202209,현지인,의료웰니스업,102692
27,대구광역시,202209,현지인,전체,18443339
27,대구광역시,202210,내국인,쇼핑업,278380234
27,대구광역시,202210,내국인,숙박업,8486938
27,대구광역시,202210,내국인,식음료업,136022191
27,대구광역시,202210,내국인,여가서비스업,14907938
27,대구광역시,202210,내국인,여행업,165139
27,대구광역시,202210,내국인,운송업,103116120
27,대구광역시,202210,내국인,의료웰니스업,8472725
27,대구광역시,202210,내국인,전체,549551286
27,대구광역시,202210,외지인,쇼핑업,257944801
27,대구광역시,202210,외지인,숙박업,6859386
27,대구광역시,202210,외지인,식음료업,136022191
27,대구광역시,202210,외지인,여가서비스업,14043556
27,대구광역시,202210,외지인,여행업,162032
27,대구광역시,202210,외지인,운송업,103080778
27,대구광역시,202210,외지인,의료웰니스업,8409805
27,대구광역시,202210,외지인,전체,526522547
27,대구광역시,202210,현지인,쇼핑업,20435433
27,대구광역시,202210,현지인,숙박업,1627552
27,대구광역시,202210,현지인,여가서비스업,864383
27,대구광역시,202210,현지인,여행업,3107
27,대구광역시,202210,현지인,운송업,35343
27,대구광역시,202210,현지인,의료웰니스업,62921
27,대구광역시,202210,현지인,전체,23028738
27,대구광역시,202211,내국인,쇼핑업,255413348
27,대구광역시,202211,내국인,숙박업,8142977
27,대구광역시,202211,내국인,식음료업,121156723
27,대구광역시,202211,내국인,여가서비스업,12579330
27,대구광역시,202211,내국인,여행업,200711
27,대구광역시,202211,내국인,운송업,110309974
27,대구광역시,202211,내국인,의료웰니스업,7963762
27,대구광역시,202211,내국인,전체,515766825
27,대구광역시,202211,외지인,쇼핑업,236709885
27,대구광역시,202211,외지인,숙박업,6636818
27,대구광역시,202211,외지인,식음료업,121156723
27,대구광역시,202211,외지인,여가서비스업,11685745
27,대구광역시,202211,외지인,여행업,196482
27,대구광역시,202211,외지인,운송업,110229152
27,대구광역시,202211,외지인,의료웰니스업,7859661
27,대구광역시,202211,외지인,전체,494474465
27,대구광역시,202211,현지인,쇼핑업,18703463
27,대구광역시,202211,현지인,숙박업,1506160
27,대구광역시,202211,현지인,여가서비스업,893585
27,대구광역시,202211,현지인,여행업,4229
27,대구광역시,202211,현지인,운송업,80822
27,대구광역시,202211,현지인,의료웰니스업,104101
27,대구광역시,202211,현지인,전체,21292359
27,대구광역시,202212,내국인,쇼핑업,279971282
27,대구광역시,202212,내국인,숙박업,8979203
27,대구광역시,202212,내국인,식음료업,133905003
27,대구광역시,202212,내국인,여가서비스업,11855455
27,대구광역시,202212,내국인,여행업,310277
27,대구광역시,202212,내국인,운송업,106339077
27,대구광역시,202212,내국인,의료웰니스업,8886994
27,대구광역시,202212,내국인,전체,550247292
27,대구광역시,202212,외지인,쇼핑업,259694971
27,대구광역시,202212,외지인,숙박업,7380702
27,대구광역시,202212,외지인,식음료업,133905003
27,대구광역시,202212,외지인,여가서비스업,10847039
27,대구광역시,202212,외지인,여행업,299050
27,대구광역시,202212,외지인,운송업,106249542
27,대구광역시,202212,외지인,의료웰니스업,8796041
27,대구광역시,202212,외지인,전체,527172348
27,대구광역시,202212,현지인,쇼핑업,20276311
27,대구광역시,202212,현지인,숙박업,1598501
27,대구광역시,202212,현지인,여가서비스업,1008416
27,대구광역시,202212,현지인,여행업,11228
27,대구광역시,202212,현지인,운송업,89535
27,대구광역시,202212,현지인,의료웰니스업,90953
27,대구광역시,202212,현지인,전체,23074944
27,대구광역시,202301,내국인,쇼핑업,267256897
27,대구광역시,202301,내국인,숙박업,6428492
27,대구광역시,202301,내국인,식음료업,123390965
27,대구광역시,202301,내국인,여가서비스업,11180005
27,대구광역시,202301,내국인,여행업,349418
27,대구광역시,202301,내국인,운송업,90867136
27,대구광역시,202301,내국인,의료웰니스업,8249267
27,대구광역시,202301,내국인,전체,507722181
27,대구광역시,202301,외지인,쇼핑업,251310192
27,대구광역시,202301,외지인,숙박업,5129663
27,대구광역시,202301,외지인,식음료업,123390965
27,대구광역시,202301,외지인,여가서비스업,10252493
27,대구광역시,202301,외지인,여행업,347572
27,대구광역시,202301,외지인,운송업,90833737
27,대구광역시,202301,외지인,의료웰니스업,8107200
27,대구광역시,202301,외지인,전체,489371824
27,대구광역시,202301,현지인,쇼핑업,15946705
27,대구광역시,202301,현지인,숙박업,1298829
27,대구광역시,202301,현지인,여가서비스업,927512
27,대구광역시,202301,현지인,여행업,1846
27,대구광역시,202301,현지인,운송업,33399
27,대구광역시,202301,현지인,의료웰니스업,142067
27,대구광역시,202301,현지인,전체,18350358
27,대구광역시,202302,내국인,쇼핑업,227097410
27,대구광역시,202302,내국인,숙박업,6961835
27,대구광역시,202302,내국인,식음료업,115085037
27,대구광역시,202302,내국인,여가서비스업,11247692
27,대구광역시,202302,내국인,여행업,490794
27,대구광역시,202302,내국인,운송업,84555346
27,대구광역시,202302,내국인,의료웰니스업,7874536
27,대구광역시,202302,내국인,전체,453312650
27,대구광역시,202302,외지인,쇼핑업,212618807
27,대구광역시,202302,외지인,숙박업,5593318
27,대구광역시,202302,외지인,식음료업,115085037
27,대구광역시,202302,외지인,여가서비스업,10330708
27,대구광역시,202302,외지인,여행업,454946
27,대구광역시,202302,외지인,운송업,84522015
27,대구광역시,202302,외지인,의료웰니스업,7803512
27,대구광역시,202302,외지인,전체,436408342
27,대구광역시,202302,현지인,쇼핑업,14478603
27,대구광역시,202302,현지인,숙박업,1368518
27,대구광역시,202302,현지인,여가서비스업,916984
27,대구광역시,202302,현지인,여행업,35847
27,대구광역시,202302,현지인,운송업,33331
27,대구광역시,202302,현지인,의료웰니스업,71024
27,대구광역시,202302,현지인,전체,16904308
27,대구광역시,202303,내국인,쇼핑업,247607964
27,대구광역시,202303,내국인,숙박업,6561384
27,대구광역시,202303,내국인,식음료업,126519045
27,대구광역시,202303,내국인,여가서비스업,13237437
27,대구광역시,202303,내국인,여행업,375078
27,대구광역시,202303,내국인,운송업,87501800
27,대구광역시,202303,내국인,의료웰니스업,9440314
27,대구광역시,202303,내국인,전체,491243023
27,대구광역시,202303,외지인,쇼핑업,230572464
27,대구광역시,202303,외지인,숙박업,5508186
27,대구광역시,202303,외지인,식음료업,126519045
27,대구광역시,202303,외지인,여가서비스업,12317751
27,대구광역시,202303,외지인,여행업,324888
27,대구광역시,202303,외지인,운송업,87442934
27,대구광역시,202303,외지인,의료웰니스업,9369826
27,대구광역시,202303,외지인,전체,472055095
27,대구광역시,202303,현지인,쇼핑업,17035499
27,대구광역시,202303,현지인,숙박업,1053198
27,대구광역시,202303,현지인,여가서비스업,919686
27,대구광역시,202303,현지인,여행업,50190
27,대구광역시,202303,현지인,운송업,58866
27,대구광역시,202303,현지인,의료웰니스업,70488
27,대구광역시,202303,현지인,전체,19187928
27,대구광역시,202304,내국인,쇼핑업,246531058
27,대구광역시,202304,내국인,숙박업,8113145
27,대구광역시,202304,내국인,식음료업,127229743
27,대구광역시,202304,내국인,여가서비스업,13969408
27,대구광역시,202304,내국인,여행업,342408
27,대구광역시,202304,내국인,운송업,86663785
27,대구광역시,202304,내국인,의료웰니스업,8168092
27,대구광역시,202304,내국인,전체,491017640
27,대구광역시,202304,외지인,쇼핑업,230166883
27,대구광역시,202304,외지인,숙박업,6442074
27,대구광역시,202304,외지인,식음료업,127229743
27,대구광역시,202304,외지인,여가서비스업,12960636
27,대구광역시,202304,외지인,여행업,325365
27,대구광역시,202304,외지인,운송업,86611623
27,대구광역시,202304,외지인,의료웰니스업,8085348
27,대구광역시,202304,외지인,전체,471821673
27,대구광역시,202304,현지인,쇼핑업,16364175
27,대구광역시,202304,현지인,숙박업,1671071
27,대구광역시,202304,현지인,여가서비스업,1008771
27,대구광역시,202304,현지인,여행업,17043
27,대구광역시,202304,현지인,운송업,52162
27,대구광역시,202304,현지인,의료웰니스업,82744
27,대구광역시,202304,현지인,전체,19195967
27,대구광역시,202305,내국인,쇼핑업,255632061
27,대구광역시,202305,내국인,숙박업,7758666
27,대구광역시,202305,내국인,식음료업,135225185
27,대구광역시,202305,내국인,여가서비스업,14379213
27,대구광역시,202305,내국인,여행업,393306
27,대구광역시,202305,내국인,운송업,91808200
27,대구광역시,202305,내국인,의료웰니스업,8998896
27,대구광역시,202305,내국인,전체,514195527
27,대구광역시,202305,외지인,쇼핑업,237851410
27,대구광역시,202305,외지인,숙박업,6471520
27,대구광역시,202305,외지인,식음료업,135225185
27,대구광역시,202305,외지인,여가서비스업,13263926
27,대구광역시,202305,외지인,여행업,348653
27,대구광역시,202305,외지인,운송업,91731563
27,대구광역시,202305,외지인,의료웰니스업,8893434
27,대구광역시,202305,외지인,전체,493785689
27,대구광역시,202305,현지인,쇼핑업,17780652
27,대구광역시,202305,현지인,숙박업,1287147
27,대구광역시,202305,현지인,여가서비스업,1115287
27,대구광역시,202305,현지인,여행업,44653
27,대구광역시,202305,현지인,운송업,76637
27,대구광역시,202305,현지인,의료웰니스업,105462
27,대구광역시,202305,현지인,전체,20409837
27,대구광역시,202306,내국인,쇼핑업,233391080
27,대구광역시,202306,내국인,숙박업,6722025
27,대구광역시,202306,내국인,식음료업,125550523
27,대구광역시,202306,내국인,여가서비스업,13927624
27,대구광역시,202306,내국인,여행업,455266
27,대구광역시,202306,내국인,운송업,92045683
27,대구광역시,202306,내국인,의료웰니스업,9146126
27,대구광역시,202306,내국인,전체,481238326
27,대구광역시,202306,외지인,쇼핑업,218459481
27,대구광역시,202306,외지인,숙박업,5408867
27,대구광역시,202306,외지인,식음료업,125550523
27,대구광역시,202306,외지인,여가서비스업,12793826
27,대구광역시,202306,외지인,여행업,374038
27,대구광역시,202306,외지인,운송업,91983050
27,대구광역시,202306,외지인,의료웰니스업,9102786
27,대구광역시,202306,외지인,전체,463672572
27,대구광역시,202306,현지인,쇼핑업,14931599
27,대구광역시,202306,현지인,숙박업,1313158
27,대구광역시,202306,현지인,여가서비스업,1133798
27,대구광역시,202306,현지인,여행업,81228
27,대구광역시,202306,현지인,운송업,62633
27,대구광역시,202306,현지인,의료웰니스업,43340
27,대구광역시,202306,현지인,전체,17565754
27,대구광역시,202307,내국인,쇼핑업,235891633
27,대구광역시,202307,내국인,숙박업,6384033
27,대구광역시,202307,내국인,식음료업,130499720
27,대구광역시,202307,내국인,여가서비스업,13447238
27,대구광역시,202307,내국인,여행업,422125
27,대구광역시,202307,내국인,운송업,99330726
27,대구광역시,202307,내국인,의료웰니스업,8876533
27,대구광역시,202307,내국인,전체,494852007
27,대구광역시,202307,외지인,쇼핑업,220941758
27,대구광역시,202307,외지인,숙박업,5337170
27,대구광역시,202307,외지인,식음료업,130499720
27,대구광역시,202307,외지인,여가서비스업,12423327
27,대구광역시,202307,외지인,여행업,370130
27,대구광역시,202307,외지인,운송업,99244400
27,대구광역시,202307,외지인,의료웰니스업,8834208
27,대구광역시,202307,외지인,전체,477650713
27,대구광역시,202307,현지인,쇼핑업,14949874
27,대구광역시,202307,현지인,숙박업,1046863
27,대구광역시,202307,현지인,여가서비스업,1023911
27,대구광역시,202307,현지인,여행업,51995
27,대구광역시,202307,현지인,운송업,86326
27,대구광역시,202307,현지인,의료웰니스업,42325
27,대구광역시,202307,현지인,전체,17201294
27,대구광역시,202308,내국인,쇼핑업,224242196
27,대구광역시,202308,내국인,숙박업,7034237
27,대구광역시,202308,내국인,식음료업,127809716
27,대구광역시,202308,내국인,여가서비스업,13426133
27,대구광역시,202308,내국인,여행업,455050
27,대구광역시,202308,내국인,운송업,98218505
27,대구광역시,202308,내국인,의료웰니스업,8578320
27,대구광역시,202308,내국인,전체,479764156
27,대구광역시,202308,외지인,쇼핑업,210767607
27,대구광역시,202308,외지인,숙박업,5894681
27,대구광역시,202308,외지인,식음료업,127809716
27,대구광역시,202308,외지인,여가서비스업,12296119
27,대구광역시,202308,외지인,여행업,390227
27,대구광역시,202308,외지인,운송업,98147296
27,대구광역시,202308,외지인,의료웰니스업,8516266
27,대구광역시,202308,외지인,전체,463821913
27,대구광역시,202308,현지인,쇼핑업,13474588
27,대구광역시,202308,현지인,숙박업,1139555
27,대구광역시,202308,현지인,여가서비스업,1130014
27,대구광역시,202308,현지인,여행업,64823
27,대구광역시,202308,현지인,운송업,71209
27,대구광역시,202308,현지인,의료웰니스업,62054
27,대구광역시,202308,현지인,전체,15942243
27,대구광역시,202309,내국인,쇼핑업,259448676
27,대구광역시,202309,내국인,숙박업,7688494
27,대구광역시,202309,내국인,식음료업,128721919
27,대구광역시,202309,내국인,여가서비스업,13049695
27,대구광역시,202309,내국인,여행업,517105
27,대구광역시,202309,내국인,운송업,98406154
27,대구광역시,202309,내국인,의료웰니스업,9329218
27,대구광역시,202309,내국인,전체,517161261
27,대구광역시,202309,외지인,쇼핑업,244064673
27,대구광역시,202309,외지인,숙박업,6400240
27,대구광역시,202309,외지인,식음료업,128721919
27,대구광역시,202309,외지인,여가서비스업,12238718
27,대구광역시,202309,외지인,여행업,464850
27,대구광역시,202309,외지인,운송업,98354575
27,대구광역시,202309,외지인,의료웰니스업,9184257
27,대구광역시,202309,외지인,전체,499429230
27,대구광역시,202309,현지인,쇼핑업,15384004
27,대구광역시,202309,현지인,숙박업,1288254
27,대구광역시,202309,현지인,여가서비스업,810978
27,대구광역시,202309,현지인,여행업,52255
27,대구광역시,202309,현지인,운송업,51579
27,대구광역시,202309,현지인,의료웰니스업,144961
27,대구광역시,202309,현지인,전체,17732030
27,대구광역시,202310,내국인,쇼핑업,262169272
27,대구광역시,202310,내국인,숙박업,8234132
27,대구광역시,202310,내국인,식음료업,127797255
27,대구광역시,202310,내국인,여가서비스업,15019047
27,대구광역시,202310,내국인,여행업,531287
27,대구광역시,202310,내국인,운송업,105457114
27,대구광역시,202310,내국인,의료웰니스업,8504206
27,대구광역시,202310,내국인,전체,527712312
27,대구광역시,202310,외지인,쇼핑업,243183925
27,대구광역시,202310,외지인,숙박업,6910266
27,대구광역시,202310,외지인,식음료업,127797255
27,대구광역시,202310,외지인,여가서비스업,14177994
27,대구광역시,202310,외지인,여행업,487294
27,대구광역시,202310,외지인,운송업,105403236
27,대구광역시,202310,외지인,의료웰니스업,8411659
27,대구광역시,202310,외지인,전체,506371627
27,대구광역시,202310,현지인,쇼핑업,18985347
27,대구광역시,202310,현지인,숙박업,1323866
27,대구광역시,202310,현지인,여가서비스업,841053
27,대구광역시,202310,현지인,여행업,43993
27,대구광역시,202310,현지인,운송업,53878
27,대구광역시,202310,현지인,의료웰니스업,92547
27,대구광역시,202310,현지인,전체,21340685
27,대구광역시,202311,내국인,쇼핑업,249035199
27,대구광역시,202311,내국인,숙박업,7842700
27,대구광역시,202311,내국인,식음료업,116145694
27,대구광역시,202311,내국인,여가서비스업,12204616
27,대구광역시,202311,내국인,여행업,405517
27,대구광역시,202311,내국인,운송업,101651510
27,대구광역시,202311,내국인,의료웰니스업,8257005
27,대구광역시,202311,내국인,전체,495542240
27,대구광역시,202311,외지인,쇼핑업,231091322
27,대구광역시,202311,외지인,숙박업,6351011
27,대구광역시,202311,외지인,식음료업,116145694
27,대구광역시,202311,외지인,여가서비스업,11473782
27,대구광역시,202311,외지인,여행업,337417
27,대구광역시,202311,외지인,운송업,101586561
27,대구광역시,202311,외지인,의료웰니스업,8192907
27,대구광역시,202311,외지인,전체,475178694
27,대구광역시,202311,현지인,쇼핑업,17943877
27,대구광역시,202311,현지인,숙박업,1491689
27,대구광역시,202311,현지인,여가서비스업,730834
27,대구광역시,202311,현지인,여행업,68100
27,대구광역시,202311,현지인,운송업,64949
27,대구광역시,202311,현지인,의료웰니스업,64098
27,대구광역시,202311,현지인,전체,20363546
27,대구광역시,202312,내국인,쇼핑업,283406849
27,대구광역시,202312,내국인,숙박업,9257672
27,대구광역시,202312,내국인,식음료업,141367735
27,대구광역시,202312,내국인,여가서비스업,12694184
27,대구광역시,202312,내국인,여행업,634412
27,대구광역시,202312,내국인,운송업,98358798
27,대구광역시,202312,내국인,의료웰니스업,9525073
27,대구광역시,202312,내국인,전체,555244722
27,대구광역시,202312,외지인,쇼핑업,264518623
27,대구광역시,202312,외지인,숙박업,7456220
27,대구광역시,202312,외지인,식음료업,141367735
27,대구광역시,202312,외지인,여가서비스업,11557306
27,대구광역시,202312,외지인,여행업,552529
27,대구광역시,202312,외지인,운송업,98309065
27,대구광역시,202312,외지인,의료웰니스업,9436533
27,대구광역시,202312,외지인,전체,533198012
27,대구광역시,202312,현지인,쇼핑업,18888225
27,대구광역시,202312,현지인,숙박업,1801452
27,대구광역시,202312,현지인,여가서비스업,1136877
27,대구광역시,202312,현지인,여행업,81883
27,대구광역시,202312,현지인,운송업,49733
27,대구광역시,202312,현지인,의료웰니스업,88540
27,대구광역시,202312,현지인,전체,22046710
27,대구광역시,202401,내국인,쇼핑업,255020885
27,대구광역시,202401,내국인,숙박업,6335040
27,대구광역시,202401,내국인,식음료업,123898653
27,대구광역시,202401,내국인,여가서비스업,10270987
27,대구광역시,202401,내국인,여행업,865722
27,대구광역시,202401,내국인,운송업,95662822
27,대구광역시,202401,내국인,의료웰니스업,8470510
27,대구광역시,202401,내국인,전체,500524618
27,대구광역시,202401,외지인,쇼핑업,240475957
27,대구광역시,202401,외지인,숙박업,5053925
27,대구광역시,202401,외지인,식음료업,123898653
27,대구광역시,202401,외지인,여가서비스업,9422437
27,대구광역시,202401,외지인,여행업,761612
27,대구광역시,202401,외지인,운송업,95600727
27,대구광역시,202401,외지인,의료웰니스업,8356166
27,대구광역시,202401,외지인,전체,483569477
27,대구광역시,202401,현지인,쇼핑업,14544928
27,대구광역시,202401,현지인,숙박업,1281115
27,대구광역시,202401,현지인,여가서비스업,848549
27,대구광역시,202401,현지인,여행업,104110
27,대구광역시,202401,현지인,운송업,62095
27,대구광역시,202401,현지인,의료웰니스업,114344
27,대구광역시,202401,현지인,전체,16955141
27,대구광역시,202402,내국인,쇼핑업,241883006
27,대구광역시,202402,내국인,숙박업,6194295
27,대구광역시,202402,내국인,식음료업,120698615
27,대구광역시,202402,내국인,여가서비스업,11637837
27,대구광역시,202402,내국인,여행업,482651
27,대구광역시,202402,내국인,운송업,87250407
27,대구광역시,202402,내국인,의료웰니스업,8712573
27,대구광역시,202402,내국인,전체,476859383
27,대구광역시,202402,외지인,쇼핑업,226359412
27,대구광역시,202402,외지인,숙박업,4971318
27,대구광역시,202402,외지인,식음료업,120698615
27,대구광역시,202402,외지인,여가서비스업,10618966
27,대구광역시,202402,외지인,여행업,467198
27,대구광역시,202402,외지인,운송업,87190215
27,대구광역시,202402,외지인,의료웰니스업,8622415
27,대구광역시,202402,외지인,전체,458928140
27,대구광역시,202402,현지인,쇼핑업,15523594
27,대구광역시,202402,현지인,숙박업,1222977
27,대구광역시,202402,현지인,여가서비스업,1018870
27,대구광역시,202402,현지인,여행업,15452
27,대구광역시,202402,현지인,운송업,60192
27,대구광역시,202402,현지인,의료웰니스업,90158
27,대구광역시,202402,현지인,전체,17931244
27,대구광역시,202403,내국인,쇼핑업,257520790
27,대구광역시,202403,내국인,숙박업,7093952
27,대구광역시,202403,내국인,식음료업,133217832
27,대구광역시,202403,내국인,여가서비스업,13593723
27,대구광역시,202403,내국인,여행업,469668
27,대구광역시,202403,내국인,운송업,102170041
27,대구광역시,202403,내국인,의료웰니스업,9958326
27,대구광역시,202403,내국인,전체,524024333
27,대구광역시,202403,외지인,쇼핑업,241188649
27,대구광역시,202403,외지인,숙박업,5763280
27,대구광역시,202403,외지인,식음료업,133217832
27,대구광역시,202403,외지인,여가서비스업,12560663
27,대구광역시,202403,외지인,여행업,428300
27,대구광역시,202403,외지인,운송업,102045319
27,대구광역시,202403,외지인,의료웰니스업,9873015
27,대구광역시,202403,외지인,전체,505077058
27,대구광역시,202403,현지인,쇼핑업,16332141
27,대구광역시,202403,현지인,숙박업,1330672
27,대구광역시,202403,현지인,여가서비스업,1033060
27,대구광역시,202403,현지인,여행업,41369
27,대구광역시,202403,현지인,운송업,124722
27,대구광역시,202403,현지인,의료웰니스업,85310
27,대구광역시,202403,현지인,전체,18947274
27,대구광역시,202404,내국인,쇼핑업,247239276
27,대구광역시,202404,내국인,숙박업,7177012
27,대구광역시,202404,내국인,식음료업,124772075
27,대구광역시,202404,내국인,여가서비스업,13489378
27,대구광역시,202404,내국인,여행업,564144
27,대구광역시,202404,내국인,운송업,100955675
27,대구광역시,202404,내국인,의료웰니스업,8434589
27,대구광역시,202404,내국인,전체,502632149
27,대구광역시,202404,외지인,쇼핑업,229796675
27,대구광역시,202404,외지인,숙박업,6066653
27,대구광역시,202404,외지인,식음료업,124772075
27,대구광역시,202404,외지인,여가서비스업,12479626
27,대구광역시,202404,외지인,여행업,502439
27,대구광역시,202404,외지인,운송업,100812274
27,대구광역시,202404,외지인,의료웰니스업,8372353
27,대구광역시,202404,외지인,전체,482802095
27,대구광역시,202404,현지인,쇼핑업,17442601
27,대구광역시,202404,현지인,숙박업,1110359
27,대구광역시,202404,현지인,여가서비스업,1009752
27,대구광역시,202404,현지인,여행업,61705
27,대구광역시,202404,현지인,운송업,143401
27,대구광역시,202404,현지인,의료웰니스업,62236
27,대구광역시,202404,현지인,전체,19830054
27,대구광역시,202405,내국인,쇼핑업,255994847
27,대구광역시,202405,내국인,숙박업,7411820
27,대구광역시,202405,내국인,식음료업,141122186
27,대구광역시,202405,내국인,여가서비스업,15239146
27,대구광역시,202405,내국인,여행업,349838
27,대구광역시,202405,내국인,운송업,110907896
27,대구광역시,202405,내국인,의료웰니스업,9415054
27,대구광역시,202405,내국인,전체,540440787
27,대구광역시,202405,외지인,쇼핑업,238853674
27,대구광역시,202405,외지인,숙박업,6123621
27,대구광역시,202405,외지인,식음료업,141122186
27,대구광역시,202405,외지인,여가서비스업,14065560
27,대구광역시,202405,외지인,여행업,345512
27,대구광역시,202405,외지인,운송업,110754579
27,대구광역시,202405,외지인,의료웰니스업,9289243
27,대구광역시,202405,외지인,전체,520554374
27,대구광역시,202405,현지인,쇼핑업,17141174
27,대구광역시,202405,현지인,숙박업,1288199
27,대구광역시,202405,현지인,여가서비스업,1173585
27,대구광역시,202405,현지인,여행업,4326
27,대구광역시,202405,현지인,운송업,153317
27,대구광역시,202405,현지인,의료웰니스업,125811
27,대구광역시,202405,현지인,전체,19886413
27,대구광역시,202406,내국인,쇼핑업,244109755
27,대구광역시,202406,내국인,숙박업,7543106
27,대구광역시,202406,내국인,식음료업,130891525
27,대구광역시,202406,내국인,여가서비스업,13955036
27,대구광역시,202406,내국인,여행업,388606
27,대구광역시,202406,내국인,운송업,104828138
27,대구광역시,202406,내국인,의료웰니스업,9330100
27,대구광역시,202406,내국인,전체,511046265
27,대구광역시,202406,외지인,쇼핑업,228581931
27,대구광역시,202406,외지인,숙박업,6150306
27,대구광역시,202406,외지인,식음료업,130891525
27,대구광역시,202406,외지인,여가서비스업,13008373
27,대구광역시,202406,외지인,여행업,354481
27,대구광역시,202406,외지인,운송업,104677005
27,대구광역시,202406,외지인,의료웰니스업,9275422
27,대구광역시,202406,외지인,전체,492939041
27,대구광역시,202406,현지인,쇼핑업,15527824
27,대구광역시,202406,현지인,숙박업,1392800
27,대구광역시,202406,현지인,여가서비스업,946663
27,대구광역시,202406,현지인,여행업,34125
27,대구광역시,202406,현지인,운송업,151133
27,대구광역시,202406,현지인,의료웰니스업,54678
27,대구광역시,202406,현지인,전체,18107223
27,대구광역시,202407,내국인,쇼핑업,230118377
27,대구광역시,202407,내국인,숙박업,5577508
27,대구광역시,202407,내국인,식음료업,128988011
27,대구광역시,202407,내국인,여가서비스업,11928817
27,대구광역시,202407,내국인,여행업,478730
27,대구광역시,202407,내국인,운송업,110047852
27,대구광역시,202407,내국인,의료웰니스업,8816305
27,대구광역시,202407,내국인,전체,495955600
27,대구광역시,202407,외지인,쇼핑업,215178106
27,대구광역시,202407,외지인,숙박업,4624436
27,대구광역시,202407,외지인,식음료업,128988011
27,대구광역시,202407,외지인,여가서비스업,11058799
27,대구광역시,202407,외지인,여행업,424588
27,대구광역시,202407,외지인,운송업,109887127
27,대구광역시,202407,외지인,의료웰니스업,8765149
27,대구광역시,202407,외지인,전체,478926216
27,대구광역시,202407,현지인,쇼핑업,14940271
27,대구광역시,202407,현지인,숙박업,953072
27,대구광역시,202407,현지인,여가서비스업,870019
27,대구광역시,202407,현지인,여행업,54142
27,대구광역시,202407,현지인,운송업,160725
27,대구광역시,202407,현지인,의료웰니스업,51156
27,대구광역시,202407,현지인,전체,17029384
27,대구광역시,202408,내국인,쇼핑업,237085763
27,대구광역시,202408,내국인,숙박업,6199320
27,대구광역시,202408,내국인,식음료업,132313869
27,대구광역시,202408,내국인,여가서비스업,12676661
27,대구광역시,202408,내국인,여행업,390309
27,대구광역시,202408,내국인,운송업,112932969
27,대구광역시,202408,내국인,의료웰니스업,9323358
27,대구광역시,202408,내국인,전체,510922247
27,대구광역시,202408,외지인,쇼핑업,222882520
27,대구광역시,202408,외지인,숙박업,4966557
27,대구광역시,202408,외지인,식음료업,132313869
27,대구광역시,202408,외지인,여가서비스업,11650569
27,대구광역시,202408,외지인,여행업,325422
27,대구광역시,202408,외지인,운송업,112821826
27,대구광역시,202408,외지인,의료웰니스업,9279617
27,대구광역시,202408,외지인,전체,494240380
27,대구광역시,202408,현지인,쇼핑업,14203243
27,대구광역시,202408,현지인,숙박업,1232762
27,대구광역시,202408,현지인,여가서비스업,1026092
27,대구광역시,202408,현지인,여행업,64887
27,대구광역시,202408,현지인,운송업,111142
27,대구광역시,202408,현지인,의료웰니스업,43741
27,대구광역시,202408,현지인,전체,16681868
27,대구광역시,202409,내국인,쇼핑업,252624207
27,대구광역시,202409,내국인,숙박업,6947418
27,대구광역시,202409,내국인,식음료업,128508751
27,대구광역시,202409,내국인,여가서비스업,13426957
27,대구광역시,202409,내국인,여행업,491557
27,대구광역시,202409,내국인,운송업,103385930
27,대구광역시,202409,내국인,의료웰니스업,9280120
27,대구광역시,202409,내국인,전체,514664941
27,대구광역시,202409,외지인,쇼핑업,236711915
27,대구광역시,202409,외지인,숙박업,5699839
27,대구광역시,202409,외지인,식음료업,128508751
27,대구광역시,202409,외지인,여가서비스업,12541441
27,대구광역시,202409,외지인,여행업,455173
27,대구광역시,202409,외지인,운송업,103272677
27,대구광역시,202409,외지인,의료웰니스업,9120447
27,대구광역시,202409,외지인,전체,496310243
27,대구광역시,202409,현지인,쇼핑업,15912292
27,대구광역시,202409,현지인,숙박업,1247580
27,대구광역시,202409,현지인,여가서비스업,885516
27,대구광역시,202409,현지인,여행업,36384
27,대구광역시,202409,현지인,운송업,113253
27,대구광역시,202409,현지인,의료웰니스업,159673
27,대구광역시,202409,현지인,전체,18354698
27,대구광역시,202410,내국인,쇼핑업,257010424
27,대구광역시,202410,내국인,숙박업,8022193
27,대구광역시,202410,내국인,식음료업,130549725
27,대구광역시,202410,내국인,여가서비스업,13778751
27,대구광역시,202410,내국인,여행업,403053
27,대구광역시,202410,내국인,운송업,100001856
27,대구광역시,202410,내국인,의료웰니스업,8718859
27,대구광역시,202410,내국인,전체,518484860
27,대구광역시,202410,외지인,쇼핑업,238990030
27,대구광역시,202410,외지인,숙박업,6851730
27,대구광역시,202410,외지인,식음료업,130549725
27,대구광역시,202410,외지인,여가서비스업,12955184
27,대구광역시,202410,외지인,여행업,395270
27,대구광역시,202410,외지인,운송업,99869098
27,대구광역시,202410,외지인,의료웰니스업,8637143
27,대구광역시,202410,외지인,전체,498248180
27,대구광역시,202410,현지인,쇼핑업,18020394
27,대구광역시,202410,현지인,숙박업,1170463
27,대구광역시,202410,현지인,여가서비스업,823567
27,대구광역시,202410,현지인,여행업,7783
27,대구광역시,202410,현지인,운송업,132758
27,대구광역시,202410,현지인,의료웰니스업,81716
27,대구광역시,202410,현지인,전체,20236680
27,대구광역시,202411,내국인,쇼핑업,252131079
27,대구광역시,202411,내국인,숙박업,9592652
27,대구광역시,202411,내국인,식음료업,127490443
27,대구광역시,202411,내국인,여가서비스업,12355056
27,대구광역시,202411,내국인,여행업,567705
27,대구광역시,202411,내국인,운송업,102397987
27,대구광역시,202411,내국인,의료웰니스업,8625981
27,대구광역시,202411,내국인,전체,513160903
27,대구광역시,202411,외지인,쇼핑업,235171302
27,대구광역시,202411,외지인,숙박업,8145151
27,대구광역시,202411,외지인,식음료업,127490443
27,대구광역시,202411,외지인,여가서비스업,11576949
27,대구광역시,202411,외지인,여행업,493389
27,대구광역시,202411,외지인,운송업,102279993
27,대구광역시,202411,외지인,의료웰니스업,8568999
27,대구광역시,202411,외지인,전체,493726226
27,대구광역시,202411,현지인,쇼핑업,16959777
27,대구광역시,202411,현지인,숙박업,1447502
27,대구광역시,202411,현지인,여가서비스업,778107
27,대구광역시,202411,현지인,여행업,74316
27,대구광역시,202411,현지인,운송업,117994
27,대구광역시,202411,현지인,의료웰니스업,56982
27,대구광역시,202411,현지인,전체,19434678
27,대구광역시,202412,내국인,쇼핑업,278653876
27,대구광역시,202412,내국인,숙박업,8362593
27,대구광역시,202412,내국인,식음료업,139428770
27,대구광역시,202412,내국인,여가서비스업,11277955
27,대구광역시,202412,내국인,여행업,722642
27,대구광역시,202412,내국인,운송업,111351344
27,대구광역시,202412,내국인,의료웰니스업,9543820
27,대구광역시,202412,내국인,전체,559340999
27,대구광역시,202412,외지인,쇼핑업,260521158
27,대구광역시,202412,외지인,숙박업,6414983
27,대구광역시,202412,외지인,식음료업,139428770
27,대구광역시,202412,외지인,여가서비스업,10395624
27,대구광역시,202412,외지인,여행업,549598
27,대구광역시,202412,외지인,운송업,111229167
27,대구광역시,202412,외지인,의료웰니스업,9445753
27,대구광역시,202412,외지인,전체,537985053
27,대구광역시,202412,현지인,쇼핑업,18132718
27,대구광역시,202412,현지인,숙박업,1947610
27,대구광역시,202412,현지인,여가서비스업,882331
27,대구광역시,202412,현지인,여행업,173043
27,대구광역시,202412,현지인,운송업,122177
27,대구광역시,202412,현지인,의료웰니스업,98067
27,대구광역시,202412,현지인,전체,21355946
27,대구광역시,202501,내국인,쇼핑업,280936708
27,대구광역시,202501,내국인,숙박업,5830280
27,대구광역시,202501,내국인,식음료업,131545221
27,대구광역시,202501,내국인,여가서비스업,10845574
27,대구광역시,202501,내국인,여행업,656001
27,대구광역시,202501,내국인,운송업,97230995
27,대구광역시,202501,내국인,의료웰니스업,9329959
27,대구광역시,202501,내국인,전체,536374739
27,대구광역시,202501,외지인,쇼핑업,265198842
27,대구광역시,202501,외지인,숙박업,4575925
27,대구광역시,202501,외지인,식음료업,131545221
27,대구광역시,202501,외지인,여가서비스업,10020592
27,대구광역시,202501,외지인,여행업,575806
27,대구광역시,202501,외지인,운송업,97123140
27,대구광역시,202501,외지인,의료웰니스업,9158411
27,대구광역시,202501,외지인,전체,518197938
27,대구광역시,202501,현지인,쇼핑업,15737866
27,대구광역시,202501,현지인,숙박업,1254355
27,대구광역시,202501,현지인,여가서비스업,824982
27,대구광역시,202501,현지인,여행업,80194
27,대구광역시,202501,현지인,운송업,107855
27,대구광역시,202501,현지인,의료웰니스업,171548
27,대구광역시,202501,현지인,전체,18176801
27,대구광역시,202502,내국인,쇼핑업,225665182
27,대구광역시,202502,내국인,숙박업,6523341
27,대구광역시,202502,내국인,식음료업,113243615
27,대구광역시,202502,내국인,여가서비스업,9716180
27,대구광역시,202502,내국인,여행업,566571
27,대구광역시,202502,내국인,운송업,94102109
27,대구광역시,202502,내국인,의료웰니스업,8345697
27,대구광역시,202502,내국인,전체,458162694
27,대구광역시,202502,외지인,쇼핑업,211715145
27,대구광역시,202502,외지인,숙박업,5257504
27,대구광역시,202502,외지인,식음료업,113243615
27,대구광역시,202502,외지인,여가서비스업,8948579
27,대구광역시,202502,외지인,여행업,528629
27,대구광역시,202502,외지인,운송업,93986700
27,대구광역시,202502,외지인,의료웰니스업,8268031
27,대구광역시,202502,외지인,전체,441948203
27,대구광역시,202502,현지인,쇼핑업,13950037
27,대구광역시,202502,현지인,숙박업,1265837
27,대구광역시,202502,현지인,여가서비스업,767601
27,대구광역시,202502,현지인,여행업,37942
27,대구광역시,202502,현지인,운송업,115408
27,대구광역시,202502,현지인,의료웰니스업,77666
27,대구광역시,202502,현지인,전체,16214491
27,대구광역시,202503,내국인,쇼핑업,252280066
27,대구광역시,202503,내국인,숙박업,7557442
27,대구광역시,202503,내국인,식음료업,133658453
27,대구광역시,202503,내국인,여가서비스업,11896395
27,대구광역시,202503,내국인,여행업,628305
27,대구광역시,202503,내국인,운송업,101078616
27,대구광역시,202503,내국인,의료웰니스업,9893404
27,대구광역시,202503,내국인,전체,516992680
27,대구광역시,202503,외지인,쇼핑업,236206851
27,대구광역시,202503,외지인,숙박업,6046434
27,대구광역시,202503,외지인,식음료업,133658453
27,대구광역시,202503,외지인,여가서비스업,11227504
27,대구광역시,202503,외지인,여행업,448502
27,대구광역시,202503,외지인,운송업,100998990
27,대구광역시,202503,외지인,의료웰니스업,9799735
27,대구광역시,202503,외지인,전체,498386470
27,대구광역시,202503,현지인,쇼핑업,16073215
27,대구광역시,202503,현지인,숙박업,1511008
27,대구광역시,202503,현지인,여가서비스업,668891
27,대구광역시,202503,현지인,여행업,179802
27,대구광역시,202503,현지인,운송업,79626
27,대구광역시,202503,현지인,의료웰니스업,93668
27,대구광역시,202503,현지인,전체,18606211
27,대구광역시,202504,내국인,쇼핑업,230159411
27,대구광역시,202504,내국인,숙박업,6761839
27,대구광역시,202504,내국인,식음료업,126202309
27,대구광역시,202504,내국인,여가서비스업,12138272
27,대구광역시,202504,내국인,여행업,686212
27,대구광역시,202504,내국인,운송업,91495013
27,대구광역시,202504,내국인,의료웰니스업,8476361
27,대구광역시,202504,내국인,전체,475919416
27,대구광역시,202504,외지인,쇼핑업,215761379
27,대구광역시,202504,외지인,숙박업,5780264
27,대구광역시,202504,외지인,식음료업,126202309
27,대구광역시,202504,외지인,여가서비스업,11468608
27,대구광역시,202504,외지인,여행업,665464
27,대구광역시,202504,외지인,운송업,91442539
27,대구광역시,202504,외지인,의료웰니스업,8400867
27,대구광역시,202504,외지인,전체,459721429
27,대구광역시,202504,현지인,쇼핑업,14398032
27,대구광역시,202504,현지인,숙박업,981575
27,대구광역시,202504,현지인,여가서비스업,669664
27,대구광역시,202504,현지인,여행업,20748
27,대구광역시,202504,현지인,운송업,52475
27,대구광역시,202504,현지인,의료웰니스업,75494
27,대구광역시,202504,현지인,전체,16197987
27,대구광역시,202505,내국인,쇼핑업,268724747
27,대구광역시,202505,내국인,숙박업,8719862
27,대구광역시,202505,내국인,식음료업,147514836
27,대구광역시,202505,내국인,여가서비스업,14148239
27,대구광역시,202505,내국인,여행업,512309
27,대구광역시,202505,내국인,운송업,96744676
27,대구광역시,202505,내국인,의료웰니스업,9878105
27,대구광역시,202505,내국인,전체,546242773
27,대구광역시,202505,외지인,쇼핑업,252328226
27,대구광역시,202505,외지인,숙박업,7441207
27,대구광역시,202505,외지인,식음료업,147514836
27,대구광역시,202505,외지인,여가서비스업,13209530
27,대구광역시,202505,외지인,여행업,494728
27,대구광역시,202505,외지인,운송업,96675397
27,대구광역시,202505,외지인,의료웰니스업,9758728
27,대구광역시,202505,외지인,전체,527422653
27,대구광역시,202505,현지인,쇼핑업,16396521
27,대구광역시,202505,현지인,숙박업,1278654
27,대구광역시,202505,현지인,여가서비스업,938709
27,대구광역시,202505,현지인,여행업,17582
27,대구광역시,202505,현지인,운송업,69278
27,대구광역시,202505,현지인,의료웰니스업,119377
27,대구광역시,202505,현지인,전체,18820120
27,대구광역시,202506,내국인,쇼핑업,241564358
27,대구광역시,202506,내국인,숙박업,6044154
27,대구광역시,202506,내국인,식음료업,125607321
27,대구광역시,202506,내국인,여가서비스업,11362938
27,대구광역시,202506,내국인,여행업,396528
27,대구광역시,202506,내국인,운송업,89944380
27,대구광역시,202506,내국인,의료웰니스업,9007709
27,대구광역시,202506,내국인,전체,483927389
27,대구광역시,202506,외지인,쇼핑업,225335718
27,대구광역시,202506,외지인,숙박업,4883190
27,대구광역시,202506,외지인,식음료업,125607321
27,대구광역시,202506,외지인,여가서비스업,10733684
27,대구광역시,202506,외지인,여행업,369286
27,대구광역시,202506,외지인,운송업,89889683
27,대구광역시,202506,외지인,의료웰니스업,8947633
27,대구광역시,202506,외지인,전체,465766516
27,대구광역시,202506,현지인,쇼핑업,16228640
27,대구광역시,202506,현지인,숙박업,1160964
27,대구광역시,202506,현지인,여가서비스업,629255
27,대구광역시,202506,현지인,여행업,27242
27,대구광역시,202506,현지인,운송업,54696
27,대구광역시,202506,현지인,의료웰니스업,60076
27,대구광역시,202506,현지인,전체,18160873
27,대구광역시,202507,내국인,쇼핑업,231150057
27,대구광역시,202507,내국인,숙박업,5873604
27,대구광역시,202507,내국인,식음료업,133441911
27,대구광역시,202507,내국인,여가서비스업,11145284
27,대구광역시,202507,내국인,여행업,635299
27,대구광역시,202507,내국인,운송업,98493830
27,대구광역시,202507,내국인,의료웰니스업,10008435
27,대구광역시,202507,내국인,전체,490748420
27,대구광역시,202507,외지인,쇼핑업,216635851
27,대구광역시,202507,외지인,숙박업,4760111
27,대구광역시,202507,외지인,식음료업,133441911
27,대구광역시,202507,외지인,여가서비스업,10430386
27,대구광역시,202507,외지인,여행업,545750
27,대구광역시,202507,외지인,운송업,98452106
27,대구광역시,202507,외지인,의료웰니스업,9971491
27,대구광역시,202507,외지인,전체,474237606
27,대구광역시,202507,현지인,쇼핑업,14514206
27,대구광역시,202507,현지인,숙박업,1113493
27,대구광역시,202507,현지인,여가서비스업,714898
27,대구광역시,202507,현지인,여행업,89548
27,대구광역시,202507,현지인,운송업,41723
27,대구광역시,202507,현지인,의료웰니스업,36945
27,대구광역시,202507,현지인,전체,16510814
27,대구광역시,202508,내국인,쇼핑업,237155380
27,대구광역시,202508,내국인,숙박업,6666195
27,대구광역시,202508,내국인,식음료업,137837521
27,대구광역시,202508,내국인,여가서비스업,11810073
27,대구광역시,202508,내국인,여행업,393359
27,대구광역시,202508,내국인,운송업,92718224
27,대구광역시,202508,내국인,의료웰니스업,10128837
27,대구광역시,202508,내국인,전체,496709588
27,대구광역시,202508,외지인,쇼핑업,222634757
27,대구광역시,202508,외지인,숙박업,5430093
27,대구광역시,202508,외지인,식음료업,137837521
27,대구광역시,202508,외지인,여가서비스업,11107893
27,대구광역시,202508,외지인,여행업,312421
27,대구광역시,202508,외지인,운송업,92658085
27,대구광역시,202508,외지인,의료웰니스업,10085869
27,대구광역시,202508,외지인,전체,480066638
27,대구광역시,202508,현지인,쇼핑업,14520624
27,대구광역시,202508,현지인,숙박업,1236102
27,대구광역시,202508,현지인,여가서비스업,702180
27,대구광역시,202508,현지인,여행업,80938
27,대구광역시,202508,현지인,운송업,60139
27,대구광역시,202508,현지인,의료웰니스업,42967
27,대구광역시,202508,현지인,전체,16642950
27,대구광역시,202509,내국인,쇼핑업,236642265
27,대구광역시,202509,내국인,숙박업,7806951
27,대구광역시,202509,내국인,식음료업,120171731
27,대구광역시,202509,내국인,여가서비스업,10367637
27,대구광역시,202509,내국인,여행업,793336
27,대구광역시,202509,내국인,운송업,89351635
27,대구광역시,202509,내국인,의료웰니스업,9468767
27,대구광역시,202509,내국인,전체,474602322
27,대구광역시,202509,외지인,쇼핑업,221905572
27,대구광역시,202509,외지인,숙박업,6156768
27,대구광역시,202509,외지인,식음료업,120171731
27,대구광역시,202509,외지인,여가서비스업,9887093
27,대구광역시,202509,외지인,여행업,736608
27,대구광역시,202509,외지인,운송업,89256343
27,대구광역시,202509,외지인,의료웰니스업,9284301
27,대구광역시,202509,외지인,전체,457398418
27,대구광역시,202509,현지인,쇼핑업,14736692
27,대구광역시,202509,현지인,숙박업,1650183
27,대구광역시,202509,현지인,여가서비스업,480544
27,대구광역시,202509,현지인,여행업,56727
27,대구광역시,202509,현지인,운송업,95292
27,대구광역시,202509,현지인,의료웰니스업,184465
27,대구광역시,202509,현지인,전체,17203904
27,대구광역시,202510,내국인,쇼핑업,271751540
27,대구광역시,202510,내국인,숙박업,8058729
27,대구광역시,202510,내국인,식음료업,144116189
27,대구광역시,202510,내국인,여가서비스업,14078328
27,대구광역시,202510,내국인,여행업,603517
27,대구광역시,202510,내국인,운송업,90877616
27,대구광역시,202510,내국인,의료웰니스업,9772459
27,대구광역시,202510,내국인,전체,539258377
27,대구광역시,202510,외지인,쇼핑업,254403588
27,대구광역시,202510,외지인,숙박업,6517300
27,대구광역시,202510,외지인,식음료업,144116189
27,대구광역시,202510,외지인,여가서비스업,13477024
27,대구광역시,202510,외지인,여행업,580833
27,대구광역시,202510,외지인,운송업,90826608
27,대구광역시,202510,외지인,의료웰니스업,9700765
27,대구광역시,202510,외지인,전체,519622308
27,대구광역시,202510,현지인,쇼핑업,17347952
27,대구광역시,202510,현지인,숙박업,1541428
27,대구광역시,202510,현지인,여가서비스업,601303
27,대구광역시,202510,현지인,여행업,22685
27,대구광역시,202510,현지인,운송업,51007
27,대구광역시,202510,현지인,의료웰니스업,71694
27,대구광역시,202510,현지인,전체,19636069
27,대구광역시,202511,내국인,쇼핑업,269159238
27,대구광역시,202511,내국인,숙박업,11342538
27,대구광역시,202511,내국인,식음료업,133445228
27,대구광역시,202511,내국인,여가서비스업,12227061
27,대구광역시,202511,내국인,여행업,566688
27,대구광역시,202511,내국인,운송업,95348102
27,대구광역시,202511,내국인,의료웰니스업,10187049
27,대구광역시,202511,내국인,전체,532275904
27,대구광역시,202511,외지인,쇼핑업,250094049
27,대구광역시,202511,외지인,숙박업,9255732
27,대구광역시,202511,외지인,식음료업,133445228
27,대구광역시,202511,외지인,여가서비스업,11622892
27,대구광역시,202511,외지인,여행업,524990
27,대구광역시,202511,외지인,운송업,95301561
27,대구광역시,202511,외지인,의료웰니스업,10119648
27,대구광역시,202511,외지인,전체,510364101
27,대구광역시,202511,현지인,쇼핑업,19065189
27,대구광역시,202511,현지인,숙박업,2086806
27,대구광역시,202511,현지인,여가서비스업,604169
27,대구광역시,202511,현지인,여행업,41697
27,대구광역시,202511,현지인,운송업,46541
27,대구광역시,202511,현지인,의료웰니스업,67401
27,대구광역시,202511,현지인,전체,21911803
27,대구광역시,202512,내국인,쇼핑업,287943853
27,대구광역시,202512,내국인,숙박업,9249016
27,대구광역시,202512,내국인,식음료업,148226279
27,대구광역시,202512,내국인,여가서비스업,11031783
27,대구광역시,202512,내국인,여행업,516029
27,대구광역시,202512,내국인,운송업,126569165
27,대구광역시,202512,내국인,의료웰니스업,10804694
27,대구광역시,202512,내국인,전체,594340819
27,대구광역시,202512,외지인,쇼핑업,267400267
27,대구광역시,202512,외지인,숙박업,7279567
27,대구광역시,202512,외지인,식음료업,148226279
27,대구광역시,202512,외지인,여가서비스업,10444824
27,대구광역시,202512,외지인,여행업,436533
27,대구광역시,202512,외지인,운송업,126321279
27,대구광역시,202512,외지인,의료웰니스업,10691187
27,대구광역시,202512,외지인,전체,570799936
27,대구광역시,202512,현지인,쇼핑업,20543586
27,대구광역시,202512,현지인,숙박업,1969449
27,대구광역시,202512,현지인,여가서비스업,586959
27,대구광역시,202512,현지인,여행업,79495
27,대구광역시,202512,현지인,운송업,247886
27,대구광역시,202512,현지인,의료웰니스업,113507
27,대구광역시,202512,현지인,전체,23540883
27,대구광역시,202601,내국인,쇼핑업,276806343
27,대구광역시,202601,내국인,숙박업,7168255
27,대구광역시,202601,내국인,식음료업,142281486
27,대구광역시,202601,내국인,여가서비스업,10085747
27,대구광역시,202601,내국인,여행업,760763
27,대구광역시,202601,내국인,운송업,97116691
27,대구광역시,202601,내국인,의료웰니스업,10327279
27,대구광역시,202601,내국인,전체,544546565
27,대구광역시,202601,외지인,쇼핑업,260117858
27,대구광역시,202601,외지인,숙박업,5785347
27,대구광역시,202601,외지인,식음료업,142281486
27,대구광역시,202601,외지인,여가서비스업,9513461
27,대구광역시,202601,외지인,여행업,726765
27,대구광역시,202601,외지인,운송업,97024002
27,대구광역시,202601,외지인,의료웰니스업,10136455
27,대구광역시,202601,외지인,전체,525585376
27,대구광역시,202601,현지인,쇼핑업,16688485
27,대구광역시,202601,현지인,숙박업,1382908
27,대구광역시,202601,현지인,여가서비스업,572286
27,대구광역시,202601,현지인,여행업,33998
27,대구광역시,202601,현지인,운송업,92689
27,대구광역시,202601,현지인,의료웰니스업,190823
27,대구광역시,202601,현지인,전체,18961189
27,대구광역시,202602,내국인,쇼핑업,274252967
27,대구광역시,202602,내국인,숙박업,6387547
27,대구광역시,202602,내국인,식음료업,132359621
27,대구광역시,202602,내국인,여가서비스업,11264612
27,대구광역시,202602,내국인,여행업,894289
27,대구광역시,202602,내국인,운송업,82676383
27,대구광역시,202602,내국인,의료웰니스업,9875078
27,대구광역시,202602,내국인,전체,517710496
27,대구광역시,202602,외지인,쇼핑업,257509527
27,대구광역시,202602,외지인,숙박업,5376492
27,대구광역시,202602,외지인,식음료업,132359621
27,대구광역시,202602,외지인,여가서비스업,10471890
27,대구광역시,202602,외지인,여행업,780112
27,대구광역시,202602,외지인,운송업,82632519
27,대구광역시,202602,외지인,의료웰니스업,9781258
27,대구광역시,202602,외지인,전체,498911418
27,대구광역시,202602,현지인,쇼핑업,16743440
27,대구광역시,202602,현지인,숙박업,1011055
27,대구광역시,202602,현지인,여가서비스업,792723
27,대구광역시,202602,현지인,여행업,114177
27,대구광역시,202602,현지인,운송업,43864
27,대구광역시,202602,현지인,의료웰니스업,93820
27,대구광역시,202602,현지인,전체,18799079
27,대구광역시,202603,내국인,쇼핑업,245674086
27,대구광역시,202603,내국인,숙박업,7593006
27,대구광역시,202603,내국인,식음료업,136485012
27,대구광역시,202603,내국인,여가서비스업,11983632
27,대구광역시,202603,내국인,여행업,809708
27,대구광역시,202603,내국인,운송업,102257285
27,대구광역시,202603,내국인,의료웰니스업,11007677
27,대구광역시,202603,내국인,전체,515810407
27,대구광역시,202603,외지인,쇼핑업,229897634
27,대구광역시,202603,외지인,숙박업,6421810
27,대구광역시,202603,외지인,식음료업,136485012
27,대구광역시,202603,외지인,여가서비스업,11297711
27,대구광역시,202603,외지인,여행업,727826
27,대구광역시,202603,외지인,운송업,102216361
27,대구광역시,202603,외지인,의료웰니스업,10919619
27,대구광역시,202603,외지인,전체,497965974
27,대구광역시,202603,현지인,쇼핑업,15776452
27,대구광역시,202603,현지인,숙박업,1171196
27,대구광역시,202603,현지인,여가서비스업,685920
27,대구광역시,202603,현지인,여행업,81882
27,대구광역시,202603,현지인,운송업,40924
27,대구광역시,202603,현지인,의료웰니스업,88058
27,대구광역시,202603,현지인,전체,17844433
27,대구광역시,202604,내국인,쇼핑업,241758817
27,대구광역시,202604,내국인,숙박업,8328407
27,대구광역시,202604,내국인,식음료업,137020301
27,대구광역시,202604,내국인,여가서비스업,12005453
27,대구광역시,202604,내국인,여행업,465506
27,대구광역시,202604,내국인,운송업,93156632
27,대구광역시,202604,내국인,의료웰니스업,9941089
27,대구광역시,202604,내국인,전체,502676207
27,대구광역시,202604,외지인,쇼핑업,226630544
27,대구광역시,202604,외지인,숙박업,6517830
27,대구광역시,202604,외지인,식음료업,137020301
27,대구광역시,202604,외지인,여가서비스업,11483848
27,대구광역시,202604,외지인,여행업,395139
27,대구광역시,202604,외지인,운송업,93129567
27,대구광역시,202604,외지인,의료웰니스업,9879856
27,대구광역시,202604,외지인,전체,485057085
27,대구광역시,202604,현지인,쇼핑업,15128273
27,대구광역시,202604,현지인,숙박업,1810577
27,대구광역시,202604,현지인,여가서비스업,521606
27,대구광역시,202604,현지인,여행업,70367
27,대구광역시,202604,현지인,운송업,27066
27,대구광역시,202604,현지인,의료웰니스업,61233
27,대구광역시,202604,현지인,전체,17619122
27,대구광역시,202605,내국인,쇼핑업,282884809
27,대구광역시,202605,내국인,숙박업,8804029
27,대구광역시,202605,내국인,식음료업,164440838
27,대구광역시,202605,내국인,여가서비스업,14311313
27,대구광역시,202605,내국인,여행업,446068
27,대구광역시,202605,내국인,운송업,101279576
27,대구광역시,202605,내국인,의료웰니스업,11583471
27,대구광역시,202605,내국인,전체,583750103
27,대구광역시,202605,외지인,쇼핑업,265270745
27,대구광역시,202605,외지인,숙박업,7248849
27,대구광역시,202605,외지인,식음료업,164440838
27,대구광역시,202605,외지인,여가서비스업,13653929
27,대구광역시,202605,외지인,여행업,421648
27,대구광역시,202605,외지인,운송업,101190761
27,대구광역시,202605,외지인,의료웰니스업,11416255
27,대구광역시,202605,외지인,전체,563643024
27,대구광역시,202605,현지인,쇼핑업,17614064
27,대구광역시,202605,현지인,숙박업,1555180
27,대구광역시,202605,현지인,여가서비스업,657384
27,대구광역시,202605,현지인,여행업,24420
27,대구광역시,202605,현지인,운송업,88815
27,대구광역시,202605,현지인,의료웰니스업,167216
27,대구광역시,202605,현지인,전체,20107080
27,대구광역시,202606,내국인,쇼핑업,237856083
27,대구광역시,202606,내국인,숙박업,6726981
27,대구광역시,202606,내국인,식음료업,136186565
27,대구광역시,202606,내국인,여가서비스업,11247886
27,대구광역시,202606,내국인,여행업,581531
27,대구광역시,202606,내국인,운송업,100801227
27,대구광역시,202606,내국인,의료웰니스업,10368039
27,대구광역시,202606,내국인,전체,503768312
27,대구광역시,202606,외지인,쇼핑업,221932922
27,대구광역시,202606,외지인,숙박업,5783469
27,대구광역시,202606,외지인,식음료업,136186565
27,대구광역시,202606,외지인,여가서비스업,10794257
27,대구광역시,202606,외지인,여행업,521504
27,대구광역시,202606,외지인,운송업,100743669
27,대구광역시,202606,외지인,의료웰니스업,10318985
27,대구광역시,202606,외지인,전체,486281371
27,대구광역시,202606,현지인,쇼핑업,15923161
27,대구광역시,202606,현지인,숙박업,943512
27,대구광역시,202606,현지인,여가서비스업,453629
27,대구광역시,202606,현지인,여행업,60027
27,대구광역시,202606,현지인,운송업,57558
27,대구광역시,202606,현지인,의료웰니스업,49054
27,대구광역시,202606,현지인,전체,17486940
27,대구광역시,202607,내국인,쇼핑업,229398462
27,대구광역시,202607,내국인,숙박업,5913106
27,대구광역시,202607,내국인,식음료업,145111755
27,대구광역시,202607,내국인,여가서비스업,11254376
27,대구광역시,202607,내국인,여행업,621582
27,대구광역시,202607,내국인,운송업,109986353
27,대구광역시,202607,내국인,의료웰니스업,9956600
27,대구광역시,202607,내국인,전체,512242233
27,대구광역시,202607,외지인,쇼핑업,214947157
27,대구광역시,202607,외지인,숙박업,4793793
27,대구광역시,202607,외지인,식음료업,145111755
27,대구광역시,202607,외지인,여가서비스업,10780744
27,대구광역시,202607,외지인,여행업,593328
27,대구광역시,202607,외지인,운송업,109888800
27,대구광역시,202607,외지인,의료웰니스업,9915921
27,대구광역시,202607,외지인,전체,496031497
27,대구광역시,202607,현지인,쇼핑업,14451304
27,대구광역시,202607,현지인,숙박업,1119312
27,대구광역시,202607,현지인,여가서비스업,473632
27,대구광역시,202607,현지인,여행업,28255
27,대구광역시,202607,현지인,운송업,97553
27,대구광역시,202607,현지인,의료웰니스업,40679
27,대구광역시,202607,현지인,전체,16210735
27,대구광역시,202608,내국인,쇼핑업,240651714
27,대구광역시,202608,내국인,숙박업,5808426
27,대구광역시,202608,내국인,식음료업,148307135
27,대구광역시,202608,내국인,여가서비스업,12164328
27,대구광역시,202608,내국인,여행업,568462
27,대구광역시,202608,내국인,운송업,98984635
27,대구광역시,202608,내국인,의료웰니스업,10385048
27,대구광역시,202608,내국인,전체,516869747
27,대구광역시,202608,외지인,쇼핑업,226191790
27,대구광역시,202608,외지인,숙박업,4762353
27,대구광역시,202608,외지인,식음료업,148307135
27,대구광역시,202608,외지인,여가서비스업,11513258
27,대구광역시,202608,외지인,여행업,555568
27,대구광역시,202608,외지인,운송업,98944595
27,대구광역시,202608,외지인,의료웰니스업,10329404
27,대구광역시,202608,외지인,전체,500604102
27,대구광역시,202608,현지인,쇼핑업,14459924
27,대구광역시,202608,현지인,숙박업,1046073
27,대구광역시,202608,현지인,여가서비스업,651070
27,대구광역시,202608,현지인,여행업,12894
27,대구광역시,202608,현지인,운송업,40040
27,대구광역시,202608,현지인,의료웰니스업,55645
27,대구광역시,202608,현지인,전체,16265645
27110,중구,202001,내국인,쇼핑업,33869896
27110,중구,202001,내국인,숙박업,647996
27110,중구,202001,내국인,식음료업,23980843
27110,중구,202001,내국인,여가서비스업,1552632
27110,중구,202001,내국인,여행업,98068
27110,중구,202001,내국인,운송업,7161849
27110,중구,202001,내국인,의료웰니스업,2429825
27110,중구,202001,내국인,전체,69741108
27110,중구,202002,내국인,쇼핑업,22723519
27110,중구,202002,내국인,숙박업,468019
27110,중구,202002,내국인,식음료업,14135489
27110,중구,202002,내국인,여가서비스업,908740
27110,중구,202002,내국인,여행업,207975
27110,중구,202002,내국인,운송업,2603641
27110,중구,202002,내국인,의료웰니스업,1520247
27110,중구,202002,내국인,전체,42567630
27110,중구,202003,내국인,쇼핑업,15791231
27110,중구,202003,내국인,숙박업,559702
27110,중구,202003,내국인,식음료업,6292272
27110,중구,202003,내국인,여가서비스업,317484
27110,중구,202003,내국인,여행업,21487
27110,중구,202003,내국인,운송업,961873
27110,중구,202003,내국인,의료웰니스업,1123389
27110,중구,202003,내국인,전체,25067439
27110,중구,202004,내국인,쇼핑업,21355173
27110,중구,202004,내국인,숙박업,324612
27110,중구,202004,내국인,식음료업,11357759
27110,중구,202004,내국인,여가서비스업,479588
27110,중구,202004,내국인,여행업,14067
27110,중구,202004,내국인,운송업,829572
27110,중구,202004,내국인,의료웰니스업,1562171
27110,중구,202004,내국인,전체,35922942
27110,중구,202005,내국인,쇼핑업,30566539
27110,중구,202005,내국인,숙박업,417073
27110,중구,202005,내국인,식음료업,17001828
27110,중구,202005,내국인,여가서비스업,785976
27110,중구,202005,내국인,여행업,22198
27110,중구,202005,내국인,운송업,1433490
27110,중구,202005,내국인,의료웰니스업,2269073
27110,중구,202005,내국인,전체,52496177
27110,중구,202006,내국인,쇼핑업,29028697
27110,중구,202006,내국인,숙박업,340722
27110,중구,202006,내국인,식음료업,16658791
27110,중구,202006,내국인,여가서비스업,742399
27110,중구,202006,내국인,여행업,36422
27110,중구,202006,내국인,운송업,1526664
27110,중구,202006,내국인,의료웰니스업,2145310
27110,중구,202006,내국인,전체,50479005
27110,중구,202007,내국인,쇼핑업,27635600
27110,중구,202007,내국인,숙박업,379232
27110,중구,202007,내국인,식음료업,18988689
27110,중구,202007,내국인,여가서비스업,859706
27110,중구,202007,내국인,여행업,26235
27110,중구,202007,내국인,운송업,1351099
27110,중구,202007,내국인,의료웰니스업,2198423
27110,중구,202007,내국인,전체,51438984
27110,중구,202008,내국인,쇼핑업,28538934
27110,중구,202008,내국인,숙박업,463591
27110,중구,202008,내국인,식음료업,19039531
27110,중구,202008,내국인,여가서비스업,1059877
27110,중구,202008,내국인,여행업,20583
27110,중구,202008,내국인,운송업,1480507
27110,중구,202008,내국인,의료웰니스업,2112896
27110,중구,202008,내국인,전체,52715919
27110,중구,202009,내국인,쇼핑업,31781839
27110,중구,202009,내국인,숙박업,390347
27110,중구,202009,내국인,식음료업,17124754
27110,중구,202009,내국인,여가서비스업,819012
27110,중구,202009,내국인,여행업,48610
27110,중구,202009,내국인,운송업,1480778
27110,중구,202009,내국인,의료웰니스업,2146853
27110,중구,202009,내국인,전체,53792192
27110,중구,202010,내국인,쇼핑업,32941511
27110,중구,202010,내국인,숙박업,449323
27110,중구,202010,내국인,식음료업,19652871
27110,중구,202010,내국인,여가서비스업,953808
27110,중구,202010,내국인,여행업,33112
27110,중구,202010,내국인,운송업,1023195
27110,중구,202010,내국인,의료웰니스업,1903133
27110,중구,202010,내국인,전체,56956952
27110,중구,202011,내국인,쇼핑업,31557490
27110,중구,202011,내국인,숙박업,427284
27110,중구,202011,내국인,식음료업,19203001
27110,중구,202011,내국인,여가서비스업,792023
27110,중구,202011,내국인,여행업,25272
27110,중구,202011,내국인,운송업,1159111
27110,중구,202011,내국인,의료웰니스업,1975399
27110,중구,202011,내국인,전체,55139580
27110,중구,202012,내국인,쇼핑업,30634412
27110,중구,202012,내국인,숙박업,374194
27110,중구,202012,내국인,식음료업,14305515
27110,중구,202012,내국인,여가서비스업,672918
27110,중구,202012,내국인,여행업,18972
27110,중구,202012,내국인,운송업,1723612
27110,중구,202012,내국인,의료웰니스업,1931070
27110,중구,202012,내국인,전체,49660694
27110,중구,202101,내국인,쇼핑업,28168266
27110,중구,202101,내국인,숙박업,276592
27110,중구,202101,내국인,식음료업,12214791
27110,중구,202101,내국인,여가서비스업,547913
27110,중구,202101,내국인,여행업,27057
27110,중구,202101,내국인,운송업,893645
27110,중구,202101,내국인,의료웰니스업,1706456
27110,중구,202101,내국인,전체,43834720
27110,중구,202102,내국인,쇼핑업,27693423
27110,중구,202102,내국인,숙박업,345645
27110,중구,202102,내국인,식음료업,15327409
27110,중구,202102,내국인,여가서비스업,765064
27110,중구,202102,내국인,여행업,20199
27110,중구,202102,내국인,운송업,1016504
27110,중구,202102,내국인,의료웰니스업,1895540
27110,중구,202102,내국인,전체,47063783
27110,중구,202103,내국인,쇼핑업,29229649
27110,중구,202103,내국인,숙박업,389775
27110,중구,202103,내국인,식음료업,17464617
27110,중구,202103,내국인,여가서비스업,751024
27110,중구,202103,내국인,여행업,15248
27110,중구,202103,내국인,운송업,1290950
27110,중구,202103,내국인,의료웰니스업,2109109
27110,중구,202103,내국인,전체,51250372
27110,중구,202104,내국인,쇼핑업,27485005
27110,중구,202104,내국인,숙박업,480724
27110,중구,202104,내국인,식음료업,18067076
27110,중구,202104,내국인,여가서비스업,756383
27110,중구,202104,내국인,여행업,42404
27110,중구,202104,내국인,운송업,1502352
27110,중구,202104,내국인,의료웰니스업,1974003
27110,중구,202104,내국인,전체,50307947
27110,중구,202105,내국인,쇼핑업,30389062
27110,중구,202105,내국인,숙박업,559939
27110,중구,202105,내국인,식음료업,19159078
27110,중구,202105,내국인,여가서비스업,889595
27110,중구,202105,내국인,여행업,17985
27110,중구,202105,내국인,운송업,1477614
27110,중구,202105,내국인,의료웰니스업,2068118
27110,중구,202105,내국인,전체,54561392
27110,중구,202106,내국인,쇼핑업,27429237
27110,중구,202106,내국인,숙박업,437756
27110,중구,202106,내국인,식음료업,15110332
27110,중구,202106,내국인,여가서비스업,803225
27110,중구,202106,내국인,여행업,21266
27110,중구,202106,내국인,운송업,1323830
27110,중구,202106,내국인,의료웰니스업,2117176
27110,중구,202106,내국인,전체,47242822
27110,중구,202107,내국인,쇼핑업,24736959
27110,중구,202107,내국인,숙박업,437947
27110,중구,202107,내국인,식음료업,15638366
27110,중구,202107,내국인,여가서비스업,890951
27110,중구,202107,내국인,여행업,18299
27110,중구,202107,내국인,운송업,1702974
27110,중구,202107,내국인,의료웰니스업,2029990
27110,중구,202107,내국인,전체,45455487
27110,중구,202108,내국인,쇼핑업,23682405
27110,중구,202108,내국인,숙박업,509864
27110,중구,202108,내국인,식음료업,14210825
27110,중구,202108,내국인,여가서비스업,1026418
27110,중구,202108,내국인,여행업,14577
27110,중구,202108,내국인,운송업,1422687
27110,중구,202108,내국인,의료웰니스업,1900710
27110,중구,202108,내국인,전체,42767486
27110,중구,202109,내국인,쇼핑업,27394570
27110,중구,202109,내국인,숙박업,413069
27110,중구,202109,내국인,식음료업,16780285
27110,중구,202109,내국인,여가서비스업,1214461
27110,중구,202109,내국인,여행업,49962
27110,중구,202109,내국인,운송업,1563683
27110,중구,202109,내국인,의료웰니스업,2461878
27110,중구,202109,내국인,전체,49877907
27110,중구,202110,내국인,쇼핑업,30301938
27110,중구,202110,내국인,숙박업,532832
27110,중구,202110,내국인,식음료업,19159166
27110,중구,202110,내국인,여가서비스업,1379515
27110,중구,202110,내국인,여행업,25751
27110,중구,202110,내국인,운송업,1873593
27110,중구,202110,내국인,의료웰니스업,2150552
27110,중구,202110,내국인,전체,55423347
27110,중구,202111,내국인,쇼핑업,28576009
27110,중구,202111,내국인,숙박업,465267
27110,중구,202111,내국인,식음료업,20959071
27110,중구,202111,내국인,여가서비스업,1308539
27110,중구,202111,내국인,여행업,14117
27110,중구,202111,내국인,운송업,1815126
27110,중구,202111,내국인,의료웰니스업,2154736
27110,중구,202111,내국인,전체,55292864
27110,중구,202112,내국인,쇼핑업,29438832
27110,중구,202112,내국인,숙박업,413451
27110,중구,202112,내국인,식음료업,20064610
27110,중구,202112,내국인,여가서비스업,1054939
27110,중구,202112,내국인,여행업,7556
27110,중구,202112,내국인,운송업,2010648
27110,중구,202112,내국인,의료웰니스업,2320040
27110,중구,202112,내국인,전체,55310076
27110,중구,202201,내국인,쇼핑업,28408419
27110,중구,202201,내국인,숙박업,389982
27110,중구,202201,내국인,식음료업,18034176
27110,중구,202201,내국인,여가서비스업,1094333
27110,중구,202201,내국인,여행업,14010
27110,중구,202201,내국인,운송업,2029578
27110,중구,202201,내국인,의료웰니스업,2105506
27110,중구,202201,내국인,전체,52076004
27110,중구,202202,내국인,쇼핑업,20590451
27110,중구,202202,내국인,숙박업,331094
27110,중구,202202,내국인,식음료업,13064473
27110,중구,202202,내국인,여가서비스업,859664
27110,중구,202202,내국인,여행업,18198
27110,중구,202202,내국인,운송업,1730480
27110,중구,202202,내국인,의료웰니스업,1785977
27110,중구,202202,내국인,전체,38380336
27110,중구,202203,내국인,쇼핑업,23475529
27110,중구,202203,내국인,숙박업,400451
27110,중구,202203,내국인,식음료업,16258168
27110,중구,202203,내국인,여가서비스업,1086387
27110,중구,202203,내국인,여행업,14657
27110,중구,202203,내국인,운송업,2301372
27110,중구,202203,내국인,의료웰니스업,1988831
27110,중구,202203,내국인,전체,45525396
27110,중구,202204,내국인,쇼핑업,23953410
27110,중구,202204,내국인,숙박업,426084
27110,중구,202204,내국인,식음료업,20434720
27110,중구,202204,내국인,여가서비스업,1292115
27110,중구,202204,내국인,여행업,68573
27110,중구,202204,내국인,운송업,2645336
27110,중구,202204,내국인,의료웰니스업,1983271
27110,중구,202204,내국인,전체,50803509
27110,중구,202205,내국인,쇼핑업,27680577
27110,중구,202205,내국인,숙박업,447739
27110,중구,202205,내국인,식음료업,25113633
27110,중구,202205,내국인,여가서비스업,1899705
27110,중구,202205,내국인,여행업,57093
27110,중구,202205,내국인,운송업,3117860
27110,중구,202205,내국인,의료웰니스업,2291701
27110,중구,202205,내국인,전체,60608309
27110,중구,202206,내국인,쇼핑업,22897745
27110,중구,202206,내국인,숙박업,501612
27110,중구,202206,내국인,식음료업,23466528
27110,중구,202206,내국인,여가서비스업,1888904
27110,중구,202206,내국인,여행업,62736
27110,중구,202206,내국인,운송업,5600075
27110,중구,202206,내국인,의료웰니스업,2298711
27110,중구,202206,내국인,전체,56716310
27110,중구,202207,내국인,쇼핑업,24576663
27110,중구,202207,내국인,숙박업,501652
27110,중구,202207,내국인,식음료업,24577693
27110,중구,202207,내국인,여가서비스업,1896100
27110,중구,202207,내국인,여행업,100784
27110,중구,202207,내국인,운송업,7717060
27110,중구,202207,내국인,의료웰니스업,2270009
27110,중구,202207,내국인,전체,61639961
27110,중구,202208,내국인,쇼핑업,24427254
27110,중구,202208,내국인,숙박업,505102
27110,중구,202208,내국인,식음료업,24147831
27110,중구,202208,내국인,여가서비스업,1860431
27110,중구,202208,내국인,여행업,31691
27110,중구,202208,내국인,운송업,6207939
27110,중구,202208,내국인,의료웰니스업,2228913
27110,중구,202208,내국인,전체,59409160
27110,중구,202209,내국인,쇼핑업,26788716
27110,중구,202209,내국인,숙박업,486838
27110,중구,202209,내국인,식음료업,23731309
27110,중구,202209,내국인,여가서비스업,1823746
27110,중구,202209,내국인,여행업,107010
27110,중구,202209,내국인,운송업,8002436
27110,중구,202209,내국인,의료웰니스업,2408636
27110,중구,202209,내국인,전체,63348690
27110,중구,202210,내국인,쇼핑업,29823578
27110,중구,202210,내국인,숙박업,536185
27110,중구,202210,내국인,식음료업,28367193
27110,중구,202210,내국인,여가서비스업,2006359
27110,중구,202210,내국인,여행업,42365
27110,중구,202210,내국인,운송업,9774914
27110,중구,202210,내국인,의료웰니스업,2487773
27110,중구,202210,내국인,전체,73038366
27110,중구,202211,내국인,쇼핑업,26355215
27110,중구,202211,내국인,숙박업,506914
27110,중구,202211,내국인,식음료업,25082109
27110,중구,202211,내국인,여가서비스업,1658447
27110,중구,202211,내국인,여행업,132055
27110,중구,202211,내국인,운송업,18247774
27110,중구,202211,내국인,의료웰니스업,2245319
27110,중구,202211,내국인,전체,74227832
27110,중구,202212,내국인,쇼핑업,30966673
27110,중구,202212,내국인,숙박업,518131
27110,중구,202212,내국인,식음료업,29221088
27110,중구,202212,내국인,여가서비스업,1884539
27110,중구,202212,내국인,여행업,227903
27110,중구,202212,내국인,운송업,11188673
27110,중구,202212,내국인,의료웰니스업,2643613
27110,중구,202212,내국인,전체,76650619
27110,중구,202301,내국인,쇼핑업,27367751
27110,중구,202301,내국인,숙박업,452393
27110,중구,202301,내국인,식음료업,27285145
27110,중구,202301,내국인,여가서비스업,1692396
27110,중구,202301,내국인,여행업,306455
27110,중구,202301,내국인,운송업,8541704
27110,중구,202301,내국인,의료웰니스업,2181005
27110,중구,202301,내국인,전체,67826849
27110,중구,202302,내국인,쇼핑업,25627870
27110,중구,202302,내국인,숙박업,457016
27110,중구,202302,내국인,식음료업,25513241
27110,중구,202302,내국인,여가서비스업,1677592
27110,중구,202302,내국인,여행업,317551
27110,중구,202302,내국인,운송업,10731769
27110,중구,202302,내국인,의료웰니스업,2177605
27110,중구,202302,내국인,전체,66502644
27110,중구,202303,내국인,쇼핑업,26999419
27110,중구,202303,내국인,숙박업,450866
27110,중구,202303,내국인,식음료업,26047994
27110,중구,202303,내국인,여가서비스업,1770876
27110,중구,202303,내국인,여행업,212804
27110,중구,202303,내국인,운송업,7968684
27110,중구,202303,내국인,의료웰니스업,2659019
27110,중구,202303,내국인,전체,66109662
27110,중구,202304,내국인,쇼핑업,25901158
27110,중구,202304,내국인,숙박업,409361
27110,중구,202304,내국인,식음료업,26676407
27110,중구,202304,내국인,여가서비스업,1941187
27110,중구,202304,내국인,여행업,257402
27110,중구,202304,내국인,운송업,10699928
27110,중구,202304,내국인,의료웰니스업,2263353
27110,중구,202304,내국인,전체,68148795
27110,중구,202305,내국인,쇼핑업,28263745
27110,중구,202305,내국인,숙박업,441551
27110,중구,202305,내국인,식음료업,27097274
27110,중구,202305,내국인,여가서비스업,2226610
27110,중구,202305,내국인,여행업,300048
27110,중구,202305,내국인,운송업,11571175
27110,중구,202305,내국인,의료웰니스업,2551086
27110,중구,202305,내국인,전체,72451489
27110,중구,202306,내국인,쇼핑업,24737543
27110,중구,202306,내국인,숙박업,420750
27110,중구,202306,내국인,식음료업,25908713
27110,중구,202306,내국인,여가서비스업,2168903
27110,중구,202306,내국인,여행업,317255
27110,중구,202306,내국인,운송업,13388448
27110,중구,202306,내국인,의료웰니스업,2808346
27110,중구,202306,내국인,전체,69749958
27110,중구,202307,내국인,쇼핑업,25570731
27110,중구,202307,내국인,숙박업,489188
27110,중구,202307,내국인,식음료업,26845273
27110,중구,202307,내국인,여가서비스업,2178103
27110,중구,202307,내국인,여행업,283728
27110,중구,202307,내국인,운송업,21863403
27110,중구,202307,내국인,의료웰니스업,2662477
27110,중구,202307,내국인,전체,79892903
27110,중구,202308,내국인,쇼핑업,24209018
27110,중구,202308,내국인,숙박업,528419
27110,중구,202308,내국인,식음료업,26346877
27110,중구,202308,내국인,여가서비스업,1985299
27110,중구,202308,내국인,여행업,266533
27110,중구,202308,내국인,운송업,16663167
27110,중구,202308,내국인,의료웰니스업,2605775
27110,중구,202308,내국인,전체,72605088
27110,중구,202309,내국인,쇼핑업,27909108
27110,중구,202309,내국인,숙박업,418318
27110,중구,202309,내국인,식음료업,26528917
27110,중구,202309,내국인,여가서비스업,1892042
27110,중구,202309,내국인,여행업,324280
27110,중구,202309,내국인,운송업,11883969
27110,중구,202309,내국인,의료웰니스업,2837202
27110,중구,202309,내국인,전체,71793836
27110,중구,202310,내국인,쇼핑업,27929082
27110,중구,202310,내국인,숙박업,422267
27110,중구,202310,내국인,식음료업,26830174
27110,중구,202310,내국인,여가서비스업,2100118
27110,중구,202310,내국인,여행업,347647
27110,중구,202310,내국인,운송업,15382422
27110,중구,202310,내국인,의료웰니스업,2431616
27110,중구,202310,내국인,전체,75443326
27110,중구,202311,내국인,쇼핑업,26489620
27110,중구,202311,내국인,숙박업,418634
27110,중구,202311,내국인,식음료업,24367191
27110,중구,202311,내국인,여가서비스업,1862423
27110,중구,202311,내국인,여행업,324690
27110,중구,202311,내국인,운송업,16230599
27110,중구,202311,내국인,의료웰니스업,2403162
27110,중구,202311,내국인,전체,72096319
27110,중구,202312,내국인,쇼핑업,30824605
27110,중구,202312,내국인,숙박업,508836
27110,중구,202312,내국인,식음료업,31054564
27110,중구,202312,내국인,여가서비스업,2036961
27110,중구,202312,내국인,여행업,409601
27110,중구,202312,내국인,운송업,13932005
27110,중구,202312,내국인,의료웰니스업,2720334
27110,중구,202312,내국인,전체,81486907
27110,중구,202401,내국인,쇼핑업,26085409
27110,중구,202401,내국인,숙박업,412984
27110,중구,202401,내국인,식음료업,27027994
27110,중구,202401,내국인,여가서비스업,1702201
27110,중구,202401,내국인,여행업,560575
27110,중구,202401,내국인,운송업,18003016
27110,중구,202401,내국인,의료웰니스업,2334915
27110,중구,202401,내국인,전체,76127094
27110,중구,202402,내국인,쇼핑업,25903205
27110,중구,202402,내국인,숙박업,410732
27110,중구,202402,내국인,식음료업,26742598
27110,중구,202402,내국인,여가서비스업,1820318
27110,중구,202402,내국인,여행업,345247
27110,중구,202402,내국인,운송업,12430635
27110,중구,202402,내국인,의료웰니스업,2626894
27110,중구,202402,내국인,전체,70279629
27110,중구,202403,내국인,쇼핑업,28939001
27110,중구,202403,내국인,숙박업,424144
27110,중구,202403,내국인,식음료업,27847477
27110,중구,202403,내국인,여가서비스업,1921004
27110,중구,202403,내국인,여행업,341939
27110,중구,202403,내국인,운송업,18712824
27110,중구,202403,내국인,의료웰니스업,2857424
27110,중구,202403,내국인,전체,81043812
27110,중구,202404,내국인,쇼핑업,26456411
27110,중구,202404,내국인,숙박업,379599
27110,중구,202404,내국인,식음료업,24985344
27110,중구,202404,내국인,여가서비스업,1745187
27110,중구,202404,내국인,여행업,400024
27110,중구,202404,내국인,운송업,21237756
27110,중구,202404,내국인,의료웰니스업,2438114
27110,중구,202404,내국인,전체,77642433
27110,중구,202405,내국인,쇼핑업,28639627
27110,중구,202405,내국인,숙박업,443258
27110,중구,202405,내국인,식음료업,28616620
27110,중구,202405,내국인,여가서비스업,2166326
27110,중구,202405,내국인,여행업,234769
27110,중구,202405,내국인,운송업,24266963
27110,중구,202405,내국인,의료웰니스업,2781377
27110,중구,202405,내국인,전체,87148941
27110,중구,202406,내국인,쇼핑업,27021137
27110,중구,202406,내국인,숙박업,376331
27110,중구,202406,내국인,식음료업,26887415
27110,중구,202406,내국인,여가서비스업,2073739
27110,중구,202406,내국인,여행업,280760
27110,중구,202406,내국인,운송업,23005164
27110,중구,202406,내국인,의료웰니스업,2919753
27110,중구,202406,내국인,전체,82564300
27110,중구,202407,내국인,쇼핑업,27686157
27110,중구,202407,내국인,숙박업,408264
27110,중구,202407,내국인,식음료업,25968908
27110,중구,202407,내국인,여가서비스업,2100963
27110,중구,202407,내국인,여행업,303483
27110,중구,202407,내국인,운송업,27504982
27110,중구,202407,내국인,의료웰니스업,2613351
27110,중구,202407,내국인,전체,86586110
27110,중구,202408,내국인,쇼핑업,26213040
27110,중구,202408,내국인,숙박업,409184
27110,중구,202408,내국인,식음료업,26532057
27110,중구,202408,내국인,여가서비스업,1887512
27110,중구,202408,내국인,여행업,285556
27110,중구,202408,내국인,운송업,25594309
27110,중구,202408,내국인,의료웰니스업,2888405
27110,중구,202408,내국인,전체,83810064
27110,중구,202409,내국인,쇼핑업,27781816
27110,중구,202409,내국인,숙박업,368325
27110,중구,202409,내국인,식음료업,25862317
27110,중구,202409,내국인,여가서비스업,1939798
27110,중구,202409,내국인,여행업,308410
27110,중구,202409,내국인,운송업,21817515
27110,중구,202409,내국인,의료웰니스업,2674324
27110,중구,202409,내국인,전체,80752505
27110,중구,202410,내국인,쇼핑업,29023564
27110,중구,202410,내국인,숙박업,435492
27110,중구,202410,내국인,식음료업,26807881
27110,중구,202410,내국인,여가서비스업,2083324
27110,중구,202410,내국인,여행업,304615
27110,중구,202410,내국인,운송업,19373579
27110,중구,202410,내국인,의료웰니스업,2476329
27110,중구,202410,내국인,전체,80504785
27110,중구,202411,내국인,쇼핑업,26948540
27110,중구,202411,내국인,숙박업,420324
27110,중구,202411,내국인,식음료업,26357295
27110,중구,202411,내국인,여가서비스업,1968623
27110,중구,202411,내국인,여행업,509222
27110,중구,202411,내국인,운송업,23671432
27110,중구,202411,내국인,의료웰니스업,2628953
27110,중구,202411,내국인,전체,82504388
27110,중구,202412,내국인,쇼핑업,31407445
27110,중구,202412,내국인,숙박업,386359
27110,중구,202412,내국인,식음료업,30026145
27110,중구,202412,내국인,여가서비스업,1978067
27110,중구,202412,내국인,여행업,429408
27110,중구,202412,내국인,운송업,28427200
27110,중구,202412,내국인,의료웰니스업,2778486
27110,중구,202412,내국인,전체,95433111
27110,중구,202501,내국인,쇼핑업,28394182
27110,중구,202501,내국인,숙박업,372883
27110,중구,202501,내국인,식음료업,28446703
27110,중구,202501,내국인,여가서비스업,1872243
27110,중구,202501,내국인,여행업,343761
27110,중구,202501,내국인,운송업,19174226
27110,중구,202501,내국인,의료웰니스업,2443850
27110,중구,202501,내국인,전체,81047849
27110,중구,202502,내국인,쇼핑업,23877399
27110,중구,202502,내국인,숙박업,322463
27110,중구,202502,내국인,식음료업,24475421
27110,중구,202502,내국인,여가서비스업,1713534
27110,중구,202502,내국인,여행업,296545
27110,중구,202502,내국인,운송업,14815493
27110,중구,202502,내국인,의료웰니스업,2406447
27110,중구,202502,내국인,전체,67907302
27110,중구,202503,내국인,쇼핑업,27446726
27110,중구,202503,내국인,숙박업,339379
27110,중구,202503,내국인,식음료업,27292002
27110,중구,202503,내국인,여가서비스업,1951783
27110,중구,202503,내국인,여행업,322899
27110,중구,202503,내국인,운송업,16283326
27110,중구,202503,내국인,의료웰니스업,2731834
27110,중구,202503,내국인,전체,76367948
27110,중구,202504,내국인,쇼핑업,25663405
27110,중구,202504,내국인,숙박업,289016
27110,중구,202504,내국인,식음료업,24851329
27110,중구,202504,내국인,여가서비스업,1874236
27110,중구,202504,내국인,여행업,467713
27110,중구,202504,내국인,운송업,11196192
27110,중구,202504,내국인,의료웰니스업,2416364
27110,중구,202504,내국인,전체,66758254
27110,중구,202505,내국인,쇼핑업,28354116
27110,중구,202505,내국인,숙박업,370132
27110,중구,202505,내국인,식음료업,30021218
27110,중구,202505,내국인,여가서비스업,2468174
27110,중구,202505,내국인,여행업,320346
27110,중구,202505,내국인,운송업,13256241
27110,중구,202505,내국인,의료웰니스업,2940920
27110,중구,202505,내국인,전체,77731147
27110,중구,202506,내국인,쇼핑업,24405670
27110,중구,202506,내국인,숙박업,317767
27110,중구,202506,내국인,식음료업,25616220
27110,중구,202506,내국인,여가서비스업,2009475
27110,중구,202506,내국인,여행업,298953
27110,중구,202506,내국인,운송업,10707708
27110,중구,202506,내국인,의료웰니스업,2592665
27110,중구,202506,내국인,전체,65948459
27110,중구,202507,내국인,쇼핑업,25853671
27110,중구,202507,내국인,숙박업,354267
27110,중구,202507,내국인,식음료업,26546349
27110,중구,202507,내국인,여가서비스업,1968353
27110,중구,202507,내국인,여행업,328713
27110,중구,202507,내국인,운송업,10315278
27110,중구,202507,내국인,의료웰니스업,3040410
27110,중구,202507,내국인,전체,68407041
27110,중구,202508,내국인,쇼핑업,25827724
27110,중구,202508,내국인,숙박업,416765
27110,중구,202508,내국인,식음료업,28429668
27110,중구,202508,내국인,여가서비스업,2207876
27110,중구,202508,내국인,여행업,246510
27110,중구,202508,내국인,운송업,6001484
27110,중구,202508,내국인,의료웰니스업,3116505
27110,중구,202508,내국인,전체,66246532
27110,중구,202509,내국인,쇼핑업,25895999
27110,중구,202509,내국인,숙박업,301278
27110,중구,202509,내국인,식음료업,24263798
27110,중구,202509,내국인,여가서비스업,1875250
27110,중구,202509,내국인,여행업,467344
27110,중구,202509,내국인,운송업,5851924
27110,중구,202509,내국인,의료웰니스업,2750126
27110,중구,202509,내국인,전체,61405719
27110,중구,202510,내국인,쇼핑업,30673607
27110,중구,202510,내국인,숙박업,381803
27110,중구,202510,내국인,식음료업,30467575
27110,중구,202510,내국인,여가서비스업,2514059
27110,중구,202510,내국인,여행업,369875
27110,중구,202510,내국인,운송업,6247103
27110,중구,202510,내국인,의료웰니스업,2858445
27110,중구,202510,내국인,전체,73512466
27110,중구,202511,내국인,쇼핑업,31131360
27110,중구,202511,내국인,숙박업,316106
27110,중구,202511,내국인,식음료업,27587645
27110,중구,202511,내국인,여가서비스업,2245356
27110,중구,202511,내국인,여행업,390935
27110,중구,202511,내국인,운송업,8492926
27110,중구,202511,내국인,의료웰니스업,3108227
27110,중구,202511,내국인,전체,73272555
27110,중구,202512,내국인,쇼핑업,33431224
27110,중구,202512,내국인,숙박업,388833
27110,중구,202512,내국인,식음료업,31932135
27110,중구,202512,내국인,여가서비스업,2257487
27110,중구,202512,내국인,여행업,346403
27110,중구,202512,내국인,운송업,33198417
27110,중구,202512,내국인,의료웰니스업,3408420
27110,중구,202512,내국인,전체,104962919
27110,중구,202601,내국인,쇼핑업,30259849
27110,중구,202601,내국인,숙박업,368069
27110,중구,202601,내국인,식음료업,31265180
27110,중구,202601,내국인,여가서비스업,2085580
27110,중구,202601,내국인,여행업,512495
27110,중구,202601,내국인,운송업,9484449
27110,중구,202601,내국인,의료웰니스업,3074203
27110,중구,202601,내국인,전체,77049824
27110,중구,202602,내국인,쇼핑업,30345101
27110,중구,202602,내국인,숙박업,340016
27110,중구,202602,내국인,식음료업,29783695
27110,중구,202602,내국인,여가서비스업,2377517
27110,중구,202602,내국인,여행업,466405
27110,중구,202602,내국인,운송업,6672086
27110,중구,202602,내국인,의료웰니스업,2775671
27110,중구,202602,내국인,전체,72760492
27110,중구,202603,내국인,쇼핑업,30567015
27110,중구,202603,내국인,숙박업,357018
27110,중구,202603,내국인,식음료업,29163566
27110,중구,202603,내국인,여가서비스업,2297708
27110,중구,202603,내국인,여행업,514403
27110,중구,202603,내국인,운송업,13816054
27110,중구,202603,내국인,의료웰니스업,3296292
27110,중구,202603,내국인,전체,80012057
27110,중구,202604,내국인,쇼핑업,29217964
27110,중구,202604,내국인,숙박업,350299
27110,중구,202604,내국인,식음료업,28610211
27110,중구,202604,내국인,여가서비스업,2227068
27110,중구,202604,내국인,여행업,236613
27110,중구,202604,내국인,운송업,6227614
27110,중구,202604,내국인,의료웰니스업,2824064
27110,중구,202604,내국인,전체,69693834
27110,중구,202605,내국인,쇼핑업,33466319
27110,중구,202605,내국인,숙박업,349524
27110,중구,202605,내국인,식음료업,35138405
27110,중구,202605,내국인,여가서비스업,2847051
27110,중구,202605,내국인,여행업,321529
27110,중구,202605,내국인,운송업,4876859
27110,중구,202605,내국인,의료웰니스업,3634876
27110,중구,202605,내국인,전체,80634563
27110,중구,202606,내국인,쇼핑업,27462173
27110,중구,202606,내국인,숙박업,339644
27110,중구,202606,내국인,식음료업,28842589
27110,중구,202606,내국인,여가서비스업,2235700
27110,중구,202606,내국인,여행업,320572
27110,중구,202606,내국인,운송업,5807928
27110,중구,202606,내국인,의료웰니스업,3247493
27110,중구,202606,내국인,전체,68256099
27110,중구,202607,내국인,쇼핑업,28308755
27110,중구,202607,내국인,숙박업,343477
27110,중구,202607,내국인,식음료업,30458526
27110,중구,202607,내국인,여가서비스업,2404516
27110,중구,202607,내국인,여행업,323712
27110,중구,202607,내국인,운송업,9988818
27110,중구,202607,내국인,의료웰니스업,3089853
27110,중구,202607,내국인,전체,74917655
27110,중구,202608,내국인,쇼핑업,26881236
27110,중구,202608,내국인,숙박업,374840
27110,중구,202608,내국인,식음료업,31357231
27110,중구,202608,내국인,여가서비스업,2621111
27110,중구,202608,내국인,여행업,363734
27110,중구,202608,내국인,운송업,6345478
27110,중구,202608,내국인,의료웰니스업,3105572
27110,중구,202608,내국인,전체,71049203
27140,동구,202001,내국인,쇼핑업,78812868
27140,동구,202001,내국인,숙박업,868979
27140,동구,202001,내국인,식음료업,13201443
27140,동구,202001,내국인,여가서비스업,1204762
27140,동구,202001,내국인,운송업,8179495
27140,동구,202001,내국인,의료웰니스업,674993
27140,동구,202001,내국인,전체,102942539
27140,동구,202002,내국인,쇼핑업,59227404
27140,동구,202002,내국인,숙박업,663625
27140,동구,202002,내국인,식음료업,8605097
27140,동구,202002,내국인,여가서비스업,814892
27140,동구,202002,내국인,운송업,6743162
27140,동구,202002,내국인,의료웰니스업,429864
27140,동구,202002,내국인,전체,76484045
27140,동구,202003,내국인,쇼핑업,39062305
27140,동구,202003,내국인,숙박업,588884
27140,동구,202003,내국인,식음료업,6255207
27140,동구,202003,내국인,여가서비스업,600804
27140,동구,202003,내국인,운송업,5367948
27140,동구,202003,내국인,의료웰니스업,287083
27140,동구,202003,내국인,전체,52162232
27140,동구,202004,내국인,쇼핑업,59738054
27140,동구,202004,내국인,숙박업,540163
27140,동구,202004,내국인,식음료업,8727796
27140,동구,202004,내국인,여가서비스업,952550
27140,동구,202004,내국인,운송업,5699011
27140,동구,202004,내국인,의료웰니스업,454276
27140,동구,202004,내국인,전체,76111849
27140,동구,202005,내국인,쇼핑업,80552514
27140,동구,202005,내국인,숙박업,535862
27140,동구,202005,내국인,식음료업,12376868
27140,동구,202005,내국인,여가서비스업,1068292
27140,동구,202005,내국인,운송업,5830413
27140,동구,202005,내국인,의료웰니스업,591090
27140,동구,202005,내국인,전체,100955039
27140,동구,202006,내국인,쇼핑업,77532850
27140,동구,202006,내국인,숙박업,615525
27140,동구,202006,내국인,식음료업,12318568
27140,동구,202006,내국인,여가서비스업,1229496
27140,동구,202006,내국인,운송업,6067359
27140,동구,202006,내국인,의료웰니스업,467116
27140,동구,202006,내국인,전체,98230915
27140,동구,202007,내국인,쇼핑업,75687795
27140,동구,202007,내국인,숙박업,697206
27140,동구,202007,내국인,식음료업,13241685
27140,동구,202007,내국인,여가서비스업,1172403
27140,동구,202007,내국인,운송업,6411585
27140,동구,202007,내국인,의료웰니스업,510539
27140,동구,202007,내국인,전체,97721212
27140,동구,202008,내국인,쇼핑업,74125204
27140,동구,202008,내국인,숙박업,813341
27140,동구,202008,내국인,식음료업,13206281
27140,동구,202008,내국인,여가서비스업,1445583
27140,동구,202008,내국인,운송업,6894533
27140,동구,202008,내국인,의료웰니스업,492083
27140,동구,202008,내국인,전체,96977025
27140,동구,202009,내국인,쇼핑업,88075476
27140,동구,202009,내국인,숙박업,801049
27140,동구,202009,내국인,식음료업,11814318
27140,동구,202009,내국인,여가서비스업,1088033
27140,동구,202009,내국인,운송업,6484780
27140,동구,202009,내국인,의료웰니스업,526511
27140,동구,202009,내국인,전체,108790168
27140,동구,202010,내국인,쇼핑업,96073000
27140,동구,202010,내국인,숙박업,793150
27140,동구,202010,내국인,식음료업,13464038
27140,동구,202010,내국인,여가서비스업,1479227
27140,동구,202010,내국인,운송업,6731195
27140,동구,202010,내국인,의료웰니스업,495475
27140,동구,202010,내국인,전체,119036086
27140,동구,202011,내국인,쇼핑업,92400318
27140,동구,202011,내국인,숙박업,953149
27140,동구,202011,내국인,식음료업,12935591
27140,동구,202011,내국인,여가서비스업,1214335
27140,동구,202011,내국인,운송업,6429568
27140,동구,202011,내국인,의료웰니스업,547364
27140,동구,202011,내국인,전체,114480326
27140,동구,202012,내국인,쇼핑업,93964373
27140,동구,202012,내국인,숙박업,974193
27140,동구,202012,내국인,식음료업,10258398
27140,동구,202012,내국인,여가서비스업,867349
27140,동구,202012,내국인,여행업,27083
27140,동구,202012,내국인,운송업,6552197
27140,동구,202012,내국인,의료웰니스업,543991
27140,동구,202012,내국인,전체,113187584
27140,동구,202101,내국인,쇼핑업,88396349
27140,동구,202101,내국인,숙박업,782842
27140,동구,202101,내국인,식음료업,8909766
27140,동구,202101,내국인,여가서비스업,703666
27140,동구,202101,내국인,운송업,6552676
27140,동구,202101,내국인,의료웰니스업,498146
27140,동구,202101,내국인,전체,105843447
27140,동구,202102,내국인,쇼핑업,98657094
27140,동구,202102,내국인,숙박업,969846
27140,동구,202102,내국인,식음료업,9340398
27140,동구,202102,내국인,여가서비스업,893894
27140,동구,202102,내국인,운송업,6767395
27140,동구,202102,내국인,의료웰니스업,520295
27140,동구,202102,내국인,전체,117148923
27140,동구,202103,내국인,쇼핑업,114388179
27140,동구,202103,내국인,숙박업,1095318
27140,동구,202103,내국인,식음료업,11520866
27140,동구,202103,내국인,여가서비스업,947274
27140,동구,202103,내국인,운송업,7600911
27140,동구,202103,내국인,의료웰니스업,570886
27140,동구,202103,내국인,전체,136123433
27140,동구,202104,내국인,쇼핑업,108979692
27140,동구,202104,내국인,숙박업,1265571
27140,동구,202104,내국인,식음료업,11720233
27140,동구,202104,내국인,여가서비스업,1066869
27140,동구,202104,내국인,운송업,7482239
27140,동구,202104,내국인,의료웰니스업,611583
27140,동구,202104,내국인,전체,131126186
27140,동구,202105,내국인,쇼핑업,117880476
27140,동구,202105,내국인,숙박업,1505294
27140,동구,202105,내국인,식음료업,12566031
27140,동구,202105,내국인,여가서비스업,1194737
27140,동구,202105,내국인,운송업,7427385
27140,동구,202105,내국인,의료웰니스업,689497
27140,동구,202105,내국인,전체,141263419
27140,동구,202106,내국인,쇼핑업,106748352
27140,동구,202106,내국인,숙박업,1231448
27140,동구,202106,내국인,식음료업,10638175
27140,동구,202106,내국인,여가서비스업,1076688
27140,동구,202106,내국인,운송업,7129830
27140,동구,202106,내국인,의료웰니스업,569165
27140,동구,202106,내국인,전체,127393657
27140,동구,202107,내국인,쇼핑업,104455563
27140,동구,202107,내국인,숙박업,1316259
27140,동구,202107,내국인,식음료업,12080387
27140,동구,202107,내국인,여가서비스업,1169951
27140,동구,202107,내국인,운송업,7853215
27140,동구,202107,내국인,의료웰니스업,662614
27140,동구,202107,내국인,전체,127537989
27140,동구,202108,내국인,쇼핑업,100018912
27140,동구,202108,내국인,숙박업,1338817
27140,동구,202108,내국인,식음료업,11188428
27140,동구,202108,내국인,여가서비스업,1202600
27140,동구,202108,내국인,운송업,8147187
27140,동구,202108,내국인,의료웰니스업,549336
27140,동구,202108,내국인,전체,122445279
27140,동구,202109,내국인,쇼핑업,114498256
27140,동구,202109,내국인,숙박업,1450923
27140,동구,202109,내국인,식음료업,11918793
27140,동구,202109,내국인,여가서비스업,1247477
27140,동구,202109,내국인,운송업,7656158
27140,동구,202109,내국인,의료웰니스업,656329
27140,동구,202109,내국인,전체,137427936
27140,동구,202110,내국인,쇼핑업,129579866
27140,동구,202110,내국인,숙박업,1886388
27140,동구,202110,내국인,식음료업,13669127
27140,동구,202110,내국인,여가서비스업,1379635
27140,동구,202110,내국인,여행업,1621
27140,동구,202110,내국인,운송업,8497054
27140,동구,202110,내국인,의료웰니스업,663111
27140,동구,202110,내국인,전체,155676802
27140,동구,202111,내국인,쇼핑업,127978200
27140,동구,202111,내국인,숙박업,1554475
27140,동구,202111,내국인,식음료업,13876748
27140,동구,202111,내국인,여가서비스업,1377057
27140,동구,202111,내국인,운송업,8562455
27140,동구,202111,내국인,의료웰니스업,756312
27140,동구,202111,내국인,전체,154105246
27140,동구,202112,내국인,쇼핑업,131756909
27140,동구,202112,내국인,숙박업,1714879
27140,동구,202112,내국인,식음료업,12528561
27140,동구,202112,내국인,여가서비스업,1021433
27140,동구,202112,내국인,운송업,8739823
27140,동구,202112,내국인,의료웰니스업,743354
27140,동구,202112,내국인,전체,156504959
27140,동구,202201,내국인,쇼핑업,131451846
27140,동구,202201,내국인,숙박업,1202162
27140,동구,202201,내국인,식음료업,11181845
27140,동구,202201,내국인,여가서비스업,884733
27140,동구,202201,내국인,운송업,8051454
27140,동구,202201,내국인,의료웰니스업,736327
27140,동구,202201,내국인,전체,153508367
27140,동구,202202,내국인,쇼핑업,119461015
27140,동구,202202,내국인,숙박업,1041939
27140,동구,202202,내국인,식음료업,8821459
27140,동구,202202,내국인,여가서비스업,777155
27140,동구,202202,내국인,운송업,7019825
27140,동구,202202,내국인,의료웰니스업,580005
27140,동구,202202,내국인,전체,137701398
27140,동구,202203,내국인,쇼핑업,128563899
27140,동구,202203,내국인,숙박업,1247102
27140,동구,202203,내국인,식음료업,11203703
27140,동구,202203,내국인,여가서비스업,906407
27140,동구,202203,내국인,운송업,8230431
27140,동구,202203,내국인,의료웰니스업,700843
27140,동구,202203,내국인,전체,150852385
27140,동구,202204,내국인,쇼핑업,132341663
27140,동구,202204,내국인,숙박업,1403299
27140,동구,202204,내국인,식음료업,13925965
27140,동구,202204,내국인,여가서비스업,1164041
27140,동구,202204,내국인,운송업,9211921
27140,동구,202204,내국인,의료웰니스업,706256
27140,동구,202204,내국인,전체,158753145
27140,동구,202205,내국인,쇼핑업,142477347
27140,동구,202205,내국인,숙박업,1594837
27140,동구,202205,내국인,식음료업,16358226
27140,동구,202205,내국인,여가서비스업,1672416
27140,동구,202205,내국인,운송업,9570306
27140,동구,202205,내국인,의료웰니스업,849067
27140,동구,202205,내국인,전체,172522199
27140,동구,202206,내국인,쇼핑업,123549271
27140,동구,202206,내국인,숙박업,1713725
27140,동구,202206,내국인,식음료업,14613794
27140,동구,202206,내국인,여가서비스업,1535905
27140,동구,202206,내국인,운송업,9251215
27140,동구,202206,내국인,의료웰니스업,779685
27140,동구,202206,내국인,전체,151443594
27140,동구,202207,내국인,쇼핑업,123025857
27140,동구,202207,내국인,숙박업,1391940
27140,동구,202207,내국인,식음료업,16065791
27140,동구,202207,내국인,여가서비스업,1812450
27140,동구,202207,내국인,운송업,10034527
27140,동구,202207,내국인,의료웰니스업,797420
27140,동구,202207,내국인,전체,153127985
27140,동구,202208,내국인,쇼핑업,114711457
27140,동구,202208,내국인,숙박업,1523317
27140,동구,202208,내국인,식음료업,15167040
27140,동구,202208,내국인,여가서비스업,1827640
27140,동구,202208,내국인,운송업,8873873
27140,동구,202208,내국인,의료웰니스업,678981
27140,동구,202208,내국인,전체,142782307
27140,동구,202209,내국인,쇼핑업,123487522
27140,동구,202209,내국인,숙박업,1284869
27140,동구,202209,내국인,식음료업,14907003
27140,동구,202209,내국인,여가서비스업,1488462
27140,동구,202209,내국인,여행업,528
27140,동구,202209,내국인,운송업,8078204
27140,동구,202209,내국인,의료웰니스업,809677
27140,동구,202209,내국인,전체,150056266
27140,동구,202210,내국인,쇼핑업,151053306
27140,동구,202210,내국인,숙박업,1820932
27140,동구,202210,내국인,식음료업,18526828
27140,동구,202210,내국인,여가서비스업,1899829
27140,동구,202210,내국인,여행업,1016
27140,동구,202210,내국인,운송업,9138786
27140,동구,202210,내국인,의료웰니스업,906251
27140,동구,202210,내국인,전체,183346948
27140,동구,202211,내국인,쇼핑업,138101500
27140,동구,202211,내국인,숙박업,1704666
27140,동구,202211,내국인,식음료업,16589338
27140,동구,202211,내국인,여가서비스업,1656140
27140,동구,202211,내국인,여행업,1502
27140,동구,202211,내국인,운송업,9073654
27140,동구,202211,내국인,의료웰니스업,828348
27140,동구,202211,내국인,전체,167955149
27140,동구,202212,내국인,쇼핑업,147922298
27140,동구,202212,내국인,숙박업,1901482
27140,동구,202212,내국인,식음료업,17052660
27140,동구,202212,내국인,여가서비스업,1441800
27140,동구,202212,내국인,운송업,9503175
27140,동구,202212,내국인,의료웰니스업,905930
27140,동구,202212,내국인,전체,178727345
27140,동구,202301,내국인,쇼핑업,139101826
27140,동구,202301,내국인,숙박업,1312746
27140,동구,202301,내국인,식음료업,15976250
27140,동구,202301,내국인,여가서비스업,1243235
27140,동구,202301,내국인,여행업,5996
27140,동구,202301,내국인,운송업,8035814
27140,동구,202301,내국인,의료웰니스업,878234
27140,동구,202301,내국인,전체,166554101
27140,동구,202302,내국인,쇼핑업,122230169
27140,동구,202302,내국인,숙박업,1456230
27140,동구,202302,내국인,식음료업,15057051
27140,동구,202302,내국인,여가서비스업,1142158
27140,동구,202302,내국인,운송업,7859258
27140,동구,202302,내국인,의료웰니스업,879652
27140,동구,202302,내국인,전체,148624518
27140,동구,202303,내국인,쇼핑업,125583514
27140,동구,202303,내국인,숙박업,1309756
27140,동구,202303,내국인,식음료업,17012191
27140,동구,202303,내국인,여가서비스업,1376978
27140,동구,202303,내국인,여행업,11008
27140,동구,202303,내국인,운송업,8126172
27140,동구,202303,내국인,의료웰니스업,933265
27140,동구,202303,내국인,전체,154352884
27140,동구,202304,내국인,쇼핑업,128408269
27140,동구,202304,내국인,숙박업,1369785
27140,동구,202304,내국인,식음료업,16909294
27140,동구,202304,내국인,여가서비스업,1451546
27140,동구,202304,내국인,여행업,3615
27140,동구,202304,내국인,운송업,7058666
27140,동구,202304,내국인,의료웰니스업,937238
27140,동구,202304,내국인,전체,156138413
27140,동구,202305,내국인,쇼핑업,129887995
27140,동구,202305,내국인,숙박업,1608383
27140,동구,202305,내국인,식음료업,18242160
27140,동구,202305,내국인,여가서비스업,1558848
27140,동구,202305,내국인,운송업,7617967
27140,동구,202305,내국인,의료웰니스업,1021832
27140,동구,202305,내국인,전체,159937184
27140,동구,202306,내국인,쇼핑업,117445999
27140,동구,202306,내국인,숙박업,1443839
27140,동구,202306,내국인,식음료업,16605010
27140,동구,202306,내국인,여가서비스업,1542354
27140,동구,202306,내국인,여행업,15091
27140,동구,202306,내국인,운송업,7136733
27140,동구,202306,내국인,의료웰니스업,949312
27140,동구,202306,내국인,전체,145138337
27140,동구,202307,내국인,쇼핑업,116009732
27140,동구,202307,내국인,숙박업,1360812
27140,동구,202307,내국인,식음료업,17542578
27140,동구,202307,내국인,여가서비스업,1649973
27140,동구,202307,내국인,운송업,6934450
27140,동구,202307,내국인,의료웰니스업,1101265
27140,동구,202307,내국인,전체,144598811
27140,동구,202308,내국인,쇼핑업,107640848
27140,동구,202308,내국인,숙박업,1593474
27140,동구,202308,내국인,식음료업,17251651
27140,동구,202308,내국인,여가서비스업,1692102
27140,동구,202308,내국인,운송업,7551587
27140,동구,202308,내국인,의료웰니스업,1096062
27140,동구,202308,내국인,전체,136825724
27140,동구,202309,내국인,쇼핑업,126701038
27140,동구,202309,내국인,숙박업,1499947
27140,동구,202309,내국인,식음료업,16827329
27140,동구,202309,내국인,여가서비스업,1445396
27140,동구,202309,내국인,운송업,7985259
27140,동구,202309,내국인,의료웰니스업,1067836
27140,동구,202309,내국인,전체,155526805
27140,동구,202310,내국인,쇼핑업,139377344
27140,동구,202310,내국인,숙박업,1585133
27140,동구,202310,내국인,식음료업,17491744
27140,동구,202310,내국인,여가서비스업,1743621
27140,동구,202310,내국인,운송업,8350320
27140,동구,202310,내국인,의료웰니스업,1043818
27140,동구,202310,내국인,전체,169591981
27140,동구,202311,내국인,쇼핑업,129840450
27140,동구,202311,내국인,숙박업,1567542
27140,동구,202311,내국인,식음료업,15918118
27140,동구,202311,내국인,여가서비스업,1525776
27140,동구,202311,내국인,여행업,36863
27140,동구,202311,내국인,운송업,7813301
27140,동구,202311,내국인,의료웰니스업,1027064
27140,동구,202311,내국인,전체,157729114
27140,동구,202312,내국인,쇼핑업,152247986
27140,동구,202312,내국인,숙박업,2073458
27140,동구,202312,내국인,식음료업,18249882
27140,동구,202312,내국인,여가서비스업,1395249
27140,동구,202312,내국인,여행업,1319
27140,동구,202312,내국인,운송업,8077603
27140,동구,202312,내국인,의료웰니스업,1059956
27140,동구,202312,내국인,전체,183105453
27140,동구,202401,내국인,쇼핑업,135437215
27140,동구,202401,내국인,숙박업,1365460
27140,동구,202401,내국인,식음료업,16058034
27140,동구,202401,내국인,여가서비스업,1035436
27140,동구,202401,내국인,운송업,6967463
27140,동구,202401,내국인,의료웰니스업,1025495
27140,동구,202401,내국인,전체,161889103
27140,동구,202402,내국인,쇼핑업,125448186
27140,동구,202402,내국인,숙박업,1248045
27140,동구,202402,내국인,식음료업,15514700
27140,동구,202402,내국인,여가서비스업,1136779
27140,동구,202402,내국인,운송업,6158314
27140,동구,202402,내국인,의료웰니스업,1162092
27140,동구,202402,내국인,전체,150668117
27140,동구,202403,내국인,쇼핑업,131652156
27140,동구,202403,내국인,숙박업,1321867
27140,동구,202403,내국인,식음료업,17654388
27140,동구,202403,내국인,여가서비스업,1422518
27140,동구,202403,내국인,여행업,53779
27140,동구,202403,내국인,운송업,6931618
27140,동구,202403,내국인,의료웰니스업,1125666
27140,동구,202403,내국인,전체,160161992
27140,동구,202404,내국인,쇼핑업,132132039
27140,동구,202404,내국인,숙박업,1385431
27140,동구,202404,내국인,식음료업,16926729
27140,동구,202404,내국인,여가서비스업,1424967
27140,동구,202404,내국인,여행업,3127
27140,동구,202404,내국인,운송업,6350526
27140,동구,202404,내국인,의료웰니스업,982150
27140,동구,202404,내국인,전체,159204969
27140,동구,202405,내국인,쇼핑업,130487797
27140,동구,202405,내국인,숙박업,1465671
27140,동구,202405,내국인,식음료업,18708791
27140,동구,202405,내국인,여가서비스업,1673852
27140,동구,202405,내국인,운송업,7529824
27140,동구,202405,내국인,의료웰니스업,1171169
27140,동구,202405,내국인,전체,161037103
27140,동구,202406,내국인,쇼핑업,126239646
27140,동구,202406,내국인,숙박업,1260481
27140,동구,202406,내국인,식음료업,17610556
27140,동구,202406,내국인,여가서비스업,1505567
27140,동구,202406,내국인,여행업,1
27140,동구,202406,내국인,운송업,7026970
27140,동구,202406,내국인,의료웰니스업,1090413
27140,동구,202406,내국인,전체,154733632
27140,동구,202407,내국인,쇼핑업,113111646
27140,동구,202407,내국인,숙박업,1165204
27140,동구,202407,내국인,식음료업,17122411
27140,동구,202407,내국인,여가서비스업,1483446
27140,동구,202407,내국인,여행업,0
27140,동구,202407,내국인,운송업,6663394
27140,동구,202407,내국인,의료웰니스업,1098570
27140,동구,202407,내국인,전체,140644672
27140,동구,202408,내국인,쇼핑업,118215698
27140,동구,202408,내국인,숙박업,1432542
27140,동구,202408,내국인,식음료업,17728281
27140,동구,202408,내국인,여가서비스업,1565935
27140,동구,202408,내국인,운송업,7816285
27140,동구,202408,내국인,의료웰니스업,963269
27140,동구,202408,내국인,전체,147722010
27140,동구,202409,내국인,쇼핑업,122630836
27140,동구,202409,내국인,숙박업,1535030
27140,동구,202409,내국인,식음료업,17312653
27140,동구,202409,내국인,여가서비스업,1451068
27140,동구,202409,내국인,운송업,7752777
27140,동구,202409,내국인,의료웰니스업,966572
27140,동구,202409,내국인,전체,151648936
27140,동구,202410,내국인,쇼핑업,134265530
27140,동구,202410,내국인,숙박업,1744611
27140,동구,202410,내국인,식음료업,17805234
27140,동구,202410,내국인,여가서비스업,1492093
27140,동구,202410,내국인,운송업,7262883
27140,동구,202410,내국인,의료웰니스업,915224
27140,동구,202410,내국인,전체,163485575
27140,동구,202411,내국인,쇼핑업,132154619
27140,동구,202411,내국인,숙박업,2253840
27140,동구,202411,내국인,식음료업,17803310
27140,동구,202411,내국인,여가서비스업,1558677
27140,동구,202411,내국인,여행업,8752
27140,동구,202411,내국인,운송업,7319602
27140,동구,202411,내국인,의료웰니스업,959845
27140,동구,202411,내국인,전체,162058646
27140,동구,202412,내국인,쇼핑업,151587160
27140,동구,202412,내국인,숙박업,2189866
27140,동구,202412,내국인,식음료업,18126985
27140,동구,202412,내국인,여가서비스업,1242467
27140,동구,202412,내국인,여행업,52593
27140,동구,202412,내국인,운송업,8288191
27140,동구,202412,내국인,의료웰니스업,1089896
27140,동구,202412,내국인,전체,182577156
27140,동구,202501,내국인,쇼핑업,149705297
27140,동구,202501,내국인,숙박업,1317200
27140,동구,202501,내국인,식음료업,17027777
27140,동구,202501,내국인,여가서비스업,1147113
27140,동구,202501,내국인,운송업,7669416
27140,동구,202501,내국인,의료웰니스업,1101878
27140,동구,202501,내국인,전체,177968682
27140,동구,202502,내국인,쇼핑업,124969305
27140,동구,202502,내국인,숙박업,1501540
27140,동구,202502,내국인,식음료업,15110186
27140,동구,202502,내국인,여가서비스업,948367
27140,동구,202502,내국인,운송업,7653528
27140,동구,202502,내국인,의료웰니스업,908039
27140,동구,202502,내국인,전체,151090965
27140,동구,202503,내국인,쇼핑업,132422498
27140,동구,202503,내국인,숙박업,1682125
27140,동구,202503,내국인,식음료업,17773647
27140,동구,202503,내국인,여가서비스업,1199727
27140,동구,202503,내국인,여행업,243
27140,동구,202503,내국인,운송업,7972799
27140,동구,202503,내국인,의료웰니스업,1052681
27140,동구,202503,내국인,전체,162103720
27140,동구,202504,내국인,쇼핑업,117965796
27140,동구,202504,내국인,숙박업,1472214
27140,동구,202504,내국인,식음료업,17187405
27140,동구,202504,내국인,여가서비스업,1327396
27140,동구,202504,내국인,여행업,460
27140,동구,202504,내국인,운송업,8036978
27140,동구,202504,내국인,의료웰니스업,883710
27140,동구,202504,내국인,전체,146873959
27140,동구,202505,내국인,쇼핑업,144326244
27140,동구,202505,내국인,숙박업,1872105
27140,동구,202505,내국인,식음료업,19427463
27140,동구,202505,내국인,여가서비스업,1521742
27140,동구,202505,내국인,여행업,6306
27140,동구,202505,내국인,운송업,8049577
27140,동구,202505,내국인,의료웰니스업,1086107
27140,동구,202505,내국인,전체,176289545
27140,동구,202506,내국인,쇼핑업,131859135
27140,동구,202506,내국인,숙박업,1406256
27140,동구,202506,내국인,식음료업,16691524
27140,동구,202506,내국인,여가서비스업,1378081
27140,동구,202506,내국인,여행업,308
27140,동구,202506,내국인,운송업,8001332
27140,동구,202506,내국인,의료웰니스업,998087
27140,동구,202506,내국인,전체,160334723
27140,동구,202507,내국인,쇼핑업,116011022
27140,동구,202507,내국인,숙박업,1436770
27140,동구,202507,내국인,식음료업,18064961
27140,동구,202507,내국인,여가서비스업,1450171
27140,동구,202507,내국인,여행업,304
27140,동구,202507,내국인,운송업,8668117
27140,동구,202507,내국인,의료웰니스업,964532
27140,동구,202507,내국인,전체,146595876
27140,동구,202508,내국인,쇼핑업,125174266
27140,동구,202508,내국인,숙박업,1624099
27140,동구,202508,내국인,식음료업,18538206
27140,동구,202508,내국인,여가서비스업,1592504
27140,동구,202508,내국인,여행업,39
27140,동구,202508,내국인,운송업,9081065
27140,동구,202508,내국인,의료웰니스업,1086925
27140,동구,202508,내국인,전체,157097105
27140,동구,202509,내국인,쇼핑업,125559900
27140,동구,202509,내국인,숙박업,1886477
27140,동구,202509,내국인,식음료업,15945761
27140,동구,202509,내국인,여가서비스업,1228570
27140,동구,202509,내국인,여행업,49379
27140,동구,202509,내국인,운송업,8512780
27140,동구,202509,내국인,의료웰니스업,998871
27140,동구,202509,내국인,전체,154181739
27140,동구,202510,내국인,쇼핑업,142738266
27140,동구,202510,내국인,숙박업,1844900
27140,동구,202510,내국인,식음료업,19005451
27140,동구,202510,내국인,여가서비스업,1653065
27140,동구,202510,내국인,여행업,69077
27140,동구,202510,내국인,운송업,8657045
27140,동구,202510,내국인,의료웰니스업,973038
27140,동구,202510,내국인,전체,174940841
27140,동구,202511,내국인,쇼핑업,147591136
27140,동구,202511,내국인,숙박업,2335360
27140,동구,202511,내국인,식음료업,18293974
27140,동구,202511,내국인,여가서비스업,1690383
27140,동구,202511,내국인,여행업,16124
27140,동구,202511,내국인,운송업,8115083
27140,동구,202511,내국인,의료웰니스업,1142454
27140,동구,202511,내국인,전체,179184513
27140,동구,202512,내국인,쇼핑업,160613706
27140,동구,202512,내국인,숙박업,2354772
27140,동구,202512,내국인,식음료업,19011354
27140,동구,202512,내국인,여가서비스업,1306578
27140,동구,202512,내국인,여행업,25261
27140,동구,202512,내국인,운송업,9478052
27140,동구,202512,내국인,의료웰니스업,1149057
27140,동구,202512,내국인,전체,193938780
27140,동구,202601,내국인,쇼핑업,155074534
27140,동구,202601,내국인,숙박업,1895347
27140,동구,202601,내국인,식음료업,18514437
27140,동구,202601,내국인,여가서비스업,1074545
27140,동구,202601,내국인,여행업,42014
27140,동구,202601,내국인,운송업,8800828
27140,동구,202601,내국인,의료웰니스업,1045947
27140,동구,202601,내국인,전체,186447652
27140,동구,202602,내국인,쇼핑업,152679794
27140,동구,202602,내국인,숙박업,1528479
27140,동구,202602,내국인,식음료업,17369126
27140,동구,202602,내국인,여가서비스업,1272040
27140,동구,202602,내국인,운송업,7438376
27140,동구,202602,내국인,의료웰니스업,1038425
27140,동구,202602,내국인,전체,181326241
27140,동구,202603,내국인,쇼핑업,127753705
27140,동구,202603,내국인,숙박업,1690511
27140,동구,202603,내국인,식음료업,18069849
27140,동구,202603,내국인,여가서비스업,1382405
27140,동구,202603,내국인,여행업,35698
27140,동구,202603,내국인,운송업,8712920
27140,동구,202603,내국인,의료웰니스업,1140584
27140,동구,202603,내국인,전체,158785671
27140,동구,202604,내국인,쇼핑업,126787788
27140,동구,202604,내국인,숙박업,1656262
27140,동구,202604,내국인,식음료업,18263671
27140,동구,202604,내국인,여가서비스업,1368357
27140,동구,202604,내국인,여행업,13804
27140,동구,202604,내국인,운송업,8880711
27140,동구,202604,내국인,의료웰니스업,1061140
27140,동구,202604,내국인,전체,158031733
27140,동구,202605,내국인,쇼핑업,154829909
27140,동구,202605,내국인,숙박업,2101231
27140,동구,202605,내국인,식음료업,21689269
27140,동구,202605,내국인,여가서비스업,1712973
27140,동구,202605,내국인,여행업,6333
27140,동구,202605,내국인,운송업,9567330
27140,동구,202605,내국인,의료웰니스업,1225465
27140,동구,202605,내국인,전체,191132510
27140,동구,202606,내국인,쇼핑업,127642222
27140,동구,202606,내국인,숙박업,1285300
27140,동구,202606,내국인,식음료업,17763738
27140,동구,202606,내국인,여가서비스업,1296158
27140,동구,202606,내국인,여행업,12364
27140,동구,202606,내국인,운송업,9714679
27140,동구,202606,내국인,의료웰니스업,1114612
27140,동구,202606,내국인,전체,158829072
27140,동구,202607,내국인,쇼핑업,112110458
27140,동구,202607,내국인,숙박업,1431399
27140,동구,202607,내국인,식음료업,19236514
27140,동구,202607,내국인,여가서비스업,1417379
27140,동구,202607,내국인,여행업,3213
27140,동구,202607,내국인,운송업,11498917
27140,동구,202607,내국인,의료웰니스업,962694
27140,동구,202607,내국인,전체,146660573
27140,동구,202608,내국인,쇼핑업,123979268
27140,동구,202608,내국인,숙박업,1520748
27140,동구,202608,내국인,식음료업,19642634
27140,동구,202608,내국인,여가서비스업,1671347
27140,동구,202608,내국인,운송업,11053011
27140,동구,202608,내국인,의료웰니스업,1129338
27140,동구,202608,내국인,전체,158996346
27170,서구,202001,내국인,쇼핑업,10583778
27170,서구,202001,내국인,숙박업,170994
27170,서구,202001,내국인,식음료업,5222444
27170,서구,202001,내국인,여가서비스업,381875
27170,서구,202001,내국인,여행업,31855
27170,서구,202001,내국인,운송업,9368779
27170,서구,202001,내국인,의료웰니스업,456791
27170,서구,202001,내국인,전체,26216516
27170,서구,202002,내국인,쇼핑업,7656478
27170,서구,202002,내국인,숙박업,136062
27170,서구,202002,내국인,식음료업,3447118
27170,서구,202002,내국인,여가서비스업,248013
27170,서구,202002,내국인,여행업,158
27170,서구,202002,내국인,운송업,7889302
27170,서구,202002,내국인,의료웰니스업,303398
27170,서구,202002,내국인,전체,19680530
27170,서구,202003,내국인,쇼핑업,7549761
27170,서구,202003,내국인,숙박업,99622
27170,서구,202003,내국인,식음료업,2513058
27170,서구,202003,내국인,여가서비스업,131415
27170,서구,202003,내국인,운송업,6745268
27170,서구,202003,내국인,의료웰니스업,165413
27170,서구,202003,내국인,전체,17204536
27170,서구,202004,내국인,쇼핑업,8211503
27170,서구,202004,내국인,숙박업,164773
27170,서구,202004,내국인,식음료업,3254823
27170,서구,202004,내국인,여가서비스업,170949
27170,서구,202004,내국인,운송업,6557543
27170,서구,202004,내국인,의료웰니스업,224463
27170,서구,202004,내국인,전체,18584054
27170,서구,202005,내국인,쇼핑업,9493546
27170,서구,202005,내국인,숙박업,150200
27170,서구,202005,내국인,식음료업,4658514
27170,서구,202005,내국인,여가서비스업,266171
27170,서구,202005,내국인,여행업,25
27170,서구,202005,내국인,운송업,6755076
27170,서구,202005,내국인,의료웰니스업,309869
27170,서구,202005,내국인,전체,21633400
27170,서구,202006,내국인,쇼핑업,9091314
27170,서구,202006,내국인,숙박업,141202
27170,서구,202006,내국인,식음료업,4420583
27170,서구,202006,내국인,여가서비스업,290395
27170,서구,202006,내국인,여행업,119
27170,서구,202006,내국인,운송업,7240132
27170,서구,202006,내국인,의료웰니스업,292952
27170,서구,202006,내국인,전체,21476698
27170,서구,202007,내국인,쇼핑업,9379051
27170,서구,202007,내국인,숙박업,157717
27170,서구,202007,내국인,식음료업,4700516
27170,서구,202007,내국인,여가서비스업,295699
27170,서구,202007,내국인,여행업,46
27170,서구,202007,내국인,운송업,7114552
27170,서구,202007,내국인,의료웰니스업,263125
27170,서구,202007,내국인,전체,21910708
27170,서구,202008,내국인,쇼핑업,10153227
27170,서구,202008,내국인,숙박업,157785
27170,서구,202008,내국인,식음료업,4587571
27170,서구,202008,내국인,여가서비스업,321306
27170,서구,202008,내국인,여행업,69
27170,서구,202008,내국인,운송업,7547571
27170,서구,202008,내국인,의료웰니스업,272319
27170,서구,202008,내국인,전체,23039848
27170,서구,202009,내국인,쇼핑업,10779685
27170,서구,202009,내국인,숙박업,160744
27170,서구,202009,내국인,식음료업,4535632
27170,서구,202009,내국인,여가서비스업,311511
27170,서구,202009,내국인,여행업,48
27170,서구,202009,내국인,운송업,7256627
27170,서구,202009,내국인,의료웰니스업,294741
27170,서구,202009,내국인,전체,23338989
27170,서구,202010,내국인,쇼핑업,9035672
27170,서구,202010,내국인,숙박업,189093
27170,서구,202010,내국인,식음료업,4634089
27170,서구,202010,내국인,여가서비스업,324547
27170,서구,202010,내국인,여행업,65
27170,서구,202010,내국인,운송업,7013828
27170,서구,202010,내국인,의료웰니스업,291840
27170,서구,202010,내국인,전체,21489134
27170,서구,202011,내국인,쇼핑업,8849159
27170,서구,202011,내국인,숙박업,164406
27170,서구,202011,내국인,식음료업,4594776
27170,서구,202011,내국인,여가서비스업,352737
27170,서구,202011,내국인,여행업,43
27170,서구,202011,내국인,운송업,7167020
27170,서구,202011,내국인,의료웰니스업,258058
27170,서구,202011,내국인,전체,21386199
27170,서구,202012,내국인,쇼핑업,9697153
27170,서구,202012,내국인,숙박업,155896
27170,서구,202012,내국인,식음료업,4223440
27170,서구,202012,내국인,여가서비스업,250444
27170,서구,202012,내국인,여행업,118
27170,서구,202012,내국인,운송업,7819400
27170,서구,202012,내국인,의료웰니스업,288386
27170,서구,202012,내국인,전체,22434838
27170,서구,202101,내국인,쇼핑업,9982030
27170,서구,202101,내국인,숙박업,143992
27170,서구,202101,내국인,식음료업,3412385
27170,서구,202101,내국인,여가서비스업,213740
27170,서구,202101,내국인,운송업,7400332
27170,서구,202101,내국인,의료웰니스업,252195
27170,서구,202101,내국인,전체,21404675
27170,서구,202102,내국인,쇼핑업,9029241
27170,서구,202102,내국인,숙박업,150236
27170,서구,202102,내국인,식음료업,3469511
27170,서구,202102,내국인,여가서비스업,263577
27170,서구,202102,내국인,여행업,150
27170,서구,202102,내국인,운송업,6766625
27170,서구,202102,내국인,의료웰니스업,235912
27170,서구,202102,내국인,전체,19915252
27170,서구,202103,내국인,쇼핑업,9182934
27170,서구,202103,내국인,숙박업,150000
27170,서구,202103,내국인,식음료업,4192240
27170,서구,202103,내국인,여가서비스업,333574
27170,서구,202103,내국인,여행업,65
27170,서구,202103,내국인,운송업,7957993
27170,서구,202103,내국인,의료웰니스업,247178
27170,서구,202103,내국인,전체,22063983
27170,서구,202104,내국인,쇼핑업,8948567
27170,서구,202104,내국인,숙박업,183114
27170,서구,202104,내국인,식음료업,4325536
27170,서구,202104,내국인,여가서비스업,302720
27170,서구,202104,내국인,여행업,142
27170,서구,202104,내국인,운송업,7860281
27170,서구,202104,내국인,의료웰니스업,308759
27170,서구,202104,내국인,전체,21929119
27170,서구,202105,내국인,쇼핑업,9785942
27170,서구,202105,내국인,숙박업,181446
27170,서구,202105,내국인,식음료업,4432824
27170,서구,202105,내국인,여가서비스업,316481
27170,서구,202105,내국인,여행업,23
27170,서구,202105,내국인,운송업,7350141
27170,서구,202105,내국인,의료웰니스업,282329
27170,서구,202105,내국인,전체,22349186
27170,서구,202106,내국인,쇼핑업,9264903
27170,서구,202106,내국인,숙박업,167132
27170,서구,202106,내국인,식음료업,3792331
27170,서구,202106,내국인,여가서비스업,263640
27170,서구,202106,내국인,여행업,47
27170,서구,202106,내국인,운송업,7417136
27170,서구,202106,내국인,의료웰니스업,273944
27170,서구,202106,내국인,전체,21179132
27170,서구,202107,내국인,쇼핑업,10281401
27170,서구,202107,내국인,숙박업,192092
27170,서구,202107,내국인,식음료업,4271107
27170,서구,202107,내국인,여가서비스업,330839
27170,서구,202107,내국인,여행업,27
27170,서구,202107,내국인,운송업,8428578
27170,서구,202107,내국인,의료웰니스업,300902
27170,서구,202107,내국인,전체,23804946
27170,서구,202108,내국인,쇼핑업,9561656
27170,서구,202108,내국인,숙박업,187246
27170,서구,202108,내국인,식음료업,3769322
27170,서구,202108,내국인,여가서비스업,350488
27170,서구,202108,내국인,여행업,144
27170,서구,202108,내국인,운송업,8763471
27170,서구,202108,내국인,의료웰니스업,243308
27170,서구,202108,내국인,전체,22875636
27170,서구,202109,내국인,쇼핑업,10360004
27170,서구,202109,내국인,숙박업,188148
27170,서구,202109,내국인,식음료업,4301286
27170,서구,202109,내국인,여가서비스업,323771
27170,서구,202109,내국인,여행업,87
27170,서구,202109,내국인,운송업,8967829
27170,서구,202109,내국인,의료웰니스업,310921
27170,서구,202109,내국인,전체,24452046
27170,서구,202110,내국인,쇼핑업,9167576
27170,서구,202110,내국인,숙박업,208288
27170,서구,202110,내국인,식음료업,4567225
27170,서구,202110,내국인,여가서비스업,345107
27170,서구,202110,내국인,여행업,165
27170,서구,202110,내국인,운송업,10053455
27170,서구,202110,내국인,의료웰니스업,297493
27170,서구,202110,내국인,전체,24639309
27170,서구,202111,내국인,쇼핑업,8563323
27170,서구,202111,내국인,숙박업,195467
27170,서구,202111,내국인,식음료업,4957497
27170,서구,202111,내국인,여가서비스업,406931
27170,서구,202111,내국인,여행업,26
27170,서구,202111,내국인,운송업,9571653
27170,서구,202111,내국인,의료웰니스업,299698
27170,서구,202111,내국인,전체,23994595
27170,서구,202112,내국인,쇼핑업,10025496
27170,서구,202112,내국인,숙박업,182676
27170,서구,202112,내국인,식음료업,4728954
27170,서구,202112,내국인,여가서비스업,349455
27170,서구,202112,내국인,운송업,9564626
27170,서구,202112,내국인,의료웰니스업,348563
27170,서구,202112,내국인,전체,25199769
27170,서구,202201,내국인,쇼핑업,11424203
27170,서구,202201,내국인,숙박업,161186
27170,서구,202201,내국인,식음료업,4115168
27170,서구,202201,내국인,여가서비스업,299244
27170,서구,202201,내국인,운송업,8653829
27170,서구,202201,내국인,의료웰니스업,279668
27170,서구,202201,내국인,전체,24933298
27170,서구,202202,내국인,쇼핑업,7651502
27170,서구,202202,내국인,숙박업,140721
27170,서구,202202,내국인,식음료업,3168024
27170,서구,202202,내국인,여가서비스업,225789
27170,서구,202202,내국인,여행업,9388
27170,서구,202202,내국인,운송업,7699613
27170,서구,202202,내국인,의료웰니스업,205030
27170,서구,202202,내국인,전체,19100066
27170,서구,202203,내국인,쇼핑업,9213283
27170,서구,202203,내국인,숙박업,177739
27170,서구,202203,내국인,식음료업,4026957
27170,서구,202203,내국인,여가서비스업,321840
27170,서구,202203,내국인,여행업,144
27170,서구,202203,내국인,운송업,9495661
27170,서구,202203,내국인,의료웰니스업,325729
27170,서구,202203,내국인,전체,23561353
27170,서구,202204,내국인,쇼핑업,9308430
27170,서구,202204,내국인,숙박업,209241
27170,서구,202204,내국인,식음료업,4818550
27170,서구,202204,내국인,여가서비스업,388375
27170,서구,202204,내국인,여행업,336
27170,서구,202204,내국인,운송업,9820496
27170,서구,202204,내국인,의료웰니스업,335414
27170,서구,202204,내국인,전체,24880841
27170,서구,202205,내국인,쇼핑업,10453416
27170,서구,202205,내국인,숙박업,199925
27170,서구,202205,내국인,식음료업,5834464
27170,서구,202205,내국인,여가서비스업,496649
27170,서구,202205,내국인,여행업,109
27170,서구,202205,내국인,운송업,11235683
27170,서구,202205,내국인,의료웰니스업,342556
27170,서구,202205,내국인,전체,28562802
27170,서구,202206,내국인,쇼핑업,9683438
27170,서구,202206,내국인,숙박업,197794
27170,서구,202206,내국인,식음료업,5144074
27170,서구,202206,내국인,여가서비스업,521278
27170,서구,202206,내국인,여행업,2976
27170,서구,202206,내국인,운송업,10762128
27170,서구,202206,내국인,의료웰니스업,356887
27170,서구,202206,내국인,전체,26668574
27170,서구,202207,내국인,쇼핑업,10815149
27170,서구,202207,내국인,숙박업,214320
27170,서구,202207,내국인,식음료업,5622368
27170,서구,202207,내국인,여가서비스업,520769
27170,서구,202207,내국인,여행업,43
27170,서구,202207,내국인,운송업,12329843
27170,서구,202207,내국인,의료웰니스업,322082
27170,서구,202207,내국인,전체,29824575
27170,서구,202208,내국인,쇼핑업,10940736
27170,서구,202208,내국인,숙박업,211730
27170,서구,202208,내국인,식음료업,5328975
27170,서구,202208,내국인,여가서비스업,517978
27170,서구,202208,내국인,여행업,1490
27170,서구,202208,내국인,운송업,12047866
27170,서구,202208,내국인,의료웰니스업,344608
27170,서구,202208,내국인,전체,29393384
27170,서구,202209,내국인,쇼핑업,11409282
27170,서구,202209,내국인,숙박업,195905
27170,서구,202209,내국인,식음료업,5412323
27170,서구,202209,내국인,여가서비스업,539044
27170,서구,202209,내국인,여행업,1186
27170,서구,202209,내국인,운송업,10871648
27170,서구,202209,내국인,의료웰니스업,328235
27170,서구,202209,내국인,전체,28757624
27170,서구,202210,내국인,쇼핑업,10452836
27170,서구,202210,내국인,숙박업,216844
27170,서구,202210,내국인,식음료업,6247432
27170,서구,202210,내국인,여가서비스업,534803
27170,서구,202210,내국인,여행업,194
27170,서구,202210,내국인,운송업,11133954
27170,서구,202210,내국인,의료웰니스업,409277
27170,서구,202210,내국인,전체,28995341
27170,서구,202211,내국인,쇼핑업,9502937
27170,서구,202211,내국인,숙박업,257610
27170,서구,202211,내국인,식음료업,5665153
27170,서구,202211,내국인,여가서비스업,461774
27170,서구,202211,내국인,여행업,477
27170,서구,202211,내국인,운송업,11071127
27170,서구,202211,내국인,의료웰니스업,420703
27170,서구,202211,내국인,전체,27379781
27170,서구,202212,내국인,쇼핑업,10934656
27170,서구,202212,내국인,숙박업,273199
27170,서구,202212,내국인,식음료업,6570155
27170,서구,202212,내국인,여가서비스업,567980
27170,서구,202212,내국인,여행업,371
27170,서구,202212,내국인,운송업,11937458
27170,서구,202212,내국인,의료웰니스업,399718
27170,서구,202212,내국인,전체,30683537
27170,서구,202301,내국인,쇼핑업,11305370
27170,서구,202301,내국인,숙박업,230634
27170,서구,202301,내국인,식음료업,6314944
27170,서구,202301,내국인,여가서비스업,609869
27170,서구,202301,내국인,여행업,45
27170,서구,202301,내국인,운송업,10216032
27170,서구,202301,내국인,의료웰니스업,447495
27170,서구,202301,내국인,전체,29124388
27170,서구,202302,내국인,쇼핑업,8822061
27170,서구,202302,내국인,숙박업,216005
27170,서구,202302,내국인,식음료업,5866611
27170,서구,202302,내국인,여가서비스업,509458
27170,서구,202302,내국인,여행업,235
27170,서구,202302,내국인,운송업,9140529
27170,서구,202302,내국인,의료웰니스업,369127
27170,서구,202302,내국인,전체,24924027
27170,서구,202303,내국인,쇼핑업,10246815
27170,서구,202303,내국인,숙박업,220432
27170,서구,202303,내국인,식음료업,6407160
27170,서구,202303,내국인,여가서비스업,514782
27170,서구,202303,내국인,여행업,11236
27170,서구,202303,내국인,운송업,9520906
27170,서구,202303,내국인,의료웰니스업,479288
27170,서구,202303,내국인,전체,27400618
27170,서구,202304,내국인,쇼핑업,10062267
27170,서구,202304,내국인,숙박업,205632
27170,서구,202304,내국인,식음료업,6407643
27170,서구,202304,내국인,여가서비스업,452536
27170,서구,202304,내국인,여행업,129
27170,서구,202304,내국인,운송업,8513384
27170,서구,202304,내국인,의료웰니스업,443813
27170,서구,202304,내국인,전체,26085405
27170,서구,202305,내국인,쇼핑업,10544531
27170,서구,202305,내국인,숙박업,243324
27170,서구,202305,내국인,식음료업,6879153
27170,서구,202305,내국인,여가서비스업,504243
27170,서구,202305,내국인,여행업,173
27170,서구,202305,내국인,운송업,9526760
27170,서구,202305,내국인,의료웰니스업,434080
27170,서구,202305,내국인,전체,28132265
27170,서구,202306,내국인,쇼핑업,10429142
27170,서구,202306,내국인,숙박업,202198
27170,서구,202306,내국인,식음료업,6348166
27170,서구,202306,내국인,여가서비스업,539965
27170,서구,202306,내국인,여행업,161
27170,서구,202306,내국인,운송업,10050181
27170,서구,202306,내국인,의료웰니스업,469644
27170,서구,202306,내국인,전체,28039458
27170,서구,202307,내국인,쇼핑업,10930778
27170,서구,202307,내국인,숙박업,193327
27170,서구,202307,내국인,식음료업,6719130
27170,서구,202307,내국인,여가서비스업,583901
27170,서구,202307,내국인,여행업,15745
27170,서구,202307,내국인,운송업,9438544
27170,서구,202307,내국인,의료웰니스업,415852
27170,서구,202307,내국인,전체,28297276
27170,서구,202308,내국인,쇼핑업,10884815
27170,서구,202308,내국인,숙박업,225143
27170,서구,202308,내국인,식음료업,6376136
27170,서구,202308,내국인,여가서비스업,575677
27170,서구,202308,내국인,여행업,148
27170,서구,202308,내국인,운송업,10077788
27170,서구,202308,내국인,의료웰니스업,396352
27170,서구,202308,내국인,전체,28536061
27170,서구,202309,내국인,쇼핑업,12021061
27170,서구,202309,내국인,숙박업,187801
27170,서구,202309,내국인,식음료업,6455273
27170,서구,202309,내국인,여가서비스업,539803
27170,서구,202309,내국인,여행업,203
27170,서구,202309,내국인,운송업,11197212
27170,서구,202309,내국인,의료웰니스업,383669
27170,서구,202309,내국인,전체,30785022
27170,서구,202310,내국인,쇼핑업,10171844
27170,서구,202310,내국인,숙박업,228805
27170,서구,202310,내국인,식음료업,6340961
27170,서구,202310,내국인,여가서비스업,516749
27170,서구,202310,내국인,여행업,121
27170,서구,202310,내국인,운송업,12733029
27170,서구,202310,내국인,의료웰니스업,388258
27170,서구,202310,내국인,전체,30379767
27170,서구,202311,내국인,쇼핑업,9554854
27170,서구,202311,내국인,숙박업,180871
27170,서구,202311,내국인,식음료업,6025305
27170,서구,202311,내국인,여가서비스업,460055
27170,서구,202311,내국인,여행업,117
27170,서구,202311,내국인,운송업,12995861
27170,서구,202311,내국인,의료웰니스업,383536
27170,서구,202311,내국인,전체,29600600
27170,서구,202312,내국인,쇼핑업,11573051
27170,서구,202312,내국인,숙박업,227451
27170,서구,202312,내국인,식음료업,7291711
27170,서구,202312,내국인,여가서비스업,618451
27170,서구,202312,내국인,여행업,57187
27170,서구,202312,내국인,운송업,12633965
27170,서구,202312,내국인,의료웰니스업,415995
27170,서구,202312,내국인,전체,32817809
27170,서구,202401,내국인,쇼핑업,11025853
27170,서구,202401,내국인,숙박업,235512
27170,서구,202401,내국인,식음료업,6538346
27170,서구,202401,내국인,여가서비스업,524405
27170,서구,202401,내국인,여행업,9807
27170,서구,202401,내국인,운송업,10695825
27170,서구,202401,내국인,의료웰니스업,466578
27170,서구,202401,내국인,전체,29496325
27170,서구,202402,내국인,쇼핑업,10855536
27170,서구,202402,내국인,숙박업,249472
27170,서구,202402,내국인,식음료업,6301124
27170,서구,202402,내국인,여가서비스업,544379
27170,서구,202402,내국인,여행업,144
27170,서구,202402,내국인,운송업,9682205
27170,서구,202402,내국인,의료웰니스업,426939
27170,서구,202402,내국인,전체,28059799
27170,서구,202403,내국인,쇼핑업,10947712
27170,서구,202403,내국인,숙박업,190624
27170,서구,202403,내국인,식음료업,6702404
27170,서구,202403,내국인,여가서비스업,548303
27170,서구,202403,내국인,여행업,12338
27170,서구,202403,내국인,운송업,11190807
27170,서구,202403,내국인,의료웰니스업,443420
27170,서구,202403,내국인,전체,30035608
27170,서구,202404,내국인,쇼핑업,9647535
27170,서구,202404,내국인,숙박업,197804
27170,서구,202404,내국인,식음료업,6326859
27170,서구,202404,내국인,여가서비스업,602663
27170,서구,202404,내국인,여행업,4606
27170,서구,202404,내국인,운송업,10374145
27170,서구,202404,내국인,의료웰니스업,447435
27170,서구,202404,내국인,전체,27601048
27170,서구,202405,내국인,쇼핑업,10495412
27170,서구,202405,내국인,숙박업,211095
27170,서구,202405,내국인,식음료업,7150946
27170,서구,202405,내국인,여가서비스업,612931
27170,서구,202405,내국인,여행업,30601
27170,서구,202405,내국인,운송업,11402568
27170,서구,202405,내국인,의료웰니스업,426272
27170,서구,202405,내국인,전체,30329825
27170,서구,202406,내국인,쇼핑업,10816043
27170,서구,202406,내국인,숙박업,223239
27170,서구,202406,내국인,식음료업,6651528
27170,서구,202406,내국인,여가서비스업,602582
27170,서구,202406,내국인,여행업,30419
27170,서구,202406,내국인,운송업,10647340
27170,서구,202406,내국인,의료웰니스업,459429
27170,서구,202406,내국인,전체,29430578
27170,서구,202407,내국인,쇼핑업,10637445
27170,서구,202407,내국인,숙박업,216600
27170,서구,202407,내국인,식음료업,6644149
27170,서구,202407,내국인,여가서비스업,540825
27170,서구,202407,내국인,여행업,3337
27170,서구,202407,내국인,운송업,10469240
27170,서구,202407,내국인,의료웰니스업,446011
27170,서구,202407,내국인,전체,28957607
27170,서구,202408,내국인,쇼핑업,11399247
27170,서구,202408,내국인,숙박업,195321
27170,서구,202408,내국인,식음료업,6747394
27170,서구,202408,내국인,여가서비스업,560447
27170,서구,202408,내국인,여행업,15894
27170,서구,202408,내국인,운송업,11660885
27170,서구,202408,내국인,의료웰니스업,484305
27170,서구,202408,내국인,전체,31063492
27170,서구,202409,내국인,쇼핑업,11697087
27170,서구,202409,내국인,숙박업,189304
27170,서구,202409,내국인,식음료업,6542392
27170,서구,202409,내국인,여가서비스업,618714
27170,서구,202409,내국인,운송업,11010698
27170,서구,202409,내국인,의료웰니스업,516682
27170,서구,202409,내국인,전체,30574877
27170,서구,202410,내국인,쇼핑업,9837729
27170,서구,202410,내국인,숙박업,207158
27170,서구,202410,내국인,식음료업,6612138
27170,서구,202410,내국인,여가서비스업,470254
27170,서구,202410,내국인,운송업,10923588
27170,서구,202410,내국인,의료웰니스업,457655
27170,서구,202410,내국인,전체,28508521
27170,서구,202411,내국인,쇼핑업,9549068
27170,서구,202411,내국인,숙박업,202257
27170,서구,202411,내국인,식음료업,6382776
27170,서구,202411,내국인,여가서비스업,517328
27170,서구,202411,내국인,운송업,11113325
27170,서구,202411,내국인,의료웰니스업,435269
27170,서구,202411,내국인,전체,28200023
27170,서구,202412,내국인,쇼핑업,10717933
27170,서구,202412,내국인,숙박업,169567
27170,서구,202412,내국인,식음료업,7036725
27170,서구,202412,내국인,여가서비스업,546097
27170,서구,202412,내국인,여행업,31779
27170,서구,202412,내국인,운송업,11331624
27170,서구,202412,내국인,의료웰니스업,460509
27170,서구,202412,내국인,전체,30294233
27170,서구,202501,내국인,쇼핑업,11938591
27170,서구,202501,내국인,숙박업,180224
27170,서구,202501,내국인,식음료업,6775361
27170,서구,202501,내국인,여가서비스업,503219
27170,서구,202501,내국인,운송업,10975676
27170,서구,202501,내국인,의료웰니스업,492743
27170,서구,202501,내국인,전체,30865814
27170,서구,202502,내국인,쇼핑업,8902304
27170,서구,202502,내국인,숙박업,165397
27170,서구,202502,내국인,식음료업,5913489
27170,서구,202502,내국인,여가서비스업,562760
27170,서구,202502,내국인,여행업,3425
27170,서구,202502,내국인,운송업,11081446
27170,서구,202502,내국인,의료웰니스업,471957
27170,서구,202502,내국인,전체,27100777
27170,서구,202503,내국인,쇼핑업,10379191
27170,서구,202503,내국인,숙박업,173892
27170,서구,202503,내국인,식음료업,6845375
27170,서구,202503,내국인,여가서비스업,556216
27170,서구,202503,내국인,여행업,32154
27170,서구,202503,내국인,운송업,11674849
27170,서구,202503,내국인,의료웰니스업,496888
27170,서구,202503,내국인,전체,30158565
27170,서구,202504,내국인,쇼핑업,9796575
27170,서구,202504,내국인,숙박업,156104
27170,서구,202504,내국인,식음료업,6296673
27170,서구,202504,내국인,여가서비스업,448287
27170,서구,202504,내국인,여행업,19949
27170,서구,202504,내국인,운송업,10818089
27170,서구,202504,내국인,의료웰니스업,501365
27170,서구,202504,내국인,전체,28037042
27170,서구,202505,내국인,쇼핑업,11932123
27170,서구,202505,내국인,숙박업,198986
27170,서구,202505,내국인,식음료업,7442003
27170,서구,202505,내국인,여가서비스업,575701
27170,서구,202505,내국인,여행업,29636
27170,서구,202505,내국인,운송업,11428389
27170,서구,202505,내국인,의료웰니스업,477018
27170,서구,202505,내국인,전체,32083855
27170,서구,202506,내국인,쇼핑업,11256238
27170,서구,202506,내국인,숙박업,168838
27170,서구,202506,내국인,식음료업,6494857
27170,서구,202506,내국인,여가서비스업,479376
27170,서구,202506,내국인,운송업,10259393
27170,서구,202506,내국인,의료웰니스업,478413
27170,서구,202506,내국인,전체,29137115
27170,서구,202507,내국인,쇼핑업,10919970
27170,서구,202507,내국인,숙박업,138687
27170,서구,202507,내국인,식음료업,6970147
27170,서구,202507,내국인,여가서비스업,516909
27170,서구,202507,내국인,여행업,4717
27170,서구,202507,내국인,운송업,11480813
27170,서구,202507,내국인,의료웰니스업,620167
27170,서구,202507,내국인,전체,30651410
27170,서구,202508,내국인,쇼핑업,9966187
27170,서구,202508,내국인,숙박업,142662
27170,서구,202508,내국인,식음료업,6935193
27170,서구,202508,내국인,여가서비스업,501117
27170,서구,202508,내국인,여행업,6801
27170,서구,202508,내국인,운송업,11311463
27170,서구,202508,내국인,의료웰니스업,474742
27170,서구,202508,내국인,전체,29338165
27170,서구,202509,내국인,쇼핑업,9429088
27170,서구,202509,내국인,숙박업,177294
27170,서구,202509,내국인,식음료업,6222943
27170,서구,202509,내국인,여가서비스업,399047
27170,서구,202509,내국인,여행업,10
27170,서구,202509,내국인,운송업,11207184
27170,서구,202509,내국인,의료웰니스업,549010
27170,서구,202509,내국인,전체,27984577
27170,서구,202510,내국인,쇼핑업,10517955
27170,서구,202510,내국인,숙박업,152619
27170,서구,202510,내국인,식음료업,7410838
27170,서구,202510,내국인,여가서비스업,566876
27170,서구,202510,내국인,운송업,10945325
27170,서구,202510,내국인,의료웰니스업,509271
27170,서구,202510,내국인,전체,30102884
27170,서구,202511,내국인,쇼핑업,9071478
27170,서구,202511,내국인,숙박업,211494
27170,서구,202511,내국인,식음료업,6633058
27170,서구,202511,내국인,여가서비스업,426075
27170,서구,202511,내국인,여행업,9304
27170,서구,202511,내국인,운송업,10616541
27170,서구,202511,내국인,의료웰니스업,583754
27170,서구,202511,내국인,전체,27551704
27170,서구,202512,내국인,쇼핑업,10460829
27170,서구,202512,내국인,숙박업,186360
27170,서구,202512,내국인,식음료업,7419939
27170,서구,202512,내국인,여가서비스업,529716
27170,서구,202512,내국인,여행업,33664
27170,서구,202512,내국인,운송업,10707610
27170,서구,202512,내국인,의료웰니스업,632967
27170,서구,202512,내국인,전체,29971085
27170,서구,202601,내국인,쇼핑업,10430246
27170,서구,202601,내국인,숙박업,166895
27170,서구,202601,내국인,식음료업,7234440
27170,서구,202601,내국인,여가서비스업,487242
27170,서구,202601,내국인,여행업,7990
27170,서구,202601,내국인,운송업,11005623
27170,서구,202601,내국인,의료웰니스업,590474
27170,서구,202601,내국인,전체,29922910
27170,서구,202602,내국인,쇼핑업,12793441
27170,서구,202602,내국인,숙박업,161251
27170,서구,202602,내국인,식음료업,6831542
27170,서구,202602,내국인,여가서비스업,523279
27170,서구,202602,내국인,여행업,17150
27170,서구,202602,내국인,운송업,9462019
27170,서구,202602,내국인,의료웰니스업,521062
27170,서구,202602,내국인,전체,30309745
27170,서구,202603,내국인,쇼핑업,11544725
27170,서구,202603,내국인,숙박업,165039
27170,서구,202603,내국인,식음료업,6730467
27170,서구,202603,내국인,여가서비스업,523836
27170,서구,202603,내국인,운송업,10561564
27170,서구,202603,내국인,의료웰니스업,576871
27170,서구,202603,내국인,전체,30102503
27170,서구,202604,내국인,쇼핑업,11027700
27170,서구,202604,내국인,숙박업,126152
27170,서구,202604,내국인,식음료업,6799928
27170,서구,202604,내국인,여가서비스업,407935
27170,서구,202604,내국인,여행업,2675
27170,서구,202604,내국인,운송업,12025625
27170,서구,202604,내국인,의료웰니스업,514836
27170,서구,202604,내국인,전체,30904851
27170,서구,202605,내국인,쇼핑업,12140559
27170,서구,202605,내국인,숙박업,153248
27170,서구,202605,내국인,식음료업,8104488
27170,서구,202605,내국인,여가서비스업,474129
27170,서구,202605,내국인,여행업,2940
27170,서구,202605,내국인,운송업,13718627
27170,서구,202605,내국인,의료웰니스업,602253
27170,서구,202605,내국인,전체,35196244
27170,서구,202606,내국인,쇼핑업,11250131
27170,서구,202606,내국인,숙박업,134675
27170,서구,202606,내국인,식음료업,6840849
27170,서구,202606,내국인,여가서비스업,414984
27170,서구,202606,내국인,여행업,67829
27170,서구,202606,내국인,운송업,13749850
27170,서구,202606,내국인,의료웰니스업,598033
27170,서구,202606,내국인,전체,33056350
27170,서구,202607,내국인,쇼핑업,12809495
27170,서구,202607,내국인,숙박업,129070
27170,서구,202607,내국인,식음료업,7332134
27170,서구,202607,내국인,여가서비스업,484319
27170,서구,202607,내국인,여행업,6961
27170,서구,202607,내국인,운송업,14334037
27170,서구,202607,내국인,의료웰니스업,617029
27170,서구,202607,내국인,전체,35713046
27170,서구,202608,내국인,쇼핑업,13051286
27170,서구,202608,내국인,숙박업,133228
27170,서구,202608,내국인,식음료업,7339534
27170,서구,202608,내국인,여가서비스업,541562
27170,서구,202608,내국인,여행업,13386
27170,서구,202608,내국인,운송업,13980629
27170,서구,202608,내국인,의료웰니스업,609024
27170,서구,202608,내국인,전체,35668649
27200,남구,202001,내국인,쇼핑업,4821700
27200,남구,202001,내국인,숙박업,144858
27200,남구,202001,내국인,식음료업,6740563
27200,남구,202001,내국인,여가서비스업,590824
27200,남구,202001,내국인,여행업,5944
27200,남구,202001,내국인,운송업,2032124
27200,남구,202001,내국인,의료웰니스업,389599
27200,남구,202001,내국인,전체,14725613
27200,남구,202002,내국인,쇼핑업,3589805
27200,남구,202002,내국인,숙박업,99194
27200,남구,202002,내국인,식음료업,4400819
27200,남구,202002,내국인,여가서비스업,421023
27200,남구,202002,내국인,여행업,16111
27200,남구,202002,내국인,운송업,1700264
27200,남구,202002,내국인,의료웰니스업,258970
27200,남구,202002,내국인,전체,10486186
27200,남구,202003,내국인,쇼핑업,3490377
27200,남구,202003,내국인,숙박업,62784
27200,남구,202003,내국인,식음료업,3093830
27200,남구,202003,내국인,여가서비스업,205020
27200,남구,202003,내국인,운송업,1361762
27200,남구,202003,내국인,의료웰니스업,182957
27200,남구,202003,내국인,전체,8396729
27200,남구,202004,내국인,쇼핑업,3372747
27200,남구,202004,내국인,숙박업,77533
27200,남구,202004,내국인,식음료업,4351638
27200,남구,202004,내국인,여가서비스업,320840
27200,남구,202004,내국인,운송업,1274655
27200,남구,202004,내국인,의료웰니스업,225729
27200,남구,202004,내국인,전체,9623142
27200,남구,202005,내국인,쇼핑업,4025061
27200,남구,202005,내국인,숙박업,98103
27200,남구,202005,내국인,식음료업,6190926
27200,남구,202005,내국인,여가서비스업,401731
27200,남구,202005,내국인,운송업,1279676
27200,남구,202005,내국인,의료웰니스업,452045
27200,남구,202005,내국인,전체,12447544
27200,남구,202006,내국인,쇼핑업,3850481
27200,남구,202006,내국인,숙박업,106541
27200,남구,202006,내국인,식음료업,5900433
27200,남구,202006,내국인,여가서비스업,461361
27200,남구,202006,내국인,운송업,1567727
27200,남구,202006,내국인,의료웰니스업,328297
27200,남구,202006,내국인,전체,12214840
27200,남구,202007,내국인,쇼핑업,4062618
27200,남구,202007,내국인,숙박업,105713
27200,남구,202007,내국인,식음료업,6269749
27200,남구,202007,내국인,여가서비스업,389384
27200,남구,202007,내국인,운송업,1839510
27200,남구,202007,내국인,의료웰니스업,334942
27200,남구,202007,내국인,전체,13001916
27200,남구,202008,내국인,쇼핑업,4366662
27200,남구,202008,내국인,숙박업,130477
27200,남구,202008,내국인,식음료업,6109266
27200,남구,202008,내국인,여가서비스업,399837
27200,남구,202008,내국인,운송업,1893854
27200,남구,202008,내국인,의료웰니스업,343602
27200,남구,202008,내국인,전체,13243698
27200,남구,202009,내국인,쇼핑업,4956440
27200,남구,202009,내국인,숙박업,139282
27200,남구,202009,내국인,식음료업,6129610
27200,남구,202009,내국인,여가서비스업,369404
27200,남구,202009,내국인,운송업,1827003
27200,남구,202009,내국인,의료웰니스업,403369
27200,남구,202009,내국인,전체,13825107
27200,남구,202010,내국인,쇼핑업,3940491
27200,남구,202010,내국인,숙박업,136624
27200,남구,202010,내국인,식음료업,6540419
27200,남구,202010,내국인,여가서비스업,458834
27200,남구,202010,내국인,운송업,1717668
27200,남구,202010,내국인,의료웰니스업,267679
27200,남구,202010,내국인,전체,13061714
27200,남구,202011,내국인,쇼핑업,3987045
27200,남구,202011,내국인,숙박업,124055
27200,남구,202011,내국인,식음료업,6497506
27200,남구,202011,내국인,여가서비스업,409072
27200,남구,202011,내국인,운송업,1645376
27200,남구,202011,내국인,의료웰니스업,300222
27200,남구,202011,내국인,전체,12963277
27200,남구,202012,내국인,쇼핑업,4185586
27200,남구,202012,내국인,숙박업,129140
27200,남구,202012,내국인,식음료업,5741420
27200,남구,202012,내국인,여가서비스업,288602
27200,남구,202012,내국인,운송업,1622237
27200,남구,202012,내국인,의료웰니스업,275354
27200,남구,202012,내국인,전체,12242339
27200,남구,202101,내국인,쇼핑업,4161326
27200,남구,202101,내국인,숙박업,102427
27200,남구,202101,내국인,식음료업,4603425
27200,남구,202101,내국인,여가서비스업,326005
27200,남구,202101,내국인,운송업,1531073
27200,남구,202101,내국인,의료웰니스업,346375
27200,남구,202101,내국인,전체,11070631
27200,남구,202102,내국인,쇼핑업,4078636
27200,남구,202102,내국인,숙박업,104015
27200,남구,202102,내국인,식음료업,4710921
27200,남구,202102,내국인,여가서비스업,406380
27200,남구,202102,내국인,운송업,1400788
27200,남구,202102,내국인,의료웰니스업,312060
27200,남구,202102,내국인,전체,11012800
27200,남구,202103,내국인,쇼핑업,4238006
27200,남구,202103,내국인,숙박업,120074
27200,남구,202103,내국인,식음료업,6111638
27200,남구,202103,내국인,여가서비스업,447730
27200,남구,202103,내국인,운송업,1742766
27200,남구,202103,내국인,의료웰니스업,352637
27200,남구,202103,내국인,전체,13012851
27200,남구,202104,내국인,쇼핑업,3907379
27200,남구,202104,내국인,숙박업,110159
27200,남구,202104,내국인,식음료업,6168646
27200,남구,202104,내국인,여가서비스업,435895
27200,남구,202104,내국인,운송업,1683172
27200,남구,202104,내국인,의료웰니스업,373310
27200,남구,202104,내국인,전체,12678562
27200,남구,202105,내국인,쇼핑업,4197896
27200,남구,202105,내국인,숙박업,125152
27200,남구,202105,내국인,식음료업,6478007
27200,남구,202105,내국인,여가서비스업,455572
27200,남구,202105,내국인,운송업,1747860
27200,남구,202105,내국인,의료웰니스업,295889
27200,남구,202105,내국인,전체,13300375
27200,남구,202106,내국인,쇼핑업,4093593
27200,남구,202106,내국인,숙박업,112777
27200,남구,202106,내국인,식음료업,5322140
27200,남구,202106,내국인,여가서비스업,344833
27200,남구,202106,내국인,운송업,1673654
27200,남구,202106,내국인,의료웰니스업,346023
27200,남구,202106,내국인,전체,11893020
27200,남구,202107,내국인,쇼핑업,4463372
27200,남구,202107,내국인,숙박업,115757
27200,남구,202107,내국인,식음료업,5728977
27200,남구,202107,내국인,여가서비스업,344984
27200,남구,202107,내국인,운송업,1869001
27200,남구,202107,내국인,의료웰니스업,296910
27200,남구,202107,내국인,전체,12819001
27200,남구,202108,내국인,쇼핑업,4536385
27200,남구,202108,내국인,숙박업,115183
27200,남구,202108,내국인,식음료업,5316042
27200,남구,202108,내국인,여가서비스업,317299
27200,남구,202108,내국인,운송업,1862377
27200,남구,202108,내국인,의료웰니스업,386234
27200,남구,202108,내국인,전체,12533521
27200,남구,202109,내국인,쇼핑업,5224065
27200,남구,202109,내국인,숙박업,99289
27200,남구,202109,내국인,식음료업,5832291
27200,남구,202109,내국인,여가서비스업,375790
27200,남구,202109,내국인,운송업,1722659
27200,남구,202109,내국인,의료웰니스업,427993
27200,남구,202109,내국인,전체,13682086
27200,남구,202110,내국인,쇼핑업,4384348
27200,남구,202110,내국인,숙박업,120193
27200,남구,202110,내국인,식음료업,6498192
27200,남구,202110,내국인,여가서비스업,424160
27200,남구,202110,내국인,운송업,1884259
27200,남구,202110,내국인,의료웰니스업,342292
27200,남구,202110,내국인,전체,13653444
27200,남구,202111,내국인,쇼핑업,4231588
27200,남구,202111,내국인,숙박업,135394
27200,남구,202111,내국인,식음료업,6608545
27200,남구,202111,내국인,여가서비스업,464239
27200,남구,202111,내국인,운송업,1855285
27200,남구,202111,내국인,의료웰니스업,334830
27200,남구,202111,내국인,전체,13629881
27200,남구,202112,내국인,쇼핑업,4498108
27200,남구,202112,내국인,숙박업,120066
27200,남구,202112,내국인,식음료업,6477727
27200,남구,202112,내국인,여가서비스업,331949
27200,남구,202112,내국인,운송업,2088743
27200,남구,202112,내국인,의료웰니스업,353046
27200,남구,202112,내국인,전체,13869640
27200,남구,202201,내국인,쇼핑업,5018270
27200,남구,202201,내국인,숙박업,147641
27200,남구,202201,내국인,식음료업,5522498
27200,남구,202201,내국인,여가서비스업,349925
27200,남구,202201,내국인,운송업,2230191
27200,남구,202201,내국인,의료웰니스업,330809
27200,남구,202201,내국인,전체,13599334
27200,남구,202202,내국인,쇼핑업,3531480
27200,남구,202202,내국인,숙박업,134195
27200,남구,202202,내국인,식음료업,4240823
27200,남구,202202,내국인,여가서비스업,305992
27200,남구,202202,내국인,운송업,1934231
27200,남구,202202,내국인,의료웰니스업,291298
27200,남구,202202,내국인,전체,10438019
27200,남구,202203,내국인,쇼핑업,4354661
27200,남구,202203,내국인,숙박업,159251
27200,남구,202203,내국인,식음료업,5533524
27200,남구,202203,내국인,여가서비스업,406278
27200,남구,202203,내국인,운송업,2298738
27200,남구,202203,내국인,의료웰니스업,501883
27200,남구,202203,내국인,전체,13254335
27200,남구,202204,내국인,쇼핑업,4350788
27200,남구,202204,내국인,숙박업,186713
27200,남구,202204,내국인,식음료업,6551174
27200,남구,202204,내국인,여가서비스업,432210
27200,남구,202204,내국인,운송업,2661076
27200,남구,202204,내국인,의료웰니스업,333958
27200,남구,202204,내국인,전체,14515919
27200,남구,202205,내국인,쇼핑업,4407600
27200,남구,202205,내국인,숙박업,180077
27200,남구,202205,내국인,식음료업,7405011
27200,남구,202205,내국인,여가서비스업,490770
27200,남구,202205,내국인,운송업,2848701
27200,남구,202205,내국인,의료웰니스업,404573
27200,남구,202205,내국인,전체,15736732
27200,남구,202206,내국인,쇼핑업,4256566
27200,남구,202206,내국인,숙박업,182323
27200,남구,202206,내국인,식음료업,6721273
27200,남구,202206,내국인,여가서비스업,476552
27200,남구,202206,내국인,여행업,4971
27200,남구,202206,내국인,운송업,3006664
27200,남구,202206,내국인,의료웰니스업,361221
27200,남구,202206,내국인,전체,15009571
27200,남구,202207,내국인,쇼핑업,4474794
27200,남구,202207,내국인,숙박업,169266
27200,남구,202207,내국인,식음료업,6929083
27200,남구,202207,내국인,여가서비스업,524533
27200,남구,202207,내국인,여행업,3739
27200,남구,202207,내국인,운송업,3117191
27200,남구,202207,내국인,의료웰니스업,363866
27200,남구,202207,내국인,전체,15582472
27200,남구,202208,내국인,쇼핑업,4639474
27200,남구,202208,내국인,숙박업,174106
27200,남구,202208,내국인,식음료업,6744389
27200,남구,202208,내국인,여가서비스업,454540
27200,남구,202208,내국인,운송업,2934958
27200,남구,202208,내국인,의료웰니스업,403104
27200,남구,202208,내국인,전체,15350572
27200,남구,202209,내국인,쇼핑업,4949815
27200,남구,202209,내국인,숙박업,170151
27200,남구,202209,내국인,식음료업,7217279
27200,남구,202209,내국인,여가서비스업,516412
27200,남구,202209,내국인,운송업,2680815
27200,남구,202209,내국인,의료웰니스업,464898
27200,남구,202209,내국인,전체,15999369
27200,남구,202210,내국인,쇼핑업,4798294
27200,남구,202210,내국인,숙박업,173860
27200,남구,202210,내국인,식음료업,8370175
27200,남구,202210,내국인,여가서비스업,544144
27200,남구,202210,내국인,운송업,3005206
27200,남구,202210,내국인,의료웰니스업,392454
27200,남구,202210,내국인,전체,17284132
27200,남구,202211,내국인,쇼핑업,4907923
27200,남구,202211,내국인,숙박업,171703
27200,남구,202211,내국인,식음료업,7801378
27200,남구,202211,내국인,여가서비스업,544070
27200,남구,202211,내국인,여행업,526
27200,남구,202211,내국인,운송업,2702785
27200,남구,202211,내국인,의료웰니스업,435115
27200,남구,202211,내국인,전체,16563500
27200,남구,202212,내국인,쇼핑업,5080595
27200,남구,202212,내국인,숙박업,151988
27200,남구,202212,내국인,식음료업,8386050
27200,남구,202212,내국인,여가서비스업,454072
27200,남구,202212,내국인,여행업,11
27200,남구,202212,내국인,운송업,2768972
27200,남구,202212,내국인,의료웰니스업,486431
27200,남구,202212,내국인,전체,17328118
27200,남구,202301,내국인,쇼핑업,5396470
27200,남구,202301,내국인,숙박업,144517
27200,남구,202301,내국인,식음료업,7450304
27200,남구,202301,내국인,여가서비스업,498270
27200,남구,202301,내국인,운송업,2227788
27200,남구,202301,내국인,의료웰니스업,432355
27200,남구,202301,내국인,전체,16149705
27200,남구,202302,내국인,쇼핑업,4134292
27200,남구,202302,내국인,숙박업,137198
27200,남구,202302,내국인,식음료업,7168600
27200,남구,202302,내국인,여가서비스업,451183
27200,남구,202302,내국인,운송업,2068892
27200,남구,202302,내국인,의료웰니스업,498993
27200,남구,202302,내국인,전체,14459157
27200,남구,202303,내국인,쇼핑업,5030132
27200,남구,202303,내국인,숙박업,128748
27200,남구,202303,내국인,식음료업,8093563
27200,남구,202303,내국인,여가서비스업,448476
27200,남구,202303,내국인,여행업,983
27200,남구,202303,내국인,운송업,2231568
27200,남구,202303,내국인,의료웰니스업,653684
27200,남구,202303,내국인,전체,16587155
27200,남구,202304,내국인,쇼핑업,4662076
27200,남구,202304,내국인,숙박업,131150
27200,남구,202304,내국인,식음료업,8011026
27200,남구,202304,내국인,여가서비스업,530197
27200,남구,202304,내국인,여행업,10136
27200,남구,202304,내국인,운송업,2156313
27200,남구,202304,내국인,의료웰니스업,413279
27200,남구,202304,내국인,전체,15914178
27200,남구,202305,내국인,쇼핑업,5079637
27200,남구,202305,내국인,숙박업,150607
27200,남구,202305,내국인,식음료업,8360350
27200,남구,202305,내국인,여가서비스업,579809
27200,남구,202305,내국인,운송업,2495858
27200,남구,202305,내국인,의료웰니스업,507112
27200,남구,202305,내국인,전체,17173372
27200,남구,202306,내국인,쇼핑업,4918240
27200,남구,202306,내국인,숙박업,158749
27200,남구,202306,내국인,식음료업,7833466
27200,남구,202306,내국인,여가서비스업,660830
27200,남구,202306,내국인,여행업,1243
27200,남구,202306,내국인,운송업,2325113
27200,남구,202306,내국인,의료웰니스업,440093
27200,남구,202306,내국인,전체,16337733
27200,남구,202307,내국인,쇼핑업,4972881
27200,남구,202307,내국인,숙박업,136286
27200,남구,202307,내국인,식음료업,7917788
27200,남구,202307,내국인,여가서비스업,555909
27200,남구,202307,내국인,여행업,1051
27200,남구,202307,내국인,운송업,2345450
27200,남구,202307,내국인,의료웰니스업,455297
27200,남구,202307,내국인,전체,16384662
27200,남구,202308,내국인,쇼핑업,4973416
27200,남구,202308,내국인,숙박업,122122
27200,남구,202308,내국인,식음료업,7653267
27200,남구,202308,내국인,여가서비스업,584779
27200,남구,202308,내국인,여행업,480
27200,남구,202308,내국인,운송업,2331595
27200,남구,202308,내국인,의료웰니스업,431505
27200,남구,202308,내국인,전체,16097164
27200,남구,202309,내국인,쇼핑업,5747876
27200,남구,202309,내국인,숙박업,142620
27200,남구,202309,내국인,식음료업,7909600
27200,남구,202309,내국인,여가서비스업,630686
27200,남구,202309,내국인,여행업,3512
27200,남구,202309,내국인,운송업,2518199
27200,남구,202309,내국인,의료웰니스업,598697
27200,남구,202309,내국인,전체,17551190
27200,남구,202310,내국인,쇼핑업,4573110
27200,남구,202310,내국인,숙박업,121393
27200,남구,202310,내국인,식음료업,8126120
27200,남구,202310,내국인,여가서비스업,637161
27200,남구,202310,내국인,여행업,300
27200,남구,202310,내국인,운송업,2187053
27200,남구,202310,내국인,의료웰니스업,463608
27200,남구,202310,내국인,전체,16108745
27200,남구,202311,내국인,쇼핑업,4584113
27200,남구,202311,내국인,숙박업,169169
27200,남구,202311,내국인,식음료업,7475759
27200,남구,202311,내국인,여가서비스업,562205
27200,남구,202311,내국인,여행업,295
27200,남구,202311,내국인,운송업,2124751
27200,남구,202311,내국인,의료웰니스업,428324
27200,남구,202311,내국인,전체,15344616
27200,남구,202312,내국인,쇼핑업,4902558
27200,남구,202312,내국인,숙박업,144975
27200,남구,202312,내국인,식음료업,8971297
27200,남구,202312,내국인,여가서비스업,591578
27200,남구,202312,내국인,여행업,6786
27200,남구,202312,내국인,운송업,2159130
27200,남구,202312,내국인,의료웰니스업,512048
27200,남구,202312,내국인,전체,17288372
27200,남구,202401,내국인,쇼핑업,4504163
27200,남구,202401,내국인,숙박업,126141
27200,남구,202401,내국인,식음료업,7892398
27200,남구,202401,내국인,여가서비스업,509388
27200,남구,202401,내국인,여행업,434
27200,남구,202401,내국인,운송업,1882913
27200,남구,202401,내국인,의료웰니스업,449140
27200,남구,202401,내국인,전체,15364577
27200,남구,202402,내국인,쇼핑업,4770063
27200,남구,202402,내국인,숙박업,127427
27200,남구,202402,내국인,식음료업,7312852
27200,남구,202402,내국인,여가서비스업,535488
27200,남구,202402,내국인,여행업,12747
27200,남구,202402,내국인,운송업,1686464
27200,남구,202402,내국인,의료웰니스업,493173
27200,남구,202402,내국인,전체,14938214
27200,남구,202403,내국인,쇼핑업,4807612
27200,남구,202403,내국인,숙박업,137094
27200,남구,202403,내국인,식음료업,8534190
27200,남구,202403,내국인,여가서비스업,566697
27200,남구,202403,내국인,여행업,1893
27200,남구,202403,내국인,운송업,1942421
27200,남구,202403,내국인,의료웰니스업,696766
27200,남구,202403,내국인,전체,16686673
27200,남구,202404,내국인,쇼핑업,4313969
27200,남구,202404,내국인,숙박업,139943
27200,남구,202404,내국인,식음료업,8095137
27200,남구,202404,내국인,여가서비스업,551241
27200,남구,202404,내국인,운송업,1849165
27200,남구,202404,내국인,의료웰니스업,428530
27200,남구,202404,내국인,전체,15377985
27200,남구,202405,내국인,쇼핑업,4913280
27200,남구,202405,내국인,숙박업,114777
27200,남구,202405,내국인,식음료업,8617873
27200,남구,202405,내국인,여가서비스업,664667
27200,남구,202405,내국인,여행업,2819
27200,남구,202405,내국인,운송업,2224432
27200,남구,202405,내국인,의료웰니스업,496358
27200,남구,202405,내국인,전체,17034207
27200,남구,202406,내국인,쇼핑업,4499559
27200,남구,202406,내국인,숙박업,138682
27200,남구,202406,내국인,식음료업,7890306
27200,남구,202406,내국인,여가서비스업,608435
27200,남구,202406,내국인,여행업,10350
27200,남구,202406,내국인,운송업,2105182
27200,남구,202406,내국인,의료웰니스업,462446
27200,남구,202406,내국인,전체,15714960
27200,남구,202407,내국인,쇼핑업,4420089
27200,남구,202407,내국인,숙박업,123270
27200,남구,202407,내국인,식음료업,7942324
27200,남구,202407,내국인,여가서비스업,487098
27200,남구,202407,내국인,여행업,5131
27200,남구,202407,내국인,운송업,2159364
27200,남구,202407,내국인,의료웰니스업,409201
27200,남구,202407,내국인,전체,15546478
27200,남구,202408,내국인,쇼핑업,4769411
27200,남구,202408,내국인,숙박업,131197
27200,남구,202408,내국인,식음료업,7852318
27200,남구,202408,내국인,여가서비스업,626913
27200,남구,202408,내국인,운송업,2140615
27200,남구,202408,내국인,의료웰니스업,507615
27200,남구,202408,내국인,전체,16028071
27200,남구,202409,내국인,쇼핑업,5204864
27200,남구,202409,내국인,숙박업,120671
27200,남구,202409,내국인,식음료업,7529070
27200,남구,202409,내국인,여가서비스업,579165
27200,남구,202409,내국인,여행업,10389
27200,남구,202409,내국인,운송업,1921500
27200,남구,202409,내국인,의료웰니스업,606651
27200,남구,202409,내국인,전체,15972310
27200,남구,202410,내국인,쇼핑업,4624345
27200,남구,202410,내국인,숙박업,120534
27200,남구,202410,내국인,식음료업,7940209
27200,남구,202410,내국인,여가서비스업,645199
27200,남구,202410,내국인,여행업,404
27200,남구,202410,내국인,운송업,1771845
27200,남구,202410,내국인,의료웰니스업,456393
27200,남구,202410,내국인,전체,15558930
27200,남구,202411,내국인,쇼핑업,4409087
27200,남구,202411,내국인,숙박업,135766
27200,남구,202411,내국인,식음료업,7879345
27200,남구,202411,내국인,여가서비스업,603747
27200,남구,202411,내국인,여행업,1592
27200,남구,202411,내국인,운송업,1797069
27200,남구,202411,내국인,의료웰니스업,451429
27200,남구,202411,내국인,전체,15278035
27200,남구,202412,내국인,쇼핑업,4724046
27200,남구,202412,내국인,숙박업,145072
27200,남구,202412,내국인,식음료업,8861821
27200,남구,202412,내국인,여가서비스업,550336
27200,남구,202412,내국인,여행업,36416
27200,남구,202412,내국인,운송업,1945747
27200,남구,202412,내국인,의료웰니스업,533538
27200,남구,202412,내국인,전체,16796976
27200,남구,202501,내국인,쇼핑업,5198828
27200,남구,202501,내국인,숙박업,115940
27200,남구,202501,내국인,식음료업,8494980
27200,남구,202501,내국인,여가서비스업,604355
27200,남구,202501,내국인,여행업,14813
27200,남구,202501,내국인,운송업,1793971
27200,남구,202501,내국인,의료웰니스업,519983
27200,남구,202501,내국인,전체,16742871
27200,남구,202502,내국인,쇼핑업,3897459
27200,남구,202502,내국인,숙박업,110253
27200,남구,202502,내국인,식음료업,7113460
27200,남구,202502,내국인,여가서비스업,517482
27200,남구,202502,내국인,여행업,19328
27200,남구,202502,내국인,운송업,1688915
27200,남구,202502,내국인,의료웰니스업,479459
27200,남구,202502,내국인,전체,13826355
27200,남구,202503,내국인,쇼핑업,4619669
27200,남구,202503,내국인,숙박업,140112
27200,남구,202503,내국인,식음료업,8646413
27200,남구,202503,내국인,여가서비스업,566206
27200,남구,202503,내국인,여행업,10759
27200,남구,202503,내국인,운송업,1697434
27200,남구,202503,내국인,의료웰니스업,617820
27200,남구,202503,내국인,전체,16298413
27200,남구,202504,내국인,쇼핑업,4235250
27200,남구,202504,내국인,숙박업,116411
27200,남구,202504,내국인,식음료업,8164376
27200,남구,202504,내국인,여가서비스업,518878
27200,남구,202504,내국인,여행업,5590
27200,남구,202504,내국인,운송업,1518480
27200,남구,202504,내국인,의료웰니스업,442795
27200,남구,202504,내국인,전체,15001780
27200,남구,202505,내국인,쇼핑업,4870220
27200,남구,202505,내국인,숙박업,118739
27200,남구,202505,내국인,식음료업,8731032
27200,남구,202505,내국인,여가서비스업,577296
27200,남구,202505,내국인,여행업,545
27200,남구,202505,내국인,운송업,1668780
27200,남구,202505,내국인,의료웰니스업,569118
27200,남구,202505,내국인,전체,16535730
27200,남구,202506,내국인,쇼핑업,4258134
27200,남구,202506,내국인,숙박업,97817
27200,남구,202506,내국인,식음료업,7566114
27200,남구,202506,내국인,여가서비스업,550162
27200,남구,202506,내국인,여행업,573
27200,남구,202506,내국인,운송업,1647051
27200,남구,202506,내국인,의료웰니스업,493753
27200,남구,202506,내국인,전체,14613605
27200,남구,202507,내국인,쇼핑업,4726177
27200,남구,202507,내국인,숙박업,129116
27200,남구,202507,내국인,식음료업,7995292
27200,남구,202507,내국인,여가서비스업,660868
27200,남구,202507,내국인,여행업,45988
27200,남구,202507,내국인,운송업,1820971
27200,남구,202507,내국인,의료웰니스업,494107
27200,남구,202507,내국인,전체,15872519
27200,남구,202508,내국인,쇼핑업,4587010
27200,남구,202508,내국인,숙박업,157507
27200,남구,202508,내국인,식음료업,8209891
27200,남구,202508,내국인,여가서비스업,567905
27200,남구,202508,내국인,여행업,5152
27200,남구,202508,내국인,운송업,1768871
27200,남구,202508,내국인,의료웰니스업,505630
27200,남구,202508,내국인,전체,15801966
27200,남구,202509,내국인,쇼핑업,4476502
27200,남구,202509,내국인,숙박업,112423
27200,남구,202509,내국인,식음료업,7380214
27200,남구,202509,내국인,여가서비스업,584271
27200,남구,202509,내국인,여행업,28824
27200,남구,202509,내국인,운송업,1728210
27200,남구,202509,내국인,의료웰니스업,636980
27200,남구,202509,내국인,전체,14947425
27200,남구,202510,내국인,쇼핑업,5005493
27200,남구,202510,내국인,숙박업,128956
27200,남구,202510,내국인,식음료업,8389253
27200,남구,202510,내국인,여가서비스업,669628
27200,남구,202510,내국인,여행업,2078
27200,남구,202510,내국인,운송업,1644790
27200,남구,202510,내국인,의료웰니스업,497724
27200,남구,202510,내국인,전체,16337922
27200,남구,202511,내국인,쇼핑업,4358676
27200,남구,202511,내국인,숙박업,108565
27200,남구,202511,내국인,식음료업,8017540
27200,남구,202511,내국인,여가서비스업,522578
27200,남구,202511,내국인,여행업,15041
27200,남구,202511,내국인,운송업,1711460
27200,남구,202511,내국인,의료웰니스업,479705
27200,남구,202511,내국인,전체,15213566
27200,남구,202512,내국인,쇼핑업,4666406
27200,남구,202512,내국인,숙박업,109797
27200,남구,202512,내국인,식음료업,9221854
27200,남구,202512,내국인,여가서비스업,670627
27200,남구,202512,내국인,여행업,14763
27200,남구,202512,내국인,운송업,1843318
27200,남구,202512,내국인,의료웰니스업,507128
27200,남구,202512,내국인,전체,17033895
27200,남구,202601,내국인,쇼핑업,4738530
27200,남구,202601,내국인,숙박업,103555
27200,남구,202601,내국인,식음료업,8726919
27200,남구,202601,내국인,여가서비스업,580995
27200,남구,202601,내국인,여행업,58413
27200,남구,202601,내국인,운송업,1741242
27200,남구,202601,내국인,의료웰니스업,492255
27200,남구,202601,내국인,전체,16441909
27200,남구,202602,내국인,쇼핑업,4735939
27200,남구,202602,내국인,숙박업,88828
27200,남구,202602,내국인,식음료업,7471513
27200,남구,202602,내국인,여가서비스업,558194
27200,남구,202602,내국인,운송업,1502855
27200,남구,202602,내국인,의료웰니스업,533597
27200,남구,202602,내국인,전체,14890926
27200,남구,202603,내국인,쇼핑업,4563045
27200,남구,202603,내국인,숙박업,88328
27200,남구,202603,내국인,식음료업,8094370
27200,남구,202603,내국인,여가서비스업,613302
27200,남구,202603,내국인,여행업,11559
27200,남구,202603,내국인,운송업,1669041
27200,남구,202603,내국인,의료웰니스업,777405
27200,남구,202603,내국인,전체,15817049
27200,남구,202604,내국인,쇼핑업,4420983
27200,남구,202604,내국인,숙박업,89584
27200,남구,202604,내국인,식음료업,8136091
27200,남구,202604,내국인,여가서비스업,533444
27200,남구,202604,내국인,여행업,1041
27200,남구,202604,내국인,운송업,1678555
27200,남구,202604,내국인,의료웰니스업,523407
27200,남구,202604,내국인,전체,15383105
27200,남구,202605,내국인,쇼핑업,4577503
27200,남구,202605,내국인,숙박업,105620
27200,남구,202605,내국인,식음료업,9216304
27200,남구,202605,내국인,여가서비스업,664378
27200,남구,202605,내국인,여행업,6158
27200,남구,202605,내국인,운송업,2087241
27200,남구,202605,내국인,의료웰니스업,612104
27200,남구,202605,내국인,전체,17269306
27200,남구,202606,내국인,쇼핑업,4394853
27200,남구,202606,내국인,숙박업,68613
27200,남구,202606,내국인,식음료업,8171830
27200,남구,202606,내국인,여가서비스업,521927
27200,남구,202606,내국인,여행업,2665
27200,남구,202606,내국인,운송업,1988200
27200,남구,202606,내국인,의료웰니스업,477599
27200,남구,202606,내국인,전체,15625687
27200,남구,202607,내국인,쇼핑업,4827415
27200,남구,202607,내국인,숙박업,96250
27200,남구,202607,내국인,식음료업,8103449
27200,남구,202607,내국인,여가서비스업,504191
27200,남구,202607,내국인,여행업,41164
27200,남구,202607,내국인,운송업,1961709
27200,남구,202607,내국인,의료웰니스업,511319
27200,남구,202607,내국인,전체,16045498
27200,남구,202608,내국인,쇼핑업,4713789
27200,남구,202608,내국인,숙박업,91015
27200,남구,202608,내국인,식음료업,8434962
27200,남구,202608,내국인,여가서비스업,598329
27200,남구,202608,내국인,여행업,38490
27200,남구,202608,내국인,운송업,1911513
27200,남구,202608,내국인,의료웰니스업,636709
27200,남구,202608,내국인,전체,16424807
27230,북구,202001,내국인,쇼핑업,30878382
27230,북구,202001,내국인,숙박업,557416
27230,북구,202001,내국인,식음료업,12762762
27230,북구,202001,내국인,여가서비스업,1075889
27230,북구,202001,내국인,여행업,29019
27230,북구,202001,내국인,운송업,9976828
27230,북구,202001,내국인,의료웰니스업,805274
27230,북구,202001,내국인,전체,56085570
27230,북구,202002,내국인,쇼핑업,21571033
27230,북구,202002,내국인,숙박업,556437
27230,북구,202002,내국인,식음료업,8474200
27230,북구,202002,내국인,여가서비스업,739260
27230,북구,202002,내국인,여행업,894
27230,북구,202002,내국인,운송업,8571373
27230,북구,202002,내국인,의료웰니스업,492551
27230,북구,202002,내국인,전체,40405747
27230,북구,202003,내국인,쇼핑업,18981371
27230,북구,202003,내국인,숙박업,311375
27230,북구,202003,내국인,식음료업,5640250
27230,북구,202003,내국인,여가서비스업,437204
27230,북구,202003,내국인,운송업,7191529
27230,북구,202003,내국인,의료웰니스업,407601
27230,북구,202003,내국인,전체,32969329
27230,북구,202004,내국인,쇼핑업,22682500
27230,북구,202004,내국인,숙박업,334286
27230,북구,202004,내국인,식음료업,8062996
27230,북구,202004,내국인,여가서비스업,565010
27230,북구,202004,내국인,운송업,7472179
27230,북구,202004,내국인,의료웰니스업,547765
27230,북구,202004,내국인,전체,39664736
27230,북구,202005,내국인,쇼핑업,29428615
27230,북구,202005,내국인,숙박업,425565
27230,북구,202005,내국인,식음료업,11777817
27230,북구,202005,내국인,여가서비스업,751270
27230,북구,202005,내국인,여행업,2001
27230,북구,202005,내국인,운송업,7834766
27230,북구,202005,내국인,의료웰니스업,795757
27230,북구,202005,내국인,전체,51015791
27230,북구,202006,내국인,쇼핑업,25783527
27230,북구,202006,내국인,숙박업,384796
27230,북구,202006,내국인,식음료업,11709360
27230,북구,202006,내국인,여가서비스업,825202
27230,북구,202006,내국인,운송업,8512656
27230,북구,202006,내국인,의료웰니스업,676943
27230,북구,202006,내국인,전체,47892483
27230,북구,202007,내국인,쇼핑업,24840179
27230,북구,202007,내국인,숙박업,479037
27230,북구,202007,내국인,식음료업,11952093
27230,북구,202007,내국인,여가서비스업,879378
27230,북구,202007,내국인,운송업,9073801
27230,북구,202007,내국인,의료웰니스업,653014
27230,북구,202007,내국인,전체,47877503
27230,북구,202008,내국인,쇼핑업,26578072
27230,북구,202008,내국인,숙박업,473246
27230,북구,202008,내국인,식음료업,11804904
27230,북구,202008,내국인,여가서비스업,880525
27230,북구,202008,내국인,운송업,9419114
27230,북구,202008,내국인,의료웰니스업,682016
27230,북구,202008,내국인,전체,49837877
27230,북구,202009,내국인,쇼핑업,31083776
27230,북구,202009,내국인,숙박업,515806
27230,북구,202009,내국인,식음료업,11736099
27230,북구,202009,내국인,여가서비스업,733781
27230,북구,202009,내국인,운송업,9386679
27230,북구,202009,내국인,의료웰니스업,707879
27230,북구,202009,내국인,전체,54164020
27230,북구,202010,내국인,쇼핑업,27519586
27230,북구,202010,내국인,숙박업,594090
27230,북구,202010,내국인,식음료업,12522918
27230,북구,202010,내국인,여가서비스업,942567
27230,북구,202010,내국인,여행업,19222
27230,북구,202010,내국인,운송업,9137428
27230,북구,202010,내국인,의료웰니스업,651343
27230,북구,202010,내국인,전체,51387154
27230,북구,202011,내국인,쇼핑업,28206021
27230,북구,202011,내국인,숙박업,763154
27230,북구,202011,내국인,식음료업,12605995
27230,북구,202011,내국인,여가서비스업,793259
27230,북구,202011,내국인,여행업,48
27230,북구,202011,내국인,운송업,9065043
27230,북구,202011,내국인,의료웰니스업,711898
27230,북구,202011,내국인,전체,52145418
27230,북구,202012,내국인,쇼핑업,29588604
27230,북구,202012,내국인,숙박업,581618
27230,북구,202012,내국인,식음료업,10417921
27230,북구,202012,내국인,여가서비스업,677143
27230,북구,202012,내국인,운송업,9430360
27230,북구,202012,내국인,의료웰니스업,703675
27230,북구,202012,내국인,전체,51399322
27230,북구,202101,내국인,쇼핑업,27191022
27230,북구,202101,내국인,숙박업,387505
27230,북구,202101,내국인,식음료업,8335459
27230,북구,202101,내국인,여가서비스업,593105
27230,북구,202101,내국인,운송업,8675974
27230,북구,202101,내국인,의료웰니스업,618863
27230,북구,202101,내국인,전체,45801927
27230,북구,202102,내국인,쇼핑업,25611236
27230,북구,202102,내국인,숙박업,421273
27230,북구,202102,내국인,식음료업,8608774
27230,북구,202102,내국인,여가서비스업,682339
27230,북구,202102,내국인,여행업,5
27230,북구,202102,내국인,운송업,8567805
27230,북구,202102,내국인,의료웰니스업,578450
27230,북구,202102,내국인,전체,44469883
27230,북구,202103,내국인,쇼핑업,27490211
27230,북구,202103,내국인,숙박업,390850
27230,북구,202103,내국인,식음료업,11411551
27230,북구,202103,내국인,여가서비스업,919425
27230,북구,202103,내국인,운송업,9964627
27230,북구,202103,내국인,의료웰니스업,715914
27230,북구,202103,내국인,전체,50892578
27230,북구,202104,내국인,쇼핑업,25128429
27230,북구,202104,내국인,숙박업,407089
27230,북구,202104,내국인,식음료업,11825203
27230,북구,202104,내국인,여가서비스업,806199
27230,북구,202104,내국인,운송업,9396335
27230,북구,202104,내국인,의료웰니스업,705026
27230,북구,202104,내국인,전체,48268281
27230,북구,202105,내국인,쇼핑업,27033545
27230,북구,202105,내국인,숙박업,421853
27230,북구,202105,내국인,식음료업,12214802
27230,북구,202105,내국인,여가서비스업,871814
27230,북구,202105,내국인,운송업,9757622
27230,북구,202105,내국인,의료웰니스업,736130
27230,북구,202105,내국인,전체,51035767
27230,북구,202106,내국인,쇼핑업,23426944
27230,북구,202106,내국인,숙박업,358203
27230,북구,202106,내국인,식음료업,10114867
27230,북구,202106,내국인,여가서비스업,889990
27230,북구,202106,내국인,여행업,1803
27230,북구,202106,내국인,운송업,9492209
27230,북구,202106,내국인,의료웰니스업,741129
27230,북구,202106,내국인,전체,45025144
27230,북구,202107,내국인,쇼핑업,24564791
27230,북구,202107,내국인,숙박업,400219
27230,북구,202107,내국인,식음료업,11091723
27230,북구,202107,내국인,여가서비스업,914894
27230,북구,202107,내국인,운송업,10657910
27230,북구,202107,내국인,의료웰니스업,709048
27230,북구,202107,내국인,전체,48338586
27230,북구,202108,내국인,쇼핑업,24961941
27230,북구,202108,내국인,숙박업,386958
27230,북구,202108,내국인,식음료업,9855521
27230,북구,202108,내국인,여가서비스업,796823
27230,북구,202108,내국인,운송업,10721069
27230,북구,202108,내국인,의료웰니스업,650809
27230,북구,202108,내국인,전체,47373120
27230,북구,202109,내국인,쇼핑업,29900334
27230,북구,202109,내국인,숙박업,399325
27230,북구,202109,내국인,식음료업,10929747
27230,북구,202109,내국인,여가서비스업,827063
27230,북구,202109,내국인,운송업,10373980
27230,북구,202109,내국인,의료웰니스업,873031
27230,북구,202109,내국인,전체,53303480
27230,북구,202110,내국인,쇼핑업,28838499
27230,북구,202110,내국인,숙박업,476347
27230,북구,202110,내국인,식음료업,12555963
27230,북구,202110,내국인,여가서비스업,903060
27230,북구,202110,내국인,여행업,7275
27230,북구,202110,내국인,운송업,11132301
27230,북구,202110,내국인,의료웰니스업,762404
27230,북구,202110,내국인,전체,54675849
27230,북구,202111,내국인,쇼핑업,28508000
27230,북구,202111,내국인,숙박업,487954
27230,북구,202111,내국인,식음료업,13136605
27230,북구,202111,내국인,여가서비스업,956883
27230,북구,202111,내국인,운송업,11403345
27230,북구,202111,내국인,의료웰니스업,754084
27230,북구,202111,내국인,전체,55246870
27230,북구,202112,내국인,쇼핑업,30414861
27230,북구,202112,내국인,숙박업,440867
27230,북구,202112,내국인,식음료업,12246411
27230,북구,202112,내국인,여가서비스업,836057
27230,북구,202112,내국인,여행업,48
27230,북구,202112,내국인,운송업,11676298
27230,북구,202112,내국인,의료웰니스업,826414
27230,북구,202112,내국인,전체,56440957
27230,북구,202201,내국인,쇼핑업,30415746
27230,북구,202201,내국인,숙박업,378341
27230,북구,202201,내국인,식음료업,10121628
27230,북구,202201,내국인,여가서비스업,770913
27230,북구,202201,내국인,운송업,11091041
27230,북구,202201,내국인,의료웰니스업,786258
27230,북구,202201,내국인,전체,53563927
27230,북구,202202,내국인,쇼핑업,20899148
27230,북구,202202,내국인,숙박업,337523
27230,북구,202202,내국인,식음료업,7785142
27230,북구,202202,내국인,여가서비스업,547725
27230,북구,202202,내국인,운송업,9266799
27230,북구,202202,내국인,의료웰니스업,563003
27230,북구,202202,내국인,전체,39399341
27230,북구,202203,내국인,쇼핑업,24056222
27230,북구,202203,내국인,숙박업,426827
27230,북구,202203,내국인,식음료업,10429033
27230,북구,202203,내국인,여가서비스업,794269
27230,북구,202203,내국인,운송업,11165804
27230,북구,202203,내국인,의료웰니스업,778749
27230,북구,202203,내국인,전체,47650904
27230,북구,202204,내국인,쇼핑업,25617803
27230,북구,202204,내국인,숙박업,453112
27230,북구,202204,내국인,식음료업,12517994
27230,북구,202204,내국인,여가서비스업,901157
27230,북구,202204,내국인,운송업,12856475
27230,북구,202204,내국인,의료웰니스업,783943
27230,북구,202204,내국인,전체,53130484
27230,북구,202205,내국인,쇼핑업,27291057
27230,북구,202205,내국인,숙박업,466644
27230,북구,202205,내국인,식음료업,14801084
27230,북구,202205,내국인,여가서비스업,1242429
27230,북구,202205,내국인,운송업,15072982
27230,북구,202205,내국인,의료웰니스업,792628
27230,북구,202205,내국인,전체,59666823
27230,북구,202206,내국인,쇼핑업,24264135
27230,북구,202206,내국인,숙박업,448557
27230,북구,202206,내국인,식음료업,13433893
27230,북구,202206,내국인,여가서비스업,1196962
27230,북구,202206,내국인,여행업,111
27230,북구,202206,내국인,운송업,14310528
27230,북구,202206,내국인,의료웰니스업,786545
27230,북구,202206,내국인,전체,54440732
27230,북구,202207,내국인,쇼핑업,24903003
27230,북구,202207,내국인,숙박업,496518
27230,북구,202207,내국인,식음료업,13697646
27230,북구,202207,내국인,여가서비스업,1127578
27230,북구,202207,내국인,운송업,15365063
27230,북구,202207,내국인,의료웰니스업,831586
27230,북구,202207,내국인,전체,56421394
27230,북구,202208,내국인,쇼핑업,24243564
27230,북구,202208,내국인,숙박업,529159
27230,북구,202208,내국인,식음료업,13173419
27230,북구,202208,내국인,여가서비스업,1200742
27230,북구,202208,내국인,여행업,35523
27230,북구,202208,내국인,운송업,13120944
27230,북구,202208,내국인,의료웰니스업,746610
27230,북구,202208,내국인,전체,53049961
27230,북구,202209,내국인,쇼핑업,27366718
27230,북구,202209,내국인,숙박업,518350
27230,북구,202209,내국인,식음료업,13757453
27230,북구,202209,내국인,여가서비스업,1207452
27230,북구,202209,내국인,운송업,12476439
27230,북구,202209,내국인,의료웰니스업,866664
27230,북구,202209,내국인,전체,56193076
27230,북구,202210,내국인,쇼핑업,28499882
27230,북구,202210,내국인,숙박업,973844
27230,북구,202210,내국인,식음료업,16550139
27230,북구,202210,내국인,여가서비스업,1161015
27230,북구,202210,내국인,운송업,13229925
27230,북구,202210,내국인,의료웰니스업,894190
27230,북구,202210,내국인,전체,61308996
27230,북구,202211,내국인,쇼핑업,27717564
27230,북구,202211,내국인,숙박업,983725
27230,북구,202211,내국인,식음료업,14635926
27230,북구,202211,내국인,여가서비스업,1030240
27230,북구,202211,내국인,여행업,24144
27230,북구,202211,내국인,운송업,12786301
27230,북구,202211,내국인,의료웰니스업,848495
27230,북구,202211,내국인,전체,58026395
27230,북구,202212,내국인,쇼핑업,30642076
27230,북구,202212,내국인,숙박업,1016295
27230,북구,202212,내국인,식음료업,15367920
27230,북구,202212,내국인,여가서비스업,1302872
27230,북구,202212,내국인,여행업,31028
27230,북구,202212,내국인,운송업,13186485
27230,북구,202212,내국인,의료웰니스업,929127
27230,북구,202212,내국인,전체,62475803
27230,북구,202301,내국인,쇼핑업,28112233
27230,북구,202301,내국인,숙박업,567623
27230,북구,202301,내국인,식음료업,13715639
27230,북구,202301,내국인,여가서비스업,1263077
27230,북구,202301,내국인,여행업,30728
27230,북구,202301,내국인,운송업,11830072
27230,북구,202301,내국인,의료웰니스업,875444
27230,북구,202301,내국인,전체,56394815
27230,북구,202302,내국인,쇼핑업,22962675
27230,북구,202302,내국인,숙박업,767916
27230,북구,202302,내국인,식음료업,13102225
27230,북구,202302,내국인,여가서비스업,1020334
27230,북구,202302,내국인,여행업,34213
27230,북구,202302,내국인,운송업,10418944
27230,북구,202302,내국인,의료웰니스업,895593
27230,북구,202302,내국인,전체,49201899
27230,북구,202303,내국인,쇼핑업,27163659
27230,북구,202303,내국인,숙박업,800548
27230,북구,202303,내국인,식음료업,15315518
27230,북구,202303,내국인,여가서비스업,1145336
27230,북구,202303,내국인,여행업,27678
27230,북구,202303,내국인,운송업,11369303
27230,북구,202303,내국인,의료웰니스업,1024959
27230,북구,202303,내국인,전체,56847001
27230,북구,202304,내국인,쇼핑업,25680224
27230,북구,202304,내국인,숙박업,1002647
27230,북구,202304,내국인,식음료업,14754879
27230,북구,202304,내국인,여가서비스업,1132716
27230,북구,202304,내국인,여행업,11754
27230,북구,202304,내국인,운송업,10485169
27230,북구,202304,내국인,의료웰니스업,874501
27230,북구,202304,내국인,전체,53941890
27230,북구,202305,내국인,쇼핑업,27106699
27230,북구,202305,내국인,숙박업,986827
27230,북구,202305,내국인,식음료업,16056595
27230,북구,202305,내국인,여가서비스업,1282685
27230,북구,202305,내국인,여행업,32535
27230,북구,202305,내국인,운송업,11238339
27230,북구,202305,내국인,의료웰니스업,1019833
27230,북구,202305,내국인,전체,57723512
27230,북구,202306,내국인,쇼핑업,25222008
27230,북구,202306,내국인,숙박업,981910
27230,북구,202306,내국인,식음료업,14921187
27230,북구,202306,내국인,여가서비스업,1289477
27230,북구,202306,내국인,여행업,50399
27230,북구,202306,내국인,운송업,10606299
27230,북구,202306,내국인,의료웰니스업,979535
27230,북구,202306,내국인,전체,54050816
27230,북구,202307,내국인,쇼핑업,25317349
27230,북구,202307,내국인,숙박업,700766
27230,북구,202307,내국인,식음료업,14650413
27230,북구,202307,내국인,여가서비스업,1321890
27230,북구,202307,내국인,여행업,47435
27230,북구,202307,내국인,운송업,10472911
27230,북구,202307,내국인,의료웰니스업,861941
27230,북구,202307,내국인,전체,53372705
27230,북구,202308,내국인,쇼핑업,24867718
27230,북구,202308,내국인,숙박업,900867
27230,북구,202308,내국인,식음료업,14444899
27230,북구,202308,내국인,여가서비스업,1392910
27230,북구,202308,내국인,여행업,17066
27230,북구,202308,내국인,운송업,10738899
27230,북구,202308,내국인,의료웰니스업,920025
27230,북구,202308,내국인,전체,53282385
27230,북구,202309,내국인,쇼핑업,29582242
27230,북구,202309,내국인,숙박업,1013902
27230,북구,202309,내국인,식음료업,15311928
27230,북구,202309,내국인,여가서비스업,1171725
27230,북구,202309,내국인,여행업,52198
27230,북구,202309,내국인,운송업,11673577
27230,북구,202309,내국인,의료웰니스업,910967
27230,북구,202309,내국인,전체,59716539
27230,북구,202310,내국인,쇼핑업,27706560
27230,북구,202310,내국인,숙박업,995688
27230,북구,202310,내국인,식음료업,15052478
27230,북구,202310,내국인,여가서비스업,1042998
27230,북구,202310,내국인,여행업,33444
27230,북구,202310,내국인,운송업,12773916
27230,북구,202310,내국인,의료웰니스업,857393
27230,북구,202310,내국인,전체,58462476
27230,북구,202311,내국인,쇼핑업,27897426
27230,북구,202311,내국인,숙박업,1142600
27230,북구,202311,내국인,식음료업,14121804
27230,북구,202311,내국인,여가서비스업,988805
27230,북구,202311,내국인,여행업,34958
27230,북구,202311,내국인,운송업,11617179
27230,북구,202311,내국인,의료웰니스업,837878
27230,북구,202311,내국인,전체,56640650
27230,북구,202312,내국인,쇼핑업,31351941
27230,북구,202312,내국인,숙박업,1186089
27230,북구,202312,내국인,식음료업,16110644
27230,북구,202312,내국인,여가서비스업,1387273
27230,북구,202312,내국인,여행업,88776
27230,북구,202312,내국인,운송업,11139423
27230,북구,202312,내국인,의료웰니스업,977740
27230,북구,202312,내국인,전체,62241886
27230,북구,202401,내국인,쇼핑업,26677783
27230,북구,202401,내국인,숙박업,533430
27230,북구,202401,내국인,식음료업,13818356
27230,북구,202401,내국인,여가서비스업,1101553
27230,북구,202401,내국인,여행업,40260
27230,북구,202401,내국인,운송업,10251800
27230,북구,202401,내국인,의료웰니스업,862399
27230,북구,202401,내국인,전체,53285580
27230,북구,202402,내국인,쇼핑업,26655895
27230,북구,202402,내국인,숙박업,657231
27230,북구,202402,내국인,식음료업,13694319
27230,북구,202402,내국인,여가서비스업,1202735
27230,북구,202402,내국인,여행업,46710
27230,북구,202402,내국인,운송업,9929198
27230,북구,202402,내국인,의료웰니스업,839689
27230,북구,202402,내국인,전체,53025778
27230,북구,202403,내국인,쇼핑업,27551692
27230,북구,202403,내국인,숙박업,746155
27230,북구,202403,내국인,식음료업,15700215
27230,북구,202403,내국인,여가서비스업,1304186
27230,북구,202403,내국인,여행업,32011
27230,북구,202403,내국인,운송업,10936927
27230,북구,202403,내국인,의료웰니스업,1002493
27230,북구,202403,내국인,전체,57273679
27230,북구,202404,내국인,쇼핑업,25679164
27230,북구,202404,내국인,숙박업,1227155
27230,북구,202404,내국인,식음료업,14712087
27230,북구,202404,내국인,여가서비스업,1114265
27230,북구,202404,내국인,여행업,3046
27230,북구,202404,내국인,운송업,10732531
27230,북구,202404,내국인,의료웰니스업,817431
27230,북구,202404,내국인,전체,54285679
27230,북구,202405,내국인,쇼핑업,28297427
27230,북구,202405,내국인,숙박업,1034577
27230,북구,202405,내국인,식음료업,16699353
27230,북구,202405,내국인,여가서비스업,1337656
27230,북구,202405,내국인,여행업,23034
27230,북구,202405,내국인,운송업,11778453
27230,북구,202405,내국인,의료웰니스업,942903
27230,북구,202405,내국인,전체,60113404
27230,북구,202406,내국인,쇼핑업,25418249
27230,북구,202406,내국인,숙박업,889585
27230,북구,202406,내국인,식음료업,15316734
27230,북구,202406,내국인,여가서비스업,1233731
27230,북구,202406,내국인,여행업,4989
27230,북구,202406,내국인,운송업,11006028
27230,북구,202406,내국인,의료웰니스업,986155
27230,북구,202406,내국인,전체,54855469
27230,북구,202407,내국인,쇼핑업,24644919
27230,북구,202407,내국인,숙박업,572133
27230,북구,202407,내국인,식음료업,14846307
27230,북구,202407,내국인,여가서비스업,1104747
27230,북구,202407,내국인,여행업,72097
27230,북구,202407,내국인,운송업,12058417
27230,북구,202407,내국인,의료웰니스업,879395
27230,북구,202407,내국인,전체,54178015
27230,북구,202408,내국인,쇼핑업,25829025
27230,북구,202408,내국인,숙박업,686748
27230,북구,202408,내국인,식음료업,14804940
27230,북구,202408,내국인,여가서비스업,1210921
27230,북구,202408,내국인,여행업,52485
27230,북구,202408,내국인,운송업,12946780
27230,북구,202408,내국인,의료웰니스업,960098
27230,북구,202408,내국인,전체,56490996
27230,북구,202409,내국인,쇼핑업,31361018
27230,북구,202409,내국인,숙박업,813314
27230,북구,202409,내국인,식음료업,14990910
27230,북구,202409,내국인,여가서비스업,1259595
27230,북구,202409,내국인,여행업,29002
27230,북구,202409,내국인,운송업,12269210
27230,북구,202409,내국인,의료웰니스업,943272
27230,북구,202409,내국인,전체,61666321
27230,북구,202410,내국인,쇼핑업,28279812
27230,북구,202410,내국인,숙박업,1152898
27230,북구,202410,내국인,식음료업,15525389
27230,북구,202410,내국인,여가서비스업,1060747
27230,북구,202410,내국인,여행업,9015
27230,북구,202410,내국인,운송업,10818326
27230,북구,202410,내국인,의료웰니스업,850298
27230,북구,202410,내국인,전체,57696484
27230,북구,202411,내국인,쇼핑업,28082891
27230,북구,202411,내국인,숙박업,1501753
27230,북구,202411,내국인,식음료업,14939246
27230,북구,202411,내국인,여가서비스업,945818
27230,북구,202411,내국인,여행업,22031
27230,북구,202411,내국인,운송업,10571138
27230,북구,202411,내국인,의료웰니스업,836940
27230,북구,202411,내국인,전체,56899816
27230,북구,202412,내국인,쇼핑업,29325581
27230,북구,202412,내국인,숙박업,974918
27230,북구,202412,내국인,식음료업,15907078
27230,북구,202412,내국인,여가서비스업,1276359
27230,북구,202412,내국인,여행업,37962
27230,북구,202412,내국인,운송업,10953291
27230,북구,202412,내국인,의료웰니스업,964524
27230,북구,202412,내국인,전체,59439713
27230,북구,202501,내국인,쇼핑업,30482123
27230,북구,202501,내국인,숙박업,525402
27230,북구,202501,내국인,식음료업,14866059
27230,북구,202501,내국인,여가서비스업,1115487
27230,북구,202501,내국인,여행업,8732
27230,북구,202501,내국인,운송업,10813970
27230,북구,202501,내국인,의료웰니스업,912053
27230,북구,202501,내국인,전체,58723826
27230,북구,202502,내국인,쇼핑업,23366620
27230,북구,202502,내국인,숙박업,778813
27230,북구,202502,내국인,식음료업,13049987
27230,북구,202502,내국인,여가서비스업,952115
27230,북구,202502,내국인,여행업,23839
27230,북구,202502,내국인,운송업,10662131
27230,북구,202502,내국인,의료웰니스업,780590
27230,북구,202502,내국인,전체,49614096
27230,북구,202503,내국인,쇼핑업,26118122
27230,북구,202503,내국인,숙박업,992724
27230,북구,202503,내국인,식음료업,15805895
27230,북구,202503,내국인,여가서비스업,1098760
27230,북구,202503,내국인,여행업,11066
27230,북구,202503,내국인,운송업,11313979
27230,북구,202503,내국인,의료웰니스업,994368
27230,북구,202503,내국인,전체,56334914
27230,북구,202504,내국인,쇼핑업,24432328
27230,북구,202504,내국인,숙박업,749293
27230,북구,202504,내국인,식음료업,15175032
27230,북구,202504,내국인,여가서비스업,979681
27230,북구,202504,내국인,여행업,27069
27230,북구,202504,내국인,운송업,10811071
27230,북구,202504,내국인,의료웰니스업,893497
27230,북구,202504,내국인,전체,53067971
27230,북구,202505,내국인,쇼핑업,26449719
27230,북구,202505,내국인,숙박업,1653293
27230,북구,202505,내국인,식음료업,17515141
27230,북구,202505,내국인,여가서비스업,1136460
27230,북구,202505,내국인,여행업,11756
27230,북구,202505,내국인,운송업,11434473
27230,북구,202505,내국인,의료웰니스업,926991
27230,북구,202505,내국인,전체,59127833
27230,북구,202506,내국인,쇼핑업,23485778
27230,북구,202506,내국인,숙박업,660912
27230,북구,202506,내국인,식음료업,14730319
27230,북구,202506,내국인,여가서비스업,929128
27230,북구,202506,내국인,여행업,4241
27230,북구,202506,내국인,운송업,10926365
27230,북구,202506,내국인,의료웰니스업,958380
27230,북구,202506,내국인,전체,51695122
27230,북구,202507,내국인,쇼핑업,24660192
27230,북구,202507,내국인,숙박업,608515
27230,북구,202507,내국인,식음료업,15234793
27230,북구,202507,내국인,여가서비스업,989210
27230,북구,202507,내국인,여행업,19577
27230,북구,202507,내국인,운송업,12586540
27230,북구,202507,내국인,의료웰니스업,1038000
27230,북구,202507,내국인,전체,55136826
27230,북구,202508,내국인,쇼핑업,23932837
27230,북구,202508,내국인,숙박업,662716
27230,북구,202508,내국인,식음료업,15410828
27230,북구,202508,내국인,여가서비스업,980864
27230,북구,202508,내국인,여행업,80309
27230,북구,202508,내국인,운송업,12482595
27230,북구,202508,내국인,의료웰니스업,1160287
27230,북구,202508,내국인,전체,54710436
27230,북구,202509,내국인,쇼핑업,24857315
27230,북구,202509,내국인,숙박업,824659
27230,북구,202509,내국인,식음료업,14482757
27230,북구,202509,내국인,여가서비스업,781331
27230,북구,202509,내국인,여행업,141215
27230,북구,202509,내국인,운송업,11958926
27230,북구,202509,내국인,의료웰니스업,1039038
27230,북구,202509,내국인,전체,54085240
27230,북구,202510,내국인,쇼핑업,29602549
27230,북구,202510,내국인,숙박업,880145
27230,북구,202510,내국인,식음료업,16779258
27230,북구,202510,내국인,여가서비스업,1056539
27230,북구,202510,내국인,여행업,26594
27230,북구,202510,내국인,운송업,11945973
27230,북구,202510,내국인,의료웰니스업,1169860
27230,북구,202510,내국인,전체,61460918
27230,북구,202511,내국인,쇼핑업,28017727
27230,북구,202511,내국인,숙박업,2071844
27230,북구,202511,내국인,식음료업,16050745
27230,북구,202511,내국인,여가서비스업,937600
27230,북구,202511,내국인,여행업,66141
27230,북구,202511,내국인,운송업,11341474
27230,북구,202511,내국인,의료웰니스업,1075530
27230,북구,202511,내국인,전체,59561060
27230,북구,202512,내국인,쇼핑업,29527768
27230,북구,202512,내국인,숙박업,1173316
27230,북구,202512,내국인,식음료업,17494772
27230,북구,202512,내국인,여가서비스업,1011064
27230,북구,202512,내국인,여행업,36121
27230,북구,202512,내국인,운송업,12153349
27230,북구,202512,내국인,의료웰니스업,1077043
27230,북구,202512,내국인,전체,62473432
27230,북구,202601,내국인,쇼핑업,28382754
27230,북구,202601,내국인,숙박업,853401
27230,북구,202601,내국인,식음료업,16301796
27230,북구,202601,내국인,여가서비스업,934954
27230,북구,202601,내국인,여행업,43136
27230,북구,202601,내국인,운송업,12757001
27230,북구,202601,내국인,의료웰니스업,940813
27230,북구,202601,내국인,전체,60213856
27230,북구,202602,내국인,쇼핑업,27239415
27230,북구,202602,내국인,숙박업,548057
27230,북구,202602,내국인,식음료업,15043561
27230,북구,202602,내국인,여가서비스업,947461
27230,북구,202602,내국인,여행업,53417
27230,북구,202602,내국인,운송업,11534070
27230,북구,202602,내국인,의료웰니스업,1009573
27230,북구,202602,내국인,전체,56375554
27230,북구,202603,내국인,쇼핑업,25746200
27230,북구,202603,내국인,숙박업,1016564
27230,북구,202603,내국인,식음료업,16885504
27230,북구,202603,내국인,여가서비스업,994196
27230,북구,202603,내국인,여행업,15939
27230,북구,202603,내국인,운송업,13240411
27230,북구,202603,내국인,의료웰니스업,1141060
27230,북구,202603,내국인,전체,59039873
27230,북구,202604,내국인,쇼핑업,24585635
27230,북구,202604,내국인,숙박업,1036620
27230,북구,202604,내국인,식음료업,16719070
27230,북구,202604,내국인,여가서비스업,904841
27230,북구,202604,내국인,여행업,112909
27230,북구,202604,내국인,운송업,14363631
27230,북구,202604,내국인,의료웰니스업,1045138
27230,북구,202604,내국인,전체,58767846
27230,북구,202605,내국인,쇼핑업,27678812
27230,북구,202605,내국인,숙박업,970281
27230,북구,202605,내국인,식음료업,19299527
27230,북구,202605,내국인,여가서비스업,952002
27230,북구,202605,내국인,여행업,18599
27230,북구,202605,내국인,운송업,15250978
27230,북구,202605,내국인,의료웰니스업,1138347
27230,북구,202605,내국인,전체,65308546
27230,북구,202606,내국인,쇼핑업,22832659
27230,북구,202606,내국인,숙박업,772515
27230,북구,202606,내국인,식음료업,16462932
27230,북구,202606,내국인,여가서비스업,905131
27230,북구,202606,내국인,여행업,36213
27230,북구,202606,내국인,운송업,14875639
27230,북구,202606,내국인,의료웰니스업,1080874
27230,북구,202606,내국인,전체,56965963
27230,북구,202607,내국인,쇼핑업,24995936
27230,북구,202607,내국인,숙박업,543774
27230,북구,202607,내국인,식음료업,17170815
27230,북구,202607,내국인,여가서비스업,963412
27230,북구,202607,내국인,여행업,90438
27230,북구,202607,내국인,운송업,15635636
27230,북구,202607,내국인,의료웰니스업,1013615
27230,북구,202607,내국인,전체,60413626
27230,북구,202608,내국인,쇼핑업,26539332
27230,북구,202608,내국인,숙박업,696290
27230,북구,202608,내국인,식음료업,17479376
27230,북구,202608,내국인,여가서비스업,967978
27230,북구,202608,내국인,여행업,58778
27230,북구,202608,내국인,운송업,15584712
27230,북구,202608,내국인,의료웰니스업,1075541
27230,북구,202608,내국인,전체,62402007
27260,수성구,202001,내국인,쇼핑업,16846965
27260,수성구,202001,내국인,숙박업,2058489
27260,수성구,202001,내국인,식음료업,19050309
27260,수성구,202001,내국인,여가서비스업,1483256
27260,수성구,202001,내국인,여행업,20360
27260,수성구,202001,내국인,운송업,18090160
27260,수성구,202001,내국인,의료웰니스업,1307359
27260,수성구,202001,내국인,전체,58856899
27260,수성구,202002,내국인,쇼핑업,12108234
27260,수성구,202002,내국인,숙박업,1676280
27260,수성구,202002,내국인,식음료업,12200831
27260,수성구,202002,내국인,여가서비스업,892540
27260,수성구,202002,내국인,여행업,9653
27260,수성구,202002,내국인,운송업,12703106
27260,수성구,202002,내국인,의료웰니스업,845599
27260,수성구,202002,내국인,전체,40436244
27260,수성구,202003,내국인,쇼핑업,10967652
27260,수성구,202003,내국인,숙박업,503325
27260,수성구,202003,내국인,식음료업,8078034
27260,수성구,202003,내국인,여가서비스업,345339
27260,수성구,202003,내국인,여행업,7925
27260,수성구,202003,내국인,운송업,8965128
27260,수성구,202003,내국인,의료웰니스업,717674
27260,수성구,202003,내국인,전체,29585078
27260,수성구,202004,내국인,쇼핑업,11636729
27260,수성구,202004,내국인,숙박업,835058
27260,수성구,202004,내국인,식음료업,11724671
27260,수성구,202004,내국인,여가서비스업,536512
27260,수성구,202004,내국인,여행업,9866
27260,수성구,202004,내국인,운송업,11135322
27260,수성구,202004,내국인,의료웰니스업,902631
27260,수성구,202004,내국인,전체,36780790
27260,수성구,202005,내국인,쇼핑업,15372126
27260,수성구,202005,내국인,숙박업,1547040
27260,수성구,202005,내국인,식음료업,17502593
27260,수성구,202005,내국인,여가서비스업,907485
27260,수성구,202005,내국인,여행업,9840
27260,수성구,202005,내국인,운송업,14038046
27260,수성구,202005,내국인,의료웰니스업,1314002
27260,수성구,202005,내국인,전체,50691133
27260,수성구,202006,내국인,쇼핑업,13832379
27260,수성구,202006,내국인,숙박업,1542915
27260,수성구,202006,내국인,식음료업,16883447
27260,수성구,202006,내국인,여가서비스업,844503
27260,수성구,202006,내국인,여행업,1990
27260,수성구,202006,내국인,운송업,15171151
27260,수성구,202006,내국인,의료웰니스업,1161773
27260,수성구,202006,내국인,전체,49438159
27260,수성구,202007,내국인,쇼핑업,13349555
27260,수성구,202007,내국인,숙박업,1440089
27260,수성구,202007,내국인,식음료업,17875591
27260,수성구,202007,내국인,여가서비스업,1044156
27260,수성구,202007,내국인,여행업,14658
27260,수성구,202007,내국인,운송업,15686109
27260,수성구,202007,내국인,의료웰니스업,1251917
27260,수성구,202007,내국인,전체,50662076
27260,수성구,202008,내국인,쇼핑업,14514686
27260,수성구,202008,내국인,숙박업,2014778
27260,수성구,202008,내국인,식음료업,18008854
27260,수성구,202008,내국인,여가서비스업,1182524
27260,수성구,202008,내국인,여행업,244
27260,수성구,202008,내국인,운송업,16532291
27260,수성구,202008,내국인,의료웰니스업,1121334
27260,수성구,202008,내국인,전체,53374710
27260,수성구,202009,내국인,쇼핑업,15892892
27260,수성구,202009,내국인,숙박업,1568735
27260,수성구,202009,내국인,식음료업,16494110
27260,수성구,202009,내국인,여가서비스업,964633
27260,수성구,202009,내국인,여행업,30844
27260,수성구,202009,내국인,운송업,16064610
27260,수성구,202009,내국인,의료웰니스업,1242855
27260,수성구,202009,내국인,전체,52258679
27260,수성구,202010,내국인,쇼핑업,13986517
27260,수성구,202010,내국인,숙박업,1906204
27260,수성구,202010,내국인,식음료업,17721359
27260,수성구,202010,내국인,여가서비스업,1127064
27260,수성구,202010,내국인,여행업,18069
27260,수성구,202010,내국인,운송업,16271315
27260,수성구,202010,내국인,의료웰니스업,1086684
27260,수성구,202010,내국인,전체,52117212
27260,수성구,202011,내국인,쇼핑업,14234420
27260,수성구,202011,내국인,숙박업,1728548
27260,수성구,202011,내국인,식음료업,17560102
27260,수성구,202011,내국인,여가서비스업,1001856
27260,수성구,202011,내국인,여행업,10999
27260,수성구,202011,내국인,운송업,15879732
27260,수성구,202011,내국인,의료웰니스업,1171534
27260,수성구,202011,내국인,전체,51587191
27260,수성구,202012,내국인,쇼핑업,14070780
27260,수성구,202012,내국인,숙박업,1249937
27260,수성구,202012,내국인,식음료업,14942953
27260,수성구,202012,내국인,여가서비스업,729849
27260,수성구,202012,내국인,운송업,14756340
27260,수성구,202012,내국인,의료웰니스업,1113060
27260,수성구,202012,내국인,전체,46862919
27260,수성구,202101,내국인,쇼핑업,13477098
27260,수성구,202101,내국인,숙박업,846649
27260,수성구,202101,내국인,식음료업,11639978
27260,수성구,202101,내국인,여가서비스업,721695
27260,수성구,202101,내국인,운송업,12873197
27260,수성구,202101,내국인,의료웰니스업,1029415
27260,수성구,202101,내국인,전체,40588032
27260,수성구,202102,내국인,쇼핑업,13255191
27260,수성구,202102,내국인,숙박업,985613
27260,수성구,202102,내국인,식음료업,12956992
27260,수성구,202102,내국인,여가서비스업,1033782
27260,수성구,202102,내국인,여행업,3992
27260,수성구,202102,내국인,운송업,13361461
27260,수성구,202102,내국인,의료웰니스업,1017320
27260,수성구,202102,내국인,전체,42614351
27260,수성구,202103,내국인,쇼핑업,13919324
27260,수성구,202103,내국인,숙박업,1066089
27260,수성구,202103,내국인,식음료업,15498577
27260,수성구,202103,내국인,여가서비스업,1071132
27260,수성구,202103,내국인,운송업,15921339
27260,수성구,202103,내국인,의료웰니스업,1116212
27260,수성구,202103,내국인,전체,48592673
27260,수성구,202104,내국인,쇼핑업,13808893
27260,수성구,202104,내국인,숙박업,1329831
27260,수성구,202104,내국인,식음료업,16181378
27260,수성구,202104,내국인,여가서비스업,927970
27260,수성구,202104,내국인,여행업,1797
27260,수성구,202104,내국인,운송업,15581944
27260,수성구,202104,내국인,의료웰니스업,1182146
27260,수성구,202104,내국인,전체,49013958
27260,수성구,202105,내국인,쇼핑업,14853821
27260,수성구,202105,내국인,숙박업,1538549
27260,수성구,202105,내국인,식음료업,17729179
27260,수성구,202105,내국인,여가서비스업,1203973
27260,수성구,202105,내국인,여행업,977
27260,수성구,202105,내국인,운송업,15849601
27260,수성구,202105,내국인,의료웰니스업,1340051
27260,수성구,202105,내국인,전체,52516150
27260,수성구,202106,내국인,쇼핑업,13504848
27260,수성구,202106,내국인,숙박업,1186567
27260,수성구,202106,내국인,식음료업,14136222
27260,수성구,202106,내국인,여가서비스업,880310
27260,수성구,202106,내국인,여행업,8924
27260,수성구,202106,내국인,운송업,14822403
27260,수성구,202106,내국인,의료웰니스업,1121310
27260,수성구,202106,내국인,전체,45660584
27260,수성구,202107,내국인,쇼핑업,13579730
27260,수성구,202107,내국인,숙박업,1343873
27260,수성구,202107,내국인,식음료업,16735867
27260,수성구,202107,내국인,여가서비스업,1085603
27260,수성구,202107,내국인,운송업,16222167
27260,수성구,202107,내국인,의료웰니스업,1169902
27260,수성구,202107,내국인,전체,50137143
27260,수성구,202108,내국인,쇼핑업,13434188
27260,수성구,202108,내국인,숙박업,1417323
27260,수성구,202108,내국인,식음료업,14622573
27260,수성구,202108,내국인,여가서비스업,1071214
27260,수성구,202108,내국인,여행업,12989
27260,수성구,202108,내국인,운송업,15116322
27260,수성구,202108,내국인,의료웰니스업,1141150
27260,수성구,202108,내국인,전체,46815760
27260,수성구,202109,내국인,쇼핑업,15862003
27260,수성구,202109,내국인,숙박업,1782529
27260,수성구,202109,내국인,식음료업,16109542
27260,수성구,202109,내국인,여가서비스업,1069953
27260,수성구,202109,내국인,여행업,1778
27260,수성구,202109,내국인,운송업,16010935
27260,수성구,202109,내국인,의료웰니스업,1439771
27260,수성구,202109,내국인,전체,52276511
27260,수성구,202110,내국인,쇼핑업,15023981
27260,수성구,202110,내국인,숙박업,2951043
27260,수성구,202110,내국인,식음료업,18219365
27260,수성구,202110,내국인,여가서비스업,1110615
27260,수성구,202110,내국인,여행업,3930
27260,수성구,202110,내국인,운송업,16870852
27260,수성구,202110,내국인,의료웰니스업,1314137
27260,수성구,202110,내국인,전체,55493923
27260,수성구,202111,내국인,쇼핑업,13772373
27260,수성구,202111,내국인,숙박업,2994151
27260,수성구,202111,내국인,식음료업,19000981
27260,수성구,202111,내국인,여가서비스업,1257527
27260,수성구,202111,내국인,운송업,17558654
27260,수성구,202111,내국인,의료웰니스업,1298832
27260,수성구,202111,내국인,전체,55882518
27260,수성구,202112,내국인,쇼핑업,14379353
27260,수성구,202112,내국인,숙박업,2413737
27260,수성구,202112,내국인,식음료업,18577873
27260,수성구,202112,내국인,여가서비스업,1122655
27260,수성구,202112,내국인,운송업,17041163
27260,수성구,202112,내국인,의료웰니스업,1308923
27260,수성구,202112,내국인,전체,54843703
27260,수성구,202201,내국인,쇼핑업,15663170
27260,수성구,202201,내국인,숙박업,1718156
27260,수성구,202201,내국인,식음료업,15389444
27260,수성구,202201,내국인,여가서비스업,936612
27260,수성구,202201,내국인,운송업,15087210
27260,수성구,202201,내국인,의료웰니스업,1233517
27260,수성구,202201,내국인,전체,50028109
27260,수성구,202202,내국인,쇼핑업,11047794
27260,수성구,202202,내국인,숙박업,1696256
27260,수성구,202202,내국인,식음료업,11960249
27260,수성구,202202,내국인,여가서비스업,759275
27260,수성구,202202,내국인,운송업,12364849
27260,수성구,202202,내국인,의료웰니스업,1079580
27260,수성구,202202,내국인,전체,38908003
27260,수성구,202203,내국인,쇼핑업,13868034
27260,수성구,202203,내국인,숙박업,1805302
27260,수성구,202203,내국인,식음료업,15078123
27260,수성구,202203,내국인,여가서비스업,819839
27260,수성구,202203,내국인,여행업,1372
27260,수성구,202203,내국인,운송업,14876701
27260,수성구,202203,내국인,의료웰니스업,1158105
27260,수성구,202203,내국인,전체,47607474
27260,수성구,202204,내국인,쇼핑업,14242214
27260,수성구,202204,내국인,숙박업,3431187
27260,수성구,202204,내국인,식음료업,18938322
27260,수성구,202204,내국인,여가서비스업,1169867
27260,수성구,202204,내국인,여행업,7956
27260,수성구,202204,내국인,운송업,16518499
27260,수성구,202204,내국인,의료웰니스업,1219722
27260,수성구,202204,내국인,전체,55527767
27260,수성구,202205,내국인,쇼핑업,15260379
27260,수성구,202205,내국인,숙박업,3188724
27260,수성구,202205,내국인,식음료업,23020411
27260,수성구,202205,내국인,여가서비스업,1640798
27260,수성구,202205,내국인,여행업,9721
27260,수성구,202205,내국인,운송업,18469694
27260,수성구,202205,내국인,의료웰니스업,1340553
27260,수성구,202205,내국인,전체,62930280
27260,수성구,202206,내국인,쇼핑업,13984244
27260,수성구,202206,내국인,숙박업,3085905
27260,수성구,202206,내국인,식음료업,20772242
27260,수성구,202206,내국인,여가서비스업,1441198
27260,수성구,202206,내국인,운송업,17825176
27260,수성구,202206,내국인,의료웰니스업,1283571
27260,수성구,202206,내국인,전체,58392336
27260,수성구,202207,내국인,쇼핑업,14823587
27260,수성구,202207,내국인,숙박업,2357415
27260,수성구,202207,내국인,식음료업,21933812
27260,수성구,202207,내국인,여가서비스업,1574868
27260,수성구,202207,내국인,여행업,12805
27260,수성구,202207,내국인,운송업,18900036
27260,수성구,202207,내국인,의료웰니스업,1337783
27260,수성구,202207,내국인,전체,60940306
27260,수성구,202208,내국인,쇼핑업,15025167
27260,수성구,202208,내국인,숙박업,2662571
27260,수성구,202208,내국인,식음료업,20553890
27260,수성구,202208,내국인,여가서비스업,1661984
27260,수성구,202208,내국인,운송업,17435366
27260,수성구,202208,내국인,의료웰니스업,1335039
27260,수성구,202208,내국인,전체,58674017
27260,수성구,202209,내국인,쇼핑업,15454388
27260,수성구,202209,내국인,숙박업,2638755
27260,수성구,202209,내국인,식음료업,20573374
27260,수성구,202209,내국인,여가서비스업,1396562
27260,수성구,202209,내국인,여행업,48571
27260,수성구,202209,내국인,운송업,16631091
27260,수성구,202209,내국인,의료웰니스업,1386093
27260,수성구,202209,내국인,전체,58128834
27260,수성구,202210,내국인,쇼핑업,14969233
27260,수성구,202210,내국인,숙박업,3509982
27260,수성구,202210,내국인,식음료업,23646024
27260,수성구,202210,내국인,여가서비스업,1460420
27260,수성구,202210,내국인,여행업,8042
27260,수성구,202210,내국인,운송업,18052621
27260,수성구,202210,내국인,의료웰니스업,1583450
27260,수성구,202210,내국인,전체,63229773
27260,수성구,202211,내국인,쇼핑업,13711066
27260,수성구,202211,내국인,숙박업,3410619
27260,수성구,202211,내국인,식음료업,21047633
27260,수성구,202211,내국인,여가서비스업,1471302
27260,수성구,202211,내국인,여행업,3996
27260,수성구,202211,내국인,운송업,16850286
27260,수성구,202211,내국인,의료웰니스업,1475144
27260,수성구,202211,내국인,전체,57970046
27260,수성구,202212,내국인,쇼핑업,14558341
27260,수성구,202212,내국인,숙박업,3994894
27260,수성구,202212,내국인,식음료업,24844005
27260,수성구,202212,내국인,여가서비스업,1592932
27260,수성구,202212,내국인,여행업,2009
27260,수성구,202212,내국인,운송업,18174618
27260,수성구,202212,내국인,의료웰니스업,1503147
27260,수성구,202212,내국인,전체,64669946
27260,수성구,202301,내국인,쇼핑업,15139202
27260,수성구,202301,내국인,숙박업,2808316
27260,수성구,202301,내국인,식음료업,21889600
27260,수성구,202301,내국인,여가서비스업,1574606
27260,수성구,202301,내국인,운송업,16775632
27260,수성구,202301,내국인,의료웰니스업,1435377
27260,수성구,202301,내국인,전체,59622733
27260,수성구,202302,내국인,쇼핑업,12202903
27260,수성구,202302,내국인,숙박업,3048922
27260,수성구,202302,내국인,식음료업,19737924
27260,수성구,202302,내국인,여가서비스업,1432719
27260,수성구,202302,내국인,여행업,40731
27260,수성구,202302,내국인,운송업,15597802
27260,수성구,202302,내국인,의료웰니스업,1417776
27260,수성구,202302,내국인,전체,53478777
27260,수성구,202303,내국인,쇼핑업,14530585
27260,수성구,202303,내국인,숙박업,2719121
27260,수성구,202303,내국인,식음료업,21716914
27260,수성구,202303,내국인,여가서비스업,1538238
27260,수성구,202303,내국인,여행업,12556
27260,수성구,202303,내국인,운송업,17363887
27260,수성구,202303,내국인,의료웰니스업,1600270
27260,수성구,202303,내국인,전체,59481571
27260,수성구,202304,내국인,쇼핑업,14798481
27260,수성구,202304,내국인,숙박업,4041817
27260,수성구,202304,내국인,식음료업,21947338
27260,수성구,202304,내국인,여가서비스업,1509960
27260,수성구,202304,내국인,여행업,28861
27260,수성구,202304,내국인,운송업,16888173
27260,수성구,202304,내국인,의료웰니스업,1412115
27260,수성구,202304,내국인,전체,60626747
27260,수성구,202305,내국인,쇼핑업,15355014
27260,수성구,202305,내국인,숙박업,3437089
27260,수성구,202305,내국인,식음료업,23694794
27260,수성구,202305,내국인,여가서비스업,1574267
27260,수성구,202305,내국인,여행업,41097
27260,수성구,202305,내국인,운송업,17195473
27260,수성구,202305,내국인,의료웰니스업,1565196
27260,수성구,202305,내국인,전체,62862931
27260,수성구,202306,내국인,쇼핑업,14442989
27260,수성구,202306,내국인,숙박업,2527085
27260,수성구,202306,내국인,식음료업,21901794
27260,수성구,202306,내국인,여가서비스업,1412646
27260,수성구,202306,내국인,여행업,1556
27260,수성구,202306,내국인,운송업,16682571
27260,수성구,202306,내국인,의료웰니스업,1560407
27260,수성구,202306,내국인,전체,58529048
27260,수성구,202307,내국인,쇼핑업,15421568
27260,수성구,202307,내국인,숙박업,2489921
27260,수성구,202307,내국인,식음료업,22822513
27260,수성구,202307,내국인,여가서비스업,1582033
27260,수성구,202307,내국인,여행업,147
27260,수성구,202307,내국인,운송업,16906852
27260,수성구,202307,내국인,의료웰니스업,1554743
27260,수성구,202307,내국인,전체,60777779
27260,수성구,202308,내국인,쇼핑업,15389610
27260,수성구,202308,내국인,숙박업,2786453
27260,수성구,202308,내국인,식음료업,22687590
27260,수성구,202308,내국인,여가서비스업,1597943
27260,수성구,202308,내국인,여행업,48552
27260,수성구,202308,내국인,운송업,17009379
27260,수성구,202308,내국인,의료웰니스업,1423828
27260,수성구,202308,내국인,전체,60943356
27260,수성구,202309,내국인,쇼핑업,16641328
27260,수성구,202309,내국인,숙박업,3590844
27260,수성구,202309,내국인,식음료업,22683327
27260,수성구,202309,내국인,여가서비스업,1411469
27260,수성구,202309,내국인,여행업,15712
27260,수성구,202309,내국인,운송업,17340635
27260,수성구,202309,내국인,의료웰니스업,1557677
27260,수성구,202309,내국인,전체,63240993
27260,수성구,202310,내국인,쇼핑업,14559164
27260,수성구,202310,내국인,숙박업,3918873
27260,수성구,202310,내국인,식음료업,21400368
27260,수성구,202310,내국인,여가서비스업,1372403
27260,수성구,202310,내국인,여행업,66891
27260,수성구,202310,내국인,운송업,16842976
27260,수성구,202310,내국인,의료웰니스업,1482582
27260,수성구,202310,내국인,전체,59643257
27260,수성구,202311,내국인,쇼핑업,14391269
27260,수성구,202311,내국인,숙박업,3483757
27260,수성구,202311,내국인,식음료업,19550340
27260,수성구,202311,내국인,여가서비스업,1270889
27260,수성구,202311,내국인,여행업,1018
27260,수성구,202311,내국인,운송업,16019768
27260,수성구,202311,내국인,의료웰니스업,1417319
27260,수성구,202311,내국인,전체,56134359
27260,수성구,202312,내국인,쇼핑업,14695540
27260,수성구,202312,내국인,숙박업,4074032
27260,수성구,202312,내국인,식음료업,25360952
27260,수성구,202312,내국인,여가서비스업,1678811
27260,수성구,202312,내국인,여행업,25768
27260,수성구,202312,내국인,운송업,17732249
27260,수성구,202312,내국인,의료웰니스업,1780385
27260,수성구,202312,내국인,전체,65347738
27260,수성구,202401,내국인,쇼핑업,14611048
27260,수성구,202401,내국인,숙박업,2791079
27260,수성구,202401,내국인,식음료업,21652560
27260,수성구,202401,내국인,여가서비스업,1385743
27260,수성구,202401,내국인,여행업,125302
27260,수성구,202401,내국인,운송업,15537613
27260,수성구,202401,내국인,의료웰니스업,1412774
27260,수성구,202401,내국인,전체,57516120
27260,수성구,202402,내국인,쇼핑업,14052781
27260,수성구,202402,내국인,숙박업,2667769
27260,수성구,202402,내국인,식음료업,21086552
27260,수성구,202402,내국인,여가서비스업,1634437
27260,수성구,202402,내국인,여행업,33980
27260,수성구,202402,내국인,운송업,15499469
27260,수성구,202402,내국인,의료웰니스업,1425815
27260,수성구,202402,내국인,전체,56400802
27260,수성구,202403,내국인,쇼핑업,15513194
27260,수성구,202403,내국인,숙박업,3401098
27260,수성구,202403,내국인,식음료업,23239435
27260,수성구,202403,내국인,여가서비스업,1654358
27260,수성구,202403,내국인,여행업,8701
27260,수성구,202403,내국인,운송업,16562935
27260,수성구,202403,내국인,의료웰니스업,1681990
27260,수성구,202403,내국인,전체,62061711
27260,수성구,202404,내국인,쇼핑업,14925817
27260,수성구,202404,내국인,숙박업,3033793
27260,수성구,202404,내국인,식음료업,22061001
27260,수성구,202404,내국인,여가서비스업,1356262
27260,수성구,202404,내국인,여행업,11731
27260,수성구,202404,내국인,운송업,16193566
27260,수성구,202404,내국인,의료웰니스업,1490382
27260,수성구,202404,내국인,전체,59072550
27260,수성구,202405,내국인,쇼핑업,16788029
27260,수성구,202405,내국인,숙박업,3280515
27260,수성구,202405,내국인,식음료업,25633861
27260,수성구,202405,내국인,여가서비스업,1614085
27260,수성구,202405,내국인,여행업,14461
27260,수성구,202405,내국인,운송업,17424543
27260,수성구,202405,내국인,의료웰니스업,1654442
27260,수성구,202405,내국인,전체,66409937
27260,수성구,202406,내국인,쇼핑업,15691895
27260,수성구,202406,내국인,숙박업,3879204
27260,수성구,202406,내국인,식음료업,23234167
27260,수성구,202406,내국인,여가서비스업,1474349
27260,수성구,202406,내국인,여행업,37623
27260,수성구,202406,내국인,운송업,16450746
27260,수성구,202406,내국인,의료웰니스업,1604300
27260,수성구,202406,내국인,전체,62372284
27260,수성구,202407,내국인,쇼핑업,15629851
27260,수성구,202407,내국인,숙박업,2243730
27260,수성구,202407,내국인,식음료업,23200890
27260,수성구,202407,내국인,여가서비스업,1443250
27260,수성구,202407,내국인,여행업,2536
27260,수성구,202407,내국인,운송업,16450999
27260,수성구,202407,내국인,의료웰니스업,1587381
27260,수성구,202407,내국인,전체,60558638
27260,수성구,202408,내국인,쇼핑업,16051725
27260,수성구,202408,내국인,숙박업,2549374
27260,수성구,202408,내국인,식음료업,24298730
27260,수성구,202408,내국인,여가서비스업,1610735
27260,수성구,202408,내국인,여행업,31698
27260,수성구,202408,내국인,운송업,16670380
27260,수성구,202408,내국인,의료웰니스업,1636736
27260,수성구,202408,내국인,전체,62849377
27260,수성구,202409,내국인,쇼핑업,16653461
27260,수성구,202409,내국인,숙박업,3196394
27260,수성구,202409,내국인,식음료업,23308320
27260,수성구,202409,내국인,여가서비스업,1553953
27260,수성구,202409,내국인,여행업,19074
27260,수성구,202409,내국인,운송업,16261541
27260,수성구,202409,내국인,의료웰니스업,1776032
27260,수성구,202409,내국인,전체,62768776
27260,수성구,202410,내국인,쇼핑업,15535037
27260,수성구,202410,내국인,숙박업,3575877
27260,수성구,202410,내국인,식음료업,23195814
27260,수성구,202410,내국인,여가서비스업,1402108
27260,수성구,202410,내국인,여행업,39772
27260,수성구,202410,내국인,운송업,16205056
27260,수성구,202410,내국인,의료웰니스업,1674205
27260,수성구,202410,내국인,전체,61627870
27260,수성구,202411,내국인,쇼핑업,14997420
27260,수성구,202411,내국인,숙박업,4371698
27260,수성구,202411,내국인,식음료업,22181849
27260,수성구,202411,내국인,여가서비스업,1392136
27260,수성구,202411,내국인,여행업,7310
27260,수성구,202411,내국인,운송업,15905751
27260,수성구,202411,내국인,의료웰니스업,1590882
27260,수성구,202411,내국인,전체,60447045
27260,수성구,202412,내국인,쇼핑업,14919146
27260,수성구,202412,내국인,숙박업,3844848
27260,수성구,202412,내국인,식음료업,25976405
27260,수성구,202412,내국인,여가서비스업,1475129
27260,수성구,202412,내국인,여행업,11675
27260,수성구,202412,내국인,운송업,16808123
27260,수성구,202412,내국인,의료웰니스업,1681326
27260,수성구,202412,내국인,전체,64716653
27260,수성구,202501,내국인,쇼핑업,16356915
27260,수성구,202501,내국인,숙박업,2725487
27260,수성구,202501,내국인,식음료업,23092758
27260,수성구,202501,내국인,여가서비스업,1388218
27260,수성구,202501,내국인,여행업,233591
27260,수성구,202501,내국인,운송업,15534377
27260,수성구,202501,내국인,의료웰니스업,1667373
27260,수성구,202501,내국인,전체,60998720
27260,수성구,202502,내국인,쇼핑업,12463692
27260,수성구,202502,내국인,숙박업,2983528
27260,수성구,202502,내국인,식음료업,19893932
27260,수성구,202502,내국인,여가서비스업,1312274
27260,수성구,202502,내국인,여행업,129833
27260,수성구,202502,내국인,운송업,14910247
27260,수성구,202502,내국인,의료웰니스업,1532960
27260,수성구,202502,내국인,전체,53226466
27260,수성구,202503,내국인,쇼핑업,15997262
27260,수성구,202503,내국인,숙박업,3515926
27260,수성구,202503,내국인,식음료업,23782730
27260,수성구,202503,내국인,여가서비스업,1310607
27260,수성구,202503,내국인,여행업,220024
27260,수성구,202503,내국인,운송업,16926427
27260,수성구,202503,내국인,의료웰니스업,1937881
27260,수성구,202503,내국인,전체,63690855
27260,수성구,202504,내국인,쇼핑업,16429151
27260,수성구,202504,내국인,숙박업,3245350
27260,수성구,202504,내국인,식음료업,22950527
27260,수성구,202504,내국인,여가서비스업,1193464
27260,수성구,202504,내국인,여행업,62186
27260,수성구,202504,내국인,운송업,16234731
27260,수성구,202504,내국인,의료웰니스업,1487997
27260,수성구,202504,내국인,전체,61603406
27260,수성구,202505,내국인,쇼핑업,17084567
27260,수성구,202505,내국인,숙박업,3682751
27260,수성구,202505,내국인,식음료업,26840826
27260,수성구,202505,내국인,여가서비스업,1470239
27260,수성구,202505,내국인,여행업,72085
27260,수성구,202505,내국인,운송업,17277730
27260,수성구,202505,내국인,의료웰니스업,1778434
27260,수성구,202505,내국인,전체,68206631
27260,수성구,202506,내국인,쇼핑업,15135438
27260,수성구,202506,내국인,숙박업,2697633
27260,수성구,202506,내국인,식음료업,22623234
27260,수성구,202506,내국인,여가서비스업,1272691
27260,수성구,202506,내국인,여행업,84824
27260,수성구,202506,내국인,운송업,15716925
27260,수성구,202506,내국인,의료웰니스업,1605503
27260,수성구,202506,내국인,전체,59136248
27260,수성구,202507,내국인,쇼핑업,15590393
27260,수성구,202507,내국인,숙박업,2411352
27260,수성구,202507,내국인,식음료업,24015517
27260,수성구,202507,내국인,여가서비스업,1325932
27260,수성구,202507,내국인,여행업,140813
27260,수성구,202507,내국인,운송업,16962908
27260,수성구,202507,내국인,의료웰니스업,1866129
27260,수성구,202507,내국인,전체,62313044
27260,수성구,202508,내국인,쇼핑업,15259483
27260,수성구,202508,내국인,숙박업,2840620
27260,수성구,202508,내국인,식음료업,25091268
27260,수성구,202508,내국인,여가서비스업,1341011
27260,수성구,202508,내국인,여행업,39053
27260,수성구,202508,내국인,운송업,16576236
27260,수성구,202508,내국인,의료웰니스업,1848369
27260,수성구,202508,내국인,전체,62996040
27260,수성구,202509,내국인,쇼핑업,15136203
27260,수성구,202509,내국인,숙박업,3748073
27260,수성구,202509,내국인,식음료업,21999891
27260,수성구,202509,내국인,여가서비스업,1039281
27260,수성구,202509,내국인,여행업,37030
27260,수성구,202509,내국인,운송업,15867144
27260,수성구,202509,내국인,의료웰니스업,1618129
27260,수성구,202509,내국인,전체,59445751
27260,수성구,202510,내국인,쇼핑업,16246004
27260,수성구,202510,내국인,숙박업,3803915
27260,수성구,202510,내국인,식음료업,25157066
27260,수성구,202510,내국인,여가서비스업,1325793
27260,수성구,202510,내국인,여행업,64966
27260,수성구,202510,내국인,운송업,16772146
27260,수성구,202510,내국인,의료웰니스업,1813272
27260,수성구,202510,내국인,전체,65183163
27260,수성구,202511,내국인,쇼핑업,14592880
27260,수성구,202511,내국인,숙박업,5413426
27260,수성구,202511,내국인,식음료업,23081947
27260,수성구,202511,내국인,여가서비스업,1256429
27260,수성구,202511,내국인,여행업,37747
27260,수성구,202511,내국인,운송업,16905700
27260,수성구,202511,내국인,의료웰니스업,1724752
27260,수성구,202511,내국인,전체,63012880
27260,수성구,202512,내국인,쇼핑업,14061363
27260,수성구,202512,내국인,숙박업,4186783
27260,수성구,202512,내국인,식음료업,27085325
27260,수성구,202512,내국인,여가서비스업,1218023
27260,수성구,202512,내국인,여행업,22017
27260,수성구,202512,내국인,운송업,17572924
27260,수성구,202512,내국인,의료웰니스업,1752952
27260,수성구,202512,내국인,전체,65899386
27260,수성구,202601,내국인,쇼핑업,14714948
27260,수성구,202601,내국인,숙박업,3022448
27260,수성구,202601,내국인,식음료업,24904300
27260,수성구,202601,내국인,여가서비스업,1388346
27260,수성구,202601,내국인,여행업,25712
27260,수성구,202601,내국인,운송업,17620103
27260,수성구,202601,내국인,의료웰니스업,1857201
27260,수성구,202601,내국인,전체,63533057
27260,수성구,202602,내국인,쇼핑업,13988793
27260,수성구,202602,내국인,숙박업,3047017
27260,수성구,202602,내국인,식음료업,22656772
27260,수성구,202602,내국인,여가서비스업,1373598
27260,수성구,202602,내국인,여행업,249099
27260,수성구,202602,내국인,운송업,16376290
27260,수성구,202602,내국인,의료웰니스업,1913000
27260,수성구,202602,내국인,전체,59604568
27260,수성구,202603,내국인,쇼핑업,13981688
27260,수성구,202603,내국인,숙박업,3546934
27260,수성구,202603,내국인,식음료업,23941855
27260,수성구,202603,내국인,여가서비스업,1250450
27260,수성구,202603,내국인,여행업,116767
27260,수성구,202603,내국인,운송업,17996680
27260,수성구,202603,내국인,의료웰니스업,1815140
27260,수성구,202603,내국인,전체,62649513
27260,수성구,202604,내국인,쇼핑업,14241028
27260,수성구,202604,내국인,숙박업,4280391
27260,수성구,202604,내국인,식음료업,24247975
27260,수성구,202604,내국인,여가서비스업,1166295
27260,수성구,202604,내국인,여행업,41822
27260,수성구,202604,내국인,운송업,17319108
27260,수성구,202604,내국인,의료웰니스업,1838007
27260,수성구,202604,내국인,전체,63134626
27260,수성구,202605,내국인,쇼핑업,15093820
27260,수성구,202605,내국인,숙박업,4356057
27260,수성구,202605,내국인,식음료업,29462577
27260,수성구,202605,내국인,여가서비스업,1248416
27260,수성구,202605,내국인,여행업,64587
27260,수성구,202605,내국인,운송업,18486383
27260,수성구,202605,내국인,의료웰니스업,1941932
27260,수성구,202605,내국인,전체,70653771
27260,수성구,202606,내국인,쇼핑업,14291478
27260,수성구,202606,내국인,숙박업,3495231
27260,수성구,202606,내국인,식음료업,24654840
27260,수성구,202606,내국인,여가서비스업,1220586
27260,수성구,202606,내국인,여행업,98227
27260,수성구,202606,내국인,운송업,17343655
27260,수성구,202606,내국인,의료웰니스업,1774671
27260,수성구,202606,내국인,전체,62878688
27260,수성구,202607,내국인,쇼핑업,15168532
27260,수성구,202607,내국인,숙박업,2649532
27260,수성구,202607,내국인,식음료업,26121161
27260,수성구,202607,내국인,여가서비스업,1281674
27260,수성구,202607,내국인,여행업,131264
27260,수성구,202607,내국인,운송업,17994313
27260,수성구,202607,내국인,의료웰니스업,1821868
27260,수성구,202607,내국인,전체,65168345
27260,수성구,202608,내국인,쇼핑업,14625966
27260,수성구,202608,내국인,숙박업,2278792
27260,수성구,202608,내국인,식음료업,26274872
27260,수성구,202608,내국인,여가서비스업,1324600
27260,수성구,202608,내국인,여행업,33738
27260,수성구,202608,내국인,운송업,16128803
27260,수성구,202608,내국인,의료웰니스업,1856491
27260,수성구,202608,내국인,전체,62523262
27290,달서구,202001,내국인,쇼핑업,28511690
27290,달서구,202001,내국인,숙박업,632032
27290,달서구,202001,내국인,식음료업,17799789
27290,달서구,202001,내국인,여가서비스업,2385344
27290,달서구,202001,내국인,여행업,34647
27290,달서구,202001,내국인,운송업,8967583
27290,달서구,202001,내국인,의료웰니스업,1529305
27290,달서구,202001,내국인,전체,59860390
27290,달서구,202002,내국인,쇼핑업,19363734
27290,달서구,202002,내국인,숙박업,490282
27290,달서구,202002,내국인,식음료업,11489826
27290,달서구,202002,내국인,여가서비스업,1274181
27290,달서구,202002,내국인,여행업,268
27290,달서구,202002,내국인,운송업,7390838
27290,달서구,202002,내국인,의료웰니스업,858199
27290,달서구,202002,내국인,전체,40867327
27290,달서구,202003,내국인,쇼핑업,18584952
27290,달서구,202003,내국인,숙박업,337326
27290,달서구,202003,내국인,식음료업,7833414
27290,달서구,202003,내국인,여가서비스업,624046
27290,달서구,202003,내국인,여행업,1993
27290,달서구,202003,내국인,운송업,6591619
27290,달서구,202003,내국인,의료웰니스업,675167
27290,달서구,202003,내국인,전체,34648516
27290,달서구,202004,내국인,쇼핑업,21828490
27290,달서구,202004,내국인,숙박업,471523
27290,달서구,202004,내국인,식음료업,11050466
27290,달서구,202004,내국인,여가서비스업,894485
27290,달서구,202004,내국인,여행업,23929
27290,달서구,202004,내국인,운송업,6686491
27290,달서구,202004,내국인,의료웰니스업,728279
27290,달서구,202004,내국인,전체,41683663
27290,달서구,202005,내국인,쇼핑업,29223531
27290,달서구,202005,내국인,숙박업,588999
27290,달서구,202005,내국인,식음료업,15852006
27290,달서구,202005,내국인,여가서비스업,1761623
27290,달서구,202005,내국인,여행업,58109
27290,달서구,202005,내국인,운송업,7017647
27290,달서구,202005,내국인,의료웰니스업,1236874
27290,달서구,202005,내국인,전체,55738788
27290,달서구,202006,내국인,쇼핑업,25801331
27290,달서구,202006,내국인,숙박업,619455
27290,달서구,202006,내국인,식음료업,15271802
27290,달서구,202006,내국인,여가서비스업,1468814
27290,달서구,202006,내국인,여행업,2876
27290,달서구,202006,내국인,운송업,7418887
27290,달서구,202006,내국인,의료웰니스업,1022606
27290,달서구,202006,내국인,전체,51605771
27290,달서구,202007,내국인,쇼핑업,23585590
27290,달서구,202007,내국인,숙박업,645288
27290,달서구,202007,내국인,식음료업,15870028
27290,달서구,202007,내국인,여가서비스업,1506730
27290,달서구,202007,내국인,여행업,2320
27290,달서구,202007,내국인,운송업,7567143
27290,달서구,202007,내국인,의료웰니스업,1061166
27290,달서구,202007,내국인,전체,50238265
27290,달서구,202008,내국인,쇼핑업,24608616
27290,달서구,202008,내국인,숙박업,659259
27290,달서구,202008,내국인,식음료업,16099947
27290,달서구,202008,내국인,여가서비스업,1670575
27290,달서구,202008,내국인,여행업,43951
27290,달서구,202008,내국인,운송업,8079451
27290,달서구,202008,내국인,의료웰니스업,1121677
27290,달서구,202008,내국인,전체,52283475
27290,달서구,202009,내국인,쇼핑업,27881991
27290,달서구,202009,내국인,숙박업,628946
27290,달서구,202009,내국인,식음료업,15248163
27290,달서구,202009,내국인,여가서비스업,1435678
27290,달서구,202009,내국인,여행업,24486
27290,달서구,202009,내국인,운송업,7415626
27290,달서구,202009,내국인,의료웰니스업,1142315
27290,달서구,202009,내국인,전체,53777205
27290,달서구,202010,내국인,쇼핑업,27295242
27290,달서구,202010,내국인,숙박업,659508
27290,달서구,202010,내국인,식음료업,16258005
27290,달서구,202010,내국인,여가서비스업,2219152
27290,달서구,202010,내국인,여행업,9882
27290,달서구,202010,내국인,운송업,7412318
27290,달서구,202010,내국인,의료웰니스업,1074463
27290,달서구,202010,내국인,전체,54928572
27290,달서구,202011,내국인,쇼핑업,27264188
27290,달서구,202011,내국인,숙박업,691501
27290,달서구,202011,내국인,식음료업,15834104
27290,달서구,202011,내국인,여가서비스업,1677678
27290,달서구,202011,내국인,여행업,6998
27290,달서구,202011,내국인,운송업,7440814
27290,달서구,202011,내국인,의료웰니스업,1093035
27290,달서구,202011,내국인,전체,54008318
27290,달서구,202012,내국인,쇼핑업,25824814
27290,달서구,202012,내국인,숙박업,615642
27290,달서구,202012,내국인,식음료업,13250327
27290,달서구,202012,내국인,여가서비스업,1158753
27290,달서구,202012,내국인,여행업,9969
27290,달서구,202012,내국인,운송업,7855185
27290,달서구,202012,내국인,의료웰니스업,1041481
27290,달서구,202012,내국인,전체,49756171
27290,달서구,202101,내국인,쇼핑업,24171259
27290,달서구,202101,내국인,숙박업,597743
27290,달서구,202101,내국인,식음료업,10379943
27290,달서구,202101,내국인,여가서비스업,1004050
27290,달서구,202101,내국인,여행업,1450
27290,달서구,202101,내국인,운송업,7520339
27290,달서구,202101,내국인,의료웰니스업,939107
27290,달서구,202101,내국인,전체,44613891
27290,달서구,202102,내국인,쇼핑업,23876168
27290,달서구,202102,내국인,숙박업,565956
27290,달서구,202102,내국인,식음료업,11516142
27290,달서구,202102,내국인,여가서비스업,1565222
27290,달서구,202102,내국인,여행업,7579
27290,달서구,202102,내국인,운송업,7234446
27290,달서구,202102,내국인,의료웰니스업,949483
27290,달서구,202102,내국인,전체,45714996
27290,달서구,202103,내국인,쇼핑업,24467521
27290,달서구,202103,내국인,숙박업,636123
27290,달서구,202103,내국인,식음료업,13947930
27290,달서구,202103,내국인,여가서비스업,1901788
27290,달서구,202103,내국인,여행업,3361
27290,달서구,202103,내국인,운송업,8476101
27290,달서구,202103,내국인,의료웰니스업,1040046
27290,달서구,202103,내국인,전체,50472869
27290,달서구,202104,내국인,쇼핑업,23933670
27290,달서구,202104,내국인,숙박업,661075
27290,달서구,202104,내국인,식음료업,14444233
27290,달서구,202104,내국인,여가서비스업,1965767
27290,달서구,202104,내국인,여행업,9681
27290,달서구,202104,내국인,운송업,8343836
27290,달서구,202104,내국인,의료웰니스업,961491
27290,달서구,202104,내국인,전체,50319754
27290,달서구,202105,내국인,쇼핑업,26409224
27290,달서구,202105,내국인,숙박업,669336
27290,달서구,202105,내국인,식음료업,15385750
27290,달서구,202105,내국인,여가서비스업,2688469
27290,달서구,202105,내국인,여행업,7835
27290,달서구,202105,내국인,운송업,8352722
27290,달서구,202105,내국인,의료웰니스업,1002345
27290,달서구,202105,내국인,전체,54515680
27290,달서구,202106,내국인,쇼핑업,22773136
27290,달서구,202106,내국인,숙박업,565538
27290,달서구,202106,내국인,식음료업,12256728
27290,달서구,202106,내국인,여가서비스업,1505038
27290,달서구,202106,내국인,여행업,2695
27290,달서구,202106,내국인,운송업,8211724
27290,달서구,202106,내국인,의료웰니스업,1014188
27290,달서구,202106,내국인,전체,46329047
27290,달서구,202107,내국인,쇼핑업,23592109
27290,달서구,202107,내국인,숙박업,678092
27290,달서구,202107,내국인,식음료업,14030860
27290,달서구,202107,내국인,여가서비스업,1608690
27290,달서구,202107,내국인,여행업,4983
27290,달서구,202107,내국인,운송업,9177253
27290,달서구,202107,내국인,의료웰니스업,1061352
27290,달서구,202107,내국인,전체,50153340
27290,달서구,202108,내국인,쇼핑업,23227437
27290,달서구,202108,내국인,숙박업,660730
27290,달서구,202108,내국인,식음료업,12315052
27290,달서구,202108,내국인,여가서비스업,1643898
27290,달서구,202108,내국인,여행업,15631
27290,달서구,202108,내국인,운송업,8560476
27290,달서구,202108,내국인,의료웰니스업,928900
27290,달서구,202108,내국인,전체,47352125
27290,달서구,202109,내국인,쇼핑업,27520477
27290,달서구,202109,내국인,숙박업,599340
27290,달서구,202109,내국인,식음료업,13673550
27290,달서구,202109,내국인,여가서비스업,2019696
27290,달서구,202109,내국인,여행업,4158
27290,달서구,202109,내국인,운송업,8675236
27290,달서구,202109,내국인,의료웰니스업,1312440
27290,달서구,202109,내국인,전체,53804897
27290,달서구,202110,내국인,쇼핑업,27331806
27290,달서구,202110,내국인,숙박업,712330
27290,달서구,202110,내국인,식음료업,14901594
27290,달서구,202110,내국인,여가서비스업,2732361
27290,달서구,202110,내국인,여행업,10257
27290,달서구,202110,내국인,운송업,9292640
27290,달서구,202110,내국인,의료웰니스업,1196776
27290,달서구,202110,내국인,전체,56177765
27290,달서구,202111,내국인,쇼핑업,25473869
27290,달서구,202111,내국인,숙박업,733522
27290,달서구,202111,내국인,식음료업,16134263
27290,달서구,202111,내국인,여가서비스업,2410134
27290,달서구,202111,내국인,여행업,18103
27290,달서구,202111,내국인,운송업,9296556
27290,달서구,202111,내국인,의료웰니스업,1144947
27290,달서구,202111,내국인,전체,55211393
27290,달서구,202112,내국인,쇼핑업,26145862
27290,달서구,202112,내국인,숙박업,699217
27290,달서구,202112,내국인,식음료업,14991088
27290,달서구,202112,내국인,여가서비스업,2100768
27290,달서구,202112,내국인,여행업,7062
27290,달서구,202112,내국인,운송업,9629533
27290,달서구,202112,내국인,의료웰니스업,1238483
27290,달서구,202112,내국인,전체,54812014
27290,달서구,202201,내국인,쇼핑업,28009627
27290,달서구,202201,내국인,숙박업,623973
27290,달서구,202201,내국인,식음료업,12849095
27290,달서구,202201,내국인,여가서비스업,2038306
27290,달서구,202201,내국인,여행업,15845
27290,달서구,202201,내국인,운송업,8678726
27290,달서구,202201,내국인,의료웰니스업,1147991
27290,달서구,202201,내국인,전체,53363563
27290,달서구,202202,내국인,쇼핑업,19600192
27290,달서구,202202,내국인,숙박업,560303
27290,달서구,202202,내국인,식음료업,10046711
27290,달서구,202202,내국인,여가서비스업,1542239
27290,달서구,202202,내국인,여행업,25084
27290,달서구,202202,내국인,운송업,7501439
27290,달서구,202202,내국인,의료웰니스업,865149
27290,달서구,202202,내국인,전체,40141118
27290,달서구,202203,내국인,쇼핑업,24559845
27290,달서구,202203,내국인,숙박업,717453
27290,달서구,202203,내국인,식음료업,13178590
27290,달서구,202203,내국인,여가서비스업,2158907
27290,달서구,202203,내국인,여행업,33038
27290,달서구,202203,내국인,운송업,8948458
27290,달서구,202203,내국인,의료웰니스업,1144135
27290,달서구,202203,내국인,전체,50740427
27290,달서구,202204,내국인,쇼핑업,24831419
27290,달서구,202204,내국인,숙박업,630322
27290,달서구,202204,내국인,식음료업,15932116
27290,달서구,202204,내국인,여가서비스업,3588496
27290,달서구,202204,내국인,여행업,13547
27290,달서구,202204,내국인,운송업,9629004
27290,달서구,202204,내국인,의료웰니스업,1081424
27290,달서구,202204,내국인,전체,55706328
27290,달서구,202205,내국인,쇼핑업,27363987
27290,달서구,202205,내국인,숙박업,664254
27290,달서구,202205,내국인,식음료업,19121306
27290,달서구,202205,내국인,여가서비스업,4047615
27290,달서구,202205,내국인,여행업,40673
27290,달서구,202205,내국인,운송업,11188349
27290,달서구,202205,내국인,의료웰니스업,1441815
27290,달서구,202205,내국인,전체,63867999
27290,달서구,202206,내국인,쇼핑업,24032215
27290,달서구,202206,내국인,숙박업,714409
27290,달서구,202206,내국인,식음료업,17324701
27290,달서구,202206,내국인,여가서비스업,2730524
27290,달서구,202206,내국인,여행업,15832
27290,달서구,202206,내국인,운송업,10786789
27290,달서구,202206,내국인,의료웰니스업,1190821
27290,달서구,202206,내국인,전체,56795291
27290,달서구,202207,내국인,쇼핑업,25571339
27290,달서구,202207,내국인,숙박업,803156
27290,달서구,202207,내국인,식음료업,18416201
27290,달서구,202207,내국인,여가서비스업,2647870
27290,달서구,202207,내국인,여행업,22580
27290,달서구,202207,내국인,운송업,10870967
27290,달서구,202207,내국인,의료웰니스업,1189174
27290,달서구,202207,내국인,전체,59521286
27290,달서구,202208,내국인,쇼핑업,24309355
27290,달서구,202208,내국인,숙박업,778271
27290,달서구,202208,내국인,식음료업,17002921
27290,달서구,202208,내국인,여가서비스업,2600534
27290,달서구,202208,내국인,여행업,52370
27290,달서구,202208,내국인,운송업,9698813
27290,달서구,202208,내국인,의료웰니스업,1178731
27290,달서구,202208,내국인,전체,55620996
27290,달서구,202209,내국인,쇼핑업,26607730
27290,달서구,202209,내국인,숙박업,712701
27290,달서구,202209,내국인,식음료업,17992313
27290,달서구,202209,내국인,여가서비스업,2856757
27290,달서구,202209,내국인,여행업,21648
27290,달서구,202209,내국인,운송업,9386685
27290,달서구,202209,내국인,의료웰니스업,1326569
27290,달서구,202209,내국인,전체,58904403
27290,달서구,202210,내국인,쇼핑업,28669572
27290,달서구,202210,내국인,숙박업,964485
27290,달서구,202210,내국인,식음료업,20527650
27290,달서구,202210,내국인,여가서비스업,3907661
27290,달서구,202210,내국인,여행업,113521
27290,달서구,202210,내국인,운송업,10534268
27290,달서구,202210,내국인,의료웰니스업,1355920
27290,달서구,202210,내국인,전체,66073078
27290,달서구,202211,내국인,쇼핑업,25699260
27290,달서구,202211,내국인,숙박업,814348
27290,달서구,202211,내국인,식음료업,18883001
27290,달서구,202211,내국인,여가서비스업,2692634
27290,달서구,202211,내국인,여행업,38006
27290,달서구,202211,내국인,운송업,10153950
27290,달서구,202211,내국인,의료웰니스업,1331057
27290,달서구,202211,내국인,전체,59612256
27290,달서구,202212,내국인,쇼핑업,30505849
27290,달서구,202212,내국인,숙박업,882266
27290,달서구,202212,내국인,식음료업,20947121
27290,달서구,202212,내국인,여가서비스업,2962227
27290,달서구,202212,내국인,여행업,48955
27290,달서구,202212,내국인,운송업,10320183
27290,달서구,202212,내국인,의료웰니스업,1537618
27290,달서구,202212,내국인,전체,67204219
27290,달서구,202301,내국인,쇼핑업,30751134
27290,달서구,202301,내국인,숙박업,685703
27290,달서구,202301,내국인,식음료업,19199156
27290,달서구,202301,내국인,여가서비스업,3049516
27290,달서구,202301,내국인,여행업,6195
27290,달서구,202301,내국인,운송업,9322590
27290,달서구,202301,내국인,의료웰니스업,1543213
27290,달서구,202301,내국인,전체,64557508
27290,달서구,202302,내국인,쇼핑업,22875883
27290,달서구,202302,내국인,숙박업,656171
27290,달서구,202302,내국인,식음료업,18045002
27290,달서구,202302,내국인,여가서비스업,3164807
27290,달서구,202302,내국인,여행업,98064
27290,달서구,202302,내국인,운송업,8038605
27290,달서구,202302,내국인,의료웰니스업,1233326
27290,달서구,202302,내국인,전체,54111858
27290,달서구,202303,내국인,쇼핑업,28362524
27290,달서구,202303,내국인,숙박업,721837
27290,달서구,202303,내국인,식음료업,19654817
27290,달서구,202303,내국인,여가서비스업,3551989
27290,달서구,202303,내국인,여행업,98813
27290,달서구,202303,내국인,운송업,8466917
27290,달서구,202303,내국인,의료웰니스업,1602026
27290,달서구,202303,내국인,전체,62458923
27290,달서구,202304,내국인,쇼핑업,27379028
27290,달서구,202304,내국인,숙박업,696355
27290,달서구,202304,내국인,식음료업,19748678
27290,달서구,202304,내국인,여가서비스업,3671883
27290,달서구,202304,내국인,여행업,30510
27290,달서구,202304,내국인,운송업,8044376
27290,달서구,202304,내국인,의료웰니스업,1424584
27290,달서구,202304,내국인,전체,60995414
27290,달서구,202305,내국인,쇼핑업,28965861
27290,달서구,202305,내국인,숙박업,647813
27290,달서구,202305,내국인,식음료업,21206542
27290,달서구,202305,내국인,여가서비스업,3267042
27290,달서구,202305,내국인,여행업,19452
27290,달서구,202305,내국인,운송업,8191699
27290,달서구,202305,내국인,의료웰니스업,1471664
27290,달서구,202305,내국인,전체,63770074
27290,달서구,202306,내국인,쇼핑업,25753405
27290,달서구,202306,내국인,숙박업,727834
27290,달서구,202306,내국인,식음료업,19426245
27290,달서구,202306,내국인,여가서비스업,2848693
27290,달서구,202306,내국인,여행업,69561
27290,달서구,202306,내국인,운송업,7720838
27290,달서구,202306,내국인,의료웰니스업,1503613
27290,달서구,202306,내국인,전체,58050190
27290,달서구,202307,내국인,쇼핑업,27363060
27290,달서구,202307,내국인,숙박업,761758
27290,달서구,202307,내국인,식음료업,20086256
27290,달서구,202307,내국인,여가서비스업,2686550
27290,달서구,202307,내국인,여행업,74019
27290,달서구,202307,내국인,운송업,7805591
27290,달서구,202307,내국인,의료웰니스업,1372757
27290,달서구,202307,내국인,전체,60149992
27290,달서구,202308,내국인,쇼핑업,25746395
27290,달서구,202308,내국인,숙박업,631200
27290,달서구,202308,내국인,식음료업,19119934
27290,달서구,202308,내국인,여가서비스업,2915615
27290,달서구,202308,내국인,여행업,111879
27290,달서구,202308,내국인,운송업,8250275
27290,달서구,202308,내국인,의료웰니스업,1360260
27290,달서구,202308,내국인,전체,58135559
27290,달서구,202309,내국인,쇼핑업,29191408
27290,달서구,202309,내국인,숙박업,595962
27290,달서구,202309,내국인,식음료업,20099723
27290,달서구,202309,내국인,여가서비스업,3031620
27290,달서구,202309,내국인,여행업,121200
27290,달서구,202309,내국인,운송업,9013062
27290,달서구,202309,내국인,의료웰니스업,1555565
27290,달서구,202309,내국인,전체,63608540
27290,달서구,202310,내국인,쇼핑업,27936345
27290,달서구,202310,내국인,숙박업,747087
27290,달서구,202310,내국인,식음료업,19752376
27290,달서구,202310,내국인,여가서비스업,3753309
27290,달서구,202310,내국인,여행업,82884
27290,달서구,202310,내국인,운송업,8954858
27290,달서구,202310,내국인,의료웰니스업,1432169
27290,달서구,202310,내국인,전체,62659028
27290,달서구,202311,내국인,쇼핑업,27982372
27290,달서구,202311,내국인,숙박업,666880
27290,달서구,202311,내국인,식음료업,17946708
27290,달서구,202311,내국인,여가서비스업,2567883
27290,달서구,202311,내국인,여행업,7576
27290,달서구,202311,내국인,운송업,8822491
27290,달서구,202311,내국인,의료웰니스업,1351447
27290,달서구,202311,내국인,전체,59345358
27290,달서구,202312,내국인,쇼핑업,28912179
27290,달서구,202312,내국인,숙박업,800884
27290,달서구,202312,내국인,식음료업,22116396
27290,달서구,202312,내국인,여가서비스업,3341903
27290,달서구,202312,내국인,여행업,44975
27290,달서구,202312,내국인,운송업,9411483
27290,달서구,202312,내국인,의료웰니스업,1560714
27290,달서구,202312,내국인,전체,66188534
27290,달서구,202401,내국인,쇼핑업,28302941
27290,달서구,202401,내국인,숙박업,624520
27290,달서구,202401,내국인,식음료업,19241239
27290,달서구,202401,내국인,여가서비스업,2937983
27290,달서구,202401,내국인,여행업,129344
27290,달서구,202401,내국인,운송업,8843436
27290,달서구,202401,내국인,의료웰니스업,1471718
27290,달서구,202401,내국인,전체,61551181
27290,달서구,202402,내국인,쇼핑업,25333827
27290,달서구,202402,내국인,숙박업,623287
27290,달서구,202402,내국인,식음료업,18512710
27290,달서구,202402,내국인,여가서비스업,3094435
27290,달서구,202402,내국인,여행업,43822
27290,달서구,202402,내국인,운송업,8145822
27290,달서구,202402,내국인,의료웰니스업,1324460
27290,달서구,202402,내국인,전체,57078365
27290,달서구,202403,내국인,쇼핑업,29309320
27290,달서구,202403,내국인,숙박업,644270
27290,달서구,202403,내국인,식음료업,20744102
27290,달서구,202403,내국인,여가서비스업,3595728
27290,달서구,202403,내국인,여행업,19007
27290,달서구,202403,내국인,운송업,8761132
27290,달서구,202403,내국인,의료웰니스업,1663294
27290,달서구,202403,내국인,전체,64736853
27290,달서구,202404,내국인,쇼핑업,25721040
27290,달서구,202404,내국인,숙박업,608526
27290,달서구,202404,내국인,식음료업,19363355
27290,달서구,202404,내국인,여가서비스업,3556758
27290,달서구,202404,내국인,여행업,141610
27290,달서구,202404,내국인,운송업,8542709
27290,달서구,202404,내국인,의료웰니스업,1434717
27290,달서구,202404,내국인,전체,59368716
27290,달서구,202405,내국인,쇼핑업,27175033
27290,달서구,202405,내국인,숙박업,646478
27290,달서구,202405,내국인,식음료업,21735846
27290,달서구,202405,내국인,여가서비스업,3451263
27290,달서구,202405,내국인,여행업,44154
27290,달서구,202405,내국인,운송업,8735280
27290,달서구,202405,내국인,의료웰니스업,1543121
27290,달서구,202405,내국인,전체,63331175
27290,달서구,202406,내국인,쇼핑업,25480612
27290,달서구,202406,내국인,숙박업,545561
27290,달서구,202406,내국인,식음료업,20110451
27290,달서구,202406,내국인,여가서비스업,2801432
27290,달서구,202406,내국인,여행업,24465
27290,달서구,202406,내국인,운송업,9017912
27290,달서구,202406,내국인,의료웰니스업,1371575
27290,달서구,202406,내국인,전체,59352008
27290,달서구,202407,내국인,쇼핑업,25276192
27290,달서구,202407,내국인,숙박업,591845
27290,달서구,202407,내국인,식음료업,19629495
27290,달서구,202407,내국인,여가서비스업,2282533
27290,달서구,202407,내국인,여행업,92145
27290,달서구,202407,내국인,운송업,9067419
27290,달서구,202407,내국인,의료웰니스업,1381482
27290,달서구,202407,내국인,전체,58321111
27290,달서구,202408,내국인,쇼핑업,25403734
27290,달서구,202408,내국인,숙박업,554027
27290,달서구,202408,내국인,식음료업,19610175
27290,달서구,202408,내국인,여가서비스업,2629008
27290,달서구,202408,내국인,여행업,4676
27290,달서구,202408,내국인,운송업,9192043
27290,달서구,202408,내국인,의료웰니스업,1480167
27290,달서구,202408,내국인,전체,58873831
27290,달서구,202409,내국인,쇼핑업,27312600
27290,달서구,202409,내국인,숙박업,518372
27290,달서구,202409,내국인,식음료업,19946004
27290,달서구,202409,내국인,여가서비스업,2996813
27290,달서구,202409,내국인,여행업,124681
27290,달서구,202409,내국인,운송업,8727814
27290,달서구,202409,내국인,의료웰니스업,1437736
27290,달서구,202409,내국인,전체,61064021
27290,달서구,202410,내국인,쇼핑업,26406412
27290,달서구,202410,내국인,숙박업,523953
27290,달서구,202410,내국인,식음료업,19764668
27290,달서구,202410,내국인,여가서비스업,3131328
27290,달서구,202410,내국인,여행업,49246
27290,달서구,202410,내국인,운송업,8458493
27290,달서구,202410,내국인,의료웰니스업,1510551
27290,달서구,202410,내국인,전체,59844651
27290,달서구,202411,내국인,쇼핑업,27059112
27290,달서구,202411,내국인,숙박업,500747
27290,달서구,202411,내국인,식음료업,19784754
27290,달서구,202411,내국인,여가서비스업,2560467
27290,달서구,202411,내국인,여행업,18797
27290,달서구,202411,내국인,운송업,8705417
27290,달서구,202411,내국인,의료웰니스업,1328872
27290,달서구,202411,내국인,전체,59958166
27290,달서구,202412,내국인,쇼핑업,27253345
27290,달서구,202412,내국인,숙박업,493038
27290,달서구,202412,내국인,식음료업,21433418
27290,달서구,202412,내국인,여가서비스업,2673584
27290,달서구,202412,내국인,여행업,122809
27290,달서구,202412,내국인,운송업,9493997
27290,달서구,202412,내국인,의료웰니스업,1591532
27290,달서구,202412,내국인,전체,63061724
27290,달서구,202501,내국인,쇼핑업,28966050
27290,달서구,202501,내국인,숙박업,460543
27290,달서구,202501,내국인,식음료업,20321343
27290,달서구,202501,내국인,여가서비스업,3021716
27290,달서구,202501,내국인,여행업,55103
27290,달서구,202501,내국인,운송업,9548410
27290,달서구,202501,내국인,의료웰니스업,1766690
27290,달서구,202501,내국인,전체,64139855
27290,달서구,202502,내국인,쇼핑업,20849473
27290,달서구,202502,내국인,숙박업,499487
27290,달서구,202502,내국인,식음료업,17377686
27290,달서구,202502,내국인,여가서비스업,2526505
27290,달서구,202502,내국인,여행업,93601
27290,달서구,202502,내국인,운송업,9071405
27290,달서구,202502,내국인,의료웰니스업,1415737
27290,달서구,202502,내국인,전체,51833895
27290,달서구,202503,내국인,쇼핑업,26198010
27290,달서구,202503,내국인,숙박업,568341
27290,달서구,202503,내국인,식음료업,20602028
27290,달서구,202503,내국인,여가서비스업,2862900
27290,달서구,202503,내국인,여행업,31161
27290,달서구,202503,내국인,운송업,9976791
27290,달서구,202503,내국인,의료웰니스업,1630002
27290,달서구,202503,내국인,전체,61869234
27290,달서구,202504,내국인,쇼핑업,23015208
27290,달서구,202504,내국인,숙박업,492518
27290,달서구,202504,내국인,식음료업,19463162
27290,달서구,202504,내국인,여가서비스업,3006462
27290,달서구,202504,내국인,여행업,103244
27290,달서구,202504,내국인,운송업,9170000
27290,달서구,202504,내국인,의료웰니스업,1478618
27290,달서구,202504,내국인,전체,56729212
27290,달서구,202505,내국인,쇼핑업,25874376
27290,달서구,202505,내국인,숙박업,570471
27290,달서구,202505,내국인,식음료업,22715441
27290,달서구,202505,내국인,여가서비스업,3468296
27290,달서구,202505,내국인,여행업,71635
27290,달서구,202505,내국인,운송업,9394960
27290,달서구,202505,내국인,의료웰니스업,1699385
27290,달서구,202505,내국인,전체,63794564
27290,달서구,202506,내국인,쇼핑업,22074377
27290,달서구,202506,내국인,숙박업,464024
27290,달서구,202506,내국인,식음료업,19216013
27290,달서구,202506,내국인,여가서비스업,2217895
27290,달서구,202506,내국인,여행업,7629
27290,달서구,202506,내국인,운송업,8884664
27290,달서구,202506,내국인,의료웰니스업,1506310
27290,달서구,202506,내국인,전체,54370911
27290,달서구,202507,내국인,쇼핑업,24019802
27290,달서구,202507,내국인,숙박업,545847
27290,달서구,202507,내국인,식음료업,20213593
27290,달서구,202507,내국인,여가서비스업,2051431
27290,달서구,202507,내국인,여행업,95187
27290,달서구,202507,내국인,운송업,9864163
27290,달서구,202507,내국인,의료웰니스업,1579150
27290,달서구,202507,내국인,전체,58369172
27290,달서구,202508,내국인,쇼핑업,22695384
27290,달서구,202508,내국인,숙박업,574731
27290,달서구,202508,내국인,식음료업,20006238
27290,달서구,202508,내국인,여가서비스업,2345449
27290,달서구,202508,내국인,여행업,15495
27290,달서구,202508,내국인,운송업,10164233
27290,달서구,202508,내국인,의료웰니스업,1519326
27290,달서구,202508,내국인,전체,57320856
27290,달서구,202509,내국인,쇼핑업,21953977
27290,달서구,202509,내국인,숙박업,492673
27290,달서구,202509,내국인,식음료업,18410485
27290,달서구,202509,내국인,여가서비스업,2137016
27290,달서구,202509,내국인,여행업,69534
27290,달서구,202509,내국인,운송업,9218160
27290,달서구,202509,내국인,의료웰니스업,1502443
27290,달서구,202509,내국인,전체,53784288
27290,달서구,202510,내국인,쇼핑업,26370340
27290,달서구,202510,내국인,숙박업,606531
27290,달서구,202510,내국인,식음료업,21957482
27290,달서구,202510,내국인,여가서비스업,3311207
27290,달서구,202510,내국인,여행업,70927
27290,달서구,202510,내국인,운송업,9774370
27290,달서구,202510,내국인,의료웰니스업,1544436
27290,달서구,202510,내국인,전체,63635293
27290,달서구,202511,내국인,쇼핑업,25367746
27290,달서구,202511,내국인,숙박업,641413
27290,달서구,202511,내국인,식음료업,20922036
27290,달서구,202511,내국인,여가서비스업,2431576
27290,달서구,202511,내국인,여행업,31397
27290,달서구,202511,내국인,운송업,10172906
27290,달서구,202511,내국인,의료웰니스업,1613176
27290,달서구,202511,내국인,전체,61180250
27290,달서구,202512,내국인,쇼핑업,26010983
27290,달서구,202512,내국인,숙박업,582075
27290,달서구,202512,내국인,식음료업,22998181
27290,달서구,202512,내국인,여가서비스업,2427940
27290,달서구,202512,내국인,여행업,37800
27290,달서구,202512,내국인,운송업,10786383
27290,달서구,202512,내국인,의료웰니스업,1791772
27290,달서구,202512,내국인,전체,64635135
27290,달서구,202601,내국인,쇼핑업,24263748
27290,달서구,202601,내국인,숙박업,538271
27290,달서구,202601,내국인,식음료업,21772856
27290,달서구,202601,내국인,여가서비스업,2605428
27290,달서구,202601,내국인,여행업,71005
27290,달서구,202601,내국인,운송업,10370768
27290,달서구,202601,내국인,의료웰니스업,1872747
27290,달서구,202601,내국인,전체,61494822
27290,달서구,202602,내국인,쇼핑업,23040670
27290,달서구,202602,내국인,숙박업,460499
27290,달서구,202602,내국인,식음료업,20071169
27290,달서구,202602,내국인,여가서비스업,2841377
27290,달서구,202602,내국인,여행업,108217
27290,달서구,202602,내국인,운송업,9254698
27290,달서구,202602,내국인,의료웰니스업,1685681
27290,달서구,202602,내국인,전체,57462312
27290,달서구,202603,내국인,쇼핑업,22458198
27290,달서구,202603,내국인,숙박업,536867
27290,달서구,202603,내국인,식음료업,20590282
27290,달서구,202603,내국인,여가서비스업,2729141
27290,달서구,202603,내국인,여행업,115343
27290,달서구,202603,내국인,운송업,10679025
27290,달서구,202603,내국인,의료웰니스업,1829495
27290,달서구,202603,내국인,전체,58938351
27290,달서구,202604,내국인,쇼핑업,22144725
27290,달서구,202604,내국인,숙박업,523730
27290,달서구,202604,내국인,식음료업,20858962
27290,달서구,202604,내국인,여가서비스업,2786977
27290,달서구,202604,내국인,여행업,56641
27290,달서구,202604,내국인,운송업,10826106
27290,달서구,202604,내국인,의료웰니스업,1720948
27290,달서구,202604,내국인,전체,58918089
27290,달서구,202605,내국인,쇼핑업,24659142
27290,달서구,202605,내국인,숙박업,557105
27290,달서구,202605,내국인,식음료업,25061944
27290,달서구,202605,내국인,여가서비스업,3349978
27290,달서구,202605,내국인,여행업,25922
27290,달서구,202605,내국인,운송업,11745473
27290,달서구,202605,내국인,의료웰니스업,1964493
27290,달서구,202605,내국인,전체,67364058
27290,달서구,202606,내국인,쇼핑업,20936558
27290,달서구,202606,내국인,숙박업,444091
27290,달서구,202606,내국인,식음료업,20441341
27290,달서구,202606,내국인,여가서비스업,2030979
27290,달서구,202606,내국인,여행업,31550
27290,달서구,202606,내국인,운송업,11366750
27290,달서구,202606,내국인,의료웰니스업,1676420
27290,달서구,202606,내국인,전체,56927688
27290,달서구,202607,내국인,쇼핑업,21355154
27290,달서구,202607,내국인,숙박업,489012
27290,달서구,202607,내국인,식음료업,21811469
27290,달서구,202607,내국인,여가서비스업,1949443
27290,달서구,202607,내국인,여행업,24831
27290,달서구,202607,내국인,운송업,12755198
27290,달서구,202607,내국인,의료웰니스업,1518902
27290,달서구,202607,내국인,전체,59904009
27290,달서구,202608,내국인,쇼핑업,20818425
27290,달서구,202608,내국인,숙박업,465392
27290,달서구,202608,내국인,식음료업,21846536
27290,달서구,202608,내국인,여가서비스업,2167693
27290,달서구,202608,내국인,여행업,60336
27290,달서구,202608,내국인,운송업,11932814
27290,달서구,202608,내국인,의료웰니스업,1572824
27290,달서구,202608,내국인,전체,58864019
27710,달성군,202001,내국인,쇼핑업,7133017
27710,달성군,202001,내국인,숙박업,142951
27710,달성군,202001,내국인,식음료업,7306011
27710,달성군,202001,내국인,여가서비스업,488417
27710,달성군,202001,내국인,운송업,9975562
27710,달성군,202001,내국인,의료웰니스업,360016
27710,달성군,202001,내국인,전체,25405973
27710,달성군,202002,내국인,쇼핑업,6095022
27710,달성군,202002,내국인,숙박업,134168
27710,달성군,202002,내국인,식음료업,5112817
27710,달성군,202002,내국인,여가서비스업,302173
27710,달성군,202002,내국인,여행업,987
27710,달성군,202002,내국인,운송업,8321538
27710,달성군,202002,내국인,의료웰니스업,227288
27710,달성군,202002,내국인,전체,20193992
27710,달성군,202003,내국인,쇼핑업,6442647
27710,달성군,202003,내국인,숙박업,85710
27710,달성군,202003,내국인,식음료업,4100889
27710,달성군,202003,내국인,여가서비스업,205415
27710,달성군,202003,내국인,운송업,7918211
27710,달성군,202003,내국인,의료웰니스업,169286
27710,달성군,202003,내국인,전체,18922159
27710,달성군,202004,내국인,쇼핑업,6749698
27710,달성군,202004,내국인,숙박업,124473
27710,달성군,202004,내국인,식음료업,5733596
27710,달성군,202004,내국인,여가서비스업,315260
27710,달성군,202004,내국인,운송업,7707148
27710,달성군,202004,내국인,의료웰니스업,224684
27710,달성군,202004,내국인,전체,20854859
27710,달성군,202005,내국인,쇼핑업,7733344
27710,달성군,202005,내국인,숙박업,157278
27710,달성군,202005,내국인,식음료업,8159279
27710,달성군,202005,내국인,여가서비스업,475637
27710,달성군,202005,내국인,운송업,7143178
27710,달성군,202005,내국인,의료웰니스업,330831
27710,달성군,202005,내국인,전체,23999545
27710,달성군,202006,내국인,쇼핑업,6990321
27710,달성군,202006,내국인,숙박업,154772
27710,달성군,202006,내국인,식음료업,7742751
27710,달성군,202006,내국인,여가서비스업,407795
27710,달성군,202006,내국인,운송업,7606365
27710,달성군,202006,내국인,의료웰니스업,288897
27710,달성군,202006,내국인,전체,23190901
27710,달성군,202007,내국인,쇼핑업,6748653
27710,달성군,202007,내국인,숙박업,193326
27710,달성군,202007,내국인,식음료업,8166441
27710,달성군,202007,내국인,여가서비스업,440709
27710,달성군,202007,내국인,운송업,8158883
27710,달성군,202007,내국인,의료웰니스업,273589
27710,달성군,202007,내국인,전체,23981601
27710,달성군,202008,내국인,쇼핑업,7311245
27710,달성군,202008,내국인,숙박업,173382
27710,달성군,202008,내국인,식음료업,8680261
27710,달성군,202008,내국인,여가서비스업,443337
27710,달성군,202008,내국인,운송업,8188997
27710,달성군,202008,내국인,의료웰니스업,261134
27710,달성군,202008,내국인,전체,25058357
27710,달성군,202009,내국인,쇼핑업,8556082
27710,달성군,202009,내국인,숙박업,153627
27710,달성군,202009,내국인,식음료업,7266488
27710,달성군,202009,내국인,여가서비스업,491940
27710,달성군,202009,내국인,운송업,8311317
27710,달성군,202009,내국인,의료웰니스업,279191
27710,달성군,202009,내국인,전체,25058646
27710,달성군,202010,내국인,쇼핑업,7215162
27710,달성군,202010,내국인,숙박업,159009
27710,달성군,202010,내국인,식음료업,7950472
27710,달성군,202010,내국인,여가서비스업,613225
27710,달성군,202010,내국인,운송업,8138133
27710,달성군,202010,내국인,의료웰니스업,277047
27710,달성군,202010,내국인,전체,24353049
27710,달성군,202011,내국인,쇼핑업,7112943
27710,달성군,202011,내국인,숙박업,160305
27710,달성군,202011,내국인,식음료업,7389071
27710,달성군,202011,내국인,여가서비스업,483718
27710,달성군,202011,내국인,운송업,8186873
27710,달성군,202011,내국인,의료웰니스업,276382
27710,달성군,202011,내국인,전체,23609292
27710,달성군,202012,내국인,쇼핑업,7706217
27710,달성군,202012,내국인,숙박업,141228
27710,달성군,202012,내국인,식음료업,6051887
27710,달성군,202012,내국인,여가서비스업,339456
27710,달성군,202012,내국인,운송업,9118310
27710,달성군,202012,내국인,의료웰니스업,281320
27710,달성군,202012,내국인,전체,23638417
27710,달성군,202101,내국인,쇼핑업,7692714
27710,달성군,202101,내국인,숙박업,151048
27710,달성군,202101,내국인,식음료업,5590891
27710,달성군,202101,내국인,여가서비스업,290223
27710,달성군,202101,내국인,운송업,8978092
27710,달성군,202101,내국인,의료웰니스업,258943
27710,달성군,202101,내국인,전체,22961910
27710,달성군,202102,내국인,쇼핑업,7260250
27710,달성군,202102,내국인,숙박업,145120
27710,달성군,202102,내국인,식음료업,5906538
27710,달성군,202102,내국인,여가서비스업,431051
27710,달성군,202102,내국인,운송업,8274807
27710,달성군,202102,내국인,의료웰니스업,276345
27710,달성군,202102,내국인,전체,22294111
27710,달성군,202103,내국인,쇼핑업,7256456
27710,달성군,202103,내국인,숙박업,156040
27710,달성군,202103,내국인,식음료업,7101624
27710,달성군,202103,내국인,여가서비스업,519920
27710,달성군,202103,내국인,운송업,9970220
27710,달성군,202103,내국인,의료웰니스업,281090
27710,달성군,202103,내국인,전체,25285351
27710,달성군,202104,내국인,쇼핑업,7256295
27710,달성군,202104,내국인,숙박업,178002
27710,달성군,202104,내국인,식음료업,7590339
27710,달성군,202104,내국인,여가서비스업,495655
27710,달성군,202104,내국인,운송업,9562392
27710,달성군,202104,내국인,의료웰니스업,287606
27710,달성군,202104,내국인,전체,25370289
27710,달성군,202105,내국인,쇼핑업,7864097
27710,달성군,202105,내국인,숙박업,167655
27710,달성군,202105,내국인,식음료업,8541708
27710,달성군,202105,내국인,여가서비스업,507848
27710,달성군,202105,내국인,운송업,9722421
27710,달성군,202105,내국인,의료웰니스업,283643
27710,달성군,202105,내국인,전체,27087372
27710,달성군,202106,내국인,쇼핑업,7552953
27710,달성군,202106,내국인,숙박업,179884
27710,달성군,202106,내국인,식음료업,7350497
27710,달성군,202106,내국인,여가서비스업,447990
27710,달성군,202106,내국인,운송업,9739123
27710,달성군,202106,내국인,의료웰니스업,300237
27710,달성군,202106,내국인,전체,25570683
27710,달성군,202107,내국인,쇼핑업,7871985
27710,달성군,202107,내국인,숙박업,226516
27710,달성군,202107,내국인,식음료업,8471552
27710,달성군,202107,내국인,여가서비스업,465568
27710,달성군,202107,내국인,운송업,10948919
27710,달성군,202107,내국인,의료웰니스업,290571
27710,달성군,202107,내국인,전체,28275111
27710,달성군,202108,내국인,쇼핑업,7892292
27710,달성군,202108,내국인,숙박업,209529
27710,달성군,202108,내국인,식음료업,7926983
27710,달성군,202108,내국인,여가서비스업,464239
27710,달성군,202108,내국인,운송업,10349056
27710,달성군,202108,내국인,의료웰니스업,284363
27710,달성군,202108,내국인,전체,27126462
27710,달성군,202109,내국인,쇼핑업,8905630
27710,달성군,202109,내국인,숙박업,162255
27710,달성군,202109,내국인,식음료업,7954344
27710,달성군,202109,내국인,여가서비스업,523850
27710,달성군,202109,내국인,운송업,10455975
27710,달성군,202109,내국인,의료웰니스업,346029
27710,달성군,202109,내국인,전체,28348083
27710,달성군,202110,내국인,쇼핑업,7236148
27710,달성군,202110,내국인,숙박업,171497
27710,달성군,202110,내국인,식음료업,8927489
27710,달성군,202110,내국인,여가서비스업,580548
27710,달성군,202110,내국인,운송업,11537414
27710,달성군,202110,내국인,의료웰니스업,326168
27710,달성군,202110,내국인,전체,28779264
27710,달성군,202111,내국인,쇼핑업,6734953
27710,달성군,202111,내국인,숙박업,185495
27710,달성군,202111,내국인,식음료업,8019292
27710,달성군,202111,내국인,여가서비스업,575060
27710,달성군,202111,내국인,운송업,11721234
27710,달성군,202111,내국인,의료웰니스업,301074
27710,달성군,202111,내국인,전체,27537110
27710,달성군,202112,내국인,쇼핑업,7737642
27710,달성군,202112,내국인,숙박업,183339
27710,달성군,202112,내국인,식음료업,7444165
27710,달성군,202112,내국인,여가서비스업,425437
27710,달성군,202112,내국인,운송업,10692374
27710,달성군,202112,내국인,의료웰니스업,320815
27710,달성군,202112,내국인,전체,26803773
27710,달성군,202201,내국인,쇼핑업,8693431
27710,달성군,202201,내국인,숙박업,159371
27710,달성군,202201,내국인,식음료업,7108762
27710,달성군,202201,내국인,여가서비스업,403587
27710,달성군,202201,내국인,운송업,10134028
27710,달성군,202201,내국인,의료웰니스업,293711
27710,달성군,202201,내국인,전체,26792890
27710,달성군,202202,내국인,쇼핑업,5939414
27710,달성군,202202,내국인,숙박업,138909
27710,달성군,202202,내국인,식음료업,5563824
27710,달성군,202202,내국인,여가서비스업,373680
27710,달성군,202202,내국인,운송업,8906344
27710,달성군,202202,내국인,의료웰니스업,225184
27710,달성군,202202,내국인,전체,21147356
27710,달성군,202203,내국인,쇼핑업,7090653
27710,달성군,202203,내국인,숙박업,199330
27710,달성군,202203,내국인,식음료업,7158500
27710,달성군,202203,내국인,여가서비스업,467337
27710,달성군,202203,내국인,운송업,12708580
27710,달성군,202203,내국인,의료웰니스업,295405
27710,달성군,202203,내국인,전체,27919805
27710,달성군,202204,내국인,쇼핑업,7279399
27710,달성군,202204,내국인,숙박업,230869
27710,달성군,202204,내국인,식음료업,8954089
27710,달성군,202204,내국인,여가서비스업,560845
27710,달성군,202204,내국인,운송업,12935518
27710,달성군,202204,내국인,의료웰니스업,292504
27710,달성군,202204,내국인,전체,30253223
27710,달성군,202205,내국인,쇼핑업,7772782
27710,달성군,202205,내국인,숙박업,227375
27710,달성군,202205,내국인,식음료업,10464601
27710,달성군,202205,내국인,여가서비스업,737913
27710,달성군,202205,내국인,운송업,14235418
27710,달성군,202205,내국인,의료웰니스업,374829
27710,달성군,202205,내국인,전체,33812918
27710,달성군,202206,내국인,쇼핑업,7394434
27710,달성군,202206,내국인,숙박업,220559
27710,달성군,202206,내국인,식음료업,9248543
27710,달성군,202206,내국인,여가서비스업,698919
27710,달성군,202206,내국인,운송업,13674975
27710,달성군,202206,내국인,의료웰니스업,328132
27710,달성군,202206,내국인,전체,31565562
27710,달성군,202207,내국인,쇼핑업,7971773
27710,달성군,202207,내국인,숙박업,215248
27710,달성군,202207,내국인,식음료업,10394710
27710,달성군,202207,내국인,여가서비스업,723561
27710,달성군,202207,내국인,운송업,14461192
27710,달성군,202207,내국인,의료웰니스업,316246
27710,달성군,202207,내국인,전체,34082731
27710,달성군,202208,내국인,쇼핑업,7666185
27710,달성군,202208,내국인,숙박업,222909
27710,달성군,202208,내국인,식음료업,9884705
27710,달성군,202208,내국인,여가서비스업,672895
27710,달성군,202208,내국인,운송업,12165286
27710,달성군,202208,내국인,의료웰니스업,283947
27710,달성군,202208,내국인,전체,30895927
27710,달성군,202209,내국인,쇼핑업,8121445
27710,달성군,202209,내국인,숙박업,214772
27710,달성군,202209,내국인,식음료업,8782528
27710,달성군,202209,내국인,여가서비스업,696334
27710,달성군,202209,내국인,운송업,11765755
27710,달성군,202209,내국인,의료웰니스업,371134
27710,달성군,202209,내국인,전체,29951967
27710,달성군,202210,내국인,쇼핑업,8339283
27710,달성군,202210,내국인,숙박업,259887
27710,달성군,202210,내국인,식음료업,10822559
27710,달성군,202210,내국인,여가서비스업,799367
27710,달성군,202210,내국인,운송업,12701850
27710,달성군,202210,내국인,의료웰니스업,410061
27710,달성군,202210,내국인,전체,33333007
27710,달성군,202211,내국인,쇼핑업,7977745
27710,달성군,202211,내국인,숙박업,259098
27710,달성군,202211,내국인,식음료업,9242087
27710,달성군,202211,내국인,여가서비스업,726707
27710,달성군,202211,내국인,운송업,12075447
27710,달성군,202211,내국인,의료웰니스업,349079
27710,달성군,202211,내국인,전체,30630161
27710,달성군,202212,내국인,쇼핑업,8176383
27710,달성군,202212,내국인,숙박업,233620
27710,달성군,202212,내국인,식음료업,9453321
27710,달성군,202212,내국인,여가서비스업,639864
27710,달성군,202212,내국인,운송업,11066367
27710,달성군,202212,내국인,의료웰니스업,438435
27710,달성군,202212,내국인,전체,30007990
27710,달성군,202301,내국인,쇼핑업,8400483
27710,달성군,202301,내국인,숙박업,208617
27710,달성군,202301,내국인,식음료업,9173183
27710,달성군,202301,내국인,여가서비스업,614368
27710,달성군,202301,내국인,운송업,9906755
27710,달성군,202301,내국인,의료웰니스업,395844
27710,달성군,202301,내국인,전체,28699250
27710,달성군,202302,내국인,쇼핑업,7096315
27710,달성군,202302,내국인,숙박업,199872
27710,달성군,202302,내국인,식음료업,8624339
27710,달성군,202302,내국인,여가서비스업,588618
27710,달성군,202302,내국인,운송업,9290189
27710,달성군,202302,내국인,의료웰니스업,382292
27710,달성군,202302,내국인,전체,26181625
27710,달성군,202303,내국인,쇼핑업,8390738
27710,달성군,202303,내국인,숙박업,199958
27710,달성군,202303,내국인,식음료업,10135865
27710,달성군,202303,내국인,여가서비스업,779415
27710,달성군,202303,내국인,운송업,10090939
27710,달성군,202303,내국인,의료웰니스업,434018
27710,달성군,202303,내국인,전체,30030933
27710,달성군,202304,내국인,쇼핑업,8176657
27710,달성군,202304,내국인,숙박업,236718
27710,달성군,202304,내국인,식음료업,10373946
27710,달성군,202304,내국인,여가서비스업,746806
27710,달성군,202304,내국인,운송업,10169810
27710,달성군,202304,내국인,의료웰니스업,380617
27710,달성군,202304,내국인,전체,30084554
27710,달성군,202305,내국인,쇼핑업,8765858
27710,달성군,202305,내국인,숙박업,228166
27710,달성군,202305,내국인,식음료업,10936053
27710,달성군,202305,내국인,여가서비스업,754053
27710,달성군,202305,내국인,운송업,10331806
27710,달성군,202305,내국인,의료웰니스업,396691
27710,달성군,202305,내국인,전체,31412628
27710,달성군,202306,내국인,쇼핑업,8894853
27710,달성군,202306,내국인,숙박업,242975
27710,달성군,202306,내국인,식음료업,10206402
27710,달성군,202306,내국인,여가서비스업,771597
27710,달성군,202306,내국인,운송업,10273885
27710,달성군,202306,내국인,의료웰니스업,413768
27710,달성군,202306,내국인,전체,30803480
27710,달성군,202307,내국인,쇼핑업,8662284
27710,달성군,202307,내국인,숙박업,232574
27710,달성군,202307,내국인,식음료업,11260975
27710,달성군,202307,내국인,여가서비스업,750132
27710,달성군,202307,내국인,운송업,9989018
27710,달성군,202307,내국인,의료웰니스업,424046
27710,달성군,202307,내국인,전체,31319029
27710,달성군,202308,내국인,쇼핑업,8861345
27710,달성군,202308,내국인,숙박업,231665
27710,달성군,202308,내국인,식음료업,10932585
27710,달성군,202308,내국인,여가서비스업,694820
27710,달성군,202308,내국인,여행업,10391
27710,달성군,202308,내국인,운송업,11253792
27710,달성군,202308,내국인,의료웰니스업,319610
27710,달성군,202308,내국인,전체,32304208
27710,달성군,202309,내국인,쇼핑업,9490235
27710,달성군,202309,내국인,숙박업,216646
27710,달성군,202309,내국인,식음료업,9875973
27710,달성군,202309,내국인,여가서비스업,657050
27710,달성군,202309,내국인,운송업,11326841
27710,달성군,202309,내국인,의료웰니스업,402539
27710,달성군,202309,내국인,전체,31969284
27710,달성군,202310,내국인,쇼핑업,8236257
27710,달성군,202310,내국인,숙박업,198508
27710,달성군,202310,내국인,식음료업,9999345
27710,달성군,202310,내국인,여가서비스업,698676
27710,달성군,202310,내국인,운송업,11461222
27710,달성군,202310,내국인,의료웰니스업,384129
27710,달성군,202310,내국인,전체,30978136
27710,달성군,202311,내국인,쇼핑업,6841632
27710,달성군,202311,내국인,숙박업,195310
27710,달성군,202311,내국인,식음료업,8512563
27710,달성군,202311,내국인,여가서비스업,593703
27710,달성군,202311,내국인,운송업,10375739
27710,달성군,202311,내국인,의료웰니스업,385801
27710,달성군,202311,내국인,전체,26904748
27710,달성군,202312,내국인,쇼핑업,7448318
27710,달성군,202312,내국인,숙박업,225317
27710,달성군,202312,내국인,식음료업,9867961
27710,달성군,202312,내국인,여가서비스업,595913
27710,달성군,202312,내국인,운송업,9960971
27710,달성군,202312,내국인,의료웰니스업,472636
27710,달성군,202312,내국인,전체,28571117
27710,달성군,202401,내국인,쇼핑업,7056369
27710,달성군,202401,내국인,숙박업,243097
27710,달성군,202401,내국인,식음료업,9556731
27710,달성군,202401,내국인,여가서비스업,513887
27710,달성군,202401,내국인,운송업,10443901
27710,달성군,202401,내국인,의료웰니스업,423288
27710,달성군,202401,내국인,전체,28237273
27710,달성군,202402,내국인,쇼핑업,7139013
27710,달성군,202402,내국인,숙박업,194491
27710,달성군,202402,내국인,식음료업,9006762
27710,달성군,202402,내국인,여가서비스업,566578
27710,달성군,202402,내국인,운송업,10432125
27710,달성군,202402,내국인,의료웰니스업,389020
27710,달성군,202402,내국인,전체,27727987
27710,달성군,202403,내국인,쇼핑업,7252007
27710,달성군,202403,내국인,숙박업,211423
27710,달성군,202403,내국인,식음료업,10236403
27710,달성군,202403,내국인,여가서비스업,645440
27710,달성군,202403,내국인,운송업,11638678
27710,달성군,202403,내국인,의료웰니스업,462001
27710,달성군,202403,내국인,전체,30445952
27710,달성군,202404,내국인,쇼핑업,6874927
27710,달성군,202404,내국인,숙박업,183290
27710,달성군,202404,내국인,식음료업,9998254
27710,달성군,202404,내국인,여가서비스업,678626
27710,달성군,202404,내국인,운송업,11700553
27710,달성군,202404,내국인,의료웰니스업,379197
27710,달성군,202404,내국인,전체,29814846
27710,달성군,202405,내국인,쇼핑업,7475408
27710,달성군,202405,내국인,숙박업,178546
27710,달성군,202405,내국인,식음료업,11106106
27710,달성군,202405,내국인,여가서비스업,728432
27710,달성군,202405,내국인,운송업,13168376
27710,달성군,202405,내국인,의료웰니스업,381915
27710,달성군,202405,내국인,전체,33038783
27710,달성군,202406,내국인,쇼핑업,7285793
27710,달성군,202406,내국인,숙박업,204096
27710,달성군,202406,내국인,식음료업,10480185
27710,달성군,202406,내국인,여가서비스업,825396
27710,달성군,202406,내국인,운송업,12118763
27710,달성군,202406,내국인,의료웰니스업,416680
27710,달성군,202406,내국인,전체,31330913
27710,달성군,202407,내국인,쇼핑업,7167366
27710,달성군,202407,내국인,숙박업,244207
27710,달성군,202407,내국인,식음료업,11076868
27710,달성군,202407,내국인,여가서비스업,585513
27710,달성군,202407,내국인,운송업,12128752
27710,달성군,202407,내국인,의료웰니스업,371303
27710,달성군,202407,내국인,전체,31574010
27710,달성군,202408,내국인,쇼핑업,7413777
27710,달성군,202408,내국인,숙박업,213941
27710,달성군,202408,내국인,식음료업,11575540
27710,달성군,202408,내국인,여가서비스업,594700
27710,달성군,202408,내국인,운송업,12006201
27710,달성군,202408,내국인,의료웰니스업,367302
27710,달성군,202408,내국인,전체,32171461
27710,달성군,202409,내국인,쇼핑업,7879676
27710,달성군,202409,내국인,숙박업,184472
27710,달성군,202409,내국인,식음료업,10030479
27710,달성군,202409,내국인,여가서비스업,657461
27710,달성군,202409,내국인,운송업,10279019
27710,달성군,202409,내국인,의료웰니스업,343824
27710,달성군,202409,내국인,전체,29374933
27710,달성군,202410,내국인,쇼핑업,7411152
27710,달성군,202410,내국인,숙박업,239674
27710,달성군,202410,내국인,식음료업,10140913
27710,달성군,202410,내국인,여가서비스업,628083
27710,달성군,202410,내국인,운송업,10933635
27710,달성군,202410,내국인,의료웰니스업,357318
27710,달성군,202410,내국인,전체,29710775
27710,달성군,202411,내국인,쇼핑업,7391459
27710,달성군,202411,내국인,숙박업,184355
27710,달성군,202411,내국인,식음료업,9653243
27710,달성군,202411,내국인,여가서비스업,555159
27710,달성군,202411,내국인,운송업,10839764
27710,달성군,202411,내국인,의료웰니스업,365836
27710,달성군,202411,내국인,전체,28989815
27710,달성군,202412,내국인,쇼핑업,7462878
27710,달성군,202412,내국인,숙박업,145559
27710,달성군,202412,내국인,식음료업,9786955
27710,달성군,202412,내국인,여가서비스업,553892
27710,달성군,202412,내국인,운송업,11008848
27710,달성군,202412,내국인,의료웰니스업,421654
27710,달성군,202412,내국인,전체,29379786
27710,달성군,202501,내국인,쇼핑업,8195150
27710,달성군,202501,내국인,숙박업,119802
27710,달성군,202501,내국인,식음료업,9905260
27710,달성군,202501,내국인,여가서비스업,662387
27710,달성군,202501,내국인,운송업,10835397
27710,달성군,202501,내국인,의료웰니스업,398637
27710,달성군,202501,내국인,전체,30116634
27710,달성군,202502,내국인,쇼핑업,6316603
27710,달성군,202502,내국인,숙박업,145826
27710,달성군,202502,내국인,식음료업,8497397
27710,달성군,202502,내국인,여가서비스업,542490
27710,달성군,202502,내국인,운송업,10578669
27710,달성군,202502,내국인,의료웰니스업,329982
27710,달성군,202502,내국인,전체,26410966
27710,달성군,202503,내국인,쇼핑업,7752870
27710,달성군,202503,내국인,숙박업,127174
27710,달성군,202503,내국인,식음료업,10502969
27710,달성군,202503,내국인,여가서비스업,633886
27710,달성군,202503,내국인,운송업,11399697
27710,달성군,202503,내국인,의료웰니스업,408756
27710,달성군,202503,내국인,전체,30825352
27710,달성군,202504,내국인,쇼핑업,7303756
27710,달성군,202504,내국인,숙박업,227492
27710,달성군,202504,내국인,식음료업,9872858
27710,달성군,202504,내국인,여가서비스업,627339
27710,달성군,202504,내국인,운송업,10954111
27710,달성군,202504,내국인,의료웰니스업,347311
27710,달성군,202504,내국인,전체,29332866
27710,달성군,202505,내국인,쇼핑업,8045966
27710,달성군,202505,내국인,숙박업,237737
27710,달성군,202505,내국인,식음료업,11692491
27710,달성군,202505,내국인,여가서비스업,732904
27710,달성군,202505,내국인,운송업,11273310
27710,달성군,202505,내국인,의료웰니스업,379839
27710,달성군,202505,내국인,전체,32362248
27710,달성군,202506,내국인,쇼핑업,7611274
27710,달성군,202506,내국인,숙박업,213893
27710,달성군,202506,내국인,식음료업,10163919
27710,달성군,202506,내국인,여가서비스업,594287
27710,달성군,202506,내국인,운송업,10461184
27710,달성군,202506,내국인,의료웰니스업,357693
27710,달성군,202506,내국인,전체,29402250
27710,달성군,202507,내국인,쇼핑업,7845162
27710,달성군,202507,내국인,숙박업,230322
27710,달성군,202507,내국인,식음료업,11813892
27710,달성군,202507,내국인,여가서비스업,622074
27710,달성군,202507,내국인,운송업,11927355
27710,달성군,202507,내국인,의료웰니스업,376783
27710,달성군,202507,내국인,전체,32815588
27710,달성군,202508,내국인,쇼핑업,7988190
27710,달성군,202508,내국인,숙박업,228612
27710,달성군,202508,내국인,식음료업,12100983
27710,달성군,202508,내국인,여가서비스업,590501
27710,달성군,202508,내국인,운송업,11285917
27710,달성군,202508,내국인,의료웰니스업,392636
27710,달성군,202508,내국인,전체,32586839
27710,달성군,202509,내국인,쇼핑업,7845494
27710,달성군,202509,내국인,숙박업,247173
27710,달성군,202509,내국인,식음료업,9085124
27710,달성군,202509,내국인,여가서비스업,604693
27710,달성군,202509,내국인,운송업,11147249
27710,달성군,202509,내국인,의료웰니스업,360153
27710,달성군,202509,내국인,전체,29289886
27710,달성군,202510,내국인,쇼핑업,8359039
27710,달성군,202510,내국인,숙박업,232615
27710,달성군,202510,내국인,식음료업,11441700
27710,달성군,202510,내국인,여가서비스업,690866
27710,달성군,202510,내국인,운송업,11990010
27710,달성군,202510,내국인,의료웰니스업,386455
27710,달성군,202510,내국인,전체,33100684
27710,달성군,202511,내국인,쇼핑업,7419737
27710,달성군,202511,내국인,숙박업,206989
27710,달성군,202511,내국인,식음료업,10123219
27710,달성군,202511,내국인,여가서비스업,672510
27710,달성군,202511,내국인,운송업,12668882
27710,달성군,202511,내국인,의료웰니스업,431032
27710,달성군,202511,내국인,전체,31522369
27710,달성군,202512,내국인,쇼핑업,7805636
27710,달성군,202512,내국인,숙박업,229989
27710,달성군,202512,내국인,식음료업,10739173
27710,달성군,202512,내국인,여가서비스업,701656
27710,달성군,202512,내국인,운송업,12889585
27710,달성군,202512,내국인,의료웰니스업,440949
27710,달성군,202512,내국인,전체,32806988
27710,달성군,202601,내국인,쇼핑업,7659021
27710,달성군,202601,내국인,숙박업,207660
27710,달성군,202601,내국인,식음료업,11240087
27710,달성군,202601,내국인,여가서비스업,571581
27710,달성군,202601,내국인,운송업,11543858
27710,달성군,202601,내국인,의료웰니스업,422335
27710,달성군,202601,내국인,전체,31644542
27710,달성군,202602,내국인,쇼핑업,7804628
27710,달성군,202602,내국인,숙박업,204895
27710,달성군,202602,내국인,식음료업,10345329
27710,달성군,202602,내국인,여가서비스업,636929
27710,달성군,202602,내국인,운송업,10341823
27710,달성군,202602,내국인,의료웰니스업,362117
27710,달성군,202602,내국인,전체,29695721
27710,달성군,202603,내국인,쇼핑업,7772768
27710,달성군,202603,내국인,숙박업,181915
27710,달성군,202603,내국인,식음료업,10589636
27710,달성군,202603,내국인,여가서비스업,642268
27710,달성군,202603,내국인,운송업,13699564
27710,달성군,202603,내국인,의료웰니스업,405427
27710,달성군,202603,내국인,전체,33291578
27710,달성군,202604,내국인,쇼핑업,7896178
27710,달성군,202604,내국인,숙박업,253805
27710,달성군,202604,내국인,식음료업,10977993
27710,달성군,202604,내국인,여가서비스업,664261
27710,달성군,202604,내국인,운송업,13156902
27710,달성군,202604,내국인,의료웰니스업,388297
27710,달성군,202604,내국인,전체,33337435
27710,달성군,202605,내국인,쇼핑업,8437619
27710,달성군,202605,내국인,숙박업,182870
27710,달성군,202605,내국인,식음료업,13031578
27710,달성군,202605,내국인,여가서비스업,751257
27710,달성군,202605,내국인,운송업,13176848
27710,달성군,202605,내국인,의료웰니스업,434111
27710,달성군,202605,내국인,전체,36014283
27710,달성군,202606,내국인,쇼핑업,7487254
27710,달성군,202606,내국인,숙박업,180148
27710,달성군,202606,내국인,식음료업,10556349
27710,달성군,202606,내국인,여가서비스업,598227
27710,달성군,202606,내국인,여행업,12111
27710,달성군,202606,내국인,운송업,12756104
27710,달성군,202606,내국인,의료웰니스업,375378
27710,달성군,202606,내국인,전체,31965571
27710,달성군,202607,내국인,쇼핑업,8104621
27710,달성군,202607,내국인,숙박업,207467
27710,달성군,202607,내국인,식음료업,12048118
27710,달성군,202607,내국인,여가서비스업,554949
27710,달성군,202607,내국인,운송업,12753687
27710,달성군,202607,내국인,의료웰니스업,390366
27710,달성군,202607,내국인,전체,34059208
27710,달성군,202608,내국인,쇼핑업,8110919
27710,달성군,202608,내국인,숙박업,238628
27710,달성군,202608,내국인,식음료업,12585065
27710,달성군,202608,내국인,여가서비스업,639227
27710,달성군,202608,내국인,운송업,11620308
27710,달성군,202608,내국인,의료웰니스업,358580
27710,달성군,202608,내국인,전체,33552726
27720,군위군,202001,내국인,쇼핑업,1540337
27720,군위군,202001,내국인,숙박업,10755
27720,군위군,202001,내국인,식음료업,2052906
27720,군위군,202001,내국인,여가서비스업,278595
27720,군위군,202001,내국인,운송업,9046222
27720,군위군,202001,내국인,의료웰니스업,33409
27720,군위군,202001,내국인,전체,12962224
27720,군위군,202002,내국인,쇼핑업,922190
27720,군위군,202002,내국인,숙박업,4512
27720,군위군,202002,내국인,식음료업,1085512
27720,군위군,202002,내국인,여가서비스업,373582
27720,군위군,202002,내국인,운송업,6471930
27720,군위군,202002,내국인,의료웰니스업,14169
27720,군위군,202002,내국인,전체,8871896
27720,군위군,202003,내국인,쇼핑업,977354
27720,군위군,202003,내국인,숙박업,7614
27720,군위군,202003,내국인,식음료업,975266
27720,군위군,202003,내국인,여가서비스업,524733
27720,군위군,202003,내국인,운송업,5710022
27720,군위군,202003,내국인,의료웰니스업,18122
27720,군위군,202003,내국인,전체,8213111
27720,군위군,202004,내국인,쇼핑업,1138814
27720,군위군,202004,내국인,숙박업,7108
27720,군위군,202004,내국인,식음료업,1389793
27720,군위군,202004,내국인,여가서비스업,873577
27720,군위군,202004,내국인,운송업,5643576
27720,군위군,202004,내국인,의료웰니스업,19104
27720,군위군,202004,내국인,전체,9071972
27720,군위군,202005,내국인,쇼핑업,1532320
27720,군위군,202005,내국인,숙박업,10006
27720,군위군,202005,내국인,식음료업,2091586
27720,군위군,202005,내국인,여가서비스업,1151915
27720,군위군,202005,내국인,운송업,6223550
27720,군위군,202005,내국인,의료웰니스업,23635
27720,군위군,202005,내국인,전체,11033011
27720,군위군,202006,내국인,쇼핑업,1284437
27720,군위군,202006,내국인,숙박업,10355
27720,군위군,202006,내국인,식음료업,1731473
27720,군위군,202006,내국인,여가서비스업,1099580
27720,군위군,202006,내국인,운송업,7794107
27720,군위군,202006,내국인,의료웰니스업,12471
27720,군위군,202006,내국인,전체,11932422
27720,군위군,202007,내국인,쇼핑업,1297662
27720,군위군,202007,내국인,숙박업,11190
27720,군위군,202007,내국인,식음료업,1936369
27720,군위군,202007,내국인,여가서비스업,1012272
27720,군위군,202007,내국인,운송업,9224709
27720,군위군,202007,내국인,의료웰니스업,17698
27720,군위군,202007,내국인,전체,13499900
27720,군위군,202008,내국인,쇼핑업,1690142
27720,군위군,202008,내국인,숙박업,16213
27720,군위군,202008,내국인,식음료업,2563607
27720,군위군,202008,내국인,여가서비스업,1101340
27720,군위군,202008,내국인,여행업,5
27720,군위군,202008,내국인,운송업,9644520
27720,군위군,202008,내국인,의료웰니스업,35198
27720,군위군,202008,내국인,전체,15051024
27720,군위군,202009,내국인,쇼핑업,1638924
27720,군위군,202009,내국인,숙박업,21831
27720,군위군,202009,내국인,식음료업,1846197
27720,군위군,202009,내국인,여가서비스업,1110876
27720,군위군,202009,내국인,운송업,9280331
27720,군위군,202009,내국인,의료웰니스업,24753
27720,군위군,202009,내국인,전체,13922912
27720,군위군,202010,내국인,쇼핑업,1279166
27720,군위군,202010,내국인,숙박업,20660
27720,군위군,202010,내국인,식음료업,1891355
27720,군위군,202010,내국인,여가서비스업,1322640
27720,군위군,202010,내국인,운송업,9043289
27720,군위군,202010,내국인,의료웰니스업,19414
27720,군위군,202010,내국인,전체,13576525
27720,군위군,202011,내국인,쇼핑업,1195452
27720,군위군,202011,내국인,숙박업,21959
27720,군위군,202011,내국인,식음료업,1740716
27720,군위군,202011,내국인,여가서비스업,1132367
27720,군위군,202011,내국인,운송업,9346743
27720,군위군,202011,내국인,의료웰니스업,18317
27720,군위군,202011,내국인,전체,13455555
27720,군위군,202012,내국인,쇼핑업,1039529
27720,군위군,202012,내국인,숙박업,17772
27720,군위군,202012,내국인,식음료업,1302756
27720,군위군,202012,내국인,여가서비스업,622720
27720,군위군,202012,내국인,운송업,8984319
27720,군위군,202012,내국인,의료웰니스업,28435
27720,군위군,202012,내국인,전체,11995531
27720,군위군,202101,내국인,쇼핑업,1130863
27720,군위군,202101,내국인,숙박업,20269
27720,군위군,202101,내국인,식음료업,1384047
27720,군위군,202101,내국인,여가서비스업,363643
27720,군위군,202101,내국인,운송업,9470844
27720,군위군,202101,내국인,의료웰니스업,20417
27720,군위군,202101,내국인,전체,12390084
27720,군위군,202102,내국인,쇼핑업,1269832
27720,군위군,202102,내국인,숙박업,23557
27720,군위군,202102,내국인,식음료업,1561270
27720,군위군,202102,내국인,여가서비스업,705698
27720,군위군,202102,내국인,운송업,9393697
27720,군위군,202102,내국인,의료웰니스업,30260
27720,군위군,202102,내국인,전체,12984314
27720,군위군,202103,내국인,쇼핑업,1068703
27720,군위군,202103,내국인,숙박업,15022
27720,군위군,202103,내국인,식음료업,1590031
27720,군위군,202103,내국인,여가서비스업,993940
27720,군위군,202103,내국인,운송업,9995210
27720,군위군,202103,내국인,의료웰니스업,14845
27720,군위군,202103,내국인,전체,13677751
27720,군위군,202104,내국인,쇼핑업,1212884
27720,군위군,202104,내국인,숙박업,12047
27720,군위군,202104,내국인,식음료업,1727563
27720,군위군,202104,내국인,여가서비스업,1281267
27720,군위군,202104,내국인,운송업,11814313
27720,군위군,202104,내국인,의료웰니스업,19083
27720,군위군,202104,내국인,전체,16067157
27720,군위군,202105,내국인,쇼핑업,1600846
27720,군위군,202105,내국인,숙박업,13151
27720,군위군,202105,내국인,식음료업,2240696
27720,군위군,202105,내국인,여가서비스업,1391045
27720,군위군,202105,내국인,운송업,12137648
27720,군위군,202105,내국인,의료웰니스업,24210
27720,군위군,202105,내국인,전체,17407597
27720,군위군,202106,내국인,쇼핑업,1288274
27720,군위군,202106,내국인,숙박업,12051
27720,군위군,202106,내국인,식음료업,1887152
27720,군위군,202106,내국인,여가서비스업,1489425
27720,군위군,202106,내국인,운송업,14171948
27720,군위군,202106,내국인,의료웰니스업,16434
27720,군위군,202106,내국인,전체,18865284
27720,군위군,202107,내국인,쇼핑업,1461420
27720,군위군,202107,내국인,숙박업,22371
27720,군위군,202107,내국인,식음료업,2075218
27720,군위군,202107,내국인,여가서비스업,1334464
27720,군위군,202107,내국인,운송업,15962704
27720,군위군,202107,내국인,의료웰니스업,24182
27720,군위군,202107,내국인,전체,20880359
27720,군위군,202108,내국인,쇼핑업,1545213
27720,군위군,202108,내국인,숙박업,22997
27720,군위군,202108,내국인,식음료업,2292233
27720,군위군,202108,내국인,여가서비스업,1308356
27720,군위군,202108,내국인,운송업,14835081
27720,군위군,202108,내국인,의료웰니스업,45488
27720,군위군,202108,내국인,전체,20049368
27720,군위군,202109,내국인,쇼핑업,1733014
27720,군위군,202109,내국인,숙박업,12715
27720,군위군,202109,내국인,식음료업,2321003
27720,군위군,202109,내국인,여가서비스업,1362175
27720,군위군,202109,내국인,운송업,14216108
27720,군위군,202109,내국인,의료웰니스업,13120
27720,군위군,202109,내국인,전체,19658136
27720,군위군,202110,내국인,쇼핑업,1505985
27720,군위군,202110,내국인,숙박업,17111
27720,군위군,202110,내국인,식음료업,2357864
27720,군위군,202110,내국인,여가서비스업,1746365
27720,군위군,202110,내국인,운송업,14324645
27720,군위군,202110,내국인,의료웰니스업,22446
27720,군위군,202110,내국인,전체,19974417
27720,군위군,202111,내국인,쇼핑업,1321319
27720,군위군,202111,내국인,숙박업,14529
27720,군위군,202111,내국인,식음료업,1990684
27720,군위군,202111,내국인,여가서비스업,1509756
27720,군위군,202111,내국인,운송업,16136203
27720,군위군,202111,내국인,의료웰니스업,19994
27720,군위군,202111,내국인,전체,20992486
27720,군위군,202112,내국인,쇼핑업,1248356
27720,군위군,202112,내국인,숙박업,18928
27720,군위군,202112,내국인,식음료업,1763897
27720,군위군,202112,내국인,여가서비스업,931468
27720,군위군,202112,내국인,운송업,16065375
27720,군위군,202112,내국인,의료웰니스업,21470
27720,군위군,202112,내국인,전체,20049494
27720,군위군,202201,내국인,쇼핑업,1593577
27720,군위군,202201,내국인,숙박업,15695
27720,군위군,202201,내국인,식음료업,2013275
27720,군위군,202201,내국인,여가서비스업,587928
27720,군위군,202201,내국인,운송업,14648439
27720,군위군,202201,내국인,의료웰니스업,30094
27720,군위군,202201,내국인,전체,18889008
27720,군위군,202202,내국인,쇼핑업,959172
27720,군위군,202202,내국인,숙박업,17346
27720,군위군,202202,내국인,식음료업,1414967
27720,군위군,202202,내국인,여가서비스업,706026
27720,군위군,202202,내국인,운송업,13573015
27720,군위군,202202,내국인,의료웰니스업,22823
27720,군위군,202202,내국인,전체,16693349
27720,군위군,202203,내국인,쇼핑업,1047854
27720,군위군,202203,내국인,숙박업,8131
27720,군위군,202203,내국인,식음료업,1609512
27720,군위군,202203,내국인,여가서비스업,1115139
27720,군위군,202203,내국인,운송업,16024759
27720,군위군,202203,내국인,의료웰니스업,19589
27720,군위군,202203,내국인,전체,19824983
27720,군위군,202204,내국인,쇼핑업,1295939
27720,군위군,202204,내국인,숙박업,33973
27720,군위군,202204,내국인,식음료업,2039940
27720,군위군,202204,내국인,여가서비스업,1521290
27720,군위군,202204,내국인,운송업,18915967
27720,군위군,202204,내국인,의료웰니스업,22214
27720,군위군,202204,내국인,전체,23829323
27720,군위군,202205,내국인,쇼핑업,1638039
27720,군위군,202205,내국인,숙박업,40220
27720,군위군,202205,내국인,식음료업,2487737
27720,군위군,202205,내국인,여가서비스업,1672165
27720,군위군,202205,내국인,운송업,14350619
27720,군위군,202205,내국인,의료웰니스업,18975
27720,군위군,202205,내국인,전체,20207755
27720,군위군,202206,내국인,쇼핑업,1396495
27720,군위군,202206,내국인,숙박업,15924
27720,군위군,202206,내국인,식음료업,2230382
27720,군위군,202206,내국인,여가서비스업,1686066
27720,군위군,202206,내국인,운송업,16458371
27720,군위군,202206,내국인,의료웰니스업,17983
27720,군위군,202206,내국인,전체,21805221
27720,군위군,202207,내국인,쇼핑업,1579142
27720,군위군,202207,내국인,숙박업,30877
27720,군위군,202207,내국인,식음료업,2488541
27720,군위군,202207,내국인,여가서비스업,1667100
27720,군위군,202207,내국인,운송업,18598238
27720,군위군,202207,내국인,의료웰니스업,100998
27720,군위군,202207,내국인,전체,24464895
27720,군위군,202208,내국인,쇼핑업,1696224
27720,군위군,202208,내국인,숙박업,13949
27720,군위군,202208,내국인,식음료업,2868802
27720,군위군,202208,내국인,여가서비스업,1631747
27720,군위군,202208,내국인,운송업,19027636
27720,군위군,202208,내국인,의료웰니스업,51400
27720,군위군,202208,내국인,전체,25289757
27720,군위군,202209,내국인,쇼핑업,1780073
27720,군위군,202209,내국인,숙박업,31296
27720,군위군,202209,내국인,식음료업,2596862
27720,군위군,202209,내국인,여가서비스업,2121041
27720,군위군,202209,내국인,운송업,14160180
27720,군위군,202209,내국인,의료웰니스업,15342
27720,군위군,202209,내국인,전체,20704794
27720,군위군,202210,내국인,쇼핑업,1774250
27720,군위군,202210,내국인,숙박업,30918
27720,군위군,202210,내국인,식음료업,2964191
27720,군위군,202210,내국인,여가서비스업,2594341
27720,군위군,202210,내국인,운송업,15544596
27720,군위군,202210,내국인,의료웰니스업,33349
27720,군위군,202210,내국인,전체,22941645
27720,군위군,202211,내국인,쇼핑업,1440138
27720,군위군,202211,내국인,숙박업,34296
27720,군위군,202211,내국인,식음료업,2210098
27720,군위군,202211,내국인,여가서비스업,2338016
27720,군위군,202211,내국인,여행업,5
27720,군위군,202211,내국인,운송업,17348651
27720,군위군,202211,내국인,의료웰니스업,30502
27720,군위군,202211,내국인,전체,23401706
27720,군위군,202212,내국인,쇼핑업,1184413
27720,군위군,202212,내국인,숙박업,7329
27720,군위군,202212,내국인,식음료업,2062684
27720,군위군,202212,내국인,여가서비스업,1009169
27720,군위군,202212,내국인,운송업,18193146
27720,군위군,202212,내국인,의료웰니스업,42976
27720,군위군,202212,내국인,전체,22499715
27720,군위군,202301,내국인,쇼핑업,1682429
27720,군위군,202301,내국인,숙박업,17942
27720,군위군,202301,내국인,식음료업,2386745
27720,군위군,202301,내국인,여가서비스업,634668
27720,군위군,202301,내국인,운송업,14010750
27720,군위군,202301,내국인,의료웰니스업,60299
27720,군위군,202301,내국인,전체,18792832
27720,군위군,202302,내국인,쇼핑업,1145243
27720,군위군,202302,내국인,숙박업,22505
27720,군위군,202302,내국인,식음료업,1970044
27720,군위군,202302,내국인,여가서비스업,1260821
27720,군위군,202302,내국인,운송업,11409360
27720,군위군,202302,내국인,의료웰니스업,20171
27720,군위군,202302,내국인,전체,15828144
27720,군위군,202303,내국인,쇼핑업,1300577
27720,군위군,202303,내국인,숙박업,10118
27720,군위군,202303,내국인,식음료업,2135023
27720,군위군,202303,내국인,여가서비스업,2111348
27720,군위군,202303,내국인,운송업,12363423
27720,군위군,202303,내국인,의료웰니스업,53784
27720,군위군,202303,내국인,전체,17974274
27720,군위군,202304,내국인,쇼핑업,1462899
27720,군위군,202304,내국인,숙박업,19679
27720,군위군,202304,내국인,식음료업,2400533
27720,군위군,202304,내국인,여가서비스업,2532577
27720,군위군,202304,내국인,운송업,12647964
27720,군위군,202304,내국인,의료웰니스업,18592
27720,군위군,202304,내국인,전체,19082244
27720,군위군,202305,내국인,쇼핑업,1662721
27720,군위군,202305,내국인,숙박업,14907
27720,군위군,202305,내국인,식음료업,2752264
27720,군위군,202305,내국인,여가서비스업,2631655
27720,군위군,202305,내국인,운송업,13639124
27720,군위군,202305,내국인,의료웰니스업,31401
27720,군위군,202305,내국인,전체,20732072
27720,군위군,202306,내국인,쇼핑업,1546901
27720,군위군,202306,내국인,숙박업,16685
27720,군위군,202306,내국인,식음료업,2399540
27720,군위군,202306,내국인,여가서비스업,2693158
27720,군위군,202306,내국인,운송업,13861615
27720,군위군,202306,내국인,의료웰니스업,21408
27720,군위군,202306,내국인,전체,20539308
27720,군위군,202307,내국인,쇼핑업,1643249
27720,군위군,202307,내국인,숙박업,19400
27720,군위군,202307,내국인,식음료업,2654794
27720,군위군,202307,내국인,여가서비스업,2138747
27720,군위군,202307,내국인,운송업,13574506
27720,군위군,202307,내국인,의료웰니스업,28155
27720,군위군,202307,내국인,전체,20058850
27720,군위군,202308,내국인,쇼핑업,1669029
27720,군위군,202308,내국인,숙박업,14893
27720,군위군,202308,내국인,식음료업,2996776
27720,군위군,202308,내국인,여가서비스업,1986988
27720,군위군,202308,내국인,운송업,14342022
27720,군위군,202308,내국인,의료웰니스업,24904
27720,군위군,202308,내국인,전체,21034611
27720,군위군,202309,내국인,쇼핑업,2164380
27720,군위군,202309,내국인,숙박업,22453
27720,군위군,202309,내국인,식음료업,3029848
27720,군위군,202309,내국인,여가서비스업,2269904
27720,군위군,202309,내국인,운송업,15467402
27720,군위군,202309,내국인,의료웰니스업,15066
27720,군위군,202309,내국인,전체,22969053
27720,군위군,202310,내국인,쇼핑업,1679565
27720,군위군,202310,내국인,숙박업,16379
27720,군위군,202310,내국인,식음료업,2803688
27720,군위군,202310,내국인,여가서비스업,3154012
27720,군위군,202310,내국인,운송업,16771318
27720,군위군,202310,내국인,의료웰니스업,20633
27720,군위군,202310,내국인,전체,24445595
27720,군위군,202311,내국인,쇼핑업,1453464
27720,군위군,202311,내국인,숙박업,17937
27720,군위군,202311,내국인,식음료업,2227907
27720,군위군,202311,내국인,여가서비스업,2372877
27720,군위군,202311,내국인,운송업,15651820
27720,군위군,202311,내국인,의료웰니스업,22473
27720,군위군,202311,내국인,전체,21746477
27720,군위군,202312,내국인,쇼핑업,1450672
27720,군위군,202312,내국인,숙박업,16629
27720,군위군,202312,내국인,식음료업,2344327
27720,군위군,202312,내국인,여가서비스업,1048044
27720,군위군,202312,내국인,운송업,13311969
27720,군위군,202312,내국인,의료웰니스업,25265
27720,군위군,202312,내국인,전체,18196907
27720,군위군,202401,내국인,쇼핑업,1320104
27720,군위군,202401,내국인,숙박업,2817
27720,군위군,202401,내국인,식음료업,2112995
27720,군위군,202401,내국인,여가서비스업,560390
27720,군위군,202401,내국인,운송업,13036856
27720,군위군,202401,내국인,의료웰니스업,24204
27720,군위군,202401,내국인,전체,17057367
27720,군위군,202402,내국인,쇼핑업,1724500
27720,군위군,202402,내국인,숙박업,15840
27720,군위군,202402,내국인,식음료업,2526997
27720,군위군,202402,내국인,여가서비스업,1102689
27720,군위군,202402,내국인,운송업,13286176
27720,군위군,202402,내국인,의료웰니스업,24492
27720,군위군,202402,내국인,전체,18680693
27720,군위군,202403,내국인,쇼핑업,1548097
27720,군위군,202403,내국인,숙박업,17277
27720,군위군,202403,내국인,식음료업,2559218
27720,군위군,202403,내국인,여가서비스업,1935488
27720,군위군,202403,내국인,운송업,15492700
27720,군위군,202403,내국인,의료웰니스업,25273
27720,군위군,202403,내국인,전체,21578053
27720,군위군,202404,내국인,쇼핑업,1488373
27720,군위군,202404,내국인,숙박업,21472
27720,군위군,202404,내국인,식음료업,2303309
27720,군위군,202404,내국인,여가서비스업,2459410
27720,군위군,202404,내국인,운송업,13974725
27720,군위군,202404,내국인,의료웰니스업,16633
27720,군위군,202404,내국인,전체,20263921
27720,군위군,202405,내국인,쇼핑업,1722834
27720,군위군,202405,내국인,숙박업,36903
27720,군위군,202405,내국인,식음료업,2852789
27720,군위군,202405,내국인,여가서비스업,2989933
27720,군위군,202405,내국인,운송업,14377456
27720,군위군,202405,내국인,의료웰니스업,17497
27720,군위군,202405,내국인,전체,21997412
27720,군위군,202406,내국인,쇼핑업,1656822
27720,군위군,202406,내국인,숙박업,25928
27720,군위군,202406,내국인,식음료업,2710183
27720,군위군,202406,내국인,여가서비스업,2829805
27720,군위군,202406,내국인,운송업,13450032
27720,군위군,202406,내국인,의료웰니스업,19350
27720,군위군,202406,내국인,전체,20692119
27720,군위군,202407,내국인,쇼핑업,1544712
27720,군위군,202407,내국인,숙박업,12254
27720,군위군,202407,내국인,식음료업,2556657
27720,군위군,202407,내국인,여가서비스업,1900441
27720,군위군,202407,내국인,운송업,13545286
27720,군위군,202407,내국인,의료웰니스업,29611
27720,군위군,202407,내국인,전체,19588961
27720,군위군,202408,내국인,쇼핑업,1790107
27720,군위군,202408,내국인,숙박업,26986
27720,군위군,202408,내국인,식음료업,3164433
27720,군위군,202408,내국인,여가서비스업,1990489
27720,군위군,202408,내국인,운송업,14905471
27720,군위군,202408,내국인,의료웰니스업,35460
27720,군위군,202408,내국인,전체,21912945
27720,군위군,202409,내국인,쇼핑업,2102849
27720,군위군,202409,내국인,숙박업,21536
27720,군위군,202409,내국인,식음료업,2986607
27720,군위군,202409,내국인,여가서비스업,2370389
27720,군위군,202409,내국인,운송업,13345855
27720,군위군,202409,내국인,의료웰니스업,15026
27720,군위군,202409,내국인,전체,20842262
27720,군위군,202410,내국인,쇼핑업,1626843
27720,군위군,202410,내국인,숙박업,21996
27720,군위군,202410,내국인,식음료업,2757479
27720,군위군,202410,내국인,여가서비스업,2865615
27720,군위군,202410,내국인,운송업,14254451
27720,군위군,202410,내국인,의료웰니스업,20884
27720,군위군,202410,내국인,전체,21547269
27720,군위군,202411,내국인,쇼핑업,1538884
27720,군위군,202411,내국인,숙박업,21913
27720,군위군,202411,내국인,식음료업,2508626
27720,군위군,202411,내국인,여가서비스업,2253101
27720,군위군,202411,내국인,운송업,12474489
27720,군위군,202411,내국인,의료웰니스업,27956
27720,군위군,202411,내국인,전체,18824969
27720,군위군,202412,내국인,쇼핑업,1256342
27720,군위군,202412,내국인,숙박업,13365
27720,군위군,202412,내국인,식음료업,2273239
27720,군위군,202412,내국인,여가서비스업,982025
27720,군위군,202412,내국인,운송업,13094323
27720,군위군,202412,내국인,의료웰니스업,22354
27720,군위군,202412,내국인,전체,17641648
27720,군위군,202501,내국인,쇼핑업,1699572
27720,군위군,202501,내국인,숙박업,12798
27720,군위군,202501,내국인,식음료업,2614979
27720,군위군,202501,내국인,여가서비스업,530834
27720,군위군,202501,내국인,운송업,10885553
27720,군위군,202501,내국인,의료웰니스업,26752
27720,군위군,202501,내국인,전체,15770488
27720,군위군,202502,내국인,쇼핑업,1022328
27720,군위군,202502,내국인,숙박업,16033
27720,군위군,202502,내국인,식음료업,1812057
27720,군위군,202502,내국인,여가서비스업,640652
27720,군위군,202502,내국인,운송업,13640274
27720,군위군,202502,내국인,의료웰니스업,20526
27720,군위군,202502,내국인,전체,17151870
27720,군위군,202503,내국인,쇼핑업,1345719
27720,군위군,202503,내국인,숙박업,17769
27720,군위군,202503,내국인,식음료업,2407393
27720,군위군,202503,내국인,여가서비스업,1716310
27720,군위군,202503,내국인,운송업,13833315
27720,군위군,202503,내국인,의료웰니스업,23173
27720,군위군,202503,내국인,전체,19343680
27720,군위군,202504,내국인,쇼핑업,1317944
27720,군위군,202504,내국인,숙박업,13440
27720,군위군,202504,내국인,식음료업,2240947
27720,군위군,202504,내국인,여가서비스업,2162530
27720,군위군,202504,내국인,운송업,12755361
27720,군위군,202504,내국인,의료웰니스업,24704
27720,군위군,202504,내국인,전체,18514926
27720,군위군,202505,내국인,쇼핑업,1787415
27720,군위군,202505,내국인,숙박업,15648
27720,군위군,202505,내국인,식음료업,3129222
27720,군위군,202505,내국인,여가서비스업,2197427
27720,군위군,202505,내국인,운송업,12961214
27720,군위군,202505,내국인,의료웰니스업,20292
27720,군위군,202505,내국인,전체,20111219
27720,군위군,202506,내국인,쇼핑업,1478313
27720,군위군,202506,내국인,숙박업,17015
27720,군위군,202506,내국인,식음료업,2505122
27720,군위군,202506,내국인,여가서비스업,1931844
27720,군위군,202506,내국인,운송업,13339759
27720,군위군,202506,내국인,의료웰니스업,16905
27720,군위군,202506,내국인,전체,19288957
27720,군위군,202507,내국인,쇼핑업,1523668
27720,군위군,202507,내국인,숙박업,18726
27720,군위군,202507,내국인,식음료업,2587368
27720,군위군,202507,내국인,여가서비스업,1560336
27720,군위군,202507,내국인,운송업,14867685
27720,군위군,202507,내국인,의료웰니스업,29159
27720,군위군,202507,내국인,전체,20586943
27720,군위군,202508,내국인,쇼핑업,1724300
27720,군위군,202508,내국인,숙박업,18482
27720,군위군,202508,내국인,식음료업,3115245
27720,군위군,202508,내국인,여가서비스업,1682845
27720,군위군,202508,내국인,운송업,14046359
27720,군위군,202508,내국인,의료웰니스업,24416
27720,군위군,202508,내국인,전체,20611648
27720,군위군,202509,내국인,쇼핑업,1487786
27720,군위군,202509,내국인,숙박업,16899
27720,군위군,202509,내국인,식음료업,2380759
27720,군위군,202509,내국인,여가서비스업,1718178
27720,군위군,202509,내국인,운송업,13860058
27720,군위군,202509,내국인,의료웰니스업,14017
27720,군위군,202509,내국인,전체,19477697
27720,군위군,202510,내국인,쇼핑업,2238287
27720,군위군,202510,내국인,숙박업,27245
27720,군위군,202510,내국인,식음료업,3507567
27720,군위군,202510,내국인,여가서비스업,2290293
27720,군위군,202510,내국인,운송업,12900853
27720,군위군,202510,내국인,의료웰니스업,19960
27720,군위군,202510,내국인,전체,20984205
27720,군위군,202511,내국인,쇼핑업,1608498
27720,군위군,202511,내국인,숙박업,37340
27720,군위군,202511,내국인,식음료업,2735064
27720,군위군,202511,내국인,여가서비스업,2044555
27720,군위군,202511,내국인,운송업,15323131
27720,군위군,202511,내국인,의료웰니스업,28418
27720,군위군,202511,내국인,전체,21777006
27720,군위군,202512,내국인,쇼핑업,1365939
27720,군위군,202512,내국인,숙박업,37091
27720,군위군,202512,내국인,식음료업,2323547
27720,군위군,202512,내국인,여가서비스업,908691
27720,군위군,202512,내국인,운송업,17939527
27720,군위군,202512,내국인,의료웰니스업,44405
27720,군위군,202512,내국인,전체,22619199
27720,군위군,202601,내국인,쇼핑업,1282712
27720,군위군,202601,내국인,숙박업,12609
27720,군위군,202601,내국인,식음료업,2321472
27720,군위군,202601,내국인,여가서비스업,357075
27720,군위군,202601,내국인,운송업,13792819
27720,군위군,202601,내국인,의료웰니스업,31303
27720,군위군,202601,내국인,전체,17797991
27720,군위군,202602,내국인,쇼핑업,1625186
27720,군위군,202602,내국인,숙박업,8503
27720,군위군,202602,내국인,식음료업,2786915
27720,군위군,202602,내국인,여가서비스업,734217
27720,군위군,202602,내국인,운송업,10094165
27720,군위군,202602,내국인,의료웰니스업,35951
27720,군위군,202602,내국인,전체,15284939
27720,군위군,202603,내국인,쇼핑업,1286743
27720,군위군,202603,내국인,숙박업,9830
27720,군위군,202603,내국인,식음료업,2419483
27720,군위군,202603,내국인,여가서비스업,1550326
27720,군위군,202603,내국인,운송업,11882026
27720,군위군,202603,내국인,의료웰니스업,25404
27720,군위군,202603,내국인,전체,17173812
27720,군위군,202604,내국인,쇼핑업,1436817
27720,군위군,202604,내국인,숙박업,11565
27720,군위군,202604,내국인,식음료업,2406400
27720,군위군,202604,내국인,여가서비스업,1946275
27720,군위군,202604,내국인,운송업,8678380
27720,군위군,202604,내국인,의료웰니스업,25251
27720,군위군,202604,내국인,전체,14504688
27720,군위군,202605,내국인,쇼핑업,2001127
27720,군위군,202605,내국인,숙박업,28094
27720,군위군,202605,내국인,식음료업,3436747
27720,군위군,202605,내국인,여가서비스업,2311128
27720,군위군,202605,내국인,운송업,12369837
27720,군위군,202605,내국인,의료웰니스업,29889
27720,군위군,202605,내국인,전체,20176821
27720,군위군,202606,내국인,쇼핑업,1558755
27720,군위군,202606,내국인,숙박업,6766
27720,군위군,202606,내국인,식음료업,2452097
27720,군위군,202606,내국인,여가서비스업,2024195
27720,군위군,202606,내국인,운송업,13198422
27720,군위군,202606,내국인,의료웰니스업,22959
27720,군위군,202606,내국인,전체,19263194
27720,군위군,202607,내국인,쇼핑업,1718096
27720,군위군,202607,내국인,숙박업,23124
27720,군위군,202607,내국인,식음료업,2829569
27720,군위군,202607,내국인,여가서비스업,1694492
27720,군위군,202607,내국인,운송업,13064038
27720,군위군,202607,내국인,의료웰니스업,30954
27720,군위군,202607,내국인,전체,19360273
27720,군위군,202608,내국인,쇼핑업,1931492
27720,군위군,202608,내국인,숙박업,9493
27720,군위군,202608,내국인,식음료업,3346925
27720,군위군,202608,내국인,여가서비스업,1632481
27720,군위군,202608,내국인,운송업,10427367
27720,군위군,202608,내국인,의료웰니스업,40970
27720,군위군,202608,내국인,전체,17388730
