id,tag,detail,date_from,date_to,source,source_url,as_of
c0033,venture,확인 유형 연구개발유형 · 재확인 · 확인기관 벤처기업확인기관 · 업종 그 외 기타 분류 안된 금속 가공 제품 제조업 · 주생산품 금속제 신변장신구 및 디스플레이 용품제조,2025-01-07,2028-01-06,중소벤처기업부 벤처기업명단(공공데이터포털),https://www.data.go.kr/data/15084581/fileData.do,2026-04
c0055,venture,"확인 유형 혁신성장유형 · 재확인 · 확인기관 벤처기업확인기관 · 업종 알루미늄 제련, 정련 및 합금 제조업 · 주생산품 기타구조금속제품 외",2024-11-10,2027-11-09,중소벤처기업부 벤처기업명단(공공데이터포털),https://www.data.go.kr/data/15084581/fileData.do,2026-04
c0058,venture,확인 유형 혁신성장유형 · 재확인 · 확인기관 벤처기업확인기관 · 업종 빵류 제조업 · 주생산품 빵류,2024-07-26,2027-07-25,중소벤처기업부 벤처기업명단(공공데이터포털),https://www.data.go.kr/data/15084581/fileData.do,2026-04
c0168,venture,"확인 유형 혁신성장유형 · 신규 · 확인기관 벤처기업확인기관 · 업종 그 외 기타 봉제의복 제조업 · 주생산품 소방복,군복",2026-04-15,2029-04-14,중소벤처기업부 벤처기업명단(공공데이터포털),https://www.data.go.kr/data/15084581/fileData.do,2026-04
c0177,venture,"확인 유형 연구개발유형 · 재확인 · 확인기관 벤처기업확인기관 · 업종 지질 조사·탐사 및 지도 제작업 · 주생산품 지능형 지중선로표시기(SPI), GIS SYSTEM, GIS D/B구축 및 수치지도제작 외",2024-12-11,2027-12-10,중소벤처기업부 벤처기업명단(공공데이터포털),https://www.data.go.kr/data/15084581/fileData.do,2026-04
c0178,venture,확인 유형 연구개발유형 · 재확인 · 확인기관 벤처기업확인기관 · 업종 컴퓨터 제조업 · 주생산품 학교급식위생관리시스템,2025-10-31,2028-10-30,중소벤처기업부 벤처기업명단(공공데이터포털),https://www.data.go.kr/data/15084581/fileData.do,2026-04
c0184,venture,"확인 유형 혁신성장유형 · 재확인 · 확인기관 벤처기업확인기관 · 업종 응용 소프트웨어 개발 및 공급업 · 주생산품 스마트 복약기, 개인건강기록 시스템",2024-03-13,2027-03-12,중소벤처기업부 벤처기업명단(공공데이터포털),https://www.data.go.kr/data/15084581/fileData.do,2026-04
c0190,venture,확인 유형 혁신성장유형 · 재확인 · 확인기관 벤처기업확인기관 · 업종 방송장비 제조업 · 주생산품 방송장비,2024-05-22,2027-05-21,중소벤처기업부 벤처기업명단(공공데이터포털),https://www.data.go.kr/data/15084581/fileData.do,2026-04
c0234,venture,확인 유형 혁신성장유형 · 재확인 · 확인기관 벤처기업확인기관 · 업종 트레일러 및 세미트레일러 제조업 · 주생산품 캠핑카제작,2025-12-03,2028-12-02,중소벤처기업부 벤처기업명단(공공데이터포털),https://www.data.go.kr/data/15084581/fileData.do,2026-04
c0265,venture,확인 유형 혁신성장유형 · 신규 · 확인기관 벤처기업확인기관 · 업종 기체 여과기 제조업 · 주생산품 환경오염 분석 및 처리장치,2023-09-20,2026-09-19,중소벤처기업부 벤처기업명단(공공데이터포털),https://www.data.go.kr/data/15084581/fileData.do,2026-04
c0294,venture,확인 유형 혁신성장유형 · 재확인 · 확인기관 벤처기업확인기관 · 업종 육상 금속 골조 구조재 제조업 · 주생산품 금속구조물제조,2025-02-09,2028-02-08,중소벤처기업부 벤처기업명단(공공데이터포털),https://www.data.go.kr/data/15084581/fileData.do,2026-04
c0295,venture,확인 유형 혁신성장유형 · 재확인 · 확인기관 벤처기업확인기관 · 업종 기타 가정용 전기기기 제조업 · 주생산품 가스타이머,2026-02-10,2029-02-09,중소벤처기업부 벤처기업명단(공공데이터포털),https://www.data.go.kr/data/15084581/fileData.do,2026-04
c0334,venture,"확인 유형 혁신성장유형 · 재확인 · 확인기관 벤처기업확인기관 · 업종 금속 문, 창, 셔터 및 관련제품 제조업 · 주생산품 화재확산방지구조 특수방화창호 & 친환경 유해물질 차단망",2024-03-17,2027-03-16,중소벤처기업부 벤처기업명단(공공데이터포털),https://www.data.go.kr/data/15084581/fileData.do,2026-04
c0347,venture,"확인 유형 혁신성장유형 · 재확인 · 확인기관 벤처기업확인기관 · 업종 화장품 제조업 · 주생산품 의약외품, 화장품",2023-08-23,2026-08-22,중소벤처기업부 벤처기업명단(공공데이터포털),https://www.data.go.kr/data/15084581/fileData.do,2026-04
c0357,venture,확인 유형 혁신성장유형 · 재확인 · 확인기관 벤처기업확인기관 · 업종 그 외 기타 달리 분류되지 않은 운송장비 제조업 · 주생산품 농산업용운반기기,2025-03-26,2028-03-25,중소벤처기업부 벤처기업명단(공공데이터포털),https://www.data.go.kr/data/15084581/fileData.do,2026-04
c0399,venture,확인 유형 혁신성장유형 · 재확인 · 확인기관 벤처기업확인기관 · 업종 기타 전기 변환장치 제조업 · 주생산품 무선소형가전제품,2024-07-23,2027-07-22,중소벤처기업부 벤처기업명단(공공데이터포털),https://www.data.go.kr/data/15084581/fileData.do,2026-04
c0403,venture,"확인 유형 혁신성장유형 · 신규 · 확인기관 벤처기업확인기관 · 업종 일반전기 공사업 · 주생산품 태양광설치공사,전기공사,태양광구조물시공공사/전기자재 도소매",2024-11-26,2027-11-25,중소벤처기업부 벤처기업명단(공공데이터포털),https://www.data.go.kr/data/15084581/fileData.do,2026-04
c0404,venture,확인 유형 혁신성장유형 · 재확인 · 확인기관 벤처기업확인기관 · 업종 치과용 기기 제조업 · 주생산품 체내삽입용 의료용품,2025-03-30,2028-03-29,중소벤처기업부 벤처기업명단(공공데이터포털),https://www.data.go.kr/data/15084581/fileData.do,2026-04
c0405,venture,"확인 유형 혁신성장유형 · 재확인 · 확인기관 벤처기업확인기관 · 업종 그 외 기타 의료용 기기 제조업 · 주생산품 의료용 기기, 미용기기 등",2025-01-21,2028-01-20,중소벤처기업부 벤처기업명단(공공데이터포털),https://www.data.go.kr/data/15084581/fileData.do,2026-04
c0408,venture,"확인 유형 혁신성장유형 · 재확인 · 확인기관 벤처기업확인기관 · 업종 정형외과용 및 신체보정용 기기 제조업 · 주생산품 치과보철물, 의료기기",2024-12-19,2027-12-18,중소벤처기업부 벤처기업명단(공공데이터포털),https://www.data.go.kr/data/15084581/fileData.do,2026-04
c0409,venture,확인 유형 혁신성장유형 · 재확인 · 확인기관 벤처기업확인기관 · 업종 치과용 기기 제조업 · 주생산품 의료용 임플란트,2025-06-02,2028-06-01,중소벤처기업부 벤처기업명단(공공데이터포털),https://www.data.go.kr/data/15084581/fileData.do,2026-04
c0410,venture,확인 유형 혁신성장유형 · 재확인 · 확인기관 벤처기업확인기관 · 업종 한의약품 제조업 · 주생산품 한의약품 규격한약재 등,2025-09-23,2028-09-22,중소벤처기업부 벤처기업명단(공공데이터포털),https://www.data.go.kr/data/15084581/fileData.do,2026-04
c0412,venture,"확인 유형 연구개발유형 · 재확인 · 확인기관 벤처기업확인기관 · 업종 기타 무선 통신장비 제조업 · 주생산품 정보통신기기,디지털헬스케어(디지털의료기기,플랫폼),CCTV,지능형로봇,전산소모품 제조/통신공사",2024-09-30,2027-09-29,중소벤처기업부 벤처기업명단(공공데이터포털),https://www.data.go.kr/data/15084581/fileData.do,2026-04
c0413,venture,"확인 유형 혁신성장유형 · 재확인 · 확인기관 벤처기업확인기관 · 업종 전자기 측정, 시험 및 분석기구 제조업 · 주생산품 방사선검출기",2024-09-04,2027-09-03,중소벤처기업부 벤처기업명단(공공데이터포털),https://www.data.go.kr/data/15084581/fileData.do,2026-04
c0416,venture,"확인 유형 벤처투자유형 · 재확인 · 확인기관 벤처기업확인기관 · 업종 그 외 기타 식료품 제조업 · 주생산품 칼슘, 식초",2024-08-27,2027-08-26,중소벤처기업부 벤처기업명단(공공데이터포털),https://www.data.go.kr/data/15084581/fileData.do,2026-04
c0417,venture,확인 유형 혁신성장유형 · 재확인 · 확인기관 벤처기업확인기관 · 업종 그 외 기타 의료용 기기 제조업 · 주생산품 내시경시술기구,2024-10-30,2027-10-29,중소벤처기업부 벤처기업명단(공공데이터포털),https://www.data.go.kr/data/15084581/fileData.do,2026-04
c0418,venture,확인 유형 혁신성장유형 · 재확인 · 확인기관 벤처기업확인기관 · 업종 치과용 기기 제조업 · 주생산품 PD 골드 KOCO 집진기,2026-03-19,2029-03-18,중소벤처기업부 벤처기업명단(공공데이터포털),https://www.data.go.kr/data/15084581/fileData.do,2026-04
c0420,venture,"확인 유형 혁신성장유형 · 신규 · 확인기관 벤처기업확인기관 · 업종 치약, 비누 및 기타 세제 제조업 · 주생산품 생활용품",2025-04-30,2028-04-29,중소벤처기업부 벤처기업명단(공공데이터포털),https://www.data.go.kr/data/15084581/fileData.do,2026-04
c0425,venture,"확인 유형 혁신성장유형 · 재확인 · 확인기관 벤처기업확인기관 · 업종 그 외 기타 의료용 기기 제조업 · 주생산품 의료용기기,의료기기",2025-04-10,2028-04-09,중소벤처기업부 벤처기업명단(공공데이터포털),https://www.data.go.kr/data/15084581/fileData.do,2026-04
c0431,venture,확인 유형 혁신성장유형 · 재확인 · 확인기관 벤처기업확인기관 · 업종 시스템 소프트웨어 개발 및 공급업 · 주생산품 소프트웨어개발,2025-05-25,2028-05-24,중소벤처기업부 벤처기업명단(공공데이터포털),https://www.data.go.kr/data/15084581/fileData.do,2026-04
c0438,venture,확인 유형 혁신성장유형 · 재확인 · 확인기관 벤처기업확인기관 · 업종 기체 펌프 및 압축기 제조업 · 주생산품 에너지절감형 공기압축기 등,2025-04-30,2028-04-29,중소벤처기업부 벤처기업명단(공공데이터포털),https://www.data.go.kr/data/15084581/fileData.do,2026-04
c0442,venture,확인 유형 혁신성장유형 · 재확인 · 확인기관 벤처기업확인기관 · 업종 그 외 기타 의료용 기기 제조업 · 주생산품 가정용 의료기기,2025-09-04,2028-09-03,중소벤처기업부 벤처기업명단(공공데이터포털),https://www.data.go.kr/data/15084581/fileData.do,2026-04
c0444,venture,"확인 유형 혁신성장유형 · 재확인 · 확인기관 벤처기업확인기관 · 업종 치과기공물 제조업 · 주생산품 의료기기 제조,도소매",2025-07-22,2028-07-21,중소벤처기업부 벤처기업명단(공공데이터포털),https://www.data.go.kr/data/15084581/fileData.do,2026-04
c0448,venture,확인 유형 혁신성장유형 · 재확인 · 확인기관 벤처기업확인기관 · 업종 기체 여과기 제조업 · 주생산품 압축공기필터,2025-10-19,2028-10-18,중소벤처기업부 벤처기업명단(공공데이터포털),https://www.data.go.kr/data/15084581/fileData.do,2026-04
c0449,venture,확인 유형 혁신성장유형 · 재확인 · 확인기관 벤처기업확인기관 · 업종 응용 소프트웨어 개발 및 공급업 · 주생산품 유헬스케어장비,2024-09-21,2027-09-20,중소벤처기업부 벤처기업명단(공공데이터포털),https://www.data.go.kr/data/15084581/fileData.do,2026-04
c0453,venture,확인 유형 연구개발유형 · 재확인 · 확인기관 벤처기업확인기관 · 업종 그 외 기타 전기장비 제조업 · 주생산품 의료가속기용 전자석,2026-03-02,2029-03-01,중소벤처기업부 벤처기업명단(공공데이터포털),https://www.data.go.kr/data/15084581/fileData.do,2026-04
c0456,venture,확인 유형 혁신성장유형 · 재확인 · 확인기관 벤처기업확인기관 · 업종 커튼 및 유사제품 제조업 · 주생산품 커튼류블라인드류,2024-09-24,2027-09-23,중소벤처기업부 벤처기업명단(공공데이터포털),https://www.data.go.kr/data/15084581/fileData.do,2026-04
c0457,venture,확인 유형 연구개발유형 · 재확인 · 확인기관 벤처기업확인기관 · 업종 컴퓨터 프로그래밍 서비스업 · 주생산품 디지털사이니지 무인결제기외,2025-09-16,2028-09-15,중소벤처기업부 벤처기업명단(공공데이터포털),https://www.data.go.kr/data/15084581/fileData.do,2026-04
c0458,venture,확인 유형 벤처투자유형 · 재확인 · 확인기관 벤처기업확인기관 · 업종 치과용 기기 제조업 · 주생산품 치과용 의료용구,2024-08-10,2027-08-09,중소벤처기업부 벤처기업명단(공공데이터포털),https://www.data.go.kr/data/15084581/fileData.do,2026-04
c0459,venture,확인 유형 벤처투자유형 · 재확인 · 확인기관 벤처기업확인기관 · 업종 광학렌즈 및 광학요소 제조업 · 주생산품 콘택트렌즈 및 의료용구,2023-09-06,2026-09-05,중소벤처기업부 벤처기업명단(공공데이터포털),https://www.data.go.kr/data/15084581/fileData.do,2026-04
c0469,venture,확인 유형 혁신성장유형 · 재확인 · 확인기관 벤처기업확인기관 · 업종 그 외 기타 전기장비 제조업 · 주생산품 전류센서,2024-05-23,2027-05-22,중소벤처기업부 벤처기업명단(공공데이터포털),https://www.data.go.kr/data/15084581/fileData.do,2026-04
c0470,venture,확인 유형 혁신성장유형 · 재확인 · 확인기관 벤처기업확인기관 · 업종 컴퓨터시스템 통합 자문 및 구축 서비스업 · 주생산품 ICT 인프라 및 솔루션SI시스템 통합),2025-09-16,2028-09-15,중소벤처기업부 벤처기업명단(공공데이터포털),https://www.data.go.kr/data/15084581/fileData.do,2026-04
c0471,venture,확인 유형 연구개발유형 · 재확인 · 확인기관 벤처기업확인기관 · 업종 기타 무선 통신장비 제조업 · 주생산품 전기전자부품 유해가스측정장치,2023-05-17,2026-05-16,중소벤처기업부 벤처기업명단(공공데이터포털),https://www.data.go.kr/data/15084581/fileData.do,2026-04
c0473,venture,확인 유형 벤처투자유형 · 재확인 · 확인기관 벤처기업확인기관 · 업종 편조의복 제조업 · 주생산품 섬유의복 제조 및 판매,2024-10-13,2027-10-12,중소벤처기업부 벤처기업명단(공공데이터포털),https://www.data.go.kr/data/15084581/fileData.do,2026-04
c0474,venture,확인 유형 혁신성장유형 · 재확인 · 확인기관 벤처기업확인기관 · 업종 동력식 수지공구 제조업 · 주생산품 금속가공기,2025-09-09,2028-09-08,중소벤처기업부 벤처기업명단(공공데이터포털),https://www.data.go.kr/data/15084581/fileData.do,2026-04
c0475,venture,확인 유형 혁신성장유형 · 재확인 · 확인기관 벤처기업확인기관 · 업종 그 외 기타 의료용 기기 제조업 · 주생산품 개인용조합자극기,2025-10-25,2028-10-24,중소벤처기업부 벤처기업명단(공공데이터포털),https://www.data.go.kr/data/15084581/fileData.do,2026-04
c0499,venture,확인 유형 연구개발유형 · 재확인 · 확인기관 벤처기업확인기관 · 업종 그 외 기타 분류 안된 화학제품 제조업 · 주생산품 기능성 고분자,2024-07-17,2027-07-16,중소벤처기업부 벤처기업명단(공공데이터포털),https://www.data.go.kr/data/15084581/fileData.do,2026-04
c0509,venture,"확인 유형 혁신성장유형 · 재확인 · 확인기관 벤처기업확인기관 · 업종 금속 문, 창, 셔터 및 관련제품 제조업 · 주생산품 중문 자재 및 연동 하드웨어",2025-09-28,2028-09-27,중소벤처기업부 벤처기업명단(공공데이터포털),https://www.data.go.kr/data/15084581/fileData.do,2026-04
c0516,venture,확인 유형 혁신성장유형 · 재확인 · 확인기관 벤처기업확인기관 · 업종 그 외 기타 전자부품 제조업 · 주생산품 차량용 공조부품,2026-02-08,2029-02-07,중소벤처기업부 벤처기업명단(공공데이터포털),https://www.data.go.kr/data/15084581/fileData.do,2026-04
c0517,venture,"확인 유형 연구개발유형 · 재확인 · 확인기관 벤처기업확인기관 · 업종 기타 측정, 시험, 항해, 제어 및 정밀기기 제조업 · 주생산품 Nutrunner Torque transducer 외",2024-12-22,2027-12-21,중소벤처기업부 벤처기업명단(공공데이터포털),https://www.data.go.kr/data/15084581/fileData.do,2026-04
c0521,venture,확인 유형 벤처투자유형 · 재확인 · 확인기관 벤처기업확인기관 · 업종 그 외 기타 의료용 기기 제조업 · 주생산품 의료기기,2025-12-02,2028-12-01,중소벤처기업부 벤처기업명단(공공데이터포털),https://www.data.go.kr/data/15084581/fileData.do,2026-04
c0537,venture,확인 유형 혁신성장유형 · 신규 · 확인기관 벤처기업확인기관 · 업종 그 외 기타 전기장비 제조업 · 주생산품 안내전광판,2024-06-13,2027-06-12,중소벤처기업부 벤처기업명단(공공데이터포털),https://www.data.go.kr/data/15084581/fileData.do,2026-04
c0540,venture,확인 유형 혁신성장유형 · 재확인 · 확인기관 벤처기업확인기관 · 업종 치과용 기기 제조업 · 주생산품 치과기공용기자재의료용구및기기,2025-10-05,2028-10-04,중소벤처기업부 벤처기업명단(공공데이터포털),https://www.data.go.kr/data/15084581/fileData.do,2026-04
c0542,venture,"확인 유형 혁신성장유형 · 재확인 · 확인기관 벤처기업확인기관 · 업종 전동기 및 발전기 제조업 · 주생산품 이차전지 방전시스템, 분산형 전원 등 전력 안정화 솔루션 설계 제작",2024-09-15,2027-09-14,중소벤처기업부 벤처기업명단(공공데이터포털),https://www.data.go.kr/data/15084581/fileData.do,2026-04
c0544,venture,"확인 유형 벤처투자유형 · 재확인 · 확인기관 벤처기업확인기관 · 업종 그 외 기타 의료용 기기 제조업 · 주생산품 의료기기 제조/화장품,부품소재,정밀가공 도소매/전자상거래",2024-10-30,2027-10-29,중소벤처기업부 벤처기업명단(공공데이터포털),https://www.data.go.kr/data/15084581/fileData.do,2026-04
c0545,venture,확인 유형 연구개발유형 · 재확인 · 확인기관 벤처기업확인기관 · 업종 그 외 기타 의료용 기기 제조업 · 주생산품 일회용내시경투관침,2025-08-07,2028-08-06,중소벤처기업부 벤처기업명단(공공데이터포털),https://www.data.go.kr/data/15084581/fileData.do,2026-04
c0549,venture,확인 유형 연구개발유형 · 재확인 · 확인기관 벤처기업확인기관 · 업종 그 외 기타 의료용 기기 제조업 · 주생산품 의료기기 개발 및 제조,2025-11-21,2028-11-20,중소벤처기업부 벤처기업명단(공공데이터포털),https://www.data.go.kr/data/15084581/fileData.do,2026-04
c0554,venture,"확인 유형 연구개발유형 · 재확인 · 확인기관 벤처기업확인기관 · 업종 그 외 기타 의료용 기기 제조업 · 주생산품 일회용내시경처치구류, 국소지혈용드레싱",2025-09-11,2028-09-10,중소벤처기업부 벤처기업명단(공공데이터포털),https://www.data.go.kr/data/15084581/fileData.do,2026-04
c0564,venture,확인 유형 혁신성장유형 · 신규 · 확인기관 벤처기업확인기관 · 업종 그 외 기타 금속가공업 · 주생산품 주석튜브용기.화장품용기.의약품용기.문구용기.주석악세서리,2023-07-20,2026-07-19,중소벤처기업부 벤처기업명단(공공데이터포털),https://www.data.go.kr/data/15084581/fileData.do,2026-04
c0586,venture,"확인 유형 혁신성장유형 · 재확인 · 확인기관 벤처기업확인기관 · 업종 산업용 오븐, 노 및 노용 버너 제조업 · 주생산품 산업용로",2025-09-08,2028-09-07,중소벤처기업부 벤처기업명단(공공데이터포털),https://www.data.go.kr/data/15084581/fileData.do,2026-04
c0599,venture,"확인 유형 혁신성장유형 · 재확인 · 확인기관 벤처기업확인기관 · 업종 금속 문, 창, 셔터 및 관련제품 제조업 · 주생산품 철제방화문 보통문 단열문 외",2025-07-20,2028-07-19,중소벤처기업부 벤처기업명단(공공데이터포털),https://www.data.go.kr/data/15084581/fileData.do,2026-04
c0664,venture,확인 유형 혁신성장유형 · 재확인 · 확인기관 벤처기업확인기관 · 업종 도금업 · 주생산품 전기자동차베터리부품도금,2025-04-29,2028-04-28,중소벤처기업부 벤처기업명단(공공데이터포털),https://www.data.go.kr/data/15084581/fileData.do,2026-04
c0676,venture,확인 유형 혁신성장유형 · 재확인 · 확인기관 벤처기업확인기관 · 업종 그 외 기타 특수목적용 기계 제조업 · 주생산품 섬유산업 자동화기계,2025-02-13,2028-02-12,중소벤처기업부 벤처기업명단(공공데이터포털),https://www.data.go.kr/data/15084581/fileData.do,2026-04
c0681,venture,"확인 유형 연구개발유형 · 재확인 · 확인기관 벤처기업확인기관 · 업종 자동차용 신품 조향장치 및 현가 장치 제조업 · 주생산품 클러치,브레이크 부품",2024-03-21,2027-03-20,중소벤처기업부 벤처기업명단(공공데이터포털),https://www.data.go.kr/data/15084581/fileData.do,2026-04
c0701,venture,"확인 유형 혁신성장유형 · 신규 · 확인기관 벤처기업확인기관 · 업종 기타 비철금속 제련, 정련 및 합금 제조업 · 주생산품 금형",2024-12-24,2027-12-23,중소벤처기업부 벤처기업명단(공공데이터포털),https://www.data.go.kr/data/15084581/fileData.do,2026-04
c0727,venture,확인 유형 혁신성장유형 · 재확인 · 확인기관 벤처기업확인기관 · 업종 농업 및 임업용 기계 제조업 · 주생산품 농산업용 전동운반차,2025-02-13,2028-02-12,중소벤처기업부 벤처기업명단(공공데이터포털),https://www.data.go.kr/data/15084581/fileData.do,2026-04
c0750,venture,"확인 유형 혁신성장유형 · 신규 · 확인기관 벤처기업확인기관 · 업종 직물, 편조원단 및 의복류 염색 가공업 · 주생산품 섬유나염,DTP",2023-07-19,2026-07-18,중소벤처기업부 벤처기업명단(공공데이터포털),https://www.data.go.kr/data/15084581/fileData.do,2026-04
c0751,venture,"확인 유형 혁신성장유형 · 신규 · 확인기관 벤처기업확인기관 · 업종 섬유 원단, 실 및 기타 섬유제품 소매업 · 주생산품 의류용원단",2026-04-02,2029-04-01,중소벤처기업부 벤처기업명단(공공데이터포털),https://www.data.go.kr/data/15084581/fileData.do,2026-04
c0793,venture,"확인 유형 혁신성장유형 · 재확인 · 확인기관 벤처기업확인기관 · 업종 근무복, 작업복 및 유사의복 제조업 · 주생산품 토탈유니폼,린넨품.침구류,섬유의복,가죽가공기계 제조/유니폼,린넨품,원단 도소매,무역,전자상거래/부동산 임대",2024-05-26,2027-05-25,중소벤처기업부 벤처기업명단(공공데이터포털),https://www.data.go.kr/data/15084581/fileData.do,2026-04
c0808,venture,확인 유형 혁신성장유형 · 재확인 · 확인기관 벤처기업확인기관 · 업종 도장 및 기타 피막처리업 · 주생산품 자동차부품 도장,2025-11-26,2028-11-25,중소벤처기업부 벤처기업명단(공공데이터포털),https://www.data.go.kr/data/15084581/fileData.do,2026-04
c0823,venture,확인 유형 혁신성장유형 · 재확인 · 확인기관 벤처기업확인기관 · 업종 기타 가공 공작기계 제조업 · 주생산품 자동화시스템개발 자동화장비개발,2024-09-24,2027-09-23,중소벤처기업부 벤처기업명단(공공데이터포털),https://www.data.go.kr/data/15084581/fileData.do,2026-04
c0824,venture,확인 유형 혁신성장유형 · 재확인 · 확인기관 벤처기업확인기관 · 업종 그 외 금속 압형제품 제조업 · 주생산품 전기분전반용 외함,2026-01-18,2029-01-17,중소벤처기업부 벤처기업명단(공공데이터포털),https://www.data.go.kr/data/15084581/fileData.do,2026-04
c0826,venture,확인 유형 혁신성장유형 · 재확인 · 확인기관 벤처기업확인기관 · 업종 그 외 기타 금속가공업 · 주생산품 금속표면처리,2024-05-26,2027-05-25,중소벤처기업부 벤처기업명단(공공데이터포털),https://www.data.go.kr/data/15084581/fileData.do,2026-04
c0836,venture,확인 유형 혁신성장유형 · 재확인 · 확인기관 벤처기업확인기관 · 업종 자동차용 금속 압형제품 제조업 · 주생산품 금형 및 자동차 부품,2025-04-24,2028-04-23,중소벤처기업부 벤처기업명단(공공데이터포털),https://www.data.go.kr/data/15084581/fileData.do,2026-04
c0838,venture,"확인 유형 혁신성장유형 · 재확인 · 확인기관 벤처기업확인기관 · 업종 직물, 편조원단 및 의복류 염색 가공업 · 주생산품 직물염색가공",2025-03-30,2028-03-29,중소벤처기업부 벤처기업명단(공공데이터포털),https://www.data.go.kr/data/15084581/fileData.do,2026-04
c0917,venture,확인 유형 혁신성장유형 · 신규 · 확인기관 벤처기업확인기관 · 업종 치과용 기기 제조업 · 주생산품 치과교정용브라켓,2024-01-31,2027-01-30,중소벤처기업부 벤처기업명단(공공데이터포털),https://www.data.go.kr/data/15084581/fileData.do,2026-04
c0923,venture,확인 유형 연구개발유형 · 재확인 · 확인기관 벤처기업확인기관 · 업종 시스템 소프트웨어 개발 및 공급업 · 주생산품 체육시설회원관리프로그램 / 키오스크,2025-07-09,2028-07-08,중소벤처기업부 벤처기업명단(공공데이터포털),https://www.data.go.kr/data/15084581/fileData.do,2026-04
c0936,venture,확인 유형 혁신성장유형 · 재확인 · 확인기관 벤처기업확인기관 · 업종 도시락류 제조업 · 주생산품 즉석섭취 식품,2025-06-02,2028-06-01,중소벤처기업부 벤처기업명단(공공데이터포털),https://www.data.go.kr/data/15084581/fileData.do,2026-04
c0948,venture,"확인 유형 혁신성장유형 · 재확인 · 확인기관 벤처기업확인기관 · 업종 섬유제품 기타 정리 및 마무리 가공업 · 주생산품 가공,태양광발전업,무역,비주거용 건물 임대업",2025-01-08,2028-01-07,중소벤처기업부 벤처기업명단(공공데이터포털),https://www.data.go.kr/data/15084581/fileData.do,2026-04
c0976,venture,확인 유형 연구개발유형 · 재확인 · 확인기관 벤처기업확인기관 · 업종 그 외 기타 분류 안된 섬유제품 제조업 · 주생산품 유니폼 침구류 린넨류 등,2024-08-07,2027-08-06,중소벤처기업부 벤처기업명단(공공데이터포털),https://www.data.go.kr/data/15084581/fileData.do,2026-04
c10018,venture,확인 유형 혁신성장유형 · 재확인 · 확인기관 벤처기업확인기관 · 업종 침구 및 관련제품 제조업 · 주생산품 침구류,2025-08-20,2028-08-19,중소벤처기업부 벤처기업명단(공공데이터포털),https://www.data.go.kr/data/15084581/fileData.do,2026-04
c10061,venture,확인 유형 혁신성장유형 · 재확인 · 확인기관 벤처기업확인기관 · 업종 운송장비용 조명장치 제조업 · 주생산품 자동차용 LED 램프,2024-06-18,2027-06-17,중소벤처기업부 벤처기업명단(공공데이터포털),https://www.data.go.kr/data/15084581/fileData.do,2026-04
c10107,venture,확인 유형 혁신성장유형 · 신규 · 확인기관 벤처기업확인기관 · 업종 기타 조명장치 제조업 · 주생산품 가로등 자동점멸기,2025-02-12,2028-02-11,중소벤처기업부 벤처기업명단(공공데이터포털),https://www.data.go.kr/data/15084581/fileData.do,2026-04
c1011,venture,확인 유형 혁신성장유형 · 재확인 · 확인기관 벤처기업확인기관 · 업종 주형 및 금형 제조업 · 주생산품 금형 및 주형,2024-05-10,2027-05-09,중소벤처기업부 벤처기업명단(공공데이터포털),https://www.data.go.kr/data/15084581/fileData.do,2026-04
c10135,venture,"확인 유형 혁신성장유형 · 재확인 · 확인기관 벤처기업확인기관 · 업종 그 외 기타 특수목적용 기계 제조업 · 주생산품 곡물관련설비, 색채선별기, MES시스템",2025-07-15,2028-07-14,중소벤처기업부 벤처기업명단(공공데이터포털),https://www.data.go.kr/data/15084581/fileData.do,2026-04
c10138,venture,확인 유형 혁신성장유형 · 재확인 · 확인기관 벤처기업확인기관 · 업종 일반 통신 공사업 · 주생산품 cctv 스피커 앰프,2025-04-23,2028-04-22,중소벤처기업부 벤처기업명단(공공데이터포털),https://www.data.go.kr/data/15084581/fileData.do,2026-04
c10139,venture,확인 유형 혁신성장유형 · 재확인 · 확인기관 벤처기업확인기관 · 업종 배전반 및 전기 자동제어반 제조업 · 주생산품 배전반,2025-08-25,2028-08-24,중소벤처기업부 벤처기업명단(공공데이터포털),https://www.data.go.kr/data/15084581/fileData.do,2026-04
c10142,venture,확인 유형 혁신성장유형 · 재확인 · 확인기관 벤처기업확인기관 · 업종 배전반 및 전기 자동제어반 제조업 · 주생산품 전자자동차 자동화설비,2025-03-30,2028-03-29,중소벤처기업부 벤처기업명단(공공데이터포털),https://www.data.go.kr/data/15084581/fileData.do,2026-04
c10150,venture,확인 유형 혁신성장유형 · 재확인 · 확인기관 벤처기업확인기관 · 업종 기타 가공 공작기계 제조업 · 주생산품 공작기계부품 공작기계,2025-11-15,2028-11-14,중소벤처기업부 벤처기업명단(공공데이터포털),https://www.data.go.kr/data/15084581/fileData.do,2026-04
c10151,venture,"확인 유형 혁신성장유형 · 재확인 · 확인기관 벤처기업확인기관 · 업종 체조, 육상 및 체력단련용 장비 제조업 · 주생산품 헬스기구",2024-05-20,2027-05-19,중소벤처기업부 벤처기업명단(공공데이터포털),https://www.data.go.kr/data/15084581/fileData.do,2026-04
c10153,venture,확인 유형 연구개발유형 · 신규 · 확인기관 벤처기업확인기관 · 업종 배전반 및 전기 자동제어반 제조업 · 주생산품 진공패드 자동화 장비 및 검사기,2023-05-17,2026-05-16,중소벤처기업부 벤처기업명단(공공데이터포털),https://www.data.go.kr/data/15084581/fileData.do,2026-04
c10155,venture,"확인 유형 혁신성장유형 · 재확인 · 확인기관 벤처기업확인기관 · 업종 농업 및 임업용 기계 제조업 · 주생산품 농기계, 축산기자재 제조 및 도소매",2024-10-08,2027-10-07,중소벤처기업부 벤처기업명단(공공데이터포털),https://www.data.go.kr/data/15084581/fileData.do,2026-04
c10275,venture,확인 유형 혁신성장유형 · 재확인 · 확인기관 벤처기업확인기관 · 업종 레미콘 제조업 · 주생산품 레미콘 아스콘 건설폐기물,2026-01-28,2029-01-27,중소벤처기업부 벤처기업명단(공공데이터포털),https://www.data.go.kr/data/15084581/fileData.do,2026-04
c10292,venture,"확인 유형 혁신성장유형 · 신규 · 확인기관 벤처기업확인기관 · 업종 혼성 및 재생 플라스틱 소재 물질 제조업 · 주생산품 고상중합기계제조, 플라스틱 칩, 리싸이클링 등",2026-04-29,2029-04-28,중소벤처기업부 벤처기업명단(공공데이터포털),https://www.data.go.kr/data/15084581/fileData.do,2026-04
c10342,venture,확인 유형 연구개발유형 · 재확인 · 확인기관 벤처기업확인기관 · 업종 농업 및 임업용 기계 제조업 · 주생산품 색채선별기,2026-02-12,2029-02-11,중소벤처기업부 벤처기업명단(공공데이터포털),https://www.data.go.kr/data/15084581/fileData.do,2026-04
c10424,venture,확인 유형 연구개발유형 · 재확인 · 확인기관 벤처기업확인기관 · 업종 산업용 로봇 제조업 · 주생산품 2차전지 전극 제조 장비,2026-02-08,2029-02-07,중소벤처기업부 벤처기업명단(공공데이터포털),https://www.data.go.kr/data/15084581/fileData.do,2026-04
c10430,venture,"확인 유형 혁신성장유형 · 재확인 · 확인기관 벤처기업확인기관 · 업종 그 외 기타 플라스틱 제품 제조업 · 주생산품 엔지니어링플라스틱 가공용소재(MC NYLON, PEEK,POM,HDPE 등) , 엔지니어링플라스틱 제품 가공",2024-06-25,2027-06-24,중소벤처기업부 벤처기업명단(공공데이터포털),https://www.data.go.kr/data/15084581/fileData.do,2026-04
c10444,venture,"확인 유형 연구개발유형 · 신규 · 확인기관 벤처기업확인기관 · 업종 1차 유리제품, 유리섬유 및 광학용 유리 제조업 · 주생산품 유리섬유철근",2026-03-04,2029-03-03,중소벤처기업부 벤처기업명단(공공데이터포털),https://www.data.go.kr/data/15084581/fileData.do,2026-04
c10452,venture,"확인 유형 혁신성장유형 · 신규 · 확인기관 벤처기업확인기관 · 업종 기어 및 동력전달장치 제조업 · 주생산품 수문권양기, 수문, 동력밸브개폐기 외",2023-05-24,2026-05-23,중소벤처기업부 벤처기업명단(공공데이터포털),https://www.data.go.kr/data/15084581/fileData.do,2026-04
c10458,venture,확인 유형 혁신성장유형 · 재확인 · 확인기관 벤처기업확인기관 · 업종 일반용 전기 조명장치 제조업 · 주생산품 LED 조명,2024-04-15,2027-04-14,중소벤처기업부 벤처기업명단(공공데이터포털),https://www.data.go.kr/data/15084581/fileData.do,2026-04
c10461,venture,"확인 유형 혁신성장유형 · 재확인 · 확인기관 벤처기업확인기관 · 업종 금속탱크 및 저장용기 제조업 · 주생산품 물탱크,저수조라이닝,압력용기,방수시트,금속기둥,정수설비,전기전자제어장치, CCTV,교통안전시설물 제조",2024-11-05,2027-11-04,중소벤처기업부 벤처기업명단(공공데이터포털),https://www.data.go.kr/data/15084581/fileData.do,2026-04
c10464,venture,"확인 유형 혁신성장유형 · 재확인 · 확인기관 벤처기업확인기관 · 업종 플라스틱 필름 제조업 · 주생산품 PE, PS 필름",2024-04-03,2027-04-02,중소벤처기업부 벤처기업명단(공공데이터포털),https://www.data.go.kr/data/15084581/fileData.do,2026-04
c10472,venture,확인 유형 연구개발유형 · 재확인 · 확인기관 벤처기업확인기관 · 업종 기타 판유리 가공품 제조업 · 주생산품 인테리어글라스 산업용 섬유 화학제품,2025-06-05,2028-06-04,중소벤처기업부 벤처기업명단(공공데이터포털),https://www.data.go.kr/data/15084581/fileData.do,2026-04
c10473,venture,"확인 유형 혁신성장유형 · 재확인 · 확인기관 벤처기업확인기관 · 업종 금속탱크 및 저장용기 제조업 · 주생산품 스테인리스 물탱크, 라이닝",2024-06-18,2027-06-17,중소벤처기업부 벤처기업명단(공공데이터포털),https://www.data.go.kr/data/15084581/fileData.do,2026-04
c10476,venture,"확인 유형 혁신성장유형 · 재확인 · 확인기관 벤처기업확인기관 · 업종 탭, 밸브 및 유사장치 제조업 · 주생산품 밸브 수문",2024-12-07,2027-12-06,중소벤처기업부 벤처기업명단(공공데이터포털),https://www.data.go.kr/data/15084581/fileData.do,2026-04
c10477,venture,"확인 유형 혁신성장유형 · 재확인 · 확인기관 벤처기업확인기관 · 업종 기타 이차전지 제조업 · 주생산품 배터리팩 셀/팩 시스템, 이차전지 기술이전 및 장비 등",2025-01-19,2028-01-18,중소벤처기업부 벤처기업명단(공공데이터포털),https://www.data.go.kr/data/15084581/fileData.do,2026-04
c10479,bi,센터 국가물산업클러스터 창업보육센터 · 운영기관 한국환경공단 국가물산업클러스터 · 법인기업 · 업종 기계/장비제조업 · 주생산품 산기관개발 · 창업일 2019-12-24,2020-01-01,,중소벤처기업부 창업보육센터 입주기업현황(공공데이터포털),https://www.data.go.kr/data/15122804/fileData.do,
c10479,venture,확인 유형 혁신성장유형 · 재확인 · 확인기관 벤처기업확인기관 · 업종 기체 여과기 제조업 · 주생산품 환경전문공사업 고효율산기관 등,2025-10-08,2028-10-07,중소벤처기업부 벤처기업명단(공공데이터포털),https://www.data.go.kr/data/15084581/fileData.do,2026-04
c10481,venture,확인 유형 혁신성장유형 · 재확인 · 확인기관 벤처기업확인기관 · 업종 컴퓨터 프로그래밍 서비스업 · 주생산품 IoT 소프트웨어 및 하드웨어,2024-09-24,2027-09-23,중소벤처기업부 벤처기업명단(공공데이터포털),https://www.data.go.kr/data/15084581/fileData.do,2026-04
c10490,venture,"확인 유형 혁신성장유형 · 재확인 · 확인기관 벤처기업확인기관 · 업종 기어 및 동력전달장치 제조업 · 주생산품 하이브리드 미션 부분품, 엑츄에이터 부분품, 브레이크 부분품, 시트 부분품 등",2025-04-01,2028-03-31,중소벤처기업부 벤처기업명단(공공데이터포털),https://www.data.go.kr/data/15084581/fileData.do,2026-04
c10494,venture,확인 유형 연구개발유형 · 재확인 · 확인기관 벤처기업확인기관 · 업종 기타 무선 통신장비 제조업 · 주생산품 IOT기반 상수관망 감시시스템,2025-06-11,2028-06-10,중소벤처기업부 벤처기업명단(공공데이터포털),https://www.data.go.kr/data/15084581/fileData.do,2026-04
c10509,venture,"확인 유형 연구개발유형 · 신규 · 확인기관 벤처기업확인기관 · 업종 동력식 수지공구 제조업 · 주생산품 도로살수분사장치 도로염수분사장치, 분사기 소화기, 쿨링포그,배전반 및 전기 자동제어반 제조업,토공사업,상하수도설비공사업,콘크리트제품",2026-03-04,2029-03-03,중소벤처기업부 벤처기업명단(공공데이터포털),https://www.data.go.kr/data/15084581/fileData.do,2026-04
c10523,venture,확인 유형 혁신성장유형 · 재확인 · 확인기관 벤처기업확인기관 · 업종 액체 여과기 제조업 · 주생산품 SMVR 증류식 담수 및 폐수처리 장비,2024-03-13,2027-03-12,중소벤처기업부 벤처기업명단(공공데이터포털),https://www.data.go.kr/data/15084581/fileData.do,2026-04
c10525,venture,"확인 유형 연구개발유형 · 재확인 · 확인기관 벤처기업확인기관 · 업종 물질 검사, 측정 및 분석기구 제조업 · 주생산품 수질계측기,음수기,계장제어장치,자동드레인장치",2025-10-26,2028-10-25,중소벤처기업부 벤처기업명단(공공데이터포털),https://www.data.go.kr/data/15084581/fileData.do,2026-04
c10540,venture,"확인 유형 혁신성장유형 · 재확인 · 확인기관 벤처기업확인기관 · 업종 환경 관련 엔지니어링 서비스업 · 주생산품 환경계측기,엔지니어링서비스",2026-01-25,2029-01-24,중소벤처기업부 벤처기업명단(공공데이터포털),https://www.data.go.kr/data/15084581/fileData.do,2026-04
c10551,venture,"확인 유형 연구개발유형 · 재확인 · 확인기관 벤처기업확인기관 · 업종 배전반 및 전기 자동제어반 제조업 · 주생산품 배전반 및 전기 자동제어반 제조업,전기전자계측기,영상감시장치,유량계,정보통신공사업,계장계측기기,유량계,시스템소프트웨어 개발 및 공급업",2024-04-18,2027-04-17,중소벤처기업부 벤처기업명단(공공데이터포털),https://www.data.go.kr/data/15084581/fileData.do,2026-04
c1056,venture,확인 유형 혁신성장유형 · 재확인 · 확인기관 벤처기업확인기관 · 업종 컴퓨터시스템 통합 자문 및 구축 서비스업 · 주생산품 MES,2026-03-22,2029-03-21,중소벤처기업부 벤처기업명단(공공데이터포털),https://www.data.go.kr/data/15084581/fileData.do,2026-04
c10563,venture,"확인 유형 혁신성장유형 · 재확인 · 확인기관 벤처기업확인기관 · 업종 일반용 전기 조명장치 제조업 · 주생산품 LED 조명,도로교통시설물,자동차부품 제조/전자상거래",2024-11-07,2027-11-06,중소벤처기업부 벤처기업명단(공공데이터포털),https://www.data.go.kr/data/15084581/fileData.do,2026-04
c10570,venture,확인 유형 혁신성장유형 · 재확인 · 확인기관 벤처기업확인기관 · 업종 배전반 및 전기 자동제어반 제조업 · 주생산품 배전반,2026-01-18,2029-01-17,중소벤처기업부 벤처기업명단(공공데이터포털),https://www.data.go.kr/data/15084581/fileData.do,2026-04
c1060,venture,확인 유형 연구개발유형 · 재확인 · 확인기관 벤처기업확인기관 · 업종 그 외 기타 플라스틱 제품 제조업 · 주생산품 차선분리대,2025-01-02,2028-01-01,중소벤처기업부 벤처기업명단(공공데이터포털),https://www.data.go.kr/data/15084581/fileData.do,2026-04
c10603,venture,"확인 유형 혁신성장유형 · 재확인 · 확인기관 벤처기업확인기관 · 업종 알루미늄 압연, 압출 및 연신제품 제조업 · 주생산품 알미늄형재,자동차부품 제조/절삭유 도소매,무역",2025-05-28,2028-05-27,중소벤처기업부 벤처기업명단(공공데이터포털),https://www.data.go.kr/data/15084581/fileData.do,2026-04
c10613,venture,확인 유형 혁신성장유형 · 재확인 · 확인기관 벤처기업확인기관 · 업종 그 외 기타 특수목적용 기계 제조업 · 주생산품 제철기계 건설기계 자동화기계 환경기계,2025-02-13,2028-02-12,중소벤처기업부 벤처기업명단(공공데이터포털),https://www.data.go.kr/data/15084581/fileData.do,2026-04
c10640,venture,확인 유형 혁신성장유형 · 재확인 · 확인기관 벤처기업확인기관 · 업종 배전반 및 전기 자동제어반 제조업 · 주생산품 배전반 발전기회전자,2025-06-16,2028-06-15,중소벤처기업부 벤처기업명단(공공데이터포털),https://www.data.go.kr/data/15084581/fileData.do,2026-04
c10642,venture,"확인 유형 혁신성장유형 · 신규 · 확인기관 벤처기업확인기관 · 업종 탭, 밸브 및 유사장치 제조업 · 주생산품 제진기,밸브,수무,필터,수처리기기",2024-05-28,2027-05-27,중소벤처기업부 벤처기업명단(공공데이터포털),https://www.data.go.kr/data/15084581/fileData.do,2026-04
c10652,venture,"확인 유형 혁신성장유형 · 재확인 · 확인기관 벤처기업확인기관 · 업종 그 외 기타 기계 및 장비 도매업 · 주생산품 공기압축기,산업기계 도소매,제조/마스크 도소매/공기 압축",2024-06-21,2027-06-20,중소벤처기업부 벤처기업명단(공공데이터포털),https://www.data.go.kr/data/15084581/fileData.do,2026-04
c10663,venture,확인 유형 혁신성장유형 · 재확인 · 확인기관 벤처기업확인기관 · 업종 그 외 자동차용 신품 부품 제조업 · 주생산품 열교환기,2025-09-11,2028-09-10,중소벤처기업부 벤처기업명단(공공데이터포털),https://www.data.go.kr/data/15084581/fileData.do,2026-04
c10671,venture,확인 유형 혁신성장유형 · 재확인 · 확인기관 벤처기업확인기관 · 업종 금속 열처리업 · 주생산품 금속부품 열처리,2025-02-12,2028-02-11,중소벤처기업부 벤처기업명단(공공데이터포털),https://www.data.go.kr/data/15084581/fileData.do,2026-04
c10684,venture,확인 유형 벤처투자유형 · 신규 · 확인기관 벤처기업확인기관 · 업종 바이오 연료 및 혼합물 제조업 · 주생산품 바이오연료,2024-12-17,2027-12-16,중소벤처기업부 벤처기업명단(공공데이터포털),https://www.data.go.kr/data/15084581/fileData.do,2026-04
c10697,venture,"확인 유형 혁신성장유형 · 재확인 · 확인기관 벤처기업확인기관 · 업종 기타 물품 취급장비 제조업 · 주생산품 크레인, 파쇄기, 호이스트",2025-02-09,2028-02-08,중소벤처기업부 벤처기업명단(공공데이터포털),https://www.data.go.kr/data/15084581/fileData.do,2026-04
c10702,venture,확인 유형 혁신성장유형 · 재확인 · 확인기관 벤처기업확인기관 · 업종 배전반 및 전기 자동제어반 제조업 · 주생산품 2차 전지자동화 설비,2025-03-23,2028-03-22,중소벤처기업부 벤처기업명단(공공데이터포털),https://www.data.go.kr/data/15084581/fileData.do,2026-04
c1073,venture,확인 유형 혁신성장유형 · 신규 · 확인기관 벤처기업확인기관 · 업종 일반철물 제조업 · 주생산품 내진천정틀,2025-12-30,2028-12-29,중소벤처기업부 벤처기업명단(공공데이터포털),https://www.data.go.kr/data/15084581/fileData.do,2026-04
c10736,venture,확인 유형 벤처투자유형 · 재확인 · 확인기관 벤처기업확인기관 · 업종 기타 공학 연구개발업 · 주생산품 로봇기반 인력 대체 서비스(임대 포함),2026-04-05,2029-04-04,중소벤처기업부 벤처기업명단(공공데이터포털),https://www.data.go.kr/data/15084581/fileData.do,2026-04
c10743,venture,확인 유형 혁신성장유형 · 재확인 · 확인기관 벤처기업확인기관 · 업종 그 외 자동차용 신품 부품 제조업 · 주생산품 자동차 부품,2024-06-30,2027-06-29,중소벤처기업부 벤처기업명단(공공데이터포털),https://www.data.go.kr/data/15084581/fileData.do,2026-04
c10767,venture,확인 유형 혁신성장유형 · 재확인 · 확인기관 벤처기업확인기관 · 업종 그 외 자동차용 신품 부품 제조업 · 주생산품 자동차부품 SHAFT A&apos;SSY,2024-05-09,2027-05-08,중소벤처기업부 벤처기업명단(공공데이터포털),https://www.data.go.kr/data/15084581/fileData.do,2026-04
c1078,venture,확인 유형 벤처투자유형 · 재확인 · 확인기관 벤처기업확인기관 · 업종 의학 및 약학 연구개발업 · 주생산품 약물 효능 테스트 서비스,2024-06-14,2027-06-13,중소벤처기업부 벤처기업명단(공공데이터포털),https://www.data.go.kr/data/15084581/fileData.do,2026-04
c10784,venture,확인 유형 혁신성장유형 · 재확인 · 확인기관 벤처기업확인기관 · 업종 그 외 기타 분류 안된 금속 가공 제품 제조업 · 주생산품 수납식관람석,2024-03-21,2027-03-20,중소벤처기업부 벤처기업명단(공공데이터포털),https://www.data.go.kr/data/15084581/fileData.do,2026-04
c10809,venture,확인 유형 혁신성장유형 · 재확인 · 확인기관 벤처기업확인기관 · 업종 운송장비 조립용 플라스틱제품 제조업 · 주생산품 자동차용 Radiator Tank류 및 Plastic Case사출및조립,2024-11-03,2027-11-02,중소벤처기업부 벤처기업명단(공공데이터포털),https://www.data.go.kr/data/15084581/fileData.do,2026-04
c10839,venture,확인 유형 혁신성장유형 · 재확인 · 확인기관 벤처기업확인기관 · 업종 골판지 제조업 · 주생산품 골판지지함,2023-05-10,2026-05-09,중소벤처기업부 벤처기업명단(공공데이터포털),https://www.data.go.kr/data/15084581/fileData.do,2026-04
c10863,venture,확인 유형 혁신성장유형 · 재확인 · 확인기관 벤처기업확인기관 · 업종 플라스틱 창호 제조업 · 주생산품 핸들 크리센트 롤러,2025-05-18,2028-05-17,중소벤처기업부 벤처기업명단(공공데이터포털),https://www.data.go.kr/data/15084581/fileData.do,2026-04
c10901,venture,"확인 유형 혁신성장유형 · 재확인 · 확인기관 벤처기업확인기관 · 업종 탭, 밸브 및 유사장치 제조업 · 주생산품 밸브 및 밸브실",2025-10-31,2028-10-30,중소벤처기업부 벤처기업명단(공공데이터포털),https://www.data.go.kr/data/15084581/fileData.do,2026-04
c10912,venture,확인 유형 혁신성장유형 · 재확인 · 확인기관 벤처기업확인기관 · 업종 그 외 자동차용 신품 부품 제조업 · 주생산품 자동차부품,2025-05-08,2028-05-07,중소벤처기업부 벤처기업명단(공공데이터포털),https://www.data.go.kr/data/15084581/fileData.do,2026-04
c10914,venture,확인 유형 혁신성장유형 · 재확인 · 확인기관 벤처기업확인기관 · 업종 자동차용 신품 조향장치 및 현가 장치 제조업 · 주생산품 자동차 부품,2025-12-28,2028-12-27,중소벤처기업부 벤처기업명단(공공데이터포털),https://www.data.go.kr/data/15084581/fileData.do,2026-04
c10915,venture,"확인 유형 연구개발유형 · 재확인 · 확인기관 벤처기업확인기관 · 업종 자동차 엔진용 신품 부품 제조업 · 주생산품 EGR Valve, Block Valve, coolant heater",2024-11-20,2027-11-19,중소벤처기업부 벤처기업명단(공공데이터포털),https://www.data.go.kr/data/15084581/fileData.do,2026-04
c10931,venture,확인 유형 혁신성장유형 · 재확인 · 확인기관 벤처기업확인기관 · 업종 그 외 기타 일반목적용 기계 제조업 · 주생산품 풍력발전타워 철강내장재,2024-04-05,2027-04-04,중소벤처기업부 벤처기업명단(공공데이터포털),https://www.data.go.kr/data/15084581/fileData.do,2026-04
c10938,venture,확인 유형 혁신성장유형 · 신규 · 확인기관 벤처기업확인기관 · 업종 자동차 차체용 신품 부품 제조업 · 주생산품 자동차부품,2025-12-31,2028-12-30,중소벤처기업부 벤처기업명단(공공데이터포털),https://www.data.go.kr/data/15084581/fileData.do,2026-04
c10940,venture,"확인 유형 혁신성장유형 · 재확인 · 확인기관 벤처기업확인기관 · 업종 주형 및 금형 제조업 · 주생산품 전자가전부품, 자동차외장부품",2024-05-07,2027-05-06,중소벤처기업부 벤처기업명단(공공데이터포털),https://www.data.go.kr/data/15084581/fileData.do,2026-04
c10944,venture,"확인 유형 혁신성장유형 · 재확인 · 확인기관 벤처기업확인기관 · 업종 자동차 차체용 신품 부품 제조업 · 주생산품 DELIVERY HANGER ASSY류, BRKT류, DAMPER FLANGE PAD류",2024-06-19,2027-06-18,중소벤처기업부 벤처기업명단(공공데이터포털),https://www.data.go.kr/data/15084581/fileData.do,2026-04
c10951,venture,확인 유형 혁신성장유형 · 재확인 · 확인기관 벤처기업확인기관 · 업종 운송장비 조립용 플라스틱제품 제조업 · 주생산품 리테이너,2024-10-11,2027-10-10,중소벤처기업부 벤처기업명단(공공데이터포털),https://www.data.go.kr/data/15084581/fileData.do,2026-04
c10974,venture,확인 유형 혁신성장유형 · 신규 · 확인기관 벤처기업확인기관 · 업종 도장 및 기타 피막처리업 · 주생산품 PVD 코팅,2023-12-13,2026-12-12,중소벤처기업부 벤처기업명단(공공데이터포털),https://www.data.go.kr/data/15084581/fileData.do,2026-04
c10975,venture,"확인 유형 혁신성장유형 · 재확인 · 확인기관 벤처기업확인기관 · 업종 가정용 전기 난방기기 제조업 · 주생산품 초절전 전열온수관, 무전자파 히팅케이블, DIY용 매트케이블, 스노우멜팅케이블",2025-03-14,2028-03-13,중소벤처기업부 벤처기업명단(공공데이터포털),https://www.data.go.kr/data/15084581/fileData.do,2026-04
c10979,venture,확인 유형 혁신성장유형 · 재확인 · 확인기관 벤처기업확인기관 · 업종 컨베이어장치 제조업 · 주생산품 산업기계부품,2024-12-05,2027-12-04,중소벤처기업부 벤처기업명단(공공데이터포털),https://www.data.go.kr/data/15084581/fileData.do,2026-04
c1099,venture,확인 유형 혁신성장유형 · 재확인 · 확인기관 벤처기업확인기관 · 업종 분사기 및 소화기 제조업 · 주생산품 소화기 피난사다리 완강기 등,2025-05-29,2028-05-28,중소벤처기업부 벤처기업명단(공공데이터포털),https://www.data.go.kr/data/15084581/fileData.do,2026-04
c1100,venture,확인 유형 혁신성장유형 · 재확인 · 확인기관 벤처기업확인기관 · 업종 데이터베이스 및 온라인정보 제공업 · 주생산품 비대면 의료기기정보 통합검색 제공 플랫폼,2025-01-26,2028-01-25,중소벤처기업부 벤처기업명단(공공데이터포털),https://www.data.go.kr/data/15084581/fileData.do,2026-04
c11007,venture,확인 유형 혁신성장유형 · 신규 · 확인기관 벤처기업확인기관 · 업종 주형 및 금형 제조업 · 주생산품 금형 자동차 부품,2023-09-20,2026-09-19,중소벤처기업부 벤처기업명단(공공데이터포털),https://www.data.go.kr/data/15084581/fileData.do,2026-04
c11010,venture,확인 유형 혁신성장유형 · 신규 · 확인기관 벤처기업확인기관 · 업종 주형 및 금형 제조업 · 주생산품 다이아케스팅및 금속조립외,2024-08-13,2027-08-12,중소벤처기업부 벤처기업명단(공공데이터포털),https://www.data.go.kr/data/15084581/fileData.do,2026-04
c11028,venture,"확인 유형 혁신성장유형 · 신규 · 확인기관 벤처기업확인기관 · 업종 부직포 및 펠트 제조업 · 주생산품 부직포, 파이텍스, 방수시트, 방초시트, LDPE",2023-05-24,2026-05-23,중소벤처기업부 벤처기업명단(공공데이터포털),https://www.data.go.kr/data/15084581/fileData.do,2026-04
c11038,venture,"확인 유형 혁신성장유형 · 재확인 · 확인기관 벤처기업확인기관 · 업종 기체 여과기 제조업 · 주생산품 수처리　기계，자동제어장치　,전기공사,상하수도　설비공사,기타 부동산 임대업,무역업",2024-09-25,2027-09-24,중소벤처기업부 벤처기업명단(공공데이터포털),https://www.data.go.kr/data/15084581/fileData.do,2026-04
c11045,venture,확인 유형 혁신성장유형 · 재확인 · 확인기관 벤처기업확인기관 · 업종 연사 및 가공사 제조업 · 주생산품 특수 가연사,2025-03-27,2028-03-26,중소벤처기업부 벤처기업명단(공공데이터포털),https://www.data.go.kr/data/15084581/fileData.do,2026-04
c1105,venture,"확인 유형 혁신성장유형 · 재확인 · 확인기관 벤처기업확인기관 · 업종 컴퓨터 프로그래밍 서비스업 · 주생산품 AR, VR, MR, XR 프로그램 및 콘텐츠 개발",2026-04-07,2029-04-06,중소벤처기업부 벤처기업명단(공공데이터포털),https://www.data.go.kr/data/15084581/fileData.do,2026-04
c11114,venture,"확인 유형 혁신성장유형 · 신규 · 확인기관 벤처기업확인기관 · 업종 농업 및 임업용 기계 제조업 · 주생산품 동력운반차, 방제기",2025-05-15,2028-05-14,중소벤처기업부 벤처기업명단(공공데이터포털),https://www.data.go.kr/data/15084581/fileData.do,2026-04
c11127,venture,"확인 유형 혁신성장유형 · 재확인 · 확인기관 벤처기업확인기관 · 업종 플라스틱 포대, 봉투 및 유사제품 제조업 · 주생산품 쓰레기봉투,비닐 제조,도소매",2024-11-12,2027-11-11,중소벤처기업부 벤처기업명단(공공데이터포털),https://www.data.go.kr/data/15084581/fileData.do,2026-04
c11157,venture,확인 유형 혁신성장유형 · 재확인 · 확인기관 벤처기업확인기관 · 업종 배합 사료 제조업 · 주생산품 동물 영양제 및 건강식품,2025-12-17,2028-12-16,중소벤처기업부 벤처기업명단(공공데이터포털),https://www.data.go.kr/data/15084581/fileData.do,2026-04
c11176,venture,"확인 유형 연구개발유형 · 재확인 · 확인기관 벤처기업확인기관 · 업종 컴퓨터 및 주변장치, 소프트웨어 도매업 · 주생산품 HACCP학교급식위생관리프로그램, 조리실 공기질 모니터링 및 환기 자동제어 시스템",2026-03-24,2029-03-23,중소벤처기업부 벤처기업명단(공공데이터포털),https://www.data.go.kr/data/15084581/fileData.do,2026-04
c11188,bi,"센터 영남이공대학교 창업보육센터 · 운영기관 영남이공대학교 · 법인기업 · 업종 석유화학제품제조업 · 주생산품 폐석회, 폐석고 재활용 · 창업일 2018-05-21",2018-08-01,,중소벤처기업부 창업보육센터 입주기업현황(공공데이터포털),https://www.data.go.kr/data/15122804/fileData.do,
c11196,venture,확인 유형 혁신성장유형 · 신규 · 확인기관 벤처기업확인기관 · 업종 정형 내화 요업제품 제조업 · 주생산품 세라믹 가공 및 제조,2026-01-14,2029-01-13,중소벤처기업부 벤처기업명단(공공데이터포털),https://www.data.go.kr/data/15084581/fileData.do,2026-04
c1258,venture,"확인 유형 연구개발유형 · 재확인 · 확인기관 벤처기업확인기관 · 업종 시각 디자인업 · 주생산품 시각, 포장디자인",2025-03-30,2028-03-29,중소벤처기업부 벤처기업명단(공공데이터포털),https://www.data.go.kr/data/15084581/fileData.do,2026-04
c1440,venture,확인 유형 혁신성장유형 · 신규 · 확인기관 벤처기업확인기관 · 업종 그 외 기타 전자부품 제조업 · 주생산품 헬스 케어 제품 설계 및 제조,2023-09-20,2026-09-19,중소벤처기업부 벤처기업명단(공공데이터포털),https://www.data.go.kr/data/15084581/fileData.do,2026-04
c1604,venture,"확인 유형 혁신성장유형 · 신규 · 확인기관 벤처기업확인기관 · 업종 의료기기 도매업 · 주생산품 콘택트렌즈, 몰드 성형사출",2024-09-04,2027-09-03,중소벤처기업부 벤처기업명단(공공데이터포털),https://www.data.go.kr/data/15084581/fileData.do,2026-04
c1610,venture,"확인 유형 혁신성장유형 · 재확인 · 확인기관 벤처기업확인기관 · 업종 산업용 로봇 제조업 · 주생산품 산업용 로봇 제조업,공기청정시스템물품제조,전기온수기 물품 제조,무인 항공기 및 무인 비행장치 제조업,전자상거래 및 관련 유통업,무인항공기관련 엔지니어링",2025-01-26,2028-01-25,중소벤처기업부 벤처기업명단(공공데이터포털),https://www.data.go.kr/data/15084581/fileData.do,2026-04
c1618,venture,확인 유형 혁신성장유형 · 재확인 · 확인기관 벤처기업확인기관 · 업종 그 외 기타 금속가공업 · 주생산품 수소 산소 고압밸브 및  응축수 배출 밸브 시스템,2025-07-25,2028-07-24,중소벤처기업부 벤처기업명단(공공데이터포털),https://www.data.go.kr/data/15084581/fileData.do,2026-04
c1621,venture,확인 유형 혁신성장유형 · 신규 · 확인기관 벤처기업확인기관 · 업종 스타킹 및 기타 양말 제조업 · 주생산품 스타킹,2025-12-09,2028-12-08,중소벤처기업부 벤처기업명단(공공데이터포털),https://www.data.go.kr/data/15084581/fileData.do,2026-04
c1685,venture,"확인 유형 혁신성장유형 · 재확인 · 확인기관 벤처기업확인기관 · 업종 금속 문, 창, 셔터 및 관련제품 제조업 · 주생산품 스테인레스 바 문틀 방화문",2024-09-30,2027-09-29,중소벤처기업부 벤처기업명단(공공데이터포털),https://www.data.go.kr/data/15084581/fileData.do,2026-04
c1694,venture,확인 유형 혁신성장유형 · 신규 · 확인기관 벤처기업확인기관 · 업종 소파 및 기타 내장가구 제조업 · 주생산품 소파 및 기타 내장 가구,2025-11-26,2028-11-25,중소벤처기업부 벤처기업명단(공공데이터포털),https://www.data.go.kr/data/15084581/fileData.do,2026-04
c1762,venture,확인 유형 혁신성장유형 · 재확인 · 확인기관 벤처기업확인기관 · 업종 그 외 기타 특수목적용 기계 제조업 · 주생산품 자동화설비 경편기 제어장치,2025-03-28,2028-03-27,중소벤처기업부 벤처기업명단(공공데이터포털),https://www.data.go.kr/data/15084581/fileData.do,2026-04
c1781,venture,"확인 유형 혁신성장유형 · 신규 · 확인기관 벤처기업확인기관 · 업종 구조용 금속 판제품 및 공작물 제조업 · 주생산품 안전시설물제작, 산업안전용품,  옥외간판, 철강자재, 소방용품, 통신판매 및 전자상거래업",2025-08-12,2028-08-11,중소벤처기업부 벤처기업명단(공공데이터포털),https://www.data.go.kr/data/15084581/fileData.do,2026-04
c1796,venture,확인 유형 혁신성장유형 · 재확인 · 확인기관 벤처기업확인기관 · 업종 날염 가공업 · 주생산품 면원단 날염 염색,2024-12-24,2027-12-23,중소벤처기업부 벤처기업명단(공공데이터포털),https://www.data.go.kr/data/15084581/fileData.do,2026-04
c1839,venture,확인 유형 혁신성장유형 · 신규 · 확인기관 벤처기업확인기관 · 업종 기타 운동 및 경기용구 제조업 · 주생산품 파크골프채,2023-10-18,2026-10-17,중소벤처기업부 벤처기업명단(공공데이터포털),https://www.data.go.kr/data/15084581/fileData.do,2026-04
c1847,venture,확인 유형 혁신성장유형 · 재확인 · 확인기관 벤처기업확인기관 · 업종 그 외 기타 전기장비 제조업 · 주생산품 자동원단포장기,2025-08-17,2028-08-16,중소벤처기업부 벤처기업명단(공공데이터포털),https://www.data.go.kr/data/15084581/fileData.do,2026-04
c1917,venture,확인 유형 혁신성장유형 · 재확인 · 확인기관 벤처기업확인기관 · 업종 위생용 종이제품 제조업 · 주생산품 위생패드 제조,2024-10-27,2027-10-26,중소벤처기업부 벤처기업명단(공공데이터포털),https://www.data.go.kr/data/15084581/fileData.do,2026-04
c1920,venture,"확인 유형 혁신성장유형 · 신규 · 확인기관 벤처기업확인기관 · 업종 금속 문, 창, 셔터 및 관련제품 제조업 · 주생산품 금속자동문, 금속창호",2024-06-05,2027-06-04,중소벤처기업부 벤처기업명단(공공데이터포털),https://www.data.go.kr/data/15084581/fileData.do,2026-04
c1949,venture,확인 유형 혁신성장유형 · 재확인 · 확인기관 벤처기업확인기관 · 업종 침구 및 관련제품 제조업 · 주생산품 침구류,2025-06-08,2028-06-07,중소벤처기업부 벤처기업명단(공공데이터포털),https://www.data.go.kr/data/15084581/fileData.do,2026-04
c1951,venture,"확인 유형 혁신성장유형 · 재확인 · 확인기관 벤처기업확인기관 · 업종 커튼 및 유사제품 제조업 · 주생산품 블라인드,커튼,무대막,전동스크린 제조",2025-10-02,2028-10-01,중소벤처기업부 벤처기업명단(공공데이터포털),https://www.data.go.kr/data/15084581/fileData.do,2026-04
c2263,venture,"확인 유형 연구개발유형 · 재확인 · 확인기관 벤처기업확인기관 · 업종 직물, 편조원단 및 의복류 염색 가공업 · 주생산품 기능성 코팅 섬유",2025-03-07,2028-03-06,중소벤처기업부 벤처기업명단(공공데이터포털),https://www.data.go.kr/data/15084581/fileData.do,2026-04
c2606,venture,확인 유형 벤처투자유형 · 재확인 · 확인기관 벤처기업확인기관 · 업종 그 외 기타 정보 서비스업 · 주생산품 소프트웨어개발공급모듈제조,2025-04-21,2028-04-20,중소벤처기업부 벤처기업명단(공공데이터포털),https://www.data.go.kr/data/15084581/fileData.do,2026-04
c2607,venture,확인 유형 혁신성장유형 · 재확인 · 확인기관 벤처기업확인기관 · 업종 그 외 기타 의료용 기기 제조업 · 주생산품 의료기기보조기,2024-10-21,2027-10-20,중소벤처기업부 벤처기업명단(공공데이터포털),https://www.data.go.kr/data/15084581/fileData.do,2026-04
c2608,bi,센터 영남이공대학교 창업보육센터 · 운영기관 영남이공대학교 · 법인기업 · 업종 석유화학제품제조업 · 주생산품 석회 및 플라스터 · 창업일 2013-01-22,2013-07-10,,중소벤처기업부 창업보육센터 입주기업현황(공공데이터포털),https://www.data.go.kr/data/15122804/fileData.do,
c2632,venture,확인 유형 혁신성장유형 · 재확인 · 확인기관 벤처기업확인기관 · 업종 스타킹 및 기타 양말 제조업 · 주생산품 양말,2024-08-22,2027-08-21,중소벤처기업부 벤처기업명단(공공데이터포털),https://www.data.go.kr/data/15084581/fileData.do,2026-04
c2651,venture,확인 유형 혁신성장유형 · 신규 · 확인기관 벤처기업확인기관 · 업종 산업용 로봇 제조업 · 주생산품 산업용 로봇 자동화 시스템 및 PLC 제어 솔루션,2026-03-11,2029-03-10,중소벤처기업부 벤처기업명단(공공데이터포털),https://www.data.go.kr/data/15084581/fileData.do,2026-04
c2667,venture,확인 유형 혁신성장유형 · 재확인 · 확인기관 벤처기업확인기관 · 업종 화장품 제조업 · 주생산품 여드름 치료용 화장품,2024-06-02,2027-06-01,중소벤처기업부 벤처기업명단(공공데이터포털),https://www.data.go.kr/data/15084581/fileData.do,2026-04
c2674,venture,"확인 유형 혁신성장유형 · 재확인 · 확인기관 벤처기업확인기관 · 업종 주방용 전기기기 제조업 · 주생산품 원액기, 블렌더, 녹즙기, 발효기, 전기그릴 외",2025-09-20,2028-09-19,중소벤처기업부 벤처기업명단(공공데이터포털),https://www.data.go.kr/data/15084581/fileData.do,2026-04
c2675,venture,"확인 유형 혁신성장유형 · 신규 · 확인기관 벤처기업확인기관 · 업종 그 외 기타 일반목적용 기계 제조업 · 주생산품 산업용로봇및부품,특수목적용기계",2025-07-01,2028-06-30,중소벤처기업부 벤처기업명단(공공데이터포털),https://www.data.go.kr/data/15084581/fileData.do,2026-04
c2677,venture,확인 유형 혁신성장유형 · 신규 · 확인기관 벤처기업확인기관 · 업종 산업용 로봇 제조업 · 주생산품 협동로봇및 부품 제조,2025-01-22,2028-01-21,중소벤처기업부 벤처기업명단(공공데이터포털),https://www.data.go.kr/data/15084581/fileData.do,2026-04
c2681,venture,확인 유형 연구개발유형 · 재확인 · 확인기관 벤처기업확인기관 · 업종 그 외 기타 의료용 기기 제조업 · 주생산품 인지재활기기(CoTras),2024-01-17,2027-01-16,중소벤처기업부 벤처기업명단(공공데이터포털),https://www.data.go.kr/data/15084581/fileData.do,2026-04
c2682,venture,확인 유형 혁신성장유형 · 재확인 · 확인기관 벤처기업확인기관 · 업종 전자감지장치 제조업 · 주생산품 진동센서 및 비접촉센서,2024-11-24,2027-11-23,중소벤처기업부 벤처기업명단(공공데이터포털),https://www.data.go.kr/data/15084581/fileData.do,2026-04
c2735,venture,확인 유형 혁신성장유형 · 재확인 · 확인기관 벤처기업확인기관 · 업종 기타 건축용 플라스틱 조립제품 제조업 · 주생산품 신소재복합IOT스마트플라스틱맨홀뚜껑,2024-10-06,2027-10-05,중소벤처기업부 벤처기업명단(공공데이터포털),https://www.data.go.kr/data/15084581/fileData.do,2026-04
c2752,venture,확인 유형 혁신성장유형 · 재확인 · 확인기관 벤처기업확인기관 · 업종 육상 금속 골조 구조재 제조업 · 주생산품 디자인휀스난간대자전거보관대 외,2025-01-30,2028-01-29,중소벤처기업부 벤처기업명단(공공데이터포털),https://www.data.go.kr/data/15084581/fileData.do,2026-04
c2760,venture,확인 유형 혁신성장유형 · 재확인 · 확인기관 벤처기업확인기관 · 업종 안경 및 안경렌즈 제조업 · 주생산품 안경테,2025-03-19,2028-03-18,중소벤처기업부 벤처기업명단(공공데이터포털),https://www.data.go.kr/data/15084581/fileData.do,2026-04
c2848,venture,확인 유형 혁신성장유형 · 재확인 · 확인기관 벤처기업확인기관 · 업종 그 외 기타 전기장비 제조업 · 주생산품 CNC정밀가공기.산업용프링트기,2024-05-11,2027-05-10,중소벤처기업부 벤처기업명단(공공데이터포털),https://www.data.go.kr/data/15084581/fileData.do,2026-04
c2889,venture,"확인 유형 혁신성장유형 · 신규 · 확인기관 벤처기업확인기관 · 업종 체조, 육상 및 체력단련용 장비 제조업 · 주생산품 파크골프채 용품",2026-02-03,2029-02-02,중소벤처기업부 벤처기업명단(공공데이터포털),https://www.data.go.kr/data/15084581/fileData.do,2026-04
c2893,venture,확인 유형 혁신성장유형 · 재확인 · 확인기관 벤처기업확인기관 · 업종 그 외 기타 일반목적용 기계 제조업 · 주생산품 산업자동화기계 장비,2025-11-06,2028-11-05,중소벤처기업부 벤처기업명단(공공데이터포털),https://www.data.go.kr/data/15084581/fileData.do,2026-04
c2894,venture,확인 유형 혁신성장유형 · 재확인 · 확인기관 벤처기업확인기관 · 업종 그 외 기타 분류 안된 섬유제품 제조업 · 주생산품 원단,2024-07-16,2027-07-15,중소벤처기업부 벤처기업명단(공공데이터포털),https://www.data.go.kr/data/15084581/fileData.do,2026-04
c2899,venture,확인 유형 연구개발유형 · 재확인 · 확인기관 벤처기업확인기관 · 업종 산업용 로봇 제조업 · 주생산품 로봇 자동화 부품(그리퍼 외),2026-02-24,2029-02-23,중소벤처기업부 벤처기업명단(공공데이터포털),https://www.data.go.kr/data/15084581/fileData.do,2026-04
c2917,venture,"확인 유형 혁신성장유형 · 재확인 · 확인기관 벤처기업확인기관 · 업종 물질 검사, 측정 및 분석기구 제조업 · 주생산품 자동차정비기기",2024-04-06,2027-04-05,중소벤처기업부 벤처기업명단(공공데이터포털),https://www.data.go.kr/data/15084581/fileData.do,2026-04
c2966,venture,확인 유형 연구개발유형 · 재확인 · 확인기관 벤처기업확인기관 · 업종 안경 및 안경렌즈 제조업 · 주생산품 안경테,2026-03-03,2029-03-02,중소벤처기업부 벤처기업명단(공공데이터포털),https://www.data.go.kr/data/15084581/fileData.do,2026-04
c3062,venture,확인 유형 혁신성장유형 · 재확인 · 확인기관 벤처기업확인기관 · 업종 가금류 가공 및 저장 처리업 · 주생산품 가정간편식,2024-03-30,2027-03-29,중소벤처기업부 벤처기업명단(공공데이터포털),https://www.data.go.kr/data/15084581/fileData.do,2026-04
c3083,venture,"확인 유형 혁신성장유형 · 재확인 · 확인기관 벤처기업확인기관 · 업종 합성수지 및 기타 플라스틱 물질 제조업 · 주생산품 합성수지,재생섬유소,유도체 제조",2025-03-19,2028-03-18,중소벤처기업부 벤처기업명단(공공데이터포털),https://www.data.go.kr/data/15084581/fileData.do,2026-04
c3124,venture,확인 유형 혁신성장유형 · 재확인 · 확인기관 벤처기업확인기관 · 업종 그 외 자동차용 신품 부품 제조업 · 주생산품 인터쿨러파이프,2024-03-13,2027-03-12,중소벤처기업부 벤처기업명단(공공데이터포털),https://www.data.go.kr/data/15084581/fileData.do,2026-04
c3134,venture,"확인 유형 혁신성장유형 · 재확인 · 확인기관 벤처기업확인기관 · 업종 그 외 자동차용 신품 부품 제조업 · 주생산품 LEVEKL&apos;G PIPE, ETC PIPE",2024-03-21,2027-03-20,중소벤처기업부 벤처기업명단(공공데이터포털),https://www.data.go.kr/data/15084581/fileData.do,2026-04
c3181,venture,확인 유형 혁신성장유형 · 신규 · 확인기관 벤처기업확인기관 · 업종 기타 운동 및 경기용구 제조업 · 주생산품 파크골프채,2025-04-02,2028-04-01,중소벤처기업부 벤처기업명단(공공데이터포털),https://www.data.go.kr/data/15084581/fileData.do,2026-04
c3185,venture,확인 유형 연구개발유형 · 신규 · 확인기관 벤처기업확인기관 · 업종 산업용 로봇 제조업 · 주생산품 로봇자동화설비,2023-07-05,2026-07-04,중소벤처기업부 벤처기업명단(공공데이터포털),https://www.data.go.kr/data/15084581/fileData.do,2026-04
c3204,venture,확인 유형 혁신성장유형 · 재확인 · 확인기관 벤처기업확인기관 · 업종 금속 열처리업 · 주생산품 열처리,2023-05-17,2026-05-16,중소벤처기업부 벤처기업명단(공공데이터포털),https://www.data.go.kr/data/15084581/fileData.do,2026-04
c3300,venture,확인 유형 혁신성장유형 · 재확인 · 확인기관 벤처기업확인기관 · 업종 기타 기계장비 조립용 플라스틱 제품 제조업 · 주생산품 링리테이너 부트,2025-02-14,2028-02-13,중소벤처기업부 벤처기업명단(공공데이터포털),https://www.data.go.kr/data/15084581/fileData.do,2026-04
c3408,venture,확인 유형 혁신성장유형 · 재확인 · 확인기관 벤처기업확인기관 · 업종 자동차 차체용 신품 부품 제조업 · 주생산품 자동차 부품,2024-07-19,2027-07-18,중소벤처기업부 벤처기업명단(공공데이터포털),https://www.data.go.kr/data/15084581/fileData.do,2026-04
c3441,venture,"확인 유형 혁신성장유형 · 재확인 · 확인기관 벤처기업확인기관 · 업종 도장 및 기타 피막처리업 · 주생산품 도장및　도색,그 외 기타 나무제품 제조업,그 외 기타 분류 안된 금속 가공제품 제조업,금속 표시판 제조업,간판 및 광고물 제조업,기타 엔지니어링 서비스업",2024-12-01,2027-11-30,중소벤처기업부 벤처기업명단(공공데이터포털),https://www.data.go.kr/data/15084581/fileData.do,2026-04
c3458,venture,"확인 유형 혁신성장유형 · 신규 · 확인기관 벤처기업확인기관 · 업종 유리 및 창호 공사업 · 주생산품 창호, 철물, 창호공사, 철물공사",2025-07-23,2028-07-22,중소벤처기업부 벤처기업명단(공공데이터포털),https://www.data.go.kr/data/15084581/fileData.do,2026-04
c3470,venture,확인 유형 혁신성장유형 · 신규 · 확인기관 벤처기업확인기관 · 업종 도금업 · 주생산품 자동차 부품 표면처리,2023-07-12,2026-07-11,중소벤처기업부 벤처기업명단(공공데이터포털),https://www.data.go.kr/data/15084581/fileData.do,2026-04
c3480,venture,확인 유형 혁신성장유형 · 재확인 · 확인기관 벤처기업확인기관 · 업종 도장 및 기타 피막처리업 · 주생산품 알루미늄냄비,2024-03-27,2027-03-26,중소벤처기업부 벤처기업명단(공공데이터포털),https://www.data.go.kr/data/15084581/fileData.do,2026-04
c3522,venture,확인 유형 연구개발유형 · 재확인 · 확인기관 벤처기업확인기관 · 업종 그 외 기타 일반목적용 기계 제조업 · 주생산품 섬유기계,2025-04-28,2028-04-27,중소벤처기업부 벤처기업명단(공공데이터포털),https://www.data.go.kr/data/15084581/fileData.do,2026-04
c3704,venture,확인 유형 혁신성장유형 · 재확인 · 확인기관 벤처기업확인기관 · 업종 그 외 자동차용 신품 부품 제조업 · 주생산품 자동차부품 제조,2026-04-02,2029-04-01,중소벤처기업부 벤처기업명단(공공데이터포털),https://www.data.go.kr/data/15084581/fileData.do,2026-04
c3851,venture,확인 유형 혁신성장유형 · 재확인 · 확인기관 벤처기업확인기관 · 업종 배전반 및 전기 자동제어반 제조업 · 주생산품 양방향 무선원격 점멸기,2025-09-07,2028-09-06,중소벤처기업부 벤처기업명단(공공데이터포털),https://www.data.go.kr/data/15084581/fileData.do,2026-04
c3948,venture,"확인 유형 연구개발유형 · 재확인 · 확인기관 벤처기업확인기관 · 업종 기타 전기 변환장치 제조업 · 주생산품 충전장치, 직류전원장치, 배터리",2025-01-05,2028-01-04,중소벤처기업부 벤처기업명단(공공데이터포털),https://www.data.go.kr/data/15084581/fileData.do,2026-04
c3983,venture,확인 유형 혁신성장유형 · 재확인 · 확인기관 벤처기업확인기관 · 업종 그 외 기타 일반목적용 기계 제조업 · 주생산품 표면처리용 지그,2024-07-14,2027-07-13,중소벤처기업부 벤처기업명단(공공데이터포털),https://www.data.go.kr/data/15084581/fileData.do,2026-04
c3992,venture,확인 유형 혁신성장유형 · 재확인 · 확인기관 벤처기업확인기관 · 업종 정형외과용 및 신체보정용 기기 제조업 · 주생산품 안경테 및 선글라스,2023-11-22,2026-11-21,중소벤처기업부 벤처기업명단(공공데이터포털),https://www.data.go.kr/data/15084581/fileData.do,2026-04
c4029,venture,확인 유형 혁신성장유형 · 신규 · 확인기관 벤처기업확인기관 · 업종 그 외 금속파스너 및 나사제품 제조업 · 주생산품 자동연결피스 시트제조 및 조립,2023-05-17,2026-05-16,중소벤처기업부 벤처기업명단(공공데이터포털),https://www.data.go.kr/data/15084581/fileData.do,2026-04
c4053,venture,"확인 유형 혁신성장유형 · 신규 · 확인기관 벤처기업확인기관 · 업종 그 외 기타 일반목적용 기계 제조업 · 주생산품 자동화장비, 정밀부품, 반도체장비 제조",2025-12-03,2028-12-02,중소벤처기업부 벤처기업명단(공공데이터포털),https://www.data.go.kr/data/15084581/fileData.do,2026-04
c4068,venture,확인 유형 혁신성장유형 · 재확인 · 확인기관 벤처기업확인기관 · 업종 절삭가공 및 유사처리업 · 주생산품 자동화기계부품,2025-04-22,2028-04-21,중소벤처기업부 벤처기업명단(공공데이터포털),https://www.data.go.kr/data/15084581/fileData.do,2026-04
c4117,venture,확인 유형 혁신성장유형 · 신규 · 확인기관 벤처기업확인기관 · 업종 비동력식 수공구 제조업 · 주생산품 각종 초경 공구,2024-07-24,2027-07-23,중소벤처기업부 벤처기업명단(공공데이터포털),https://www.data.go.kr/data/15084581/fileData.do,2026-04
c4137,bi,"센터 대구보건대학교 창업성장지원센터 · 운영기관 대구보건대학교 · 법인기업 · 업종 기타서비스업 · 주생산품 도시계획, 소프트웨어개발 · 창업일 2019-06-05",2019-05-27,,중소벤처기업부 창업보육센터 입주기업현황(공공데이터포털),https://www.data.go.kr/data/15122804/fileData.do,
c4165,venture,확인 유형 혁신성장유형 · 재확인 · 확인기관 벤처기업확인기관 · 업종 주형 및 금형 제조업 · 주생산품 금형，기계부품,2024-06-26,2027-06-25,중소벤처기업부 벤처기업명단(공공데이터포털),https://www.data.go.kr/data/15084581/fileData.do,2026-04
c4282,venture,확인 유형 혁신성장유형 · 재확인 · 확인기관 벤처기업확인기관 · 업종 그 외 기타 일반목적용 기계 제조업 · 주생산품 식품기계 사료기계,2024-11-14,2027-11-13,중소벤처기업부 벤처기업명단(공공데이터포털),https://www.data.go.kr/data/15084581/fileData.do,2026-04
c4304,venture,확인 유형 혁신성장유형 · 재확인 · 확인기관 벤처기업확인기관 · 업종 방송장비 제조업 · 주생산품 방범용 CCTV,2026-01-25,2029-01-24,중소벤처기업부 벤처기업명단(공공데이터포털),https://www.data.go.kr/data/15084581/fileData.do,2026-04
c4309,venture,확인 유형 혁신성장유형 · 재확인 · 확인기관 벤처기업확인기관 · 업종 그 외 기타 전자부품 제조업 · 주생산품 온습도센서 압력센서 포토센서 MEMS 센서 특수 LED,2024-10-12,2027-10-11,중소벤처기업부 벤처기업명단(공공데이터포털),https://www.data.go.kr/data/15084581/fileData.do,2026-04
c4318,venture,확인 유형 연구개발유형 · 재확인 · 확인기관 벤처기업확인기관 · 업종 배전반 및 전기 자동제어반 제조업 · 주생산품 수배전반,2024-05-16,2027-05-15,중소벤처기업부 벤처기업명단(공공데이터포털),https://www.data.go.kr/data/15084581/fileData.do,2026-04
c4319,venture,확인 유형 혁신성장유형 · 재확인 · 확인기관 벤처기업확인기관 · 업종 응용 소프트웨어 개발 및 공급업 · 주생산품 소프트웨어 개발,2025-09-11,2028-09-10,중소벤처기업부 벤처기업명단(공공데이터포털),https://www.data.go.kr/data/15084581/fileData.do,2026-04
c4324,venture,"확인 유형 혁신성장유형 · 재확인 · 확인기관 벤처기업확인기관 · 업종 치약, 비누 및 기타 세제 제조업 · 주생산품 친환경식물성세제",2024-06-12,2027-06-11,중소벤처기업부 벤처기업명단(공공데이터포털),https://www.data.go.kr/data/15084581/fileData.do,2026-04
c4337,bi,센터 경북대학교 창업보육센터 · 운영기관 경북대학교 · 법인기업 · 업종 자원/에너지산업 · 주생산품 건물일체형 태양광 · 창업일 2021-02-03,2022-01-24,,중소벤처기업부 창업보육센터 입주기업현황(공공데이터포털),https://www.data.go.kr/data/15122804/fileData.do,
c4337,venture,확인 유형 혁신성장유형 · 재확인 · 확인기관 벤처기업확인기관 · 업종 육상 금속 골조 구조재 제조업 · 주생산품 건물일체형태양광 구조물제작,2025-02-16,2028-02-15,중소벤처기업부 벤처기업명단(공공데이터포털),https://www.data.go.kr/data/15084581/fileData.do,2026-04
c4360,venture,확인 유형 혁신성장유형 · 재확인 · 확인기관 벤처기업확인기관 · 업종 그 외 기타 달리 분류되지 않은 제품 제조업 · 주생산품 LED조명,2026-02-15,2029-02-14,중소벤처기업부 벤처기업명단(공공데이터포털),https://www.data.go.kr/data/15084581/fileData.do,2026-04
c4385,venture,"확인 유형 혁신성장유형 · 신규 · 확인기관 벤처기업확인기관 · 업종 전자상거래 소매업 · 주생산품 화장품, 공산품, 미술용품",2024-12-24,2027-12-23,중소벤처기업부 벤처기업명단(공공데이터포털),https://www.data.go.kr/data/15084581/fileData.do,2026-04
c4399,venture,확인 유형 혁신성장유형 · 재확인 · 확인기관 벤처기업확인기관 · 업종 기타 물품 취급장비 제조업 · 주생산품 메탈호스여과장치자동제어장비,2025-08-17,2028-08-16,중소벤처기업부 벤처기업명단(공공데이터포털),https://www.data.go.kr/data/15084581/fileData.do,2026-04
c4411,bi,센터 경북대학교 창업보육센터 · 운영기관 경북대학교 · 법인기업 · 업종 전기관련제조업 · 주생산품 방송기기/네트워크 장비 · 창업일 2017-10-14,2019-08-26,,중소벤처기업부 창업보육센터 입주기업현황(공공데이터포털),https://www.data.go.kr/data/15122804/fileData.do,
c4411,venture,확인 유형 혁신성장유형 · 재확인 · 확인기관 벤처기업확인기관 · 업종 컴퓨터 프로그래밍 서비스업 · 주생산품 소프트웨어인지재활장비방송시스템,2024-12-03,2027-12-02,중소벤처기업부 벤처기업명단(공공데이터포털),https://www.data.go.kr/data/15084581/fileData.do,2026-04
c4413,bi,센터 경북대학교 창업보육센터 · 운영기관 경북대학교 · 법인기업 · 업종 정보처리및컴퓨터관련업 · 주생산품 지능형 CCTV 및 차량 계수기 · 창업일 2016-05-30,2017-06-01,,중소벤처기업부 창업보육센터 입주기업현황(공공데이터포털),https://www.data.go.kr/data/15122804/fileData.do,
c4413,venture,확인 유형 혁신성장유형 · 재확인 · 확인기관 벤처기업확인기관 · 업종 응용 소프트웨어 개발 및 공급업 · 주생산품 인공지능 영상분석 솔루션/시스템,2024-04-04,2027-04-03,중소벤처기업부 벤처기업명단(공공데이터포털),https://www.data.go.kr/data/15084581/fileData.do,2026-04
c4434,venture,"확인 유형 연구개발유형 · 재확인 · 확인기관 벤처기업확인기관 · 업종 시스템 소프트웨어 개발 및 공급업 · 주생산품 소프트웨어,하드웨어개발및공급,유무선통신기기,컴퓨터시스템 통합 자문 및 구축, 소프트웨어/하드웨어 연구개발 및 공급,연구개발업,학술연구용역",2024-09-02,2027-09-01,중소벤처기업부 벤처기업명단(공공데이터포털),https://www.data.go.kr/data/15084581/fileData.do,2026-04
c4440,venture,확인 유형 혁신성장유형 · 재확인 · 확인기관 벤처기업확인기관 · 업종 기타 가정용 전기기기 제조업 · 주생산품 초음파 가습기,2025-10-20,2028-10-19,중소벤처기업부 벤처기업명단(공공데이터포털),https://www.data.go.kr/data/15084581/fileData.do,2026-04
c4442,venture,확인 유형 혁신성장유형 · 재확인 · 확인기관 벤처기업확인기관 · 업종 그 외 기타 특수목적용 기계 제조업 · 주생산품 특수기계부품,2025-07-20,2028-07-19,중소벤처기업부 벤처기업명단(공공데이터포털),https://www.data.go.kr/data/15084581/fileData.do,2026-04
c4443,venture,"확인 유형 연구개발유형 · 재확인 · 확인기관 벤처기업확인기관 · 업종 기타 측정, 시험, 항해, 제어 및 정밀기기 제조업 · 주생산품 시험장비구동기자이로스코프리졸버특수모터",2025-04-27,2028-04-26,중소벤처기업부 벤처기업명단(공공데이터포털),https://www.data.go.kr/data/15084581/fileData.do,2026-04
c4465,venture,확인 유형 혁신성장유형 · 재확인 · 확인기관 벤처기업확인기관 · 업종 배전반 및 전기 자동제어반 제조업 · 주생산품 수배전반외,2025-06-25,2028-06-24,중소벤처기업부 벤처기업명단(공공데이터포털),https://www.data.go.kr/data/15084581/fileData.do,2026-04
c4477,venture,"확인 유형 혁신성장유형 · 재확인 · 확인기관 벤처기업확인기관 · 업종 산업용 냉장 및 냉동 장비 제조업 · 주생산품 산업용냉각기,항온항습기 외",2025-06-22,2028-06-21,중소벤처기업부 벤처기업명단(공공데이터포털),https://www.data.go.kr/data/15084581/fileData.do,2026-04
c4488,venture,"확인 유형 연구개발유형 · 재확인 · 확인기관 벤처기업확인기관 · 업종 물질 검사, 측정 및 분석기구 제조업 · 주생산품 결함 자동검사 시스템",2025-06-25,2028-06-24,중소벤처기업부 벤처기업명단(공공데이터포털),https://www.data.go.kr/data/15084581/fileData.do,2026-04
c4512,venture,"확인 유형 혁신성장유형 · 재확인 · 확인기관 벤처기업확인기관 · 업종 배전반 및 전기 자동제어반 제조업 · 주생산품 전기배전반,태양광발전장치류,태양력 발전업,전기공사업,임대",2025-07-30,2028-07-29,중소벤처기업부 벤처기업명단(공공데이터포털),https://www.data.go.kr/data/15084581/fileData.do,2026-04
c4528,venture,"확인 유형 혁신성장유형 · 재확인 · 확인기관 벤처기업확인기관 · 업종 기타 측정, 시험, 항해, 제어 및 정밀기기 제조업 · 주생산품 GAS DETECTOR",2024-05-22,2027-05-21,중소벤처기업부 벤처기업명단(공공데이터포털),https://www.data.go.kr/data/15084581/fileData.do,2026-04
c4534,venture,"확인 유형 연구개발유형 · 재확인 · 확인기관 벤처기업확인기관 · 업종 일반 통신 공사업 · 주생산품 통신공사, 스마트파킹, 스마트팜",2024-10-22,2027-10-21,중소벤처기업부 벤처기업명단(공공데이터포털),https://www.data.go.kr/data/15084581/fileData.do,2026-04
c4545,venture,확인 유형 연구개발유형 · 재확인 · 확인기관 벤처기업확인기관 · 업종 그 외 기타 일반목적용 기계 제조업 · 주생산품 반도체웨이퍼오염분석장치,2024-08-06,2027-08-05,중소벤처기업부 벤처기업명단(공공데이터포털),https://www.data.go.kr/data/15084581/fileData.do,2026-04
c4557,venture,확인 유형 혁신성장유형 · 신규 · 확인기관 벤처기업확인기관 · 업종 그 외 기타 일반목적용 기계 제조업 · 주생산품 협동로봇 자동화시스템,2023-09-13,2026-09-12,중소벤처기업부 벤처기업명단(공공데이터포털),https://www.data.go.kr/data/15084581/fileData.do,2026-04
c4567,venture,확인 유형 혁신성장유형 · 재확인 · 확인기관 벤처기업확인기관 · 업종 배전반 및 전기 자동제어반 제조업 · 주생산품 배전반 외,2025-10-23,2028-10-22,중소벤처기업부 벤처기업명단(공공데이터포털),https://www.data.go.kr/data/15084581/fileData.do,2026-04
c4578,venture,확인 유형 혁신성장유형 · 재확인 · 확인기관 벤처기업확인기관 · 업종 일반용 전기 조명장치 제조업 · 주생산품 led조명기구,2024-11-06,2027-11-05,중소벤처기업부 벤처기업명단(공공데이터포털),https://www.data.go.kr/data/15084581/fileData.do,2026-04
c4579,venture,확인 유형 혁신성장유형 · 신규 · 확인기관 벤처기업확인기관 · 업종 그 외 기타 특수목적용 기계 제조업 · 주생산품 산업용 기계제작,2024-06-11,2027-06-10,중소벤처기업부 벤처기업명단(공공데이터포털),https://www.data.go.kr/data/15084581/fileData.do,2026-04
c4590,venture,확인 유형 혁신성장유형 · 재확인 · 확인기관 벤처기업확인기관 · 업종 일반용 전기 조명장치 제조업 · 주생산품 일반조명 및 엘이디조명,2023-09-27,2026-09-26,중소벤처기업부 벤처기업명단(공공데이터포털),https://www.data.go.kr/data/15084581/fileData.do,2026-04
c4603,venture,확인 유형 혁신성장유형 · 재확인 · 확인기관 벤처기업확인기관 · 업종 일반용 전기 조명장치 제조업 · 주생산품 LED등기구,2025-04-01,2028-03-31,중소벤처기업부 벤처기업명단(공공데이터포털),https://www.data.go.kr/data/15084581/fileData.do,2026-04
c4615,bi,센터 경북대학교 창업보육센터 · 운영기관 경북대학교 · 개인기업 · 업종 전자부품등제조업 · 주생산품 주방조리 자동화 시스템 · 창업일 2024-07-10,2025-06-01,,중소벤처기업부 창업보육센터 입주기업현황(공공데이터포털),https://www.data.go.kr/data/15122804/fileData.do,
c4627,venture,"확인 유형 혁신성장유형 · 신규 · 확인기관 벤처기업확인기관 · 업종 안경 및 안경렌즈 제조업 · 주생산품 안경테, 선글라스",2025-04-23,2028-04-22,중소벤처기업부 벤처기업명단(공공데이터포털),https://www.data.go.kr/data/15084581/fileData.do,2026-04
c4680,venture,확인 유형 혁신성장유형 · 재확인 · 확인기관 벤처기업확인기관 · 업종 농업 및 임업용 기계 제조업 · 주생산품 농업용기계,2024-07-30,2027-07-29,중소벤처기업부 벤처기업명단(공공데이터포털),https://www.data.go.kr/data/15084581/fileData.do,2026-04
c4734,venture,"확인 유형 혁신성장유형 · 재확인 · 확인기관 벤처기업확인기관 · 업종 그 외 기타 의복액세서리 제조업 · 주생산품 홈데코, 패션잡화",2024-06-24,2027-06-23,중소벤처기업부 벤처기업명단(공공데이터포털),https://www.data.go.kr/data/15084581/fileData.do,2026-04
c4756,venture,"확인 유형 혁신성장유형 · 재확인 · 확인기관 벤처기업확인기관 · 업종 기기용 자동측정 및 제어장치 제조업 · 주생산품 방폭형 UV화염감지기, 협동로봇 자동화 장비",2025-04-08,2028-04-07,중소벤처기업부 벤처기업명단(공공데이터포털),https://www.data.go.kr/data/15084581/fileData.do,2026-04
c4790,venture,확인 유형 혁신성장유형 · 재확인 · 확인기관 벤처기업확인기관 · 업종 건설 및 채광용 기계장비 제조업 · 주생산품 건설용 폼제품 및 연결타이,2024-06-12,2027-06-11,중소벤처기업부 벤처기업명단(공공데이터포털),https://www.data.go.kr/data/15084581/fileData.do,2026-04
c4887,venture,확인 유형 혁신성장유형 · 재확인 · 확인기관 벤처기업확인기관 · 업종 농업 및 임업용 기계 제조업 · 주생산품 농기계부품제작 표면처리강제 외,2025-05-09,2028-05-08,중소벤처기업부 벤처기업명단(공공데이터포털),https://www.data.go.kr/data/15084581/fileData.do,2026-04
c4890,venture,"확인 유형 혁신성장유형 · 재확인 · 확인기관 벤처기업확인기관 · 업종 산업용 로봇 제조업 · 주생산품 산업용로봇 및 주변기기, 산업용로봇, 자동화시스템",2026-04-27,2029-04-26,중소벤처기업부 벤처기업명단(공공데이터포털),https://www.data.go.kr/data/15084581/fileData.do,2026-04
c4961,venture,확인 유형 혁신성장유형 · 재확인 · 확인기관 벤처기업확인기관 · 업종 자동차용 금속 압형제품 제조업 · 주생산품 1톤상용자동차 적재함부품,2024-08-25,2027-08-24,중소벤처기업부 벤처기업명단(공공데이터포털),https://www.data.go.kr/data/15084581/fileData.do,2026-04
c4967,venture,확인 유형 혁신성장유형 · 재확인 · 확인기관 벤처기업확인기관 · 업종 기타 무선 통신장비 제조업 · 주생산품 사이렌/면진장치/무선방송장치/비상경보기,2025-11-11,2028-11-10,중소벤처기업부 벤처기업명단(공공데이터포털),https://www.data.go.kr/data/15084581/fileData.do,2026-04
c4975,venture,확인 유형 혁신성장유형 · 신규 · 확인기관 벤처기업확인기관 · 업종 산업용 로봇 제조업 · 주생산품 협동로봇 프레임. 소프트웨어,2024-08-13,2027-08-12,중소벤처기업부 벤처기업명단(공공데이터포털),https://www.data.go.kr/data/15084581/fileData.do,2026-04
c4992,venture,"확인 유형 혁신성장유형 · 신규 · 확인기관 벤처기업확인기관 · 업종 배전반 및 전기 자동제어반 제조업 · 주생산품 수배전반, 분전반, 태양광발전소용 분전반",2025-12-31,2028-12-30,중소벤처기업부 벤처기업명단(공공데이터포털),https://www.data.go.kr/data/15084581/fileData.do,2026-04
c5066,venture,확인 유형 혁신성장유형 · 재확인 · 확인기관 벤처기업확인기관 · 업종 분말 야금제품 제조업 · 주생산품 다이아몬드공구,2024-04-12,2027-04-11,중소벤처기업부 벤처기업명단(공공데이터포털),https://www.data.go.kr/data/15084581/fileData.do,2026-04
c5080,venture,확인 유형 혁신성장유형 · 재확인 · 확인기관 벤처기업확인기관 · 업종 자동차 차체용 신품 부품 제조업 · 주생산품 자동차부품 (BRKT 등),2026-03-31,2029-03-30,중소벤처기업부 벤처기업명단(공공데이터포털),https://www.data.go.kr/data/15084581/fileData.do,2026-04
c5110,venture,"확인 유형 혁신성장유형 · 재확인 · 확인기관 벤처기업확인기관 · 업종 직물, 편조원단 및 의복류 염색 가공업 · 주생산품 상업인쇄,섬유",2024-03-24,2027-03-23,중소벤처기업부 벤처기업명단(공공데이터포털),https://www.data.go.kr/data/15084581/fileData.do,2026-04
c5125,venture,"확인 유형 연구개발유형 · 재확인 · 확인기관 벤처기업확인기관 · 업종 건물용 기계 및 장비 설치 공사업 · 주생산품 전기공사,정보통신공사,액체 여과기,프로세스제어반,유량계,자동제어반,계측제어반,기기용 자동 측정 및 제어장치 제조업,계측제어기기,소프트웨어개발",2025-10-25,2028-10-24,중소벤처기업부 벤처기업명단(공공데이터포털),https://www.data.go.kr/data/15084581/fileData.do,2026-04
c5133,venture,"확인 유형 혁신성장유형 · 재확인 · 확인기관 벤처기업확인기관 · 업종 전기회로 접속장치 제조업 · 주생산품 스마트전기안전시스템 ,전기안전 모니터링시스템 제조",2024-07-07,2027-07-06,중소벤처기업부 벤처기업명단(공공데이터포털),https://www.data.go.kr/data/15084581/fileData.do,2026-04
c5139,venture,"확인 유형 혁신성장유형 · 재확인 · 확인기관 벤처기업확인기관 · 업종 간판 및 광고물 제조업 · 주생산품 조경시설물, 간판, 옥내외광고물, 휀스, 목재판재, 의자, 벤치, 파고라",2024-02-28,2027-02-27,중소벤처기업부 벤처기업명단(공공데이터포털),https://www.data.go.kr/data/15084581/fileData.do,2026-04
c5151,venture,확인 유형 연구개발유형 · 재확인 · 확인기관 벤처기업확인기관 · 업종 그 외 기타 전자부품 제조업 · 주생산품 LED조명등터치모듈LED DRIVERAndroid Board,2025-09-05,2028-09-04,중소벤처기업부 벤처기업명단(공공데이터포털),https://www.data.go.kr/data/15084581/fileData.do,2026-04
c5157,bi,센터 대구보건대학교 창업성장지원센터 · 운영기관 대구보건대학교 · 법인기업 · 업종 기계/장비제조업 · 주생산품 2차전지 배터리 성능평가장비 개발 · 창업일 2025-05-19,2025-05-12,,중소벤처기업부 창업보육센터 입주기업현황(공공데이터포털),https://www.data.go.kr/data/15122804/fileData.do,
c5167,bi,"센터 대구보건대학교 창업성장지원센터 · 운영기관 대구보건대학교 · 법인기업 · 업종 컴퓨터/사무기기제조업 · 주생산품 컴퓨터, 서버, 영상정보디스플레이 · 창업일 2024-12-20",2025-03-24,,중소벤처기업부 창업보육센터 입주기업현황(공공데이터포털),https://www.data.go.kr/data/15122804/fileData.do,
c5168,venture,확인 유형 혁신성장유형 · 재확인 · 확인기관 벤처기업확인기관 · 업종 유선 통신장비 제조업 · 주생산품 유무선통신장비 제조,2026-02-22,2029-02-21,중소벤처기업부 벤처기업명단(공공데이터포털),https://www.data.go.kr/data/15084581/fileData.do,2026-04
c5180,venture,확인 유형 혁신성장유형 · 재확인 · 확인기관 벤처기업확인기관 · 업종 기타 물품 취급장비 제조업 · 주생산품 부품공급기 무진동피더 스마트피더 로봇팔과 연계한 부품공급시스템,2024-05-20,2027-05-19,중소벤처기업부 벤처기업명단(공공데이터포털),https://www.data.go.kr/data/15084581/fileData.do,2026-04
c5201,venture,확인 유형 혁신성장유형 · 신규 · 확인기관 벤처기업확인기관 · 업종 플라스틱 창호 제조업 · 주생산품 금속제창 플라스틱창호 제작 및 시공,2024-02-21,2027-02-20,중소벤처기업부 벤처기업명단(공공데이터포털),https://www.data.go.kr/data/15084581/fileData.do,2026-04
c5207,venture,확인 유형 연구개발유형 · 재확인 · 확인기관 벤처기업확인기관 · 업종 간판 및 광고물 제조업 · 주생산품 광고물제작,2025-06-25,2028-06-24,중소벤처기업부 벤처기업명단(공공데이터포털),https://www.data.go.kr/data/15084581/fileData.do,2026-04
c5214,venture,"확인 유형 연구개발유형 · 재확인 · 확인기관 벤처기업확인기관 · 업종 기타 무선 통신장비 제조업 · 주생산품 스마트 안전장비, 이동식 AI CCTV, 통합관제 시스템",2025-01-16,2028-01-15,중소벤처기업부 벤처기업명단(공공데이터포털),https://www.data.go.kr/data/15084581/fileData.do,2026-04
c5223,venture,확인 유형 혁신성장유형 · 재확인 · 확인기관 벤처기업확인기관 · 업종 기타 건물 관련설비 설치 공사업 · 주생산품 기계설비 자동제어 열선 정보통신 설계 및 시공,2025-09-24,2028-09-23,중소벤처기업부 벤처기업명단(공공데이터포털),https://www.data.go.kr/data/15084581/fileData.do,2026-04
c5227,venture,확인 유형 혁신성장유형 · 재확인 · 확인기관 벤처기업확인기관 · 업종 기타 목재가구 제조업 · 주생산품 인테리어 목재가구 제조,2023-09-27,2026-09-26,중소벤처기업부 벤처기업명단(공공데이터포털),https://www.data.go.kr/data/15084581/fileData.do,2026-04
c5228,venture,"확인 유형 혁신성장유형 · 신규 · 확인기관 벤처기업확인기관 · 업종 용기 세척, 포장 및 충전기 제조업 · 주생산품 저울",2024-02-21,2027-02-20,중소벤처기업부 벤처기업명단(공공데이터포털),https://www.data.go.kr/data/15084581/fileData.do,2026-04
c5233,venture,"확인 유형 벤처투자유형 · 재확인 · 확인기관 벤처기업확인기관 · 업종 그 외 기타 식료품 제조업 · 주생산품 소스 및 파우더제조, 프랜차이즈업",2024-07-10,2027-07-09,중소벤처기업부 벤처기업명단(공공데이터포털),https://www.data.go.kr/data/15084581/fileData.do,2026-04
c5241,venture,"확인 유형 벤처투자유형 · 신규 · 확인기관 벤처기업확인기관 · 업종 의학 및 약학 연구개발업 · 주생산품 바이오 의료기기, 지혈용품, 창상피복재",2024-01-24,2027-01-23,중소벤처기업부 벤처기업명단(공공데이터포털),https://www.data.go.kr/data/15084581/fileData.do,2026-04
c5244,venture,"확인 유형 혁신성장유형 · 재확인 · 확인기관 벤처기업확인기관 · 업종 사무용 기계 및 장비 제조업 · 주생산품 증명발급기,무인민원발급기부스,민원사무자동화시스템,자동인증시스템 제조/증명발급,민원사무자동화시스템,자동인증시스템 도매/비주거용건물 임대",2024-08-05,2027-08-04,중소벤처기업부 벤처기업명단(공공데이터포털),https://www.data.go.kr/data/15084581/fileData.do,2026-04
c5247,venture,확인 유형 연구개발유형 · 재확인 · 확인기관 벤처기업확인기관 · 업종 시스템 소프트웨어 개발 및 공급업 · 주생산품 무선영상송수신플랫폼ANYSYNC),2024-07-05,2027-07-04,중소벤처기업부 벤처기업명단(공공데이터포털),https://www.data.go.kr/data/15084581/fileData.do,2026-04
c5248,venture,확인 유형 혁신성장유형 · 재확인 · 확인기관 벤처기업확인기관 · 업종 응용 소프트웨어 개발 및 공급업 · 주생산품 소프트웨어,2025-02-23,2028-02-22,중소벤처기업부 벤처기업명단(공공데이터포털),https://www.data.go.kr/data/15084581/fileData.do,2026-04
c5249,venture,"확인 유형 연구개발유형 · 재확인 · 확인기관 벤처기업확인기관 · 업종 응용 소프트웨어 개발 및 공급업 · 주생산품 중소유통업 ERP프로그램 개발기술, 모바일 프로그램 및 쇼핑몰 개발 외",2024-07-13,2027-07-12,중소벤처기업부 벤처기업명단(공공데이터포털),https://www.data.go.kr/data/15084581/fileData.do,2026-04
c5251,venture,확인 유형 벤처투자유형 · 재확인 · 확인기관 벤처기업확인기관 · 업종 산업용 로봇 제조업 · 주생산품 로봇 툴 체인져,2025-09-06,2028-09-05,중소벤처기업부 벤처기업명단(공공데이터포털),https://www.data.go.kr/data/15084581/fileData.do,2026-04
c5252,venture,확인 유형 혁신성장유형 · 재확인 · 확인기관 벤처기업확인기관 · 업종 그 외 기타 전기장비 제조업 · 주생산품 주차관제장치,2025-06-11,2028-06-10,중소벤처기업부 벤처기업명단(공공데이터포털),https://www.data.go.kr/data/15084581/fileData.do,2026-04
c5256,venture,확인 유형 혁신성장유형 · 재확인 · 확인기관 벤처기업확인기관 · 업종 응용 소프트웨어 개발 및 공급업 · 주생산품 OPEN 플랫폼 기반 솔루션 및 SW 개발 및,2025-02-19,2028-02-18,중소벤처기업부 벤처기업명단(공공데이터포털),https://www.data.go.kr/data/15084581/fileData.do,2026-04
c5263,venture,확인 유형 연구개발유형 · 재확인 · 확인기관 벤처기업확인기관 · 업종 응용 소프트웨어 개발 및 공급업 · 주생산품 SI시스템용역 솔루션 개발,2025-05-13,2028-05-12,중소벤처기업부 벤처기업명단(공공데이터포털),https://www.data.go.kr/data/15084581/fileData.do,2026-04
c5269,venture,"확인 유형 연구개발유형 · 재확인 · 확인기관 벤처기업확인기관 · 업종 포털 및 기타 인터넷 정보매개 서비스업 · 주생산품 빅데이터, AI, 스마트팜, 스마트시티, 스마트거버먼트",2025-08-26,2028-08-25,중소벤처기업부 벤처기업명단(공공데이터포털),https://www.data.go.kr/data/15084581/fileData.do,2026-04
c5278,venture,확인 유형 혁신성장유형 · 재확인 · 확인기관 벤처기업확인기관 · 업종 응용 소프트웨어 개발 및 공급업 · 주생산품 스마트팩토리외,2024-04-19,2027-04-18,중소벤처기업부 벤처기업명단(공공데이터포털),https://www.data.go.kr/data/15084581/fileData.do,2026-04
c5280,venture,"확인 유형 혁신성장유형 · 재확인 · 확인기관 벤처기업확인기관 · 업종 응용 소프트웨어 개발 및 공급업 · 주생산품 소프트웨어 개발,지도 제작,측량/드론 제조,개발,도소매/자료 처리,설계/학술,연구용역/전자상거래",2025-03-30,2028-03-29,중소벤처기업부 벤처기업명단(공공데이터포털),https://www.data.go.kr/data/15084581/fileData.do,2026-04
c5284,venture,확인 유형 연구개발유형 · 재확인 · 확인기관 벤처기업확인기관 · 업종 기타 정보기술 및 컴퓨터운영 관련 서비스업 · 주생산품 영상감시시스템,2024-10-02,2027-10-01,중소벤처기업부 벤처기업명단(공공데이터포털),https://www.data.go.kr/data/15084581/fileData.do,2026-04
c5285,venture,확인 유형 혁신성장유형 · 재확인 · 확인기관 벤처기업확인기관 · 업종 컴퓨터 프로그래밍 서비스업 · 주생산품 소프트웨어개발,2024-12-29,2027-12-28,중소벤처기업부 벤처기업명단(공공데이터포털),https://www.data.go.kr/data/15084581/fileData.do,2026-04
c5286,venture,"확인 유형 연구개발유형 · 재확인 · 확인기관 벤처기업확인기관 · 업종 응용 소프트웨어 개발 및 공급업 · 주생산품 소프트웨어, ERP, 웹, 앱",2025-05-13,2028-05-12,중소벤처기업부 벤처기업명단(공공데이터포털),https://www.data.go.kr/data/15084581/fileData.do,2026-04
c5288,venture,확인 유형 연구개발유형 · 재확인 · 확인기관 벤처기업확인기관 · 업종 유선 통신장비 제조업 · 주생산품 CCTV영상감시장치 外,2024-04-10,2027-04-09,중소벤처기업부 벤처기업명단(공공데이터포털),https://www.data.go.kr/data/15084581/fileData.do,2026-04
c5291,venture,"확인 유형 연구개발유형 · 재확인 · 확인기관 벤처기업확인기관 · 업종 자동차용 신품 전기장치 제조업 · 주생산품 차량용 통합 모니터링 솔루션 제품, 비전검사장비 외",2024-12-17,2027-12-16,중소벤처기업부 벤처기업명단(공공데이터포털),https://www.data.go.kr/data/15084581/fileData.do,2026-04
c5296,venture,"확인 유형 혁신성장유형 · 재확인 · 확인기관 벤처기업확인기관 · 업종 배전반 및 전기 자동제어반 제조업 · 주생산품 자동조정및제어장비,계장,산업처리공정제어장비,전기자동차충전기,다기능자동조명제어장치 및 시스템, 건물에너지관리시스템(BEMS), 정보시스템개발, 제작설치,",2024-10-10,2027-10-09,중소벤처기업부 벤처기업명단(공공데이터포털),https://www.data.go.kr/data/15084581/fileData.do,2026-04
c5300,venture,확인 유형 혁신성장유형 · 재확인 · 확인기관 벤처기업확인기관 · 업종 기타 정보기술 및 컴퓨터운영 관련 서비스업 · 주생산품 SW개발,2026-02-13,2029-02-12,중소벤처기업부 벤처기업명단(공공데이터포털),https://www.data.go.kr/data/15084581/fileData.do,2026-04
c5302,venture,"확인 유형 벤처투자유형 · 재확인 · 확인기관 벤처기업확인기관 · 업종 그 외 기타 달리 분류되지 않은 제품 제조업 · 주생산품 반려견용품,무역업,반려견용품,웹디자인,제품디자인",2024-10-14,2027-10-13,중소벤처기업부 벤처기업명단(공공데이터포털),https://www.data.go.kr/data/15084581/fileData.do,2026-04
c5316,venture,"확인 유형 혁신성장유형 · 재확인 · 확인기관 벤처기업확인기관 · 업종 금속 절삭기계 제조업 · 주생산품 밴드쏘, 파이프나사절삭기, 전동운반차 외",2024-08-11,2027-08-10,중소벤처기업부 벤처기업명단(공공데이터포털),https://www.data.go.kr/data/15084581/fileData.do,2026-04
c5317,venture,"확인 유형 혁신성장유형 · 신규 · 확인기관 벤처기업확인기관 · 업종 그 외 기타 특수목적용 기계 제조업 · 주생산품 무인자동창고,공장자동화설비제조",2025-02-04,2028-02-03,중소벤처기업부 벤처기업명단(공공데이터포털),https://www.data.go.kr/data/15084581/fileData.do,2026-04
c5321,venture,확인 유형 혁신성장유형 · 재확인 · 확인기관 벤처기업확인기관 · 업종 그 외 기타 전자부품 제조업 · 주생산품 3D프린터 3D펜,2025-11-09,2028-11-08,중소벤처기업부 벤처기업명단(공공데이터포털),https://www.data.go.kr/data/15084581/fileData.do,2026-04
c5346,venture,확인 유형 혁신성장유형 · 재확인 · 확인기관 벤처기업확인기관 · 업종 주형 및 금형 제조업 · 주생산품 자동차 PRESS 금형,2024-11-05,2027-11-04,중소벤처기업부 벤처기업명단(공공데이터포털),https://www.data.go.kr/data/15084581/fileData.do,2026-04
c5353,venture,확인 유형 벤처투자유형 · 재확인 · 확인기관 벤처기업확인기관 · 업종 기타 전기 변환장치 제조업 · 주생산품 스마트 배터리 충전기,2024-06-27,2027-06-26,중소벤처기업부 벤처기업명단(공공데이터포털),https://www.data.go.kr/data/15084581/fileData.do,2026-04
c5358,venture,"확인 유형 혁신성장유형 · 재확인 · 확인기관 벤처기업확인기관 · 업종 기타 반도체소자 제조업 · 주생산품 반도체장비,진공단열재,미래형 자동차부품,연구개발,공기정화기,산업기계,진공세정설비 제조",2024-11-24,2027-11-23,중소벤처기업부 벤처기업명단(공공데이터포털),https://www.data.go.kr/data/15084581/fileData.do,2026-04
c5359,venture,"확인 유형 혁신성장유형 · 신규 · 확인기관 벤처기업확인기관 · 업종 그 외 기타 분류 안된 금속 가공 제품 제조업 · 주생산품 프레임, 세그먼트, 챔버",2025-12-17,2028-12-16,중소벤처기업부 벤처기업명단(공공데이터포털),https://www.data.go.kr/data/15084581/fileData.do,2026-04
c5372,venture,"확인 유형 혁신성장유형 · 재확인 · 확인기관 벤처기업확인기관 · 업종 적층, 합성 및 특수표면처리 종이 제조업 · 주생산품 의약포장지",2024-07-07,2027-07-06,중소벤처기업부 벤처기업명단(공공데이터포털),https://www.data.go.kr/data/15084581/fileData.do,2026-04
c5393,venture,확인 유형 혁신성장유형 · 신규 · 확인기관 벤처기업확인기관 · 업종 기타 기계장비 조립용 플라스틱 제품 제조업 · 주생산품 생활용품 청소용품,2023-12-13,2026-12-12,중소벤처기업부 벤처기업명단(공공데이터포털),https://www.data.go.kr/data/15084581/fileData.do,2026-04
c5414,venture,"확인 유형 혁신성장유형 · 재확인 · 확인기관 벤처기업확인기관 · 업종 그 외 자동차용 신품 부품 제조업 · 주생산품 콜게이트 튜브, pvc 튜브, 연료 튜브",2024-11-19,2027-11-18,중소벤처기업부 벤처기업명단(공공데이터포털),https://www.data.go.kr/data/15084581/fileData.do,2026-04
c5464,venture,확인 유형 혁신성장유형 · 재확인 · 확인기관 벤처기업확인기관 · 업종 톱 및 호환성 공구 제조업 · 주생산품 절삭공구,2024-08-19,2027-08-18,중소벤처기업부 벤처기업명단(공공데이터포털),https://www.data.go.kr/data/15084581/fileData.do,2026-04
c5484,venture,"확인 유형 혁신성장유형 · 재확인 · 확인기관 벤처기업확인기관 · 업종 절삭가공 및 유사처리업 · 주생산품 정온유지장치, SMT NOZZLE",2024-01-03,2027-01-02,중소벤처기업부 벤처기업명단(공공데이터포털),https://www.data.go.kr/data/15084581/fileData.do,2026-04
c5491,venture,확인 유형 혁신성장유형 · 재확인 · 확인기관 벤처기업확인기관 · 업종 전자 응용 절삭기계 제조업 · 주생산품 자동차부품생산전용기 및 지그,2026-03-02,2029-03-01,중소벤처기업부 벤처기업명단(공공데이터포털),https://www.data.go.kr/data/15084581/fileData.do,2026-04
c5493,venture,"확인 유형 혁신성장유형 · 재확인 · 확인기관 벤처기업확인기관 · 업종 금속 주조 및 기타 야금용 기계 제조업 · 주생산품 자동화기계/응용 소프트웨어 개발,공급",2025-10-05,2028-10-04,중소벤처기업부 벤처기업명단(공공데이터포털),https://www.data.go.kr/data/15084581/fileData.do,2026-04
c5497,venture,확인 유형 혁신성장유형 · 재확인 · 확인기관 벤처기업확인기관 · 업종 산업용 그 외 비경화 고무제품 제조업 · 주생산품 자동차용 고무호스,2024-07-28,2027-07-27,중소벤처기업부 벤처기업명단(공공데이터포털),https://www.data.go.kr/data/15084581/fileData.do,2026-04
c5511,venture,"확인 유형 혁신성장유형 · 재확인 · 확인기관 벤처기업확인기관 · 업종 산업용 섬유 세척, 염색, 정리 및 가공 기계 제조업 · 주생산품 산업용세탁기,산업용건조기,드라이크리닝기,다림질기계,산업용보일러 제조/산업용보일러,산업용기계부품 세탁 도소매",2025-06-05,2028-06-04,중소벤처기업부 벤처기업명단(공공데이터포털),https://www.data.go.kr/data/15084581/fileData.do,2026-04
c5530,venture,확인 유형 연구개발유형 · 재확인 · 확인기관 벤처기업확인기관 · 업종 산업용 로봇 제조업 · 주생산품 갠트리 로봇,2025-04-01,2028-03-31,중소벤처기업부 벤처기업명단(공공데이터포털),https://www.data.go.kr/data/15084581/fileData.do,2026-04
c5534,venture,"확인 유형 혁신성장유형 · 재확인 · 확인기관 벤처기업확인기관 · 업종 전동기 및 발전기 제조업 · 주생산품 연료전지, 전자소재, 접착소재, 점착소재 외",2025-03-30,2028-03-29,중소벤처기업부 벤처기업명단(공공데이터포털),https://www.data.go.kr/data/15084581/fileData.do,2026-04
c5539,venture,확인 유형 혁신성장유형 · 재확인 · 확인기관 벤처기업확인기관 · 업종 기타 가공 공작기계 제조업 · 주생산품 터미널자삽기,2024-10-16,2027-10-15,중소벤처기업부 벤처기업명단(공공데이터포털),https://www.data.go.kr/data/15084581/fileData.do,2026-04
c5541,venture,"확인 유형 연구개발유형 · 재확인 · 확인기관 벤처기업확인기관 · 업종 그 외 자동차용 신품 부품 제조업 · 주생산품 기계부품,자동차부품",2024-09-10,2027-09-09,중소벤처기업부 벤처기업명단(공공데이터포털),https://www.data.go.kr/data/15084581/fileData.do,2026-04
c5552,venture,"확인 유형 혁신성장유형 · 재확인 · 확인기관 벤처기업확인기관 · 업종 그 외 기타 특수목적용 기계 제조업 · 주생산품 서보프레스, 너트러너, 소프트웨어",2024-08-21,2027-08-20,중소벤처기업부 벤처기업명단(공공데이터포털),https://www.data.go.kr/data/15084581/fileData.do,2026-04
c5560,venture,"확인 유형 혁신성장유형 · 재확인 · 확인기관 벤처기업확인기관 · 업종 수동식 식품 가공기기 및 금속 주방용기 제조업 · 주생산품 주방용품,금속제품,전자기기 제조/건축자재,자동차 도매,무역/소프트웨어 개발,공급,컨설팅",2025-11-28,2028-11-27,중소벤처기업부 벤처기업명단(공공데이터포털),https://www.data.go.kr/data/15084581/fileData.do,2026-04
c5572,venture,확인 유형 혁신성장유형 · 재확인 · 확인기관 벤처기업확인기관 · 업종 화학섬유직물 직조업 · 주생산품 화학섬유,2025-02-13,2028-02-12,중소벤처기업부 벤처기업명단(공공데이터포털),https://www.data.go.kr/data/15084581/fileData.do,2026-04
c5588,venture,확인 유형 혁신성장유형 · 재확인 · 확인기관 벤처기업확인기관 · 업종 그 외 기타 전자부품 제조업 · 주생산품 디스플레이 모듈용 기능성 테이프필름,2025-12-22,2028-12-21,중소벤처기업부 벤처기업명단(공공데이터포털),https://www.data.go.kr/data/15084581/fileData.do,2026-04
c5598,venture,확인 유형 연구개발유형 · 재확인 · 확인기관 벤처기업확인기관 · 업종 기타 가공 공작기계 제조업 · 주생산품 공작기계,2024-05-10,2027-05-09,중소벤처기업부 벤처기업명단(공공데이터포털),https://www.data.go.kr/data/15084581/fileData.do,2026-04
c5615,venture,확인 유형 벤처투자유형 · 재확인 · 확인기관 벤처기업확인기관 · 업종 그 외 기타 분류 안된 금속 가공 제품 제조업 · 주생산품 MAGNET,2025-02-27,2028-02-26,중소벤처기업부 벤처기업명단(공공데이터포털),https://www.data.go.kr/data/15084581/fileData.do,2026-04
c5621,venture,"확인 유형 연구개발유형 · 재확인 · 확인기관 벤처기업확인기관 · 업종 기타 전기 변환장치 제조업 · 주생산품 무접촉전력공급장치, 고주파유도가열기 외",2025-11-15,2028-11-14,중소벤처기업부 벤처기업명단(공공데이터포털),https://www.data.go.kr/data/15084581/fileData.do,2026-04
c5652,venture,확인 유형 연구개발유형 · 재확인 · 확인기관 벤처기업확인기관 · 업종 그 외 기타 분류 안된 화학제품 제조업 · 주생산품 PCB Process Chemicals,2024-06-03,2027-06-02,중소벤처기업부 벤처기업명단(공공데이터포털),https://www.data.go.kr/data/15084581/fileData.do,2026-04
c5658,venture,확인 유형 혁신성장유형 · 재확인 · 확인기관 벤처기업확인기관 · 업종 치과용 기기 제조업 · 주생산품 치과용 컨트롤박스 외,2024-06-09,2027-06-08,중소벤처기업부 벤처기업명단(공공데이터포털),https://www.data.go.kr/data/15084581/fileData.do,2026-04
c5682,venture,확인 유형 혁신성장유형 · 신규 · 확인기관 벤처기업확인기관 · 업종 전동기 및 발전기 제조업 · 주생산품 태양광구조물 제작설치 응용소프트웨어개발 공급업,2025-09-02,2028-09-01,중소벤처기업부 벤처기업명단(공공데이터포털),https://www.data.go.kr/data/15084581/fileData.do,2026-04
c5685,venture,확인 유형 혁신성장유형 · 재확인 · 확인기관 벤처기업확인기관 · 업종 구조용 금속 판제품 및 공작물 제조업 · 주생산품 차양캐노피),2025-05-18,2028-05-17,중소벤처기업부 벤처기업명단(공공데이터포털),https://www.data.go.kr/data/15084581/fileData.do,2026-04
c5710,venture,확인 유형 혁신성장유형 · 재확인 · 확인기관 벤처기업확인기관 · 업종 치과용 기기 제조업 · 주생산품 마이크로 임플란트 ( Micro-Implant ),2024-05-06,2027-05-05,중소벤처기업부 벤처기업명단(공공데이터포털),https://www.data.go.kr/data/15084581/fileData.do,2026-04
c5731,venture,확인 유형 연구개발유형 · 재확인 · 확인기관 벤처기업확인기관 · 업종 광학렌즈 및 광학요소 제조업 · 주생산품 반도체부착용장비,2025-10-21,2028-10-20,중소벤처기업부 벤처기업명단(공공데이터포털),https://www.data.go.kr/data/15084581/fileData.do,2026-04
c5754,venture,확인 유형 연구개발유형 · 재확인 · 확인기관 벤처기업확인기관 · 업종 물질성분 검사 및 분석업 · 주생산품 잔류농약분석및연구,2025-03-25,2028-03-24,중소벤처기업부 벤처기업명단(공공데이터포털),https://www.data.go.kr/data/15084581/fileData.do,2026-04
c5778,venture,확인 유형 혁신성장유형 · 재확인 · 확인기관 벤처기업확인기관 · 업종 금속선 가공제품 제조업 · 주생산품 울타리철망,2026-03-11,2029-03-10,중소벤처기업부 벤처기업명단(공공데이터포털),https://www.data.go.kr/data/15084581/fileData.do,2026-04
c5782,venture,확인 유형 혁신성장유형 · 재확인 · 확인기관 벤처기업확인기관 · 업종 기타 전기 변환장치 제조업 · 주생산품 전력변환장치,2025-06-03,2028-06-02,중소벤처기업부 벤처기업명단(공공데이터포털),https://www.data.go.kr/data/15084581/fileData.do,2026-04
c5787,venture,확인 유형 혁신성장유형 · 재확인 · 확인기관 벤처기업확인기관 · 업종 주형 및 금형 제조업 · 주생산품 프레스금형,2024-11-18,2027-11-17,중소벤처기업부 벤처기업명단(공공데이터포털),https://www.data.go.kr/data/15084581/fileData.do,2026-04
c5795,venture,확인 유형 혁신성장유형 · 재확인 · 확인기관 벤처기업확인기관 · 업종 가정용 및 산업용 공기 조화장치 제조업 · 주생산품 폐열회수형 전열교환기(공기순환기),2025-11-16,2028-11-15,중소벤처기업부 벤처기업명단(공공데이터포털),https://www.data.go.kr/data/15084581/fileData.do,2026-04
c5806,venture,확인 유형 혁신성장유형 · 재확인 · 확인기관 벤처기업확인기관 · 업종 유압기기 제조업 · 주생산품 유공압제품,2025-10-12,2028-10-11,중소벤처기업부 벤처기업명단(공공데이터포털),https://www.data.go.kr/data/15084581/fileData.do,2026-04
c5808,venture,확인 유형 연구개발유형 · 신규 · 확인기관 벤처기업확인기관 · 업종 정형외과용 및 신체보정용 기기 제조업 · 주생산품 정형외과용 의료기기,2024-04-29,2027-04-28,중소벤처기업부 벤처기업명단(공공데이터포털),https://www.data.go.kr/data/15084581/fileData.do,2026-04
c5825,venture,"확인 유형 혁신성장유형 · 재확인 · 확인기관 벤처기업확인기관 · 업종 금속 표시판 제조업 · 주생산품 솔라광섬유도로표지판,간판,광고물,배터리부품,표시장치,솔라가로등,솔라경광등 제조/금속창호공사,철물공사,전기공사",2025-06-03,2028-06-02,중소벤처기업부 벤처기업명단(공공데이터포털),https://www.data.go.kr/data/15084581/fileData.do,2026-04
c5839,venture,확인 유형 혁신성장유형 · 재확인 · 확인기관 벤처기업확인기관 · 업종 반도체 제조용 기계 제조업 · 주생산품 반도체 제조장비 부품제조,2024-06-09,2027-06-08,중소벤처기업부 벤처기업명단(공공데이터포털),https://www.data.go.kr/data/15084581/fileData.do,2026-04
c5848,venture,"확인 유형 혁신성장유형 · 신규 · 확인기관 벤처기업확인기관 · 업종 산업용 그 외 비경화 고무제품 제조업 · 주생산품 자동차부품,전자부품,산업",2026-03-19,2029-03-18,중소벤처기업부 벤처기업명단(공공데이터포털),https://www.data.go.kr/data/15084581/fileData.do,2026-04
c5857,venture,확인 유형 혁신성장유형 · 신규 · 확인기관 벤처기업확인기관 · 업종 기타 물품 취급장비 제조업 · 주생산품 장애인편의시설,2024-12-31,2027-12-30,중소벤처기업부 벤처기업명단(공공데이터포털),https://www.data.go.kr/data/15084581/fileData.do,2026-04
c5861,venture,확인 유형 연구개발유형 · 재확인 · 확인기관 벤처기업확인기관 · 업종 그 외 기타 일반목적용 기계 제조업 · 주생산품 라인자동화장비로봇자동화시스템,2026-03-03,2029-03-02,중소벤처기업부 벤처기업명단(공공데이터포털),https://www.data.go.kr/data/15084581/fileData.do,2026-04
c5877,venture,"확인 유형 혁신성장유형 · 신규 · 확인기관 벤처기업확인기관 · 업종 그 외 기타 정보 서비스업 · 주생산품 응용소프트웨어개발, 빅데이터자료처리업, 반응형홈페이지개발, 온라인마케팅, 데이터복구",2023-12-20,2026-12-19,중소벤처기업부 벤처기업명단(공공데이터포털),https://www.data.go.kr/data/15084581/fileData.do,2026-04
c5888,venture,"확인 유형 혁신성장유형 · 재확인 · 확인기관 벤처기업확인기관 · 업종 육류 포장육 및 냉동육 가공업 (가금류 제외) · 주생산품 축산물가공업,식육포장처리업,육류 도매업,육류 소매업,전자상거래 소매업,축산물 운반업,시각 디자인업",2025-10-05,2028-10-04,중소벤처기업부 벤처기업명단(공공데이터포털),https://www.data.go.kr/data/15084581/fileData.do,2026-04
c5897,venture,확인 유형 혁신성장유형 · 재확인 · 확인기관 벤처기업확인기관 · 업종 산업용 그 외 비경화 고무제품 제조업 · 주생산품 자동차고무제품 제조,2025-09-28,2028-09-27,중소벤처기업부 벤처기업명단(공공데이터포털),https://www.data.go.kr/data/15084581/fileData.do,2026-04
c5905,venture,확인 유형 혁신성장유형 · 재확인 · 확인기관 벤처기업확인기관 · 업종 주형 및 금형 제조업 · 주생산품 스틸 프레스 금형,2025-08-09,2028-08-08,중소벤처기업부 벤처기업명단(공공데이터포털),https://www.data.go.kr/data/15084581/fileData.do,2026-04
c5917,venture,확인 유형 혁신성장유형 · 재확인 · 확인기관 벤처기업확인기관 · 업종 화학섬유직물 직조업 · 주생산품 화섬직물,2025-11-07,2028-11-06,중소벤처기업부 벤처기업명단(공공데이터포털),https://www.data.go.kr/data/15084581/fileData.do,2026-04
c5927,venture,확인 유형 혁신성장유형 · 재확인 · 확인기관 벤처기업확인기관 · 업종 그 외 기타 특수목적용 기계 제조업 · 주생산품 특수목적용기계 산업기계 外,2025-05-20,2028-05-19,중소벤처기업부 벤처기업명단(공공데이터포털),https://www.data.go.kr/data/15084581/fileData.do,2026-04
c5929,venture,확인 유형 혁신성장유형 · 신규 · 확인기관 벤처기업확인기관 · 업종 기타 전기 변환장치 제조업 · 주생산품 수소 생산 패키지,2024-10-23,2027-10-22,중소벤처기업부 벤처기업명단(공공데이터포털),https://www.data.go.kr/data/15084581/fileData.do,2026-04
c5933,venture,확인 유형 혁신성장유형 · 재확인 · 확인기관 벤처기업확인기관 · 업종 그 외 기타 고무제품 제조업 · 주생산품 DAMPER,2025-11-09,2028-11-08,중소벤처기업부 벤처기업명단(공공데이터포털),https://www.data.go.kr/data/15084581/fileData.do,2026-04
c5940,venture,확인 유형 혁신성장유형 · 재확인 · 확인기관 벤처기업확인기관 · 업종 화장품 제조업 · 주생산품 화장품,2025-11-16,2028-11-15,중소벤처기업부 벤처기업명단(공공데이터포털),https://www.data.go.kr/data/15084581/fileData.do,2026-04
c5950,venture,"확인 유형 혁신성장유형 · 신규 · 확인기관 벤처기업확인기관 · 업종 금속 열처리업 · 주생산품 불소수지코팅, 몰리브덴코팅, 나일론코팅등",2025-12-23,2028-12-22,중소벤처기업부 벤처기업명단(공공데이터포털),https://www.data.go.kr/data/15084581/fileData.do,2026-04
c6002,venture,확인 유형 혁신성장유형 · 재확인 · 확인기관 벤처기업확인기관 · 업종 볼트 및 너트류 제조업 · 주생산품 에이밍볼트 외,2025-10-14,2028-10-13,중소벤처기업부 벤처기업명단(공공데이터포털),https://www.data.go.kr/data/15084581/fileData.do,2026-04
c6060,venture,"확인 유형 혁신성장유형 · 재확인 · 확인기관 벤처기업확인기관 · 업종 그 외 자동차용 신품 부품 제조업 · 주생산품 Alternator Bracket, Starter Motor Cover, Torque Converter Retainer 등",2025-01-11,2028-01-10,중소벤처기업부 벤처기업명단(공공데이터포털),https://www.data.go.kr/data/15084581/fileData.do,2026-04
c6084,venture,확인 유형 혁신성장유형 · 재확인 · 확인기관 벤처기업확인기관 · 업종 금속 열처리업 · 주생산품 금형열처리,2025-05-20,2028-05-19,중소벤처기업부 벤처기업명단(공공데이터포털),https://www.data.go.kr/data/15084581/fileData.do,2026-04
c6091,venture,"확인 유형 혁신성장유형 · 재확인 · 확인기관 벤처기업확인기관 · 업종 금속 문, 창, 셔터 및 관련제품 제조업 · 주생산품 방음문방음시창",2025-01-11,2028-01-10,중소벤처기업부 벤처기업명단(공공데이터포털),https://www.data.go.kr/data/15084581/fileData.do,2026-04
c6178,venture,"확인 유형 혁신성장유형 · 재확인 · 확인기관 벤처기업확인기관 · 업종 기타 전기 변환장치 제조업 · 주생산품 슬라이드레일,리니어모터모듈",2024-06-23,2027-06-22,중소벤처기업부 벤처기업명단(공공데이터포털),https://www.data.go.kr/data/15084581/fileData.do,2026-04
c6259,venture,확인 유형 연구개발유형 · 재확인 · 확인기관 벤처기업확인기관 · 업종 그 외 기타 의복액세서리 제조업 · 주생산품 나일론 폴리에스터 교직물,2025-11-13,2028-11-12,중소벤처기업부 벤처기업명단(공공데이터포털),https://www.data.go.kr/data/15084581/fileData.do,2026-04
c6282,venture,"확인 유형 혁신성장유형 · 신규 · 확인기관 벤처기업확인기관 · 업종 곡물 혼합분말 및 반죽 제조업 · 주생산품 곡물 즉석가공식품(누룽지 등),기타 곡물 가공품 제조업,커피 및 차류,누룽지,전자상거래",2024-07-31,2027-07-30,중소벤처기업부 벤처기업명단(공공데이터포털),https://www.data.go.kr/data/15084581/fileData.do,2026-04
c6286,venture,확인 유형 혁신성장유형 · 재확인 · 확인기관 벤처기업확인기관 · 업종 금속 절삭기계 제조업 · 주생산품 자동차 부품 조립 장비 제작,2024-06-02,2027-06-01,중소벤처기업부 벤처기업명단(공공데이터포털),https://www.data.go.kr/data/15084581/fileData.do,2026-04
c6288,venture,확인 유형 혁신성장유형 · 재확인 · 확인기관 벤처기업확인기관 · 업종 그 외 기타 일반목적용 기계 제조업 · 주생산품 모터 자동화 설비,2024-06-29,2027-06-28,중소벤처기업부 벤처기업명단(공공데이터포털),https://www.data.go.kr/data/15084581/fileData.do,2026-04
c6295,venture,확인 유형 벤처투자유형 · 신규 · 확인기관 벤처기업확인기관 · 업종 응용 소프트웨어 개발 및 공급업 · 주생산품 AI 로봇,2025-10-21,2028-10-20,중소벤처기업부 벤처기업명단(공공데이터포털),https://www.data.go.kr/data/15084581/fileData.do,2026-04
c6305,venture,확인 유형 혁신성장유형 · 재확인 · 확인기관 벤처기업확인기관 · 업종 일반철물 제조업 · 주생산품 브라켓아크릴커버,2024-11-09,2027-11-08,중소벤처기업부 벤처기업명단(공공데이터포털),https://www.data.go.kr/data/15084581/fileData.do,2026-04
c6319,venture,확인 유형 혁신성장유형 · 재확인 · 확인기관 벤처기업확인기관 · 업종 그 외 기타 일반목적용 기계 제조업 · 주생산품 자동화 설비 제조,2025-08-13,2028-08-12,중소벤처기업부 벤처기업명단(공공데이터포털),https://www.data.go.kr/data/15084581/fileData.do,2026-04
c6324,venture,"확인 유형 혁신성장유형 · 신규 · 확인기관 벤처기업확인기관 · 업종 주형 및 금형 제조업 · 주생산품 자동차용 고무금형 설계 및 제작, 사출 금형 제작, 기계부품 가공및 제조",2025-11-25,2028-11-24,중소벤처기업부 벤처기업명단(공공데이터포털),https://www.data.go.kr/data/15084581/fileData.do,2026-04
c6365,venture,확인 유형 혁신성장유형 · 신규 · 확인기관 벤처기업확인기관 · 업종 치과용 기기 제조업 · 주생산품 치과 임플란트 지대주,2024-04-16,2027-04-15,중소벤처기업부 벤처기업명단(공공데이터포털),https://www.data.go.kr/data/15084581/fileData.do,2026-04
c6381,venture,확인 유형 혁신성장유형 · 재확인 · 확인기관 벤처기업확인기관 · 업종 그 외 기타 분류 안된 화학제품 제조업 · 주생산품 유해생물피해감소제,2024-10-11,2027-10-10,중소벤처기업부 벤처기업명단(공공데이터포털),https://www.data.go.kr/data/15084581/fileData.do,2026-04
c6390,venture,확인 유형 혁신성장유형 · 재확인 · 확인기관 벤처기업확인기관 · 업종 일반철물 제조업 · 주생산품 기계식도어록 전자식도어록,2026-02-21,2029-02-20,중소벤처기업부 벤처기업명단(공공데이터포털),https://www.data.go.kr/data/15084581/fileData.do,2026-04
c6395,venture,확인 유형 혁신성장유형 · 재확인 · 확인기관 벤처기업확인기관 · 업종 주형 및 금형 제조업 · 주생산품 사출금형,2026-03-11,2029-03-10,중소벤처기업부 벤처기업명단(공공데이터포털),https://www.data.go.kr/data/15084581/fileData.do,2026-04
c6432,venture,확인 유형 혁신성장유형 · 재확인 · 확인기관 벤처기업확인기관 · 업종 주형 및 금형 제조업 · 주생산품 플라스틱사출금형,2024-11-05,2027-11-04,중소벤처기업부 벤처기업명단(공공데이터포털),https://www.data.go.kr/data/15084581/fileData.do,2026-04
c6480,venture,확인 유형 혁신성장유형 · 재확인 · 확인기관 벤처기업확인기관 · 업종 산업용 그 외 비경화 고무제품 제조업 · 주생산품 자동차 및 산업용 고무,2025-05-18,2028-05-17,중소벤처기업부 벤처기업명단(공공데이터포털),https://www.data.go.kr/data/15084581/fileData.do,2026-04
c6482,venture,확인 유형 혁신성장유형 · 재확인 · 확인기관 벤처기업확인기관 · 업종 주방용 전기기기 제조업 · 주생산품 핸드블랜더 라벨용지,2025-05-31,2028-05-30,중소벤처기업부 벤처기업명단(공공데이터포털),https://www.data.go.kr/data/15084581/fileData.do,2026-04
c6496,venture,확인 유형 혁신성장유형 · 재확인 · 확인기관 벤처기업확인기관 · 업종 그 외 자동차용 신품 부품 제조업 · 주생산품 튜브허브브라겟트,2023-07-19,2026-07-18,중소벤처기업부 벤처기업명단(공공데이터포털),https://www.data.go.kr/data/15084581/fileData.do,2026-04
c6519,venture,확인 유형 혁신성장유형 · 재확인 · 확인기관 벤처기업확인기관 · 업종 자동차용 신품 조향장치 및 현가 장치 제조업 · 주생산품 조향장치및 브라켓트,2024-11-24,2027-11-23,중소벤처기업부 벤처기업명단(공공데이터포털),https://www.data.go.kr/data/15084581/fileData.do,2026-04
c6539,venture,"확인 유형 혁신성장유형 · 재확인 · 확인기관 벤처기업확인기관 · 업종 교통 신호장치 제조업 · 주생산품 환경플랜트, 교통안전시설물, 플라스틱 사출",2026-04-06,2029-04-05,중소벤처기업부 벤처기업명단(공공데이터포털),https://www.data.go.kr/data/15084581/fileData.do,2026-04
c6548,venture,"확인 유형 혁신성장유형 · 신규 · 확인기관 벤처기업확인기관 · 업종 산업처리공정 제어장비 제조업 · 주생산품 컨베어시스템, 레일조립기",2023-07-26,2026-07-25,중소벤처기업부 벤처기업명단(공공데이터포털),https://www.data.go.kr/data/15084581/fileData.do,2026-04
c6566,venture,"확인 유형 혁신성장유형 · 신규 · 확인기관 벤처기업확인기관 · 업종 컴퓨터 프로그래밍 서비스업 · 주생산품 컴퓨터 프로그래밍,시스템 장비제조구축 전자부품 , 컴퓨터 및 주변기기,소프트웨어 개발,  자연과학 및 공학융합 연구개발엄",2025-06-04,2028-06-03,중소벤처기업부 벤처기업명단(공공데이터포털),https://www.data.go.kr/data/15084581/fileData.do,2026-04
c6569,venture,확인 유형 혁신성장유형 · 재확인 · 확인기관 벤처기업확인기관 · 업종 시스템 소프트웨어 개발 및 공급업 · 주생산품 MES,2024-04-03,2027-04-02,중소벤처기업부 벤처기업명단(공공데이터포털),https://www.data.go.kr/data/15084581/fileData.do,2026-04
c6573,bi,센터 중진공 대구 창업보육센터(Post-BI) · 운영기관 중소벤처기업진흥공단 · 법인기업 · 업종 정보처리및컴퓨터관련업 · 주생산품 시니어 체력관리 솔루션 · 창업일 2022-09-23,2025-05-01,,중소벤처기업부 창업보육센터 입주기업현황(공공데이터포털),https://www.data.go.kr/data/15122804/fileData.do,
c6574,venture,"확인 유형 혁신성장유형 · 재확인 · 확인기관 벤처기업확인기관 · 업종 그 외 기타 특수목적용 기계 제조업 · 주생산품 초전도 선재 생산용 인라인 시스템, RCE 인라인 시스템, HVPE 장비",2024-06-16,2027-06-15,중소벤처기업부 벤처기업명단(공공데이터포털),https://www.data.go.kr/data/15084581/fileData.do,2026-04
c6577,venture,"확인 유형 혁신성장유형 · 재확인 · 확인기관 벤처기업확인기관 · 업종 그 외 기타 특수목적용 기계 제조업 · 주생산품 소음진동 계측장비,소음진동 전수 검사장비,진동 모니터링 장비",2024-05-16,2027-05-15,중소벤처기업부 벤처기업명단(공공데이터포털),https://www.data.go.kr/data/15084581/fileData.do,2026-04
c6584,venture,"확인 유형 혁신성장유형 · 재확인 · 확인기관 벤처기업확인기관 · 업종 전동기 및 발전기 제조업 · 주생산품 태양광가로등, LED보안등 외",2025-01-20,2028-01-19,중소벤처기업부 벤처기업명단(공공데이터포털),https://www.data.go.kr/data/15084581/fileData.do,2026-04
c6595,venture,확인 유형 연구개발유형 · 재확인 · 확인기관 벤처기업확인기관 · 업종 응용 소프트웨어 개발 및 공급업 · 주생산품 빅데이터 및 딥러닝 활용 분석 서비스 및 시스템 개발,2024-09-15,2027-09-14,중소벤처기업부 벤처기업명단(공공데이터포털),https://www.data.go.kr/data/15084581/fileData.do,2026-04
c6618,bi,센터 중진공 대구 창업보육센터(Post-BI) · 운영기관 중소벤처기업진흥공단 · 법인기업 · 업종 석유화학제품제조업 · 주생산품 고무 및 플라스텍 제품 제조업 · 창업일 2026-06-15,2026-05-01,,중소벤처기업부 창업보육센터 입주기업현황(공공데이터포털),https://www.data.go.kr/data/15122804/fileData.do,
c6625,venture,확인 유형 벤처투자유형 · 재확인 · 확인기관 벤처기업확인기관 · 업종 기타 자연과학 연구개발업 · 주생산품 골프카트,2025-06-15,2028-06-14,중소벤처기업부 벤처기업명단(공공데이터포털),https://www.data.go.kr/data/15084581/fileData.do,2026-04
c6629,venture,확인 유형 연구개발유형 · 재확인 · 확인기관 벤처기업확인기관 · 업종 그 외 기타 의료용 기기 제조업 · 주생산품 가정용 의료기기,2024-10-18,2027-10-17,중소벤처기업부 벤처기업명단(공공데이터포털),https://www.data.go.kr/data/15084581/fileData.do,2026-04
c6632,venture,"확인 유형 혁신성장유형 · 재확인 · 확인기관 벤처기업확인기관 · 업종 그 외 기타 특수목적용 기계 제조업 · 주생산품 진공장비,압력용기 제조",2025-06-09,2028-06-08,중소벤처기업부 벤처기업명단(공공데이터포털),https://www.data.go.kr/data/15084581/fileData.do,2026-04
c6643,venture,"확인 유형 혁신성장유형 · 재확인 · 확인기관 벤처기업확인기관 · 업종 전자기 측정, 시험 및 분석기구 제조업 · 주생산품 전자기 측정, 시험 및 분석 기구 제조업,기기용 자동 측정 및 제어장치 제조업,기타 측정, 시험, 항해, 제어 및 정밀 기기 제조업,항공기,우주선 및 보조장치 제",2024-03-29,2027-03-28,중소벤처기업부 벤처기업명단(공공데이터포털),https://www.data.go.kr/data/15084581/fileData.do,2026-04
c6644,venture,"확인 유형 혁신성장유형 · 재확인 · 확인기관 벤처기업확인기관 · 업종 화장품 제조업 · 주생산품 스켄케어제품,고영양크림,민감성케어제품 등",2025-09-11,2028-09-10,중소벤처기업부 벤처기업명단(공공데이터포털),https://www.data.go.kr/data/15084581/fileData.do,2026-04
c6645,venture,확인 유형 혁신성장유형 · 신규 · 확인기관 벤처기업확인기관 · 업종 건강기능식품 제조업 · 주생산품 쁘띠앤 외,2024-01-24,2027-01-23,중소벤처기업부 벤처기업명단(공공데이터포털),https://www.data.go.kr/data/15084581/fileData.do,2026-04
c6650,venture,확인 유형 혁신성장유형 · 재확인 · 확인기관 벤처기업확인기관 · 업종 구조용 금속 판제품 및 공작물 제조업 · 주생산품 클린하우스,2025-12-04,2028-12-03,중소벤처기업부 벤처기업명단(공공데이터포털),https://www.data.go.kr/data/15084581/fileData.do,2026-04
c6653,venture,확인 유형 혁신성장유형 · 재확인 · 확인기관 벤처기업확인기관 · 업종 도장 및 기타 피막처리업 · 주생산품 금속표면피막처리 및 글라스 렌즈 제조(LED 램프용 히드싱크 및 디스플레이용 글라스),2025-02-24,2028-02-23,중소벤처기업부 벤처기업명단(공공데이터포털),https://www.data.go.kr/data/15084581/fileData.do,2026-04
c6657,venture,확인 유형 혁신성장유형 · 재확인 · 확인기관 벤처기업확인기관 · 업종 그 외 기타 플라스틱 제품 제조업 · 주생산품 정수 필터샤워기(샤워용 및 주방용),2025-03-18,2028-03-17,중소벤처기업부 벤처기업명단(공공데이터포털),https://www.data.go.kr/data/15084581/fileData.do,2026-04
c6666,venture,확인 유형 연구개발유형 · 재확인 · 확인기관 벤처기업확인기관 · 업종 전기경보 및 신호장치 제조업 · 주생산품 비상경보장치,2025-07-29,2028-07-28,중소벤처기업부 벤처기업명단(공공데이터포털),https://www.data.go.kr/data/15084581/fileData.do,2026-04
c6669,venture,확인 유형 연구개발유형 · 재확인 · 확인기관 벤처기업확인기관 · 업종 그 외 기타 전자부품 제조업 · 주생산품 디스플레이 유닛,2026-03-15,2029-03-14,중소벤처기업부 벤처기업명단(공공데이터포털),https://www.data.go.kr/data/15084581/fileData.do,2026-04
c6679,venture,확인 유형 혁신성장유형 · 재확인 · 확인기관 벤처기업확인기관 · 업종 속도계 및 적산계기 제조업 · 주생산품 가스계량기,2025-03-14,2028-03-13,중소벤처기업부 벤처기업명단(공공데이터포털),https://www.data.go.kr/data/15084581/fileData.do,2026-04
c6688,venture,"확인 유형 혁신성장유형 · 신규 · 확인기관 벤처기업확인기관 · 업종 경영 컨설팅업 · 주생산품 경영 컨설팅업,산업용 농ㆍ축산물, 섬유 원료 및 동물 중개업,음ㆍ식료품 및 담배 중개업,상품 종합 도매업,기타 식료품 소매업,광고 대행업,인테리어 디자인업",2025-11-05,2028-11-04,중소벤처기업부 벤처기업명단(공공데이터포털),https://www.data.go.kr/data/15084581/fileData.do,2026-04
c6689,venture,확인 유형 연구개발유형 · 재확인 · 확인기관 벤처기업확인기관 · 업종 기타 음향기기 제조업 · 주생산품 디지털앰프,2024-06-05,2027-06-04,중소벤처기업부 벤처기업명단(공공데이터포털),https://www.data.go.kr/data/15084581/fileData.do,2026-04
c6695,bi,센터 중진공 대구 창업보육센터(Post-BI) · 운영기관 중소벤처기업진흥공단 · 법인기업 · 업종 전자부품등제조업 · 주생산품 반도체부품 · 창업일 2023-02-24,2023-02-01,,중소벤처기업부 창업보육센터 입주기업현황(공공데이터포털),https://www.data.go.kr/data/15122804/fileData.do,
c6699,venture,"확인 유형 혁신성장유형 · 재확인 · 확인기관 벤처기업확인기관 · 업종 그 외 기타 상품 전문 도매업 · 주생산품 애완용품,동물용의료기기,프랜차이즈 도소매/플라스틱용품,생활용품,시계,시계부품,목재가구,주방용품,일반잡화 제조",2024-09-26,2027-09-25,중소벤처기업부 벤처기업명단(공공데이터포털),https://www.data.go.kr/data/15084581/fileData.do,2026-04
c6700,bi,센터 중진공 대구 창업보육센터(Post-BI) · 운영기관 중소벤처기업진흥공단 · 법인기업 · 업종 1차산업 · 주생산품 투척식제설제 · 창업일 2021-06-09,2023-12-20,,중소벤처기업부 창업보육센터 입주기업현황(공공데이터포털),https://www.data.go.kr/data/15122804/fileData.do,
c6700,venture,확인 유형 혁신성장유형 · 재확인 · 확인기관 벤처기업확인기관 · 업종 그 외 기타 분류 안된 화학제품 제조업 · 주생산품 도로안전시설물,2025-11-24,2028-11-23,중소벤처기업부 벤처기업명단(공공데이터포털),https://www.data.go.kr/data/15084581/fileData.do,2026-04
c6701,venture,확인 유형 혁신성장유형 · 재확인 · 확인기관 벤처기업확인기관 · 업종 그 외 기타 정보 서비스업 · 주생산품 롤러블스크린 및 영상이나오는 도료,2024-05-06,2027-05-05,중소벤처기업부 벤처기업명단(공공데이터포털),https://www.data.go.kr/data/15084581/fileData.do,2026-04
c6727,venture,"확인 유형 혁신성장유형 · 재확인 · 확인기관 벤처기업확인기관 · 업종 그 외 자동차용 신품 부품 제조업 · 주생산품 오토레버시프트, 메뉴얼레버시프트 외",2023-12-06,2026-12-05,중소벤처기업부 벤처기업명단(공공데이터포털),https://www.data.go.kr/data/15084581/fileData.do,2026-04
c6728,venture,"확인 유형 혁신성장유형 · 신규 · 확인기관 벤처기업확인기관 · 업종 그 외 자동차용 신품 부품 제조업 · 주생산품 오토레버시프트,메뉴얼레버시프트외",2024-03-06,2027-03-05,중소벤처기업부 벤처기업명단(공공데이터포털),https://www.data.go.kr/data/15084581/fileData.do,2026-04
c6746,venture,확인 유형 혁신성장유형 · 재확인 · 확인기관 벤처기업확인기관 · 업종 기타 과실ㆍ채소 가공 및 저장 처리업 · 주생산품 기타과실가공,2025-08-31,2028-08-30,중소벤처기업부 벤처기업명단(공공데이터포털),https://www.data.go.kr/data/15084581/fileData.do,2026-04
c6774,venture,"확인 유형 혁신성장유형 · 재확인 · 확인기관 벤처기업확인기관 · 업종 냉간 압연 및 압출 제품 제조업 · 주생산품 냉간압연재, 특수강 등",2024-05-30,2027-05-29,중소벤처기업부 벤처기업명단(공공데이터포털),https://www.data.go.kr/data/15084581/fileData.do,2026-04
c6791,bi,센터 중진공 대구 창업보육센터(Post-BI) · 운영기관 중소벤처기업진흥공단 · 개인기업 · 업종 전기관련제조업 · 주생산품 led경관조명 · 창업일 2023-11-15,2023-11-15,,중소벤처기업부 창업보육센터 입주기업현황(공공데이터포털),https://www.data.go.kr/data/15122804/fileData.do,
c6852,venture,확인 유형 혁신성장유형 · 재확인 · 확인기관 벤처기업확인기관 · 업종 그 외 기타 특수목적용 기계 제조업 · 주생산품 로봇기반 자동화 시스템,2024-06-16,2027-06-15,중소벤처기업부 벤처기업명단(공공데이터포털),https://www.data.go.kr/data/15084581/fileData.do,2026-04
c6869,bi,센터 중진공 대구 창업보육센터(Post-BI) · 운영기관 중소벤처기업진흥공단 · 개인기업 · 업종 기계/장비제조업 · 주생산품 선박장비 · 창업일 2018-04-05,2023-10-01,,중소벤처기업부 창업보육센터 입주기업현황(공공데이터포털),https://www.data.go.kr/data/15122804/fileData.do,
c6869,venture,확인 유형 혁신성장유형 · 재확인 · 확인기관 벤처기업확인기관 · 업종 그 외 기타 전자부품 제조업 · 주생산품 헬스기구전자부품,2023-06-21,2026-06-20,중소벤처기업부 벤처기업명단(공공데이터포털),https://www.data.go.kr/data/15084581/fileData.do,2026-04
c6873,venture,확인 유형 혁신성장유형 · 재확인 · 확인기관 벤처기업확인기관 · 업종 산업처리공정 제어장비 제조업 · 주생산품 공장자동화제어시스템외,2024-04-26,2027-04-25,중소벤처기업부 벤처기업명단(공공데이터포털),https://www.data.go.kr/data/15084581/fileData.do,2026-04
c6880,venture,"확인 유형 혁신성장유형 · 재확인 · 확인기관 벤처기업확인기관 · 업종 자동차용 신품 조향장치 및 현가 장치 제조업 · 주생산품 BALL JOINT, STABILIZER LINK, TIE ROD END",2024-06-04,2027-06-03,중소벤처기업부 벤처기업명단(공공데이터포털),https://www.data.go.kr/data/15084581/fileData.do,2026-04
c6896,venture,확인 유형 연구개발유형 · 재확인 · 확인기관 벤처기업확인기관 · 업종 화학섬유직물 직조업 · 주생산품 직물,2025-08-31,2028-08-30,중소벤처기업부 벤처기업명단(공공데이터포털),https://www.data.go.kr/data/15084581/fileData.do,2026-04
c6916,venture,확인 유형 혁신성장유형 · 신규 · 확인기관 벤처기업확인기관 · 업종 그 외 기타 일반목적용 기계 제조업 · 주생산품 자동화 기계,2025-10-15,2028-10-14,중소벤처기업부 벤처기업명단(공공데이터포털),https://www.data.go.kr/data/15084581/fileData.do,2026-04
c6920,bi,"센터 중진공 대구 창업보육센터(Post-BI) · 운영기관 중소벤처기업진흥공단 · 개인기업 · 업종 기계/장비제조업 · 주생산품 수소드론, 로봇 · 창업일 2023-03-09",2026-02-01,,중소벤처기업부 창업보육센터 입주기업현황(공공데이터포털),https://www.data.go.kr/data/15122804/fileData.do,
c6939,venture,확인 유형 혁신성장유형 · 신규 · 확인기관 벤처기업확인기관 · 업종 응용 소프트웨어 개발 및 공급업 · 주생산품 학습프로그램,2025-12-16,2028-12-15,중소벤처기업부 벤처기업명단(공공데이터포털),https://www.data.go.kr/data/15084581/fileData.do,2026-04
c6941,venture,확인 유형 혁신성장유형 · 신규 · 확인기관 벤처기업확인기관 · 업종 절삭가공 및 유사처리업 · 주생산품 농기계 미션케이스/산업기계 파이프머신 부속품,2024-01-17,2027-01-16,중소벤처기업부 벤처기업명단(공공데이터포털),https://www.data.go.kr/data/15084581/fileData.do,2026-04
c6956,venture,확인 유형 혁신성장유형 · 재확인 · 확인기관 벤처기업확인기관 · 업종 자동차 엔진용 신품 부품 제조업 · 주생산품 DCT클러치 포크,2025-07-16,2028-07-15,중소벤처기업부 벤처기업명단(공공데이터포털),https://www.data.go.kr/data/15084581/fileData.do,2026-04
c6962,bi,"센터 중진공 대구 창업보육센터(Post-BI) · 운영기관 중소벤처기업진흥공단 · 개인기업 · 업종 기계/장비제조업 · 주생산품 반도체 피팅 부품가공,조선엔진부품 등 · 창업일 2020-08-27",2022-10-01,,중소벤처기업부 창업보육센터 입주기업현황(공공데이터포털),https://www.data.go.kr/data/15122804/fileData.do,
c6962,venture,확인 유형 연구개발유형 · 재확인 · 확인기관 벤처기업확인기관 · 업종 유압기기 제조업 · 주생산품 유압블럭치공구초음파 계측기부품,2023-05-31,2026-05-30,중소벤처기업부 벤처기업명단(공공데이터포털),https://www.data.go.kr/data/15084581/fileData.do,2026-04
c6981,venture,확인 유형 혁신성장유형 · 재확인 · 확인기관 벤처기업확인기관 · 업종 화장품 제조업 · 주생산품 기초화장품,2025-12-16,2028-12-15,중소벤처기업부 벤처기업명단(공공데이터포털),https://www.data.go.kr/data/15084581/fileData.do,2026-04
c6982,venture,확인 유형 혁신성장유형 · 재확인 · 확인기관 벤처기업확인기관 · 업종 금속 열처리업 · 주생산품 자동차부품 금속열처리,2025-06-08,2028-06-07,중소벤처기업부 벤처기업명단(공공데이터포털),https://www.data.go.kr/data/15084581/fileData.do,2026-04
c6992,venture,"확인 유형 혁신성장유형 · 재확인 · 확인기관 벤처기업확인기관 · 업종 산업처리공정 제어장비 제조업 · 주생산품 수질계측기,계장제어장치,자동제어반",2024-10-23,2027-10-22,중소벤처기업부 벤처기업명단(공공데이터포털),https://www.data.go.kr/data/15084581/fileData.do,2026-04
c6995,venture,"확인 유형 벤처투자유형 · 신규 · 확인기관 벤처기업확인기관 · 업종 부직포 및 펠트 제조업 · 주생산품 흡수재, 의약외품원자재, 생활용품 , 건강기능식품 등",2024-12-03,2027-12-02,중소벤처기업부 벤처기업명단(공공데이터포털),https://www.data.go.kr/data/15084581/fileData.do,2026-04
c7000,venture,확인 유형 벤처투자유형 · 재확인 · 확인기관 벤처기업확인기관 · 업종 위생용 종이제품 제조업 · 주생산품 반려동물용배변패드,2025-03-20,2028-03-19,중소벤처기업부 벤처기업명단(공공데이터포털),https://www.data.go.kr/data/15084581/fileData.do,2026-04
c7014,venture,확인 유형 연구개발유형 · 재확인 · 확인기관 벤처기업확인기관 · 업종 그 외 기타 플라스틱 제품 제조업 · 주생산품 플라스틱 안경테,2025-04-13,2028-04-12,중소벤처기업부 벤처기업명단(공공데이터포털),https://www.data.go.kr/data/15084581/fileData.do,2026-04
c7030,venture,확인 유형 혁신성장유형 · 재확인 · 확인기관 벤처기업확인기관 · 업종 기어 및 동력전달장치 제조업 · 주생산품 기계부품,2024-11-10,2027-11-09,중소벤처기업부 벤처기업명단(공공데이터포털),https://www.data.go.kr/data/15084581/fileData.do,2026-04
c7103,venture,확인 유형 혁신성장유형 · 재확인 · 확인기관 벤처기업확인기관 · 업종 그 외 기타 의료용 기기 제조업 · 주생산품 치과용 임플란트,2024-11-16,2027-11-15,중소벤처기업부 벤처기업명단(공공데이터포털),https://www.data.go.kr/data/15084581/fileData.do,2026-04
c7109,venture,"확인 유형 벤처투자유형 · 신규 · 확인기관 벤처기업확인기관 · 업종 오프셋 인쇄업 · 주생산품 인쇄,지함박스,코팅,디자인",2025-12-03,2028-12-02,중소벤처기업부 벤처기업명단(공공데이터포털),https://www.data.go.kr/data/15084581/fileData.do,2026-04
c7128,venture,확인 유형 혁신성장유형 · 재확인 · 확인기관 벤처기업확인기관 · 업종 금속 절삭기계 제조업 · 주생산품 산업기계제작,2024-11-26,2027-11-25,중소벤처기업부 벤처기업명단(공공데이터포털),https://www.data.go.kr/data/15084581/fileData.do,2026-04
c7133,venture,"확인 유형 연구개발유형 · 재확인 · 확인기관 벤처기업확인기관 · 업종 그 외 자동차용 신품 부품 제조업 · 주생산품 스냅링, 와샤, 팬디스크",2024-10-01,2027-09-30,중소벤처기업부 벤처기업명단(공공데이터포털),https://www.data.go.kr/data/15084581/fileData.do,2026-04
c7137,venture,"확인 유형 혁신성장유형 · 재확인 · 확인기관 벤처기업확인기관 · 업종 일반용 전기 조명장치 제조업 · 주생산품 조명기구,조명제어시스템,일반 전기 공사업,전기,전자부품,비주거용 건물 임대업(점포, 자기땅),산업디자인 용역",2024-09-24,2027-09-23,중소벤처기업부 벤처기업명단(공공데이터포털),https://www.data.go.kr/data/15084581/fileData.do,2026-04
c7147,venture,"확인 유형 혁신성장유형 · 신규 · 확인기관 벤처기업확인기관 · 업종 산업용 로봇 제조업 · 주생산품 감속기, 오일스키머, 컨베이어",2023-11-29,2026-11-28,중소벤처기업부 벤처기업명단(공공데이터포털),https://www.data.go.kr/data/15084581/fileData.do,2026-04
c7165,venture,확인 유형 혁신성장유형 · 재확인 · 확인기관 벤처기업확인기관 · 업종 화학섬유직물 직조업 · 주생산품 직물,2025-04-12,2028-04-11,중소벤처기업부 벤처기업명단(공공데이터포털),https://www.data.go.kr/data/15084581/fileData.do,2026-04
c7252,venture,"확인 유형 혁신성장유형 · 재확인 · 확인기관 벤처기업확인기관 · 업종 직물, 편조원단 및 의복류 염색 가공업 · 주생산품 메모리선염지교직물침구류후가공",2024-10-13,2027-10-12,중소벤처기업부 벤처기업명단(공공데이터포털),https://www.data.go.kr/data/15084581/fileData.do,2026-04
c7306,venture,확인 유형 혁신성장유형 · 재확인 · 확인기관 벤처기업확인기관 · 업종 위생용 및 산업용 도자기 제조업 · 주생산품 세라믹 부품 세라믹 정밀가공품,2025-07-14,2028-07-13,중소벤처기업부 벤처기업명단(공공데이터포털),https://www.data.go.kr/data/15084581/fileData.do,2026-04
c7321,venture,"확인 유형 연구개발유형 · 재확인 · 확인기관 벤처기업확인기관 · 업종 연마재 제조업 · 주생산품 랩핑및폴리싱 장비,  원형팁쇼",2025-06-08,2028-06-07,중소벤처기업부 벤처기업명단(공공데이터포털),https://www.data.go.kr/data/15084581/fileData.do,2026-04
c7353,venture,확인 유형 혁신성장유형 · 재확인 · 확인기관 벤처기업확인기관 · 업종 그 외 기타 특수목적용 기계 제조업 · 주생산품 자동화기계,2024-06-25,2027-06-24,중소벤처기업부 벤처기업명단(공공데이터포털),https://www.data.go.kr/data/15084581/fileData.do,2026-04
c7374,venture,"확인 유형 벤처투자유형 · 신규 · 확인기관 벤처기업확인기관 · 업종 산업용 로봇 제조업 · 주생산품 자동화설비,포장기계,산업용 로봇제조업, 소프트웨어개발및공급",2025-11-12,2028-11-11,중소벤처기업부 벤처기업명단(공공데이터포털),https://www.data.go.kr/data/15084581/fileData.do,2026-04
c7380,venture,확인 유형 혁신성장유형 · 신규 · 확인기관 벤처기업확인기관 · 업종 고무패킹류 제조업 · 주생산품 자동차/농기계 고무부품,2023-11-01,2026-10-31,중소벤처기업부 벤처기업명단(공공데이터포털),https://www.data.go.kr/data/15084581/fileData.do,2026-04
c7393,venture,확인 유형 혁신성장유형 · 재확인 · 확인기관 벤처기업확인기관 · 업종 그 외 기타 특수목적용 기계 제조업 · 주생산품 자동화기계,2024-05-06,2027-05-05,중소벤처기업부 벤처기업명단(공공데이터포털),https://www.data.go.kr/data/15084581/fileData.do,2026-04
c7401,venture,확인 유형 혁신성장유형 · 재확인 · 확인기관 벤처기업확인기관 · 업종 오프셋 인쇄업 · 주생산품 인쇄물,2025-08-21,2028-08-20,중소벤처기업부 벤처기업명단(공공데이터포털),https://www.data.go.kr/data/15084581/fileData.do,2026-04
c7406,venture,확인 유형 혁신성장유형 · 재확인 · 확인기관 벤처기업확인기관 · 업종 기타 운동 및 경기용구 제조업 · 주생산품 파크골프채,2025-04-20,2028-04-19,중소벤처기업부 벤처기업명단(공공데이터포털),https://www.data.go.kr/data/15084581/fileData.do,2026-04
c7428,venture,확인 유형 벤처투자유형 · 재확인 · 확인기관 벤처기업확인기관 · 업종 이동전화기 제조업 · 주생산품 휴대폰부품 및 자동차부품,2024-06-03,2027-06-02,중소벤처기업부 벤처기업명단(공공데이터포털),https://www.data.go.kr/data/15084581/fileData.do,2026-04
c7437,venture,확인 유형 혁신성장유형 · 재확인 · 확인기관 벤처기업확인기관 · 업종 특수 직물 및 기타 직물 직조업 · 주생산품 임사 및 화섬직첨단소재 사가공) 등,2024-11-22,2027-11-21,중소벤처기업부 벤처기업명단(공공데이터포털),https://www.data.go.kr/data/15084581/fileData.do,2026-04
c7443,venture,확인 유형 혁신성장유형 · 재확인 · 확인기관 벤처기업확인기관 · 업종 설치용 및 위생용 플라스틱제품 제조업 · 주생산품 밀폐잠금장치,2025-09-10,2028-09-09,중소벤처기업부 벤처기업명단(공공데이터포털),https://www.data.go.kr/data/15084581/fileData.do,2026-04
c7444,venture,확인 유형 혁신성장유형 · 재확인 · 확인기관 벤처기업확인기관 · 업종 주형 및 금형 제조업 · 주생산품 프레스금형,2026-02-01,2029-01-31,중소벤처기업부 벤처기업명단(공공데이터포털),https://www.data.go.kr/data/15084581/fileData.do,2026-04
c7466,venture,확인 유형 혁신성장유형 · 신규 · 확인기관 벤처기업확인기관 · 업종 그 외 기타 특수목적용 기계 제조업 · 주생산품 이차전지용 분쇄 설비,2024-05-22,2027-05-21,중소벤처기업부 벤처기업명단(공공데이터포털),https://www.data.go.kr/data/15084581/fileData.do,2026-04
c7468,venture,확인 유형 혁신성장유형 · 재확인 · 확인기관 벤처기업확인기관 · 업종 자동차 재제조 부품 제조업 · 주생산품 자동차부품,2025-05-22,2028-05-21,중소벤처기업부 벤처기업명단(공공데이터포털),https://www.data.go.kr/data/15084581/fileData.do,2026-04
c7498,venture,확인 유형 혁신성장유형 · 재확인 · 확인기관 벤처기업확인기관 · 업종 섬유제품 기타 정리 및 마무리 가공업 · 주생산품 섬유제품,2023-06-14,2026-06-13,중소벤처기업부 벤처기업명단(공공데이터포털),https://www.data.go.kr/data/15084581/fileData.do,2026-04
c7500,venture,"확인 유형 혁신성장유형 · 재확인 · 확인기관 벤처기업확인기관 · 업종 철도차량 부품 및 관련 장치물 제조업 · 주생산품 지게차 밋션, 건설 장비 유압품외",2025-04-24,2028-04-23,중소벤처기업부 벤처기업명단(공공데이터포털),https://www.data.go.kr/data/15084581/fileData.do,2026-04
c7511,venture,확인 유형 혁신성장유형 · 신규 · 확인기관 벤처기업확인기관 · 업종 폴리스티렌 발포 성형제품 제조업 · 주생산품 스치로폴 단열재,2025-01-21,2028-01-20,중소벤처기업부 벤처기업명단(공공데이터포털),https://www.data.go.kr/data/15084581/fileData.do,2026-04
c7512,venture,확인 유형 연구개발유형 · 재확인 · 확인기관 벤처기업확인기관 · 업종 유기질 비료 및 상토 제조업 · 주생산품 친환경유기질비료 외,2025-01-28,2028-01-27,중소벤처기업부 벤처기업명단(공공데이터포털),https://www.data.go.kr/data/15084581/fileData.do,2026-04
c7526,venture,"확인 유형 혁신성장유형 · 신규 · 확인기관 벤처기업확인기관 · 업종 그 외 기타 일반목적용 기계 제조업 · 주생산품 산업기계 설계업, 플랜트 기자재 가공 및 제조업, 기계부품 가공업",2026-03-24,2029-03-23,중소벤처기업부 벤처기업명단(공공데이터포털),https://www.data.go.kr/data/15084581/fileData.do,2026-04
c7529,venture,확인 유형 혁신성장유형 · 재확인 · 확인기관 벤처기업확인기관 · 업종 그 외 자동차용 신품 부품 제조업 · 주생산품 마그네슘 및 알루미늄 아노다이징,2025-02-23,2028-02-22,중소벤처기업부 벤처기업명단(공공데이터포털),https://www.data.go.kr/data/15084581/fileData.do,2026-04
c7543,venture,"확인 유형 혁신성장유형 · 재확인 · 확인기관 벤처기업확인기관 · 업종 산업용 로봇 제조업 · 주생산품 산업용로봇, 산업기계설비",2026-04-01,2029-03-31,중소벤처기업부 벤처기업명단(공공데이터포털),https://www.data.go.kr/data/15084581/fileData.do,2026-04
c7548,venture,확인 유형 혁신성장유형 · 재확인 · 확인기관 벤처기업확인기관 · 업종 그 외 기타 특수목적용 기계 제조업 · 주생산품 SMT주변기기,2025-06-20,2028-06-19,중소벤처기업부 벤처기업명단(공공데이터포털),https://www.data.go.kr/data/15084581/fileData.do,2026-04
c7553,venture,확인 유형 혁신성장유형 · 신규 · 확인기관 벤처기업확인기관 · 업종 전자부품 실장기판 제조업 · 주생산품 전자부품 실장기판 외,2025-07-09,2028-07-08,중소벤처기업부 벤처기업명단(공공데이터포털),https://www.data.go.kr/data/15084581/fileData.do,2026-04
c7566,venture,확인 유형 혁신성장유형 · 재확인 · 확인기관 벤처기업확인기관 · 업종 그 외 기타 분류 안된 금속 가공 제품 제조업 · 주생산품 자동차부품전용파렛트이동대차무동력턴테이블자동승강대차 등,2025-11-20,2028-11-19,중소벤처기업부 벤처기업명단(공공데이터포털),https://www.data.go.kr/data/15084581/fileData.do,2026-04
c7594,venture,확인 유형 혁신성장유형 · 신규 · 확인기관 벤처기업확인기관 · 업종 도장 및 기타 피막처리업 · 주생산품 전착도장,2024-05-29,2027-05-28,중소벤처기업부 벤처기업명단(공공데이터포털),https://www.data.go.kr/data/15084581/fileData.do,2026-04
c7624,venture,"확인 유형 혁신성장유형 · 재확인 · 확인기관 벤처기업확인기관 · 업종 떡류 제조업 · 주생산품 떡볶이, 떡, 부침개, 호떡 등의 떡류가공품",2024-06-25,2027-06-24,중소벤처기업부 벤처기업명단(공공데이터포털),https://www.data.go.kr/data/15084581/fileData.do,2026-04
c7659,venture,확인 유형 혁신성장유형 · 재확인 · 확인기관 벤처기업확인기관 · 업종 산업처리공정 제어장비 제조업 · 주생산품 자동화기계및가공,2025-12-29,2028-12-28,중소벤처기업부 벤처기업명단(공공데이터포털),https://www.data.go.kr/data/15084581/fileData.do,2026-04
c7670,venture,확인 유형 혁신성장유형 · 재확인 · 확인기관 벤처기업확인기관 · 업종 자동차용 신품 동력전달장치 제조업 · 주생산품 자동차부품 가공,2025-02-28,2028-02-27,중소벤처기업부 벤처기업명단(공공데이터포털),https://www.data.go.kr/data/15084581/fileData.do,2026-04
c7671,venture,확인 유형 혁신성장유형 · 재확인 · 확인기관 벤처기업확인기관 · 업종 금속 열처리업 · 주생산품 열처리,2025-11-25,2028-11-24,중소벤처기업부 벤처기업명단(공공데이터포털),https://www.data.go.kr/data/15084581/fileData.do,2026-04
c7683,venture,확인 유형 혁신성장유형 · 재확인 · 확인기관 벤처기업확인기관 · 업종 자동차용 신품 전기장치 제조업 · 주생산품 와이어링하네스,2024-08-21,2027-08-20,중소벤처기업부 벤처기업명단(공공데이터포털),https://www.data.go.kr/data/15084581/fileData.do,2026-04
c7719,venture,확인 유형 연구개발유형 · 재확인 · 확인기관 벤처기업확인기관 · 업종 주형 및 금형 제조업 · 주생산품 자동차용 램프 및 전자 부품,2025-07-19,2028-07-18,중소벤처기업부 벤처기업명단(공공데이터포털),https://www.data.go.kr/data/15084581/fileData.do,2026-04
c7732,venture,확인 유형 혁신성장유형 · 재확인 · 확인기관 벤처기업확인기관 · 업종 장식용 목제품 제조업 · 주생산품 액자앨범,2025-08-08,2028-08-07,중소벤처기업부 벤처기업명단(공공데이터포털),https://www.data.go.kr/data/15084581/fileData.do,2026-04
c7795,venture,"확인 유형 혁신성장유형 · 신규 · 확인기관 벤처기업확인기관 · 업종 그 외 기타 특수목적용 기계 제조업 · 주생산품 소방안전제품, 농기계, 산업용 기계 및 부품 제조",2023-05-17,2026-05-16,중소벤처기업부 벤처기업명단(공공데이터포털),https://www.data.go.kr/data/15084581/fileData.do,2026-04
c7807,venture,확인 유형 혁신성장유형 · 재확인 · 확인기관 벤처기업확인기관 · 업종 기어 및 동력전달장치 제조업 · 주생산품 기게부품외,2025-01-27,2028-01-26,중소벤처기업부 벤처기업명단(공공데이터포털),https://www.data.go.kr/data/15084581/fileData.do,2026-04
c7855,venture,확인 유형 혁신성장유형 · 재확인 · 확인기관 벤처기업확인기관 · 업종 오프셋 인쇄업 · 주생산품 상업인쇄물,2024-05-29,2027-05-28,중소벤처기업부 벤처기업명단(공공데이터포털),https://www.data.go.kr/data/15084581/fileData.do,2026-04
c7856,venture,확인 유형 혁신성장유형 · 신규 · 확인기관 벤처기업확인기관 · 업종 놀이터용 장비 제조업 · 주생산품 조경시설물(인공폭포 외),2024-06-12,2027-06-11,중소벤처기업부 벤처기업명단(공공데이터포털),https://www.data.go.kr/data/15084581/fileData.do,2026-04
c7860,venture,"확인 유형 혁신성장유형 · 재확인 · 확인기관 벤처기업확인기관 · 업종 패션, 섬유류 및 기타 전문 디자인업 · 주생산품 산업디자인, 섬유제조",2024-06-09,2027-06-08,중소벤처기업부 벤처기업명단(공공데이터포털),https://www.data.go.kr/data/15084581/fileData.do,2026-04
c7861,venture,"확인 유형 혁신성장유형 · 신규 · 확인기관 벤처기업확인기관 · 업종 산업용 로봇 제조업 · 주생산품 서비스로봇, 로봇SI, 특수목적형기계시스템",2024-07-30,2027-07-29,중소벤처기업부 벤처기업명단(공공데이터포털),https://www.data.go.kr/data/15084581/fileData.do,2026-04
c7863,venture,확인 유형 혁신성장유형 · 재확인 · 확인기관 벤처기업확인기관 · 업종 건설 및 채광용 기계장비 제조업 · 주생산품 유압브레이커,2023-05-11,2026-05-10,중소벤처기업부 벤처기업명단(공공데이터포털),https://www.data.go.kr/data/15084581/fileData.do,2026-04
c7898,venture,"확인 유형 연구개발유형 · 재확인 · 확인기관 벤처기업확인기관 · 업종 금속 열처리업 · 주생산품 TD코팅, 크로마이징, 플라즈마질화, P.V.D코팅, 진공열처리, 고온질화 외",2025-04-22,2028-04-21,중소벤처기업부 벤처기업명단(공공데이터포털),https://www.data.go.kr/data/15084581/fileData.do,2026-04
c7943,venture,확인 유형 혁신성장유형 · 재확인 · 확인기관 벤처기업확인기관 · 업종 연성 및 기타 인쇄회로기판 제조업 · 주생산품 연성회로기판,2025-04-17,2028-04-16,중소벤처기업부 벤처기업명단(공공데이터포털),https://www.data.go.kr/data/15084581/fileData.do,2026-04
c7962,venture,확인 유형 혁신성장유형 · 신규 · 확인기관 벤처기업확인기관 · 업종 액체 여과기 제조업 · 주생산품 수처리기기,2024-12-31,2027-12-30,중소벤처기업부 벤처기업명단(공공데이터포털),https://www.data.go.kr/data/15084581/fileData.do,2026-04
c7987,venture,확인 유형 벤처투자유형 · 신규 · 확인기관 벤처기업확인기관 · 업종 기타 가공식품 도매업 · 주생산품 소스류,2024-09-30,2027-09-29,중소벤처기업부 벤처기업명단(공공데이터포털),https://www.data.go.kr/data/15084581/fileData.do,2026-04
c7988,venture,"확인 유형 연구개발유형 · 재확인 · 확인기관 벤처기업확인기관 · 업종 치과용 기기 제조업 · 주생산품 임플란트, 의료용LED, 3D프린터",2024-12-30,2027-12-29,중소벤처기업부 벤처기업명단(공공데이터포털),https://www.data.go.kr/data/15084581/fileData.do,2026-04
c8050,venture,확인 유형 혁신성장유형 · 재확인 · 확인기관 벤처기업확인기관 · 업종 그 외 기타 분류 안된 섬유제품 제조업 · 주생산품 산업용섬유제직가공플라스틱 가공,2024-11-07,2027-11-06,중소벤처기업부 벤처기업명단(공공데이터포털),https://www.data.go.kr/data/15084581/fileData.do,2026-04
c8076,venture,확인 유형 연구개발유형 · 재확인 · 확인기관 벤처기업확인기관 · 업종 주형 및 금형 제조업 · 주생산품 자동차 램프 금형,2025-12-28,2028-12-27,중소벤처기업부 벤처기업명단(공공데이터포털),https://www.data.go.kr/data/15084581/fileData.do,2026-04
c8082,venture,확인 유형 혁신성장유형 · 신규 · 확인기관 벤처기업확인기관 · 업종 그 외 자동차용 신품 부품 제조업 · 주생산품 플랜지,2023-08-03,2026-08-02,중소벤처기업부 벤처기업명단(공공데이터포털),https://www.data.go.kr/data/15084581/fileData.do,2026-04
c8104,venture,확인 유형 혁신성장유형 · 재확인 · 확인기관 벤처기업확인기관 · 업종 치과용 기기 제조업 · 주생산품 치과용 임플란트,2025-04-30,2028-04-29,중소벤처기업부 벤처기업명단(공공데이터포털),https://www.data.go.kr/data/15084581/fileData.do,2026-04
c8112,venture,"확인 유형 혁신성장유형 · 재확인 · 확인기관 벤처기업확인기관 · 업종 산업용 그 외 비경화 고무제품 제조업 · 주생산품 O-RING,OIL-SEAL,PACKING",2024-03-30,2027-03-29,중소벤처기업부 벤처기업명단(공공데이터포털),https://www.data.go.kr/data/15084581/fileData.do,2026-04
c8126,venture,확인 유형 연구개발유형 · 재확인 · 확인기관 벤처기업확인기관 · 업종 기타 물품 취급장비 제조업 · 주생산품 자동적재창고,2024-11-11,2027-11-10,중소벤처기업부 벤처기업명단(공공데이터포털),https://www.data.go.kr/data/15084581/fileData.do,2026-04
c8131,venture,"확인 유형 혁신성장유형 · 재확인 · 확인기관 벤처기업확인기관 · 업종 그 외 기타 일반목적용 기계 제조업 · 주생산품 상업용식기세척기,세제,세척제,식품첨가물,주방기구 제조/주방기구 도소매/식기세척기 임대/단체급식 컨설팅",2024-12-11,2027-12-10,중소벤처기업부 벤처기업명단(공공데이터포털),https://www.data.go.kr/data/15084581/fileData.do,2026-04
c8172,venture,확인 유형 혁신성장유형 · 재확인 · 확인기관 벤처기업확인기관 · 업종 자동차용 금속 압형제품 제조업 · 주생산품 금속레일,2024-06-09,2027-06-08,중소벤처기업부 벤처기업명단(공공데이터포털),https://www.data.go.kr/data/15084581/fileData.do,2026-04
c8261,venture,확인 유형 혁신성장유형 · 재확인 · 확인기관 벤처기업확인기관 · 업종 주형 및 금형 제조업 · 주생산품 자동차부품금형표면가공,2025-12-16,2028-12-15,중소벤처기업부 벤처기업명단(공공데이터포털),https://www.data.go.kr/data/15084581/fileData.do,2026-04
c8265,venture,확인 유형 혁신성장유형 · 재확인 · 확인기관 벤처기업확인기관 · 업종 그 외 자동차용 신품 부품 제조업 · 주생산품 클램프,2026-02-08,2029-02-07,중소벤처기업부 벤처기업명단(공공데이터포털),https://www.data.go.kr/data/15084581/fileData.do,2026-04
c8284,venture,확인 유형 혁신성장유형 · 재확인 · 확인기관 벤처기업확인기관 · 업종 커튼 및 유사제품 제조업 · 주생산품 블라인드용 직물,2024-05-24,2027-05-23,중소벤처기업부 벤처기업명단(공공데이터포털),https://www.data.go.kr/data/15084581/fileData.do,2026-04
c8372,venture,확인 유형 혁신성장유형 · 재확인 · 확인기관 벤처기업확인기관 · 업종 메모리용 전자집적회로 제조업 · 주생산품 센서 및 의료기기,2024-07-09,2027-07-08,중소벤처기업부 벤처기업명단(공공데이터포털),https://www.data.go.kr/data/15084581/fileData.do,2026-04
c8374,venture,확인 유형 혁신성장유형 · 재확인 · 확인기관 벤처기업확인기관 · 업종 자동차 차체용 신품 부품 제조업 · 주생산품 자동차 부품  그외 기타 금속 가공,2024-08-29,2027-08-28,중소벤처기업부 벤처기업명단(공공데이터포털),https://www.data.go.kr/data/15084581/fileData.do,2026-04
c8383,venture,확인 유형 혁신성장유형 · 재확인 · 확인기관 벤처기업확인기관 · 업종 자동차용 신품 동력전달장치 제조업 · 주생산품 Starter Motor용 Shaft,2024-10-06,2027-10-05,중소벤처기업부 벤처기업명단(공공데이터포털),https://www.data.go.kr/data/15084581/fileData.do,2026-04
c8414,bi,센터 중진공 대구 창업보육센터(Post-BI) · 운영기관 중소벤처기업진흥공단 · 법인기업 · 업종 의료/정밀등제조업 · 주생산품 의료용 기기 제조업 · 창업일 2025-02-28,2025-06-16,,중소벤처기업부 창업보육센터 입주기업현황(공공데이터포털),https://www.data.go.kr/data/15122804/fileData.do,
c8426,venture,"확인 유형 혁신성장유형 · 재확인 · 확인기관 벤처기업확인기관 · 업종 자동차용 신품 동력전달장치 제조업 · 주생산품 SPLINE HUB, PISTON",2024-04-17,2027-04-16,중소벤처기업부 벤처기업명단(공공데이터포털),https://www.data.go.kr/data/15084581/fileData.do,2026-04
c8438,venture,확인 유형 혁신성장유형 · 재확인 · 확인기관 벤처기업확인기관 · 업종 그 외 기타 특수목적용 기계 제조업 · 주생산품 공장자동화설비,2024-12-22,2027-12-21,중소벤처기업부 벤처기업명단(공공데이터포털),https://www.data.go.kr/data/15084581/fileData.do,2026-04
c8532,venture,확인 유형 혁신성장유형 · 재확인 · 확인기관 벤처기업확인기관 · 업종 구조용 금속 판제품 및 공작물 제조업 · 주생산품 볼라드,2025-06-29,2028-06-28,중소벤처기업부 벤처기업명단(공공데이터포털),https://www.data.go.kr/data/15084581/fileData.do,2026-04
c8552,venture,확인 유형 혁신성장유형 · 재확인 · 확인기관 벤처기업확인기관 · 업종 반도체 제조용 기계 제조업 · 주생산품 반도체장비부품,2024-10-16,2027-10-15,중소벤처기업부 벤처기업명단(공공데이터포털),https://www.data.go.kr/data/15084581/fileData.do,2026-04
c8585,venture,확인 유형 혁신성장유형 · 재확인 · 확인기관 벤처기업확인기관 · 업종 표면처리 및 적층 직물 제조업 · 주생산품 기타직물제조업,2024-12-26,2027-12-25,중소벤처기업부 벤처기업명단(공공데이터포털),https://www.data.go.kr/data/15084581/fileData.do,2026-04
c8586,bi,센터 대구경북중소기업청경북대학교중소기업성장지원센터 · 운영기관 대구경북지방중소벤처기업청 · 개인기업 · 업종 기계/장비제조업 · 주생산품 태양광모튤 세척장비 · 창업일 2014-10-01,2020-05-01,,중소벤처기업부 창업보육센터 입주기업현황(공공데이터포털),https://www.data.go.kr/data/15122804/fileData.do,
c8590,venture,"확인 유형 혁신성장유형 · 재확인 · 확인기관 벤처기업확인기관 · 업종 기타 기술 및 직업훈련학원 · 주생산품 교육서비스, 드론제조, 항공촬영",2026-02-08,2029-02-07,중소벤처기업부 벤처기업명단(공공데이터포털),https://www.data.go.kr/data/15084581/fileData.do,2026-04
c8591,venture,확인 유형 혁신성장유형 · 신규 · 확인기관 벤처기업확인기관 · 업종 건강기능식품 제조업 · 주생산품 큐로삼,2024-04-25,2027-04-24,중소벤처기업부 벤처기업명단(공공데이터포털),https://www.data.go.kr/data/15084581/fileData.do,2026-04
c8595,venture,확인 유형 벤처투자유형 · 재확인 · 확인기관 벤처기업확인기관 · 업종 응용 소프트웨어 개발 및 공급업 · 주생산품 통합관제시스템 외,2024-07-23,2027-07-22,중소벤처기업부 벤처기업명단(공공데이터포털),https://www.data.go.kr/data/15084581/fileData.do,2026-04
c8603,venture,확인 유형 혁신성장유형 · 재확인 · 확인기관 벤처기업확인기관 · 업종 그 외 기타 의료용 기기 제조업 · 주생산품 의료 기기,2025-06-15,2028-06-14,중소벤처기업부 벤처기업명단(공공데이터포털),https://www.data.go.kr/data/15084581/fileData.do,2026-04
c8606,venture,"확인 유형 혁신성장유형 · 재확인 · 확인기관 벤처기업확인기관 · 업종 반도체 제조용 기계 제조업 · 주생산품 반도체장비, 진공증착기",2026-01-22,2029-01-21,중소벤처기업부 벤처기업명단(공공데이터포털),https://www.data.go.kr/data/15084581/fileData.do,2026-04
c8622,venture,확인 유형 혁신성장유형 · 재확인 · 확인기관 벤처기업확인기관 · 업종 전자감지장치 제조업 · 주생산품 레이더 센서(보안감지기),2025-02-04,2028-02-03,중소벤처기업부 벤처기업명단(공공데이터포털),https://www.data.go.kr/data/15084581/fileData.do,2026-04
c8626,venture,"확인 유형 연구개발유형 · 재확인 · 확인기관 벤처기업확인기관 · 업종 물질 검사, 측정 및 분석기구 제조업 · 주생산품 스마트 머신비전 결함 자동 검사 시스템",2025-09-25,2028-09-24,중소벤처기업부 벤처기업명단(공공데이터포털),https://www.data.go.kr/data/15084581/fileData.do,2026-04
c8630,venture,확인 유형 혁신성장유형 · 재확인 · 확인기관 벤처기업확인기관 · 업종 전자상거래 소매업 · 주생산품 전자부품 센서,2025-11-09,2028-11-08,중소벤처기업부 벤처기업명단(공공데이터포털),https://www.data.go.kr/data/15084581/fileData.do,2026-04
c8631,venture,확인 유형 혁신성장유형 · 재확인 · 확인기관 벤처기업확인기관 · 업종 산업용 송풍기 및 배기장치 제조업 · 주생산품 집진기,2026-03-31,2029-03-30,중소벤처기업부 벤처기업명단(공공데이터포털),https://www.data.go.kr/data/15084581/fileData.do,2026-04
c8649,venture,"확인 유형 혁신성장유형 · 신규 · 확인기관 벤처기업확인기관 · 업종 운송장비 조립용 플라스틱제품 제조업 · 주생산품 DOOR LATCH SUB, PEDAL Assembly,BATTERY",2025-09-30,2028-09-29,중소벤처기업부 벤처기업명단(공공데이터포털),https://www.data.go.kr/data/15084581/fileData.do,2026-04
c8656,venture,확인 유형 혁신성장유형 · 신규 · 확인기관 벤처기업확인기관 · 업종 자동차용 신품 동력전달장치 제조업 · 주생산품 자동차안전용품제조개발,2026-02-03,2029-02-02,중소벤처기업부 벤처기업명단(공공데이터포털),https://www.data.go.kr/data/15084581/fileData.do,2026-04
c8661,venture,"확인 유형 혁신성장유형 · 재확인 · 확인기관 벤처기업확인기관 · 업종 물질 검사, 측정 및 분석기구 제조업 · 주생산품 비파괴검사장비",2025-08-12,2028-08-11,중소벤처기업부 벤처기업명단(공공데이터포털),https://www.data.go.kr/data/15084581/fileData.do,2026-04
c8666,venture,확인 유형 혁신성장유형 · 재확인 · 확인기관 벤처기업확인기관 · 업종 운송장비용 조명장치 제조업 · 주생산품 자동차 LED모듈,2024-04-04,2027-04-03,중소벤처기업부 벤처기업명단(공공데이터포털),https://www.data.go.kr/data/15084581/fileData.do,2026-04
c8670,venture,확인 유형 벤처투자유형 · 재확인 · 확인기관 벤처기업확인기관 · 업종 의학 및 약학 연구개발업 · 주생산품 FDD,2025-11-29,2028-11-28,중소벤처기업부 벤처기업명단(공공데이터포털),https://www.data.go.kr/data/15084581/fileData.do,2026-04
c8681,venture,확인 유형 혁신성장유형 · 재확인 · 확인기관 벤처기업확인기관 · 업종 농업 및 임업용 기계 제조업 · 주생산품 색채선별기,2025-04-27,2028-04-26,중소벤처기업부 벤처기업명단(공공데이터포털),https://www.data.go.kr/data/15084581/fileData.do,2026-04
c8684,venture,"확인 유형 혁신성장유형 · 재확인 · 확인기관 벤처기업확인기관 · 업종 그 외 기타 의료용품 및 의약 관련제품 제조업 · 주생산품 실리콘, 의약외품",2024-04-29,2027-04-28,중소벤처기업부 벤처기업명단(공공데이터포털),https://www.data.go.kr/data/15084581/fileData.do,2026-04
c8689,venture,"확인 유형 혁신성장유형 · 재확인 · 확인기관 벤처기업확인기관 · 업종 그 외 기타 의료용 기기 제조업 · 주생산품 조직수복용생채재료,  유착방지피복재,  콜라겐흡수성창상피복재, 콜라겐사용조직보충재등",2024-06-26,2027-06-25,중소벤처기업부 벤처기업명단(공공데이터포털),https://www.data.go.kr/data/15084581/fileData.do,2026-04
c8691,venture,확인 유형 혁신성장유형 · 재확인 · 확인기관 벤처기업확인기관 · 업종 구조용 금속 판제품 및 공작물 제조업 · 주생산품 수납식관람석,2025-06-24,2028-06-23,중소벤처기업부 벤처기업명단(공공데이터포털),https://www.data.go.kr/data/15084581/fileData.do,2026-04
c8713,venture,"확인 유형 혁신성장유형 · 재확인 · 확인기관 벤처기업확인기관 · 업종 그 외 금속 압형제품 제조업 · 주생산품 레이저 절단, 절곡, 판금",2024-04-29,2027-04-28,중소벤처기업부 벤처기업명단(공공데이터포털),https://www.data.go.kr/data/15084581/fileData.do,2026-04
c8727,venture,확인 유형 혁신성장유형 · 재확인 · 확인기관 벤처기업확인기관 · 업종 금속 스프링 제조업 · 주생산품 스프링,2024-09-02,2027-09-01,중소벤처기업부 벤처기업명단(공공데이터포털),https://www.data.go.kr/data/15084581/fileData.do,2026-04
c8731,venture,확인 유형 벤처투자유형 · 재확인 · 확인기관 벤처기업확인기관 · 업종 기타 운송장비 임대업 · 주생산품 전기/이륜자동차 임대,2026-04-08,2029-04-07,중소벤처기업부 벤처기업명단(공공데이터포털),https://www.data.go.kr/data/15084581/fileData.do,2026-04
c8739,venture,확인 유형 혁신성장유형 · 재확인 · 확인기관 벤처기업확인기관 · 업종 그 외 기타 고무제품 제조업 · 주생산품 방진고무,2024-04-20,2027-04-19,중소벤처기업부 벤처기업명단(공공데이터포털),https://www.data.go.kr/data/15084581/fileData.do,2026-04
c8759,venture,확인 유형 연구개발유형 · 재확인 · 확인기관 벤처기업확인기관 · 업종 그 외 기타 분류 안된 금속 가공 제품 제조업 · 주생산품 롤포밍머신 스트레치 밴딩머신,2025-08-05,2028-08-04,중소벤처기업부 벤처기업명단(공공데이터포털),https://www.data.go.kr/data/15084581/fileData.do,2026-04
c8819,venture,확인 유형 혁신성장유형 · 재확인 · 확인기관 벤처기업확인기관 · 업종 그 외 기타 분류 안된 금속 가공 제품 제조업 · 주생산품 경관시설물,2025-08-05,2028-08-04,중소벤처기업부 벤처기업명단(공공데이터포털),https://www.data.go.kr/data/15084581/fileData.do,2026-04
c8890,venture,확인 유형 혁신성장유형 · 재확인 · 확인기관 벤처기업확인기관 · 업종 그 외 자동차용 신품 부품 제조업 · 주생산품 자동차부품,2024-04-07,2027-04-06,중소벤처기업부 벤처기업명단(공공데이터포털),https://www.data.go.kr/data/15084581/fileData.do,2026-04
c8944,venture,"확인 유형 혁신성장유형 · 재확인 · 확인기관 벤처기업확인기관 · 업종 그 외 기타 식료품 제조업 · 주생산품 알가공품, 건포류",2025-08-24,2028-08-23,중소벤처기업부 벤처기업명단(공공데이터포털),https://www.data.go.kr/data/15084581/fileData.do,2026-04
c8952,venture,"확인 유형 혁신성장유형 · 재확인 · 확인기관 벤처기업확인기관 · 업종 육류 기타 가공 및 저장처리업 (가금류 제외) · 주생산품 육류 가공품(돼지막창, 소막창)",2025-09-16,2028-09-15,중소벤처기업부 벤처기업명단(공공데이터포털),https://www.data.go.kr/data/15084581/fileData.do,2026-04
c9002,venture,확인 유형 혁신성장유형 · 신규 · 확인기관 벤처기업확인기관 · 업종 육상 금속 골조 구조재 제조업 · 주생산품 도로안전시설물,2026-01-06,2029-01-05,중소벤처기업부 벤처기업명단(공공데이터포털),https://www.data.go.kr/data/15084581/fileData.do,2026-04
c9015,venture,"확인 유형 혁신성장유형 · 재확인 · 확인기관 벤처기업확인기관 · 업종 기타 가죽제품 제조업 · 주생산품 용접가죽보호구, 불연섬유",2025-04-14,2028-04-13,중소벤처기업부 벤처기업명단(공공데이터포털),https://www.data.go.kr/data/15084581/fileData.do,2026-04
c9026,venture,확인 유형 혁신성장유형 · 재확인 · 확인기관 벤처기업확인기관 · 업종 치과용 기기 제조업 · 주생산품 인공치아,2024-11-23,2027-11-22,중소벤처기업부 벤처기업명단(공공데이터포털),https://www.data.go.kr/data/15084581/fileData.do,2026-04
c9051,venture,"확인 유형 연구개발유형 · 신규 · 확인기관 벤처기업확인기관 · 업종 금속 문, 창, 셔터 및 관련제품 제조업 · 주생산품 금속제창",2023-11-08,2026-11-07,중소벤처기업부 벤처기업명단(공공데이터포털),https://www.data.go.kr/data/15084581/fileData.do,2026-04
c9052,venture,확인 유형 혁신성장유형 · 재확인 · 확인기관 벤처기업확인기관 · 업종 컨베이어장치 제조업 · 주생산품 포장기계컨베이어,2025-10-31,2028-10-30,중소벤처기업부 벤처기업명단(공공데이터포털),https://www.data.go.kr/data/15084581/fileData.do,2026-04
c9065,venture,확인 유형 혁신성장유형 · 신규 · 확인기관 벤처기업확인기관 · 업종 기타 곡물 가공품 제조업 · 주생산품 곡물가공품,2025-09-30,2028-09-29,중소벤처기업부 벤처기업명단(공공데이터포털),https://www.data.go.kr/data/15084581/fileData.do,2026-04
c9076,venture,확인 유형 혁신성장유형 · 재확인 · 확인기관 벤처기업확인기관 · 업종 동력식 수지공구 제조업 · 주생산품 소화기/소방용품,2024-04-28,2027-04-27,중소벤처기업부 벤처기업명단(공공데이터포털),https://www.data.go.kr/data/15084581/fileData.do,2026-04
c9080,venture,"확인 유형 혁신성장유형 · 재확인 · 확인기관 벤처기업확인기관 · 업종 그 외 자동차용 신품 부품 제조업 · 주생산품 자동차부품, 철도부품",2024-09-29,2027-09-28,중소벤처기업부 벤처기업명단(공공데이터포털),https://www.data.go.kr/data/15084581/fileData.do,2026-04
c9087,venture,확인 유형 혁신성장유형 · 신규 · 확인기관 벤처기업확인기관 · 업종 그 외 자동차용 신품 부품 제조업 · 주생산품 차량용부품 등,2024-03-27,2027-03-26,중소벤처기업부 벤처기업명단(공공데이터포털),https://www.data.go.kr/data/15084581/fileData.do,2026-04
c9107,venture,"확인 유형 혁신성장유형 · 재확인 · 확인기관 벤처기업확인기관 · 업종 기타 신발 제조업 · 주생산품 친환경신발(슬리퍼,실내화,욕실화) 제조/부동산 임대/사업 지원(기타임가공)",2025-08-31,2028-08-30,중소벤처기업부 벤처기업명단(공공데이터포털),https://www.data.go.kr/data/15084581/fileData.do,2026-04
c9150,venture,"확인 유형 혁신성장유형 · 재확인 · 확인기관 벤처기업확인기관 · 업종 플라스틱 포대, 봉투 및 유사제품 제조업 · 주생산품 연포장",2025-01-23,2028-01-22,중소벤처기업부 벤처기업명단(공공데이터포털),https://www.data.go.kr/data/15084581/fileData.do,2026-04
c9199,venture,"확인 유형 혁신성장유형 · 신규 · 확인기관 벤처기업확인기관 · 업종 기타 기초 무기 화학물질 제조업 · 주생산품 2차전지 양극제, 수처리약품",2024-07-17,2027-07-16,중소벤처기업부 벤처기업명단(공공데이터포털),https://www.data.go.kr/data/15084581/fileData.do,2026-04
c9241,venture,확인 유형 혁신성장유형 · 재확인 · 확인기관 벤처기업확인기관 · 업종 자동차용 신품 전기장치 제조업 · 주생산품 자동차부품,2025-12-30,2028-12-29,중소벤처기업부 벤처기업명단(공공데이터포털),https://www.data.go.kr/data/15084581/fileData.do,2026-04
c9295,venture,확인 유형 혁신성장유형 · 신규 · 확인기관 벤처기업확인기관 · 업종 김치류 제조업 · 주생산품 김치,2024-12-04,2027-12-03,중소벤처기업부 벤처기업명단(공공데이터포털),https://www.data.go.kr/data/15084581/fileData.do,2026-04
c9330,venture,확인 유형 혁신성장유형 · 재확인 · 확인기관 벤처기업확인기관 · 업종 그 외 기타 금속가공업 · 주생산품 경량형 중공 엑셀샤프트,2024-02-20,2027-02-19,중소벤처기업부 벤처기업명단(공공데이터포털),https://www.data.go.kr/data/15084581/fileData.do,2026-04
c9357,venture,확인 유형 혁신성장유형 · 재확인 · 확인기관 벤처기업확인기관 · 업종 일반철물 제조업 · 주생산품 도어록경첩,2024-10-14,2027-10-13,중소벤처기업부 벤처기업명단(공공데이터포털),https://www.data.go.kr/data/15084581/fileData.do,2026-04
c9400,venture,확인 유형 혁신성장유형 · 재확인 · 확인기관 벤처기업확인기관 · 업종 강주물 주조업 · 주생산품 주물,2025-03-05,2028-03-04,중소벤처기업부 벤처기업명단(공공데이터포털),https://www.data.go.kr/data/15084581/fileData.do,2026-04
c9458,venture,확인 유형 연구개발유형 · 재확인 · 확인기관 벤처기업확인기관 · 업종 자동차용 신품 조향장치 및 현가 장치 제조업 · 주생산품 조향장치 SHAFT,2025-11-01,2028-10-31,중소벤처기업부 벤처기업명단(공공데이터포털),https://www.data.go.kr/data/15084581/fileData.do,2026-04
c9460,venture,확인 유형 혁신성장유형 · 재확인 · 확인기관 벤처기업확인기관 · 업종 절삭가공 및 유사처리업 · 주생산품 차량용 댐퍼풀리,2024-08-10,2027-08-09,중소벤처기업부 벤처기업명단(공공데이터포털),https://www.data.go.kr/data/15084581/fileData.do,2026-04
c9503,venture,확인 유형 혁신성장유형 · 재확인 · 확인기관 벤처기업확인기관 · 업종 플라스틱 창호 제조업 · 주생산품 플라스틱창호,2025-04-21,2028-04-20,중소벤처기업부 벤처기업명단(공공데이터포털),https://www.data.go.kr/data/15084581/fileData.do,2026-04
c9527,venture,확인 유형 혁신성장유형 · 재확인 · 확인기관 벤처기업확인기관 · 업종 그 외 기타 고무제품 제조업 · 주생산품 기타고무제품,2025-11-20,2028-11-19,중소벤처기업부 벤처기업명단(공공데이터포털),https://www.data.go.kr/data/15084581/fileData.do,2026-04
c9560,venture,확인 유형 혁신성장유형 · 재확인 · 확인기관 벤처기업확인기관 · 업종 플라스틱 창호 제조업 · 주생산품 편의성 및 방범성을 높인 창호,2023-05-17,2026-05-16,중소벤처기업부 벤처기업명단(공공데이터포털),https://www.data.go.kr/data/15084581/fileData.do,2026-04
c9591,venture,"확인 유형 연구개발유형 · 재확인 · 확인기관 벤처기업확인기관 · 업종 기체 여과기 제조업 · 주생산품 제진기,슬러지수집기,탈취기외",2024-06-03,2027-06-02,중소벤처기업부 벤처기업명단(공공데이터포털),https://www.data.go.kr/data/15084581/fileData.do,2026-04
c9598,venture,"확인 유형 혁신성장유형 · 재확인 · 확인기관 벤처기업확인기관 · 업종 치과용 기기 제조업 · 주생산품 치과용기기,의료용기기,전동기,발전기,기어 제조/의학 연구개발",2026-03-11,2029-03-10,중소벤처기업부 벤처기업명단(공공데이터포털),https://www.data.go.kr/data/15084581/fileData.do,2026-04
c9599,venture,"확인 유형 혁신성장유형 · 재확인 · 확인기관 벤처기업확인기관 · 업종 액체 여과기 제조업 · 주생산품 유분석장비, 액체여과기, 필터, 유분석 진단서비스",2024-09-11,2027-09-10,중소벤처기업부 벤처기업명단(공공데이터포털),https://www.data.go.kr/data/15084581/fileData.do,2026-04
c9603,venture,"확인 유형 혁신성장유형 · 신규 · 확인기관 벤처기업확인기관 · 업종 탭, 밸브 및 유사장치 제조업 · 주생산품 유공압밸브제품 제조",2025-08-27,2028-08-26,중소벤처기업부 벤처기업명단(공공데이터포털),https://www.data.go.kr/data/15084581/fileData.do,2026-04
c9604,venture,확인 유형 혁신성장유형 · 재확인 · 확인기관 벤처기업확인기관 · 업종 배전반 및 전기 자동제어반 제조업 · 주생산품 수전반배전반분전반MCC반,2025-03-30,2028-03-29,중소벤처기업부 벤처기업명단(공공데이터포털),https://www.data.go.kr/data/15084581/fileData.do,2026-04
c9609,venture,확인 유형 연구개발유형 · 재확인 · 확인기관 벤처기업확인기관 · 업종 그 외 기타 특수목적용 기계 제조업 · 주생산품 광섬유모재설비,2025-05-26,2028-05-25,중소벤처기업부 벤처기업명단(공공데이터포털),https://www.data.go.kr/data/15084581/fileData.do,2026-04
c9610,venture,"확인 유형 혁신성장유형 · 재확인 · 확인기관 벤처기업확인기관 · 업종 그 외 기타 일반목적용 기계 제조업 · 주생산품 2차전지 분리막 생산장비, 리튬배터리 습식분리막 기계 제조대",2025-05-25,2028-05-24,중소벤처기업부 벤처기업명단(공공데이터포털),https://www.data.go.kr/data/15084581/fileData.do,2026-04
c9613,venture,확인 유형 혁신성장유형 · 재확인 · 확인기관 벤처기업확인기관 · 업종 자동차 엔진용 신품 부품 제조업 · 주생산품 자동차 부품(터빈하우징),2024-07-31,2027-07-30,중소벤처기업부 벤처기업명단(공공데이터포털),https://www.data.go.kr/data/15084581/fileData.do,2026-04
c9616,venture,확인 유형 혁신성장유형 · 재확인 · 확인기관 벤처기업확인기관 · 업종 디스플레이 제조용 기계 제조업 · 주생산품 클린룸크레인,2025-06-22,2028-06-21,중소벤처기업부 벤처기업명단(공공데이터포털),https://www.data.go.kr/data/15084581/fileData.do,2026-04
c9624,venture,확인 유형 혁신성장유형 · 재확인 · 확인기관 벤처기업확인기관 · 업종 절삭가공 및 유사처리업 · 주생산품 PLATE,2023-05-31,2026-05-30,중소벤처기업부 벤처기업명단(공공데이터포털),https://www.data.go.kr/data/15084581/fileData.do,2026-04
c9643,venture,확인 유형 혁신성장유형 · 재확인 · 확인기관 벤처기업확인기관 · 업종 금속 절삭기계 제조업 · 주생산품 래디얼 피스톤 모터,2024-10-22,2027-10-21,중소벤처기업부 벤처기업명단(공공데이터포털),https://www.data.go.kr/data/15084581/fileData.do,2026-04
c9691,venture,확인 유형 혁신성장유형 · 재확인 · 확인기관 벤처기업확인기관 · 업종 디스플레이 제조용 기계 제조업 · 주생산품 포토마스크 생산용 자동화 설비,2024-03-05,2027-03-04,중소벤처기업부 벤처기업명단(공공데이터포털),https://www.data.go.kr/data/15084581/fileData.do,2026-04
c9705,venture,확인 유형 혁신성장유형 · 재확인 · 확인기관 벤처기업확인기관 · 업종 산업용 로봇 제조업 · 주생산품 SMT주변장치,2024-10-12,2027-10-11,중소벤처기업부 벤처기업명단(공공데이터포털),https://www.data.go.kr/data/15084581/fileData.do,2026-04
c9712,venture,확인 유형 연구개발유형 · 신규 · 확인기관 벤처기업확인기관 · 업종 기타 엔지니어링 서비스업 · 주생산품 압축공기포 소화시스템,2026-01-21,2029-01-20,중소벤처기업부 벤처기업명단(공공데이터포털),https://www.data.go.kr/data/15084581/fileData.do,2026-04
c9721,venture,확인 유형 혁신성장유형 · 재확인 · 확인기관 벤처기업확인기관 · 업종 그 외 기타 특수목적용 기계 제조업 · 주생산품 자동화기계,2024-07-03,2027-07-02,중소벤처기업부 벤처기업명단(공공데이터포털),https://www.data.go.kr/data/15084581/fileData.do,2026-04
c9761,venture,확인 유형 혁신성장유형 · 재확인 · 확인기관 벤처기업확인기관 · 업종 복합비료 및 기타 화학비료 제조업 · 주생산품 에코윈S 참총충입제 참선충 외 다수,2024-11-25,2027-11-24,중소벤처기업부 벤처기업명단(공공데이터포털),https://www.data.go.kr/data/15084581/fileData.do,2026-04
c9765,venture,확인 유형 혁신성장유형 · 재확인 · 확인기관 벤처기업확인기관 · 업종 기체 여과기 제조업 · 주생산품 마이크로필터,2025-07-23,2028-07-22,중소벤처기업부 벤처기업명단(공공데이터포털),https://www.data.go.kr/data/15084581/fileData.do,2026-04
c9799,venture,확인 유형 혁신성장유형 · 재확인 · 확인기관 벤처기업확인기관 · 업종 금속 성형기계 제조업 · 주생산품 서보프레스기계식프레스유압식프레스,2024-08-31,2027-08-30,중소벤처기업부 벤처기업명단(공공데이터포털),https://www.data.go.kr/data/15084581/fileData.do,2026-04
c9814,venture,"확인 유형 혁신성장유형 · 재확인 · 확인기관 벤처기업확인기관 · 업종 그 외 자동차용 신품 부품 제조업 · 주생산품 자동차부품, 메탈와이어슬리브 및 강화섬유직물 제조업 등",2026-03-10,2029-03-09,중소벤처기업부 벤처기업명단(공공데이터포털),https://www.data.go.kr/data/15084581/fileData.do,2026-04
c9823,venture,확인 유형 혁신성장유형 · 재확인 · 확인기관 벤처기업확인기관 · 업종 반도체 제조용 기계 제조업 · 주생산품 프로브 스테이션 오버헤드 트렌스포트,2025-04-06,2028-04-05,중소벤처기업부 벤처기업명단(공공데이터포털),https://www.data.go.kr/data/15084581/fileData.do,2026-04
c9824,venture,확인 유형 혁신성장유형 · 재확인 · 확인기관 벤처기업확인기관 · 업종 떡류 제조업 · 주생산품 떡류식품,2024-02-18,2027-02-17,중소벤처기업부 벤처기업명단(공공데이터포털),https://www.data.go.kr/data/15084581/fileData.do,2026-04
c9834,venture,확인 유형 혁신성장유형 · 재확인 · 확인기관 벤처기업확인기관 · 업종 수동식 식품 가공기기 및 금속 주방용기 제조업 · 주생산품 알루미늄 주방용품 제조/전자상거래,2025-11-02,2028-11-01,중소벤처기업부 벤처기업명단(공공데이터포털),https://www.data.go.kr/data/15084581/fileData.do,2026-04
c9861,venture,확인 유형 벤처투자유형 · 재확인 · 확인기관 벤처기업확인기관 · 업종 암면 및 유사제품 제조업 · 주생산품 진공단열재,2024-08-10,2027-08-09,중소벤처기업부 벤처기업명단(공공데이터포털),https://www.data.go.kr/data/15084581/fileData.do,2026-04
c9862,venture,확인 유형 혁신성장유형 · 재확인 · 확인기관 벤처기업확인기관 · 업종 그 외 기타 특수목적용 기계 제조업 · 주생산품 3D 시뮬레이션용역 및 VR 체험 시스템 장비,2024-11-13,2027-11-12,중소벤처기업부 벤처기업명단(공공데이터포털),https://www.data.go.kr/data/15084581/fileData.do,2026-04
c9865,venture,"확인 유형 연구개발유형 · 재확인 · 확인기관 벤처기업확인기관 · 업종 기타 측정, 시험, 항해, 제어 및 정밀기기 제조업 · 주생산품 반도체검사장비 정수기냉각유닛",2025-01-29,2028-01-28,중소벤처기업부 벤처기업명단(공공데이터포털),https://www.data.go.kr/data/15084581/fileData.do,2026-04
c9876,venture,확인 유형 혁신성장유형 · 재확인 · 확인기관 벤처기업확인기관 · 업종 자동차용 신품 조향장치 및 현가 장치 제조업 · 주생산품 CAGE,2024-09-24,2027-09-23,중소벤처기업부 벤처기업명단(공공데이터포털),https://www.data.go.kr/data/15084581/fileData.do,2026-04
c9897,venture,"확인 유형 혁신성장유형 · 재확인 · 확인기관 벤처기업확인기관 · 업종 특수 직물 및 기타 직물 직조업 · 주생산품 산업용 섬유(필터, 아라미드 원단, 모노메쉬)",2025-11-09,2028-11-08,중소벤처기업부 벤처기업명단(공공데이터포털),https://www.data.go.kr/data/15084581/fileData.do,2026-04
c9902,venture,확인 유형 혁신성장유형 · 신규 · 확인기관 벤처기업확인기관 · 업종 반도체 제조용 기계 제조업 · 주생산품 산불진화 겸용 재난대피소,2025-11-11,2028-11-10,중소벤처기업부 벤처기업명단(공공데이터포털),https://www.data.go.kr/data/15084581/fileData.do,2026-04
c9917,venture,확인 유형 혁신성장유형 · 재확인 · 확인기관 벤처기업확인기관 · 업종 육류 포장육 및 냉동육 가공업 (가금류 제외) · 주생산품 수비드목살,2024-05-26,2027-05-25,중소벤처기업부 벤처기업명단(공공데이터포털),https://www.data.go.kr/data/15084581/fileData.do,2026-04
c9984,venture,"확인 유형 혁신성장유형 · 재확인 · 확인기관 벤처기업확인기관 · 업종 그 외 기타 특수목적용 기계 제조업 · 주생산품 자동제진기, 협잡물처리기, 압축기(플라스틱, 고철), 폐기물파쇄기, 파봉기 등",2024-04-28,2027-04-27,중소벤처기업부 벤처기업명단(공공데이터포털),https://www.data.go.kr/data/15084581/fileData.do,2026-04
c9987,venture,확인 유형 혁신성장유형 · 재확인 · 확인기관 벤처기업확인기관 · 업종 그 외 기타 달리 분류되지 않은 제품 제조업 · 주생산품 의료기매트.전기매트(탄소섬유발열체),2025-12-21,2028-12-20,중소벤처기업부 벤처기업명단(공공데이터포털),https://www.data.go.kr/data/15084581/fileData.do,2026-04
x2214,venture,확인 유형 벤처투자유형 · 재확인 · 확인기관 벤처기업확인기관 · 업종 건강기능식품 제조업 · 주생산품 비만개선건강기능성식품원료,2025-11-15,2028-11-14,중소벤처기업부 벤처기업명단(공공데이터포털),https://www.data.go.kr/data/15084581/fileData.do,2026-04
x2220,venture,확인 유형 혁신성장유형 · 재확인 · 확인기관 벤처기업확인기관 · 업종 컴퓨터시스템 통합 자문 및 구축 서비스업 · 주생산품 소프트웨어,2025-10-26,2028-10-25,중소벤처기업부 벤처기업명단(공공데이터포털),https://www.data.go.kr/data/15084581/fileData.do,2026-04
x2299,venture,확인 유형 혁신성장유형 · 재확인 · 확인기관 벤처기업확인기관 · 업종 치과용 기기 제조업 · 주생산품 임플란트부품,2025-12-23,2028-12-22,중소벤처기업부 벤처기업명단(공공데이터포털),https://www.data.go.kr/data/15084581/fileData.do,2026-04
x2320,venture,확인 유형 혁신성장유형 · 재확인 · 확인기관 벤처기업확인기관 · 업종 시스템 소프트웨어 개발 및 공급업 · 주생산품 통합예약솔루션,2024-09-16,2027-09-15,중소벤처기업부 벤처기업명단(공공데이터포털),https://www.data.go.kr/data/15084581/fileData.do,2026-04
x2338,venture,확인 유형 연구개발유형 · 재확인 · 확인기관 벤처기업확인기관 · 업종 제품 디자인업 · 주생산품 제품디자인 및 환경디자인,2025-07-27,2028-07-26,중소벤처기업부 벤처기업명단(공공데이터포털),https://www.data.go.kr/data/15084581/fileData.do,2026-04
x2347,venture,확인 유형 혁신성장유형 · 재확인 · 확인기관 벤처기업확인기관 · 업종 그 외 자동차용 신품 부품 제조업 · 주생산품 Encoder Seal Strip,2025-03-18,2028-03-17,중소벤처기업부 벤처기업명단(공공데이터포털),https://www.data.go.kr/data/15084581/fileData.do,2026-04
x2370,venture,"확인 유형 혁신성장유형 · 재확인 · 확인기관 벤처기업확인기관 · 업종 그 외 기타 가구 제조업 · 주생산품 사무용가구, 일반용가구",2025-08-25,2028-08-24,중소벤처기업부 벤처기업명단(공공데이터포털),https://www.data.go.kr/data/15084581/fileData.do,2026-04
x2374,venture,확인 유형 혁신성장유형 · 재확인 · 확인기관 벤처기업확인기관 · 업종 내연기관 제조업 · 주생산품 PISTON RING,2024-06-28,2027-06-27,중소벤처기업부 벤처기업명단(공공데이터포털),https://www.data.go.kr/data/15084581/fileData.do,2026-04
x2383,venture,확인 유형 혁신성장유형 · 신규 · 확인기관 벤처기업확인기관 · 업종 폐수 처리업 · 주생산품 폐수처리,2025-07-17,2028-07-16,중소벤처기업부 벤처기업명단(공공데이터포털),https://www.data.go.kr/data/15084581/fileData.do,2026-04
x2384,venture,"확인 유형 혁신성장유형 · 재확인 · 확인기관 벤처기업확인기관 · 업종 건물 및 토목 엔지니어링 서비스업 · 주생산품 건축물 기초보강용 오거장치, 절삭암장치, 팽이제품",2025-07-02,2028-07-01,중소벤처기업부 벤처기업명단(공공데이터포털),https://www.data.go.kr/data/15084581/fileData.do,2026-04
x2396,venture,"확인 유형 연구개발유형 · 재확인 · 확인기관 벤처기업확인기관 · 업종 응용 소프트웨어 개발 및 공급업 · 주생산품 프로그램 개발, 스마일통장 제작",2025-09-07,2028-09-06,중소벤처기업부 벤처기업명단(공공데이터포털),https://www.data.go.kr/data/15084581/fileData.do,2026-04
x2415,venture,확인 유형 혁신성장유형 · 신규 · 확인기관 벤처기업확인기관 · 업종 환경 관련 엔지니어링 서비스업 · 주생산품 대기 및 수질 측정 분석 대행 서비스,2024-08-13,2027-08-12,중소벤처기업부 벤처기업명단(공공데이터포털),https://www.data.go.kr/data/15084581/fileData.do,2026-04
x2428,venture,확인 유형 혁신성장유형 · 재확인 · 확인기관 벤처기업확인기관 · 업종 배관 및 냉ㆍ난방 공사업 · 주생산품 열회수형환기장치,2025-12-14,2028-12-13,중소벤처기업부 벤처기업명단(공공데이터포털),https://www.data.go.kr/data/15084581/fileData.do,2026-04
x2435,venture,확인 유형 연구개발유형 · 재확인 · 확인기관 벤처기업확인기관 · 업종 컴퓨터 프로그래밍 서비스업 · 주생산품 무인항공기 시뮬레이터 소프트웨어 개발,2024-06-05,2027-06-04,중소벤처기업부 벤처기업명단(공공데이터포털),https://www.data.go.kr/data/15084581/fileData.do,2026-04
x2436,venture,"확인 유형 혁신성장유형 · 재확인 · 확인기관 벤처기업확인기관 · 업종 건물 및 토목 엔지니어링 서비스업 · 주생산품 에너지진단 및 효율화컨설팅, FEMS 등",2024-04-17,2027-04-16,중소벤처기업부 벤처기업명단(공공데이터포털),https://www.data.go.kr/data/15084581/fileData.do,2026-04
x2470,venture,확인 유형 연구개발유형 · 재확인 · 확인기관 벤처기업확인기관 · 업종 침구 및 관련제품 제조업 · 주생산품 침구,2025-04-16,2028-04-15,중소벤처기업부 벤처기업명단(공공데이터포털),https://www.data.go.kr/data/15084581/fileData.do,2026-04
x2474,venture,확인 유형 혁신성장유형 · 재확인 · 확인기관 벤처기업확인기관 · 업종 데이터베이스 및 온라인정보 제공업 · 주생산품 온라인직업정보제공,2025-11-02,2028-11-01,중소벤처기업부 벤처기업명단(공공데이터포털),https://www.data.go.kr/data/15084581/fileData.do,2026-04
x2481,venture,확인 유형 벤처투자유형 · 재확인 · 확인기관 벤처기업확인기관 · 업종 시스템 소프트웨어 개발 및 공급업 · 주생산품 통신품질측정솔루션,2024-07-03,2027-07-02,중소벤처기업부 벤처기업명단(공공데이터포털),https://www.data.go.kr/data/15084581/fileData.do,2026-04
x2505,venture,확인 유형 혁신성장유형 · 재확인 · 확인기관 벤처기업확인기관 · 업종 그 외 기타 분류 안된 섬유제품 제조업 · 주생산품 의류용 침장용 원단,2026-03-24,2029-03-23,중소벤처기업부 벤처기업명단(공공데이터포털),https://www.data.go.kr/data/15084581/fileData.do,2026-04
x2514,venture,"확인 유형 연구개발유형 · 재확인 · 확인기관 벤처기업확인기관 · 업종 컴퓨터 및 주변장치, 소프트웨어 소매업 · 주생산품 BMcore PassVault",2025-04-18,2028-04-17,중소벤처기업부 벤처기업명단(공공데이터포털),https://www.data.go.kr/data/15084581/fileData.do,2026-04
x2515,venture,확인 유형 혁신성장유형 · 재확인 · 확인기관 벤처기업확인기관 · 업종 기타 정보기술 및 컴퓨터운영 관련 서비스업 · 주생산품 소프트웨어개발등,2025-08-16,2028-08-15,중소벤처기업부 벤처기업명단(공공데이터포털),https://www.data.go.kr/data/15084581/fileData.do,2026-04
x2520,venture,확인 유형 혁신성장유형 · 재확인 · 확인기관 벤처기업확인기관 · 업종 유선 온라인 게임 소프트웨어 개발 및 공급업 · 주생산품 온라인게임,2024-07-17,2027-07-16,중소벤처기업부 벤처기업명단(공공데이터포털),https://www.data.go.kr/data/15084581/fileData.do,2026-04
x2521,venture,확인 유형 연구개발유형 · 재확인 · 확인기관 벤처기업확인기관 · 업종 유선 온라인 게임 소프트웨어 개발 및 공급업 · 주생산품 PC게임(테일즈런너),2026-01-02,2029-01-01,중소벤처기업부 벤처기업명단(공공데이터포털),https://www.data.go.kr/data/15084581/fileData.do,2026-04
x2535,venture,확인 유형 혁신성장유형 · 재확인 · 확인기관 벤처기업확인기관 · 업종 그 외 기타 플라스틱 제품 제조업 · 주생산품 PET분쇄품 외,2024-03-22,2027-03-21,중소벤처기업부 벤처기업명단(공공데이터포털),https://www.data.go.kr/data/15084581/fileData.do,2026-04
x2556,venture,"확인 유형 혁신성장유형 · 재확인 · 확인기관 벤처기업확인기관 · 업종 응용 소프트웨어 개발 및 공급업 · 주생산품 소프트웨어 개발/농업기자재,전자기기,제어기기 제조/일반통신공사,내부통신배선공사/전자상거래",2025-06-30,2028-06-29,중소벤처기업부 벤처기업명단(공공데이터포털),https://www.data.go.kr/data/15084581/fileData.do,2026-04
x2564,venture,"확인 유형 벤처투자유형 · 신규 · 확인기관 벤처기업확인기관 · 업종 표면 가공 목재 및 특정 목적용 제재목 제조업 · 주생산품 퍼걸러,조합놀이대",2025-12-17,2028-12-16,중소벤처기업부 벤처기업명단(공공데이터포털),https://www.data.go.kr/data/15084581/fileData.do,2026-04
x2571,venture,확인 유형 혁신성장유형 · 재확인 · 확인기관 벤처기업확인기관 · 업종 기타 인쇄업 · 주생산품 감기미자동폐쇄장치국기봉태극기,2024-12-22,2027-12-21,중소벤처기업부 벤처기업명단(공공데이터포털),https://www.data.go.kr/data/15084581/fileData.do,2026-04
x2592,venture,"확인 유형 연구개발유형 · 재확인 · 확인기관 벤처기업확인기관 · 업종 기타 무선 통신장비 제조업 · 주생산품 WENET, WECON, WELIGHT外",2025-02-28,2028-02-27,중소벤처기업부 벤처기업명단(공공데이터포털),https://www.data.go.kr/data/15084581/fileData.do,2026-04
x2615,venture,"확인 유형 벤처투자유형 · 재확인 · 확인기관 벤처기업확인기관 · 업종 컴퓨터시스템 통합 자문 및 구축 서비스업 · 주생산품 가상화소프트웨어, IOT시스템",2025-12-09,2028-12-08,중소벤처기업부 벤처기업명단(공공데이터포털),https://www.data.go.kr/data/15084581/fileData.do,2026-04
x2628,venture,"확인 유형 벤처투자유형 · 재확인 · 확인기관 벤처기업확인기관 · 업종 응용 소프트웨어 개발 및 공급업 · 주생산품 소프트웨어 개발,공급/방송장치,음향기기 제조/컴퓨터,주변기기,네트워크 도소매/전자상거래/부동산 임대",2026-02-11,2029-02-10,중소벤처기업부 벤처기업명단(공공데이터포털),https://www.data.go.kr/data/15084581/fileData.do,2026-04
x2679,venture,"확인 유형 혁신성장유형 · 재확인 · 확인기관 벤처기업확인기관 · 업종 화학섬유직물 직조업 · 주생산품 NYLON OXFORD,TWILL,MATT",2024-06-04,2027-06-03,중소벤처기업부 벤처기업명단(공공데이터포털),https://www.data.go.kr/data/15084581/fileData.do,2026-04
x2688,venture,확인 유형 혁신성장유형 · 신규 · 확인기관 벤처기업확인기관 · 업종 설치용 및 위생용 플라스틱제품 제조업 · 주생산품 수량계보호통,2023-08-23,2026-08-22,중소벤처기업부 벤처기업명단(공공데이터포털),https://www.data.go.kr/data/15084581/fileData.do,2026-04
x2689,venture,"확인 유형 혁신성장유형 · 신규 · 확인기관 벤처기업확인기관 · 업종 기타 인쇄업 · 주생산품 스티커, 리플렛, 책자, 명함",2024-12-31,2027-12-30,중소벤처기업부 벤처기업명단(공공데이터포털),https://www.data.go.kr/data/15084581/fileData.do,2026-04
x2694,venture,확인 유형 혁신성장유형 · 재확인 · 확인기관 벤처기업확인기관 · 업종 컴퓨터 프로그래밍 서비스업 · 주생산품 식자재 B2B 소프트웨어 서비스,2024-12-04,2027-12-03,중소벤처기업부 벤처기업명단(공공데이터포털),https://www.data.go.kr/data/15084581/fileData.do,2026-04
x2714,venture,확인 유형 혁신성장유형 · 재확인 · 확인기관 벤처기업확인기관 · 업종 전자 응용 절삭기계 제조업 · 주생산품 자동차자동화기계,2023-08-03,2026-08-02,중소벤처기업부 벤처기업명단(공공데이터포털),https://www.data.go.kr/data/15084581/fileData.do,2026-04
x2724,venture,"확인 유형 연구개발유형 · 재확인 · 확인기관 벤처기업확인기관 · 업종 기타 공학 연구개발업 · 주생산품 자율비행S/W, 직접생산드론, 항공촬영 및 실측 등",2025-04-27,2028-04-26,중소벤처기업부 벤처기업명단(공공데이터포털),https://www.data.go.kr/data/15084581/fileData.do,2026-04
x2730,venture,확인 유형 혁신성장유형 · 재확인 · 확인기관 벤처기업확인기관 · 업종 시스템 소프트웨어 개발 및 공급업 · 주생산품 국방소프트웨어헬스케어소프트웨어,2026-02-09,2029-02-08,중소벤처기업부 벤처기업명단(공공데이터포털),https://www.data.go.kr/data/15084581/fileData.do,2026-04
x2822,venture,"확인 유형 벤처투자유형 · 신규 · 확인기관 벤처기업확인기관 · 업종 일반철물 제조업 · 주생산품 철물제조및판매,도장및가공",2025-06-05,2028-06-04,중소벤처기업부 벤처기업명단(공공데이터포털),https://www.data.go.kr/data/15084581/fileData.do,2026-04
x2864,venture,확인 유형 혁신성장유형 · 재확인 · 확인기관 벤처기업확인기관 · 업종 그 외 기타 식료품 제조업 · 주생산품 제조외,2024-02-26,2027-02-25,중소벤처기업부 벤처기업명단(공공데이터포털),https://www.data.go.kr/data/15084581/fileData.do,2026-04
x2870,venture,확인 유형 혁신성장유형 · 재확인 · 확인기관 벤처기업확인기관 · 업종 그 외 기타 의료용 기기 제조업 · 주생산품 의료기기 화장품,2024-08-24,2027-08-23,중소벤처기업부 벤처기업명단(공공데이터포털),https://www.data.go.kr/data/15084581/fileData.do,2026-04
x2872,venture,확인 유형 연구개발유형 · 재확인 · 확인기관 벤처기업확인기관 · 업종 그 외 기타 의료용 기기 제조업 · 주생산품 복합재료용골이식재,2024-05-16,2027-05-15,중소벤처기업부 벤처기업명단(공공데이터포털),https://www.data.go.kr/data/15084581/fileData.do,2026-04
x2878,venture,확인 유형 혁신성장유형 · 재확인 · 확인기관 벤처기업확인기관 · 업종 절삭가공 및 유사처리업 · 주생산품 로봇부품,2024-04-29,2027-04-28,중소벤처기업부 벤처기업명단(공공데이터포털),https://www.data.go.kr/data/15084581/fileData.do,2026-04
x2889,venture,확인 유형 연구개발유형 · 재확인 · 확인기관 벤처기업확인기관 · 업종 그 외 기타 특수목적용 기계 제조업 · 주생산품 반응기 유무기나노입자,2025-06-13,2028-06-12,중소벤처기업부 벤처기업명단(공공데이터포털),https://www.data.go.kr/data/15084581/fileData.do,2026-04
x2936,venture,확인 유형 연구개발유형 · 재확인 · 확인기관 벤처기업확인기관 · 업종 응용 소프트웨어 개발 및 공급업 · 주생산품 보안소프트웨어개발및공급,2024-04-02,2027-04-01,중소벤처기업부 벤처기업명단(공공데이터포털),https://www.data.go.kr/data/15084581/fileData.do,2026-04
x2943,venture,확인 유형 혁신성장유형 · 재확인 · 확인기관 벤처기업확인기관 · 업종 화장품 제조업 · 주생산품 화장품,2024-04-10,2027-04-09,중소벤처기업부 벤처기업명단(공공데이터포털),https://www.data.go.kr/data/15084581/fileData.do,2026-04
x2953,venture,"확인 유형 혁신성장유형 · 재확인 · 확인기관 벤처기업확인기관 · 업종 기타 인쇄관련 산업 · 주생산품 디지털인쇄,전사인쇄용 소재,판촉물",2025-06-24,2028-06-23,중소벤처기업부 벤처기업명단(공공데이터포털),https://www.data.go.kr/data/15084581/fileData.do,2026-04
x2957,venture,"확인 유형 연구개발유형 · 재확인 · 확인기관 벤처기업확인기관 · 업종 응용 소프트웨어 개발 및 공급업 · 주생산품 aiaiplay,모두의 스포츠,가상현실 솔루션",2024-07-04,2027-07-03,중소벤처기업부 벤처기업명단(공공데이터포털),https://www.data.go.kr/data/15084581/fileData.do,2026-04
x2980,venture,"확인 유형 혁신성장유형 · 재확인 · 확인기관 벤처기업확인기관 · 업종 기타 무선 통신장비 제조업 · 주생산품 주변기기(자동차중앙제어장치),RFID/RTLS시스템,건설용계측장비,컴퓨터 제조,무역/정보처리,컴퓨터운용,연구,개발",2024-05-29,2027-05-28,중소벤처기업부 벤처기업명단(공공데이터포털),https://www.data.go.kr/data/15084581/fileData.do,2026-04
x2994,bi,"센터 대구경북중소기업청경북대학교중소기업성장지원센터 · 운영기관 대구경북지방중소벤처기업청 · 법인기업 · 업종 정보처리및컴퓨터관련업 · 주생산품 베트남, 중국 통관 EDI · 창업일 2015-01-01",2021-09-27,,중소벤처기업부 창업보육센터 입주기업현황(공공데이터포털),https://www.data.go.kr/data/15122804/fileData.do,
x3005,venture,"확인 유형 혁신성장유형 · 재확인 · 확인기관 벤처기업확인기관 · 업종 응용 소프트웨어 개발 및 공급업 · 주생산품 소프트웨어 개발/정보통신기기 부품 제조/통신장비,부품 도소매,무역/산업디자인,디자인용역",2025-06-18,2028-06-17,중소벤처기업부 벤처기업명단(공공데이터포털),https://www.data.go.kr/data/15084581/fileData.do,2026-04
x3008,venture,확인 유형 혁신성장유형 · 재확인 · 확인기관 벤처기업확인기관 · 업종 응용 소프트웨어 개발 및 공급업 · 주생산품 소프트웨어자문개발유지보수,2025-09-21,2028-09-20,중소벤처기업부 벤처기업명단(공공데이터포털),https://www.data.go.kr/data/15084581/fileData.do,2026-04
x3018,venture,"확인 유형 혁신성장유형 · 재확인 · 확인기관 벤처기업확인기관 · 업종 컴퓨터시스템 통합 자문 및 구축 서비스업 · 주생산품 컴퓨터통신장비(네트워크인프라) 구축,유지보수,용역,소프트웨어 개발/컴퓨터,주변장치 도소매",2025-04-03,2028-04-02,중소벤처기업부 벤처기업명단(공공데이터포털),https://www.data.go.kr/data/15084581/fileData.do,2026-04
x3022,venture,"확인 유형 연구개발유형 · 재확인 · 확인기관 벤처기업확인기관 · 업종 응용 소프트웨어 개발 및 공급업 · 주생산품 소프트웨어 개발,공급/전자상거래/자연과학,전기전자공학,공학,공학융합 연구개발",2026-01-03,2029-01-02,중소벤처기업부 벤처기업명단(공공데이터포털),https://www.data.go.kr/data/15084581/fileData.do,2026-04
x3026,venture,확인 유형 벤처투자유형 · 재확인 · 확인기관 벤처기업확인기관 · 업종 그 외 기타 의료용 기기 제조업 · 주생산품 의료용 기기 등,2024-03-06,2027-03-05,중소벤처기업부 벤처기업명단(공공데이터포털),https://www.data.go.kr/data/15084581/fileData.do,2026-04
x3037,bi,센터 대구스케일업허브(DASH) · 운영기관 대구광역시 · 법인기업 · 업종 기계/장비제조업 · 주생산품 배터리관리시스템 및 에너지 저장장치 · 창업일 2015-12-16,2022-05-24,,중소벤처기업부 창업보육센터 입주기업현황(공공데이터포털),https://www.data.go.kr/data/15122804/fileData.do,
x3039,venture,확인 유형 혁신성장유형 · 재확인 · 확인기관 벤처기업확인기관 · 업종 환경 관련 엔지니어링 서비스업 · 주생산품 에너지관리시스템,2025-08-13,2028-08-12,중소벤처기업부 벤처기업명단(공공데이터포털),https://www.data.go.kr/data/15084581/fileData.do,2026-04
x3046,venture,"확인 유형 연구개발유형 · 재확인 · 확인기관 벤처기업확인기관 · 업종 직물, 편조원단 및 의복류 염색 가공업 · 주생산품 원단염색임가공",2024-09-12,2027-09-11,중소벤처기업부 벤처기업명단(공공데이터포털),https://www.data.go.kr/data/15084581/fileData.do,2026-04
x3054,venture,확인 유형 벤처투자유형 · 재확인 · 확인기관 벤처기업확인기관 · 업종 응용 소프트웨어 개발 및 공급업 · 주생산품 차량용 소프트웨어,2024-02-14,2027-02-13,중소벤처기업부 벤처기업명단(공공데이터포털),https://www.data.go.kr/data/15084581/fileData.do,2026-04
x3063,venture,확인 유형 벤처투자유형 · 재확인 · 확인기관 벤처기업확인기관 · 업종 응용 소프트웨어 개발 및 공급업 · 주생산품 소프트웨어 개발,2024-11-27,2027-11-26,중소벤처기업부 벤처기업명단(공공데이터포털),https://www.data.go.kr/data/15084581/fileData.do,2026-04
x3066,venture,"확인 유형 연구개발유형 · 재확인 · 확인기관 벤처기업확인기관 · 업종 응용 소프트웨어 개발 및 공급업 · 주생산품 소프트웨어, 콘텐츠개발",2025-11-28,2028-11-27,중소벤처기업부 벤처기업명단(공공데이터포털),https://www.data.go.kr/data/15084581/fileData.do,2026-04
x3070,venture,확인 유형 연구개발유형 · 재확인 · 확인기관 벤처기업확인기관 · 업종 그 외 기타 의료용 기기 제조업 · 주생산품 의료용 확대경 과 진료용 라이트,2025-12-20,2028-12-19,중소벤처기업부 벤처기업명단(공공데이터포털),https://www.data.go.kr/data/15084581/fileData.do,2026-04
x3076,venture,확인 유형 벤처투자유형 · 재확인 · 확인기관 벤처기업확인기관 · 업종 기타 전기 변환장치 제조업 · 주생산품 전기자동차충전기,2024-04-21,2027-04-20,중소벤처기업부 벤처기업명단(공공데이터포털),https://www.data.go.kr/data/15084581/fileData.do,2026-04
x3082,venture,확인 유형 혁신성장유형 · 재확인 · 확인기관 벤처기업확인기관 · 업종 컴퓨터 프로그래밍 서비스업 · 주생산품 소프트웨어,2023-11-29,2026-11-28,중소벤처기업부 벤처기업명단(공공데이터포털),https://www.data.go.kr/data/15084581/fileData.do,2026-04
x3088,venture,확인 유형 연구개발유형 · 신규 · 확인기관 벤처기업확인기관 · 업종 전기ㆍ전자공학 연구개발업 · 주생산품 환경센서응용제품,2023-07-19,2026-07-18,중소벤처기업부 벤처기업명단(공공데이터포털),https://www.data.go.kr/data/15084581/fileData.do,2026-04
x3097,venture,확인 유형 혁신성장유형 · 재확인 · 확인기관 벤처기업확인기관 · 업종 기타 구조용 금속제품 제조업 · 주생산품 교량용품,2025-07-20,2028-07-19,중소벤처기업부 벤처기업명단(공공데이터포털),https://www.data.go.kr/data/15084581/fileData.do,2026-04
x3104,venture,"확인 유형 연구개발유형 · 재확인 · 확인기관 벤처기업확인기관 · 업종 응용 소프트웨어 개발 및 공급업 · 주생산품 CODEMIND CSI, Hatter SCA",2026-03-29,2029-03-28,중소벤처기업부 벤처기업명단(공공데이터포털),https://www.data.go.kr/data/15084581/fileData.do,2026-04
x3106,venture,확인 유형 혁신성장유형 · 재확인 · 확인기관 벤처기업확인기관 · 업종 응용 소프트웨어 개발 및 공급업 · 주생산품 유통ERP,2024-09-15,2027-09-14,중소벤처기업부 벤처기업명단(공공데이터포털),https://www.data.go.kr/data/15084581/fileData.do,2026-04
x3108,bi,센터 대구경북중소기업청경북대학교중소기업성장지원센터 · 운영기관 대구경북지방중소벤처기업청 · 법인기업 · 업종 정보처리및컴퓨터관련업 · 주생산품 pop · 창업일 2016-08-01,2019-04-08,,중소벤처기업부 창업보육센터 입주기업현황(공공데이터포털),https://www.data.go.kr/data/15122804/fileData.do,
x3120,venture,"확인 유형 혁신성장유형 · 신규 · 확인기관 벤처기업확인기관 · 업종 광고 대행업 · 주생산품 홈페이지, 디자인, 광고",2024-07-03,2027-07-02,중소벤처기업부 벤처기업명단(공공데이터포털),https://www.data.go.kr/data/15084581/fileData.do,2026-04
x3141,venture,확인 유형 혁신성장유형 · 재확인 · 확인기관 벤처기업확인기관 · 업종 천연 및 혼합조제 조미료 제조업 · 주생산품 떡볶이 양념,2025-12-27,2028-12-26,중소벤처기업부 벤처기업명단(공공데이터포털),https://www.data.go.kr/data/15084581/fileData.do,2026-04
x3146,bi,센터 대구스케일업허브(DASH) · 운영기관 대구광역시 · 법인기업 · 업종 연구개발/과학서비스업 · 주생산품 Pivo · 창업일 2017-01-05,2021-09-13,,중소벤처기업부 창업보육센터 입주기업현황(공공데이터포털),https://www.data.go.kr/data/15122804/fileData.do,
x3146,venture,"확인 유형 벤처투자유형 · 재확인 · 확인기관 벤처기업확인기관 · 업종 응용 소프트웨어 개발 및 공급업 · 주생산품 소프트웨어 개발,공급,자문/무선통신장비,비디오,영상 기기 제조/사진기,사진용품 도소매",2025-04-26,2028-04-25,중소벤처기업부 벤처기업명단(공공데이터포털),https://www.data.go.kr/data/15084581/fileData.do,2026-04
x3157,venture,확인 유형 벤처투자유형 · 재확인 · 확인기관 벤처기업확인기관 · 업종 기타 가정용 전기기기 제조업 · 주생산품 피부미용기기,2024-07-07,2027-07-06,중소벤처기업부 벤처기업명단(공공데이터포털),https://www.data.go.kr/data/15084581/fileData.do,2026-04
x3161,venture,확인 유형 연구개발유형 · 재확인 · 확인기관 벤처기업확인기관 · 업종 그 외 기타 전자부품 제조업 · 주생산품 레저용 오토트래킹 스마트 위성안테나,2024-09-24,2027-09-23,중소벤처기업부 벤처기업명단(공공데이터포털),https://www.data.go.kr/data/15084581/fileData.do,2026-04
x3162,venture,확인 유형 혁신성장유형 · 재확인 · 확인기관 벤처기업확인기관 · 업종 자수제품 및 자수용재료 제조업 · 주생산품 행사용품 생활용품 타월 기년품 자수제품,2026-02-25,2029-02-24,중소벤처기업부 벤처기업명단(공공데이터포털),https://www.data.go.kr/data/15084581/fileData.do,2026-04
x3163,bi,센터 대구경북중소기업청경북대학교중소기업성장지원센터 · 운영기관 대구경북지방중소벤처기업청 · 법인기업 · 업종 기타서비스업 · 주생산품 컴퓨터 프로그래밍 · 창업일 2017-03-08,2024-06-01,,중소벤처기업부 창업보육센터 입주기업현황(공공데이터포털),https://www.data.go.kr/data/15122804/fileData.do,
x3167,venture,확인 유형 혁신성장유형 · 재확인 · 확인기관 벤처기업확인기관 · 업종 그 외 기타 의복액세서리 제조업 · 주생산품 핸드폰케이스 및 액세서리,2026-01-23,2029-01-22,중소벤처기업부 벤처기업명단(공공데이터포털),https://www.data.go.kr/data/15084581/fileData.do,2026-04
x3175,venture,확인 유형 혁신성장유형 · 재확인 · 확인기관 벤처기업확인기관 · 업종 그 외 기타 특수목적용 기계 제조업 · 주생산품 자동화기계제작,2024-10-18,2027-10-17,중소벤처기업부 벤처기업명단(공공데이터포털),https://www.data.go.kr/data/15084581/fileData.do,2026-04
x3178,venture,확인 유형 벤처투자유형 · 재확인 · 확인기관 벤처기업확인기관 · 업종 그 외 기타 정보 서비스업 · 주생산품 인공지능 IT 서비스,2024-12-05,2027-12-04,중소벤처기업부 벤처기업명단(공공데이터포털),https://www.data.go.kr/data/15084581/fileData.do,2026-04
x3179,venture,확인 유형 벤처투자유형 · 재확인 · 확인기관 벤처기업확인기관 · 업종 시스템 소프트웨어 개발 및 공급업 · 주생산품 자율주행 로봇,2025-03-26,2028-03-25,중소벤처기업부 벤처기업명단(공공데이터포털),https://www.data.go.kr/data/15084581/fileData.do,2026-04
x3183,venture,확인 유형 혁신성장유형 · 재확인 · 확인기관 벤처기업확인기관 · 업종 일반철물 제조업 · 주생산품 소방용품,2024-09-26,2027-09-25,중소벤처기업부 벤처기업명단(공공데이터포털),https://www.data.go.kr/data/15084581/fileData.do,2026-04
x3186,venture,확인 유형 연구개발유형 · 재확인 · 확인기관 벤처기업확인기관 · 업종 응용 소프트웨어 개발 및 공급업 · 주생산품 지식서비스,2025-07-12,2028-07-11,중소벤처기업부 벤처기업명단(공공데이터포털),https://www.data.go.kr/data/15084581/fileData.do,2026-04
x3190,venture,확인 유형 혁신성장유형 · 재확인 · 확인기관 벤처기업확인기관 · 업종 응용 소프트웨어 개발 및 공급업 · 주생산품 AI·XR 기반 교육 / 훈련 / 게임 / 메타버스 솔루션,2025-11-16,2028-11-15,중소벤처기업부 벤처기업명단(공공데이터포털),https://www.data.go.kr/data/15084581/fileData.do,2026-04
x3201,venture,"확인 유형 연구개발유형 · 재확인 · 확인기관 벤처기업확인기관 · 업종 컴퓨터시스템 통합 자문 및 구축 서비스업 · 주생산품 임상시험데이터관리SW, 의료콘텐츠",2024-12-07,2027-12-06,중소벤처기업부 벤처기업명단(공공데이터포털),https://www.data.go.kr/data/15084581/fileData.do,2026-04
x3204,venture,"확인 유형 벤처투자유형 · 재확인 · 확인기관 벤처기업확인기관 · 업종 의학 및 약학 연구개발업 · 주생산품 신약개발,건강기능식품",2024-08-25,2027-08-24,중소벤처기업부 벤처기업명단(공공데이터포털),https://www.data.go.kr/data/15084581/fileData.do,2026-04
x3205,bi,센터 대구경북중소기업청경북대학교중소기업성장지원센터 · 운영기관 대구경북지방중소벤처기업청 · 법인기업 · 업종 정보처리및컴퓨터관련업 · 주생산품 무인결제시스템 · 창업일 2017-10-12,2018-03-01,,중소벤처기업부 창업보육센터 입주기업현황(공공데이터포털),https://www.data.go.kr/data/15122804/fileData.do,
x3208,venture,확인 유형 혁신성장유형 · 재확인 · 확인기관 벤처기업확인기관 · 업종 의학 및 약학 연구개발업 · 주생산품 연구개발업/하이코겔,2025-09-22,2028-09-21,중소벤처기업부 벤처기업명단(공공데이터포털),https://www.data.go.kr/data/15084581/fileData.do,2026-04
x3211,venture,확인 유형 연구개발유형 · 재확인 · 확인기관 벤처기업확인기관 · 업종 기타 자연과학 연구개발업 · 주생산품 콘텍트렌즈형 양막기술,2024-10-31,2027-10-30,중소벤처기업부 벤처기업명단(공공데이터포털),https://www.data.go.kr/data/15084581/fileData.do,2026-04
x3224,venture,확인 유형 혁신성장유형 · 재확인 · 확인기관 벤처기업확인기관 · 업종 응용 소프트웨어 개발 및 공급업 · 주생산품 소프트웨어 개발,2025-07-19,2028-07-18,중소벤처기업부 벤처기업명단(공공데이터포털),https://www.data.go.kr/data/15084581/fileData.do,2026-04
x3225,venture,확인 유형 혁신성장유형 · 재확인 · 확인기관 벤처기업확인기관 · 업종 자동차용 신품 제동장치 제조업 · 주생산품 자율주행자동차,2025-02-23,2028-02-22,중소벤처기업부 벤처기업명단(공공데이터포털),https://www.data.go.kr/data/15084581/fileData.do,2026-04
x3229,venture,확인 유형 연구개발유형 · 재확인 · 확인기관 벤처기업확인기관 · 업종 응용 소프트웨어 개발 및 공급업 · 주생산품 계정 인증 관리 응용소프트웨어,2025-10-23,2028-10-22,중소벤처기업부 벤처기업명단(공공데이터포털),https://www.data.go.kr/data/15084581/fileData.do,2026-04
x3238,venture,"확인 유형 혁신성장유형 · 재확인 · 확인기관 벤처기업확인기관 · 업종 일반용 도료 및 관련제품 제조업 · 주생산품 전자파 차폐소재, 광센서",2024-06-12,2027-06-11,중소벤처기업부 벤처기업명단(공공데이터포털),https://www.data.go.kr/data/15084581/fileData.do,2026-04
x3249,venture,"확인 유형 연구개발유형 · 재확인 · 확인기관 벤처기업확인기관 · 업종 응용 소프트웨어 개발 및 공급업 · 주생산품 웹솔루션, 모바일솔루션, 게임 등",2025-08-09,2028-08-08,중소벤처기업부 벤처기업명단(공공데이터포털),https://www.data.go.kr/data/15084581/fileData.do,2026-04
x3255,venture,확인 유형 혁신성장유형 · 재확인 · 확인기관 벤처기업확인기관 · 업종 컴퓨터 프로그래밍 서비스업 · 주생산품 3차원 위치추적시스템,2026-03-07,2029-03-06,중소벤처기업부 벤처기업명단(공공데이터포털),https://www.data.go.kr/data/15084581/fileData.do,2026-04
x3265,venture,"확인 유형 혁신성장유형 · 재확인 · 확인기관 벤처기업확인기관 · 업종 컴퓨터 프로그래밍 서비스업 · 주생산품 홈페이지 제작/자료처리,호스팅",2025-09-15,2028-09-14,중소벤처기업부 벤처기업명단(공공데이터포털),https://www.data.go.kr/data/15084581/fileData.do,2026-04
x3271,venture,확인 유형 연구개발유형 · 재확인 · 확인기관 벤처기업확인기관 · 업종 치과용 기기 제조업 · 주생산품 치과용 임플란트 및 그 주변기기,2025-04-25,2028-04-24,중소벤처기업부 벤처기업명단(공공데이터포털),https://www.data.go.kr/data/15084581/fileData.do,2026-04
x3283,venture,확인 유형 혁신성장유형 · 재확인 · 확인기관 벤처기업확인기관 · 업종 그 외 기타 정보 서비스업 · 주생산품 인프라보안진단 및 관리 솔루션,2023-06-21,2026-06-20,중소벤처기업부 벤처기업명단(공공데이터포털),https://www.data.go.kr/data/15084581/fileData.do,2026-04
x3288,venture,확인 유형 벤처투자유형 · 재확인 · 확인기관 벤처기업확인기관 · 업종 정형외과용 및 신체보정용 기기 제조업 · 주생산품 디지털 치과 기공물. 임플란트 시술 가이드. 디지털 솔루션 컨설팅,2025-07-27,2028-07-26,중소벤처기업부 벤처기업명단(공공데이터포털),https://www.data.go.kr/data/15084581/fileData.do,2026-04
x3297,venture,"확인 유형 연구개발유형 · 재확인 · 확인기관 벤처기업확인기관 · 업종 컴퓨터 프로그래밍 서비스업 · 주생산품 MediACE3D CAD 소프트웨어, 소아두상교정시스템",2026-01-21,2029-01-20,중소벤처기업부 벤처기업명단(공공데이터포털),https://www.data.go.kr/data/15084581/fileData.do,2026-04
x3308,venture,확인 유형 벤처투자유형 · 재확인 · 확인기관 벤처기업확인기관 · 업종 의학 및 약학 연구개발업 · 주생산품 개량신약 및 항암제 개발,2024-04-25,2027-04-24,중소벤처기업부 벤처기업명단(공공데이터포털),https://www.data.go.kr/data/15084581/fileData.do,2026-04
x3312,venture,"확인 유형 혁신성장유형 · 신규 · 확인기관 벤처기업확인기관 · 업종 박판, 합판 및 유사 적층판 제조업 · 주생산품 화장실칸막이 및 실내벽체마감 패널 제조",2025-07-01,2028-06-30,중소벤처기업부 벤처기업명단(공공데이터포털),https://www.data.go.kr/data/15084581/fileData.do,2026-04
x3315,venture,확인 유형 벤처투자유형 · 재확인 · 확인기관 벤처기업확인기관 · 업종 일반용 전기 조명장치 제조업 · 주생산품 LED조명,2024-09-03,2027-09-02,중소벤처기업부 벤처기업명단(공공데이터포털),https://www.data.go.kr/data/15084581/fileData.do,2026-04
x3316,venture,확인 유형 혁신성장유형 · 재확인 · 확인기관 벤처기업확인기관 · 업종 핸드백 및 지갑 제조업 · 주생산품 친환경 업사이클 패션잡화,2025-09-14,2028-09-13,중소벤처기업부 벤처기업명단(공공데이터포털),https://www.data.go.kr/data/15084581/fileData.do,2026-04
x3317,venture,확인 유형 벤처투자유형 · 재확인 · 확인기관 벤처기업확인기관 · 업종 응용 소프트웨어 개발 및 공급업 · 주생산품 소프트웨어 개발(앱/웹),2024-10-21,2027-10-20,중소벤처기업부 벤처기업명단(공공데이터포털),https://www.data.go.kr/data/15084581/fileData.do,2026-04
x3329,venture,확인 유형 혁신성장유형 · 재확인 · 확인기관 벤처기업확인기관 · 업종 기타 가공 공작기계 제조업 · 주생산품 CNC공작기계 전용공작기계 자동화시스템外,2024-09-24,2027-09-23,중소벤처기업부 벤처기업명단(공공데이터포털),https://www.data.go.kr/data/15084581/fileData.do,2026-04
x3330,venture,확인 유형 혁신성장유형 · 재확인 · 확인기관 벤처기업확인기관 · 업종 응용 소프트웨어 개발 및 공급업 · 주생산품 플랫폼서비스,2025-03-19,2028-03-18,중소벤처기업부 벤처기업명단(공공데이터포털),https://www.data.go.kr/data/15084581/fileData.do,2026-04
x3332,venture,"확인 유형 혁신성장유형 · 재확인 · 확인기관 벤처기업확인기관 · 업종 응용 소프트웨어 개발 및 공급업 · 주생산품 소프트웨어 개발 및 자문, 공급",2025-08-24,2028-08-23,중소벤처기업부 벤처기업명단(공공데이터포털),https://www.data.go.kr/data/15084581/fileData.do,2026-04
x3344,venture,확인 유형 혁신성장유형 · 재확인 · 확인기관 벤처기업확인기관 · 업종 시스템 소프트웨어 개발 및 공급업 · 주생산품 소프트웨어 개발 및 공급업,2024-12-23,2027-12-22,중소벤처기업부 벤처기업명단(공공데이터포털),https://www.data.go.kr/data/15084581/fileData.do,2026-04
x3346,venture,확인 유형 혁신성장유형 · 재확인 · 확인기관 벤처기업확인기관 · 업종 응용 소프트웨어 개발 및 공급업 · 주생산품 인공지능 기반 응용 소프트웨어 및 서비스 플랫폼,2024-07-16,2027-07-15,중소벤처기업부 벤처기업명단(공공데이터포털),https://www.data.go.kr/data/15084581/fileData.do,2026-04
x3350,venture,"확인 유형 벤처투자유형 · 재확인 · 확인기관 벤처기업확인기관 · 업종 산업용 로봇 제조업 · 주생산품 산업용 다목적 자율작업 로봇(AMMR), 배관로봇, 비드제거로봇 등",2025-09-02,2028-09-01,중소벤처기업부 벤처기업명단(공공데이터포털),https://www.data.go.kr/data/15084581/fileData.do,2026-04
x3356,venture,확인 유형 벤처투자유형 · 재확인 · 확인기관 벤처기업확인기관 · 업종 그 외 기타 정보 서비스업 · 주생산품 소프트웨어 개발,2024-08-08,2027-08-07,중소벤처기업부 벤처기업명단(공공데이터포털),https://www.data.go.kr/data/15084581/fileData.do,2026-04
x3363,venture,확인 유형 벤처투자유형 · 재확인 · 확인기관 벤처기업확인기관 · 업종 의학 및 약학 연구개발업 · 주생산품 면역세포치료제,2024-07-17,2027-07-16,중소벤처기업부 벤처기업명단(공공데이터포털),https://www.data.go.kr/data/15084581/fileData.do,2026-04
x3372,venture,확인 유형 혁신성장유형 · 재확인 · 확인기관 벤처기업확인기관 · 업종 농업 및 임업용 기계 제조업 · 주생산품 ICT 모듈형 스마트다단재배시설 및 시스템,2025-05-25,2028-05-24,중소벤처기업부 벤처기업명단(공공데이터포털),https://www.data.go.kr/data/15084581/fileData.do,2026-04
x3377,bi,"센터 대구스케일업허브(DASH) · 운영기관 대구광역시 · 법인기업 · 업종 비금속/금속류제조업 · 주생산품 축전지(리튬이온배터리, 리튬이차전지) · 창업일 2019-02-14",2024-06-01,,중소벤처기업부 창업보육센터 입주기업현황(공공데이터포털),https://www.data.go.kr/data/15122804/fileData.do,
x3377,venture,확인 유형 벤처투자유형 · 재확인 · 확인기관 벤처기업확인기관 · 업종 일차전지 제조업 · 주생산품 일차전지 및 축전지,2026-02-22,2029-02-21,중소벤처기업부 벤처기업명단(공공데이터포털),https://www.data.go.kr/data/15084581/fileData.do,2026-04
x3378,bi,센터 대구경북중소기업청경북대학교중소기업성장지원센터 · 운영기관 대구경북지방중소벤처기업청 · 법인기업 · 업종 석유화학제품제조업 · 주생산품 스마트구명조끼 · 창업일 2019-01-16,2020-07-04,,중소벤처기업부 창업보육센터 입주기업현황(공공데이터포털),https://www.data.go.kr/data/15122804/fileData.do,
x3383,venture,확인 유형 혁신성장유형 · 재확인 · 확인기관 벤처기업확인기관 · 업종 컴퓨터 프로그래밍 서비스업 · 주생산품 컴퓨터 프로그램 서비스,2024-09-24,2027-09-23,중소벤처기업부 벤처기업명단(공공데이터포털),https://www.data.go.kr/data/15084581/fileData.do,2026-04
x3391,venture,확인 유형 벤처투자유형 · 재확인 · 확인기관 벤처기업확인기관 · 업종 그 외 기타 의료용 기기 제조업 · 주생산품 디지털헬스케어 제품,2025-05-11,2028-05-10,중소벤처기업부 벤처기업명단(공공데이터포털),https://www.data.go.kr/data/15084581/fileData.do,2026-04
x3396,venture,"확인 유형 연구개발유형 · 재확인 · 확인기관 벤처기업확인기관 · 업종 그 외 기타 의료용 기기 제조업 · 주생산품 의료기기(창상피복재), 의약외품, 유기농업자재, 건강음료 등",2025-03-19,2028-03-18,중소벤처기업부 벤처기업명단(공공데이터포털),https://www.data.go.kr/data/15084581/fileData.do,2026-04
x3402,venture,확인 유형 혁신성장유형 · 재확인 · 확인기관 벤처기업확인기관 · 업종 응용 소프트웨어 개발 및 공급업 · 주생산품 소프트웨어프로그램,2025-11-24,2028-11-23,중소벤처기업부 벤처기업명단(공공데이터포털),https://www.data.go.kr/data/15084581/fileData.do,2026-04
x3414,venture,"확인 유형 연구개발유형 · 신규 · 확인기관 벤처기업확인기관 · 업종 컴퓨터 프로그래밍 서비스업 · 주생산품 내부회계, 학생역량관리",2024-07-10,2027-07-09,중소벤처기업부 벤처기업명단(공공데이터포털),https://www.data.go.kr/data/15084581/fileData.do,2026-04
x3416,venture,"확인 유형 연구개발유형 · 재확인 · 확인기관 벤처기업확인기관 · 업종 응용 소프트웨어 개발 및 공급업 · 주생산품 Ark CDD, Ark for Oracle",2024-12-20,2027-12-19,중소벤처기업부 벤처기업명단(공공데이터포털),https://www.data.go.kr/data/15084581/fileData.do,2026-04
x3417,venture,"확인 유형 혁신성장유형 · 신규 · 확인기관 벤처기업확인기관 · 업종 시스템 소프트웨어 개발 및 공급업 · 주생산품 시스템 소프트웨어 개발 및 공급업,블록체인기반 컴퓨터 시스템 통합 자문 및 구축 서비스업,소프트웨어 개발 및 공급업",2024-08-06,2027-08-05,중소벤처기업부 벤처기업명단(공공데이터포털),https://www.data.go.kr/data/15084581/fileData.do,2026-04
x3420,venture,확인 유형 연구개발유형 · 재확인 · 확인기관 벤처기업확인기관 · 업종 컴퓨터 프로그래밍 서비스업 · 주생산품 시스템 제어 프로그램,2025-11-23,2028-11-22,중소벤처기업부 벤처기업명단(공공데이터포털),https://www.data.go.kr/data/15084581/fileData.do,2026-04
x3426,venture,"확인 유형 혁신성장유형 · 재확인 · 확인기관 벤처기업확인기관 · 업종 그 외 기타 특수목적용 기계 제조업 · 주생산품 환경설비[대기,수질]",2026-04-22,2029-04-21,중소벤처기업부 벤처기업명단(공공데이터포털),https://www.data.go.kr/data/15084581/fileData.do,2026-04
x3436,venture,"확인 유형 혁신성장유형 · 재확인 · 확인기관 벤처기업확인기관 · 업종 전자기 측정, 시험 및 분석기구 제조업 · 주생산품 전자기 측정, 시험 및 분석 기구 제조업,전기전자부품, 영상처리시스템,무역,시스템 소프트웨어 개발 및 공급업, 기계설계 하드웨어 개발",2026-02-24,2029-02-23,중소벤처기업부 벤처기업명단(공공데이터포털),https://www.data.go.kr/data/15084581/fileData.do,2026-04
x3438,bi,센터 계명대학교 창업보육센터 · 운영기관 계명대학교 · 법인기업 · 업종 비금속/금속류제조업 · 주생산품 열전소자 · 창업일 2019-10-18,2019-05-01,,중소벤처기업부 창업보육센터 입주기업현황(공공데이터포털),https://www.data.go.kr/data/15122804/fileData.do,
x3446,bi,센터 대구스케일업허브(DASH) · 운영기관 대구광역시 · 법인기업 · 업종 정보처리및컴퓨터관련업 · 주생산품 어린이 통학버스 통합 안전 스마트 모빌리티 서비스 · 창업일 2019-05-09,2025-02-01,,중소벤처기업부 창업보육센터 입주기업현황(공공데이터포털),https://www.data.go.kr/data/15122804/fileData.do,
x3446,venture,확인 유형 혁신성장유형 · 재확인 · 확인기관 벤처기업확인기관 · 업종 그 외 기타 정보 서비스업 · 주생산품 소프트웨어개발.전자상거래도소매,2024-07-21,2027-07-20,중소벤처기업부 벤처기업명단(공공데이터포털),https://www.data.go.kr/data/15084581/fileData.do,2026-04
x3448,bi,센터 중진공 대구 창업보육센터(Post-BI) · 운영기관 중소벤처기업진흥공단 · 법인기업 · 업종 생활용품제조업 · 주생산품 성인용기저귀 · 창업일 2019-11-12,2026-02-19,,중소벤처기업부 창업보육센터 입주기업현황(공공데이터포털),https://www.data.go.kr/data/15122804/fileData.do,
x3452,venture,확인 유형 혁신성장유형 · 재확인 · 확인기관 벤처기업확인기관 · 업종 기타 공학 연구개발업 · 주생산품 인체보호복,2025-06-16,2028-06-15,중소벤처기업부 벤처기업명단(공공데이터포털),https://www.data.go.kr/data/15084581/fileData.do,2026-04
x3453,bi,센터 대구경북중소기업청경북대학교중소기업성장지원센터 · 운영기관 대구경북지방중소벤처기업청 · 법인기업 · 업종 정보처리및컴퓨터관련업 · 주생산품 생산관리시스템 · 창업일 2020-01-08,2026-01-01,,중소벤처기업부 창업보육센터 입주기업현황(공공데이터포털),https://www.data.go.kr/data/15122804/fileData.do,
x3456,venture,확인 유형 벤처투자유형 · 재확인 · 확인기관 벤처기업확인기관 · 업종 그 외 기타 의료용 기기 제조업 · 주생산품 의료기기,2025-06-04,2028-06-03,중소벤처기업부 벤처기업명단(공공데이터포털),https://www.data.go.kr/data/15084581/fileData.do,2026-04
x3464,venture,"확인 유형 벤처투자유형 · 재확인 · 확인기관 벤처기업확인기관 · 업종 그 외 기타 의료용 기기 제조업 · 주생산품 그 외 기타 의료용 기기 제조업,화장품 도매,의료기기 소매,화장품 소매,통신판매업,소프트웨어자문, 개발 및 공급업,온라인 정보 제공업,제품 디자인업",2025-07-21,2028-07-20,중소벤처기업부 벤처기업명단(공공데이터포털),https://www.data.go.kr/data/15084581/fileData.do,2026-04
x3483,bi,센터 대구스케일업허브(DASH) · 운영기관 대구광역시 · 법인기업 · 업종 연구개발/과학서비스업 · 주생산품 서비스 플랫폼 및 S/W 개발 · 창업일 2020-06-30,2021-09-06,,중소벤처기업부 창업보육센터 입주기업현황(공공데이터포털),https://www.data.go.kr/data/15122804/fileData.do,
x3483,venture,확인 유형 혁신성장유형 · 재확인 · 확인기관 벤처기업확인기관 · 업종 데이터베이스 및 온라인정보 제공업 · 주생산품 인공지능 솔루션 개발,2025-11-30,2028-11-29,중소벤처기업부 벤처기업명단(공공데이터포털),https://www.data.go.kr/data/15084581/fileData.do,2026-04
x3490,bi,센터 대구스케일업허브(DASH) · 운영기관 대구광역시 · 법인기업 · 업종 정보처리및컴퓨터관련업 · 주생산품 스마트 팩토리 구축 솔루션 · 창업일 2020-01-08,2021-09-06,,중소벤처기업부 창업보육센터 입주기업현황(공공데이터포털),https://www.data.go.kr/data/15122804/fileData.do,
x3496,venture,확인 유형 벤처투자유형 · 재확인 · 확인기관 벤처기업확인기관 · 업종 기어 및 동력전달장치 제조업 · 주생산품 기어 및 동력전달장치,2024-09-15,2027-09-14,중소벤처기업부 벤처기업명단(공공데이터포털),https://www.data.go.kr/data/15084581/fileData.do,2026-04
x3497,venture,확인 유형 벤처투자유형 · 재확인 · 확인기관 벤처기업확인기관 · 업종 응용 소프트웨어 개발 및 공급업 · 주생산품 앱 서비스,2025-03-30,2028-03-29,중소벤처기업부 벤처기업명단(공공데이터포털),https://www.data.go.kr/data/15084581/fileData.do,2026-04
x3511,venture,확인 유형 혁신성장유형 · 재확인 · 확인기관 벤처기업확인기관 · 업종 시스템 소프트웨어 개발 및 공급업 · 주생산품 마이크로파 레이더,2024-09-16,2027-09-15,중소벤처기업부 벤처기업명단(공공데이터포털),https://www.data.go.kr/data/15084581/fileData.do,2026-04
x3516,venture,확인 유형 혁신성장유형 · 재확인 · 확인기관 벤처기업확인기관 · 업종 그 외 기타 전자부품 제조업 · 주생산품 음원 및 영상 방송장비 반도체 검사장비 모듈,2023-05-31,2026-05-30,중소벤처기업부 벤처기업명단(공공데이터포털),https://www.data.go.kr/data/15084581/fileData.do,2026-04
x3523,venture,"확인 유형 혁신성장유형 · 재확인 · 확인기관 벤처기업확인기관 · 업종 기타 공학 연구개발업 · 주생산품 연구개발업,자동차용 BLDC 모터 및 제어기,드론용 BLDC 모터 및 제어기",2024-10-29,2027-10-28,중소벤처기업부 벤처기업명단(공공데이터포털),https://www.data.go.kr/data/15084581/fileData.do,2026-04
x3524,venture,확인 유형 혁신성장유형 · 재확인 · 확인기관 벤처기업확인기관 · 업종 산업용 로봇 제조업 · 주생산품 무인로봇바리스타시스템,2025-09-14,2028-09-13,중소벤처기업부 벤처기업명단(공공데이터포털),https://www.data.go.kr/data/15084581/fileData.do,2026-04
x3527,venture,"확인 유형 벤처투자유형 · 재확인 · 확인기관 벤처기업확인기관 · 업종 정형외과용 및 신체보정용 기기 제조업 · 주생산품 정형 외과용 및 신체 보정용 기기 제조업,그 외 기타 의료용 기기 제조업,산업 처리공정 제어장비 제조업,자연과학 및 공학 융합 연구개발업",2024-08-18,2027-08-17,중소벤처기업부 벤처기업명단(공공데이터포털),https://www.data.go.kr/data/15084581/fileData.do,2026-04
x3528,venture,확인 유형 벤처투자유형 · 재확인 · 확인기관 벤처기업확인기관 · 업종 데이터베이스 및 온라인정보 제공업 · 주생산품 AI기반 매장 맞춤형 정기청소,2025-08-24,2028-08-23,중소벤처기업부 벤처기업명단(공공데이터포털),https://www.data.go.kr/data/15084581/fileData.do,2026-04
x3533,venture,"확인 유형 혁신성장유형 · 재확인 · 확인기관 벤처기업확인기관 · 업종 기타 물품 취급장비 제조업 · 주생산품 이송로봇, 실내측위모듈",2024-05-28,2027-05-27,중소벤처기업부 벤처기업명단(공공데이터포털),https://www.data.go.kr/data/15084581/fileData.do,2026-04
x3561,bi,센터 대구스케일업허브(DASH) · 운영기관 대구광역시 · 법인기업 · 업종 정보처리및컴퓨터관련업 · 주생산품 스마트 소변 검사 측정 시스템과 센서 소재 확장 · 창업일 2020-11-20,2024-06-01,,중소벤처기업부 창업보육센터 입주기업현황(공공데이터포털),https://www.data.go.kr/data/15122804/fileData.do,
x3561,venture,"확인 유형 벤처투자유형 · 재확인 · 확인기관 벤처기업확인기관 · 업종 기타 공학 연구개발업 · 주생산품 의료기기, 웰니스 제품",2026-02-25,2029-02-24,중소벤처기업부 벤처기업명단(공공데이터포털),https://www.data.go.kr/data/15084581/fileData.do,2026-04
x3562,venture,확인 유형 혁신성장유형 · 재확인 · 확인기관 벤처기업확인기관 · 업종 시스템 소프트웨어 개발 및 공급업 · 주생산품 스마트공장 MES,2026-02-23,2029-02-22,중소벤처기업부 벤처기업명단(공공데이터포털),https://www.data.go.kr/data/15084581/fileData.do,2026-04
x3570,bi,"센터 계명대학교 창업보육센터 · 운영기관 계명대학교 · 법인기업 · 업종 기계/장비제조업 · 주생산품 한국형 전기오토바이, 모빌리티 제조 및 플랫폼 · 창업일 2020-05-18",2023-11-01,,중소벤처기업부 창업보육센터 입주기업현황(공공데이터포털),https://www.data.go.kr/data/15122804/fileData.do,
x3570,venture,확인 유형 혁신성장유형 · 재확인 · 확인기관 벤처기업확인기관 · 업종 응용 소프트웨어 개발 및 공급업 · 주생산품 시스템 응용소프트웨어 개발,2024-08-11,2027-08-10,중소벤처기업부 벤처기업명단(공공데이터포털),https://www.data.go.kr/data/15084581/fileData.do,2026-04
x3576,venture,확인 유형 혁신성장유형 · 재확인 · 확인기관 벤처기업확인기관 · 업종 그 외 기타 특수목적용 기계 제조업 · 주생산품 SMT자동화장비,2025-05-04,2028-05-03,중소벤처기업부 벤처기업명단(공공데이터포털),https://www.data.go.kr/data/15084581/fileData.do,2026-04
x3578,venture,"확인 유형 혁신성장유형 · 신규 · 확인기관 벤처기업확인기관 · 업종 기타 전기 변환장치 제조업 · 주생산품 전기차충전기, 전기차충전기 유지보수, 자동차부품, 소프트웨어 개발 등",2024-05-14,2027-05-13,중소벤처기업부 벤처기업명단(공공데이터포털),https://www.data.go.kr/data/15084581/fileData.do,2026-04
x3586,venture,"확인 유형 혁신성장유형 · 재확인 · 확인기관 벤처기업확인기관 · 업종 응용 소프트웨어 개발 및 공급업 · 주생산품 소프트웨어 개발 및 공급업,전기ㆍ전자공학 연구개발업,산업용 솔루션개발, 환경컨설팅",2024-06-23,2027-06-22,중소벤처기업부 벤처기업명단(공공데이터포털),https://www.data.go.kr/data/15084581/fileData.do,2026-04
x3594,bi,센터 대구스케일업허브(DASH) · 운영기관 대구광역시 · 법인기업 · 업종 정보처리및컴퓨터관련업 · 주생산품 데이터기반 소프트웨어개발서비스 플랫폼 · 창업일 2021-01-25,2021-09-13,,중소벤처기업부 창업보육센터 입주기업현황(공공데이터포털),https://www.data.go.kr/data/15122804/fileData.do,
x3594,venture,확인 유형 혁신성장유형 · 재확인 · 확인기관 벤처기업확인기관 · 업종 응용 소프트웨어 개발 및 공급업 · 주생산품 Safe Data v1.0 /교통단속관제솔루션/재난안전예측솔루션/스마트시티서비스로우코드개발플랫폼,2024-11-17,2027-11-16,중소벤처기업부 벤처기업명단(공공데이터포털),https://www.data.go.kr/data/15084581/fileData.do,2026-04
x3602,venture,확인 유형 혁신성장유형 · 재확인 · 확인기관 벤처기업확인기관 · 업종 응용 소프트웨어 개발 및 공급업 · 주생산품 소프트웨어,2024-06-23,2027-06-22,중소벤처기업부 벤처기업명단(공공데이터포털),https://www.data.go.kr/data/15084581/fileData.do,2026-04
x3605,venture,"확인 유형 연구개발유형 · 신규 · 확인기관 벤처기업확인기관 · 업종 응용 소프트웨어 개발 및 공급업 · 주생산품 응용소프트웨어 개발,공급/인터넷 정보 매개/컴퓨터시스템 통합 자문,구축,컴퓨터 프로그래밍",2024-12-10,2027-12-09,중소벤처기업부 벤처기업명단(공공데이터포털),https://www.data.go.kr/data/15084581/fileData.do,2026-04
x3615,venture,확인 유형 벤처투자유형 · 재확인 · 확인기관 벤처기업확인기관 · 업종 컴퓨터 프로그래밍 서비스업 · 주생산품 모바일 앱 플랫폼,2024-11-10,2027-11-09,중소벤처기업부 벤처기업명단(공공데이터포털),https://www.data.go.kr/data/15084581/fileData.do,2026-04
x3619,venture,"확인 유형 혁신성장유형 · 신규 · 확인기관 벤처기업확인기관 · 업종 그 외 기타 특수목적용 기계 제조업 · 주생산품 산업용세정기, 산업기계",2024-07-16,2027-07-15,중소벤처기업부 벤처기업명단(공공데이터포털),https://www.data.go.kr/data/15084581/fileData.do,2026-04
x3632,venture,확인 유형 혁신성장유형 · 신규 · 확인기관 벤처기업확인기관 · 업종 응용 소프트웨어 개발 및 공급업 · 주생산품 스마트팜 솔루션,2023-09-27,2026-09-26,중소벤처기업부 벤처기업명단(공공데이터포털),https://www.data.go.kr/data/15084581/fileData.do,2026-04
x3634,venture,확인 유형 연구개발유형 · 재확인 · 확인기관 벤처기업확인기관 · 업종 의학 및 약학 연구개발업 · 주생산품 바이오의약품및바이오의약사업관련연구개발,2025-10-05,2028-10-04,중소벤처기업부 벤처기업명단(공공데이터포털),https://www.data.go.kr/data/15084581/fileData.do,2026-04
x3638,venture,확인 유형 벤처투자유형 · 재확인 · 확인기관 벤처기업확인기관 · 업종 기타 음향기기 제조업 · 주생산품 음향기기,2025-03-23,2028-03-22,중소벤처기업부 벤처기업명단(공공데이터포털),https://www.data.go.kr/data/15084581/fileData.do,2026-04
x3645,venture,"확인 유형 벤처투자유형 · 신규 · 확인기관 벤처기업확인기관 · 업종 물리, 화학 및 생물학 연구개발업 · 주생산품 이산화탄소 포집체",2024-01-31,2027-01-30,중소벤처기업부 벤처기업명단(공공데이터포털),https://www.data.go.kr/data/15084581/fileData.do,2026-04
x3651,venture,확인 유형 혁신성장유형 · 신규 · 확인기관 벤처기업확인기관 · 업종 가방 및 기타 보호용 케이스 제조업 · 주생산품 가방 의류 주얼리,2025-09-30,2028-09-29,중소벤처기업부 벤처기업명단(공공데이터포털),https://www.data.go.kr/data/15084581/fileData.do,2026-04
x3654,bi,센터 경북대학교 창업보육센터 · 운영기관 경북대학교 · 법인기업 · 업종 연구개발/과학서비스업 · 주생산품 응용 소프트웨어 · 창업일 2021-08-03,2022-07-12,,중소벤처기업부 창업보육센터 입주기업현황(공공데이터포털),https://www.data.go.kr/data/15122804/fileData.do,
x3654,venture,확인 유형 벤처투자유형 · 재확인 · 확인기관 벤처기업확인기관 · 업종 시스템 소프트웨어 개발 및 공급업 · 주생산품 소프트웨어 개발 및 공급업,2025-12-21,2028-12-20,중소벤처기업부 벤처기업명단(공공데이터포털),https://www.data.go.kr/data/15084581/fileData.do,2026-04
x3655,venture,확인 유형 혁신성장유형 · 신규 · 확인기관 벤처기업확인기관 · 업종 산업처리공정 제어장비 제조업 · 주생산품 생산자동화설비 제작 및 시운전,2024-09-11,2027-09-10,중소벤처기업부 벤처기업명단(공공데이터포털),https://www.data.go.kr/data/15084581/fileData.do,2026-04
x3659,venture,"확인 유형 벤처투자유형 · 재확인 · 확인기관 벤처기업확인기관 · 업종 응용 소프트웨어 개발 및 공급업 · 주생산품 소프트웨어 개발 및 공급업,기타 음식점업",2025-06-05,2028-06-04,중소벤처기업부 벤처기업명단(공공데이터포털),https://www.data.go.kr/data/15084581/fileData.do,2026-04
x3660,venture,확인 유형 벤처투자유형 · 재확인 · 확인기관 벤처기업확인기관 · 업종 응용 소프트웨어 개발 및 공급업 · 주생산품 신약 개발에 사용되는 S/W 솔루션,2024-12-29,2027-12-28,중소벤처기업부 벤처기업명단(공공데이터포털),https://www.data.go.kr/data/15084581/fileData.do,2026-04
x3666,venture,확인 유형 벤처투자유형 · 재확인 · 확인기관 벤처기업확인기관 · 업종 응용 소프트웨어 개발 및 공급업 · 주생산품 소프트웨어 개발 및 공급업,2024-11-24,2027-11-23,중소벤처기업부 벤처기업명단(공공데이터포털),https://www.data.go.kr/data/15084581/fileData.do,2026-04
x3668,venture,확인 유형 혁신성장유형 · 신규 · 확인기관 벤처기업확인기관 · 업종 응용 소프트웨어 개발 및 공급업 · 주생산품 스마트팩토리 서비스 플렛폼,2023-05-03,2026-05-02,중소벤처기업부 벤처기업명단(공공데이터포털),https://www.data.go.kr/data/15084581/fileData.do,2026-04
x3670,venture,"확인 유형 혁신성장유형 · 재확인 · 확인기관 벤처기업확인기관 · 업종 응용 소프트웨어 개발 및 공급업 · 주생산품 모바일 하이퍼 캐주얼 게임 개발,  공간 메타버스 플랫폼",2026-01-11,2029-01-10,중소벤처기업부 벤처기업명단(공공데이터포털),https://www.data.go.kr/data/15084581/fileData.do,2026-04
x3675,venture,확인 유형 혁신성장유형 · 신규 · 확인기관 벤처기업확인기관 · 업종 자동차용 신품 의자 제조업 · 주생산품 자동차용품,2024-12-24,2027-12-23,중소벤처기업부 벤처기업명단(공공데이터포털),https://www.data.go.kr/data/15084581/fileData.do,2026-04
x3685,bi,센터 대구스케일업허브(DASH) · 운영기관 대구광역시 · 법인기업 · 업종 정보처리및컴퓨터관련업 · 주생산품 고객관리 주문 결제 솔루션 · 창업일 2021-12-01,2025-05-01,,중소벤처기업부 창업보육센터 입주기업현황(공공데이터포털),https://www.data.go.kr/data/15122804/fileData.do,
x3685,venture,"확인 유형 벤처투자유형 · 재확인 · 확인기관 벤처기업확인기관 · 업종 데이터베이스 및 온라인정보 제공업 · 주생산품 식당 내 QR 코드를 통한 주문, 결제 시스템",2026-01-11,2029-01-10,중소벤처기업부 벤처기업명단(공공데이터포털),https://www.data.go.kr/data/15084581/fileData.do,2026-04
x3686,venture,확인 유형 혁신성장유형 · 재확인 · 확인기관 벤처기업확인기관 · 업종 기타 정보기술 및 컴퓨터운영 관련 서비스업 · 주생산품 IT 개발,2025-09-03,2028-09-02,중소벤처기업부 벤처기업명단(공공데이터포털),https://www.data.go.kr/data/15084581/fileData.do,2026-04
x3696,venture,"확인 유형 혁신성장유형 · 신규 · 확인기관 벤처기업확인기관 · 업종 기타 가정용 전기기기 제조업 · 주생산품 기타 가정용 전기 기기 제조업,전자제품 및 가전제품,컴퓨터 프로그래밍 서비스업,전자부품연구개발,기타 공학 연구개발업",2025-02-26,2028-02-25,중소벤처기업부 벤처기업명단(공공데이터포털),https://www.data.go.kr/data/15084581/fileData.do,2026-04
x3698,bi,센터 대구스케일업허브(DASH) · 운영기관 대구광역시 · 법인기업 · 업종 정보처리및컴퓨터관련업 · 주생산품 AI 기반 투자 정보 서비스 · 창업일 2022-01-01,2025-08-01,,중소벤처기업부 창업보육센터 입주기업현황(공공데이터포털),https://www.data.go.kr/data/15122804/fileData.do,
x3698,venture,확인 유형 벤처투자유형 · 신규 · 확인기관 벤처기업확인기관 · 업종 응용 소프트웨어 개발 및 공급업 · 주생산품 플랫폼개발,2024-07-09,2027-07-08,중소벤처기업부 벤처기업명단(공공데이터포털),https://www.data.go.kr/data/15084581/fileData.do,2026-04
x3699,venture,"확인 유형 벤처투자유형 · 재확인 · 확인기관 벤처기업확인기관 · 업종 육류 기타 가공 및 저장처리업 (가금류 제외) · 주생산품 소곱창, 돼지막창",2025-11-02,2028-11-01,중소벤처기업부 벤처기업명단(공공데이터포털),https://www.data.go.kr/data/15084581/fileData.do,2026-04
x3703,bi,센터 대구스케일업허브(DASH) · 운영기관 대구광역시 · 법인기업 · 업종 기타서비스업 · 주생산품 Autonomy Studio · 창업일 2021-10-22,2024-10-01,,중소벤처기업부 창업보육센터 입주기업현황(공공데이터포털),https://www.data.go.kr/data/15122804/fileData.do,
x3717,venture,"확인 유형 벤처투자유형 · 재확인 · 확인기관 벤처기업확인기관 · 업종 그 외 기타 분류 안된 전문, 과학 및 기술 서비스업 · 주생산품 인공지능 기반 의료솔루션 개발 및 서비스업",2026-03-22,2029-03-21,중소벤처기업부 벤처기업명단(공공데이터포털),https://www.data.go.kr/data/15084581/fileData.do,2026-04
x3725,venture,확인 유형 벤처투자유형 · 재확인 · 확인기관 벤처기업확인기관 · 업종 그 외 기타 금융 지원 서비스업 · 주생산품 그 외 기타 금융 지원 서비스업,2025-07-20,2028-07-19,중소벤처기업부 벤처기업명단(공공데이터포털),https://www.data.go.kr/data/15084581/fileData.do,2026-04
x3728,venture,"확인 유형 혁신성장유형 · 재확인 · 확인기관 벤처기업확인기관 · 업종 그 외 기타 플라스틱 제품 제조업 · 주생산품 블라인드 부품, 금형",2025-12-21,2028-12-20,중소벤처기업부 벤처기업명단(공공데이터포털),https://www.data.go.kr/data/15084581/fileData.do,2026-04
x3741,venture,확인 유형 연구개발유형 · 신규 · 확인기관 벤처기업확인기관 · 업종 기타 전기 변환장치 제조업 · 주생산품 연료전지,2023-06-07,2026-06-06,중소벤처기업부 벤처기업명단(공공데이터포털),https://www.data.go.kr/data/15084581/fileData.do,2026-04
x3742,bi,센터 수성대학교 창업보육센터 · 운영기관 수성대학교 · 법인기업 · 업종 정보처리및컴퓨터관련업 · 주생산품 AI 기반 영상 분석 기술 및 ITS 솔루션 · 창업일 2022-05-06,2022-07-26,,중소벤처기업부 창업보육센터 입주기업현황(공공데이터포털),https://www.data.go.kr/data/15122804/fileData.do,
x3742,venture,확인 유형 연구개발유형 · 신규 · 확인기관 벤처기업확인기관 · 업종 비디오 및 기타 영상기기 제조업 · 주생산품 cctv제조,2023-11-29,2026-11-28,중소벤처기업부 벤처기업명단(공공데이터포털),https://www.data.go.kr/data/15084581/fileData.do,2026-04
x3744,venture,확인 유형 벤처투자유형 · 신규 · 확인기관 벤처기업확인기관 · 업종 응용 소프트웨어 개발 및 공급업 · 주생산품 인지치료소프트웨어,2024-12-03,2027-12-02,중소벤처기업부 벤처기업명단(공공데이터포털),https://www.data.go.kr/data/15084581/fileData.do,2026-04
x3745,venture,"확인 유형 혁신성장유형 · 신규 · 확인기관 벤처기업확인기관 · 업종 직물, 편조원단 및 의복류 염색 가공업 · 주생산품 폴리에스텔 ,나일론",2024-06-26,2027-06-25,중소벤처기업부 벤처기업명단(공공데이터포털),https://www.data.go.kr/data/15084581/fileData.do,2026-04
x3746,venture,"확인 유형 벤처투자유형 · 신규 · 확인기관 벤처기업확인기관 · 업종 자연과학 및 공학 융합 연구개발업 · 주생산품 자연과학 및 공학 융합 연구개발업,생명과학 및 의학연구장비개발, 제조 및 판매업,응용 소프트웨어 개발 및 공급업,물리, 화학 및 생물학 연구개발업,의학 연구",2023-08-30,2026-08-29,중소벤처기업부 벤처기업명단(공공데이터포털),https://www.data.go.kr/data/15084581/fileData.do,2026-04
x3748,venture,"확인 유형 벤처투자유형 · 재확인 · 확인기관 벤처기업확인기관 · 업종 그 외 기타 분류 안된 전문, 과학 및 기술 서비스업 · 주생산품 그래핀 응용제품",2026-03-08,2029-03-07,중소벤처기업부 벤처기업명단(공공데이터포털),https://www.data.go.kr/data/15084581/fileData.do,2026-04
x3750,venture,"확인 유형 연구개발유형 · 신규 · 확인기관 벤처기업확인기관 · 업종 그 외 기타 분류 안된 전문, 과학 및 기술 서비스업 · 주생산품 의료용 소프트웨어 연구개발",2023-12-27,2026-12-26,중소벤처기업부 벤처기업명단(공공데이터포털),https://www.data.go.kr/data/15084581/fileData.do,2026-04
x3756,bi,센터 국가물산업클러스터 창업보육센터 · 운영기관 한국환경공단 국가물산업클러스터 · 법인기업 · 업종 연구개발/과학서비스업 · 주생산품 플랜트 모니터링 시스템 · 창업일 2021-04-01,2021-03-17,,중소벤처기업부 창업보육센터 입주기업현황(공공데이터포털),https://www.data.go.kr/data/15122804/fileData.do,
x3756,venture,확인 유형 연구개발유형 · 신규 · 확인기관 벤처기업확인기관 · 업종 시스템 소프트웨어 개발 및 공급업 · 주생산품 소프트웨어개발,2024-09-04,2027-09-03,중소벤처기업부 벤처기업명단(공공데이터포털),https://www.data.go.kr/data/15084581/fileData.do,2026-04
x3757,venture,"확인 유형 혁신성장유형 · 신규 · 확인기관 벤처기업확인기관 · 업종 화학섬유직물 직조업 · 주생산품 POLYESTER,NYLON,PP FIBER, WORKWEAR",2024-11-19,2027-11-18,중소벤처기업부 벤처기업명단(공공데이터포털),https://www.data.go.kr/data/15084581/fileData.do,2026-04
x3765,venture,"확인 유형 혁신성장유형 · 재확인 · 확인기관 벤처기업확인기관 · 업종 그 외 기타 전기장비 제조업 · 주생산품 3D프린터, UV경화기, 초음파 및 와류 세척기, 레진보관기, 초음파배합기,의료 기기 판매업,4차부자재,3D프린터 재료 무역업(수출입), 3D프린팅서비스,전자상거래",2025-07-13,2028-07-12,중소벤처기업부 벤처기업명단(공공데이터포털),https://www.data.go.kr/data/15084581/fileData.do,2026-04
x3772,venture,확인 유형 벤처투자유형 · 재확인 · 확인기관 벤처기업확인기관 · 업종 모바일 게임 소프트웨어 개발 및 공급업 · 주생산품 모바일 게임 소프트웨어 개발 및 공급업,2025-09-14,2028-09-13,중소벤처기업부 벤처기업명단(공공데이터포털),https://www.data.go.kr/data/15084581/fileData.do,2026-04
x3774,bi,센터 계명대학교 창업보육센터 · 운영기관 계명대학교 · 법인기업 · 업종 정보처리및컴퓨터관련업 · 주생산품 던전 탐색형 2D 액션 인디 게임 · 창업일 2022-06-15,2022-04-01,,중소벤처기업부 창업보육센터 입주기업현황(공공데이터포털),https://www.data.go.kr/data/15122804/fileData.do,
x3775,venture,확인 유형 혁신성장유형 · 재확인 · 확인기관 벤처기업확인기관 · 업종 기타 무선 통신장비 제조업 · 주생산품 표면처리 수작업 로봇 자동화 플랫폼 &apos;Michelo AI&apos;,2025-11-23,2028-11-22,중소벤처기업부 벤처기업명단(공공데이터포털),https://www.data.go.kr/data/15084581/fileData.do,2026-04
x3779,bi,센터 계명대학교 창업보육센터 · 운영기관 계명대학교 · 법인기업 · 업종 정보처리및컴퓨터관련업 · 주생산품 스마트HACCP시스템 · 창업일 2022-05-10,2025-07-07,,중소벤처기업부 창업보육센터 입주기업현황(공공데이터포털),https://www.data.go.kr/data/15122804/fileData.do,
x3779,venture,확인 유형 연구개발유형 · 신규 · 확인기관 벤처기업확인기관 · 업종 전자감지장치 제조업 · 주생산품 소프트웨어 및 센서 장치 개발,2024-03-06,2027-03-05,중소벤처기업부 벤처기업명단(공공데이터포털),https://www.data.go.kr/data/15084581/fileData.do,2026-04
x3783,venture,확인 유형 벤처투자유형 · 신규 · 확인기관 벤처기업확인기관 · 업종 응용 소프트웨어 개발 및 공급업 · 주생산품 ACCIO,2023-09-06,2026-09-05,중소벤처기업부 벤처기업명단(공공데이터포털),https://www.data.go.kr/data/15084581/fileData.do,2026-04
x3786,bi,센터 경북대학교 창업보육센터 · 운영기관 경북대학교 · 법인기업 · 업종 연구개발/과학서비스업 · 주생산품 PET 재활용 용품 · 창업일 2021-10-12,2023-11-20,,중소벤처기업부 창업보육센터 입주기업현황(공공데이터포털),https://www.data.go.kr/data/15122804/fileData.do,
x3786,venture,확인 유형 혁신성장유형 · 신규 · 확인기관 벤처기업확인기관 · 업종 기타 자연과학 연구개발업 · 주생산품 플라스틱분해효소,2023-11-15,2026-11-14,중소벤처기업부 벤처기업명단(공공데이터포털),https://www.data.go.kr/data/15084581/fileData.do,2026-04
x3795,venture,확인 유형 혁신성장유형 · 신규 · 확인기관 벤처기업확인기관 · 업종 반도체 제조용 기계 제조업 · 주생산품 기계제작,2025-02-11,2028-02-10,중소벤처기업부 벤처기업명단(공공데이터포털),https://www.data.go.kr/data/15084581/fileData.do,2026-04
x3796,venture,"확인 유형 연구개발유형 · 신규 · 확인기관 벤처기업확인기관 · 업종 그 외 기타 의료용 기기 제조업 · 주생산품 의료용기기 제조, 시제품제작",2024-04-30,2027-04-29,중소벤처기업부 벤처기업명단(공공데이터포털),https://www.data.go.kr/data/15084581/fileData.do,2026-04
x3799,venture,확인 유형 혁신성장유형 · 신규 · 확인기관 벤처기업확인기관 · 업종 응용 소프트웨어 개발 및 공급업 · 주생산품 비대면 진단전용 생활환경 속 건강관리 어플,2024-01-31,2027-01-30,중소벤처기업부 벤처기업명단(공공데이터포털),https://www.data.go.kr/data/15084581/fileData.do,2026-04
x3800,venture,확인 유형 벤처투자유형 · 신규 · 확인기관 벤처기업확인기관 · 업종 시스템 소프트웨어 개발 및 공급업 · 주생산품 소프트웨어 개발 외,2023-07-05,2026-07-04,중소벤처기업부 벤처기업명단(공공데이터포털),https://www.data.go.kr/data/15084581/fileData.do,2026-04
x3803,venture,확인 유형 벤처투자유형 · 재확인 · 확인기관 벤처기업확인기관 · 업종 응용 소프트웨어 개발 및 공급업 · 주생산품 배달솔루션 프로그램,2025-12-07,2028-12-06,중소벤처기업부 벤처기업명단(공공데이터포털),https://www.data.go.kr/data/15084581/fileData.do,2026-04
x3805,venture,확인 유형 혁신성장유형 · 신규 · 확인기관 벤처기업확인기관 · 업종 자동차 엔진용 신품 부품 제조업 · 주생산품 throttle shaft,2023-06-28,2026-06-27,중소벤처기업부 벤처기업명단(공공데이터포털),https://www.data.go.kr/data/15084581/fileData.do,2026-04
x3806,bi,센터 대구스케일업허브(DASH) · 운영기관 대구광역시 · 법인기업 · 업종 정보처리및컴퓨터관련업 · 주생산품 생성형 AI 기반 요구사항 자동 분석 서비스 · 창업일 2022-09-14,2025-08-01,,중소벤처기업부 창업보육센터 입주기업현황(공공데이터포털),https://www.data.go.kr/data/15122804/fileData.do,
x3806,venture,"확인 유형 혁신성장유형 · 재확인 · 확인기관 벤처기업확인기관 · 업종 응용 소프트웨어 개발 및 공급업 · 주생산품 소방안전 빅데이터 플랫폼, 자가격리자 앱, 화상강의 시스템, 포항시 스마트 주차 관제 서비스 등",2024-08-25,2027-08-24,중소벤처기업부 벤처기업명단(공공데이터포털),https://www.data.go.kr/data/15084581/fileData.do,2026-04
x3812,bi,"센터 대구스케일업허브(DASH) · 운영기관 대구광역시 · 법인기업 · 업종 정보처리및컴퓨터관련업 · 주생산품 AI 기반 업무 문의 모아보기 통합뷰 웹 솔루션, ‘위시워크’ · 창업일 2022-05-18",2024-12-01,,중소벤처기업부 창업보육센터 입주기업현황(공공데이터포털),https://www.data.go.kr/data/15122804/fileData.do,
x3812,venture,"확인 유형 혁신성장유형 · 신규 · 확인기관 벤처기업확인기관 · 업종 컴퓨터 프로그래밍 서비스업 · 주생산품 컴퓨터 프로그래밍 서비스업,호스팅 및 관련 서비스업",2025-08-19,2028-08-18,중소벤처기업부 벤처기업명단(공공데이터포털),https://www.data.go.kr/data/15084581/fileData.do,2026-04
x3814,bi,센터 경북대학교 창업보육센터 · 운영기관 경북대학교 · 법인기업 · 업종 연구개발/과학서비스업 · 주생산품 면역억제제 · 창업일 2022-09-22,2022-10-01,,중소벤처기업부 창업보육센터 입주기업현황(공공데이터포털),https://www.data.go.kr/data/15122804/fileData.do,
x3814,venture,확인 유형 연구개발유형 · 재확인 · 확인기관 벤처기업확인기관 · 업종 의학 및 약학 연구개발업 · 주생산품 기초의약물질및 생물학적 제제,2026-03-15,2029-03-14,중소벤처기업부 벤처기업명단(공공데이터포털),https://www.data.go.kr/data/15084581/fileData.do,2026-04
x3815,venture,"확인 유형 벤처투자유형 · 재확인 · 확인기관 벤처기업확인기관 · 업종 화학섬유직물 직조업 · 주생산품 화학섬유직물 직조업,모직물 직조업,면직물 직조업,직물, 편조 원단 및 의복류 염색 가공업,편조 원단 제조업,전자상거래 소매업,응용 소프트웨어 개발 및 공급",2025-11-16,2028-11-15,중소벤처기업부 벤처기업명단(공공데이터포털),https://www.data.go.kr/data/15084581/fileData.do,2026-04
x3822,bi,센터 경북대학교 창업보육센터 · 운영기관 경북대학교 · 법인기업 · 업종 기계/장비제조업 · 주생산품 가스분석기 · 창업일 2021-07-20,2024-08-01,,중소벤처기업부 창업보육센터 입주기업현황(공공데이터포털),https://www.data.go.kr/data/15122804/fileData.do,
x3822,venture,"확인 유형 벤처투자유형 · 신규 · 확인기관 벤처기업확인기관 · 업종 물질 검사, 측정 및 분석기구 제조업 · 주생산품 산업가스분석기",2024-07-17,2027-07-16,중소벤처기업부 벤처기업명단(공공데이터포털),https://www.data.go.kr/data/15084581/fileData.do,2026-04
x3831,venture,확인 유형 혁신성장유형 · 신규 · 확인기관 벤처기업확인기관 · 업종 컴퓨터 프로그래밍 서비스업 · 주생산품 정보기기 인프라 종합관리 시스템,2025-06-24,2028-06-23,중소벤처기업부 벤처기업명단(공공데이터포털),https://www.data.go.kr/data/15084581/fileData.do,2026-04
x3833,venture,확인 유형 벤처투자유형 · 재확인 · 확인기관 벤처기업확인기관 · 업종 모바일 게임 소프트웨어 개발 및 공급업 · 주생산품 소프트웨어개발,2024-11-24,2027-11-23,중소벤처기업부 벤처기업명단(공공데이터포털),https://www.data.go.kr/data/15084581/fileData.do,2026-04
x3836,venture,"확인 유형 혁신성장유형 · 재확인 · 확인기관 벤처기업확인기관 · 업종 기타 전기 변환장치 제조업 · 주생산품 기타 전기 변환장치 제조업,농업 및 임업용 기계 제조업,산업용 로봇 제조업,에너지 저장장치 제조업,자동차용 신품 전기장치 제조업,전기용 기계ㆍ장비 및 관련",2025-10-19,2028-10-18,중소벤처기업부 벤처기업명단(공공데이터포털),https://www.data.go.kr/data/15084581/fileData.do,2026-04
x3837,venture,확인 유형 벤처투자유형 · 재확인 · 확인기관 벤처기업확인기관 · 업종 응용 소프트웨어 개발 및 공급업 · 주생산품 태깅박스(taggingBox),2026-01-11,2029-01-10,중소벤처기업부 벤처기업명단(공공데이터포털),https://www.data.go.kr/data/15084581/fileData.do,2026-04
x3840,venture,확인 유형 벤처투자유형 · 신규 · 확인기관 벤처기업확인기관 · 업종 응용 소프트웨어 개발 및 공급업 · 주생산품 소프트웨어 개발 및 공급,2023-10-18,2026-10-17,중소벤처기업부 벤처기업명단(공공데이터포털),https://www.data.go.kr/data/15084581/fileData.do,2026-04
x3841,bi,센터 국가물산업클러스터 창업보육센터 · 운영기관 한국환경공단 국가물산업클러스터 · 법인기업 · 업종 기계/장비제조업 · 주생산품 첨단 자율주행 로봇 진단장비 · 창업일 2022-03-10,2022-07-01,,중소벤처기업부 창업보육센터 입주기업현황(공공데이터포털),https://www.data.go.kr/data/15122804/fileData.do,
x3850,bi,센터 대구스케일업허브(DASH) · 운영기관 대구광역시 · 법인기업 · 업종 정보처리및컴퓨터관련업 · 주생산품 블록체인 기반 기부 플랫폼 · 창업일 2022-12-14,2023-07-17,,중소벤처기업부 창업보육센터 입주기업현황(공공데이터포털),https://www.data.go.kr/data/15122804/fileData.do,
x3850,venture,확인 유형 혁신성장유형 · 신규 · 확인기관 벤처기업확인기관 · 업종 시스템 소프트웨어 개발 및 공급업 · 주생산품 SW,2024-04-09,2027-04-08,중소벤처기업부 벤처기업명단(공공데이터포털),https://www.data.go.kr/data/15084581/fileData.do,2026-04
x3853,venture,확인 유형 혁신성장유형 · 신규 · 확인기관 벤처기업확인기관 · 업종 그 외 기타 특수목적용 기계 제조업 · 주생산품 자동화설비,2025-11-19,2028-11-18,중소벤처기업부 벤처기업명단(공공데이터포털),https://www.data.go.kr/data/15084581/fileData.do,2026-04
x3861,venture,확인 유형 혁신성장유형 · 신규 · 확인기관 벤처기업확인기관 · 업종 구조용 금속 판제품 및 공작물 제조업 · 주생산품 구조용 금속 판제품 및 공작물,2024-11-14,2027-11-13,중소벤처기업부 벤처기업명단(공공데이터포털),https://www.data.go.kr/data/15084581/fileData.do,2026-04
x3871,venture,"확인 유형 벤처투자유형 · 재확인 · 확인기관 벤처기업확인기관 · 업종 육상 금속 골조 구조재 제조업 · 주생산품 AL사다리, 작업대",2025-07-20,2028-07-19,중소벤처기업부 벤처기업명단(공공데이터포털),https://www.data.go.kr/data/15084581/fileData.do,2026-04
x3874,bi,센터 대구스케일업허브(DASH) · 운영기관 대구광역시 · 법인기업 · 업종 전자부품등제조업 · 주생산품 반도체 pCMP 공정용 PVA brush · 창업일 2022-07-19,2023-07-17,,중소벤처기업부 창업보육센터 입주기업현황(공공데이터포털),https://www.data.go.kr/data/15122804/fileData.do,
x3874,venture,확인 유형 혁신성장유형 · 신규 · 확인기관 벤처기업확인기관 · 업종 기타 기계장비 조립용 플라스틱 제품 제조업 · 주생산품 반도체 장비 부품,2023-06-14,2026-06-13,중소벤처기업부 벤처기업명단(공공데이터포털),https://www.data.go.kr/data/15084581/fileData.do,2026-04
x3890,venture,확인 유형 연구개발유형 · 신규 · 확인기관 벤처기업확인기관 · 업종 컴퓨터 프로그래밍 서비스업 · 주생산품 빅데이터 기반 대규모 공간연산 S/W,2024-06-04,2027-06-03,중소벤처기업부 벤처기업명단(공공데이터포털),https://www.data.go.kr/data/15084581/fileData.do,2026-04
x3891,venture,"확인 유형 연구개발유형 · 신규 · 확인기관 벤처기업확인기관 · 업종 금속 성형기계 제조업 · 주생산품 철근 가공기계, 파이프 가공기계",2024-09-04,2027-09-03,중소벤처기업부 벤처기업명단(공공데이터포털),https://www.data.go.kr/data/15084581/fileData.do,2026-04
x3895,venture,"확인 유형 혁신성장유형 · 신규 · 확인기관 벤처기업확인기관 · 업종 컴퓨터시스템 통합 자문 및 구축 서비스업 · 주생산품 스마트팩토리 소프트웨어, 증강현실 색칠북",2025-10-28,2028-10-27,중소벤처기업부 벤처기업명단(공공데이터포털),https://www.data.go.kr/data/15084581/fileData.do,2026-04
x3900,bi,센터 대구스케일업허브(DASH) · 운영기관 대구광역시 · 법인기업 · 업종 정보처리및컴퓨터관련업 · 주생산품 의료기 · 창업일 2023-05-01,2023-07-04,,중소벤처기업부 창업보육센터 입주기업현황(공공데이터포털),https://www.data.go.kr/data/15122804/fileData.do,
x3900,venture,확인 유형 혁신성장유형 · 신규 · 확인기관 벤처기업확인기관 · 업종 응용 소프트웨어 개발 및 공급업 · 주생산품 심전도 및 AI를 통한 부정맥 확인 솔루션,2024-11-19,2027-11-18,중소벤처기업부 벤처기업명단(공공데이터포털),https://www.data.go.kr/data/15084581/fileData.do,2026-04
x3909,venture,"확인 유형 혁신성장유형 · 신규 · 확인기관 벤처기업확인기관 · 업종 합성섬유 제조업 · 주생산품 폴레에스터 원단, 폴리 방적 원단 등등",2026-01-13,2029-01-12,중소벤처기업부 벤처기업명단(공공데이터포털),https://www.data.go.kr/data/15084581/fileData.do,2026-04
x3914,venture,"확인 유형 벤처투자유형 · 신규 · 확인기관 벤처기업확인기관 · 업종 컴퓨터 프로그래밍 서비스업 · 주생산품 메타버스 플랫폼 오뜨리움 등의 SNS형 메타버스 플랫폼, 인공지능 기반의 학습용 소프트웨어,",2025-07-08,2028-07-07,중소벤처기업부 벤처기업명단(공공데이터포털),https://www.data.go.kr/data/15084581/fileData.do,2026-04
x3934,bi,센터 국가물산업클러스터 창업보육센터 · 운영기관 한국환경공단 국가물산업클러스터 · 법인기업 · 업종 기계/장비제조업 · 주생산품 태양광을 활용한 CCTV모니터링 시스템을 이용한 옥내외 급배수 공사관리 서비스 · 창업일 2023-03-07,2023-06-01,,중소벤처기업부 창업보육센터 입주기업현황(공공데이터포털),https://www.data.go.kr/data/15122804/fileData.do,
x3934,venture,확인 유형 혁신성장유형 · 신규 · 확인기관 벤처기업확인기관 · 업종 건설 및 채광용 기계장비 제조업 · 주생산품 클라우드형 건설관리시스템,2024-11-06,2027-11-05,중소벤처기업부 벤처기업명단(공공데이터포털),https://www.data.go.kr/data/15084581/fileData.do,2026-04
x3935,venture,"확인 유형 혁신성장유형 · 신규 · 확인기관 벤처기업확인기관 · 업종 그 외 기타 일반목적용 기계 제조업 · 주생산품 측정게이지,일반게이지,자동화검사장비",2025-12-03,2028-12-02,중소벤처기업부 벤처기업명단(공공데이터포털),https://www.data.go.kr/data/15084581/fileData.do,2026-04
x3936,venture,확인 유형 혁신성장유형 · 신규 · 확인기관 벤처기업확인기관 · 업종 육류 도매업 · 주생산품 육가공,2024-10-10,2027-10-09,중소벤처기업부 벤처기업명단(공공데이터포털),https://www.data.go.kr/data/15084581/fileData.do,2026-04
x3958,venture,확인 유형 벤처투자유형 · 신규 · 확인기관 벤처기업확인기관 · 업종 의학 및 약학 연구개발업 · 주생산품 신약,2024-07-10,2027-07-09,중소벤처기업부 벤처기업명단(공공데이터포털),https://www.data.go.kr/data/15084581/fileData.do,2026-04
x3967,venture,확인 유형 혁신성장유형 · 신규 · 확인기관 벤처기업확인기관 · 업종 데이터베이스 및 온라인정보 제공업 · 주생산품 건축업체 데이터베이스 기반 정보구독 및 입찰 플랫폼 웹서비스,2025-06-17,2028-06-16,중소벤처기업부 벤처기업명단(공공데이터포털),https://www.data.go.kr/data/15084581/fileData.do,2026-04
x3973,venture,확인 유형 혁신성장유형 · 신규 · 확인기관 벤처기업확인기관 · 업종 기타 엔지니어링 서비스업 · 주생산품 전기감리,2024-12-10,2027-12-09,중소벤처기업부 벤처기업명단(공공데이터포털),https://www.data.go.kr/data/15084581/fileData.do,2026-04
x3977,venture,"확인 유형 벤처투자유형 · 신규 · 확인기관 벤처기업확인기관 · 업종 데이터베이스 및 온라인정보 제공업 · 주생산품 데이터베이스 및 온라인 정보 제공업,포털 및 기타 인터넷 정보 매개 서비스업,컴퓨터 시스템 통합 자문 및 구축 서비스업,응용 소프트웨어 개발 및 공급업,컴퓨",2024-09-24,2027-09-23,중소벤처기업부 벤처기업명단(공공데이터포털),https://www.data.go.kr/data/15084581/fileData.do,2026-04
x3978,bi,센터 대구스케일업허브(DASH) · 운영기관 대구광역시 · 법인기업 · 업종 정보처리및컴퓨터관련업 · 주생산품 All-IN-ONE 세금 종합 토탈 솔루션 : 환급받go · 창업일 2024-01-09,2025-08-01,,중소벤처기업부 창업보육센터 입주기업현황(공공데이터포털),https://www.data.go.kr/data/15122804/fileData.do,
x3984,venture,"확인 유형 혁신성장유형 · 신규 · 확인기관 벤처기업확인기관 · 업종 컴퓨터 프로그래밍 서비스업 · 주생산품 SI, ERP, WMS",2024-02-14,2027-02-13,중소벤처기업부 벤처기업명단(공공데이터포털),https://www.data.go.kr/data/15084581/fileData.do,2026-04
x3998,venture,확인 유형 벤처투자유형 · 신규 · 확인기관 벤처기업확인기관 · 업종 그 외 기타 달리 분류되지 않은 제품 제조업 · 주생산품 연료전지 촉매,2024-03-27,2027-03-26,중소벤처기업부 벤처기업명단(공공데이터포털),https://www.data.go.kr/data/15084581/fileData.do,2026-04
x4003,venture,확인 유형 연구개발유형 · 신규 · 확인기관 벤처기업확인기관 · 업종 응용 소프트웨어 개발 및 공급업 · 주생산품 SW개발,2025-03-11,2028-03-10,중소벤처기업부 벤처기업명단(공공데이터포털),https://www.data.go.kr/data/15084581/fileData.do,2026-04
x4005,venture,확인 유형 혁신성장유형 · 신규 · 확인기관 벤처기업확인기관 · 업종 탄소섬유 제조업 · 주생산품 업사이클링 그래핀,2025-07-08,2028-07-07,중소벤처기업부 벤처기업명단(공공데이터포털),https://www.data.go.kr/data/15084581/fileData.do,2026-04
x4012,venture,확인 유형 벤처투자유형 · 신규 · 확인기관 벤처기업확인기관 · 업종 그 외 기타 정보 서비스업 · 주생산품 AI  클라우드 서비스,2026-02-25,2029-02-24,중소벤처기업부 벤처기업명단(공공데이터포털),https://www.data.go.kr/data/15084581/fileData.do,2026-04
x4016,venture,"확인 유형 벤처투자유형 · 신규 · 확인기관 벤처기업확인기관 · 업종 비메모리용 및 기타 전자집적회로 제조업 · 주생산품 응용 소프트웨어, 인공지능 반도체",2024-10-02,2027-10-01,중소벤처기업부 벤처기업명단(공공데이터포털),https://www.data.go.kr/data/15084581/fileData.do,2026-04
x4021,bi,센터 수성대학교 창업보육센터 · 운영기관 수성대학교 · 법인기업 · 업종 정보처리및컴퓨터관련업 · 주생산품 AI 기반 헬스케어 서비스 · 창업일 2024-02-28,2024-02-26,,중소벤처기업부 창업보육센터 입주기업현황(공공데이터포털),https://www.data.go.kr/data/15122804/fileData.do,
x4021,venture,확인 유형 혁신성장유형 · 신규 · 확인기관 벤처기업확인기관 · 업종 컴퓨터시스템 통합 자문 및 구축 서비스업 · 주생산품 인공지능 SW,2025-09-16,2028-09-15,중소벤처기업부 벤처기업명단(공공데이터포털),https://www.data.go.kr/data/15084581/fileData.do,2026-04
x4026,venture,확인 유형 혁신성장유형 · 신규 · 확인기관 벤처기업확인기관 · 업종 과실 및 그 외 채소 절임식품 제조업 · 주생산품 견과류 및 견과류 가공품,2025-07-01,2028-06-30,중소벤처기업부 벤처기업명단(공공데이터포털),https://www.data.go.kr/data/15084581/fileData.do,2026-04
x4035,bi,센터 수성대학교 창업보육센터 · 운영기관 수성대학교 · 법인기업 · 업종 정보처리및컴퓨터관련업 · 주생산품 인공지능 기반 교사 채점 훈련 시스템 · 창업일 2024-05-01,2025-03-28,,중소벤처기업부 창업보육센터 입주기업현황(공공데이터포털),https://www.data.go.kr/data/15122804/fileData.do,
x4037,venture,"확인 유형 혁신성장유형 · 신규 · 확인기관 벤처기업확인기관 · 업종 기타 가공 공작기계 제조업 · 주생산품 절삭공구 상태진단 솔루션, 절삭공정 이상감지 솔루션 외",2025-09-17,2028-09-16,중소벤처기업부 벤처기업명단(공공데이터포털),https://www.data.go.kr/data/15084581/fileData.do,2026-04
x4038,bi,센터 대구스케일업허브(DASH) · 운영기관 대구광역시 · 법인기업 · 업종 정보처리및컴퓨터관련업 · 주생산품 전기이륜차 충전 플랫폼 · 창업일 2024-01-08,2023-12-01,,중소벤처기업부 창업보육센터 입주기업현황(공공데이터포털),https://www.data.go.kr/data/15122804/fileData.do,
x4041,bi,센터 수성대학교 창업보육센터 · 운영기관 수성대학교 · 법인기업 · 업종 정보처리및컴퓨터관련업 · 주생산품 음향에 반응하는 인터렉티브 무대영상 솔루션 · 창업일 2024-05-21,2024-07-01,,중소벤처기업부 창업보육센터 입주기업현황(공공데이터포털),https://www.data.go.kr/data/15122804/fileData.do,
x4043,venture,"확인 유형 연구개발유형 · 신규 · 확인기관 벤처기업확인기관 · 업종 전기ㆍ전자공학 연구개발업 · 주생산품 산업용 자동화 로봇 시스템, 금속 절단용 산업 로봇,자동 용접 로봇 시스템,로봇기반 생산 자동화 시스템",2026-04-07,2029-04-06,중소벤처기업부 벤처기업명단(공공데이터포털),https://www.data.go.kr/data/15084581/fileData.do,2026-04
x4045,venture,확인 유형 혁신성장유형 · 신규 · 확인기관 벤처기업확인기관 · 업종 응용 소프트웨어 개발 및 공급업 · 주생산품 소프트웨어 개발 및 공급업,2025-06-05,2028-06-04,중소벤처기업부 벤처기업명단(공공데이터포털),https://www.data.go.kr/data/15084581/fileData.do,2026-04
x4049,bi,센터 경북대학교 창업보육센터 · 운영기관 경북대학교 · 법인기업 · 업종 연구개발/과학서비스업 · 주생산품 AI 기반 제조공정 SW · 창업일 2024-03-26,2025-01-01,,중소벤처기업부 창업보육센터 입주기업현황(공공데이터포털),https://www.data.go.kr/data/15122804/fileData.do,
x4051,venture,확인 유형 혁신성장유형 · 신규 · 확인기관 벤처기업확인기관 · 업종 응용 소프트웨어 개발 및 공급업 · 주생산품 IoT 시스템,2026-02-11,2029-02-10,중소벤처기업부 벤처기업명단(공공데이터포털),https://www.data.go.kr/data/15084581/fileData.do,2026-04
x4056,bi,센터 대구스케일업허브(DASH) · 운영기관 대구광역시 · 법인기업 · 업종 정보처리및컴퓨터관련업 · 주생산품 AI 딥러닝을 활용한 농작물 수확로봇 · 창업일 2024-02-23,2024-12-01,,중소벤처기업부 창업보육센터 입주기업현황(공공데이터포털),https://www.data.go.kr/data/15122804/fileData.do,
x4058,venture,확인 유형 혁신성장유형 · 신규 · 확인기관 벤처기업확인기관 · 업종 컴퓨터 프로그래밍 서비스업 · 주생산품 의료 소프트웨어 솔루션,2025-08-26,2028-08-25,중소벤처기업부 벤처기업명단(공공데이터포털),https://www.data.go.kr/data/15084581/fileData.do,2026-04
x4076,venture,확인 유형 벤처투자유형 · 신규 · 확인기관 벤처기업확인기관 · 업종 산업용 로봇 제조업 · 주생산품 자율이동로봇 소프트웨어,2025-07-22,2028-07-21,중소벤처기업부 벤처기업명단(공공데이터포털),https://www.data.go.kr/data/15084581/fileData.do,2026-04
x4085,venture,"확인 유형 혁신성장유형 · 신규 · 확인기관 벤처기업확인기관 · 업종 플라스틱 적층, 도포 및 기타 표면처리 제품 제조업 · 주생산품 투광성 불연 플라스틱",2024-12-17,2027-12-16,중소벤처기업부 벤처기업명단(공공데이터포털),https://www.data.go.kr/data/15084581/fileData.do,2026-04
x4088,venture,"확인 유형 벤처투자유형 · 신규 · 확인기관 벤처기업확인기관 · 업종 데이터베이스 및 온라인정보 제공업 · 주생산품 데이터베이스 및 온라인 정보 제공업,소프트웨어 개발 및 공급업",2026-02-04,2029-02-03,중소벤처기업부 벤처기업명단(공공데이터포털),https://www.data.go.kr/data/15084581/fileData.do,2026-04
x4091,venture,"확인 유형 혁신성장유형 · 신규 · 확인기관 벤처기업확인기관 · 업종 육류 포장육 및 냉동육 가공업 (가금류 제외) · 주생산품 연어, 돼지고기",2025-06-17,2028-06-16,중소벤처기업부 벤처기업명단(공공데이터포털),https://www.data.go.kr/data/15084581/fileData.do,2026-04
x4094,venture,확인 유형 혁신성장유형 · 신규 · 확인기관 벤처기업확인기관 · 업종 농림수산학 및 수의학 연구개발업 · 주생산품 반려동물 종양돌연변이의 진단과 표적항암제 처방 컨설팅,2024-12-31,2027-12-30,중소벤처기업부 벤처기업명단(공공데이터포털),https://www.data.go.kr/data/15084581/fileData.do,2026-04
x4096,venture,확인 유형 벤처투자유형 · 신규 · 확인기관 벤처기업확인기관 · 업종 시스템 소프트웨어 개발 및 공급업 · 주생산품 차량용 내비게이션,2026-01-28,2029-01-27,중소벤처기업부 벤처기업명단(공공데이터포털),https://www.data.go.kr/data/15084581/fileData.do,2026-04
x4097,venture,확인 유형 혁신성장유형 · 신규 · 확인기관 벤처기업확인기관 · 업종 응용 소프트웨어 개발 및 공급업 · 주생산품 스터디포미 앱,2026-04-14,2029-04-13,중소벤처기업부 벤처기업명단(공공데이터포털),https://www.data.go.kr/data/15084581/fileData.do,2026-04
x4103,venture,확인 유형 혁신성장유형 · 신규 · 확인기관 벤처기업확인기관 · 업종 응용 소프트웨어 개발 및 공급업 · 주생산품 AI 솔루션,2026-03-03,2029-03-02,중소벤처기업부 벤처기업명단(공공데이터포털),https://www.data.go.kr/data/15084581/fileData.do,2026-04
x4110,venture,"확인 유형 혁신성장유형 · 신규 · 확인기관 벤처기업확인기관 · 업종 육류 포장육 및 냉동육 가공업 (가금류 제외) · 주생산품 소고기 부분육, 갈비살, 안창살 등",2026-02-10,2029-02-09,중소벤처기업부 벤처기업명단(공공데이터포털),https://www.data.go.kr/data/15084581/fileData.do,2026-04
x4119,venture,확인 유형 벤처투자유형 · 신규 · 확인기관 벤처기업확인기관 · 업종 기타 광학기기 및 사진기 제조업 · 주생산품 고해상도 라이다 시스템,2025-03-19,2028-03-18,중소벤처기업부 벤처기업명단(공공데이터포털),https://www.data.go.kr/data/15084581/fileData.do,2026-04
x4125,venture,확인 유형 벤처투자유형 · 신규 · 확인기관 벤처기업확인기관 · 업종 시스템 소프트웨어 개발 및 공급업 · 주생산품 디지털자산 플랫품,2025-12-23,2028-12-22,중소벤처기업부 벤처기업명단(공공데이터포털),https://www.data.go.kr/data/15084581/fileData.do,2026-04
x4132,venture,확인 유형 벤처투자유형 · 신규 · 확인기관 벤처기업확인기관 · 업종 기타 자연과학 연구개발업 · 주생산품 바이오,2026-03-04,2029-03-03,중소벤처기업부 벤처기업명단(공공데이터포털),https://www.data.go.kr/data/15084581/fileData.do,2026-04
x4159,venture,확인 유형 혁신성장유형 · 신규 · 확인기관 벤처기업확인기관 · 업종 음ㆍ식료품 및 담배 가공기계 제조업 · 주생산품 용도별 누룽지 기계 성형장치 및 자동화공급장치,2024-08-28,2027-08-27,중소벤처기업부 벤처기업명단(공공데이터포털),https://www.data.go.kr/data/15084581/fileData.do,2026-04
x4163,bi,센터 계명대학교 창업보육센터 · 운영기관 계명대학교 · 개인기업 · 업종 정보처리및컴퓨터관련업 · 주생산품 과학 AI 교육 소프트웨어 · 창업일 2022-07-12,2026-01-12,,중소벤처기업부 창업보육센터 입주기업현황(공공데이터포털),https://www.data.go.kr/data/15122804/fileData.do,
x4163,venture,확인 유형 혁신성장유형 · 신규 · 확인기관 벤처기업확인기관 · 업종 데이터베이스 및 온라인정보 제공업 · 주생산품 과학 교육 소프트웨어,2026-04-29,2029-04-28,중소벤처기업부 벤처기업명단(공공데이터포털),https://www.data.go.kr/data/15084581/fileData.do,2026-04
x4235,venture,확인 유형 벤처투자유형 · 신규 · 확인기관 벤처기업확인기관 · 업종 응용 소프트웨어 개발 및 공급업 · 주생산품 의료 데이터 솔루션,2026-03-31,2029-03-30,중소벤처기업부 벤처기업명단(공공데이터포털),https://www.data.go.kr/data/15084581/fileData.do,2026-04
x4255,venture,확인 유형 혁신성장유형 · 신규 · 확인기관 벤처기업확인기관 · 업종 데이터베이스 및 온라인정보 제공업 · 주생산품 외식업 B2B SaaS 중개플랫폼 개발,2026-04-28,2029-04-27,중소벤처기업부 벤처기업명단(공공데이터포털),https://www.data.go.kr/data/15084581/fileData.do,2026-04
x4259,bi,센터 대구공업대학교 창업보육센터 · 운영기관 대구공업대학교 · 법인기업 · 업종 정보처리및컴퓨터관련업 · 주생산품 의료소프트웨어개발업 · 창업일 2025-09-03,2025-09-01,,중소벤처기업부 창업보육센터 입주기업현황(공공데이터포털),https://www.data.go.kr/data/15122804/fileData.do,
x4266,venture,"확인 유형 벤처투자유형 · 신규 · 확인기관 벤처기업확인기관 · 업종 응용 소프트웨어 개발 및 공급업 · 주생산품 소프트웨어, 애플리케이션 개발",2026-03-03,2029-03-02,중소벤처기업부 벤처기업명단(공공데이터포털),https://www.data.go.kr/data/15084581/fileData.do,2026-04
x4269,bi,센터 대구스케일업허브(DASH) · 운영기관 대구광역시 · 법인기업 · 업종 정보처리및컴퓨터관련업 · 주생산품 Physical AI 기반 금속소재 제조 및 자원순환(귀금속 회수) 솔루션 · 창업일 2025-10-01,2025-11-01,,중소벤처기업부 창업보육센터 입주기업현황(공공데이터포털),https://www.data.go.kr/data/15122804/fileData.do,
x4269,venture,확인 유형 벤처투자유형 · 신규 · 확인기관 벤처기업확인기관 · 업종 응용 소프트웨어 개발 및 공급업 · 주생산품 AI 기반 스마트 제련 공정 제어 솔루션,2025-12-31,2028-12-30,중소벤처기업부 벤처기업명단(공공데이터포털),https://www.data.go.kr/data/15084581/fileData.do,2026-04
x4273,bi,센터 대구스케일업허브(DASH) · 운영기관 대구광역시 · 법인기업 · 업종 정보처리및컴퓨터관련업 · 주생산품 K-방산용 자동화 용접 로봇 플랫폼 사업 · 창업일 2025-09-25,2025-11-01,,중소벤처기업부 창업보육센터 입주기업현황(공공데이터포털),https://www.data.go.kr/data/15122804/fileData.do,
x4273,venture,확인 유형 벤처투자유형 · 신규 · 확인기관 벤처기업확인기관 · 업종 응용 소프트웨어 개발 및 공급업 · 주생산품 방산 제조 자동화 로봇 플랫폼,2025-12-30,2028-12-29,중소벤처기업부 벤처기업명단(공공데이터포털),https://www.data.go.kr/data/15084581/fileData.do,2026-04
x4274,venture,확인 유형 벤처투자유형 · 신규 · 확인기관 벤처기업확인기관 · 업종 시스템 소프트웨어 개발 및 공급업 · 주생산품 세무자동화 솔루션,2026-04-28,2029-04-27,중소벤처기업부 벤처기업명단(공공데이터포털),https://www.data.go.kr/data/15084581/fileData.do,2026-04
x4278,venture,"확인 유형 벤처투자유형 · 신규 · 확인기관 벤처기업확인기관 · 업종 건강기능식품 제조업 · 주생산품 식이섬유정1000, 논업커피",2026-03-18,2029-03-17,중소벤처기업부 벤처기업명단(공공데이터포털),https://www.data.go.kr/data/15084581/fileData.do,2026-04
x4283,venture,확인 유형 벤처투자유형 · 신규 · 확인기관 벤처기업확인기관 · 업종 응용 소프트웨어 개발 및 공급업 · 주생산품 VP솔루션 SaaS플랫폼,2026-01-07,2029-01-06,중소벤처기업부 벤처기업명단(공공데이터포털),https://www.data.go.kr/data/15084581/fileData.do,2026-04
x4285,bi,센터 대구스케일업허브(DASH) · 운영기관 대구광역시 · 법인기업 · 업종 정보처리및컴퓨터관련업 · 주생산품 산업 특화형 온디바이스 AI 솔루션 · 창업일 2025-11-01,2025-11-01,,중소벤처기업부 창업보육센터 입주기업현황(공공데이터포털),https://www.data.go.kr/data/15122804/fileData.do,
x4344,venture,확인 유형 벤처투자유형 · 신규 · 확인기관 벤처기업확인기관 · 업종 응용 소프트웨어 개발 및 공급업 · 주생산품 병원 시스템 자동화 서비스,2026-01-20,2029-01-19,중소벤처기업부 벤처기업명단(공공데이터포털),https://www.data.go.kr/data/15084581/fileData.do,2026-04
x4372,bi,센터 대구스케일업허브(DASH) · 운영기관 대구광역시 · 법인기업 · 업종 정보처리및컴퓨터관련업 · 주생산품 AROOM ? 공공기회를 일거리로 만드는 AI 워크룸 · 창업일 2026-03-03,2026-07-01,,중소벤처기업부 창업보육센터 입주기업현황(공공데이터포털),https://www.data.go.kr/data/15122804/fileData.do,
x4397,bi,센터 수성대학교 창업보육센터 · 운영기관 수성대학교 · 법인기업 · 업종 디자인산업 · 주생산품 홍보 콘텐츠 · 창업일 2022-04-25,2024-03-11,,중소벤처기업부 창업보육센터 입주기업현황(공공데이터포털),https://www.data.go.kr/data/15122804/fileData.do,
x4416,venture,확인 유형 혁신성장유형 · 재확인 · 확인기관 벤처기업확인기관 · 업종 그 외 기타 플라스틱 제품 제조업 · 주생산품 핸드폰케이스,2023-06-07,2026-06-06,중소벤처기업부 벤처기업명단(공공데이터포털),https://www.data.go.kr/data/15084581/fileData.do,2026-04
x4417,bi,센터 대구스케일업허브(DASH) · 운영기관 대구광역시 · 법인기업 · 업종 전기관련제조업 · 주생산품 IPU(순차전원제어기) · 창업일 2021-04-06,2021-09-06,,중소벤처기업부 창업보육센터 입주기업현황(공공데이터포털),https://www.data.go.kr/data/15122804/fileData.do,
x4417,venture,확인 유형 혁신성장유형 · 신규 · 확인기관 벤처기업확인기관 · 업종 그 외 기타 정보 서비스업 · 주생산품 메타버스플랫폼,2023-06-28,2026-06-27,중소벤처기업부 벤처기업명단(공공데이터포털),https://www.data.go.kr/data/15084581/fileData.do,2026-04
x4418,venture,확인 유형 혁신성장유형 · 재확인 · 확인기관 벤처기업확인기관 · 업종 정형외과용 및 신체보정용 기기 제조업 · 주생산품 안경,2023-05-03,2026-05-02,중소벤처기업부 벤처기업명단(공공데이터포털),https://www.data.go.kr/data/15084581/fileData.do,2026-04
x4419,venture,확인 유형 혁신성장유형 · 신규 · 확인기관 벤처기업확인기관 · 업종 기타 목재가구 제조업 · 주생산품 실내건축업,2023-05-17,2026-05-16,중소벤처기업부 벤처기업명단(공공데이터포털),https://www.data.go.kr/data/15084581/fileData.do,2026-04
x4420,venture,확인 유형 혁신성장유형 · 신규 · 확인기관 벤처기업확인기관 · 업종 그 외 기타 분류 안된 화학제품 제조업 · 주생산품 이온수발생기기,2023-05-24,2026-05-23,중소벤처기업부 벤처기업명단(공공데이터포털),https://www.data.go.kr/data/15084581/fileData.do,2026-04
x4421,venture,확인 유형 혁신성장유형 · 신규 · 확인기관 벤처기업확인기관 · 업종 그 외 기타 일반목적용 기계 제조업 · 주생산품 자동화 기계,2023-05-10,2026-05-09,중소벤처기업부 벤처기업명단(공공데이터포털),https://www.data.go.kr/data/15084581/fileData.do,2026-04
x4422,venture,확인 유형 혁신성장유형 · 신규 · 확인기관 벤처기업확인기관 · 업종 데이터베이스 및 온라인정보 제공업 · 주생산품 플랫폼 - SSAVE,2023-05-10,2026-05-09,중소벤처기업부 벤처기업명단(공공데이터포털),https://www.data.go.kr/data/15084581/fileData.do,2026-04
x4423,venture,"확인 유형 혁신성장유형 · 신규 · 확인기관 벤처기업확인기관 · 업종 태권도 및 무술 교육기관 · 주생산품 자체체육시설, 운동용품,행사이벤트대행",2023-05-17,2026-05-16,중소벤처기업부 벤처기업명단(공공데이터포털),https://www.data.go.kr/data/15084581/fileData.do,2026-04
x4424,venture,"확인 유형 혁신성장유형 · 신규 · 확인기관 벤처기업확인기관 · 업종 컴퓨터시스템 통합 자문 및 구축 서비스업 · 주생산품 AI, 블록체인, 메타버스 전문기업",2023-05-17,2026-05-16,중소벤처기업부 벤처기업명단(공공데이터포털),https://www.data.go.kr/data/15084581/fileData.do,2026-04
x4425,venture,확인 유형 혁신성장유형 · 신규 · 확인기관 벤처기업확인기관 · 업종 그 외 기타 달리 분류되지 않은 운송장비 제조업 · 주생산품 농기계 부품 및 산업용 중장비 부품,2023-06-07,2026-06-06,중소벤처기업부 벤처기업명단(공공데이터포털),https://www.data.go.kr/data/15084581/fileData.do,2026-04
x4426,venture,"확인 유형 혁신성장유형 · 신규 · 확인기관 벤처기업확인기관 · 업종 육류 기타 가공 및 저장처리업 (가금류 제외) · 주생산품 축산물 가공(돈육, 우육 등) 및 유통·판매업",2023-05-31,2026-05-30,중소벤처기업부 벤처기업명단(공공데이터포털),https://www.data.go.kr/data/15084581/fileData.do,2026-04
x4427,venture,확인 유형 연구개발유형 · 재확인 · 확인기관 벤처기업확인기관 · 업종 시스템 소프트웨어 개발 및 공급업 · 주생산품 소프트웨어개발,2023-05-17,2026-05-16,중소벤처기업부 벤처기업명단(공공데이터포털),https://www.data.go.kr/data/15084581/fileData.do,2026-04
x4428,venture,"확인 유형 혁신성장유형 · 신규 · 확인기관 벤처기업확인기관 · 업종 유기발광 표시장치 제조업 · 주생산품 OLED, 반도체, 태양전지",2023-06-07,2026-06-06,중소벤처기업부 벤처기업명단(공공데이터포털),https://www.data.go.kr/data/15084581/fileData.do,2026-04
x4429,venture,"확인 유형 혁신성장유형 · 신규 · 확인기관 벤처기업확인기관 · 업종 전시, 컨벤션 및 행사 대행업 · 주생산품 전시기획장치 실물모명 및 시설물, 소프트웨어 개발 및 공급",2023-07-12,2026-07-11,중소벤처기업부 벤처기업명단(공공데이터포털),https://www.data.go.kr/data/15084581/fileData.do,2026-04
x4430,venture,"확인 유형 혁신성장유형 · 신규 · 확인기관 벤처기업확인기관 · 업종 직물, 편조원단 및 의복류 염색 가공업 · 주생산품 섬유염색가공",2023-08-03,2026-08-02,중소벤처기업부 벤처기업명단(공공데이터포털),https://www.data.go.kr/data/15084581/fileData.do,2026-04
x4431,venture,확인 유형 혁신성장유형 · 신규 · 확인기관 벤처기업확인기관 · 업종 산업용 로봇 제조업 · 주생산품 자율이동로봇 기반 지능형 서비스로봇 제조,2024-03-28,2027-03-27,중소벤처기업부 벤처기업명단(공공데이터포털),https://www.data.go.kr/data/15084581/fileData.do,2026-04
x4432,venture,확인 유형 혁신성장유형 · 재확인 · 확인기관 벤처기업확인기관 · 업종 디스플레이 제조용 기계 제조업 · 주생산품 초음파건식세정기,2023-06-14,2026-06-13,중소벤처기업부 벤처기업명단(공공데이터포털),https://www.data.go.kr/data/15084581/fileData.do,2026-04
x4433,venture,확인 유형 혁신성장유형 · 신규 · 확인기관 벤처기업확인기관 · 업종 기타 운동 및 경기용구 제조업 · 주생산품 골프클럽,2024-02-21,2027-02-20,중소벤처기업부 벤처기업명단(공공데이터포털),https://www.data.go.kr/data/15084581/fileData.do,2026-04
x4434,venture,확인 유형 벤처투자유형 · 신규 · 확인기관 벤처기업확인기관 · 업종 경영 컨설팅업 · 주생산품 양식(피자),2023-05-31,2026-05-30,중소벤처기업부 벤처기업명단(공공데이터포털),https://www.data.go.kr/data/15084581/fileData.do,2026-04
x4435,venture,"확인 유형 혁신성장유형 · 신규 · 확인기관 벤처기업확인기관 · 업종 환경설비 건설업 · 주생산품 환경오염방지기설치, 환경전문공사업 환경관련컨설팅",2023-12-13,2026-12-12,중소벤처기업부 벤처기업명단(공공데이터포털),https://www.data.go.kr/data/15084581/fileData.do,2026-04
x4436,venture,확인 유형 혁신성장유형 · 재확인 · 확인기관 벤처기업확인기관 · 업종 응용 소프트웨어 개발 및 공급업 · 주생산품 sw개발및디자인,2023-07-26,2026-07-25,중소벤처기업부 벤처기업명단(공공데이터포털),https://www.data.go.kr/data/15084581/fileData.do,2026-04
x4437,venture,확인 유형 혁신성장유형 · 신규 · 확인기관 벤처기업확인기관 · 업종 도장 공사업 · 주생산품 친환경도료,2023-06-28,2026-06-27,중소벤처기업부 벤처기업명단(공공데이터포털),https://www.data.go.kr/data/15084581/fileData.do,2026-04
x4438,venture,확인 유형 벤처투자유형 · 신규 · 확인기관 벤처기업확인기관 · 업종 의료기기 도매업 · 주생산품 의료기기 도소매,2023-06-28,2026-06-27,중소벤처기업부 벤처기업명단(공공데이터포털),https://www.data.go.kr/data/15084581/fileData.do,2026-04
x4439,venture,확인 유형 혁신성장유형 · 신규 · 확인기관 벤처기업확인기관 · 업종 경영 컨설팅업 · 주생산품 경영 컨설팅,2023-09-13,2026-09-12,중소벤처기업부 벤처기업명단(공공데이터포털),https://www.data.go.kr/data/15084581/fileData.do,2026-04
x4440,bi,센터 대구스케일업허브(DASH) · 운영기관 대구광역시 · 법인기업 · 업종 의료/정밀등제조업 · 주생산품 재활장비 및 보조기기 · 창업일 2017-10-12,2021-09-17,,중소벤처기업부 창업보육센터 입주기업현황(공공데이터포털),https://www.data.go.kr/data/15122804/fileData.do,
x4440,venture,확인 유형 혁신성장유형 · 신규 · 확인기관 벤처기업확인기관 · 업종 그 외 기타 의료용 기기 제조업 · 주생산품 재활보조기기 및 장비,2025-11-05,2028-11-04,중소벤처기업부 벤처기업명단(공공데이터포털),https://www.data.go.kr/data/15084581/fileData.do,2026-04
x4441,venture,확인 유형 벤처투자유형 · 신규 · 확인기관 벤처기업확인기관 · 업종 그 외 기타 전자부품 제조업 · 주생산품 센서,2023-07-05,2026-07-04,중소벤처기업부 벤처기업명단(공공데이터포털),https://www.data.go.kr/data/15084581/fileData.do,2026-04
x4442,bi,센터 대구스케일업허브(DASH) · 운영기관 대구광역시 · 법인기업 · 업종 정보처리및컴퓨터관련업 · 주생산품 맞춤 구강케어 플랫폼 · 창업일 2021-08-08,2021-09-13,,중소벤처기업부 창업보육센터 입주기업현황(공공데이터포털),https://www.data.go.kr/data/15122804/fileData.do,
x4442,venture,"확인 유형 혁신성장유형 · 신규 · 확인기관 벤처기업확인기관 · 업종 그 외 기타 달리 분류되지 않은 제품 제조업 · 주생산품 구강의료플랫폼, 구독관련서비스, 헬스케어, 바이오제품, 구강관련제품",2025-09-16,2028-09-15,중소벤처기업부 벤처기업명단(공공데이터포털),https://www.data.go.kr/data/15084581/fileData.do,2026-04
x4443,venture,확인 유형 혁신성장유형 · 신규 · 확인기관 벤처기업확인기관 · 업종 농업 및 임업용 기계 제조업 · 주생산품 농업용 로봇,2023-07-26,2026-07-25,중소벤처기업부 벤처기업명단(공공데이터포털),https://www.data.go.kr/data/15084581/fileData.do,2026-04
x4444,venture,확인 유형 혁신성장유형 · 재확인 · 확인기관 벤처기업확인기관 · 업종 일반 서적 출판업 · 주생산품 출판,2023-08-16,2026-08-15,중소벤처기업부 벤처기업명단(공공데이터포털),https://www.data.go.kr/data/15084581/fileData.do,2026-04
x4445,venture,확인 유형 혁신성장유형 · 신규 · 확인기관 벤처기업확인기관 · 업종 시스템 소프트웨어 개발 및 공급업 · 주생산품 AI와 빅데이터를 통한 대학생 라이프스타일 플랫폼 (엔퍼센트),2023-08-09,2026-08-08,중소벤처기업부 벤처기업명단(공공데이터포털),https://www.data.go.kr/data/15084581/fileData.do,2026-04
x4446,venture,확인 유형 벤처투자유형 · 신규 · 확인기관 벤처기업확인기관 · 업종 산업용 로봇 제조업 · 주생산품 물류로봇,2023-07-26,2026-07-25,중소벤처기업부 벤처기업명단(공공데이터포털),https://www.data.go.kr/data/15084581/fileData.do,2026-04
x4447,venture,"확인 유형 혁신성장유형 · 재확인 · 확인기관 벤처기업확인기관 · 업종 물질 검사, 측정 및 분석기구 제조업 · 주생산품 자동정밀측정기기 및 장비",2023-08-02,2026-08-01,중소벤처기업부 벤처기업명단(공공데이터포털),https://www.data.go.kr/data/15084581/fileData.do,2026-04
x4448,venture,확인 유형 벤처투자유형 · 신규 · 확인기관 벤처기업확인기관 · 업종 응용 소프트웨어 개발 및 공급업 · 주생산품 패션데이터 기반 애드테크 플랫폼,2023-10-18,2026-10-17,중소벤처기업부 벤처기업명단(공공데이터포털),https://www.data.go.kr/data/15084581/fileData.do,2026-04
x4449,venture,확인 유형 혁신성장유형 · 신규 · 확인기관 벤처기업확인기관 · 업종 응용 소프트웨어 개발 및 공급업 · 주생산품 사물인터넷 기술을 활용한 아파트 공동현관문 워크스루 시스템,2023-09-13,2026-09-12,중소벤처기업부 벤처기업명단(공공데이터포털),https://www.data.go.kr/data/15084581/fileData.do,2026-04
x4450,venture,확인 유형 혁신성장유형 · 재확인 · 확인기관 벤처기업확인기관 · 업종 그 외 기타 특수목적용 기계 제조업 · 주생산품 자동화기기 제작,2023-10-04,2026-10-03,중소벤처기업부 벤처기업명단(공공데이터포털),https://www.data.go.kr/data/15084581/fileData.do,2026-04
x4451,venture,"확인 유형 연구개발유형 · 신규 · 확인기관 벤처기업확인기관 · 업종 소독, 구충 및 방제 서비스업 · 주생산품 방역제품 주문조립, 포충기, 방향제",2023-08-30,2026-08-29,중소벤처기업부 벤처기업명단(공공데이터포털),https://www.data.go.kr/data/15084581/fileData.do,2026-04
x4452,venture,확인 유형 혁신성장유형 · 신규 · 확인기관 벤처기업확인기관 · 업종 응용 소프트웨어 개발 및 공급업 · 주생산품 스마트공장 솔루션,2023-10-18,2026-10-17,중소벤처기업부 벤처기업명단(공공데이터포털),https://www.data.go.kr/data/15084581/fileData.do,2026-04
x4453,venture,확인 유형 혁신성장유형 · 재확인 · 확인기관 벤처기업확인기관 · 업종 기타 주변기기 제조업 · 주생산품 자동인식장비 및 관련SW,2023-08-23,2026-08-22,중소벤처기업부 벤처기업명단(공공데이터포털),https://www.data.go.kr/data/15084581/fileData.do,2026-04
x4454,venture,"확인 유형 혁신성장유형 · 신규 · 확인기관 벤처기업확인기관 · 업종 화장품, 비누 및 방향제 소매업 · 주생산품 화장품",2023-08-30,2026-08-29,중소벤처기업부 벤처기업명단(공공데이터포털),https://www.data.go.kr/data/15084581/fileData.do,2026-04
x4455,venture,"확인 유형 혁신성장유형 · 신규 · 확인기관 벤처기업확인기관 · 업종 응용 소프트웨어 개발 및 공급업 · 주생산품 실감콘텐츠, 솔루션개발,  메타버스 콘텐츠",2023-11-22,2026-11-21,중소벤처기업부 벤처기업명단(공공데이터포털),https://www.data.go.kr/data/15084581/fileData.do,2026-04
x4456,venture,"확인 유형 혁신성장유형 · 신규 · 확인기관 벤처기업확인기관 · 업종 무인 항공기 및 무인 비행장치 제조업 · 주생산품 무인항공기 및 장치, 원격제어시스템, 인공지능멀티모달시스템",2023-10-18,2026-10-17,중소벤처기업부 벤처기업명단(공공데이터포털),https://www.data.go.kr/data/15084581/fileData.do,2026-04
x4457,venture,"확인 유형 혁신성장유형 · 재확인 · 확인기관 벤처기업확인기관 · 업종 플라스틱 포대, 봉투 및 유사제품 제조업 · 주생산품 포장비닐",2023-09-27,2026-09-26,중소벤처기업부 벤처기업명단(공공데이터포털),https://www.data.go.kr/data/15084581/fileData.do,2026-04
x4458,venture,"확인 유형 혁신성장유형 · 신규 · 확인기관 벤처기업확인기관 · 업종 전시, 컨벤션 및 행사 대행업 · 주생산품 전시 및 공연기획",2025-11-06,2028-11-05,중소벤처기업부 벤처기업명단(공공데이터포털),https://www.data.go.kr/data/15084581/fileData.do,2026-04
x4459,venture,확인 유형 혁신성장유형 · 신규 · 확인기관 벤처기업확인기관 · 업종 배관 및 냉ㆍ난방 공사업 · 주생산품 시설물 보수보강 공법 및 상수도관망 세척,2023-11-01,2026-10-31,중소벤처기업부 벤처기업명단(공공데이터포털),https://www.data.go.kr/data/15084581/fileData.do,2026-04
x4460,venture,확인 유형 혁신성장유형 · 신규 · 확인기관 벤처기업확인기관 · 업종 컴퓨터 프로그래밍 서비스업 · 주생산품 소프트웨어 개발,2023-09-27,2026-09-26,중소벤처기업부 벤처기업명단(공공데이터포털),https://www.data.go.kr/data/15084581/fileData.do,2026-04
x4461,venture,확인 유형 벤처투자유형 · 신규 · 확인기관 벤처기업확인기관 · 업종 기초 의약 물질 제조업 · 주생산품 의약품,2024-02-14,2027-02-13,중소벤처기업부 벤처기업명단(공공데이터포털),https://www.data.go.kr/data/15084581/fileData.do,2026-04
x4462,venture,확인 유형 혁신성장유형 · 신규 · 확인기관 벤처기업확인기관 · 업종 그 외 기타 생활용품 도매업 · 주생산품 물티슈,2023-10-25,2026-10-24,중소벤처기업부 벤처기업명단(공공데이터포털),https://www.data.go.kr/data/15084581/fileData.do,2026-04
x4463,bi,"센터 대구스케일업허브(DASH) · 운영기관 대구광역시 · 법인기업 · 업종 정보처리및컴퓨터관련업 · 주생산품 글로벌 미술품 거래의 경계를 허물고, 데이터 기반의 투명한 거래 환경 을 제공하여 아트 딜러와 컬렉터들이 효율적으로 연결되는 C2C(Collector-to-Collector) 플랫폼 · 창업일 2023-05-19",2026-07-01,,중소벤처기업부 창업보육센터 입주기업현황(공공데이터포털),https://www.data.go.kr/data/15122804/fileData.do,
x4463,venture,확인 유형 벤처투자유형 · 신규 · 확인기관 벤처기업확인기관 · 업종 전자상거래 소매 중개업 · 주생산품 미술품 거래 중개 서비스,2023-10-18,2026-10-17,중소벤처기업부 벤처기업명단(공공데이터포털),https://www.data.go.kr/data/15084581/fileData.do,2026-04
x4464,venture,확인 유형 혁신성장유형 · 신규 · 확인기관 벤처기업확인기관 · 업종 컴퓨터 프로그래밍 서비스업 · 주생산품 소프트웨어 및 교육컨텐츠 개발 외,2023-11-01,2026-10-31,중소벤처기업부 벤처기업명단(공공데이터포털),https://www.data.go.kr/data/15084581/fileData.do,2026-04
x4465,bi,센터 대구경북중소기업청경북대학교중소기업성장지원센터 · 운영기관 대구경북지방중소벤처기업청 · 개인기업 · 업종 전자부품등제조업 · 주생산품 가스측정 환경 장비 · 창업일 2023-03-13,2025-03-13,,중소벤처기업부 창업보육센터 입주기업현황(공공데이터포털),https://www.data.go.kr/data/15122804/fileData.do,
x4465,venture,확인 유형 혁신성장유형 · 신규 · 확인기관 벤처기업확인기관 · 업종 전자감지장치 제조업 · 주생산품 전자부품 및 장비 제조업,2024-01-24,2027-01-23,중소벤처기업부 벤처기업명단(공공데이터포털),https://www.data.go.kr/data/15084581/fileData.do,2026-04
x4466,venture,확인 유형 벤처투자유형 · 신규 · 확인기관 벤처기업확인기관 · 업종 포털 및 기타 인터넷 정보매개 서비스업 · 주생산품 어플리케이션,2023-10-25,2026-10-24,중소벤처기업부 벤처기업명단(공공데이터포털),https://www.data.go.kr/data/15084581/fileData.do,2026-04
x4467,venture,확인 유형 혁신성장유형 · 신규 · 확인기관 벤처기업확인기관 · 업종 플라스틱 창호 제조업 · 주생산품 건축용 플라스틱,2023-12-28,2026-12-27,중소벤처기업부 벤처기업명단(공공데이터포털),https://www.data.go.kr/data/15084581/fileData.do,2026-04
x4468,venture,"확인 유형 혁신성장유형 · 신규 · 확인기관 벤처기업확인기관 · 업종 응용 소프트웨어 개발 및 공급업 · 주생산품 웹사이트, 애플리케이션",2023-12-27,2026-12-26,중소벤처기업부 벤처기업명단(공공데이터포털),https://www.data.go.kr/data/15084581/fileData.do,2026-04
x4469,venture,"확인 유형 혁신성장유형 · 재확인 · 확인기관 벤처기업확인기관 · 업종 육류 기타 가공 및 저장처리업 (가금류 제외) · 주생산품 육류가공,식품(소스) 제조/통신판매/유통전문판매",2023-12-06,2026-12-05,중소벤처기업부 벤처기업명단(공공데이터포털),https://www.data.go.kr/data/15084581/fileData.do,2026-04
x4470,venture,확인 유형 혁신성장유형 · 신규 · 확인기관 벤처기업확인기관 · 업종 전자상거래 소매업 · 주생산품 기존 공유주방과 다른 로칼만의 직영 클라우드 키친 운영,2024-02-07,2027-02-06,중소벤처기업부 벤처기업명단(공공데이터포털),https://www.data.go.kr/data/15084581/fileData.do,2026-04
x4471,venture,"확인 유형 혁신성장유형 · 신규 · 확인기관 벤처기업확인기관 · 업종 인테리어 디자인업 · 주생산품 실내인테리어,광고대행업",2024-03-06,2027-03-05,중소벤처기업부 벤처기업명단(공공데이터포털),https://www.data.go.kr/data/15084581/fileData.do,2026-04
x4472,venture,"확인 유형 혁신성장유형 · 신규 · 확인기관 벤처기업확인기관 · 업종 기타 운동 및 경기용구 제조업 · 주생산품 파크골프용 시설용품, 파크골프 용품, 금속가구",2024-01-24,2027-01-23,중소벤처기업부 벤처기업명단(공공데이터포털),https://www.data.go.kr/data/15084581/fileData.do,2026-04
x4473,venture,확인 유형 벤처투자유형 · 신규 · 확인기관 벤처기업확인기관 · 업종 포털 및 기타 인터넷 정보매개 서비스업 · 주생산품 어플리케이션 제작 및 공급업,2024-01-17,2027-01-16,중소벤처기업부 벤처기업명단(공공데이터포털),https://www.data.go.kr/data/15084581/fileData.do,2026-04
x4474,venture,"확인 유형 혁신성장유형 · 신규 · 확인기관 벤처기업확인기관 · 업종 시각 디자인업 · 주생산품 시각디자인,제품디자인,전문디자인",2024-03-13,2027-03-12,중소벤처기업부 벤처기업명단(공공데이터포털),https://www.data.go.kr/data/15084581/fileData.do,2026-04
x4475,venture,"확인 유형 혁신성장유형 · 신규 · 확인기관 벤처기업확인기관 · 업종 그 외 기타 의료용품 및 의약 관련제품 제조업 · 주생산품 의료기기 제조 , 의약품 도매",2024-01-24,2027-01-23,중소벤처기업부 벤처기업명단(공공데이터포털),https://www.data.go.kr/data/15084581/fileData.do,2026-04
x4476,venture,"확인 유형 벤처투자유형 · 신규 · 확인기관 벤처기업확인기관 · 업종 경비 및 경호 서비스업 · 주생산품 시설관리, 청소, 근로자파견",2024-01-24,2027-01-23,중소벤처기업부 벤처기업명단(공공데이터포털),https://www.data.go.kr/data/15084581/fileData.do,2026-04
x4477,bi,센터 경북대학교 창업보육센터 · 운영기관 경북대학교 · 법인기업 · 업종 정보처리및컴퓨터관련업 · 주생산품 산업안전 모니터 솔루션 · 창업일 2022-07-01,2023-01-16,,중소벤처기업부 창업보육센터 입주기업현황(공공데이터포털),https://www.data.go.kr/data/15122804/fileData.do,
x4477,venture,확인 유형 혁신성장유형 · 신규 · 확인기관 벤처기업확인기관 · 업종 컴퓨터시스템 통합 자문 및 구축 서비스업 · 주생산품 업무관리 소프트웨어,2024-02-28,2027-02-27,중소벤처기업부 벤처기업명단(공공데이터포털),https://www.data.go.kr/data/15084581/fileData.do,2026-04
x4478,venture,확인 유형 벤처투자유형 · 신규 · 확인기관 벤처기업확인기관 · 업종 육류 기타 가공 및 저장처리업 (가금류 제외) · 주생산품 한우 육가공,2024-02-21,2027-02-20,중소벤처기업부 벤처기업명단(공공데이터포털),https://www.data.go.kr/data/15084581/fileData.do,2026-04
x4479,venture,"확인 유형 혁신성장유형 · 신규 · 확인기관 벤처기업확인기관 · 업종 커피 가공업 · 주생산품 원두커피, 시각디자인",2024-02-21,2027-02-20,중소벤처기업부 벤처기업명단(공공데이터포털),https://www.data.go.kr/data/15084581/fileData.do,2026-04
x4480,venture,확인 유형 혁신성장유형 · 신규 · 확인기관 벤처기업확인기관 · 업종 김밥 및 기타 간이 음식점업 · 주생산품 제빵류,2024-05-22,2027-05-21,중소벤처기업부 벤처기업명단(공공데이터포털),https://www.data.go.kr/data/15084581/fileData.do,2026-04
x4481,venture,확인 유형 혁신성장유형 · 재확인 · 확인기관 벤처기업확인기관 · 업종 시스템 소프트웨어 개발 및 공급업 · 주생산품 소프트웨어,2024-03-06,2027-03-05,중소벤처기업부 벤처기업명단(공공데이터포털),https://www.data.go.kr/data/15084581/fileData.do,2026-04
x4482,venture,확인 유형 혁신성장유형 · 재확인 · 확인기관 벤처기업확인기관 · 업종 기타 가공 공작기계 제조업 · 주생산품 머시닝센터,2024-03-13,2027-03-12,중소벤처기업부 벤처기업명단(공공데이터포털),https://www.data.go.kr/data/15084581/fileData.do,2026-04
x4483,venture,"확인 유형 혁신성장유형 · 재확인 · 확인기관 벤처기업확인기관 · 업종 공연 기획업 · 주생산품 공연기획,대행",2024-03-22,2027-03-21,중소벤처기업부 벤처기업명단(공공데이터포털),https://www.data.go.kr/data/15084581/fileData.do,2026-04
x4484,venture,확인 유형 혁신성장유형 · 신규 · 확인기관 벤처기업확인기관 · 업종 시스템 소프트웨어 개발 및 공급업 · 주생산품 검색 엔진,2024-03-13,2027-03-12,중소벤처기업부 벤처기업명단(공공데이터포털),https://www.data.go.kr/data/15084581/fileData.do,2026-04
x4485,venture,확인 유형 혁신성장유형 · 신규 · 확인기관 벤처기업확인기관 · 업종 데이터베이스 및 온라인정보 제공업 · 주생산품 어플리케이션,2024-03-13,2027-03-12,중소벤처기업부 벤처기업명단(공공데이터포털),https://www.data.go.kr/data/15084581/fileData.do,2026-04
x4486,venture,확인 유형 혁신성장유형 · 재확인 · 확인기관 벤처기업확인기관 · 업종 유압기기 제조업 · 주생산품 공기압축기,2024-03-25,2027-03-24,중소벤처기업부 벤처기업명단(공공데이터포털),https://www.data.go.kr/data/15084581/fileData.do,2026-04
x4487,venture,"확인 유형 혁신성장유형 · 재확인 · 확인기관 벤처기업확인기관 · 업종 물질 검사, 측정 및 분석기구 제조업 · 주생산품 컨베이어 장치, 물질검사 및 측정기",2024-04-25,2027-04-24,중소벤처기업부 벤처기업명단(공공데이터포털),https://www.data.go.kr/data/15084581/fileData.do,2026-04
x4488,venture,"확인 유형 혁신성장유형 · 재확인 · 확인기관 벤처기업확인기관 · 업종 응용 소프트웨어 개발 및 공급업 · 주생산품 소프트웨어 개발,공급,병원솔루션 개발/레이더,항행용무선기기,측량기구 제조/컴퓨터 프로그래밍",2024-04-28,2027-04-27,중소벤처기업부 벤처기업명단(공공데이터포털),https://www.data.go.kr/data/15084581/fileData.do,2026-04
x4489,venture,확인 유형 혁신성장유형 · 신규 · 확인기관 벤처기업확인기관 · 업종 그 외 기타 플라스틱 제품 제조업 · 주생산품 유아용품,2024-04-24,2027-04-23,중소벤처기업부 벤처기업명단(공공데이터포털),https://www.data.go.kr/data/15084581/fileData.do,2026-04
x4490,venture,확인 유형 혁신성장유형 · 신규 · 확인기관 벤처기업확인기관 · 업종 절삭가공 및 유사처리업 · 주생산품 자동차 부품및 각종 산업부품,2024-04-02,2027-04-01,중소벤처기업부 벤처기업명단(공공데이터포털),https://www.data.go.kr/data/15084581/fileData.do,2026-04
x4491,bi,센터 대구스케일업허브(DASH) · 운영기관 대구광역시 · 법인기업 · 업종 정보처리및컴퓨터관련업 · 주생산품 무역관련 소프트웨어 개발 · 창업일 2022-06-08,2024-10-01,,중소벤처기업부 창업보육센터 입주기업현황(공공데이터포털),https://www.data.go.kr/data/15122804/fileData.do,
x4491,venture,확인 유형 혁신성장유형 · 신규 · 확인기관 벤처기업확인기관 · 업종 응용 소프트웨어 개발 및 공급업 · 주생산품 중개플랫폼/무역(수출),2024-06-13,2027-06-12,중소벤처기업부 벤처기업명단(공공데이터포털),https://www.data.go.kr/data/15084581/fileData.do,2026-04
x4492,venture,확인 유형 벤처투자유형 · 재확인 · 확인기관 벤처기업확인기관 · 업종 농업 및 임업용 기계 제조업 · 주생산품 스마트팜,2024-05-06,2027-05-05,중소벤처기업부 벤처기업명단(공공데이터포털),https://www.data.go.kr/data/15084581/fileData.do,2026-04
x4493,venture,"확인 유형 혁신성장유형 · 재확인 · 확인기관 벤처기업확인기관 · 업종 그 외 기타 플라스틱 제품 제조업 · 주생산품 플라스틱 캐스터, 플랫폼트럭",2024-04-29,2027-04-28,중소벤처기업부 벤처기업명단(공공데이터포털),https://www.data.go.kr/data/15084581/fileData.do,2026-04
x4494,venture,확인 유형 혁신성장유형 · 재확인 · 확인기관 벤처기업확인기관 · 업종 응용 소프트웨어 개발 및 공급업 · 주생산품 응용소프트웨어 및 관련 플랫폼 제작 및 공급,2024-05-16,2027-05-15,중소벤처기업부 벤처기업명단(공공데이터포털),https://www.data.go.kr/data/15084581/fileData.do,2026-04
x4495,venture,확인 유형 혁신성장유형 · 재확인 · 확인기관 벤처기업확인기관 · 업종 기타 엔지니어링 서비스업 · 주생산품 자동차 부품 설계및 제조,2024-05-18,2027-05-17,중소벤처기업부 벤처기업명단(공공데이터포털),https://www.data.go.kr/data/15084581/fileData.do,2026-04
x4496,venture,확인 유형 벤처투자유형 · 신규 · 확인기관 벤처기업확인기관 · 업종 광고 대행업 · 주생산품 오프라인 광고 플랫폼,2024-04-11,2027-04-10,중소벤처기업부 벤처기업명단(공공데이터포털),https://www.data.go.kr/data/15084581/fileData.do,2026-04
x4497,venture,"확인 유형 혁신성장유형 · 재확인 · 확인기관 벤처기업확인기관 · 업종 의학 및 약학 연구개발업 · 주생산품 조직 클리어링키트, 조직 면역염색키트",2024-04-20,2027-04-19,중소벤처기업부 벤처기업명단(공공데이터포털),https://www.data.go.kr/data/15084581/fileData.do,2026-04
x4498,venture,확인 유형 연구개발유형 · 재확인 · 확인기관 벤처기업확인기관 · 업종 화학섬유직물 직조업 · 주생산품 기능성원단,2024-05-21,2027-05-20,중소벤처기업부 벤처기업명단(공공데이터포털),https://www.data.go.kr/data/15084581/fileData.do,2026-04
x4499,venture,확인 유형 혁신성장유형 · 재확인 · 확인기관 벤처기업확인기관 · 업종 톱 및 호환성 공구 제조업 · 주생산품 절삭공구,2024-04-27,2027-04-26,중소벤처기업부 벤처기업명단(공공데이터포털),https://www.data.go.kr/data/15084581/fileData.do,2026-04
x4500,venture,"확인 유형 벤처투자유형 · 신규 · 확인기관 벤처기업확인기관 · 업종 문서 작성 및 복사업 · 주생산품 문서작성, 보관업, 광고대행업, 부동산임대업",2024-04-24,2027-04-23,중소벤처기업부 벤처기업명단(공공데이터포털),https://www.data.go.kr/data/15084581/fileData.do,2026-04
x4501,venture,"확인 유형 혁신성장유형 · 재확인 · 확인기관 벤처기업확인기관 · 업종 그 외 기타 일반목적용 기계 제조업 · 주생산품 스텐 구조물, 환경 기계",2024-03-14,2027-03-13,중소벤처기업부 벤처기업명단(공공데이터포털),https://www.data.go.kr/data/15084581/fileData.do,2026-04
x4502,venture,확인 유형 혁신성장유형 · 신규 · 확인기관 벤처기업확인기관 · 업종 농업 및 임업용 기계 제조업 · 주생산품 농산물전기건조기,2024-05-21,2027-05-20,중소벤처기업부 벤처기업명단(공공데이터포털),https://www.data.go.kr/data/15084581/fileData.do,2026-04
x4503,bi,센터 대구스케일업허브(DASH) · 운영기관 대구광역시 · 법인기업 · 업종 정보처리및컴퓨터관련업 · 주생산품 AI영상관제 서비스 · 창업일 2022-04-27,2025-05-01,,중소벤처기업부 창업보육센터 입주기업현황(공공데이터포털),https://www.data.go.kr/data/15122804/fileData.do,
x4503,venture,"확인 유형 벤처투자유형 · 신규 · 확인기관 벤처기업확인기관 · 업종 광고 대행업 · 주생산품 광고 대행/실험실습,실험기자재,컴퓨터,주변장치,소프트웨어 도소매/포털,인터넷정보 매개/컴퓨터,사무용기계,장비 임대",2024-05-08,2027-05-07,중소벤처기업부 벤처기업명단(공공데이터포털),https://www.data.go.kr/data/15084581/fileData.do,2026-04
x4504,venture,"확인 유형 혁신성장유형 · 재확인 · 확인기관 벤처기업확인기관 · 업종 유선 통신업 · 주생산품 인터넷, IPTV",2024-06-07,2027-06-06,중소벤처기업부 벤처기업명단(공공데이터포털),https://www.data.go.kr/data/15084581/fileData.do,2026-04
x4505,venture,확인 유형 혁신성장유형 · 신규 · 확인기관 벤처기업확인기관 · 업종 기타 비알코올 음료 제조업 · 주생산품 민들레 발효커피 외,2024-07-24,2027-07-23,중소벤처기업부 벤처기업명단(공공데이터포털),https://www.data.go.kr/data/15084581/fileData.do,2026-04
x4506,venture,"확인 유형 혁신성장유형 · 신규 · 확인기관 벤처기업확인기관 · 업종 그 외 기타 일반목적용 기계 제조업 · 주생산품 식품기계,자동화라인 설비,기계제작 및 조립",2024-07-31,2027-07-30,중소벤처기업부 벤처기업명단(공공데이터포털),https://www.data.go.kr/data/15084581/fileData.do,2026-04
x4507,venture,확인 유형 혁신성장유형 · 신규 · 확인기관 벤처기업확인기관 · 업종 특수 직물 및 기타 직물 직조업 · 주생산품 낙하산 / 패러글라이더 원단,2024-06-12,2027-06-11,중소벤처기업부 벤처기업명단(공공데이터포털),https://www.data.go.kr/data/15084581/fileData.do,2026-04
x4508,venture,"확인 유형 혁신성장유형 · 신규 · 확인기관 벤처기업확인기관 · 업종 응용 소프트웨어 개발 및 공급업 · 주생산품 MES, ERP, 솔루션 프로그램 개발",2024-06-05,2027-06-04,중소벤처기업부 벤처기업명단(공공데이터포털),https://www.data.go.kr/data/15084581/fileData.do,2026-04
x4509,venture,확인 유형 연구개발유형 · 재확인 · 확인기관 벤처기업확인기관 · 업종 응용 소프트웨어 개발 및 공급업 · 주생산품 소프트웨어개발,2024-05-09,2027-05-08,중소벤처기업부 벤처기업명단(공공데이터포털),https://www.data.go.kr/data/15084581/fileData.do,2026-04
x4510,venture,확인 유형 혁신성장유형 · 재확인 · 확인기관 벤처기업확인기관 · 업종 인형 및 장난감 제조업 · 주생산품 교육용로봇,2024-05-22,2027-05-21,중소벤처기업부 벤처기업명단(공공데이터포털),https://www.data.go.kr/data/15084581/fileData.do,2026-04
x4511,venture,"확인 유형 혁신성장유형 · 재확인 · 확인기관 벤처기업확인기관 · 업종 기타 환경 정화 및 복원업 · 주생산품 환경관련시설, 환경기자재",2024-06-23,2027-06-22,중소벤처기업부 벤처기업명단(공공데이터포털),https://www.data.go.kr/data/15084581/fileData.do,2026-04
x4512,venture,확인 유형 혁신성장유형 · 신규 · 확인기관 벤처기업확인기관 · 업종 금속 절삭기계 제조업 · 주생산품 열간단조 금형,2024-06-05,2027-06-04,중소벤처기업부 벤처기업명단(공공데이터포털),https://www.data.go.kr/data/15084581/fileData.do,2026-04
x4513,venture,확인 유형 혁신성장유형 · 신규 · 확인기관 벤처기업확인기관 · 업종 빵류 제조업 · 주생산품 제과제빵제조,2024-07-11,2027-07-10,중소벤처기업부 벤처기업명단(공공데이터포털),https://www.data.go.kr/data/15084581/fileData.do,2026-04
x4514,venture,확인 유형 혁신성장유형 · 신규 · 확인기관 벤처기업확인기관 · 업종 간판 및 광고물 제조업 · 주생산품 간판,2024-07-10,2027-07-09,중소벤처기업부 벤처기업명단(공공데이터포털),https://www.data.go.kr/data/15084581/fileData.do,2026-04
x4515,venture,"확인 유형 연구개발유형 · 재확인 · 확인기관 벤처기업확인기관 · 업종 플라스틱 적층, 도포 및 기타 표면처리 제품 제조업 · 주생산품 3D프린터",2024-07-08,2027-07-07,중소벤처기업부 벤처기업명단(공공데이터포털),https://www.data.go.kr/data/15084581/fileData.do,2026-04
x4516,venture,"확인 유형 혁신성장유형 · 재확인 · 확인기관 벤처기업확인기관 · 업종 건물 및 토목 엔지니어링 서비스업 · 주생산품 토목,건설계측 용역",2024-06-08,2027-06-07,중소벤처기업부 벤처기업명단(공공데이터포털),https://www.data.go.kr/data/15084581/fileData.do,2026-04
x4517,venture,확인 유형 벤처투자유형 · 재확인 · 확인기관 벤처기업확인기관 · 업종 컴퓨터 프로그래밍 서비스업 · 주생산품 스마트 애플리케이션,2024-07-15,2027-07-14,중소벤처기업부 벤처기업명단(공공데이터포털),https://www.data.go.kr/data/15084581/fileData.do,2026-04
x4518,venture,확인 유형 혁신성장유형 · 재확인 · 확인기관 벤처기업확인기관 · 업종 컴퓨터 프로그래밍 서비스업 · 주생산품 소프트웨어 개발 및 공그법,2024-06-16,2027-06-15,중소벤처기업부 벤처기업명단(공공데이터포털),https://www.data.go.kr/data/15084581/fileData.do,2026-04
x4519,venture,확인 유형 혁신성장유형 · 신규 · 확인기관 벤처기업확인기관 · 업종 측량업 · 주생산품 지하시설물측량업,2024-07-24,2027-07-23,중소벤처기업부 벤처기업명단(공공데이터포털),https://www.data.go.kr/data/15084581/fileData.do,2026-04
x4520,venture,"확인 유형 혁신성장유형 · 재확인 · 확인기관 벤처기업확인기관 · 업종 재생용 재료 수집 및 판매업 · 주생산품 산업용 폐기물 수집 및 운반, 고형연료 외",2024-07-22,2027-07-21,중소벤처기업부 벤처기업명단(공공데이터포털),https://www.data.go.kr/data/15084581/fileData.do,2026-04
x4521,venture,확인 유형 혁신성장유형 · 신규 · 확인기관 벤처기업확인기관 · 업종 광고 대행업 · 주생산품 인터넷가입유치 서비스업,2024-07-09,2027-07-08,중소벤처기업부 벤처기업명단(공공데이터포털),https://www.data.go.kr/data/15084581/fileData.do,2026-04
x4522,venture,"확인 유형 연구개발유형 · 재확인 · 확인기관 벤처기업확인기관 · 업종 경영 컨설팅업 · 주생산품 경영컨설팅,e-learning교육/출판사/시스템 소프트웨어 개발,공급",2024-06-09,2027-06-08,중소벤처기업부 벤처기업명단(공공데이터포털),https://www.data.go.kr/data/15084581/fileData.do,2026-04
x4523,venture,확인 유형 혁신성장유형 · 재확인 · 확인기관 벤처기업확인기관 · 업종 기체 여과기 제조업 · 주생산품 역삼투 해수담수화 순수제조장치,2024-07-27,2027-07-26,중소벤처기업부 벤처기업명단(공공데이터포털),https://www.data.go.kr/data/15084581/fileData.do,2026-04
x4524,venture,확인 유형 혁신성장유형 · 재확인 · 확인기관 벤처기업확인기관 · 업종 광고 대행업 · 주생산품 온라인광고 대행,2024-05-28,2027-05-27,중소벤처기업부 벤처기업명단(공공데이터포털),https://www.data.go.kr/data/15084581/fileData.do,2026-04
x4525,venture,확인 유형 벤처투자유형 · 신규 · 확인기관 벤처기업확인기관 · 업종 의료기기 도매업 · 주생산품 연속혈당측정기 판매,2024-06-18,2027-06-17,중소벤처기업부 벤처기업명단(공공데이터포털),https://www.data.go.kr/data/15084581/fileData.do,2026-04
x4526,venture,"확인 유형 혁신성장유형 · 재확인 · 확인기관 벤처기업확인기관 · 업종 모바일 게임 소프트웨어 개발 및 공급업 · 주생산품 SW, 콘텐츠, VR, 인지재활훈련시스템",2024-05-10,2027-05-09,중소벤처기업부 벤처기업명단(공공데이터포털),https://www.data.go.kr/data/15084581/fileData.do,2026-04
x4527,venture,"확인 유형 벤처투자유형 · 신규 · 확인기관 벤처기업확인기관 · 업종 경영 컨설팅업 · 주생산품 경영 컨설팅업, 프랜차이즈,산업용로봇, 서비스로봇,특수기계 및 전기차,육류 가공식품 도매업,산업용로봇, 서비스로봇, 특수기계 및 전기차,소프트웨어 개발,광",2024-07-17,2027-07-16,중소벤처기업부 벤처기업명단(공공데이터포털),https://www.data.go.kr/data/15084581/fileData.do,2026-04
x4528,venture,확인 유형 벤처투자유형 · 신규 · 확인기관 벤처기업확인기관 · 업종 육류 포장육 및 냉동육 가공업 (가금류 제외) · 주생산품 족발/보쌈 및 관련 소스 일체,2024-07-02,2027-07-01,중소벤처기업부 벤처기업명단(공공데이터포털),https://www.data.go.kr/data/15084581/fileData.do,2026-04
x4529,venture,확인 유형 연구개발유형 · 재확인 · 확인기관 벤처기업확인기관 · 업종 정형외과용 및 신체보정용 기기 제조업 · 주생산품 두상교정헬멧,2024-08-07,2027-08-06,중소벤처기업부 벤처기업명단(공공데이터포털),https://www.data.go.kr/data/15084581/fileData.do,2026-04
x4530,bi,센터 경북대학교 창업보육센터 · 운영기관 경북대학교 · 법인기업 · 업종 기계/장비제조업 · 주생산품 기능성 도어클로즈 · 창업일 2019-01-02,2019-02-01,,중소벤처기업부 창업보육센터 입주기업현황(공공데이터포털),https://www.data.go.kr/data/15122804/fileData.do,
x4530,venture,확인 유형 벤처투자유형 · 재확인 · 확인기관 벤처기업확인기관 · 업종 그 외 기타 일반목적용 기계 제조업 · 주생산품 방화문자동폐쇄장치,2024-06-10,2027-06-09,중소벤처기업부 벤처기업명단(공공데이터포털),https://www.data.go.kr/data/15084581/fileData.do,2026-04
x4531,venture,확인 유형 혁신성장유형 · 신규 · 확인기관 벤처기업확인기관 · 업종 그 외 기타 달리 분류되지 않은 제품 제조업 · 주생산품 표면개질용 레진,2024-09-24,2027-09-23,중소벤처기업부 벤처기업명단(공공데이터포털),https://www.data.go.kr/data/15084581/fileData.do,2026-04
x4532,venture,"확인 유형 혁신성장유형 · 재확인 · 확인기관 벤처기업확인기관 · 업종 응용 소프트웨어 개발 및 공급업 · 주생산품 제조관리시스템 MES, ERP 외",2024-06-21,2027-06-20,중소벤처기업부 벤처기업명단(공공데이터포털),https://www.data.go.kr/data/15084581/fileData.do,2026-04
x4533,venture,"확인 유형 혁신성장유형 · 신규 · 확인기관 벤처기업확인기관 · 업종 배전반 및 전기 자동제어반 제조업 · 주생산품 용탕온도 제어 예측 관리시스템, 복수기 세정장치, 인체감지시스템",2024-07-31,2027-07-30,중소벤처기업부 벤처기업명단(공공데이터포털),https://www.data.go.kr/data/15084581/fileData.do,2026-04
x4534,venture,"확인 유형 혁신성장유형 · 신규 · 확인기관 벤처기업확인기관 · 업종 시스템 소프트웨어 개발 및 공급업 · 주생산품 웹 게임, 메타버스 콘텐츠 개발",2024-08-20,2027-08-19,중소벤처기업부 벤처기업명단(공공데이터포털),https://www.data.go.kr/data/15084581/fileData.do,2026-04
x4535,bi,센터 대구스케일업허브(DASH) · 운영기관 대구광역시 · 법인기업 · 업종 정보처리및컴퓨터관련업 · 주생산품 1시간 치과 보철 치료 TaaS · 창업일 2020-09-24,2023-12-01,,중소벤처기업부 창업보육센터 입주기업현황(공공데이터포털),https://www.data.go.kr/data/15122804/fileData.do,
x4535,venture,확인 유형 혁신성장유형 · 재확인 · 확인기관 벤처기업확인기관 · 업종 응용 소프트웨어 개발 및 공급업 · 주생산품 의료용 소프트웨어 개발 및 공급,2024-08-25,2027-08-24,중소벤처기업부 벤처기업명단(공공데이터포털),https://www.data.go.kr/data/15084581/fileData.do,2026-04
x4536,venture,확인 유형 혁신성장유형 · 재확인 · 확인기관 벤처기업확인기관 · 업종 그 외 기타 특수목적용 기계 제조업 · 주생산품 자동화장비 및 관련 부품류,2024-07-26,2027-07-25,중소벤처기업부 벤처기업명단(공공데이터포털),https://www.data.go.kr/data/15084581/fileData.do,2026-04
x4537,venture,"확인 유형 벤처투자유형 · 재확인 · 확인기관 벤처기업확인기관 · 업종 모바일 게임 소프트웨어 개발 및 공급업 · 주생산품 게임소프트웨어 개발,공급",2024-06-23,2027-06-22,중소벤처기업부 벤처기업명단(공공데이터포털),https://www.data.go.kr/data/15084581/fileData.do,2026-04
x4538,venture,"확인 유형 벤처투자유형 · 신규 · 확인기관 벤처기업확인기관 · 업종 화장품 및 화장용품 도매업 · 주생산품 문제성손발톱관리 화장품 책임 판매업 (안티러브럼드롭,안티러브럼스프레이)",2024-07-16,2027-07-15,중소벤처기업부 벤처기업명단(공공데이터포털),https://www.data.go.kr/data/15084581/fileData.do,2026-04
x4539,venture,"확인 유형 연구개발유형 · 재확인 · 확인기관 벤처기업확인기관 · 업종 그 외 기타 분류 안된 전문, 과학 및 기술 서비스업 · 주생산품 소프트웨어 개발 및 공급데이터베이스 구축",2024-07-18,2027-07-17,중소벤처기업부 벤처기업명단(공공데이터포털),https://www.data.go.kr/data/15084581/fileData.do,2026-04
x4540,venture,확인 유형 연구개발유형 · 신규 · 확인기관 벤처기업확인기관 · 업종 디지털 적층 성형기계 제조업 · 주생산품 금속3D 프린터,2024-09-24,2027-09-23,중소벤처기업부 벤처기업명단(공공데이터포털),https://www.data.go.kr/data/15084581/fileData.do,2026-04
x4541,venture,확인 유형 혁신성장유형 · 재확인 · 확인기관 벤처기업확인기관 · 업종 천연 및 혼합조제 조미료 제조업 · 주생산품 액상소스류 분말소스류,2024-07-30,2027-07-29,중소벤처기업부 벤처기업명단(공공데이터포털),https://www.data.go.kr/data/15084581/fileData.do,2026-04
x4542,venture,"확인 유형 혁신성장유형 · 신규 · 확인기관 벤처기업확인기관 · 업종 한식 일반 음식점업 · 주생산품 외식프랜차이즈 가맹시스템 및 밀키트, 식자재 공급",2024-09-26,2027-09-25,중소벤처기업부 벤처기업명단(공공데이터포털),https://www.data.go.kr/data/15084581/fileData.do,2026-04
x4543,venture,확인 유형 연구개발유형 · 신규 · 확인기관 벤처기업확인기관 · 업종 기타 공학 연구개발업 · 주생산품 건물일체형태양광발전시스템,2024-10-15,2027-10-14,중소벤처기업부 벤처기업명단(공공데이터포털),https://www.data.go.kr/data/15084581/fileData.do,2026-04
x4544,venture,확인 유형 혁신성장유형 · 재확인 · 확인기관 벤처기업확인기관 · 업종 그 외 기타 정보 서비스업 · 주생산품 모바일 소프트웨어 제작 및 공급,2024-09-08,2027-09-07,중소벤처기업부 벤처기업명단(공공데이터포털),https://www.data.go.kr/data/15084581/fileData.do,2026-04
x4545,venture,"확인 유형 혁신성장유형 · 신규 · 확인기관 벤처기업확인기관 · 업종 빵류 제조업 · 주생산품 밤식빵, 몽블랑, 바게트 등",2024-09-25,2027-09-24,중소벤처기업부 벤처기업명단(공공데이터포털),https://www.data.go.kr/data/15084581/fileData.do,2026-04
x4546,venture,확인 유형 벤처투자유형 · 신규 · 확인기관 벤처기업확인기관 · 업종 의약품 도매업 · 주생산품 의약품,2024-08-14,2027-08-13,중소벤처기업부 벤처기업명단(공공데이터포털),https://www.data.go.kr/data/15084581/fileData.do,2026-04
x4547,venture,"확인 유형 혁신성장유형 · 재확인 · 확인기관 벤처기업확인기관 · 업종 차류 가공업 · 주생산품 우엉차, 호박차",2024-09-20,2027-09-19,중소벤처기업부 벤처기업명단(공공데이터포털),https://www.data.go.kr/data/15084581/fileData.do,2026-04
x4548,venture,확인 유형 혁신성장유형 · 신규 · 확인기관 벤처기업확인기관 · 업종 전자상거래 소매업 · 주생산품 인터넷 TV 가입유치 / 렌탈 가입 / 무선 유심 및 휴대폰 판매 / 광고 대행업,2024-10-04,2027-10-03,중소벤처기업부 벤처기업명단(공공데이터포털),https://www.data.go.kr/data/15084581/fileData.do,2026-04
x4549,venture,확인 유형 혁신성장유형 · 재확인 · 확인기관 벤처기업확인기관 · 업종 금속 절삭기계 제조업 · 주생산품 스핀들 피트유니트 절삭 전용기,2024-07-29,2027-07-28,중소벤처기업부 벤처기업명단(공공데이터포털),https://www.data.go.kr/data/15084581/fileData.do,2026-04
x4550,venture,확인 유형 혁신성장유형 · 재확인 · 확인기관 벤처기업확인기관 · 업종 그 외 기타 전기장비 제조업 · 주생산품 미용/의료기기용 고주파/초음파 제네레이터 외,2024-09-29,2027-09-28,중소벤처기업부 벤처기업명단(공공데이터포털),https://www.data.go.kr/data/15084581/fileData.do,2026-04
x4552,venture,확인 유형 연구개발유형 · 재확인 · 확인기관 벤처기업확인기관 · 업종 응용 소프트웨어 개발 및 공급업 · 주생산품 융복합 소프트웨어 및 콘텐츠 개발 공급,2024-09-03,2027-09-02,중소벤처기업부 벤처기업명단(공공데이터포털),https://www.data.go.kr/data/15084581/fileData.do,2026-04
x4554,venture,확인 유형 벤처투자유형 · 신규 · 확인기관 벤처기업확인기관 · 업종 포털 및 기타 인터넷 정보매개 서비스업 · 주생산품 구인구직 플랫폼,2024-09-25,2027-09-24,중소벤처기업부 벤처기업명단(공공데이터포털),https://www.data.go.kr/data/15084581/fileData.do,2026-04
x4555,venture,확인 유형 혁신성장유형 · 재확인 · 확인기관 벤처기업확인기관 · 업종 기타 식품 첨가물 제조업 · 주생산품 소스,2025-05-21,2028-05-20,중소벤처기업부 벤처기업명단(공공데이터포털),https://www.data.go.kr/data/15084581/fileData.do,2026-04
x4556,venture,확인 유형 혁신성장유형 · 재확인 · 확인기관 벤처기업확인기관 · 업종 컴퓨터시스템 통합 자문 및 구축 서비스업 · 주생산품 버스정보시스템 구축 및 유지보수,2024-09-25,2027-09-24,중소벤처기업부 벤처기업명단(공공데이터포털),https://www.data.go.kr/data/15084581/fileData.do,2026-04
x4557,venture,확인 유형 벤처투자유형 · 재확인 · 확인기관 벤처기업확인기관 · 업종 그 외 기타 광고 관련 서비스업 · 주생산품 개인차량 광고 플랫폼 서비스,2024-10-13,2027-10-12,중소벤처기업부 벤처기업명단(공공데이터포털),https://www.data.go.kr/data/15084581/fileData.do,2026-04
x4558,venture,"확인 유형 혁신성장유형 · 재확인 · 확인기관 벤처기업확인기관 · 업종 금속탱크 및 저장용기 제조업 · 주생산품 저수조 제조 및 공조장치제조,기계설비공사,전문소방시설공사업,건축기계설비설계",2024-09-02,2027-09-01,중소벤처기업부 벤처기업명단(공공데이터포털),https://www.data.go.kr/data/15084581/fileData.do,2026-04
x4559,venture,확인 유형 혁신성장유형 · 신규 · 확인기관 벤처기업확인기관 · 업종 간판 및 광고물 제조업 · 주생산품 간판 안내판 현수막,2024-12-12,2027-12-11,중소벤처기업부 벤처기업명단(공공데이터포털),https://www.data.go.kr/data/15084581/fileData.do,2026-04
x4560,venture,"확인 유형 벤처투자유형 · 재확인 · 확인기관 벤처기업확인기관 · 업종 기타 시설작물 재배업 · 주생산품 기타 시설작물 재배업,농산물,한약재,식품,화장품,무역,전자상거래업,컴퓨터프로그래밍,시스템통합및관리업",2024-10-20,2027-10-19,중소벤처기업부 벤처기업명단(공공데이터포털),https://www.data.go.kr/data/15084581/fileData.do,2026-04
x4561,venture,확인 유형 혁신성장유형 · 재확인 · 확인기관 벤처기업확인기관 · 업종 배관 및 냉ㆍ난방 공사업 · 주생산품 상하수도 시설 공사,2024-10-17,2027-10-16,중소벤처기업부 벤처기업명단(공공데이터포털),https://www.data.go.kr/data/15084581/fileData.do,2026-04
x4562,venture,"확인 유형 혁신성장유형 · 재확인 · 확인기관 벤처기업확인기관 · 업종 그 외 기타 의료용 기기 제조업 · 주생산품 일회용 의료기기, 의료장비",2025-09-23,2028-09-22,중소벤처기업부 벤처기업명단(공공데이터포털),https://www.data.go.kr/data/15084581/fileData.do,2026-04
x4563,bi,센터 대구스케일업허브(DASH) · 운영기관 대구광역시 · 법인기업 · 업종 정보처리및컴퓨터관련업 · 주생산품 서버리스 기반 AI 데브옵스 · 창업일 2017-12-12,2023-12-01,,중소벤처기업부 창업보육센터 입주기업현황(공공데이터포털),https://www.data.go.kr/data/15122804/fileData.do,
x4563,venture,"확인 유형 벤처투자유형 · 재확인 · 확인기관 벤처기업확인기관 · 업종 응용 소프트웨어 개발 및 공급업 · 주생산품 어플리케이션, 쇼핑몰",2024-09-17,2027-09-16,중소벤처기업부 벤처기업명단(공공데이터포털),https://www.data.go.kr/data/15084581/fileData.do,2026-04
x4564,venture,확인 유형 벤처투자유형 · 재확인 · 확인기관 벤처기업확인기관 · 업종 기타 식사용 가공처리 조리식품 제조업 · 주생산품 반찬류,2024-09-27,2027-09-26,중소벤처기업부 벤처기업명단(공공데이터포털),https://www.data.go.kr/data/15084581/fileData.do,2026-04
x4565,venture,확인 유형 연구개발유형 · 신규 · 확인기관 벤처기업확인기관 · 업종 의료기기 도매업 · 주생산품 재활로봇재활로봇연구),2024-10-30,2027-10-29,중소벤처기업부 벤처기업명단(공공데이터포털),https://www.data.go.kr/data/15084581/fileData.do,2026-04
x4566,venture,확인 유형 혁신성장유형 · 신규 · 확인기관 벤처기업확인기관 · 업종 그 외 기타 특수목적용 기계 제조업 · 주생산품 주물기계,2024-10-08,2027-10-07,중소벤처기업부 벤처기업명단(공공데이터포털),https://www.data.go.kr/data/15084581/fileData.do,2026-04
x4567,venture,확인 유형 혁신성장유형 · 재확인 · 확인기관 벤처기업확인기관 · 업종 그 외 기타 분류 안된 화학제품 제조업 · 주생산품 다이캐스팅용 이형제 주변장치 외,2024-10-30,2027-10-29,중소벤처기업부 벤처기업명단(공공데이터포털),https://www.data.go.kr/data/15084581/fileData.do,2026-04
x4568,venture,"확인 유형 벤처투자유형 · 신규 · 확인기관 벤처기업확인기관 · 업종 기타 부동산 임대업 · 주생산품 부동산 개발,매매",2024-10-10,2027-10-09,중소벤처기업부 벤처기업명단(공공데이터포털),https://www.data.go.kr/data/15084581/fileData.do,2026-04
x4569,venture,"확인 유형 혁신성장유형 · 재확인 · 확인기관 벤처기업확인기관 · 업종 일반전기 공사업 · 주생산품 전기공사,태양광설치공사/발전장치 제조",2024-11-10,2027-11-09,중소벤처기업부 벤처기업명단(공공데이터포털),https://www.data.go.kr/data/15084581/fileData.do,2026-04
x4570,venture,확인 유형 연구개발유형 · 신규 · 확인기관 벤처기업확인기관 · 업종 기타 전기 변환장치 제조업 · 주생산품 폐배터리 잔존 평가 장비/하이브리드 충방전기/ 폐배터리 잔존평가 시스템,2024-11-27,2027-11-26,중소벤처기업부 벤처기업명단(공공데이터포털),https://www.data.go.kr/data/15084581/fileData.do,2026-04
x4571,venture,확인 유형 혁신성장유형 · 재확인 · 확인기관 벤처기업확인기관 · 업종 차체 및 특장차 제조업 · 주생산품 전동차 차체,2024-11-20,2027-11-19,중소벤처기업부 벤처기업명단(공공데이터포털),https://www.data.go.kr/data/15084581/fileData.do,2026-04
x4572,venture,확인 유형 혁신성장유형 · 재확인 · 확인기관 벤처기업확인기관 · 업종 그 외 자동차용 신품 부품 제조업 · 주생산품 그 외 자동차용 신품 부품 제조업,2024-11-06,2027-11-05,중소벤처기업부 벤처기업명단(공공데이터포털),https://www.data.go.kr/data/15084581/fileData.do,2026-04
x4573,venture,확인 유형 혁신성장유형 · 재확인 · 확인기관 벤처기업확인기관 · 업종 컴퓨터시스템 통합 자문 및 구축 서비스업 · 주생산품 전기차충전시스템,2024-10-29,2027-10-28,중소벤처기업부 벤처기업명단(공공데이터포털),https://www.data.go.kr/data/15084581/fileData.do,2026-04
x4574,venture,확인 유형 혁신성장유형 · 재확인 · 확인기관 벤처기업확인기관 · 업종 전자상거래 소매업 · 주생산품 원단 및 홈패션부자재 전자상거래,2024-11-21,2027-11-20,중소벤처기업부 벤처기업명단(공공데이터포털),https://www.data.go.kr/data/15084581/fileData.do,2026-04
x4575,venture,확인 유형 혁신성장유형 · 재확인 · 확인기관 벤처기업확인기관 · 업종 일반용 도료 및 관련제품 제조업 · 주생산품 방수재,2025-07-29,2028-07-28,중소벤처기업부 벤처기업명단(공공데이터포털),https://www.data.go.kr/data/15084581/fileData.do,2026-04
x4576,venture,확인 유형 벤처투자유형 · 재확인 · 확인기관 벤처기업확인기관 · 업종 기타 엔지니어링 서비스업 · 주생산품 엔지니어링 및 세부자동입지분석시스템,2024-11-24,2027-11-23,중소벤처기업부 벤처기업명단(공공데이터포털),https://www.data.go.kr/data/15084581/fileData.do,2026-04
x4577,bi,센터 대구스케일업허브(DASH) · 운영기관 대구광역시 · 법인기업 · 업종 연구개발/과학서비스업 · 주생산품 헤어분야 구인구직 플랫폼 · 창업일 2023-06-23,2024-02-19,,중소벤처기업부 창업보육센터 입주기업현황(공공데이터포털),https://www.data.go.kr/data/15122804/fileData.do,
x4577,venture,확인 유형 혁신성장유형 · 신규 · 확인기관 벤처기업확인기관 · 업종 응용 소프트웨어 개발 및 공급업 · 주생산품 HR 플랫폼(헤어베어),2024-10-29,2027-10-28,중소벤처기업부 벤처기업명단(공공데이터포털),https://www.data.go.kr/data/15084581/fileData.do,2026-04
x4578,venture,확인 유형 혁신성장유형 · 재확인 · 확인기관 벤처기업확인기관 · 업종 화학 살균 살충제 및 농업용 약제 제조업 · 주생산품 친환경 검역약제,2024-11-09,2027-11-08,중소벤처기업부 벤처기업명단(공공데이터포털),https://www.data.go.kr/data/15084581/fileData.do,2026-04
x4579,venture,확인 유형 연구개발유형 · 재확인 · 확인기관 벤처기업확인기관 · 업종 응용 소프트웨어 개발 및 공급업 · 주생산품 스마트 TV 앱 개발,2024-09-27,2027-09-26,중소벤처기업부 벤처기업명단(공공데이터포털),https://www.data.go.kr/data/15084581/fileData.do,2026-04
x4580,venture,확인 유형 혁신성장유형 · 신규 · 확인기관 벤처기업확인기관 · 업종 기타 가정용 전기기기 제조업 · 주생산품 홈케어용 뷰티디바이스,2024-11-19,2027-11-18,중소벤처기업부 벤처기업명단(공공데이터포털),https://www.data.go.kr/data/15084581/fileData.do,2026-04
x4581,venture,확인 유형 벤처투자유형 · 신규 · 확인기관 벤처기업확인기관 · 업종 컴퓨터시스템 통합 자문 및 구축 서비스업 · 주생산품 구매 관련 AI 솔루션,2024-10-29,2027-10-28,중소벤처기업부 벤처기업명단(공공데이터포털),https://www.data.go.kr/data/15084581/fileData.do,2026-04
x4582,venture,확인 유형 혁신성장유형 · 재확인 · 확인기관 벤처기업확인기관 · 업종 산업처리공정 제어장비 제조업 · 주생산품 IoT 제어 장비,2024-12-01,2027-11-30,중소벤처기업부 벤처기업명단(공공데이터포털),https://www.data.go.kr/data/15084581/fileData.do,2026-04
x4583,venture,"확인 유형 연구개발유형 · 재확인 · 확인기관 벤처기업확인기관 · 업종 응용 소프트웨어 개발 및 공급업 · 주생산품 소프트웨어개발 및 공급업,전기,전자,통신,컴퓨터 관련부품,무역",2024-11-30,2027-11-29,중소벤처기업부 벤처기업명단(공공데이터포털),https://www.data.go.kr/data/15084581/fileData.do,2026-04
x4584,venture,확인 유형 혁신성장유형 · 재확인 · 확인기관 벤처기업확인기관 · 업종 화장품 제조업 · 주생산품 젤폴리쉬 핸드케어 풋케어 네일케어 제품 외,2024-12-06,2027-12-05,중소벤처기업부 벤처기업명단(공공데이터포털),https://www.data.go.kr/data/15084581/fileData.do,2026-04
x4585,venture,확인 유형 혁신성장유형 · 재확인 · 확인기관 벤처기업확인기관 · 업종 일반 통신 공사업 · 주생산품 CCTV무선방송장치전광판외,2024-11-25,2027-11-24,중소벤처기업부 벤처기업명단(공공데이터포털),https://www.data.go.kr/data/15084581/fileData.do,2026-04
x4586,venture,"확인 유형 연구개발유형 · 신규 · 확인기관 벤처기업확인기관 · 업종 그 외 기타 식료품 제조업 · 주생산품 그 외 기타 식료품 제조업,운동 및 경기용품 소매업,전자상거래,응용 소프트웨어 개발 및 공급업,농림수산학 및 수의학 연구개발업,전기ㆍ전자공학 연구개발업,",2024-12-11,2027-12-10,중소벤처기업부 벤처기업명단(공공데이터포털),https://www.data.go.kr/data/15084581/fileData.do,2026-04
x4587,venture,확인 유형 혁신성장유형 · 재확인 · 확인기관 벤처기업확인기관 · 업종 연료용 가스 제조 및 배관공급업 · 주생산품 PSA공법을 이용한 메탄가스 등,2024-10-21,2027-10-20,중소벤처기업부 벤처기업명단(공공데이터포털),https://www.data.go.kr/data/15084581/fileData.do,2026-04
x4588,venture,확인 유형 벤처투자유형 · 재확인 · 확인기관 벤처기업확인기관 · 업종 시스템 소프트웨어 개발 및 공급업 · 주생산품 웹서비스 https://cccv.to/,2024-10-27,2027-10-26,중소벤처기업부 벤처기업명단(공공데이터포털),https://www.data.go.kr/data/15084581/fileData.do,2026-04
x4589,venture,확인 유형 연구개발유형 · 재확인 · 확인기관 벤처기업확인기관 · 업종 환경 관련 엔지니어링 서비스업 · 주생산품 석면조사실내공기질측정건설업외,2024-11-11,2027-11-10,중소벤처기업부 벤처기업명단(공공데이터포털),https://www.data.go.kr/data/15084581/fileData.do,2026-04
x4590,bi,센터 대구스케일업허브(DASH) · 운영기관 대구광역시 · 법인기업 · 업종 기타서비스업 · 주생산품 미용의료기기중개플랫폼 · 창업일 2021-01-28,2021-09-06,,중소벤처기업부 창업보육센터 입주기업현황(공공데이터포털),https://www.data.go.kr/data/15122804/fileData.do,
x4590,venture,확인 유형 벤처투자유형 · 재확인 · 확인기관 벤처기업확인기관 · 업종 의료기기 도매업 · 주생산품 미용의료기기 중개 플랫폼,2024-10-20,2027-10-19,중소벤처기업부 벤처기업명단(공공데이터포털),https://www.data.go.kr/data/15084581/fileData.do,2026-04
x4591,venture,"확인 유형 연구개발유형 · 재확인 · 확인기관 벤처기업확인기관 · 업종 응용 소프트웨어 개발 및 공급업 · 주생산품 ERP, MES (Business Total Solution),  비대면 고객관리 App",2024-10-13,2027-10-12,중소벤처기업부 벤처기업명단(공공데이터포털),https://www.data.go.kr/data/15084581/fileData.do,2026-04
x4592,venture,"확인 유형 혁신성장유형 · 신규 · 확인기관 벤처기업확인기관 · 업종 산업용 로봇 제조업 · 주생산품 협동로봇 솔루션 제작,  소프트웨어",2025-06-04,2028-06-03,중소벤처기업부 벤처기업명단(공공데이터포털),https://www.data.go.kr/data/15084581/fileData.do,2026-04
x4593,venture,확인 유형 벤처투자유형 · 재확인 · 확인기관 벤처기업확인기관 · 업종 모바일 게임 소프트웨어 개발 및 공급업 · 주생산품 정신건강케어 소프트웨어,2024-11-24,2027-11-23,중소벤처기업부 벤처기업명단(공공데이터포털),https://www.data.go.kr/data/15084581/fileData.do,2026-04
x4594,venture,확인 유형 벤처투자유형 · 재확인 · 확인기관 벤처기업확인기관 · 업종 인형 및 장난감 제조업 · 주생산품 교육용 로봇,2024-12-17,2027-12-16,중소벤처기업부 벤처기업명단(공공데이터포털),https://www.data.go.kr/data/15084581/fileData.do,2026-04
x4595,venture,확인 유형 혁신성장유형 · 신규 · 확인기관 벤처기업확인기관 · 업종 환경설비 건설업 · 주생산품 환경오염방지시설,2024-12-04,2027-12-03,중소벤처기업부 벤처기업명단(공공데이터포털),https://www.data.go.kr/data/15084581/fileData.do,2026-04
x4596,venture,확인 유형 혁신성장유형 · 재확인 · 확인기관 벤처기업확인기관 · 업종 응용 소프트웨어 개발 및 공급업 · 주생산품 모터 고장 진단 개발,2024-09-29,2027-09-28,중소벤처기업부 벤처기업명단(공공데이터포털),https://www.data.go.kr/data/15084581/fileData.do,2026-04
x4597,venture,확인 유형 혁신성장유형 · 신규 · 확인기관 벤처기업확인기관 · 업종 그 외 기타 특수목적용 기계 제조업 · 주생산품 자동화 장비,2024-12-27,2027-12-26,중소벤처기업부 벤처기업명단(공공데이터포털),https://www.data.go.kr/data/15084581/fileData.do,2026-04
x4598,venture,확인 유형 연구개발유형 · 재확인 · 확인기관 벤처기업확인기관 · 업종 응용 소프트웨어 개발 및 공급업 · 주생산품 머신러닝,2024-11-21,2027-11-20,중소벤처기업부 벤처기업명단(공공데이터포털),https://www.data.go.kr/data/15084581/fileData.do,2026-04
x4599,venture,"확인 유형 혁신성장유형 · 재확인 · 확인기관 벤처기업확인기관 · 업종 의학 및 약학 연구개발업 · 주생산품 물리, 화학 및 생물학 연구개발업,농학 연구개발업,의학 및 약학 연구개발업,기타 자연과학,화장품 제조업,치약, 비누 및 기타 세제 제조업,표면광택제 및 실내",2024-12-26,2027-12-25,중소벤처기업부 벤처기업명단(공공데이터포털),https://www.data.go.kr/data/15084581/fileData.do,2026-04
x4600,venture,"확인 유형 혁신성장유형 · 재확인 · 확인기관 벤처기업확인기관 · 업종 안경, 사진장비 및 광학용품 도매업 · 주생산품 안경테　및　선글라스,안경테　및　선글라스,전자상거래 소매업",2024-12-15,2027-12-14,중소벤처기업부 벤처기업명단(공공데이터포털),https://www.data.go.kr/data/15084581/fileData.do,2026-04
x4601,venture,확인 유형 벤처투자유형 · 재확인 · 확인기관 벤처기업확인기관 · 업종 강관 가공품 및 관 연결구류 제조업 · 주생산품 배관 이음구,2024-12-30,2027-12-29,중소벤처기업부 벤처기업명단(공공데이터포털),https://www.data.go.kr/data/15084581/fileData.do,2026-04
x4602,venture,"확인 유형 혁신성장유형 · 신규 · 확인기관 벤처기업확인기관 · 업종 응용 소프트웨어 개발 및 공급업 · 주생산품 한의원용 시스템, 소프트웨어",2024-12-18,2027-12-17,중소벤처기업부 벤처기업명단(공공데이터포털),https://www.data.go.kr/data/15084581/fileData.do,2026-04
x4603,venture,확인 유형 혁신성장유형 · 재확인 · 확인기관 벤처기업확인기관 · 업종 그 외 기타 특수목적용 기계 제조업 · 주생산품 원심분리기 및 수처리기계,2025-01-02,2028-01-01,중소벤처기업부 벤처기업명단(공공데이터포털),https://www.data.go.kr/data/15084581/fileData.do,2026-04
x4604,venture,확인 유형 혁신성장유형 · 재확인 · 확인기관 벤처기업확인기관 · 업종 컴퓨터시스템 통합 자문 및 구축 서비스업 · 주생산품 전자회의록 영상회의록,2024-12-24,2027-12-23,중소벤처기업부 벤처기업명단(공공데이터포털),https://www.data.go.kr/data/15084581/fileData.do,2026-04
x4605,venture,"확인 유형 혁신성장유형 · 신규 · 확인기관 벤처기업확인기관 · 업종 그 외 기타 분류 안된 전문, 과학 및 기술 서비스업 · 주생산품 창고 임대 관련 컨설팅업",2024-12-18,2027-12-17,중소벤처기업부 벤처기업명단(공공데이터포털),https://www.data.go.kr/data/15084581/fileData.do,2026-04
x4606,venture,확인 유형 벤처투자유형 · 신규 · 확인기관 벤처기업확인기관 · 업종 그 외 기타 일반목적용 기계 제조업 · 주생산품 무인 챌린지 스튜디오,2024-12-03,2027-12-02,중소벤처기업부 벤처기업명단(공공데이터포털),https://www.data.go.kr/data/15084581/fileData.do,2026-04
x4607,venture,"확인 유형 연구개발유형 · 재확인 · 확인기관 벤처기업확인기관 · 업종 그 외 기타 분류 안된 전문, 과학 및 기술 서비스업 · 주생산품 전자기기제품부품디자인설계",2024-11-13,2027-11-12,중소벤처기업부 벤처기업명단(공공데이터포털),https://www.data.go.kr/data/15084581/fileData.do,2026-04
x4608,venture,확인 유형 혁신성장유형 · 신규 · 확인기관 벤처기업확인기관 · 업종 그 외 기타 전기장비 제조업 · 주생산품 전기절감장치,2024-12-10,2027-12-09,중소벤처기업부 벤처기업명단(공공데이터포털),https://www.data.go.kr/data/15084581/fileData.do,2026-04
x4609,venture,확인 유형 벤처투자유형 · 신규 · 확인기관 벤처기업확인기관 · 업종 상용 인력 공급 및 인사관리 서비스업 · 주생산품 인사관리 서비스,2024-12-18,2027-12-17,중소벤처기업부 벤처기업명단(공공데이터포털),https://www.data.go.kr/data/15084581/fileData.do,2026-04
x4610,venture,"확인 유형 연구개발유형 · 재확인 · 확인기관 벤처기업확인기관 · 업종 컴퓨터 및 주변장치, 소프트웨어 도매업 · 주생산품 컴퓨터,주변장치,전기공급,전기제어장치,정보통신장비,통신기기 도소매,무역/소프트웨어 개발,공급",2025-01-02,2028-01-01,중소벤처기업부 벤처기업명단(공공데이터포털),https://www.data.go.kr/data/15084581/fileData.do,2026-04
x4611,venture,"확인 유형 혁신성장유형 · 신규 · 확인기관 벤처기업확인기관 · 업종 광고 대행업 · 주생산품 광고대행,전자상거래",2025-01-07,2028-01-06,중소벤처기업부 벤처기업명단(공공데이터포털),https://www.data.go.kr/data/15084581/fileData.do,2026-04
x4612,venture,"확인 유형 혁신성장유형 · 재확인 · 확인기관 벤처기업확인기관 · 업종 모터사이클 제조업 · 주생산품 전기자전거, 전동킥보드, 전동스쿠터",2024-12-20,2027-12-19,중소벤처기업부 벤처기업명단(공공데이터포털),https://www.data.go.kr/data/15084581/fileData.do,2026-04
x4613,venture,확인 유형 벤처투자유형 · 신규 · 확인기관 벤처기업확인기관 · 업종 기타 부동산 임대업 · 주생산품 플랫폼 서비스 개발 및 공급업,2024-12-10,2027-12-09,중소벤처기업부 벤처기업명단(공공데이터포털),https://www.data.go.kr/data/15084581/fileData.do,2026-04
x4614,venture,"확인 유형 혁신성장유형 · 재확인 · 확인기관 벤처기업확인기관 · 업종 그 외 기타 플라스틱 제품 제조업 · 주생산품 플라스틱 배수로 제조, 판매, 설치업",2024-12-22,2027-12-21,중소벤처기업부 벤처기업명단(공공데이터포털),https://www.data.go.kr/data/15084581/fileData.do,2026-04
x4615,venture,확인 유형 혁신성장유형 · 신규 · 확인기관 벤처기업확인기관 · 업종 응용 소프트웨어 개발 및 공급업 · 주생산품 환자케어솔류션 및 케어서비스등,2024-12-31,2027-12-30,중소벤처기업부 벤처기업명단(공공데이터포털),https://www.data.go.kr/data/15084581/fileData.do,2026-04
x4616,bi,센터 대구스케일업허브(DASH) · 운영기관 대구광역시 · 법인기업 · 업종 정보처리및컴퓨터관련업 · 주생산품 인테리어 플랫폼 · 창업일 2021-07-21,2022-11-01,,중소벤처기업부 창업보육센터 입주기업현황(공공데이터포털),https://www.data.go.kr/data/15122804/fileData.do,
x4616,venture,확인 유형 벤처투자유형 · 재확인 · 확인기관 벤처기업확인기관 · 업종 응용 소프트웨어 개발 및 공급업 · 주생산품 인버즈,2025-01-26,2028-01-25,중소벤처기업부 벤처기업명단(공공데이터포털),https://www.data.go.kr/data/15084581/fileData.do,2026-04
x4617,venture,확인 유형 벤처투자유형 · 신규 · 확인기관 벤처기업확인기관 · 업종 기타 교육지원 서비스업 · 주생산품 독서 코칭 프로그램,2024-12-24,2027-12-23,중소벤처기업부 벤처기업명단(공공데이터포털),https://www.data.go.kr/data/15084581/fileData.do,2026-04
x4618,venture,확인 유형 혁신성장유형 · 재확인 · 확인기관 벤처기업확인기관 · 업종 태양력 발전업 · 주생산품 태양열 전기발전 및 태양열 온수 공사,2024-11-10,2027-11-09,중소벤처기업부 벤처기업명단(공공데이터포털),https://www.data.go.kr/data/15084581/fileData.do,2026-04
x4619,venture,확인 유형 연구개발유형 · 재확인 · 확인기관 벤처기업확인기관 · 업종 시스템 소프트웨어 개발 및 공급업 · 주생산품 프로그램,2025-02-05,2028-02-04,중소벤처기업부 벤처기업명단(공공데이터포털),https://www.data.go.kr/data/15084581/fileData.do,2026-04
x4620,venture,확인 유형 벤처투자유형 · 재확인 · 확인기관 벤처기업확인기관 · 업종 기타 기초 유기 화학물질 제조업 · 주생산품 유전자 전달체,2025-02-13,2028-02-12,중소벤처기업부 벤처기업명단(공공데이터포털),https://www.data.go.kr/data/15084581/fileData.do,2026-04
x4621,venture,"확인 유형 혁신성장유형 · 재확인 · 확인기관 벤처기업확인기관 · 업종 그 외 기타 플라스틱 제품 제조업 · 주생산품 유아용 우유클립, 병마개, 식기류 외",2024-11-26,2027-11-25,중소벤처기업부 벤처기업명단(공공데이터포털),https://www.data.go.kr/data/15084581/fileData.do,2026-04
x4622,venture,"확인 유형 혁신성장유형 · 신규 · 확인기관 벤처기업확인기관 · 업종 상품 종합 도매업 · 주생산품 온라인 식품판매 플랫폼, PB상품 개발",2025-01-15,2028-01-14,중소벤처기업부 벤처기업명단(공공데이터포털),https://www.data.go.kr/data/15084581/fileData.do,2026-04
x4623,venture,"확인 유형 혁신성장유형 · 신규 · 확인기관 벤처기업확인기관 · 업종 그 외 기타 고무제품 제조업 · 주생산품 패킹,스토퍼, 댐퍼 등",2025-03-06,2028-03-05,중소벤처기업부 벤처기업명단(공공데이터포털),https://www.data.go.kr/data/15084581/fileData.do,2026-04
x4624,venture,확인 유형 혁신성장유형 · 신규 · 확인기관 벤처기업확인기관 · 업종 기타 교육지원 서비스업 · 주생산품 유아교육서비스,2025-02-05,2028-02-04,중소벤처기업부 벤처기업명단(공공데이터포털),https://www.data.go.kr/data/15084581/fileData.do,2026-04
x4625,venture,확인 유형 혁신성장유형 · 재확인 · 확인기관 벤처기업확인기관 · 업종 그 외 기타 금속가공업 · 주생산품 비닐하우스 골격구조,2025-02-21,2028-02-20,중소벤처기업부 벤처기업명단(공공데이터포털),https://www.data.go.kr/data/15084581/fileData.do,2026-04
x4626,venture,확인 유형 벤처투자유형 · 신규 · 확인기관 벤처기업확인기관 · 업종 시스템 소프트웨어 개발 및 공급업 · 주생산품 소프트웨어,2025-01-21,2028-01-20,중소벤처기업부 벤처기업명단(공공데이터포털),https://www.data.go.kr/data/15084581/fileData.do,2026-04
x4627,bi,센터 대구스케일업허브(DASH) · 운영기관 대구광역시 · 법인기업 · 업종 전자부품등제조업 · 주생산품 반도체 부품 및 공정 대행 / IoT 스마트 화분 · 창업일 2023-07-13,2023-07-17,,중소벤처기업부 창업보육센터 입주기업현황(공공데이터포털),https://www.data.go.kr/data/15122804/fileData.do,
x4627,venture,확인 유형 혁신성장유형 · 재확인 · 확인기관 벤처기업확인기관 · 업종 기타 반도체소자 제조업 · 주생산품 나노 패턴 홀로그램을 이용한 자동차 헤드라이트,2024-12-08,2027-12-07,중소벤처기업부 벤처기업명단(공공데이터포털),https://www.data.go.kr/data/15084581/fileData.do,2026-04
x4628,bi,센터 대구스케일업허브(DASH) · 운영기관 대구광역시 · 법인기업 · 업종 정보처리및컴퓨터관련업 · 주생산품 AI 융합 SW 솔루션 및 서비스 · 창업일 2019-09-19,2023-12-01,,중소벤처기업부 창업보육센터 입주기업현황(공공데이터포털),https://www.data.go.kr/data/15122804/fileData.do,
x4628,venture,"확인 유형 혁신성장유형 · 재확인 · 확인기관 벤처기업확인기관 · 업종 응용 소프트웨어 개발 및 공급업 · 주생산품 컴퓨터 시스템 통합 자문,구축",2024-12-08,2027-12-07,중소벤처기업부 벤처기업명단(공공데이터포털),https://www.data.go.kr/data/15084581/fileData.do,2026-04
x4629,venture,"확인 유형 혁신성장유형 · 신규 · 확인기관 벤처기업확인기관 · 업종 그 외 기타 가구 제조업 · 주생산품 건축자재 제조,방염 및 난연재료제조",2025-02-25,2028-02-24,중소벤처기업부 벤처기업명단(공공데이터포털),https://www.data.go.kr/data/15084581/fileData.do,2026-04
x4630,venture,확인 유형 벤처투자유형 · 재확인 · 확인기관 벤처기업확인기관 · 업종 그 외 기타 콘크리트 제품 및 유사제품 제조업 · 주생산품 프리캐스트 콘크리트 모듈,2025-02-25,2028-02-24,중소벤처기업부 벤처기업명단(공공데이터포털),https://www.data.go.kr/data/15084581/fileData.do,2026-04
x4631,venture,확인 유형 벤처투자유형 · 재확인 · 확인기관 벤처기업확인기관 · 업종 온라인 활용 마케팅 및 관련 사업지원 서비스업 · 주생산품 사업지원서비스,2025-02-09,2028-02-08,중소벤처기업부 벤처기업명단(공공데이터포털),https://www.data.go.kr/data/15084581/fileData.do,2026-04
x4632,venture,확인 유형 혁신성장유형 · 재확인 · 확인기관 벤처기업확인기관 · 업종 시각 디자인업 · 주생산품 B.I / C.I / 포장 디자인 / 카탈로그 디자인 / UX / UI / 서비스 디자인 / 환경 디자인 / 공간 디자인,2025-02-06,2028-02-05,중소벤처기업부 벤처기업명단(공공데이터포털),https://www.data.go.kr/data/15084581/fileData.do,2026-04
x4633,bi,센터 수성대학교 창업보육센터 · 운영기관 수성대학교 · 법인기업 · 업종 정보처리및컴퓨터관련업 · 주생산품 통화연계 광고노출 어플리케이션 · 창업일 2022-07-01,2017-12-04,,중소벤처기업부 창업보육센터 입주기업현황(공공데이터포털),https://www.data.go.kr/data/15122804/fileData.do,
x4633,venture,확인 유형 혁신성장유형 · 재확인 · 확인기관 벤처기업확인기관 · 업종 포털 및 기타 인터넷 정보매개 서비스업 · 주생산품 소프트웨어 개발 및 공급업,2025-03-05,2028-03-04,중소벤처기업부 벤처기업명단(공공데이터포털),https://www.data.go.kr/data/15084581/fileData.do,2026-04
x4634,venture,"확인 유형 벤처투자유형 · 신규 · 확인기관 벤처기업확인기관 · 업종 데이터베이스 및 온라인정보 제공업 · 주생산품 도,소매 상품, 인터넷 정보 매개 서비스업",2025-02-26,2028-02-25,중소벤처기업부 벤처기업명단(공공데이터포털),https://www.data.go.kr/data/15084581/fileData.do,2026-04
x4635,venture,확인 유형 연구개발유형 · 재확인 · 확인기관 벤처기업확인기관 · 업종 놀이터용 장비 제조업 · 주생산품 놀이기구 놀이시설,2025-03-13,2028-03-12,중소벤처기업부 벤처기업명단(공공데이터포털),https://www.data.go.kr/data/15084581/fileData.do,2026-04
x4636,venture,"확인 유형 혁신성장유형 · 재확인 · 확인기관 벤처기업확인기관 · 업종 도금, 착색 및 기타 표면처리강재 제조업 · 주생산품 스틸방수패널 등",2025-02-12,2028-02-11,중소벤처기업부 벤처기업명단(공공데이터포털),https://www.data.go.kr/data/15084581/fileData.do,2026-04
x4637,venture,확인 유형 벤처투자유형 · 신규 · 확인기관 벤처기업확인기관 · 업종 전자상거래 소매 중개업 · 주생산품 오디션미,2025-02-26,2028-02-25,중소벤처기업부 벤처기업명단(공공데이터포털),https://www.data.go.kr/data/15084581/fileData.do,2026-04
x4638,venture,"확인 유형 혁신성장유형 · 신규 · 확인기관 벤처기업확인기관 · 업종 응용 소프트웨어 개발 및 공급업 · 주생산품 업무효율개선 자동화(RPA) 프로그램 , 빅데이터 통계분석 , 성과분석",2025-04-22,2028-04-21,중소벤처기업부 벤처기업명단(공공데이터포털),https://www.data.go.kr/data/15084581/fileData.do,2026-04
x4639,venture,확인 유형 벤처투자유형 · 재확인 · 확인기관 벤처기업확인기관 · 업종 건강기능식품 제조업 · 주생산품 LHF618 파이토블락 등,2025-03-23,2028-03-22,중소벤처기업부 벤처기업명단(공공데이터포털),https://www.data.go.kr/data/15084581/fileData.do,2026-04
x4640,venture,확인 유형 벤처투자유형 · 재확인 · 확인기관 벤처기업확인기관 · 업종 광고 대행업 · 주생산품 통합 퍼포먼스마케팅,2025-02-16,2028-02-15,중소벤처기업부 벤처기업명단(공공데이터포털),https://www.data.go.kr/data/15084581/fileData.do,2026-04
x4641,venture,확인 유형 연구개발유형 · 재확인 · 확인기관 벤처기업확인기관 · 업종 응용 소프트웨어 개발 및 공급업 · 주생산품 학습프로그램 제어기외 소프트웨어 개발 제조외,2025-02-19,2028-02-18,중소벤처기업부 벤처기업명단(공공데이터포털),https://www.data.go.kr/data/15084581/fileData.do,2026-04
x4642,venture,확인 유형 혁신성장유형 · 재확인 · 확인기관 벤처기업확인기관 · 업종 비디오 및 기타 영상기기 제조업 · 주생산품 폐쇄회로카메라,2025-03-31,2028-03-30,중소벤처기업부 벤처기업명단(공공데이터포털),https://www.data.go.kr/data/15084581/fileData.do,2026-04
x4643,bi,센터 대구스케일업허브(DASH) · 운영기관 대구광역시 · 법인기업 · 업종 정보처리및컴퓨터관련업 · 주생산품 디지털백신 · 창업일 2021-10-20,2023-12-01,,중소벤처기업부 창업보육센터 입주기업현황(공공데이터포털),https://www.data.go.kr/data/15122804/fileData.do,
x4643,venture,확인 유형 벤처투자유형 · 재확인 · 확인기관 벤처기업확인기관 · 업종 응용 소프트웨어 개발 및 공급업 · 주생산품 디지털헬스케어 솔루션,2025-03-30,2028-03-29,중소벤처기업부 벤처기업명단(공공데이터포털),https://www.data.go.kr/data/15084581/fileData.do,2026-04
x4644,venture,확인 유형 혁신성장유형 · 재확인 · 확인기관 벤처기업확인기관 · 업종 그 외 기타 특수목적용 기계 제조업 · 주생산품 자동차 부품,2025-04-06,2028-04-05,중소벤처기업부 벤처기업명단(공공데이터포털),https://www.data.go.kr/data/15084581/fileData.do,2026-04
x4645,venture,확인 유형 혁신성장유형 · 재확인 · 확인기관 벤처기업확인기관 · 업종 화학섬유직물 직조업 · 주생산품 나일론 폴리에스테르,2025-03-21,2028-03-20,중소벤처기업부 벤처기업명단(공공데이터포털),https://www.data.go.kr/data/15084581/fileData.do,2026-04
x4646,venture,확인 유형 혁신성장유형 · 신규 · 확인기관 벤처기업확인기관 · 업종 산업용 로봇 제조업 · 주생산품 산업용 기계장비 제작 및 임대서비스,2025-03-18,2028-03-17,중소벤처기업부 벤처기업명단(공공데이터포털),https://www.data.go.kr/data/15084581/fileData.do,2026-04
x4647,venture,확인 유형 혁신성장유형 · 신규 · 확인기관 벤처기업확인기관 · 업종 컴퓨터 프로그래밍 서비스업 · 주생산품 웹 개발,2025-03-18,2028-03-17,중소벤처기업부 벤처기업명단(공공데이터포털),https://www.data.go.kr/data/15084581/fileData.do,2026-04
x4648,venture,"확인 유형 벤처투자유형 · 신규 · 확인기관 벤처기업확인기관 · 업종 건강기능식품 제조업 · 주생산품 건강기능식품, 화장품",2025-03-26,2028-03-25,중소벤처기업부 벤처기업명단(공공데이터포털),https://www.data.go.kr/data/15084581/fileData.do,2026-04
x4649,venture,확인 유형 혁신성장유형 · 신규 · 확인기관 벤처기업확인기관 · 업종 응용 소프트웨어 개발 및 공급업 · 주생산품 소프트웨어,2025-04-16,2028-04-15,중소벤처기업부 벤처기업명단(공공데이터포털),https://www.data.go.kr/data/15084581/fileData.do,2026-04
x4650,venture,"확인 유형 혁신성장유형 · 재확인 · 확인기관 벤처기업확인기관 · 업종 방송 프로그램 제작업 · 주생산품 영상콘텐츠, 플랫폼서비스",2025-04-08,2028-04-07,중소벤처기업부 벤처기업명단(공공데이터포털),https://www.data.go.kr/data/15084581/fileData.do,2026-04
x4651,venture,확인 유형 혁신성장유형 · 재확인 · 확인기관 벤처기업확인기관 · 업종 합성섬유 제조업 · 주생산품 나일론 폴리에스터 산업용자재,2025-03-21,2028-03-20,중소벤처기업부 벤처기업명단(공공데이터포털),https://www.data.go.kr/data/15084581/fileData.do,2026-04
x4652,venture,"확인 유형 혁신성장유형 · 재확인 · 확인기관 벤처기업확인기관 · 업종 응용 소프트웨어 개발 및 공급업 · 주생산품 제조IT 솔루션 (MES/POP, SPC, WMS, PMS), 디지털 트윈 및 제조 빅데이터 기반 제조공정 가상화 플랫폼 외",2025-04-14,2028-04-13,중소벤처기업부 벤처기업명단(공공데이터포털),https://www.data.go.kr/data/15084581/fileData.do,2026-04
x4653,venture,확인 유형 벤처투자유형 · 재확인 · 확인기관 벤처기업확인기관 · 업종 응용 소프트웨어 개발 및 공급업 · 주생산품 모바일 앱,2025-04-01,2028-03-31,중소벤처기업부 벤처기업명단(공공데이터포털),https://www.data.go.kr/data/15084581/fileData.do,2026-04
x4654,venture,확인 유형 혁신성장유형 · 재확인 · 확인기관 벤처기업확인기관 · 업종 컴퓨터시스템 통합 자문 및 구축 서비스업 · 주생산품 공간정보시스템재난관리시스템,2025-04-22,2028-04-21,중소벤처기업부 벤처기업명단(공공데이터포털),https://www.data.go.kr/data/15084581/fileData.do,2026-04
x4655,venture,"확인 유형 벤처투자유형 · 재확인 · 확인기관 벤처기업확인기관 · 업종 그 외 기타 분류 안된 전문, 과학 및 기술 서비스업 · 주생산품 NFT플랫폼",2025-05-04,2028-05-03,중소벤처기업부 벤처기업명단(공공데이터포털),https://www.data.go.kr/data/15084581/fileData.do,2026-04
x4656,venture,"확인 유형 혁신성장유형 · 신규 · 확인기관 벤처기업확인기관 · 업종 데이터베이스 및 온라인정보 제공업 · 주생산품 데이터베이스 및 온라인 정보 제공업,응용 소프트웨어 개발 및 공급업,시스템 소프트웨어 개발 및 공급업,광고대행, 광고물작성",2025-05-08,2028-05-07,중소벤처기업부 벤처기업명단(공공데이터포털),https://www.data.go.kr/data/15084581/fileData.do,2026-04
x4657,venture,확인 유형 혁신성장유형 · 신규 · 확인기관 벤처기업확인기관 · 업종 기타 음향기기 제조업 · 주생산품 오디오,2025-04-16,2028-04-15,중소벤처기업부 벤처기업명단(공공데이터포털),https://www.data.go.kr/data/15084581/fileData.do,2026-04
x4658,venture,"확인 유형 벤처투자유형 · 재확인 · 확인기관 벤처기업확인기관 · 업종 그 외 기타 분류 안된 사업지원 서비스업 · 주생산품 전자상거래 중개업 및 부가서비스업,전자상거래업,일반여행업,기타 여행 보조 및 예약 서비스업,소프트웨어개발 및 공급업",2025-04-12,2028-04-11,중소벤처기업부 벤처기업명단(공공데이터포털),https://www.data.go.kr/data/15084581/fileData.do,2026-04
x4659,venture,확인 유형 혁신성장유형 · 재확인 · 확인기관 벤처기업확인기관 · 업종 치과용 기기 제조업 · 주생산품 보철물 제작,2025-03-30,2028-03-29,중소벤처기업부 벤처기업명단(공공데이터포털),https://www.data.go.kr/data/15084581/fileData.do,2026-04
x4660,bi,센터 계명대학교 창업보육센터 · 운영기관 계명대학교 · 법인기업 · 업종 기계/장비제조업 · 주생산품 반려동물 및 반려인 맞춤형 포토 키오스크 · 창업일 2022-10-18,2022-08-22,,중소벤처기업부 창업보육센터 입주기업현황(공공데이터포털),https://www.data.go.kr/data/15122804/fileData.do,
x4660,venture,"확인 유형 혁신성장유형 · 신규 · 확인기관 벤처기업확인기관 · 업종 기타 광학기기 및 사진기 제조업 · 주생산품 셀프 사진기, 반려동물 CCTV 관제 시스템",2025-04-22,2028-04-21,중소벤처기업부 벤처기업명단(공공데이터포털),https://www.data.go.kr/data/15084581/fileData.do,2026-04
x4661,venture,"확인 유형 혁신성장유형 · 신규 · 확인기관 벤처기업확인기관 · 업종 기타 교육지원 서비스업 · 주생산품 교육서비스, 심리상담",2025-05-21,2028-05-20,중소벤처기업부 벤처기업명단(공공데이터포털),https://www.data.go.kr/data/15084581/fileData.do,2026-04
x4662,venture,"확인 유형 혁신성장유형 · 신규 · 확인기관 벤처기업확인기관 · 업종 응용 소프트웨어 개발 및 공급업 · 주생산품 웹 솔루션, 모바일 앱, 스마트팩토리",2025-04-29,2028-04-28,중소벤처기업부 벤처기업명단(공공데이터포털),https://www.data.go.kr/data/15084581/fileData.do,2026-04
x4663,venture,확인 유형 벤처투자유형 · 재확인 · 확인기관 벤처기업확인기관 · 업종 기체 여과기 제조업 · 주생산품 수질자동조정장치,2025-04-09,2028-04-08,중소벤처기업부 벤처기업명단(공공데이터포털),https://www.data.go.kr/data/15084581/fileData.do,2026-04
x4664,venture,확인 유형 벤처투자유형 · 재확인 · 확인기관 벤처기업확인기관 · 업종 시스템 소프트웨어 개발 및 공급업 · 주생산품 소프트웨어,2025-04-26,2028-04-25,중소벤처기업부 벤처기업명단(공공데이터포털),https://www.data.go.kr/data/15084581/fileData.do,2026-04
x4665,venture,확인 유형 혁신성장유형 · 재확인 · 확인기관 벤처기업확인기관 · 업종 사무.상업용 및 공공기관용 건물 건설업 · 주생산품 실내건축공사,2025-04-07,2028-04-06,중소벤처기업부 벤처기업명단(공공데이터포털),https://www.data.go.kr/data/15084581/fileData.do,2026-04
x4666,venture,"확인 유형 벤처투자유형 · 재확인 · 확인기관 벤처기업확인기관 · 업종 경 인쇄업 · 주생산품 경 인쇄업,날염 가공업,문구용 종이제품 제조업,그 외 기타 종이 및 판지 제품 제조업,스크린 인쇄업,그 외 기타 종합 소매업,예술품 및 골동품 소매업,예술품",2025-05-21,2028-05-20,중소벤처기업부 벤처기업명단(공공데이터포털),https://www.data.go.kr/data/15084581/fileData.do,2026-04
x4667,venture,확인 유형 혁신성장유형 · 신규 · 확인기관 벤처기업확인기관 · 업종 기타 반도체소자 제조업 · 주생산품 전자 및 전기부품 제조,2025-05-21,2028-05-20,중소벤처기업부 벤처기업명단(공공데이터포털),https://www.data.go.kr/data/15084581/fileData.do,2026-04
x4668,venture,"확인 유형 연구개발유형 · 신규 · 확인기관 벤처기업확인기관 · 업종 기타 공학 연구개발업 · 주생산품 VCU, Motor Controller, Cycle Kart, Lv4 Open Platform 등 전기차/자율차용 부품 개발 및 기타 연구개발업",2025-06-25,2028-06-24,중소벤처기업부 벤처기업명단(공공데이터포털),https://www.data.go.kr/data/15084581/fileData.do,2026-04
x4669,venture,확인 유형 혁신성장유형 · 신규 · 확인기관 벤처기업확인기관 · 업종 자연과학 및 공학 융합 연구개발업 · 주생산품 AI 솔루션 / 소프트웨어,2025-05-14,2028-05-13,중소벤처기업부 벤처기업명단(공공데이터포털),https://www.data.go.kr/data/15084581/fileData.do,2026-04
x4670,venture,확인 유형 혁신성장유형 · 신규 · 확인기관 벤처기업확인기관 · 업종 그 외 기타 식료품 제조업 · 주생산품 축산가공품,2025-05-07,2028-05-06,중소벤처기업부 벤처기업명단(공공데이터포털),https://www.data.go.kr/data/15084581/fileData.do,2026-04
x4671,venture,확인 유형 혁신성장유형 · 재확인 · 확인기관 벤처기업확인기관 · 업종 의학 및 약학 연구개발업 · 주생산품 약리학품,2025-06-04,2028-06-03,중소벤처기업부 벤처기업명단(공공데이터포털),https://www.data.go.kr/data/15084581/fileData.do,2026-04
x4672,venture,"확인 유형 혁신성장유형 · 재확인 · 확인기관 벤처기업확인기관 · 업종 용기 세척, 포장 및 충전기 제조업 · 주생산품 캔시머 식품포장기",2025-05-13,2028-05-12,중소벤처기업부 벤처기업명단(공공데이터포털),https://www.data.go.kr/data/15084581/fileData.do,2026-04
x4673,venture,확인 유형 혁신성장유형 · 재확인 · 확인기관 벤처기업확인기관 · 업종 응용 소프트웨어 개발 및 공급업 · 주생산품 산업용 Machine Vision System,2025-06-13,2028-06-12,중소벤처기업부 벤처기업명단(공공데이터포털),https://www.data.go.kr/data/15084581/fileData.do,2026-04
x4674,venture,"확인 유형 벤처투자유형 · 재확인 · 확인기관 벤처기업확인기관 · 업종 물리, 화학 및 생물학 연구개발업 · 주생산품 물리, 화학 및 생물학 연구개발업",2025-05-21,2028-05-20,중소벤처기업부 벤처기업명단(공공데이터포털),https://www.data.go.kr/data/15084581/fileData.do,2026-04
x4675,venture,"확인 유형 혁신성장유형 · 재확인 · 확인기관 벤처기업확인기관 · 업종 안경, 사진장비 및 광학용품 도매업 · 주생산품 안경테",2025-06-14,2028-06-13,중소벤처기업부 벤처기업명단(공공데이터포털),https://www.data.go.kr/data/15084581/fileData.do,2026-04
x4676,venture,확인 유형 혁신성장유형 · 재확인 · 확인기관 벤처기업확인기관 · 업종 복합비료 및 기타 화학비료 제조업 · 주생산품 미량요소복합비료,2025-05-09,2028-05-08,중소벤처기업부 벤처기업명단(공공데이터포털),https://www.data.go.kr/data/15084581/fileData.do,2026-04
x4677,venture,"확인 유형 벤처투자유형 · 재확인 · 확인기관 벤처기업확인기관 · 업종 액체 여과기 제조업 · 주생산품 활수기, 활유기",2025-06-23,2028-06-22,중소벤처기업부 벤처기업명단(공공데이터포털),https://www.data.go.kr/data/15084581/fileData.do,2026-04
x4678,venture,확인 유형 혁신성장유형 · 신규 · 확인기관 벤처기업확인기관 · 업종 그 외 기타 가구 제조업 · 주생산품 가구 및 디자인 제품 제조,2025-05-20,2028-05-19,중소벤처기업부 벤처기업명단(공공데이터포털),https://www.data.go.kr/data/15084581/fileData.do,2026-04
x4679,venture,"확인 유형 혁신성장유형 · 재확인 · 확인기관 벤처기업확인기관 · 업종 시스템 소프트웨어 개발 및 공급업 · 주생산품 회의록시스템, 전자회의시스템 등 SW, 유헬스케어플랫폼",2025-06-25,2028-06-24,중소벤처기업부 벤처기업명단(공공데이터포털),https://www.data.go.kr/data/15084581/fileData.do,2026-04
x4680,venture,확인 유형 연구개발유형 · 재확인 · 확인기관 벤처기업확인기관 · 업종 복합비료 및 기타 화학비료 제조업 · 주생산품 친환경농자재 화장품,2025-06-10,2028-06-09,중소벤처기업부 벤처기업명단(공공데이터포털),https://www.data.go.kr/data/15084581/fileData.do,2026-04
x4681,venture,"확인 유형 혁신성장유형 · 재확인 · 확인기관 벤처기업확인기관 · 업종 시스템 소프트웨어 개발 및 공급업 · 주생산품 회의록시스템, 전자회의시스템 등 SW, 유헬스케어플랫폼",2025-06-27,2028-06-26,중소벤처기업부 벤처기업명단(공공데이터포털),https://www.data.go.kr/data/15084581/fileData.do,2026-04
x4682,venture,확인 유형 벤처투자유형 · 재확인 · 확인기관 벤처기업확인기관 · 업종 그 외 기타 분류 안된 금속 가공 제품 제조업 · 주생산품 금속가공제품,2025-05-21,2028-05-20,중소벤처기업부 벤처기업명단(공공데이터포털),https://www.data.go.kr/data/15084581/fileData.do,2026-04
x4683,venture,확인 유형 혁신성장유형 · 재확인 · 확인기관 벤처기업확인기관 · 업종 빵류 제조업 · 주생산품 제과 및 제빵등 식품 제조와 식품 도.소매업등,2025-06-29,2028-06-28,중소벤처기업부 벤처기업명단(공공데이터포털),https://www.data.go.kr/data/15084581/fileData.do,2026-04
x4684,venture,"확인 유형 혁신성장유형 · 신규 · 확인기관 벤처기업확인기관 · 업종 기타 인문 및 사회과학 연구개발업 · 주생산품 전기,전자 연구개발업,전력변환장치, 항공기계,전자부품 도소매업,소프트웨어개발,컴퓨터 및 주변 기기 수리업",2025-06-11,2028-06-10,중소벤처기업부 벤처기업명단(공공데이터포털),https://www.data.go.kr/data/15084581/fileData.do,2026-04
x4685,venture,"확인 유형 혁신성장유형 · 재확인 · 확인기관 벤처기업확인기관 · 업종 산업처리공정 제어장비 제조업 · 주생산품 자동화장비,FA,전기.전자제품,IT(소프트웨어개발)",2025-05-27,2028-05-26,중소벤처기업부 벤처기업명단(공공데이터포털),https://www.data.go.kr/data/15084581/fileData.do,2026-04
x4686,venture,확인 유형 벤처투자유형 · 재확인 · 확인기관 벤처기업확인기관 · 업종 시스템 소프트웨어 개발 및 공급업 · 주생산품 지능형 수요응답형 모빌리티 플랫폼 서비스,2025-07-05,2028-07-04,중소벤처기업부 벤처기업명단(공공데이터포털),https://www.data.go.kr/data/15084581/fileData.do,2026-04
x4687,venture,확인 유형 벤처투자유형 · 신규 · 확인기관 벤처기업확인기관 · 업종 기타 교육지원 서비스업 · 주생산품 온오프라인 하이브리드 공연 플랫폼,2025-08-19,2028-08-18,중소벤처기업부 벤처기업명단(공공데이터포털),https://www.data.go.kr/data/15084581/fileData.do,2026-04
x4688,venture,"확인 유형 혁신성장유형 · 신규 · 확인기관 벤처기업확인기관 · 업종 기타 음향기기 제조업 · 주생산품 영상정보디스플레이장치, LED전광판",2025-06-18,2028-06-17,중소벤처기업부 벤처기업명단(공공데이터포털),https://www.data.go.kr/data/15084581/fileData.do,2026-04
x4689,venture,확인 유형 벤처투자유형 · 재확인 · 확인기관 벤처기업확인기관 · 업종 그 외 기타 특수목적용 기계 제조업 · 주생산품 자동화 기계 제작 생산,2025-07-01,2028-06-30,중소벤처기업부 벤처기업명단(공공데이터포털),https://www.data.go.kr/data/15084581/fileData.do,2026-04
x4690,bi,센터 대구경북중소기업청경북대학교중소기업성장지원센터 · 운영기관 대구경북지방중소벤처기업청 · 법인기업 · 업종 석유화학제품제조업 · 주생산품 재생섬유 장갑 · 창업일 2023-03-17,2023-11-01,,중소벤처기업부 창업보육센터 입주기업현황(공공데이터포털),https://www.data.go.kr/data/15122804/fileData.do,
x4690,venture,확인 유형 혁신성장유형 · 신규 · 확인기관 벤처기업확인기관 · 업종 그 외 기타 분류 안된 섬유제품 제조업 · 주생산품 장갑,2025-07-17,2028-07-16,중소벤처기업부 벤처기업명단(공공데이터포털),https://www.data.go.kr/data/15084581/fileData.do,2026-04
x4691,venture,확인 유형 혁신성장유형 · 재확인 · 확인기관 벤처기업확인기관 · 업종 유압기기 제조업 · 주생산품 욕실 주방 배관자재 제조,2025-06-08,2028-06-07,중소벤처기업부 벤처기업명단(공공데이터포털),https://www.data.go.kr/data/15084581/fileData.do,2026-04
x4692,venture,확인 유형 예비벤처유형 · 신규 · 확인기관 벤처기업확인기관 · 업종 포털 및 기타 인터넷 정보매개 서비스업,2025-06-25,2028-06-24,중소벤처기업부 벤처기업명단(공공데이터포털),https://www.data.go.kr/data/15084581/fileData.do,2026-04
x4693,venture,"확인 유형 혁신성장유형 · 재확인 · 확인기관 벤처기업확인기관 · 업종 기타 엔지니어링 서비스업 · 주생산품 정보보안 컨설팅,솔루션,지식정보서비스",2025-07-28,2028-07-27,중소벤처기업부 벤처기업명단(공공데이터포털),https://www.data.go.kr/data/15084581/fileData.do,2026-04
x4694,venture,확인 유형 연구개발유형 · 재확인 · 확인기관 벤처기업확인기관 · 업종 응용 소프트웨어 개발 및 공급업 · 주생산품 생체인식보안시스템,2025-07-24,2028-07-23,중소벤처기업부 벤처기업명단(공공데이터포털),https://www.data.go.kr/data/15084581/fileData.do,2026-04
x4695,venture,"확인 유형 벤처투자유형 · 재확인 · 확인기관 벤처기업확인기관 · 업종 상품 종합 중개업 · 주생산품 구매 대행,잡화,화장품,화장용품,서적 도소매,전자상거래/국제물류 주선/응용소프트웨어 개발,공급",2025-06-18,2028-06-17,중소벤처기업부 벤처기업명단(공공데이터포털),https://www.data.go.kr/data/15084581/fileData.do,2026-04
x4696,venture,"확인 유형 벤처투자유형 · 재확인 · 확인기관 벤처기업확인기관 · 업종 전자상거래 소매 중개업 · 주생산품 전자상거래업,동물용 사료 제조업,애견용품,동물사료 도매업,프랜차이즈업,도서,애완동물용품,휴게음식점",2025-07-30,2028-07-29,중소벤처기업부 벤처기업명단(공공데이터포털),https://www.data.go.kr/data/15084581/fileData.do,2026-04
x4697,venture,확인 유형 혁신성장유형 · 재확인 · 확인기관 벤처기업확인기관 · 업종 컴퓨터 프로그래밍 서비스업 · 주생산품 앱 서비스,2025-06-22,2028-06-21,중소벤처기업부 벤처기업명단(공공데이터포털),https://www.data.go.kr/data/15084581/fileData.do,2026-04
x4698,venture,"확인 유형 벤처투자유형 · 재확인 · 확인기관 벤처기업확인기관 · 업종 소독, 구충 및 방제 서비스업 · 주생산품 해충방제 방역소독",2025-06-08,2028-06-07,중소벤처기업부 벤처기업명단(공공데이터포털),https://www.data.go.kr/data/15084581/fileData.do,2026-04
x4699,venture,확인 유형 연구개발유형 · 재확인 · 확인기관 벤처기업확인기관 · 업종 응용 소프트웨어 개발 및 공급업 · 주생산품 응용 소프트웨어 개발 및 공급업,2025-08-03,2028-08-02,중소벤처기업부 벤처기업명단(공공데이터포털),https://www.data.go.kr/data/15084581/fileData.do,2026-04
x4700,venture,확인 유형 벤처투자유형 · 재확인 · 확인기관 벤처기업확인기관 · 업종 액정 표시장치 제조업 · 주생산품 PDLC Smart window film,2025-08-10,2028-08-09,중소벤처기업부 벤처기업명단(공공데이터포털),https://www.data.go.kr/data/15084581/fileData.do,2026-04
x4701,venture,확인 유형 혁신성장유형 · 신규 · 확인기관 벤처기업확인기관 · 업종 일반 영화 및 비디오물 제작업 · 주생산품 미디어아트,2025-07-30,2028-07-29,중소벤처기업부 벤처기업명단(공공데이터포털),https://www.data.go.kr/data/15084581/fileData.do,2026-04
x4702,venture,확인 유형 연구개발유형 · 재확인 · 확인기관 벤처기업확인기관 · 업종 응용 소프트웨어 개발 및 공급업 · 주생산품 드라이브스루 플랫폼,2025-07-13,2028-07-12,중소벤처기업부 벤처기업명단(공공데이터포털),https://www.data.go.kr/data/15084581/fileData.do,2026-04
x4703,venture,"확인 유형 혁신성장유형 · 재확인 · 확인기관 벤처기업확인기관 · 업종 전자상거래 소매업 · 주생산품 마스크,위생장갑,헬케어위생키트,물티슈 등",2025-08-24,2028-08-23,중소벤처기업부 벤처기업명단(공공데이터포털),https://www.data.go.kr/data/15084581/fileData.do,2026-04
x4704,venture,확인 유형 혁신성장유형 · 재확인 · 확인기관 벤처기업확인기관 · 업종 화장품 제조업 · 주생산품 화장품외,2025-08-09,2028-08-08,중소벤처기업부 벤처기업명단(공공데이터포털),https://www.data.go.kr/data/15084581/fileData.do,2026-04
x4705,venture,확인 유형 혁신성장유형 · 신규 · 확인기관 벤처기업확인기관 · 업종 일반전기 공사업 · 주생산품 전기공사업,2025-10-02,2028-10-01,중소벤처기업부 벤처기업명단(공공데이터포털),https://www.data.go.kr/data/15084581/fileData.do,2026-04
x4706,venture,확인 유형 연구개발유형 · 재확인 · 확인기관 벤처기업확인기관 · 업종 포털 및 기타 인터넷 정보매개 서비스업 · 주생산품 과학기술인 오픈이노베이션 플랫폼,2025-08-18,2028-08-17,중소벤처기업부 벤처기업명단(공공데이터포털),https://www.data.go.kr/data/15084581/fileData.do,2026-04
x4707,venture,확인 유형 혁신성장유형 · 신규 · 확인기관 벤처기업확인기관 · 업종 건축설계 및 관련 서비스업 · 주생산품 건축설계 및 관련 서비스업,2025-08-27,2028-08-26,중소벤처기업부 벤처기업명단(공공데이터포털),https://www.data.go.kr/data/15084581/fileData.do,2026-04
x4708,venture,확인 유형 혁신성장유형 · 신규 · 확인기관 벤처기업확인기관 · 업종 화장품 제조업 · 주생산품 화장품,2025-08-13,2028-08-12,중소벤처기업부 벤처기업명단(공공데이터포털),https://www.data.go.kr/data/15084581/fileData.do,2026-04
x4709,venture,확인 유형 혁신성장유형 · 신규 · 확인기관 벤처기업확인기관 · 업종 응용 소프트웨어 개발 및 공급업 · 주생산품 AI 기반 지오펜스를 활용한 행사 관리 통합 솔루션,2025-08-12,2028-08-11,중소벤처기업부 벤처기업명단(공공데이터포털),https://www.data.go.kr/data/15084581/fileData.do,2026-04
x4710,bi,센터 대구스케일업허브(DASH) · 운영기관 대구광역시 · 법인기업 · 업종 의료/정밀등제조업 · 주생산품 히알루론산 친수성 폴리머 기반 습윤 창상피복연고 · 창업일 2022-08-16,2022-07-01,,중소벤처기업부 창업보육센터 입주기업현황(공공데이터포털),https://www.data.go.kr/data/15122804/fileData.do,
x4710,venture,"확인 유형 혁신성장유형 · 신규 · 확인기관 벤처기업확인기관 · 업종 그 외 기타 분류 안된 전문, 과학 및 기술 서비스업 · 주생산품 의료기기, 소프트웨어 의료기기",2025-08-12,2028-08-11,중소벤처기업부 벤처기업명단(공공데이터포털),https://www.data.go.kr/data/15084581/fileData.do,2026-04
x4711,venture,확인 유형 혁신성장유형 · 신규 · 확인기관 벤처기업확인기관 · 업종 그 외 기타 건축자재 도매업 · 주생산품 방수 페인트 제조 및 판매,2025-08-19,2028-08-18,중소벤처기업부 벤처기업명단(공공데이터포털),https://www.data.go.kr/data/15084581/fileData.do,2026-04
x4712,venture,"확인 유형 혁신성장유형 · 신규 · 확인기관 벤처기업확인기관 · 업종 산업용 오븐, 노 및 노용 버너 제조업 · 주생산품 식품기기",2025-08-19,2028-08-18,중소벤처기업부 벤처기업명단(공공데이터포털),https://www.data.go.kr/data/15084581/fileData.do,2026-04
x4713,venture,확인 유형 혁신성장유형 · 재확인 · 확인기관 벤처기업확인기관 · 업종 날붙이 제조업 · 주생산품 도어락,2025-08-05,2028-08-04,중소벤처기업부 벤처기업명단(공공데이터포털),https://www.data.go.kr/data/15084581/fileData.do,2026-04
x4714,venture,확인 유형 혁신성장유형 · 재확인 · 확인기관 벤처기업확인기관 · 업종 시스템 소프트웨어 개발 및 공급업 · 주생산품 응용소프트웨어,2025-08-17,2028-08-16,중소벤처기업부 벤처기업명단(공공데이터포털),https://www.data.go.kr/data/15084581/fileData.do,2026-04
x4715,venture,"확인 유형 혁신성장유형 · 신규 · 확인기관 벤처기업확인기관 · 업종 기타 운동 및 경기용구 제조업 · 주생산품 파크골프채, 골프채, 골프용품, 전자상거래",2025-08-20,2028-08-19,중소벤처기업부 벤처기업명단(공공데이터포털),https://www.data.go.kr/data/15084581/fileData.do,2026-04
x4716,venture,"확인 유형 벤처투자유형 · 재확인 · 확인기관 벤처기업확인기관 · 업종 기초 의약 물질 제조업 · 주생산품 TDzyme조직분해효소, 재조합 TLR5 agonist (재조합 면역조절물질), 재조합 Collagenage (재조합 조직분해효소)",2025-08-31,2028-08-30,중소벤처기업부 벤처기업명단(공공데이터포털),https://www.data.go.kr/data/15084581/fileData.do,2026-04
x4717,venture,"확인 유형 벤처투자유형 · 재확인 · 확인기관 벤처기업확인기관 · 업종 응용 소프트웨어 개발 및 공급업 · 주생산품 소프트웨어 개발 및 공급업,자동차부품제조,자연과학 및 공학 융합 연구개발업",2025-07-28,2028-07-27,중소벤처기업부 벤처기업명단(공공데이터포털),https://www.data.go.kr/data/15084581/fileData.do,2026-04
x4718,venture,"확인 유형 혁신성장유형 · 재확인 · 확인기관 벤처기업확인기관 · 업종 교량, 터널 및 철도 건설업 · 주생산품 PC강연선 프리캐스트 콘크리트 타이케이블",2025-09-13,2028-09-12,중소벤처기업부 벤처기업명단(공공데이터포털),https://www.data.go.kr/data/15084581/fileData.do,2026-04
x4719,venture,"확인 유형 혁신성장유형 · 신규 · 확인기관 벤처기업확인기관 · 업종 금속 단조제품 제조업 · 주생산품 엔드밀,드릴,커터",2025-09-03,2028-09-02,중소벤처기업부 벤처기업명단(공공데이터포털),https://www.data.go.kr/data/15084581/fileData.do,2026-04
x4720,venture,"확인 유형 연구개발유형 · 재확인 · 확인기관 벤처기업확인기관 · 업종 응용 소프트웨어 개발 및 공급업 · 주생산품 소프트웨어 개발,공급/스크린인쇄/전자상거래/광고 대행/시각디자인,제품디자인",2025-09-14,2028-09-13,중소벤처기업부 벤처기업명단(공공데이터포털),https://www.data.go.kr/data/15084581/fileData.do,2026-04
x4721,venture,확인 유형 혁신성장유형 · 신규 · 확인기관 벤처기업확인기관 · 업종 상품 종합 도매업 · 주생산품 프랜차이즈업,2025-09-23,2028-09-22,중소벤처기업부 벤처기업명단(공공데이터포털),https://www.data.go.kr/data/15084581/fileData.do,2026-04
x4722,venture,"확인 유형 혁신성장유형 · 신규 · 확인기관 벤처기업확인기관 · 업종 그 외 기타 식료품 제조업 · 주생산품 커피, 다류",2025-08-12,2028-08-11,중소벤처기업부 벤처기업명단(공공데이터포털),https://www.data.go.kr/data/15084581/fileData.do,2026-04
x4723,venture,확인 유형 혁신성장유형 · 재확인 · 확인기관 벤처기업확인기관 · 업종 그 외 기타 일반목적용 기계 제조업 · 주생산품 자동화기계,2025-09-09,2028-09-08,중소벤처기업부 벤처기업명단(공공데이터포털),https://www.data.go.kr/data/15084581/fileData.do,2026-04
x4724,venture,확인 유형 혁신성장유형 · 재확인 · 확인기관 벤처기업확인기관 · 업종 컴퓨터 프린터 제조업 · 주생산품 무한잉크공급장치,2025-09-26,2028-09-25,중소벤처기업부 벤처기업명단(공공데이터포털),https://www.data.go.kr/data/15084581/fileData.do,2026-04
x4725,venture,"확인 유형 혁신성장유형 · 신규 · 확인기관 벤처기업확인기관 · 업종 기타 건물 관련설비 설치 공사업 · 주생산품 신재생에너지설비공사,전기공사/신재생에너지 제조,도소매/건축,전기 공사 자재 도소매/기술컨설팅",2025-10-29,2028-10-28,중소벤처기업부 벤처기업명단(공공데이터포털),https://www.data.go.kr/data/15084581/fileData.do,2026-04
x4726,venture,확인 유형 혁신성장유형 · 신규 · 확인기관 벤처기업확인기관 · 업종 놀이터용 장비 제조업 · 주생산품 조경용 칸막이,2025-09-09,2028-09-08,중소벤처기업부 벤처기업명단(공공데이터포털),https://www.data.go.kr/data/15084581/fileData.do,2026-04
x4727,venture,확인 유형 벤처투자유형 · 재확인 · 확인기관 벤처기업확인기관 · 업종 의학 및 약학 연구개발업 · 주생산품 의약품,2025-09-21,2028-09-20,중소벤처기업부 벤처기업명단(공공데이터포털),https://www.data.go.kr/data/15084581/fileData.do,2026-04
x4728,bi,센터 경북대학교 창업보육센터 · 운영기관 경북대학교 · 법인기업 · 업종 생활용품제조업 · 주생산품 화장품 제조 · 창업일 2022-09-20,2024-09-01,,중소벤처기업부 창업보육센터 입주기업현황(공공데이터포털),https://www.data.go.kr/data/15122804/fileData.do,
x4728,venture,"확인 유형 혁신성장유형 · 신규 · 확인기관 벤처기업확인기관 · 업종 화장품 제조업 · 주생산품 화장품, 반려동물제품, 문구용품",2025-09-09,2028-09-08,중소벤처기업부 벤처기업명단(공공데이터포털),https://www.data.go.kr/data/15084581/fileData.do,2026-04
x4729,venture,확인 유형 혁신성장유형 · 신규 · 확인기관 벤처기업확인기관 · 업종 일반전기 공사업 · 주생산품 전기충전기,2025-09-09,2028-09-08,중소벤처기업부 벤처기업명단(공공데이터포털),https://www.data.go.kr/data/15084581/fileData.do,2026-04
x4730,bi,센터 대구스케일업허브(DASH) · 운영기관 대구광역시 · 법인기업 · 업종 정보처리및컴퓨터관련업 · 주생산품 AI 기반 마케팅자동화서비스 · 창업일 2022-01-03,2022-01-10,,중소벤처기업부 창업보육센터 입주기업현황(공공데이터포털),https://www.data.go.kr/data/15122804/fileData.do,
x4730,venture,확인 유형 벤처투자유형 · 재확인 · 확인기관 벤처기업확인기관 · 업종 컴퓨터 프로그래밍 서비스업 · 주생산품 고객 BI 기반 온디바이스 생성형 AI 비디오,2025-09-21,2028-09-20,중소벤처기업부 벤처기업명단(공공데이터포털),https://www.data.go.kr/data/15084581/fileData.do,2026-04
x4731,venture,확인 유형 혁신성장유형 · 재확인 · 확인기관 벤처기업확인기관 · 업종 치과용 기기 제조업 · 주생산품 치과용 임플란트 시술기구,2025-08-26,2028-08-25,중소벤처기업부 벤처기업명단(공공데이터포털),https://www.data.go.kr/data/15084581/fileData.do,2026-04
x4732,venture,"확인 유형 연구개발유형 · 재확인 · 확인기관 벤처기업확인기관 · 업종 화장품 제조업 · 주생산품 화장품,식품 제조/수출,전자상거래/의학,약학 연구개발",2025-09-01,2028-08-31,중소벤처기업부 벤처기업명단(공공데이터포털),https://www.data.go.kr/data/15084581/fileData.do,2026-04
x4733,venture,"확인 유형 혁신성장유형 · 신규 · 확인기관 벤처기업확인기관 · 업종 접착제 및 젤라틴 제조업 · 주생산품 건식접착제, 단열소재 패드",2026-04-14,2029-04-13,중소벤처기업부 벤처기업명단(공공데이터포털),https://www.data.go.kr/data/15084581/fileData.do,2026-04
x4734,venture,확인 유형 벤처투자유형 · 재확인 · 확인기관 벤처기업확인기관 · 업종 여자용 겉옷 제조업 · 주생산품 편조의복 제조업,2025-09-17,2028-09-16,중소벤처기업부 벤처기업명단(공공데이터포털),https://www.data.go.kr/data/15084581/fileData.do,2026-04
x4735,venture,"확인 유형 혁신성장유형 · 신규 · 확인기관 벤처기업확인기관 · 업종 농업 및 임업용 기계 제조업 · 주생산품 환경오염방지시설업, 양식관련 기계제작, 양식장 컨설팅 등",2025-10-01,2028-09-30,중소벤처기업부 벤처기업명단(공공데이터포털),https://www.data.go.kr/data/15084581/fileData.do,2026-04
x4736,venture,확인 유형 혁신성장유형 · 재확인 · 확인기관 벤처기업확인기관 · 업종 산업처리공정 제어장비 제조업 · 주생산품 레이더레벨미터,2025-09-21,2028-09-20,중소벤처기업부 벤처기업명단(공공데이터포털),https://www.data.go.kr/data/15084581/fileData.do,2026-04
x4737,venture,확인 유형 혁신성장유형 · 신규 · 확인기관 벤처기업확인기관 · 업종 응용 소프트웨어 개발 및 공급업 · 주생산품 소프트웨어,2025-10-01,2028-09-30,중소벤처기업부 벤처기업명단(공공데이터포털),https://www.data.go.kr/data/15084581/fileData.do,2026-04
x4738,venture,확인 유형 벤처투자유형 · 재확인 · 확인기관 벤처기업확인기관 · 업종 온라인 활용 마케팅 및 관련 사업지원 서비스업 · 주생산품 사업지원,2025-08-27,2028-08-26,중소벤처기업부 벤처기업명단(공공데이터포털),https://www.data.go.kr/data/15084581/fileData.do,2026-04
x4739,venture,확인 유형 혁신성장유형 · 재확인 · 확인기관 벤처기업확인기관 · 업종 기타 구조용 금속제품 제조업 · 주생산품 C형강,2025-08-31,2028-08-30,중소벤처기업부 벤처기업명단(공공데이터포털),https://www.data.go.kr/data/15084581/fileData.do,2026-04
x4740,venture,확인 유형 연구개발유형 · 재확인 · 확인기관 벤처기업확인기관 · 업종 그 외 기타 일반목적용 기계 제조업 · 주생산품 자동화기기전기컨트롤판넬가이드바,2025-10-22,2028-10-21,중소벤처기업부 벤처기업명단(공공데이터포털),https://www.data.go.kr/data/15084581/fileData.do,2026-04
x4741,venture,확인 유형 벤처투자유형 · 재확인 · 확인기관 벤처기업확인기관 · 업종 시스템 소프트웨어 개발 및 공급업 · 주생산품 미용기기 및 피부관리플랫폼,2025-10-19,2028-10-18,중소벤처기업부 벤처기업명단(공공데이터포털),https://www.data.go.kr/data/15084581/fileData.do,2026-04
x4742,venture,확인 유형 혁신성장유형 · 재확인 · 확인기관 벤처기업확인기관 · 업종 건물 및 토목 엔지니어링 서비스업 · 주생산품 신축이음장치 외,2026-04-14,2029-04-13,중소벤처기업부 벤처기업명단(공공데이터포털),https://www.data.go.kr/data/15084581/fileData.do,2026-04
x4743,venture,확인 유형 혁신성장유형 · 신규 · 확인기관 벤처기업확인기관 · 업종 철골 및 관련 구조물 공사업 · 주생산품 태양광,2025-10-29,2028-10-28,중소벤처기업부 벤처기업명단(공공데이터포털),https://www.data.go.kr/data/15084581/fileData.do,2026-04
x4744,venture,확인 유형 혁신성장유형 · 재확인 · 확인기관 벤처기업확인기관 · 업종 응용 소프트웨어 개발 및 공급업 · 주생산품 소프트웨어개발,2025-10-05,2028-10-04,중소벤처기업부 벤처기업명단(공공데이터포털),https://www.data.go.kr/data/15084581/fileData.do,2026-04
x4745,venture,확인 유형 혁신성장유형 · 재확인 · 확인기관 벤처기업확인기관 · 업종 제품 디자인업 · 주생산품 제품 의료기기 로봇 디자인,2025-09-21,2028-09-20,중소벤처기업부 벤처기업명단(공공데이터포털),https://www.data.go.kr/data/15084581/fileData.do,2026-04
x4746,venture,확인 유형 혁신성장유형 · 재확인 · 확인기관 벤처기업확인기관 · 업종 그 외 기타 분류 안된 섬유제품 제조업 · 주생산품 산업용섬유 기능성방충망,2025-11-03,2028-11-02,중소벤처기업부 벤처기업명단(공공데이터포털),https://www.data.go.kr/data/15084581/fileData.do,2026-04
x4747,venture,확인 유형 벤처투자유형 · 신규 · 확인기관 벤처기업확인기관 · 업종 그 외 기타 상품 전문 도매업 · 주생산품 동물혈액,2025-09-30,2028-09-29,중소벤처기업부 벤처기업명단(공공데이터포털),https://www.data.go.kr/data/15084581/fileData.do,2026-04
x4748,venture,확인 유형 혁신성장유형 · 신규 · 확인기관 벤처기업확인기관 · 업종 기타 무선 통신장비 제조업 · 주생산품 영상감시장치 제조,2025-10-22,2028-10-21,중소벤처기업부 벤처기업명단(공공데이터포털),https://www.data.go.kr/data/15084581/fileData.do,2026-04
x4749,bi,센터 영남이공대학교 창업보육센터 · 운영기관 영남이공대학교 · 개인기업 · 업종 전자부품등제조업 · 주생산품 스마트 미러 S/W 및 H/W 개발 · 창업일 2022-06-01,2022-06-01,,중소벤처기업부 창업보육센터 입주기업현황(공공데이터포털),https://www.data.go.kr/data/15122804/fileData.do,
x4749,venture,"확인 유형 혁신성장유형 · 신규 · 확인기관 벤처기업확인기관 · 업종 전자부품 실장기판 제조업 · 주생산품 인쇄회로기판 제조, 전자부품, 소프트웨어 개발",2026-02-11,2029-02-10,중소벤처기업부 벤처기업명단(공공데이터포털),https://www.data.go.kr/data/15084581/fileData.do,2026-04
x4750,bi,센터 영남이공대학교 창업보육센터 · 운영기관 영남이공대학교 · 법인기업 · 업종 정보처리및컴퓨터관련업 · 주생산품 전기기기 해석 설계 프로그램(SIEMENS) 판매 및 기술 컨설팅 · 창업일 2019-04-22,2020-10-19,,중소벤처기업부 창업보육센터 입주기업현황(공공데이터포털),https://www.data.go.kr/data/15122804/fileData.do,
x4750,venture,"확인 유형 혁신성장유형 · 신규 · 확인기관 벤처기업확인기관 · 업종 전기ㆍ전자공학 연구개발업 · 주생산품 전기기기 해석 설계 컨설팅, 전기기기 해석 설계 프로그램, 전동기 특성평가장비",2026-02-04,2029-02-03,중소벤처기업부 벤처기업명단(공공데이터포털),https://www.data.go.kr/data/15084581/fileData.do,2026-04
x4751,venture,확인 유형 혁신성장유형 · 신규 · 확인기관 벤처기업확인기관 · 업종 천연 및 혼합조제 조미료 제조업 · 주생산품 식품제조가공업/식육포장처리업/도소매업,2025-11-11,2028-11-10,중소벤처기업부 벤처기업명단(공공데이터포털),https://www.data.go.kr/data/15084581/fileData.do,2026-04
x4752,venture,확인 유형 연구개발유형 · 재확인 · 확인기관 벤처기업확인기관 · 업종 그 외 기타 의료용 기기 제조업 · 주생산품 척추용임플란트,2026-02-25,2029-02-24,중소벤처기업부 벤처기업명단(공공데이터포털),https://www.data.go.kr/data/15084581/fileData.do,2026-04
x4753,venture,확인 유형 혁신성장유형 · 재확인 · 확인기관 벤처기업확인기관 · 업종 시스템 소프트웨어 개발 및 공급업 · 주생산품 플랫폼 개발 및 운영,2025-10-26,2028-10-25,중소벤처기업부 벤처기업명단(공공데이터포털),https://www.data.go.kr/data/15084581/fileData.do,2026-04
x4754,venture,확인 유형 벤처투자유형 · 재확인 · 확인기관 벤처기업확인기관 · 업종 복합비료 및 기타 화학비료 제조업 · 주생산품 미생물 제제,2025-12-07,2028-12-06,중소벤처기업부 벤처기업명단(공공데이터포털),https://www.data.go.kr/data/15084581/fileData.do,2026-04
x4755,venture,"확인 유형 연구개발유형 · 재확인 · 확인기관 벤처기업확인기관 · 업종 응용 소프트웨어 개발 및 공급업 · 주생산품 DIGITAL TWIN, AI MULTIMEDIA, BIG DATA",2025-12-12,2028-12-11,중소벤처기업부 벤처기업명단(공공데이터포털),https://www.data.go.kr/data/15084581/fileData.do,2026-04
x4756,venture,확인 유형 혁신성장유형 · 신규 · 확인기관 벤처기업확인기관 · 업종 응용 소프트웨어 개발 및 공급업 · 주생산품 소프트웨어 개발,2026-02-10,2029-02-09,중소벤처기업부 벤처기업명단(공공데이터포털),https://www.data.go.kr/data/15084581/fileData.do,2026-04
x4757,venture,확인 유형 혁신성장유형 · 재확인 · 확인기관 벤처기업확인기관 · 업종 무인 항공기 및 무인 비행장치 제조업 · 주생산품 드론,2025-11-09,2028-11-08,중소벤처기업부 벤처기업명단(공공데이터포털),https://www.data.go.kr/data/15084581/fileData.do,2026-04
x4758,venture,확인 유형 벤처투자유형 · 재확인 · 확인기관 벤처기업확인기관 · 업종 그 외 기타 의료용 기기 제조업 · 주생산품 Spinamic(척추측만층 교정기),2025-11-15,2028-11-14,중소벤처기업부 벤처기업명단(공공데이터포털),https://www.data.go.kr/data/15084581/fileData.do,2026-04
x4759,venture,확인 유형 혁신성장유형 · 재확인 · 확인기관 벤처기업확인기관 · 업종 컴퓨터 프로그래밍 서비스업 · 주생산품 소프트웨어개발 및 공급,2025-10-26,2028-10-25,중소벤처기업부 벤처기업명단(공공데이터포털),https://www.data.go.kr/data/15084581/fileData.do,2026-04
x4760,venture,확인 유형 혁신성장유형 · 재확인 · 확인기관 벤처기업확인기관 · 업종 비내화 모르타르 제조업 · 주생산품 차열투수골재포장재,2025-12-24,2028-12-23,중소벤처기업부 벤처기업명단(공공데이터포털),https://www.data.go.kr/data/15084581/fileData.do,2026-04
x4761,venture,확인 유형 벤처투자유형 · 신규 · 확인기관 벤처기업확인기관 · 업종 무형재산권 임대업 · 주생산품 지적재산권 임대업,2025-11-18,2028-11-17,중소벤처기업부 벤처기업명단(공공데이터포털),https://www.data.go.kr/data/15084581/fileData.do,2026-04
x4762,venture,확인 유형 벤처투자유형 · 재확인 · 확인기관 벤처기업확인기관 · 업종 응용 소프트웨어 개발 및 공급업 · 주생산품 소프트웨어개발,2025-12-29,2028-12-28,중소벤처기업부 벤처기업명단(공공데이터포털),https://www.data.go.kr/data/15084581/fileData.do,2026-04
x4763,venture,"확인 유형 혁신성장유형 · 신규 · 확인기관 벤처기업확인기관 · 업종 금속 성형기계 제조업 · 주생산품 금형, 포밍기계 등",2026-02-12,2029-02-11,중소벤처기업부 벤처기업명단(공공데이터포털),https://www.data.go.kr/data/15084581/fileData.do,2026-04
x4764,venture,확인 유형 벤처투자유형 · 재확인 · 확인기관 벤처기업확인기관 · 업종 기타 전문 서비스업 · 주생산품 바이오의약품,2025-12-29,2028-12-28,중소벤처기업부 벤처기업명단(공공데이터포털),https://www.data.go.kr/data/15084581/fileData.do,2026-04
x4765,venture,"확인 유형 벤처투자유형 · 신규 · 확인기관 벤처기업확인기관 · 업종 경영 컨설팅업 · 주생산품 경영 진단 보고서, 전략 수립 자료, 조직 진단 결과, 각종 컨설팅 보고서, 해석 소프트웨어, 맞춤형 기술 컨설팅 결과물",2025-11-19,2028-11-18,중소벤처기업부 벤처기업명단(공공데이터포털),https://www.data.go.kr/data/15084581/fileData.do,2026-04
x4766,venture,확인 유형 벤처투자유형 · 신규 · 확인기관 벤처기업확인기관 · 업종 그 외 기타 달리 분류되지 않은 개인 서비스업 · 주생산품 금융컨설팅 서비스,2025-11-19,2028-11-18,중소벤처기업부 벤처기업명단(공공데이터포털),https://www.data.go.kr/data/15084581/fileData.do,2026-04
x4767,venture,확인 유형 혁신성장유형 · 신규 · 확인기관 벤처기업확인기관 · 업종 건강기능식품 제조업 · 주생산품 건강보조식품,2025-12-03,2028-12-02,중소벤처기업부 벤처기업명단(공공데이터포털),https://www.data.go.kr/data/15084581/fileData.do,2026-04
x4768,venture,"확인 유형 벤처투자유형 · 신규 · 확인기관 벤처기업확인기관 · 업종 그 외 기타 분류 안된 전문, 과학 및 기술 서비스업 · 주생산품 경영 컨설팅업",2025-11-26,2028-11-25,중소벤처기업부 벤처기업명단(공공데이터포털),https://www.data.go.kr/data/15084581/fileData.do,2026-04
x4769,venture,확인 유형 혁신성장유형 · 신규 · 확인기관 벤처기업확인기관 · 업종 그 외 기타 식료품 제조업 · 주생산품 치킨소스 판매,2026-01-20,2029-01-19,중소벤처기업부 벤처기업명단(공공데이터포털),https://www.data.go.kr/data/15084581/fileData.do,2026-04
x4770,venture,"확인 유형 벤처투자유형 · 신규 · 확인기관 벤처기업확인기관 · 업종 전자상거래 소매 중개업 · 주생산품 플랫폼 개발 / 브랜드 경영컨설팅 /  광고, 마케팅에 대한 기획,대행,컨설팅",2025-12-03,2028-12-02,중소벤처기업부 벤처기업명단(공공데이터포털),https://www.data.go.kr/data/15084581/fileData.do,2026-04
x4771,venture,"확인 유형 벤처투자유형 · 재확인 · 확인기관 벤처기업확인기관 · 업종 의약품 및 의료용품 소매업 · 주생산품 치과 컨설팅(홍보 마케팅, 의료장비 렌탈, 경영업무 지원, 치과 재료 판매)",2026-01-14,2029-01-13,중소벤처기업부 벤처기업명단(공공데이터포털),https://www.data.go.kr/data/15084581/fileData.do,2026-04
x4772,venture,확인 유형 혁신성장유형 · 재확인 · 확인기관 벤처기업확인기관 · 업종 정형외과용 및 신체보정용 기기 제조업 · 주생산품 안경 선글라스,2025-11-18,2028-11-17,중소벤처기업부 벤처기업명단(공공데이터포털),https://www.data.go.kr/data/15084581/fileData.do,2026-04
x4773,venture,확인 유형 혁신성장유형 · 신규 · 확인기관 벤처기업확인기관 · 업종 남자용 겉옷 제조업 · 주생산품 남성용 맞춤 정장 및 예복,2026-01-14,2029-01-13,중소벤처기업부 벤처기업명단(공공데이터포털),https://www.data.go.kr/data/15084581/fileData.do,2026-04
x4774,venture,"확인 유형 연구개발유형 · 신규 · 확인기관 벤처기업확인기관 · 업종 응용 소프트웨어 개발 및 공급업 · 주생산품 소프트웨어개발및공급업, 컴퓨터 및 주변기기, 영상감시장치, 보안용카메라, 정보통신공사, 전기공사, CCTV 및 주변장치, 전자상거래업, 학술연구용역",2026-01-13,2029-01-12,중소벤처기업부 벤처기업명단(공공데이터포털),https://www.data.go.kr/data/15084581/fileData.do,2026-04
x4775,venture,확인 유형 혁신성장유형 · 재확인 · 확인기관 벤처기업확인기관 · 업종 그 외 기타 의료용 기기 제조업 · 주생산품 웰니스악세사리,2025-12-18,2028-12-17,중소벤처기업부 벤처기업명단(공공데이터포털),https://www.data.go.kr/data/15084581/fileData.do,2026-04
x4776,venture,확인 유형 혁신성장유형 · 재확인 · 확인기관 벤처기업확인기관 · 업종 컴퓨터시스템 통합 자문 및 구축 서비스업 · 주생산품 카카오 T블루 가맹 mobility 플랫폼,2025-12-28,2028-12-27,중소벤처기업부 벤처기업명단(공공데이터포털),https://www.data.go.kr/data/15084581/fileData.do,2026-04
x4777,venture,확인 유형 벤처투자유형 · 신규 · 확인기관 벤처기업확인기관 · 업종 기타 스포츠 교육기관 · 주생산품 피트니스 교육 및 훈련 서비스,2025-12-17,2028-12-16,중소벤처기업부 벤처기업명단(공공데이터포털),https://www.data.go.kr/data/15084581/fileData.do,2026-04
x4778,venture,"확인 유형 혁신성장유형 · 신규 · 확인기관 벤처기업확인기관 · 업종 경영 컨설팅업 · 주생산품 프렌차이즈, 연막창",2026-02-10,2029-02-09,중소벤처기업부 벤처기업명단(공공데이터포털),https://www.data.go.kr/data/15084581/fileData.do,2026-04
x4779,venture,확인 유형 혁신성장유형 · 신규 · 확인기관 벤처기업확인기관 · 업종 그 외 기타 달리 분류되지 않은 제품 제조업 · 주생산품 LED경관조명등,2025-12-31,2028-12-30,중소벤처기업부 벤처기업명단(공공데이터포털),https://www.data.go.kr/data/15084581/fileData.do,2026-04
x4780,venture,"확인 유형 혁신성장유형 · 재확인 · 확인기관 벤처기업확인기관 · 업종 그 외 기타 분류 안된 전문, 과학 및 기술 서비스업 · 주생산품 에코바이오차,블랙베이스",2026-01-25,2029-01-24,중소벤처기업부 벤처기업명단(공공데이터포털),https://www.data.go.kr/data/15084581/fileData.do,2026-04
x4781,venture,확인 유형 혁신성장유형 · 신규 · 확인기관 벤처기업확인기관 · 업종 기타 엔지니어링 서비스업 · 주생산품 전기설계감리진단,2025-12-30,2028-12-29,중소벤처기업부 벤처기업명단(공공데이터포털),https://www.data.go.kr/data/15084581/fileData.do,2026-04
x4782,venture,"확인 유형 혁신성장유형 · 재확인 · 확인기관 벤처기업확인기관 · 업종 맥아 및 맥주 제조업 · 주생산품 맥아,맥주 제조/음식점/경영컨설팅",2025-12-26,2028-12-25,중소벤처기업부 벤처기업명단(공공데이터포털),https://www.data.go.kr/data/15084581/fileData.do,2026-04
x4783,venture,확인 유형 혁신성장유형 · 재확인 · 확인기관 벤처기업확인기관 · 업종 일반 통신 공사업 · 주생산품 cctv및통신장비,2025-12-23,2028-12-22,중소벤처기업부 벤처기업명단(공공데이터포털),https://www.data.go.kr/data/15084581/fileData.do,2026-04
x4785,venture,확인 유형 혁신성장유형 · 신규 · 확인기관 벤처기업확인기관 · 업종 기타 운동 및 경기용구 제조업 · 주생산품 파크골프용품,2026-01-27,2029-01-26,중소벤처기업부 벤처기업명단(공공데이터포털),https://www.data.go.kr/data/15084581/fileData.do,2026-04
x4786,venture,확인 유형 벤처투자유형 · 신규 · 확인기관 벤처기업확인기관 · 업종 의료용품 도매업 · 주생산품 진단시약,2026-01-07,2029-01-06,중소벤처기업부 벤처기업명단(공공데이터포털),https://www.data.go.kr/data/15084581/fileData.do,2026-04
x4787,venture,"확인 유형 혁신성장유형 · 재확인 · 확인기관 벤처기업확인기관 · 업종 배전반 및 전기 자동제어반 제조업 · 주생산품 전기공급 및 제어장치, 배전반, 분전반",2026-03-08,2029-03-07,중소벤처기업부 벤처기업명단(공공데이터포털),https://www.data.go.kr/data/15084581/fileData.do,2026-04
x4788,venture,"확인 유형 벤처투자유형 · 재확인 · 확인기관 벤처기업확인기관 · 업종 직물, 편조원단 및 의복류 염색 가공업 · 주생산품 천연염색원단",2026-02-08,2029-02-07,중소벤처기업부 벤처기업명단(공공데이터포털),https://www.data.go.kr/data/15084581/fileData.do,2026-04
x4789,venture,확인 유형 혁신성장유형 · 재확인 · 확인기관 벤처기업확인기관 · 업종 그 외 기타 분류 안된 금속 가공 제품 제조업 · 주생산품 철재 화단 화분,2026-03-02,2029-03-01,중소벤처기업부 벤처기업명단(공공데이터포털),https://www.data.go.kr/data/15084581/fileData.do,2026-04
x4790,venture,확인 유형 혁신성장유형 · 신규 · 확인기관 벤처기업확인기관 · 업종 의학 및 약학 연구개발업 · 주생산품 바이오의약품,2026-02-11,2029-02-10,중소벤처기업부 벤처기업명단(공공데이터포털),https://www.data.go.kr/data/15084581/fileData.do,2026-04
x4791,venture,확인 유형 혁신성장유형 · 재확인 · 확인기관 벤처기업확인기관 · 업종 그 외 기타 일반목적용 기계 제조업 · 주생산품 자동화 기계설비,2026-02-08,2029-02-07,중소벤처기업부 벤처기업명단(공공데이터포털),https://www.data.go.kr/data/15084581/fileData.do,2026-04
x4792,venture,확인 유형 혁신성장유형 · 신규 · 확인기관 벤처기업확인기관 · 업종 기타 교육지원 서비스업 · 주생산품 AI기반 교육 플랫폼,2026-03-10,2029-03-09,중소벤처기업부 벤처기업명단(공공데이터포털),https://www.data.go.kr/data/15084581/fileData.do,2026-04
x4793,venture,"확인 유형 혁신성장유형 · 신규 · 확인기관 벤처기업확인기관 · 업종 액체 여과기 제조업 · 주생산품 정수처리장치, 자외선살균기, 액체 여과기",2026-03-11,2029-03-10,중소벤처기업부 벤처기업명단(공공데이터포털),https://www.data.go.kr/data/15084581/fileData.do,2026-04
x4794,venture,"확인 유형 혁신성장유형 · 재확인 · 확인기관 벤처기업확인기관 · 업종 광고 대행업 · 주생산품 광고,행사 대행,인문,사회과학 연구개발,전시,컨벤션,시각 디자인/소프트웨어 개발,공급/전자상거래",2026-03-02,2029-03-01,중소벤처기업부 벤처기업명단(공공데이터포털),https://www.data.go.kr/data/15084581/fileData.do,2026-04
x4795,venture,확인 유형 혁신성장유형 · 재확인 · 확인기관 벤처기업확인기관 · 업종 광고 영화 및 비디오물 제작업 · 주생산품 디지털콘텐츠제작업,2026-03-15,2029-03-14,중소벤처기업부 벤처기업명단(공공데이터포털),https://www.data.go.kr/data/15084581/fileData.do,2026-04
x4796,venture,확인 유형 연구개발유형 · 재확인 · 확인기관 벤처기업확인기관 · 업종 여자용 겉옷 제조업 · 주생산품 여성용 겉옷,2026-02-01,2029-01-31,중소벤처기업부 벤처기업명단(공공데이터포털),https://www.data.go.kr/data/15084581/fileData.do,2026-04
x4797,venture,확인 유형 혁신성장유형 · 재확인 · 확인기관 벤처기업확인기관 · 업종 방송장비 제조업 · 주생산품 방송장비/음향장비/솔루션,2026-04-05,2029-04-04,중소벤처기업부 벤처기업명단(공공데이터포털),https://www.data.go.kr/data/15084581/fileData.do,2026-04
x4798,venture,확인 유형 혁신성장유형 · 신규 · 확인기관 벤처기업확인기관 · 업종 그 외 기타 스포츠 서비스업 · 주생산품 체육교습업,2026-03-25,2029-03-24,중소벤처기업부 벤처기업명단(공공데이터포털),https://www.data.go.kr/data/15084581/fileData.do,2026-04
x4799,venture,확인 유형 벤처투자유형 · 신규 · 확인기관 벤처기업확인기관 · 업종 전자상거래 소매 중개업 · 주생산품 기관용 금융상품 투자,2026-03-24,2029-03-23,중소벤처기업부 벤처기업명단(공공데이터포털),https://www.data.go.kr/data/15084581/fileData.do,2026-04
x4800,venture,확인 유형 벤처투자유형 · 재확인 · 확인기관 벤처기업확인기관 · 업종 그 외 기타 의료용 기기 제조업 · 주생산품 의료기기,2026-04-19,2029-04-18,중소벤처기업부 벤처기업명단(공공데이터포털),https://www.data.go.kr/data/15084581/fileData.do,2026-04
x4801,venture,확인 유형 연구개발유형 · 재확인 · 확인기관 벤처기업확인기관 · 업종 측량업 · 주생산품 3차원 시설물 정보 각종 측량성과 관리시스템,2026-03-13,2029-03-12,중소벤처기업부 벤처기업명단(공공데이터포털),https://www.data.go.kr/data/15084581/fileData.do,2026-04
x4802,venture,확인 유형 벤처투자유형 · 신규 · 확인기관 벤처기업확인기관 · 업종 응용 소프트웨어 개발 및 공급업 · 주생산품 적외선 스펙트럼(분광) 센서,2026-03-18,2029-03-17,중소벤처기업부 벤처기업명단(공공데이터포털),https://www.data.go.kr/data/15084581/fileData.do,2026-04
x4803,venture,확인 유형 벤처투자유형 · 재확인 · 확인기관 벤처기업확인기관 · 업종 응용 소프트웨어 개발 및 공급업 · 주생산품 AI 기반 더빙 솔루션,2026-02-22,2029-02-21,중소벤처기업부 벤처기업명단(공공데이터포털),https://www.data.go.kr/data/15084581/fileData.do,2026-04
x4804,venture,확인 유형 혁신성장유형 · 재확인 · 확인기관 벤처기업확인기관 · 업종 레미콘 제조업 · 주생산품 레디믹스드콘크리트,2026-04-19,2029-04-18,중소벤처기업부 벤처기업명단(공공데이터포털),https://www.data.go.kr/data/15084581/fileData.do,2026-04
x4805,venture,"확인 유형 혁신성장유형 · 재확인 · 확인기관 벤처기업확인기관 · 업종 커피 가공업 · 주생산품 원두, 드립백, 티백, 캡슐, 인스턴트커피",2026-04-13,2029-04-12,중소벤처기업부 벤처기업명단(공공데이터포털),https://www.data.go.kr/data/15084581/fileData.do,2026-04
x4806,venture,확인 유형 벤처투자유형 · 신규 · 확인기관 벤처기업확인기관 · 업종 육류 기타 가공 및 저장처리업 (가금류 제외) · 주생산품 정육,2026-04-01,2029-03-31,중소벤처기업부 벤처기업명단(공공데이터포털),https://www.data.go.kr/data/15084581/fileData.do,2026-04
x4807,venture,확인 유형 혁신성장유형 · 재확인 · 확인기관 벤처기업확인기관 · 업종 시스템 소프트웨어 개발 및 공급업 · 주생산품 sw,2026-03-22,2029-03-21,중소벤처기업부 벤처기업명단(공공데이터포털),https://www.data.go.kr/data/15084581/fileData.do,2026-04
x4808,venture,확인 유형 혁신성장유형 · 신규 · 확인기관 벤처기업확인기관 · 업종 광고 대행업 · 주생산품 광고대행,2026-04-14,2029-04-13,중소벤처기업부 벤처기업명단(공공데이터포털),https://www.data.go.kr/data/15084581/fileData.do,2026-04
x4809,venture,확인 유형 벤처투자유형 · 재확인 · 확인기관 벤처기업확인기관 · 업종 전자상거래 소매 중개업 · 주생산품 전자상거래 소매 중개업,2026-04-01,2029-03-31,중소벤처기업부 벤처기업명단(공공데이터포털),https://www.data.go.kr/data/15084581/fileData.do,2026-04
x4810,venture,"확인 유형 벤처투자유형 · 재확인 · 확인기관 벤처기업확인기관 · 업종 일반 영화 및 비디오물 제작업 · 주생산품 디지털콘텐츠, 응용소프트웨어 개발업",2026-03-02,2029-03-01,중소벤처기업부 벤처기업명단(공공데이터포털),https://www.data.go.kr/data/15084581/fileData.do,2026-04
x4811,venture,확인 유형 벤처투자유형 · 신규 · 확인기관 벤처기업확인기관 · 업종 응용 소프트웨어 개발 및 공급업 · 주생산품 재활병원 특화 AI 기반 의료 데이터 분석 및 의무기록 자동 생성·환자 상태 예측 통합 솔루션,2026-04-15,2029-04-14,중소벤처기업부 벤처기업명단(공공데이터포털),https://www.data.go.kr/data/15084581/fileData.do,2026-04
x4812,venture,확인 유형 벤처투자유형 · 재확인 · 확인기관 벤처기업확인기관 · 업종 시스템 소프트웨어 개발 및 공급업 · 주생산품 패키지소프트웨어개발및도입서비스,2026-04-12,2029-04-11,중소벤처기업부 벤처기업명단(공공데이터포털),https://www.data.go.kr/data/15084581/fileData.do,2026-04
x4813,venture,"확인 유형 벤처투자유형 · 신규 · 확인기관 벤처기업확인기관 · 업종 플라스틱 필름 제조업 · 주생산품 필름, 점접착제, 복합소재",2026-04-22,2029-04-21,중소벤처기업부 벤처기업명단(공공데이터포털),https://www.data.go.kr/data/15084581/fileData.do,2026-04
x4870,venture,"확인 유형 혁신성장유형 · 재확인 · 확인기관 벤처기업확인기관 · 업종 그 외 기타 의료용 기기 제조업 · 주생산품 의료기기,체조, 육상 및 체력단련용 장비 제조업,낚시 및 수렵용구 제조업,기타 운동 및 경기용구 제,전자상거래 소매업,의학 및 약학 연구개발업,기타 전문 서",2024-08-29,2027-08-28,중소벤처기업부 벤처기업명단(공공데이터포털),https://www.data.go.kr/data/15084581/fileData.do,2026-04
x4871,venture,확인 유형 연구개발유형 · 재확인 · 확인기관 벤처기업확인기관 · 업종 무인 항공기 및 무인 비행장치 제조업 · 주생산품 자율무인이동체 미션컴퓨터 및 응용솔루션,2024-09-30,2027-09-29,중소벤처기업부 벤처기업명단(공공데이터포털),https://www.data.go.kr/data/15084581/fileData.do,2026-04
x4964,bi,센터 대구스케일업허브(DASH) · 운영기관 대구광역시 · 법인기업 · 업종 정보처리및컴퓨터관련업 · 주생산품 근골격계 의료영상 AI 자동 분석·진단보조 SaaS 소프트웨어 · 창업일 2022-03-29,2026-07-01,,중소벤처기업부 창업보육센터 입주기업현황(공공데이터포털),https://www.data.go.kr/data/15122804/fileData.do,
x4968,bi,센터 대구보건대학교 창업성장지원센터 · 운영기관 대구보건대학교 · 법인기업 · 업종 기타서비스업 · 주생산품 펫 사료 제조 · 창업일 2022-10-17,2024-06-01,,중소벤처기업부 창업보육센터 입주기업현황(공공데이터포털),https://www.data.go.kr/data/15122804/fileData.do,
x4987,bi,센터 영남이공대학교 창업보육센터 · 운영기관 영남이공대학교 · 법인기업 · 업종 정보처리및컴퓨터관련업 · 주생산품 AI기반 B2B 바이어 매칭 서비스 · 창업일 2018-10-18,2020-03-01,,중소벤처기업부 창업보육센터 입주기업현황(공공데이터포털),https://www.data.go.kr/data/15122804/fileData.do,
x4991,bi,센터 대구스케일업허브(DASH) · 운영기관 대구광역시 · 법인기업 · 업종 비금속/금속류제조업 · 주생산품 화장품스킨케어 등급의 비건 포뮬러와 한국 전통 자개 미학을 결합한 ‘글로벌 K-헤리티지 뷰티 쿠션’ · 창업일 2023-01-12,2025-11-01,,중소벤처기업부 창업보육센터 입주기업현황(공공데이터포털),https://www.data.go.kr/data/15122804/fileData.do,
x5011,bi,센터 경북대학교 창업보육센터 · 운영기관 경북대학교 · 법인기업 · 업종 생활용품제조업 · 주생산품 화장품 제조 · 창업일 2020-03-23,2022-11-14,,중소벤처기업부 창업보육센터 입주기업현황(공공데이터포털),https://www.data.go.kr/data/15122804/fileData.do,
x5012,bi,센터 경북대학교 창업보육센터 · 운영기관 경북대학교 · 법인기업 · 업종 연구개발/과학서비스업 · 주생산품 반려동물 치료제 · 창업일 2024-07-10,2025-10-01,,중소벤처기업부 창업보육센터 입주기업현황(공공데이터포털),https://www.data.go.kr/data/15122804/fileData.do,
x5013,bi,센터 경북대학교 창업보육센터 · 운영기관 경북대학교 · 개인기업 · 업종 생활용품제조업 · 주생산품 화장품 제조 · 창업일 2023-07-19,2023-06-19,,중소벤처기업부 창업보육센터 입주기업현황(공공데이터포털),https://www.data.go.kr/data/15122804/fileData.do,
x5014,bi,"센터 경북대학교 창업보육센터 · 운영기관 경북대학교 · 법인기업 · 업종 생활용품제조업 · 주생산품 화장품, 이미용기구 · 창업일 2021-01-04",2021-01-25,,중소벤처기업부 창업보육센터 입주기업현황(공공데이터포털),https://www.data.go.kr/data/15122804/fileData.do,
x5015,bi,센터 경북대학교 창업보육센터 · 운영기관 경북대학교 · 법인기업 · 업종 자원/에너지산업 · 주생산품 태양광 구조물 · 창업일 2025-03-07,2025-06-01,,중소벤처기업부 창업보육센터 입주기업현황(공공데이터포털),https://www.data.go.kr/data/15122804/fileData.do,
x5016,bi,센터 경북대학교 창업보육센터 · 운영기관 경북대학교 · 개인기업 · 업종 디자인산업 · 주생산품 스마트 디지털 콘텐츠 · 창업일 2020-11-11,2020-12-28,,중소벤처기업부 창업보육센터 입주기업현황(공공데이터포털),https://www.data.go.kr/data/15122804/fileData.do,
x5017,bi,센터 경북대학교 창업보육센터 · 운영기관 경북대학교 · 개인기업 · 업종 연구개발/과학서비스업 · 주생산품 차세대 항암제 · 창업일 2023-06-19,2023-06-19,,중소벤처기업부 창업보육센터 입주기업현황(공공데이터포털),https://www.data.go.kr/data/15122804/fileData.do,
x5018,bi,센터 경북대학교 창업보육센터 · 운영기관 경북대학교 · 법인기업 · 업종 정보처리및컴퓨터관련업 · 주생산품 중개플랫폼 · 창업일 2023-10-24,2024-02-01,,중소벤처기업부 창업보육센터 입주기업현황(공공데이터포털),https://www.data.go.kr/data/15122804/fileData.do,
x5019,bi,센터 경북대학교 창업보육센터 · 운영기관 경북대학교 · 법인기업 · 업종 정보처리및컴퓨터관련업 · 주생산품 인공지능 저작물 플랫폼 · 창업일 2024-07-22,2024-09-01,,중소벤처기업부 창업보육센터 입주기업현황(공공데이터포털),https://www.data.go.kr/data/15122804/fileData.do,
x5020,bi,센터 경북대학교 창업보육센터 · 운영기관 경북대학교 · 법인기업 · 업종 전자부품등제조업 · 주생산품 반도체 · 창업일 2025-05-01,2025-10-01,,중소벤처기업부 창업보육센터 입주기업현황(공공데이터포털),https://www.data.go.kr/data/15122804/fileData.do,
x5021,bi,센터 경북대학교 창업보육센터 · 운영기관 경북대학교 · 개인기업 · 업종 생활용품제조업 · 주생산품 화장품 제조 · 창업일 2022-01-05,2024-08-01,,중소벤처기업부 창업보육센터 입주기업현황(공공데이터포털),https://www.data.go.kr/data/15122804/fileData.do,
x5022,bi,센터 경북대학교 창업보육센터 · 운영기관 경북대학교 · 개인기업 · 업종 연구개발/과학서비스업 · 주생산품 온라인게임 소프트웨어 개발 · 창업일 2025-06-09,2025-06-01,,중소벤처기업부 창업보육센터 입주기업현황(공공데이터포털),https://www.data.go.kr/data/15122804/fileData.do,
x5023,bi,센터 경북대학교 창업보육센터 · 운영기관 경북대학교 · 개인기업 · 업종 정보처리및컴퓨터관련업 · 주생산품 풋살제어시스템 · 창업일 2024-02-12,2024-12-01,,중소벤처기업부 창업보육센터 입주기업현황(공공데이터포털),https://www.data.go.kr/data/15122804/fileData.do,
x5024,bi,센터 경북대학교 창업보육센터 · 운영기관 경북대학교 · 개인기업 · 업종 정보처리및컴퓨터관련업 · 주생산품 육가공 유통 플랫폼 · 창업일 2018-12-14,2020-12-28,,중소벤처기업부 창업보육센터 입주기업현황(공공데이터포털),https://www.data.go.kr/data/15122804/fileData.do,
x5025,bi,센터 계명대학교 창업보육센터 · 운영기관 계명대학교 · 개인기업 · 업종 정보처리및컴퓨터관련업 · 주생산품 AI 기반 아동 교구 추천 + 뇌발달 분석 웹앱 (그로우플레이 GrowPlay) · 창업일 2023-08-28,2026-07-01,,중소벤처기업부 창업보육센터 입주기업현황(공공데이터포털),https://www.data.go.kr/data/15122804/fileData.do,
x5026,bi,센터 계명대학교 창업보육센터 · 운영기관 계명대학교 · 법인기업 · 업종 기타서비스업 · 주생산품 투자 및 투자자문업 · 창업일 2023-07-14,2024-06-01,,중소벤처기업부 창업보육센터 입주기업현황(공공데이터포털),https://www.data.go.kr/data/15122804/fileData.do,
x5027,bi,센터 계명대학교 창업보육센터 · 운영기관 계명대학교 · 법인기업 · 업종 기타서비스업 · 주생산품 3D동영상 제작 및 디자인 · 창업일 2018-03-30,2022-03-01,,중소벤처기업부 창업보육센터 입주기업현황(공공데이터포털),https://www.data.go.kr/data/15122804/fileData.do,
x5028,bi,센터 계명대학교 창업보육센터 · 운영기관 계명대학교 · 개인기업 · 업종 정보처리및컴퓨터관련업 · 주생산품 CAM 자동화 AI 및 소프트웨어 · 창업일 2026-07-01,2026-05-01,,중소벤처기업부 창업보육센터 입주기업현황(공공데이터포털),https://www.data.go.kr/data/15122804/fileData.do,
x5029,bi,센터 계명대학교 창업보육센터 · 운영기관 계명대학교 · 개인기업 · 업종 생활용품제조업 · 주생산품 ESG 친환경 향기굿즈 · 창업일 2024-04-03,2026-07-01,,중소벤처기업부 창업보육센터 입주기업현황(공공데이터포털),https://www.data.go.kr/data/15122804/fileData.do,
x5030,bi,센터 계명대학교 창업보육센터 · 운영기관 계명대학교 · 개인기업 · 업종 정보처리및컴퓨터관련업 · 주생산품 키즈아트맵 · 창업일 2026-07-02,2026-07-01,,중소벤처기업부 창업보육센터 입주기업현황(공공데이터포털),https://www.data.go.kr/data/15122804/fileData.do,
x5031,bi,센터 계명대학교 창업보육센터 · 운영기관 계명대학교 · 개인기업 · 업종 정보처리및컴퓨터관련업 · 주생산품 AI 기반 고관여형 SW 개발 에이전트 플랫폼 · 창업일 2023-06-15,2026-07-01,,중소벤처기업부 창업보육센터 입주기업현황(공공데이터포털),https://www.data.go.kr/data/15122804/fileData.do,
x5032,bi,센터 계명대학교 창업보육센터 · 운영기관 계명대학교 · 개인기업 · 업종 기타서비스업 · 주생산품 웹 기반 공간 거래 플랫폼(팝인로컬) · 창업일 2025-05-07,2026-07-01,,중소벤처기업부 창업보육센터 입주기업현황(공공데이터포털),https://www.data.go.kr/data/15122804/fileData.do,
x5033,bi,센터 계명대학교 창업보육센터 · 운영기관 계명대학교 · 개인기업 · 업종 정보처리및컴퓨터관련업 · 주생산품 AI 비전매핑 및 AR 피팅 기반 특수 체형 펫웨어 맞춤 제작 O2O 플랫폼 · 창업일 2024-06-07,2026-07-01,,중소벤처기업부 창업보육센터 입주기업현황(공공데이터포털),https://www.data.go.kr/data/15122804/fileData.do,
x5034,bi,센터 계명대학교 창업보육센터 · 운영기관 계명대학교 · 개인기업 · 업종 생활용품제조업 · 주생산품 폴리우레탄 신소재로 세척 필요없는 단체급식 패키지 개발 · 창업일 2017-02-17,2022-07-01,,중소벤처기업부 창업보육센터 입주기업현황(공공데이터포털),https://www.data.go.kr/data/15122804/fileData.do,
x5035,bi,센터 계명대학교 창업보육센터 · 운영기관 계명대학교 · 개인기업 · 업종 디자인산업 · 주생산품 빅데이터 기반 CMF 통합 R&amp;amp;amp;amp;amp;amp;amp;D 서비스 플랫폼 개발 · 창업일 2018-05-03,2018-05-01,,중소벤처기업부 창업보육센터 입주기업현황(공공데이터포털),https://www.data.go.kr/data/15122804/fileData.do,
x5036,bi,센터 계명대학교 창업보육센터 · 운영기관 계명대학교 · 개인기업 · 업종 정보처리및컴퓨터관련업 · 주생산품 글로벌 게임엔진기반 애니메이션 자산 및 운동시스템 개발 · 창업일 2021-07-28,2022-10-27,,중소벤처기업부 창업보육센터 입주기업현황(공공데이터포털),https://www.data.go.kr/data/15122804/fileData.do,
x5037,bi,센터 계명대학교 창업보육센터 · 운영기관 계명대학교 · 개인기업 · 업종 정보처리및컴퓨터관련업 · 주생산품 AI를 활용한 무인 AR 디지털아트 포토키오스크 · 창업일 2023-04-07,2024-12-20,,중소벤처기업부 창업보육센터 입주기업현황(공공데이터포털),https://www.data.go.kr/data/15122804/fileData.do,
x5038,bi,센터 계명대학교 창업보육센터 · 운영기관 계명대학교 · 개인기업 · 업종 기타서비스업 · 주생산품 AI 기반 기업 미디어 콘텐츠 제작 및 실습형 교육 서비스 · 창업일 2026-05-07,2026-07-01,,중소벤처기업부 창업보육센터 입주기업현황(공공데이터포털),https://www.data.go.kr/data/15122804/fileData.do,
x5039,bi,센터 계명대학교 창업보육센터 · 운영기관 계명대학교 · 개인기업 · 업종 디자인산업 · 주생산품 버추얼 프로덕션(VP)기반 콘텐츠 제작 · 창업일 2024-06-26,2024-09-15,,중소벤처기업부 창업보육센터 입주기업현황(공공데이터포털),https://www.data.go.kr/data/15122804/fileData.do,
x5040,bi,센터 계명대학교 창업보육센터 · 운영기관 계명대학교 · 법인기업 · 업종 정보처리및컴퓨터관련업 · 주생산품 글로벌 게임/애니메이션 굿즈 유통 서비스 · 창업일 2024-10-20,2026-04-20,,중소벤처기업부 창업보육센터 입주기업현황(공공데이터포털),https://www.data.go.kr/data/15122804/fileData.do,
x5041,bi,센터 계명대학교 창업보육센터 · 운영기관 계명대학교 · 개인기업 · 업종 정보처리및컴퓨터관련업 · 주생산품 반려동물장묘업토탈연계서비스 · 창업일 2025-04-01,2026-04-20,,중소벤처기업부 창업보육센터 입주기업현황(공공데이터포털),https://www.data.go.kr/data/15122804/fileData.do,
x5042,bi,"센터 계명대학교 창업보육센터 · 운영기관 계명대학교 · 개인기업 · 업종 생활용품제조업 · 주생산품 레저 및 스포츠 마스크, 환자복 · 창업일 2026-06-25",2026-07-01,,중소벤처기업부 창업보육센터 입주기업현황(공공데이터포털),https://www.data.go.kr/data/15122804/fileData.do,
x5043,bi,센터 계명대학교 창업보육센터 · 운영기관 계명대학교 · 개인기업 · 업종 생활용품제조업 · 주생산품 산업용 도료 기반의 커스텀 코팅 및 모듈형 기어 제품군 · 창업일 2026-07-01,2026-07-01,,중소벤처기업부 창업보육센터 입주기업현황(공공데이터포털),https://www.data.go.kr/data/15122804/fileData.do,
x5044,bi,센터 계명대학교 창업보육센터 · 운영기관 계명대학교 · 개인기업 · 업종 생활용품제조업 · 주생산품 업사이클을 활용한 반려동물 용품 및 패션소품 · 창업일 2026-06-01,2026-04-20,,중소벤처기업부 창업보육센터 입주기업현황(공공데이터포털),https://www.data.go.kr/data/15122804/fileData.do,
x5045,bi,센터 계명대학교 창업보육센터 · 운영기관 계명대학교 · 개인기업 · 업종 생활용품제조업 · 주생산품 남성청결 휴대용 물티슈 · 창업일 2024-07-15,2024-12-27,,중소벤처기업부 창업보육센터 입주기업현황(공공데이터포털),https://www.data.go.kr/data/15122804/fileData.do,
x5046,bi,센터 계명대학교 창업보육센터 · 운영기관 계명대학교 · 개인기업 · 업종 디자인산업 · 주생산품 모듈형 전시 구조물 주문 플랫폼 · 창업일 2023-09-18,2026-07-01,,중소벤처기업부 창업보육센터 입주기업현황(공공데이터포털),https://www.data.go.kr/data/15122804/fileData.do,
x5047,bi,센터 계명대학교 창업보육센터 · 운영기관 계명대학교 · 개인기업 · 업종 생활용품제조업 · 주생산품 전통과 현대의 조화를 담음 리빙 제품 · 창업일 2020-11-18,2025-07-07,,중소벤처기업부 창업보육센터 입주기업현황(공공데이터포털),https://www.data.go.kr/data/15122804/fileData.do,
x5048,bi,센터 계명대학교 창업보육센터 · 운영기관 계명대학교 · 개인기업 · 업종 정보처리및컴퓨터관련업 · 주생산품 인슈어테크 플랫폼 개발 · 창업일 2025-12-04,2026-05-01,,중소벤처기업부 창업보육센터 입주기업현황(공공데이터포털),https://www.data.go.kr/data/15122804/fileData.do,
x5049,bi,센터 계명대학교 창업보육센터 · 운영기관 계명대학교 · 개인기업 · 업종 정보처리및컴퓨터관련업 · 주생산품 AI 기반 자동차 실내튜닝 견적 비교 플랫폼 · 창업일 2022-06-14,2026-07-01,,중소벤처기업부 창업보육센터 입주기업현황(공공데이터포털),https://www.data.go.kr/data/15122804/fileData.do,
x5050,bi,센터 계명대학교 창업보육센터 · 운영기관 계명대학교 · 법인기업 · 업종 정보처리및컴퓨터관련업 · 주생산품 드론SW · 창업일 2026-02-04,2026-05-01,,중소벤처기업부 창업보육센터 입주기업현황(공공데이터포털),https://www.data.go.kr/data/15122804/fileData.do,
x5051,bi,센터 계명대학교 창업보육센터 · 운영기관 계명대학교 · 법인기업 · 업종 정보처리및컴퓨터관련업 · 주생산품 크리에이터 콘텐츠 기획 및 B2B 광고 매칭 통합 AI 에이전 · 창업일 2024-08-22,2026-04-20,,중소벤처기업부 창업보육센터 입주기업현황(공공데이터포털),https://www.data.go.kr/data/15122804/fileData.do,
x5052,bi,센터 계명대학교 창업보육센터 · 운영기관 계명대학교 · 법인기업 · 업종 디자인산업 · 주생산품 실내 인테리어 디자인(AI) · 창업일 2023-07-24,2024-06-01,,중소벤처기업부 창업보육센터 입주기업현황(공공데이터포털),https://www.data.go.kr/data/15122804/fileData.do,
x5053,bi,센터 계명대학교 창업보육센터 · 운영기관 계명대학교 · 법인기업 · 업종 기계/장비제조업 · 주생산품 3D프린터 챔버 · 창업일 2026-03-07,2026-05-01,,중소벤처기업부 창업보육센터 입주기업현황(공공데이터포털),https://www.data.go.kr/data/15122804/fileData.do,
x5054,bi,센터 계명대학교 창업보육센터 · 운영기관 계명대학교 · 법인기업 · 업종 기계/장비제조업 · 주생산품 스마트 컨트롤 트레이닝 시스템 · 창업일 2022-11-08,2022-09-01,,중소벤처기업부 창업보육센터 입주기업현황(공공데이터포털),https://www.data.go.kr/data/15122804/fileData.do,
x5055,bi,센터 계명대학교 창업보육센터 · 운영기관 계명대학교 · 법인기업 · 업종 생활용품제조업 · 주생산품 겨례 연하케어 떡 (고령친화 안심 식품) · 창업일 2023-12-21,2026-04-20,,중소벤처기업부 창업보육센터 입주기업현황(공공데이터포털),https://www.data.go.kr/data/15122804/fileData.do,
x5056,bi,센터 계명대학교 창업보육센터 · 운영기관 계명대학교 · 법인기업 · 업종 기타서비스업 · 주생산품 창업기업 육성 및 투자조합 서비스 · 창업일 2020-03-19,2023-11-01,,중소벤처기업부 창업보육센터 입주기업현황(공공데이터포털),https://www.data.go.kr/data/15122804/fileData.do,
x5057,bi,센터 계명대학교 창업보육센터 · 운영기관 계명대학교 · 법인기업 · 업종 정보처리및컴퓨터관련업 · 주생산품 AI 기반 스마트 물류 창고 관리 · 창업일 2026-06-01,2026-04-20,,중소벤처기업부 창업보육센터 입주기업현황(공공데이터포털),https://www.data.go.kr/data/15122804/fileData.do,
x5058,bi,센터 계명대학교 창업보육센터 · 운영기관 계명대학교 · 법인기업 · 업종 정보처리및컴퓨터관련업 · 주생산품 AI 숏폼 매칭기반 구인·구직 플랫폼 서비스 · 창업일 2026-07-06,2026-07-01,,중소벤처기업부 창업보육센터 입주기업현황(공공데이터포털),https://www.data.go.kr/data/15122804/fileData.do,
x5059,bi,센터 계명대학교 창업보육센터 · 운영기관 계명대학교 · 법인기업 · 업종 정보처리및컴퓨터관련업 · 주생산품 웹서비스 · 창업일 2026-05-11,2026-04-20,,중소벤처기업부 창업보육센터 입주기업현황(공공데이터포털),https://www.data.go.kr/data/15122804/fileData.do,
x5060,bi,센터 계명대학교 창업보육센터 · 운영기관 계명대학교 · 법인기업 · 업종 기계/장비제조업 · 주생산품 수경재배용 Twin Prop · 창업일 2020-07-21,2020-10-01,,중소벤처기업부 창업보육센터 입주기업현황(공공데이터포털),https://www.data.go.kr/data/15122804/fileData.do,
x5061,bi,센터 계명대학교 창업보육센터 · 운영기관 계명대학교 · 법인기업 · 업종 정보처리및컴퓨터관련업 · 주생산품 콘텐츠플랫폼 · 창업일 2023-07-25,2023-07-25,,중소벤처기업부 창업보육센터 입주기업현황(공공데이터포털),https://www.data.go.kr/data/15122804/fileData.do,
x5062,bi,"센터 계명대학교 창업보육센터 · 운영기관 계명대학교 · 법인기업 · 업종 정보처리및컴퓨터관련업 · 주생산품 스마트글래스, 인터페이스, 로봇 의수/의족 · 창업일 2025-12-12",2026-07-01,,중소벤처기업부 창업보육센터 입주기업현황(공공데이터포털),https://www.data.go.kr/data/15122804/fileData.do,
x5063,bi,"센터 계명대학교 창업보육센터 · 운영기관 계명대학교 · 법인기업 · 업종 정보처리및컴퓨터관련업 · 주생산품 PINN기반 산업용 모터 진단, 제어 엣지AI · 창업일 2026-01-08",2026-07-01,,중소벤처기업부 창업보육센터 입주기업현황(공공데이터포털),https://www.data.go.kr/data/15122804/fileData.do,
x5064,bi,센터 계명대학교 창업보육센터 · 운영기관 계명대학교 · 개인기업 · 업종 생활용품제조업 · 주생산품 파크골프 조끼 가방 · 창업일 2024-04-22,2026-01-12,,중소벤처기업부 창업보육센터 입주기업현황(공공데이터포털),https://www.data.go.kr/data/15122804/fileData.do,
x5065,bi,센터 계명대학교 창업보육센터 · 운영기관 계명대학교 · 개인기업 · 업종 생활용품제조업 · 주생산품 반려묘 터널 쿠션 · 창업일 2024-12-16,2026-01-12,,중소벤처기업부 창업보육센터 입주기업현황(공공데이터포털),https://www.data.go.kr/data/15122804/fileData.do,
x5066,bi,센터 계명대학교 창업보육센터 · 운영기관 계명대학교 · 법인기업 · 업종 정보처리및컴퓨터관련업 · 주생산품 광고 콘텐츠 · 창업일 2025-05-06,2026-05-01,,중소벤처기업부 창업보육센터 입주기업현황(공공데이터포털),https://www.data.go.kr/data/15122804/fileData.do,
x5067,bi,센터 계명대학교 창업보육센터 · 운영기관 계명대학교 · 법인기업 · 업종 정보처리및컴퓨터관련업 · 주생산품 유튜브 롱폼 및 숏폼 AI 시스템 · 창업일 2025-02-17,2026-07-01,,중소벤처기업부 창업보육센터 입주기업현황(공공데이터포털),https://www.data.go.kr/data/15122804/fileData.do,
x5068,bi,센터 계명대학교 창업보육센터 · 운영기관 계명대학교 · 법인기업 · 업종 기타서비스업 · 주생산품 3D홀로그램 광고 · 창업일 2023-09-07,2021-09-01,,중소벤처기업부 창업보육센터 입주기업현황(공공데이터포털),https://www.data.go.kr/data/15122804/fileData.do,
x5069,bi,센터 계명대학교 창업보육센터 · 운영기관 계명대학교 · 개인기업 · 업종 생활용품제조업 · 주생산품 피부과용 맞춤형 화장품 · 창업일 2019-01-14,2020-05-01,,중소벤처기업부 창업보육센터 입주기업현황(공공데이터포털),https://www.data.go.kr/data/15122804/fileData.do,
x5070,bi,센터 계명대학교 창업보육센터 · 운영기관 계명대학교 · 개인기업 · 업종 디자인산업 · 주생산품 리사이클링 직물 제조업 · 창업일 2020-07-08,2024-06-20,,중소벤처기업부 창업보육센터 입주기업현황(공공데이터포털),https://www.data.go.kr/data/15122804/fileData.do,
x5071,bi,센터 계명대학교 창업보육센터 · 운영기관 계명대학교 · 법인기업 · 업종 기타서비스업 · 주생산품 개인분석 프로그램 심박동 측정 VR면접 콘텐츠 · 창업일 2021-02-15,2021-06-15,,중소벤처기업부 창업보육센터 입주기업현황(공공데이터포털),https://www.data.go.kr/data/15122804/fileData.do,
x5072,bi,센터 계명문화대학교 창업보육센터 · 운영기관 계명문화대학교 · 법인기업 · 업종 1차산업 · 주생산품 건축인테리어 · 창업일 2024-01-30,2024-09-01,,중소벤처기업부 창업보육센터 입주기업현황(공공데이터포털),https://www.data.go.kr/data/15122804/fileData.do,
x5073,bi,센터 계명문화대학교 창업보육센터 · 운영기관 계명문화대학교 · 법인기업 · 업종 1차산업 · 주생산품 일반전기공사업 · 창업일 2023-01-12,2023-09-01,,중소벤처기업부 창업보육센터 입주기업현황(공공데이터포털),https://www.data.go.kr/data/15122804/fileData.do,
x5074,bi,"센터 계명문화대학교 창업보육센터 · 운영기관 계명문화대학교 · 개인기업 · 업종 기계/장비제조업 · 주생산품 볼라드,LED · 창업일 2023-05-10",2025-01-06,,중소벤처기업부 창업보육센터 입주기업현황(공공데이터포털),https://www.data.go.kr/data/15122804/fileData.do,
x5075,bi,센터 계명문화대학교 창업보육센터 · 운영기관 계명문화대학교 · 개인기업 · 업종 생활용품제조업 · 주생산품 물티슈케이스 · 창업일 2022-06-24,2026-07-01,,중소벤처기업부 창업보육센터 입주기업현황(공공데이터포털),https://www.data.go.kr/data/15122804/fileData.do,
x5076,bi,센터 계명문화대학교 창업보육센터 · 운영기관 계명문화대학교 · 법인기업 · 업종 자원/에너지산업 · 주생산품 의학 및 약학 연구개발업 · 창업일 2022-08-10,2025-02-01,,중소벤처기업부 창업보육센터 입주기업현황(공공데이터포털),https://www.data.go.kr/data/15122804/fileData.do,
x5077,bi,"센터 계명문화대학교 창업보육센터 · 운영기관 계명문화대학교 · 개인기업 · 업종 기계/장비제조업 · 주생산품 친환경방역기 제조,판매 · 창업일 2020-01-16",2023-02-08,,중소벤처기업부 창업보육센터 입주기업현황(공공데이터포털),https://www.data.go.kr/data/15122804/fileData.do,
x5078,bi,센터 계명문화대학교 창업보육센터 · 운영기관 계명문화대학교 · 개인기업 · 업종 생활용품제조업 · 주생산품 침구및관련제품 제조업 · 창업일 2024-07-30,2025-07-15,,중소벤처기업부 창업보육센터 입주기업현황(공공데이터포털),https://www.data.go.kr/data/15122804/fileData.do,
x5079,bi,센터 계명문화대학교 창업보육센터 · 운영기관 계명문화대학교 · 개인기업 · 업종 디자인산업 · 주생산품 디자인 및 프린팅 · 창업일 2020-06-24,2022-07-22,,중소벤처기업부 창업보육센터 입주기업현황(공공데이터포털),https://www.data.go.kr/data/15122804/fileData.do,
x5080,bi,"센터 국가물산업클러스터 창업보육센터 · 운영기관 한국환경공단 국가물산업클러스터 · 개인기업 · 업종 연구개발/과학서비스업 · 주생산품 표면처리, BDD전극 · 창업일 2024-09-02",2024-11-19,,중소벤처기업부 창업보육센터 입주기업현황(공공데이터포털),https://www.data.go.kr/data/15122804/fileData.do,
x5081,bi,센터 국가물산업클러스터 창업보육센터 · 운영기관 한국환경공단 국가물산업클러스터 · 개인기업 · 업종 전기관련제조업 · 주생산품 저주파를 이용한 녹조예방 및 수질개선 장치 · 창업일 2025-02-28,2024-12-27,,중소벤처기업부 창업보육센터 입주기업현황(공공데이터포털),https://www.data.go.kr/data/15122804/fileData.do,
x5082,bi,센터 국가물산업클러스터 창업보육센터 · 운영기관 한국환경공단 국가물산업클러스터 · 개인기업 · 업종 기계/장비제조업 · 주생산품 그린볼 녹조 저감장치 · 창업일 2018-03-09,2022-12-20,,중소벤처기업부 창업보육센터 입주기업현황(공공데이터포털),https://www.data.go.kr/data/15122804/fileData.do,
x5083,bi,센터 국가물산업클러스터 창업보육센터 · 운영기관 한국환경공단 국가물산업클러스터 · 법인기업 · 업종 기계/장비제조업 · 주생산품 플라즈마 수처리 장치 · 창업일 2023-02-15,2022-12-01,,중소벤처기업부 창업보육센터 입주기업현황(공공데이터포털),https://www.data.go.kr/data/15122804/fileData.do,
x5084,bi,센터 국가물산업클러스터 창업보육센터 · 운영기관 한국환경공단 국가물산업클러스터 · 법인기업 · 업종 기계/장비제조업 · 주생산품 상수도관세척기계제작 · 창업일 2023-09-08,2023-08-28,,중소벤처기업부 창업보육센터 입주기업현황(공공데이터포털),https://www.data.go.kr/data/15122804/fileData.do,
x5103,bi,센터 대구공업대학교 창업보육센터 · 운영기관 대구공업대학교 · 법인기업 · 업종 연구개발/과학서비스업 · 주생산품 자연과학 및 공학 융합 연구개발업 · 창업일 2024-11-01,2025-11-01,,중소벤처기업부 창업보육센터 입주기업현황(공공데이터포털),https://www.data.go.kr/data/15122804/fileData.do,
x5104,bi,센터 대구공업대학교 창업보육센터 · 운영기관 대구공업대학교 · 개인기업 · 업종 바이오/환경산업 · 주생산품 공간(환경) 경관디자인 · 창업일 2021-12-15,2024-07-31,,중소벤처기업부 창업보육센터 입주기업현황(공공데이터포털),https://www.data.go.kr/data/15122804/fileData.do,
x5105,bi,"센터 대구공업대학교 창업보육센터 · 운영기관 대구공업대학교 · 개인기업 · 업종 비금속/금속류제조업 · 주생산품 안내판, CNC 디자인 소품 · 창업일 2024-10-16",2023-12-31,,중소벤처기업부 창업보육센터 입주기업현황(공공데이터포털),https://www.data.go.kr/data/15122804/fileData.do,
x5106,bi,"센터 대구공업대학교 창업보육센터 · 운영기관 대구공업대학교 · 개인기업 · 업종 정보처리및컴퓨터관련업 · 주생산품 중소기업 전문 ERP, MES 시스템 · 창업일 2024-06-04",2024-05-30,,중소벤처기업부 창업보육센터 입주기업현황(공공데이터포털),https://www.data.go.kr/data/15122804/fileData.do,
x5107,bi,센터 대구공업대학교 창업보육센터 · 운영기관 대구공업대학교 · 개인기업 · 업종 전자부품등제조업 · 주생산품 포터블 저가형 무안경 방식 3D 옥외 광고 시스템 및 전용 배터리 · 창업일 2019-09-14,2020-06-30,,중소벤처기업부 창업보육센터 입주기업현황(공공데이터포털),https://www.data.go.kr/data/15122804/fileData.do,
x5108,bi,센터 대구공업대학교 창업보육센터 · 운영기관 대구공업대학교 · 개인기업 · 업종 정보처리및컴퓨터관련업 · 주생산품 IOT 스마트 보안등 제어 시스템 · 창업일 2020-11-02,2022-10-24,,중소벤처기업부 창업보육센터 입주기업현황(공공데이터포털),https://www.data.go.kr/data/15122804/fileData.do,
x5109,bi,센터 대구공업대학교 창업보육센터 · 운영기관 대구공업대학교 · 법인기업 · 업종 연구개발/과학서비스업 · 주생산품 텍스타일미디어솔루션개발 · 창업일 2024-09-12,2025-01-06,,중소벤처기업부 창업보육센터 입주기업현황(공공데이터포털),https://www.data.go.kr/data/15122804/fileData.do,
x5110,bi,센터 대구공업대학교 창업보육센터 · 운영기관 대구공업대학교 · 법인기업 · 업종 의료/정밀등제조업 · 주생산품 스마트 의류 제조 · 창업일 2024-07-23,2024-06-28,,중소벤처기업부 창업보육센터 입주기업현황(공공데이터포털),https://www.data.go.kr/data/15122804/fileData.do,
x5111,bi,센터 대구공업대학교 창업보육센터 · 운영기관 대구공업대학교 · 법인기업 · 업종 전기관련제조업 · 주생산품 무선 충전 보조배터리 · 창업일 2023-02-20,2025-05-01,,중소벤처기업부 창업보육센터 입주기업현황(공공데이터포털),https://www.data.go.kr/data/15122804/fileData.do,
x5112,bi,센터 대구공업대학교 창업보육센터 · 운영기관 대구공업대학교 · 개인기업 · 업종 연구개발/과학서비스업 · 주생산품 3D 프로그램을 이용한 자동차 차체 용접지그 설계 · 창업일 2025-05-20,2026-04-01,,중소벤처기업부 창업보육센터 입주기업현황(공공데이터포털),https://www.data.go.kr/data/15122804/fileData.do,
x5113,bi,"센터 대구공업대학교 창업보육센터 · 운영기관 대구공업대학교 · 개인기업 · 업종 전기관련제조업 · 주생산품 App개발, PLC제어, 로봇제어 · 창업일 2025-01-03",2025-01-06,,중소벤처기업부 창업보육센터 입주기업현황(공공데이터포털),https://www.data.go.kr/data/15122804/fileData.do,
x5114,bi,센터 대구공업대학교 창업보육센터 · 운영기관 대구공업대학교 · 개인기업 · 업종 비금속/금속류제조업 · 주생산품 장식용 목제품 제조업 · 창업일 2025-08-15,2025-09-01,,중소벤처기업부 창업보육센터 입주기업현황(공공데이터포털),https://www.data.go.kr/data/15122804/fileData.do,
x5115,bi,센터 대구보건대학교 창업성장지원센터 · 운영기관 대구보건대학교 · 법인기업 · 업종 기타서비스업 · 주생산품 큰크리트 혼화제 개발 · 창업일 2021-01-07,2024-07-01,,중소벤처기업부 창업보육센터 입주기업현황(공공데이터포털),https://www.data.go.kr/data/15122804/fileData.do,
x5116,bi,센터 대구보건대학교 창업성장지원센터 · 운영기관 대구보건대학교 · 법인기업 · 업종 비금속/금속류제조업 · 주생산품 사출금형 · 창업일 2020-07-29,2023-12-18,,중소벤처기업부 창업보육센터 입주기업현황(공공데이터포털),https://www.data.go.kr/data/15122804/fileData.do,
x5117,bi,센터 대구보건대학교 창업성장지원센터 · 운영기관 대구보건대학교 · 법인기업 · 업종 기타서비스업 · 주생산품 도시계획 및 조경설계 · 창업일 2024-01-05,2025-09-15,,중소벤처기업부 창업보육센터 입주기업현황(공공데이터포털),https://www.data.go.kr/data/15122804/fileData.do,
x5118,bi,센터 대구보건대학교 창업성장지원센터 · 운영기관 대구보건대학교 · 법인기업 · 업종 의료/정밀등제조업 · 주생산품 전기전자의료기기 · 창업일 2023-07-28,2023-07-20,,중소벤처기업부 창업보육센터 입주기업현황(공공데이터포털),https://www.data.go.kr/data/15122804/fileData.do,
x5119,bi,"센터 대구보건대학교 창업성장지원센터 · 운영기관 대구보건대학교 · 법인기업 · 업종 바이오/환경산업 · 주생산품 건강기능식품, 기계제조 · 창업일 2026-04-24",2026-04-24,,중소벤처기업부 창업보육센터 입주기업현황(공공데이터포털),https://www.data.go.kr/data/15122804/fileData.do,
x5120,bi,센터 대구보건대학교 창업성장지원센터 · 운영기관 대구보건대학교 · 법인기업 · 업종 의료/정밀등제조업 · 주생산품 치과용 의료기구 수동 세척장치 · 창업일 2024-10-01,2024-10-01,,중소벤처기업부 창업보육센터 입주기업현황(공공데이터포털),https://www.data.go.kr/data/15122804/fileData.do,
x5121,bi,센터 대구보건대학교 창업성장지원센터 · 운영기관 대구보건대학교 · 개인기업 · 업종 비금속/금속류제조업 · 주생산품 방진망 제조 · 창업일 2025-07-07,2025-07-15,,중소벤처기업부 창업보육센터 입주기업현황(공공데이터포털),https://www.data.go.kr/data/15122804/fileData.do,
x5122,bi,센터 대구보건대학교 창업성장지원센터 · 운영기관 대구보건대학교 · 개인기업 · 업종 기계/장비제조업 · 주생산품 디지털 적층 성형기계 제조 · 창업일 2025-02-01,2025-02-05,,중소벤처기업부 창업보육센터 입주기업현황(공공데이터포털),https://www.data.go.kr/data/15122804/fileData.do,
x5123,bi,"센터 대구보건대학교 창업성장지원센터 · 운영기관 대구보건대학교 · 개인기업 · 업종 의료/정밀등제조업 · 주생산품 허리보호대, 손목보호대 · 창업일 2018-08-13",2021-03-01,,중소벤처기업부 창업보육센터 입주기업현황(공공데이터포털),https://www.data.go.kr/data/15122804/fileData.do,
x5124,bi,센터 대구보건대학교 창업성장지원센터 · 운영기관 대구보건대학교 · 개인기업 · 업종 정보처리및컴퓨터관련업 · 주생산품 클라우스시스템 구축 기술개발 · 창업일 2023-03-03,2023-02-17,,중소벤처기업부 창업보육센터 입주기업현황(공공데이터포털),https://www.data.go.kr/data/15122804/fileData.do,
x5125,bi,"센터 대구보건대학교 창업성장지원센터 · 운영기관 대구보건대학교 · 개인기업 · 업종 생활용품제조업 · 주생산품 발열탁구라켓케이스 제조, 스포츠용품 제조 · 창업일 2022-09-19",2024-05-01,,중소벤처기업부 창업보육센터 입주기업현황(공공데이터포털),https://www.data.go.kr/data/15122804/fileData.do,
x5126,bi,센터 대구보건대학교 창업성장지원센터 · 운영기관 대구보건대학교 · 개인기업 · 업종 생활용품제조업 · 주생산품 유아용품 · 창업일 2018-04-02,2019-03-25,,중소벤처기업부 창업보육센터 입주기업현황(공공데이터포털),https://www.data.go.kr/data/15122804/fileData.do,
x5127,bi,센터 대구보건대학교 창업성장지원센터 · 운영기관 대구보건대학교 · 개인기업 · 업종 기타서비스업 · 주생산품 컴퓨터 시스템 통합 구축 · 창업일 2018-10-10,2018-10-08,,중소벤처기업부 창업보육센터 입주기업현황(공공데이터포털),https://www.data.go.kr/data/15122804/fileData.do,
x5128,bi,센터 대구보건대학교 창업성장지원센터 · 운영기관 대구보건대학교 · 개인기업 · 업종 전기관련제조업 · 주생산품 AI낙상방지모니터링시스템 · 창업일 2025-10-20,2025-10-17,,중소벤처기업부 창업보육센터 입주기업현황(공공데이터포털),https://www.data.go.kr/data/15122804/fileData.do,
x5129,bi,센터 대구보건대학교 창업성장지원센터 · 운영기관 대구보건대학교 · 개인기업 · 업종 연구개발/과학서비스업 · 주생산품 도시 계획 및 조경 설계 · 창업일 2024-10-02,2026-04-06,,중소벤처기업부 창업보육센터 입주기업현황(공공데이터포털),https://www.data.go.kr/data/15122804/fileData.do,
x5130,bi,센터 대구보건대학교 창업성장지원센터 · 운영기관 대구보건대학교 · 개인기업 · 업종 정보처리및컴퓨터관련업 · 주생산품 응용소프트웨어개발 및 공급 · 창업일 2021-05-03,2021-05-01,,중소벤처기업부 창업보육센터 입주기업현황(공공데이터포털),https://www.data.go.kr/data/15122804/fileData.do,
x5131,bi,센터 대구보건대학교 창업성장지원센터 · 운영기관 대구보건대학교 · 개인기업 · 업종 디자인산업 · 주생산품 시각 디자인업 · 창업일 2022-03-08,2024-10-09,,중소벤처기업부 창업보육센터 입주기업현황(공공데이터포털),https://www.data.go.kr/data/15122804/fileData.do,
x5132,bi,센터 대구보건대학교 창업성장지원센터 · 운영기관 대구보건대학교 · 법인기업 · 업종 디자인산업 · 주생산품 광고기획 및 광고디자인 · 창업일 2021-05-13,2020-12-30,,중소벤처기업부 창업보육센터 입주기업현황(공공데이터포털),https://www.data.go.kr/data/15122804/fileData.do,
x5133,bi,센터 대구보건대학교 창업성장지원센터 · 운영기관 대구보건대학교 · 개인기업 · 업종 기계/장비제조업 · 주생산품 유선통신장비 방송장비 통신장비 제조 공사 · 창업일 2018-03-06,2018-03-07,,중소벤처기업부 창업보육센터 입주기업현황(공공데이터포털),https://www.data.go.kr/data/15122804/fileData.do,
x5134,bi,센터 대구보건대학교 창업성장지원센터 · 운영기관 대구보건대학교 · 법인기업 · 업종 의료/정밀등제조업 · 주생산품 의료보조기 및 보호대 · 창업일 2024-07-09,2024-06-01,,중소벤처기업부 창업보육센터 입주기업현황(공공데이터포털),https://www.data.go.kr/data/15122804/fileData.do,
x5135,bi,센터 대구보건대학교 창업성장지원센터 · 운영기관 대구보건대학교 · 개인기업 · 업종 기계/장비제조업 · 주생산품 드론장비 · 창업일 2026-01-01,2026-01-01,,중소벤처기업부 창업보육센터 입주기업현황(공공데이터포털),https://www.data.go.kr/data/15122804/fileData.do,
x5136,bi,센터 대구보건대학교 창업성장지원센터 · 운영기관 대구보건대학교 · 개인기업 · 업종 기계/장비제조업 · 주생산품 3D프린터 · 창업일 2021-12-01,2024-04-05,,중소벤처기업부 창업보육센터 입주기업현황(공공데이터포털),https://www.data.go.kr/data/15122804/fileData.do,
x5137,bi,센터 대구보건대학교 창업성장지원센터 · 운영기관 대구보건대학교 · 개인기업 · 업종 종이/출판/인쇄업 · 주생산품 포장박스제조 · 창업일 2021-07-14,2021-10-18,,중소벤처기업부 창업보육센터 입주기업현황(공공데이터포털),https://www.data.go.kr/data/15122804/fileData.do,
x5138,bi,센터 대구보건대학교 창업성장지원센터 · 운영기관 대구보건대학교 · 개인기업 · 업종 기계/장비제조업 · 주생산품 자동화기계 · 창업일 2023-03-01,2023-02-01,,중소벤처기업부 창업보육센터 입주기업현황(공공데이터포털),https://www.data.go.kr/data/15122804/fileData.do,
x5139,bi,"센터 대구보건대학교 창업성장지원센터 · 운영기관 대구보건대학교 · 개인기업 · 업종 정보처리및컴퓨터관련업 · 주생산품 정보전문 플랫폼 개발, 키오스크 개발 · 창업일 2024-10-07",2024-04-17,,중소벤처기업부 창업보육센터 입주기업현황(공공데이터포털),https://www.data.go.kr/data/15122804/fileData.do,
x5140,bi,센터 대구보건대학교 창업성장지원센터 · 운영기관 대구보건대학교 · 개인기업 · 업종 생활용품제조업 · 주생산품 반려동물용 전동칫솔 · 창업일 2024-04-16,2024-08-19,,중소벤처기업부 창업보육센터 입주기업현황(공공데이터포털),https://www.data.go.kr/data/15122804/fileData.do,
x5141,bi,"센터 대구보건대학교 창업성장지원센터 · 운영기관 대구보건대학교 · 법인기업 · 업종 정보처리및컴퓨터관련업 · 주생산품 모바일컨텐츠개발, 소프트웨어 개발 · 창업일 2023-08-17",2023-08-14,,중소벤처기업부 창업보육센터 입주기업현황(공공데이터포털),https://www.data.go.kr/data/15122804/fileData.do,
x5142,bi,센터 대구보건대학교 창업성장지원센터 · 운영기관 대구보건대학교 · 법인기업 · 업종 비금속/금속류제조업 · 주생산품 창호 · 창업일 2021-01-04,2020-12-01,,중소벤처기업부 창업보육센터 입주기업현황(공공데이터포털),https://www.data.go.kr/data/15122804/fileData.do,
x5143,bi,센터 대구보건대학교 창업성장지원센터 · 운영기관 대구보건대학교 · 법인기업 · 업종 바이오/환경산업 · 주생산품 차아염소산수 · 창업일 2025-08-26,2025-10-13,,중소벤처기업부 창업보육센터 입주기업현황(공공데이터포털),https://www.data.go.kr/data/15122804/fileData.do,
x5144,bi,센터 대구보건대학교 창업성장지원센터 · 운영기관 대구보건대학교 · 개인기업 · 업종 정보처리및컴퓨터관련업 · 주생산품 시스템소프트웨어 개발 스마트안경 OEM제조 · 창업일 2018-07-01,2018-07-02,,중소벤처기업부 창업보육센터 입주기업현황(공공데이터포털),https://www.data.go.kr/data/15122804/fileData.do,
x5145,bi,센터 대구보건대학교 창업성장지원센터 · 운영기관 대구보건대학교 · 개인기업 · 업종 기계/장비제조업 · 주생산품 자동화설계 및 제조 · 창업일 2021-04-09,2021-04-09,,중소벤처기업부 창업보육센터 입주기업현황(공공데이터포털),https://www.data.go.kr/data/15122804/fileData.do,
x5146,bi,센터 대구보건대학교 창업성장지원센터 · 운영기관 대구보건대학교 · 개인기업 · 업종 의료/정밀등제조업 · 주생산품 자세교정 및 관절기능향상 보조기기 · 창업일 2026-02-23,2026-02-23,,중소벤처기업부 창업보육센터 입주기업현황(공공데이터포털),https://www.data.go.kr/data/15122804/fileData.do,
x5147,bi,센터 대구보건대학교 창업성장지원센터 · 운영기관 대구보건대학교 · 개인기업 · 업종 생활용품제조업 · 주생산품 화장품 · 창업일 2024-01-31,2024-06-01,,중소벤처기업부 창업보육센터 입주기업현황(공공데이터포털),https://www.data.go.kr/data/15122804/fileData.do,
x5148,bi,센터 대구보건대학교 창업성장지원센터 · 운영기관 대구보건대학교 · 개인기업 · 업종 생활용품제조업 · 주생산품 신발제조 · 창업일 2026-01-12,2026-02-01,,중소벤처기업부 창업보육센터 입주기업현황(공공데이터포털),https://www.data.go.kr/data/15122804/fileData.do,
x5149,bi,센터 대구보건대학교 창업성장지원센터 · 운영기관 대구보건대학교 · 개인기업 · 업종 바이오/환경산업 · 주생산품 건강기능식품 · 창업일 2023-07-10,2025-09-01,,중소벤처기업부 창업보육센터 입주기업현황(공공데이터포털),https://www.data.go.kr/data/15122804/fileData.do,
x5150,bi,센터 대구스케일업허브(DASH) · 운영기관 대구광역시 · 개인기업 · 업종 생활용품제조업 · 주생산품 맞춤형 경추베개 · 창업일 2021-11-12,2023-04-01,,중소벤처기업부 창업보육센터 입주기업현황(공공데이터포털),https://www.data.go.kr/data/15122804/fileData.do,
x5151,bi,센터 대구스케일업허브(DASH) · 운영기관 대구광역시 · 법인기업 · 업종 정보처리및컴퓨터관련업 · 주생산품 AI 피부 진단과 뷰티 디바이스를 연동한 슬로우 에이징 스킨케어 플랫폼 · 창업일 2023-05-23,2025-08-01,,중소벤처기업부 창업보육센터 입주기업현황(공공데이터포털),https://www.data.go.kr/data/15122804/fileData.do,
x5152,bi,센터 대구스케일업허브(DASH) · 운영기관 대구광역시 · 개인기업 · 업종 생활용품제조업 · 주생산품 리프팅형 모니터 받침대 · 창업일 2022-03-21,2023-04-01,,중소벤처기업부 창업보육센터 입주기업현황(공공데이터포털),https://www.data.go.kr/data/15122804/fileData.do,
x5153,bi,"센터 대구스케일업허브(DASH) · 운영기관 대구광역시 · 법인기업 · 업종 정보처리및컴퓨터관련업 · 주생산품 펫푸드 플랫폼 샐러드펫, 사료 브랜드 트러스티푸드, 기호성검사키트 · 창업일 2020-01-21",2023-12-01,,중소벤처기업부 창업보육센터 입주기업현황(공공데이터포털),https://www.data.go.kr/data/15122804/fileData.do,
x5154,bi,"센터 대구스케일업허브(DASH) · 운영기관 대구광역시 · 법인기업 · 업종 기타서비스업 · 주생산품 HMR막창,닭발,곱창 등 · 창업일 2016-10-10",2021-09-06,,중소벤처기업부 창업보육센터 입주기업현황(공공데이터포털),https://www.data.go.kr/data/15122804/fileData.do,
x5155,bi,센터 대구스케일업허브(DASH) · 운영기관 대구광역시 · 개인기업 · 업종 정보처리및컴퓨터관련업 · 주생산품 소프트웨어 및 미세플라스틱 필터 · 창업일 2025-06-23,2025-05-01,,중소벤처기업부 창업보육센터 입주기업현황(공공데이터포털),https://www.data.go.kr/data/15122804/fileData.do,
x5156,bi,센터 대구스케일업허브(DASH) · 운영기관 대구광역시 · 법인기업 · 업종 정보처리및컴퓨터관련업 · 주생산품 AX Market · 창업일 2019-05-14,2025-11-01,,중소벤처기업부 창업보육센터 입주기업현황(공공데이터포털),https://www.data.go.kr/data/15122804/fileData.do,
x5157,bi,센터 대구스케일업허브(DASH) · 운영기관 대구광역시 · 개인기업 · 업종 기계/장비제조업 · 주생산품 자율주행부품제조 · 창업일 2024-01-17,2024-10-01,,중소벤처기업부 창업보육센터 입주기업현황(공공데이터포털),https://www.data.go.kr/data/15122804/fileData.do,
x5158,bi,센터 대구스케일업허브(DASH) · 운영기관 대구광역시 · 법인기업 · 업종 기타서비스업 · 주생산품 K 패션 브랜드의 글로벌 진출 지원 상거래 특화 AI모델 개발 · 창업일 2023-12-04,2025-11-01,,중소벤처기업부 창업보육센터 입주기업현황(공공데이터포털),https://www.data.go.kr/data/15122804/fileData.do,
x5159,bi,센터 대구스케일업허브(DASH) · 운영기관 대구광역시 · 법인기업 · 업종 기타서비스업 · 주생산품 광고대행업 · 창업일 2015-07-31,2021-09-06,,중소벤처기업부 창업보육센터 입주기업현황(공공데이터포털),https://www.data.go.kr/data/15122804/fileData.do,
x5160,bi,센터 대구스케일업허브(DASH) · 운영기관 대구광역시 · 법인기업 · 업종 정보처리및컴퓨터관련업 · 주생산품 인플루언서 스타일링 데이터 기반 남성 패션 콘텐츠 커머스 플랫폼 · 창업일 2024-05-03,2026-07-01,,중소벤처기업부 창업보육센터 입주기업현황(공공데이터포털),https://www.data.go.kr/data/15122804/fileData.do,
x5161,bi,센터 대구스케일업허브(DASH) · 운영기관 대구광역시 · 법인기업 · 업종 기타서비스업 · 주생산품 딜리버링 푸드 서비스 · 창업일 2023-06-01,2024-10-01,,중소벤처기업부 창업보육센터 입주기업현황(공공데이터포털),https://www.data.go.kr/data/15122804/fileData.do,
x5162,bi,센터 대구스케일업허브(DASH) · 운영기관 대구광역시 · 법인기업 · 업종 정보처리및컴퓨터관련업 · 주생산품 모바일게임 · 창업일 2022-04-28,2022-11-01,,중소벤처기업부 창업보육센터 입주기업현황(공공데이터포털),https://www.data.go.kr/data/15122804/fileData.do,
x5163,bi,센터 대구스케일업허브(DASH) · 운영기관 대구광역시 · 법인기업 · 업종 정보처리및컴퓨터관련업 · 주생산품 K-Food 데이터 분석을 위한 블록체인 스마트컨트랙트 기술 기반 CRM] · 창업일 2025-05-15,2025-05-01,,중소벤처기업부 창업보육센터 입주기업현황(공공데이터포털),https://www.data.go.kr/data/15122804/fileData.do,
x5164,bi,센터 대구스케일업허브(DASH) · 운영기관 대구광역시 · 법인기업 · 업종 정보처리및컴퓨터관련업 · 주생산품 소프트웨어 개발 · 창업일 2021-07-07,2021-09-06,,중소벤처기업부 창업보육센터 입주기업현황(공공데이터포털),https://www.data.go.kr/data/15122804/fileData.do,
x5165,bi,센터 대구스케일업허브(DASH) · 운영기관 대구광역시 · 개인기업 · 업종 기타서비스업 · 주생산품 Customer Discovery 서비스 · 창업일 2021-10-13,2022-02-03,,중소벤처기업부 창업보육센터 입주기업현황(공공데이터포털),https://www.data.go.kr/data/15122804/fileData.do,
x5166,bi,센터 대구스케일업허브(DASH) · 운영기관 대구광역시 · 법인기업 · 업종 정보처리및컴퓨터관련업 · 주생산품 택시미디어바 · 창업일 2021-03-22,2021-09-06,,중소벤처기업부 창업보육센터 입주기업현황(공공데이터포털),https://www.data.go.kr/data/15122804/fileData.do,
x5167,bi,센터 대구스케일업허브(DASH) · 운영기관 대구광역시 · 법인기업 · 업종 정보처리및컴퓨터관련업 · 주생산품 멀티모달 AI 기반 실시간 CCTV 탐지 서비스 · 창업일 2021-05-03,2025-05-01,,중소벤처기업부 창업보육센터 입주기업현황(공공데이터포털),https://www.data.go.kr/data/15122804/fileData.do,
x5168,bi,센터 대구스케일업허브(DASH) · 운영기관 대구광역시 · 법인기업 · 업종 연구개발/과학서비스업 · 주생산품 응용 소프트웨어개발 · 창업일 2018-11-16,2021-09-13,,중소벤처기업부 창업보육센터 입주기업현황(공공데이터포털),https://www.data.go.kr/data/15122804/fileData.do,
x5169,bi,센터 수성대학교 창업보육센터 · 운영기관 수성대학교 · 법인기업 · 업종 정보처리및컴퓨터관련업 · 주생산품 신뢰데이터 엔티티 연계 ESG-RISK 지수공개 거래플랫폼 · 창업일 2023-01-25,2024-12-10,,중소벤처기업부 창업보육센터 입주기업현황(공공데이터포털),https://www.data.go.kr/data/15122804/fileData.do,
x5170,bi,센터 수성대학교 창업보육센터 · 운영기관 수성대학교 · 개인기업 · 업종 정보처리및컴퓨터관련업 · 주생산품 상세제품군을 소개하는 인테리어플랫폼 · 창업일 2023-04-17,2024-09-30,,중소벤처기업부 창업보육센터 입주기업현황(공공데이터포털),https://www.data.go.kr/data/15122804/fileData.do,
x5171,bi,센터 수성대학교 창업보육센터 · 운영기관 수성대학교 · 개인기업 · 업종 기타서비스업 · 주생산품 병원동행 매니저 교육 및 양성 · 창업일 2025-09-01,2025-11-01,,중소벤처기업부 창업보육센터 입주기업현황(공공데이터포털),https://www.data.go.kr/data/15122804/fileData.do,
x5172,bi,센터 수성대학교 창업보육센터 · 운영기관 수성대학교 · 개인기업 · 업종 기타서비스업 · 주생산품 여성 의류 및 소셜미디어 교육 · 창업일 2022-05-26,2023-03-25,,중소벤처기업부 창업보육센터 입주기업현황(공공데이터포털),https://www.data.go.kr/data/15122804/fileData.do,
x5173,bi,센터 수성대학교 창업보육센터 · 운영기관 수성대학교 · 개인기업 · 업종 정보처리및컴퓨터관련업 · 주생산품 사물 인식 기반의 인지훈련 시스 · 창업일 2022-01-12,2024-07-01,,중소벤처기업부 창업보육센터 입주기업현황(공공데이터포털),https://www.data.go.kr/data/15122804/fileData.do,
x5174,bi,센터 수성대학교 창업보육센터 · 운영기관 수성대학교 · 개인기업 · 업종 정보처리및컴퓨터관련업 · 주생산품 10대 대상 SNS 플랫폼 (HOXY) · 창업일 2023-07-15,2023-10-25,,중소벤처기업부 창업보육센터 입주기업현황(공공데이터포털),https://www.data.go.kr/data/15122804/fileData.do,
x5175,bi,센터 수성대학교 창업보육센터 · 운영기관 수성대학교 · 개인기업 · 업종 생활용품제조업 · 주생산품 치기공 레진에 착안한 LED 글루 · 창업일 2022-09-19,2023-03-06,,중소벤처기업부 창업보육센터 입주기업현황(공공데이터포털),https://www.data.go.kr/data/15122804/fileData.do,
x5176,bi,센터 수성대학교 창업보육센터 · 운영기관 수성대학교 · 개인기업 · 업종 기계/장비제조업 · 주생산품 그물망과 호이스트를 이용한 해파리 제거기 · 창업일 2024-07-10,2024-06-26,,중소벤처기업부 창업보육센터 입주기업현황(공공데이터포털),https://www.data.go.kr/data/15122804/fileData.do,
x5177,bi,센터 수성대학교 창업보육센터 · 운영기관 수성대학교 · 개인기업 · 업종 기계/장비제조업 · 주생산품 방충망 세척기 · 창업일 2024-06-26,2024-12-10,,중소벤처기업부 창업보육센터 입주기업현황(공공데이터포털),https://www.data.go.kr/data/15122804/fileData.do,
x5178,bi,센터 수성대학교 창업보육센터 · 운영기관 수성대학교 · 개인기업 · 업종 생활용품제조업 · 주생산품 재활용 소재의 방초매트 · 창업일 2024-09-26,2025-04-30,,중소벤처기업부 창업보육센터 입주기업현황(공공데이터포털),https://www.data.go.kr/data/15122804/fileData.do,
x5179,bi,센터 수성대학교 창업보육센터 · 운영기관 수성대학교 · 개인기업 · 업종 정보처리및컴퓨터관련업 · 주생산품 중견·중소기업을 위한 클라우드기반 ESG 평가대응·성과관리 플랫폼 · 창업일 2023-03-23,2023-03-20,,중소벤처기업부 창업보육센터 입주기업현황(공공데이터포털),https://www.data.go.kr/data/15122804/fileData.do,
x5180,bi,센터 수성대학교 창업보육센터 · 운영기관 수성대학교 · 법인기업 · 업종 정보처리및컴퓨터관련업 · 주생산품 학원 통합 칭찬포인트 기반 e커머스 · 창업일 2022-08-11,2025-04-14,,중소벤처기업부 창업보육센터 입주기업현황(공공데이터포털),https://www.data.go.kr/data/15122804/fileData.do,
x5181,bi,센터 수성대학교 창업보육센터 · 운영기관 수성대학교 · 법인기업 · 업종 정보처리및컴퓨터관련업 · 주생산품 소상공인 인테리어 보수관리 플랫폼 · 창업일 2024-01-12,2024-12-09,,중소벤처기업부 창업보육센터 입주기업현황(공공데이터포털),https://www.data.go.kr/data/15122804/fileData.do,
x5182,bi,센터 수성대학교 창업보육센터 · 운영기관 수성대학교 · 개인기업 · 업종 기타서비스업 · 주생산품 k-명상 웹사이트 운영 · 창업일 2025-09-20,2025-11-17,,중소벤처기업부 창업보육센터 입주기업현황(공공데이터포털),https://www.data.go.kr/data/15122804/fileData.do,
x5183,bi,센터 수성대학교 창업보육센터 · 운영기관 수성대학교 · 개인기업 · 업종 기계/장비제조업 · 주생산품 지중열 교환기 구조 개선을 통한 지열냉난방시스템 효율향상제품 · 창업일 2024-11-15,2024-11-07,,중소벤처기업부 창업보육센터 입주기업현황(공공데이터포털),https://www.data.go.kr/data/15122804/fileData.do,
x5184,bi,센터 수성대학교 창업보육센터 · 운영기관 수성대학교 · 개인기업 · 업종 정보처리및컴퓨터관련업 · 주생산품 MR 기술을 활용한 인테리어 플랫폼 · 창업일 2022-12-14,2023-01-11,,중소벤처기업부 창업보육센터 입주기업현황(공공데이터포털),https://www.data.go.kr/data/15122804/fileData.do,
x5185,bi,"센터 수성대학교 창업보육센터 · 운영기관 수성대학교 · 개인기업 · 업종 전자부품등제조업 · 주생산품 배터리, 양극재, 리사이클링 · 창업일 2022-03-11",2025-12-01,,중소벤처기업부 창업보육센터 입주기업현황(공공데이터포털),https://www.data.go.kr/data/15122804/fileData.do,
x5186,bi,센터 영남이공대학교 창업보육센터 · 운영기관 영남이공대학교 · 법인기업 · 업종 정보처리및컴퓨터관련업 · 주생산품 응용소프트웨어 개발 및 공급 · 창업일 2022-07-20,2026-02-01,,중소벤처기업부 창업보육센터 입주기업현황(공공데이터포털),https://www.data.go.kr/data/15122804/fileData.do,
x5187,bi,센터 영남이공대학교 창업보육센터 · 운영기관 영남이공대학교 · 법인기업 · 업종 생활용품제조업 · 주생산품 베타티타늄 안경테 · 창업일 2016-07-15,2019-06-01,,중소벤처기업부 창업보육센터 입주기업현황(공공데이터포털),https://www.data.go.kr/data/15122804/fileData.do,
x5188,bi,센터 영남이공대학교 창업보육센터 · 운영기관 영남이공대학교 · 법인기업 · 업종 정보처리및컴퓨터관련업 · 주생산품 AI교육 및 개발을 위한 컴퓨팅환경 중계서비스 · 창업일 2022-03-08,2023-04-01,,중소벤처기업부 창업보육센터 입주기업현황(공공데이터포털),https://www.data.go.kr/data/15122804/fileData.do,
x5189,bi,센터 영남이공대학교 창업보육센터 · 운영기관 영남이공대학교 · 법인기업 · 업종 연구개발/과학서비스업 · 주생산품 기업 식품원료 및 소재 매매 B2B 플랫폼 · 창업일 2022-12-19,2023-03-01,,중소벤처기업부 창업보육센터 입주기업현황(공공데이터포털),https://www.data.go.kr/data/15122804/fileData.do,
x5190,bi,센터 영남이공대학교 창업보육센터 · 운영기관 영남이공대학교 · 법인기업 · 업종 기타서비스업 · 주생산품 안전 어플리케이션 · 창업일 2024-01-01,2023-11-01,,중소벤처기업부 창업보육센터 입주기업현황(공공데이터포털),https://www.data.go.kr/data/15122804/fileData.do,
x5191,bi,센터 영남이공대학교 창업보육센터 · 운영기관 영남이공대학교 · 개인기업 · 업종 기계/장비제조업 · 주생산품 에어컨 제조 · 창업일 2026-03-09,2026-03-01,,중소벤처기업부 창업보육센터 입주기업현황(공공데이터포털),https://www.data.go.kr/data/15122804/fileData.do,
x5192,bi,센터 영남이공대학교 창업보육센터 · 운영기관 영남이공대학교 · 개인기업 · 업종 기타서비스업 · 주생산품 광고기획대행 / 미디어영상콘텐츠 제작 교육 · 창업일 2020-12-23,2024-12-28,,중소벤처기업부 창업보육센터 입주기업현황(공공데이터포털),https://www.data.go.kr/data/15122804/fileData.do,
x5193,bi,센터 중진공 대구 창업보육센터(Post-BI) · 운영기관 중소벤처기업진흥공단 · 법인기업 · 업종 생활용품제조업 · 주생산품 교육용 교구 · 창업일 2025-05-13,2025-06-01,,중소벤처기업부 창업보육센터 입주기업현황(공공데이터포털),https://www.data.go.kr/data/15122804/fileData.do,
x5194,bi,센터 중진공 대구 창업보육센터(Post-BI) · 운영기관 중소벤처기업진흥공단 · 개인기업 · 업종 정보처리및컴퓨터관련업 · 주생산품 소프트웨어개발 · 창업일 2015-10-20,2019-04-15,,중소벤처기업부 창업보육센터 입주기업현황(공공데이터포털),https://www.data.go.kr/data/15122804/fileData.do,
x5195,bi,센터 중진공 대구 창업보육센터(Post-BI) · 운영기관 중소벤처기업진흥공단 · 개인기업 · 업종 바이오/환경산업 · 주생산품 유해가스 감지 센서 · 창업일 2025-09-07,2025-07-01,,중소벤처기업부 창업보육센터 입주기업현황(공공데이터포털),https://www.data.go.kr/data/15122804/fileData.do,
x5196,bi,센터 중진공 대구 창업보육센터(Post-BI) · 운영기관 중소벤처기업진흥공단 · 개인기업 · 업종 생활용품제조업 · 주생산품 목재 교육용 교구 · 창업일 2023-06-27,2025-08-01,,중소벤처기업부 창업보육센터 입주기업현황(공공데이터포털),https://www.data.go.kr/data/15122804/fileData.do,
x5197,bi,센터 중진공 대구 창업보육센터(Post-BI) · 운영기관 중소벤처기업진흥공단 · 개인기업 · 업종 기계/장비제조업 · 주생산품 자동화기계 · 창업일 2022-01-02,2023-05-01,,중소벤처기업부 창업보육센터 입주기업현황(공공데이터포털),https://www.data.go.kr/data/15122804/fileData.do,
x5198,bi,센터 대구경북중소기업청경북대학교중소기업성장지원센터 · 운영기관 대구경북지방중소벤처기업청 · 개인기업 · 업종 기타서비스업 · 주생산품 디저트 메뉴개발 · 창업일 2020-05-29,2024-04-17,,중소벤처기업부 창업보육센터 입주기업현황(공공데이터포털),https://www.data.go.kr/data/15122804/fileData.do,
x5199,bi,센터 대구경북중소기업청경북대학교중소기업성장지원센터 · 운영기관 대구경북지방중소벤처기업청 · 법인기업 · 업종 기타서비스업 · 주생산품 온라인마케팅 · 창업일 2023-03-23,2023-04-17,,중소벤처기업부 창업보육센터 입주기업현황(공공데이터포털),https://www.data.go.kr/data/15122804/fileData.do,
x5200,bi,센터 대구경북중소기업청경북대학교중소기업성장지원센터 · 운영기관 대구경북지방중소벤처기업청 · 법인기업 · 업종 연구개발/과학서비스업 · 주생산품 교육서비스 · 창업일 2022-12-26,2022-11-01,,중소벤처기업부 창업보육센터 입주기업현황(공공데이터포털),https://www.data.go.kr/data/15122804/fileData.do,
x5201,bi,센터 대구경북중소기업청경북대학교중소기업성장지원센터 · 운영기관 대구경북지방중소벤처기업청 · 법인기업 · 업종 연구개발/과학서비스업 · 주생산품 소스개발 · 창업일 2022-09-27,2022-09-29,,중소벤처기업부 창업보육센터 입주기업현황(공공데이터포털),https://www.data.go.kr/data/15122804/fileData.do,
x5202,bi,센터 대구경북중소기업청경북대학교중소기업성장지원센터 · 운영기관 대구경북지방중소벤처기업청 · 법인기업 · 업종 디자인산업 · 주생산품 시각 디자인업 · 창업일 2024-07-15,2024-05-03,,중소벤처기업부 창업보육센터 입주기업현황(공공데이터포털),https://www.data.go.kr/data/15122804/fileData.do,
x5203,bi,센터 대구경북중소기업청경북대학교중소기업성장지원센터 · 운영기관 대구경북지방중소벤처기업청 · 법인기업 · 업종 기타서비스업 · 주생산품 수출입업 · 창업일 2020-08-14,2024-10-07,,중소벤처기업부 창업보육센터 입주기업현황(공공데이터포털),https://www.data.go.kr/data/15122804/fileData.do,
x5204,bi,센터 대구경북중소기업청경북대학교중소기업성장지원센터 · 운영기관 대구경북지방중소벤처기업청 · 법인기업 · 업종 연구개발/과학서비스업 · 주생산품 AI교 · 창업일 2018-05-18,2018-05-18,,중소벤처기업부 창업보육센터 입주기업현황(공공데이터포털),https://www.data.go.kr/data/15122804/fileData.do,
x5205,bi,센터 대구경북중소기업청경북대학교중소기업성장지원센터 · 운영기관 대구경북지방중소벤처기업청 · 법인기업 · 업종 기타서비스업 · 주생산품 소프트웨어 개발 · 창업일 2024-06-28,2024-05-01,,중소벤처기업부 창업보육센터 입주기업현황(공공데이터포털),https://www.data.go.kr/data/15122804/fileData.do,
x5206,bi,센터 대구경북중소기업청경북대학교중소기업성장지원센터 · 운영기관 대구경북지방중소벤처기업청 · 개인기업 · 업종 전자부품등제조업 · 주생산품 교통 신호장치 제조 · 창업일 2024-05-14,2025-05-19,,중소벤처기업부 창업보육센터 입주기업현황(공공데이터포털),https://www.data.go.kr/data/15122804/fileData.do,
