corp_code,name,year,inv_name,purpose,first_acq_date,end_qty,end_share_pct,end_book_amount,inv_total_assets,inv_net_income,rcept_no,source_url,as_of
00102353,경창산업(주),2025,(주)채널에이,단순투자,2011.03.22,"60,000",0.07,"220,000,000","337,273,000,000","7,852,000,000",20260323000235,https://dart.fss.or.kr/dsaf001/main.do?rcpNo=20260323000235,2026-10-05
00102353,경창산업(주),2025,"KC USA, INC.",경영참여,2023.01.09,"190,000,000",100.00,"24,570,000,000","26,348,000,000","133,000,000",20260323000235,https://dart.fss.or.kr/dsaf001/main.do?rcpNo=20260323000235,2026-10-05
00102353,경창산업(주),2025,KCW(주),경영참여,1988.07.01,"5,310,000",97.62,,"3,112,000,000","416,000,000",20260323000235,https://dart.fss.or.kr/dsaf001/main.do?rcpNo=20260323000235,2026-10-05
00102353,경창산업(주),2025,경창과기(강음)유한공사,경영참여,2012.03.29,,33.11,,"5,997,000,000","-158,000,000",20260323000235,https://dart.fss.or.kr/dsaf001/main.do?rcpNo=20260323000235,2026-10-05
00102353,경창산업(주),2025,경창정공(주),경영참여,2001.10.24,"244,000",40.80,"4,182,000,000","60,177,000,000","459,000,000",20260323000235,https://dart.fss.or.kr/dsaf001/main.do?rcpNo=20260323000235,2026-10-05
00102353,경창산업(주),2025,한국자동차산업협동조합,단순투자,1977.09.23,"13,000",0.23,"1,000,000","12,200,000,000","152,000,000",20260323000235,https://dart.fss.or.kr/dsaf001/main.do?rcpNo=20260323000235,2026-10-05
00107224,(주)남선알미늄,2025,(주)우방,경영참여,2007.11.22,"1,327,700",21,"72,509,897,000","705,659,387,000","-1,649,072,000",20260323001569,https://dart.fss.or.kr/dsaf001/main.do?rcpNo=20260323001569,2026-10-05
00107224,(주)남선알미늄,2025,에스엠인더스트리(주),경영참여,2012.04.25,"1,075,286",25,"109,718,128,000","737,506,847,000","25,540,874,000",20260323001569,https://dart.fss.or.kr/dsaf001/main.do?rcpNo=20260323001569,2026-10-05
00107224,(주)남선알미늄,2025,에스엠하이플러스(주),장기투자증권,2015.04.30,"91,270",3,"19,428,827,000","1,130,455,804,000","-162,063,774,000",20260323001569,https://dart.fss.or.kr/dsaf001/main.do?rcpNo=20260323001569,2026-10-05
00107224,(주)남선알미늄,2025,전문건설공제조합,장기투자증권,1988.05.01,200,,"190,259,000",,,20260323001569,https://dart.fss.or.kr/dsaf001/main.do?rcpNo=20260323001569,2026-10-05
00107613,(주)이수페타시스,2025,ISU Petasys Asia Limited,경영권 참가,2013.11.05,"720,647,089",99.60,"38,280,749,000","112,572,215,000","16,462,286,000",20260323000847,https://dart.fss.or.kr/dsaf001/main.do?rcpNo=20260323000847,2026-10-05
00107613,(주)이수페타시스,2025,ISU Petasys Corp,경영권 참가,2002.05.21,"612,760",100.00,"56,016,654,000","52,408,255,000","1,515,383,000",20260323000847,https://dart.fss.or.kr/dsaf001/main.do?rcpNo=20260323000847,2026-10-05
00107613,(주)이수페타시스,2025,ISU-AJ스포츠 투자조합 출자,투자목적,2018.11.07,10,6.25,"582,148,000","14,284,061,000","281,813,000",20260323000847,https://dart.fss.or.kr/dsaf001/main.do?rcpNo=20260323000847,2026-10-05
00107613,(주)이수페타시스,2025,"ISU-APEX CO.,LTD.",경영권 참가,2025.03.17,"86,700",85.00,"3,959,073,000",,,20260323000847,https://dart.fss.or.kr/dsaf001/main.do?rcpNo=20260323000847,2026-10-05
00107613,(주)이수페타시스,2025,그래비티일반사모부동산투자신탁 제11호,투자목적,2025.02.14,"30,000,000,000",27.27,"26,499,794,000",,,20260323000847,https://dart.fss.or.kr/dsaf001/main.do?rcpNo=20260323000847,2026-10-05
00107613,(주)이수페타시스,2025,그래비티일반사모부동산투자신탁 제24호,투자목적,2025.06.27,"19,524,439",99.99,"19,130,356,000",,,20260323000847,https://dart.fss.or.kr/dsaf001/main.do?rcpNo=20260323000847,2026-10-05
00107613,(주)이수페타시스,2025,대구 이수-에코 에이비비 투자조합 출자,투자목적,2023.08.08,"2,175",24.20,"2,008,870,000","5,604,138,000","293,826,000",20260323000847,https://dart.fss.or.kr/dsaf001/main.do?rcpNo=20260323000847,2026-10-05
00107613,(주)이수페타시스,2025,마이크로투나노(*),투자목적,2000.12.19,"110,590",1.87,"907,944,000","52,739,290,000","-7,860,261,000",20260323000847,https://dart.fss.or.kr/dsaf001/main.do?rcpNo=20260323000847,2026-10-05
00107613,(주)이수페타시스,2025,이수세컨더리1호투자조합 출자,투자목적,2016.10.18,450,49.20,"336,922,000","679,901,000","2,374,000",20260323000847,https://dart.fss.or.kr/dsaf001/main.do?rcpNo=20260323000847,2026-10-05
00108940,대성홀딩스(주),2025,(주)나라비전,단순투자,1999.09.22,"730,000",15,,"9,546,000,000","-303,000,000",20260319000799,https://dart.fss.or.kr/dsaf001/main.do?rcpNo=20260319000799,2026-10-05
00108940,대성홀딩스(주),2025,(주)달바글로벌,단순투자,2024.11.12,"4,000",,"659,000,000","257,811,000,000","58,567,000,000",20260319000799,https://dart.fss.or.kr/dsaf001/main.do?rcpNo=20260319000799,2026-10-05
00108940,대성홀딩스(주),2025,(주)대구시민프로축구단,단순투자,2001.10.31,"100,000",3,"150,000,000","15,389,000,000","2,606,000,000",20260319000799,https://dart.fss.or.kr/dsaf001/main.do?rcpNo=20260319000799,2026-10-05
00108940,대성홀딩스(주),2025,(주)밸런스히어로,단순투자,2022.12.20,"21,000",1,"1,168,000,000","221,115,000,000","-8,114,000,000",20260319000799,https://dart.fss.or.kr/dsaf001/main.do?rcpNo=20260319000799,2026-10-05
00108940,대성홀딩스(주),2025,(주)비아이지,단순투자,2002.12.04,"21,000",13,"249,000,000","3,197,000,000","-151,000,000",20260319000799,https://dart.fss.or.kr/dsaf001/main.do?rcpNo=20260319000799,2026-10-05
00108940,대성홀딩스(주),2025,(주)아이엠지티,단순투자,2020.11.27,"24,000",,"490,000,000","5,753,000,000","-11,235,000,000",20260319000799,https://dart.fss.or.kr/dsaf001/main.do?rcpNo=20260319000799,2026-10-05
00108940,대성홀딩스(주),2025,(주)조선방송,단순투자,2011.02.28,"200,000",,"1,529,000,000","501,558,000,000","36,293,000,000",20260319000799,https://dart.fss.or.kr/dsaf001/main.do?rcpNo=20260319000799,2026-10-05
00108940,대성홀딩스(주),2025,(주)코모텍,단순투자,2000.12.19,"8,000",4,"100,000,000","32,135,000,000","1,129,000,000",20260319000799,https://dart.fss.or.kr/dsaf001/main.do?rcpNo=20260319000799,2026-10-05
00108940,대성홀딩스(주),2025,(주)티브이조선미디어렙,단순투자,2014.03.10,"120,000",14,"285,000,000","67,833,000,000","-485,000,000",20260319000799,https://dart.fss.or.kr/dsaf001/main.do?rcpNo=20260319000799,2026-10-05
00108940,대성홀딩스(주),2025,Daesung America Inc,경영참여,2009.06.01,"180,000",39,"254,000,000","4,268,000,000","-28,000,000",20260319000799,https://dart.fss.or.kr/dsaf001/main.do?rcpNo=20260319000799,2026-10-05
00108940,대성홀딩스(주),2025,"IBK-대성 위풍당당 강소콘텐츠
코리아투자조합",조합출자,2016.07.14,,,,,,20260319000799,https://dart.fss.or.kr/dsaf001/main.do?rcpNo=20260319000799,2026-10-05
00108940,대성홀딩스(주),2025,K-Innovation 수산전문투자조합,조합출자,2016.09.12,,15,"573,000,000","5,021,000,000","123,000,000",20260319000799,https://dart.fss.or.kr/dsaf001/main.do?rcpNo=20260319000799,2026-10-05
00108940,대성홀딩스(주),2025,Qualcomm Inc,단순투자,2009.06.01,"11,000",,"2,737,000,000",,,20260319000799,https://dart.fss.or.kr/dsaf001/main.do?rcpNo=20260319000799,2026-10-05
00108940,대성홀딩스(주),2025,기계설비건설공제조합,단순투자,2023.12.15,,,"41,000,000",,,20260319000799,https://dart.fss.or.kr/dsaf001/main.do?rcpNo=20260319000799,2026-10-05
00108940,대성홀딩스(주),2025,농식품 스텝업 투자조합,조합출자,2020.09.11,,16,"2,191,000,000","14,116,000,000","-832,000,000",20260319000799,https://dart.fss.or.kr/dsaf001/main.do?rcpNo=20260319000799,2026-10-05
00108940,대성홀딩스(주),2025,대구그린파워(주),단순투자,2010.05.04,"1,454,000",5,"5,852,000,000","493,824,000,000","7,110,000,000",20260319000799,https://dart.fss.or.kr/dsaf001/main.do?rcpNo=20260319000799,2026-10-05
00108940,대성홀딩스(주),2025,대성 W-Jump up 투자조합,조합출자,2020.03.09,,38,"2,537,000,000","6,848,000,000","-752,000,000",20260319000799,https://dart.fss.or.kr/dsaf001/main.do?rcpNo=20260319000799,2026-10-05
00108940,대성홀딩스(주),2025,대성 굿무비 투자조합,조합출자,2018.10.24,,6,"453,000,000","7,704,000,000","121,000,000",20260319000799,https://dart.fss.or.kr/dsaf001/main.do?rcpNo=20260319000799,2026-10-05
00108940,대성홀딩스(주),2025,대성 글로벌위너 청년창업 투자조합,조합출자,2017.12.15,,37,"1,738,000,000","4,913,000,000","-1,051,000,000",20260319000799,https://dart.fss.or.kr/dsaf001/main.do?rcpNo=20260319000799,2026-10-05
00108940,대성홀딩스(주),2025,대성 따뜻한 임팩트 투자조합,조합출자,2019.07.26,,30,"4,841,000,000","16,429,000,000","2,513,000,000",20260319000799,https://dart.fss.or.kr/dsaf001/main.do?rcpNo=20260319000799,2026-10-05
00108940,대성홀딩스(주),2025,대성 메타버스 스케일업 투자조합,조합출자,2022.12.09,,39,"32,596,000,000","83,847,000,000","-1,820,000,000",20260319000799,https://dart.fss.or.kr/dsaf001/main.do?rcpNo=20260319000799,2026-10-05
00108940,대성홀딩스(주),2025,대성 블라썸 일자리 투자조합,조합출자,2018.10.24,,24,"4,695,000,000","20,203,000,000","2,266,000,000",20260319000799,https://dart.fss.or.kr/dsaf001/main.do?rcpNo=20260319000799,2026-10-05
00108940,대성홀딩스(주),2025,대성 세컨더리 투자조합 2호,조합출자,2025.12.24,,32,"1,895,000,000","6,001,000,000","-15,000,000",20260319000799,https://dart.fss.or.kr/dsaf001/main.do?rcpNo=20260319000799,2026-10-05
00108940,대성홀딩스(주),2025,대성 투게더 청년창업 투자조합,조합출자,2022.09.02,,34,"7,703,000,000","23,017,000,000","-904,000,000",20260319000799,https://dart.fss.or.kr/dsaf001/main.do?rcpNo=20260319000799,2026-10-05
00108940,대성홀딩스(주),2025,대성글로벌네트웍(주),경영참여,2003.06.18,"1,477,000",100,"4,978,000,000","14,764,000,000","765,000,000",20260319000799,https://dart.fss.or.kr/dsaf001/main.do?rcpNo=20260319000799,2026-10-05
00108940,대성홀딩스(주),2025,대성에너지(주),경영참여,2009.10.01,"19,600,000",71,"163,716,000,000","791,257,000,000","19,630,000,000",20260319000799,https://dart.fss.or.kr/dsaf001/main.do?rcpNo=20260319000799,2026-10-05
00108940,대성홀딩스(주),2025,대성에너지제1서비스센터(주),경영참여,2019.04.10,,,,,,20260319000799,https://dart.fss.or.kr/dsaf001/main.do?rcpNo=20260319000799,2026-10-05
00108940,대성홀딩스(주),2025,대성에너지제2서비스센터(주),경영참여,2019.04.10,,,,,,20260319000799,https://dart.fss.or.kr/dsaf001/main.do?rcpNo=20260319000799,2026-10-05
00108940,대성홀딩스(주),2025,대성에너지제3서비스센터(주),경영참여,2019.04.10,,,,,,20260319000799,https://dart.fss.or.kr/dsaf001/main.do?rcpNo=20260319000799,2026-10-05
00108940,대성홀딩스(주),2025,대성에너지제5서비스(주),경영참여,2018.04.20,,,,,,20260319000799,https://dart.fss.or.kr/dsaf001/main.do?rcpNo=20260319000799,2026-10-05
00108940,대성홀딩스(주),2025,대성에너지제6서비스(주),경영참여,2018.04.20,,,,,,20260319000799,https://dart.fss.or.kr/dsaf001/main.do?rcpNo=20260319000799,2026-10-05
00108940,대성홀딩스(주),2025,대성에너지제7서비스(주),경영참여,2018.04.20,,,,,,20260319000799,https://dart.fss.or.kr/dsaf001/main.do?rcpNo=20260319000799,2026-10-05
00108940,대성홀딩스(주),2025,대성이앤씨(주),경영참여,2010.12.27,"1,024,000",100,"3,856,000,000","4,809,000,000","-137,000,000",20260319000799,https://dart.fss.or.kr/dsaf001/main.do?rcpNo=20260319000799,2026-10-05
00108940,대성홀딩스(주),2025,대성창업투자(주),경영참여,2002.06.04,"26,264,000",49,"32,247,000,000","99,627,000,000","314,000,000",20260319000799,https://dart.fss.or.kr/dsaf001/main.do?rcpNo=20260319000799,2026-10-05
00108940,대성홀딩스(주),2025,대성청정에너지(주),경영참여,2010.09.08,"1,200,000",100,"41,590,000,000","123,591,000,000","5,963,000,000",20260319000799,https://dart.fss.or.kr/dsaf001/main.do?rcpNo=20260319000799,2026-10-05
00108940,대성홀딩스(주),2025,대성환경에너지(주),경영참여,2004.05.31,"953,000",71,"9,154,000,000","23,580,000,000","-1,498,000,000",20260319000799,https://dart.fss.or.kr/dsaf001/main.do?rcpNo=20260319000799,2026-10-05
00108940,대성홀딩스(주),2025,동양레저(주),단순투자,2014.09.11,"16,000",,"373,000,000","91,812,000,000","9,645,000,000",20260319000799,https://dart.fss.or.kr/dsaf001/main.do?rcpNo=20260319000799,2026-10-05
00108940,대성홀딩스(주),2025,서울도시가스,단순투자,2009.06.01,"660,000",13,"41,382,000,000","1,765,962,000,000","34,322,000,000",20260319000799,https://dart.fss.or.kr/dsaf001/main.do?rcpNo=20260319000799,2026-10-05
00108940,대성홀딩스(주),2025,스마트 씨제이-대성 메타버스 투자조합,조합출자,2021.07.29,,20,"2,185,000,000","11,165,000,000","-917,000,000",20260319000799,https://dart.fss.or.kr/dsaf001/main.do?rcpNo=20260319000799,2026-10-05
00108940,대성홀딩스(주),2025,식신(주),단순투자,2016.09.23,"145,000",2,"797,000,000","8,192,000,000","-1,510,000,000",20260319000799,https://dart.fss.or.kr/dsaf001/main.do?rcpNo=20260319000799,2026-10-05
00108940,대성홀딩스(주),2025,신한은행-대성 문화콘텐츠 투자조합,조합출자,2016.12.28,,,,,,20260319000799,https://dart.fss.or.kr/dsaf001/main.do?rcpNo=20260319000799,2026-10-05
00108940,대성홀딩스(주),2025,아주하이텍(주),단순투자,1999.07.31,"727,000",15,,"2,290,000,000","-2,433,000,000",20260319000799,https://dart.fss.or.kr/dsaf001/main.do?rcpNo=20260319000799,2026-10-05
00108940,대성홀딩스(주),2025,영호남 지역균형발전 특구펀드,조합출자,2020.12.28,,21,"3,586,000,000","17,686,000,000","-328,000,000",20260319000799,https://dart.fss.or.kr/dsaf001/main.do?rcpNo=20260319000799,2026-10-05
00108940,대성홀딩스(주),2025,유진기업인수목적9호 주식회사,단순투자,2022.08.18,,,,,,20260319000799,https://dart.fss.or.kr/dsaf001/main.do?rcpNo=20260319000799,2026-10-05
00108940,대성홀딩스(주),2025,전기공사공제조합,단순투자,2002.06.20,,,,,,20260319000799,https://dart.fss.or.kr/dsaf001/main.do?rcpNo=20260319000799,2026-10-05
00108940,대성홀딩스(주),2025,정보통신공제조합,단순투자,2009.06.01,,,"20,000,000",,,20260319000799,https://dart.fss.or.kr/dsaf001/main.do?rcpNo=20260319000799,2026-10-05
00108940,대성홀딩스(주),2025,청운신용협동조합,단순투자,1997.10.28,"100,000",1,"146,000,000",,,20260319000799,https://dart.fss.or.kr/dsaf001/main.do?rcpNo=20260319000799,2026-10-05
00108940,대성홀딩스(주),2025,케이디비 대성-HGI 그린 임팩트 투자조합,조합출자,2021.05.27,,10,"3,888,000,000","41,521,000,000","-3,397,000,000",20260319000799,https://dart.fss.or.kr/dsaf001/main.do?rcpNo=20260319000799,2026-10-05
00108977,(주)대구백화점,2025,(주)그린바이오텍,투자,2002.09.30,"15,791",3.08,,"209,000,000","45,000,000",20260323000628,https://dart.fss.or.kr/dsaf001/main.do?rcpNo=20260323000628,2026-10-05
00108977,(주)대구백화점,2025,(주)대백저축은행,투자,1986.06.27,,,,,,20260323000628,https://dart.fss.or.kr/dsaf001/main.do?rcpNo=20260323000628,2026-10-05
00108977,(주)대구백화점,2025,(주)엑스코,투자,1995.04.08,"189,818",0.43,"949,000,000","244,909,000,000","2,750,000,000",20260323000628,https://dart.fss.or.kr/dsaf001/main.do?rcpNo=20260323000628,2026-10-05
00108977,(주)대구백화점,2025,기업구조조정 1호,투자,2002.02.20,,3.70,,,,20260323000628,https://dart.fss.or.kr/dsaf001/main.do?rcpNo=20260323000628,2026-10-05
00108977,(주)대구백화점,2025,대구시민프로축구단,투자,2002.02.20,"20,000",0.61,,"15,389,000,000","2,601,000,000",20260323000628,https://dart.fss.or.kr/dsaf001/main.do?rcpNo=20260323000628,2026-10-05
00109019,주식회사 아이엠뱅크,2025,(주)국민행복기금,일반투자,2009.01.05,"5,801",0.79,"4,616,000,000","414,327,000,000","160,281,000,000",20260318001111,https://dart.fss.or.kr/dsaf001/main.do?rcpNo=20260318001111,2026-10-05
00109019,주식회사 아이엠뱅크,2025,(주)우방,일반투자,2011.11.25,"21,817",0.34,"472,000,000","728,517,000,000","-68,862,000,000",20260318001111,https://dart.fss.or.kr/dsaf001/main.do?rcpNo=20260318001111,2026-10-05
00109019,주식회사 아이엠뱅크,2025,2021큐씨피제15호 사모투자합자회사,단순투자,2022.07.19,"18,224,000,000",4.92,"18,224,000,000","345,913,000,000","17,921,000,000",20260318001111,https://dart.fss.or.kr/dsaf001/main.do?rcpNo=20260318001111,2026-10-05
00109019,주식회사 아이엠뱅크,2025,2024큐씨피16호 사모투자합자회사,단순투자,2025.07.02,"1,212,000,000",6.67,"1,193,000,000",,,20260318001111,https://dart.fss.or.kr/dsaf001/main.do?rcpNo=20260318001111,2026-10-05
00109019,주식회사 아이엠뱅크,2025,DGB드림걸스벤처투자조합,단순투자,2021.09.01,"3,000",11.54,"2,063,000,000","18,255,000,000","-5,575,000,000",20260318001111,https://dart.fss.or.kr/dsaf001/main.do?rcpNo=20260318001111,2026-10-05
00109019,주식회사 아이엠뱅크,2025,HD현대마린엔진,일반투자,2015.03.31,"57,163",0.17,"5,116,000,000","494,963,000,000","75,775,000,000",20260318001111,https://dart.fss.or.kr/dsaf001/main.do?rcpNo=20260318001111,2026-10-05
00109019,주식회사 아이엠뱅크,2025,IBK-컴퍼니케이 혁신성장펀드,단순투자,2023.07.12,"4,450",3.79,"6,228,000,000","81,729,000,000","-1,799,000,000",20260318001111,https://dart.fss.or.kr/dsaf001/main.do?rcpNo=20260318001111,2026-10-05
00109019,주식회사 아이엠뱅크,2025,IMM Growth 벤처펀드 제1-2호,단순투자,2022.04.21,"2,500",14.29,"1,302,000,000","17,399,000,000","-154,000,000",20260318001111,https://dart.fss.or.kr/dsaf001/main.do?rcpNo=20260318001111,2026-10-05
00109019,주식회사 아이엠뱅크,2025,KDBC-AVES M&A사모투자,단순투자,2021.07.13,"2,300,168,473",3.00,"2,021,000,000","75,802,000,000","734,000,000",20260318001111,https://dart.fss.or.kr/dsaf001/main.do?rcpNo=20260318001111,2026-10-05
00109019,주식회사 아이엠뱅크,2025,KTBN 18호 벤처투자조합,단순투자,2020.12.30,"4,500",1.78,"3,934,000,000","231,900,000,000","-23,779,000,000",20260318001111,https://dart.fss.or.kr/dsaf001/main.do?rcpNo=20260318001111,2026-10-05
00109019,주식회사 아이엠뱅크,2025,QCP신기술투자조합 28호,단순투자,2024.02.23,"3,144,937,314",11.94,"3,155,000,000","6,199,000,000","-484,000,000",20260318001111,https://dart.fss.or.kr/dsaf001/main.do?rcpNo=20260318001111,2026-10-05
00109019,주식회사 아이엠뱅크,2025,㈜구수산민간공원PFV,단순투자,2019.12.18,"50,000",10.00,"656,000,000","79,327,000,000","-380,000,000",20260318001111,https://dart.fss.or.kr/dsaf001/main.do?rcpNo=20260318001111,2026-10-05
00109019,주식회사 아이엠뱅크,2025,㈜브라보비버대구,일반투자,2024.01.10,"9,000",9.12,"74,000,000","1,184,000,000","36,000,000",20260318001111,https://dart.fss.or.kr/dsaf001/main.do?rcpNo=20260318001111,2026-10-05
00109019,주식회사 아이엠뱅크,2025,㈜인피닛블록,일반투자,2022.08.12,"256,000",14.95,"819,000,000","1,625,000,000","-68,000,000",20260318001111,https://dart.fss.or.kr/dsaf001/main.do?rcpNo=20260318001111,2026-10-05
00109019,주식회사 아이엠뱅크,2025,㈜하스파파,일반투자,2024.01.10,300,15.00,"3,000,000",,,20260318001111,https://dart.fss.or.kr/dsaf001/main.do?rcpNo=20260318001111,2026-10-05
00109019,주식회사 아이엠뱅크,2025,경북·전남 지역혁신 벤처펀드,단순투자,2024.12.27,680,3.30,"681,000,000","10,302,000,000",,20260318001111,https://dart.fss.or.kr/dsaf001/main.do?rcpNo=20260318001111,2026-10-05
00109019,주식회사 아이엠뱅크,2025,경북통상,경영참여,1994.09.08,"97,351",11.73,"1,009,000,000","26,450,000,000","618,000,000",20260318001111,https://dart.fss.or.kr/dsaf001/main.do?rcpNo=20260318001111,2026-10-05
00109019,주식회사 아이엠뱅크,2025,경주SMC 주식회사,단순투자,2006.09.20,"297,528",13.62,"1,160,000,000","41,029,000,000","195,000,000",20260318001111,https://dart.fss.or.kr/dsaf001/main.do?rcpNo=20260318001111,2026-10-05
00109019,주식회사 아이엠뱅크,2025,경주신라컨트리클럽,일반투자,2000.03.13,3,0.10,"474,000,000","106,642,000,000","1,024,000,000",20260318001111,https://dart.fss.or.kr/dsaf001/main.do?rcpNo=20260318001111,2026-10-05
00109019,주식회사 아이엠뱅크,2025,그래비티피씨에이치 사모투자합자회사,단순투자,2023.05.17,"5,000,000,000",4.55,"4,769,000,000","106,498,000,000","1,621,000,000",20260318001111,https://dart.fss.or.kr/dsaf001/main.do?rcpNo=20260318001111,2026-10-05
00109019,주식회사 아이엠뱅크,2025,글랜우드크레딧제3호사모투자,단순투자,2022.12.23,"5,000,000,000",2.85,"5,215,000,000","175,595,000,000","5,022,000,000",20260318001111,https://dart.fss.or.kr/dsaf001/main.do?rcpNo=20260318001111,2026-10-05
00109019,주식회사 아이엠뱅크,2025,글랜우드크레딧코리아 제일호 사모투자합자회사,단순투자,2025.03.19,"1,161,150,260",0.86,"1,270,000,000",,,20260318001111,https://dart.fss.or.kr/dsaf001/main.do?rcpNo=20260318001111,2026-10-05
00109019,주식회사 아이엠뱅크,2025,금호건설,일반투자,2012.03.06,"47,401",0.13,"189,000,000","1,552,771,000,000","-223,467,000,000",20260318001111,https://dart.fss.or.kr/dsaf001/main.do?rcpNo=20260318001111,2026-10-05
00109019,주식회사 아이엠뱅크,2025,기술혁신전문G&G펀드1호,단순투자,2020.09.28,"1,237",2.21,"1,108,000,000","55,495,000,000","-550,000,000",20260318001111,https://dart.fss.or.kr/dsaf001/main.do?rcpNo=20260318001111,2026-10-05
00109019,주식회사 아이엠뱅크,2025,남산교육문화(주),단순투자,2007.09.17,"29,505",15.00,"431,000,000","9,699,000,000","90,000,000",20260318001111,https://dart.fss.or.kr/dsaf001/main.do?rcpNo=20260318001111,2026-10-05
00109019,주식회사 아이엠뱅크,2025,남양강진씨앤지(주),단순투자,2006.05.22,"52,000",14.99,"157,000,000","13,159,000,000","-36,000,000",20260318001111,https://dart.fss.or.kr/dsaf001/main.do?rcpNo=20260318001111,2026-10-05
00109019,주식회사 아이엠뱅크,2025,늘푸른경기배움터,단순투자,2006.09.27,"138,330",15.00,"656,000,000","13,307,000,000","-117,000,000",20260318001111,https://dart.fss.or.kr/dsaf001/main.do?rcpNo=20260318001111,2026-10-05
00109019,주식회사 아이엠뱅크,2025,늘푸른캠퍼스,단순투자,2007.04.27,"134,880",15.00,"618,000,000","15,627,000,000","-38,000,000",20260318001111,https://dart.fss.or.kr/dsaf001/main.do?rcpNo=20260318001111,2026-10-05
00109019,주식회사 아이엠뱅크,2025,달빛 혁신창업-성장지원펀드,단순투자,2019.09.06,225,10.00,"1,824,000,000","18,229,000,000","-1,227,000,000",20260318001111,https://dart.fss.or.kr/dsaf001/main.do?rcpNo=20260318001111,2026-10-05
00109019,주식회사 아이엠뱅크,2025,대경인베스트먼트,일반투자,2006.11.09,"300,000",15.00,"6,890,000,000","27,729,000,000","-1,368,000,000",20260318001111,https://dart.fss.or.kr/dsaf001/main.do?rcpNo=20260318001111,2026-10-05
00109019,주식회사 아이엠뱅크,2025,대경지역 고도기술창업기업 제2호,단순투자,2021.11.25,500,12.50,"444,000,000","3,669,000,000","-109,000,000",20260318001111,https://dart.fss.or.kr/dsaf001/main.do?rcpNo=20260318001111,2026-10-05
00109019,주식회사 아이엠뱅크,2025,대구 이수-에코 에이비비(ABB) 벤처투자조합,단순투자,2023.08.08,375,4.17,"370,000,000","5,604,000,000","-293,000,000",20260318001111,https://dart.fss.or.kr/dsaf001/main.do?rcpNo=20260318001111,2026-10-05
00109019,주식회사 아이엠뱅크,2025,대구드림교육,단순투자,2008.06.24,"9,988,776",14.94,"619,000,000","17,693,000,000","-227,000,000",20260318001111,https://dart.fss.or.kr/dsaf001/main.do?rcpNo=20260318001111,2026-10-05
00109019,주식회사 아이엠뱅크,2025,대구시-아이비피 ABB성장투자1호조합,단순투자,2022.11.11,585,4.27,"566,000,000","15,546,000,000","285,000,000",20260318001111,https://dart.fss.or.kr/dsaf001/main.do?rcpNo=20260318001111,2026-10-05
00109019,주식회사 아이엠뱅크,2025,대구시민프로축구단,경영참여,2002.09.30,"300,000",9.20,"230,000,000","15,389,000,000","2,606,000,000",20260318001111,https://dart.fss.or.kr/dsaf001/main.do?rcpNo=20260318001111,2026-10-05
00109019,주식회사 아이엠뱅크,2025,덴티스트리홀딩스2023 사모투자합자회사,단순투자,2023.06.28,"4,658,831,012",3.23,"4,562,000,000","139,695,000,000","-1,157,000,000",20260318001111,https://dart.fss.or.kr/dsaf001/main.do?rcpNo=20260318001111,2026-10-05
00109019,주식회사 아이엠뱅크,2025,동양건설산업,일반투자,2015.05.22,"2,012",0.07,"422,000,000","875,320,000,000","24,000,000",20260318001111,https://dart.fss.or.kr/dsaf001/main.do?rcpNo=20260318001111,2026-10-05
00109019,주식회사 아이엠뱅크,2025,드림팜 신기술사업투자조합제1호,단순투자,2022.09.23,"3,000",14.79,"116,000,000","19,424,000,000","-364,000,000",20260318001111,https://dart.fss.or.kr/dsaf001/main.do?rcpNo=20260318001111,2026-10-05
00109019,주식회사 아이엠뱅크,2025,디에스씨 세컨더리 패키지 인수펀드 제1호,단순투자,2024.04.30,"7,682",3.33,"8,330,000,000","117,225,000,000","-133,000,000",20260318001111,https://dart.fss.or.kr/dsaf001/main.do?rcpNo=20260318001111,2026-10-05
00109019,주식회사 아이엠뱅크,2025,디에스씨홈런펀드제2호,단순투자,2025.09.11,"2,000",3.52,"2,605,000,000",,,20260318001111,https://dart.fss.or.kr/dsaf001/main.do?rcpNo=20260318001111,2026-10-05
00109019,주식회사 아이엠뱅크,2025,레이크브릿지 제팔호 사모투자합자회사,단순투자,2024.05.09,"4,000,000,000",15.00,"3,637,000,000","26,255,000,000","-414,000,000",20260318001111,https://dart.fss.or.kr/dsaf001/main.do?rcpNo=20260318001111,2026-10-05
00109019,주식회사 아이엠뱅크,2025,르네 사모투자합자회사,단순투자,2021.12.14,"600,000",12.63,"28,000,000","10,175,000,000","5,660,000,000",20260318001111,https://dart.fss.or.kr/dsaf001/main.do?rcpNo=20260318001111,2026-10-05
00109019,주식회사 아이엠뱅크,2025,리얼맥코이제이호사모투자,단순투자,2022.06.03,"1,500,000,000",14.56,"1,472,000,000","10,064,000,000","-60,000,000",20260318001111,https://dart.fss.or.kr/dsaf001/main.do?rcpNo=20260318001111,2026-10-05
00109019,주식회사 아이엠뱅크,2025,마이다스제8호사모투자합자회사,단순투자,2021.11.30,"5,700,000,000",8.55,"6,223,000,000","64,156,000,000","962,000,000",20260318001111,https://dart.fss.or.kr/dsaf001/main.do?rcpNo=20260318001111,2026-10-05
00109019,주식회사 아이엠뱅크,2025,메디치 IBKC 세컨더리 투자조합 2호,단순투자,2022.04.20,"4,356",12.00,"4,168,000,000","38,804,000,000","10,542,000,000",20260318001111,https://dart.fss.or.kr/dsaf001/main.do?rcpNo=20260318001111,2026-10-05
00109019,주식회사 아이엠뱅크,2025,뮤렉스 웨이브 3호 벤처투자조합,단순투자,2022.12.26,"3,485",3.80,"3,349,000,000","66,543,000,000","1,842,000,000",20260318001111,https://dart.fss.or.kr/dsaf001/main.do?rcpNo=20260318001111,2026-10-05
00109019,주식회사 아이엠뱅크,2025,미래교육(주),단순투자,2007.05.03,"122,502",15.00,"871,000,000","18,643,000,000","-187,000,000",20260318001111,https://dart.fss.or.kr/dsaf001/main.do?rcpNo=20260318001111,2026-10-05
00109019,주식회사 아이엠뱅크,2025,베스핀그린케미칼 사모투자합자회사,단순투자,2023.05.22,"3,000,000,000",1.33,"3,098,000,000","181,977,000,000","-41,696,000,000",20260318001111,https://dart.fss.or.kr/dsaf001/main.do?rcpNo=20260318001111,2026-10-05
00109019,주식회사 아이엠뱅크,2025,보고사모투자전문회사,단순투자,2005.10.28,"3,712",2.05,"124,000,000","6,142,000,000","214,000,000",20260318001111,https://dart.fss.or.kr/dsaf001/main.do?rcpNo=20260318001111,2026-10-05
00109019,주식회사 아이엠뱅크,2025,부산미래교육(주),단순투자,2006.07.06,"96,240",14.94,"3,000,000","7,044,000,000","-58,000,000",20260318001111,https://dart.fss.or.kr/dsaf001/main.do?rcpNo=20260318001111,2026-10-05
00109019,주식회사 아이엠뱅크,2025,브이아이지얼터너티브크레딧제3호 사모투자합자회사,단순투자,2025.04.29,"4,075,425,448",4.48,"4,206,000,000",,,20260318001111,https://dart.fss.or.kr/dsaf001/main.do?rcpNo=20260318001111,2026-10-05
00109019,주식회사 아이엠뱅크,2025,브이아이지제사의일호사모투자합자회사,단순투자,2019.06.28,"22,296,202,441",13.83,"27,662,000,000","287,607,000,000","54,752,000,000",20260318001111,https://dart.fss.or.kr/dsaf001/main.do?rcpNo=20260318001111,2026-10-05
00109019,주식회사 아이엠뱅크,2025,브이아이지제삼의일호사모투자합,단순투자,2016.10.31,"12,231,964,215",11.94,"16,047,000,000","245,441,000,000","11,376,000,000",20260318001111,https://dart.fss.or.kr/dsaf001/main.do?rcpNo=20260318001111,2026-10-05
00109019,주식회사 아이엠뱅크,2025,브이아이지제오의일호 사모투자합자회사,단순투자,2024.03.29,"13,767,261,910",8.28,"12,538,000,000","58,484,000,000","-6,349,000,000",20260318001111,https://dart.fss.or.kr/dsaf001/main.do?rcpNo=20260318001111,2026-10-05
00109019,주식회사 아이엠뱅크,2025,브이엘아인슈타인이차 사모투자합자회사,단순투자,2022.06.29,"9,000,000,000",9.71,"9,000,000,000","95,050,000,000","1,312,000,000",20260318001111,https://dart.fss.or.kr/dsaf001/main.do?rcpNo=20260318001111,2026-10-05
00109019,주식회사 아이엠뱅크,2025,비씨카드,일반투자,1991.11.04,"44,000",1.00,"10,636,000,000","5,964,657,000,000","143,265,000,000",20260318001111,https://dart.fss.or.kr/dsaf001/main.do?rcpNo=20260318001111,2026-10-05
00109019,주식회사 아이엠뱅크,2025,비젼사모투자 합자회사,단순투자,2024.04.25,"5,000,000,000",4.13,"5,000,000,000","119,491,000,000","-1,517,000,000",20260318001111,https://dart.fss.or.kr/dsaf001/main.do?rcpNo=20260318001111,2026-10-05
00109019,주식회사 아이엠뱅크,2025,송현청년창업제1호투자조합,일반투자,2014.09.01,,,,"1,709,000,000","-164,000,000",20260318001111,https://dart.fss.or.kr/dsaf001/main.do?rcpNo=20260318001111,2026-10-05
00109019,주식회사 아이엠뱅크,2025,스마트 트랜스링크 벤처투자조합Ⅵ,단순투자,2022.12.02,"4,250",7.69,"3,748,000,000","31,484,000,000","-3,425,000,000",20260318001111,https://dart.fss.or.kr/dsaf001/main.do?rcpNo=20260318001111,2026-10-05
00109019,주식회사 아이엠뱅크,2025,스마트 하이DGB 디지털그린 벤처펀드 2호,단순투자,2022.12.29,"2,835",11.67,"2,810,000,000","17,026,000,000","-757,000,000",20260318001111,https://dart.fss.or.kr/dsaf001/main.do?rcpNo=20260318001111,2026-10-05
00109019,주식회사 아이엠뱅크,2025,스마트DGB디지털그린벤처펀드,단순투자,2021.09.01,"3,825",15.00,"4,129,000,000","23,425,000,000","-2,508,000,000",20260318001111,https://dart.fss.or.kr/dsaf001/main.do?rcpNo=20260318001111,2026-10-05
00109019,주식회사 아이엠뱅크,2025,스마트LSK3호펀드,단순투자,2020.11.27,"3,000",5.45,"2,221,000,000","46,416,000,000","-4,090,000,000",20260318001111,https://dart.fss.or.kr/dsaf001/main.do?rcpNo=20260318001111,2026-10-05
00109019,주식회사 아이엠뱅크,2025,스마트에센셜 사모투자합자회사,단순투자,2025.04.24,"4,239,690,000",4.06,"4,172,000,000",,,20260318001111,https://dart.fss.or.kr/dsaf001/main.do?rcpNo=20260318001111,2026-10-05
00109019,주식회사 아이엠뱅크,2025,스카이레이크 신성장 바이아웃 6호,단순투자,2023.07.21,"8,451,807,597",1.63,"7,786,000,000","487,735,000,000","-10,759,000,000",20260318001111,https://dart.fss.or.kr/dsaf001/main.do?rcpNo=20260318001111,2026-10-05
00109019,주식회사 아이엠뱅크,2025,스카이레이크신성장바이아웃2호,단순투자,2017.02.20,"5,069,904,223",6.03,"6,980,000,000","487,735,000,000","-10,759,000,000",20260318001111,https://dart.fss.or.kr/dsaf001/main.do?rcpNo=20260318001111,2026-10-05
00109019,주식회사 아이엠뱅크,2025,스틱오퍼튜니티제삼호사모투자 합자회사,단순투자,2023.11.21,"5,374,901,200",0.58,"5,558,000,000","656,265,000,000","-22,775,000,000",20260318001111,https://dart.fss.or.kr/dsaf001/main.do?rcpNo=20260318001111,2026-10-05
00109019,주식회사 아이엠뱅크,2025,스틱하이브리드크레딧제1의1호 사모투자합자회사,단순투자,2025.09.25,"2,487,872,230",4.17,"3,046,000,000",,,20260318001111,https://dart.fss.or.kr/dsaf001/main.do?rcpNo=20260318001111,2026-10-05
00109019,주식회사 아이엠뱅크,2025,신한인프라포트폴리오투융자회사,단순투자,2006.09.11,"7,782,605",13.89,"15,530,000,000","119,675,000,000","3,114,000,000",20260318001111,https://dart.fss.or.kr/dsaf001/main.do?rcpNo=20260318001111,2026-10-05
00109019,주식회사 아이엠뱅크,2025,신한휘트린 신기술투자조합 제1호,단순투자,2022.04.28,"2,313,060,960",9.65,"2,318,000,000","26,243,000,000","338,000,000",20260318001111,https://dart.fss.or.kr/dsaf001/main.do?rcpNo=20260318001111,2026-10-05
00109019,주식회사 아이엠뱅크,2025,씨제이 시네마인덱스 제일호 투자조합,단순투자,2022.05.11,,,,"2,877,000,000","-7,114,000,000",20260318001111,https://dart.fss.or.kr/dsaf001/main.do?rcpNo=20260318001111,2026-10-05
00109019,주식회사 아이엠뱅크,2025,아이비케이씨제이앤바이오신기술투자조합,단순투자,2020.12.10,"300,000",4.73,"718,000,000","61,895,000,000","977,000,000",20260318001111,https://dart.fss.or.kr/dsaf001/main.do?rcpNo=20260318001111,2026-10-05
00109019,주식회사 아이엠뱅크,2025,아이엠 농식품 푸드테크 벤처펀드,단순투자,2023.07.18,650,10.00,"607,000,000","4,336,000,000","-176,000,000",20260318001111,https://dart.fss.or.kr/dsaf001/main.do?rcpNo=20260318001111,2026-10-05
00109019,주식회사 아이엠뱅크,2025,아이엠(IM) 뉴노멀 벤처펀드 1호,단순투자,2023.10.31,"2,800",46.67,"2,531,000,000","5,750,000,000","-244,000,000",20260318001111,https://dart.fss.or.kr/dsaf001/main.do?rcpNo=20260318001111,2026-10-05
00109019,주식회사 아이엠뱅크,2025,아이엠-에스제이 세이브어스 벤처펀드,단순투자,2025.05.30,"1,800",12.86,"1,661,000,000",,,20260318001111,https://dart.fss.or.kr/dsaf001/main.do?rcpNo=20260318001111,2026-10-05
00109019,주식회사 아이엠뱅크,2025,아이엠엠 GROWTH 벤처펀드 제2호,단순투자,2024.12.30,"2,000",2.64,"2,182,000,000",,,20260318001111,https://dart.fss.or.kr/dsaf001/main.do?rcpNo=20260318001111,2026-10-05
00109019,주식회사 아이엠뱅크,2025,아이엠엠 Growth 벤처펀드 제1호,단순투자,2021.10.20,"8,510",5.00,"8,845,000,000","176,465,000,000","11,285,000,000",20260318001111,https://dart.fss.or.kr/dsaf001/main.do?rcpNo=20260318001111,2026-10-05
00109019,주식회사 아이엠뱅크,2025,아이엠엠로즈골드2사모투자회사,단순투자,2012.09.03,"4,638,716,097",2.72,"3,971,000,000","183,574,000,000","-35,000,000",20260318001111,https://dart.fss.or.kr/dsaf001/main.do?rcpNo=20260318001111,2026-10-05
00109019,주식회사 아이엠뱅크,2025,아이엠엠로즈골드4사모투자회사,단순투자,2019.04.26,"11,892,950,379",1.15,"16,626,000,000","1,146,872,000,000","237,787,000,000",20260318001111,https://dart.fss.or.kr/dsaf001/main.do?rcpNo=20260318001111,2026-10-05
00109019,주식회사 아이엠뱅크,2025,아이엠엠로즈골드5 사모투자합자회사,단순투자,2023.12.19,"3,490,138,054",0.51,"2,790,000,000","574,756,000,000","-47,062,000,000",20260318001111,https://dart.fss.or.kr/dsaf001/main.do?rcpNo=20260318001111,2026-10-05
00109019,주식회사 아이엠뱅크,2025,아이엠엠크레딧솔루션1호 사모투자합자회사,단순투자,2025.03.27,"2,485,657,819",4.45,"2,473,000,000",,,20260318001111,https://dart.fss.or.kr/dsaf001/main.do?rcpNo=20260318001111,2026-10-05
00109019,주식회사 아이엠뱅크,2025,아이엠엠파이프솔루션3호 사모투자합자회사,단순투자,2025.07.11,"2,662,367,372",4.80,"2,985,000,000",,,20260318001111,https://dart.fss.or.kr/dsaf001/main.do?rcpNo=20260318001111,2026-10-05
00109019,주식회사 아이엠뱅크,2025,아이젠2024제일호 사모투자합자회사,단순투자,2024.03.28,"4,000,000,000",8.58,"3,831,000,000","45,705,000,000","-1,111,000,000",20260318001111,https://dart.fss.or.kr/dsaf001/main.do?rcpNo=20260318001111,2026-10-05
00109019,주식회사 아이엠뱅크,2025,아크루비콘 사모투자 합자회사,단순투자,2022.01.27,"59,845",5.98,"6,000,000","96,559,000,000","-1,059,000,000",20260318001111,https://dart.fss.or.kr/dsaf001/main.do?rcpNo=20260318001111,2026-10-05
00109019,주식회사 아이엠뱅크,2025,아크앤파트너스레드제일의일호사모투자 합자회사,단순투자,2024.09.06,"4,776,473,261",9.68,"4,749,000,000","21,378,000,000","-808,000,000",20260318001111,https://dart.fss.or.kr/dsaf001/main.do?rcpNo=20260318001111,2026-10-05
00109019,주식회사 아이엠뱅크,2025,아크코스타 사모투자합자회사,단순투자,2022.07.27,"5,000,000,000",14.93,"5,027,000,000","32,514,000,000","-509,000,000",20260318001111,https://dart.fss.or.kr/dsaf001/main.do?rcpNo=20260318001111,2026-10-05
00109019,주식회사 아이엠뱅크,2025,어쎈타 제5호 사모투자,단순투자,2021.05.06,"17,914,078,226",3.70,"17,208,000,000","703,010,000,000","97,987,000,000",20260318001111,https://dart.fss.or.kr/dsaf001/main.do?rcpNo=20260318001111,2026-10-05
00109019,주식회사 아이엠뱅크,2025,어쎈타제육호사모투자 합자회사,단순투자,2024.09.27,"8,791,397,782",4.05,"7,676,000,000","65,007,000,000","-4,156,000,000",20260318001111,https://dart.fss.or.kr/dsaf001/main.do?rcpNo=20260318001111,2026-10-05
00109019,주식회사 아이엠뱅크,2025,에스브이 스케일업 펀드,단순투자,2022.03.31,"9,675",5.00,"9,616,000,000","184,899,000,000","-4,726,000,000",20260318001111,https://dart.fss.or.kr/dsaf001/main.do?rcpNo=20260318001111,2026-10-05
00109019,주식회사 아이엠뱅크,2025,에스지2022 사모투자합자회사,단순투자,2023.04.03,"2,878,420,000",1.86,"2,935,000,000","150,450,000,000","-2,236,000,000",20260318001111,https://dart.fss.or.kr/dsaf001/main.do?rcpNo=20260318001111,2026-10-05
00109019,주식회사 아이엠뱅크,2025,에이치 제1호 사모투자합자회사,단순투자,2024.01.10,"2,628,479,125",2.49,"2,182,000,000","82,945,000,000","-2,560,000,000",20260318001111,https://dart.fss.or.kr/dsaf001/main.do?rcpNo=20260318001111,2026-10-05
00109019,주식회사 아이엠뱅크,2025,에이치감마2사모투자합자회사,단순투자,2017.04.11,,,,,,20260318001111,https://dart.fss.or.kr/dsaf001/main.do?rcpNo=20260318001111,2026-10-05
00109019,주식회사 아이엠뱅크,2025,에이투파트너스라이노스제1호,단순투자,2020.09.10,"3,018,827,621",5.77,"2,457,000,000","54,948,000,000","-212,000,000",20260318001111,https://dart.fss.or.kr/dsaf001/main.do?rcpNo=20260318001111,2026-10-05
00109019,주식회사 아이엠뱅크,2025,에이티피이에스지 사모투자 합자회사,단순투자,2022.08.26,,,,"50,853,000,000","640,000,000",20260318001111,https://dart.fss.or.kr/dsaf001/main.do?rcpNo=20260318001111,2026-10-05
00109019,주식회사 아이엠뱅크,2025,에코프로 이차전지 벤처투자조합,단순투자,2024.06.28,400,3.33,"400,000,000","4,221,000,000",,20260318001111,https://dart.fss.or.kr/dsaf001/main.do?rcpNo=20260318001111,2026-10-05
00109019,주식회사 아이엠뱅크,2025,엑스코,일반투자,1995.05.23,"538,722",1.23,"2,381,000,000","244,909,000,000","2,750,000,000",20260318001111,https://dart.fss.or.kr/dsaf001/main.do?rcpNo=20260318001111,2026-10-05
00109019,주식회사 아이엠뱅크,2025,엔베스터 2022 하이파이브 혁신성장펀드,단순투자,2022.12.28,"3,258",3.22,"3,139,000,000","61,261,000,000","529,000,000",20260318001111,https://dart.fss.or.kr/dsaf001/main.do?rcpNo=20260318001111,2026-10-05
00109019,주식회사 아이엠뱅크,2025,엔베스터 창해유주 오픈이노베이션,단순투자,2019.11.28,"3,815,000,000",4.76,"3,124,000,000","85,851,000,000","1,181,000,000",20260318001111,https://dart.fss.or.kr/dsaf001/main.do?rcpNo=20260318001111,2026-10-05
00109019,주식회사 아이엠뱅크,2025,엔브이 메자닌 그로쓰에쿼티 사모투자 합자회사,단순투자,2024.06.17,"4,316,566,097",1.32,"4,129,000,000","105,429,000,000","-7,073,000,000",20260318001111,https://dart.fss.or.kr/dsaf001/main.do?rcpNo=20260318001111,2026-10-05
00109019,주식회사 아이엠뱅크,2025,엔에이치오퍼스 제3호 기업재무안정,단순투자,2022.07.01,"3,854,208,467",3.73,"3,854,000,000","73,419,000,000","-1,965,000,000",20260318001111,https://dart.fss.or.kr/dsaf001/main.do?rcpNo=20260318001111,2026-10-05
00109019,주식회사 아이엠뱅크,2025,엘에스케이헬스케어 4호펀드,단순투자,2022.01.19,"1,650",14.29,"2,045,000,000","16,551,000,000","-306,000,000",20260318001111,https://dart.fss.or.kr/dsaf001/main.do?rcpNo=20260318001111,2026-10-05
00109019,주식회사 아이엠뱅크,2025,영덕엔바이로(주),단순투자,2006.12.11,"103,175",12.50,"326,000,000","14,435,000,000","27,000,000",20260318001111,https://dart.fss.or.kr/dsaf001/main.do?rcpNo=20260318001111,2026-10-05
00109019,주식회사 아이엠뱅크,2025,오퍼스제4호기업재무안정기관전용사모투자합자회사,단순투자,2025.04.01,"357,203,390",4.24,"357,000,000",,,20260318001111,https://dart.fss.or.kr/dsaf001/main.do?rcpNo=20260318001111,2026-10-05
00109019,주식회사 아이엠뱅크,2025,오피노사모투자합자회사,단순투자,2022.02.10,"6,000,000,000",5.31,"8,691,000,000","107,916,000,000","-1,721,000,000",20260318001111,https://dart.fss.or.kr/dsaf001/main.do?rcpNo=20260318001111,2026-10-05
00109019,주식회사 아이엠뱅크,2025,우리엔에이치동반성장1호 사모투자합자회사,단순투자,2025.12.29,"704,000,000",2.67,"837,000,000",,,20260318001111,https://dart.fss.or.kr/dsaf001/main.do?rcpNo=20260318001111,2026-10-05
00109019,주식회사 아이엠뱅크,2025,울산그린(주),단순투자,2009.11.30,"346,476",9.75,"3,552,000,000","23,488,000,000","-1,981,000,000",20260318001111,https://dart.fss.or.kr/dsaf001/main.do?rcpNo=20260318001111,2026-10-05
00109019,주식회사 아이엠뱅크,2025,유씨케이블랙버드 사모투자합자회사,단순투자,2023.08.02,"4,660,166,638",7.17,"1,518,000,000","50,417,000,000","-13,516,000,000",20260318001111,https://dart.fss.or.kr/dsaf001/main.do?rcpNo=20260318001111,2026-10-05
00109019,주식회사 아이엠뱅크,2025,유암코젤코바제1호 사모투자합자회사,단순투자,2024.09.24,"3,000,000,000",7.14,"2,783,000,000","41,830,000,000","-172,000,000",20260318001111,https://dart.fss.or.kr/dsaf001/main.do?rcpNo=20260318001111,2026-10-05
00109019,주식회사 아이엠뱅크,2025,이노폴리스 넥스트유니콘 딥테크펀드,단순투자,2025.12.26,300,5.80,"300,000,000",,,20260318001111,https://dart.fss.or.kr/dsaf001/main.do?rcpNo=20260318001111,2026-10-05
00109019,주식회사 아이엠뱅크,2025,제이앤 솔라 사모투자합자회사,단순투자,2024.06.13,"3,500,000,000",2.50,"3,433,000,000","138,956,000,000","-1,042,000,000",20260318001111,https://dart.fss.or.kr/dsaf001/main.do?rcpNo=20260318001111,2026-10-05
00109019,주식회사 아이엠뱅크,2025,제이앤 제1호 사모투자합자회사,단순투자,2021.11.18,"6,110,000,000",5.93,"6,456,000,000","105,794,000,000","8,323,000,000",20260318001111,https://dart.fss.or.kr/dsaf001/main.do?rcpNo=20260318001111,2026-10-05
00109019,주식회사 아이엠뱅크,2025,제이앤 제2호 사모투자합자회사,단순투자,2025.09.24,"1,810,000,000",4.17,"1,914,000,000",,,20260318001111,https://dart.fss.or.kr/dsaf001/main.do?rcpNo=20260318001111,2026-10-05
00109019,주식회사 아이엠뱅크,2025,제이케이엘(JKL)제12호 사모투자,단순투자,2021.03.31,"15,766,402,171",2.72,"31,582,000,000","526,391,000,000","83,217,000,000",20260318001111,https://dart.fss.or.kr/dsaf001/main.do?rcpNo=20260318001111,2026-10-05
00109019,주식회사 아이엠뱅크,2025,제이케이엘(JKL)제13호사모투자합자회사,단순투자,2025.08.25,"2,661,478,000",2.66,"2,362,000,000",,,20260318001111,https://dart.fss.or.kr/dsaf001/main.do?rcpNo=20260318001111,2026-10-05
00109019,주식회사 아이엠뱅크,2025,진천물자원(주),단순투자,2006.05.08,"60,502",13.00,"335,000,000","6,177,000,000","86,000,000",20260318001111,https://dart.fss.or.kr/dsaf001/main.do?rcpNo=20260318001111,2026-10-05
00109019,주식회사 아이엠뱅크,2025,청람학당(주),단순투자,2006.06.21,"48,800",14.99,"70,000,000","5,585,000,000","77,000,000",20260318001111,https://dart.fss.or.kr/dsaf001/main.do?rcpNo=20260318001111,2026-10-05
00109019,주식회사 아이엠뱅크,2025,청정상주(주),단순투자,2006.05.03,"141,120",8.00,"245,000,000","31,571,000,000","-73,000,000",20260318001111,https://dart.fss.or.kr/dsaf001/main.do?rcpNo=20260318001111,2026-10-05
00109019,주식회사 아이엠뱅크,2025,컴퍼니케이 AI퓨처테크펀드,단순투자,2025.06.10,"1,750",4.10,"2,030,000,000",,,20260318001111,https://dart.fss.or.kr/dsaf001/main.do?rcpNo=20260318001111,2026-10-05
00109019,주식회사 아이엠뱅크,2025,케이디비 모빌리티-이차전지 오픈이노베이션 조합,단순투자,2025.10.02,260,4.00,"260,000,000",,,20260318001111,https://dart.fss.or.kr/dsaf001/main.do?rcpNo=20260318001111,2026-10-05
00109019,주식회사 아이엠뱅크,2025,케이스톤골든밸류3호사모투자,단순투자,2020.12.22,"6,947,000,000",4.58,"7,064,000,000","214,125,000,000","1,747,000,000",20260318001111,https://dart.fss.or.kr/dsaf001/main.do?rcpNo=20260318001111,2026-10-05
00109019,주식회사 아이엠뱅크,2025,케이스톤골든밸류4호사모투자,단순투자,2022.05.17,"9,612,000,000",1.86,"11,505,000,000","529,030,000,000","38,357,000,000",20260318001111,https://dart.fss.or.kr/dsaf001/main.do?rcpNo=20260318001111,2026-10-05
00109019,주식회사 아이엠뱅크,2025,케이스톤골든밸류5호 사모투자 합자회사,단순투자,2024.06.25,"6,577,000,000",2.64,"6,737,000,000","214,125,000,000","1,747,000,000",20260318001111,https://dart.fss.or.kr/dsaf001/main.do?rcpNo=20260318001111,2026-10-05
00109019,주식회사 아이엠뱅크,2025,케이앤 지방상생일자리창출 투자조합,단순투자,2019.12.26,"1,000",6.21,"666,000,000","11,718,000,000","-296,000,000",20260318001111,https://dart.fss.or.kr/dsaf001/main.do?rcpNo=20260318001111,2026-10-05
00109019,주식회사 아이엠뱅크,2025,케이와이 성장투자 제1호 사모투자합자회사,단순투자,2025.12.09,"2,238,586,370",2.70,"2,181,000,000",,,20260318001111,https://dart.fss.or.kr/dsaf001/main.do?rcpNo=20260318001111,2026-10-05
00109019,주식회사 아이엠뱅크,2025,케이와이글로벌셀앤진 사모투자합자회사 제1호,단순투자,2024.01.02,"5,000,000,000",4.90,"5,988,000,000","100,982,000,000","-1,312,000,000",20260318001111,https://dart.fss.or.kr/dsaf001/main.do?rcpNo=20260318001111,2026-10-05
00109019,주식회사 아이엠뱅크,2025,케이프제1호세미컨덕터신기술사업조합,단순투자,2021.07.30,"6,000,000,000",9.13,"5,536,000,000","65,256,000,000","184,000,000",20260318001111,https://dart.fss.or.kr/dsaf001/main.do?rcpNo=20260318001111,2026-10-05
00109019,주식회사 아이엠뱅크,2025,코리아신탁(주),일반투자,2009.06.02,"198,000",9.00,"4,506,000,000","278,048,000,000","-19,200,000,000",20260318001111,https://dart.fss.or.kr/dsaf001/main.do?rcpNo=20260318001111,2026-10-05
00109019,주식회사 아이엠뱅크,2025,크레센도제2의에이호사모투자합자회사,단순투자,2018.05.17,"12,840,000,000",7.69,"18,672,000,000","183,893,000,000","20,138,000,000",20260318001111,https://dart.fss.or.kr/dsaf001/main.do?rcpNo=20260318001111,2026-10-05
00109019,주식회사 아이엠뱅크,2025,태영그레인터미널,단순투자,2007.03.22,"562,931",5.20,"4,067,000,000","66,083,000,000","6,935,000,000",20260318001111,https://dart.fss.or.kr/dsaf001/main.do?rcpNo=20260318001111,2026-10-05
00109019,주식회사 아이엠뱅크,2025,토러스클라우드 사모투자합자회사,단순투자,2021.11.24,"3,332,837,826",10.80,"3,528,000,000","35,598,000,000","-537,000,000",20260318001111,https://dart.fss.or.kr/dsaf001/main.do?rcpNo=20260318001111,2026-10-05
00109019,주식회사 아이엠뱅크,2025,토르사모투자합자회사,단순투자,2022.02.24,,,,,,20260318001111,https://dart.fss.or.kr/dsaf001/main.do?rcpNo=20260318001111,2026-10-05
00109019,주식회사 아이엠뱅크,2025,파라투스 뉴노멀티씨비사모투자,단순투자,2022.04.07,"5,513,971,690",5.14,"7,014,000,000","146,275,000,000","46,094,000,000",20260318001111,https://dart.fss.or.kr/dsaf001/main.do?rcpNo=20260318001111,2026-10-05
00109019,주식회사 아이엠뱅크,2025,파라투스 우리소부장 사모투자,단순투자,2021.06.28,"3,164,264,510",10.10,"3,142,000,000","58,284,000,000","-883,000,000",20260318001111,https://dart.fss.or.kr/dsaf001/main.do?rcpNo=20260318001111,2026-10-05
00109019,주식회사 아이엠뱅크,2025,파라투스혁신성장 엠앤에이2호 사모투자합자회사,단순투자,2025.07.03,"6,730,810,783",5.22,"7,609,000,000",,,20260318001111,https://dart.fss.or.kr/dsaf001/main.do?rcpNo=20260318001111,2026-10-05
00109019,주식회사 아이엠뱅크,2025,파미힐스,일반투자,2011.12.30,1,0.03,"194,000,000","84,898,000,000","854,000,000",20260318001111,https://dart.fss.or.kr/dsaf001/main.do?rcpNo=20260318001111,2026-10-05
00109019,주식회사 아이엠뱅크,2025,팩텀베일리몬도 사모투자합자회사,단순투자,2022.09.28,"3,000,000,000",14.85,"3,069,000,000","16,403,000,000","-1,649,000,000",20260318001111,https://dart.fss.or.kr/dsaf001/main.do?rcpNo=20260318001111,2026-10-05
00109019,주식회사 아이엠뱅크,2025,포스텍홀딩스 지역뉴딜 벤처펀드,단순투자,2022.06.30,"1,500",5.08,"1,277,000,000","22,006,000,000","-629,000,000",20260318001111,https://dart.fss.or.kr/dsaf001/main.do?rcpNo=20260318001111,2026-10-05
00109019,주식회사 아이엠뱅크,2025,포항아이스퀘어그린테크제1호벤처,단순투자,2021.04.27,579,9.00,"612,000,000","7,365,000,000","-574,000,000",20260318001111,https://dart.fss.or.kr/dsaf001/main.do?rcpNo=20260318001111,2026-10-05
00109019,주식회사 아이엠뱅크,2025,푸른김해지키미(주),단순투자,2006.04.18,"120,915",6.00,"441,000,000","35,528,000,000","-39,000,000",20260318001111,https://dart.fss.or.kr/dsaf001/main.do?rcpNo=20260318001111,2026-10-05
00109019,주식회사 아이엠뱅크,2025,푸른여수지키미,단순투자,2006.06.01,"93,964",10.00,"141,000,000","16,499,000,000","-132,000,000",20260318001111,https://dart.fss.or.kr/dsaf001/main.do?rcpNo=20260318001111,2026-10-05
00109019,주식회사 아이엠뱅크,2025,하이DGB 디지털제조혁신 벤처펀드,단순투자,2023.10.13,"1,500",11.76,"1,577,000,000","8,349,000,000","-318,000,000",20260318001111,https://dart.fss.or.kr/dsaf001/main.do?rcpNo=20260318001111,2026-10-05
00109019,주식회사 아이엠뱅크,2025,하이DGB 스마트관광 벤처펀드,단순투자,2022.08.01,"2,880",14.48,"2,569,000,000","15,029,000,000","-733,000,000",20260318001111,https://dart.fss.or.kr/dsaf001/main.do?rcpNo=20260318001111,2026-10-05
00109019,주식회사 아이엠뱅크,2025,한국능률협회컨설팅,일반투자,1995.05.26,"30,000",3.75,"159,000,000","109,855,000,000","8,234,000,000",20260318001111,https://dart.fss.or.kr/dsaf001/main.do?rcpNo=20260318001111,2026-10-05
00109019,주식회사 아이엠뱅크,2025,한국비티엘일호투융자회사,단순투자,2006.09.18,"4,577,279",6.94,"15,751,000,000","241,910,000,000","5,054,000,000",20260318001111,https://dart.fss.or.kr/dsaf001/main.do?rcpNo=20260318001111,2026-10-05
00109019,주식회사 아이엠뱅크,2025,한국예탁결제원,일반투자,1994.03.20,"4,617",0.04,"436,000,000","4,872,779,000,000","143,478,000,000",20260318001111,https://dart.fss.or.kr/dsaf001/main.do?rcpNo=20260318001111,2026-10-05
00109019,주식회사 아이엠뱅크,2025,한국인프라II호투융자회사,단순투자,2005.05.11,"4,295,936",2.00,"15,934,000,000","909,952,000,000","64,170,000,000",20260318001111,https://dart.fss.or.kr/dsaf001/main.do?rcpNo=20260318001111,2026-10-05
00109019,주식회사 아이엠뱅크,2025,한국자금중개,일반투자,1996.07.20,"11,134",0.56,"879,000,000","136,114,000,000","8,155,000,000",20260318001111,https://dart.fss.or.kr/dsaf001/main.do?rcpNo=20260318001111,2026-10-05
00109019,주식회사 아이엠뱅크,2025,한국자산관리공사,일반투자,1997.11.22,"314,000",0.05,"1,570,000,000","14,717,207,000,000","24,009,000,000",20260318001111,https://dart.fss.or.kr/dsaf001/main.do?rcpNo=20260318001111,2026-10-05
00109019,주식회사 아이엠뱅크,2025,한국투자2022 사모투자합자회사,단순투자,2022.12.20,"8,426,440,000",2.58,"8,519,000,000","279,119,000,000","-5,793,000,000",20260318001111,https://dart.fss.or.kr/dsaf001/main.do?rcpNo=20260318001111,2026-10-05
00109019,주식회사 아이엠뱅크,2025,한국투자2024 사모투자합자회사,단순투자,2025.06.30,"2,960,780,000",1.88,"2,989,000,000",,,20260318001111,https://dart.fss.or.kr/dsaf001/main.do?rcpNo=20260318001111,2026-10-05
00109019,주식회사 아이엠뱅크,2025,한국투자이스트브릿지 글로벌그린에너지1호,단순투자,2022.12.20,"2,425,000,000",1.87,"2,427,000,000","764,499,000,000","7,408,000,000",20260318001111,https://dart.fss.or.kr/dsaf001/main.do?rcpNo=20260318001111,2026-10-05
00109019,주식회사 아이엠뱅크,2025,한국평가데이터,단순투자,2006.04.26,"200,000",1.45,"3,384,000,000","197,775,000,000","6,487,000,000",20260318001111,https://dart.fss.or.kr/dsaf001/main.do?rcpNo=20260318001111,2026-10-05
00109019,주식회사 아이엠뱅크,2025,한국평가정보 주식회사,단순투자,2024.02.14,"300,000",6.73,"1,500,000,000","3,355,000,000","-6,037,000,000",20260318001111,https://dart.fss.or.kr/dsaf001/main.do?rcpNo=20260318001111,2026-10-05
00109019,주식회사 아이엠뱅크,2025,희망경제기업구조조정조합1호,단순투자,2008.03.31,4,12.42,"93,000,000","406,000,000","-347,000,000",20260318001111,https://dart.fss.or.kr/dsaf001/main.do?rcpNo=20260318001111,2026-10-05
00109286,(주)대동,2025,(주)대동모빌리티,경영참여,1977.06.29,"5,841,798",39.16,"47,945,000,000","312,232,000,000","-8,885,000,000",20260318001552,https://dart.fss.or.kr/dsaf001/main.do?rcpNo=20260318001552,2026-10-05
00109286,(주)대동,2025,(주)대동애그테크,경영참여,2022.02.27,"240,000",66.79,"2,572,000,000","29,599,000,000","954,000,000",20260318001552,https://dart.fss.or.kr/dsaf001/main.do?rcpNo=20260318001552,2026-10-05
00109286,(주)대동,2025,(주)제주대동,경영참여,2013.12.31,"5,000,000",100.00,"50,000,000,000","214,319,000,000","-9,849,000,000",20260318001552,https://dart.fss.or.kr/dsaf001/main.do?rcpNo=20260318001552,2026-10-05
00109286,(주)대동,2025,(주)퓨처이브이,투자목적,2022.02.17,"123,628",7.91,"1,250,000,000","5,373,000,000","-1,547,000,000",20260318001552,https://dart.fss.or.kr/dsaf001/main.do?rcpNo=20260318001552,2026-10-05
00109286,(주)대동,2025,(주)한국경제티브이,투자목적,2024.01.08,"690,000",3.00,"4,002,000,000","150,104,000,000","-40,000,000",20260318001552,https://dart.fss.or.kr/dsaf001/main.do?rcpNo=20260318001552,2026-10-05
00109286,(주)대동,2025,DAEDONG KIOTI EUROPE B.V,경영참여,2023.07.01,"30,000",100.00,"1,443,000,000","127,242,000,000","96,000,000",20260318001552,https://dart.fss.or.kr/dsaf001/main.do?rcpNo=20260318001552,2026-10-05
00109286,(주)대동,2025,"Daedong-USA,INC",경영참여,1993.12.03,21,100.00,"9,064,000,000","709,965,000,000","12,397,000,000",20260318001552,https://dart.fss.or.kr/dsaf001/main.do?rcpNo=20260318001552,2026-10-05
00109286,(주)대동,2025,KCC정보통신,투자목적,2012.11.06,"519,186",10.50,"2,067,000,000","37,593,000,000","1,679,000,000",20260318001552,https://dart.fss.or.kr/dsaf001/main.do?rcpNo=20260318001552,2026-10-05
00109286,(주)대동,2025,대구FC,투자목적,2003.12.31,400,,"2,000,000","15,581,000,000","1,130,000,000",20260318001552,https://dart.fss.or.kr/dsaf001/main.do?rcpNo=20260318001552,2026-10-05
00109286,(주)대동,2025,대동금속(주),경영참여,1987.12.29,"1,683,100",52.78,"3,412,000,000","98,820,000,000","-1,390,000,000",20260318001552,https://dart.fss.or.kr/dsaf001/main.do?rcpNo=20260318001552,2026-10-05
00109286,(주)대동,2025,대동기어(주),경영참여,1973.05.29,"4,021,060",44.74,"29,827,000,000","269,547,000,000","-4,740,000,000",20260318001552,https://dart.fss.or.kr/dsaf001/main.do?rcpNo=20260318001552,2026-10-05
00109286,(주)대동,2025,대동농기(안휘)유한공사,경영참여,2010.01.21,,99.87,,"2,370,000,000","3,741,000,000",20260318001552,https://dart.fss.or.kr/dsaf001/main.do?rcpNo=20260318001552,2026-10-05
00109286,(주)대동,2025,카이오티골프,경영참여,2013.10.23,,,,,,20260318001552,https://dart.fss.or.kr/dsaf001/main.do?rcpNo=20260318001552,2026-10-05
00109286,(주)대동,2025,하이드로텍(주),경영참여,2007.06.14,"76,953",100.00,"5,333,000,000","24,851,000,000","41,000,000",20260318001552,https://dart.fss.or.kr/dsaf001/main.do?rcpNo=20260318001552,2026-10-05
00118965,(주)티에이치엔,2025,(주)조선방송,단순투자,2011.01.28,"200,000",0.3,"1,899,000,000","501,440,000,000","36,293,000,000",20260323001500,https://dart.fss.or.kr/dsaf001/main.do?rcpNo=20260323001500,2026-10-05
00118965,(주)티에이치엔,2025,(주)코렌텍,단순투자,2005.11.22,"300,000",3.0,"2,010,000,000","133,602,000,000","-2,508,000,000",20260323001500,https://dart.fss.or.kr/dsaf001/main.do?rcpNo=20260323001500,2026-10-05
00118965,(주)티에이치엔,2025,"THN AUTO. PARTS 
MANUFACTURING
BRASIL S.A",경영참여,2010.03.30,"331,721,000",100.0,,"12,725,000,000","-500,450,000,000",20260323001500,https://dart.fss.or.kr/dsaf001/main.do?rcpNo=20260323001500,2026-10-05
00118965,(주)티에이치엔,2025,"THN AUTOMOTIVE SYSTEMS
VietNam CO., Ltd",경영참여,2024.04.12,,100.0,"6,468,000,000","16,898,000,000","573,000,000",20260323001500,https://dart.fss.or.kr/dsaf001/main.do?rcpNo=20260323001500,2026-10-05
00118965,(주)티에이치엔,2025,"THN AUTOPARTS 
PHILIPPINES INC",경영참여,2014.07.30,"3,893,000",100.0,"9,287,000,000","31,170,000,000","1,268,000,000",20260323001500,https://dart.fss.or.kr/dsaf001/main.do?rcpNo=20260323001500,2026-10-05
00118965,(주)티에이치엔,2025,"THN AUTOPARTS MEXICO,
S.A.DEC.V.",경영참여,2023.10.25,"38,627,000",60.5,"2,903,000,000","10,970,000,000","-622,000,000",20260323001500,https://dart.fss.or.kr/dsaf001/main.do?rcpNo=20260323001500,2026-10-05
00118965,(주)티에이치엔,2025,"THN Autoparts VietNam
 CO., Ltd",경영참여,2020.12.15,,100.0,"18,925,000,000","31,060,000,000","4,287,000,000",20260323001500,https://dart.fss.or.kr/dsaf001/main.do?rcpNo=20260323001500,2026-10-05
00118965,(주)티에이치엔,2025,THN PARAGUAY S.A,경영참여,2021.11.05,"1,000",100.0,"12,562,000,000","69,769,000,000","9,348,000,000",20260323001500,https://dart.fss.or.kr/dsaf001/main.do?rcpNo=20260323001500,2026-10-05
00118965,(주)티에이치엔,2025,산동삼진전장(유),경영참여,2015.12.24,,100.0,"22,149,000,000","24,490,000,000","657,000,000",20260323001500,https://dart.fss.or.kr/dsaf001/main.do?rcpNo=20260323001500,2026-10-05
00118965,(주)티에이치엔,2025,삼동삼신전자(유),경영참여,2022.04.27,,100.0,"10,500,000,000","9,264,000,000","266,000,000",20260323001500,https://dart.fss.or.kr/dsaf001/main.do?rcpNo=20260323001500,2026-10-05
00118965,(주)티에이치엔,2025,서상전자장배(유),지분투자,2011.10.30,,49.0,"3,081,000,000","11,067,000,000","1,433,000,000",20260323001500,https://dart.fss.or.kr/dsaf001/main.do?rcpNo=20260323001500,2026-10-05
00118965,(주)티에이치엔,2025,심양동해삼명전장(유),지분투자,2005.08.10,,49.0,,,,20260323001500,https://dart.fss.or.kr/dsaf001/main.do?rcpNo=20260323001500,2026-10-05
00118965,(주)티에이치엔,2025,위해삼현전자과기(유),경영참여,2025.12.31,,100.0,"4,456,000,000","4,322,000,000",,20260323001500,https://dart.fss.or.kr/dsaf001/main.do?rcpNo=20260323001500,2026-10-05
00118965,(주)티에이치엔,2025,한국경제신문(주),단순투자,2002.01.31,"51,000",0.3,"877,000,000","598,950,000,000","31,885,000,000",20260323001500,https://dart.fss.or.kr/dsaf001/main.do?rcpNo=20260323001500,2026-10-05
00118965,(주)티에이치엔,2025,해양동승전장(유),지분투자,2014.12.16,,32.5,,,,20260323001500,https://dart.fss.or.kr/dsaf001/main.do?rcpNo=20260323001500,2026-10-05
00118965,(주)티에이치엔,2025,해양삼현전장(유),지분투자,2014.12.16,,49.0,"2,425,000,000","34,312,000,000","1,316,000,000",20260323001500,https://dart.fss.or.kr/dsaf001/main.do?rcpNo=20260323001500,2026-10-05
00118965,(주)티에이치엔,2025,현대위아(주),단순투자,2004.11.22,"10,000",0.0,"721,000,000","5,575,653,000,000","-18,468,000,000",20260323001500,https://dart.fss.or.kr/dsaf001/main.do?rcpNo=20260323001500,2026-10-05
00118965,(주)티에이치엔,2025,현대자동차(주),단순투자,2000.06.29,"71,000",0.0,"21,019,000,000","98,580,388,000,000","4,054,878,000,000",20260323001500,https://dart.fss.or.kr/dsaf001/main.do?rcpNo=20260323001500,2026-10-05
00125521,에스엘(주),2025,(주)에스에이치비,경영참가,2002.03.18,"2,000",50,"20,583,000,000","321,231,000,000","21,562,000,000",20260318000781,https://dart.fss.or.kr/dsaf001/main.do?rcpNo=20260318000781,2026-10-05
00125521,에스엘(주),2025,(주)에스엘미러텍,경영참가,2022.05.31,"117,615",51,"69,821,000,000","158,175,000,000","6,433,000,000",20260318000781,https://dart.fss.or.kr/dsaf001/main.do?rcpNo=20260318000781,2026-10-05
00125521,에스엘(주),2025,(주)에스엘솔라,경영참가,2022.07.20,"87,000",100,"2,194,000,000","2,227,000,000","260,000,000",20260318000781,https://dart.fss.or.kr/dsaf001/main.do?rcpNo=20260318000781,2026-10-05
00125521,에스엘(주),2025,(주)케이디에스,경영참가,1995.08.31,"141,000",47,"17,355,000,000","67,010,000,000","4,180,000,000",20260318000781,https://dart.fss.or.kr/dsaf001/main.do?rcpNo=20260318000781,2026-10-05
00125521,에스엘(주),2025,"SL AP PRIVATE
 LIMITED",경영참가,2017.12.20,100,100,"74,582,000,000","104,893,000,000","15,626,000,000",20260318000781,https://dart.fss.or.kr/dsaf001/main.do?rcpNo=20260318000781,2026-10-05
00125521,에스엘(주),2025,SL America Inc.,경영참가,2000.10.18,"870,000",100,"364,616,000,000","850,811,000,000","70,899,000,000",20260318000781,https://dart.fss.or.kr/dsaf001/main.do?rcpNo=20260318000781,2026-10-05
00125521,에스엘(주),2025,"SL CORPORATION
 ASSESSORIA EMPRESARI",경영참가,2015.03.19,,100,"574,000,000","574,000,000",0,20260318000781,https://dart.fss.or.kr/dsaf001/main.do?rcpNo=20260318000781,2026-10-05
00125521,에스엘(주),2025,"SL DO BRASIL COMERCIO
 DE PECAS LTDA",경영참가,2017.11.13,"15,000,000",100,"47,248,000,000","89,522,000,000","23,103,000,000",20260318000781,https://dart.fss.or.kr/dsaf001/main.do?rcpNo=20260318000781,2026-10-05
00125521,에스엘(주),2025,"SL Lumax Industries
 Limited",경영참가,1997.08.08,"12,201,014",79,"149,998,000,000","262,673,000,000","47,327,000,000",20260318000781,https://dart.fss.or.kr/dsaf001/main.do?rcpNo=20260318000781,2026-10-05
00125521,에스엘(주),2025,SL Poland Sp. z o.o (주3),경영참가,2012.08.14,,100,"10,720,000,000","113,246,000,000","-16,454,000,000",20260318000781,https://dart.fss.or.kr/dsaf001/main.do?rcpNo=20260318000781,2026-10-05
00125521,에스엘(주),2025,"SL VALUE INNOVATION CENTER 
SINGAPORE PTE. LTD.(주4)",경영참가,2025.06.20,"100,000",100,"133,000,000","133,000,000","-10,000,000",20260318000781,https://dart.fss.or.kr/dsaf001/main.do?rcpNo=20260318000781,2026-10-05
00125521,에스엘(주),2025,㈜성일엔지니어링,경영참가,2019.04.01,"18,000",45,"2,850,000,000","6,403,000,000","114,000,000",20260318000781,https://dart.fss.or.kr/dsaf001/main.do?rcpNo=20260318000781,2026-10-05
00125521,에스엘(주),2025,대구솔라파워(주)(주2),경영참가,2025.01.10,"75,000",50,"751,000,000","1,503,000,000","3,000,000",20260318000781,https://dart.fss.or.kr/dsaf001/main.do?rcpNo=20260318000781,2026-10-05
00125521,에스엘(주),2025,북경삼립차등(유),경영참가,2003.01.09,,51,"68,504,000,000","159,619,000,000","5,884,000,000",20260318000781,https://dart.fss.or.kr/dsaf001/main.do?rcpNo=20260318000781,2026-10-05
00125521,에스엘(주),2025,삼립(연태)차등유한공사,경영참가,2024.05.07,,100,"33,670,000,000","173,004,000,000","-4,308,000,000",20260318000781,https://dart.fss.or.kr/dsaf001/main.do?rcpNo=20260318000781,2026-10-05
00125521,에스엘(주),2025,상해관리유한공사,경영참가,2012.05.22,,100,"8,380,000,000","9,663,000,000","1,623,000,000",20260318000781,https://dart.fss.or.kr/dsaf001/main.do?rcpNo=20260318000781,2026-10-05
00125521,에스엘(주),2025,상해회중삼립기차(유),경영참가,2002.10.22,,60,"28,086,000,000","84,628,000,000","1,061,000,000",20260318000781,https://dart.fss.or.kr/dsaf001/main.do?rcpNo=20260318000781,2026-10-05
00125521,에스엘(주),2025,십언동풍삼립차등(유),경영참가,2003.01.17,,50,"11,891,000,000","49,527,000,000","1,747,000,000",20260318000781,https://dart.fss.or.kr/dsaf001/main.do?rcpNo=20260318000781,2026-10-05
00125521,에스엘(주),2025,중경진천삼립차등(유),경영참가,2017.09.20,,50,"9,091,000,000","69,670,000,000","3,604,000,000",20260318000781,https://dart.fss.or.kr/dsaf001/main.do?rcpNo=20260318000781,2026-10-05
00125521,에스엘(주),2025,호북삼립차등(유),경영참가,2018.04.16,,50,"419,000,000","55,344,000,000","-2,777,000,000",20260318000781,https://dart.fss.or.kr/dsaf001/main.do?rcpNo=20260318000781,2026-10-05
00125521,에스엘(주),2025,"호북삼환삼립기차후시경(유)
(주1)",경영참가,2022.05.31,,50,"2,060,000,000","56,287,000,000","-2,854,000,000",20260318000781,https://dart.fss.or.kr/dsaf001/main.do?rcpNo=20260318000781,2026-10-05
00127802,삼익THK(주),2025,(주)아이엠금융지주,투자,1999.12.06,"64,000",0.04,"987,000,000",,,20260319001288,https://dart.fss.or.kr/dsaf001/main.do?rcpNo=20260319001288,2026-10-05
00127802,삼익THK(주),2025,"MATZ (Nanjing) Automation
 Equipment Co., Ltd",경영참가,2023.07.06,"20,000,000",100.0,"260,000,000","121,000,000","-3,000,000",20260319001288,https://dart.fss.or.kr/dsaf001/main.do?rcpNo=20260319001288,2026-10-05
00127802,삼익THK(주),2025,"MATZ AMERICA, LLC",경영참가,2023.04.28,"84,000,000",100.0,"1,079,000,000","687,000,000","326,000,000",20260319001288,https://dart.fss.or.kr/dsaf001/main.do?rcpNo=20260319001288,2026-10-05
00127802,삼익THK(주),2025,MATZ POLAND SP. Z O.O,경영참가,2023.04.14,"68,000",100.0,"1,020,000,000","1,796,000,000","36,000,000",20260319001288,https://dart.fss.or.kr/dsaf001/main.do?rcpNo=20260319001288,2026-10-05
00127802,삼익THK(주),2025,"THK CO., LTD.",투자,2008.03.19,"10,000",,"368,000,000",,,20260319001288,https://dart.fss.or.kr/dsaf001/main.do?rcpNo=20260319001288,2026-10-05
00127802,삼익THK(주),2025,기업구조 조정조합1호,투자,2008.01.14,"1,000",,,,,20260319001288,https://dart.fss.or.kr/dsaf001/main.do?rcpNo=20260319001288,2026-10-05
00127802,삼익THK(주),2025,대구시민 프로축구단,투자,2002.12.21,"200,000",,,,,20260319001288,https://dart.fss.or.kr/dsaf001/main.do?rcpNo=20260319001288,2026-10-05
00127802,삼익THK(주),2025,"매츠 ABB 테크 제1호
 벤처투자조합",경영참가,2023.08.03,"3,000",99.5,"2,790,000,000","3,151,000,000","262,000,000",20260319001288,https://dart.fss.or.kr/dsaf001/main.do?rcpNo=20260319001288,2026-10-05
00127802,삼익THK(주),2025,메이슨큐브투자조합,투자,2025.01.24,"10,000",48.48,,,,20260319001288,https://dart.fss.or.kr/dsaf001/main.do?rcpNo=20260319001288,2026-10-05
00127802,삼익THK(주),2025,삼익SDT(주),경영참가,2000.10.27,"34,000",18.0,,"6,913,000,000","175,000,000",20260319001288,https://dart.fss.or.kr/dsaf001/main.do?rcpNo=20260319001288,2026-10-05
00127802,삼익THK(주),2025,삼익매츠벤처스(주),경영참가,2022.10.24,"10,000,000",100.0,"2,840,000,000","2,876,000,000","-848,000,000",20260319001288,https://dart.fss.or.kr/dsaf001/main.do?rcpNo=20260319001288,2026-10-05
00127802,삼익THK(주),2025,삼익키리우(주),경영참가,2005.10.04,"150,000",37.41,"6,041,000,000","21,087,000,000","129,000,000",20260319001288,https://dart.fss.or.kr/dsaf001/main.do?rcpNo=20260319001288,2026-10-05
00129642,상신브레이크(주),2025,"SANGSIN BRAKE
AMERICA, INC",해외시장진출,2010.12.17,"1,233,000",100,"2,099,000,000","6,282,000,000","-1,392,000,000",20260318001187,https://dart.fss.or.kr/dsaf001/main.do?rcpNo=20260318001187,2026-10-05
00129642,상신브레이크(주),2025,"SANGSIN BRAKE DO 
BRASIL LIMITADA",해외시장진출,2022.09.22,,100,"492,000,000","179,000,000","20,000,000",20260318001187,https://dart.fss.or.kr/dsaf001/main.do?rcpNo=20260318001187,2026-10-05
00129642,상신브레이크(주),2025,"SANGSIN BRAKE EUROPE 
SP.Z O.O.",해외시장진출,2024.07.02,,100,"786,000,000","2,196,000,000","-339,000,000",20260318001187,https://dart.fss.or.kr/dsaf001/main.do?rcpNo=20260318001187,2026-10-05
00129642,상신브레이크(주),2025,"SANGSIN BRAKE INDIA
PRIVATE LIMITED",해외시장진출,2010.04.01,,100,"13,917,000,000","40,763,000,000","-169,000,000",20260318001187,https://dart.fss.or.kr/dsaf001/main.do?rcpNo=20260318001187,2026-10-05
00129642,상신브레이크(주),2025,"SANGSIN BRAKE MEXICO 
S. DE R.L.DE C.V",해외시장진출,2016.11.17,,100,"12,014,000,000","52,029,000,000","-4,742,000,000",20260318001187,https://dart.fss.or.kr/dsaf001/main.do?rcpNo=20260318001187,2026-10-05
00129642,상신브레이크(주),2025,"SANGSIN TECHNOLOGY 
AMERICA, INC",해외시장진출,2018.10.25,"4,000,000",100,"40,418,000,000","46,180,000,000","-9,612,000,000",20260318001187,https://dart.fss.or.kr/dsaf001/main.do?rcpNo=20260318001187,2026-10-05
00129642,상신브레이크(주),2025,사천상신제동계통(유),해외시장진출,2013.06.20,,100,"8,091,000,000","23,128,000,000","1,561,000,000",20260318001187,https://dart.fss.or.kr/dsaf001/main.do?rcpNo=20260318001187,2026-10-05
00129642,상신브레이크(주),2025,산도브레이크(주),생산성 향상,2000.03.16,"68,000",85,"3,638,000,000","7,257,000,000","557,000,000",20260318001187,https://dart.fss.or.kr/dsaf001/main.do?rcpNo=20260318001187,2026-10-05
00129642,상신브레이크(주),2025,산도테크(주),생산성 향상,2000.04.30,"64,000",78,"3,270,000,000","16,731,000,000","-1,526,000,000",20260318001187,https://dart.fss.or.kr/dsaf001/main.do?rcpNo=20260318001187,2026-10-05
00129642,상신브레이크(주),2025,상신이엔지(주),사업 다각화,2007.01.15,"42,000",70,"570,000,000","26,875,000,000","-1,570,000,000",20260318001187,https://dart.fss.or.kr/dsaf001/main.do?rcpNo=20260318001187,2026-10-05
00129642,상신브레이크(주),2025,상신제동계통(무석)(유),해외시장진출,2003.01.17,,100,"29,611,000,000","112,422,000,000","2,106,000,000",20260318001187,https://dart.fss.or.kr/dsaf001/main.do?rcpNo=20260318001187,2026-10-05
00129642,상신브레이크(주),2025,에이비테크(주),생산성 향상,2013.01.01,"29,000",86,"3,584,000,000","24,143,000,000","998,000,000",20260318001187,https://dart.fss.or.kr/dsaf001/main.do?rcpNo=20260318001187,2026-10-05
00131504,(주)서한,2025,㈜ EXCO,단순투자,,"609,000",,"971,000,000",0,0,20260703000164,https://dart.fss.or.kr/dsaf001/main.do?rcpNo=20260703000164,2026-10-05
00131504,(주)서한,2025,㈜남양주월산대한제55호위탁관리부동산투자회사,단순투자,,"1,000",6.1,"5,000,000,000",0,0,20260703000164,https://dart.fss.or.kr/dsaf001/main.do?rcpNo=20260703000164,2026-10-05
00131504,(주)서한,2025,㈜산단재생1호 서대구 지식,단순투자,,"440,000",10.9,"2,200,000,000",0,0,20260703000164,https://dart.fss.or.kr/dsaf001/main.do?rcpNo=20260703000164,2026-10-05
00131504,(주)서한,2025,㈜서한카이트 제11호기업형,단순투자,,"1,596,000",28.9,0,"199,225,000,000","-5,722,000,000",20260703000164,https://dart.fss.or.kr/dsaf001/main.do?rcpNo=20260703000164,2026-10-05
00131504,(주)서한,2025,㈜서한하나뉴스테이제1호,단순투자,,"1,634,000",42.2,"1,171,000,000","80,083,000,000","-1,466,000,000",20260703000164,https://dart.fss.or.kr/dsaf001/main.do?rcpNo=20260703000164,2026-10-05
00131504,(주)서한,2025,㈜서한하나제2호위탁관리,단순투자,,"3,105,000",27.4,"13,227,000,000","250,156,000,000","-4,921,000,000",20260703000164,https://dart.fss.or.kr/dsaf001/main.do?rcpNo=20260703000164,2026-10-05
00131504,(주)서한,2025,㈜서한하나제4호위탁관리,단순투자,,"3,092,000",26.6,"14,720,000,000","179,472,000,000","-652,000,000",20260703000164,https://dart.fss.or.kr/dsaf001/main.do?rcpNo=20260703000164,2026-10-05
00131504,(주)서한,2025,㈜승원개발,단순투자,,"10,000",,"100,000,000",0,0,20260703000164,https://dart.fss.or.kr/dsaf001/main.do?rcpNo=20260703000164,2026-10-05
00131504,(주)서한,2025,㈜희망세움이차,단순투자,,0,0.0,0,0,0,20260703000164,https://dart.fss.or.kr/dsaf001/main.do?rcpNo=20260703000164,2026-10-05
00131504,(주)서한,2025,건설공제조합,단순투자,,"4,000",,"6,292,000,000",0,0,20260703000164,https://dart.fss.or.kr/dsaf001/main.do?rcpNo=20260703000164,2026-10-05
00131504,(주)서한,2025,경북대미래사회창조㈜,단순투자,,"17,000",4.0,"83,000,000",0,0,20260703000164,https://dart.fss.or.kr/dsaf001/main.do?rcpNo=20260703000164,2026-10-05
00131504,(주)서한,2025,경북대행복생활관㈜,단순투자,,"240,000",75.0,0,"23,305,000,000","-5,000,000",20260703000164,https://dart.fss.or.kr/dsaf001/main.do?rcpNo=20260703000164,2026-10-05
00131504,(주)서한,2025,경북스마트교육㈜,단순투자,,"17,000",0.7,"17,000,000",0,0,20260703000164,https://dart.fss.or.kr/dsaf001/main.do?rcpNo=20260703000164,2026-10-05
00131504,(주)서한,2025,다윈스마트컨스트럭션 PEF,단순투자,,0,0,0,0,0,20260703000164,https://dart.fss.or.kr/dsaf001/main.do?rcpNo=20260703000164,2026-10-05
00131504,(주)서한,2025,다음세대교육㈜,단순투자,,"147,000",46.6,0,"11,064,000,000","-21,000,000",20260703000164,https://dart.fss.or.kr/dsaf001/main.do?rcpNo=20260703000164,2026-10-05
00131504,(주)서한,2025,대구드림교육㈜,단순투자,,"555,000",1.0,"55,000,000",0,0,20260703000164,https://dart.fss.or.kr/dsaf001/main.do?rcpNo=20260703000164,2026-10-05
00131504,(주)서한,2025,대구스마트미래학교2차 주식회사,단순투자,,"9,000",1.8,"47,000,000",0,0,20260703000164,https://dart.fss.or.kr/dsaf001/main.do?rcpNo=20260703000164,2026-10-05
00131504,(주)서한,2025,대구스마트미래학교㈜,단순투자,,"12,000",1.5,"54,000,000",0,0,20260703000164,https://dart.fss.or.kr/dsaf001/main.do?rcpNo=20260703000164,2026-10-05
00131504,(주)서한,2025,대구태양광발전㈜,단순투자,,"144,000",17.0,"721,000,000",0,0,20260703000164,https://dart.fss.or.kr/dsaf001/main.do?rcpNo=20260703000164,2026-10-05
00131504,(주)서한,2025,델타 벤처투자조합,단순투자,,"1,000",1.0,"100,000,000",0,0,20260703000164,https://dart.fss.or.kr/dsaf001/main.do?rcpNo=20260703000164,2026-10-05
00131504,(주)서한,2025,디에스-신한-JB 뉴미디어 신기술투자조합,단순투자,,"637,531,000",1.3,"638,000,000",0,0,20260703000164,https://dart.fss.or.kr/dsaf001/main.do?rcpNo=20260703000164,2026-10-05
00131504,(주)서한,2025,딥다이브 2024 사모투자합자회사,단순투자,,"2,000,000",39.2,"2,000,000,000",0,0,20260703000164,https://dart.fss.or.kr/dsaf001/main.do?rcpNo=20260703000164,2026-10-05
00131504,(주)서한,2025,로드스톤 제3호 창업벤처전문PEF,단순투자,,"1,000,000,000",17.4,"1,000,000,000",0,0,20260703000164,https://dart.fss.or.kr/dsaf001/main.do?rcpNo=20260703000164,2026-10-05
00131504,(주)서한,2025,메리츠엔에이치헬스케어제1호,단순투자,,"1,000",3.2,"500,000,000",0,0,20260703000164,https://dart.fss.or.kr/dsaf001/main.do?rcpNo=20260703000164,2026-10-05
00131504,(주)서한,2025,메테우스안성당목복합물류센터피에프브이(주),경영참여,2022.01.03,"930,000",98,"4,650,000,000",0,0,20260703000164,https://dart.fss.or.kr/dsaf001/main.do?rcpNo=20260703000164,2026-10-05
00131504,(주)서한,2025,부코이에스지 PEF,단순투자,,"1,000,000,000",4.6,"1,000,000,000",0,0,20260703000164,https://dart.fss.or.kr/dsaf001/main.do?rcpNo=20260703000164,2026-10-05
00131504,(주)서한,2025,부코프리미엄사모투자합자회사,단순투자,,"1,000",7.7,"1,000,000,000",0,0,20260703000164,https://dart.fss.or.kr/dsaf001/main.do?rcpNo=20260703000164,2026-10-05
00131504,(주)서한,2025,사상해운대고속도로㈜,단순투자,,0,0.1,"2,000,000",0,0,20260703000164,https://dart.fss.or.kr/dsaf001/main.do?rcpNo=20260703000164,2026-10-05
00131504,(주)서한,2025,센트로이드제7의1호 PEF,단순투자,,"5,000,000,000",1.1,"5,000,000,000",0,0,20260703000164,https://dart.fss.or.kr/dsaf001/main.do?rcpNo=20260703000164,2026-10-05
00131504,(주)서한,2025,스마트팩토리 신기술조합,단순투자,,"2,000,000,000",24.9,"2,000,000,000",0,0,20260703000164,https://dart.fss.or.kr/dsaf001/main.do?rcpNo=20260703000164,2026-10-05
00131504,(주)서한,2025,스틱에이엘티글로벌제2호 PEF,단순투자,,"2,700,000,000",5.9,"2,700,000,000",0,0,20260703000164,https://dart.fss.or.kr/dsaf001/main.do?rcpNo=20260703000164,2026-10-05
00131504,(주)서한,2025,엔비에이치씨원엔피 신기술사업투자조합,단순투자,,"500,000,000",8.7,0,0,0,20260703000164,https://dart.fss.or.kr/dsaf001/main.do?rcpNo=20260703000164,2026-10-05
00131504,(주)서한,2025,영주에스엠씨㈜,단순투자,,"70,000",14.5,"348,000,000",0,0,20260703000164,https://dart.fss.or.kr/dsaf001/main.do?rcpNo=20260703000164,2026-10-05
00131504,(주)서한,2025,영천대구통일마당㈜,단순투자,,"1,000",1.6,"7,000,000",0,0,20260703000164,https://dart.fss.or.kr/dsaf001/main.do?rcpNo=20260703000164,2026-10-05
00131504,(주)서한,2025,은평새길㈜,단순투자,,"54,000",6.9,"272,000,000",0,0,20260703000164,https://dart.fss.or.kr/dsaf001/main.do?rcpNo=20260703000164,2026-10-05
00131504,(주)서한,2025,이지스 제3호 PEF,단순투자,,"2,000,000,000",2.3,"2,000,000,000",0,0,20260703000164,https://dart.fss.or.kr/dsaf001/main.do?rcpNo=20260703000164,2026-10-05
00131504,(주)서한,2025,인비젼-SBP-FT 신기술사업투자조합,단순투자,,"1,000,000,000",9.5,"1,000,000,000",0,0,20260703000164,https://dart.fss.or.kr/dsaf001/main.do?rcpNo=20260703000164,2026-10-05
00131504,(주)서한,2025,전기공사공제조합,단순투자,,0,,"110,000,000",0,0,20260703000164,https://dart.fss.or.kr/dsaf001/main.do?rcpNo=20260703000164,2026-10-05
00131504,(주)서한,2025,제이영주에스엠씨㈜,단순투자,,"9,000",8.6,"44,000,000",0,0,20260703000164,https://dart.fss.or.kr/dsaf001/main.do?rcpNo=20260703000164,2026-10-05
00131504,(주)서한,2025,창의인재배움터 주식회사,단순투자,,"7,000",15.0,"36,000,000",0,0,20260703000164,https://dart.fss.or.kr/dsaf001/main.do?rcpNo=20260703000164,2026-10-05
00131504,(주)서한,2025,케이국방㈜,단순투자,,0,4.0,"1,000,000",0,0,20260703000164,https://dart.fss.or.kr/dsaf001/main.do?rcpNo=20260703000164,2026-10-05
00131504,(주)서한,2025,케이엘노르마 창업벤처전문PEF,단순투자,,"1,000,000,000",10.5,"1,000,000,000",0,0,20260703000164,https://dart.fss.or.kr/dsaf001/main.do?rcpNo=20260703000164,2026-10-05
00131504,(주)서한,2025,코람코162호 사모부동산투자회사,단순투자,,"3,000,000",10.1,"3,000,000,000",0,0,20260703000164,https://dart.fss.or.kr/dsaf001/main.do?rcpNo=20260703000164,2026-10-05
00131504,(주)서한,2025,코람코163호 사모부동산투자신탁,단순투자,,"3,800,000",48.7,"3,800,000,000",0,0,20260703000164,https://dart.fss.or.kr/dsaf001/main.do?rcpNo=20260703000164,2026-10-05
00131504,(주)서한,2025,티라움,단순투자,,"2,000",7.7,"500,000,000",0,0,20260703000164,https://dart.fss.or.kr/dsaf001/main.do?rcpNo=20260703000164,2026-10-05
00131504,(주)서한,2025,평화산업㈜,단순투자,,0,,0,0,0,20260703000164,https://dart.fss.or.kr/dsaf001/main.do?rcpNo=20260703000164,2026-10-05
00131504,(주)서한,2025,평화홀딩스㈜,단순투자,,0,,0,0,0,20260703000164,https://dart.fss.or.kr/dsaf001/main.do?rcpNo=20260703000164,2026-10-05
00131504,(주)서한,2025,포레스트케어홈즈 주식회사,단순투자,,"1,500,000",75.0,"1,130,000,000","28,213,000,000","-1,260,000,000",20260703000164,https://dart.fss.or.kr/dsaf001/main.do?rcpNo=20260703000164,2026-10-05
00131504,(주)서한,2025,포항맑은물길㈜,단순투자,,"39,000",9.0,"194,000,000",0,0,20260703000164,https://dart.fss.or.kr/dsaf001/main.do?rcpNo=20260703000164,2026-10-05
00131504,(주)서한,2025,한국투자시리우스바이아웃 PEF,단순투자,,"1,900,000,000",3.1,"1,900,000,000",0,0,20260703000164,https://dart.fss.or.kr/dsaf001/main.do?rcpNo=20260703000164,2026-10-05
00131504,(주)서한,2025,호라이즌유니콘투자조합,단순투자,,"1,000,000",4.0,"1,000,000,000",0,0,20260703000164,https://dart.fss.or.kr/dsaf001/main.do?rcpNo=20260703000164,2026-10-05
00131504,(주)서한,2025,호라이즌플로우카이 벤처투자조합,단순투자,,"1,000,000",20.0,"1,000,000,000",0,0,20260703000164,https://dart.fss.or.kr/dsaf001/main.do?rcpNo=20260703000164,2026-10-05
00132868,(주)우성머티리얼스,2025,(주)성안 당진머티리얼스,지분참여,2023.11.23,"10,000,000",100,"5,000,000,000","10,432,000,000","-404,000,000",20260318000501,https://dart.fss.or.kr/dsaf001/main.do?rcpNo=20260318000501,2026-10-05
00132868,(주)우성머티리얼스,2025,HAE SUNG BD,지분참여,2023.04.25,,,,"1,000,000","-9,000,000",20260318000501,https://dart.fss.or.kr/dsaf001/main.do?rcpNo=20260318000501,2026-10-05
00134316,(주)세원정공,2025,(주)세원E&I,증자참여,1996.02.08,"187,000",26.7,"7,518,000,000","153,482,000,000","12,411,000,000",20250922000199,https://dart.fss.or.kr/dsaf001/main.do?rcpNo=20250922000199,2026-10-05
00134316,(주)세원정공,2025,(주)세원물산,증자참여,1997.12.24,"1,905,000",22.8,"23,274,000,000","475,429,000,000","21,971,000,000",20250922000199,https://dart.fss.or.kr/dsaf001/main.do?rcpNo=20250922000199,2026-10-05
00134316,(주)세원정공,2025,(주)세원테크,증자참여,1995.10.26,"2,000,000",24.5,"16,192,000,000","951,363,000,000","25,509,000,000",20250922000199,https://dart.fss.or.kr/dsaf001/main.do?rcpNo=20250922000199,2026-10-05
00134316,(주)세원정공,2025,(주)제이엠오토,증자참여,2020.11.25,"60,000",33.3,"300,000,000","73,941,000,000","15,348,000,000",20250922000199,https://dart.fss.or.kr/dsaf001/main.do?rcpNo=20250922000199,2026-10-05
00134316,(주)세원정공,2025,"삼하세원기차
과기유한공사",출자금,2005.05.10,,62.0,"37,824,000,000","398,112,000,000","1,453,000,000",20250922000199,https://dart.fss.or.kr/dsaf001/main.do?rcpNo=20250922000199,2026-10-05
00155124,평화홀딩스(주),2025,"(주)대구시민
프로축구단","단순
투자",2002.12.27,,,"1,000,000",,,20260316000856,https://dart.fss.or.kr/dsaf001/main.do?rcpNo=20260316000856,2026-10-05
00155124,평화홀딩스(주),2025,(주)엠제이비전테크,"경영
참여",2021.08.31,"525,000",50.24,"1,028,000,000","4,699,000,000","603,000,000",20260316000856,https://dart.fss.or.kr/dsaf001/main.do?rcpNo=20260316000856,2026-10-05
00155124,평화홀딩스(주),2025,(주)채널에이,"단순
투자",2011.02.18,"100,000",0.12,"252,000,000",,,20260316000856,https://dart.fss.or.kr/dsaf001/main.do?rcpNo=20260316000856,2026-10-05
00155124,평화홀딩스(주),2025,(주)평화이엔지,"경영
참여",2004.10.01,"1,002,000",96.79,"14,333,000,000","51,554,000,000","6,045,000,000",20260316000856,https://dart.fss.or.kr/dsaf001/main.do?rcpNo=20260316000856,2026-10-05
00155124,평화홀딩스(주),2025,(주)피에프에스,"경영
참여",2020.03.01,"393,000",50.00,"24,448,000,000","96,884,000,000","7,890,000,000",20260316000856,https://dart.fss.or.kr/dsaf001/main.do?rcpNo=20260316000856,2026-10-05
00155124,평화홀딩스(주),2025,(주)피엔디티,"경영
참여",2012.10.12,"1,250,000",50.00,,"46,655,000,000","3,538,000,000",20260316000856,https://dart.fss.or.kr/dsaf001/main.do?rcpNo=20260316000856,2026-10-05
00155124,평화홀딩스(주),2025,"Pyung-Hwa India
Private Ltd","경영
참여",2009.06.01,,70.00,"6,528,000,000","34,550,000,000","767,000,000",20260316000856,https://dart.fss.or.kr/dsaf001/main.do?rcpNo=20260316000856,2026-10-05
00155124,평화홀딩스(주),2025,창인인재개발원(주),"경영
참여",2017.07.27,"1,000,000",50.00,"5,000,000,000","17,008,000,000","409,000,000",20260316000856,https://dart.fss.or.kr/dsaf001/main.do?rcpNo=20260316000856,2026-10-05
00155124,평화홀딩스(주),2025,"천진평화기차배건
유한공사","경영
참여",2020.05.28,,100.00,,"17,410,000,000","-2,280,000,000",20260316000856,https://dart.fss.or.kr/dsaf001/main.do?rcpNo=20260316000856,2026-10-05
00155124,평화홀딩스(주),2025,평화기공(주),"경영
참여",1993.03.16,"2,600,000",100.00,"16,752,000,000","47,690,000,000","5,205,000,000",20260316000856,https://dart.fss.or.kr/dsaf001/main.do?rcpNo=20260316000856,2026-10-05
00155124,평화홀딩스(주),2025,평화산업(주),"경영
참여",2006.01.12,"25,418,000",46.31,"30,135,000,000","253,343,000,000","15,698,000,000",20260316000856,https://dart.fss.or.kr/dsaf001/main.do?rcpNo=20260316000856,2026-10-05
00155124,평화홀딩스(주),2025,평화씨엠비(주),"경영
참여",1993.12.10,"770,000",79.38,"8,830,000,000","58,004,000,000","4,625,000,000",20260316000856,https://dart.fss.or.kr/dsaf001/main.do?rcpNo=20260316000856,2026-10-05
00155124,평화홀딩스(주),2025,평화오일씰공업(주),"경영
참여",1977.02.10,"1,107,000",50.00,"23,015,000,000","237,650,000,000","12,865,000,000",20260316000856,https://dart.fss.or.kr/dsaf001/main.do?rcpNo=20260316000856,2026-10-05
00155452,풍국주정공업(주),2025,(주)제주항공,단순투자,2015.11.06,153,0.0,"1,000,000",,,20260318001648,https://dart.fss.or.kr/dsaf001/main.do?rcpNo=20260318001648,2026-10-05
00155452,풍국주정공업(주),2025,DL(주),단순투자,2021.04.16,"4,108",0.0,"155,000,000",,,20260318001648,https://dart.fss.or.kr/dsaf001/main.do?rcpNo=20260318001648,2026-10-05
00155452,풍국주정공업(주),2025,DL이앤씨(주),단순투자,2021.04.12,"7,864",0.0,"324,000,000",,,20260318001648,https://dart.fss.or.kr/dsaf001/main.do?rcpNo=20260318001648,2026-10-05
00155452,풍국주정공업(주),2025,남양유업,단순투자,2021.06.03,"4,790",0.0,"240,000,000",,,20260318001648,https://dart.fss.or.kr/dsaf001/main.do?rcpNo=20260318001648,2026-10-05
00155452,풍국주정공업(주),2025,남양유업(우),단순투자,2023.06.02,180,0.6,"6,000,000",,,20260318001648,https://dart.fss.or.kr/dsaf001/main.do?rcpNo=20260318001648,2026-10-05
00155452,풍국주정공업(주),2025,대구프로축구단,일반투자,2002.09.30,"20,000",0.6,,,,20260318001648,https://dart.fss.or.kr/dsaf001/main.do?rcpNo=20260318001648,2026-10-05
00155452,풍국주정공업(주),2025,대한주정판매(주),일반투자,1972.10.11,"34,095",9.5,"1,249,000,000",,,20260318001648,https://dart.fss.or.kr/dsaf001/main.do?rcpNo=20260318001648,2026-10-05
00155452,풍국주정공업(주),2025,마이다스PEF,일반투자,2020.09.24,,16.9,"1,674,000,000",,,20260318001648,https://dart.fss.or.kr/dsaf001/main.do?rcpNo=20260318001648,2026-10-05
00155452,풍국주정공업(주),2025,서안주정(주),일반투자,1991.11.15,"45,484",11.4,"5,704,000,000",,,20260318001648,https://dart.fss.or.kr/dsaf001/main.do?rcpNo=20260318001648,2026-10-05
00155452,풍국주정공업(주),2025,선도산업(주),경영참여,2001.12.18,"80,000",50.0,"5,501,000,000","42,851,000,000","3,083,000,000",20260318001648,https://dart.fss.or.kr/dsaf001/main.do?rcpNo=20260318001648,2026-10-05
00155452,풍국주정공업(주),2025,선도화학(주),경영참여,2008.10.10,"24,000",10.0,"1,972,000,000","49,888,000,000","4,539,000,000",20260318001648,https://dart.fss.or.kr/dsaf001/main.do?rcpNo=20260318001648,2026-10-05
00155452,풍국주정공업(주),2025,에스디지(주),경영참여,2005.12.28,"348,317",56.4,"4,240,000,000","56,797,000,000","7,101,000,000",20260318001648,https://dart.fss.or.kr/dsaf001/main.do?rcpNo=20260318001648,2026-10-05
00155452,풍국주정공업(주),2025,파라마크케이비제1호PEF,일반투자,2021.12.10,,5.78,"8,798,000,000",,,20260318001648,https://dart.fss.or.kr/dsaf001/main.do?rcpNo=20260318001648,2026-10-05
00158024,케이비아이메탈(주),2025,(주) 코스모링크,경영참여,2013.03.20,"1,026,000",50.16,"8,451,000,000","73,221,000,000","2,517,000,000",20260319000983,https://dart.fss.or.kr/dsaf001/main.do?rcpNo=20260319000983,2026-10-05
00158024,케이비아이메탈(주),2025,"KBI COSMOLINK-VINA CABLE CO.,LTD.",경영참여,2017.02.21,,63.86,"5,202,000,000","22,072,000,000","2,311,000,000",20260319000983,https://dart.fss.or.kr/dsaf001/main.do?rcpNo=20260319000983,2026-10-05
00158024,케이비아이메탈(주),2025,KBI LOGIS VINA,경영참여,2023.01.19,,100.00,"8,106,000,000","8,900,000,000","-155,000,000",20260319000983,https://dart.fss.or.kr/dsaf001/main.do?rcpNo=20260319000983,2026-10-05
00158024,케이비아이메탈(주),2025,케이비오토텍(주),출자전환,2025.04.30,"18,500,000",46.25,"12,337,000,000","190,202,000,000","-8,657,000,000",20260319000983,https://dart.fss.or.kr/dsaf001/main.do?rcpNo=20260319000983,2026-10-05
00165103,(주)푸드웰,2025,주/블루스트리트,종속기업투자주식,2025.01.03,"465,000",81.2,"2,449,000,000","1,992,000,000","-224,000,000",20260324000034,https://dart.fss.or.kr/dsaf001/main.do?rcpNo=20260324000034,2026-10-05
00165103,(주)푸드웰,2025,주/코스팜,종속기업투자주식,2022.08.02,"170,000",100.0,"33,784,000,000","41,934,000,000","3,430,000,000",20260324000034,https://dart.fss.or.kr/dsaf001/main.do?rcpNo=20260324000034,2026-10-05
00165103,(주)푸드웰,2025,주/푸르온,종속기업투자주식,2010.09.13,"2,940,000",49.0,"1,470,000,000","63,654,000,000","3,464,000,000",20260324000034,https://dart.fss.or.kr/dsaf001/main.do?rcpNo=20260324000034,2026-10-05
00165103,(주)푸드웰,2025,주/후드원,종속기업투자주식,2021.01.29,"1,500,000",100.0,"4,928,000,000","12,976,000,000","-628,000,000",20260324000034,https://dart.fss.or.kr/dsaf001/main.do?rcpNo=20260324000034,2026-10-05
00165103,(주)푸드웰,2025,청도푸드웰,종속기업투자주식,2003.06.02,,100.0,"10,557,000,000","38,865,000,000","7,447,000,000",20260324000034,https://dart.fss.or.kr/dsaf001/main.do?rcpNo=20260324000034,2026-10-05
00166333,(주)화신테크,2024,"(주)게놈바이오로직스
아시아퍼시픽",일반투자,2020.02.27,"47,394",21.19,,,,20250407001849,https://dart.fss.or.kr/dsaf001/main.do?rcpNo=20250407001849,2026-10-05
00166333,(주)화신테크,2024,(주)비바이오,일반투자,2020.03.16,"4,878,049",19.92,,,,20250407001849,https://dart.fss.or.kr/dsaf001/main.do?rcpNo=20250407001849,2026-10-05
00166333,(주)화신테크,2024,(주)화신테크티피,일반투자,2013.08.28,"290,368",42.85,,,,20250407001849,https://dart.fss.or.kr/dsaf001/main.do?rcpNo=20250407001849,2026-10-05
00166333,(주)화신테크,2024,"한국연어
어업회사법인(주)",일반투자,2019.10.31,"172,000",45.03,,,,20250407001849,https://dart.fss.or.kr/dsaf001/main.do?rcpNo=20250407001849,2026-10-05
00174527,에이치에스화성(주),2025,(주)대구대명대한제59호위탁관리부동산투자회사,일반투자,2025.12.23,"2,920,000",19.96,"14,600,000,000",,,20260319000781,https://dart.fss.or.kr/dsaf001/main.do?rcpNo=20260319000781,2026-10-05
00174527,에이치에스화성(주),2025,(주)케이씨지아이,단순투자,2025.08.26,"3,000",2.73,"3,600,000,000",,,20260319000781,https://dart.fss.or.kr/dsaf001/main.do?rcpNo=20260319000781,2026-10-05
00174527,에이치에스화성(주),2025,HSHWASUNG GLOBAL PTE.LTD,경영참가,2024.11.30,"720,000",100.00,"683,000,000","1,002,000,000","-13,000,000",20260319000781,https://dart.fss.or.kr/dsaf001/main.do?rcpNo=20260319000781,2026-10-05
00174527,에이치에스화성(주),2025,IM금융지주,단순투자,2013.12.24,"1,199,000",0.71,"18,651,000,000","94,148,635,000,000","201,560,000,000",20260319000781,https://dart.fss.or.kr/dsaf001/main.do?rcpNo=20260319000781,2026-10-05
00174527,에이치에스화성(주),2025,KCGI자산운용,단순투자,2023.07.12,"1,058,000",40.00,"17,815,000,000","69,721,000,000","1,981,000,000",20260319000781,https://dart.fss.or.kr/dsaf001/main.do?rcpNo=20260319000781,2026-10-05
00174527,에이치에스화성(주),2025,WJ-IBKS글로벌혁신기업신기술투자조합1호,단순투자,2021.12.22,,5.67,"75,000,000",,,20260319000781,https://dart.fss.or.kr/dsaf001/main.do?rcpNo=20260319000781,2026-10-05
00174527,에이치에스화성(주),2025,㈜대구MBC미디컴,단순투자,1995.11.25,"20,000",10.00,"100,000,000",,,20260319000781,https://dart.fss.or.kr/dsaf001/main.do?rcpNo=20260319000781,2026-10-05
00174527,에이치에스화성(주),2025,㈜화성개발,단순투자,1996.03.16,"232,000",19.94,"20,123,000,000","136,415,000,000","4,843,000,000",20260319000781,https://dart.fss.or.kr/dsaf001/main.do?rcpNo=20260319000781,2026-10-05
00174527,에이치에스화성(주),2025,건설공제조합,일반투자,1997.03.12,"6,000",0.11,"8,862,000,000","7,858,581,000,000","23,149,000,000",20260319000781,https://dart.fss.or.kr/dsaf001/main.do?rcpNo=20260319000781,2026-10-05
00174527,에이치에스화성(주),2025,경주문예회관운영㈜,일반투자,2007.12.31,"89,000",6.50,,"22,825,000,000","666,000,000",20260319000781,https://dart.fss.or.kr/dsaf001/main.do?rcpNo=20260319000781,2026-10-05
00174527,에이치에스화성(주),2025,남사하이테크주식회사,경영참가,2017.09.26,"29,000",29.00,,,,20260319000781,https://dart.fss.or.kr/dsaf001/main.do?rcpNo=20260319000781,2026-10-05
00174527,에이치에스화성(주),2025,니카코리아㈜,단순투자,2023.07.21,,10.00,"1,000,000","49,938,000,000","4,034,000,000",20260319000781,https://dart.fss.or.kr/dsaf001/main.do?rcpNo=20260319000781,2026-10-05
00174527,에이치에스화성(주),2025,대가야푸른환경㈜,일반투자,2007.09.30,"73,000",9.83,,"13,306,000,000","-69,000,000",20260319000781,https://dart.fss.or.kr/dsaf001/main.do?rcpNo=20260319000781,2026-10-05
00174527,에이치에스화성(주),2025,대구남부순환도로㈜,일반투자,2007.09.30,"2,819,000",20.00,,"171,710,000,000","-7,830,000,000",20260319000781,https://dart.fss.or.kr/dsaf001/main.do?rcpNo=20260319000781,2026-10-05
00174527,에이치에스화성(주),2025,대구뮤지엄서비스,일반투자,2007.11.30,"104,000",10.50,,"22,127,000,000","-272,000,000",20260319000781,https://dart.fss.or.kr/dsaf001/main.do?rcpNo=20260319000781,2026-10-05
00174527,에이치에스화성(주),2025,대성환경에너지㈜,일반투자,2005.03.31,"202,000",15.00,"2,718,000,000","797,406,000,000","17,261,000,000",20260319000781,https://dart.fss.or.kr/dsaf001/main.do?rcpNo=20260319000781,2026-10-05
00174527,에이치에스화성(주),2025,대한제강,단순투자,2023.10.18,"379,000",1.62,"7,304,000,000","1,149,797,000,000","40,014,000,000",20260319000781,https://dart.fss.or.kr/dsaf001/main.do?rcpNo=20260319000781,2026-10-05
00174527,에이치에스화성(주),2025,마이크로스트래티지,단순투자,2024.03.08,"1,000",0.00,"311,000,000","36,101,044,000,000","-1,628,075,000,000",20260319000781,https://dart.fss.or.kr/dsaf001/main.do?rcpNo=20260319000781,2026-10-05
00174527,에이치에스화성(주),2025,성서늘푸른에너지㈜,경영참가,2025.04.22,"157,000",49.19,"672,000,000",,,20260319000781,https://dart.fss.or.kr/dsaf001/main.do?rcpNo=20260319000781,2026-10-05
00174527,에이치에스화성(주),2025,신세계라이브쇼핑,경영참가,2013.11.30,"1,891,000",21.49,"13,590,000,000","161,097,000,000","15,552,000,000",20260319000781,https://dart.fss.or.kr/dsaf001/main.do?rcpNo=20260319000781,2026-10-05
00174527,에이치에스화성(주),2025,제주항공우주호텔,일반투자,2012.10.31,"504,000",18.00,,"1,615,000,000","72,000,000",20260319000781,https://dart.fss.or.kr/dsaf001/main.do?rcpNo=20260319000781,2026-10-05
00174527,에이치에스화성(주),2025,주식회사엑스코,단순투자,1996.11.30,"3,610,000",8.27,"5,856,000,000","244,909,000,000","2,750,000,000",20260319000781,https://dart.fss.or.kr/dsaf001/main.do?rcpNo=20260319000781,2026-10-05
00174527,에이치에스화성(주),2025,평택석정화성파크드림㈜,경영참가,2020.02.17,"850,000",85.00,"12,482,000,000","165,829,000,000","12,249,000,000",20260319000781,https://dart.fss.or.kr/dsaf001/main.do?rcpNo=20260319000781,2026-10-05
00174527,에이치에스화성(주),2025,희망경제기업구조조정조합1호,단순투자,2007.12.18,,0.00,"193,000,000",,,20260319000781,https://dart.fss.or.kr/dsaf001/main.do?rcpNo=20260319000781,2026-10-05
00175650,케이씨더블류 (주),2025,경창과기(강음)유한공사,경영참여,2005.08.09,,52.98,,"5,997,000,000","-158,000,000",20260319000442,https://dart.fss.or.kr/dsaf001/main.do?rcpNo=20260319000442,2026-10-05
00175650,케이씨더블류 (주),2025,경창산업(주),경영참여,2006.11.02,"91,000",0.25,"136,000,000","431,218,000,000","-15,966,000,000",20260319000442,https://dart.fss.or.kr/dsaf001/main.do?rcpNo=20260319000442,2026-10-05
00175650,케이씨더블류 (주),2025,경창정공(주),경영참여,2009.07.20,"100,000",16.67,"1,990,000,000","58,737,000,000","-1,622,000,000",20260319000442,https://dart.fss.or.kr/dsaf001/main.do?rcpNo=20260319000442,2026-10-05
00202060,(주)구영테크,2025,"CAR TECH, LLC",경영참여,2025.08.25,"30,337,741",100.00,"8,328,627,000","241,970,588,000","-1,492,844,000",20260316001359,https://dart.fss.or.kr/dsaf001/main.do?rcpNo=20260316001359,2026-10-05
00202060,(주)구영테크,2025,"GUYOUNGTECH USA, INC",경영참여,2004.12.22,,100.00,"16,705,965,000","282,955,266,000","7,066,698,000",20260316001359,https://dart.fss.or.kr/dsaf001/main.do?rcpNo=20260316001359,2026-10-05
00202060,(주)구영테크,2025,㈜채널에이 (*주1),단순투자,2014.02.21,"100,000",0.12,"336,500,000","338,372,571,000","7,851,979,000",20260316001359,https://dart.fss.or.kr/dsaf001/main.do?rcpNo=20260316001359,2026-10-05
00202060,(주)구영테크,2025,동원금속㈜ (*주2),단순투자,2015.08.27,"945,142",2.02,"1,313,747,000","515,828,715,000","21,164,183,000",20260316001359,https://dart.fss.or.kr/dsaf001/main.do?rcpNo=20260316001359,2026-10-05
00202060,(주)구영테크,2025,삼보모터스㈜,단순투자,2025.11.20,"648,234",2.83,"4,161,662,000","1,394,103,668,000","27,378,813,000",20260316001359,https://dart.fss.or.kr/dsaf001/main.do?rcpNo=20260316001359,2026-10-05
00202060,(주)구영테크,2025,위해구영기차배건유한공사,경영참여,2004.07.06,,100.00,,"3,152,363,000","481,930,000",20260316001359,https://dart.fss.or.kr/dsaf001/main.do?rcpNo=20260316001359,2026-10-05
00204642,(주)티비씨,2025,(주)에스비에스엠앤씨,일반투자,2012.08.03,"60,000",2.00,"979,000,000","135,795,000,000","-922,000,000",20260319000683,https://dart.fss.or.kr/dsaf001/main.do?rcpNo=20260319000683,2026-10-05
00204642,(주)티비씨,2025,(주)캥거루리퍼블릭,일반투자,2015.01.12,"100,000",4.00,0,"13,981,000,000","-58,000,000",20260319000683,https://dart.fss.or.kr/dsaf001/main.do?rcpNo=20260319000683,2026-10-05
00204642,(주)티비씨,2025,(주)티비씨엔비,경영참여,2010.10.12,"198,000",100.00,"440,000,000","497,000,000","11,000,000",20260319000683,https://dart.fss.or.kr/dsaf001/main.do?rcpNo=20260319000683,2026-10-05
00204642,(주)티비씨,2025,(주)한국민영방송연합,일반투자,2011.06.03,"71,000",11.00,"488,000,000","4,060,000,000","168,000,000",20260319000683,https://dart.fss.or.kr/dsaf001/main.do?rcpNo=20260319000683,2026-10-05
00204642,(주)티비씨,2025,IM금융지주,단순투자,2023.01.18,"87,000",0.05,"1,353,000,000","98,860,713,000,000","457,486,000,000",20260319000683,https://dart.fss.or.kr/dsaf001/main.do?rcpNo=20260319000683,2026-10-05
00217743,화성밸브(주),2025,에이치에스메탈(주),경영참가,2022.04.01,"10,000",100.0,"1,103,000,000","2,813,000,000","419,000,000",20260320000173,https://dart.fss.or.kr/dsaf001/main.do?rcpNo=20260320000173,2026-10-05
00217743,화성밸브(주),2025,화성케이비밸브(주),경영참가,2022.04.20,"200,000",100.0,"1,799,000,000","4,892,000,000","-930,000,000",20260320000173,https://dart.fss.or.kr/dsaf001/main.do?rcpNo=20260320000173,2026-10-05
00261285,한국가스공사(주),2025,"(주)한국가스기술공사
(주1)",설립투자,1993.05.27,"1,060,000",100,"54,377,000,000","229,606,000,000","2,419,000,000",20260323001058,https://dart.fss.or.kr/dsaf001/main.do?rcpNo=20260323001058,2026-10-05
00261285,한국가스공사(주),2025,"(주)한우즈벡
실린더투자",지분취득,2011.01.12,"1,157,938",40.38,"228,000,000","4,422,000,000","-40,000,000",20260323001058,https://dart.fss.or.kr/dsaf001/main.do?rcpNo=20260323001058,2026-10-05
00261285,한국가스공사(주),2025,"(주)한우즈벡
씨엔지투자",지분취득,2011.01.12,"508,305",38.85,"105,000,000","1,915,000,000","-1,000,000",20260323001058,https://dart.fss.or.kr/dsaf001/main.do?rcpNo=20260323001058,2026-10-05
00261285,한국가스공사(주),2025,HYLNG(주5),지분취득,2006.09.18,"5,880",49,,"207,389,000,000","-596,000,000",20260323001058,https://dart.fss.or.kr/dsaf001/main.do?rcpNo=20260323001058,2026-10-05
00261285,한국가스공사(주),2025,"K.K.Korea 
Kamchatka Co. Ltd(주4)",탐사 컨소시엄,2006.06.16,,,,,,20260323001058,https://dart.fss.or.kr/dsaf001/main.do?rcpNo=20260323001058,2026-10-05
00261285,한국가스공사(주),2025,"KG 
  Mozambique Ltd.",탐사 컨소시엄,2007.06.28,324,100,"132,983,000,000","1,687,067,000,000","-363,430,000,000",20260323001058,https://dart.fss.or.kr/dsaf001/main.do?rcpNo=20260323001058,2026-10-05
00261285,한국가스공사(주),2025,"KG 
Krueng Mane Ltd.",탐사 컨소시엄,2007.07.25,1,100,,,"-2,748,000,000",20260323001058,https://dart.fss.or.kr/dsaf001/main.do?rcpNo=20260323001058,2026-10-05
00261285,한국가스공사(주),2025,"KG-SEAGP 
Company Limited",투자자금 확보,2016.05.11,"10,838,164",100,"12,870,000,000","55,997,000,000","8,909,000,000",20260323001058,https://dart.fss.or.kr/dsaf001/main.do?rcpNo=20260323001058,2026-10-05
00261285,한국가스공사(주),2025,KLBV1 S.A.,LNG벙커링사업 참여,2020.02.12,510,40,"5,748,000,000","82,152,000,000","837,000,000",20260323001058,https://dart.fss.or.kr/dsaf001/main.do?rcpNo=20260323001058,2026-10-05
00261285,한국가스공사(주),2025,"KOGAMEX 
Investment 
Manzanillo B.V.","만사니요 LNG 터미널
 사업 참여",2008.01.25,"18,000",100,"25,000,000","164,957,000,000","-7,816,000,000",20260323001058,https://dart.fss.or.kr/dsaf001/main.do?rcpNo=20260323001058,2026-10-05
00261285,한국가스공사(주),2025,"KOGAS 
 Cyprus Ltd.",탐사 컨소시엄,2013.12.09,"4,282",100,"7,949,000,000","4,574,000,000","-201,000,000",20260323001058,https://dart.fss.or.kr/dsaf001/main.do?rcpNo=20260323001058,2026-10-05
00261285,한국가스공사(주),2025,"KOGAS 
 Prelude Pty. Ltd.","Prelude FLNG
 사업 참여",2011.12.23,"1,192,007,965",100,"560,432,000,000","2,013,180,000,000","13,416,000,000",20260323001058,https://dart.fss.or.kr/dsaf001/main.do?rcpNo=20260323001058,2026-10-05
00261285,한국가스공사(주),2025,"KOGAS 
Akkas B.V.",유가스전생산사업,2010.12.17,"279,101,894",100,,"3,196,000,000","-675,000,000",20260323001058,https://dart.fss.or.kr/dsaf001/main.do?rcpNo=20260323001058,2026-10-05
00261285,한국가스공사(주),2025,"KOGAS 
Australia
 Pty Ltd.",호주GLNG 사업참여,2008.03.21,"1,951,294,463",100,"525,643,000,000","4,064,182,000,000","-164,501,000,000",20260323001058,https://dart.fss.or.kr/dsaf001/main.do?rcpNo=20260323001058,2026-10-05
00261285,한국가스공사(주),2025,"KOGAS 
Badra B.V.",유가스전생산사업,2010.05.07,"157,881,149",100,"105,875,000,000","377,405,000,000","-17,950,000,000",20260323001058,https://dart.fss.or.kr/dsaf001/main.do?rcpNo=20260323001058,2026-10-05
00261285,한국가스공사(주),2025,"KOGAS 
International Pte. Ltd.",LNG마케팅,2017.12.08,"1,000,000",100,"1,078,000,000","111,800,000,000","11,650,000,000",20260323001058,https://dart.fss.or.kr/dsaf001/main.do?rcpNo=20260323001058,2026-10-05
00261285,한국가스공사(주),2025,"KOGAS 
Mansuriya B.V.",유가스전생산사업,2010.12.24,"22,496,557",100,,"257,000,000","-86,000,000",20260323001058,https://dart.fss.or.kr/dsaf001/main.do?rcpNo=20260323001058,2026-10-05
00261285,한국가스공사(주),2025,"KOGAS 
Mozambique Lda.","마푸토 가스공급사업 
투자 및 건설",2012.07.04,1,99.99,"411,000,000","36,234,000,000","9,265,000,000",20260323001058,https://dart.fss.or.kr/dsaf001/main.do?rcpNo=20260323001058,2026-10-05
00261285,한국가스공사(주),2025,"KOGAS Canada 
Energy Ltd","가스전 개발생산,
LNG액화기지운영",2020.01.01,"1,673,732,298",100,"598,891,000,000","1,979,556,000,000","-12,407,000,000",20260323001058,https://dart.fss.or.kr/dsaf001/main.do?rcpNo=20260323001058,2026-10-05
00261285,한국가스공사(주),2025,KOGAS Iraq B.V.,유가스전생산사업,2009.11.23,1,100,,"1,118,481,000,000","49,899,000,000",20260323001058,https://dart.fss.or.kr/dsaf001/main.do?rcpNo=20260323001058,2026-10-05
00261285,한국가스공사(주),2025,KOLNG,설립투자,1997.01.17,"2,880",24,"20,632,000,000","86,235,000,000","25,961,000,000",20260323001058,https://dart.fss.or.kr/dsaf001/main.do?rcpNo=20260323001058,2026-10-05
00261285,한국가스공사(주),2025,"KOMEX-GAS, 
S. de R.L. de C.V","만사니요 LNG 터미널
 유지보수 인력 파견",2008.06.27,,99.97,,,,20260323001058,https://dart.fss.or.kr/dsaf001/main.do?rcpNo=20260323001058,2026-10-05
00261285,한국가스공사(주),2025,KORAS(주2),설립투자,2000.02.08,"16,700,000",60,"105,749,000,000","176,525,000,000","-113,747,000,000",20260323001058,https://dart.fss.or.kr/dsaf001/main.do?rcpNo=20260323001058,2026-10-05
00261285,한국가스공사(주),2025,"Kor-Uz Gas Chemical
Investment",지분취득,2008.04.29,"310,140",45,"791,589,000,000","1,797,998,000,000","68,438,000,000",20260323001058,https://dart.fss.or.kr/dsaf001/main.do?rcpNo=20260323001058,2026-10-05
00261285,한국가스공사(주),2025,Sulawesi LNG Development,인니 DSLNG 사업 참여,2011.02.14,"169,940",25,"169,256,000,000","694,447,000,000","150,806,000,000",20260323001058,https://dart.fss.or.kr/dsaf001/main.do?rcpNo=20260323001058,2026-10-05
00261285,한국가스공사(주),2025,Tomori E&P Ltd,"원유 및 
 천연가스개발",2011.11.21,49,49,"114,466,000,000","293,845,000,000","62,003,000,000",20260323001058,https://dart.fss.or.kr/dsaf001/main.do?rcpNo=20260323001058,2026-10-05
00261285,한국가스공사(주),2025,YLNG(주3),지분취득,2005.12.21,"1,500",6,,"4,886,279,000,000","-285,171,000,000",20260323001058,https://dart.fss.or.kr/dsaf001/main.do?rcpNo=20260323001058,2026-10-05
00261285,한국가스공사(주),2025,"수소에너지네트워크
주식회사",지분취득,2019.02.28,"3,650,525",20.51,,"122,949,000,000","-18,909,000,000",20260323001058,https://dart.fss.or.kr/dsaf001/main.do?rcpNo=20260323001058,2026-10-05
00261285,한국가스공사(주),2025,"주식회사 
한국초저온인천",LNG냉열활용 사업,2021.11.24,"75,000",15,,"42,925,000,000","-3,922,000,000",20260323001058,https://dart.fss.or.kr/dsaf001/main.do?rcpNo=20260323001058,2026-10-05
00261285,한국가스공사(주),2025,"케이씨엘엔지테크 
주식회사",설립투자,2016.02.24,"15,250,760",50.2,,"6,344,000,000","-1,546,000,000",20260323001058,https://dart.fss.or.kr/dsaf001/main.do?rcpNo=20260323001058,2026-10-05
00261285,한국가스공사(주),2025,"케이지미얀마
주식회사(주6)",투자자금 확보,2017.12.15,,,,,"-50,000,000",20260323001058,https://dart.fss.or.kr/dsaf001/main.do?rcpNo=20260323001058,2026-10-05
00261285,한국가스공사(주),2025,코가스보안관리(주),특수경비업 등,2024.01.24,"160,000",100,"800,000,000","3,720,000,000","552,000,000",20260323001058,https://dart.fss.or.kr/dsaf001/main.do?rcpNo=20260323001058,2026-10-05
00261285,한국가스공사(주),2025,"코가스서비스
얼라이언스(주)",건물위생관리업 등,2024.01.24,"360,000",100,"1,800,000,000","11,680,000,000","1,649,000,000",20260323001058,https://dart.fss.or.kr/dsaf001/main.do?rcpNo=20260323001058,2026-10-05
00261285,한국가스공사(주),2025,"코리아
엘엔지트레이딩(주)",설립투자,2006.01.26,"140,000",28,"3,744,000,000","289,045,000,000","2,723,000,000",20260323001058,https://dart.fss.or.kr/dsaf001/main.do?rcpNo=20260323001058,2026-10-05
00261285,한국가스공사(주),2025,하이스테이션 주식회사,지분취득,2022.10.21,"754,000",29,"3,770,000,000","10,767,000,000","-445,000,000",20260323001058,https://dart.fss.or.kr/dsaf001/main.do?rcpNo=20260323001058,2026-10-05
00261285,한국가스공사(주),2025,"한국엘엔지벙커링
주식회사",설립투자,2020.12.04,"882,000",100,"44,100,000,000","89,969,000,000","1,637,000,000",20260323001058,https://dart.fss.or.kr/dsaf001/main.do?rcpNo=20260323001058,2026-10-05
00288495,주식회사 에이치씨홈센타,2025,(주)에이치씨경산레미콘,시장점유율확대,2023.12.11,"300,000",100,"1,594,000,000","6,669,000,000","-862,000,000",20260323001089,https://dart.fss.or.kr/dsaf001/main.do?rcpNo=20260323001089,2026-10-05
00288495,주식회사 에이치씨홈센타,2025,(주)에이치씨군위산업,시장점유율확대,2020.08.24,"600,000",100,"1,883,000,000","6,906,000,000","-376,000,000",20260323001089,https://dart.fss.or.kr/dsaf001/main.do?rcpNo=20260323001089,2026-10-05
00288495,주식회사 에이치씨홈센타,2025,(주)에이치씨대동레미콘,시장점유율확대,2012.03.31,"1,000,000",100,"6,543,000,000","20,725,000,000","-1,188,000,000",20260323001089,https://dart.fss.or.kr/dsaf001/main.do?rcpNo=20260323001089,2026-10-05
00288495,주식회사 에이치씨홈센타,2025,(주)에이치씨동부레미콘,시장점유율확대,2024.06.24,"300,000",100,"746,000,000","9,485,000,000","-952,000,000",20260323001089,https://dart.fss.or.kr/dsaf001/main.do?rcpNo=20260323001089,2026-10-05
00288495,주식회사 에이치씨홈센타,2025,(주)에이치씨동화주택,사업다각화,2025.03.17,"455,000",100,"48,531,000,000","72,916,000,000","10,027,000,000",20260323001089,https://dart.fss.or.kr/dsaf001/main.do?rcpNo=20260323001089,2026-10-05
00288495,주식회사 에이치씨홈센타,2025,(주)에이치씨물류,사업다각화,2017.11.08,"10,000",100,"1,998,000,000","4,854,000,000","-231,000,000",20260323001089,https://dart.fss.or.kr/dsaf001/main.do?rcpNo=20260323001089,2026-10-05
00288495,주식회사 에이치씨홈센타,2025,(주)에이치씨보광레미콘,시장점유율확대,2000.05.08,"300,000",100,"6,872,000,000","21,255,000,000","-2,359,000,000",20260323001089,https://dart.fss.or.kr/dsaf001/main.do?rcpNo=20260323001089,2026-10-05
00288495,주식회사 에이치씨홈센타,2025,(주)에이치씨보광산업,경영참여,2016.06.22,"14,805,026",41,"43,198,000,000","175,264,000,000","-2,492,000,000",20260323001089,https://dart.fss.or.kr/dsaf001/main.do?rcpNo=20260323001089,2026-10-05
00288495,주식회사 에이치씨홈센타,2025,(주)에이치씨보광아스콘,사업다각화,2017.07.06,"20,000",100,"3,832,000,000","2,928,000,000","83,000,000",20260323001089,https://dart.fss.or.kr/dsaf001/main.do?rcpNo=20260323001089,2026-10-05
00288495,주식회사 에이치씨홈센타,2025,(주)에이치씨보광알엠씨,시장점유율확대,2014.06.27,"400,000",100,"3,531,000,000","7,998,000,000","-680,000,000",20260323001089,https://dart.fss.or.kr/dsaf001/main.do?rcpNo=20260323001089,2026-10-05
00288495,주식회사 에이치씨홈센타,2025,(주)에이치씨보광콘크리트,시장점유율확대,2017.11.09,"1,150,000",100,"5,150,000,000","9,443,000,000","-543,000,000",20260323001089,https://dart.fss.or.kr/dsaf001/main.do?rcpNo=20260323001089,2026-10-05
00288495,주식회사 에이치씨홈센타,2025,(주)에이치씨에너지,사업다각화,2016.12.13,"160,000",100,"2,681,000,000","29,665,000,000","450,000,000",20260323001089,https://dart.fss.or.kr/dsaf001/main.do?rcpNo=20260323001089,2026-10-05
00288495,주식회사 에이치씨홈센타,2025,(주)에이치씨의성레미콘,시장점유율확대,2023.04.07,"600,000",100,"5,903,000,000","11,062,000,000","29,000,000",20260323001089,https://dart.fss.or.kr/dsaf001/main.do?rcpNo=20260323001089,2026-10-05
00288495,주식회사 에이치씨홈센타,2025,(주)에이치씨의성산업,시장점유율확대,2021.01.06,"99,500",100,"430,000,000","1,163,000,000","-98,000,000",20260323001089,https://dart.fss.or.kr/dsaf001/main.do?rcpNo=20260323001089,2026-10-05
00288495,주식회사 에이치씨홈센타,2025,(주)에이치씨제일레미콘,시장점유율확대,2017.09.19,"50,000",100,"4,868,000,000","10,187,000,000","-58,000,000",20260323001089,https://dart.fss.or.kr/dsaf001/main.do?rcpNo=20260323001089,2026-10-05
00288495,주식회사 에이치씨홈센타,2025,(주)에이치씨홈센타레미콘,물적분할,2016.09.01,"1,407,202",100,"27,256,000,000","58,331,000,000","-3,087,000,000",20260323001089,https://dart.fss.or.kr/dsaf001/main.do?rcpNo=20260323001089,2026-10-05
00288495,주식회사 에이치씨홈센타,2025,(주)에이치씨황재레미콘,시장점유율확대,2013.10.31,"600,000",100,"4,326,000,000","2,220,000,000","101,000,000",20260323001089,https://dart.fss.or.kr/dsaf001/main.do?rcpNo=20260323001089,2026-10-05
00308896,(주)셀피글로벌,2025,ICK International INC,경영참여,2015.11.11,600,100.0,"2,171,859,000","4,708,834,000","-1,995,803,000",20260323001695,https://dart.fss.or.kr/dsaf001/main.do?rcpNo=20260323001695,2026-10-05
00308896,(주)셀피글로벌,2025,ICK JAPAN㈜,경영참여,2006.08.01,400,40.0,,,,20260323001695,https://dart.fss.or.kr/dsaf001/main.do?rcpNo=20260323001695,2026-10-05
00308896,(주)셀피글로벌,2025,㈜에이엔비코리아,단순투자,2020.10.15,"300,000",8.70,,"1,192,053,000","-237,400,000",20260323001695,https://dart.fss.or.kr/dsaf001/main.do?rcpNo=20260323001695,2026-10-05
00308896,(주)셀피글로벌,2025,㈜키코,단순투자,2022.10.12,"19,200",30.0,,"6,896,921,000","-778,000,000",20260323001695,https://dart.fss.or.kr/dsaf001/main.do?rcpNo=20260323001695,2026-10-05
00308896,(주)셀피글로벌,2025,"시큐어플랫폼즈테크놀러지㈜,",단순투자,2008.01.14,"8,888",12.86,"133,016,000","2,199,771,000","-214,055,000",20260323001695,https://dart.fss.or.kr/dsaf001/main.do?rcpNo=20260323001695,2026-10-05
00308896,(주)셀피글로벌,2025,티머니㈜,단순투자,2003.12.05,"16,282",0.14,"73,935,000","729,058,041,000","28,466,118,000",20260323001695,https://dart.fss.or.kr/dsaf001/main.do?rcpNo=20260323001695,2026-10-05
00351092,삼보모터스(주),2025,(주)구영테크,단순투자,2025.11.20,"1,327,000",4.8,"2,733,000,000","710,509,000,000","22,566,000,000",20260323000719,https://dart.fss.or.kr/dsaf001/main.do?rcpNo=20260323000719,2026-10-05
00351092,삼보모터스(주),2025,(주)나전,경영참여,2015.06.22,"758,000",43.2,"6,326,000,000","94,113,000,000","7,038,000,000",20260323000719,https://dart.fss.or.kr/dsaf001/main.do?rcpNo=20260323000719,2026-10-05
00351092,삼보모터스(주),2025,(주)대구방송,단순투자,2007.06.18,"300,000",0.3,"183,000,000","135,622,000,000","3,802,000,000",20260323000719,https://dart.fss.or.kr/dsaf001/main.do?rcpNo=20260323000719,2026-10-05
00351092,삼보모터스(주),2025,(주)맘쓰랩,단순투자,2024.09.30,"90,000",26.1,"90,000,000","1,290,000,000","3,000,000",20260323000719,https://dart.fss.or.kr/dsaf001/main.do?rcpNo=20260323000719,2026-10-05
00351092,삼보모터스(주),2025,(주)프라코,경영참여,2014.12.17,"5,163,000",100,"82,437,000,000","464,129,000,000","25,188,000,000",20260323000719,https://dart.fss.or.kr/dsaf001/main.do?rcpNo=20260323000719,2026-10-05
00351092,삼보모터스(주),2025,ACE GIKEN,경영참여,2019.02.25,"3,000",100,"3,586,000,000","5,011,000,000","170,000,000",20260323000719,https://dart.fss.or.kr/dsaf001/main.do?rcpNo=20260323000719,2026-10-05
00351092,삼보모터스(주),2025,"Carlsson Fahrze
ugtechnik GmbH",경영참여,2015.12.04,,100,,"441,000,000","7,592,000,000",20260323000719,https://dart.fss.or.kr/dsaf001/main.do?rcpNo=20260323000719,2026-10-05
00351092,삼보모터스(주),2025,"RIZHAO SAMBO 
MOTORS CO,. LTD",경영참여,2009.03.06,,100,"14,104,000,000","45,961,000,000","503,000,000",20260323000719,https://dart.fss.or.kr/dsaf001/main.do?rcpNo=20260323000719,2026-10-05
00351092,삼보모터스(주),2025,SAMBO AMERICA,경영참여,2018.08.27,,100,"19,597,000,000","102,212,000,000","-1,009,000,000",20260323000719,https://dart.fss.or.kr/dsaf001/main.do?rcpNo=20260323000719,2026-10-05
00351092,삼보모터스(주),2025,SAMBO MOTORS INDIA PRIVATE LIMITED.,경영참여,2024.09.25,"400,000",100,"641,000,000","9,634,000,000","-3,249,000,000",20260323000719,https://dart.fss.or.kr/dsaf001/main.do?rcpNo=20260323000719,2026-10-05
00351092,삼보모터스(주),2025,"SAMBO MOTORS,
S. DE R.L. DE C.V",경영참여,2016.05.30,,99.9,"64,497,000,000","173,575,000,000","-23,700,000,000",20260323000719,https://dart.fss.or.kr/dsaf001/main.do?rcpNo=20260323000719,2026-10-05
00351092,삼보모터스(주),2025,대경인베스트먼트(주),단순투자,2006.11.09,"200,000",10,"4,593,000,000","47,366,000,000","15,072,000,000",20260323000719,https://dart.fss.or.kr/dsaf001/main.do?rcpNo=20260323000719,2026-10-05
00351092,삼보모터스(주),2025,동원금속(주),단순투자,2014.04.29,"496,000",1.1,"690,000,000","515,829,000,000","21,164,000,000",20260323000719,https://dart.fss.or.kr/dsaf001/main.do?rcpNo=20260323000719,2026-10-05
00351092,삼보모터스(주),2025,뮤어우즈 하이 모빌리티 스케일업 신기술사업투자조합 제3호,단순투자,2021.11.05,"2,000",18.7,"6,623,000,000","35,436,000,000","-283,000,000",20260323000719,https://dart.fss.or.kr/dsaf001/main.do?rcpNo=20260323000719,2026-10-05
00351092,삼보모터스(주),2025,스마트 뮤어우즈 비대면 1호 투자조합,단순투자,2022.10.14,"6,000",29.7,"5,010,000,000","18,638,000,000","-495,000,000",20260323000719,https://dart.fss.or.kr/dsaf001/main.do?rcpNo=20260323000719,2026-10-05
00351092,삼보모터스(주),2025,에스비오토모티브(주),경영참여,2023.08.31,"33,504,000",100,"9,611,000,000","10,677,000,000","-137,000,000",20260323000719,https://dart.fss.or.kr/dsaf001/main.do?rcpNo=20260323000719,2026-10-05
00351092,삼보모터스(주),2025,와이앤아처 로컬펌프업 투자조합 1호,단순투자,2022.12.30,,4,"200,000,000","4,465,000,000","-224,000,000",20260323000719,https://dart.fss.or.kr/dsaf001/main.do?rcpNo=20260323000719,2026-10-05
00355335,(주)투에버,2025,(주)HPC,단순투자,,,,"1,000",,,20260330000685,https://dart.fss.or.kr/dsaf001/main.do?rcpNo=20260330000685,2026-10-05
00355335,(주)투에버,2025,대구프로축구단,단순투자,,400,0.01,"2,000,000",,,20260330000685,https://dart.fss.or.kr/dsaf001/main.do?rcpNo=20260330000685,2026-10-05
00355335,(주)투에버,2025,지더블유바이텍(주),단순투자,,"21,486",0.07,"12,397,000",,,20260330000685,https://dart.fss.or.kr/dsaf001/main.do?rcpNo=20260330000685,2026-10-05
00355335,(주)투에버,2025,직접판매공제조합,담보제공,,6,1.14,"627,068,000",,,20260330000685,https://dart.fss.or.kr/dsaf001/main.do?rcpNo=20260330000685,2026-10-05
00361381,(주)제이브이엠,2025,JVM Europe B.V.,"경영
참여",2014.07.02,"50,000",100,,"35,656,000,000","598,000,000",20260323001116,https://dart.fss.or.kr/dsaf001/main.do?rcpNo=20260323001116,2026-10-05
00361381,(주)제이브이엠,2025,소주철유명자동화설비유한공사,"경영
참여",2025.11.17,,100,,"1,059,000,000","-48,000,000",20260323001116,https://dart.fss.or.kr/dsaf001/main.do?rcpNo=20260323001116,2026-10-05
00369833,유니온머티리얼(주),2025,"유니온머티리얼
베트남(유)",해외거점확보,2019.02.27,,100,"974,960,000","37,089,136,000","-3,400,304,000",20260318001126,https://dart.fss.or.kr/dsaf001/main.do?rcpNo=20260318001126,2026-10-05
00369833,유니온머티리얼(주),2025,유니온툴텍공구(유),해외거점확보,2021.01.14,,100,"1,000","2,353,015,000","119,657,000",20260318001126,https://dart.fss.or.kr/dsaf001/main.do?rcpNo=20260318001126,2026-10-05
00398701,(주)엘앤에프,2025,"무석광미래
신재료유한공사",투자,2004.11.15,,65.81,,"930,246,525","-115,469,915",20260814000818,https://dart.fss.or.kr/dsaf001/main.do?rcpNo=20260814000818,2026-10-05
00398701,(주)엘앤에프,2025,"엘앤에프
케모솔루션",,2025.09.25,"80,000",50.00,"312,544,454","345,748,949","-251,940,446",20260814000818,https://dart.fss.or.kr/dsaf001/main.do?rcpNo=20260814000818,2026-10-05
00398701,(주)엘앤에프,2025,엘앤에프플러스,,2025.08.08,"24,200,000",100.00,"121,000,000,000",,,20260814000818,https://dart.fss.or.kr/dsaf001/main.do?rcpNo=20260814000818,2026-10-05
00398701,(주)엘앤에프,2025,"엘에스 
엘앤에프
배터리솔루션",,2023.10.10,"27,450,000",45.00,"132,066,540,890","357,895,640,693","-75,334,643",20260814000818,https://dart.fss.or.kr/dsaf001/main.do?rcpNo=20260814000818,2026-10-05
00398701,(주)엘앤에프,2025,"제이에이치
화학공업(주)",투자,2011.01.05,"42,013,412",91.29,"46,871,629,318","92,110,033,683","-5,382,391,972",20260814000818,https://dart.fss.or.kr/dsaf001/main.do?rcpNo=20260814000818,2026-10-05
00404288,(주)아진엑스텍,2025,"VAS HIGH TECHNOLOGY
SOLUTION CORPORATION
(해외법인, 비상장)",해외진출,2019.06.30,"200,000",20,,,,20260323000265,https://dart.fss.or.kr/dsaf001/main.do?rcpNo=20260323000265,2026-10-05
00411048,(주)에스앤에스텍,2025,(주)나이스엘엠에스,투자,2019.05.30,"279,412",0.99,,"167,370,000,000","-5,050,000,000",20260316000487,https://dart.fss.or.kr/dsaf001/main.do?rcpNo=20260316000487,2026-10-05
00411048,(주)에스앤에스텍,2025,(주)에이피씨티,신규사업,2010.04.09,"475,806",6.29,"80,000,000","6,863,000,000","121,000,000",20260316000487,https://dart.fss.or.kr/dsaf001/main.do?rcpNo=20260316000487,2026-10-05
00411048,(주)에스앤에스텍,2025,에스앤에스2022 펀더멘탈 투자조합,투자,2022.12.19,,,"579,000,000","5,626,000,000","2,864,000,000",20260316000487,https://dart.fss.or.kr/dsaf001/main.do?rcpNo=20260316000487,2026-10-05
00411048,(주)에스앤에스텍,2025,에스앤에스넥스트테크놀로지 1호,신규사업,2021.12.29,19,81.63,"427,000,000","1,087,000,000","-1,317,000,000",20260316000487,https://dart.fss.or.kr/dsaf001/main.do?rcpNo=20260316000487,2026-10-05
00411048,(주)에스앤에스텍,2025,에스앤에스인베스트먼트 주식회사,신규사업,2020.09.24,"1,000,000",100.00,"14,536,000,000","15,386,000,000","1,918,000,000",20260316000487,https://dart.fss.or.kr/dsaf001/main.do?rcpNo=20260316000487,2026-10-05
00411048,(주)에스앤에스텍,2025,주식회사 에스앤에스랩,신규사업,2022.02.11,"1,000,000",80.00,"4,844,000,000","8,110,000,000","-830,000,000",20260316000487,https://dart.fss.or.kr/dsaf001/main.do?rcpNo=20260316000487,2026-10-05
00411048,(주)에스앤에스텍,2025,케이디비-에스앤에스-유아이반도체 소부장오픈이노베이션,투자,2025.12.22,500,12.47,"498,000,000",,,20260316000487,https://dart.fss.or.kr/dsaf001/main.do?rcpNo=20260316000487,2026-10-05
00411048,(주)에스앤에스텍,2025,코리아오메가-레드우드글로벌헬스케어투자조합,투자,2019.02.19,20,8.77,"386,000,000","21,225,000,000","-266,000,000",20260316000487,https://dart.fss.or.kr/dsaf001/main.do?rcpNo=20260316000487,2026-10-05
00411048,(주)에스앤에스텍,2025,코메스-에스앤에스2024 투자조합,투자,2024.07.29,563,3.75,"517,000,000","4,888,000,000","-342,000,000",20260316000487,https://dart.fss.or.kr/dsaf001/main.do?rcpNo=20260316000487,2026-10-05
00428729,(주)대호에이엘,2025,(주)대호글로밴스,사업관련,2025.09.10,"155,000",100.00,,"4,933,000,000","-811,000,000",20260324000005,https://dart.fss.or.kr/dsaf001/main.do?rcpNo=20260324000005,2026-10-05
00428729,(주)대호에이엘,2025,(주)대호이노베이션,사업관련,2025.01.08,"100,000",100.00,,"6,406,000,000","-107,000,000",20260324000005,https://dart.fss.or.kr/dsaf001/main.do?rcpNo=20260324000005,2026-10-05
00428729,(주)대호에이엘,2025,(주)씨아테크,투자,2025.04.25,"50,578",0.09,"54,000,000","126,956,000,000","14,621,000,000",20260324000005,https://dart.fss.or.kr/dsaf001/main.do?rcpNo=20260324000005,2026-10-05
00428729,(주)대호에이엘,2025,(주)엑시온그룹,투자,2025.08.05,"1,424,500",3.06,"1,008,000,000","58,139,000,000","-17,908,000,000",20260324000005,https://dart.fss.or.kr/dsaf001/main.do?rcpNo=20260324000005,2026-10-05
00428729,(주)대호에이엘,2025,(주)진머티리얼즈,사업관련,2025.04.30,"3,000,000",100.00,"3,432,000,000","7,905,000,000","-624,000,000",20260324000005,https://dart.fss.or.kr/dsaf001/main.do?rcpNo=20260324000005,2026-10-05
00428729,(주)대호에이엘,2025,네오크레마(주),투자,2022.03.04,"1,035,325",8.18,"6,077,000,000","70,849,000,000","-9,972,000,000",20260324000005,https://dart.fss.or.kr/dsaf001/main.do?rcpNo=20260324000005,2026-10-05
00428729,(주)대호에이엘,2025,누보2호투자조합,투자,2021.01.12,"188,679",19.07,"666,000,000","5,298,000,000",,20260324000005,https://dart.fss.or.kr/dsaf001/main.do?rcpNo=20260324000005,2026-10-05
00428729,(주)대호에이엘,2025,동반성장투자조합제1호,투자,2025.06.30,"4,563,673",100.00,"7,573,000,000","15,622,000,000","-5,979,000,000",20260324000005,https://dart.fss.or.kr/dsaf001/main.do?rcpNo=20260324000005,2026-10-05
00428729,(주)대호에이엘,2025,이니텍(주),투자,2025.09.29,"171,534",0.7,"701,000,000","118,421,000,000","2,339,000,000",20260324000005,https://dart.fss.or.kr/dsaf001/main.do?rcpNo=20260324000005,2026-10-05
00428729,(주)대호에이엘,2025,카본솔루션주식회사,사업관련,2025.10.30,"460,200",100.00,"2,301,000,000","6,341,000,000",,20260324000005,https://dart.fss.or.kr/dsaf001/main.do?rcpNo=20260324000005,2026-10-05
00533924,(주)이브이첨단소재,2025,(주)다이나믹디자인(주2),경영참여,2021.05.12,"7,992,000",18.92,"5,691,000,000","117,483,000,000","-1,529,000,000",20260324000012,https://dart.fss.or.kr/dsaf001/main.do?rcpNo=20260324000012,2026-10-05
00533924,(주)이브이첨단소재,2025,"EVAM VINA CO.,LTD(주1)",판가 경쟁력확보,2018.04.05,,100,"15,661,000,000","35,075,000,000","3,927,000,000",20260324000012,https://dart.fss.or.kr/dsaf001/main.do?rcpNo=20260324000012,2026-10-05
00533924,(주)이브이첨단소재,2025,New Epoch Capital LP(주3),단순투자,2021.08.18,,5.45,"11,933,000,000",,,20260324000012,https://dart.fss.or.kr/dsaf001/main.do?rcpNo=20260324000012,2026-10-05
00533924,(주)이브이첨단소재,2025,대신-Y2HC 신기술투자조합 제1호(주4),단순투자,2023.08.02,,,"7,678,000,000",,,20260324000012,https://dart.fss.or.kr/dsaf001/main.do?rcpNo=20260324000012,2026-10-05
00533924,(주)이브이첨단소재,2025,에쓰씨엔지니어링(주)(주5),경영참여,2025.01.21,"4,140,000",11.39,"22,036,000,000","136,355,000,000","-4,751,000,000",20260324000012,https://dart.fss.or.kr/dsaf001/main.do?rcpNo=20260324000012,2026-10-05
00540605,(주)이월드,2025,㈜비빔블,신성장동력 확보 및 사업다각화,2022.05.03,"12,500",10,"70,000,000","1,038,000,000","-80,000,000",20260319000675,https://dart.fss.or.kr/dsaf001/main.do?rcpNo=20260319000675,2026-10-05
00568461,(주)에이치씨보광산업,2025,(주)에이치씨보광,경영참여,2020.12.31,"1,005,000",100.00,"12,095,306,000","4,288,184,000","161,199,000",20260323001053,https://dart.fss.or.kr/dsaf001/main.do?rcpNo=20260323001053,2026-10-05
00568461,(주)에이치씨보광산업,2025,"무림-블루웨이브 
제1호 
신기술투자조합",단순투자,2024.05.02,"700,000,000",20.77,"700,000,000","3,260,237,000","-67,028,000",20260323001053,https://dart.fss.or.kr/dsaf001/main.do?rcpNo=20260323001053,2026-10-05
00573579,평화산업(주),2025,"(사)한국방위
산업진흥회","일반
투자",,,,"119,000,000",,,20260316000837,https://dart.fss.or.kr/dsaf001/main.do?rcpNo=20260316000837,2026-10-05
00573579,평화산업(주),2025,KG모빌리티,"단순
투자",,"34,000",,"119,000,000",,,20260316000837,https://dart.fss.or.kr/dsaf001/main.do?rcpNo=20260316000837,2026-10-05
00573579,평화산업(주),2025,LG에너지솔류션,"단순
투자",,,,,,,20260316000837,https://dart.fss.or.kr/dsaf001/main.do?rcpNo=20260316000837,2026-10-05
00573579,평화산업(주),2025,LG화학,"단순
투자",,"12,000",,"1,008,000,000",,,20260316000837,https://dart.fss.or.kr/dsaf001/main.do?rcpNo=20260316000837,2026-10-05
00573579,평화산업(주),2025,POSCO홀딩스,"단순
투자",,"3,000",,"1,620,000,000",,,20260316000837,https://dart.fss.or.kr/dsaf001/main.do?rcpNo=20260316000837,2026-10-05
00573579,평화산업(주),2025,"Pyung-Hwa
America Inc","경영
참여",2008.12.12,,100,"283,000,000","20,510,000,000","26,000,000",20260316000837,https://dart.fss.or.kr/dsaf001/main.do?rcpNo=20260316000837,2026-10-05
00573579,평화산업(주),2025,"대구지방
공업공단","일반
투자",,,,"1,000,000",,,20260316000837,https://dart.fss.or.kr/dsaf001/main.do?rcpNo=20260316000837,2026-10-05
00573579,평화산업(주),2025,대우자동차,"일반
투자",,,,"29,000,000",,,20260316000837,https://dart.fss.or.kr/dsaf001/main.do?rcpNo=20260316000837,2026-10-05
00573579,평화산업(주),2025,삼성SDI,"단순
투자",,"3,000",,"755,000,000",,,20260316000837,https://dart.fss.or.kr/dsaf001/main.do?rcpNo=20260316000837,2026-10-05
00573579,평화산업(주),2025,서한,"단순
투자",,"321,000",,"290,000,000",,,20260316000837,https://dart.fss.or.kr/dsaf001/main.do?rcpNo=20260316000837,2026-10-05
00573579,평화산업(주),2025,에코프로,"단순
투자",,"8,000",,"2,403,000,000",,,20260316000837,https://dart.fss.or.kr/dsaf001/main.do?rcpNo=20260316000837,2026-10-05
00573579,평화산업(주),2025,에코프로비엠,"단순
투자",,"26,000",,"1,696,000,000",,,20260316000837,https://dart.fss.or.kr/dsaf001/main.do?rcpNo=20260316000837,2026-10-05
00573579,평화산업(주),2025,코스모신소재,"단순
투자",,"11,000",,"487,000,000",,,20260316000837,https://dart.fss.or.kr/dsaf001/main.do?rcpNo=20260316000837,2026-10-05
00573579,평화산업(주),2025,포스코퓨처엠,"단순
투자",,"5,000",,"1,488,000,000",,,20260316000837,https://dart.fss.or.kr/dsaf001/main.do?rcpNo=20260316000837,2026-10-05
00573579,평화산업(주),2025,하이브,"단순
투자",,,,,,,20260316000837,https://dart.fss.or.kr/dsaf001/main.do?rcpNo=20260316000837,2026-10-05
00573579,평화산업(주),2025,"한국자동차
공업협동조합","일반
투자",,,,"16,000,000",,,20260316000837,https://dart.fss.or.kr/dsaf001/main.do?rcpNo=20260316000837,2026-10-05
00573676,(주)메가젠임플란트,2025,(주)세븐밸리제이씨,일반투자,2023.09.12,,,"600,000,000","125,172,459,000","428,513,000",20260331000201,https://dart.fss.or.kr/dsaf001/main.do?rcpNo=20260331000201,2026-10-05
00573676,(주)메가젠임플란트,2025,(주)에미넌트코퍼레이션,일반투자,2022.03.17,,,"-1,000,000,000","1,453,837,000","357,763,000",20260331000201,https://dart.fss.or.kr/dsaf001/main.do?rcpNo=20260331000201,2026-10-05
00573676,(주)메가젠임플란트,2025,(주)에어제타,일반투자,2024.05.27,"1,250",11.1,,"527,027,000","-294,635,000",20260331000201,https://dart.fss.or.kr/dsaf001/main.do?rcpNo=20260331000201,2026-10-05
00573676,(주)메가젠임플란트,2025,(주)에이피에스인터내셔날,일반투자,2012.02.23,,1.9,,"4,161,446,000","23,296,000",20260331000201,https://dart.fss.or.kr/dsaf001/main.do?rcpNo=20260331000201,2026-10-05
00573676,(주)메가젠임플란트,2025,Medteor GmbH,일반투자,2021.11.09,,15,,"2,008,514,000","96,495,000",20260331000201,https://dart.fss.or.kr/dsaf001/main.do?rcpNo=20260331000201,2026-10-05
00573676,(주)메가젠임플란트,2025,TBS Dental LLC.,일반투자,2020.02.12,,5,,"4,253,420,000","-614,814,000",20260331000201,https://dart.fss.or.kr/dsaf001/main.do?rcpNo=20260331000201,2026-10-05
00577335,(주)대성하이텍,2025,"(주)덕산테스틱스(구, (주)제네드)",단순투자,2021.04.30,"14,166",11.0,"4,568,000","4,427,074,000","-2,850,724,000",20260323000925,https://dart.fss.or.kr/dsaf001/main.do?rcpNo=20260323000925,2026-10-05
00577335,(주)대성하이텍,2025,DAESUNG DEFENTECH S.R.L.,경영참여,2025.09.19,,100.0,"138,531,000","2,200,098,000","-239,833,000",20260323000925,https://dart.fss.or.kr/dsaf001/main.do?rcpNo=20260323000925,2026-10-05
00577335,(주)대성하이텍,2025,"DAESUNG HI-TECH VINA CO.,LTD",경영참여,2016.11.14,,100.0,,"104,220,000","-217,041,000",20260323000925,https://dart.fss.or.kr/dsaf001/main.do?rcpNo=20260323000925,2026-10-05
00577335,(주)대성하이텍,2025,"DS NOMURA VINA CO., LTD",경영참여,2023.07.25,,100.0,"5,408,915,000","27,369,857,000","-1,574,708,000",20260323000925,https://dart.fss.or.kr/dsaf001/main.do?rcpNo=20260323000925,2026-10-05
00577335,(주)대성하이텍,2025,"DS NOMURA(DALIAN) PRECISION MACHINERY CO.,LTD",경영참여,2019.10.17,,100.0,"441,657,000","440,552,000","-245,144,000",20260323000925,https://dart.fss.or.kr/dsaf001/main.do?rcpNo=20260323000925,2026-10-05
00577335,(주)대성하이텍,2025,"HANZUNG NC (DALIAN) CO.,LTD",경영참여,2014.10.31,,49.0,"867,698,000","5,653,150,000","186,302,000",20260323000925,https://dart.fss.or.kr/dsaf001/main.do?rcpNo=20260323000925,2026-10-05
00577335,(주)대성하이텍,2025,"NOMURA DS CO.,LTD",경영참여,2014.06.02,"139,000",100.0,"1,787,727,000","7,798,189,000","-832,957,000",20260323000925,https://dart.fss.or.kr/dsaf001/main.do?rcpNo=20260323000925,2026-10-05
00577335,(주)대성하이텍,2025,㈜매그플러스,단순투자,2020.03.09,200,1.0,"200,000,000","6,221,354,000","-231,456,000",20260323000925,https://dart.fss.or.kr/dsaf001/main.do?rcpNo=20260323000925,2026-10-05
00577335,(주)대성하이텍,2025,㈜티앤이코리아,단순투자,2017.10.31,,,,,,20260323000925,https://dart.fss.or.kr/dsaf001/main.do?rcpNo=20260323000925,2026-10-05
00577335,(주)대성하이텍,2025,주식회사 디에스엠,경영참여,2020.01.31,"145,178",57.3,"1,308,438,000","2,547,547,000","-1,396,863,000",20260323000925,https://dart.fss.or.kr/dsaf001/main.do?rcpNo=20260323000925,2026-10-05
00620558,(주)루트케이,2025,Abpro Bio International. Inc,이중항체 신약개발,2019.10.29,"37,000",100,0,"3,366,000,000","-40,634,000,000",20260323000905,https://dart.fss.or.kr/dsaf001/main.do?rcpNo=20260323000905,2026-10-05
00620558,(주)루트케이,2025,"WEIHAI UGINT Co., Ltd.",중국지역 시장진출교두보 확보,2007.03.12,0,100,"12,445,000,000","16,159,000,000","-900,000,000",20260323000905,https://dart.fss.or.kr/dsaf001/main.do?rcpNo=20260323000905,2026-10-05
00620558,(주)루트케이,2025,㈜세인트팜,의약품 도매업,2024.09.02,"1,020,000",100,"6,378,000,000","4,678,000,000","60,000,000",20260323000905,https://dart.fss.or.kr/dsaf001/main.do?rcpNo=20260323000905,2026-10-05
00620558,(주)루트케이,2025,㈜에이비프로파마,의약품관련 연구개발,2019.10.15,"180,000",100,0,"63,000,000","-52,000,000",20260323000905,https://dart.fss.or.kr/dsaf001/main.do?rcpNo=20260323000905,2026-10-05
00620558,(주)루트케이,2025,㈜에이엔에이치,반도체 장비 제조업,2023.02.28,"95,000",100,"5,694,000,000","9,759,000,000","-1,586,000,000",20260323000905,https://dart.fss.or.kr/dsaf001/main.do?rcpNo=20260323000905,2026-10-05
00671376,(주)트리니티항공,2025,㈜샤프테크닉스케이,단순투자,2016.07.26,"580,000",8.77,0,,,20260430001376,https://dart.fss.or.kr/dsaf001/main.do?rcpNo=20260430001376,2026-10-05
00671376,(주)트리니티항공,2025,㈜티웨이에어서비스,경영참여,2017.10.27,"1,000,000",100.00,"300,000,000","13,694,000,000","3,565,000,000",20260430001376,https://dart.fss.or.kr/dsaf001/main.do?rcpNo=20260430001376,2026-10-05
00693554,(주)티케이케미칼,2025,건설공제조합,"사업관련
출자",2015.03.05,807,0.02,"1,267,000,000","7,858,581,000,000","23,149,000,000",20260323001373,https://dart.fss.or.kr/dsaf001/main.do?rcpNo=20260323001373,2026-10-05
00693554,(주)티케이케미칼,2025,"에스엠
하이플러스(주)","사업
다각화",2011.06.16,"992,894",34.10,"144,871,000,000","1,157,380,000,000","-165,211,000,000",20260323001373,https://dart.fss.or.kr/dsaf001/main.do?rcpNo=20260323001373,2026-10-05
00693554,(주)티케이케미칼,2025,"에스엠상선(주)
구.(주)우방건설산업","사업
다각화",2011.10.01,"20,011,236",29.55,"1,067,626,000,000","7,680,093,000,000","373,317,000,000",20260323001373,https://dart.fss.or.kr/dsaf001/main.do?rcpNo=20260323001373,2026-10-05
00759902,(주)우방,2025,(주)C&Square,단순투자,,"9,000",90.00,,,,20260331004954,https://dart.fss.or.kr/dsaf001/main.do?rcpNo=20260331004954,2026-10-05
00759902,(주)우방,2025,(주)C&상선,단순투자,,"22,500,000",11.25,,,,20260331004954,https://dart.fss.or.kr/dsaf001/main.do?rcpNo=20260331004954,2026-10-05
00759902,(주)우방,2025,(주)C&석재물류센타,단순투자,2005.09.07,"20,000",66.67,,,,20260331004954,https://dart.fss.or.kr/dsaf001/main.do?rcpNo=20260331004954,2026-10-05
00759902,(주)우방,2025,(주)C&조선해양,단순투자,,"1,200,000",30.00,,,,20260331004954,https://dart.fss.or.kr/dsaf001/main.do?rcpNo=20260331004954,2026-10-05
00759902,(주)우방,2025,(주)C&중공업,단순투자,,"140,110",0.69,,,,20260331004954,https://dart.fss.or.kr/dsaf001/main.do?rcpNo=20260331004954,2026-10-05
00759902,(주)우방,2025,(주)C&크루즈,단순투자,,"40,000",10.53,,,,20260331004954,https://dart.fss.or.kr/dsaf001/main.do?rcpNo=20260331004954,2026-10-05
00759902,(주)우방,2025,(주)서울우진,단순투자,,"20,740",49.99,,,,20260331004954,https://dart.fss.or.kr/dsaf001/main.do?rcpNo=20260331004954,2026-10-05
00759902,(주)우방,2025,(주)엑스코,단순투자,1996.01.01,"1,110,402",2.57,,"247,276,000,000","2,147,000,000",20260331004954,https://dart.fss.or.kr/dsaf001/main.do?rcpNo=20260331004954,2026-10-05
00759902,(주)우방,2025,(주)이크루즈,단순투자,,"200,000",8.62,,,,20260331004954,https://dart.fss.or.kr/dsaf001/main.do?rcpNo=20260331004954,2026-10-05
00759902,(주)우방,2025,"(주)제이비와이에스케이
제2호기업구조조정
부동산투자회사",경영참여,2025.03.07,"9,370,000",100.00,"46,850,000,000","149,394,000,000","-6,167,000,000",20260331004954,https://dart.fss.or.kr/dsaf001/main.do?rcpNo=20260331004954,2026-10-05
00759902,(주)우방,2025,(주)제주국제컨벤션센터,단순투자,,"200,000",0.51,,"217,229,000,000","-1,362,000,000",20260331004954,https://dart.fss.or.kr/dsaf001/main.do?rcpNo=20260331004954,2026-10-05
00759902,(주)우방,2025,(주)케이알티산업,경영참여,2018.11.05,,,,"33,963,000,000","-4,404,000,000",20260331004954,https://dart.fss.or.kr/dsaf001/main.do?rcpNo=20260331004954,2026-10-05
00759902,(주)우방,2025,(주)티아이엔시,단순투자,,"10,000",1.16,,,,20260331004954,https://dart.fss.or.kr/dsaf001/main.do?rcpNo=20260331004954,2026-10-05
00759902,(주)우방,2025,(주)티케이케미칼,경영참여,2008.05.30,"13,662,250",15.03,"43,740,000,000","1,475,543,000,000","116,510,000,000",20260331004954,https://dart.fss.or.kr/dsaf001/main.do?rcpNo=20260331004954,2026-10-05
00759902,(주)우방,2025,건설공제조합,단순투자,,714,0.02,"1,121,000,000",,,20260331004954,https://dart.fss.or.kr/dsaf001/main.do?rcpNo=20260331004954,2026-10-05
00759902,(주)우방,2025,대구MBC미디컴(주),단순투자,1995.11.30,"30,000",15.00,"150,000,000","407,000,000","-46,000,000",20260331004954,https://dart.fss.or.kr/dsaf001/main.do?rcpNo=20260331004954,2026-10-05
00759902,(주)우방,2025,대구드림교육(주),단순투자,2007.03.20,"832,395",1.24,,,,20260331004954,https://dart.fss.or.kr/dsaf001/main.do?rcpNo=20260331004954,2026-10-05
00759902,(주)우방,2025,소방산업공제조합,단순투자,,442,0.02,"233,000,000",,,20260331004954,https://dart.fss.or.kr/dsaf001/main.do?rcpNo=20260331004954,2026-10-05
00759902,(주)우방,2025,에이치엠엠(주),단순투자,2021.03.30,,,,,,20260331004954,https://dart.fss.or.kr/dsaf001/main.do?rcpNo=20260331004954,2026-10-05
00759902,(주)우방,2025,인천북항벌크터미널(주),단순투자,2007.10.30,"396,000",9.00,,,,20260331004954,https://dart.fss.or.kr/dsaf001/main.do?rcpNo=20260331004954,2026-10-05
00759902,(주)우방,2025,전기공사공제조합,단순투자,,200,0.01,"73,000,000",,,20260331004954,https://dart.fss.or.kr/dsaf001/main.do?rcpNo=20260331004954,2026-10-05
00759902,(주)우방,2025,정보통신공제조합,단순투자,,250,0.03,"115,000,000",,,20260331004954,https://dart.fss.or.kr/dsaf001/main.do?rcpNo=20260331004954,2026-10-05
00759902,(주)우방,2025,테크노빌리지(주),단순투자,,"16,000",0.97,,,,20260331004954,https://dart.fss.or.kr/dsaf001/main.do?rcpNo=20260331004954,2026-10-05
00765897,한국피아이엠(주),2025,(주)에프이씨,일반투자,2021.10.27,"20,000",4.6,,,,20260320001061,https://dart.fss.or.kr/dsaf001/main.do?rcpNo=20260320001061,2026-10-05
00765897,한국피아이엠(주),2025,(주)우람,일반투자,2017.12.31,"2,593",4.9,"207,440,000","5,274,495,000","211,352,000",20260320001061,https://dart.fss.or.kr/dsaf001/main.do?rcpNo=20260320001061,2026-10-05
00765897,한국피아이엠(주),2025,"PIM VINA Co., Ltd",종속기업,2017.02.21,,100,"3,096,500,000","29,972,193,000","344,457,000",20260320001061,https://dart.fss.or.kr/dsaf001/main.do?rcpNo=20260320001061,2026-10-05
00765897,한국피아이엠(주),2025,㈜대명정밀,종속기업,2022.09.30,"140,000",100,,"4,699,347,000","-749,446,000",20260320001061,https://dart.fss.or.kr/dsaf001/main.do?rcpNo=20260320001061,2026-10-05
00765897,한국피아이엠(주),2025,아이비케이에스 로봇테크 신기술투자조합,일반투자,2025.05.13,"5,000",18.6,"500,000,000",,,20260320001061,https://dart.fss.or.kr/dsaf001/main.do?rcpNo=20260320001061,2026-10-05
00787376,대성에너지(주),2025,(주)대구시민프로축구단,단순투자,2001.10.28,"100,000",3.07,"150,000,000","17,224,516,000","1,343,913,000",20260318001167,https://dart.fss.or.kr/dsaf001/main.do?rcpNo=20260318001167,2026-10-05
00787376,대성에너지(주),2025,(주)비아이지,단순투자,2002.10.31,"21,500",13.80,"249,005,000","3,127,045,000","139,349,000",20260318001167,https://dart.fss.or.kr/dsaf001/main.do?rcpNo=20260318001167,2026-10-05
00787376,대성에너지(주),2025,(주)조선방송,단순투자,2011.12.28,"200,000",0.32,"1,528,949,000","522,746,793,000","34,671,261,000",20260318001167,https://dart.fss.or.kr/dsaf001/main.do?rcpNo=20260318001167,2026-10-05
00787376,대성에너지(주),2025,대구그린파워(주),단순투자,2011.11.01,"1,454,760",4.56,"5,852,499,000","450,985,029,000","1,510,648,000",20260318001167,https://dart.fss.or.kr/dsaf001/main.do?rcpNo=20260318001167,2026-10-05
00787376,대성에너지(주),2025,대성 메타버스 스케일업투자조합,단순투자,2022.11.29,400,4.50,"4,000,000,000","84,702,527,000","-716,196,000",20260318001167,https://dart.fss.or.kr/dsaf001/main.do?rcpNo=20260318001167,2026-10-05
00787376,대성에너지(주),2025,대성 세컨더리 투자조합 2호,단순투자,2025.12.16,100,1.67,"100,000,000","6,001,184,000","-15,255,000",20260318001167,https://dart.fss.or.kr/dsaf001/main.do?rcpNo=20260318001167,2026-10-05
00787376,대성에너지(주),2025,대성글로벌위너 청년창업투자조합,단순투자,2017.12.15,11,5.33,"106,667,000","7,778,618,000","-154,183,000",20260318001167,https://dart.fss.or.kr/dsaf001/main.do?rcpNo=20260318001167,2026-10-05
00787376,대성에너지(주),2025,대성에너지서비스1센터(주),경영참여,2019.04.10,,,,,"-153,640,000",20260318001167,https://dart.fss.or.kr/dsaf001/main.do?rcpNo=20260318001167,2026-10-05
00787376,대성에너지(주),2025,대성에너지서비스2센터(주),경영참여,2019.04.10,,,,,"-367,642,000",20260318001167,https://dart.fss.or.kr/dsaf001/main.do?rcpNo=20260318001167,2026-10-05
00787376,대성에너지(주),2025,대성에너지서비스3센터(주),경영참여,2019.04.10,,,,,"277,450,000",20260318001167,https://dart.fss.or.kr/dsaf001/main.do?rcpNo=20260318001167,2026-10-05
00787376,대성에너지(주),2025,대성에너지제5서비스(주),경영참여,2018.04.20,,,,,"-175,112,000",20260318001167,https://dart.fss.or.kr/dsaf001/main.do?rcpNo=20260318001167,2026-10-05
00787376,대성에너지(주),2025,대성에너지제6서비스(주),경영참여,2018.04.20,,,,,"182,554,000",20260318001167,https://dart.fss.or.kr/dsaf001/main.do?rcpNo=20260318001167,2026-10-05
00787376,대성에너지(주),2025,대성에너지제7서비스(주),경영참여,2018.04.20,,,,,"66,524,000",20260318001167,https://dart.fss.or.kr/dsaf001/main.do?rcpNo=20260318001167,2026-10-05
00787376,대성에너지(주),2025,영호남지역균형발전특구펀드,단순투자,2020.08.09,50,2.63,"500,000,000","17,742,097,000","-272,228,000",20260318001167,https://dart.fss.or.kr/dsaf001/main.do?rcpNo=20260318001167,2026-10-05
00787376,대성에너지(주),2025,청운신용협동조합,단순투자,2007.10.28,,,"146,541,000","2,086,648,866,000","427,377,000",20260318001167,https://dart.fss.or.kr/dsaf001/main.do?rcpNo=20260318001167,2026-10-05
00787376,대성에너지(주),2025,케이디비 대성-HGI그린임팩트 투자조합,단순투자,2021.05.27,931,1.90,"931,000,000","41,496,782,000","-4,548,174,000",20260318001167,https://dart.fss.or.kr/dsaf001/main.do?rcpNo=20260318001167,2026-10-05
00878915,(주)아이엠금융지주,2025,(주)iM데이터시스템,경영권,2012.04.09,"1,200,000",100,"6,000,000,000","14,505,000,000","652,000,000",20260515000720,https://dart.fss.or.kr/dsaf001/main.do?rcpNo=20260515000720,2026-10-05
00878915,(주)아이엠금융지주,2025,(주)iM라이프생명보험,경영권,2015.01.29,"52,856,305",100,"320,905,000,000","6,835,036,000,000","20,909,000,000",20260515000720,https://dart.fss.or.kr/dsaf001/main.do?rcpNo=20260515000720,2026-10-05
00878915,(주)아이엠금융지주,2025,(주)iM뱅크,주식이전,2011.05.17,"146,125,000",100,"2,781,249,000,000","76,104,112,000,000","389,490,000,000",20260515000720,https://dart.fss.or.kr/dsaf001/main.do?rcpNo=20260515000720,2026-10-05
00878915,(주)아이엠금융지주,2025,(주)iM신용정보,주식이전,2011.05.17,"600,000",100,"5,109,000,000","5,986,000,000","476,000,000",20260515000720,https://dart.fss.or.kr/dsaf001/main.do?rcpNo=20260515000720,2026-10-05
00878915,(주)아이엠금융지주,2025,(주)iM에셋자산운용,경영권,2016.10.06,"3,834,699",100,"76,987,000,000","79,310,000,000","8,135,000,000",20260515000720,https://dart.fss.or.kr/dsaf001/main.do?rcpNo=20260515000720,2026-10-05
00878915,(주)아이엠금융지주,2025,(주)iM유페이,주식이전 및 경영권,2011.05.17,"2,511,415",100,"10,638,000,000","38,745,000,000","6,346,000,000",20260515000720,https://dart.fss.or.kr/dsaf001/main.do?rcpNo=20260515000720,2026-10-05
00878915,(주)아이엠금융지주,2025,(주)iM증권,경영권,2018.10.30,"427,754,198",87.88,"572,281,000,000","10,145,505,000,000","75,605,000,000",20260515000720,https://dart.fss.or.kr/dsaf001/main.do?rcpNo=20260515000720,2026-10-05
00878915,(주)아이엠금융지주,2025,(주)iM캐피탈,경영권,2012.01.10,"31,392,872",100,"415,713,000,000","5,444,637,000,000","54,016,000,000",20260515000720,https://dart.fss.or.kr/dsaf001/main.do?rcpNo=20260515000720,2026-10-05
00878915,(주)아이엠금융지주,2025,(주)iM투자파트너스,경영권,2021.04.02,"3,995,211",100,"20,500,000,000","26,542,000,000","1,244,000,000",20260515000720,https://dart.fss.or.kr/dsaf001/main.do?rcpNo=20260515000720,2026-10-05
00878915,(주)아이엠금융지주,2025,(주)뉴지스탁,경영권,2021.08.13,"41,948",77.29,"1,235,000,000","1,466,000,000","-1,513,000,000",20260515000720,https://dart.fss.or.kr/dsaf001/main.do?rcpNo=20260515000720,2026-10-05
00878915,(주)아이엠금융지주,2025,iM INVESTMENT ASIA,경영권,2023.01.18,"10,020,000",100,"9,985,000,000","10,913,000,000","30,000,000",20260515000720,https://dart.fss.or.kr/dsaf001/main.do?rcpNo=20260515000720,2026-10-05
01023211,와이제이링크(주),2025,DURU COOPERATION PRIVATE LIMITED,일반투자,2025.11.14,"208,018",17.22,"2,920,350,000","3,500,908,000","-134,587,000",20260319000950,https://dart.fss.or.kr/dsaf001/main.do?rcpNo=20260319000950,2026-10-05
01023211,와이제이링크(주),2025,Nexonics Company Limited,경영참여,2025.10.22,"319,998",100,"1,413,911,000","1,530,053,000","-29,331,000",20260319000950,https://dart.fss.or.kr/dsaf001/main.do?rcpNo=20260319000950,2026-10-05
01023211,와이제이링크(주),2025,"SUZHOU YJ LINK Co.,Ltd.",경영참여,2010.09.17,1,100,0,"94,422,000","-10,937,000",20260319000950,https://dart.fss.or.kr/dsaf001/main.do?rcpNo=20260319000950,2026-10-05
01023211,와이제이링크(주),2025,YJ LINK Europe GmbH.,경영참여,2021.08.17,1,100,"34,392,000","1,489,486,000","-439,603,000",20260319000950,https://dart.fss.or.kr/dsaf001/main.do?rcpNo=20260319000950,2026-10-05
01023211,와이제이링크(주),2025,"YJ LINK Japan Co.,Ltd.",경영참여,2010.03.22,"6,000",100,"531,714,000","472,475,000","-15,993,000",20260319000950,https://dart.fss.or.kr/dsaf001/main.do?rcpNo=20260319000950,2026-10-05
01023211,와이제이링크(주),2025,YJ LINK Mexico S.A. DE C.V.,경영참여,2015.10.21,"76,181",100,"5,513,945,000","27,304,230,000","-998,661,000",20260319000950,https://dart.fss.or.kr/dsaf001/main.do?rcpNo=20260319000950,2026-10-05
01023211,와이제이링크(주),2025,"YJ LINK Vina Co.,Ltd.",경영참여,2019.06.10,,100,"5,286,129,000","25,114,309,000","3,111,544,000",20260319000950,https://dart.fss.or.kr/dsaf001/main.do?rcpNo=20260319000950,2026-10-05
01023211,와이제이링크(주),2025,YJLINK INDIA PRIVATE LIMITED.,경영참여,2024.07.15,"33,171,639",100,"5,523,904,000","7,161,538,000","-81,080,000",20260319000950,https://dart.fss.or.kr/dsaf001/main.do?rcpNo=20260319000950,2026-10-05
01023211,와이제이링크(주),2025,주식회사 에스아이큐브,경영참여,2014.01.27,"30,000",100,"938,824,000","6,237,312,000","201,782,000",20260319000950,https://dart.fss.or.kr/dsaf001/main.do?rcpNo=20260319000950,2026-10-05
01090471,(주)에스에프에이넥셀,2025,CIS USA INC(*1),"경영
참여",2022.04.11,"3,000",100.00,"240,021,000","241,097,000",,20260320001352,https://dart.fss.or.kr/dsaf001/main.do?rcpNo=20260320001352,2026-10-05
01090471,(주)에스에프에이넥셀,2025,SCS FACTORY SERVICE CORP.,"경영
참여",2025.01.17,500,50.00,"39,836,000","979,205,000","26,510,000",20260320001352,https://dart.fss.or.kr/dsaf001/main.do?rcpNo=20260320001352,2026-10-05
01090471,(주)에스에프에이넥셀,2025,"뉴패러다임인베스
트먼트 주식회사","투자
목적",2017.09.22,"123,184",1.35,"199,975,000","15,181,845,000","-151,327,000",20260320001352,https://dart.fss.or.kr/dsaf001/main.do?rcpNo=20260320001352,2026-10-05
01090471,(주)에스에프에이넥셀,2025,"성범정밀기계유한회사
(대만) (*2)","경영
참여",2024.12.01,,,,"607,941,000","-28,861,000",20260320001352,https://dart.fss.or.kr/dsaf001/main.do?rcpNo=20260320001352,2026-10-05
01090471,(주)에스에프에이넥셀,2025,"심천시지혜역덕능
원장비유한회사","경영
참여",2015.10.27,,49.00,,"240,194,000","-439,976,000",20260320001352,https://dart.fss.or.kr/dsaf001/main.do?rcpNo=20260320001352,2026-10-05
01090471,(주)에스에프에이넥셀,2025,자본재공제조합,"보증
보험",2011.05.25,,0.25,"700,000,000","479,630,914,000","4,125,743,000",20260320001352,https://dart.fss.or.kr/dsaf001/main.do?rcpNo=20260320001352,2026-10-05
01179617,(주)한국비엔씨,2025,(주)노브메타파마,사업관련,2023.06.30,"390,930",3.22,"5,277,000,000","4,363,000,000","-10,448,000,000",20260408003166,https://dart.fss.or.kr/dsaf001/main.do?rcpNo=20260408003166,2026-10-05
01179617,(주)한국비엔씨,2025,(주)미토이뮨테라퓨틱스,사업관련,2023.07.27,"216,172",2.39,"1,018,000,000","3,859,000,000","-841,000,000",20260408003166,https://dart.fss.or.kr/dsaf001/main.do?rcpNo=20260408003166,2026-10-05
01179617,(주)한국비엔씨,2025,(주)온코젠,사업관련,2022.04.25,"273,883",13.28,"3,300,000,000","3,458,000,000","-824,000,000",20260408003166,https://dart.fss.or.kr/dsaf001/main.do?rcpNo=20260408003166,2026-10-05
01179617,(주)한국비엔씨,2025,(주)유셀파마,사업관련,2020.12.29,513,1.96,,,,20260408003166,https://dart.fss.or.kr/dsaf001/main.do?rcpNo=20260408003166,2026-10-05
01179617,(주)한국비엔씨,2025,(주)켐바이오진,경영참여,2023.08.01,"300,000",100.00,"3,000,000,000","2,541,000,000","55,000,000",20260408003166,https://dart.fss.or.kr/dsaf001/main.do?rcpNo=20260408003166,2026-10-05
01179617,(주)한국비엔씨,2025,(주)프로앱텍,사업관련,2024.02.29,"97,088",6.03,"2,459,000,000","502,000,000","-724,000,000",20260408003166,https://dart.fss.or.kr/dsaf001/main.do?rcpNo=20260408003166,2026-10-05
01179617,(주)한국비엔씨,2025,(주)한국비티비,경영참여,2024.03.29,"52,318,268",79.99,"25,922,000,000","44,245,000,000","-3,932,000,000",20260408003166,https://dart.fss.or.kr/dsaf001/main.do?rcpNo=20260408003166,2026-10-05
01179617,(주)한국비엔씨,2025,"BNC KOREA USA, Inc",경영참여,2023.08.30,"1,000",100.00,"397,000,000","81,000,000","-196,000,000",20260408003166,https://dart.fss.or.kr/dsaf001/main.do?rcpNo=20260408003166,2026-10-05
01179617,(주)한국비엔씨,2025,Kariya Pharmaceuticals ApS,사업관련,2024.04.19,"2,216",4.59,"1,176,000,000",,,20260408003166,https://dart.fss.or.kr/dsaf001/main.do?rcpNo=20260408003166,2026-10-05
01179617,(주)한국비엔씨,2025,Lophora ApS,사업관련,2024.12.26,"3,096",4.89,"1,012,000,000",,,20260408003166,https://dart.fss.or.kr/dsaf001/main.do?rcpNo=20260408003166,2026-10-05
01179617,(주)한국비엔씨,2025,"NeoVascularX, Inc.",사업관련,2024.04.29,"19,000,000",19.00,"8,000,000",,,20260408003166,https://dart.fss.or.kr/dsaf001/main.do?rcpNo=20260408003166,2026-10-05
01179617,(주)한국비엔씨,2025,제이피바이오(주),사업관련,2022.01.26,"8,696",6.12,"2,000,000,000","9,697,000,000","707,000,000",20260408003166,https://dart.fss.or.kr/dsaf001/main.do?rcpNo=20260408003166,2026-10-05
01179617,(주)한국비엔씨,2025,진메디신(주),사업관련,2025.04.30,"287,709",3.05,"903,000,000","36,675,000,000","-6,502,000,000",20260408003166,https://dart.fss.or.kr/dsaf001/main.do?rcpNo=20260408003166,2026-10-05
01179617,(주)한국비엔씨,2025,클립스비엔씨(주),사업관련,2022.02.11,"38,462",1.07,"930,000,000","14,746,000,000","2,614,000,000",20260408003166,https://dart.fss.or.kr/dsaf001/main.do?rcpNo=20260408003166,2026-10-05
01179617,(주)한국비엔씨,2025,하랑-와이씨신기술투자조합2호,사업관련,2023.08.09,"1,500",47.51,"1,500,000,000","3,756,000,000","133,000,000",20260408003166,https://dart.fss.or.kr/dsaf001/main.do?rcpNo=20260408003166,2026-10-05
01187494,주식회사 덴티스,2025,"BEST FIT IMPLANTS,
  S.A",경영참여,2022.05.12,"257,136",51.0,"2,458,000,000","3,902,000,000","-566,000,000",20260330001698,https://dart.fss.or.kr/dsaf001/main.do?rcpNo=20260330001698,2026-10-05
01187494,주식회사 덴티스,2025,"DENTIS AUSTRALIA PTY LTD
주11)",경영참여,2025.11.10,"51,000",51.0,"48,000,000","96,000,000",,20260330001698,https://dart.fss.or.kr/dsaf001/main.do?rcpNo=20260330001698,2026-10-05
01187494,주식회사 덴티스,2025,"DENTIS IMPLANT
  UNIPESSOAL LDA 주6)",경영참여,2023.05.12,"353,000",100.0,"499,000,000","4,323,000,000","-261,000,000",20260330001698,https://dart.fss.or.kr/dsaf001/main.do?rcpNo=20260330001698,2026-10-05
01187494,주식회사 덴티스,2025,"DENTIS MALAYSIA SDN BHD
  주8)",경영참여,2024.04.11,"1,000,000",100.0,"312,000,000","260,000,000","-38,000,000",20260330001698,https://dart.fss.or.kr/dsaf001/main.do?rcpNo=20260330001698,2026-10-05
01187494,주식회사 덴티스,2025,"DENTIS Soluciones
   Dentales,S.A. DE C.V. 주5)",경영참여,2016.08.30,99,99.0,,"121,000,000","-410,000,000",20260330001698,https://dart.fss.or.kr/dsaf001/main.do?rcpNo=20260330001698,2026-10-05
01187494,주식회사 덴티스,2025,"Dentis Biochemical
   Technology Co.,Ltd.",일반투자,2010.08.02,"150,000",50.0,,"866,000,000","-293,000,000",20260330001698,https://dart.fss.or.kr/dsaf001/main.do?rcpNo=20260330001698,2026-10-05
01187494,주식회사 덴티스,2025,"Dentis Implant (Thailand) 
Co.,Ltd  주9)",경영참여,2025.01.07,"3,060",51.0,"130,000,000","533,000,000","-287,000,000",20260330001698,https://dart.fss.or.kr/dsaf001/main.do?rcpNo=20260330001698,2026-10-05
01187494,주식회사 덴티스,2025,Dentis India pvt. Ltd 주7),경영참여,2024.04.02,"3,566,738",100.0,"583,000,000","5,120,000,000","-1,676,000,000",20260330001698,https://dart.fss.or.kr/dsaf001/main.do?rcpNo=20260330001698,2026-10-05
01187494,주식회사 덴티스,2025,Dentis USA Corporation 주1),경영참여,2009.11.18,"1,299,104",100.0,,"10,593,000,000","-4,497,000,000",20260330001698,https://dart.fss.or.kr/dsaf001/main.do?rcpNo=20260330001698,2026-10-05
01187494,주식회사 덴티스,2025,"Dentis Vietnam Company
 Limited 주10)",경영참여,2025.01.23,"120,000",100.0,"174,000,000","1,177,000,000","-361,000,000",20260330001698,https://dart.fss.or.kr/dsaf001/main.do?rcpNo=20260330001698,2026-10-05
01187494,주식회사 덴티스,2025,"Global Dental Implant
   Academy Inc. 주4)",경영참여,2013.03.20,"12,010",100.0,,"7,000,000","-235,000,000",20260330001698,https://dart.fss.or.kr/dsaf001/main.do?rcpNo=20260330001698,2026-10-05
01187494,주식회사 덴티스,2025,"덴티스(상해)의료기기
   유한공사",경영참여,2016.06.14,1,100.0,,"7,790,000,000","-346,000,000",20260330001698,https://dart.fss.or.kr/dsaf001/main.do?rcpNo=20260330001698,2026-10-05
01187494,주식회사 덴티스,2025,주식회사 디오코 주2),경영참여,2018.08.10,"486,676",26.0,,"874,000,000","-216,000,000",20260330001698,https://dart.fss.or.kr/dsaf001/main.do?rcpNo=20260330001698,2026-10-05
01187494,주식회사 덴티스,2025,주식회사 티에네스 주3),경영참여,2020.07.08,"2,106,687",43.4,"5,690,000,000","14,268,000,000","-6,261,000,000",20260330001698,https://dart.fss.or.kr/dsaf001/main.do?rcpNo=20260330001698,2026-10-05
01187494,주식회사 덴티스,2025,티비엠 주식회사,일반투자,2011.06.15,"460,000",22.4,,"579,000,000","-69,000,000",20260330001698,https://dart.fss.or.kr/dsaf001/main.do?rcpNo=20260330001698,2026-10-05
01206717,(주)마이크로엔엑스,2025,Ningbo MicroNX,해외사업 확장,2016.12.16,,,,,,20260323000619,https://dart.fss.or.kr/dsaf001/main.do?rcpNo=20260323000619,2026-10-05
01455410,주식회사 파인메딕스,2025,㈜사이버네틱스이미징시스템즈,일반투자,2021.05.31,"4,400",3.27,"9,847,000","450,601,000","-90,649,000",20260626000596,https://dart.fss.or.kr/dsaf001/main.do?rcpNo=20260626000596,2026-10-05
01455410,주식회사 파인메딕스,2025,디에스투자 헬스케어 신기술투자조합,단순투자,2025.02.27,,9.98,"500,000,000","4,942,188,000","-68,912,000",20260626000596,https://dart.fss.or.kr/dsaf001/main.do?rcpNo=20260626000596,2026-10-05
