id,name,complex,district,eupmyeon,sector_code,sector,sector_group,product,workers_band,workers,reg_type,first_registered,mfg_area_band,address,sites,source,as_of,founded,tags
x0001,(주)와이엠에스에이,산단 외,수성구,,,침구 및 관련제품 제조업,기타 제조,,10~49명,14,,,,대구광역시 수성구 달구벌대로,1,국민연금 가입 사업장 내역 2026-07,2026-07,1988,
x0002,한국가스공사,산단 외,동구,,,연료용 가스 제조 및 배관공급업,화학·에너지,,300명 이상,4334,,,,대구광역시 동구 첨단로,1,국민연금 가입 사업장 내역 2026-07,2026-07,1988,
x0003,한국지능정보사회진흥원,산단 외,동구,,,컴퓨터 시스템 통합 자문 및 구축 서비스업,소프트웨어·IT,,300명 이상,703,,,,대구광역시 동구 첨단로,1,국민연금 가입 사업장 내역 2026-07,2026-07,1988,
x0004,코나모빌리티주식회사,산단 외,중구,,,그 외 기타 전기 통신업,전기·전자,,10~49명,41,,,,대구광역시 중구 달구벌대로,1,국민연금 가입 사업장 내역 2026-07,2026-07,1999,
x0005,(주)디지엔터테인먼트,산단 외,남구,,,응용 소프트웨어 개발 및 공급업,소프트웨어·IT,,1~9명,9,,,,대구광역시 남구 명덕로,1,국민연금 가입 사업장 내역 2026-07,2026-07,2000,
x0006,티지바이오텍(주),산단 외,북구,,,기타 인문 및 사회과학 연구개발업,기타 서비스,,10~49명,13,,,,대구광역시 북구 경대로17길,1,국민연금 가입 사업장 내역 2026-07,2026-07,2000,
x0007,풍전기계(주),산단 외,달성군,,,금속 절삭기계 제조업,기계·금속,,1~9명,3,,,,대구광역시 달성군 하빈면 하산길,1,국민연금 가입 사업장 내역 2026-07,2026-07,2002,
x0008,주식회사성원정보기술,산단 외,달성군,,,배전반 및 전기 자동제어반 제조업,전기·전자,,1~9명,8,,,,대구광역시 달성군 다사읍 대실역남로2길,1,국민연금 가입 사업장 내역 2026-07,2026-07,2002,
x0009,(주)달성현대서비스,산단 외,달성군,,,자동차 종합 수리업,자동차·부품,,10~49명,27,,,,대구광역시 달성군 논공읍 비슬로350길,1,국민연금 가입 사업장 내역 2026-07,2026-07,2002,
x0010,(주)신라벤딩,산단 외,달서구,,,분말 야금제품 제조업,기타 제조,,1~9명,4,,,,대구광역시 달서구 달서대로91길,1,국민연금 가입 사업장 내역 2026-07,2026-07,2002,
x0011,국제전기안전관리(주),산단 외,동구,,,기타 엔지니어링 서비스업,기타 서비스,,10~49명,10,,,,대구광역시 동구 동호로2길,1,국민연금 가입 사업장 내역 2026-07,2026-07,2002,
x0012,(주)데이타뱅크,산단 외,수성구,,,응용 소프트웨어 개발 및 공급업,소프트웨어·IT,,10~49명,39,,,,대구광역시 수성구 알파시티1로,1,국민연금 가입 사업장 내역 2026-07,2026-07,2002,
x0013,제이에스전장,산단 외,달서구,,,그 외 기타 전기장비 제조업,전기·전자,,50~299명,67,,,,대구광역시 달서구 성서로71길,1,국민연금 가입 사업장 내역 2026-07,2026-07,2002,
x0014,인터넷정보(주),산단 외,북구,,,컴퓨터 및 주변장치  소프트웨어 도매업,소프트웨어·IT,,1~9명,3,,,,대구광역시 북구 유통단지로,1,국민연금 가입 사업장 내역 2026-07,2026-07,2002,
x0015,나성엔지니어링,산단 외,북구,,,그 외 자동차용 신품 부품 제조업,자동차·부품,,10~49명,10,,,,대구광역시 북구 침산로67길,1,국민연금 가입 사업장 내역 2026-07,2026-07,2002,
x0016,(주)현대파워,산단 외,달서구,,,기타 엔지니어링 서비스업,기타 서비스,,1~9명,3,,,,대구광역시 달서구 달구벌대로323길,1,국민연금 가입 사업장 내역 2026-07,2026-07,2002,
x0017,한전 대구본부,산단 외,북구,,,태양력 발전업,화학·에너지,,50~299명,62,,,,대구광역시 북구 원대로,1,국민연금 가입 사업장 내역 2026-07,2026-07,2003,
x0018,영남전기이엔지(주),산단 외,달서구,,,기타 엔지니어링 서비스업,기타 서비스,,1~9명,6,,,,대구광역시 달서구 선원로,1,국민연금 가입 사업장 내역 2026-07,2026-07,2003,
x0019,대성케미칼(주),산단 외,달서구,,,플라스틱 합성피혁 제조업,화학·에너지,,1~9명,6,,,,대구광역시 달서구 구마로,1,국민연금 가입 사업장 내역 2026-07,2026-07,2003,
x0020,(주)씨티정보,산단 외,달서구,,,컴퓨터 및 주변장치  소프트웨어 도매업,소프트웨어·IT,,10~49명,12,,,,대구광역시 달서구 성서공단로22안길,1,국민연금 가입 사업장 내역 2026-07,2026-07,2003,
x0021,（주）고려엠텍,산단 외,달성군,,,기타 비철금속 제련  정련 및 합금 제조업,기계·금속,,10~49명,13,,,,대구광역시 달성군 논공읍 비슬로264길,1,국민연금 가입 사업장 내역 2026-07,2026-07,2003,
x0022,주식회사 고려토목기술,산단 외,중구,,,기타 엔지니어링 서비스업,기타 서비스,,1~9명,5,,,,대구광역시 중구 동덕로36길,1,국민연금 가입 사업장 내역 2026-07,2026-07,2003,
x0023,주식회사 한빛안전공사,산단 외,북구,,,기타 엔지니어링 서비스업,기타 서비스,,1~9명,6,,,,대구광역시 북구 구리로,1,국민연금 가입 사업장 내역 2026-07,2026-07,2003,
x0024,(주)동극섬유,산단 외,서구,,,화학섬유직물 직조업,섬유·패션,,10~49명,19,,,,대구광역시 서구 새방로27길,1,국민연금 가입 사업장 내역 2026-07,2026-07,2003,
x0025,(주)한국교통이엔씨,산단 외,수성구,,,기타 엔지니어링 서비스업,기타 서비스,,1~9명,5,,,,대구광역시 수성구 들안로,1,국민연금 가입 사업장 내역 2026-07,2026-07,2003,
x0026,(주)평화ENG,산단 외,서구,,,기타 물품 취급장비 제조업,기계·금속,,1~9명,3,,,,대구광역시 서구 와룡로99길,1,국민연금 가입 사업장 내역 2026-07,2026-07,2003,
x0027,에스이디주식회사,산단 외,중구,,,주방용 전기 기기 제조업,전기·전자,,1~9명,3,,,,대구광역시 중구 국채보상로150길,1,국민연금 가입 사업장 내역 2026-07,2026-07,2003,
x0028,(주)삼부세라믹,산단 외,달서구,,,정형 내화 요업제품 제조업,기타 제조,,1~9명,3,,,,대구광역시 달서구 성서로5길,1,국민연금 가입 사업장 내역 2026-07,2026-07,2003,
x0029,대아기전(주),산단 외,북구,,,그 외 자동차용 신품 부품 제조업,자동차·부품,,1~9명,3,,,,대구광역시 북구 유통단지로,1,국민연금 가입 사업장 내역 2026-07,2026-07,2003,
x0030,(주)인포셋,산단 외,수성구,,,컴퓨터 및 주변장치  소프트웨어 도매업,소프트웨어·IT,,10~49명,22,,,,대구광역시 수성구 화랑로,1,국민연금 가입 사업장 내역 2026-07,2026-07,2003,
x0031,(주)구일산업,산단 외,중구,,,화학섬유직물 직조업,섬유·패션,,1~9명,4,,,,대구광역시 중구 국채보상로,1,국민연금 가입 사업장 내역 2026-07,2026-07,2003,
x0032,(주)모두메디,산단 외,남구,,,전기식 진단 및 요법 기기 제조업,의료·바이오,,1~9명,9,,,,대구광역시 남구 봉덕로9길,1,국민연금 가입 사업장 내역 2026-07,2026-07,2003,
x0033,씨티에스(주),산단 외,달서구,,,기타 물품 취급장비 제조업,기계·금속,,10~49명,29,,,,대구광역시 달서구 달서대로,1,국민연금 가입 사업장 내역 2026-07,2026-07,2003,
x0034,(주)엔.아이.비즈,산단 외,수성구,,,응용 소프트웨어 개발 및 공급업,소프트웨어·IT,,1~9명,4,,,,대구광역시 수성구 알파시티1로,1,국민연금 가입 사업장 내역 2026-07,2026-07,2003,
x0035,(주)한텍시스템,산단 외,서구,,,컴퓨터 및 주변장치  소프트웨어 도매업,소프트웨어·IT,,1~9명,7,,,,대구광역시 서구 국채보상로88길,1,국민연금 가입 사업장 내역 2026-07,2026-07,2003,
x0036,(주)에스엔제이,산단 외,달성군,,,화학섬유직물 직조업,섬유·패션,,1~9명,3,,,,대구광역시 달성군 다사읍 세천로21길,1,국민연금 가입 사업장 내역 2026-07,2026-07,2003,
x0037,화성이엔에이(주),산단 외,수성구,,,배전반 및 전기 자동제어반 제조업,전기·전자,,1~9명,5,,,,대구광역시 수성구 수성로,1,국민연금 가입 사업장 내역 2026-07,2026-07,2003,
x0038,(주)삼주케이알,산단 외,서구,,,화학섬유직물 직조업,섬유·패션,,1~9명,3,,,,대구광역시 서구 문화로21길,1,국민연금 가입 사업장 내역 2026-07,2026-07,2003,
x0039,(주)삼일정공,산단 외,북구,,,금속 절삭기계 제조업,기계·금속,,1~9명,3,,,,대구광역시 북구 3공단로10길,1,국민연금 가입 사업장 내역 2026-07,2026-07,2003,
x0040,(주)하이넷,산단 외,남구,,,컴퓨터 및 주변장치  소프트웨어 도매업,소프트웨어·IT,,1~9명,3,,,,대구광역시 남구 자유5길,1,국민연금 가입 사업장 내역 2026-07,2026-07,2003,
x0041,(주) 동광이엔씨,산단 외,동구,,,유선 통신장비 제조업,전기·전자,,1~9명,4,,,,대구광역시 동구 동촌로56길,1,국민연금 가입 사업장 내역 2026-07,2026-07,2003,
x0042,대성글로벌네트웍(주),산단 외,중구,,,데이터베이스 및 온라인 정보 제공업,소프트웨어·IT,,300명 이상,555,,,,대구광역시 중구 명덕로,1,국민연금 가입 사업장 내역 2026-07,2026-07,2003,
x0043,인사이트 디자인,산단 외,중구,,,스크린 인쇄업,기타 제조,,10~49명,11,,,,대구광역시 중구 달구벌대로440길,1,국민연금 가입 사업장 내역 2026-07,2026-07,2003,
x0044,(주)동광무역,산단 외,서구,,,화학섬유직물 직조업,섬유·패션,,1~9명,7,,,,대구광역시 서구 국채보상로,1,국민연금 가입 사업장 내역 2026-07,2026-07,2003,
x0045,(주)고아정공,산단 외,북구,,,금속선 가공제품 제조업,기계·금속,,10~49명,12,,,,대구광역시 북구 유통단지로,1,국민연금 가입 사업장 내역 2026-07,2026-07,2003,
x0046,（주)민스텍스타일,산단 외,달서구,,,화학섬유직물 직조업,섬유·패션,,1~9명,3,,,,대구광역시 달서구 달서대로,1,국민연금 가입 사업장 내역 2026-07,2026-07,2003,
x0047,(주)대웅피앤피,산단 외,중구,,,스크린 인쇄업,기타 제조,,1~9명,4,,,,대구광역시 중구 명륜로,1,국민연금 가입 사업장 내역 2026-07,2026-07,2003,
x0048,(주)텍스밀,산단 외,서구,,,화학섬유직물 직조업,섬유·패션,,1~9명,5,,,,대구광역시 서구 팔달로,1,국민연금 가입 사업장 내역 2026-07,2026-07,2003,
x0049,(주)진하텍스타일,산단 외,서구,,,화학섬유직물 직조업,섬유·패션,,1~9명,3,,,,대구광역시 서구 평리로35길,1,국민연금 가입 사업장 내역 2026-07,2026-07,2003,
x0050,대구쇼핑백,산단 외,북구,,,위생용 종이제품 제조업,기타 제조,,10~49명,14,,,,대구광역시 북구 오봉로24길,1,국민연금 가입 사업장 내역 2026-07,2026-07,2003,
x0051,보광테크,산단 외,동구,,,제조 / 산업용강화플라스틱성형제품,화학·에너지,,10~49명,12,,,,대구광역시 동구 입석로,1,국민연금 가입 사업장 내역 2026-07,2026-07,2003,
x0052,삼익에이치디에스(주),산단 외,달성군,,,기어 및 동력전달장치 제조업,기타 제조,,10~49명,34,,,,대구광역시 달성군 구지면 달성2차동2로,1,국민연금 가입 사업장 내역 2026-07,2026-07,2004,
x0053,(주)세방기업,산단 외,달서구,,,합성수지 및 기타 플라스틱 물질 제조업,화학·에너지,,1~9명,5,,,,대구광역시 달서구 성서서로36길,1,국민연금 가입 사업장 내역 2026-07,2026-07,2003,
x0054,(주)모아넷,산단 외,달서구,,,컴퓨터 및 주변장치  소프트웨어 도매업,소프트웨어·IT,,1~9명,3,,,,대구광역시 달서구 와룡로,1,국민연금 가입 사업장 내역 2026-07,2026-07,2004,
x0055,(주)정풍시큐리티,산단 외,동구,,,유선 통신장비 제조업,전기·전자,,50~299명,90,,,,대구광역시 동구 송라로,1,국민연금 가입 사업장 내역 2026-07,2026-07,2004,
x0056,(주)마인드온,산단 외,북구,,,응용 소프트웨어 개발 및 공급업,소프트웨어·IT,,10~49명,23,,,,대구광역시 북구 동천로23길,1,국민연금 가입 사업장 내역 2026-07,2026-07,2004,
x0057,(주) 미디어엠,산단 외,달서구,,,일반용 전기 조명장치 제조업,전기·전자,,1~9명,3,,,,대구광역시 달서구 달구벌대로,1,국민연금 가입 사업장 내역 2026-07,2026-07,2004,
x0058,(주  )E.O.S,산단 외,동구,,,안경 및 안경렌즈 제조업,의료·바이오,,50~299명,85,,,,대구광역시 동구 율암로,1,국민연금 가입 사업장 내역 2026-07,2026-07,2004,
x0059,주식회사매크로,산단 외,북구,,,컴퓨터 및 주변장치  소프트웨어 도매업,소프트웨어·IT,,1~9명,5,,,,대구광역시 북구 유통단지로,1,국민연금 가입 사업장 내역 2026-07,2026-07,2004,
x0060,(주)테라정보지점,산단 외,북구,,,컴퓨터 및 주변장치  소프트웨어 도매업,소프트웨어·IT,,1~9명,4,,,,대구광역시 북구 유통단지로,1,국민연금 가입 사업장 내역 2026-07,2026-07,2004,
x0061,주）신풍쇼핑백,산단 외,달성군,,,골판지 제조업,기타 제조,,10~49명,21,,,,대구광역시 달성군 현풍읍 현풍서로,1,국민연금 가입 사업장 내역 2026-07,2026-07,2004,
x0062,주식회사 에타,산단 외,수성구,,,전동기 및 발전기 제조업,전기·전자,,1~9명,5,,,,대구광역시 수성구 알파시티1로,1,국민연금 가입 사업장 내역 2026-07,2026-07,2004,
x0063,(주)창성개발,산단 외,수성구,,,기타 엔지니어링 서비스업,기타 서비스,,1~9명,7,,,,대구광역시 수성구 달구벌대로496길,1,국민연금 가입 사업장 내역 2026-07,2026-07,2004,
x0064,삼우토목엔지니어링(주),산단 외,달서구,,,기타 엔지니어링 서비스업,기타 서비스,,1~9명,9,,,,대구광역시 달서구 대명천로,1,국민연금 가입 사업장 내역 2026-07,2026-07,2004,
x0065,(주)에듀파인,산단 외,수성구,,,응용 소프트웨어 개발 및 공급업,소프트웨어·IT,,1~9명,4,,,,대구광역시 수성구 상록로,1,국민연금 가입 사업장 내역 2026-07,2026-07,2004,
x0066,(주)하나로시스템,산단 외,동구,,,연사 및 가공사 제조업 / 특수직물 및 기타 직물 직조,섬유·패션,,1~9명,6,,,,대구광역시 동구 율하동로19길,1,국민연금 가입 사업장 내역 2026-07,2026-07,2004,
x0067,주식회사우정무역,산단 외,달서구,,,화학섬유직물 직조업,섬유·패션,,1~9명,5,,,,대구광역시 달서구 성서공단북로,1,국민연금 가입 사업장 내역 2026-07,2026-07,2004,
x0068,(재)한국산업평가연구원,산단 외,동구,,,기타 인문 및 사회과학 연구개발업,기타 서비스,,1~9명,5,,,,대구광역시 동구 화랑로,1,국민연금 가입 사업장 내역 2026-07,2026-07,2004,
x0069,대성환경에너지(주),산단 외,달성군,,,비금속류 원료 재생업,기계·금속,,10~49명,14,,,,대구광역시 달성군 다사읍 다사로,1,국민연금 가입 사업장 내역 2026-07,2026-07,2004,
x0070,(주)이현테크,산단 외,서구,,,배전반 및 전기 자동제어반 제조업,전기·전자,,1~9명,4,,,,대구광역시 서구 와룡로87길,1,국민연금 가입 사업장 내역 2026-07,2026-07,2004,
x0071,(주)혜경,산단 외,동구,,,연사 및 가공사 제조업 / 특수직물 및 기타 직물 직조,섬유·패션,,1~9명,6,,,,대구광역시 동구 동촌로56길,1,국민연금 가입 사업장 내역 2026-07,2026-07,2004,
x0072,(주)평화뉴스,산단 외,동구,,,데이터베이스 및 온라인 정보 제공업,소프트웨어·IT,,1~9명,3,,,,대구광역시 동구 국채보상로155길,1,국민연금 가입 사업장 내역 2026-07,2026-07,2004,
x0073,블루핸즈 대봉점,산단 외,중구,,,자동차 전문 수리업,자동차·부품,,10~49명,11,,,,대구광역시 중구 이천로,1,국민연금 가입 사업장 내역 2026-07,2026-07,2004,
x0074,(주)보림텍스타일,산단 외,서구,,,화학섬유직물 직조업,섬유·패션,,1~9명,4,,,,대구광역시 서구 와룡로66길,1,국민연금 가입 사업장 내역 2026-07,2026-07,2004,
x0075,(주)현대포토닉스,산단 외,북구,,,안경 및 안경렌즈 제조업,의료·바이오,,1~9명,7,,,,대구광역시 북구 중앙대로123길,1,국민연금 가입 사업장 내역 2026-07,2026-07,2004,
x0076,진천점현대자동차,산단 외,달서구,,,자동차 전문 수리업,자동차·부품,,10~49명,10,,,,대구광역시 달서구 상화로,1,국민연금 가입 사업장 내역 2026-07,2026-07,2004,
x0077,해동플랜트,산단 외,달성군,,,산업 처리공정 제어장비 제조업,기계·금속,,10~49명,10,,,,대구광역시 달성군 논공읍 비슬로,1,국민연금 가입 사업장 내역 2026-07,2026-07,2004,
x0078,남대구현대서비스,산단 외,달서구,,,자동차 종합 수리업,자동차·부품,,10~49명,20,,,,대구광역시 달서구 성서공단로,1,국민연금 가입 사업장 내역 2026-07,2026-07,2004,
x0079,성재정공,산단 외,서구,,,솜 및 실 염색 가공업 / 직물  편조 원단 및 의복류,섬유·패션,,10~49명,12,,,,대구광역시 서구 국채보상로14길,1,국민연금 가입 사업장 내역 2026-07,2026-07,2004,
x0080,경운엔지니어링,산단 외,서구,,,기타 물품 취급장비 제조업,기계·금속,,10~49명,13,,,,대구광역시 서구 평리로17길,1,국민연금 가입 사업장 내역 2026-07,2026-07,2004,
x0081,태성DLP,산단 외,중구,,,스크린 인쇄업,기타 제조,,10~49명,22,,,,대구광역시 중구 명덕로35길,1,국민연금 가입 사업장 내역 2026-07,2026-07,2004,
x0082,계명대학교산학협력단,산단 외,달서구,,,기타 인문 및 사회과학 연구개발업,기타 서비스,,300명 이상,337,,,,대구광역시 달서구 달구벌대로,1,국민연금 가입 사업장 내역 2026-07,2026-07,2004,
x0083,계명문화대학교 산학협력단,산단 외,달서구,,,기타 인문 및 사회과학 연구개발업,기타 서비스,,10~49명,41,,,,대구광역시 달서구 달서대로,1,국민연금 가입 사업장 내역 2026-07,2026-07,2004,
x0084,대진블라인드,산단 외,동구,,,라이터  연소물 및 흡연용품 제조업,기타 제조,,10~49명,11,,,,대구광역시 동구 효동로,1,국민연금 가입 사업장 내역 2026-07,2026-07,2004,
x0085,영남이공대학산학협력단,산단 외,남구,,,기타 인문 및 사회과학 연구개발업,기타 서비스,,10~49명,42,,,,대구광역시 남구 현충로,1,국민연금 가입 사업장 내역 2026-07,2026-07,2004,
x0086,（주）에스엠글로벌,산단 외,서구,,,화학섬유직물 직조업,섬유·패션,,1~9명,7,,,,대구광역시 서구 북비산로7길,1,국민연금 가입 사업장 내역 2026-07,2026-07,2004,
x0087,(주)대한복지산업,산단 외,북구,,,비금속류 원료 재생업,기계·금속,,1~9명,4,,,,대구광역시 북구 호국로51길,1,국민연금 가입 사업장 내역 2026-07,2026-07,2004,
x0088,(주)현대에프에이,산단 외,북구,,,금속 절삭기계 제조업,기계·금속,,1~9명,6,,,,대구광역시 북구 팔달북로2길,1,국민연금 가입 사업장 내역 2026-07,2026-07,2004,
x0089,(사)에이펙국제교육협력원,산단 외,동구,,,기타 인문 및 사회과학 연구개발업,기타 서비스,,10~49명,18,,,,대구광역시 동구 첨단로,1,국민연금 가입 사업장 내역 2026-07,2026-07,2004,
x0090,（주）명성전기기술공사,산단 외,달성군,,,기타 엔지니어링 서비스업,기타 서비스,,10~49명,12,,,,대구광역시 달성군 화원읍 성천로,1,국민연금 가입 사업장 내역 2026-07,2026-07,2004,
x0091,CSM Implant,산단 외,북구,,,금속선 가공제품 제조업,기계·금속,,10~49명,19,,,,대구광역시 북구 경대로17길,1,국민연금 가입 사업장 내역 2026-07,2026-07,2004,
x0092,동방통상(주),산단 외,서구,,,화학섬유직물 직조업,섬유·패션,,1~9명,3,,,,대구광역시 서구 와룡로90길,1,국민연금 가입 사업장 내역 2026-07,2026-07,2004,
x0093,주식회사 기성이앤씨,산단 외,달서구,,,기타 엔지니어링 서비스업,기타 서비스,,1~9명,8,,,,대구광역시 달서구 야외음악당로,1,국민연금 가입 사업장 내역 2026-07,2026-07,2004,
x0094,(주)백일교역,산단 외,달성군,,,기타 반도체 소자 제조업,전기·전자,,10~49명,14,,,,대구광역시 달성군 유가읍 테크노중앙대로,1,국민연금 가입 사업장 내역 2026-07,2026-07,2005,
x0095,진명엔지니어링 주식회사,산단 외,군위군,,,기타 엔지니어링 서비스업,기타 서비스,,1~9명,5,,,,대구광역시 군위군 군위읍 서금로,1,국민연금 가입 사업장 내역 2026-07,2026-07,2004,
x0096,(주)비아이플러스,산단 외,북구,,,컴퓨터 및 주변장치  소프트웨어 도매업,소프트웨어·IT,,1~9명,3,,,,대구광역시 북구 칠성남로26길,1,국민연금 가입 사업장 내역 2026-07,2026-07,2004,
x0097,디케이푸드웰주식회사,산단 외,달성군,,,육류 도축업(가금류 제외) / 가금류 도축업,식품,,1~9명,4,,,,대구광역시 달성군 다사읍 서재로12길,1,국민연금 가입 사업장 내역 2026-07,2026-07,2005,
x0098,(주)제이에스시스템,산단 외,수성구,,,응용 소프트웨어 개발 및 공급업,소프트웨어·IT,,10~49명,34,,,,대구광역시 수성구 알파시티1로31길,1,국민연금 가입 사업장 내역 2026-07,2026-07,2005,
x0099,주식회사 주흥에프앤씨,산단 외,서구,,,화학섬유직물 직조업,섬유·패션,,1~9명,3,,,,대구광역시 서구 가르뱅이로9길,1,국민연금 가입 사업장 내역 2026-07,2026-07,2005,
x0100,신대우종합정비주식회사,산단 외,서구,,,자전거 및 환자용 차량 제조업,자동차·부품,,1~9명,6,,,,대구광역시 서구 팔달로2길,1,국민연금 가입 사업장 내역 2026-07,2026-07,2005,
x0101,주식회사 우드띠어리,산단 외,북구,,,금속 가구 제조업,기계·금속,,10~49명,14,,,,대구광역시 북구 검단공단로,1,국민연금 가입 사업장 내역 2026-07,2026-07,2005,
x0102,주식회사에이아이텍,산단 외,남구,,,기타 반도체 소자 제조업,전기·전자,,1~9명,4,,,,대구광역시 남구 큰골7길,1,국민연금 가입 사업장 내역 2026-07,2026-07,2005,
x0103,(주)피코씨엔아이,산단 외,동구,,,응용 소프트웨어 개발 및 공급업,소프트웨어·IT,,1~9명,3,,,,대구광역시 동구 화랑로25길,1,국민연금 가입 사업장 내역 2026-07,2026-07,2005,
x0104,(주)건화산업,산단 외,동구,,,그 외 자동차용 신품 부품 제조업,자동차·부품,,10~49명,26,,,,대구광역시 동구 신평로16길,1,국민연금 가입 사업장 내역 2026-07,2026-07,2005,
x0105,디케이브릿지웍스 주식회사,산단 외,동구,,,응용 소프트웨어 개발 및 공급업,소프트웨어·IT,,1~9명,7,,,,대구광역시 동구 동대구로,1,국민연금 가입 사업장 내역 2026-07,2026-07,2005,
x0106,대성EXT,산단 외,북구,,,동력식 수지 공구 제조업,화학·에너지,,10~49명,12,,,,대구광역시 북구 노원로42길,1,국민연금 가입 사업장 내역 2026-07,2026-07,2005,
x0107,(주)대한인더스트리,산단 외,북구,,,산업용 냉장 및 냉동장비 제조업,기계·금속,,1~9명,5,,,,대구광역시 북구 호국로,1,국민연금 가입 사업장 내역 2026-07,2026-07,2005,
x0108,（주）원영화학,산단 외,서구,,,기타 기초 무기화학 물질 제조업,화학·에너지,,1~9명,7,,,,대구광역시 서구 가르뱅이로6길,1,국민연금 가입 사업장 내역 2026-07,2026-07,2005,
x0109,(주)에스엔에스구조안전기술원,산단 외,수성구,,,기타 엔지니어링 서비스업,기타 서비스,,10~49명,12,,,,대구광역시 수성구 만촌로12길,1,국민연금 가입 사업장 내역 2026-07,2026-07,1996,
x0110,대구수성구지역자활센터,산단 외,수성구,,,직물  편조 원단 및 의복류 염색 가공업,섬유·패션,,10~49명,14,,,,대구광역시 수성구 범안로,1,국민연금 가입 사업장 내역 2026-07,2026-07,2005,
x0111,(주)유토닉스,산단 외,북구,,,응용 소프트웨어 개발 및 공급업,소프트웨어·IT,,1~9명,4,,,,대구광역시 북구 경대로17길,1,국민연금 가입 사업장 내역 2026-07,2026-07,2005,
x0112,(주)신라시스템,산단 외,동구,,,유선 통신장비 제조업,전기·전자,,50~299명,51,,,,대구광역시 동구 매여로,1,국민연금 가입 사업장 내역 2026-07,2026-07,2005,
x0113,주식회사화진스틸,산단 외,달성군,,,금속 문  창  셔터 및 관련제품 제조업,기계·금속,,1~9명,6,,,,대구광역시 달성군 화원읍 성암로1길,1,국민연금 가입 사업장 내역 2026-07,2026-07,2005,
x0114,주식회사 슐레마코리아,산단 외,달서구,,,그 외 자동차용 신품 부품 제조업,자동차·부품,,1~9명,4,,,,대구광역시 달서구 달구벌대로,1,국민연금 가입 사업장 내역 2026-07,2026-07,2005,
x0115,(주)청운이앤씨,산단 외,군위군,,,기타 엔지니어링 서비스업,기타 서비스,,1~9명,6,,,,대구광역시 군위군 군위읍 중앙길,1,국민연금 가입 사업장 내역 2026-07,2026-07,2005,
x0116,주식회사해림환경개발,산단 외,수성구,,,비금속류 원료 재생업,기계·금속,,10~49명,12,,,,대구광역시 수성구 파동로30길,1,국민연금 가입 사업장 내역 2026-07,2026-07,2005,
x0117,서상건설안전(주),산단 외,북구,,,기타 엔지니어링 서비스업,기타 서비스,,10~49명,10,,,,대구광역시 북구 구암로,1,국민연금 가입 사업장 내역 2026-07,2026-07,2005,
x0118,(주)디오시스템,산단 외,달성군,,,컴퓨터 및 주변장치  소프트웨어 도매업,소프트웨어·IT,,1~9명,6,,,,대구광역시 달성군 논공읍 논공로,1,국민연금 가입 사업장 내역 2026-07,2026-07,2005,
x0119,(주)조은캠프,산단 외,북구,,,응용 소프트웨어 개발 및 공급업,소프트웨어·IT,,1~9명,5,,,,대구광역시 북구 경대로17길,1,국민연금 가입 사업장 내역 2026-07,2026-07,2005,
x0120,(주)몬도미오,산단 외,북구,,,모조 귀금속 및 모조 장신용품 제조업,기계·금속,,1~9명,3,,,,대구광역시 북구 칠성로17길,1,국민연금 가입 사업장 내역 2026-07,2026-07,2005,
x0121,이앤아이랭귀지스쿨,산단 외,북구,,,데이터베이스 및 온라인 정보 제공업,소프트웨어·IT,,10~49명,14,,,,대구광역시 북구 유통단지로24길,1,국민연금 가입 사업장 내역 2026-07,2026-07,2005,
x0122,(주)파트너정보시스템(대구),산단 외,동구,,,컴퓨터 및 주변장치  소프트웨어 도매업,소프트웨어·IT,,1~9명,7,,,,대구광역시 동구 안심로90길,1,국민연금 가입 사업장 내역 2026-07,2026-07,2005,
x0123,주식회사 인포젠,산단 외,북구,,,응용 소프트웨어 개발 및 공급업,소프트웨어·IT,,10~49명,15,,,,대구광역시 북구 대현로19길,1,국민연금 가입 사업장 내역 2026-07,2026-07,2005,
x0124,주식회사마이크로씨앤씨컴,산단 외,동구,,,컴퓨터 및 주변장치  소프트웨어 도매업,소프트웨어·IT,,1~9명,4,,,,대구광역시 동구 팔공로,1,국민연금 가입 사업장 내역 2026-07,2026-07,2005,
x0125,(주)화성철강산업,산단 외,북구,,,그 외 기타 1차 철강 제조업,기계·금속,,1~9명,5,,,,대구광역시 북구 유통단지로7길,1,국민연금 가입 사업장 내역 2026-07,2026-07,2005,
x0126,（주）나노아이티,산단 외,수성구,,,응용 소프트웨어 개발 및 공급업,소프트웨어·IT,,10~49명,20,,,,대구광역시 수성구 알파시티1로31길,1,국민연금 가입 사업장 내역 2026-07,2026-07,2005,
x0127,（주）키모,산단 외,중구,,,컴퓨터 및 주변장치  소프트웨어 소매업,소프트웨어·IT,,1~9명,3,,,,대구광역시 중구 교동3길,1,국민연금 가입 사업장 내역 2026-07,2026-07,2005,
x0128,(주)성창엘씨,산단 외,북구,,,포장용 플라스틱 성형용기 제조업,화학·에너지,,1~9명,8,,,,대구광역시 북구 3공단로,1,국민연금 가입 사업장 내역 2026-07,2026-07,2005,
x0129,(주)자바씨앤씨,산단 외,북구,,,컴퓨터 및 주변장치  소프트웨어 도매업,소프트웨어·IT,,1~9명,7,,,,대구광역시 북구 유통단지로,1,국민연금 가입 사업장 내역 2026-07,2026-07,2005,
x0130,(주)케이.피.디.,산단 외,동구,,,금속선 가공제품 제조업,기계·금속,,1~9명,7,,,,대구광역시 동구 장등로,1,국민연금 가입 사업장 내역 2026-07,2026-07,2005,
x0131,(주)에스넷,산단 외,북구,,,컴퓨터 및 주변장치  소프트웨어 도매업,소프트웨어·IT,,10~49명,13,,,,대구광역시 북구 노원로,1,국민연금 가입 사업장 내역 2026-07,2026-07,2005,
x0132,(주)케이비엠,산단 외,달성군,,,기타 섬유  의복 및 가죽 가공기계 제조업,섬유·패션,,1~9명,3,,,,대구광역시 달성군 논공읍 비슬로262길,1,국민연금 가입 사업장 내역 2026-07,2026-07,2005,
x0133,(주)피앤에스정보,산단 외,동구,,,응용 소프트웨어 개발 및 공급업,소프트웨어·IT,,1~9명,7,,,,대구광역시 동구 첨단로8길,1,국민연금 가입 사업장 내역 2026-07,2026-07,2006,
x0134,주식회사 디엘페브릭,산단 외,서구,,,화학섬유직물 직조업,섬유·패션,,1~9명,6,,,,대구광역시 서구 국채보상로5길,1,국민연금 가입 사업장 내역 2026-07,2026-07,2006,
x0135,(주)이젠솔루션,산단 외,북구,,,응용 소프트웨어 개발 및 공급업,소프트웨어·IT,,10~49명,20,,,,대구광역시 북구 유통단지로8길,1,국민연금 가입 사업장 내역 2026-07,2026-07,2006,
x0136,유창산전(주),산단 외,북구,,,기타 절연선 및 케이블 제조업,기타 제조,,10~49명,11,,,,대구광역시 북구 검단로,1,국민연금 가입 사업장 내역 2026-07,2026-07,2006,
x0137,대경테크,산단 외,달성군,,,솜 및 실 염색 가공업 / 직물  편조 원단 및 의복류,섬유·패션,,10~49명,14,,,,대구광역시 달성군 논공읍 안씩실길,1,국민연금 가입 사업장 내역 2026-07,2026-07,2006,
x0138,（주）윤성알엠씨,산단 외,달성군,,,레미콘 제조업,기타 제조,,1~9명,5,,,,대구광역시 달성군 하빈면 묘동길,1,국민연금 가입 사업장 내역 2026-07,2026-07,2006,
x0139,에스티엠(주),산단 외,달서구,,,그 외 자동차용 신품 부품 제조업,자동차·부품,,50~299명,199,,,,대구광역시 달서구 성서공단로11길,1,국민연금 가입 사업장 내역 2026-07,2026-07,2006,
x0140,달성자동차재활용산업（주）,산단 외,달성군,,,금속류 해체 및 선별업,기계·금속,,1~9명,7,,,,대구광역시 달성군 하빈면 달구벌대로8길,1,국민연금 가입 사업장 내역 2026-07,2026-07,2006,
x0141,(주)보루,산단 외,동구,,,기타 엔지니어링 서비스업,기타 서비스,,10~49명,39,,,,대구광역시 동구 율하동로10길,1,국민연금 가입 사업장 내역 2026-07,2026-07,2006,
x0142,채널나인,산단 외,수성구,,,기타 인쇄관련 산업,기타 제조,,10~49명,12,,,,대구광역시 수성구 동대구로,1,국민연금 가입 사업장 내역 2026-07,2026-07,2006,
x0143,(주)스피드옥션,산단 외,북구,,,응용 소프트웨어 개발 및 공급업,소프트웨어·IT,,10~49명,12,,,,대구광역시 북구 대현로,1,국민연금 가입 사업장 내역 2026-07,2026-07,2006,
x0144,운암자동차종합정비,산단 외,북구,,,자동차 종합 수리업,자동차·부품,,10~49명,14,,,,대구광역시 북구 학정로,1,국민연금 가입 사업장 내역 2026-07,2026-07,2006,
x0145,(주)아랑,산단 외,남구,,,응용 소프트웨어 개발 및 공급업,소프트웨어·IT,,1~9명,5,,,,대구광역시 남구 중앙대로,1,국민연금 가입 사업장 내역 2026-07,2026-07,2006,
x0146,제이엠티（JMT）,산단 외,달서구,,,금속 문  창  셔터 및 관련제품 제조업,기계·금속,,10~49명,23,,,,대구광역시 달서구 성서공단로21길,1,국민연금 가입 사업장 내역 2026-07,2026-07,2006,
x0147,(주)우리식품,산단 외,수성구,,,가금류 가공 및 저장 처리업,기계·금속,,10~49명,11,,,,대구광역시 수성구 고모로22길,1,국민연금 가입 사업장 내역 2026-07,2026-07,2006,
x0148,(주)아진정보통신,산단 외,북구,,,컴퓨터 및 주변장치  소프트웨어 소매업,소프트웨어·IT,,1~9명,8,,,,대구광역시 북구 학정로,1,국민연금 가입 사업장 내역 2026-07,2026-07,2006,
x0149,대동정공,산단 외,북구,,,산업용 냉장 및 냉동장비 제조업,기계·금속,,10~49명,14,,,,대구광역시 북구 3공단로33길,1,국민연금 가입 사업장 내역 2026-07,2026-07,2006,
x0150,(주)한남라이팅,산단 외,동구,,,금속 문  창  셔터 및 관련제품 제조업,기계·금속,,10~49명,10,,,,대구광역시 동구 율하서로1길,1,국민연금 가입 사업장 내역 2026-07,2026-07,2006,
x0151,파워테크,산단 외,북구,,,동력식 수지 공구 제조업,화학·에너지,,10~49명,15,,,,대구광역시 북구 검단순환로8길,1,국민연금 가입 사업장 내역 2026-07,2026-07,2006,
x0152,주식회사 나모,산단 외,달서구,,,컴퓨터 및 주변장치  소프트웨어 도매업,소프트웨어·IT,,1~9명,4,,,,대구광역시 달서구 달구벌대로,1,국민연금 가입 사업장 내역 2026-07,2026-07,2006,
x0153,혜성키트,산단 외,북구,,,그 외 자동차용 신품 부품 제조업,자동차·부품,,10~49명,17,,,,대구광역시 북구 3공단로,1,국민연금 가입 사업장 내역 2026-07,2026-07,2006,
x0154,(주)유니통상,산단 외,달서구,,,화학섬유직물 직조업,섬유·패션,,1~9명,4,,,,대구광역시 달서구 용산로,1,국민연금 가입 사업장 내역 2026-07,2026-07,2006,
x0155,주식회사씨알엠소프트,산단 외,수성구,,,컴퓨터 제조업,기타 제조,,1~9명,4,,,,대구광역시 수성구 범어로24길,1,국민연금 가입 사업장 내역 2026-07,2026-07,2006,
x0156,（주）YH데이타베이스,산단 외,수성구,,,응용 소프트웨어 개발 및 공급업,소프트웨어·IT,,50~299명,122,,,,대구광역시 수성구 알파시티1로31길,1,국민연금 가입 사업장 내역 2026-07,2026-07,2006,
x0157,（주）태평개발,산단 외,중구,,,건설장비 운영업,기계·금속,,1~9명,4,,,,대구광역시 중구 태평로,1,국민연금 가입 사업장 내역 2026-07,2026-07,2006,
x0158,（주）신일화스너,산단 외,달성군,,,금속선 가공제품 제조업,기계·금속,,10~49명,14,,,,대구광역시 달성군 다사읍,1,국민연금 가입 사업장 내역 2026-07,2026-07,2006,
x0159,(사)한국지체장애인협회달성군지회달성자립장,산단 외,달성군,,,플라스틱 창호 제조업,화학·에너지,,10~49명,49,,,,대구광역시 달성군 구지면 달성2차로,1,국민연금 가입 사업장 내역 2026-07,2026-07,2006,
x0160,한섬컴,산단 외,남구,,,응용 소프트웨어 개발 및 공급업,소프트웨어·IT,,10~49명,10,,,,대구광역시 남구 양지로,1,국민연금 가입 사업장 내역 2026-07,2026-07,2006,
x0161,남호전기（주）,산단 외,북구,,,배전반 및 전기 자동제어반 제조업,전기·전자,,10~49명,22,,,,대구광역시 북구 검단북로,1,국민연금 가입 사업장 내역 2026-07,2026-07,2006,
x0162,(주)오피스넘버원,산단 외,동구,,,컴퓨터 및 주변장치  소프트웨어 도매업,소프트웨어·IT,,1~9명,6,,,,대구광역시 동구 팔공로,1,국민연금 가입 사업장 내역 2026-07,2026-07,2006,
x0163,주식회사우양텍스타일,산단 외,북구,,,모직물 직조업,섬유·패션,,1~9명,3,,,,대구광역시 북구 유통단지로7길,1,국민연금 가입 사업장 내역 2026-07,2026-07,2006,
x0164,주식회사 메디핏,산단 외,중구,,,체조  육상 및 체력 단련용 장비 제조업,기계·금속,,1~9명,4,,,,대구광역시 중구 명륜로23길,1,국민연금 가입 사업장 내역 2026-07,2026-07,2006,
x0165,주식회사 케이알이앤씨,산단 외,군위군,,,기타 엔지니어링 서비스업,기타 서비스,,10~49명,23,,,,대구광역시 군위군 군위읍 중앙3길,1,국민연금 가입 사업장 내역 2026-07,2026-07,2006,
x0166,(주)계선 이엔지,산단 외,달성군,,,내연기관 제조업,기타 제조,,1~9명,4,,,,대구광역시 달성군 하빈면 하빈로87길,1,국민연금 가입 사업장 내역 2026-07,2026-07,2006,
x0167,(주)브라마,산단 외,북구,,,금속선 가공제품 제조업,기계·금속,,1~9명,9,,,,대구광역시 북구 칠성동2가,1,국민연금 가입 사업장 내역 2026-07,2026-07,2006,
x0168,(주)왼손잽이,산단 외,남구,,,기타 엔지니어링 서비스업,기타 서비스,,1~9명,4,,,,대구광역시 남구 앞산순환로81길,1,국민연금 가입 사업장 내역 2026-07,2026-07,2006,
x0169,(주)화인디오텍,산단 외,수성구,,,유선 통신장비 제조업,전기·전자,,1~9명,3,,,,대구광역시 수성구 무열로19길,1,국민연금 가입 사업장 내역 2026-07,2026-07,2006,
x0170,(주)뉴한국설계감리,산단 외,중구,,,건물 및 토목 엔지니어링 서비스업(기술사),기타 서비스,,1~9명,5,,,,대구광역시 중구 동덕로,1,국민연금 가입 사업장 내역 2026-07,2026-07,2006,
x0171,동지ENG,산단 외,달성군,,,금속 절삭기계 제조업,기계·금속,,10~49명,11,,,,대구광역시 달성군 하빈면 하산2길,1,국민연금 가입 사업장 내역 2026-07,2026-07,2007,
x0172,（재）한국기업경제연구원,산단 외,동구,,,기타 인문 및 사회과학 연구개발업,기타 서비스,,1~9명,3,,,,대구광역시 동구 송라로,1,국민연금 가입 사업장 내역 2026-07,2026-07,2007,
x0173,대산실업(주)대구지점,산단 외,달서구,,,화학섬유직물 직조업,섬유·패션,,10~49명,15,,,,대구광역시 달서구 조암남로28길,1,국민연금 가입 사업장 내역 2026-07,2026-07,2006,
x0174,듀바콘텍트렌즈,산단 외,수성구,,,안경 및 안경렌즈 제조업,의료·바이오,,10~49명,21,,,,대구광역시 수성구 범안로,1,국민연금 가입 사업장 내역 2026-07,2026-07,2007,
x0175,(주)우주엔비텍,산단 외,달서구,,,귀금속 및 관련제품 제조업,기계·금속,,10~49명,20,,,,대구광역시 달서구 성서4차첨단로,1,국민연금 가입 사업장 내역 2026-07,2026-07,2007,
x0176,(주)삼일이엔씨,산단 외,달서구,,,기타 엔지니어링 서비스업,기타 서비스,,1~9명,4,,,,대구광역시 달서구 조암로,1,국민연금 가입 사업장 내역 2026-07,2026-07,2007,
x0177,서대구현대정비,산단 외,서구,,,자동차 전문 수리업,자동차·부품,,10~49명,13,,,,대구광역시 서구 서대구로63길,1,국민연금 가입 사업장 내역 2026-07,2026-07,2006,
x0178,(주)하이넷코리아,산단 외,달서구,,,금속류 원료 재생업,기계·금속,,1~9명,3,,,,대구광역시 달서구 장기동,1,국민연금 가입 사업장 내역 2026-07,2026-07,2007,
x0179,(주)대한이엔씨,산단 외,군위군,,,기타 엔지니어링 서비스업,기타 서비스,,10~49명,18,,,,대구광역시 군위군 군위읍 동서1길,1,국민연금 가입 사업장 내역 2026-07,2026-07,2007,
x0180,（주）설텍,산단 외,달서구,,,컴퓨터 제조업,기타 제조,,10~49명,37,,,,대구광역시 달서구 성서로,1,국민연금 가입 사업장 내역 2026-07,2026-07,2007,
x0181,(주)자바네트웍스,산단 외,북구,,,유선 통신장비 제조업,전기·전자,,1~9명,4,,,,대구광역시 북구 동변로24길,1,국민연금 가입 사업장 내역 2026-07,2026-07,2007,
x0182,(주)가야디지탈,산단 외,북구,,,컴퓨터 및 주변장치  소프트웨어 도매업,소프트웨어·IT,,1~9명,4,,,,대구광역시 북구 칠성남로2길,1,국민연금 가입 사업장 내역 2026-07,2026-07,2006,
x0183,주식회사관음정밀,산단 외,달성군,,,기타 반도체 소자 제조업,전기·전자,,10~49명,30,,,,대구광역시 달성군 논공읍 논공로,1,국민연금 가입 사업장 내역 2026-07,2026-07,2007,
x0184,한국폴리텍6대학 산학협력단,산단 외,서구,,,기타 인문 및 사회과학 연구개발업,기타 서비스,,1~9명,8,,,,대구광역시 서구 국채보상로43길,1,국민연금 가입 사업장 내역 2026-07,2026-07,2007,
x0185,(주)쿠빙스,산단 외,북구,,,주방용 전기 기기 제조업,전기·전자,,10~49명,15,,,,대구광역시 북구 노원로,1,국민연금 가입 사업장 내역 2026-07,2026-07,2007,
x0186,（주）대한창호,산단 외,동구,,,플라스틱 창호 제조업,화학·에너지,,1~9명,3,,,,대구광역시 동구 신평로,1,국민연금 가입 사업장 내역 2026-07,2026-07,2007,
x0187,주식회사수성방재,산단 외,수성구,,,기타 엔지니어링 서비스업,기타 서비스,,10~49명,10,,,,대구광역시 수성구 들안로,1,국민연금 가입 사업장 내역 2026-07,2026-07,2007,
x0188,(주)엠엑스,산단 외,달서구,,,응용 소프트웨어 개발 및 공급업,소프트웨어·IT,,1~9명,6,,,,대구광역시 달서구 송현로,1,국민연금 가입 사업장 내역 2026-07,2026-07,2007,
x0189,（주）창조,산단 외,중구,,,배전반 및 전기 자동제어반 제조업,전기·전자,,1~9명,5,,,,대구광역시 중구 중앙대로,1,국민연금 가입 사업장 내역 2026-07,2026-07,2007,
x0190,대구과학대학 산학협력단,산단 외,북구,,,기타 인문 및 사회과학 연구개발업,기타 서비스,,10~49명,43,,,,대구광역시 북구 영송로,1,국민연금 가입 사업장 내역 2026-07,2026-07,2007,
x0191,(주)카맨모터스,산단 외,동구,,,자동차 전문 수리업,자동차·부품,,10~49명,11,,,,대구광역시 동구 안심로59길,1,국민연금 가입 사업장 내역 2026-07,2026-07,2007,
x0192,(주)대구가톨릭산업보건센터,산단 외,달서구,,,기타 엔지니어링 서비스업,기타 서비스,,10~49명,17,,,,대구광역시 달서구 성서공단북로,1,국민연금 가입 사업장 내역 2026-07,2026-07,2007,
x0193,(주)우리토목엔지니어링,산단 외,달서구,,,기타 엔지니어링 서비스업,기타 서비스,,1~9명,6,,,,대구광역시 달서구 월배로,1,국민연금 가입 사업장 내역 2026-07,2026-07,2007,
x0194,（주）세정지이,산단 외,달성군,,,산업용 로봇 제조업,로봇,,10~49명,11,,,,대구광역시 달성군 구지면 달성2차동2로,1,국민연금 가입 사업장 내역 2026-07,2026-07,2007,
x0195,거림아이티(주),산단 외,수성구,,,컴퓨터 시스템 통합 자문 및 구축 서비스업,소프트웨어·IT,,1~9명,7,,,,대구광역시 수성구 알파시티1로35길,1,국민연금 가입 사업장 내역 2026-07,2026-07,2007,
x0196,포광신복,산단 외,달성군,,,가죽의복 제조업,섬유·패션,,10~49명,11,,,,대구광역시 달성군 하빈면 하빈로94길,1,국민연금 가입 사업장 내역 2026-07,2026-07,2007,
x0197,수광산업,산단 외,달서구,,,그 외 자동차용 신품 부품 제조업,자동차·부품,,10~49명,15,,,,대구광역시 달서구 성서로,1,국민연금 가입 사업장 내역 2026-07,2026-07,2007,
x0198,(주)덕동,산단 외,달서구,,,화학섬유직물 직조업,섬유·패션,,1~9명,3,,,,대구광역시 달서구 월배로74길,1,국민연금 가입 사업장 내역 2026-07,2026-07,2007,
x0199,(주)유피스,산단 외,북구,,,기타 반도체 소자 제조업,전기·전자,,10~49명,17,,,,대구광역시 북구 팔달로27길,1,국민연금 가입 사업장 내역 2026-07,2026-07,2007,
x0200,(주)대광무도구,산단 외,북구,,,가죽의복 제조업,섬유·패션,,1~9명,3,,,,대구광역시 북구 대동로,1,국민연금 가입 사업장 내역 2026-07,2026-07,1988,
x0201,한국오.에스.지(주),산단 외,달서구,,,톱 및 호환성 공구 제조업,기계·금속,,300명 이상,322,,,,대구광역시 달서구 달서대로109길,1,국민연금 가입 사업장 내역 2026-07,2026-07,1988,
x0202,(주)서부정류장,산단 외,남구,,,여객 자동차 터미널 운영업,자동차·부품,,1~9명,7,,,,대구광역시 남구 월배로,1,국민연금 가입 사업장 내역 2026-07,2026-07,1988,
x0203,도남자동차검사정비주식회사,산단 외,북구,,,자동차 종합 수리업,자동차·부품,,1~9명,9,,,,대구광역시 북구 구리로,1,국민연금 가입 사업장 내역 2026-07,2026-07,1988,
x0204,(주)케이소프트,산단 외,남구,,,응용 소프트웨어 개발 및 공급업,소프트웨어·IT,,1~9명,4,,,,대구광역시 남구 대명동,1,국민연금 가입 사업장 내역 2026-07,2026-07,2007,
x0205,(주)한림PACK,산단 외,달성군,,,골판지 제조업,기타 제조,,10~49명,12,,,,대구광역시 달성군 논공읍 논공중앙로,1,국민연금 가입 사업장 내역 2026-07,2026-07,1988,
x0206,금복홀딩스(주),산단 외,달서구,,,소주 제조업,기타 제조,,1~9명,8,,,,대구광역시 달서구 성서로,1,국민연금 가입 사업장 내역 2026-07,2026-07,1988,
x0207,(주)한국이앤씨,산단 외,서구,,,기타 엔지니어링 서비스업,기타 서비스,,50~299명,68,,,,대구광역시 서구 북비산로,1,국민연금 가입 사업장 내역 2026-07,2026-07,1988,
x0208,고려산업(주)대구배합사료공장,산단 외,달서구,,,배합 사료 제조업,기타 제조,,50~299명,75,,,,대구광역시 달서구 성서서로,1,국민연금 가입 사업장 내역 2026-07,2026-07,1988,
x0209,성진공업(주),산단 외,북구,,,포장용 플라스틱 성형용기 제조업,화학·에너지,,1~9명,6,,,,대구광역시 북구 3공단로14길,1,국민연금 가입 사업장 내역 2026-07,2026-07,1988,
x0210,(주)우양물산,산단 외,북구,,,포장용 플라스틱 성형용기 제조업,화학·에너지,,1~9명,4,,,,대구광역시 북구 유통단지로,1,국민연금 가입 사업장 내역 2026-07,2026-07,1989,
x0211,시지현대서비스주식회사,산단 외,수성구,,,자동차 종합 수리업,자동차·부품,,10~49명,19,,,,대구광역시 수성구 욱수천로,1,국민연금 가입 사업장 내역 2026-07,2026-07,1990,
x0212,(주)대명FA,산단 외,서구,,,전동기 및 발전기 제조업,전기·전자,,10~49명,15,,,,대구광역시 서구 서대구로,1,국민연금 가입 사업장 내역 2026-07,2026-07,1990,
x0213,국제발전기콤퓨레샤(주),산단 외,달성군,,,물질 검사  측정 및 분석 기구 제조업,기타 제조,,1~9명,8,,,,대구광역시 달성군 현풍읍 테크노대로2길,1,국민연금 가입 사업장 내역 2026-07,2026-07,1993,
x0214,대원기계공업(주),산단 외,중구,,,기타 섬유  의복 및 가죽 가공기계 제조업,섬유·패션,,1~9명,6,,,,대구광역시 중구 명륜로,1,국민연금 가입 사업장 내역 2026-07,2026-07,1988,
x0215,(주)신성FA,산단 외,달서구,,,산업용 로봇 제조업,로봇,,10~49명,20,,,,대구광역시 달서구 성서4차첨단로,1,국민연금 가입 사업장 내역 2026-07,2026-07,1992,
x0216,(주)한신엔지니어링,산단 외,중구,,,응용 소프트웨어 개발 및 공급업,소프트웨어·IT,,10~49명,12,,,,대구광역시 중구 국채보상로131길,1,국민연금 가입 사업장 내역 2026-07,2026-07,1992,
x0217,(주)기전엔지니어링,산단 외,북구,,,기타 엔지니어링 서비스업,기타 서비스,,1~9명,6,,,,대구광역시 북구 망월길,1,국민연금 가입 사업장 내역 2026-07,2026-07,1995,
x0218,대영지에스 (주),산단 외,수성구,,,농업 및 임업용 기계 제조업,기계·금속,,10~49명,42,,,,대구광역시 수성구 지범로,1,국민연금 가입 사업장 내역 2026-07,2026-07,1993,
x0219,만승자립원,산단 외,동구,,,위생용 종이제품 제조업,기타 제조,,10~49명,41,,,,대구광역시 동구 팔공산로,1,국민연금 가입 사업장 내역 2026-07,2026-07,1994,
x0220,(주)마스윈,산단 외,수성구,,,가정용 전기 난방기기 제조업,전기·전자,,1~9명,8,,,,대구광역시 수성구 달구벌대로471길,1,국민연금 가입 사업장 내역 2026-07,2026-07,1994,
x0221,대성전기안전관리(주),산단 외,달서구,,,기타 엔지니어링 서비스업,기타 서비스,,1~9명,5,,,,대구광역시 달서구 감삼북길,1,국민연금 가입 사업장 내역 2026-07,2026-07,1994,
x0222,(주)삼한씨원,산단 외,동구,,,타일 및 유사 비내화 요업제품 제조업,기타 제조,,10~49명,17,,,,대구광역시 동구 동부로,1,국민연금 가입 사업장 내역 2026-07,2026-07,1996,
x0223,(주)세명기술단,산단 외,중구,,,기타 엔지니어링 서비스업,기타 서비스,,10~49명,14,,,,대구광역시 중구 태평로51길,1,국민연금 가입 사업장 내역 2026-07,2026-07,1997,
x0224,영남전기관리(주),산단 외,수성구,,,기타 엔지니어링 서비스업,기타 서비스,,10~49명,12,,,,대구광역시 수성구 무열로,1,국민연금 가입 사업장 내역 2026-07,2026-07,1997,
x0225,(주)프로비즈넷,산단 외,서구,,,컴퓨터 및 주변장치  소프트웨어 소매업,소프트웨어·IT,,1~9명,3,,,,대구광역시 서구 서대구로7길,1,국민연금 가입 사업장 내역 2026-07,2026-07,1997,
x0226,일원정보기술(주),산단 외,달서구,,,응용 소프트웨어 개발 및 공급업,소프트웨어·IT,,1~9명,3,,,,대구광역시 달서구 달서대로,1,국민연금 가입 사업장 내역 2026-07,2026-07,1998,
x0227,신일정보기술(주),산단 외,중구,,,컴퓨터 제조업,기타 제조,,10~49명,21,,,,대구광역시 중구 태평로,1,국민연금 가입 사업장 내역 2026-07,2026-07,1995,
x0228,(주)신일이앤씨,산단 외,중구,,,기타 엔지니어링 서비스업,기타 서비스,,50~299명,50,,,,대구광역시 중구 태평로,1,국민연금 가입 사업장 내역 2026-07,2026-07,1997,
x0229,우보엔지니어링(주),산단 외,남구,,,기타 엔지니어링 서비스업,기타 서비스,,10~49명,11,,,,대구광역시 남구 대봉로,1,국민연금 가입 사업장 내역 2026-07,2026-07,1998,
x0230,한양정보기술(주),산단 외,동구,,,응용 소프트웨어 개발 및 공급업,소프트웨어·IT,,1~9명,5,,,,대구광역시 동구 장등로,1,국민연금 가입 사업장 내역 2026-07,2026-07,1996,
x0231,(주)부창엔지니어링,산단 외,수성구,,,기타 엔지니어링 서비스업,기타 서비스,,1~9명,3,,,,대구광역시 수성구 청솔로2길,1,국민연금 가입 사업장 내역 2026-07,2026-07,1997,
x0232,（주）신한금속,산단 외,달서구,,,그 외 자동차용 신품 부품 제조업,자동차·부품,,1~9명,5,,,,대구광역시 달서구 성서공단로,1,국민연금 가입 사업장 내역 2026-07,2026-07,2007,
x0233,（주）수성피앤티,산단 외,군위군,,,그 외 기타 분류 안된 섬유제품 제조업,섬유·패션,,10~49명,14,,,,대구광역시 군위군 군위읍 장천로,1,국민연금 가입 사업장 내역 2026-07,2026-07,2007,
x0234,(주)창일,산단 외,북구,,,컴퓨터 및 주변장치  소프트웨어 도매업,소프트웨어·IT,,10~49명,24,,,,대구광역시 북구 노원로,1,국민연금 가입 사업장 내역 2026-07,2026-07,2007,
x0235,주식회사 대원엘리베이터,산단 외,달서구,,,기타 물품 취급장비 제조업,기계·금속,,10~49명,30,,,,대구광역시 달서구 상화로7길,1,국민연금 가입 사업장 내역 2026-07,2026-07,2007,
x0236,（주）씨아이이씨,산단 외,동구,,,응용 소프트웨어 개발 및 공급업,소프트웨어·IT,,1~9명,6,,,,대구광역시 동구 반야월북로27길,1,국민연금 가입 사업장 내역 2026-07,2026-07,2007,
x0237,한국도로교통공단대구광역시지부,산단 외,남구,,,기타 인문 및 사회과학 연구개발업,기타 서비스,,50~299명,57,,,,대구광역시 남구 대명서로,1,국민연금 가입 사업장 내역 2026-07,2026-07,1988,
x0238,(주)장원교육,산단 외,동구,,,서적외판원 학습지방문판매원 화장품외판원 정수기 자,화학·에너지,,50~299명,108,,,,대구광역시 동구 장등로,1,국민연금 가입 사업장 내역 2026-07,2026-07,1988,
x0239,대령지화(주),산단 외,서구,,,위생용 종이제품 제조업,기타 제조,,1~9명,3,,,,대구광역시 서구 문화로4길,1,국민연금 가입 사업장 내역 2026-07,2026-07,1988,
x0240,(주)동진상사,산단 외,서구,,,직물  편조 원단 및 의복류 염색 가공업,섬유·패션,,50~299명,73,,,,대구광역시 서구 염색공단로,1,국민연금 가입 사업장 내역 2026-07,2026-07,1988,
x0241,대구염색산업단지관리공단,산단 외,서구,,,태양력 발전업,화학·에너지,,50~299명,165,,,,대구광역시 서구 염색공단중앙로,1,국민연금 가입 사업장 내역 2026-07,2026-07,1988,
x0242,(주)TAK,산단 외,달서구,,,그 외 자동차용 신품 부품 제조업,자동차·부품,,10~49명,28,,,,대구광역시 달서구 달구벌대로246길,1,국민연금 가입 사업장 내역 2026-07,2026-07,1988,
x0243,（주）대흥크러셔,산단 외,달성군,,,산업용 냉장 및 냉동장비 제조업,기계·금속,,1~9명,8,,,,대구광역시 달성군 논공읍 노이2길,1,국민연금 가입 사업장 내역 2026-07,2026-07,2007,
x0244,(사)대한산업안전협회대구지역본부,산단 외,수성구,,,기타 엔지니어링 서비스업,기타 서비스,,10~49명,34,,,,대구광역시 수성구 화랑로,1,국민연금 가입 사업장 내역 2026-07,2026-07,1990,
x0245,주식회사 동원아이티에스(ITS),산단 외,북구,,,컴퓨터 및 주변장치  소프트웨어 도매업,소프트웨어·IT,,1~9명,7,,,,대구광역시 북구 검단공단로,1,국민연금 가입 사업장 내역 2026-07,2026-07,1991,
x0246,오복,산단 외,달성군,,,그 외 기타 분류 안된 섬유제품 제조업,섬유·패션,,10~49명,13,,,,대구광역시 달성군 하빈면 묘동5길,1,국민연금 가입 사업장 내역 2026-07,2026-07,1993,
x0247,(주)삼성디엠에프피,산단 외,수성구,,,컴퓨터 및 주변장치  소프트웨어 도매업,소프트웨어·IT,,1~9명,3,,,,대구광역시 수성구 범안로,1,국민연금 가입 사업장 내역 2026-07,2026-07,2007,
x0248,(주)봉성유리경산지점,산단 외,북구,,,가정용 유리제품 제조업,기타 제조,,1~9명,4,,,,대구광역시 북구 노원로,1,국민연금 가입 사업장 내역 2026-07,2026-07,2007,
x0249,서변점현대자동차,산단 외,북구,,,자동차 전문 수리업,자동차·부품,,10~49명,10,,,,대구광역시 북구 호국로,1,국민연금 가입 사업장 내역 2026-07,2026-07,2007,
x0250,(주)해동상사,산단 외,서구,,,레미콘 제조업,기타 제조,,1~9명,3,,,,대구광역시 서구 팔달로,1,국민연금 가입 사업장 내역 2026-07,2026-07,1996,
x0251,(주)서대구서비스기아오토큐,산단 외,서구,,,자동차 종합 수리업,자동차·부품,,10~49명,16,,,,대구광역시 서구 서대구로63길,1,국민연금 가입 사업장 내역 2026-07,2026-07,2007,
x0252,(주)한국전기관리,산단 외,중구,,,기타 엔지니어링 서비스업,기타 서비스,,1~9명,6,,,,대구광역시 중구 태평로51길,1,국민연금 가입 사업장 내역 2026-07,2026-07,1997,
x0253,(주)한진,산단 외,수성구,,,건설장비 운영업,기계·금속,,10~49명,42,,,,대구광역시 수성구 알파시티1로4길,1,국민연금 가입 사업장 내역 2026-07,2026-07,1997,
x0254,주식회사 옥션원,산단 외,동구,,,데이터베이스 및 온라인 정보 제공업,소프트웨어·IT,,50~299명,53,,,,대구광역시 동구 동대구로,1,국민연금 가입 사업장 내역 2026-07,2026-07,2007,
x0255,주식회사해성,산단 외,남구,,,연마재 제조업,기타 제조,,1~9명,8,,,,대구광역시 남구 신촌길,1,국민연금 가입 사업장 내역 2026-07,2026-07,2007,
x0256,마로엔지니어링（주）,산단 외,달성군,,,산업용 냉장 및 냉동장비 제조업,기계·금속,,1~9명,4,,,,대구광역시 달성군 다사읍 세천본길,1,국민연금 가입 사업장 내역 2026-07,2026-07,2007,
x0257,(주)최선정공,산단 외,북구,,,금속 절삭기계 제조업,기계·금속,,1~9명,6,,,,대구광역시 북구 팔달로1길,1,국민연금 가입 사업장 내역 2026-07,2026-07,2007,
x0258,(주)광장씨앤디,산단 외,중구,,,기타 엔지니어링 서비스업,기타 서비스,,1~9명,3,,,,대구광역시 중구 국채보상로143길,1,국민연금 가입 사업장 내역 2026-07,2026-07,2007,
x0259,(주)고구마,산단 외,남구,,,응용 소프트웨어 개발 및 공급업,소프트웨어·IT,,10~49명,10,,,,대구광역시 남구 봉덕로9길,1,국민연금 가입 사업장 내역 2026-07,2026-07,2007,
x0260,(주)세신기업,산단 외,동구,,,설치용 및 위생용 플라스틱제품 제조업,화학·에너지,,1~9명,7,,,,대구광역시 동구 반야월로,1,국민연금 가입 사업장 내역 2026-07,2026-07,2007,
x0261,대구보건대학교산학협력단,산단 외,북구,,,기타 인문 및 사회과학 연구개발업,기타 서비스,,50~299명,77,,,,대구광역시 북구 태전동,1,국민연금 가입 사업장 내역 2026-07,2026-07,2007,
x0262,(주)마이하우스,산단 외,중구,,,침구 및 관련제품 제조업,기타 제조,,10~49명,11,,,,대구광역시 중구 큰장로22길,1,국민연금 가입 사업장 내역 2026-07,2026-07,2008,
x0263,(주)지영,산단 외,달서구,,,화학섬유직물 직조업,섬유·패션,,1~9명,4,,,,대구광역시 달서구 와룡로43길,1,국민연금 가입 사업장 내역 2026-07,2026-07,2008,
x0264,엠에스 주식회사,산단 외,달서구,,,산업 처리공정 제어장비 제조업,기계·금속,,1~9명,5,,,,대구광역시 달서구 달서대로91길,1,국민연금 가입 사업장 내역 2026-07,2026-07,2008,
x0265,온소프트주식회사,산단 외,중구,,,응용 소프트웨어 개발 및 공급업,소프트웨어·IT,,1~9명,5,,,,대구광역시 중구 명덕로,1,국민연금 가입 사업장 내역 2026-07,2026-07,2008,
x0266,(주)우리매니저,산단 외,달서구,,,데이터베이스 및 온라인 정보 제공업,소프트웨어·IT,,10~49명,13,,,,대구광역시 달서구 월배로,1,국민연금 가입 사업장 내역 2026-07,2026-07,2008,
x0267,(주)명가에이앤에프,산단 외,달서구,,,식물성 유지 제조업,기타 제조,,1~9명,3,,,,대구광역시 달서구 와룡로,1,국민연금 가입 사업장 내역 2026-07,2026-07,2007,
x0268,대영포장（주）대구공장,산단 외,달성군,,,골판지 제조업,기타 제조,,50~299명,86,,,,대구광역시 달성군 구지면 달성2차서로,1,국민연금 가입 사업장 내역 2026-07,2026-07,2008,
x0269,형제인터내셔널(주),산단 외,중구,,,가죽의복 제조업,섬유·패션,,10~49명,30,,,,대구광역시 중구 달구벌대로,1,국민연금 가입 사업장 내역 2026-07,2026-07,1999,
x0270,대구과학대학,산단 외,북구,,,과자류 및 코코아 제품 제조업,기타 제조,,50~299명,217,,,,대구광역시 북구 영송로,1,국민연금 가입 사업장 내역 2026-07,2026-07,1998,
x0271,(주)세명산업개발,산단 외,달서구,,,비금속류 원료 재생업,기계·금속,,10~49명,13,,,,대구광역시 달서구 장기로,1,국민연금 가입 사업장 내역 2026-07,2026-07,1999,
x0272,(재)대구테크노파크,산단 외,동구,,,기타 인문 및 사회과학 연구개발업,기타 서비스,,50~299명,189,,,,대구광역시 동구 동대구로,1,국민연금 가입 사업장 내역 2026-07,2026-07,1999,
x0273,(주)스파이어테크놀로지,산단 외,수성구,,,응용 소프트웨어 개발 및 공급업,소프트웨어·IT,,50~299명,68,,,,대구광역시 수성구 알파시티1로31길,1,국민연금 가입 사업장 내역 2026-07,2026-07,1998,
x0274,서한컨설탄트(주),산단 외,수성구,,,기타 엔지니어링 서비스업,기타 서비스,,10~49명,20,,,,대구광역시 수성구 화랑로,1,국민연금 가입 사업장 내역 2026-07,2026-07,1998,
x0275,(주)해원통상,산단 외,달서구,,,화학섬유직물 직조업,섬유·패션,,10~49명,14,,,,대구광역시 달서구 문화회관8길,1,국민연금 가입 사업장 내역 2026-07,2026-07,1999,
x0276,(주)나인시스템,산단 외,서구,,,컴퓨터 및 주변장치  소프트웨어 도매업,소프트웨어·IT,,1~9명,3,,,,대구광역시 서구 서대구로,1,국민연금 가입 사업장 내역 2026-07,2026-07,1999,
x0277,경상공업고등학교,산단 외,남구,,,기타 엔지니어링 서비스업,기타 서비스,,10~49명,29,,,,대구광역시 남구 대경길,1,국민연금 가입 사업장 내역 2026-07,2026-07,1999,
x0278,한양엘리베이터(주),산단 외,북구,,,기타 엔지니어링 서비스업,기타 서비스,,1~9명,4,,,,대구광역시 북구 관음로,1,국민연금 가입 사업장 내역 2026-07,2026-07,1999,
x0279,새한합성산업(주),산단 외,남구,,,플라스틱 선  봉  관 및 호스 제조업,화학·에너지,,10~49명,11,,,,대구광역시 남구 성당로,1,국민연금 가입 사업장 내역 2026-07,2026-07,1999,
x0280,(주)유건,산단 외,북구,,,데이터베이스 및 온라인 정보 제공업,소프트웨어·IT,,1~9명,6,,,,대구광역시 북구 침산로52길,1,국민연금 가입 사업장 내역 2026-07,2026-07,1999,
x0281,(주)산아래가구,산단 외,남구,,,컴퓨터 및 주변장치  소프트웨어 도매업,소프트웨어·IT,,10~49명,13,,,,대구광역시 남구 앞산순환로,1,국민연금 가입 사업장 내역 2026-07,2026-07,1999,
x0282,영광종합정비공장,산단 외,서구,,,산업용 트럭 및 적재기 제조업,기타 제조,,10~49명,10,,,,대구광역시 서구 서대구로63길,1,국민연금 가입 사업장 내역 2026-07,2026-07,1999,
x0283,(주)영우코포레이션,산단 외,서구,,,화학섬유직물 직조업,섬유·패션,,1~9명,7,,,,대구광역시 서구 국채보상로34길,1,국민연금 가입 사업장 내역 2026-07,2026-07,1999,
x0284,(주)신흥무역,산단 외,달서구,,,화학섬유직물 직조업,섬유·패션,,1~9명,4,,,,대구광역시 달서구 성서공단로,1,국민연금 가입 사업장 내역 2026-07,2026-07,1999,
x0285,코로나텍스타일(주),산단 외,달서구,,,화학섬유직물 직조업,섬유·패션,,10~49명,11,,,,대구광역시 달서구 성서공단로15길,1,국민연금 가입 사업장 내역 2026-07,2026-07,1999,
x0286,우양신소재,산단 외,북구,,,포장용 플라스틱 성형용기 제조업,화학·에너지,,10~49명,18,,,,대구광역시 북구 유통단지로8길,1,국민연금 가입 사업장 내역 2026-07,2026-07,1999,
x0287,선경화학주식회사,산단 외,수성구,,,플라스틱 창호 제조업,화학·에너지,,10~49명,10,,,,대구광역시 수성구 알파시티1로42길,1,국민연금 가입 사업장 내역 2026-07,2026-07,1999,
x0288,(주)퓨전소프트,산단 외,동구,,,응용 소프트웨어 개발 및 공급업,소프트웨어·IT,,50~299명,154,,,,대구광역시 동구 안심로,1,국민연금 가입 사업장 내역 2026-07,2026-07,1999,
x0289,(주)동남기술사,산단 외,수성구,,,건물 및 토목 엔지니어링 서비스업(기술사),기타 서비스,,1~9명,5,,,,대구광역시 수성구 상록로,1,국민연금 가입 사업장 내역 2026-07,2026-07,2000,
x0290,(주)대영전산,산단 외,수성구,,,컴퓨터 및 주변장치  소프트웨어 도매업,소프트웨어·IT,,1~9명,8,,,,대구광역시 수성구 무열로,1,국민연금 가입 사업장 내역 2026-07,2026-07,1999,
x0291,세진화섬(주),산단 외,달서구,,,연사 및 가공사 제조업,기계·금속,,1~9명,4,,,,대구광역시 달서구 성서공단로,1,국민연금 가입 사업장 내역 2026-07,2026-07,2000,
x0292,(주)홍창,산단 외,서구,,,금속선 가공제품 제조업,기계·금속,,10~49명,45,,,,대구광역시 서구 와룡로,1,국민연금 가입 사업장 내역 2026-07,2026-07,2000,
x0293,(주)티엔지코리아,산단 외,달성군,,,스크린 인쇄업,기타 제조,,10~49명,10,,,,대구광역시 달성군 구지면 달성2차서로,1,국민연금 가입 사업장 내역 2026-07,2026-07,1999,
x0294,(주)사랑넷,산단 외,동구,,,응용 소프트웨어 개발 및 공급업,소프트웨어·IT,,10~49명,19,,,,대구광역시 동구 율하서로,1,국민연금 가입 사업장 내역 2026-07,2026-07,1999,
x0295,영화모터스,산단 외,동구,,,자동차 종합 수리업,자동차·부품,,10~49명,11,,,,대구광역시 동구 아양로10길,1,국민연금 가입 사업장 내역 2026-07,2026-07,2000,
x0296,우진와이드(주),산단 외,북구,,,분말 야금제품 제조업,기타 제조,,1~9명,6,,,,대구광역시 북구 팔달북로2길,1,국민연금 가입 사업장 내역 2026-07,2026-07,2000,
x0297,(주)자인,산단 외,달서구,,,연사 및 가공사 제조업 / 특수직물 및 기타 직물 직조,섬유·패션,,10~49명,12,,,,대구광역시 달서구 호산동로,1,국민연금 가입 사업장 내역 2026-07,2026-07,2000,
x0298,대한정보(주),산단 외,북구,,,컴퓨터 및 주변장치  소프트웨어 도매업,소프트웨어·IT,,1~9명,9,,,,대구광역시 북구 유통단지로8길,1,국민연금 가입 사업장 내역 2026-07,2026-07,2000,
x0299,(주)포위즈시스템,산단 외,동구,,,응용 소프트웨어 개발 및 공급업,소프트웨어·IT,,50~299명,60,,,,대구광역시 동구 동내로,1,국민연금 가입 사업장 내역 2026-07,2026-07,2000,
x0300,(주)월드크로스,산단 외,북구,,,일반 철물 제조업,기타 제조,,10~49명,25,,,,대구광역시 북구 검단로31길,1,국민연금 가입 사업장 내역 2026-07,2026-07,2000,
x0301,(주)조은소리보청기,산단 외,중구,,,전기식 진단 및 요법 기기 제조업,의료·바이오,,1~9명,4,,,,대구광역시 중구 중앙대로,1,국민연금 가입 사업장 내역 2026-07,2026-07,2000,
x0302,(주)대구물류터미널,산단 외,달서구,,,여객 자동차 터미널 운영업,자동차·부품,,1~9명,4,,,,대구광역시 달서구 성서공단로,1,국민연금 가입 사업장 내역 2026-07,2026-07,2000,
x0303,대명이엔지(주),산단 외,달성군,,,배전반 및 전기 자동제어반 제조업,전기·전자,,50~299명,104,,,,대구광역시 달성군 유가읍 테크노순환로1길,1,국민연금 가입 사업장 내역 2026-07,2026-07,2000,
x0304,와우코리아(주),산단 외,달서구,,,응용 소프트웨어 개발 및 공급업,소프트웨어·IT,,1~9명,4,,,,대구광역시 달서구 와룡로57길,1,국민연금 가입 사업장 내역 2026-07,2026-07,2000,
x0305,주식회사디케이커뮤니티,산단 외,달서구,,,기타 엔지니어링 서비스업,기타 서비스,,1~9명,4,,,,대구광역시 달서구 두류길,1,국민연금 가입 사업장 내역 2026-07,2026-07,2000,
x0306,(주)에스엠에스,산단 외,수성구,,,컴퓨터 및 주변장치  소프트웨어 도매업,소프트웨어·IT,,1~9명,7,,,,대구광역시 수성구 알파시티1로42길,1,국민연금 가입 사업장 내역 2026-07,2026-07,2000,
x0307,한국전산(주),산단 외,동구,,,응용 소프트웨어 개발 및 공급업,소프트웨어·IT,,1~9명,6,,,,대구광역시 동구 신암남로,1,국민연금 가입 사업장 내역 2026-07,2026-07,2000,
x0308,온디맨드소프트(주),산단 외,수성구,,,응용 소프트웨어 개발 및 공급업,소프트웨어·IT,,10~49명,10,,,,대구광역시 수성구 알파시티1로,1,국민연금 가입 사업장 내역 2026-07,2026-07,2000,
x0309,(주)성국,산단 외,달서구,,,화학섬유직물 직조업,섬유·패션,,1~9명,3,,,,대구광역시 달서구 달구벌대로,1,국민연금 가입 사업장 내역 2026-07,2026-07,2000,
x0310,아시아복지재단자유보호작업장,산단 외,동구,,,위생용 종이제품 제조업,기타 제조,,10~49명,21,,,,대구광역시 동구 팔공산로,1,국민연금 가입 사업장 내역 2026-07,2026-07,2000,
x0311,케이아이에스(주),산단 외,북구,,,컴퓨터 및 주변장치  소프트웨어 도매업,소프트웨어·IT,,1~9명,6,,,,대구광역시 북구 경대로17길,1,국민연금 가입 사업장 내역 2026-07,2026-07,2001,
x0312,주식회사 코그,산단 외,중구,,,응용 소프트웨어 개발 및 공급업,소프트웨어·IT,,50~299명,257,,,,대구광역시 중구 국채보상로,1,국민연금 가입 사업장 내역 2026-07,2026-07,2001,
x0313,라온엔터테인먼트(주),산단 외,남구,,,응용 소프트웨어 개발 및 공급업,소프트웨어·IT,,50~299명,118,,,,대구광역시 남구 대명동,1,국민연금 가입 사업장 내역 2026-07,2026-07,2000,
x0314,(주)위넷컴,산단 외,달서구,,,컴퓨터 제조업,기타 제조,,1~9명,4,,,,대구광역시 달서구 와룡로57길,1,국민연금 가입 사업장 내역 2026-07,2026-07,2001,
x0315,대림에프엔티(주),산단 외,달성군,,,화학섬유직물 직조업,섬유·패션,,1~9명,5,,,,대구광역시 달성군 논공읍 논공로91길,1,국민연금 가입 사업장 내역 2026-07,2026-07,2001,
x0316,오픈정보기술(주),산단 외,동구,,,컴퓨터 및 주변장치  소프트웨어 도매업,소프트웨어·IT,,10~49명,32,,,,대구광역시 동구 송라로14길,1,국민연금 가입 사업장 내역 2026-07,2026-07,2001,
x0317,화산시스템(주),산단 외,남구,,,응용 소프트웨어 개발 및 공급업,소프트웨어·IT,,10~49명,12,,,,대구광역시 남구 이천로19길,1,국민연금 가입 사업장 내역 2026-07,2026-07,2001,
x0318,주식회사 부자 군위(상),산단 외,군위군,,,간이 음식 포장 판매 전문점,기타 제조,,10~49명,13,,,,대구광역시 군위군 군위읍 경북대로,1,국민연금 가입 사업장 내역 2026-07,2026-07,2001,
x0319,주식회사 부자 군위(하),산단 외,군위군,,,간이 음식 포장 판매 전문점,기타 제조,,10~49명,14,,,,대구광역시 군위군 군위읍 경북대로,1,국민연금 가입 사업장 내역 2026-07,2026-07,2001,
x0320,(주)매직씨엔씨,산단 외,중구,,,컴퓨터 및 주변장치  소프트웨어 도매업,소프트웨어·IT,,1~9명,4,,,,대구광역시 중구 태평로,1,국민연금 가입 사업장 내역 2026-07,2026-07,2001,
x0321,카피몰데이타시스템(주),산단 외,중구,,,기타 인쇄관련 산업,기타 제조,,1~9명,4,,,,대구광역시 중구 동덕로36길,1,국민연금 가입 사업장 내역 2026-07,2026-07,2001,
x0322,(주)삼정디지탈정보,산단 외,수성구,,,컴퓨터 및 주변장치  소프트웨어 도매업,소프트웨어·IT,,1~9명,9,,,,대구광역시 수성구 알파시티1로40길,1,국민연금 가입 사업장 내역 2026-07,2026-07,2001,
x0323,대구녹색환경지원센터,산단 외,달서구,,,기타 인문 및 사회과학 연구개발업,기타 서비스,,1~9명,7,,,,대구광역시 달서구 달구벌대로,1,국민연금 가입 사업장 내역 2026-07,2026-07,2001,
x0324,(주)지앤지넷,산단 외,수성구,,,응용 소프트웨어 개발 및 공급업,소프트웨어·IT,,1~9명,6,,,,대구광역시 수성구 알파시티1로31길,1,국민연금 가입 사업장 내역 2026-07,2026-07,2001,
x0325,(주)엔아이티,산단 외,북구,,,컴퓨터 및 주변장치  소프트웨어 도매업,소프트웨어·IT,,1~9명,7,,,,대구광역시 북구 유통단지로,1,국민연금 가입 사업장 내역 2026-07,2026-07,2001,
x0326,(주)한전전기관리,산단 외,달서구,,,기타 엔지니어링 서비스업,기타 서비스,,10~49명,18,,,,대구광역시 달서구 새동네로,1,국민연금 가입 사업장 내역 2026-07,2026-07,2001,
x0327,(주)대한실업,산단 외,달서구,,,비금속류 원료 재생업,기계·금속,,50~299명,144,,,,대구광역시 달서구 성서로72길,1,국민연금 가입 사업장 내역 2026-07,2026-07,2001,
x0328,한국지엠북대구서비스센터,산단 외,서구,,,자동차 전문 수리업,자동차·부품,,10~49명,16,,,,대구광역시 서구 염색공단중앙로14길,1,국민연금 가입 사업장 내역 2026-07,2026-07,2001,
x0329,(주)북부모터스,산단 외,서구,,,건설 및 채광용 기계장비 제조업,기계·금속,,1~9명,6,,,,대구광역시 서구 고성로,1,국민연금 가입 사업장 내역 2026-07,2026-07,2001,
x0330,(주)에이스텍스타일,산단 외,북구,,,화학섬유직물 직조업,섬유·패션,,1~9명,5,,,,대구광역시 북구 침산남로,1,국민연금 가입 사업장 내역 2026-07,2026-07,2001,
x0331,재단법인한국경제기획연구원,산단 외,수성구,,,기타 인문 및 사회과학 연구개발업,기타 서비스,,10~49명,11,,,,대구광역시 수성구 알파시티1로,1,국민연금 가입 사업장 내역 2026-07,2026-07,2002,
x0332,(주)브이디에스,산단 외,북구,,,기타 반도체 소자 제조업,전기·전자,,50~299명,204,,,,대구광역시 북구 동호길,1,국민연금 가입 사업장 내역 2026-07,2026-07,2001,
x0333,신영정공(주),산단 외,달서구,,,배전반 및 전기 자동제어반 제조업,전기·전자,,1~9명,3,,,,대구광역시 달서구 성서공단남로,1,국민연금 가입 사업장 내역 2026-07,2026-07,2001,
x0334,(주)대신이엔지,산단 외,달성군,,,금속 문  창  셔터 및 관련제품 제조업,기계·금속,,1~9명,3,,,,대구광역시 달성군 하빈면 강변대로,1,국민연금 가입 사업장 내역 2026-07,2026-07,2002,
x0335,유니캐스트（주）,산단 외,달성군,,,그 외 자동차용 신품 부품 제조업,자동차·부품,,1~9명,5,,,,대구광역시 달성군 다사읍 세천로2길,1,국민연금 가입 사업장 내역 2026-07,2026-07,2002,
x0336,(주)디피아이,산단 외,동구,,,배전반 및 전기 자동제어반 제조업,전기·전자,,1~9명,3,,,,대구광역시 동구 방천로,1,국민연금 가입 사업장 내역 2026-07,2026-07,2002,
x0337,주식회사웰츄럴바이오,산단 외,달서구,,,기타 곡물 가공품 제조업,기계·금속,,10~49명,17,,,,대구광역시 달서구 월배로,1,국민연금 가입 사업장 내역 2026-07,2026-07,2002,
x0338,남대구종합정비,산단 외,달서구,,,자동차 종합 수리업,자동차·부품,,10~49명,14,,,,대구광역시 달서구 성서4차첨단로,1,국민연금 가입 사업장 내역 2026-07,2026-07,2002,
x0339,영진사이버대학교,산단 외,북구,,,응용 소프트웨어 개발 및 공급업,소프트웨어·IT,,50~299명,67,,,,대구광역시 북구 복현로,1,국민연금 가입 사업장 내역 2026-07,2026-07,2002,
x0340,영진스톤,산단 외,동구,,,플라스틱 합성피혁 제조업,화학·에너지,,10~49명,18,,,,대구광역시 동구 옻골로8길,1,국민연금 가입 사업장 내역 2026-07,2026-07,2002,
x0341,아성정보(주),산단 외,수성구,,,컴퓨터 및 주변장치  소프트웨어 도매업,소프트웨어·IT,,1~9명,7,,,,대구광역시 수성구 달구벌대로,1,국민연금 가입 사업장 내역 2026-07,2026-07,2002,
x0342,(주)씨오티코포레이션,산단 외,서구,,,화학섬유직물 직조업,섬유·패션,,1~9명,3,,,,대구광역시 서구 평리로35길,1,국민연금 가입 사업장 내역 2026-07,2026-07,2002,
x0343,(주)플래시21,산단 외,수성구,,,응용 소프트웨어 개발 및 공급업,소프트웨어·IT,,10~49명,15,,,,대구광역시 수성구 알파시티1로42길,1,국민연금 가입 사업장 내역 2026-07,2026-07,2007,
x0344,주식회사광진중기,산단 외,서구,,,건설장비 운영업,기계·금속,,1~9명,5,,,,대구광역시 서구 북비산로,1,국민연금 가입 사업장 내역 2026-07,2026-07,2008,
x0345,(주)웰컴텍,산단 외,달서구,,,동력식 수지 공구 제조업,화학·에너지,,1~9명,7,,,,대구광역시 달서구 성서공단북로43길,1,국민연금 가입 사업장 내역 2026-07,2026-07,2002,
x0346,에스제이엔텍,산단 외,달서구,,,톱 및 호환성 공구 제조업,기계·금속,,10~49명,32,,,,대구광역시 달서구 성서공단북로3길,1,국민연금 가입 사업장 내역 2026-07,2026-07,2002,
x0347,(주)필립코리아,산단 외,북구,,,그 외 기타 고무제품 제조업,화학·에너지,,1~9명,6,,,,대구광역시 북구 유통단지로,1,국민연금 가입 사업장 내역 2026-07,2026-07,2008,
x0348,(주)유비엔,산단 외,수성구,,,응용 소프트웨어 개발 및 공급업,소프트웨어·IT,,10~49명,21,,,,대구광역시 수성구 알파시티1로,1,국민연금 가입 사업장 내역 2026-07,2026-07,2008,
x0349,코즈모,산단 외,남구,,,응용 소프트웨어 개발 및 공급업,소프트웨어·IT,,10~49명,15,,,,대구광역시 남구 대명동,1,국민연금 가입 사업장 내역 2026-07,2026-07,2008,
x0350,성신테크,산단 외,달성군,,,그 외 자동차용 신품 부품 제조업,자동차·부품,,10~49명,10,,,,대구광역시 달성군 구지면 국가산단대로49길,1,국민연금 가입 사업장 내역 2026-07,2026-07,2008,
x0351,(주)성지이테크,산단 외,달성군,,,비금속류 원료 재생업,기계·금속,,10~49명,16,,,,대구광역시 달성군 화원읍 사문진로,1,국민연금 가입 사업장 내역 2026-07,2026-07,2008,
x0352,케이지엔텍,산단 외,서구,,,기타 엔지니어링 서비스업,기타 서비스,,10~49명,14,,,,대구광역시 서구 서대구로,1,국민연금 가입 사업장 내역 2026-07,2026-07,2008,
x0353,(주)참푸드팜,산단 외,동구,,,가금류 가공 및 저장 처리업,기계·금속,,10~49명,31,,,,대구광역시 동구 금강로16길,1,국민연금 가입 사업장 내역 2026-07,2026-07,2008,
x0354,주식회사유진환경,산단 외,서구,,,그 외 기타 분류 안된 섬유제품 제조업,섬유·패션,,1~9명,3,,,,대구광역시 서구 국채보상로,1,국민연금 가입 사업장 내역 2026-07,2026-07,2008,
x0355,주식회사삼보하이텍,산단 외,서구,,,그 외 기타 전자 부품 제조업,전기·전자,,10~49명,11,,,,대구광역시 서구 팔달로2길,1,국민연금 가입 사업장 내역 2026-07,2026-07,2008,
x0356,주식회사공간창조,산단 외,북구,,,표면 가공목재 및 특정 목적용 제재목 제조업,기계·금속,,10~49명,26,,,,대구광역시 북구 유통단지로,1,국민연금 가입 사업장 내역 2026-07,2026-07,2008,
x0357,주식회사엠제이,산단 외,서구,,,금속 문  창  셔터 및 관련제품 제조업,기계·금속,,1~9명,7,,,,대구광역시 서구 북비산로,1,국민연금 가입 사업장 내역 2026-07,2026-07,2008,
x0358,(재)지능형자동차부품진흥원,산단 외,달성군,,,기타 인문 및 사회과학 연구개발업,기타 서비스,,50~299명,116,,,,대구광역시 달성군 구지면 국가산단서로,1,국민연금 가입 사업장 내역 2026-07,2026-07,2008,
x0359,주식회사평화시피비,산단 외,수성구,,,건설장비 운영업,기계·금속,,10~49명,13,,,,대구광역시 수성구 고모로,1,국민연금 가입 사업장 내역 2026-07,2026-07,2008,
x0360,제로테크(대구캐드캠학원),산단 외,동구,,,기타 엔지니어링 서비스업,기타 서비스,,10~49명,16,,,,대구광역시 동구 해동로,1,국민연금 가입 사업장 내역 2026-07,2026-07,2008,
x0361,주식회사케제이트레이딩,산단 외,북구,,,화학섬유직물 직조업,섬유·패션,,1~9명,5,,,,대구광역시 북구 매전로4길,1,국민연금 가입 사업장 내역 2026-07,2026-07,2008,
x0362,르배,산단 외,수성구,,,떡류 제조업,식품,,10~49명,14,,,,대구광역시 수성구 화랑로8길,1,국민연금 가입 사업장 내역 2026-07,2026-07,2008,
x0363,주식회사프로테크,산단 외,서구,,,산업용 로봇 제조업,로봇,,1~9명,7,,,,대구광역시 서구 북비산로27길,1,국민연금 가입 사업장 내역 2026-07,2026-07,2008,
x0364,주식회사우리시스,산단 외,서구,,,가정용 및 장식용 도자기 제조업,기타 제조,,10~49명,23,,,,대구광역시 서구 평리로,1,국민연금 가입 사업장 내역 2026-07,2026-07,2008,
x0365,해피  CGI,산단 외,달서구,,,기타 정보 기술 및 컴퓨터 운영 관련 서비스업,소프트웨어·IT,,10~49명,11,,,,대구광역시 달서구 성당로,1,국민연금 가입 사업장 내역 2026-07,2026-07,2008,
x0366,현대전산인쇄（주）,산단 외,중구,,,스크린 인쇄업,기타 제조,,1~9명,3,,,,대구광역시 중구 종로,1,국민연금 가입 사업장 내역 2026-07,2026-07,2008,
x0367,(주)한국승강기,산단 외,달서구,,,기타 엔지니어링 서비스업,기타 서비스,,10~49명,11,,,,대구광역시 달서구 달구벌대로251안길,1,국민연금 가입 사업장 내역 2026-07,2026-07,2008,
x0368,일신CORE,산단 외,달성군,,,타일 및 유사 비내화 요업제품 제조업,기타 제조,,10~49명,12,,,,대구광역시 달성군 논공읍 논공로91길,1,국민연금 가입 사업장 내역 2026-07,2026-07,2008,
x0369,세명엔지니어링,산단 외,북구,,,기타 엔지니어링 서비스업,기타 서비스,,10~49명,10,,,,대구광역시 북구 동변로,1,국민연금 가입 사업장 내역 2026-07,2026-07,2008,
x0370,(주)한국정보인쇄,산단 외,북구,,,스크린 인쇄업,기타 제조,,1~9명,4,,,,대구광역시 북구 팔달북로,1,국민연금 가입 사업장 내역 2026-07,2026-07,2008,
x0371,（주）한국소방기구제작소구지공장,산단 외,달성군,,,산업용 냉장 및 냉동장비 제조업,기계·금속,,10~49명,18,,,,대구광역시 달성군 구지면 달성2차로,1,국민연금 가입 사업장 내역 2026-07,2026-07,2008,
x0372,알앤디텍스타일（주）,산단 외,달서구,,,화학섬유직물 직조업,섬유·패션,,10~49명,17,,,,대구광역시 달서구 달서대로,1,국민연금 가입 사업장 내역 2026-07,2026-07,2008,
x0373,대웅자원（주）,산단 외,달성군,,,표면 가공목재 및 특정 목적용 제재목 제조업,기계·금속,,1~9명,4,,,,대구광역시 달성군 현풍읍 현풍서로,1,국민연금 가입 사업장 내역 2026-07,2026-07,2008,
x0374,(주)대부자동차번호판,산단 외,수성구,,,금속선 가공제품 제조업,기계·금속,,1~9명,5,,,,대구광역시 수성구 동원로,1,국민연금 가입 사업장 내역 2026-07,2026-07,2008,
x0375,주식회사구상모터스,산단 외,달서구,,,화물 자동차 및 특수 목적용 자동차 제조업,자동차·부품,,10~49명,11,,,,대구광역시 달서구 성서4차첨단로,1,국민연금 가입 사업장 내역 2026-07,2026-07,2008,
x0376,주식회사더블유에이치솔루션,산단 외,수성구,,,컴퓨터 및 주변장치  소프트웨어 도매업,소프트웨어·IT,,1~9명,4,,,,대구광역시 수성구 알파시티1로42길,1,국민연금 가입 사업장 내역 2026-07,2026-07,2008,
x0377,주은에듀테크 주식회사,산단 외,달서구,,,기타 인쇄물 출판업,기타 제조,,10~49명,17,,,,대구광역시 달서구 달구벌대로,1,국민연금 가입 사업장 내역 2026-07,2026-07,2008,
x0378,（주）명장,산단 외,달성군,,,그 외 자동차용 신품 부품 제조업,자동차·부품,,1~9명,8,,,,대구광역시 달성군 다사읍 세천로1길,1,국민연금 가입 사업장 내역 2026-07,2026-07,2008,
x0379,영일금형,산단 외,달서구,,,주형 및 금형 제조업,기계·금속,,10~49명,10,,,,대구광역시 달서구 성서공단북로69길,1,국민연금 가입 사업장 내역 2026-07,2026-07,2008,
x0380,(주)가람기술단,산단 외,달서구,,,기타 엔지니어링 서비스업,기타 서비스,,10~49명,17,,,,대구광역시 달서구 월배로11길,1,국민연금 가입 사업장 내역 2026-07,2026-07,2008,
x0381,엠플러스,산단 외,달성군,,,금속 절삭기계 제조업,기계·금속,,10~49명,10,,,,대구광역시 달성군 다사읍 세천로1길,1,국민연금 가입 사업장 내역 2026-07,2026-07,2008,
x0382,비엔비푸드시스템,산단 외,달서구,,,두부 및 유사 식품 제조업,식품,,10~49명,23,,,,대구광역시 달서구 월곡로100길,1,국민연금 가입 사업장 내역 2026-07,2026-07,2008,
x0383,청조환경（주）,산단 외,달성군,,,비금속류 원료 재생업,기계·금속,,1~9명,7,,,,대구광역시 달성군 하빈면 하빈남로104길,1,국민연금 가입 사업장 내역 2026-07,2026-07,2008,
x0384,(주)위캔솔루션,산단 외,동구,,,유선 통신장비 제조업,전기·전자,,1~9명,9,,,,대구광역시 동구 율하동로8길,1,국민연금 가입 사업장 내역 2026-07,2026-07,2008,
x0385,（주）진성잉크,산단 외,달성군,,,인쇄 잉크 및 회화용 물감 제조업,기타 제조,,1~9명,5,,,,대구광역시 달성군 논공읍 논공중앙로,1,국민연금 가입 사업장 내역 2026-07,2026-07,2008,
x0386,(주)이지컴,산단 외,남구,,,응용 소프트웨어 개발 및 공급업,소프트웨어·IT,,1~9명,3,,,,대구광역시 남구 중앙대로,1,국민연금 가입 사업장 내역 2026-07,2026-07,2008,
x0387,（주）케이제이,산단 외,달서구,,,그 외 자동차용 신품 부품 제조업,자동차·부품,,10~49명,20,,,,대구광역시 달서구 성서동로,1,국민연금 가입 사업장 내역 2026-07,2026-07,2008,
x0388,（주）티．피．엠 대천지점,산단 외,달서구,,,화학섬유직물 직조업,섬유·패션,,1~9명,5,,,,대구광역시 달서구 성서공단남로10길,1,국민연금 가입 사업장 내역 2026-07,2026-07,2008,
x0389,공항현대서비스,산단 외,동구,,,자동차 종합 수리업,자동차·부품,,10~49명,15,,,,대구광역시 동구 공항로,1,국민연금 가입 사업장 내역 2026-07,2026-07,2008,
x0390,주식회사테크노스,산단 외,동구,,,산업용 냉장 및 냉동장비 제조업,기계·금속,,1~9명,6,,,,대구광역시 동구 메디밸리로,1,국민연금 가입 사업장 내역 2026-07,2026-07,2008,
x0391,(주)미디어윌 경북지점,산단 외,동구,,,그 외 기타 정보 서비스업,기타 서비스,,10~49명,14,,,,대구광역시 동구 동대구로,1,국민연금 가입 사업장 내역 2026-07,2026-07,2008,
x0392,（주）조은이엔티,산단 외,달성군,,,산업용 냉장 및 냉동장비 제조업,기계·금속,,10~49명,10,,,,대구광역시 달성군 옥포읍 농공공단길,1,국민연금 가입 사업장 내역 2026-07,2026-07,2008,
x0393,（주）에스티커뮤니케이션즈,산단 외,달서구,,,스크린 인쇄업,기타 제조,,10~49명,18,,,,대구광역시 달서구 성서동로,1,국민연금 가입 사업장 내역 2026-07,2026-07,2008,
x0394,유원테크주식회사,산단 외,달성군,,,그 외 자동차용 신품 부품 제조업,자동차·부품,,1~9명,6,,,,대구광역시 달성군 구지면 달성2차2로,1,국민연금 가입 사업장 내역 2026-07,2026-07,2008,
x0395,제이앤제이통상,산단 외,달성군,,,기타 반도체 소자 제조업,전기·전자,,10~49명,12,,,,대구광역시 달성군 다사읍 세천북로18길,1,국민연금 가입 사업장 내역 2026-07,2026-07,2008,
x0396,（주）블루파인,산단 외,달서구,,,화학섬유직물 직조업,섬유·패션,,1~9명,3,,,,대구광역시 달서구 성서공단로,1,국민연금 가입 사업장 내역 2026-07,2026-07,2008,
x0397,한국씨엠에스 주식회사,산단 외,남구,,,응용 소프트웨어 개발 및 공급업,소프트웨어·IT,,1~9명,3,,,,대구광역시 남구 앞산순환로75길,1,국민연금 가입 사업장 내역 2026-07,2026-07,2009,
x0398,신용의수족보조기,산단 외,서구,,,전기식 진단 및 요법 기기 제조업,의료·바이오,,10~49명,10,,,,대구광역시 서구 북비산로,1,국민연금 가입 사업장 내역 2026-07,2026-07,2008,
x0399,(주)한국디지털직업전문학교,산단 외,동구,,,컴퓨터 시스템 통합 자문 및 구축 서비스업,소프트웨어·IT,,1~9명,9,,,,대구광역시 동구 신암로,1,국민연금 가입 사업장 내역 2026-07,2026-07,2008,
x0400,(주)트론트(Tront),산단 외,북구,,,응용 소프트웨어 개발 및 공급업,소프트웨어·IT,,1~9명,4,,,,대구광역시 북구 경대로17길,1,국민연금 가입 사업장 내역 2026-07,2026-07,2008,
x0401,(주)아이엔에스,산단 외,수성구,,,응용 소프트웨어 개발 및 공급업,소프트웨어·IT,,1~9명,9,,,,대구광역시 수성구 지범로,1,국민연금 가입 사업장 내역 2026-07,2026-07,2008,
x0402,주식회사모든전력기술,산단 외,달서구,,,기타 엔지니어링 서비스업,기타 서비스,,10~49명,25,,,,대구광역시 달서구 성지로22길,1,국민연금 가입 사업장 내역 2026-07,2026-07,2009,
x0403,（주）진원금속,산단 외,달성군,,,주형 및 금형 제조업,기계·금속,,1~9명,6,,,,대구광역시 달성군 구지면 달성2차동3로,1,국민연금 가입 사업장 내역 2026-07,2026-07,2008,
x0404,주식회사진성글로벌,산단 외,서구,,,화학섬유직물 직조업,섬유·패션,,10~49명,22,,,,대구광역시 서구 국채보상로,1,국민연금 가입 사업장 내역 2026-07,2026-07,2009,
x0405,（주）에스지시스템,산단 외,북구,,,컴퓨터 및 주변장치  소프트웨어 도매업,소프트웨어·IT,,1~9명,3,,,,대구광역시 북구 유통단지로,1,국민연금 가입 사업장 내역 2026-07,2026-07,2009,
x0406,월드건축자재（주）,산단 외,서구,,,기타 건축용 나무제품 제조업,기타 제조,,1~9명,3,,,,대구광역시 서구 와룡로,1,국민연금 가입 사업장 내역 2026-07,2026-07,2009,
x0407,(주)에스엔텍,산단 외,수성구,,,컴퓨터 및 주변장치  소프트웨어 도매업,소프트웨어·IT,,10~49명,19,,,,대구광역시 수성구 알파시티1로,1,국민연금 가입 사업장 내역 2026-07,2026-07,2008,
x0408,주식회사 파이버,산단 외,중구,,,응용 소프트웨어 개발 및 공급업,소프트웨어·IT,,10~49명,22,,,,대구광역시 중구 국채보상로,1,국민연금 가입 사업장 내역 2026-07,2026-07,2009,
x0409,한창,산단 외,달성군,,,그 외 자동차용 신품 부품 제조업,자동차·부품,,10~49명,36,,,,대구광역시 달성군 논공읍 비슬로366길,1,국민연금 가입 사업장 내역 2026-07,2026-07,2009,
x0410,（주）태성디지텍,산단 외,북구,,,그 외 자동차용 신품 부품 제조업,자동차·부품,,1~9명,7,,,,대구광역시 북구 오봉로,1,국민연금 가입 사업장 내역 2026-07,2026-07,2009,
x0411,주식회사진상사,산단 외,서구,,,화학섬유직물 직조업,섬유·패션,,1~9명,4,,,,대구광역시 서구 염색공단로5길,1,국민연금 가입 사업장 내역 2026-07,2026-07,2009,
x0412,비젼디지텍（주）,산단 외,달서구,,,전기식 진단 및 요법 기기 제조업,의료·바이오,,50~299명,55,,,,대구광역시 달서구 성서4차첨단로,1,국민연금 가입 사업장 내역 2026-07,2026-07,2009,
x0413,현풍현대서비스,산단 외,달성군,,,화물 자동차 및 특수 목적용 자동차 제조업,자동차·부품,,10~49명,25,,,,대구광역시 달성군 현풍읍 국가산단북로,1,국민연금 가입 사업장 내역 2026-07,2026-07,2009,
x0414,주식회사비주얼하이테크,산단 외,수성구,,,응용 소프트웨어 개발 및 공급업,소프트웨어·IT,,1~9명,6,,,,대구광역시 수성구 알파시티1로42길,1,국민연금 가입 사업장 내역 2026-07,2026-07,2009,
x0415,주식회사모바일테크,산단 외,수성구,,,컴퓨터 및 주변장치  소프트웨어 도매업,소프트웨어·IT,,1~9명,3,,,,대구광역시 수성구 들안로,1,국민연금 가입 사업장 내역 2026-07,2026-07,2009,
x0416,주식회사씨앤소프트,산단 외,달서구,,,응용 소프트웨어 개발 및 공급업,소프트웨어·IT,,1~9명,6,,,,대구광역시 달서구 성서로,1,국민연금 가입 사업장 내역 2026-07,2026-07,2009,
x0417,주식회사현대기술이엔씨,산단 외,중구,,,기타 엔지니어링 서비스업,기타 서비스,,1~9명,4,,,,대구광역시 중구 국채보상로143길,1,국민연금 가입 사업장 내역 2026-07,2026-07,2009,
x0418,（주）맵인코리아,산단 외,동구,,,응용 소프트웨어 개발 및 공급업,소프트웨어·IT,,10~49명,11,,,,대구광역시 동구 동부로30길,1,국민연금 가입 사업장 내역 2026-07,2026-07,2009,
x0419,（주）홈베큐,산단 외,달성군,,,라이터  연소물 및 흡연용품 제조업,기타 제조,,1~9명,8,,,,대구광역시 달성군 하빈면 기곡3길,1,국민연금 가입 사업장 내역 2026-07,2026-07,2009,
x0420,주식회사 스피어에이엑스,산단 외,수성구,,,컴퓨터 제조업,기타 제조,,50~299명,50,,,,대구광역시 수성구 알파시티1로31길,1,국민연금 가입 사업장 내역 2026-07,2026-07,2009,
x0421,(주)디에스컴퍼니,산단 외,수성구,,,기타 반도체 소자 제조업,전기·전자,,10~49명,40,,,,대구광역시 수성구 수성로,1,국민연금 가입 사업장 내역 2026-07,2026-07,2009,
x0422,아림침장,산단 외,서구,,,침구 및 관련제품 제조업,기타 제조,,10~49명,15,,,,대구광역시 서구 평리로35길,1,국민연금 가입 사업장 내역 2026-07,2026-07,2009,
x0423,(주)경북농민축산,산단 외,서구,,,가금류 가공 및 저장 처리업,기계·금속,,1~9명,3,,,,대구광역시 서구 통학로,1,국민연금 가입 사업장 내역 2026-07,2026-07,2009,
x0424,(주)명윤인포텍,산단 외,북구,,,응용 소프트웨어 개발 및 공급업,소프트웨어·IT,,1~9명,6,,,,대구광역시 북구 경대로17길,1,국민연금 가입 사업장 내역 2026-07,2026-07,2009,
x0425,신화정보시스템,산단 외,중구,,,컴퓨터 및 주변장치  소프트웨어 도매업,소프트웨어·IT,,10~49명,16,,,,대구광역시 중구 명덕로,1,국민연금 가입 사업장 내역 2026-07,2026-07,2009,
x0426,주식회사산은교역,산단 외,서구,,,화학섬유직물 직조업,섬유·패션,,10~49명,13,,,,대구광역시 서구 달서천로,1,국민연금 가입 사업장 내역 2026-07,2026-07,2009,
x0427,(주)지에이치테크,산단 외,달성군,,,유선 통신장비 제조업,전기·전자,,1~9명,3,,,,대구광역시 달성군 현풍읍 테크노대로,1,국민연금 가입 사업장 내역 2026-07,2026-07,2009,
x0428,주식회사 케이알에스,산단 외,달서구,,,포장용 플라스틱 성형용기 제조업,화학·에너지,,10~49명,20,,,,대구광역시 달서구 성서공단남로19길,1,국민연금 가입 사업장 내역 2026-07,2026-07,2009,
x0429,자동차도우미,산단 외,동구,,,자동차 전문 수리업,자동차·부품,,10~49명,12,,,,대구광역시 동구 공항로,1,국민연금 가입 사업장 내역 2026-07,2026-07,2009,
x0430,（주）비제이컴퍼니,산단 외,수성구,,,화학섬유직물 직조업,섬유·패션,,1~9명,3,,,,대구광역시 수성구 알파시티1로42길,1,국민연금 가입 사업장 내역 2026-07,2026-07,2009,
x0431,（주）키네스대구점,산단 외,수성구,,,자문 감독 지도료 고문료 교정료,화학·에너지,,1~9명,5,,,,대구광역시 수성구 달구벌대로,1,국민연금 가입 사업장 내역 2026-07,2026-07,2009,
x0432,선오산업,산단 외,달서구,,,침구 및 관련제품 제조업,기타 제조,,10~49명,11,,,,대구광역시 달서구 성서공단남로32길,1,국민연금 가입 사업장 내역 2026-07,2026-07,2009,
x0433,(주)진성물류,산단 외,동구,,,화물 포장  검수 및 계량 서비스업,기타 제조,,50~299명,91,,,,대구광역시 동구 신암로,1,국민연금 가입 사업장 내역 2026-07,2026-07,2009,
x0434,화성에이앤티（주）,산단 외,달성군,,,그 외 자동차용 신품 부품 제조업,자동차·부품,,10~49명,37,,,,대구광역시 달성군 구지면 달성2차동2로,1,국민연금 가입 사업장 내역 2026-07,2026-07,2009,
x0435,르노코리아서비스센터동부정비(주),산단 외,동구,,,자동차 종합 수리업,자동차·부품,,10~49명,10,,,,대구광역시 동구 안심로,1,국민연금 가입 사업장 내역 2026-07,2026-07,2009,
x0436,（주）중원정공,산단 외,달성군,,,주형 및 금형 제조업,기계·금속,,1~9명,6,,,,대구광역시 달성군 하빈면 하산길,1,국민연금 가입 사업장 내역 2026-07,2026-07,2009,
x0437,렛츠시스템,산단 외,동구,,,산업 처리공정 제어장비 제조업,기계·금속,,10~49명,12,,,,대구광역시 동구 평화로,1,국민연금 가입 사업장 내역 2026-07,2026-07,2009,
x0438,KBI메탈(주),산단 외,달성군,,,전동기 및 발전기 제조업,전기·전자,,50~299명,96,,,,대구광역시 달성군 논공읍 논공로87길,1,국민연금 가입 사업장 내역 2026-07,2026-07,1988,
x0439,(주)인터커넥션,산단 외,북구,,,응용 소프트웨어 개발 및 공급업,소프트웨어·IT,,1~9명,5,,,,대구광역시 북구 태암남로,1,국민연금 가입 사업장 내역 2026-07,2026-07,1997,
x0440,광진섬유(주),산단 외,북구,,,화학섬유 방적업,섬유·패션,,1~9명,3,,,,대구광역시 북구 동천로23길,1,국민연금 가입 사업장 내역 2026-07,2026-07,1992,
x0441,(주)세원철강,산단 외,달서구,,,그 외 기타 1차 철강 제조업,기계·금속,,1~9명,3,,,,대구광역시 달서구 성서동로,1,국민연금 가입 사업장 내역 2026-07,2026-07,1993,
x0442,진성트레이(주),산단 외,달서구,,,금속 문  창  셔터 및 관련제품 제조업,기계·금속,,1~9명,3,,,,대구광역시 달서구 달서대로58길,1,국민연금 가입 사업장 내역 2026-07,2026-07,1994,
x0443,합동금속,산단 외,북구,,,금속 문  창  셔터 및 관련제품 제조업,기계·금속,,10~49명,11,,,,대구광역시 북구 유통단지로7길,1,국민연금 가입 사업장 내역 2026-07,2026-07,1994,
x0444,대림자원(주),산단 외,달서구,,,금속류 원료 재생업,기계·금속,,1~9명,5,,,,대구광역시 달서구 문화회관9길,1,국민연금 가입 사업장 내역 2026-07,2026-07,1996,
x0445,명성전기안전관리(주),산단 외,달서구,,,기타 엔지니어링 서비스업,기타 서비스,,10~49명,13,,,,대구광역시 달서구 와룡로,1,국민연금 가입 사업장 내역 2026-07,2026-07,1992,
x0446,(주)대산엘리베이터,산단 외,남구,,,기타 엔지니어링 서비스업,기타 서비스,,10~49명,18,,,,대구광역시 남구 대명복개로,1,국민연금 가입 사업장 내역 2026-07,2026-07,1997,
x0447,(주)광명텍스타일,산단 외,서구,,,화학섬유직물 직조업,섬유·패션,,1~9명,3,,,,대구광역시 서구 염색공단중앙로,1,국민연금 가입 사업장 내역 2026-07,2026-07,1997,
x0448,(주)대구재생산업,산단 외,달성군,,,금속류 원료 재생업,기계·금속,,1~9명,4,,,,대구광역시 달성군 다사읍 세천로,1,국민연금 가입 사업장 내역 2026-07,2026-07,1997,
x0449,대성포장산업사,산단 외,달성군,,,골판지 제조업,기타 제조,,10~49명,10,,,,대구광역시 달성군 논공읍 비슬로262길,1,국민연금 가입 사업장 내역 2026-07,2026-07,1997,
x0450,정우하이테크,산단 외,북구,,,컴퓨터 제조업,기타 제조,,10~49명,10,,,,대구광역시 북구 동북로,1,국민연금 가입 사업장 내역 2026-07,2026-07,2006,
x0451,(주)신광섬유,산단 외,달서구,,,화학섬유직물 직조업,섬유·패션,,1~9명,4,,,,대구광역시 달서구 달서대로109안길,1,국민연금 가입 사업장 내역 2026-07,2026-07,1992,
x0452,(주)뉴테크,산단 외,달서구,,,기타 인쇄관련 산업,기타 제조,,1~9명,5,,,,대구광역시 달서구 호산동로,1,국민연금 가입 사업장 내역 2026-07,2026-07,1992,
x0453,제일환경측정(주),산단 외,달서구,,,기타 엔지니어링 서비스업,기타 서비스,,10~49명,23,,,,대구광역시 달서구 달구벌대로,1,국민연금 가입 사업장 내역 2026-07,2026-07,1996,
x0454,(주) J V M,산단 외,달서구,,,전기식 진단 및 요법 기기 제조업,의료·바이오,,300명 이상,323,,,,대구광역시 달서구 호산동로,1,국민연금 가입 사업장 내역 2026-07,2026-07,1996,
x0455,(주)대동에레베이터,산단 외,달서구,,,기타 물품 취급장비 제조업,기계·금속,,10~49명,34,,,,대구광역시 달서구 송현동1길,1,국민연금 가입 사업장 내역 2026-07,2026-07,1996,
x0456,(주)한국피제스,산단 외,달서구,,,과자류 및 코코아 제품 제조업,기타 제조,,10~49명,11,,,,대구광역시 달서구 달서대로91길,1,국민연금 가입 사업장 내역 2026-07,2026-07,1995,
x0457,(주)현대캐미칼,산단 외,달성군,,,부직포 및 펠트 제조업,섬유·패션,,10~49명,34,,,,대구광역시 달성군 논공읍 논공중앙로45길,1,국민연금 가입 사업장 내역 2026-07,2026-07,1996,
x0458,대한전기관리(주),산단 외,남구,,,기타 엔지니어링 서비스업,기타 서비스,,1~9명,7,,,,대구광역시 남구 앞산순환로63길,1,국민연금 가입 사업장 내역 2026-07,2026-07,1997,
x0459,주식회사뉴맨글로벌,산단 외,달서구,,,화학섬유직물 직조업,섬유·패션,,10~49명,13,,,,대구광역시 달서구 성서공단로15길,1,국민연금 가입 사업장 내역 2026-07,2026-07,1998,
x0460,성안합섬(주),산단 외,중구,,,화학섬유직물 직조업,섬유·패션,,10~49명,10,,,,대구광역시 중구 국채보상로,1,국민연금 가입 사업장 내역 2026-07,2026-07,1995,
x0461,경원엔지니어링,산단 외,달서구,,,산업 처리공정 제어장비 제조업,기계·금속,,10~49명,11,,,,대구광역시 달서구 성서공단로21길,1,국민연금 가입 사업장 내역 2026-07,2026-07,2009,
x0462,(주)삼덕씨앤피,산단 외,달성군,,,합성수지 및 기타 플라스틱 물질 제조업,화학·에너지,,10~49명,15,,,,대구광역시 달성군 논공읍 노이1길,1,국민연금 가입 사업장 내역 2026-07,2026-07,2009,
x0463,（주）합동메탈,산단 외,달서구,,,금속류 원료 재생업,기계·금속,,1~9명,4,,,,대구광역시 달서구 조암로22길,1,국민연금 가입 사업장 내역 2026-07,2026-07,2009,
x0464,대성에너지(주),산단 외,중구,,,연료용 가스 제조 및 배관공급업,화학·에너지,,300명 이상,371,,,,대구광역시 중구 명덕로,1,국민연금 가입 사업장 내역 2026-07,2026-07,2009,
x0465,디케이아이（DKI）인스펙션,산단 외,서구,,,연사 및 가공사 제조업 / 특수직물 및 기타 직물 직조,섬유·패션,,10~49명,10,,,,대구광역시 서구 와룡로72길,1,국민연금 가입 사업장 내역 2026-07,2026-07,2009,
x0466,케이지모빌리티동대구서비스센터 주식회사,산단 외,동구,,,자동차 종합 수리업,자동차·부품,,10~49명,19,,,,대구광역시 동구 안심로55길,1,국민연금 가입 사업장 내역 2026-07,2026-07,2009,
x0467,주식회사 이도,산단 외,달서구,,,화학섬유직물 직조업,섬유·패션,,1~9명,5,,,,대구광역시 달서구 선원로53길,1,국민연금 가입 사업장 내역 2026-07,2026-07,2009,
x0468,주식회사태성시스템,산단 외,북구,,,컴퓨터 및 주변장치  소프트웨어 도매업,소프트웨어·IT,,1~9명,6,,,,대구광역시 북구 유통단지로,1,국민연금 가입 사업장 내역 2026-07,2026-07,2009,
x0469,（주）이노조경디자인,산단 외,남구,,,기타 엔지니어링 서비스업,기타 서비스,,1~9명,5,,,,대구광역시 남구 중앙대로,1,국민연금 가입 사업장 내역 2026-07,2026-07,2009,
x0470,성경순만두,산단 외,서구,,,떡류 제조업,식품,,10~49명,13,,,,대구광역시 서구 국채보상로76길,1,국민연금 가입 사업장 내역 2026-07,2026-07,2010,
x0471,(주)그린화섬,산단 외,달서구,,,화학섬유직물 직조업,섬유·패션,,1~9명,9,,,,대구광역시 달서구 성서공단로,1,국민연금 가입 사업장 내역 2026-07,2026-07,2009,
x0472,(주)신행리버텍,산단 외,북구,,,강화 및 재생 목재 제조업,기타 제조,,1~9명,3,,,,대구광역시 북구 검단동로,1,국민연금 가입 사업장 내역 2026-07,2026-07,2009,
x0473,주식회사풍산산업기기,산단 외,북구,,,유압 기기 제조업,기타 제조,,1~9명,6,,,,대구광역시 북구 검단공단로21길,1,국민연금 가입 사업장 내역 2026-07,2026-07,2009,
x0474,주식회사엔코,산단 외,북구,,,합성수지 및 기타 플라스틱 물질 제조업,화학·에너지,,1~9명,4,,,,대구광역시 북구 도곡길,1,국민연금 가입 사업장 내역 2026-07,2026-07,2009,
x0475,주식회사오성하이텍,산단 외,동구,,,전자코일  변성기 및 기타 전자 유도자 제조업,전기·전자,,10~49명,31,,,,대구광역시 동구 첨복로,1,국민연금 가입 사업장 내역 2026-07,2026-07,2009,
x0476,대구디지털치과기공소,산단 외,중구,,,정형 외과용 및 신체 보정용 기기 제조업,기타 제조,,10~49명,21,,,,대구광역시 중구 공평로,1,국민연금 가입 사업장 내역 2026-07,2026-07,2009,
x0477,(주)월드뉴플러스,산단 외,중구,,,스크린 인쇄업,기타 제조,,10~49명,22,,,,대구광역시 중구 명륜로12길,1,국민연금 가입 사업장 내역 2026-07,2026-07,2010,
x0478,（주）후레쉬케터링,산단 외,수성구,,,기타 곡물 가공품 제조업,기계·금속,,50~299명,114,,,,대구광역시 수성구 동대구로6길,1,국민연금 가입 사업장 내역 2026-07,2026-07,2010,
x0479,（주）선우석면기술원,산단 외,달서구,,,기타 엔지니어링 서비스업,기타 서비스,,1~9명,7,,,,대구광역시 달서구 선원로53안길,1,국민연금 가입 사업장 내역 2026-07,2026-07,2009,
x0480,(주)우성피엔에프,산단 외,수성구,,,설치용 및 위생용 플라스틱제품 제조업,화학·에너지,,10~49명,14,,,,대구광역시 수성구 동대구로,1,국민연금 가입 사업장 내역 2026-07,2026-07,2010,
x0481,더우린,산단 외,중구,,,스크린 인쇄업,기타 제조,,10~49명,30,,,,대구광역시 중구 명륜로,1,국민연금 가입 사업장 내역 2026-07,2026-07,2009,
x0482,주식회사필링텍스,산단 외,서구,,,화학섬유직물 직조업,섬유·패션,,1~9명,3,,,,대구광역시 서구 염색공단천로11길,1,국민연금 가입 사업장 내역 2026-07,2026-07,2010,
x0483,（주）승리엔지니어링,산단 외,북구,,,배전반 및 전기 자동제어반 제조업,전기·전자,,10~49명,24,,,,대구광역시 북구 노원로40길,1,국민연금 가입 사업장 내역 2026-07,2026-07,2010,
x0484,대경알엠씨(주）,산단 외,달성군,,,레미콘 제조업,기타 제조,,1~9명,7,,,,대구광역시 달성군 논공읍 비슬로,1,국민연금 가입 사업장 내역 2026-07,2026-07,2011,
x0485,신원테크(주),산단 외,달성군,,,그 외 자동차용 신품 부품 제조업,자동차·부품,,1~9명,5,,,,대구광역시 달성군 다사읍 세천로10길,1,국민연금 가입 사업장 내역 2026-07,2026-07,2010,
x0486,주식회사블루시스,산단 외,동구,,,응용 소프트웨어 개발 및 공급업,소프트웨어·IT,,10~49명,13,,,,대구광역시 동구 동부로26길,1,국민연금 가입 사업장 내역 2026-07,2026-07,2010,
x0487,(주)동서오토텍,산단 외,달서구,,,동력식 수지 공구 제조업,화학·에너지,,1~9명,4,,,,대구광역시 달서구 성서공단로55길,1,국민연금 가입 사업장 내역 2026-07,2026-07,2010,
x0488,주식회사에즈웰,산단 외,북구,,,컴퓨터 및 주변장치  소프트웨어 도매업,소프트웨어·IT,,1~9명,7,,,,대구광역시 북구 경대로17길,1,국민연금 가입 사업장 내역 2026-07,2026-07,2010,
x0489,경성F．A,산단 외,달서구,,,배전반 및 전기 자동제어반 제조업,전기·전자,,10~49명,12,,,,대구광역시 달서구 와룡로4길,1,국민연금 가입 사업장 내역 2026-07,2026-07,2010,
x0490,（주）건영크리너,산단 외,북구,,,직물  편조 원단 및 의복류 염색 가공업,섬유·패션,,10~49명,32,,,,대구광역시 북구 환성정길,1,국민연금 가입 사업장 내역 2026-07,2026-07,2010,
x0491,(주)이아이에스,산단 외,북구,,,컴퓨터 제조업,기타 제조,,1~9명,5,,,,대구광역시 북구 유통단지로,1,국민연금 가입 사업장 내역 2026-07,2026-07,2010,
x0492,두림광학,산단 외,북구,,,안경 및 안경렌즈 제조업,의료·바이오,,10~49명,10,,,,대구광역시 북구 태암남로9길,1,국민연금 가입 사업장 내역 2026-07,2026-07,2010,
x0493,지반이엔씨 주식회사,산단 외,달성군,,,기타 엔지니어링 서비스업,기타 서비스,,1~9명,6,,,,대구광역시 달성군 화원읍 비슬로,1,국민연금 가입 사업장 내역 2026-07,2026-07,2010,
x0494,태영T&I(티앤아이),산단 외,달성군,,,침구 및 관련제품 제조업,기타 제조,,10~49명,25,,,,대구광역시 달성군 옥포읍 농공공단길,1,국민연금 가입 사업장 내역 2026-07,2026-07,2010,
x0495,(주)아이디에스 달성지점,산단 외,달성군,,,동력식 수지 공구 제조업,화학·에너지,,10~49명,24,,,,대구광역시 달성군 구지면 달성2차동3로,1,국민연금 가입 사업장 내역 2026-07,2026-07,2010,
x0496,(주)세움이엔씨,산단 외,북구,,,기타 엔지니어링 서비스업,기타 서비스,,1~9명,5,,,,대구광역시 북구 호국로43길,1,국민연금 가입 사업장 내역 2026-07,2026-07,2010,
x0497,（주）북성스틸,산단 외,달서구,,,그 외 기타 1차 철강 제조업,기계·금속,,1~9명,6,,,,대구광역시 달서구 성서로,1,국민연금 가입 사업장 내역 2026-07,2026-07,2010,
x0498,주식회사로뎀시스템,산단 외,동구,,,컴퓨터 및 주변장치  소프트웨어 소매업,소프트웨어·IT,,1~9명,3,,,,대구광역시 동구 율하동로23길,1,국민연금 가입 사업장 내역 2026-07,2026-07,2010,
x0499,（주）텍스토머,산단 외,북구,,,그 외 기타 분류 안된 섬유제품 제조업,섬유·패션,,1~9명,3,,,,대구광역시 북구 칠곡중앙대로,1,국민연금 가입 사업장 내역 2026-07,2026-07,2010,
x0500,(주)삼성컴퍼니,산단 외,달서구,,,그 외 자동차용 신품 부품 제조업,자동차·부품,,1~9명,6,,,,대구광역시 달서구 달구벌대로307길,1,국민연금 가입 사업장 내역 2026-07,2026-07,2010,
x0501,주식회사엘케이디,산단 외,달성군,,,산업용 냉장 및 냉동장비 제조업,기계·금속,,1~9명,4,,,,대구광역시 달성군 하빈면 하빈남로104길,1,국민연금 가입 사업장 내역 2026-07,2026-07,2010,
x0502,(주)디케이코퍼레이션,산단 외,동구,,,화학섬유직물 직조업,섬유·패션,,1~9명,8,,,,대구광역시 동구 동촌로11길,1,국민연금 가입 사업장 내역 2026-07,2026-07,2010,
x0503,주식회사엔아이씨,산단 외,북구,,,컴퓨터 및 주변장치  소프트웨어 도매업,소프트웨어·IT,,1~9명,6,,,,대구광역시 북구 동암로12길,1,국민연금 가입 사업장 내역 2026-07,2026-07,2010,
x0504,맥스룩,산단 외,수성구,,,기타 엔지니어링 서비스업,기타 서비스,,10~49명,17,,,,대구광역시 수성구 범안로,1,국민연금 가입 사업장 내역 2026-07,2026-07,2010,
x0505,주식회사태창테크,산단 외,북구,,,주형 및 금형 제조업,기계·금속,,1~9명,4,,,,대구광역시 북구 노원동로3길,1,국민연금 가입 사업장 내역 2026-07,2026-07,2010,
x0506,주식회사거성이엔지,산단 외,달서구,,,산업용 로봇 제조업,로봇,,10~49명,16,,,,대구광역시 달서구 월곡로99길,1,국민연금 가입 사업장 내역 2026-07,2026-07,2010,
x0507,(주)행복한세상,산단 외,달서구,,,포장용 플라스틱 성형용기 제조업,화학·에너지,,1~9명,9,,,,대구광역시 달서구 와룡로43길,1,국민연금 가입 사업장 내역 2026-07,2026-07,2010,
x0508,주식회사 에스에프,산단 외,동구,,,산업 처리공정 제어장비 제조업,기계·금속,,1~9명,4,,,,대구광역시 동구 둔산로40길,1,국민연금 가입 사업장 내역 2026-07,2026-07,2010,
x0509,거성 에어인프라,산단 외,달서구,,,일반 저울 제조업,기타 제조,,10~49명,10,,,,대구광역시 달서구 성서공단로35길,1,국민연금 가입 사업장 내역 2026-07,2026-07,2010,
x0510,(주)진영기업,산단 외,달성군,,,침구 및 관련제품 제조업,기타 제조,,1~9명,3,,,,대구광역시 달성군 논공읍 비슬로,1,국민연금 가입 사업장 내역 2026-07,2026-07,2010,
x0511,(주)엠투아이 소프트,산단 외,수성구,,,응용 소프트웨어 개발 및 공급업,소프트웨어·IT,,10~49명,12,,,,대구광역시 수성구 용학로34길,1,국민연금 가입 사업장 내역 2026-07,2026-07,2010,
x0512,（주）신창테크,산단 외,달서구,,,금속 문  창  셔터 및 관련제품 제조업,기계·금속,,1~9명,5,,,,대구광역시 달서구 성서공단남로,1,국민연금 가입 사업장 내역 2026-07,2026-07,2010,
x0513,정성제과,산단 외,달성군,,,과자류 및 코코아 제품 제조업,기타 제조,,10~49명,18,,,,대구광역시 달성군 논공읍 노이길,1,국민연금 가입 사업장 내역 2026-07,2026-07,2010,
x0514,（주）이상,산단 외,동구,,,모조 귀금속 및 모조 장신용품 제조업,기계·금속,,10~49명,13,,,,대구광역시 동구 화랑로,1,국민연금 가입 사업장 내역 2026-07,2026-07,2010,
x0515,명가녹용주식회사,산단 외,동구,,,한의약품 제조업,의료·바이오,,1~9명,5,,,,대구광역시 동구 경안로102길,1,국민연금 가입 사업장 내역 2026-07,2026-07,2010,
x0516,주식회사에프엠웍스,산단 외,북구,,,응용 소프트웨어 개발 및 공급업,소프트웨어·IT,,10~49명,19,,,,대구광역시 북구 유통단지로,1,국민연금 가입 사업장 내역 2026-07,2026-07,2011,
x0517,（주）코디시스템,산단 외,달서구,,,응용 소프트웨어 개발 및 공급업,소프트웨어·IT,,1~9명,3,,,,대구광역시 달서구 조암로,1,국민연금 가입 사업장 내역 2026-07,2026-07,2010,
x0518,주식회사 스파이어넷,산단 외,수성구,,,응용 소프트웨어 개발 및 공급업,소프트웨어·IT,,10~49명,27,,,,대구광역시 수성구 알파시티1로31길,1,국민연금 가입 사업장 내역 2026-07,2026-07,2010,
x0519,（주）주성파텍,산단 외,달서구,,,산업 처리공정 제어장비 제조업,기계·금속,,1~9명,5,,,,대구광역시 달서구 성서로,1,국민연금 가입 사업장 내역 2026-07,2026-07,2011,
x0520,(주)세연엔지니어링,산단 외,동구,,,기타 엔지니어링 서비스업,기타 서비스,,1~9명,5,,,,대구광역시 동구 효신로,1,국민연금 가입 사업장 내역 2026-07,2026-07,2010,
x0521,(주)제이에스스틸,산단 외,달서구,,,금속 문  창  셔터 및 관련제품 제조업,기계·금속,,1~9명,4,,,,대구광역시 달서구 호산로,1,국민연금 가입 사업장 내역 2026-07,2026-07,2010,
x0522,에이존테크(주),산단 외,북구,,,응용 소프트웨어 개발 및 공급업,소프트웨어·IT,,10~49명,33,,,,대구광역시 북구 경대로17길,1,국민연금 가입 사업장 내역 2026-07,2026-07,2010,
x0523,(주)에스지알,산단 외,달서구,,,화물 자동차 및 특수 목적용 자동차 제조업,자동차·부품,,1~9명,6,,,,대구광역시 달서구 달구벌대로226길,1,국민연금 가입 사업장 내역 2026-07,2026-07,2010,
x0524,주식회사디자인통,산단 외,북구,,,포장용 플라스틱 성형용기 제조업,화학·에너지,,1~9명,3,,,,대구광역시 북구 검단공단로,1,국민연금 가입 사업장 내역 2026-07,2026-07,2010,
x0525,（주）세안철강,산단 외,북구,,,그 외 기타 1차 철강 제조업,기계·금속,,1~9명,5,,,,대구광역시 북구 유통단지로21길,1,국민연금 가입 사업장 내역 2026-07,2026-07,2010,
x0526,이스트 주식회사,산단 외,수성구,,,컴퓨터 및 주변장치  소프트웨어 도매업,소프트웨어·IT,,1~9명,3,,,,대구광역시 수성구 알파시티1로42길,1,국민연금 가입 사업장 내역 2026-07,2026-07,2011,
x0527,주식회사로우템,산단 외,동구,,,배전반 및 전기 자동제어반 제조업,전기·전자,,10~49명,39,,,,대구광역시 동구 첨복로,1,국민연금 가입 사업장 내역 2026-07,2026-07,2011,
x0528,（주）대성포스,산단 외,북구,,,컴퓨터 및 주변장치  소프트웨어 도매업,소프트웨어·IT,,1~9명,5,,,,대구광역시 북구 대학로,1,국민연금 가입 사업장 내역 2026-07,2026-07,2010,
x0529,주식회사 에스아이큐브,산단 외,달성군,,,금속 절삭기계 제조업,기계·금속,,1~9명,5,,,,대구광역시 달성군 다사읍 세천로1길,1,국민연금 가입 사업장 내역 2026-07,2026-07,2011,
x0530,주식회사디엔텍,산단 외,달서구,,,기타 반도체 소자 제조업,전기·전자,,10~49명,10,,,,대구광역시 달서구 성서로68길,1,국민연금 가입 사업장 내역 2026-07,2026-07,2011,
x0531,(주)에이징,산단 외,달서구,,,화장품 제조업,화학·에너지,,1~9명,3,,,,대구광역시 달서구 성서공단로50길,1,국민연금 가입 사업장 내역 2026-07,2026-07,2011,
x0532,（주）동양티피엘,산단 외,달서구,,,기타 반도체 소자 제조업,전기·전자,,10~49명,10,,,,대구광역시 달서구 성서공단남로,1,국민연금 가입 사업장 내역 2026-07,2026-07,2011,
x0533,（주）은성하이텍,산단 외,달서구,,,유압 기기 제조업,기타 제조,,10~49명,10,,,,대구광역시 달서구 성서공단북로,1,국민연금 가입 사업장 내역 2026-07,2026-07,2011,
x0534,비오비켐텍（주）,산단 외,달성군,,,콘크리트 타일  기와  벽돌 및 블록 제조업,기타 제조,,1~9명,9,,,,대구광역시 달성군 유가읍 테크노중앙대로,1,국민연금 가입 사업장 내역 2026-07,2026-07,2011,
x0535,（주）유비텍,산단 외,동구,,,컴퓨터 및 주변장치  소프트웨어 도매업,소프트웨어·IT,,10~49명,26,,,,대구광역시 동구 이노밸리로,1,국민연금 가입 사업장 내역 2026-07,2026-07,2011,
x0536,(주)성서현대정비센터,산단 외,달서구,,,자동차 종합 수리업,자동차·부품,,10~49명,15,,,,대구광역시 달서구 달서대로109길,1,국민연금 가입 사업장 내역 2026-07,2026-07,2011,
x0537,（주）부성종합,산단 외,북구,,,금속 문  창  셔터 및 관련제품 제조업,기계·금속,,1~9명,5,,,,대구광역시 북구 3공단로,1,국민연금 가입 사업장 내역 2026-07,2026-07,2011,
x0538,（주）삼주텍기술사사무소,산단 외,동구,,,건물 및 토목 엔지니어링 서비스업(기술사),기타 서비스,,1~9명,6,,,,대구광역시 동구 동호로2길,1,국민연금 가입 사업장 내역 2026-07,2026-07,2011,
x0539,부싯돌（BUSIDOL）,산단 외,수성구,,,응용 소프트웨어 개발 및 공급업,소프트웨어·IT,,10~49명,12,,,,대구광역시 수성구 알파시티1로42길,1,국민연금 가입 사업장 내역 2026-07,2026-07,2011,
x0540,주식회사 아르고스,산단 외,북구,,,응용 소프트웨어 개발 및 공급업,소프트웨어·IT,,1~9명,5,,,,대구광역시 북구 노원로,1,국민연금 가입 사업장 내역 2026-07,2026-07,2011,
x0541,주식회사케이씨케미칼,산단 외,달성군,,,합성수지 및 기타 플라스틱 물질 제조업,화학·에너지,,10~49명,14,,,,대구광역시 달성군 논공읍 비슬로262길,1,국민연금 가입 사업장 내역 2026-07,2026-07,2011,
x0542,주식회사브이오토텍,산단 외,달성군,,,그 외 자동차용 신품 부품 제조업,자동차·부품,,1~9명,9,,,,대구광역시 달성군 구지면 달성2차동2로,1,국민연금 가입 사업장 내역 2026-07,2026-07,2011,
x0543,탑라인(주)구미공장,산단 외,군위군,,,플라스틱 합성피혁 제조업,화학·에너지,,1~9명,7,,,,대구광역시 군위군 효령면 효령공단길,1,국민연금 가입 사업장 내역 2026-07,2026-07,2011,
x0544,주식회사 건무역,산단 외,달성군,,,합성섬유 제조업,섬유·패션,,10~49명,36,,,,대구광역시 달성군 현풍읍 국가산단북로100길,1,국민연금 가입 사업장 내역 2026-07,2026-07,2011,
x0545,(주)에이치케이테크,산단 외,달성군,,,물질 검사  측정 및 분석 기구 제조업,기타 제조,,1~9명,5,,,,대구광역시 달성군 다사읍 세천로10길,1,국민연금 가입 사업장 내역 2026-07,2026-07,2011,
x0546,재단법인새한경영연구원,산단 외,달서구,,,기타 인문 및 사회과학 연구개발업,기타 서비스,,1~9명,4,,,,대구광역시 달서구 성당로33길,1,국민연금 가입 사업장 내역 2026-07,2026-07,2011,
x0547,주식회사비앤에프소프트,산단 외,북구,,,응용 소프트웨어 개발 및 공급업,소프트웨어·IT,,10~49명,11,,,,대구광역시 북구 경대로17길,1,국민연금 가입 사업장 내역 2026-07,2026-07,2011,
x0548,(주)태성테크윈,산단 외,달서구,,,기타 반도체 소자 제조업,전기·전자,,10~49명,32,,,,대구광역시 달서구 호산동로,1,국민연금 가입 사업장 내역 2026-07,2026-07,2011,
x0549,（주）애니웜,산단 외,남구,,,침구 및 관련제품 제조업,기타 제조,,1~9명,4,,,,대구광역시 남구 명덕로64길,1,국민연금 가입 사업장 내역 2026-07,2026-07,2011,
x0550,한솔에코주식회사,산단 외,달서구,,,화학섬유직물 직조업,섬유·패션,,1~9명,3,,,,대구광역시 달서구 달구벌대로276길,1,국민연금 가입 사업장 내역 2026-07,2026-07,2011,
x0551,（주）수성산업,산단 외,서구,,,알루미늄 압연  압출 및 연신제품 제조업,기계·금속,,1~9명,3,,,,대구광역시 서구 가르뱅이로9길,1,국민연금 가입 사업장 내역 2026-07,2026-07,2011,
x0552,주식회사원준티피에스,산단 외,달성군,,,골판지 제조업,기타 제조,,10~49명,13,,,,대구광역시 달성군 논공읍 비슬로262길,1,국민연금 가입 사업장 내역 2026-07,2026-07,2011,
x0553,주식회사태경스틸,산단 외,북구,,,그 외 기타 1차 철강 제조업,기계·금속,,1~9명,5,,,,대구광역시 북구 유통단지로21길,1,국민연금 가입 사업장 내역 2026-07,2026-07,2011,
x0554,(주)대광로보틱스,산단 외,달서구,,,산업용 로봇 제조업,로봇,,10~49명,11,,,,대구광역시 달서구 월곡로100길,1,국민연금 가입 사업장 내역 2026-07,2026-07,2011,
x0555,(주)데이타렉스아이티,산단 외,수성구,,,컴퓨터 및 주변장치  소프트웨어 도매업,소프트웨어·IT,,1~9명,6,,,,대구광역시 수성구 알파시티1로42길,1,국민연금 가입 사업장 내역 2026-07,2026-07,2011,
x0556,산들샘,산단 외,북구,,,천연 및 혼합 조제 조미료 제조업,식품,,10~49명,12,,,,대구광역시 북구 팔달로27길,1,국민연금 가입 사업장 내역 2026-07,2026-07,2011,
x0557,（주）경진씨앤이,산단 외,달서구,,,스크린 인쇄업,기타 제조,,1~9명,7,,,,대구광역시 달서구 월곡로100길,1,국민연금 가입 사업장 내역 2026-07,2026-07,2011,
x0558,주식회사메인정보시스템,산단 외,수성구,,,응용 소프트웨어 개발 및 공급업,소프트웨어·IT,,10~49명,38,,,,대구광역시 수성구 알파시티1로42길,1,국민연금 가입 사업장 내역 2026-07,2026-07,2011,
x0559,주식회사한남이엔지,산단 외,북구,,,기타 물품 취급장비 제조업,기계·금속,,1~9명,8,,,,대구광역시 북구 검단로31길,1,국민연금 가입 사업장 내역 2026-07,2026-07,2011,
x0560,（주）정우디엔아이,산단 외,서구,,,기타 엔지니어링 서비스업,기타 서비스,,1~9명,9,,,,대구광역시 서구 와룡로,1,국민연금 가입 사업장 내역 2026-07,2026-07,2011,
x0561,（주）킴스（Kims Co Ltd）,산단 외,남구,,,화학섬유직물 직조업,섬유·패션,,1~9명,4,,,,대구광역시 남구 명덕로,1,국민연금 가입 사업장 내역 2026-07,2026-07,2011,
x0562,（주）에이테크,산단 외,달성군,,,포장용 플라스틱 성형용기 제조업,화학·에너지,,10~49명,22,,,,대구광역시 달성군 논공읍 논공로87길,1,국민연금 가입 사업장 내역 2026-07,2026-07,2011,
x0563,（주）건명산업,산단 외,북구,,,그 외 기타 금속 가공업,기계·금속,,10~49명,12,,,,대구광역시 북구 검단로31길,1,국민연금 가입 사업장 내역 2026-07,2026-07,2011,
x0564,크린토피아북대구지사,산단 외,북구,,,직물  편조 원단 및 의복류 염색 가공업,섬유·패션,,10~49명,18,,,,대구광역시 북구 구암로60길,1,국민연금 가입 사업장 내역 2026-07,2026-07,2011,
x0565,(주)경보텍,산단 외,달성군,,,유압 기기 제조업,기타 제조,,10~49명,12,,,,대구광역시 달성군 논공읍 논공로91길,1,국민연금 가입 사업장 내역 2026-07,2026-07,2011,
x0566,（주）제이에스테크윈,산단 외,동구,,,전기식 진단 및 요법 기기 제조업,의료·바이오,,1~9명,6,,,,대구광역시 동구 율암로,1,국민연금 가입 사업장 내역 2026-07,2026-07,2011,
x0567,한양이엘텍주식회사,산단 외,달성군,,,배전반 및 전기 자동제어반 제조업,전기·전자,,10~49명,15,,,,대구광역시 달성군 화원읍 명천로19길,1,국민연금 가입 사업장 내역 2026-07,2026-07,2011,
x0568,주식회사드림메카텍,산단 외,달서구,,,금속 문  창  셔터 및 관련제품 제조업,기계·금속,,1~9명,4,,,,대구광역시 달서구 성서공단로,1,국민연금 가입 사업장 내역 2026-07,2026-07,2011,
x0569,（주）창우기계,산단 외,달서구,,,내연기관 제조업,기타 제조,,1~9명,4,,,,대구광역시 달서구 성서공단북로,1,국민연금 가입 사업장 내역 2026-07,2026-07,2011,
x0570,（주）한솔이엔씨,산단 외,달서구,,,건설장비 운영업,기계·금속,,10~49명,10,,,,대구광역시 달서구 야외음악당로,1,국민연금 가입 사업장 내역 2026-07,2026-07,2011,
x0571,(주)텍스컴,산단 외,달서구,,,화학섬유직물 직조업,섬유·패션,,1~9명,3,,,,대구광역시 달서구 성서공단로35길,1,국민연금 가입 사업장 내역 2026-07,2026-07,2011,
x0572,（주）온코어,산단 외,달성군,,,그 외 자동차용 신품 부품 제조업,자동차·부품,,1~9명,3,,,,대구광역시 달성군 현풍읍 테크노대로2길,1,국민연금 가입 사업장 내역 2026-07,2026-07,2011,
x0573,(주)유성이앤씨,산단 외,수성구,,,기타 엔지니어링 서비스업,기타 서비스,,10~49명,27,,,,대구광역시 수성구 알파시티1로23길,1,국민연금 가입 사업장 내역 2026-07,2026-07,2011,
x0574,학교법인영진교육재단영진모빌스,산단 외,북구,,,응용 소프트웨어 개발 및 공급업,소프트웨어·IT,,1~9명,4,,,,대구광역시 북구 복현동,1,국민연금 가입 사업장 내역 2026-07,2026-07,2011,
x0575,（주）세아테크,산단 외,달서구,,,그 외 자동차용 신품 부품 제조업,자동차·부품,,1~9명,4,,,,대구광역시 달서구 성서공단남로,1,국민연금 가입 사업장 내역 2026-07,2026-07,2011,
x0576,(주)서진토목엔지니어링,산단 외,북구,,,기타 엔지니어링 서비스업,기타 서비스,,10~49명,20,,,,대구광역시 북구 유통단지로8길,1,국민연금 가입 사업장 내역 2026-07,2026-07,2011,
x0577,(주)창조시스템,산단 외,수성구,,,컴퓨터 및 주변장치  소프트웨어 도매업,소프트웨어·IT,,10~49명,10,,,,대구광역시 수성구 수성로,1,국민연금 가입 사업장 내역 2026-07,2026-07,2012,
x0578,주식회사대경통상,산단 외,서구,,,화학섬유직물 직조업,섬유·패션,,1~9명,4,,,,대구광역시 서구 국채보상로,1,국민연금 가입 사업장 내역 2026-07,2026-07,2012,
x0579,（주）굿소프트（GOODSOFTCo．，Ltd）,산단 외,동구,,,응용 소프트웨어 개발 및 공급업,소프트웨어·IT,,1~9명,5,,,,대구광역시 동구 율하서로,1,국민연금 가입 사업장 내역 2026-07,2026-07,2011,
x0580,주식회사 퍼스트인,산단 외,달성군,,,그 외 기타 분류 안된 사업 지원 서비스업(기타임가공,기계·금속,,300명 이상,319,,,,대구광역시 달성군 화원읍 비슬로,1,국민연금 가입 사업장 내역 2026-07,2026-07,2012,
x0581,(주)델타기계,산단 외,북구,,,톱 및 호환성 공구 제조업,기계·금속,,1~9명,7,,,,대구광역시 북구 팔달북로,1,국민연금 가입 사업장 내역 2026-07,2026-07,2012,
x0582,엠씨엔스포츠(MCN),산단 외,서구,,,셔츠 및 블라우스 제조업,기타 제조,,10~49명,14,,,,대구광역시 서구 국채보상로,1,국민연금 가입 사업장 내역 2026-07,2026-07,2012,
x0583,호파랑푸드시스템（주）,산단 외,북구,,,떡류 제조업,식품,,1~9명,4,,,,대구광역시 북구 대학로23길,1,국민연금 가입 사업장 내역 2026-07,2026-07,2011,
x0584,（주）삼성씰테크,산단 외,북구,,,산업용 그 외 비경화 고무제품 제조업,화학·에너지,,1~9명,5,,,,대구광역시 북구 침산로67길,1,국민연금 가입 사업장 내역 2026-07,2026-07,2011,
x0585,주식회사부선,산단 외,달성군,,,그 외 자동차용 신품 부품 제조업,자동차·부품,,1~9명,6,,,,대구광역시 달성군 유가읍 용금공단길,1,국민연금 가입 사업장 내역 2026-07,2026-07,2011,
x0586,주식회사베이리스,산단 외,북구,,,응용 소프트웨어 개발 및 공급업,소프트웨어·IT,,50~299명,130,,,,대구광역시 북구 연암로,1,국민연금 가입 사업장 내역 2026-07,2026-07,2012,
x0587,（주）한솔아이엠비（IMB）,산단 외,서구,,,침구 및 관련제품 제조업,기타 제조,,50~299명,126,,,,대구광역시 서구 국채보상로,1,국민연금 가입 사업장 내역 2026-07,2026-07,2012,
x0588,（주）두리테크,산단 외,달성군,,,합성고무 제조업,화학·에너지,,10~49명,33,,,,대구광역시 달성군 옥포읍 이팝나무길,1,국민연금 가입 사업장 내역 2026-07,2026-07,2012,
x0589,광진막창유통,산단 외,서구,,,그 외 기타 식료품 제조업,식품,,10~49명,18,,,,대구광역시 서구 가르뱅이로20길,1,국민연금 가입 사업장 내역 2026-07,2026-07,2012,
x0590,대구지디에스(GDS)치과기공소,산단 외,달서구,,,정형 외과용 및 신체 보정용 기기 제조업,기타 제조,,10~49명,10,,,,대구광역시 달서구 달구벌대로,1,국민연금 가입 사업장 내역 2026-07,2026-07,2012,
x0591,（주）분석기술과미래,산단 외,달서구,,,기타 인문 및 사회과학 연구개발업,기타 서비스,,10~49명,19,,,,대구광역시 달서구 성서로,1,국민연금 가입 사업장 내역 2026-07,2026-07,2012,
x0592,（주）삼성자동차해체재활용산업,산단 외,동구,,,금속류 해체 및 선별업,기계·금속,,1~9명,7,,,,대구광역시 동구 화랑로100길,1,국민연금 가입 사업장 내역 2026-07,2026-07,2012,
x0593,주식회사에스티엔지니어링,산단 외,달서구,,,사무용 기계 및 장비 제조업,기계·금속,,1~9명,5,,,,대구광역시 달서구 달구벌대로,1,국민연금 가입 사업장 내역 2026-07,2026-07,2012,
x0594,(주)더존푸드,산단 외,북구,,,기타 곡물 가공품 제조업,기계·금속,,10~49명,11,,,,대구광역시 북구 칠곡중앙대로52길,1,국민연금 가입 사업장 내역 2026-07,2026-07,2011,
x0595,(주)에스에이치,산단 외,달서구,,,기타 기초 무기화학 물질 제조업,화학·에너지,,10~49명,11,,,,대구광역시 달서구 장기로,1,국민연금 가입 사업장 내역 2026-07,2026-07,2012,
x0596,주식회사 에프엔비글로벌,산단 외,서구,,,침구 및 관련제품 제조업,기타 제조,,1~9명,5,,,,대구광역시 서구 와룡로90길,1,국민연금 가입 사업장 내역 2026-07,2026-07,2012,
x0597,(주)아이엠에스코리아,산단 외,달서구,,,기타 물품 취급장비 제조업,기계·금속,,10~49명,15,,,,대구광역시 달서구 성서공단로11길,1,국민연금 가입 사업장 내역 2026-07,2026-07,2012,
x0598,（주）신영아이앤티（INT）,산단 외,서구,,,화학섬유직물 직조업,섬유·패션,,1~9명,8,,,,대구광역시 서구 염색공단로,1,국민연금 가입 사업장 내역 2026-07,2026-07,2012,
x0599,대건종합건기(주）,산단 외,달서구,,,건설장비 운영업,기계·금속,,1~9명,3,,,,대구광역시 달서구 야외음악당로,1,국민연금 가입 사업장 내역 2026-07,2026-07,2012,
x0600,주식회사아이시에스소프트,산단 외,수성구,,,응용 소프트웨어 개발 및 공급업,소프트웨어·IT,,10~49명,12,,,,대구광역시 수성구 알파시티1로42길,1,국민연금 가입 사업장 내역 2026-07,2026-07,2012,
x0601,(주)동제메디칼,산단 외,수성구,,,한의약품 제조업,의료·바이오,,1~9명,3,,,,대구광역시 수성구 지범로23길,1,국민연금 가입 사업장 내역 2026-07,2026-07,2012,
x0602,(주）삼홍,산단 외,달서구,,,그 외 자동차용 신품 부품 제조업,자동차·부품,,1~9명,8,,,,대구광역시 달서구 성서로,1,국민연금 가입 사업장 내역 2026-07,2026-07,2012,
x0603,（주）동방섬유,산단 외,달서구,,,화학섬유직물 직조업,섬유·패션,,1~9명,5,,,,대구광역시 달서구 성서서로55길,1,국민연금 가입 사업장 내역 2026-07,2026-07,2012,
x0604,주식회사 비원시스템,산단 외,달성군,,,플라스틱 창호 제조업,화학·에너지,,1~9명,3,,,,대구광역시 달성군 화원읍 비슬로,1,국민연금 가입 사업장 내역 2026-07,2026-07,2012,
x0605,（주）디케이오일씰,산단 외,북구,,,산업용 그 외 비경화 고무제품 제조업,화학·에너지,,1~9명,8,,,,대구광역시 북구 노원동로8길,1,국민연금 가입 사업장 내역 2026-07,2026-07,2012,
x0606,（주）삼연기술,산단 외,달성군,,,물질 검사  측정 및 분석 기구 제조업,기타 제조,,10~49명,13,,,,대구광역시 달성군 구지면 달성2차2로,1,국민연금 가입 사업장 내역 2026-07,2026-07,2012,
x0607,주식회사디이와이덴탈스튜디오,산단 외,중구,,,정형 외과용 및 신체 보정용 기기 제조업,기타 제조,,1~9명,3,,,,대구광역시 중구 북성로4길,1,국민연금 가입 사업장 내역 2026-07,2026-07,2012,
x0608,주식회사댐스,산단 외,서구,,,그 외 자동차용 신품 부품 제조업,자동차·부품,,1~9명,6,,,,대구광역시 서구 북비산로,1,국민연금 가입 사업장 내역 2026-07,2026-07,2012,
x0609,주식회사에스에이（SA）,산단 외,북구,,,산업용 냉장 및 냉동장비 제조업,기계·금속,,1~9명,4,,,,대구광역시 북구 팔달로7길,1,국민연금 가입 사업장 내역 2026-07,2026-07,2012,
x0610,（주）대성리사이클링,산단 외,서구,,,금속류 원료 재생업,기계·금속,,1~9명,5,,,,대구광역시 서구 염색공단천로3길,1,국민연금 가입 사업장 내역 2026-07,2026-07,2012,
x0611,(주)디에이치하이텍,산단 외,서구,,,그 외 기타 금속 가공업,기계·금속,,1~9명,3,,,,대구광역시 서구 팔달로2길,1,국민연금 가입 사업장 내역 2026-07,2026-07,2012,
x0612,（주）삼영섬유,산단 외,군위군,,,연사 및 가공사 제조업 / 특수직물 및 기타 직물 직조,섬유·패션,,10~49명,12,,,,대구광역시 군위군 군위읍 군위공단길,1,국민연금 가입 사업장 내역 2026-07,2026-07,2012,
x0613,주식회사이노스벤,산단 외,달서구,,,응용 소프트웨어 개발 및 공급업,소프트웨어·IT,,1~9명,6,,,,대구광역시 달서구 달구벌대로,1,국민연금 가입 사업장 내역 2026-07,2026-07,2012,
x0614,(주)성진산업,산단 외,달서구,,,일반 철물 제조업,기타 제조,,1~9명,3,,,,대구광역시 달서구 성서로36길,1,국민연금 가입 사업장 내역 2026-07,2026-07,2012,
x0615,소나무,산단 외,북구,,,신문용지 제조업,기타 제조,,10~49명,14,,,,대구광역시 북구 유통단지로3길,1,국민연금 가입 사업장 내역 2026-07,2026-07,2012,
x0616,제이씨트레이딩(주),산단 외,서구,,,화학섬유직물 직조업,섬유·패션,,1~9명,9,,,,대구광역시 서구 와룡로,1,국민연금 가입 사업장 내역 2026-07,2026-07,2012,
x0617,(주)이노(INNO),산단 외,북구,,,안경 및 안경렌즈 제조업,의료·바이오,,10~49명,38,,,,대구광역시 북구 노원로,1,국민연금 가입 사업장 내역 2026-07,2026-07,2012,
x0618,（주）에이치브이티,산단 외,달서구,,,산업용 오븐  노 및 노용 버너 제조업,기타 제조,,1~9명,3,,,,대구광역시 달서구 호산로,1,국민연금 가입 사업장 내역 2026-07,2026-07,2012,
x0619,(주)소영수지,산단 외,서구,,,비금속류 원료 재생업,기계·금속,,1~9명,6,,,,대구광역시 서구 가르뱅이로6길,1,국민연금 가입 사업장 내역 2026-07,2026-07,2012,
x0620,(주)신신엠앤씨,산단 외,북구,,,응용 소프트웨어 개발 및 공급업,소프트웨어·IT,,50~299명,99,,,,대구광역시 북구 침산남로9길,1,국민연금 가입 사업장 내역 2026-07,2026-07,2012,
x0621,주식회사 오토로드,산단 외,달성군,,,그 외 자동차용 신품 부품 제조업,자동차·부품,,1~9명,3,,,,대구광역시 달성군 화원읍 모개골길,1,국민연금 가입 사업장 내역 2026-07,2026-07,2012,
x0622,（주）레드휘슬,산단 외,수성구,,,데이터베이스 및 온라인 정보 제공업,소프트웨어·IT,,10~49명,17,,,,대구광역시 수성구 알파시티1로4길,1,국민연금 가입 사업장 내역 2026-07,2026-07,2012,
x0623,와이케이텍,산단 외,달성군,,,동력식 수지 공구 제조업,화학·에너지,,10~49명,11,,,,대구광역시 달성군 유가읍 비슬로96길,1,국민연금 가입 사업장 내역 2026-07,2026-07,2012,
x0624,주식회사 이지엠소프트,산단 외,수성구,,,응용 소프트웨어 개발 및 공급업,소프트웨어·IT,,10~49명,15,,,,대구광역시 수성구 알파시티2로,1,국민연금 가입 사업장 내역 2026-07,2026-07,2012,
x0625,영진전문대학산학협력단,산단 외,북구,,,기타 인문 및 사회과학 연구개발업,기타 서비스,,10~49명,31,,,,대구광역시 북구 복현로,1,국민연금 가입 사업장 내역 2026-07,2026-07,2012,
x0626,주식회사 덕웅인터내셔날,산단 외,달서구,,,직물  편조 원단 및 의복류 염색 가공업,섬유·패션,,1~9명,3,,,,대구광역시 달서구 성서공단로,1,국민연금 가입 사업장 내역 2026-07,2026-07,2012,
x0627,(주)메인시스템,산단 외,달서구,,,응용 소프트웨어 개발 및 공급업,소프트웨어·IT,,1~9명,7,,,,대구광역시 달서구 월곡로100길,1,국민연금 가입 사업장 내역 2026-07,2026-07,2012,
x0628,캣콘코리아（주）,산단 외,달서구,,,그 외 자동차용 신품 부품 제조업,자동차·부품,,10~49명,30,,,,대구광역시 달서구 성서동로,1,국민연금 가입 사업장 내역 2026-07,2026-07,2012,
x0629,주식회사 그린안전,산단 외,동구,,,라이터  연소물 및 흡연용품 제조업,기타 제조,,10~49명,15,,,,대구광역시 동구 과학로,1,국민연금 가입 사업장 내역 2026-07,2026-07,2012,
x0630,성일모터스,산단 외,동구,,,화물 자동차 및 특수 목적용 자동차 제조업,자동차·부품,,10~49명,15,,,,대구광역시 동구 안심로55길,1,국민연금 가입 사업장 내역 2026-07,2026-07,2012,
x0631,주식회사예담농업회사법인,산단 외,군위군,,,떡류 제조업,식품,,1~9명,5,,,,대구광역시 군위군 효령면 용매로,1,국민연금 가입 사업장 내역 2026-07,2026-07,2012,
x0632,주식회사태성전기제어,산단 외,서구,,,기타 반도체 소자 제조업,전기·전자,,10~49명,11,,,,대구광역시 서구 국채보상로5길,1,국민연금 가입 사업장 내역 2026-07,2026-07,2012,
x0633,(주)단디자인,산단 외,남구,,,응용 소프트웨어 개발 및 공급업,소프트웨어·IT,,1~9명,6,,,,대구광역시 남구 중앙대로32길,1,국민연금 가입 사업장 내역 2026-07,2026-07,2012,
x0634,（주）이투컬렉션,산단 외,남구,,,위생용 종이제품 제조업,기타 제조,,10~49명,40,,,,대구광역시 남구 대명남로,1,국민연금 가입 사업장 내역 2026-07,2026-07,2012,
x0635,한빛디앤피주식회사,산단 외,북구,,,금속 절삭기계 제조업,기계·금속,,1~9명,4,,,,대구광역시 북구 침산남로9길,1,국민연금 가입 사업장 내역 2026-07,2026-07,2012,
x0636,（주）우리정밀인쇄,산단 외,중구,,,스크린 인쇄업,기타 제조,,1~9명,7,,,,대구광역시 중구 명륜로,1,국민연금 가입 사업장 내역 2026-07,2026-07,2012,
x0637,주식회사 케이시큐어 (K-Secure Co.  Ltd.),산단 외,수성구,,,컴퓨터 시스템 통합 자문 및 구축 서비스업,소프트웨어·IT,,10~49명,19,,,,대구광역시 수성구 알파시티1로,1,국민연금 가입 사업장 내역 2026-07,2026-07,2012,
x0638,주식회사동서이엔씨,산단 외,군위군,,,기타 엔지니어링 서비스업,기타 서비스,,10~49명,12,,,,대구광역시 군위군 군위읍 군위공단길,1,국민연금 가입 사업장 내역 2026-07,2026-07,2012,
x0639,주식회사풀켐스,산단 외,달성군,,,치약  비누 및 기타 세제 제조업,기타 제조,,1~9명,4,,,,대구광역시 달성군 논공읍 걸미1길,1,국민연금 가입 사업장 내역 2026-07,2026-07,2012,
x0640,(주)여일,산단 외,서구,,,화학섬유직물 직조업,섬유·패션,,1~9명,3,,,,대구광역시 서구 국채보상로,1,국민연금 가입 사업장 내역 2026-07,2026-07,2012,
x0641,엠모터스수성자동차정비검사소,산단 외,수성구,,,자동차 종합 수리업,자동차·부품,,10~49명,15,,,,대구광역시 수성구 용학로,1,국민연금 가입 사업장 내역 2026-07,2026-07,2012,
x0642,신진에스엠(주）성서점,산단 외,달서구,,,그 외 기타 금속 가공업,기계·금속,,10~49명,12,,,,대구광역시 달서구 성서공단북로,1,국민연금 가입 사업장 내역 2026-07,2026-07,2012,
x0643,주식회사 수호테크,산단 외,북구,,,산업용 냉장 및 냉동장비 제조업,기계·금속,,1~9명,6,,,,대구광역시 북구 동변로24길,1,국민연금 가입 사업장 내역 2026-07,2026-07,2013,
x0644,포에버패션옵티칼(주),산단 외,북구,,,안경 및 안경렌즈 제조업,의료·바이오,,1~9명,9,,,,대구광역시 북구 오봉로18길,1,국민연금 가입 사업장 내역 2026-07,2026-07,2012,
x0645,투썸플레이스대구앞산점,산단 외,남구,,,간이 음식 포장 판매 전문점,기타 제조,,1~9명,3,,,,대구광역시 남구 현충로,1,국민연금 가입 사업장 내역 2026-07,2026-07,2012,
x0646,（주）디엔에스텍스타일,산단 외,서구,,,그 외 기타 분류 안된 섬유제품 제조업,섬유·패션,,1~9명,4,,,,대구광역시 서구 북비산로,1,국민연금 가입 사업장 내역 2026-07,2026-07,2013,
x0647,한빛전기관리주식회사,산단 외,북구,,,기타 엔지니어링 서비스업,기타 서비스,,10~49명,10,,,,대구광역시 북구 매천로25길,1,국민연금 가입 사업장 내역 2026-07,2026-07,2012,
x0648,주식회사영진금속,산단 외,북구,,,그 외 기타 1차 철강 제조업,기계·금속,,10~49명,13,,,,대구광역시 북구 3공단로,1,국민연금 가입 사업장 내역 2026-07,2026-07,2013,
x0649,（주）신평화학,산단 외,달성군,,,플라스틱 합성피혁 제조업,화학·에너지,,1~9명,3,,,,대구광역시 달성군 다사읍 서재로14길,1,국민연금 가입 사업장 내역 2026-07,2026-07,2013,
x0650,주식회사버드유통,산단 외,동구,,,육류 도축업(가금류 제외) / 가금류 도축업,식품,,10~49명,20,,,,대구광역시 동구 신덕로5길,1,국민연금 가입 사업장 내역 2026-07,2026-07,2013,
x0651,행복의 일터,산단 외,중구,,,떡류 제조업,식품,,10~49명,13,,,,대구광역시 중구 달성공원로4길,1,국민연금 가입 사업장 내역 2026-07,2026-07,2013,
x0652,태융시스템,산단 외,달성군,,,산업 처리공정 제어장비 제조업,기계·금속,,10~49명,12,,,,대구광역시 달성군 다사읍 세천남로2길,1,국민연금 가입 사업장 내역 2026-07,2026-07,2013,
x0653,주식회사명진나염,산단 외,서구,,,직물  편조 원단 및 의복류 염색 가공업,섬유·패션,,1~9명,6,,,,대구광역시 서구 달서천로,1,국민연금 가입 사업장 내역 2026-07,2026-07,2013,
x0654,주식회사동양엠티,산단 외,북구,,,금속 절삭기계 제조업,기계·금속,,1~9명,5,,,,대구광역시 북구 유통단지로8길,1,국민연금 가입 사업장 내역 2026-07,2026-07,2013,
x0655,（주）대우경금속,산단 외,달성군,,,알루미늄 압연  압출 및 연신제품 제조업,기계·금속,,10~49명,17,,,,대구광역시 달성군 구지면 달성2차동3로,1,국민연금 가입 사업장 내역 2026-07,2026-07,2013,
x0656,주식회사 그루나무,산단 외,남구,,,천연 및 혼합 조제 조미료 제조업,식품,,10~49명,10,,,,대구광역시 남구 대명남로,1,국민연금 가입 사업장 내역 2026-07,2026-07,2013,
x0657,(주)디에이치이엔지,산단 외,달성군,,,그 외 자동차용 신품 부품 제조업,자동차·부품,,1~9명,3,,,,대구광역시 달성군 하빈면 하빈로86길,1,국민연금 가입 사업장 내역 2026-07,2026-07,2013,
x0658,(주)협진티앤디,산단 외,동구,,,그 외 기타 달리 분류되지 않은 제품 제조업,기타 제조,,1~9명,4,,,,대구광역시 동구 동촌로11길,1,국민연금 가입 사업장 내역 2026-07,2026-07,2013,
x0659,삼성사무기총판(주),산단 외,북구,,,컴퓨터 및 주변장치  소프트웨어 도매업,소프트웨어·IT,,1~9명,4,,,,대구광역시 북구 침산로38길,1,국민연금 가입 사업장 내역 2026-07,2026-07,2013,
x0660,주식회사대명특장차,산단 외,달성군,,,트레일러 및 세미 트레일러 제조업,자동차·부품,,1~9명,5,,,,대구광역시 달성군 하빈면 하빈남로,1,국민연금 가입 사업장 내역 2026-07,2026-07,2013,
x0661,부건식품,산단 외,동구,,,과자류 및 코코아 제품 제조업,기타 제조,,10~49명,14,,,,대구광역시 동구 반야월북로2길,1,국민연금 가입 사업장 내역 2026-07,2026-07,2013,
x0662,(주)제이엠바이오텍,산단 외,달서구,,,전기식 진단 및 요법 기기 제조업,의료·바이오,,10~49명,44,,,,대구광역시 달서구 중흥로,1,국민연금 가입 사업장 내역 2026-07,2026-07,2013,
x0663,주식회사 우진,산단 외,달서구,,,배전반 및 전기 자동제어반 제조업,전기·전자,,1~9명,3,,,,대구광역시 달서구 성서공단로,1,국민연금 가입 사업장 내역 2026-07,2026-07,2013,
x0664,오스젠주식회사,산단 외,동구,,,가정용 및 장식용 도자기 제조업,기타 제조,,10~49명,35,,,,대구광역시 동구 혁신대로,1,국민연금 가입 사업장 내역 2026-07,2026-07,2013,
x0665,(주)에이치아이에스컴퍼니,산단 외,달서구,,,셔츠 및 블라우스 제조업,기타 제조,,1~9명,6,,,,대구광역시 달서구 큰장로,1,국민연금 가입 사업장 내역 2026-07,2026-07,2013,
x0666,(주)선진수출포장,산단 외,서구,,,솜 및 실 염색 가공업 / 직물  편조 원단 및 의복류,섬유·패션,,1~9명,5,,,,대구광역시 서구 평리로35길,1,국민연금 가입 사업장 내역 2026-07,2026-07,2013,
x0667,유한회사창,산단 외,동구,,,자동차 종합 수리업,자동차·부품,,1~9명,4,,,,대구광역시 동구 안심로59길,1,국민연금 가입 사업장 내역 2026-07,2026-07,2013,
x0668,(주)대영이엔에스,산단 외,서구,,,응용 소프트웨어 개발 및 공급업,소프트웨어·IT,,1~9명,3,,,,대구광역시 서구 문화로,1,국민연금 가입 사업장 내역 2026-07,2026-07,2013,
x0669,신화이앤지(주),산단 외,북구,,,금속선 가공제품 제조업,기계·금속,,1~9명,3,,,,대구광역시 북구 3공단로,1,국민연금 가입 사업장 내역 2026-07,2026-07,2013,
x0670,(주)와이텍,산단 외,달성군,,,산업용 로봇 제조업,로봇,,1~9명,4,,,,대구광역시 달성군 다사읍 세천로9길,1,국민연금 가입 사업장 내역 2026-07,2026-07,2013,
x0671,덕진산업사,산단 외,북구,,,톱 및 호환성 공구 제조업,기계·금속,,10~49명,13,,,,대구광역시 북구 노원로,1,국민연금 가입 사업장 내역 2026-07,2026-07,2013,
x0672,대경폴리켐 주식회사,산단 외,달서구,,,기타 기초 무기화학 물질 제조업,화학·에너지,,10~49명,10,,,,대구광역시 달서구 이곡서로,1,국민연금 가입 사업장 내역 2026-07,2026-07,2013,
x0673,(주）애드웹,산단 외,수성구,,,응용 소프트웨어 개발 및 공급업,소프트웨어·IT,,1~9명,6,,,,대구광역시 수성구 동대구로38길,1,국민연금 가입 사업장 내역 2026-07,2026-07,2013,
x0674,주식회사웨딩쿨,산단 외,중구,,,데이터베이스 및 온라인 정보 제공업,소프트웨어·IT,,10~49명,14,,,,대구광역시 중구 동덕로,1,국민연금 가입 사업장 내역 2026-07,2026-07,2013,
x0675,（주）태양인덕션히터,산단 외,동구,,,배전반 및 전기 자동제어반 제조업,전기·전자,,10~49명,13,,,,대구광역시 동구 율암로,1,국민연금 가입 사업장 내역 2026-07,2026-07,2013,
x0676,대경식품,산단 외,동구,,,떡류 제조업,식품,,10~49명,13,,,,대구광역시 동구 둔산로,1,국민연금 가입 사업장 내역 2026-07,2026-07,2013,
x0677,주식회사 에이스,산단 외,달서구,,,침구 및 관련제품 제조업,기타 제조,,1~9명,3,,,,대구광역시 달서구 문화회관9길,1,국민연금 가입 사업장 내역 2026-07,2026-07,2013,
x0678,（주）대림하우징,산단 외,달성군,,,목재 보존  방부처리  도장 및 유사 처리업,기타 제조,,1~9명,5,,,,대구광역시 달성군 하빈면 달구벌대로55길,1,국민연금 가입 사업장 내역 2026-07,2026-07,2013,
x0679,일성 유한책임회사,산단 외,동구,,,화장품 제조업,화학·에너지,,50~299명,63,,,,대구광역시 동구 율암로,1,국민연금 가입 사업장 내역 2026-07,2026-07,2013,
x0680,주식회사 두영,산단 외,북구,,,그 외 기타 금속 가공업,기계·금속,,1~9명,5,,,,대구광역시 북구 검단북로2길,1,국민연금 가입 사업장 내역 2026-07,2026-07,2013,
x0681,(주)유엘케미칼,산단 외,북구,,,물질 검사  측정 및 분석 기구 제조업,기타 제조,,1~9명,7,,,,대구광역시 북구 유통단지로24길,1,국민연금 가입 사업장 내역 2026-07,2026-07,2013,
x0682,(주)푸드우리,산단 외,달성군,,,가금류 가공 및 저장 처리업,기계·금속,,1~9명,7,,,,대구광역시 달성군 옥포읍 옥포로111길,1,국민연금 가입 사업장 내역 2026-07,2026-07,2013,
x0683,주식회사오성금형,산단 외,서구,,,주형 및 금형 제조업,기계·금속,,1~9명,6,,,,대구광역시 서구 와룡로87길,1,국민연금 가입 사업장 내역 2026-07,2026-07,2013,
x0684,（주）아치덴탈,산단 외,중구,,,정형 외과용 및 신체 보정용 기기 제조업,기타 제조,,10~49명,14,,,,대구광역시 중구 중앙대로79길,1,국민연금 가입 사업장 내역 2026-07,2026-07,2013,
x0685,에스베르,산단 외,중구,,,제조 / 금은세공,기타 제조,,10~49명,14,,,,대구광역시 중구 동성로,1,국민연금 가입 사업장 내역 2026-07,2026-07,2013,
x0686,주식회사금도,산단 외,북구,,,그 외 자동차용 신품 부품 제조업,자동차·부품,,1~9명,6,,,,대구광역시 북구 노원로21길,1,국민연금 가입 사업장 내역 2026-07,2026-07,2013,
x0687,(주)상원테크,산단 외,달성군,,,그 외 자동차용 신품 부품 제조업,자동차·부품,,1~9명,3,,,,대구광역시 달성군 구지면 달성2차동3로,1,국민연금 가입 사업장 내역 2026-07,2026-07,2013,
x0688,(주)지아이웍스,산단 외,동구,,,응용 소프트웨어 개발 및 공급업,소프트웨어·IT,,1~9명,6,,,,대구광역시 동구 동부로30길,1,국민연금 가입 사업장 내역 2026-07,2026-07,2013,
x0689,주식회사 성창,산단 외,서구,,,비금속류 원료 재생업,기계·금속,,10~49명,34,,,,대구광역시 서구 장산로,1,국민연금 가입 사업장 내역 2026-07,2026-07,2013,
x0690,（주）신일실업,산단 외,동구,,,산업용 난방보일러 및 방열기 제조업,기타 제조,,1~9명,3,,,,대구광역시 동구 반야월북로2길,1,국민연금 가입 사업장 내역 2026-07,2026-07,2013,
x0691,디케이이엔지(주),산단 외,북구,,,기타 엔지니어링 서비스업,기타 서비스,,10~49명,11,,,,대구광역시 북구 조야로7길,1,국민연금 가입 사업장 내역 2026-07,2026-07,2013,
x0692,나인바이오팜,산단 외,수성구,,,천연 및 혼합 조제 조미료 제조업,식품,,1~9명,4,,,,대구광역시 수성구 파동로,1,국민연금 가입 사업장 내역 2026-07,2026-07,2013,
x0693,주식회사다온인터내셔날,산단 외,달서구,,,연사 및 가공사 제조업 / 특수직물 및 기타 직물 직조,섬유·패션,,1~9명,3,,,,대구광역시 달서구 성서공단북로43길,1,국민연금 가입 사업장 내역 2026-07,2026-07,2013,
x0694,프라임푸드,산단 외,서구,,,천연 및 혼합 조제 조미료 제조업,식품,,10~49명,14,,,,대구광역시 서구 가르뱅이로20길,1,국민연금 가입 사업장 내역 2026-07,2026-07,2013,
x0695,학산보호작업장,산단 외,달성군,,,솜 및 실 염색 가공업 / 직물  편조 원단 및 의복류,섬유·패션,,10~49명,11,,,,대구광역시 달성군 옥포읍 비슬로447길,1,국민연금 가입 사업장 내역 2026-07,2026-07,2013,
x0696,（주）드림메탈,산단 외,달서구,,,금속류 원료 재생업,기계·금속,,10~49명,14,,,,대구광역시 달서구 장기로,1,국민연금 가입 사업장 내역 2026-07,2026-07,2013,
x0697,서진머티리얼(주)제2공장,산단 외,서구,,,직물  편조 원단 및 의복류 염색 가공업,섬유·패션,,10~49명,10,,,,대구광역시 서구 염색공단중앙로,1,국민연금 가입 사업장 내역 2026-07,2026-07,2013,
x0698,(주)아이링크,산단 외,중구,,,컴퓨터 및 주변장치  소프트웨어 도매업,소프트웨어·IT,,1~9명,9,,,,대구광역시 중구 신암로,1,국민연금 가입 사업장 내역 2026-07,2026-07,2013,
x0699,주식회사 에프아이티,산단 외,수성구,,,컴퓨터 및 주변장치  소프트웨어 도매업,소프트웨어·IT,,1~9명,3,,,,대구광역시 수성구 용학로34길,1,국민연금 가입 사업장 내역 2026-07,2026-07,2014,
x0700,(주)중천포장,산단 외,달성군,,,골판지 제조업,기타 제조,,1~9명,4,,,,대구광역시 달성군 옥포읍 비슬로431길,1,국민연금 가입 사업장 내역 2026-07,2026-07,2014,
x0701,(주)창신기공,산단 외,북구,,,톱 및 호환성 공구 제조업,기계·금속,,1~9명,5,,,,대구광역시 북구 노원로57길,1,국민연금 가입 사업장 내역 2026-07,2026-07,2013,
x0702,주식회사델타스틸,산단 외,북구,,,그 외 기타 1차 철강 제조업,기계·금속,,1~9명,9,,,,대구광역시 북구 팔달북로,1,국민연금 가입 사업장 내역 2026-07,2026-07,2014,
x0703,주식회사 영웅주방,산단 외,달성군,,,주방용 전기 기기 제조업,전기·전자,,1~9명,3,,,,대구광역시 달성군 옥포읍 반송길,1,국민연금 가입 사업장 내역 2026-07,2026-07,2014,
x0704,에프엔이치과기공소 주식회사,산단 외,중구,,,정형 외과용 및 신체 보정용 기기 제조업,기타 제조,,10~49명,13,,,,대구광역시 중구 국채보상로,1,국민연금 가입 사업장 내역 2026-07,2026-07,2014,
x0705,가득산업주식회사,산단 외,북구,,,라이터  연소물 및 흡연용품 제조업,기타 제조,,1~9명,3,,,,대구광역시 북구 칠곡중앙대로105길,1,국민연금 가입 사업장 내역 2026-07,2026-07,2014,
x0706,주식회사합동지앤에스(G&S),산단 외,북구,,,그 외 자동차용 신품 부품 제조업,자동차·부품,,1~9명,4,,,,대구광역시 북구 검단공단로,1,국민연금 가입 사업장 내역 2026-07,2026-07,2014,
x0707,(주)태림이엔지,산단 외,북구,,,기타 엔지니어링 서비스업,기타 서비스,,10~49명,17,,,,대구광역시 북구 연암로,1,국민연금 가입 사업장 내역 2026-07,2026-07,2014,
x0708,(주)다올전자,산단 외,수성구,,,물질 검사  측정 및 분석 기구 제조업,기타 제조,,1~9명,4,,,,대구광역시 수성구 알파시티1로42길,1,국민연금 가입 사업장 내역 2026-07,2026-07,2014,
x0709,주식회사윈에스테크,산단 외,서구,,,금속 절삭기계 제조업,기계·금속,,1~9명,6,,,,대구광역시 서구 북비산로,1,국민연금 가입 사업장 내역 2026-07,2026-07,2014,
x0710,성동산업,산단 외,북구,,,분말 야금제품 제조업,기타 제조,,10~49명,13,,,,대구광역시 북구 3공단로,1,국민연금 가입 사업장 내역 2026-07,2026-07,2014,
x0711,(주)우수코퍼,산단 외,달서구,,,금속 절삭기계 제조업,기계·금속,,1~9명,4,,,,대구광역시 달서구 달서대로94길,1,국민연금 가입 사업장 내역 2026-07,2026-07,2014,
x0712,엘엠산업,산단 외,달서구,,,그 외 자동차용 신품 부품 제조업,자동차·부품,,10~49명,10,,,,대구광역시 달서구 성서로68길,1,국민연금 가입 사업장 내역 2026-07,2026-07,2014,
x0713,（주）혜성제과,산단 외,북구,,,과자류 및 코코아 제품 제조업,기타 제조,,1~9명,7,,,,대구광역시 북구 매천로동17길,1,국민연금 가입 사업장 내역 2026-07,2026-07,2014,
x0714,주식회사셀파,산단 외,군위군,,,농업 및 임업용 기계 제조업,기계·금속,,1~9명,4,,,,대구광역시 군위군 효령면 용매로,1,국민연금 가입 사업장 내역 2026-07,2026-07,2014,
x0715,（주）코리아원진1공장,산단 외,군위군,,,산업용 그 외 비경화 고무제품 제조업,화학·에너지,,10~49명,16,,,,대구광역시 군위군 군위읍 군위공단길,1,국민연금 가입 사업장 내역 2026-07,2026-07,2014,
x0716,(주)한국교육진흥원,산단 외,북구,,,응용 소프트웨어 개발 및 공급업,소프트웨어·IT,,10~49명,11,,,,대구광역시 북구 침산남로,1,국민연금 가입 사업장 내역 2026-07,2026-07,2014,
x0717,주식회사로하스네이처,산단 외,동구,,,화장품 제조업,화학·에너지,,1~9명,7,,,,대구광역시 동구 송라로3길,1,국민연금 가입 사업장 내역 2026-07,2026-07,2014,
x0718,(주)윌로우테크,산단 외,서구,,,컴퓨터 및 주변장치  소프트웨어 도매업,소프트웨어·IT,,1~9명,9,,,,대구광역시 서구 와룡로,1,국민연금 가입 사업장 내역 2026-07,2026-07,2014,
x0719,주식회사경원이에스,산단 외,동구,,,기타 엔지니어링 서비스업,기타 서비스,,10~49명,10,,,,대구광역시 동구 안심로41길,1,국민연금 가입 사업장 내역 2026-07,2026-07,2014,
x0720,주식회사굿패키지,산단 외,달성군,,,기타 반도체 소자 제조업,전기·전자,,1~9명,3,,,,대구광역시 달성군 하빈면 하빈로66길,1,국민연금 가입 사업장 내역 2026-07,2026-07,2014,
x0721,에이스식품,산단 외,북구,,,가금류 가공 및 저장 처리업,기계·금속,,10~49명,12,,,,대구광역시 북구 팔거천동로4길,1,국민연금 가입 사업장 내역 2026-07,2026-07,2014,
x0722,(주)청마스틸,산단 외,수성구,,,그 외 기타 금속 가공업,기계·금속,,1~9명,3,,,,대구광역시 수성구 알파시티1로42길,1,국민연금 가입 사업장 내역 2026-07,2026-07,2014,
x0723,대구시희망드리보호작업장,산단 외,수성구,,,골판지 제조업,기타 제조,,10~49명,25,,,,대구광역시 수성구 파동로51길,1,국민연금 가입 사업장 내역 2026-07,2026-07,2014,
x0724,하나기전,산단 외,달성군,,,그 외 자동차용 신품 부품 제조업,자동차·부품,,10~49명,11,,,,대구광역시 달성군 화원읍 비슬로530길,1,국민연금 가입 사업장 내역 2026-07,2026-07,2014,
x0725,지디에스,산단 외,동구,,,응용 소프트웨어 개발 및 공급업,소프트웨어·IT,,,,,,,대구광역시 동구 반야월로26길,1,국민연금 가입 사업장 내역 2026-07,2026-07,2014,
x0726,주식회사에프엔디지,산단 외,동구,,,응용 소프트웨어 개발 및 공급업,소프트웨어·IT,,10~49명,27,,,,대구광역시 동구 율하서로,1,국민연금 가입 사업장 내역 2026-07,2026-07,2014,
x0727,주식회사몰비전,산단 외,달성군,,,강 주물 주조업,기계·금속,,1~9명,4,,,,대구광역시 달성군 다사읍 다사로71길,1,국민연금 가입 사업장 내역 2026-07,2026-07,2014,
x0728,(주)나도소프트,산단 외,동구,,,응용 소프트웨어 개발 및 공급업,소프트웨어·IT,,1~9명,8,,,,대구광역시 동구 첨단로8길,1,국민연금 가입 사업장 내역 2026-07,2026-07,2014,
x0729,（주）거성하이테크,산단 외,북구,,,주형 및 금형 제조업,기계·금속,,1~9명,6,,,,대구광역시 북구 3공단로10길,1,국민연금 가입 사업장 내역 2026-07,2026-07,2014,
x0730,주식회사플라잉마운틴,산단 외,달서구,,,기타 엔지니어링 서비스업,기타 서비스,,1~9명,3,,,,대구광역시 달서구 조암로,1,국민연금 가입 사업장 내역 2026-07,2026-07,2014,
x0731,(주) 남경,산단 외,달성군,,,산업용 냉장 및 냉동장비 제조업,기계·금속,,1~9명,5,,,,대구광역시 달성군 하빈면 하빈남로,1,국민연금 가입 사업장 내역 2026-07,2026-07,2014,
x0732,주식회사대성엠앤씨,산단 외,달성군,,,유선 통신장비 제조업,전기·전자,,1~9명,3,,,,대구광역시 달성군 옥포읍 비슬로,1,국민연금 가입 사업장 내역 2026-07,2026-07,2014,
x0733,대영기전(주）,산단 외,달서구,,,배전반 및 전기 자동제어반 제조업,전기·전자,,1~9명,8,,,,대구광역시 달서구 성서서로47길,1,국민연금 가입 사업장 내역 2026-07,2026-07,2014,
x0734,（주）우리철강,산단 외,북구,,,그 외 기타 금속 가공업,기계·금속,,1~9명,5,,,,대구광역시 북구 오봉로,1,국민연금 가입 사업장 내역 2026-07,2026-07,2014,
x0735,휴먼코스메틱주식회사,산단 외,동구,,,화장품 제조업,화학·에너지,,1~9명,6,,,,대구광역시 동구 이노밸리로,1,국민연금 가입 사업장 내역 2026-07,2026-07,2014,
x0736,（주）케이디텍,산단 외,북구,,,배전반 및 전기 자동제어반 제조업,전기·전자,,1~9명,5,,,,대구광역시 북구 검단공단로,1,국민연금 가입 사업장 내역 2026-07,2026-07,2014,
x0737,주식회사바인하우스,산단 외,달성군,,,주방용 전기 기기 제조업,전기·전자,,1~9명,3,,,,대구광역시 달성군 화원읍 비슬로485길,1,국민연금 가입 사업장 내역 2026-07,2026-07,2014,
x0738,주식회사네오컬쳐,산단 외,수성구,,,데이터베이스 및 온라인 정보 제공업,소프트웨어·IT,,1~9명,6,,,,대구광역시 수성구 수성로52길,1,국민연금 가입 사업장 내역 2026-07,2026-07,2014,
x0739,주식회사정원씨앤아이,산단 외,북구,,,응용 소프트웨어 개발 및 공급업,소프트웨어·IT,,1~9명,4,,,,대구광역시 북구 검단로41길,1,국민연금 가입 사업장 내역 2026-07,2026-07,2014,
x0740,(주)씨엘미트,산단 외,달성군,,,가금류 가공 및 저장 처리업,기계·금속,,1~9명,6,,,,대구광역시 달성군 옥포읍 비슬로447길,1,국민연금 가입 사업장 내역 2026-07,2026-07,2014,
x0741,(주)더블유에스스틸,산단 외,달서구,,,동력식 수지 공구 제조업,화학·에너지,,1~9명,6,,,,대구광역시 달서구 성서서로,1,국민연금 가입 사업장 내역 2026-07,2026-07,2014,
x0742,주식회사폰클,산단 외,북구,,,응용 소프트웨어 개발 및 공급업,소프트웨어·IT,,1~9명,3,,,,대구광역시 북구 성북로,1,국민연금 가입 사업장 내역 2026-07,2026-07,2014,
x0743,(주)태광솔라테크,산단 외,달성군,,,기타 비철금속 제련  정련 및 합금 제조업,기계·금속,,1~9명,3,,,,대구광역시 달성군 하빈면 하산길,1,국민연금 가입 사업장 내역 2026-07,2026-07,2014,
x0744,(주)홍스,산단 외,동구,,,유선 통신장비 제조업,전기·전자,,1~9명,4,,,,대구광역시 동구 율하서로,1,국민연금 가입 사업장 내역 2026-07,2026-07,2014,
x0745,주식회사디피로드,산단 외,북구,,,스크린 인쇄업,기타 제조,,1~9명,9,,,,대구광역시 북구 3공단로,1,국민연금 가입 사업장 내역 2026-07,2026-07,2014,
x0746,주식회사한진포장,산단 외,달성군,,,골판지 제조업,기타 제조,,1~9명,7,,,,대구광역시 달성군 하빈면 하빈남로,1,국민연금 가입 사업장 내역 2026-07,2026-07,2014,
x0747,(주)제이샤,산단 외,중구,,,문구용 종이제품 제조업,기타 제조,,10~49명,13,,,,대구광역시 중구 달구벌대로,1,국민연금 가입 사업장 내역 2026-07,2026-07,2014,
x0748,주식회사에스엔타운,산단 외,수성구,,,응용 소프트웨어 개발 및 공급업,소프트웨어·IT,,1~9명,4,,,,대구광역시 수성구 동대구로,1,국민연금 가입 사업장 내역 2026-07,2026-07,2014,
x0749,주식회사인솔엠앤티,산단 외,달서구,,,응용 소프트웨어 개발 및 공급업,소프트웨어·IT,,10~49명,10,,,,대구광역시 달서구 달서대로91길,1,국민연금 가입 사업장 내역 2026-07,2026-07,2014,
x0750,에이앤（AN）산업,산단 외,달성군,,,금속 단조제품 제조업,기계·금속,,10~49명,14,,,,대구광역시 달성군 논공읍 비슬로264길,1,국민연금 가입 사업장 내역 2026-07,2026-07,2014,
x0751,영풍철강（주）,산단 외,북구,,,금속 문  창  셔터 및 관련제품 제조업,기계·금속,,10~49명,12,,,,대구광역시 북구 오봉로,1,국민연금 가입 사업장 내역 2026-07,2026-07,2014,
x0752,주식회사에이스종합물류,산단 외,북구,,,합성수지 및 기타 플라스틱 물질 제조업,화학·에너지,,1~9명,6,,,,대구광역시 북구 유통단지로13길,1,국민연금 가입 사업장 내역 2026-07,2026-07,2014,
x0753,주식회사 성우통상,산단 외,서구,,,화학섬유직물 직조업,섬유·패션,,1~9명,5,,,,대구광역시 서구 와룡로66안길,1,국민연금 가입 사업장 내역 2026-07,2026-07,2014,
x0754,이인텔리전스주식회사,산단 외,북구,,,그 외 자동차용 신품 부품 제조업,자동차·부품,,10~49명,20,,,,대구광역시 북구 호암로,1,국민연금 가입 사업장 내역 2026-07,2026-07,2014,
x0755,주식회사태양섬유（TaeYangTextileCo．，Ltd．）,산단 외,달서구,,,가방 및 기타 보호용 케이스 제조업,기타 제조,,1~9명,3,,,,대구광역시 달서구 진천로3길,1,국민연금 가입 사업장 내역 2026-07,2026-07,2014,
x0756,(주)대구전기안전관리,산단 외,달서구,,,기타 엔지니어링 서비스업,기타 서비스,,1~9명,6,,,,대구광역시 달서구 구마로36길,1,국민연금 가입 사업장 내역 2026-07,2026-07,2014,
x0757,위드텍,산단 외,남구,,,그 외 자동차용 신품 부품 제조업,자동차·부품,,10~49명,12,,,,대구광역시 남구 현충로,1,국민연금 가입 사업장 내역 2026-07,2026-07,2014,
x0758,주식회사화진이앤지,산단 외,북구,,,주형 및 금형 제조업,기계·금속,,1~9명,7,,,,대구광역시 북구 3공단로,1,국민연금 가입 사업장 내역 2026-07,2026-07,2014,
x0759,주식회사한성기술개발공사,산단 외,달서구,,,기타 인문 및 사회과학 연구개발업,기타 서비스,,1~9명,4,,,,대구광역시 달서구 진천로8길,1,국민연금 가입 사업장 내역 2026-07,2026-07,2014,
x0760,주식회사 대홍 농업회사법인,산단 외,서구,,,가금류 가공 및 저장 처리업,기계·금속,,1~9명,7,,,,대구광역시 서구 와룡로73길,1,국민연금 가입 사업장 내역 2026-07,2026-07,2014,
x0761,대구전기안전이티에스주식회사,산단 외,북구,,,기타 엔지니어링 서비스업,기타 서비스,,1~9명,7,,,,대구광역시 북구 침산남로9길,1,국민연금 가입 사업장 내역 2026-07,2026-07,2014,
x0762,（주）아텍스,산단 외,달성군,,,산업 처리공정 제어장비 제조업,기계·금속,,1~9명,8,,,,대구광역시 달성군 다사읍 세천로21길,1,국민연금 가입 사업장 내역 2026-07,2026-07,2014,
x0763,에코레온 주식회사,산단 외,달서구,,,기타 비철금속 제련  정련 및 합금 제조업,기계·금속,,10~49명,14,,,,대구광역시 달서구 달서대로85길,1,국민연금 가입 사업장 내역 2026-07,2026-07,2015,
x0764,이지포스대구(EasyPOS대구),산단 외,남구,,,컴퓨터 및 주변장치  소프트웨어 도매업,소프트웨어·IT,,10~49명,11,,,,대구광역시 남구 현충로,1,국민연금 가입 사업장 내역 2026-07,2026-07,2014,
x0765,유일고주파,산단 외,달성군,,,인쇄 및 제책용 기계 제조업,기계·금속,,10~49명,12,,,,대구광역시 달성군 다사읍 세천북로8길,1,국민연금 가입 사업장 내역 2026-07,2026-07,2015,
x0766,주식회사참존푸드,산단 외,동구,,,가금류 가공 및 저장 처리업,기계·금속,,1~9명,9,,,,대구광역시 동구 부동7길,1,국민연금 가입 사업장 내역 2026-07,2026-07,2015,
x0767,케이피에스（주）,산단 외,달서구,,,금속류 원료 재생업,기계·금속,,1~9명,3,,,,대구광역시 달서구 성서공단북로,1,국민연금 가입 사업장 내역 2026-07,2026-07,2014,
x0768,농업회사법인청수주식회사대구지점,산단 외,달성군,,,기타 식품 첨가물 제조업,식품,,1~9명,4,,,,대구광역시 달성군 유가읍 테크노중앙대로,1,국민연금 가입 사업장 내역 2026-07,2026-07,2015,
x0769,주식회사현대호이스트,산단 외,북구,,,기타 물품 취급장비 제조업,기계·금속,,1~9명,3,,,,대구광역시 북구 노원동로,1,국민연금 가입 사업장 내역 2026-07,2026-07,2015,
x0770,주식회사우리지관,산단 외,달성군,,,판지 상자 및 용기 제조업,기타 제조,,1~9명,5,,,,대구광역시 달성군 하빈면 하빈로86길,1,국민연금 가입 사업장 내역 2026-07,2026-07,2015,
x0771,(주)동원폴리론,산단 외,달성군,,,합성섬유 제조업,섬유·패션,,1~9명,4,,,,대구광역시 달성군 옥포읍 본리로20길,1,국민연금 가입 사업장 내역 2026-07,2026-07,2015,
x0772,(주)엔디오에스,산단 외,달성군,,,기타 주변 기기 제조업,기타 제조,,1~9명,6,,,,대구광역시 달성군 유가읍 테크노순환로10길,1,국민연금 가입 사업장 내역 2026-07,2026-07,2015,
x0773,주식회사메디와이어,산단 외,북구,,,그 외 기타 의료용 기기 제조업,의료·바이오,,1~9명,8,,,,대구광역시 북구 유통단지로24길,1,국민연금 가입 사업장 내역 2026-07,2026-07,2015,
x0774,（주）대광플라테크,산단 외,북구,,,포장용 플라스틱 성형용기 제조업,화학·에너지,,10~49명,17,,,,대구광역시 북구 검단공단로,1,국민연금 가입 사업장 내역 2026-07,2026-07,2015,
x0775,주식회사소통파이브,산단 외,북구,,,시각 디자인업,기타 서비스,,10~49명,11,,,,대구광역시 북구 원대로,1,국민연금 가입 사업장 내역 2026-07,2026-07,2015,
x0776,주식회사와이테크,산단 외,달서구,,,산업 처리공정 제어장비 제조업,기계·금속,,1~9명,3,,,,대구광역시 달서구 와룡로51길,1,국민연금 가입 사업장 내역 2026-07,2026-07,2015,
x0777,（주）에이티에스시스템즈,산단 외,서구,,,동력식 수지 공구 제조업,화학·에너지,,1~9명,8,,,,대구광역시 서구 와룡로,1,국민연금 가입 사업장 내역 2026-07,2026-07,2015,
x0778,에스엘로보틱스주식회사,산단 외,달서구,,,산업용 로봇 제조업,로봇,,1~9명,4,,,,대구광역시 달서구 성서공단남로,1,국민연금 가입 사업장 내역 2026-07,2026-07,2015,
x0779,주식회사테라,산단 외,수성구,,,경 인쇄업,기타 제조,,1~9명,7,,,,대구광역시 수성구 수성로32길,1,국민연금 가입 사업장 내역 2026-07,2026-07,2015,
x0780,（주）이상컨트롤,산단 외,달성군,,,플라스틱 합성피혁 제조업,화학·에너지,,1~9명,3,,,,대구광역시 달성군 옥포읍 능전길,1,국민연금 가입 사업장 내역 2026-07,2026-07,2014,
x0781,Y＆T파워텍주식회사 - PM사업부,산단 외,달서구,,,그 외 자동차용 신품 부품 제조업,자동차·부품,,10~49명,23,,,,대구광역시 달서구 달서대로,1,국민연금 가입 사업장 내역 2026-07,2026-07,2015,
x0782,주식회사익스트림팩토리,산단 외,달서구,,,기타 목재 가구 제조업,기타 제조,,1~9명,3,,,,대구광역시 달서구 달서대로,1,국민연금 가입 사업장 내역 2026-07,2026-07,2015,
x0783,주식회사비큐웨이（BQway）,산단 외,수성구,,,컴퓨터 및 주변장치  소프트웨어 도매업,소프트웨어·IT,,1~9명,4,,,,대구광역시 수성구 알파시티1로,1,국민연금 가입 사업장 내역 2026-07,2026-07,2015,
x0784,（주）아이엠로지텍,산단 외,북구,,,비디오 및 기타 영상 기기 제조업,기타 제조,,1~9명,6,,,,대구광역시 북구 동북로,1,국민연금 가입 사업장 내역 2026-07,2026-07,2015,
x0785,(주)아이티컴바인,산단 외,남구,,,컴퓨터 및 주변장치  소프트웨어 도매업,소프트웨어·IT,,1~9명,9,,,,대구광역시 남구 대명로,1,국민연금 가입 사업장 내역 2026-07,2026-07,2015,
x0786,지엘테크21,산단 외,달서구,,,응용 소프트웨어 개발 및 공급업,소프트웨어·IT,,1~9명,7,,,,대구광역시 달서구 중흥로,1,국민연금 가입 사업장 내역 2026-07,2026-07,2015,
x0787,주식회사 캐치볼,산단 외,중구,,,판지 상자 및 용기 제조업,기타 제조,,1~9명,4,,,,대구광역시 중구 봉산문화2길,1,국민연금 가입 사업장 내역 2026-07,2026-07,2015,
x0788,(주)제이알티모템,산단 외,북구,,,산업 처리공정 제어장비 제조업,기계·금속,,1~9명,5,,,,대구광역시 북구 유통단지로,1,국민연금 가입 사업장 내역 2026-07,2026-07,2015,
x0789,(주)시그마체인,산단 외,동구,,,응용 소프트웨어 개발 및 공급업,소프트웨어·IT,,10~49명,17,,,,대구광역시 동구 동부로30길,1,국민연금 가입 사업장 내역 2026-07,2026-07,2014,
x0790,뉴테크에너지（주）,산단 외,달서구,,,그 외 자동차용 신품 부품 제조업,자동차·부품,,10~49명,32,,,,대구광역시 달서구 호산동로,1,국민연금 가입 사업장 내역 2026-07,2026-07,2015,
x0791,(주)팜비즈,산단 외,달서구,,,서적외판원 학습지방문판매원 화장품외판원 정수기 자,화학·에너지,,1~9명,3,,,,대구광역시 달서구 학산로,1,국민연금 가입 사업장 내역 2026-07,2026-07,2015,
x0792,주식회사태경,산단 외,서구,,,직물  편조 원단 및 의복류 염색 가공업,섬유·패션,,1~9명,4,,,,대구광역시 서구 와룡로,1,국민연금 가입 사업장 내역 2026-07,2026-07,2015,
x0793,경봉특수강,산단 외,서구,,,그 외 기타 금속 가공업,기계·금속,,10~49명,10,,,,대구광역시 서구 염색공단천로16길,1,국민연금 가입 사업장 내역 2026-07,2026-07,2015,
x0794,구관모식초(주),산단 외,달성군,,,기타 식품 첨가물 제조업,식품,,1~9명,4,,,,대구광역시 달성군 가창면 가창로57길,1,국민연금 가입 사업장 내역 2026-07,2026-07,2015,
x0795,(주)케이씨미디어,산단 외,달서구,,,모직물 직조업,섬유·패션,,1~9명,5,,,,대구광역시 달서구 성서공단북로43길,1,국민연금 가입 사업장 내역 2026-07,2026-07,2015,
x0796,대구전환서비스센터,산단 외,남구,,,스크린 인쇄업,기타 제조,,10~49명,34,,,,대구광역시 남구 앞산순환로,1,국민연금 가입 사업장 내역 2026-07,2026-07,2015,
x0797,(주)모비핀테크놀러지,산단 외,북구,,,응용 소프트웨어 개발 및 공급업,소프트웨어·IT,,10~49명,21,,,,대구광역시 북구 경대로17길,1,국민연금 가입 사업장 내역 2026-07,2026-07,2015,
x0798,한백에프앤에스,산단 외,동구,,,떡류 제조업,식품,,10~49명,18,,,,대구광역시 동구 화랑로69길,1,국민연금 가입 사업장 내역 2026-07,2026-07,2015,
x0799,솔라팟주식회사,산단 외,달서구,,,태양력 발전업,화학·에너지,,1~9명,3,,,,대구광역시 달서구 달서대로,1,국민연금 가입 사업장 내역 2026-07,2026-07,2015,
x0800,주식회사디자인네트워크,산단 외,동구,,,응용 소프트웨어 개발 및 공급업,소프트웨어·IT,,1~9명,5,,,,대구광역시 동구 장등로,1,국민연금 가입 사업장 내역 2026-07,2026-07,2015,
x0801,주식회사 자인엔지니어링,산단 외,중구,,,기타 엔지니어링 서비스업,기타 서비스,,1~9명,5,,,,대구광역시 중구 국채보상로,1,국민연금 가입 사업장 내역 2026-07,2026-07,2015,
x0802,(주)알유엔시스템,산단 외,달성군,,,금속 절삭기계 제조업,기계·금속,,10~49명,10,,,,대구광역시 달성군 다사읍 세천본길,1,국민연금 가입 사업장 내역 2026-07,2026-07,2015,
x0803,원포장산업,산단 외,달성군,,,석탄화학계 화합물 및 기타 기초 유기화학 물질제조업,화학·에너지,,10~49명,13,,,,대구광역시 달성군 논공읍 노이길,1,국민연금 가입 사업장 내역 2026-07,2026-07,2015,
x0804,（주）두남자컴퍼니,산단 외,북구,,,천연 및 혼합 조제 조미료 제조업,식품,,1~9명,3,,,,대구광역시 북구 학정로,1,국민연금 가입 사업장 내역 2026-07,2026-07,2015,
x0805,주식회사 천마시스템,산단 외,동구,,,전자 응용 절삭기계 제조업,전기·전자,,10~49명,17,,,,대구광역시 동구 화랑로,1,국민연금 가입 사업장 내역 2026-07,2026-07,2015,
x0806,대구교육대학교산학협력단,산단 외,남구,,,기타 인문 및 사회과학 연구개발업,기타 서비스,,10~49명,12,,,,대구광역시 남구 중앙대로,1,국민연금 가입 사업장 내역 2026-07,2026-07,2015,
x0807,주식회사삼원중기,산단 외,달서구,,,건설장비 운영업,기계·금속,,10~49명,10,,,,대구광역시 달서구 대명천로,1,국민연금 가입 사업장 내역 2026-07,2026-07,2015,
x0808,주식회사지아이솔루션즈,산단 외,북구,,,응용 소프트웨어 개발 및 공급업,소프트웨어·IT,,10~49명,13,,,,대구광역시 북구 호암로,1,국민연금 가입 사업장 내역 2026-07,2026-07,2015,
x0809,주식회사용원엔지니어링,산단 외,북구,,,분말 야금제품 제조업,기타 제조,,1~9명,3,,,,대구광역시 북구 3공단로47길,1,국민연금 가입 사업장 내역 2026-07,2026-07,2015,
x0810,골든시스주식회사,산단 외,동구,,,응용 소프트웨어 개발 및 공급업,소프트웨어·IT,,50~299명,50,,,,대구광역시 동구 안심뉴타운1로,1,국민연금 가입 사업장 내역 2026-07,2026-07,2015,
x0811,주식회사도장마트,산단 외,남구,,,사무 및 회화용품 제조업,기타 제조,,1~9명,7,,,,대구광역시 남구 대명로10길,1,국민연금 가입 사업장 내역 2026-07,2026-07,2015,
x0812,주식회사경동이엔지,산단 외,중구,,,인쇄 및 제책용 기계 제조업,기계·금속,,1~9명,4,,,,대구광역시 중구 북성로,1,국민연금 가입 사업장 내역 2026-07,2026-07,2015,
x0813,에스아이직물검사소주식회사,산단 외,서구,,,연사 및 가공사 제조업 / 특수직물 및 기타 직물 직조,섬유·패션,,1~9명,7,,,,대구광역시 서구 와룡로84길,1,국민연금 가입 사업장 내역 2026-07,2026-07,2015,
x0814,주식회사엠쓰리솔루션,산단 외,북구,,,응용 소프트웨어 개발 및 공급업,소프트웨어·IT,,1~9명,8,,,,대구광역시 북구 경대로17길,1,국민연금 가입 사업장 내역 2026-07,2026-07,2015,
x0815,주식회사라인텍,산단 외,달서구,,,유압 기기 제조업,기타 제조,,1~9명,3,,,,대구광역시 달서구 성서서로36안길,1,국민연금 가입 사업장 내역 2026-07,2026-07,2015,
x0816,케이제이엠주식회사,산단 외,달성군,,,내연기관 제조업,기타 제조,,1~9명,3,,,,대구광역시 달성군 화원읍 구라2길,1,국민연금 가입 사업장 내역 2026-07,2026-07,2015,
x0817,주식회사송강유통,산단 외,북구,,,가금류 가공 및 저장 처리업,기계·금속,,1~9명,4,,,,대구광역시 북구 검단공단로21길,1,국민연금 가입 사업장 내역 2026-07,2026-07,2015,
x0818,주식회사다원메닥스,산단 외,동구,,,배전반 및 전기 자동제어반 제조업,전기·전자,,10~49명,41,,,,대구광역시 동구 동대구로,1,국민연금 가입 사업장 내역 2026-07,2026-07,2015,
x0819,(주)에이튠,산단 외,서구,,,그 외 자동차용 신품 부품 제조업,자동차·부품,,1~9명,3,,,,대구광역시 서구 와룡로66안길,1,국민연금 가입 사업장 내역 2026-07,2026-07,2015,
x0820,주식회사형제코스텍,산단 외,달성군,,,그 외 기타 1차 철강 제조업,기계·금속,,1~9명,7,,,,대구광역시 달성군 하빈면 하산길,1,국민연금 가입 사업장 내역 2026-07,2026-07,2015,
x0821,(주)태인시스템,산단 외,북구,,,컴퓨터 및 주변장치  소프트웨어 도매업,소프트웨어·IT,,10~49명,12,,,,대구광역시 북구 동변로15길,1,국민연금 가입 사업장 내역 2026-07,2026-07,2015,
x0822,주식회사디에이치아이(DHI),산단 외,서구,,,판지 상자 및 용기 제조업,기타 제조,,10~49명,16,,,,대구광역시 서구 와룡로73길,1,국민연금 가입 사업장 내역 2026-07,2026-07,2015,
x0823,(주)일오공칠(1507 Inc.),산단 외,서구,,,스타킹 및 기타양말 제조업,섬유·패션,,10~49명,20,,,,대구광역시 서구 와룡로87길,1,국민연금 가입 사업장 내역 2026-07,2026-07,2015,
x0824,주식회사티큐아이시,산단 외,서구,,,화학섬유직물 직조업,섬유·패션,,10~49명,11,,,,대구광역시 서구 염색공단천로,1,국민연금 가입 사업장 내역 2026-07,2026-07,2015,
x0825,(주)편강한방피부과학연구소,산단 외,달성군,,,화장품 제조업,화학·에너지,,50~299명,70,,,,대구광역시 달성군 다사읍 달구벌대로174길,1,국민연금 가입 사업장 내역 2026-07,2026-07,2015,
x0826,주식회사건원정보,산단 외,달서구,,,컴퓨터 및 주변장치  소프트웨어 도매업,소프트웨어·IT,,1~9명,5,,,,대구광역시 달서구 선원로55길,1,국민연금 가입 사업장 내역 2026-07,2026-07,2015,
x0827,주식회사에스제이에이치스튜디오,산단 외,수성구,,,응용 소프트웨어 개발 및 공급업,소프트웨어·IT,,10~49명,26,,,,대구광역시 수성구 범어로19길,1,국민연금 가입 사업장 내역 2026-07,2026-07,2015,
x0828,천마축산,산단 외,동구,,,가금류 가공 및 저장 처리업,기계·금속,,10~49명,12,,,,대구광역시 동구 옻골로,1,국민연금 가입 사업장 내역 2026-07,2026-07,2015,
x0829,(주)휴컨,산단 외,동구,,,유선 통신장비 제조업,전기·전자,,10~49명,10,,,,대구광역시 동구 동대구로,1,국민연금 가입 사업장 내역 2026-07,2026-07,2015,
x0830,주안와이어,산단 외,북구,,,금속 단조제품 제조업,기계·금속,,10~49명,12,,,,대구광역시 북구 노원로10길,1,국민연금 가입 사업장 내역 2026-07,2026-07,2015,
x0831,주식회사 엔틀,산단 외,수성구,,,시스템 소프트웨어 개발 및 공급업,소프트웨어·IT,,10~49명,28,,,,대구광역시 수성구 알파시티1로42길,1,국민연금 가입 사업장 내역 2026-07,2026-07,2016,
x0832,주식회사대호텍,산단 외,북구,,,주형 및 금형 제조업,기계·금속,,1~9명,5,,,,대구광역시 북구 매천로,1,국민연금 가입 사업장 내역 2026-07,2026-07,2016,
x0833,주식회사비비시스템,산단 외,북구,,,물질 검사  측정 및 분석 기구 제조업,기타 제조,,1~9명,3,,,,대구광역시 북구 노원로,1,국민연금 가입 사업장 내역 2026-07,2026-07,2016,
x0834,솔루션코리아주식회사,산단 외,북구,,,컴퓨터 제조업,기타 제조,,10~49명,18,,,,대구광역시 북구 대불로,1,국민연금 가입 사업장 내역 2026-07,2026-07,2015,
x0835,주식회사에어솔루션,산단 외,북구,,,가전제품 수리업,기계·금속,,1~9명,5,,,,대구광역시 북구 칠곡중앙대로,1,국민연금 가입 사업장 내역 2026-07,2026-07,2016,
x0836,호박스톤(주),산단 외,달성군,,,건설용 석제품 제조업,기타 제조,,1~9명,3,,,,대구광역시 달성군 논공읍 비슬로331길,1,국민연금 가입 사업장 내역 2026-07,2026-07,2016,
x0837,주식회사바른정보통신,산단 외,수성구,,,그 외 기타 전기 통신업,전기·전자,,10~49명,11,,,,대구광역시 수성구 달구벌대로,1,국민연금 가입 사업장 내역 2026-07,2026-07,2016,
x0838,네오에이스주식회사,산단 외,서구,,,솜 및 실 염색 가공업 / 직물  편조 원단 및 의복류,섬유·패션,,10~49명,21,,,,대구광역시 서구 염색공단로21길,1,국민연금 가입 사업장 내역 2026-07,2026-07,2016,
x0839,주식회사유하이엔지,산단 외,수성구,,,주형 및 금형 제조업,기계·금속,,1~9명,7,,,,대구광역시 수성구 알파시티1로42길,1,국민연금 가입 사업장 내역 2026-07,2026-07,2016,
x0840,주식회사덕산이앤지,산단 외,달서구,,,주형 및 금형 제조업,기계·금속,,1~9명,3,,,,대구광역시 달서구 호산로,1,국민연금 가입 사업장 내역 2026-07,2026-07,2015,
x0841,아이즈미（izemi）,산단 외,동구,,,화장품 제조업,화학·에너지,,10~49명,25,,,,대구광역시 동구 매여로,1,국민연금 가입 사업장 내역 2026-07,2026-07,2015,
x0842,주식회사대구한국일보사,산단 외,북구,,,스크린 인쇄업,기타 제조,,1~9명,9,,,,대구광역시 북구 중앙대로106길,1,국민연금 가입 사업장 내역 2026-07,2026-07,2015,
x0843,(주)인성정보 남부지사,산단 외,달서구,,,컴퓨터 시스템 통합 자문 및 구축 서비스업,소프트웨어·IT,,10~49명,10,,,,대구광역시 달서구 성서로,1,국민연금 가입 사업장 내역 2026-07,2026-07,2016,
x0844,(주)유성엔지니어링,산단 외,수성구,,,기타 엔지니어링 서비스업,기타 서비스,,10~49명,24,,,,대구광역시 수성구 알파시티1로23길,1,국민연금 가입 사업장 내역 2026-07,2026-07,2016,
x0845,에프에이월드주식회사,산단 외,달성군,,,배전반 및 전기 자동제어반 제조업,전기·전자,,1~9명,4,,,,대구광역시 달성군 다사읍 세천로1길,1,국민연금 가입 사업장 내역 2026-07,2026-07,2016,
x0846,주식회사드림에이스,산단 외,북구,,,그 외 기타 전기장비 제조업,전기·전자,,10~49명,24,,,,대구광역시 북구 경대로17길,1,국민연금 가입 사업장 내역 2026-07,2026-07,2016,
x0847,(주)자파즈,산단 외,동구,,,그 외 기타 의복 액세서리 제조업,섬유·패션,,10~49명,13,,,,대구광역시 동구 화랑로91길,1,국민연금 가입 사업장 내역 2026-07,2026-07,2016,
x0848,주식회사광성기전,산단 외,달성군,,,금속 문  창  셔터 및 관련제품 제조업,기계·금속,,1~9명,6,,,,대구광역시 달성군 다사읍 세천로10길,1,국민연금 가입 사업장 내역 2026-07,2026-07,2016,
x0849,(주)윤앤피플대구교대,산단 외,남구,,,간이 음식 포장 판매 전문점,기타 제조,,1~9명,3,,,,대구광역시 남구 중앙대로,1,국민연금 가입 사업장 내역 2026-07,2026-07,2015,
x0850,(주)에스케이티티,산단 외,서구,,,연사 및 가공사 제조업 / 특수직물 및 기타 직물 직조,섬유·패션,,1~9명,9,,,,대구광역시 서구 와룡로99길,1,국민연금 가입 사업장 내역 2026-07,2026-07,2016,
x0851,(주)에스피파트너스,산단 외,동구,,,응용 소프트웨어 개발 및 공급업,소프트웨어·IT,,10~49명,36,,,,대구광역시 동구 메디밸리로,1,국민연금 가입 사업장 내역 2026-07,2026-07,2016,
x0852,주식회사 티케이 모바일,산단 외,달성군,,,금속 문  창  셔터 및 관련제품 제조업,기계·금속,,1~9명,8,,,,대구광역시 달성군 논공읍 금강로1길,1,국민연금 가입 사업장 내역 2026-07,2026-07,2016,
x0853,(주)엠디유글로벌,산단 외,수성구,,,떡류 제조업,식품,,10~49명,27,,,,대구광역시 수성구 범안로,1,국민연금 가입 사업장 내역 2026-07,2026-07,2016,
x0854,주식회사부광기업,산단 외,달성군,,,알루미늄 주물 주조업,기계·금속,,1~9명,3,,,,대구광역시 달성군 다사읍 다사로71길,1,국민연금 가입 사업장 내역 2026-07,2026-07,2016,
x0855,(주)투아트,산단 외,북구,,,응용 소프트웨어 개발 및 공급업,소프트웨어·IT,,1~9명,6,,,,대구광역시 북구 호암로,1,국민연금 가입 사업장 내역 2026-07,2026-07,2016,
x0856,주식회사천리,산단 외,달서구,,,산업용 트럭 및 적재기 제조업,기타 제조,,1~9명,4,,,,대구광역시 달서구 월곡로100안길,1,국민연금 가입 사업장 내역 2026-07,2026-07,2016,
x0857,주식회사부원진열장,산단 외,남구,,,산업용 냉장 및 냉동장비 제조업,기계·금속,,10~49명,14,,,,대구광역시 남구 성당로,1,국민연금 가입 사업장 내역 2026-07,2026-07,2016,
x0858,주식회사엠엠피,산단 외,북구,,,응용 소프트웨어 개발 및 공급업,소프트웨어·IT,,10~49명,15,,,,대구광역시 북구 원대로,1,국민연금 가입 사업장 내역 2026-07,2026-07,2016,
x0859,주식회사신화텍스타일,산단 외,서구,,,화학섬유직물 직조업,섬유·패션,,1~9명,3,,,,대구광역시 서구 국채보상로6길,1,국민연금 가입 사업장 내역 2026-07,2026-07,2016,
x0860,태흥이엔지주식회사,산단 외,북구,,,탭  밸브 및 유사 장치 제조업,기타 제조,,1~9명,7,,,,대구광역시 북구 유통단지로21길,1,국민연금 가입 사업장 내역 2026-07,2026-07,2016,
x0861,주식회사위즈웨어,산단 외,수성구,,,응용 소프트웨어 개발 및 공급업,소프트웨어·IT,,1~9명,5,,,,대구광역시 수성구 알파시티1로,1,국민연금 가입 사업장 내역 2026-07,2026-07,2016,
x0862,(주)메디피아,산단 외,동구,,,그 외 기타 의료용 기기 제조업,의료·바이오,,1~9명,6,,,,대구광역시 동구 이노밸리로26길,1,국민연금 가입 사업장 내역 2026-07,2026-07,2016,
x0863,주식회사신흥비닐,산단 외,달성군,,,플라스틱 합성피혁 제조업,화학·에너지,,1~9명,5,,,,대구광역시 달성군 구지면 달성2차동1로,1,국민연금 가입 사업장 내역 2026-07,2026-07,2016,
x0864,(주)플라이코,산단 외,달서구,,,응용 소프트웨어 개발 및 공급업,소프트웨어·IT,,1~9명,6,,,,대구광역시 달서구 월배로15길,1,국민연금 가입 사업장 내역 2026-07,2026-07,2016,
x0865,주식회사이프아이,산단 외,수성구,,,응용 소프트웨어 개발 및 공급업,소프트웨어·IT,,1~9명,3,,,,대구광역시 수성구 만촌로,1,국민연금 가입 사업장 내역 2026-07,2026-07,2016,
x0866,상인테크주식회사,산단 외,달성군,,,그 외 자동차용 신품 부품 제조업,자동차·부품,,10~49명,15,,,,대구광역시 달성군 구지면 달성2차로,1,국민연금 가입 사업장 내역 2026-07,2026-07,2016,
x0867,다온이엔지,산단 외,북구,,,기타 엔지니어링 서비스업,기타 서비스,,10~49명,13,,,,대구광역시 북구 유통단지로,1,국민연금 가입 사업장 내역 2026-07,2026-07,2016,
x0868,채비(주),산단 외,수성구,,,배전반 및 전기 자동제어반 제조업,전기·전자,,300명 이상,359,,,,대구광역시 수성구 알파시티1로31길,1,국민연금 가입 사업장 내역 2026-07,2026-07,2016,
x0869,주식회사 아리온,산단 외,수성구,,,산업용 로봇 제조업,로봇,,10~49명,25,,,,대구광역시 수성구 알파시티1로42길,1,국민연금 가입 사업장 내역 2026-07,2026-07,2016,
x0870,주식회사 이에이지,산단 외,중구,,,응용 소프트웨어 개발 및 공급업,소프트웨어·IT,,1~9명,4,,,,대구광역시 중구 태평로,1,국민연금 가입 사업장 내역 2026-07,2026-07,2016,
x0871,주식회사나눔시큐어,산단 외,동구,,,컴퓨터 시스템 통합 자문 및 구축 서비스업,소프트웨어·IT,,10~49명,25,,,,대구광역시 동구 안심로,1,국민연금 가입 사업장 내역 2026-07,2026-07,2016,
x0872,(주)아인블루인더스트리,산단 외,서구,,,화학섬유직물 직조업,섬유·패션,,1~9명,3,,,,대구광역시 서구 와룡로97길,1,국민연금 가입 사업장 내역 2026-07,2026-07,2016,
x0873,(주)모다이노칩대구점,산단 외,달서구,,,그 외 기타 고무제품 제조업,화학·에너지,,10~49명,10,,,,대구광역시 달서구 달서대로,1,국민연금 가입 사업장 내역 2026-07,2026-07,2016,
x0874,(주)씨에이치소프트,산단 외,수성구,,,응용 소프트웨어 개발 및 공급업,소프트웨어·IT,,1~9명,4,,,,대구광역시 수성구 알파시티1로42길,1,국민연금 가입 사업장 내역 2026-07,2026-07,2016,
x0875,주식회사디비씽크,산단 외,동구,,,응용 소프트웨어 개발 및 공급업,소프트웨어·IT,,1~9명,6,,,,대구광역시 동구 팔공로,1,국민연금 가입 사업장 내역 2026-07,2026-07,2016,
x0876,주식회사 금백테크,산단 외,달성군,,,금속류 원료 재생업,기계·금속,,1~9명,3,,,,대구광역시 달성군 논공읍 비슬로264길,1,국민연금 가입 사업장 내역 2026-07,2026-07,2016,
x0877,주식회사 광동,산단 외,서구,,,연사 및 가공사 제조업 / 특수직물 및 기타 직물 직조,섬유·패션,,1~9명,5,,,,대구광역시 서구 국채보상로,1,국민연금 가입 사업장 내역 2026-07,2026-07,2016,
x0878,뮤페라푸드,산단 외,달성군,,,기타 곡물 가공품 제조업,기계·금속,,10~49명,10,,,,대구광역시 달성군 옥포읍 교항4길,1,국민연금 가입 사업장 내역 2026-07,2026-07,2016,
x0879,(주)엠제이비전테크,산단 외,중구,,,컴퓨터 및 주변장치  소프트웨어 도매업,소프트웨어·IT,,10~49명,19,,,,대구광역시 중구 국채보상로,1,국민연금 가입 사업장 내역 2026-07,2026-07,2016,
x0880,아날로그디자인주식회사,산단 외,수성구,,,산업 처리공정 제어장비 제조업,기계·금속,,1~9명,6,,,,대구광역시 수성구 알파시티1로,1,국민연금 가입 사업장 내역 2026-07,2026-07,2016,
x0881,주식회사비에이치디,산단 외,남구,,,컴퓨터 및 주변장치  소프트웨어 도매업,소프트웨어·IT,,1~9명,6,,,,대구광역시 남구 봉덕초등길,1,국민연금 가입 사업장 내역 2026-07,2026-07,2016,
x0882,늘찬푸드주식회사,산단 외,북구,,,육류 도축업(가금류 제외),식품,,1~9명,4,,,,대구광역시 북구 동변로24길,1,국민연금 가입 사업장 내역 2026-07,2026-07,2016,
x0883,(주)쓰리에프팩토리,산단 외,북구,,,응용 소프트웨어 개발 및 공급업,소프트웨어·IT,,1~9명,5,,,,대구광역시 북구 호암로,1,국민연금 가입 사업장 내역 2026-07,2026-07,2016,
x0884,아이티스코(ITSCO),산단 외,수성구,,,응용 소프트웨어 개발 및 공급업,소프트웨어·IT,,10~49명,18,,,,대구광역시 수성구 시지로,1,국민연금 가입 사업장 내역 2026-07,2026-07,2016,
x0885,주식회사 악서덴탈,산단 외,동구,,,그 외 기타 의료용 기기 제조업,의료·바이오,,1~9명,5,,,,대구광역시 동구 이노밸리로,1,국민연금 가입 사업장 내역 2026-07,2026-07,2016,
x0886,주식회사 동극아이엔씨,산단 외,서구,,,화학섬유직물 직조업,섬유·패션,,1~9명,7,,,,대구광역시 서구 새방로27길,1,국민연금 가입 사업장 내역 2026-07,2026-07,2016,
x0887,(주)동훈텍스,산단 외,서구,,,침구 및 관련제품 제조업,기타 제조,,1~9명,9,,,,대구광역시 서구 문화로,1,국민연금 가입 사업장 내역 2026-07,2026-07,2016,
x0888,(주)엔디에스원,산단 외,달성군,,,금속 문  창  셔터 및 관련제품 제조업,기계·금속,,10~49명,20,,,,대구광역시 달성군 논공읍 삼리1길,1,국민연금 가입 사업장 내역 2026-07,2026-07,2016,
x0889,(주)올바른이엔씨,산단 외,수성구,,,그 외 기타 분류 안된 금속 가공제품 제조업,기계·금속,,10~49명,11,,,,대구광역시 수성구 동대구로,1,국민연금 가입 사업장 내역 2026-07,2026-07,2016,
x0890,대구수산협동조합,산단 외,북구,,,수산동물 건조 및 염장품 제조업,기타 제조,,1~9명,5,,,,대구광역시 북구 동북로,1,국민연금 가입 사업장 내역 2026-07,2026-07,2016,
x0891,(주)가람엔지니어링건축사사무소,산단 외,군위군,,,기타 엔지니어링 서비스업,기타 서비스,,10~49명,37,,,,대구광역시 군위군 군위읍 경북대로,1,국민연금 가입 사업장 내역 2026-07,2026-07,2016,
x0892,주식회사 유니와이드테크놀러지,산단 외,수성구,,,응용 소프트웨어 개발 및 공급업,소프트웨어·IT,,1~9명,6,,,,대구광역시 수성구 알파시티1로31길,1,국민연금 가입 사업장 내역 2026-07,2026-07,2016,
x0893,(주)모던라이팅,산단 외,달서구,,,일반용 전기 조명장치 제조업,전기·전자,,1~9명,4,,,,대구광역시 달서구 두류6길,1,국민연금 가입 사업장 내역 2026-07,2026-07,2016,
x0894,(주)보노텍스(Vono-TexCo .Ltd),산단 외,달서구,,,화학섬유 방적업,섬유·패션,,1~9명,8,,,,대구광역시 달서구 조암로,1,국민연금 가입 사업장 내역 2026-07,2026-07,2016,
x0895,주식회사준석신호,산단 외,달서구,,,일반용 전기 조명장치 제조업,전기·전자,,1~9명,8,,,,대구광역시 달서구 갈밭로4길,1,국민연금 가입 사업장 내역 2026-07,2026-07,2016,
x0896,코드마인드 주식회사,산단 외,수성구,,,응용 소프트웨어 개발 및 공급업,소프트웨어·IT,,10~49명,33,,,,대구광역시 수성구 알파시티1로42길,1,국민연금 가입 사업장 내역 2026-07,2026-07,2016,
x0897,주식회사케이아이오티(KIOT),산단 외,북구,,,데이터베이스 및 온라인 정보 제공업,소프트웨어·IT,,10~49명,17,,,,대구광역시 북구 대학로,1,국민연금 가입 사업장 내역 2026-07,2026-07,2016,
x0898,주식회사시소이드,산단 외,수성구,,,응용 소프트웨어 개발 및 공급업,소프트웨어·IT,,1~9명,8,,,,대구광역시 수성구 들안로40안길,1,국민연금 가입 사업장 내역 2026-07,2026-07,2016,
x0899,(주)한솔안전,산단 외,수성구,,,어망 및 기타 끈 가공품 제조업,기계·금속,,1~9명,5,,,,대구광역시 수성구 알파시티1로,1,국민연금 가입 사업장 내역 2026-07,2026-07,2016,
x0900,(주)이룸커뮤니티,산단 외,달서구,,,응용 소프트웨어 개발 및 공급업,소프트웨어·IT,,1~9명,6,,,,대구광역시 달서구 중흥로,1,국민연금 가입 사업장 내역 2026-07,2026-07,2016,
x0901,(주)더블유비에스(WBS),산단 외,서구,,,응용 소프트웨어 개발 및 공급업,소프트웨어·IT,,10~49명,22,,,,대구광역시 서구 와룡로66길,1,국민연금 가입 사업장 내역 2026-07,2026-07,2016,
x0902,주식회사삼덕본타일,산단 외,동구,,,설치용 및 위생용 플라스틱제품 제조업,화학·에너지,,1~9명,6,,,,대구광역시 동구 화랑로93길,1,국민연금 가입 사업장 내역 2026-07,2026-07,2016,
x0903,(주)경대푸드,산단 외,동구,,,가금류 가공 및 저장 처리업 / 육류 포장육 및 냉동육,식품,,1~9명,9,,,,대구광역시 동구 안심로43길,1,국민연금 가입 사업장 내역 2026-07,2026-07,2016,
x0904,(주)누리엔지니어링,산단 외,달서구,,,기타 엔지니어링 서비스업,기타 서비스,,1~9명,5,,,,대구광역시 달서구 야외음악당로53길,1,국민연금 가입 사업장 내역 2026-07,2026-07,2016,
x0905,반석보호작업장,산단 외,북구,,,기타 편조 의복 액세서리 제조업,섬유·패션,,10~49명,21,,,,대구광역시 북구 검단동로4길,1,국민연금 가입 사업장 내역 2026-07,2026-07,2016,
x0906,큐스타주식회사,산단 외,북구,,,산업 처리공정 제어장비 제조업,기계·금속,,1~9명,4,,,,대구광역시 북구 유통단지로,1,국민연금 가입 사업장 내역 2026-07,2026-07,2016,
x0907,주식회사캐디언스시스템대구,산단 외,달서구,,,응용 소프트웨어 개발 및 공급업,소프트웨어·IT,,1~9명,7,,,,대구광역시 달서구 성서공단로11길,1,국민연금 가입 사업장 내역 2026-07,2026-07,2016,
x0908,경북대학교미생물연구소,산단 외,북구,,,기타 인문 및 사회과학 연구개발업,기타 서비스,,1~9명,7,,,,대구광역시 북구 대학로,1,국민연금 가입 사업장 내역 2026-07,2026-07,2016,
x0909,(주)성일,산단 외,달성군,,,플라스틱 합성피혁 제조업,화학·에너지,,1~9명,7,,,,대구광역시 달성군 논공읍 논공로69길,1,국민연금 가입 사업장 내역 2026-07,2026-07,2016,
x0910,주식회사윈데코,산단 외,서구,,,직물  편조 원단 및 의복류 염색 가공업,섬유·패션,,1~9명,3,,,,대구광역시 서구 문화로,1,국민연금 가입 사업장 내역 2026-07,2026-07,2016,
x0911,주식회사 누비테크,산단 외,달성군,,,비디오 및 기타 영상 기기 제조업,기타 제조,,10~49명,11,,,,대구광역시 달성군 하빈면 하산길,1,국민연금 가입 사업장 내역 2026-07,2026-07,2016,
x0912,주식회사비섬아이앤씨,산단 외,중구,,,응용 소프트웨어 개발 및 공급업,소프트웨어·IT,,10~49명,16,,,,대구광역시 중구 태평로,1,국민연금 가입 사업장 내역 2026-07,2026-07,2016,
x0913,주식회사맛잽이식품,산단 외,동구,,,가금류 가공 및 저장 처리업,기계·금속,,10~49명,14,,,,대구광역시 동구 화랑로108길,1,국민연금 가입 사업장 내역 2026-07,2026-07,2016,
x0914,(주)라임컴퍼니,산단 외,서구,,,그 외 기타 분류 안된 섬유제품 제조업,섬유·패션,,10~49명,17,,,,대구광역시 서구 팔달로2길,1,국민연금 가입 사업장 내역 2026-07,2026-07,2016,
x0915,주식회사건우정공,산단 외,달서구,,,산업용 냉장 및 냉동장비 제조업,기계·금속,,1~9명,5,,,,대구광역시 달서구 성서로5길,1,국민연금 가입 사업장 내역 2026-07,2026-07,2016,
x0916,주식회사 컴엔시,산단 외,중구,,,스크린 인쇄업,기타 제조,,10~49명,13,,,,대구광역시 중구 종로,1,국민연금 가입 사업장 내역 2026-07,2026-07,2016,
x0917,JS전장시스템,산단 외,달성군,,,그 외 자동차용 신품 부품 제조업,자동차·부품,,10~49명,15,,,,대구광역시 달성군 현풍읍 테크노대로2길,1,국민연금 가입 사업장 내역 2026-07,2026-07,2016,
x0918,(주)허그앤에스,산단 외,서구,,,직물  편조 원단 및 의복류 염색 가공업,섬유·패션,,10~49명,41,,,,대구광역시 서구 염색공단중앙로,1,국민연금 가입 사업장 내역 2026-07,2026-07,2017,
x0919,주식회사제이케이씨통상,산단 외,서구,,,화학섬유직물 직조업,섬유·패션,,1~9명,5,,,,대구광역시 서구 와룡로84길,1,국민연금 가입 사업장 내역 2026-07,2026-07,2017,
x0920,주식회사제이컴인터내셔널(JcominternationalCo. Ltd),산단 외,수성구,,,가죽의복 제조업,섬유·패션,,10~49명,34,,,,대구광역시 수성구 동대구로,1,국민연금 가입 사업장 내역 2026-07,2026-07,2017,
x0921,주식회사일손,산단 외,달성군,,,절삭 가공 및 유사 처리업,기계·금속,,1~9명,7,,,,대구광역시 달성군 논공읍 논공중앙로,1,국민연금 가입 사업장 내역 2026-07,2026-07,2016,
x0922,삼정식품,산단 외,북구,,,천연 및 혼합 조제 조미료 제조업,식품,,10~49명,16,,,,대구광역시 북구 침산남로,1,국민연금 가입 사업장 내역 2026-07,2026-07,2016,
x0923,비앤오공(BN50),산단 외,달서구,,,정형 외과용 및 신체 보정용 기기 제조업,기타 제조,,10~49명,16,,,,대구광역시 달서구 월배로,1,국민연금 가입 사업장 내역 2026-07,2026-07,2016,
x0924,주식회사에스엘비메탈(S.L.B.METAL.CO.LTD),산단 외,달성군,,,산업용 냉장 및 냉동장비 제조업,기계·금속,,10~49명,31,,,,대구광역시 달성군 논공읍 비슬로,1,국민연금 가입 사업장 내역 2026-07,2026-07,2017,
x0925,포스트엠비(주),산단 외,북구,,,철도 차량 부품 및 관련 장치물 제조업,자동차·부품,,1~9명,4,,,,대구광역시 북구 동북로,1,국민연금 가입 사업장 내역 2026-07,2026-07,2017,
x0926,주식회사효신,산단 외,달성군,,,침구 및 관련제품 제조업,기타 제조,,1~9명,6,,,,대구광역시 달성군 다사읍 세천본길,1,국민연금 가입 사업장 내역 2026-07,2026-07,2017,
x0927,(주)지에이치비젼,산단 외,달성군,,,금속류 원료 재생업,기계·금속,,10~49명,13,,,,대구광역시 달성군 옥포읍 원전길,1,국민연금 가입 사업장 내역 2026-07,2026-07,2017,
x0928,에스엔피(SNP),산단 외,달서구,,,일반 철물 제조업,기타 제조,,10~49명,11,,,,대구광역시 달서구 성서로5길,1,국민연금 가입 사업장 내역 2026-07,2026-07,2017,
x0929,(주)지산자동차검사정비,산단 외,수성구,,,자동차 종합 수리업,자동차·부품,,1~9명,9,,,,대구광역시 수성구 청호로,1,국민연금 가입 사업장 내역 2026-07,2026-07,2017,
x0930,대한민국1등축산물도매시장주식회사,산단 외,동구,,,가금류 가공 및 저장 처리업,기계·금속,,1~9명,3,,,,대구광역시 동구 율하동로,1,국민연금 가입 사업장 내역 2026-07,2026-07,2017,
x0931,(주)플레이트,산단 외,서구,,,화학섬유직물 직조업,섬유·패션,,10~49명,11,,,,대구광역시 서구 국채보상로,1,국민연금 가입 사업장 내역 2026-07,2026-07,2017,
x0932,(주)유닛셀,산단 외,달성군,,,기타 엔지니어링 서비스업,기타 서비스,,10~49명,20,,,,대구광역시 달성군 옥포읍 비슬로432길,1,국민연금 가입 사업장 내역 2026-07,2026-07,2016,
x0933,주식회사 더 신전,산단 외,북구,,,천연 및 혼합 조제 조미료 제조업,식품,,10~49명,36,,,,대구광역시 북구 관음로,1,국민연금 가입 사업장 내역 2026-07,2026-07,2017,
x0934,닥터드마겔(주),산단 외,중구,,,화장품 제조업,화학·에너지,,10~49명,13,,,,대구광역시 중구 동덕로,1,국민연금 가입 사업장 내역 2026-07,2026-07,2017,
x0935,주식회사제라산업,산단 외,북구,,,가정용 비전기식 조리 및 난방 기구 제조업,전기·전자,,1~9명,3,,,,대구광역시 북구 대불로,1,국민연금 가입 사업장 내역 2026-07,2026-07,2017,
x0936,주식회사알파테크닉스,산단 외,북구,,,기타 물품 취급장비 제조업,기계·금속,,1~9명,7,,,,대구광역시 북구 망월길,1,국민연금 가입 사업장 내역 2026-07,2026-07,2017,
x0937,에스파스,산단 외,중구,,,떡류 제조업,식품,,10~49명,10,,,,대구광역시 중구 국채보상로,1,국민연금 가입 사업장 내역 2026-07,2026-07,2017,
x0938,주식회사 쓰리아이,산단 외,동구,,,응용 소프트웨어 개발 및 공급업,소프트웨어·IT,,10~49명,42,,,,대구광역시 동구 동대구로,1,국민연금 가입 사업장 내역 2026-07,2026-07,2017,
x0939,유일텍주식회사,산단 외,서구,,,금속 절삭기계 제조업,기계·금속,,1~9명,4,,,,대구광역시 서구 국채보상로20길,1,국민연금 가입 사업장 내역 2026-07,2026-07,2017,
x0940,(주)어반아일랜드,산단 외,동구,,,가죽의복 제조업,섬유·패션,,1~9명,5,,,,대구광역시 동구 방촌로15길,1,국민연금 가입 사업장 내역 2026-07,2026-07,2017,
x0941,주식회사플비,산단 외,수성구,,,데이터베이스 및 온라인 정보 제공업,소프트웨어·IT,,1~9명,6,,,,대구광역시 수성구 들안로67길,1,국민연금 가입 사업장 내역 2026-07,2026-07,2017,
x0942,스시아리(SUSHIARI),산단 외,동구,,,간이 음식 포장 판매 전문점,기타 제조,,10~49명,11,,,,대구광역시 동구 동부로,1,국민연금 가입 사업장 내역 2026-07,2026-07,2016,
x0943,주식회사농업회사법인달성축산,산단 외,달성군,,,가금류 가공 및 저장 처리업,기계·금속,,10~49명,11,,,,대구광역시 달성군 논공읍 노이2길,1,국민연금 가입 사업장 내역 2026-07,2026-07,2017,
x0944,주식회사케이투전력,산단 외,북구,,,태양력 발전업,화학·에너지,,1~9명,3,,,,대구광역시 북구 장태실2길,1,국민연금 가입 사업장 내역 2026-07,2026-07,2017,
x0945,남대구서비스,산단 외,달서구,,,그 외 자동차용 신품 부품 제조업,자동차·부품,,10~49명,17,,,,대구광역시 달서구 성서공단로61길,1,국민연금 가입 사업장 내역 2026-07,2026-07,2017,
x0946,옥천당 공동탕전실,산단 외,동구,,,한의약품 제조업,의료·바이오,,50~299명,138,,,,대구광역시 동구 율암로,1,국민연금 가입 사업장 내역 2026-07,2026-07,2017,
x0947,케이피테크주식회사,산단 외,달서구,,,그 외 자동차용 신품 부품 제조업,자동차·부품,,10~49명,11,,,,대구광역시 달서구 달서대로88길,1,국민연금 가입 사업장 내역 2026-07,2026-07,2017,
x0948,주식회사보네브,산단 외,서구,,,침구 및 관련제품 제조업,기타 제조,,10~49명,14,,,,대구광역시 서구 와룡로66길,1,국민연금 가입 사업장 내역 2026-07,2026-07,2017,
x0949,주식회사릴리커버,산단 외,수성구,,,기타 엔지니어링 서비스업,기타 서비스,,10~49명,18,,,,대구광역시 수성구 알파시티1로35길,1,국민연금 가입 사업장 내역 2026-07,2026-07,2017,
x0950,주식회사투비에스,산단 외,서구,,,인쇄 및 제책용 기계 제조업,기계·금속,,10~49명,14,,,,대구광역시 서구 염색공단천로16길,1,국민연금 가입 사업장 내역 2026-07,2026-07,2017,
x0951,주식회사오토카피,산단 외,북구,,,산업용 냉장 및 냉동장비 제조업,기계·금속,,1~9명,5,,,,대구광역시 북구 연암로22길,1,국민연금 가입 사업장 내역 2026-07,2026-07,2017,
x0952,주식회사다은소프트,산단 외,서구,,,컴퓨터 제조업,기타 제조,,1~9명,5,,,,대구광역시 서구 달구벌대로,1,국민연금 가입 사업장 내역 2026-07,2026-07,2017,
x0953,주식회사지엔에스모바일언스,산단 외,달서구,,,유선 통신장비 제조업,전기·전자,,1~9명,5,,,,대구광역시 달서구 달서대로,1,국민연금 가입 사업장 내역 2026-07,2026-07,2017,
x0954,(주)온샘코리아,산단 외,서구,,,자수제품 및 자수용 재료 제조업,섬유·패션,,10~49명,18,,,,대구광역시 서구 와룡로72길,1,국민연금 가입 사업장 내역 2026-07,2026-07,2017,
x0955,(주)카택스,산단 외,달서구,,,컴퓨터 시스템 통합 자문 및 구축 서비스업,소프트웨어·IT,,1~9명,9,,,,대구광역시 달서구 중흥로,1,국민연금 가입 사업장 내역 2026-07,2026-07,2017,
x0956,주식회사제로나이트,산단 외,달서구,,,솜 및 실 염색 가공업 / 직물  편조 원단 및 의복류,섬유·패션,,1~9명,5,,,,대구광역시 달서구 달구벌대로260길,1,국민연금 가입 사업장 내역 2026-07,2026-07,2017,
x0957,주식회사 애드온소프트,산단 외,수성구,,,응용 소프트웨어 개발 및 공급업,소프트웨어·IT,,1~9명,8,,,,대구광역시 수성구 알파시티1로,1,국민연금 가입 사업장 내역 2026-07,2026-07,2017,
x0958,주식회사에너벤,산단 외,달서구,,,배전반 및 전기 자동제어반 제조업,전기·전자,,1~9명,4,,,,대구광역시 달서구 호산동로,1,국민연금 가입 사업장 내역 2026-07,2026-07,2017,
x0959,주식회사엠픽,산단 외,수성구,,,그 외 기타 의복 액세서리 제조업,섬유·패션,,10~49명,19,,,,대구광역시 수성구 희망로,1,국민연금 가입 사업장 내역 2026-07,2026-07,2017,
x0960,강진기업,산단 외,달성군,,,그 외 자동차용 신품 부품 제조업,자동차·부품,,10~49명,28,,,,대구광역시 달성군 구지면,1,국민연금 가입 사업장 내역 2026-07,2026-07,2017,
x0961,주식회사 이지,산단 외,북구,,,생물 살균ㆍ살충제 및 식물보호제 제조업,기타 제조,,1~9명,4,,,,대구광역시 북구 호국로51길,1,국민연금 가입 사업장 내역 2026-07,2026-07,2017,
x0962,주식회사디에스티티,산단 외,달서구,,,산업용 로봇 제조업,로봇,,1~9명,4,,,,대구광역시 달서구 성서공단로11길,1,국민연금 가입 사업장 내역 2026-07,2026-07,2017,
x0963,주식회사엔오에스,산단 외,달성군,,,그 외 자동차용 신품 부품 제조업,자동차·부품,,1~9명,3,,,,대구광역시 달성군 논공읍 금포로,1,국민연금 가입 사업장 내역 2026-07,2026-07,2017,
x0964,(주)에이치씨엠,산단 외,중구,,,응용 소프트웨어 개발 및 공급업,소프트웨어·IT,,10~49명,12,,,,대구광역시 중구 대봉로,1,국민연금 가입 사업장 내역 2026-07,2026-07,2017,
x0965,대신기업(주)군위영천지점,산단 외,군위군,,,간이 음식 포장 판매 전문점,기타 제조,,10~49명,13,,,,대구광역시 군위군 산성면 치산효령로,1,국민연금 가입 사업장 내역 2026-07,2026-07,2017,
x0966,탑스탬프주식회사,산단 외,남구,,,사무 및 회화용품 제조업,기타 제조,,1~9명,5,,,,대구광역시 남구 두류공원로20길,1,국민연금 가입 사업장 내역 2026-07,2026-07,2017,
x0967,(주)한울시스템,산단 외,달성군,,,동력식 수지 공구 제조업,화학·에너지,,10~49명,11,,,,대구광역시 달성군 다사읍 세천본4길,1,국민연금 가입 사업장 내역 2026-07,2026-07,2017,
x0968,주식회사하이얀,산단 외,서구,,,가전제품 수리업,기계·금속,,1~9명,3,,,,대구광역시 서구 달서천로,1,국민연금 가입 사업장 내역 2026-07,2026-07,2017,
x0969,주식회사제이피아이,산단 외,달성군,,,컴퓨터 및 주변장치  소프트웨어 도매업,소프트웨어·IT,,10~49명,17,,,,대구광역시 달성군 논공읍 달성군청로4길,1,국민연금 가입 사업장 내역 2026-07,2026-07,2017,
x0970,(주)넥스트도어,산단 외,달성군,,,응용 소프트웨어 개발 및 공급업,소프트웨어·IT,,1~9명,6,,,,대구광역시 달성군 유가읍 테크노남로,1,국민연금 가입 사업장 내역 2026-07,2026-07,2017,
x0971,주식회사 도구로보틱스,산단 외,북구,,,응용 소프트웨어 개발 및 공급업,소프트웨어·IT,,50~299명,56,,,,대구광역시 북구 노원로,1,국민연금 가입 사업장 내역 2026-07,2026-07,2017,
x0972,주식회사제이앤제이네트웍스,산단 외,수성구,,,패션  섬유류 및 기타 전문 디자인업,섬유·패션,,1~9명,5,,,,대구광역시 수성구 달구벌대로651길,1,국민연금 가입 사업장 내역 2026-07,2026-07,2017,
x0973,주식회사수영이앤씨건축사사무소,산단 외,동구,,,건물 및 토목 엔지니어링 서비스업(기술사),기타 서비스,,10~49명,13,,,,대구광역시 동구 송라로,1,국민연금 가입 사업장 내역 2026-07,2026-07,2017,
x0974,디케이메디,산단 외,수성구,,,서적외판원 학습지방문판매원 화장품외판원 정수기 자,화학·에너지,,10~49명,13,,,,대구광역시 수성구 충의로,1,국민연금 가입 사업장 내역 2026-07,2026-07,2017,
x0975,(주)씨앤티,산단 외,서구,,,제조 / 산업용강화플라스틱성형제품,화학·에너지,,1~9명,3,,,,대구광역시 서구 와룡로90길,1,국민연금 가입 사업장 내역 2026-07,2026-07,2017,
x0976,(주)자임텍,산단 외,동구,,,컴퓨터 및 주변장치  소프트웨어 도매업,소프트웨어·IT,,1~9명,3,,,,대구광역시 동구 화랑로,1,국민연금 가입 사업장 내역 2026-07,2026-07,2017,
x0977,주식회사세중이엔씨,산단 외,수성구,,,건물 및 토목 엔지니어링 서비스업,기타 서비스,,1~9명,4,,,,대구광역시 수성구 알파시티2로,1,국민연금 가입 사업장 내역 2026-07,2026-07,2017,
x0978,주식회사 에이아이오투오,산단 외,북구,,,응용 소프트웨어 개발 및 공급업,소프트웨어·IT,,10~49명,17,,,,대구광역시 북구 옥산로,1,국민연금 가입 사업장 내역 2026-07,2026-07,2017,
x0979,(주)세진금속,산단 외,달성군,,,비금속류 원료 재생업,기계·금속,,1~9명,5,,,,대구광역시 달성군 논공읍 비슬로262길,1,국민연금 가입 사업장 내역 2026-07,2026-07,2017,
x0980,성보보호작업장,산단 외,북구,,,침구 및 관련제품 제조업,기타 제조,,10~49명,12,,,,대구광역시 북구 동북로71길,1,국민연금 가입 사업장 내역 2026-07,2026-07,2017,
x0981,（주）보올,산단 외,수성구,,,기타 엔지니어링 서비스업,기타 서비스,,1~9명,7,,,,대구광역시 수성구 화랑로,1,국민연금 가입 사업장 내역 2026-07,2026-07,2017,
x0982,주식회사플레이파크(PLAYPARKCo.Ltd.),산단 외,동구,,,응용 소프트웨어 개발 및 공급업,소프트웨어·IT,,1~9명,9,,,,대구광역시 동구 동대구로,1,국민연금 가입 사업장 내역 2026-07,2026-07,2017,
x0983,(주)씨에스텍대구첨복단지지점,산단 외,동구,,,전동기 및 발전기 제조업,전기·전자,,1~9명,6,,,,대구광역시 동구 매여로,1,국민연금 가입 사업장 내역 2026-07,2026-07,2017,
x0984,주식회사비피,산단 외,동구,,,응용 소프트웨어 개발 및 공급업,소프트웨어·IT,,10~49명,11,,,,대구광역시 동구 동대구로,1,국민연금 가입 사업장 내역 2026-07,2026-07,2017,
x0985,대신기업(주)삼국유사군위지점,산단 외,군위군,,,간이 음식 포장 판매 전문점,기타 제조,,10~49명,10,,,,대구광역시 군위군 부계면 치산효령로,1,국민연금 가입 사업장 내역 2026-07,2026-07,2017,
x0986,세이프시터주식회사,산단 외,달서구,,,일반 철물 제조업,기타 제조,,1~9명,3,,,,대구광역시 달서구 월배로,1,국민연금 가입 사업장 내역 2026-07,2026-07,2017,
x0987,(주)코랜,산단 외,수성구,,,시각 디자인업,기타 서비스,,1~9명,6,,,,대구광역시 수성구 동대구로6길,1,국민연금 가입 사업장 내역 2026-07,2026-07,2017,
x0988,(주)올엠소프트,산단 외,달서구,,,응용 소프트웨어 개발 및 공급업,소프트웨어·IT,,1~9명,7,,,,대구광역시 달서구 조암로,1,국민연금 가입 사업장 내역 2026-07,2026-07,2017,
x0989,티앤피주식회사(TNPlnc.),산단 외,달성군,,,비디오 및 기타 영상 기기 제조업,기타 제조,,1~9명,5,,,,대구광역시 달성군 옥포읍 신당1길,1,국민연금 가입 사업장 내역 2026-07,2026-07,2017,
x0990,주식회사 성원이앤씨,산단 외,남구,,,기타 엔지니어링 서비스업,기타 서비스,,10~49명,15,,,,대구광역시 남구 대명로,1,국민연금 가입 사업장 내역 2026-07,2026-07,2017,
x0991,에이치에스원(H.S.ONE),산단 외,달성군,,,절삭 가공 및 유사 처리업,기계·금속,,10~49명,11,,,,대구광역시 달성군 유가읍 비슬로96길,1,국민연금 가입 사업장 내역 2026-07,2026-07,2017,
x0992,주식회사 베르크,산단 외,달서구,,,스크린 인쇄업,기타 제조,,1~9명,4,,,,대구광역시 달서구 성서공단로58길,1,국민연금 가입 사업장 내역 2026-07,2026-07,2017,
x0993,클루피주식회사,산단 외,북구,,,컴퓨터 시스템 통합 자문 및 구축 서비스업,소프트웨어·IT,,1~9명,5,,,,대구광역시 북구 호암로,1,국민연금 가입 사업장 내역 2026-07,2026-07,2017,
x0994,에스제이(SJ)테크,산단 외,달서구,,,그 외 자동차용 신품 부품 제조업,자동차·부품,,10~49명,20,,,,대구광역시 달서구 성서공단로55길,1,국민연금 가입 사업장 내역 2026-07,2026-07,2017,
x0995,주식회사평산테크,산단 외,달서구,,,그 외 기타 1차 철강 제조업,기계·금속,,1~9명,9,,,,대구광역시 달서구 성서공단북로5길,1,국민연금 가입 사업장 내역 2026-07,2026-07,2017,
x0996,주식회사아스트로젠,산단 외,동구,,,기타 인문 및 사회과학 연구개발업,기타 서비스,,10~49명,36,,,,대구광역시 동구 혁신대로,1,국민연금 가입 사업장 내역 2026-07,2026-07,2017,
x0997,주식회사 마이크록스,산단 외,달서구,,,유선 통신장비 제조업,전기·전자,,1~9명,7,,,,대구광역시 달서구 중흥로,1,국민연금 가입 사업장 내역 2026-07,2026-07,2017,
x0998,크린토피아대구신평지사,산단 외,동구,,,직물  편조 원단 및 의복류 염색 가공업,섬유·패션,,10~49명,12,,,,대구광역시 동구 신평로,1,국민연금 가입 사업장 내역 2026-07,2026-07,2017,
x0999,주식회사게임코스터,산단 외,남구,,,응용 소프트웨어 개발 및 공급업,소프트웨어·IT,,1~9명,6,,,,대구광역시 남구 현충로,1,국민연금 가입 사업장 내역 2026-07,2026-07,2017,
x1000,(주)메디제이,산단 외,동구,,,기타 인문 및 사회과학 연구개발업,기타 서비스,,1~9명,4,,,,대구광역시 동구 동내로,1,국민연금 가입 사업장 내역 2026-07,2026-07,2017,
x1001,효원,산단 외,달서구,,,침구 및 관련제품 제조업,기타 제조,,10~49명,31,,,,대구광역시 달서구 성서공단로35길,1,국민연금 가입 사업장 내역 2026-07,2026-07,2017,
x1002,누베베한의원휴먼허브원외탕전실,산단 외,동구,,,한의약품 제조업,의료·바이오,,10~49명,14,,,,대구광역시 동구 율암로,1,국민연금 가입 사업장 내역 2026-07,2026-07,2017,
x1003,킴스랩 유한책임회사,산단 외,동구,,,기타 인문 및 사회과학 연구개발업,기타 서비스,,1~9명,3,,,,대구광역시 동구 첨복로,1,국민연금 가입 사업장 내역 2026-07,2026-07,2017,
x1004,태산환경(주),산단 외,달서구,,,금속류 해체 및 선별업,기계·금속,,1~9명,8,,,,대구광역시 달서구 성서로9길,1,국민연금 가입 사업장 내역 2026-07,2026-07,2017,
x1005,고성점현대자동차,산단 외,북구,,,자동차 종합 수리업,자동차·부품,,10~49명,14,,,,대구광역시 북구 옥산로,1,국민연금 가입 사업장 내역 2026-07,2026-07,2017,
x1006,테슬론주식회사(TesllonInc.),산단 외,동구,,,기타 인문 및 사회과학 연구개발업,기타 서비스,,1~9명,5,,,,대구광역시 동구 첨복로,1,국민연금 가입 사업장 내역 2026-07,2026-07,2017,
x1007,주식회사 소산이엔지,산단 외,수성구,,,기타 엔지니어링 서비스업,기타 서비스,,10~49명,13,,,,대구광역시 수성구 청수로40길,1,국민연금 가입 사업장 내역 2026-07,2026-07,2017,
x1008,(주)레이스종합정비,산단 외,동구,,,그 외 자동차용 신품 부품 제조업,자동차·부품,,10~49명,12,,,,대구광역시 동구 안심로55길,1,국민연금 가입 사업장 내역 2026-07,2026-07,2017,
x1009,주식회사 고려중건설,산단 외,달성군,,,건설장비 운영업,기계·금속,,1~9명,9,,,,대구광역시 달성군 하빈면 묘동3길,1,국민연금 가입 사업장 내역 2026-07,2026-07,2017,
x1010,주식회사동원메디텍,산단 외,동구,,,컴퓨터 및 주변장치  소프트웨어 도매업,소프트웨어·IT,,1~9명,9,,,,대구광역시 동구 메디밸리로,1,국민연금 가입 사업장 내역 2026-07,2026-07,2017,
x1011,이화텍주식회사,산단 외,달성군,,,산업용 그 외 비경화 고무제품 제조업,화학·에너지,,1~9명,5,,,,대구광역시 달성군 논공읍 논공중앙로51길,1,국민연금 가입 사업장 내역 2026-07,2026-07,2017,
x1012,(주)나우테크,산단 외,달성군,,,배전반 및 전기 자동제어반 제조업,전기·전자,,1~9명,5,,,,대구광역시 달성군 다사읍 달구벌대로,1,국민연금 가입 사업장 내역 2026-07,2026-07,2017,
x1013,세주기전주식회사,산단 외,달서구,,,배전반 및 전기 자동제어반 제조업,전기·전자,,1~9명,4,,,,대구광역시 달서구 달서대로58길,1,국민연금 가입 사업장 내역 2026-07,2026-07,2017,
x1014,한빛전기안전관리주식회사,산단 외,북구,,,기타 엔지니어링 서비스업,기타 서비스,,1~9명,5,,,,대구광역시 북구 유통단지로,1,국민연금 가입 사업장 내역 2026-07,2026-07,2018,
x1015,주식회사포원,산단 외,북구,,,응용 소프트웨어 개발 및 공급업,소프트웨어·IT,,1~9명,3,,,,대구광역시 북구 산격로10길,1,국민연금 가입 사업장 내역 2026-07,2026-07,2017,
x1016,주식회사지비소프트,산단 외,수성구,,,컴퓨터 시스템 통합 자문 및 구축 서비스업,소프트웨어·IT,,10~49명,32,,,,대구광역시 수성구 달구벌대로,1,국민연금 가입 사업장 내역 2026-07,2026-07,2017,
x1017,주식회사소네트,산단 외,달성군,,,기타 인문 및 사회과학 연구개발업,기타 서비스,,10~49명,11,,,,대구광역시 달성군 현풍읍 테크노중앙대로,1,국민연금 가입 사업장 내역 2026-07,2026-07,2017,
x1018,에이스인터내셔날주식회사,산단 외,서구,,,솜 및 실 염색 가공업 / 직물  편조 원단 및 의복류,섬유·패션,,1~9명,3,,,,대구광역시 서구 국채보상로6길,1,국민연금 가입 사업장 내역 2026-07,2026-07,2018,
x1019,주식회사청이엔지,산단 외,중구,,,기타 엔지니어링 서비스업,기타 서비스,,1~9명,7,,,,대구광역시 중구 국채보상로,1,국민연금 가입 사업장 내역 2026-07,2026-07,2018,
x1020,주식회사지앤아이시스템즈,산단 외,북구,,,응용 소프트웨어 개발 및 공급업,소프트웨어·IT,,1~9명,5,,,,대구광역시 북구 경대로17길,1,국민연금 가입 사업장 내역 2026-07,2026-07,2018,
x1021,주식회사낸드소프트,산단 외,동구,,,응용 소프트웨어 개발 및 공급업,소프트웨어·IT,,10~49명,17,,,,대구광역시 동구 메디밸리로,1,국민연금 가입 사업장 내역 2026-07,2026-07,2018,
x1022,대구수성구지역자활센터(자활근로),산단 외,수성구,,,직물  편조 원단 및 의복류 염색 가공업,섬유·패션,,50~299명,68,,,,대구광역시 수성구 범안로,1,국민연금 가입 사업장 내역 2026-07,2026-07,2018,
x1023,주식회사다온정보,산단 외,달성군,,,컴퓨터 및 주변장치  소프트웨어 도매업,소프트웨어·IT,,1~9명,7,,,,대구광역시 달성군 화원읍 화원로7길,1,국민연금 가입 사업장 내역 2026-07,2026-07,2018,
x1024,주식회사지원산업,산단 외,달성군,,,골판지 제조업,기타 제조,,10~49명,20,,,,대구광역시 달성군 유가읍 용금공단길,1,국민연금 가입 사업장 내역 2026-07,2026-07,2017,
x1025,(주)임펄스,산단 외,달서구,,,분말 야금제품 제조업,기타 제조,,1~9명,4,,,,대구광역시 달서구 성서공단남로32길,1,국민연금 가입 사업장 내역 2026-07,2026-07,2018,
x1026,태성케미칼주식회사,산단 외,달서구,,,치약  비누 및 기타 세제 제조업,기타 제조,,1~9명,5,,,,대구광역시 달서구 성서로,1,국민연금 가입 사업장 내역 2026-07,2026-07,2018,
x1027,비슬산 주식회사 농업회사법인,산단 외,달성군,,,곡물 도정업,식품,,1~9명,3,,,,대구광역시 달성군 구지면 구지동로,1,국민연금 가입 사업장 내역 2026-07,2026-07,2018,
x1028,아케이드소프트 유한책임회사,산단 외,북구,,,응용 소프트웨어 개발 및 공급업,소프트웨어·IT,,1~9명,3,,,,대구광역시 북구 대현남로,1,국민연금 가입 사업장 내역 2026-07,2026-07,2018,
x1029,복만네주식회사,산단 외,남구,,,면류  마카로니 및 유사 식품 제조업,식품,,10~49명,21,,,,대구광역시 남구 대명로,1,국민연금 가입 사업장 내역 2026-07,2026-07,2018,
x1030,브이메이커 주식회사,산단 외,서구,,,기타 주변 기기 제조업,기타 제조,,1~9명,6,,,,대구광역시 서구 와룡로,1,국민연금 가입 사업장 내역 2026-07,2026-07,2018,
x1031,주식회사은마중공업,산단 외,달성군,,,강 주물 주조업,기계·금속,,1~9명,3,,,,대구광역시 달성군 하빈면 하빈남로77길,1,국민연금 가입 사업장 내역 2026-07,2026-07,2018,
x1032,주식회사삼우레이저,산단 외,북구,,,분말 야금제품 제조업,기타 제조,,1~9명,5,,,,대구광역시 북구 3공단로,1,국민연금 가입 사업장 내역 2026-07,2026-07,2018,
x1033,주식회사태양광학,산단 외,북구,,,안경 및 안경렌즈 제조업,의료·바이오,,1~9명,7,,,,대구광역시 북구 노원로,1,국민연금 가입 사업장 내역 2026-07,2026-07,2018,
x1034,주식회사미래이앤이(미래E&E),산단 외,달서구,,,기타 엔지니어링 서비스업,기타 서비스,,10~49명,12,,,,대구광역시 달서구 달서대로,1,국민연금 가입 사업장 내역 2026-07,2026-07,2018,
x1035,에스디엔지니어링주식회사,산단 외,서구,,,기타 엔지니어링 서비스업,기타 서비스,,1~9명,4,,,,대구광역시 서구 염색공단천로4길,1,국민연금 가입 사업장 내역 2026-07,2026-07,2018,
x1036,주식회사디오클린산업,산단 외,동구,,,산업용 냉장 및 냉동장비 제조업,기계·금속,,1~9명,3,,,,대구광역시 동구 팔공로26길,1,국민연금 가입 사업장 내역 2026-07,2026-07,2018,
x1037,주식회사이브이시프라자,산단 외,서구,,,축전지 제조업,기타 제조,,1~9명,9,,,,대구광역시 서구 국채보상로49길,1,국민연금 가입 사업장 내역 2026-07,2026-07,2018,
x1038,(주)디에스인터내쇼날,산단 외,서구,,,침구 및 관련제품 제조업,기타 제조,,1~9명,3,,,,대구광역시 서구 문화로23길,1,국민연금 가입 사업장 내역 2026-07,2026-07,2018,
x1039,주식회사디엔에스티,산단 외,북구,,,금속 절삭기계 제조업,기계·금속,,1~9명,3,,,,대구광역시 북구 조야로14길,1,국민연금 가입 사업장 내역 2026-07,2026-07,2018,
x1040,주식회사동림에프에이,산단 외,달성군,,,배전반 및 전기 자동제어반 제조업,전기·전자,,1~9명,3,,,,대구광역시 달성군 다사읍 세천북로14길,1,국민연금 가입 사업장 내역 2026-07,2026-07,2018,
x1041,주식회사 드림아이디어소프트,산단 외,동구,,,유선 온라인 게임 소프트웨어 개발 및 공급업,소프트웨어·IT,,10~49명,24,,,,대구광역시 동구 동대구로,1,국민연금 가입 사업장 내역 2026-07,2026-07,2018,
x1042,저스트랩스 주식회사 (Just Labs inc.),산단 외,중구,,,응용 소프트웨어 개발 및 공급업,소프트웨어·IT,,1~9명,3,,,,대구광역시 중구 태평로,1,국민연금 가입 사업장 내역 2026-07,2026-07,2018,
x1043,주식회사 지엘,산단 외,달서구,,,위생용 종이제품 제조업,기타 제조,,1~9명,9,,,,대구광역시 달서구 성서로,1,국민연금 가입 사업장 내역 2026-07,2026-07,2018,
x1044,주식회사 에스엠구조,산단 외,동구,,,기타 엔지니어링 서비스업,기타 서비스,,10~49명,11,,,,대구광역시 동구 이노밸리로26길,1,국민연금 가입 사업장 내역 2026-07,2026-07,2018,
x1045,주식회사일진1급자동차정비,산단 외,동구,,,자동차 종합 수리업,자동차·부품,,1~9명,9,,,,대구광역시 동구 안심로55길,1,국민연금 가입 사업장 내역 2026-07,2026-07,2018,
x1046,주식회사길벗,산단 외,수성구,,,기타 엔지니어링 서비스업,기타 서비스,,1~9명,6,,,,대구광역시 수성구 범어천로,1,국민연금 가입 사업장 내역 2026-07,2026-07,2018,
x1047,주식회사디지트랙,산단 외,달성군,,,컴퓨터 프로그래밍 서비스업,소프트웨어·IT,,10~49명,19,,,,대구광역시 달성군 유가읍 테크노순환로12길,1,국민연금 가입 사업장 내역 2026-07,2026-07,2018,
x1048,주식회사 아실,산단 외,달서구,,,데이터베이스 및 온라인 정보 제공업,소프트웨어·IT,,1~9명,9,,,,대구광역시 달서구 장산남로,1,국민연금 가입 사업장 내역 2026-07,2026-07,2018,
x1049,엘에스투알(주),산단 외,남구,,,석회 및 플라스터 제조업,기타 제조,,1~9명,3,,,,대구광역시 남구 현충로,1,국민연금 가입 사업장 내역 2026-07,2026-07,2018,
x1050,주식회사대경피앤비,산단 외,달성군,,,플라스틱 선  봉  관 및 호스 제조업,화학·에너지,,10~49명,10,,,,대구광역시 달성군 논공읍 비슬로371길,1,국민연금 가입 사업장 내역 2026-07,2026-07,2018,
x1051,주식회사 하이크루,산단 외,동구,,,응용 소프트웨어 개발 및 공급업,소프트웨어·IT,,10~49명,16,,,,대구광역시 동구 첨단로,1,국민연금 가입 사업장 내역 2026-07,2026-07,2018,
x1052,주식회사미강에스엘산업,산단 외,동구,,,알루미늄 주물 주조업,기계·금속,,1~9명,7,,,,대구광역시 동구 동호로3길,1,국민연금 가입 사업장 내역 2026-07,2026-07,2018,
x1053,주식회사디피제이,산단 외,북구,,,시각 디자인업,기타 서비스,,1~9명,5,,,,대구광역시 북구 호암로,1,국민연금 가입 사업장 내역 2026-07,2026-07,2018,
x1054,경북재향군인회각산동지점,산단 외,동구,,,비금속류 원료 재생업,기계·금속,,1~9명,3,,,,대구광역시 동구 안심로65길,1,국민연금 가입 사업장 내역 2026-07,2026-07,2018,
x1055,주식회사 가치,산단 외,동구,,,데이터베이스 및 온라인 정보 제공업,소프트웨어·IT,,1~9명,3,,,,대구광역시 동구 팔공로47길,1,국민연금 가입 사업장 내역 2026-07,2026-07,2017,
x1056,주식회사신일이엔지,산단 외,동구,,,농업 및 임업용 기계 제조업,기계·금속,,10~49명,11,,,,대구광역시 동구 공항로47길,1,국민연금 가입 사업장 내역 2026-07,2026-07,2018,
x1057,주식회사케이오웹,산단 외,서구,,,데이터베이스 및 온라인 정보 제공업,소프트웨어·IT,,1~9명,5,,,,대구광역시 서구 와룡로,1,국민연금 가입 사업장 내역 2026-07,2026-07,2018,
x1058,주식회사엠씨에스,산단 외,수성구,,,컴퓨터 제조업,기타 제조,,1~9명,3,,,,대구광역시 수성구 알파시티1로4길,1,국민연금 가입 사업장 내역 2026-07,2026-07,2018,
x1059,아라정밀주식회사,산단 외,달성군,,,주형 및 금형 제조업,기계·금속,,1~9명,3,,,,대구광역시 달성군 논공읍 논공로71길,1,국민연금 가입 사업장 내역 2026-07,2026-07,2018,
x1060,루트텍,산단 외,달성군,,,유압 기기 제조업,기타 제조,,10~49명,18,,,,대구광역시 달성군 유가읍 테크노중앙대로,1,국민연금 가입 사업장 내역 2026-07,2026-07,2018,
x1061,주식회사라이프글라스,산단 외,북구,,,안경 및 안경렌즈 제조업,의료·바이오,,1~9명,5,,,,대구광역시 북구 오봉로6길,1,국민연금 가입 사업장 내역 2026-07,2026-07,2018,
x1062,주식회사 크레듀,산단 외,달성군,,,응용 소프트웨어 개발 및 공급업,소프트웨어·IT,,1~9명,5,,,,대구광역시 달성군 옥포읍 농공공단길,1,국민연금 가입 사업장 내역 2026-07,2026-07,2018,
x1063,주식회사하이니스,산단 외,달서구,,,그 외 기타 의료용 기기 제조업,의료·바이오,,50~299명,53,,,,대구광역시 달서구 성서공단로11길,1,국민연금 가입 사업장 내역 2026-07,2026-07,2018,
x1064,주식회사지니어,산단 외,중구,,,배전반 및 전기 자동제어반 제조업,전기·전자,,1~9명,4,,,,대구광역시 중구 남산로4길,1,국민연금 가입 사업장 내역 2026-07,2026-07,2018,
x1065,주식회사 딥비전(DIPVISION Co.  Ltd.),산단 외,동구,,,산업 처리공정 제어장비 제조업,기계·금속,,1~9명,4,,,,대구광역시 동구 신암남로28길,1,국민연금 가입 사업장 내역 2026-07,2026-07,2018,
x1066,오리텍스주식회사,산단 외,서구,,,직물  편조 원단 및 의복류 염색 가공업,섬유·패션,,1~9명,4,,,,대구광역시 서구 달서천로,1,국민연금 가입 사업장 내역 2026-07,2026-07,2018,
x1067,(주)태림기공,산단 외,북구,,,산업 처리공정 제어장비 제조업,기계·금속,,1~9명,7,,,,대구광역시 북구 팔달로7길,1,국민연금 가입 사업장 내역 2026-07,2026-07,2018,
x1068,주식회사 바스코,산단 외,중구,,,그 외 기타 분류 안된 사업 지원 서비스업(기타임가공,기계·금속,,1~9명,9,,,,대구광역시 중구 동덕로,1,국민연금 가입 사업장 내역 2026-07,2026-07,2018,
x1069,(주)보이트에어코리아,산단 외,남구,,,치약  비누 및 기타 세제 제조업,기타 제조,,1~9명,4,,,,대구광역시 남구 희망로,1,국민연금 가입 사업장 내역 2026-07,2026-07,2018,
x1070,주식회사 엔씨솔루션,산단 외,북구,,,기타 엔지니어링 서비스업,기타 서비스,,1~9명,5,,,,대구광역시 북구 유통단지로8길,1,국민연금 가입 사업장 내역 2026-07,2026-07,2018,
x1071,주식회사하나테크놀러지,산단 외,중구,,,컴퓨터 및 주변장치  소프트웨어 도매업,소프트웨어·IT,,10~49명,12,,,,대구광역시 중구 대봉로,1,국민연금 가입 사업장 내역 2026-07,2026-07,2018,
x1072,(주)대동산업,산단 외,달성군,,,그 외 자동차용 신품 부품 제조업,자동차·부품,,1~9명,3,,,,대구광역시 달성군 옥포읍 이팝나무길,1,국민연금 가입 사업장 내역 2026-07,2026-07,2018,
x1073,주식회사오토,산단 외,남구,,,응용 소프트웨어 개발 및 공급업,소프트웨어·IT,,1~9명,3,,,,대구광역시 남구 효서2길,1,국민연금 가입 사업장 내역 2026-07,2026-07,2018,
x1074,주식회사 이노리젠,산단 외,수성구,,,기타 인문 및 사회과학 연구개발업,기타 서비스,,1~9명,4,,,,대구광역시 수성구 알파시티1로31길,1,국민연금 가입 사업장 내역 2026-07,2026-07,2018,
x1075,주식회사 와이닷시엔에스,산단 외,동구,,,응용 소프트웨어 개발 및 공급업,소프트웨어·IT,,1~9명,5,,,,대구광역시 동구 이노밸리로,1,국민연금 가입 사업장 내역 2026-07,2026-07,2018,
x1076,(주)엠앤제이텍스,산단 외,달서구,,,직물  편조 원단 및 의복류 염색 가공업,섬유·패션,,1~9명,3,,,,대구광역시 달서구 성서로54길,1,국민연금 가입 사업장 내역 2026-07,2026-07,2018,
x1077,주식회사 태성솔라,산단 외,달서구,,,전동기 및 발전기 제조업,전기·전자,,1~9명,6,,,,대구광역시 달서구 상화로51안길,1,국민연금 가입 사업장 내역 2026-07,2026-07,2018,
x1078,주식회사 세이프어드바이져,산단 외,수성구,,,응용 소프트웨어 개발 및 공급업,소프트웨어·IT,,1~9명,4,,,,대구광역시 수성구 알파시티1로42길,1,국민연금 가입 사업장 내역 2026-07,2026-07,2018,
x1079,주식회사 에스이컴퍼니플러스,산단 외,달서구,,,유선 통신장비 제조업,전기·전자,,1~9명,6,,,,대구광역시 달서구 조암로,1,국민연금 가입 사업장 내역 2026-07,2026-07,2018,
x1080,주식회사 세라크래프트,산단 외,달서구,,,정형 외과용 및 신체 보정용 기기 제조업,기타 제조,,10~49명,11,,,,대구광역시 달서구 성서공단로,1,국민연금 가입 사업장 내역 2026-07,2026-07,2018,
x1081,주식회사삼소,산단 외,동구,,,그 외 자동차용 신품 부품 제조업,자동차·부품,,1~9명,4,,,,대구광역시 동구 경안로,1,국민연금 가입 사업장 내역 2026-07,2026-07,2018,
x1082,주식회사엘유엘코리아(LUL KOREA Co. Ltd.),산단 외,동구,,,모터사이클 제조업,기타 제조,,1~9명,3,,,,대구광역시 동구 동부로30길,1,국민연금 가입 사업장 내역 2026-07,2026-07,2018,
x1083,주식회사유니티,산단 외,동구,,,컴퓨터 및 주변장치  소프트웨어 도매업,소프트웨어·IT,,1~9명,7,,,,대구광역시 동구 동부로30길,1,국민연금 가입 사업장 내역 2026-07,2026-07,2018,
x1084,주식회사파이로심,산단 외,남구,,,유선 통신장비 제조업,전기·전자,,1~9명,6,,,,대구광역시 남구 대명역2길,1,국민연금 가입 사업장 내역 2026-07,2026-07,2018,
x1085,주주산업(주),산단 외,달성군,,,산업용 트럭 및 적재기 제조업,기타 제조,,10~49명,20,,,,대구광역시 달성군 논공읍 논공중앙로34길,1,국민연금 가입 사업장 내역 2026-07,2026-07,2018,
x1086,(주)혜인디엔씨,산단 외,동구,,,트레일러 및 세미 트레일러 제조업,자동차·부품,,1~9명,7,,,,대구광역시 동구 동내로,1,국민연금 가입 사업장 내역 2026-07,2026-07,2018,
x1087,주식회사유한이엔지,산단 외,북구,,,그 외 자동차용 신품 부품 제조업,자동차·부품,,1~9명,3,,,,대구광역시 북구 3공단로25길,1,국민연금 가입 사업장 내역 2026-07,2026-07,2018,
x1088,(주)나노시스대구공장,산단 외,달성군,,,그 외 기타 전자 부품 제조업,전기·전자,,50~299명,84,,,,대구광역시 달성군 논공읍 논공로,1,국민연금 가입 사업장 내역 2026-07,2026-07,2018,
x1089,(주)리얼디멘션,산단 외,북구,,,응용 소프트웨어 개발 및 공급업,소프트웨어·IT,,10~49명,15,,,,대구광역시 북구 경대로17길,1,국민연금 가입 사업장 내역 2026-07,2026-07,2018,
x1090,주식회사아진엘리베이터,산단 외,달서구,,,기타 일반 기계 및 장비 수리업,기계·금속,,10~49명,17,,,,대구광역시 달서구 와룡로,1,국민연금 가입 사업장 내역 2026-07,2026-07,2018,
x1091,주식회사 엔집,산단 외,수성구,,,응용 소프트웨어 개발 및 공급업,소프트웨어·IT,,10~49명,10,,,,대구광역시 수성구 상록로16길,1,국민연금 가입 사업장 내역 2026-07,2026-07,2018,
x1092,주식회사예일시스템,산단 외,북구,,,전자 응용 절삭기계 제조업,전기·전자,,1~9명,4,,,,대구광역시 북구 유통단지로,1,국민연금 가입 사업장 내역 2026-07,2026-07,2018,
x1093,주식회사여우,산단 외,달서구,,,응용 소프트웨어 개발 및 공급업,소프트웨어·IT,,1~9명,6,,,,대구광역시 달서구 진천로,1,국민연금 가입 사업장 내역 2026-07,2026-07,2018,
x1094,주식회사두원이엔지,산단 외,달서구,,,수동식 식품 가공 기기 및 금속 주방용기 제조업,식품,,1~9명,6,,,,대구광역시 달서구 성서로71길,1,국민연금 가입 사업장 내역 2026-07,2026-07,2018,
x1095,주식회사대림케미,산단 외,달서구,,,치약  비누 및 기타 세제 제조업,기타 제조,,1~9명,3,,,,대구광역시 달서구 달구벌대로240길,1,국민연금 가입 사업장 내역 2026-07,2026-07,2018,
x1096,주식회사 대림엔지니어링,산단 외,북구,,,기타 엔지니어링 서비스업,기타 서비스,,10~49명,25,,,,대구광역시 북구 호국로,1,국민연금 가입 사업장 내역 2026-07,2026-07,2018,
x1097,주식회사 문창산업,산단 외,동구,,,플라스틱 창호 제조업,화학·에너지,,1~9명,3,,,,대구광역시 동구 율암로,1,국민연금 가입 사업장 내역 2026-07,2026-07,2018,
x1098,주식회사세종바이오,산단 외,동구,,,치약  비누 및 기타 세제 제조업,기타 제조,,1~9명,4,,,,대구광역시 동구 반야월북로,1,국민연금 가입 사업장 내역 2026-07,2026-07,2018,
x1099,(주)태양광솔라에너지,산단 외,달성군,,,금속 문  창  셔터 및 관련제품 제조업,기계·금속,,1~9명,3,,,,대구광역시 달성군 화원읍 성화로6길,1,국민연금 가입 사업장 내역 2026-07,2026-07,2018,
x1100,주식회사브이에스팜텍,산단 외,달서구,,,기타 인문 및 사회과학 연구개발업,기타 서비스,,10~49명,16,,,,대구광역시 달서구 성서4차첨단로,1,국민연금 가입 사업장 내역 2026-07,2026-07,2018,
x1101,주식회사 디티에스,산단 외,수성구,,,응용 소프트웨어 개발 및 공급업,소프트웨어·IT,,1~9명,3,,,,대구광역시 수성구 알파시티1로,1,국민연금 가입 사업장 내역 2026-07,2026-07,2018,
x1102,티끌모아,산단 외,서구,,,속옷 및 잠옷 제조업,기타 제조,,10~49명,11,,,,대구광역시 서구 와룡로70길,1,국민연금 가입 사업장 내역 2026-07,2026-07,2018,
x1103,(주)순진식품농업회사법인,산단 외,달성군,,,두부 및 유사 식품 제조업,식품,,1~9명,6,,,,대구광역시 달성군 현풍읍 지동길,1,국민연금 가입 사업장 내역 2026-07,2026-07,2018,
x1104,모던라인주식회사,산단 외,수성구,,,기타 건축용 나무제품 제조업,기타 제조,,10~49명,10,,,,대구광역시 수성구 알파시티2로,1,국민연금 가입 사업장 내역 2026-07,2026-07,2018,
x1105,주식회사진텍,산단 외,북구,,,톱 및 호환성 공구 제조업,기계·금속,,1~9명,6,,,,대구광역시 북구 3공단로,1,국민연금 가입 사업장 내역 2026-07,2026-07,2018,
x1106,주식회사진영부러쉬,산단 외,중구,,,사무 및 회화용품 제조업,기타 제조,,1~9명,4,,,,대구광역시 중구 서성로,1,국민연금 가입 사업장 내역 2026-07,2026-07,2018,
x1107,주식회사 에이엘텍,산단 외,달서구,,,일반용 전기 조명장치 제조업,전기·전자,,1~9명,8,,,,대구광역시 달서구 성서공단로11길,1,국민연금 가입 사업장 내역 2026-07,2026-07,2018,
x1108,(주)할리케이,산단 외,서구,,,기타 직물제품 제조업,섬유·패션,,1~9명,3,,,,대구광역시 서구 큰장로,1,국민연금 가입 사업장 내역 2026-07,2026-07,2018,
x1109,주식회사플리퍼코퍼레이션,산단 외,동구,,,데이터베이스 및 온라인 정보 제공업,소프트웨어·IT,,1~9명,8,,,,대구광역시 동구 동대구로,1,국민연금 가입 사업장 내역 2026-07,2026-07,2018,
x1110,(주)경진이엔씨,산단 외,동구,,,기타 엔지니어링 서비스업,기타 서비스,,10~49명,25,,,,대구광역시 동구 동부로,1,국민연금 가입 사업장 내역 2026-07,2026-07,2019,
x1111,대구달성현대상용서비스(주),산단 외,달성군,,,건설 및 채광용 기계장비 제조업,기계·금속,,10~49명,17,,,,대구광역시 달성군 논공읍 비슬로262길,1,국민연금 가입 사업장 내역 2026-07,2026-07,2019,
x1112,주식회사창시스,산단 외,수성구,,,응용 소프트웨어 개발 및 공급업,소프트웨어·IT,,1~9명,4,,,,대구광역시 수성구 알파시티1로42길,1,국민연금 가입 사업장 내역 2026-07,2026-07,2019,
x1113,오리엔트,산단 외,동구,,,기타 목재 가구 제조업,기타 제조,,10~49명,17,,,,대구광역시 동구 팔공로51길,1,국민연금 가입 사업장 내역 2026-07,2026-07,2019,
x1114,주식회사고려레이저,산단 외,북구,,,분말 야금제품 제조업,기타 제조,,1~9명,3,,,,대구광역시 북구 유통단지로21길,1,국민연금 가입 사업장 내역 2026-07,2026-07,2018,
x1115,주식회사엘제이테크(LJtechCo.Ltd),산단 외,달서구,,,그 외 자동차용 신품 부품 제조업,자동차·부품,,10~49명,42,,,,대구광역시 달서구 성서4차첨단로,1,국민연금 가입 사업장 내역 2026-07,2026-07,2018,
x1116,(주)인츠전산,산단 외,수성구,,,기타 인쇄관련 산업,기타 제조,,1~9명,8,,,,대구광역시 수성구 수성로32길,1,국민연금 가입 사업장 내역 2026-07,2026-07,2018,
x1117,주식회사성원금속천황금속지점,산단 외,북구,,,금속류 원료 재생업,기계·금속,,1~9명,5,,,,대구광역시 북구 오봉로36길,1,국민연금 가입 사업장 내역 2026-07,2026-07,2018,
x1118,주식회사태현페브릭,산단 외,북구,,,화학섬유직물 직조업,섬유·패션,,1~9명,4,,,,대구광역시 북구 검단로,1,국민연금 가입 사업장 내역 2026-07,2026-07,2018,
x1119,(주)수성정비서비스,산단 외,수성구,,,트레일러 및 세미 트레일러 제조업,자동차·부품,,10~49명,17,,,,대구광역시 수성구 유니버시아드로68길,1,국민연금 가입 사업장 내역 2026-07,2026-07,2018,
x1120,주식회사경일케미칼,산단 외,서구,,,치약  비누 및 기타 세제 제조업,기타 제조,,1~9명,4,,,,대구광역시 서구 와룡로98길,1,국민연금 가입 사업장 내역 2026-07,2026-07,2019,
x1121,산시스템주식회사,산단 외,달성군,,,전자 응용 절삭기계 제조업,전기·전자,,10~49명,10,,,,대구광역시 달성군 하빈면 하빈남로,1,국민연금 가입 사업장 내역 2026-07,2026-07,2018,
x1122,(주)타임리,산단 외,수성구,,,응용 소프트웨어 개발 및 공급업,소프트웨어·IT,,10~49명,16,,,,대구광역시 수성구 알파시티1로,1,국민연금 가입 사업장 내역 2026-07,2026-07,2019,
x1123,(주)아이티아이,산단 외,북구,,,전기ㆍ전자 및 정밀 기기 수리업,전기·전자,,1~9명,7,,,,대구광역시 북구 동암로,1,국민연금 가입 사업장 내역 2026-07,2026-07,2019,
x1124,주식회사나래씨엔디,산단 외,동구,,,응용 소프트웨어 개발 및 공급업,소프트웨어·IT,,1~9명,5,,,,대구광역시 동구 율하서로,1,국민연금 가입 사업장 내역 2026-07,2026-07,2019,
x1125,(주)네오데이즈코리아,산단 외,북구,,,응용 소프트웨어 개발 및 공급업,소프트웨어·IT,,1~9명,3,,,,대구광역시 북구 칠성남로38길,1,국민연금 가입 사업장 내역 2026-07,2026-07,2019,
x1126,(주)서광기계,산단 외,달서구,,,산업 처리공정 제어장비 제조업,기계·금속,,1~9명,3,,,,대구광역시 달서구 성서로36길,1,국민연금 가입 사업장 내역 2026-07,2026-07,2019,
x1127,(주)한양아이엔디,산단 외,북구,,,기타 엔지니어링 서비스업,기타 서비스,,1~9명,8,,,,대구광역시 북구 동변로13길,1,국민연금 가입 사업장 내역 2026-07,2026-07,2019,
x1128,주식회사 더크리드,산단 외,달서구,,,안경 및 안경렌즈 제조업,의료·바이오,,1~9명,8,,,,대구광역시 달서구 성서공단로51길,1,국민연금 가입 사업장 내역 2026-07,2026-07,2019,
x1129,주식회사에이스창호,산단 외,달성군,,,금속 문  창  셔터 및 관련제품 제조업,기계·금속,,10~49명,19,,,,대구광역시 달성군 논공읍 노이2길,1,국민연금 가입 사업장 내역 2026-07,2026-07,2019,
x1130,대한건설시험원주식회사,산단 외,북구,,,기타 엔지니어링 서비스업,기타 서비스,,1~9명,5,,,,대구광역시 북구 도남중앙로,1,국민연금 가입 사업장 내역 2026-07,2026-07,2019,
x1131,주식회사현풍점기아오토큐,산단 외,달성군,,,자동차 전문 수리업,자동차·부품,,1~9명,9,,,,대구광역시 달성군 현풍읍 현풍동로18길,1,국민연금 가입 사업장 내역 2026-07,2026-07,2018,
x1132,지오메디텍(주),산단 외,남구,,,전기식 진단 및 요법 기기 제조업,의료·바이오,,1~9명,7,,,,대구광역시 남구 대명로,1,국민연금 가입 사업장 내역 2026-07,2026-07,2019,
x1133,주식회사아영정밀,산단 외,달성군,,,전자 응용 절삭기계 제조업,전기·전자,,10~49명,15,,,,대구광역시 달성군 하빈면 묘동1길,1,국민연금 가입 사업장 내역 2026-07,2026-07,2018,
x1134,주식회사석테크,산단 외,북구,,,그 외 기타 분류 안된 금속 가공제품 제조업,기계·금속,,1~9명,5,,,,대구광역시 북구 조야로,1,국민연금 가입 사업장 내역 2026-07,2026-07,2019,
x1135,창일엔지니어링 주식회사,산단 외,수성구,,,기타 엔지니어링 서비스업,기타 서비스,,10~49명,18,,,,대구광역시 수성구 국채보상로186길,1,국민연금 가입 사업장 내역 2026-07,2026-07,2019,
x1136,주식회사 네오알리,산단 외,북구,,,응용 소프트웨어 개발 및 공급업,소프트웨어·IT,,10~49명,12,,,,대구광역시 북구 대학로,1,국민연금 가입 사업장 내역 2026-07,2026-07,2019,
x1137,농업회사법인주식회사뉴태평(NEWTAEPYUNG),산단 외,북구,,,가금류 가공 및 저장 처리업,기계·금속,,1~9명,9,,,,대구광역시 북구 문주길,1,국민연금 가입 사업장 내역 2026-07,2026-07,2019,
x1138,주식회사딥하이,산단 외,북구,,,응용 소프트웨어 개발 및 공급업,소프트웨어·IT,,10~49명,15,,,,대구광역시 북구 검단로,1,국민연금 가입 사업장 내역 2026-07,2026-07,2019,
x1139,프레임웍스,산단 외,중구,,,시각 디자인업,기타 서비스,,10~49명,10,,,,대구광역시 중구 국채보상로150길,1,국민연금 가입 사업장 내역 2026-07,2026-07,2019,
x1140,주식회사창진에스씨/SMT사업부,산단 외,달성군,,,그 외 기타 전자 부품 제조업,전기·전자,,1~9명,5,,,,대구광역시 달성군 다사읍 세천로7길,1,국민연금 가입 사업장 내역 2026-07,2026-07,2019,
x1141,주식회사에스지테크(SGTECH),산단 외,달성군,,,음ㆍ식료품 및 담배 가공기계 제조업,식품,,1~9명,7,,,,대구광역시 달성군 논공읍 논공로,1,국민연금 가입 사업장 내역 2026-07,2026-07,2019,
x1142,(주)로보아이,산단 외,수성구,,,산업용 로봇 제조업,로봇,,10~49명,13,,,,대구광역시 수성구 알파시티1로,1,국민연금 가입 사업장 내역 2026-07,2026-07,2019,
x1143,주식회사에스더블유컴퍼니,산단 외,서구,,,가죽의복 제조업,섬유·패션,,10~49명,19,,,,대구광역시 서구 평리로,1,국민연금 가입 사업장 내역 2026-07,2026-07,2019,
x1144,주식회사이로텍스,산단 외,달성군,,,화학섬유직물 직조업,섬유·패션,,1~9명,4,,,,대구광역시 달성군 다사읍 서재본1길,1,국민연금 가입 사업장 내역 2026-07,2026-07,2019,
x1145,주식회사우솔환경기술연구원,산단 외,동구,,,기타 엔지니어링 서비스업,기타 서비스,,1~9명,4,,,,대구광역시 동구 방촌로,1,국민연금 가입 사업장 내역 2026-07,2026-07,2019,
x1146,(주)삼부환경,산단 외,달서구,,,비금속류 원료 재생업,기계·금속,,1~9명,7,,,,대구광역시 달서구 장기로10길,1,국민연금 가입 사업장 내역 2026-07,2026-07,2019,
x1147,삼영에스티주식회사(SAMYOUNGS.TCo.Ltd),산단 외,달성군,,,그 외 기타 분류 안된 섬유제품 제조업,섬유·패션,,1~9명,6,,,,대구광역시 달성군 논공읍 비슬로361길,1,국민연금 가입 사업장 내역 2026-07,2026-07,2019,
x1148,(주)모아이스,산단 외,동구,,,응용 소프트웨어 개발 및 공급업,소프트웨어·IT,,10~49명,35,,,,대구광역시 동구 동부로26길,1,국민연금 가입 사업장 내역 2026-07,2026-07,2019,
x1149,주식회사 코만도,산단 외,달서구,,,탭  밸브 및 유사 장치 제조업,기타 제조,,1~9명,4,,,,대구광역시 달서구 성서로,1,국민연금 가입 사업장 내역 2026-07,2026-07,2019,
x1150,주식회사명진파워텍,산단 외,달성군,,,그 외 자동차용 신품 부품 제조업,자동차·부품,,1~9명,4,,,,대구광역시 달성군 옥포읍 신당교항길,1,국민연금 가입 사업장 내역 2026-07,2026-07,2019,
x1151,주식회사 램플,산단 외,수성구,,,그 외 기타 전자 부품 제조업,전기·전자,,1~9명,6,,,,대구광역시 수성구 유니버시아드로,1,국민연금 가입 사업장 내역 2026-07,2026-07,2019,
x1152,주식회사승원테크,산단 외,달성군,,,절삭 가공 및 유사 처리업,기계·금속,,10~49명,36,,,,대구광역시 달성군 다사읍 세천로3길,1,국민연금 가입 사업장 내역 2026-07,2026-07,2019,
x1153,주식회사 마커스,산단 외,북구,,,그 외 기타 분류 안된 금속 가공제품 제조업,기계·금속,,10~49명,10,,,,대구광역시 북구 옥산로,1,국민연금 가입 사업장 내역 2026-07,2026-07,2019,
x1154,주식회사 뉴코도리테크,산단 외,서구,,,산업용 냉장 및 냉동장비 제조업,기계·금속,,1~9명,3,,,,대구광역시 서구 북비산로,1,국민연금 가입 사업장 내역 2026-07,2026-07,2019,
x1155,주식회사씨티셀즈,산단 외,달성군,,,의학 및 약학 연구개발업,기타 서비스,,10~49명,13,,,,대구광역시 달성군 현풍읍 테크노중앙대로,1,국민연금 가입 사업장 내역 2026-07,2026-07,2019,
x1156,(주)제나애드,산단 외,남구,,,응용 소프트웨어 개발 및 공급업,소프트웨어·IT,,1~9명,9,,,,대구광역시 남구 봉덕로5길,1,국민연금 가입 사업장 내역 2026-07,2026-07,2019,
x1157,주식회사대일프린텍,산단 외,달서구,,,골판지 제조업,기타 제조,,1~9명,3,,,,대구광역시 달서구 성서로9길,1,국민연금 가입 사업장 내역 2026-07,2026-07,2019,
x1158,주식회사정우이엔지,산단 외,북구,,,알루미늄 압연  압출 및 연신제품 제조업,기계·금속,,1~9명,9,,,,대구광역시 북구 칠곡중앙대로126길,1,국민연금 가입 사업장 내역 2026-07,2026-07,2019,
x1159,주식회사느루(NEURUCO. Ltd.),산단 외,달서구,,,배전반 및 전기 자동제어반 제조업,전기·전자,,1~9명,3,,,,대구광역시 달서구 성서로,1,국민연금 가입 사업장 내역 2026-07,2026-07,2019,
x1160,주식회사 인피닉스,산단 외,달성군,,,응용 소프트웨어 개발 및 공급업,소프트웨어·IT,,1~9명,7,,,,대구광역시 달성군 현풍읍 테크노중앙대로,1,국민연금 가입 사업장 내역 2026-07,2026-07,2019,
x1161,주식회사라온씨앤비 서구지점,산단 외,서구,,,떡류 제조업,식품,,10~49명,16,,,,대구광역시 서구 와룡로66길,1,국민연금 가입 사업장 내역 2026-07,2026-07,2019,
x1162,(주)스타오토모티브,산단 외,서구,,,그 외 자동차용 신품 부품 제조업,자동차·부품,,1~9명,4,,,,대구광역시 서구 평리로54길,1,국민연금 가입 사업장 내역 2026-07,2026-07,2019,
x1163,이데오피스주식회사,산단 외,수성구,,,컴퓨터 및 주변장치  소프트웨어 도매업,소프트웨어·IT,,1~9명,5,,,,대구광역시 수성구 수성로,1,국민연금 가입 사업장 내역 2026-07,2026-07,2019,
x1164,(주)애그유니,산단 외,동구,,,농업 및 임업용 기계 제조업,기계·금속,,1~9명,3,,,,대구광역시 동구 동대구로,1,국민연금 가입 사업장 내역 2026-07,2026-07,2019,
x1165,주식회사딕슨,산단 외,달성군,,,축전지 제조업,기타 제조,,1~9명,3,,,,대구광역시 달성군 다사읍 세천로7길,1,국민연금 가입 사업장 내역 2026-07,2026-07,2019,
x1166,(주)유진하이테크,산단 외,북구,,,기타 물품 취급장비 제조업,기계·금속,,1~9명,8,,,,대구광역시 북구 3공단로,1,국민연금 가입 사업장 내역 2026-07,2026-07,2019,
x1167,문화도시랩협동조합,산단 외,수성구,,,기타 인문 및 사회과학 연구개발업,기타 서비스,,1~9명,5,,,,대구광역시 수성구 알파시티1로,1,국민연금 가입 사업장 내역 2026-07,2026-07,2019,
x1168,티엔지텍주식회사,산단 외,달서구,,,기타 섬유  의복 및 가죽 가공기계 제조업,섬유·패션,,1~9명,4,,,,대구광역시 달서구 성서4차첨단로,1,국민연금 가입 사업장 내역 2026-07,2026-07,2019,
x1169,주식회사럼플리어,산단 외,동구,,,일차전지 제조업,기타 제조,,10~49명,33,,,,대구광역시 동구 동대구로,1,국민연금 가입 사업장 내역 2026-07,2026-07,2019,
x1170,주식회사 클라이,산단 외,달서구,,,기타 편조 의복 액세서리 제조업,섬유·패션,,1~9명,3,,,,대구광역시 달서구 중흥로,1,국민연금 가입 사업장 내역 2026-07,2026-07,2019,
x1171,(주)비케이티엔씨,산단 외,달서구,,,화학섬유직물 직조업,섬유·패션,,1~9명,4,,,,대구광역시 달서구 성서공단로35길,1,국민연금 가입 사업장 내역 2026-07,2026-07,2019,
x1172,미래테크,산단 외,달서구,,,그 외 자동차용 신품 부품 제조업,자동차·부품,,50~299명,59,,,,대구광역시 달서구 성서공단남로,1,국민연금 가입 사업장 내역 2026-07,2026-07,2019,
x1173,경호테크,산단 외,달서구,,,그 외 자동차용 신품 부품 제조업,자동차·부품,,10~49명,15,,,,대구광역시 달서구 성서동로53안길,1,국민연금 가입 사업장 내역 2026-07,2026-07,2019,
x1174,주식회사삼우,산단 외,달성군,,,직물  편조 원단 및 의복류 염색 가공업,섬유·패션,,1~9명,9,,,,대구광역시 달성군 논공읍 노이1길,1,국민연금 가입 사업장 내역 2026-07,2026-07,2019,
x1175,주식회사푸딩,산단 외,동구,,,응용 소프트웨어 개발 및 공급업,소프트웨어·IT,,10~49명,14,,,,대구광역시 동구 동부로,1,국민연금 가입 사업장 내역 2026-07,2026-07,2019,
x1176,주식회사에이티앤아이,산단 외,동구,,,컴퓨터 시스템 통합 자문 및 구축 서비스업,소프트웨어·IT,,1~9명,3,,,,대구광역시 동구 이노밸리로,1,국민연금 가입 사업장 내역 2026-07,2026-07,2019,
x1177,주식회사 푸랩,산단 외,동구,,,기타 인문 및 사회과학 연구개발업,기타 서비스,,10~49명,16,,,,대구광역시 동구 동촌로,1,국민연금 가입 사업장 내역 2026-07,2026-07,2019,
x1178,(주)아시아덴탈(성서동지점),산단 외,달성군,,,그 외 기타 의료용 기기 제조업,의료·바이오,,1~9명,3,,,,대구광역시 달성군 다사읍 세천로10안길,1,국민연금 가입 사업장 내역 2026-07,2026-07,2019,
x1179,주식회사디워크(dworkInc.),산단 외,동구,,,목재 보존  방부처리  도장 및 유사 처리업,기타 제조,,1~9명,8,,,,대구광역시 동구 신평로32길,1,국민연금 가입 사업장 내역 2026-07,2026-07,2019,
x1180,미소주택주식회사(misojutaek),산단 외,달서구,,,시각 디자인업,기타 서비스,,1~9명,3,,,,대구광역시 달서구 와룡로,1,국민연금 가입 사업장 내역 2026-07,2026-07,2019,
x1181,(주)에스지조형,산단 외,달성군,,,모조 귀금속 및 모조 장신용품 제조업,기계·금속,,1~9명,3,,,,대구광역시 달성군 가창면 우록길,1,국민연금 가입 사업장 내역 2026-07,2026-07,2019,
x1182,주식회사설롱디저트,산단 외,달성군,,,과자류 및 코코아 제품 제조업,기타 제조,,1~9명,3,,,,대구광역시 달성군 유가읍 테크노순환로12길,1,국민연금 가입 사업장 내역 2026-07,2026-07,2019,
x1183,주식회사휴원트,산단 외,북구,,,체조  육상 및 체력 단련용 장비 제조업,기계·금속,,1~9명,3,,,,대구광역시 북구 호암로,1,국민연금 가입 사업장 내역 2026-07,2026-07,2019,
x1184,주식회사에이비케이,산단 외,동구,,,그 외 기타 고무제품 제조업,화학·에너지,,1~9명,8,,,,대구광역시 동구 신덕로,1,국민연금 가입 사업장 내역 2026-07,2026-07,2019,
x1185,세기주식회사,산단 외,북구,,,건물 및 토목 엔지니어링 서비스업,기타 서비스,,10~49명,17,,,,대구광역시 북구 호국로,1,국민연금 가입 사업장 내역 2026-07,2026-07,2019,
x1186,주식회사공간팩토리,산단 외,북구,,,기타 인문 및 사회과학 연구개발업,기타 서비스,,1~9명,7,,,,대구광역시 북구 신천동로,1,국민연금 가입 사업장 내역 2026-07,2026-07,2019,
x1187,(주)씨이엠종합엔지니어링,산단 외,북구,,,건물 및 토목 엔지니어링 서비스업,기타 서비스,,10~49명,20,,,,대구광역시 북구 유통단지로,1,국민연금 가입 사업장 내역 2026-07,2026-07,2019,
x1188,도움주식회사,산단 외,동구,,,그 외 기타 의료용 기기 제조업,의료·바이오,,1~9명,6,,,,대구광역시 동구 동대구로,1,국민연금 가입 사업장 내역 2026-07,2026-07,2019,
x1189,(주)거성정밀,산단 외,서구,,,그 외 자동차용 신품 부품 제조업,자동차·부품,,1~9명,4,,,,대구광역시 서구 염색공단천로3길,1,국민연금 가입 사업장 내역 2026-07,2026-07,2019,
x1190,주식회사대구바이오,산단 외,서구,,,솜 및 실 염색 가공업 / 직물  편조 원단 및 의복류,섬유·패션,,1~9명,4,,,,대구광역시 서구 북비산로17길,1,국민연금 가입 사업장 내역 2026-07,2026-07,2019,
x1191,주식회사덴탈오션,산단 외,서구,,,그 외 기타 의료용 기기 제조업,의료·바이오,,1~9명,7,,,,대구광역시 서구 염색공단천로10길,1,국민연금 가입 사업장 내역 2026-07,2026-07,2019,
x1192,(주)아이메라,산단 외,수성구,,,안경 및 안경렌즈 제조업,의료·바이오,,1~9명,9,,,,대구광역시 수성구 알파시티1로,1,국민연금 가입 사업장 내역 2026-07,2026-07,2019,
x1193,주식회사택양솔라에너지,산단 외,서구,,,구조용 금속 판제품 및 공작물 제조업,기계·금속,,1~9명,6,,,,대구광역시 서구 국채보상로,1,국민연금 가입 사업장 내역 2026-07,2026-07,2019,
x1194,주식회사미다웍스(MidaworksCo. Ltd.),산단 외,동구,,,응용 소프트웨어 개발 및 공급업,소프트웨어·IT,,10~49명,17,,,,대구광역시 동구 동대구로,1,국민연금 가입 사업장 내역 2026-07,2026-07,2019,
x1195,준인터내셔널주식회사,산단 외,남구,,,가죽의복 제조업,섬유·패션,,10~49명,12,,,,대구광역시 남구 현충로,1,국민연금 가입 사업장 내역 2026-07,2026-07,2019,
x1196,에스제이이엔지주식회사,산단 외,북구,,,산업용 로봇 제조업,로봇,,1~9명,8,,,,대구광역시 북구 유통단지로,1,국민연금 가입 사업장 내역 2026-07,2026-07,2019,
x1197,주식회사엠제이엠,산단 외,서구,,,항공기용 부품 제조업,기타 제조,,1~9명,4,,,,대구광역시 서구 새방로29길,1,국민연금 가입 사업장 내역 2026-07,2026-07,2019,
x1198,경북대학교장수생활과학연구소,산단 외,북구,,,기타 인문 및 사회과학 연구개발업,기타 서비스,,1~9명,4,,,,대구광역시 북구 대학로,1,국민연금 가입 사업장 내역 2026-07,2026-07,2020,
x1199,주식회사바른신호,산단 외,달서구,,,수동식 식품 가공 기기 및 금속 주방용기 제조업,식품,,1~9명,5,,,,대구광역시 달서구 성당로33길,1,국민연금 가입 사업장 내역 2026-07,2026-07,2019,
x1200,주식회사디와이패키지,산단 외,달성군,,,골판지 제조업,기타 제조,,1~9명,8,,,,대구광역시 달성군 하빈면 하빈로171길,1,국민연금 가입 사업장 내역 2026-07,2026-07,2019,
x1201,한일캔(주)대구공장,산단 외,달성군,,,금속 캔 및 기타 포장용기 제조업,기계·금속,,10~49명,39,,,,대구광역시 달성군 논공읍 논공중앙로,1,국민연금 가입 사업장 내역 2026-07,2026-07,2019,
x1202,대구청정포크 농업회사법인 주식회사,산단 외,남구,,,가금류 가공 및 저장 처리업,기계·금속,,1~9명,7,,,,대구광역시 남구 앞산순환로,1,국민연금 가입 사업장 내역 2026-07,2026-07,2019,
x1203,(주)이츠샵,산단 외,남구,,,기타 엔지니어링 서비스업,기타 서비스,,10~49명,10,,,,대구광역시 남구 봉덕로,1,국민연금 가입 사업장 내역 2026-07,2026-07,2019,
x1204,주식회사에이치알세영,산단 외,수성구,,,인테리어 디자인업,기타 서비스,,1~9명,3,,,,대구광역시 수성구 희망로19길,1,국민연금 가입 사업장 내역 2026-07,2026-07,2019,
x1205,(주)이지에스,산단 외,수성구,,,컴퓨터 및 주변장치  소프트웨어 도매업,소프트웨어·IT,,1~9명,5,,,,대구광역시 수성구 알파시티1로37길,1,국민연금 가입 사업장 내역 2026-07,2026-07,2019,
x1206,주식회사이니스트소프트,산단 외,중구,,,응용 소프트웨어 개발 및 공급업,소프트웨어·IT,,1~9명,8,,,,대구광역시 중구 동덕로,1,국민연금 가입 사업장 내역 2026-07,2026-07,2019,
x1207,주식회사태창종합기술사사무소,산단 외,수성구,,,건물 및 토목 엔지니어링 서비스업(기술사),기타 서비스,,1~9명,4,,,,대구광역시 수성구 시지로14길,1,국민연금 가입 사업장 내역 2026-07,2026-07,2019,
x1208,주식회사아크데이타,산단 외,수성구,,,시스템 소프트웨어 개발 및 공급업,소프트웨어·IT,,10~49명,15,,,,대구광역시 수성구 알파시티1로,1,국민연금 가입 사업장 내역 2026-07,2026-07,2019,
x1209,주식회사소셜인프라테크,산단 외,수성구,,,컴퓨터 시스템 통합 자문 및 구축 서비스업,소프트웨어·IT,,1~9명,6,,,,대구광역시 수성구 알파시티1로,1,국민연금 가입 사업장 내역 2026-07,2026-07,2019,
x1210,주식회사지엠지모터스,산단 외,서구,,,침구 및 관련제품 제조업,기타 제조,,10~49명,10,,,,대구광역시 서구 북비산로,1,국민연금 가입 사업장 내역 2026-07,2026-07,2019,
x1211,주식회사티앤아이솔루션,산단 외,북구,,,기타 주변 기기 제조업,기타 제조,,1~9명,3,,,,대구광역시 북구 유통단지로,1,국민연금 가입 사업장 내역 2026-07,2026-07,2019,
x1212,엠벡스,산단 외,북구,,,유선 온라인 게임 소프트웨어 개발 및 공급업,소프트웨어·IT,,1~9명,5,,,,대구광역시 북구 경대로17길,1,국민연금 가입 사업장 내역 2026-07,2026-07,2019,
x1213,위버멘쉬홀딩스 주식회사,산단 외,서구,,,포장 및 충전업,기타 제조,,1~9명,7,,,,대구광역시 서구 와룡로66길,1,국민연금 가입 사업장 내역 2026-07,2026-07,2019,
x1214,주식회사성서섬유,산단 외,서구,,,연사 및 가공사 제조업 / 특수직물 및 기타 직물 직조,섬유·패션,,1~9명,6,,,,대구광역시 서구 염색공단천로1길,1,국민연금 가입 사업장 내역 2026-07,2026-07,2019,
x1215,주식회사로맨(LomenInc.),산단 외,달성군,,,응용 소프트웨어 개발 및 공급업,소프트웨어·IT,,10~49명,13,,,,대구광역시 달성군 다사읍 서재로,1,국민연금 가입 사업장 내역 2026-07,2026-07,2019,
x1216,주식회사다니엘바이오,산단 외,달서구,,,의학 및 약학 연구개발업,기타 서비스,,1~9명,3,,,,대구광역시 달서구 구마로,1,국민연금 가입 사업장 내역 2026-07,2026-07,2019,
x1217,주식회사한숲자수,산단 외,서구,,,자수제품 및 자수용 재료 제조업,섬유·패션,,1~9명,6,,,,대구광역시 서구 와룡로65길,1,국민연금 가입 사업장 내역 2026-07,2026-07,2019,
x1218,주식회사서일플랜트,산단 외,달성군,,,산업 처리공정 제어장비 제조업,기계·금속,,10~49명,16,,,,대구광역시 달성군 옥포읍 비슬로447길,1,국민연금 가입 사업장 내역 2026-07,2026-07,2019,
x1219,아이에이치그룹 주식회사,산단 외,남구,,,그 외 자동차용 신품 부품 제조업,자동차·부품,,1~9명,5,,,,대구광역시 남구 신촌길,1,국민연금 가입 사업장 내역 2026-07,2026-07,2019,
x1220,주식회사제타넷,산단 외,수성구,,,응용 소프트웨어 개발 및 공급업,소프트웨어·IT,,1~9명,3,,,,대구광역시 수성구 알파시티1로42길,1,국민연금 가입 사업장 내역 2026-07,2026-07,2019,
x1221,농업회사법인 갑부가,산단 외,북구,,,김치류 제조업,식품,,1~9명,3,,,,대구광역시 북구 검단로,1,국민연금 가입 사업장 내역 2026-07,2026-07,2019,
x1222,(주)네스프,산단 외,서구,,,직물  편조 원단 및 의복류 염색 가공업,섬유·패션,,1~9명,4,,,,대구광역시 서구 달서천로,1,국민연금 가입 사업장 내역 2026-07,2026-07,2020,
x1223,MH스텐,산단 외,북구,,,그 외 기타 금속 가공업,기계·금속,,10~49명,10,,,,대구광역시 북구 검단로27길,1,국민연금 가입 사업장 내역 2026-07,2026-07,2019,
x1224,주식회사밴앤포스,산단 외,동구,,,컴퓨터 및 주변장치  소프트웨어 도매업,소프트웨어·IT,,10~49명,11,,,,대구광역시 동구 국채보상로163길,1,국민연금 가입 사업장 내역 2026-07,2026-07,2019,
x1225,주식회사베스텍무역,산단 외,달서구,,,금속 절삭기계 제조업,기계·금속,,1~9명,7,,,,대구광역시 달서구 이곡동로,1,국민연금 가입 사업장 내역 2026-07,2026-07,2019,
x1226,티엠주식회사,산단 외,서구,,,모조 귀금속 및 모조 장신용품 제조업,기계·금속,,1~9명,8,,,,대구광역시 서구 달서로,1,국민연금 가입 사업장 내역 2026-07,2026-07,2020,
x1227,미소한우농업회사법인주식회사,산단 외,달성군,,,육류 포장육 및 냉동육 가공업(가금류 제외),식품,,1~9명,4,,,,대구광역시 달성군 현풍읍 현풍서로43길,1,국민연금 가입 사업장 내역 2026-07,2026-07,2019,
x1228,주식회사타임시스템,산단 외,달성군,,,전기회로 접속장치 제조업,전기·전자,,1~9명,8,,,,대구광역시 달성군 다사읍 세천로10길,1,국민연금 가입 사업장 내역 2026-07,2026-07,2019,
x1229,주식회사지피(GPCo. Ltd.),산단 외,북구,,,주형 및 금형 제조업,기계·금속,,10~49명,11,,,,대구광역시 북구 3공단로,1,국민연금 가입 사업장 내역 2026-07,2026-07,2019,
x1230,퓨트로텍주식회사,산단 외,남구,,,기타 측정  시험  항해  제어 및 정밀 기기 제조업,기타 제조,,1~9명,3,,,,대구광역시 남구 명덕로,1,국민연금 가입 사업장 내역 2026-07,2026-07,2019,
x1231,대호,산단 외,북구,,,포장용 플라스틱 성형용기 제조업,화학·에너지,,10~49명,30,,,,대구광역시 북구 조야로2길,1,국민연금 가입 사업장 내역 2026-07,2026-07,2020,
x1232,(주)바이탈컴,산단 외,북구,,,컴퓨터 및 주변장치  소프트웨어 도매업,소프트웨어·IT,,10~49명,21,,,,대구광역시 북구 유통단지로8길,1,국민연금 가입 사업장 내역 2026-07,2026-07,2020,
x1233,주식회사우리축산,산단 외,달성군,,,가금류 가공 및 저장 처리업,기계·금속,,1~9명,4,,,,대구광역시 달성군 옥포읍 간경1길,1,국민연금 가입 사업장 내역 2026-07,2026-07,2019,
x1234,주식회사 삼보컴퓨터대구센터(TGS),산단 외,남구,,,컴퓨터 및 주변장치  소프트웨어 도매업,소프트웨어·IT,,10~49명,10,,,,대구광역시 남구 중앙대로,1,국민연금 가입 사업장 내역 2026-07,2026-07,2019,
x1235,주식회사세영,산단 외,서구,,,유아용 의복 제조업,섬유·패션,,10~49명,14,,,,대구광역시 서구 평리로,1,국민연금 가입 사업장 내역 2026-07,2026-07,2020,
x1236,성안테크,산단 외,달성군,,,그 외 자동차용 신품 부품 제조업,자동차·부품,,50~299명,84,,,,대구광역시 달성군 유가읍 테크노순환로1길,1,국민연금 가입 사업장 내역 2026-07,2026-07,2020,
x1237,(주)이노버코리아,산단 외,수성구,,,응용 소프트웨어 개발 및 공급업,소프트웨어·IT,,1~9명,3,,,,대구광역시 수성구 청수로45길,1,국민연금 가입 사업장 내역 2026-07,2026-07,2019,
x1238,주식회사 아이커넥트,산단 외,동구,,,응용 소프트웨어 개발 및 공급업,소프트웨어·IT,,1~9명,9,,,,대구광역시 동구 동대구로,1,국민연금 가입 사업장 내역 2026-07,2026-07,2019,
x1239,(주)협신압철,산단 외,달성군,,,그 외 기타 1차 철강 제조업,기계·금속,,1~9명,4,,,,대구광역시 달성군 논공읍 노이1길,1,국민연금 가입 사업장 내역 2026-07,2026-07,2020,
x1240,주식회사홍당무,산단 외,달서구,,,그 외 기타 분류 안된 화학제품 제조업,화학·에너지,,1~9명,3,,,,대구광역시 달서구 성서공단북로,1,국민연금 가입 사업장 내역 2026-07,2026-07,2019,
x1241,주식회사 씨엘텍,산단 외,달서구,,,그 외 기타 전자 부품 제조업,전기·전자,,10~49명,22,,,,대구광역시 달서구 성서공단로11길,1,국민연금 가입 사업장 내역 2026-07,2026-07,2020,
x1242,한라건축자재주식회사,산단 외,달성군,,,금속 문  창  셔터 및 관련제품 제조업,기계·금속,,1~9명,8,,,,대구광역시 달성군 화원읍 성천로10길,1,국민연금 가입 사업장 내역 2026-07,2026-07,2020,
x1243,주식회사아인엔지니어링,산단 외,동구,,,기타 엔지니어링 서비스업,기타 서비스,,10~49명,28,,,,대구광역시 동구 동대구로,1,국민연금 가입 사업장 내역 2026-07,2026-07,2020,
x1244,주식회사케이에스엔티,산단 외,동구,,,기타 인문 및 사회과학 연구개발업,기타 서비스,,10~49명,12,,,,대구광역시 동구 팔공로,1,국민연금 가입 사업장 내역 2026-07,2026-07,2020,
x1245,주식회사 세아소프트,산단 외,달서구,,,컴퓨터 시스템 통합 자문 및 구축 서비스업,소프트웨어·IT,,1~9명,7,,,,대구광역시 달서구 중흥로,1,국민연금 가입 사업장 내역 2026-07,2026-07,2020,
x1246,명진산업 주식회사,산단 외,달서구,,,그 외 자동차용 신품 부품 제조업,자동차·부품,,50~299명,78,,,,대구광역시 달서구 달서대로,1,국민연금 가입 사업장 내역 2026-07,2026-07,2020,
x1247,주식회사무경섬유,산단 외,서구,,,화학섬유직물 직조업,섬유·패션,,1~9명,8,,,,대구광역시 서구 와룡로87길,1,국민연금 가입 사업장 내역 2026-07,2026-07,2020,
x1248,큐어스트림(주),산단 외,북구,,,응용 소프트웨어 개발 및 공급업,소프트웨어·IT,,10~49명,27,,,,대구광역시 북구 호암로,1,국민연금 가입 사업장 내역 2026-07,2026-07,2020,
x1249,모모디자인(주),산단 외,달성군,,,시각 디자인업,기타 서비스,,1~9명,7,,,,대구광역시 달성군 화원읍 비슬로,1,국민연금 가입 사업장 내역 2026-07,2026-07,2020,
x1250,주식회사미성텍스(T.E.X),산단 외,달서구,,,침구 및 관련제품 제조업,기타 제조,,10~49명,12,,,,대구광역시 달서구 호산동로,1,국민연금 가입 사업장 내역 2026-07,2026-07,2020,
x1251,주식회사비앤비글로벌,산단 외,서구,,,셔츠 및 블라우스 제조업,기타 제조,,1~9명,3,,,,대구광역시 서구 와룡로65길,1,국민연금 가입 사업장 내역 2026-07,2026-07,2020,
x1252,거성산업,산단 외,동구,,,직물  편조 원단 및 의복류 염색 가공업,섬유·패션,,10~49명,35,,,,대구광역시 동구 경안로,1,국민연금 가입 사업장 내역 2026-07,2026-07,2020,
x1253,네오폰스 주식회사,산단 외,북구,,,응용 소프트웨어 개발 및 공급업,소프트웨어·IT,,10~49명,19,,,,대구광역시 북구 호국로,1,국민연금 가입 사업장 내역 2026-07,2026-07,2020,
x1254,주식회사 플렉,산단 외,서구,,,컴퓨터 및 주변 기기 수리업,기계·금속,,10~49명,11,,,,대구광역시 서구 염색공단중앙로,1,국민연금 가입 사업장 내역 2026-07,2026-07,2020,
x1255,싱싱닭고기,산단 외,북구,,,가금류 가공 및 저장 처리업,기계·금속,,10~49명,14,,,,대구광역시 북구 매천로,1,국민연금 가입 사업장 내역 2026-07,2026-07,2020,
x1256,주식회사블라썸클라우드,산단 외,서구,,,그 외 기타 의료용 기기 제조업,의료·바이오,,1~9명,8,,,,대구광역시 서구 서대구로,1,국민연금 가입 사업장 내역 2026-07,2026-07,2020,
x1257,주식회사승원산업개발,산단 외,북구,,,그 외 기타 플라스틱 제품 제조업,화학·에너지,,1~9명,3,,,,대구광역시 북구 유통단지로,1,국민연금 가입 사업장 내역 2026-07,2026-07,2020,
x1258,주식회사 거양금속 구지공장,산단 외,달성군,,,그 외 자동차용 신품 부품 제조업,자동차·부품,,50~299명,84,,,,대구광역시 달성군 구지면 국가산단대로33길,1,국민연금 가입 사업장 내역 2026-07,2026-07,2020,
x1259,주식회사제이에이치코리아,산단 외,달성군,,,산업용 냉장 및 냉동장비 제조업,기계·금속,,1~9명,8,,,,대구광역시 달성군 구지면 국가산단대로28길,1,국민연금 가입 사업장 내역 2026-07,2026-07,2020,
x1260,주식회사이로컨설팅,산단 외,동구,,,그 외 기타 정보 서비스업,기타 서비스,,1~9명,7,,,,대구광역시 동구 안심로,1,국민연금 가입 사업장 내역 2026-07,2026-07,2020,
x1261,주식회사 세린,산단 외,달서구,,,그 외 기타 분류 안된 사업 지원 서비스업(기타임가공,기계·금속,,10~49명,40,,,,대구광역시 달서구 달구벌대로,1,국민연금 가입 사업장 내역 2026-07,2026-07,2020,
x1262,주식회사 에스엠에이,산단 외,수성구,,,기타 엔지니어링 서비스업,기타 서비스,,1~9명,6,,,,대구광역시 수성구 무열로,1,국민연금 가입 사업장 내역 2026-07,2026-07,2020,
x1263,주식회사이솔축산,산단 외,북구,,,육류 포장육 및 냉동육 가공업(가금류 제외),식품,,1~9명,4,,,,대구광역시 북구 태전로1길,1,국민연금 가입 사업장 내역 2026-07,2026-07,2020,
x1264,주식회사청호에프에이,산단 외,북구,,,물질 검사  측정 및 분석 기구 제조업,기타 제조,,1~9명,6,,,,대구광역시 북구 검단로,1,국민연금 가입 사업장 내역 2026-07,2026-07,2020,
x1265,주식회사 길호,산단 외,북구,,,컴퓨터 및 주변장치  소프트웨어 도매업,소프트웨어·IT,,1~9명,4,,,,대구광역시 북구 동암로12길,1,국민연금 가입 사업장 내역 2026-07,2026-07,2020,
x1266,신성,산단 외,달성군,,,기타 기계ㆍ장비 조립용 플라스틱제품 제조업,화학·에너지,,10~49명,11,,,,대구광역시 달성군 구지면 국가산단대로39길,1,국민연금 가입 사업장 내역 2026-07,2026-07,2020,
x1267,에스비솔루션 주식회사,산단 외,달성군,,,응용 소프트웨어 개발 및 공급업,소프트웨어·IT,,1~9명,3,,,,대구광역시 달성군 다사읍 세천로3길,1,국민연금 가입 사업장 내역 2026-07,2026-07,2020,
x1268,주식회사태호정공,산단 외,북구,,,그 외 자동차용 신품 부품 제조업,자동차·부품,,1~9명,3,,,,대구광역시 북구 3공단로10길,1,국민연금 가입 사업장 내역 2026-07,2026-07,2020,
x1269,(주)위드아이티,산단 외,수성구,,,응용 소프트웨어 개발 및 공급업,소프트웨어·IT,,1~9명,7,,,,대구광역시 수성구 용학로,1,국민연금 가입 사업장 내역 2026-07,2026-07,2020,
x1270,주식회사인셉션랩,산단 외,달서구,,,전기ㆍ전자공학 연구개발업,전기·전자,,1~9명,3,,,,대구광역시 달서구 달구벌대로,1,국민연금 가입 사업장 내역 2026-07,2026-07,2020,
x1271,（주）대경알앤씨,산단 외,군위군,,,레미콘 제조업,기타 제조,,1~9명,3,,,,대구광역시 군위군 군위공단길,1,국민연금 가입 사업장 내역 2026-07,2026-07,2020,
x1272,한국폴리텍대학영남융합기술캠퍼스산학협력처,산단 외,동구,,,기타 인문 및 사회과학 연구개발업,기타 서비스,,1~9명,6,,,,대구광역시 동구 팔공로,1,국민연금 가입 사업장 내역 2026-07,2026-07,2020,
x1273,주식회사수성레이저,산단 외,달서구,,,금속 문  창  셔터 및 관련제품 제조업,기계·금속,,1~9명,3,,,,대구광역시 달서구 성서4차첨단로,1,국민연금 가입 사업장 내역 2026-07,2026-07,2020,
x1274,천하식품,산단 외,달성군,,,육류 도축업(가금류 제외),식품,,10~49명,11,,,,대구광역시 달성군 논공읍 비슬로362길,1,국민연금 가입 사업장 내역 2026-07,2026-07,2020,
x1275,주식회사오션라이트에이아이,산단 외,동구,,,데이터베이스 및 온라인 정보 제공업,소프트웨어·IT,,1~9명,8,,,,대구광역시 동구 동대구로,1,국민연금 가입 사업장 내역 2026-07,2026-07,2020,
x1276,주식회사빅웨이브에이아이,산단 외,수성구,,,응용 소프트웨어 개발 및 공급업,소프트웨어·IT,,10~49명,19,,,,대구광역시 수성구 알파시티1로35길,1,국민연금 가입 사업장 내역 2026-07,2026-07,2020,
x1277,디자인212주식회사(DESIGN212co. ltd),산단 외,수성구,,,시각 디자인업,기타 서비스,,1~9명,5,,,,대구광역시 수성구 달구벌대로,1,국민연금 가입 사업장 내역 2026-07,2026-07,2020,
x1278,주식회사이노코믹스,산단 외,수성구,,,그 외 기타 플라스틱 제품 제조업,화학·에너지,,10~49명,11,,,,대구광역시 수성구 용학로,1,국민연금 가입 사업장 내역 2026-07,2026-07,2020,
x1279,주식회사세움식품,산단 외,달성군,,,육류 포장육 및 냉동육 가공업(가금류 제외),식품,,1~9명,6,,,,대구광역시 달성군 논공읍 달성군청로4길,1,국민연금 가입 사업장 내역 2026-07,2026-07,2020,
x1280,희망cafe,산단 외,달성군,,,솜 및 실 염색 가공업 / 직물  편조 원단 및 의복류,섬유·패션,,1~9명,4,,,,대구광역시 달성군 옥포읍 비슬로447길,1,국민연금 가입 사업장 내역 2026-07,2026-07,2020,
x1281,주식회사토스트,산단 외,동구,,,응용 소프트웨어 개발 및 공급업,소프트웨어·IT,,1~9명,8,,,,대구광역시 동구 동대구로,1,국민연금 가입 사업장 내역 2026-07,2026-07,2020,
x1282,아이티에스시스템주식회사,산단 외,동구,,,컴퓨터 시스템 통합 자문 및 구축 서비스업,소프트웨어·IT,,10~49명,26,,,,대구광역시 동구 동대구로,1,국민연금 가입 사업장 내역 2026-07,2026-07,2020,
x1283,주식회사재원이엔지,산단 외,서구,,,주형 및 금형 제조업,기계·금속,,1~9명,5,,,,대구광역시 서구 국채보상로3길,1,국민연금 가입 사업장 내역 2026-07,2026-07,2020,
x1284,주식회사제이케이스틸,산단 외,달성군,,,도금  착색 및 기타 표면 처리 강재 제조업,기타 제조,,1~9명,4,,,,대구광역시 달성군 다사읍 세천로7길,1,국민연금 가입 사업장 내역 2026-07,2026-07,2020,
x1285,주식회사무한축산,산단 외,북구,,,육류 포장육 및 냉동육 가공업(가금류 제외),식품,,1~9명,8,,,,대구광역시 북구 유통단지로7길,1,국민연금 가입 사업장 내역 2026-07,2026-07,2020,
x1286,주식회사 지엘테크,산단 외,동구,,,환경 관련 엔지니어링 서비스업,기타 서비스,,1~9명,3,,,,대구광역시 동구 인산로,1,국민연금 가입 사업장 내역 2026-07,2026-07,2020,
x1287,주식회사 세운엔지니어링,산단 외,동구,,,건물 및 토목 엔지니어링 서비스업(기술사),기타 서비스,,10~49명,10,,,,대구광역시 동구 장등로,1,국민연금 가입 사업장 내역 2026-07,2026-07,2020,
x1288,주식회사 이스턴기어,산단 외,북구,,,기어 및 동력전달장치 제조업,기타 제조,,10~49명,13,,,,대구광역시 북구 호암로,1,국민연금 가입 사업장 내역 2026-07,2026-07,2020,
x1289,림피드주식회사,산단 외,동구,,,배합 사료 제조업,기타 제조,,10~49명,13,,,,대구광역시 동구 동대구로,1,국민연금 가입 사업장 내역 2026-07,2026-07,2020,
x1290,주식회사포티파이(40FYInc.),산단 외,수성구,,,모바일 게임 소프트웨어 개발 및 공급업,소프트웨어·IT,,10~49명,10,,,,대구광역시 수성구 용학로50길,1,국민연금 가입 사업장 내역 2026-07,2026-07,2020,
x1291,주식회사디엠섬유,산단 외,달서구,,,가죽의복 제조업,섬유·패션,,1~9명,4,,,,대구광역시 달서구 성당로,1,국민연금 가입 사업장 내역 2026-07,2026-07,2020,
x1292,카페 CARITAS,산단 외,중구,,,솜 및 실 염색 가공업 / 직물  편조 원단 및 의복류,섬유·패션,,1~9명,3,,,,대구광역시 중구 남산로4길,1,국민연금 가입 사업장 내역 2026-07,2026-07,2020,
x1293,주식회사피지에이,산단 외,달서구,,,기타 측정  시험  항해  제어 및 정밀 기기 제조업,기타 제조,,1~9명,5,,,,대구광역시 달서구 성서공단로39길,1,국민연금 가입 사업장 내역 2026-07,2026-07,2020,
x1294,주식회사바이윤컴퍼니,산단 외,달서구,,,셔츠 및 블라우스 제조업,기타 제조,,1~9명,4,,,,대구광역시 달서구 호산로,1,국민연금 가입 사업장 내역 2026-07,2026-07,2023,
x1295,주식회사나눔아이앤씨,산단 외,중구,,,컴퓨터 프로그래밍 서비스업,소프트웨어·IT,,10~49명,15,,,,대구광역시 중구 달구벌대로440길,1,국민연금 가입 사업장 내역 2026-07,2026-07,2020,
x1296,주식회사마인드시프트,산단 외,중구,,,응용 소프트웨어 개발 및 공급업,소프트웨어·IT,,1~9명,6,,,,대구광역시 중구 국채보상로,1,국민연금 가입 사업장 내역 2026-07,2026-07,2020,
x1297,주식회사베이직라이프,산단 외,서구,,,제품 디자인업,기타 서비스,,1~9명,3,,,,대구광역시 서구 새방로25길,1,국민연금 가입 사업장 내역 2026-07,2026-07,2020,
x1298,주식회사세미콘웍스(semiconworksInc.),산단 외,동구,,,기타 엔지니어링 서비스업,기타 서비스,,1~9명,5,,,,대구광역시 동구 동대구로,1,국민연금 가입 사업장 내역 2026-07,2026-07,2020,
x1299,주식회사플씨드,산단 외,달서구,,,스크린 인쇄업,기타 제조,,1~9명,8,,,,대구광역시 달서구 구마로,1,국민연금 가입 사업장 내역 2026-07,2026-07,2020,
x1300,케이푸드테크(주),산단 외,달성군,,,수산식물 가공 및 저장 처리업,기계·금속,,1~9명,3,,,,대구광역시 달성군 논공읍 노이길,1,국민연금 가입 사업장 내역 2026-07,2026-07,2020,
x1301,주식회사영원텍스타일컨설팅,산단 외,서구,,,화학섬유직물 직조업,섬유·패션,,1~9명,4,,,,대구광역시 서구 문화로3길,1,국민연금 가입 사업장 내역 2026-07,2026-07,2020,
x1302,수영정공주식회사,산단 외,동구,,,승강기 제조업,기타 제조,,10~49명,12,,,,대구광역시 동구 동부로22길,1,국민연금 가입 사업장 내역 2026-07,2026-07,2020,
x1303,주식회사토리스,산단 외,달성군,,,컴퓨터 시스템 통합 자문 및 구축 서비스업,소프트웨어·IT,,10~49명,21,,,,대구광역시 달성군 현풍읍 테크노공원로,1,국민연금 가입 사업장 내역 2026-07,2026-07,2020,
x1304,주식회사노벨광학,산단 외,북구,,,안경 및 안경렌즈 제조업,의료·바이오,,1~9명,4,,,,대구광역시 북구 동북로,1,국민연금 가입 사업장 내역 2026-07,2026-07,2020,
x1305,주식회사선일에프앤비,산단 외,달서구,,,천연 및 혼합 조제 조미료 제조업,식품,,1~9명,5,,,,대구광역시 달서구 월배로68길,1,국민연금 가입 사업장 내역 2026-07,2026-07,2020,
x1306,(주)우리전동지게차,산단 외,달성군,,,그 외 자동차용 신품 부품 제조업,자동차·부품,,1~9명,4,,,,대구광역시 달성군 논공읍 비슬로,1,국민연금 가입 사업장 내역 2026-07,2026-07,2020,
x1307,(주)에이트스튜디오,산단 외,서구,,,모바일 게임 소프트웨어 개발 및 공급업,소프트웨어·IT,,10~49명,27,,,,대구광역시 서구 국채보상로,1,국민연금 가입 사업장 내역 2026-07,2026-07,2020,
x1308,인터텍주식회사,산단 외,수성구,,,기타 반도체 소자 제조업,전기·전자,,1~9명,9,,,,대구광역시 수성구 알파시티1로42길,1,국민연금 가입 사업장 내역 2026-07,2026-07,2020,
x1309,(주)제이엠씨신소재,산단 외,북구,,,플라스틱 시트 및 판 제조업,화학·에너지,,1~9명,6,,,,대구광역시 북구 3공단로,1,국민연금 가입 사업장 내역 2026-07,2026-07,2020,
x1310,정모터스,산단 외,동구,,,자동차 종합 수리업,자동차·부품,,10~49명,12,,,,대구광역시 동구 안심로55길,1,국민연금 가입 사업장 내역 2026-07,2026-07,2020,
x1311,주식회사크로바시스템즈,산단 외,동구,,,컴퓨터 및 주변장치  소프트웨어 도매업,소프트웨어·IT,,1~9명,3,,,,대구광역시 동구 팔공로68길,1,국민연금 가입 사업장 내역 2026-07,2026-07,2020,
x1312,주식회사에이치에스스틸(H.SSTEELInc.),산단 외,달서구,,,그 외 기타 1차 철강 제조업,기계·금속,,1~9명,3,,,,대구광역시 달서구 성서공단북로,1,국민연금 가입 사업장 내역 2026-07,2026-07,2020,
x1313,주식회사 지역이노베이션개발원,산단 외,동구,,,기타 인문 및 사회과학 연구개발업,기타 서비스,,1~9명,5,,,,대구광역시 동구 팔공로47길,1,국민연금 가입 사업장 내역 2026-07,2026-07,2020,
x1314,주식회사에스엠씨,산단 외,달서구,,,플라스틱 접착처리 제품 제조업,화학·에너지,,10~49명,11,,,,대구광역시 달서구 호산로2길,1,국민연금 가입 사업장 내역 2026-07,2026-07,2020,
x1315,주식회사메텍,산단 외,달성군,,,기타 엔지니어링 서비스업,기타 서비스,,10~49명,14,,,,대구광역시 달성군 현풍읍 테크노공원로,1,국민연금 가입 사업장 내역 2026-07,2026-07,2020,
x1316,(주)엠디엑스,산단 외,수성구,,,컴퓨터 제조업,기타 제조,,1~9명,5,,,,대구광역시 수성구 알파시티1로31길,1,국민연금 가입 사업장 내역 2026-07,2026-07,2020,
x1317,주식회사더보다,산단 외,남구,,,기타 인쇄물 출판업,기타 제조,,1~9명,4,,,,대구광역시 남구 큰골10길,1,국민연금 가입 사업장 내역 2026-07,2026-07,2020,
x1318,(주)솔라일렉트릭,산단 외,북구,,,금속 문  창  셔터 및 관련제품 제조업,기계·금속,,1~9명,5,,,,대구광역시 북구 호국로51길,1,국민연금 가입 사업장 내역 2026-07,2026-07,2020,
x1319,주식회사에어스,산단 외,북구,,,산업 처리공정 제어장비 제조업,기계·금속,,10~49명,27,,,,대구광역시 북구 노원로,1,국민연금 가입 사업장 내역 2026-07,2026-07,2020,
x1320,주식회사 청소대교,산단 외,동구,,,데이터베이스 및 온라인 정보 제공업,소프트웨어·IT,,1~9명,4,,,,대구광역시 동구 이노밸리로56길,1,국민연금 가입 사업장 내역 2026-07,2026-07,2020,
x1321,주식회사하나정밀,산단 외,달성군,,,그 외 자동차용 신품 부품 제조업,자동차·부품,,10~49명,30,,,,대구광역시 달성군 논공읍 논공로87길,1,국민연금 가입 사업장 내역 2026-07,2026-07,2020,
x1322,피에이치엔(주),산단 외,동구,,,전자코일  변성기 및 기타 전자 유도자 제조업,전기·전자,,1~9명,3,,,,대구광역시 동구 화랑로27길,1,국민연금 가입 사업장 내역 2026-07,2026-07,2020,
x1323,(주)한성푸드대구불노리막창창업컨설팅,산단 외,서구,,,가금류 가공 및 저장 처리업,기계·금속,,1~9명,5,,,,대구광역시 서구 통학로,1,국민연금 가입 사업장 내역 2026-07,2026-07,2020,
x1324,바인컴퍼니(주),산단 외,수성구,,,응용 소프트웨어 개발 및 공급업,소프트웨어·IT,,1~9명,7,,,,대구광역시 수성구 알파시티1로42길,1,국민연금 가입 사업장 내역 2026-07,2026-07,2020,
x1325,주식회사짐보로보틱스,산단 외,달서구,,,기타 물품 취급장비 제조업,기계·금속,,1~9명,4,,,,대구광역시 달서구 성서공단로11길,1,국민연금 가입 사업장 내역 2026-07,2026-07,2020,
x1326,애니먼협동조합,산단 외,남구,,,단미사료 및 기타 사료 제조업,기타 제조,,1~9명,4,,,,대구광역시 남구 현충로,1,국민연금 가입 사업장 내역 2026-07,2026-07,2020,
x1327,미림소프트랩주식회사,산단 외,동구,,,데이터베이스 및 온라인 정보 제공업,소프트웨어·IT,,1~9명,9,,,,대구광역시 동구 장등로,1,국민연금 가입 사업장 내역 2026-07,2026-07,2020,
x1328,주식회사첨단하이테크,산단 외,달서구,,,선박 구성 부분품 제조업,기타 제조,,10~49명,13,,,,대구광역시 달서구 달서대로88길,1,국민연금 가입 사업장 내역 2026-07,2026-07,2020,
x1329,진보오토텍,산단 외,달성군,,,그 외 자동차용 신품 부품 제조업,자동차·부품,,10~49명,16,,,,대구광역시 달성군 구지면 국가산단대로33길,1,국민연금 가입 사업장 내역 2026-07,2026-07,2020,
x1330,주식회사유아이티,산단 외,달서구,,,컴퓨터 및 주변장치  소프트웨어 도매업,소프트웨어·IT,,1~9명,5,,,,대구광역시 달서구 장산로,1,국민연금 가입 사업장 내역 2026-07,2026-07,2020,
x1331,주식회사안성텍스,산단 외,달서구,,,화학섬유직물 직조업,섬유·패션,,1~9명,9,,,,대구광역시 달서구 조암남로19길,1,국민연금 가입 사업장 내역 2026-07,2026-07,2020,
x1332,(주)월드환경개발,산단 외,달성군,,,비금속류 원료 재생업,기계·금속,,1~9명,7,,,,대구광역시 달성군 현풍읍 현풍서로,1,국민연금 가입 사업장 내역 2026-07,2026-07,2020,
x1333,주식회사미래이엔지,산단 외,달성군,,,그 외 자동차용 신품 부품 제조업,자동차·부품,,10~49명,33,,,,대구광역시 달성군 논공읍 논공로87길,1,국민연금 가입 사업장 내역 2026-07,2026-07,2020,
x1334,주식회사프로웹,산단 외,동구,,,응용 소프트웨어 개발 및 공급업,소프트웨어·IT,,1~9명,3,,,,대구광역시 동구 장등로,1,국민연금 가입 사업장 내역 2026-07,2026-07,2020,
x1335,디캐드덴탈주식회사,산단 외,북구,,,정형 외과용 및 신체 보정용 기기 제조업,기타 제조,,1~9명,4,,,,대구광역시 북구 동북로,1,국민연금 가입 사업장 내역 2026-07,2026-07,2020,
x1336,주식회사삼화네트웍,산단 외,북구,,,데이터베이스 및 온라인 정보 제공업,소프트웨어·IT,,1~9명,9,,,,대구광역시 북구 침산로,1,국민연금 가입 사업장 내역 2026-07,2026-07,2020,
x1337,주식회사미듬엔텍,산단 외,달성군,,,플라스틱 선  봉  관 및 호스 제조업,화학·에너지,,1~9명,3,,,,대구광역시 달성군 하빈면 하산길,1,국민연금 가입 사업장 내역 2026-07,2026-07,2020,
x1338,주식회사 주원아이티,산단 외,수성구,,,응용 소프트웨어 개발 및 공급업,소프트웨어·IT,,1~9명,3,,,,대구광역시 수성구 알파시티1로4길,1,국민연금 가입 사업장 내역 2026-07,2026-07,2020,
x1339,주식회사 에이더블유시스템즈,산단 외,수성구,,,시스템 소프트웨어 개발 및 공급업,소프트웨어·IT,,1~9명,5,,,,대구광역시 수성구 들안로,1,국민연금 가입 사업장 내역 2026-07,2026-07,2020,
x1340,삼진환경산업주식회사,산단 외,서구,,,비금속류 원료 재생업,기계·금속,,1~9명,5,,,,대구광역시 서구 가르뱅이로,1,국민연금 가입 사업장 내역 2026-07,2026-07,2020,
x1341,주식회사제이에이치사이언스,산단 외,중구,,,화장품 제조업,화학·에너지,,1~9명,4,,,,대구광역시 중구 달구벌대로,1,국민연금 가입 사업장 내역 2026-07,2026-07,2020,
x1342,(주)나로테크,산단 외,수성구,,,산업 처리공정 제어장비 제조업,기계·금속,,1~9명,3,,,,대구광역시 수성구 범안로20길,1,국민연금 가입 사업장 내역 2026-07,2026-07,2020,
x1343,주식회사아이빌,산단 외,달성군,,,자동차용 신품 의자 제조업,자동차·부품,,1~9명,4,,,,대구광역시 달성군 다사읍 달구벌대로126길,1,국민연금 가입 사업장 내역 2026-07,2026-07,2020,
x1344,주식회사리만코리아,산단 외,동구,,,화장품 제조업,화학·에너지,,50~299명,180,,,,대구광역시 동구 동대구로,1,국민연금 가입 사업장 내역 2026-07,2026-07,2021,
x1345,로지스엠주식회사,산단 외,북구,,,화물 포장  검수 및 계량 서비스업,기타 제조,,1~9명,5,,,,대구광역시 북구 검단로27길,1,국민연금 가입 사업장 내역 2026-07,2026-07,2020,
x1346,(주)로얄정공/구지공장,산단 외,달성군,,,산업용 냉장 및 냉동장비 제조업,기계·금속,,1~9명,4,,,,대구광역시 달성군 구지면 국가산단대로40길,1,국민연금 가입 사업장 내역 2026-07,2026-07,2021,
x1347,(주)대림종합환경,산단 외,남구,,,기타 인문 및 사회과학 연구개발업,기타 서비스,,1~9명,6,,,,대구광역시 남구 대명남로,1,국민연금 가입 사업장 내역 2026-07,2026-07,2021,
x1348,주식회사신우첨단소재(ShinwooAdvancedMaterialsCo. Ltd.),산단 외,동구,,,그 외 기타 달리 분류되지 않은 제품 제조업,기타 제조,,1~9명,3,,,,대구광역시 동구 이노밸리로,1,국민연금 가입 사업장 내역 2026-07,2026-07,2021,
x1349,(주)바른푸드,산단 외,북구,,,김치류 제조업,식품,,1~9명,7,,,,대구광역시 북구 학정로1길,1,국민연금 가입 사업장 내역 2026-07,2026-07,2021,
x1350,주식회사이강산업,산단 외,서구,,,비금속류 해체 및 선별업,기계·금속,,1~9명,4,,,,대구광역시 서구 가르뱅이로9길,1,국민연금 가입 사업장 내역 2026-07,2026-07,2020,
x1351,(주)데이터센트릭,산단 외,북구,,,응용 소프트웨어 개발 및 공급업,소프트웨어·IT,,1~9명,5,,,,대구광역시 북구 호국로43길,1,국민연금 가입 사업장 내역 2026-07,2026-07,2021,
x1352,주식회사한일의료기,산단 외,동구,,,가정용 전기 난방기기 제조업,전기·전자,,1~9명,9,,,,대구광역시 동구 율하동로,1,국민연금 가입 사업장 내역 2026-07,2026-07,2021,
x1353,옐로시스주식회사,산단 외,동구,,,의학 및 약학 연구개발업,기타 서비스,,1~9명,5,,,,대구광역시 동구 동대구로,1,국민연금 가입 사업장 내역 2026-07,2026-07,2020,
x1354,주식회사루트시스템,산단 외,북구,,,응용 소프트웨어 개발 및 공급업,소프트웨어·IT,,1~9명,3,,,,대구광역시 북구 호암로,1,국민연금 가입 사업장 내역 2026-07,2026-07,2021,
x1355,주식회사디에스소프트,산단 외,달서구,,,컴퓨터 프로그래밍 서비스업,소프트웨어·IT,,1~9명,3,,,,대구광역시 달서구 구마로,1,국민연금 가입 사업장 내역 2026-07,2026-07,2020,
x1356,대구국제고등학교,산단 외,북구,,,태양력 발전업,화학·에너지,,10~49명,33,,,,대구광역시 북구 도남길,1,국민연금 가입 사업장 내역 2026-07,2026-07,2021,
x1357,주식회사영호식품,산단 외,달성군,,,육류 포장육 및 냉동육 가공업(가금류 제외),식품,,1~9명,3,,,,대구광역시 달성군 다사읍 다사로,1,국민연금 가입 사업장 내역 2026-07,2026-07,2020,
x1358,주식회사삼은이앤아이,산단 외,동구,,,전동기 및 발전기 제조업,전기·전자,,1~9명,9,,,,대구광역시 동구 동촌로16길,1,국민연금 가입 사업장 내역 2026-07,2026-07,2020,
x1359,(주)모든앤정다운,산단 외,동구,,,기타 직물제품 제조업,섬유·패션,,1~9명,7,,,,대구광역시 동구 동대구로,1,국민연금 가입 사업장 내역 2026-07,2026-07,2020,
x1360,주식회사리재테크,산단 외,달성군,,,그 외 자동차용 신품 부품 제조업,자동차·부품,,10~49명,44,,,,대구광역시 달성군 유가읍 비슬로96길,1,국민연금 가입 사업장 내역 2026-07,2026-07,2021,
x1361,주식회사포커머스,산단 외,중구,,,셔츠 및 블라우스 제조업,기타 제조,,1~9명,3,,,,대구광역시 중구 종로,1,국민연금 가입 사업장 내역 2026-07,2026-07,2020,
x1362,주식회사킴스트,산단 외,남구,,,모터사이클 제조업,기타 제조,,10~49명,12,,,,대구광역시 남구 명덕로,1,국민연금 가입 사업장 내역 2026-07,2026-07,2021,
x1363,주식회사엑스큐브,산단 외,서구,,,응용 소프트웨어 개발 및 공급업,소프트웨어·IT,,10~49명,14,,,,대구광역시 서구 와룡로,1,국민연금 가입 사업장 내역 2026-07,2026-07,2021,
x1364,주식회사 와이지기술산업,산단 외,달서구,,,강 주물 주조업,기계·금속,,1~9명,3,,,,대구광역시 달서구 성서공단로,1,국민연금 가입 사업장 내역 2026-07,2026-07,2021,
x1365,블루에프씨주식회사,산단 외,서구,,,전기ㆍ전자공학 연구개발업,전기·전자,,10~49명,10,,,,대구광역시 서구 와룡로,1,국민연금 가입 사업장 내역 2026-07,2026-07,2021,
x1366,주식회사 플로우넥스트,산단 외,중구,,,그 외 기타 플라스틱 제품 제조업,화학·에너지,,1~9명,3,,,,대구광역시 중구 태평로,1,국민연금 가입 사업장 내역 2026-07,2026-07,2021,
x1367,고성점기아오토큐(주),산단 외,북구,,,자동차 종합 수리업,자동차·부품,,1~9명,7,,,,대구광역시 북구 옥산로,1,국민연금 가입 사업장 내역 2026-07,2026-07,2021,
x1368,주식회사유성에프에이(YooSungFA),산단 외,달서구,,,그 외 기타 특수 목적용 기계 제조업,기계·금속,,10~49명,21,,,,대구광역시 달서구 성서4차첨단로,1,국민연금 가입 사업장 내역 2026-07,2026-07,2021,
x1369,주식회사유니온이엔지,산단 외,수성구,,,기타 가정용 전기 기기 제조업,전기·전자,,1~9명,6,,,,대구광역시 수성구 알파시티1로,1,국민연금 가입 사업장 내역 2026-07,2026-07,2021,
x1370,주식회사이에스앤에이치,산단 외,달서구,,,그 외 자동차용 신품 부품 제조업,자동차·부품,,1~9명,9,,,,대구광역시 달서구 성서서로25길,1,국민연금 가입 사업장 내역 2026-07,2026-07,2020,
x1371,주식회사에쓰엔티코리아,산단 외,달서구,,,그 외 자동차용 신품 부품 제조업,자동차·부품,,10~49명,18,,,,대구광역시 달서구 성서공단남로40길,1,국민연금 가입 사업장 내역 2026-07,2026-07,2021,
x1372,주식회사에이치아이테크,산단 외,북구,,,그 외 자동차용 신품 부품 제조업,자동차·부품,,1~9명,8,,,,대구광역시 북구 검단공단로,1,국민연금 가입 사업장 내역 2026-07,2026-07,2021,
x1373,(주)에프앤피,산단 외,달서구,,,그 외 기타 전자 부품 제조업,전기·전자,,50~299명,50,,,,대구광역시 달서구 월배로,1,국민연금 가입 사업장 내역 2026-07,2026-07,2021,
x1374,주식회사이공산업,산단 외,달서구,,,그 외 자동차용 신품 부품 제조업,자동차·부품,,50~299명,50,,,,대구광역시 달서구 구마로,1,국민연금 가입 사업장 내역 2026-07,2026-07,2021,
x1375,주식회사 에스씨정공,산단 외,북구,,,금속선 가공제품 제조업,기계·금속,,1~9명,8,,,,대구광역시 북구 3공단로44길,1,국민연금 가입 사업장 내역 2026-07,2026-07,2021,
x1376,주식회사이엠지,산단 외,북구,,,기타 게임 소프트웨어 개발 및 공급업,소프트웨어·IT,,10~49명,11,,,,대구광역시 북구 연암로,1,국민연금 가입 사업장 내역 2026-07,2026-07,2021,
x1377,주식회사삼환스틸,산단 외,달성군,,,일반 철물 제조업,기타 제조,,1~9명,3,,,,대구광역시 달성군 하빈면 하빈남로,1,국민연금 가입 사업장 내역 2026-07,2026-07,2021,
x1378,(주)글래스돔코리아,산단 외,수성구,,,응용 소프트웨어 개발 및 공급업,소프트웨어·IT,,10~49명,34,,,,대구광역시 수성구 알파시티1로42길,1,국민연금 가입 사업장 내역 2026-07,2026-07,2021,
x1379,주식회사브라보비버대구,산단 외,북구,,,과자류 및 코코아 제품 제조업,기타 제조,,50~299명,70,,,,대구광역시 북구 노원로,1,국민연금 가입 사업장 내역 2026-07,2026-07,2021,
x1380,주식회사나무엔지니어링,산단 외,동구,,,건물 및 토목 엔지니어링 서비스업,기타 서비스,,1~9명,5,,,,대구광역시 동구 메디밸리로,1,국민연금 가입 사업장 내역 2026-07,2026-07,2021,
x1381,(주)후레쉬푸드,산단 외,수성구,,,도시락류 제조업,기타 제조,,1~9명,9,,,,대구광역시 수성구 만촌로28길,1,국민연금 가입 사업장 내역 2026-07,2026-07,2021,
x1382,(주)이비아이,산단 외,달서구,,,응용 소프트웨어 개발 및 공급업,소프트웨어·IT,,1~9명,7,,,,대구광역시 달서구 성서로,1,국민연금 가입 사업장 내역 2026-07,2026-07,2021,
x1383,주식회사엄지토목기술,산단 외,군위군,,,건물 및 토목 엔지니어링 서비스업,기타 서비스,,10~49명,10,,,,대구광역시 군위군 군위읍 중앙길,1,국민연금 가입 사업장 내역 2026-07,2026-07,2021,
x1384,(주)대천이엔지,산단 외,동구,,,건물 및 토목 엔지니어링 서비스업,기타 서비스,,1~9명,3,,,,대구광역시 동구 동부로5길,1,국민연금 가입 사업장 내역 2026-07,2026-07,2021,
x1385,주식회사 애슬레틱그라파이트기어,산단 외,수성구,,,기타 운동 및 경기용구 제조업,기타 제조,,1~9명,3,,,,대구광역시 수성구 신천동로,1,국민연금 가입 사업장 내역 2026-07,2026-07,2021,
x1386,범호아이티주식회사,산단 외,동구,,,응용 소프트웨어 개발 및 공급업,소프트웨어·IT,,10~49명,18,,,,대구광역시 동구 동대구로,1,국민연금 가입 사업장 내역 2026-07,2026-07,2021,
x1387,주식회사수타미,산단 외,동구,,,가정용 및 장식용 도자기 제조업,기타 제조,,1~9명,3,,,,대구광역시 동구 효동로1길,1,국민연금 가입 사업장 내역 2026-07,2026-07,2021,
x1388,마이덴탈랩,산단 외,북구,,,치과용 기기 제조업,의료·바이오,,10~49명,10,,,,대구광역시 북구 침산로,1,국민연금 가입 사업장 내역 2026-07,2026-07,2021,
x1389,주식회사신텍스헬스케어,산단 외,동구,,,인삼식품 제조업,식품,,1~9명,6,,,,대구광역시 동구 반야월로24길,1,국민연금 가입 사업장 내역 2026-07,2026-07,2021,
x1390,(주)송이축산물프라자,산단 외,북구,,,육류 포장육 및 냉동육 가공업(가금류 제외),식품,,10~49명,14,,,,대구광역시 북구 구암로17길,1,국민연금 가입 사업장 내역 2026-07,2026-07,2021,
x1391,라온침구,산단 외,달성군,,,침구 및 관련제품 제조업,기타 제조,,10~49명,14,,,,대구광역시 달성군 논공읍 금강로10길,1,국민연금 가입 사업장 내역 2026-07,2026-07,2021,
x1392,누리테크,산단 외,달서구,,,그 외 자동차용 신품 부품 제조업,자동차·부품,,10~49명,10,,,,대구광역시 달서구 호산동로,1,국민연금 가입 사업장 내역 2026-07,2026-07,2021,
x1393,전국구주식회사,산단 외,달성군,,,컴퓨터 시스템 통합 자문 및 구축 서비스업,소프트웨어·IT,,1~9명,3,,,,대구광역시 달성군 논공로9길,1,국민연금 가입 사업장 내역 2026-07,2026-07,2021,
x1394,(주)대한파크골프시스템,산단 외,수성구,,,응용 소프트웨어 개발 및 공급업,소프트웨어·IT,,1~9명,3,,,,대구광역시 수성구 알파시티1로31길,1,국민연금 가입 사업장 내역 2026-07,2026-07,2021,
x1395,주식회사미래엔지니어링,산단 외,달성군,,,배전반 및 전기 자동제어반 제조업,전기·전자,,1~9명,4,,,,대구광역시 달성군 구지면 달성2차4로,1,국민연금 가입 사업장 내역 2026-07,2026-07,2021,
x1396,대성오토,산단 외,달서구,,,산업용 그 외 비경화 고무제품 제조업,화학·에너지,,10~49명,12,,,,대구광역시 달서구 달서대로58길,1,국민연금 가입 사업장 내역 2026-07,2026-07,2021,
x1397,디엑스웍스 주식회사,산단 외,동구,,,응용 소프트웨어 개발 및 공급업,소프트웨어·IT,,10~49명,32,,,,대구광역시 동구 경대로,1,국민연금 가입 사업장 내역 2026-07,2026-07,2021,
x1398,주식회사글라우드(GloudC. Ltd.),산단 외,동구,,,응용 소프트웨어 개발 및 공급업,소프트웨어·IT,,10~49명,48,,,,대구광역시 동구 동대구로,1,국민연금 가입 사업장 내역 2026-07,2026-07,2021,
x1399,주식회사푸른푸드팩토리,산단 외,서구,,,수산동물 훈제  조리 및 유사 조제식품 제조업,식품,,1~9명,6,,,,대구광역시 서구 달구벌대로,1,국민연금 가입 사업장 내역 2026-07,2026-07,2021,
x1400,주식회사담음,산단 외,북구,,,포장용 플라스틱 성형용기 제조업,화학·에너지,,1~9명,5,,,,대구광역시 북구 매천로,1,국민연금 가입 사업장 내역 2026-07,2026-07,2021,
x1401,포항금속주식회사,산단 외,북구,,,철강선 제조업,기계·금속,,1~9명,7,,,,대구광역시 북구 노원동로,1,국민연금 가입 사업장 내역 2026-07,2026-07,2021,
x1402,(주)키미티즈,산단 외,서구,,,유아용 의복 제조업,섬유·패션,,1~9명,4,,,,대구광역시 서구 큰장로,1,국민연금 가입 사업장 내역 2026-07,2026-07,2021,
x1403,세방테크,산단 외,북구,,,금속 문  창  셔터 및 관련제품 제조업,기계·금속,,10~49명,10,,,,대구광역시 북구 검단동로,1,국민연금 가입 사업장 내역 2026-07,2026-07,2021,
x1404,주식회사반달,산단 외,달성군,,,플라스틱 포대  봉투 및 유사제품 제조업,화학·에너지,,1~9명,3,,,,대구광역시 달성군 옥포읍 비슬로447길,1,국민연금 가입 사업장 내역 2026-07,2026-07,2021,
x1405,주식회사디자인그룹이서,산단 외,수성구,,,기타 공학 연구개발업,기타 서비스,,1~9명,3,,,,대구광역시 수성구 만촌로,1,국민연금 가입 사업장 내역 2026-07,2026-07,2021,
x1406,주식회사브라비오,산단 외,동구,,,그 외 자동차용 신품 부품 제조업,자동차·부품,,1~9명,6,,,,대구광역시 동구 반야월로,1,국민연금 가입 사업장 내역 2026-07,2026-07,2021,
x1407,주식회사스트라,산단 외,북구,,,응용 소프트웨어 개발 및 공급업,소프트웨어·IT,,1~9명,5,,,,대구광역시 북구 대현로9길,1,국민연금 가입 사업장 내역 2026-07,2026-07,2021,
x1408,(주)이비즈소프트앤컨설팅,산단 외,동구,,,응용 소프트웨어 개발 및 공급업,소프트웨어·IT,,1~9명,7,,,,대구광역시 동구 동북로,1,국민연금 가입 사업장 내역 2026-07,2026-07,2021,
x1409,대사칠구칠구,산단 외,동구,,,대리운전기사,전기·전자,,10~49명,14,,,,대구광역시 동구 동부로,1,국민연금 가입 사업장 내역 2026-07,2026-07,2021,
x1410,농업회사법인아싸고기주식회사 대구지점,산단 외,북구,,,음ㆍ식료품 및 담배 가공기계 제조업,식품,,1~9명,3,,,,대구광역시 북구 팔거천동로4길,1,국민연금 가입 사업장 내역 2026-07,2026-07,2021,
x1411,주식회사아신하이테크,산단 외,달성군,,,인쇄 및 제책용 기계 제조업,기계·금속,,1~9명,7,,,,대구광역시 달성군 옥포읍 간경1길,1,국민연금 가입 사업장 내역 2026-07,2026-07,2021,
x1412,동림패키지주식회사,산단 외,달서구,,,폴리스티렌 발포 성형제품 제조업,기타 제조,,1~9명,3,,,,대구광역시 달서구 한실로6길,1,국민연금 가입 사업장 내역 2026-07,2026-07,2021,
x1413,주식회사 하이홈,산단 외,달서구,,,침구 및 관련제품 제조업,기타 제조,,1~9명,4,,,,대구광역시 달서구 성서로,1,국민연금 가입 사업장 내역 2026-07,2026-07,2021,
x1414,(주)주운이엔지,산단 외,달서구,,,그 외 자동차용 신품 부품 제조업,자동차·부품,,10~49명,44,,,,대구광역시 달서구 달서대로91길,1,국민연금 가입 사업장 내역 2026-07,2026-07,2021,
x1415,(주)금강코퍼레이션,산단 외,북구,,,기타 기계ㆍ장비 조립용 플라스틱제품 제조업,화학·에너지,,1~9명,5,,,,대구광역시 북구 팔달로7길,1,국민연금 가입 사업장 내역 2026-07,2026-07,2021,
x1416,주식회사 바토너스 기업부설연구소,산단 외,동구,,,컴퓨터 프로그래밍 서비스업,소프트웨어·IT,,1~9명,5,,,,대구광역시 동구 팔공로31길,1,국민연금 가입 사업장 내역 2026-07,2026-07,2021,
x1417,주식회사아틀라스21,산단 외,중구,,,데이터베이스 및 온라인 정보 제공업,소프트웨어·IT,,1~9명,5,,,,대구광역시 중구 동성로1길,1,국민연금 가입 사업장 내역 2026-07,2026-07,2021,
x1418,(주)유니드아이티,산단 외,북구,,,컴퓨터 프로그래밍 서비스업,소프트웨어·IT,,1~9명,8,,,,대구광역시 북구 신천동로,1,국민연금 가입 사업장 내역 2026-07,2026-07,2021,
x1419,주식회사에이치피에스,산단 외,달서구,,,사무용 기계 및 장비 제조업,기계·금속,,1~9명,3,,,,대구광역시 달서구 월곡로100안길,1,국민연금 가입 사업장 내역 2026-07,2026-07,2021,
x1420,주식회사글로리엔지니어링,산단 외,동구,,,건물 및 토목 엔지니어링 서비스업(기술사),기타 서비스,,1~9명,3,,,,대구광역시 동구 아양로,1,국민연금 가입 사업장 내역 2026-07,2026-07,2021,
x1421,주식회사프리하라,산단 외,수성구,,,데이터베이스 및 온라인 정보 제공업,소프트웨어·IT,,1~9명,3,,,,대구광역시 수성구 들안로40길,1,국민연금 가입 사업장 내역 2026-07,2026-07,2021,
x1422,(주)스마트시스템,산단 외,수성구,,,전자기 측정  시험 및 분석 기구 제조업,전기·전자,,1~9명,4,,,,대구광역시 수성구 달구벌대로604길,1,국민연금 가입 사업장 내역 2026-07,2026-07,2021,
x1423,(주)태호,산단 외,달성군,,,이동 전화기 제조업,기타 제조,,1~9명,8,,,,대구광역시 달성군 구지면 달성2차1로,1,국민연금 가입 사업장 내역 2026-07,2026-07,2021,
x1424,그리트주식회사,산단 외,수성구,,,응용 소프트웨어 개발 및 공급업,소프트웨어·IT,,1~9명,4,,,,대구광역시 수성구 지범로,1,국민연금 가입 사업장 내역 2026-07,2026-07,2021,
x1425,주식회사제로원시스템,산단 외,동구,,,배전반 및 전기 자동제어반 제조업,전기·전자,,1~9명,4,,,,대구광역시 동구 용계로1길,1,국민연금 가입 사업장 내역 2026-07,2026-07,2021,
x1426,주식회사 에이엔제이사이언스,산단 외,동구,,,의학 및 약학 연구개발업,기타 서비스,,1~9명,7,,,,대구광역시 동구 첨복로,1,국민연금 가입 사업장 내역 2026-07,2026-07,2021,
x1427,구십육퍼센트(96%),산단 외,동구,,,기타 게임 소프트웨어 개발 및 공급업,소프트웨어·IT,,10~49명,12,,,,대구광역시 동구 동대구로,1,국민연금 가입 사업장 내역 2026-07,2026-07,2021,
x1428,안동텍스타일주식회사,산단 외,서구,,,면직물 직조업,섬유·패션,,1~9명,3,,,,대구광역시 서구 염색공단로7길,1,국민연금 가입 사업장 내역 2026-07,2026-07,2021,
x1429,주식회사컨비노스,산단 외,수성구,,,컴퓨터 시스템 통합 자문 및 구축 서비스업,소프트웨어·IT,,1~9명,9,,,,대구광역시 수성구 들안로,1,국민연금 가입 사업장 내역 2026-07,2026-07,2021,
x1430,아이뮤지크주식회사,산단 외,북구,,,비디오 및 기타 영상 기기 제조업,기타 제조,,1~9명,3,,,,대구광역시 북구 옥산로,1,국민연금 가입 사업장 내역 2026-07,2026-07,2021,
x1431,아이넥스시스템,산단 외,동구,,,응용 소프트웨어 개발 및 공급업,소프트웨어·IT,,10~49명,23,,,,대구광역시 동구 동부로22길,1,국민연금 가입 사업장 내역 2026-07,2026-07,2021,
x1432,주식회사트릴리온,산단 외,서구,,,화학섬유직물 직조업,섬유·패션,,1~9명,3,,,,대구광역시 서구 와룡로66길,1,국민연금 가입 사업장 내역 2026-07,2026-07,2021,
x1433,주식회사마운틴80,산단 외,동구,,,빵류 제조업,식품,,1~9명,5,,,,대구광역시 동구 팔공로49길,1,국민연금 가입 사업장 내역 2026-07,2026-07,2021,
x1434,주식회사엘티에스,산단 외,서구,,,물질 검사  측정 및 분석 기구 제조업,기타 제조,,1~9명,3,,,,대구광역시 서구 와룡로,1,국민연금 가입 사업장 내역 2026-07,2026-07,2021,
x1435,하랑DentalLab,산단 외,남구,,,정형 외과용 및 신체 보정용 기기 제조업,기타 제조,,10~49명,14,,,,대구광역시 남구 대명로,1,국민연금 가입 사업장 내역 2026-07,2026-07,2021,
x1436,(주)검단자동차정비검사소,산단 외,북구,,,자동차 종합 수리업,자동차·부품,,1~9명,8,,,,대구광역시 북구 검단공단로21길,1,국민연금 가입 사업장 내역 2026-07,2026-07,2021,
x1437,주식회사리필,산단 외,달성군,,,물리  화학 및 생물학 연구개발업,화학·에너지,,1~9명,6,,,,대구광역시 달성군 현풍읍 테크노중앙대로,1,국민연금 가입 사업장 내역 2026-07,2026-07,2021,
x1438,(주)오트모,산단 외,동구,,,시스템 소프트웨어 개발 및 공급업,소프트웨어·IT,,1~9명,6,,,,대구광역시 동구 장등로,1,국민연금 가입 사업장 내역 2026-07,2026-07,2021,
x1439,하늘이,산단 외,달성군,,,기타 식사용 가공처리 조리식품 제조업,식품,,10~49명,12,,,,대구광역시 달성군 논공읍 논공로,1,국민연금 가입 사업장 내역 2026-07,2026-07,2021,
x1440,포겟미낫컴바인드,산단 외,달서구,,,침구 및 관련제품 제조업,기타 제조,,10~49명,10,,,,대구광역시 달서구 성서공단로,1,국민연금 가입 사업장 내역 2026-07,2026-07,2021,
x1441,(주)지방정책연구소,산단 외,서구,,,경제 및 경영학 연구개발업,기타 서비스,,1~9명,5,,,,대구광역시 서구 달서로,1,국민연금 가입 사업장 내역 2026-07,2026-07,2021,
x1442,오투웹스주식회사,산단 외,동구,,,시스템 소프트웨어 개발 및 공급업,소프트웨어·IT,,1~9명,8,,,,대구광역시 동구 장등로,1,국민연금 가입 사업장 내역 2026-07,2026-07,2021,
x1443,주식회사정원아이앤씨,산단 외,북구,,,패션  섬유류 및 기타 전문 디자인업,섬유·패션,,1~9명,5,,,,대구광역시 북구 칠성남로30길,1,국민연금 가입 사업장 내역 2026-07,2026-07,2021,
x1444,(주)아진폴리텍,산단 외,달서구,,,직물  편조 원단 및 의복류 염색 가공업,섬유·패션,,1~9명,5,,,,대구광역시 달서구 성서공단로39길,1,국민연금 가입 사업장 내역 2026-07,2026-07,2021,
x1445,주식회사엘케이코리아,산단 외,동구,,,탭  밸브 및 유사 장치 제조업,기타 제조,,1~9명,7,,,,대구광역시 동구 매여로1길,1,국민연금 가입 사업장 내역 2026-07,2026-07,2021,
x1446,주식회사윔,산단 외,북구,,,응용 소프트웨어 개발 및 공급업,소프트웨어·IT,,10~49명,16,,,,대구광역시 북구 호암로,1,국민연금 가입 사업장 내역 2026-07,2026-07,2021,
x1447,(주)정인이엔지,산단 외,달성군,,,산업 처리공정 제어장비 제조업,기계·금속,,1~9명,9,,,,대구광역시 달성군 다사읍 세천로7길,1,국민연금 가입 사업장 내역 2026-07,2026-07,2021,
x1448,(주)블랙링크,산단 외,수성구,,,컴퓨터 및 주변장치  소프트웨어 도매업,소프트웨어·IT,,1~9명,9,,,,대구광역시 수성구 범어로19길,1,국민연금 가입 사업장 내역 2026-07,2026-07,2021,
x1449,신세계양꼬치,산단 외,동구,,,한식 육류 요리 전문점,식품,,10~49명,10,,,,대구광역시 동구 효신로5길,1,국민연금 가입 사업장 내역 2026-07,2026-07,2021,
x1450,(주)동운이노텍,산단 외,달성군,,,산업 처리공정 제어장비 제조업,기계·금속,,1~9명,4,,,,대구광역시 달성군 논공읍 비슬로262길,1,국민연금 가입 사업장 내역 2026-07,2026-07,2021,
x1451,주식회사 블리츠다이나믹스,산단 외,달성군,,,응용 소프트웨어 개발 및 공급업,소프트웨어·IT,,50~299명,130,,,,대구광역시 달성군 유가읍 현풍로47길,1,국민연금 가입 사업장 내역 2026-07,2026-07,2021,
x1452,실리코팜 주식회사,산단 외,달성군,,,응용 소프트웨어 개발 및 공급업,소프트웨어·IT,,1~9명,5,,,,대구광역시 달성군 현풍읍 테크노중앙대로,1,국민연금 가입 사업장 내역 2026-07,2026-07,2021,
x1453,(주)비씨엔에너지,산단 외,중구,,,태양력 발전업,화학·에너지,,1~9명,4,,,,대구광역시 중구 신암로,1,국민연금 가입 사업장 내역 2026-07,2026-07,2021,
x1454,주식회사아이에스비,산단 외,동구,,,물질 검사  측정 및 분석 기구 제조업,기타 제조,,1~9명,9,,,,대구광역시 동구 동호로,1,국민연금 가입 사업장 내역 2026-07,2026-07,2021,
x1455,주식회사대성정밀,산단 외,달성군,,,그 외 자동차용 신품 부품 제조업,자동차·부품,,10~49명,21,,,,대구광역시 달성군 논공읍 논공로87길,1,국민연금 가입 사업장 내역 2026-07,2026-07,2021,
x1456,숨디자인,산단 외,중구,,,시각 디자인업,기타 서비스,,10~49명,13,,,,대구광역시 중구 달구벌대로443길,1,국민연금 가입 사업장 내역 2026-07,2026-07,2021,
x1457,호미담,산단 외,수성구,,,떡류 제조업,식품,,10~49명,11,,,,대구광역시 수성구 청수로,1,국민연금 가입 사업장 내역 2026-07,2026-07,2021,
x1458,메디플로우 주식회사,산단 외,수성구,,,응용 소프트웨어 개발 및 공급업,소프트웨어·IT,,10~49명,11,,,,대구광역시 수성구 알파시티1로42길,1,국민연금 가입 사업장 내역 2026-07,2026-07,2021,
x1459,주식회사티케이씨,산단 외,북구,,,합성수지 및 기타 플라스틱 물질 제조업,화학·에너지,,1~9명,5,,,,대구광역시 북구 동암로12길,1,국민연금 가입 사업장 내역 2026-07,2026-07,2021,
x1460,에이닷 주식회사,산단 외,동구,,,시스템 소프트웨어 개발 및 공급업,소프트웨어·IT,,1~9명,9,,,,대구광역시 동구 경안로,1,국민연금 가입 사업장 내역 2026-07,2026-07,2021,
x1461,주식회사 이에스텍,산단 외,북구,,,합성수지 및 기타 플라스틱 물질 제조업,화학·에너지,,1~9명,5,,,,대구광역시 북구 검단순환로7길,1,국민연금 가입 사업장 내역 2026-07,2026-07,2021,
x1462,주식회사루몽스튜디오,산단 외,북구,,,응용 소프트웨어 개발 및 공급업,소프트웨어·IT,,1~9명,4,,,,대구광역시 북구 옥산로,1,국민연금 가입 사업장 내역 2026-07,2026-07,2021,
x1463,주식회사 닥터테일(Dr.TailInc.),산단 외,동구,,,응용 소프트웨어 개발 및 공급업,소프트웨어·IT,,1~9명,9,,,,대구광역시 동구 동대구로,1,국민연금 가입 사업장 내역 2026-07,2026-07,2021,
x1464,주식회사 다올라인,산단 외,남구,,,그 외 기타 플라스틱 제품 제조업,화학·에너지,,1~9명,3,,,,대구광역시 남구 명덕로,1,국민연금 가입 사업장 내역 2026-07,2026-07,2021,
x1465,주식회사델콘,산단 외,서구,,,치과용 기기 제조업,의료·바이오,,10~49명,12,,,,대구광역시 서구 와룡로,1,국민연금 가입 사업장 내역 2026-07,2026-07,2021,
x1466,주식회사8월,산단 외,동구,,,시각 디자인업,기타 서비스,,1~9명,4,,,,대구광역시 동구 동대구로,1,국민연금 가입 사업장 내역 2026-07,2026-07,2021,
x1467,주식회사 대호,산단 외,달서구,,,자동차용 신품 의자 제조업,자동차·부품,,1~9명,3,,,,대구광역시 달서구 문화회관길,1,국민연금 가입 사업장 내역 2026-07,2026-07,2021,
x1468,주식회사디아비전(DiaVision Inc.),산단 외,동구,,,응용 소프트웨어 개발 및 공급업,소프트웨어·IT,,1~9명,8,,,,대구광역시 동구 동대구로,1,국민연금 가입 사업장 내역 2026-07,2026-07,2021,
x1469,(주)리은푸드,산단 외,수성구,,,육류 기타 가공 및 저장 처리업(가금류 제외),식품,,1~9명,5,,,,대구광역시 수성구 국채보상로194길,1,국민연금 가입 사업장 내역 2026-07,2026-07,2021,
x1470,주식회사수향,산단 외,남구,,,빵류 제조업,식품,,1~9명,8,,,,대구광역시 남구 앞산순환로93길,1,국민연금 가입 사업장 내역 2026-07,2026-07,2021,
x1471,주식회사에스에이치티시스템,산단 외,중구,,,절삭 가공 및 유사 처리업,기계·금속,,1~9명,3,,,,대구광역시 중구 국채보상로139길,1,국민연금 가입 사업장 내역 2026-07,2026-07,2021,
x1472,주식회사와이에스글로벌,산단 외,서구,,,화학섬유직물 직조업,섬유·패션,,1~9명,4,,,,대구광역시 서구 국채보상로7길,1,국민연금 가입 사업장 내역 2026-07,2026-07,2021,
x1473,주식회사 기화산업,산단 외,달성군,,,그 외 자동차용 신품 부품 제조업,자동차·부품,,10~49명,41,,,,대구광역시 달성군 다사읍 세천로3길,1,국민연금 가입 사업장 내역 2026-07,2026-07,2021,
x1474,주식회사 이용재베이커리,산단 외,달성군,,,빵류 제조업,식품,,1~9명,3,,,,대구광역시 달성군 다사읍 세천로9길,1,국민연금 가입 사업장 내역 2026-07,2026-07,2021,
x1475,주식회사로고스바이오일렉트로닉스,산단 외,서구,,,그 외 기타 정보 서비스업,기타 서비스,,1~9명,3,,,,대구광역시 서구 평리로,1,국민연금 가입 사업장 내역 2026-07,2026-07,2021,
x1476,주식회사와이디자인랩(YDESIGNLab),산단 외,수성구,,,응용 소프트웨어 개발 및 공급업,소프트웨어·IT,,10~49명,13,,,,대구광역시 수성구 무열로,1,국민연금 가입 사업장 내역 2026-07,2026-07,2021,
x1477,주식회사 식파마,산단 외,동구,,,데이터베이스 및 온라인 정보 제공업,소프트웨어·IT,,1~9명,8,,,,대구광역시 동구 동대구로,1,국민연금 가입 사업장 내역 2026-07,2026-07,2022,
x1478,포체인스,산단 외,중구,,,응용 소프트웨어 개발 및 공급업,소프트웨어·IT,,1~9명,3,,,,대구광역시 중구 국채보상로,1,국민연금 가입 사업장 내역 2026-07,2026-07,2021,
x1479,주식회사일만백만,산단 외,북구,,,기억 장치 제조업,기타 제조,,10~49명,32,,,,대구광역시 북구 호암로,1,국민연금 가입 사업장 내역 2026-07,2026-07,2022,
x1480,주식회사아이맘컴퍼니,산단 외,북구,,,데이터베이스 및 온라인 정보 제공업,소프트웨어·IT,,1~9명,6,,,,대구광역시 북구 성북로5길,1,국민연금 가입 사업장 내역 2026-07,2026-07,2021,
x1481,주식회사푸가,산단 외,북구,,,기타 공학 연구개발업,기타 서비스,,1~9명,3,,,,대구광역시 북구 도남중앙로7길,1,국민연금 가입 사업장 내역 2026-07,2026-07,2021,
x1482,주식회사어스터빈,산단 외,중구,,,산업용 냉장 및 냉동장비 제조업,기계·금속,,1~9명,3,,,,대구광역시 중구 동덕로40길,1,국민연금 가입 사업장 내역 2026-07,2026-07,2021,
x1483,주식회사 일성엔지니어링,산단 외,군위군,,,건물 및 토목 엔지니어링 서비스업,기타 서비스,,1~9명,3,,,,대구광역시 군위군 군위읍 경북대로,1,국민연금 가입 사업장 내역 2026-07,2026-07,2021,
x1484,주식회사에스티시스템,산단 외,북구,,,컴퓨터 및 주변장치  소프트웨어 도매업,소프트웨어·IT,,1~9명,3,,,,대구광역시 북구 유통단지로,1,국민연금 가입 사업장 내역 2026-07,2026-07,2021,
x1485,주식회사태영환경산업,산단 외,달성군,,,표면 가공목재 및 특정 목적용 제재목 제조업,기계·금속,,1~9명,4,,,,대구광역시 달성군 화원읍,1,국민연금 가입 사업장 내역 2026-07,2026-07,2022,
x1486,주식회사코얍(COYAPCO. LTD),산단 외,북구,,,안경 및 안경렌즈 제조업,의료·바이오,,1~9명,4,,,,대구광역시 북구 3공단로,1,국민연금 가입 사업장 내역 2026-07,2026-07,2021,
x1487,주식회사아이콘시스(ICONSYSCo. Ltd.),산단 외,북구,,,반도체 제조용 기계 제조업,전기·전자,,1~9명,3,,,,대구광역시 북구 학남로15길,1,국민연금 가입 사업장 내역 2026-07,2026-07,2022,
x1488,주식회사클레어오디언스,산단 외,달서구,,,기타 가정용 전기 기기 제조업,전기·전자,,1~9명,4,,,,대구광역시 달서구 달구벌대로,1,국민연금 가입 사업장 내역 2026-07,2026-07,2021,
x1489,주식회사에스티앤아이,산단 외,수성구,,,산업용 로봇 제조업,로봇,,1~9명,8,,,,대구광역시 수성구 알파시티1로40길,1,국민연금 가입 사업장 내역 2026-07,2026-07,2022,
x1490,주식회사엠버스,산단 외,동구,,,응용 소프트웨어 개발 및 공급업,소프트웨어·IT,,10~49명,16,,,,대구광역시 동구 동대구로,1,국민연금 가입 사업장 내역 2026-07,2026-07,2022,
x1491,주식회사 푸코스,산단 외,달성군,,,육류 기타 가공 및 저장 처리업(가금류 제외),식품,,50~299명,51,,,,대구광역시 달성군 논공읍 금포새터길,1,국민연금 가입 사업장 내역 2026-07,2026-07,2021,
x1492,주식회사씨앤코컴퍼니,산단 외,서구,,,그 외 기타 봉제의복 제조업,섬유·패션,,1~9명,9,,,,대구광역시 서구 달서로15길,1,국민연금 가입 사업장 내역 2026-07,2026-07,2021,
x1493,비창테크,산단 외,달서구,,,농업 및 임업용 기계 제조업,기계·금속,,10~49명,10,,,,대구광역시 달서구 호산로,1,국민연금 가입 사업장 내역 2026-07,2026-07,2021,
x1494,주식회사 에스엘밸리,산단 외,수성구,,,전기 경보 및 신호장치 제조업,전기·전자,,1~9명,7,,,,대구광역시 수성구 달구벌대로651길,1,국민연금 가입 사업장 내역 2026-07,2026-07,2022,
x1495,주식회사 퓨처드라이브,산단 외,동구,,,전기ㆍ전자공학 연구개발업,전기·전자,,10~49명,22,,,,대구광역시 동구 동대구로,1,국민연금 가입 사업장 내역 2026-07,2026-07,2022,
x1496,아이엠,산단 외,달성군,,,기타 기계ㆍ장비 조립용 플라스틱제품 제조업,화학·에너지,,1~9명,3,,,,대구광역시 달성군 옥포읍 비슬로457길,1,국민연금 가입 사업장 내역 2026-07,2026-07,2021,
x1497,(주)코테스,산단 외,중구,,,스크린 인쇄업,기타 제조,,1~9명,3,,,,대구광역시 중구 명덕로35길,1,국민연금 가입 사업장 내역 2026-07,2026-07,2022,
x1498,주식회사디엔에스지,산단 외,달서구,,,금속 절삭기계 제조업,기계·금속,,1~9명,4,,,,대구광역시 달서구 성서로,1,국민연금 가입 사업장 내역 2026-07,2026-07,2021,
x1499,불루텍스타일주식회사,산단 외,달서구,,,화학섬유직물 직조업,섬유·패션,,1~9명,5,,,,대구광역시 달서구 성서공단로,1,국민연금 가입 사업장 내역 2026-07,2026-07,2022,
x1500,주식회사문화도시사점영,산단 외,중구,,,기타 인문 및 사회과학 연구개발업,기타 서비스,,1~9명,3,,,,대구광역시 중구 대봉로,1,국민연금 가입 사업장 내역 2026-07,2026-07,2022,
x1501,주식회사 서영이엔지,산단 외,달성군,,,그 외 자동차용 신품 부품 제조업,자동차·부품,,1~9명,3,,,,대구광역시 달성군 하빈면 하빈남로,1,국민연금 가입 사업장 내역 2026-07,2026-07,2022,
x1502,비에스스틸주식회사,산단 외,달성군,,,그 외 기타 1차 철강 제조업,기계·금속,,10~49명,10,,,,대구광역시 달성군 구지면 달성2차2로,1,국민연금 가입 사업장 내역 2026-07,2026-07,2022,
x1503,주식회사유림어패럴,산단 외,동구,,,속옷 및 잠옷 제조업,기타 제조,,1~9명,4,,,,대구광역시 동구 반야월북로12길,1,국민연금 가입 사업장 내역 2026-07,2026-07,2021,
x1504,주식회사 메타인텔리전스,산단 외,수성구,,,응용 소프트웨어 개발 및 공급업,소프트웨어·IT,,1~9명,3,,,,대구광역시 수성구 알파시티1로35길,1,국민연금 가입 사업장 내역 2026-07,2026-07,2022,
x1505,제이에스(JS)어패럴,산단 외,동구,,,셔츠 및 블라우스 제조업,기타 제조,,10~49명,12,,,,대구광역시 동구 아양로39길,1,국민연금 가입 사업장 내역 2026-07,2026-07,2022,
x1506,주식회사일렉트리코(ELECTREEKOCo. Ltd.),산단 외,달성군,,,배전반 및 전기 자동제어반 제조업,전기·전자,,1~9명,7,,,,대구광역시 달성군 다사읍 매곡로,1,국민연금 가입 사업장 내역 2026-07,2026-07,2022,
x1507,주식회사파비오스,산단 외,동구,,,기타 인문 및 사회과학 연구개발업,기타 서비스,,10~49명,10,,,,대구광역시 동구 동부로26길,1,국민연금 가입 사업장 내역 2026-07,2026-07,2022,
x1508,주식회사 대건에프앤씨,산단 외,달성군,,,육류 포장육 및 냉동육 가공업(가금류 제외),식품,,10~49명,12,,,,대구광역시 달성군 다사읍 세천북로14길,1,국민연금 가입 사업장 내역 2026-07,2026-07,2022,
x1509,주식회사빔웍스,산단 외,북구,,,응용 소프트웨어 개발 및 공급업,소프트웨어·IT,,10~49명,41,,,,대구광역시 북구 칠곡중앙대로136길,1,국민연금 가입 사업장 내역 2026-07,2026-07,2022,
x1510,주식회사한성알앤씨,산단 외,수성구,,,기타 엔지니어링 서비스업,기타 서비스,,1~9명,6,,,,대구광역시 수성구 희망로,1,국민연금 가입 사업장 내역 2026-07,2026-07,2022,
x1511,주식회사 뷰전,산단 외,달성군,,,디스플레이 장치용 유리 제조업,전기·전자,,1~9명,4,,,,대구광역시 달성군 다사읍 세천북로,1,국민연금 가입 사업장 내역 2026-07,2026-07,2022,
x1512,코리원 주식회사,산단 외,달성군,,,자전거 및 환자용 차량 제조업,자동차·부품,,1~9명,5,,,,대구광역시 달성군 구지면 국가산단남로102길,1,국민연금 가입 사업장 내역 2026-07,2026-07,2022,
x1513,주식회사이루리,산단 외,수성구,,,응용 소프트웨어 개발 및 공급업,소프트웨어·IT,,1~9명,4,,,,대구광역시 수성구 지범로,1,국민연금 가입 사업장 내역 2026-07,2026-07,2022,
x1514,클레브레인주식회사,산단 외,달성군,,,응용 소프트웨어 개발 및 공급업,소프트웨어·IT,,1~9명,7,,,,대구광역시 달성군 현풍읍 테크노중앙대로,1,국민연금 가입 사업장 내역 2026-07,2026-07,2022,
x1515,주식회사이가펫코리아농업회사법인,산단 외,달서구,,,단미사료 및 기타 사료 제조업,기타 제조,,10~49명,11,,,,대구광역시 달서구 성서공단로,1,국민연금 가입 사업장 내역 2026-07,2026-07,2022,
x1516,뉴핀주식회사(NUFYN),산단 외,달성군,,,컴퓨터 프로그래밍 서비스업,소프트웨어·IT,,1~9명,3,,,,대구광역시 달성군 하빈면 하산2길,1,국민연금 가입 사업장 내역 2026-07,2026-07,2022,
x1517,주식회사 페이즘,산단 외,북구,,,응용 소프트웨어 개발 및 공급업,소프트웨어·IT,,1~9명,7,,,,대구광역시 북구 옥산로,1,국민연금 가입 사업장 내역 2026-07,2026-07,2022,
x1518,디엠비글로벌,산단 외,서구,,,섬유제품 기타 정리 및 마무리 가공업,섬유·패션,,10~49명,12,,,,대구광역시 서구 국채보상로14길,1,국민연금 가입 사업장 내역 2026-07,2026-07,2022,
x1519,주식회사대성시엔시,산단 외,달서구,,,기타 가공 공작기계 제조업,기계·금속,,1~9명,3,,,,대구광역시 달서구 호산동로,1,국민연금 가입 사업장 내역 2026-07,2026-07,2022,
x1520,주식회사에스티에스씨엔비(STSC&BCO. Ltd.),산단 외,서구,,,커튼 및 유사 제품 제조업,기타 제조,,10~49명,24,,,,대구광역시 서구 팔달로18길,1,국민연금 가입 사업장 내역 2026-07,2026-07,2022,
x1521,주식회사해밀서대구센터,산단 외,동구,,,가전제품 수리업,기계·금속,,10~49명,10,,,,대구광역시 동구 방촌로29길,1,국민연금 가입 사업장 내역 2026-07,2026-07,2022,
x1522,주식회사성진플러스,산단 외,달성군,,,산업용 로봇 제조업,로봇,,1~9명,5,,,,대구광역시 달성군 다사읍 세천로10길,1,국민연금 가입 사업장 내역 2026-07,2026-07,2022,
x1523,진텍스주식회사,산단 외,서구,,,화학섬유직물 직조업,섬유·패션,,1~9명,5,,,,대구광역시 서구 문화로,1,국민연금 가입 사업장 내역 2026-07,2026-07,2022,
x1524,주식회사더에이치,산단 외,남구,,,산업 처리공정 제어장비 제조업,기계·금속,,1~9명,3,,,,대구광역시 남구 이천로,1,국민연금 가입 사업장 내역 2026-07,2026-07,2022,
x1525,(주)태창이앤테크,산단 외,북구,,,기체 여과기 제조업,기타 제조,,1~9명,6,,,,대구광역시 북구 칠곡중앙대로,1,국민연금 가입 사업장 내역 2026-07,2026-07,2022,
x1526,주식회사명성하이텍,산단 외,북구,,,플라스틱 선  봉  관 및 호스 제조업,화학·에너지,,1~9명,3,,,,대구광역시 북구 유통단지로13길,1,국민연금 가입 사업장 내역 2026-07,2026-07,2021,
x1527,텍스에드주식회사,산단 외,서구,,,화학섬유직물 직조업,섬유·패션,,1~9명,6,,,,대구광역시 서구 염색공단로,1,국민연금 가입 사업장 내역 2026-07,2026-07,2022,
x1528,주식회사 티팜,산단 외,달서구,,,시각 디자인업,기타 서비스,,1~9명,3,,,,대구광역시 달서구 두류남9길,1,국민연금 가입 사업장 내역 2026-07,2026-07,2021,
x1529,주식회사공사공삼,산단 외,남구,,,한식 육류 요리 전문점,식품,,1~9명,3,,,,대구광역시 남구 현충로,1,국민연금 가입 사업장 내역 2026-07,2026-07,2022,
x1530,주식회사한성피앤비,산단 외,달서구,,,골판지 제조업,기타 제조,,1~9명,3,,,,대구광역시 달서구 달서대로91길,1,국민연금 가입 사업장 내역 2026-07,2026-07,2022,
x1531,주식회사커프웍스,산단 외,중구,,,시각 디자인업,기타 서비스,,10~49명,17,,,,대구광역시 중구 공평로10길,1,국민연금 가입 사업장 내역 2026-07,2026-07,2022,
x1532,주식회사거목이앤씨,산단 외,북구,,,기타 엔지니어링 서비스업,기타 서비스,,1~9명,4,,,,대구광역시 북구 칠곡중앙대로,1,국민연금 가입 사업장 내역 2026-07,2026-07,2022,
x1533,에이이티 주식회사,산단 외,중구,,,기타 전기 변환장치 제조업,전기·전자,,1~9명,5,,,,대구광역시 중구 달구벌대로418길,1,국민연금 가입 사업장 내역 2026-07,2026-07,2022,
x1534,(주)트라피스,산단 외,수성구,,,응용 소프트웨어 개발 및 공급업,소프트웨어·IT,,10~49명,10,,,,대구광역시 수성구 달구벌대로528길,1,국민연금 가입 사업장 내역 2026-07,2026-07,2022,
x1535,주식회사리와인드랩(REWINDLAB),산단 외,달성군,,,응용 소프트웨어 개발 및 공급업,소프트웨어·IT,,1~9명,7,,,,대구광역시 달성군 유가읍 현풍로47길,1,국민연금 가입 사업장 내역 2026-07,2026-07,2022,
x1536,(주)뉴다이브(NeudiveInc.),산단 외,동구,,,응용 소프트웨어 개발 및 공급업,소프트웨어·IT,,10~49명,13,,,,대구광역시 동구 첨복로,1,국민연금 가입 사업장 내역 2026-07,2026-07,2022,
x1537,주식회사엠에스원다이텍,산단 외,서구,,,직물  편조 원단 및 의복류 염색 가공업,섬유·패션,,10~49명,18,,,,대구광역시 서구 염색공단로,1,국민연금 가입 사업장 내역 2026-07,2026-07,2022,
x1538,주식회사 엘엠엔틱바이오텍,산단 외,달성군,,,자연과학 및 공학 융합 연구개발업,기타 서비스,,1~9명,5,,,,대구광역시 달성군 현풍읍 테크노중앙대로,1,국민연금 가입 사업장 내역 2026-07,2026-07,2022,
x1539,주식회사 삼경철강,산단 외,북구,,,그 외 기타 1차 철강 제조업,기계·금속,,1~9명,7,,,,대구광역시 북구 유통단지로21길,1,국민연금 가입 사업장 내역 2026-07,2026-07,2022,
x1540,주식회사씨이비비과학,산단 외,동구,,,기타 공학 연구개발업,기타 서비스,,1~9명,7,,,,대구광역시 동구 동대구로,1,국민연금 가입 사업장 내역 2026-07,2026-07,2022,
x1541,주식회사 더세컨드,산단 외,동구,,,한식 육류 요리 전문점,식품,,10~49명,22,,,,대구광역시 동구 동부로,1,국민연금 가입 사업장 내역 2026-07,2026-07,2022,
x1542,주식회사엠에이아이티,산단 외,달서구,,,그 외 기타 의료용 기기 제조업,의료·바이오,,1~9명,8,,,,대구광역시 달서구 달구벌대로,1,국민연금 가입 사업장 내역 2026-07,2026-07,2022,
x1543,문화너울협동조합,산단 외,동구,,,기타 인문 및 사회과학 연구개발업,기타 서비스,,10~49명,10,,,,대구광역시 동구 신암북로,1,국민연금 가입 사업장 내역 2026-07,2026-07,2022,
x1544,주식회사퀘스터,산단 외,달성군,,,기타 게임 소프트웨어 개발 및 공급업,소프트웨어·IT,,1~9명,6,,,,대구광역시 달성군 현풍읍 테크노중앙대로,1,국민연금 가입 사업장 내역 2026-07,2026-07,2022,
x1545,주식회사링크즈(LinkZinc.),산단 외,동구,,,모바일 게임 소프트웨어 개발 및 공급업,소프트웨어·IT,,1~9명,4,,,,대구광역시 동구 동대구로,1,국민연금 가입 사업장 내역 2026-07,2026-07,2022,
x1546,주식회사 아이엠산업,산단 외,군위군,,,알루미늄 주물 주조업,기계·금속,,1~9명,6,,,,대구광역시 군위군 군위읍 도군로,1,국민연금 가입 사업장 내역 2026-07,2026-07,2022,
x1547,주식회사나인테크,산단 외,서구,,,산업용 냉장 및 냉동장비 제조업,기계·금속,,1~9명,3,,,,대구광역시 서구 북비산로,1,국민연금 가입 사업장 내역 2026-07,2026-07,2022,
x1548,(주)이룸기술,산단 외,달성군,,,응용 소프트웨어 개발 및 공급업,소프트웨어·IT,,10~49명,12,,,,대구광역시 달성군 구지면 국가산단대로40길,1,국민연금 가입 사업장 내역 2026-07,2026-07,2022,
x1549,주식회사에이치앤에스글로벌,산단 외,달서구,,,화학섬유직물 직조업,섬유·패션,,1~9명,3,,,,대구광역시 달서구 성서공단로,1,국민연금 가입 사업장 내역 2026-07,2026-07,2022,
x1550,(주)모던크레인,산단 외,달성군,,,건설장비 운영업,기계·금속,,1~9명,7,,,,대구광역시 달성군 화원읍 사문진로2길,1,국민연금 가입 사업장 내역 2026-07,2026-07,2022,
x1551,주식회사베이직,산단 외,달성군,,,연사 및 가공사 제조업 / 특수직물 및 기타 직물 직조,섬유·패션,,10~49명,16,,,,대구광역시 달성군 옥포읍 비슬로455길,1,국민연금 가입 사업장 내역 2026-07,2026-07,2022,
x1552,(주)한길침장,산단 외,달성군,,,침구 및 관련제품 제조업,기타 제조,,1~9명,8,,,,대구광역시 달성군 논공읍 노이2길,1,국민연금 가입 사업장 내역 2026-07,2026-07,2022,
x1553,주식회사 테코,산단 외,수성구,,,컴퓨터 프로그래밍 서비스업,소프트웨어·IT,,1~9명,3,,,,대구광역시 수성구 범어천로,1,국민연금 가입 사업장 내역 2026-07,2026-07,2022,
x1554,주식회사제일테크,산단 외,동구,,,기어 및 동력전달장치 제조업,기타 제조,,1~9명,8,,,,대구광역시 동구 율암로,1,국민연금 가입 사업장 내역 2026-07,2026-07,2022,
x1555,가람모터스,산단 외,서구,,,자동차 전문 수리업,자동차·부품,,10~49명,14,,,,대구광역시 서구 염색공단로5길,1,국민연금 가입 사업장 내역 2026-07,2026-07,2022,
x1556,주식회사에버텍스,산단 외,달서구,,,화학섬유직물 직조업,섬유·패션,,1~9명,5,,,,대구광역시 달서구 성서로35길,1,국민연금 가입 사업장 내역 2026-07,2026-07,2022,
x1557,주식회사유덴트,산단 외,중구,,,그 외 기타 전기장비 제조업,전기·전자,,1~9명,4,,,,대구광역시 중구 이천로,1,국민연금 가입 사업장 내역 2026-07,2026-07,2022,
x1558,주식회사일도하이텍,산단 외,달성군,,,주형 및 금형 제조업,기계·금속,,1~9명,8,,,,대구광역시 달성군 다사읍 서재로36길,1,국민연금 가입 사업장 내역 2026-07,2026-07,2022,
x1559,주식회사온아웃(OnoutInc.),산단 외,수성구,,,응용 소프트웨어 개발 및 공급업,소프트웨어·IT,,1~9명,8,,,,대구광역시 수성구 알파시티1로,1,국민연금 가입 사업장 내역 2026-07,2026-07,2022,
x1560,혜림안전컨설팅주식회사,산단 외,북구,,,건물 및 토목 엔지니어링 서비스업,기타 서비스,,10~49명,19,,,,대구광역시 북구 칠곡중앙대로,1,국민연금 가입 사업장 내역 2026-07,2026-07,2022,
x1561,(주)허드슨에이아이,산단 외,달성군,,,응용 소프트웨어 개발 및 공급업,소프트웨어·IT,,10~49명,15,,,,대구광역시 달성군 다사읍 세천로,1,국민연금 가입 사업장 내역 2026-07,2026-07,2022,
x1562,누보데코(주)(NuvodecoCo. Ltd),산단 외,서구,,,커튼 및 유사 제품 제조업,기타 제조,,1~9명,4,,,,대구광역시 서구 장산로,1,국민연금 가입 사업장 내역 2026-07,2026-07,2022,
x1563,주식회사 럭스크레이티브,산단 외,달서구,,,응용 소프트웨어 개발 및 공급업,소프트웨어·IT,,1~9명,5,,,,대구광역시 달서구 달구벌대로,1,국민연금 가입 사업장 내역 2026-07,2026-07,2022,
x1564,예이랩스주식회사,산단 외,달성군,,,응용 소프트웨어 개발 및 공급업,소프트웨어·IT,,1~9명,5,,,,대구광역시 달성군 유가읍 현풍로47길,1,국민연금 가입 사업장 내역 2026-07,2026-07,2022,
x1565,(주)우정테크놀러지,산단 외,달성군,,,그 외 자동차용 신품 부품 제조업,자동차·부품,,1~9명,3,,,,대구광역시 달성군 옥포읍 교항5길,1,국민연금 가입 사업장 내역 2026-07,2026-07,2022,
x1566,주식회사 엔데브게임즈,산단 외,남구,,,유선 온라인 게임 소프트웨어 개발 및 공급업,소프트웨어·IT,,10~49명,19,,,,대구광역시 남구 명덕로,1,국민연금 가입 사업장 내역 2026-07,2026-07,2022,
x1567,주식회사 미켈로로보틱스 (Michelo Robotics Inc.),산단 외,북구,,,기타 무선 통신장비 제조업,전기·전자,,10~49명,21,,,,대구광역시 북구 호암로,1,국민연금 가입 사업장 내역 2026-07,2026-07,2022,
x1568,주식회사빅태블릿(BigTabletCorp.),산단 외,동구,,,응용 소프트웨어 개발 및 공급업,소프트웨어·IT,,1~9명,8,,,,대구광역시 동구 동대구로,1,국민연금 가입 사업장 내역 2026-07,2026-07,2022,
x1569,주식회사멜팅,산단 외,중구,,,귀금속 및 관련제품 제조업,기계·금속,,1~9명,6,,,,대구광역시 중구 국채보상로,1,국민연금 가입 사업장 내역 2026-07,2026-07,2022,
x1570,비더레소프트주식회사,산단 외,달서구,,,응용 소프트웨어 개발 및 공급업,소프트웨어·IT,,1~9명,3,,,,대구광역시 달서구 죽전1길,1,국민연금 가입 사업장 내역 2026-07,2026-07,2022,
x1571,주식회사 에프앤제이,산단 외,남구,,,응용 소프트웨어 개발 및 공급업,소프트웨어·IT,,1~9명,5,,,,대구광역시 남구 명덕로,1,국민연금 가입 사업장 내역 2026-07,2026-07,2022,
x1572,하림대구센터,산단 외,북구,,,가금류 가공 및 저장 처리업,기계·금속,,10~49명,13,,,,대구광역시 북구 호국로,1,국민연금 가입 사업장 내역 2026-07,2026-07,2022,
x1573,수린대구주식회사(SURINDAEGUCorp.),산단 외,동구,,,인테리어 디자인업,기타 서비스,,1~9명,9,,,,대구광역시 동구 동부로22길,1,국민연금 가입 사업장 내역 2026-07,2026-07,2022,
x1574,주식회사대건인쇄출판사,산단 외,중구,,,경 인쇄업,기타 제조,,1~9명,5,,,,대구광역시 중구 남산로4길,1,국민연금 가입 사업장 내역 2026-07,2026-07,2022,
x1575,주식회사씨씨케이솔루션,산단 외,북구,,,응용 소프트웨어 개발 및 공급업,소프트웨어·IT,,10~49명,42,,,,대구광역시 북구 호암로,1,국민연금 가입 사업장 내역 2026-07,2026-07,2022,
x1576,주식회사벱포유,산단 외,중구,,,응용 소프트웨어 개발 및 공급업,소프트웨어·IT,,1~9명,3,,,,대구광역시 중구 동덕로8길,1,국민연금 가입 사업장 내역 2026-07,2026-07,2022,
x1577,주식회사 상주포장 농업회사법인,산단 외,달서구,,,기타 종이 상자 및 용기 제조업,기타 제조,,1~9명,5,,,,대구광역시 달서구 성서공단로,1,국민연금 가입 사업장 내역 2026-07,2026-07,2022,
x1578,주식회사 자이엔,산단 외,북구,,,혼성 및 재생 플라스틱 소재 물질 제조업,화학·에너지,,1~9명,5,,,,대구광역시 북구 대학로,1,국민연금 가입 사업장 내역 2026-07,2026-07,2022,
x1579,주식회사테라노큐어(TheranocureCo. Ltd.),산단 외,북구,,,의학 및 약학 연구개발업,기타 서비스,,1~9명,9,,,,대구광역시 북구 칠곡중앙대로136길,1,국민연금 가입 사업장 내역 2026-07,2026-07,2022,
x1580,주식회사오디넌트,산단 외,중구,,,침구 및 관련제품 제조업,기타 제조,,1~9명,4,,,,대구광역시 중구 명덕로,1,국민연금 가입 사업장 내역 2026-07,2026-07,2022,
x1581,주식회사씨플러스,산단 외,달서구,,,시스템 소프트웨어 개발 및 공급업,소프트웨어·IT,,1~9명,4,,,,대구광역시 달서구 중흥로,1,국민연금 가입 사업장 내역 2026-07,2026-07,2022,
x1582,주식회사 원츠컴퍼니(대구),산단 외,달서구,,,커튼 및 유사 제품 제조업,기타 제조,,1~9명,4,,,,대구광역시 달서구 성서공단북로59길,1,국민연금 가입 사업장 내역 2026-07,2026-07,2022,
x1583,주식회사캠스,산단 외,달성군,,,산업용 로봇 제조업,로봇,,1~9명,5,,,,대구광역시 달성군 다사읍 다사로69길,1,국민연금 가입 사업장 내역 2026-07,2026-07,2022,
x1584,주식회사피플릿,산단 외,달성군,,,응용 소프트웨어 개발 및 공급업,소프트웨어·IT,,1~9명,4,,,,대구광역시 달성군 유가읍 유가길,1,국민연금 가입 사업장 내역 2026-07,2026-07,2022,
x1585,주식회사경남상사,산단 외,달성군,,,타일 및 유사 비내화 요업제품 제조업,기타 제조,,1~9명,3,,,,대구광역시 달성군 옥포읍,1,국민연금 가입 사업장 내역 2026-07,2026-07,2022,
x1586,주식회사아이엠정보기술,산단 외,서구,,,건물 및 토목 엔지니어링 서비스업,기타 서비스,,1~9명,7,,,,대구광역시 서구 와룡로,1,국민연금 가입 사업장 내역 2026-07,2026-07,2022,
x1587,(주)현성에프에이,산단 외,달성군,,,산업 처리공정 제어장비 제조업,기계·금속,,1~9명,6,,,,대구광역시 달성군 구지면 국가산단서로71길,1,국민연금 가입 사업장 내역 2026-07,2026-07,2022,
x1588,주식회사로진아이티,산단 외,남구,,,그 외 기타 의료용 기기 제조업,의료·바이오,,10~49명,13,,,,대구광역시 남구 현충로,1,국민연금 가입 사업장 내역 2026-07,2026-07,2022,
x1589,주식회사 홍익기술산업,산단 외,달서구,,,건물 및 토목 엔지니어링 서비스업(기술사),기타 서비스,,10~49명,16,,,,대구광역시 달서구 성서공단로50길,1,국민연금 가입 사업장 내역 2026-07,2026-07,2022,
x1590,주식회사로봇프라임,산단 외,달서구,,,산업용 로봇 제조업,로봇,,1~9명,3,,,,대구광역시 달서구 성서공단로39길,1,국민연금 가입 사업장 내역 2026-07,2026-07,2022,
x1591,주식회사 알파필드,산단 외,북구,,,물리  화학 및 생물학 연구개발업,화학·에너지,,1~9명,3,,,,대구광역시 북구 검단로,1,국민연금 가입 사업장 내역 2026-07,2026-07,2022,
x1592,주식회사오픈랩소디,산단 외,북구,,,응용 소프트웨어 개발 및 공급업,소프트웨어·IT,,10~49명,12,,,,대구광역시 북구 호암로,1,국민연금 가입 사업장 내역 2026-07,2026-07,2022,
x1593,주식회사 지앤디플러스(G&D PLUS),산단 외,북구,,,가전제품 수리업,기계·금속,,1~9명,5,,,,대구광역시 북구 연경중앙로3길,1,국민연금 가입 사업장 내역 2026-07,2026-07,2022,
x1594,주식회사폰드메이커스,산단 외,달성군,,,시스템 소프트웨어 개발 및 공급업,소프트웨어·IT,,10~49명,22,,,,대구광역시 달성군 화원읍 성천로,1,국민연금 가입 사업장 내역 2026-07,2026-07,2022,
x1595,인성데이타 주식회사,산단 외,서구,,,응용 소프트웨어 개발 및 공급업,소프트웨어·IT,,50~299명,100,,,,대구광역시 서구 북비산로,1,국민연금 가입 사업장 내역 2026-07,2026-07,2022,
x1596,주식회사리브유,산단 외,동구,,,화장품 제조업,화학·에너지,,1~9명,3,,,,대구광역시 동구 효동로1길,1,국민연금 가입 사업장 내역 2026-07,2026-07,2022,
x1597,주식회사 케이비알,산단 외,달성군,,,그 외 자동차용 신품 부품 제조업,자동차·부품,,1~9명,7,,,,대구광역시 달성군 구지면 국가산단대로49길,1,국민연금 가입 사업장 내역 2026-07,2026-07,2023,
x1598,주식회사 와이코퍼레이션,산단 외,동구,,,시스템 소프트웨어 개발 및 공급업,소프트웨어·IT,,10~49명,16,,,,대구광역시 동구 동대구로,1,국민연금 가입 사업장 내역 2026-07,2026-07,2022,
x1599,(주)엔케이디,산단 외,동구,,,포장용 플라스틱 성형용기 제조업,화학·에너지,,1~9명,3,,,,대구광역시 동구 동부로22길,1,국민연금 가입 사업장 내역 2026-07,2026-07,2022,
x1600,주식회사에이치티아이(HTI .Ltd),산단 외,달서구,,,산업 처리공정 제어장비 제조업,기계·금속,,1~9명,3,,,,대구광역시 달서구 성서동로,1,국민연금 가입 사업장 내역 2026-07,2026-07,2022,
x1601,주식회사팔피엠(8PMCorp.),산단 외,수성구,,,응용 소프트웨어 개발 및 공급업,소프트웨어·IT,,10~49명,15,,,,대구광역시 수성구 알파시티1로42길,1,국민연금 가입 사업장 내역 2026-07,2026-07,2022,
x1602,주식회사영진플라스틱,산단 외,북구,,,플라스틱 합성피혁 제조업,화학·에너지,,1~9명,5,,,,대구광역시 북구 오봉로10길,1,국민연금 가입 사업장 내역 2026-07,2026-07,2022,
x1603,(주)케이앤에스케미칼,산단 외,중구,,,그 외 기타 분류 안된 화학제품 제조업,화학·에너지,,1~9명,7,,,,대구광역시 중구 신암로,1,국민연금 가입 사업장 내역 2026-07,2026-07,2022,
x1604,주식회사더블유포지션,산단 외,동구,,,컴퓨터 프로그래밍 서비스업,소프트웨어·IT,,10~49명,11,,,,대구광역시 동구 동대구로,1,국민연금 가입 사업장 내역 2026-07,2026-07,2022,
x1605,주식회사문화진흥연구원,산단 외,동구,,,기타 인문 및 사회과학 연구개발업,기타 서비스,,1~9명,7,,,,대구광역시 동구 동부로26길,1,국민연금 가입 사업장 내역 2026-07,2026-07,2022,
x1606,(주)에이티삼일바이오,산단 외,북구,,,의학 및 약학 연구개발업,기타 서비스,,1~9명,4,,,,대구광역시 북구 대학로,1,국민연금 가입 사업장 내역 2026-07,2026-07,2022,
x1607,주식회사싸인스,산단 외,달성군,,,응용 소프트웨어 개발 및 공급업,소프트웨어·IT,,1~9명,8,,,,대구광역시 달성군 유가읍 현풍로47길,1,국민연금 가입 사업장 내역 2026-07,2026-07,2022,
x1608,지에스알-테크(GSR-TECH),산단 외,달서구,,,산업용 그 외 비경화 고무제품 제조업,화학·에너지,,10~49명,10,,,,대구광역시 달서구 성서공단북로5길,1,국민연금 가입 사업장 내역 2026-07,2026-07,2022,
x1609,주식회사 지앤오,산단 외,서구,,,직물  편조 원단 및 의복류 염색 가공업,섬유·패션,,1~9명,3,,,,대구광역시 서구 염색공단중앙로14길,1,국민연금 가입 사업장 내역 2026-07,2026-07,2022,
x1610,(주)더바른컴퍼니,산단 외,남구,,,도시락류 제조업,기타 제조,,1~9명,3,,,,대구광역시 남구 양지남길,1,국민연금 가입 사업장 내역 2026-07,2026-07,2022,
x1611,주식회사유니플라이(UNIFLYco. Ltd.),산단 외,달성군,,,기타 섬유  의복 및 가죽 가공기계 제조업,섬유·패션,,1~9명,5,,,,대구광역시 달성군 구지면 달성2차동3로,1,국민연금 가입 사업장 내역 2026-07,2026-07,2022,
x1612,주식회사디에이치피씨,산단 외,달성군,,,금속 절삭기계 제조업,기계·금속,,1~9명,9,,,,대구광역시 달성군 구지면 국가산단대로33길,1,국민연금 가입 사업장 내역 2026-07,2026-07,2022,
x1613,주식회사키친씨에프앤비,산단 외,동구,,,천연 및 혼합 조제 조미료 제조업,식품,,1~9명,3,,,,대구광역시 동구 신덕로,1,국민연금 가입 사업장 내역 2026-07,2026-07,2022,
x1614,(주)엘제이솔루션,산단 외,북구,,,물질 검사  측정 및 분석 기구 제조업,기타 제조,,10~49명,10,,,,대구광역시 북구 대학로,1,국민연금 가입 사업장 내역 2026-07,2026-07,2022,
x1615,가현축산,산단 외,달성군,,,가금류 가공 및 저장 처리업,기계·금속,,10~49명,11,,,,대구광역시 달성군 다사읍 세천북로14길,1,국민연금 가입 사업장 내역 2026-07,2026-07,2022,
x1616,주식회사태산,산단 외,수성구,,,건물 및 토목 엔지니어링 서비스업,기타 서비스,,10~49명,17,,,,대구광역시 수성구 용학로,1,국민연금 가입 사업장 내역 2026-07,2026-07,2022,
x1617,주식회사 통통네트웍스,산단 외,수성구,,,컴퓨터 및 주변장치  소프트웨어 소매업,소프트웨어·IT,,1~9명,4,,,,대구광역시 수성구 알파시티1로4길,1,국민연금 가입 사업장 내역 2026-07,2026-07,2022,
x1618,주식회사신창티엠씨,산단 외,서구,,,기타 섬유  의복 및 가죽 가공기계 제조업,섬유·패션,,1~9명,3,,,,대구광역시 서구 염색공단천로14길,1,국민연금 가입 사업장 내역 2026-07,2026-07,2022,
x1619,(주)베놈,산단 외,수성구,,,데이터베이스 및 온라인 정보 제공업,소프트웨어·IT,,1~9명,7,,,,대구광역시 수성구 용학로25길,1,국민연금 가입 사업장 내역 2026-07,2026-07,2022,
x1620,(주)마루이앤씨,산단 외,달성군,,,구조용 금속 판제품 및 공작물 제조업,기계·금속,,1~9명,8,,,,대구광역시 달성군 가창면 가창동로3길,1,국민연금 가입 사업장 내역 2026-07,2026-07,2022,
x1621,주식회사오늘의돼지,산단 외,동구,,,한식 육류 요리 전문점,식품,,1~9명,3,,,,대구광역시 동구 동촌역사로4길,1,국민연금 가입 사업장 내역 2026-07,2026-07,2022,
x1622,주식회사연윤,산단 외,서구,,,화학섬유 방적업,섬유·패션,,1~9명,3,,,,대구광역시 서구 와룡로97길,1,국민연금 가입 사업장 내역 2026-07,2026-07,2022,
x1623,주식회사투비스,산단 외,동구,,,시스템 소프트웨어 개발 및 공급업,소프트웨어·IT,,10~49명,10,,,,대구광역시 동구 이노밸리로,1,국민연금 가입 사업장 내역 2026-07,2026-07,2022,
x1624,주식회사 젠티크엑스 (GENTIQX Co.  Ltd.),산단 외,남구,,,응용 소프트웨어 개발 및 공급업,소프트웨어·IT,,1~9명,3,,,,대구광역시 남구 명덕로,1,국민연금 가입 사업장 내역 2026-07,2026-07,2022,
x1625,주식회사멜라카,산단 외,동구,,,모바일 게임 소프트웨어 개발 및 공급업,소프트웨어·IT,,10~49명,11,,,,대구광역시 동구 동대구로,1,국민연금 가입 사업장 내역 2026-07,2026-07,2022,
x1626,주식회사수빈아이엔티,산단 외,중구,,,카펫  마루덮개 및 유사 제품 제조업,기타 제조,,1~9명,6,,,,대구광역시 중구 서성로13길,1,국민연금 가입 사업장 내역 2026-07,2026-07,2023,
x1627,주식회사기초환경,산단 외,달서구,,,기타 엔지니어링 서비스업,기타 서비스,,10~49명,12,,,,대구광역시 달서구 이곡서로,1,국민연금 가입 사업장 내역 2026-07,2026-07,2022,
x1628,주식회사고이버,산단 외,달서구,,,기타 전기 변환장치 제조업,전기·전자,,1~9명,5,,,,대구광역시 달서구 달서대로109안길,1,국민연금 가입 사업장 내역 2026-07,2026-07,2022,
x1629,주식회사텍스트웨이,산단 외,북구,,,응용 소프트웨어 개발 및 공급업,소프트웨어·IT,,1~9명,9,,,,대구광역시 북구 호암로,1,국민연금 가입 사업장 내역 2026-07,2026-07,2022,
x1630,(주)성화에프에이,산단 외,북구,,,산업 처리공정 제어장비 제조업,기계·금속,,1~9명,6,,,,대구광역시 북구 검단로31길,1,국민연금 가입 사업장 내역 2026-07,2026-07,2022,
x1631,주식회사제1수성자동차검사소,산단 외,수성구,,,자동차 전문 수리업,자동차·부품,,1~9명,7,,,,대구광역시 수성구 청호로,1,국민연금 가입 사업장 내역 2026-07,2026-07,2022,
x1632,바이오링크주식회사,산단 외,달서구,,,응용 소프트웨어 개발 및 공급업,소프트웨어·IT,,10~49명,15,,,,대구광역시 달서구 달구벌대로,1,국민연금 가입 사업장 내역 2026-07,2026-07,2022,
x1633,주식회사파나믹스,산단 외,달성군,,,산업용 로봇 제조업,로봇,,1~9명,4,,,,대구광역시 달성군 구지면 국가산단대로40길,1,국민연금 가입 사업장 내역 2026-07,2026-07,2022,
x1634,주식회사 디오디컴퍼니,산단 외,중구,,,경 인쇄업,기타 제조,,1~9명,4,,,,대구광역시 중구 명덕로,1,국민연금 가입 사업장 내역 2026-07,2026-07,2022,
x1635,(주)세양신서혁신공장,산단 외,동구,,,치과용 기기 제조업,의료·바이오,,10~49명,41,,,,대구광역시 동구 혁신대로,1,국민연금 가입 사업장 내역 2026-07,2026-07,2023,
x1636,주식회사에스에이에스스틸,산단 외,북구,,,금속 문  창  셔터 및 관련제품 제조업,기계·금속,,1~9명,6,,,,대구광역시 북구 노원동로7길,1,국민연금 가입 사업장 내역 2026-07,2026-07,2023,
x1637,현서테크주식회사,산단 외,달성군,,,그 외 자동차용 신품 부품 제조업,자동차·부품,,10~49명,31,,,,대구광역시 달성군 논공읍 논공로87길,1,국민연금 가입 사업장 내역 2026-07,2026-07,2023,
x1638,세민산업,산단 외,달성군,,,인쇄용 및 필기용 원지 제조업,기타 제조,,10~49명,26,,,,대구광역시 달성군 유가읍 비슬로96길,1,국민연금 가입 사업장 내역 2026-07,2026-07,2023,
x1639,주식회사에스와이물류,산단 외,동구,,,포장 및 충전업,기타 제조,,1~9명,4,,,,대구광역시 동구 공항로,1,국민연금 가입 사업장 내역 2026-07,2026-07,2023,
x1640,에프앤비코리아주식회사,산단 외,수성구,,,그 외 기타 전자 부품 제조업,전기·전자,,1~9명,9,,,,대구광역시 수성구 알파시티1로42길,1,국민연금 가입 사업장 내역 2026-07,2026-07,2023,
x1641,주식회사 루트랩(ROOT LAB),산단 외,동구,,,시스템 소프트웨어 개발 및 공급업,소프트웨어·IT,,50~299명,62,,,,대구광역시 동구 동대구로,1,국민연금 가입 사업장 내역 2026-07,2026-07,2022,
x1642,주식회사체리,산단 외,동구,,,시스템 소프트웨어 개발 및 공급업,소프트웨어·IT,,1~9명,8,,,,대구광역시 동구 동대구로,1,국민연금 가입 사업장 내역 2026-07,2026-07,2022,
x1643,세원풍력주식회사,산단 외,서구,,,기체 펌프 및 압축기 제조업,기타 제조,,1~9명,5,,,,대구광역시 서구 가르뱅이로6길,1,국민연금 가입 사업장 내역 2026-07,2026-07,2022,
x1644,진평이엔지,산단 외,달성군,,,그 외 자동차용 신품 부품 제조업,자동차·부품,,10~49명,14,,,,대구광역시 달성군 논공읍 논공로,1,국민연금 가입 사업장 내역 2026-07,2026-07,2023,
x1645,주식회사 동승,산단 외,달성군,,,그 외 기타 일반 목적용 기계 제조업,기계·금속,,1~9명,7,,,,대구광역시 달성군 논공읍 금강로2길,1,국민연금 가입 사업장 내역 2026-07,2026-07,2023,
x1646,이에스설비주식회사,산단 외,수성구,,,건물 및 토목 엔지니어링 서비스업,기타 서비스,,1~9명,3,,,,대구광역시 수성구 범어천로,1,국민연금 가입 사업장 내역 2026-07,2026-07,2023,
x1647,보그워너디티씨유한책임회사,산단 외,달성군,,,기타 공학 연구개발업,기타 서비스,,10~49명,49,,,,대구광역시 달성군 구지면 국가산단대로52길,1,국민연금 가입 사업장 내역 2026-07,2026-07,2023,
x1648,대원테크윈(주),산단 외,달성군,,,자동차용 금속 압형제품 제조업,자동차·부품,,10~49명,23,,,,대구광역시 달성군 논공읍 논공로87길,1,국민연금 가입 사업장 내역 2026-07,2026-07,2023,
x1649,주식회사잇츠센서,산단 외,달서구,,,그 외 기타 전자 부품 제조업,전기·전자,,1~9명,6,,,,대구광역시 달서구 월곡로,1,국민연금 가입 사업장 내역 2026-07,2026-07,2023,
x1650,라미식품,산단 외,북구,,,두부 및 유사 식품 제조업,식품,,10~49명,11,,,,대구광역시 북구 팔거천동로,1,국민연금 가입 사업장 내역 2026-07,2026-07,2023,
x1651,주식회사하람이엔지,산단 외,북구,,,기타 엔지니어링 서비스업,기타 서비스,,1~9명,3,,,,대구광역시 북구 대현로9길,1,국민연금 가입 사업장 내역 2026-07,2026-07,2023,
x1652,주식회사남경테크원,산단 외,달성군,,,기타 반도체 소자 제조업,전기·전자,,1~9명,6,,,,대구광역시 달성군 옥포읍 시저로5길,1,국민연금 가입 사업장 내역 2026-07,2026-07,2022,
x1653,주식회사 썬팀테크,산단 외,달서구,,,구조용 금속 판제품 및 공작물 제조업,기계·금속,,10~49명,17,,,,대구광역시 달서구 달구벌대로,1,국민연금 가입 사업장 내역 2026-07,2026-07,2023,
x1654,주식회사여부에프앤비,산단 외,동구,,,천연 및 혼합 조제 조미료 제조업,식품,,1~9명,6,,,,대구광역시 동구 신덕로,1,국민연금 가입 사업장 내역 2026-07,2026-07,2022,
x1655,(주)케이지엘한빛,산단 외,달서구,,,그 외 자동차용 신품 부품 제조업,자동차·부품,,1~9명,9,,,,대구광역시 달서구 성서공단로21길,1,국민연금 가입 사업장 내역 2026-07,2026-07,2023,
x1656,모빈주식회사,산단 외,달서구,,,응용 소프트웨어 개발 및 공급업,소프트웨어·IT,,10~49명,19,,,,대구광역시 달서구 성서공단로11길,1,국민연금 가입 사업장 내역 2026-07,2026-07,2023,
x1657,디에스엠인터내셔널주식회사,산단 외,북구,,,치약  비누 및 기타 세제 제조업,기타 제조,,10~49명,32,,,,대구광역시 북구 동천로23길,1,국민연금 가입 사업장 내역 2026-07,2026-07,2023,
x1658,(주)제아솔루션,산단 외,달성군,,,응용 소프트웨어 개발 및 공급업,소프트웨어·IT,,1~9명,4,,,,대구광역시 달성군 다사읍 대실역남로,1,국민연금 가입 사업장 내역 2026-07,2026-07,2023,
x1659,주식회사시큐리언,산단 외,동구,,,응용 소프트웨어 개발 및 공급업,소프트웨어·IT,,10~49명,19,,,,대구광역시 동구 동부로26길,1,국민연금 가입 사업장 내역 2026-07,2026-07,2023,
x1660,(주)기가스,산단 외,수성구,,,응용 소프트웨어 개발 및 공급업,소프트웨어·IT,,1~9명,4,,,,대구광역시 수성구 무학로,1,국민연금 가입 사업장 내역 2026-07,2026-07,2022,
x1661,인테라,산단 외,동구,,,화장품 제조업,화학·에너지,,1~9명,3,,,,대구광역시 동구 혁신대로78길,1,국민연금 가입 사업장 내역 2026-07,2026-07,2023,
x1662,주식회사브레코,산단 외,중구,,,음ㆍ식료품 및 담배 가공기계 제조업,식품,,1~9명,4,,,,대구광역시 중구 북성로4길,1,국민연금 가입 사업장 내역 2026-07,2026-07,2023,
x1663,부성,산단 외,달성군,,,그 외 자동차용 신품 부품 제조업,자동차·부품,,50~299명,135,,,,대구광역시 달성군 유가읍 테크노순환로1길,1,국민연금 가입 사업장 내역 2026-07,2026-07,2023,
x1664,주식회사교통시스템이앤씨,산단 외,남구,,,기타 엔지니어링 서비스업,기타 서비스,,1~9명,4,,,,대구광역시 남구 현충로,1,국민연금 가입 사업장 내역 2026-07,2026-07,2023,
x1665,주식회사 가림,산단 외,동구,,,환경 관련 엔지니어링 서비스업,기타 서비스,,1~9명,4,,,,대구광역시 동구 신서로21길,1,국민연금 가입 사업장 내역 2026-07,2026-07,2023,
x1666,주식회사 퓨리언스,산단 외,동구,,,기타 기계ㆍ장비 조립용 플라스틱제품 제조업,화학·에너지,,10~49명,15,,,,대구광역시 동구 동대구로,1,국민연금 가입 사업장 내역 2026-07,2026-07,2023,
x1667,주식회사에이아이티,산단 외,동구,,,컴퓨터 및 주변장치  소프트웨어 도매업,소프트웨어·IT,,1~9명,3,,,,대구광역시 동구 효동로1길,1,국민연금 가입 사업장 내역 2026-07,2026-07,2023,
x1668,주식회사에이아이플랜,산단 외,중구,,,응용 소프트웨어 개발 및 공급업,소프트웨어·IT,,1~9명,5,,,,대구광역시 중구 공평로,1,국민연금 가입 사업장 내역 2026-07,2026-07,2023,
x1669,주식회사비솔루션,산단 외,달서구,,,응용 소프트웨어 개발 및 공급업,소프트웨어·IT,,1~9명,3,,,,대구광역시 달서구 달서대로109안길,1,국민연금 가입 사업장 내역 2026-07,2026-07,2023,
x1670,주식회사리움스페이스,산단 외,중구,,,응용 소프트웨어 개발 및 공급업,소프트웨어·IT,,1~9명,3,,,,대구광역시 중구 태평로,1,국민연금 가입 사업장 내역 2026-07,2026-07,2023,
x1671,(재)대구정책연구원,산단 외,동구,,,기타 인문 및 사회과학 연구개발업,기타 서비스,,50~299명,59,,,,대구광역시 동구 동대구로,1,국민연금 가입 사업장 내역 2026-07,2026-07,2023,
x1672,주식회사소프트넥,산단 외,수성구,,,응용 소프트웨어 개발 및 공급업,소프트웨어·IT,,1~9명,3,,,,대구광역시 수성구 수성로68길,1,국민연금 가입 사업장 내역 2026-07,2026-07,2023,
x1673,주식회사 도훈기계,산단 외,달서구,,,반도체 제조용 기계 제조업,전기·전자,,1~9명,4,,,,대구광역시 달서구 성서공단북로42길,1,국민연금 가입 사업장 내역 2026-07,2026-07,2023,
x1674,주식회사차로보틱스(ChaRoboticsInc.),산단 외,수성구,,,산업용 로봇 제조업,로봇,,1~9명,4,,,,대구광역시 수성구 알파시티1로,1,국민연금 가입 사업장 내역 2026-07,2026-07,2023,
x1675,주식회사라원환경테크,산단 외,달서구,,,환경 관련 엔지니어링 서비스업,기타 서비스,,1~9명,5,,,,대구광역시 달서구 당산로21길,1,국민연금 가입 사업장 내역 2026-07,2026-07,2023,
x1676,동해물산(주),산단 외,북구,,,수산동물 훈제  조리 및 유사 조제식품 제조업,식품,,1~9명,5,,,,대구광역시 북구 매천로25길,1,국민연금 가입 사업장 내역 2026-07,2026-07,2023,
x1677,(사)대한산업안전협회 영남건설시설광역사업단,산단 외,수성구,,,기타 엔지니어링 서비스업,기타 서비스,,10~49명,18,,,,대구광역시 수성구 화랑로,1,국민연금 가입 사업장 내역 2026-07,2026-07,2023,
x1678,주식회사도건,산단 외,북구,,,수산동물 건조 및 염장품 제조업 / 수산식물 가공 및,기계·금속,,1~9명,5,,,,대구광역시 북구 칠곡중앙대로95길,1,국민연금 가입 사업장 내역 2026-07,2026-07,2023,
x1679,(주)허브솔루션(hubsolutionCo. Ltd.),산단 외,동구,,,응용 소프트웨어 개발 및 공급업,소프트웨어·IT,,1~9명,6,,,,대구광역시 동구 동부로,1,국민연금 가입 사업장 내역 2026-07,2026-07,2023,
x1680,청자폼패드주식회사,산단 외,군위군,,,기타 플라스틱 발포 성형제품 제조업,화학·에너지,,1~9명,4,,,,대구광역시 군위군 효령면 경북대로,1,국민연금 가입 사업장 내역 2026-07,2026-07,2023,
x1681,주식회사에이앤에이환경측정,산단 외,수성구,,,환경 관련 엔지니어링 서비스업,기타 서비스,,10~49명,20,,,,대구광역시 수성구 상록로,1,국민연금 가입 사업장 내역 2026-07,2026-07,2023,
x1682,엔씨데이터주식회사,산단 외,동구,,,컴퓨터 프로그래밍 서비스업,소프트웨어·IT,,1~9명,5,,,,대구광역시 동구 송라로,1,국민연금 가입 사업장 내역 2026-07,2026-07,2023,
x1683,(주)시수머신,산단 외,달성군,,,기타 비철금속 압연  압출 및 연신제품 제조업,기계·금속,,1~9명,4,,,,대구광역시 달성군 옥포읍 반송3길,1,국민연금 가입 사업장 내역 2026-07,2026-07,2023,
x1684,(주)소소에이치앤씨지점,산단 외,동구,,,응용 소프트웨어 개발 및 공급업,소프트웨어·IT,,1~9명,5,,,,대구광역시 동구 화랑로,1,국민연금 가입 사업장 내역 2026-07,2026-07,2023,
x1685,주식회사라이프폼,산단 외,달서구,,,섬유제품 기타 정리 및 마무리 가공업,섬유·패션,,1~9명,5,,,,대구광역시 달서구 달구벌대로250길,1,국민연금 가입 사업장 내역 2026-07,2026-07,2023,
x1686,주식회사디에이치다한,산단 외,동구,,,금속 문  창  셔터 및 관련제품 제조업,기계·금속,,1~9명,5,,,,대구광역시 동구 화랑로,1,국민연금 가입 사업장 내역 2026-07,2026-07,2023,
x1687,(주)부룸스,산단 외,달서구,,,컴퓨터 시스템 통합 자문 및 구축 서비스업,소프트웨어·IT,,1~9명,7,,,,대구광역시 달서구 문화회관길,1,국민연금 가입 사업장 내역 2026-07,2026-07,2023,
x1688,주식회사 엔티엠,산단 외,달성군,,,금속 성형기계 제조업,기계·금속,,1~9명,3,,,,대구광역시 달성군 구지면 달성2차4로,1,국민연금 가입 사업장 내역 2026-07,2026-07,2023,
x1689,(주)원스뉴트로닉,산단 외,달성군,,,그 외 기타 일반 목적용 기계 제조업,기계·금속,,1~9명,4,,,,대구광역시 달성군 다사읍 세천로3길,1,국민연금 가입 사업장 내역 2026-07,2026-07,2023,
x1690,주식회사우리교육원,산단 외,북구,,,응용 소프트웨어 개발 및 공급업,소프트웨어·IT,,1~9명,4,,,,대구광역시 북구 동변로,1,국민연금 가입 사업장 내역 2026-07,2026-07,2023,
x1691,주식회사 희현,산단 외,북구,,,분말 야금제품 제조업,기타 제조,,1~9명,4,,,,대구광역시 북구 3공단로,1,국민연금 가입 사업장 내역 2026-07,2026-07,2023,
x1692,주식회사 홈즈에이아이,산단 외,동구,,,시스템 소프트웨어 개발 및 공급업,소프트웨어·IT,,10~49명,19,,,,대구광역시 동구 동대구로,1,국민연금 가입 사업장 내역 2026-07,2026-07,2023,
x1693,주식회사공사공삼 전원숯불 반야월지점,산단 외,동구,,,한식 육류 요리 전문점,식품,,1~9명,6,,,,대구광역시 동구 안심로,1,국민연금 가입 사업장 내역 2026-07,2026-07,2023,
x1694,주식회사부광전기,산단 외,달서구,,,배전반 및 전기 자동제어반 제조업,전기·전자,,1~9명,3,,,,대구광역시 달서구 서당로9길,1,국민연금 가입 사업장 내역 2026-07,2026-07,2023,
x1695,주식회사디에프씨,산단 외,북구,,,위생용 및 산업용 도자기 제조업,기타 제조,,1~9명,3,,,,대구광역시 북구 검단로31길,1,국민연금 가입 사업장 내역 2026-07,2026-07,2023,
x1696,주식회사제이에이치(대구공장),산단 외,서구,,,섬유제품 기타 정리 및 마무리 가공업,섬유·패션,,10~49명,12,,,,대구광역시 서구 염색공단천로11길,1,국민연금 가입 사업장 내역 2026-07,2026-07,2023,
x1697,주식회사덴탈비전,산단 외,달성군,,,정형 외과용 및 신체 보정용 기기 제조업,기타 제조,,1~9명,3,,,,대구광역시 달성군 다사읍 세천북로10길,1,국민연금 가입 사업장 내역 2026-07,2026-07,2023,
x1698,주식회사금송철강,산단 외,달성군,,,그 외 기타 1차 철강 제조업,기계·금속,,1~9명,8,,,,대구광역시 달성군 다사읍 세천로1길,1,국민연금 가입 사업장 내역 2026-07,2026-07,2023,
x1699,주식회사세레스테크놀로지스,산단 외,중구,,,컴퓨터 프로그래밍 서비스업,소프트웨어·IT,,1~9명,4,,,,대구광역시 중구 명덕로,1,국민연금 가입 사업장 내역 2026-07,2026-07,2023,
x1700,제이엠리더스주식회사,산단 외,수성구,,,인테리어 디자인업,기타 서비스,,1~9명,3,,,,대구광역시 수성구 청수로,1,국민연금 가입 사업장 내역 2026-07,2026-07,2023,
x1701,주식회사지텍스글로벌,산단 외,서구,,,화학섬유직물 직조업,섬유·패션,,1~9명,6,,,,대구광역시 서구 염색공단로,1,국민연금 가입 사업장 내역 2026-07,2026-07,2023,
x1702,(주)월계,산단 외,북구,,,육류 포장육 및 냉동육 가공업(가금류 제외),식품,,1~9명,8,,,,대구광역시 북구 양지마을길,1,국민연금 가입 사업장 내역 2026-07,2026-07,2023,
x1703,(주)에스디와이,산단 외,북구,,,응용 소프트웨어 개발 및 공급업,소프트웨어·IT,,1~9명,3,,,,대구광역시 북구 경대로,1,국민연금 가입 사업장 내역 2026-07,2026-07,2023,
x1704,주식회사티비비,산단 외,북구,,,산업 처리공정 제어장비 제조업,기계·금속,,1~9명,5,,,,대구광역시 북구 대학로,1,국민연금 가입 사업장 내역 2026-07,2026-07,2023,
x1705,(주)엘앤케이코퍼레이션,산단 외,달서구,,,편조의복 제조업,섬유·패션,,1~9명,7,,,,대구광역시 달서구 성서4차첨단로,1,국민연금 가입 사업장 내역 2026-07,2026-07,2023,
x1706,주식회사아이케미스트,산단 외,북구,,,컴퓨터 프로그래밍 서비스업,소프트웨어·IT,,1~9명,8,,,,대구광역시 북구 대학로,1,국민연금 가입 사업장 내역 2026-07,2026-07,2023,
x1707,주식회사금텍,산단 외,달서구,,,자동차 엔진용 신품 부품 제조업,자동차·부품,,10~49명,26,,,,대구광역시 달서구 달서대로,1,국민연금 가입 사업장 내역 2026-07,2026-07,2023,
x1708,일미한우,산단 외,달성군,,,한식 육류 요리 전문점,식품,,10~49명,13,,,,대구광역시 달성군 유가읍 테크노중앙대로1길,1,국민연금 가입 사업장 내역 2026-07,2026-07,2023,
x1709,주식회사위고에너지,산단 외,달성군,,,물질 검사  측정 및 분석 기구 제조업,기타 제조,,1~9명,4,,,,대구광역시 달성군 하빈면 하산2길,1,국민연금 가입 사업장 내역 2026-07,2026-07,2023,
x1710,대영지에스(주)/일용/제3산단 제2임대형 지식산업센터 건립 기계설비공사,산단 외,수성구,,,농업 및 임업용 기계 제조업,기계·금속,,1~9명,3,,,,대구광역시 수성구 지범로,1,국민연금 가입 사업장 내역 2026-07,2026-07,2023,
x1711,주식회사옵튼소프트,산단 외,남구,,,컴퓨터 시스템 통합 자문 및 구축 서비스업,소프트웨어·IT,,1~9명,4,,,,대구광역시 남구 용두길,1,국민연금 가입 사업장 내역 2026-07,2026-07,2023,
x1712,(주)탑레이저,산단 외,달서구,,,금속 문  창  셔터 및 관련제품 제조업,기계·금속,,1~9명,5,,,,대구광역시 달서구 달구벌대로232길,1,국민연금 가입 사업장 내역 2026-07,2026-07,2023,
x1713,주식회사이노이엔씨,산단 외,수성구,,,기타 엔지니어링 서비스업,기타 서비스,,1~9명,7,,,,대구광역시 수성구 알파시티1로42길,1,국민연금 가입 사업장 내역 2026-07,2026-07,2023,
x1714,주식회사인트라솔루션,산단 외,달서구,,,컴퓨터 및 주변장치  소프트웨어 도매업,소프트웨어·IT,,1~9명,5,,,,대구광역시 달서구 성서공단로11길,1,국민연금 가입 사업장 내역 2026-07,2026-07,2023,
x1715,주식회사리브포워드(LiveForwardCo. Ltd.),산단 외,동구,,,컴퓨터 및 주변장치  소프트웨어 도매업,소프트웨어·IT,,1~9명,7,,,,대구광역시 동구 동대구로,1,국민연금 가입 사업장 내역 2026-07,2026-07,2023,
x1716,주식회사커스텀파츠,산단 외,동구,,,기타 물품 취급장비 제조업,기계·금속,,1~9명,4,,,,대구광역시 동구 동화천로,1,국민연금 가입 사업장 내역 2026-07,2026-07,2023,
x1717,(주)에스지소프트,산단 외,달서구,,,응용 소프트웨어 개발 및 공급업,소프트웨어·IT,,1~9명,8,,,,대구광역시 달서구 성서공단로,1,국민연금 가입 사업장 내역 2026-07,2026-07,2023,
x1718,(주)세화진공,산단 외,달성군,,,기체 펌프 및 압축기 제조업,기타 제조,,1~9명,8,,,,대구광역시 달성군 하빈면 하산길,1,국민연금 가입 사업장 내역 2026-07,2026-07,2023,
x1719,에스더블유머신스코리아유한회사,산단 외,동구,,,기타 엔지니어링 서비스업,기타 서비스,,1~9명,7,,,,대구광역시 동구 도평로,1,국민연금 가입 사업장 내역 2026-07,2026-07,2023,
x1720,(주)누룽지스토리,산단 외,달성군,,,기타 곡물 가공품 제조업,기계·금속,,1~9명,5,,,,대구광역시 달성군 논공읍 달성군청로4길,1,국민연금 가입 사업장 내역 2026-07,2026-07,2023,
x1721,주식회사에스더블유아이티(SWIT),산단 외,북구,,,컴퓨터 시스템 통합 자문 및 구축 서비스업,소프트웨어·IT,,1~9명,4,,,,대구광역시 북구 호암로,1,국민연금 가입 사업장 내역 2026-07,2026-07,2023,
x1722,대신엔지니어링주식회사,산단 외,달서구,,,축전지 제조업,기타 제조,,10~49명,12,,,,대구광역시 달서구 호산동로,1,국민연금 가입 사업장 내역 2026-07,2026-07,2023,
x1723,명성,산단 외,달성군,,,그 외 자동차용 신품 부품 제조업,자동차·부품,,10~49명,14,,,,대구광역시 달성군 논공읍 논공중앙로45길,1,국민연금 가입 사업장 내역 2026-07,2026-07,2023,
x1724,주식회사이로감도,산단 외,달서구,,,침구 및 관련제품 제조업,기타 제조,,1~9명,4,,,,대구광역시 달서구 성서로,1,국민연금 가입 사업장 내역 2026-07,2026-07,2023,
x1725,주식회사에이치앤피,산단 외,달성군,,,기타 종이 및 판지 제조업,기타 제조,,1~9명,3,,,,대구광역시 달성군 논공읍 위천2길,1,국민연금 가입 사업장 내역 2026-07,2026-07,2024,
x1726,주식회사아키테크,산단 외,달성군,,,건설 및 채광용 기계장비 제조업,기계·금속,,1~9명,8,,,,대구광역시 달성군 구지면 국가산단대로40길,1,국민연금 가입 사업장 내역 2026-07,2026-07,2023,
x1727,주식회사큐에스아이,산단 외,달성군,,,전자기 측정  시험 및 분석 기구 제조업,전기·전자,,1~9명,7,,,,대구광역시 달성군 다사읍 세천북로8길,1,국민연금 가입 사업장 내역 2026-07,2026-07,2023,
x1728,주식회사대경축산,산단 외,동구,,,육류 포장육 및 냉동육 가공업(가금류 제외),식품,,1~9명,8,,,,대구광역시 동구 둔산로,1,국민연금 가입 사업장 내역 2026-07,2026-07,2023,
x1729,주식회사 대한산업,산단 외,달성군,,,플라스틱 선  봉  관 및 호스 제조업,화학·에너지,,1~9명,4,,,,대구광역시 달성군 유가읍 용금공단길,1,국민연금 가입 사업장 내역 2026-07,2026-07,2023,
x1730,주식회사 케이이씨엔지니어링,산단 외,달서구,,,건물 및 토목 엔지니어링 서비스업(기술사),기타 서비스,,1~9명,9,,,,대구광역시 달서구 상화북로,1,국민연금 가입 사업장 내역 2026-07,2026-07,2023,
x1731,주식회사보고기업,산단 외,달성군,,,기타 구조용 금속제품 제조업,기계·금속,,1~9명,3,,,,대구광역시 달성군 하빈면 하빈남로77길,1,국민연금 가입 사업장 내역 2026-07,2026-07,2023,
x1732,주식회사이노바이오,산단 외,달서구,,,그 외 기타 의료용 기기 제조업,의료·바이오,,1~9명,5,,,,대구광역시 달서구 성서공단남로40길,1,국민연금 가입 사업장 내역 2026-07,2026-07,2023,
x1733,주식회사대림피엘씨(DaelimPLCCo. Ltd),산단 외,달서구,,,플라스틱 합성피혁 제조업,화학·에너지,,1~9명,3,,,,대구광역시 달서구 성서공단남로10길,1,국민연금 가입 사업장 내역 2026-07,2026-07,2023,
x1734,달성에프앤에스주식회사,산단 외,달성군,,,도시락류 제조업,기타 제조,,1~9명,3,,,,대구광역시 달성군 다사읍 세천북로14길,1,국민연금 가입 사업장 내역 2026-07,2026-07,2023,
x1735,주식회사에이네이션,산단 외,서구,,,연사 및 가공사 제조업 / 특수직물 및 기타 직물 직조,섬유·패션,,1~9명,4,,,,대구광역시 서구 와룡로84길,1,국민연금 가입 사업장 내역 2026-07,2026-07,2023,
x1736,(주)유림에프에이,산단 외,달서구,,,배전반 및 전기 자동제어반 제조업,전기·전자,,1~9명,7,,,,대구광역시 달서구 달서대로109길,1,국민연금 가입 사업장 내역 2026-07,2026-07,2023,
x1737,주식회사투버,산단 외,남구,,,응용 소프트웨어 개발 및 공급업,소프트웨어·IT,,1~9명,7,,,,대구광역시 남구 이천로,1,국민연금 가입 사업장 내역 2026-07,2026-07,2023,
x1738,주식회사엠제이텍스교역,산단 외,달서구,,,특수직물 및 기타 직물 직조업,섬유·패션,,1~9명,3,,,,대구광역시 달서구 성서로,1,국민연금 가입 사업장 내역 2026-07,2026-07,2023,
x1739,영남기업주식회사,산단 외,달서구,,,분말 야금제품 제조업,기타 제조,,1~9명,4,,,,대구광역시 달서구 월곡로100안길,1,국민연금 가입 사업장 내역 2026-07,2026-07,2023,
x1740,주식회사케이유테크,산단 외,달서구,,,절삭 가공 및 유사 처리업,기계·금속,,1~9명,4,,,,대구광역시 달서구 달구벌대로,1,국민연금 가입 사업장 내역 2026-07,2026-07,2023,
x1741,주식회사서일기전,산단 외,달서구,,,전동기 및 발전기 제조업,전기·전자,,1~9명,5,,,,대구광역시 달서구 성서공단남로22길,1,국민연금 가입 사업장 내역 2026-07,2026-07,2023,
x1742,주식회사아본소프트,산단 외,수성구,,,시스템 소프트웨어 개발 및 공급업,소프트웨어·IT,,1~9명,3,,,,대구광역시 수성구 알파시티1로4길,1,국민연금 가입 사업장 내역 2026-07,2026-07,2023,
x1743,주식회사태성프린팅,산단 외,달서구,,,경 인쇄업,기타 제조,,10~49명,10,,,,대구광역시 달서구 문화회관11안길,1,국민연금 가입 사업장 내역 2026-07,2026-07,2023,
x1744,주식회사일산,산단 외,달서구,,,화학섬유 방적업,섬유·패션,,1~9명,3,,,,대구광역시 달서구 달구벌대로250길,1,국민연금 가입 사업장 내역 2026-07,2026-07,2023,
x1745,씨엘테크놀로지주식회사/구지공장,산단 외,달성군,,,그 외 기타 특수 목적용 기계 제조업,기계·금속,,50~299명,50,,,,대구광역시 달성군 구지면 달성2차동2로,1,국민연금 가입 사업장 내역 2026-07,2026-07,2024,
x1746,주식회사에센시에르(ESSENCHER),산단 외,북구,,,화장품 제조업,화학·에너지,,1~9명,5,,,,대구광역시 북구 칠곡중앙대로,1,국민연금 가입 사업장 내역 2026-07,2026-07,2023,
x1747,주식회사오아이오,산단 외,북구,,,안경 및 안경렌즈 제조업,의료·바이오,,1~9명,3,,,,대구광역시 북구 환성정길,1,국민연금 가입 사업장 내역 2026-07,2026-07,2023,
x1748,주식회사 파머스팜,산단 외,달성군,,,가금류 가공 및 저장 처리업,기계·금속,,1~9명,3,,,,대구광역시 달성군 현풍읍 현풍중앙로,1,국민연금 가입 사업장 내역 2026-07,2026-07,2023,
x1749,주식회사그린힐,산단 외,동구,,,그 외 기타 플라스틱 제품 제조업,화학·에너지,,1~9명,4,,,,대구광역시 동구 과학로4길,1,국민연금 가입 사업장 내역 2026-07,2026-07,2023,
x1750,주식회사프라임뮤파마,산단 외,북구,,,의학 및 약학 연구개발업,기타 서비스,,1~9명,3,,,,대구광역시 북구 호국로,1,국민연금 가입 사업장 내역 2026-07,2026-07,2023,
x1751,주식회사 성원,산단 외,동구,,,전기회로 접속장치 제조업,전기·전자,,10~49명,14,,,,대구광역시 동구 신덕로5길,1,국민연금 가입 사업장 내역 2026-07,2026-07,2023,
x1752,(주)두은,산단 외,달서구,,,스크린 인쇄업,기타 제조,,1~9명,3,,,,대구광역시 달서구 송현로,1,국민연금 가입 사업장 내역 2026-07,2026-07,2023,
x1753,주식회사제인,산단 외,북구,,,시각 디자인업,기타 서비스,,1~9명,3,,,,대구광역시 북구 학남로,1,국민연금 가입 사업장 내역 2026-07,2026-07,2023,
x1754,주식회사 비즈하이,산단 외,중구,,,호스팅 및 관련 서비스업,소프트웨어·IT,,10~49명,10,,,,대구광역시 중구 동덕로,1,국민연금 가입 사업장 내역 2026-07,2026-07,2023,
x1755,주식회사대준스틸,산단 외,달서구,,,선박 구성 부분품 제조업,기타 제조,,1~9명,5,,,,대구광역시 달서구 성서공단로47길,1,국민연금 가입 사업장 내역 2026-07,2026-07,2023,
x1756,(주)삼성테크,산단 외,달성군,,,그 외 자동차용 신품 부품 제조업,자동차·부품,,1~9명,3,,,,대구광역시 달성군 논공읍 비슬로262길,1,국민연금 가입 사업장 내역 2026-07,2026-07,2023,
x1757,능인치과기공소,산단 외,달서구,,,정형 외과용 및 신체 보정용 기기 제조업,기타 제조,,10~49명,21,,,,대구광역시 달서구 월배로97길,1,국민연금 가입 사업장 내역 2026-07,2026-07,2023,
x1758,(주)더온,산단 외,동구,,,간이 음식 포장 판매 전문점,기타 제조,,1~9명,4,,,,대구광역시 동구 경대로,1,국민연금 가입 사업장 내역 2026-07,2026-07,2025,
x1759,주식회사써치이노베이션,산단 외,북구,,,데이터베이스 및 온라인 정보 제공업,소프트웨어·IT,,1~9명,4,,,,대구광역시 북구 호암로,1,국민연금 가입 사업장 내역 2026-07,2026-07,2023,
x1760,주식회사비엠티,산단 외,북구,,,그 외 기타 1차 철강 제조업,기계·금속,,1~9명,3,,,,대구광역시 북구 3공단로33길,1,국민연금 가입 사업장 내역 2026-07,2026-07,2023,
x1761,주식회사태화테크,산단 외,달성군,,,전동기 및 발전기 제조업,전기·전자,,1~9명,4,,,,대구광역시 달성군 옥포읍 교항5길,1,국민연금 가입 사업장 내역 2026-07,2026-07,2023,
x1762,주식회사대한안전연구원,산단 외,동구,,,기타 엔지니어링 서비스업,기타 서비스,,1~9명,6,,,,대구광역시 동구 이노밸리로29길,1,국민연금 가입 사업장 내역 2026-07,2026-07,2023,
x1763,주식회사제이비이엔지(JBENGCo. Ltd),산단 외,달서구,,,그 외 기타 특수 목적용 기계 제조업,기계·금속,,1~9명,6,,,,대구광역시 달서구 성서공단로11길,1,국민연금 가입 사업장 내역 2026-07,2026-07,2023,
x1764,도스텍주식회사,산단 외,달서구,,,레이더  항행용 무선 기기 및 측량 기구 제조업,기타 제조,,1~9명,4,,,,대구광역시 달서구 달서대로58길,1,국민연금 가입 사업장 내역 2026-07,2026-07,2023,
x1765,주식회사 사하,산단 외,중구,,,기타 엔지니어링 서비스업,기타 서비스,,1~9명,5,,,,대구광역시 중구 명륜로,1,국민연금 가입 사업장 내역 2026-07,2026-07,2023,
x1766,주식회사 더뱅크,산단 외,달서구,,,응용 소프트웨어 개발 및 공급업,소프트웨어·IT,,1~9명,3,,,,대구광역시 달서구 와룡로31길,1,국민연금 가입 사업장 내역 2026-07,2026-07,2023,
x1767,정은산업,산단 외,달성군,,,기타 종이 및 판지 제조업,기타 제조,,10~49명,30,,,,대구광역시 달성군 유가읍 비슬로96길,1,국민연금 가입 사업장 내역 2026-07,2026-07,2024,
x1768,주식회사시온엔지니어링,산단 외,동구,,,건물 및 토목 엔지니어링 서비스업,기타 서비스,,1~9명,5,,,,대구광역시 동구 이노밸리로,1,국민연금 가입 사업장 내역 2026-07,2026-07,2023,
x1769,주식회사 프롬프트타운,산단 외,수성구,,,데이터베이스 및 온라인 정보 제공업,소프트웨어·IT,,10~49명,22,,,,대구광역시 수성구 알파시티1로,1,국민연금 가입 사업장 내역 2026-07,2026-07,2023,
x1770,머니랩커뮤니케이션즈 주식회사,산단 외,동구,,,응용 소프트웨어 개발 및 공급업,소프트웨어·IT,,1~9명,3,,,,대구광역시 동구 동대구로,1,국민연금 가입 사업장 내역 2026-07,2026-07,2024,
x1771,주식회사미라클테크,산단 외,달서구,,,그 외 기타 특수 목적용 기계 제조업,기계·금속,,1~9명,3,,,,대구광역시 달서구 성서4차첨단로,1,국민연금 가입 사업장 내역 2026-07,2026-07,2023,
x1772,주식회사 비트시스템즈,산단 외,북구,,,컴퓨터 및 주변장치  소프트웨어 도매업,소프트웨어·IT,,1~9명,3,,,,대구광역시 북구 침산로21길,1,국민연금 가입 사업장 내역 2026-07,2026-07,2023,
x1773,주식회사 금성제면 제2공장 금성,산단 외,서구,,,떡류 제조업,식품,,1~9명,3,,,,대구광역시 서구 염색공단천로,1,국민연금 가입 사업장 내역 2026-07,2026-07,2024,
x1774,세이브푸드,산단 외,서구,,,육류 포장육 및 냉동육 가공업(가금류 제외),식품,,10~49명,15,,,,대구광역시 서구 문화로17길,1,국민연금 가입 사업장 내역 2026-07,2026-07,2023,
x1775,주식회사프로몰드,산단 외,북구,,,주형 및 금형 제조업,기계·금속,,10~49명,12,,,,대구광역시 북구 침산로67길,1,국민연금 가입 사업장 내역 2026-07,2026-07,2024,
x1776,주식회사 그랜시드,산단 외,달성군,,,시스템 소프트웨어 개발 및 공급업,소프트웨어·IT,,1~9명,4,,,,대구광역시 달성군 다사읍 서재본4길,1,국민연금 가입 사업장 내역 2026-07,2026-07,2024,
x1777,다올,산단 외,달서구,,,그 외 자동차용 신품 부품 제조업,자동차·부품,,10~49명,43,,,,대구광역시 달서구 성서로,1,국민연금 가입 사업장 내역 2026-07,2026-07,2024,
x1778,주식회사 다온시스,산단 외,달서구,,,컴퓨터 시스템 통합 자문 및 구축 서비스업,소프트웨어·IT,,1~9명,4,,,,대구광역시 달서구 이곡공원로,1,국민연금 가입 사업장 내역 2026-07,2026-07,2024,
x1779,탈것자동차서비스센터,산단 외,달서구,,,자동차 차체용 신품 부품 제조업,자동차·부품,,10~49명,12,,,,대구광역시 달서구 새방로,1,국민연금 가입 사업장 내역 2026-07,2026-07,2024,
x1780,야성이엔지 주식회사,산단 외,달성군,,,산업용 냉장 및 냉동장비 제조업,기계·금속,,1~9명,3,,,,대구광역시 달성군 하빈면 하산4길,1,국민연금 가입 사업장 내역 2026-07,2026-07,2024,
x1781,주식회사 펀셰어,산단 외,달서구,,,응용 소프트웨어 개발 및 공급업,소프트웨어·IT,,1~9명,5,,,,대구광역시 달서구 성서공단북로,1,국민연금 가입 사업장 내역 2026-07,2026-07,2024,
x1782,주식회사와우비드,산단 외,수성구,,,데이터베이스 및 온라인 정보 제공업,소프트웨어·IT,,1~9명,8,,,,대구광역시 수성구 알파시티1로4길,1,국민연금 가입 사업장 내역 2026-07,2026-07,2023,
x1783,주식회사 레디,산단 외,달서구,,,응용 소프트웨어 개발 및 공급업,소프트웨어·IT,,1~9명,4,,,,대구광역시 달서구 당산로,1,국민연금 가입 사업장 내역 2026-07,2026-07,2024,
x1784,(주)에이아이지먼트,산단 외,동구,,,컴퓨터 시스템 통합 자문 및 구축 서비스업,소프트웨어·IT,,1~9명,6,,,,대구광역시 동구 동대구로,1,국민연금 가입 사업장 내역 2026-07,2026-07,2023,
x1785,주식회사 유티케이,산단 외,달서구,,,기타 표시장치 제조업,기타 제조,,1~9명,3,,,,대구광역시 달서구 갈밭로12길,1,국민연금 가입 사업장 내역 2026-07,2026-07,2023,
x1786,주식회사서원미트,산단 외,동구,,,육류 포장육 및 냉동육 가공업(가금류 제외),식품,,1~9명,4,,,,대구광역시 동구 팔공로30길,1,국민연금 가입 사업장 내역 2026-07,2026-07,2023,
x1787,주식회사 히야컴퍼니,산단 외,중구,,,빵류 제조업,식품,,1~9명,4,,,,대구광역시 중구 달구벌대로414길,1,국민연금 가입 사업장 내역 2026-07,2026-07,2024,
x1788,주식회사 애니온인텔리전스,산단 외,중구,,,응용 소프트웨어 개발 및 공급업,소프트웨어·IT,,1~9명,3,,,,대구광역시 중구 명륜로26길,1,국민연금 가입 사업장 내역 2026-07,2026-07,2024,
x1789,주식회사 신동비앤에프,산단 외,북구,,,가금류 가공 및 저장 처리업 / 육류 포장육 및 냉동육,식품,,10~49명,12,,,,대구광역시 북구 동변로24길,1,국민연금 가입 사업장 내역 2026-07,2026-07,2024,
x1790,주식회사유이사이언스,산단 외,달성군,,,전동기 및 발전기 제조업,전기·전자,,1~9명,3,,,,대구광역시 달성군 현풍읍 테크노중앙대로,1,국민연금 가입 사업장 내역 2026-07,2026-07,2023,
x1791,주식회사 세빛컴퍼니,산단 외,남구,,,인테리어 디자인업,기타 서비스,,1~9명,5,,,,대구광역시 남구 대명로,1,국민연금 가입 사업장 내역 2026-07,2026-07,2024,
x1792,(주)보은 일렉트로닉,산단 외,달서구,,,연성 및 기타 인쇄회로기판 제조업,기타 제조,,10~49명,23,,,,대구광역시 달서구 진천로16길,1,국민연금 가입 사업장 내역 2026-07,2026-07,2024,
x1793,주식회사더푸딩,산단 외,수성구,,,자연과학 및 공학 융합 연구개발업,기타 서비스,,1~9명,3,,,,대구광역시 수성구 만촌로,1,국민연금 가입 사업장 내역 2026-07,2026-07,2024,
x1794,와이어마스터,산단 외,달성군,,,그 외 자동차용 신품 부품 제조업,자동차·부품,,10~49명,26,,,,대구광역시 달성군 논공읍 달성군청로6길,1,국민연금 가입 사업장 내역 2026-07,2026-07,2024,
x1795,유징솔루션 주식회사,산단 외,수성구,,,시스템 소프트웨어 개발 및 공급업,소프트웨어·IT,,1~9명,6,,,,대구광역시 수성구 알파시티1로42길,1,국민연금 가입 사업장 내역 2026-07,2026-07,2024,
x1796,(주)한국과수기술,산단 외,군위군,,,농림수산학 및 수의학 연구개발업,기타 서비스,,1~9명,4,,,,대구광역시 군위군 효령면 치산효령로,1,국민연금 가입 사업장 내역 2026-07,2026-07,2024,
x1797,주식회사앤켓,산단 외,달성군,,,탄소섬유 제조업,섬유·패션,,1~9명,7,,,,대구광역시 달성군 다사읍 세천북로,1,국민연금 가입 사업장 내역 2026-07,2026-07,2024,
x1798,주식회사 우성기공,산단 외,북구,,,금속 성형기계 제조업,기계·금속,,1~9명,8,,,,대구광역시 북구 오봉로24길,1,국민연금 가입 사업장 내역 2026-07,2026-07,2024,
x1799,주식회사 트리플스퀘어,산단 외,수성구,,,응용 소프트웨어 개발 및 공급업,소프트웨어·IT,,1~9명,3,,,,대구광역시 수성구 달구벌대로,1,국민연금 가입 사업장 내역 2026-07,2026-07,2024,
x1800,(주)디에이치케어,산단 외,수성구,,,컴퓨터 프로그래밍 서비스업,소프트웨어·IT,,1~9명,3,,,,대구광역시 수성구 희망로,1,국민연금 가입 사업장 내역 2026-07,2026-07,2024,
x1801,주식회사 에이비그라운드,산단 외,수성구,,,그 외 기타 의복 액세서리 제조업,섬유·패션,,1~9명,7,,,,대구광역시 수성구 달구벌대로,1,국민연금 가입 사업장 내역 2026-07,2026-07,2024,
x1802,주식회사우정이엔테크,산단 외,달성군,,,그 외 기타 전자 부품 제조업,전기·전자,,1~9명,9,,,,대구광역시 달성군 다사읍 서재로34길,1,국민연금 가입 사업장 내역 2026-07,2026-07,2024,
x1803,주식회사 코아드 대구,산단 외,달성군,,,금속 문  창  셔터 및 관련제품 제조업,기계·금속,,1~9명,9,,,,대구광역시 달성군 논공읍 금강로4길,1,국민연금 가입 사업장 내역 2026-07,2026-07,2024,
x1804,주식회사 에이아이브,산단 외,수성구,,,기타 정보 기술 및 컴퓨터 운영 관련 서비스업,소프트웨어·IT,,10~49명,11,,,,대구광역시 수성구 유니버시아드로,1,국민연금 가입 사업장 내역 2026-07,2026-07,2024,
x1805,주식회사 이대표한우,산단 외,달성군,,,육류 기타 가공 및 저장 처리업(가금류 제외),식품,,1~9명,4,,,,대구광역시 달성군 옥포읍 신당4길,1,국민연금 가입 사업장 내역 2026-07,2026-07,2024,
x1806,주식회사 하나이앤씨,산단 외,수성구,,,기타 엔지니어링 서비스업,기타 서비스,,1~9명,4,,,,대구광역시 수성구 국채보상로194길,1,국민연금 가입 사업장 내역 2026-07,2026-07,2024,
x1807,(주) 펫그라운드,산단 외,북구,,,의료용품 및 기타 의약 관련제품 제조업,의료·바이오,,1~9명,5,,,,대구광역시 북구 옥산로,1,국민연금 가입 사업장 내역 2026-07,2026-07,2024,
x1808,아이디어스투실리콘 주식회사,산단 외,북구,,,응용 소프트웨어 개발 및 공급업,소프트웨어·IT,,10~49명,35,,,,대구광역시 북구 연암로,1,국민연금 가입 사업장 내역 2026-07,2026-07,2024,
x1809,(주)아코바이오,산단 외,달서구,,,전동기 및 발전기 제조업,전기·전자,,1~9명,3,,,,대구광역시 달서구 달구벌대로,1,국민연금 가입 사업장 내역 2026-07,2026-07,2024,
x1810,엘브이아이에스 코리아 주식회사,산단 외,동구,,,기타 자연과학 연구개발업,기타 서비스,,10~49명,19,,,,대구광역시 동구 효동로1길,1,국민연금 가입 사업장 내역 2026-07,2026-07,2024,
x1811,주식회사 티엔케이안전유리,산단 외,동구,,,금속 문  창  셔터 및 관련제품 제조업,기계·금속,,1~9명,5,,,,대구광역시 동구 동촌로25길,1,국민연금 가입 사업장 내역 2026-07,2026-07,2024,
x1812,주식회사 푸른모닥불,산단 외,동구,,,컴퓨터 프로그래밍 서비스업,소프트웨어·IT,,1~9명,8,,,,대구광역시 동구 동대구로,1,국민연금 가입 사업장 내역 2026-07,2026-07,2024,
x1813,뉴로랩스 주식회사,산단 외,수성구,,,컴퓨터 시스템 통합 자문 및 구축 서비스업,소프트웨어·IT,,1~9명,3,,,,대구광역시 수성구 달구벌대로528길,1,국민연금 가입 사업장 내역 2026-07,2026-07,2024,
x1814,(주)알럽,산단 외,동구,,,그 외 기타 식료품 제조업,식품,,10~49명,15,,,,대구광역시 동구 용계로6길,1,국민연금 가입 사업장 내역 2026-07,2026-07,2024,
x1815,(주)문성산업,산단 외,달서구,,,그 외 기타 분류 안된 사업 지원 서비스업(기타임가공,기계·금속,,1~9명,3,,,,대구광역시 달서구 달구벌대로,1,국민연금 가입 사업장 내역 2026-07,2026-07,2024,
x1816,주식회사 겔마미라클,산단 외,동구,,,그 외 기타 달리 분류되지 않은 제품 제조업,기타 제조,,1~9명,3,,,,대구광역시 동구 신암남로,1,국민연금 가입 사업장 내역 2026-07,2026-07,2024,
x1817,(주)원비즈,산단 외,달서구,,,태양력 발전업,화학·에너지,,1~9명,3,,,,대구광역시 달서구 월서로,1,국민연금 가입 사업장 내역 2026-07,2026-07,2024,
x1818,주식회사 피피넛(PPEANUT),산단 외,동구,,,기타 과실ㆍ채소 가공 및 저장 처리업,기계·금속,,1~9명,6,,,,대구광역시 동구 송라로28길,1,국민연금 가입 사업장 내역 2026-07,2026-07,2024,
x1819,주식회사 세드랩(SSEDLAB Co. Ltd),산단 외,수성구,,,컴퓨터 프로그래밍 서비스업,소프트웨어·IT,,1~9명,5,,,,대구광역시 수성구 무학로,1,국민연금 가입 사업장 내역 2026-07,2026-07,2024,
x1820,사운즈커피 베이킹팩토리,산단 외,동구,,,빵류 제조업,식품,,1~9명,9,,,,대구광역시 동구 동부로,1,국민연금 가입 사업장 내역 2026-07,2026-07,2024,
x1821,주식회사 천일피앤피,산단 외,서구,,,기타 건축용 나무제품 제조업,기타 제조,,1~9명,3,,,,대구광역시 서구 평리로29길,1,국민연금 가입 사업장 내역 2026-07,2026-07,2024,
x1822,주식회사 뉴테크마인드,산단 외,수성구,,,응용 소프트웨어 개발 및 공급업,소프트웨어·IT,,1~9명,3,,,,대구광역시 수성구 희망로,1,국민연금 가입 사업장 내역 2026-07,2026-07,2024,
x1823,(주)한들애,산단 외,동구,,,그 외 기타 식료품 제조업,식품,,1~9명,5,,,,대구광역시 동구 옻골로20길,1,국민연금 가입 사업장 내역 2026-07,2026-07,2024,
x1824,주식회사알린카고익스프레스,산단 외,북구,,,커튼 및 유사 제품 제조업,기타 제조,,1~9명,7,,,,대구광역시 북구 동북로,1,국민연금 가입 사업장 내역 2026-07,2026-07,2024,
x1825,주식회사 비전코어,산단 외,동구,,,시스템 소프트웨어 개발 및 공급업,소프트웨어·IT,,1~9명,5,,,,대구광역시 동구 이노밸리로,1,국민연금 가입 사업장 내역 2026-07,2026-07,2024,
x1826,주식회사 에스티랩스 (ST Labs),산단 외,수성구,,,컴퓨터 시스템 통합 자문 및 구축 서비스업,소프트웨어·IT,,1~9명,7,,,,대구광역시 수성구 알파시티1로,1,국민연금 가입 사업장 내역 2026-07,2026-07,2024,
x1827,문화소프트,산단 외,수성구,,,컴퓨터 프로그래밍 서비스업,소프트웨어·IT,,1~9명,5,,,,대구광역시 수성구 달구벌대로528길,1,국민연금 가입 사업장 내역 2026-07,2026-07,2024,
x1828,주식회사오디스젠(OdysgenInc.),산단 외,동구,,,의학 및 약학 연구개발업,기타 서비스,,1~9명,3,,,,대구광역시 동구 동내로,1,국민연금 가입 사업장 내역 2026-07,2026-07,2024,
x1829,주식회사에임즈,산단 외,달서구,,,기타 공학 연구개발업,기타 서비스,,1~9명,6,,,,대구광역시 달서구 성서공단로11길,1,국민연금 가입 사업장 내역 2026-07,2026-07,2024,
x1830,주식회사 이브이타고,산단 외,동구,,,응용 소프트웨어 개발 및 공급업,소프트웨어·IT,,1~9명,9,,,,대구광역시 동구 동대구로,1,국민연금 가입 사업장 내역 2026-07,2026-07,2024,
x1831,주식회사 금강도어,산단 외,북구,,,금속 문  창  셔터 및 관련제품 제조업,기계·금속,,1~9명,3,,,,대구광역시 북구 침산로,1,국민연금 가입 사업장 내역 2026-07,2026-07,2024,
x1832,주식회사삼동건축자재,산단 외,서구,,,기타 건축용 나무제품 제조업,기타 제조,,1~9명,6,,,,대구광역시 서구 달서천로,1,국민연금 가입 사업장 내역 2026-07,2026-07,2024,
x1833,시소코리아 주식회사,산단 외,수성구,,,컴퓨터 프로그래밍 서비스업,소프트웨어·IT,,1~9명,4,,,,대구광역시 수성구 달구벌대로528길,1,국민연금 가입 사업장 내역 2026-07,2026-07,2024,
x1834,주식회사 코어,산단 외,동구,,,기타 정보 기술 및 컴퓨터 운영 관련 서비스업,소프트웨어·IT,,1~9명,9,,,,대구광역시 동구 효신로16길,1,국민연금 가입 사업장 내역 2026-07,2026-07,2024,
x1835,네오아크로보틱스,산단 외,북구,,,산업용 로봇 제조업,로봇,,1~9명,5,,,,대구광역시 북구 대학로,1,국민연금 가입 사업장 내역 2026-07,2026-07,2024,
x1836,주식회사 디플로,산단 외,수성구,,,시각 디자인업,기타 서비스,,1~9명,6,,,,대구광역시 수성구 알파시티1로42길,1,국민연금 가입 사업장 내역 2026-07,2026-07,2024,
x1837,주식회사 바이펜스코리아,산단 외,동구,,,시스템 소프트웨어 개발 및 공급업,소프트웨어·IT,,1~9명,5,,,,대구광역시 동구 화랑로,1,국민연금 가입 사업장 내역 2026-07,2026-07,2024,
x1838,유한회사 피오,산단 외,중구,,,건강 기능식품 제조업,식품,,1~9명,6,,,,대구광역시 중구 명륜로,1,국민연금 가입 사업장 내역 2026-07,2026-07,2024,
x1839,주식회사 디알에스케어,산단 외,남구,,,컴퓨터 및 주변장치  소프트웨어 도매업,소프트웨어·IT,,1~9명,3,,,,대구광역시 남구 현충로,1,국민연금 가입 사업장 내역 2026-07,2026-07,2024,
x1840,(주)배터와이,산단 외,북구,,,기타 전기 변환장치 제조업,전기·전자,,1~9명,5,,,,대구광역시 북구 대학로,1,국민연금 가입 사업장 내역 2026-07,2026-07,2024,
x1841,주식회사 에이아이로보틱스,산단 외,북구,,,응용 소프트웨어 개발 및 공급업,소프트웨어·IT,,10~49명,11,,,,대구광역시 북구 경대로17길,1,국민연금 가입 사업장 내역 2026-07,2026-07,2024,
x1842,(주)루트랩스,산단 외,북구,,,응용 소프트웨어 개발 및 공급업,소프트웨어·IT,,1~9명,3,,,,대구광역시 북구 중앙대로,1,국민연금 가입 사업장 내역 2026-07,2026-07,2024,
x1843,주식회사 이스트투웨스트,산단 외,달서구,,,분사기 및 소화기 제조업,기타 제조,,1~9명,3,,,,대구광역시 달서구 서당로7길,1,국민연금 가입 사업장 내역 2026-07,2026-07,2024,
x1844,주식회사 유니언하우스,산단 외,북구,,,물리  화학 및 생물학 연구개발업,화학·에너지,,1~9명,5,,,,대구광역시 북구 옥산로,1,국민연금 가입 사업장 내역 2026-07,2026-07,2024,
x1845,주식회사 에코인사이트글로벌(대구지점),산단 외,수성구,,,응용 소프트웨어 개발 및 공급업,소프트웨어·IT,,1~9명,5,,,,대구광역시 수성구 알파시티1로,1,국민연금 가입 사업장 내역 2026-07,2026-07,2024,
x1846,주식회사 링크에이아이,산단 외,달성군,,,컴퓨터 프로그래밍 서비스업,소프트웨어·IT,,1~9명,3,,,,대구광역시 달성군 현풍읍 테크노중앙대로,1,국민연금 가입 사업장 내역 2026-07,2026-07,2024,
x1847,(주)트리프,산단 외,동구,,,기타 가정용 전기 기기 제조업,전기·전자,,10~49명,13,,,,대구광역시 동구 이노밸리로,1,국민연금 가입 사업장 내역 2026-07,2026-07,2024,
x1848,(주)덱스위버,산단 외,동구,,,응용 소프트웨어 개발 및 공급업,소프트웨어·IT,,1~9명,7,,,,대구광역시 동구 동대구로,1,국민연금 가입 사업장 내역 2026-07,2026-07,2024,
x1849,씨엠디,산단 외,수성구,,,기타 석제품 제조업,기타 제조,,1~9명,6,,,,대구광역시 수성구 들안로,1,국민연금 가입 사업장 내역 2026-07,2026-07,2024,
x1850,주식회사 에이아이씨유,산단 외,수성구,,,응용 소프트웨어 개발 및 공급업,소프트웨어·IT,,10~49명,12,,,,대구광역시 수성구 알파시티1로42길,1,국민연금 가입 사업장 내역 2026-07,2026-07,2024,
x1851,(주)한라석유 논공(광주)휴게소,산단 외,달성군,,,간이 음식 포장 판매 전문점,기타 제조,,10~49명,17,,,,대구광역시 달성군 논공읍 광주대구고속도로,1,국민연금 가입 사업장 내역 2026-07,2026-07,2024,
x1852,주식회사엠픽(동성로점),산단 외,중구,,,그 외 기타 의복 액세서리 제조업,섬유·패션,,1~9명,5,,,,대구광역시 중구 동성로6길,1,국민연금 가입 사업장 내역 2026-07,2026-07,2024,
x1853,주식회사 은성테크,산단 외,북구,,,그 외 기타 전자 부품 제조업,전기·전자,,10~49명,20,,,,대구광역시 북구 노원로,1,국민연금 가입 사업장 내역 2026-07,2026-07,2024,
x1854,주식회사 프레임,산단 외,수성구,,,안경 및 안경렌즈 제조업,의료·바이오,,1~9명,3,,,,대구광역시 수성구 만촌로,1,국민연금 가입 사업장 내역 2026-07,2026-07,2024,
x1855,우경전장,산단 외,달서구,,,그 외 자동차용 신품 부품 제조업,자동차·부품,,10~49명,30,,,,대구광역시 달서구 성서서로47길,1,국민연금 가입 사업장 내역 2026-07,2026-07,2024,
x1856,대동금속기계(주),산단 외,달성군,,,시계 및 시계 부품 제조업,기타 제조,,1~9명,5,,,,대구광역시 달성군 화원읍 성화로10길,1,국민연금 가입 사업장 내역 2026-07,2026-07,2024,
x1857,(주)소맥베이커리,산단 외,동구,,,빵류 제조업,식품,,10~49명,16,,,,대구광역시 동구 동부로,1,국민연금 가입 사업장 내역 2026-07,2026-07,2024,
x1858,주식회사제이엠케이인터내셔널,산단 외,달서구,,,섬유제품 기타 정리 및 마무리 가공업,섬유·패션,,1~9명,5,,,,대구광역시 달서구 성서로35길,1,국민연금 가입 사업장 내역 2026-07,2026-07,2024,
x1859,주식회사 디르,산단 외,달서구,,,화장품 제조업,화학·에너지,,1~9명,3,,,,대구광역시 달서구 중흥로,1,국민연금 가입 사업장 내역 2026-07,2026-07,2024,
x1860,주식회사에스에이치,산단 외,달성군,,,공기 조화장치 제조업,기타 제조,,1~9명,4,,,,대구광역시 달성군 다사읍 세천로21길,1,국민연금 가입 사업장 내역 2026-07,2026-07,2024,
x1861,주식회사 차가네,산단 외,달서구,,,한식 육류 요리 전문점,식품,,1~9명,3,,,,대구광역시 달서구 장기로,1,국민연금 가입 사업장 내역 2026-07,2026-07,2024,
x1862,(주)한라석유 논공(대구)휴게소,산단 외,달성군,,,간이 음식 포장 판매 전문점,기타 제조,,10~49명,10,,,,대구광역시 달성군 논공읍 광주대구고속도로,1,국민연금 가입 사업장 내역 2026-07,2026-07,2024,
x1863,(주)현대기업,산단 외,수성구,,,그 외 기타 플라스틱 제품 제조업,화학·에너지,,1~9명,7,,,,대구광역시 수성구 희망로36길,1,국민연금 가입 사업장 내역 2026-07,2026-07,2024,
x1864,주식회사 남원이엔지,산단 외,북구,,,산업용 로봇 제조업,로봇,,1~9명,5,,,,대구광역시 북구 노원로,1,국민연금 가입 사업장 내역 2026-07,2026-07,2024,
x1865,(주)지원기업,산단 외,달성군,,,그 외 자동차용 신품 부품 제조업,자동차·부품,,1~9명,3,,,,대구광역시 달성군 구지면 국가산단대로70길,1,국민연금 가입 사업장 내역 2026-07,2026-07,2024,
x1866,주식회사 블루팩토리,산단 외,달성군,,,포장용 플라스틱 성형용기 제조업,화학·에너지,,1~9명,4,,,,대구광역시 달성군 구지면 국가산단대로40길,1,국민연금 가입 사업장 내역 2026-07,2026-07,2024,
x1867,주식회사엠므,산단 외,수성구,,,응용 소프트웨어 개발 및 공급업,소프트웨어·IT,,1~9명,3,,,,대구광역시 수성구 알파시티1로31길,1,국민연금 가입 사업장 내역 2026-07,2026-07,2024,
x1868,에스이노베이션스 주식회사,산단 외,달성군,,,산업용 로봇 제조업,로봇,,10~49명,10,,,,대구광역시 달성군 현풍읍 테크노중앙대로,1,국민연금 가입 사업장 내역 2026-07,2026-07,2024,
x1869,주영테크,산단 외,달성군,,,그 외 자동차용 신품 부품 제조업,자동차·부품,,10~49명,24,,,,대구광역시 달성군 논공읍 논공로,1,국민연금 가입 사업장 내역 2026-07,2026-07,2024,
x1870,프레쉬하루 주식회사,산단 외,수성구,,,데이터베이스 및 온라인 정보 제공업,소프트웨어·IT,,1~9명,3,,,,대구광역시 수성구 상록로16길,1,국민연금 가입 사업장 내역 2026-07,2026-07,2024,
x1871,주식회사 뉴룩스(NEWLOOKS Co. Ltd),산단 외,수성구,,,시각 디자인업,기타 서비스,,1~9명,7,,,,대구광역시 수성구 희망로,1,국민연금 가입 사업장 내역 2026-07,2026-07,2024,
x1872,주식회사엠픽(중앙점),산단 외,중구,,,그 외 기타 의복 액세서리 제조업,섬유·패션,,1~9명,3,,,,대구광역시 중구 동성로,1,국민연금 가입 사업장 내역 2026-07,2026-07,2024,
x1873,바이트브릿지테크놀로지코리아유한회사,산단 외,중구,,,컴퓨터 시스템 통합 자문 및 구축 서비스업,소프트웨어·IT,,1~9명,4,,,,대구광역시 중구 동덕로40길,1,국민연금 가입 사업장 내역 2026-07,2026-07,2024,
x1874,(주)선테크에너지,산단 외,동구,,,금속 문  창  셔터 및 관련제품 제조업,기계·금속,,1~9명,8,,,,대구광역시 동구 매여로1길,1,국민연금 가입 사업장 내역 2026-07,2026-07,2024,
x1875,주식회사 더원엘리베이터,산단 외,수성구,,,기타 엔지니어링 서비스업,기타 서비스,,10~49명,12,,,,대구광역시 수성구 용학로44길,1,국민연금 가입 사업장 내역 2026-07,2026-07,2024,
x1876,주식회사 임가네푸드,산단 외,수성구,,,도시락류 제조업,기타 제조,,1~9명,5,,,,대구광역시 수성구 고산로4안길,1,국민연금 가입 사업장 내역 2026-07,2026-07,2024,
x1877,주식회사 제이앤에스에코,산단 외,서구,,,합성수지 및 기타 플라스틱 물질 제조업,화학·에너지,,1~9명,3,,,,대구광역시 서구 국채보상로,1,국민연금 가입 사업장 내역 2026-07,2026-07,2024,
x1878,주식회사 널미트,산단 외,달성군,,,육류 포장육 및 냉동육 가공업(가금류 제외),식품,,1~9명,3,,,,대구광역시 달성군 화원읍 성천로,1,국민연금 가입 사업장 내역 2026-07,2026-07,2024,
x1879,주식회사케이지컴퍼니,산단 외,동구,,,응용 소프트웨어 개발 및 공급업,소프트웨어·IT,,1~9명,3,,,,대구광역시 동구 메디밸리로,1,국민연금 가입 사업장 내역 2026-07,2026-07,2024,
x1880,주식회사 에스에이치,산단 외,동구,,,데이터베이스 및 온라인 정보 제공업,소프트웨어·IT,,1~9명,9,,,,대구광역시 동구 동부로30길,1,국민연금 가입 사업장 내역 2026-07,2026-07,2024,
x1881,주식회사 삼성이엔지 달성공단지점,산단 외,달성군,,,그 외 자동차용 신품 부품 제조업,자동차·부품,,1~9명,3,,,,대구광역시 달성군 유가읍 테크노순환로8길,1,국민연금 가입 사업장 내역 2026-07,2026-07,2024,
x1882,주식회사 조은부품,산단 외,서구,,,자동차 재제조 부품 제조업,자동차·부품,,1~9명,4,,,,대구광역시 서구 와룡로97길,1,국민연금 가입 사업장 내역 2026-07,2026-07,2024,
x1883,주식회사 프레쉬몰,산단 외,동구,,,가금류 가공 및 저장 처리업,기계·금속,,1~9명,9,,,,대구광역시 동구 부동길,1,국민연금 가입 사업장 내역 2026-07,2026-07,2024,
x1884,주식회사 팀로보틱스,산단 외,달성군,,,산업용 로봇 제조업,로봇,,1~9명,4,,,,대구광역시 달성군 현풍읍 테크노중앙대로,1,국민연금 가입 사업장 내역 2026-07,2026-07,2024,
x1885,주식회사 디지털스튜디오일오삼,산단 외,중구,,,호스팅 및 관련 서비스업,소프트웨어·IT,,1~9명,5,,,,대구광역시 중구 봉산문화길,1,국민연금 가입 사업장 내역 2026-07,2026-07,2024,
x1886,주식회사 캐니캐티케어(CaniCatiCare),산단 외,수성구,,,기타 자연과학 연구개발업,기타 서비스,,1~9명,4,,,,대구광역시 수성구 달구벌대로528길,1,국민연금 가입 사업장 내역 2026-07,2026-07,2024,
x1887,사회적협동조합 우리집,산단 외,동구,,,기타 인문 및 사회과학 연구개발업,기타 서비스,,10~49명,13,,,,대구광역시 동구 아양로39길,1,국민연금 가입 사업장 내역 2026-07,2026-07,2024,
x1888,주식회사 제우스랩스,산단 외,동구,,,응용 소프트웨어 개발 및 공급업,소프트웨어·IT,,1~9명,4,,,,대구광역시 동구 효신로16길,1,국민연금 가입 사업장 내역 2026-07,2026-07,2024,
x1889,주식회사 스터디포미,산단 외,수성구,,,응용 소프트웨어 개발 및 공급업,소프트웨어·IT,,1~9명,4,,,,대구광역시 수성구 알파시티1로4길,1,국민연금 가입 사업장 내역 2026-07,2026-07,2024,
x1890,주식회사 플레이서스,산단 외,중구,,,기타 구조용 금속제품 제조업,기계·금속,,1~9명,4,,,,대구광역시 중구 달구벌대로447길,1,국민연금 가입 사업장 내역 2026-07,2026-07,2024,
x1891,(주) 케이엠티테크,산단 외,달서구,,,선박 구성 부분품 제조업,기타 제조,,1~9명,3,,,,대구광역시 달서구 성서로67길,1,국민연금 가입 사업장 내역 2026-07,2026-07,2024,
x1892,주식회사 제이패브릭 대구2공장,산단 외,달성군,,,화학섬유직물 직조업,섬유·패션,,1~9명,3,,,,대구광역시 달성군 논공읍 비슬로264길,1,국민연금 가입 사업장 내역 2026-07,2026-07,2024,
x1893,주식회사 자모시,산단 외,동구,,,속옷 및 잠옷 제조업,기타 제조,,1~9명,4,,,,대구광역시 동구 반야월북로,1,국민연금 가입 사업장 내역 2026-07,2026-07,2024,
x1894,주식회사 다온,산단 외,달성군,,,육상 금속 골조 구조재 제조업,기계·금속,,1~9명,8,,,,대구광역시 달성군 구지면 국가산단서로71길,1,국민연금 가입 사업장 내역 2026-07,2026-07,2024,
x1895,브레인웍스 주식회사,산단 외,동구,,,응용 소프트웨어 개발 및 공급업,소프트웨어·IT,,10~49명,11,,,,대구광역시 동구 장등로,1,국민연금 가입 사업장 내역 2026-07,2026-07,2024,
x1896,주식회사 이고,산단 외,북구,,,그 외 자동차용 신품 부품 제조업,자동차·부품,,1~9명,4,,,,대구광역시 북구 팔달로35길,1,국민연금 가입 사업장 내역 2026-07,2026-07,2024,
x1897,주식회사 티에스티테크놀로지,산단 외,달성군,,,금속 절삭기계 제조업,기계·금속,,1~9명,6,,,,대구광역시 달성군 현풍읍 지동1길,1,국민연금 가입 사업장 내역 2026-07,2026-07,2024,
x1898,한마당미트 주식회사,산단 외,북구,,,육류 도축업(가금류 제외),식품,,1~9명,6,,,,대구광역시 북구 신암로,1,국민연금 가입 사업장 내역 2026-07,2026-07,2024,
x1899,주식회사 크로바모터스,산단 외,달서구,,,자동차 종합 수리업,자동차·부품,,1~9명,7,,,,대구광역시 달서구 문화회관9길,1,국민연금 가입 사업장 내역 2026-07,2026-07,2024,
x1900,세븐포인트원 대구지사,산단 외,수성구,,,기타 자연과학 연구개발업,기타 서비스,,1~9명,6,,,,대구광역시 수성구 알파시티1로,1,국민연금 가입 사업장 내역 2026-07,2026-07,2024,
x1901,주식회사 창성에프에이(FA),산단 외,달서구,,,그 외 기타 특수 목적용 기계 제조업,기계·금속,,1~9명,3,,,,대구광역시 달서구 달서대로58안길,1,국민연금 가입 사업장 내역 2026-07,2026-07,2024,
x1902,주식회사 여물,산단 외,북구,,,육류 포장육 및 냉동육 가공업(가금류 제외),식품,,1~9명,4,,,,대구광역시 북구 검단공단로,1,국민연금 가입 사업장 내역 2026-07,2026-07,2024,
x1903,지에스더블유(주),산단 외,달성군,,,그 외 자동차용 신품 부품 제조업,자동차·부품,,1~9명,3,,,,대구광역시 달성군 유가읍 유곡길,1,국민연금 가입 사업장 내역 2026-07,2026-07,2024,
x1904,주식회사 보행안전개발원,산단 외,북구,,,콘크리트 타일  기와  벽돌 및 블록 제조업,기타 제조,,1~9명,3,,,,대구광역시 북구 호국로43길,1,국민연금 가입 사업장 내역 2026-07,2026-07,2024,
x1905,주식회사 삼광테크,산단 외,북구,,,주형 및 금형 제조업,기계·금속,,1~9명,3,,,,대구광역시 북구 팔달북로,1,국민연금 가입 사업장 내역 2026-07,2026-07,2024,
x1906,주식회사 새롬한우,산단 외,서구,,,육류 포장육 및 냉동육 가공업(가금류 제외),식품,,1~9명,7,,,,대구광역시 서구 와룡로,1,국민연금 가입 사업장 내역 2026-07,2026-07,2024,
x1907,주식회사 팔랑크스시스템즈(Phalanx Systems Inc.),산단 외,수성구,,,데이터베이스 및 온라인 정보 제공업,소프트웨어·IT,,10~49명,10,,,,대구광역시 수성구 알파시티1로4길,1,국민연금 가입 사업장 내역 2026-07,2026-07,2024,
x1908,(주)동우화스너,산단 외,북구,,,일반 철물 제조업,기타 제조,,1~9명,4,,,,대구광역시 북구 3공단로,1,국민연금 가입 사업장 내역 2026-07,2026-07,2024,
x1909,(주)태원모터스,산단 외,달성군,,,자동차 전문 수리업,자동차·부품,,1~9명,4,,,,대구광역시 달성군 논공읍 논공중앙로34길,1,국민연금 가입 사업장 내역 2026-07,2026-07,2024,
x1910,(주)지인테크,산단 외,달성군,,,그 외 기타 분류 안된 사업 지원 서비스업(기타임가공,기계·금속,,1~9명,4,,,,대구광역시 달성군 논공읍 금강로16길,1,국민연금 가입 사업장 내역 2026-07,2026-07,2024,
x1911,주식회사 엘씨에이치피테크,산단 외,동구,,,기타 측정  시험  항해  제어 및 정밀 기기 제조업,기타 제조,,1~9명,4,,,,대구광역시 동구 동대구로,1,국민연금 가입 사업장 내역 2026-07,2026-07,2024,
x1912,주식회사 비케이미디어,산단 외,달서구,,,화학섬유직물 직조업,섬유·패션,,1~9명,4,,,,대구광역시 달서구 성서공단북로59길,1,국민연금 가입 사업장 내역 2026-07,2026-07,2024,
x1913,주식회사 대한티앤아이,산단 외,북구,,,기타 정보 기술 및 컴퓨터 운영 관련 서비스업,소프트웨어·IT,,1~9명,5,,,,대구광역시 북구 구암로21길,1,국민연금 가입 사업장 내역 2026-07,2026-07,2024,
x1914,지엘시스템 주식회사,산단 외,서구,,,그 외 기타 전자 부품 제조업,전기·전자,,1~9명,3,,,,대구광역시 서구 와룡로65길,1,국민연금 가입 사업장 내역 2026-07,2026-07,2024,
x1915,주식회사 서스컴 (SUSCOM CO.  LTD),산단 외,수성구,,,전자코일  변성기 및 기타 전자 유도자 제조업,전기·전자,,1~9명,3,,,,대구광역시 수성구 알파시티2로,1,국민연금 가입 사업장 내역 2026-07,2026-07,2024,
x1916,사단법인 공산문화유산연구원,산단 외,중구,,,기타 인문 및 사회과학 연구개발업,기타 서비스,,10~49명,16,,,,대구광역시 중구 국채보상로102길,1,국민연금 가입 사업장 내역 2026-07,2026-07,2025,
x1917,주식회사 배래,산단 외,수성구,,,응용 소프트웨어 개발 및 공급업,소프트웨어·IT,,10~49명,14,,,,대구광역시 수성구 상록로16길,1,국민연금 가입 사업장 내역 2026-07,2026-07,2025,
x1918,(주)제이디시스템,산단 외,달성군,,,그 외 기타 분류 안된 사업 지원 서비스업(기타임가공,기계·금속,,1~9명,9,,,,대구광역시 달성군 유가읍 테크노순환로3길,1,국민연금 가입 사업장 내역 2026-07,2026-07,2025,
x1919,주식회사 색동나염,산단 외,서구,,,날염 가공업,기계·금속,,1~9명,5,,,,대구광역시 서구 국채보상로75길,1,국민연금 가입 사업장 내역 2026-07,2026-07,2024,
x1920,티와이이엔지 주식회사,산단 외,달서구,,,산업용 로봇 제조업,로봇,,1~9명,4,,,,대구광역시 달서구 호산동로7길,1,국민연금 가입 사업장 내역 2026-07,2026-07,2024,
x1921,(주)야후건기/상용/롯데건설(주)대구 롯데쇼핑타운 개발계획 신축공사 중 타워크레인 임대차 공사,산단 외,수성구,,,건설장비 운영업,기계·금속,,1~9명,5,,,,대구광역시 수성구 알파시티1로,1,국민연금 가입 사업장 내역 2026-07,2026-07,2024,
x1922,주식회사 우륵한우,산단 외,동구,,,가금류 가공 및 저장 처리업,기계·금속,,1~9명,3,,,,대구광역시 동구 반야월북로,1,국민연금 가입 사업장 내역 2026-07,2026-07,2024,
x1923,알엔디전략연구소혜안 주식회사,산단 외,수성구,,,경제 및 경영학 연구개발업,기타 서비스,,1~9명,5,,,,대구광역시 수성구 알파시티1로4길,1,국민연금 가입 사업장 내역 2026-07,2026-07,2024,
x1924,주식회사 셀시악스,산단 외,달서구,,,기타 자연과학 연구개발업,기타 서비스,,1~9명,5,,,,대구광역시 달서구 성서공단로11길,1,국민연금 가입 사업장 내역 2026-07,2026-07,2025,
x1925,주식회사 더블제이,산단 외,수성구,,,응용 소프트웨어 개발 및 공급업,소프트웨어·IT,,1~9명,3,,,,대구광역시 수성구 청솔로12길,1,국민연금 가입 사업장 내역 2026-07,2026-07,2024,
x1926,주식회사 이수컴퍼니,산단 외,수성구,,,여자용 겉옷 제조업,기타 제조,,1~9명,3,,,,대구광역시 수성구 달구벌대로,1,국민연금 가입 사업장 내역 2026-07,2026-07,2024,
x1927,주식회사 케이씨에프,산단 외,북구,,,가금류 가공 및 저장 처리업,기계·금속,,1~9명,8,,,,대구광역시 북구 동변로24길,1,국민연금 가입 사업장 내역 2026-07,2026-07,2024,
x1928,주식회사 에이온아이티,산단 외,동구,,,컴퓨터 시스템 통합 자문 및 구축 서비스업,소프트웨어·IT,,1~9명,4,,,,대구광역시 동구 팔공로,1,국민연금 가입 사업장 내역 2026-07,2026-07,2024,
x1929,주식회사 우성천,산단 외,동구,,,가금류 가공 및 저장 처리업,기계·금속,,1~9명,5,,,,대구광역시 동구 신덕로6길,1,국민연금 가입 사업장 내역 2026-07,2026-07,2025,
x1930,테라랩 주식회사,산단 외,수성구,,,그 외 기타 특수 목적용 기계 제조업,기계·금속,,10~49명,12,,,,대구광역시 수성구 알파시티1로42길,1,국민연금 가입 사업장 내역 2026-07,2026-07,2024,
x1931,주식회사 명성비에스 대구공장,산단 외,서구,,,일반 철물 제조업,기타 제조,,1~9명,5,,,,대구광역시 서구 와룡로,1,국민연금 가입 사업장 내역 2026-07,2026-07,2025,
x1932,（주）부성이엔씨/상용/25년 대구본부 동대구지사 저압 협력회사 B공사,산단 외,수성구,,,기타 엔지니어링 서비스업,기타 서비스,,1~9명,8,,,,대구광역시 수성구 공경로,1,국민연금 가입 사업장 내역 2026-07,2026-07,2025,
x1933,주식회사 씨엔케이네트워크,산단 외,동구,,,기타 엔지니어링 서비스업,기타 서비스,,10~49명,45,,,,대구광역시 동구 이노밸리로26길,1,국민연금 가입 사업장 내역 2026-07,2026-07,2024,
x1934,주식회사 뉴메리얼,산단 외,달서구,,,응용 소프트웨어 개발 및 공급업,소프트웨어·IT,,1~9명,4,,,,대구광역시 달서구 서당로9길,1,국민연금 가입 사업장 내역 2026-07,2026-07,2025,
x1935,(주)지디공조,산단 외,달서구,,,구조용 금속 판제품 및 공작물 제조업,기계·금속,,1~9명,4,,,,대구광역시 달서구 성서서로,1,국민연금 가입 사업장 내역 2026-07,2026-07,2024,
x1936,(주)포에스텍 대구공장,산단 외,달성군,,,그 외 기타 플라스틱 제품 제조업,화학·에너지,,1~9명,3,,,,대구광역시 달성군 논공읍 논공로,1,국민연금 가입 사업장 내역 2026-07,2026-07,2025,
x1937,주식회사 브러쉬테크(BRUSH TECH Co.  Ltd),산단 외,북구,,,비 및 솔 제조업,기타 제조,,1~9명,6,,,,대구광역시 북구 검단공단로,1,국민연금 가입 사업장 내역 2026-07,2026-07,2024,
x1938,(주)케이엠티솔루션,산단 외,달서구,,,배전반 및 전기 자동제어반 제조업,전기·전자,,10~49명,12,,,,대구광역시 달서구 성서서로51길,1,국민연금 가입 사업장 내역 2026-07,2026-07,2024,
x1939,주식회사 팀브로,산단 외,달서구,,,응용 소프트웨어 개발 및 공급업,소프트웨어·IT,,1~9명,5,,,,대구광역시 달서구 야외음악당로7길,1,국민연금 가입 사업장 내역 2026-07,2026-07,2025,
x1940,주식회사　윈체/일용/대구 사일동 주상복합 PL창호 공사(확장분),산단 외,중구,,,제조 / 산업용강화플라스틱성형제품,화학·에너지,,1~9명,3,,,,대구광역시 중구 동성로2가,1,국민연금 가입 사업장 내역 2026-07,2026-07,2024,
x1941,주식회사 신원환경,산단 외,북구,,,화물 포장  검수 및 계량 서비스업,기타 제조,,1~9명,3,,,,대구광역시 북구 동북로,1,국민연금 가입 사업장 내역 2026-07,2026-07,2025,
x1942,디에스테크,산단 외,달성군,,,그 외 자동차용 신품 부품 제조업,자동차·부품,,10~49명,11,,,,대구광역시 달성군 논공읍 비슬로357길,1,국민연금 가입 사업장 내역 2026-07,2026-07,2025,
x1943,주식회사 라인오토텍,산단 외,달성군,,,그 외 자동차용 신품 부품 제조업,자동차·부품,,10~49명,21,,,,대구광역시 달성군 구지면 국가산단대로32길,1,국민연금 가입 사업장 내역 2026-07,2026-07,2025,
x1944,주식회사 위드하이텍,산단 외,달서구,,,그 외 자동차용 신품 부품 제조업,자동차·부품,,10~49명,17,,,,대구광역시 달서구 성서공단로21길,1,국민연금 가입 사업장 내역 2026-07,2026-07,2025,
x1945,（주）유비텍/상용/대구도시철도2호선열차무선설비(LTE-R)구매설치,산단 외,달서구,,,컴퓨터 및 주변장치  소프트웨어 도매업,소프트웨어·IT,,1~9명,8,,,,대구광역시 달서구 월배로,1,국민연금 가입 사업장 내역 2026-07,2026-07,2024,
x1946,주식회사 청운지엠티,산단 외,동구,,,그 외 기타 전기장비 제조업,전기·전자,,10~49명,12,,,,대구광역시 동구 신평로,1,국민연금 가입 사업장 내역 2026-07,2026-07,2025,
x1947,주식회사 주니웰컴퍼니,산단 외,동구,,,치약  비누 및 기타 세제 제조업,기타 제조,,1~9명,8,,,,대구광역시 동구 부동길,1,국민연금 가입 사업장 내역 2026-07,2026-07,2025,
x1948,진천산업,산단 외,달서구,,,그 외 자동차용 신품 부품 제조업,자동차·부품,,10~49명,12,,,,대구광역시 달서구 달서대로88길,1,국민연금 가입 사업장 내역 2026-07,2026-07,2025,
x1949,(주)비케이산업,산단 외,군위군,,,플라스틱 필름 제조업,화학·에너지,,1~9명,4,,,,대구광역시 군위군 우보면 이화길,1,국민연금 가입 사업장 내역 2026-07,2026-07,2024,
x1950,주식회사 비제이블랙포트,산단 외,북구,,,안경 및 안경렌즈 제조업,의료·바이오,,1~9명,3,,,,대구광역시 북구 3공단로,1,국민연금 가입 사업장 내역 2026-07,2026-07,2025,
x1951,주식회사 아우라젠(aurazen Co. Ltd.),산단 외,달성군,,,음ㆍ식료품 및 담배 가공기계 제조업,식품,,1~9명,3,,,,대구광역시 달성군 옥포읍 반송3길,1,국민연금 가입 사업장 내역 2026-07,2026-07,2025,
x1952,주식회사 대한씨에스공조,산단 외,북구,,,공기 조화장치 제조업,기타 제조,,1~9명,3,,,,대구광역시 북구 검단공단로,1,국민연금 가입 사업장 내역 2026-07,2026-07,2025,
x1953,주식회사 대경정밀공구,산단 외,수성구,,,분말 야금제품 제조업,기타 제조,,1~9명,3,,,,대구광역시 수성구 세진로,1,국민연금 가입 사업장 내역 2026-07,2026-07,2025,
x1954,유한회사 미도이미징,산단 외,북구,,,목재 도구 및 주방용 나무제품 제조업,기타 제조,,10~49명,10,,,,대구광역시 북구 대현로,1,국민연금 가입 사업장 내역 2026-07,2026-07,2025,
x1955,주식회사 에스덕,산단 외,남구,,,데이터베이스 및 온라인 정보 제공업,소프트웨어·IT,,1~9명,7,,,,대구광역시 남구 명덕로,1,국민연금 가입 사업장 내역 2026-07,2026-07,2025,
x1956,（주）동광이엔씨/일용/LHQ+대구경북1권건설매입임대주택유지보수공사(정보통신),산단 외,달서구,,,유선 통신장비 제조업,전기·전자,,1~9명,5,,,,대구광역시 달서구 신당로,1,국민연금 가입 사업장 내역 2026-07,2026-07,2025,
x1957,김사부 농업회사법인 주식회사,산단 외,북구,,,도시락류 제조업,기타 제조,,1~9명,5,,,,대구광역시 북구 호국로,1,국민연금 가입 사업장 내역 2026-07,2026-07,2025,
x1958,하이로(주),산단 외,달성군,,,그 외 자동차용 신품 부품 제조업,자동차·부품,,1~9명,6,,,,대구광역시 달성군 현풍읍 테크노상업로,1,국민연금 가입 사업장 내역 2026-07,2026-07,2025,
x1959,(주)타임무역,산단 외,달성군,,,재생 섬유 제조업,섬유·패션,,1~9명,4,,,,대구광역시 달성군 현풍읍 국가산단북로100길,1,국민연금 가입 사업장 내역 2026-07,2026-07,2025,
x1960,주식회사 아스트론,산단 외,수성구,,,응용 소프트웨어 개발 및 공급업,소프트웨어·IT,,1~9명,7,,,,대구광역시 수성구 알파시티1로,1,국민연금 가입 사업장 내역 2026-07,2026-07,2025,
x1961,주식회사 시원정공,산단 외,북구,,,분말 야금제품 제조업,기타 제조,,1~9명,4,,,,대구광역시 북구 팔달북로11길,1,국민연금 가입 사업장 내역 2026-07,2026-07,2025,
x1962,인테그로 주식회사(Integro Co.  Ltd.),산단 외,중구,,,컴퓨터 시스템 통합 자문 및 구축 서비스업,소프트웨어·IT,,1~9명,5,,,,대구광역시 중구 동덕로,1,국민연금 가입 사업장 내역 2026-07,2026-07,2025,
x1963,(주)유케이테크,산단 외,북구,,,그 외 금속 파스너 및 나사제품 제조업,기계·금속,,1~9명,9,,,,대구광역시 북구 검단로27길,1,국민연금 가입 사업장 내역 2026-07,2026-07,2025,
x1964,주식회사 씨유안전개발,산단 외,달성군,,,금속 표시판 제조업,기계·금속,,1~9명,5,,,,대구광역시 달성군 논공읍 비슬로,1,국민연금 가입 사업장 내역 2026-07,2026-07,2025,
x1965,주식회사 에듀윗,산단 외,북구,,,응용 소프트웨어 개발 및 공급업,소프트웨어·IT,,1~9명,5,,,,대구광역시 북구 대학로,1,국민연금 가입 사업장 내역 2026-07,2026-07,2025,
x1966,주식회사 재은써키트,산단 외,달성군,,,전자 부품 실장기판 제조업,전기·전자,,10~49명,11,,,,대구광역시 달성군 유가읍 테크노중앙대로,1,국민연금 가입 사업장 내역 2026-07,2026-07,2025,
x1967,주식회사 우성엘에스티,산단 외,달성군,,,분말 야금제품 제조업,기타 제조,,1~9명,8,,,,대구광역시 달성군 논공읍 노이길,1,국민연금 가입 사업장 내역 2026-07,2026-07,2025,
x1968,주식회사 티에스컴퍼니나염,산단 외,서구,,,날염 가공업,기계·금속,,10~49명,12,,,,대구광역시 서구 국채보상로72길,1,국민연금 가입 사업장 내역 2026-07,2026-07,2025,
x1969,주식회사 케이원/상용/대구도시철도2호선열차무선설비(LTE-R)구매설치,산단 외,달서구,,,컴퓨터 시스템 통합 자문 및 구축 서비스업,소프트웨어·IT,,10~49명,12,,,,대구광역시 달서구 월배로,1,국민연금 가입 사업장 내역 2026-07,2026-07,2024,
x1970,주식회사 대현하이텍,산단 외,북구,,,산업용 로봇 제조업,로봇,,1~9명,3,,,,대구광역시 북구 3공단로,1,국민연금 가입 사업장 내역 2026-07,2026-07,2025,
x1971,주식회사 청가원,산단 외,수성구,,,가금류 가공 및 저장 처리업,기계·금속,,1~9명,3,,,,대구광역시 수성구 무학로23길,1,국민연금 가입 사업장 내역 2026-07,2026-07,2025,
x1972,(주)세종이엔씨,산단 외,동구,,,건물 및 토목 엔지니어링 서비스업,기타 서비스,,1~9명,6,,,,대구광역시 동구 동대구로85길,1,국민연금 가입 사업장 내역 2026-07,2026-07,2025,
x1973,주식회사 서로,산단 외,남구,,,아이스크림 및 기타 식용 빙과류 제조업,기타 제조,,10~49명,10,,,,대구광역시 남구 대명서로,1,국민연금 가입 사업장 내역 2026-07,2026-07,2025,
x1974,더헤이마 주식회사,산단 외,수성구,,,컴퓨터 프로그래밍 서비스업,소프트웨어·IT,,1~9명,5,,,,대구광역시 수성구 알파시티1로31길,1,국민연금 가입 사업장 내역 2026-07,2026-07,2025,
x1975,디엠와이 유한회사 빵장수,산단 외,달서구,,,빵류 제조업,식품,,1~9명,7,,,,대구광역시 달서구 구마로,1,국민연금 가입 사업장 내역 2026-07,2026-07,2025,
x1976,주식회사 자이로드,산단 외,달성군,,,응용 소프트웨어 개발 및 공급업,소프트웨어·IT,,1~9명,3,,,,대구광역시 달성군 현풍읍 테크노중앙대로,1,국민연금 가입 사업장 내역 2026-07,2026-07,2025,
x1977,주식회사 씨티에이치,산단 외,달성군,,,기타 자연과학 연구개발업,기타 서비스,,1~9명,4,,,,대구광역시 달성군 유가읍 테크노중앙대로,1,국민연금 가입 사업장 내역 2026-07,2026-07,2025,
x1978,주식회사 형제중기,산단 외,달서구,,,그 외 기타 일반 목적용 기계 제조업,기계·금속,,1~9명,6,,,,대구광역시 달서구 월곡로99길,1,국민연금 가입 사업장 내역 2026-07,2026-07,2025,
x1979,마지글 주식회사,산단 외,중구,,,데이터베이스 및 온라인 정보 제공업,소프트웨어·IT,,10~49명,10,,,,대구광역시 중구 종로,1,국민연금 가입 사업장 내역 2026-07,2026-07,2025,
x1980,주식회사 원케어,산단 외,달성군,,,수산식물 가공 및 저장 처리업,기계·금속,,1~9명,4,,,,대구광역시 달성군 다사읍 세천남로2길,1,국민연금 가입 사업장 내역 2026-07,2026-07,2025,
x1981,주식회사 제이시,산단 외,북구,,,컴퓨터 시스템 통합 자문 및 구축 서비스업,소프트웨어·IT,,1~9명,4,,,,대구광역시 북구 칠성남로,1,국민연금 가입 사업장 내역 2026-07,2026-07,2025,
x1982,(주) 에프앤티,산단 외,달성군,,,산업 처리공정 제어장비 제조업,기계·금속,,1~9명,4,,,,대구광역시 달성군 다사읍 세천북로14길,1,국민연금 가입 사업장 내역 2026-07,2026-07,2025,
x1983,주식회사 청담건설,산단 외,북구,,,기타 엔지니어링 서비스업,기타 서비스,,1~9명,4,,,,대구광역시 북구 호국로39길,1,국민연금 가입 사업장 내역 2026-07,2026-07,2025,
x1984,주식회사 아이티디에스(ITDS CO.  Ltd.),산단 외,동구,,,컴퓨터 시스템 통합 자문 및 구축 서비스업,소프트웨어·IT,,1~9명,3,,,,대구광역시 동구 동대구로,1,국민연금 가입 사업장 내역 2026-07,2026-07,2024,
x1985,주식회사 신세릭스,산단 외,북구,,,응용 소프트웨어 개발 및 공급업,소프트웨어·IT,,1~9명,5,,,,대구광역시 북구 호암로,1,국민연금 가입 사업장 내역 2026-07,2026-07,2025,
x1986,뉴스타텍스타일(주),산단 외,서구,,,직물  편조 원단 및 의복류 염색 가공업,섬유·패션,,1~9명,4,,,,대구광역시 서구 염색공단중앙로21길,1,국민연금 가입 사업장 내역 2026-07,2026-07,2025,
x1987,주식회사한서티앤씨,산단 외,북구,,,화학섬유직물 직조업,섬유·패션,,1~9명,3,,,,대구광역시 북구 한강로8길,1,국민연금 가입 사업장 내역 2026-07,2026-07,2025,
x1988,(주)엠시스템즈,산단 외,북구,,,응용 소프트웨어 개발 및 공급업,소프트웨어·IT,,1~9명,7,,,,대구광역시 북구 경대로17길,1,국민연금 가입 사업장 내역 2026-07,2026-07,2025,
x1989,대성산업(주)플루이드솔루션사업부,산단 외,달성군,,,유압 기기 제조업,기타 제조,,1~9명,3,,,,대구광역시 달성군 논공읍 논공로,1,국민연금 가입 사업장 내역 2026-07,2026-07,2025,
x1990,주식회사길산업/일용/LHQ+대구경북2권건설매입임대주택유지보수공사(기계),산단 외,달서구,,,핵반응기 및 증기보일러 제조업,기타 제조,,1~9명,4,,,,대구광역시 달서구 상화로,1,국민연금 가입 사업장 내역 2026-07,2026-07,2025,
x1991,주식회사 오토랩스,산단 외,중구,,,응용 소프트웨어 개발 및 공급업,소프트웨어·IT,,1~9명,4,,,,대구광역시 중구 명덕로,1,국민연금 가입 사업장 내역 2026-07,2026-07,2025,
x1992,주식회사 이브이모터스,산단 외,달서구,,,모터사이클 제조업,기타 제조,,1~9명,5,,,,대구광역시 달서구 성서로5길,1,국민연금 가입 사업장 내역 2026-07,2026-07,2025,
x1993,（주）동림/일용/한화생명 대구사옥 신축공사 중 철골공사,산단 외,중구,,,육상 금속 골조 구조재 제조업,기계·금속,,1~9명,5,,,,대구광역시 중구 동인동2가,1,국민연금 가입 사업장 내역 2026-07,2026-07,2024,
x1994,주식회사 대호이노베이션,산단 외,달성군,,,알루미늄 압연  압출 및 연신제품 제조업,기계·금속,,1~9명,5,,,,대구광역시 달성군 구지면 달성2차1로,1,국민연금 가입 사업장 내역 2026-07,2026-07,2025,
x1995,주식회사 브이피에이치이,산단 외,달성군,,,자동차용 신품 전기장치 제조업,자동차·부품,,50~299명,85,,,,대구광역시 달성군 다사읍 세천로1길,1,국민연금 가입 사업장 내역 2026-07,2026-07,2025,
x1996,주식회사 메인퀘스트,산단 외,동구,,,모바일 게임 소프트웨어 개발 및 공급업,소프트웨어·IT,,10~49명,17,,,,대구광역시 동구 동대구로,1,국민연금 가입 사업장 내역 2026-07,2026-07,2025,
x1997,(주)코리얼트레이딩스,산단 외,동구,,,화장품 제조업,화학·에너지,,1~9명,3,,,,대구광역시 동구 동북로,1,국민연금 가입 사업장 내역 2026-07,2026-07,2025,
x1998,주식회사 영립로지스틱스,산단 외,동구,,,화물 포장  검수 및 계량 서비스업,기타 제조,,10~49명,14,,,,대구광역시 동구 화랑로91길,1,국민연금 가입 사업장 내역 2026-07,2026-07,2025,
x1999,주식회사 아이투테크노코리아,산단 외,중구,,,기타 반도체 소자 제조업,전기·전자,,10~49명,12,,,,대구광역시 중구 종로,1,국민연금 가입 사업장 내역 2026-07,2026-07,2025,
x2000,주식회사 어바웃73(ABOUT73 Co. Ltd),산단 외,북구,,,기타 구조용 금속제품 제조업,기계·금속,,1~9명,4,,,,대구광역시 북구 3공단로,1,국민연금 가입 사업장 내역 2026-07,2026-07,2025,
x2001,주식회사 알비인더스,산단 외,서구,,,그 외 기타 일반 목적용 기계 제조업,기계·금속,,1~9명,3,,,,대구광역시 서구 당산로47길,1,국민연금 가입 사업장 내역 2026-07,2026-07,2025,
x2002,주식회사 휴먼산업,산단 외,달서구,,,자동차 차체용 신품 부품 제조업,자동차·부품,,1~9명,6,,,,대구광역시 달서구 성서로68길,1,국민연금 가입 사업장 내역 2026-07,2026-07,2025,
x2003,엔비 에이아이 주식회사(NB AI),산단 외,수성구,,,응용 소프트웨어 개발 및 공급업,소프트웨어·IT,,1~9명,3,,,,대구광역시 수성구 알파시티1로4길,1,국민연금 가입 사업장 내역 2026-07,2026-07,2025,
x2004,주식회사 모비엑스,산단 외,수성구,,,응용 소프트웨어 개발 및 공급업,소프트웨어·IT,,1~9명,6,,,,대구광역시 수성구 알파시티1로42길,1,국민연금 가입 사업장 내역 2026-07,2026-07,2025,
x2005,(주)아이소나,산단 외,북구,,,산업용 로봇 제조업,로봇,,1~9명,3,,,,대구광역시 북구 서변로21길,1,국민연금 가입 사업장 내역 2026-07,2026-07,2025,
x2006,탈것월암정비 주식회사,산단 외,달서구,,,자동차 종합 수리업,자동차·부품,,1~9명,6,,,,대구광역시 달서구 성서서로19길,1,국민연금 가입 사업장 내역 2026-07,2026-07,2025,
x2007,진강산업,산단 외,달서구,,,그 외 기타 전자 부품 제조업,전기·전자,,10~49명,11,,,,대구광역시 달서구 성서공단북로69길,1,국민연금 가입 사업장 내역 2026-07,2026-07,2025,
x2008,주식회사 삼오하이테크,산단 외,달성군,,,그 외 자동차용 신품 부품 제조업,자동차·부품,,1~9명,9,,,,대구광역시 달성군 논공읍 논공로117길,1,국민연금 가입 사업장 내역 2026-07,2026-07,2025,
x2009,주식회사 남경씰,산단 외,달성군,,,산업용 그 외 비경화 고무제품 제조업,화학·에너지,,1~9명,7,,,,대구광역시 달성군 논공읍 논공중앙로51길,1,국민연금 가입 사업장 내역 2026-07,2026-07,2025,
x2010,주식회사 기가메탈,산단 외,달서구,,,기타 구조용 금속제품 제조업,기계·금속,,1~9명,9,,,,대구광역시 달서구 성서공단북로18길,1,국민연금 가입 사업장 내역 2026-07,2026-07,2025,
x2011,프로테크(주)(일용)상인센트럴자이(대구)소방전기공사,산단 외,달서구,,,산업용 냉장 및 냉동장비 제조업,기계·금속,,1~9명,6,,,,대구광역시 달서구 상인동,1,국민연금 가입 사업장 내역 2026-07,2026-07,2025,
x2012,주식회사 디케이산업,산단 외,북구,,,구조용 금속 판제품 및 공작물 제조업,기계·금속,,1~9명,4,,,,대구광역시 북구 노원로,1,국민연금 가입 사업장 내역 2026-07,2026-07,2025,
x2013,(주)제이엠솔루션즈,산단 외,북구,,,그 외 기타 특수 목적용 기계 제조업,기계·금속,,1~9명,4,,,,대구광역시 북구 3공단로,1,국민연금 가입 사업장 내역 2026-07,2026-07,2025,
x2014,주식회사 스턱픽셀,산단 외,동구,,,응용 소프트웨어 개발 및 공급업,소프트웨어·IT,,1~9명,3,,,,대구광역시 동구 동대구로,1,국민연금 가입 사업장 내역 2026-07,2026-07,2025,
x2015,주식회사 대경승강기,산단 외,북구,,,승강기 제조업,기타 제조,,1~9명,7,,,,대구광역시 북구 유통단지로,1,국민연금 가입 사업장 내역 2026-07,2026-07,2025,
x2016,주식회사 유진테크,산단 외,달성군,,,그 외 자동차용 신품 부품 제조업,자동차·부품,,1~9명,3,,,,대구광역시 달성군 논공읍 논공로91길,1,국민연금 가입 사업장 내역 2026-07,2026-07,2025,
x2017,주식회사 비앤씨글로벌,산단 외,수성구,,,물리  화학 및 생물학 연구개발업,화학·에너지,,1~9명,7,,,,대구광역시 수성구 알파시티1로35길,1,국민연금 가입 사업장 내역 2026-07,2026-07,2025,
x2018,(주)에이치덴탈솔루션,산단 외,동구,,,치과용 기기 제조업,의료·바이오,,1~9명,4,,,,대구광역시 동구 이노밸리로36길,1,국민연금 가입 사업장 내역 2026-07,2026-07,2025,
x2019,주식회사 엘다,산단 외,수성구,,,시각 디자인업,기타 서비스,,1~9명,3,,,,대구광역시 수성구 명덕로,1,국민연금 가입 사업장 내역 2026-07,2026-07,2025,
x2020,주식회사 브린테크,산단 외,서구,,,기타 가정용 전기 기기 제조업,전기·전자,,1~9명,5,,,,대구광역시 서구 와룡로65길,1,국민연금 가입 사업장 내역 2026-07,2026-07,2025,
x2021,(주)베베볼,산단 외,달성군,,,치약  비누 및 기타 세제 제조업,기타 제조,,1~9명,3,,,,대구광역시 달성군 다사읍 세천북로8길,1,국민연금 가입 사업장 내역 2026-07,2026-07,2025,
x2022,샤브르정원 달서구점,산단 외,달서구,,,한식 육류 요리 전문점,식품,,10~49명,11,,,,대구광역시 달서구 달구벌대로,1,국민연금 가입 사업장 내역 2026-07,2026-07,2025,
x2023,사단법인한국이륜자동차제작자협회,산단 외,달서구,,,기타 인문 및 사회과학 연구개발업,기타 서비스,,1~9명,3,,,,대구광역시 달서구 성서공단로11길,1,국민연금 가입 사업장 내역 2026-07,2026-07,2025,
x2024,주식회사 앤제이코퍼레이션,산단 외,달서구,,,응용 소프트웨어 개발 및 공급업,소프트웨어·IT,,1~9명,5,,,,대구광역시 달서구 달서대로,1,국민연금 가입 사업장 내역 2026-07,2026-07,2025,
x2025,주식회사건화/일용/대구 동문동 신축공사,산단 외,중구,,,선박 구성 부분품 제조업,기타 제조,,1~9명,4,,,,대구광역시 중구 동문동,1,국민연금 가입 사업장 내역 2026-07,2026-07,2025,
x2026,주식회사 대진프라텍,산단 외,달서구,,,그 외 자동차용 신품 부품 제조업,자동차·부품,,1~9명,3,,,,대구광역시 달서구 성서로71길,1,국민연금 가입 사업장 내역 2026-07,2026-07,2025,
x2027,(주)더마트릭스,산단 외,수성구,,,컴퓨터 시스템 통합 자문 및 구축 서비스업,소프트웨어·IT,,1~9명,3,,,,대구광역시 수성구 범어천로,1,국민연금 가입 사업장 내역 2026-07,2026-07,2025,
x2028,(주)테티스 대구지점,산단 외,달서구,,,유압 기기 제조업,기타 제조,,1~9명,4,,,,대구광역시 달서구 성서로24길,1,국민연금 가입 사업장 내역 2026-07,2026-07,2025,
x2029,주식회사 두원공조,산단 외,북구,,,그 외 기타 금속 가공업,기계·금속,,1~9명,9,,,,대구광역시 북구 관음중앙로,1,국민연금 가입 사업장 내역 2026-07,2026-07,2025,
x2030,주식회사 픽셀런트,산단 외,동구,,,기타 표시장치 제조업,기타 제조,,10~49명,21,,,,대구광역시 동구 동내로,1,국민연금 가입 사업장 내역 2026-07,2026-07,2025,
x2031,(주)지엔텔/일용/KT CCC LTE 5G 이설재배치공사(대구경북),산단 외,수성구,,,기타 엔지니어링 서비스업,기타 서비스,,1~9명,5,,,,대구광역시 수성구 청수로26길,1,국민연금 가입 사업장 내역 2026-07,2026-07,2025,
x2032,에이치에스소프트 주식회사,산단 외,서구,,,응용 소프트웨어 개발 및 공급업,소프트웨어·IT,,1~9명,6,,,,대구광역시 서구 와룡로,1,국민연금 가입 사업장 내역 2026-07,2026-07,2025,
x2033,매일프린팅,산단 외,달서구,,,경 인쇄업,기타 제조,,10~49명,13,,,,대구광역시 달서구 성서공단로58길,1,국민연금 가입 사업장 내역 2026-07,2026-07,2025,
x2034,(주)성지이테크/건설일용관리,산단 외,달성군,,,비금속류 원료 재생업,기계·금속,,1~9명,3,,,,대구광역시 달성군 화원읍 사문진로,1,국민연금 가입 사업장 내역 2026-07,2026-07,2025,
x2035,주식회사 하이퍼라이즈 (HYPERRISE Co.  Ltd.),산단 외,수성구,,,모바일 게임 소프트웨어 개발 및 공급업,소프트웨어·IT,,10~49명,35,,,,대구광역시 수성구 알파시티1로,1,국민연금 가입 사업장 내역 2026-07,2026-07,2025,
x2036,(주)제이에스하이텍,산단 외,달성군,,,그 외 자동차용 신품 부품 제조업,자동차·부품,,1~9명,6,,,,대구광역시 달성군 구지면 달성2차서로,1,국민연금 가입 사업장 내역 2026-07,2026-07,2025,
x2037,주식회사 유엠소프트,산단 외,수성구,,,컴퓨터 시스템 통합 자문 및 구축 서비스업,소프트웨어·IT,,1~9명,7,,,,대구광역시 수성구 알파시티1로4길,1,국민연금 가입 사업장 내역 2026-07,2026-07,2025,
x2038,주식회사 파워텍이엔지,산단 외,달서구,,,주형 및 금형 제조업,기계·금속,,1~9명,3,,,,대구광역시 달서구 선원로,1,국민연금 가입 사업장 내역 2026-07,2026-07,2025,
x2039,주식회사 엠오엔 코퍼레이션 (MON Co.  Ltd.),산단 외,동구,,,여자용 겉옷 제조업,기타 제조,,10~49명,10,,,,대구광역시 동구 율하동로21길,1,국민연금 가입 사업장 내역 2026-07,2026-07,2025,
x2040,(주)서밋파워,산단 외,달성군,,,태양력 발전업,화학·에너지,,10~49명,13,,,,대구광역시 달성군 다사읍 세천로1길,1,국민연금 가입 사업장 내역 2026-07,2026-07,2025,
x2041,(주)건영솔라에너지,산단 외,서구,,,전동기 및 발전기 제조업,전기·전자,,1~9명,9,,,,대구광역시 서구 달서로,1,국민연금 가입 사업장 내역 2026-07,2026-07,2025,
x2042,마이워킹랩,산단 외,북구,,,간이 음식 포장 판매 전문점,기타 제조,,10~49명,20,,,,대구광역시 북구 성북로5길,1,국민연금 가입 사업장 내역 2026-07,2026-07,2025,
x2043,주식회사 푸드프로 (FOODPRO CO. Ltd.),산단 외,북구,,,자연과학 및 공학 융합 연구개발업,기타 서비스,,1~9명,4,,,,대구광역시 북구 복현로,1,국민연금 가입 사업장 내역 2026-07,2026-07,2025,
x2044,주식회사 에이치루브 (Hroov. inc.),산단 외,동구,,,응용 소프트웨어 개발 및 공급업,소프트웨어·IT,,1~9명,7,,,,대구광역시 동구 장등로,1,국민연금 가입 사업장 내역 2026-07,2026-07,2025,
x2045,파크원 주식회사,산단 외,동구,,,기타 운동 및 경기용구 제조업,기타 제조,,1~9명,3,,,,대구광역시 동구 안심로,1,국민연금 가입 사업장 내역 2026-07,2026-07,2025,
x2046,주식회사 대구검사파트너스,산단 외,동구,,,그 외 기타 분류 안된 사업 지원 서비스업(기타임가공,기계·금속,,1~9명,6,,,,대구광역시 동구 동촌역사로4길,1,국민연금 가입 사업장 내역 2026-07,2026-07,2025,
x2047,주식회사 모딩(Moding Inc.),산단 외,달서구,,,데이터베이스 및 온라인 정보 제공업,소프트웨어·IT,,1~9명,3,,,,대구광역시 달서구 달구벌대로,1,국민연금 가입 사업장 내역 2026-07,2026-07,2025,
x2048,대림바토스（주）/일용/대구국가산단 A7-1BL 아파트 중 조립식욕실공사,산단 외,달성군,,,설치용 및 위생용 플라스틱제품 제조업,화학·에너지,,1~9명,5,,,,대구광역시 달성군 구지면 국가산단서로,1,국민연금 가입 사업장 내역 2026-07,2026-07,2025,
x2049,주식회사 굿플랜 (Good Plan),산단 외,달서구,,,그 외 기타 달리 분류되지 않은 제품 제조업,기타 제조,,1~9명,4,,,,대구광역시 달서구 이곡서로,1,국민연금 가입 사업장 내역 2026-07,2026-07,2025,
x2050,주식회사 미래가공,산단 외,달서구,,,커튼 및 유사 제품 제조업,기타 제조,,1~9명,4,,,,대구광역시 달서구 성서로9길,1,국민연금 가입 사업장 내역 2026-07,2026-07,2025,
x2051,조이소프트 주식회사,산단 외,달서구,,,응용 소프트웨어 개발 및 공급업,소프트웨어·IT,,1~9명,3,,,,대구광역시 달서구 송현로,1,국민연금 가입 사업장 내역 2026-07,2026-07,2025,
x2052,주식회사 센트,산단 외,달성군,,,산업 처리공정 제어장비 제조업,기계·금속,,1~9명,6,,,,대구광역시 달성군 다사읍 세천로,1,국민연금 가입 사업장 내역 2026-07,2026-07,2025,
x2053,주식회사 더조은재무컨설팅,산단 외,서구,,,응용 소프트웨어 개발 및 공급업,소프트웨어·IT,,1~9명,7,,,,대구광역시 서구 북비산로,1,국민연금 가입 사업장 내역 2026-07,2026-07,2025,
x2054,주식회사 로라셀,산단 외,수성구,,,모조 귀금속 및 모조 장신용품 제조업,기계·금속,,1~9명,9,,,,대구광역시 수성구 용학로,1,국민연금 가입 사업장 내역 2026-07,2026-07,2025,
x2055,해성,산단 외,달성군,,,그 외 자동차용 신품 부품 제조업,자동차·부품,,10~49명,13,,,,대구광역시 달성군 다사읍 세천로1길,1,국민연금 가입 사업장 내역 2026-07,2026-07,2025,
x2056,(주)삼구산업 이곡공장,산단 외,달서구,,,자동차 엔진용 신품 부품 제조업,자동차·부품,,1~9명,3,,,,대구광역시 달서구 달구벌대로246길,1,국민연금 가입 사업장 내역 2026-07,2026-07,2025,
x2057,고망고 동대구역사점,산단 외,동구,,,기타 비알코올 음료점업,식품,,1~9명,3,,,,대구광역시 동구 동대구로,1,국민연금 가입 사업장 내역 2026-07,2026-07,2025,
x2058,주식회사 트립닥터,산단 외,동구,,,응용 소프트웨어 개발 및 공급업,소프트웨어·IT,,1~9명,6,,,,대구광역시 동구 동부로30길,1,국민연금 가입 사업장 내역 2026-07,2026-07,2025,
x2059,주식회사 에스제이아이엔씨,산단 외,달서구,,,그 외 기타 분류 안된 사업 지원 서비스업(기타임가공,기계·금속,,1~9명,6,,,,대구광역시 달서구 성서공단북로,1,국민연금 가입 사업장 내역 2026-07,2026-07,2025,
x2060,주식회사 수성시스템스,산단 외,달서구,,,그 외 자동차용 신품 부품 제조업,자동차·부품,,1~9명,3,,,,대구광역시 달서구 달서대로,1,국민연금 가입 사업장 내역 2026-07,2026-07,2025,
x2061,주식회사 한국재료공학,산단 외,동구,,,응용 소프트웨어 개발 및 공급업,소프트웨어·IT,,1~9명,7,,,,대구광역시 동구 동대구로,1,국민연금 가입 사업장 내역 2026-07,2026-07,2025,
x2062,주식회사 영창에코,산단 외,달성군,,,폴리스티렌 발포 성형제품 제조업,기타 제조,,1~9명,3,,,,대구광역시 달성군 구지면,1,국민연금 가입 사업장 내역 2026-07,2026-07,2025,
x2063,주식회사 한국표준분석연구원 [KISA],산단 외,북구,,,기타 자연과학 연구개발업,기타 서비스,,1~9명,4,,,,대구광역시 북구 검단로,1,국민연금 가입 사업장 내역 2026-07,2026-07,2025,
x2064,주식회사 케이파,산단 외,수성구,,,응용 소프트웨어 개발 및 공급업,소프트웨어·IT,,1~9명,9,,,,대구광역시 수성구 무학로,1,국민연금 가입 사업장 내역 2026-07,2026-07,2025,
x2065,한국중장비시스템 주식회사,산단 외,동구,,,응용 소프트웨어 개발 및 공급업,소프트웨어·IT,,1~9명,5,,,,대구광역시 동구 동대구로,1,국민연금 가입 사업장 내역 2026-07,2026-07,2025,
x2066,블랙피그에이아이 주식회사,산단 외,동구,,,응용 소프트웨어 개발 및 공급업,소프트웨어·IT,,1~9명,7,,,,대구광역시 동구 동부로15길,1,국민연금 가입 사업장 내역 2026-07,2026-07,2025,
x2067,주식회사 미경전기,산단 외,북구,,,배전반 및 전기 자동제어반 제조업,전기·전자,,1~9명,4,,,,대구광역시 북구 학정로42길,1,국민연금 가입 사업장 내역 2026-07,2026-07,2025,
x2068,주식회사 위티즈,산단 외,동구,,,응용 소프트웨어 개발 및 공급업,소프트웨어·IT,,1~9명,3,,,,대구광역시 동구 장등로,1,국민연금 가입 사업장 내역 2026-07,2026-07,2025,
x2069,주식회사현성엠에스,산단 외,달서구,,,자동차용 신품 조향장치 및 현가장치 제조업,자동차·부품,,1~9명,7,,,,대구광역시 달서구 장산로,1,국민연금 가입 사업장 내역 2026-07,2026-07,2025,
x2070,주식회사 무아행 (MAH),산단 외,동구,,,건강 기능식품 제조업,식품,,1~9명,7,,,,대구광역시 동구 안심로90길,1,국민연금 가입 사업장 내역 2026-07,2026-07,2025,
x2071,(주)한국지능정보기술,산단 외,동구,,,통신장비 수리업,전기·전자,,1~9명,4,,,,대구광역시 동구 장등로,1,국민연금 가입 사업장 내역 2026-07,2026-07,2025,
x2072,주식회사 대윤시스템,산단 외,남구,,,그 외 기타 분류 안된 사업 지원 서비스업(기타임가공,기계·금속,,1~9명,9,,,,대구광역시 남구 대명로21길,1,국민연금 가입 사업장 내역 2026-07,2026-07,2025,
x2073,주식회사 비케이에너지/상용/평호지구 수상태양광발전설비 제조구매설치,산단 외,군위군,,,전동기 및 발전기 제조업,전기·전자,,1~9명,3,,,,대구광역시 군위군 소보면,1,국민연금 가입 사업장 내역 2026-07,2026-07,2025,
x2074,주식회사 프로브랜드,산단 외,중구,,,응용 소프트웨어 개발 및 공급업,소프트웨어·IT,,1~9명,3,,,,대구광역시 중구 태평로,1,국민연금 가입 사업장 내역 2026-07,2026-07,2025,
x2075,브이피솔루션 주식회사,산단 외,동구,,,응용 소프트웨어 개발 및 공급업,소프트웨어·IT,,1~9명,4,,,,대구광역시 동구 국채보상로163길,1,국민연금 가입 사업장 내역 2026-07,2026-07,2025,
x2076,주식회사 지오에이아이얼라인먼트,산단 외,북구,,,기타 공학 연구개발업,기타 서비스,,1~9명,3,,,,대구광역시 북구 대현로9길,1,국민연금 가입 사업장 내역 2026-07,2026-07,2025,
x2077,(주)로와시스아이앤씨,산단 외,동구,,,응용 소프트웨어 개발 및 공급업,소프트웨어·IT,,1~9명,5,,,,대구광역시 동구 동대구로,1,국민연금 가입 사업장 내역 2026-07,2026-07,2025,
x2078,주식회사새안솔루션,산단 외,달서구,,,그 외 기타 분류 안된 사업 지원 서비스업(기타임가공,기계·금속,,1~9명,7,,,,대구광역시 달서구 월곡로53동길,1,국민연금 가입 사업장 내역 2026-07,2026-07,2025,
x2079,주식회사 새한산업,산단 외,남구,,,화학섬유직물 직조업,섬유·패션,,1~9명,3,,,,대구광역시 남구 희망로,1,국민연금 가입 사업장 내역 2026-07,2026-07,2025,
x2080,주식회사 태신로지텍,산단 외,달성군,,,기타 엔지니어링 서비스업,기타 서비스,,1~9명,3,,,,대구광역시 달성군 현풍읍 국가산단북로100길,1,국민연금 가입 사업장 내역 2026-07,2026-07,2025,
x2081,주식회사 혁신마을,산단 외,동구,,,한식 육류 요리 전문점,식품,,1~9명,4,,,,대구광역시 동구 혁신대로35길,1,국민연금 가입 사업장 내역 2026-07,2026-07,2025,
x2082,주식회사 가온섬유,산단 외,달서구,,,화학섬유직물 직조업,섬유·패션,,10~49명,10,,,,대구광역시 달서구 성서공단로,1,국민연금 가입 사업장 내역 2026-07,2026-07,2025,
x2083,인슈아이 주식회사,산단 외,달서구,,,응용 소프트웨어 개발 및 공급업,소프트웨어·IT,,1~9명,5,,,,대구광역시 달서구 달서대로,1,국민연금 가입 사업장 내역 2026-07,2026-07,2025,
x2084,주식회사 여산,산단 외,동구,,,기타 인쇄업,기타 제조,,10~49명,10,,,,대구광역시 동구 첨단로8길,1,국민연금 가입 사업장 내역 2026-07,2026-07,2025,
x2085,주식회사 블루에이닷 (BlueADot Co.  Ltd.),산단 외,북구,,,응용 소프트웨어 개발 및 공급업,소프트웨어·IT,,1~9명,3,,,,대구광역시 북구 호암로,1,국민연금 가입 사업장 내역 2026-07,2026-07,2025,
x2086,(주)새영엔텍,산단 외,북구,,,환경 관련 엔지니어링 서비스업,기타 서비스,,1~9명,5,,,,대구광역시 북구 동북로,1,국민연금 가입 사업장 내역 2026-07,2026-07,2025,
x2087,주식회사 바인팩토리,산단 외,달성군,,,컴퓨터 시스템 통합 자문 및 구축 서비스업,소프트웨어·IT,,1~9명,3,,,,대구광역시 달성군 화원읍 성화로4길,1,국민연금 가입 사업장 내역 2026-07,2026-07,2025,
x2088,주식회사 쾌거,산단 외,북구,,,컴퓨터 시스템 통합 자문 및 구축 서비스업,소프트웨어·IT,,1~9명,5,,,,대구광역시 북구 호국로,1,국민연금 가입 사업장 내역 2026-07,2026-07,2025,
x2089,(주)아이언오토 대구서비스,산단 외,서구,,,자동차 종합 수리업,자동차·부품,,10~49명,23,,,,대구광역시 서구 서대구로63길,1,국민연금 가입 사업장 내역 2026-07,2026-07,2025,
x2090,주식회사 아진텍,산단 외,달성군,,,그 외 자동차용 신품 부품 제조업,자동차·부품,,1~9명,3,,,,대구광역시 달성군 다사읍 세천로7길,1,국민연금 가입 사업장 내역 2026-07,2026-07,2025,
x2091,에스와이테크,산단 외,달서구,,,주형 및 금형 제조업,기계·금속,,10~49명,15,,,,대구광역시 달서구 성서공단북로4길,1,국민연금 가입 사업장 내역 2026-07,2026-07,2025,
x2092,주식회사 경북전기안전관리,산단 외,달서구,,,기타 엔지니어링 서비스업,기타 서비스,,1~9명,5,,,,대구광역시 달서구 학산로19길,1,국민연금 가입 사업장 내역 2026-07,2026-07,2025,
x2093,(주)경수제철건설/일용/대구롯데쇼핑타운개발계획 신축공사 중 지상층 철골공사,산단 외,수성구,,,육상 금속 골조 구조재 제조업,기계·금속,,10~49명,31,,,,대구광역시 수성구 대흥동,1,국민연금 가입 사업장 내역 2026-07,2026-07,2025,
x2094,（주）동일/상용/대구신세계 리뉴얼 전기공사 중 일반전기공사,산단 외,동구,,,배전반 및 전기 자동제어반 제조업,전기·전자,,1~9명,3,,,,대구광역시 동구 동부로,1,국민연금 가입 사업장 내역 2026-07,2026-07,2025,
x2095,주식회사 리매치,산단 외,중구,,,시스템 소프트웨어 개발 및 공급업,소프트웨어·IT,,1~9명,6,,,,대구광역시 중구 종로,1,국민연금 가입 사업장 내역 2026-07,2026-07,2025,
x2096,주식회사 정훈테크,산단 외,서구,,,공기 조화장치 제조업,기타 제조,,1~9명,4,,,,대구광역시 서구 원대로15길,1,국민연금 가입 사업장 내역 2026-07,2026-07,2025,
x2097,주식회사 손앤선푸드,산단 외,수성구,,,과실 및 그 외 채소 절임식품 제조업,식품,,1~9명,5,,,,대구광역시 수성구 만촌로,1,국민연금 가입 사업장 내역 2026-07,2026-07,2025,
x2098,주식회사 상상테크,산단 외,달성군,,,금속 문  창  셔터 및 관련제품 제조업,기계·금속,,1~9명,3,,,,대구광역시 달성군 다사읍 서재로36길,1,국민연금 가입 사업장 내역 2026-07,2026-07,2025,
x2099,주식회사 도시별장 대구점,산단 외,수성구,,,육류 포장육 및 냉동육 가공업(가금류 제외),식품,,1~9명,3,,,,대구광역시 수성구 성동로,1,국민연금 가입 사업장 내역 2026-07,2026-07,2025,
x2100,주식회사 대륜텍,산단 외,달서구,,,그 외 자동차용 신품 부품 제조업,자동차·부품,,50~299명,122,,,,대구광역시 달서구 성서4차첨단로,1,국민연금 가입 사업장 내역 2026-07,2026-07,2026,
x2101,주식회사 남양엔지니어링,산단 외,남구,,,기타 엔지니어링 서비스업,기타 서비스,,1~9명,3,,,,대구광역시 남구 성당로,1,국민연금 가입 사업장 내역 2026-07,2026-07,2025,
x2102,（주）동일/일용/대구신세계 리뉴얼 전기공사 중 일반전기공사,산단 외,동구,,,배전반 및 전기 자동제어반 제조업,전기·전자,,10~49명,12,,,,대구광역시 동구 동부로,1,국민연금 가입 사업장 내역 2026-07,2026-07,2025,
x2103,그리드에이엑스,산단 외,북구,,,응용 소프트웨어 개발 및 공급업,소프트웨어·IT,,1~9명,5,,,,대구광역시 북구 동북로,1,국민연금 가입 사업장 내역 2026-07,2026-07,2025,
x2104,주식회사 어반스마트공간연구소,산단 외,서구,,,컴퓨터 프로그래밍 서비스업,소프트웨어·IT,,1~9명,7,,,,대구광역시 서구 와룡로,1,국민연금 가입 사업장 내역 2026-07,2026-07,2025,
x2105,주식회사 하이콥(HYCOP Inc.),산단 외,동구,,,응용 소프트웨어 개발 및 공급업,소프트웨어·IT,,1~9명,4,,,,대구광역시 동구 첨복로,1,국민연금 가입 사업장 내역 2026-07,2026-07,2025,
x2106,주식회사 올인아이앤씨,산단 외,서구,,,그 외 기타 분류 안된 사업 지원 서비스업(기타임가공,기계·금속,,1~9명,9,,,,대구광역시 서구 국채보상로41길,1,국민연금 가입 사업장 내역 2026-07,2026-07,2026,
x2107,농업회사법인 한국미곡거래소 주식회사,산단 외,수성구,,,곡물 도정업,식품,,1~9명,4,,,,대구광역시 수성구 알파시티1로23길,1,국민연금 가입 사업장 내역 2026-07,2026-07,2025,
x2108,홍장도 칼집구이,산단 외,중구,,,한식 육류 요리 전문점,식품,,1~9명,3,,,,대구광역시 중구 중앙대로61길,1,국민연금 가입 사업장 내역 2026-07,2026-07,2025,
x2109,주식회사 아이엠에스,산단 외,달서구,,,응용 소프트웨어 개발 및 공급업,소프트웨어·IT,,1~9명,8,,,,대구광역시 달서구 성서공단로11길,1,국민연금 가입 사업장 내역 2026-07,2026-07,2026,
x2110,주식회사 주원정공,산단 외,달서구,,,그 외 자동차용 신품 부품 제조업,자동차·부품,,10~49명,49,,,,대구광역시 달서구 달서대로95길,1,국민연금 가입 사업장 내역 2026-07,2026-07,2026,
x2111,주식회사 솔라메드텍,산단 외,달성군,,,그 외 기타 의료용 기기 제조업,의료·바이오,,1~9명,4,,,,대구광역시 달성군 다사읍 세천로7길,1,국민연금 가입 사업장 내역 2026-07,2026-07,2025,
x2112,주식회사 브로미트,산단 외,북구,,,육류 기타 가공 및 저장 처리업(가금류 제외),식품,,1~9명,3,,,,대구광역시 북구 검단북로2길,1,국민연금 가입 사업장 내역 2026-07,2026-07,2026,
x2113,주식회사 엘아이텍,산단 외,달서구,,,그 외 자동차용 신품 부품 제조업,자동차·부품,,10~49명,19,,,,대구광역시 달서구 달구벌대로,1,국민연금 가입 사업장 내역 2026-07,2026-07,2026,
x2114,한국콘크리트산업(주)/일용/대구연호 공공주택지구 조성공사 중 지하차도#1 구조물 공사,산단 외,수성구,,,콘크리트 관 및 기타 구조용 콘크리트제품 제조업,기타 제조,,1~9명,4,,,,대구광역시 수성구 이천동,1,국민연금 가입 사업장 내역 2026-07,2026-07,2025,
x2115,주식회사 연합공조,산단 외,달서구,,,산업용 난방보일러 및 방열기 제조업,기타 제조,,1~9명,3,,,,대구광역시 달서구 성서공단남로36길,1,국민연금 가입 사업장 내역 2026-07,2026-07,2026,
x2116,주식회사 라온솔루션(대구지점),산단 외,달성군,,,그 외 기타 전자 부품 제조업,전기·전자,,10~49명,11,,,,대구광역시 달성군 유가읍 테크노남로3길,1,국민연금 가입 사업장 내역 2026-07,2026-07,2026,
x2117,(주)준덴탈,산단 외,북구,,,치과용 기기 제조업,의료·바이오,,1~9명,3,,,,대구광역시 북구 칠성남로38길,1,국민연금 가입 사업장 내역 2026-07,2026-07,2025,
x2118,주식회사 아이딜릭 (idyllic Co.  Ltd.),산단 외,달서구,,,사무 및 회화용품 제조업,기타 제조,,1~9명,5,,,,대구광역시 달서구 성서동로65길,1,국민연금 가입 사업장 내역 2026-07,2026-07,2026,
x2119,주식회사 테크랩,산단 외,달성군,,,그 외 기타 전기장비 제조업,전기·전자,,1~9명,3,,,,대구광역시 달성군 화원읍 사문진로1길,1,국민연금 가입 사업장 내역 2026-07,2026-07,2025,
x2120,주식회사 케이앤피,산단 외,달서구,,,전자 부품 실장기판 제조업,전기·전자,,50~299명,64,,,,대구광역시 달서구 성서4차첨단로,1,국민연금 가입 사업장 내역 2026-07,2026-07,2026,
x2121,주식회사 투엠,산단 외,북구,,,인쇄 및 제책용 기계 제조업,기계·금속,,1~9명,3,,,,대구광역시 북구 구암로60길,1,국민연금 가입 사업장 내역 2026-07,2026-07,2026,
x2122,주식회사 신인텍,산단 외,달성군,,,전자코일  변성기 및 기타 전자 유도자 제조업,전기·전자,,1~9명,6,,,,대구광역시 달성군 유가읍 테크노남로3길,1,국민연금 가입 사업장 내역 2026-07,2026-07,2026,
x2123,주식회사 케이제이솔루션,산단 외,달성군,,,그 외 자동차용 신품 부품 제조업,자동차·부품,,1~9명,5,,,,대구광역시 달성군 유가읍 테크노남로3길,1,국민연금 가입 사업장 내역 2026-07,2026-07,2026,
x2124,유한회사 페이테크,산단 외,남구,,,응용 소프트웨어 개발 및 공급업,소프트웨어·IT,,1~9명,8,,,,대구광역시 남구 대명로,1,국민연금 가입 사업장 내역 2026-07,2026-07,2026,
x2125,주식회사 오른빛 (OREUN BIT Co.  Ltd.),산단 외,북구,,,유선 통신장비 제조업,전기·전자,,1~9명,3,,,,대구광역시 북구 호국로43길,1,국민연금 가입 사업장 내역 2026-07,2026-07,2026,
x2126,주식회사 노싱킹,산단 외,수성구,,,의학 및 약학 연구개발업,기타 서비스,,1~9명,3,,,,대구광역시 수성구 알파시티1로31길,1,국민연금 가입 사업장 내역 2026-07,2026-07,2026,
x2127,한국에이아이산업진흥원 주식회사,산단 외,수성구,,,응용 소프트웨어 개발 및 공급업,소프트웨어·IT,,1~9명,3,,,,대구광역시 수성구 알파시티1로23길,1,국민연금 가입 사업장 내역 2026-07,2026-07,2026,
x2128,두열테크,산단 외,달서구,,,그 외 자동차용 신품 부품 제조업,자동차·부품,,10~49명,37,,,,대구광역시 달서구 성서로,1,국민연금 가입 사업장 내역 2026-07,2026-07,2026,
x2129,씨엠이 주식회사,산단 외,동구,,,볼트 및 너트류 제조업,기타 제조,,1~9명,4,,,,대구광역시 동구 아양로,1,국민연금 가입 사업장 내역 2026-07,2026-07,2026,
x2130,현성오토텍(주),산단 외,달성군,,,자동차용 신품 조향장치 및 현가장치 제조업,자동차·부품,,10~49명,12,,,,대구광역시 달성군 논공읍 논공중앙로,1,국민연금 가입 사업장 내역 2026-07,2026-07,2026,
x2131,주식회사 부성텍스,산단 외,서구,,,연사 및 가공사 제조업 / 특수직물 및 기타 직물 직조,섬유·패션,,1~9명,4,,,,대구광역시 서구 와룡로99길,1,국민연금 가입 사업장 내역 2026-07,2026-07,2026,
x2132,파인덴탈랩,산단 외,중구,,,정형 외과용 및 신체 보정용 기기 제조업,기타 제조,,10~49명,24,,,,대구광역시 중구 국채보상로,1,국민연금 가입 사업장 내역 2026-07,2026-07,2026,
x2133,주식회사 제퍼엑스,산단 외,달서구,,,배전반 및 전기 자동제어반 제조업,전기·전자,,1~9명,3,,,,대구광역시 달서구 성서공단로,1,국민연금 가입 사업장 내역 2026-07,2026-07,2026,
x2134,주식회사 에이브에이랩,산단 외,북구,,,기타 자연과학 연구개발업,기타 서비스,,1~9명,5,,,,대구광역시 북구 연암로,1,국민연금 가입 사업장 내역 2026-07,2026-07,2026,
x2135,주식회사 세화이에스(달성),산단 외,달성군,,,기타 기초 무기화학 물질 제조업,화학·에너지,,1~9명,7,,,,대구광역시 달성군 논공읍 논공로,1,국민연금 가입 사업장 내역 2026-07,2026-07,2025,
x2136,주식회사 메디웨이브,산단 외,중구,,,응용 소프트웨어 개발 및 공급업,소프트웨어·IT,,1~9명,3,,,,대구광역시 중구 동성로,1,국민연금 가입 사업장 내역 2026-07,2026-07,2026,
x2137,주식회사 비전엑스,산단 외,동구,,,응용 소프트웨어 개발 및 공급업,소프트웨어·IT,,1~9명,4,,,,대구광역시 동구 동대구로,1,국민연금 가입 사업장 내역 2026-07,2026-07,2026,
x2138,주식회사 순수한,산단 외,중구,,,화장품 제조업,화학·에너지,,1~9명,3,,,,대구광역시 중구 국채보상로,1,국민연금 가입 사업장 내역 2026-07,2026-07,2026,
x2139,주식회사 다온아이티에스,산단 외,북구,,,기타 정보 기술 및 컴퓨터 운영 관련 서비스업,소프트웨어·IT,,1~9명,6,,,,대구광역시 북구 유통단지로,1,국민연금 가입 사업장 내역 2026-07,2026-07,2026,
x2140,주식회사 키노,산단 외,달서구,,,기타 전기 변환장치 제조업,전기·전자,,10~49명,10,,,,대구광역시 달서구 성서공단로50길,1,국민연금 가입 사업장 내역 2026-07,2026-07,2026,
x2141,주식회사 크리준,산단 외,서구,,,산업용 송풍기 및 배기장치 제조업,기타 제조,,1~9명,3,,,,대구광역시 서구 와룡로72길,1,국민연금 가입 사업장 내역 2026-07,2026-07,2026,
x2142,주식회사 제이씨엘,산단 외,달성군,,,금속 단조제품 제조업,기계·금속,,1~9명,5,,,,대구광역시 달성군 구지면 국가산단서로71길,1,국민연금 가입 사업장 내역 2026-07,2026-07,2026,
x2143,앤콜렉트,산단 외,수성구,,,간이 음식 포장 판매 전문점,기타 제조,,1~9명,3,,,,대구광역시 수성구 희망로,1,국민연금 가입 사업장 내역 2026-07,2026-07,2026,
x2144,주식회사 서강쓰리디레이저,산단 외,달서구,,,그 외 자동차용 신품 부품 제조업,자동차·부품,,1~9명,3,,,,대구광역시 달서구 성서로24길,1,국민연금 가입 사업장 내역 2026-07,2026-07,2026,
x2145,원에이아이 주식회사(ONE AI co. Ltd.),산단 외,수성구,,,컴퓨터 프로그래밍 서비스업,소프트웨어·IT,,1~9명,7,,,,대구광역시 수성구 희망로24길,1,국민연금 가입 사업장 내역 2026-07,2026-07,2026,
x2146,주식회사 앤제이스퀘어,산단 외,달서구,,,그 외 자동차용 신품 부품 제조업,자동차·부품,,10~49명,24,,,,대구광역시 달서구 성서서로,1,국민연금 가입 사업장 내역 2026-07,2026-07,2026,
x2147,주식회사 오프오프스튜디오,산단 외,북구,,,침구 및 관련제품 제조업,기타 제조,,1~9명,4,,,,대구광역시 북구 오봉로6길,1,국민연금 가입 사업장 내역 2026-07,2026-07,2026,
x2148,주식회사 제이케이코퍼레이션,산단 외,수성구,,,데이터베이스 및 온라인 정보 제공업,소프트웨어·IT,,1~9명,4,,,,대구광역시 수성구 동대구로14길,1,국민연금 가입 사업장 내역 2026-07,2026-07,2026,
x2149,주식회사 인텔리전스닷에이아이,산단 외,북구,,,컴퓨터 프로그래밍 서비스업,소프트웨어·IT,,1~9명,4,,,,대구광역시 북구 호암로,1,국민연금 가입 사업장 내역 2026-07,2026-07,2026,
x2150,주식회사 한울산업,산단 외,달서구,,,그 외 자동차용 신품 부품 제조업,자동차·부품,,1~9명,7,,,,대구광역시 달서구 와룡로,1,국민연금 가입 사업장 내역 2026-07,2026-07,2026,
x2151,주식회사 넥스트산업,산단 외,달서구,,,그 외 자동차용 신품 부품 제조업,자동차·부품,,1~9명,9,,,,대구광역시 달서구 성서공단로21길,1,국민연금 가입 사업장 내역 2026-07,2026-07,2026,
x2152,(주)한얼알앤디/일용/달서자이제니크(대구)인테리어공사(주택),산단 외,달서구,,,침구 및 관련제품 제조업,기타 제조,,1~9명,7,,,,대구광역시 달서구 본리동,1,국민연금 가입 사업장 내역 2026-07,2026-07,2026,
x2153,주식회사 비솔트,산단 외,수성구,,,응용 소프트웨어 개발 및 공급업,소프트웨어·IT,,1~9명,3,,,,대구광역시 수성구 범어천로,1,국민연금 가입 사업장 내역 2026-07,2026-07,2026,
x2154,주식회사 다올하이텍(DAOL HI-TECH Co. Ltd),산단 외,달성군,,,전자 부품 실장기판 제조업,전기·전자,,50~299명,54,,,,대구광역시 달성군 구지면 달성2차2로,1,국민연금 가입 사업장 내역 2026-07,2026-07,2026,
x2155,주식회사뉴웅비푸드,산단 외,동구,,,가금류 가공 및 저장 처리업,기계·금속,,1~9명,4,,,,대구광역시 동구 둔산로51길,1,국민연금 가입 사업장 내역 2026-07,2026-07,2026,
x2156,(주)건우이앤씨건축사사무소/일용/달서푸르지오시그니처MOT안전관리자MOT A/S매니저운영건,산단 외,달서구,,,건물 및 토목 엔지니어링 서비스업,기타 서비스,,10~49명,13,,,,대구광역시 달서구 와룡로,1,국민연금 가입 사업장 내역 2026-07,2026-07,2026,
x2157,주식회사 교촌시스템,산단 외,수성구,,,산업용 로봇 제조업,로봇,,1~9명,3,,,,대구광역시 수성구 용학로,1,국민연금 가입 사업장 내역 2026-07,2026-07,2026,
x2158,택산가든,산단 외,수성구,,,한식 육류 요리 전문점,식품,,1~9명,3,,,,대구광역시 수성구 용학로,1,국민연금 가입 사업장 내역 2026-07,2026-07,2026,
x2159,주식회사 다온메디헬스,산단 외,동구,,,자연과학 및 공학 융합 연구개발업,기타 서비스,,1~9명,3,,,,대구광역시 동구 첨복로,1,국민연금 가입 사업장 내역 2026-07,2026-07,2026,
x2160,투오렌지 주식회사,산단 외,수성구,,,데이터베이스 및 온라인 정보 제공업,소프트웨어·IT,,1~9명,7,,,,대구광역시 수성구 희망로36길,1,국민연금 가입 사업장 내역 2026-07,2026-07,2026,
x2161,주식회사 신흥산업,산단 외,달성군,,,콘크리트 타일  기와  벽돌 및 블록 제조업,기타 제조,,1~9명,7,,,,대구광역시 달성군 화원읍 사문진로3길,1,국민연금 가입 사업장 내역 2026-07,2026-07,2026,
x2162,주식회사신일이앤씨/일용/영진고등학교 공간재구조화사업 리모델링 정보통신공사(긴급),산단 외,북구,,,기타 엔지니어링 서비스업,기타 서비스,,1~9명,3,,,,대구광역시 북구 동북로57길,1,국민연금 가입 사업장 내역 2026-07,2026-07,2025,
x2163,사단법인 산업균형발전연구원,산단 외,중구,,,기타 인문 및 사회과학 연구개발업,기타 서비스,,1~9명,3,,,,대구광역시 중구 중앙대로81길,1,국민연금 가입 사업장 내역 2026-07,2026-07,2026,
x2164,주식회사 공공에이아이,산단 외,동구,,,응용 소프트웨어 개발 및 공급업,소프트웨어·IT,,1~9명,5,,,,대구광역시 동구 동대구로,1,국민연금 가입 사업장 내역 2026-07,2026-07,2026,
x2165,주식회사휴먼세미텍,산단 외,달서구,,,전기ㆍ전자공학 연구개발업,전기·전자,,1~9명,5,,,,대구광역시 달서구 비슬로538길,1,국민연금 가입 사업장 내역 2026-07,2026-07,2026,
x2166,주식회사 터틀턴컴퍼니,산단 외,남구,,,빵류 제조업,식품,,1~9명,5,,,,대구광역시 남구 대명남로,1,국민연금 가입 사업장 내역 2026-07,2026-07,2026,
x2167,(주)나눔교육컨설팅,산단 외,수성구,,,기타 자연과학 연구개발업,기타 서비스,,1~9명,3,,,,대구광역시 수성구 들안로,1,국민연금 가입 사업장 내역 2026-07,2026-07,2026,
x2168,(주)뉴지엠,산단 외,북구,,,기타 정보 기술 및 컴퓨터 운영 관련 서비스업,소프트웨어·IT,,1~9명,3,,,,대구광역시 북구 성북로,1,국민연금 가입 사업장 내역 2026-07,2026-07,2026,
x2169,진원소우 대구 동성로점,산단 외,중구,,,한식 육류 요리 전문점,식품,,1~9명,5,,,,대구광역시 중구 동성로3길,1,국민연금 가입 사업장 내역 2026-07,2026-07,2026,
x2170,주식회사 바른테크,산단 외,북구,,,그 외 자동차용 신품 부품 제조업,자동차·부품,,1~9명,3,,,,대구광역시 북구 노원동로11길,1,국민연금 가입 사업장 내역 2026-07,2026-07,2026,
x2171,주식회사 유승하이텍,산단 외,달서구,,,반도체 제조용 기계 제조업,전기·전자,,1~9명,5,,,,대구광역시 달서구 성서공단북로59길,1,국민연금 가입 사업장 내역 2026-07,2026-07,2026,
x2172,주식회사 대가한우,산단 외,달성군,,,육류 포장육 및 냉동육 가공업(가금류 제외),식품,,1~9명,3,,,,대구광역시 달성군 옥포읍 비슬로458길,1,국민연금 가입 사업장 내역 2026-07,2026-07,2026,
x2173,와이피알이엠티 주식회사 대구지점,산단 외,달서구,,,전동기 및 발전기 제조업,전기·전자,,1~9명,6,,,,대구광역시 달서구 달서대로,1,국민연금 가입 사업장 내역 2026-07,2026-07,2026,
x2174,주식회사 인플릭,산단 외,달서구,,,응용 소프트웨어 개발 및 공급업,소프트웨어·IT,,1~9명,3,,,,대구광역시 달서구 구마로12길,1,국민연금 가입 사업장 내역 2026-07,2026-07,2026,
x2175,주식회사 해담엔지니어링,산단 외,북구,,,기타 엔지니어링 서비스업,기타 서비스,,1~9명,4,,,,대구광역시 북구 유통단지로,1,국민연금 가입 사업장 내역 2026-07,2026-07,2026,
x2176,디에이오엔 주식회사,산단 외,달서구,,,그 외 자동차용 신품 부품 제조업,자동차·부품,,10~49명,19,,,,대구광역시 달서구 달서대로95길,1,국민연금 가입 사업장 내역 2026-07,2026-07,2026,
x2177,한국에어컨유지보수사회적협동조합,산단 외,수성구,,,가전제품 수리업,기계·금속,,1~9명,3,,,,대구광역시 수성구 지범로,1,국민연금 가입 사업장 내역 2026-07,2026-07,2026,
x2178,대정개발(주)/상용/권역별 통합발주 3공구(남부권)인도지시 품의(26년 옥외탱크저장소 정밀,산단 외,동구,,,주철관 제조업,기타 제조,,1~9명,8,,,,대구광역시 동구 대경로,1,국민연금 가입 사업장 내역 2026-07,2026-07,2026,
x2179,주식회사 돈가닥,산단 외,북구,,,면류  마카로니 및 유사 식품 제조업,식품,,1~9명,3,,,,대구광역시 북구 칠곡중앙대로99길,1,국민연금 가입 사업장 내역 2026-07,2026-07,2026,
x2180,(주)씨에이치포엔,산단 외,중구,,,기타 인문 및 사회과학 연구개발업,기타 서비스,,1~9명,3,,,,대구광역시 중구 태평로,1,국민연금 가입 사업장 내역 2026-07,2026-07,2026,
x2181,(사)한국장애인기술진흥협회디지털인쇄사업부,산단 외,동구,,,기타 인쇄업,기타 제조,,10~49명,11,,,,대구광역시 동구 첨단로,1,국민연금 가입 사업장 내역 2026-07,2026-07,2026,
x2182,주식회사 메쉬플러스,산단 외,서구,,,그 외 기타 금속 가공업,기계·금속,,1~9명,3,,,,대구광역시 서구 문화로21길,1,국민연금 가입 사업장 내역 2026-07,2026-07,2026,
x2183,청구산업기계(주)/상용/발전소 보일러 4대 전기집진기 개선공사,산단 외,서구,,,금속 문  창  셔터 및 관련제품 제조업,기계·금속,,1~9명,4,,,,대구광역시 서구 염색공단중앙로,1,국민연금 가입 사업장 내역 2026-07,2026-07,2026,
x2184,주식회사  청년상회,산단 외,서구,,,곡물 혼합 분말 및 반죽 제조업,기타 제조,,1~9명,4,,,,대구광역시 서구 고성로23길,1,국민연금 가입 사업장 내역 2026-07,2026-07,2026,
x2185,주식회사 아크웍스,산단 외,중구,,,응용 소프트웨어 개발 및 공급업,소프트웨어·IT,,1~9명,8,,,,대구광역시 중구 태평로,1,국민연금 가입 사업장 내역 2026-07,2026-07,2026,
x2186,주식회사 온결,산단 외,달성군,,,그 외 기타 분류 안된 사업 지원 서비스업(기타임가공,기계·금속,,10~49명,25,,,,대구광역시 달성군 다사읍 다사로,1,국민연금 가입 사업장 내역 2026-07,2026-07,2026,
x2187,(주)동림/일용/대구 황금동 주상복합 중 철골공사(후속),산단 외,수성구,,,육상 금속 골조 구조재 제조업,기계·금속,,1~9명,6,,,,대구광역시 수성구 황금동,1,국민연금 가입 사업장 내역 2026-07,2026-07,2026,
x2188,주식회사 코넥스트 대구지사,산단 외,동구,,,생물학적 제제 제조업,기타 제조,,10~49명,14,,,,대구광역시 동구 동내로,1,국민연금 가입 사업장 내역 2026-07,2026-07,2026,
x2189,주식회사 플레이버,산단 외,수성구,,,시각 디자인업,기타 서비스,,1~9명,4,,,,대구광역시 수성구 달구벌대로528길,1,국민연금 가입 사업장 내역 2026-07,2026-07,2026,
x2190,(주)건우이앤씨건축사사무소/일용/벤처밸리푸르지오MOT A/S매니저(기능공)/안전관리자운영건,산단 외,동구,,,건물 및 토목 엔지니어링 서비스업,기타 서비스,,1~9명,4,,,,대구광역시 동구 신천동,1,국민연금 가입 사업장 내역 2026-07,2026-07,2026,
x2191,주식회사메종태린,산단 외,중구,,,인테리어 디자인업,기타 서비스,,1~9명,4,,,,대구광역시 중구 국채보상로150길,1,국민연금 가입 사업장 내역 2026-07,2026-07,2026,
x2192,(주)퍼시스/일용/시디즈 법인 컬렉티브 대구 인테리어 공사,산단 외,북구,,,기타 목재 가구 제조업,기타 제조,,1~9명,3,,,,대구광역시 북구 유통단지로,1,국민연금 가입 사업장 내역 2026-07,2026-07,2026,
x2193,대림바토스(주)/일용/대구연호_경북청도 및 대구연호 A-3BL 아파트 건설공사 중 시스템욕실공사,산단 외,수성구,,,설치용 및 위생용 플라스틱제품 제조업,화학·에너지,,1~9명,7,,,,대구광역시 수성구 이천동,1,국민연금 가입 사업장 내역 2026-07,2026-07,2026,
x2194,주식회사케이이씨/일용/대구금호 워터폴리스 D2BL 공공지원 민간임대주택사업 중 PC공사,산단 외,북구,,,콘크리트 관 및 기타 구조용 콘크리트제품 제조업,기타 제조,,1~9명,5,,,,대구광역시 북구 검단동,1,국민연금 가입 사업장 내역 2026-07,2026-07,2026,
x2195,대정개발(주)/일용/권역별 통합발주 3공구(남부권)인도지시 품의(26년 옥외탱크저장소 정밀,산단 외,동구,,,주철관 제조업,기타 제조,,1~9명,4,,,,대구광역시 동구 대경로,1,국민연금 가입 사업장 내역 2026-07,2026-07,2026,
x2196,주식회사 제로코드 (ZEROCHORD),산단 외,달서구,,,시스템 소프트웨어 개발 및 공급업,소프트웨어·IT,,1~9명,3,,,,대구광역시 달서구 달구벌대로,1,국민연금 가입 사업장 내역 2026-07,2026-07,2026,
x2197,위드로보텍,산단 외,달성군,,,산업용 로봇 제조업,로봇,,10~49명,29,,,,대구광역시 달성군 유가읍 테크노순환로3길,1,국민연금 가입 사업장 내역 2026-07,2026-07,2026,
x2198,주식회사 아스트라,산단 외,동구,,,응용 소프트웨어 개발 및 공급업,소프트웨어·IT,,1~9명,3,,,,대구광역시 동구 동부로22길,1,국민연금 가입 사업장 내역 2026-07,2026-07,2026,
x2199,주식회사 성강테크,산단 외,북구,,,그 외 기타 일반 목적용 기계 제조업,기계·금속,,1~9명,4,,,,대구광역시 북구 3공단로25길,1,국민연금 가입 사업장 내역 2026-07,2026-07,2026,
x2200,디에스뉴테크 주식회사,산단 외,북구,,,자동차 차체용 신품 부품 제조업,자동차·부품,,1~9명,3,,,,대구광역시 북구 검단동로,1,국민연금 가입 사업장 내역 2026-07,2026-07,2026,
x2201,주식회사 동영테크,산단 외,달성군,,,그 외 자동차용 신품 부품 제조업,자동차·부품,,1~9명,6,,,,대구광역시 달성군 구지면 국가산단대로39길,1,국민연금 가입 사업장 내역 2026-07,2026-07,2026,
x2202,주식회사 에스이엔디알엔에이(SEnD R&A),산단 외,북구,,,산업 처리공정 제어장비 제조업,기계·금속,,1~9명,4,,,,대구광역시 북구 팔달로1길,1,국민연금 가입 사업장 내역 2026-07,2026-07,2026,
x2203,주식회사 명가,산단 외,북구,,,안경 및 안경렌즈 제조업,의료·바이오,,1~9명,6,,,,대구광역시 북구 오봉로,1,국민연금 가입 사업장 내역 2026-07,2026-07,2026,
x2204,(주)티에이비코퍼레이션,산단 외,서구,,,기타 직물제품 제조업,섬유·패션,,1~9명,3,,,,대구광역시 서구 가르뱅이로16길,1,국민연금 가입 사업장 내역 2026-07,2026-07,2026,
x2205,송인산업 대구공장,산단 외,달성군,,,그 외 자동차용 신품 부품 제조업,자동차·부품,,10~49명,21,,,,대구광역시 달성군 구지면 달성2차로,1,국민연금 가입 사업장 내역 2026-07,2026-07,2026,
x2206,(주)덕신이피씨/일용/대구롯데쇼핑타운 개발계획 신축공사 중 지상층 데크플레이트공사,산단 외,수성구,,,톱 및 호환성 공구 제조업,기계·금속,,10~49명,25,,,,대구광역시 수성구 대흥동,1,국민연금 가입 사업장 내역 2026-07,2026-07,2026,
x2207,주식회사 롤랩로지스,산단 외,북구,,,그 외 기타 분류 안된 사업 지원 서비스업(기타임가공,기계·금속,,10~49명,38,,,,대구광역시 북구 경진로남1길,1,국민연금 가입 사업장 내역 2026-07,2026-07,2026,
