id,name,district,year,layer,funder,program,type,amount,amount_unit,source,source_url,as_of
c8692,화신,,2026,국비,산업통상자원부,[IRIS 사업] 패키지형,R&D,,,KEIT 산업기술 R&D 과제현황(공공데이터포털),https://www.data.go.kr/data/15018033/fileData.do,20260721
,현대케미칼주식회사,,2026,국비,산업통상자원부,[IRIS 사업] 이종기술융합형,R&D,,,KEIT 산업기술 R&D 과제현황(공공데이터포털),https://www.data.go.kr/data/15018033/fileData.do,20260721
c8550,현대제철주식회사,,2026,국비,산업통상자원부,[IRIS 사업] 한국형수소환원제철실증기술개발,R&D,,,KEIT 산업기술 R&D 과제현황(공공데이터포털),https://www.data.go.kr/data/15018033/fileData.do,20260721
c8550,현대제철주식회사,,2026,국비,산업통상자원부,[IRIS 사업] 조선해양산업핵심기술개발,R&D,,,KEIT 산업기술 R&D 과제현황(공공데이터포털),https://www.data.go.kr/data/15018033/fileData.do,20260721
c8550,현대제철주식회사,,2026,국비,산업통상자원부,[IRIS 사업] 자동차핵심부품용탄소배출저감특화철강판재기술개발,R&D,,,KEIT 산업기술 R&D 과제현황(공공데이터포털),https://www.data.go.kr/data/15018033/fileData.do,20260721
c8550,현대제철주식회사,,2026,국비,산업통상자원부,[IRIS 사업] 북극항로개척을위한극지운항선박핵심기술개발,R&D,,,KEIT 산업기술 R&D 과제현황(공공데이터포털),https://www.data.go.kr/data/15018033/fileData.do,20260721
c8550,현대제철주식회사,,2026,국비,산업통상자원부,[IRIS 사업] 그린카,R&D,,,KEIT 산업기술 R&D 과제현황(공공데이터포털),https://www.data.go.kr/data/15018033/fileData.do,20260721
c9822,현대모비스(주),,2026,국비,산업통상자원부,[IRIS 사업] 패키지형,R&D,,,KEIT 산업기술 R&D 과제현황(공공데이터포털),https://www.data.go.kr/data/15018033/fileData.do,20260721
c9822,현대모비스(주),,2026,국비,산업통상자원부,[IRIS 사업] 전기자동차설계공정혁신CTC(CelltoChassis)배터리시스템플랫폼기술개발,R&D,,,KEIT 산업기술 R&D 과제현황(공공데이터포털),https://www.data.go.kr/data/15018033/fileData.do,20260721
c9822,현대모비스(주),,2026,국비,산업통상자원부,[IRIS 사업] 시스템반도체기술개발,R&D,,,KEIT 산업기술 R&D 과제현황(공공데이터포털),https://www.data.go.kr/data/15018033/fileData.do,20260721
c9822,현대모비스(주),,2026,국비,산업통상자원부,[IRIS 사업] 스마트카,R&D,,,KEIT 산업기술 R&D 과제현황(공공데이터포털),https://www.data.go.kr/data/15018033/fileData.do,20260721
c9822,현대모비스(주),,2026,국비,산업통상자원부,[IRIS 사업] 수요맞춤형산업별배터리소재및셀기술개발,R&D,,,KEIT 산업기술 R&D 과제현황(공공데이터포털),https://www.data.go.kr/data/15018033/fileData.do,20260721
c9822,현대모비스(주),,2026,국비,산업통상자원부,[IRIS 사업] 그린카,R&D,,,KEIT 산업기술 R&D 과제현황(공공데이터포털),https://www.data.go.kr/data/15018033/fileData.do,20260721
c5294,한국정보통신기술협회,,2026,국비,산업통상자원부,[IRIS 사업] 이종기술융합형,R&D,,,KEIT 산업기술 R&D 과제현황(공공데이터포털),https://www.data.go.kr/data/15018033/fileData.do,20260721
c5294,한국정보통신기술협회,,2026,국비,산업통상자원부,[IRIS 사업] AI응용제품신속상용화지원사업,R&D,,,KEIT 산업기술 R&D 과제현황(공공데이터포털),https://www.data.go.kr/data/15018033/fileData.do,20260721
c10552,한국자동차연구원,,2026,국비,산업통상자원부,[IRIS 사업] 패키지형,R&D,,,KEIT 산업기술 R&D 과제현황(공공데이터포털),https://www.data.go.kr/data/15018033/fileData.do,20260721
c10552,한국자동차연구원,,2026,국비,산업통상자원부,[IRIS 사업] 조선해양산업핵심기술개발,R&D,,,KEIT 산업기술 R&D 과제현황(공공데이터포털),https://www.data.go.kr/data/15018033/fileData.do,20260721
c10552,한국자동차연구원,,2026,국비,산업통상자원부,[IRIS 사업] 제조암묵지기반AI모델개발(R&D),R&D,,,KEIT 산업기술 R&D 과제현황(공공데이터포털),https://www.data.go.kr/data/15018033/fileData.do,20260721
c10552,한국자동차연구원,,2026,국비,산업통상자원부,[IRIS 사업] 전기자동차설계공정혁신CTC(CelltoChassis)배터리시스템플랫폼기술개발,R&D,,,KEIT 산업기술 R&D 과제현황(공공데이터포털),https://www.data.go.kr/data/15018033/fileData.do,20260721
c10552,한국자동차연구원,,2026,국비,산업통상자원부,[IRIS 사업] 자동차핵심부품용탄소배출저감특화철강판재기술개발,R&D,,,KEIT 산업기술 R&D 과제현황(공공데이터포털),https://www.data.go.kr/data/15018033/fileData.do,20260721
c10552,한국자동차연구원,,2026,국비,산업통상자원부,[IRIS 사업] 이종기술융합형,R&D,,,KEIT 산업기술 R&D 과제현황(공공데이터포털),https://www.data.go.kr/data/15018033/fileData.do,20260721
c10552,한국자동차연구원,,2026,국비,산업통상자원부,[IRIS 사업] 스마트카,R&D,,,KEIT 산업기술 R&D 과제현황(공공데이터포털),https://www.data.go.kr/data/15018033/fileData.do,20260721
c10552,한국자동차연구원,,2026,국비,산업통상자원부,[IRIS 사업] 산업기술분야,R&D,,,KEIT 산업기술 R&D 과제현황(공공데이터포털),https://www.data.go.kr/data/15018033/fileData.do,20260721
c10552,한국자동차연구원,,2026,국비,산업통상자원부,[IRIS 사업] 뿌리산업혁신공정장비개발,R&D,,,KEIT 산업기술 R&D 과제현황(공공데이터포털),https://www.data.go.kr/data/15018033/fileData.do,20260721
c10552,한국자동차연구원,,2026,국비,산업통상자원부,[IRIS 사업] 배터리공정스크랩재자원화/재제조기술개발,R&D,,,KEIT 산업기술 R&D 과제현황(공공데이터포털),https://www.data.go.kr/data/15018033/fileData.do,20260721
c10552,한국자동차연구원,,2026,국비,산업통상자원부,[IRIS 사업] 미래판기술프로젝트,R&D,,,KEIT 산업기술 R&D 과제현황(공공데이터포털),https://www.data.go.kr/data/15018033/fileData.do,20260721
c10552,한국자동차연구원,,2026,국비,산업통상자원부,[IRIS 사업] 미래모빌리티부품내충격성향상을위한저비용공정적용고분자공중합체제조기술개발,R&D,,,KEIT 산업기술 R&D 과제현황(공공데이터포털),https://www.data.go.kr/data/15018033/fileData.do,20260721
c10552,한국자동차연구원,,2026,국비,산업통상자원부,[IRIS 사업] 급속충전용내구성고안전리튬이온이차전지소재및셀개발,R&D,,,KEIT 산업기술 R&D 과제현황(공공데이터포털),https://www.data.go.kr/data/15018033/fileData.do,20260721
c10552,한국자동차연구원,,2026,국비,산업통상자원부,[IRIS 사업] 그린카,R&D,,,KEIT 산업기술 R&D 과제현황(공공데이터포털),https://www.data.go.kr/data/15018033/fileData.do,20260721
c10552,한국자동차연구원,,2026,국비,산업통상자원부,[IRIS 사업] 국가표준기술력향상,R&D,,,KEIT 산업기술 R&D 과제현황(공공데이터포털),https://www.data.go.kr/data/15018033/fileData.do,20260721
c10552,한국자동차연구원,,2026,국비,산업통상자원부,[IRIS 사업] SBOM등글로벌규제대응을위한AI기반자동차원격업데이트(OTA)보안성검증시스템개발,R&D,,,KEIT 산업기술 R&D 과제현황(공공데이터포털),https://www.data.go.kr/data/15018033/fileData.do,20260721
c10552,한국자동차연구원,,2026,국비,산업통상자원부,[IRIS 사업] K-로봇피지컬AI생태계조성,R&D,,,KEIT 산업기술 R&D 과제현황(공공데이터포털),https://www.data.go.kr/data/15018033/fileData.do,20260721
,한국소방기구제작소,,2026,국비,산업통상자원부,[IRIS 사업] 위험물시설화재·폭발사고예방및대응기술개발,R&D,,,KEIT 산업기술 R&D 과제현황(공공데이터포털),https://www.data.go.kr/data/15018033/fileData.do,20260721
c10430,한국 고분자,,2026,국비,산업통상자원부,[IRIS 사업] 제조AI데이터벨류체인구축,R&D,,,KEIT 산업기술 R&D 과제현황(공공데이터포털),https://www.data.go.kr/data/15018033/fileData.do,20260721
x2938,플라잉마운틴,,2026,국비,산업통상자원부,[IRIS 사업] 국가표준기술력향상,R&D,,,KEIT 산업기술 R&D 과제현황(공공데이터포털),https://www.data.go.kr/data/15018033/fileData.do,20260721
,퍼시픽엑스코리아 주식회사,,2026,국비,중소벤처기업부,주력산업 생태계 구축,R&D,,,중소벤처기업부 중소기업기술개발과제정보(공공데이터포털),https://www.data.go.kr/data/3044610/fileData.do,20260831
x4623,티에이치티 주식회사,,2026,국비,중소벤처기업부,기술사업화 패키지 사업,R&D,,,중소벤처기업부 중소기업기술개발과제정보(공공데이터포털),https://www.data.go.kr/data/3044610/fileData.do,20260831
c6693,테스코(주),,2026,국비,산업통상자원부,[IRIS 사업] 패키지형,R&D,,,KEIT 산업기술 R&D 과제현황(공공데이터포털),https://www.data.go.kr/data/15018033/fileData.do,20260721
x4138,테라랩 주식회사,,2026,국비,중소벤처기업부,지역기업 역량강화,R&D,,,중소벤처기업부 중소기업기술개발과제정보(공공데이터포털),https://www.data.go.kr/data/3044610/fileData.do,20260831
,태림산업(주),,2026,국비,중소벤처기업부,주력산업 생태계 구축,R&D,,,중소벤처기업부 중소기업기술개발과제정보(공공데이터포털),https://www.data.go.kr/data/3044610/fileData.do,20260831
x4328,케이앤피,,2026,국비,중소벤처기업부,주력산업 생태계 구축,R&D,,,중소벤처기업부 중소기업기술개발과제정보(공공데이터포털),https://www.data.go.kr/data/3044610/fileData.do,20260831
x4328,케이앤피,,2026,국비,산업통상자원부,[IRIS 사업] 이종기술융합형,R&D,,,KEIT 산업기술 R&D 과제현황(공공데이터포털),https://www.data.go.kr/data/15018033/fileData.do,20260721
c4610,케이디텍,,2026,국비,중소벤처기업부,주력산업 생태계 구축,R&D,,,중소벤처기업부 중소기업기술개발과제정보(공공데이터포털),https://www.data.go.kr/data/3044610/fileData.do,20260831
c8678,카펙발레오,,2026,국비,산업통상자원부,[IRIS 사업] 전기자동차설계공정혁신CTC(CelltoChassis)배터리시스템플랫폼기술개발,R&D,,,KEIT 산업기술 R&D 과제현황(공공데이터포털),https://www.data.go.kr/data/15018033/fileData.do,20260721
c9213,카본가람,,2026,국비,산업통상자원부,[IRIS 사업] 패키지형,R&D,,,KEIT 산업기술 R&D 과제현황(공공데이터포털),https://www.data.go.kr/data/15018033/fileData.do,20260721
c6680,청진,,2026,국비,산업통상자원부,[IRIS 사업] 제조암묵지기반AI모델개발(R&D),R&D,,,KEIT 산업기술 R&D 과제현황(공공데이터포털),https://www.data.go.kr/data/15018033/fileData.do,20260721
,채비(주),,2026,국비,산업통상자원부,[IRIS 사업] AI응용제품신속상용화지원사업,R&D,,,KEIT 산업기술 R&D 과제현황(공공데이터포털),https://www.data.go.kr/data/15018033/fileData.do,20260721
c5900,진우섬유,,2026,국비,산업통상자원부,[IRIS 사업] 탄소제로섬유패션산업생태계전환을위한핵심기술개발,R&D,,,KEIT 산업기술 R&D 과제현황(공공데이터포털),https://www.data.go.kr/data/15018033/fileData.do,20260721
c9628,지에프테크놀로지,,2026,국비,행정안전부,[IRIS 사업] 지역수요맞춤형문제해결기술개발,R&D,,,KEIT 산업기술 R&D 과제현황(공공데이터포털),https://www.data.go.kr/data/15018033/fileData.do,20260721
c5214,주식회사한림기술,,2026,국비,중소벤처기업부,신진연구인력채용지원(참여기업접수용),R&D,,,중소벤처기업부 중소기업기술개발과제정보(공공데이터포털),https://www.data.go.kr/data/3044610/fileData.do,20260831
x4684,주식회사주원,,2026,국비,행정안전부,[IRIS 사업] 지역수요맞춤형문제해결기술개발,R&D,,,KEIT 산업기술 R&D 과제현황(공공데이터포털),https://www.data.go.kr/data/15018033/fileData.do,20260721
x2984,주식회사와이테크,,2026,국비,산업통상자원부,[IRIS 사업] 기술자립형첨단패키징기술개발,R&D,,,KEIT 산업기술 R&D 과제현황(공공데이터포털),https://www.data.go.kr/data/15018033/fileData.do,20260721
x4312,주식회사어반스마트공간연구소,,2026,국비,산업통상자원부,[IRIS 사업] 위험물시설화재·폭발사고예방및대응기술개발,R&D,,,KEIT 산업기술 R&D 과제현황(공공데이터포털),https://www.data.go.kr/data/15018033/fileData.do,20260721
,주식회사애드,,2026,국비,중소벤처기업부,기술사업화 패키지 사업,R&D,,,중소벤처기업부 중소기업기술개발과제정보(공공데이터포털),https://www.data.go.kr/data/3044610/fileData.do,20260831
c9875,주식회사아세아텍,,2026,국비,산업통상자원부,[IRIS 사업] AI응용제품신속상용화지원사업,R&D,,,KEIT 산업기술 R&D 과제현황(공공데이터포털),https://www.data.go.kr/data/15018033/fileData.do,20260721
x4686,주식회사씨엘모빌리티,,2026,국비,중소벤처기업부,주력산업 생태계 구축,R&D,,,중소벤처기업부 중소기업기술개발과제정보(공공데이터포털),https://www.data.go.kr/data/3044610/fileData.do,20260831
c6581,주식회사모토닉대구공장,,2026,국비,산업통상자원부,[IRIS 사업] 그린카,R&D,,,KEIT 산업기술 R&D 과제현황(공공데이터포털),https://www.data.go.kr/data/15018033/fileData.do,20260721
c0457,주식회사레이월드,,2026,국비,중소벤처기업부,주력산업 생태계 구축,R&D,,,중소벤처기업부 중소기업기술개발과제정보(공공데이터포털),https://www.data.go.kr/data/3044610/fileData.do,20260831
c8815,주식회사동성하이텍,,2026,국비,중소벤처기업부,신진연구인력채용지원(참여기업접수용),R&D,,,중소벤처기업부 중소기업기술개발과제정보(공공데이터포털),https://www.data.go.kr/data/3044610/fileData.do,20260831
,주식회사네오테크,,2026,국비,중소벤처기업부,지역기업 역량강화,R&D,,,중소벤처기업부 중소기업기술개발과제정보(공공데이터포털),https://www.data.go.kr/data/3044610/fileData.do,20260831
x3874,주식회사 퓨리언스,,2026,국비,산업통상자원부,[IRIS 사업] 이종기술융합형,R&D,,,KEIT 산업기술 R&D 과제현황(공공데이터포털),https://www.data.go.kr/data/15018033/fileData.do,20260721
c2899,주식회사 팸텍,,2026,국비,중소벤처기업부,기술사업화 패키지 사업,R&D,,,중소벤처기업부 중소기업기술개발과제정보(공공데이터포털),https://www.data.go.kr/data/3044610/fileData.do,20260831
c2899,주식회사 팸텍,,2026,국비,산업통상자원부,[IRIS 사업] 국가표준기술력향상,R&D,,,KEIT 산업기술 R&D 과제현황(공공데이터포털),https://www.data.go.kr/data/15018033/fileData.do,20260721
x4737,주식회사 파미티,,2026,국비,산업통상자원부,[IRIS 사업] 국가표준기술력향상,R&D,,,KEIT 산업기술 R&D 과제현황(공공데이터포털),https://www.data.go.kr/data/15018033/fileData.do,20260721
,주식회사 테스,,2026,국비,중소벤처기업부,고경력연구인력채용지원(참여기업접수용),R&D,,,중소벤처기업부 중소기업기술개발과제정보(공공데이터포털),https://www.data.go.kr/data/3044610/fileData.do,20260831
,주식회사 큐빅,,2026,국비,중소벤처기업부,신진연구인력채용지원(참여기업접수용),R&D,,,중소벤처기업부 중소기업기술개발과제정보(공공데이터포털),https://www.data.go.kr/data/3044610/fileData.do,20260831
x3752,주식회사 퀘스터,,2026,국비,산업통상자원부,[IRIS 사업] AI응용제품신속상용화지원사업,R&D,,,KEIT 산업기술 R&D 과제현황(공공데이터포털),https://www.data.go.kr/data/15018033/fileData.do,20260721
c7561,주식회사 창림,,2026,국비,중소벤처기업부,주력산업 생태계 구축,R&D,,,중소벤처기업부 중소기업기술개발과제정보(공공데이터포털),https://www.data.go.kr/data/3044610/fileData.do,20260831
c3988,주식회사 제이디,,2026,국비,중소벤처기업부,지역기업 역량강화,R&D,,,중소벤처기업부 중소기업기술개발과제정보(공공데이터포털),https://www.data.go.kr/data/3044610/fileData.do,20260831
,주식회사 이엠에스,,2026,국비,중소벤처기업부,신진연구인력채용지원(참여기업접수용),R&D,,,중소벤처기업부 중소기업기술개발과제정보(공공데이터포털),https://www.data.go.kr/data/3044610/fileData.do,20260831
x2734,주식회사 이스트,,2026,국비,중소벤처기업부,주력산업 생태계 구축,R&D,,,중소벤처기업부 중소기업기술개발과제정보(공공데이터포털),https://www.data.go.kr/data/3044610/fileData.do,20260831
x4038,주식회사 이브이타고,,2026,국비,중소벤처기업부,지역기업 역량강화,R&D,,,중소벤처기업부 중소기업기술개발과제정보(공공데이터포털),https://www.data.go.kr/data/3044610/fileData.do,20260831
c8445,주식회사 유니크,,2026,국비,산업통상자원부,[IRIS 사업] 그린카,R&D,,,KEIT 산업기술 R&D 과제현황(공공데이터포털),https://www.data.go.kr/data/15018033/fileData.do,20260721
,주식회사 위츠,,2026,국비,산업통상자원부,[IRIS 사업] 그린카,R&D,,,KEIT 산업기술 R&D 과제현황(공공데이터포털),https://www.data.go.kr/data/15018033/fileData.do,20260721
,주식회사 왕별,,2026,국비,중소벤처기업부,신진연구인력채용지원(참여기업접수용),R&D,,,중소벤처기업부 중소기업기술개발과제정보(공공데이터포털),https://www.data.go.kr/data/3044610/fileData.do,20260831
c0035,주식회사 연,,2026,국비,중소벤처기업부,기술사업화 패키지 사업,R&D,,,중소벤처기업부 중소기업기술개발과제정보(공공데이터포털),https://www.data.go.kr/data/3044610/fileData.do,20260831
x4607,주식회사 엠디엠,,2026,국비,중소벤처기업부,주력산업 생태계 구축,R&D,,,중소벤처기업부 중소기업기술개발과제정보(공공데이터포털),https://www.data.go.kr/data/3044610/fileData.do,20260831
x2724,주식회사 에프엠웍스,,2026,국비,산업통상자원부,[IRIS 사업] 위험물시설화재·폭발사고예방및대응기술개발,R&D,,,KEIT 산업기술 R&D 과제현황(공공데이터포털),https://www.data.go.kr/data/15018033/fileData.do,20260721
x3814,주식회사 에이티삼일바이오,,2026,국비,중소벤처기업부,신진연구인력채용지원(참여기업접수용),R&D,,,중소벤처기업부 중소기업기술개발과제정보(공공데이터포털),https://www.data.go.kr/data/3044610/fileData.do,20260831
x3697,주식회사 에스티앤아이,,2026,국비,중소벤처기업부,신진연구인력채용지원(참여기업접수용),R&D,,,중소벤처기업부 중소기업기술개발과제정보(공공데이터포털),https://www.data.go.kr/data/3044610/fileData.do,20260831
,주식회사 에스제이컴퍼니,,2026,국비,중소벤처기업부,기술사업화 패키지 사업,R&D,,,중소벤처기업부 중소기업기술개발과제정보(공공데이터포털),https://www.data.go.kr/data/3044610/fileData.do,20260831
c1434,주식회사 아이테크,,2026,국비,중소벤처기업부,기술사업화 패키지 사업,R&D,,,중소벤처기업부 중소기업기술개발과제정보(공공데이터포털),https://www.data.go.kr/data/3044610/fileData.do,20260831
c10059,주식회사 서우이엔지,,2026,국비,산업통상자원부,[IRIS 사업] 패키지형,R&D,,,KEIT 산업기술 R&D 과제현황(공공데이터포털),https://www.data.go.kr/data/15018033/fileData.do,20260721
c10059,주식회사 서우이엔지,,2026,국비,산업통상자원부,[IRIS 사업] 그린카,R&D,,,KEIT 산업기술 R&D 과제현황(공공데이터포털),https://www.data.go.kr/data/15018033/fileData.do,20260721
x4494,주식회사 비즈데이터,,2026,국비,산업통상자원부,[IRIS 사업] 글로벌우수기업연구소육성(GATC),R&D,,,KEIT 산업기술 R&D 과제현황(공공데이터포털),https://www.data.go.kr/data/15018033/fileData.do,20260721
c10967,주식회사 루타스,,2026,국비,중소벤처기업부,주력산업 생태계 구축,R&D,,,중소벤처기업부 중소기업기술개발과제정보(공공데이터포털),https://www.data.go.kr/data/3044610/fileData.do,20260831
x3377,주식회사 럼플리어,,2026,국비,산업통상자원부,[IRIS 사업] 수요맞춤형산업별배터리소재및셀기술개발,R&D,,,KEIT 산업기술 R&D 과제현황(공공데이터포털),https://www.data.go.kr/data/15018033/fileData.do,20260721
c9814,주식회사 라지,,2026,국비,중소벤처기업부,주력산업 생태계 구축,R&D,,,중소벤처기업부 중소기업기술개발과제정보(공공데이터포털),https://www.data.go.kr/data/3044610/fileData.do,20260831
c1231,주식회사 도원,,2026,국비,산업통상자원부,[IRIS 사업] 패키지형,R&D,,,KEIT 산업기술 R&D 과제현황(공공데이터포털),https://www.data.go.kr/data/15018033/fileData.do,20260721
x3179,주식회사 도구로보틱스,,2026,국비,산업통상자원부,[IRIS 사업] AI응용제품신속상용화지원사업,R&D,,,KEIT 산업기술 R&D 과제현황(공공데이터포털),https://www.data.go.kr/data/15018033/fileData.do,20260721
c5269,주식회사 더아이엠씨,,2026,국비,산업통상자원부,[IRIS 사업] 제조안전고도화기술개발,R&D,,,KEIT 산업기술 R&D 과제현황(공공데이터포털),https://www.data.go.kr/data/15018033/fileData.do,20260721
c5601,주식회사 대흥정공,,2026,국비,산업통상자원부,[IRIS 사업] 그린카,R&D,,,KEIT 산업기술 R&D 과제현황(공공데이터포털),https://www.data.go.kr/data/15018033/fileData.do,20260721
c1078,제핏,,2026,국비,중소벤처기업부,기술사업화 패키지 사업,R&D,,,중소벤처기업부 중소기업기술개발과제정보(공공데이터포털),https://www.data.go.kr/data/3044610/fileData.do,20260831
c2397,전진산업 주식회사,,2026,국비,중소벤처기업부,주력산업 생태계 구축,R&D,,,중소벤처기업부 중소기업기술개발과제정보(공공데이터포털),https://www.data.go.kr/data/3044610/fileData.do,20260831
x3516,인터텍,,2026,국비,중소벤처기업부,주력산업 생태계 구축,R&D,,,중소벤처기업부 중소기업기술개발과제정보(공공데이터포털),https://www.data.go.kr/data/3044610/fileData.do,20260831
c9080,인셀(주),,2026,국비,중소벤처기업부,주력산업 생태계 구축,R&D,,,중소벤처기업부 중소기업기술개발과제정보(공공데이터포털),https://www.data.go.kr/data/3044610/fileData.do,20260831
,이엠테크,,2026,국비,산업통상자원부,[IRIS 사업] 주력산업IT융합,R&D,,,KEIT 산업기술 R&D 과제현황(공공데이터포털),https://www.data.go.kr/data/15018033/fileData.do,20260721
c0652,이엘피,,2026,국비,산업통상자원부,[IRIS 사업] 유리기반마이크로OLED디스플레이기술개발,R&D,,,KEIT 산업기술 R&D 과제현황(공공데이터포털),https://www.data.go.kr/data/15018033/fileData.do,20260721
c3946,이레산업(주),,2026,국비,산업통상자원부,[IRIS 사업] 주력산업IT융합,R&D,,,KEIT 산업기술 R&D 과제현황(공공데이터포털),https://www.data.go.kr/data/15018033/fileData.do,20260721
c9335,이노알앤씨,,2026,국비,산업통상자원부,[IRIS 사업] 신산업대응차세대공통·핵심뿌리기술개발,R&D,,,KEIT 산업기술 R&D 과제현황(공공데이터포털),https://www.data.go.kr/data/15018033/fileData.do,20260721
,유성정밀공업(주),,2026,국비,중소벤처기업부,지역기업 역량강화,R&D,,,중소벤처기업부 중소기업기술개발과제정보(공공데이터포털),https://www.data.go.kr/data/3044610/fileData.do,20260831
c10337,유니테크,,2026,국비,산업통상자원부,[IRIS 사업] 패키지형,R&D,,,KEIT 산업기술 R&D 과제현황(공공데이터포털),https://www.data.go.kr/data/15018033/fileData.do,20260721
x4699,유니바,,2026,국비,산업통상자원부,[IRIS 사업] AI응용제품신속상용화지원사업,R&D,,,KEIT 산업기술 R&D 과제현황(공공데이터포털),https://www.data.go.kr/data/15018033/fileData.do,20260721
,윈테크,,2026,국비,산업통상자원부,[IRIS 사업] 주력산업IT융합,R&D,,,KEIT 산업기술 R&D 과제현황(공공데이터포털),https://www.data.go.kr/data/15018033/fileData.do,20260721
x4706,위인터랙트(주),,2026,국비,중소벤처기업부,신진연구인력채용지원(참여기업접수용),R&D,,,중소벤처기업부 중소기업기술개발과제정보(공공데이터포털),https://www.data.go.kr/data/3044610/fileData.do,20260831
c8595,위니텍,,2026,국비,행정안전부,[IRIS 사업] 지역수요맞춤형문제해결기술개발,R&D,,,KEIT 산업기술 R&D 과제현황(공공데이터포털),https://www.data.go.kr/data/15018033/fileData.do,20260721
c8595,위니텍,,2026,국비,산업통상자원부,[IRIS 사업] 위험물시설화재·폭발사고예방및대응기술개발,R&D,,,KEIT 산업기술 R&D 과제현황(공공데이터포털),https://www.data.go.kr/data/15018033/fileData.do,20260721
x4810,웨이온 주식회사,,2026,국비,중소벤처기업부,고경력연구인력채용지원(참여기업접수용),R&D,,,중소벤처기업부 중소기업기술개발과제정보(공공데이터포털),https://www.data.go.kr/data/3044610/fileData.do,20260831
,우진엔지니어링,,2026,국비,산업통상자원부,[IRIS 사업] AI응용제품신속상용화지원사업,R&D,,,KEIT 산업기술 R&D 과제현황(공공데이터포털),https://www.data.go.kr/data/15018033/fileData.do,20260721
x4801,우리아이씨티,,2026,국비,산업통상자원부,[IRIS 사업] 위험물시설화재·폭발사고예방및대응기술개발,R&D,,,KEIT 산업기술 R&D 과제현황(공공데이터포털),https://www.data.go.kr/data/15018033/fileData.do,20260721
x4381,와이피알이엠티 주식회사 대구지점,,2026,국비,중소벤처기업부,주력산업 생태계 구축,R&D,,,중소벤처기업부 중소기업기술개발과제정보(공공데이터포털),https://www.data.go.kr/data/3044610/fileData.do,20260831
c9862,옵티머스시스템(주),,2026,국비,산업통상자원부,[IRIS 사업] 제조암묵지기반AI모델개발(R&D),R&D,,,KEIT 산업기술 R&D 과제현황(공공데이터포털),https://www.data.go.kr/data/15018033/fileData.do,20260721
c5256,오큐브,,2026,국비,산업통상자원부,[IRIS 사업] SBOM등글로벌규제대응을위한AI기반자동차원격업데이트(OTA)보안성검증시스템개발,R&D,,,KEIT 산업기술 R&D 과제현황(공공데이터포털),https://www.data.go.kr/data/15018033/fileData.do,20260721
c5256,오큐브,,2026,국비,산업통상자원부,[IRIS 사업] AI응용제품신속상용화지원사업,R&D,,,KEIT 산업기술 R&D 과제현황(공공데이터포털),https://www.data.go.kr/data/15018033/fileData.do,20260721
c3873,오성테크,,2026,국비,산업통상자원부,[IRIS 사업] 그린카,R&D,,,KEIT 산업기술 R&D 과제현황(공공데이터포털),https://www.data.go.kr/data/15018033/fileData.do,20260721
x3561,옐로시스 주식회사,,2026,국비,산업통상자원부,[IRIS 사업] 디자인혁신역량강화,R&D,,,KEIT 산업기술 R&D 과제현황(공공데이터포털),https://www.data.go.kr/data/15018033/fileData.do,20260721
,엠엔비젼,,2026,국비,산업통상자원부,[IRIS 사업] 제조암묵지기반AI모델개발(R&D),R&D,,,KEIT 산업기술 R&D 과제현황(공공데이터포털),https://www.data.go.kr/data/15018033/fileData.do,20260721
,엘앤에프,,2026,국비,산업통상자원부,[IRIS 사업] 급속충전용내구성고안전리튬이온이차전지소재및셀개발,R&D,,,KEIT 산업기술 R&D 과제현황(공공데이터포털),https://www.data.go.kr/data/15018033/fileData.do,20260721
,엘앤에프,,2026,국비,산업통상자원부,[IRIS 사업] 글로벌우수기업연구소육성(GATC),R&D,,,KEIT 산업기술 R&D 과제현황(공공데이터포털),https://www.data.go.kr/data/15018033/fileData.do,20260721
x3896,엔티엠,,2026,국비,산업통상자원부,[IRIS 사업] 그린카,R&D,,,KEIT 산업기술 R&D 과제현황(공공데이터포털),https://www.data.go.kr/data/15018033/fileData.do,20260721
x4240,에이치에스소프트(주),,2026,국비,산업통상자원부,[IRIS 사업] 패키지형,R&D,,,KEIT 산업기술 R&D 과제현황(공공데이터포털),https://www.data.go.kr/data/15018033/fileData.do,20260721
c8084,에이치씨엔씨,,2026,국비,산업통상자원부,[IRIS 사업] 조선해양산업핵심기술개발,R&D,,,KEIT 산업기술 R&D 과제현황(공공데이터포털),https://www.data.go.kr/data/15018033/fileData.do,20260721
c8084,에이치씨엔씨,,2026,국비,산업통상자원부,[IRIS 사업] 조선소중대형블록지능형핸들링및취부/용접기술개발,R&D,,,KEIT 산업기술 R&D 과제현황(공공데이터포털),https://www.data.go.kr/data/15018033/fileData.do,20260721
c7522,에이치시티,,2026,국비,산업통상자원부,[IRIS 사업] 국가전략기준물질개발,R&D,,,KEIT 산업기술 R&D 과제현황(공공데이터포털),https://www.data.go.kr/data/15018033/fileData.do,20260721
c9859,에이치디현대로보틱스(주),,2026,국비,산업통상자원부,[IRIS 사업] 조선해양산업핵심기술개발,R&D,,,KEIT 산업기술 R&D 과제현황(공공데이터포털),https://www.data.go.kr/data/15018033/fileData.do,20260721
c9859,에이치디현대로보틱스(주),,2026,국비,산업통상자원부,[IRIS 사업] 조선소중대형블록지능형핸들링및취부/용접기술개발,R&D,,,KEIT 산업기술 R&D 과제현황(공공데이터포털),https://www.data.go.kr/data/15018033/fileData.do,20260721
c8083,에이이티피,,2026,국비,중소벤처기업부,신진연구인력채용지원(참여기업접수용),R&D,,,중소벤처기업부 중소기업기술개발과제정보(공공데이터포털),https://www.data.go.kr/data/3044610/fileData.do,20260831
c2903,에스팩주식회사,,2026,국비,산업통상자원부,[IRIS 사업] 그린카,R&D,,,KEIT 산업기술 R&D 과제현황(공공데이터포털),https://www.data.go.kr/data/15018033/fileData.do,20260721
c8748,에스제이에프(주),,2026,국비,중소벤처기업부,주력산업 생태계 구축,R&D,,,중소벤처기업부 중소기업기술개발과제정보(공공데이터포털),https://www.data.go.kr/data/3044610/fileData.do,20260831
c5464,에스제이앤텍,,2026,국비,중소벤처기업부,지역기업 역량강화,R&D,,,중소벤처기업부 중소기업기술개발과제정보(공공데이터포털),https://www.data.go.kr/data/3044610/fileData.do,20260831
x2514,에스엠에스주식회사,,2026,국비,산업통상자원부,[IRIS 사업] 글로벌우수기업연구소육성(GATC),R&D,,,KEIT 산업기술 R&D 과제현황(공공데이터포털),https://www.data.go.kr/data/15018033/fileData.do,20260721
,에스엘주식회사,,2026,국비,산업통상자원부,[IRIS 사업] 자동차핵심부품용탄소배출저감특화철강판재기술개발,R&D,,,KEIT 산업기술 R&D 과제현황(공공데이터포털),https://www.data.go.kr/data/15018033/fileData.do,20260721
,에스엘주식회사,,2026,국비,산업통상자원부,[IRIS 사업] 그린카,R&D,,,KEIT 산업기술 R&D 과제현황(공공데이터포털),https://www.data.go.kr/data/15018033/fileData.do,20260721
,에스앤씨 주식회사,,2026,국비,중소벤처기업부,지역기업 역량강화,R&D,,,중소벤처기업부 중소기업기술개발과제정보(공공데이터포털),https://www.data.go.kr/data/3044610/fileData.do,20260831
c8744,아주산업 주식회사,,2026,국비,산업통상자원부,[IRIS 사업] AI응용제품신속상용화지원사업,R&D,,,KEIT 산업기술 R&D 과제현황(공공데이터포털),https://www.data.go.kr/data/15018033/fileData.do,20260721
c7909,아이아 주식회사,,2026,국비,산업통상자원부,[IRIS 사업] 나노소재기반핵심전략산업열관리기술개발,R&D,,,KEIT 산업기술 R&D 과제현황(공공데이터포털),https://www.data.go.kr/data/15018033/fileData.do,20260721
c2288,씨제이대한통운(주),,2026,국비,산업통상자원부,[IRIS 사업] AI응용제품신속상용화지원사업,R&D,,,KEIT 산업기술 R&D 과제현황(공공데이터포털),https://www.data.go.kr/data/15018033/fileData.do,20260721
c10477,씨오알엔,,2026,국비,산업통상자원부,[IRIS 사업] 글로벌탄소규제대응수요연계형기술개발(R&D),R&D,,,KEIT 산업기술 R&D 과제현황(공공데이터포털),https://www.data.go.kr/data/15018033/fileData.do,20260721
c6622,씨맥스 주식회사,,2026,국비,산업통상자원부,[IRIS 사업] 제조암묵지기반AI모델개발(R&D),R&D,,,KEIT 산업기술 R&D 과제현황(공공데이터포털),https://www.data.go.kr/data/15018033/fileData.do,20260721
c4884,썬테크,,2026,국비,중소벤처기업부,기술사업화 패키지 사업,R&D,,,중소벤처기업부 중소기업기술개발과제정보(공공데이터포털),https://www.data.go.kr/data/3044610/fileData.do,20260831
c6266,신흥정공(주),,2026,국비,중소벤처기업부,지역기업 역량강화,R&D,,,중소벤처기업부 중소기업기술개발과제정보(공공데이터포털),https://www.data.go.kr/data/3044610/fileData.do,20260831
c10700,신한테크(주),,2026,국비,산업통상자원부,[IRIS 사업] 패키지형,R&D,,,KEIT 산업기술 R&D 과제현황(공공데이터포털),https://www.data.go.kr/data/15018033/fileData.do,20260721
c2263,수텍스(주),,2026,국비,산업통상자원부,[IRIS 사업] 패키지형,R&D,,,KEIT 산업기술 R&D 과제현황(공공데이터포털),https://www.data.go.kr/data/15018033/fileData.do,20260721
x4764,셀러스,,2026,국비,중소벤처기업부,지역기업 역량강화,R&D,,,중소벤처기업부 중소기업기술개발과제정보(공공데이터포털),https://www.data.go.kr/data/3044610/fileData.do,20260831
x3959,성원,,2026,국비,산업통상자원부,[IRIS 사업] 제조암묵지기반AI모델개발(R&D),R&D,,,KEIT 산업기술 R&D 과제현황(공공데이터포털),https://www.data.go.kr/data/15018033/fileData.do,20260721
x3959,성원,,2026,국비,산업통상자원부,[IRIS 사업] AI응용제품신속상용화지원사업,R&D,,,KEIT 산업기술 R&D 과제현황(공공데이터포털),https://www.data.go.kr/data/15018033/fileData.do,20260721
c7698,서창전기통신(주),,2026,국비,중소벤처기업부,주력산업 생태계 구축,R&D,,,중소벤처기업부 중소기업기술개발과제정보(공공데이터포털),https://www.data.go.kr/data/3044610/fileData.do,20260831
c0749,삼환염공(주),,2026,국비,산업통상자원부,[IRIS 사업] 제조암묵지기반AI모델개발(R&D),R&D,,,KEIT 산업기술 R&D 과제현황(공공데이터포털),https://www.data.go.kr/data/15018033/fileData.do,20260721
c1351,삼일방(주),,2026,국비,산업통상자원부,[IRIS 사업] 패키지형,R&D,,,KEIT 산업기술 R&D 과제현황(공공데이터포털),https://www.data.go.kr/data/15018033/fileData.do,20260721
c0744,삼성염직(주),,2026,국비,산업통상자원부,[IRIS 사업] 기후위기형복합재난대응기술개발,R&D,,,KEIT 산업기술 R&D 과제현황(공공데이터포털),https://www.data.go.kr/data/15018033/fileData.do,20260721
,삼보모터스(주),,2026,국비,산업통상자원부,[IRIS 사업] 스마트카,R&D,,,KEIT 산업기술 R&D 과제현황(공공데이터포털),https://www.data.go.kr/data/15018033/fileData.do,20260721
,삼보모터스(주),,2026,국비,산업통상자원부,[IRIS 사업] 그린카,R&D,,,KEIT 산업기술 R&D 과제현황(공공데이터포털),https://www.data.go.kr/data/15018033/fileData.do,20260721
,삼기,,2026,국비,산업통상자원부,[IRIS 사업] 그린카,R&D,,,KEIT 산업기술 R&D 과제현황(공공데이터포털),https://www.data.go.kr/data/15018033/fileData.do,20260721
x3329,산시스템 주식회사,,2026,국비,중소벤처기업부,지역기업 역량강화,R&D,,,중소벤처기업부 중소기업기술개발과제정보(공공데이터포털),https://www.data.go.kr/data/3044610/fileData.do,20260831
c6821,사단법인 KOTITI시험연구원,,2026,국비,산업통상자원부,[IRIS 사업] 항바이러스국제인증체계수립을위한기반구축,R&D,,,KEIT 산업기술 R&D 과제현황(공공데이터포털),https://www.data.go.kr/data/15018033/fileData.do,20260721
c6821,사단법인 KOTITI시험연구원,,2026,국비,산업통상자원부,[IRIS 사업] 패키지형,R&D,,,KEIT 산업기술 R&D 과제현황(공공데이터포털),https://www.data.go.kr/data/15018033/fileData.do,20260721
c6821,사단법인 KOTITI시험연구원,,2026,국비,산업통상자원부,[IRIS 사업] 탄소제로섬유패션산업생태계전환을위한핵심기술개발,R&D,,,KEIT 산업기술 R&D 과제현황(공공데이터포털),https://www.data.go.kr/data/15018033/fileData.do,20260721
c6821,사단법인 KOTITI시험연구원,,2026,국비,산업통상자원부,[IRIS 사업] 첨단나노소재산업안전성평가기술개발,R&D,,,KEIT 산업기술 R&D 과제현황(공공데이터포털),https://www.data.go.kr/data/15018033/fileData.do,20260721
c6821,사단법인 KOTITI시험연구원,,2026,국비,산업통상자원부,[IRIS 사업] 제품안전기준개발,R&D,,,KEIT 산업기술 R&D 과제현황(공공데이터포털),https://www.data.go.kr/data/15018033/fileData.do,20260721
c6821,사단법인 KOTITI시험연구원,,2026,국비,산업통상자원부,[IRIS 사업] 제품안전관리체계기술개발,R&D,,,KEIT 산업기술 R&D 과제현황(공공데이터포털),https://www.data.go.kr/data/15018033/fileData.do,20260721
c6821,사단법인 KOTITI시험연구원,,2026,국비,산업통상자원부,[IRIS 사업] 유망시험서비스개발,R&D,,,KEIT 산업기술 R&D 과제현황(공공데이터포털),https://www.data.go.kr/data/15018033/fileData.do,20260721
c6821,사단법인 KOTITI시험연구원,,2026,국비,산업통상자원부,[IRIS 사업] 그린카,R&D,,,KEIT 산업기술 R&D 과제현황(공공데이터포털),https://www.data.go.kr/data/15018033/fileData.do,20260721
c6821,사단법인 KOTITI시험연구원,,2026,국비,산업통상자원부,[IRIS 사업] 국가전략기준물질개발,R&D,,,KEIT 산업기술 R&D 과제현황(공공데이터포털),https://www.data.go.kr/data/15018033/fileData.do,20260721
,비젼디지텍,,2026,국비,산업통상자원부,[IRIS 사업] 그린카,R&D,,,KEIT 산업기술 R&D 과제현황(공공데이터포털),https://www.data.go.kr/data/15018033/fileData.do,20260721
,비엔비테크,,2026,국비,중소벤처기업부,지역기업 역량강화,R&D,,,중소벤처기업부 중소기업기술개발과제정보(공공데이터포털),https://www.data.go.kr/data/3044610/fileData.do,20260831
c8310,벤텍스(주),,2026,국비,산업통상자원부,[IRIS 사업] 패키지형,R&D,,,KEIT 산업기술 R&D 과제현황(공공데이터포털),https://www.data.go.kr/data/15018033/fileData.do,20260721
x3594,범호아이티(주),,2026,국비,산업통상자원부,[IRIS 사업] 제조암묵지기반AI모델개발(R&D),R&D,,,KEIT 산업기술 R&D 과제현황(공공데이터포털),https://www.data.go.kr/data/15018033/fileData.do,20260721
x3594,범호아이티(주),,2026,국비,소방청,[IRIS 사업] 소방현장인명피해예방및저감기술개발,R&D,,,KEIT 산업기술 R&D 과제현황(공공데이터포털),https://www.data.go.kr/data/15018033/fileData.do,20260721
x3840,바이오링크 주식회사,,2026,국비,중소벤처기업부,신진연구인력채용지원(참여기업접수용),R&D,,,중소벤처기업부 중소기업기술개발과제정보(공공데이터포털),https://www.data.go.kr/data/3044610/fileData.do,20260831
x3840,바이오링크 주식회사,,2026,국비,중소벤처기업부,기술사업화 패키지 사업,R&D,,,중소벤처기업부 중소기업기술개발과제정보(공공데이터포털),https://www.data.go.kr/data/3044610/fileData.do,20260831
,모비루스,,2026,국비,중소벤처기업부,신진연구인력채용지원(참여기업접수용),R&D,,,중소벤처기업부 중소기업기술개발과제정보(공공데이터포털),https://www.data.go.kr/data/3044610/fileData.do,20260831
c10371,리텍 주식회사,,2026,국비,중소벤처기업부,고경력연구인력채용지원(참여기업접수용),R&D,,,중소벤처기업부 중소기업기술개발과제정보(공공데이터포털),https://www.data.go.kr/data/3044610/fileData.do,20260831
,디케이 주식회사,,2026,국비,산업통상자원부,[IRIS 사업] 제조암묵지기반AI모델개발(R&D),R&D,,,KEIT 산업기술 R&D 과제현황(공공데이터포털),https://www.data.go.kr/data/15018033/fileData.do,20260721
,디에이치지,,2026,국비,산업통상자원부,[IRIS 사업] 그린카,R&D,,,KEIT 산업기술 R&D 과제현황(공공데이터포털),https://www.data.go.kr/data/15018033/fileData.do,20260721
c2651,동호로보틱스,,2026,국비,산업통상자원부,[IRIS 사업] 제조암묵지기반AI모델개발(R&D),R&D,,,KEIT 산업기술 R&D 과제현황(공공데이터포털),https://www.data.go.kr/data/15018033/fileData.do,20260721
c4761,동재공업주식회사,,2026,국비,중소벤처기업부,주력산업 생태계 구축,R&D,,,중소벤처기업부 중소기업기술개발과제정보(공공데이터포털),https://www.data.go.kr/data/3044610/fileData.do,20260831
,동일산업주식회사,,2026,국비,산업통상자원부,[IRIS 사업] 패키지형,R&D,,,KEIT 산업기술 R&D 과제현황(공공데이터포털),https://www.data.go.kr/data/15018033/fileData.do,20260721
c10521,동문이엔티(주),,2026,국비,중소벤처기업부,신진연구인력채용지원(참여기업접수용),R&D,,,중소벤처기업부 중소기업기술개발과제정보(공공데이터포털),https://www.data.go.kr/data/3044610/fileData.do,20260831
,대구테크노파크,,2026,국비,산업통상자원부,[IRIS 사업] 신산업대응차세대공통·핵심뿌리기술개발,R&D,,,KEIT 산업기술 R&D 과제현황(공공데이터포털),https://www.data.go.kr/data/15018033/fileData.do,20260721
,대구테크노파크,,2026,국비,산업통상자원부,[IRIS 사업] 산업기술분야,R&D,,,KEIT 산업기술 R&D 과제현황(공공데이터포털),https://www.data.go.kr/data/15018033/fileData.do,20260721
,대구기계부품연구원,,2026,국비,산업통상자원부,[IRIS 사업] 패키지형,R&D,,,KEIT 산업기술 R&D 과제현황(공공데이터포털),https://www.data.go.kr/data/15018033/fileData.do,20260721
,대구기계부품연구원,,2026,국비,산업통상자원부,[IRIS 사업] 제조AI데이터벨류체인구축,R&D,,,KEIT 산업기술 R&D 과제현황(공공데이터포털),https://www.data.go.kr/data/15018033/fileData.do,20260721
,대구기계부품연구원,,2026,국비,산업통상자원부,[IRIS 사업] 자동차핵심부품용탄소배출저감특화철강판재기술개발,R&D,,,KEIT 산업기술 R&D 과제현황(공공데이터포털),https://www.data.go.kr/data/15018033/fileData.do,20260721
,대구기계부품연구원,,2026,국비,산업통상자원부,[IRIS 사업] 스마트카,R&D,,,KEIT 산업기술 R&D 과제현황(공공데이터포털),https://www.data.go.kr/data/15018033/fileData.do,20260721
,대구기계부품연구원,,2026,국비,산업통상자원부,[IRIS 사업] 수요맞춤형산업별배터리소재및셀기술개발,R&D,,,KEIT 산업기술 R&D 과제현황(공공데이터포털),https://www.data.go.kr/data/15018033/fileData.do,20260721
,대구기계부품연구원,,2026,국비,산업통상자원부,[IRIS 사업] 뿌리산업혁신공정장비개발,R&D,,,KEIT 산업기술 R&D 과제현황(공공데이터포털),https://www.data.go.kr/data/15018033/fileData.do,20260721
,대구기계부품연구원,,2026,국비,산업통상자원부,[IRIS 사업] 그린카,R&D,,,KEIT 산업기술 R&D 과제현황(공공데이터포털),https://www.data.go.kr/data/15018033/fileData.do,20260721
,다온 주식회사,,2026,국비,중소벤처기업부,지역기업 역량강화,R&D,,,중소벤처기업부 중소기업기술개발과제정보(공공데이터포털),https://www.data.go.kr/data/3044610/fileData.do,20260831
c6546,다산소프트,,2026,국비,중소벤처기업부,신진연구인력채용지원(참여기업접수용),R&D,,,중소벤처기업부 중소기업기술개발과제정보(공공데이터포털),https://www.data.go.kr/data/3044610/fileData.do,20260831
c7626,니카코리아(주)대구공장,,2026,국비,산업통상자원부,[IRIS 사업] 화학산업친환경규제선제적대응을위한신격차소재기술개발,R&D,,,KEIT 산업기술 R&D 과제현황(공공데이터포털),https://www.data.go.kr/data/15018033/fileData.do,20260721
,공성,,2026,국비,중소벤처기업부,지역기업 역량강화,R&D,,,중소벤처기업부 중소기업기술개발과제정보(공공데이터포털),https://www.data.go.kr/data/3044610/fileData.do,20260831
x2290,계명대학교산학협력단,,2026,국비,산업통상자원부,[IRIS 사업] AI응용제품신속상용화지원사업,R&D,,,KEIT 산업기술 R&D 과제현황(공공데이터포털),https://www.data.go.kr/data/15018033/fileData.do,20260721
c9226,경향산업 주식회사,,2026,국비,중소벤처기업부,신진연구인력채용지원(참여기업접수용),R&D,,,중소벤처기업부 중소기업기술개발과제정보(공공데이터포털),https://www.data.go.kr/data/3044610/fileData.do,20260831
,경창산업(주),,2026,국비,산업통상자원부,[IRIS 사업] 제조AI데이터벨류체인구축,R&D,,,KEIT 산업기술 R&D 과제현황(공공데이터포털),https://www.data.go.kr/data/15018033/fileData.do,20260721
,경창산업(주),,2026,국비,산업통상자원부,[IRIS 사업] 그린카,R&D,,,KEIT 산업기술 R&D 과제현황(공공데이터포털),https://www.data.go.kr/data/15018033/fileData.do,20260721
c1136,경일대학교산학협력단,,2026,국비,산업통상자원부,[IRIS 사업] 재난안전맞춤형사업화지원,R&D,,,KEIT 산업기술 R&D 과제현황(공공데이터포털),https://www.data.go.kr/data/15018033/fileData.do,20260721
c1136,경일대학교산학협력단,,2026,국비,산업통상자원부,[IRIS 사업] 위험물시설화재·폭발사고예방및대응기술개발,R&D,,,KEIT 산업기술 R&D 과제현황(공공데이터포털),https://www.data.go.kr/data/15018033/fileData.do,20260721
c1136,경일대학교산학협력단,,2026,국비,산업통상자원부,[IRIS 사업] 뿌리산업혁신공정장비개발,R&D,,,KEIT 산업기술 R&D 과제현황(공공데이터포털),https://www.data.go.kr/data/15018033/fileData.do,20260721
,경북대학교산학협력단,,2026,국비,산업통상자원부,[IRIS 사업] 화학산업친환경규제선제적대응을위한신격차소재기술개발,R&D,,,KEIT 산업기술 R&D 과제현황(공공데이터포털),https://www.data.go.kr/data/15018033/fileData.do,20260721
,경북대학교산학협력단,,2026,국비,산업통상자원부,[IRIS 사업] 패키지형,R&D,,,KEIT 산업기술 R&D 과제현황(공공데이터포털),https://www.data.go.kr/data/15018033/fileData.do,20260721
,경북대학교산학협력단,,2026,국비,산업통상자원부,[IRIS 사업] 탄소저감을위한건식기반음극전극소재및공정기술개발,R&D,,,KEIT 산업기술 R&D 과제현황(공공데이터포털),https://www.data.go.kr/data/15018033/fileData.do,20260721
,경북대학교산학협력단,,2026,국비,산업통상자원부,[IRIS 사업] 첨단신산업창출형고성능피치계탄소소재개발,R&D,,,KEIT 산업기술 R&D 과제현황(공공데이터포털),https://www.data.go.kr/data/15018033/fileData.do,20260721
,경북대학교산학협력단,,2026,국비,산업통상자원부,[IRIS 사업] 조선해양산업핵심기술개발,R&D,,,KEIT 산업기술 R&D 과제현황(공공데이터포털),https://www.data.go.kr/data/15018033/fileData.do,20260721
,경북대학교산학협력단,,2026,국비,산업통상자원부,[IRIS 사업] 제조암묵지기반AI모델개발(R&D),R&D,,,KEIT 산업기술 R&D 과제현황(공공데이터포털),https://www.data.go.kr/data/15018033/fileData.do,20260721
,경북대학교산학협력단,,2026,국비,산업통상자원부,[IRIS 사업] 시장주도형K-센서기술개발,R&D,,,KEIT 산업기술 R&D 과제현황(공공데이터포털),https://www.data.go.kr/data/15018033/fileData.do,20260721
,경북대학교산학협력단,,2026,국비,산업통상자원부,[IRIS 사업] 수요맞춤형산업별배터리소재및셀기술개발,R&D,,,KEIT 산업기술 R&D 과제현황(공공데이터포털),https://www.data.go.kr/data/15018033/fileData.do,20260721
,경북대학교산학협력단,,2026,국비,산업통상자원부,[IRIS 사업] 그린카,R&D,,,KEIT 산업기술 R&D 과제현황(공공데이터포털),https://www.data.go.kr/data/15018033/fileData.do,20260721
,경북대학교산학협력단,,2026,국비,산업통상자원부,[IRIS 사업] 국가표준기술력향상,R&D,,,KEIT 산업기술 R&D 과제현황(공공데이터포털),https://www.data.go.kr/data/15018033/fileData.do,20260721
,경북대학교산학협력단,,2026,국비,산업통상자원부,[IRIS 사업] AI응용제품신속상용화지원사업,R&D,,,KEIT 산업기술 R&D 과제현황(공공데이터포털),https://www.data.go.kr/data/15018033/fileData.do,20260721
c5969,가온,,2026,국비,산업통상자원부,[IRIS 사업] 제조암묵지기반AI모델개발(R&D),R&D,,,KEIT 산업기술 R&D 과제현황(공공데이터포털),https://www.data.go.kr/data/15018033/fileData.do,20260721
c0471,WENS(웬스),,2026,국비,중소벤처기업부,신진연구인력채용지원(참여기업접수용),R&D,,,중소벤처기업부 중소기업기술개발과제정보(공공데이터포털),https://www.data.go.kr/data/3044610/fileData.do,20260831
c7594,(주)효광,,2026,국비,중소벤처기업부,지역기업 역량강화,R&D,,,중소벤처기업부 중소기업기술개발과제정보(공공데이터포털),https://www.data.go.kr/data/3044610/fileData.do,20260831
,(주)화성,,2026,국비,중소벤처기업부,지역기업 역량강화,R&D,,,중소벤처기업부 중소기업기술개발과제정보(공공데이터포털),https://www.data.go.kr/data/3044610/fileData.do,20260831
c10663,(주)하이박,,2026,국비,중소벤처기업부,주력산업 생태계 구축,R&D,,,중소벤처기업부 중소기업기술개발과제정보(공공데이터포털),https://www.data.go.kr/data/3044610/fileData.do,20260831
c4178,(주)하나산업,,2026,국비,산업통상자원부,[IRIS 사업] 기후위기형복합재난대응기술개발,R&D,,,KEIT 산업기술 R&D 과제현황(공공데이터포털),https://www.data.go.kr/data/15018033/fileData.do,20260721
x4656,(주)팔랑크스시스템즈,,2026,국비,중소벤처기업부,기술사업화 패키지 사업,R&D,,,중소벤처기업부 중소기업기술개발과제정보(공공데이터포털),https://www.data.go.kr/data/3044610/fileData.do,20260831
x4092,(주)팀로보틱스,,2026,국비,중소벤처기업부,신진연구인력채용지원(참여기업접수용),R&D,,,중소벤처기업부 중소기업기술개발과제정보(공공데이터포털),https://www.data.go.kr/data/3044610/fileData.do,20260831
x3831,(주)투비스,,2026,국비,중소벤처기업부,기술사업화 패키지 사업,R&D,,,중소벤처기업부 중소기업기술개발과제정보(공공데이터포털),https://www.data.go.kr/data/3044610/fileData.do,20260831
c2682,(주)토코스,,2026,국비,중소벤처기업부,기술사업화 패키지 사업,R&D,,,중소벤처기업부 중소기업기술개발과제정보(공공데이터포털),https://www.data.go.kr/data/3044610/fileData.do,20260831
c3177,(주)태진,,2026,국비,중소벤처기업부,주력산업 생태계 구축,R&D,,,중소벤처기업부 중소기업기술개발과제정보(공공데이터포털),https://www.data.go.kr/data/3044610/fileData.do,20260831
x3494,(주)지엘테크,,2026,국비,중소벤처기업부,기술사업화 패키지 사업,R&D,,,중소벤처기업부 중소기업기술개발과제정보(공공데이터포털),https://www.data.go.kr/data/3044610/fileData.do,20260831
c8674,(주)지성이엔지,,2026,국비,행정안전부,[IRIS 사업] 지역수요맞춤형문제해결기술개발,R&D,,,KEIT 산업기술 R&D 과제현황(공공데이터포털),https://www.data.go.kr/data/15018033/fileData.do,20260721
c5564,(주)제이씨티,,2026,국비,산업통상자원부,[IRIS 사업] 조선해양산업핵심기술개발,R&D,,,KEIT 산업기술 R&D 과제현황(공공데이터포털),https://www.data.go.kr/data/15018033/fileData.do,20260721
c9335,(주)이노알앤씨,,2026,국비,중소벤처기업부,지역기업 역량강화,R&D,,,중소벤처기업부 중소기업기술개발과제정보(공공데이터포털),https://www.data.go.kr/data/3044610/fileData.do,20260831
c5859,(주)유엔디로보틱스,,2026,국비,중소벤처기업부,주력산업 생태계 구축,R&D,,,중소벤처기업부 중소기업기술개발과제정보(공공데이터포털),https://www.data.go.kr/data/3044610/fileData.do,20260831
c5859,(주)유엔디로보틱스,,2026,국비,중소벤처기업부,기술사업화 패키지 사업,R&D,,,중소벤처기업부 중소기업기술개발과제정보(공공데이터포털),https://www.data.go.kr/data/3044610/fileData.do,20260831
,(주)유비즈,,2026,국비,산업통상자원부,[IRIS 사업] 수요맞춤형산업별배터리소재및셀기술개발,R&D,,,KEIT 산업기술 R&D 과제현황(공공데이터포털),https://www.data.go.kr/data/15018033/fileData.do,20260721
c7765,(주)유림테크,,2026,국비,산업통상자원부,[IRIS 사업] 제조AI데이터벨류체인구축,R&D,,,KEIT 산업기술 R&D 과제현황(공공데이터포털),https://www.data.go.kr/data/15018033/fileData.do,20260721
c4950,(주)유로테크,,2026,국비,중소벤처기업부,주력산업 생태계 구축,R&D,,,중소벤처기업부 중소기업기술개발과제정보(공공데이터포털),https://www.data.go.kr/data/3044610/fileData.do,20260831
,(주)위드텍,,2026,국비,중소벤처기업부,신진연구인력채용지원(참여기업접수용),R&D,,,중소벤처기업부 중소기업기술개발과제정보(공공데이터포털),https://www.data.go.kr/data/3044610/fileData.do,20260831
,(주)원셀로보,,2026,국비,중소벤처기업부,고경력연구인력채용지원(참여기업접수용),R&D,,,중소벤처기업부 중소기업기술개발과제정보(공공데이터포털),https://www.data.go.kr/data/3044610/fileData.do,20260831
,(주)엠엔비젼,,2026,국비,중소벤처기업부,주력산업 생태계 구축,R&D,,,중소벤처기업부 중소기업기술개발과제정보(공공데이터포털),https://www.data.go.kr/data/3044610/fileData.do,20260831
c5833,(주)엘라인,,2026,국비,중소벤처기업부,지역기업 역량강화,R&D,,,중소벤처기업부 중소기업기술개발과제정보(공공데이터포털),https://www.data.go.kr/data/3044610/fileData.do,20260831
c5357,(주)에이프로,,2026,국비,산업통상자원부,[IRIS 사업] 급속충전용내구성고안전리튬이온이차전지소재및셀개발,R&D,,,KEIT 산업기술 R&D 과제현황(공공데이터포털),https://www.data.go.kr/data/15018033/fileData.do,20260721
c7523,(주)에이팩,,2026,국비,산업통상자원부,[IRIS 사업] K-치안수요기반피지컬AI조명핵심기술개발및실증,R&D,,,KEIT 산업기술 R&D 과제현황(공공데이터포털),https://www.data.go.kr/data/15018033/fileData.do,20260721
,(주)에이티지,,2026,국비,중소벤처기업부,신진연구인력채용지원(참여기업접수용),R&D,,,중소벤처기업부 중소기업기술개발과제정보(공공데이터포털),https://www.data.go.kr/data/3044610/fileData.do,20260831
c4557,(주)에이치알티로보틱스,,2026,국비,중소벤처기업부,주력산업 생태계 구축,R&D,,,중소벤처기업부 중소기업기술개발과제정보(공공데이터포털),https://www.data.go.kr/data/3044610/fileData.do,20260831
c10424,(주)에이시스테크놀로지,,2026,국비,중소벤처기업부,주력산업 생태계 구축,R&D,,,중소벤처기업부 중소기업기술개발과제정보(공공데이터포털),https://www.data.go.kr/data/3044610/fileData.do,20260831
c9609,(주)에스티아이,,2026,국비,산업통상자원부,[IRIS 사업] 패키지형,R&D,,,KEIT 산업기술 R&D 과제현황(공공데이터포털),https://www.data.go.kr/data/15018033/fileData.do,20260721
,(주)에스엠테크,,2026,국비,산업통상자원부,[IRIS 사업] 탄소제로섬유패션산업생태계전환을위한핵심기술개발,R&D,,,KEIT 산업기술 R&D 과제현황(공공데이터포털),https://www.data.go.kr/data/15018033/fileData.do,20260721
x2244,(주)에스엔제이,,2026,국비,중소벤처기업부,신진연구인력채용지원(참여기업접수용),R&D,,,중소벤처기업부 중소기업기술개발과제정보(공공데이터포털),https://www.data.go.kr/data/3044610/fileData.do,20260831
c10631,(주)에스에이치엘,,2026,국비,산업통상자원부,[IRIS 사업] 주력산업IT융합,R&D,,,KEIT 산업기술 R&D 과제현황(공공데이터포털),https://www.data.go.kr/data/15018033/fileData.do,20260721
c10481,(주)에스씨솔루션글로벌,,2026,국비,중소벤처기업부,신진연구인력채용지원(참여기업접수용),R&D,,,중소벤처기업부 중소기업기술개발과제정보(공공데이터포털),https://www.data.go.kr/data/3044610/fileData.do,20260831
c10422,(주)씨티알모빌리티,,2026,국비,산업통상자원부,[IRIS 사업] 패키지형,R&D,,,KEIT 산업기술 R&D 과제현황(공공데이터포털),https://www.data.go.kr/data/15018033/fileData.do,20260721
c9603,(주)씨디씨뉴매틱,,2026,국비,중소벤처기업부,지역기업 역량강화,R&D,,,중소벤처기업부 중소기업기술개발과제정보(공공데이터포털),https://www.data.go.kr/data/3044610/fileData.do,20260831
x3146,(주)쓰리아이,,2026,국비,중소벤처기업부,기술사업화 패키지 사업,R&D,,,중소벤처기업부 중소기업기술개발과제정보(공공데이터포털),https://www.data.go.kr/data/3044610/fileData.do,20260831
,(주)신흥,,2026,국비,중소벤처기업부,지역기업 역량강화,R&D,,,중소벤처기업부 중소기업기술개발과제정보(공공데이터포털),https://www.data.go.kr/data/3044610/fileData.do,20260831
c5782,(주)설텍,,2026,국비,중소벤처기업부,지역기업 역량강화,R&D,,,중소벤처기업부 중소기업기술개발과제정보(공공데이터포털),https://www.data.go.kr/data/3044610/fileData.do,20260831
c0976,(주)보광아이엔티,,2026,국비,산업통상자원부,[IRIS 사업] 패키지형,R&D,,,KEIT 산업기술 R&D 과제현황(공공데이터포털),https://www.data.go.kr/data/15018033/fileData.do,20260721
c0976,(주)보광아이엔티,,2026,국비,산업통상자원부,[IRIS 사업] 제조암묵지기반AI모델개발(R&D),R&D,,,KEIT 산업기술 R&D 과제현황(공공데이터포털),https://www.data.go.kr/data/15018033/fileData.do,20260721
c0976,(주)보광아이엔티,,2026,국비,산업통상자원부,[IRIS 사업] 글로벌우수기업연구소육성(GATC),R&D,,,KEIT 산업기술 R&D 과제현황(공공데이터포털),https://www.data.go.kr/data/15018033/fileData.do,20260721
x4048,(주)배터와이,,2026,국비,중소벤처기업부,지역기업 역량강화,R&D,,,중소벤처기업부 중소기업기술개발과제정보(공공데이터포털),https://www.data.go.kr/data/3044610/fileData.do,20260831
x3523,(주)메텍,,2026,국비,산업통상자원부,[IRIS 사업] 스마트카,R&D,,,KEIT 산업기술 R&D 과제현황(공공데이터포털),https://www.data.go.kr/data/15018033/fileData.do,20260721
x3350,(주)로보아이,,2026,국비,중소벤처기업부,주력산업 생태계 구축,R&D,,,중소벤처기업부 중소기업기술개발과제정보(공공데이터포털),https://www.data.go.kr/data/3044610/fileData.do,20260831
c9508,(주)로드텍,,2026,국비,중소벤처기업부,신진연구인력채용지원(참여기업접수용),R&D,,,중소벤처기업부 중소기업기술개발과제정보(공공데이터포털),https://www.data.go.kr/data/3044610/fileData.do,20260831
,(주)디엠티,,2026,국비,중소벤처기업부,주력산업 생태계 구축,R&D,,,중소벤처기업부 중소기업기술개발과제정보(공공데이터포털),https://www.data.go.kr/data/3044610/fileData.do,20260831
,(주)디엠티,,2026,국비,산업통상자원부,[IRIS 사업] 선박용CO2포집시스템기술개발및실증,R&D,,,KEIT 산업기술 R&D 과제현황(공공데이터포털),https://www.data.go.kr/data/15018033/fileData.do,20260721
c10916,(주)디엠테크놀러지,,2026,국비,중소벤처기업부,주력산업 생태계 구축,R&D,,,중소벤처기업부 중소기업기술개발과제정보(공공데이터포털),https://www.data.go.kr/data/3044610/fileData.do,20260831
c10413,(주)동진금속,,2026,국비,중소벤처기업부,지역기업 역량강화,R&D,,,중소벤처기업부 중소기업기술개발과제정보(공공데이터포털),https://www.data.go.kr/data/3044610/fileData.do,20260831
,(주)동원테크,,2026,국비,산업통상자원부,[IRIS 사업] 글로벌우수기업연구소육성(GATC),R&D,,,KEIT 산업기술 R&D 과제현황(공공데이터포털),https://www.data.go.kr/data/15018033/fileData.do,20260721
,(주)동원테크,,2026,국비,산업통상자원부,[IRIS 사업] 그린카,R&D,,,KEIT 산업기술 R&D 과제현황(공공데이터포털),https://www.data.go.kr/data/15018033/fileData.do,20260721
x4056,(주)덱스위버,,2026,국비,산업통상자원부,[IRIS 사업] AI응용제품신속상용화지원사업,R&D,,,KEIT 산업기술 R&D 과제현황(공공데이터포털),https://www.data.go.kr/data/15018033/fileData.do,20260721
,(주)대철,,2026,국비,산업통상자원부,[IRIS 사업] 그린카,R&D,,,KEIT 산업기술 R&D 과제현황(공공데이터포털),https://www.data.go.kr/data/15018033/fileData.do,20260721
,(주)대동모빌리티,,2026,국비,산업통상자원부,[IRIS 사업] 디자인혁신역량강화,R&D,,,KEIT 산업기술 R&D 과제현황(공공데이터포털),https://www.data.go.kr/data/15018033/fileData.do,20260721
c0324,(주)넥스트랩,,2026,국비,산업통상자원부,[IRIS 사업] 국가표준기술력향상,R&D,,,KEIT 산업기술 R&D 과제현황(공공데이터포털),https://www.data.go.kr/data/15018033/fileData.do,20260721
,(주)나우테크,,2026,국비,산업통상자원부,[IRIS 사업] 제조암묵지기반AI모델개발(R&D),R&D,,,KEIT 산업기술 R&D 과제현황(공공데이터포털),https://www.data.go.kr/data/15018033/fileData.do,20260721
,(주)금도시스템,,2026,국비,중소벤처기업부,지역기업 역량강화,R&D,,,중소벤처기업부 중소기업기술개발과제정보(공공데이터포털),https://www.data.go.kr/data/3044610/fileData.do,20260831
c10410,(주)구영테크,,2026,국비,산업통상자원부,[IRIS 사업] 제조AI데이터벨류체인구축,R&D,,,KEIT 산업기술 R&D 과제현황(공공데이터포털),https://www.data.go.kr/data/15018033/fileData.do,20260721
,(주) 이스타이엔지,,2026,국비,중소벤처기업부,지역기업 역량강화,R&D,,,중소벤처기업부 중소기업기술개발과제정보(공공데이터포털),https://www.data.go.kr/data/3044610/fileData.do,20260831
,(주) 이스타이엔지,,2026,국비,중소벤처기업부,신진연구인력채용지원(참여기업접수용),R&D,,,중소벤처기업부 중소기업기술개발과제정보(공공데이터포털),https://www.data.go.kr/data/3044610/fileData.do,20260831
x3538,(주) 유아이티,,2026,국비,산업통상자원부,[IRIS 사업] 주력산업IT융합,R&D,,,KEIT 산업기술 R&D 과제현황(공공데이터포털),https://www.data.go.kr/data/15018033/fileData.do,20260721
x3538,(주) 유아이티,,2026,국비,산업통상자원부,[IRIS 사업] 조선해양산업핵심기술개발,R&D,,,KEIT 산업기술 R&D 과제현황(공공데이터포털),https://www.data.go.kr/data/15018033/fileData.do,20260721
x2566,(재)지능형자동차부품진흥원,,2026,국비,산업통상자원부,[IRIS 사업] 스마트카,R&D,,,KEIT 산업기술 R&D 과제현황(공공데이터포털),https://www.data.go.kr/data/15018033/fileData.do,20260721
x2566,(재)지능형자동차부품진흥원,,2026,국비,산업통상자원부,[IRIS 사업] 그린카,R&D,,,KEIT 산업기술 R&D 과제현황(공공데이터포털),https://www.data.go.kr/data/15018033/fileData.do,20260721
x2566,(재)지능형자동차부품진흥원,,2026,국비,산업통상자원부,[IRIS 사업] SBOM등글로벌규제대응을위한AI기반자동차원격업데이트(OTA)보안성검증시스템개발,R&D,,,KEIT 산업기술 R&D 과제현황(공공데이터포털),https://www.data.go.kr/data/15018033/fileData.do,20260721
,(재)대구테크노파크,,2026,국비,중소벤처기업부,산업기술단지거점기능강화,R&D,,,중소벤처기업부 중소기업기술개발과제정보(공공데이터포털),https://www.data.go.kr/data/3044610/fileData.do,20260831
,(재)대구테크노파크,,2026,국비,중소벤처기업부,(비R&D)지역주력산업육성,R&D,,,중소벤처기업부 중소기업기술개발과제정보(공공데이터포털),https://www.data.go.kr/data/3044610/fileData.do,20260831
,(재)대구기계부품연구원,,2026,국비,중소벤처기업부,(비R&D)지역주력산업육성,R&D,,,중소벤처기업부 중소기업기술개발과제정보(공공데이터포털),https://www.data.go.kr/data/3044610/fileData.do,20260831
,휴컨,,2025,국비,행정안전부,[IRIS 사업] 재난안전 융합기술 고도화 지원,R&D,,,KEIT 산업기술 R&D 과제현황(공공데이터포털),https://www.data.go.kr/data/15018033/fileData.do,20260721
c3193,효성전기(주),,2025,국비,산업통상자원부,[IRIS 사업] 차세대전차용하이브리드파워트레인개발,R&D,,,KEIT 산업기술 R&D 과제현황(공공데이터포털),https://www.data.go.kr/data/15018033/fileData.do,20260721
c3193,효성전기(주),,2025,국비,산업통상자원부,[IRIS 사업] 그린카,R&D,,,KEIT 산업기술 R&D 과제현황(공공데이터포털),https://www.data.go.kr/data/15018033/fileData.do,20260721
c8692,화신,,2025,국비,산업통상자원부,[IRIS 사업] 패키지형,R&D,,,KEIT 산업기술 R&D 과제현황(공공데이터포털),https://www.data.go.kr/data/15018033/fileData.do,20260721
c8692,화신,,2025,국비,산업통상자원부,[IRIS 사업] 제조기반생산시스템,R&D,,,KEIT 산업기술 R&D 과제현황(공공데이터포털),https://www.data.go.kr/data/15018033/fileData.do,20260721
c7177,현대화이바,,2025,국비,산업통상자원부,[IRIS 사업] 이종기술융합형,R&D,,,KEIT 산업기술 R&D 과제현황(공공데이터포털),https://www.data.go.kr/data/15018033/fileData.do,20260721
c8550,현대제철주식회사,,2025,국비,산업통상자원부,[IRIS 사업] 탄소중립산업핵심기술개발(R&D),R&D,,,KEIT 산업기술 R&D 과제현황(공공데이터포털),https://www.data.go.kr/data/15018033/fileData.do,20260721
c8550,현대제철주식회사,,2025,국비,산업통상자원부,[IRIS 사업] 제조공정미활용수소혼합가스기반청정연소기술개발,R&D,,,KEIT 산업기술 R&D 과제현황(공공데이터포털),https://www.data.go.kr/data/15018033/fileData.do,20260721
c9822,현대모비스(주),,2025,국비,산업통상자원부,[IRIS 사업] 패키지형,R&D,,,KEIT 산업기술 R&D 과제현황(공공데이터포털),https://www.data.go.kr/data/15018033/fileData.do,20260721
c9822,현대모비스(주),,2025,국비,산업통상자원부,[IRIS 사업] 스마트카,R&D,,,KEIT 산업기술 R&D 과제현황(공공데이터포털),https://www.data.go.kr/data/15018033/fileData.do,20260721
c9822,현대모비스(주),,2025,국비,산업통상자원부,[IRIS 사업] 글로벌재활용규제대응플라스틱밸류업을위한혁신기술개발,R&D,,,KEIT 산업기술 R&D 과제현황(공공데이터포털),https://www.data.go.kr/data/15018033/fileData.do,20260721
c9822,현대모비스(주),,2025,국비,산업통상자원부,[IRIS 사업] 그린카,R&D,,,KEIT 산업기술 R&D 과제현황(공공데이터포털),https://www.data.go.kr/data/15018033/fileData.do,20260721
c9822,현대모비스(주),,2025,국비,산업통상자원부,[IRIS 사업] 국제표준기반시험장비기술개발및고도화지원,R&D,,,KEIT 산업기술 R&D 과제현황(공공데이터포털),https://www.data.go.kr/data/15018033/fileData.do,20260721
c9822,현대모비스(주),,2025,국비,산업통상자원부,[IRIS 사업] SDV아키텍처를위한In-Vehicle초고속통신반도체기술개발,R&D,,,KEIT 산업기술 R&D 과제현황(공공데이터포털),https://www.data.go.kr/data/15018033/fileData.do,20260721
c0184,헬스올,,2025,국비,산업통상자원부,[IRIS 사업] 디지털헬스케어,R&D,,,KEIT 산업기술 R&D 과제현황(공공데이터포털),https://www.data.go.kr/data/15018033/fileData.do,20260721
c0184,헬스올,,2025,국비,산업통상자원부,[IRIS 사업] 국가표준기술력향상,R&D,,,KEIT 산업기술 R&D 과제현황(공공데이터포털),https://www.data.go.kr/data/15018033/fileData.do,20260721
c7939,해성엔지니어링(주),,2025,국비,산업통상자원부,[IRIS 사업] 주력산업IT융합,R&D,,,KEIT 산업기술 R&D 과제현황(공공데이터포털),https://www.data.go.kr/data/15018033/fileData.do,20260721
c10354,한진기공,,2025,국비,산업통상자원부,[IRIS 사업] 조선산업생산협업디지털전환기술개발,R&D,,,KEIT 산업기술 R&D 과제현황(공공데이터포털),https://www.data.go.kr/data/15018033/fileData.do,20260721
,한울농업회사법인(주),,2025,국비,중소벤처기업부,지역기업 역량강화,R&D,,,중소벤처기업부 중소기업기술개발과제정보(공공데이터포털),https://www.data.go.kr/data/3044610/fileData.do,20260831
c9733,한국피아이엠(주),,2025,국비,중소벤처기업부,주력산업 생태계 구축,R&D,,,중소벤처기업부 중소기업기술개발과제정보(공공데이터포털),https://www.data.go.kr/data/3044610/fileData.do,20260831
c5294,한국정보통신기술협회,,2025,국비,산업통상자원부,[IRIS 사업] 이종기술융합형,R&D,,,KEIT 산업기술 R&D 과제현황(공공데이터포털),https://www.data.go.kr/data/15018033/fileData.do,20260721
c5294,한국정보통신기술협회,,2025,국비,산업통상자원부,[IRIS 사업] 스마트카,R&D,,,KEIT 산업기술 R&D 과제현황(공공데이터포털),https://www.data.go.kr/data/15018033/fileData.do,20260721
c10552,한국자동차연구원,,2025,국비,산업통상자원부,[IRIS 사업] 패키지형,R&D,,,KEIT 산업기술 R&D 과제현황(공공데이터포털),https://www.data.go.kr/data/15018033/fileData.do,20260721
c10552,한국자동차연구원,,2025,국비,산업통상자원부,[IRIS 사업] 차세대전차용하이브리드파워트레인개발,R&D,,,KEIT 산업기술 R&D 과제현황(공공데이터포털),https://www.data.go.kr/data/15018033/fileData.do,20260721
c10552,한국자동차연구원,,2025,국비,산업통상자원부,[IRIS 사업] 차세대모빌리티용극한환경적용OLED기술개발,R&D,,,KEIT 산업기술 R&D 과제현황(공공데이터포털),https://www.data.go.kr/data/15018033/fileData.do,20260721
c10552,한국자동차연구원,,2025,국비,산업통상자원부,[IRIS 사업] 조선해양산업핵심기술개발,R&D,,,KEIT 산업기술 R&D 과제현황(공공데이터포털),https://www.data.go.kr/data/15018033/fileData.do,20260721
c10552,한국자동차연구원,,2025,국비,산업통상자원부,[IRIS 사업] 제조기반생산시스템,R&D,,,KEIT 산업기술 R&D 과제현황(공공데이터포털),https://www.data.go.kr/data/15018033/fileData.do,20260721
c10552,한국자동차연구원,,2025,국비,산업통상자원부,[IRIS 사업] 전기차배터리시스템일체형급속무선충전기술개발,R&D,,,KEIT 산업기술 R&D 과제현황(공공데이터포털),https://www.data.go.kr/data/15018033/fileData.do,20260721
c10552,한국자동차연구원,,2025,국비,산업통상자원부,[IRIS 사업] 이종기술융합형,R&D,,,KEIT 산업기술 R&D 과제현황(공공데이터포털),https://www.data.go.kr/data/15018033/fileData.do,20260721
c10552,한국자동차연구원,,2025,국비,산업통상자원부,[IRIS 사업] 신산업대응차세대공통·핵심뿌리기술개발,R&D,,,KEIT 산업기술 R&D 과제현황(공공데이터포털),https://www.data.go.kr/data/15018033/fileData.do,20260721
c10552,한국자동차연구원,,2025,국비,산업통상자원부,[IRIS 사업] 스마트카,R&D,,,KEIT 산업기술 R&D 과제현황(공공데이터포털),https://www.data.go.kr/data/15018033/fileData.do,20260721
c10552,한국자동차연구원,,2025,국비,산업통상자원부,[IRIS 사업] 로봇산업핵심기술개발,R&D,,,KEIT 산업기술 R&D 과제현황(공공데이터포털),https://www.data.go.kr/data/15018033/fileData.do,20260721
c10552,한국자동차연구원,,2025,국비,산업통상자원부,[IRIS 사업] 글로벌기업산업기술연계R&D,R&D,,,KEIT 산업기술 R&D 과제현황(공공데이터포털),https://www.data.go.kr/data/15018033/fileData.do,20260721
c10552,한국자동차연구원,,2025,국비,산업통상자원부,[IRIS 사업] 그린카,R&D,,,KEIT 산업기술 R&D 과제현황(공공데이터포털),https://www.data.go.kr/data/15018033/fileData.do,20260721
c10552,한국자동차연구원,,2025,국비,산업통상자원부,[IRIS 사업] 국가표준기술력향상,R&D,,,KEIT 산업기술 R&D 과제현황(공공데이터포털),https://www.data.go.kr/data/15018033/fileData.do,20260721
c10552,한국자동차연구원,,2025,국비,산업통상자원부,[IRIS 사업] SDV용AI가속기반도체기술개발,R&D,,,KEIT 산업기술 R&D 과제현황(공공데이터포털),https://www.data.go.kr/data/15018033/fileData.do,20260721
c10552,한국자동차연구원,,2025,국비,산업통상자원부,[IRIS 사업] SDV아키텍처를위한In-Vehicle초고속통신반도체기술개발,R&D,,,KEIT 산업기술 R&D 과제현황(공공데이터포털),https://www.data.go.kr/data/15018033/fileData.do,20260721
x2409,한국오에스지,,2025,국비,산업통상자원부,[IRIS 사업] 신산업대응차세대공통·핵심뿌리기술개발,R&D,,,KEIT 산업기술 R&D 과제현황(공공데이터포털),https://www.data.go.kr/data/15018033/fileData.do,20260721
c3974,한국안광학산업진흥원,,2025,국비,산업통상자원부,[IRIS 사업] 공간컴퓨팅구현을위한첨단XR디바이스부품통합형기술개발,R&D,,,KEIT 산업기술 R&D 과제현황(공공데이터포털),https://www.data.go.kr/data/15018033/fileData.do,20260721
c6974,한국디자인진흥원,,2025,국비,산업통상자원부,[IRIS 사업] 디자인혁신역량강화,R&D,,,KEIT 산업기술 R&D 과제현황(공공데이터포털),https://www.data.go.kr/data/15018033/fileData.do,20260721
c10549,한국도키멕 주식회사,,2025,국비,중소벤처기업부,신진연구인력채용지원(참여기업접수용),R&D,,,중소벤처기업부 중소기업기술개발과제정보(공공데이터포털),https://www.data.go.kr/data/3044610/fileData.do,20260831
,피에이치에이 주식회사,,2025,국비,산업통상자원부,[IRIS 사업] 전기차배터리시스템일체형급속무선충전기술개발,R&D,,,KEIT 산업기술 R&D 과제현황(공공데이터포털),https://www.data.go.kr/data/15018033/fileData.do,20260721
x2938,플라잉마운틴,,2025,국비,산업통상자원부,[IRIS 사업] 국가표준기술력향상,R&D,,,KEIT 산업기술 R&D 과제현황(공공데이터포털),https://www.data.go.kr/data/15018033/fileData.do,20260721
,프로텍,,2025,국비,산업통상자원부,[IRIS 사업] 이종기술융합형,R&D,,,KEIT 산업기술 R&D 과제현황(공공데이터포털),https://www.data.go.kr/data/15018033/fileData.do,20260721
x2496,퓨전소프트,,2025,국비,산업통상자원부,[IRIS 사업] 이종기술융합형,R&D,,,KEIT 산업기술 R&D 과제현황(공공데이터포털),https://www.data.go.kr/data/15018033/fileData.do,20260721
c9285,평화오일씰공업(주),,2025,국비,산업통상자원부,[IRIS 사업] 글로벌기업산업기술연계R&D,R&D,,,KEIT 산업기술 R&D 과제현황(공공데이터포털),https://www.data.go.kr/data/15018033/fileData.do,20260721
,퍼시픽엑스코리아 주식회사,,2025,국비,중소벤처기업부,주력산업 생태계 구축,R&D,,,중소벤처기업부 중소기업기술개발과제정보(공공데이터포털),https://www.data.go.kr/data/3044610/fileData.do,20260831
c8161,티씨엠에스,,2025,국비,산업통상자원부,[IRIS 사업] 주력산업IT융합,R&D,,,KEIT 산업기술 R&D 과제현황(공공데이터포털),https://www.data.go.kr/data/15018033/fileData.do,20260721
c6693,테스코 주식회사,,2025,국비,중소벤처기업부,지역기업 역량강화,R&D,,,중소벤처기업부 중소기업기술개발과제정보(공공데이터포털),https://www.data.go.kr/data/3044610/fileData.do,20260831
x3935,큐에스아이(주),,2025,국비,산업통상자원부,[IRIS 사업] 패키지형,R&D,,,KEIT 산업기술 R&D 과제현황(공공데이터포털),https://www.data.go.kr/data/15018033/fileData.do,20260721
x3935,큐에스아이(주),,2025,국비,산업통상자원부,[IRIS 사업] 무기발광디스플레이기술개발및생태계구축,R&D,,,KEIT 산업기술 R&D 과제현황(공공데이터포털),https://www.data.go.kr/data/15018033/fileData.do,20260721
c7166,케이랩 주식회사,,2025,국비,산업통상자원부,[IRIS 사업] AI기반표적지향바이오접합의약품제조자율랩기술,R&D,,,KEIT 산업기술 R&D 과제현황(공공데이터포털),https://www.data.go.kr/data/15018033/fileData.do,20260721
c8678,카펙발레오,,2025,국비,산업통상자원부,[IRIS 사업] 전기차배터리시스템일체형급속무선충전기술개발,R&D,,,KEIT 산업기술 R&D 과제현황(공공데이터포털),https://www.data.go.kr/data/15018033/fileData.do,20260721
,지클로,,2025,국비,산업통상자원부,[IRIS 사업] 첨단바이오신소재,R&D,,,KEIT 산업기술 R&D 과제현황(공공데이터포털),https://www.data.go.kr/data/15018033/fileData.do,20260721
,지클로,,2025,국비,산업통상자원부,[IRIS 사업] 이종기술융합형,R&D,,,KEIT 산업기술 R&D 과제현황(공공데이터포털),https://www.data.go.kr/data/15018033/fileData.do,20260721
c5214,주식회사한림기술,,2025,국비,중소벤처기업부,지역기업 역량강화,R&D,,,중소벤처기업부 중소기업기술개발과제정보(공공데이터포털),https://www.data.go.kr/data/3044610/fileData.do,20260831
c2480,주식회사천일,,2025,국비,중소벤처기업부,신진연구인력채용지원(참여기업접수용),R&D,,,중소벤처기업부 중소기업기술개발과제정보(공공데이터포털),https://www.data.go.kr/data/3044610/fileData.do,20260831
c5868,주식회사이엘,,2025,국비,중소벤처기업부,고경력연구인력채용지원(참여기업접수용),R&D,,,중소벤처기업부 중소기업기술개발과제정보(공공데이터포털),https://www.data.go.kr/data/3044610/fileData.do,20260831
,주식회사이수페타시스,,2025,국비,산업통상자원부,[IRIS 사업] 제조기반생산시스템,R&D,,,KEIT 산업기술 R&D 과제현황(공공데이터포털),https://www.data.go.kr/data/15018033/fileData.do,20260721
,주식회사유신,,2025,국비,행정안전부,[IRIS 사업] 제4기단층정보를활용한국가지진위험지도및설계기준고도화,R&D,,,KEIT 산업기술 R&D 과제현황(공공데이터포털),https://www.data.go.kr/data/15018033/fileData.do,20260721
x4639,주식회사위랩,,2025,국비,산업통상자원부,[IRIS 사업] 첨단바이오신소재,R&D,,,KEIT 산업기술 R&D 과제현황(공공데이터포털),https://www.data.go.kr/data/15018033/fileData.do,20260721
,주식회사에이테크,,2025,국비,중소벤처기업부,고경력연구인력채용지원(참여기업접수용),R&D,,,중소벤처기업부 중소기업기술개발과제정보(공공데이터포털),https://www.data.go.kr/data/3044610/fileData.do,20260831
,주식회사아진,,2025,국비,중소벤처기업부,지역기업 역량강화,R&D,,,중소벤처기업부 중소기업기술개발과제정보(공공데이터포털),https://www.data.go.kr/data/3044610/fileData.do,20260831
,주식회사네오테크,,2025,국비,중소벤처기업부,신진연구인력채용지원(참여기업접수용),R&D,,,중소벤처기업부 중소기업기술개발과제정보(공공데이터포털),https://www.data.go.kr/data/3044610/fileData.do,20260831
c7595,주식회사 효림엑스이,,2025,국비,산업통상자원부,[IRIS 사업] 스마트카,R&D,,,KEIT 산업기술 R&D 과제현황(공공데이터포털),https://www.data.go.kr/data/15018033/fileData.do,20260721
c5929,주식회사 하이로젠,,2025,국비,중소벤처기업부,신진연구인력채용지원(참여기업접수용),R&D,,,중소벤처기업부 중소기업기술개발과제정보(공공데이터포털),https://www.data.go.kr/data/3044610/fileData.do,20260831
x3824,주식회사 태산,,2025,국비,행정안전부,[IRIS 사업] 부처협력사업지원,R&D,,,KEIT 산업기술 R&D 과제현황(공공데이터포털),https://www.data.go.kr/data/15018033/fileData.do,20260721
c4101,주식회사 창성테크,,2025,국비,산업통상자원부,[IRIS 사업] 이종기술융합형,R&D,,,KEIT 산업기술 R&D 과제현황(공공데이터포털),https://www.data.go.kr/data/15018033/fileData.do,20260721
c0549,주식회사 줌랩,,2025,국비,산업통상자원부,[IRIS 사업] 디자인혁신역량강화,R&D,,,KEIT 산업기술 R&D 과제현황(공공데이터포털),https://www.data.go.kr/data/15018033/fileData.do,20260721
x4596,주식회사 일렉트리,,2025,국비,소방청,[IRIS 사업] 전기기반모빌리티관련시설및부품화재대응기술개발(R&D),R&D,,,KEIT 산업기술 R&D 과제현황(공공데이터포털),https://www.data.go.kr/data/15018033/fileData.do,20260721
,주식회사 이엠에스,,2025,국비,중소벤처기업부,고경력연구인력채용지원(참여기업접수용),R&D,,,중소벤처기업부 중소기업기술개발과제정보(공공데이터포털),https://www.data.go.kr/data/3044610/fileData.do,20260831
c9832,주식회사 유뱃,,2025,국비,산업통상자원부,[IRIS 사업] 패키지형,R&D,,,KEIT 산업기술 R&D 과제현황(공공데이터포털),https://www.data.go.kr/data/15018033/fileData.do,20260721
c9832,주식회사 유뱃,,2025,국비,산업통상자원부,[IRIS 사업] 이종기술융합형,R&D,,,KEIT 산업기술 R&D 과제현황(공공데이터포털),https://www.data.go.kr/data/15018033/fileData.do,20260721
x4680,주식회사 엠알이노베이션,,2025,국비,중소벤처기업부,지역기업 역량강화,R&D,,,중소벤처기업부 중소기업기술개발과제정보(공공데이터포털),https://www.data.go.kr/data/3044610/fileData.do,20260831
x2724,주식회사 에프엠웍스,,2025,국비,행정안전부,[IRIS 사업] 급경사지안전관리를위한드론·SAR모니터링시스템개발,R&D,,,KEIT 산업기술 R&D 과제현황(공공데이터포털),https://www.data.go.kr/data/15018033/fileData.do,20260721
c1434,주식회사 아이테크,,2025,국비,중소벤처기업부,신진연구인력채용지원(참여기업접수용),R&D,,,중소벤처기업부 중소기업기술개발과제정보(공공데이터포털),https://www.data.go.kr/data/3044610/fileData.do,20260831
c8397,주식회사 씨앤테크,,2025,국비,중소벤처기업부,신진연구인력채용지원(참여기업접수용),R&D,,,중소벤처기업부 중소기업기술개발과제정보(공공데이터포털),https://www.data.go.kr/data/3044610/fileData.do,20260831
c9798,주식회사 스맥,,2025,국비,산업통상자원부,[IRIS 사업] 제조장비실증,R&D,,,KEIT 산업기술 R&D 과제현황(공공데이터포털),https://www.data.go.kr/data/15018033/fileData.do,20260721
c9798,주식회사 스맥,,2025,국비,산업통상자원부,[IRIS 사업] 로봇산업핵심기술개발,R&D,,,KEIT 산업기술 R&D 과제현황(공공데이터포털),https://www.data.go.kr/data/15018033/fileData.do,20260721
c10614,주식회사 산엔지니어링,,2025,국비,행정안전부,[IRIS 사업] 지역수요맞춤형문제해결기술개발,R&D,,,KEIT 산업기술 R&D 과제현황(공공데이터포털),https://www.data.go.kr/data/15018033/fileData.do,20260721
x2794,주식회사 베이리스,,2025,국비,산업통상자원부,[IRIS 사업] 스마트카,R&D,,,KEIT 산업기술 R&D 과제현황(공공데이터포털),https://www.data.go.kr/data/15018033/fileData.do,20260721
,주식회사 바론,,2025,국비,중소벤처기업부,지역기업 역량강화,R&D,,,중소벤처기업부 중소기업기술개발과제정보(공공데이터포털),https://www.data.go.kr/data/3044610/fileData.do,20260831
,주식회사 바론,,2025,국비,중소벤처기업부,신진연구인력채용지원(참여기업접수용),R&D,,,중소벤처기업부 중소기업기술개발과제정보(공공데이터포털),https://www.data.go.kr/data/3044610/fileData.do,20260831
c6566,주식회사 디엑스플랫폼,,2025,국비,산업통상자원부,[IRIS 사업] 제조기반생산시스템,R&D,,,KEIT 산업기술 R&D 과제현황(공공데이터포털),https://www.data.go.kr/data/15018033/fileData.do,20260721
c1231,주식회사 도원,,2025,국비,산업통상자원부,[IRIS 사업] 패키지형,R&D,,,KEIT 산업기술 R&D 과제현황(공공데이터포털),https://www.data.go.kr/data/15018033/fileData.do,20260721
c7452,주식회사 덕산,,2025,국비,행정안전부,[IRIS 사업] 지역수요맞춤형문제해결기술개발,R&D,,,KEIT 산업기술 R&D 과제현황(공공데이터포털),https://www.data.go.kr/data/15018033/fileData.do,20260721
c6552,주식회사 대영합섬,,2025,국비,산업통상자원부,[IRIS 사업] 이종기술융합형,R&D,,,KEIT 산업기술 R&D 과제현황(공공데이터포털),https://www.data.go.kr/data/15018033/fileData.do,20260721
c2580,주식회사 가드케이,,2025,국비,소방청,[IRIS 사업] 전기기반모빌리티관련시설및부품화재대응기술개발(R&D),R&D,,,KEIT 산업기술 R&D 과제현황(공공데이터포털),https://www.data.go.kr/data/15018033/fileData.do,20260721
c4591,제이디텍(주),,2025,국비,산업통상자원부,[IRIS 사업] 제조기반생산시스템,R&D,,,KEIT 산업기술 R&D 과제현황(공공데이터포털),https://www.data.go.kr/data/15018033/fileData.do,20260721
x3516,인터텍,,2025,국비,산업통상자원부,[IRIS 사업] 제조장비실증,R&D,,,KEIT 산업기술 R&D 과제현황(공공데이터포털),https://www.data.go.kr/data/15018033/fileData.do,20260721
c8802,이티에스,,2025,국비,산업통상자원부,[IRIS 사업] 이종기술융합형,R&D,,,KEIT 산업기술 R&D 과제현황(공공데이터포털),https://www.data.go.kr/data/15018033/fileData.do,20260721
,이지테크,,2025,국비,산업통상자원부,[IRIS 사업] 패키지형,R&D,,,KEIT 산업기술 R&D 과제현황(공공데이터포털),https://www.data.go.kr/data/15018033/fileData.do,20260721
c0652,이엘피,,2025,국비,산업통상자원부,[IRIS 사업] 무기발광디스플레이기술개발및생태계구축,R&D,,,KEIT 산업기술 R&D 과제현황(공공데이터포털),https://www.data.go.kr/data/15018033/fileData.do,20260721
c0652,이엘피,,2025,국비,산업통상자원부,[IRIS 사업] XR디바이스를위한AMOLED마이크로디스플레이핵심기술개발,R&D,,,KEIT 산업기술 R&D 과제현황(공공데이터포털),https://www.data.go.kr/data/15018033/fileData.do,20260721
c3946,이레산업(주),,2025,국비,산업통상자원부,[IRIS 사업] 서비스핵심기술개발,R&D,,,KEIT 산업기술 R&D 과제현황(공공데이터포털),https://www.data.go.kr/data/15018033/fileData.do,20260721
c5251,유엔디,,2025,국비,산업통상자원부,[IRIS 사업] 로봇산업핵심기술개발,R&D,,,KEIT 산업기술 R&D 과제현황(공공데이터포털),https://www.data.go.kr/data/15018033/fileData.do,20260721
c6912,원창머티리얼(주),,2025,국비,산업통상자원부,[IRIS 사업] 폴리에스터혼방섬유의F2F(FiberToFiber)리사이클핵심기술개발,R&D,,,KEIT 산업기술 R&D 과제현황(공공데이터포털),https://www.data.go.kr/data/15018033/fileData.do,20260721
,우진엔지니어링,,2025,국비,산업통상자원부,[IRIS 사업] 로봇산업핵심기술개발,R&D,,,KEIT 산업기술 R&D 과제현황(공공데이터포털),https://www.data.go.kr/data/15018033/fileData.do,20260721
c8426,오션코리아,,2025,국비,중소벤처기업부,지역기업 역량강화,R&D,,,중소벤처기업부 중소기업기술개발과제정보(공공데이터포털),https://www.data.go.kr/data/3044610/fileData.do,20260831
,엘앤에프,,2025,국비,산업통상자원부,[IRIS 사업] 패키지형,R&D,,,KEIT 산업기술 R&D 과제현황(공공데이터포털),https://www.data.go.kr/data/15018033/fileData.do,20260721
,엘앤에프,,2025,국비,산업통상자원부,[IRIS 사업] 이종기술융합형,R&D,,,KEIT 산업기술 R&D 과제현황(공공데이터포털),https://www.data.go.kr/data/15018033/fileData.do,20260721
x4240,에이치에스소프트(주),,2025,국비,산업통상자원부,[IRIS 사업] 제조안전고도화기술개발,R&D,,,KEIT 산업기술 R&D 과제현황(공공데이터포털),https://www.data.go.kr/data/15018033/fileData.do,20260721
c8084,에이치씨엔씨,,2025,국비,산업통상자원부,[IRIS 사업] 패키지형,R&D,,,KEIT 산업기술 R&D 과제현황(공공데이터포털),https://www.data.go.kr/data/15018033/fileData.do,20260721
c8084,에이치씨엔씨,,2025,국비,산업통상자원부,[IRIS 사업] 로봇산업핵심기술개발,R&D,,,KEIT 산업기술 R&D 과제현황(공공데이터포털),https://www.data.go.kr/data/15018033/fileData.do,20260721
c9859,에이치디현대로보틱스(주),,2025,국비,산업통상자원부,[IRIS 사업] 제조기반생산시스템,R&D,,,KEIT 산업기술 R&D 과제현황(공공데이터포털),https://www.data.go.kr/data/15018033/fileData.do,20260721
,에이엠씨주식회사,,2025,국비,중소벤처기업부,지역기업 역량강화,R&D,,,중소벤처기업부 중소기업기술개발과제정보(공공데이터포털),https://www.data.go.kr/data/3044610/fileData.do,20260831
x4049,에이아이로보틱스,,2025,국비,산업통상자원부,[IRIS 사업] 패키지형,R&D,,,KEIT 산업기술 R&D 과제현황(공공데이터포털),https://www.data.go.kr/data/15018033/fileData.do,20260721
,에스피티,,2025,국비,중소벤처기업부,신진연구인력채용지원(참여기업접수용),R&D,,,중소벤처기업부 중소기업기술개발과제정보(공공데이터포털),https://www.data.go.kr/data/3044610/fileData.do,20260831
c2903,에스팩주식회사,,2025,국비,행정안전부,[IRIS 사업] 재난안전 융합기술 고도화 지원,R&D,,,KEIT 산업기술 R&D 과제현황(공공데이터포털),https://www.data.go.kr/data/15018033/fileData.do,20260721
c2903,에스팩주식회사,,2025,국비,산업통상자원부,[IRIS 사업] 그린카,R&D,,,KEIT 산업기술 R&D 과제현황(공공데이터포털),https://www.data.go.kr/data/15018033/fileData.do,20260721
,에스티엠 주식회사,,2025,국비,산업통상자원부,[IRIS 사업] 패키지형,R&D,,,KEIT 산업기술 R&D 과제현황(공공데이터포털),https://www.data.go.kr/data/15018033/fileData.do,20260721
c8748,에스제이에프(주),,2025,국비,중소벤처기업부,고경력연구인력채용지원(참여기업접수용),R&D,,,중소벤처기업부 중소기업기술개발과제정보(공공데이터포털),https://www.data.go.kr/data/3044610/fileData.do,20260831
c5464,에스제이앤텍,,2025,국비,중소벤처기업부,지역기업 역량강화,R&D,,,중소벤처기업부 중소기업기술개발과제정보(공공데이터포털),https://www.data.go.kr/data/3044610/fileData.do,20260831
,에스엘주식회사,,2025,국비,산업통상자원부,[IRIS 사업] 상용화소자 및 전력변환장치(모듈),R&D,,,KEIT 산업기술 R&D 과제현황(공공데이터포털),https://www.data.go.kr/data/15018033/fileData.do,20260721
c1875,에스에프씨(주),,2025,국비,산업통상자원부,[IRIS 사업] 고성능차세대디스플레이로의전환을위한미래핵심기술개발,R&D,,,KEIT 산업기술 R&D 과제현황(공공데이터포털),https://www.data.go.kr/data/15018033/fileData.do,20260721
c9072,에스에이에스,,2025,국비,산업통상자원부,[IRIS 사업] XR디바이스를위한AMOLED마이크로디스플레이핵심기술개발,R&D,,,KEIT 산업기술 R&D 과제현황(공공데이터포털),https://www.data.go.kr/data/15018033/fileData.do,20260721
,에스앤에스텍,,2025,국비,산업통상자원부,[IRIS 사업] 패키지형,R&D,,,KEIT 산업기술 R&D 과제현황(공공데이터포털),https://www.data.go.kr/data/15018033/fileData.do,20260721
,에스앤에스텍,,2025,국비,산업통상자원부,[IRIS 사업] 주력산업IT융합,R&D,,,KEIT 산업기술 R&D 과제현황(공공데이터포털),https://www.data.go.kr/data/15018033/fileData.do,20260721
,아진산업(주),,2025,국비,산업통상자원부,[IRIS 사업] 패키지형,R&D,,,KEIT 산업기술 R&D 과제현황(공공데이터포털),https://www.data.go.kr/data/15018033/fileData.do,20260721
,아진산업(주),,2025,국비,산업통상자원부,[IRIS 사업] 로봇산업핵심기술개발,R&D,,,KEIT 산업기술 R&D 과제현황(공공데이터포털),https://www.data.go.kr/data/15018033/fileData.do,20260721
c2288,씨제이대한통운(주),,2025,국비,산업통상자원부,[IRIS 사업] 스마트카,R&D,,,KEIT 산업기술 R&D 과제현황(공공데이터포털),https://www.data.go.kr/data/15018033/fileData.do,20260721
c2288,씨제이대한통운(주),,2025,국비,산업통상자원부,[IRIS 사업] 로봇산업핵심기술개발,R&D,,,KEIT 산업기술 R&D 과제현황(공공데이터포털),https://www.data.go.kr/data/15018033/fileData.do,20260721
c10700,신한테크(주),,2025,국비,산업통상자원부,[IRIS 사업] 패키지형,R&D,,,KEIT 산업기술 R&D 과제현황(공공데이터포털),https://www.data.go.kr/data/15018033/fileData.do,20260721
c10700,신한테크(주),,2025,국비,산업통상자원부,[IRIS 사업] 제조기반생산시스템,R&D,,,KEIT 산업기술 R&D 과제현황(공공데이터포털),https://www.data.go.kr/data/15018033/fileData.do,20260721
c4880,신한산업(주),,2025,국비,산업통상자원부,[IRIS 사업] 이종기술융합형,R&D,,,KEIT 산업기술 R&D 과제현황(공공데이터포털),https://www.data.go.kr/data/15018033/fileData.do,20260721
c8372,스마트솔루션,,2025,국비,중소벤처기업부,지역기업 역량강화,R&D,,,중소벤처기업부 중소기업기술개발과제정보(공공데이터포털),https://www.data.go.kr/data/3044610/fileData.do,20260831
x2897,성창주식회사,,2025,국비,중소벤처기업부,지역기업 역량강화,R&D,,,중소벤처기업부 중소기업기술개발과제정보(공공데이터포털),https://www.data.go.kr/data/3044610/fileData.do,20260831
c1352,삼진정공(주),,2025,국비,산업통상자원부,[IRIS 사업] 신산업대응차세대공통·핵심뿌리기술개발,R&D,,,KEIT 산업기술 R&D 과제현황(공공데이터포털),https://www.data.go.kr/data/15018033/fileData.do,20260721
c1351,삼일방(주),,2025,국비,산업통상자원부,[IRIS 사업] 폴리에스터혼방섬유의F2F(FiberToFiber)리사이클핵심기술개발,R&D,,,KEIT 산업기술 R&D 과제현황(공공데이터포털),https://www.data.go.kr/data/15018033/fileData.do,20260721
,삼보모터스(주),,2025,국비,산업통상자원부,[IRIS 사업] 그린카,R&D,,,KEIT 산업기술 R&D 과제현황(공공데이터포털),https://www.data.go.kr/data/15018033/fileData.do,20260721
,삼기,,2025,국비,산업통상자원부,[IRIS 사업] 그린카,R&D,,,KEIT 산업기술 R&D 과제현황(공공데이터포털),https://www.data.go.kr/data/15018033/fileData.do,20260721
c6821,사단법인 KOTITI시험연구원,,2025,국비,산업통상자원부,[IRIS 사업] 항바이러스국제인증체계수립을위한기반구축,R&D,,,KEIT 산업기술 R&D 과제현황(공공데이터포털),https://www.data.go.kr/data/15018033/fileData.do,20260721
c6821,사단법인 KOTITI시험연구원,,2025,국비,산업통상자원부,[IRIS 사업] 폴리에스터혼방섬유의F2F(FiberToFiber)리사이클핵심기술개발,R&D,,,KEIT 산업기술 R&D 과제현황(공공데이터포털),https://www.data.go.kr/data/15018033/fileData.do,20260721
c6821,사단법인 KOTITI시험연구원,,2025,국비,산업통상자원부,[IRIS 사업] 제품안전기준및평가기법개발,R&D,,,KEIT 산업기술 R&D 과제현황(공공데이터포털),https://www.data.go.kr/data/15018033/fileData.do,20260721
c6821,사단법인 KOTITI시험연구원,,2025,국비,산업통상자원부,[IRIS 사업] 글로벌진출형탄소순환바이오산업소재제품개발및실증,R&D,,,KEIT 산업기술 R&D 과제현황(공공데이터포털),https://www.data.go.kr/data/15018033/fileData.do,20260721
c6821,사단법인 KOTITI시험연구원,,2025,국비,산업통상자원부,[IRIS 사업] 글로벌재활용규제대응플라스틱밸류업을위한혁신기술개발,R&D,,,KEIT 산업기술 R&D 과제현황(공공데이터포털),https://www.data.go.kr/data/15018033/fileData.do,20260721
c6821,사단법인 KOTITI시험연구원,,2025,국비,산업통상자원부,[IRIS 사업] 국가표준기술력향상,R&D,,,KEIT 산업기술 R&D 과제현황(공공데이터포털),https://www.data.go.kr/data/15018033/fileData.do,20260721
c10524,블루그린링크(주),,2025,국비,산업통상자원부,[IRIS 사업] 패키지형,R&D,,,KEIT 산업기술 R&D 과제현황(공공데이터포털),https://www.data.go.kr/data/15018033/fileData.do,20260721
x3864,모빈 주식회사,,2025,국비,산업통상자원부,[IRIS 사업] 로봇산업핵심기술개발,R&D,,,KEIT 산업기술 R&D 과제현황(공공데이터포털),https://www.data.go.kr/data/15018033/fileData.do,20260721
c2137,마르스,,2025,국비,산업통상자원부,[IRIS 사업] 그린카,R&D,,,KEIT 산업기술 R&D 과제현황(공공데이터포털),https://www.data.go.kr/data/15018033/fileData.do,20260721
x4813,디와이피(주),,2025,국비,산업통상자원부,[IRIS 사업] 패키지형,R&D,,,KEIT 산업기술 R&D 과제현황(공공데이터포털),https://www.data.go.kr/data/15018033/fileData.do,20260721
x4813,디와이피(주),,2025,국비,산업통상자원부,[IRIS 사업] 신산업대응차세대공통·핵심뿌리기술개발,R&D,,,KEIT 산업기술 R&D 과제현황(공공데이터포털),https://www.data.go.kr/data/15018033/fileData.do,20260721
,디에이치지,,2025,국비,산업통상자원부,[IRIS 사업] 로봇산업핵심기술개발,R&D,,,KEIT 산업기술 R&D 과제현황(공공데이터포털),https://www.data.go.kr/data/15018033/fileData.do,20260721
c9113,디에이치(주),,2025,국비,산업통상자원부,[IRIS 사업] 로봇산업핵심기술개발,R&D,,,KEIT 산업기술 R&D 과제현황(공공데이터포털),https://www.data.go.kr/data/15018033/fileData.do,20260721
c10519,대한환경,,2025,국비,중소벤처기업부,신진연구인력채용지원(참여기업접수용),R&D,,,중소벤처기업부 중소기업기술개발과제정보(공공데이터포털),https://www.data.go.kr/data/3044610/fileData.do,20260831
c6763,대신네트웍스(주),,2025,국비,중소벤처기업부,지역기업 역량강화,R&D,,,중소벤처기업부 중소기업기술개발과제정보(공공데이터포털),https://www.data.go.kr/data/3044610/fileData.do,20260831
,대성하이텍,,2025,국비,산업통상자원부,[IRIS 사업] 로봇산업핵심기술개발,R&D,,,KEIT 산업기술 R&D 과제현황(공공데이터포털),https://www.data.go.kr/data/15018033/fileData.do,20260721
,대구테크노파크,,2025,국비,산업통상자원부,[IRIS 사업] 주력산업IT융합,R&D,,,KEIT 산업기술 R&D 과제현황(공공데이터포털),https://www.data.go.kr/data/15018033/fileData.do,20260721
,대구테크노파크,,2025,국비,산업통상자원부,[IRIS 사업] 의료데이터합성기술및의료인공지능기술기반디지털의료제품개발,R&D,,,KEIT 산업기술 R&D 과제현황(공공데이터포털),https://www.data.go.kr/data/15018033/fileData.do,20260721
,대구테크노파크,,2025,국비,산업통상자원부,[IRIS 사업] 디자인혁신역량강화,R&D,,,KEIT 산업기술 R&D 과제현황(공공데이터포털),https://www.data.go.kr/data/15018033/fileData.do,20260721
,대구기계부품연구원,,2025,국비,산업통상자원부,[IRIS 사업] 이종기술융합형,R&D,,,KEIT 산업기술 R&D 과제현황(공공데이터포털),https://www.data.go.kr/data/15018033/fileData.do,20260721
,대구기계부품연구원,,2025,국비,산업통상자원부,[IRIS 사업] 신산업대응차세대공통·핵심뿌리기술개발,R&D,,,KEIT 산업기술 R&D 과제현황(공공데이터포털),https://www.data.go.kr/data/15018033/fileData.do,20260721
c5300,니어네트웍스,,2025,국비,중소벤처기업부,신진연구인력채용지원(참여기업접수용),R&D,,,중소벤처기업부 중소기업기술개발과제정보(공공데이터포털),https://www.data.go.kr/data/3044610/fileData.do,20260831
c5300,니어네트웍스,,2025,국비,행정안전부,[IRIS 사업] 국민수요 맞춤형 생활안전 연구개발사업(2단계),R&D,,,KEIT 산업기술 R&D 과제현황(공공데이터포털),https://www.data.go.kr/data/15018033/fileData.do,20260721
c0933,농심,,2025,국비,산업통상자원부,[IRIS 사업] 제조기반생산시스템,R&D,,,KEIT 산업기술 R&D 과제현황(공공데이터포털),https://www.data.go.kr/data/15018033/fileData.do,20260721
c4682,금강정밀,,2025,국비,산업통상자원부,[IRIS 사업] 조선해양산업핵심기술개발,R&D,,,KEIT 산업기술 R&D 과제현황(공공데이터포털),https://www.data.go.kr/data/15018033/fileData.do,20260721
x3586,글래스돔코리아,,2025,국비,산업통상자원부,[IRIS 사업] 글로벌진출형탄소순환바이오산업소재제품개발및실증,R&D,,,KEIT 산업기술 R&D 과제현황(공공데이터포털),https://www.data.go.kr/data/15018033/fileData.do,20260721
,그린테크(주),,2025,국비,산업통상자원부,[IRIS 사업] 제조장비실증,R&D,,,KEIT 산업기술 R&D 과제현황(공공데이터포털),https://www.data.go.kr/data/15018033/fileData.do,20260721
,고려전선(주),,2025,국비,중소벤처기업부,신진연구인력채용지원(참여기업접수용),R&D,,,중소벤처기업부 중소기업기술개발과제정보(공공데이터포털),https://www.data.go.kr/data/3044610/fileData.do,20260831
x2290,계명대학교산학협력단,,2025,국비,산업통상자원부,[IRIS 사업] 이종기술융합형,R&D,,,KEIT 산업기술 R&D 과제현황(공공데이터포털),https://www.data.go.kr/data/15018033/fileData.do,20260721
x2290,계명대학교산학협력단,,2025,국비,산업통상자원부,[IRIS 사업] 로봇산업핵심기술개발,R&D,,,KEIT 산업기술 R&D 과제현황(공공데이터포털),https://www.data.go.kr/data/15018033/fileData.do,20260721
x2290,계명대학교산학협력단,,2025,국비,산업통상자원부,[IRIS 사업] 국가표준기술력향상,R&D,,,KEIT 산업기술 R&D 과제현황(공공데이터포털),https://www.data.go.kr/data/15018033/fileData.do,20260721
c1136,경일대학교산학협력단,,2025,국비,소방청,[IRIS 사업] 소방현장인명피해예방및저감기술개발,R&D,,,KEIT 산업기술 R&D 과제현황(공공데이터포털),https://www.data.go.kr/data/15018033/fileData.do,20260721
c1136,경일대학교산학협력단,,2025,국비,행정안전부,[IRIS 사업] 국민수요 맞춤형 생활안전 연구개발사업(2단계),R&D,,,KEIT 산업기술 R&D 과제현황(공공데이터포털),https://www.data.go.kr/data/15018033/fileData.do,20260721
,경북대학교산학협력단,,2025,국비,산업통상자원부,[IRIS 사업] 첨단바이오신소재,R&D,,,KEIT 산업기술 R&D 과제현황(공공데이터포털),https://www.data.go.kr/data/15018033/fileData.do,20260721
,경북대학교산학협력단,,2025,국비,산업통상자원부,[IRIS 사업] 주력산업IT융합,R&D,,,KEIT 산업기술 R&D 과제현황(공공데이터포털),https://www.data.go.kr/data/15018033/fileData.do,20260721
,경북대학교산학협력단,,2025,국비,산업통상자원부,[IRIS 사업] 조선해양산업핵심기술개발,R&D,,,KEIT 산업기술 R&D 과제현황(공공데이터포털),https://www.data.go.kr/data/15018033/fileData.do,20260721
,경북대학교산학협력단,,2025,국비,산업통상자원부,[IRIS 사업] 석유화학무탄소연료기반NCC공정기술개발,R&D,,,KEIT 산업기술 R&D 과제현황(공공데이터포털),https://www.data.go.kr/data/15018033/fileData.do,20260721
,경북대학교산학협력단,,2025,국비,산업통상자원부,[IRIS 사업] 산업기술알키미스트프로젝트사업,R&D,,,KEIT 산업기술 R&D 과제현황(공공데이터포털),https://www.data.go.kr/data/15018033/fileData.do,20260721
,경북대학교산학협력단,,2025,국비,산업통상자원부,[IRIS 사업] 민관공동투자반도체고급인력양성(R&D),R&D,,,KEIT 산업기술 R&D 과제현황(공공데이터포털),https://www.data.go.kr/data/15018033/fileData.do,20260721
,경북대학교산학협력단,,2025,국비,산업통상자원부,[IRIS 사업] 글로벌재활용규제대응플라스틱밸류업을위한혁신기술개발,R&D,,,KEIT 산업기술 R&D 과제현황(공공데이터포털),https://www.data.go.kr/data/15018033/fileData.do,20260721
,경북대학교산학협력단,,2025,국비,산업통상자원부,[IRIS 사업] 국가표준기술력향상,R&D,,,KEIT 산업기술 R&D 과제현황(공공데이터포털),https://www.data.go.kr/data/15018033/fileData.do,20260721
c5588,거림테크(주),,2025,국비,산업통상자원부,[IRIS 사업] 차세대모빌리티용극한환경적용OLED기술개발,R&D,,,KEIT 산업기술 R&D 과제현황(공공데이터포털),https://www.data.go.kr/data/15018033/fileData.do,20260721
c10958,가나이엔지(주),,2025,국비,중소벤처기업부,지역기업 역량강화,R&D,,,중소벤처기업부 중소기업기술개발과제정보(공공데이터포털),https://www.data.go.kr/data/3044610/fileData.do,20260831
,A.F.W(주),,2025,국비,중소벤처기업부,신진연구인력채용지원(참여기업접수용),R&D,,,중소벤처기업부 중소기업기술개발과제정보(공공데이터포털),https://www.data.go.kr/data/3044610/fileData.do,20260831
,(주)휴컨,,2025,국비,중소벤처기업부,고경력연구인력채용지원(참여기업접수용),R&D,,,중소벤처기업부 중소기업기술개발과제정보(공공데이터포털),https://www.data.go.kr/data/3044610/fileData.do,20260831
c1108,(주)해솔정보기술,,2025,국비,산업통상자원부,[IRIS 사업] 제조안전고도화기술개발,R&D,,,KEIT 산업기술 R&D 과제현황(공공데이터포털),https://www.data.go.kr/data/15018033/fileData.do,20260721
c1950,(주)한샘,,2025,국비,산업통상자원부,[IRIS 사업] 디자인혁신역량강화,R&D,,,KEIT 산업기술 R&D 과제현황(공공데이터포털),https://www.data.go.kr/data/15018033/fileData.do,20260721
x3667,(주)티케이씨,,2025,국비,산업통상자원부,[IRIS 사업] 기술선도형첨단패키징기술개발,R&D,,,KEIT 산업기술 R&D 과제현황(공공데이터포털),https://www.data.go.kr/data/15018033/fileData.do,20260721
c2682,(주)토코스,,2025,국비,중소벤처기업부,고경력연구인력채용지원(참여기업접수용),R&D,,,중소벤처기업부 중소기업기술개발과제정보(공공데이터포털),https://www.data.go.kr/data/3044610/fileData.do,20260831
c2681,(주)코트라스,,2025,국비,행정안전부,[IRIS 사업] 재난안전 융합기술 고도화 지원,R&D,,,KEIT 산업기술 R&D 과제현황(공공데이터포털),https://www.data.go.kr/data/15018033/fileData.do,20260721
c2681,(주)코트라스,,2025,국비,산업통상자원부,[IRIS 사업] 디자인혁신역량강화,R&D,,,KEIT 산업기술 R&D 과제현황(공공데이터포털),https://www.data.go.kr/data/15018033/fileData.do,20260721
c8148,(주)케이제이,,2025,국비,중소벤처기업부,지역기업 역량강화,R&D,,,중소벤처기업부 중소기업기술개발과제정보(공공데이터포털),https://www.data.go.kr/data/3044610/fileData.do,20260831
c6436,(주)청우테크,,2025,국비,산업통상자원부,[IRIS 사업] 첨단바이오신소재,R&D,,,KEIT 산업기술 R&D 과제현황(공공데이터포털),https://www.data.go.kr/data/15018033/fileData.do,20260721
c8968,(주)진성정밀,,2025,국비,중소벤처기업부,주력산업 생태계 구축,R&D,,,중소벤처기업부 중소기업기술개발과제정보(공공데이터포털),https://www.data.go.kr/data/3044610/fileData.do,20260831
c5564,(주)제이씨티,,2025,국비,산업통상자원부,[IRIS 사업] 조선해양산업핵심기술개발,R&D,,,KEIT 산업기술 R&D 과제현황(공공데이터포털),https://www.data.go.kr/data/15018033/fileData.do,20260721
c0450,(주)제이디자인웍스,,2025,국비,산업통상자원부,[IRIS 사업] 디자인혁신역량강화,R&D,,,KEIT 산업기술 R&D 과제현황(공공데이터포털),https://www.data.go.kr/data/15018033/fileData.do,20260721
c3988,(주)제이디,,2025,국비,행정안전부,[IRIS 사업] 재난안전 융합기술 고도화 지원,R&D,,,KEIT 산업기술 R&D 과제현황(공공데이터포털),https://www.data.go.kr/data/15018033/fileData.do,20260721
,(주)유성엔지니어링,,2025,국비,산업통상자원부,[IRIS 사업] 글로벌진출형탄소순환바이오산업소재제품개발및실증,R&D,,,KEIT 산업기술 R&D 과제현황(공공데이터포털),https://www.data.go.kr/data/15018033/fileData.do,20260721
c7765,(주)유림테크,,2025,국비,중소벤처기업부,주력산업 생태계 구축,R&D,,,중소벤처기업부 중소기업기술개발과제정보(공공데이터포털),https://www.data.go.kr/data/3044610/fileData.do,20260831
,(주)윈테크,,2025,국비,중소벤처기업부,주력산업 생태계 구축,R&D,,,중소벤처기업부 중소기업기술개발과제정보(공공데이터포털),https://www.data.go.kr/data/3044610/fileData.do,20260831
c7152,(주)월드텍,,2025,국비,행정안전부,[IRIS 사업] 부처협력사업지원,R&D,,,KEIT 산업기술 R&D 과제현황(공공데이터포털),https://www.data.go.kr/data/15018033/fileData.do,20260721
x2984,(주)와이테크,,2025,국비,중소벤처기업부,고경력연구인력채용지원(참여기업접수용),R&D,,,중소벤처기업부 중소기업기술개발과제정보(공공데이터포털),https://www.data.go.kr/data/3044610/fileData.do,20260831
,(주)영풍열처리,,2025,국비,산업통상자원부,[IRIS 사업] 신산업대응차세대공통·핵심뿌리기술개발,R&D,,,KEIT 산업기술 R&D 과제현황(공공데이터포털),https://www.data.go.kr/data/15018033/fileData.do,20260721
c5357,(주)에이프로,,2025,국비,중소벤처기업부,신진연구인력채용지원(참여기업접수용),R&D,,,중소벤처기업부 중소기업기술개발과제정보(공공데이터포털),https://www.data.go.kr/data/3044610/fileData.do,20260831
,(주)에이텍,,2025,국비,중소벤처기업부,신진연구인력채용지원(참여기업접수용),R&D,,,중소벤처기업부 중소기업기술개발과제정보(공공데이터포털),https://www.data.go.kr/data/3044610/fileData.do,20260831
,(주)에스엠테크,,2025,국비,산업통상자원부,[IRIS 사업] 글로벌재활용규제대응플라스틱밸류업을위한혁신기술개발,R&D,,,KEIT 산업기술 R&D 과제현황(공공데이터포털),https://www.data.go.kr/data/15018033/fileData.do,20260721
x3204,(주)아스트로젠,,2025,국비,중소벤처기업부,고경력연구인력채용지원(참여기업접수용),R&D,,,중소벤처기업부 중소기업기술개발과제정보(공공데이터포털),https://www.data.go.kr/data/3044610/fileData.do,20260831
c10477,(주)씨오알엔,,2025,국비,중소벤처기업부,지역기업 역량강화,R&D,,,중소벤처기업부 중소기업기술개발과제정보(공공데이터포털),https://www.data.go.kr/data/3044610/fileData.do,20260831
,(주)신화에스티,,2025,국비,중소벤처기업부,신진연구인력채용지원(참여기업접수용),R&D,,,중소벤처기업부 중소기업기술개발과제정보(공공데이터포털),https://www.data.go.kr/data/3044610/fileData.do,20260831
c9599,(주)솔지,,2025,국비,중소벤처기업부,신진연구인력채용지원(참여기업접수용),R&D,,,중소벤처기업부 중소기업기술개발과제정보(공공데이터포털),https://www.data.go.kr/data/3044610/fileData.do,20260831
x4421,(주)세진,,2025,국비,산업통상자원부,[IRIS 사업] 제조기반생산시스템,R&D,,,KEIT 산업기술 R&D 과제현황(공공데이터포털),https://www.data.go.kr/data/15018033/fileData.do,20260721
x2897,(주)성창,,2025,국비,중소벤처기업부,신진연구인력채용지원(참여기업접수용),R&D,,,중소벤처기업부 중소기업기술개발과제정보(공공데이터포털),https://www.data.go.kr/data/3044610/fileData.do,20260831
x3717,(주)빔웍스,,2025,국비,산업통상자원부,[IRIS 사업] 의료데이터합성기술및의료인공지능기술기반디지털의료제품개발,R&D,,,KEIT 산업기술 R&D 과제현황(공공데이터포털),https://www.data.go.kr/data/15018033/fileData.do,20260721
x4536,(주)비에스텍,,2025,국비,산업통상자원부,[IRIS 사업] 디자인혁신역량강화,R&D,,,KEIT 산업기술 R&D 과제현황(공공데이터포털),https://www.data.go.kr/data/15018033/fileData.do,20260721
c8956,(주)보다,,2025,국비,산업통상자원부,[IRIS 사업] 제조기반생산시스템,R&D,,,KEIT 산업기술 R&D 과제현황(공공데이터포털),https://www.data.go.kr/data/15018033/fileData.do,20260721
c0976,(주)보광아이엔티,,2025,국비,산업통상자원부,[IRIS 사업] 폴리에스터혼방섬유의F2F(FiberToFiber)리사이클핵심기술개발,R&D,,,KEIT 산업기술 R&D 과제현황(공공데이터포털),https://www.data.go.kr/data/15018033/fileData.do,20260721
x3523,(주)메텍,,2025,국비,산업통상자원부,[IRIS 사업] 스마트카,R&D,,,KEIT 산업기술 R&D 과제현황(공공데이터포털),https://www.data.go.kr/data/15018033/fileData.do,20260721
x3523,(주)메텍,,2025,국비,산업통상자원부,[IRIS 사업] 그린카,R&D,,,KEIT 산업기술 R&D 과제현황(공공데이터포털),https://www.data.go.kr/data/15018033/fileData.do,20260721
c6569,(주)라임,,2025,국비,산업통상자원부,[IRIS 사업] 글로벌기업산업기술연계R&D,R&D,,,KEIT 산업기술 R&D 과제현황(공공데이터포털),https://www.data.go.kr/data/15018033/fileData.do,20260721
,(주)디엠티,,2025,국비,행정안전부,[IRIS 사업] 재난안전 융합기술 고도화 지원,R&D,,,KEIT 산업기술 R&D 과제현황(공공데이터포털),https://www.data.go.kr/data/15018033/fileData.do,20260721
c10414,(주)두구코리아,,2025,국비,산업통상자원부,[IRIS 사업] 이종기술융합형,R&D,,,KEIT 산업기술 R&D 과제현황(공공데이터포털),https://www.data.go.kr/data/15018033/fileData.do,20260721
c3478,(주)동산테크,,2025,국비,산업통상자원부,[IRIS 사업] 신산업대응차세대공통·핵심뿌리기술개발,R&D,,,KEIT 산업기술 R&D 과제현황(공공데이터포털),https://www.data.go.kr/data/15018033/fileData.do,20260721
c7215,(주)대정,,2025,국비,중소벤처기업부,지역기업 역량강화,R&D,,,중소벤처기업부 중소기업기술개발과제정보(공공데이터포털),https://www.data.go.kr/data/3044610/fileData.do,20260831
,(주)대동정공,,2025,국비,산업통상자원부,[IRIS 사업] 폴리에스터혼방섬유의F2F(FiberToFiber)리사이클핵심기술개발,R&D,,,KEIT 산업기술 R&D 과제현황(공공데이터포털),https://www.data.go.kr/data/15018033/fileData.do,20260721
,(주)네오텍,,2025,국비,중소벤처기업부,지역기업 역량강화,R&D,,,중소벤처기업부 중소기업기술개발과제정보(공공데이터포털),https://www.data.go.kr/data/3044610/fileData.do,20260831
,(주)광진금속,,2025,국비,중소벤처기업부,신진연구인력채용지원(참여기업접수용),R&D,,,중소벤처기업부 중소기업기술개발과제정보(공공데이터포털),https://www.data.go.kr/data/3044610/fileData.do,20260831
c5263,(주)YH데이타베이스,,2025,국비,중소벤처기업부,신진연구인력채용지원(참여기업접수용),R&D,,,중소벤처기업부 중소기업기술개발과제정보(공공데이터포털),https://www.data.go.kr/data/3044610/fileData.do,20260831
x3538,(주) 유아이티,,2025,국비,산업통상자원부,[IRIS 사업] 제조기반생산시스템,R&D,,,KEIT 산업기술 R&D 과제현황(공공데이터포털),https://www.data.go.kr/data/15018033/fileData.do,20260721
x2566,(재)지능형자동차부품진흥원,,2025,국비,산업통상자원부,[IRIS 사업] 스마트카,R&D,,,KEIT 산업기술 R&D 과제현황(공공데이터포털),https://www.data.go.kr/data/15018033/fileData.do,20260721
,(재)대구테크노파크,,2025,국비,중소벤처기업부,시군구연고산업육성,R&D,,,중소벤처기업부 중소기업기술개발과제정보(공공데이터포털),https://www.data.go.kr/data/3044610/fileData.do,20260831
,(재)대구테크노파크,,2025,국비,중소벤처기업부,산업기술단지거점기능강화,R&D,,,중소벤처기업부 중소기업기술개발과제정보(공공데이터포털),https://www.data.go.kr/data/3044610/fileData.do,20260831
,(재)대구테크노파크,,2025,국비,중소벤처기업부,(비R&D)지역주력산업육성,R&D,,,중소벤처기업부 중소기업기술개발과제정보(공공데이터포털),https://www.data.go.kr/data/3044610/fileData.do,20260831
,(재)대구기계부품연구원,,2025,국비,중소벤처기업부,(비R&D)지역주력산업육성,R&D,,,중소벤처기업부 중소기업기술개발과제정보(공공데이터포털),https://www.data.go.kr/data/3044610/fileData.do,20260831
c3193,효성전기(주),,2024,국비,산업통상자원부,[IRIS 사업] 그린카,R&D,,,KEIT 산업기술 R&D 과제현황(공공데이터포털),https://www.data.go.kr/data/15018033/fileData.do,20260721
c8692,화신,,2024,국비,산업통상자원부,[IRIS 사업] 패키지형,R&D,,,KEIT 산업기술 R&D 과제현황(공공데이터포털),https://www.data.go.kr/data/15018033/fileData.do,20260721
c7177,현대화이바,,2024,국비,산업통상자원부,[IRIS 사업] 핵심전략산업대응탄성소재재도약사업,R&D,,,KEIT 산업기술 R&D 과제현황(공공데이터포털),https://www.data.go.kr/data/15018033/fileData.do,20260721
c8550,현대제철주식회사,,2024,국비,산업통상자원부,[IRIS 사업] 패키지형,R&D,,,KEIT 산업기술 R&D 과제현황(공공데이터포털),https://www.data.go.kr/data/15018033/fileData.do,20260721
,현대엔지니어링(주),,2024,국비,산업통상자원부,[IRIS 사업] 제조기반생산시스템,R&D,,,KEIT 산업기술 R&D 과제현황(공공데이터포털),https://www.data.go.kr/data/15018033/fileData.do,20260721
c9822,현대모비스(주),,2024,국비,산업통상자원부,[IRIS 사업] 패키지형,R&D,,,KEIT 산업기술 R&D 과제현황(공공데이터포털),https://www.data.go.kr/data/15018033/fileData.do,20260721
c9822,현대모비스(주),,2024,국비,산업통상자원부,[IRIS 사업] 스마트카,R&D,,,KEIT 산업기술 R&D 과제현황(공공데이터포털),https://www.data.go.kr/data/15018033/fileData.do,20260721
c9822,현대모비스(주),,2024,국비,산업통상자원부,[IRIS 사업] 산업기술분야,R&D,,,KEIT 산업기술 R&D 과제현황(공공데이터포털),https://www.data.go.kr/data/15018033/fileData.do,20260721
c9822,현대모비스(주),,2024,국비,산업통상자원부,[IRIS 사업] 그린카,R&D,,,KEIT 산업기술 R&D 과제현황(공공데이터포털),https://www.data.go.kr/data/15018033/fileData.do,20260721
c5936,한슬,,2024,국비,산업통상자원부,[IRIS 사업] 패키지형,R&D,,,KEIT 산업기술 R&D 과제현황(공공데이터포털),https://www.data.go.kr/data/15018033/fileData.do,20260721
c9288,한세모빌리티 주식회사,,2024,국비,산업통상자원부,[IRIS 사업] 패키지형,R&D,,,KEIT 산업기술 R&D 과제현황(공공데이터포털),https://www.data.go.kr/data/15018033/fileData.do,20260721
c9733,한국피아이엠(주),,2024,국비,산업통상자원부,[IRIS 사업] 이종기술융합형,R&D,,,KEIT 산업기술 R&D 과제현황(공공데이터포털),https://www.data.go.kr/data/15018033/fileData.do,20260721
x3480,한국폴리텍대학영남융합기술캠퍼스산학협력처,,2024,국비,산업통상자원부,[IRIS 사업] 패키지형,R&D,,,KEIT 산업기술 R&D 과제현황(공공데이터포털),https://www.data.go.kr/data/15018033/fileData.do,20260721
,한국클래드텍,,2024,국비,산업통상자원부,[IRIS 사업] 패키지형,R&D,,,KEIT 산업기술 R&D 과제현황(공공데이터포털),https://www.data.go.kr/data/15018033/fileData.do,20260721
c10552,한국자동차연구원,,2024,국비,산업통상자원부,[IRIS 사업] 핵심전략산업대응탄성소재재도약사업,R&D,,,KEIT 산업기술 R&D 과제현황(공공데이터포털),https://www.data.go.kr/data/15018033/fileData.do,20260721
c10552,한국자동차연구원,,2024,국비,산업통상자원부,[IRIS 사업] 패키지형,R&D,,,KEIT 산업기술 R&D 과제현황(공공데이터포털),https://www.data.go.kr/data/15018033/fileData.do,20260721
c10552,한국자동차연구원,,2024,국비,산업통상자원부,[IRIS 사업] 첨단전략산업초격차(이차전지),R&D,,,KEIT 산업기술 R&D 과제현황(공공데이터포털),https://www.data.go.kr/data/15018033/fileData.do,20260721
c10552,한국자동차연구원,,2024,국비,산업통상자원부,[IRIS 사업] 제조장비실증,R&D,,,KEIT 산업기술 R&D 과제현황(공공데이터포털),https://www.data.go.kr/data/15018033/fileData.do,20260721
c10552,한국자동차연구원,,2024,국비,산업통상자원부,[IRIS 사업] 제조기반생산시스템,R&D,,,KEIT 산업기술 R&D 과제현황(공공데이터포털),https://www.data.go.kr/data/15018033/fileData.do,20260721
c10552,한국자동차연구원,,2024,국비,산업통상자원부,[IRIS 사업] 저가격·장수명나트륨이차전지핵심소재및셀제조기술개발,R&D,,,KEIT 산업기술 R&D 과제현황(공공데이터포털),https://www.data.go.kr/data/15018033/fileData.do,20260721
c10552,한국자동차연구원,,2024,국비,산업통상자원부,[IRIS 사업] 자동차보안취약점기반위협분석시스템개발(R&D),R&D,,,KEIT 산업기술 R&D 과제현황(공공데이터포털),https://www.data.go.kr/data/15018033/fileData.do,20260721
c10552,한국자동차연구원,,2024,국비,산업통상자원부,[IRIS 사업] 이종기술융합형,R&D,,,KEIT 산업기술 R&D 과제현황(공공데이터포털),https://www.data.go.kr/data/15018033/fileData.do,20260721
c10552,한국자동차연구원,,2024,국비,산업통상자원부,[IRIS 사업] 실증인프라구축및운영,R&D,,,KEIT 산업기술 R&D 과제현황(공공데이터포털),https://www.data.go.kr/data/15018033/fileData.do,20260721
c10552,한국자동차연구원,,2024,국비,산업통상자원부,[IRIS 사업] 실리콘고함량음극극판및셀적용기술개발,R&D,,,KEIT 산업기술 R&D 과제현황(공공데이터포털),https://www.data.go.kr/data/15018033/fileData.do,20260721
c10552,한국자동차연구원,,2024,국비,산업통상자원부,[IRIS 사업] 시장주도형K-센서기술개발,R&D,,,KEIT 산업기술 R&D 과제현황(공공데이터포털),https://www.data.go.kr/data/15018033/fileData.do,20260721
c10552,한국자동차연구원,,2024,국비,산업통상자원부,[IRIS 사업] 스마트카,R&D,,,KEIT 산업기술 R&D 과제현황(공공데이터포털),https://www.data.go.kr/data/15018033/fileData.do,20260721
c10552,한국자동차연구원,,2024,국비,산업통상자원부,[IRIS 사업] 소재,R&D,,,KEIT 산업기술 R&D 과제현황(공공데이터포털),https://www.data.go.kr/data/15018033/fileData.do,20260721
c10552,한국자동차연구원,,2024,국비,산업통상자원부,[IRIS 사업] 산업기술분야,R&D,,,KEIT 산업기술 R&D 과제현황(공공데이터포털),https://www.data.go.kr/data/15018033/fileData.do,20260721
c10552,한국자동차연구원,,2024,국비,산업통상자원부,[IRIS 사업] 로봇산업핵심기술개발,R&D,,,KEIT 산업기술 R&D 과제현황(공공데이터포털),https://www.data.go.kr/data/15018033/fileData.do,20260721
c10552,한국자동차연구원,,2024,국비,산업통상자원부,[IRIS 사업] 그린카,R&D,,,KEIT 산업기술 R&D 과제현황(공공데이터포털),https://www.data.go.kr/data/15018033/fileData.do,20260721
c10552,한국자동차연구원,,2024,국비,산업통상자원부,[IRIS 사업] 국제표준화협력,R&D,,,KEIT 산업기술 R&D 과제현황(공공데이터포털),https://www.data.go.kr/data/15018033/fileData.do,20260721
c10552,한국자동차연구원,,2024,국비,산업통상자원부,[IRIS 사업] K-Carbon플래그십기술개발사업,R&D,,,KEIT 산업기술 R&D 과제현황(공공데이터포털),https://www.data.go.kr/data/15018033/fileData.do,20260721
c8533,한국세폭,,2024,국비,산업통상자원부,[IRIS 사업] 이종기술융합형,R&D,,,KEIT 산업기술 R&D 과제현황(공공데이터포털),https://www.data.go.kr/data/15018033/fileData.do,20260721
c10430,한국 고분자,,2024,국비,산업통상자원부,[IRIS 사업] 이종기술융합형,R&D,,,KEIT 산업기술 R&D 과제현황(공공데이터포털),https://www.data.go.kr/data/15018033/fileData.do,20260721
c3185,필리퍼,,2024,국비,산업통상자원부,[IRIS 사업] 로봇산업핵심기술개발,R&D,,,KEIT 산업기술 R&D 과제현황(공공데이터포털),https://www.data.go.kr/data/15018033/fileData.do,20260721
,피에이치에이 주식회사,,2024,국비,산업통상자원부,[IRIS 사업] 이종기술융합형,R&D,,,KEIT 산업기술 R&D 과제현황(공공데이터포털),https://www.data.go.kr/data/15018033/fileData.do,20260721
,프로텍,,2024,국비,산업통상자원부,[IRIS 사업] 패키지형,R&D,,,KEIT 산업기술 R&D 과제현황(공공데이터포털),https://www.data.go.kr/data/15018033/fileData.do,20260721
x2496,퓨전소프트,,2024,국비,산업통상자원부,[IRIS 사업] 스마트카,R&D,,,KEIT 산업기술 R&D 과제현황(공공데이터포털),https://www.data.go.kr/data/15018033/fileData.do,20260721
c8517,포스 주식회사,,2024,국비,산업통상자원부,[IRIS 사업] 패키지형,R&D,,,KEIT 산업기술 R&D 과제현황(공공데이터포털),https://www.data.go.kr/data/15018033/fileData.do,20260721
c9285,평화오일씰공업(주),,2024,국비,산업통상자원부,[IRIS 사업] 핵심전략산업대응탄성소재재도약사업,R&D,,,KEIT 산업기술 R&D 과제현황(공공데이터포털),https://www.data.go.kr/data/15018033/fileData.do,20260721
c9836,평화발레오,,2024,국비,산업통상자원부,[IRIS 사업] 이종기술융합형,R&D,,,KEIT 산업기술 R&D 과제현황(공공데이터포털),https://www.data.go.kr/data/15018033/fileData.do,20260721
c9836,평화발레오,,2024,국비,산업통상자원부,[IRIS 사업] 그린카,R&D,,,KEIT 산업기술 R&D 과제현황(공공데이터포털),https://www.data.go.kr/data/15018033/fileData.do,20260721
c5916,티에이치엔,,2024,국비,산업통상자원부,[IRIS 사업] 스마트카,R&D,,,KEIT 산업기술 R&D 과제현황(공공데이터포털),https://www.data.go.kr/data/15018033/fileData.do,20260721
x2256,텍스밀,,2024,국비,산업통상자원부,[IRIS 사업] 패키지형,R&D,,,KEIT 산업기술 R&D 과제현황(공공데이터포털),https://www.data.go.kr/data/15018033/fileData.do,20260721
c6693,테스코(주),,2024,국비,산업통상자원부,[IRIS 사업] 패키지형,R&D,,,KEIT 산업기술 R&D 과제현황(공공데이터포털),https://www.data.go.kr/data/15018033/fileData.do,20260721
c4139,태성정밀,,2024,국비,산업통상자원부,[IRIS 사업] 패키지형,R&D,,,KEIT 산업기술 R&D 과제현황(공공데이터포털),https://www.data.go.kr/data/15018033/fileData.do,20260721
x3935,큐에스아이(주),,2024,국비,산업통상자원부,[IRIS 사업] 첨단전략산업초격차기술개발(디스플레이),R&D,,,KEIT 산업기술 R&D 과제현황(공공데이터포털),https://www.data.go.kr/data/15018033/fileData.do,20260721
c6955,코어텍,,2024,국비,산업통상자원부,[IRIS 사업] K-Carbon플래그십기술개발사업,R&D,,,KEIT 산업기술 R&D 과제현황(공공데이터포털),https://www.data.go.kr/data/15018033/fileData.do,20260721
c0550,코넥스트,,2024,국비,산업통상자원부,[IRIS 사업] 이종기술융합형,R&D,,,KEIT 산업기술 R&D 과제현황(공공데이터포털),https://www.data.go.kr/data/15018033/fileData.do,20260721
,케이에프씨티,,2024,국비,산업통상자원부,[IRIS 사업] 패키지형,R&D,,,KEIT 산업기술 R&D 과제현황(공공데이터포털),https://www.data.go.kr/data/15018033/fileData.do,20260721
c4610,케이디텍,,2024,국비,산업통상자원부,[IRIS 사업] 국가표준기술력향상,R&D,,,KEIT 산업기술 R&D 과제현황(공공데이터포털),https://www.data.go.kr/data/15018033/fileData.do,20260721
,지엠테크주식회사,,2024,국비,산업통상자원부,[IRIS 사업] 그린카,R&D,,,KEIT 산업기술 R&D 과제현황(공공데이터포털),https://www.data.go.kr/data/15018033/fileData.do,20260721
x4425,주식회사주현테크,,2024,국비,산업통상자원부,[IRIS 사업] OLED한계돌파형상용화제품을위한기술개발,R&D,,,KEIT 산업기술 R&D 과제현황(공공데이터포털),https://www.data.go.kr/data/15018033/fileData.do,20260721
c5868,주식회사이엘,,2024,국비,산업통상자원부,[IRIS 사업] 반도체제조공정정비,R&D,,,KEIT 산업기술 R&D 과제현황(공공데이터포털),https://www.data.go.kr/data/15018033/fileData.do,20260721
c8122,주식회사이에스티,,2024,국비,산업통상자원부,[IRIS 사업] 이종기술융합형,R&D,,,KEIT 산업기술 R&D 과제현황(공공데이터포털),https://www.data.go.kr/data/15018033/fileData.do,20260721
,주식회사이수페타시스,,2024,국비,산업통상자원부,[IRIS 사업] 로봇산업핵심기술개발,R&D,,,KEIT 산업기술 R&D 과제현황(공공데이터포털),https://www.data.go.kr/data/15018033/fileData.do,20260721
,주식회사유진테크,,2024,국비,산업통상자원부,[IRIS 사업] 패키지형,R&D,,,KEIT 산업기술 R&D 과제현황(공공데이터포털),https://www.data.go.kr/data/15018033/fileData.do,20260721
c10492,주식회사윈텍글로비스,,2024,국비,산업통상자원부,[IRIS 사업] 패키지형,R&D,,,KEIT 산업기술 R&D 과제현황(공공데이터포털),https://www.data.go.kr/data/15018033/fileData.do,20260721
x2984,주식회사와이테크,,2024,국비,산업통상자원부,[IRIS 사업] 이종기술융합형,R&D,,,KEIT 산업기술 R&D 과제현황(공공데이터포털),https://www.data.go.kr/data/15018033/fileData.do,20260721
x2628,주식회사스피어에이엑스,,2024,국비,산업통상자원부,[IRIS 사업] 지역수요맞춤형문제해결기술개발,R&D,,,KEIT 산업기술 R&D 과제현황(공공데이터포털),https://www.data.go.kr/data/15018033/fileData.do,20260721
c6575,주식회사맥테크,,2024,국비,산업통상자원부,[IRIS 사업] 패키지형,R&D,,,KEIT 산업기술 R&D 과제현황(공공데이터포털),https://www.data.go.kr/data/15018033/fileData.do,20260721
c7595,주식회사 효림엑스이,,2024,국비,산업통상자원부,[IRIS 사업] 스마트카,R&D,,,KEIT 산업기술 R&D 과제현황(공공데이터포털),https://www.data.go.kr/data/15018033/fileData.do,20260721
x4744,주식회사 팔피엠,,2024,국비,산업통상자원부,[IRIS 사업] 제조기반생산시스템,R&D,,,KEIT 산업기술 R&D 과제현황(공공데이터포털),https://www.data.go.kr/data/15018033/fileData.do,20260721
,주식회사 일만백만,,2024,국비,산업통상자원부,[IRIS 사업] 이종기술융합형,R&D,,,KEIT 산업기술 R&D 과제현황(공공데이터포털),https://www.data.go.kr/data/15018033/fileData.do,20260721
x4654,주식회사 유엔이,,2024,국비,산업통상자원부,[IRIS 사업] 부처협력사업지원,R&D,,,KEIT 산업기술 R&D 과제현황(공공데이터포털),https://www.data.go.kr/data/15018033/fileData.do,20260721
c9832,주식회사 유뱃,,2024,국비,산업통상자원부,[IRIS 사업] 패키지형,R&D,,,KEIT 산업기술 R&D 과제현황(공공데이터포털),https://www.data.go.kr/data/15018033/fileData.do,20260721
c9832,주식회사 유뱃,,2024,국비,산업통상자원부,[IRIS 사업] 첨단전략산업초격차(이차전지),R&D,,,KEIT 산업기술 R&D 과제현황(공공데이터포털),https://www.data.go.kr/data/15018033/fileData.do,20260721
c9832,주식회사 유뱃,,2024,국비,산업통상자원부,[IRIS 사업] 이종기술융합형,R&D,,,KEIT 산업기술 R&D 과제현황(공공데이터포털),https://www.data.go.kr/data/15018033/fileData.do,20260721
c8445,주식회사 유니크,,2024,국비,산업통상자원부,[IRIS 사업] 핵심전략산업대응탄성소재재도약사업,R&D,,,KEIT 산업기술 R&D 과제현황(공공데이터포털),https://www.data.go.kr/data/15018033/fileData.do,20260721
,주식회사 유니온,,2024,국비,산업통상자원부,[IRIS 사업] 패키지형,R&D,,,KEIT 산업기술 R&D 과제현황(공공데이터포털),https://www.data.go.kr/data/15018033/fileData.do,20260721
c4565,주식회사 엠케이,,2024,국비,산업통상자원부,[IRIS 사업] 이종기술융합형,R&D,,,KEIT 산업기술 R&D 과제현황(공공데이터포털),https://www.data.go.kr/data/15018033/fileData.do,20260721
,주식회사 엠제이비전테크,,2024,국비,산업통상자원부,[IRIS 사업] 제조기반생산시스템,R&D,,,KEIT 산업기술 R&D 과제현황(공공데이터포털),https://www.data.go.kr/data/15018033/fileData.do,20260721
x4607,주식회사 엠디엠,,2024,국비,산업통상자원부,[IRIS 사업] 그린카,R&D,,,KEIT 산업기술 R&D 과제현황(공공데이터포털),https://www.data.go.kr/data/15018033/fileData.do,20260721
c5833,주식회사 엘라인,,2024,국비,산업통상자원부,[IRIS 사업] 로봇산업핵심기술개발,R&D,,,KEIT 산업기술 R&D 과제현황(공공데이터포털),https://www.data.go.kr/data/15018033/fileData.do,20260721
x4317,주식회사 아이엠에스,,2024,국비,산업통상자원부,[IRIS 사업] 이종기술융합형,R&D,,,KEIT 산업기술 R&D 과제현황(공공데이터포털),https://www.data.go.kr/data/15018033/fileData.do,20260721
c5796,주식회사 송이실업,,2024,국비,산업통상자원부,[IRIS 사업] 이종기술융합형,R&D,,,KEIT 산업기술 R&D 과제현황(공공데이터포털),https://www.data.go.kr/data/15018033/fileData.do,20260721
c6162,주식회사 빅스,,2024,국비,산업통상자원부,[IRIS 사업] 핵심전략산업대응탄성소재재도약사업,R&D,,,KEIT 산업기술 R&D 과제현황(공공데이터포털),https://www.data.go.kr/data/15018033/fileData.do,20260721
c6162,주식회사 빅스,,2024,국비,산업통상자원부,[IRIS 사업] 패키지형,R&D,,,KEIT 산업기술 R&D 과제현황(공공데이터포털),https://www.data.go.kr/data/15018033/fileData.do,20260721
c6162,주식회사 빅스,,2024,국비,산업통상자원부,[IRIS 사업] 바이오매스기반비건레더개발및실증클러스터구축(R&D),R&D,,,KEIT 산업기술 R&D 과제현황(공공데이터포털),https://www.data.go.kr/data/15018033/fileData.do,20260721
,주식회사 뷰전,,2024,국비,산업통상자원부,[IRIS 사업] 이종기술융합형,R&D,,,KEIT 산업기술 R&D 과제현황(공공데이터포털),https://www.data.go.kr/data/15018033/fileData.do,20260721
x2794,주식회사 베이리스,,2024,국비,산업통상자원부,[IRIS 사업] 스마트카,R&D,,,KEIT 산업기술 R&D 과제현황(공공데이터포털),https://www.data.go.kr/data/15018033/fileData.do,20260721
c8015,주식회사 멤브레어,,2024,국비,산업통상자원부,[IRIS 사업] 이종기술융합형,R&D,,,KEIT 산업기술 R&D 과제현황(공공데이터포털),https://www.data.go.kr/data/15018033/fileData.do,20260721
x3377,주식회사 럼플리어,,2024,국비,산업통상자원부,[IRIS 사업] 패키지형,R&D,,,KEIT 산업기술 R&D 과제현황(공공데이터포털),https://www.data.go.kr/data/15018033/fileData.do,20260721
c9814,주식회사 라지,,2024,국비,산업통상자원부,[IRIS 사업] 패키지형,R&D,,,KEIT 산업기술 R&D 과제현황(공공데이터포털),https://www.data.go.kr/data/15018033/fileData.do,20260721
c9814,주식회사 라지,,2024,국비,산업통상자원부,[IRIS 사업] 지역수요맞춤형문제해결기술개발,R&D,,,KEIT 산업기술 R&D 과제현황(공공데이터포털),https://www.data.go.kr/data/15018033/fileData.do,20260721
c9814,주식회사 라지,,2024,국비,산업통상자원부,[IRIS 사업] 이종기술융합형,R&D,,,KEIT 산업기술 R&D 과제현황(공공데이터포털),https://www.data.go.kr/data/15018033/fileData.do,20260721
c8623,주식회사 디엔씨,,2024,국비,산업통상자원부,[IRIS 사업] 패키지형,R&D,,,KEIT 산업기술 R&D 과제현황(공공데이터포털),https://www.data.go.kr/data/15018033/fileData.do,20260721
x4718,주식회사 디에스글로벌이씨엠,,2024,국비,산업통상자원부,[IRIS 사업] 패키지형,R&D,,,KEIT 산업기술 R&D 과제현황(공공데이터포털),https://www.data.go.kr/data/15018033/fileData.do,20260721
c1231,주식회사 도원,,2024,국비,산업통상자원부,[IRIS 사업] 패키지형,R&D,,,KEIT 산업기술 R&D 과제현황(공공데이터포털),https://www.data.go.kr/data/15018033/fileData.do,20260721
,주식회사 덴티스,,2024,국비,산업통상자원부,[IRIS 사업] 글로벌진출형융복합바이오의료제품제조기술고도화,R&D,,,KEIT 산업기술 R&D 과제현황(공공데이터포털),https://www.data.go.kr/data/15018033/fileData.do,20260721
x3755,주식회사 나인테크,,2024,국비,산업통상자원부,[IRIS 사업] 패키지형,R&D,,,KEIT 산업기술 R&D 과제현황(공공데이터포털),https://www.data.go.kr/data/15018033/fileData.do,20260721
x3755,주식회사 나인테크,,2024,국비,산업통상자원부,[IRIS 사업] 첨단전략산업초격차(이차전지),R&D,,,KEIT 산업기술 R&D 과제현황(공공데이터포털),https://www.data.go.kr/data/15018033/fileData.do,20260721
x3755,주식회사 나인테크,,2024,국비,산업통상자원부,[IRIS 사업] 이종기술융합형,R&D,,,KEIT 산업기술 R&D 과제현황(공공데이터포털),https://www.data.go.kr/data/15018033/fileData.do,20260721
x4757,주식회사 그리폰다이나믹스,,2024,국비,산업통상자원부,[IRIS 사업] 이종기술융합형,R&D,,,KEIT 산업기술 R&D 과제현황(공공데이터포털),https://www.data.go.kr/data/15018033/fileData.do,20260721
c4591,제이디텍(주),,2024,국비,산업통상자원부,[IRIS 사업] 제조기반생산시스템,R&D,,,KEIT 산업기술 R&D 과제현황(공공데이터포털),https://www.data.go.kr/data/15018033/fileData.do,20260721
c3988,제이디,,2024,국비,산업통상자원부,[IRIS 사업] 패키지형,R&D,,,KEIT 산업기술 R&D 과제현황(공공데이터포털),https://www.data.go.kr/data/15018033/fileData.do,20260721
x2962,이인텔리전스(주),,2024,국비,산업통상자원부,[IRIS 사업] 스마트카,R&D,,,KEIT 산업기술 R&D 과제현황(공공데이터포털),https://www.data.go.kr/data/15018033/fileData.do,20260721
c0652,이엘피,,2024,국비,산업통상자원부,[IRIS 사업] 첨단전략산업초격차기술개발(디스플레이),R&D,,,KEIT 산업기술 R&D 과제현황(공공데이터포털),https://www.data.go.kr/data/15018033/fileData.do,20260721
c1896,이로움,,2024,국비,산업통상자원부,[IRIS 사업] 제조기반생산시스템,R&D,,,KEIT 산업기술 R&D 과제현황(공공데이터포털),https://www.data.go.kr/data/15018033/fileData.do,20260721
c9447,이노컴텍(주),,2024,국비,산업통상자원부,[IRIS 사업] 이종기술융합형,R&D,,,KEIT 산업기술 R&D 과제현황(공공데이터포털),https://www.data.go.kr/data/15018033/fileData.do,20260721
c2644,유성기업(주),,2024,국비,산업통상자원부,[IRIS 사업] 패키지형,R&D,,,KEIT 산업기술 R&D 과제현황(공공데이터포털),https://www.data.go.kr/data/15018033/fileData.do,20260721
c10337,유니테크,,2024,국비,산업통상자원부,[IRIS 사업] 열계면용방폭/방열세라믹갭필러소재개발,R&D,,,KEIT 산업기술 R&D 과제현황(공공데이터포털),https://www.data.go.kr/data/15018033/fileData.do,20260721
c6912,원창머티리얼(주),,2024,국비,산업통상자원부,[IRIS 사업] 패키지형,R&D,,,KEIT 산업기술 R&D 과제현황(공공데이터포털),https://www.data.go.kr/data/15018033/fileData.do,20260721
c6912,원창머티리얼(주),,2024,국비,산업통상자원부,[IRIS 사업] 제조장비실증,R&D,,,KEIT 산업기술 R&D 과제현황(공공데이터포털),https://www.data.go.kr/data/15018033/fileData.do,20260721
,우진엔지니어링,,2024,국비,산업통상자원부,[IRIS 사업] 수출제고를위한인공지능기반미래전장첨단장비제어기술개발,R&D,,,KEIT 산업기술 R&D 과제현황(공공데이터포털),https://www.data.go.kr/data/15018033/fileData.do,20260721
,우진산업(주),,2024,국비,산업통상자원부,[IRIS 사업] 패키지형,R&D,,,KEIT 산업기술 R&D 과제현황(공공데이터포털),https://www.data.go.kr/data/15018033/fileData.do,20260721
c6654,와이지-원,,2024,국비,산업통상자원부,[IRIS 사업] 이종기술융합형,R&D,,,KEIT 산업기술 R&D 과제현황(공공데이터포털),https://www.data.go.kr/data/15018033/fileData.do,20260721
,오토아이티 (주),,2024,국비,행정안전부,[IRIS 사업] 재난안전 맞춤형 사업화 지원,R&D,,,KEIT 산업기술 R&D 과제현황(공공데이터포털),https://www.data.go.kr/data/15018033/fileData.do,20260721
c3873,오성테크,,2024,국비,산업통상자원부,[IRIS 사업] 그린카,R&D,,,KEIT 산업기술 R&D 과제현황(공공데이터포털),https://www.data.go.kr/data/15018033/fileData.do,20260721
x3561,옐로시스 주식회사,,2024,국비,산업통상자원부,[IRIS 사업] 이종기술융합형,R&D,,,KEIT 산업기술 R&D 과제현황(공공데이터포털),https://www.data.go.kr/data/15018033/fileData.do,20260721
,엘앤에프,,2024,국비,산업통상자원부,[IRIS 사업] 패키지형,R&D,,,KEIT 산업기술 R&D 과제현황(공공데이터포털),https://www.data.go.kr/data/15018033/fileData.do,20260721
,엘앤에프,,2024,국비,산업통상자원부,[IRIS 사업] 첨단전략산업초격차(이차전지),R&D,,,KEIT 산업기술 R&D 과제현황(공공데이터포털),https://www.data.go.kr/data/15018033/fileData.do,20260721
c8084,에이치씨엔씨,,2024,국비,산업통상자원부,[IRIS 사업] 해양모빌리티스마트페인팅시스템기술개발,R&D,,,KEIT 산업기술 R&D 과제현황(공공데이터포털),https://www.data.go.kr/data/15018033/fileData.do,20260721
c8084,에이치씨엔씨,,2024,국비,산업통상자원부,[IRIS 사업] 패키지형,R&D,,,KEIT 산업기술 R&D 과제현황(공공데이터포털),https://www.data.go.kr/data/15018033/fileData.do,20260721
c3834,에이엠티주식회사,,2024,국비,산업통상자원부,[IRIS 사업] 패키지형,R&D,,,KEIT 산업기술 R&D 과제현황(공공데이터포털),https://www.data.go.kr/data/15018033/fileData.do,20260721
c10424,에이시스테크놀로지,,2024,국비,산업통상자원부,[IRIS 사업] 패키지형,R&D,,,KEIT 산업기술 R&D 과제현황(공공데이터포털),https://www.data.go.kr/data/15018033/fileData.do,20260721
c10424,에이시스테크놀로지,,2024,국비,산업통상자원부,[IRIS 사업] 제조기반생산시스템,R&D,,,KEIT 산업기술 R&D 과제현황(공공데이터포털),https://www.data.go.kr/data/15018033/fileData.do,20260721
c10424,에이시스테크놀로지,,2024,국비,산업통상자원부,[IRIS 사업] 로봇산업핵심기술개발,R&D,,,KEIT 산업기술 R&D 과제현황(공공데이터포털),https://www.data.go.kr/data/15018033/fileData.do,20260721
c4903,에스피지,,2024,국비,산업통상자원부,[IRIS 사업] 제조장비실증,R&D,,,KEIT 산업기술 R&D 과제현황(공공데이터포털),https://www.data.go.kr/data/15018033/fileData.do,20260721
c4903,에스피지,,2024,국비,산업통상자원부,[IRIS 사업] 로봇산업핵심기술개발,R&D,,,KEIT 산업기술 R&D 과제현황(공공데이터포털),https://www.data.go.kr/data/15018033/fileData.do,20260721
c2903,에스팩주식회사,,2024,국비,산업통상자원부,[IRIS 사업] 패키지형,R&D,,,KEIT 산업기술 R&D 과제현황(공공데이터포털),https://www.data.go.kr/data/15018033/fileData.do,20260721
,에스엘주식회사,,2024,국비,산업통상자원부,[IRIS 사업] 그린카,R&D,,,KEIT 산업기술 R&D 과제현황(공공데이터포털),https://www.data.go.kr/data/15018033/fileData.do,20260721
,에스앤에스텍,,2024,국비,산업통상자원부,[IRIS 사업] 이종기술융합형,R&D,,,KEIT 산업기술 R&D 과제현황(공공데이터포털),https://www.data.go.kr/data/15018033/fileData.do,20260721
,아진산업(주),,2024,국비,산업통상자원부,[IRIS 사업] 제조장비실증,R&D,,,KEIT 산업기술 R&D 과제현황(공공데이터포털),https://www.data.go.kr/data/15018033/fileData.do,20260721
c8067,아이티에스(주),,2024,국비,산업통상자원부,[IRIS 사업] 지역수요맞춤형문제해결기술개발,R&D,,,KEIT 산업기술 R&D 과제현황(공공데이터포털),https://www.data.go.kr/data/15018033/fileData.do,20260721
c5280,아이지아이에스,,2024,국비,산업통상자원부,[IRIS 사업] 로봇실증평가기술개발,R&D,,,KEIT 산업기술 R&D 과제현황(공공데이터포털),https://www.data.go.kr/data/15018033/fileData.do,20260721
,신화에스티,,2024,국비,산업통상자원부,[IRIS 사업] 이종기술융합형,R&D,,,KEIT 산업기술 R&D 과제현황(공공데이터포털),https://www.data.go.kr/data/15018033/fileData.do,20260721
c10700,신한테크(주),,2024,국비,산업통상자원부,[IRIS 사업] 패키지형,R&D,,,KEIT 산업기술 R&D 과제현황(공공데이터포털),https://www.data.go.kr/data/15018033/fileData.do,20260721
c4880,신한산업(주),,2024,국비,산업통상자원부,[IRIS 사업] 패키지형,R&D,,,KEIT 산업기술 R&D 과제현황(공공데이터포털),https://www.data.go.kr/data/15018033/fileData.do,20260721
,신한금속(주),,2024,국비,산업통상자원부,[IRIS 사업] 패키지형,R&D,,,KEIT 산업기술 R&D 과제현황(공공데이터포털),https://www.data.go.kr/data/15018033/fileData.do,20260721
c2263,수텍스(주),,2024,국비,산업통상자원부,[IRIS 사업] 패키지형,R&D,,,KEIT 산업기술 R&D 과제현황(공공데이터포털),https://www.data.go.kr/data/15018033/fileData.do,20260721
c0542,솔라라이트,,2024,국비,산업통상자원부,[IRIS 사업] 패키지형,R&D,,,KEIT 산업기술 R&D 과제현황(공공데이터포털),https://www.data.go.kr/data/15018033/fileData.do,20260721
x3959,성원,,2024,국비,산업통상자원부,[IRIS 사업] 패키지형,R&D,,,KEIT 산업기술 R&D 과제현황(공공데이터포털),https://www.data.go.kr/data/15018033/fileData.do,20260721
x3959,성원,,2024,국비,산업통상자원부,[IRIS 사업] 제조장비실증,R&D,,,KEIT 산업기술 R&D 과제현황(공공데이터포털),https://www.data.go.kr/data/15018033/fileData.do,20260721
x3959,성원,,2024,국비,산업통상자원부,[IRIS 사업] 제조기반생산시스템,R&D,,,KEIT 산업기술 R&D 과제현황(공공데이터포털),https://www.data.go.kr/data/15018033/fileData.do,20260721
c5616,성림희토금속(주),,2024,국비,산업통상자원부,[IRIS 사업] 패키지형,R&D,,,KEIT 산업기술 R&D 과제현황(공공데이터포털),https://www.data.go.kr/data/15018033/fileData.do,20260721
,성림첨단산업(주),,2024,국비,산업통상자원부,[IRIS 사업] 패키지형,R&D,,,KEIT 산업기술 R&D 과제현황(공공데이터포털),https://www.data.go.kr/data/15018033/fileData.do,20260721
,서우산업(주),,2024,국비,산업통상자원부,[IRIS 사업] 로봇산업핵심기술개발,R&D,,,KEIT 산업기술 R&D 과제현황(공공데이터포털),https://www.data.go.kr/data/15018033/fileData.do,20260721
,상신브레이크(주),,2024,국비,산업통상자원부,[IRIS 사업] 패키지형,R&D,,,KEIT 산업기술 R&D 과제현황(공공데이터포털),https://www.data.go.kr/data/15018033/fileData.do,20260721
,삼원산업(주),,2024,국비,산업통상자원부,[IRIS 사업] 패키지형,R&D,,,KEIT 산업기술 R&D 과제현황(공공데이터포털),https://www.data.go.kr/data/15018033/fileData.do,20260721
c9244,삼우기업(주),,2024,국비,산업통상자원부,[IRIS 사업] 패키지형,R&D,,,KEIT 산업기술 R&D 과제현황(공공데이터포털),https://www.data.go.kr/data/15018033/fileData.do,20260721
,삼연기술,,2024,국비,산업통상자원부,[IRIS 사업] K-Carbon플래그십기술개발사업,R&D,,,KEIT 산업기술 R&D 과제현황(공공데이터포털),https://www.data.go.kr/data/15018033/fileData.do,20260721
c0744,삼성염직(주),,2024,국비,산업통상자원부,[IRIS 사업] 패키지형,R&D,,,KEIT 산업기술 R&D 과제현황(공공데이터포털),https://www.data.go.kr/data/15018033/fileData.do,20260721
c0742,삼성교역(주),,2024,국비,산업통상자원부,[IRIS 사업] 패키지형,R&D,,,KEIT 산업기술 R&D 과제현황(공공데이터포털),https://www.data.go.kr/data/15018033/fileData.do,20260721
,삼보모터스(주),,2024,국비,산업통상자원부,[IRIS 사업] 이종기술융합형,R&D,,,KEIT 산업기술 R&D 과제현황(공공데이터포털),https://www.data.go.kr/data/15018033/fileData.do,20260721
,삼보모터스(주),,2024,국비,산업통상자원부,[IRIS 사업] 그린카,R&D,,,KEIT 산업기술 R&D 과제현황(공공데이터포털),https://www.data.go.kr/data/15018033/fileData.do,20260721
,삼기,,2024,국비,산업통상자원부,[IRIS 사업] 이종기술융합형,R&D,,,KEIT 산업기술 R&D 과제현황(공공데이터포털),https://www.data.go.kr/data/15018033/fileData.do,20260721
,삼기,,2024,국비,산업통상자원부,[IRIS 사업] 그린카,R&D,,,KEIT 산업기술 R&D 과제현황(공공데이터포털),https://www.data.go.kr/data/15018033/fileData.do,20260721
c6821,사단법인 KOTITI시험연구원,,2024,국비,산업통상자원부,[IRIS 사업] 패키지형,R&D,,,KEIT 산업기술 R&D 과제현황(공공데이터포털),https://www.data.go.kr/data/15018033/fileData.do,20260721
c6821,사단법인 KOTITI시험연구원,,2024,국비,산업통상자원부,[IRIS 사업] 제품안전기준및평가기법개발,R&D,,,KEIT 산업기술 R&D 과제현황(공공데이터포털),https://www.data.go.kr/data/15018033/fileData.do,20260721
c6821,사단법인 KOTITI시험연구원,,2024,국비,산업통상자원부,[IRIS 사업] 제조장비실증,R&D,,,KEIT 산업기술 R&D 과제현황(공공데이터포털),https://www.data.go.kr/data/15018033/fileData.do,20260721
c6821,사단법인 KOTITI시험연구원,,2024,국비,산업통상자원부,[IRIS 사업] 제조기반생산시스템,R&D,,,KEIT 산업기술 R&D 과제현황(공공데이터포털),https://www.data.go.kr/data/15018033/fileData.do,20260721
c6821,사단법인 KOTITI시험연구원,,2024,국비,산업통상자원부,[IRIS 사업] 그린카,R&D,,,KEIT 산업기술 R&D 과제현황(공공데이터포털),https://www.data.go.kr/data/15018033/fileData.do,20260721
c6821,사단법인 KOTITI시험연구원,,2024,국비,산업통상자원부,[IRIS 사업] 국가표준기술력향상,R&D,,,KEIT 산업기술 R&D 과제현황(공공데이터포털),https://www.data.go.kr/data/15018033/fileData.do,20260721
,비젼디지텍,,2024,국비,산업통상자원부,[IRIS 사업] 그린카,R&D,,,KEIT 산업기술 R&D 과제현황(공공데이터포털),https://www.data.go.kr/data/15018033/fileData.do,20260721
x3855,보그워너디티씨,,2024,국비,산업통상자원부,[IRIS 사업] 패키지형,R&D,,,KEIT 산업기술 R&D 과제현황(공공데이터포털),https://www.data.go.kr/data/15018033/fileData.do,20260721
x4048,배터와이,,2024,국비,소방청,[IRIS 사업] 전기기반모빌리티관련시설및부품화재대응기술개발(R&D),R&D,,,KEIT 산업기술 R&D 과제현황(공공데이터포털),https://www.data.go.kr/data/15018033/fileData.do,20260721
,민테크,,2024,국비,산업통상자원부,[IRIS 사업] 패키지형,R&D,,,KEIT 산업기술 R&D 과제현황(공공데이터포털),https://www.data.go.kr/data/15018033/fileData.do,20260721
,민테크,,2024,국비,산업통상자원부,[IRIS 사업] 첨단전략산업초격차(이차전지),R&D,,,KEIT 산업기술 R&D 과제현황(공공데이터포털),https://www.data.go.kr/data/15018033/fileData.do,20260721
,민테크,,2024,국비,산업통상자원부,[IRIS 사업] 이종기술융합형,R&D,,,KEIT 산업기술 R&D 과제현황(공공데이터포털),https://www.data.go.kr/data/15018033/fileData.do,20260721
,미래산업(주),,2024,국비,산업통상자원부,[IRIS 사업] 이종기술융합형,R&D,,,KEIT 산업기술 R&D 과제현황(공공데이터포털),https://www.data.go.kr/data/15018033/fileData.do,20260721
c2137,마르스,,2024,국비,산업통상자원부,[IRIS 사업] 패키지형,R&D,,,KEIT 산업기술 R&D 과제현황(공공데이터포털),https://www.data.go.kr/data/15018033/fileData.do,20260721
c2137,마르스,,2024,국비,산업통상자원부,[IRIS 사업] 그린카,R&D,,,KEIT 산업기술 R&D 과제현황(공공데이터포털),https://www.data.go.kr/data/15018033/fileData.do,20260721
c10371,리텍 주식회사,,2024,국비,산업통상자원부,[IRIS 사업] 패키지형,R&D,,,KEIT 산업기술 R&D 과제현황(공공데이터포털),https://www.data.go.kr/data/15018033/fileData.do,20260721
x2645,렛츠시스템,,2024,국비,산업통상자원부,[IRIS 사업] 패키지형,R&D,,,KEIT 산업기술 R&D 과제현황(공공데이터포털),https://www.data.go.kr/data/15018033/fileData.do,20260721
,디에이치지,,2024,국비,산업통상자원부,[IRIS 사업] 제조장비실증,R&D,,,KEIT 산업기술 R&D 과제현황(공공데이터포털),https://www.data.go.kr/data/15018033/fileData.do,20260721
,디에이치지,,2024,국비,산업통상자원부,[IRIS 사업] 제조기반생산시스템,R&D,,,KEIT 산업기술 R&D 과제현황(공공데이터포털),https://www.data.go.kr/data/15018033/fileData.do,20260721
c9113,디에이치(주),,2024,국비,산업통상자원부,[IRIS 사업] 그린카,R&D,,,KEIT 산업기술 R&D 과제현황(공공데이터포털),https://www.data.go.kr/data/15018033/fileData.do,20260721
,드림테크주식회사,,2024,국비,산업통상자원부,[IRIS 사업] 패키지형,R&D,,,KEIT 산업기술 R&D 과제현황(공공데이터포털),https://www.data.go.kr/data/15018033/fileData.do,20260721
,동진상사,,2024,국비,산업통상자원부,[IRIS 사업] 패키지형,R&D,,,KEIT 산업기술 R&D 과제현황(공공데이터포털),https://www.data.go.kr/data/15018033/fileData.do,20260721
c10413,동진금속(주),,2024,국비,산업통상자원부,[IRIS 사업] 패키지형,R&D,,,KEIT 산업기술 R&D 과제현황(공공데이터포털),https://www.data.go.kr/data/15018033/fileData.do,20260721
c9397,동아에스티(주),,2024,국비,산업통상자원부,[IRIS 사업] 패키지형,R&D,,,KEIT 산업기술 R&D 과제현황(공공데이터포털),https://www.data.go.kr/data/15018033/fileData.do,20260721
,대호(주),,2024,국비,산업통상자원부,[IRIS 사업] 제조기반생산시스템,R&D,,,KEIT 산업기술 R&D 과제현황(공공데이터포털),https://www.data.go.kr/data/15018033/fileData.do,20260721
,대양산업,,2024,국비,산업통상자원부,[IRIS 사업] 패키지형,R&D,,,KEIT 산업기술 R&D 과제현황(공공데이터포털),https://www.data.go.kr/data/15018033/fileData.do,20260721
,대성하이텍,,2024,국비,산업통상자원부,[IRIS 사업] 패키지형,R&D,,,KEIT 산업기술 R&D 과제현황(공공데이터포털),https://www.data.go.kr/data/15018033/fileData.do,20260721
,대성하이텍,,2024,국비,산업통상자원부,[IRIS 사업] 제조기반생산시스템,R&D,,,KEIT 산업기술 R&D 과제현황(공공데이터포털),https://www.data.go.kr/data/15018033/fileData.do,20260721
,대성하이텍,,2024,국비,산업통상자원부,[IRIS 사업] 수출제고를위한인공지능기반미래전장첨단장비제어기술개발,R&D,,,KEIT 산업기술 R&D 과제현황(공공데이터포털),https://www.data.go.kr/data/15018033/fileData.do,20260721
,대성금속(주),,2024,국비,산업통상자원부,[IRIS 사업] 패키지형,R&D,,,KEIT 산업기술 R&D 과제현황(공공데이터포털),https://www.data.go.kr/data/15018033/fileData.do,20260721
c1203,대상주식회사,,2024,국비,산업통상자원부,[IRIS 사업] 패키지형,R&D,,,KEIT 산업기술 R&D 과제현황(공공데이터포털),https://www.data.go.kr/data/15018033/fileData.do,20260721
,대동금속(주),,2024,국비,산업통상자원부,[IRIS 사업] 패키지형,R&D,,,KEIT 산업기술 R&D 과제현황(공공데이터포털),https://www.data.go.kr/data/15018033/fileData.do,20260721
,대구테크노파크,,2024,국비,산업통상자원부,[IRIS 사업] 제조기반생산시스템,R&D,,,KEIT 산업기술 R&D 과제현황(공공데이터포털),https://www.data.go.kr/data/15018033/fileData.do,20260721
,대구기계부품연구원,,2024,국비,산업통상자원부,[IRIS 사업] 패키지형,R&D,,,KEIT 산업기술 R&D 과제현황(공공데이터포털),https://www.data.go.kr/data/15018033/fileData.do,20260721
,대구기계부품연구원,,2024,국비,산업통상자원부,[IRIS 사업] 제조기반생산시스템,R&D,,,KEIT 산업기술 R&D 과제현황(공공데이터포털),https://www.data.go.kr/data/15018033/fileData.do,20260721
,대구기계부품연구원,,2024,국비,산업통상자원부,[IRIS 사업] 이종기술융합형,R&D,,,KEIT 산업기술 R&D 과제현황(공공데이터포털),https://www.data.go.kr/data/15018033/fileData.do,20260721
,대구기계부품연구원,,2024,국비,산업통상자원부,[IRIS 사업] 그린카,R&D,,,KEIT 산업기술 R&D 과제현황(공공데이터포털),https://www.data.go.kr/data/15018033/fileData.do,20260721
c7626,니카코리아(주)대구공장,,2024,국비,산업통상자원부,[IRIS 사업] 패키지형,R&D,,,KEIT 산업기술 R&D 과제현황(공공데이터포털),https://www.data.go.kr/data/15018033/fileData.do,20260721
c2869,농업회사법인주식회사제이엘,,2024,국비,산업통상자원부,[IRIS 사업] 제조기반생산시스템,R&D,,,KEIT 산업기술 R&D 과제현황(공공데이터포털),https://www.data.go.kr/data/15018033/fileData.do,20260721
c0324,넥스트랩(주),,2024,국비,산업통상자원부,[IRIS 사업] 시스템반도체상용화설계,R&D,,,KEIT 산업기술 R&D 과제현황(공공데이터포털),https://www.data.go.kr/data/15018033/fileData.do,20260721
c8709,나우시스템,,2024,국비,산업통상자원부,[IRIS 사업] 디지털헬스케어,R&D,,,KEIT 산업기술 R&D 과제현황(공공데이터포털),https://www.data.go.kr/data/15018033/fileData.do,20260721
,광명테크,,2024,국비,산업통상자원부,[IRIS 사업] 이종기술융합형,R&D,,,KEIT 산업기술 R&D 과제현황(공공데이터포털),https://www.data.go.kr/data/15018033/fileData.do,20260721
x2290,계명대학교산학협력단,,2024,국비,산업통상자원부,[IRIS 사업] 패키지형,R&D,,,KEIT 산업기술 R&D 과제현황(공공데이터포털),https://www.data.go.kr/data/15018033/fileData.do,20260721
x2290,계명대학교산학협력단,,2024,국비,산업통상자원부,"[IRIS 사업] 멀티오믹스/디지털 통합분석기반전단계암정밀예측,진단플랫폼개발및제품화",R&D,,,KEIT 산업기술 R&D 과제현황(공공데이터포털),https://www.data.go.kr/data/15018033/fileData.do,20260721
,경창산업(주),,2024,국비,산업통상자원부,[IRIS 사업] 패키지형,R&D,,,KEIT 산업기술 R&D 과제현황(공공데이터포털),https://www.data.go.kr/data/15018033/fileData.do,20260721
c1136,경일대학교산학협력단,,2024,국비,산업통상자원부,[IRIS 사업] 지역수요맞춤형문제해결기술개발,R&D,,,KEIT 산업기술 R&D 과제현황(공공데이터포털),https://www.data.go.kr/data/15018033/fileData.do,20260721
,경북대학교산학협력단,,2024,국비,산업통상자원부,[IRIS 사업] 해양모빌리티스마트페인팅시스템기술개발,R&D,,,KEIT 산업기술 R&D 과제현황(공공데이터포털),https://www.data.go.kr/data/15018033/fileData.do,20260721
,경북대학교산학협력단,,2024,국비,산업통상자원부,[IRIS 사업] 패키지형,R&D,,,KEIT 산업기술 R&D 과제현황(공공데이터포털),https://www.data.go.kr/data/15018033/fileData.do,20260721
,경북대학교산학협력단,,2024,국비,산업통상자원부,[IRIS 사업] 첨단전략산업초격차(이차전지),R&D,,,KEIT 산업기술 R&D 과제현황(공공데이터포털),https://www.data.go.kr/data/15018033/fileData.do,20260721
,경북대학교산학협력단,,2024,국비,산업통상자원부,[IRIS 사업] 제조장비실증,R&D,,,KEIT 산업기술 R&D 과제현황(공공데이터포털),https://www.data.go.kr/data/15018033/fileData.do,20260721
,경북대학교산학협력단,,2024,국비,산업통상자원부,[IRIS 사업] 제조기반생산시스템,R&D,,,KEIT 산업기술 R&D 과제현황(공공데이터포털),https://www.data.go.kr/data/15018033/fileData.do,20260721
,경북대학교산학협력단,,2024,국비,산업통상자원부,[IRIS 사업] 이차전지첨단전략산업글로벌협력지원,R&D,,,KEIT 산업기술 R&D 과제현황(공공데이터포털),https://www.data.go.kr/data/15018033/fileData.do,20260721
,경북대학교산학협력단,,2024,국비,산업통상자원부,[IRIS 사업] 이종기술융합형,R&D,,,KEIT 산업기술 R&D 과제현황(공공데이터포털),https://www.data.go.kr/data/15018033/fileData.do,20260721
,경북대학교산학협력단,,2024,국비,산업통상자원부,[IRIS 사업] 민관공동투자반도체고급인력양성(R&D),R&D,,,KEIT 산업기술 R&D 과제현황(공공데이터포털),https://www.data.go.kr/data/15018033/fileData.do,20260721
,경북대학교산학협력단,,2024,국비,산업통상자원부,[IRIS 사업] 로봇산업핵심기술개발,R&D,,,KEIT 산업기술 R&D 과제현황(공공데이터포털),https://www.data.go.kr/data/15018033/fileData.do,20260721
,경북대학교산학협력단,,2024,국비,행정안전부,[IRIS 사업] 도시침수저감기능강화형중점기술개발,R&D,,,KEIT 산업기술 R&D 과제현황(공공데이터포털),https://www.data.go.kr/data/15018033/fileData.do,20260721
,경북대학교 산학협력단,,2024,국비,산업통상자원부,국제공동기술개발R&D,R&D,,,KEIT 산업기술 R&D 과제현황(공공데이터포털),https://www.data.go.kr/data/15018033/fileData.do,20260721
c9609,㈜ 에스티아이,,2024,국비,중소기업기술정보진흥원,중소기업기술혁신개발사업,선정,,,중소기업기술정보진흥원 기술개발 우수성과 50선(공공데이터포털),https://www.data.go.kr/data/15025589/fileData.do,20241231
c10461,㈜ 문창,,2024,국비,중소기업기술정보진흥원,중소기업 R&D기획역량제고사업,선정,,,중소기업기술정보진흥원 기술개발 우수성과 50선(공공데이터포털),https://www.data.go.kr/data/15025589/fileData.do,20241231
c6821,KOTITI 시험연구원,,2024,국비,산업통상자원부,항바이러스 국제인증체계 수립을 위한 기반 구축,R&D,,,KEIT 산업기술 R&D 과제현황(공공데이터포털),https://www.data.go.kr/data/15018033/fileData.do,20260721
c10666,(주)현대하이텍,,2024,국비,산업통상자원부,[IRIS 사업] 핵심전략산업대응탄성소재재도약사업,R&D,,,KEIT 산업기술 R&D 과제현황(공공데이터포털),https://www.data.go.kr/data/15018033/fileData.do,20260721
c6710,(주)한일첨단소재,,2024,국비,산업통상자원부,[IRIS 사업] 패키지형,R&D,,,KEIT 산업기술 R&D 과제현황(공공데이터포털),https://www.data.go.kr/data/15018033/fileData.do,20260721
c10663,(주)하이박,,2024,국비,산업통상자원부,[IRIS 사업] 그린카,R&D,,,KEIT 산업기술 R&D 과제현황(공공데이터포털),https://www.data.go.kr/data/15018033/fileData.do,20260721
x4572,(주)하멕스,,2024,국비,산업통상자원부,[IRIS 사업] 패키지형,R&D,,,KEIT 산업기술 R&D 과제현황(공공데이터포털),https://www.data.go.kr/data/15018033/fileData.do,20260721
c5917,(주)티엔아이,,2024,국비,산업통상자원부,[IRIS 사업] 패키지형,R&D,,,KEIT 산업기술 R&D 과제현황(공공데이터포털),https://www.data.go.kr/data/15018033/fileData.do,20260721
c0522,(주)토탈소프트뱅크,,2024,국비,산업통상자원부,[IRIS 사업] 조선해양산업핵심기술개발,R&D,,,KEIT 산업기술 R&D 과제현황(공공데이터포털),https://www.data.go.kr/data/15018033/fileData.do,20260721
c3177,(주)태진,,2024,국비,산업통상자원부,[IRIS 사업] 조선해양산업핵심기술개발,R&D,,,KEIT 산업기술 R&D 과제현황(공공데이터포털),https://www.data.go.kr/data/15018033/fileData.do,20260721
c3177,(주)태진,,2024,국비,산업통상자원부,[IRIS 사업] 로봇산업핵심기술개발,R&D,,,KEIT 산업기술 R&D 과제현황(공공데이터포털),https://www.data.go.kr/data/15018033/fileData.do,20260721
,(주)지구,,2024,국비,소방청,[IRIS 사업] 소방대응력 강화를 위한 장비기술개발(R&D),R&D,,,KEIT 산업기술 R&D 과제현황(공공데이터포털),https://www.data.go.kr/data/15018033/fileData.do,20260721
c5564,(주)제이씨티,,2024,국비,산업통상자원부,[IRIS 사업] 조선해양산업핵심기술개발,R&D,,,KEIT 산업기술 R&D 과제현황(공공데이터포털),https://www.data.go.kr/data/15018033/fileData.do,20260721
x3496,(주)이스턴기어,,2024,국비,소방청,[IRIS 사업] 소방대응력 강화를 위한 장비기술개발(R&D),R&D,,,KEIT 산업기술 R&D 과제현황(공공데이터포털),https://www.data.go.kr/data/15018033/fileData.do,20260721
c10786,(주)이모션,,2024,국비,산업통상자원부,[IRIS 사업] 패키지형,R&D,,,KEIT 산업기술 R&D 과제현황(공공데이터포털),https://www.data.go.kr/data/15018033/fileData.do,20260721
c10786,(주)이모션,,2024,국비,산업통상자원부,[IRIS 사업] 스마트카,R&D,,,KEIT 산업기술 R&D 과제현황(공공데이터포털),https://www.data.go.kr/data/15018033/fileData.do,20260721
c9076,(주)유원티이씨,,2024,국비,산업통상자원부,[IRIS 사업] 지역수요맞춤형문제해결기술개발,R&D,,,KEIT 산업기술 R&D 과제현황(공공데이터포털),https://www.data.go.kr/data/15018033/fileData.do,20260721
c7765,(주)유림테크,,2024,국비,산업통상자원부,[IRIS 사업] 패키지형,R&D,,,KEIT 산업기술 R&D 과제현황(공공데이터포털),https://www.data.go.kr/data/15018033/fileData.do,20260721
c7765,(주)유림테크,,2024,국비,산업통상자원부,[IRIS 사업] 이종기술융합형,R&D,,,KEIT 산업기술 R&D 과제현황(공공데이터포털),https://www.data.go.kr/data/15018033/fileData.do,20260721
c3146,(주)우양기계,,2024,국비,산업통상자원부,[IRIS 사업] 패키지형,R&D,,,KEIT 산업기술 R&D 과제현황(공공데이터포털),https://www.data.go.kr/data/15018033/fileData.do,20260721
c2321,(주)엠에프테크,,2024,국비,산업통상자원부,[IRIS 사업] 패키지형,R&D,,,KEIT 산업기술 R&D 과제현황(공공데이터포털),https://www.data.go.kr/data/15018033/fileData.do,20260721
c0265,(주)엔시스,,2024,국비,산업통상자원부,[IRIS 사업] 첨단전략산업초격차(이차전지),R&D,,,KEIT 산업기술 R&D 과제현황(공공데이터포털),https://www.data.go.kr/data/15018033/fileData.do,20260721
c7523,(주)에이팩,,2024,국비,산업통상자원부,[IRIS 사업] 글로벌시장선점을위한지능형광ICT디지털시스템기술개발,R&D,,,KEIT 산업기술 R&D 과제현황(공공데이터포털),https://www.data.go.kr/data/15018033/fileData.do,20260721
c7522,(주)에이치시티,,2024,국비,산업통상자원부,유망시험서비스 개발,R&D,,,KEIT 산업기술 R&D 과제현황(공공데이터포털),https://www.data.go.kr/data/15018033/fileData.do,20260721
x4049,(주)에이아이로보틱스,,2024,국비,산업통상자원부,[IRIS 사업] 로봇산업핵심기술개발,R&D,,,KEIT 산업기술 R&D 과제현황(공공데이터포털),https://www.data.go.kr/data/15018033/fileData.do,20260721
c9609,(주)에스티아이,,2024,국비,산업통상자원부,[IRIS 사업] 패키지형,R&D,,,KEIT 산업기술 R&D 과제현황(공공데이터포털),https://www.data.go.kr/data/15018033/fileData.do,20260721
c9609,(주)에스티아이,,2024,국비,산업통상자원부,[IRIS 사업] 제조기반생산시스템,R&D,,,KEIT 산업기술 R&D 과제현황(공공데이터포털),https://www.data.go.kr/data/15018033/fileData.do,20260721
c8075,(주)에스이시스템,,2024,국비,산업통상자원부,[IRIS 사업] 패키지형,R&D,,,KEIT 산업기술 R&D 과제현황(공공데이터포털),https://www.data.go.kr/data/15018033/fileData.do,20260721
c10631,(주)에스에이치엘,,2024,국비,산업통상자원부,[IRIS 사업] 이종기술융합형,R&D,,,KEIT 산업기술 R&D 과제현황(공공데이터포털),https://www.data.go.kr/data/15018033/fileData.do,20260721
x3475,(주)에스비솔루션,,2024,국비,산업통상자원부,[IRIS 사업] 패키지형,R&D,,,KEIT 산업기술 R&D 과제현황(공공데이터포털),https://www.data.go.kr/data/15018033/fileData.do,20260721
c5548,(주)아진엑스텍,,2024,국비,산업통상자원부,[IRIS 사업] 패키지형,R&D,,,KEIT 산업기술 R&D 과제현황(공공데이터포털),https://www.data.go.kr/data/15018033/fileData.do,20260721
c2668,(주)쓰리디오토메이션,,2024,국비,산업통상자원부,[IRIS 사업] 로봇실증평가기술개발,R&D,,,KEIT 산업기술 R&D 과제현황(공공데이터포털),https://www.data.go.kr/data/15018033/fileData.do,20260721
c7726,(주)신한정공,,2024,국비,산업통상자원부,[IRIS 사업] 패키지형,R&D,,,KEIT 산업기술 R&D 과제현황(공공데이터포털),https://www.data.go.kr/data/15018033/fileData.do,20260721
,(주)신명,,2024,국비,산업통상자원부,[IRIS 사업] 패키지형,R&D,,,KEIT 산업기술 R&D 과제현황(공공데이터포털),https://www.data.go.kr/data/15018033/fileData.do,20260721
c10475,(주)시노펙스,,2024,국비,산업통상자원부,[IRIS 사업] 패키지형,R&D,,,KEIT 산업기술 R&D 과제현황(공공데이터포털),https://www.data.go.kr/data/15018033/fileData.do,20260721
c6606,(주)세원정공,,2024,국비,산업통상자원부,[IRIS 사업] 패키지형,R&D,,,KEIT 산업기술 R&D 과제현황(공공데이터포털),https://www.data.go.kr/data/15018033/fileData.do,20260721
,(주)성일,,2024,국비,산업통상자원부,[IRIS 사업] K-Carbon플래그십기술개발사업,R&D,,,KEIT 산업기술 R&D 과제현황(공공데이터포털),https://www.data.go.kr/data/15018033/fileData.do,20260721
x4287,(주)새한산업,,2024,국비,산업통상자원부,[IRIS 사업] 패키지형,R&D,,,KEIT 산업기술 R&D 과제현황(공공데이터포털),https://www.data.go.kr/data/15018033/fileData.do,20260721
c10183,(주)삼오산업,,2024,국비,산업통상자원부,[IRIS 사업] K-Carbon플래그십기술개발사업,R&D,,,KEIT 산업기술 R&D 과제현황(공공데이터포털),https://www.data.go.kr/data/15018033/fileData.do,20260721
x2540,(주)브이디에스,,2024,국비,산업통상자원부,[IRIS 사업] 제조장비실증,R&D,,,KEIT 산업기술 R&D 과제현황(공공데이터포털),https://www.data.go.kr/data/15018033/fileData.do,20260721
c7846,(주)미래하이테크,,2024,국비,산업통상자원부,[IRIS 사업] 조선해양산업핵심기술개발,R&D,,,KEIT 산업기술 R&D 과제현황(공공데이터포털),https://www.data.go.kr/data/15018033/fileData.do,20260721
c7846,(주)미래하이테크,,2024,국비,산업통상자원부,[IRIS 사업] 이종기술융합형,R&D,,,KEIT 산업기술 R&D 과제현황(공공데이터포털),https://www.data.go.kr/data/15018033/fileData.do,20260721
c7466,(주)미라클솔루션,,2024,국비,산업통상자원부,[IRIS 사업] 패키지형,R&D,,,KEIT 산업기술 R&D 과제현황(공공데이터포털),https://www.data.go.kr/data/15018033/fileData.do,20260721
,(주)명성,,2024,국비,산업통상자원부,[IRIS 사업] 로봇산업핵심기술개발,R&D,,,KEIT 산업기술 R&D 과제현황(공공데이터포털),https://www.data.go.kr/data/15018033/fileData.do,20260721
,(주)디케이,,2024,국비,산업통상자원부,[IRIS 사업] 제조기반생산시스템,R&D,,,KEIT 산업기술 R&D 과제현황(공공데이터포털),https://www.data.go.kr/data/15018033/fileData.do,20260721
,(주)동원테크,,2024,국비,산업통상자원부,[IRIS 사업] 패키지형,R&D,,,KEIT 산업기술 R&D 과제현황(공공데이터포털),https://www.data.go.kr/data/15018033/fileData.do,20260721
c3478,(주)동산테크,,2024,국비,산업통상자원부,[IRIS 사업] 패키지형,R&D,,,KEIT 산업기술 R&D 과제현황(공공데이터포털),https://www.data.go.kr/data/15018033/fileData.do,20260721
,(주)대동정공,,2024,국비,산업통상자원부,[IRIS 사업] 패키지형,R&D,,,KEIT 산업기술 R&D 과제현황(공공데이터포털),https://www.data.go.kr/data/15018033/fileData.do,20260721
,(주)대동,,2024,국비,산업통상자원부,[IRIS 사업] 제조기반생산시스템,R&D,,,KEIT 산업기술 R&D 과제현황(공공데이터포털),https://www.data.go.kr/data/15018033/fileData.do,20260721
,(주)나우테크,,2024,국비,산업통상자원부,[IRIS 사업] 제조장비실증,R&D,,,KEIT 산업기술 R&D 과제현황(공공데이터포털),https://www.data.go.kr/data/15018033/fileData.do,20260721
c5319,(주)금강알텍,,2024,국비,산업통상자원부,[IRIS 사업] 패키지형,R&D,,,KEIT 산업기술 R&D 과제현황(공공데이터포털),https://www.data.go.kr/data/15018033/fileData.do,20260721
,(주)광명테크,,2024,국비,산업통상자원부,[IRIS 사업] 주력산업IT융합,R&D,,,KEIT 산업기술 R&D 과제현황(공공데이터포털),https://www.data.go.kr/data/15018033/fileData.do,20260721
c6667,(주) 이루에프에이시스템,,2024,국비,산업통상자원부,[IRIS 사업] 제조기반생산시스템,R&D,,,KEIT 산업기술 R&D 과제현황(공공데이터포털),https://www.data.go.kr/data/15018033/fileData.do,20260721
x3538,(주) 유아이티,,2024,국비,산업통상자원부,[IRIS 사업] 제조기반생산시스템,R&D,,,KEIT 산업기술 R&D 과제현황(공공데이터포털),https://www.data.go.kr/data/15018033/fileData.do,20260721
c10539,(주) 디와이머티리얼,,2024,국비,산업통상자원부,[IRIS 사업] 패키지형,R&D,,,KEIT 산업기술 R&D 과제현황(공공데이터포털),https://www.data.go.kr/data/15018033/fileData.do,20260721
x2566,(재)지능형자동차부품진흥원,,2024,국비,산업통상자원부,[IRIS 사업] 패키지형,R&D,,,KEIT 산업기술 R&D 과제현황(공공데이터포털),https://www.data.go.kr/data/15018033/fileData.do,20260721
x2566,(재)지능형자동차부품진흥원,,2024,국비,산업통상자원부,[IRIS 사업] 이종기술융합형,R&D,,,KEIT 산업기술 R&D 과제현황(공공데이터포털),https://www.data.go.kr/data/15018033/fileData.do,20260721
x2566,(재)지능형자동차부품진흥원,,2024,국비,산업통상자원부,[IRIS 사업] 스마트카,R&D,,,KEIT 산업기술 R&D 과제현황(공공데이터포털),https://www.data.go.kr/data/15018033/fileData.do,20260721
c5951,화신정공,,2023,국비,산업통상자원부,제조장비실증,R&D,,,KEIT 산업기술 R&D 과제현황(공공데이터포털),https://www.data.go.kr/data/15018033/fileData.do,20260721
c8550,현대제철주식회사,,2023,국비,산업통상자원부,탄소혁신스타즈프로젝트,R&D,,,KEIT 산업기술 R&D 과제현황(공공데이터포털),https://www.data.go.kr/data/15018033/fileData.do,20260721
c8550,현대제철주식회사,,2023,국비,산업통상자원부,[IRIS 사업] 탄소중립산업핵심기술개발(R&D),R&D,,,KEIT 산업기술 R&D 과제현황(공공데이터포털),https://www.data.go.kr/data/15018033/fileData.do,20260721
c9822,현대모비스(주),,2023,국비,산업통상자원부,소재부품패키지형,R&D,,,KEIT 산업기술 R&D 과제현황(공공데이터포털),https://www.data.go.kr/data/15018033/fileData.do,20260721
c9822,현대모비스(주),,2023,국비,산업통상자원부,소재부품이종기술융합형,R&D,,,KEIT 산업기술 R&D 과제현황(공공데이터포털),https://www.data.go.kr/data/15018033/fileData.do,20260721
c9822,현대모비스(주),,2023,국비,산업통상자원부,글로벌스타팹리스30기술개발지원,R&D,,,KEIT 산업기술 R&D 과제현황(공공데이터포털),https://www.data.go.kr/data/15018033/fileData.do,20260721
c9822,현대모비스(주),,2023,국비,산업통상자원부,[IRIS 사업] 시장주도형K-센서기술개발,R&D,,,KEIT 산업기술 R&D 과제현황(공공데이터포털),https://www.data.go.kr/data/15018033/fileData.do,20260721
c9822,현대모비스(주),,2023,국비,산업통상자원부,[IRIS 사업] 미래모빌리티차세대전자아키텍쳐개발(R&D),R&D,,,KEIT 산업기술 R&D 과제현황(공공데이터포털),https://www.data.go.kr/data/15018033/fileData.do,20260721
c10552,한국자동차연구원,,2023,국비,산업통상자원부,탄소혁신스타즈프로젝트,R&D,,,KEIT 산업기술 R&D 과제현황(공공데이터포털),https://www.data.go.kr/data/15018033/fileData.do,20260721
c10552,한국자동차연구원,,2023,국비,산업통상자원부,조선해양산업핵심기술개발,R&D,,,KEIT 산업기술 R&D 과제현황(공공데이터포털),https://www.data.go.kr/data/15018033/fileData.do,20260721
c10552,한국자동차연구원,,2023,국비,산업통상자원부,제조장비실증,R&D,,,KEIT 산업기술 R&D 과제현황(공공데이터포털),https://www.data.go.kr/data/15018033/fileData.do,20260721
c10552,한국자동차연구원,,2023,국비,산업통상자원부,제조기반생산시스템,R&D,,,KEIT 산업기술 R&D 과제현황(공공데이터포털),https://www.data.go.kr/data/15018033/fileData.do,20260721
c10552,한국자동차연구원,,2023,국비,산업통상자원부,자율주행기술개발혁신사업,R&D,,,KEIT 산업기술 R&D 과제현황(공공데이터포털),https://www.data.go.kr/data/15018033/fileData.do,20260721
c10552,한국자동차연구원,,2023,국비,산업통상자원부,우수기업연구소육성사업(ATC+),R&D,,,KEIT 산업기술 R&D 과제현황(공공데이터포털),https://www.data.go.kr/data/15018033/fileData.do,20260721
c10552,한국자동차연구원,,2023,국비,산업통상자원부,시장자립형3세대xEV산업육성사업,R&D,,,KEIT 산업기술 R&D 과제현황(공공데이터포털),https://www.data.go.kr/data/15018033/fileData.do,20260721
c10552,한국자동차연구원,,2023,국비,산업통상자원부,스마트카,R&D,,,KEIT 산업기술 R&D 과제현황(공공데이터포털),https://www.data.go.kr/data/15018033/fileData.do,20260721
c10552,한국자동차연구원,,2023,국비,산업통상자원부,소재부품패키지형,R&D,,,KEIT 산업기술 R&D 과제현황(공공데이터포털),https://www.data.go.kr/data/15018033/fileData.do,20260721
c10552,한국자동차연구원,,2023,국비,산업통상자원부,소재부품이종기술융합형,R&D,,,KEIT 산업기술 R&D 과제현황(공공데이터포털),https://www.data.go.kr/data/15018033/fileData.do,20260721
c10552,한국자동차연구원,,2023,국비,산업통상자원부,로봇산업핵심기술개발사업,R&D,,,KEIT 산업기술 R&D 과제현황(공공데이터포털),https://www.data.go.kr/data/15018033/fileData.do,20260721
c10552,한국자동차연구원,,2023,국비,산업통상자원부,디지털전환가속화를위한자율배송모빌리티및커넥티비티플랫폼개발(R&D),R&D,,,KEIT 산업기술 R&D 과제현황(공공데이터포털),https://www.data.go.kr/data/15018033/fileData.do,20260721
c10552,한국자동차연구원,,2023,국비,산업통상자원부,그린카,R&D,,,KEIT 산업기술 R&D 과제현황(공공데이터포털),https://www.data.go.kr/data/15018033/fileData.do,20260721
c10552,한국자동차연구원,,2023,국비,산업통상자원부,국가표준기술력향상,R&D,,,KEIT 산업기술 R&D 과제현황(공공데이터포털),https://www.data.go.kr/data/15018033/fileData.do,20260721
c10552,한국자동차연구원,,2023,국비,산업통상자원부,[IRIS 사업] 해외수출형고출력전기기관차구동변환플랫폼핵심기술개발및실증(R&D),R&D,,,KEIT 산업기술 R&D 과제현황(공공데이터포털),https://www.data.go.kr/data/15018033/fileData.do,20260721
c10552,한국자동차연구원,,2023,국비,소방청,[IRIS 사업] 수소전기 기반 소방자동차 동력전달 모듈 개발(R&D),R&D,,,KEIT 산업기술 R&D 과제현황(공공데이터포털),https://www.data.go.kr/data/15018033/fileData.do,20260721
c10552,한국자동차연구원,,2023,국비,산업통상자원부,[IRIS 사업] 미래모빌리티차세대전자아키텍쳐개발(R&D),R&D,,,KEIT 산업기술 R&D 과제현황(공공데이터포털),https://www.data.go.kr/data/15018033/fileData.do,20260721
c10552,한국자동차연구원,,2023,국비,산업통상자원부,[IRIS 사업] 기판실장용산화물계초소형적층전고체전지(MLCB)개발(R&D),R&D,,,KEIT 산업기술 R&D 과제현황(공공데이터포털),https://www.data.go.kr/data/15018033/fileData.do,20260721
c10552,한국자동차연구원,,2023,국비,산업통상자원부,[IRIS 사업] 국가필수전략기술고도화를위한고부가정밀화학소재개발사업(R&D),R&D,,,KEIT 산업기술 R&D 과제현황(공공데이터포털),https://www.data.go.kr/data/15018033/fileData.do,20260721
c10552,한국자동차연구원,,2023,국비,산업통상자원부,DNA연계XR핵심부품및서비스기술개발,R&D,,,KEIT 산업기술 R&D 과제현황(공공데이터포털),https://www.data.go.kr/data/15018033/fileData.do,20260721
,한국소방기구제작소,,2023,국비,소방청,[IRIS 사업] 난접근성특수화재진화를위한고기능성소화탄및무인능동진압기술개발(R&D),R&D,,,KEIT 산업기술 R&D 과제현황(공공데이터포털),https://www.data.go.kr/data/15018033/fileData.do,20260721
c9729,피닉슨컨트롤스 주식회사,,2023,국비,산업통상자원부,소재부품이종기술융합형,R&D,,,KEIT 산업기술 R&D 과제현황(공공데이터포털),https://www.data.go.kr/data/15018033/fileData.do,20260721
x2938,플라잉마운틴,,2023,국비,산업통상자원부,국가표준기술력향상,R&D,,,KEIT 산업기술 R&D 과제현황(공공데이터포털),https://www.data.go.kr/data/15018033/fileData.do,20260721
c0417,파인메딕스,,2023,국비,산업통상자원부,[IRIS 사업] 병원-기업협력공동사업화기반수요연계형기술개발사업,R&D,,,KEIT 산업기술 R&D 과제현황(공공데이터포털),https://www.data.go.kr/data/15018033/fileData.do,20260721
c5916,티에이치엔,,2023,국비,산업통상자원부,[IRIS 사업] 시장주도형K-센서기술개발,R&D,,,KEIT 산업기술 R&D 과제현황(공공데이터포털),https://www.data.go.kr/data/15018033/fileData.do,20260721
c6693,테스코(주),,2023,국비,산업통상자원부,[IRIS 사업] 터보팬 항공엔진 인코넬 718 초내열합금 주단조품 개발,R&D,,,KEIT 산업기술 R&D 과제현황(공공데이터포털),https://www.data.go.kr/data/15018033/fileData.do,20260721
c6448,태광산업,,2023,국비,산업통상자원부,[IRIS 사업] 고성능탄소나노복합섬유제조기술개발사업,R&D,,,KEIT 산업기술 R&D 과제현황(공공데이터포털),https://www.data.go.kr/data/15018033/fileData.do,20260721
x3935,큐에스아이(주),,2023,국비,산업통상자원부,[IRIS 사업] 시장주도형K-센서기술개발,R&D,,,KEIT 산업기술 R&D 과제현황(공공데이터포털),https://www.data.go.kr/data/15018033/fileData.do,20260721
c6435,천일금형사,,2023,국비,산업통상자원부,제조기반생산시스템,R&D,,,KEIT 산업기술 R&D 과제현황(공공데이터포털),https://www.data.go.kr/data/15018033/fileData.do,20260721
,채비(주),,2023,국비,산업통상자원부,그린카,R&D,,,KEIT 산업기술 R&D 과제현황(공공데이터포털),https://www.data.go.kr/data/15018033/fileData.do,20260721
c5868,주식회사이엘,,2023,국비,산업통상자원부,[IRIS 사업] 탄소중립산업핵심기술개발(R&D),R&D,,,KEIT 산업기술 R&D 과제현황(공공데이터포털),https://www.data.go.kr/data/15018033/fileData.do,20260721
,주식회사이노테크,,2023,국비,산업통상자원부,디스플레이장비국산화를위한핵심부분품기술개발,R&D,,,KEIT 산업기술 R&D 과제현황(공공데이터포털),https://www.data.go.kr/data/15018033/fileData.do,20260721
,주식회사유니온,,2023,국비,소방청,[IRIS 사업] 난접근성특수화재진화를위한고기능성소화탄및무인능동진압기술개발(R&D),R&D,,,KEIT 산업기술 R&D 과제현황(공공데이터포털),https://www.data.go.kr/data/15018033/fileData.do,20260721
c0566,주식회사씨앤보코,,2023,국비,산업통상자원부,디자인혁신역량강화,R&D,,,KEIT 산업기술 R&D 과제현황(공공데이터포털),https://www.data.go.kr/data/15018033/fileData.do,20260721
c6575,주식회사맥테크,,2023,국비,산업통상자원부,[IRIS 사업] 세라믹분야 스마트그린 제조혁신 지원사업(R&D),R&D,,,KEIT 산업기술 R&D 과제현황(공공데이터포털),https://www.data.go.kr/data/15018033/fileData.do,20260721
c6573,주식회사루트랩,,2023,국비,산업통상자원부,3D프린팅디지털전환기술개발,R&D,,,KEIT 산업기술 R&D 과제현황(공공데이터포털),https://www.data.go.kr/data/15018033/fileData.do,20260721
,주식회사네오테크,,2023,국비,산업통상자원부,디지털전환가속화를위한자율배송모빌리티및커넥티비티플랫폼개발(R&D),R&D,,,KEIT 산업기술 R&D 과제현황(공공데이터포털),https://www.data.go.kr/data/15018033/fileData.do,20260721
c2899,주식회사 팸텍,,2023,국비,산업통상자원부,국가표준기술력향상,R&D,,,KEIT 산업기술 R&D 과제현황(공공데이터포털),https://www.data.go.kr/data/15018033/fileData.do,20260721
x4737,주식회사 파미티,,2023,국비,소방청,[IRIS 사업] 난접근성특수화재진화를위한고기능성소화탄및무인능동진압기술개발(R&D),R&D,,,KEIT 산업기술 R&D 과제현황(공공데이터포털),https://www.data.go.kr/data/15018033/fileData.do,20260721
,주식회사 지엘에스,,2023,국비,산업통상자원부,디스플레이장비국산화를위한핵심부분품기술개발,R&D,,,KEIT 산업기술 R&D 과제현황(공공데이터포털),https://www.data.go.kr/data/15018033/fileData.do,20260721
c8122,주식회사 이에스티,,2023,국비,산업통상자원부,우수기업연구소육성사업(ATC+),R&D,,,KEIT 산업기술 R&D 과제현황(공공데이터포털),https://www.data.go.kr/data/15018033/fileData.do,20260721
x2699,주식회사 이아이에스,,2023,국비,행정안전부,[IRIS 사업] 재난안전 연구개발 성과이음 지원 (R&D),R&D,,,KEIT 산업기술 R&D 과제현황(공공데이터포털),https://www.data.go.kr/data/15018033/fileData.do,20260721
,주식회사 유니온,,2023,국비,산업통상자원부,[IRIS 사업] 탄소중립산업핵심기술개발(R&D),R&D,,,KEIT 산업기술 R&D 과제현황(공공데이터포털),https://www.data.go.kr/data/15018033/fileData.do,20260721
,주식회사 위츠,,2023,국비,산업통상자원부,소재부품패키지형,R&D,,,KEIT 산업기술 R&D 과제현황(공공데이터포털),https://www.data.go.kr/data/15018033/fileData.do,20260721
c6877,주식회사 에스더블유엠,,2023,국비,산업통상자원부,[IRIS 사업] 미래모빌리티차세대전자아키텍쳐개발(R&D),R&D,,,KEIT 산업기술 R&D 과제현황(공공데이터포털),https://www.data.go.kr/data/15018033/fileData.do,20260721
c8397,주식회사 씨앤테크,,2023,국비,산업통상자원부,소재부품패키지형,R&D,,,KEIT 산업기술 R&D 과제현황(공공데이터포털),https://www.data.go.kr/data/15018033/fileData.do,20260721
x4494,주식회사 비즈데이터,,2023,국비,산업통상자원부,서비스핵심기술개발,R&D,,,KEIT 산업기술 R&D 과제현황(공공데이터포털),https://www.data.go.kr/data/15018033/fileData.do,20260721
x3308,주식회사 브이에스팜텍,,2023,국비,중소기업기술정보진흥원,창업성장기술개발사업,선정,,,중소기업기술정보진흥원 기술개발 우수성과 50선(공공데이터포털),https://www.data.go.kr/data/15025589/fileData.do,20241231
x2794,주식회사 베이리스,,2023,국비,산업통상자원부,[IRIS 사업] 미래모빌리티차세대전자아키텍쳐개발(R&D),R&D,,,KEIT 산업기술 R&D 과제현황(공공데이터포털),https://www.data.go.kr/data/15018033/fileData.do,20260721
x3023,주식회사 라인텍,,2023,국비,산업통상자원부,디스플레이장비국산화를위한핵심부분품기술개발,R&D,,,KEIT 산업기술 R&D 과제현황(공공데이터포털),https://www.data.go.kr/data/15018033/fileData.do,20260721
c7842,주식회사 두손씨엔에이,,2023,국비,산업통상자원부,제조장비실증,R&D,,,KEIT 산업기술 R&D 과제현황(공공데이터포털),https://www.data.go.kr/data/15018033/fileData.do,20260721
c1231,주식회사 도원,,2023,국비,산업통상자원부,탄소혁신스타즈프로젝트,R&D,,,KEIT 산업기술 R&D 과제현황(공공데이터포털),https://www.data.go.kr/data/15018033/fileData.do,20260721
x4757,주식회사 그리폰다이나믹스,,2023,국비,산업통상자원부,[IRIS 사업] 드론-로봇 연계 도심지 고중량 화물 멀티 모달 배송기술 개발,R&D,,,KEIT 산업기술 R&D 과제현황(공공데이터포털),https://www.data.go.kr/data/15018033/fileData.do,20260721
x4757,주식회사 그리폰다이나믹스,,2023,국비,소방청,[IRIS 사업] 난접근성특수화재진화를위한고기능성소화탄및무인능동진압기술개발(R&D),R&D,,,KEIT 산업기술 R&D 과제현황(공공데이터포털),https://www.data.go.kr/data/15018033/fileData.do,20260721
c9225,주식회사 가인테크,,2023,국비,산업통상자원부,[IRIS 사업] 선박해양의장 설계디지털 전환 핵심기술개발,R&D,,,KEIT 산업기술 R&D 과제현황(공공데이터포털),https://www.data.go.kr/data/15018033/fileData.do,20260721
c3974,재단법인 한국안광학산업진흥원,,2023,국비,산업통상자원부,파괴적혁신R&D설계기획,R&D,,,KEIT 산업기술 R&D 과제현황(공공데이터포털),https://www.data.go.kr/data/15018033/fileData.do,20260721
c9452,일동케미칼(주),,2023,국비,산업통상자원부,우수기업연구소육성사업(ATC+),R&D,,,KEIT 산업기술 R&D 과제현황(공공데이터포털),https://www.data.go.kr/data/15018033/fileData.do,20260721
c4971,일광테크,,2023,국비,산업통상자원부,제조장비실증,R&D,,,KEIT 산업기술 R&D 과제현황(공공데이터포털),https://www.data.go.kr/data/15018033/fileData.do,20260721
x3368,인피닉스,,2023,국비,산업통상자원부,디자인혁신역량강화,R&D,,,KEIT 산업기술 R&D 과제현황(공공데이터포털),https://www.data.go.kr/data/15018033/fileData.do,20260721
x2962,이인텔리전스(주),,2023,국비,산업통상자원부,자율주행기술개발혁신사업,R&D,,,KEIT 산업기술 R&D 과제현황(공공데이터포털),https://www.data.go.kr/data/15018033/fileData.do,20260721
c9447,이노컴텍 주식회사,,2023,국비,소방청,화재진압 훈련체계기술,R&D,,,KEIT 산업기술 R&D 과제현황(공공데이터포털),https://www.data.go.kr/data/15018033/fileData.do,20260721
c9447,이노컴텍 주식회사,,2023,국비,산업통상자원부,제조장비실증,R&D,,,KEIT 산업기술 R&D 과제현황(공공데이터포털),https://www.data.go.kr/data/15018033/fileData.do,20260721
c8595,위니텍,,2023,국비,소방청,[IRIS 사업] 소방구급서비스스마트첨단기술개발,R&D,,,KEIT 산업기술 R&D 과제현황(공공데이터포털),https://www.data.go.kr/data/15018033/fileData.do,20260721
c6912,원창머티리얼(주),,2023,국비,산업통상자원부,제조기반생산시스템,R&D,,,KEIT 산업기술 R&D 과제현황(공공데이터포털),https://www.data.go.kr/data/15018033/fileData.do,20260721
c8433,우정엔지니어링(주),,2023,국비,산업통상자원부,조선해양산업핵심기술개발,R&D,,,KEIT 산업기술 R&D 과제현황(공공데이터포털),https://www.data.go.kr/data/15018033/fileData.do,20260721
,우양신소재,,2023,국비,산업통상자원부,소재부품이종기술융합형,R&D,,,KEIT 산업기술 R&D 과제현황(공공데이터포털),https://www.data.go.kr/data/15018033/fileData.do,20260721
,와이제이링크(주),,2023,국비,중소벤처기업진흥공단,스마트제조기업 일자리 패키지,선정,,,중소벤처기업진흥공단 스마트제조기업 일자리 패키지 참여기업(공공데이터포털),https://www.data.go.kr/data/15100252/fileData.do,2024-03
x4717,옐로나이프,,2023,국비,산업통상자원부,[IRIS 사업] 미래모빌리티차세대전자아키텍쳐개발(R&D),R&D,,,KEIT 산업기술 R&D 과제현황(공공데이터포털),https://www.data.go.kr/data/15018033/fileData.do,20260721
c9702,영일엔지니어링(주),,2023,국비,중소벤처기업진흥공단,스마트제조기업 일자리 패키지,선정,,,중소벤처기업진흥공단 스마트제조기업 일자리 패키지 참여기업(공공데이터포털),https://www.data.go.kr/data/15100252/fileData.do,2024-03
x4018,엘브이아이에스코리아,,2023,국비,산업통상자원부,디지털헬스케어,R&D,,,KEIT 산업기술 R&D 과제현황(공공데이터포털),https://www.data.go.kr/data/15018033/fileData.do,20260721
x4582,에스아이오티 주식회사,,2023,국비,산업통상자원부,산업측정기술및요소부품연구개발,R&D,,,KEIT 산업기술 R&D 과제현황(공공데이터포털),https://www.data.go.kr/data/15018033/fileData.do,20260721
c5353,에너캠프,,2023,국비,산업통상자원부,시장자립형3세대xEV산업육성사업,R&D,,,KEIT 산업기술 R&D 과제현황(공공데이터포털),https://www.data.go.kr/data/15018033/fileData.do,20260721
,아진산업(주),,2023,국비,산업통상자원부,제조장비실증,R&D,,,KEIT 산업기술 R&D 과제현황(공공데이터포털),https://www.data.go.kr/data/15018033/fileData.do,20260721
c8744,아주산업 주식회사,,2023,국비,산업통상자원부,[IRIS 사업] 탄소중립산업핵심기술개발(R&D),R&D,,,KEIT 산업기술 R&D 과제현황(공공데이터포털),https://www.data.go.kr/data/15018033/fileData.do,20260721
c4545,아이브이티,,2023,국비,산업통상자원부,디스플레이장비국산화를위한핵심부분품기술개발,R&D,,,KEIT 산업기술 R&D 과제현황(공공데이터포털),https://www.data.go.kr/data/15018033/fileData.do,20260721
x3363,씨티셀즈,,2023,국비,산업통상자원부,소재부품이종기술융합형,R&D,,,KEIT 산업기술 R&D 과제현황(공공데이터포털),https://www.data.go.kr/data/15018033/fileData.do,20260721
,신한정밀(주),,2023,국비,산업통상자원부,스마트미터보급촉진을위한기술개발및기반조성,R&D,,,KEIT 산업기술 R&D 과제현황(공공데이터포털),https://www.data.go.kr/data/15018033/fileData.do,20260721
,신한정밀,,2023,국비,산업통상자원부,제조기반생산시스템,R&D,,,KEIT 산업기술 R&D 과제현황(공공데이터포털),https://www.data.go.kr/data/15018033/fileData.do,20260721
,신생공업(주),,2023,국비,산업통상자원부,제조장비실증,R&D,,,KEIT 산업기술 R&D 과제현황(공공데이터포털),https://www.data.go.kr/data/15018033/fileData.do,20260721
c0749,삼환염공(주),,2023,국비,산업통상자원부,제조기반생산시스템,R&D,,,KEIT 산업기술 R&D 과제현황(공공데이터포털),https://www.data.go.kr/data/15018033/fileData.do,20260721
c1351,삼일방(주),,2023,국비,산업통상자원부,제조장비실증,R&D,,,KEIT 산업기술 R&D 과제현황(공공데이터포털),https://www.data.go.kr/data/15018033/fileData.do,20260721
c1351,삼일방(주),,2023,국비,산업통상자원부,소재부품패키지형,R&D,,,KEIT 산업기술 R&D 과제현황(공공데이터포털),https://www.data.go.kr/data/15018033/fileData.do,20260721
c6828,삼우티시에스주식회사,,2023,국비,행정안전부,부처협력 사업지원,R&D,,,KEIT 산업기술 R&D 과제현황(공공데이터포털),https://www.data.go.kr/data/15018033/fileData.do,20260721
c10525,블루센 주식회사,,2023,국비,행정안전부,지역특화형 재난안전 연구지원,R&D,,,KEIT 산업기술 R&D 과제현황(공공데이터포털),https://www.data.go.kr/data/15018033/fileData.do,20260721
c10524,블루그린링크(주),,2023,국비,산업통상자원부,제조기반생산시스템,R&D,,,KEIT 산업기술 R&D 과제현황(공공데이터포털),https://www.data.go.kr/data/15018033/fileData.do,20260721
x3238,브이메이커(주),,2023,국비,산업통상자원부,소재부품패키지형,R&D,,,KEIT 산업기술 R&D 과제현황(공공데이터포털),https://www.data.go.kr/data/15018033/fileData.do,20260721
,부성정밀(주),,2023,국비,산업통상자원부,소재부품패키지형,R&D,,,KEIT 산업기술 R&D 과제현황(공공데이터포털),https://www.data.go.kr/data/15018033/fileData.do,20260721
c2137,마르스,,2023,국비,산업통상자원부,시장자립형3세대xEV산업육성사업,R&D,,,KEIT 산업기술 R&D 과제현황(공공데이터포털),https://www.data.go.kr/data/15018033/fileData.do,20260721
c5328,디맥스,,2023,국비,산업통상자원부,[IRIS 사업] 세라믹분야 스마트그린 제조혁신 지원사업(R&D),R&D,,,KEIT 산업기술 R&D 과제현황(공공데이터포털),https://www.data.go.kr/data/15018033/fileData.do,20260721
x3054,드림에이스,,2023,국비,산업통상자원부,소재부품패키지형,R&D,,,KEIT 산업기술 R&D 과제현황(공공데이터포털),https://www.data.go.kr/data/15018033/fileData.do,20260721
,대원산업(주),,2023,국비,산업통상자원부,시스템반도체상용화설계,R&D,,,KEIT 산업기술 R&D 과제현황(공공데이터포털),https://www.data.go.kr/data/15018033/fileData.do,20260721
c1203,대상주식회사,,2023,국비,산업통상자원부,첨단바이오신소재,R&D,,,KEIT 산업기술 R&D 과제현황(공공데이터포털),https://www.data.go.kr/data/15018033/fileData.do,20260721
,대구텍 유한책임회사,,2023,국비,산업통상자원부,제조장비실증,R&D,,,KEIT 산업기술 R&D 과제현황(공공데이터포털),https://www.data.go.kr/data/15018033/fileData.do,20260721
,대구테크노파크,,2023,국비,산업통상자원부,[IRIS 사업] 나노인프라공정서비스역량고도화,R&D,,,KEIT 산업기술 R&D 과제현황(공공데이터포털),https://www.data.go.kr/data/15018033/fileData.do,20260721
c0324,넥스트랩(주),,2023,국비,산업통상자원부,[IRIS 사업] 시장주도형K-센서기술개발,R&D,,,KEIT 산업기술 R&D 과제현황(공공데이터포털),https://www.data.go.kr/data/15018033/fileData.do,20260721
c0324,넥스트랩,,2023,국비,산업통상자원부,시스템반도체상용화설계,R&D,,,KEIT 산업기술 R&D 과제현황(공공데이터포털),https://www.data.go.kr/data/15018033/fileData.do,20260721
,네오테크,,2023,국비,산업통상자원부,소재부품패키지형,R&D,,,KEIT 산업기술 R&D 과제현황(공공데이터포털),https://www.data.go.kr/data/15018033/fileData.do,20260721
,그루터키협동조합,,2023,국비,중소벤처기업진흥공단,스마트제조기업 일자리 패키지,선정,,,중소벤처기업진흥공단 스마트제조기업 일자리 패키지 참여기업(공공데이터포털),https://www.data.go.kr/data/15100252/fileData.do,2024-03
c9572,국제전기(주),,2023,국비,산업통상자원부,[IRIS 사업] 해외수출형고출력전기기관차구동변환플랫폼핵심기술개발및실증(R&D),R&D,,,KEIT 산업기술 R&D 과제현황(공공데이터포털),https://www.data.go.kr/data/15018033/fileData.do,20260721
x2290,계명대학교산학협력단,,2023,국비,산업통상자원부,탄소혁신스타즈프로젝트,R&D,,,KEIT 산업기술 R&D 과제현황(공공데이터포털),https://www.data.go.kr/data/15018033/fileData.do,20260721
x2290,계명대학교산학협력단,,2023,국비,산업통상자원부,시장자립형3세대xEV산업육성사업,R&D,,,KEIT 산업기술 R&D 과제현황(공공데이터포털),https://www.data.go.kr/data/15018033/fileData.do,20260721
x2290,계명대학교산학협력단,,2023,국비,산업통상자원부,소재부품이종기술융합형,R&D,,,KEIT 산업기술 R&D 과제현황(공공데이터포털),https://www.data.go.kr/data/15018033/fileData.do,20260721
,경북대학교산학협력단,,2023,국비,산업통상자원부,[IRIS 사업] 탄소중립산업핵심기술개발(R&D),R&D,,,KEIT 산업기술 R&D 과제현황(공공데이터포털),https://www.data.go.kr/data/15018033/fileData.do,20260721
,경북대학교산학협력단,,2023,국비,산업통상자원부,[IRIS 사업] 민관공동투자반도체고급인력양성(R&D),R&D,,,KEIT 산업기술 R&D 과제현황(공공데이터포털),https://www.data.go.kr/data/15018033/fileData.do,20260721
,경북대학교 산학협력단,,2023,국비,산업통상자원부,탄소혁신스타즈프로젝트,R&D,,,KEIT 산업기술 R&D 과제현황(공공데이터포털),https://www.data.go.kr/data/15018033/fileData.do,20260721
,경북대학교 산학협력단,,2023,국비,산업통상자원부,제조장비실증,R&D,,,KEIT 산업기술 R&D 과제현황(공공데이터포털),https://www.data.go.kr/data/15018033/fileData.do,20260721
,경북대학교 산학협력단,,2023,국비,산업통상자원부,제조기반생산시스템,R&D,,,KEIT 산업기술 R&D 과제현황(공공데이터포털),https://www.data.go.kr/data/15018033/fileData.do,20260721
,경북대학교 산학협력단,,2023,국비,산업통상자원부,소재부품패키지형,R&D,,,KEIT 산업기술 R&D 과제현황(공공데이터포털),https://www.data.go.kr/data/15018033/fileData.do,20260721
,경북대학교 산학협력단,,2023,국비,산업통상자원부,소재부품이종기술융합형,R&D,,,KEIT 산업기술 R&D 과제현황(공공데이터포털),https://www.data.go.kr/data/15018033/fileData.do,20260721
,경북대학교 산학협력단,,2023,국비,산업통상자원부,서비스산업융합고도화,R&D,,,KEIT 산업기술 R&D 과제현황(공공데이터포털),https://www.data.go.kr/data/15018033/fileData.do,20260721
,경북대학교 산학협력단,,2023,국비,산업통상자원부,산업기술알키미스트프로젝트사업,R&D,,,KEIT 산업기술 R&D 과제현황(공공데이터포털),https://www.data.go.kr/data/15018033/fileData.do,20260721
,경북대학교 산학협력단,,2023,국비,산업통상자원부,메타버스를위한마이크로디스플레이기술개발,R&D,,,KEIT 산업기술 R&D 과제현황(공공데이터포털),https://www.data.go.kr/data/15018033/fileData.do,20260721
,경북대학교 산학협력단,,2023,국비,산업통상자원부,맞춤형진단치료제품,R&D,,,KEIT 산업기술 R&D 과제현황(공공데이터포털),https://www.data.go.kr/data/15018033/fileData.do,20260721
,경북대학교 산학협력단,,2023,국비,산업통상자원부,국가표준기술력향상,R&D,,,KEIT 산업기술 R&D 과제현황(공공데이터포털),https://www.data.go.kr/data/15018033/fileData.do,20260721
,경북대학교 산학협력단,,2023,국비,행정안전부,[행안부] 소방현장 탐색·진압 활동지원 로봇 기술개발,R&D,,,KEIT 산업기술 R&D 과제현황(공공데이터포털),https://www.data.go.kr/data/15018033/fileData.do,20260721
,경북대학교 산학협력단,,2023,국비,산업통상자원부,3D프린팅디지털전환기술개발,R&D,,,KEIT 산업기술 R&D 과제현황(공공데이터포털),https://www.data.go.kr/data/15018033/fileData.do,20260721
c10413,㈜동진금속,,2023,국비,산업통상자원부,제조장비실증,R&D,,,KEIT 산업기술 R&D 과제현황(공공데이터포털),https://www.data.go.kr/data/15018033/fileData.do,20260721
c6821,KOTITI 시험연구원,,2023,국비,산업통상자원부,항바이러스 국제인증체계 수립을 위한 기반 구축,R&D,,,KEIT 산업기술 R&D 과제현황(공공데이터포털),https://www.data.go.kr/data/15018033/fileData.do,20260721
c6821,KOTITI 시험연구원,,2023,국비,산업통상자원부,인증기술개발,R&D,,,KEIT 산업기술 R&D 과제현황(공공데이터포털),https://www.data.go.kr/data/15018033/fileData.do,20260721
c6821,KOTITI 시험연구원,,2023,국비,산업통상자원부,소재부품패키지형,R&D,,,KEIT 산업기술 R&D 과제현황(공공데이터포털),https://www.data.go.kr/data/15018033/fileData.do,20260721
c6821,KOTITI 시험연구원,,2023,국비,산업통상자원부,산업기술R&D연구기획사업,R&D,,,KEIT 산업기술 R&D 과제현황(공공데이터포털),https://www.data.go.kr/data/15018033/fileData.do,20260721
c0295,(주)휴먼앤테크,,2023,국비,중소벤처기업진흥공단,스마트제조기업 일자리 패키지,선정,,,중소벤처기업진흥공단 스마트제조기업 일자리 패키지 참여기업(공공데이터포털),https://www.data.go.kr/data/15100252/fileData.do,2024-03
c8692,(주)화신,,2023,국비,산업통상자원부,로봇산업핵심기술개발사업,R&D,,,KEIT 산업기술 R&D 과제현황(공공데이터포털),https://www.data.go.kr/data/15018033/fileData.do,20260721
,(주)현대케미칼,,2023,국비,산업통상자원부,소재부품패키지형,R&D,,,KEIT 산업기술 R&D 과제현황(공공데이터포털),https://www.data.go.kr/data/15018033/fileData.do,20260721
c5933,(주)한국하이테크,,2023,국비,중소벤처기업진흥공단,스마트제조기업 일자리 패키지,선정,,,중소벤처기업진흥공단 스마트제조기업 일자리 패키지 참여기업(공공데이터포털),https://www.data.go.kr/data/15100252/fileData.do,2024-03
x2496,(주)퓨전소프트,,2023,국비,산업통상자원부,스마트카,R&D,,,KEIT 산업기술 R&D 과제현황(공공데이터포털),https://www.data.go.kr/data/15018033/fileData.do,20260721
x2507,(주)포위즈시스템,,2023,국비,산업통상자원부,디자인혁신역량강화,R&D,,,KEIT 산업기술 R&D 과제현황(공공데이터포털),https://www.data.go.kr/data/15018033/fileData.do,20260721
c6682,(주)카길애그리퓨리나,,2023,국비,산업통상자원부,소재부품이종기술융합형,R&D,,,KEIT 산업기술 R&D 과제현황(공공데이터포털),https://www.data.go.kr/data/15018033/fileData.do,20260721
c5572,(주)창성섬유,,2023,국비,중소벤처기업진흥공단,스마트제조기업 일자리 패키지,선정,,,중소벤처기업진흥공단 스마트제조기업 일자리 패키지 참여기업(공공데이터포털),https://www.data.go.kr/data/15100252/fileData.do,2024-03
,(주)지오로봇,,2023,국비,산업통상자원부,소재부품이종기술융합형,R&D,,,KEIT 산업기술 R&D 과제현황(공공데이터포털),https://www.data.go.kr/data/15018033/fileData.do,20260721
,(주)정진누리마루,,2023,국비,중소벤처기업진흥공단,스마트제조기업 일자리 패키지,선정,,,중소벤처기업진흥공단 스마트제조기업 일자리 패키지 참여기업(공공데이터포털),https://www.data.go.kr/data/15100252/fileData.do,2024-03
c6669,(주)이엘씨,,2023,국비,산업통상자원부,소재부품패키지형,R&D,,,KEIT 산업기술 R&D 과제현황(공공데이터포털),https://www.data.go.kr/data/15018033/fileData.do,20260721
x3756,(주)이룸기술,,2023,국비,행정안전부,지역특화형 재난안전 연구지원,R&D,,,KEIT 산업기술 R&D 과제현황(공공데이터포털),https://www.data.go.kr/data/15018033/fileData.do,20260721
,(주)유진테크,,2023,국비,산업통상자원부,소재부품패키지형,R&D,,,KEIT 산업기술 R&D 과제현황(공공데이터포털),https://www.data.go.kr/data/15018033/fileData.do,20260721
,(주)유진테크,,2023,국비,산업통상자원부,디스플레이장비국산화를위한핵심부분품기술개발,R&D,,,KEIT 산업기술 R&D 과제현황(공공데이터포털),https://www.data.go.kr/data/15018033/fileData.do,20260721
c10337,(주)유니테크,,2023,국비,산업통상자원부,소재부품패키지형,R&D,,,KEIT 산업기술 R&D 과제현황(공공데이터포털),https://www.data.go.kr/data/15018033/fileData.do,20260721
,(주)용진,,2023,국비,산업통상자원부,소재부품패키지형,R&D,,,KEIT 산업기술 R&D 과제현황(공공데이터포털),https://www.data.go.kr/data/15018033/fileData.do,20260721
x4717,(주)옐로나이프,,2023,국비,산업통상자원부,스마트카,R&D,,,KEIT 산업기술 R&D 과제현황(공공데이터포털),https://www.data.go.kr/data/15018033/fileData.do,20260721
,(주)엘앤에프,,2023,국비,산업통상자원부,소재부품패키지형,R&D,,,KEIT 산업기술 R&D 과제현황(공공데이터포털),https://www.data.go.kr/data/15018033/fileData.do,20260721
c7859,(주)에이티씨,,2023,국비,산업통상자원부,소재부품패키지형,R&D,,,KEIT 산업기술 R&D 과제현황(공공데이터포털),https://www.data.go.kr/data/15018033/fileData.do,20260721
,(주)에이텍,,2023,국비,산업통상자원부,제조기반생산시스템,R&D,,,KEIT 산업기술 R&D 과제현황(공공데이터포털),https://www.data.go.kr/data/15018033/fileData.do,20260721
x3875,(주)에이아이티,,2023,국비,산업통상자원부,나노융합혁신제품기술개발,R&D,,,KEIT 산업기술 R&D 과제현황(공공데이터포털),https://www.data.go.kr/data/15018033/fileData.do,20260721
c10424,(주)에이시스테크놀로지,,2023,국비,산업통상자원부,제조기반생산시스템,R&D,,,KEIT 산업기술 R&D 과제현황(공공데이터포털),https://www.data.go.kr/data/15018033/fileData.do,20260721
c10424,(주)에이시스테크놀로지,,2023,국비,산업통상자원부,시장자립형3세대xEV산업육성사업,R&D,,,KEIT 산업기술 R&D 과제현황(공공데이터포털),https://www.data.go.kr/data/15018033/fileData.do,20260721
c4903,(주)에스피지,,2023,국비,산업통상자원부,소재부품패키지형,R&D,,,KEIT 산업기술 R&D 과제현황(공공데이터포털),https://www.data.go.kr/data/15018033/fileData.do,20260721
x3475,(주)에스비솔루션,,2023,국비,산업통상자원부,글로벌스타팹리스30기술개발지원,R&D,,,KEIT 산업기술 R&D 과제현황(공공데이터포털),https://www.data.go.kr/data/15018033/fileData.do,20260721
x3475,(주)에스비솔루션,,2023,국비,산업통상자원부,[IRIS 사업] 시장주도형K-센서기술개발,R&D,,,KEIT 산업기술 R&D 과제현황(공공데이터포털),https://www.data.go.kr/data/15018033/fileData.do,20260721
c6877,(주)에스더블유엠,,2023,국비,산업통상자원부,자율주행기술개발혁신사업,R&D,,,KEIT 산업기술 R&D 과제현황(공공데이터포털),https://www.data.go.kr/data/15018033/fileData.do,20260721
c10477,(주)씨오알엔,,2023,국비,산업통상자원부,디자인혁신역량강화,R&D,,,KEIT 산업기술 R&D 과제현황(공공데이터포털),https://www.data.go.kr/data/15018033/fileData.do,20260721
x3146,(주)쓰리아이,,2023,국비,산업통상자원부,우수기업연구소육성사업(ATC+),R&D,,,KEIT 산업기술 R&D 과제현황(공공데이터포털),https://www.data.go.kr/data/15018033/fileData.do,20260721
c0542,(주)솔라라이트,,2023,국비,산업통상자원부,파괴적혁신R&D설계기획,R&D,,,KEIT 산업기술 R&D 과제현황(공공데이터포털),https://www.data.go.kr/data/15018033/fileData.do,20260721
,(주)세창,,2023,국비,중소벤처기업진흥공단,스마트제조기업 일자리 패키지,선정,,,중소벤처기업진흥공단 스마트제조기업 일자리 패키지 참여기업(공공데이터포털),https://www.data.go.kr/data/15100252/fileData.do,2024-03
,(주)성삼,,2023,국비,산업통상자원부,우수기업연구소육성사업(ATC+),R&D,,,KEIT 산업기술 R&D 과제현황(공공데이터포털),https://www.data.go.kr/data/15018033/fileData.do,20260721
c1847,(주)상동,,2023,국비,산업통상자원부,제조장비실증,R&D,,,KEIT 산업기술 R&D 과제현황(공공데이터포털),https://www.data.go.kr/data/15018033/fileData.do,20260721
c7846,(주)미래하이테크,,2023,국비,산업통상자원부,소재부품패키지형,R&D,,,KEIT 산업기술 R&D 과제현황(공공데이터포털),https://www.data.go.kr/data/15018033/fileData.do,20260721
c8015,(주)멤브레어,,2023,국비,산업통상자원부,소재부품이종기술융합형,R&D,,,KEIT 산업기술 R&D 과제현황(공공데이터포털),https://www.data.go.kr/data/15018033/fileData.do,20260721
x3523,(주)메텍,,2023,국비,산업통상자원부,시장자립형3세대xEV산업육성사업,R&D,,,KEIT 산업기술 R&D 과제현황(공공데이터포털),https://www.data.go.kr/data/15018033/fileData.do,20260721
c5330,(주)래딕스,,2023,국비,산업통상자원부,제조기반생산시스템,R&D,,,KEIT 산업기술 R&D 과제현황(공공데이터포털),https://www.data.go.kr/data/15018033/fileData.do,20260721
,(주)디케이,,2023,국비,산업통상자원부,서비스핵심기술개발,R&D,,,KEIT 산업기술 R&D 과제현황(공공데이터포털),https://www.data.go.kr/data/15018033/fileData.do,20260721
c5189,(주)디엔비,,2023,국비,산업통상자원부,디자인혁신역량강화,R&D,,,KEIT 산업기술 R&D 과제현황(공공데이터포털),https://www.data.go.kr/data/15018033/fileData.do,20260721
c8622,(주)디넷,,2023,국비,중소벤처기업진흥공단,스마트제조기업 일자리 패키지,선정,,,중소벤처기업진흥공단 스마트제조기업 일자리 패키지 참여기업(공공데이터포털),https://www.data.go.kr/data/15100252/fileData.do,2024-03
,(주)대주기계,,2023,국비,산업통상자원부,제조장비실증,R&D,,,KEIT 산업기술 R&D 과제현황(공공데이터포털),https://www.data.go.kr/data/15018033/fileData.do,20260721
c4350,(주)대일정공,,2023,국비,산업통상자원부,[IRIS 사업] 첨단제조기술기반 중재의료기기 기술개발사업(R&D),R&D,,,KEIT 산업기술 R&D 과제현황(공공데이터포털),https://www.data.go.kr/data/15018033/fileData.do,20260721
,(주)대성하이텍,,2023,국비,산업통상자원부,소재부품이종기술융합형,R&D,,,KEIT 산업기술 R&D 과제현황(공공데이터포털),https://www.data.go.kr/data/15018033/fileData.do,20260721
c1205,(주)대성사,,2023,국비,산업통상자원부,그린카,R&D,,,KEIT 산업기술 R&D 과제현황(공공데이터포털),https://www.data.go.kr/data/15018033/fileData.do,20260721
,(주)대동,,2023,국비,산업통상자원부,제조기반생산시스템,R&D,,,KEIT 산업기술 R&D 과제현황(공공데이터포털),https://www.data.go.kr/data/15018033/fileData.do,20260721
c6751,(주)다온테크,,2023,국비,산업통상자원부,[IRIS 사업] 친환경 선박 전주기 핵심 기술개발,R&D,,,KEIT 산업기술 R&D 과제현황(공공데이터포털),https://www.data.go.kr/data/15018033/fileData.do,20260721
,(주)나우테크,,2023,국비,산업통상자원부,제조장비실증,R&D,,,KEIT 산업기술 R&D 과제현황(공공데이터포털),https://www.data.go.kr/data/15018033/fileData.do,20260721
c10410,(주)구영테크,,2023,국비,산업통상자원부,제조기반생산시스템,R&D,,,KEIT 산업기술 R&D 과제현황(공공데이터포털),https://www.data.go.kr/data/15018033/fileData.do,20260721
c7943,(주)EV첨단소재,,2023,국비,산업통상자원부,제조기반생산시스템,R&D,,,KEIT 산업기술 R&D 과제현황(공공데이터포털),https://www.data.go.kr/data/15018033/fileData.do,20260721
c7943,(주)EV첨단소재,,2023,국비,산업통상자원부,[IRIS 사업] 시장주도형K-센서기술개발,R&D,,,KEIT 산업기술 R&D 과제현황(공공데이터포털),https://www.data.go.kr/data/15018033/fileData.do,20260721
c5516,(주)AVACO,,2023,국비,산업통상자원부,반도체제조공정정비,R&D,,,KEIT 산업기술 R&D 과제현황(공공데이터포털),https://www.data.go.kr/data/15018033/fileData.do,20260721
c5516,(주)AVACO,,2023,국비,산업통상자원부,디스플레이장비국산화를위한핵심부분품기술개발,R&D,,,KEIT 산업기술 R&D 과제현황(공공데이터포털),https://www.data.go.kr/data/15018033/fileData.do,20260721
c6871,(주) 아이엠티,,2023,국비,산업통상자원부,소재부품패키지형,R&D,,,KEIT 산업기술 R&D 과제현황(공공데이터포털),https://www.data.go.kr/data/15018033/fileData.do,20260721
x3959,(주) 성원,,2023,국비,산업통상자원부,주력산업IT융합,R&D,,,KEIT 산업기술 R&D 과제현황(공공데이터포털),https://www.data.go.kr/data/15018033/fileData.do,20260721
,(재)대구테크노파크,,2023,국비,행정안전부,지역특화형 재난안전 연구지원,R&D,,,KEIT 산업기술 R&D 과제현황(공공데이터포털),https://www.data.go.kr/data/15018033/fileData.do,20260721
,(재)대구기계부품연구원,,2023,국비,산업통상자원부,제조장비실증,R&D,,,KEIT 산업기술 R&D 과제현황(공공데이터포털),https://www.data.go.kr/data/15018033/fileData.do,20260721
,(재)대구기계부품연구원,,2023,국비,산업통상자원부,제조기반생산시스템,R&D,,,KEIT 산업기술 R&D 과제현황(공공데이터포털),https://www.data.go.kr/data/15018033/fileData.do,20260721
,(재)대구기계부품연구원,,2023,국비,산업통상자원부,우수기업연구소육성사업(ATC+),R&D,,,KEIT 산업기술 R&D 과제현황(공공데이터포털),https://www.data.go.kr/data/15018033/fileData.do,20260721
,(재)대구기계부품연구원,,2023,국비,산업통상자원부,소재부품이종기술융합형,R&D,,,KEIT 산업기술 R&D 과제현황(공공데이터포털),https://www.data.go.kr/data/15018033/fileData.do,20260721
,(재)대구기계부품연구원,,2023,국비,산업통상자원부,디자인혁신역량강화,R&D,,,KEIT 산업기술 R&D 과제현황(공공데이터포털),https://www.data.go.kr/data/15018033/fileData.do,20260721
c8563,휴먼플러스(주),,2022,국비,산업통상자원부,그린카,R&D,,,KEIT 산업기술 R&D 과제현황(공공데이터포털),https://www.data.go.kr/data/15018033/fileData.do,20260721
c3193,효성전기(주),,2022,국비,산업통상자원부,그린카,R&D,,,KEIT 산업기술 R&D 과제현황(공공데이터포털),https://www.data.go.kr/data/15018033/fileData.do,20260721
,화성산업(주),,2022,국비,산업통상자원부(에너지기술평가원),에너지인력양성(R&D),R&D,,,한국에너지기술평가원 지원과제정보(공공데이터포털),https://www.data.go.kr/data/15106650/fileData.do,2022
,현대코퍼레이션 주식회사,,2022,국비,산업통상자원부,[IRIS 사업] 수요기업맞춤형고출력축전지(슈퍼커패시터)성능고도화기술개발,R&D,,,KEIT 산업기술 R&D 과제현황(공공데이터포털),https://www.data.go.kr/data/15018033/fileData.do,20260721
c8550,현대제철주식회사,,2022,국비,산업통상자원부,[IRIS 사업] 철강분야탄소중립을위한무탄소연료전환및에너지효율향상기술개발,R&D,,,KEIT 산업기술 R&D 과제현황(공공데이터포털),https://www.data.go.kr/data/15018033/fileData.do,20260721
c8550,현대제철주식회사,,2022,국비,산업통상자원부,[IRIS 사업] 전기로 제강공정 디지털화를 통한 고효율 조업기술 개발,R&D,,,KEIT 산업기술 R&D 과제현황(공공데이터포털),https://www.data.go.kr/data/15018033/fileData.do,20260721
c8550,현대제철주식회사,,2022,국비,산업통상자원부,[IRIS 사업] 시멘트원료(석회석)대체순환자원확대기술개발,R&D,,,KEIT 산업기술 R&D 과제현황(공공데이터포털),https://www.data.go.kr/data/15018033/fileData.do,20260721
,현대엔지니어링(주),,2022,국비,산업통상자원부,[IRIS 사업] 탄소저감모델연계디지털엔지니어링설계기술개발,R&D,,,KEIT 산업기술 R&D 과제현황(공공데이터포털),https://www.data.go.kr/data/15018033/fileData.do,20260721
c9822,현대모비스(주),,2022,국비,산업통상자원부,자율주행기술개발혁신사업,R&D,,,KEIT 산업기술 R&D 과제현황(공공데이터포털),https://www.data.go.kr/data/15018033/fileData.do,20260721
c9822,현대모비스(주),,2022,국비,산업통상자원부,소재부품패키지형,R&D,,,KEIT 산업기술 R&D 과제현황(공공데이터포털),https://www.data.go.kr/data/15018033/fileData.do,20260721
c9822,현대모비스(주),,2022,국비,산업통상자원부,나노융합혁신제품기술개발,R&D,,,KEIT 산업기술 R&D 과제현황(공공데이터포털),https://www.data.go.kr/data/15018033/fileData.do,20260721
c9288,한세모빌리티 주식회사,,2022,국비,산업통상자원부,스마트카,R&D,,,KEIT 산업기술 R&D 과제현황(공공데이터포털),https://www.data.go.kr/data/15018033/fileData.do,20260721
c9288,한세모빌리티 주식회사,,2022,국비,산업통상자원부,그린카,R&D,,,KEIT 산업기술 R&D 과제현황(공공데이터포털),https://www.data.go.kr/data/15018033/fileData.do,20260721
,한성에스앤아이 주식회사,,2022,국비,산업통상자원부(에너지기술평가원),에너지수요관리핵심기술개발(에특)(R&D),R&D,,,한국에너지기술평가원 지원과제정보(공공데이터포털),https://www.data.go.kr/data/15106650/fileData.do,2022
,한서실업(주),,2022,국비,산업통상자원부,제조장비실증,R&D,,,KEIT 산업기술 R&D 과제현황(공공데이터포털),https://www.data.go.kr/data/15018033/fileData.do,20260721
c1726,한빛,,2022,국비,중소벤처기업진흥공단,스마트제조기업 일자리 패키지,선정,,,중소벤처기업진흥공단 스마트제조기업 일자리 패키지 참여기업(공공데이터포털),https://www.data.go.kr/data/15100252/fileData.do,2024-03
c5294,한국정보통신기술협회,,2022,국비,산업통상자원부,국가표준기술력향상,R&D,,,KEIT 산업기술 R&D 과제현황(공공데이터포털),https://www.data.go.kr/data/15018033/fileData.do,20260721
c10552,한국자동차연구원,,2022,국비,산업통상자원부,제조기반생산시스템,R&D,,,KEIT 산업기술 R&D 과제현황(공공데이터포털),https://www.data.go.kr/data/15018033/fileData.do,20260721
c10552,한국자동차연구원,,2022,국비,산업통상자원부,자율주행기술개발혁신사업,R&D,,,KEIT 산업기술 R&D 과제현황(공공데이터포털),https://www.data.go.kr/data/15018033/fileData.do,20260721
c10552,한국자동차연구원,,2022,국비,산업통상자원부,우수기업연구소육성사업(ATC+),R&D,,,KEIT 산업기술 R&D 과제현황(공공데이터포털),https://www.data.go.kr/data/15018033/fileData.do,20260721
c10552,한국자동차연구원,,2022,국비,산업통상자원부,시장자립형3세대xEV산업육성사업,R&D,,,KEIT 산업기술 R&D 과제현황(공공데이터포털),https://www.data.go.kr/data/15018033/fileData.do,20260721
c10552,한국자동차연구원,,2022,국비,산업통상자원부,스마트카,R&D,,,KEIT 산업기술 R&D 과제현황(공공데이터포털),https://www.data.go.kr/data/15018033/fileData.do,20260721
c10552,한국자동차연구원,,2022,국비,산업통상자원부,소재부품패키지형,R&D,,,KEIT 산업기술 R&D 과제현황(공공데이터포털),https://www.data.go.kr/data/15018033/fileData.do,20260721
c10552,한국자동차연구원,,2022,국비,산업통상자원부,산업기술R&D연구기획사업,R&D,,,KEIT 산업기술 R&D 과제현황(공공데이터포털),https://www.data.go.kr/data/15018033/fileData.do,20260721
c10552,한국자동차연구원,,2022,국비,산업통상자원부,로봇산업핵심기술개발사업,R&D,,,KEIT 산업기술 R&D 과제현황(공공데이터포털),https://www.data.go.kr/data/15018033/fileData.do,20260721
c10552,한국자동차연구원,,2022,국비,산업통상자원부,디자인혁신역량강화,R&D,,,KEIT 산업기술 R&D 과제현황(공공데이터포털),https://www.data.go.kr/data/15018033/fileData.do,20260721
c10552,한국자동차연구원,,2022,국비,산업통상자원부,그린카,R&D,,,KEIT 산업기술 R&D 과제현황(공공데이터포털),https://www.data.go.kr/data/15018033/fileData.do,20260721
c10552,한국자동차연구원,,2022,국비,산업통상자원부,국가표준기술력향상,R&D,,,KEIT 산업기술 R&D 과제현황(공공데이터포털),https://www.data.go.kr/data/15018033/fileData.do,20260721
c10552,한국자동차연구원,,2022,국비,산업통상자원부,[IRIS 사업] 초고난도 자율주행모빌리티 인지예측센서 기술개발,R&D,,,KEIT 산업기술 R&D 과제현황(공공데이터포털),https://www.data.go.kr/data/15018033/fileData.do,20260721
c10552,한국자동차연구원,,2022,국비,산업통상자원부,[IRIS 사업] 전기식건설기계용충전인프라및기반기술개발,R&D,,,KEIT 산업기술 R&D 과제현황(공공데이터포털),https://www.data.go.kr/data/15018033/fileData.do,20260721
c10552,한국자동차연구원,,2022,국비,산업통상자원부,[IRIS 사업] 온실가스 감축을 위한 SUV용 하이브리드시스템 고도화기술개발,R&D,,,KEIT 산업기술 R&D 과제현황(공공데이터포털),https://www.data.go.kr/data/15018033/fileData.do,20260721
c10552,한국자동차연구원,,2022,국비,산업통상자원부,[IRIS 사업] 수요기반형 고신뢰성 자동차 반도체 핵심기술개발,R&D,,,KEIT 산업기술 R&D 과제현황(공공데이터포털),https://www.data.go.kr/data/15018033/fileData.do,20260721
c10552,한국자동차연구원,,2022,국비,산업통상자원부,[IRIS 사업] 수소모빌리티 확대를 위한 개방형 연료전지시스템 설계 검증 플랫폼기술개발,R&D,,,KEIT 산업기술 R&D 과제현황(공공데이터포털),https://www.data.go.kr/data/15018033/fileData.do,20260721
c10552,한국자동차연구원,,2022,국비,산업통상자원부,[IRIS 사업] 민간항공기 건전성 진단 인공지능(AI) 시스템 개발,R&D,,,KEIT 산업기술 R&D 과제현황(공공데이터포털),https://www.data.go.kr/data/15018033/fileData.do,20260721
c10552,한국자동차연구원,,2022,국비,산업통상자원부,CMF디자인핵심기술개발사업,R&D,,,KEIT 산업기술 R&D 과제현황(공공데이터포털),https://www.data.go.kr/data/15018033/fileData.do,20260721
,한국산업단지공단,,2022,국비,산업통상자원부(에너지기술평가원),에너지수요관리핵심기술개발(에특)(R&D),R&D,,,한국에너지기술평가원 지원과제정보(공공데이터포털),https://www.data.go.kr/data/15106650/fileData.do,2022
c6974,한국디자인진흥원,,2022,국비,산업통상자원부,서비스산업융합고도화,R&D,,,KEIT 산업기술 R&D 과제현황(공공데이터포털),https://www.data.go.kr/data/15018033/fileData.do,20260721
c6974,한국디자인진흥원,,2022,국비,산업통상자원부,산업기술R&D연구기획사업,R&D,,,KEIT 산업기술 R&D 과제현황(공공데이터포털),https://www.data.go.kr/data/15018033/fileData.do,20260721
c6974,한국디자인진흥원,,2022,국비,산업통상자원부,CMF디자인핵심기술개발사업,R&D,,,KEIT 산업기술 R&D 과제현황(공공데이터포털),https://www.data.go.kr/data/15018033/fileData.do,20260721
,한국가스공사,,2022,국비,산업통상자원부(에너지기술평가원),에너지인력양성(R&D),R&D,,,한국에너지기술평가원 지원과제정보(공공데이터포털),https://www.data.go.kr/data/15106650/fileData.do,2022
,한국가스공사,,2022,국비,산업통상자원부(에너지기술평가원),에너지수요관리핵심기술개발(에특)(R&D),R&D,,,한국에너지기술평가원 지원과제정보(공공데이터포털),https://www.data.go.kr/data/15106650/fileData.do,2022
c6480,피씨케이(주),,2022,국비,산업통상자원부,소재부품패키지형,R&D,,,KEIT 산업기술 R&D 과제현황(공공데이터포털),https://www.data.go.kr/data/15018033/fileData.do,20260721
c9285,평화오일씰공업(주),,2022,국비,산업통상자원부(에너지기술평가원),신재생에너지핵심기술개발(R&D),R&D,,,한국에너지기술평가원 지원과제정보(공공데이터포털),https://www.data.go.kr/data/15106650/fileData.do,2022
c6448,태광산업(주),,2022,국비,산업통상자원부,[IRIS 사업] 탄소중립화학재생그린섬유개발,R&D,,,KEIT 산업기술 R&D 과제현황(공공데이터포털),https://www.data.go.kr/data/15018033/fileData.do,20260721
c9472,케이비아이메탈(주),,2022,국비,산업통상자원부(에너지기술평가원),신재생에너지핵심기술개발(R&D),R&D,,,한국에너지기술평가원 지원과제정보(공공데이터포털),https://www.data.go.kr/data/15106650/fileData.do,2022
,채비㈜,,2022,국비,중소기업기술정보진흥원,지역혁신 선도기업,선정,,,중소기업기술정보진흥원 지역혁신 선도기업 선정 현황(공공데이터포털),https://www.data.go.kr/data/15106072/fileData.do,20260319
,채비(주),,2022,국비,산업통상자원부,[IRIS 사업] 전기식건설기계용충전인프라및기반기술개발,R&D,,,KEIT 산업기술 R&D 과제현황(공공데이터포털),https://www.data.go.kr/data/15018033/fileData.do,20260721
,진영전기(주),,2022,국비,산업통상자원부,스마트카,R&D,,,KEIT 산업기술 R&D 과제현황(공공데이터포털),https://www.data.go.kr/data/15018033/fileData.do,20260721
,주식회사진성산업,,2022,국비,산업통상자원부,제조안전혁신기술개발,R&D,,,KEIT 산업기술 R&D 과제현황(공공데이터포털),https://www.data.go.kr/data/15018033/fileData.do,20260721
c0552,주식회사유니메딕스,,2022,국비,산업통상자원부,[IRIS 사업] 시장주도형K-센서기술개발,R&D,,,KEIT 산업기술 R&D 과제현황(공공데이터포털),https://www.data.go.kr/data/15018033/fileData.do,20260721
c0566,주식회사씨앤보코,,2022,국비,산업통상자원부,우수기업연구소육성사업(ATC+),R&D,,,KEIT 산업기술 R&D 과제현황(공공데이터포털),https://www.data.go.kr/data/15018033/fileData.do,20260721
c7595,주식회사 효림엑스이,,2022,국비,산업통상자원부,소재부품패키지형,R&D,,,KEIT 산업기술 R&D 과제현황(공공데이터포털),https://www.data.go.kr/data/15018033/fileData.do,20260721
c0184,주식회사 헬스올,,2022,국비,산업통상자원부,국가표준기술력향상,R&D,,,KEIT 산업기술 R&D 과제현황(공공데이터포털),https://www.data.go.kr/data/15018033/fileData.do,20260721
,주식회사 한성,,2022,국비,산업통상자원부(에너지기술평가원),에너지수요관리핵심기술개발(에특)(R&D),R&D,,,한국에너지기술평가원 지원과제정보(공공데이터포털),https://www.data.go.kr/data/15106650/fileData.do,2022
c2899,주식회사 팸텍,,2022,국비,산업통상자원부,국가표준기술력향상,R&D,,,KEIT 산업기술 R&D 과제현황(공공데이터포털),https://www.data.go.kr/data/15018033/fileData.do,20260721
c8161,주식회사 티씨엠에스,,2022,국비,산업통상자원부,소재부품이종기술융합형,R&D,,,KEIT 산업기술 R&D 과제현황(공공데이터포털),https://www.data.go.kr/data/15018033/fileData.do,20260721
c10661,주식회사 테토스,,2022,국비,산업통상자원부,우수기업연구소육성사업(ATC+),R&D,,,KEIT 산업기술 R&D 과제현황(공공데이터포털),https://www.data.go.kr/data/15018033/fileData.do,20260721
c7769,주식회사 인스,,2022,국비,산업통상자원부,디자인혁신역량강화,R&D,,,KEIT 산업기술 R&D 과제현황(공공데이터포털),https://www.data.go.kr/data/15018033/fileData.do,20260721
x4654,주식회사 유엔이,,2022,국비,산업통상자원부,[IRIS 사업] 웨어러블기반해상화재·화학사고대응기술개발,R&D,,,KEIT 산업기술 R&D 과제현황(공공데이터포털),https://www.data.go.kr/data/15018033/fileData.do,20260721
,주식회사 위츠,,2022,국비,산업통상자원부,그린카,R&D,,,KEIT 산업기술 R&D 과제현황(공공데이터포털),https://www.data.go.kr/data/15018033/fileData.do,20260721
x3039,주식회사 엔틀,,2022,국비,산업통상자원부(에너지기술평가원),에너지수요관리핵심기술개발(에특)(R&D),R&D,,,한국에너지기술평가원 지원과제정보(공공데이터포털),https://www.data.go.kr/data/15106650/fileData.do,2022
,주식회사 엑스큐브,,2022,국비,산업통상자원부,디지털헬스케어,R&D,,,KEIT 산업기술 R&D 과제현황(공공데이터포털),https://www.data.go.kr/data/15018033/fileData.do,20260721
,주식회사 알텍,,2022,국비,산업통상자원부,그린카,R&D,,,KEIT 산업기술 R&D 과제현황(공공데이터포털),https://www.data.go.kr/data/15018033/fileData.do,20260721
c3811,주식회사 아이온,,2022,국비,산업통상자원부,[IRIS 사업] 웨어러블기반해상화재·화학사고대응기술개발,R&D,,,KEIT 산업기술 R&D 과제현황(공공데이터포털),https://www.data.go.kr/data/15018033/fileData.do,20260721
c10627,주식회사 아이에스아이,,2022,국비,산업통상자원부,글로벌주력산업품질대응뿌리기술개발,R&D,,,KEIT 산업기술 R&D 과제현황(공공데이터포털),https://www.data.go.kr/data/15018033/fileData.do,20260721
c10059,주식회사 서우이엔지,,2022,국비,산업통상자원부,소재부품패키지형,R&D,,,KEIT 산업기술 R&D 과제현황(공공데이터포털),https://www.data.go.kr/data/15018033/fileData.do,20260721
x4494,주식회사 비즈데이터,,2022,국비,산업통상자원부,우수기업연구소육성사업(ATC+),R&D,,,KEIT 산업기술 R&D 과제현황(공공데이터포털),https://www.data.go.kr/data/15018033/fileData.do,20260721
c10613,주식회사 비엠아이,,2022,국비,산업통상자원부,[IRIS 사업] 탄소저감형중대형이차전지혁신제조기술개발,R&D,,,KEIT 산업기술 R&D 과제현황(공공데이터포털),https://www.data.go.kr/data/15018033/fileData.do,20260721
x2794,주식회사 베이리스,,2022,국비,산업통상자원부,자율주행기술개발혁신사업,R&D,,,KEIT 산업기술 R&D 과제현황(공공데이터포털),https://www.data.go.kr/data/15018033/fileData.do,20260721
x2794,주식회사 베이리스,,2022,국비,산업통상자원부,스마트카,R&D,,,KEIT 산업기술 R&D 과제현황(공공데이터포털),https://www.data.go.kr/data/15018033/fileData.do,20260721
x4732,주식회사 바이노텍,,2022,국비,중소기업기술정보진흥원,창업성장기술개발사업,선정,,,중소기업기술정보진흥원 기술개발 우수성과 50선(공공데이터포털),https://www.data.go.kr/data/15025589/fileData.do,20241231
x4732,주식회사 바이노텍,,2022,국비,산업통상자원부,우수기업연구소육성사업(ATC+),R&D,,,KEIT 산업기술 R&D 과제현황(공공데이터포털),https://www.data.go.kr/data/15018033/fileData.do,20260721
c6581,주식회사 모토닉 대구공장,,2022,국비,산업통상자원부(에너지기술평가원),신재생에너지핵심기술개발(R&D),R&D,,,한국에너지기술평가원 지원과제정보(공공데이터포털),https://www.data.go.kr/data/15106650/fileData.do,2022
c8015,주식회사 멤브레어,,2022,국비,산업통상자원부(에너지기술평가원),에너지수요관리핵심기술개발(에특)(R&D),R&D,,,한국에너지기술평가원 지원과제정보(공공데이터포털),https://www.data.go.kr/data/15106650/fileData.do,2022
c8630,주식회사 메카솔루션,,2022,국비,산업통상자원부(에너지기술평가원),에너지인력양성(R&D),R&D,,,한국에너지기술평가원 지원과제정보(공공데이터포털),https://www.data.go.kr/data/15106650/fileData.do,2022
c6572,주식회사 루브캠코리아,,2022,국비,산업통상자원부(에너지기술평가원),에너지인력양성(R&D),R&D,,,한국에너지기술평가원 지원과제정보(공공데이터포털),https://www.data.go.kr/data/15106650/fileData.do,2022
,주식회사 덴티스,,2022,국비,산업통상자원부,디지털헬스케어,R&D,,,KEIT 산업기술 R&D 과제현황(공공데이터포털),https://www.data.go.kr/data/15018033/fileData.do,20260721
x3755,주식회사 나인테크,,2022,국비,산업통상자원부,우수기업연구소육성사업(ATC+),R&D,,,KEIT 산업기술 R&D 과제현황(공공데이터포털),https://www.data.go.kr/data/15018033/fileData.do,20260721
x3755,주식회사 나인테크,,2022,국비,산업통상자원부,소재부품패키지형,R&D,,,KEIT 산업기술 R&D 과제현황(공공데이터포털),https://www.data.go.kr/data/15018033/fileData.do,20260721
c6402,조인셋(주),,2022,국비,산업통상자원부,소재부품패키지형,R&D,,,KEIT 산업기술 R&D 과제현황(공공데이터포털),https://www.data.go.kr/data/15018033/fileData.do,20260721
c3988,제이디,,2022,국비,산업통상자원부,[IRIS 사업] PIM인공지능반도체핵심기술개발,R&D,,,KEIT 산업기술 R&D 과제현황(공공데이터포털),https://www.data.go.kr/data/15018033/fileData.do,20260721
c9080,인셀(주),,2022,국비,산업통상자원부,시장자립형3세대xEV산업육성사업,R&D,,,KEIT 산업기술 R&D 과제현황(공공데이터포털),https://www.data.go.kr/data/15018033/fileData.do,20260721
x2251,인사이트 디자인,,2022,국비,산업통상자원부,CMF디자인핵심기술개발사업,R&D,,,KEIT 산업기술 R&D 과제현황(공공데이터포털),https://www.data.go.kr/data/15018033/fileData.do,20260721
c3948,이박스 주식회사,,2022,국비,산업통상자원부(에너지기술평가원),에너지수요관리핵심기술개발(에특)(R&D),R&D,,,한국에너지기술평가원 지원과제정보(공공데이터포털),https://www.data.go.kr/data/15106650/fileData.do,2022
c6362,윤테크 주식회사,,2022,국비,산업통상자원부,그린카,R&D,,,KEIT 산업기술 R&D 과제현황(공공데이터포털),https://www.data.go.kr/data/15018033/fileData.do,20260721
c8595,위니텍,,2022,국비,산업통상자원부,[IRIS 사업] 웨어러블기반해상화재·화학사고대응기술개발,R&D,,,KEIT 산업기술 R&D 과제현황(공공데이터포털),https://www.data.go.kr/data/15018033/fileData.do,20260721
c4936,우진공업(주),,2022,국비,산업통상자원부,[IRIS 사업] 수요기반형 고신뢰성 자동차 반도체 핵심기술개발,R&D,,,KEIT 산업기술 R&D 과제현황(공공데이터포털),https://www.data.go.kr/data/15018033/fileData.do,20260721
,와이제이링크㈜,,2022,국비,중소기업기술정보진흥원,지역혁신 선도기업,선정,,,중소기업기술정보진흥원 지역혁신 선도기업 선정 현황(공공데이터포털),https://www.data.go.kr/data/15106072/fileData.do,20260319
,와이엠레미 주식회사,,2022,국비,산업통상자원부(에너지기술평가원),에너지수요관리핵심기술개발(에특)(R&D),R&D,,,한국에너지기술평가원 지원과제정보(공공데이터포털),https://www.data.go.kr/data/15106650/fileData.do,2022
,오토아이티 (주),,2022,국비,산업통상자원부,스마트카,R&D,,,KEIT 산업기술 R&D 과제현황(공공데이터포털),https://www.data.go.kr/data/15018033/fileData.do,20260721
,엠포티,,2022,국비,산업통상자원부(에너지기술평가원),에너지인력양성(R&D),R&D,,,한국에너지기술평가원 지원과제정보(공공데이터포털),https://www.data.go.kr/data/15106650/fileData.do,2022
c10924,엠스코,,2022,국비,산업통상자원부,그린카,R&D,,,KEIT 산업기술 R&D 과제현황(공공데이터포털),https://www.data.go.kr/data/15018033/fileData.do,20260721
,엘앤에프,,2022,국비,산업통상자원부,[IRIS 사업] 탄소저감형중대형이차전지혁신제조기술개발,R&D,,,KEIT 산업기술 R&D 과제현황(공공데이터포털),https://www.data.go.kr/data/15018033/fileData.do,20260721
c9861,에임트(주),,2022,국비,산업통상자원부,소재부품패키지형,R&D,,,KEIT 산업기술 R&D 과제현황(공공데이터포털),https://www.data.go.kr/data/15018033/fileData.do,20260721
c6638,에이온주식회사,,2022,국비,산업통상자원부,상용표준물질개발보급,R&D,,,KEIT 산업기술 R&D 과제현황(공공데이터포털),https://www.data.go.kr/data/15018033/fileData.do,20260721
,에스티엠 주식회사,,2022,국비,산업통상자원부,그린카,R&D,,,KEIT 산업기술 R&D 과제현황(공공데이터포털),https://www.data.go.kr/data/15018033/fileData.do,20260721
c7298,에스티엑스에너지솔루션(주),,2022,국비,산업통상자원부(에너지기술평가원),에너지인력양성(R&D),R&D,,,한국에너지기술평가원 지원과제정보(공공데이터포털),https://www.data.go.kr/data/15106650/fileData.do,2022
c7298,에스티엑스에너지솔루션(주),,2022,국비,산업통상자원부(에너지기술평가원),신재생에너지핵심기술개발(R&D),R&D,,,한국에너지기술평가원 지원과제정보(공공데이터포털),https://www.data.go.kr/data/15106650/fileData.do,2022
,에스트라오토모티브시스템 주식회사,,2022,국비,산업통상자원부,시장자립형3세대xEV산업육성사업,R&D,,,KEIT 산업기술 R&D 과제현황(공공데이터포털),https://www.data.go.kr/data/15018033/fileData.do,20260721
c3827,에스엘테크,,2022,국비,행정안전부,재난감지 범위확대 융복합 센서개발,R&D,,,KEIT 산업기술 R&D 과제현황(공공데이터포털),https://www.data.go.kr/data/15018033/fileData.do,20260721
,에스엘(주),,2022,국비,산업통상자원부,시장자립형3세대xEV산업육성사업,R&D,,,KEIT 산업기술 R&D 과제현황(공공데이터포털),https://www.data.go.kr/data/15018033/fileData.do,20260721
,에스엘(주),,2022,국비,산업통상자원부,그린카,R&D,,,KEIT 산업기술 R&D 과제현황(공공데이터포털),https://www.data.go.kr/data/15018033/fileData.do,20260721
x4582,에스아이오티 주식회사,,2022,국비,행정안전부,재난감지 범위확대 융복합 센서개발,R&D,,,KEIT 산업기술 R&D 과제현황(공공데이터포털),https://www.data.go.kr/data/15018033/fileData.do,20260721
c5353,에너캠프,,2022,국비,산업통상자원부,시장자립형3세대xEV산업육성사업,R&D,,,KEIT 산업기술 R&D 과제현황(공공데이터포털),https://www.data.go.kr/data/15018033/fileData.do,20260721
,아진산업(주),,2022,국비,산업통상자원부,제조장비실증,R&D,,,KEIT 산업기술 R&D 과제현황(공공데이터포털),https://www.data.go.kr/data/15018033/fileData.do,20260721
c10477,씨오알엔,,2022,국비,산업통상자원부,[IRIS 사업] 탄소저감형중대형이차전지혁신제조기술개발,R&D,,,KEIT 산업기술 R&D 과제현황(공공데이터포털),https://www.data.go.kr/data/15018033/fileData.do,20260721
c11032,수성피앤티,,2022,국비,산업통상자원부,제조장비실증,R&D,,,KEIT 산업기술 R&D 과제현황(공공데이터포털),https://www.data.go.kr/data/15018033/fileData.do,20260721
,세신정밀,,2022,국비,산업통상자원부,[IRIS 사업] 병원-기업협력공동사업화기반수요연계형기술개발사업,R&D,,,KEIT 산업기술 R&D 과제현황(공공데이터포털),https://www.data.go.kr/data/15018033/fileData.do,20260721
,성림첨단산업(주),,2022,국비,산업통상자원부(에너지기술평가원),에너지국제공동연구(R&D),R&D,,,한국에너지기술평가원 지원과제정보(공공데이터포털),https://www.data.go.kr/data/15106650/fileData.do,2022
,성림첨단산업(주),,2022,국비,산업통상자원부,나노융합혁신제품기술개발,R&D,,,KEIT 산업기술 R&D 과제현황(공공데이터포털),https://www.data.go.kr/data/15018033/fileData.do,20260721
c7698,서창전기통신(주),,2022,국비,산업통상자원부(에너지기술평가원),에너지국제공동연구(R&D),R&D,,,한국에너지기술평가원 지원과제정보(공공데이터포털),https://www.data.go.kr/data/15106650/fileData.do,2022
,상신브레이크(주),,2022,국비,산업통상자원부,그린카,R&D,,,KEIT 산업기술 R&D 과제현황(공공데이터포털),https://www.data.go.kr/data/15018033/fileData.do,20260721
c0749,삼환염공(주),,2022,국비,산업통상자원부,DNA연계XR핵심부품및서비스기술개발,R&D,,,KEIT 산업기술 R&D 과제현황(공공데이터포털),https://www.data.go.kr/data/15018033/fileData.do,20260721
c8333,삼원FA(주),,2022,국비,산업통상자원부,우수기업연구소육성사업(ATC+),R&D,,,KEIT 산업기술 R&D 과제현황(공공데이터포털),https://www.data.go.kr/data/15018033/fileData.do,20260721
,삼보모터스(주),,2022,국비,산업통상자원부(에너지기술평가원),액체수소 충전소용 저장용기 및 수소공급시스템 기술개발 및 운영실증(R&D),R&D,,,한국에너지기술평가원 지원과제정보(공공데이터포털),https://www.data.go.kr/data/15106650/fileData.do,2022
,삼보모터스(주),,2022,국비,산업통상자원부(에너지기술평가원),신재생에너지핵심기술개발(R&D),R&D,,,한국에너지기술평가원 지원과제정보(공공데이터포털),https://www.data.go.kr/data/15106650/fileData.do,2022
,삼보모터스(주),,2022,국비,산업통상자원부,[IRIS 사업] 온실가스 감축을 위한 SUV용 하이브리드시스템 고도화기술개발,R&D,,,KEIT 산업기술 R&D 과제현황(공공데이터포털),https://www.data.go.kr/data/15018033/fileData.do,20260721
c7252,벽진BIO텍,,2022,국비,산업통상자원부,제조기반생산시스템,R&D,,,KEIT 산업기술 R&D 과제현황(공공데이터포털),https://www.data.go.kr/data/15018033/fileData.do,20260721
c2137,마르스,,2022,국비,산업통상자원부,[IRIS 사업] 온실가스 감축을 위한 SUV용 하이브리드시스템 고도화기술개발,R&D,,,KEIT 산업기술 R&D 과제현황(공공데이터포털),https://www.data.go.kr/data/15018033/fileData.do,20260721
,디케이(주),,2022,국비,산업통상자원부,서비스핵심기술개발,R&D,,,KEIT 산업기술 R&D 과제현황(공공데이터포털),https://www.data.go.kr/data/15018033/fileData.do,20260721
c0948,도아인더스,,2022,국비,산업통상자원부,[IRIS 사업] 탄소중립화학재생그린섬유개발,R&D,,,KEIT 산업기술 R&D 과제현황(공공데이터포털),https://www.data.go.kr/data/15018033/fileData.do,20260721
,덕일산업(주),,2022,국비,산업통상자원부,스마트카,R&D,,,KEIT 산업기술 R&D 과제현황(공공데이터포털),https://www.data.go.kr/data/15018033/fileData.do,20260721
,대영코어텍(주),,2022,국비,산업통상자원부,제조장비실증,R&D,,,KEIT 산업기술 R&D 과제현황(공공데이터포털),https://www.data.go.kr/data/15018033/fileData.do,20260721
,대영채비(주),,2022,국비,산업통상자원부(에너지기술평가원),에너지신기술표준화 및 인증지원사업(R&D),R&D,,,한국에너지기술평가원 지원과제정보(공공데이터포털),https://www.data.go.kr/data/15106650/fileData.do,2022
,대성에너지(주),,2022,국비,산업통상자원부(에너지기술평가원),에너지인력양성(R&D),R&D,,,한국에너지기술평가원 지원과제정보(공공데이터포털),https://www.data.go.kr/data/15106650/fileData.do,2022
,대성에너지(주),,2022,국비,산업통상자원부(에너지기술평가원),에너지수요관리핵심기술개발(에특)(R&D),R&D,,,한국에너지기술평가원 지원과제정보(공공데이터포털),https://www.data.go.kr/data/15106650/fileData.do,2022
c1203,대상주식회사,,2022,국비,산업통상자원부,첨단바이오신소재,R&D,,,KEIT 산업기술 R&D 과제현황(공공데이터포털),https://www.data.go.kr/data/15018033/fileData.do,20260721
c1203,대상주식회사,,2022,국비,산업통상자원부,석유계플라스틱대체바이오매스기반생분해성바이오플라스틱제품기술개발,R&D,,,KEIT 산업기술 R&D 과제현황(공공데이터포털),https://www.data.go.kr/data/15018033/fileData.do,20260721
,대동정공,,2022,국비,산업통상자원부,소재부품패키지형,R&D,,,KEIT 산업기술 R&D 과제현황(공공데이터포털),https://www.data.go.kr/data/15018033/fileData.do,20260721
x2469,대구보건대학교산학협력단,,2022,국비,산업통상자원부,디지털헬스케어,R&D,,,KEIT 산업기술 R&D 과제현황(공공데이터포털),https://www.data.go.kr/data/15018033/fileData.do,20260721
,다이텍연구원,,2022,국비,산업통상자원부(에너지기술평가원),에너지수요관리핵심기술개발(에특)(R&D),R&D,,,한국에너지기술평가원 지원과제정보(공공데이터포털),https://www.data.go.kr/data/15106650/fileData.do,2022
c8711,다우엔지니어링,,2022,국비,중소벤처기업진흥공단,스마트제조기업 일자리 패키지,선정,,,중소벤처기업진흥공단 스마트제조기업 일자리 패키지 참여기업(공공데이터포털),https://www.data.go.kr/data/15100252/fileData.do,2024-03
x2290,계명대학교산학협력단,,2022,국비,산업통상자원부(에너지기술평가원),차세대 AC/DC Hybrid 배전 네트워크 기술개발사업(R&D),R&D,,,한국에너지기술평가원 지원과제정보(공공데이터포털),https://www.data.go.kr/data/15106650/fileData.do,2022
x2290,계명대학교산학협력단,,2022,국비,산업통상자원부(에너지기술평가원),제철공정 내 CO2 회수 활용 기술개발(R&D),R&D,,,한국에너지기술평가원 지원과제정보(공공데이터포털),https://www.data.go.kr/data/15106650/fileData.do,2022
x2290,계명대학교산학협력단,,2022,국비,산업통상자원부,제조기반생산시스템,R&D,,,KEIT 산업기술 R&D 과제현황(공공데이터포털),https://www.data.go.kr/data/15018033/fileData.do,20260721
x2290,계명대학교산학협력단,,2022,국비,산업통상자원부,소재부품패키지형,R&D,,,KEIT 산업기술 R&D 과제현황(공공데이터포털),https://www.data.go.kr/data/15018033/fileData.do,20260721
x2290,계명대학교산학협력단,,2022,국비,산업통상자원부,그린카,R&D,,,KEIT 산업기술 R&D 과제현황(공공데이터포털),https://www.data.go.kr/data/15018033/fileData.do,20260721
x2290,계명대학교산학협력단,,2022,국비,산업통상자원부,[IRIS 사업] 탄소저감모델연계디지털엔지니어링설계기술개발,R&D,,,KEIT 산업기술 R&D 과제현황(공공데이터포털),https://www.data.go.kr/data/15018033/fileData.do,20260721
c1136,경일대학교산학협력단,,2022,국비,행정안전부,지역특화형 재난안전 연구지원,R&D,,,KEIT 산업기술 R&D 과제현황(공공데이터포털),https://www.data.go.kr/data/15018033/fileData.do,20260721
c10566,경원산업주식회사,,2022,국비,산업통상자원부,소재부품패키지형,R&D,,,KEIT 산업기술 R&D 과제현황(공공데이터포털),https://www.data.go.kr/data/15018033/fileData.do,20260721
c10566,경원산업주식회사,,2022,국비,소방청,구조구급 인명안전기술,R&D,,,KEIT 산업기술 R&D 과제현황(공공데이터포털),https://www.data.go.kr/data/15018033/fileData.do,20260721
,경북대학교산학협력단,,2022,국비,산업통상자원부,[IRIS 사업] 탄소저감형석유계원료대체화학공정기술개발,R&D,,,KEIT 산업기술 R&D 과제현황(공공데이터포털),https://www.data.go.kr/data/15018033/fileData.do,20260721
,경북대학교 산학협력단,,2022,국비,산업통상자원부,차세대시스템반도체설계소자공정기술개발,R&D,,,KEIT 산업기술 R&D 과제현황(공공데이터포털),https://www.data.go.kr/data/15018033/fileData.do,20260721
,경북대학교 산학협력단,,2022,국비,산업통상자원부(에너지기술평가원),차세대 AC/DC Hybrid 배전 네트워크 기술개발사업(R&D),R&D,,,한국에너지기술평가원 지원과제정보(공공데이터포털),https://www.data.go.kr/data/15106650/fileData.do,2022
,경북대학교 산학협력단,,2022,국비,산업통상자원부(에너지기술평가원),제조업활력제고를위한산업기계에너지저감형재제조기술개발(R&D),R&D,,,한국에너지기술평가원 지원과제정보(공공데이터포털),https://www.data.go.kr/data/15106650/fileData.do,2022
,경북대학교 산학협력단,,2022,국비,산업통상자원부,제조기반생산시스템,R&D,,,KEIT 산업기술 R&D 과제현황(공공데이터포털),https://www.data.go.kr/data/15018033/fileData.do,20260721
,경북대학교 산학협력단,,2022,국비,산업통상자원부(에너지기술평가원),재생에너지 전력계통 연계 대용량 고압 모듈형 ESS 기술개발(R&D),R&D,,,한국에너지기술평가원 지원과제정보(공공데이터포털),https://www.data.go.kr/data/15106650/fileData.do,2022
,경북대학교 산학협력단,,2022,국비,산업통상자원부(에너지기술평가원),원전해체방폐물안전관리기술개발(R&D),R&D,,,한국에너지기술평가원 지원과제정보(공공데이터포털),https://www.data.go.kr/data/15106650/fileData.do,2022
,경북대학교 산학협력단,,2022,국비,산업통상자원부(에너지기술평가원),원자력핵심기술개발(R&D),R&D,,,한국에너지기술평가원 지원과제정보(공공데이터포털),https://www.data.go.kr/data/15106650/fileData.do,2022
,경북대학교 산학협력단,,2022,국비,산업통상자원부(에너지기술평가원),에너지인력양성(R&D),R&D,,,한국에너지기술평가원 지원과제정보(공공데이터포털),https://www.data.go.kr/data/15106650/fileData.do,2022
,경북대학교 산학협력단,,2022,국비,산업통상자원부(에너지기술평가원),에너지수요관리핵심기술개발(에특)(R&D),R&D,,,한국에너지기술평가원 지원과제정보(공공데이터포털),https://www.data.go.kr/data/15106650/fileData.do,2022
,경북대학교 산학협력단,,2022,국비,산업통상자원부(에너지기술평가원),신재생에너지핵심기술개발(R&D),R&D,,,한국에너지기술평가원 지원과제정보(공공데이터포털),https://www.data.go.kr/data/15106650/fileData.do,2022
,경북대학교 산학협력단,,2022,국비,산업통상자원부(에너지기술평가원),신재생 연계 ESS안전성 평가센터 구축 사업(R&D),R&D,,,한국에너지기술평가원 지원과제정보(공공데이터포털),https://www.data.go.kr/data/15106650/fileData.do,2022
,경북대학교 산학협력단,,2022,국비,산업통상자원부(에너지기술평가원),스마트그리드핵심기술개발(R&D),R&D,,,한국에너지기술평가원 지원과제정보(공공데이터포털),https://www.data.go.kr/data/15106650/fileData.do,2022
,경북대학교 산학협력단,,2022,국비,산업통상자원부,소재부품패키지형,R&D,,,KEIT 산업기술 R&D 과제현황(공공데이터포털),https://www.data.go.kr/data/15018033/fileData.do,20260721
,경북대학교 산학협력단,,2022,국비,산업통상자원부,소재부품이종기술융합형,R&D,,,KEIT 산업기술 R&D 과제현황(공공데이터포털),https://www.data.go.kr/data/15018033/fileData.do,20260721
,경북대학교 산학협력단,,2022,국비,산업통상자원부,석유계플라스틱대체바이오매스기반생분해성바이오플라스틱제품기술개발,R&D,,,KEIT 산업기술 R&D 과제현황(공공데이터포털),https://www.data.go.kr/data/15018033/fileData.do,20260721
,경북대학교 산학협력단,,2022,국비,산업통상자원부,산업기술알키미스트프로젝트사업,R&D,,,KEIT 산업기술 R&D 과제현황(공공데이터포털),https://www.data.go.kr/data/15018033/fileData.do,20260721
,경북대학교 산학협력단,,2022,국비,산업통상자원부,디지털헬스케어,R&D,,,KEIT 산업기술 R&D 과제현황(공공데이터포털),https://www.data.go.kr/data/15018033/fileData.do,20260721
,경북대학교 산학협력단,,2022,국비,산업통상자원부,디스플레이혁신공정플랫폼구축,R&D,,,KEIT 산업기술 R&D 과제현황(공공데이터포털),https://www.data.go.kr/data/15018033/fileData.do,20260721
,경북대학교 산학협력단,,2022,국비,산업통상자원부,그린카,R&D,,,KEIT 산업기술 R&D 과제현황(공공데이터포털),https://www.data.go.kr/data/15018033/fileData.do,20260721
,경북대학교 산학협력단,,2022,국비,산업통상자원부(에너지기술평가원),CO2해양지중저장상용화핵심기술개발(R&D),R&D,,,한국에너지기술평가원 지원과제정보(공공데이터포털),https://www.data.go.kr/data/15106650/fileData.do,2022
,경북대학교 산학협력단,,2022,국비,산업통상자원부,3D프린팅융합실증기술개발,R&D,,,KEIT 산업기술 R&D 과제현황(공공데이터포털),https://www.data.go.kr/data/15018033/fileData.do,20260721
c5588,거림테크(주),,2022,국비,산업통상자원부,소재부품패키지형,R&D,,,KEIT 산업기술 R&D 과제현황(공공데이터포털),https://www.data.go.kr/data/15018033/fileData.do,20260721
c5588,거림테크(주),,2022,국비,산업통상자원부,글로벌주력산업품질대응뿌리기술개발,R&D,,,KEIT 산업기술 R&D 과제현황(공공데이터포털),https://www.data.go.kr/data/15018033/fileData.do,20260721
c2674,㈜엔유씨전자,,2022,국비,중소기업기술정보진흥원,지역혁신 선도기업,선정,,,중소기업기술정보진흥원 지역혁신 선도기업 선정 현황(공공데이터포털),https://www.data.go.kr/data/15106072/fileData.do,20260319
c0196,㈜씨엠에이글로벌,,2022,국비,중소기업기술정보진흥원,지역혁신 선도기업,선정,,,중소기업기술정보진흥원 지역혁신 선도기업 선정 현황(공공데이터포털),https://www.data.go.kr/data/15106072/fileData.do,20260319
c5337,㈜삼우농기,,2022,국비,중소기업기술정보진흥원,지역혁신 선도기업,선정,,,중소기업기술정보진흥원 지역혁신 선도기업 선정 현황(공공데이터포털),https://www.data.go.kr/data/15106072/fileData.do,20260319
c0417,㈜)파인메딕스,,2022,국비,중소기업기술정보진흥원,지역혁신 선도기업,선정,,,중소기업기술정보진흥원 지역혁신 선도기업 선정 현황(공공데이터포털),https://www.data.go.kr/data/15106072/fileData.do,20260319
c6821,KOTITI 시험연구원,,2022,국비,산업통상자원부,항바이러스 국제인증체계 수립을 위한 기반 구축,R&D,,,KEIT 산업기술 R&D 과제현황(공공데이터포털),https://www.data.go.kr/data/15018033/fileData.do,20260721
c6821,KOTITI 시험연구원,,2022,국비,산업통상자원부,제품안전기준및평가기법개발,R&D,,,KEIT 산업기술 R&D 과제현황(공공데이터포털),https://www.data.go.kr/data/15018033/fileData.do,20260721
c6821,KOTITI 시험연구원,,2022,국비,산업통상자원부,유망시험서비스 개발,R&D,,,KEIT 산업기술 R&D 과제현황(공공데이터포털),https://www.data.go.kr/data/15018033/fileData.do,20260721
c6821,KOTITI 시험연구원,,2022,국비,산업통상자원부,상용표준물질개발보급,R&D,,,KEIT 산업기술 R&D 과제현황(공공데이터포털),https://www.data.go.kr/data/15018033/fileData.do,20260721
c6821,KOTITI 시험연구원,,2022,국비,산업통상자원부,산업기술R&D연구기획사업,R&D,,,KEIT 산업기술 R&D 과제현황(공공데이터포털),https://www.data.go.kr/data/15018033/fileData.do,20260721
c6821,KOTITI 시험연구원,,2022,국비,산업통상자원부,국가표준기술력향상,R&D,,,KEIT 산업기술 R&D 과제현황(공공데이터포털),https://www.data.go.kr/data/15018033/fileData.do,20260721
c6821,KOTITI 시험연구원,,2022,국비,산업통상자원부,CMF디자인핵심기술개발사업,R&D,,,KEIT 산업기술 R&D 과제현황(공공데이터포털),https://www.data.go.kr/data/15018033/fileData.do,20260721
c2688,HK스틸,,2022,국비,중소벤처기업진흥공단,스마트제조기업 일자리 패키지,선정,,,중소벤처기업진흥공단 스마트제조기업 일자리 패키지 참여기업(공공데이터포털),https://www.data.go.kr/data/15100252/fileData.do,2024-03
,(주)휴먼엔테크,,2022,국비,중소벤처기업진흥공단,스마트제조기업 일자리 패키지,선정,,,중소벤처기업진흥공단 스마트제조기업 일자리 패키지 참여기업(공공데이터포털),https://www.data.go.kr/data/15100252/fileData.do,2024-03
c8692,(주)화신,,2022,국비,산업통상자원부,소재부품패키지형,R&D,,,KEIT 산업기술 R&D 과제현황(공공데이터포털),https://www.data.go.kr/data/15018033/fileData.do,20260721
,(주)한국소방기구제작소,,2022,국비,소방청,ESS 화재대응,R&D,,,KEIT 산업기술 R&D 과제현황(공공데이터포털),https://www.data.go.kr/data/15018033/fileData.do,20260721
c10663,(주)하이박,,2022,국비,산업통상자원부,그린카,R&D,,,KEIT 산업기술 R&D 과제현황(공공데이터포털),https://www.data.go.kr/data/15018033/fileData.do,20260721
,(주)프로텍,,2022,국비,산업통상자원부,제조기반생산시스템,R&D,,,KEIT 산업기술 R&D 과제현황(공공데이터포털),https://www.data.go.kr/data/15018033/fileData.do,20260721
x2496,(주)퓨전소프트,,2022,국비,산업통상자원부,디자인혁신역량강화,R&D,,,KEIT 산업기술 R&D 과제현황(공공데이터포털),https://www.data.go.kr/data/15018033/fileData.do,20260721
,(주)티티엔지,,2022,국비,중소벤처기업진흥공단,스마트제조기업 일자리 패키지,선정,,,중소벤처기업진흥공단 스마트제조기업 일자리 패키지 참여기업(공공데이터포털),https://www.data.go.kr/data/15100252/fileData.do,2024-03
c8678,(주)카펙발레오,,2022,국비,산업통상자원부,그린카,R&D,,,KEIT 산업기술 R&D 과제현황(공공데이터포털),https://www.data.go.kr/data/15018033/fileData.do,20260721
c8968,(주)진성정밀,,2022,국비,산업통상자원부,제조기반생산시스템,R&D,,,KEIT 산업기술 R&D 과제현황(공공데이터포털),https://www.data.go.kr/data/15018033/fileData.do,20260721
,(주)제이에스테크,,2022,국비,산업통상자원부,그린카,R&D,,,KEIT 산업기술 R&D 과제현황(공공데이터포털),https://www.data.go.kr/data/15018033/fileData.do,20260721
c7548,(주)일진,,2022,국비,산업통상자원부,그린카,R&D,,,KEIT 산업기술 R&D 과제현황(공공데이터포털),https://www.data.go.kr/data/15018033/fileData.do,20260721
c0521,(주)인트인,,2022,국비,산업통상자원부,디지털헬스케어,R&D,,,KEIT 산업기술 R&D 과제현황(공공데이터포털),https://www.data.go.kr/data/15018033/fileData.do,20260721
c0652,(주)이엘피,,2022,국비,산업통상자원부,디스플레이혁신공정플랫폼구축,R&D,,,KEIT 산업기술 R&D 과제현황(공공데이터포털),https://www.data.go.kr/data/15018033/fileData.do,20260721
,(주)유진엠에스,,2022,국비,산업통상자원부,로봇산업핵심기술개발사업,R&D,,,KEIT 산업기술 R&D 과제현황(공공데이터포털),https://www.data.go.kr/data/15018033/fileData.do,20260721
c5860,(주)유원,,2022,국비,산업통상자원부,소재부품패키지형,R&D,,,KEIT 산업기술 R&D 과제현황(공공데이터포털),https://www.data.go.kr/data/15018033/fileData.do,20260721
x4654,(주)유엔이,,2022,국비,산업통상자원부(에너지기술평가원),에너지국제공동연구(R&D),R&D,,,한국에너지기술평가원 지원과제정보(공공데이터포털),https://www.data.go.kr/data/15106650/fileData.do,2022
x4654,(주)유엔이,,2022,국비,산업통상자원부,서비스산업융합고도화,R&D,,,KEIT 산업기술 R&D 과제현황(공공데이터포털),https://www.data.go.kr/data/15018033/fileData.do,20260721
c7765,(주)유림테크,,2022,국비,산업통상자원부,글로벌주력산업품질대응뿌리기술개발,R&D,,,KEIT 산업기술 R&D 과제현황(공공데이터포털),https://www.data.go.kr/data/15018033/fileData.do,20260721
c8445,(주)유니크,,2022,국비,산업통상자원부,제조기반생산시스템,R&D,,,KEIT 산업기술 R&D 과제현황(공공데이터포털),https://www.data.go.kr/data/15018033/fileData.do,20260721
c8445,(주)유니크,,2022,국비,산업통상자원부,시장자립형3세대xEV산업육성사업,R&D,,,KEIT 산업기술 R&D 과제현황(공공데이터포털),https://www.data.go.kr/data/15018033/fileData.do,20260721
,(주)유니온,,2022,국비,산업통상자원부,탄소혁신스타즈프로젝트,R&D,,,KEIT 산업기술 R&D 과제현황(공공데이터포털),https://www.data.go.kr/data/15018033/fileData.do,20260721
x4607,(주)엠디엠,,2022,국비,산업통상자원부,그린카,R&D,,,KEIT 산업기술 R&D 과제현황(공공데이터포털),https://www.data.go.kr/data/15018033/fileData.do,20260721
,(주)엘앤에프,,2022,국비,산업통상자원부(에너지기술평가원),저탄소고부가전극재제조혁신기술개발(R&D),R&D,,,한국에너지기술평가원 지원과제정보(공공데이터포털),https://www.data.go.kr/data/15106650/fileData.do,2022
,(주)엘앤에프,,2022,국비,산업통상자원부(에너지기술평가원),에너지인력양성(R&D),R&D,,,한국에너지기술평가원 지원과제정보(공공데이터포털),https://www.data.go.kr/data/15106650/fileData.do,2022
c9611,(주)에이에스이,,2022,국비,산업통상자원부,소재부품패키지형,R&D,,,KEIT 산업기술 R&D 과제현황(공공데이터포털),https://www.data.go.kr/data/15018033/fileData.do,20260721
c10424,(주)에이시스테크놀로지,,2022,국비,산업통상자원부,제조기반생산시스템,R&D,,,KEIT 산업기술 R&D 과제현황(공공데이터포털),https://www.data.go.kr/data/15018033/fileData.do,20260721
c6880,(주)에스제이테크,,2022,국비,산업통상자원부,그린카,R&D,,,KEIT 산업기술 R&D 과제현황(공공데이터포털),https://www.data.go.kr/data/15018033/fileData.do,20260721
c8650,(주)에스제이이노테크,,2022,국비,산업통상자원부(에너지기술평가원),신재생에너지핵심기술개발(R&D),R&D,,,한국에너지기술평가원 지원과제정보(공공데이터포털),https://www.data.go.kr/data/15106650/fileData.do,2022
,(주)애니텍,,2022,국비,산업통상자원부,탄소혁신스타즈프로젝트,R&D,,,KEIT 산업기술 R&D 과제현황(공공데이터포털),https://www.data.go.kr/data/15018033/fileData.do,20260721
c5279,(주)아이디정보시스템,,2022,국비,산업통상자원부(에너지기술평가원),에너지인력양성(R&D),R&D,,,한국에너지기술평가원 지원과제정보(공공데이터포털),https://www.data.go.kr/data/15106650/fileData.do,2022
,(주)아우라테크,,2022,국비,산업통상자원부(에너지기술평가원),LNG발전용 가스터빈 고온부품 성능검증 기술개발(R&D),R&D,,,한국에너지기술평가원 지원과제정보(공공데이터포털),https://www.data.go.kr/data/15106650/fileData.do,2022
x2436,(주)신일이앤씨,,2022,국비,산업통상자원부(에너지기술평가원),에너지인력양성(R&D),R&D,,,한국에너지기술평가원 지원과제정보(공공데이터포털),https://www.data.go.kr/data/15106650/fileData.do,2022
c10622,(주)신성하이텍,,2022,국비,산업통상자원부,글로벌주력산업품질대응뿌리기술개발,R&D,,,KEIT 산업기술 R&D 과제현황(공공데이터포털),https://www.data.go.kr/data/15018033/fileData.do,20260721
c10420,(주)신도,,2022,국비,중소벤처기업진흥공단,스마트제조기업 일자리 패키지,선정,,,중소벤처기업진흥공단 스마트제조기업 일자리 패키지 참여기업(공공데이터포털),https://www.data.go.kr/data/15100252/fileData.do,2024-03
x2481,(주)스파이어테크놀로지,,2022,국비,산업통상자원부,제조안전혁신기술개발,R&D,,,KEIT 산업기술 R&D 과제현황(공공데이터포털),https://www.data.go.kr/data/15018033/fileData.do,20260721
c9599,(주)솔지,,2022,국비,중소기업기술정보진흥원,상용화기술개발사업,선정,,,중소기업기술정보진흥원 기술개발 우수성과 50선(공공데이터포털),https://www.data.go.kr/data/15025589/fileData.do,20241231
c6606,(주)세원정공,,2022,국비,산업통상자원부,제조장비실증,R&D,,,KEIT 산업기술 R&D 과제현황(공공데이터포털),https://www.data.go.kr/data/15018033/fileData.do,20260721
,(주)세명테크,,2022,국비,산업통상자원부,그린카,R&D,,,KEIT 산업기술 R&D 과제현황(공공데이터포털),https://www.data.go.kr/data/15018033/fileData.do,20260721
c5782,(주)설텍,,2022,국비,산업통상자원부(에너지기술평가원),에너지인력양성(R&D),R&D,,,한국에너지기술평가원 지원과제정보(공공데이터포털),https://www.data.go.kr/data/15106650/fileData.do,2022
c5782,(주)설텍,,2022,국비,산업통상자원부(에너지기술평가원),에너지국제공동연구(R&D),R&D,,,한국에너지기술평가원 지원과제정보(공공데이터포털),https://www.data.go.kr/data/15106650/fileData.do,2022
x4287,(주)새한산업,,2022,국비,산업통상자원부,우수기업연구소육성사업(ATC+),R&D,,,KEIT 산업기술 R&D 과제현황(공공데이터포털),https://www.data.go.kr/data/15018033/fileData.do,20260721
x4287,(주)새한산업,,2022,국비,산업통상자원부,그린카,R&D,,,KEIT 산업기술 R&D 과제현황(공공데이터포털),https://www.data.go.kr/data/15018033/fileData.do,20260721
c9998,(주)삼우이엔지,,2022,국비,산업통상자원부,그린카,R&D,,,KEIT 산업기술 R&D 과제현황(공공데이터포털),https://www.data.go.kr/data/15018033/fileData.do,20260721
,(주)삼기,,2022,국비,산업통상자원부,글로벌주력산업품질대응뿌리기술개발,R&D,,,KEIT 산업기술 R&D 과제현황(공공데이터포털),https://www.data.go.kr/data/15018033/fileData.do,20260721
,(주)삼기,,2022,국비,산업통상자원부,3D프린팅융합실증기술개발,R&D,,,KEIT 산업기술 R&D 과제현황(공공데이터포털),https://www.data.go.kr/data/15018033/fileData.do,20260721
,(주)비에스지,,2022,국비,산업통상자원부,우수기업연구소육성사업(ATC+),R&D,,,KEIT 산업기술 R&D 과제현황(공공데이터포털),https://www.data.go.kr/data/15018033/fileData.do,20260721
x3603,(주)미래엔지니어링,,2022,국비,산업통상자원부,소재부품패키지형,R&D,,,KEIT 산업기술 R&D 과제현황(공공데이터포털),https://www.data.go.kr/data/15018033/fileData.do,20260721
c8017,(주)문명에이스,,2022,국비,산업통상자원부(에너지기술평가원),에너지인력양성(R&D),R&D,,,한국에너지기술평가원 지원과제정보(공공데이터포털),https://www.data.go.kr/data/15106650/fileData.do,2022
c9187,(주)모간,,2022,국비,산업통상자원부(에너지기술평가원),신재생에너지핵심기술개발(R&D),R&D,,,한국에너지기술평가원 지원과제정보(공공데이터포털),https://www.data.go.kr/data/15106650/fileData.do,2022
,(주)릴리커버,,2022,국비,산업통상자원부,제조장비실증,R&D,,,KEIT 산업기술 R&D 과제현황(공공데이터포털),https://www.data.go.kr/data/15018033/fileData.do,20260721
,(주)릴리커버,,2022,국비,산업통상자원부,디자인혁신역량강화,R&D,,,KEIT 산업기술 R&D 과제현황(공공데이터포털),https://www.data.go.kr/data/15018033/fileData.do,20260721
,(주)리빙케어,,2022,국비,산업통상자원부,제조장비실증,R&D,,,KEIT 산업기술 R&D 과제현황(공공데이터포털),https://www.data.go.kr/data/15018033/fileData.do,20260721
c8627,(주)리뉴메디칼,,2022,국비,산업통상자원부,첨단바이오신소재,R&D,,,KEIT 산업기술 R&D 과제현황(공공데이터포털),https://www.data.go.kr/data/15018033/fileData.do,20260721
x3350,(주)로보아이,,2022,국비,산업통상자원부,로봇산업핵심기술개발사업,R&D,,,KEIT 산업기술 R&D 과제현황(공공데이터포털),https://www.data.go.kr/data/15018033/fileData.do,20260721
c6569,(주)라임,,2022,국비,산업통상자원부,제조안전혁신기술개발,R&D,,,KEIT 산업기술 R&D 과제현황(공공데이터포털),https://www.data.go.kr/data/15018033/fileData.do,20260721
,(주)디케이,,2022,국비,산업통상자원부,그린카,R&D,,,KEIT 산업기술 R&D 과제현황(공공데이터포털),https://www.data.go.kr/data/15018033/fileData.do,20260721
c4484,(주)디에스테크노,,2022,국비,산업통상자원부,제조장비실증,R&D,,,KEIT 산업기술 R&D 과제현황(공공데이터포털),https://www.data.go.kr/data/15018033/fileData.do,20260721
c8622,(주)디넷,,2022,국비,중소벤처기업진흥공단,스마트제조기업 일자리 패키지,선정,,,중소벤처기업진흥공단 스마트제조기업 일자리 패키지 참여기업(공공데이터포털),https://www.data.go.kr/data/15100252/fileData.do,2024-03
,(주)대주기계,,2022,국비,산업통상자원부(에너지기술평가원),에너지수요관리핵심기술개발(에특)(R&D),R&D,,,한국에너지기술평가원 지원과제정보(공공데이터포털),https://www.data.go.kr/data/15106650/fileData.do,2022
,(주)대영테크,,2022,국비,산업통상자원부(에너지기술평가원),제조업활력제고를위한산업기계에너지저감형재제조기술개발(R&D),R&D,,,한국에너지기술평가원 지원과제정보(공공데이터포털),https://www.data.go.kr/data/15106650/fileData.do,2022
,(주)대양,,2022,국비,산업통상자원부(에너지기술평가원),에너지인력양성(R&D),R&D,,,한국에너지기술평가원 지원과제정보(공공데이터포털),https://www.data.go.kr/data/15106650/fileData.do,2022
c7443,(주)대성글로벌,,2022,국비,산업통상자원부,디자인혁신역량강화,R&D,,,KEIT 산업기술 R&D 과제현황(공공데이터포털),https://www.data.go.kr/data/15018033/fileData.do,20260721
,(주)대동,,2022,국비,산업통상자원부,제조안전혁신기술개발,R&D,,,KEIT 산업기술 R&D 과제현황(공공데이터포털),https://www.data.go.kr/data/15018033/fileData.do,20260721
,(주)대동,,2022,국비,산업통상자원부,제조기반생산시스템,R&D,,,KEIT 산업기술 R&D 과제현황(공공데이터포털),https://www.data.go.kr/data/15018033/fileData.do,20260721
,(주)나인원,,2022,국비,산업통상자원부(에너지기술평가원),화력발전소 안전환경 구축 기술개발(R&D),R&D,,,한국에너지기술평가원 지원과제정보(공공데이터포털),https://www.data.go.kr/data/15106650/fileData.do,2022
,(주)나우테크,,2022,국비,산업통상자원부,소재부품패키지형,R&D,,,KEIT 산업기술 R&D 과제현황(공공데이터포털),https://www.data.go.kr/data/15018033/fileData.do,20260721
c0932,(주)나경,,2022,국비,산업통상자원부,그린카,R&D,,,KEIT 산업기술 R&D 과제현황(공공데이터포털),https://www.data.go.kr/data/15018033/fileData.do,20260721
c9568,(주)S-Tech,,2022,국비,산업통상자원부,서비스핵심기술개발,R&D,,,KEIT 산업기술 R&D 과제현황(공공데이터포털),https://www.data.go.kr/data/15018033/fileData.do,20260721
c7943,(주)EV첨단소재,,2022,국비,산업통상자원부,소재부품패키지형,R&D,,,KEIT 산업기술 R&D 과제현황(공공데이터포털),https://www.data.go.kr/data/15018033/fileData.do,20260721
c5516,(주)AVACO,,2022,국비,산업통상자원부(에너지기술평가원),신재생에너지핵심기술개발(R&D),R&D,,,한국에너지기술평가원 지원과제정보(공공데이터포털),https://www.data.go.kr/data/15106650/fileData.do,2022
x3959,(주) 성원,,2022,국비,산업통상자원부,제조안전혁신기술개발,R&D,,,KEIT 산업기술 R&D 과제현황(공공데이터포털),https://www.data.go.kr/data/15018033/fileData.do,20260721
c7444,(주) 대성엔지니어링,,2022,국비,산업통상자원부,글로벌주력산업품질대응뿌리기술개발,R&D,,,KEIT 산업기술 R&D 과제현황(공공데이터포털),https://www.data.go.kr/data/15018033/fileData.do,20260721
x2566,(재)지능형자동차부품진흥원,,2022,국비,산업통상자원부,자율주행기술개발혁신사업,R&D,,,KEIT 산업기술 R&D 과제현황(공공데이터포털),https://www.data.go.kr/data/15018033/fileData.do,20260721
,(재)대구테크노파크,,2022,국비,산업통상자원부,디지털헬스케어,R&D,,,KEIT 산업기술 R&D 과제현황(공공데이터포털),https://www.data.go.kr/data/15018033/fileData.do,20260721
,(재)대구기계부품연구원,,2022,국비,산업통상자원부,제조기반생산시스템,R&D,,,KEIT 산업기술 R&D 과제현황(공공데이터포털),https://www.data.go.kr/data/15018033/fileData.do,20260721
,(재)대구기계부품연구원,,2022,국비,산업통상자원부,글로벌주력산업품질대응뿌리기술개발,R&D,,,KEIT 산업기술 R&D 과제현황(공공데이터포털),https://www.data.go.kr/data/15018033/fileData.do,20260721
,(재)대구기계부품연구원,,2022,국비,산업통상자원부,그린카,R&D,,,KEIT 산업기술 R&D 과제현황(공공데이터포털),https://www.data.go.kr/data/15018033/fileData.do,20260721
,(재)대구기계부품연구원,,2022,국비,산업통상자원부(에너지기술평가원),가스터빈 부품 제조기업 기술역량 강화 및 품질/신뢰성 지원 인프라 구축 기술개발사업(R&D),R&D,,,한국에너지기술평가원 지원과제정보(공공데이터포털),https://www.data.go.kr/data/15106650/fileData.do,2022
,(재)대구경북과학기술원,,2022,국비,산업통상자원부(에너지기술평가원),에너지수요관리핵심기술개발(에특)(R&D),R&D,,,한국에너지기술평가원 지원과제정보(공공데이터포털),https://www.data.go.kr/data/15106650/fileData.do,2022
,(재)대구경북과학기술원,,2022,국비,산업통상자원부(에너지기술평가원),신재생에너지핵심기술개발(R&D),R&D,,,한국에너지기술평가원 지원과제정보(공공데이터포털),https://www.data.go.kr/data/15106650/fileData.do,2022
c8550,현대제철주식회사,,2021,국비,산업통상자원부,시장자립형3세대xEV산업육성사업,R&D,,,KEIT 산업기술 R&D 과제현황(공공데이터포털),https://www.data.go.kr/data/15018033/fileData.do,20260721
c8550,현대제철주식회사,,2021,국비,산업통상자원부,소재부품패키지형,R&D,,,KEIT 산업기술 R&D 과제현황(공공데이터포털),https://www.data.go.kr/data/15018033/fileData.do,20260721
,현대엔지니어링(주),,2021,국비,산업통상자원부,제조기반생산시스템,R&D,,,KEIT 산업기술 R&D 과제현황(공공데이터포털),https://www.data.go.kr/data/15018033/fileData.do,20260721
c9822,현대모비스(주),,2021,국비,산업통상자원부,항공용경량소재국산화를위한소재데이터시험개발,R&D,,,KEIT 산업기술 R&D 과제현황(공공데이터포털),https://www.data.go.kr/data/15018033/fileData.do,20260721
c9822,현대모비스(주),,2021,국비,산업통상자원부,자율주행기술개발혁신사업,R&D,,,KEIT 산업기술 R&D 과제현황(공공데이터포털),https://www.data.go.kr/data/15018033/fileData.do,20260721
c9822,현대모비스(주),,2021,국비,산업통상자원부,소재부품패키지형,R&D,,,KEIT 산업기술 R&D 과제현황(공공데이터포털),https://www.data.go.kr/data/15018033/fileData.do,20260721
c9822,현대모비스(주),,2021,국비,산업통상자원부,고부가가치화기술개발,R&D,,,KEIT 산업기술 R&D 과제현황(공공데이터포털),https://www.data.go.kr/data/15018033/fileData.do,20260721
c9288,한세모빌리티 주식회사,,2021,국비,산업통상자원부,자율주행기술개발혁신사업,R&D,,,KEIT 산업기술 R&D 과제현황(공공데이터포털),https://www.data.go.kr/data/15018033/fileData.do,20260721
c9288,한세모빌리티 주식회사,,2021,국비,산업통상자원부,무인자율주행기술의언택트서비스실용화기술개발및기술실증,R&D,,,KEIT 산업기술 R&D 과제현황(공공데이터포털),https://www.data.go.kr/data/15018033/fileData.do,20260721
c9733,한국피아이엠(주),,2021,국비,산업통상자원부,고부가가치화기술개발,R&D,,,KEIT 산업기술 R&D 과제현황(공공데이터포털),https://www.data.go.kr/data/15018033/fileData.do,20260721
c10729,한국진공(주),,2021,국비,산업통상자원부,소재부품패키지형,R&D,,,KEIT 산업기술 R&D 과제현황(공공데이터포털),https://www.data.go.kr/data/15018033/fileData.do,20260721
c5294,한국정보통신기술협회,,2021,국비,산업통상자원부,자율주행기술개발혁신사업,R&D,,,KEIT 산업기술 R&D 과제현황(공공데이터포털),https://www.data.go.kr/data/15018033/fileData.do,20260721
c10552,한국자동차연구원,,2021,국비,산업통상자원부,친환경자원순환기술개발,R&D,,,KEIT 산업기술 R&D 과제현황(공공데이터포털),https://www.data.go.kr/data/15018033/fileData.do,20260721
c10552,한국자동차연구원,,2021,국비,산업통상자원부,초안전주행플랫폼핵심기술개발,R&D,,,KEIT 산업기술 R&D 과제현황(공공데이터포털),https://www.data.go.kr/data/15018033/fileData.do,20260721
c10552,한국자동차연구원,,2021,국비,산업통상자원부,자율주행기술개발혁신사업,R&D,,,KEIT 산업기술 R&D 과제현황(공공데이터포털),https://www.data.go.kr/data/15018033/fileData.do,20260721
c10552,한국자동차연구원,,2021,국비,산업통상자원부,자율셔틀 인포테인먼트 기술개발 및 서비스 실증,R&D,,,KEIT 산업기술 R&D 과제현황(공공데이터포털),https://www.data.go.kr/data/15018033/fileData.do,20260721
c10552,한국자동차연구원,,2021,국비,산업통상자원부,인증기술개발,R&D,,,KEIT 산업기술 R&D 과제현황(공공데이터포털),https://www.data.go.kr/data/15018033/fileData.do,20260721
c10552,한국자동차연구원,,2021,국비,산업통상자원부,우수기업연구소육성사업(ATC+),R&D,,,KEIT 산업기술 R&D 과제현황(공공데이터포털),https://www.data.go.kr/data/15018033/fileData.do,20260721
c10552,한국자동차연구원,,2021,국비,산업통상자원부,시장자립형3세대xEV산업육성사업,R&D,,,KEIT 산업기술 R&D 과제현황(공공데이터포털),https://www.data.go.kr/data/15018033/fileData.do,20260721
c10552,한국자동차연구원,,2021,국비,산업통상자원부,시장선도형차세대센서기술개발,R&D,,,KEIT 산업기술 R&D 과제현황(공공데이터포털),https://www.data.go.kr/data/15018033/fileData.do,20260721
c10552,한국자동차연구원,,2021,국비,산업통상자원부,시스템반도체상용화설계,R&D,,,KEIT 산업기술 R&D 과제현황(공공데이터포털),https://www.data.go.kr/data/15018033/fileData.do,20260721
c10552,한국자동차연구원,,2021,국비,산업통상자원부,소재부품패키지형,R&D,,,KEIT 산업기술 R&D 과제현황(공공데이터포털),https://www.data.go.kr/data/15018033/fileData.do,20260721
c10552,한국자동차연구원,,2021,국비,산업통상자원부,소재부품장비혁신 lab기술개발사업,R&D,,,KEIT 산업기술 R&D 과제현황(공공데이터포털),https://www.data.go.kr/data/15018033/fileData.do,20260721
c10552,한국자동차연구원,,2021,국비,산업통상자원부,소재부품이종기술융합형,R&D,,,KEIT 산업기술 R&D 과제현황(공공데이터포털),https://www.data.go.kr/data/15018033/fileData.do,20260721
c10552,한국자동차연구원,,2021,국비,산업통상자원부,산업기술R&D연구기획사업,R&D,,,KEIT 산업기술 R&D 과제현황(공공데이터포털),https://www.data.go.kr/data/15018033/fileData.do,20260721
c10552,한국자동차연구원,,2021,국비,산업통상자원부,무인자율주행기술의언택트서비스실용화기술개발및기술실증,R&D,,,KEIT 산업기술 R&D 과제현황(공공데이터포털),https://www.data.go.kr/data/15018033/fileData.do,20260721
c10552,한국자동차연구원,,2021,국비,산업통상자원부,디자인혁신역량강화,R&D,,,KEIT 산업기술 R&D 과제현황(공공데이터포털),https://www.data.go.kr/data/15018033/fileData.do,20260721
c10552,한국자동차연구원,,2021,국비,산업통상자원부,나노융합혁신제품기술개발,R&D,,,KEIT 산업기술 R&D 과제현황(공공데이터포털),https://www.data.go.kr/data/15018033/fileData.do,20260721
c10552,한국자동차연구원,,2021,국비,산업통상자원부,글로벌주력산업품질대응뿌리기술개발,R&D,,,KEIT 산업기술 R&D 과제현황(공공데이터포털),https://www.data.go.kr/data/15018033/fileData.do,20260721
c10552,한국자동차연구원,,2021,국비,산업통상자원부,국가참조표준데이터개발ㆍ보급,R&D,,,KEIT 산업기술 R&D 과제현황(공공데이터포털),https://www.data.go.kr/data/15018033/fileData.do,20260721
c10552,한국자동차연구원,,2021,국비,산업통상자원부,고부가가치화기술개발,R&D,,,KEIT 산업기술 R&D 과제현황(공공데이터포털),https://www.data.go.kr/data/15018033/fileData.do,20260721
c10552,한국자동차연구원,,2021,국비,산업통상자원부,가변플랫폼기반중소형전기버스트럭및운영시스템개발,R&D,,,KEIT 산업기술 R&D 과제현황(공공데이터포털),https://www.data.go.kr/data/15018033/fileData.do,20260721
c6974,한국디자인진흥원,,2021,국비,산업통상자원부,디자인혁신역량강화,R&D,,,KEIT 산업기술 R&D 과제현황(공공데이터포털),https://www.data.go.kr/data/15018033/fileData.do,20260721
x2938,플라잉마운틴,,2021,국비,산업통상자원부,국가표준기술력향상,R&D,,,KEIT 산업기술 R&D 과제현황(공공데이터포털),https://www.data.go.kr/data/15018033/fileData.do,20260721
c9285,평화오일씰공업(주),,2021,국비,산업통상자원부,소재부품패키지형,R&D,,,KEIT 산업기술 R&D 과제현황(공공데이터포털),https://www.data.go.kr/data/15018033/fileData.do,20260721
c8914,평화산업(주),,2021,국비,산업통상자원부,글로벌주력산업품질대응뿌리기술개발,R&D,,,KEIT 산업기술 R&D 과제현황(공공데이터포털),https://www.data.go.kr/data/15018033/fileData.do,20260721
c5916,티에이치엔,,2021,국비,산업통상자원부,소재부품패키지형,R&D,,,KEIT 산업기술 R&D 과제현황(공공데이터포털),https://www.data.go.kr/data/15018033/fileData.do,20260721
c6693,테스코 (주),,2021,국비,산업통상자원부,항공용경량소재국산화를위한소재데이터시험개발,R&D,,,KEIT 산업기술 R&D 과제현황(공공데이터포털),https://www.data.go.kr/data/15018033/fileData.do,20260721
c6693,테스코 (주),,2021,국비,산업통상자원부,소재부품패키지형,R&D,,,KEIT 산업기술 R&D 과제현황(공공데이터포털),https://www.data.go.kr/data/15018033/fileData.do,20260721
c6939,주은교육주식회사,,2021,국비,산업통상자원부,디자인혁신역량강화,R&D,,,KEIT 산업기술 R&D 과제현황(공공데이터포털),https://www.data.go.kr/data/15018033/fileData.do,20260721
,주식회사이수페타시스,,2021,국비,산업통상자원부,소재부품패키지형,R&D,,,KEIT 산업기술 R&D 과제현황(공공데이터포털),https://www.data.go.kr/data/15018033/fileData.do,20260721
c0444,주식회사올소테크,,2021,국비,산업통상자원부,전자시스템산업기술개발,R&D,,,KEIT 산업기술 R&D 과제현황(공공데이터포털),https://www.data.go.kr/data/15018033/fileData.do,20260721
c7839,주식회사동서기연,,2021,국비,산업통상자원부,고부가가치화기술개발,R&D,,,KEIT 산업기술 R&D 과제현황(공공데이터포털),https://www.data.go.kr/data/15018033/fileData.do,20260721
,주식회사네오테크,,2021,국비,산업통상자원부,소재부품패키지형,R&D,,,KEIT 산업기술 R&D 과제현황(공공데이터포털),https://www.data.go.kr/data/15018033/fileData.do,20260721
c0184,주식회사 헬스올,,2021,국비,산업통상자원부,국가표준기술력향상,R&D,,,KEIT 산업기술 R&D 과제현황(공공데이터포털),https://www.data.go.kr/data/15018033/fileData.do,20260721
c4630,주식회사 프레스토솔루션,,2021,국비,산업통상자원부,소재부품패키지형,R&D,,,KEIT 산업기술 R&D 과제현황(공공데이터포털),https://www.data.go.kr/data/15018033/fileData.do,20260721
c2899,주식회사 팸텍,,2021,국비,산업통상자원부,국가표준기술력향상,R&D,,,KEIT 산업기술 R&D 과제현황(공공데이터포털),https://www.data.go.kr/data/15018033/fileData.do,20260721
c4101,주식회사 창성테크,,2021,국비,산업통상자원부,소재부품패키지형,R&D,,,KEIT 산업기술 R&D 과제현황(공공데이터포털),https://www.data.go.kr/data/15018033/fileData.do,20260721
,주식회사 제윤메디컬,,2021,국비,산업통상자원부,국가표준기술력향상,R&D,,,KEIT 산업기술 R&D 과제현황(공공데이터포털),https://www.data.go.kr/data/15018033/fileData.do,20260721
c8122,주식회사 이에스티,,2021,국비,산업통상자원부,소재부품패키지형,R&D,,,KEIT 산업기술 R&D 과제현황(공공데이터포털),https://www.data.go.kr/data/15018033/fileData.do,20260721
,주식회사 위츠,,2021,국비,산업통상자원부,소재부품이종기술융합형,R&D,,,KEIT 산업기술 R&D 과제현황(공공데이터포털),https://www.data.go.kr/data/15018033/fileData.do,20260721
,주식회사 알피엠,,2021,국비,산업통상자원부,제조기반생산시스템,R&D,,,KEIT 산업기술 R&D 과제현황(공공데이터포털),https://www.data.go.kr/data/15018033/fileData.do,20260721
x2628,주식회사 스피어에이엑스,,2021,국비,산업통상자원부,서비스산업융합고도화,R&D,,,KEIT 산업기술 R&D 과제현황(공공데이터포털),https://www.data.go.kr/data/15018033/fileData.do,20260721
x2794,주식회사 베이리스,,2021,국비,산업통상자원부,자율주행기술개발혁신사업,R&D,,,KEIT 산업기술 R&D 과제현황(공공데이터포털),https://www.data.go.kr/data/15018033/fileData.do,20260721
x4553,주식회사 무지개연구소,,2021,국비,산업통상자원부,인증기술개발,R&D,,,KEIT 산업기술 R&D 과제현황(공공데이터포털),https://www.data.go.kr/data/15018033/fileData.do,20260721
,주식회사 명성,,2021,국비,산업통상자원부,소재부품패키지형,R&D,,,KEIT 산업기술 R&D 과제현황(공공데이터포털),https://www.data.go.kr/data/15018033/fileData.do,20260721
c9814,주식회사 라지,,2021,국비,산업통상자원부,소재부품패키지형,R&D,,,KEIT 산업기술 R&D 과제현황(공공데이터포털),https://www.data.go.kr/data/15018033/fileData.do,20260721
x3346,주식회사 딥하이,,2021,국비,산업통상자원부,우수기업연구소육성사업(ATC+),R&D,,,KEIT 산업기술 R&D 과제현황(공공데이터포털),https://www.data.go.kr/data/15018033/fileData.do,20260721
c7662,주식회사 디앤씨,,2021,국비,산업통상자원부,디자인혁신역량강화,R&D,,,KEIT 산업기술 R&D 과제현황(공공데이터포털),https://www.data.go.kr/data/15018033/fileData.do,20260721
,주식회사 덴티스,,2021,국비,산업통상자원부,우수기업연구소육성사업(ATC+),R&D,,,KEIT 산업기술 R&D 과제현황(공공데이터포털),https://www.data.go.kr/data/15018033/fileData.do,20260721
x3755,주식회사 나인테크,,2021,국비,산업통상자원부,소재부품패키지형,R&D,,,KEIT 산업기술 R&D 과제현황(공공데이터포털),https://www.data.go.kr/data/15018033/fileData.do,20260721
c4011,주성테크,,2021,국비,산업통상자원부,소재부품패키지형,R&D,,,KEIT 산업기술 R&D 과제현황(공공데이터포털),https://www.data.go.kr/data/15018033/fileData.do,20260721
c0178,제일기술주식회사,,2021,국비,산업통상자원부,디자인혁신역량강화,R&D,,,KEIT 산업기술 R&D 과제현황(공공데이터포털),https://www.data.go.kr/data/15018033/fileData.do,20260721
c9452,일동케미칼(주),,2021,국비,산업통상자원부,소재부품패키지형,R&D,,,KEIT 산업기술 R&D 과제현황(공공데이터포털),https://www.data.go.kr/data/15018033/fileData.do,20260721
c9452,일동케미칼(주),,2021,국비,산업통상자원부,디스플레이혁신공정플랫폼구축,R&D,,,KEIT 산업기술 R&D 과제현황(공공데이터포털),https://www.data.go.kr/data/15018033/fileData.do,20260721
c8454,이화산업(주),,2021,국비,산업통상자원부,소재부품패키지형,R&D,,,KEIT 산업기술 R&D 과제현황(공공데이터포털),https://www.data.go.kr/data/15018033/fileData.do,20260721
x2962,이인텔리전스(주),,2021,국비,산업통상자원부,자율주행기술개발혁신사업,R&D,,,KEIT 산업기술 R&D 과제현황(공공데이터포털),https://www.data.go.kr/data/15018033/fileData.do,20260721
c4579,이노오토텍,,2021,국비,산업통상자원부,로봇산업핵심기술개발사업,R&D,,,KEIT 산업기술 R&D 과제현황(공공데이터포털),https://www.data.go.kr/data/15018033/fileData.do,20260721
c6912,원창머티리얼(주),,2021,국비,산업통상자원부,제조기반생산시스템,R&D,,,KEIT 산업기술 R&D 과제현황(공공데이터포털),https://www.data.go.kr/data/15018033/fileData.do,20260721
c9862,옵티머스시스템,,2021,국비,산업통상자원부,디자인혁신역량강화,R&D,,,KEIT 산업기술 R&D 과제현황(공공데이터포털),https://www.data.go.kr/data/15018033/fileData.do,20260721
,오토아이티 (주),,2021,국비,산업통상자원부,자율주행기술개발혁신사업,R&D,,,KEIT 산업기술 R&D 과제현황(공공데이터포털),https://www.data.go.kr/data/15018033/fileData.do,20260721
c7306,오리엔트세라믹,,2021,국비,산업통상자원부,마그네슘계원재료국내생산시범,R&D,,,KEIT 산업기술 R&D 과제현황(공공데이터포털),https://www.data.go.kr/data/15018033/fileData.do,20260721
c9700,엠디테크,,2021,국비,산업통상자원부,글로벌주력산업품질대응뿌리기술개발,R&D,,,KEIT 산업기술 R&D 과제현황(공공데이터포털),https://www.data.go.kr/data/15018033/fileData.do,20260721
c9861,에임트(주),,2021,국비,산업통상자원부,클린팩토리기술개발,R&D,,,KEIT 산업기술 R&D 과제현황(공공데이터포털),https://www.data.go.kr/data/15018033/fileData.do,20260721
,에이치제이테크(주),,2021,국비,산업통상자원부,소재부품패키지형,R&D,,,KEIT 산업기술 R&D 과제현황(공공데이터포털),https://www.data.go.kr/data/15018033/fileData.do,20260721
x2730,에이존테크(주),,2021,국비,행정안전부,지역특화형 재난안전 연구지원,R&D,,,KEIT 산업기술 R&D 과제현황(공공데이터포털),https://www.data.go.kr/data/15018033/fileData.do,20260721
,에이엠씨주식회사,,2021,국비,산업통상자원부,소재부품패키지형,R&D,,,KEIT 산업기술 R&D 과제현황(공공데이터포털),https://www.data.go.kr/data/15018033/fileData.do,20260721
c2903,에스팩주식회사,,2021,국비,산업통상자원부,우수기업연구소육성사업(ATC+),R&D,,,KEIT 산업기술 R&D 과제현황(공공데이터포털),https://www.data.go.kr/data/15018033/fileData.do,20260721
,에스트라오토모티브시스템 주식회사,,2021,국비,산업통상자원부,소재부품장비혁신 lab기술개발사업,R&D,,,KEIT 산업기술 R&D 과제현황(공공데이터포털),https://www.data.go.kr/data/15018033/fileData.do,20260721
,에스트라오토모티브시스템 주식회사,,2021,국비,산업통상자원부,대체물질활용기술개발,R&D,,,KEIT 산업기술 R&D 과제현황(공공데이터포털),https://www.data.go.kr/data/15018033/fileData.do,20260721
c8650,에스제이이노테크,,2021,국비,산업통상자원부,소재부품패키지형,R&D,,,KEIT 산업기술 R&D 과제현황(공공데이터포털),https://www.data.go.kr/data/15018033/fileData.do,20260721
x2514,에스엠에스주식회사,,2021,국비,산업통상자원부,소재부품패키지형,R&D,,,KEIT 산업기술 R&D 과제현황(공공데이터포털),https://www.data.go.kr/data/15018033/fileData.do,20260721
x2514,에스엠에스주식회사,,2021,국비,산업통상자원부,나노융합혁신제품기술개발,R&D,,,KEIT 산업기술 R&D 과제현황(공공데이터포털),https://www.data.go.kr/data/15018033/fileData.do,20260721
,아진산업(주),,2021,국비,산업통상자원부,제조기반생산시스템,R&D,,,KEIT 산업기술 R&D 과제현황(공공데이터포털),https://www.data.go.kr/data/15018033/fileData.do,20260721
,아진산업(주),,2021,국비,산업통상자원부,자율주행기술개발혁신사업,R&D,,,KEIT 산업기술 R&D 과제현황(공공데이터포털),https://www.data.go.kr/data/15018033/fileData.do,20260721
,아진산업(주),,2021,국비,산업통상자원부,소재부품패키지형,R&D,,,KEIT 산업기술 R&D 과제현황(공공데이터포털),https://www.data.go.kr/data/15018033/fileData.do,20260721
c10974,아스트라코팅,,2021,국비,산업통상자원부,소재부품패키지형,R&D,,,KEIT 산업기술 R&D 과제현황(공공데이터포털),https://www.data.go.kr/data/15018033/fileData.do,20260721
c2288,씨제이대한통운(주),,2021,국비,산업통상자원부,로봇산업핵심기술개발사업,R&D,,,KEIT 산업기술 R&D 과제현황(공공데이터포털),https://www.data.go.kr/data/15018033/fileData.do,20260721
,신일정보기술(주),,2021,국비,산업통상자원부,수소연료전지기반민군겸용탑재중량200kg급카고드론기술개발,R&D,,,KEIT 산업기술 R&D 과제현황(공공데이터포털),https://www.data.go.kr/data/15018033/fileData.do,20260721
c2263,수텍스주식회사,,2021,국비,산업통상자원부,소재부품패키지형,R&D,,,KEIT 산업기술 R&D 과제현황(공공데이터포털),https://www.data.go.kr/data/15018033/fileData.do,20260721
c11032,수성피앤티,,2021,국비,산업통상자원부,소재부품패키지형,R&D,,,KEIT 산업기술 R&D 과제현황(공공데이터포털),https://www.data.go.kr/data/15018033/fileData.do,20260721
x3225,소네트,,2021,국비,산업통상자원부,자율주행기술개발혁신사업,R&D,,,KEIT 산업기술 R&D 과제현황(공공데이터포털),https://www.data.go.kr/data/15018033/fileData.do,20260721
c1351,삼일방(주),,2021,국비,산업통상자원부,소재부품패키지형,R&D,,,KEIT 산업기술 R&D 과제현황(공공데이터포털),https://www.data.go.kr/data/15018033/fileData.do,20260721
c1351,삼일방(주),,2021,국비,산업통상자원부,국방섬유소재산업육성사업,R&D,,,KEIT 산업기술 R&D 과제현황(공공데이터포털),https://www.data.go.kr/data/15018033/fileData.do,20260721
c8334,삼익THK(주),,2021,국비,산업통상자원부,제조기반생산시스템,R&D,,,KEIT 산업기술 R&D 과제현황(공공데이터포털),https://www.data.go.kr/data/15018033/fileData.do,20260721
c6828,삼우티시에스주식회사,,2021,국비,산업통상자원부,서비스산업융합고도화,R&D,,,KEIT 산업기술 R&D 과제현황(공공데이터포털),https://www.data.go.kr/data/15018033/fileData.do,20260721
c0742,삼성교역(주),,2021,국비,산업통상자원부,국방섬유소재산업육성사업,R&D,,,KEIT 산업기술 R&D 과제현황(공공데이터포털),https://www.data.go.kr/data/15018033/fileData.do,20260721
,삼보모터스(주),,2021,국비,산업통상자원부,자율셔틀 인포테인먼트 기술개발 및 서비스 실증,R&D,,,KEIT 산업기술 R&D 과제현황(공공데이터포털),https://www.data.go.kr/data/15018033/fileData.do,20260721
,삼보모터스(주),,2021,국비,산업통상자원부,소재부품패키지형,R&D,,,KEIT 산업기술 R&D 과제현황(공공데이터포털),https://www.data.go.kr/data/15018033/fileData.do,20260721
,삼보모터스(주),,2021,국비,산업통상자원부,나노융합혁신제품기술개발,R&D,,,KEIT 산업기술 R&D 과제현황(공공데이터포털),https://www.data.go.kr/data/15018033/fileData.do,20260721
c7252,벽진BIO텍,,2021,국비,산업통상자원부,제조장비실증,R&D,,,KEIT 산업기술 R&D 과제현황(공공데이터포털),https://www.data.go.kr/data/15018033/fileData.do,20260721
x4745,반사(BANSA),,2021,국비,산업통상자원부,디자인혁신역량강화,R&D,,,KEIT 산업기술 R&D 과제현황(공공데이터포털),https://www.data.go.kr/data/15018033/fileData.do,20260721
,민테크,,2021,국비,산업통상자원부,소재부품이종기술융합형,R&D,,,KEIT 산업기술 R&D 과제현황(공공데이터포털),https://www.data.go.kr/data/15018033/fileData.do,20260721
c10521,동문이엔티(주),,2021,국비,산업통상자원부,소재부품패키지형,R&D,,,KEIT 산업기술 R&D 과제현황(공공데이터포털),https://www.data.go.kr/data/15018033/fileData.do,20260721
c3448,대한정밀(주),,2021,국비,산업통상자원부,제조장비실증,R&D,,,KEIT 산업기술 R&D 과제현황(공공데이터포털),https://www.data.go.kr/data/15018033/fileData.do,20260721
c3448,대한정밀(주),,2021,국비,산업통상자원부,소재부품패키지형,R&D,,,KEIT 산업기술 R&D 과제현황(공공데이터포털),https://www.data.go.kr/data/15018033/fileData.do,20260721
c0710,대한방직(주)대구공장,,2021,국비,산업통상자원부,국방섬유소재산업육성사업,R&D,,,KEIT 산업기술 R&D 과제현황(공공데이터포털),https://www.data.go.kr/data/15018033/fileData.do,20260721
c5322,대신강업,,2021,국비,산업통상자원부,소재부품패키지형,R&D,,,KEIT 산업기술 R&D 과제현황(공공데이터포털),https://www.data.go.kr/data/15018033/fileData.do,20260721
,대성산업,,2021,국비,산업통상자원부,글로벌주력산업품질대응뿌리기술개발,R&D,,,KEIT 산업기술 R&D 과제현황(공공데이터포털),https://www.data.go.kr/data/15018033/fileData.do,20260721
,대구텍 유한책임회사,,2021,국비,산업통상자원부,전자시스템산업기술개발,R&D,,,KEIT 산업기술 R&D 과제현황(공공데이터포털),https://www.data.go.kr/data/15018033/fileData.do,20260721
x2469,대구보건대학교산학협력단,,2021,국비,산업통상자원부,국가참조표준데이터개발ㆍ보급,R&D,,,KEIT 산업기술 R&D 과제현황(공공데이터포털),https://www.data.go.kr/data/15018033/fileData.do,20260721
x2290,계명대학교산학협력단,,2021,국비,산업통상자원부,클린팩토리기술개발,R&D,,,KEIT 산업기술 R&D 과제현황(공공데이터포털),https://www.data.go.kr/data/15018033/fileData.do,20260721
x2290,계명대학교산학협력단,,2021,국비,산업통상자원부,우수기업연구소육성사업(ATC+),R&D,,,KEIT 산업기술 R&D 과제현황(공공데이터포털),https://www.data.go.kr/data/15018033/fileData.do,20260721
x2290,계명대학교산학협력단,,2021,국비,산업통상자원부,시장자립형3세대xEV산업육성사업,R&D,,,KEIT 산업기술 R&D 과제현황(공공데이터포털),https://www.data.go.kr/data/15018033/fileData.do,20260721
x2290,계명대학교산학협력단,,2021,국비,산업통상자원부,소재부품패키지형,R&D,,,KEIT 산업기술 R&D 과제현황(공공데이터포털),https://www.data.go.kr/data/15018033/fileData.do,20260721
,경창산업,,2021,국비,산업통상자원부,국방섬유소재산업육성사업,R&D,,,KEIT 산업기술 R&D 과제현황(공공데이터포털),https://www.data.go.kr/data/15018033/fileData.do,20260721
,경북대학교 산학협력단,,2021,국비,소방청,화재피난 대피력 향상기술,R&D,,,KEIT 산업기술 R&D 과제현황(공공데이터포털),https://www.data.go.kr/data/15018033/fileData.do,20260721
,경북대학교 산학협력단,,2021,국비,산업통상자원부,초대형마이크로LED모듈러디스플레이핵심기술개발,R&D,,,KEIT 산업기술 R&D 과제현황(공공데이터포털),https://www.data.go.kr/data/15018033/fileData.do,20260721
,경북대학교 산학협력단,,2021,국비,산업통상자원부,주력산업IT융합,R&D,,,KEIT 산업기술 R&D 과제현황(공공데이터포털),https://www.data.go.kr/data/15018033/fileData.do,20260721
,경북대학교 산학협력단,,2021,국비,산업통상자원부,제조기반생산시스템,R&D,,,KEIT 산업기술 R&D 과제현황(공공데이터포털),https://www.data.go.kr/data/15018033/fileData.do,20260721
,경북대학교 산학협력단,,2021,국비,산업통상자원부,전자시스템산업기술개발,R&D,,,KEIT 산업기술 R&D 과제현황(공공데이터포털),https://www.data.go.kr/data/15018033/fileData.do,20260721
,경북대학교 산학협력단,,2021,국비,산업통상자원부,자율주행기술개발혁신사업,R&D,,,KEIT 산업기술 R&D 과제현황(공공데이터포털),https://www.data.go.kr/data/15018033/fileData.do,20260721
,경북대학교 산학협력단,,2021,국비,행정안전부,신종 감염병 대응체계 고도화 기술개발,R&D,,,KEIT 산업기술 R&D 과제현황(공공데이터포털),https://www.data.go.kr/data/15018033/fileData.do,20260721
,경북대학교 산학협력단,,2021,국비,산업통상자원부,소재부품패키지형,R&D,,,KEIT 산업기술 R&D 과제현황(공공데이터포털),https://www.data.go.kr/data/15018033/fileData.do,20260721
,경북대학교 산학협력단,,2021,국비,산업통상자원부,소재부품장비혁신 lab기술개발사업,R&D,,,KEIT 산업기술 R&D 과제현황(공공데이터포털),https://www.data.go.kr/data/15018033/fileData.do,20260721
,경북대학교 산학협력단,,2021,국비,산업통상자원부,서비스산업융합고도화,R&D,,,KEIT 산업기술 R&D 과제현황(공공데이터포털),https://www.data.go.kr/data/15018033/fileData.do,20260721
,경북대학교 산학협력단,,2021,국비,산업통상자원부,산업용LMO심사제도고도화,R&D,,,KEIT 산업기술 R&D 과제현황(공공데이터포털),https://www.data.go.kr/data/15018033/fileData.do,20260721
,경북대학교 산학협력단,,2021,국비,산업통상자원부,디스플레이혁신공정플랫폼구축,R&D,,,KEIT 산업기술 R&D 과제현황(공공데이터포털),https://www.data.go.kr/data/15018033/fileData.do,20260721
,경북대학교 산학협력단,,2021,국비,산업통상자원부,대체물질활용기술개발,R&D,,,KEIT 산업기술 R&D 과제현황(공공데이터포털),https://www.data.go.kr/data/15018033/fileData.do,20260721
,경북대학교 산학협력단,,2021,국비,산업통상자원부,나노제품성능안전평가기술개발및기업지원,R&D,,,KEIT 산업기술 R&D 과제현황(공공데이터포털),https://www.data.go.kr/data/15018033/fileData.do,20260721
,경북대학교 산학협력단,,2021,국비,산업통상자원부,나노융합혁신제품기술개발,R&D,,,KEIT 산업기술 R&D 과제현황(공공데이터포털),https://www.data.go.kr/data/15018033/fileData.do,20260721
,경북대학교 산학협력단,,2021,국비,산업통상자원부,국방섬유소재산업육성사업,R&D,,,KEIT 산업기술 R&D 과제현황(공공데이터포털),https://www.data.go.kr/data/15018033/fileData.do,20260721
,경북대학교 산학협력단,,2021,국비,산업통상자원부,국가표준기술력향상,R&D,,,KEIT 산업기술 R&D 과제현황(공공데이터포털),https://www.data.go.kr/data/15018033/fileData.do,20260721
c0146,거인커뮤니케이션즈,,2021,국비,산업통상자원부,디자인혁신역량강화,R&D,,,KEIT 산업기술 R&D 과제현황(공공데이터포털),https://www.data.go.kr/data/15018033/fileData.do,20260721
c6821,KOTITI 시험연구원,,2021,국비,산업통상자원부,제품안전성향상기반조성,R&D,,,KEIT 산업기술 R&D 과제현황(공공데이터포털),https://www.data.go.kr/data/15018033/fileData.do,20260721
c6821,KOTITI 시험연구원,,2021,국비,산업통상자원부,제품안전기준및평가기법개발,R&D,,,KEIT 산업기술 R&D 과제현황(공공데이터포털),https://www.data.go.kr/data/15018033/fileData.do,20260721
c6821,KOTITI 시험연구원,,2021,국비,산업통상자원부,소재부품패키지형,R&D,,,KEIT 산업기술 R&D 과제현황(공공데이터포털),https://www.data.go.kr/data/15018033/fileData.do,20260721
c6821,KOTITI 시험연구원,,2021,국비,산업통상자원부,나노제품성능안전평가기술개발및기업지원,R&D,,,KEIT 산업기술 R&D 과제현황(공공데이터포털),https://www.data.go.kr/data/15018033/fileData.do,20260721
c6821,KOTITI 시험연구원,,2021,국비,산업통상자원부,국방섬유소재산업육성사업,R&D,,,KEIT 산업기술 R&D 과제현황(공공데이터포털),https://www.data.go.kr/data/15018033/fileData.do,20260721
c6821,KOTITI 시험연구원,,2021,국비,산업통상자원부,국가표준기술력향상,R&D,,,KEIT 산업기술 R&D 과제현황(공공데이터포털),https://www.data.go.kr/data/15018033/fileData.do,20260721
c10807,(주)휴스틸,,2021,국비,산업통상자원부,소재부품패키지형,R&D,,,KEIT 산업기술 R&D 과제현황(공공데이터포털),https://www.data.go.kr/data/15018033/fileData.do,20260721
,(주)한영,,2021,국비,산업통상자원부,소재부품이종기술융합형,R&D,,,KEIT 산업기술 R&D 과제현황(공공데이터포털),https://www.data.go.kr/data/15018033/fileData.do,20260721
,(주)한성,,2021,국비,산업통상자원부,고부가가치화기술개발,R&D,,,KEIT 산업기술 R&D 과제현황(공공데이터포털),https://www.data.go.kr/data/15018033/fileData.do,20260721
c9839,(주)한국알스트롬뭉쇼,,2021,국비,산업통상자원부,소재부품패키지형,R&D,,,KEIT 산업기술 R&D 과제현황(공공데이터포털),https://www.data.go.kr/data/15018033/fileData.do,20260721
c4631,(주)프론텍,,2021,국비,산업통상자원부,임베디드인공지능시스템기술개발,R&D,,,KEIT 산업기술 R&D 과제현황(공공데이터포털),https://www.data.go.kr/data/15018033/fileData.do,20260721
,(주)프로텍,,2021,국비,산업통상자원부,반도체제조공정정비,R&D,,,KEIT 산업기술 R&D 과제현황(공공데이터포털),https://www.data.go.kr/data/15018033/fileData.do,20260721
x2496,(주)퓨전소프트,,2021,국비,산업통상자원부,자율주행기술개발혁신사업,R&D,,,KEIT 산업기술 R&D 과제현황(공공데이터포털),https://www.data.go.kr/data/15018033/fileData.do,20260721
x2496,(주)퓨전소프트,,2021,국비,산업통상자원부,자율셔틀 인포테인먼트 기술개발 및 서비스 실증,R&D,,,KEIT 산업기술 R&D 과제현황(공공데이터포털),https://www.data.go.kr/data/15018033/fileData.do,20260721
x2496,(주)퓨전소프트,,2021,국비,산업통상자원부,무인자율주행기술의언택트서비스실용화기술개발및기술실증,R&D,,,KEIT 산업기술 R&D 과제현황(공공데이터포털),https://www.data.go.kr/data/15018033/fileData.do,20260721
c0522,(주)토탈소프트뱅크,,2021,국비,산업통상자원부,현장지식자산화및노동력증강기술개발,R&D,,,KEIT 산업기술 R&D 과제현황(공공데이터포털),https://www.data.go.kr/data/15018033/fileData.do,20260721
x2256,(주)텍스밀,,2021,국비,산업통상자원부,소재부품패키지형,R&D,,,KEIT 산업기술 R&D 과제현황(공공데이터포털),https://www.data.go.kr/data/15018033/fileData.do,20260721
c4139,(주)태성정밀,,2021,국비,산업통상자원부,소재부품패키지형,R&D,,,KEIT 산업기술 R&D 과제현황(공공데이터포털),https://www.data.go.kr/data/15018033/fileData.do,20260721
x3935,(주)큐에스아이,,2021,국비,산업통상자원부,소재부품패키지형,R&D,,,KEIT 산업기술 R&D 과제현황(공공데이터포털),https://www.data.go.kr/data/15018033/fileData.do,20260721
c10429,(주)코아 오토모티브,,2021,국비,산업통상자원부,소재부품패키지형,R&D,,,KEIT 산업기술 R&D 과제현황(공공데이터포털),https://www.data.go.kr/data/15018033/fileData.do,20260721
c10429,(주)코아 오토모티브,,2021,국비,산업통상자원부,글로벌주력산업품질대응뿌리기술개발,R&D,,,KEIT 산업기술 R&D 과제현황(공공데이터포털),https://www.data.go.kr/data/15018033/fileData.do,20260721
c8943,(주)케이엠,,2021,국비,산업통상자원부,소재부품패키지형,R&D,,,KEIT 산업기술 R&D 과제현황(공공데이터포털),https://www.data.go.kr/data/15018033/fileData.do,20260721
x2338,(주)케이.피.디,,2021,국비,산업통상자원부,디자인혁신역량강화,R&D,,,KEIT 산업기술 R&D 과제현황(공공데이터포털),https://www.data.go.kr/data/15018033/fileData.do,20260721
,(주)창보,,2021,국비,산업통상자원부,디자인혁신역량강화,R&D,,,KEIT 산업기술 R&D 과제현황(공공데이터포털),https://www.data.go.kr/data/15018033/fileData.do,20260721
c10501,(주)지이테크,,2021,국비,산업통상자원부,클린팩토리기술개발,R&D,,,KEIT 산업기술 R&D 과제현황(공공데이터포털),https://www.data.go.kr/data/15018033/fileData.do,20260721
c0450,(주)제이디자인웍스,,2021,국비,산업통상자원부,디자인혁신역량강화,R&D,,,KEIT 산업기술 R&D 과제현황(공공데이터포털),https://www.data.go.kr/data/15018033/fileData.do,20260721
c0583,(주)이주,,2021,국비,산업통상자원부,우수기업연구소육성사업(ATC+),R&D,,,KEIT 산업기술 R&D 과제현황(공공데이터포털),https://www.data.go.kr/data/15018033/fileData.do,20260721
c0652,(주)이엘피,,2021,국비,산업통상자원부,초대형마이크로LED모듈러디스플레이핵심기술개발,R&D,,,KEIT 산업기술 R&D 과제현황(공공데이터포털),https://www.data.go.kr/data/15018033/fileData.do,20260721
c0652,(주)이엘피,,2021,국비,산업통상자원부,디스플레이혁신공정플랫폼구축,R&D,,,KEIT 산업기술 R&D 과제현황(공공데이터포털),https://www.data.go.kr/data/15018033/fileData.do,20260721
x4654,(주)유엔이,,2021,국비,행정안전부,부처협력 사업지원,R&D,,,KEIT 산업기술 R&D 과제현황(공공데이터포털),https://www.data.go.kr/data/15018033/fileData.do,20260721
x4654,(주)유엔이,,2021,국비,산업통상자원부,"eVTOL자율비행핵심기술및비행안정성,운용성시험평가기술개발",R&D,,,KEIT 산업기술 R&D 과제현황(공공데이터포털),https://www.data.go.kr/data/15018033/fileData.do,20260721
x3538,(주)유아이티,,2021,국비,산업통상자원부,조선해양산업핵심기술개발,R&D,,,KEIT 산업기술 R&D 과제현황(공공데이터포털),https://www.data.go.kr/data/15018033/fileData.do,20260721
c10494,(주)유솔,,2021,국비,산업통상자원부,시장선도형차세대센서기술개발,R&D,,,KEIT 산업기술 R&D 과제현황(공공데이터포털),https://www.data.go.kr/data/15018033/fileData.do,20260721
c8445,(주)유니크,,2021,국비,산업통상자원부,시장자립형3세대xEV산업육성사업,R&D,,,KEIT 산업기술 R&D 과제현황(공공데이터포털),https://www.data.go.kr/data/15018033/fileData.do,20260721
c8445,(주)유니크,,2021,국비,산업통상자원부,소재부품패키지형,R&D,,,KEIT 산업기술 R&D 과제현황(공공데이터포털),https://www.data.go.kr/data/15018033/fileData.do,20260721
c5250,(주)우리소프트,,2021,국비,산업통상자원부,우수기업연구소육성사업(ATC+),R&D,,,KEIT 산업기술 R&D 과제현황(공공데이터포털),https://www.data.go.kr/data/15018033/fileData.do,20260721
c6654,(주)와이지원,,2021,국비,산업통상자원부,제조장비실증,R&D,,,KEIT 산업기술 R&D 과제현황(공공데이터포털),https://www.data.go.kr/data/15018033/fileData.do,20260721
c6654,(주)와이지원,,2021,국비,산업통상자원부,소재부품패키지형,R&D,,,KEIT 산업기술 R&D 과제현황(공공데이터포털),https://www.data.go.kr/data/15018033/fileData.do,20260721
,(주)영풍열처리,,2021,국비,산업통상자원부,글로벌주력산업품질대응뿌리기술개발,R&D,,,KEIT 산업기술 R&D 과제현황(공공데이터포털),https://www.data.go.kr/data/15018033/fileData.do,20260721
,(주)엠텍,,2021,국비,산업통상자원부,서비스산업융합고도화,R&D,,,KEIT 산업기술 R&D 과제현황(공공데이터포털),https://www.data.go.kr/data/15018033/fileData.do,20260721
c4565,(주)엠케이,,2021,국비,해양경찰청,구조역량 및 대민서비스 향상,R&D,,,KEIT 산업기술 R&D 과제현황(공공데이터포털),https://www.data.go.kr/data/15018033/fileData.do,20260721
c10424,(주)에이시스테크놀로지,,2021,국비,산업통상자원부,제조기반생산시스템,R&D,,,KEIT 산업기술 R&D 과제현황(공공데이터포털),https://www.data.go.kr/data/15018033/fileData.do,20260721
c10424,(주)에이시스테크놀로지,,2021,국비,산업통상자원부,서비스산업융합고도화,R&D,,,KEIT 산업기술 R&D 과제현황(공공데이터포털),https://www.data.go.kr/data/15018033/fileData.do,20260721
c9609,(주)에스티아이,,2021,국비,산업통상자원부,소재부품패키지형,R&D,,,KEIT 산업기술 R&D 과제현황(공공데이터포털),https://www.data.go.kr/data/15018033/fileData.do,20260721
c6880,(주)에스제이테크,,2021,국비,산업통상자원부,디자인혁신역량강화,R&D,,,KEIT 산업기술 R&D 과제현황(공공데이터포털),https://www.data.go.kr/data/15018033/fileData.do,20260721
c10481,(주)에스씨솔루션글로벌,,2021,국비,산업통상자원부,소재부품이종기술융합형,R&D,,,KEIT 산업기술 R&D 과제현황(공공데이터포털),https://www.data.go.kr/data/15018033/fileData.do,20260721
c6628,(주)알에이,,2021,국비,산업통상자원부,소재부품패키지형,R&D,,,KEIT 산업기술 R&D 과제현황(공공데이터포털),https://www.data.go.kr/data/15018033/fileData.do,20260721
c8744,(주)아주산업,,2021,국비,산업통상자원부,조선해양산업핵심기술개발,R&D,,,KEIT 산업기술 R&D 과제현황(공공데이터포털),https://www.data.go.kr/data/15018033/fileData.do,20260721
,(주)신화에스티,,2021,국비,산업통상자원부,소재부품패키지형,R&D,,,KEIT 산업기술 R&D 과제현황(공공데이터포털),https://www.data.go.kr/data/15018033/fileData.do,20260721
c4880,(주)신한산업,,2021,국비,산업통상자원부,국방섬유소재산업육성사업,R&D,,,KEIT 산업기술 R&D 과제현황(공공데이터포털),https://www.data.go.kr/data/15018033/fileData.do,20260721
c5796,(주)송이실업,,2021,국비,산업통상자원부,소재부품패키지형,R&D,,,KEIT 산업기술 R&D 과제현황(공공데이터포털),https://www.data.go.kr/data/15018033/fileData.do,20260721
c10417,(주)센트랄모텍,,2021,국비,산업통상자원부,초안전주행플랫폼핵심기술개발,R&D,,,KEIT 산업기술 R&D 과제현황(공공데이터포털),https://www.data.go.kr/data/15018033/fileData.do,20260721
,(주)삼연기술,,2021,국비,산업통상자원부,제조기반생산시스템,R&D,,,KEIT 산업기술 R&D 과제현황(공공데이터포털),https://www.data.go.kr/data/15018033/fileData.do,20260721
,(주)삼기,,2021,국비,산업통상자원부,친환경자원순환기술개발,R&D,,,KEIT 산업기술 R&D 과제현황(공공데이터포털),https://www.data.go.kr/data/15018033/fileData.do,20260721
x3968,(주)비엠티,,2021,국비,산업통상자원부,소재부품패키지형,R&D,,,KEIT 산업기술 R&D 과제현황(공공데이터포털),https://www.data.go.kr/data/15018033/fileData.do,20260721
,(주)보우,,2021,국비,산업통상자원부,소재부품패키지형,R&D,,,KEIT 산업기술 R&D 과제현황(공공데이터포털),https://www.data.go.kr/data/15018033/fileData.do,20260721
c7472,(주)보국전자,,2021,국비,산업통상자원부,디자인혁신역량강화,R&D,,,KEIT 산업기술 R&D 과제현황(공공데이터포털),https://www.data.go.kr/data/15018033/fileData.do,20260721
c0976,(주)보광아이엔티,,2021,국비,산업통상자원부,소재부품패키지형,R&D,,,KEIT 산업기술 R&D 과제현황(공공데이터포털),https://www.data.go.kr/data/15018033/fileData.do,20260721
c0976,(주)보광아이엔티,,2021,국비,해양경찰청,불법외국어선 단속강화,R&D,,,KEIT 산업기술 R&D 과제현황(공공데이터포털),https://www.data.go.kr/data/15018033/fileData.do,20260721
c0976,(주)보광아이엔티,,2021,국비,산업통상자원부,국방섬유소재산업육성사업,R&D,,,KEIT 산업기술 R&D 과제현황(공공데이터포털),https://www.data.go.kr/data/15018033/fileData.do,20260721
c6581,(주)모토닉대구공장,,2021,국비,산업통상자원부,시장자립형3세대xEV산업육성사업,R&D,,,KEIT 산업기술 R&D 과제현황(공공데이터포털),https://www.data.go.kr/data/15018033/fileData.do,20260721
,(주)디에프씨,,2021,국비,산업통상자원부,소재부품패키지형,R&D,,,KEIT 산업기술 R&D 과제현황(공공데이터포털),https://www.data.go.kr/data/15018033/fileData.do,20260721
,(주)디에이치지,,2021,국비,산업통상자원부,제조기반생산시스템,R&D,,,KEIT 산업기술 R&D 과제현황(공공데이터포털),https://www.data.go.kr/data/15018033/fileData.do,20260721
c4484,(주)디에스테크노,,2021,국비,산업통상자원부,클린팩토리기술개발,R&D,,,KEIT 산업기술 R&D 과제현황(공공데이터포털),https://www.data.go.kr/data/15018033/fileData.do,20260721
c0726,(주)동원씨엠,,2021,국비,산업통상자원부,소재부품패키지형,R&D,,,KEIT 산업기술 R&D 과제현황(공공데이터포털),https://www.data.go.kr/data/15018033/fileData.do,20260721
,(주)대성하이텍,,2021,국비,산업통상자원부,제조기반생산시스템,R&D,,,KEIT 산업기술 R&D 과제현황(공공데이터포털),https://www.data.go.kr/data/15018033/fileData.do,20260721
,(주)대동,,2021,국비,산업통상자원부,제조기반생산시스템,R&D,,,KEIT 산업기술 R&D 과제현황(공공데이터포털),https://www.data.go.kr/data/15018033/fileData.do,20260721
,(주)경동,,2021,국비,산업통상자원부,산업용특수활성탄소소재부품자립화기술개발,R&D,,,KEIT 산업기술 R&D 과제현황(공공데이터포털),https://www.data.go.kr/data/15018033/fileData.do,20260721
x2312,(주)건화산업,,2021,국비,산업통상자원부,소재부품패키지형,R&D,,,KEIT 산업기술 R&D 과제현황(공공데이터포털),https://www.data.go.kr/data/15018033/fileData.do,20260721
c10907,(주)거양금속,,2021,국비,산업통상자원부,클린팩토리기술개발,R&D,,,KEIT 산업기술 R&D 과제현황(공공데이터포털),https://www.data.go.kr/data/15018033/fileData.do,20260721
c5516,(주)AVACO,,2021,국비,산업통상자원부,소재부품이종기술융합형,R&D,,,KEIT 산업기술 R&D 과제현황(공공데이터포털),https://www.data.go.kr/data/15018033/fileData.do,20260721
,(주) 제이아이테크,,2021,국비,산업통상자원부,소재부품패키지형,R&D,,,KEIT 산업기술 R&D 과제현황(공공데이터포털),https://www.data.go.kr/data/15018033/fileData.do,20260721
c6871,(주) 아이엠티,,2021,국비,산업통상자원부,"eVTOL자율비행핵심기술및비행안정성,운용성시험평가기술개발",R&D,,,KEIT 산업기술 R&D 과제현황(공공데이터포털),https://www.data.go.kr/data/15018033/fileData.do,20260721
,(주) 삼보첨단소재,,2021,국비,산업통상자원부,제조장비실증,R&D,,,KEIT 산업기술 R&D 과제현황(공공데이터포털),https://www.data.go.kr/data/15018033/fileData.do,20260721
x2566,(재)지능형자동차부품진흥원,,2021,국비,산업통상자원부,자율주행기술개발혁신사업,R&D,,,KEIT 산업기술 R&D 과제현황(공공데이터포털),https://www.data.go.kr/data/15018033/fileData.do,20260721
,(재)대구기계부품연구원,,2021,국비,산업통상자원부,제조장비산업전주기기술개발,R&D,,,KEIT 산업기술 R&D 과제현황(공공데이터포털),https://www.data.go.kr/data/15018033/fileData.do,20260721
,(재)대구기계부품연구원,,2021,국비,산업통상자원부,제조기반생산시스템,R&D,,,KEIT 산업기술 R&D 과제현황(공공데이터포털),https://www.data.go.kr/data/15018033/fileData.do,20260721
,(재)대구기계부품연구원,,2021,국비,산업통상자원부,전자시스템산업기술개발,R&D,,,KEIT 산업기술 R&D 과제현황(공공데이터포털),https://www.data.go.kr/data/15018033/fileData.do,20260721
,(재)대구기계부품연구원,,2021,국비,산업통상자원부,우수기업연구소육성사업(ATC+),R&D,,,KEIT 산업기술 R&D 과제현황(공공데이터포털),https://www.data.go.kr/data/15018033/fileData.do,20260721
,(재)대구기계부품연구원,,2021,국비,산업통상자원부,소재부품패키지형,R&D,,,KEIT 산업기술 R&D 과제현황(공공데이터포털),https://www.data.go.kr/data/15018033/fileData.do,20260721
,(재)대구기계부품연구원,,2021,국비,산업통상자원부,로봇산업핵심기술개발사업,R&D,,,KEIT 산업기술 R&D 과제현황(공공데이터포털),https://www.data.go.kr/data/15018033/fileData.do,20260721
,(재)대구기계부품연구원,,2021,국비,산업통상자원부,고부가가치화기술개발,R&D,,,KEIT 산업기술 R&D 과제현황(공공데이터포털),https://www.data.go.kr/data/15018033/fileData.do,20260721
c3193,효성전기(주),,2020,국비,산업통상자원부,차세대지능형반도체기술개발(설계·제조) (사업분리로 인한 종료),R&D,,,KEIT 산업기술 R&D 과제현황(공공데이터포털),https://www.data.go.kr/data/15018033/fileData.do,20260721
c3193,효성전기(주),,2020,국비,산업통상자원부,시장자립형3세대xEV산업육성사업,R&D,,,KEIT 산업기술 R&D 과제현황(공공데이터포털),https://www.data.go.kr/data/15018033/fileData.do,20260721
c8550,현대제철주식회사,,2020,국비,산업통상자원부,전략핵심소재자립화기술개발,R&D,,,KEIT 산업기술 R&D 과제현황(공공데이터포털),https://www.data.go.kr/data/15018033/fileData.do,20260721
c8550,현대제철주식회사,,2020,국비,산업통상자원부,소재부품패키지형,R&D,,,KEIT 산업기술 R&D 과제현황(공공데이터포털),https://www.data.go.kr/data/15018033/fileData.do,20260721
c9822,현대모비스(주),,2020,국비,산업통상자원부,소재부품패키지형,R&D,,,KEIT 산업기술 R&D 과제현황(공공데이터포털),https://www.data.go.kr/data/15018033/fileData.do,20260721
c9288,한세모빌리티 주식회사,,2020,국비,산업통상자원부,차세대지능형반도체기술개발(설계·제조) (사업분리로 인한 종료),R&D,,,KEIT 산업기술 R&D 과제현황(공공데이터포털),https://www.data.go.kr/data/15018033/fileData.do,20260721
c0558,한국한의약진흥원,,2020,국비,산업통상자원부,서비스산업융합고도화기술개발,R&D,,,KEIT 산업기술 R&D 과제현황(공공데이터포털),https://www.data.go.kr/data/15018033/fileData.do,20260721
c5294,한국정보통신기술협회,,2020,국비,산업통상자원부,서비스산업융합고도화기술개발,R&D,,,KEIT 산업기술 R&D 과제현황(공공데이터포털),https://www.data.go.kr/data/15018033/fileData.do,20260721
c5294,한국정보통신기술협회,,2020,국비,행정안전부,부처협력 사업지원,R&D,,,KEIT 산업기술 R&D 과제현황(공공데이터포털),https://www.data.go.kr/data/15018033/fileData.do,20260721
c10552,한국자동차연구원,,2020,국비,산업통상자원부,차세대지능형반도체기술개발(설계·제조) (사업분리로 인한 종료),R&D,,,KEIT 산업기술 R&D 과제현황(공공데이터포털),https://www.data.go.kr/data/15018033/fileData.do,20260721
c10552,한국자동차연구원,,2020,국비,산업통상자원부,제조기반생산시스템,R&D,,,KEIT 산업기술 R&D 과제현황(공공데이터포털),https://www.data.go.kr/data/15018033/fileData.do,20260721
c10552,한국자동차연구원,,2020,국비,산업통상자원부,전략핵심소재자립화기술개발,R&D,,,KEIT 산업기술 R&D 과제현황(공공데이터포털),https://www.data.go.kr/data/15018033/fileData.do,20260721
c10552,한국자동차연구원,,2020,국비,산업통상자원부,전기차고출력배터리및충전시스템기술개발,R&D,,,KEIT 산업기술 R&D 과제현황(공공데이터포털),https://www.data.go.kr/data/15018033/fileData.do,20260721
c10552,한국자동차연구원,,2020,국비,산업통상자원부,자동차부품기업 재도약사업,R&D,,,KEIT 산업기술 R&D 과제현황(공공데이터포털),https://www.data.go.kr/data/15018033/fileData.do,20260721
c10552,한국자동차연구원,,2020,국비,산업통상자원부,우수기업연구소육성사업(ATC+),R&D,,,KEIT 산업기술 R&D 과제현황(공공데이터포털),https://www.data.go.kr/data/15018033/fileData.do,20260721
c10552,한국자동차연구원,,2020,국비,산업통상자원부,시장주도형제품디자인개발,R&D,,,KEIT 산업기술 R&D 과제현황(공공데이터포털),https://www.data.go.kr/data/15018033/fileData.do,20260721
c10552,한국자동차연구원,,2020,국비,산업통상자원부,시장자립형3세대xEV산업육성사업,R&D,,,KEIT 산업기술 R&D 과제현황(공공데이터포털),https://www.data.go.kr/data/15018033/fileData.do,20260721
c10552,한국자동차연구원,,2020,국비,산업통상자원부,수소트럭전기동력부품국산화기술개발,R&D,,,KEIT 산업기술 R&D 과제현황(공공데이터포털),https://www.data.go.kr/data/15018033/fileData.do,20260721
c10552,한국자동차연구원,,2020,국비,산업통상자원부,수소트럭개조기술개발및실증,R&D,,,KEIT 산업기술 R&D 과제현황(공공데이터포털),https://www.data.go.kr/data/15018033/fileData.do,20260721
c10552,한국자동차연구원,,2020,국비,산업통상자원부,수소차용차세대연료전지시스템기술개발,R&D,,,KEIT 산업기술 R&D 과제현황(공공데이터포털),https://www.data.go.kr/data/15018033/fileData.do,20260721
c10552,한국자동차연구원,,2020,국비,산업통상자원부,소재부품패키지형,R&D,,,KEIT 산업기술 R&D 과제현황(공공데이터포털),https://www.data.go.kr/data/15018033/fileData.do,20260721
c10552,한국자동차연구원,,2020,국비,산업통상자원부,소재부품이종기술융합형,R&D,,,KEIT 산업기술 R&D 과제현황(공공데이터포털),https://www.data.go.kr/data/15018033/fileData.do,20260721
c10552,한국자동차연구원,,2020,국비,산업통상자원부,소비자제품안전기술기반조성,R&D,,,KEIT 산업기술 R&D 과제현황(공공데이터포털),https://www.data.go.kr/data/15018033/fileData.do,20260721
c10552,한국자동차연구원,,2020,국비,산업통상자원부,산업기술알키미스트프로젝트사업,R&D,,,KEIT 산업기술 R&D 과제현황(공공데이터포털),https://www.data.go.kr/data/15018033/fileData.do,20260721
c10552,한국자동차연구원,,2020,국비,산업통상자원부,산업기술R&D연구기획사업,R&D,,,KEIT 산업기술 R&D 과제현황(공공데이터포털),https://www.data.go.kr/data/15018033/fileData.do,20260721
c10552,한국자동차연구원,,2020,국비,산업통상자원부,로봇핵심공통기반기술,R&D,,,KEIT 산업기술 R&D 과제현황(공공데이터포털),https://www.data.go.kr/data/15018033/fileData.do,20260721
c10552,한국자동차연구원,,2020,국비,산업통상자원부,글로벌주력산업품질대응뿌리기술개발,R&D,,,KEIT 산업기술 R&D 과제현황(공공데이터포털),https://www.data.go.kr/data/15018033/fileData.do,20260721
c10552,한국자동차연구원,,2020,국비,산업통상자원부,글로벌디자인전문기업육성,R&D,,,KEIT 산업기술 R&D 과제현황(공공데이터포털),https://www.data.go.kr/data/15018033/fileData.do,20260721
c10552,한국자동차연구원,,2020,국비,산업통상자원부,규제샌드박스융합신제품인증기준개발,R&D,,,KEIT 산업기술 R&D 과제현황(공공데이터포털),https://www.data.go.kr/data/15018033/fileData.do,20260721
c10552,한국자동차연구원,,2020,국비,산업통상자원부,국가표준기술력향상,R&D,,,KEIT 산업기술 R&D 과제현황(공공데이터포털),https://www.data.go.kr/data/15018033/fileData.do,20260721
c10552,한국자동차연구원,,2020,국비,산업통상자원부,가변 플랫폼기반 소형 전기버스/트럭 및 운영시스템 개발사업,R&D,,,KEIT 산업기술 R&D 과제현황(공공데이터포털),https://www.data.go.kr/data/15018033/fileData.do,20260721
c10552,한국자동차연구원,,2020,국비,소방청,ESS 화재대응,R&D,,,KEIT 산업기술 R&D 과제현황(공공데이터포털),https://www.data.go.kr/data/15018033/fileData.do,20260721
c10552,한국자동차연구원,,2020,국비,산업통상자원부,3D프린팅특화설계(DFAM)기반스마트제조기술개발,R&D,,,KEIT 산업기술 R&D 과제현황(공공데이터포털),https://www.data.go.kr/data/15018033/fileData.do,20260721
c8533,한국세폭,,2020,국비,산업통상자원부,제조장비실증,R&D,,,KEIT 산업기술 R&D 과제현황(공공데이터포털),https://www.data.go.kr/data/15018033/fileData.do,20260721
c8533,한국세폭,,2020,국비,산업통상자원부,전략핵심소재자립화기술개발,R&D,,,KEIT 산업기술 R&D 과제현황(공공데이터포털),https://www.data.go.kr/data/15018033/fileData.do,20260721
c6974,한국디자인진흥원,,2020,국비,산업통상자원부,시장창출형혁신디자인개발,R&D,,,KEIT 산업기술 R&D 과제현황(공공데이터포털),https://www.data.go.kr/data/15018033/fileData.do,20260721
c6974,한국디자인진흥원,,2020,국비,산업통상자원부,산업기술R&D연구기획사업,R&D,,,KEIT 산업기술 R&D 과제현황(공공데이터포털),https://www.data.go.kr/data/15018033/fileData.do,20260721
c6974,한국디자인진흥원,,2020,국비,산업통상자원부,기반기술개발활성화,R&D,,,KEIT 산업기술 R&D 과제현황(공공데이터포털),https://www.data.go.kr/data/15018033/fileData.do,20260721
c10547,피피아이파이프 주식회사,,2020,국비,산업통상자원부,국가표준기술력향상,R&D,,,KEIT 산업기술 R&D 과제현황(공공데이터포털),https://www.data.go.kr/data/15018033/fileData.do,20260721
x2938,플라잉마운틴,,2020,국비,산업통상자원부,국가표준기술력향상,R&D,,,KEIT 산업기술 R&D 과제현황(공공데이터포털),https://www.data.go.kr/data/15018033/fileData.do,20260721
c9285,평화오일씰공업(주),,2020,국비,산업통상자원부,전략핵심소재자립화기술개발,R&D,,,KEIT 산업기술 R&D 과제현황(공공데이터포털),https://www.data.go.kr/data/15018033/fileData.do,20260721
c9285,평화오일씰공업(주),,2020,국비,산업통상자원부,시장자립형3세대xEV산업육성사업,R&D,,,KEIT 산업기술 R&D 과제현황(공공데이터포털),https://www.data.go.kr/data/15018033/fileData.do,20260721
c9285,평화오일씰공업(주),,2020,국비,산업통상자원부,수소차용차세대연료전지시스템기술개발,R&D,,,KEIT 산업기술 R&D 과제현황(공공데이터포털),https://www.data.go.kr/data/15018033/fileData.do,20260721
c9285,평화오일씰공업(주),,2020,국비,산업통상자원부,소재부품패키지형,R&D,,,KEIT 산업기술 R&D 과제현황(공공데이터포털),https://www.data.go.kr/data/15018033/fileData.do,20260721
c9482,평화씨엠비(주),,2020,국비,산업통상자원부,전략핵심소재자립화기술개발,R&D,,,KEIT 산업기술 R&D 과제현황(공공데이터포털),https://www.data.go.kr/data/15018033/fileData.do,20260721
c8684,티엠비,,2020,국비,산업통상자원부,소재부품패키지형,R&D,,,KEIT 산업기술 R&D 과제현황(공공데이터포털),https://www.data.go.kr/data/15018033/fileData.do,20260721
c5916,티에이치엔,,2020,국비,산업통상자원부,소재부품패키지형,R&D,,,KEIT 산업기술 R&D 과제현황(공공데이터포털),https://www.data.go.kr/data/15018033/fileData.do,20260721
c6693,테스코 (주),,2020,국비,산업통상자원부,전략핵심소재자립화기술개발,R&D,,,KEIT 산업기술 R&D 과제현황(공공데이터포털),https://www.data.go.kr/data/15018033/fileData.do,20260721
c6693,테스코 (주),,2020,국비,산업통상자원부,소재부품패키지형,R&D,,,KEIT 산업기술 R&D 과제현황(공공데이터포털),https://www.data.go.kr/data/15018033/fileData.do,20260721
c6448,태광산업(주),,2020,국비,산업통상자원부,첨단바이오신소재,R&D,,,KEIT 산업기술 R&D 과제현황(공공데이터포털),https://www.data.go.kr/data/15018033/fileData.do,20260721
c4413,케이아이오티,,2020,국비,산업통상자원부,글로벌디자인전문기업육성,R&D,,,KEIT 산업기술 R&D 과제현황(공공데이터포털),https://www.data.go.kr/data/15018033/fileData.do,20260721
c5023,케이디엠테크주식회사,,2020,국비,산업통상자원부,자동차부품기업 재도약사업,R&D,,,KEIT 산업기술 R&D 과제현황(공공데이터포털),https://www.data.go.kr/data/15018033/fileData.do,20260721
,진영전기(주),,2020,국비,산업통상자원부,글로벌주력산업품질대응뿌리기술개발,R&D,,,KEIT 산업기술 R&D 과제현황(공공데이터포털),https://www.data.go.kr/data/15018033/fileData.do,20260721
x2984,주식회사와이테크,,2020,국비,산업통상자원부,소재부품이종기술융합형,R&D,,,KEIT 산업기술 R&D 과제현황(공공데이터포털),https://www.data.go.kr/data/15018033/fileData.do,20260721
,주식회사브이씨티이,,2020,국비,산업통상자원부,소재부품패키지형,R&D,,,KEIT 산업기술 R&D 과제현황(공공데이터포털),https://www.data.go.kr/data/15018033/fileData.do,20260721
,주식회사동원테크,,2020,국비,산업통상자원부,전략핵심소재자립화기술개발,R&D,,,KEIT 산업기술 R&D 과제현황(공공데이터포털),https://www.data.go.kr/data/15018033/fileData.do,20260721
,주식회사동원테크,,2020,국비,산업통상자원부,소재부품패키지형,R&D,,,KEIT 산업기술 R&D 과제현황(공공데이터포털),https://www.data.go.kr/data/15018033/fileData.do,20260721
c7973,주식회사대산이앤지,,2020,국비,산업통상자원부,전략핵심소재자립화기술개발,R&D,,,KEIT 산업기술 R&D 과제현황(공공데이터포털),https://www.data.go.kr/data/15018033/fileData.do,20260721
c7595,주식회사 효림엑스이,,2020,국비,산업통상자원부,소재부품패키지형,R&D,,,KEIT 산업기술 R&D 과제현황(공공데이터포털),https://www.data.go.kr/data/15018033/fileData.do,20260721
c0184,주식회사 헬스올,,2020,국비,산업통상자원부,국가표준기술력향상,R&D,,,KEIT 산업기술 R&D 과제현황(공공데이터포털),https://www.data.go.kr/data/15018033/fileData.do,20260721
c7584,주식회사 피엔케이인더스트리,,2020,국비,산업통상자원부,전략핵심소재자립화기술개발,R&D,,,KEIT 산업기술 R&D 과제현황(공공데이터포털),https://www.data.go.kr/data/15018033/fileData.do,20260721
c0550,주식회사 코넥스트,,2020,국비,산업통상자원부,소재부품이종기술융합형,R&D,,,KEIT 산업기술 R&D 과제현황(공공데이터포털),https://www.data.go.kr/data/15018033/fileData.do,20260721
,주식회사 케이에프씨티,,2020,국비,산업통상자원부,전략핵심소재자립화기술개발,R&D,,,KEIT 산업기술 R&D 과제현황(공공데이터포털),https://www.data.go.kr/data/15018033/fileData.do,20260721
,주식회사 지구,,2020,국비,행정안전부,지역특화형 재난안전 연구지원,R&D,,,KEIT 산업기술 R&D 과제현황(공공데이터포털),https://www.data.go.kr/data/15018033/fileData.do,20260721
c3995,주식회사 제이에스티,,2020,국비,산업통상자원부,제조기반생산시스템,R&D,,,KEIT 산업기술 R&D 과제현황(공공데이터포털),https://www.data.go.kr/data/15018033/fileData.do,20260721
c8122,주식회사 이에스티,,2020,국비,산업통상자원부,차세대지능형반도체기술개발(설계·제조) (사업분리로 인한 종료),R&D,,,KEIT 산업기술 R&D 과제현황(공공데이터포털),https://www.data.go.kr/data/15018033/fileData.do,20260721
,주식회사 오대,,2020,국비,산업통상자원부,자동차부품기업 재도약사업,R&D,,,KEIT 산업기술 R&D 과제현황(공공데이터포털),https://www.data.go.kr/data/15018033/fileData.do,20260721
,주식회사 오대,,2020,국비,산업통상자원부,소재부품장비혁신 lab기술개발사업,R&D,,,KEIT 산업기술 R&D 과제현황(공공데이터포털),https://www.data.go.kr/data/15018033/fileData.do,20260721
x4270,주식회사 영창에코,,2020,국비,산업통상자원부,전략핵심소재자립화기술개발,R&D,,,KEIT 산업기술 R&D 과제현황(공공데이터포털),https://www.data.go.kr/data/15018033/fileData.do,20260721
,주식회사 알텍,,2020,국비,산업통상자원부,제조기반생산시스템,R&D,,,KEIT 산업기술 R&D 과제현황(공공데이터포털),https://www.data.go.kr/data/15018033/fileData.do,20260721
c3811,주식회사 아이온,,2020,국비,산업통상자원부,시장주도형제품디자인개발,R&D,,,KEIT 산업기술 R&D 과제현황(공공데이터포털),https://www.data.go.kr/data/15018033/fileData.do,20260721
c9798,주식회사 스맥,,2020,국비,산업통상자원부,제조장비시스템스마트제어기술개발,R&D,,,KEIT 산업기술 R&D 과제현황(공공데이터포털),https://www.data.go.kr/data/15018033/fileData.do,20260721
c9070,주식회사 삼주테크,,2020,국비,산업통상자원부,소재부품이종기술융합형,R&D,,,KEIT 산업기술 R&D 과제현황(공공데이터포털),https://www.data.go.kr/data/15018033/fileData.do,20260721
,주식회사 삼일산업,,2020,국비,산업통상자원부,시장주도형제품디자인개발,R&D,,,KEIT 산업기술 R&D 과제현황(공공데이터포털),https://www.data.go.kr/data/15018033/fileData.do,20260721
x2794,주식회사 베이리스,,2020,국비,산업통상자원부,제조기반생산시스템,R&D,,,KEIT 산업기술 R&D 과제현황(공공데이터포털),https://www.data.go.kr/data/15018033/fileData.do,20260721
c9814,주식회사 라지,,2020,국비,산업통상자원부,소재부품패키지형,R&D,,,KEIT 산업기술 R&D 과제현황(공공데이터포털),https://www.data.go.kr/data/15018033/fileData.do,20260721
c8004,주식회사 디에스아이,,2020,국비,산업통상자원부,소재부품패키지형,R&D,,,KEIT 산업기술 R&D 과제현황(공공데이터포털),https://www.data.go.kr/data/15018033/fileData.do,20260721
c0942,주식회사 대인,,2020,국비,산업통상자원부,첨단바이오신소재,R&D,,,KEIT 산업기술 R&D 과제현황(공공데이터포털),https://www.data.go.kr/data/15018033/fileData.do,20260721
x3755,주식회사 나인테크,,2020,국비,산업통상자원부,OLED공정장비용핵심부품기술개발사업,R&D,,,KEIT 산업기술 R&D 과제현황(공공데이터포털),https://www.data.go.kr/data/15018033/fileData.do,20260721
c6402,조인셋(주),,2020,국비,산업통상자원부,전략핵심소재자립화기술개발,R&D,,,KEIT 산업기술 R&D 과제현황(공공데이터포털),https://www.data.go.kr/data/15018033/fileData.do,20260721
,제이에스테크,,2020,국비,산업통상자원부,자동차부품기업 재도약사업,R&D,,,KEIT 산업기술 R&D 과제현황(공공데이터포털),https://www.data.go.kr/data/15018033/fileData.do,20260721
x2505,자인(주),,2020,국비,산업통상자원부,차세대계량기술개발,R&D,,,KEIT 산업기술 R&D 과제현황(공공데이터포털),https://www.data.go.kr/data/15018033/fileData.do,20260721
c4971,일광테크,,2020,국비,산업통상자원부,제조기반생산시스템,R&D,,,KEIT 산업기술 R&D 과제현황(공공데이터포털),https://www.data.go.kr/data/15018033/fileData.do,20260721
c9080,인셀(주),,2020,국비,산업통상자원부,시장자립형3세대xEV산업육성사업,R&D,,,KEIT 산업기술 R&D 과제현황(공공데이터포털),https://www.data.go.kr/data/15018033/fileData.do,20260721
c9447,이노컴텍 주식회사,,2020,국비,산업통상자원부,전기차플랫폼공용화기반수소차용비정형수소저장장치개발,R&D,,,KEIT 산업기술 R&D 과제현황(공공데이터포털),https://www.data.go.kr/data/15018033/fileData.do,20260721
c6353,유아이텍,,2020,국비,산업통상자원부,자동차부품기업 재도약사업,R&D,,,KEIT 산업기술 R&D 과제현황(공공데이터포털),https://www.data.go.kr/data/15018033/fileData.do,20260721
c0066,위니아,,2020,국비,산업통상자원부,AI기반스마트하우징플랫폼및서비스기술개발,R&D,,,KEIT 산업기술 R&D 과제현황(공공데이터포털),https://www.data.go.kr/data/15018033/fileData.do,20260721
,우양신소재,,2020,국비,산업통상자원부,소재부품패키지형,R&D,,,KEIT 산업기술 R&D 과제현황(공공데이터포털),https://www.data.go.kr/data/15018033/fileData.do,20260721
,요한정밀,,2020,국비,산업통상자원부,자동차부품기업 재도약사업,R&D,,,KEIT 산업기술 R&D 과제현황(공공데이터포털),https://www.data.go.kr/data/15018033/fileData.do,20260721
c0646,와이앤피,,2020,국비,산업통상자원부,시장주도형제품디자인개발,R&D,,,KEIT 산업기술 R&D 과제현황(공공데이터포털),https://www.data.go.kr/data/15018033/fileData.do,20260721
c9862,옵티머스시스템,,2020,국비,산업통상자원부,시장주도형제품디자인개발,R&D,,,KEIT 산업기술 R&D 과제현황(공공데이터포털),https://www.data.go.kr/data/15018033/fileData.do,20260721
c10924,엠스코,,2020,국비,산업통상자원부,수소트럭전기동력부품국산화기술개발,R&D,,,KEIT 산업기술 R&D 과제현황(공공데이터포털),https://www.data.go.kr/data/15018033/fileData.do,20260721
,에스트라오토모티브시스템 주식회사,,2020,국비,산업통상자원부,시장자립형3세대xEV산업육성사업,R&D,,,KEIT 산업기술 R&D 과제현황(공공데이터포털),https://www.data.go.kr/data/15018033/fileData.do,20260721
c1875,에스에프씨(주),,2020,국비,산업통상자원부,디스플레이혁신공정플랫폼구축,R&D,,,KEIT 산업기술 R&D 과제현황(공공데이터포털),https://www.data.go.kr/data/15018033/fileData.do,20260721
c7520,에스에스테크,,2020,국비,산업통상자원부,글로벌주력산업품질대응뿌리기술개발,R&D,,,KEIT 산업기술 R&D 과제현황(공공데이터포털),https://www.data.go.kr/data/15018033/fileData.do,20260721
,아진산업(주),,2020,국비,산업통상자원부,제조기반생산시스템,R&D,,,KEIT 산업기술 R&D 과제현황(공공데이터포털),https://www.data.go.kr/data/15018033/fileData.do,20260721
,아진산업(주),,2020,국비,산업통상자원부,전기차플랫폼공용화기반수소차용비정형수소저장장치개발,R&D,,,KEIT 산업기술 R&D 과제현황(공공데이터포털),https://www.data.go.kr/data/15018033/fileData.do,20260721
c4545,아이브이티,,2020,국비,산업통상자원부,차세대지능형반도체기술개발(설계·제조) (사업분리로 인한 종료),R&D,,,KEIT 산업기술 R&D 과제현황(공공데이터포털),https://www.data.go.kr/data/15018033/fileData.do,20260721
c2288,씨제이대한통운(주),,2020,국비,산업통상자원부,범부처협력로봇제품기술,R&D,,,KEIT 산업기술 R&D 과제현황(공공데이터포털),https://www.data.go.kr/data/15018033/fileData.do,20260721
c2288,씨제이대한통운(주),,2020,국비,산업통상자원부,로봇핵심공통기반기술,R&D,,,KEIT 산업기술 R&D 과제현황(공공데이터포털),https://www.data.go.kr/data/15018033/fileData.do,20260721
x4674,씨위드,,2020,국비,산업통상자원부,산업기술알키미스트프로젝트사업,R&D,,,KEIT 산업기술 R&D 과제현황(공공데이터포털),https://www.data.go.kr/data/15018033/fileData.do,20260721
x4583,시큐리티플랫폼 주식회사,,2020,국비,산업통상자원부,글로벌개방형기술개발,R&D,,,KEIT 산업기술 R&D 과제현황(공공데이터포털),https://www.data.go.kr/data/15018033/fileData.do,20260721
c10475,시노펙스,,2020,국비,산업통상자원부,소재부품패키지형,R&D,,,KEIT 산업기술 R&D 과제현황(공공데이터포털),https://www.data.go.kr/data/15018033/fileData.do,20260721
c4528,세성,,2020,국비,산업통상자원부,소재부품패키지형,R&D,,,KEIT 산업기술 R&D 과제현황(공공데이터포털),https://www.data.go.kr/data/15018033/fileData.do,20260721
,성림첨단산업(주),,2020,국비,산업통상자원부,전략핵심소재자립화기술개발,R&D,,,KEIT 산업기술 R&D 과제현황(공공데이터포털),https://www.data.go.kr/data/15018033/fileData.do,20260721
,성림첨단산업(주),,2020,국비,산업통상자원부,시장자립형3세대xEV산업육성사업,R&D,,,KEIT 산업기술 R&D 과제현황(공공데이터포털),https://www.data.go.kr/data/15018033/fileData.do,20260721
,서우산업(주),,2020,국비,산업통상자원부,소재부품패키지형,R&D,,,KEIT 산업기술 R&D 과제현황(공공데이터포털),https://www.data.go.kr/data/15018033/fileData.do,20260721
,삼진정밀 (주),,2020,국비,산업통상자원부,자동차부품기업 재도약사업,R&D,,,KEIT 산업기술 R&D 과제현황(공공데이터포털),https://www.data.go.kr/data/15018033/fileData.do,20260721
c1351,삼일방(주),,2020,국비,산업통상자원부,소재부품패키지형,R&D,,,KEIT 산업기술 R&D 과제현황(공공데이터포털),https://www.data.go.kr/data/15018033/fileData.do,20260721
c8334,삼익THK(주),,2020,국비,산업통상자원부,디스플레이혁신공정플랫폼구축,R&D,,,KEIT 산업기술 R&D 과제현황(공공데이터포털),https://www.data.go.kr/data/15018033/fileData.do,20260721
c9244,삼우기업(주),,2020,국비,산업통상자원부,소재부품패키지형,R&D,,,KEIT 산업기술 R&D 과제현황(공공데이터포털),https://www.data.go.kr/data/15018033/fileData.do,20260721
,삼보모터스(주),,2020,국비,산업통상자원부,소재부품장비혁신 lab기술개발사업,R&D,,,KEIT 산업기술 R&D 과제현황(공공데이터포털),https://www.data.go.kr/data/15018033/fileData.do,20260721
x4048,배터와이,,2020,국비,산업통상자원부,소재부품장비혁신 lab기술개발사업,R&D,,,KEIT 산업기술 R&D 과제현황(공공데이터포털),https://www.data.go.kr/data/15018033/fileData.do,20260721
,민테크,,2020,국비,산업통상자원부,리튬기반차세대이차전지성능고도화및제조기술개발,R&D,,,KEIT 산업기술 R&D 과제현황(공공데이터포털),https://www.data.go.kr/data/15018033/fileData.do,20260721
,디케이(주),,2020,국비,산업통상자원부,시장창출형혁신디자인개발,R&D,,,KEIT 산업기술 R&D 과제현황(공공데이터포털),https://www.data.go.kr/data/15018033/fileData.do,20260721
x4813,디와이피(주),,2020,국비,산업통상자원부,수소차용차세대연료전지시스템기술개발,R&D,,,KEIT 산업기술 R&D 과제현황(공공데이터포털),https://www.data.go.kr/data/15018033/fileData.do,20260721
c9113,디에이치(주),,2020,국비,산업통상자원부,차세대지능형반도체기술개발(설계·제조) (사업분리로 인한 종료),R&D,,,KEIT 산업기술 R&D 과제현황(공공데이터포털),https://www.data.go.kr/data/15018033/fileData.do,20260721
c9113,디에이치(주),,2020,국비,산업통상자원부,리튬기반차세대이차전지성능고도화및제조기술개발,R&D,,,KEIT 산업기술 R&D 과제현황(공공데이터포털),https://www.data.go.kr/data/15018033/fileData.do,20260721
c10403,디노 주식회사,,2020,국비,산업통상자원부,소재부품패키지형,R&D,,,KEIT 산업기술 R&D 과제현황(공공데이터포털),https://www.data.go.kr/data/15018033/fileData.do,20260721
,드림테크주식회사,,2020,국비,산업통상자원부,조선해양산업핵심기술개발사업,R&D,,,KEIT 산업기술 R&D 과제현황(공공데이터포털),https://www.data.go.kr/data/15018033/fileData.do,20260721
c1203,대상주식회사,,2020,국비,산업통상자원부,첨단바이오신소재,R&D,,,KEIT 산업기술 R&D 과제현황(공공데이터포털),https://www.data.go.kr/data/15018033/fileData.do,20260721
c1203,대상주식회사,,2020,국비,산업통상자원부,산업기술알키미스트프로젝트사업,R&D,,,KEIT 산업기술 R&D 과제현황(공공데이터포털),https://www.data.go.kr/data/15018033/fileData.do,20260721
c1203,대상주식회사,,2020,국비,산업통상자원부,바이오산업생산고도화,R&D,,,KEIT 산업기술 R&D 과제현황(공공데이터포털),https://www.data.go.kr/data/15018033/fileData.do,20260721
,대동금속(주),,2020,국비,산업통상자원부,제조기반생산시스템,R&D,,,KEIT 산업기술 R&D 과제현황(공공데이터포털),https://www.data.go.kr/data/15018033/fileData.do,20260721
c0324,넥스트랩,,2020,국비,산업통상자원부,차세대지능형반도체기술개발(설계·제조) (사업분리로 인한 종료),R&D,,,KEIT 산업기술 R&D 과제현황(공공데이터포털),https://www.data.go.kr/data/15018033/fileData.do,20260721
c1143,광호정밀,,2020,국비,산업통상자원부,글로벌주력산업품질대응뿌리기술개발,R&D,,,KEIT 산업기술 R&D 과제현황(공공데이터포털),https://www.data.go.kr/data/15018033/fileData.do,20260721
x2290,계명대학교산학협력단,,2020,국비,행정안전부,지역특화형 재난안전 연구지원,R&D,,,KEIT 산업기술 R&D 과제현황(공공데이터포털),https://www.data.go.kr/data/15018033/fileData.do,20260721
x2290,계명대학교산학협력단,,2020,국비,산업통상자원부,자동차부품기업 재도약사업,R&D,,,KEIT 산업기술 R&D 과제현황(공공데이터포털),https://www.data.go.kr/data/15018033/fileData.do,20260721
x2290,계명대학교산학협력단,,2020,국비,산업통상자원부,우수기업연구소육성사업(ATC+),R&D,,,KEIT 산업기술 R&D 과제현황(공공데이터포털),https://www.data.go.kr/data/15018033/fileData.do,20260721
x2290,계명대학교산학협력단,,2020,국비,산업통상자원부,시장자립형3세대xEV산업육성사업,R&D,,,KEIT 산업기술 R&D 과제현황(공공데이터포털),https://www.data.go.kr/data/15018033/fileData.do,20260721
x2290,계명대학교산학협력단,,2020,국비,산업통상자원부,소재부품패키지형,R&D,,,KEIT 산업기술 R&D 과제현황(공공데이터포털),https://www.data.go.kr/data/15018033/fileData.do,20260721
c10433,경창정공(주),,2020,국비,산업통상자원부,소재부품패키지형,R&D,,,KEIT 산업기술 R&D 과제현황(공공데이터포털),https://www.data.go.kr/data/15018033/fileData.do,20260721
,경창산업(주),,2020,국비,산업통상자원부,자동차부품기업 재도약사업,R&D,,,KEIT 산업기술 R&D 과제현황(공공데이터포털),https://www.data.go.kr/data/15018033/fileData.do,20260721
c1136,경일대학교산학협력단,,2020,국비,산업통상자원부,전략핵심소재자립화기술개발,R&D,,,KEIT 산업기술 R&D 과제현황(공공데이터포털),https://www.data.go.kr/data/15018033/fileData.do,20260721
c1136,경일대학교산학협력단,,2020,국비,산업통상자원부,산업기술알키미스트프로젝트사업,R&D,,,KEIT 산업기술 R&D 과제현황(공공데이터포털),https://www.data.go.kr/data/15018033/fileData.do,20260721
,경북대학교 산학협력단,,2020,국비,산업통상자원부,첨단바이오신소재,R&D,,,KEIT 산업기술 R&D 과제현황(공공데이터포털),https://www.data.go.kr/data/15018033/fileData.do,20260721
,경북대학교 산학협력단,,2020,국비,산업통상자원부,제조기반생산시스템,R&D,,,KEIT 산업기술 R&D 과제현황(공공데이터포털),https://www.data.go.kr/data/15018033/fileData.do,20260721
,경북대학교 산학협력단,,2020,국비,산업통상자원부,전략핵심소재자립화기술개발,R&D,,,KEIT 산업기술 R&D 과제현황(공공데이터포털),https://www.data.go.kr/data/15018033/fileData.do,20260721
,경북대학교 산학협력단,,2020,국비,산업통상자원부,우수기업연구소육성사업(ATC+),R&D,,,KEIT 산업기술 R&D 과제현황(공공데이터포털),https://www.data.go.kr/data/15018033/fileData.do,20260721
,경북대학교 산학협력단,,2020,국비,산업통상자원부,영상진단의료기기탑재용AI기반영상분석솔루션개발,R&D,,,KEIT 산업기술 R&D 과제현황(공공데이터포털),https://www.data.go.kr/data/15018033/fileData.do,20260721
,경북대학교 산학협력단,,2020,국비,산업통상자원부,시장창출형혁신디자인개발,R&D,,,KEIT 산업기술 R&D 과제현황(공공데이터포털),https://www.data.go.kr/data/15018033/fileData.do,20260721
,경북대학교 산학협력단,,2020,국비,산업통상자원부,소재부품패키지형,R&D,,,KEIT 산업기술 R&D 과제현황(공공데이터포털),https://www.data.go.kr/data/15018033/fileData.do,20260721
,경북대학교 산학협력단,,2020,국비,산업통상자원부,소재부품장비혁신 lab기술개발사업,R&D,,,KEIT 산업기술 R&D 과제현황(공공데이터포털),https://www.data.go.kr/data/15018033/fileData.do,20260721
,경북대학교 산학협력단,,2020,국비,산업통상자원부,소재부품이종기술융합형,R&D,,,KEIT 산업기술 R&D 과제현황(공공데이터포털),https://www.data.go.kr/data/15018033/fileData.do,20260721
,경북대학교 산학협력단,,2020,국비,산업통상자원부,디스플레이혁신공정플랫폼구축,R&D,,,KEIT 산업기술 R&D 과제현황(공공데이터포털),https://www.data.go.kr/data/15018033/fileData.do,20260721
,경북대학교 산학협력단,,2020,국비,산업통상자원부,국가표준기술력향상,R&D,,,KEIT 산업기술 R&D 과제현황(공공데이터포털),https://www.data.go.kr/data/15018033/fileData.do,20260721
,경북대학교 산학협력단,,2020,국비,산업통상자원부,3D프린팅특화설계(DFAM)기반스마트제조기술개발,R&D,,,KEIT 산업기술 R&D 과제현황(공공데이터포털),https://www.data.go.kr/data/15018033/fileData.do,20260721
c5588,거림테크(주),,2020,국비,산업통상자원부,전략핵심소재자립화기술개발,R&D,,,KEIT 산업기술 R&D 과제현황(공공데이터포털),https://www.data.go.kr/data/15018033/fileData.do,20260721
c0471,WENS(웬스),,2020,국비,산업통상자원부,우수기업연구소육성사업(ATC+),R&D,,,KEIT 산업기술 R&D 과제현황(공공데이터포털),https://www.data.go.kr/data/15018033/fileData.do,20260721
c6821,KOTITI 시험연구원,,2020,국비,산업통상자원부,소재부품패키지형,R&D,,,KEIT 산업기술 R&D 과제현황(공공데이터포털),https://www.data.go.kr/data/15018033/fileData.do,20260721
c6821,KOTITI 시험연구원,,2020,국비,산업통상자원부,소비자제품안전기술기반조성,R&D,,,KEIT 산업기술 R&D 과제현황(공공데이터포털),https://www.data.go.kr/data/15018033/fileData.do,20260721
c6821,KOTITI 시험연구원,,2020,국비,산업통상자원부,상용표준물질개발보급,R&D,,,KEIT 산업기술 R&D 과제현황(공공데이터포털),https://www.data.go.kr/data/15018033/fileData.do,20260721
c6821,KOTITI 시험연구원,,2020,국비,산업통상자원부,국가표준기술력향상,R&D,,,KEIT 산업기술 R&D 과제현황(공공데이터포털),https://www.data.go.kr/data/15018033/fileData.do,20260721
c7594,(주)효광,,2020,국비,산업통상자원부,자동차부품기업 재도약사업,R&D,,,KEIT 산업기술 R&D 과제현황(공공데이터포털),https://www.data.go.kr/data/15018033/fileData.do,20260721
c8692,(주)화신,,2020,국비,산업통상자원부,소재부품패키지형,R&D,,,KEIT 산업기술 R&D 과제현황(공공데이터포털),https://www.data.go.kr/data/15018033/fileData.do,20260721
x2477,(주)형제인터내셔널,,2020,국비,산업통상자원부,소재부품패키지형,R&D,,,KEIT 산업기술 R&D 과제현황(공공데이터포털),https://www.data.go.kr/data/15018033/fileData.do,20260721
c7177,(주)현대화이바,,2020,국비,산업통상자원부,탄소소재자립화기술개발,R&D,,,KEIT 산업기술 R&D 과제현황(공공데이터포털),https://www.data.go.kr/data/15018033/fileData.do,20260721
c5583,(주)허니스트,,2020,국비,산업통상자원부,글로벌디자인전문기업육성,R&D,,,KEIT 산업기술 R&D 과제현황(공공데이터포털),https://www.data.go.kr/data/15018033/fileData.do,20260721
,(주)한국이엔씨,,2020,국비,산업통상자원부,전략핵심소재자립화기술개발,R&D,,,KEIT 산업기술 R&D 과제현황(공공데이터포털),https://www.data.go.kr/data/15018033/fileData.do,20260721
,(주)프로텍,,2020,국비,산업통상자원부,제조기반생산시스템,R&D,,,KEIT 산업기술 R&D 과제현황(공공데이터포털),https://www.data.go.kr/data/15018033/fileData.do,20260721
x2507,(주)포위즈시스템,,2020,국비,산업통상자원부,우수기업연구소육성사업(ATC+),R&D,,,KEIT 산업기술 R&D 과제현황(공공데이터포털),https://www.data.go.kr/data/15018033/fileData.do,20260721
c9836,(주)평화발레오,,2020,국비,산업통상자원부,제조기반생산시스템,R&D,,,KEIT 산업기술 R&D 과제현황(공공데이터포털),https://www.data.go.kr/data/15018033/fileData.do,20260721
c9836,(주)평화발레오,,2020,국비,산업통상자원부,시장자립형3세대xEV산업육성사업,R&D,,,KEIT 산업기술 R&D 과제현황(공공데이터포털),https://www.data.go.kr/data/15018033/fileData.do,20260721
c3177,(주)태진,,2020,국비,산업통상자원부,자동차부품기업 재도약사업,R&D,,,KEIT 산업기술 R&D 과제현황(공공데이터포털),https://www.data.go.kr/data/15018033/fileData.do,20260721
x3935,(주)큐에스아이,,2020,국비,산업통상자원부,소재부품이종기술융합형,R&D,,,KEIT 산업기술 R&D 과제현황(공공데이터포털),https://www.data.go.kr/data/15018033/fileData.do,20260721
c10429,(주)코아 오토모티브,,2020,국비,산업통상자원부,우수기업연구소육성사업(ATC+),R&D,,,KEIT 산업기술 R&D 과제현황(공공데이터포털),https://www.data.go.kr/data/15018033/fileData.do,20260721
c10429,(주)코아 오토모티브,,2020,국비,산업통상자원부,시장자립형3세대xEV산업육성사업,R&D,,,KEIT 산업기술 R&D 과제현황(공공데이터포털),https://www.data.go.kr/data/15018033/fileData.do,20260721
x2338,(주)케이.피.디,,2020,국비,산업통상자원부,글로벌디자인전문기업육성,R&D,,,KEIT 산업기술 R&D 과제현황(공공데이터포털),https://www.data.go.kr/data/15018033/fileData.do,20260721
c0098,(주)칼라원,,2020,국비,산업통상자원부,글로벌디자인전문기업육성,R&D,,,KEIT 산업기술 R&D 과제현황(공공데이터포털),https://www.data.go.kr/data/15018033/fileData.do,20260721
c4595,(주)제이오텍,,2020,국비,산업통상자원부,소재부품패키지형,R&D,,,KEIT 산업기술 R&D 과제현황(공공데이터포털),https://www.data.go.kr/data/15018033/fileData.do,20260721
,(주)인성테크,,2020,국비,산업통상자원부,글로벌디자인전문기업육성,R&D,,,KEIT 산업기술 R&D 과제현황(공공데이터포털),https://www.data.go.kr/data/15018033/fileData.do,20260721
c3163,(주)이진히팅시스템,,2020,국비,산업통상자원부,소재부품패키지형,R&D,,,KEIT 산업기술 R&D 과제현황(공공데이터포털),https://www.data.go.kr/data/15018033/fileData.do,20260721
c4435,(주)이음기술,,2020,국비,산업통상자원부,글로벌디자인전문기업육성,R&D,,,KEIT 산업기술 R&D 과제현황(공공데이터포털),https://www.data.go.kr/data/15018033/fileData.do,20260721
c0652,(주)이엘피,,2020,국비,산업통상자원부,디스플레이혁신공정플랫폼구축,R&D,,,KEIT 산업기술 R&D 과제현황(공공데이터포털),https://www.data.go.kr/data/15018033/fileData.do,20260721
c10337,(주)유니테크,,2020,국비,산업통상자원부,전략핵심소재자립화기술개발,R&D,,,KEIT 산업기술 R&D 과제현황(공공데이터포털),https://www.data.go.kr/data/15018033/fileData.do,20260721
c10337,(주)유니테크,,2020,국비,산업통상자원부,소재부품패키지형,R&D,,,KEIT 산업기술 R&D 과제현황(공공데이터포털),https://www.data.go.kr/data/15018033/fileData.do,20260721
c8595,(주)위니텍,,2020,국비,산업통상자원부,국가표준기술력향상,R&D,,,KEIT 산업기술 R&D 과제현황(공공데이터포털),https://www.data.go.kr/data/15018033/fileData.do,20260721
,(주)우진,,2020,국비,산업통상자원부,우수기업연구소육성사업(ATC+),R&D,,,KEIT 산업기술 R&D 과제현황(공공데이터포털),https://www.data.go.kr/data/15018033/fileData.do,20260721
c3873,(주)오성테크,,2020,국비,산업통상자원부,전략핵심소재자립화기술개발,R&D,,,KEIT 산업기술 R&D 과제현황(공공데이터포털),https://www.data.go.kr/data/15018033/fileData.do,20260721
c7624,(주)영풍,,2020,국비,산업통상자원부,소재부품패키지형,R&D,,,KEIT 산업기술 R&D 과제현황(공공데이터포털),https://www.data.go.kr/data/15018033/fileData.do,20260721
,(주)엘앤에프,,2020,국비,산업통상자원부,전략핵심소재자립화기술개발,R&D,,,KEIT 산업기술 R&D 과제현황(공공데이터포털),https://www.data.go.kr/data/15018033/fileData.do,20260721
,(주)엘앤에프,,2020,국비,산업통상자원부,전기차고출력배터리및충전시스템기술개발,R&D,,,KEIT 산업기술 R&D 과제현황(공공데이터포털),https://www.data.go.kr/data/15018033/fileData.do,20260721
,(주)엘앤에프,,2020,국비,산업통상자원부,리튬기반차세대이차전지성능고도화및제조기술개발,R&D,,,KEIT 산업기술 R&D 과제현황(공공데이터포털),https://www.data.go.kr/data/15018033/fileData.do,20260721
c2674,(주)엔유씨전자,,2020,국비,산업통상자원부,시장주도형제품디자인개발,R&D,,,KEIT 산업기술 R&D 과제현황(공공데이터포털),https://www.data.go.kr/data/15018033/fileData.do,20260721
c7859,(주)에이티씨,,2020,국비,산업통상자원부,차세대하이브리드PCB기술개발,R&D,,,KEIT 산업기술 R&D 과제현황(공공데이터포털),https://www.data.go.kr/data/15018033/fileData.do,20260721
c7522,(주)에이치시티,,2020,국비,산업통상자원부,상용표준물질개발보급,R&D,,,KEIT 산업기술 R&D 과제현황(공공데이터포털),https://www.data.go.kr/data/15018033/fileData.do,20260721
c4903,(주)에스피지,,2020,국비,산업통상자원부,제조기반생산시스템,R&D,,,KEIT 산업기술 R&D 과제현황(공공데이터포털),https://www.data.go.kr/data/15018033/fileData.do,20260721
x3475,(주)에스비솔루션,,2020,국비,산업통상자원부,소재부품이종기술융합형,R&D,,,KEIT 산업기술 R&D 과제현황(공공데이터포털),https://www.data.go.kr/data/15018033/fileData.do,20260721
,(주)아이에스테크,,2020,국비,산업통상자원부,자동차부품기업 재도약사업,R&D,,,KEIT 산업기술 R&D 과제현황(공공데이터포털),https://www.data.go.kr/data/15018033/fileData.do,20260721
c10477,(주)씨오알엔,,2020,국비,산업통상자원부,전기차고출력배터리및충전시스템기술개발,R&D,,,KEIT 산업기술 R&D 과제현황(공공데이터포털),https://www.data.go.kr/data/15018033/fileData.do,20260721
,(주)신화에스티,,2020,국비,산업통상자원부,제조기반생산시스템,R&D,,,KEIT 산업기술 R&D 과제현황(공공데이터포털),https://www.data.go.kr/data/15018033/fileData.do,20260721
,(주)신화에스티,,2020,국비,산업통상자원부,전략핵심소재자립화기술개발,R&D,,,KEIT 산업기술 R&D 과제현황(공공데이터포털),https://www.data.go.kr/data/15018033/fileData.do,20260721
c9599,(주)솔지,,2020,국비,산업통상자원부,제조기반생산시스템,R&D,,,KEIT 산업기술 R&D 과제현황(공공데이터포털),https://www.data.go.kr/data/15018033/fileData.do,20260721
c10472,(주)소포스,,2020,국비,산업통상자원부,소재부품패키지형,R&D,,,KEIT 산업기술 R&D 과제현황(공공데이터포털),https://www.data.go.kr/data/15018033/fileData.do,20260721
c6606,(주)세원정공,,2020,국비,산업통상자원부,글로벌주력산업품질대응뿌리기술개발,R&D,,,KEIT 산업기술 R&D 과제현황(공공데이터포털),https://www.data.go.kr/data/15018033/fileData.do,20260721
,(주)세명테크,,2020,국비,산업통상자원부,소재부품패키지형,R&D,,,KEIT 산업기술 R&D 과제현황(공공데이터포털),https://www.data.go.kr/data/15018033/fileData.do,20260721
c9998,(주)삼우이엔지,,2020,국비,산업통상자원부,제조기반생산시스템,R&D,,,KEIT 산업기술 R&D 과제현황(공공데이터포털),https://www.data.go.kr/data/15018033/fileData.do,20260721
,(주)삼연기술,,2020,국비,산업통상자원부,제조기반생산시스템,R&D,,,KEIT 산업기술 R&D 과제현황(공공데이터포털),https://www.data.go.kr/data/15018033/fileData.do,20260721
,(주)삼기,,2020,국비,산업통상자원부,전략핵심소재자립화기술개발,R&D,,,KEIT 산업기술 R&D 과제현황(공공데이터포털),https://www.data.go.kr/data/15018033/fileData.do,20260721
,(주)삼기,,2020,국비,산업통상자원부,자동차부품기업 재도약사업,R&D,,,KEIT 산업기술 R&D 과제현황(공공데이터포털),https://www.data.go.kr/data/15018033/fileData.do,20260721
c10614,(주)산엔지니어링,,2020,국비,산업통상자원부,조선해양산업핵심기술개발사업,R&D,,,KEIT 산업기술 R&D 과제현황(공공데이터포털),https://www.data.go.kr/data/15018033/fileData.do,20260721
,(주)비젼사이언스,,2020,국비,산업통상자원부,우수기업연구소육성사업(ATC+),R&D,,,KEIT 산업기술 R&D 과제현황(공공데이터포털),https://www.data.go.kr/data/15018033/fileData.do,20260721
x3968,(주)비엠티,,2020,국비,산업통상자원부,전략핵심소재자립화기술개발,R&D,,,KEIT 산업기술 R&D 과제현황(공공데이터포털),https://www.data.go.kr/data/15018033/fileData.do,20260721
c2204,(주)비엠테크,,2020,국비,산업통상자원부,우수기업연구소육성사업(ATC+),R&D,,,KEIT 산업기술 R&D 과제현황(공공데이터포털),https://www.data.go.kr/data/15018033/fileData.do,20260721
,(주)비에스지,,2020,국비,산업통상자원부,소재부품패키지형,R&D,,,KEIT 산업기술 R&D 과제현황(공공데이터포털),https://www.data.go.kr/data/15018033/fileData.do,20260721
,(주)보우,,2020,국비,산업통상자원부,전략핵심소재자립화기술개발,R&D,,,KEIT 산업기술 R&D 과제현황(공공데이터포털),https://www.data.go.kr/data/15018033/fileData.do,20260721
c10133,(주)베사,,2020,국비,산업통상자원부,전략핵심소재자립화기술개발,R&D,,,KEIT 산업기술 R&D 과제현황(공공데이터포털),https://www.data.go.kr/data/15018033/fileData.do,20260721
c9887,(주)백일,,2020,국비,산업통상자원부,소재부품패키지형,R&D,,,KEIT 산업기술 R&D 과제현황(공공데이터포털),https://www.data.go.kr/data/15018033/fileData.do,20260721
c4504,(주)반디,,2020,국비,산업통상자원부,자동차부품기업 재도약사업,R&D,,,KEIT 산업기술 R&D 과제현황(공공데이터포털),https://www.data.go.kr/data/15018033/fileData.do,20260721
c7846,(주)미래하이테크,,2020,국비,산업통상자원부,소재부품패키지형,R&D,,,KEIT 산업기술 R&D 과제현황(공공데이터포털),https://www.data.go.kr/data/15018033/fileData.do,20260721
,(주)리빙케어,,2020,국비,산업통상자원부,디스플레이혁신공정플랫폼구축,R&D,,,KEIT 산업기술 R&D 과제현황(공공데이터포털),https://www.data.go.kr/data/15018033/fileData.do,20260721
c5330,(주)래딕스,,2020,국비,산업통상자원부,고도화스마트공장협업기술개발,R&D,,,KEIT 산업기술 R&D 과제현황(공공데이터포털),https://www.data.go.kr/data/15018033/fileData.do,20260721
c5189,(주)디엔비,,2020,국비,산업통상자원부,시장주도형제품디자인개발,R&D,,,KEIT 산업기술 R&D 과제현황(공공데이터포털),https://www.data.go.kr/data/15018033/fileData.do,20260721
,(주)디에프씨,,2020,국비,산업통상자원부,전략핵심소재자립화기술개발,R&D,,,KEIT 산업기술 R&D 과제현황(공공데이터포털),https://www.data.go.kr/data/15018033/fileData.do,20260721
,(주)디에스티,,2020,국비,산업통상자원부,조선해양산업핵심기술개발사업,R&D,,,KEIT 산업기술 R&D 과제현황(공공데이터포털),https://www.data.go.kr/data/15018033/fileData.do,20260721
c4484,(주)디에스테크노,,2020,국비,산업통상자원부,소재부품패키지형,R&D,,,KEIT 산업기술 R&D 과제현황(공공데이터포털),https://www.data.go.kr/data/15018033/fileData.do,20260721
c5601,(주)대흥정공,,2020,국비,산업통상자원부,자동차부품기업 재도약사업,R&D,,,KEIT 산업기술 R&D 과제현황(공공데이터포털),https://www.data.go.kr/data/15018033/fileData.do,20260721
c7215,(주)대정,,2020,국비,산업통상자원부,가변 플랫폼기반 소형 전기버스/트럭 및 운영시스템 개발사업,R&D,,,KEIT 산업기술 R&D 과제현황(공공데이터포털),https://www.data.go.kr/data/15018033/fileData.do,20260721
,(주)대성하이텍,,2020,국비,산업통상자원부,제조장비시스템스마트제어기술개발,R&D,,,KEIT 산업기술 R&D 과제현황(공공데이터포털),https://www.data.go.kr/data/15018033/fileData.do,20260721
c1205,(주)대성사,,2020,국비,산업통상자원부,전략핵심소재자립화기술개발,R&D,,,KEIT 산업기술 R&D 과제현황(공공데이터포털),https://www.data.go.kr/data/15018033/fileData.do,20260721
,(주)대동,,2020,국비,산업통상자원부,제조기반생산시스템,R&D,,,KEIT 산업기술 R&D 과제현황(공공데이터포털),https://www.data.go.kr/data/15018033/fileData.do,20260721
,(주)나우테크,,2020,국비,산업통상자원부,제조기반생산시스템,R&D,,,KEIT 산업기술 R&D 과제현황(공공데이터포털),https://www.data.go.kr/data/15018033/fileData.do,20260721
c7953,(주)금호정공,,2020,국비,산업통상자원부,소재부품장비혁신 lab기술개발사업,R&D,,,KEIT 산업기술 R&D 과제현황(공공데이터포털),https://www.data.go.kr/data/15018033/fileData.do,20260721
x4736,(주)그린텍코리아,,2020,국비,산업통상자원부,전략핵심소재자립화기술개발,R&D,,,KEIT 산업기술 R&D 과제현황(공공데이터포털),https://www.data.go.kr/data/15018033/fileData.do,20260721
c7943,(주)EV첨단소재,,2020,국비,산업통상자원부,소재부품패키지형,R&D,,,KEIT 산업기술 R&D 과제현황(공공데이터포털),https://www.data.go.kr/data/15018033/fileData.do,20260721
c5516,(주)AVACO,,2020,국비,산업통상자원부,제조기반생산시스템,R&D,,,KEIT 산업기술 R&D 과제현황(공공데이터포털),https://www.data.go.kr/data/15018033/fileData.do,20260721
c5516,(주)AVACO,,2020,국비,산업통상자원부,소재부품패키지형,R&D,,,KEIT 산업기술 R&D 과제현황(공공데이터포털),https://www.data.go.kr/data/15018033/fileData.do,20260721
c5516,(주)AVACO,,2020,국비,산업통상자원부,디스플레이혁신공정플랫폼구축,R&D,,,KEIT 산업기술 R&D 과제현황(공공데이터포털),https://www.data.go.kr/data/15018033/fileData.do,20260721
c5516,(주)AVACO,,2020,국비,산업통상자원부,OLED공정장비용핵심부품기술개발사업,R&D,,,KEIT 산업기술 R&D 과제현황(공공데이터포털),https://www.data.go.kr/data/15018033/fileData.do,20260721
x2566,(재)지능형자동차부품진흥원,,2020,국비,산업통상자원부,소재부품장비혁신 lab기술개발사업,R&D,,,KEIT 산업기술 R&D 과제현황(공공데이터포털),https://www.data.go.kr/data/15018033/fileData.do,20260721
,(재)대구테크노파크,,2020,국비,산업통상자원부,제조기반생산시스템,R&D,,,KEIT 산업기술 R&D 과제현황(공공데이터포털),https://www.data.go.kr/data/15018033/fileData.do,20260721
,(재)대구테크노파크,,2020,국비,산업통상자원부,영상진단의료기기탑재용AI기반영상분석솔루션개발,R&D,,,KEIT 산업기술 R&D 과제현황(공공데이터포털),https://www.data.go.kr/data/15018033/fileData.do,20260721
,(재)대구테크노파크,,2020,국비,산업통상자원부,소재부품패키지형,R&D,,,KEIT 산업기술 R&D 과제현황(공공데이터포털),https://www.data.go.kr/data/15018033/fileData.do,20260721
,(재)대구테크노파크,,2020,국비,산업통상자원부,OLED공정장비용핵심부품기술개발사업,R&D,,,KEIT 산업기술 R&D 과제현황(공공데이터포털),https://www.data.go.kr/data/15018033/fileData.do,20260721
,(재)대구기계부품연구원,,2020,국비,산업통상자원부,제조장비시스템스마트제어기술개발,R&D,,,KEIT 산업기술 R&D 과제현황(공공데이터포털),https://www.data.go.kr/data/15018033/fileData.do,20260721
,(재)대구기계부품연구원,,2020,국비,산업통상자원부,제조기반생산시스템,R&D,,,KEIT 산업기술 R&D 과제현황(공공데이터포털),https://www.data.go.kr/data/15018033/fileData.do,20260721
,(재)대구기계부품연구원,,2020,국비,산업통상자원부,전략핵심소재자립화기술개발,R&D,,,KEIT 산업기술 R&D 과제현황(공공데이터포털),https://www.data.go.kr/data/15018033/fileData.do,20260721
,(재)대구기계부품연구원,,2020,국비,산업통상자원부,소재부품장비혁신 lab기술개발사업,R&D,,,KEIT 산업기술 R&D 과제현황(공공데이터포털),https://www.data.go.kr/data/15018033/fileData.do,20260721
,(재)대구기계부품연구원,,2020,국비,산업통상자원부,소재부품이종기술융합형,R&D,,,KEIT 산업기술 R&D 과제현황(공공데이터포털),https://www.data.go.kr/data/15018033/fileData.do,20260721
c8550,현대제철주식회사,,2019,국비,산업통상자원부,제조분야미세먼지감축을위한공정맞춤형실용화기술개발,R&D,,,KEIT 산업기술 R&D 과제현황(공공데이터포털),https://www.data.go.kr/data/15018033/fileData.do,20260721
c9822,현대모비스(주),,2019,국비,산업통상자원부,화학공정소재,R&D,,,KEIT 산업기술 R&D 과제현황(공공데이터포털),https://www.data.go.kr/data/15018033/fileData.do,20260721
c9822,현대모비스(주),,2019,국비,산업통상자원부,그린카,R&D,,,KEIT 산업기술 R&D 과제현황(공공데이터포털),https://www.data.go.kr/data/15018033/fileData.do,20260721
c9822,현대모비스(주),,2019,국비,산업통상자원부,AI기반 자율주행 컴퓨팅 모듈 개발 및 서비스 실증(R&D),R&D,,,KEIT 산업기술 R&D 과제현황(공공데이터포털),https://www.data.go.kr/data/15018033/fileData.do,20260721
c1951,한솔아이엠비,,2019,국비,산업통상자원부,디자인전문기술개발,R&D,,,KEIT 산업기술 R&D 과제현황(공공데이터포털),https://www.data.go.kr/data/15018033/fileData.do,20260721
c10552,한국자동차연구원,,2019,국비,산업통상자원부,화학공정소재,R&D,,,KEIT 산업기술 R&D 과제현황(공공데이터포털),https://www.data.go.kr/data/15018033/fileData.do,20260721
c10552,한국자동차연구원,,2019,국비,산업통상자원부,친환경수소연료선박R&D플랫폼구축,R&D,,,KEIT 산업기술 R&D 과제현황(공공데이터포털),https://www.data.go.kr/data/15018033/fileData.do,20260721
c10552,한국자동차연구원,,2019,국비,산업통상자원부,첨단뿌리기술,R&D,,,KEIT 산업기술 R&D 과제현황(공공데이터포털),https://www.data.go.kr/data/15018033/fileData.do,20260721
c10552,한국자동차연구원,,2019,국비,산업통상자원부,중소중견기업지원을위한전기자동차개방형플랫폼,R&D,,,KEIT 산업기술 R&D 과제현황(공공데이터포털),https://www.data.go.kr/data/15018033/fileData.do,20260721
c10552,한국자동차연구원,,2019,국비,산업통상자원부,중견조선소혁신성장개발사업,R&D,,,KEIT 산업기술 R&D 과제현황(공공데이터포털),https://www.data.go.kr/data/15018033/fileData.do,20260721
c10552,한국자동차연구원,,2019,국비,산업통상자원부,제조기반생산시스템,R&D,,,KEIT 산업기술 R&D 과제현황(공공데이터포털),https://www.data.go.kr/data/15018033/fileData.do,20260721
c10552,한국자동차연구원,,2019,국비,산업통상자원부,자동차부품기업활력제고사업,R&D,,,KEIT 산업기술 R&D 과제현황(공공데이터포털),https://www.data.go.kr/data/15018033/fileData.do,20260721
c10552,한국자동차연구원,,2019,국비,산업통상자원부,수송분야비배기관미세먼지저감,R&D,,,KEIT 산업기술 R&D 과제현황(공공데이터포털),https://www.data.go.kr/data/15018033/fileData.do,20260721
c10552,한국자동차연구원,,2019,국비,산업통상자원부,소재부품패키지형,R&D,,,KEIT 산업기술 R&D 과제현황(공공데이터포털),https://www.data.go.kr/data/15018033/fileData.do,20260721
c10552,한국자동차연구원,,2019,국비,산업통상자원부,소재부품이종기술융합형,R&D,,,KEIT 산업기술 R&D 과제현황(공공데이터포털),https://www.data.go.kr/data/15018033/fileData.do,20260721
c10552,한국자동차연구원,,2019,국비,산업통상자원부,산업위기지역미래형전기차부품개발,R&D,,,KEIT 산업기술 R&D 과제현황(공공데이터포털),https://www.data.go.kr/data/15018033/fileData.do,20260721
c10552,한국자동차연구원,,2019,국비,산업통상자원부,산업기술R&D연구기획사업,R&D,,,KEIT 산업기술 R&D 과제현황(공공데이터포털),https://www.data.go.kr/data/15018033/fileData.do,20260721
c10552,한국자동차연구원,,2019,국비,산업통상자원부,그린카,R&D,,,KEIT 산업기술 R&D 과제현황(공공데이터포털),https://www.data.go.kr/data/15018033/fileData.do,20260721
c10552,한국자동차연구원,,2019,국비,산업통상자원부,공공기술활용상용화기술개발,R&D,,,KEIT 산업기술 R&D 과제현황(공공데이터포털),https://www.data.go.kr/data/15018033/fileData.do,20260721
c10552,한국자동차연구원,,2019,국비,산업통상자원부,AI기반 자율주행 컴퓨팅 모듈 개발 및 서비스 실증(R&D),R&D,,,KEIT 산업기술 R&D 과제현황(공공데이터포털),https://www.data.go.kr/data/15018033/fileData.do,20260721
c9287,한국에스케이에프씰주식회사,,2019,국비,산업통상자원부,자동차부품기업활력제고사업,R&D,,,KEIT 산업기술 R&D 과제현황(공공데이터포털),https://www.data.go.kr/data/15018033/fileData.do,20260721
c9287,한국에스케이에프씰주식회사,,2019,국비,산업통상자원부,소재부품패키지형,R&D,,,KEIT 산업기술 R&D 과제현황(공공데이터포털),https://www.data.go.kr/data/15018033/fileData.do,20260721
c8533,한국세폭,,2019,국비,산업통상자원부,제조장비실증,R&D,,,KEIT 산업기술 R&D 과제현황(공공데이터포털),https://www.data.go.kr/data/15018033/fileData.do,20260721
c6487,하이드로텍주식회사,,2019,국비,산업통상자원부,제조기반생산시스템,R&D,,,KEIT 산업기술 R&D 과제현황(공공데이터포털),https://www.data.go.kr/data/15018033/fileData.do,20260721
,하나텍,,2019,국비,산업통상자원부,차세대반도체개발,R&D,,,KEIT 산업기술 R&D 과제현황(공공데이터포털),https://www.data.go.kr/data/15018033/fileData.do,20260721
c10544,쿠팡 주식회사,,2019,국비,산업통상자원부,로봇핵심공통기반기술,R&D,,,KEIT 산업기술 R&D 과제현황(공공데이터포털),https://www.data.go.kr/data/15018033/fileData.do,20260721
c7331,창성정공,,2019,국비,산업통상자원부,제조장비실증,R&D,,,KEIT 산업기술 R&D 과제현황(공공데이터포털),https://www.data.go.kr/data/15018033/fileData.do,20260721
c2593,주식회사유니온테크,,2019,국비,산업통상자원부,제조장비실증,R&D,,,KEIT 산업기술 R&D 과제현황(공공데이터포털),https://www.data.go.kr/data/15018033/fileData.do,20260721
x2984,주식회사와이테크,,2019,국비,산업통상자원부,공공기술활용상용화기술개발,R&D,,,KEIT 산업기술 R&D 과제현황(공공데이터포털),https://www.data.go.kr/data/15018033/fileData.do,20260721
c0566,주식회사씨앤보코,,2019,국비,산업통상자원부,서비스디자인기반제조업신생태계구축,R&D,,,KEIT 산업기술 R&D 과제현황(공공데이터포털),https://www.data.go.kr/data/15018033/fileData.do,20260721
,주식회사네오테크,,2019,국비,산업통상자원부,자동차부품기업활력제고사업,R&D,,,KEIT 산업기술 R&D 과제현황(공공데이터포털),https://www.data.go.kr/data/15018033/fileData.do,20260721
c0184,주식회사 헬스올,,2019,국비,산업통상자원부,PHR기반개인맞춤형건강관리시스템,R&D,,,KEIT 산업기술 R&D 과제현황(공공데이터포털),https://www.data.go.kr/data/15018033/fileData.do,20260721
c10661,주식회사 테토스,,2019,국비,산업통상자원부,소재부품패키지형,R&D,,,KEIT 산업기술 R&D 과제현황(공공데이터포털),https://www.data.go.kr/data/15018033/fileData.do,20260721
,주식회사 지구,,2019,국비,산업통상자원부,안전보호융복합섬유산업육성사업,R&D,,,KEIT 산업기술 R&D 과제현황(공공데이터포털),https://www.data.go.kr/data/15018033/fileData.do,20260721
x4270,주식회사 영창에코,,2019,국비,산업통상자원부,서비스디자인기반제조업신생태계구축,R&D,,,KEIT 산업기술 R&D 과제현황(공공데이터포털),https://www.data.go.kr/data/15018033/fileData.do,20260721
c4884,주식회사 썬테크,,2019,국비,산업통상자원부,로봇핵심공통기반기술,R&D,,,KEIT 산업기술 R&D 과제현황(공공데이터포털),https://www.data.go.kr/data/15018033/fileData.do,20260721
c9798,주식회사 스맥,,2019,국비,산업통상자원부,제조장비실증,R&D,,,KEIT 산업기술 R&D 과제현황(공공데이터포털),https://www.data.go.kr/data/15018033/fileData.do,20260721
c9798,주식회사 스맥,,2019,국비,산업통상자원부,제조기반생산시스템,R&D,,,KEIT 산업기술 R&D 과제현황(공공데이터포털),https://www.data.go.kr/data/15018033/fileData.do,20260721
c6162,주식회사 빅스,,2019,국비,산업통상자원부,안전보호융복합섬유산업육성사업,R&D,,,KEIT 산업기술 R&D 과제현황(공공데이터포털),https://www.data.go.kr/data/15018033/fileData.do,20260721
c6162,주식회사 빅스,,2019,국비,산업통상자원부,글로벌기술장벽대응맞춤기술개발,R&D,,,KEIT 산업기술 R&D 과제현황(공공데이터포털),https://www.data.go.kr/data/15018033/fileData.do,20260721
x2794,주식회사 베이리스,,2019,국비,산업통상자원부,서비스디자인기반제조업신생태계구축,R&D,,,KEIT 산업기술 R&D 과제현황(공공데이터포털),https://www.data.go.kr/data/15018033/fileData.do,20260721
x2794,주식회사 베이리스,,2019,국비,산업통상자원부,AI기반 자율주행 컴퓨팅 모듈 개발 및 서비스 실증(R&D),R&D,,,KEIT 산업기술 R&D 과제현황(공공데이터포털),https://www.data.go.kr/data/15018033/fileData.do,20260721
,주식회사 덴티스,,2019,국비,산업통상자원부,현장수요반영의료기기고도화기술개발,R&D,,,KEIT 산업기술 R&D 과제현황(공공데이터포털),https://www.data.go.kr/data/15018033/fileData.do,20260721
c10597,주식회사 광림정공,,2019,국비,산업통상자원부,공공기술활용상용화기술개발,R&D,,,KEIT 산업기술 R&D 과제현황(공공데이터포털),https://www.data.go.kr/data/15018033/fileData.do,20260721
,제일산업,,2019,국비,산업통상자원부,자동차부품기업활력제고사업,R&D,,,KEIT 산업기술 R&D 과제현황(공공데이터포털),https://www.data.go.kr/data/15018033/fileData.do,20260721
c5488,제이에스,,2019,국비,산업통상자원부,OLED공정장비용핵심부품기술개발사업,R&D,,,KEIT 산업기술 R&D 과제현황(공공데이터포털),https://www.data.go.kr/data/15018033/fileData.do,20260721
x2251,인사이트 디자인,,2019,국비,산업통상자원부,서비스디자인기반제조업신생태계구축,R&D,,,KEIT 산업기술 R&D 과제현황(공공데이터포털),https://www.data.go.kr/data/15018033/fileData.do,20260721
c1896,이로움,,2019,국비,산업통상자원부,현장수요반영의료기기고도화기술개발,R&D,,,KEIT 산업기술 R&D 과제현황(공공데이터포털),https://www.data.go.kr/data/15018033/fileData.do,20260721
c0066,위니아,,2019,국비,산업통상자원부,소재부품패키지형,R&D,,,KEIT 산업기술 R&D 과제현황(공공데이터포털),https://www.data.go.kr/data/15018033/fileData.do,20260721
c0066,위니아,,2019,국비,산업통상자원부,서비스디자인기반제조업신생태계구축,R&D,,,KEIT 산업기술 R&D 과제현황(공공데이터포털),https://www.data.go.kr/data/15018033/fileData.do,20260721
c0066,위니아,,2019,국비,산업통상자원부,IoT가전기반스마트홈실증형기술개발사업(R&D),R&D,,,KEIT 산업기술 R&D 과제현황(공공데이터포털),https://www.data.go.kr/data/15018033/fileData.do,20260721
c8105,원텍 주식회사,,2019,국비,산업통상자원부,웨어러블스마트디바이스용핵심부품요소기술개발,R&D,,,KEIT 산업기술 R&D 과제현황(공공데이터포털),https://www.data.go.kr/data/15018033/fileData.do,20260721
c6912,원창머티리얼(주),,2019,국비,산업통상자원부,중견기업상생R&D기획사업,R&D,,,KEIT 산업기술 R&D 과제현황(공공데이터포털),https://www.data.go.kr/data/15018033/fileData.do,20260721
,우양신소재,,2019,국비,산업통상자원부,안전보호융복합섬유산업육성사업,R&D,,,KEIT 산업기술 R&D 과제현황(공공데이터포털),https://www.data.go.kr/data/15018033/fileData.do,20260721
,오토아이티 (주),,2019,국비,산업통상자원부,그린카,R&D,,,KEIT 산업기술 R&D 과제현황(공공데이터포털),https://www.data.go.kr/data/15018033/fileData.do,20260721
c9617,영일랩스,,2019,국비,산업통상자원부,응용·상용화기술개발,R&D,,,KEIT 산업기술 R&D 과제현황(공공데이터포털),https://www.data.go.kr/data/15018033/fileData.do,20260721
c2903,에스팩주식회사,,2019,국비,산업통상자원부,중견조선소혁신성장개발사업,R&D,,,KEIT 산업기술 R&D 과제현황(공공데이터포털),https://www.data.go.kr/data/15018033/fileData.do,20260721
,에스티엠 주식회사,,2019,국비,산업통상자원부,소재부품이종기술융합형,R&D,,,KEIT 산업기술 R&D 과제현황(공공데이터포털),https://www.data.go.kr/data/15018033/fileData.do,20260721
,아진산업(주),,2019,국비,산업통상자원부,제조혁신3D프린팅기술개발,R&D,,,KEIT 산업기술 R&D 과제현황(공공데이터포털),https://www.data.go.kr/data/15018033/fileData.do,20260721
x3267,아라정밀주식회사,,2019,국비,산업통상자원부,자동차부품기업활력제고사업,R&D,,,KEIT 산업기술 R&D 과제현황(공공데이터포털),https://www.data.go.kr/data/15018033/fileData.do,20260721
,씨앤디(C&D),,2019,국비,산업통상자원부,글로벌디자인전문기업육성,R&D,,,KEIT 산업기술 R&D 과제현황(공공데이터포털),https://www.data.go.kr/data/15018033/fileData.do,20260721
,신일정보기술(주),,2019,국비,산업통상자원부,수출유망부품및핵심기술개발,R&D,,,KEIT 산업기술 R&D 과제현황(공공데이터포털),https://www.data.go.kr/data/15018033/fileData.do,20260721
,세신정밀,,2019,국비,산업통상자원부,현장수요반영의료기기고도화기술개발,R&D,,,KEIT 산업기술 R&D 과제현황(공공데이터포털),https://www.data.go.kr/data/15018033/fileData.do,20260721
,성우엔지니어링,,2019,국비,산업통상자원부,드론활용서비스 시장창출 지원사업,R&D,,,KEIT 산업기술 R&D 과제현황(공공데이터포털),https://www.data.go.kr/data/15018033/fileData.do,20260721
x2668,성안합섬(주),,2019,국비,산업통상자원부,중견기업상생R&D기획사업,R&D,,,KEIT 산업기술 R&D 과제현황(공공데이터포털),https://www.data.go.kr/data/15018033/fileData.do,20260721
,성림첨단산업(주),,2019,국비,산업통상자원부,자동차부품기업활력제고사업,R&D,,,KEIT 산업기술 R&D 과제현황(공공데이터포털),https://www.data.go.kr/data/15018033/fileData.do,20260721
,상신브레이크(주),,2019,국비,산업통상자원부,수송분야비배기관미세먼지저감,R&D,,,KEIT 산업기술 R&D 과제현황(공공데이터포털),https://www.data.go.kr/data/15018033/fileData.do,20260721
c0744,삼성염직(주),,2019,국비,산업통상자원부,공공기술활용상용화기술개발,R&D,,,KEIT 산업기술 R&D 과제현황(공공데이터포털),https://www.data.go.kr/data/15018033/fileData.do,20260721
c0742,삼성교역(주),,2019,국비,산업통상자원부,안전보호융복합섬유산업육성사업,R&D,,,KEIT 산업기술 R&D 과제현황(공공데이터포털),https://www.data.go.kr/data/15018033/fileData.do,20260721
,삼보모터스(주),,2019,국비,산업통상자원부,디스플레이혁신공정플랫폼구축,R&D,,,KEIT 산업기술 R&D 과제현황(공공데이터포털),https://www.data.go.kr/data/15018033/fileData.do,20260721
c9677,비스,,2019,국비,산업통상자원부,로봇핵심공통기반기술,R&D,,,KEIT 산업기술 R&D 과제현황(공공데이터포털),https://www.data.go.kr/data/15018033/fileData.do,20260721
c7252,벽진BIO텍,,2019,국비,산업통상자원부,섬유의류혁신역량강화사업,R&D,,,KEIT 산업기술 R&D 과제현황(공공데이터포털),https://www.data.go.kr/data/15018033/fileData.do,20260721
x4632,디자인 선,,2019,국비,산업통상자원부,서비스디자인기반제조업신생태계구축,R&D,,,KEIT 산업기술 R&D 과제현황(공공데이터포털),https://www.data.go.kr/data/15018033/fileData.do,20260721
,동진섬유,,2019,국비,산업통상자원부,공공기술활용상용화기술개발,R&D,,,KEIT 산업기술 R&D 과제현황(공공데이터포털),https://www.data.go.kr/data/15018033/fileData.do,20260721
c0710,대한방직(주)대구공장,,2019,국비,산업통상자원부,안전보호융복합섬유산업육성사업,R&D,,,KEIT 산업기술 R&D 과제현황(공공데이터포털),https://www.data.go.kr/data/15018033/fileData.do,20260721
,대원산업(주),,2019,국비,산업통상자원부,자동차부품기업활력제고사업,R&D,,,KEIT 산업기술 R&D 과제현황(공공데이터포털),https://www.data.go.kr/data/15018033/fileData.do,20260721
,대신정공(주),,2019,국비,산업통상자원부,제조기반생산시스템,R&D,,,KEIT 산업기술 R&D 과제현황(공공데이터포털),https://www.data.go.kr/data/15018033/fileData.do,20260721
,대봉산업(주),,2019,국비,산업통상자원부,자동차부품기업활력제고사업,R&D,,,KEIT 산업기술 R&D 과제현황(공공데이터포털),https://www.data.go.kr/data/15018033/fileData.do,20260721
c6762,대동세라믹스,,2019,국비,산업통상자원부,i-Ceramic제조혁신플랫폼,R&D,,,KEIT 산업기술 R&D 과제현황(공공데이터포털),https://www.data.go.kr/data/15018033/fileData.do,20260721
c7624,농업회사법인(주)영풍,,2019,국비,산업통상자원부,서비스디자인기반제조업신생태계구축,R&D,,,KEIT 산업기술 R&D 과제현황(공공데이터포털),https://www.data.go.kr/data/15018033/fileData.do,20260721
,네오텍,,2019,국비,산업통상자원부,중소중견기업지원을위한전기자동차개방형플랫폼,R&D,,,KEIT 산업기술 R&D 과제현황(공공데이터포털),https://www.data.go.kr/data/15018033/fileData.do,20260721
c10939,나라엠앤디(주),,2019,국비,산업통상자원부,소재부품패키지형,R&D,,,KEIT 산업기술 R&D 과제현황(공공데이터포털),https://www.data.go.kr/data/15018033/fileData.do,20260721
c11104,금성테크,,2019,국비,산업통상자원부,고부가가치인조흑연소재기술개발사업,R&D,,,KEIT 산업기술 R&D 과제현황(공공데이터포털),https://www.data.go.kr/data/15018033/fileData.do,20260721
,광명산업(주),,2019,국비,산업통상자원부,소재부품패키지형,R&D,,,KEIT 산업기술 R&D 과제현황(공공데이터포털),https://www.data.go.kr/data/15018033/fileData.do,20260721
,광림섬유주식회사,,2019,국비,산업통상자원부,섬유의류혁신역량강화사업,R&D,,,KEIT 산업기술 R&D 과제현황(공공데이터포털),https://www.data.go.kr/data/15018033/fileData.do,20260721
x2290,계명대학교산학협력단,,2019,국비,산업통상자원부,자동차부품기업활력제고사업,R&D,,,KEIT 산업기술 R&D 과제현황(공공데이터포털),https://www.data.go.kr/data/15018033/fileData.do,20260721
c1136,경일대학교산학협력단,,2019,국비,행정안전부,재난안전기술 사업화 지원,R&D,,,KEIT 산업기술 R&D 과제현황(공공데이터포털),https://www.data.go.kr/data/15018033/fileData.do,20260721
c1136,경일대학교산학협력단,,2019,국비,산업통상자원부,자동차부품기업활력제고사업,R&D,,,KEIT 산업기술 R&D 과제현황(공공데이터포털),https://www.data.go.kr/data/15018033/fileData.do,20260721
,경북대학교 산학협력단,,2019,국비,산업통상자원부,현장수요반영의료기기고도화기술개발,R&D,,,KEIT 산업기술 R&D 과제현황(공공데이터포털),https://www.data.go.kr/data/15018033/fileData.do,20260721
,경북대학교 산학협력단,,2019,국비,산업통상자원부,중견기업상생R&D사업,R&D,,,KEIT 산업기술 R&D 과제현황(공공데이터포털),https://www.data.go.kr/data/15018033/fileData.do,20260721
,경북대학교 산학협력단,,2019,국비,산업통상자원부,제조서비스융합,R&D,,,KEIT 산업기술 R&D 과제현황(공공데이터포털),https://www.data.go.kr/data/15018033/fileData.do,20260721
,경북대학교 산학협력단,,2019,국비,산업통상자원부,제조기반생산시스템,R&D,,,KEIT 산업기술 R&D 과제현황(공공데이터포털),https://www.data.go.kr/data/15018033/fileData.do,20260721
,경북대학교 산학협력단,,2019,국비,산업통상자원부,자동차부품기업활력제고사업,R&D,,,KEIT 산업기술 R&D 과제현황(공공데이터포털),https://www.data.go.kr/data/15018033/fileData.do,20260721
,경북대학교 산학협력단,,2019,국비,산업통상자원부,로봇핵심공통기반기술,R&D,,,KEIT 산업기술 R&D 과제현황(공공데이터포털),https://www.data.go.kr/data/15018033/fileData.do,20260721
,경북대학교 산학협력단,,2019,국비,산업통상자원부,고부가가치인조흑연소재기술개발사업,R&D,,,KEIT 산업기술 R&D 과제현황(공공데이터포털),https://www.data.go.kr/data/15018033/fileData.do,20260721
,경북대학교 산학협력단,,2019,국비,산업통상자원부,i-Ceramic제조혁신플랫폼,R&D,,,KEIT 산업기술 R&D 과제현황(공공데이터포털),https://www.data.go.kr/data/15018033/fileData.do,20260721
,경북대학교 산학협력단,,2019,국비,산업통상자원부,IoT가전기반스마트홈실증형기술개발사업(R&D),R&D,,,KEIT 산업기술 R&D 과제현황(공공데이터포털),https://www.data.go.kr/data/15018033/fileData.do,20260721
c6821,KOTITI 시험연구원,,2019,국비,산업통상자원부,소비자제품안전기술기반조성,R&D,,,KEIT 산업기술 R&D 과제현황(공공데이터포털),https://www.data.go.kr/data/15018033/fileData.do,20260721
c6821,KOTITI 시험연구원,,2019,국비,산업통상자원부,국가표준기술력향상,R&D,,,KEIT 산업기술 R&D 과제현황(공공데이터포털),https://www.data.go.kr/data/15018033/fileData.do,20260721
c8692,(주)화신,,2019,국비,산업통상자원부,중소중견기업지원을위한전기자동차개방형플랫폼,R&D,,,KEIT 산업기술 R&D 과제현황(공공데이터포털),https://www.data.go.kr/data/15018033/fileData.do,20260721
c5510,(주)한일정밀,,2019,국비,산업통상자원부,제조장비실증,R&D,,,KEIT 산업기술 R&D 과제현황(공공데이터포털),https://www.data.go.kr/data/15018033/fileData.do,20260721
,(주)한국클래드텍,,2019,국비,산업통상자원부,첨단뿌리기술,R&D,,,KEIT 산업기술 R&D 과제현황(공공데이터포털),https://www.data.go.kr/data/15018033/fileData.do,20260721
c0567,(주)프리앤메지스,,2019,국비,산업통상자원부,디자인전문기술개발,R&D,,,KEIT 산업기술 R&D 과제현황(공공데이터포털),https://www.data.go.kr/data/15018033/fileData.do,20260721
,(주)프로텍,,2019,국비,산업통상자원부,차세대하이브리드PCB기술개발,R&D,,,KEIT 산업기술 R&D 과제현황(공공데이터포털),https://www.data.go.kr/data/15018033/fileData.do,20260721
,(주)프로텍,,2019,국비,산업통상자원부,제조장비실증,R&D,,,KEIT 산업기술 R&D 과제현황(공공데이터포털),https://www.data.go.kr/data/15018033/fileData.do,20260721
x2496,(주)퓨전소프트,,2019,국비,산업통상자원부,그린카,R&D,,,KEIT 산업기술 R&D 과제현황(공공데이터포털),https://www.data.go.kr/data/15018033/fileData.do,20260721
c1942,(주)평화엔지니어링,,2019,국비,산업통상자원부,개별사업장공정기술시스템개발,R&D,,,KEIT 산업기술 R&D 과제현황(공공데이터포털),https://www.data.go.kr/data/15018033/fileData.do,20260721
c9836,(주)평화발레오,,2019,국비,산업통상자원부,자동차부품기업활력제고사업,R&D,,,KEIT 산업기술 R&D 과제현황(공공데이터포털),https://www.data.go.kr/data/15018033/fileData.do,20260721
c0522,(주)토탈소프트뱅크,,2019,국비,산업통상자원부,지능융합전자정보기기기술개발,R&D,,,KEIT 산업기술 R&D 과제현황(공공데이터포털),https://www.data.go.kr/data/15018033/fileData.do,20260721
c0522,(주)토탈소프트뱅크,,2019,국비,산업통상자원부,경험지식기반체험형가상훈련,R&D,,,KEIT 산업기술 R&D 과제현황(공공데이터포털),https://www.data.go.kr/data/15018033/fileData.do,20260721
c4436,(주)케이스마트피아,,2019,국비,산업통상자원부,IoT가전기반스마트홈실증형기술개발사업(R&D),R&D,,,KEIT 산업기술 R&D 과제현황(공공데이터포털),https://www.data.go.kr/data/15018033/fileData.do,20260721
c10138,(주)진명아이앤씨,,2019,국비,산업통상자원부,서비스디자인기반제조업신생태계구축,R&D,,,KEIT 산업기술 R&D 과제현황(공공데이터포털),https://www.data.go.kr/data/15018033/fileData.do,20260721
c9465,(주)지앤케이,,2019,국비,산업통상자원부,소재부품이종기술융합형,R&D,,,KEIT 산업기술 R&D 과제현황(공공데이터포털),https://www.data.go.kr/data/15018033/fileData.do,20260721
c0450,(주)제이디자인웍스,,2019,국비,산업통상자원부,글로벌디자인전문기업육성,R&D,,,KEIT 산업기술 R&D 과제현황(공공데이터포털),https://www.data.go.kr/data/15018033/fileData.do,20260721
c0652,(주)이엘피,,2019,국비,산업통상자원부,디스플레이혁신공정플랫폼구축,R&D,,,KEIT 산업기술 R&D 과제현황(공공데이터포털),https://www.data.go.kr/data/15018033/fileData.do,20260721
x3669,(주)이에스텍,,2019,국비,산업통상자원부,중소중견기업지원을위한전기자동차개방형플랫폼,R&D,,,KEIT 산업기술 R&D 과제현황(공공데이터포털),https://www.data.go.kr/data/15018033/fileData.do,20260721
c8445,(주)유니크,,2019,국비,산업통상자원부,그린카,R&D,,,KEIT 산업기술 R&D 과제현황(공공데이터포털),https://www.data.go.kr/data/15018033/fileData.do,20260721
c8595,(주)위니텍,,2019,국비,소방청,화재진압기술,R&D,,,KEIT 산업기술 R&D 과제현황(공공데이터포털),https://www.data.go.kr/data/15018033/fileData.do,20260721
c8595,(주)위니텍,,2019,국비,행정안전부,재난안전기술 사업화 지원,R&D,,,KEIT 산업기술 R&D 과제현황(공공데이터포털),https://www.data.go.kr/data/15018033/fileData.do,20260721
c6654,(주)와이지원,,2019,국비,산업통상자원부,제조장비실증,R&D,,,KEIT 산업기술 R&D 과제현황(공공데이터포털),https://www.data.go.kr/data/15018033/fileData.do,20260721
c1889,(주)와이즈랩,,2019,국비,산업통상자원부,중소중견기업지원을위한전기자동차개방형플랫폼,R&D,,,KEIT 산업기술 R&D 과제현황(공공데이터포털),https://www.data.go.kr/data/15018033/fileData.do,20260721
c3873,(주)오성테크,,2019,국비,산업통상자원부,자동차부품기업활력제고사업,R&D,,,KEIT 산업기술 R&D 과제현황(공공데이터포털),https://www.data.go.kr/data/15018033/fileData.do,20260721
,(주)예진,,2019,국비,산업통상자원부,글로벌디자인전문기업육성,R&D,,,KEIT 산업기술 R&D 과제현황(공공데이터포털),https://www.data.go.kr/data/15018033/fileData.do,20260721
c4565,(주)엠케이,,2019,국비,산업통상자원부,차세대계량기술개발,R&D,,,KEIT 산업기술 R&D 과제현황(공공데이터포털),https://www.data.go.kr/data/15018033/fileData.do,20260721
,(주)엠제이비전테크,,2019,국비,산업통상자원부,IoT가전기반스마트홈실증형기술개발사업(R&D),R&D,,,KEIT 산업기술 R&D 과제현황(공공데이터포털),https://www.data.go.kr/data/15018033/fileData.do,20260721
,(주)엠엔비젼,,2019,국비,산업통상자원부,로봇핵심공통기반기술,R&D,,,KEIT 산업기술 R&D 과제현황(공공데이터포털),https://www.data.go.kr/data/15018033/fileData.do,20260721
,(주)엘앤에프,,2019,국비,산업통상자원부,기업간연계기술시스템개발,R&D,,,KEIT 산업기술 R&D 과제현황(공공데이터포털),https://www.data.go.kr/data/15018033/fileData.do,20260721
,(주)에이텍,,2019,국비,산업통상자원부,서비스디자인기반제조업신생태계구축,R&D,,,KEIT 산업기술 R&D 과제현황(공공데이터포털),https://www.data.go.kr/data/15018033/fileData.do,20260721
c4903,(주)에스피지,,2019,국비,산업통상자원부,제조장비실증,R&D,,,KEIT 산업기술 R&D 과제현황(공공데이터포털),https://www.data.go.kr/data/15018033/fileData.do,20260721
c4903,(주)에스피지,,2019,국비,산업통상자원부,소재부품패키지형,R&D,,,KEIT 산업기술 R&D 과제현황(공공데이터포털),https://www.data.go.kr/data/15018033/fileData.do,20260721
c4309,(주)에스팩솔루션,,2019,국비,산업통상자원부,응용·상용화기술개발,R&D,,,KEIT 산업기술 R&D 과제현황(공공데이터포털),https://www.data.go.kr/data/15018033/fileData.do,20260721
c6880,(주)에스제이테크,,2019,국비,산업통상자원부,디자인전문기술개발,R&D,,,KEIT 산업기술 R&D 과제현황(공공데이터포털),https://www.data.go.kr/data/15018033/fileData.do,20260721
c5548,(주)아진엑스텍,,2019,국비,산업통상자원부,로봇핵심공통기반기술,R&D,,,KEIT 산업기술 R&D 과제현황(공공데이터포털),https://www.data.go.kr/data/15018033/fileData.do,20260721
x3704,(주)아이엠,,2019,국비,산업통상자원부,자동차부품기업활력제고사업,R&D,,,KEIT 산업기술 R&D 과제현황(공공데이터포털),https://www.data.go.kr/data/15018033/fileData.do,20260721
c10477,(주)씨오알엔,,2019,국비,산업통상자원부,산업경쟁력강화,R&D,,,KEIT 산업기술 R&D 과제현황(공공데이터포털),https://www.data.go.kr/data/15018033/fileData.do,20260721
,(주)신화에스티,,2019,국비,산업통상자원부,제조장비실증,R&D,,,KEIT 산업기술 R&D 과제현황(공공데이터포털),https://www.data.go.kr/data/15018033/fileData.do,20260721
,(주)신명,,2019,국비,산업통상자원부,제조장비실증,R&D,,,KEIT 산업기술 R&D 과제현황(공공데이터포털),https://www.data.go.kr/data/15018033/fileData.do,20260721
c5796,(주)송이실업,,2019,국비,산업통상자원부,안전보호융복합섬유산업육성사업,R&D,,,KEIT 산업기술 R&D 과제현황(공공데이터포털),https://www.data.go.kr/data/15018033/fileData.do,20260721
c10472,(주)소포스,,2019,국비,산업통상자원부,안전보호융복합섬유산업육성사업,R&D,,,KEIT 산업기술 R&D 과제현황(공공데이터포털),https://www.data.go.kr/data/15018033/fileData.do,20260721
c7494,(주)성우,,2019,국비,산업통상자원부,제조장비실증,R&D,,,KEIT 산업기술 R&D 과제현황(공공데이터포털),https://www.data.go.kr/data/15018033/fileData.do,20260721
c3676,(주)서진테크,,2019,국비,산업통상자원부,제조장비실증,R&D,,,KEIT 산업기술 R&D 과제현황(공공데이터포털),https://www.data.go.kr/data/15018033/fileData.do,20260721
x4287,(주)새한산업,,2019,국비,산업통상자원부,자동차부품기업활력제고사업,R&D,,,KEIT 산업기술 R&D 과제현황(공공데이터포털),https://www.data.go.kr/data/15018033/fileData.do,20260721
x2236,(주)삼부세라믹,,2019,국비,산업통상자원부,i-Ceramic제조혁신플랫폼,R&D,,,KEIT 산업기술 R&D 과제현황(공공데이터포털),https://www.data.go.kr/data/15018033/fileData.do,20260721
,(주)비에스지,,2019,국비,산업통상자원부,디자인전문기술개발,R&D,,,KEIT 산업기술 R&D 과제현황(공공데이터포털),https://www.data.go.kr/data/15018033/fileData.do,20260721
,(주)비에스지,,2019,국비,산업통상자원부,글로벌기술장벽대응맞춤기술개발,R&D,,,KEIT 산업기술 R&D 과제현황(공공데이터포털),https://www.data.go.kr/data/15018033/fileData.do,20260721
c0979,(주)부광에프디,,2019,국비,산업통상자원부,안전보호융복합섬유산업육성사업,R&D,,,KEIT 산업기술 R&D 과제현황(공공데이터포털),https://www.data.go.kr/data/15018033/fileData.do,20260721
c6589,(주)보강시스템,,2019,국비,산업통상자원부,제조서비스융합,R&D,,,KEIT 산업기술 R&D 과제현황(공공데이터포털),https://www.data.go.kr/data/15018033/fileData.do,20260721
c1303,(주)바텍,,2019,국비,산업통상자원부,현장수요반영의료기기고도화기술개발,R&D,,,KEIT 산업기술 R&D 과제현황(공공데이터포털),https://www.data.go.kr/data/15018033/fileData.do,20260721
c9187,(주)모간,,2019,국비,산업통상자원부,고부가가치인조흑연소재기술개발사업,R&D,,,KEIT 산업기술 R&D 과제현황(공공데이터포털),https://www.data.go.kr/data/15018033/fileData.do,20260721
c5739,(주)메인텍,,2019,국비,산업통상자원부,주력산업IT융합,R&D,,,KEIT 산업기술 R&D 과제현황(공공데이터포털),https://www.data.go.kr/data/15018033/fileData.do,20260721
c9587,(주)메가젠임플란트,,2019,국비,산업통상자원부,현장수요반영의료기기고도화기술개발,R&D,,,KEIT 산업기술 R&D 과제현황(공공데이터포털),https://www.data.go.kr/data/15018033/fileData.do,20260721
c6575,(주)맥테크,,2019,국비,산업통상자원부,수송분야비배기관미세먼지저감,R&D,,,KEIT 산업기술 R&D 과제현황(공공데이터포털),https://www.data.go.kr/data/15018033/fileData.do,20260721
c6575,(주)맥테크,,2019,국비,산업통상자원부,i-Ceramic제조혁신플랫폼,R&D,,,KEIT 산업기술 R&D 과제현황(공공데이터포털),https://www.data.go.kr/data/15018033/fileData.do,20260721
,(주)릴리커버,,2019,국비,산업통상자원부,스마트공장제조핵심기술개발사업,R&D,,,KEIT 산업기술 R&D 과제현황(공공데이터포털),https://www.data.go.kr/data/15018033/fileData.do,20260721
c8627,(주)리뉴메디칼,,2019,국비,산업통상자원부,소재부품이종기술융합형,R&D,,,KEIT 산업기술 R&D 과제현황(공공데이터포털),https://www.data.go.kr/data/15018033/fileData.do,20260721
,(주)디에이치지,,2019,국비,산업통상자원부,자동차부품기업활력제고사업,R&D,,,KEIT 산업기술 R&D 과제현황(공공데이터포털),https://www.data.go.kr/data/15018033/fileData.do,20260721
c9113,(주)디에이치,,2019,국비,산업통상자원부,중견조선소혁신성장개발사업,R&D,,,KEIT 산업기술 R&D 과제현황(공공데이터포털),https://www.data.go.kr/data/15018033/fileData.do,20260721
,(주)동진상사,,2019,국비,산업통상자원부,디자인전문기술개발,R&D,,,KEIT 산업기술 R&D 과제현황(공공데이터포털),https://www.data.go.kr/data/15018033/fileData.do,20260721
c10413,(주)동진금속,,2019,국비,산업통상자원부,자동차부품기업활력제고사업,R&D,,,KEIT 산업기술 R&D 과제현황(공공데이터포털),https://www.data.go.kr/data/15018033/fileData.do,20260721
c5269,(주)더아이엠씨,,2019,국비,소방청,화재진압기술,R&D,,,KEIT 산업기술 R&D 과제현황(공공데이터포털),https://www.data.go.kr/data/15018033/fileData.do,20260721
c5601,(주)대흥정공,,2019,국비,산업통상자원부,그린카,R&D,,,KEIT 산업기술 R&D 과제현황(공공데이터포털),https://www.data.go.kr/data/15018033/fileData.do,20260721
,(주)대한테크,,2019,국비,산업통상자원부,대체물질활용기술개발,R&D,,,KEIT 산업기술 R&D 과제현황(공공데이터포털),https://www.data.go.kr/data/15018033/fileData.do,20260721
c0169,(주)대진,,2019,국비,산업통상자원부,자동차부품기업활력제고사업,R&D,,,KEIT 산업기술 R&D 과제현황(공공데이터포털),https://www.data.go.kr/data/15018033/fileData.do,20260721
,(주)대동,,2019,국비,산업통상자원부,제조기반생산시스템,R&D,,,KEIT 산업기술 R&D 과제현황(공공데이터포털),https://www.data.go.kr/data/15018033/fileData.do,20260721
c4700,(주)대경엔지니어링,,2019,국비,산업통상자원부,수송분야비배기관미세먼지저감,R&D,,,KEIT 산업기술 R&D 과제현황(공공데이터포털),https://www.data.go.kr/data/15018033/fileData.do,20260721
x2660,(주)뉴테크,,2019,국비,산업통상자원부,안전보호융복합섬유산업육성사업,R&D,,,KEIT 산업기술 R&D 과제현황(공공데이터포털),https://www.data.go.kr/data/15018033/fileData.do,20260721
,(주)나우테크,,2019,국비,산업통상자원부,자동차부품기업활력제고사업,R&D,,,KEIT 산업기술 R&D 과제현황(공공데이터포털),https://www.data.go.kr/data/15018033/fileData.do,20260721
c5319,(주)금강알텍,,2019,국비,산업통상자원부,안전보호융복합섬유산업육성사업,R&D,,,KEIT 산업기술 R&D 과제현황(공공데이터포털),https://www.data.go.kr/data/15018033/fileData.do,20260721
,(주) 해원통상,,2019,국비,산업통상자원부,안전보호융복합섬유산업육성사업,R&D,,,KEIT 산업기술 R&D 과제현황(공공데이터포털),https://www.data.go.kr/data/15018033/fileData.do,20260721
,(재)대구테크노파크,,2019,국비,산업통상자원부,디스플레이혁신공정플랫폼구축,R&D,,,KEIT 산업기술 R&D 과제현황(공공데이터포털),https://www.data.go.kr/data/15018033/fileData.do,20260721
,(재)대구테크노파크,,2019,국비,산업통상자원부,나노융합기반고도화사업,R&D,,,KEIT 산업기술 R&D 과제현황(공공데이터포털),https://www.data.go.kr/data/15018033/fileData.do,20260721
,(재)대구기계부품연구원,,2019,국비,산업통상자원부,제조장비실증,R&D,,,KEIT 산업기술 R&D 과제현황(공공데이터포털),https://www.data.go.kr/data/15018033/fileData.do,20260721
,(재)대구기계부품연구원,,2019,국비,산업통상자원부,자동차부품기업활력제고사업,R&D,,,KEIT 산업기술 R&D 과제현황(공공데이터포털),https://www.data.go.kr/data/15018033/fileData.do,20260721
,(재)대구기계부품연구원,,2019,국비,산업통상자원부,응용·상용화기술개발,R&D,,,KEIT 산업기술 R&D 과제현황(공공데이터포털),https://www.data.go.kr/data/15018033/fileData.do,20260721
,(재)대구기계부품연구원,,2019,국비,산업통상자원부,소재부품패키지형,R&D,,,KEIT 산업기술 R&D 과제현황(공공데이터포털),https://www.data.go.kr/data/15018033/fileData.do,20260721
,(재)대구기계부품연구원,,2019,국비,산업통상자원부,산업경쟁력강화,R&D,,,KEIT 산업기술 R&D 과제현황(공공데이터포털),https://www.data.go.kr/data/15018033/fileData.do,20260721
,현대엔지니어링(주),,2018,국비,산업통상자원부,우수기술연구센터(ATC),R&D,,,KEIT 산업기술 R&D 과제현황(공공데이터포털),https://www.data.go.kr/data/15018033/fileData.do,20260721
c1110,헵시바(주),,2018,국비,산업통상자원부,소재부품패키지형,R&D,,,KEIT 산업기술 R&D 과제현황(공공데이터포털),https://www.data.go.kr/data/15018033/fileData.do,20260721
c7354,한진화학주식회사,,2018,국비,산업통상자원부,소재부품이종기술융합형,R&D,,,KEIT 산업기술 R&D 과제현황(공공데이터포털),https://www.data.go.kr/data/15018033/fileData.do,20260721
c10552,한국자동차연구원,,2018,국비,산업통상자원부,화학공정소재,R&D,,,KEIT 산업기술 R&D 과제현황(공공데이터포털),https://www.data.go.kr/data/15018033/fileData.do,20260721
c10552,한국자동차연구원,,2018,국비,산업통상자원부,스마트카,R&D,,,KEIT 산업기술 R&D 과제현황(공공데이터포털),https://www.data.go.kr/data/15018033/fileData.do,20260721
c10552,한국자동차연구원,,2018,국비,산업통상자원부,소재부품패키지형,R&D,,,KEIT 산업기술 R&D 과제현황(공공데이터포털),https://www.data.go.kr/data/15018033/fileData.do,20260721
c10552,한국자동차연구원,,2018,국비,산업통상자원부,소재부품이종기술융합형,R&D,,,KEIT 산업기술 R&D 과제현황(공공데이터포털),https://www.data.go.kr/data/15018033/fileData.do,20260721
c10552,한국자동차연구원,,2018,국비,산업통상자원부,그린카,R&D,,,KEIT 산업기술 R&D 과제현황(공공데이터포털),https://www.data.go.kr/data/15018033/fileData.do,20260721
c10552,한국자동차연구원,,2018,국비,산업통상자원부,그린자동차부품실용화및실증연구,R&D,,,KEIT 산업기술 R&D 과제현황(공공데이터포털),https://www.data.go.kr/data/15018033/fileData.do,20260721
c10552,한국자동차연구원,,2018,국비,산업통상자원부,국가표준기술력향상,R&D,,,KEIT 산업기술 R&D 과제현황(공공데이터포털),https://www.data.go.kr/data/15018033/fileData.do,20260721
c6974,한국디자인진흥원,,2018,국비,산업통상자원부,서비스디자인기반제조업신생태계구축,R&D,,,KEIT 산업기술 R&D 과제현황(공공데이터포털),https://www.data.go.kr/data/15018033/fileData.do,20260721
c6974,한국디자인진흥원,,2018,국비,산업통상자원부,미래선행디자인기술개발,R&D,,,KEIT 산업기술 R&D 과제현황(공공데이터포털),https://www.data.go.kr/data/15018033/fileData.do,20260721
c6693,테스코 (주),,2018,국비,산업통상자원부,수출유망부품및핵심기술개발,R&D,,,KEIT 산업기술 R&D 과제현황(공공데이터포털),https://www.data.go.kr/data/15018033/fileData.do,20260721
c2899,주식회사 팸텍,,2018,국비,산업통상자원부,국가표준기술력향상,R&D,,,KEIT 산업기술 R&D 과제현황(공공데이터포털),https://www.data.go.kr/data/15018033/fileData.do,20260721
c2316,주식회사 엔에스텍,,2018,국비,산업통상자원부,엔지니어링핵심기술개발,R&D,,,KEIT 산업기술 R&D 과제현황(공공데이터포털),https://www.data.go.kr/data/15018033/fileData.do,20260721
x3527,주식회사 에어스,,2018,국비,산업통상자원부,인공지능바이오로봇의료융합,R&D,,,KEIT 산업기술 R&D 과제현황(공공데이터포털),https://www.data.go.kr/data/15018033/fileData.do,20260721
c3811,주식회사 아이온,,2018,국비,산업통상자원부,서비스디자인기반제조업신생태계구축,R&D,,,KEIT 산업기술 R&D 과제현황(공공데이터포털),https://www.data.go.kr/data/15018033/fileData.do,20260721
c4884,주식회사 썬테크,,2018,국비,산업통상자원부,섬유패션제조혁신선도,R&D,,,KEIT 산업기술 R&D 과제현황(공공데이터포털),https://www.data.go.kr/data/15018033/fileData.do,20260721
c9798,주식회사 스맥,,2018,국비,산업통상자원부,제조기반생산시스템,R&D,,,KEIT 산업기술 R&D 과제현황(공공데이터포털),https://www.data.go.kr/data/15018033/fileData.do,20260721
c10371,주식회사 리텍,,2018,국비,산업통상자원부,첨단뿌리기술,R&D,,,KEIT 산업기술 R&D 과제현황(공공데이터포털),https://www.data.go.kr/data/15018033/fileData.do,20260721
x2251,인사이트 디자인,,2018,국비,산업통상자원부,서비스디자인기반제조업신생태계구축,R&D,,,KEIT 산업기술 R&D 과제현황(공공데이터포털),https://www.data.go.kr/data/15018033/fileData.do,20260721
x2251,인사이트 디자인,,2018,국비,산업통상자원부,글로벌디자인전문기업육성,R&D,,,KEIT 산업기술 R&D 과제현황(공공데이터포털),https://www.data.go.kr/data/15018033/fileData.do,20260721
x2962,이인텔리전스(주),,2018,국비,산업통상자원부,스마트카,R&D,,,KEIT 산업기술 R&D 과제현황(공공데이터포털),https://www.data.go.kr/data/15018033/fileData.do,20260721
x2533,엔아이티 주식회사,,2018,국비,산업통상자원부,기반기술개발활성화,R&D,,,KEIT 산업기술 R&D 과제현황(공공데이터포털),https://www.data.go.kr/data/15018033/fileData.do,20260721
,씨앤디(C&D),,2018,국비,산업통상자원부,서비스디자인기반제조업신생태계구축,R&D,,,KEIT 산업기술 R&D 과제현황(공공데이터포털),https://www.data.go.kr/data/15018033/fileData.do,20260721
,성지산업(주),,2018,국비,산업통상자원부,나노융합,R&D,,,KEIT 산업기술 R&D 과제현황(공공데이터포털),https://www.data.go.kr/data/15018033/fileData.do,20260721
,성림첨단산업(주),,2018,국비,산업통상자원부,소재부품이종기술융합형,R&D,,,KEIT 산업기술 R&D 과제현황(공공데이터포털),https://www.data.go.kr/data/15018033/fileData.do,20260721
,상신브레이크(주),,2018,국비,산업통상자원부,그린카,R&D,,,KEIT 산업기술 R&D 과제현황(공공데이터포털),https://www.data.go.kr/data/15018033/fileData.do,20260721
x4632,디자인 선,,2018,국비,산업통상자원부,서비스디자인기반제조업신생태계구축,R&D,,,KEIT 산업기술 R&D 과제현황(공공데이터포털),https://www.data.go.kr/data/15018033/fileData.do,20260721
,대영코어텍(주),,2018,국비,산업통상자원부,우수기술연구센터(ATC),R&D,,,KEIT 산업기술 R&D 과제현황(공공데이터포털),https://www.data.go.kr/data/15018033/fileData.do,20260721
,대영채비(주),,2018,국비,산업통상자원부,글로벌디자인전문기업육성,R&D,,,KEIT 산업기술 R&D 과제현황(공공데이터포털),https://www.data.go.kr/data/15018033/fileData.do,20260721
,대동산업(주),,2018,국비,산업통상자원부,글로벌디자인전문기업육성,R&D,,,KEIT 산업기술 R&D 과제현황(공공데이터포털),https://www.data.go.kr/data/15018033/fileData.do,20260721
c2727,대동공업(주),,2018,국비,산업통상자원부,제조기반생산시스템,R&D,,,KEIT 산업기술 R&D 과제현황(공공데이터포털),https://www.data.go.kr/data/15018033/fileData.do,20260721
c8603,나노레이,,2018,국비,산업통상자원부,글로벌디자인전문기업육성,R&D,,,KEIT 산업기술 R&D 과제현황(공공데이터포털),https://www.data.go.kr/data/15018033/fileData.do,20260721
x2290,계명대학교산학협력단,,2018,국비,산업통상자원부,인공지능바이오로봇의료융합,R&D,,,KEIT 산업기술 R&D 과제현황(공공데이터포털),https://www.data.go.kr/data/15018033/fileData.do,20260721
x2290,계명대학교산학협력단,,2018,국비,산업통상자원부,바이오핵심기술개발,R&D,,,KEIT 산업기술 R&D 과제현황(공공데이터포털),https://www.data.go.kr/data/15018033/fileData.do,20260721
x2290,계명대학교산학협력단,,2018,국비,산업통상자원부,국가표준기술력향상,R&D,,,KEIT 산업기술 R&D 과제현황(공공데이터포털),https://www.data.go.kr/data/15018033/fileData.do,20260721
c1136,경일대학교산학협력단,,2018,국비,산업통상자원부,우수기술연구센터(ATC),R&D,,,KEIT 산업기술 R&D 과제현황(공공데이터포털),https://www.data.go.kr/data/15018033/fileData.do,20260721
,경북대학교 산학협력단,,2018,국비,산업통상자원부,화학공정소재,R&D,,,KEIT 산업기술 R&D 과제현황(공공데이터포털),https://www.data.go.kr/data/15018033/fileData.do,20260721
,경북대학교 산학협력단,,2018,국비,산업통상자원부,제조혁신3D프린팅기술개발,R&D,,,KEIT 산업기술 R&D 과제현황(공공데이터포털),https://www.data.go.kr/data/15018033/fileData.do,20260721
,경북대학교 산학협력단,,2018,국비,산업통상자원부,인공지능바이오로봇의료융합,R&D,,,KEIT 산업기술 R&D 과제현황(공공데이터포털),https://www.data.go.kr/data/15018033/fileData.do,20260721
,경북대학교 산학협력단,,2018,국비,산업통상자원부,엔지니어링핵심기술개발,R&D,,,KEIT 산업기술 R&D 과제현황(공공데이터포털),https://www.data.go.kr/data/15018033/fileData.do,20260721
,경북대학교 산학협력단,,2018,국비,산업통상자원부,바이오핵심기술개발,R&D,,,KEIT 산업기술 R&D 과제현황(공공데이터포털),https://www.data.go.kr/data/15018033/fileData.do,20260721
,경북대학교 산학협력단,,2018,국비,산업통상자원부,그린카,R&D,,,KEIT 산업기술 R&D 과제현황(공공데이터포털),https://www.data.go.kr/data/15018033/fileData.do,20260721
,경북대학교 산학협력단,,2018,국비,산업통상자원부,국가표준기술력향상,R&D,,,KEIT 산업기술 R&D 과제현황(공공데이터포털),https://www.data.go.kr/data/15018033/fileData.do,20260721
c0146,거인커뮤니케이션즈,,2018,국비,산업통상자원부,글로벌디자인전문기업육성,R&D,,,KEIT 산업기술 R&D 과제현황(공공데이터포털),https://www.data.go.kr/data/15018033/fileData.do,20260721
c6821,KOTITI 시험연구원,,2018,국비,산업통상자원부,화학물질안전관리기반확충,R&D,,,KEIT 산업기술 R&D 과제현황(공공데이터포털),https://www.data.go.kr/data/15018033/fileData.do,20260721
c6821,KOTITI 시험연구원,,2018,국비,산업통상자원부,소비자제품안전기술기반조성,R&D,,,KEIT 산업기술 R&D 과제현황(공공데이터포털),https://www.data.go.kr/data/15018033/fileData.do,20260721
c6821,KOTITI 시험연구원,,2018,국비,산업통상자원부,국가표준기술력향상,R&D,,,KEIT 산업기술 R&D 과제현황(공공데이터포털),https://www.data.go.kr/data/15018033/fileData.do,20260721
c8692,(주)화신,,2018,국비,산업통상자원부,그린자동차부품실용화및실증연구,R&D,,,KEIT 산업기술 R&D 과제현황(공공데이터포털),https://www.data.go.kr/data/15018033/fileData.do,20260721
x4338,(주)현성오토텍,,2018,국비,산업통상자원부,기반기술개발활성화,R&D,,,KEIT 산업기술 R&D 과제현황(공공데이터포털),https://www.data.go.kr/data/15018033/fileData.do,20260721
c1950,(주)한샘,,2018,국비,산업통상자원부,지능융합전자정보기기기술개발,R&D,,,KEIT 산업기술 R&D 과제현황(공공데이터포털),https://www.data.go.kr/data/15018033/fileData.do,20260721
x2496,(주)퓨전소프트,,2018,국비,산업통상자원부,그린카,R&D,,,KEIT 산업기술 R&D 과제현황(공공데이터포털),https://www.data.go.kr/data/15018033/fileData.do,20260721
x3935,(주)큐에스아이,,2018,국비,산업통상자원부,우수기술연구센터(ATC),R&D,,,KEIT 산업기술 R&D 과제현황(공공데이터포털),https://www.data.go.kr/data/15018033/fileData.do,20260721
c8943,(주)케이엠,,2018,국비,산업통상자원부,섬유의류,R&D,,,KEIT 산업기술 R&D 과제현황(공공데이터포털),https://www.data.go.kr/data/15018033/fileData.do,20260721
x2338,(주)케이.피.디,,2018,국비,산업통상자원부,미래선행디자인기술개발,R&D,,,KEIT 산업기술 R&D 과제현황(공공데이터포털),https://www.data.go.kr/data/15018033/fileData.do,20260721
x2338,(주)케이.피.디,,2018,국비,산업통상자원부,글로벌디자인전문기업육성,R&D,,,KEIT 산업기술 R&D 과제현황(공공데이터포털),https://www.data.go.kr/data/15018033/fileData.do,20260721
c5251,(주)유엔디,,2018,국비,산업통상자원부,산업경쟁력강화,R&D,,,KEIT 산업기술 R&D 과제현황(공공데이터포털),https://www.data.go.kr/data/15018033/fileData.do,20260721
,(주)우리기술,,2018,국비,산업통상자원부,유망바이오IP사업화촉진,R&D,,,KEIT 산업기술 R&D 과제현황(공공데이터포털),https://www.data.go.kr/data/15018033/fileData.do,20260721
c2672,(주)알에프,,2018,국비,산업통상자원부,국가표준기술력향상,R&D,,,KEIT 산업기술 R&D 과제현황(공공데이터포털),https://www.data.go.kr/data/15018033/fileData.do,20260721
x3704,(주)아이엠,,2018,국비,산업통상자원부,서비스디자인기반제조업신생태계구축,R&D,,,KEIT 산업기술 R&D 과제현황(공공데이터포털),https://www.data.go.kr/data/15018033/fileData.do,20260721
,(주)세양,,2018,국비,산업통상자원부,글로벌디자인전문기업육성,R&D,,,KEIT 산업기술 R&D 과제현황(공공데이터포털),https://www.data.go.kr/data/15018033/fileData.do,20260721
c4434,(주)세스트,,2018,국비,산업통상자원부,그린카,R&D,,,KEIT 산업기술 R&D 과제현황(공공데이터포털),https://www.data.go.kr/data/15018033/fileData.do,20260721
x4594,(주)삼쩜일사,,2018,국비,산업통상자원부,글로벌디자인전문기업육성,R&D,,,KEIT 산업기술 R&D 과제현황(공공데이터포털),https://www.data.go.kr/data/15018033/fileData.do,20260721
c7472,(주)보국전자,,2018,국비,산업통상자원부,미래선행디자인기술개발,R&D,,,KEIT 산업기술 R&D 과제현황(공공데이터포털),https://www.data.go.kr/data/15018033/fileData.do,20260721
c4504,(주)반디,,2018,국비,산업통상자원부,글로벌디자인전문기업육성,R&D,,,KEIT 산업기술 R&D 과제현황(공공데이터포털),https://www.data.go.kr/data/15018033/fileData.do,20260721
,(주)명성,,2018,국비,산업통상자원부,글로벌디자인전문기업육성,R&D,,,KEIT 산업기술 R&D 과제현황(공공데이터포털),https://www.data.go.kr/data/15018033/fileData.do,20260721
c6575,(주)맥테크,,2018,국비,산업통상자원부,소재부품이종기술융합형,R&D,,,KEIT 산업기술 R&D 과제현황(공공데이터포털),https://www.data.go.kr/data/15018033/fileData.do,20260721
c7002,(주)맥스로텍,,2018,국비,산업통상자원부,제조혁신3D프린팅기술개발,R&D,,,KEIT 산업기술 R&D 과제현황(공공데이터포털),https://www.data.go.kr/data/15018033/fileData.do,20260721
c5330,(주)래딕스,,2018,국비,산업통상자원부,기반기술개발활성화,R&D,,,KEIT 산업기술 R&D 과제현황(공공데이터포털),https://www.data.go.kr/data/15018033/fileData.do,20260721
c4484,(주)디에스테크노,,2018,국비,산업통상자원부,산업경쟁력강화,R&D,,,KEIT 산업기술 R&D 과제현황(공공데이터포털),https://www.data.go.kr/data/15018033/fileData.do,20260721
c7215,(주)대정,,2018,국비,산업통상자원부,그린카,R&D,,,KEIT 산업기술 R&D 과제현황(공공데이터포털),https://www.data.go.kr/data/15018033/fileData.do,20260721
,(주)대성정밀,,2018,국비,산업통상자원부,그린카,R&D,,,KEIT 산업기술 R&D 과제현황(공공데이터포털),https://www.data.go.kr/data/15018033/fileData.do,20260721
c5516,(주)AVACO,,2018,국비,산업통상자원부,나노융합,R&D,,,KEIT 산업기술 R&D 과제현황(공공데이터포털),https://www.data.go.kr/data/15018033/fileData.do,20260721
,(주) 세신정밀,,2018,국비,산업통상자원부,우수기술연구센터(ATC),R&D,,,KEIT 산업기술 R&D 과제현황(공공데이터포털),https://www.data.go.kr/data/15018033/fileData.do,20260721
x2566,(재)지능형자동차부품진흥원,,2018,국비,산업통상자원부,그린카,R&D,,,KEIT 산업기술 R&D 과제현황(공공데이터포털),https://www.data.go.kr/data/15018033/fileData.do,20260721
,(재)대구테크노파크,,2018,국비,산업통상자원부,주력산업IT융합,R&D,,,KEIT 산업기술 R&D 과제현황(공공데이터포털),https://www.data.go.kr/data/15018033/fileData.do,20260721
,(재)대구테크노파크,,2018,국비,산업통상자원부,나노융합,R&D,,,KEIT 산업기술 R&D 과제현황(공공데이터포털),https://www.data.go.kr/data/15018033/fileData.do,20260721
,(재)대구테크노파크,,2018,국비,산업통상자원부,PHR기반개인맞춤형건강관리시스템,R&D,,,KEIT 산업기술 R&D 과제현황(공공데이터포털),https://www.data.go.kr/data/15018033/fileData.do,20260721
,(재)대구기계부품연구원,,2018,국비,산업통상자원부,우수기술연구센터(ATC),R&D,,,KEIT 산업기술 R&D 과제현황(공공데이터포털),https://www.data.go.kr/data/15018033/fileData.do,20260721
,(재)대구기계부품연구원,,2018,국비,산업통상자원부,글로벌디자인전문기업육성,R&D,,,KEIT 산업기술 R&D 과제현황(공공데이터포털),https://www.data.go.kr/data/15018033/fileData.do,20260721
