id,name,district,complex,status,reason,candidates
c10216,(주)건영,달성군,개별입지,hq_elsewhere,본사 타지역: (주)건영(서울특별시 서초구),(주)건영[00100957] 서울특별시 서초구
c11142,(주)경보,군위군,개별입지,hq_elsewhere,본사 타지역: 주식회사 경보(경기도 화성군); 주식회사 경보(경기도 화성시); (주)경보(경상남도 김해시),주식회사 경보[00101655] 경기도 화성군 | 주식회사 경보[00200354] 경기도 화성시 | (주)경보[01297126] 경상남도 김해시
c3019,(주)고려금속,북구,개별입지,hq_elsewhere,본사 타지역: (주)고려금속(경상남도 마산시); (주)고려금속(경상남도 양산시),(주)고려금속[00627366] 경상남도 마산시 | (주)고려금속[00568036] 경상남도 양산시
c10273,(주)고려정밀,달성군,개별입지,hq_elsewhere,본사 타지역: 고려정밀(주)(경기도 수원시); (주)고려정밀(경상북도 칠곡군); 고려정밀(주)(광주광역시 광산구),고려정밀(주)[01101379] 경기도 수원시 | (주)고려정밀[01285893] 경상북도 칠곡군 | 고려정밀(주)[01082904] 광주광역시 광산구
c5157,(주)그린테크,북구,개별입지,hq_elsewhere,본사 타지역: 그린테크(주)(광주광역시 광산구),그린테크(주)[01294077] 광주광역시 광산구
c8801,(주)그림같은집,달성군,개별입지,hq_elsewhere,본사 타지역: (주)그림같은집(서울특별시 은평구),(주)그림같은집[01287095] 서울특별시 은평구
c8835,(주)대기공업,달성군,개별입지,hq_elsewhere,본사 타지역: (주)대기공업(경상남도 거제시),(주)대기공업[00454502] 경상남도 거제시
c2649,(주)대동테크,북구,개별입지,hq_elsewhere,본사 타지역: (주)대동테크(울산광역시 울주군),(주)대동테크[01258835] 울산광역시 울주군
c9031,(주)대림산업,달성군,개별입지,hq_elsewhere,본사 타지역: 주식회사 대림산업(경상북도 성주군),주식회사 대림산업[01843961] 경상북도 성주군
c11098,(주)대영,군위군,개별입지,hq_elsewhere,본사 타지역: 주식회사 대영(경기도 안산시); (주)대영(서울특별시 중구); 주식회사 대영(충청북도 청주시),주식회사 대영[00172529] 경기도 안산시 | (주)대영[00111290] 서울특별시 중구 | 주식회사 대영[00252108] 충청북도 청주시 | (주) 대영[00228129] 경상북도 경주 | 주식회사 대영[01101476] 세종특별자치시 나리로 | 주식회사 대영[01140925] 경상북도 예천군 | 주식회사 대영[00976590] 울산광역시 남구 | 주식회사 대영[01468788] 인천광역시 중구
c10219,(주)대종,달성군,개별입지,hq_elsewhere,본사 타지역: (주)대종(충청북도 청주시),(주)대종[01376380] 충청북도 청주시
c2983,(주)동광테크,북구,개별입지,hq_elsewhere,본사 타지역: (주)동광테크(경기도 화성시),(주)동광테크[02024156] 경기도 화성시
c10220,(주)동방산업,달성군,개별입지,hq_elsewhere,본사 타지역: 동방산업(주)(경상북도 포항시); 동방산업(주)(강원도 평창군); 동방산업(주)(경기도 안양시),동방산업(주)[00192550] 경상북도 포항시 | 동방산업(주)[00409247] 강원도 평창군 | 동방산업(주)[01727478] 경기도 안양시
c8897,(주)동영,달성군,개별입지,hq_elsewhere,본사 타지역: 주식회사 동영(경기도 구리시); 주식회사 동영(경기도 시흥시),주식회사 동영[00472906] 경기도 구리시 | 주식회사 동영[00238409] 경기도 시흥시
c0378,(주)동화인더스트리,동구,개별입지,hq_elsewhere,본사 타지역: (주)동화인더스트리(경상북도 경산시),(주)동화인더스트리[00932587] 경상북도 경산시
c9741,(주)두원테크,달성군,개별입지,hq_elsewhere,본사 타지역: (주)두원테크(인천광역시 남동구),(주)두원테크[00366535] 인천광역시 남동구
c5297,(주)디에스시스템,달서구,개별입지,hq_elsewhere,본사 타지역: (주)디에스시스템(경기도 포천시),(주)디에스시스템[01550627] 경기도 포천시
c10299,(주)디에스피,달성군,개별입지,hq_elsewhere,본사 타지역: (주)디에스피(경상북도 경산시); (주)디에스피(경상남도 창녕군); (주)디에스피(경상북도 경산시),(주)디에스피[00420602] 경상북도 경산시 | (주)디에스피[00527288] 경상남도 창녕군 | (주)디에스피[00452407] 경상북도 경산시 | 주식회사 디에스피[01457816] 광주광역시 광산구 | (주)디에스피[01227084] 인천광역시 서구 | (주)디에스피[00693262] 경상남도 김해시
c8837,(주)디엠에스,달성군,개별입지,hq_elsewhere,본사 타지역: (주)디엠에스(부산광역시 강서구); (주)디엠에스(경기도 여주시); 주식회사디엠에스(경상북도 경산시),(주)디엠에스[00919957] 부산광역시 강서구 | (주)디엠에스[01737341] 경기도 여주시 | 주식회사디엠에스[01730065] 경상북도 경산시
c10300,(주)디이에스,달성군,개별입지,hq_elsewhere,본사 타지역: (주)디이에스(경기도 화성시),(주)디이에스[01824355] 경기도 화성시
c0273,(주)디케이,동구,개별입지,hq_elsewhere,본사 타지역: (주)디케이(경상북도 경주시); 주식회사 디케이(경상남도 창원시); (주)디케이(경기도 양주시),(주)디케이[00556961] 경상북도 경주시 | 주식회사 디케이[00406143] 경상남도 창원시 | (주)디케이[01077230] 경기도 양주시 | 디케이 주식회사[00479121] 광주광역시 광산구 | 디케이주식회사[01229897] 경상남도 거제시 | 주식회사 디케이[01144277] 경상남도 합천군
c9585,(주)라움이엔씨,달성군,개별입지,hq_elsewhere,본사 타지역: 주식회사 라움이엔씨(경기도 화성시),주식회사 라움이엔씨[01889644] 경기도 화성시
c8915,(주)리더스,달성군,개별입지,hq_elsewhere,본사 타지역: 주식회사 리더스(전라남도 나주시); 주식회사 리더스(경기도 용인시); 주식회사 리더스(경기도 화성시),주식회사 리더스[01212994] 전라남도 나주시 | 주식회사 리더스[01294545] 경기도 용인시 | 주식회사 리더스[00673356] 경기도 화성시
c9066,(주)명성테크,달성군,개별입지,hq_elsewhere,본사 타지역: (주)명성테크(충청북도 청원군); 명성테크 주식회사(경상남도 거제시),(주)명성테크[00261993] 충청북도 청원군 | 명성테크 주식회사[01544352] 경상남도 거제시
c4304,(주)미디어테크,북구,개별입지,hq_elsewhere,본사 타지역: 주식회사 미디어테크(서울특별시 구로구),주식회사 미디어테크[01552652] 서울특별시 구로구
c11079,(주)민속한우,군위군,개별입지,hq_elsewhere,본사 타지역: 주식회사민속한우(경상북도 군위군),주식회사민속한우[00605337] 경상북도 군위군
c8904,(주)베스텍,달성군,개별입지,hq_elsewhere,본사 타지역: 주식회사 베스텍(경상남도 밀양시); (주)베스텍(경기도 포천시); (주)베스텍(경기도 화성시),주식회사 베스텍[01451441] 경상남도 밀양시 | (주)베스텍[00529949] 경기도 포천시 | (주)베스텍[01225387] 경기도 화성시 | 베스텍주식회사[00895833] 경기도 시흥시 | (주)베스텍[01929809] 광주광역시 북구
c8956,(주)보다,달성군,개별입지,hq_elsewhere,본사 타지역: 주식회사 보다(충청북도 청주시),주식회사 보다[01912915] 충청북도 청주시
c11091,(주)보성테크,군위군,개별입지,hq_elsewhere,본사 타지역: 보성테크(주)(경기도 평택시); 보성테크 주식회사(경기도 파주시),보성테크(주)[00528481] 경기도 평택시 | 보성테크 주식회사[01454749] 경기도 파주시
c0614,(주)비씨엠,서구,개별입지,hq_elsewhere,본사 타지역: 비씨엠주식회사(경상북도 구미시),비씨엠주식회사[00962339] 경상북도 구미시
c0174,(주)비케이전자,동구,개별입지,hq_elsewhere,본사 타지역: 비케이전자 주식회사(경기도 안양시),비케이전자 주식회사[01335772] 경기도 안양시
c9033,(주)삼일이엔씨,달성군,개별입지,hq_elsewhere,본사 타지역: 주식회사 삼일이엔씨(경기도 화성시); 주식회사 삼일이엔씨(경기도 용인시),주식회사 삼일이엔씨[01223769] 경기도 화성시 | 주식회사 삼일이엔씨[01018972] 경기도 용인시
c9592,(주)삼화기업,달성군,개별입지,hq_elsewhere,본사 타지역: 삼화기업(주)(세종특별자치시 전동면); (주)삼화기업(충청북도 충주시),삼화기업(주)[00240723] 세종특별자치시 전동면 | (주)삼화기업[00921350] 충청북도 충주시
c0276,(주)서우,동구,개별입지,hq_elsewhere,본사 타지역: 서우(주)(경기도 용인시); 주식회사 서우(경기도 평택시); 주식회사서우(경상북도 칠곡군),서우(주)[00456616] 경기도 용인시 | 주식회사 서우[01689488] 경기도 평택시 | 주식회사서우[02039264] 경상북도 칠곡군
c0075,(주)세계로,중구,개별입지,hq_elsewhere,본사 타지역: (주)세계로(경기도 안성시); 주식회사 세계로(인천광역시 남동구); (주)세계로(전북특별자치도 익산시),(주)세계로[00873558] 경기도 안성시 | 주식회사 세계로[00614928] 인천광역시 남동구 | (주)세계로[02006187] 전북특별자치도 익산시
c11146,(주)세명,군위군,개별입지,hq_elsewhere,본사 타지역: 주식회사 세명(전라남도 나주시),주식회사 세명[01401376] 전라남도 나주시
c1857,(주)세명테크,서구,개별입지,hq_elsewhere,본사 타지역: (주)세명테크(경기도 광명시); (주)세명테크(충청남도 아산시),(주)세명테크[00368560] 경기도 광명시 | (주)세명테크[00831978] 충청남도 아산시
c4434,(주)세스트,북구,개별입지,hq_elsewhere,본사 타지역: 주식회사 세스트(경상북도 구미시),주식회사 세스트[00220330] 경상북도 구미시
c0626,(주)수양,서구,개별입지,hq_elsewhere,본사 타지역: (주)수양(경기도 의왕시),(주)수양[01920552] 경기도 의왕시
c0628,(주)신광전기,서구,개별입지,hq_elsewhere,본사 타지역: 신광전기주식회사(충청남도 아산시),신광전기주식회사[00135704] 충청남도 아산시
c8905,(주)신명,달성군,개별입지,hq_elsewhere,본사 타지역: 주식회사 신명(전라북도 정읍시); (주)신명(부산광역시 해운대구); (주)신명(경기도 화성시),주식회사 신명[00397322] 전라북도 정읍시 | (주)신명[00973131] 부산광역시 해운대구 | (주)신명[01374771] 경기도 화성시 | (주)신명[00868033] 경기도 동두천시
c9999,(주)신우테크,달성군,개별입지,hq_elsewhere,본사 타지역: 주식회사 신우테크(충청남도 당진시); (주)신우테크(세종특별자치시 전의면); 주식회사 신우테크(경기도 화성시),주식회사 신우테크[01778463] 충청남도 당진시 | (주)신우테크[01213762] 세종특별자치시 전의면 | 주식회사 신우테크[01918821] 경기도 화성시
c3125,(주)신한,북구,개별입지,hq_elsewhere,본사 타지역: 주식회사 신한(충청남도 천안시); 주식회사 신한(경상남도 창원시); 주식회사 신한(경상남도 진주시),주식회사 신한[00224585] 충청남도 천안시 | 주식회사 신한[00529763] 경상남도 창원시 | 주식회사 신한[01169814] 경상남도 진주시 | 주식회사 신한[01258446] 전라남도 순천시 | 신한주식회사[02004091] 경기도 남양주시 | (주)신한[00173740] 경기도 성남시
c4536,(주)신행건설,북구,개별입지,hq_elsewhere,본사 타지역: (주) 신행건설(서울특별시 강남구),(주) 신행건설[01752207] 서울특별시 강남구
c0633,(주)씨에이치테크,서구,개별입지,hq_elsewhere,본사 타지역: (주)씨에이치테크(경기도 안양시),(주)씨에이치테크[00565288] 경기도 안양시
c11147,(주)아이앤지건설,군위군,개별입지,hq_elsewhere,본사 타지역: 아이앤지건설 주식회사(경기도 용인시); (주)아이앤지건설(광주광역시 서구),아이앤지건설 주식회사[00535904] 경기도 용인시 | (주)아이앤지건설[01219702] 광주광역시 서구
c0316,(주)아피스,동구,개별입지,hq_elsewhere,본사 타지역: 아피스주식회사(서울특별시 구로구),아피스주식회사[01398869] 서울특별시 구로구
c10306,(주)알텍,달성군,개별입지,hq_elsewhere,본사 타지역: (주)알텍(경기도 용인시); 알텍주식회사(광주광역시 광산구); (주)알텍(경상북도 영천시),(주)알텍[00430371] 경기도 용인시 | 알텍주식회사[01477254] 광주광역시 광산구 | (주)알텍[01143755] 경상북도 영천시
c7857,(주)에스디에스,달서구,개별입지,hq_elsewhere,본사 타지역: (주)에스디에스(경상남도 김해시),(주)에스디에스[00967361] 경상남도 김해시
c9514,(주)에스비이엔지,달성군,개별입지,hq_elsewhere,본사 타지역: (주)에스비이엔지(부산광역시 강서구); 에스비이엔지(주)(충청남도 천안시); (주)에스비이엔지(경기도 화성시),(주)에스비이엔지[01300448] 부산광역시 강서구 | 에스비이엔지(주)[01397727] 충청남도 천안시 | (주)에스비이엔지[02008422] 경기도 화성시
c9072,(주)에스에이에스,달성군,개별입지,hq_elsewhere,본사 타지역: 에스에이에스(주)(경상남도 창원시),에스에이에스(주)[00808402] 경상남도 창원시
c8919,(주)에이에프티,달성군,개별입지,hq_elsewhere,본사 타지역: (주) 에이에프티(인천광역시 남동구),(주) 에이에프티[00303484] 인천광역시 남동구
c8817,(주)에이엠씨글로벌,달성군,개별입지,hq_elsewhere,본사 타지역: 주식회사 에이엠씨글로벌(경기도 김포시),주식회사 에이엠씨글로벌[01447970] 경기도 김포시
c5303,(주)에이치에스컴퍼니,달서구,개별입지,hq_elsewhere,본사 타지역: 에이치에스컴퍼니(경기도 여주시),에이치에스컴퍼니[01844863] 경기도 여주시
c7859,(주)에이티씨,달서구,개별입지,hq_elsewhere,"본사 타지역: 주식회사 에이티씨 ( ATC , LTD)(경기도 고양시); (주)에이티씨(경기도 시흥시)","주식회사 에이티씨 ( ATC , LTD)[01385449] 경기도 고양시 | (주)에이티씨[00522706] 경기도 시흥시"
c0518,(주)엔플렉스,동구,개별입지,hq_elsewhere,본사 타지역: (주)엔플렉스(서울특별시 강남구),(주)엔플렉스[00264529] 서울특별시 강남구
c0640,(주)엘케이에스,서구,개별입지,hq_elsewhere,본사 타지역: 주식회사 엘케이에스(경기도 화성시),주식회사 엘케이에스[01631092] 경기도 화성시
c0643,(주)영상,서구,개별입지,hq_elsewhere,본사 타지역: 주식회사 영상(충청북도 음성군); 주식회사 영상(광주광역시 광산구),주식회사 영상[01636246] 충청북도 음성군 | 주식회사 영상[01862382] 광주광역시 광산구
c0646,(주)와이앤피,서구,개별입지,hq_elsewhere,본사 타지역: 주식회사 와이앤피(대전광역시 서구),주식회사 와이앤피[01406681] 대전광역시 서구
c3145,(주)우리철강,북구,개별입지,hq_elsewhere,본사 타지역: 주식회사 우리철강(경기도 수원시),주식회사 우리철강[01631490] 경기도 수원시
c9075,(주)우영엔지니어링,달성군,개별입지,hq_elsewhere,본사 타지역: 우영엔지니어링(서울특별시 강남구),우영엔지니어링[00240981] 서울특별시 강남구
c9929,(주)우원,달성군,개별입지,hq_elsewhere,본사 타지역: 주식회사 우원(서울특별시 구로구); 주식회사 우원(부산광역시 금정구),주식회사 우원[00199003] 서울특별시 구로구 | 주식회사 우원[01956715] 부산광역시 금정구
c5238,(주)원림,수성구,개별입지,hq_elsewhere,본사 타지역: (주)원림(서울특별시 서초구),(주)원림[00143794] 서울특별시 서초구
c8865,(주)원아,달성군,개별입지,hq_elsewhere,본사 타지역: 주식회사 원아(경기도 안양시),주식회사 원아[02020910] 경기도 안양시
c5235,(주)위츠,수성구,개별입지,hq_elsewhere,본사 타지역: (주)위츠(경기도 용인시),(주)위츠[01445440] 경기도 용인시
c10307,(주)유니,달성군,개별입지,hq_elsewhere,본사 타지역: 주식회사 유니(제주특별자치도 제주시); 주식회사 유니(경상남도 창원시); (주)유니(서울특별시 종로구),주식회사 유니[01085910] 제주특별자치도 제주시 | 주식회사 유니[01294192] 경상남도 창원시 | (주)유니[01085965] 서울특별시 종로구 | (주)유니[01226030] 부산광역시 사하구
c2593,(주)유니온테크,남구,개별입지,hq_elsewhere,본사 타지역: 유니온테크주식회사(부산광역시 금정구); 주식회사 유니온테크(경기도 이천시),유니온테크주식회사[00299312] 부산광역시 금정구 | 주식회사 유니온테크[01678543] 경기도 이천시
c0382,(주)유니콤,동구,개별입지,hq_elsewhere,본사 타지역: 주식회사 유니콤(경기도 화성),주식회사 유니콤[00248886] 경기도 화성
c0647,(주)유신테크,서구,개별입지,hq_elsewhere,본사 타지역: 주식회사유신테크(인천광역시 부평구),주식회사유신테크[00852306] 인천광역시 부평구
c2678,(주)윤금사,북구,개별입지,hq_elsewhere,본사 타지역: 주식회사 윤금사(경상북도 구미시),주식회사 윤금사[02013707] 경상북도 구미시
c9077,(주)은성산업,달성군,개별입지,hq_elsewhere,본사 타지역: 은성산업(주)(경기도 이천시); 은성산업주식회사(구. 은성기화주식회사)(경기도 과천시); 은성산업 주식회사(경기도 부천시),은성산업(주)[00365970] 경기도 이천시 | 은성산업주식회사(구. 은성기화주식회사)[00184843] 경기도 과천시 | 은성산업 주식회사[00486033] 경기도 부천시 | (주)은성산업[01924752] 경기도 화성시
c8802,(주)이 티 에 스,달성군,개별입지,hq_elsewhere,본사 타지역: 주식회사 이티에스(충청남도 아산시),주식회사 이티에스[01134757] 충청남도 아산시
c9517,(주)이노베이션,달성군,개별입지,hq_elsewhere,본사 타지역: 주식회사 이노베이션(충청남도 천안시),주식회사 이노베이션[01639030] 충청남도 천안시
c10062,(주)이산,달성군,개별입지,hq_elsewhere,본사 타지역: (주)이산(서울특별시 용산구); (주)이산(경기도 안양시),(주)이산[00923358] 서울특별시 용산구 | (주)이산[00812618] 경기도 안양시
c0652,(주)이엘피,서구,개별입지,hq_elsewhere,본사 타지역: (주)이엘피(경기도 화성시),(주)이엘피[00374020] 경기도 화성시
c10225,(주)이지테크,달성군,개별입지,hq_elsewhere,본사 타지역: (주)이지테크(경기도 시흥시); (주)이지테크(전라남도 광양시),(주)이지테크[01084610] 경기도 시흥시 | (주)이지테크[00766027] 전라남도 광양시
c4317,(주)이투,북구,개별입지,hq_elsewhere,본사 타지역: (주)이투(충청남도 천안시),(주)이투[00907369] 충청남도 천안시
c9080,(주)인셀,달성군,개별입지,hq_elsewhere,본사 타지역: 인셀 주식회사(광주광역시 북구),인셀 주식회사[01157165] 광주광역시 북구
c4318,(주)일신전기,북구,개별입지,hq_elsewhere,본사 타지역: (주)일신전기(경기도 부천시),(주)일신전기[00592769] 경기도 부천시
c0317,(주)장원식품,동구,개별입지,hq_elsewhere,본사 타지역: 주식회사장원식품(대전광역시 대덕구),주식회사장원식품[00671002] 대전광역시 대덕구
c5134,(주)정우산업,북구,개별입지,hq_elsewhere,본사 타지역: (주)정우산업(경상남도 김해시); (주)정우산업(충청남도 논산시); 주식회사 정우산업(경상북도 영천시),(주)정우산업[01415476] 경상남도 김해시 | (주)정우산업[01032839] 충청남도 논산시 | 주식회사 정우산업[01682102] 경상북도 영천시
c9169,(주)정원,달성군,개별입지,hq_elsewhere,본사 타지역: 주식회사 정원(경기도 파주시),주식회사 정원[01097818] 경기도 파주시
c4319,(주)제이솔루션,북구,개별입지,hq_elsewhere,본사 타지역: (주)제이솔루션(경기도 용인시); 주식회사 제이솔루션(부산광역시 동구),(주)제이솔루션[01401385] 경기도 용인시 | 주식회사 제이솔루션[01754038] 부산광역시 동구
c2594,(주)제이제이,남구,개별입지,hq_elsewhere,본사 타지역: (주)제이제이(강원특별자치도 원주시); 주식회사제이제이(전라남도 화순군),(주)제이제이[01837580] 강원특별자치도 원주시 | 주식회사제이제이[01912854] 전라남도 화순군
c10001,(주)준영피엔피,달성군,개별입지,hq_elsewhere,본사 타지역: (주)준영피엔피(울산광역시 울주군),(주)준영피엔피[02007681] 울산광역시 울주군
c10064,(주)지산,달성군,개별입지,hq_elsewhere,본사 타지역: 주식회사지산(경상남도 양산시); 지산 주식회사(서울특별시 강남구); 주식회사 지산(경기도 용인시),주식회사지산[00626598] 경상남도 양산시 | 지산 주식회사[00861313] 서울특별시 강남구 | 주식회사 지산[01293908] 경기도 용인시
c0555,(주)지엘에스,동구,개별입지,hq_elsewhere,본사 타지역: 주식회사 지엘에스(경기도 성남시); (주)지엘에스(광주광역시 북구),주식회사 지엘에스[01089040] 경기도 성남시 | (주)지엘에스[00968564] 광주광역시 북구
c9082,(주)케이에스티,달성군,개별입지,hq_elsewhere,본사 타지역: (주)케이에스티(경상북도 포항시); 케이에스티주식회사(경상남도 창원시); (주)케이에스티(광주광역시 북구),(주)케이에스티[00528038] 경상북도 포항시 | 케이에스티주식회사[01922578] 경상남도 창원시 | (주)케이에스티[02009607] 광주광역시 북구
c9496,(주)케이엘테크,달성군,개별입지,hq_elsewhere,본사 타지역: 케이엘테크주식회사(경상북도 구미시),케이엘테크주식회사[01305993] 경상북도 구미시
c10227,(주)태성레미콘,달성군,개별입지,hq_elsewhere,본사 타지역: 주식회사 태성레미콘(경상북도 울진군),주식회사 태성레미콘[01253168] 경상북도 울진군
c0664,(주)태영산업,서구,개별입지,hq_elsewhere,본사 타지역: 태영산업 주식회사(경상남도 고성군); 주식회사 태영산업(경기도 성남시); 태영산업 주식회사(경상남도 밀양시),태영산업 주식회사[00941211] 경상남도 고성군 | 주식회사 태영산업[01143269] 경기도 성남시 | 태영산업 주식회사[00678102] 경상남도 밀양시
c3178,(주)태진이엔지,북구,개별입지,hq_elsewhere,본사 타지역: 주식회사태진이엔지(인천광역시 남동구),주식회사태진이엔지[00562449] 인천광역시 남동구
c9633,(주)태화,달성군,개별입지,hq_elsewhere,본사 타지역: 주식회사 태화(부산광역시 부산진구); (주) 태화(경기도 안산시); 태화 주식회사(전라북도 익산시),주식회사 태화[00154499] 부산광역시 부산진구 | (주) 태화[00887366] 경기도 안산시 | 태화 주식회사[00225803] 전라북도 익산시 | (주)태화[01222830] 경기도 화성시 | 태화주식회사[01203534] 제주특별자치도 제주시
c2641,(주)티알에스,북구,개별입지,hq_elsewhere,본사 타지역: 주식회사 티알에스(경기도 성남시),주식회사 티알에스[01041208] 경기도 성남시
c7873,(주)평화,달서구,개별입지,hq_elsewhere,본사 타지역: 주식회사 평화(경상북도 구미시); 주식회사 평화(경기도 안산시),주식회사 평화[00608486] 경상북도 구미시 | 주식회사 평화[00186993] 경기도 안산시
c9087,(주)프로텍,달성군,개별입지,hq_elsewhere,본사 타지역: (주)프로텍(경기도 안양시),(주)프로텍[00325112] 경기도 안양시
c0547,(주)플라즈맵,동구,개별입지,hq_elsewhere,본사 타지역: 주식회사 플라즈맵(경기도 성남시),주식회사 플라즈맵[01575839] 경기도 성남시
c8907,(주)피엔디,달성군,개별입지,hq_elsewhere,본사 타지역: 주식회사 피엔디(경기도 용인시),주식회사 피엔디[00548272] 경기도 용인시
c5144,(주)하나텍,북구,개별입지,hq_elsewhere,본사 타지역: 하나텍(경기도 화성시),하나텍[01637193] 경기도 화성시
c9088,(주)한국비앤씨,달성군,개별입지,hq_elsewhere,본사 타지역: (주)한국비앤씨(경기도 이천시),(주)한국비앤씨[00489687] 경기도 이천시
c5262,(주)한남전기통신공사,수성구,개별입지,hq_elsewhere,본사 타지역: (주)한남전기통신공사(경상북도 경산시),(주)한남전기통신공사[01932548] 경상북도 경산시
c8572,(주)한양건설,달서구,개별입지,hq_elsewhere,본사 타지역: (주)한양건설(경상남도 거제시); (주)한양건설(경기도 하남시),(주)한양건설[01084142] 경상남도 거제시 | (주)한양건설[00493909] 경기도 하남시
c5160,(주)한영,북구,개별입지,hq_elsewhere,본사 타지역: (주)한영(경상북도 구미시); 주식회사 한영(전라북도 전주시); (주)한영(경상남도 양산시),(주)한영[00966441] 경상북도 구미시 | 주식회사 한영[01484555] 전라북도 전주시 | (주)한영[01457852] 경상남도 양산시 | 주식회사 한영[01258136] 전라북도 정읍시 | 주식회사 한영[00562874] 경상북도 경주시 | (유한) 한영[02050993] 경기도 광주시
c8898,(주)한일,달성군,개별입지,hq_elsewhere,본사 타지역: (주)한일(충청남도 아산시); (주)한일(경상북도 경주시); (주)한일(전라북도 익산시),(주)한일[00162975] 충청남도 아산시 | (주)한일[00188308] 경상북도 경주시 | (주)한일[00539104] 전라북도 익산시 | 주식회사 한일[01633805] 경상남도 창원시 | (주)한일[00188292] 경기도 안성시 | 주식회사한일[00317317] 대전광역시 중구
c5161,(주)한일통신,북구,개별입지,hq_elsewhere,본사 타지역: 한일통신주식회사(대전광역시 유성구),한일통신주식회사[01471445] 대전광역시 유성구
c0294,(주)현대에너지,동구,개별입지,hq_elsewhere,본사 타지역: 현대에너지(주)(경기도 시흥시); (주)현대에너지(전라북도 정읍시),현대에너지(주)[00834896] 경기도 시흥시 | (주)현대에너지[01364853] 전라북도 정읍시
c0258,(주)현진산업,동구,개별입지,hq_elsewhere,본사 타지역: 주식회사 현진산업(전라남도 목포시),주식회사 현진산업[01839348] 전라남도 목포시
c4289,(주)효성산업개발,북구,개별입지,hq_elsewhere,본사 타지역: 효성산업개발(주)(충청북도 청주시),효성산업개발(주)[01682476] 충청북도 청주시
c3193,(주)효성전기,북구,개별입지,hq_elsewhere,본사 타지역: 효성전기주식회사(부산광역시 기장군),효성전기주식회사[00201991] 부산광역시 기장군
c2685,(주)훼미리,북구,개별입지,hq_elsewhere,본사 타지역: (주)훼미리(울산광역시 중구); 주식회사훼미리(경기도 의정부시),(주)훼미리[00519827] 울산광역시 중구 | 주식회사훼미리[02021380] 경기도 의정부시
c9743,E&T,달성군,개별입지,hq_elsewhere,본사 타지역: (주)E&T(광주광역시 서구),(주)E&T[00846378] 광주광역시 서구
c9034,거성산업,달성군,개별입지,hq_elsewhere,본사 타지역: 거성산업(주)(인천광역시 동구); (주)거성산업(충청남도 천안시); 거성산업(주)(경기도 여주시),거성산업(주)[00100771] 인천광역시 동구 | (주)거성산업[01099001] 충청남도 천안시 | 거성산업(주)[00944449] 경기도 여주시 | 거성산업(주)[00633808] 인천광역시 서구
c10230,경동레미콘(주),달성군,개별입지,hq_elsewhere,본사 타지역: 경동레미콘(주)(부산광역시 연제구),경동레미콘(주)[01738933] 부산광역시 연제구
c9090,경동정밀공업(주),달성군,개별입지,hq_elsewhere,본사 타지역: 경동정밀공업주식회사(경상북도 경산시),경동정밀공업주식회사[01399886] 경상북도 경산시
c0683,경일금속,서구,개별입지,hq_elsewhere,본사 타지역: 주식회사 경일금속(경기도 안산시),주식회사 경일금속[01024724] 경기도 안산시
c10196,광명금속,달성군,개별입지,hq_elsewhere,본사 타지역: 광명금속(주)(경상북도 칠곡군),광명금속(주)[00821467] 경상북도 칠곡군
c0900,광명산업,서구,개별입지,hq_elsewhere,본사 타지역: 주식회사 광명산업(경상북도 칠곡군); 주식회사 광명산업(경기도 화성시); 광명산업주식회사(경기도 광명시),주식회사 광명산업[00451000] 경상북도 칠곡군 | 주식회사 광명산업[01734797] 경기도 화성시 | 광명산업주식회사[00205623] 경기도 광명시 | 광명산업(주)[01842795] 충청남도 공주시
c0901,광진금속,서구,개별입지,hq_elsewhere,본사 타지역: 광진금속 주식회사(경상남도 창원시),광진금속 주식회사[01864982] 경상남도 창원시
c1146,그린테크,달성군,개별입지,hq_elsewhere,본사 타지역: 그린테크(주)(광주광역시 광산구),그린테크(주)[01294077] 광주광역시 광산구
c2708,극동산업,달성군,개별입지,hq_elsewhere,본사 타지역: 극동산업주식회사(경기도 수원시),극동산업주식회사[00620530] 경기도 수원시
c2709,금강기업,북구,개별입지,hq_elsewhere,본사 타지역: (주)금강기업(경기도 시흥시); 금강기업(주)(충청북도 음성군),(주)금강기업[01292255] 경기도 시흥시 | 금강기업(주)[00371449] 충청북도 음성군
c11104,금성테크(주),군위군,개별입지,hq_elsewhere,본사 타지역: (주)금성테크(경기도 시흥시); (주)금성테크(경기도 화성시),(주)금성테크[00814713] 경기도 시흥시 | (주)금성테크[01225448] 경기도 화성시
c2712,금호,북구,개별입지,hq_elsewhere,본사 타지역: (주)금호(울산광역시 울주군); (주)금호(경상북도 경산시),(주)금호[00658931] 울산광역시 울주군 | (주)금호[00969475] 경상북도 경산시
c10069,금호산업,달성군,개별입지,hq_elsewhere,본사 타지역: (주)금호산업(전라남도 해남군),(주)금호산업[01778001] 전라남도 해남군
c9843,나스카,달성군,개별입지,hq_elsewhere,본사 타지역: 주식회사 나스카(서울특별시 강남구),주식회사 나스카[00863904] 서울특별시 강남구
c0860,네오텍,서구,개별입지,hq_elsewhere,본사 타지역: 주식회사네오텍(경기도 안성시); (주)네오텍(경기도 파주시); (주)네오텍(서울특별시 용산구),주식회사네오텍[00959098] 경기도 안성시 | (주)네오텍[00312817] 경기도 파주시 | (주)네오텍[00688288] 서울특별시 용산구 | (주)네오텍[00480297] 충청북도 진천군 | (주)네오텍[00677343] 충청북도 청주시
c0861,녹원,서구,개별입지,hq_elsewhere,본사 타지역: (주)녹원(경상남도 창원시),(주)녹원[01157059] 경상남도 창원시
c10232,다담산업개발(주),달성군,개별입지,hq_elsewhere,본사 타지역: 주식회사 다담산업개발(서울특별시 광진구),주식회사 다담산업개발[01255120] 서울특별시 광진구
c0691,다성,서구,개별입지,hq_elsewhere,본사 타지역: 주식회사 다성(경기도 시흥시); 주식회사 다성(경기도 이천시); (주)다성(인천광역시 남동구),주식회사 다성[00512037] 경기도 시흥시 | 주식회사 다성[00820431] 경기도 이천시 | (주)다성[00233963] 인천광역시 남동구 | 다성 주식회사[00450126] 경기도 안산시
c4344,다인산업,북구,개별입지,hq_elsewhere,본사 타지역: 다인산업(주)(광주광역시 광산구),다인산업(주)[01067297] 광주광역시 광산구
c9036,대경레미콘,달성군,개별입지,hq_elsewhere,본사 타지역: 주식회사 대경레미콘(경상북도 고령군),주식회사 대경레미콘[00838494] 경상북도 고령군
c0866,대경산업,군위군,개별입지,hq_elsewhere,본사 타지역: (주)대경산업(경상남도 합천군); 대경산업(주)(경기도 고양시),(주)대경산업[01022887] 경상남도 합천군 | 대경산업(주)[01646997] 경기도 고양시
c2722,대경테크,북구,개별입지,hq_elsewhere,본사 타지역: (주)대경테크(경상북도 구미시),(주)대경테크[01412619] 경상북도 구미시
c9792,대덕기업,달성군,개별입지,hq_elsewhere,본사 타지역: 주식회사 대덕기업(경상남도 창원시); (주)대덕기업(충청북도 청주시),주식회사 대덕기업[01136232] 경상남도 창원시 | (주)대덕기업[01924859] 충청북도 청주시
c2618,대동산업,남구,개별입지,hq_elsewhere,본사 타지역: 주식회사 대동산업(경기도 화성시); 대동산업주식회사(경상북도 경주시); 대동산업 주식회사(충청남도 천안시),주식회사 대동산업[00309789] 경기도 화성시 | 대동산업주식회사[00763817] 경상북도 경주시 | 대동산업 주식회사[00109408] 충청남도 천안시
c4711,대동스틸,북구,개별입지,hq_elsewhere,본사 타지역: (주)대동스틸(인천광역시 남동구),(주)대동스틸[00109268] 인천광역시 남동구
c3368,대륙철강,북구,개별입지,hq_elsewhere,본사 타지역: 주식회사 대륙철강(부산광역시 강서구),주식회사 대륙철강[00655590] 부산광역시 강서구
c0246,대명전자,동구,개별입지,hq_elsewhere,본사 타지역: 대명전자(주)(경상북도 구미시); 대명전자 주식회사(경기도 안산시),대명전자(주)[00430441] 경상북도 구미시 | 대명전자 주식회사[01019342] 경기도 안산시
c8825,대성산업,달성군,개별입지,hq_elsewhere,본사 타지역: 대성산업(주)(전라남도 장흥군); (주)대성산업(경기도 남양주시); 대성산업(주)(서울특별시 구로구),대성산업(주)[00509079] 전라남도 장흥군 | (주)대성산업[01782031] 경기도 남양주시 | 대성산업(주)[00828789] 서울특별시 구로구
c9964,대신산업,달성군,개별입지,hq_elsewhere,본사 타지역: 주식회사 대신산업(경상남도 마산시); 대신산업(경기도 안산시),주식회사 대신산업[00887649] 경상남도 마산시 | 대신산업[00966803] 경기도 안산시
c10186,대아전자,달성군,개별입지,hq_elsewhere,본사 타지역: 대아전자(주)(경상남도 마산시),대아전자(주)[00409797] 경상남도 마산시
c10182,대양산업,달성군,개별입지,hq_elsewhere,본사 타지역: 대양산업(주)(경상북도 칠곡군); 대양산업주식회사(부산광역시 동구); 대양산업(주)(충청남도 당진시),대양산업(주)[01100954] 경상북도 칠곡군 | 대양산업주식회사[00172510] 부산광역시 동구 | 대양산업(주)[01437876] 충청남도 당진시
c2737,대영금속,북구,개별입지,hq_elsewhere,본사 타지역: 대영금속주식회사(경상북도 김천시); 주식회사 대영금속(인천광역시 서구),대영금속주식회사[00449786] 경상북도 김천시 | 주식회사 대영금속[01232165] 인천광역시 서구
c0903,대영산업,달서구,개별입지,hq_elsewhere,본사 타지역: 대영산업 주식회사(전라남도 해남군); 대영산업(주)(경기도 시흥시); 대영산업 주식회사(경상남도 함양군),대영산업 주식회사[00822590] 전라남도 해남군 | 대영산업(주)[00918231] 경기도 시흥시 | 대영산업 주식회사[00663270] 경상남도 함양군 | 대영산업(주)[01014426] 인천광역시 남동구 | 대영산업(주)[00836654] 울산광역시 북구
c8871,대영섬유,달성군,개별입지,hq_elsewhere,본사 타지역: (주)대영섬유(부산광역시 사상구),(주)대영섬유[01379174] 부산광역시 사상구
c10238,대왕산업,달성군,개별입지,hq_elsewhere,본사 타지역: (주)대왕산업(경상북도 포항시); 주식회사 대왕산업(부산광역시 사상구); 대왕산업(주)(서울특별시 종로구),(주)대왕산업[00834726] 경상북도 포항시 | 주식회사 대왕산업[00677477] 부산광역시 사상구 | 대왕산업(주)[00172556] 서울특별시 종로구
c2741,대원금속,북구,개별입지,hq_elsewhere,본사 타지역: 대원금속 주식회사(경상북도 경산시),대원금속 주식회사[01146868] 경상북도 경산시
c10366,대원식품,달성군,개별입지,hq_elsewhere,본사 타지역: 대원식품(주)(경상남도 통영시),대원식품(주)[01065651] 경상남도 통영시
c9932,대유산업,달성군,개별입지,hq_elsewhere,본사 타지역: 대유산업(주)(서울특별시 강남구); 주식회사 대유산업(전라남도 나주시); 주식회사 대유산업(제주특별자치도 서귀포시),대유산업(주)[00938767] 서울특별시 강남구 | 주식회사 대유산업[01555242] 전라남도 나주시 | 주식회사 대유산업[00233413] 제주특별자치도 서귀포시 | 대유산업 주식회사[01088528] 충청남도 천안시
c2742,대일금속,북구,개별입지,hq_elsewhere,본사 타지역: (주) 대일금속(경기도 화성시); 대일금속(경기도 안산시),(주) 대일금속[02025085] 경기도 화성시 | 대일금속[01916470] 경기도 안산시
c4350,대일정공,북구,개별입지,hq_elsewhere,본사 타지역: (주)대일정공(전라북도 익산시); (주)대일정공(서울특별시 금천구); 주식회사 대일정공(경상남도 김해시),(주)대일정공[00893482] 전라북도 익산시 | (주)대일정공[00933276] 서울특별시 금천구 | 주식회사 대일정공[01749434] 경상남도 김해시
c7387,대주정공,달서구,개별입지,hq_elsewhere,본사 타지역: 대주정공(주)(경기도 화성시),대주정공(주)[00222259] 경기도 화성시
c4351,대풍산업,북구,개별입지,hq_elsewhere,본사 타지역: 주식회사 대풍산업(경상남도 창원시); 주식회사 대풍산업(광주광역시 북구),주식회사 대풍산업[00216133] 경상남도 창원시 | 주식회사 대풍산업[01652004] 광주광역시 북구
c2743,대한기계,북구,개별입지,hq_elsewhere,본사 타지역: 주식회사대한기계(경기도 김포시),주식회사대한기계[01288128] 경기도 김포시
c3445,대한산업,북구,개별입지,hq_elsewhere,본사 타지역: 대한산업주식회사(충청남도 당진시); 대한산업주식회사(경상남도 김해시),대한산업주식회사[00665296] 충청남도 당진시 | 대한산업주식회사[00113571] 경상남도 김해시
c4352,대한엔지니어링,북구,개별입지,hq_elsewhere,본사 타지역: 대한엔지니어링(주)(경상북도 포항시); 주식회사 대한엔지니어링(경기도 화성시),대한엔지니어링(주)[01664346] 경상북도 포항시 | 주식회사 대한엔지니어링[01450929] 경기도 화성시
c0711,대한테크,서구,개별입지,hq_elsewhere,본사 타지역: 대한테크 유한회사(경기도 안산시); 대한테크(경기도 안산시); 대한테크(주)(경상남도 진주시),대한테크 유한회사[01213823] 경기도 안산시 | 대한테크[01296622] 경기도 안산시 | 대한테크(주)[01816930] 경상남도 진주시
c0359,대현산업,동구,개별입지,hq_elsewhere,본사 타지역: 주식회사 대현산업(경기도 화성시); (주)대현산업(경기도 평택시),주식회사 대현산업[00590363] 경기도 화성시 | (주)대현산업[00785776] 경기도 평택시
c9745,대흥섬유,달성군,개별입지,hq_elsewhere,본사 타지역: (주)대흥섬유(경기도 동두천시),(주)대흥섬유[01838792] 경기도 동두천시
c4730,대흥테크,북구,개별입지,hq_elsewhere,본사 타지역: (주)대흥테크(경기도 화성시),(주)대흥테크[00891183] 경기도 화성시
c10010,덕산실업,달성군,개별입지,hq_elsewhere,본사 타지역: 덕산실업(주)(경기도 안성시),덕산실업(주)[00891554] 경기도 안성시
c10022,덕성섬유,달성군,개별입지,hq_elsewhere,본사 타지역: (주)덕성섬유(경상북도 경산시),(주)덕성섬유[00442206] 경상북도 경산시
c3471,동광산업,북구,개별입지,hq_elsewhere,본사 타지역: (주)동광산업(경기도 부천시); 동광산업 주식회사(경상남도 양산시); 주식회사 동광산업(경기도 평택시),(주)동광산업[00484196] 경기도 부천시 | 동광산업 주식회사[01386101] 경상남도 양산시 | 주식회사 동광산업[01791987] 경기도 평택시
c2993,동광정밀,북구,개별입지,hq_elsewhere,본사 타지역: 동광정밀(주)(경기도 용인시),동광정밀(주)[00216638] 경기도 용인시
c10081,동남기계,달성군,개별입지,hq_elsewhere,본사 타지역: (주)동남기계(울산광역시 울주군),(주)동남기계[00969873] 울산광역시 울주군
c5195,동산금속,수성구,개별입지,hq_elsewhere,본사 타지역: 동산금속주식회사(경기도 시흥시),동산금속주식회사[01718276] 경기도 시흥시
c2756,동성산업,북구,개별입지,hq_elsewhere,본사 타지역: 동성산업주식회사(부산광역시 영도구); (주)동성산업(경기도 용인시); 동성산업주식회사(울산광역시 북구),동성산업주식회사[00116231] 부산광역시 영도구 | (주)동성산업[01582033] 경기도 용인시 | 동성산업주식회사[01739233] 울산광역시 북구 | 동성산업(주)[00172802] 부산광역시 동구
c5102,동성정밀,북구,개별입지,hq_elsewhere,본사 타지역: 주식회사 동성정밀(경기도 김포시); (주)동성정밀(경기도 용인시),주식회사 동성정밀[00601678] 경기도 김포시 | (주)동성정밀[01087307] 경기도 용인시
c10370,동성테크,달성군,개별입지,hq_elsewhere,본사 타지역: (주)동성테크(인천광역시 서구); (주)동성테크(경기도 화성시); 동성테크주식회사(충청남도 논산시),(주)동성테크[00620503] 인천광역시 서구 | (주)동성테크[00574480] 경기도 화성시 | 동성테크주식회사[01257182] 충청남도 논산시 | 동성테크주식회사[01861815] 울산광역시 북구
c10241,동신섬유,달성군,개별입지,hq_elsewhere,본사 타지역: 동신섬유 주식회사(경기도 수원시),동신섬유 주식회사[00222046] 경기도 수원시
c0078,동아상사,중구,개별입지,hq_elsewhere,본사 타지역: (주)동아상사(경기도 고양시),(주)동아상사[00667133] 경기도 고양시
c5103,동양기전(주),북구,개별입지,hq_elsewhere,본사 타지역: 동양기전(주)(서울특별시 마포구); 동양기전 주식회사(경기도 김포시),동양기전(주)[01450150] 서울특별시 마포구 | 동양기전 주식회사[02018845] 경기도 김포시
c9535,동양섬유,달성군,개별입지,hq_elsewhere,본사 타지역: 동양섬유(주)(부산광역시 사하구),동양섬유(주)[00169011] 부산광역시 사하구
c0727,동원테크,서구,개별입지,hq_elsewhere,본사 타지역: (주)동원테크(경기도 수원시); (주)동원테크(경상남도 김해시),(주)동원테크[01079867] 경기도 수원시 | (주)동원테크[00358563] 경상남도 김해시
c3502,동원하이텍,북구,개별입지,hq_elsewhere,본사 타지역: 주식회사동원하이텍(인천광역시 남동구),주식회사동원하이텍[00968528] 인천광역시 남동구
c2762,동일기업,북구,개별입지,hq_elsewhere,본사 타지역: 주식회사 동일기업(광주광역시 광산구); 동일기업주식회사(경상북도 포항시),주식회사 동일기업[00936839] 광주광역시 광산구 | 동일기업주식회사[00118293] 경상북도 포항시
c4760,동일산업,북구,개별입지,hq_elsewhere,본사 타지역: 동일산업주식회사(경상북도 경산시); 동일산업 주식회사(부산광역시 사상구); 동일산업주식회사(전라남도 담양군),동일산업주식회사[00238588] 경상북도 경산시 | 동일산업 주식회사[00118336] 부산광역시 사상구 | 동일산업주식회사[00118354] 전라남도 담양군 | 동일산업(주)[00565862] 울산광역시 남구 | 동일산업(주)[00172936] 경상북도 포항시
c0427,동일섬유,동구,개별입지,hq_elsewhere,본사 타지역: (주)동일섬유(경기도 안산시),(주)동일섬유[00236155] 경기도 안산시
c9055,동주산업,달성군,개별입지,hq_elsewhere,본사 타지역: 동주산업 주식회사(경상북도 포항시); 동주산업주식회사(인천광역시 남동구),동주산업 주식회사[00225964] 경상북도 포항시 | 동주산업주식회사[00251224] 인천광역시 남동구
c9109,동진산업,달성군,개별입지,hq_elsewhere,본사 타지역: 동진산업주식회사(경기도 남양주시); 동진산업(주)(경기도 수원시); 주식회사동진산업(경기도 남양주시),동진산업주식회사[00290773] 경기도 남양주시 | 동진산업(주)[00172972] 경기도 수원시 | 주식회사동진산업[01651935] 경기도 남양주시
c2995,동진전기,북구,개별입지,hq_elsewhere,본사 타지역: (주)동진전기(울산광역시 울주군),(주)동진전기[00211387] 울산광역시 울주군
c9537,동호산업,달성군,개별입지,hq_elsewhere,본사 타지역: 주식회사 동호산업(충청북도 음성군),주식회사 동호산업[01725966] 충청북도 음성군
c10083,동화전자,달성군,개별입지,hq_elsewhere,본사 타지역: 주식회사 동화전자(경기도 안산시),주식회사 동화전자[01828768] 경기도 안산시
c11152,두원이엔지,군위군,개별입지,hq_elsewhere,본사 타지역: 두원이엔지 주식회사(충청남도 당진시),두원이엔지 주식회사[01208520] 충청남도 당진시
c9112,두원정밀,달성군,개별입지,hq_elsewhere,본사 타지역: (주)두원정밀(경기도 부천시),(주)두원정밀[00451383] 경기도 부천시
c2997,디에스 테크(DS TEC),북구,개별입지,hq_elsewhere,본사 타지역: (주)디에스테크(경기도 성남시); (주)디에스테크(경기도 안산시),(주)디에스테크[00453558] 경기도 성남시 | (주)디에스테크[01682546] 경기도 안산시
c9113,디에이치,달성군,개별입지,hq_elsewhere,본사 타지역:  주식회사 디에이치 (전라북도 완주군); (주)디에이치(경기도 광주시); 디에이치 주식회사(경기도 평택시), 주식회사 디에이치 [00678999] 전라북도 완주군 | (주)디에이치[01654312] 경기도 광주시 | 디에이치 주식회사[00483771] 경기도 평택시 | 디에이치[00622653] 경기도 군포시 | 주식회사 디에이치[01480753] 대전광역시 서구
c9114,디제이에프,달성군,개별입지,hq_elsewhere,본사 타지역: (주)디제이에프(부산광역시 사상구),(주)디제이에프[00640792] 부산광역시 사상구
c9668,렉스,달성군,개별입지,hq_elsewhere,본사 타지역: 주식회사렉스(충청남도 천안시); 주식회사 렉스(경기도 군포시),주식회사렉스[00523963] 충청남도 천안시 | 주식회사 렉스[01027882] 경기도 군포시
c8983,로더스,달성군,개별입지,hq_elsewhere,본사 타지역: (주)로더스(인천광역시 서구),(주)로더스[01364048] 인천광역시 서구
c10371,리텍,달성군,개별입지,hq_elsewhere,본사 타지역: (주)리텍(경기도 화성시); 주식회사 리텍 (경기도 부천시); 리텍(주)(세종특별자치시 연동면),(주)리텍[01260520] 경기도 화성시 | 주식회사 리텍 [01070015] 경기도 부천시 | 리텍(주)[00575799] 세종특별자치시 연동면
c0072,명진,중구,개별입지,hq_elsewhere,본사 타지역: (주)명진(경기도 수원시); 주식회사 명진(경상북도 구미시); (주)명진(충청북도 청주시),(주)명진[01099490] 경기도 수원시 | 주식회사 명진[00625669] 경상북도 구미시 | (주)명진[01953301] 충청북도 청주시
c10319,명진테크,달성군,개별입지,hq_elsewhere,본사 타지역: (주)명진테크(인천광역시 동구); (주)명진테크(부산광역시 기장군); 주식회사명진테크(경기도 시흥시),(주)명진테크[01289640] 인천광역시 동구 | (주)명진테크[00961677] 부산광역시 기장군 | 주식회사명진테크[00496030] 경기도 시흥시
c0736,미래텍(주),서구,개별입지,hq_elsewhere,본사 타지역: 주식회사미래텍(울산광역시 울주군); 미래텍(경상남도 거제시),주식회사미래텍[01232970] 울산광역시 울주군 | 미래텍[02011268] 경상남도 거제시
c10245,미진화장품,달성군,개별입지,hq_elsewhere,본사 타지역: 주식회사 미진화장품(경상북도 구미시),주식회사 미진화장품[02013424] 경상북도 구미시
c2962,미크로엠아이테크,북구,개별입지,hq_elsewhere,본사 타지역: (주)미크로엠아이테크(경기도 시흥시),(주)미크로엠아이테크[01476033] 경기도 시흥시
c10246,바스코,달성군,개별입지,hq_elsewhere,본사 타지역: (주)바스코(서울특별시 중구),(주)바스코[00472544] 서울특별시 중구
c8930,범양산업(주),달성군,개별입지,hq_elsewhere,본사 타지역: 범양산업주식회사(서울특별시 중구),범양산업주식회사[00373456] 서울특별시 중구
c10088,보림산업,달성군,개별입지,hq_elsewhere,본사 타지역: (주)보림산업(부산광역시 사상구),(주)보림산업[01496374] 부산광역시 사상구
c10324,보성산업,달성군,개별입지,hq_elsewhere,본사 타지역: 보성산업주식회사(충청북도 괴산군),보성산업주식회사[00205784] 충청북도 괴산군
c8879,블루에너지,달성군,개별입지,hq_elsewhere,본사 타지역: 주식회사 블루에너지(서울특별시 영등포구),주식회사 블루에너지[00974361] 서울특별시 영등포구
c9677,비스,달성군,개별입지,hq_elsewhere,본사 타지역: 주식회사 비스(인천광역시 동구),주식회사 비스[01289659] 인천광역시 동구
c5120,삼도산업,북구,개별입지,hq_elsewhere,본사 타지역: 삼도산업(주)(경상남도 김해시); 삼도산업(주)(경기도 성남시),삼도산업(주)[01778490] 경상남도 김해시 | 삼도산업(주)[00835318] 경기도 성남시
c0740,삼보산업,서구,개별입지,hq_elsewhere,본사 타지역: (주)삼보산업(부산광역시 사상구); (주)삼보산업(경상남도 함안군); 삼보산업 주식회사(충청남도 천안시),(주)삼보산업[00814184] 부산광역시 사상구 | (주)삼보산업[00473288] 경상남도 함안군 | 삼보산업 주식회사[01088500] 충청남도 천안시 | 삼보산업 주식회사[00125822] 경상남도 창원시
c4807,삼보엔지니어링,북구,개별입지,hq_elsewhere,본사 타지역: 주식회사 삼보엔지니어링(울산광역시 남구),주식회사 삼보엔지니어링[00627472] 울산광역시 남구
c1344,삼성산업,달성군,개별입지,hq_elsewhere,본사 타지역: (주)삼성산업(경상북도 의성군),(주)삼성산업[00239310] 경상북도 의성군
c11110,삼성식품,군위군,개별입지,hq_elsewhere,본사 타지역: 삼성식품주식회사(인천광역시 서구),삼성식품주식회사[00235305] 인천광역시 서구
c0745,삼성텍,서구,개별입지,hq_elsewhere,본사 타지역: 주식회사 삼성텍(경상북도 경산시),주식회사 삼성텍[00965017] 경상북도 경산시
c4368,삼하,북구,개별입지,hq_elsewhere,본사 타지역: 삼하(주)(경상남도 양산시),삼하(주)[00673116] 경상남도 양산시
c10019,삼해이앤씨,달성군,개별입지,hq_elsewhere,본사 타지역: (주)삼해이앤씨(전라남도 영광군),(주)삼해이앤씨[01841644] 전라남도 영광군
c11131,상록개발,군위군,개별입지,hq_elsewhere,본사 타지역: (주)상록개발(경기도 화성시),(주)상록개발[01102873] 경기도 화성시
c2789,상록산업,군위군,개별입지,hq_elsewhere,본사 타지역: 상록산업(주)(경기도 동두천시),상록산업(주)[00371917] 경기도 동두천시
c2797,선우,북구,개별입지,hq_elsewhere,본사 타지역: (주)선우(경상북도 고령군); (주)선우(경상남도 김해시); (주) 선우(울산광역시 울주군),(주)선우[00132008] 경상북도 고령군 | (주)선우[01012109] 경상남도 김해시 | (주) 선우[00872513] 울산광역시 울주군 | 주식회사 선우[01150311] 경상북도 경주시
c10251,성도섬유(주),달성군,개별입지,hq_elsewhere,본사 타지역: (주) 성도섬유(경기도 안산시),(주) 성도섬유[00132479] 경기도 안산시
c2798,성림산업,달성군,개별입지,hq_elsewhere,본사 타지역: 성림산업(주)(강원도 동해시); 성림산업(주)(경기도 화성시),성림산업(주)[01043279] 강원도 동해시 | 성림산업(주)[00181828] 경기도 화성시
c4373,성우테크,달성군,개별입지,hq_elsewhere,본사 타지역: (주)성우테크(충청북도 진천군),(주)성우테크[00867645] 충청북도 진천군
c2801,성지산업(주),북구,개별입지,hq_elsewhere,본사 타지역: 주식회사 성지산업(경기도 시흥시),주식회사 성지산업[01692932] 경기도 시흥시
c10252,성진기업,달성군,개별입지,hq_elsewhere,본사 타지역: 성진기업(주)(경기도 여주시); 성진기업 주식회사(경기도 화성시); 주식회사 성진기업 (경기도 화성시),성진기업(주)[01142039] 경기도 여주시 | 성진기업 주식회사[01479702] 경기도 화성시 | 주식회사 성진기업 [01805396] 경기도 화성시
c1379,성진산업,북구,개별입지,hq_elsewhere,본사 타지역: (주)성진산업(서울특별시 강남구); 성진산업(주)(충청남도 아산시); 성진산업 주식회사(부산광역시 사상구),(주)성진산업[00246815] 서울특별시 강남구 | 성진산업(주)[01143357] 충청남도 아산시 | 성진산업 주식회사[01370924] 부산광역시 사상구
c9545,성진화학,달성군,개별입지,hq_elsewhere,본사 타지역: (주)성진화학(경상남도 밀양시),(주)성진화학[01231528] 경상남도 밀양시
c8808,세 명,달성군,개별입지,hq_elsewhere,본사 타지역: 주식회사 세명(전라남도 나주시),주식회사 세명[01401376] 전라남도 나주시
c0905,세광정밀주식회사,서구,개별입지,hq_elsewhere,본사 타지역: (주)세광정밀(울산광역시 울주군),(주)세광정밀[00640923] 울산광역시 울주군
c0906,세광테크 주식회사,서구,개별입지,hq_elsewhere,본사 타지역: 세광테크(주)(경상남도 양산시); 세광테크 주식회사(울산광역시 남구),세광테크(주)[00570305] 경상남도 양산시 | 세광테크 주식회사[01157970] 울산광역시 남구
c0907,세광테크(주),서구,개별입지,hq_elsewhere,본사 타지역: 세광테크(주)(경상남도 양산시); 세광테크 주식회사(울산광역시 남구),세광테크(주)[00570305] 경상남도 양산시 | 세광테크 주식회사[01157970] 울산광역시 남구
c3725,세림,북구,개별입지,hq_elsewhere,본사 타지역: (주)세림(부산광역시 해운대구); 유한회사 세림(제주특별자치도 서귀포시); (주)세림(울산광역시 울주군),(주)세림[00987772] 부산광역시 해운대구 | 유한회사 세림[00236119] 제주특별자치도 서귀포시 | (주)세림[01627725] 울산광역시 울주군 | 주식회사세림[00182094] 충청북도 진천군 | 주식회사세림[00677158] 세종특별자치시 금남면
c10253,세명산업,달성군,개별입지,hq_elsewhere,본사 타지역: 주식회사 세명산업(경기도 수원시),주식회사 세명산업[01754533] 경기도 수원시
c9131,세신산업,달성군,개별입지,hq_elsewhere,본사 타지역: 세신산업주식회사(경상남도 김해시); (주)세신산업(경기도 김포시),세신산업주식회사[01584527] 경상남도 김해시 | (주)세신산업[01557587] 경기도 김포시
c11154,세영,군위군,개별입지,hq_elsewhere,본사 타지역: (주)세영(경상남도 함양군); 주식회사 세영(경상남도 창원시); 주식회사 세영(충청남도 서산시),(주)세영[00619613] 경상남도 함양군 | 주식회사 세영[00455158] 경상남도 창원시 | 주식회사 세영[01686931] 충청남도 서산시 | (주)세영[01508420] 전라남도 순천시 | (주)세영[01149403] 경상북도 성주군 | 주식회사 세영[01962479] 인천광역시 서구
c3738,세일기계,북구,개별입지,hq_elsewhere,본사 타지역: 세일기계(주)(경기도 용인시); (주)세일기계(울산광역시 울주군); (주)세일기계(인천광역시 서구),세일기계(주)[00360443] 경기도 용인시 | (주)세일기계[00896018] 울산광역시 울주군 | (주)세일기계[01171800] 인천광역시 서구
c0085,세진산업,중구,개별입지,hq_elsewhere,본사 타지역: 세진산업(주)(경상남도 창원시),세진산업(주)[00674683] 경상남도 창원시
c9546,세화기계,달성군,개별입지,hq_elsewhere,본사 타지역: 세화기계(주)(경상북도 경주시); 세화기계(주)(광주광역시 광산구); 주식회사 세화기계(충청남도 서산시),세화기계(주)[00679703] 경상북도 경주시 | 세화기계(주)[00303581] 광주광역시 광산구 | 주식회사 세화기계[00364591] 충청남도 서산시
c2256,송도산업,서구,개별입지,hq_elsewhere,본사 타지역: 송도산업주식회사(경기도 화성시); 주식회사 송도산업(충청북도 청주시),송도산업주식회사[01329498] 경기도 화성시 | 주식회사 송도산업[01689725] 충청북도 청주시
c9000,송림산업,달성군,개별입지,hq_elsewhere,본사 타지역: 송림산업(주)(충청남도 천안),송림산업(주)[00500388] 충청남도 천안
c4379,수성테크,북구,개별입지,hq_elsewhere,본사 타지역: 수성테크(주)(경상남도 창원시),수성테크(주)[01022568] 경상남도 창원시
c0760,스마일테크,서구,개별입지,hq_elsewhere,본사 타지역: (주)스마일테크(충청북도 청주시),(주)스마일테크[02021265] 충청북도 청주시
c2809,신광전기,북구,개별입지,hq_elsewhere,본사 타지역: 신광전기주식회사(충청남도 아산시),신광전기주식회사[00135704] 충청남도 아산시
c8882,신명전기(주),달성군,개별입지,hq_elsewhere,본사 타지역: 주식회사  신명전기(경기도 김포시),주식회사  신명전기[01826104] 경기도 김포시
c2812,신성사,북구,개별입지,hq_elsewhere,본사 타지역: (주)신성사(경상남도 김해시),(주)신성사[00659338] 경상남도 김해시
c3002,신성산업,북구,개별입지,hq_elsewhere,본사 타지역: 신성산업(주)(경기도 시흥시); 신성산업 주식회사(경상북도 영천시); (주)신성산업(충청북도 음성군),신성산업(주)[00988197] 경기도 시흥시 | 신성산업 주식회사[01133758] 경상북도 영천시 | (주)신성산업[00523088] 충청북도 음성군 | 주식회사 신성산업[02049696] 경상남도 사천시
c8390,신영정밀,달서구,개별입지,hq_elsewhere,본사 타지역: 신영정밀 주식회사(충청북도 청주시),신영정밀 주식회사[01370544] 충청북도 청주시
c0050,신우금속,중구,개별입지,hq_elsewhere,본사 타지역: (주)신우금속(경상북도 고령군); 신우금속(주)(경상남도 함안군); 주식회사 신우금속(경기도 남양주시),(주)신우금속[00965099] 경상북도 고령군 | 신우금속(주)[00873895] 경상남도 함안군 | 주식회사 신우금속[01916601] 경기도 남양주시
c10331,신우이엔지,달성군,개별입지,hq_elsewhere,본사 타지역: 신우이엔지(주)(서울특별시 금천구); 주식회사 신우이엔지(경기도 평택시),신우이엔지(주)[00489605] 서울특별시 금천구 | 주식회사 신우이엔지[01735176] 경기도 평택시
c9133,신우특수강,달성군,개별입지,hq_elsewhere,본사 타지역: (주)신우특수강(부산광역시 강서구),(주)신우특수강[00487218] 부산광역시 강서구
c3788,신원정공,북구,개별입지,hq_elsewhere,본사 타지역: (주)신원정공(경기도 화성시),(주)신원정공[00677103] 경기도 화성시
c8828,신화테크,달성군,개별입지,hq_elsewhere,본사 타지역: 주식회사 신화테크(경상북도 포항시); (주)신화테크(울산광역시 북구),주식회사 신화테크[00678582] 경상북도 포항시 | (주)신화테크[01087361] 울산광역시 북구
c3797,신흥산업,북구,개별입지,hq_elsewhere,본사 타지역: 주식회사 신흥산업(경기도 안산시); 주식회사 신흥산업(울산광역시 울주군); 신흥산업(주)(경기도 김포시),주식회사 신흥산업[00137942] 경기도 안산시 | 주식회사 신흥산업[01231704] 울산광역시 울주군 | 신흥산업(주)[01209811] 경기도 김포시
c8582,씨앤디(C&D),달서구,개별입지,hq_elsewhere,본사 타지역: (주)씨앤디(경기도 고양시),(주)씨앤디[01664188] 경기도 고양시
c3801,씨앤에이치테크,북구,개별입지,hq_elsewhere,본사 타지역: 주식회사 씨앤에이치테크(경기도 화성시),주식회사 씨앤에이치테크[01451520] 경기도 화성시
c8810,씨엔아이엔지니어링,달성군,개별입지,hq_elsewhere,본사 타지역: (주)씨엔아이엔지니어링(서울특별시 강남구),(주)씨엔아이엔지니어링[01776030] 서울특별시 강남구
c0764,아스코,서구,개별입지,hq_elsewhere,본사 타지역: 주식회사 아스코(경기도 광주시),주식회사 아스코[01307140] 경기도 광주시
c9136,아이에스테크,달성군,개별입지,hq_elsewhere,본사 타지역: (주)아이에스테크(전라북도 군산시),(주)아이에스테크[00362195] 전라북도 군산시
c10333,아이엔티,달성군,개별입지,hq_elsewhere,본사 타지역: (주)아이엔티(경상북도 구미시); (주)아이엔티(울산광역시 남구),(주)아이엔티[01018875] 경상북도 구미시 | (주)아이엔티[01210640] 울산광역시 남구
c10375,아이엠텍(주),달성군,개별입지,hq_elsewhere,본사 타지역: (주)아이엠텍(경기도 파주시); (주)아이엠텍(경기도 오산시),(주)아이엠텍[00809517] 경기도 파주시 | (주)아이엠텍[01075302] 경기도 오산시
c2822,아이플렉스,북구,개별입지,hq_elsewhere,본사 타지역: 주식회사 아이플렉스(경기도 안산시),주식회사 아이플렉스[00921581] 경기도 안산시
c3814,아진테크,북구,개별입지,hq_elsewhere,본사 타지역: 아진테크 주식회사(부산광역시 강서구),아진테크 주식회사[02020257] 부산광역시 강서구
c11155,알에스이(주),군위군,개별입지,hq_elsewhere,본사 타지역: 주식회사 알에스이(경상북도 구미시),주식회사 알에스이[02028921] 경상북도 구미시
c0876,애드라인,서구,개별입지,hq_elsewhere,본사 타지역: 주식회사 애드라인(서울특별시 강남구),주식회사 애드라인[00608060] 서울특별시 강남구
c9040,에스비테크,달성군,개별입지,hq_elsewhere,본사 타지역: 주식회사 에스비테크(충청북도 음성군),주식회사 에스비테크[00355450] 충청북도 음성군
c2306,에스엠산업,서구,개별입지,hq_elsewhere,본사 타지역: (주)에스엠산업(부산광역시 부산진구),(주)에스엠산업[01100185] 부산광역시 부산진구
c7911,에스엠테크놀로지,달서구,개별입지,hq_elsewhere,본사 타지역: (주)에스엠테크놀로지(서울특별시 영등포구),(주)에스엠테크놀로지[00459695] 서울특별시 영등포구
c9697,에스와이테크,달성군,개별입지,hq_elsewhere,본사 타지역: (주)에스와이테크(경기도 성남시); (주)에스와이테크(충청남도 천안시),(주)에스와이테크[01306381] 경기도 성남시 | (주)에스와이테크[00867964] 충청남도 천안시
c5116,에이스테크,북구,개별입지,hq_elsewhere,본사 타지역: 에이스테크 주식회사(울산광역시 북구); 에이스테크(광주광역시 광산구); (주)에이스테크(경기도 화성시),에이스테크 주식회사[01454235] 울산광역시 북구 | 에이스테크[01538315] 광주광역시 광산구 | (주)에이스테크[00648615] 경기도 화성시 | 주식회사 에이스테크[01645086] 충청남도 서산시 | (주)에이스테크놀로지[00556907] 인천광역시 연수구
c0366,에이치에스테크(HS TECH),동구,개별입지,hq_elsewhere,본사 타지역: 에이치에스테크(주)(경상북도 경산시); 에이치에스테크주식회사(경기도 용인시); 에이치에스테크 주식회사(경기도 성남시),에이치에스테크(주)[01661455] 경상북도 경산시 | 에이치에스테크주식회사[01079627] 경기도 용인시 | 에이치에스테크 주식회사[01751493] 경기도 성남시
c2828,에이치제이테크,북구,개별입지,hq_elsewhere,본사 타지역: 주식회사에이치제이테크(경상남도 창원시),주식회사에이치제이테크[01777367] 경상남도 창원시
c9549,에이텍,달성군,개별입지,hq_elsewhere,본사 타지역: (주)에이텍(경기도 평택시); 에이텍(주)(대전광역시 대덕구); 주식회사에이텍(ATEC)(충청남도 천안시),(주)에이텍[00368551] 경기도 평택시 | 에이텍(주)[00133007] 대전광역시 대덕구 | 주식회사에이텍(ATEC)[00972734] 충청남도 천안시 | 주식회사 에이텍[01496338] 경상남도 김해시 | (주) 에이텍[00226963] 대전광역시 대덕구 | (주)에이텍[00256502] 경기도 성남시
c0265,엔시스 주식회사,동구,개별입지,hq_elsewhere,본사 타지역: (주)엔시스(충청남도 아산시),(주)엔시스[01310773] 충청남도 아산시
c4385,엘앤비(L&B),북구,개별입지,hq_elsewhere,본사 타지역: 주식회사 엘앤비(경기도 안성시),주식회사 엘앤비[01695717] 경기도 안성시
c2834,영인산업,북구,개별입지,hq_elsewhere,본사 타지역: 영인산업(주)(대전광역시 서구),영인산업(주)[01457065] 대전광역시 서구
c11113,영풍산업,군위군,개별입지,hq_elsewhere,본사 타지역: 영풍산업주식회사(서울특별시 서초구),영풍산업주식회사[00141334] 서울특별시 서초구
c0154,온새미로,중구,개별입지,hq_elsewhere,본사 타지역: (주)온새미로(경기도 남양주시),(주)온새미로[01247422] 경기도 남양주시
c11159,우리스틸(주),군위군,개별입지,hq_elsewhere,본사 타지역: (주)우리스틸(경기도 안양시); 우리스틸(주)(경상남도 창녕군),(주)우리스틸[00821209] 경기도 안양시 | 우리스틸(주)[01016743] 경상남도 창녕군
c0775,우성기업,서구,개별입지,hq_elsewhere,본사 타지역: 주식회사 우성기업(경기도 시흥시); (주)우성기업(충청남도 천안시); 주식회사 우성기업 (경상남도 함안군),주식회사 우성기업[00577104] 경기도 시흥시 | (주)우성기업[00860466] 충청남도 천안시 | 주식회사 우성기업 [01730968] 경상남도 함안군 | 우성기업(주)[01875623] 경기도 화성시
c2840,우성산업,북구,개별입지,hq_elsewhere,본사 타지역: 우성산업(주)(부산광역시 동구); 우성산업 주식회사(경기도 파주시); 주식회사 우성산업(경상북도 칠곡군),우성산업(주)[00142670] 부산광역시 동구 | 우성산업 주식회사[00359508] 경기도 파주시 | 주식회사 우성산업[02021690] 경상북도 칠곡군
c9144,우성정공,달성군,개별입지,hq_elsewhere,본사 타지역: 우성정공(주)(경상남도 진주시); (주)우성정공(광주광역시 북구),우성정공(주)[01726372] 경상남도 진주시 | (주)우성정공[00806176] 광주광역시 북구
c2356,우진산업,달성군,개별입지,hq_elsewhere,본사 타지역: 우진산업(주)(전라남도 목포시); 우진산업(주)(경상남도 창원시); (주)우진산업(경상남도 함안군),우진산업(주)[00369152] 전라남도 목포시 | 우진산업(주)[00673222] 경상남도 창원시 | (주)우진산업[01407750] 경상남도 함안군 | 우진산업 주식회사[00229924] 서울특별시 서초구 | 주식회사 우진산업[00524768] 경기도 김포시
c9145,우창산업,달성군,개별입지,hq_elsewhere,본사 타지역: 우창산업 주식회사(경기도 성남시),우창산업 주식회사[00622714] 경기도 성남시
c9552,원풍산업,달성군,개별입지,hq_elsewhere,본사 타지역: 주식회사 원풍산업(부산광역시 기장군),주식회사 원풍산업[00566162] 부산광역시 기장군
c2847,월드아이,북구,개별입지,hq_elsewhere,본사 타지역: 주식회사 월드아이(서울특별시 용산구),주식회사 월드아이[01223750] 서울특별시 용산구
c0066,위니아,중구,개별입지,hq_elsewhere,본사 타지역: (주)위니아(광주광역시 광산구),(주)위니아[00300557] 광주광역시 광산구
c8938,위더스,달성군,개별입지,hq_elsewhere,본사 타지역: 위더스(경기도 용인시); (주)위더스(충청북도 괴산군); 위더스(경기도 수원시),위더스[00939191] 경기도 용인시 | (주)위더스[00776529] 충청북도 괴산군 | 위더스[01372612] 경기도 수원시 | (주)위더스[01581946] 경상북도 안동시 | 주식회사 위더스[01747913] 전라남도 순천시
c10337,유니테크,달성군,개별입지,hq_elsewhere,본사 타지역: (주)유니테크(전라남도 광양시); (주) 유니테크(경기도 안산시); 주식회사 유니테크(경기도 평택시),(주)유니테크[01462225] 전라남도 광양시 | (주) 유니테크[00566199] 경기도 안산시 | 주식회사 유니테크[00609430] 경기도 평택시
c2644,유성기업,북구,개별입지,hq_elsewhere,본사 타지역: 유성기업(주)(충청남도 아산시),유성기업(주)[00174004] 충청남도 아산시
c7419,유성산업,달성군,개별입지,hq_elsewhere,본사 타지역: 유성산업 주식회사(충청북도 충주시); 유성산업주식회사(부산광역시 연제구); 유성산업(주)(경기도 평택시),유성산업 주식회사[00666000] 충청북도 충주시 | 유성산업주식회사[00144599] 부산광역시 연제구 | 유성산업(주)[01651476] 경기도 평택시
c8885,유성정밀,달성군,개별입지,hq_elsewhere,본사 타지역: 유성정밀(주)(경상남도 창원시); (주)유성정밀(부산광역시 사상구); (주)유성정밀(경상남도 사천시),유성정밀(주)[00433989] 경상남도 창원시 | (주)유성정밀[00840383] 부산광역시 사상구 | (주)유성정밀[01647297] 경상남도 사천시
c0782,유신,서구,개별입지,hq_elsewhere,본사 타지역: (주)유신(경기도 용인시); (주)유신(경상남도 거제시); (주)유신(서울특별시 동작구),(주)유신[00887667] 경기도 용인시 | (주)유신[01590360] 경상남도 거제시 | (주)유신[00144650] 서울특별시 동작구
c2852,유일테크,북구,개별입지,hq_elsewhere,본사 타지역: (주)유일테크(경기도 파주시),(주)유일테크[00545868] 경기도 파주시
c7917,유진테크,달서구,개별입지,hq_elsewhere,본사 타지역: (주)유진테크(경기도 용인시),(주)유진테크[00531014] 경기도 용인시
c3929,유창산업,북구,개별입지,hq_elsewhere,본사 타지역: 유창산업주식회사(부산광역시 중구); 유창산업주식회사(서울특별시 강남구),유창산업주식회사[00885599] 부산광역시 중구 | 유창산업주식회사[00145011] 서울특별시 강남구
c2854,윤금사,북구,개별입지,hq_elsewhere,본사 타지역: 주식회사 윤금사(경상북도 구미시),주식회사 윤금사[02013707] 경상북도 구미시
c9553,은성,달성군,개별입지,hq_elsewhere,본사 타지역: 주식회사 은성(서울특별시 서초구); 주식회사 은성(경상남도 창원시); 주식회사 은성(세종특별자치시 한누리대로),주식회사 은성[00928353] 서울특별시 서초구 | 주식회사 은성[00510181] 경상남도 창원시 | 주식회사 은성[01071069] 세종특별자치시 한누리대로
c8584,이노텍,달서구,개별입지,hq_elsewhere,본사 타지역: 이노텍(주)(인천광역시 남동구),이노텍(주)[00562689] 인천광역시 남동구
c0786,이엘피(영명정기),서구,개별입지,hq_elsewhere,본사 타지역: (주)이엘피(경기도 화성시),(주)이엘피[00374020] 경기도 화성시
c9147,이엠테크,달성군,개별입지,hq_elsewhere,본사 타지역: 주식회사 이엠테크(경기도 안양시); 주식회사이엠테크(충청남도 서산시); (주)이엠테크(전라북도 완주군),주식회사 이엠테크[00911292] 경기도 안양시 | 주식회사이엠테크[00973070] 충청남도 서산시 | (주)이엠테크[01160196] 전라북도 완주군 | 주식회사 이엠테크[01476936] 전라남도 광양시
c10338,이지테크,달성군,개별입지,hq_elsewhere,본사 타지역: (주)이지테크(경기도 시흥시); (주)이지테크(전라남도 광양시),(주)이지테크[01084610] 경기도 시흥시 | (주)이지테크[00766027] 전라남도 광양시
c2857,일성산업,달성군,개별입지,hq_elsewhere,본사 타지역: (주)일성산업(경기도 김포시); (주)일성산업(경상북도 성주군),(주)일성산업[01666122] 경기도 김포시 | (주)일성산업[01304523] 경상북도 성주군
c9555,일성테크,달성군,개별입지,hq_elsewhere,본사 타지역: (주)일성테크(경상남도 창원시); (주)일성테크(경상북도 칠곡군),(주)일성테크[00929149] 경상남도 창원시 | (주)일성테크[01735662] 경상북도 칠곡군
c8847,정우산업,달성군,개별입지,hq_elsewhere,본사 타지역: (주)정우산업(경상남도 김해시); (주)정우산업(충청남도 논산시); 주식회사 정우산업(경상북도 영천시),(주)정우산업[01415476] 경상남도 김해시 | (주)정우산업[01032839] 충청남도 논산시 | 주식회사 정우산업[01682102] 경상북도 영천시
c0883,정우섬유,서구,개별입지,hq_elsewhere,본사 타지역: 주식회사 정우섬유(서울특별시 성동구),주식회사 정우섬유[00875468] 서울특별시 성동구
c2864,정원산업,달서구,개별입지,hq_elsewhere,본사 타지역: 주식회사 정원산업(전라남도 영암군); 정원산업주식회사(울산광역시 북구); 정원산업(주)(전라남도 영암군),주식회사 정원산업[01100404] 전라남도 영암군 | 정원산업주식회사[00962038] 울산광역시 북구 | 정원산업(주)[02021131] 전라남도 영암군
c3985,제세엔지니어링,북구,개별입지,hq_elsewhere,본사 타지역: (주)제세엔지니어링(서울특별시 서초구),(주)제세엔지니어링[00923491] 서울특별시 서초구
c10383,제이아이씨,달성군,개별입지,hq_elsewhere,본사 타지역: 제이아이씨(주)(충청북도 진천군),제이아이씨(주)[01509863] 충청북도 진천군
c0344,제이에스(JS),동구,개별입지,hq_elsewhere,본사 타지역: 제이에스(주)(경기도 이천시); 주식회사 제이에스(제주특별자치도 제주시); (주)제이에스(경기도 수원시),제이에스(주)[00246189] 경기도 이천시 | 주식회사 제이에스[01294837] 제주특별자치도 제주시 | (주)제이에스[01403046] 경기도 수원시 | (주)제이에스[00927433] 경기도 안양시 | 주식회사 제이에스[01917275] 경상북도 칠곡군
c9556,제이에스테크,달성군,개별입지,hq_elsewhere,본사 타지역: (주)제이에스테크(경상북도 구미시); (주)제이에스테크(충청남도 천안시); 제이에스테크주식회사(경상남도 사천시),(주)제이에스테크[01140138] 경상북도 구미시 | (주)제이에스테크[00671525] 충청남도 천안시 | 제이에스테크주식회사[00451994] 경상남도 사천시 | 주식회사 제이에스테크[01864308] 충청북도 제천시
c9175,제이엠테크,달성군,개별입지,hq_elsewhere,본사 타지역: (주)제이엠테크(경기도 김포시); 제이엠테크 주식회사(경기도 군포시); (주)제이엠테크(충청남도 금산군),(주)제이엠테크[00982403] 경기도 김포시 | 제이엠테크 주식회사[01648898] 경기도 군포시 | (주)제이엠테크[01838862] 충청남도 금산군 | (주)제이엠테크[01919389] 경상북도 구미시 | 주식회사 제이엠테크[01182037] 경상남도 김해시
c0268,제이엠텍,동구,개별입지,hq_elsewhere,본사 타지역: (주)제이엠텍(충청북도 청주시); 주식회사 제이엠텍(충청남도 아산시),(주)제이엠텍[01327612] 충청북도 청주시 | 주식회사 제이엠텍[01831115] 충청남도 아산시
c10339,제일산업,달성군,개별입지,hq_elsewhere,본사 타지역: 제일산업주식회사(강원도 홍천군); 제일산업(주)(서울특별시 강남구); 제일산업(주)(경기도 화성시),제일산업주식회사[00451958] 강원도 홍천군 | 제일산업(주)[00370097] 서울특별시 강남구 | 제일산업(주)[00148373] 경기도 화성시 | 제일산업(주)[01863558] 경상북도 영주시
c2875,좋은날,북구,개별입지,hq_elsewhere,본사 타지역: (주)좋은날(광주광역시 북구); 주식회사 좋은날(충청남도 공주시),(주)좋은날[01149908] 광주광역시 북구 | 주식회사 좋은날[01383830] 충청남도 공주시
c5220,주식회사 경남테크,수성구,개별입지,hq_elsewhere,본사 타지역: 경남테크주식회사(경상남도 창원시),경남테크주식회사[00246994] 경상남도 창원시
c0132,주식회사 경성,중구,개별입지,hq_elsewhere,본사 타지역: 주식회사 경성(제주특별자치도 서귀포시),주식회사 경성[01404805] 제주특별자치도 서귀포시
c0055,주식회사 금창산업,서구,개별입지,hq_elsewhere,본사 타지역: 금창산업 주식회사(전라남도 순천시),금창산업 주식회사[00972114] 전라남도 순천시
c0534,주식회사 기린,동구,개별입지,hq_elsewhere,본사 타지역: 주식회사 기린(경기도 고양시); (주)기린(부산광역시 기장군),주식회사 기린[00784759] 경기도 고양시 | (주)기린[00106508] 부산광역시 기장군
c5186,주식회사 다물,북구,개별입지,hq_elsewhere,본사 타지역: (주)다물(경상북도 경주시),(주)다물[00814458] 경상북도 경주시
c9044,주식회사 대경레미콘,달성군,개별입지,hq_elsewhere,본사 타지역: 주식회사 대경레미콘(경상북도 고령군),주식회사 대경레미콘[00838494] 경상북도 고령군
c2878,주식회사 대성하이테크,북구,개별입지,hq_elsewhere,본사 타지역: (주)대성하이테크(충청남도 천안시),(주)대성하이테크[00877545] 충청남도 천안시
c0169,주식회사 대진,동구,개별입지,hq_elsewhere,본사 타지역: (주)대진(부산광역시 북구); (주)대진(전라남도 광양시); 주식회사 대진(경기도 안산시),(주)대진[01370614] 부산광역시 북구 | (주)대진[01463880] 전라남도 광양시 | 주식회사 대진[00529824] 경기도 안산시 | (주) 대진[00603889] 충청남도 아산시 | (주)대진[01734821] 경상남도 양산시 | 주식회사 대진[01353246] 경기도 파주시 | 주식회사 대진[01926121] 경기도 용인시
c4991,주식회사 대한테크,북구,개별입지,hq_elsewhere,본사 타지역: 대한테크 유한회사(경기도 안산시); 대한테크(경기도 안산시); 대한테크(주)(경상남도 진주시),대한테크 유한회사[01213823] 경기도 안산시 | 대한테크[01296622] 경기도 안산시 | 대한테크(주)[01816930] 경상남도 진주시
c5199,주식회사 동양테크,수성구,개별입지,hq_elsewhere,본사 타지역: (주)동양테크(경상북도 경주시),(주)동양테크[01894017] 경상북도 경주시
c10385,주식회사 동해,달성군,개별입지,hq_elsewhere,본사 타지역: 주식회사동해(전라남도 순천시),주식회사동해[00412001] 전라남도 순천시
c5189,주식회사 디엔비,수성구,개별입지,hq_elsewhere,본사 타지역: 주식회사 디엔비(경기도 고양시),주식회사 디엔비[02034861] 경기도 고양시
c0577,주식회사 메덱스,서구,개별입지,hq_elsewhere,본사 타지역: (주)메덱스(경기도 성남시),(주)메덱스[00923765] 경기도 성남시
c10158,주식회사 미래컨테이너,달성군,개별입지,hq_elsewhere,본사 타지역: 미래컨테이너 주식회사(서울특별시 영등포구),미래컨테이너 주식회사[01593376] 서울특별시 영등포구
c2883,주식회사 범우,북구,개별입지,hq_elsewhere,본사 타지역: 주식회사 범우(경기도 광주시); 주식회사 범우(광주광역시 광산구); (주)범우(울산광역시 울주군),주식회사 범우[00511719] 경기도 광주시 | 주식회사 범우[00456157] 광주광역시 광산구 | (주)범우[00192967] 울산광역시 울주군 | 주식회사 범우[00122755] 서울특별시 서초구
c4031,주식회사 베스트개발,북구,개별입지,hq_elsewhere,본사 타지역: 베스트개발(주)(충청남도 천안시),베스트개발(주)[00695905] 충청남도 천안시
c8848,주식회사 삼광기업,달성군,개별입지,hq_elsewhere,본사 타지역: 삼광기업주식회사(경기도 수원시); 삼광기업주식회사(강원도 홍천군); 삼광기업(주)(서울특별시 서초구),삼광기업주식회사[00408150] 경기도 수원시 | 삼광기업주식회사[00225797] 강원도 홍천군 | 삼광기업(주)[01637865] 서울특별시 서초구
c2884,주식회사 삼신,북구,개별입지,hq_elsewhere,본사 타지역: 주식회사 삼신(울산광역시 남구); 주식회사 삼신(전라북도 군산시); 주식회사 삼신(충청북도 청주시),주식회사 삼신[00839101] 울산광역시 남구 | 주식회사 삼신[01065217] 전라북도 군산시 | 주식회사 삼신[01317147] 충청북도 청주시 | 주식회사 삼신[00253435] 서울특별시 금천구 | (주)삼신[00173281] 충청남도 천안시 | 주식회사 삼신[01773538] 충청남도 보령시 | (주)삼신[02007238] 경상북도 포항시 | (주)삼신[02006664] 경기도 화성시
c5107,주식회사 서경,북구,개별입지,hq_elsewhere,본사 타지역: (주)서경(부산광역시 중구); (주)서경(경상남도 진주시); 주식회사 서경(충청북도 진천군),(주)서경[00940717] 부산광역시 중구 | (주)서경[00924773] 경상남도 진주시 | 주식회사 서경[00566834] 충청북도 진천군
c0888,주식회사 성진기업,서구,개별입지,hq_elsewhere,본사 타지역: 성진기업(주)(경기도 여주시); 성진기업 주식회사(경기도 화성시); 주식회사 성진기업 (경기도 화성시),성진기업(주)[01142039] 경기도 여주시 | 성진기업 주식회사[01479702] 경기도 화성시 | 주식회사 성진기업 [01805396] 경기도 화성시
c10340,주식회사 수성이앤씨,달성군,개별입지,hq_elsewhere,본사 타지역: (주) 수성이앤씨(전라남도 신안군),(주) 수성이앤씨[00838157] 전라남도 신안군
c11090,주식회사 신농,군위군,개별입지,hq_elsewhere,본사 타지역: 주식회사 신농(서울특별시 서초구),주식회사 신농[00489614] 서울특별시 서초구
c0557,주식회사 씨원,동구,개별입지,hq_elsewhere,본사 타지역: 주식회사씨원(광주광역시 북구),주식회사씨원[01385315] 광주광역시 북구
c10297,주식회사 알텍,달성군,개별입지,hq_elsewhere,본사 타지역: (주)알텍(경기도 용인시); 알텍주식회사(광주광역시 광산구); (주)알텍(경상북도 영천시),(주)알텍[00430371] 경기도 용인시 | 알텍주식회사[01477254] 광주광역시 광산구 | (주)알텍[01143755] 경상북도 영천시
c5310,주식회사 애니텍,달서구,개별입지,hq_elsewhere,본사 타지역: (주)애니텍(경기도 평택시),(주)애니텍[01649912] 경기도 평택시
c4409,주식회사 에이치티솔루션,북구,개별입지,hq_elsewhere,본사 타지역: 주식회사 에이치티솔루션(경기도 평택시),주식회사 에이치티솔루션[01736634] 경기도 평택시
c0035,주식회사 연,중구,개별입지,hq_elsewhere,본사 타지역: 주식회사 연(전북특별자치도 익산시),주식회사 연[01829420] 전북특별자치도 익산시
c0251,주식회사 이에스,동구,개별입지,hq_elsewhere,본사 타지역: (주)이에스(충청북도 청주시); (주)이에스(경기도 시흥시),(주)이에스[01076639] 충청북도 청주시 | (주)이에스[01372092] 경기도 시흥시
c0346,주식회사 자우버,동구,개별입지,hq_elsewhere,본사 타지역: 주식회사 자우버(충청남도 계룡시),주식회사 자우버[01727982] 충청남도 계룡시
c0006,주식회사 제이와이씨,중구,개별입지,hq_elsewhere,본사 타지역: (주)제이와이씨(경기도 안양시); 주식회사 제이와이씨(경기도 용인시),(주)제이와이씨[00493176] 경기도 안양시 | 주식회사 제이와이씨[01731231] 경기도 용인시
c4053,주식회사 제이이티,북구,개별입지,hq_elsewhere,본사 타지역: (주)제이이티(경상북도 성주군),(주)제이이티[01823329] 경상북도 성주군
c5202,주식회사 제일테크,수성구,개별입지,hq_elsewhere,본사 타지역: 제일테크주식회사(경기도 평택시); (주) 제일테크(세종특별자치시 소정면); 주식회사제일테크(경기도 양주시),제일테크주식회사[01565586] 경기도 평택시 | (주) 제일테크[01256208] 세종특별자치시 소정면 | 주식회사제일테크[00287663] 경기도 양주시
c0073,주식회사 지구,중구,개별입지,hq_elsewhere,본사 타지역: 주식회사 지구(경기도 고양시),주식회사 지구[00150110] 경기도 고양시
c4411,주식회사 지엘,북구,개별입지,hq_elsewhere,본사 타지역: 지엘(경기도 고양시); (주)지엘(경기도 군포시); 주식회사 지엘(경기도 용인시),지엘[00927239] 경기도 고양시 | (주)지엘[00806608] 경기도 군포시 | 주식회사 지엘[00766823] 경기도 용인시
c10342,주식회사 코마스,달성군,개별입지,hq_elsewhere,본사 타지역: 주식회사 코마스(울산광역시 동구); (주)코마스(서울특별시 종로구),주식회사 코마스[00687845] 울산광역시 동구 | (주)코마스[00370990] 서울특별시 종로구
c7071,주식회사 코스코,달서구,개별입지,hq_elsewhere,본사 타지역: 주식회사코스코(경상남도 거제시),주식회사코스코[01025112] 경상남도 거제시
c4416,주식회사 티앤제이,북구,개별입지,hq_elsewhere,본사 타지역: 주식회사 티앤제이(세종특별자치시 마음로),주식회사 티앤제이[01435443] 세종특별자치시 마음로
c4995,주식회사 파인테크윈,북구,개별입지,hq_elsewhere,본사 타지역: 주식회사 파인테크윈(부산광역시 금정구),주식회사 파인테크윈[01020560] 부산광역시 금정구
c9176,주식회사 포에스텍,달성군,개별입지,hq_elsewhere,본사 타지역: (주)포에스텍(경상남도 함안군),(주)포에스텍[00929495] 경상남도 함안군
c9754,주식회사 혜성,달성군,개별입지,hq_elsewhere,본사 타지역: 주식회사 혜성(전라북도 정읍시); (주)혜성(경상북도 영천시); (주)혜성(경기도 안성시),주식회사 혜성[00409849] 전라북도 정읍시 | (주)혜성[01137639] 경상북도 영천시 | (주)혜성[01683712] 경기도 안성시 | 주식회사 혜성[01038833] 경기도 의왕시
c0803,주식회사경민,서구,개별입지,hq_elsewhere,본사 타지역: 주식회사 경민(부산광역시 해운대구); (주)경민(경기도 화성시),주식회사 경민[01224962] 부산광역시 해운대구 | (주)경민[00584812] 경기도 화성시
c11132,주식회사글로벌탑스,군위군,개별입지,hq_elsewhere,본사 타지역: 주식회사 글로벌탑스(서울특별시 구로구),주식회사 글로벌탑스[01895371] 서울특별시 구로구
c5132,중앙레포츠,북구,개별입지,hq_elsewhere,본사 타지역: (주)중앙레포츠(부산광역시 남구),(주)중앙레포츠[00497190] 부산광역시 남구
c9017,중앙리빙샤시,달성군,개별입지,hq_elsewhere,본사 타지역: (주)중앙리빙샤시(경기도 양주시),(주)중앙리빙샤시[00569910] 경기도 양주시
c0805,중일산업,서구,개별입지,hq_elsewhere,본사 타지역: (주)중일산업(인천광역시 남동구),(주)중일산업[01254255] 인천광역시 남동구
c9557,진선섬유,달성군,개별입지,hq_elsewhere,본사 타지역: 진선섬유 (주)(경상북도 경산시),진선섬유 (주)[00524573] 경상북도 경산시
c0269,진성산업,동구,개별입지,hq_elsewhere,본사 타지역: 진성산업주식회사(경상북도 포항시); 진성산업 주식회사(경기도 안성시); 진성산업(주)(경상남도 창원시),진성산업주식회사[00519322] 경상북도 포항시 | 진성산업 주식회사[00872601] 경기도 안성시 | 진성산업(주)[01018370] 경상남도 창원시
c10348,진성테크,달성군,개별입지,hq_elsewhere,본사 타지역: 진성테크(주)(인천광역시 남동구); 진성테크(주)(경기도 용인시); (주)진성테크(경기도 김포시),진성테크(주)[00641418] 인천광역시 남동구 | 진성테크(주)[01140518] 경기도 용인시 | (주)진성테크[00926346] 경기도 김포시
c8941,진양물산,달성군,개별입지,hq_elsewhere,본사 타지역: 진양물산(주)(부산광역시 부산진구),진양물산(주)[00595535] 부산광역시 부산진구
c9558,진영글로벌(주),달성군,개별입지,hq_elsewhere,본사 타지역: 주식회사 진영글로벌(경기도 화성시); 진영글로벌주식회사(경상북도 성주군),주식회사 진영글로벌[00486291] 경기도 화성시 | 진영글로벌주식회사[01374151] 경상북도 성주군
c0809,진영금속,서구,개별입지,hq_elsewhere,본사 타지역: (주)진영금속(부산광역시 강서구),(주)진영금속[01379800] 부산광역시 강서구
c10201,진영산업,달성군,개별입지,hq_elsewhere,본사 타지역: (주)진영산업(경상북도 칠곡군); 진영산업(주)(충청남도 아산시); (주)진영산업(경상남도 김해시),(주)진영산업[00310934] 경상북도 칠곡군 | 진영산업(주)[00236173] 충청남도 아산시 | (주)진영산업[01252460] 경상남도 김해시 | 진영산업(주)[00174217] 경기도 안산시
c4419,진우산업,북구,개별입지,hq_elsewhere,본사 타지역: 진우산업 유한회사(경기도 성남시),진우산업 유한회사[01509003] 경기도 성남시
c11173,진웅,군위군,개별입지,hq_elsewhere,본사 타지역: 주식회사 진웅(울산광역시 북구),주식회사 진웅[01295058] 울산광역시 북구
c2908,진테크,북구,개별입지,hq_elsewhere,본사 타지역: 진테크(주)(충청남도 아산시),진테크(주)[00665986] 충청남도 아산시
c10115,창신섬유,달성군,개별입지,hq_elsewhere,본사 타지역: 주식회사 창신섬유(부산광역시 사하구); 창신섬유주식회사(서울특별시 노원구),주식회사 창신섬유[00327314] 부산광역시 사하구 | 창신섬유주식회사[00364290] 서울특별시 노원구
c7408,천일기계,달서구,개별입지,hq_elsewhere,본사 타지역: (주)천일기계(경상남도 김해시),(주)천일기계[01300484] 경상남도 김해시
c2587,청명산업,서구,개별입지,hq_elsewhere,본사 타지역: (주)청명산업(경상북도 포항시); (주)청명산업(경기도 고양시),(주)청명산업[00914703] 경상북도 포항시 | (주)청명산업[02017998] 경기도 고양시
c0819,칠성산업,달성군,개별입지,hq_elsewhere,본사 타지역: 칠성산업(주)(부산광역시 강서구); 칠성산업(주)(경상남도 창원시),칠성산업(주)[00870755] 부산광역시 강서구 | 칠성산업(주)[01472745] 경상남도 창원시
c8943,케이 엠,달성군,개별입지,hq_elsewhere,본사 타지역: (주)케이엠(전라북도 군산시); (주)케이엠(전라남도 여수시); (주)케이엠(경기도 안성시),(주)케이엠[00522469] 전라북도 군산시 | (주)케이엠[01643088] 전라남도 여수시 | (주)케이엠[00242934] 경기도 안성시
c4423,케이알에스,북구,개별입지,hq_elsewhere,본사 타지역: (주)케이알에스(부산광역시 서구),(주)케이알에스[01477421] 부산광역시 서구
c5031,케이피이,북구,개별입지,hq_elsewhere,본사 타지역: 케이피이 주식회사(부산광역시 기장군); (주)케이피이(경상남도 창원시),케이피이 주식회사[00866716] 부산광역시 기장군 | (주)케이피이[00571401] 경상남도 창원시
c9057,코리아테크,달성군,개별입지,hq_elsewhere,본사 타지역: 코리아테크주식회사(경상남도 창원시); 코리아테크 주식회사(경기도 안성시); (주)코리아테크(부산광역시 강서구),코리아테크주식회사[00922474] 경상남도 창원시 | 코리아테크 주식회사[01368497] 경기도 안성시 | (주)코리아테크[01025167] 부산광역시 강서구 | (주)코리아테크[00818250] 경기도 안양시 | (주)코리아테크[01077489] 서울특별시 강남구
c10116,태광공업,달성군,개별입지,hq_elsewhere,본사 타지역: 태광공업(주)(경기도 안산시); 주식회사 태광공업(경상북도 칠곡군),태광공업(주)[00412579] 경기도 안산시 | 주식회사 태광공업[01175675] 경상북도 칠곡군
c10265,태산산업,달성군,개별입지,hq_elsewhere,본사 타지역: (주)태산산업(경상북도 칠곡군),(주)태산산업[00666134] 경상북도 칠곡군
c2923,태양금속,북구,개별입지,hq_elsewhere,본사 타지역: (주)태양금속(부산광역시 사상구),(주)태양금속[01029464] 부산광역시 사상구
c8892,태양화섬,달성군,개별입지,hq_elsewhere,본사 타지역: 태양화섬(주)(서울특별시 종로구),태양화섬(주)[00210254] 서울특별시 종로구
c0305,태일산업,동구,개별입지,hq_elsewhere,본사 타지역: 태일산업(주)(충청남도 아산시),태일산업(주)[01156768] 충청남도 아산시
c8911,태창산업,달성군,개별입지,hq_elsewhere,본사 타지역: 태창산업주식회사(인천광역시 남동구); 태창산업(주)(충청북도 음성군); 태창산업(주)(충청남도 공주시),태창산업주식회사[00303712] 인천광역시 남동구 | 태창산업(주)[01771433] 충청북도 음성군 | 태창산업(주)[01131981] 충청남도 공주시
c2924,태화금속,달성군,개별입지,hq_elsewhere,본사 타지역: 태화금속 주식회사(인천광역시 서구),태화금속 주식회사[00480172] 인천광역시 서구
c7081,테트라,달서구,개별입지,hq_elsewhere,본사 타지역: 주식회사 테트라(경기도 시흥시),주식회사 테트라[00834443] 경기도 시흥시
c5117,트리플에스 주식회사,북구,개별입지,hq_elsewhere,본사 타지역: 트리플에스주식회사(제주특별자치도 제주시),트리플에스주식회사[01364756] 제주특별자치도 제주시
c0826,티엔에프,서구,개별입지,hq_elsewhere,본사 타지역: (주)티엔에프(경기도 광주시),(주)티엔에프[01010998] 경기도 광주시
c9560,평산,달성군,개별입지,hq_elsewhere,본사 타지역: (주)평산(부산광역시 강서구); 주식회사 평산(충청남도 아산시); 주식회사 평산(경상남도 거제시),(주)평산[00220181] 부산광역시 강서구 | 주식회사 평산[00184445] 충청남도 아산시 | 주식회사 평산[02026969] 경상남도 거제시
c10266,평창산업(주),달성군,개별입지,hq_elsewhere,본사 타지역: 평창산업(주)(경기도 김포시); 평창산업(주)(서울특별시 강남구),평창산업(주)[00926939] 경기도 김포시 | 평창산업(주)[00521141] 서울특별시 강남구
c5171,평화,북구,개별입지,hq_elsewhere,본사 타지역: 주식회사 평화(경상북도 구미시); 주식회사 평화(경기도 안산시),주식회사 평화[00608486] 경상북도 구미시 | 주식회사 평화[00186993] 경기도 안산시
c9880,평화섬유,달성군,개별입지,hq_elsewhere,본사 타지역: 주식회사 평화섬유(경상북도 경산시),주식회사 평화섬유[00304377] 경상북도 경산시
c8854,프라임테크,달성군,개별입지,hq_elsewhere,본사 타지역: (주)프라임테크(전라남도 광양시),(주)프라임테크[00266208] 전라남도 광양시
c3011,하나정밀,북구,개별입지,hq_elsewhere,본사 타지역: 주식회사 하나정밀(인천광역시 남동구),주식회사 하나정밀[00499523] 인천광역시 남동구
c5204,하나텍,수성구,개별입지,hq_elsewhere,본사 타지역: 하나텍(경기도 화성시),하나텍[01637193] 경기도 화성시
c0138,학원사,중구,개별입지,hq_elsewhere,본사 타지역: 주식회사 학원사(서울특별시 서초구),주식회사 학원사[00156257] 서울특별시 서초구
c0046,한국산업안전,중구,개별입지,hq_elsewhere,본사 타지역: (주)한국산업안전(경상북도 포항시),(주)한국산업안전[01500312] 경상북도 포항시
c11164,한국전관 주식회사,군위군,개별입지,hq_elsewhere,본사 타지역: 한국전관(주)(경기도 군포시),한국전관(주)[01961993] 경기도 군포시
c10267,한서실업(주),달성군,개별입지,hq_elsewhere,본사 타지역: 한서실업주식회사(서울특별시 강남구),한서실업주식회사[00161736] 서울특별시 강남구
c4426,한성산업,달성군,개별입지,hq_elsewhere,본사 타지역: (주)한성산업(전라남도 광양시); (주)한성산업(전라북도 군산시); 한성산업(주)(부산광역시 사상구),(주)한성산업[00921642] 전라남도 광양시 | (주)한성산업[00692759] 전라북도 군산시 | 한성산업(주)[01661613] 부산광역시 사상구
c2931,한성프라임주식회사,북구,개별입지,hq_elsewhere,본사 타지역: (주)한성프라임(서울특별시 강남구),(주)한성프라임[01220124] 서울특별시 강남구
c0914,한일산업,달성군,개별입지,hq_elsewhere,본사 타지역: 한일산업 주식회사(전라남도 광양시); 한일산업(주)(경기도 시흥시); 한일산업주식회사(충청남도 아산시),한일산업 주식회사[00942326] 전라남도 광양시 | 한일산업(주)[01014480] 경기도 시흥시 | 한일산업주식회사[00538576] 충청남도 아산시 | 한일산업 주식회사[00162920] 서울특별시 서초구 | (주)한일산업[01211588] 경기도 화성시
c10270,현대기계,달성군,개별입지,hq_elsewhere,본사 타지역: (주)현대기계(경기도 시흥시),(주)현대기계[00575850] 경기도 시흥시
c11120,현대산업,군위군,개별입지,hq_elsewhere,본사 타지역: 주식회사 현대산업(충청남도 논산시); (주)현대산업(경기도 부천시); 현대산업(주)(전라남도 나주시),주식회사 현대산업[00232946] 충청남도 논산시 | (주)현대산업[00937351] 경기도 부천시 | 현대산업(주)[00164627] 전라남도 나주시 | 현대산업(주)[01175611] 충청북도 진천군 | 주식회사 현대산업[01310074] 경기도 시흥시
c2554,현대상사,서구,개별입지,hq_elsewhere,본사 타지역: 주식회사 현대상사(인천광역시 부평구),주식회사 현대상사[01836031] 인천광역시 부평구
c4429,현대스틸,북구,개별입지,hq_elsewhere,본사 타지역: 현대스틸(주)(경상남도 양산시); (주)현대스틸(경상남도 함안군),현대스틸(주)[00759975] 경상남도 양산시 | (주)현대스틸[00836636] 경상남도 함안군
c4430,현대엔지니어링,북구,개별입지,hq_elsewhere,본사 타지역: (주)현대엔지니어링(대전광역시 유성구); 현대엔지니어링(주)(서울특별시 종로구); (주)현대엔지니어링(부산광역시 남구),(주)현대엔지니어링[01229727] 대전광역시 유성구 | 현대엔지니어링(주)[00349927] 서울특별시 종로구 | (주)현대엔지니어링[01465666] 부산광역시 남구
c2940,협신,북구,개별입지,hq_elsewhere,본사 타지역: (주) 협 신(경기도 가평군),(주) 협 신[00813608] 경기도 가평군
c0841,혜성산업,서구,개별입지,hq_elsewhere,본사 타지역: 혜성산업주식회사(인천광역시 남동구),혜성산업주식회사[00638654] 인천광역시 남동구
c8947,화성산업,달성군,개별입지,hq_elsewhere,본사 타지역: (주)화성산업(경기도 화성시); 화성산업(주)(경상남도 함안군); 주식회사 화성산업(전라북도 군산시),(주)화성산업[01354892] 경기도 화성시 | 화성산업(주)[01372852] 경상남도 함안군 | 주식회사 화성산업[00166050] 전라북도 군산시
c2943,화신금속,북구,개별입지,hq_elsewhere,본사 타지역: 화신금속(경기도 안산시),화신금속[00516015] 경기도 안산시
c4279,화진정밀,북구,개별입지,hq_elsewhere,본사 타지역: 주식회사 화진정밀(경상남도 김해시),주식회사 화진정밀[00979047] 경상남도 김해시
c9566,효진테크,달성군,개별입지,hq_elsewhere,본사 타지역: (주)효진테크(서울특별시 용산구),(주)효진테크[00495253] 서울특별시 용산구
c10211,휴먼테크주식회사,달성군,개별입지,hq_elsewhere,본사 타지역: (주)휴먼테크(강원도 영월군); (주)휴먼테크(경상남도 함안군); 주식회사 휴먼테크(경기도 화성시),(주)휴먼테크[00330707] 강원도 영월군 | (주)휴먼테크[01919741] 경상남도 함안군 | 주식회사 휴먼테크[02005568] 경기도 화성시
c11022,(주)대명전선,군위군,군위농공단지,hq_elsewhere,본사 타지역: 대명전선(주)(전라북도 익산시),대명전선(주)[01137134] 전라북도 익산시
c11024,(주)디엠씨,군위군,군위농공단지,hq_elsewhere,본사 타지역: (주)디엠씨(강원도 강릉시); 주식회사 디엠씨(경기도 양주군); (주)디엠씨(광주광역시 광산구),(주)디엠씨[00605832] 강원도 강릉시 | 주식회사 디엠씨[00409520] 경기도 양주군 | (주)디엠씨[00519508] 광주광역시 광산구 | (주)디엠씨[01549533] 경기도 안산시 | 주식회사 디엠씨[00244640] 경기도 성남시 | 주식회사 디엠씨[01209112] 전라북도 군산시 | (주)디엠씨[01283992] 경기도 화성시
c11031,(주)세창글로벌,군위군,군위농공단지,hq_elsewhere,본사 타지역: (주)세창글로벌(대전광역시 대덕구),(주)세창글로벌[00984438] 대전광역시 대덕구
c11036,(주)용전,군위군,군위농공단지,hq_elsewhere,본사 타지역: 주식회사용전(경상북도 군위군),주식회사용전[01365603] 경상북도 군위군
c11037,(주)우리기술,군위군,군위농공단지,hq_elsewhere,본사 타지역: (주)우리기술(경상북도 포항시); (주)우리기술(서울특별시 마포구); 주식회사우리기술(인천광역시 연수구),(주)우리기술[01640300] 경상북도 포항시 | (주)우리기술[00231044] 서울특별시 마포구 | 주식회사우리기술[01928615] 인천광역시 연수구
c11038,(주)우진,군위군,군위농공단지,hq_elsewhere,본사 타지역: (주)우진(경상북도 문경시); (주)우진(경기도 화성시); 주식회사 우진(충청북도 진천군),(주)우진[01171776] 경상북도 문경시 | (주)우진[00173944] 경기도 화성시 | 주식회사 우진[01588107] 충청북도 진천군 | 주식회사 우진[01286449] 경상북도 경주시 | 주식회사 우진[01708677] 인천광역시 남동구 | 주식회사 우진[00143299] 충청북도 괴산군 | (주)우진[01763610] 경상남도 거제시 | (주)우진[01071883] 경상남도 양산시
c11040,(주)케이디산업개발,군위군,군위농공단지,hq_elsewhere,본사 타지역: 주식회사 케이디산업개발(경기도 시흥시),주식회사 케이디산업개발[01734317] 경기도 시흥시
c11042,(주)평화,군위군,군위농공단지,hq_elsewhere,본사 타지역: 주식회사 평화(경상북도 구미시); 주식회사 평화(경기도 안산시),주식회사 평화[00608486] 경상북도 구미시 | 주식회사 평화[00186993] 경기도 안산시
c11044,(주)한소,군위군,군위농공단지,hq_elsewhere,본사 타지역: 한소 주식회사(대전광역시 유성구),한소 주식회사[01654145] 대전광역시 유성구
c11049,뉴월드,군위군,군위농공단지,hq_elsewhere,본사 타지역: (주) 뉴월드(제주특별자치도 제주시),(주) 뉴월드[00317140] 제주특별자치도 제주시
c11051,대동알미늄,군위군,군위농공단지,hq_elsewhere,본사 타지역: 주식회사 대동알미늄(경상남도 김해시),주식회사 대동알미늄[01030965] 경상남도 김해시
c11055,씨에스(CS),군위군,군위농공단지,hq_elsewhere,본사 타지역: 주식회사 씨에스(광주광역시 광산구); 씨에스(주)(경기도 과천시); (주)씨에스(서울특별시 송파구),주식회사 씨에스[00436490] 광주광역시 광산구 | 씨에스(주)[00521071] 경기도 과천시 | (주)씨에스[01321830] 서울특별시 송파구 | (주)씨에스[00892483] 경상남도 양산시
c11056,에스티엠(주),군위군,군위농공단지,hq_elsewhere,본사 타지역: 에스티엠(주)(경상북도 군위군); (주)에스티엠(경기도 안성시); 에스티엠 주식회사(서울특별시 강서구),에스티엠(주)[01099870] 경상북도 군위군 | (주)에스티엠[01663408] 경기도 안성시 | 에스티엠 주식회사[01202340] 서울특별시 강서구 | 에스티엠(주)[00884545] 울산광역시 울주군
c11060,이엠텍,군위군,군위농공단지,hq_elsewhere,본사 타지역: (주)이엠텍(충청남도 천안시); (주)이엠텍(경상남도 창원시),(주)이엠텍[01748082] 충청남도 천안시 | (주)이엠텍[00541163] 경상남도 창원시
c11063,제일산업,군위군,군위농공단지,hq_elsewhere,본사 타지역: 제일산업주식회사(강원도 홍천군); 제일산업(주)(서울특별시 강남구); 제일산업(주)(경기도 화성시),제일산업주식회사[00451958] 강원도 홍천군 | 제일산업(주)[00370097] 서울특별시 강남구 | 제일산업(주)[00148373] 경기도 화성시 | 제일산업(주)[01863558] 경상북도 영주시
c11070,주식회사 원테크엔지니어링,군위군,군위농공단지,hq_elsewhere,본사 타지역: (주)원테크엔지니어링(경기도 시흥시),(주)원테크엔지니어링[02024934] 경기도 시흥시
c11071,주식회사 평화,군위군,군위농공단지,hq_elsewhere,본사 타지역: 주식회사 평화(경상북도 구미시); 주식회사 평화(경기도 안산시),주식회사 평화[00608486] 경상북도 구미시 | 주식회사 평화[00186993] 경기도 안산시
c11074,태흥산업(주),군위군,군위농공단지,hq_elsewhere,본사 타지역: 태흥산업주식회사(경기도 군포시); 주식회사 태흥산업(서울특별시 영등포구),태흥산업주식회사[00154675] 경기도 군포시 | 주식회사 태흥산업[01060771] 서울특별시 영등포구
c11096,(주)남선,군위군,군위효령농공단지,hq_elsewhere,본사 타지역: 주식회사 남선(광주광역시 동구); 주식회사 남선(경상북도 군위군),주식회사 남선[01351178] 광주광역시 동구 | 주식회사 남선[00598879] 경상북도 군위군
c11102,(주)신진,군위군,군위효령농공단지,hq_elsewhere,본사 타지역: (주)신진(전라남도 함평군); 주식회사 신진(경상북도 경주시),(주)신진[01781111] 전라남도 함평군 | 주식회사 신진[01013506] 경상북도 경주시
c11109,동우섬유(주),군위군,군위효령농공단지,hq_elsewhere,본사 타지역: 동우섬유 주식회사(경기도 시흥시); 동우섬유주식회사(서울특별시 성동구),동우섬유 주식회사[00191320] 경기도 시흥시 | 동우섬유주식회사[00117920] 서울특별시 성동구
c11124,영동산업,군위군,군위효령농공단지,hq_elsewhere,본사 타지역: 영동산업 주식회사(경상남도 함안군); 영동산업주식회사(경기도 용인시),영동산업 주식회사[01081853] 경상남도 함안군 | 영동산업주식회사[00405223] 경기도 용인시
c11118,탑라인(주),군위군,군위효령농공단지,hq_elsewhere,본사 타지역: 탑라인(주)(서울특별시 마포구),탑라인(주)[00809580] 서울특별시 마포구
c10744,(주)경안금속,달성군,달성2차일반산업단지,hq_elsewhere,본사 타지역: (주)경안금속(경상남도 창녕군),(주)경안금속[01312920] 경상남도 창녕군
c10394,(주)대아,달성군,달성2차일반산업단지,hq_elsewhere,본사 타지역: 주식회사 대아(경기도 수원시),주식회사 대아[01100857] 경기도 수원시
c10605,(주)덕동산업,달성군,달성2차일반산업단지,hq_elsewhere,본사 타지역: (주)덕동산업(경기도 평택시),(주)덕동산업[00525484] 경기도 평택시
c10608,(주)로고스,달성군,달성2차일반산업단지,hq_elsewhere,본사 타지역: 주식회사 로고스(전라북도 전주시),주식회사 로고스[01292857] 전라북도 전주시
c10761,(주)명진기공,달성군,달성2차일반산업단지,hq_elsewhere,본사 타지역: 주식회사명진기공(경상남도 창원시),주식회사명진기공[01027192] 경상남도 창원시
c10396,(주)상신산업,달성군,달성2차일반산업단지,hq_elsewhere,본사 타지역: 주식회사상신산업(충청남도 당진시); (주)상신산업(경기도 광주시),주식회사상신산업[00411640] 충청남도 당진시 | (주)상신산업[01404249] 경기도 광주시
c10617,(주)새롬테크,달성군,달성2차일반산업단지,hq_elsewhere,본사 타지역: (주)새롬테크(충청남도 연기군),(주)새롬테크[00878182] 충청남도 연기군
c10770,(주)선우,달성군,달성2차일반산업단지,hq_elsewhere,본사 타지역: (주)선우(경상북도 고령군); (주)선우(경상남도 김해시); (주) 선우(울산광역시 울주군),(주)선우[00132008] 경상북도 고령군 | (주)선우[01012109] 경상남도 김해시 | (주) 선우[00872513] 울산광역시 울주군 | 주식회사 선우[01150311] 경상북도 경주시
c10775,(주)에스아이씨,달성군,달성2차일반산업단지,hq_elsewhere,본사 타지역: (주)에스아이씨(서울특별시 중구); 주식회사 에스아이씨(울산광역시 울주군); (주)에스아이씨(서울특별시 구로구),(주)에스아이씨[00618641] 서울특별시 중구 | 주식회사 에스아이씨[01075579] 울산광역시 울주군 | (주)에스아이씨[01144471] 서울특별시 구로구 | 에스아이씨(주)[01829077] 경상남도 김해시 | 주식회사 에스아이씨[00948649] 부산광역시 강서구
c10631,(주)에스에이치엘,달성군,달성2차일반산업단지,hq_elsewhere,본사 타지역: (주)에스에이치엘(강원도 원주시); 에스에이치엘 주식회사(충청북도 음성군),(주)에스에이치엘[00410775] 강원도 원주시 | 에스에이치엘 주식회사[01926893] 충청북도 음성군
c10634,(주)에이피엠,달성군,달성2차일반산업단지,hq_elsewhere,본사 타지역: 주식회사 에이피엠(인천광역시 서구); 주식회사 에이피엠(경기도 시흥시),주식회사 에이피엠[00818621] 인천광역시 서구 | 주식회사 에이피엠[00522089] 경기도 시흥시
c10635,(주)에코에너지,달성군,달성2차일반산업단지,hq_elsewhere,본사 타지역: 에코에너지(인천광역시 서구); 주식회사 에코에너지(경상남도 밀양시),에코에너지[00488314] 인천광역시 서구 | 주식회사 에코에너지[01718601] 경상남도 밀양시
c10638,(주)엠텍,달성군,달성2차일반산업단지,ambiguous,대구 본사 동명 2개,(주)엠텍[00450384] 경기도 부천시 | 엠텍[00678740] 경상북도 구미시 | (주)엠텍[01102767] 대구광역시 달성군 | (주)엠텍[01014596] 대구광역시 달성군 | 주식회사 엠텍[00672445] 충청남도 당진시
c10639,(주)엠피아이,달성군,달성2차일반산업단지,hq_elsewhere,본사 타지역: (주)엠피아이(서울특별시 광진구),(주)엠피아이[01398249] 서울특별시 광진구
c10641,(주)영원무역,달성군,달성2차일반산업단지,hq_elsewhere,본사 타지역: (주)영원무역(서울특별시 중구),(주)영원무역[00776820] 서울특별시 중구
c10642,(주)오성기공,달성군,달성2차일반산업단지,hq_elsewhere,본사 타지역: 주식회사오성기공(경상북도 경산시),주식회사오성기공[00653015] 경상북도 경산시
c10644,(주)원테크,달성군,달성2차일반산업단지,hq_elsewhere,본사 타지역: 주식회사 원테크(대전광역시 유성구); (주)원테크(경기도 화성시),주식회사 원테크[01776058] 대전광역시 유성구 | (주)원테크[01956919] 경기도 화성시
c10645,(주)웰코,달성군,달성2차일반산업단지,hq_elsewhere,본사 타지역: 주식회사 웰코(경상북도 구미시),주식회사 웰코[00926267] 경상북도 구미시
c10790,(주)일구,달성군,달성2차일반산업단지,hq_elsewhere,본사 타지역: 주식회사 일구(서울특별시 송파구),주식회사 일구[01500686] 서울특별시 송파구
c10791,(주)장원산업,달성군,달성2차일반산업단지,hq_elsewhere,본사 타지역: 장원산업(주)(인천광역시 서구); 장원산업주식회사(서울특별시 강남구); 주식회사 장원산업(인천광역시 서구),장원산업(주)[01018796] 인천광역시 서구 | 장원산업주식회사[00146986] 서울특별시 강남구 | 주식회사 장원산업[01740451] 인천광역시 서구
c10653,(주)제이제이테크,달성군,달성2차일반산업단지,hq_elsewhere,본사 타지역: (주)제이제이테크(경기도 화성시),(주)제이제이테크[01085628] 경기도 화성시
c10658,(주)창원산업,달성군,달성2차일반산업단지,hq_elsewhere,본사 타지역: 창원산업주식회사(전라남도 나주시),창원산업주식회사[00366058] 전라남도 나주시
c10796,(주)케이아이디,달성군,달성2차일반산업단지,hq_elsewhere,본사 타지역: (주)케이아이디(경기도 파주시),(주)케이아이디[01020171] 경기도 파주시
c10661,(주)테토스,달성군,달성2차일반산업단지,hq_elsewhere,본사 타지역: (주)테토스(충청남도 천안시),(주)테토스[01292158] 충청남도 천안시
c10666,(주)현대하이텍,달성군,달성2차일반산업단지,hq_elsewhere,본사 타지역: (주)현대하이텍(광주광역시 광산구),(주)현대하이텍[00625960] 광주광역시 광산구
c10805,(주)효산,달성군,달성2차일반산업단지,hq_elsewhere,본사 타지역: (주)효산(경기도 화성시),(주)효산[01961054] 경기도 화성시
c10807,(주)휴스틸,달성군,달성2차일반산업단지,hq_elsewhere,본사 타지역: (주)휴스틸(서울특별시 강남구),(주)휴스틸[00156488] 서울특별시 강남구
c10809,(주)흥진산업,달성군,달성2차일반산업단지,hq_elsewhere,본사 타지역: 흥진산업주식회사(경상남도 합천군); 흥진산업주식회사(부산광역시 사하구); 흥진산업(주)(충청북도 진천군),흥진산업주식회사[00247498] 경상남도 합천군 | 흥진산업주식회사[00671242] 부산광역시 사하구 | 흥진산업(주)[01213717] 충청북도 진천군
c10823,대성정공,달성군,달성2차일반산업단지,hq_elsewhere,본사 타지역: (주)대성정공(경상남도 양산시),(주)대성정공[00918143] 경상남도 양산시
c10673,대영산업(주),달성군,달성2차일반산업단지,hq_elsewhere,본사 타지역: 대영산업 주식회사(전라남도 해남군); 대영산업(주)(경기도 시흥시); 대영산업 주식회사(경상남도 함양군),대영산업 주식회사[00822590] 전라남도 해남군 | 대영산업(주)[00918231] 경기도 시흥시 | 대영산업 주식회사[00663270] 경상남도 함양군 | 대영산업(주)[01014426] 인천광역시 남동구 | 대영산업(주)[00836654] 울산광역시 북구
c10827,대진산업,달성군,달성2차일반산업단지,hq_elsewhere,본사 타지역: 대진산업(주)(충청북도 괴산군); 주식회사 대진산업(경기도 부천시); 주식회사 대진산업(세종특별자치시 금남면),대진산업(주)[00382852] 충청북도 괴산군 | 주식회사 대진산업[00411701] 경기도 부천시 | 주식회사 대진산업[02029294] 세종특별자치시 금남면
c10402,덕일산업,달성군,달성2차일반산업단지,hq_elsewhere,본사 타지역: 덕일산업(주)(경기도 평택시); (주)덕일산업(울산광역시 남구),덕일산업(주)[00559551] 경기도 평택시 | (주)덕일산업[01698033] 울산광역시 남구
c10834,디와이피엔에프(주),달성군,달성2차일반산업단지,hq_elsewhere,본사 타지역: 디와이피엔에프(주)(서울특별시 강서구),디와이피엔에프(주)[00602136] 서울특별시 강서구
c10682,보성산업,달성군,달성2차일반산업단지,hq_elsewhere,본사 타지역: 보성산업주식회사(충청북도 괴산군),보성산업주식회사[00205784] 충청북도 괴산군
c10684,비케이에너지 주식회사,달성군,달성2차일반산업단지,hq_elsewhere,본사 타지역: 비케이에너지(주)(부산광역시 동구),비케이에너지(주)[00920494] 부산광역시 동구
c10687,삼성정밀,달성군,달성2차일반산업단지,hq_elsewhere,본사 타지역: (주)삼성정밀(부산광역시 강서구),(주)삼성정밀[00678777] 부산광역시 강서구
c10695,성진정밀,달성군,달성2차일반산업단지,hq_elsewhere,본사 타지역: (주)성진정밀(인천광역시 서구); 주식회사 성진정밀(경상북도 구미시); (주) 성진정밀(경상남도 창원시),(주)성진정밀[01160114] 인천광역시 서구 | 주식회사 성진정밀[00657862] 경상북도 구미시 | (주) 성진정밀[01696044] 경상남도 창원시
c10851,세진테크,달성군,달성2차일반산업단지,hq_elsewhere,본사 타지역: 세진테크(주)(경기도 파주시); 세진테크(주)(인천광역시 남동구),세진테크(주)[01081525] 경기도 파주시 | 세진테크(주)[01847046] 인천광역시 남동구
c10857,신우특수강(주),달성군,달성2차일반산업단지,hq_elsewhere,본사 타지역: (주)신우특수강(부산광역시 강서구),(주)신우특수강[00487218] 부산광역시 강서구
c10701,신화철강,달성군,달성2차일반산업단지,hq_elsewhere,본사 타지역: 신화철강(주)(경상남도 창원시),신화철강(주)[00362168] 경상남도 창원시
c10703,아인텍,달성군,달성2차일반산업단지,hq_elsewhere,본사 타지역: (주)아인텍(경기도 부천시); 아인텍(주)(경기도 시흥시),(주)아인텍[00303420] 경기도 부천시 | 아인텍(주)[00972585] 경기도 시흥시
c10710,원테크,달성군,달성2차일반산업단지,hq_elsewhere,본사 타지역: 주식회사 원테크(대전광역시 유성구); (주)원테크(경기도 화성시),주식회사 원테크[01776058] 대전광역시 유성구 | (주)원테크[01956919] 경기도 화성시
c10713,인성기업,달성군,달성2차일반산업단지,hq_elsewhere,본사 타지역: (주)인성기업(인천광역시 부평구),(주)인성기업[00641366] 인천광역시 부평구
c10715,정한산업,달성군,달성2차일반산업단지,hq_elsewhere,본사 타지역: (주)정한산업(강원도 원주시),(주)정한산업[00974635] 강원도 원주시
c10718,주식회사 나이스테크,달성군,달성2차일반산업단지,hq_elsewhere,본사 타지역: (주)나이스테크(인천광역시 남동구),(주)나이스테크[02015398] 인천광역시 남동구
c10878,주식회사 대아,달성군,달성2차일반산업단지,hq_elsewhere,본사 타지역: 주식회사 대아(경기도 수원시),주식회사 대아[01100857] 경기도 수원시
c10886,주식회사 화성,달성군,달성2차일반산업단지,hq_elsewhere,본사 타지역: 주식회사 화성(경상남도 거창군); (주)화성(경상남도 창녕군); (주)화성(경기도 안산시),주식회사 화성[01147423] 경상남도 거창군 | (주)화성[00914819] 경상남도 창녕군 | (주)화성[00165990] 경기도 안산시 | (주)화성[01919626] 울산광역시 울주군
c10888,주식회사피에스피,달성군,달성2차일반산업단지,hq_elsewhere,본사 타지역: (주)피에스피(경상남도 함안군); 주식회사 피에스피(경기도 광주시),(주)피에스피[00599142] 경상남도 함안군 | 주식회사 피에스피[01287022] 경기도 광주시
c10891,천일식품,달성군,달성2차일반산업단지,hq_elsewhere,본사 타지역: 천일식품(주)(인천광역시 남동구),천일식품(주)[00151410] 인천광역시 남동구
c10727,태오,달성군,달성2차일반산업단지,hq_elsewhere,본사 타지역: (주)태오(제주특별자치도 제주시),(주)태오[01379244] 제주특별자치도 제주시
c10408,풍산기계,달성군,달성2차일반산업단지,hq_elsewhere,본사 타지역: 풍산기계주식회사(부산광역시 해운대구),풍산기계주식회사[00194725] 부산광역시 해운대구
c10898,한국자산관리공사,달성군,달성2차일반산업단지,hq_elsewhere,본사 타지역: 한국자산관리공사(부산광역시 남구),한국자산관리공사[00286840] 부산광역시 남구
c10732,현대아이에이치엘(주),달성군,달성2차일반산업단지,hq_elsewhere,본사 타지역: 현대아이에이치엘(주)(경상북도 경주시),현대아이에이치엘(주)[00219352] 경상북도 경주시
c10776,(주)에이아이오,달성군,달성외국인투자지역,hq_elsewhere,본사 타지역: 주식회사 에이아이오(경기도 용인시),주식회사 에이아이오[01765797] 경기도 용인시
c9297,(주)나노시스,달성군,달성일반산업단지,hq_elsewhere,본사 타지역: (주)나노시스(충청북도 청원군),(주)나노시스[00662138] 충청북도 청원군
c9300,(주)대경오앤티,달성군,달성일반산업단지,hq_elsewhere,본사 타지역: (주)대경오앤티(부산광역시 사하구),(주)대경오앤티[00407115] 부산광역시 사하구
c9304,(주)대신서키트,달성군,달성일반산업단지,hq_elsewhere,본사 타지역: 주식회사 대신서키트(경기도 안산시),주식회사 대신서키트[01470905] 경기도 안산시
c9305,(주)대영공업,달성군,달성일반산업단지,hq_elsewhere,본사 타지역: (주)대영공업(경기도 안산시),(주)대영공업[01366091] 경기도 안산시
c9184,(주)동일섬유,달성군,달성일반산업단지,hq_elsewhere,본사 타지역: (주)동일섬유(경기도 안산시),(주)동일섬유[00236155] 경기도 안산시
c9185,(주)동해산업,달성군,달성일반산업단지,hq_elsewhere,본사 타지역: 동해산업(주)(경기도 포천시); 주식회사 동해산업(경상북도 칠곡군); 동해산업(주)(경기도 화성시),동해산업(주)[00232973] 경기도 포천시 | 주식회사 동해산업[00623096] 경상북도 칠곡군 | 동해산업(주)[00913786] 경기도 화성시 | 동해산업(주)[00481852] 경기도 시흥시
c9315,(주)비락,달성군,달성일반산업단지,hq_elsewhere,본사 타지역: 주식회사 비락(부산광역시 남구),주식회사 비락[00124638] 부산광역시 남구
c9197,(주)샌드팜,달성군,달성일반산업단지,hq_elsewhere,본사 타지역: 주식회사 샌드팜(경기도 시흥시),주식회사 샌드팜[01448191] 경기도 시흥시
c9198,(주)샤니,달성군,달성일반산업단지,hq_elsewhere,본사 타지역: (주)샤니(경기도 성남시),(주)샤니[00130107] 경기도 성남시
c9200,(주)시그너스정공,달성군,달성일반산업단지,hq_elsewhere,본사 타지역: (주)시그너스정공(충청남도 당진군),(주)시그너스정공[00220914] 충청남도 당진군
c9318,(주)신일,달성군,달성일반산업단지,hq_elsewhere,본사 타지역: (주)신일(경상남도 김해시); 주식회사 신일(울산광역시 북구); (주)신일(충청북도 진천군),(주)신일[01208991] 경상남도 김해시 | 주식회사 신일[00607104] 울산광역시 북구 | (주)신일[00364528] 충청북도 진천군 | 주식회사 신일[00618076] 부산광역시 강서구 | 주식회사 신일[00136952] 전북특별자치도 전주시
c9322,(주)에치와이,달성군,달성일반산업단지,hq_elsewhere,본사 타지역: 주식회사 에치와이(서울특별시 서초구),주식회사 에치와이[00158644] 서울특별시 서초구
c9210,(주)제일산업,달성군,달성일반산업단지,hq_elsewhere,본사 타지역: 제일산업주식회사(강원도 홍천군); 제일산업(주)(서울특별시 강남구); 제일산업(주)(경기도 화성시),제일산업주식회사[00451958] 강원도 홍천군 | 제일산업(주)[00370097] 서울특별시 강남구 | 제일산업(주)[00148373] 경기도 화성시 | 제일산업(주)[01863558] 경상북도 영주시
c9340,(주)지에스알코리아,달성군,달성일반산업단지,hq_elsewhere,본사 타지역: 지에스알코리아주식회사(경기도 시흥시),지에스알코리아주식회사[01155839] 경기도 시흥시
c9347,(주)티엠씨테크,달성군,달성일반산업단지,hq_elsewhere,본사 타지역: (주)티엠씨테크(경상남도 창원시),(주)티엠씨테크[01830480] 경상남도 창원시
c9349,(주)푸르밀,달성군,달성일반산업단지,hq_elsewhere,본사 타지역: (주) 푸르밀(서울특별시 영등포구),(주) 푸르밀[00602923] 서울특별시 영등포구
c9354,(주)한스인테크,달성군,달성일반산업단지,hq_elsewhere,본사 타지역: (주)한스인테크(경상북도 영천시),(주)한스인테크[00815703] 경상북도 영천시
c9218,(주)한영,달성군,달성일반산업단지,hq_elsewhere,본사 타지역: (주)한영(경상북도 구미시); 주식회사 한영(전라북도 전주시); (주)한영(경상남도 양산시),(주)한영[00966441] 경상북도 구미시 | 주식회사 한영[01484555] 전라북도 전주시 | (주)한영[01457852] 경상남도 양산시 | 주식회사 한영[01258136] 전라북도 정읍시 | 주식회사 한영[00562874] 경상북도 경주시 | (유한) 한영[02050993] 경기도 광주시
c9224,(합)명신,달성군,달성일반산업단지,hq_elsewhere,본사 타지역: 주식회사 명신(경기도 성남시); (주)명신(경기도 수원시); (주)명신(경상북도 경산시),주식회사 명신[00819435] 경기도 성남시 | (주)명신[00496924] 경기도 수원시 | (주)명신[00916297] 경상북도 경산시 | (주)명신[00660927] 인천광역시 남동구 | 주식회사 명신[00235138] 전북특별자치도 군산시
c9225,가인테크(주),달성군,달성일반산업단지,hq_elsewhere,본사 타지역: (주)가인테크(서울특별시 종로구),(주)가인테크[00424468] 서울특별시 종로구
c9226,경향산업,달성군,달성일반산업단지,hq_elsewhere,본사 타지역: 경향산업 주식회사(전라남도 담양군),경향산업 주식회사[01465073] 전라남도 담양군
c9369,남경산업,달성군,달성일반산업단지,hq_elsewhere,본사 타지역: (주)남경산업(경기도 화성시),(주)남경산업[00967006] 경기도 화성시
c9372,농심태경(주),달성군,달성일반산업단지,hq_elsewhere,본사 타지역: 농심태경(주)(서울특별시 동작구),농심태경(주)[00153311] 서울특별시 동작구
c9383,대성산업(주),달성군,달성일반산업단지,hq_elsewhere,본사 타지역: 대성산업(주)(전라남도 장흥군); (주)대성산업(경기도 남양주시); 대성산업(주)(서울특별시 구로구),대성산업(주)[00509079] 전라남도 장흥군 | (주)대성산업[01782031] 경기도 남양주시 | 대성산업(주)[00828789] 서울특별시 구로구
c9387,대우정밀,달성군,달성일반산업단지,hq_elsewhere,본사 타지역: (주)대우정밀(경기도 시흥시),(주)대우정밀[00417130] 경기도 시흥시
c9390,대천텍스타일,달성군,달성일반산업단지,hq_elsewhere,본사 타지역: 주식회사 대천텍스타일(경기도 안산시),주식회사 대천텍스타일[00971382] 경기도 안산시
c9393,대호,달성군,달성일반산업단지,hq_elsewhere,본사 타지역: 주식회사 대호(충청북도 청주시); 주식회사 대호(경상남도 창원시); 주식회사 대호(부산광역시 사상구),주식회사 대호[00833046] 충청북도 청주시 | 주식회사 대호[00892322] 경상남도 창원시 | 주식회사 대호[00172644] 부산광역시 사상구 | (주)대호[00113696] 서울특별시 서초구 | 대호(주)[00842150] 충청북도 옥천군 | 주식회사 대호[00409025] 부산광역시 사상구 | (주)대호[01078248] 경기도 시흥시 | 주식회사 대호[01145601] 경상남도 진주시
c9396,동방산업,달성군,달성일반산업단지,hq_elsewhere,본사 타지역: 동방산업(주)(경상북도 포항시); 동방산업(주)(강원도 평창군); 동방산업(주)(경기도 안양시),동방산업(주)[00192550] 경상북도 포항시 | 동방산업(주)[00409247] 강원도 평창군 | 동방산업(주)[01727478] 경기도 안양시
c9397,동아에스티(주),달성군,달성일반산업단지,hq_elsewhere,본사 타지역: 동아에스티(주)(서울 동대문구),동아에스티(주)[00956930] 서울 동대문구
c9234,동일상사,달성군,달성일반산업단지,hq_elsewhere,본사 타지역: (주)동일상사(서울특별시 중구),(주)동일상사[00207384] 서울특별시 중구
c9398,동진섬유,달성군,달성일반산업단지,hq_elsewhere,본사 타지역: 동진섬유 주식회사(부산광역시 기장군),동진섬유 주식회사[00179063] 부산광역시 기장군
c9399,두성산업,달성군,달성일반산업단지,hq_elsewhere,본사 타지역: 두성산업주식회사(경기도 광주시); 두성산업(주)(경상남도 창원시),두성산업주식회사[00691194] 경기도 광주시 | 두성산업(주)[00532004] 경상남도 창원시
c9405,미성,달성군,달성일반산업단지,hq_elsewhere,본사 타지역: 미성 주식회사(전라남도 무안군); 주식회사 미성(경상남도 양산시); (주)미성(대전광역시 대덕구),미성 주식회사[01371899] 전라남도 무안군 | 주식회사 미성[01365241] 경상남도 양산시 | (주)미성[01211719] 대전광역시 대덕구
c9415,삼성산업,달성군,달성일반산업단지,hq_elsewhere,본사 타지역: (주)삼성산업(경상북도 의성군),(주)삼성산업[00239310] 경상북도 의성군
c9417,삼우실업,달성군,달성일반산업단지,hq_elsewhere,본사 타지역: (주)삼우실업(경기도 남양주시),(주)삼우실업[01224856] 경기도 남양주시
c9418,삼우이피(주),달성군,달성일반산업단지,hq_elsewhere,본사 타지역: 삼우이피 주식회사(경상북도 고령군),삼우이피 주식회사[01172614] 경상북도 고령군
c9250,성보섬유상사(유),달성군,달성일반산업단지,hq_elsewhere,본사 타지역: 성보섬유상사(주)(서울특별시 강남구),성보섬유상사(주)[00625386] 서울특별시 강남구
c9422,세림테크,달성군,달성일반산업단지,hq_elsewhere,본사 타지역: 세림테크(주)(충청남도 천안시); 주식회사 세림테크(경기도 화성시),세림테크(주)[01070893] 충청남도 천안시 | 주식회사 세림테크[01563870] 경기도 화성시
c9426,신광테크,달성군,달성일반산업단지,hq_elsewhere,본사 타지역: 주식회사 신광테크(경기도 안산시); (주)신광테크(경상남도 창원시),주식회사 신광테크[01453467] 경기도 안산시 | (주)신광테크[00558996] 경상남도 창원시
c9428,신양금속(주),달성군,달성일반산업단지,hq_elsewhere,본사 타지역: 신양금속(주)(인천광역시 서구),신양금속(주)[01038231] 인천광역시 서구
c9430,신일섬유,달성군,달성일반산업단지,hq_elsewhere,본사 타지역: 신일섬유 주식회사(전라북도 익산시),신일섬유 주식회사[00206057] 전라북도 익산시
c9265,엘엠디지털(주),달성군,달성일반산업단지,hq_elsewhere,본사 타지역: 엘엠디지털 주식회사(경기도 안양시),엘엠디지털 주식회사[00343145] 경기도 안양시
c9270,우경,달성군,달성일반산업단지,hq_elsewhere,본사 타지역: 우경(주)(경상북도 포항시); 주식회사 우경(경기도 성남시); (주)우경(충청남도 천안시),우경(주)[00183914] 경상북도 포항시 | 주식회사 우경[01269804] 경기도 성남시 | (주)우경[01779471] 충청남도 천안시
c9442,우성산업,달성군,달성일반산업단지,hq_elsewhere,본사 타지역: 우성산업(주)(부산광역시 동구); 우성산업 주식회사(경기도 파주시); 주식회사 우성산업(경상북도 칠곡군),우성산업(주)[00142670] 부산광역시 동구 | 우성산업 주식회사[00359508] 경기도 파주시 | 주식회사 우성산업[02021690] 경상북도 칠곡군
c9271,유림산업,달성군,달성일반산업단지,hq_elsewhere,본사 타지역: 유림산업주식회사(충청북도 진천군); (주)유림산업(전라남도 순천시); 유림산업 주식회사(경상북도 경산시),유림산업주식회사[00217725] 충청북도 진천군 | (주)유림산업[00766799] 전라남도 순천시 | 유림산업 주식회사[00622176] 경상북도 경산시
c9449,이앤엠,달성군,달성일반산업단지,hq_elsewhere,본사 타지역: 주식회사 이앤엠(서울특별시 서초구); 주식회사이앤엠(경기도 이천시),주식회사 이앤엠[01238725] 서울특별시 서초구 | 주식회사이앤엠[01250930] 경기도 이천시
c9275,일성합판(주),달성군,달성일반산업단지,hq_elsewhere,본사 타지역: 일성합판 주식회사(경상북도 고령군),일성합판 주식회사[00510871] 경상북도 고령군
c9456,정연산업(주),달성군,달성일반산업단지,hq_elsewhere,본사 타지역: 주식회사 정연산업(광주광역시 서구),주식회사 정연산업[00417088] 광주광역시 서구
c9458,정원산업,달성군,달성일반산업단지,hq_elsewhere,본사 타지역: 주식회사 정원산업(전라남도 영암군); 정원산업주식회사(울산광역시 북구); 정원산업(주)(전라남도 영암군),주식회사 정원산업[01100404] 전라남도 영암군 | 정원산업주식회사[00962038] 울산광역시 북구 | 정원산업(주)[02021131] 전라남도 영암군
c9462,제이테크,달성군,달성일반산업단지,hq_elsewhere,본사 타지역: (주)제이테크(충청남도 당진군); (주)제이테크(경상남도 창원시); (주)제이테크(울산광역시 울주군),(주)제이테크[00810540] 충청남도 당진군 | (주)제이테크[01912474] 경상남도 창원시 | (주)제이테크[02017970] 울산광역시 울주군
c9280,제일산업,달성군,달성일반산업단지,hq_elsewhere,본사 타지역: 제일산업주식회사(강원도 홍천군); 제일산업(주)(서울특별시 강남구); 제일산업(주)(경기도 화성시),제일산업주식회사[00451958] 강원도 홍천군 | 제일산업(주)[00370097] 서울특별시 강남구 | 제일산업(주)[00148373] 경기도 화성시 | 제일산업(주)[01863558] 경상북도 영주시
c9281,조광정밀,달성군,달성일반산업단지,hq_elsewhere,본사 타지역: (주)조광정밀(인천광역시 계양구),(주)조광정밀[01466416] 인천광역시 계양구
c9465,지앤케이,달성군,달성일반산업단지,hq_elsewhere,본사 타지역: (주)지앤케이(경상남도 함안군),(주)지앤케이[00970833] 경상남도 함안군
c9466,진성산업,달성군,달성일반산업단지,hq_elsewhere,본사 타지역: 진성산업주식회사(경상북도 포항시); 진성산업 주식회사(경기도 안성시); 진성산업(주)(경상남도 창원시),진성산업주식회사[00519322] 경상북도 포항시 | 진성산업 주식회사[00872601] 경기도 안성시 | 진성산업(주)[01018370] 경상남도 창원시
c9468,진진,달성군,달성일반산업단지,hq_elsewhere,본사 타지역: 주식회사 진진(서울특별시 강남구),주식회사 진진[00150721] 서울특별시 강남구
c9490,한일캔(주),달성군,달성일반산업단지,hq_elsewhere,본사 타지역: 한일캔주식회사(경상남도 양산시),한일캔주식회사[01421705] 경상남도 양산시
c5248,(주)에스이코리아,수성구,대구경북경제자유구역수성의료지구,hq_elsewhere,본사 타지역: 주식회사 에스이코리아(SE KOREA Inc.)(인천광역시 남동구),주식회사 에스이코리아(SE KOREA Inc.)[01908958] 인천광역시 남동구
c5284,(주)위츠,수성구,대구경북경제자유구역수성의료지구,hq_elsewhere,본사 타지역: (주)위츠(경기도 용인시),(주)위츠[01445440] 경기도 용인시
c5255,아진산업(주),수성구,대구경북경제자유구역수성의료지구,hq_elsewhere,본사 타지역: (주)아진산업(경기도 화성시); 아진산업(주)(경상북도 경산시),(주)아진산업[00976323] 경기도 화성시 | 아진산업(주)[00139083] 경상북도 경산시
c5295,한전KDN(주),수성구,대구경북경제자유구역수성의료지구,hq_elsewhere,본사 타지역: 한전KDN주식회사(전라남도 나주시),한전KDN주식회사[00193434] 전라남도 나주시
c5296,화인시스템(주),수성구,대구경북경제자유구역수성의료지구,hq_elsewhere,본사 타지역: (주)화인시스템(경기도 김포시),(주)화인시스템[00376259] 경기도 김포시
c0552,(주)유니메딕스,동구,대구경북첨단의료복합단지도시첨단산업단지,hq_elsewhere,본사 타지역: 주식회사 유니메딕스(서울특별시 강남구),주식회사 유니메딕스[01287305] 서울특별시 강남구
c0553,(주)인성메디칼,동구,대구경북첨단의료복합단지도시첨단산업단지,hq_elsewhere,본사 타지역: (주)인성메디칼(강원도 원주시),(주)인성메디칼[00525396] 강원도 원주시
c10561,(주)동명테크,달성군,대구구지농공단지,hq_elsewhere,본사 타지역: 주식회사 동명테크(전라남도 여수시),주식회사 동명테크[01677641] 전라남도 여수시
c10566,경원산업,달성군,대구구지농공단지,hq_elsewhere,본사 타지역: 경원산업(주)(경기도 시흥시),경원산업(주)[00258652] 경기도 시흥시
c10569,대양제지공업(주),달성군,대구구지농공단지,hq_elsewhere,본사 타지역: 대양제지공업(주)(경기도 안산시),대양제지공업(주)[00111227] 경기도 안산시
c10571,동명테크,달성군,대구구지농공단지,hq_elsewhere,본사 타지역: 주식회사 동명테크(전라남도 여수시),주식회사 동명테크[01677641] 전라남도 여수시
c10577,서우산업,달성군,대구구지농공단지,hq_elsewhere,본사 타지역: 서우산업주식회사(경상북도 구미시),서우산업주식회사[00860989] 경상북도 구미시
c10586,현대산업,달성군,대구구지농공단지,hq_elsewhere,본사 타지역: 주식회사 현대산업(충청남도 논산시); (주)현대산업(경기도 부천시); 현대산업(주)(전라남도 나주시),주식회사 현대산업[00232946] 충청남도 논산시 | (주)현대산업[00937351] 경기도 부천시 | 현대산업(주)[00164627] 전라남도 나주시 | 현대산업(주)[01175611] 충청북도 진천군 | 주식회사 현대산업[01310074] 경기도 시흥시
c10958,(주)가나이엔지,달성군,대구국가산업단지,hq_elsewhere,본사 타지역: 주식회사 가나이엔지(경상북도 성주군),주식회사 가나이엔지[01733822] 경상북도 성주군
c10907,(주)거양금속,달성군,대구국가산업단지,hq_elsewhere,본사 타지역: 주식회사 거양금속(경상남도 의령군),주식회사 거양금속[00673231] 경상남도 의령군
c10962,(주)광진,달성군,대구국가산업단지,hq_elsewhere,본사 타지역: (주)광진(충청남도 아산시); 주식회사 광진(경상북도 경산시); (주)광진(부산광역시 사상구),(주)광진[01358162] 충청남도 아산시 | 주식회사 광진[01546059] 경상북도 경산시 | (주)광진[02005823] 부산광역시 사상구
c10453,(주)대동모빌리티,달성군,대구국가산업단지,hq_elsewhere,본사 타지역: 주식회사 대동모빌리티(경기도 안성시),주식회사 대동모빌리티[00159768] 경기도 안성시
c10964,(주)대영공업,달성군,대구국가산업단지,hq_elsewhere,본사 타지역: (주)대영공업(경기도 안산시),(주)대영공업[01366091] 경기도 안산시
c10456,(주)대주기업,달성군,대구국가산업단지,hq_elsewhere,본사 타지역: 대주기업주식회사(인천광역시 남동구); (주)대주기업(경기도 김포시); 대주기업(주)(전라남도 광양시),대주기업주식회사[00203810] 인천광역시 남동구 | (주)대주기업[01212143] 경기도 김포시 | 대주기업(주)[01307636] 전라남도 광양시
c10457,(주)동명기술공단 종합건축사사무소,달성군,대구국가산업단지,hq_elsewhere,본사 타지역: 동명기술공단종합건축사사무소(경기도 화성시),동명기술공단종합건축사사무소[00115205] 경기도 화성시
c10458,(주)동영,달성군,대구국가산업단지,hq_elsewhere,본사 타지역: 주식회사 동영(경기도 구리시); 주식회사 동영(경기도 시흥시),주식회사 동영[00472906] 경기도 구리시 | 주식회사 동영[00238409] 경기도 시흥시
c10913,(주)동하정밀,달성군,대구국가산업단지,hq_elsewhere,본사 타지역: 동하정밀(주)(경기도 부천시); (주)동하정밀(충청북도 진천군),동하정밀(주)[01235889] 경기도 부천시 | (주)동하정밀[00531768] 충청북도 진천군
c10414,(주)두구코리아,달성군,대구국가산업단지,hq_elsewhere,본사 타지역: (주)두구코리아(경기도 시흥시),(주)두구코리아[01734371] 경기도 시흥시
c10916,(주)디엠테크놀러지,달성군,대구국가산업단지,hq_elsewhere,본사 타지역: (주)디엠테크놀러지(경상남도 함안군),(주)디엠테크놀러지[01209787] 경상남도 함안군
c10395,(주)비온디,달성군,대구국가산업단지,hq_elsewhere,본사 타지역: (주)비온디(경기도 안양시); (주)비온디(경상북도 경산시),(주)비온디[00591733] 경기도 안양시 | (주)비온디[01287138] 경상북도 경산시
c10466,(주)삼진정밀,달성군,대구국가산업단지,hq_elsewhere,본사 타지역: 유한회사 삼진정밀(부산광역시 강서구),유한회사 삼진정밀[01433153] 부산광역시 강서구
c10467,(주)생,달성군,대구국가산업단지,hq_elsewhere,본사 타지역: 주식회사 생(부산광역시 사상구),주식회사 생[00971407] 부산광역시 사상구
c10470,(주)성진,달성군,대구국가산업단지,hq_elsewhere,본사 타지역: 주식회사 성진(경기도 화성시); 주식회사 성진(부산광역시 강서구); (주)성진(경기도 여주시),주식회사 성진[00759610] 경기도 화성시 | 주식회사 성진[00367163] 부산광역시 강서구 | (주)성진[00599179] 경기도 여주시 | 주식회사 성진[00243012] 인천광역시 남동구 | (주)성진[00810045] 경기도 성남시
c10475,(주)시노펙스,달성군,대구국가산업단지,hq_elsewhere,본사 타지역: (주)시노펙스(경상북도 포항시),(주)시노펙스[00203023] 경상북도 포항시
c10422,(주)씨티알모빌리티,달성군,대구국가산업단지,hq_elsewhere,본사 타지역: (주)씨티알모빌리티(울산광역시 북구),(주)씨티알모빌리티[00450010] 울산광역시 북구
c10480,(주)에너토크,달성군,대구국가산업단지,hq_elsewhere,본사 타지역: (주)에너토크(경기도 여주군),(주)에너토크[00169215] 경기도 여주군
c10423,(주)에스엔비,달성군,대구국가산업단지,hq_elsewhere,본사 타지역: 주식회사 에스엔비(경상남도 김해시); (주)에스엔비(경상남도 창녕군); 주식회사 에스엔비(경기도 안산시),주식회사 에스엔비[01078071] 경상남도 김해시 | (주)에스엔비[01452990] 경상남도 창녕군 | 주식회사 에스엔비[01870983] 경기도 안산시
c10482,(주)에스엠테크,달성군,대구국가산업단지,hq_elsewhere,본사 타지역: 주식회사 에스엠테크(경상북도 경주시); (주)에스엠테크(충청남도 공주시); (주)에스엠테크(충청남도 아산시),주식회사 에스엠테크[01406168] 경상북도 경주시 | (주)에스엠테크[01221910] 충청남도 공주시 | (주)에스엠테크[01837890] 충청남도 아산시 | (주)에스엠테크[01826432] 경상남도 함안군 | (주)에스엠테크[00985181] 경기도 평택시 | 에스엠테크 주식회사[01302118] 전라남도 여수시
c10425,(주)에이에스티,달성군,대구국가산업단지,hq_elsewhere,본사 타지역: (주)에이에스티(경상북도 구미시); 주식회사 에이에스티(경상북도 칠곡군); 에이에스티 주식회사(경기도 오산시),(주)에이에스티[00569886] 경상북도 구미시 | 주식회사 에이에스티[00567392] 경상북도 칠곡군 | 에이에스티 주식회사[00395801] 경기도 오산시
c10485,(주)에코셋,달성군,대구국가산업단지,hq_elsewhere,본사 타지역: (주)에코셋(서울특별시 송파구),(주)에코셋[01842500] 서울특별시 송파구
c10489,(주)엘에스티에스,달성군,대구국가산업단지,hq_elsewhere,본사 타지역: (주)엘에스티에스(인천광역시 서구),(주)엘에스티에스[01829952] 인천광역시 서구
c10924,(주)엠스코,달성군,대구국가산업단지,hq_elsewhere,본사 타지역: (주)엠스코(경상남도 창원시),(주)엠스코[00613132] 경상남도 창원시
c10491,(주)우진,달성군,대구국가산업단지,hq_elsewhere,본사 타지역: (주)우진(경상북도 문경시); (주)우진(경기도 화성시); 주식회사 우진(충청북도 진천군),(주)우진[01171776] 경상북도 문경시 | (주)우진[00173944] 경기도 화성시 | 주식회사 우진[01588107] 충청북도 진천군 | 주식회사 우진[01286449] 경상북도 경주시 | 주식회사 우진[01708677] 인천광역시 남동구 | 주식회사 우진[00143299] 충청북도 괴산군 | (주)우진[01763610] 경상남도 거제시 | (주)우진[01071883] 경상남도 양산시
c10978,(주)원일산업(원일PS 태양광발전소),달성군,대구국가산업단지,hq_elsewhere,본사 타지역: (주)원일산업(인천광역시 서구); (주)원일산업(경기도 남양주시),(주)원일산업[01419436] 인천광역시 서구 | (주)원일산업[00408804] 경기도 남양주시
c10492,(주)윈텍글로비스,달성군,대구국가산업단지,hq_elsewhere,본사 타지역: 주식회사 윈텍글로비스(서울특별시 송파구),주식회사 윈텍글로비스[01656596] 서울특별시 송파구
c10493,(주)유성엔지니어링,달성군,대구국가산업단지,hq_elsewhere,본사 타지역: (주)유성엔지니어링(경상남도 양산시),(주)유성엔지니어링[01542460] 경상남도 양산시
c10494,(주)유솔,달성군,대구국가산업단지,hq_elsewhere,본사 타지역: 주식회사 유솔(대전광역시 유성구),주식회사 유솔[01625046] 대전광역시 유성구
c10427,(주)제이텍,달성군,대구국가산업단지,hq_elsewhere,본사 타지역: 주식회사제이텍(경기도 수원시); 주식회사 제이텍(경기도 용인시); (주)제이텍(부산광역시 해운대구),주식회사제이텍[00986597] 경기도 수원시 | 주식회사 제이텍[00485982] 경기도 용인시 | (주)제이텍[01013232] 부산광역시 해운대구 | (주)제이텍[00917065] 충청남도 예산군
c10498,(주)제이텍워터,달성군,대구국가산업단지,hq_elsewhere,본사 타지역: (주)제이텍워터(부산광역시 해운대구),(주)제이텍워터[02027409] 부산광역시 해운대구
c10984,(주)제일엔지니어링,달성군,대구국가산업단지,hq_elsewhere,본사 타지역: 제일엔지니어링(충청남도 당진군),제일엔지니어링[00943723] 충청남도 당진군
c10500,(주)지앤텍,달성군,대구국가산업단지,hq_elsewhere,본사 타지역: 주식회사 지앤텍(서울특별시 강남구),주식회사 지앤텍[00367464] 서울특별시 강남구
c10793,(주)진행워터웨이,달성군,대구국가산업단지,hq_elsewhere,본사 타지역: (주)진행워터웨이(경기도 안성시),(주)진행워터웨이[00942122] 경기도 안성시
c10503,(주)케이디,달성군,대구국가산업단지,hq_elsewhere,본사 타지역: 주식회사 케이디(인천광역시 남동구); (주)케이디(광주광역시 동구),주식회사 케이디[01109195] 인천광역시 남동구 | (주)케이디[01330801] 광주광역시 동구
c10429,(주)코아 오토모티브,달성군,대구국가산업단지,hq_elsewhere,본사 타지역: (주)코아 오토모티브(경상북도 의성군),(주)코아 오토모티브[01701425] 경상북도 의성군
c10504,(주)태영필트레이션시스템,달성군,대구국가산업단지,hq_elsewhere,본사 타지역: (주)태영필트레이션시스템(경상북도 경산시),(주)태영필트레이션시스템[01364978] 경상북도 경산시
c10507,(주)토인,달성군,대구국가산업단지,hq_elsewhere,본사 타지역: 주식회사 토인(경기도 시흥시),주식회사 토인[00874964] 경기도 시흥시
c10740,(주)티엠씨테크,달성군,대구국가산업단지,hq_elsewhere,본사 타지역: (주)티엠씨테크(경상남도 창원시),(주)티엠씨테크[01830480] 경상남도 창원시
c10989,(주)한국금형정공사,달성군,대구국가산업단지,hq_elsewhere,본사 타지역: (주)한국금형정공사(경기도 안산시),(주)한국금형정공사[01298772] 경기도 안산시
c10932,(주)한국물류에스케이케이,달성군,대구국가산업단지,hq_elsewhere,본사 타지역: 한국물류에스케이케이(경상북도 성주군),한국물류에스케이케이[01045912] 경상북도 성주군
c10990,(주)현대기전,달성군,대구국가산업단지,hq_elsewhere,본사 타지역: 현대기전(주)(경상북도 경주시),현대기전(주)[01026759] 경상북도 경주시
c10735,(주)홍진산업,달성군,대구국가산업단지,hq_elsewhere,본사 타지역: 홍진산업 주식회사(경상남도 김해시),홍진산업 주식회사[00165811] 경상남도 김해시
c10934,(주)화성,달성군,대구국가산업단지,hq_elsewhere,본사 타지역: 주식회사 화성(경상남도 거창군); (주)화성(경상남도 창녕군); (주)화성(경기도 안산시),주식회사 화성[01147423] 경상남도 거창군 | (주)화성[00914819] 경상남도 창녕군 | (주)화성[00165990] 경기도 안산시 | (주)화성[01919626] 울산광역시 울주군
c10939,나라엠앤디(주),달성군,대구국가산업단지,hq_elsewhere,본사 타지역: 나라엠앤디(주)(경상남도 창원시),나라엠앤디(주)[00297095] 경상남도 창원시
c10520,대흥산업,달성군,대구국가산업단지,hq_elsewhere,본사 타지역: 주식회사 대흥산업(경상북도 경주시); 대흥산업(주)(울산광역시 남구); 주식회사 대흥산업(경상남도 창원시),주식회사 대흥산업[00963277] 경상북도 경주시 | 대흥산업(주)[00816669] 울산광역시 남구 | 주식회사 대흥산업[00445489] 경상남도 창원시 | (주)대흥산업[00172662] 충청북도 음성군 | 대흥산업주식회사[00416672] 경상남도 함안군
c10521,동문이엔티(주),달성군,대구국가산업단지,hq_elsewhere,본사 타지역: 동문이엔티(주)(서울특별시 구로구),동문이엔티(주)[01468593] 서울특별시 구로구
c10527,서우산업(주),달성군,대구국가산업단지,hq_elsewhere,본사 타지역: 서우산업주식회사(경상북도 구미시),서우산업주식회사[00860989] 경상북도 구미시
c10943,세진테크,달성군,대구국가산업단지,hq_elsewhere,본사 타지역: 세진테크(주)(경기도 파주시); 세진테크(주)(인천광역시 남동구),세진테크(주)[01081525] 경기도 파주시 | 세진테크(주)[01847046] 인천광역시 남동구
c10944,신명하이텍,달성군,대구국가산업단지,hq_elsewhere,본사 타지역: 신명하이텍(주)(경기도 안산시),신명하이텍(주)[01730524] 경기도 안산시
c11002,신화엔지니어링,달성군,대구국가산업단지,hq_elsewhere,본사 타지역: 신화엔지니어링(경상남도 거제시),신화엔지니어링[01088713] 경상남도 거제시
c10531,에이티티(주),달성군,대구국가산업단지,hq_elsewhere,본사 타지역: (주)에이티티(충청남도 아산시),(주)에이티티[01208229] 충청남도 아산시
c10441,에코캡 주식회사,달성군,대구국가산업단지,hq_elsewhere,본사 타지역: 에코캡 주식회사(울산광역시 울주군),에코캡 주식회사[00870481] 울산광역시 울주군
c11006,엠제이테크,달성군,대구국가산업단지,hq_elsewhere,본사 타지역: 주식회사엠제이테크(충청남도 아산시); 주식회사 엠제이테크(경기도 평택시); (주)엠제이테크(부산광역시 영도구),주식회사엠제이테크[00833912] 충청남도 아산시 | 주식회사 엠제이테크[01732878] 경기도 평택시 | (주)엠제이테크[01842865] 부산광역시 영도구
c11008,제이와이에스,달성군,대구국가산업단지,hq_elsewhere,본사 타지역: 주식회사 제이와이에스(울산광역시 남구); (주)제이와이에스(경기도 남양주시),주식회사 제이와이에스[01471311] 울산광역시 남구 | (주)제이와이에스[01765487] 경기도 남양주시
c10737,주식회사 삼기,달성군,대구국가산업단지,hq_elsewhere,본사 타지역: (주)삼기(충청남도 서산시),(주)삼기[00799177] 충청남도 서산시
c10541,주식회사 케이디,달성군,대구국가산업단지,hq_elsewhere,본사 타지역: 주식회사 케이디(인천광역시 남동구); (주)케이디(광주광역시 동구),주식회사 케이디[01109195] 인천광역시 남동구 | (주)케이디[01330801] 광주광역시 동구
c10543,케이알씨(주),달성군,대구국가산업단지,hq_elsewhere,본사 타지역: 주식회사케이알씨(경기도 양주시),주식회사케이알씨[00894931] 경기도 양주시
c10544,쿠팡(주),달성군,대구국가산업단지,hq_elsewhere,본사 타지역: 쿠팡 주식회사(서울특별시 광진구),쿠팡 주식회사[01019166] 서울특별시 광진구
c10547,피피아이파이프(주),달성군,대구국가산업단지,hq_elsewhere,본사 타지역: 피피아이파이프 주식회사(경기도 화성시),피피아이파이프 주식회사[00566612] 경기도 화성시
c10549,한국도키멕(주),달성군,대구국가산업단지,hq_elsewhere,본사 타지역: 한국도키멕 주식회사(서울특별시 영등포구),한국도키멕 주식회사[00325255] 서울특별시 영등포구
c10555,한성중공업(주),달성군,대구국가산업단지,hq_elsewhere,본사 타지역: (주)한성중공업(경상남도 함안군); 한성중공업(주)(충청남도 당진시); (주)한성중공업(경상북도 포항시),(주)한성중공업[00767123] 경상남도 함안군 | 한성중공업(주)[01469750] 충청남도 당진시 | (주)한성중공업[00581170] 경상북도 포항시
c11013,한영산업,달성군,대구국가산업단지,hq_elsewhere,본사 타지역: 한영산업주식회사(부산광역시 강서구); (주)한영산업(전라남도 영암군); 한영산업주식회사(경상북도 경산시),한영산업주식회사[01137198] 부산광역시 강서구 | (주)한영산업[00614724] 전라남도 영암군 | 한영산업주식회사[00192301] 경상북도 경산시
c10556,휴먼테크,달성군,대구국가산업단지,hq_elsewhere,본사 타지역: (주)휴먼테크(강원도 영월군); (주)휴먼테크(경상남도 함안군); 주식회사 휴먼테크(경기도 화성시),(주)휴먼테크[00330707] 강원도 영월군 | (주)휴먼테크[01919741] 경상남도 함안군 | 주식회사 휴먼테크[02005568] 경기도 화성시
c4485,(주)디에스티,북구,대구금호워터폴리스일반산업단지,hq_elsewhere,본사 타지역: 디에스티 주식회사(경기도 성남시); 디에스티(경기도 시흥시); (주)디에스티(경상남도 함안군),디에스티 주식회사[00611657] 경기도 성남시 | 디에스티[00367826] 경기도 시흥시 | (주)디에스티[00811406] 경상남도 함안군 | 디에스티(주)[00661175] 경상남도 마산시 | (주)디에스티[01328240] 경기도 군포시 | 주식회사 디에스티[01415661] 제주특별자치도 제주시 | 주식회사 디에스티[00658816] 경상북도 칠곡군 | 디에스티(주)[00244419] 경상남도 창원시
c4524,(주)성일,북구,대구금호워터폴리스일반산업단지,hq_elsewhere,본사 타지역: 주식회사 성일(경기도 김포시); (주)성일(경기도 용인시),주식회사 성일[01149263] 경기도 김포시 | (주)성일[01949168] 경기도 용인시
c4581,(주)이든철강,북구,대구금호워터폴리스일반산업단지,hq_elsewhere,본사 타지역: 주식회사 이든철강(경상북도 성주군),주식회사 이든철강[01755578] 경상북도 성주군
c4582,(주)이에스테크놀로지,북구,대구금호워터폴리스일반산업단지,hq_elsewhere,본사 타지역: (주)이에스테크놀로지(경상남도 김해시),(주)이에스테크놀로지[00631554] 경상남도 김해시
c4592,(주)제이씨에스인터내셔날,북구,대구금호워터폴리스일반산업단지,hq_elsewhere,본사 타지역: (주)제이씨에스인터내셔날(경상북도 구미시),(주)제이씨에스인터내셔날[01916416] 경상북도 구미시
c4604,(주)창원산업,북구,대구금호워터폴리스일반산업단지,hq_elsewhere,본사 타지역: 창원산업주식회사(전라남도 나주시),창원산업주식회사[00366058] 전라남도 나주시
c4641,(주)혜성전기,북구,대구금호워터폴리스일반산업단지,hq_elsewhere,본사 타지역: (주)혜성전기(경상북도 의성군),(주)혜성전기[01284919] 경상북도 의성군
c4713,대명전기,북구,대구금호워터폴리스일반산업단지,hq_elsewhere,본사 타지역: 대명전기(주)(경기도 성남시),대명전기(주)[00673383] 경기도 성남시
c4779,디케이(DK),북구,대구금호워터폴리스일반산업단지,hq_elsewhere,본사 타지역: (주)디케이(경상북도 경주시); 주식회사 디케이(경상남도 창원시); (주)디케이(경기도 양주시),(주)디케이[00556961] 경상북도 경주시 | 주식회사 디케이[00406143] 경상남도 창원시 | (주)디케이[01077230] 경기도 양주시 | 디케이 주식회사[00479121] 광주광역시 광산구 | 디케이주식회사[01229897] 경상남도 거제시 | 주식회사 디케이[01144277] 경상남도 합천군
c4887,씨에이치테크,북구,대구금호워터폴리스일반산업단지,hq_elsewhere,본사 타지역: (주)씨에이치테크(경기도 안양시),(주)씨에이치테크[00565288] 경기도 안양시
c4967,이디에스(주),북구,대구금호워터폴리스일반산업단지,hq_elsewhere,본사 타지역: 이디에스(주)(경기도 용인시); 이디에스(주)(광주광역시 북구),이디에스(주)[01580460] 경기도 용인시 | 이디에스(주)[01226474] 광주광역시 북구
c0395,(주) 씨에스텍,동구,대구연구개발특구,hq_elsewhere,본사 타지역: 주식회사 씨에스텍(강원도 원주시),주식회사 씨에스텍[00965372] 강원도 원주시
c0396,(주) 튜링겐코리아,동구,대구연구개발특구,hq_elsewhere,본사 타지역: 주식회사 튜링겐코리아(경상북도 청도군),주식회사 튜링겐코리아[01223592] 경상북도 청도군
c0398,(주)덴티스,동구,대구연구개발특구,ambiguous,대구 본사 동명 2개,(주)덴티스[00664039] 대구광역시 달서구 | 주식회사 덴티스[01187494] 대구광역시 달서구
c9829,(주)세창,달성군,대구연구개발특구,hq_elsewhere,본사 타지역: (주)세창(전라남도 영암군); (주)세창(서울특별시 강남구); 주식회사세창(전라북도 군산시),(주)세창[00868644] 전라남도 영암군 | (주)세창[00221825] 서울특별시 강남구 | 주식회사세창[00805894] 전라북도 군산시 | 주식회사 세창[00603250] 경기도 안성시 | 주식회사 세창[00104935] 대전광역시 서구 | (주)세창[01546518] 경상북도 포항시
c0408,(주)엠디,동구,대구연구개발특구,hq_elsewhere,본사 타지역: 엠디(경기도 고양시); 주식회사 엠디(경상남도 진주시),엠디[01231564] 경기도 고양시 | 주식회사 엠디[01333002] 경상남도 진주시
c0462,(주)오션네트웍스,동구,대구연구개발특구,hq_elsewhere,본사 타지역: 오션 네트웍스(주)(인천광역시 계양구),오션 네트웍스(주)[01470765] 인천광역시 계양구
c0493,(주)젬텍,동구,대구연구개발특구,hq_elsewhere,본사 타지역: 젬텍(주)(서울특별시 강남구); (주)젬텍(경기도 시흥시); (주)젬텍(경상남도 창원시),젬텍(주)[01458462] 서울특별시 강남구 | (주)젬텍[01286421] 경기도 시흥시 | (주)젬텍[00603533] 경상남도 창원시 | (주)젬텍[00958707] 경상남도 함안군
c0419,(주)프라임테크,동구,대구연구개발특구,hq_elsewhere,본사 타지역: (주)프라임테크(전라남도 광양시),(주)프라임테크[00266208] 전라남도 광양시
c9894,농업회사법인 청수(주),달성군,대구연구개발특구,hq_elsewhere,본사 타지역: 농업회사법인청수주식회사(경상북도 청도군),농업회사법인청수주식회사[02051813] 경상북도 청도군
c9847,대영(주),달성군,대구연구개발특구,hq_elsewhere,본사 타지역: 주식회사 대영(경기도 안산시); (주)대영(서울특별시 중구); 주식회사 대영(충청북도 청주시),주식회사 대영[00172529] 경기도 안산시 | (주)대영[00111290] 서울특별시 중구 | 주식회사 대영[00252108] 충청북도 청주시 | (주) 대영[00228129] 경상북도 경주 | 주식회사 대영[01101476] 세종특별자치시 나리로 | 주식회사 대영[01140925] 경상북도 예천군 | 주식회사 대영[00976590] 울산광역시 남구 | 주식회사 대영[01468788] 인천광역시 중구
c0472,라파바이오(주),동구,대구연구개발특구,hq_elsewhere,본사 타지역: 라파바이오(주)(서울특별시 구로구),라파바이오(주)[00651983] 서울특별시 구로구
c9852,브로제코리아 주식회사,달성군,대구연구개발특구,hq_elsewhere,본사 타지역: 브로제코리아주식회사(경기도 수원시),브로제코리아주식회사[00822758] 경기도 수원시
c9857,아삽스틸코리아(주),달성군,대구연구개발특구,hq_elsewhere,본사 타지역: 아삽스틸코리아주식회사(인천광역시 남동구),아삽스틸코리아주식회사[00298775] 인천광역시 남동구
c0478,주식회사 기린,동구,대구연구개발특구,hq_elsewhere,본사 타지역: 주식회사 기린(경기도 고양시); (주)기린(부산광역시 기장군),주식회사 기린[00784759] 경기도 고양시 | (주)기린[00106508] 부산광역시 기장군
c0437,주식회사 덴티스,동구,대구연구개발특구,ambiguous,대구 본사 동명 2개,(주)덴티스[00664039] 대구광역시 달서구 | 주식회사 덴티스[01187494] 대구광역시 달서구
c9867,주식회사 신원,달성군,대구연구개발특구,hq_elsewhere,본사 타지역: (주)신원(경상남도 김해시); 주식회사 신원(전라남도 여수시); (주)신원(서울특별시 마포구),(주)신원[01471959] 경상남도 김해시 | 주식회사 신원[01625860] 전라남도 여수시 | (주)신원[00136864] 서울특별시 마포구 | (주)신원[00442783] 충청남도 아산시 | 주식회사 신원[01404896] 경상북도 고령군 | 신원[02049331] 경상남도 양산시
c0481,주식회사 오션,동구,대구연구개발특구,hq_elsewhere,본사 타지역: 주식회사오션(광주광역시 서구); 주식회사 오션(경기도 남양주시),주식회사오션[01027688] 광주광역시 서구 | 주식회사 오션[01460069] 경기도 남양주시
c9874,주식회사선우,달성군,대구연구개발특구,hq_elsewhere,본사 타지역: (주)선우(경상북도 고령군); (주)선우(경상남도 김해시); (주) 선우(울산광역시 울주군),(주)선우[00132008] 경상북도 고령군 | (주)선우[01012109] 경상남도 김해시 | (주) 선우[00872513] 울산광역시 울주군 | 주식회사 선우[01150311] 경상북도 경주시
c0487,프라나주식회사,동구,대구연구개발특구,hq_elsewhere,본사 타지역: 프라나 주식회사(광주광역시 서구),프라나 주식회사[00943158] 광주광역시 서구
c0594,(주)대건산업,서구,대구염색일반산업단지,hq_elsewhere,본사 타지역: 대건산업 주식회사(경기도 화성시); 주식회사 대건산업(경기도 안성시); 주식회사 대건산업(서울특별시 강남구),대건산업 주식회사[00668664] 경기도 화성시 | 주식회사 대건산업[00664604] 경기도 안성시 | 주식회사 대건산업[00108700] 서울특별시 강남구
c0615,(주)비케이글로벌,서구,대구염색일반산업단지,hq_elsewhere,본사 타지역: 주식회사 비케이글로벌(서울특별시 강남구),주식회사 비케이글로벌[00658311] 서울특별시 강남구
c0624,(주)세일섬유,서구,대구염색일반산업단지,hq_elsewhere,본사 타지역: 주식회사세일섬유(부산광역시 사상구),주식회사세일섬유[00414887] 부산광역시 사상구
c0668,(주)한국파일,서구,대구염색일반산업단지,hq_elsewhere,본사 타지역: 주식회사 한국파일(경기도 김포시),주식회사 한국파일[01825044] 경기도 김포시
c0680,경남산업,서구,대구염색일반산업단지,hq_elsewhere,본사 타지역: (주) 경남산업(인천광역시 남동구); 경남산업 (주)(부산광역시 동구),(주) 경남산업[00820486] 인천광역시 남동구 | 경남산업 (주)[01295599] 부산광역시 동구
c0857,고려,서구,대구염색일반산업단지,hq_elsewhere,본사 타지역: 주식회사 고려(부산광역시 중구); 유한회사 고려(경기도 부천시),주식회사 고려[01251142] 부산광역시 중구 | 유한회사 고려[01154326] 경기도 부천시
c0723,동신산업,서구,대구염색일반산업단지,hq_elsewhere,본사 타지역: 동신산업주식회사(제주특별자치도 북제주군); 동신산업(주)(충청북도 음성군); 동신산업(자)(경상북도 안동시),동신산업주식회사[00178693] 제주특별자치도 북제주군 | 동신산업(주)[00204633] 충청북도 음성군 | 동신산업(자)[00899495] 경상북도 안동시 | 동신산업(주)[00361831] 울산광역시 북구
c0830,한서실업(주),서구,대구염색일반산업단지,hq_elsewhere,본사 타지역: 한서실업주식회사(서울특별시 강남구),한서실업주식회사[00161736] 서울특별시 강남구
c8950,(주)나무,달성군,대구옥포농공단지,hq_elsewhere,본사 타지역: 주식회사 나무(서울특별시 강남구),주식회사 나무[01631515] 서울특별시 강남구
c8955,(주)동원개발,달성군,대구옥포농공단지,hq_elsewhere,본사 타지역: 동원개발(주)(강원도 원주시); (주)동원개발(부산광역시 수영구); (주)동원개발(경기도 김포시),동원개발(주)[00225034] 강원도 원주시 | (주)동원개발[00117966] 부산광역시 수영구 | (주)동원개발[01872291] 경기도 김포시
c9950,(주)신명,달성군,대구옥포농공단지,hq_elsewhere,본사 타지역: 주식회사 신명(전라북도 정읍시); (주)신명(부산광역시 해운대구); (주)신명(경기도 화성시),주식회사 신명[00397322] 전라북도 정읍시 | (주)신명[00973131] 부산광역시 해운대구 | (주)신명[01374771] 경기도 화성시 | (주)신명[00868033] 경기도 동두천시
c8968,(주)진성정밀,달성군,대구옥포농공단지,hq_elsewhere,본사 타지역: 주식회사 진성정밀(경상남도 진주시),주식회사 진성정밀[01588994] 경상남도 진주시
c9967,동진산업,달성군,대구옥포농공단지,hq_elsewhere,본사 타지역: 동진산업주식회사(경기도 남양주시); 동진산업(주)(경기도 수원시); 주식회사동진산업(경기도 남양주시),동진산업주식회사[00290773] 경기도 남양주시 | 동진산업(주)[00172972] 경기도 수원시 | 주식회사동진산업[01651935] 경기도 남양주시
c9979,우성산업,달성군,대구옥포농공단지,hq_elsewhere,본사 타지역: 우성산업(주)(부산광역시 동구); 우성산업 주식회사(경기도 파주시); 주식회사 우성산업(경상북도 칠곡군),우성산업(주)[00142670] 부산광역시 동구 | 우성산업 주식회사[00359508] 경기도 파주시 | 주식회사 우성산업[02021690] 경상북도 칠곡군
c0191,(주)동화인더스트리,동구,대구이시아폴리스일반산업단지,hq_elsewhere,본사 타지역: (주)동화인더스트리(경상북도 경산시),(주)동화인더스트리[00932587] 경상북도 경산시
c0192,(주)딜라이트,동구,대구이시아폴리스일반산업단지,hq_elsewhere,본사 타지역: 주식회사 딜라이트(경기도 용인시),주식회사 딜라이트[01292097] 경기도 용인시
c0198,(주)알이티,동구,대구이시아폴리스일반산업단지,hq_elsewhere,본사 타지역: 주식회사 알이티(충청북도 청주시),주식회사 알이티[02017350] 충청북도 청주시
c0205,(주)제이앤코슈,동구,대구이시아폴리스일반산업단지,hq_elsewhere,본사 타지역: 주식회사 제이앤코슈(경상북도 경산시),주식회사 제이앤코슈[01229259] 경상북도 경산시
c0209,(주)케이티앤지,동구,대구이시아폴리스일반산업단지,hq_elsewhere,본사 타지역: (주)케이티앤지(대전광역시 대덕구),(주)케이티앤지[00244455] 대전광역시 대덕구
c0217,(주)하나(지점),동구,대구이시아폴리스일반산업단지,hq_elsewhere,본사 타지역: (주)하나(충청북도 진천군); (주)하나(울산광역시 남구); (주)하나(경기도 양주시),(주)하나[00334961] 충청북도 진천군 | (주)하나[01410851] 울산광역시 남구 | (주)하나[01151505] 경기도 양주시 | (주)하나[00610755] 경기도 화성시 | 주식회사 하나[01507643] 경상북도 영천시 | (주)하나[00413745] 경상남도 창원시 | (주)하나[01832822] 경기도 여주시
c0221,(주)혜성전기,동구,대구이시아폴리스일반산업단지,hq_elsewhere,본사 타지역: (주)혜성전기(경상북도 의성군),(주)혜성전기[01284919] 경상북도 의성군
c0226,롯데로지스틱스(주),동구,대구이시아폴리스일반산업단지,hq_elsewhere,본사 타지역: 롯데로지스틱스(서울특별시 중구); 롯데로지스틱스(주)(서울특별시 중구); 롯데로지스틱스 주식회사(서울특별시 중구),롯데로지스틱스[00328696] 서울특별시 중구 | 롯데로지스틱스(주)[00120465] 서울특별시 중구 | 롯데로지스틱스 주식회사[01289987] 서울특별시 중구
c0237,중앙하이텔주식회사,동구,대구이시아폴리스일반산업단지,hq_elsewhere,본사 타지역: 중앙하이텔(주)(서울특별시 영등포구),중앙하이텔(주)[01454545] 서울특별시 영등포구
c7845,(주)라움,달서구,대구인쇄출판밸리,hq_elsewhere,본사 타지역: 주식회사 라움(경상북도 포항시); 주식회사 라움(인천광역시 서구),주식회사 라움[01291511] 경상북도 포항시 | 주식회사 라움[01737086] 인천광역시 서구
c7865,(주)제이피원,달서구,대구인쇄출판밸리,hq_elsewhere,본사 타지역: 주식회사 제이피원(경기도 성남시),주식회사 제이피원[01181409] 경기도 성남시
c7166,(주)케이랩,달서구,대구인쇄출판밸리,hq_elsewhere,본사 타지역: 주식회사 케이랩(경기도 군포시),주식회사 케이랩[01820854] 경기도 군포시
c7236,동주산업,달서구,대구인쇄출판밸리,hq_elsewhere,본사 타지역: 동주산업 주식회사(경상북도 포항시); 동주산업주식회사(인천광역시 남동구),동주산업 주식회사[00225964] 경상북도 포항시 | 동주산업주식회사[00251224] 인천광역시 남동구
c7893,두성종이(주),달서구,대구인쇄출판밸리,hq_elsewhere,본사 타지역: 두성종이(주)(서울특별시 서초구),두성종이(주)[00386928] 서울특별시 서초구
c7896,명신산업개발(주),달서구,대구인쇄출판밸리,hq_elsewhere,본사 타지역: 주식회사명신산업개발(서울특별시 금천구),주식회사명신산업개발[01752757] 서울특별시 금천구
c7909,아이아,달서구,대구인쇄출판밸리,hq_elsewhere,본사 타지역: 아이아주식회사(경기도 안산시),아이아주식회사[00108852] 경기도 안산시
c7302,엠에이치(주),달서구,대구인쇄출판밸리,hq_elsewhere,본사 타지역: (주)엠에이치(경기도 안산시); 엠에이치주식회사(경기도 광주시),(주)엠에이치[00926009] 경기도 안산시 | 엠에이치주식회사[01795707] 경기도 광주시
c7311,원팩,달서구,대구인쇄출판밸리,hq_elsewhere,본사 타지역: 주식회사 원팩(경기도 화성시),주식회사 원팩[01542150] 경기도 화성시
c7918,은성,달서구,대구인쇄출판밸리,hq_elsewhere,본사 타지역: 주식회사 은성(서울특별시 서초구); 주식회사 은성(경상남도 창원시); 주식회사 은성(세종특별자치시 한누리대로),주식회사 은성[00928353] 서울특별시 서초구 | 주식회사 은성[00510181] 경상남도 창원시 | 주식회사 은성[01071069] 세종특별자치시 한누리대로
c7927,케이앤씨,달서구,대구인쇄출판밸리,hq_elsewhere,본사 타지역: (주)케이앤씨(충청남도 논산시); (주)케이앤씨(경상북도 경산시); 주식회사 케이앤씨(강원도 춘천시),(주)케이앤씨[01181436] 충청남도 논산시 | (주)케이앤씨[00928034] 경상북도 경산시 | 주식회사 케이앤씨[01713916] 강원도 춘천시
c7930,티에이케이스펀테크(주),달서구,대구인쇄출판밸리,hq_elsewhere,본사 타지역: 티에이케이스펀테크 주식회사(경상북도 구미시),티에이케이스펀테크 주식회사[02007469] 경상북도 구미시
c7931,팔도,달서구,대구인쇄출판밸리,hq_elsewhere,본사 타지역: 주식회사 팔도(서울특별시 서초구),주식회사 팔도[00227643] 서울특별시 서초구
c7348,한별시스템,달서구,대구인쇄출판밸리,hq_elsewhere,본사 타지역: 한별시스템주식회사(강원도 춘천시),한별시스템주식회사[00341934] 강원도 춘천시
c7939,해성엔지니어링,달서구,대구인쇄출판밸리,hq_elsewhere,본사 타지역: 해성엔지니어링(주)(경기도 용인시),해성엔지니어링(주)[01736166] 경기도 용인시
c3015,(유)케이엠에스,북구,대구제3일반산업단지,hq_elsewhere,본사 타지역: 케이엠에스(주)(경기도 안양시); 주식회사케이엠에스(대전광역시 유성구); (주)케이엠에스(경기도 광주시),케이엠에스(주)[00271431] 경기도 안양시 | 주식회사케이엠에스[01454891] 대전광역시 유성구 | (주)케이엠에스[01651962] 경기도 광주시 | 주식회사 케이엠에스[01840265] 충청남도 금산군 | 주식회사 케이엠에스[01928086] 부산광역시 사하구
c3028,(주)금성산업,북구,대구제3일반산업단지,hq_elsewhere,본사 타지역: 금성산업 주식회사(전라남도 장성군); 주식회사 금성산업(경상남도 김해시); (주)금성산업(경상북도 칠곡군),금성산업 주식회사[00215949] 전라남도 장성군 | 주식회사 금성산업[01683004] 경상남도 김해시 | (주)금성산업[00442394] 경상북도 칠곡군
c3031,(주)남양산업,북구,대구제3일반산업단지,hq_elsewhere,본사 타지역: 남양산업(주)(경상북도 경산시); (주)남양산업(경상남도 창녕군),남양산업(주)[00363796] 경상북도 경산시 | (주)남양산업[00922359] 경상남도 창녕군
c3039,(주)대광디앤씨,북구,대구제3일반산업단지,hq_elsewhere,본사 타지역: (주) 대광디앤씨(경기도 오산시),(주) 대광디앤씨[00673310] 경기도 오산시
c3048,(주)더윈테크,북구,대구제3일반산업단지,hq_elsewhere,본사 타지역: 주식회사 더윈테크(경기도 파주시),주식회사 더윈테크[01742024] 경기도 파주시
c3058,(주)디에스,북구,대구제3일반산업단지,hq_elsewhere,본사 타지역: 주식회사 디에스(경기도 안산시); (주)디에스(경기도 화성시); 주식회사 디에스(경기도 의정부시),주식회사 디에스[00247920] 경기도 안산시 | (주)디에스[00314888] 경기도 화성시 | 주식회사 디에스[01300086] 경기도 의정부시 | 디에스주식회사[00654403] 전라남도 함평군 | 디에스(주)[00913661] 경기도 시흥시 | 주식회사 디에스[02022796] 경상남도 김해시
c3059,(주)디에스티,북구,대구제3일반산업단지,hq_elsewhere,본사 타지역: 디에스티 주식회사(경기도 성남시); 디에스티(경기도 시흥시); (주)디에스티(경상남도 함안군),디에스티 주식회사[00611657] 경기도 성남시 | 디에스티[00367826] 경기도 시흥시 | (주)디에스티[00811406] 경상남도 함안군 | 디에스티(주)[00661175] 경상남도 마산시 | (주)디에스티[01328240] 경기도 군포시 | 주식회사 디에스티[01415661] 제주특별자치도 제주시 | 주식회사 디에스티[00658816] 경상북도 칠곡군 | 디에스티(주)[00244419] 경상남도 창원시
c3064,(주)명성금속,북구,대구제3일반산업단지,hq_elsewhere,본사 타지역: 명성금속 주식회사(경상남도 김해시),명성금속 주식회사[01085150] 경상남도 김해시
c3067,(주)모나리자에스엠,북구,대구제3일반산업단지,hq_elsewhere,본사 타지역: (주)모나리자에스엠(경상북도 경산시),(주)모나리자에스엠[00894214] 경상북도 경산시
c3073,(주)베스트,북구,대구제3일반산업단지,hq_elsewhere,본사 타지역: 베스트 주식회사(경기도 용인시); 주식회사 베스트(경기도 용인시),베스트 주식회사[01257003] 경기도 용인시 | 주식회사 베스트[01548437] 경기도 용인시
c3077,(주)보성메탈,북구,대구제3일반산업단지,hq_elsewhere,본사 타지역: (주)보성메탈(충청북도 음성군),(주)보성메탈[01434675] 충청북도 음성군
c3078,(주)보영테크,북구,대구제3일반산업단지,hq_elsewhere,본사 타지역: (주)보영테크(경기도 오산시),(주)보영테크[01292981] 경기도 오산시
c3082,(주)부강,북구,대구제3일반산업단지,hq_elsewhere,본사 타지역: 주식회사 부강(경상남도 김해시),주식회사 부강[00919735] 경상남도 김해시
c2660,(주)비피,북구,대구제3일반산업단지,hq_elsewhere,본사 타지역: 주식회사 비피(광주광역시 광산구),주식회사 비피[01745836] 광주광역시 광산구
c3096,(주)삼진금속,북구,대구제3일반산업단지,hq_elsewhere,본사 타지역: (주)삼진금속(경상남도 김해시),(주)삼진금속[02013132] 경상남도 김해시
c3104,(주)성산하이텍,북구,대구제3일반산업단지,hq_elsewhere,본사 타지역: (주)성산하이텍(경상북도 칠곡군),(주)성산하이텍[00875130] 경상북도 칠곡군
c3105,(주)성우케미칼,북구,대구제3일반산업단지,hq_elsewhere,본사 타지역: 주식회사 성우케미칼(부산광역시 강서구),주식회사 성우케미칼[01627017] 부산광역시 강서구
c3106,(주)성은스텐레스상사,북구,대구제3일반산업단지,hq_elsewhere,본사 타지역: (주)성은스텐레스상사(경기도 안산시),(주)성은스텐레스상사[00927983] 경기도 안산시
c3108,(주)세강,북구,대구제3일반산업단지,hq_elsewhere,본사 타지역: (주)세강(부산광역시 해운대구),(주)세강[01508590] 부산광역시 해운대구
c3111,(주)세원하이텍(2공장),북구,대구제3일반산업단지,hq_elsewhere,본사 타지역: 주식회사 세원하이텍(경상북도 칠곡군),주식회사 세원하이텍[00955995] 경상북도 칠곡군
c3112,(주)세이텍,북구,대구제3일반산업단지,hq_elsewhere,본사 타지역: 주식회사 세이텍(경기도 안산시),주식회사 세이텍[00554875] 경기도 안산시
c3113,(주)세일정밀,북구,대구제3일반산업단지,hq_elsewhere,본사 타지역: 주식회사 세일정밀(경기도 화성시); (주)세일정밀(대전광역시 대덕구),주식회사 세일정밀[00809720] 경기도 화성시 | (주)세일정밀[01913701] 대전광역시 대덕구
c3116,(주)세화기계,북구,대구제3일반산업단지,hq_elsewhere,본사 타지역: 세화기계(주)(경상북도 경주시); 세화기계(주)(광주광역시 광산구); 주식회사 세화기계(충청남도 서산시),세화기계(주)[00679703] 경상북도 경주시 | 세화기계(주)[00303581] 광주광역시 광산구 | 주식회사 세화기계[00364591] 충청남도 서산시
c3123,(주)신진에스엠,북구,대구제3일반산업단지,hq_elsewhere,본사 타지역: 주식회사 신진에스엠(경상남도 김해시); (주)신진에스엠(전라북도 장수군),주식회사 신진에스엠[01768679] 경상남도 김해시 | (주)신진에스엠[00577380] 전라북도 장수군
c3127,(주)신화특수금속,북구,대구제3일반산업단지,hq_elsewhere,본사 타지역: 신화특수금속주식회사(경기도 부천시),신화특수금속주식회사[01664443] 경기도 부천시
c3128,(주)심우,북구,대구제3일반산업단지,hq_elsewhere,본사 타지역: (주)심우(경기도 시흥시); 주식회사 심우(경기도 김포시),(주)심우[00531069] 경기도 시흥시 | 주식회사 심우[01475830] 경기도 김포시
c3131,(주)앤비앤코퍼레이션,북구,대구제3일반산업단지,hq_elsewhere,본사 타지역: (주)앤비앤코퍼레이션(서울특별시 금천구),(주)앤비앤코퍼레이션[01916948] 서울특별시 금천구
c3134,(주)에스와이텍,북구,대구제3일반산업단지,hq_elsewhere,본사 타지역: 주식회사 에스와이텍(경기도 시흥시),주식회사 에스와이텍[01412770] 경기도 시흥시
c2675,(주)엠엔티,북구,대구제3일반산업단지,hq_elsewhere,본사 타지역: 주식회사 엠엔티(서울특별시 강남구),주식회사 엠엔티[01212426] 서울특별시 강남구
c3144,(주)엠티케이,북구,대구제3일반산업단지,hq_elsewhere,본사 타지역: 엠티케이 주식회사(울산광역시 북구),엠티케이 주식회사[00942946] 울산광역시 북구
c2676,(주)영현,북구,대구제3일반산업단지,hq_elsewhere,본사 타지역: (주)영현(경상북도 칠곡군); 주식회사 영현(경기도 안양시),(주)영현[01304170] 경상북도 칠곡군 | 주식회사 영현[01456765] 경기도 안양시
c3154,(주)월성테크,북구,대구제3일반산업단지,hq_elsewhere,본사 타지역: 주식회사 월성테크(경상북도 경산시),주식회사 월성테크[01137648] 경상북도 경산시
c3158,(주)유영,북구,대구제3일반산업단지,hq_elsewhere,본사 타지역: (주) 유영(전라북도 전주시); 주식회사 유영(경상남도 김해시),(주) 유영[00590637] 전라북도 전주시 | 주식회사 유영[01289710] 경상남도 김해시
c3159,(주)유한,북구,대구제3일반산업단지,hq_elsewhere,본사 타지역: (주) 유한(경기도 포천시),(주) 유한[00960748] 경기도 포천시
c3160,(주)은성하이텍,북구,대구제3일반산업단지,hq_elsewhere,본사 타지역: (주)은성하이텍(광주광역시 광산구),(주)은성하이텍[01019768] 광주광역시 광산구
c3161,(주)이노,북구,대구제3일반산업단지,hq_elsewhere,본사 타지역: 이노 주식회사(서울특별시 강남구),이노 주식회사[01226289] 서울특별시 강남구
c2679,(주)제이더블유엠,북구,대구제3일반산업단지,hq_elsewhere,본사 타지역: 제이더블유엠 주식회사(경상북도 포항시),제이더블유엠 주식회사[01214008] 경상북도 포항시
c3171,(주)지엔비,북구,대구제3일반산업단지,hq_elsewhere,본사 타지역: 주식회사 지엔비(경기도 성남시); 지엔비 주식회사(경기도 광주시),주식회사 지엔비[01871812] 경기도 성남시 | 지엔비 주식회사[01653429] 경기도 광주시
c3172,(주)창원산업,북구,대구제3일반산업단지,hq_elsewhere,본사 타지역: 창원산업주식회사(전라남도 나주시),창원산업주식회사[00366058] 전라남도 나주시
c3173,(주)청송,북구,대구제3일반산업단지,hq_elsewhere,본사 타지역: 청송주식회사(충청남도 논산시),청송주식회사[01467390] 충청남도 논산시
c3177,(주)태진,북구,대구제3일반산업단지,hq_elsewhere,본사 타지역: 주식회사 태진(경상남도 김해시); 주식회사 태진(경기도 양주시); (주)태진(경상북도 칠곡군),주식회사 태진[00237631] 경상남도 김해시 | 주식회사 태진[00928007] 경기도 양주시 | (주)태진[01157712] 경상북도 칠곡군 | (주)태진[00625562] 강원도 원주시 | 주식회사 태진[00365420] 경기도 평택시 | 주식회사 태진[01140305] 경상남도 김해시 | 주식회사 태진[01901742] 전라남도 영암군 | (주)태진[01457551] 경상남도 양산시
c3180,(주)티에스텍,북구,대구제3일반산업단지,hq_elsewhere,본사 타지역: 티에스텍주식회사(인천광역시 연수구),티에스텍주식회사[00571784] 인천광역시 연수구
c3191,(주)현진,북구,대구제3일반산업단지,hq_elsewhere,본사 타지역: (주)현진(충청북도 옥천군); 주식회사 현진(부산광역시 사하구); (주)현진(광주광역시 북구),(주)현진[00407355] 충청북도 옥천군 | 주식회사 현진[00610366] 부산광역시 사하구 | (주)현진[01662436] 광주광역시 북구 | 주식회사 현진[00786960] 강원도 춘천시 | (주)현진[01253478] 경기도 화성시 | 주식회사 현진[01862638] 경기도 파주시 | (주)현진[02023555] 부산광역시 강서구
c3192,(주)황금에스티,북구,대구제3일반산업단지,hq_elsewhere,본사 타지역: (주)황금에스티(경기도 안산시),(주)황금에스티[00218575] 경기도 안산시
c3223,거성산업,북구,대구제3일반산업단지,hq_elsewhere,본사 타지역: 거성산업(주)(인천광역시 동구); (주)거성산업(충청남도 천안시); 거성산업(주)(경기도 여주시),거성산업(주)[00100771] 인천광역시 동구 | (주)거성산업[01099001] 충청남도 천안시 | 거성산업(주)[00944449] 경기도 여주시 | 거성산업(주)[00633808] 인천광역시 서구
c3251,경일산업,북구,대구제3일반산업단지,hq_elsewhere,본사 타지역: 경일산업주식회사(경기도 수원시),경일산업주식회사[01017627] 경기도 수원시
c3256,경호테크,북구,대구제3일반산업단지,hq_elsewhere,본사 타지역: 경호테크주식회사(경상남도 사천시),경호테크주식회사[00991243] 경상남도 사천시
c3269,광명산업,북구,대구제3일반산업단지,hq_elsewhere,본사 타지역: 주식회사 광명산업(경상북도 칠곡군); 주식회사 광명산업(경기도 화성시); 광명산업주식회사(경기도 광명시),주식회사 광명산업[00451000] 경상북도 칠곡군 | 주식회사 광명산업[01734797] 경기도 화성시 | 광명산업주식회사[00205623] 경기도 광명시 | 광명산업(주)[01842795] 충청남도 공주시
c3274,광진산업,북구,대구제3일반산업단지,hq_elsewhere,본사 타지역: 광진산업주식회사(서울특별시 강남구); (주)광진산업(경상남도 창원시); 광진산업주식회사(경기도 시흥시),광진산업주식회사[00960526] 서울특별시 강남구 | (주)광진산업[01561076] 경상남도 창원시 | 광진산업주식회사[00969208] 경기도 시흥시 | 주식회사 광진산업[01333367] 충청남도 금산군
c3292,금광기업,북구,대구제3일반산업단지,hq_elsewhere,본사 타지역: 금광기업(주)(전라남도 화순군),금광기업(주)[00105545] 전라남도 화순군
c3293,금광테크,북구,대구제3일반산업단지,hq_elsewhere,본사 타지역: 주식회사 금광테크(경기도 화성시); 금광테크(주)(경상남도 김해시); (주)금광테크(경상남도 김해시),주식회사 금광테크[00666514] 경기도 화성시 | 금광테크(주)[00962302] 경상남도 김해시 | (주)금광테크[01829794] 경상남도 김해시
c3294,금보산업,북구,대구제3일반산업단지,hq_elsewhere,본사 타지역: 주식회사 금보산업(대전광역시 대덕구),주식회사 금보산업[01654978] 대전광역시 대덕구
c3300,금성프라스틱,북구,대구제3일반산업단지,hq_elsewhere,본사 타지역: (주) 금성프라스틱(경상북도 구미시),(주) 금성프라스틱[00210999] 경상북도 구미시
c3311,기산정공,북구,대구제3일반산업단지,hq_elsewhere,본사 타지역: 주식회사 기산정공(경기도 용인시),주식회사 기산정공[01486553] 경기도 용인시
c3313,기원정밀,북구,대구제3일반산업단지,hq_elsewhere,본사 타지역: 기원정밀(주)(경기도 화성시),기원정밀(주)[01499186] 경기도 화성시
c3321,나노하이테크,북구,대구제3일반산업단지,hq_elsewhere,본사 타지역: (주)나노하이테크(대전광역시 유성구),(주)나노하이테크[01641646] 대전광역시 유성구
c3330,네오테크,북구,대구제3일반산업단지,hq_elsewhere,본사 타지역: 주식회사네오테크(경상북도 김천시); 주식회사 네오테크(경기도 용인시); 네오테크 주식회사(광주광역시 서구),주식회사네오테크[01766875] 경상북도 김천시 | 주식회사 네오테크[01731143] 경기도 용인시 | 네오테크 주식회사[01919644] 광주광역시 서구 | 주식회사 네오테크[02020284] 경상남도 김해시
c3343,대경산업,북구,대구제3일반산업단지,hq_elsewhere,본사 타지역: (주)대경산업(경상남도 합천군); 대경산업(주)(경기도 고양시),(주)대경산업[01022887] 경상남도 합천군 | 대경산업(주)[01646997] 경기도 고양시
c3345,대경정밀,북구,대구제3일반산업단지,hq_elsewhere,본사 타지역: 주식회사 대경정밀(경기도 시흥시),주식회사 대경정밀[00581198] 경기도 시흥시
c3346,대경케미칼,북구,대구제3일반산업단지,hq_elsewhere,본사 타지역: 대경케미칼(경상남도 김해시),대경케미칼[01945083] 경상남도 김해시
c3347,대광,북구,대구제3일반산업단지,hq_elsewhere,본사 타지역: 주식회사 대광(경상남도 김해시); 주식회사 대광(경상북도 칠곡군); (주)대광(경상남도 고성군),주식회사 대광[00252047] 경상남도 김해시 | 주식회사 대광[00192143] 경상북도 칠곡군 | (주)대광[00681841] 경상남도 고성군 | (주)대광[01081385] 경기도 안산시
c3348,대광금속,북구,대구제3일반산업단지,hq_elsewhere,본사 타지역: 주식회사 대광금속(경기도 안산시); 주식회사 대광금속(경기도 평택시),주식회사 대광금속[00570068] 경기도 안산시 | 주식회사 대광금속[01557240] 경기도 평택시
c3380,대성금속,북구,대구제3일반산업단지,hq_elsewhere,본사 타지역: 대성금속(주)(인천광역시 서구),대성금속(주)[01148778] 인천광역시 서구
c3385,대성정밀,북구,대구제3일반산업단지,hq_elsewhere,본사 타지역: (주)대성정밀(강원도 원주시),(주)대성정밀[01696965] 강원도 원주시
c3388,대승산업,북구,대구제3일반산업단지,hq_elsewhere,본사 타지역: 주식회사 대승산업(경기도 광명시),주식회사 대승산업[01540666] 경기도 광명시
c3389,대승정밀(주),북구,대구제3일반산업단지,hq_elsewhere,본사 타지역: 대승정밀(주)(경기도 평택시),대승정밀(주)[00414470] 경기도 평택시
c3394,대신정밀,북구,대구제3일반산업단지,hq_elsewhere,본사 타지역: 대신정밀(주)(경상남도 양산시),대신정밀(주)[00929945] 경상남도 양산시
c3402,대양산업,북구,대구제3일반산업단지,hq_elsewhere,본사 타지역: 대양산업(주)(경상북도 칠곡군); 대양산업주식회사(부산광역시 동구); 대양산업(주)(충청남도 당진시),대양산업(주)[01100954] 경상북도 칠곡군 | 대양산업주식회사[00172510] 부산광역시 동구 | 대양산업(주)[01437876] 충청남도 당진시
c3404,대양정밀,북구,대구제3일반산업단지,hq_elsewhere,본사 타지역: (주)대양정밀(경상남도 김해시),(주)대양정밀[01772566] 경상남도 김해시
c3408,대영산업,북구,대구제3일반산업단지,hq_elsewhere,본사 타지역: 대영산업 주식회사(전라남도 해남군); 대영산업(주)(경기도 시흥시); 대영산업 주식회사(경상남도 함양군),대영산업 주식회사[00822590] 전라남도 해남군 | 대영산업(주)[00918231] 경기도 시흥시 | 대영산업 주식회사[00663270] 경상남도 함양군 | 대영산업(주)[01014426] 인천광역시 남동구 | 대영산업(주)[00836654] 울산광역시 북구
c3411,대왕산업,북구,대구제3일반산업단지,hq_elsewhere,본사 타지역: (주)대왕산업(경상북도 포항시); 주식회사 대왕산업(부산광역시 사상구); 대왕산업(주)(서울특별시 종로구),(주)대왕산업[00834726] 경상북도 포항시 | 주식회사 대왕산업[00677477] 부산광역시 사상구 | 대왕산업(주)[00172556] 서울특별시 종로구
c3419,대우정밀,북구,대구제3일반산업단지,hq_elsewhere,본사 타지역: (주)대우정밀(경기도 시흥시),(주)대우정밀[00417130] 경기도 시흥시
c3441,대진산업,북구,대구제3일반산업단지,hq_elsewhere,본사 타지역: 대진산업(주)(충청북도 괴산군); 주식회사 대진산업(경기도 부천시); 주식회사 대진산업(세종특별자치시 금남면),대진산업(주)[00382852] 충청북도 괴산군 | 주식회사 대진산업[00411701] 경기도 부천시 | 주식회사 대진산업[02029294] 세종특별자치시 금남면
c3442,대진테크,북구,대구제3일반산업단지,hq_elsewhere,본사 타지역: (주)대진테크(경상남도 김해시); 대진테크(경기도 화성시),(주)대진테크[00937306] 경상남도 김해시 | 대진테크[00579023] 경기도 화성시
c3448,대한정밀,북구,대구제3일반산업단지,hq_elsewhere,본사 타지역: 대한정밀주식회사(충청남도 천안시),대한정밀주식회사[00332167] 충청남도 천안시
c3458,더윈(THE WIN),북구,대구제3일반산업단지,hq_elsewhere,본사 타지역: 주식회사 더윈(경기도 고양시),주식회사 더윈[01550283] 경기도 고양시
c3476,동남정공,북구,대구제3일반산업단지,hq_elsewhere,본사 타지역: (주)동남정공(경상북도 칠곡군),(주)동남정공[01086007] 경상북도 칠곡군
c3478,동산테크,북구,대구제3일반산업단지,hq_elsewhere,본사 타지역: (주) 동산테크(경기도 안산시); (주)동산테크(서울특별시 마포구); (주)동산테크(경상남도 함안군),(주) 동산테크[00985516] 경기도 안산시 | (주)동산테크[01280913] 서울특별시 마포구 | (주)동산테크[01017274] 경상남도 함안군
c3482,동서테크,북구,대구제3일반산업단지,hq_elsewhere,본사 타지역: 주식회사 동서테크(경상북도 칠곡군),주식회사 동서테크[00667586] 경상북도 칠곡군
c3483,동성,북구,대구제3일반산업단지,hq_elsewhere,본사 타지역: 주식회사 동성(전라북도 전주시); (주)동성(부산광역시 동구); 유한회사동성(전라북도 익산시),주식회사 동성[01044311] 전라북도 전주시 | (주)동성[00198299] 부산광역시 동구 | 유한회사동성[01659362] 전라북도 익산시 | 주식회사 동성[01393828] 강원도 강릉시 | (주)동성[00667300] 경기도 양주시 | (주)동성[00490160] 경기도 화성시
c3484,동성정밀,북구,대구제3일반산업단지,hq_elsewhere,본사 타지역: 주식회사 동성정밀(경기도 김포시); (주)동성정밀(경기도 용인시),주식회사 동성정밀[00601678] 경기도 김포시 | (주)동성정밀[01087307] 경기도 용인시
c3488,동아기업,북구,대구제3일반산업단지,hq_elsewhere,본사 타지역: (주)동아기업(울산광역시 북구),(주)동아기업[00768654] 울산광역시 북구
c3490,동아정공,북구,대구제3일반산업단지,hq_elsewhere,본사 타지역: 동아정공(주)(강원도 원주시),동아정공(주)[01177655] 강원도 원주시
c3491,동양기계,북구,대구제3일반산업단지,hq_elsewhere,본사 타지역: 주식회사 동양기계(인천광역시 남동구),주식회사 동양기계[01760260] 인천광역시 남동구
c3493,동영산업,북구,대구제3일반산업단지,hq_elsewhere,본사 타지역: (주)동영산업(전라남도 순천시),(주)동영산업[00508380] 전라남도 순천시
c3499,동원정밀,북구,대구제3일반산업단지,hq_elsewhere,본사 타지역: 동원정밀 주식회사(경상남도 창원시),동원정밀 주식회사[01739899] 경상남도 창원시
c3503,동원하이텍,북구,대구제3일반산업단지,hq_elsewhere,본사 타지역: 주식회사동원하이텍(인천광역시 남동구),주식회사동원하이텍[00968528] 인천광역시 남동구
c3505,동일금속,북구,대구제3일반산업단지,hq_elsewhere,본사 타지역: 동일금속(주)(경상북도 영천시); (주)동일금속(울산광역시 북구),동일금속(주)[00118284] 경상북도 영천시 | (주)동일금속[01695416] 울산광역시 북구
c3507,동일산업,북구,대구제3일반산업단지,hq_elsewhere,본사 타지역: 동일산업주식회사(경상북도 경산시); 동일산업 주식회사(부산광역시 사상구); 동일산업주식회사(전라남도 담양군),동일산업주식회사[00238588] 경상북도 경산시 | 동일산업 주식회사[00118336] 부산광역시 사상구 | 동일산업주식회사[00118354] 전라남도 담양군 | 동일산업(주)[00565862] 울산광역시 남구 | 동일산업(주)[00172936] 경상북도 포항시
c3518,두레,북구,대구제3일반산업단지,hq_elsewhere,본사 타지역: 주식회사 두레(경기도 이천시); 주식회사두레(부산광역시 기장군),주식회사 두레[00960261] 경기도 이천시 | 주식회사두레[01284016] 부산광역시 기장군
c3520,드림디앤씨(주),북구,대구제3일반산업단지,hq_elsewhere,본사 타지역: 드림디앤씨 주식회사(경기도 평택시); 드림디앤씨(광주광역시 북구),드림디앤씨 주식회사[01553730] 경기도 평택시 | 드림디앤씨[01779329] 광주광역시 북구
c3524,디에스씨(DSC),북구,대구제3일반산업단지,hq_elsewhere,본사 타지역: 디에스씨(주)(충청북도 청주시); (주)디에스씨(경기도 김포시),디에스씨(주)[01826317] 충청북도 청주시 | (주)디에스씨[02025845] 경기도 김포시
c3528,디케이(DK),북구,대구제3일반산업단지,hq_elsewhere,본사 타지역: (주)디케이(경상북도 경주시); 주식회사 디케이(경상남도 창원시); (주)디케이(경기도 양주시),(주)디케이[00556961] 경상북도 경주시 | 주식회사 디케이[00406143] 경상남도 창원시 | (주)디케이[01077230] 경기도 양주시 | 디케이 주식회사[00479121] 광주광역시 광산구 | 디케이주식회사[01229897] 경상남도 거제시 | 주식회사 디케이[01144277] 경상남도 합천군
c2765,마디,북구,대구제3일반산업단지,hq_elsewhere,본사 타지역: 주식회사 마디(광주광역시 북구),주식회사 마디[01073793] 광주광역시 북구
c3542,명보산업,북구,대구제3일반산업단지,hq_elsewhere,본사 타지역: 명보산업 (주)(광주광역시 북구); 주식회사 명보산업 (경상북도 경주시),명보산업 (주)[01037366] 광주광역시 북구 | 주식회사 명보산업 [01467628] 경상북도 경주시
c3549,명신산업,북구,대구제3일반산업단지,hq_elsewhere,본사 타지역: 주식회사명신산업(경상북도 포항시); 명신산업(주)(경상북도 경주시),주식회사명신산업[00293716] 경상북도 포항시 | 명신산업(주)[00173078] 경상북도 경주시
c3554,명진기공,북구,대구제3일반산업단지,hq_elsewhere,본사 타지역: 주식회사명진기공(경상남도 창원시),주식회사명진기공[01027192] 경상남도 창원시
c3557,명진테크,북구,대구제3일반산업단지,hq_elsewhere,본사 타지역: (주)명진테크(인천광역시 동구); (주)명진테크(부산광역시 기장군); 주식회사명진테크(경기도 시흥시),(주)명진테크[01289640] 인천광역시 동구 | (주)명진테크[00961677] 부산광역시 기장군 | 주식회사명진테크[00496030] 경기도 시흥시
c3558,모던테크,북구,대구제3일반산업단지,hq_elsewhere,본사 타지역: (주)모던테크(경기도 안산시),(주)모던테크[01252026] 경기도 안산시
c3568,민테크,북구,대구제3일반산업단지,hq_elsewhere,본사 타지역: 주식회사 민테크(대전광역시 유성구),주식회사 민테크[01689035] 대전광역시 유성구
c3583,보성엔지니어링,북구,대구제3일반산업단지,hq_elsewhere,본사 타지역: (주)보성엔지니어링(부산광역시 동구),(주)보성엔지니어링[00530361] 부산광역시 동구
c3587,부강실업,북구,대구제3일반산업단지,hq_elsewhere,본사 타지역: 주식회사 부강실업(경기도 안양시),주식회사 부강실업[00964984] 경기도 안양시
c3615,부원,북구,대구제3일반산업단지,hq_elsewhere,본사 타지역: (주)부원(경상남도 창원시); (주)부원(충청남도 천안시); (주)부원(부산광역시 연제구),(주)부원[00630908] 경상남도 창원시 | (주)부원[00833231] 충청남도 천안시 | (주)부원[00173184] 부산광역시 연제구 | 주식회사 부원[01561173] 경기도 파주시
c3633,삼미산업,북구,대구제3일반산업단지,hq_elsewhere,본사 타지역: 삼미산업주식회사(경기도 안산시),삼미산업주식회사[00218724] 경기도 안산시
c3637,삼부금속,북구,대구제3일반산업단지,hq_elsewhere,본사 타지역: 주식회사삼부금속(경상남도 밀양시),주식회사삼부금속[01078877] 경상남도 밀양시
c3639,삼부철강,북구,대구제3일반산업단지,hq_elsewhere,본사 타지역: 삼부철강(주)(광주광역시 광산구),삼부철강(주)[01841398] 광주광역시 광산구
c3651,삼우실업,북구,대구제3일반산업단지,hq_elsewhere,본사 타지역: (주)삼우실업(경기도 남양주시),(주)삼우실업[01224856] 경기도 남양주시
c3659,삼화정밀,북구,대구제3일반산업단지,hq_elsewhere,본사 타지역: 삼화정밀주식회사(경기도 시흥시),삼화정밀주식회사[00404899] 경기도 시흥시
c3663,상신산업,북구,대구제3일반산업단지,hq_elsewhere,본사 타지역: 주식회사상신산업(충청남도 당진시); (주)상신산업(경기도 광주시),주식회사상신산업[00411640] 충청남도 당진시 | (주)상신산업[01404249] 경기도 광주시
c3676,서진테크,북구,대구제3일반산업단지,hq_elsewhere,본사 타지역: 서진테크(주)(경상남도 창원시),서진테크(주)[00587615] 경상남도 창원시
c3683,성림산업,북구,대구제3일반산업단지,hq_elsewhere,본사 타지역: 성림산업(주)(강원도 동해시); 성림산업(주)(경기도 화성시),성림산업(주)[01043279] 강원도 동해시 | 성림산업(주)[00181828] 경기도 화성시
c3696,성우엔지니어링,북구,대구제3일반산업단지,hq_elsewhere,본사 타지역: (주)성우엔지니어링(충청남도 아산시),(주)성우엔지니어링[01682069] 충청남도 아산시
c3704,성지산업,북구,대구제3일반산업단지,hq_elsewhere,본사 타지역: 주식회사 성지산업(경기도 시흥시),주식회사 성지산업[01692932] 경기도 시흥시
c3710,성창기업,북구,대구제3일반산업단지,hq_elsewhere,본사 타지역: 성창기업주식회사(부산광역시 사하구),성창기업주식회사[00699521] 부산광역시 사하구
c3711,성창산업,북구,대구제3일반산업단지,hq_elsewhere,본사 타지역: 성창산업주식회사(경기도 부천시); (주)성창산업(경기도 용인시),성창산업주식회사[00510242] 경기도 부천시 | (주)성창산업[00280749] 경기도 용인시
c3714,성화물산,북구,대구제3일반산업단지,hq_elsewhere,본사 타지역: 성화물산 주식회사(서울특별시 서초구),성화물산 주식회사[00675123] 서울특별시 서초구
c3715,성화산업,북구,대구제3일반산업단지,hq_elsewhere,본사 타지역: 성화산업(주)(경상북도 구미시); 성화산업주식회사(경상남도 진주시),성화산업(주)[00189741] 경상북도 구미시 | 성화산업주식회사[00133414] 경상남도 진주시
c3728,세명테크,북구,대구제3일반산업단지,hq_elsewhere,본사 타지역: (주)세명테크(경기도 광명시); (주)세명테크(충청남도 아산시),(주)세명테크[00368560] 경기도 광명시 | (주)세명테크[00831978] 충청남도 아산시
c3733,세양정공,북구,대구제3일반산업단지,hq_elsewhere,본사 타지역: (주)세양정공(경상남도 함안군),(주)세양정공[00578404] 경상남도 함안군
c3736,세원정밀,북구,대구제3일반산업단지,hq_elsewhere,본사 타지역: 세원정밀(주)(경기도 화성군); (주)세원정밀(서울특별시 성동구); 세원정밀(주)(경기도 부천시),세원정밀(주)[00182207] 경기도 화성군 | (주)세원정밀[00321611] 서울특별시 성동구 | 세원정밀(주)[02043267] 경기도 부천시
c3742,세진산업,북구,대구제3일반산업단지,hq_elsewhere,본사 타지역: 세진산업(주)(경상남도 창원시),세진산업(주)[00674683] 경상남도 창원시
c3743,세진정공,북구,대구제3일반산업단지,hq_elsewhere,본사 타지역: (주)세진정공(부산광역시 사하구); 세진정공주식회사(경상북도 경주시),(주)세진정공[00258449] 부산광역시 사하구 | 세진정공주식회사[00870135] 경상북도 경주시
c3744,세진정밀,북구,대구제3일반산업단지,hq_elsewhere,본사 타지역: 세진정밀(인천광역시 남동구),세진정밀[00689393] 인천광역시 남동구
c3747,세창,북구,대구제3일반산업단지,hq_elsewhere,본사 타지역: (주)세창(전라남도 영암군); (주)세창(서울특별시 강남구); 주식회사세창(전라북도 군산시),(주)세창[00868644] 전라남도 영암군 | (주)세창[00221825] 서울특별시 강남구 | 주식회사세창[00805894] 전라북도 군산시 | 주식회사 세창[00603250] 경기도 안성시 | 주식회사 세창[00104935] 대전광역시 서구 | (주)세창[01546518] 경상북도 포항시
c3770,신광기업,북구,대구제3일반산업단지,hq_elsewhere,본사 타지역: 신광기업(주)(충청남도 아산시),신광기업(주)[00135670] 충청남도 아산시
c3773,신성산업,북구,대구제3일반산업단지,hq_elsewhere,본사 타지역: 신성산업(주)(경기도 시흥시); 신성산업 주식회사(경상북도 영천시); (주)신성산업(충청북도 음성군),신성산업(주)[00988197] 경기도 시흥시 | 신성산업 주식회사[01133758] 경상북도 영천시 | (주)신성산업[00523088] 충청북도 음성군 | 주식회사 신성산업[02049696] 경상남도 사천시
c3774,신성테크,북구,대구제3일반산업단지,hq_elsewhere,본사 타지역: 주식회사 신성테크(충청남도 아산시); 신성테크 주식회사(경상남도 양산시); (주)신성테크(광주광역시 광산구),주식회사 신성테크[01077179] 충청남도 아산시 | 신성테크 주식회사[01655241] 경상남도 양산시 | (주)신성테크[01759990] 광주광역시 광산구
c3781,신에이코리아 주식회사,북구,대구제3일반산업단지,hq_elsewhere,본사 타지역: 신에이코리아 주식회사(경상남도 김해시),신에이코리아 주식회사[01489028] 경상남도 김해시
c3785,신영하이테크,북구,대구제3일반산업단지,hq_elsewhere,본사 타지역: 주식회사 신영하이테크(전라남도 무안군),주식회사 신영하이테크[00250438] 전라남도 무안군
c3789,신일정공,북구,대구제3일반산업단지,hq_elsewhere,본사 타지역: (주)신일정공(강원도 원주시); 신일정공(주)(경기도 안산),(주)신일정공[00404376] 강원도 원주시 | 신일정공(주)[00233787] 경기도 안산
c3792,신진정공,북구,대구제3일반산업단지,hq_elsewhere,본사 타지역: (주)신진정공(경상남도 창원시); 신진정공(주)(인천광역시 남동구),(주)신진정공[01082241] 경상남도 창원시 | 신진정공(주)[00364759] 인천광역시 남동구
c3805,아림정밀,북구,대구제3일반산업단지,hq_elsewhere,본사 타지역: (주)아림정밀(경상남도 창원시),(주)아림정밀[01253177] 경상남도 창원시
c3810,아이엠티(IMT),북구,대구제3일반산업단지,hq_elsewhere,본사 타지역: (주)아이엠티(세종특별자치시 연동면); (주)아이엠티(경기도 수원시),(주)아이엠티[01209343] 세종특별자치시 연동면 | (주)아이엠티[01546101] 경기도 수원시
c3827,에스엘테크,북구,대구제3일반산업단지,hq_elsewhere,본사 타지역: 주식회사 에스엘테크(경기도 안산시); 주식회사 에스엘테크(경상북도 경산시); 에스엘테크(주)(경기도 군포시),주식회사 에스엘테크[00521202] 경기도 안산시 | 주식회사 에스엘테크[00247708] 경상북도 경산시 | 에스엘테크(주)[00503163] 경기도 군포시 | 주식회사 에스엘테크[01582422] 경기도 포천시 | (주)에스엘테크[00447229] 경상북도 경산시
c3828,에스엘티,북구,대구제3일반산업단지,hq_elsewhere,본사 타지역: 에스엘티(주)(충청남도 천안시),에스엘티(주)[01558683] 충청남도 천안시
c3829,에스엠 (SM) 이엔지,북구,대구제3일반산업단지,hq_elsewhere,본사 타지역: (주)에스엠이엔지(부산광역시 사상구),(주)에스엠이엔지[01677669] 부산광역시 사상구
c3830,에스엠티(SMT),북구,대구제3일반산업단지,hq_elsewhere,본사 타지역: 에스엠티주식회사(경기도 성남시); 주식회사 에스엠티(경상남도 창원시); (주)에스엠티(경기도 안산시),에스엠티주식회사[00960119] 경기도 성남시 | 주식회사 에스엠티[01150250] 경상남도 창원시 | (주)에스엠티[01082773] 경기도 안산시 | 주식회사 에스엠티[01840414] 경기도 시흥시 | (주)에스엠티[00848349] 경상북도 경산시
c3831,에이스테크,북구,대구제3일반산업단지,hq_elsewhere,본사 타지역: 에이스테크 주식회사(울산광역시 북구); 에이스테크(광주광역시 광산구); (주)에이스테크(경기도 화성시),에이스테크 주식회사[01454235] 울산광역시 북구 | 에이스테크[01538315] 광주광역시 광산구 | (주)에이스테크[00648615] 경기도 화성시 | 주식회사 에이스테크[01645086] 충청남도 서산시 | (주)에이스테크놀로지[00556907] 인천광역시 연수구
c3832,에이스푸드,북구,대구제3일반산업단지,hq_elsewhere,본사 타지역: (주)에이스푸드(경기도 구리시),(주)에이스푸드[01744624] 경기도 구리시
c3833,에이엠씨,북구,대구제3일반산업단지,hq_elsewhere,본사 타지역: 에이엠씨(주)(충청북도 음성군),에이엠씨(주)[00857082] 충청북도 음성군
c3834,에이엠티(주),북구,대구제3일반산업단지,hq_elsewhere,본사 타지역: (주)에이엠티(서울특별시 서초구); 에이엠티 주식회사(충청남도 아산시); (주)에이엠티(경기도 화성시),(주)에이엠티[00304447] 서울특별시 서초구 | 에이엠티 주식회사[00970985] 충청남도 아산시 | (주)에이엠티[01908347] 경기도 화성시
c3837,에이치제이테크,북구,대구제3일반산업단지,hq_elsewhere,본사 타지역: 주식회사에이치제이테크(경상남도 창원시),주식회사에이치제이테크[01777367] 경상남도 창원시
c3842,엠엘티(MLT),북구,대구제3일반산업단지,hq_elsewhere,본사 타지역: (주)엠엘티(경기도 오산시),(주)엠엘티[00274669] 경기도 오산시
c3851,영동테크,북구,대구제3일반산업단지,hq_elsewhere,본사 타지역: 주식회사 영동테크(경상남도 창원시); (주)영동테크(경상북도 경산시),주식회사 영동테크[00829690] 경상남도 창원시 | (주)영동테크[01792542] 경상북도 경산시
c3863,영진테크,북구,대구제3일반산업단지,hq_elsewhere,본사 타지역: 영진테크(주)(경기도 고양시); 주식회사 영진테크(경기도 부천시); 주식회사 영진테크(경상남도 창원시),영진테크(주)[00117319] 경기도 고양시 | 주식회사 영진테크[00811114] 경기도 부천시 | 주식회사 영진테크[01301191] 경상남도 창원시
c3873,오성테크,북구,대구제3일반산업단지,hq_elsewhere,본사 타지역: (주)오성테크(경기도 화성시); 주식회사 오성테크(경기도 시흥시),(주)오성테크[00984915] 경기도 화성시 | 주식회사 오성테크[01208362] 경기도 시흥시
c3888,우성산업,북구,대구제3일반산업단지,hq_elsewhere,본사 타지역: 우성산업(주)(부산광역시 동구); 우성산업 주식회사(경기도 파주시); 주식회사 우성산업(경상북도 칠곡군),우성산업(주)[00142670] 부산광역시 동구 | 우성산업 주식회사[00359508] 경기도 파주시 | 주식회사 우성산업[02021690] 경상북도 칠곡군
c3890,우성정공,북구,대구제3일반산업단지,hq_elsewhere,본사 타지역: 우성정공(주)(경상남도 진주시); (주)우성정공(광주광역시 북구),우성정공(주)[01726372] 경상남도 진주시 | (주)우성정공[00806176] 광주광역시 북구
c3899,우진산업,북구,대구제3일반산업단지,hq_elsewhere,본사 타지역: 우진산업(주)(전라남도 목포시); 우진산업(주)(경상남도 창원시); (주)우진산업(경상남도 함안군),우진산업(주)[00369152] 전라남도 목포시 | 우진산업(주)[00673222] 경상남도 창원시 | (주)우진산업[01407750] 경상남도 함안군 | 우진산업 주식회사[00229924] 서울특별시 서초구 | 주식회사 우진산업[00524768] 경기도 김포시
c3900,우진엔지니어링,북구,대구제3일반산업단지,hq_elsewhere,본사 타지역: 주식회사 우진엔지니어링(경기도 화성시),주식회사 우진엔지니어링[00867469] 경기도 화성시
c3901,우진테크,북구,대구제3일반산업단지,hq_elsewhere,본사 타지역: (주)우진테크(부산광역시 사하구),(주)우진테크[01330403] 부산광역시 사하구
c3908,원진테크,북구,대구제3일반산업단지,hq_elsewhere,본사 타지역: 원진테크 (주)(울산광역시 울주군),원진테크 (주)[01830596] 울산광역시 울주군
c3909,원테크,북구,대구제3일반산업단지,hq_elsewhere,본사 타지역: 주식회사 원테크(대전광역시 유성구); (주)원테크(경기도 화성시),주식회사 원테크[01776058] 대전광역시 유성구 | (주)원테크[01956919] 경기도 화성시
c3913,윈테크,북구,대구제3일반산업단지,hq_elsewhere,본사 타지역: 주식회사윈테크(충청북도 청주시); 윈테크 주식회사(충청북도 진천군); 주식회사윈테크(경상남도 함안군),주식회사윈테크[00481579] 충청북도 청주시 | 윈테크 주식회사[00641409] 충청북도 진천군 | 주식회사윈테크[01765159] 경상남도 함안군 | (주)윈테크[01200157] 울산광역시 울주군
c3919,유성테크,북구,대구제3일반산업단지,hq_elsewhere,본사 타지역: 주식회사 유성테크(경상남도 창원시); 주식회사 유성테크(대전광역시 대덕구),주식회사 유성테크[00578787] 경상남도 창원시 | 주식회사 유성테크[00615121] 대전광역시 대덕구
c3924,유영정공,북구,대구제3일반산업단지,hq_elsewhere,본사 타지역: (주)유영정공(전라북도 군산시),(주)유영정공[01032024] 전라북도 군산시
c3926,유일테크,북구,대구제3일반산업단지,hq_elsewhere,본사 타지역: (주)유일테크(경기도 파주시),(주)유일테크[00545868] 경기도 파주시
c3927,유진산업,북구,대구제3일반산업단지,hq_elsewhere,본사 타지역: 유진산업(주)(충청남도 예산군); (주)유진산업(부산광역시 사하구); 유진산업 주식회사(경상남도 김해시),유진산업(주)[00197689] 충청남도 예산군 | (주)유진산업[00144915] 부산광역시 사하구 | 유진산업 주식회사[01915064] 경상남도 김해시
c3928,유진테크,북구,대구제3일반산업단지,hq_elsewhere,본사 타지역: (주)유진테크(경기도 용인시),(주)유진테크[00531014] 경기도 용인시
c3934,윤성산업,북구,대구제3일반산업단지,hq_elsewhere,본사 타지역: (주)윤성산업(경기도 안양시); 윤성산업(주)(광주광역시 광산구),(주)윤성산업[01299461] 경기도 안양시 | 윤성산업(주)[01920853] 광주광역시 광산구
c3937,은광산업,북구,대구제3일반산업단지,hq_elsewhere,본사 타지역: 은광산업(주)(부산광역시 강서구),은광산업(주)[00615015] 부산광역시 강서구
c3938,은산,북구,대구제3일반산업단지,hq_elsewhere,본사 타지역: (주)은산(경기도 용인시),(주)은산[01179264] 경기도 용인시
c3946,이레산업,북구,대구제3일반산업단지,hq_elsewhere,본사 타지역: 주식회사 이레산업(경기도 남양주시); 이레산업(주)(경상남도 창원시),주식회사 이레산업[01361537] 경기도 남양주시 | 이레산업(주)[01926954] 경상남도 창원시
c3950,이에스티(EST),북구,대구제3일반산업단지,hq_elsewhere,본사 타지역: 주식회사 이에스티(경기도 안성시); 주식회사 이에스티(울산광역시 울주군); (주)이에스티(경상북도 구미시),주식회사 이에스티[00817932] 경기도 안성시 | 주식회사 이에스티[00491576] 울산광역시 울주군 | (주)이에스티[01311064] 경상북도 구미시 | 주식회사이에스티[01378005] 경기도 오산시 | 주식회사 이에스티[01217102] 경기도 화성시
c3963,일성산업,북구,대구제3일반산업단지,hq_elsewhere,본사 타지역: (주)일성산업(경기도 김포시); (주)일성산업(경상북도 성주군),(주)일성산업[01666122] 경기도 김포시 | (주)일성산업[01304523] 경상북도 성주군
c3966,일성테크,북구,대구제3일반산업단지,hq_elsewhere,본사 타지역: (주)일성테크(경상남도 창원시); (주)일성테크(경상북도 칠곡군),(주)일성테크[00929149] 경상남도 창원시 | (주)일성테크[01735662] 경상북도 칠곡군
c3988,제이디,북구,대구제3일반산업단지,hq_elsewhere,본사 타지역: 제이디 주식회사(서울특별시 서초구); 주식회사 제이디(인천광역시 부평구); 주식회사 제이디(경기도 시흥시),제이디 주식회사[01282993] 서울특별시 서초구 | 주식회사 제이디[01655986] 인천광역시 부평구 | 주식회사 제이디[01443576] 경기도 시흥시 | 주식회사 제이디[01255218] 경기도 수원시
c3994,제이에스텍,북구,대구제3일반산업단지,hq_elsewhere,본사 타지역: (주)제이에스텍(충청북도 청주시),(주)제이에스텍[01749504] 충청북도 청주시
c3995,제이에스티,북구,대구제3일반산업단지,hq_elsewhere,본사 타지역: (주)제이에스티(경기도 용인시); (주)제이에스티(부산광역시 강서구); (주) 제이에스티(경기도 안산시),(주)제이에스티[01372995] 경기도 용인시 | (주)제이에스티[00894047] 부산광역시 강서구 | (주) 제이에스티[01074181] 경기도 안산시 | 주식회사 제이에스티[01832318] 경상남도 김해시
c3998,제일기업,북구,대구제3일반산업단지,hq_elsewhere,본사 타지역: 제일기업주식회사(충청남도 서산시),제일기업주식회사[01680742] 충청남도 서산시
c4000,제일산업,북구,대구제3일반산업단지,hq_elsewhere,본사 타지역: 제일산업주식회사(강원도 홍천군); 제일산업(주)(서울특별시 강남구); 제일산업(주)(경기도 화성시),제일산업주식회사[00451958] 강원도 홍천군 | 제일산업(주)[00370097] 서울특별시 강남구 | 제일산업(주)[00148373] 경기도 화성시 | 제일산업(주)[01863558] 경상북도 영주시
c4001,제일연마,북구,대구제3일반산업단지,hq_elsewhere,본사 타지역: 제일연마공업(주)(경상북도 포항시),제일연마공업(주)[00148461] 경상북도 포항시
c4002,제일테크,북구,대구제3일반산업단지,hq_elsewhere,본사 타지역: 제일테크주식회사(경기도 평택시); (주) 제일테크(세종특별자치시 소정면); 주식회사제일테크(경기도 양주시),제일테크주식회사[01565586] 경기도 평택시 | (주) 제일테크[01256208] 세종특별자치시 소정면 | 주식회사제일테크[00287663] 경기도 양주시
c4004,제일하이텍,북구,대구제3일반산업단지,hq_elsewhere,본사 타지역: (주)제일하이텍 (인천광역시 남동구); 제일하이텍주식회사(부산광역시 사상구),(주)제일하이텍 [01213160] 인천광역시 남동구 | 제일하이텍주식회사[00307055] 부산광역시 사상구
c4014,주식회사 광진금속,북구,대구제3일반산업단지,hq_elsewhere,본사 타지역: 광진금속 주식회사(경상남도 창원시),광진금속 주식회사[01864982] 경상남도 창원시
c4032,주식회사 부강,북구,대구제3일반산업단지,hq_elsewhere,본사 타지역: 주식회사 부강(경상남도 김해시),주식회사 부강[00919735] 경상남도 김해시
c4049,주식회사 일동,북구,대구제3일반산업단지,hq_elsewhere,본사 타지역: (주)일동(충청북도 음성군); 주식회사 일동(부산광역시 해운대구),(주)일동[00507619] 충청북도 음성군 | 주식회사 일동[00146092] 부산광역시 해운대구
c2899,주식회사 팸텍,북구,대구제3일반산업단지,hq_elsewhere,본사 타지역: 팸텍주식회사(경기도 화성시),팸텍주식회사[01146220] 경기도 화성시
c4068,주식회사신광정밀,북구,대구제3일반산업단지,hq_elsewhere,본사 타지역: 신광정밀 주식회사(충청남도 아산시),신광정밀 주식회사[00488794] 충청남도 아산시
c4069,주식회사에스에이(SA),북구,대구제3일반산업단지,hq_elsewhere,본사 타지역: (주)에스에이(충청남도 당진시); 주식회사 에스에이(경기도 이천시),(주)에스에이[01015036] 충청남도 당진시 | 주식회사 에스에이[01698422] 경기도 이천시
c4076,중일테크,북구,대구제3일반산업단지,hq_elsewhere,본사 타지역: (주)중일테크(경기도 김포시),(주)중일테크[01216811] 경기도 김포시
c4092,진테크,북구,대구제3일반산업단지,hq_elsewhere,본사 타지역: 진테크(주)(충청남도 아산시),진테크(주)[00665986] 충청남도 아산시
c4101,창성테크,북구,대구제3일반산업단지,hq_elsewhere,본사 타지역: 주식회사 창성테크(울산광역시 남구); 주식회사 창성테크(경기도 수원시),주식회사 창성테크[01473610] 울산광역시 남구 | 주식회사 창성테크[01637139] 경기도 수원시
c4121,케이엠아이,북구,대구제3일반산업단지,hq_elsewhere,본사 타지역: 주식회사 케이엠아이(울산광역시 동구),주식회사 케이엠아이[01504576] 울산광역시 동구
c4128,태경금속,북구,대구제3일반산업단지,hq_elsewhere,본사 타지역: (주)태경금속(부산광역시 사상구),(주)태경금속[01825372] 부산광역시 사상구
c4130,태광섬유,북구,대구제3일반산업단지,hq_elsewhere,본사 타지역: 태광섬유 주식회사(경상북도 경산시),태광섬유 주식회사[00201511] 경상북도 경산시
c4135,태성산업,북구,대구제3일반산업단지,hq_elsewhere,본사 타지역: 태성산업주식회사(경상북도 성주군); 태성산업주식회사(경기도 화성시); 태성산업(주)(경기도 화성시),태성산업주식회사[00236562] 경상북도 성주군 | 태성산업주식회사[00216920] 경기도 화성시 | 태성산업(주)[01218095] 경기도 화성시 | 주식회사 태성산업[01578216] 충청북도 충주시 | 주식회사 태성산업[00525606] 경기도 안양시 | 태성산업(주)[00255831] 경기도 안양시 | 주식회사 태성산업[02026987] 경상남도 김해시
c4139,태성정밀,북구,대구제3일반산업단지,hq_elsewhere,본사 타지역: 태성정밀(주)(경기도 안산시); (주)태성정밀(경상남도 창원시); (주)태성정밀(경상남도 김해시),태성정밀(주)[00526614] 경기도 안산시 | (주)태성정밀[00962241] 경상남도 창원시 | (주)태성정밀[00638919] 경상남도 김해시
c4148,태창금속,북구,대구제3일반산업단지,hq_elsewhere,본사 타지역: 태창금속주식회사(충청남도 당진시),태창금속주식회사[00811868] 충청남도 당진시
c4149,태화산업,북구,대구제3일반산업단지,hq_elsewhere,본사 타지역: 태화산업주식회사(경상북도 구미시); 주식회사 태화산업(경상남도 함안군); (주)태화산업(인천광역시 중구),태화산업주식회사[00236960] 경상북도 구미시 | 주식회사 태화산업[00451161] 경상남도 함안군 | (주)태화산업[01252503] 인천광역시 중구 | (주)태화산업[01374276] 전라남도 여수시
c4178,하나산업,북구,대구제3일반산업단지,hq_elsewhere,본사 타지역: 하나산업(주)(경상남도 창원시); 하나산업(주)(충청남도 아산시); 하나산업(주)(경기도 평택시),하나산업(주)[00662819] 경상남도 창원시 | 하나산업(주)[00370839] 충청남도 아산시 | 하나산업(주)[00520683] 경기도 평택시 | 하나산업(주)[00968227] 울산광역시 울주군
c4180,하나테크,북구,대구제3일반산업단지,hq_elsewhere,본사 타지역: 하나테크(주)(서울특별시 강남구); (주)하나테크(경기도 김포시),하나테크(주)[00586272] 서울특별시 강남구 | (주)하나테크[01654464] 경기도 김포시
c4182,하이텍,북구,대구제3일반산업단지,hq_elsewhere,본사 타지역: 주식회사 하이텍(인천광역시 남동구); 하이텍주식회사(경기도 화성시),주식회사 하이텍[00238968] 인천광역시 남동구 | 하이텍주식회사[01030707] 경기도 화성시
c4190,한국산업,북구,대구제3일반산업단지,hq_elsewhere,본사 타지역: (주)한국산업(경상북도 예천군); 한국산업(주)(인천광역시 서구); 한국산업주식회사(충청남도 논산시),(주)한국산업[01150241] 경상북도 예천군 | 한국산업(주)[01555941] 인천광역시 서구 | 한국산업주식회사[00625696] 충청남도 논산시
c4193,한국테크,북구,대구제3일반산업단지,hq_elsewhere,본사 타지역: 주식회사 한국테크(경상북도 칠곡군),주식회사 한국테크[01732753] 경상북도 칠곡군
c4202,한라정공,북구,대구제3일반산업단지,hq_elsewhere,본사 타지역: (주)한라정공(인천광역시 남동구),(주)한라정공[01036242] 인천광역시 남동구
c4207,한성금속,북구,대구제3일반산업단지,hq_elsewhere,본사 타지역: (주)한성금속(인천광역시 남동구),(주)한성금속[00910080] 인천광역시 남동구
c4213,한신산업,북구,대구제3일반산업단지,hq_elsewhere,본사 타지역: (주)한신산업(경상북도 영천시),(주)한신산업[01453537] 경상북도 영천시
c4219,한영정공,북구,대구제3일반산업단지,hq_elsewhere,본사 타지역: (주)한영정공(광주광역시 광산구); (주)한영정공(인천광역시 남동구),(주)한영정공[01227251] 광주광역시 광산구 | (주)한영정공[01496550] 인천광역시 남동구
c4224,한일정밀주조,북구,대구제3일반산업단지,hq_elsewhere,본사 타지역: 한일정밀주조(주)(인천광역시 남동구),한일정밀주조(주)[01073933] 인천광역시 남동구
c4236,해동엔지니어링,북구,대구제3일반산업단지,hq_elsewhere,본사 타지역: (주)해동엔지니어링(경기도 시흥시),(주)해동엔지니어링[01675315] 경기도 시흥시
c4243,향림산업,북구,대구제3일반산업단지,hq_elsewhere,본사 타지역: 향림산업(주)(충청남도 천안시),향림산업(주)[01023017] 충청남도 천안시
c4246,현대기계,북구,대구제3일반산업단지,hq_elsewhere,본사 타지역: (주)현대기계(경기도 시흥시),(주)현대기계[00575850] 경기도 시흥시
c4248,현대산업,북구,대구제3일반산업단지,hq_elsewhere,본사 타지역: 주식회사 현대산업(충청남도 논산시); (주)현대산업(경기도 부천시); 현대산업(주)(전라남도 나주시),주식회사 현대산업[00232946] 충청남도 논산시 | (주)현대산업[00937351] 경기도 부천시 | 현대산업(주)[00164627] 전라남도 나주시 | 현대산업(주)[01175611] 충청북도 진천군 | 주식회사 현대산업[01310074] 경기도 시흥시
c4249,현대엔지니어링,북구,대구제3일반산업단지,hq_elsewhere,본사 타지역: (주)현대엔지니어링(대전광역시 유성구); 현대엔지니어링(주)(서울특별시 종로구); (주)현대엔지니어링(부산광역시 남구),(주)현대엔지니어링[01229727] 대전광역시 유성구 | 현대엔지니어링(주)[00349927] 서울특별시 종로구 | (주)현대엔지니어링[01465666] 부산광역시 남구
c4261,형제산업,북구,대구제3일반산업단지,hq_elsewhere,본사 타지역: 형제산업 주식회사(충청남도 천안시),형제산업 주식회사[01366806] 충청남도 천안시
c4270,화남산업,북구,대구제3일반산업단지,hq_elsewhere,본사 타지역: 화남산업주식회사(서울특별시 송파구); 화남산업(주)(경상남도 함안군),화남산업주식회사[00165875] 서울특별시 송파구 | 화남산업(주)[00865221] 경상남도 함안군
c4274,화성산업,북구,대구제3일반산업단지,hq_elsewhere,본사 타지역: (주)화성산업(경기도 화성시); 화성산업(주)(경상남도 함안군); 주식회사 화성산업(전라북도 군산시),(주)화성산업[01354892] 경기도 화성시 | 화성산업(주)[01372852] 경상남도 함안군 | 주식회사 화성산업[00166050] 전라북도 군산시
c9798,(주)스맥,달성군,대구테크노폴리스일반산업단지,hq_elsewhere,본사 타지역: 주식회사 스맥(경상남도 창원시); (주) 스맥(경상남도 김해시),주식회사 스맥[00358040] 경상남도 창원시 | (주) 스맥[00580056] 경상남도 김해시
c10136,(주)에스와이글로벌,달성군,대구테크노폴리스일반산업단지,hq_elsewhere,본사 타지역: (주)에스와이글로벌(경기도 성남시),(주)에스와이글로벌[00661971] 경기도 성남시
c9830,(주)용진,달성군,대구테크노폴리스일반산업단지,hq_elsewhere,본사 타지역: 주식회사 용진(서울특별시 중구); (주)용진(부산광역시 강서구); 주식회사 용진(전라남도 보성군),주식회사 용진[01103456] 서울특별시 중구 | (주)용진[01137125] 부산광역시 강서구 | 주식회사 용진[01768864] 전라남도 보성군 | 주식회사 용진[01312391] 경상북도 고령군
c9832,(주)유뱃,달성군,대구테크노폴리스일반산업단지,hq_elsewhere,본사 타지역: 주식회사 유뱃(대전광역시 유성구),주식회사 유뱃[02012391] 대전광역시 유성구
c9834,(주)창보,달성군,대구테크노폴리스일반산업단지,ambiguous,대구 본사 동명 2개,주식회사 창보[00526845] 대구광역시 달성군 | (주)창보[01222955] 대구광역시 달성군
c10123,대광소결금속,달성군,대구테크노폴리스일반산업단지,hq_elsewhere,본사 타지역: 대광소결금속(주)(경상북도 고령군),대광소결금속(주)[00865984] 경상북도 고령군
c9845,대광소결금속(주),달성군,대구테크노폴리스일반산업단지,hq_elsewhere,본사 타지역: 대광소결금속(주)(경상북도 고령군),대광소결금속(주)[00865984] 경상북도 고령군
c9860,에이텍,달성군,대구테크노폴리스일반산업단지,hq_elsewhere,본사 타지역: (주)에이텍(경기도 평택시); 에이텍(주)(대전광역시 대덕구); 주식회사에이텍(ATEC)(충청남도 천안시),(주)에이텍[00368551] 경기도 평택시 | 에이텍(주)[00133007] 대전광역시 대덕구 | 주식회사에이텍(ATEC)[00972734] 충청남도 천안시 | 주식회사 에이텍[01496338] 경상남도 김해시 | (주) 에이텍[00226963] 대전광역시 대덕구 | (주)에이텍[00256502] 경기도 성남시
c9869,주식회사 오에스티,달성군,대구테크노폴리스일반산업단지,ambiguous,대구 본사 동명 2개,(주)오에스티[00526289] 대구광역시 동구 | (주)오에스티[00567453] 서울특별시 중구 | (주)오에스티[00669858] 대구광역시 달서구
c10153,주식회사 유비즈,달성군,대구테크노폴리스일반산업단지,hq_elsewhere,본사 타지역: (주)유비즈(울산광역시 남구),(주)유비즈[01021790] 울산광역시 남구
c9816,주식회사 태현,달성군,대구테크노폴리스일반산업단지,hq_elsewhere,본사 타지역: (주)태현(경상북도 칠곡군); (주)태현(경상남도 창녕군),(주)태현[01013579] 경상북도 칠곡군 | (주)태현[01087273] 경상남도 창녕군
c9817,주식회사조양,달성군,대구테크노폴리스일반산업단지,hq_elsewhere,본사 타지역: 주식회사 조양(경상북도 경산시); 주식회사 조양(인천광역시 중구); 주식회사 조양(울산광역시 남구),주식회사 조양[00973849] 경상북도 경산시 | 주식회사 조양[00149123] 인천광역시 중구 | 주식회사 조양[01556825] 울산광역시 남구 | (주)조양[00811336] 부산광역시 동구
c10157,태영산업,달성군,대구테크노폴리스일반산업단지,hq_elsewhere,본사 타지역: 태영산업 주식회사(경상남도 고성군); 주식회사 태영산업(경기도 성남시); 태영산업 주식회사(경상남도 밀양시),태영산업 주식회사[00941211] 경상남도 고성군 | 주식회사 태영산업[01143269] 경기도 성남시 | 태영산업 주식회사[00678102] 경상남도 밀양시
c9822,현대모비스(주),달성군,대구테크노폴리스일반산업단지,hq_elsewhere,본사 타지역: 현대모비스(주)(서울 강남구),현대모비스(주)[00164788] 서울 강남구
c10126,현대아이에이치엘(주),달성군,대구테크노폴리스일반산업단지,hq_elsewhere,본사 타지역: 현대아이에이치엘(주)(경상북도 경주시),현대아이에이치엘(주)[00219352] 경상북도 경주시
c4446,(주)가람테크,북구,북구검단일반산업단지,hq_elsewhere,본사 타지역: 주식회사 가람테크(인천광역시 서구),주식회사 가람테크[01691261] 인천광역시 서구
c4448,(주)경인산업,북구,북구검단일반산업단지,hq_elsewhere,본사 타지역: 주식회사 경인산업(서울특별시 서초구),주식회사 경인산업[00688260] 서울특별시 서초구
c4451,(주)광성공업,북구,북구검단일반산업단지,hq_elsewhere,본사 타지역: 광성공업 주식회사(경상남도 거제시),광성공업 주식회사[00657215] 경상남도 거제시
c4466,(주)대성산업,북구,북구검단일반산업단지,hq_elsewhere,본사 타지역: 대성산업(주)(전라남도 장흥군); (주)대성산업(경기도 남양주시); 대성산업(주)(서울특별시 구로구),대성산업(주)[00509079] 전라남도 장흥군 | (주)대성산업[01782031] 경기도 남양주시 | 대성산업(주)[00828789] 서울특별시 구로구
c4469,(주)대아금속,북구,북구검단일반산업단지,hq_elsewhere,본사 타지역: (주)대아금속(경기도 시흥시),(주)대아금속[01506705] 경기도 시흥시
c4484,(주)디에스테크노,북구,북구검단일반산업단지,hq_elsewhere,본사 타지역: (주)디에스테크노(경기도 이천시),(주)디에스테크노[00493848] 경기도 이천시
c4487,(주)디에이치티,북구,북구검단일반산업단지,hq_elsewhere,본사 타지역: 주식회사 디에이치티(경상남도 김해시),주식회사 디에이치티[00686767] 경상남도 김해시
c4491,(주)리오,북구,북구검단일반산업단지,hq_elsewhere,본사 타지역: 주식회사 리오(서울특별시 강남구),주식회사 리오[01762204] 서울특별시 강남구
c4499,(주)미래에너지,북구,북구검단일반산업단지,hq_elsewhere,본사 타지역: 주식회사 미래에너지(경기도 하남시); (주)미래에너지(경기도 과천시); 미래에너지(주)(전라남도 광양시),주식회사 미래에너지[00301291] 경기도 하남시 | (주)미래에너지[00761314] 경기도 과천시 | 미래에너지(주)[00669849] 전라남도 광양시 | (주)미래에너지[01958670] 경기도 파주시
c4502,(주)미래파크,북구,북구검단일반산업단지,hq_elsewhere,본사 타지역: 주식회사 미래파크(부산광역시 동구),주식회사 미래파크[00488527] 부산광역시 동구
c4504,(주)반디,북구,북구검단일반산업단지,hq_elsewhere,본사 타지역: (주)반디(경기도 남양주시),(주)반디[01640489] 경기도 남양주시
c4506,(주)부강(검단지점),북구,북구검단일반산업단지,hq_elsewhere,본사 타지역: 주식회사 부강(경상남도 김해시),주식회사 부강[00919735] 경상남도 김해시
c4512,(주)삼성기전,북구,북구검단일반산업단지,hq_elsewhere,본사 타지역: 삼성기전주식회사(경기도 화성시),삼성기전주식회사[01024478] 경기도 화성시
c4515,(주)삼화기업,북구,북구검단일반산업단지,hq_elsewhere,본사 타지역: 삼화기업(주)(세종특별자치시 전동면); (주)삼화기업(충청북도 충주시),삼화기업(주)[00240723] 세종특별자치시 전동면 | (주)삼화기업[00921350] 충청북도 충주시
c4520,(주)선봉산업,북구,북구검단일반산업단지,hq_elsewhere,본사 타지역: 선봉산업 주식회사(경기도 김포시),선봉산업 주식회사[01682139] 경기도 김포시
c4521,(주)성삼,북구,북구검단일반산업단지,hq_elsewhere,본사 타지역: 주식회사 성삼(경기도 성남시),주식회사 성삼[00935982] 경기도 성남시
c4523,(주)성안,북구,북구검단일반산업단지,hq_elsewhere,본사 타지역: 주식회사성안(경상북도 구미시); 주식회사 성안(전라북도 익산시); 주식회사 성안(충청북도 음성군),주식회사성안[00530486] 경상북도 구미시 | 주식회사 성안[01259685] 전라북도 익산시 | 주식회사 성안[00877563] 충청북도 음성군
c4545,(주)아이브이티,북구,북구검단일반산업단지,hq_elsewhere,본사 타지역: 아이브이티 주식회사(광주광역시 서구),아이브이티 주식회사[01303056] 광주광역시 서구
c4547,(주)알토란,북구,북구검단일반산업단지,hq_elsewhere,본사 타지역: 주식회사 알토란(충청남도 천안시),주식회사 알토란[01014958] 충청남도 천안시
c4556,(주)에이스기계,북구,북구검단일반산업단지,hq_elsewhere,본사 타지역: 에이스기계(주)(경기도 시흥시),에이스기계(주)[01079618] 경기도 시흥시
c4562,(주)엔플렉스,북구,북구검단일반산업단지,hq_elsewhere,본사 타지역: (주)엔플렉스(서울특별시 강남구),(주)엔플렉스[00264529] 서울특별시 강남구
c4565,(주)엠케이,북구,북구검단일반산업단지,hq_elsewhere,본사 타지역: 주식회사 엠케이(세종특별자치시 금남면); 주식회사 엠케이(부산광역시 남구),주식회사 엠케이[01300387] 세종특별자치시 금남면 | 주식회사 엠케이[01450053] 부산광역시 남구
c4569,(주)영현,북구,북구검단일반산업단지,hq_elsewhere,본사 타지역: (주)영현(경상북도 칠곡군); 주식회사 영현(경기도 안양시),(주)영현[01304170] 경상북도 칠곡군 | 주식회사 영현[01456765] 경기도 안양시
c4577,(주)위더스코퍼레이션,북구,북구검단일반산업단지,hq_elsewhere,본사 타지역: (주)위더스코퍼레이션(서울특별시 강남구),(주)위더스코퍼레이션[00451028] 서울특별시 강남구
c4583,(주)이에이치(E.H),북구,북구검단일반산업단지,hq_elsewhere,본사 타지역: 주식회사이에이치(서울특별시 강남구),주식회사이에이치[00967486] 서울특별시 강남구
c4588,(주)정원,북구,북구검단일반산업단지,hq_elsewhere,본사 타지역: 주식회사 정원(경기도 파주시),주식회사 정원[01097818] 경기도 파주시
c4593,(주)제이아이테크,북구,북구검단일반산업단지,hq_elsewhere,본사 타지역: (주)제이아이테크(전라북도 군산시),(주)제이아이테크[01367586] 전라북도 군산시
c4595,(주)제이오텍,북구,북구검단일반산업단지,hq_elsewhere,본사 타지역: (주)제이오텍(경기도 김포시),(주)제이오텍[00412287] 경기도 김포시
c4600,(주)지에스테크,북구,북구검단일반산업단지,hq_elsewhere,본사 타지역: 지에스테크 주식회사(인천광역시 중구); 주식회사 지에스테크(경상남도 함안군),지에스테크 주식회사[01151666] 인천광역시 중구 | 주식회사 지에스테크[00892359] 경상남도 함안군
c4601,(주)진영전기,북구,북구검단일반산업단지,hq_elsewhere,본사 타지역: 진영전기주식회사(경상남도 창원시),진영전기주식회사[00367109] 경상남도 창원시
c4610,(주)케이디텍,북구,북구검단일반산업단지,hq_elsewhere,본사 타지역: (주)케이디텍(서울특별시 영등포구); 주식회사 케이디텍(울산광역시 울주군),(주)케이디텍[01646942] 서울특별시 영등포구 | 주식회사 케이디텍[01106471] 울산광역시 울주군
c4618,(주)태백금속,북구,북구검단일반산업단지,hq_elsewhere,본사 타지역: (주)태백금속(경기도 안양시),(주)태백금속[00681638] 경기도 안양시
c4622,(주)태형,북구,북구검단일반산업단지,hq_elsewhere,본사 타지역: 태형주식회사(대전광역시 서구); 주식회사 태형(경상북도 경산시); (주)태형(전북특별자치도 익산시),태형주식회사[01176300] 대전광역시 서구 | 주식회사 태형[01042012] 경상북도 경산시 | (주)태형[00817659] 전북특별자치도 익산시
c4630,(주)프레스토솔루션,북구,북구검단일반산업단지,hq_elsewhere,본사 타지역: 프레스토솔루션(경기도 수원시),프레스토솔루션[01558346] 경기도 수원시
c4631,(주)프론텍,북구,북구검단일반산업단지,hq_elsewhere,본사 타지역: 주식회사 프론텍(경상북도 구미시); (주) 프론텍(충청남도 천안시); (주)프론텍(경기도 시흥시),주식회사 프론텍[00530936] 경상북도 구미시 | (주) 프론텍[00920944] 충청남도 천안시 | (주)프론텍[00525369] 경기도 시흥시
c4656,경동기업,북구,북구검단일반산업단지,hq_elsewhere,본사 타지역: (주)경동기업(경상북도 경산시); (주)경동기업(부산광역시 금정구),(주)경동기업[00869218] 경상북도 경산시 | (주)경동기업[01469662] 부산광역시 금정구
c4661,경일산업,북구,북구검단일반산업단지,hq_elsewhere,본사 타지역: 경일산업주식회사(경기도 수원시),경일산업주식회사[01017627] 경기도 수원시
c4663,경진,북구,북구검단일반산업단지,hq_elsewhere,본사 타지역: 주식회사 경진(제주특별자치도 제주시); 주식회사 경진(경기도 이천시),주식회사 경진[00616917] 제주특별자치도 제주시 | 주식회사 경진[01743476] 경기도 이천시
c4673,광일금속,북구,북구검단일반산업단지,hq_elsewhere,본사 타지역: 주식회사광일금속(부산광역시 사상구),주식회사광일금속[00405995] 부산광역시 사상구
c4685,금성산업,북구,북구검단일반산업단지,hq_elsewhere,본사 타지역: 금성산업 주식회사(전라남도 장성군); 주식회사 금성산업(경상남도 김해시); (주)금성산업(경상북도 칠곡군),금성산업 주식회사[00215949] 전라남도 장성군 | 주식회사 금성산업[01683004] 경상남도 김해시 | (주)금성산업[00442394] 경상북도 칠곡군
c4699,대경산업,북구,북구검단일반산업단지,hq_elsewhere,본사 타지역: (주)대경산업(경상남도 합천군); 대경산업(주)(경기도 고양시),(주)대경산업[01022887] 경상남도 합천군 | 대경산업(주)[01646997] 경기도 고양시
c4700,대경엔지니어링,북구,북구검단일반산업단지,hq_elsewhere,본사 타지역: (주)대경엔지니어링(인천광역시 남동구),(주)대경엔지니어링[00820653] 인천광역시 남동구
c4703,대광산업,북구,북구검단일반산업단지,hq_elsewhere,본사 타지역: (주)대광산업(대전광역시 서구); 주식회사 대광산업(경상북도 경주시); 주식회사 대광산업(부산광역시 강서구),(주)대광산업[00262992] 대전광역시 서구 | 주식회사 대광산업[00610010] 경상북도 경주시 | 주식회사 대광산업[01147797] 부산광역시 강서구 | 대광산업(주)[01172331] 경상남도 함안군 | (주)대광산업[01465903] 울산광역시 북구
c4708,대농,북구,북구검단일반산업단지,hq_elsewhere,본사 타지역: (주)대농(충청북도 청주시),(주)대농[00109107] 충청북도 청주시
c4709,대덕산업,북구,북구검단일반산업단지,hq_elsewhere,본사 타지역: 대덕산업(주)(경상남도 창원시),대덕산업(주)[00177074] 경상남도 창원시
c4712,대명전기,북구,북구검단일반산업단지,hq_elsewhere,본사 타지역: 대명전기(주)(경기도 성남시),대명전기(주)[00673383] 경기도 성남시
c4715,대성금속,북구,북구검단일반산업단지,hq_elsewhere,본사 타지역: 대성금속(주)(인천광역시 서구),대성금속(주)[01148778] 인천광역시 서구
c4716,대성산업,북구,북구검단일반산업단지,hq_elsewhere,본사 타지역: 대성산업(주)(전라남도 장흥군); (주)대성산업(경기도 남양주시); 대성산업(주)(서울특별시 구로구),대성산업(주)[00509079] 전라남도 장흥군 | (주)대성산업[01782031] 경기도 남양주시 | 대성산업(주)[00828789] 서울특별시 구로구
c4717,대승산업,북구,북구검단일반산업단지,hq_elsewhere,본사 타지역: 주식회사 대승산업(경기도 광명시),주식회사 대승산업[01540666] 경기도 광명시
c4720,대아산업,북구,북구검단일반산업단지,hq_elsewhere,본사 타지역: 대아산업주식회사(인천광역시 계양구); 대아산업(주)(전라남도 목포시); 대아산업주식회사(경상북도 구미시),대아산업주식회사[01413441] 인천광역시 계양구 | 대아산업(주)[01362040] 전라남도 목포시 | 대아산업주식회사[00209249] 경상북도 구미시
c4727,대호금속,북구,북구검단일반산업단지,hq_elsewhere,본사 타지역: 대호금속 주식회사(경기도 시흥시),대호금속 주식회사[01486711] 경기도 시흥시
c4753,동양산업,북구,북구검단일반산업단지,hq_elsewhere,본사 타지역: (주)동양산업(경상남도 밀양시); 동양산업주식회사(경기도 남양주시); (주)동양산업(경기도 안산시),(주)동양산업[00539371] 경상남도 밀양시 | 동양산업주식회사[00357494] 경기도 남양주시 | (주)동양산업[00973539] 경기도 안산시 | (주)동양산업[00623740] 충청남도 아산시 | 동양산업 주식회사[01694019] 경기도 부천시 | (주)동양산업[00209595] 부산광역시 중구 | 동양산업(주)[00507992] 경상북도 구미시 | 동양산업주식회사[00169002] 인천광역시 중구
c4754,동양이앤씨(주),북구,북구검단일반산업단지,hq_elsewhere,본사 타지역: (주)동양이앤씨(경상북도 포항시),(주)동양이앤씨[00667443] 경상북도 포항시
c4755,동우기공,북구,북구검단일반산업단지,hq_elsewhere,본사 타지역: 동우기공(주)(경기도 화성시),동우기공(주)[00246426] 경기도 화성시
c4756,동원테크(주),북구,북구검단일반산업단지,hq_elsewhere,본사 타지역: (주)동원테크(경기도 수원시); (주)동원테크(경상남도 김해시),(주)동원테크[01079867] 경기도 수원시 | (주)동원테크[00358563] 경상남도 김해시
c4757,동원하이텍,북구,북구검단일반산업단지,hq_elsewhere,본사 타지역: 주식회사동원하이텍(인천광역시 남동구),주식회사동원하이텍[00968528] 인천광역시 남동구
c4771,득인기공,북구,북구검단일반산업단지,hq_elsewhere,본사 타지역: (주)득인기공(경상북도 칠곡군),(주)득인기공[00604806] 경상북도 칠곡군
c4777,디엠티,북구,북구검단일반산업단지,hq_elsewhere,본사 타지역: (주)디엠티(인천광역시 남동구); (주)디엠티(대전광역시 유성구); (주)디엠티(인천광역시 남동구),(주)디엠티[00804859] 인천광역시 남동구 | (주)디엠티[00623999] 대전광역시 유성구 | (주)디엠티[01136940] 인천광역시 남동구 | 주식회사 디엠티[01648241] 경기도 안산시 | (주)디엠티[01144648] 충청남도 아산시 | (주)디엠티[01769696] 전라남도 여수시
c4785,모던테크,북구,북구검단일반산업단지,hq_elsewhere,본사 타지역: (주)모던테크(경기도 안산시),(주)모던테크[01252026] 경기도 안산시
c4801,부성기전,북구,북구검단일반산업단지,hq_elsewhere,본사 타지역: 부성기전주식회사(경기도 고양시),부성기전주식회사[00617828] 경기도 고양시
c4817,삼호산업,북구,북구검단일반산업단지,hq_elsewhere,본사 타지역: 주식회사삼호산업(경기도 포천군); 유한회사 삼호산업(전라북도 전주시); 삼호산업주식회사(부산광역시 해운대구),주식회사삼호산업[00218201] 경기도 포천군 | 유한회사 삼호산업[01689309] 전라북도 전주시 | 삼호산업주식회사[00129022] 부산광역시 해운대구 | (주)삼호산업[00764348] 경기도 시흥시
c4818,삼호테크,북구,북구검단일반산업단지,hq_elsewhere,본사 타지역: (주)삼호테크(경상남도 창원시),(주)삼호테크[00936954] 경상남도 창원시
c4835,성우엔지니어링,북구,북구검단일반산업단지,hq_elsewhere,본사 타지역: (주)성우엔지니어링(충청남도 아산시),(주)성우엔지니어링[01682069] 충청남도 아산시
c4838,성일기공,북구,북구검단일반산업단지,hq_elsewhere,본사 타지역: 주식회사 성일기공(서울특별시 영등포구),주식회사 성일기공[01233094] 서울특별시 영등포구
c4840,성진테크,북구,북구검단일반산업단지,hq_elsewhere,본사 타지역: 주식회사 성진테크(경상남도 김해시); 성진테크(경기도 부천시); (주)성진테크(경상남도 창원시),주식회사 성진테크[00335988] 경상남도 김해시 | 성진테크[01294068] 경기도 부천시 | (주)성진테크[00868264] 경상남도 창원시
c4841,성창테크,북구,북구검단일반산업단지,hq_elsewhere,본사 타지역: 주식회사 성창테크(경기도 화성시),주식회사 성창테크[00584821] 경기도 화성시
c4850,세명테크,북구,북구검단일반산업단지,hq_elsewhere,본사 타지역: (주)세명테크(경기도 광명시); (주)세명테크(충청남도 아산시),(주)세명테크[00368560] 경기도 광명시 | (주)세명테크[00831978] 충청남도 아산시
c4853,세운전기,북구,북구검단일반산업단지,hq_elsewhere,본사 타지역: (주)세운전기(부산광역시 사하구),(주)세운전기[01044001] 부산광역시 사하구
c4869,신명,북구,북구검단일반산업단지,hq_elsewhere,본사 타지역: 주식회사 신명(전라북도 정읍시); (주)신명(부산광역시 해운대구); (주)신명(경기도 화성시),주식회사 신명[00397322] 전라북도 정읍시 | (주)신명[00973131] 부산광역시 해운대구 | (주)신명[01374771] 경기도 화성시 | (주)신명[00868033] 경기도 동두천시
c4872,신성테크,북구,북구검단일반산업단지,hq_elsewhere,본사 타지역: 주식회사 신성테크(충청남도 아산시); 신성테크 주식회사(경상남도 양산시); (주)신성테크(광주광역시 광산구),주식회사 신성테크[01077179] 충청남도 아산시 | 신성테크 주식회사[01655241] 경상남도 양산시 | (주)신성테크[01759990] 광주광역시 광산구
c4876,신영산업,북구,북구검단일반산업단지,hq_elsewhere,본사 타지역: 신영산업(주)(광주광역시 광산구); 주식회사 신영산업(경기도 광주시),신영산업(주)[01864733] 광주광역시 광산구 | 주식회사 신영산업[01960152] 경기도 광주시
c4877,신용금속,북구,북구검단일반산업단지,hq_elsewhere,본사 타지역: (주)신용금속(경기도 안산시),(주)신용금속[01070574] 경기도 안산시
c4880,신한산업,북구,북구검단일반산업단지,hq_elsewhere,본사 타지역: (주)신한산업(광주광역시 광산구); (주)신한산업(경기도 안산시); 신한산업(주)(경상남도 함안군),(주)신한산업[00208824] 광주광역시 광산구 | (주)신한산업[00210111] 경기도 안산시 | 신한산업(주)[00182915] 경상남도 함안군
c4881,신흥정밀,북구,북구검단일반산업단지,hq_elsewhere,본사 타지역: 주식회사 신흥정밀(경기도 안성시); 주식회사 신흥정밀(경상북도 구미시),주식회사 신흥정밀[00137979] 경기도 안성시 | 주식회사 신흥정밀[01014347] 경상북도 구미시
c4883,썬코리아,북구,북구검단일반산업단지,hq_elsewhere,본사 타지역: (주)썬코리아(경기도 시흥시),(주)썬코리아[00691848] 경기도 시흥시
c4884,썬테크,북구,북구검단일반산업단지,hq_elsewhere,본사 타지역: (주)썬테크 (경기도 평택시); (주)썬테크(전라북도 완주군); (주)썬테크(전라남도 순천시),(주)썬테크 [00489933] 경기도 평택시 | (주)썬테크[00672782] 전라북도 완주군 | (주)썬테크[00963000] 전라남도 순천시 | 주식회사 썬테크[01451210] 울산광역시 울주군 | 주식회사 썬테크[00663207] 충청남도 아산시 | (주)썬테크[01471047] 경상남도 양산시
c4893,알파시스템(주),북구,북구검단일반산업단지,hq_elsewhere,본사 타지역: 주식회사 알파시스템(울산광역시 북구),주식회사 알파시스템[01857450] 울산광역시 북구
c4901,에스엠테크,북구,북구검단일반산업단지,hq_elsewhere,본사 타지역: 주식회사 에스엠테크(경상북도 경주시); (주)에스엠테크(충청남도 공주시); (주)에스엠테크(충청남도 아산시),주식회사 에스엠테크[01406168] 경상북도 경주시 | (주)에스엠테크[01221910] 충청남도 공주시 | (주)에스엠테크[01837890] 충청남도 아산시 | (주)에스엠테크[01826432] 경상남도 함안군 | (주)에스엠테크[00985181] 경기도 평택시 | 에스엠테크 주식회사[01302118] 전라남도 여수시
c4903,에스피지(주),북구,북구검단일반산업단지,hq_elsewhere,본사 타지역: (주)에스피지(인천광역시 남동구),(주)에스피지[00220686] 인천광역시 남동구
c4904,에이스기계,북구,북구검단일반산업단지,hq_elsewhere,본사 타지역: 에이스기계(주)(경기도 시흥시),에이스기계(주)[01079618] 경기도 시흥시
c4907,에이이티(주),북구,북구검단일반산업단지,hq_elsewhere,본사 타지역: (주)에이이티(경기도 용인시),(주)에이이티[00625049] 경기도 용인시
c4908,에이치씨테크(주),북구,북구검단일반산업단지,hq_elsewhere,본사 타지역: (주)에이치씨테크(경상남도 창원시),(주)에이치씨테크[01022823] 경상남도 창원시
c4910,에이테크,북구,북구검단일반산업단지,hq_elsewhere,본사 타지역: 주식회사에이테크(충청북도 음성군),주식회사에이테크[00965424] 충청북도 음성군
c4913,엠에스테크,북구,북구검단일반산업단지,hq_elsewhere,본사 타지역: 주식회사 엠에스테크(충청북도 진천군),주식회사 엠에스테크[01824726] 충청북도 진천군
c4931,용호산업,북구,북구검단일반산업단지,hq_elsewhere,본사 타지역: 주식회사용호산업(충청북도 청원군),주식회사용호산업[00923419] 충청북도 청원군
c4933,우광,북구,북구검단일반산업단지,hq_elsewhere,본사 타지역: (주)우광(제주특별자치도 제주시),(주)우광[01208681] 제주특별자치도 제주시
c4936,우진공업,북구,북구검단일반산업단지,hq_elsewhere,본사 타지역: 우진공업주식회사(경기도 안산시); 주식회사 우진공업(경기도 화성시); 주식회사 우진공업(경상북도 경산시),우진공업주식회사[00143235] 경기도 안산시 | 주식회사 우진공업[01646012] 경기도 화성시 | 주식회사 우진공업[01139141] 경상북도 경산시
c4937,우진산업,북구,북구검단일반산업단지,hq_elsewhere,본사 타지역: 우진산업(주)(전라남도 목포시); 우진산업(주)(경상남도 창원시); (주)우진산업(경상남도 함안군),우진산업(주)[00369152] 전라남도 목포시 | 우진산업(주)[00673222] 경상남도 창원시 | (주)우진산업[01407750] 경상남도 함안군 | 우진산업 주식회사[00229924] 서울특별시 서초구 | 주식회사 우진산업[00524768] 경기도 김포시
c4938,우진이엔지,북구,북구검단일반산업단지,hq_elsewhere,본사 타지역: (주)우진이엔지(인천광역시 남동구); (주)우진이엔지(충청남도 서산시),(주)우진이엔지[00565835] 인천광역시 남동구 | (주)우진이엔지[00578255] 충청남도 서산시
c4939,우진테크,북구,북구검단일반산업단지,hq_elsewhere,본사 타지역: (주)우진테크(부산광역시 사하구),(주)우진테크[01330403] 부산광역시 사하구
c4943,원산업,북구,북구검단일반산업단지,hq_elsewhere,본사 타지역: (주)원산업(서울특별시 서초구),(주)원산업[00918781] 서울특별시 서초구
c4945,원일산업,북구,북구검단일반산업단지,hq_elsewhere,본사 타지역: (주)원일산업(인천광역시 서구); (주)원일산업(경기도 남양주시),(주)원일산업[01419436] 인천광역시 서구 | (주)원일산업[00408804] 경기도 남양주시
c4947,위테크,북구,북구검단일반산업단지,hq_elsewhere,본사 타지역: 주식회사 위테크(경기도 화성시); 주식회사 위테크(경상남도 창원시); 주식회사위테크(경기도 용인시),주식회사 위테크[01568945] 경기도 화성시 | 주식회사 위테크[01865033] 경상남도 창원시 | 주식회사위테크[01925034] 경기도 용인시
c4949,유니텍(주),북구,북구검단일반산업단지,hq_elsewhere,본사 타지역: 유니텍 주식회사(경상북도 안동시); 주식회사 유니텍(서울특별시 구로구),유니텍 주식회사[00625872] 경상북도 안동시 | 주식회사 유니텍[00273101] 서울특별시 구로구
c4950,유로테크,북구,북구검단일반산업단지,hq_elsewhere,본사 타지역: 유로테크(주)(경상남도 창원시),유로테크(주)[01227163] 경상남도 창원시
c4957,유신,북구,북구검단일반산업단지,hq_elsewhere,본사 타지역: (주)유신(경기도 용인시); (주)유신(경상남도 거제시); (주)유신(서울특별시 동작구),(주)유신[00887667] 경기도 용인시 | (주)유신[01590360] 경상남도 거제시 | (주)유신[00144650] 서울특별시 동작구
c4969,이지테크,북구,북구검단일반산업단지,hq_elsewhere,본사 타지역: (주)이지테크(경기도 시흥시); (주)이지테크(전라남도 광양시),(주)이지테크[01084610] 경기도 시흥시 | (주)이지테크[00766027] 전라남도 광양시
c4970,이텍솔루션,북구,북구검단일반산업단지,hq_elsewhere,본사 타지역: (주)이텍솔루션(경기도 안성시),(주)이텍솔루션[00682415] 경기도 안성시
c4972,일신산업,북구,북구검단일반산업단지,hq_elsewhere,본사 타지역: (주)일신산업(경기도 안산시); 일신산업주식회사(경기도 여주군); 주식회사 일신산업(부산광역시 수영구),(주)일신산업[00414504] 경기도 안산시 | 일신산업주식회사[00146311] 경기도 여주군 | 주식회사 일신산업[00146278] 부산광역시 수영구
c4974,일진기계,북구,북구검단일반산업단지,hq_elsewhere,본사 타지역: 일진기계(주)(경기도 안양시); 일진기계주식회사(울산광역시 남구),일진기계(주)[01309768] 경기도 안양시 | 일진기계주식회사[00366359] 울산광역시 남구
c4977,재영,북구,북구검단일반산업단지,hq_elsewhere,본사 타지역: 주식회사재영(경기도 평택시); (주)재영(경기도 시흥시); (주)재영(경상북도 김천시),주식회사재영[00665542] 경기도 평택시 | (주)재영[01225518] 경기도 시흥시 | (주)재영[00760616] 경상북도 김천시
c4981,정우산업,북구,북구검단일반산업단지,hq_elsewhere,본사 타지역: (주)정우산업(경상남도 김해시); (주)정우산업(충청남도 논산시); 주식회사 정우산업(경상북도 영천시),(주)정우산업[01415476] 경상남도 김해시 | (주)정우산업[01032839] 충청남도 논산시 | 주식회사 정우산업[01682102] 경상북도 영천시
c4986,제이에스테크,북구,북구검단일반산업단지,hq_elsewhere,본사 타지역: (주)제이에스테크(경상북도 구미시); (주)제이에스테크(충청남도 천안시); 제이에스테크주식회사(경상남도 사천시),(주)제이에스테크[01140138] 경상북도 구미시 | (주)제이에스테크[00671525] 충청남도 천안시 | 제이에스테크주식회사[00451994] 경상남도 사천시 | 주식회사 제이에스테크[01864308] 충청북도 제천시
c4997,주영테크,북구,북구검단일반산업단지,hq_elsewhere,본사 타지역: 주영테크(주)(충청남도 아산시),주영테크(주)[01468469] 충청남도 아산시
c4998,준테크,북구,북구검단일반산업단지,hq_elsewhere,본사 타지역: (주)준테크(광주광역시 광산구),(주)준테크[01142978] 광주광역시 광산구
c5000,지아이테크,북구,북구검단일반산업단지,hq_elsewhere,본사 타지역: 주식회사 지아이테크(울산광역시 북구),주식회사 지아이테크[00973441] 울산광역시 북구
c5001,진명테크,북구,북구검단일반산업단지,hq_elsewhere,본사 타지역: 주식회사 진명테크(충청남도 당진시),주식회사 진명테크[01449145] 충청남도 당진시
c5003,진성산업,북구,북구검단일반산업단지,hq_elsewhere,본사 타지역: 진성산업주식회사(경상북도 포항시); 진성산업 주식회사(경기도 안성시); 진성산업(주)(경상남도 창원시),진성산업주식회사[00519322] 경상북도 포항시 | 진성산업 주식회사[00872601] 경기도 안성시 | 진성산업(주)[01018370] 경상남도 창원시
c5006,진영전기,북구,북구검단일반산업단지,hq_elsewhere,본사 타지역: 진영전기주식회사(경상남도 창원시),진영전기주식회사[00367109] 경상남도 창원시
c5020,청운,북구,북구검단일반산업단지,hq_elsewhere,본사 타지역: (주)청운(경상남도 함안군); (주)청운(경상북도 경산시),(주)청운[00964267] 경상남도 함안군 | (주)청운[02013318] 경상북도 경산시
c5025,케이디파워(주),북구,북구검단일반산업단지,hq_elsewhere,본사 타지역: (주)케이디파워(강원도 춘천시),(주)케이디파워[00270089] 강원도 춘천시
c5028,케이알에스,북구,북구검단일반산업단지,hq_elsewhere,본사 타지역: (주)케이알에스(부산광역시 서구),(주)케이알에스[01477421] 부산광역시 서구
c5030,케이엠에스(KMS-KOREA),북구,북구검단일반산업단지,hq_elsewhere,본사 타지역: 케이엠에스(주)(경기도 안양시); 주식회사케이엠에스(대전광역시 유성구); (주)케이엠에스(경기도 광주시),케이엠에스(주)[00271431] 경기도 안양시 | 주식회사케이엠에스[01454891] 대전광역시 유성구 | (주)케이엠에스[01651962] 경기도 광주시 | 주식회사 케이엠에스[01840265] 충청남도 금산군 | 주식회사 케이엠에스[01928086] 부산광역시 사하구
c5045,태일산업,북구,북구검단일반산업단지,hq_elsewhere,본사 타지역: 태일산업(주)(충청남도 아산시),태일산업(주)[01156768] 충청남도 아산시
c5048,태형산업,북구,북구검단일반산업단지,hq_elsewhere,본사 타지역: 태형산업 주식회사(경기도 화성시); 주식회사 태형산업(경상남도 창원시); 태형산업(주)(경상북도 김천시),태형산업 주식회사[00525590] 경기도 화성시 | 주식회사 태형산업[01015504] 경상남도 창원시 | 태형산업(주)[01729795] 경상북도 김천시
c5064,한남기업,북구,북구검단일반산업단지,hq_elsewhere,본사 타지역: 한남기업 주식회사(서울특별시 서초구),한남기업 주식회사[01228427] 서울특별시 서초구
c5070,한영산업,북구,북구검단일반산업단지,hq_elsewhere,본사 타지역: 한영산업주식회사(부산광역시 강서구); (주)한영산업(전라남도 영암군); 한영산업주식회사(경상북도 경산시),한영산업주식회사[01137198] 부산광역시 강서구 | (주)한영산업[00614724] 전라남도 영암군 | 한영산업주식회사[00192301] 경상북도 경산시
c5073,한일실업,북구,북구검단일반산업단지,hq_elsewhere,본사 타지역: 한일실업 주식회사(경기도 성남시),한일실업 주식회사[01542868] 경기도 성남시
c5077,합동,북구,북구검단일반산업단지,hq_elsewhere,본사 타지역: 주식회사 합동(부산광역시 사하구); (주) 합동(울산광역시 울주군),주식회사 합동[00188450] 부산광역시 사하구 | (주) 합동[00629355] 울산광역시 울주군
c5083,협성섬유,북구,북구검단일반산업단지,hq_elsewhere,본사 타지역: 주식회사 협성섬유(경기도 포천시),주식회사 협성섬유[00547006] 경기도 포천시
c5089,홍성산업,북구,북구검단일반산업단지,hq_elsewhere,본사 타지역: 주식회사 홍성산업(경상남도 거제시); 홍성산업(주)(충청북도 괴산군),주식회사 홍성산업[01075940] 경상남도 거제시 | 홍성산업(주)[00244321] 충청북도 괴산군
c5091,화인,북구,북구검단일반산업단지,hq_elsewhere,본사 타지역: (주)화인(경기도 평택시); 주식회사 화인(부산광역시 사하구); (주)화인(경상북도 성주군),(주)화인[01233854] 경기도 평택시 | 주식회사 화인[00525712] 부산광역시 사하구 | (주)화인[00408293] 경상북도 성주군 | (주)화인[01745553] 인천광역시 서구 | 주식회사 화인[00635240] 경기도 안성시 | 주식회사 화인[01462997] 전라남도 광양시 | (주)화인[00188964] 세종특별자치시 조치원읍 | (주)화인[01917637] 경상남도 양산시
c5095,휴먼테크,북구,북구검단일반산업단지,hq_elsewhere,본사 타지역: (주)휴먼테크(강원도 영월군); (주)휴먼테크(경상남도 함안군); 주식회사 휴먼테크(경기도 화성시),(주)휴먼테크[00330707] 강원도 영월군 | (주)휴먼테크[01919741] 경상남도 함안군 | 주식회사 휴먼테크[02005568] 경기도 화성시
c5096,흥진기업,북구,북구검단일반산업단지,hq_elsewhere,본사 타지역: 흥진기업(주)(경기도 화성시),흥진기업(주)[00202167] 경기도 화성시
c5097,흥진산업,북구,북구검단일반산업단지,hq_elsewhere,본사 타지역: 흥진산업주식회사(경상남도 합천군); 흥진산업주식회사(부산광역시 사하구); 흥진산업(주)(충청북도 진천군),흥진산업주식회사[00247498] 경상남도 합천군 | 흥진산업주식회사[00671242] 부산광역시 사하구 | 흥진산업(주)[01213717] 충청북도 진천군
c0926,(주)경동세라텍,서구,서대구일반산업단지,hq_elsewhere,본사 타지역: 주식회사 경동세라텍(경상북도 경주시),주식회사 경동세라텍[00126627] 경상북도 경주시
c1765,(주)경훈,서구,서대구일반산업단지,hq_elsewhere,본사 타지역: 유한회사 경훈(전북특별자치도 전주시),유한회사 경훈[02052557] 전북특별자치도 전주시
c0930,(주)굿모닝월드,서구,서대구일반산업단지,hq_elsewhere,본사 타지역: (주)굿모닝월드(충청남도 천안시),(주)굿모닝월드[01071722] 충청남도 천안시
c0931,(주)금성산업,서구,서대구일반산업단지,hq_elsewhere,본사 타지역: 금성산업 주식회사(전라남도 장성군); 주식회사 금성산업(경상남도 김해시); (주)금성산업(경상북도 칠곡군),금성산업 주식회사[00215949] 전라남도 장성군 | 주식회사 금성산업[01683004] 경상남도 김해시 | (주)금성산업[00442394] 경상북도 칠곡군
c0933,(주)농심,서구,서대구일반산업단지,hq_elsewhere,본사 타지역: (주)농심(서울특별시 동작구),(주)농심[00108241] 서울특별시 동작구
c1783,(주)다인정공,서구,서대구일반산업단지,hq_elsewhere,본사 타지역: 주식회사 다인정공(경기도 시흥시),주식회사 다인정공[00302661] 경기도 시흥시
c1784,(주)대건,서구,서대구일반산업단지,hq_elsewhere,본사 타지역: 주식회사 대건(강원도 춘천시),주식회사 대건[00108676] 강원도 춘천시
c1790,(주)대동철강,서구,서대구일반산업단지,hq_elsewhere,본사 타지역: (주)대동철강(전라북도 익산시),(주)대동철강[01566734] 전라북도 익산시
c1795,(주)대성무역,서구,서대구일반산업단지,hq_elsewhere,본사 타지역: 대성무역(주)(경상북도 경주시),대성무역(주)[00939100] 경상북도 경주시
c1798,(주)대영케미칼,서구,서대구일반산업단지,hq_elsewhere,본사 타지역: (주)대영케미칼(서울특별시 강남구),(주)대영케미칼[00904751] 서울특별시 강남구
c1801,(주)동남합성,서구,서대구일반산업단지,hq_elsewhere,본사 타지역: (주)동남합성(충청남도 공주시),(주)동남합성[00115065] 충청남도 공주시
c1805,(주)동원이엔씨,서구,서대구일반산업단지,hq_elsewhere,본사 타지역: (주)동원이엔씨(경기도 성남시); (주) 동원이엔씨(경기도 성남시),(주)동원이엔씨[00125008] 경기도 성남시 | (주) 동원이엔씨[00118080] 경기도 성남시
c1807,(주)동일섬유,서구,서대구일반산업단지,hq_elsewhere,본사 타지역: (주)동일섬유(경기도 안산시),(주)동일섬유[00236155] 경기도 안산시
c1810,(주)동진,서구,서대구일반산업단지,hq_elsewhere,본사 타지역: (주)동진(경상남도 창원시); 주식회사 동진(경상북도 고령군); (주)동진(경기도 의왕시),(주)동진[00483294] 경상남도 창원시 | 주식회사 동진[01226687] 경상북도 고령군 | (주)동진[00550000] 경기도 의왕시
c1813,(주)디알테크아이앤씨,서구,서대구일반산업단지,hq_elsewhere,본사 타지역: (주)디알테크아이앤씨(서울특별시 금천구),(주)디알테크아이앤씨[01756461] 서울특별시 금천구
c0963,(주)루텍,서구,서대구일반산업단지,hq_elsewhere,본사 타지역: 주식회사 루텍(대전광역시 대덕구); (주)루텍(경기도 수원시); 주식회사 루텍(서울특별시 서초구),주식회사 루텍[00248655] 대전광역시 대덕구 | (주)루텍[01029738] 경기도 수원시 | 주식회사 루텍[01812165] 서울특별시 서초구
c1821,(주)마이하우스,서구,서대구일반산업단지,hq_elsewhere,본사 타지역: (주)마이하우스(경기도 고양시); 주식회사 마이하우스(서울특별시 영등포구),(주)마이하우스[00346984] 경기도 고양시 | 주식회사 마이하우스[01555853] 서울특별시 영등포구
c0964,(주)마이하우스(518호),서구,서대구일반산업단지,hq_elsewhere,본사 타지역: (주)마이하우스(경기도 고양시); 주식회사 마이하우스(서울특별시 영등포구),(주)마이하우스[00346984] 경기도 고양시 | 주식회사 마이하우스[01555853] 서울특별시 영등포구
c0965,(주)마이하우스(519호),서구,서대구일반산업단지,hq_elsewhere,본사 타지역: (주)마이하우스(경기도 고양시); 주식회사 마이하우스(서울특별시 영등포구),(주)마이하우스[00346984] 경기도 고양시 | 주식회사 마이하우스[01555853] 서울특별시 영등포구
c1823,(주)명전사,서구,서대구일반산업단지,hq_elsewhere,본사 타지역: (주)명전사(대전광역시 중구),(주)명전사[00527260] 대전광역시 중구
c1828,(주)미래로,서구,서대구일반산업단지,hq_elsewhere,본사 타지역: 주식회사 미래로(부산광역시 사상구); (주)미래로(경기도 광명시),주식회사 미래로[01633762] 부산광역시 사상구 | (주)미래로[01835926] 경기도 광명시
c0981,(주)비로보틱스,서구,서대구일반산업단지,hq_elsewhere,본사 타지역: 주식회사 비로보틱스(서울특별시 송파구),주식회사 비로보틱스[01722932] 서울특별시 송파구
c1841,(주)삼성섬유,서구,서대구일반산업단지,hq_elsewhere,본사 타지역: (주)삼성섬유(경상북도 성주군),(주)삼성섬유[02028408] 경상북도 성주군
c0985,(주)삼양,서구,서대구일반산업단지,hq_elsewhere,본사 타지역: (주)삼양(충청북도 청주시),(주)삼양[00579078] 충청북도 청주시
c1842,(주)삼원기업,서구,서대구일반산업단지,hq_elsewhere,본사 타지역: 주식회사 삼원기업(경기도 안산시),주식회사 삼원기업[01582200] 경기도 안산시
c1844,(주)삼천리렌트카,서구,서대구일반산업단지,hq_elsewhere,본사 타지역: (주)삼천리렌트카(부산광역시 강서구),(주)삼천리렌트카[00985367] 부산광역시 강서구
c0987,(주)삼화무역,서구,서대구일반산업단지,hq_elsewhere,본사 타지역: 삼화무역(주)(서울특별시 강남구),삼화무역(주)[00691857] 서울특별시 강남구
c0989,(주)서우,서구,서대구일반산업단지,hq_elsewhere,본사 타지역: 서우(주)(경기도 용인시); 주식회사 서우(경기도 평택시); 주식회사서우(경상북도 칠곡군),서우(주)[00456616] 경기도 용인시 | 주식회사 서우[01689488] 경기도 평택시 | 주식회사서우[02039264] 경상북도 칠곡군
c1854,(주)성진기업,서구,서대구일반산업단지,hq_elsewhere,본사 타지역: 성진기업(주)(경기도 여주시); 성진기업 주식회사(경기도 화성시); 주식회사 성진기업 (경기도 화성시),성진기업(주)[01142039] 경기도 여주시 | 성진기업 주식회사[01479702] 경기도 화성시 | 주식회사 성진기업 [01805396] 경기도 화성시
c0996,(주)성진스틸,서구,서대구일반산업단지,hq_elsewhere,본사 타지역: (주)성진스틸(부산광역시 강서구),(주)성진스틸[01022911] 부산광역시 강서구
c1855,(주)성호하이텍,서구,서대구일반산업단지,hq_elsewhere,본사 타지역: (주)성호하이텍(경상북도 칠곡군),(주)성호하이텍[01755745] 경상북도 칠곡군
c1000,(주)성호하이텍 (기숙사),서구,서대구일반산업단지,hq_elsewhere,본사 타지역: (주)성호하이텍(경상북도 칠곡군),(주)성호하이텍[01755745] 경상북도 칠곡군
c1856,(주)세림,서구,서대구일반산업단지,hq_elsewhere,본사 타지역: (주)세림(부산광역시 해운대구); 유한회사 세림(제주특별자치도 서귀포시); (주)세림(울산광역시 울주군),(주)세림[00987772] 부산광역시 해운대구 | 유한회사 세림[00236119] 제주특별자치도 서귀포시 | (주)세림[01627725] 울산광역시 울주군 | 주식회사세림[00182094] 충청북도 진천군 | 주식회사세림[00677158] 세종특별자치시 금남면
c1002,(주)세종엔지니어링,서구,서대구일반산업단지,hq_elsewhere,본사 타지역: 세종엔지니어링(주)(서울특별시 송파구),세종엔지니어링(주)[01369238] 서울특별시 송파구
c1012,(주)신일텍스 (408호),서구,서대구일반산업단지,hq_elsewhere,본사 타지역: (주)신일텍스(경상북도 구미시),(주)신일텍스[01457904] 경상북도 구미시
c1013,(주)신일텍스 (409호),서구,서대구일반산업단지,hq_elsewhere,본사 타지역: (주)신일텍스(경상북도 구미시),(주)신일텍스[01457904] 경상북도 구미시
c1021,(주)아이스타,서구,서대구일반산업단지,hq_elsewhere,본사 타지역: 주식회사 아이스타(서울특별시 강남구),주식회사 아이스타[00356884] 서울특별시 강남구
c1874,(주)에너지뱅크,서구,서대구일반산업단지,hq_elsewhere,본사 타지역: 주식회사 에너지뱅크(서울특별시 서초구),주식회사 에너지뱅크[00608857] 서울특별시 서초구
c1875,(주)에스에프씨,서구,서대구일반산업단지,hq_elsewhere,본사 타지역: 주식회사 에스에프씨(경상북도 김천시); (주)에스에프씨(충청남도 홍성군); 에스에프씨(주)(충청북도 청원군),주식회사 에스에프씨[01210233] 경상북도 김천시 | (주)에스에프씨[00450339] 충청남도 홍성군 | 에스에프씨(주)[00299109] 충청북도 청원군
c1027,(주)에스케이엠,서구,서대구일반산업단지,hq_elsewhere,본사 타지역: 주식회사 에스케이엠(경기도 화성시); (주)에스케이엠(경상북도 경주시); 주식회사 에스케이엠(경상남도 창원시),주식회사 에스케이엠[00622024] 경기도 화성시 | (주)에스케이엠[00810717] 경상북도 경주시 | 주식회사 에스케이엠[01156360] 경상남도 창원시 | 에스케이엠(주)[00878085] 인천광역시 남동구
c1877,(주)에이스유니폼,서구,서대구일반산업단지,hq_elsewhere,본사 타지역: (주)에이스유니폼(부산광역시 부산진구),(주)에이스유니폼[01298718] 부산광역시 부산진구
c1029,(주)에이엠컴퍼니,서구,서대구일반산업단지,hq_elsewhere,본사 타지역: (주)에이엠컴퍼니(서울특별시 동대문구),(주)에이엠컴퍼니[01070477] 서울특별시 동대문구
c1039,(주)엔티아이,서구,서대구일반산업단지,hq_elsewhere,본사 타지역: 유한회사 엔티아이(서울특별시 강남구),유한회사 엔티아이[01458833] 서울특별시 강남구
c1045,(주)오션엔지니어링,서구,서대구일반산업단지,hq_elsewhere,본사 타지역: (주)오션엔지니어링(충청북도 청주시),(주)오션엔지니어링[01308820] 충청북도 청주시
c1057,(주)유신테크,서구,서대구일반산업단지,hq_elsewhere,본사 타지역: 주식회사유신테크(인천광역시 부평구),주식회사유신테크[00852306] 인천광역시 부평구
c1906,(주)정안산업,서구,서대구일반산업단지,hq_elsewhere,본사 타지역: 정안산업(주)(충청북도 충주시),정안산업(주)[01930470] 충청북도 충주시
c1073,(주)정우산업개발,서구,서대구일반산업단지,hq_elsewhere,본사 타지역: (주)정우산업개발(부산광역시 해운대구); 주식회사 정우산업개발(경상남도 김해시),(주)정우산업개발[00529453] 부산광역시 해운대구 | 주식회사 정우산업개발[01298648] 경상남도 김해시
c1076,(주)제이앤제이컴퍼니,서구,서대구일반산업단지,hq_elsewhere,본사 타지역: 제이앤제이컴퍼니 주식회사(울산광역시 남구),제이앤제이컴퍼니 주식회사[01696390] 울산광역시 남구
c1080,(주)조은홀딩스,서구,서대구일반산업단지,hq_elsewhere,본사 타지역: (주)조은홀딩스(경기도 성남시),(주)조은홀딩스[01401482] 경기도 성남시
c1082,(주)지구,서구,서대구일반산업단지,hq_elsewhere,본사 타지역: 주식회사 지구(경기도 고양시),주식회사 지구[00150110] 경기도 고양시
c1084,(주)지피아이,서구,서대구일반산업단지,hq_elsewhere,본사 타지역: 주식회사 지피아이(서울특별시 강서구); (주)지피아이(울산광역시 울주군),주식회사 지피아이[00972026] 서울특별시 강서구 | (주)지피아이[01149078] 울산광역시 울주군
c1922,(주)천조 (제2층 제매매장10호),서구,서대구일반산업단지,hq_elsewhere,본사 타지역: 주식회사 천조(충청남도 아산시); (주)천조(서울특별시 강남구),주식회사 천조[01398124] 충청남도 아산시 | (주)천조[00243827] 서울특별시 강남구
c1923,(주)천조 (제2층 제매매장11호),서구,서대구일반산업단지,hq_elsewhere,본사 타지역: 주식회사 천조(충청남도 아산시); (주)천조(서울특별시 강남구),주식회사 천조[01398124] 충청남도 아산시 | (주)천조[00243827] 서울특별시 강남구
c1929,(주)케이비앤텍스(KBNTEX),서구,서대구일반산업단지,hq_elsewhere,본사 타지역: (주)케이비앤텍스(서울특별시 성동구),(주)케이비앤텍스[00358350] 서울특별시 성동구
c1932,(주)코리아실크로드,서구,서대구일반산업단지,hq_elsewhere,본사 타지역: (주)코리아실크로드(서울특별시 구로구),(주)코리아실크로드[01666034] 서울특별시 구로구
c1942,(주)평화엔지니어링,서구,서대구일반산업단지,hq_elsewhere,본사 타지역: (주)평화엔지니어링(경기도 안양시),(주)평화엔지니어링[00427775] 경기도 안양시
c1101,(주)한국파일,서구,서대구일반산업단지,hq_elsewhere,본사 타지역: 주식회사 한국파일(경기도 김포시),주식회사 한국파일[01825044] 경기도 김포시
c1950,(주)한샘,서구,서대구일반산업단지,hq_elsewhere,본사 타지역: (주)한샘(경기도 안산시),(주)한샘[00161693] 경기도 안산시
c1110,(주)헵시바,서구,서대구일반산업단지,hq_elsewhere,본사 타지역: (주)헵시바(서울특별시 서초구); 헵시바(주)(인천광역시 남구),(주)헵시바[00642569] 서울특별시 서초구 | 헵시바(주)[00240583] 인천광역시 남구
c1980,거대산업,서구,서대구일반산업단지,hq_elsewhere,본사 타지역: 거대산업주식회사(부산광역시 사하구),거대산업주식회사[00407638] 부산광역시 사하구
c1130,건일,서구,서대구일반산업단지,hq_elsewhere,본사 타지역: (주)건일(경기도 안양시); (주)건일(경상북도 포항시),(주)건일[01752562] 경기도 안양시 | (주)건일[00521600] 경상북도 포항시
c1999,고려산업,서구,서대구일반산업단지,hq_elsewhere,본사 타지역: 고려산업 주식회사(충청남도 아산시); 고려산업(주)(부산광역시 중구),고려산업 주식회사[01895779] 충청남도 아산시 | 고려산업(주)[00102751] 부산광역시 중구
c1151,금정,서구,서대구일반산업단지,hq_elsewhere,본사 타지역: 주식회사 금정(경상남도 김해시); 주식회사 금정(경상북도 포항시); 금정주식회사(대전광역시 유성구),주식회사 금정[00767655] 경상남도 김해시 | 주식회사 금정[00252232] 경상북도 포항시 | 금정주식회사[01076116] 대전광역시 유성구 | (주)금정[00561282] 울산광역시 울주군
c2026,남영섬유,서구,서대구일반산업단지,hq_elsewhere,본사 타지역: 남영섬유(주)(부산광역시 사하구),남영섬유(주)[01401817] 부산광역시 사하구
c2035,다일,서구,서대구일반산업단지,hq_elsewhere,본사 타지역: 주식회사 다 일(서울특별시 강남구); (주)다일(충청북도 충주시),주식회사 다 일[00487704] 서울특별시 강남구 | (주)다일[00494740] 충청북도 충주시
c1184,대경,서구,서대구일반산업단지,hq_elsewhere,본사 타지역: 주식회사 대경(경기도 안성시); (주)대경(부산광역시 사하구); 주식회사 대경(부산광역시 수영구),주식회사 대경[00485229] 경기도 안성시 | (주)대경[01015780] 부산광역시 사하구 | 주식회사 대경[01469015] 부산광역시 수영구 | 주식회사 대경[01925733] 경상남도 김해시
c1187,대광섬유,서구,서대구일반산업단지,hq_elsewhere,본사 타지역: 대광섬유주식회사(경상남도 김해시),대광섬유주식회사[00524883] 경상남도 김해시
c1199,대동산업,서구,서대구일반산업단지,hq_elsewhere,본사 타지역: 주식회사 대동산업(경기도 화성시); 대동산업주식회사(경상북도 경주시); 대동산업 주식회사(충청남도 천안시),주식회사 대동산업[00309789] 경기도 화성시 | 대동산업주식회사[00763817] 경상북도 경주시 | 대동산업 주식회사[00109408] 충청남도 천안시
c2056,대륙,서구,서대구일반산업단지,hq_elsewhere,본사 타지역: 대륙(주)(경상북도 경주시); 주식회사 대륙(경기도 용인시),대륙(주)[00967565] 경상북도 경주시 | 주식회사 대륙[00365341] 경기도 용인시
c2057,대림텍스,서구,서대구일반산업단지,hq_elsewhere,본사 타지역: (주)대림텍스(경상남도 김해시),(주)대림텍스[00424538] 경상남도 김해시
c1200,대명산업,서구,서대구일반산업단지,hq_elsewhere,본사 타지역: 주식회사 대명산업(부산광역시 강서구); 대명산업(주)(강원도 양구군); 대명산업 주식회사(충청남도 아산시),주식회사 대명산업[00600998] 부산광역시 강서구 | 대명산업(주)[01028429] 강원도 양구군 | 대명산업 주식회사[00612373] 충청남도 아산시 | 대명산업 주식회사[00609209] 경상남도 창원시
c1202,대산테크,서구,서대구일반산업단지,hq_elsewhere,본사 타지역: (주)대산테크(인천광역시 연수구),(주)대산테크[01371367] 인천광역시 연수구
c1203,대상 주식회사,서구,서대구일반산업단지,hq_elsewhere,본사 타지역: 대상(주)(서울특별시 종로구),대상(주)[00121941] 서울특별시 종로구
c1204,대성기업,서구,서대구일반산업단지,hq_elsewhere,본사 타지역: (주)대성기업(경기도 이천시); 대성기업주식회사(경상북도 포항시),(주)대성기업[01148149] 경기도 이천시 | 대성기업주식회사[00110440] 경상북도 포항시
c1205,대성사,서구,서대구일반산업단지,hq_elsewhere,본사 타지역: 주식회사 대성사(경상남도 양산시),주식회사 대성사[00110477] 경상남도 양산시
c2066,대성실업,서구,서대구일반산업단지,hq_elsewhere,본사 타지역: 대성실업(주)(충청북도 충주시),대성실업(주)[00579476] 충청북도 충주시
c1207,대성정밀,서구,서대구일반산업단지,hq_elsewhere,본사 타지역: (주)대성정밀(강원도 원주시),(주)대성정밀[01696965] 강원도 원주시
c2068,대양금속,서구,서대구일반산업단지,hq_elsewhere,본사 타지역: (주)대양금속(충청남도 예산군),(주)대양금속[00111111] 충청남도 예산군
c2071,대영산업,서구,서대구일반산업단지,hq_elsewhere,본사 타지역: 대영산업 주식회사(전라남도 해남군); 대영산업(주)(경기도 시흥시); 대영산업 주식회사(경상남도 함양군),대영산업 주식회사[00822590] 전라남도 해남군 | 대영산업(주)[00918231] 경기도 시흥시 | 대영산업 주식회사[00663270] 경상남도 함양군 | 대영산업(주)[01014426] 인천광역시 남동구 | 대영산업(주)[00836654] 울산광역시 북구
c1211,대영섬유,서구,서대구일반산업단지,hq_elsewhere,본사 타지역: (주)대영섬유(부산광역시 사상구),(주)대영섬유[01379174] 부산광역시 사상구
c2072,대영정밀,서구,서대구일반산업단지,hq_elsewhere,본사 타지역: 주식회사 대영정밀(충청남도 아산시); 주식회사 대영정밀(경기도 안산시),주식회사 대영정밀[01010387] 충청남도 아산시 | 주식회사 대영정밀[01433223] 경기도 안산시
c1215,대원,서구,서대구일반산업단지,hq_elsewhere,본사 타지역: 주식회사 대원(경기도 화성시); 주식회사 대원(충청남도 서산시); 주식회사 대원(경상남도 사천시),주식회사 대원[00969590] 경기도 화성시 | 주식회사 대원[00975050] 충청남도 서산시 | 주식회사 대원[00972886] 경상남도 사천시 | 주식회사 대원[01230990] 경기도 포천시 | 주식회사 대원[01659690] 경기도 가평군 | 주식회사 대원[01747728] 광주광역시 서구 | (주)대원[00111838] 충청북도 청주시
c2088,대현산업,서구,서대구일반산업단지,hq_elsewhere,본사 타지역: 주식회사 대현산업(경기도 화성시); (주)대현산업(경기도 평택시),주식회사 대현산업[00590363] 경기도 화성시 | (주)대현산업[00785776] 경기도 평택시
c2093,대흥물산,서구,서대구일반산업단지,hq_elsewhere,본사 타지역: (주)대흥물산(경기도 안산시); 대흥물산 주식회사(경상남도 통영시),(주)대흥물산[00527297] 경기도 안산시 | 대흥물산 주식회사[01916771] 경상남도 통영시
c2099,덕성금속,서구,서대구일반산업단지,hq_elsewhere,본사 타지역: 덕성금속(주)(충청남도 당진군),덕성금속(주)[00982458] 충청남도 당진군
c1233,동광화섬,서구,서대구일반산업단지,hq_elsewhere,본사 타지역: 동광화섬주식회사(경상북도 구미시),동광화섬주식회사[00228031] 경상북도 구미시
c1234,동국산업,서구,서대구일반산업단지,hq_elsewhere,본사 타지역: 동국산업(주)(서울특별시 중구),동국산업(주)[00172680] 서울특별시 중구
c2107,동방산업,서구,서대구일반산업단지,hq_elsewhere,본사 타지역: 동방산업(주)(경상북도 포항시); 동방산업(주)(강원도 평창군); 동방산업(주)(경기도 안양시),동방산업(주)[00192550] 경상북도 포항시 | 동방산업(주)[00409247] 강원도 평창군 | 동방산업(주)[01727478] 경기도 안양시
c1238,동성화학(주),서구,서대구일반산업단지,hq_elsewhere,본사 타지역: (주)동성화학(부산광역시 사하구),(주)동성화학[00116356] 부산광역시 사하구
c1241,동양정밀(주),서구,서대구일반산업단지,hq_elsewhere,본사 타지역: (주)동양정밀(충청남도 아산시),(주)동양정밀[00536019] 충청남도 아산시
c2114,동주,서구,서대구일반산업단지,hq_elsewhere,본사 타지역: (주)동주(경기도 평택시); 주식회사 동 주(충청남도 천안시); 주식회사 동주(강원도 강릉시),(주)동주[01078169] 경기도 평택시 | 주식회사 동 주[00118585] 충청남도 천안시 | 주식회사 동주[01308635] 강원도 강릉시
c1248,동화산업,서구,서대구일반산업단지,hq_elsewhere,본사 타지역: 동화산업 주식회사 (경기도 성남시); 동화산업주식회사(인천광역시 남동구); 동화산업주식회사(충청북도 제천시),동화산업 주식회사 [00177302] 경기도 성남시 | 동화산업주식회사[01373471] 인천광역시 남동구 | 동화산업주식회사[01558726] 충청북도 제천시 | 동화산업(주)[00215684] 경기도 시흥시 | 동화산업주식회사[00119122] 서울특별시 중구
c2125,디에이치건설 주식회사,서구,서대구일반산업단지,hq_elsewhere,본사 타지역: 디에이치건설 주식회사(경상북도 경주시); 디에이치건설(주)(경기도 고양시); 디에이치건설(주)(경기도 수원시),디에이치건설 주식회사[01550520] 경상북도 경주시 | 디에이치건설(주)[01667158] 경기도 고양시 | 디에이치건설(주)[01953532] 경기도 수원시
c2144,명인,서구,서대구일반산업단지,hq_elsewhere,본사 타지역: (주)명인(경기도 광주시),(주)명인[00492982] 경기도 광주시
c2145,명전사(부동산),서구,서대구일반산업단지,hq_elsewhere,본사 타지역: (주)명전사(대전광역시 중구),(주)명전사[00527260] 대전광역시 중구
c2156,미래기계,서구,서대구일반산업단지,hq_elsewhere,본사 타지역: (주)미래기계(인천광역시 미추홀구),(주)미래기계[00971869] 인천광역시 미추홀구
c2157,미래비전,서구,서대구일반산업단지,hq_elsewhere,본사 타지역: 주식회사 미래비전(경기도 용인시),주식회사 미래비전[01783580] 경기도 용인시
c1295,미진(김창범),서구,서대구일반산업단지,hq_elsewhere,본사 타지역: 주식회사 미진(부산광역시 해운대구),주식회사 미진[00641904] 부산광역시 해운대구
c1296,미진(노규영),서구,서대구일반산업단지,hq_elsewhere,본사 타지역: 주식회사 미진(부산광역시 해운대구),주식회사 미진[00641904] 부산광역시 해운대구
c1297,미진(노상훈),서구,서대구일반산업단지,hq_elsewhere,본사 타지역: 주식회사 미진(부산광역시 해운대구),주식회사 미진[00641904] 부산광역시 해운대구
c1298,미진(중리동 1160-26),서구,서대구일반산업단지,hq_elsewhere,본사 타지역: 주식회사 미진(부산광역시 해운대구),주식회사 미진[00641904] 부산광역시 해운대구
c1300,민테크,서구,서대구일반산업단지,hq_elsewhere,본사 타지역: 주식회사 민테크(대전광역시 유성구),주식회사 민테크[01689035] 대전광역시 유성구
c1303,바텍(주),서구,서대구일반산업단지,hq_elsewhere,본사 타지역: (주)바텍(경기도 화성시),(주)바텍[00264255] 경기도 화성시
c2174,보림산업,서구,서대구일반산업단지,hq_elsewhere,본사 타지역: (주)보림산업(부산광역시 사상구),(주)보림산업[01496374] 부산광역시 사상구
c1336,비에이치 주식회사,서구,서대구일반산업단지,hq_elsewhere,본사 타지역: 비에이치(서울특별시 영등포구); (주)비에이치(인천광역시 부평구),비에이치[00465881] 서울특별시 영등포구 | (주)비에이치[00447609] 인천광역시 부평구
c2204,비엠테크,서구,서대구일반산업단지,hq_elsewhere,본사 타지역: (주)비엠테크(인천광역시 남동구),(주)비엠테크[00547024] 인천광역시 남동구
c2205,빔모빌리티코리아(주),서구,서대구일반산업단지,hq_elsewhere,본사 타지역: 빔모빌리티코리아 주식회사(서울특별시 성동구),빔모빌리티코리아 주식회사[01562048] 서울특별시 성동구
c1339,삼 신,서구,서대구일반산업단지,hq_elsewhere,본사 타지역: 주식회사 삼신(울산광역시 남구); 주식회사 삼신(전라북도 군산시); 주식회사 삼신(충청북도 청주시),주식회사 삼신[00839101] 울산광역시 남구 | 주식회사 삼신[01065217] 전라북도 군산시 | 주식회사 삼신[01317147] 충청북도 청주시 | 주식회사 삼신[00253435] 서울특별시 금천구 | (주)삼신[00173281] 충청남도 천안시 | 주식회사 삼신[01773538] 충청남도 보령시 | (주)삼신[02007238] 경상북도 포항시 | (주)삼신[02006664] 경기도 화성시
c1343,삼성물산(주),서구,서대구일반산업단지,hq_elsewhere,본사 타지역: 삼성물산(주)(서울특별시 서초구); 삼성물산(주)(서울특별시 강동구),삼성물산(주)[00126229] 서울특별시 서초구 | 삼성물산(주)[00149655] 서울특별시 강동구
c1348,삼양(772-48),서구,서대구일반산업단지,hq_elsewhere,본사 타지역: (주)삼양(충청북도 청주시),(주)삼양[00579078] 충청북도 청주시
c1349,삼양(772-51),서구,서대구일반산업단지,hq_elsewhere,본사 타지역: (주)삼양(충청북도 청주시),(주)삼양[00579078] 충청북도 청주시
c1352,삼진정공,서구,서대구일반산업단지,hq_elsewhere,본사 타지역: 삼진정공(주)(경기도 부천시); 주식회사 삼진정공(전라북도 완주군),삼진정공(주)[00169622] 경기도 부천시 | 주식회사 삼진정공[00909969] 전라북도 완주군
c1353,삼화실업,서구,서대구일반산업단지,hq_elsewhere,본사 타지역: 삼화실업(주)(인천광역시 북구); 삼화실업주식회사(부산광역시 중구),삼화실업(주)[00181165] 인천광역시 북구 | 삼화실업주식회사[00365837] 부산광역시 중구
c2222,삼화엔지니어링,서구,서대구일반산업단지,hq_elsewhere,본사 타지역: 삼화엔지니어링(주)(경기도 광주시),삼화엔지니어링(주)[00450348] 경기도 광주시
c2223,삼화엔지니어링(창고),서구,서대구일반산업단지,hq_elsewhere,본사 타지역: 삼화엔지니어링(주)(경기도 광주시),삼화엔지니어링(주)[00450348] 경기도 광주시
c1359,새누,서구,서대구일반산업단지,hq_elsewhere,본사 타지역: 주식회사 새누(서울특별시 금천구),주식회사 새누[01653012] 서울특별시 금천구
c1370,선우테크,서구,서대구일반산업단지,hq_elsewhere,본사 타지역: (주)선우테크(충청북도 청주시),(주)선우테크[01141881] 충청북도 청주시
c1374,성빈,서구,서대구일반산업단지,hq_elsewhere,본사 타지역: 주식회사 성빈(서울특별시 강남구); (주)성빈(경상북도 경주시),주식회사 성빈[01079335] 서울특별시 강남구 | (주)성빈[01951914] 경상북도 경주시
c2246,성진기업,서구,서대구일반산업단지,hq_elsewhere,본사 타지역: 성진기업(주)(경기도 여주시); 성진기업 주식회사(경기도 화성시); 주식회사 성진기업 (경기도 화성시),성진기업(주)[01142039] 경기도 여주시 | 성진기업 주식회사[01479702] 경기도 화성시 | 주식회사 성진기업 [01805396] 경기도 화성시
c1381,성진테크,서구,서대구일반산업단지,hq_elsewhere,본사 타지역: 주식회사 성진테크(경상남도 김해시); 성진테크(경기도 부천시); (주)성진테크(경상남도 창원시),주식회사 성진테크[00335988] 경상남도 김해시 | 성진테크[01294068] 경기도 부천시 | (주)성진테크[00868264] 경상남도 창원시
c1385,세동 주식회사,서구,서대구일반산업단지,hq_elsewhere,본사 타지역: (주)세동(부산광역시 기장군),(주)세동[00133663] 부산광역시 기장군
c1387,세명산업,서구,서대구일반산업단지,hq_elsewhere,본사 타지역: 주식회사 세명산업(경기도 수원시),주식회사 세명산업[01754533] 경기도 수원시
c1394,세인,서구,서대구일반산업단지,hq_elsewhere,본사 타지역: 주식회사 세인(경기도 수원시); (주)세인(경상북도 영천시); (주)세인(경기도 안양시),주식회사 세인[00895055] 경기도 수원시 | (주)세인[01013898] 경상북도 영천시 | (주)세인[00933328] 경기도 안양시 | 주식회사 세인[01923063] 경기도 동두천시
c2253,세일정밀,서구,서대구일반산업단지,hq_elsewhere,본사 타지역: 주식회사 세일정밀(경기도 화성시); (주)세일정밀(대전광역시 대덕구),주식회사 세일정밀[00809720] 경기도 화성시 | (주)세일정밀[01913701] 대전광역시 대덕구
c1398,세진테크,서구,서대구일반산업단지,hq_elsewhere,본사 타지역: 세진테크(주)(경기도 파주시); 세진테크(주)(인천광역시 남동구),세진테크(주)[01081525] 경기도 파주시 | 세진테크(주)[01847046] 인천광역시 남동구
c1399,세화섬유,서구,서대구일반산업단지,hq_elsewhere,본사 타지역: 세화섬유 주식회사(경기도 안산시),세화섬유 주식회사[00134820] 경기도 안산시
c2255,송도산업,서구,서대구일반산업단지,hq_elsewhere,본사 타지역: 송도산업주식회사(경기도 화성시); 주식회사 송도산업(충청북도 청주시),송도산업주식회사[01329498] 경기도 화성시 | 주식회사 송도산업[01689725] 충청북도 청주시
c2262,수성케미칼,서구,서대구일반산업단지,hq_elsewhere,본사 타지역: (주)수성케미칼(전라북도 익산시),(주)수성케미칼[00573597] 전라북도 익산시
c1406,스파크 플러스,서구,서대구일반산업단지,hq_elsewhere,본사 타지역: 주식회사 스파크플러스(서울특별시 강남구),주식회사 스파크플러스[01359648] 서울특별시 강남구
c1414,신광,서구,서대구일반산업단지,hq_elsewhere,본사 타지역: (주)신광(경상남도 양산시); (주)신광(경기도 시흥시); (주)신광(인천광역시 남동구),(주)신광[00693378] 경상남도 양산시 | (주)신광[00206826] 경기도 시흥시 | (주)신광[01304587] 인천광역시 남동구 | (주)신광[00368852] 경상남도 창원시
c1417,신라산업,서구,서대구일반산업단지,hq_elsewhere,본사 타지역: (주)신라산업(충청북도 청주시),(주)신라산업[01137019] 충청북도 청주시
c1418,신성,서구,서대구일반산업단지,hq_elsewhere,본사 타지역: 주식회사 신성(경상남도 거제시); (주)신성(경상남도 함안군); (주)신성(제주특별자치도 제주시),주식회사 신성[00242998] 경상남도 거제시 | (주)신성[00988489] 경상남도 함안군 | (주)신성[00836876] 제주특별자치도 제주시 | (주)신성[01040467] 경상북도 구미시 | (주)신성[01503319] 충청남도 서산시 | 주식회사 신성[01638545] 경기도 화성시 | (주)신성[01560129] 경기도 광주시
c2279,신우,서구,서대구일반산업단지,hq_elsewhere,본사 타지역: (주)신우(서울특별시 강남구); 주식회사 신우(경상북도 경산시); (주)신우(경기도 안성시),(주)신우[00219316] 서울특별시 강남구 | 주식회사 신우[00524582] 경상북도 경산시 | (주)신우[01176610] 경기도 안성시 | 주식회사신우[00822466] 부산광역시 수영구 | (주)신우[01031089] 강원도 원주시 | 주식회사 신우[01088005] 세종특별자치시 한누리대로 | (주)신우[00868130] 경기도 용인시 | (주)신우[01681389] 경상북도 경주시
c2280,신우 (문화로23길 17),서구,서대구일반산업단지,hq_elsewhere,본사 타지역: (주)신우(서울특별시 강남구); 주식회사 신우(경상북도 경산시); (주)신우(경기도 안성시),(주)신우[00219316] 서울특별시 강남구 | 주식회사 신우[00524582] 경상북도 경산시 | (주)신우[01176610] 경기도 안성시 | 주식회사신우[00822466] 부산광역시 수영구 | (주)신우[01031089] 강원도 원주시 | 주식회사 신우[01088005] 세종특별자치시 한누리대로 | (주)신우[00868130] 경기도 용인시 | (주)신우[01681389] 경상북도 경주시
c1430,아리아,서구,서대구일반산업단지,hq_elsewhere,본사 타지역: (유)아리아(서울특별시 중구),(유)아리아[01769401] 서울특별시 중구
c1433,아이에스테크,서구,서대구일반산업단지,hq_elsewhere,본사 타지역: (주)아이에스테크(전라북도 군산시),(주)아이에스테크[00362195] 전라북도 군산시
c1434,아이테크,서구,서대구일반산업단지,hq_elsewhere,본사 타지역: (주)아이테크(인천광역시 남동),(주)아이테크[00357005] 인천광역시 남동
c2296,아트테크,서구,서대구일반산업단지,hq_elsewhere,본사 타지역: (주)아트테크(경기도 화성시),(주)아트테크[00680921] 경기도 화성시
c2299,알디에스,서구,서대구일반산업단지,hq_elsewhere,본사 타지역: 알디에스 주식회사(부산광역시 부산진구); 알디에스(주)(서울특별시 강남구),알디에스 주식회사[00443621] 부산광역시 부산진구 | 알디에스(주)[01004562] 서울특별시 강남구
c2311,에이치디이엔씨 주식회사,서구,서대구일반산업단지,hq_elsewhere,본사 타지역: 주식회사 에이치디이엔씨(광주광역시 동구),주식회사 에이치디이엔씨[01464153] 광주광역시 동구
c1447,에이치엔(HN),서구,서대구일반산업단지,hq_elsewhere,본사 타지역: 주식회사에이치엔(경기도 안산시); 에이치엔 주식회사(경기도 하남시),주식회사에이치엔[00412889] 경기도 안산시 | 에이치엔 주식회사[01952418] 경기도 하남시
c1449,에이치투,서구,서대구일반산업단지,hq_elsewhere,본사 타지역: (주)에이치투(서울특별시 서초구); (주)에이치투(경기도 화성시),(주)에이치투[01152665] 서울특별시 서초구 | (주)에이치투[01622544] 경기도 화성시
c2313,에프아이2205유동화전문유한회사,서구,서대구일반산업단지,hq_elsewhere,본사 타지역: 에프아이2205유동화전문 유한회사(서울특별시 중구),에프아이2205유동화전문 유한회사[01652545] 서울특별시 중구
c1454,엔클릭,서구,서대구일반산업단지,hq_elsewhere,본사 타지역: (주)엔클릭(서울특별시 동작구),(주)엔클릭[01175170] 서울특별시 동작구
c2321,엠에프테크,서구,서대구일반산업단지,hq_elsewhere,본사 타지역: (주)엠에프테크(경기도 안산시); (주)엠에프테크(경기도 안산시),(주)엠에프테크[00625322] 경기도 안산시 | (주)엠에프테크[01333136] 경기도 안산시
c1458,엠제이테크,서구,서대구일반산업단지,hq_elsewhere,본사 타지역: 주식회사엠제이테크(충청남도 아산시); 주식회사 엠제이테크(경기도 평택시); (주)엠제이테크(부산광역시 영도구),주식회사엠제이테크[00833912] 충청남도 아산시 | 주식회사 엠제이테크[01732878] 경기도 평택시 | (주)엠제이테크[01842865] 부산광역시 영도구
c2330,영진산업,서구,서대구일반산업단지,hq_elsewhere,본사 타지역: 영진산업 주식회사(경상북도 김천시); (주)영진산업(전라남도 여수시); 주식회사 영진산업(경상북도 경주시),영진산업 주식회사[01221336] 경상북도 김천시 | (주)영진산업[01157934] 전라남도 여수시 | 주식회사 영진산업[00920324] 경상북도 경주시 | 영진산업(주)[01683961] 경기도 포천시
c2333,영화사,서구,서대구일반산업단지,hq_elsewhere,본사 타지역: 주식회사 영화사(인천광역시 남동구),주식회사 영화사[00244978] 인천광역시 남동구
c1472,예우,서구,서대구일반산업단지,hq_elsewhere,본사 타지역: 주식회사 예우(서울특별시 강서구),주식회사 예우[01042766] 서울특별시 강서구
c1476,오성산업,서구,서대구일반산업단지,hq_elsewhere,본사 타지역: 오성산업주식회사(제주특별자치도 제주시); 오성산업주식회사(경상남도 함안군),오성산업주식회사[01746330] 제주특별자치도 제주시 | 오성산업주식회사[00485681] 경상남도 함안군
c2342,온새미로,서구,서대구일반산업단지,hq_elsewhere,본사 타지역: (주)온새미로(경기도 남양주시),(주)온새미로[01247422] 경기도 남양주시
c1487,우리전기,서구,서대구일반산업단지,hq_elsewhere,본사 타지역: 우리전기주식회사(경기도 부천시); 주식회사 우리전기(부산광역시 사상구),우리전기주식회사[00201566] 경기도 부천시 | 주식회사 우리전기[01397718] 부산광역시 사상구
c2348,우일,서구,서대구일반산업단지,hq_elsewhere,본사 타지역: 주식회사 우일(경상북도 안동시); 주식회사 우일(충청북도 진천군); (주)우일(강원도 강릉시),주식회사 우일[00613646] 경상북도 안동시 | 주식회사 우일[00638867] 충청북도 진천군 | (주)우일[00259891] 강원도 강릉시 | 주식회사 우일[01832956] 서울특별시 강남구
c2355,우진산업,서구,서대구일반산업단지,hq_elsewhere,본사 타지역: 우진산업(주)(전라남도 목포시); 우진산업(주)(경상남도 창원시); (주)우진산업(경상남도 함안군),우진산업(주)[00369152] 전라남도 목포시 | 우진산업(주)[00673222] 경상남도 창원시 | (주)우진산업[01407750] 경상남도 함안군 | 우진산업 주식회사[00229924] 서울특별시 서초구 | 주식회사 우진산업[00524768] 경기도 김포시
c1494,원일,서구,서대구일반산업단지,hq_elsewhere,본사 타지역: (주)원일(경기도 포천군); (주)원일(경상남도 마산시); (주)원일(경상남도 창원시),(주)원일[00437693] 경기도 포천군 | (주)원일[00449148] 경상남도 마산시 | (주)원일[01296604] 경상남도 창원시 | (주)원일[01912359] 광주광역시 광산구
c2362,원테크,서구,서대구일반산업단지,hq_elsewhere,본사 타지역: 주식회사 원테크(대전광역시 유성구); (주)원테크(경기도 화성시),주식회사 원테크[01776058] 대전광역시 유성구 | (주)원테크[01956919] 경기도 화성시
c1500,유니온,서구,서대구일반산업단지,hq_elsewhere,본사 타지역: 주식회사 유니온(충청남도 천안시); 주식회사 유니온(강원도 원주시); (주)유니온(경상남도 거제시),주식회사 유니온[00833675] 충청남도 천안시 | 주식회사 유니온[01035696] 강원도 원주시 | (주)유니온[01452033] 경상남도 거제시 | (주)유니온[00184481] 경상남도 창원시 | (주)유니온[00144252] 서울특별시 중구
c1504,유일테크,서구,서대구일반산업단지,hq_elsewhere,본사 타지역: (주)유일테크(경기도 파주시),(주)유일테크[00545868] 경기도 파주시
c2370,유한회사 미성,서구,서대구일반산업단지,hq_elsewhere,본사 타지역: 미성 주식회사(전라남도 무안군); 주식회사 미성(경상남도 양산시); (주)미성(대전광역시 대덕구),미성 주식회사[01371899] 전라남도 무안군 | 주식회사 미성[01365241] 경상남도 양산시 | (주)미성[01211719] 대전광역시 대덕구
c1519,이엔제이 (915호),서구,서대구일반산업단지,hq_elsewhere,본사 타지역: 이엔제이(주)(서울특별시 강남구),이엔제이(주)[01757318] 서울특별시 강남구
c1531,일성산업,서구,서대구일반산업단지,hq_elsewhere,본사 타지역: (주)일성산업(경기도 김포시); (주)일성산업(경상북도 성주군),(주)일성산업[01666122] 경기도 김포시 | (주)일성산업[01304523] 경상북도 성주군
c2389,일심,서구,서대구일반산업단지,hq_elsewhere,본사 타지역: (주)일심(세종특별자치시 부강면); (주) 일심(서울특별시 성동구); 주식회사 일심(경기도 화성시),(주)일심[01176337] 세종특별자치시 부강면 | (주) 일심[00357838] 서울특별시 성동구 | 주식회사 일심[01698671] 경기도 화성시
c2397,전진산업,서구,서대구일반산업단지,hq_elsewhere,본사 타지역: 전진산업 주식회사(울산광역시 중구); 주식회사 전진산업(경상북도 고령군),전진산업 주식회사[01333570] 울산광역시 중구 | 주식회사 전진산업[01779639] 경상북도 고령군
c1549,정우스틸,서구,서대구일반산업단지,hq_elsewhere,본사 타지역: 주식회사 정우스틸(인천광역시 남동구),주식회사 정우스틸[01640850] 인천광역시 남동구
c2400,정원금속,서구,서대구일반산업단지,hq_elsewhere,본사 타지역: 정원금속(주)(경기도 평택시),정원금속(주)[00651354] 경기도 평택시
c1561,제이엠테크,서구,서대구일반산업단지,hq_elsewhere,본사 타지역: (주)제이엠테크(경기도 김포시); 제이엠테크 주식회사(경기도 군포시); (주)제이엠테크(충청남도 금산군),(주)제이엠테크[00982403] 경기도 김포시 | 제이엠테크 주식회사[01648898] 경기도 군포시 | (주)제이엠테크[01838862] 충청남도 금산군 | (주)제이엠테크[01919389] 경상북도 구미시 | 주식회사 제이엠테크[01182037] 경상남도 김해시
c1565,제일산업,서구,서대구일반산업단지,hq_elsewhere,본사 타지역: 제일산업주식회사(강원도 홍천군); 제일산업(주)(서울특별시 강남구); 제일산업(주)(경기도 화성시),제일산업주식회사[00451958] 강원도 홍천군 | 제일산업(주)[00370097] 서울특별시 강남구 | 제일산업(주)[00148373] 경기도 화성시 | 제일산업(주)[01863558] 경상북도 영주시
c2416,주식회사 고려환경,서구,서대구일반산업단지,hq_elsewhere,본사 타지역: (주)고려환경(인천광역시 중구),(주)고려환경[01636219] 인천광역시 중구
c2417,주식회사 기린,서구,서대구일반산업단지,hq_elsewhere,본사 타지역: 주식회사 기린(경기도 고양시); (주)기린(부산광역시 기장군),주식회사 기린[00784759] 경기도 고양시 | (주)기린[00106508] 부산광역시 기장군
c2421,주식회사 대양,서구,서대구일반산업단지,hq_elsewhere,본사 타지역: (주)대양(경기도 용인시); (주)대양(경상북도 경산시); (주)대양(경기도 포천시),(주)대양[01229648] 경기도 용인시 | (주)대양[01542071] 경상북도 경산시 | (주)대양[01548002] 경기도 포천시 | 주식회사 대양[00172495] 강원도 춘천시
c2422,주식회사 대창,서구,서대구일반산업단지,hq_elsewhere,본사 타지역: (주)대창(경기도 시흥시); 주식회사 대창(광주광역시 광산구),(주)대창[00112651] 경기도 시흥시 | 주식회사 대창[00409478] 광주광역시 광산구
c1582,주식회사 라이즈,서구,서대구일반산업단지,hq_elsewhere,본사 타지역: 라이즈 주식회사(인천광역시 남동구),라이즈 주식회사[01776793] 인천광역시 남동구
c1588,주식회사 베스텍,서구,서대구일반산업단지,hq_elsewhere,본사 타지역: 주식회사 베스텍(경상남도 밀양시); (주)베스텍(경기도 포천시); (주)베스텍(경기도 화성시),주식회사 베스텍[01451441] 경상남도 밀양시 | (주)베스텍[00529949] 경기도 포천시 | (주)베스텍[01225387] 경기도 화성시 | 베스텍주식회사[00895833] 경기도 시흥시 | (주)베스텍[01929809] 광주광역시 북구
c1589,주식회사 베스텍(기숙사),서구,서대구일반산업단지,hq_elsewhere,본사 타지역: 주식회사 베스텍(경상남도 밀양시); (주)베스텍(경기도 포천시); (주)베스텍(경기도 화성시),주식회사 베스텍[01451441] 경상남도 밀양시 | (주)베스텍[00529949] 경기도 포천시 | (주)베스텍[01225387] 경기도 화성시 | 베스텍주식회사[00895833] 경기도 시흥시 | (주)베스텍[01929809] 광주광역시 북구
c1595,주식회사 성실,서구,서대구일반산업단지,hq_elsewhere,본사 타지역: 주식회사 성실(전라북도 전주시),주식회사 성실[01684030] 전라북도 전주시
c2436,주식회사 스필,서구,서대구일반산업단지,hq_elsewhere,본사 타지역: (주)스필(경기도 수원시),(주)스필[01207734] 경기도 수원시
c2437,주식회사 신우,서구,서대구일반산업단지,hq_elsewhere,본사 타지역: (주)신우(서울특별시 강남구); 주식회사 신우(경상북도 경산시); (주)신우(경기도 안성시),(주)신우[00219316] 서울특별시 강남구 | 주식회사 신우[00524582] 경상북도 경산시 | (주)신우[01176610] 경기도 안성시 | 주식회사신우[00822466] 부산광역시 수영구 | (주)신우[01031089] 강원도 원주시 | 주식회사 신우[01088005] 세종특별자치시 한누리대로 | (주)신우[00868130] 경기도 용인시 | (주)신우[01681389] 경상북도 경주시
c2439,주식회사 씨플러스,서구,서대구일반산업단지,hq_elsewhere,본사 타지역: (주)씨플러스(부산광역시 강서구),(주)씨플러스[00527756] 부산광역시 강서구
c1601,주식회사 아셀,서구,서대구일반산업단지,hq_elsewhere,본사 타지역: 주식회사 아셀(충청남도 천안시),주식회사 아셀[01474576] 충청남도 천안시
c1607,주식회사 와이에스피,서구,서대구일반산업단지,hq_elsewhere,본사 타지역: (주)와이에스피(광주광역시 광산구),(주)와이에스피[00813820] 광주광역시 광산구
c1613,주식회사 정도엔지니어링,서구,서대구일반산업단지,hq_elsewhere,본사 타지역: (주) 정도엔지니어링(충청남도 부여군),(주) 정도엔지니어링[00411589] 충청남도 부여군
c1620,주식회사 케이스,서구,서대구일반산업단지,hq_elsewhere,본사 타지역: (주)케이스(서울특별시 강남구),(주)케이스[00353708] 서울특별시 강남구
c1622,주식회사 클콩,서구,서대구일반산업단지,hq_elsewhere,본사 타지역: 주식회사 클콩(경기도 화성시),주식회사 클콩[01932265] 경기도 화성시
c1627,주식회사 푸른나래,서구,서대구일반산업단지,hq_elsewhere,본사 타지역: 푸른나래 주식회사(서울특별시 영등포구),푸른나래 주식회사[00809906] 서울특별시 영등포구
c2463,주식회사서보,서구,서대구일반산업단지,hq_elsewhere,본사 타지역: 주식회사 서보(경상북도 성주군),주식회사 서보[01827699] 경상북도 성주군
c2464,주식회사엠엘씨,서구,서대구일반산업단지,hq_elsewhere,본사 타지역: (주)엠엘씨(부산광역시 남구),(주)엠엘씨[00486079] 부산광역시 남구
c1645,진흥,서구,서대구일반산업단지,hq_elsewhere,본사 타지역: 주식회사 진흥(경기도 이천시),주식회사 진흥[00448237] 경기도 이천시
c2478,창조산업,서구,서대구일반산업단지,hq_elsewhere,본사 타지역: 창조산업(대전광역시 서구),창조산업[01684401] 대전광역시 서구
c1653,천우기업,서구,서대구일반산업단지,hq_elsewhere,본사 타지역: 천우기업(주)(서울특별시 서초구),천우기업(주)[01656763] 서울특별시 서초구
c2480,천일,서구,서대구일반산업단지,hq_elsewhere,본사 타지역: (주)천일(경기도 안산시); (주)천일(경기도 안산시); 주식회사 천일(경기도 시흥시),(주)천일[01292565] 경기도 안산시 | (주)천일[01137222] 경기도 안산시 | 주식회사 천일[00921882] 경기도 시흥시 | (주)천일[00871860] 서울특별시 강남구
c1664,케이비부동산신탁주식회사,서구,서대구일반산업단지,hq_elsewhere,본사 타지역: 케이비부동산신탁주식회사(서울특별시 강남구),케이비부동산신탁주식회사[00236313] 서울특별시 강남구
c1666,케이앤씨,서구,서대구일반산업단지,hq_elsewhere,본사 타지역: (주)케이앤씨(충청남도 논산시); (주)케이앤씨(경상북도 경산시); 주식회사 케이앤씨(강원도 춘천시),(주)케이앤씨[01181436] 충청남도 논산시 | (주)케이앤씨[00928034] 경상북도 경산시 | 주식회사 케이앤씨[01713916] 강원도 춘천시
c2498,코카콜라음료(주),서구,서대구일반산업단지,hq_elsewhere,본사 타지역: 코카콜라음료 주식회사(경상남도 양산시),코카콜라음료 주식회사[00250270] 경상남도 양산시
c1671,쿠팡로지스틱스서비스 유한회사,서구,서대구일반산업단지,hq_elsewhere,본사 타지역: 쿠팡로지스틱스서비스 유한회사(서울특별시 송파구),쿠팡로지스틱스서비스 유한회사[01558902] 서울특별시 송파구
c2503,태림,서구,서대구일반산업단지,hq_elsewhere,본사 타지역: (주)태림(경기도 오산시); 주식회사 태림(경상북도 포항시); 주식회사 태림(경상남도 밀양시),(주)태림[00580773] 경기도 오산시 | 주식회사 태림[01689211] 경상북도 포항시 | 주식회사 태림[00870311] 경상남도 밀양시
c2508,태우,서구,서대구일반산업단지,hq_elsewhere,본사 타지역: (주)태우(경기도 화성시); (주)태우(경기도 안산시); 태우(주)(경기도 평택시),(주)태우[01510160] 경기도 화성시 | (주)태우[00238940] 경기도 안산시 | 태우(주)[00246019] 경기도 평택시
c2509,태일테크,서구,서대구일반산업단지,hq_elsewhere,본사 타지역: (주)태일테크(인천광역시 남구),(주)태일테크[01080401] 인천광역시 남구
c2510,태평양금속,서구,서대구일반산업단지,hq_elsewhere,본사 타지역: 주식회사 태평양금속(경상북도 구미시),주식회사 태평양금속[00154301] 경상북도 구미시
c1695,티앤에프글로벌,서구,서대구일반산업단지,hq_elsewhere,본사 타지역: 주식회사 티앤에프글로벌(경기도 평택시),주식회사 티앤에프글로벌[01226809] 경기도 평택시
c1700,티플러스,서구,서대구일반산업단지,hq_elsewhere,본사 타지역: (주)티플러스(서울특별시 강남구); (주)티플러스(경기도 안산시),(주)티플러스[01045268] 서울특별시 강남구 | (주)티플러스[01635229] 경기도 안산시
c2525,풍국산업(주),서구,서대구일반산업단지,hq_elsewhere,본사 타지역: 풍국산업 주식회사(부산광역시 영도구); 주식회사 풍국산업(경기도 성남시),풍국산업 주식회사[00306427] 부산광역시 영도구 | 주식회사 풍국산업[00155425] 경기도 성남시
c2529,하나로테크,서구,서대구일반산업단지,hq_elsewhere,본사 타지역: 하나로테크 주식회사(경상남도 진주시),하나로테크 주식회사[00929079] 경상남도 진주시
c2531,하이윈(HIWIN),서구,서대구일반산업단지,hq_elsewhere,본사 타지역: 주식회사 하이윈(서울특별시 강남구),주식회사 하이윈[00596905] 서울특별시 강남구
c2532,하이텍,서구,서대구일반산업단지,hq_elsewhere,본사 타지역: 주식회사 하이텍(인천광역시 남동구); 하이텍주식회사(경기도 화성시),주식회사 하이텍[00238968] 인천광역시 남동구 | 하이텍주식회사[01030707] 경기도 화성시
c2536,한국자산관리공사,서구,서대구일반산업단지,hq_elsewhere,본사 타지역: 한국자산관리공사(부산광역시 남구),한국자산관리공사[00286840] 부산광역시 남구
c1726,한빛,서구,서대구일반산업단지,hq_elsewhere,본사 타지역: 주식회사 한빛(충청북도 옥천군); 주식회사 한빛(세종특별자치시 연서면); 주식회사 한빛(충청북도 옥천군),주식회사 한빛[01028395] 충청북도 옥천군 | 주식회사 한빛[01436390] 세종특별자치시 연서면 | 주식회사 한빛[01824902] 충청북도 옥천군
c2543,한성기업,서구,서대구일반산업단지,hq_elsewhere,본사 타지역: 한성기업주식회사(서울특별시 강남구); 한성기업 주식회사(경상남도 거창군); (주)한성기업(인천광역시 서구),한성기업주식회사[00387194] 서울특별시 강남구 | 한성기업 주식회사[01627309] 경상남도 거창군 | (주)한성기업[01397851] 인천광역시 서구 | 한성기업(주)[00161860] 부산광역시 영도구 | 한성기업 주식회사[02047388] 전북특별자치도 김제시
c1733,한일전기,서구,서대구일반산업단지,hq_elsewhere,본사 타지역: 한일전기(주)(강원도 원주시); 한일전기(주)(강원도 원주시); 한일전기 주식회사(세종특별자치시 연서면),한일전기(주)[00759267] 강원도 원주시 | 한일전기(주)[00163123] 강원도 원주시 | 한일전기 주식회사[00137599] 세종특별자치시 연서면
c2548,한창,서구,서대구일반산업단지,hq_elsewhere,본사 타지역: (주)한창(경기도 안산시); 주식회사 한창(경기도 수원시); (주)한창(부산광역시 연제구),(주)한창[01547252] 경기도 안산시 | 주식회사 한창[00225380] 경기도 수원시 | (주)한창[00163716] 부산광역시 연제구
c1742,해태에이치티비(주),서구,서대구일반산업단지,hq_elsewhere,본사 타지역: 해태에이치티비(주)(서울특별시 중구),해태에이치티비(주)[00301893] 서울특별시 중구
c2555,현대상사,서구,서대구일반산업단지,hq_elsewhere,본사 타지역: 주식회사 현대상사(인천광역시 부평구),주식회사 현대상사[01836031] 인천광역시 부평구
c2556,현대이엔씨,서구,서대구일반산업단지,hq_elsewhere,본사 타지역: (주)현대이엔씨(서울특별시 영등포구),(주)현대이엔씨[00640303] 서울특별시 영등포구
c2557,현대테크,서구,서대구일반산업단지,hq_elsewhere,본사 타지역: (주)현대테크(인천광역시 계양구),(주)현대테크[00571580] 인천광역시 계양구
c1751,화성금속,서구,서대구일반산업단지,hq_elsewhere,본사 타지역: (주)화성금속(경상남도 양산시); 화성금속 주식회사(경상남도 창원시),(주)화성금속[01738377] 경상남도 양산시 | 화성금속 주식회사[01924707] 경상남도 창원시
c1755,효산,서구,서대구일반산업단지,hq_elsewhere,본사 타지역: (주)효산(경기도 화성시),(주)효산[01961054] 경기도 화성시
c1760,희성산업,서구,서대구일반산업단지,hq_elsewhere,본사 타지역: (주)희성산업(서울특별시 서초구); 주식회사 희성산업(서울특별시 서초구); 희성산업(경상북도 경산시),(주)희성산업[01469431] 서울특별시 서초구 | 주식회사 희성산업[01038480] 서울특별시 서초구 | 희성산업[01860649] 경상북도 경산시
c9570,(주)경동,달성군,성서5차첨단산업단지,hq_elsewhere,본사 타지역: 주식회사 경동(경기도 성남시); (주)경동(경상남도 창원시),주식회사 경동[00101460] 경기도 성남시 | (주)경동[00223081] 경상남도 창원시
c9572,(주)국제전기,달성군,성서5차첨단산업단지,hq_elsewhere,본사 타지역: 국제전기 주식회사(충청북도 음성군),국제전기 주식회사[00104759] 충청북도 음성군
c9580,(주)동국철강,달성군,성서5차첨단산업단지,hq_elsewhere,본사 타지역: (주)동국철강(경상북도 성주군),(주)동국철강[01756762] 경상북도 성주군
c9581,(주)동남테크,달성군,성서5차첨단산업단지,hq_elsewhere,본사 타지역: 주식회사 동남테크(경기도 성남시),주식회사 동남테크[01145267] 경기도 성남시
c9590,(주)미주테크,달성군,성서5차첨단산업단지,hq_elsewhere,본사 타지역: (주)미주테크(광주광역시 광산구); 미주테크(주)(충청남도 당진시),(주)미주테크[00323673] 광주광역시 광산구 | 미주테크(주)[01452787] 충청남도 당진시
c9596,(주)성우철강,달성군,성서5차첨단산업단지,hq_elsewhere,본사 타지역: (주)성우철강(서울특별시 강동구),(주)성우철강[01952180] 서울특별시 강동구
c9597,(주)성창테크,달성군,성서5차첨단산업단지,hq_elsewhere,본사 타지역: 주식회사 성창테크(경기도 화성시),주식회사 성창테크[00584821] 경기도 화성시
c9605,(주)알텍,달성군,성서5차첨단산업단지,hq_elsewhere,본사 타지역: (주)알텍(경기도 용인시); 알텍주식회사(광주광역시 광산구); (주)알텍(경상북도 영천시),(주)알텍[00430371] 경기도 용인시 | 알텍주식회사[01477254] 광주광역시 광산구 | (주)알텍[01143755] 경상북도 영천시
c9607,(주)애드위너,달성군,성서5차첨단산업단지,hq_elsewhere,본사 타지역: (주)애드위너(서울특별시 서초구),(주)애드위너[00307198] 서울특별시 서초구
c9614,(주)엠케이스틸,달성군,성서5차첨단산업단지,hq_elsewhere,본사 타지역: 주식회사 엠케이스틸(부산광역시 강서구),주식회사 엠케이스틸[01653289] 부산광역시 강서구
c9615,(주)엠텍,달성군,성서5차첨단산업단지,ambiguous,대구 본사 동명 2개,(주)엠텍[00450384] 경기도 부천시 | 엠텍[00678740] 경상북도 구미시 | (주)엠텍[01102767] 대구광역시 달성군 | (주)엠텍[01014596] 대구광역시 달성군 | 주식회사 엠텍[00672445] 충청남도 당진시
c9617,(주)영일랩스,달성군,성서5차첨단산업단지,hq_elsewhere,본사 타지역: (주)영일랩스(경기도 광명시),(주)영일랩스[01018583] 경기도 광명시
c9632,(주)태창금속,달성군,성서5차첨단산업단지,hq_elsewhere,본사 타지역: 태창금속주식회사(충청남도 당진시),태창금속주식회사[00811868] 충청남도 당진시
c9641,(주)해냄씨앤씨,달성군,성서5차첨단산업단지,hq_elsewhere,본사 타지역: (주)해냄씨앤씨(서울특별시 강남구),(주)해냄씨앤씨[00819231] 서울특별시 강남구
c9644,(주)화성스틸,달성군,성서5차첨단산업단지,hq_elsewhere,본사 타지역: (주)화성스틸(대전광역시 대덕구),(주)화성스틸[00942511] 대전광역시 대덕구
c9650,구미에이테크솔루션(주),달성군,성서5차첨단산업단지,hq_elsewhere,본사 타지역: 구미에이테크솔루션(주)(경상북도 칠곡군),구미에이테크솔루션(주)[00527853] 경상북도 칠곡군
c9656,대경,달성군,성서5차첨단산업단지,hq_elsewhere,본사 타지역: 주식회사 대경(경기도 안성시); (주)대경(부산광역시 사하구); 주식회사 대경(부산광역시 수영구),주식회사 대경[00485229] 경기도 안성시 | (주)대경[01015780] 부산광역시 사하구 | 주식회사 대경[01469015] 부산광역시 수영구 | 주식회사 대경[01925733] 경상남도 김해시
c9661,대아산업,달성군,성서5차첨단산업단지,hq_elsewhere,본사 타지역: 대아산업주식회사(인천광역시 계양구); 대아산업(주)(전라남도 목포시); 대아산업주식회사(경상북도 구미시),대아산업주식회사[01413441] 인천광역시 계양구 | 대아산업(주)[01362040] 전라남도 목포시 | 대아산업주식회사[00209249] 경상북도 구미시
c9662,대원엔지니어링,달성군,성서5차첨단산업단지,hq_elsewhere,본사 타지역: 대원엔지니어링주식회사(경상북도 고령군),대원엔지니어링주식회사[00199711] 경상북도 고령군
c9667,두원건설(주),달성군,성서5차첨단산업단지,hq_elsewhere,본사 타지역: 주식회사 두원건설(제주특별자치도 제주시); 두원건설 주식회사(충청남도 당진시); 두원건설주식회사(전라북도 무주군),주식회사 두원건설[01400067] 제주특별자치도 제주시 | 두원건설 주식회사[01364783] 충청남도 당진시 | 두원건설주식회사[01551264] 전라북도 무주군
c9674,본테크,달성군,성서5차첨단산업단지,hq_elsewhere,본사 타지역: (주)본 테크(충청남도 아산시),(주)본 테크[00834902] 충청남도 아산시
c9678,비케이테크,달성군,성서5차첨단산업단지,hq_elsewhere,본사 타지역: 비케이테크(주)(인천광역시 서구),비케이테크(주)[01585331] 인천광역시 서구
c9679,비케이테크(BK TECH),달성군,성서5차첨단산업단지,hq_elsewhere,본사 타지역: 비케이테크(주)(인천광역시 서구),비케이테크(주)[01585331] 인천광역시 서구
c9686,세창인터내쇼날(주),달성군,성서5차첨단산업단지,hq_elsewhere,본사 타지역: 세창인터내쇼날(주)(경기도 화성시),세창인터내쇼날(주)[01374540] 경기도 화성시
c9689,신우이엔지,달성군,성서5차첨단산업단지,hq_elsewhere,본사 타지역: 신우이엔지(주)(서울특별시 금천구); 주식회사 신우이엔지(경기도 평택시),신우이엔지(주)[00489605] 서울특별시 금천구 | 주식회사 신우이엔지[01735176] 경기도 평택시
c9708,우진시스템(주),달성군,성서5차첨단산업단지,hq_elsewhere,본사 타지역: 주식회사  우진시스템(충청북도 음성군),주식회사  우진시스템[00667106] 충청북도 음성군
c9709,우진엔지니어링,달성군,성서5차첨단산업단지,hq_elsewhere,본사 타지역: 주식회사 우진엔지니어링(경기도 화성시),주식회사 우진엔지니어링[00867469] 경기도 화성시
c9721,지이티(주),달성군,성서5차첨단산업단지,hq_elsewhere,본사 타지역: 지이티 주식회사(경상북도 고령군); 주식회사 지이티(경기도 고양시),지이티 주식회사[00673329] 경상북도 고령군 | 주식회사 지이티[01543469] 경기도 고양시
c9731,한국야스카와전기(주),달성군,성서5차첨단산업단지,hq_elsewhere,본사 타지역: 한국야스카와전기(주)(서울특별시 영등포구),한국야스카와전기(주)[00418218] 서울특별시 영등포구
c7087,(주)가람,달서구,성서지방산업단지,hq_elsewhere,본사 타지역: 주식회사 가람(충청남도 아산시),주식회사 가람[00683964] 충청남도 아산시
c7430,(주)경농,달서구,성서지방산업단지,hq_elsewhere,본사 타지역: (주)경농(서울특별시 서초구),(주)경농[00101433] 서울특별시 서초구
c9571,(주)경동,달성군,성서지방산업단지,hq_elsewhere,본사 타지역: 주식회사 경동(경기도 성남시); (주)경동(경상남도 창원시),주식회사 경동[00101460] 경기도 성남시 | (주)경동[00223081] 경상남도 창원시
c5315,(주)경동엔지니어링,달서구,성서지방산업단지,hq_elsewhere,본사 타지역: 주식회사 경동엔지니어링(충청남도 천안시),주식회사 경동엔지니어링[00264750] 충청남도 천안시
c6539,(주)경동이앤에스,달서구,성서지방산업단지,hq_elsewhere,본사 타지역: (주)경동이앤에스(울산광역시 남구),(주)경동이앤에스[00605902] 울산광역시 남구
c8599,(주)광성텍,달서구,성서지방산업단지,hq_elsewhere,본사 타지역: (주)광성텍(경기도 성남시),(주)광성텍[00103750] 경기도 성남시
c5668,(주)광진금속(광진피엔씨),달서구,성서지방산업단지,hq_elsewhere,본사 타지역: 광진금속 주식회사(경상남도 창원시),광진금속 주식회사[01864982] 경상남도 창원시
c5670,(주)국제정공,달서구,성서지방산업단지,hq_elsewhere,본사 타지역: 주식회사 국제정공(경기도 오산시); 주식회사 국제정공(인천광역시 남동구),주식회사 국제정공[00806866] 경기도 오산시 | 주식회사 국제정공[00566366] 인천광역시 남동구
c7433,(주)근우,달서구,성서지방산업단지,hq_elsewhere,본사 타지역: (주)근우(서울특별시 서초구),(주)근우[01207503] 서울특별시 서초구
c5672,(주)금오텍,달서구,성서지방산업단지,hq_elsewhere,본사 타지역: 주식회사 금오텍(서울특별시 성동구),주식회사 금오텍[00257185] 서울특별시 성동구
c6542,(주)기린,달서구,성서지방산업단지,hq_elsewhere,본사 타지역: 주식회사 기린(경기도 고양시); (주)기린(부산광역시 기장군),주식회사 기린[00784759] 경기도 고양시 | (주)기린[00106508] 부산광역시 기장군
c7955,(주)나우테크,달서구,성서지방산업단지,hq_elsewhere,본사 타지역: (주)나우테크(경상북도 구미시); (주)나우테크(인천광역시 남구); (주)나우테크(경상남도 거제시),(주)나우테크[00462592] 경상북도 구미시 | (주)나우테크[00105420] 인천광역시 남구 | (주)나우테크[01740992] 경상남도 거제시
c7961,(주)다모아,달서구,성서지방산업단지,hq_elsewhere,본사 타지역: 주식회사 다모아(제주특별자치도 제주시); 주식회사 다모아(세종특별자치시 새롬북로); (주)다모아(경기도 시흥시),주식회사 다모아[00671491] 제주특별자치도 제주시 | 주식회사 다모아[01259083] 세종특별자치시 새롬북로 | (주)다모아[01074783] 경기도 시흥시
c8607,(주)다우,달서구,성서지방산업단지,hq_elsewhere,본사 타지역: 주식회사 다우(경상남도 창녕군),주식회사 다우[01130867] 경상남도 창녕군
c5684,(주)다인이엔지,달서구,성서지방산업단지,hq_elsewhere,본사 타지역: 주식회사 다인이엔지 (울산광역시 동구),주식회사 다인이엔지 [02018021] 울산광역시 동구
c5688,(주)대동모빌리티,달서구,성서지방산업단지,hq_elsewhere,본사 타지역: 주식회사 대동모빌리티(경기도 안성시),주식회사 대동모빌리티[00159768] 경기도 안성시
c5690,(주)대동하이텍,달서구,성서지방산업단지,hq_elsewhere,본사 타지역: (주)대동하이텍(경상남도 김해시),(주)대동하이텍[00411987] 경상남도 김해시
c7443,(주)대성글로벌,달서구,성서지방산업단지,hq_elsewhere,본사 타지역: (주)대성글로벌(경기도 양주시); (주)대성글로벌(인천광역시 연수구),(주)대성글로벌[01552290] 경기도 양주시 | (주)대성글로벌[01961276] 인천광역시 연수구
c8610,(주)대성금속,달서구,성서지방산업단지,hq_elsewhere,본사 타지역: 대성금속(주)(인천광역시 서구),대성금속(주)[01148778] 인천광역시 서구
c7444,(주)대성엔지니어링,달서구,성서지방산업단지,hq_elsewhere,본사 타지역: (주)대성엔지니어링(경기도 화성시),(주)대성엔지니어링[00569080] 경기도 화성시
c6551,(주)대성엠텍,달서구,성서지방산업단지,hq_elsewhere,본사 타지역: (주)대성엠텍(경상남도 창원시),(주)대성엠텍[01067482] 경상남도 창원시
c5322,(주)대신강업,달서구,성서지방산업단지,hq_elsewhere,본사 타지역: 대신강업 주식회사(서울특별시 금천구),대신강업 주식회사[00535791] 서울특별시 금천구
c5699,(주)대양,달서구,성서지방산업단지,hq_elsewhere,본사 타지역: (주)대양(경기도 용인시); (주)대양(경상북도 경산시); (주)대양(경기도 포천시),(주)대양[01229648] 경기도 용인시 | (주)대양[01542071] 경상북도 경산시 | (주)대양[01548002] 경기도 포천시 | 주식회사 대양[00172495] 강원도 춘천시
c5700,(주)대영식품,달서구,성서지방산업단지,hq_elsewhere,본사 타지역: 대영식품 주식회사(충청북도 보은군),대영식품 주식회사[00318608] 충청북도 보은군
c7980,(주)대영테크,달서구,성서지방산업단지,hq_elsewhere,본사 타지역: (주)대영테크(서울특별시 구로구); 주식회사 대영테크(인천광역시 미추홀구),(주)대영테크[00453169] 서울특별시 구로구 | 주식회사 대영테크[01825789] 인천광역시 미추홀구
c7981,(주)대영통상,달서구,성서지방산업단지,hq_elsewhere,본사 타지역: (주)대영통상(경상북도 칠곡군),(주)대영통상[00483115] 경상북도 칠곡군
c5323,(주)대운테크,달서구,성서지방산업단지,hq_elsewhere,본사 타지역: 대운테크(주) (충청남도 천안시),대운테크(주) [01073854] 충청남도 천안시
c5324,(주)대창엠코,달서구,성서지방산업단지,hq_elsewhere,본사 타지역: (주)대창엠코(전라북도 완주군),(주)대창엠코[01173792] 전라북도 완주군
c6556,(주)대청,달서구,성서지방산업단지,hq_elsewhere,본사 타지역: 주식회사 대청(충청북도 옥천군),주식회사 대청[00177904] 충청북도 옥천군
c7449,(주)대흥산업,달서구,성서지방산업단지,hq_elsewhere,본사 타지역: 주식회사 대흥산업(경상북도 경주시); 대흥산업(주)(울산광역시 남구); 주식회사 대흥산업(경상남도 창원시),주식회사 대흥산업[00963277] 경상북도 경주시 | 대흥산업(주)[00816669] 울산광역시 남구 | 주식회사 대흥산업[00445489] 경상남도 창원시 | (주)대흥산업[00172662] 충청북도 음성군 | 대흥산업주식회사[00416672] 경상남도 함안군
c7450,(주)대흥테크,달서구,성서지방산업단지,hq_elsewhere,본사 타지역: (주)대흥테크(경기도 화성시),(주)대흥테크[00891183] 경기도 화성시
c7838,(주)대흥하이텍,달서구,성서지방산업단지,hq_elsewhere,본사 타지역: (주)대흥하이텍(충청남도 아산시),(주)대흥하이텍[00488110] 충청남도 아산시
c5709,(주)더메종,달서구,성서지방산업단지,hq_elsewhere,본사 타지역: 주식회사 더메종(서울특별시 성동구),주식회사 더메종[01541957] 서울특별시 성동구
c6558,(주)더원코리아,달서구,성서지방산업단지,hq_elsewhere,본사 타지역: 주식회사 더원코리아(서울특별시 종로구),주식회사 더원코리아[01686852] 서울특별시 종로구
c7452,(주)덕산,달서구,성서지방산업단지,hq_elsewhere,본사 타지역: 주식회사 덕산(경기도 화성시); 주식회사 덕산(인천광역시 부평구); (주)덕산(경기도 안산시),주식회사 덕산[01021958] 경기도 화성시 | 주식회사 덕산[01547818] 인천광역시 부평구 | (주)덕산[01151134] 경기도 안산시 | (주)덕산[00922100] 경기도 광주시 | 주식회사 덕산[01861116] 제주특별자치도 제주시
c8615,(주)덕일,달서구,성서지방산업단지,hq_elsewhere,본사 타지역: 주식회사 덕일(강원도 원주시); 주식회사덕일(충청북도 청주시),주식회사 덕일[01513334] 강원도 원주시 | 주식회사덕일[00411066] 충청북도 청주시
c7988,(주)덴티스,달서구,성서지방산업단지,ambiguous,대구 본사 동명 2개,(주)덴티스[00664039] 대구광역시 달서구 | 주식회사 덴티스[01187494] 대구광역시 달서구
c8616,(주)도림,달서구,성서지방산업단지,hq_elsewhere,본사 타지역: 주식회사 도림(경상남도 창원시),주식회사 도림[01141544] 경상남도 창원시
c7991,(주)동구,달서구,성서지방산업단지,hq_elsewhere,본사 타지역: 주식회사 동구(강원도 원주시); (주) 동구(경기도 성남시),주식회사 동구[00252870] 강원도 원주시 | (주) 동구[00877323] 경기도 성남시
c6559,(주)동남,달서구,성서지방산업단지,hq_elsewhere,본사 타지역: (주)동남(전라북도 장수군); 주식회사 동남(경기도 시흥시); 주식회사 동남(경상남도 김해시),(주)동남[00252764] 전라북도 장수군 | 주식회사 동남[01096660] 경기도 시흥시 | 주식회사 동남[00226680] 경상남도 김해시 | 주식회사 동남[00178435] 경상남도 창원시 | 주식회사 동남[00114871] 부산광역시 서구 | 주식회사 동남[00761882] 충청남도 천안시 | 주식회사 동남[00211147] 전라남도 나주시 | (주)동남[02008006] 대전광역시 유성구
c7993,(주)동명중공업,달서구,성서지방산업단지,hq_elsewhere,본사 타지역: 동명중공업(주)(경상북도 고령군),동명중공업(주)[00667805] 경상북도 고령군
c8618,(주)동부,달서구,성서지방산업단지,hq_elsewhere,본사 타지역: 주식회사 동부(울산광역시 남구); 주식회사 동부(경기도 평택시),주식회사 동부[01240137] 울산광역시 남구 | 주식회사 동부[02022723] 경기도 평택시
c7839,(주)동서기연,달서구,성서지방산업단지,hq_elsewhere,본사 타지역: 동서기연(주)(서울특별시 금천구),동서기연(주)[01471117] 서울특별시 금천구
c5715,(주)동양케미칼,달서구,성서지방산업단지,hq_elsewhere,본사 타지역: 주식회사 동양케미칼 (충청남도 서천군),주식회사 동양케미칼 [01757071] 충청남도 서천군
c5325,(주)동우글로벌,달서구,성서지방산업단지,hq_elsewhere,본사 타지역: 주식회사 동우글로벌(경상북도 구미시); (주)동우글로벌(서울특별시 강남구),주식회사 동우글로벌[00808369] 경상북도 구미시 | (주)동우글로벌[01664656] 서울특별시 강남구
c5717,(주)동우금속,달서구,성서지방산업단지,hq_elsewhere,본사 타지역: 주식회사 동우금속(경기도 김포시); (주)동우금속(경기도 남양주시),주식회사 동우금속[00982874] 경기도 김포시 | (주)동우금속[01641929] 경기도 남양주시
c5718,(주)동운,달서구,성서지방산업단지,hq_elsewhere,본사 타지역: (주)동운(경상남도 거제시),(주)동운[01541577] 경상남도 거제시
c5719,(주)동일건설,달서구,성서지방산업단지,hq_elsewhere,본사 타지역: 동일건설주식회사(경기도 용인시); 동일건설(주)(강원도 원주시); 동일건설주식회사(경기도 의정부시),동일건설주식회사[00596002] 경기도 용인시 | 동일건설(주)[00226440] 강원도 원주시 | 동일건설주식회사[00118257] 경기도 의정부시
c8620,(주)동현,달서구,성서지방산업단지,hq_elsewhere,본사 타지역: 주식회사 동현(인천광역시 중구),주식회사 동현[01580080] 인천광역시 중구
c5722,(주)두원테크,달서구,성서지방산업단지,hq_elsewhere,본사 타지역: (주)두원테크(인천광역시 남동구),(주)두원테크[00366535] 인천광역시 남동구
c5725,(주)디앤에스이노베이션,달서구,성서지방산업단지,hq_elsewhere,본사 타지역: (주)디앤에스이노베이션(경기도 화성시),(주)디앤에스이노베이션[01844526] 경기도 화성시
c5329,(주)디에스산업,달서구,성서지방산업단지,hq_elsewhere,본사 타지역: 디에스산업(경상남도 김해시); 주식회사 디에스산업(서울특별시 은평구); 디에스산업(주)(전라남도 장흥군),디에스산업[01143834] 경상남도 김해시 | 주식회사 디에스산업[01406812] 서울특별시 은평구 | 디에스산업(주)[01233191] 전라남도 장흥군
c8004,(주)디에스아이,달서구,성서지방산업단지,hq_elsewhere,본사 타지역: 디에스아이 주식회사(서울특별시 강남구); 주식회사 디에스아이(경기도 남양주시); (주)디에스아이(경기도 시흥시),디에스아이 주식회사[00359711] 서울특별시 강남구 | 주식회사 디에스아이[01051010] 경기도 남양주시 | (주)디에스아이[01292592] 경기도 시흥시 | 주식회사 디에스아이[01870071] 경상남도 창원시 | (주)디에스아이[01914560] 경상북도 포항시
c8623,(주)디엔씨,달서구,성서지방산업단지,hq_elsewhere,본사 타지역: (주)디엔씨(경상남도 김해시); 주식회사 디엔씨(부산광역시 동래구),(주)디엔씨[00449999] 경상남도 김해시 | 주식회사 디엔씨[01918797] 부산광역시 동래구
c8624,(주)디엠에스,달서구,성서지방산업단지,hq_elsewhere,본사 타지역: (주)디엠에스(부산광역시 강서구); (주)디엠에스(경기도 여주시); 주식회사디엠에스(경상북도 경산시),(주)디엠에스[00919957] 부산광역시 강서구 | (주)디엠에스[01737341] 경기도 여주시 | 주식회사디엠에스[01730065] 경상북도 경산시
c6567,(주)디엠지(DMZ),달서구,성서지방산업단지,hq_elsewhere,본사 타지역: 주식회사 디엠지(대전광역시 서구); 주식회사 디엠지(경상남도 함안군),주식회사 디엠지[01656532] 대전광역시 서구 | 주식회사 디엠지[01907931] 경상남도 함안군
c5730,(주)디젠,달서구,성서지방산업단지,hq_elsewhere,본사 타지역: (주)디젠(인천광역시 부평구),(주)디젠[00489225] 인천광역시 부평구
c6571,(주)로이,달서구,성서지방산업단지,hq_elsewhere,본사 타지역: 주식회사 로이(부산광역시 부산진구); 주식회사 로이(경기도 화성시),주식회사 로이[01077762] 부산광역시 부산진구 | 주식회사 로이[01759778] 경기도 화성시
c8627,(주)리뉴메디칼,달서구,성서지방산업단지,hq_elsewhere,본사 타지역: 주식회사 리뉴메디칼(경기도 부천시),주식회사 리뉴메디칼[01695133] 경기도 부천시
c5333,(주)마이하우스,달서구,성서지방산업단지,hq_elsewhere,본사 타지역: (주)마이하우스(경기도 고양시); 주식회사 마이하우스(서울특별시 영등포구),(주)마이하우스[00346984] 경기도 고양시 | 주식회사 마이하우스[01555853] 서울특별시 영등포구
c5739,(주)메인텍,달서구,성서지방산업단지,hq_elsewhere,본사 타지역: 메인텍 (주)(경기도 안양시); (주)메인텍(경기도 안산시); 주식회사메인텍(경기도 김포시),메인텍 (주)[01485554] 경기도 안양시 | (주)메인텍[01360617] 경기도 안산시 | 주식회사메인텍[00870454] 경기도 김포시 | 주식회사 메인텍[00805502] 경상북도 구미시
c7117,(주)명성정밀,달서구,성서지방산업단지,hq_elsewhere,본사 타지역: 주식회사 명성정밀(경상남도 김해시),주식회사 명성정밀[00972390] 경상남도 김해시
c7464,(주)명종산업,달서구,성서지방산업단지,hq_elsewhere,본사 타지역: (주)명종산업(경상북도 고령군),(주)명종산업[01794489] 경상북도 고령군
c8631,(주)명진기공,달서구,성서지방산업단지,hq_elsewhere,본사 타지역: 주식회사명진기공(경상남도 창원시),주식회사명진기공[01027192] 경상남도 창원시
c7846,(주)미래하이테크,달서구,성서지방산업단지,hq_elsewhere,본사 타지역: (주)미래하이테크(부산광역시 강서구),(주)미래하이테크[01319835] 부산광역시 강서구
c5532,(주)미진정공,달서구,성서지방산업단지,hq_elsewhere,본사 타지역: 미진정공(주)(서울특별시 송파구),미진정공(주)[01731134] 서울특별시 송파구
c6594,(주)비알인포텍,달서구,성서지방산업단지,hq_elsewhere,본사 타지역: (주)비알인포텍(인천광역시 연수구),(주)비알인포텍[01585687] 인천광역시 연수구
c5759,(주)삼경,달서구,성서지방산업단지,hq_elsewhere,본사 타지역: 주식회사 삼경(강원도 춘천시),주식회사 삼경[01682874] 강원도 춘천시
c8029,(주)삼기,달서구,성서지방산업단지,hq_elsewhere,본사 타지역: (주)삼기(충청남도 서산시),(주)삼기[00799177] 충청남도 서산시
c7003,(주)삼미,달서구,성서지방산업단지,hq_elsewhere,본사 타지역: 주식회사삼미(경기도 안산시); 주식회사 삼미(서울특별시 서초구),주식회사삼미[01302613] 경기도 안산시 | 주식회사 삼미[00125655] 서울특별시 서초구
c8034,(주)삼안전자,달서구,성서지방산업단지,hq_elsewhere,본사 타지역: (주)삼안전자(서울특별시 용산구),(주)삼안전자[00531582] 서울특별시 용산구
c5338,(주)삼익산업,달서구,성서지방산업단지,hq_elsewhere,본사 타지역: (주)삼익산업(경기도 광주시); 삼익산업(주)(경기도 수원시),(주)삼익산업[00914147] 경기도 광주시 | 삼익산업(주)[00416122] 경기도 수원시
c5768,(주)삼화실업,달서구,성서지방산업단지,hq_elsewhere,본사 타지역: 삼화실업(주)(인천광역시 북구); 삼화실업주식회사(부산광역시 중구),삼화실업(주)[00181165] 인천광역시 북구 | 삼화실업주식회사[00365837] 부산광역시 중구
c5771,(주)상신정공,달서구,성서지방산업단지,hq_elsewhere,본사 타지역: (주)상신정공(경상북도 칠곡군),(주)상신정공[00640437] 경상북도 칠곡군
c6603,(주)선우철강,달서구,성서지방산업단지,hq_elsewhere,본사 타지역: 선우철강(주)(인천광역시 서구),선우철강(주)[00835062] 인천광역시 서구
c8041,(주)성삼,달서구,성서지방산업단지,hq_elsewhere,본사 타지역: 주식회사 성삼(경기도 성남시),주식회사 성삼[00935982] 경기도 성남시
c7494,(주)성우,달서구,성서지방산업단지,hq_elsewhere,본사 타지역: 주식회사 성우(서울특별시 중구); (주)성우(충청남도 아산시); 주식회사 성우(제주특별자치도 제주시),주식회사 성우[00132974] 서울특별시 중구 | (주)성우[00409335] 충청남도 아산시 | 주식회사 성우[01172526] 제주특별자치도 제주시 | 주식회사 성우[01319224] 경상북도 경산시 | (주)성우[00964540] 경기도 안성시 | (주)성우[00666745] 경상남도 창원시 | 주식회사 성우[01839542] 경기도 부천시 | (주)성우[00319272] 경상북도 구미시
c7130,(주)성우프린텍,달서구,성서지방산업단지,hq_elsewhere,본사 타지역: 성우프린텍주식회사(경상북도 구미시),성우프린텍주식회사[00319281] 경상북도 구미시
c5787,(주)성지테크,달서구,성서지방산업단지,hq_elsewhere,본사 타지역: (주)성지테크(경기도 화성시),(주)성지테크[01401251] 경기도 화성시
c7495,(주)성진티엘에스,달서구,성서지방산업단지,hq_elsewhere,본사 타지역: 주식회사 성진티엘에스(충청북도 진천군),주식회사 성진티엘에스[01218101] 충청북도 진천군
c5788,(주)세명,달서구,성서지방산업단지,hq_elsewhere,본사 타지역: 주식회사 세명(전라남도 나주시),주식회사 세명[01401376] 전라남도 나주시
c5540,(주)세명테크,달서구,성서지방산업단지,hq_elsewhere,본사 타지역: (주)세명테크(경기도 광명시); (주)세명테크(충청남도 아산시),(주)세명테크[00368560] 경기도 광명시 | (주)세명테크[00831978] 충청남도 아산시
c8047,(주)세안정기,달서구,성서지방산업단지,hq_elsewhere,본사 타지역: (주)세안정기(경상북도 경산시),(주)세안정기[00603454] 경상북도 경산시
c7133,(주)세창,달서구,성서지방산업단지,hq_elsewhere,본사 타지역: (주)세창(전라남도 영암군); (주)세창(서울특별시 강남구); 주식회사세창(전라북도 군산시),(주)세창[00868644] 전라남도 영암군 | (주)세창[00221825] 서울특별시 강남구 | 주식회사세창[00805894] 전라북도 군산시 | 주식회사 세창[00603250] 경기도 안성시 | 주식회사 세창[00104935] 대전광역시 서구 | (주)세창[01546518] 경상북도 포항시
c5797,(주)송천,달서구,성서지방산업단지,hq_elsewhere,본사 타지역: (주)송천(전라남도 여수시),(주)송천[01372542] 전라남도 여수시
c5341,(주)신신물산,달서구,성서지방산업단지,hq_elsewhere,본사 타지역: (주)신신물산(서울특별시 강남구),(주)신신물산[00417060] 서울특별시 강남구
c8058,(주)신일정공,달서구,성서지방산업단지,hq_elsewhere,본사 타지역: (주)신일정공(강원도 원주시); 신일정공(주)(경기도 안산),(주)신일정공[00404376] 강원도 원주시 | 신일정공(주)[00233787] 경기도 안산
c7507,(주)신창산업,달서구,성서지방산업단지,hq_elsewhere,본사 타지역: (주)신창산업 (경상북도 포항시),(주)신창산업 [01301155] 경상북도 포항시
c8060,(주)신한금속,달서구,성서지방산업단지,hq_elsewhere,본사 타지역: 신한금속(주)(경상남도 창원시); 신한금속(주)(인천광역시 남동구); 신한금속(주)(충청남도 예산군),신한금속(주)[01459814] 경상남도 창원시 | 신한금속(주)[00571359] 인천광역시 남동구 | 신한금속(주)[00624970] 충청남도 예산군
c8064,(주)신화이엔지,달서구,성서지방산업단지,hq_elsewhere,본사 타지역: (주)신화이엔지(경상남도 창원시),(주)신화이엔지[00492399] 경상남도 창원시
c7508,(주)신화테크,달서구,성서지방산업단지,hq_elsewhere,본사 타지역: 주식회사 신화테크(경상북도 포항시); (주)신화테크(울산광역시 북구),주식회사 신화테크[00678582] 경상북도 포항시 | (주)신화테크[01087361] 울산광역시 북구
c6622,(주)씨맥스,달서구,성서지방산업단지,hq_elsewhere,본사 타지역: 주식회사 씨맥스(경기도 시흥시),주식회사 씨맥스[01633586] 경기도 시흥시
c5806,(주)씨스코,달서구,성서지방산업단지,hq_elsewhere,본사 타지역: 주식회사 씨스코(경기도 안성시),주식회사 씨스코[00604541] 경기도 안성시
c7512,(주)씨앤지,달서구,성서지방산업단지,hq_elsewhere,본사 타지역: 주식회사 씨앤지(전라남도 순천시); 주식회사 씨앤지(경기도 양주시); 주식회사 씨앤지(경상남도 사천시),주식회사 씨앤지[00677662] 전라남도 순천시 | 주식회사 씨앤지[01295890] 경기도 양주시 | 주식회사 씨앤지[01328231] 경상남도 사천시 | (주)씨앤지[01629510] 경상남도 창원시
c7513,(주)씨트론,달서구,성서지방산업단지,hq_elsewhere,본사 타지역: 씨트론주식회사(인천광역시 계양구),씨트론주식회사[01469042] 인천광역시 계양구
c7140,(주)아세아철강,달서구,성서지방산업단지,hq_elsewhere,본사 타지역: 주식회사 아세아철강(경상북도 영천시),주식회사 아세아철강[00239666] 경상북도 영천시
c5811,(주)아이에스케이,달서구,성서지방산업단지,hq_elsewhere,본사 타지역: 주식회사 아이에스케이(서울특별시 강남구); 주식회사 아이에스케이(울산광역시 남구),주식회사 아이에스케이[00876786] 서울특별시 강남구 | 주식회사 아이에스케이[01172182] 울산광역시 남구
c8067,(주)아이티에스,달서구,성서지방산업단지,hq_elsewhere,본사 타지역: (주)아이티에스(충청남도 서산시),(주)아이티에스[00532323] 충청남도 서산시
c5813,(주)아진산업,달서구,성서지방산업단지,hq_elsewhere,본사 타지역: (주)아진산업(경기도 화성시); 아진산업(주)(경상북도 경산시),(주)아진산업[00976323] 경기도 화성시 | 아진산업(주)[00139083] 경상북도 경산시
c6628,(주)알에이,달서구,성서지방산업단지,hq_elsewhere,본사 타지역: (주)알에이(서울특별시 강동구),(주)알에이[01082755] 서울특별시 강동구
c5351,(주)애니텍,달서구,성서지방산업단지,hq_elsewhere,본사 타지역: (주)애니텍(경기도 평택시),(주)애니텍[01649912] 경기도 평택시
c8070,(주)에스디엑스,달서구,성서지방산업단지,hq_elsewhere,본사 타지역: (주)에스디엑스(서울특별시 서초구),(주)에스디엑스[01217971] 서울특별시 서초구
c8072,(주)에스에스알,달서구,성서지방산업단지,hq_elsewhere,본사 타지역: 유한회사 에스에스알(광주광역시 광산구); (주)에스에스알(서울특별시 구로구),유한회사 에스에스알[01469264] 광주광역시 광산구 | (주)에스에스알[01250374] 서울특별시 구로구
c8646,(주)에스에이치스틸,달서구,성서지방산업단지,hq_elsewhere,본사 타지역: 에스에이치스틸(주)(경상북도 영덕군),에스에이치스틸(주)[00496304] 경상북도 영덕군
c5355,(주)에스에이치에스,달서구,성서지방산업단지,hq_elsewhere,본사 타지역: (주)에스에이치에스(경기도 성남시),(주)에스에이치에스[01989494] 경기도 성남시
c8648,(주)에스엠메탈,달서구,성서지방산업단지,hq_elsewhere,본사 타지역: 에스엠메탈(주)(경기도 안산시); (주)에스엠메탈(경기도 김포시); 에스엠메탈 주식회사(경상북도 경주시),에스엠메탈(주)[00925480] 경기도 안산시 | (주)에스엠메탈[01409633] 경기도 김포시 | 에스엠메탈 주식회사[02011745] 경상북도 경주시
c5356,(주)에스제이테크윈,달서구,성서지방산업단지,hq_elsewhere,본사 타지역: 에스제이테크윈(주)(경상남도 김해시),에스제이테크윈(주)[01477193] 경상남도 김해시
c5826,"(주)에이이에스(A.E.S CO.,LTD.)",달서구,성서지방산업단지,hq_elsewhere,본사 타지역: 주식회사 에이이에스(경상남도 양산시),주식회사 에이이에스[01956256] 경상남도 양산시
c7522,(주)에이치시티,달서구,성서지방산업단지,hq_elsewhere,본사 타지역: (주)에이치시티(경기도 이천시),(주)에이치시티[00527464] 경기도 이천시
c8084,(주)에이치씨엔씨,달서구,성서지방산업단지,hq_elsewhere,본사 타지역: (주)에이치씨엔씨(경기도 성남시),(주)에이치씨엔씨[01305124] 경기도 성남시
c6641,(주)에이치엠티,달서구,성서지방산업단지,hq_elsewhere,본사 타지역: 주식회사에이치엠티(경상남도 창원시); (주)에이치엠티(경기도 안양시); (주)에이치엠티(경기도 화성시),주식회사에이치엠티[00922067] 경상남도 창원시 | (주)에이치엠티[01683554] 경기도 안양시 | (주)에이치엠티[00521451] 경기도 화성시 | 에이치엠티(주)[01540736] 서울특별시 영등포구
c7523,(주)에이팩,달서구,성서지방산업단지,hq_elsewhere,본사 타지역: (주)에이팩(대전광역시 유성구); (주)에이팩(경상남도 양산시),(주)에이팩[00445142] 대전광역시 유성구 | (주)에이팩[00130268] 경상남도 양산시
c6647,(주)엔에스브이,달서구,성서지방산업단지,hq_elsewhere,본사 타지역: (주)엔에스브이(부산광역시 강서구); (주)엔에스브이(인천광역시 남동구),(주)엔에스브이[00447478] 부산광역시 강서구 | (주)엔에스브이[00959566] 인천광역시 남동구
c5832,(주)엔제이,달서구,성서지방산업단지,hq_elsewhere,본사 타지역: 주식회사엔제이(경기도 포천시),주식회사엔제이[00536602] 경기도 포천시
c5359,(주)엔케이테크,달서구,성서지방산업단지,hq_elsewhere,본사 타지역: (주)엔케이테크(부산광역시 강서구); (주)엔케이테크(전북특별자치도 군산시),(주)엔케이테크[00809234] 부산광역시 강서구 | (주)엔케이테크[01925380] 전북특별자치도 군산시
c5833,(주)엘라인,달서구,성서지방산업단지,hq_elsewhere,본사 타지역: 주식회사 엘라인(경상북도 경산시),주식회사 엘라인[02003995] 경상북도 경산시
c5836,(주)엠씨텍,달서구,성서지방산업단지,hq_elsewhere,본사 타지역: 주식회사 엠씨텍(경기도 안산),주식회사 엠씨텍[00446327] 경기도 안산
c7530,(주)엠케이글로벌,달서구,성서지방산업단지,hq_elsewhere,본사 타지역: (주)엠케이글로벌(충청북도 청주시),(주)엠케이글로벌[01698273] 충청북도 청주시
c5360,(주)엠티에스 코리아,달서구,성서지방산업단지,hq_elsewhere,본사 타지역: 엠티에스코리아(전라남도 광양시); 엠티에스코리아 주식회사(경기도 성남시),엠티에스코리아[01289729] 전라남도 광양시 | 엠티에스코리아 주식회사[00432388] 경기도 성남시
c8093,(주)영보산업,달서구,성서지방산업단지,hq_elsewhere,본사 타지역: (주)영보산업(충청북도 음성군),(주)영보산업[00611301] 충청북도 음성군
c8099,(주)예기,달서구,성서지방산업단지,hq_elsewhere,본사 타지역: (주)예기(인천광역시 서구),(주)예기[01492749] 인천광역시 서구
c5556,(주)온스틸,달서구,성서지방산업단지,hq_elsewhere,본사 타지역: (주)온스틸(경기도 성남시),(주)온스틸[00872054] 경기도 성남시
c6654,(주)와이지-원,달서구,성서지방산업단지,hq_elsewhere,본사 타지역: (주)와이지-원(인천광역시 연수구),(주)와이지-원[00139719] 인천광역시 연수구
c5849,(주)와이텍,달서구,성서지방산업단지,hq_elsewhere,본사 타지역: (주)와이텍(경기도 양평군),(주)와이텍[00971355] 경기도 양평군
c5850,(주)용진,달서구,성서지방산업단지,hq_elsewhere,본사 타지역: 주식회사 용진(서울특별시 중구); (주)용진(부산광역시 강서구); 주식회사 용진(전라남도 보성군),주식회사 용진[01103456] 서울특별시 중구 | (주)용진[01137125] 부산광역시 강서구 | 주식회사 용진[01768864] 전라남도 보성군 | 주식회사 용진[01312391] 경상북도 고령군
c5365,(주)우리기술,달서구,성서지방산업단지,hq_elsewhere,본사 타지역: (주)우리기술(경상북도 포항시); (주)우리기술(서울특별시 마포구); 주식회사우리기술(인천광역시 연수구),(주)우리기술[01640300] 경상북도 포항시 | (주)우리기술[00231044] 서울특별시 마포구 | 주식회사우리기술[01928615] 인천광역시 연수구
c6655,(주)우영,달서구,성서지방산업단지,hq_elsewhere,본사 타지역: 주식회사 우영(강원도 태백시); (주)우영(서울특별시 도봉구); 주식회사 우영(경기도 안성시),주식회사 우영[00291833] 강원도 태백시 | (주)우영[00143013] 서울특별시 도봉구 | 주식회사 우영[00269092] 경기도 안성시 | 우영 주식회사[01176461] 경기도 성남시 | 주식회사 우영[00970806] 충청남도 서산시 | 주식회사 우영[01214309] 경기도 용인시 | (주)우영[01335417] 인천광역시 서구
c7535,(주)욱일기업,달서구,성서지방산업단지,hq_elsewhere,본사 타지역: (주)욱일기업(경상남도 거제시),(주)욱일기업[00531494] 경상남도 거제시
c5557,(주)울텍,달서구,성서지방산업단지,hq_elsewhere,본사 타지역: (주)울텍(서울특별시 서초구),(주)울텍[00469513] 서울특별시 서초구
c7151,(주)원일,달서구,성서지방산업단지,hq_elsewhere,본사 타지역: (주)원일(경기도 포천군); (주)원일(경상남도 마산시); (주)원일(경상남도 창원시),(주)원일[00437693] 경기도 포천군 | (주)원일[00449148] 경상남도 마산시 | (주)원일[01296604] 경상남도 창원시 | (주)원일[01912359] 광주광역시 광산구
c8105,(주)원텍,달서구,성서지방산업단지,hq_elsewhere,본사 타지역: 주식회사원텍(경상남도 창원시); 주식회사 원텍(경기도 안산시); 원텍(주)(대전광역시 유성구),주식회사원텍[01037940] 경상남도 창원시 | 주식회사 원텍[01296349] 경기도 안산시 | 원텍(주)[01407909] 대전광역시 유성구 | (주)원텍[01157703] 충청남도 아산시 | 원텍(주)[00311270] 대전광역시 유성구
c5853,(주)위드림,달서구,성서지방산업단지,hq_elsewhere,본사 타지역: 주식회사 위드림(경기도 오산시),주식회사 위드림[01046850] 경기도 오산시
c8107,(주)윈테크,달서구,성서지방산업단지,hq_elsewhere,본사 타지역: 주식회사윈테크(충청북도 청주시); 윈테크 주식회사(충청북도 진천군); 주식회사윈테크(경상남도 함안군),주식회사윈테크[00481579] 충청북도 청주시 | 윈테크 주식회사[00641409] 충청북도 진천군 | 주식회사윈테크[01765159] 경상남도 함안군 | (주)윈테크[01200157] 울산광역시 울주군
c5855,(주)윈투,달서구,성서지방산업단지,hq_elsewhere,본사 타지역: (주)윈투(경기도 성남시),(주)윈투[00294964] 경기도 성남시
c8111,(주)유니온,달서구,성서지방산업단지,hq_elsewhere,본사 타지역: 주식회사 유니온(충청남도 천안시); 주식회사 유니온(강원도 원주시); (주)유니온(경상남도 거제시),주식회사 유니온[00833675] 충청남도 천안시 | 주식회사 유니온[01035696] 강원도 원주시 | (주)유니온[01452033] 경상남도 거제시 | (주)유니온[00184481] 경상남도 창원시 | (주)유니온[00144252] 서울특별시 중구
c6661,(주)유비셀,달서구,성서지방산업단지,hq_elsewhere,본사 타지역: 주식회사 유비셀(경상북도 구미시),주식회사 유비셀[00532165] 경상북도 구미시
c5559,(주)유비즈,달서구,성서지방산업단지,hq_elsewhere,본사 타지역: (주)유비즈(울산광역시 남구),(주)유비즈[01021790] 울산광역시 남구
c5367,(주)유성에프티,달서구,성서지방산업단지,hq_elsewhere,본사 타지역: (주)유성에프티(경상북도 경산시),(주)유성에프티[00973566] 경상북도 경산시
c7542,(주)유일테크,달서구,성서지방산업단지,hq_elsewhere,본사 타지역: (주)유일테크(경기도 파주시),(주)유일테크[00545868] 경기도 파주시
c5863,(주)유진하이테크,달서구,성서지방산업단지,hq_elsewhere,본사 타지역: 유진하이테크(주)(경상남도 김해시),유진하이테크(주)[01173516] 경상남도 김해시
c8660,(주)은성하이텍,달서구,성서지방산업단지,hq_elsewhere,본사 타지역: (주)은성하이텍(광주광역시 광산구),(주)은성하이텍[01019768] 광주광역시 광산구
c8120,(주)이레전자,달서구,성서지방산업단지,hq_elsewhere,본사 타지역: 이레전자(주)(인천광역시 서구),이레전자(주)[01015337] 인천광역시 서구
c7544,(주)이룸씨앤디,달서구,성서지방산업단지,hq_elsewhere,본사 타지역: (주)이룸씨앤디(경기도 김포시),(주)이룸씨앤디[01884676] 경기도 김포시
c5368,(주)이수,달서구,성서지방산업단지,hq_elsewhere,본사 타지역: 주식회사이수(경상남도 창원시); (주)이수(서울특별시 서초구),주식회사이수[01301216] 경상남도 창원시 | (주)이수[00461618] 서울특별시 서초구
c8122,(주)이에스티,달서구,성서지방산업단지,hq_elsewhere,본사 타지역: 주식회사 이에스티(경기도 안성시); 주식회사 이에스티(울산광역시 울주군); (주)이에스티(경상북도 구미시),주식회사 이에스티[00817932] 경기도 안성시 | 주식회사 이에스티[00491576] 울산광역시 울주군 | (주)이에스티[01311064] 경상북도 구미시 | 주식회사이에스티[01378005] 경기도 오산시 | 주식회사 이에스티[01217102] 경기도 화성시
c5868,(주)이엘,달서구,성서지방산업단지,hq_elsewhere,본사 타지역: 주식회사 이엘(충청남도 서산시),주식회사 이엘[02023528] 충청남도 서산시
c6669,(주)이엘씨,달서구,성서지방산업단지,hq_elsewhere,"본사 타지역: (주)이엘씨(충청남도 아산시); 주식회사 이엘씨(ELC CO.,LTD.)(경기도 화성시)","(주)이엘씨[00137289] 충청남도 아산시 | 주식회사 이엘씨(ELC CO.,LTD.)[02037910] 경기도 화성시"
c8125,(주)이화테크,달서구,성서지방산업단지,hq_elsewhere,본사 타지역: (주)이화테크(대전광역시 중구),(주)이화테크[00145640] 대전광역시 중구
c5371,(주)일광,달서구,성서지방산업단지,hq_elsewhere,본사 타지역: (주)일광(경기도 성남시); 주식회사 일광(울산광역시 북구); 주식회사 일광(강원도 원주시),(주)일광[00426934] 경기도 성남시 | 주식회사 일광[00205012] 울산광역시 북구 | 주식회사 일광[01380347] 강원도 원주시 | (주)일광[01404504] 경기도 부천시
c5871,(주)일동,달서구,성서지방산업단지,hq_elsewhere,본사 타지역: (주)일동(충청북도 음성군); 주식회사 일동(부산광역시 해운대구),(주)일동[00507619] 충청북도 음성군 | 주식회사 일동[00146092] 부산광역시 해운대구
c6671,(주)정현이엔지,달서구,성서지방산업단지,hq_elsewhere,본사 타지역: 주식회사 정현이엔지(경기도 화성시),주식회사 정현이엔지[01889787] 경기도 화성시
c5567,(주)제이엠테크,달서구,성서지방산업단지,hq_elsewhere,본사 타지역: (주)제이엠테크(경기도 김포시); 제이엠테크 주식회사(경기도 군포시); (주)제이엠테크(충청남도 금산군),(주)제이엠테크[00982403] 경기도 김포시 | 제이엠테크 주식회사[01648898] 경기도 군포시 | (주)제이엠테크[01838862] 충청남도 금산군 | (주)제이엠테크[01919389] 경상북도 구미시 | 주식회사 제이엠테크[01182037] 경상남도 김해시
c5884,(주)제이원코퍼레이션,달서구,성서지방산업단지,hq_elsewhere,본사 타지역: 주식회사 제이원코퍼레이션(서울특별시 송파구),주식회사 제이원코퍼레이션[01827228] 서울특별시 송파구
c5568,(주)지구,달서구,성서지방산업단지,hq_elsewhere,본사 타지역: 주식회사 지구(경기도 고양시),주식회사 지구[00150110] 경기도 고양시
c7558,(주)지바이크,달서구,성서지방산업단지,hq_elsewhere,본사 타지역: 주식회사 지바이크(서울특별시 강남구),주식회사 지바이크[01645679] 서울특별시 강남구
c8137,(주)지에스테크,달서구,성서지방산업단지,hq_elsewhere,본사 타지역: 지에스테크 주식회사(인천광역시 중구); 주식회사 지에스테크(경상남도 함안군),지에스테크 주식회사[01151666] 인천광역시 중구 | 주식회사 지에스테크[00892359] 경상남도 함안군
c5892,(주)지엘에스,달서구,성서지방산업단지,hq_elsewhere,본사 타지역: 주식회사 지엘에스(경기도 성남시); (주)지엘에스(광주광역시 북구),주식회사 지엘에스[01089040] 경기도 성남시 | (주)지엘에스[00968564] 광주광역시 북구
c6677,(주)지엘텍,달서구,성서지방산업단지,hq_elsewhere,본사 타지역: 주식회사 지엘텍(경기도 화성시); (주)지엘텍(인천광역시 서구),주식회사 지엘텍[01637829] 경기도 화성시 | (주)지엘텍[01746288] 인천광역시 서구
c8138,(주)지엠테크,달서구,성서지방산업단지,hq_elsewhere,본사 타지역: 주식회사지엠테크(경상남도 의령군); 지엠테크 주식회사(서울특별시 송파구),주식회사지엠테크[00634241] 경상남도 의령군 | 지엠테크 주식회사[02020673] 서울특별시 송파구
c5571,(주)창보,달서구,성서지방산업단지,ambiguous,대구 본사 동명 2개,주식회사 창보[00526845] 대구광역시 달성군 | (주)창보[01222955] 대구광역시 달성군
c8142,(주)창진에스씨,달서구,성서지방산업단지,hq_elsewhere,본사 타지역: 창진에스씨(경상남도 창원시),창진에스씨[01211481] 경상남도 창원시
c7015,(주)청우,달서구,성서지방산업단지,hq_elsewhere,본사 타지역: 주식회사 청우(충청북도 증평군); 주식회사 청우(경상북도 경주시); (주)청우(경기도 김포시),주식회사 청우[01029808] 충청북도 증평군 | 주식회사 청우[00519386] 경상북도 경주시 | (주)청우[00631536] 경기도 김포시
c6680,(주)청진,달서구,성서지방산업단지,hq_elsewhere,본사 타지역: 주식회사 청진(경기도 부천시),주식회사 청진[01150320] 경기도 부천시
c6682,(주)카길애그리퓨리나,달서구,성서지방산업단지,hq_elsewhere,본사 타지역: (주)카길애그리퓨리나(경기도 성남시),(주)카길애그리퓨리나[00155814] 경기도 성남시
c6684,(주)케이브이티,달서구,성서지방산업단지,hq_elsewhere,본사 타지역: (주)케이브이티(서울특별시 금천구),(주)케이브이티[01011410] 서울특별시 금천구
c6685,(주)케이씨엠,달서구,성서지방산업단지,hq_elsewhere,본사 타지역: (주)케이씨엠(경상남도 창원시); 주식회사 케이씨엠(경기도 화성시); 주식회사 케이씨엠(경기도 김포시),(주)케이씨엠[01142695] 경상남도 창원시 | 주식회사 케이씨엠[01145744] 경기도 화성시 | 주식회사 케이씨엠[00876245] 경기도 김포시
c6687,(주)케이티엠,달서구,성서지방산업단지,hq_elsewhere,본사 타지역: (주)케이티엠(경상북도 경산시); 주식회사 케이티엠(부산광역시 사하구),(주)케이티엠[00425120] 경상북도 경산시 | 주식회사 케이티엠[00966469] 부산광역시 사하구
c8153,(주)코스모텍,달서구,성서지방산업단지,hq_elsewhere,본사 타지역: 주식회사 코스모텍(세종특별자치시 전의면),주식회사 코스모텍[00916677] 세종특별자치시 전의면
c8682,(주)타임시스템,달서구,성서지방산업단지,hq_elsewhere,본사 타지역: 타임시스템(주)(충청남도 당진시),타임시스템(주)[01738827] 충청남도 당진시
c7570,(주)태광스틸,달서구,성서지방산업단지,hq_elsewhere,본사 타지역: 태광스틸주식회사(경기도 시흥시),태광스틸주식회사[00606549] 경기도 시흥시
c7169,(주)태화지앤지,달서구,성서지방산업단지,hq_elsewhere,본사 타지역: (주)태화지앤지(부산광역시 사상구),(주)태화지앤지[00819408] 부산광역시 사상구
c6693,(주)테스코,달서구,성서지방산업단지,hq_elsewhere,본사 타지역: 테스코 주식회사(경상남도 진주시),테스코 주식회사[02011967] 경상남도 진주시
c8158,(주)텍스랜드,달서구,성서지방산업단지,hq_elsewhere,본사 타지역: 주식회사 텍스랜드(서울특별시 강남구),주식회사 텍스랜드[00358475] 서울특별시 강남구
c8161,(주)티씨엠에스,달서구,성서지방산업단지,hq_elsewhere,본사 타지역: (주)티씨엠에스(경상북도 경산시),(주)티씨엠에스[01812369] 경상북도 경산시
c7017,(주)티에스텍,달서구,성서지방산업단지,hq_elsewhere,본사 타지역: 티에스텍주식회사(인천광역시 연수구),티에스텍주식회사[00571784] 인천광역시 연수구
c5917,(주)티엔아이,달서구,성서지방산업단지,hq_elsewhere,본사 타지역: (주)티엔아이(울산광역시 울주군),(주)티엔아이[00397243] 울산광역시 울주군
c6694,(주)티엘,달서구,성서지방산업단지,hq_elsewhere,본사 타지역: 티엘주식회사(경기도 군포시); (주)티엘(경기도 부천시); 주식회사 티엘(경기도 포천시),티엘주식회사[01146479] 경기도 군포시 | (주)티엘[00865416] 경기도 부천시 | 주식회사 티엘[01916300] 경기도 포천시
c6696,(주)티지,달서구,성서지방산업단지,hq_elsewhere,본사 타지역: 티지 주식회사(경기도 시흥시); 주식회사 티지(서울특별시 영등포구),티지 주식회사[00473808] 경기도 시흥시 | 주식회사 티지[01658901] 서울특별시 영등포구
c5919,(주)파리크라상,달서구,성서지방산업단지,hq_elsewhere,본사 타지역: (주)파리크라상(경기도 성남시),(주)파리크라상[01995325] 경기도 성남시
c5923,(주)폴리테크,달서구,성서지방산업단지,hq_elsewhere,본사 타지역: 폴리테크 주식회사(경상남도 양산시),폴리테크 주식회사[01563454] 경상남도 양산시
c7584,(주)피엔케이인더스트리,달서구,성서지방산업단지,hq_elsewhere,본사 타지역: 주식회사 피엔케이인더스트리(광주광역시 광산구),주식회사 피엔케이인더스트리[00562333] 광주광역시 광산구
c5388,(주)한국경제신문,달서구,성서지방산업단지,hq_elsewhere,본사 타지역: (주)한국경제신문(서울특별시 중구),(주)한국경제신문[00156628] 서울특별시 중구
c8689,(주)한국비엔씨,달서구,성서지방산업단지,ambiguous,대구 본사 동명 2개,(주)한국비엔씨[01051339] 대구광역시 달서구 | (주)한국비엔씨[01179617] 대구광역시 달서구
c6704,(주)한국시스템,달서구,성서지방산업단지,hq_elsewhere,본사 타지역: 주식회사 한국시스템(부산광역시 해운대구); 한국시스템주식회사(부산광역시 부산진구),주식회사 한국시스템[01101485] 부산광역시 해운대구 | 한국시스템주식회사[01918089] 부산광역시 부산진구
c8174,(주)한성금속,달서구,성서지방산업단지,hq_elsewhere,본사 타지역: (주)한성금속(인천광역시 남동구),(주)한성금속[00910080] 인천광역시 남동구
c5390,(주)현대테크,달서구,성서지방산업단지,hq_elsewhere,본사 타지역: (주)현대테크(인천광역시 계양구),(주)현대테크[00571580] 인천광역시 계양구
c7177,(주)현대화이바,달서구,성서지방산업단지,hq_elsewhere,본사 타지역: (주)현대화이바(경상남도 양산시),(주)현대화이바[01030497] 경상남도 양산시
c5943,(주)협성,달서구,성서지방산업단지,hq_elsewhere,본사 타지역: (주)협성(부산광역시 동래구),(주)협성[00928380] 부산광역시 동래구
c5951,(주)화신정공,달서구,성서지방산업단지,hq_elsewhere,본사 타지역: 주식회사 화신정공(경상북도 영천시); 주식회사 화신정공(경상북도 칠곡군); (주)화신정공(경상북도 영천시),주식회사 화신정공[00310369] 경상북도 영천시 | 주식회사 화신정공[00837635] 경상북도 칠곡군 | (주)화신정공[00825223] 경상북도 영천시
c7594,(주)효광,달서구,성서지방산업단지,hq_elsewhere,본사 타지역: (주)효광(광주광역시 광산구); 주식회사 효광(경기도 안산시),(주)효광[01160424] 광주광역시 광산구 | 주식회사 효광[00624697] 경기도 안산시
c8182,(주)효성티앤에스,달서구,성서지방산업단지,hq_elsewhere,본사 타지역: 효성티앤에스(주)(서울특별시 강남구),효성티앤에스(주)[00166731] 서울특별시 강남구
c5393,(주)후니즈(HOO NEEDZ),달서구,성서지방산업단지,hq_elsewhere,본사 타지역: 주식회사 후니즈(서울특별시 강남구),주식회사 후니즈[01513477] 서울특별시 강남구
c8698,HD현대마린엔진(주),달서구,성서지방산업단지,hq_elsewhere,본사 타지역: 에이치디현대마린엔진(주)(경상남도 창원시),에이치디현대마린엔진(주)[00406046] 경상남도 창원시
c5969,가온,달서구,성서지방산업단지,hq_elsewhere,본사 타지역: 주식회사 가온(제주특별자치도 제주시); 주식회사 가온(경상남도 진주시); (주)가온(전라남도 담양군),주식회사 가온[01300828] 제주특별자치도 제주시 | 주식회사 가온[01253928] 경상남도 진주시 | (주)가온[01679694] 전라남도 담양군
c5973,거성테크,달서구,성서지방산업단지,hq_elsewhere,본사 타지역: 주식회사 거성테크(경상남도 김해시),주식회사 거성테크[01026670] 경상남도 김해시
c5981,경동테크,달서구,성서지방산업단지,hq_elsewhere,본사 타지역: 경동테크 주식회사(부산광역시 강서구),경동테크 주식회사[01044791] 부산광역시 강서구
c8199,경성정밀,달서구,성서지방산업단지,hq_elsewhere,본사 타지역: 경성정밀(주)(경상남도 김해시),경성정밀(주)[01147812] 경상남도 김해시
c7607,경인정밀(주),달서구,성서지방산업단지,hq_elsewhere,본사 타지역: 경인정밀주식회사(서울특별시 금천구),경인정밀주식회사[00112891] 서울특별시 금천구
c5985,경일엔지니어링,달서구,성서지방산업단지,hq_elsewhere,본사 타지역: 경일엔지니어링(주)(경상북도 포항시),경일엔지니어링(주)[01918715] 경상북도 포항시
c6001,국제정공,달서구,성서지방산업단지,hq_elsewhere,본사 타지역: 주식회사 국제정공(경기도 오산시); 주식회사 국제정공(인천광역시 남동구),주식회사 국제정공[00806866] 경기도 오산시 | 주식회사 국제정공[00566366] 인천광역시 남동구
c7188,극동,달서구,성서지방산업단지,hq_elsewhere,본사 타지역: 주식회사 극동(경기도 안산시); 주식회사 극동(경기도 성남시); (주)극동(경상남도 창녕군),주식회사 극동[01554854] 경기도 안산시 | 주식회사 극동[01718896] 경기도 성남시 | (주)극동[01858954] 경상남도 창녕군
c8212,금강철강,달서구,성서지방산업단지,hq_elsewhere,본사 타지역: 금강철강주식회사(인천광역시 남동구); 금강철강(울산광역시 북구); 금강철강(주)(서울특별시 서초구),금강철강주식회사[00604471] 인천광역시 남동구 | 금강철강[00209911] 울산광역시 북구 | 금강철강(주)[00105475] 서울특별시 서초구
c8707,금복,달서구,성서지방산업단지,hq_elsewhere,본사 타지역: (주)금복(서울특별시 금천구),(주)금복[00176446] 서울특별시 금천구
c5400,금성산업,달서구,성서지방산업단지,hq_elsewhere,본사 타지역: 금성산업 주식회사(전라남도 장성군); 주식회사 금성산업(경상남도 김해시); (주)금성산업(경상북도 칠곡군),금성산업 주식회사[00215949] 전라남도 장성군 | 주식회사 금성산업[01683004] 경상남도 김해시 | (주)금성산업[00442394] 경상북도 칠곡군
c7193,금호산업,달서구,성서지방산업단지,hq_elsewhere,본사 타지역: (주)금호산업(전라남도 해남군),(주)금호산업[01778001] 전라남도 해남군
c6023,나우테크,달서구,성서지방산업단지,hq_elsewhere,본사 타지역: (주)나우테크(경상북도 구미시); (주)나우테크(인천광역시 남구); (주)나우테크(경상남도 거제시),(주)나우테크[00462592] 경상북도 구미시 | (주)나우테크[00105420] 인천광역시 남구 | (주)나우테크[01740992] 경상남도 거제시
c6024,남경산업,달서구,성서지방산업단지,hq_elsewhere,본사 타지역: (주)남경산업(경기도 화성시),(주)남경산업[00967006] 경기도 화성시
c6028,네오테크,달서구,성서지방산업단지,hq_elsewhere,본사 타지역: 주식회사네오테크(경상북도 김천시); 주식회사 네오테크(경기도 용인시); 네오테크 주식회사(광주광역시 서구),주식회사네오테크[01766875] 경상북도 김천시 | 주식회사 네오테크[01731143] 경기도 용인시 | 네오테크 주식회사[01919644] 광주광역시 서구 | 주식회사 네오테크[02020284] 경상남도 김해시
c5405,네오텍,달서구,성서지방산업단지,hq_elsewhere,본사 타지역: 주식회사네오텍(경기도 안성시); (주)네오텍(경기도 파주시); (주)네오텍(서울특별시 용산구),주식회사네오텍[00959098] 경기도 안성시 | (주)네오텍[00312817] 경기도 파주시 | (주)네오텍[00688288] 서울특별시 용산구 | (주)네오텍[00480297] 충청북도 진천군 | (주)네오텍[00677343] 충청북도 청주시
c6031,누리켐,달서구,성서지방산업단지,hq_elsewhere,본사 타지역: (주)누리켐(경기도 의왕시),(주)누리켐[00866743] 경기도 의왕시
c6032,뉴시스,달서구,성서지방산업단지,hq_elsewhere,본사 타지역: (주)뉴시스(서울특별시 중구),(주)뉴시스[01083879] 서울특별시 중구
c6035,다성테크,달서구,성서지방산업단지,hq_elsewhere,본사 타지역: (주)다성테크(경기도 이천시),(주)다성테크[00928900] 경기도 이천시
c6748,다온,달서구,성서지방산업단지,hq_elsewhere,본사 타지역: 주식회사 다온(경기도 부천시); 주식회사 다온(경기도 김포시); (주)다온(경상남도 양산시),주식회사 다온[01365232] 경기도 부천시 | 주식회사 다온[01148042] 경기도 김포시 | (주)다온[00503631] 경상남도 양산시
c6751,다온테크,달서구,성서지방산업단지,hq_elsewhere,본사 타지역: 주식회사 다온테크(서울특별시 중구),주식회사 다온테크[01898493] 서울특별시 중구
c5595,다인,달서구,성서지방산업단지,hq_elsewhere,본사 타지역: (주)다인(충청남도 아산시); (주) 다인(경기도 안성시); (주)다인(충청남도 천안시),(주)다인[00927141] 충청남도 아산시 | (주) 다인[01252372] 경기도 안성시 | (주)다인[00669238] 충청남도 천안시 | 주식회사 다인[01552795] 충청북도 음성군
c6038,대건엔지니어링,달서구,성서지방산업단지,hq_elsewhere,본사 타지역: (주)대건엔지니어링(경기도 시흥시),(주)대건엔지니어링[01911129] 경기도 시흥시
c6041,대경산업,달서구,성서지방산업단지,hq_elsewhere,본사 타지역: (주)대경산업(경상남도 합천군); 대경산업(주)(경기도 고양시),(주)대경산업[01022887] 경상남도 합천군 | 대경산업(주)[01646997] 경기도 고양시
c6042,대경정밀,달서구,성서지방산업단지,hq_elsewhere,본사 타지역: 주식회사 대경정밀(경기도 시흥시),주식회사 대경정밀[00581198] 경기도 시흥시
c7201,대경테크,달서구,성서지방산업단지,hq_elsewhere,본사 타지역: (주)대경테크(경상북도 구미시),(주)대경테크[01412619] 경상북도 구미시
c5408,대광테크,달서구,성서지방산업단지,hq_elsewhere,본사 타지역: (주)대광테크(부산광역시 강서구),(주)대광테크[00812450] 부산광역시 강서구
c5597,대구정밀,달서구,성서지방산업단지,hq_elsewhere,본사 타지역: 주식회사 대구정밀(경상북도 칠곡군),주식회사 대구정밀[00564137] 경상북도 칠곡군
c8240,대구정밀(주),달서구,성서지방산업단지,hq_elsewhere,본사 타지역: 주식회사 대구정밀(경상북도 칠곡군),주식회사 대구정밀[00564137] 경상북도 칠곡군
c6053,대동기어(주),달서구,성서지방산업단지,hq_elsewhere,본사 타지역: 대동기어(주)(경상남도 사천시),대동기어(주)[00109310] 경상남도 사천시
c7637,대림산업,달서구,성서지방산업단지,hq_elsewhere,본사 타지역: 주식회사 대림산업(경상북도 성주군),주식회사 대림산업[01843961] 경상북도 성주군
c8247,대범,달서구,성서지방산업단지,hq_elsewhere,본사 타지역: 주식회사 대범(부산광역시 동구),주식회사 대범[01862063] 부산광역시 동구
c8250,대성,달서구,성서지방산업단지,hq_elsewhere,본사 타지역: (주)대성(경상북도 포항시); (주)대성(서울특별시 용산구); (주)대성(경기도 수원시),(주)대성[00818047] 경상북도 포항시 | (주)대성[00437028] 서울특별시 용산구 | (주)대성[00172413] 경기도 수원시 | 주식회사 대성 [00894056] 경기도 성남시 | 주식회사 대성[00110325] 대전광역시 대덕구
c6062,대성금속,달서구,성서지방산업단지,hq_elsewhere,본사 타지역: 대성금속(주)(인천광역시 서구),대성금속(주)[01148778] 인천광역시 서구
c6064,대성산업,달서구,성서지방산업단지,hq_elsewhere,본사 타지역: 대성산업(주)(전라남도 장흥군); (주)대성산업(경기도 남양주시); 대성산업(주)(서울특별시 구로구),대성산업(주)[00509079] 전라남도 장흥군 | (주)대성산업[01782031] 경기도 남양주시 | 대성산업(주)[00828789] 서울특별시 구로구
c8253,대성스틸,달서구,성서지방산업단지,hq_elsewhere,본사 타지역: (주)대성스틸(경기도 평택시); 대성스틸 주식회사(경기도 화성시),(주)대성스틸[00409557] 경기도 평택시 | 대성스틸 주식회사[00487829] 경기도 화성시
c7639,대성정공,달서구,성서지방산업단지,hq_elsewhere,본사 타지역: (주)대성정공(경상남도 양산시),(주)대성정공[00918143] 경상남도 양산시
c6067,대성정밀,달서구,성서지방산업단지,hq_elsewhere,본사 타지역: (주)대성정밀(강원도 원주시),(주)대성정밀[01696965] 강원도 원주시
c6763,대신네트웍스(주),달서구,성서지방산업단지,hq_elsewhere,본사 타지역: 대신네트웍스(주)(경기도 수원시); 대신네트웍스 주식회사(대전광역시 서구),대신네트웍스(주)[01486979] 경기도 수원시 | 대신네트웍스 주식회사[01945694] 대전광역시 서구
c6764,대신산업,달서구,성서지방산업단지,hq_elsewhere,본사 타지역: 주식회사 대신산업(경상남도 마산시); 대신산업(경기도 안산시),주식회사 대신산업[00887649] 경상남도 마산시 | 대신산업[00966803] 경기도 안산시
c6068,대신정밀,달서구,성서지방산업단지,hq_elsewhere,본사 타지역: 대신정밀(주)(경상남도 양산시),대신정밀(주)[00929945] 경상남도 양산시
c5414,대아산업,달서구,성서지방산업단지,hq_elsewhere,본사 타지역: 대아산업주식회사(인천광역시 계양구); 대아산업(주)(전라남도 목포시); 대아산업주식회사(경상북도 구미시),대아산업주식회사[01413441] 인천광역시 계양구 | 대아산업(주)[01362040] 전라남도 목포시 | 대아산업주식회사[00209249] 경상북도 구미시
c7208,대영기계,달서구,성서지방산업단지,hq_elsewhere,본사 타지역: 대영기계(주)(인천광역시 서구),대영기계(주)[02025322] 인천광역시 서구
c6073,대영산업,달서구,성서지방산업단지,hq_elsewhere,본사 타지역: 대영산업 주식회사(전라남도 해남군); 대영산업(주)(경기도 시흥시); 대영산업 주식회사(경상남도 함양군),대영산업 주식회사[00822590] 전라남도 해남군 | 대영산업(주)[00918231] 경기도 시흥시 | 대영산업 주식회사[00663270] 경상남도 함양군 | 대영산업(주)[01014426] 인천광역시 남동구 | 대영산업(주)[00836654] 울산광역시 북구
c6074,대영섬유,달서구,성서지방산업단지,hq_elsewhere,본사 타지역: (주)대영섬유(부산광역시 사상구),(주)대영섬유[01379174] 부산광역시 사상구
c8257,대영정밀,달서구,성서지방산업단지,hq_elsewhere,본사 타지역: 주식회사 대영정밀(충청남도 아산시); 주식회사 대영정밀(경기도 안산시),주식회사 대영정밀[01010387] 충청남도 아산시 | 주식회사 대영정밀[01433223] 경기도 안산시
c5598,대영테크,달서구,성서지방산업단지,hq_elsewhere,본사 타지역: (주)대영테크(서울특별시 구로구); 주식회사 대영테크(인천광역시 미추홀구),(주)대영테크[00453169] 서울특별시 구로구 | 주식회사 대영테크[01825789] 인천광역시 미추홀구
c8259,대왕철강,달서구,성서지방산업단지,hq_elsewhere,본사 타지역: 대왕철강(주)(경기도 화성시),대왕철강(주)[00226538] 경기도 화성시
c8260,대우정밀,달서구,성서지방산업단지,hq_elsewhere,본사 타지역: (주)대우정밀(경기도 시흥시),(주)대우정밀[00417130] 경기도 시흥시
c6077,대원테크,달서구,성서지방산업단지,hq_elsewhere,본사 타지역: (주)대원테크(경기도 수원시),(주)대원테크[01864539] 경기도 수원시
c8263,대일테크,달서구,성서지방산업단지,hq_elsewhere,본사 타지역: (주)대일테크(경상남도 함안군); (주)대일테크(서울특별시 강남구),(주)대일테크[01031247] 경상남도 함안군 | (주)대일테크[01966165] 서울특별시 강남구
c7215,대정,달서구,성서지방산업단지,hq_elsewhere,본사 타지역: 주식회사대정(광주광역시 광산구); (주)대정(충청남도 천안시); 주식회사 대정(서울특별시 구로구),주식회사대정[01558434] 광주광역시 광산구 | (주)대정[00985631] 충청남도 천안시 | 주식회사 대정[00629896] 서울특별시 구로구 | (주)대정[00810081] 부산광역시 사상구 | 주식회사 대정[01377529] 경상북도 김천시
c7647,대진정기,달서구,성서지방산업단지,hq_elsewhere,본사 타지역: 대진정기(주)(부산광역시 사상구),대진정기(주)[02049508] 부산광역시 사상구
c6770,대진정밀,달서구,성서지방산업단지,hq_elsewhere,본사 타지역: (주)대진정밀(부산광역시 사상구),(주)대진정밀[01101768] 부산광역시 사상구
c7648,대풍산업,달서구,성서지방산업단지,hq_elsewhere,본사 타지역: 주식회사 대풍산업(경상남도 창원시); 주식회사 대풍산업(광주광역시 북구),주식회사 대풍산업[00216133] 경상남도 창원시 | 주식회사 대풍산업[01652004] 광주광역시 북구
c7218,대한금속,달서구,성서지방산업단지,hq_elsewhere,본사 타지역: 대한금속 주식회사(경상북도 경산시); 대한금속(주)(경기도 화성시); (주)대한금속(경상남도 김해시),대한금속 주식회사[00365828] 경상북도 경산시 | 대한금속(주)[01485882] 경기도 화성시 | (주)대한금속[00673763] 경상남도 김해시 | (주)대한금속[00530130] 부산광역시 강서구
c6082,대한산업,달서구,성서지방산업단지,hq_elsewhere,본사 타지역: 대한산업주식회사(충청남도 당진시); 대한산업주식회사(경상남도 김해시),대한산업주식회사[00665296] 충청남도 당진시 | 대한산업주식회사[00113571] 경상남도 김해시
c8267,대한약품(주),달서구,성서지방산업단지,hq_elsewhere,본사 타지역: 대한약품공업(주)(서울특별시 영등포구),대한약품공업(주)[00113128] 서울특별시 영등포구
c8268,대한테크,달서구,성서지방산업단지,hq_elsewhere,본사 타지역: 대한테크 유한회사(경기도 안산시); 대한테크(경기도 안산시); 대한테크(주)(경상남도 진주시),대한테크 유한회사[01213823] 경기도 안산시 | 대한테크[01296622] 경기도 안산시 | 대한테크(주)[01816930] 경상남도 진주시
c5601,대흥정공,달서구,성서지방산업단지,hq_elsewhere,본사 타지역: (주)대흥정공(경기도 부천시); 주식회사 대흥정공(충청남도 서산시),(주)대흥정공[00224707] 경기도 부천시 | 주식회사 대흥정공[00303387] 충청남도 서산시
c6090,대흥정밀,달서구,성서지방산업단지,hq_elsewhere,본사 타지역: 주식회사 대흥정밀(경기도 화성시),주식회사 대흥정밀[00919276] 경기도 화성시
c8270,덕산산업,달서구,성서지방산업단지,hq_elsewhere,본사 타지역: 덕산산업(주)(울산광역시 북구),덕산산업(주)[00451356] 울산광역시 북구
c7031,덕영,달서구,성서지방산업단지,hq_elsewhere,본사 타지역: (주)덕영(경상남도 진주시),(주)덕영[01406469] 경상남도 진주시
c8721,덕일산업,달서구,성서지방산업단지,hq_elsewhere,본사 타지역: 덕일산업(주)(경기도 평택시); (주)덕일산업(울산광역시 남구),덕일산업(주)[00559551] 경기도 평택시 | (주)덕일산업[01698033] 울산광역시 남구
c8272,도남정공,달서구,성서지방산업단지,hq_elsewhere,본사 타지역: 주식회사 도남정공(경기도 화성시),주식회사 도남정공[00876698] 경기도 화성시
c6093,도우산업,달서구,성서지방산업단지,hq_elsewhere,본사 타지역: 도우산업(주)(부산광역시 강서구),도우산업(주)[01830772] 부산광역시 강서구
c8722,동광산업,달서구,성서지방산업단지,hq_elsewhere,본사 타지역: (주)동광산업(경기도 부천시); 동광산업 주식회사(경상남도 양산시); 주식회사 동광산업(경기도 평택시),(주)동광산업[00484196] 경기도 부천시 | 동광산업 주식회사[01386101] 경상남도 양산시 | 주식회사 동광산업[01791987] 경기도 평택시
c8277,동광정밀(주),달서구,성서지방산업단지,hq_elsewhere,본사 타지역: 동광정밀(주)(경기도 용인시),동광정밀(주)[00216638] 경기도 용인시
c7226,동남산업,달서구,성서지방산업단지,hq_elsewhere,본사 타지역: 동남산업 주식회사(서울특별시 마포구); 동남산업 주식회사(대전광역시 동구),동남산업 주식회사[01292972] 서울특별시 마포구 | 동남산업 주식회사[00114923] 대전광역시 동구
c8280,동남테크,달서구,성서지방산업단지,hq_elsewhere,본사 타지역: 주식회사 동남테크(경기도 성남시),주식회사 동남테크[01145267] 경기도 성남시
c6100,동명전자,달서구,성서지방산업단지,hq_elsewhere,본사 타지역: 주식회사 동명전자(인천광역시 남구),주식회사 동명전자[00913148] 인천광역시 남구
c8281,동성물산(주),달서구,성서지방산업단지,hq_elsewhere,본사 타지역: 동성물산주식회사(경기도 이천시),동성물산주식회사[00485548] 경기도 이천시
c7654,동아산업,달서구,성서지방산업단지,hq_elsewhere,본사 타지역: 동아산업(주)(경상남도 거제시); (주)동아산업(충청남도 천안시); 동아산업(주)(경기도 화성시),동아산업(주)[00562005] 경상남도 거제시 | (주)동아산업[01025495] 충청남도 천안시 | 동아산업(주)[01465471] 경기도 화성시
c5423,동아정밀,달서구,성서지방산업단지,hq_elsewhere,본사 타지역: 동아정밀 주식회사(경기도 평택시),동아정밀 주식회사[01005251] 경기도 평택시
c6106,동양산업,달서구,성서지방산업단지,hq_elsewhere,본사 타지역: (주)동양산업(경상남도 밀양시); 동양산업주식회사(경기도 남양주시); (주)동양산업(경기도 안산시),(주)동양산업[00539371] 경상남도 밀양시 | 동양산업주식회사[00357494] 경기도 남양주시 | (주)동양산업[00973539] 경기도 안산시 | (주)동양산업[00623740] 충청남도 아산시 | 동양산업 주식회사[01694019] 경기도 부천시 | (주)동양산업[00209595] 부산광역시 중구 | 동양산업(주)[00507992] 경상북도 구미시 | 동양산업주식회사[00169002] 인천광역시 중구
c6108,동우금속,달서구,성서지방산업단지,hq_elsewhere,본사 타지역: 주식회사 동우금속(경기도 김포시); (주)동우금속(경기도 남양주시),주식회사 동우금속[00982874] 경기도 김포시 | (주)동우금속[01641929] 경기도 남양주시
c6109,동원산업,달서구,성서지방산업단지,hq_elsewhere,본사 타지역: 동원산업주식회사(부산광역시 사상구); 동원산업(주)(서울특별시 종로구); 주식회사 동원산업(전라남도 순천시),동원산업주식회사[00406709] 부산광역시 사상구 | 동원산업(주)[00680471] 서울특별시 종로구 | 주식회사 동원산업[01088759] 전라남도 순천시 | 동원산업(주)[01207105] 경기도 안산시 | (주)동원산업[01731505] 경상북도 경주시 | 동원산업(주)[00118026] 서울특별시 서초구
c6782,동원정밀,달서구,성서지방산업단지,hq_elsewhere,본사 타지역: 동원정밀 주식회사(경상남도 창원시),동원정밀 주식회사[01739899] 경상남도 창원시
c6783,동일기업,달서구,성서지방산업단지,hq_elsewhere,본사 타지역: 주식회사 동일기업(광주광역시 광산구); 동일기업주식회사(경상북도 포항시),주식회사 동일기업[00936839] 광주광역시 광산구 | 동일기업주식회사[00118293] 경상북도 포항시
c6785,동일테크,달서구,성서지방산업단지,hq_elsewhere,본사 타지역: 동일테크(주)(경기도 수원시); (주)동일테크(충청북도 진천군),동일테크(주)[00874326] 경기도 수원시 | (주)동일테크[00533076] 충청북도 진천군
c5604,동진공업,달서구,성서지방산업단지,hq_elsewhere,본사 타지역: 동진공업주식회사(부산광역시 사상구),동진공업주식회사[01314830] 부산광역시 사상구
c5424,동진섬유(주),달서구,성서지방산업단지,hq_elsewhere,본사 타지역: 동진섬유 주식회사(부산광역시 기장군),동진섬유 주식회사[00179063] 부산광역시 기장군
c7238,동진정공,달서구,성서지방산업단지,hq_elsewhere,본사 타지역: (주)동진정공(경기도 평택시); 동진정공 주식회사(경상남도 김해시),(주)동진정공[00436861] 경기도 평택시 | 동진정공 주식회사[00916792] 경상남도 김해시
c7242,두성테크,달서구,성서지방산업단지,hq_elsewhere,본사 타지역: (주)두성테크(인천광역시 남동구); (주)두성테크(경기도 수원시),(주)두성테크[00495749] 인천광역시 남동구 | (주)두성테크[00495581] 경기도 수원시
c6793,두원산업,달서구,성서지방산업단지,hq_elsewhere,본사 타지역: 두원산업 (주)(전라남도 순천시),두원산업 (주)[01240146] 전라남도 순천시
c6794,두원테크,달서구,성서지방산업단지,hq_elsewhere,본사 타지역: (주)두원테크(인천광역시 남동구),(주)두원테크[00366535] 인천광역시 남동구
c6115,드림텍,달서구,성서지방산업단지,hq_elsewhere,본사 타지역: (주)드림텍(충청남도 아산시); (주)드림텍(경기도 성남시),(주)드림텍[00277499] 충청남도 아산시 | (주)드림텍[00415646] 경기도 성남시
c6116,디바이스,달서구,성서지방산업단지,hq_elsewhere,본사 타지역: (주)디바이스(충청남도 천안시),(주)디바이스[00624509] 충청남도 천안시
c8290,디앤비,달서구,성서지방산업단지,hq_elsewhere,본사 타지역: 디앤비 주식회사(경기도 안산시); (주)디앤비(부산광역시 강서구),디앤비 주식회사[01416031] 경기도 안산시 | (주)디앤비[01334348] 부산광역시 강서구
c7662,디앤씨,달서구,성서지방산업단지,hq_elsewhere,본사 타지역: 주식회사 디앤씨(경기도 이천시),주식회사 디앤씨[01556241] 경기도 이천시
c8291,디앤테크(DN tech),달서구,성서지방산업단지,hq_elsewhere,본사 타지역: (주)디앤테크(경상남도 창원시),(주)디앤테크[01017760] 경상남도 창원시
c5606,디에스테크,달서구,성서지방산업단지,hq_elsewhere,본사 타지역: (주)디에스테크(경기도 성남시); (주)디에스테크(경기도 안산시),(주)디에스테크[00453558] 경기도 성남시 | (주)디에스테크[01682546] 경기도 안산시
c6797,디에스티,달서구,성서지방산업단지,hq_elsewhere,본사 타지역: 디에스티 주식회사(경기도 성남시); 디에스티(경기도 시흥시); (주)디에스티(경상남도 함안군),디에스티 주식회사[00611657] 경기도 성남시 | 디에스티[00367826] 경기도 시흥시 | (주)디에스티[00811406] 경상남도 함안군 | 디에스티(주)[00661175] 경상남도 마산시 | (주)디에스티[01328240] 경기도 군포시 | 주식회사 디에스티[01415661] 제주특별자치도 제주시 | 주식회사 디에스티[00658816] 경상북도 칠곡군 | 디에스티(주)[00244419] 경상남도 창원시
c8295,디엠티,달서구,성서지방산업단지,hq_elsewhere,본사 타지역: (주)디엠티(인천광역시 남동구); (주)디엠티(대전광역시 유성구); (주)디엠티(인천광역시 남동구),(주)디엠티[00804859] 인천광역시 남동구 | (주)디엠티[00623999] 대전광역시 유성구 | (주)디엠티[01136940] 인천광역시 남동구 | 주식회사 디엠티[01648241] 경기도 안산시 | (주)디엠티[01144648] 충청남도 아산시 | (주)디엠티[01769696] 전라남도 여수시
c8726,디케이,달서구,성서지방산업단지,hq_elsewhere,본사 타지역: (주)디케이(경상북도 경주시); 주식회사 디케이(경상남도 창원시); (주)디케이(경기도 양주시),(주)디케이[00556961] 경상북도 경주시 | 주식회사 디케이[00406143] 경상남도 창원시 | (주)디케이[01077230] 경기도 양주시 | 디케이 주식회사[00479121] 광주광역시 광산구 | 디케이주식회사[01229897] 경상남도 거제시 | 주식회사 디케이[01144277] 경상남도 합천군
c7665,렉스(RECS),달서구,성서지방산업단지,hq_elsewhere,본사 타지역: 주식회사렉스(충청남도 천안시); 주식회사 렉스(경기도 군포시),주식회사렉스[00523963] 충청남도 천안시 | 주식회사 렉스[01027882] 경기도 군포시
c7245,로아,달서구,성서지방산업단지,hq_elsewhere,본사 타지역: 주식회사로아(부산광역시 수영구),주식회사로아[01085275] 부산광역시 수영구
c7035,로이테크,달서구,성서지방산업단지,hq_elsewhere,본사 타지역: (주)로이테크(서울특별시 강남구),(주)로이테크[00300849] 서울특별시 강남구
c6801,매직쉐프,달서구,성서지방산업단지,hq_elsewhere,본사 타지역: (주)매직쉐프(경기도 용인시),(주)매직쉐프[00779465] 경기도 용인시
c6129,메가텍,달서구,성서지방산업단지,hq_elsewhere,본사 타지역: (주)메가텍(대전광역시 유성구),(주)메가텍[00373641] 대전광역시 유성구
c7897,명진정공,달서구,성서지방산업단지,hq_elsewhere,본사 타지역: 명진정공(주)(경기도 수원시),명진정공(주)[01204180] 경기도 수원시
c7040,모아테크,달서구,성서지방산업단지,hq_elsewhere,본사 타지역: (주)모아테크(경상북도 구미시); 모아테크(주)(경기도 안산시),(주)모아테크[01028492] 경상북도 구미시 | 모아테크(주)[01328587] 경기도 안산시
c7248,무창상사,달서구,성서지방산업단지,hq_elsewhere,본사 타지역: (주)무창상사(서울특별시 성동구),(주)무창상사[01160503] 서울특별시 성동구
c8308,미디어프린팅넷(주),달서구,성서지방산업단지,hq_elsewhere,본사 타지역: 미디어프린팅넷(주)(경상남도 김해시),미디어프린팅넷(주)[01560785] 경상남도 김해시
c7250,미래기연(주),달서구,성서지방산업단지,hq_elsewhere,본사 타지역: 미래기연(주)(서울특별시 강서구),미래기연(주)[00271732] 서울특별시 강서구
c6145,미래하이텍,달서구,성서지방산업단지,hq_elsewhere,본사 타지역: (주) 미래하이텍(인천광역시 남동구),(주) 미래하이텍[00868626] 인천광역시 남동구
c5433,미주테크,달서구,성서지방산업단지,hq_elsewhere,본사 타지역: (주)미주테크(광주광역시 광산구); 미주테크(주)(충청남도 당진시),(주)미주테크[00323673] 광주광역시 광산구 | 미주테크(주)[01452787] 충청남도 당진시
c6809,베스텍(주),달서구,성서지방산업단지,hq_elsewhere,본사 타지역: 주식회사 베스텍(경상남도 밀양시); (주)베스텍(경기도 포천시); (주)베스텍(경기도 화성시),주식회사 베스텍[01451441] 경상남도 밀양시 | (주)베스텍[00529949] 경기도 포천시 | (주)베스텍[01225387] 경기도 화성시 | 베스텍주식회사[00895833] 경기도 시흥시 | (주)베스텍[01929809] 광주광역시 북구
c8310,벤텍스,달서구,성서지방산업단지,hq_elsewhere,본사 타지역: 벤텍스(주)(서울특별시 송파구),벤텍스(주)[00805715] 서울특별시 송파구
c6810,보고테크,달서구,성서지방산업단지,hq_elsewhere,본사 타지역: (주)보고테크(경기도 성남시),(주)보고테크[00313630] 경기도 성남시
c5612,보광테크,달서구,성서지방산업단지,hq_elsewhere,본사 타지역: 보광테크(주)(경상북도 경주시),보광테크(주)[01738492] 경상북도 경주시
c8311,보림,달서구,성서지방산업단지,hq_elsewhere,본사 타지역: 주식회사 보림(부산광역시 사하구); (주)보림(충청남도 천안시); (주)보림(강원도 원주시),주식회사 보림[00673842] 부산광역시 사하구 | (주)보림[00314019] 충청남도 천안시 | (주)보림[01158331] 강원도 원주시 | 주식회사 보림[01910139] 경상남도 거제시
c8732,보성산업,달서구,성서지방산업단지,hq_elsewhere,본사 타지역: 보성산업주식회사(충청북도 괴산군),보성산업주식회사[00205784] 충청북도 괴산군
c6154,복정제형(주),달서구,성서지방산업단지,hq_elsewhere,본사 타지역: 복정제형(주)(서울특별시 마포구),복정제형(주)[01223972] 서울특별시 마포구
c6155,부광기업,달서구,성서지방산업단지,hq_elsewhere,본사 타지역: 부광기업(주)(전라남도 여수시),부광기업(주)[01547553] 전라남도 여수시
c6816,블루오션,달서구,성서지방산업단지,hq_elsewhere,본사 타지역: (주)블루오션(충청북도 청주시); 주식회사 블루오션(경상남도 거제시),(주)블루오션[01072332] 충청북도 청주시 | 주식회사 블루오션[01815560] 경상남도 거제시
c8319,비앤테크,달서구,성서지방산업단지,hq_elsewhere,본사 타지역: (주)비앤테크(전라북도 익산시); 주식회사 비앤테크(경상남도 김해시),(주)비앤테크[00504940] 전라북도 익산시 | 주식회사 비앤테크[02001544] 경상남도 김해시
c6161,비젼테크,달서구,성서지방산업단지,hq_elsewhere,본사 타지역: 주식회사 비젼테크(부산광역시 금정구); 비젼테크(충청북도 진천군),주식회사 비젼테크[01084814] 부산광역시 금정구 | 비젼테크[01683341] 충청북도 진천군
c6165,삼부산업,달서구,성서지방산업단지,hq_elsewhere,본사 타지역: 삼부산업(주)(경기도 용인시),삼부산업(주)[00180476] 경기도 용인시
c7685,삼선,달서구,성서지방산업단지,hq_elsewhere,본사 타지역: (주)삼선(경기도 김포시),(주)삼선[01218606] 경기도 김포시
c7686,삼성금속,달서구,성서지방산업단지,hq_elsewhere,본사 타지역: 삼성금속 주식회사(경상남도 김해시); 삼성금속(주)(경기도 안산시); (주)삼성금속(경상북도 칠곡군),삼성금속 주식회사[01082384] 경상남도 김해시 | 삼성금속(주)[01297825] 경기도 안산시 | (주)삼성금속[00854809] 경상북도 칠곡군
c6167,삼성기전,달서구,성서지방산업단지,hq_elsewhere,본사 타지역: 삼성기전주식회사(경기도 화성시),삼성기전주식회사[01024478] 경기도 화성시
c8325,삼성정밀,달서구,성서지방산업단지,hq_elsewhere,본사 타지역: (주)삼성정밀(부산광역시 강서구),(주)삼성정밀[00678777] 부산광역시 강서구
c6172,삼아공업,달서구,성서지방산업단지,hq_elsewhere,본사 타지역: 삼아공업주식회사(경기도 부천시),삼아공업주식회사[00511375] 경기도 부천시
c8327,삼안전자,달서구,성서지방산업단지,hq_elsewhere,본사 타지역: (주)삼안전자(서울특별시 용산구),(주)삼안전자[00531582] 서울특별시 용산구
c7687,삼양스틸,달서구,성서지방산업단지,hq_elsewhere,본사 타지역: 주식회사삼양스틸(경상남도 밀양시),주식회사삼양스틸[00763589] 경상남도 밀양시
c6175,삼우알미늄,달서구,성서지방산업단지,hq_elsewhere,본사 타지역: 삼우알미늄(주)(경기도 화성시),삼우알미늄(주)[01634248] 경기도 화성시
c6176,삼우테크,달서구,성서지방산업단지,hq_elsewhere,본사 타지역: (주)삼우테크(경상남도 김해시); (주)삼우테크(인천광역시 남동구),(주)삼우테크[00963666] 경상남도 김해시 | (주)삼우테크[00764676] 인천광역시 남동구
c6828,삼우티시에스(주),달서구,성서지방산업단지,hq_elsewhere,본사 타지역: 삼우티시에스(경상북도 칠곡군),삼우티시에스[00817385] 경상북도 칠곡군
c5614,삼일테크,달서구,성서지방산업단지,hq_elsewhere,본사 타지역: 삼일테크주식회사(경기도 부천시),삼일테크주식회사[00664950] 경기도 부천시
c5443,삼진산업,달서구,성서지방산업단지,hq_elsewhere,본사 타지역: 삼진산업(주)(충청남도 천안시); 삼진산업주식회사(충청남도 부여군); 삼진산업 주식회사(전라북도 김제시),삼진산업(주)[00760148] 충청남도 천안시 | 삼진산업주식회사[00128397] 충청남도 부여군 | 삼진산업 주식회사[00244950] 전라북도 김제시
c6180,삼진정밀,달서구,성서지방산업단지,hq_elsewhere,본사 타지역: 유한회사 삼진정밀(부산광역시 강서구),유한회사 삼진정밀[01433153] 부산광역시 강서구
c6185,삼화실업,달서구,성서지방산업단지,hq_elsewhere,본사 타지역: 삼화실업(주)(인천광역시 북구); 삼화실업주식회사(부산광역시 중구),삼화실업(주)[00181165] 인천광역시 북구 | 삼화실업주식회사[00365837] 부산광역시 중구
c7692,새한전자,달서구,성서지방산업단지,hq_elsewhere,본사 타지역: (주)새한전자(경상남도 창녕군),(주)새한전자[01018884] 경상남도 창녕군
c5445,서동산업,달서구,성서지방산업단지,hq_elsewhere,본사 타지역: 서동산업(주)(경상남도 밀양시),서동산업(주)[00493079] 경상남도 밀양시
c7697,서진정공,달서구,성서지방산업단지,hq_elsewhere,본사 타지역: (주) 서진정공(경상남도 창원시); (주)서진정공(경상남도 창원시),(주) 서진정공[00963949] 경상남도 창원시 | (주)서진정공[01151745] 경상남도 창원시
c6834,선진산업,달서구,성서지방산업단지,hq_elsewhere,본사 타지역: 주식회사 선진산업(경기도 광주시),주식회사 선진산업[01735723] 경기도 광주시
c8346,성광,달서구,성서지방산업단지,hq_elsewhere,본사 타지역: (주)성광(경기도 광주시); (주)성광(경상남도 고성군); (주)성광(경기도 동두천시),(주)성광[00834489] 경기도 광주시 | (주)성광[00674823] 경상남도 고성군 | (주)성광[00435701] 경기도 동두천시 | (주)성광[01020694] 부산광역시 서구 | 주식회사 성광[00132293] 서울특별시 중구 | 주식회사 성광[00815059] 경상남도 진주시
c8348,성보,달서구,성서지방산업단지,hq_elsewhere,본사 타지역: (주)성보(경상남도 김해시); 주식회사 성보(부산광역시 부산진구); 주식회사 성보(충청북도 진천군),(주)성보[00494014] 경상남도 김해시 | 주식회사 성보[00546742] 부산광역시 부산진구 | 주식회사 성보[01148316] 충청북도 진천군 | 주식회사 성보[00132682] 인천광역시 서구
c7274,성산,달서구,성서지방산업단지,hq_elsewhere,본사 타지역: 주식회사 성산(경기도 오산시); 주식회사 성산(경상남도 창원시),주식회사 성산[01080739] 경기도 오산시 | 주식회사 성산[01319358] 경상남도 창원시
c7704,성우테크,달서구,성서지방산업단지,hq_elsewhere,본사 타지역: (주)성우테크(충청북도 진천군),(주)성우테크[00867645] 충청북도 진천군
c6209,성원테크,달서구,성서지방산업단지,hq_elsewhere,본사 타지역: 주식회사 성원테크(경기도 파주시),주식회사 성원테크[01937525] 경기도 파주시
c7707,성주산업,달서구,성서지방산업단지,hq_elsewhere,본사 타지역: 주식회사성주산업(경상남도 거제시),주식회사성주산업[01502383] 경상남도 거제시
c8355,성지산업,달서구,성서지방산업단지,hq_elsewhere,본사 타지역: 주식회사 성지산업(경기도 시흥시),주식회사 성지산업[01692932] 경기도 시흥시
c8357,성진정밀,달서구,성서지방산업단지,hq_elsewhere,본사 타지역: (주)성진정밀(인천광역시 서구); 주식회사 성진정밀(경상북도 구미시); (주) 성진정밀(경상남도 창원시),(주)성진정밀[01160114] 인천광역시 서구 | 주식회사 성진정밀[00657862] 경상북도 구미시 | (주) 성진정밀[01696044] 경상남도 창원시
c6216,성창실업,달서구,성서지방산업단지,hq_elsewhere,본사 타지역: (주)성창실업(경기도 용인시),(주)성창실업[01088616] 경기도 용인시
c6217,성창테크,달서구,성서지방산업단지,hq_elsewhere,본사 타지역: 주식회사 성창테크(경기도 화성시),주식회사 성창테크[00584821] 경기도 화성시
c6220,성희산업,달서구,성서지방산업단지,hq_elsewhere,본사 타지역: 주식회사 성희산업(경기도 안산시),주식회사 성희산업[01136214] 경기도 안산시
c7280,세광섬유,달서구,성서지방산업단지,hq_elsewhere,본사 타지역: 주식회사세광섬유(충청남도 보령시); 주식회사 세광섬유(부산광역시 기장군),주식회사세광섬유[00169905] 충청남도 보령시 | 주식회사 세광섬유[00223328] 부산광역시 기장군
c6840,세광정밀,달서구,성서지방산업단지,hq_elsewhere,본사 타지역: (주)세광정밀(울산광역시 울주군),(주)세광정밀[00640923] 울산광역시 울주군
c8362,세기산업,달서구,성서지방산업단지,hq_elsewhere,본사 타지역: (주)세기산업(경상북도 김천시); 세기산업주식회사(제주특별자치도 제주시),(주)세기산업[01028508] 경상북도 김천시 | 세기산업주식회사[01370766] 제주특별자치도 제주시
c6842,세림전자,달서구,성서지방산업단지,hq_elsewhere,본사 타지역: (주)세림전자(광주광역시 북구),(주)세림전자[01140280] 광주광역시 북구
c7055,세마,달서구,성서지방산업단지,hq_elsewhere,본사 타지역: 주식회사 세마(경기도 오산시),주식회사 세마[00580807] 경기도 오산시
c5618,세명테크,달서구,성서지방산업단지,hq_elsewhere,본사 타지역: (주)세명테크(경기도 광명시); (주)세명테크(충청남도 아산시),(주)세명테크[00368560] 경기도 광명시 | (주)세명테크[00831978] 충청남도 아산시
c6223,세명하이테크,달서구,성서지방산업단지,hq_elsewhere,본사 타지역: 세명하이테크(주)(경기도 시흥시),세명하이테크(주)[01734894] 경기도 시흥시
c8364,세범산업,달서구,성서지방산업단지,hq_elsewhere,본사 타지역: 세범산업 주식회사(충청남도 서산시),세범산업 주식회사[01083383] 충청남도 서산시
c7714,세보산업,달서구,성서지방산업단지,hq_elsewhere,본사 타지역: 세보산업(경상북도 경주시),세보산업[01632143] 경상북도 경주시
c7281,세신산업,달서구,성서지방산업단지,hq_elsewhere,본사 타지역: 세신산업주식회사(경상남도 김해시); (주)세신산업(경기도 김포시),세신산업주식회사[01584527] 경상남도 김해시 | (주)세신산업[01557587] 경기도 김포시
c7715,세영,달서구,성서지방산업단지,hq_elsewhere,본사 타지역: (주)세영(경상남도 함양군); 주식회사 세영(경상남도 창원시); 주식회사 세영(충청남도 서산시),(주)세영[00619613] 경상남도 함양군 | 주식회사 세영[00455158] 경상남도 창원시 | 주식회사 세영[01686931] 충청남도 서산시 | (주)세영[01508420] 전라남도 순천시 | (주)세영[01149403] 경상북도 성주군 | 주식회사 세영[01962479] 인천광역시 서구
c6844,세영테크,달서구,성서지방산업단지,hq_elsewhere,본사 타지역: 주식회사 세영테크(충청남도 아산시),주식회사 세영테크[00521318] 충청남도 아산시
c6230,세원산업,달서구,성서지방산업단지,hq_elsewhere,본사 타지역: 세원산업(주)(인천광역시 남동구); (주)세원산업(충청북도 청주시),세원산업(주)[00229720] 인천광역시 남동구 | (주)세원산업[01728732] 충청북도 청주시
c6847,세인,달서구,성서지방산업단지,hq_elsewhere,본사 타지역: 주식회사 세인(경기도 수원시); (주)세인(경상북도 영천시); (주)세인(경기도 안양시),주식회사 세인[00895055] 경기도 수원시 | (주)세인[01013898] 경상북도 영천시 | (주)세인[00933328] 경기도 안양시 | 주식회사 세인[01923063] 경기도 동두천시
c5450,세진하이테크,달서구,성서지방산업단지,hq_elsewhere,본사 타지역: 세진하이테크(울산광역시 울주군); 세진하이테크주식회사(경상남도 고성군); 세진하이테크(주)(경상남도 함안군),세진하이테크[00484327] 울산광역시 울주군 | 세진하이테크주식회사[01039531] 경상남도 고성군 | 세진하이테크(주)[00921059] 경상남도 함안군
c8370,셀텍,달서구,성서지방산업단지,hq_elsewhere,본사 타지역: (주)셀텍(경기도 성남시); 주식회사 셀텍(경상남도 마산시); 주식회사 셀텍(인천광역시 서구),(주)셀텍[00162577] 경기도 성남시 | 주식회사 셀텍[00244604] 경상남도 마산시 | 주식회사 셀텍[01287624] 인천광역시 서구 | (주)셀텍[01763975] 충청북도 청주시
c5622,수성테크,달서구,성서지방산업단지,hq_elsewhere,본사 타지역: 수성테크(주)(경상남도 창원시),수성테크(주)[01022568] 경상남도 창원시
c8372,스마트솔루션,달서구,성서지방산업단지,hq_elsewhere,본사 타지역: 주식회사 스마트솔루션(서울특별시 강서구),주식회사 스마트솔루션[01508749] 서울특별시 강서구
c6244,신광산업,달서구,성서지방산업단지,hq_elsewhere,본사 타지역: 신광산업(주)(경기도 안산시); 신광산업주식회사(충청북도 충주시); 신광산업주식회사(인천광역시 남동구),신광산업(주)[00135698] 경기도 안산시 | 신광산업주식회사[00425412] 충청북도 충주시 | 신광산업주식회사[00349486] 인천광역시 남동구 | 주식회사 신광산업[00977368] 경기도 화성시 | 주식회사 신광산업[01226599] 울산광역시 중구
c7286,신광정공,달서구,성서지방산업단지,hq_elsewhere,본사 타지역: 신광정공(주)(경기도 안산시),신광정공(주)[00390046] 경기도 안산시
c6245,신라정밀,달서구,성서지방산업단지,hq_elsewhere,본사 타지역: (주)신라정밀(충청남도 천안시); 주식회사신라정밀(충청남도 천안시),(주)신라정밀[01506237] 충청남도 천안시 | 주식회사신라정밀[00459686] 충청남도 천안시
c6246,신라정밀(주),달서구,성서지방산업단지,hq_elsewhere,본사 타지역: (주)신라정밀(충청남도 천안시); 주식회사신라정밀(충청남도 천안시),(주)신라정밀[01506237] 충청남도 천안시 | 주식회사신라정밀[00459686] 충청남도 천안시
c7720,신명산업,달서구,성서지방산업단지,hq_elsewhere,본사 타지역: 신명산업(주)(경기도 광주시); 주식회사 신명산업(경기도 시흥시),신명산업(주)[00667814] 경기도 광주시 | 주식회사 신명산업[00535144] 경기도 시흥시
c5623,신성산업(주),달서구,성서지방산업단지,hq_elsewhere,본사 타지역: 신성산업(주)(경기도 시흥시); 신성산업 주식회사(경상북도 영천시); (주)신성산업(충청북도 음성군),신성산업(주)[00988197] 경기도 시흥시 | 신성산업 주식회사[01133758] 경상북도 영천시 | (주)신성산업[00523088] 충청북도 음성군 | 주식회사 신성산업[02049696] 경상남도 사천시
c6857,신성엔지니어링,달서구,성서지방산업단지,hq_elsewhere,본사 타지역: 신성엔지니어링 주식회사(경상북도 포항시); (주)신성엔지니어링(경상북도 청도군); 주식회사  신성엔지니어링(경기도 과천시),신성엔지니어링 주식회사[01299212] 경상북도 포항시 | (주)신성엔지니어링[00407823] 경상북도 청도군 | 주식회사  신성엔지니어링[00300469] 경기도 과천시
c8385,신성중공업(주),달서구,성서지방산업단지,hq_elsewhere,본사 타지역: 신성중공업(주)(부산광역시 강서구),신성중공업(주)[02017776] 부산광역시 강서구
c8740,신안개발,달서구,성서지방산업단지,hq_elsewhere,본사 타지역: 신안개발주식회사(경기도 광주시),신안개발주식회사[00224804] 경기도 광주시
c5625,신우테크,달서구,성서지방산업단지,hq_elsewhere,본사 타지역: 주식회사 신우테크(충청남도 당진시); (주)신우테크(세종특별자치시 전의면); 주식회사 신우테크(경기도 화성시),주식회사 신우테크[01778463] 충청남도 당진시 | (주)신우테크[01213762] 세종특별자치시 전의면 | 주식회사 신우테크[01918821] 경기도 화성시
c6255,신일정밀,달서구,성서지방산업단지,hq_elsewhere,본사 타지역: 유한회사 신일정밀(강원도 강릉시),유한회사 신일정밀[00137049] 강원도 강릉시
c6257,신진에스엠(주),달서구,성서지방산업단지,hq_elsewhere,본사 타지역: 주식회사 신진에스엠(경상남도 김해시); (주)신진에스엠(전라북도 장수군),주식회사 신진에스엠[01768679] 경상남도 김해시 | (주)신진에스엠[00577380] 전라북도 장수군
c8394,신한금속,달서구,성서지방산업단지,hq_elsewhere,본사 타지역: 신한금속(주)(경상남도 창원시); 신한금속(주)(인천광역시 남동구); 신한금속(주)(충청남도 예산군),신한금속(주)[01459814] 경상남도 창원시 | 신한금속(주)[00571359] 인천광역시 남동구 | 신한금속(주)[00624970] 충청남도 예산군
c6263,신화산업,달서구,성서지방산업단지,hq_elsewhere,본사 타지역: 신화산업주식회사(경기도 화성군); 신화산업주식회사(전라남도 여수시); 주식회사 신화산업(서울특별시 영등포구),신화산업주식회사[00248248] 경기도 화성군 | 신화산업주식회사[00137793] 전라남도 여수시 | 주식회사 신화산업[01457825] 서울특별시 영등포구 | 신화산업주식회사[01215627] 경기도 광주시 | (주)신화산업[01742459] 인천광역시 서구
c6860,신화정공,달서구,성서지방산업단지,hq_elsewhere,본사 타지역: (주)신화정공(경상남도 창원시),(주)신화정공[00764056] 경상남도 창원시
c7290,신화테크,달서구,성서지방산업단지,hq_elsewhere,본사 타지역: 주식회사 신화테크(경상북도 포항시); (주)신화테크(울산광역시 북구),주식회사 신화테크[00678582] 경상북도 포항시 | (주)신화테크[01087361] 울산광역시 북구
c6266,신흥정공,달서구,성서지방산업단지,hq_elsewhere,본사 타지역: 신흥정공(주)(인천광역시 남동구),신흥정공(주)[00672384] 인천광역시 남동구
c6862,씨앤디(C&D),달서구,성서지방산업단지,hq_elsewhere,본사 타지역: (주)씨앤디(경기도 고양시),(주)씨앤디[01664188] 경기도 고양시
c8397,씨앤테크(주),달서구,성서지방산업단지,hq_elsewhere,본사 타지역: 씨앤테크(주)(충청남도 천안시),씨앤테크(주)[01824300] 충청남도 천안시
c8400,씨티씨(CTC),달서구,성서지방산업단지,hq_elsewhere,본사 타지역: 주식회사 씨티씨(경상남도 마산시); (주)씨티씨(경기도 안산시); 주식회사 씨티씨(경기도 포천시),주식회사 씨티씨[00622617] 경상남도 마산시 | (주)씨티씨[00507813] 경기도 안산시 | 주식회사 씨티씨[00664765] 경기도 포천시 | (주)씨티씨[01428452] 경기도 포천시
c8402,아사아블로이코리아 주식회사,달서구,성서지방산업단지,hq_elsewhere,본사 타지역: 아사아블로이코리아(서울특별시 금천구),아사아블로이코리아[00590071] 서울특별시 금천구
c7733,아사아블로이코리아(주),달서구,성서지방산업단지,hq_elsewhere,본사 타지역: 아사아블로이코리아(서울특별시 금천구),아사아블로이코리아[00590071] 서울특별시 금천구
c6868,아성산업개발(주),달서구,성서지방산업단지,hq_elsewhere,본사 타지역: 주식회사 아성산업개발(경기도 파주시),주식회사 아성산업개발[01737642] 경기도 파주시
c6272,아이에스티,달서구,성서지방산업단지,hq_elsewhere,본사 타지역: 주식회사 아이에스티(경기도 용인시); (주)아이에스티(경기도 광주시),주식회사 아이에스티[00592875] 경기도 용인시 | (주)아이에스티[01544088] 경기도 광주시
c6871,아이엠티,달서구,성서지방산업단지,hq_elsewhere,본사 타지역: (주)아이엠티(세종특별자치시 연동면); (주)아이엠티(경기도 수원시),(주)아이엠티[01209343] 세종특별자치시 연동면 | (주)아이엠티[01546101] 경기도 수원시
c7734,아이텍,달서구,성서지방산업단지,hq_elsewhere,본사 타지역: (주)아이텍(경기도 성남시); 유한회사아이텍(서울특별시 마포구); 아이텍주식회사(경기도 화성시),(주)아이텍[00811211] 경기도 성남시 | 유한회사아이텍[00368977] 서울특별시 마포구 | 아이텍주식회사[00626011] 경기도 화성시
c8744,아주산업,달서구,성서지방산업단지,hq_elsewhere,본사 타지역: 주식회사 아주산업(경상북도 경주시); 아주산업 주식회사(서울특별시 서초구),주식회사 아주산업[00835691] 경상북도 경주시 | 아주산업 주식회사[01713068] 서울특별시 서초구
c6275,아진테크,달서구,성서지방산업단지,hq_elsewhere,본사 타지역: 아진테크 주식회사(부산광역시 강서구),아진테크 주식회사[02020257] 부산광역시 강서구
c6877,에스더블유엠,달서구,성서지방산업단지,hq_elsewhere,본사 타지역: 에스더블유엠(주)(서울특별시 강남구); 주식회사 에스더블유엠(경기도 안양시),에스더블유엠(주)[01473416] 서울특별시 강남구 | 주식회사 에스더블유엠[01183346] 경기도 안양시
c6288,에스엠테크놀로지,달서구,성서지방산업단지,hq_elsewhere,본사 타지역: (주)에스엠테크놀로지(서울특별시 영등포구),(주)에스엠테크놀로지[00459695] 서울특별시 영등포구
c8407,에스제이엘,달서구,성서지방산업단지,hq_elsewhere,본사 타지역: 에스제이엘 주식회사(경기도 용인시),에스제이엘 주식회사[01363368] 경기도 용인시
c6880,에스제이테크,달서구,성서지방산업단지,hq_elsewhere,본사 타지역: (주)에스제이테크(광주광역시 광산구); (주)에스제이테크(부산광역시 금정구); 주식회사 에스제이테크(충청북도 충주시),(주)에스제이테크[01042696] 광주광역시 광산구 | (주)에스제이테크[00330372] 부산광역시 금정구 | 주식회사 에스제이테크[01715367] 충청북도 충주시 | (주)에스제이테크[00641445] 경기도 부천시 | (주)에스제이테크[02005285] 경상남도 김해시
c7740,에스지엠(주),달서구,성서지방산업단지,hq_elsewhere,본사 타지역: 에스지엠(서울특별시 강남구); 주식회사 에스지엠(경기도 성남시); 주식회사 에스지엠(경기도 안산시),에스지엠[00690885] 서울특별시 강남구 | 주식회사 에스지엠[01796690] 경기도 성남시 | 주식회사 에스지엠[01689877] 경기도 안산시
c6292,에스케이엠,달서구,성서지방산업단지,hq_elsewhere,본사 타지역: 주식회사 에스케이엠(경기도 화성시); (주)에스케이엠(경상북도 경주시); 주식회사 에스케이엠(경상남도 창원시),주식회사 에스케이엠[00622024] 경기도 화성시 | (주)에스케이엠[00810717] 경상북도 경주시 | 주식회사 에스케이엠[01156360] 경상남도 창원시 | 에스케이엠(주)[00878085] 인천광역시 남동구
c6293,에스텍,달서구,성서지방산업단지,hq_elsewhere,본사 타지역: 주식회사 에스텍(경기도 파주시); (주)에스텍(충청남도 아산시); (주)에스텍(경기도 수원시),주식회사 에스텍[00345639] 경기도 파주시 | (주)에스텍[00495439] 충청남도 아산시 | (주)에스텍[01204108] 경기도 수원시 | 에스텍(주)[00306719] 경상남도 양산시
c6883,에이스테크,달서구,성서지방산업단지,hq_elsewhere,본사 타지역: 에이스테크 주식회사(울산광역시 북구); 에이스테크(광주광역시 광산구); (주)에이스테크(경기도 화성시),에이스테크 주식회사[01454235] 울산광역시 북구 | 에이스테크[01538315] 광주광역시 광산구 | (주)에이스테크[00648615] 경기도 화성시 | 주식회사 에이스테크[01645086] 충청남도 서산시 | (주)에이스테크놀로지[00556907] 인천광역시 연수구
c8409,에이엠씨,달서구,성서지방산업단지,hq_elsewhere,본사 타지역: 에이엠씨(주)(충청북도 음성군),에이엠씨(주)[00857082] 충청북도 음성군
c9698,에이치에스,달성군,성서지방산업단지,hq_elsewhere,본사 타지역: (주)에이치에스(강원도 삼척시); 에이치에스 주식회사(서울특별시 종로구); (주)에이치에스(경상남도 거제시),(주)에이치에스[00966201] 강원도 삼척시 | 에이치에스 주식회사[01060975] 서울특별시 종로구 | (주)에이치에스[00490601] 경상남도 거제시 | 주식회사 에이치에스[00691705] 경기도 시흥시 | 주식회사 에이치에스[01689424] 서울특별시 강남구
c6888,에이치제이,달서구,성서지방산업단지,hq_elsewhere,본사 타지역: (주)에이치제이(경기도 화성시),(주)에이치제이[00865115] 경기도 화성시
c7744,에이치케이하이텍,달서구,성서지방산업단지,hq_elsewhere,본사 타지역: 에이치케이하이텍(주)(충청북도 괴산군),에이치케이하이텍(주)[00143332] 충청북도 괴산군
c5627,에이테크,달서구,성서지방산업단지,hq_elsewhere,본사 타지역: 주식회사에이테크(충청북도 음성군),주식회사에이테크[00965424] 충청북도 음성군
c6296,엔에스코리아,달서구,성서지방산업단지,hq_elsewhere,본사 타지역: 주식회사 엔에스코리아(전라북도 군산시); (주)엔에스코리아(충청남도 아산시),주식회사 엔에스코리아[00873868] 전라북도 군산시 | (주)엔에스코리아[01231290] 충청남도 아산시
c7746,엔에스테크,달서구,성서지방산업단지,hq_elsewhere,본사 타지역: 엔에스테크 주식회사(충청남도 아산시); 엔에스테크(전라북도 군산시),엔에스테크 주식회사[01004429] 충청남도 아산시 | 엔에스테크[01735228] 전라북도 군산시
c8413,엔에스티(주),달서구,성서지방산업단지,hq_elsewhere,본사 타지역: 주식회사 엔에스티(경기도 용인시); (주)엔에스티(경기도 이천시),주식회사 엔에스티[00559339] 경기도 용인시 | (주)엔에스티[01076091] 경기도 이천시
c6892,엘에스텍,달서구,성서지방산업단지,hq_elsewhere,본사 타지역: 주식회사 엘에스텍(경기도 화성시),주식회사 엘에스텍[00824349] 경기도 화성시
c7301,엠에스테크(MS TECH),달서구,성서지방산업단지,hq_elsewhere,본사 타지역: 주식회사 엠에스테크(충청북도 진천군),주식회사 엠에스테크[01824726] 충청북도 진천군
c6300,엠제이테크,달서구,성서지방산업단지,hq_elsewhere,본사 타지역: 주식회사엠제이테크(충청남도 아산시); 주식회사 엠제이테크(경기도 평택시); (주)엠제이테크(부산광역시 영도구),주식회사엠제이테크[00833912] 충청남도 아산시 | 주식회사 엠제이테크[01732878] 경기도 평택시 | (주)엠제이테크[01842865] 부산광역시 영도구
c7748,엠피아이,달서구,성서지방산업단지,hq_elsewhere,본사 타지역: (주)엠피아이(서울특별시 광진구),(주)엠피아이[01398249] 서울특별시 광진구
c6897,연우산업(주),달서구,성서지방산업단지,hq_elsewhere,본사 타지역: 연우산업주식회사(경상북도 칠곡군),연우산업주식회사[01654543] 경상북도 칠곡군
c8417,연합정밀,달서구,성서지방산업단지,hq_elsewhere,본사 타지역: 연합정밀주식회사(충청남도 천안시),연합정밀주식회사[00140371] 충청남도 천안시
c6306,영남테크,달서구,성서지방산업단지,hq_elsewhere,본사 타지역: (주)영남테크(경상남도 함안군),(주)영남테크[00813200] 경상남도 함안군
c7751,영신스틸,달서구,성서지방산업단지,hq_elsewhere,본사 타지역: 주식회사영신스틸(부산광역시 강서구),주식회사영신스틸[01217069] 부산광역시 강서구
c7400,영엔지니어링,달서구,성서지방산업단지,hq_elsewhere,본사 타지역: (주)영엔지니어링(서울특별시 마포구),(주)영엔지니어링[00688473] 서울특별시 마포구
c7914,영진기계,달서구,성서지방산업단지,hq_elsewhere,본사 타지역: 영진기계주식회사(경상남도 창녕군),영진기계주식회사[00260505] 경상남도 창녕군
c5468,영진산업,달서구,성서지방산업단지,hq_elsewhere,본사 타지역: 영진산업 주식회사(경상북도 김천시); (주)영진산업(전라남도 여수시); 주식회사 영진산업(경상북도 경주시),영진산업 주식회사[01221336] 경상북도 김천시 | (주)영진산업[01157934] 전라남도 여수시 | 주식회사 영진산업[00920324] 경상북도 경주시 | 영진산업(주)[01683961] 경기도 포천시
c6899,영테크,달서구,성서지방산업단지,hq_elsewhere,본사 타지역: (주)영테크(경기도 시흥시); 주식회사 영테크(충청남도 천안시),(주)영테크[00403182] 경기도 시흥시 | 주식회사 영테크[01044870] 충청남도 천안시
c7305,예성,달서구,성서지방산업단지,hq_elsewhere,본사 타지역: 주식회사 예성(충청북도 청주시),주식회사 예성[01546606] 충청북도 청주시
c8427,오천산업,달서구,성서지방산업단지,hq_elsewhere,본사 타지역: 오천산업주식회사(충청남도 천안시),오천산업주식회사[01649514] 충청남도 천안시
c8428,오텍캐리어(주),달서구,성서지방산업단지,hq_elsewhere,본사 타지역: 오텍캐리어 주식회사(광주광역시 광산구),오텍캐리어 주식회사[00111731] 광주광역시 광산구
c5470,오토텍(주),달서구,성서지방산업단지,hq_elsewhere,본사 타지역: 주식회사 오토텍(경상남도 김해시); 주식회사 오토텍(경상북도 경주시),주식회사 오토텍[01214062] 경상남도 김해시 | 주식회사 오토텍[00688659] 경상북도 경주시
c8429,와이제이테크,달서구,성서지방산업단지,hq_elsewhere,본사 타지역: (주)와이제이테크(경상북도 포항시); 와이제이테크 주식회사(경상북도 성주군),(주)와이제이테크[00676830] 경상북도 포항시 | 와이제이테크 주식회사[02028781] 경상북도 성주군
c6331,우림공업사,달서구,성서지방산업단지,hq_elsewhere,본사 타지역: 주식회사 우림공업사(경기도 남양주시),주식회사 우림공업사[01402825] 경기도 남양주시
c7308,우석산업,달서구,성서지방산업단지,hq_elsewhere,본사 타지역: 우석산업(주)(서울특별시 영등포구); (주)우석산업(세종특별자치시 부강면),우석산업(주)[00357722] 서울특별시 영등포구 | (주)우석산업[01469176] 세종특별자치시 부강면
c7759,우성정공,달서구,성서지방산업단지,hq_elsewhere,본사 타지역: 우성정공(주)(경상남도 진주시); (주)우성정공(광주광역시 북구),우성정공(주)[01726372] 경상남도 진주시 | (주)우성정공[00806176] 광주광역시 북구
c5472,우성테크,달서구,성서지방산업단지,hq_elsewhere,본사 타지역: (주)우성테크(경기도 화성시),(주)우성테크[00983545] 경기도 화성시
c7760,우일금속(주),달서구,성서지방산업단지,hq_elsewhere,본사 타지역: 우일금속(경기도 화성시),우일금속[01370438] 경기도 화성시
c8435,우진산업,달서구,성서지방산업단지,hq_elsewhere,본사 타지역: 우진산업(주)(전라남도 목포시); 우진산업(주)(경상남도 창원시); (주)우진산업(경상남도 함안군),우진산업(주)[00369152] 전라남도 목포시 | 우진산업(주)[00673222] 경상남도 창원시 | (주)우진산업[01407750] 경상남도 함안군 | 우진산업 주식회사[00229924] 서울특별시 서초구 | 주식회사 우진산업[00524768] 경기도 김포시
c6336,우진섬유,달서구,성서지방산업단지,hq_elsewhere,본사 타지역: 우진섬유(주)(경기도 평택시),우진섬유(주)[01031335] 경기도 평택시
c6337,우진정밀,달서구,성서지방산업단지,hq_elsewhere,본사 타지역: (주)우진정밀(경상남도 김해시),(주)우진정밀[00610986] 경상남도 김해시
c7915,우창기계,달서구,성서지방산업단지,hq_elsewhere,본사 타지역: 우창기계(주)(경상남도 창원시),우창기계(주)[01833672] 경상남도 창원시
c6911,원시스템,달서구,성서지방산업단지,hq_elsewhere,본사 타지역: (주)원시스템(경기도 안산시),(주)원시스템[01290275] 경기도 안산시
c7064,원일,달서구,성서지방산업단지,hq_elsewhere,본사 타지역: (주)원일(경기도 포천군); (주)원일(경상남도 마산시); (주)원일(경상남도 창원시),(주)원일[00437693] 경기도 포천군 | (주)원일[00449148] 경상남도 마산시 | (주)원일[01296604] 경상남도 창원시 | (주)원일[01912359] 광주광역시 광산구
c6913,원테크,달서구,성서지방산업단지,hq_elsewhere,본사 타지역: 주식회사 원테크(대전광역시 유성구); (주)원테크(경기도 화성시),주식회사 원테크[01776058] 대전광역시 유성구 | (주)원테크[01956919] 경기도 화성시
c6349,위드테크,달서구,성서지방산업단지,hq_elsewhere,본사 타지역: (주)위드테크(경기도 용인시),(주)위드테크[02013558] 경기도 용인시
c8445,유니크,달서구,성서지방산업단지,hq_elsewhere,본사 타지역: 주식회사유니크(경기도 안산시); (주)유니크(경상남도 김해시),주식회사유니크[00405436] 경기도 안산시 | (주)유니크[00147152] 경상남도 김해시
c8446,유니텍,달서구,성서지방산업단지,hq_elsewhere,본사 타지역: 유니텍 주식회사(경상북도 안동시); 주식회사 유니텍(서울특별시 구로구),유니텍 주식회사[00625872] 경상북도 안동시 | 주식회사 유니텍[00273101] 서울특별시 구로구
c8447,유림섬유,달서구,성서지방산업단지,hq_elsewhere,본사 타지역: (주)유림섬유(서울특별시 중구),(주)유림섬유[00184515] 서울특별시 중구
c7765,유림테크,달서구,성서지방산업단지,hq_elsewhere,본사 타지역: 주식회사 유림테크(경상북도 경주시); 주식회사 유림테크(전라남도 장성군); (주)유림테크(경상북도 성주군),주식회사 유림테크[01017751] 경상북도 경주시 | 주식회사 유림테크[00833806] 전라남도 장성군 | (주)유림테크[01539448] 경상북도 성주군
c5639,유성정밀,달서구,성서지방산업단지,hq_elsewhere,본사 타지역: 유성정밀(주)(경상남도 창원시); (주)유성정밀(부산광역시 사상구); (주)유성정밀(경상남도 사천시),유성정밀(주)[00433989] 경상남도 창원시 | (주)유성정밀[00840383] 부산광역시 사상구 | (주)유성정밀[01647297] 경상남도 사천시
c6920,유알티(URT),달서구,성서지방산업단지,hq_elsewhere,본사 타지역: 주식회사 유알티(충청남도 당진시),주식회사 유알티[01236648] 충청남도 당진시
c8449,유앤아이,달서구,성서지방산업단지,hq_elsewhere,본사 타지역: (주)유앤아이(경기도 화성시),(주)유앤아이[01453485] 경기도 화성시
c8759,유일정공(주),달서구,성서지방산업단지,hq_elsewhere,본사 타지역: 유일정공(주)(서울특별시 노원구); (주)유일정공(경상남도 창녕군),유일정공(주)[00376198] 서울특별시 노원구 | (주)유일정공[01406487] 경상남도 창녕군
c5476,유진산업,달서구,성서지방산업단지,hq_elsewhere,본사 타지역: 유진산업(주)(충청남도 예산군); (주)유진산업(부산광역시 사하구); 유진산업 주식회사(경상남도 김해시),유진산업(주)[00197689] 충청남도 예산군 | (주)유진산업[00144915] 부산광역시 사하구 | 유진산업 주식회사[01915064] 경상남도 김해시
c6359,유피아이,달서구,성서지방산업단지,hq_elsewhere,본사 타지역: (주)유피아이(경기도 시흥시),(주)유피아이[00916260] 경기도 시흥시
c6923,이엔에스,달서구,성서지방산업단지,hq_elsewhere,본사 타지역: (주)이엔에스(경기도 안산시),(주)이엔에스[00972831] 경기도 안산시
c6368,이엠테크,달서구,성서지방산업단지,hq_elsewhere,본사 타지역: 주식회사 이엠테크(경기도 안양시); 주식회사이엠테크(충청남도 서산시); (주)이엠테크(전라북도 완주군),주식회사 이엠테크[00911292] 경기도 안양시 | 주식회사이엠테크[00973070] 충청남도 서산시 | (주)이엠테크[01160196] 전라북도 완주군 | 주식회사 이엠테크[01476936] 전라남도 광양시
c8454,이화산업,달서구,성서지방산업단지,hq_elsewhere,본사 타지역: 주식회사 이화산업(경상남도 김해시); 이화산업주식회사(서울특별시 중구); (주)이화산업(경기도 안성시),주식회사 이화산업[00868583] 경상남도 김해시 | 이화산업주식회사[00174031] 서울특별시 중구 | (주)이화산업[01615261] 경기도 안성시 | 이화산업(주)[00145686] 서울특별시 중구 | (주)이화산업[02047874] 전남광주통합특별시 광산구
c7769,인스,달서구,성서지방산업단지,hq_elsewhere,본사 타지역: 주식회사 인스(경상남도 양산시),주식회사 인스[02051105] 경상남도 양산시
c5640,일삼,달서구,성서지방산업단지,hq_elsewhere,본사 타지역: 주식회사  일 삼(경기도 파주시),주식회사  일 삼[00146153] 경기도 파주시
c6373,일성,달서구,성서지방산업단지,hq_elsewhere,본사 타지역: 주식회사 일성(경기도 수원시); (주)일성(인천광역시 남동구); 주식회사 일성(경상남도 양산시),주식회사 일성[01139202] 경기도 수원시 | (주)일성[00985145] 인천광역시 남동구 | 주식회사 일성[01550423] 경상남도 양산시 | (주)일성[01491458] 전라남도 여수시 | 주식회사 일성[01697089] 울산광역시 동구
c7320,일성산업,달서구,성서지방산업단지,hq_elsewhere,본사 타지역: (주)일성산업(경기도 김포시); (주)일성산업(경상북도 성주군),(주)일성산업[01666122] 경기도 김포시 | (주)일성산업[01304523] 경상북도 성주군
c5483,일신테크,달서구,성서지방산업단지,hq_elsewhere,본사 타지역: 주식회사 일신테크(경기도 안산시); (주)일신테크(울산광역시 북구); 주식회사 일신테크(경상북도 구미시),주식회사 일신테크[00527172] 경기도 안산시 | (주)일신테크[01072907] 울산광역시 북구 | 주식회사 일신테크[01546192] 경상북도 구미시
c7068,장원테크,달서구,성서지방산업단지,hq_elsewhere,본사 타지역: (주)장원테크(경상북도 구미시),(주)장원테크[00659684] 경상북도 구미시
c8461,재경산업,달서구,성서지방산업단지,hq_elsewhere,본사 타지역: 재경산업 주식회사(경기도 용인시),재경산업 주식회사[01217281] 경기도 용인시
c6378,재성테크,달서구,성서지방산업단지,hq_elsewhere,본사 타지역: (주)재성테크(경상남도 함안군),(주)재성테크[00641454] 경상남도 함안군
c8462,재영테크,달서구,성서지방산업단지,hq_elsewhere,본사 타지역: 재영테크(주)(울산광역시 남구); (주)재영테크(경상북도 김천시),재영테크(주)[00836122] 울산광역시 남구 | (주)재영테크[01788248] 경상북도 김천시
c8463,재원테크,달서구,성서지방산업단지,hq_elsewhere,본사 타지역: (주)재원테크(서울특별시 강남구); 주식회사 재원테크(광주광역시 광산구),(주)재원테크[00622547] 서울특별시 강남구 | 주식회사 재원테크[01908727] 광주광역시 광산구
c6388,정안산업,달서구,성서지방산업단지,hq_elsewhere,본사 타지역: 정안산업(주)(충청북도 충주시),정안산업(주)[01930470] 충청북도 충주시
c5486,제로텍,달서구,성서지방산업단지,hq_elsewhere,본사 타지역: 주식회사 제로텍(경기도 화성시),주식회사 제로텍[01585605] 경기도 화성시
c7069,제이아이테크,달서구,성서지방산업단지,hq_elsewhere,본사 타지역: (주)제이아이테크(전라북도 군산시),(주)제이아이테크[01367586] 전라북도 군산시
c5488,제이에스,달서구,성서지방산업단지,hq_elsewhere,본사 타지역: 제이에스(주)(경기도 이천시); 주식회사 제이에스(제주특별자치도 제주시); (주)제이에스(경기도 수원시),제이에스(주)[00246189] 경기도 이천시 | 주식회사 제이에스[01294837] 제주특별자치도 제주시 | (주)제이에스[01403046] 경기도 수원시 | (주)제이에스[00927433] 경기도 안양시 | 주식회사 제이에스[01917275] 경상북도 칠곡군
c8470,제이에스(JS)테크,달서구,성서지방산업단지,hq_elsewhere,본사 타지역: (주)제이에스테크(경상북도 구미시); (주)제이에스테크(충청남도 천안시); 제이에스테크주식회사(경상남도 사천시),(주)제이에스테크[01140138] 경상북도 구미시 | (주)제이에스테크[00671525] 충청남도 천안시 | 제이에스테크주식회사[00451994] 경상남도 사천시 | 주식회사 제이에스테크[01864308] 충청북도 제천시
c6934,제이에이치(주),달서구,성서지방산업단지,hq_elsewhere,본사 타지역: 주식회사 제이에이치(강원특별자치도 춘천시); (유)제이에이치(서울특별시 종로구),주식회사 제이에이치[01826292] 강원특별자치도 춘천시 | (유)제이에이치[01925247] 서울특별시 종로구
c7780,제이에이치테크,달서구,성서지방산업단지,hq_elsewhere,본사 타지역: 주식회사 제이에이치테크(울산광역시 울주군),주식회사 제이에이치테크[02010108] 울산광역시 울주군
c7070,제이에프(JF),달서구,성서지방산업단지,hq_elsewhere,본사 타지역: 주식회사 제이에프(경상남도 김해시); 주식회사제이에프(경기도 성남시),주식회사 제이에프[00478308] 경상남도 김해시 | 주식회사제이에프[00566700] 경기도 성남시
c8768,제이엠텍,달서구,성서지방산업단지,hq_elsewhere,본사 타지역: (주)제이엠텍(충청북도 청주시); 주식회사 제이엠텍(충청남도 아산시),(주)제이엠텍[01327612] 충청북도 청주시 | 주식회사 제이엠텍[01831115] 충청남도 아산시
c6396,제이엠티(JMT),달서구,성서지방산업단지,hq_elsewhere,본사 타지역: 제이엠티(주)(경기도 평택시); 주식회사 제이엠티(경상북도 경주시),제이엠티(주)[00533508] 경기도 평택시 | 주식회사 제이엠티[02037840] 경상북도 경주시
c8473,제이제이테크,달서구,성서지방산업단지,hq_elsewhere,본사 타지역: (주)제이제이테크(경기도 화성시),(주)제이제이테크[01085628] 경기도 화성시
c7784,제일산업,달서구,성서지방산업단지,hq_elsewhere,본사 타지역: 제일산업주식회사(강원도 홍천군); 제일산업(주)(서울특별시 강남구); 제일산업(주)(경기도 화성시),제일산업주식회사[00451958] 강원도 홍천군 | 제일산업(주)[00370097] 서울특별시 강남구 | 제일산업(주)[00148373] 경기도 화성시 | 제일산업(주)[01863558] 경상북도 영주시
c6402,조인셋(주),달서구,성서지방산업단지,hq_elsewhere,본사 타지역: 조인셋(주)(경기도 안산시),조인셋(주)[00486264] 경기도 안산시
c7325,주식회사 무창,달서구,성서지방산업단지,hq_elsewhere,본사 타지역: 주식회사무창(전라남도 광양시); (주)무창(충청남도 아산시),주식회사무창[01436619] 전라남도 광양시 | (주)무창[01720305] 충청남도 아산시
c7788,주식회사 성우정공,달서구,성서지방산업단지,hq_elsewhere,본사 타지역: (주)성우정공(부산광역시 기장군),(주)성우정공[00938208] 부산광역시 기장군
c7326,주영테크,달서구,성서지방산업단지,hq_elsewhere,본사 타지역: 주영테크(주)(충청남도 아산시),주영테크(주)[01468469] 충청남도 아산시
c6405,주은테크,달서구,성서지방산업단지,hq_elsewhere,본사 타지역: 주은테크(주)(울산광역시 북구),주은테크(주)[01305771] 울산광역시 북구
c7072,준테크,달서구,성서지방산업단지,hq_elsewhere,본사 타지역: (주)준테크(광주광역시 광산구),(주)준테크[01142978] 광주광역시 광산구
c8479,중앙일보(주),달서구,성서지방산업단지,hq_elsewhere,본사 타지역: 중앙일보(주)(서울특별시 마포구),중앙일보(주)[00149813] 서울특별시 마포구
c6942,지앤텍,달서구,성서지방산업단지,hq_elsewhere,본사 타지역: 주식회사 지앤텍(서울특별시 강남구),주식회사 지앤텍[00367464] 서울특별시 강남구
c6411,지에스테크,달서구,성서지방산업단지,hq_elsewhere,본사 타지역: 지에스테크 주식회사(인천광역시 중구); 주식회사 지에스테크(경상남도 함안군),지에스테크 주식회사[01151666] 인천광역시 중구 | 주식회사 지에스테크[00892359] 경상남도 함안군
c5489,지에스피(주),달서구,성서지방산업단지,hq_elsewhere,본사 타지역: (주)지에스피(경상북도 경주시); (주)지에스피(경기도 안산시),(주)지에스피[00623485] 경상북도 경주시 | (주)지에스피[01304277] 경기도 안산시
c6413,지엠테크,달서구,성서지방산업단지,hq_elsewhere,본사 타지역: 주식회사지엠테크(경상남도 의령군); 지엠테크 주식회사(서울특별시 송파구),주식회사지엠테크[00634241] 경상남도 의령군 | 지엠테크 주식회사[02020673] 서울특별시 송파구
c6415,지피아이,달서구,성서지방산업단지,hq_elsewhere,본사 타지역: 주식회사 지피아이(서울특별시 강서구); (주)지피아이(울산광역시 울주군),주식회사 지피아이[00972026] 서울특별시 강서구 | (주)지피아이[01149078] 울산광역시 울주군
c6417,진명테크,달서구,성서지방산업단지,hq_elsewhere,본사 타지역: 주식회사 진명테크(충청남도 당진시),주식회사 진명테크[01449145] 충청남도 당진시
c6419,진성이엔지,달서구,성서지방산업단지,hq_elsewhere,본사 타지역: 주식회사 진성이엔지(경기도 화성시),주식회사 진성이엔지[01219942] 경기도 화성시
c5493,진성테크,달서구,성서지방산업단지,hq_elsewhere,본사 타지역: 진성테크(주)(인천광역시 남동구); 진성테크(주)(경기도 용인시); (주)진성테크(경기도 김포시),진성테크(주)[00641418] 인천광역시 남동구 | 진성테크(주)[01140518] 경기도 용인시 | (주)진성테크[00926346] 경기도 김포시
c6944,진양산업,달서구,성서지방산업단지,hq_elsewhere,본사 타지역: 진양산업 (주)(부산광역시 강서구); 주식회사 진양산업(광주광역시 광산구); 진양산업(주)(경기도 용인시),진양산업 (주)[01016761] 부산광역시 강서구 | 주식회사 진양산업[01022407] 광주광역시 광산구 | 진양산업(주)[01459416] 경기도 용인시 | 진양산업(주)[00150439] 경상남도 양산시
c6422,진영산업,달서구,성서지방산업단지,hq_elsewhere,본사 타지역: (주)진영산업(경상북도 칠곡군); 진영산업(주)(충청남도 아산시); (주)진영산업(경상남도 김해시),(주)진영산업[00310934] 경상북도 칠곡군 | 진영산업(주)[00236173] 충청남도 아산시 | (주)진영산업[01252460] 경상남도 김해시 | 진영산업(주)[00174217] 경기도 안산시
c7329,진영엔지니어링,달서구,성서지방산업단지,hq_elsewhere,본사 타지역: 주식회사 진영엔지니어링(충청남도 당진군),주식회사 진영엔지니어링[00676654] 충청남도 당진군
c8776,진일산업,달서구,성서지방산업단지,hq_elsewhere,본사 타지역: 진일산업(주)(서울특별시 마포구),진일산업(주)[00128494] 서울특별시 마포구
c8488,진테크,달서구,성서지방산업단지,hq_elsewhere,본사 타지역: 진테크(주)(충청남도 아산시),진테크(주)[00665986] 충청남도 아산시
c7331,창성정공,달서구,성서지방산업단지,hq_elsewhere,본사 타지역: (주)창성정공(부산광역시 기장군),(주)창성정공[01376399] 부산광역시 기장군
c6436,청우테크,달서구,성서지방산업단지,hq_elsewhere,본사 타지역: (주) 청우테크(전라북도 군산시),(주) 청우테크[00682336] 전라북도 군산시
c6439,케이시시정공(주),달서구,성서지방산업단지,hq_elsewhere,본사 타지역: 케이시시정공(주)(서울특별시 구로구),케이시시정공(주)[01460412] 서울특별시 구로구
c6951,케이에스(KS),달서구,성서지방산업단지,hq_elsewhere,본사 타지역: 주식회사 케이에스(전라남도 나주시),주식회사 케이에스[01535804] 전라남도 나주시
c6441,코텍,달서구,성서지방산업단지,hq_elsewhere,본사 타지역: (주)코텍(경기도 화성시); 주식회사 코텍(경상북도 경산시); (주)코텍(경상남도 창원시),(주)코텍[00384735] 경기도 화성시 | 주식회사 코텍[01030974] 경상북도 경산시 | (주)코텍[00624864] 경상남도 창원시 | 주식회사코텍[01614679] 경기도 성남시 | (주)코텍[00305297] 인천광역시 연수구
c6448,태광산업,달서구,성서지방산업단지,hq_elsewhere,본사 타지역: 태광산업(주)(경기도 안성시); (주)태광산업(경상북도 포항시); 태광산업(주)(서울특별시 중구),태광산업(주)[01508244] 경기도 안성시 | (주)태광산업[01922116] 경상북도 포항시 | 태광산업(주)[00153393] 서울특별시 중구
c7801,태광정밀,달서구,성서지방산업단지,hq_elsewhere,본사 타지역: 태광정밀주식회사(경상북도 경주시),태광정밀주식회사[01079371] 경상북도 경주시
c7802,태림,달서구,성서지방산업단지,hq_elsewhere,본사 타지역: (주)태림(경기도 오산시); 주식회사 태림(경상북도 포항시); 주식회사 태림(경상남도 밀양시),(주)태림[00580773] 경기도 오산시 | 주식회사 태림[01689211] 경상북도 포항시 | 주식회사 태림[00870311] 경상남도 밀양시
c6452,태성산업,달서구,성서지방산업단지,hq_elsewhere,본사 타지역: 태성산업주식회사(경상북도 성주군); 태성산업주식회사(경기도 화성시); 태성산업(주)(경기도 화성시),태성산업주식회사[00236562] 경상북도 성주군 | 태성산업주식회사[00216920] 경기도 화성시 | 태성산업(주)[01218095] 경기도 화성시 | 주식회사 태성산업[01578216] 충청북도 충주시 | 주식회사 태성산업[00525606] 경기도 안양시 | 태성산업(주)[00255831] 경기도 안양시 | 주식회사 태성산업[02026987] 경상남도 김해시
c6458,태성테크,달서구,성서지방산업단지,hq_elsewhere,본사 타지역: 주식회사 태성테크(울산광역시 남구),주식회사 태성테크[00572932] 울산광역시 남구
c8506,태성티에스,달서구,성서지방산업단지,hq_elsewhere,본사 타지역: (주)태성티에스(서울특별시 영등포구),(주)태성티에스[01696567] 서울특별시 영등포구
c6462,태영산업,달서구,성서지방산업단지,hq_elsewhere,본사 타지역: 태영산업 주식회사(경상남도 고성군); 주식회사 태영산업(경기도 성남시); 태영산업 주식회사(경상남도 밀양시),태영산업 주식회사[00941211] 경상남도 고성군 | 주식회사 태영산업[01143269] 경기도 성남시 | 태영산업 주식회사[00678102] 경상남도 밀양시
c6464,태진이엔지,달서구,성서지방산업단지,hq_elsewhere,본사 타지역: 주식회사태진이엔지(인천광역시 남동구),주식회사태진이엔지[00562449] 인천광역시 남동구
c8783,태창금속,달서구,성서지방산업단지,hq_elsewhere,본사 타지역: 태창금속주식회사(충청남도 당진시),태창금속주식회사[00811868] 충청남도 당진시
c7080,태창산업,달서구,성서지방산업단지,hq_elsewhere,본사 타지역: 태창산업주식회사(인천광역시 남동구); 태창산업(주)(충청북도 음성군); 태창산업(주)(충청남도 공주시),태창산업주식회사[00303712] 인천광역시 남동구 | 태창산업(주)[01771433] 충청북도 음성군 | 태창산업(주)[01131981] 충청남도 공주시
c6472,티에스아이,달서구,성서지방산업단지,hq_elsewhere,본사 타지역: 티에스아이주식회사(서울특별시 송파구); 주식회사 티에스아이(경기도 화성시),티에스아이주식회사[00938174] 서울특별시 송파구 | 주식회사 티에스아이[01139035] 경기도 화성시
c6961,티엘,달서구,성서지방산업단지,hq_elsewhere,본사 타지역: 티엘주식회사(경기도 군포시); (주)티엘(경기도 부천시); 주식회사 티엘(경기도 포천시),티엘주식회사[01146479] 경기도 군포시 | (주)티엘[00865416] 경기도 부천시 | 주식회사 티엘[01916300] 경기도 포천시
c6473,티엠테크,달서구,성서지방산업단지,hq_elsewhere,본사 타지역: (주)티엠테크(경기도 안양시); (주)티엠테크(경상북도 구미시),(주)티엠테크[01458666] 경기도 안양시 | (주)티엠테크[00569956] 경상북도 구미시
c8517,포스,달서구,성서지방산업단지,hq_elsewhere,본사 타지역: (주)포스(부산광역시 중구),(주)포스[00510589] 부산광역시 중구
c6478,푸름,달서구,성서지방산업단지,hq_elsewhere,본사 타지역: 주식회사 푸름(경기도 구리시),주식회사 푸름[01144259] 경기도 구리시
c6479,프라임 메탈,달서구,성서지방산업단지,hq_elsewhere,본사 타지역: (주)프라임메탈(서울특별시 양천구),(주)프라임메탈[01643714] 서울특별시 양천구
c8520,프로텍,달서구,성서지방산업단지,hq_elsewhere,본사 타지역: (주)프로텍(경기도 안양시),(주)프로텍[00325112] 경기도 안양시
c8785,피니아코리아(유),달서구,성서지방산업단지,hq_elsewhere,본사 타지역: 피니아코리아 유한회사(경기도 용인시),피니아코리아 유한회사[01462021] 경기도 용인시
c9729,피닉슨컨트롤스(주),달성군,성서지방산업단지,hq_elsewhere,본사 타지역: 피닉슨컨트롤스 주식회사(경기도 화성시),피닉슨컨트롤스 주식회사[01353866] 경기도 화성시
c6970,하나정공,달서구,성서지방산업단지,hq_elsewhere,본사 타지역: (주)하나정공 (경기도 군포시),(주)하나정공 [01948691] 경기도 군포시
c8525,하나테크,달서구,성서지방산업단지,hq_elsewhere,본사 타지역: 하나테크(주)(서울특별시 강남구); (주)하나테크(경기도 김포시),하나테크(주)[00586272] 서울특별시 강남구 | (주)하나테크[01654464] 경기도 김포시
c5503,하나텍,달서구,성서지방산업단지,hq_elsewhere,본사 타지역: 하나텍(경기도 화성시),하나텍[01637193] 경기도 화성시
c6972,한결,달서구,성서지방산업단지,hq_elsewhere,본사 타지역: (주)한결(경기도 용인시); 주식회사 한결(충청북도 청주시); (주)한결(경기도 오산시),(주)한결[01581238] 경기도 용인시 | 주식회사 한결[01545883] 충청북도 청주시 | (주)한결[01775712] 경기도 오산시
c6976,한국보싸드(주),달서구,성서지방산업단지,hq_elsewhere,본사 타지역: 한국보싸드주식회사(충청남도 천안시),한국보싸드주식회사[01025884] 충청남도 천안시
c7083,한국산업,달서구,성서지방산업단지,hq_elsewhere,본사 타지역: (주)한국산업(경상북도 예천군); 한국산업(주)(인천광역시 서구); 한국산업주식회사(충청남도 논산시),(주)한국산업[01150241] 경상북도 예천군 | 한국산업(주)[01555941] 인천광역시 서구 | 한국산업주식회사[00625696] 충청남도 논산시
c6493,한국자산관리공사,달서구,성서지방산업단지,hq_elsewhere,본사 타지역: 한국자산관리공사(부산광역시 남구),한국자산관리공사[00286840] 부산광역시 남구
c7349,한서화학,달서구,성서지방산업단지,hq_elsewhere,본사 타지역: (주)한서화학(경기도 안산시); 한서화학(주)(경상북도 경주시),(주)한서화학[00359304] 경기도 안산시 | 한서화학(주)[01286801] 경상북도 경주시
c8794,한울상사,달서구,성서지방산업단지,hq_elsewhere,본사 타지역: (주)한울상사(경기도 광주시),(주)한울상사[01209653] 경기도 광주시
c7353,한울이엔지,달서구,성서지방산업단지,hq_elsewhere,본사 타지역: 주식회사 한울이엔지(경기도 화성시),주식회사 한울이엔지[01688249] 경기도 화성시
c5510,한일정밀,달서구,성서지방산업단지,hq_elsewhere,본사 타지역: 주식회사 한일정밀(경상남도 김해시),주식회사 한일정밀[00576202] 경상남도 김해시
c7818,한일테크,달서구,성서지방산업단지,hq_elsewhere,본사 타지역: (주)한일테크(충청북도 청주시),(주)한일테크[02005081] 충청북도 청주시
c6505,한진산업,달서구,성서지방산업단지,hq_elsewhere,본사 타지역: 한진산업(경기도 남양주시); (주)한진산업(경상남도 양산시); (주)한진산업(전라남도 여수시),한진산업[00625571] 경기도 남양주시 | (주)한진산업[00761721] 경상남도 양산시 | (주)한진산업[00619419] 전라남도 여수시 | 주식회사 한진산업[01875863] 경기도 의정부시
c7354,한진화학,달서구,성서지방산업단지,hq_elsewhere,본사 타지역: 한진화학주식회사(경기도 의왕시),한진화학주식회사[00163707] 경기도 의왕시
c6985,해동엔지니어링(주),달서구,성서지방산업단지,hq_elsewhere,본사 타지역: (주)해동엔지니어링(경기도 시흥시),(주)해동엔지니어링[01675315] 경기도 시흥시
c6506,해성산업,달서구,성서지방산업단지,hq_elsewhere,본사 타지역: 해성산업(주)(서울특별시 종로구); 해성산업(주)(서울 강남구),해성산업(주)[00164168] 서울특별시 종로구 | 해성산업(주)[00219361] 서울 강남구
c8544,해인산업,달서구,성서지방산업단지,hq_elsewhere,본사 타지역: 해인산업(주)(부산광역시 사하구),해인산업(주)[00817066] 부산광역시 사하구
c8550,현대제철(주),달서구,성서지방산업단지,hq_elsewhere,본사 타지역: 현대제철(주)(인천광역시 제물포구),현대제철(주)[00145880] 인천광역시 제물포구
c6987,혜인산업(주),달서구,성서지방산업단지,hq_elsewhere,본사 타지역: (주)혜인산업(서울특별시 서초구),(주)혜인산업[00661883] 서울특별시 서초구
c8797,화성산업,달서구,성서지방산업단지,hq_elsewhere,본사 타지역: (주)화성산업(경기도 화성시); 화성산업(주)(경상남도 함안군); 주식회사 화성산업(전라북도 군산시),(주)화성산업[01354892] 경기도 화성시 | 화성산업(주)[01372852] 경상남도 함안군 | 주식회사 화성산업[00166050] 전라북도 군산시
c5512,화성엔지니어링,달서구,성서지방산업단지,hq_elsewhere,본사 타지역: 화성엔지니어링(주)(서울특별시 서초구); 화성엔지니어링(주)(경기도 시흥시),화성엔지니어링(주)[00918976] 서울특별시 서초구 | 화성엔지니어링(주)[00530510] 경기도 시흥시
c7823,화성정밀,달서구,성서지방산업단지,hq_elsewhere,본사 타지역: 화성정밀(주)(경기도 화성시); (주)화성정밀(경상북도 김천시); 화성정밀 주식회사(충청남도 아산시),화성정밀(주)[00577238] 경기도 화성시 | (주)화성정밀[00444532] 경상북도 김천시 | 화성정밀 주식회사[00870490] 충청남도 아산시
c8560,화진정밀,달서구,성서지방산업단지,hq_elsewhere,본사 타지역: 주식회사 화진정밀(경상남도 김해시),주식회사 화진정밀[00979047] 경상남도 김해시
c6992,휴먼테크,달서구,성서지방산업단지,hq_elsewhere,본사 타지역: (주)휴먼테크(강원도 영월군); (주)휴먼테크(경상남도 함안군); 주식회사 휴먼테크(경기도 화성시),(주)휴먼테크[00330707] 강원도 영월군 | (주)휴먼테크[01919741] 경상남도 함안군 | 주식회사 휴먼테크[02005568] 경기도 화성시
