PRD_DE,ITM_NM,C1_NM,C2_NM,C3_NM,C4_NM,DT,UNIT_NM
2016,활동,대구광역시,전체,계,,273563,개%
2016,신생,대구광역시,전체,계,,38845,개%
2016,소멸,대구광역시,전체,계,,28218,개%
2016,신생률,대구광역시,전체,계,,14.2,개%
2016,소멸률,대구광역시,전체,계,,10.3,개%
2016,활동,대구광역시,전체,대기업,,130,개%
2016,신생,대구광역시,전체,대기업,,-,개%
2016,소멸,대구광역시,전체,대기업,,2,개%
2016,신생률,대구광역시,전체,대기업,,-,개%
2016,소멸률,대구광역시,전체,대기업,,1.5,개%
2016,활동,대구광역시,전체,상호출자제한기업,,7,개%
2016,신생,대구광역시,전체,상호출자제한기업,,0,개%
2016,소멸,대구광역시,전체,상호출자제한기업,,0,개%
2016,신생률,대구광역시,전체,상호출자제한기업,,0,개%
2016,소멸률,대구광역시,전체,상호출자제한기업,,0,개%
2016,활동,대구광역시,전체,기타 대기업,,38,개%
2016,신생,대구광역시,전체,기타 대기업,,0,개%
2016,소멸,대구광역시,전체,기타 대기업,,2,개%
2016,신생률,대구광역시,전체,기타 대기업,,0,개%
2016,소멸률,대구광역시,전체,기타 대기업,,5.3,개%
2016,활동,대구광역시,전체,중견기업,,85,개%
2016,신생,대구광역시,전체,중견기업,,0,개%
2016,소멸,대구광역시,전체,중견기업,,0,개%
2016,신생률,대구광역시,전체,중견기업,,0,개%
2016,소멸률,대구광역시,전체,중견기업,,0,개%
2016,활동,대구광역시,전체,중소기업,,273433,개%
2016,신생,대구광역시,전체,중소기업,,38845,개%
2016,소멸,대구광역시,전체,중소기업,,28216,개%
2016,신생률,대구광역시,전체,중소기업,,14.2,개%
2016,소멸률,대구광역시,전체,중소기업,,10.3,개%
2016,활동,대구광역시,전체,소기업,,269681,개%
2016,신생,대구광역시,전체,소기업,,38600,개%
2016,소멸,대구광역시,전체,소기업,,28057,개%
2016,신생률,대구광역시,전체,소기업,,14.3,개%
2016,소멸률,대구광역시,전체,소기업,,10.4,개%
2016,활동,대구광역시,전체,소상공인,,259254,개%
2016,신생,대구광역시,전체,소상공인,,38003,개%
2016,소멸,대구광역시,전체,소상공인,,27784,개%
2016,신생률,대구광역시,전체,소상공인,,14.7,개%
2016,소멸률,대구광역시,전체,소상공인,,10.7,개%
2016,활동,대구광역시,농업 임업 및 어업,계,,129,개%
2016,신생,대구광역시,농업 임업 및 어업,계,,29,개%
2016,소멸,대구광역시,농업 임업 및 어업,계,,15,개%
2016,신생률,대구광역시,농업 임업 및 어업,계,,22.5,개%
2016,소멸률,대구광역시,농업 임업 및 어업,계,,11.6,개%
2016,활동,대구광역시,농업 임업 및 어업,대기업,,-,개%
2016,신생,대구광역시,농업 임업 및 어업,대기업,,-,개%
2016,소멸,대구광역시,농업 임업 및 어업,대기업,,-,개%
2016,신생률,대구광역시,농업 임업 및 어업,대기업,,-,개%
2016,소멸률,대구광역시,농업 임업 및 어업,대기업,,-,개%
2016,활동,대구광역시,농업 임업 및 어업,상호출자제한기업,,0,개%
2016,신생,대구광역시,농업 임업 및 어업,상호출자제한기업,,0,개%
2016,소멸,대구광역시,농업 임업 및 어업,상호출자제한기업,,0,개%
2016,신생률,대구광역시,농업 임업 및 어업,상호출자제한기업,,-,개%
2016,소멸률,대구광역시,농업 임업 및 어업,상호출자제한기업,,-,개%
2016,활동,대구광역시,농업 임업 및 어업,기타 대기업,,0,개%
2016,신생,대구광역시,농업 임업 및 어업,기타 대기업,,0,개%
2016,소멸,대구광역시,농업 임업 및 어업,기타 대기업,,0,개%
2016,신생률,대구광역시,농업 임업 및 어업,기타 대기업,,-,개%
2016,소멸률,대구광역시,농업 임업 및 어업,기타 대기업,,-,개%
2016,활동,대구광역시,농업 임업 및 어업,중견기업,,0,개%
2016,신생,대구광역시,농업 임업 및 어업,중견기업,,0,개%
2016,소멸,대구광역시,농업 임업 및 어업,중견기업,,0,개%
2016,신생률,대구광역시,농업 임업 및 어업,중견기업,,-,개%
2016,소멸률,대구광역시,농업 임업 및 어업,중견기업,,-,개%
2016,활동,대구광역시,농업 임업 및 어업,중소기업,,129,개%
2016,신생,대구광역시,농업 임업 및 어업,중소기업,,29,개%
2016,소멸,대구광역시,농업 임업 및 어업,중소기업,,15,개%
2016,신생률,대구광역시,농업 임업 및 어업,중소기업,,22.5,개%
2016,소멸률,대구광역시,농업 임업 및 어업,중소기업,,11.6,개%
2016,활동,대구광역시,농업 임업 및 어업,소기업,,129,개%
2016,신생,대구광역시,농업 임업 및 어업,소기업,,29,개%
2016,소멸,대구광역시,농업 임업 및 어업,소기업,,15,개%
2016,신생률,대구광역시,농업 임업 및 어업,소기업,,22.5,개%
2016,소멸률,대구광역시,농업 임업 및 어업,소기업,,11.6,개%
2016,활동,대구광역시,농업 임업 및 어업,소상공인,,125,개%
2016,신생,대구광역시,농업 임업 및 어업,소상공인,,28,개%
2016,소멸,대구광역시,농업 임업 및 어업,소상공인,,15,개%
2016,신생률,대구광역시,농업 임업 및 어업,소상공인,,22.4,개%
2016,소멸률,대구광역시,농업 임업 및 어업,소상공인,,12,개%
2016,활동,대구광역시,광업,계,,9,개%
2016,신생,대구광역시,광업,계,,2,개%
2016,소멸,대구광역시,광업,계,,4,개%
2016,신생률,대구광역시,광업,계,,22.2,개%
2016,소멸률,대구광역시,광업,계,,44.4,개%
2016,활동,대구광역시,광업,대기업,,1,개%
2016,신생,대구광역시,광업,대기업,,-,개%
2016,소멸,대구광역시,광업,대기업,,1,개%
2016,신생률,대구광역시,광업,대기업,,-,개%
2016,소멸률,대구광역시,광업,대기업,,100,개%
2016,활동,대구광역시,광업,상호출자제한기업,,0,개%
2016,신생,대구광역시,광업,상호출자제한기업,,0,개%
2016,소멸,대구광역시,광업,상호출자제한기업,,0,개%
2016,신생률,대구광역시,광업,상호출자제한기업,,-,개%
2016,소멸률,대구광역시,광업,상호출자제한기업,,-,개%
2016,활동,대구광역시,광업,기타 대기업,,1,개%
2016,신생,대구광역시,광업,기타 대기업,,0,개%
2016,소멸,대구광역시,광업,기타 대기업,,1,개%
2016,신생률,대구광역시,광업,기타 대기업,,0,개%
2016,소멸률,대구광역시,광업,기타 대기업,,100,개%
2016,활동,대구광역시,광업,중견기업,,0,개%
2016,신생,대구광역시,광업,중견기업,,0,개%
2016,소멸,대구광역시,광업,중견기업,,0,개%
2016,신생률,대구광역시,광업,중견기업,,-,개%
2016,소멸률,대구광역시,광업,중견기업,,-,개%
2016,활동,대구광역시,광업,중소기업,,8,개%
2016,신생,대구광역시,광업,중소기업,,2,개%
2016,소멸,대구광역시,광업,중소기업,,3,개%
2016,신생률,대구광역시,광업,중소기업,,25,개%
2016,소멸률,대구광역시,광업,중소기업,,37.5,개%
2016,활동,대구광역시,광업,소기업,,7,개%
2016,신생,대구광역시,광업,소기업,,1,개%
2016,소멸,대구광역시,광업,소기업,,2,개%
2016,신생률,대구광역시,광업,소기업,,14.3,개%
2016,소멸률,대구광역시,광업,소기업,,28.6,개%
2016,활동,대구광역시,광업,소상공인,,6,개%
2016,신생,대구광역시,광업,소상공인,,1,개%
2016,소멸,대구광역시,광업,소상공인,,2,개%
2016,신생률,대구광역시,광업,소상공인,,16.7,개%
2016,소멸률,대구광역시,광업,소상공인,,33.3,개%
2016,활동,대구광역시,제조업,계,,31246,개%
2016,신생,대구광역시,제조업,계,,2406,개%
2016,소멸,대구광역시,제조업,계,,1838,개%
2016,신생률,대구광역시,제조업,계,,7.7,개%
2016,소멸률,대구광역시,제조업,계,,5.9,개%
2016,활동,대구광역시,제조업,대기업,,65,개%
2016,신생,대구광역시,제조업,대기업,,-,개%
2016,소멸,대구광역시,제조업,대기업,,-,개%
2016,신생률,대구광역시,제조업,대기업,,-,개%
2016,소멸률,대구광역시,제조업,대기업,,-,개%
2016,활동,대구광역시,제조업,상호출자제한기업,,2,개%
2016,신생,대구광역시,제조업,상호출자제한기업,,0,개%
2016,소멸,대구광역시,제조업,상호출자제한기업,,0,개%
2016,신생률,대구광역시,제조업,상호출자제한기업,,0,개%
2016,소멸률,대구광역시,제조업,상호출자제한기업,,0,개%
2016,활동,대구광역시,제조업,기타 대기업,,14,개%
2016,신생,대구광역시,제조업,기타 대기업,,0,개%
2016,소멸,대구광역시,제조업,기타 대기업,,0,개%
2016,신생률,대구광역시,제조업,기타 대기업,,0,개%
2016,소멸률,대구광역시,제조업,기타 대기업,,0,개%
2016,활동,대구광역시,제조업,중견기업,,49,개%
2016,신생,대구광역시,제조업,중견기업,,0,개%
2016,소멸,대구광역시,제조업,중견기업,,0,개%
2016,신생률,대구광역시,제조업,중견기업,,0,개%
2016,소멸률,대구광역시,제조업,중견기업,,0,개%
2016,활동,대구광역시,제조업,중소기업,,31181,개%
2016,신생,대구광역시,제조업,중소기업,,2406,개%
2016,소멸,대구광역시,제조업,중소기업,,1838,개%
2016,신생률,대구광역시,제조업,중소기업,,7.7,개%
2016,소멸률,대구광역시,제조업,중소기업,,5.9,개%
2016,활동,대구광역시,제조업,소기업,,30591,개%
2016,신생,대구광역시,제조업,소기업,,2397,개%
2016,소멸,대구광역시,제조업,소기업,,1836,개%
2016,신생률,대구광역시,제조업,소기업,,7.8,개%
2016,소멸률,대구광역시,제조업,소기업,,6,개%
2016,활동,대구광역시,제조업,소상공인,,27606,개%
2016,신생,대구광역시,제조업,소상공인,,2314,개%
2016,소멸,대구광역시,제조업,소상공인,,1786,개%
2016,신생률,대구광역시,제조업,소상공인,,8.4,개%
2016,소멸률,대구광역시,제조업,소상공인,,6.5,개%
2016,활동,대구광역시,전기 가스 증기 및 공기조절 공급업,계,,188,개%
2016,신생,대구광역시,전기 가스 증기 및 공기조절 공급업,계,,18,개%
2016,소멸,대구광역시,전기 가스 증기 및 공기조절 공급업,계,,8,개%
2016,신생률,대구광역시,전기 가스 증기 및 공기조절 공급업,계,,9.6,개%
2016,소멸률,대구광역시,전기 가스 증기 및 공기조절 공급업,계,,4.3,개%
2016,활동,대구광역시,전기 가스 증기 및 공기조절 공급업,대기업,,2,개%
2016,신생,대구광역시,전기 가스 증기 및 공기조절 공급업,대기업,,-,개%
2016,소멸,대구광역시,전기 가스 증기 및 공기조절 공급업,대기업,,-,개%
2016,신생률,대구광역시,전기 가스 증기 및 공기조절 공급업,대기업,,-,개%
2016,소멸률,대구광역시,전기 가스 증기 및 공기조절 공급업,대기업,,-,개%
2016,활동,대구광역시,전기 가스 증기 및 공기조절 공급업,상호출자제한기업,,0,개%
2016,신생,대구광역시,전기 가스 증기 및 공기조절 공급업,상호출자제한기업,,0,개%
2016,소멸,대구광역시,전기 가스 증기 및 공기조절 공급업,상호출자제한기업,,0,개%
2016,신생률,대구광역시,전기 가스 증기 및 공기조절 공급업,상호출자제한기업,,-,개%
2016,소멸률,대구광역시,전기 가스 증기 및 공기조절 공급업,상호출자제한기업,,-,개%
2016,활동,대구광역시,전기 가스 증기 및 공기조절 공급업,기타 대기업,,0,개%
2016,신생,대구광역시,전기 가스 증기 및 공기조절 공급업,기타 대기업,,0,개%
2016,소멸,대구광역시,전기 가스 증기 및 공기조절 공급업,기타 대기업,,0,개%
2016,신생률,대구광역시,전기 가스 증기 및 공기조절 공급업,기타 대기업,,-,개%
2016,소멸률,대구광역시,전기 가스 증기 및 공기조절 공급업,기타 대기업,,-,개%
2016,활동,대구광역시,전기 가스 증기 및 공기조절 공급업,중견기업,,2,개%
2016,신생,대구광역시,전기 가스 증기 및 공기조절 공급업,중견기업,,0,개%
2016,소멸,대구광역시,전기 가스 증기 및 공기조절 공급업,중견기업,,0,개%
2016,신생률,대구광역시,전기 가스 증기 및 공기조절 공급업,중견기업,,0,개%
2016,소멸률,대구광역시,전기 가스 증기 및 공기조절 공급업,중견기업,,0,개%
2016,활동,대구광역시,전기 가스 증기 및 공기조절 공급업,중소기업,,186,개%
2016,신생,대구광역시,전기 가스 증기 및 공기조절 공급업,중소기업,,18,개%
2016,소멸,대구광역시,전기 가스 증기 및 공기조절 공급업,중소기업,,8,개%
2016,신생률,대구광역시,전기 가스 증기 및 공기조절 공급업,중소기업,,9.7,개%
2016,소멸률,대구광역시,전기 가스 증기 및 공기조절 공급업,중소기업,,4.3,개%
2016,활동,대구광역시,전기 가스 증기 및 공기조절 공급업,소기업,,184,개%
2016,신생,대구광역시,전기 가스 증기 및 공기조절 공급업,소기업,,18,개%
2016,소멸,대구광역시,전기 가스 증기 및 공기조절 공급업,소기업,,8,개%
2016,신생률,대구광역시,전기 가스 증기 및 공기조절 공급업,소기업,,9.8,개%
2016,소멸률,대구광역시,전기 가스 증기 및 공기조절 공급업,소기업,,4.3,개%
2016,활동,대구광역시,전기 가스 증기 및 공기조절 공급업,소상공인,,179,개%
2016,신생,대구광역시,전기 가스 증기 및 공기조절 공급업,소상공인,,18,개%
2016,소멸,대구광역시,전기 가스 증기 및 공기조절 공급업,소상공인,,8,개%
2016,신생률,대구광역시,전기 가스 증기 및 공기조절 공급업,소상공인,,10.1,개%
2016,소멸률,대구광역시,전기 가스 증기 및 공기조절 공급업,소상공인,,4.5,개%
2016,활동,대구광역시,수도 하수 및 폐기물처리 원료재생업,계,,344,개%
2016,신생,대구광역시,수도 하수 및 폐기물처리 원료재생업,계,,26,개%
2016,소멸,대구광역시,수도 하수 및 폐기물처리 원료재생업,계,,14,개%
2016,신생률,대구광역시,수도 하수 및 폐기물처리 원료재생업,계,,7.6,개%
2016,소멸률,대구광역시,수도 하수 및 폐기물처리 원료재생업,계,,4.1,개%
2016,활동,대구광역시,수도 하수 및 폐기물처리 원료재생업,대기업,,-,개%
2016,신생,대구광역시,수도 하수 및 폐기물처리 원료재생업,대기업,,-,개%
2016,소멸,대구광역시,수도 하수 및 폐기물처리 원료재생업,대기업,,-,개%
2016,신생률,대구광역시,수도 하수 및 폐기물처리 원료재생업,대기업,,-,개%
2016,소멸률,대구광역시,수도 하수 및 폐기물처리 원료재생업,대기업,,-,개%
2016,활동,대구광역시,수도 하수 및 폐기물처리 원료재생업,상호출자제한기업,,0,개%
2016,신생,대구광역시,수도 하수 및 폐기물처리 원료재생업,상호출자제한기업,,0,개%
2016,소멸,대구광역시,수도 하수 및 폐기물처리 원료재생업,상호출자제한기업,,0,개%
2016,신생률,대구광역시,수도 하수 및 폐기물처리 원료재생업,상호출자제한기업,,-,개%
2016,소멸률,대구광역시,수도 하수 및 폐기물처리 원료재생업,상호출자제한기업,,-,개%
2016,활동,대구광역시,수도 하수 및 폐기물처리 원료재생업,기타 대기업,,0,개%
2016,신생,대구광역시,수도 하수 및 폐기물처리 원료재생업,기타 대기업,,0,개%
2016,소멸,대구광역시,수도 하수 및 폐기물처리 원료재생업,기타 대기업,,0,개%
2016,신생률,대구광역시,수도 하수 및 폐기물처리 원료재생업,기타 대기업,,-,개%
2016,소멸률,대구광역시,수도 하수 및 폐기물처리 원료재생업,기타 대기업,,-,개%
2016,활동,대구광역시,수도 하수 및 폐기물처리 원료재생업,중견기업,,0,개%
2016,신생,대구광역시,수도 하수 및 폐기물처리 원료재생업,중견기업,,0,개%
2016,소멸,대구광역시,수도 하수 및 폐기물처리 원료재생업,중견기업,,0,개%
2016,신생률,대구광역시,수도 하수 및 폐기물처리 원료재생업,중견기업,,-,개%
2016,소멸률,대구광역시,수도 하수 및 폐기물처리 원료재생업,중견기업,,-,개%
2016,활동,대구광역시,수도 하수 및 폐기물처리 원료재생업,중소기업,,344,개%
2016,신생,대구광역시,수도 하수 및 폐기물처리 원료재생업,중소기업,,26,개%
2016,소멸,대구광역시,수도 하수 및 폐기물처리 원료재생업,중소기업,,14,개%
2016,신생률,대구광역시,수도 하수 및 폐기물처리 원료재생업,중소기업,,7.6,개%
2016,소멸률,대구광역시,수도 하수 및 폐기물처리 원료재생업,중소기업,,4.1,개%
2016,활동,대구광역시,수도 하수 및 폐기물처리 원료재생업,소기업,,305,개%
2016,신생,대구광역시,수도 하수 및 폐기물처리 원료재생업,소기업,,26,개%
2016,소멸,대구광역시,수도 하수 및 폐기물처리 원료재생업,소기업,,14,개%
2016,신생률,대구광역시,수도 하수 및 폐기물처리 원료재생업,소기업,,8.5,개%
2016,소멸률,대구광역시,수도 하수 및 폐기물처리 원료재생업,소기업,,4.6,개%
2016,활동,대구광역시,수도 하수 및 폐기물처리 원료재생업,소상공인,,233,개%
2016,신생,대구광역시,수도 하수 및 폐기물처리 원료재생업,소상공인,,24,개%
2016,소멸,대구광역시,수도 하수 및 폐기물처리 원료재생업,소상공인,,12,개%
2016,신생률,대구광역시,수도 하수 및 폐기물처리 원료재생업,소상공인,,10.3,개%
2016,소멸률,대구광역시,수도 하수 및 폐기물처리 원료재생업,소상공인,,5.2,개%
2016,활동,대구광역시,건설업,계,,16034,개%
2016,신생,대구광역시,건설업,계,,1872,개%
2016,소멸,대구광역시,건설업,계,,1067,개%
2016,신생률,대구광역시,건설업,계,,11.7,개%
2016,소멸률,대구광역시,건설업,계,,6.7,개%
2016,활동,대구광역시,건설업,대기업,,9,개%
2016,신생,대구광역시,건설업,대기업,,-,개%
2016,소멸,대구광역시,건설업,대기업,,-,개%
2016,신생률,대구광역시,건설업,대기업,,-,개%
2016,소멸률,대구광역시,건설업,대기업,,-,개%
2016,활동,대구광역시,건설업,상호출자제한기업,,0,개%
2016,신생,대구광역시,건설업,상호출자제한기업,,0,개%
2016,소멸,대구광역시,건설업,상호출자제한기업,,0,개%
2016,신생률,대구광역시,건설업,상호출자제한기업,,-,개%
2016,소멸률,대구광역시,건설업,상호출자제한기업,,-,개%
2016,활동,대구광역시,건설업,기타 대기업,,5,개%
2016,신생,대구광역시,건설업,기타 대기업,,0,개%
2016,소멸,대구광역시,건설업,기타 대기업,,0,개%
2016,신생률,대구광역시,건설업,기타 대기업,,0,개%
2016,소멸률,대구광역시,건설업,기타 대기업,,0,개%
2016,활동,대구광역시,건설업,중견기업,,4,개%
2016,신생,대구광역시,건설업,중견기업,,0,개%
2016,소멸,대구광역시,건설업,중견기업,,0,개%
2016,신생률,대구광역시,건설업,중견기업,,0,개%
2016,소멸률,대구광역시,건설업,중견기업,,0,개%
2016,활동,대구광역시,건설업,중소기업,,16025,개%
2016,신생,대구광역시,건설업,중소기업,,1872,개%
2016,소멸,대구광역시,건설업,중소기업,,1067,개%
2016,신생률,대구광역시,건설업,중소기업,,11.7,개%
2016,소멸률,대구광역시,건설업,중소기업,,6.7,개%
2016,활동,대구광역시,건설업,소기업,,15798,개%
2016,신생,대구광역시,건설업,소기업,,1858,개%
2016,소멸,대구광역시,건설업,소기업,,1058,개%
2016,신생률,대구광역시,건설업,소기업,,11.8,개%
2016,소멸률,대구광역시,건설업,소기업,,6.7,개%
2016,활동,대구광역시,건설업,소상공인,,15322,개%
2016,신생,대구광역시,건설업,소상공인,,1846,개%
2016,소멸,대구광역시,건설업,소상공인,,1051,개%
2016,신생률,대구광역시,건설업,소상공인,,12,개%
2016,소멸률,대구광역시,건설업,소상공인,,6.9,개%
2016,활동,대구광역시,도매 및 소매업,계,,69148,개%
2016,신생,대구광역시,도매 및 소매업,계,,10053,개%
2016,소멸,대구광역시,도매 및 소매업,계,,8015,개%
2016,신생률,대구광역시,도매 및 소매업,계,,14.5,개%
2016,소멸률,대구광역시,도매 및 소매업,계,,11.6,개%
2016,활동,대구광역시,도매 및 소매업,대기업,,22,개%
2016,신생,대구광역시,도매 및 소매업,대기업,,-,개%
2016,소멸,대구광역시,도매 및 소매업,대기업,,-,개%
2016,신생률,대구광역시,도매 및 소매업,대기업,,-,개%
2016,소멸률,대구광역시,도매 및 소매업,대기업,,-,개%
2016,활동,대구광역시,도매 및 소매업,상호출자제한기업,,2,개%
2016,신생,대구광역시,도매 및 소매업,상호출자제한기업,,0,개%
2016,소멸,대구광역시,도매 및 소매업,상호출자제한기업,,0,개%
2016,신생률,대구광역시,도매 및 소매업,상호출자제한기업,,0,개%
2016,소멸률,대구광역시,도매 및 소매업,상호출자제한기업,,0,개%
2016,활동,대구광역시,도매 및 소매업,기타 대기업,,6,개%
2016,신생,대구광역시,도매 및 소매업,기타 대기업,,0,개%
2016,소멸,대구광역시,도매 및 소매업,기타 대기업,,0,개%
2016,신생률,대구광역시,도매 및 소매업,기타 대기업,,0,개%
2016,소멸률,대구광역시,도매 및 소매업,기타 대기업,,0,개%
2016,활동,대구광역시,도매 및 소매업,중견기업,,14,개%
2016,신생,대구광역시,도매 및 소매업,중견기업,,0,개%
2016,소멸,대구광역시,도매 및 소매업,중견기업,,0,개%
2016,신생률,대구광역시,도매 및 소매업,중견기업,,0,개%
2016,소멸률,대구광역시,도매 및 소매업,중견기업,,0,개%
2016,활동,대구광역시,도매 및 소매업,중소기업,,69126,개%
2016,신생,대구광역시,도매 및 소매업,중소기업,,10053,개%
2016,소멸,대구광역시,도매 및 소매업,중소기업,,8015,개%
2016,신생률,대구광역시,도매 및 소매업,중소기업,,14.5,개%
2016,소멸률,대구광역시,도매 및 소매업,중소기업,,11.6,개%
2016,활동,대구광역시,도매 및 소매업,소기업,,68029,개%
2016,신생,대구광역시,도매 및 소매업,소기업,,10006,개%
2016,소멸,대구광역시,도매 및 소매업,소기업,,7989,개%
2016,신생률,대구광역시,도매 및 소매업,소기업,,14.7,개%
2016,소멸률,대구광역시,도매 및 소매업,소기업,,11.7,개%
2016,활동,대구광역시,도매 및 소매업,소상공인,,65788,개%
2016,신생,대구광역시,도매 및 소매업,소상공인,,9889,개%
2016,소멸,대구광역시,도매 및 소매업,소상공인,,7935,개%
2016,신생률,대구광역시,도매 및 소매업,소상공인,,15,개%
2016,소멸률,대구광역시,도매 및 소매업,소상공인,,12.1,개%
2016,활동,대구광역시,운수 및 창고업,계,,29793,개%
2016,신생,대구광역시,운수 및 창고업,계,,1999,개%
2016,소멸,대구광역시,운수 및 창고업,계,,1507,개%
2016,신생률,대구광역시,운수 및 창고업,계,,6.7,개%
2016,소멸률,대구광역시,운수 및 창고업,계,,5.1,개%
2016,활동,대구광역시,운수 및 창고업,대기업,,3,개%
2016,신생,대구광역시,운수 및 창고업,대기업,,-,개%
2016,소멸,대구광역시,운수 및 창고업,대기업,,-,개%
2016,신생률,대구광역시,운수 및 창고업,대기업,,-,개%
2016,소멸률,대구광역시,운수 및 창고업,대기업,,-,개%
2016,활동,대구광역시,운수 및 창고업,상호출자제한기업,,0,개%
2016,신생,대구광역시,운수 및 창고업,상호출자제한기업,,0,개%
2016,소멸,대구광역시,운수 및 창고업,상호출자제한기업,,0,개%
2016,신생률,대구광역시,운수 및 창고업,상호출자제한기업,,-,개%
2016,소멸률,대구광역시,운수 및 창고업,상호출자제한기업,,-,개%
2016,활동,대구광역시,운수 및 창고업,기타 대기업,,0,개%
2016,신생,대구광역시,운수 및 창고업,기타 대기업,,0,개%
2016,소멸,대구광역시,운수 및 창고업,기타 대기업,,0,개%
2016,신생률,대구광역시,운수 및 창고업,기타 대기업,,-,개%
2016,소멸률,대구광역시,운수 및 창고업,기타 대기업,,-,개%
2016,활동,대구광역시,운수 및 창고업,중견기업,,3,개%
2016,신생,대구광역시,운수 및 창고업,중견기업,,0,개%
2016,소멸,대구광역시,운수 및 창고업,중견기업,,0,개%
2016,신생률,대구광역시,운수 및 창고업,중견기업,,0,개%
2016,소멸률,대구광역시,운수 및 창고업,중견기업,,0,개%
2016,활동,대구광역시,운수 및 창고업,중소기업,,29790,개%
2016,신생,대구광역시,운수 및 창고업,중소기업,,1999,개%
2016,소멸,대구광역시,운수 및 창고업,중소기업,,1507,개%
2016,신생률,대구광역시,운수 및 창고업,중소기업,,6.7,개%
2016,소멸률,대구광역시,운수 및 창고업,중소기업,,5.1,개%
2016,활동,대구광역시,운수 및 창고업,소기업,,29744,개%
2016,신생,대구광역시,운수 및 창고업,소기업,,1999,개%
2016,소멸,대구광역시,운수 및 창고업,소기업,,1507,개%
2016,신생률,대구광역시,운수 및 창고업,소기업,,6.7,개%
2016,소멸률,대구광역시,운수 및 창고업,소기업,,5.1,개%
2016,활동,대구광역시,운수 및 창고업,소상공인,,29538,개%
2016,신생,대구광역시,운수 및 창고업,소상공인,,1990,개%
2016,소멸,대구광역시,운수 및 창고업,소상공인,,1496,개%
2016,신생률,대구광역시,운수 및 창고업,소상공인,,6.7,개%
2016,소멸률,대구광역시,운수 및 창고업,소상공인,,5.1,개%
2016,활동,대구광역시,숙박 및 음식점업,계,,37103,개%
2016,신생,대구광역시,숙박 및 음식점업,계,,7857,개%
2016,소멸,대구광역시,숙박 및 음식점업,계,,6682,개%
2016,신생률,대구광역시,숙박 및 음식점업,계,,21.2,개%
2016,소멸률,대구광역시,숙박 및 음식점업,계,,18,개%
2016,활동,대구광역시,숙박 및 음식점업,대기업,,2,개%
2016,신생,대구광역시,숙박 및 음식점업,대기업,,-,개%
2016,소멸,대구광역시,숙박 및 음식점업,대기업,,-,개%
2016,신생률,대구광역시,숙박 및 음식점업,대기업,,-,개%
2016,소멸률,대구광역시,숙박 및 음식점업,대기업,,-,개%
2016,활동,대구광역시,숙박 및 음식점업,상호출자제한기업,,1,개%
2016,신생,대구광역시,숙박 및 음식점업,상호출자제한기업,,0,개%
2016,소멸,대구광역시,숙박 및 음식점업,상호출자제한기업,,0,개%
2016,신생률,대구광역시,숙박 및 음식점업,상호출자제한기업,,0,개%
2016,소멸률,대구광역시,숙박 및 음식점업,상호출자제한기업,,0,개%
2016,활동,대구광역시,숙박 및 음식점업,기타 대기업,,1,개%
2016,신생,대구광역시,숙박 및 음식점업,기타 대기업,,0,개%
2016,소멸,대구광역시,숙박 및 음식점업,기타 대기업,,0,개%
2016,신생률,대구광역시,숙박 및 음식점업,기타 대기업,,0,개%
2016,소멸률,대구광역시,숙박 및 음식점업,기타 대기업,,0,개%
2016,활동,대구광역시,숙박 및 음식점업,중견기업,,0,개%
2016,신생,대구광역시,숙박 및 음식점업,중견기업,,0,개%
2016,소멸,대구광역시,숙박 및 음식점업,중견기업,,0,개%
2016,신생률,대구광역시,숙박 및 음식점업,중견기업,,-,개%
2016,소멸률,대구광역시,숙박 및 음식점업,중견기업,,-,개%
2016,활동,대구광역시,숙박 및 음식점업,중소기업,,37101,개%
2016,신생,대구광역시,숙박 및 음식점업,중소기업,,7857,개%
2016,소멸,대구광역시,숙박 및 음식점업,중소기업,,6682,개%
2016,신생률,대구광역시,숙박 및 음식점업,중소기업,,21.2,개%
2016,소멸률,대구광역시,숙박 및 음식점업,중소기업,,18,개%
2016,활동,대구광역시,숙박 및 음식점업,소기업,,36702,개%
2016,신생,대구광역시,숙박 및 음식점업,소기업,,7815,개%
2016,소멸,대구광역시,숙박 및 음식점업,소기업,,6652,개%
2016,신생률,대구광역시,숙박 및 음식점업,소기업,,21.3,개%
2016,소멸률,대구광역시,숙박 및 음식점업,소기업,,18.1,개%
2016,활동,대구광역시,숙박 및 음식점업,소상공인,,35868,개%
2016,신생,대구광역시,숙박 및 음식점업,소상공인,,7689,개%
2016,소멸,대구광역시,숙박 및 음식점업,소상공인,,6608,개%
2016,신생률,대구광역시,숙박 및 음식점업,소상공인,,21.4,개%
2016,소멸률,대구광역시,숙박 및 음식점업,소상공인,,18.4,개%
2016,활동,대구광역시,정보통신업,계,,1799,개%
2016,신생,대구광역시,정보통신업,계,,327,개%
2016,소멸,대구광역시,정보통신업,계,,196,개%
2016,신생률,대구광역시,정보통신업,계,,18.2,개%
2016,소멸률,대구광역시,정보통신업,계,,10.9,개%
2016,활동,대구광역시,정보통신업,대기업,,3,개%
2016,신생,대구광역시,정보통신업,대기업,,-,개%
2016,소멸,대구광역시,정보통신업,대기업,,-,개%
2016,신생률,대구광역시,정보통신업,대기업,,-,개%
2016,소멸률,대구광역시,정보통신업,대기업,,-,개%
2016,활동,대구광역시,정보통신업,상호출자제한기업,,0,개%
2016,신생,대구광역시,정보통신업,상호출자제한기업,,0,개%
2016,소멸,대구광역시,정보통신업,상호출자제한기업,,0,개%
2016,신생률,대구광역시,정보통신업,상호출자제한기업,,-,개%
2016,소멸률,대구광역시,정보통신업,상호출자제한기업,,-,개%
2016,활동,대구광역시,정보통신업,기타 대기업,,0,개%
2016,신생,대구광역시,정보통신업,기타 대기업,,0,개%
2016,소멸,대구광역시,정보통신업,기타 대기업,,0,개%
2016,신생률,대구광역시,정보통신업,기타 대기업,,-,개%
2016,소멸률,대구광역시,정보통신업,기타 대기업,,-,개%
2016,활동,대구광역시,정보통신업,중견기업,,3,개%
2016,신생,대구광역시,정보통신업,중견기업,,0,개%
2016,소멸,대구광역시,정보통신업,중견기업,,0,개%
2016,신생률,대구광역시,정보통신업,중견기업,,0,개%
2016,소멸률,대구광역시,정보통신업,중견기업,,0,개%
2016,활동,대구광역시,정보통신업,중소기업,,1796,개%
2016,신생,대구광역시,정보통신업,중소기업,,327,개%
2016,소멸,대구광역시,정보통신업,중소기업,,196,개%
2016,신생률,대구광역시,정보통신업,중소기업,,18.2,개%
2016,소멸률,대구광역시,정보통신업,중소기업,,10.9,개%
2016,활동,대구광역시,정보통신업,소기업,,1757,개%
2016,신생,대구광역시,정보통신업,소기업,,323,개%
2016,소멸,대구광역시,정보통신업,소기업,,194,개%
2016,신생률,대구광역시,정보통신업,소기업,,18.4,개%
2016,소멸률,대구광역시,정보통신업,소기업,,11,개%
2016,활동,대구광역시,정보통신업,소상공인,,1450,개%
2016,신생,대구광역시,정보통신업,소상공인,,303,개%
2016,소멸,대구광역시,정보통신업,소상공인,,188,개%
2016,신생률,대구광역시,정보통신업,소상공인,,20.9,개%
2016,소멸률,대구광역시,정보통신업,소상공인,,13,개%
2016,활동,대구광역시,금융 및 보험업,계,,844,개%
2016,신생,대구광역시,금융 및 보험업,계,,158,개%
2016,소멸,대구광역시,금융 및 보험업,계,,126,개%
2016,신생률,대구광역시,금융 및 보험업,계,,18.7,개%
2016,소멸률,대구광역시,금융 및 보험업,계,,14.9,개%
2016,활동,대구광역시,금융 및 보험업,대기업,,3,개%
2016,신생,대구광역시,금융 및 보험업,대기업,,-,개%
2016,소멸,대구광역시,금융 및 보험업,대기업,,-,개%
2016,신생률,대구광역시,금융 및 보험업,대기업,,-,개%
2016,소멸률,대구광역시,금융 및 보험업,대기업,,-,개%
2016,활동,대구광역시,금융 및 보험업,상호출자제한기업,,0,개%
2016,신생,대구광역시,금융 및 보험업,상호출자제한기업,,0,개%
2016,소멸,대구광역시,금융 및 보험업,상호출자제한기업,,0,개%
2016,신생률,대구광역시,금융 및 보험업,상호출자제한기업,,-,개%
2016,소멸률,대구광역시,금융 및 보험업,상호출자제한기업,,-,개%
2016,활동,대구광역시,금융 및 보험업,기타 대기업,,2,개%
2016,신생,대구광역시,금융 및 보험업,기타 대기업,,0,개%
2016,소멸,대구광역시,금융 및 보험업,기타 대기업,,0,개%
2016,신생률,대구광역시,금융 및 보험업,기타 대기업,,0,개%
2016,소멸률,대구광역시,금융 및 보험업,기타 대기업,,0,개%
2016,활동,대구광역시,금융 및 보험업,중견기업,,1,개%
2016,신생,대구광역시,금융 및 보험업,중견기업,,0,개%
2016,소멸,대구광역시,금융 및 보험업,중견기업,,0,개%
2016,신생률,대구광역시,금융 및 보험업,중견기업,,0,개%
2016,소멸률,대구광역시,금융 및 보험업,중견기업,,0,개%
2016,활동,대구광역시,금융 및 보험업,중소기업,,841,개%
2016,신생,대구광역시,금융 및 보험업,중소기업,,158,개%
2016,소멸,대구광역시,금융 및 보험업,중소기업,,126,개%
2016,신생률,대구광역시,금융 및 보험업,중소기업,,18.8,개%
2016,소멸률,대구광역시,금융 및 보험업,중소기업,,15,개%
2016,활동,대구광역시,금융 및 보험업,소기업,,829,개%
2016,신생,대구광역시,금융 및 보험업,소기업,,158,개%
2016,소멸,대구광역시,금융 및 보험업,소기업,,126,개%
2016,신생률,대구광역시,금융 및 보험업,소기업,,19.1,개%
2016,소멸률,대구광역시,금융 및 보험업,소기업,,15.2,개%
2016,활동,대구광역시,금융 및 보험업,소상공인,,778,개%
2016,신생,대구광역시,금융 및 보험업,소상공인,,154,개%
2016,소멸,대구광역시,금융 및 보험업,소상공인,,123,개%
2016,신생률,대구광역시,금융 및 보험업,소상공인,,19.8,개%
2016,소멸률,대구광역시,금융 및 보험업,소상공인,,15.8,개%
2016,활동,대구광역시,부동산업,계,,46660,개%
2016,신생,대구광역시,부동산업,계,,7389,개%
2016,소멸,대구광역시,부동산업,계,,4199,개%
2016,신생률,대구광역시,부동산업,계,,15.8,개%
2016,소멸률,대구광역시,부동산업,계,,9,개%
2016,활동,대구광역시,부동산업,대기업,,16,개%
2016,신생,대구광역시,부동산업,대기업,,-,개%
2016,소멸,대구광역시,부동산업,대기업,,1,개%
2016,신생률,대구광역시,부동산업,대기업,,-,개%
2016,소멸률,대구광역시,부동산업,대기업,,6.3,개%
2016,활동,대구광역시,부동산업,상호출자제한기업,,1,개%
2016,신생,대구광역시,부동산업,상호출자제한기업,,0,개%
2016,소멸,대구광역시,부동산업,상호출자제한기업,,0,개%
2016,신생률,대구광역시,부동산업,상호출자제한기업,,0,개%
2016,소멸률,대구광역시,부동산업,상호출자제한기업,,0,개%
2016,활동,대구광역시,부동산업,기타 대기업,,9,개%
2016,신생,대구광역시,부동산업,기타 대기업,,0,개%
2016,소멸,대구광역시,부동산업,기타 대기업,,1,개%
2016,신생률,대구광역시,부동산업,기타 대기업,,0,개%
2016,소멸률,대구광역시,부동산업,기타 대기업,,11.1,개%
2016,활동,대구광역시,부동산업,중견기업,,6,개%
2016,신생,대구광역시,부동산업,중견기업,,0,개%
2016,소멸,대구광역시,부동산업,중견기업,,0,개%
2016,신생률,대구광역시,부동산업,중견기업,,0,개%
2016,소멸률,대구광역시,부동산업,중견기업,,0,개%
2016,활동,대구광역시,부동산업,중소기업,,46644,개%
2016,신생,대구광역시,부동산업,중소기업,,7389,개%
2016,소멸,대구광역시,부동산업,중소기업,,4198,개%
2016,신생률,대구광역시,부동산업,중소기업,,15.8,개%
2016,소멸률,대구광역시,부동산업,중소기업,,9,개%
2016,활동,대구광역시,부동산업,소기업,,46340,개%
2016,신생,대구광역시,부동산업,소기업,,7336,개%
2016,소멸,대구광역시,부동산업,소기업,,4150,개%
2016,신생률,대구광역시,부동산업,소기업,,15.8,개%
2016,소멸률,대구광역시,부동산업,소기업,,9,개%
2016,활동,대구광역시,부동산업,소상공인,,46189,개%
2016,신생,대구광역시,부동산업,소상공인,,7317,개%
2016,소멸,대구광역시,부동산업,소상공인,,4148,개%
2016,신생률,대구광역시,부동산업,소상공인,,15.8,개%
2016,소멸률,대구광역시,부동산업,소상공인,,9,개%
2016,활동,대구광역시,전문과학기술서비스업,계,,5788,개%
2016,신생,대구광역시,전문과학기술서비스업,계,,758,개%
2016,소멸,대구광역시,전문과학기술서비스업,계,,469,개%
2016,신생률,대구광역시,전문과학기술서비스업,계,,13.1,개%
2016,소멸률,대구광역시,전문과학기술서비스업,계,,8.1,개%
2016,활동,대구광역시,전문과학기술서비스업,대기업,,1,개%
2016,신생,대구광역시,전문과학기술서비스업,대기업,,-,개%
2016,소멸,대구광역시,전문과학기술서비스업,대기업,,-,개%
2016,신생률,대구광역시,전문과학기술서비스업,대기업,,-,개%
2016,소멸률,대구광역시,전문과학기술서비스업,대기업,,-,개%
2016,활동,대구광역시,전문과학기술서비스업,상호출자제한기업,,0,개%
2016,신생,대구광역시,전문과학기술서비스업,상호출자제한기업,,0,개%
2016,소멸,대구광역시,전문과학기술서비스업,상호출자제한기업,,0,개%
2016,신생률,대구광역시,전문과학기술서비스업,상호출자제한기업,,-,개%
2016,소멸률,대구광역시,전문과학기술서비스업,상호출자제한기업,,-,개%
2016,활동,대구광역시,전문과학기술서비스업,기타 대기업,,0,개%
2016,신생,대구광역시,전문과학기술서비스업,기타 대기업,,0,개%
2016,소멸,대구광역시,전문과학기술서비스업,기타 대기업,,0,개%
2016,신생률,대구광역시,전문과학기술서비스업,기타 대기업,,-,개%
2016,소멸률,대구광역시,전문과학기술서비스업,기타 대기업,,-,개%
2016,활동,대구광역시,전문과학기술서비스업,중견기업,,1,개%
2016,신생,대구광역시,전문과학기술서비스업,중견기업,,0,개%
2016,소멸,대구광역시,전문과학기술서비스업,중견기업,,0,개%
2016,신생률,대구광역시,전문과학기술서비스업,중견기업,,0,개%
2016,소멸률,대구광역시,전문과학기술서비스업,중견기업,,0,개%
2016,활동,대구광역시,전문과학기술서비스업,중소기업,,5787,개%
2016,신생,대구광역시,전문과학기술서비스업,중소기업,,758,개%
2016,소멸,대구광역시,전문과학기술서비스업,중소기업,,469,개%
2016,신생률,대구광역시,전문과학기술서비스업,중소기업,,13.1,개%
2016,소멸률,대구광역시,전문과학기술서비스업,중소기업,,8.1,개%
2016,활동,대구광역시,전문과학기술서비스업,소기업,,5727,개%
2016,신생,대구광역시,전문과학기술서비스업,소기업,,755,개%
2016,소멸,대구광역시,전문과학기술서비스업,소기업,,466,개%
2016,신생률,대구광역시,전문과학기술서비스업,소기업,,13.2,개%
2016,소멸률,대구광역시,전문과학기술서비스업,소기업,,8.1,개%
2016,활동,대구광역시,전문과학기술서비스업,소상공인,,4828,개%
2016,신생,대구광역시,전문과학기술서비스업,소상공인,,722,개%
2016,소멸,대구광역시,전문과학기술서비스업,소상공인,,454,개%
2016,신생률,대구광역시,전문과학기술서비스업,소상공인,,15,개%
2016,소멸률,대구광역시,전문과학기술서비스업,소상공인,,9.4,개%
2016,활동,대구광역시,사업시설관리 사업지원 및 임대 서비스업,계,,4678,개%
2016,신생,대구광역시,사업시설관리 사업지원 및 임대 서비스업,계,,918,개%
2016,소멸,대구광역시,사업시설관리 사업지원 및 임대 서비스업,계,,635,개%
2016,신생률,대구광역시,사업시설관리 사업지원 및 임대 서비스업,계,,19.6,개%
2016,소멸률,대구광역시,사업시설관리 사업지원 및 임대 서비스업,계,,13.6,개%
2016,활동,대구광역시,사업시설관리 사업지원 및 임대 서비스업,대기업,,-,개%
2016,신생,대구광역시,사업시설관리 사업지원 및 임대 서비스업,대기업,,-,개%
2016,소멸,대구광역시,사업시설관리 사업지원 및 임대 서비스업,대기업,,-,개%
2016,신생률,대구광역시,사업시설관리 사업지원 및 임대 서비스업,대기업,,-,개%
2016,소멸률,대구광역시,사업시설관리 사업지원 및 임대 서비스업,대기업,,-,개%
2016,활동,대구광역시,사업시설관리 사업지원 및 임대 서비스업,상호출자제한기업,,0,개%
2016,신생,대구광역시,사업시설관리 사업지원 및 임대 서비스업,상호출자제한기업,,0,개%
2016,소멸,대구광역시,사업시설관리 사업지원 및 임대 서비스업,상호출자제한기업,,0,개%
2016,신생률,대구광역시,사업시설관리 사업지원 및 임대 서비스업,상호출자제한기업,,-,개%
2016,소멸률,대구광역시,사업시설관리 사업지원 및 임대 서비스업,상호출자제한기업,,-,개%
2016,활동,대구광역시,사업시설관리 사업지원 및 임대 서비스업,기타 대기업,,0,개%
2016,신생,대구광역시,사업시설관리 사업지원 및 임대 서비스업,기타 대기업,,0,개%
2016,소멸,대구광역시,사업시설관리 사업지원 및 임대 서비스업,기타 대기업,,0,개%
2016,신생률,대구광역시,사업시설관리 사업지원 및 임대 서비스업,기타 대기업,,-,개%
2016,소멸률,대구광역시,사업시설관리 사업지원 및 임대 서비스업,기타 대기업,,-,개%
2016,활동,대구광역시,사업시설관리 사업지원 및 임대 서비스업,중견기업,,0,개%
2016,신생,대구광역시,사업시설관리 사업지원 및 임대 서비스업,중견기업,,0,개%
2016,소멸,대구광역시,사업시설관리 사업지원 및 임대 서비스업,중견기업,,0,개%
2016,신생률,대구광역시,사업시설관리 사업지원 및 임대 서비스업,중견기업,,-,개%
2016,소멸률,대구광역시,사업시설관리 사업지원 및 임대 서비스업,중견기업,,-,개%
2016,활동,대구광역시,사업시설관리 사업지원 및 임대 서비스업,중소기업,,4678,개%
2016,신생,대구광역시,사업시설관리 사업지원 및 임대 서비스업,중소기업,,918,개%
2016,소멸,대구광역시,사업시설관리 사업지원 및 임대 서비스업,중소기업,,635,개%
2016,신생률,대구광역시,사업시설관리 사업지원 및 임대 서비스업,중소기업,,19.6,개%
2016,소멸률,대구광역시,사업시설관리 사업지원 및 임대 서비스업,중소기업,,13.6,개%
2016,활동,대구광역시,사업시설관리 사업지원 및 임대 서비스업,소기업,,4542,개%
2016,신생,대구광역시,사업시설관리 사업지원 및 임대 서비스업,소기업,,901,개%
2016,소멸,대구광역시,사업시설관리 사업지원 및 임대 서비스업,소기업,,622,개%
2016,신생률,대구광역시,사업시설관리 사업지원 및 임대 서비스업,소기업,,19.8,개%
2016,소멸률,대구광역시,사업시설관리 사업지원 및 임대 서비스업,소기업,,13.7,개%
2016,활동,대구광역시,사업시설관리 사업지원 및 임대 서비스업,소상공인,,4010,개%
2016,신생,대구광역시,사업시설관리 사업지원 및 임대 서비스업,소상공인,,829,개%
2016,소멸,대구광역시,사업시설관리 사업지원 및 임대 서비스업,소상공인,,578,개%
2016,신생률,대구광역시,사업시설관리 사업지원 및 임대 서비스업,소상공인,,20.7,개%
2016,소멸률,대구광역시,사업시설관리 사업지원 및 임대 서비스업,소상공인,,14.4,개%
2016,활동,대구광역시,교육서비스업,계,,7684,개%
2016,신생,대구광역시,교육서비스업,계,,1438,개%
2016,소멸,대구광역시,교육서비스업,계,,1077,개%
2016,신생률,대구광역시,교육서비스업,계,,18.7,개%
2016,소멸률,대구광역시,교육서비스업,계,,14,개%
2016,활동,대구광역시,교육서비스업,대기업,,-,개%
2016,신생,대구광역시,교육서비스업,대기업,,-,개%
2016,소멸,대구광역시,교육서비스업,대기업,,-,개%
2016,신생률,대구광역시,교육서비스업,대기업,,-,개%
2016,소멸률,대구광역시,교육서비스업,대기업,,-,개%
2016,활동,대구광역시,교육서비스업,상호출자제한기업,,0,개%
2016,신생,대구광역시,교육서비스업,상호출자제한기업,,0,개%
2016,소멸,대구광역시,교육서비스업,상호출자제한기업,,0,개%
2016,신생률,대구광역시,교육서비스업,상호출자제한기업,,-,개%
2016,소멸률,대구광역시,교육서비스업,상호출자제한기업,,-,개%
2016,활동,대구광역시,교육서비스업,기타 대기업,,0,개%
2016,신생,대구광역시,교육서비스업,기타 대기업,,0,개%
2016,소멸,대구광역시,교육서비스업,기타 대기업,,0,개%
2016,신생률,대구광역시,교육서비스업,기타 대기업,,-,개%
2016,소멸률,대구광역시,교육서비스업,기타 대기업,,-,개%
2016,활동,대구광역시,교육서비스업,중견기업,,0,개%
2016,신생,대구광역시,교육서비스업,중견기업,,0,개%
2016,소멸,대구광역시,교육서비스업,중견기업,,0,개%
2016,신생률,대구광역시,교육서비스업,중견기업,,-,개%
2016,소멸률,대구광역시,교육서비스업,중견기업,,-,개%
2016,활동,대구광역시,교육서비스업,중소기업,,7684,개%
2016,신생,대구광역시,교육서비스업,중소기업,,1438,개%
2016,소멸,대구광역시,교육서비스업,중소기업,,1077,개%
2016,신생률,대구광역시,교육서비스업,중소기업,,18.7,개%
2016,소멸률,대구광역시,교육서비스업,중소기업,,14,개%
2016,활동,대구광역시,교육서비스업,소기업,,7599,개%
2016,신생,대구광역시,교육서비스업,소기업,,1433,개%
2016,소멸,대구광역시,교육서비스업,소기업,,1074,개%
2016,신생률,대구광역시,교육서비스업,소기업,,18.9,개%
2016,소멸률,대구광역시,교육서비스업,소기업,,14.1,개%
2016,활동,대구광역시,교육서비스업,소상공인,,7348,개%
2016,신생,대구광역시,교육서비스업,소상공인,,1426,개%
2016,소멸,대구광역시,교육서비스업,소상공인,,1068,개%
2016,신생률,대구광역시,교육서비스업,소상공인,,19.4,개%
2016,소멸률,대구광역시,교육서비스업,소상공인,,14.5,개%
2016,활동,대구광역시,보건업 및 사회복지 서비스업,계,,3966,개%
2016,신생,대구광역시,보건업 및 사회복지 서비스업,계,,247,개%
2016,소멸,대구광역시,보건업 및 사회복지 서비스업,계,,139,개%
2016,신생률,대구광역시,보건업 및 사회복지 서비스업,계,,6.2,개%
2016,소멸률,대구광역시,보건업 및 사회복지 서비스업,계,,3.5,개%
2016,활동,대구광역시,보건업 및 사회복지 서비스업,대기업,,-,개%
2016,신생,대구광역시,보건업 및 사회복지 서비스업,대기업,,-,개%
2016,소멸,대구광역시,보건업 및 사회복지 서비스업,대기업,,-,개%
2016,신생률,대구광역시,보건업 및 사회복지 서비스업,대기업,,-,개%
2016,소멸률,대구광역시,보건업 및 사회복지 서비스업,대기업,,-,개%
2016,활동,대구광역시,보건업 및 사회복지 서비스업,상호출자제한기업,,0,개%
2016,신생,대구광역시,보건업 및 사회복지 서비스업,상호출자제한기업,,0,개%
2016,소멸,대구광역시,보건업 및 사회복지 서비스업,상호출자제한기업,,0,개%
2016,신생률,대구광역시,보건업 및 사회복지 서비스업,상호출자제한기업,,-,개%
2016,소멸률,대구광역시,보건업 및 사회복지 서비스업,상호출자제한기업,,-,개%
2016,활동,대구광역시,보건업 및 사회복지 서비스업,기타 대기업,,0,개%
2016,신생,대구광역시,보건업 및 사회복지 서비스업,기타 대기업,,0,개%
2016,소멸,대구광역시,보건업 및 사회복지 서비스업,기타 대기업,,0,개%
2016,신생률,대구광역시,보건업 및 사회복지 서비스업,기타 대기업,,-,개%
2016,소멸률,대구광역시,보건업 및 사회복지 서비스업,기타 대기업,,-,개%
2016,활동,대구광역시,보건업 및 사회복지 서비스업,중견기업,,0,개%
2016,신생,대구광역시,보건업 및 사회복지 서비스업,중견기업,,0,개%
2016,소멸,대구광역시,보건업 및 사회복지 서비스업,중견기업,,0,개%
2016,신생률,대구광역시,보건업 및 사회복지 서비스업,중견기업,,-,개%
2016,소멸률,대구광역시,보건업 및 사회복지 서비스업,중견기업,,-,개%
2016,활동,대구광역시,보건업 및 사회복지 서비스업,중소기업,,3966,개%
2016,신생,대구광역시,보건업 및 사회복지 서비스업,중소기업,,247,개%
2016,소멸,대구광역시,보건업 및 사회복지 서비스업,중소기업,,139,개%
2016,신생률,대구광역시,보건업 및 사회복지 서비스업,중소기업,,6.2,개%
2016,소멸률,대구광역시,보건업 및 사회복지 서비스업,중소기업,,3.5,개%
2016,활동,대구광역시,보건업 및 사회복지 서비스업,소기업,,3432,개%
2016,신생,대구광역시,보건업 및 사회복지 서비스업,소기업,,226,개%
2016,소멸,대구광역시,보건업 및 사회복지 서비스업,소기업,,128,개%
2016,신생률,대구광역시,보건업 및 사회복지 서비스업,소기업,,6.6,개%
2016,소멸률,대구광역시,보건업 및 사회복지 서비스업,소기업,,3.7,개%
2016,활동,대구광역시,보건업 및 사회복지 서비스업,소상공인,,2498,개%
2016,신생,대구광역시,보건업 및 사회복지 서비스업,소상공인,,171,개%
2016,소멸,대구광역시,보건업 및 사회복지 서비스업,소상공인,,109,개%
2016,신생률,대구광역시,보건업 및 사회복지 서비스업,소상공인,,6.8,개%
2016,소멸률,대구광역시,보건업 및 사회복지 서비스업,소상공인,,4.4,개%
2016,활동,대구광역시,예술 스포츠 및 여가관련 서비스업,계,,5625,개%
2016,신생,대구광역시,예술 스포츠 및 여가관련 서비스업,계,,1375,개%
2016,소멸,대구광역시,예술 스포츠 및 여가관련 서비스업,계,,869,개%
2016,신생률,대구광역시,예술 스포츠 및 여가관련 서비스업,계,,24.4,개%
2016,소멸률,대구광역시,예술 스포츠 및 여가관련 서비스업,계,,15.4,개%
2016,활동,대구광역시,예술 스포츠 및 여가관련 서비스업,대기업,,2,개%
2016,신생,대구광역시,예술 스포츠 및 여가관련 서비스업,대기업,,-,개%
2016,소멸,대구광역시,예술 스포츠 및 여가관련 서비스업,대기업,,-,개%
2016,신생률,대구광역시,예술 스포츠 및 여가관련 서비스업,대기업,,-,개%
2016,소멸률,대구광역시,예술 스포츠 및 여가관련 서비스업,대기업,,-,개%
2016,활동,대구광역시,예술 스포츠 및 여가관련 서비스업,상호출자제한기업,,1,개%
2016,신생,대구광역시,예술 스포츠 및 여가관련 서비스업,상호출자제한기업,,0,개%
2016,소멸,대구광역시,예술 스포츠 및 여가관련 서비스업,상호출자제한기업,,0,개%
2016,신생률,대구광역시,예술 스포츠 및 여가관련 서비스업,상호출자제한기업,,0,개%
2016,소멸률,대구광역시,예술 스포츠 및 여가관련 서비스업,상호출자제한기업,,0,개%
2016,활동,대구광역시,예술 스포츠 및 여가관련 서비스업,기타 대기업,,0,개%
2016,신생,대구광역시,예술 스포츠 및 여가관련 서비스업,기타 대기업,,0,개%
2016,소멸,대구광역시,예술 스포츠 및 여가관련 서비스업,기타 대기업,,0,개%
2016,신생률,대구광역시,예술 스포츠 및 여가관련 서비스업,기타 대기업,,-,개%
2016,소멸률,대구광역시,예술 스포츠 및 여가관련 서비스업,기타 대기업,,-,개%
2016,활동,대구광역시,예술 스포츠 및 여가관련 서비스업,중견기업,,1,개%
2016,신생,대구광역시,예술 스포츠 및 여가관련 서비스업,중견기업,,0,개%
2016,소멸,대구광역시,예술 스포츠 및 여가관련 서비스업,중견기업,,0,개%
2016,신생률,대구광역시,예술 스포츠 및 여가관련 서비스업,중견기업,,0,개%
2016,소멸률,대구광역시,예술 스포츠 및 여가관련 서비스업,중견기업,,0,개%
2016,활동,대구광역시,예술 스포츠 및 여가관련 서비스업,중소기업,,5623,개%
2016,신생,대구광역시,예술 스포츠 및 여가관련 서비스업,중소기업,,1375,개%
2016,소멸,대구광역시,예술 스포츠 및 여가관련 서비스업,중소기업,,869,개%
2016,신생률,대구광역시,예술 스포츠 및 여가관련 서비스업,중소기업,,24.5,개%
2016,소멸률,대구광역시,예술 스포츠 및 여가관련 서비스업,중소기업,,15.5,개%
2016,활동,대구광역시,예술 스포츠 및 여가관련 서비스업,소기업,,5589,개%
2016,신생,대구광역시,예술 스포츠 및 여가관련 서비스업,소기업,,1355,개%
2016,소멸,대구광역시,예술 스포츠 및 여가관련 서비스업,소기업,,869,개%
2016,신생률,대구광역시,예술 스포츠 및 여가관련 서비스업,소기업,,24.2,개%
2016,소멸률,대구광역시,예술 스포츠 및 여가관련 서비스업,소기업,,15.5,개%
2016,활동,대구광역시,예술 스포츠 및 여가관련 서비스업,소상공인,,5500,개%
2016,신생,대구광역시,예술 스포츠 및 여가관련 서비스업,소상공인,,1344,개%
2016,소멸,대구광역시,예술 스포츠 및 여가관련 서비스업,소상공인,,868,개%
2016,신생률,대구광역시,예술 스포츠 및 여가관련 서비스업,소상공인,,24.4,개%
2016,소멸률,대구광역시,예술 스포츠 및 여가관련 서비스업,소상공인,,15.8,개%
2016,활동,대구광역시,협회 및 단체 수리 및 기타 개인서비스업,계,,12525,개%
2016,신생,대구광역시,협회 및 단체 수리 및 기타 개인서비스업,계,,1973,개%
2016,소멸,대구광역시,협회 및 단체 수리 및 기타 개인서비스업,계,,1358,개%
2016,신생률,대구광역시,협회 및 단체 수리 및 기타 개인서비스업,계,,15.8,개%
2016,소멸률,대구광역시,협회 및 단체 수리 및 기타 개인서비스업,계,,10.8,개%
2016,활동,대구광역시,협회 및 단체 수리 및 기타 개인서비스업,대기업,,1,개%
2016,신생,대구광역시,협회 및 단체 수리 및 기타 개인서비스업,대기업,,-,개%
2016,소멸,대구광역시,협회 및 단체 수리 및 기타 개인서비스업,대기업,,-,개%
2016,신생률,대구광역시,협회 및 단체 수리 및 기타 개인서비스업,대기업,,-,개%
2016,소멸률,대구광역시,협회 및 단체 수리 및 기타 개인서비스업,대기업,,-,개%
2016,활동,대구광역시,협회 및 단체 수리 및 기타 개인서비스업,상호출자제한기업,,0,개%
2016,신생,대구광역시,협회 및 단체 수리 및 기타 개인서비스업,상호출자제한기업,,0,개%
2016,소멸,대구광역시,협회 및 단체 수리 및 기타 개인서비스업,상호출자제한기업,,0,개%
2016,신생률,대구광역시,협회 및 단체 수리 및 기타 개인서비스업,상호출자제한기업,,-,개%
2016,소멸률,대구광역시,협회 및 단체 수리 및 기타 개인서비스업,상호출자제한기업,,-,개%
2016,활동,대구광역시,협회 및 단체 수리 및 기타 개인서비스업,기타 대기업,,0,개%
2016,신생,대구광역시,협회 및 단체 수리 및 기타 개인서비스업,기타 대기업,,0,개%
2016,소멸,대구광역시,협회 및 단체 수리 및 기타 개인서비스업,기타 대기업,,0,개%
2016,신생률,대구광역시,협회 및 단체 수리 및 기타 개인서비스업,기타 대기업,,-,개%
2016,소멸률,대구광역시,협회 및 단체 수리 및 기타 개인서비스업,기타 대기업,,-,개%
2016,활동,대구광역시,협회 및 단체 수리 및 기타 개인서비스업,중견기업,,1,개%
2016,신생,대구광역시,협회 및 단체 수리 및 기타 개인서비스업,중견기업,,0,개%
2016,소멸,대구광역시,협회 및 단체 수리 및 기타 개인서비스업,중견기업,,0,개%
2016,신생률,대구광역시,협회 및 단체 수리 및 기타 개인서비스업,중견기업,,0,개%
2016,소멸률,대구광역시,협회 및 단체 수리 및 기타 개인서비스업,중견기업,,0,개%
2016,활동,대구광역시,협회 및 단체 수리 및 기타 개인서비스업,중소기업,,12524,개%
2016,신생,대구광역시,협회 및 단체 수리 및 기타 개인서비스업,중소기업,,1973,개%
2016,소멸,대구광역시,협회 및 단체 수리 및 기타 개인서비스업,중소기업,,1358,개%
2016,신생률,대구광역시,협회 및 단체 수리 및 기타 개인서비스업,중소기업,,15.8,개%
2016,소멸률,대구광역시,협회 및 단체 수리 및 기타 개인서비스업,중소기업,,10.8,개%
2016,활동,대구광역시,협회 및 단체 수리 및 기타 개인서비스업,소기업,,12377,개%
2016,신생,대구광역시,협회 및 단체 수리 및 기타 개인서비스업,소기업,,1964,개%
2016,소멸,대구광역시,협회 및 단체 수리 및 기타 개인서비스업,소기업,,1347,개%
2016,신생률,대구광역시,협회 및 단체 수리 및 기타 개인서비스업,소기업,,15.9,개%
2016,소멸률,대구광역시,협회 및 단체 수리 및 기타 개인서비스업,소기업,,10.9,개%
2016,활동,대구광역시,협회 및 단체 수리 및 기타 개인서비스업,소상공인,,11988,개%
2016,신생,대구광역시,협회 및 단체 수리 및 기타 개인서비스업,소상공인,,1938,개%
2016,소멸,대구광역시,협회 및 단체 수리 및 기타 개인서비스업,소상공인,,1335,개%
2016,신생률,대구광역시,협회 및 단체 수리 및 기타 개인서비스업,소상공인,,16.2,개%
2016,소멸률,대구광역시,협회 및 단체 수리 및 기타 개인서비스업,소상공인,,11.1,개%
2017,활동,대구광역시,전체,계,,283281,개%
2017,신생,대구광역시,전체,계,,38996,개%
2017,소멸,대구광역시,전체,계,,30571,개%
2017,신생률,대구광역시,전체,계,,13.8,개%
2017,소멸률,대구광역시,전체,계,,10.8,개%
2017,활동,대구광역시,전체,대기업,,138,개%
2017,신생,대구광역시,전체,대기업,,-,개%
2017,소멸,대구광역시,전체,대기업,,2,개%
2017,신생률,대구광역시,전체,대기업,,-,개%
2017,소멸률,대구광역시,전체,대기업,,1.4,개%
2017,활동,대구광역시,전체,상호출자제한기업,,9,개%
2017,신생,대구광역시,전체,상호출자제한기업,,0,개%
2017,소멸,대구광역시,전체,상호출자제한기업,,0,개%
2017,신생률,대구광역시,전체,상호출자제한기업,,0,개%
2017,소멸률,대구광역시,전체,상호출자제한기업,,0,개%
2017,활동,대구광역시,전체,기타 대기업,,43,개%
2017,신생,대구광역시,전체,기타 대기업,,0,개%
2017,소멸,대구광역시,전체,기타 대기업,,1,개%
2017,신생률,대구광역시,전체,기타 대기업,,0,개%
2017,소멸률,대구광역시,전체,기타 대기업,,2.3,개%
2017,활동,대구광역시,전체,중견기업,,86,개%
2017,신생,대구광역시,전체,중견기업,,0,개%
2017,소멸,대구광역시,전체,중견기업,,1,개%
2017,신생률,대구광역시,전체,중견기업,,0,개%
2017,소멸률,대구광역시,전체,중견기업,,1.2,개%
2017,활동,대구광역시,전체,중소기업,,283143,개%
2017,신생,대구광역시,전체,중소기업,,38996,개%
2017,소멸,대구광역시,전체,중소기업,,30569,개%
2017,신생률,대구광역시,전체,중소기업,,13.8,개%
2017,소멸률,대구광역시,전체,중소기업,,10.8,개%
2017,활동,대구광역시,전체,소기업,,279282,개%
2017,신생,대구광역시,전체,소기업,,38784,개%
2017,소멸,대구광역시,전체,소기업,,30416,개%
2017,신생률,대구광역시,전체,소기업,,13.9,개%
2017,소멸률,대구광역시,전체,소기업,,10.9,개%
2017,활동,대구광역시,전체,소상공인,,268436,개%
2017,신생,대구광역시,전체,소상공인,,38213,개%
2017,소멸,대구광역시,전체,소상공인,,30089,개%
2017,신생률,대구광역시,전체,소상공인,,14.2,개%
2017,소멸률,대구광역시,전체,소상공인,,11.2,개%
2017,활동,대구광역시,농업 임업 및 어업,계,,155,개%
2017,신생,대구광역시,농업 임업 및 어업,계,,34,개%
2017,소멸,대구광역시,농업 임업 및 어업,계,,38,개%
2017,신생률,대구광역시,농업 임업 및 어업,계,,21.9,개%
2017,소멸률,대구광역시,농업 임업 및 어업,계,,24.5,개%
2017,활동,대구광역시,농업 임업 및 어업,대기업,,-,개%
2017,신생,대구광역시,농업 임업 및 어업,대기업,,-,개%
2017,소멸,대구광역시,농업 임업 및 어업,대기업,,-,개%
2017,신생률,대구광역시,농업 임업 및 어업,대기업,,-,개%
2017,소멸률,대구광역시,농업 임업 및 어업,대기업,,-,개%
2017,활동,대구광역시,농업 임업 및 어업,상호출자제한기업,,0,개%
2017,신생,대구광역시,농업 임업 및 어업,상호출자제한기업,,0,개%
2017,소멸,대구광역시,농업 임업 및 어업,상호출자제한기업,,0,개%
2017,신생률,대구광역시,농업 임업 및 어업,상호출자제한기업,,-,개%
2017,소멸률,대구광역시,농업 임업 및 어업,상호출자제한기업,,-,개%
2017,활동,대구광역시,농업 임업 및 어업,기타 대기업,,0,개%
2017,신생,대구광역시,농업 임업 및 어업,기타 대기업,,0,개%
2017,소멸,대구광역시,농업 임업 및 어업,기타 대기업,,0,개%
2017,신생률,대구광역시,농업 임업 및 어업,기타 대기업,,-,개%
2017,소멸률,대구광역시,농업 임업 및 어업,기타 대기업,,-,개%
2017,활동,대구광역시,농업 임업 및 어업,중견기업,,0,개%
2017,신생,대구광역시,농업 임업 및 어업,중견기업,,0,개%
2017,소멸,대구광역시,농업 임업 및 어업,중견기업,,0,개%
2017,신생률,대구광역시,농업 임업 및 어업,중견기업,,-,개%
2017,소멸률,대구광역시,농업 임업 및 어업,중견기업,,-,개%
2017,활동,대구광역시,농업 임업 및 어업,중소기업,,155,개%
2017,신생,대구광역시,농업 임업 및 어업,중소기업,,34,개%
2017,소멸,대구광역시,농업 임업 및 어업,중소기업,,38,개%
2017,신생률,대구광역시,농업 임업 및 어업,중소기업,,21.9,개%
2017,소멸률,대구광역시,농업 임업 및 어업,중소기업,,24.5,개%
2017,활동,대구광역시,농업 임업 및 어업,소기업,,155,개%
2017,신생,대구광역시,농업 임업 및 어업,소기업,,34,개%
2017,소멸,대구광역시,농업 임업 및 어업,소기업,,38,개%
2017,신생률,대구광역시,농업 임업 및 어업,소기업,,21.9,개%
2017,소멸률,대구광역시,농업 임업 및 어업,소기업,,24.5,개%
2017,활동,대구광역시,농업 임업 및 어업,소상공인,,152,개%
2017,신생,대구광역시,농업 임업 및 어업,소상공인,,32,개%
2017,소멸,대구광역시,농업 임업 및 어업,소상공인,,38,개%
2017,신생률,대구광역시,농업 임업 및 어업,소상공인,,21.1,개%
2017,소멸률,대구광역시,농업 임업 및 어업,소상공인,,25,개%
2017,활동,대구광역시,광업,계,,6,개%
2017,신생,대구광역시,광업,계,,-,개%
2017,소멸,대구광역시,광업,계,,2,개%
2017,신생률,대구광역시,광업,계,,-,개%
2017,소멸률,대구광역시,광업,계,,33.3,개%
2017,활동,대구광역시,광업,대기업,,-,개%
2017,신생,대구광역시,광업,대기업,,-,개%
2017,소멸,대구광역시,광업,대기업,,-,개%
2017,신생률,대구광역시,광업,대기업,,-,개%
2017,소멸률,대구광역시,광업,대기업,,-,개%
2017,활동,대구광역시,광업,상호출자제한기업,,0,개%
2017,신생,대구광역시,광업,상호출자제한기업,,0,개%
2017,소멸,대구광역시,광업,상호출자제한기업,,0,개%
2017,신생률,대구광역시,광업,상호출자제한기업,,-,개%
2017,소멸률,대구광역시,광업,상호출자제한기업,,-,개%
2017,활동,대구광역시,광업,기타 대기업,,0,개%
2017,신생,대구광역시,광업,기타 대기업,,0,개%
2017,소멸,대구광역시,광업,기타 대기업,,0,개%
2017,신생률,대구광역시,광업,기타 대기업,,-,개%
2017,소멸률,대구광역시,광업,기타 대기업,,-,개%
2017,활동,대구광역시,광업,중견기업,,0,개%
2017,신생,대구광역시,광업,중견기업,,0,개%
2017,소멸,대구광역시,광업,중견기업,,0,개%
2017,신생률,대구광역시,광업,중견기업,,-,개%
2017,소멸률,대구광역시,광업,중견기업,,-,개%
2017,활동,대구광역시,광업,중소기업,,6,개%
2017,신생,대구광역시,광업,중소기업,,-,개%
2017,소멸,대구광역시,광업,중소기업,,2,개%
2017,신생률,대구광역시,광업,중소기업,,-,개%
2017,소멸률,대구광역시,광업,중소기업,,33.3,개%
2017,활동,대구광역시,광업,소기업,,6,개%
2017,신생,대구광역시,광업,소기업,,-,개%
2017,소멸,대구광역시,광업,소기업,,2,개%
2017,신생률,대구광역시,광업,소기업,,-,개%
2017,소멸률,대구광역시,광업,소기업,,33.3,개%
2017,활동,대구광역시,광업,소상공인,,5,개%
2017,신생,대구광역시,광업,소상공인,,-,개%
2017,소멸,대구광역시,광업,소상공인,,2,개%
2017,신생률,대구광역시,광업,소상공인,,-,개%
2017,소멸률,대구광역시,광업,소상공인,,40,개%
2017,활동,대구광역시,제조업,계,,31745,개%
2017,신생,대구광역시,제조업,계,,2489,개%
2017,소멸,대구광역시,제조업,계,,1933,개%
2017,신생률,대구광역시,제조업,계,,7.8,개%
2017,소멸률,대구광역시,제조업,계,,6.1,개%
2017,활동,대구광역시,제조업,대기업,,66,개%
2017,신생,대구광역시,제조업,대기업,,-,개%
2017,소멸,대구광역시,제조업,대기업,,1,개%
2017,신생률,대구광역시,제조업,대기업,,-,개%
2017,소멸률,대구광역시,제조업,대기업,,1.5,개%
2017,활동,대구광역시,제조업,상호출자제한기업,,3,개%
2017,신생,대구광역시,제조업,상호출자제한기업,,0,개%
2017,소멸,대구광역시,제조업,상호출자제한기업,,0,개%
2017,신생률,대구광역시,제조업,상호출자제한기업,,0,개%
2017,소멸률,대구광역시,제조업,상호출자제한기업,,0,개%
2017,활동,대구광역시,제조업,기타 대기업,,13,개%
2017,신생,대구광역시,제조업,기타 대기업,,0,개%
2017,소멸,대구광역시,제조업,기타 대기업,,0,개%
2017,신생률,대구광역시,제조업,기타 대기업,,0,개%
2017,소멸률,대구광역시,제조업,기타 대기업,,0,개%
2017,활동,대구광역시,제조업,중견기업,,50,개%
2017,신생,대구광역시,제조업,중견기업,,0,개%
2017,소멸,대구광역시,제조업,중견기업,,1,개%
2017,신생률,대구광역시,제조업,중견기업,,0,개%
2017,소멸률,대구광역시,제조업,중견기업,,2,개%
2017,활동,대구광역시,제조업,중소기업,,31679,개%
2017,신생,대구광역시,제조업,중소기업,,2489,개%
2017,소멸,대구광역시,제조업,중소기업,,1932,개%
2017,신생률,대구광역시,제조업,중소기업,,7.9,개%
2017,소멸률,대구광역시,제조업,중소기업,,6.1,개%
2017,활동,대구광역시,제조업,소기업,,31075,개%
2017,신생,대구광역시,제조업,소기업,,2481,개%
2017,소멸,대구광역시,제조업,소기업,,1925,개%
2017,신생률,대구광역시,제조업,소기업,,8,개%
2017,소멸률,대구광역시,제조업,소기업,,6.2,개%
2017,활동,대구광역시,제조업,소상공인,,28089,개%
2017,신생,대구광역시,제조업,소상공인,,2414,개%
2017,소멸,대구광역시,제조업,소상공인,,1867,개%
2017,신생률,대구광역시,제조업,소상공인,,8.6,개%
2017,소멸률,대구광역시,제조업,소상공인,,6.6,개%
2017,활동,대구광역시,전기 가스 증기 및 공기조절 공급업,계,,228,개%
2017,신생,대구광역시,전기 가스 증기 및 공기조절 공급업,계,,37,개%
2017,소멸,대구광역시,전기 가스 증기 및 공기조절 공급업,계,,7,개%
2017,신생률,대구광역시,전기 가스 증기 및 공기조절 공급업,계,,16.2,개%
2017,소멸률,대구광역시,전기 가스 증기 및 공기조절 공급업,계,,3.1,개%
2017,활동,대구광역시,전기 가스 증기 및 공기조절 공급업,대기업,,2,개%
2017,신생,대구광역시,전기 가스 증기 및 공기조절 공급업,대기업,,-,개%
2017,소멸,대구광역시,전기 가스 증기 및 공기조절 공급업,대기업,,-,개%
2017,신생률,대구광역시,전기 가스 증기 및 공기조절 공급업,대기업,,-,개%
2017,소멸률,대구광역시,전기 가스 증기 및 공기조절 공급업,대기업,,-,개%
2017,활동,대구광역시,전기 가스 증기 및 공기조절 공급업,상호출자제한기업,,0,개%
2017,신생,대구광역시,전기 가스 증기 및 공기조절 공급업,상호출자제한기업,,0,개%
2017,소멸,대구광역시,전기 가스 증기 및 공기조절 공급업,상호출자제한기업,,0,개%
2017,신생률,대구광역시,전기 가스 증기 및 공기조절 공급업,상호출자제한기업,,-,개%
2017,소멸률,대구광역시,전기 가스 증기 및 공기조절 공급업,상호출자제한기업,,-,개%
2017,활동,대구광역시,전기 가스 증기 및 공기조절 공급업,기타 대기업,,0,개%
2017,신생,대구광역시,전기 가스 증기 및 공기조절 공급업,기타 대기업,,0,개%
2017,소멸,대구광역시,전기 가스 증기 및 공기조절 공급업,기타 대기업,,0,개%
2017,신생률,대구광역시,전기 가스 증기 및 공기조절 공급업,기타 대기업,,-,개%
2017,소멸률,대구광역시,전기 가스 증기 및 공기조절 공급업,기타 대기업,,-,개%
2017,활동,대구광역시,전기 가스 증기 및 공기조절 공급업,중견기업,,2,개%
2017,신생,대구광역시,전기 가스 증기 및 공기조절 공급업,중견기업,,0,개%
2017,소멸,대구광역시,전기 가스 증기 및 공기조절 공급업,중견기업,,0,개%
2017,신생률,대구광역시,전기 가스 증기 및 공기조절 공급업,중견기업,,0,개%
2017,소멸률,대구광역시,전기 가스 증기 및 공기조절 공급업,중견기업,,0,개%
2017,활동,대구광역시,전기 가스 증기 및 공기조절 공급업,중소기업,,226,개%
2017,신생,대구광역시,전기 가스 증기 및 공기조절 공급업,중소기업,,37,개%
2017,소멸,대구광역시,전기 가스 증기 및 공기조절 공급업,중소기업,,7,개%
2017,신생률,대구광역시,전기 가스 증기 및 공기조절 공급업,중소기업,,16.4,개%
2017,소멸률,대구광역시,전기 가스 증기 및 공기조절 공급업,중소기업,,3.1,개%
2017,활동,대구광역시,전기 가스 증기 및 공기조절 공급업,소기업,,224,개%
2017,신생,대구광역시,전기 가스 증기 및 공기조절 공급업,소기업,,37,개%
2017,소멸,대구광역시,전기 가스 증기 및 공기조절 공급업,소기업,,7,개%
2017,신생률,대구광역시,전기 가스 증기 및 공기조절 공급업,소기업,,16.5,개%
2017,소멸률,대구광역시,전기 가스 증기 및 공기조절 공급업,소기업,,3.1,개%
2017,활동,대구광역시,전기 가스 증기 및 공기조절 공급업,소상공인,,219,개%
2017,신생,대구광역시,전기 가스 증기 및 공기조절 공급업,소상공인,,37,개%
2017,소멸,대구광역시,전기 가스 증기 및 공기조절 공급업,소상공인,,7,개%
2017,신생률,대구광역시,전기 가스 증기 및 공기조절 공급업,소상공인,,16.9,개%
2017,소멸률,대구광역시,전기 가스 증기 및 공기조절 공급업,소상공인,,3.2,개%
2017,활동,대구광역시,수도 하수 및 폐기물처리 원료재생업,계,,350,개%
2017,신생,대구광역시,수도 하수 및 폐기물처리 원료재생업,계,,19,개%
2017,소멸,대구광역시,수도 하수 및 폐기물처리 원료재생업,계,,18,개%
2017,신생률,대구광역시,수도 하수 및 폐기물처리 원료재생업,계,,5.4,개%
2017,소멸률,대구광역시,수도 하수 및 폐기물처리 원료재생업,계,,5.1,개%
2017,활동,대구광역시,수도 하수 및 폐기물처리 원료재생업,대기업,,-,개%
2017,신생,대구광역시,수도 하수 및 폐기물처리 원료재생업,대기업,,-,개%
2017,소멸,대구광역시,수도 하수 및 폐기물처리 원료재생업,대기업,,-,개%
2017,신생률,대구광역시,수도 하수 및 폐기물처리 원료재생업,대기업,,-,개%
2017,소멸률,대구광역시,수도 하수 및 폐기물처리 원료재생업,대기업,,-,개%
2017,활동,대구광역시,수도 하수 및 폐기물처리 원료재생업,상호출자제한기업,,0,개%
2017,신생,대구광역시,수도 하수 및 폐기물처리 원료재생업,상호출자제한기업,,0,개%
2017,소멸,대구광역시,수도 하수 및 폐기물처리 원료재생업,상호출자제한기업,,0,개%
2017,신생률,대구광역시,수도 하수 및 폐기물처리 원료재생업,상호출자제한기업,,-,개%
2017,소멸률,대구광역시,수도 하수 및 폐기물처리 원료재생업,상호출자제한기업,,-,개%
2017,활동,대구광역시,수도 하수 및 폐기물처리 원료재생업,기타 대기업,,0,개%
2017,신생,대구광역시,수도 하수 및 폐기물처리 원료재생업,기타 대기업,,0,개%
2017,소멸,대구광역시,수도 하수 및 폐기물처리 원료재생업,기타 대기업,,0,개%
2017,신생률,대구광역시,수도 하수 및 폐기물처리 원료재생업,기타 대기업,,-,개%
2017,소멸률,대구광역시,수도 하수 및 폐기물처리 원료재생업,기타 대기업,,-,개%
2017,활동,대구광역시,수도 하수 및 폐기물처리 원료재생업,중견기업,,0,개%
2017,신생,대구광역시,수도 하수 및 폐기물처리 원료재생업,중견기업,,0,개%
2017,소멸,대구광역시,수도 하수 및 폐기물처리 원료재생업,중견기업,,0,개%
2017,신생률,대구광역시,수도 하수 및 폐기물처리 원료재생업,중견기업,,-,개%
2017,소멸률,대구광역시,수도 하수 및 폐기물처리 원료재생업,중견기업,,-,개%
2017,활동,대구광역시,수도 하수 및 폐기물처리 원료재생업,중소기업,,350,개%
2017,신생,대구광역시,수도 하수 및 폐기물처리 원료재생업,중소기업,,19,개%
2017,소멸,대구광역시,수도 하수 및 폐기물처리 원료재생업,중소기업,,18,개%
2017,신생률,대구광역시,수도 하수 및 폐기물처리 원료재생업,중소기업,,5.4,개%
2017,소멸률,대구광역시,수도 하수 및 폐기물처리 원료재생업,중소기업,,5.1,개%
2017,활동,대구광역시,수도 하수 및 폐기물처리 원료재생업,소기업,,309,개%
2017,신생,대구광역시,수도 하수 및 폐기물처리 원료재생업,소기업,,19,개%
2017,소멸,대구광역시,수도 하수 및 폐기물처리 원료재생업,소기업,,17,개%
2017,신생률,대구광역시,수도 하수 및 폐기물처리 원료재생업,소기업,,6.1,개%
2017,소멸률,대구광역시,수도 하수 및 폐기물처리 원료재생업,소기업,,5.5,개%
2017,활동,대구광역시,수도 하수 및 폐기물처리 원료재생업,소상공인,,234,개%
2017,신생,대구광역시,수도 하수 및 폐기물처리 원료재생업,소상공인,,16,개%
2017,소멸,대구광역시,수도 하수 및 폐기물처리 원료재생업,소상공인,,15,개%
2017,신생률,대구광역시,수도 하수 및 폐기물처리 원료재생업,소상공인,,6.8,개%
2017,소멸률,대구광역시,수도 하수 및 폐기물처리 원료재생업,소상공인,,6.4,개%
2017,활동,대구광역시,건설업,계,,16722,개%
2017,신생,대구광역시,건설업,계,,1799,개%
2017,소멸,대구광역시,건설업,계,,1141,개%
2017,신생률,대구광역시,건설업,계,,10.8,개%
2017,소멸률,대구광역시,건설업,계,,6.8,개%
2017,활동,대구광역시,건설업,대기업,,12,개%
2017,신생,대구광역시,건설업,대기업,,-,개%
2017,소멸,대구광역시,건설업,대기업,,-,개%
2017,신생률,대구광역시,건설업,대기업,,-,개%
2017,소멸률,대구광역시,건설업,대기업,,-,개%
2017,활동,대구광역시,건설업,상호출자제한기업,,0,개%
2017,신생,대구광역시,건설업,상호출자제한기업,,0,개%
2017,소멸,대구광역시,건설업,상호출자제한기업,,0,개%
2017,신생률,대구광역시,건설업,상호출자제한기업,,-,개%
2017,소멸률,대구광역시,건설업,상호출자제한기업,,-,개%
2017,활동,대구광역시,건설업,기타 대기업,,8,개%
2017,신생,대구광역시,건설업,기타 대기업,,0,개%
2017,소멸,대구광역시,건설업,기타 대기업,,0,개%
2017,신생률,대구광역시,건설업,기타 대기업,,0,개%
2017,소멸률,대구광역시,건설업,기타 대기업,,0,개%
2017,활동,대구광역시,건설업,중견기업,,4,개%
2017,신생,대구광역시,건설업,중견기업,,0,개%
2017,소멸,대구광역시,건설업,중견기업,,0,개%
2017,신생률,대구광역시,건설업,중견기업,,0,개%
2017,소멸률,대구광역시,건설업,중견기업,,0,개%
2017,활동,대구광역시,건설업,중소기업,,16710,개%
2017,신생,대구광역시,건설업,중소기업,,1799,개%
2017,소멸,대구광역시,건설업,중소기업,,1141,개%
2017,신생률,대구광역시,건설업,중소기업,,10.8,개%
2017,소멸률,대구광역시,건설업,중소기업,,6.8,개%
2017,활동,대구광역시,건설업,소기업,,16479,개%
2017,신생,대구광역시,건설업,소기업,,1790,개%
2017,소멸,대구광역시,건설업,소기업,,1133,개%
2017,신생률,대구광역시,건설업,소기업,,10.9,개%
2017,소멸률,대구광역시,건설업,소기업,,6.9,개%
2017,활동,대구광역시,건설업,소상공인,,15972,개%
2017,신생,대구광역시,건설업,소상공인,,1773,개%
2017,소멸,대구광역시,건설업,소상공인,,1129,개%
2017,신생률,대구광역시,건설업,소상공인,,11.1,개%
2017,소멸률,대구광역시,건설업,소상공인,,7.1,개%
2017,활동,대구광역시,도매 및 소매업,계,,70917,개%
2017,신생,대구광역시,도매 및 소매업,계,,10227,개%
2017,소멸,대구광역시,도매 및 소매업,계,,8511,개%
2017,신생률,대구광역시,도매 및 소매업,계,,14.4,개%
2017,소멸률,대구광역시,도매 및 소매업,계,,12,개%
2017,활동,대구광역시,도매 및 소매업,대기업,,22,개%
2017,신생,대구광역시,도매 및 소매업,대기업,,-,개%
2017,소멸,대구광역시,도매 및 소매업,대기업,,-,개%
2017,신생률,대구광역시,도매 및 소매업,대기업,,-,개%
2017,소멸률,대구광역시,도매 및 소매업,대기업,,-,개%
2017,활동,대구광역시,도매 및 소매업,상호출자제한기업,,2,개%
2017,신생,대구광역시,도매 및 소매업,상호출자제한기업,,0,개%
2017,소멸,대구광역시,도매 및 소매업,상호출자제한기업,,0,개%
2017,신생률,대구광역시,도매 및 소매업,상호출자제한기업,,0,개%
2017,소멸률,대구광역시,도매 및 소매업,상호출자제한기업,,0,개%
2017,활동,대구광역시,도매 및 소매업,기타 대기업,,6,개%
2017,신생,대구광역시,도매 및 소매업,기타 대기업,,0,개%
2017,소멸,대구광역시,도매 및 소매업,기타 대기업,,0,개%
2017,신생률,대구광역시,도매 및 소매업,기타 대기업,,0,개%
2017,소멸률,대구광역시,도매 및 소매업,기타 대기업,,0,개%
2017,활동,대구광역시,도매 및 소매업,중견기업,,14,개%
2017,신생,대구광역시,도매 및 소매업,중견기업,,0,개%
2017,소멸,대구광역시,도매 및 소매업,중견기업,,0,개%
2017,신생률,대구광역시,도매 및 소매업,중견기업,,0,개%
2017,소멸률,대구광역시,도매 및 소매업,중견기업,,0,개%
2017,활동,대구광역시,도매 및 소매업,중소기업,,70895,개%
2017,신생,대구광역시,도매 및 소매업,중소기업,,10227,개%
2017,소멸,대구광역시,도매 및 소매업,중소기업,,8511,개%
2017,신생률,대구광역시,도매 및 소매업,중소기업,,14.4,개%
2017,소멸률,대구광역시,도매 및 소매업,중소기업,,12,개%
2017,활동,대구광역시,도매 및 소매업,소기업,,69760,개%
2017,신생,대구광역시,도매 및 소매업,소기업,,10170,개%
2017,소멸,대구광역시,도매 및 소매업,소기업,,8479,개%
2017,신생률,대구광역시,도매 및 소매업,소기업,,14.6,개%
2017,소멸률,대구광역시,도매 및 소매업,소기업,,12.2,개%
2017,활동,대구광역시,도매 및 소매업,소상공인,,67409,개%
2017,신생,대구광역시,도매 및 소매업,소상공인,,10061,개%
2017,소멸,대구광역시,도매 및 소매업,소상공인,,8430,개%
2017,신생률,대구광역시,도매 및 소매업,소상공인,,14.9,개%
2017,소멸률,대구광역시,도매 및 소매업,소상공인,,12.5,개%
2017,활동,대구광역시,운수 및 창고업,계,,30340,개%
2017,신생,대구광역시,운수 및 창고업,계,,2143,개%
2017,소멸,대구광역시,운수 및 창고업,계,,1697,개%
2017,신생률,대구광역시,운수 및 창고업,계,,7.1,개%
2017,소멸률,대구광역시,운수 및 창고업,계,,5.6,개%
2017,활동,대구광역시,운수 및 창고업,대기업,,3,개%
2017,신생,대구광역시,운수 및 창고업,대기업,,-,개%
2017,소멸,대구광역시,운수 및 창고업,대기업,,-,개%
2017,신생률,대구광역시,운수 및 창고업,대기업,,-,개%
2017,소멸률,대구광역시,운수 및 창고업,대기업,,-,개%
2017,활동,대구광역시,운수 및 창고업,상호출자제한기업,,0,개%
2017,신생,대구광역시,운수 및 창고업,상호출자제한기업,,0,개%
2017,소멸,대구광역시,운수 및 창고업,상호출자제한기업,,0,개%
2017,신생률,대구광역시,운수 및 창고업,상호출자제한기업,,-,개%
2017,소멸률,대구광역시,운수 및 창고업,상호출자제한기업,,-,개%
2017,활동,대구광역시,운수 및 창고업,기타 대기업,,0,개%
2017,신생,대구광역시,운수 및 창고업,기타 대기업,,0,개%
2017,소멸,대구광역시,운수 및 창고업,기타 대기업,,0,개%
2017,신생률,대구광역시,운수 및 창고업,기타 대기업,,-,개%
2017,소멸률,대구광역시,운수 및 창고업,기타 대기업,,-,개%
2017,활동,대구광역시,운수 및 창고업,중견기업,,3,개%
2017,신생,대구광역시,운수 및 창고업,중견기업,,0,개%
2017,소멸,대구광역시,운수 및 창고업,중견기업,,0,개%
2017,신생률,대구광역시,운수 및 창고업,중견기업,,0,개%
2017,소멸률,대구광역시,운수 및 창고업,중견기업,,0,개%
2017,활동,대구광역시,운수 및 창고업,중소기업,,30337,개%
2017,신생,대구광역시,운수 및 창고업,중소기업,,2143,개%
2017,소멸,대구광역시,운수 및 창고업,중소기업,,1697,개%
2017,신생률,대구광역시,운수 및 창고업,중소기업,,7.1,개%
2017,소멸률,대구광역시,운수 및 창고업,중소기업,,5.6,개%
2017,활동,대구광역시,운수 및 창고업,소기업,,30294,개%
2017,신생,대구광역시,운수 및 창고업,소기업,,2143,개%
2017,소멸,대구광역시,운수 및 창고업,소기업,,1697,개%
2017,신생률,대구광역시,운수 및 창고업,소기업,,7.1,개%
2017,소멸률,대구광역시,운수 및 창고업,소기업,,5.6,개%
2017,활동,대구광역시,운수 및 창고업,소상공인,,30089,개%
2017,신생,대구광역시,운수 및 창고업,소상공인,,2135,개%
2017,소멸,대구광역시,운수 및 창고업,소상공인,,1691,개%
2017,신생률,대구광역시,운수 및 창고업,소상공인,,7.1,개%
2017,소멸률,대구광역시,운수 및 창고업,소상공인,,5.6,개%
2017,활동,대구광역시,숙박 및 음식점업,계,,37583,개%
2017,신생,대구광역시,숙박 및 음식점업,계,,7402,개%
2017,소멸,대구광역시,숙박 및 음식점업,계,,6825,개%
2017,신생률,대구광역시,숙박 및 음식점업,계,,19.7,개%
2017,소멸률,대구광역시,숙박 및 음식점업,계,,18.2,개%
2017,활동,대구광역시,숙박 및 음식점업,대기업,,3,개%
2017,신생,대구광역시,숙박 및 음식점업,대기업,,-,개%
2017,소멸,대구광역시,숙박 및 음식점업,대기업,,-,개%
2017,신생률,대구광역시,숙박 및 음식점업,대기업,,-,개%
2017,소멸률,대구광역시,숙박 및 음식점업,대기업,,-,개%
2017,활동,대구광역시,숙박 및 음식점업,상호출자제한기업,,1,개%
2017,신생,대구광역시,숙박 및 음식점업,상호출자제한기업,,0,개%
2017,소멸,대구광역시,숙박 및 음식점업,상호출자제한기업,,0,개%
2017,신생률,대구광역시,숙박 및 음식점업,상호출자제한기업,,0,개%
2017,소멸률,대구광역시,숙박 및 음식점업,상호출자제한기업,,0,개%
2017,활동,대구광역시,숙박 및 음식점업,기타 대기업,,2,개%
2017,신생,대구광역시,숙박 및 음식점업,기타 대기업,,0,개%
2017,소멸,대구광역시,숙박 및 음식점업,기타 대기업,,0,개%
2017,신생률,대구광역시,숙박 및 음식점업,기타 대기업,,0,개%
2017,소멸률,대구광역시,숙박 및 음식점업,기타 대기업,,0,개%
2017,활동,대구광역시,숙박 및 음식점업,중견기업,,0,개%
2017,신생,대구광역시,숙박 및 음식점업,중견기업,,0,개%
2017,소멸,대구광역시,숙박 및 음식점업,중견기업,,0,개%
2017,신생률,대구광역시,숙박 및 음식점업,중견기업,,-,개%
2017,소멸률,대구광역시,숙박 및 음식점업,중견기업,,-,개%
2017,활동,대구광역시,숙박 및 음식점업,중소기업,,37580,개%
2017,신생,대구광역시,숙박 및 음식점업,중소기업,,7402,개%
2017,소멸,대구광역시,숙박 및 음식점업,중소기업,,6825,개%
2017,신생률,대구광역시,숙박 및 음식점업,중소기업,,19.7,개%
2017,소멸률,대구광역시,숙박 및 음식점업,중소기업,,18.2,개%
2017,활동,대구광역시,숙박 및 음식점업,소기업,,37168,개%
2017,신생,대구광역시,숙박 및 음식점업,소기업,,7361,개%
2017,소멸,대구광역시,숙박 및 음식점업,소기업,,6804,개%
2017,신생률,대구광역시,숙박 및 음식점업,소기업,,19.8,개%
2017,소멸률,대구광역시,숙박 및 음식점업,소기업,,18.3,개%
2017,활동,대구광역시,숙박 및 음식점업,소상공인,,36179,개%
2017,신생,대구광역시,숙박 및 음식점업,소상공인,,7224,개%
2017,소멸,대구광역시,숙박 및 음식점업,소상공인,,6736,개%
2017,신생률,대구광역시,숙박 및 음식점업,소상공인,,20,개%
2017,소멸률,대구광역시,숙박 및 음식점업,소상공인,,18.6,개%
2017,활동,대구광역시,정보통신업,계,,1932,개%
2017,신생,대구광역시,정보통신업,계,,336,개%
2017,소멸,대구광역시,정보통신업,계,,223,개%
2017,신생률,대구광역시,정보통신업,계,,17.4,개%
2017,소멸률,대구광역시,정보통신업,계,,11.5,개%
2017,활동,대구광역시,정보통신업,대기업,,2,개%
2017,신생,대구광역시,정보통신업,대기업,,-,개%
2017,소멸,대구광역시,정보통신업,대기업,,-,개%
2017,신생률,대구광역시,정보통신업,대기업,,-,개%
2017,소멸률,대구광역시,정보통신업,대기업,,-,개%
2017,활동,대구광역시,정보통신업,상호출자제한기업,,0,개%
2017,신생,대구광역시,정보통신업,상호출자제한기업,,0,개%
2017,소멸,대구광역시,정보통신업,상호출자제한기업,,0,개%
2017,신생률,대구광역시,정보통신업,상호출자제한기업,,-,개%
2017,소멸률,대구광역시,정보통신업,상호출자제한기업,,-,개%
2017,활동,대구광역시,정보통신업,기타 대기업,,0,개%
2017,신생,대구광역시,정보통신업,기타 대기업,,0,개%
2017,소멸,대구광역시,정보통신업,기타 대기업,,0,개%
2017,신생률,대구광역시,정보통신업,기타 대기업,,-,개%
2017,소멸률,대구광역시,정보통신업,기타 대기업,,-,개%
2017,활동,대구광역시,정보통신업,중견기업,,2,개%
2017,신생,대구광역시,정보통신업,중견기업,,0,개%
2017,소멸,대구광역시,정보통신업,중견기업,,0,개%
2017,신생률,대구광역시,정보통신업,중견기업,,0,개%
2017,소멸률,대구광역시,정보통신업,중견기업,,0,개%
2017,활동,대구광역시,정보통신업,중소기업,,1930,개%
2017,신생,대구광역시,정보통신업,중소기업,,336,개%
2017,소멸,대구광역시,정보통신업,중소기업,,223,개%
2017,신생률,대구광역시,정보통신업,중소기업,,17.4,개%
2017,소멸률,대구광역시,정보통신업,중소기업,,11.6,개%
2017,활동,대구광역시,정보통신업,소기업,,1895,개%
2017,신생,대구광역시,정보통신업,소기업,,335,개%
2017,소멸,대구광역시,정보통신업,소기업,,223,개%
2017,신생률,대구광역시,정보통신업,소기업,,17.7,개%
2017,소멸률,대구광역시,정보통신업,소기업,,11.8,개%
2017,활동,대구광역시,정보통신업,소상공인,,1569,개%
2017,신생,대구광역시,정보통신업,소상공인,,322,개%
2017,소멸,대구광역시,정보통신업,소상공인,,214,개%
2017,신생률,대구광역시,정보통신업,소상공인,,20.5,개%
2017,소멸률,대구광역시,정보통신업,소상공인,,13.6,개%
2017,활동,대구광역시,금융 및 보험업,계,,837,개%
2017,신생,대구광역시,금융 및 보험업,계,,119,개%
2017,소멸,대구광역시,금융 및 보험업,계,,130,개%
2017,신생률,대구광역시,금융 및 보험업,계,,14.2,개%
2017,소멸률,대구광역시,금융 및 보험업,계,,15.5,개%
2017,활동,대구광역시,금융 및 보험업,대기업,,4,개%
2017,신생,대구광역시,금융 및 보험업,대기업,,-,개%
2017,소멸,대구광역시,금융 및 보험업,대기업,,-,개%
2017,신생률,대구광역시,금융 및 보험업,대기업,,-,개%
2017,소멸률,대구광역시,금융 및 보험업,대기업,,-,개%
2017,활동,대구광역시,금융 및 보험업,상호출자제한기업,,1,개%
2017,신생,대구광역시,금융 및 보험업,상호출자제한기업,,0,개%
2017,소멸,대구광역시,금융 및 보험업,상호출자제한기업,,0,개%
2017,신생률,대구광역시,금융 및 보험업,상호출자제한기업,,0,개%
2017,소멸률,대구광역시,금융 및 보험업,상호출자제한기업,,0,개%
2017,활동,대구광역시,금융 및 보험업,기타 대기업,,2,개%
2017,신생,대구광역시,금융 및 보험업,기타 대기업,,0,개%
2017,소멸,대구광역시,금융 및 보험업,기타 대기업,,0,개%
2017,신생률,대구광역시,금융 및 보험업,기타 대기업,,0,개%
2017,소멸률,대구광역시,금융 및 보험업,기타 대기업,,0,개%
2017,활동,대구광역시,금융 및 보험업,중견기업,,1,개%
2017,신생,대구광역시,금융 및 보험업,중견기업,,0,개%
2017,소멸,대구광역시,금융 및 보험업,중견기업,,0,개%
2017,신생률,대구광역시,금융 및 보험업,중견기업,,0,개%
2017,소멸률,대구광역시,금융 및 보험업,중견기업,,0,개%
2017,활동,대구광역시,금융 및 보험업,중소기업,,833,개%
2017,신생,대구광역시,금융 및 보험업,중소기업,,119,개%
2017,소멸,대구광역시,금융 및 보험업,중소기업,,130,개%
2017,신생률,대구광역시,금융 및 보험업,중소기업,,14.3,개%
2017,소멸률,대구광역시,금융 및 보험업,중소기업,,15.6,개%
2017,활동,대구광역시,금융 및 보험업,소기업,,819,개%
2017,신생,대구광역시,금융 및 보험업,소기업,,117,개%
2017,소멸,대구광역시,금융 및 보험업,소기업,,130,개%
2017,신생률,대구광역시,금융 및 보험업,소기업,,14.3,개%
2017,소멸률,대구광역시,금융 및 보험업,소기업,,15.9,개%
2017,활동,대구광역시,금융 및 보험업,소상공인,,773,개%
2017,신생,대구광역시,금융 및 보험업,소상공인,,117,개%
2017,소멸,대구광역시,금융 및 보험업,소상공인,,129,개%
2017,신생률,대구광역시,금융 및 보험업,소상공인,,15.1,개%
2017,소멸률,대구광역시,금융 및 보험업,소상공인,,16.7,개%
2017,활동,대구광역시,부동산업,계,,50232,개%
2017,신생,대구광역시,부동산업,계,,7714,개%
2017,소멸,대구광역시,부동산업,계,,5057,개%
2017,신생률,대구광역시,부동산업,계,,15.4,개%
2017,소멸률,대구광역시,부동산업,계,,10.1,개%
2017,활동,대구광역시,부동산업,대기업,,19,개%
2017,신생,대구광역시,부동산업,대기업,,-,개%
2017,소멸,대구광역시,부동산업,대기업,,1,개%
2017,신생률,대구광역시,부동산업,대기업,,-,개%
2017,소멸률,대구광역시,부동산업,대기업,,5.3,개%
2017,활동,대구광역시,부동산업,상호출자제한기업,,1,개%
2017,신생,대구광역시,부동산업,상호출자제한기업,,0,개%
2017,소멸,대구광역시,부동산업,상호출자제한기업,,0,개%
2017,신생률,대구광역시,부동산업,상호출자제한기업,,0,개%
2017,소멸률,대구광역시,부동산업,상호출자제한기업,,0,개%
2017,활동,대구광역시,부동산업,기타 대기업,,12,개%
2017,신생,대구광역시,부동산업,기타 대기업,,0,개%
2017,소멸,대구광역시,부동산업,기타 대기업,,1,개%
2017,신생률,대구광역시,부동산업,기타 대기업,,0,개%
2017,소멸률,대구광역시,부동산업,기타 대기업,,8.3,개%
2017,활동,대구광역시,부동산업,중견기업,,6,개%
2017,신생,대구광역시,부동산업,중견기업,,0,개%
2017,소멸,대구광역시,부동산업,중견기업,,0,개%
2017,신생률,대구광역시,부동산업,중견기업,,0,개%
2017,소멸률,대구광역시,부동산업,중견기업,,0,개%
2017,활동,대구광역시,부동산업,중소기업,,50213,개%
2017,신생,대구광역시,부동산업,중소기업,,7714,개%
2017,소멸,대구광역시,부동산업,중소기업,,5056,개%
2017,신생률,대구광역시,부동산업,중소기업,,15.4,개%
2017,소멸률,대구광역시,부동산업,중소기업,,10.1,개%
2017,활동,대구광역시,부동산업,소기업,,49907,개%
2017,신생,대구광역시,부동산업,소기업,,7667,개%
2017,소멸,대구광역시,부동산업,소기업,,5009,개%
2017,신생률,대구광역시,부동산업,소기업,,15.4,개%
2017,소멸률,대구광역시,부동산업,소기업,,10,개%
2017,활동,대구광역시,부동산업,소상공인,,49726,개%
2017,신생,대구광역시,부동산업,소상공인,,7651,개%
2017,소멸,대구광역시,부동산업,소상공인,,5005,개%
2017,신생률,대구광역시,부동산업,소상공인,,15.4,개%
2017,소멸률,대구광역시,부동산업,소상공인,,10.1,개%
2017,활동,대구광역시,전문과학기술서비스업,계,,6127,개%
2017,신생,대구광역시,전문과학기술서비스업,계,,802,개%
2017,소멸,대구광역시,전문과학기술서비스업,계,,499,개%
2017,신생률,대구광역시,전문과학기술서비스업,계,,13.1,개%
2017,소멸률,대구광역시,전문과학기술서비스업,계,,8.1,개%
2017,활동,대구광역시,전문과학기술서비스업,대기업,,1,개%
2017,신생,대구광역시,전문과학기술서비스업,대기업,,-,개%
2017,소멸,대구광역시,전문과학기술서비스업,대기업,,-,개%
2017,신생률,대구광역시,전문과학기술서비스업,대기업,,-,개%
2017,소멸률,대구광역시,전문과학기술서비스업,대기업,,-,개%
2017,활동,대구광역시,전문과학기술서비스업,상호출자제한기업,,0,개%
2017,신생,대구광역시,전문과학기술서비스업,상호출자제한기업,,0,개%
2017,소멸,대구광역시,전문과학기술서비스업,상호출자제한기업,,0,개%
2017,신생률,대구광역시,전문과학기술서비스업,상호출자제한기업,,-,개%
2017,소멸률,대구광역시,전문과학기술서비스업,상호출자제한기업,,-,개%
2017,활동,대구광역시,전문과학기술서비스업,기타 대기업,,0,개%
2017,신생,대구광역시,전문과학기술서비스업,기타 대기업,,0,개%
2017,소멸,대구광역시,전문과학기술서비스업,기타 대기업,,0,개%
2017,신생률,대구광역시,전문과학기술서비스업,기타 대기업,,-,개%
2017,소멸률,대구광역시,전문과학기술서비스업,기타 대기업,,-,개%
2017,활동,대구광역시,전문과학기술서비스업,중견기업,,1,개%
2017,신생,대구광역시,전문과학기술서비스업,중견기업,,0,개%
2017,소멸,대구광역시,전문과학기술서비스업,중견기업,,0,개%
2017,신생률,대구광역시,전문과학기술서비스업,중견기업,,0,개%
2017,소멸률,대구광역시,전문과학기술서비스업,중견기업,,0,개%
2017,활동,대구광역시,전문과학기술서비스업,중소기업,,6126,개%
2017,신생,대구광역시,전문과학기술서비스업,중소기업,,802,개%
2017,소멸,대구광역시,전문과학기술서비스업,중소기업,,499,개%
2017,신생률,대구광역시,전문과학기술서비스업,중소기업,,13.1,개%
2017,소멸률,대구광역시,전문과학기술서비스업,중소기업,,8.1,개%
2017,활동,대구광역시,전문과학기술서비스업,소기업,,6068,개%
2017,신생,대구광역시,전문과학기술서비스업,소기업,,800,개%
2017,소멸,대구광역시,전문과학기술서비스업,소기업,,498,개%
2017,신생률,대구광역시,전문과학기술서비스업,소기업,,13.2,개%
2017,소멸률,대구광역시,전문과학기술서비스업,소기업,,8.2,개%
2017,활동,대구광역시,전문과학기술서비스업,소상공인,,5134,개%
2017,신생,대구광역시,전문과학기술서비스업,소상공인,,765,개%
2017,소멸,대구광역시,전문과학기술서비스업,소상공인,,487,개%
2017,신생률,대구광역시,전문과학기술서비스업,소상공인,,14.9,개%
2017,소멸률,대구광역시,전문과학기술서비스업,소상공인,,9.5,개%
2017,활동,대구광역시,사업시설관리 사업지원 및 임대 서비스업,계,,5027,개%
2017,신생,대구광역시,사업시설관리 사업지원 및 임대 서비스업,계,,1006,개%
2017,소멸,대구광역시,사업시설관리 사업지원 및 임대 서비스업,계,,726,개%
2017,신생률,대구광역시,사업시설관리 사업지원 및 임대 서비스업,계,,20,개%
2017,소멸률,대구광역시,사업시설관리 사업지원 및 임대 서비스업,계,,14.4,개%
2017,활동,대구광역시,사업시설관리 사업지원 및 임대 서비스업,대기업,,1,개%
2017,신생,대구광역시,사업시설관리 사업지원 및 임대 서비스업,대기업,,-,개%
2017,소멸,대구광역시,사업시설관리 사업지원 및 임대 서비스업,대기업,,-,개%
2017,신생률,대구광역시,사업시설관리 사업지원 및 임대 서비스업,대기업,,-,개%
2017,소멸률,대구광역시,사업시설관리 사업지원 및 임대 서비스업,대기업,,-,개%
2017,활동,대구광역시,사업시설관리 사업지원 및 임대 서비스업,상호출자제한기업,,0,개%
2017,신생,대구광역시,사업시설관리 사업지원 및 임대 서비스업,상호출자제한기업,,0,개%
2017,소멸,대구광역시,사업시설관리 사업지원 및 임대 서비스업,상호출자제한기업,,0,개%
2017,신생률,대구광역시,사업시설관리 사업지원 및 임대 서비스업,상호출자제한기업,,-,개%
2017,소멸률,대구광역시,사업시설관리 사업지원 및 임대 서비스업,상호출자제한기업,,-,개%
2017,활동,대구광역시,사업시설관리 사업지원 및 임대 서비스업,기타 대기업,,0,개%
2017,신생,대구광역시,사업시설관리 사업지원 및 임대 서비스업,기타 대기업,,0,개%
2017,소멸,대구광역시,사업시설관리 사업지원 및 임대 서비스업,기타 대기업,,0,개%
2017,신생률,대구광역시,사업시설관리 사업지원 및 임대 서비스업,기타 대기업,,-,개%
2017,소멸률,대구광역시,사업시설관리 사업지원 및 임대 서비스업,기타 대기업,,-,개%
2017,활동,대구광역시,사업시설관리 사업지원 및 임대 서비스업,중견기업,,1,개%
2017,신생,대구광역시,사업시설관리 사업지원 및 임대 서비스업,중견기업,,0,개%
2017,소멸,대구광역시,사업시설관리 사업지원 및 임대 서비스업,중견기업,,0,개%
2017,신생률,대구광역시,사업시설관리 사업지원 및 임대 서비스업,중견기업,,0,개%
2017,소멸률,대구광역시,사업시설관리 사업지원 및 임대 서비스업,중견기업,,0,개%
2017,활동,대구광역시,사업시설관리 사업지원 및 임대 서비스업,중소기업,,5026,개%
2017,신생,대구광역시,사업시설관리 사업지원 및 임대 서비스업,중소기업,,1006,개%
2017,소멸,대구광역시,사업시설관리 사업지원 및 임대 서비스업,중소기업,,726,개%
2017,신생률,대구광역시,사업시설관리 사업지원 및 임대 서비스업,중소기업,,20,개%
2017,소멸률,대구광역시,사업시설관리 사업지원 및 임대 서비스업,중소기업,,14.4,개%
2017,활동,대구광역시,사업시설관리 사업지원 및 임대 서비스업,소기업,,4881,개%
2017,신생,대구광역시,사업시설관리 사업지원 및 임대 서비스업,소기업,,992,개%
2017,소멸,대구광역시,사업시설관리 사업지원 및 임대 서비스업,소기업,,706,개%
2017,신생률,대구광역시,사업시설관리 사업지원 및 임대 서비스업,소기업,,20.3,개%
2017,소멸률,대구광역시,사업시설관리 사업지원 및 임대 서비스업,소기업,,14.5,개%
2017,활동,대구광역시,사업시설관리 사업지원 및 임대 서비스업,소상공인,,4327,개%
2017,신생,대구광역시,사업시설관리 사업지원 및 임대 서비스업,소상공인,,929,개%
2017,소멸,대구광역시,사업시설관리 사업지원 및 임대 서비스업,소상공인,,640,개%
2017,신생률,대구광역시,사업시설관리 사업지원 및 임대 서비스업,소상공인,,21.5,개%
2017,소멸률,대구광역시,사업시설관리 사업지원 및 임대 서비스업,소상공인,,14.8,개%
2017,활동,대구광역시,교육서비스업,계,,8026,개%
2017,신생,대구광역시,교육서비스업,계,,1438,개%
2017,소멸,대구광역시,교육서비스업,계,,1140,개%
2017,신생률,대구광역시,교육서비스업,계,,17.9,개%
2017,소멸률,대구광역시,교육서비스업,계,,14.2,개%
2017,활동,대구광역시,교육서비스업,대기업,,-,개%
2017,신생,대구광역시,교육서비스업,대기업,,-,개%
2017,소멸,대구광역시,교육서비스업,대기업,,-,개%
2017,신생률,대구광역시,교육서비스업,대기업,,-,개%
2017,소멸률,대구광역시,교육서비스업,대기업,,-,개%
2017,활동,대구광역시,교육서비스업,상호출자제한기업,,0,개%
2017,신생,대구광역시,교육서비스업,상호출자제한기업,,0,개%
2017,소멸,대구광역시,교육서비스업,상호출자제한기업,,0,개%
2017,신생률,대구광역시,교육서비스업,상호출자제한기업,,-,개%
2017,소멸률,대구광역시,교육서비스업,상호출자제한기업,,-,개%
2017,활동,대구광역시,교육서비스업,기타 대기업,,0,개%
2017,신생,대구광역시,교육서비스업,기타 대기업,,0,개%
2017,소멸,대구광역시,교육서비스업,기타 대기업,,0,개%
2017,신생률,대구광역시,교육서비스업,기타 대기업,,-,개%
2017,소멸률,대구광역시,교육서비스업,기타 대기업,,-,개%
2017,활동,대구광역시,교육서비스업,중견기업,,0,개%
2017,신생,대구광역시,교육서비스업,중견기업,,0,개%
2017,소멸,대구광역시,교육서비스업,중견기업,,0,개%
2017,신생률,대구광역시,교육서비스업,중견기업,,-,개%
2017,소멸률,대구광역시,교육서비스업,중견기업,,-,개%
2017,활동,대구광역시,교육서비스업,중소기업,,8026,개%
2017,신생,대구광역시,교육서비스업,중소기업,,1438,개%
2017,소멸,대구광역시,교육서비스업,중소기업,,1140,개%
2017,신생률,대구광역시,교육서비스업,중소기업,,17.9,개%
2017,소멸률,대구광역시,교육서비스업,중소기업,,14.2,개%
2017,활동,대구광역시,교육서비스업,소기업,,7944,개%
2017,신생,대구광역시,교육서비스업,소기업,,1436,개%
2017,소멸,대구광역시,교육서비스업,소기업,,1137,개%
2017,신생률,대구광역시,교육서비스업,소기업,,18.1,개%
2017,소멸률,대구광역시,교육서비스업,소기업,,14.3,개%
2017,활동,대구광역시,교육서비스업,소상공인,,7698,개%
2017,신생,대구광역시,교육서비스업,소상공인,,1428,개%
2017,소멸,대구광역시,교육서비스업,소상공인,,1129,개%
2017,신생률,대구광역시,교육서비스업,소상공인,,18.6,개%
2017,소멸률,대구광역시,교육서비스업,소상공인,,14.7,개%
2017,활동,대구광역시,보건업 및 사회복지 서비스업,계,,4049,개%
2017,신생,대구광역시,보건업 및 사회복지 서비스업,계,,244,개%
2017,소멸,대구광역시,보건업 및 사회복지 서비스업,계,,137,개%
2017,신생률,대구광역시,보건업 및 사회복지 서비스업,계,,6,개%
2017,소멸률,대구광역시,보건업 및 사회복지 서비스업,계,,3.4,개%
2017,활동,대구광역시,보건업 및 사회복지 서비스업,대기업,,-,개%
2017,신생,대구광역시,보건업 및 사회복지 서비스업,대기업,,-,개%
2017,소멸,대구광역시,보건업 및 사회복지 서비스업,대기업,,-,개%
2017,신생률,대구광역시,보건업 및 사회복지 서비스업,대기업,,-,개%
2017,소멸률,대구광역시,보건업 및 사회복지 서비스업,대기업,,-,개%
2017,활동,대구광역시,보건업 및 사회복지 서비스업,상호출자제한기업,,0,개%
2017,신생,대구광역시,보건업 및 사회복지 서비스업,상호출자제한기업,,0,개%
2017,소멸,대구광역시,보건업 및 사회복지 서비스업,상호출자제한기업,,0,개%
2017,신생률,대구광역시,보건업 및 사회복지 서비스업,상호출자제한기업,,-,개%
2017,소멸률,대구광역시,보건업 및 사회복지 서비스업,상호출자제한기업,,-,개%
2017,활동,대구광역시,보건업 및 사회복지 서비스업,기타 대기업,,0,개%
2017,신생,대구광역시,보건업 및 사회복지 서비스업,기타 대기업,,0,개%
2017,소멸,대구광역시,보건업 및 사회복지 서비스업,기타 대기업,,0,개%
2017,신생률,대구광역시,보건업 및 사회복지 서비스업,기타 대기업,,-,개%
2017,소멸률,대구광역시,보건업 및 사회복지 서비스업,기타 대기업,,-,개%
2017,활동,대구광역시,보건업 및 사회복지 서비스업,중견기업,,0,개%
2017,신생,대구광역시,보건업 및 사회복지 서비스업,중견기업,,0,개%
2017,소멸,대구광역시,보건업 및 사회복지 서비스업,중견기업,,0,개%
2017,신생률,대구광역시,보건업 및 사회복지 서비스업,중견기업,,-,개%
2017,소멸률,대구광역시,보건업 및 사회복지 서비스업,중견기업,,-,개%
2017,활동,대구광역시,보건업 및 사회복지 서비스업,중소기업,,4049,개%
2017,신생,대구광역시,보건업 및 사회복지 서비스업,중소기업,,244,개%
2017,소멸,대구광역시,보건업 및 사회복지 서비스업,중소기업,,137,개%
2017,신생률,대구광역시,보건업 및 사회복지 서비스업,중소기업,,6,개%
2017,소멸률,대구광역시,보건업 및 사회복지 서비스업,중소기업,,3.4,개%
2017,활동,대구광역시,보건업 및 사회복지 서비스업,소기업,,3484,개%
2017,신생,대구광역시,보건업 및 사회복지 서비스업,소기업,,220,개%
2017,소멸,대구광역시,보건업 및 사회복지 서비스업,소기업,,127,개%
2017,신생률,대구광역시,보건업 및 사회복지 서비스업,소기업,,6.3,개%
2017,소멸률,대구광역시,보건업 및 사회복지 서비스업,소기업,,3.6,개%
2017,활동,대구광역시,보건업 및 사회복지 서비스업,소상공인,,2519,개%
2017,신생,대구광역시,보건업 및 사회복지 서비스업,소상공인,,165,개%
2017,소멸,대구광역시,보건업 및 사회복지 서비스업,소상공인,,107,개%
2017,신생률,대구광역시,보건업 및 사회복지 서비스업,소상공인,,6.6,개%
2017,소멸률,대구광역시,보건업 및 사회복지 서비스업,소상공인,,4.2,개%
2017,활동,대구광역시,예술 스포츠 및 여가관련 서비스업,계,,5805,개%
2017,신생,대구광역시,예술 스포츠 및 여가관련 서비스업,계,,1119,개%
2017,소멸,대구광역시,예술 스포츠 및 여가관련 서비스업,계,,979,개%
2017,신생률,대구광역시,예술 스포츠 및 여가관련 서비스업,계,,19.3,개%
2017,소멸률,대구광역시,예술 스포츠 및 여가관련 서비스업,계,,16.9,개%
2017,활동,대구광역시,예술 스포츠 및 여가관련 서비스업,대기업,,2,개%
2017,신생,대구광역시,예술 스포츠 및 여가관련 서비스업,대기업,,-,개%
2017,소멸,대구광역시,예술 스포츠 및 여가관련 서비스업,대기업,,-,개%
2017,신생률,대구광역시,예술 스포츠 및 여가관련 서비스업,대기업,,-,개%
2017,소멸률,대구광역시,예술 스포츠 및 여가관련 서비스업,대기업,,-,개%
2017,활동,대구광역시,예술 스포츠 및 여가관련 서비스업,상호출자제한기업,,1,개%
2017,신생,대구광역시,예술 스포츠 및 여가관련 서비스업,상호출자제한기업,,0,개%
2017,소멸,대구광역시,예술 스포츠 및 여가관련 서비스업,상호출자제한기업,,0,개%
2017,신생률,대구광역시,예술 스포츠 및 여가관련 서비스업,상호출자제한기업,,0,개%
2017,소멸률,대구광역시,예술 스포츠 및 여가관련 서비스업,상호출자제한기업,,0,개%
2017,활동,대구광역시,예술 스포츠 및 여가관련 서비스업,기타 대기업,,0,개%
2017,신생,대구광역시,예술 스포츠 및 여가관련 서비스업,기타 대기업,,0,개%
2017,소멸,대구광역시,예술 스포츠 및 여가관련 서비스업,기타 대기업,,0,개%
2017,신생률,대구광역시,예술 스포츠 및 여가관련 서비스업,기타 대기업,,-,개%
2017,소멸률,대구광역시,예술 스포츠 및 여가관련 서비스업,기타 대기업,,-,개%
2017,활동,대구광역시,예술 스포츠 및 여가관련 서비스업,중견기업,,1,개%
2017,신생,대구광역시,예술 스포츠 및 여가관련 서비스업,중견기업,,0,개%
2017,소멸,대구광역시,예술 스포츠 및 여가관련 서비스업,중견기업,,0,개%
2017,신생률,대구광역시,예술 스포츠 및 여가관련 서비스업,중견기업,,0,개%
2017,소멸률,대구광역시,예술 스포츠 및 여가관련 서비스업,중견기업,,0,개%
2017,활동,대구광역시,예술 스포츠 및 여가관련 서비스업,중소기업,,5803,개%
2017,신생,대구광역시,예술 스포츠 및 여가관련 서비스업,중소기업,,1119,개%
2017,소멸,대구광역시,예술 스포츠 및 여가관련 서비스업,중소기업,,979,개%
2017,신생률,대구광역시,예술 스포츠 및 여가관련 서비스업,중소기업,,19.3,개%
2017,소멸률,대구광역시,예술 스포츠 및 여가관련 서비스업,중소기업,,16.9,개%
2017,활동,대구광역시,예술 스포츠 및 여가관련 서비스업,소기업,,5775,개%
2017,신생,대구광역시,예술 스포츠 및 여가관련 서비스업,소기업,,1118,개%
2017,소멸,대구광역시,예술 스포츠 및 여가관련 서비스업,소기업,,979,개%
2017,신생률,대구광역시,예술 스포츠 및 여가관련 서비스업,소기업,,19.4,개%
2017,소멸률,대구광역시,예술 스포츠 및 여가관련 서비스업,소기업,,17,개%
2017,활동,대구광역시,예술 스포츠 및 여가관련 서비스업,소상공인,,5683,개%
2017,신생,대구광역시,예술 스포츠 및 여가관련 서비스업,소상공인,,1108,개%
2017,소멸,대구광역시,예술 스포츠 및 여가관련 서비스업,소상공인,,973,개%
2017,신생률,대구광역시,예술 스포츠 및 여가관련 서비스업,소상공인,,19.5,개%
2017,소멸률,대구광역시,예술 스포츠 및 여가관련 서비스업,소상공인,,17.1,개%
2017,활동,대구광역시,협회 및 단체 수리 및 기타 개인서비스업,계,,13200,개%
2017,신생,대구광역시,협회 및 단체 수리 및 기타 개인서비스업,계,,2068,개%
2017,소멸,대구광역시,협회 및 단체 수리 및 기타 개인서비스업,계,,1508,개%
2017,신생률,대구광역시,협회 및 단체 수리 및 기타 개인서비스업,계,,15.7,개%
2017,소멸률,대구광역시,협회 및 단체 수리 및 기타 개인서비스업,계,,11.4,개%
2017,활동,대구광역시,협회 및 단체 수리 및 기타 개인서비스업,대기업,,1,개%
2017,신생,대구광역시,협회 및 단체 수리 및 기타 개인서비스업,대기업,,-,개%
2017,소멸,대구광역시,협회 및 단체 수리 및 기타 개인서비스업,대기업,,-,개%
2017,신생률,대구광역시,협회 및 단체 수리 및 기타 개인서비스업,대기업,,-,개%
2017,소멸률,대구광역시,협회 및 단체 수리 및 기타 개인서비스업,대기업,,-,개%
2017,활동,대구광역시,협회 및 단체 수리 및 기타 개인서비스업,상호출자제한기업,,0,개%
2017,신생,대구광역시,협회 및 단체 수리 및 기타 개인서비스업,상호출자제한기업,,0,개%
2017,소멸,대구광역시,협회 및 단체 수리 및 기타 개인서비스업,상호출자제한기업,,0,개%
2017,신생률,대구광역시,협회 및 단체 수리 및 기타 개인서비스업,상호출자제한기업,,-,개%
2017,소멸률,대구광역시,협회 및 단체 수리 및 기타 개인서비스업,상호출자제한기업,,-,개%
2017,활동,대구광역시,협회 및 단체 수리 및 기타 개인서비스업,기타 대기업,,0,개%
2017,신생,대구광역시,협회 및 단체 수리 및 기타 개인서비스업,기타 대기업,,0,개%
2017,소멸,대구광역시,협회 및 단체 수리 및 기타 개인서비스업,기타 대기업,,0,개%
2017,신생률,대구광역시,협회 및 단체 수리 및 기타 개인서비스업,기타 대기업,,-,개%
2017,소멸률,대구광역시,협회 및 단체 수리 및 기타 개인서비스업,기타 대기업,,-,개%
2017,활동,대구광역시,협회 및 단체 수리 및 기타 개인서비스업,중견기업,,1,개%
2017,신생,대구광역시,협회 및 단체 수리 및 기타 개인서비스업,중견기업,,0,개%
2017,소멸,대구광역시,협회 및 단체 수리 및 기타 개인서비스업,중견기업,,0,개%
2017,신생률,대구광역시,협회 및 단체 수리 및 기타 개인서비스업,중견기업,,0,개%
2017,소멸률,대구광역시,협회 및 단체 수리 및 기타 개인서비스업,중견기업,,0,개%
2017,활동,대구광역시,협회 및 단체 수리 및 기타 개인서비스업,중소기업,,13199,개%
2017,신생,대구광역시,협회 및 단체 수리 및 기타 개인서비스업,중소기업,,2068,개%
2017,소멸,대구광역시,협회 및 단체 수리 및 기타 개인서비스업,중소기업,,1508,개%
2017,신생률,대구광역시,협회 및 단체 수리 및 기타 개인서비스업,중소기업,,15.7,개%
2017,소멸률,대구광역시,협회 및 단체 수리 및 기타 개인서비스업,중소기업,,11.4,개%
2017,활동,대구광역시,협회 및 단체 수리 및 기타 개인서비스업,소기업,,13039,개%
2017,신생,대구광역시,협회 및 단체 수리 및 기타 개인서비스업,소기업,,2064,개%
2017,소멸,대구광역시,협회 및 단체 수리 및 기타 개인서비스업,소기업,,1505,개%
2017,신생률,대구광역시,협회 및 단체 수리 및 기타 개인서비스업,소기업,,15.8,개%
2017,소멸률,대구광역시,협회 및 단체 수리 및 기타 개인서비스업,소기업,,11.5,개%
2017,활동,대구광역시,협회 및 단체 수리 및 기타 개인서비스업,소상공인,,12659,개%
2017,신생,대구광역시,협회 및 단체 수리 및 기타 개인서비스업,소상공인,,2036,개%
2017,소멸,대구광역시,협회 및 단체 수리 및 기타 개인서비스업,소상공인,,1490,개%
2017,신생률,대구광역시,협회 및 단체 수리 및 기타 개인서비스업,소상공인,,16.1,개%
2017,소멸률,대구광역시,협회 및 단체 수리 및 기타 개인서비스업,소상공인,,11.8,개%
2018,활동,대구광역시,전체,계,,288620,개%
2018,신생,대구광역시,전체,계,,37820,개%
2018,소멸,대구광역시,전체,계,,30690,개%
2018,신생률,대구광역시,전체,계,,13.1,개%
2018,소멸률,대구광역시,전체,계,,10.6,개%
2018,활동,대구광역시,전체,대기업,,154,개%
2018,신생,대구광역시,전체,대기업,,5,개%
2018,소멸,대구광역시,전체,대기업,,2,개%
2018,신생률,대구광역시,전체,대기업,,3.2,개%
2018,소멸률,대구광역시,전체,대기업,,1.3,개%
2018,활동,대구광역시,전체,상호출자제한기업,,9,개%
2018,신생,대구광역시,전체,상호출자제한기업,,0,개%
2018,소멸,대구광역시,전체,상호출자제한기업,,0,개%
2018,신생률,대구광역시,전체,상호출자제한기업,,0,개%
2018,소멸률,대구광역시,전체,상호출자제한기업,,0,개%
2018,활동,대구광역시,전체,기타 대기업,,36,개%
2018,신생,대구광역시,전체,기타 대기업,,0,개%
2018,소멸,대구광역시,전체,기타 대기업,,2,개%
2018,신생률,대구광역시,전체,기타 대기업,,0,개%
2018,소멸률,대구광역시,전체,기타 대기업,,5.6,개%
2018,활동,대구광역시,전체,중견기업,,109,개%
2018,신생,대구광역시,전체,중견기업,,5,개%
2018,소멸,대구광역시,전체,중견기업,,0,개%
2018,신생률,대구광역시,전체,중견기업,,4.6,개%
2018,소멸률,대구광역시,전체,중견기업,,0,개%
2018,활동,대구광역시,전체,중소기업,,288466,개%
2018,신생,대구광역시,전체,중소기업,,37815,개%
2018,소멸,대구광역시,전체,중소기업,,30688,개%
2018,신생률,대구광역시,전체,중소기업,,13.1,개%
2018,소멸률,대구광역시,전체,중소기업,,10.6,개%
2018,활동,대구광역시,전체,소기업,,284455,개%
2018,신생,대구광역시,전체,소기업,,37626,개%
2018,소멸,대구광역시,전체,소기업,,30548,개%
2018,신생률,대구광역시,전체,소기업,,13.2,개%
2018,소멸률,대구광역시,전체,소기업,,10.7,개%
2018,활동,대구광역시,전체,소상공인,,273186,개%
2018,신생,대구광역시,전체,소상공인,,37025,개%
2018,소멸,대구광역시,전체,소상공인,,30220,개%
2018,신생률,대구광역시,전체,소상공인,,13.6,개%
2018,소멸률,대구광역시,전체,소상공인,,11.1,개%
2018,활동,대구광역시,농업 임업 및 어업,계,,149,개%
2018,신생,대구광역시,농업 임업 및 어업,계,,32,개%
2018,소멸,대구광역시,농업 임업 및 어업,계,,25,개%
2018,신생률,대구광역시,농업 임업 및 어업,계,,21.5,개%
2018,소멸률,대구광역시,농업 임업 및 어업,계,,16.8,개%
2018,활동,대구광역시,농업 임업 및 어업,대기업,,-,개%
2018,신생,대구광역시,농업 임업 및 어업,대기업,,-,개%
2018,소멸,대구광역시,농업 임업 및 어업,대기업,,-,개%
2018,신생률,대구광역시,농업 임업 및 어업,대기업,,-,개%
2018,소멸률,대구광역시,농업 임업 및 어업,대기업,,-,개%
2018,활동,대구광역시,농업 임업 및 어업,상호출자제한기업,,0,개%
2018,신생,대구광역시,농업 임업 및 어업,상호출자제한기업,,0,개%
2018,소멸,대구광역시,농업 임업 및 어업,상호출자제한기업,,0,개%
2018,신생률,대구광역시,농업 임업 및 어업,상호출자제한기업,,-,개%
2018,소멸률,대구광역시,농업 임업 및 어업,상호출자제한기업,,-,개%
2018,활동,대구광역시,농업 임업 및 어업,기타 대기업,,0,개%
2018,신생,대구광역시,농업 임업 및 어업,기타 대기업,,0,개%
2018,소멸,대구광역시,농업 임업 및 어업,기타 대기업,,0,개%
2018,신생률,대구광역시,농업 임업 및 어업,기타 대기업,,-,개%
2018,소멸률,대구광역시,농업 임업 및 어업,기타 대기업,,-,개%
2018,활동,대구광역시,농업 임업 및 어업,중견기업,,0,개%
2018,신생,대구광역시,농업 임업 및 어업,중견기업,,0,개%
2018,소멸,대구광역시,농업 임업 및 어업,중견기업,,0,개%
2018,신생률,대구광역시,농업 임업 및 어업,중견기업,,-,개%
2018,소멸률,대구광역시,농업 임업 및 어업,중견기업,,-,개%
2018,활동,대구광역시,농업 임업 및 어업,중소기업,,149,개%
2018,신생,대구광역시,농업 임업 및 어업,중소기업,,32,개%
2018,소멸,대구광역시,농업 임업 및 어업,중소기업,,25,개%
2018,신생률,대구광역시,농업 임업 및 어업,중소기업,,21.5,개%
2018,소멸률,대구광역시,농업 임업 및 어업,중소기업,,16.8,개%
2018,활동,대구광역시,농업 임업 및 어업,소기업,,148,개%
2018,신생,대구광역시,농업 임업 및 어업,소기업,,31,개%
2018,소멸,대구광역시,농업 임업 및 어업,소기업,,25,개%
2018,신생률,대구광역시,농업 임업 및 어업,소기업,,20.9,개%
2018,소멸률,대구광역시,농업 임업 및 어업,소기업,,16.9,개%
2018,활동,대구광역시,농업 임업 및 어업,소상공인,,144,개%
2018,신생,대구광역시,농업 임업 및 어업,소상공인,,31,개%
2018,소멸,대구광역시,농업 임업 및 어업,소상공인,,25,개%
2018,신생률,대구광역시,농업 임업 및 어업,소상공인,,21.5,개%
2018,소멸률,대구광역시,농업 임업 및 어업,소상공인,,17.4,개%
2018,활동,대구광역시,광업,계,,7,개%
2018,신생,대구광역시,광업,계,,3,개%
2018,소멸,대구광역시,광업,계,,1,개%
2018,신생률,대구광역시,광업,계,,42.9,개%
2018,소멸률,대구광역시,광업,계,,14.3,개%
2018,활동,대구광역시,광업,대기업,,-,개%
2018,신생,대구광역시,광업,대기업,,-,개%
2018,소멸,대구광역시,광업,대기업,,-,개%
2018,신생률,대구광역시,광업,대기업,,-,개%
2018,소멸률,대구광역시,광업,대기업,,-,개%
2018,활동,대구광역시,광업,상호출자제한기업,,0,개%
2018,신생,대구광역시,광업,상호출자제한기업,,0,개%
2018,소멸,대구광역시,광업,상호출자제한기업,,0,개%
2018,신생률,대구광역시,광업,상호출자제한기업,,-,개%
2018,소멸률,대구광역시,광업,상호출자제한기업,,-,개%
2018,활동,대구광역시,광업,기타 대기업,,0,개%
2018,신생,대구광역시,광업,기타 대기업,,0,개%
2018,소멸,대구광역시,광업,기타 대기업,,0,개%
2018,신생률,대구광역시,광업,기타 대기업,,-,개%
2018,소멸률,대구광역시,광업,기타 대기업,,-,개%
2018,활동,대구광역시,광업,중견기업,,0,개%
2018,신생,대구광역시,광업,중견기업,,0,개%
2018,소멸,대구광역시,광업,중견기업,,0,개%
2018,신생률,대구광역시,광업,중견기업,,-,개%
2018,소멸률,대구광역시,광업,중견기업,,-,개%
2018,활동,대구광역시,광업,중소기업,,7,개%
2018,신생,대구광역시,광업,중소기업,,3,개%
2018,소멸,대구광역시,광업,중소기업,,1,개%
2018,신생률,대구광역시,광업,중소기업,,42.9,개%
2018,소멸률,대구광역시,광업,중소기업,,14.3,개%
2018,활동,대구광역시,광업,소기업,,7,개%
2018,신생,대구광역시,광업,소기업,,3,개%
2018,소멸,대구광역시,광업,소기업,,1,개%
2018,신생률,대구광역시,광업,소기업,,42.9,개%
2018,소멸률,대구광역시,광업,소기업,,14.3,개%
2018,활동,대구광역시,광업,소상공인,,6,개%
2018,신생,대구광역시,광업,소상공인,,3,개%
2018,소멸,대구광역시,광업,소상공인,,1,개%
2018,신생률,대구광역시,광업,소상공인,,50,개%
2018,소멸률,대구광역시,광업,소상공인,,16.7,개%
2018,활동,대구광역시,제조업,계,,31814,개%
2018,신생,대구광역시,제조업,계,,2228,개%
2018,소멸,대구광역시,제조업,계,,2008,개%
2018,신생률,대구광역시,제조업,계,,7,개%
2018,소멸률,대구광역시,제조업,계,,6.3,개%
2018,활동,대구광역시,제조업,대기업,,69,개%
2018,신생,대구광역시,제조업,대기업,,-,개%
2018,소멸,대구광역시,제조업,대기업,,-,개%
2018,신생률,대구광역시,제조업,대기업,,-,개%
2018,소멸률,대구광역시,제조업,대기업,,-,개%
2018,활동,대구광역시,제조업,상호출자제한기업,,2,개%
2018,신생,대구광역시,제조업,상호출자제한기업,,0,개%
2018,소멸,대구광역시,제조업,상호출자제한기업,,0,개%
2018,신생률,대구광역시,제조업,상호출자제한기업,,0,개%
2018,소멸률,대구광역시,제조업,상호출자제한기업,,0,개%
2018,활동,대구광역시,제조업,기타 대기업,,11,개%
2018,신생,대구광역시,제조업,기타 대기업,,0,개%
2018,소멸,대구광역시,제조업,기타 대기업,,0,개%
2018,신생률,대구광역시,제조업,기타 대기업,,0,개%
2018,소멸률,대구광역시,제조업,기타 대기업,,0,개%
2018,활동,대구광역시,제조업,중견기업,,56,개%
2018,신생,대구광역시,제조업,중견기업,,0,개%
2018,소멸,대구광역시,제조업,중견기업,,0,개%
2018,신생률,대구광역시,제조업,중견기업,,0,개%
2018,소멸률,대구광역시,제조업,중견기업,,0,개%
2018,활동,대구광역시,제조업,중소기업,,31745,개%
2018,신생,대구광역시,제조업,중소기업,,2228,개%
2018,소멸,대구광역시,제조업,중소기업,,2008,개%
2018,신생률,대구광역시,제조업,중소기업,,7,개%
2018,소멸률,대구광역시,제조업,중소기업,,6.3,개%
2018,활동,대구광역시,제조업,소기업,,31172,개%
2018,신생,대구광역시,제조업,소기업,,2226,개%
2018,소멸,대구광역시,제조업,소기업,,1999,개%
2018,신생률,대구광역시,제조업,소기업,,7.1,개%
2018,소멸률,대구광역시,제조업,소기업,,6.4,개%
2018,활동,대구광역시,제조업,소상공인,,28197,개%
2018,신생,대구광역시,제조업,소상공인,,2166,개%
2018,소멸,대구광역시,제조업,소상공인,,1948,개%
2018,신생률,대구광역시,제조업,소상공인,,7.7,개%
2018,소멸률,대구광역시,제조업,소상공인,,6.9,개%
2018,활동,대구광역시,전기 가스 증기 및 공기조절 공급업,계,,304,개%
2018,신생,대구광역시,전기 가스 증기 및 공기조절 공급업,계,,73,개%
2018,소멸,대구광역시,전기 가스 증기 및 공기조절 공급업,계,,10,개%
2018,신생률,대구광역시,전기 가스 증기 및 공기조절 공급업,계,,24,개%
2018,소멸률,대구광역시,전기 가스 증기 및 공기조절 공급업,계,,3.3,개%
2018,활동,대구광역시,전기 가스 증기 및 공기조절 공급업,대기업,,3,개%
2018,신생,대구광역시,전기 가스 증기 및 공기조절 공급업,대기업,,-,개%
2018,소멸,대구광역시,전기 가스 증기 및 공기조절 공급업,대기업,,-,개%
2018,신생률,대구광역시,전기 가스 증기 및 공기조절 공급업,대기업,,-,개%
2018,소멸률,대구광역시,전기 가스 증기 및 공기조절 공급업,대기업,,-,개%
2018,활동,대구광역시,전기 가스 증기 및 공기조절 공급업,상호출자제한기업,,0,개%
2018,신생,대구광역시,전기 가스 증기 및 공기조절 공급업,상호출자제한기업,,0,개%
2018,소멸,대구광역시,전기 가스 증기 및 공기조절 공급업,상호출자제한기업,,0,개%
2018,신생률,대구광역시,전기 가스 증기 및 공기조절 공급업,상호출자제한기업,,-,개%
2018,소멸률,대구광역시,전기 가스 증기 및 공기조절 공급업,상호출자제한기업,,-,개%
2018,활동,대구광역시,전기 가스 증기 및 공기조절 공급업,기타 대기업,,0,개%
2018,신생,대구광역시,전기 가스 증기 및 공기조절 공급업,기타 대기업,,0,개%
2018,소멸,대구광역시,전기 가스 증기 및 공기조절 공급업,기타 대기업,,0,개%
2018,신생률,대구광역시,전기 가스 증기 및 공기조절 공급업,기타 대기업,,-,개%
2018,소멸률,대구광역시,전기 가스 증기 및 공기조절 공급업,기타 대기업,,-,개%
2018,활동,대구광역시,전기 가스 증기 및 공기조절 공급업,중견기업,,3,개%
2018,신생,대구광역시,전기 가스 증기 및 공기조절 공급업,중견기업,,0,개%
2018,소멸,대구광역시,전기 가스 증기 및 공기조절 공급업,중견기업,,0,개%
2018,신생률,대구광역시,전기 가스 증기 및 공기조절 공급업,중견기업,,0,개%
2018,소멸률,대구광역시,전기 가스 증기 및 공기조절 공급업,중견기업,,0,개%
2018,활동,대구광역시,전기 가스 증기 및 공기조절 공급업,중소기업,,301,개%
2018,신생,대구광역시,전기 가스 증기 및 공기조절 공급업,중소기업,,73,개%
2018,소멸,대구광역시,전기 가스 증기 및 공기조절 공급업,중소기업,,10,개%
2018,신생률,대구광역시,전기 가스 증기 및 공기조절 공급업,중소기업,,24.3,개%
2018,소멸률,대구광역시,전기 가스 증기 및 공기조절 공급업,중소기업,,3.3,개%
2018,활동,대구광역시,전기 가스 증기 및 공기조절 공급업,소기업,,299,개%
2018,신생,대구광역시,전기 가스 증기 및 공기조절 공급업,소기업,,73,개%
2018,소멸,대구광역시,전기 가스 증기 및 공기조절 공급업,소기업,,10,개%
2018,신생률,대구광역시,전기 가스 증기 및 공기조절 공급업,소기업,,24.4,개%
2018,소멸률,대구광역시,전기 가스 증기 및 공기조절 공급업,소기업,,3.3,개%
2018,활동,대구광역시,전기 가스 증기 및 공기조절 공급업,소상공인,,296,개%
2018,신생,대구광역시,전기 가스 증기 및 공기조절 공급업,소상공인,,73,개%
2018,소멸,대구광역시,전기 가스 증기 및 공기조절 공급업,소상공인,,10,개%
2018,신생률,대구광역시,전기 가스 증기 및 공기조절 공급업,소상공인,,24.7,개%
2018,소멸률,대구광역시,전기 가스 증기 및 공기조절 공급업,소상공인,,3.4,개%
2018,활동,대구광역시,수도 하수 및 폐기물처리 원료재생업,계,,360,개%
2018,신생,대구광역시,수도 하수 및 폐기물처리 원료재생업,계,,30,개%
2018,소멸,대구광역시,수도 하수 및 폐기물처리 원료재생업,계,,17,개%
2018,신생률,대구광역시,수도 하수 및 폐기물처리 원료재생업,계,,8.3,개%
2018,소멸률,대구광역시,수도 하수 및 폐기물처리 원료재생업,계,,4.7,개%
2018,활동,대구광역시,수도 하수 및 폐기물처리 원료재생업,대기업,,-,개%
2018,신생,대구광역시,수도 하수 및 폐기물처리 원료재생업,대기업,,-,개%
2018,소멸,대구광역시,수도 하수 및 폐기물처리 원료재생업,대기업,,-,개%
2018,신생률,대구광역시,수도 하수 및 폐기물처리 원료재생업,대기업,,-,개%
2018,소멸률,대구광역시,수도 하수 및 폐기물처리 원료재생업,대기업,,-,개%
2018,활동,대구광역시,수도 하수 및 폐기물처리 원료재생업,상호출자제한기업,,0,개%
2018,신생,대구광역시,수도 하수 및 폐기물처리 원료재생업,상호출자제한기업,,0,개%
2018,소멸,대구광역시,수도 하수 및 폐기물처리 원료재생업,상호출자제한기업,,0,개%
2018,신생률,대구광역시,수도 하수 및 폐기물처리 원료재생업,상호출자제한기업,,-,개%
2018,소멸률,대구광역시,수도 하수 및 폐기물처리 원료재생업,상호출자제한기업,,-,개%
2018,활동,대구광역시,수도 하수 및 폐기물처리 원료재생업,기타 대기업,,0,개%
2018,신생,대구광역시,수도 하수 및 폐기물처리 원료재생업,기타 대기업,,0,개%
2018,소멸,대구광역시,수도 하수 및 폐기물처리 원료재생업,기타 대기업,,0,개%
2018,신생률,대구광역시,수도 하수 및 폐기물처리 원료재생업,기타 대기업,,-,개%
2018,소멸률,대구광역시,수도 하수 및 폐기물처리 원료재생업,기타 대기업,,-,개%
2018,활동,대구광역시,수도 하수 및 폐기물처리 원료재생업,중견기업,,0,개%
2018,신생,대구광역시,수도 하수 및 폐기물처리 원료재생업,중견기업,,0,개%
2018,소멸,대구광역시,수도 하수 및 폐기물처리 원료재생업,중견기업,,0,개%
2018,신생률,대구광역시,수도 하수 및 폐기물처리 원료재생업,중견기업,,-,개%
2018,소멸률,대구광역시,수도 하수 및 폐기물처리 원료재생업,중견기업,,-,개%
2018,활동,대구광역시,수도 하수 및 폐기물처리 원료재생업,중소기업,,360,개%
2018,신생,대구광역시,수도 하수 및 폐기물처리 원료재생업,중소기업,,30,개%
2018,소멸,대구광역시,수도 하수 및 폐기물처리 원료재생업,중소기업,,17,개%
2018,신생률,대구광역시,수도 하수 및 폐기물처리 원료재생업,중소기업,,8.3,개%
2018,소멸률,대구광역시,수도 하수 및 폐기물처리 원료재생업,중소기업,,4.7,개%
2018,활동,대구광역시,수도 하수 및 폐기물처리 원료재생업,소기업,,319,개%
2018,신생,대구광역시,수도 하수 및 폐기물처리 원료재생업,소기업,,30,개%
2018,소멸,대구광역시,수도 하수 및 폐기물처리 원료재생업,소기업,,16,개%
2018,신생률,대구광역시,수도 하수 및 폐기물처리 원료재생업,소기업,,9.4,개%
2018,소멸률,대구광역시,수도 하수 및 폐기물처리 원료재생업,소기업,,5,개%
2018,활동,대구광역시,수도 하수 및 폐기물처리 원료재생업,소상공인,,241,개%
2018,신생,대구광역시,수도 하수 및 폐기물처리 원료재생업,소상공인,,25,개%
2018,소멸,대구광역시,수도 하수 및 폐기물처리 원료재생업,소상공인,,14,개%
2018,신생률,대구광역시,수도 하수 및 폐기물처리 원료재생업,소상공인,,10.4,개%
2018,소멸률,대구광역시,수도 하수 및 폐기물처리 원료재생업,소상공인,,5.8,개%
2018,활동,대구광역시,건설업,계,,17315,개%
2018,신생,대구광역시,건설업,계,,1884,개%
2018,소멸,대구광역시,건설업,계,,1289,개%
2018,신생률,대구광역시,건설업,계,,10.9,개%
2018,소멸률,대구광역시,건설업,계,,7.4,개%
2018,활동,대구광역시,건설업,대기업,,13,개%
2018,신생,대구광역시,건설업,대기업,,-,개%
2018,소멸,대구광역시,건설업,대기업,,1,개%
2018,신생률,대구광역시,건설업,대기업,,-,개%
2018,소멸률,대구광역시,건설업,대기업,,7.7,개%
2018,활동,대구광역시,건설업,상호출자제한기업,,0,개%
2018,신생,대구광역시,건설업,상호출자제한기업,,0,개%
2018,소멸,대구광역시,건설업,상호출자제한기업,,0,개%
2018,신생률,대구광역시,건설업,상호출자제한기업,,-,개%
2018,소멸률,대구광역시,건설업,상호출자제한기업,,-,개%
2018,활동,대구광역시,건설업,기타 대기업,,6,개%
2018,신생,대구광역시,건설업,기타 대기업,,0,개%
2018,소멸,대구광역시,건설업,기타 대기업,,1,개%
2018,신생률,대구광역시,건설업,기타 대기업,,0,개%
2018,소멸률,대구광역시,건설업,기타 대기업,,16.7,개%
2018,활동,대구광역시,건설업,중견기업,,7,개%
2018,신생,대구광역시,건설업,중견기업,,0,개%
2018,소멸,대구광역시,건설업,중견기업,,0,개%
2018,신생률,대구광역시,건설업,중견기업,,0,개%
2018,소멸률,대구광역시,건설업,중견기업,,0,개%
2018,활동,대구광역시,건설업,중소기업,,17302,개%
2018,신생,대구광역시,건설업,중소기업,,1884,개%
2018,소멸,대구광역시,건설업,중소기업,,1288,개%
2018,신생률,대구광역시,건설업,중소기업,,10.9,개%
2018,소멸률,대구광역시,건설업,중소기업,,7.4,개%
2018,활동,대구광역시,건설업,소기업,,17095,개%
2018,신생,대구광역시,건설업,소기업,,1881,개%
2018,소멸,대구광역시,건설업,소기업,,1282,개%
2018,신생률,대구광역시,건설업,소기업,,11,개%
2018,소멸률,대구광역시,건설업,소기업,,7.5,개%
2018,활동,대구광역시,건설업,소상공인,,16569,개%
2018,신생,대구광역시,건설업,소상공인,,1870,개%
2018,소멸,대구광역시,건설업,소상공인,,1276,개%
2018,신생률,대구광역시,건설업,소상공인,,11.3,개%
2018,소멸률,대구광역시,건설업,소상공인,,7.7,개%
2018,활동,대구광역시,도매 및 소매업,계,,70812,개%
2018,신생,대구광역시,도매 및 소매업,계,,9011,개%
2018,소멸,대구광역시,도매 및 소매업,계,,8753,개%
2018,신생률,대구광역시,도매 및 소매업,계,,12.7,개%
2018,소멸률,대구광역시,도매 및 소매업,계,,12.4,개%
2018,활동,대구광역시,도매 및 소매업,대기업,,22,개%
2018,신생,대구광역시,도매 및 소매업,대기업,,2,개%
2018,소멸,대구광역시,도매 및 소매업,대기업,,-,개%
2018,신생률,대구광역시,도매 및 소매업,대기업,,9.1,개%
2018,소멸률,대구광역시,도매 및 소매업,대기업,,-,개%
2018,활동,대구광역시,도매 및 소매업,상호출자제한기업,,2,개%
2018,신생,대구광역시,도매 및 소매업,상호출자제한기업,,0,개%
2018,소멸,대구광역시,도매 및 소매업,상호출자제한기업,,0,개%
2018,신생률,대구광역시,도매 및 소매업,상호출자제한기업,,0,개%
2018,소멸률,대구광역시,도매 및 소매업,상호출자제한기업,,0,개%
2018,활동,대구광역시,도매 및 소매업,기타 대기업,,2,개%
2018,신생,대구광역시,도매 및 소매업,기타 대기업,,0,개%
2018,소멸,대구광역시,도매 및 소매업,기타 대기업,,0,개%
2018,신생률,대구광역시,도매 및 소매업,기타 대기업,,0,개%
2018,소멸률,대구광역시,도매 및 소매업,기타 대기업,,0,개%
2018,활동,대구광역시,도매 및 소매업,중견기업,,18,개%
2018,신생,대구광역시,도매 및 소매업,중견기업,,2,개%
2018,소멸,대구광역시,도매 및 소매업,중견기업,,0,개%
2018,신생률,대구광역시,도매 및 소매업,중견기업,,11.1,개%
2018,소멸률,대구광역시,도매 및 소매업,중견기업,,0,개%
2018,활동,대구광역시,도매 및 소매업,중소기업,,70790,개%
2018,신생,대구광역시,도매 및 소매업,중소기업,,9009,개%
2018,소멸,대구광역시,도매 및 소매업,중소기업,,8753,개%
2018,신생률,대구광역시,도매 및 소매업,중소기업,,12.7,개%
2018,소멸률,대구광역시,도매 및 소매업,중소기업,,12.4,개%
2018,활동,대구광역시,도매 및 소매업,소기업,,69568,개%
2018,신생,대구광역시,도매 및 소매업,소기업,,8971,개%
2018,소멸,대구광역시,도매 및 소매업,소기업,,8723,개%
2018,신생률,대구광역시,도매 및 소매업,소기업,,12.9,개%
2018,소멸률,대구광역시,도매 및 소매업,소기업,,12.5,개%
2018,활동,대구광역시,도매 및 소매업,소상공인,,67094,개%
2018,신생,대구광역시,도매 및 소매업,소상공인,,8862,개%
2018,소멸,대구광역시,도매 및 소매업,소상공인,,8652,개%
2018,신생률,대구광역시,도매 및 소매업,소상공인,,13.2,개%
2018,소멸률,대구광역시,도매 및 소매업,소상공인,,12.9,개%
2018,활동,대구광역시,운수 및 창고업,계,,30411,개%
2018,신생,대구광역시,운수 및 창고업,계,,2106,개%
2018,소멸,대구광역시,운수 및 창고업,계,,1682,개%
2018,신생률,대구광역시,운수 및 창고업,계,,6.9,개%
2018,소멸률,대구광역시,운수 및 창고업,계,,5.5,개%
2018,활동,대구광역시,운수 및 창고업,대기업,,3,개%
2018,신생,대구광역시,운수 및 창고업,대기업,,-,개%
2018,소멸,대구광역시,운수 및 창고업,대기업,,-,개%
2018,신생률,대구광역시,운수 및 창고업,대기업,,-,개%
2018,소멸률,대구광역시,운수 및 창고업,대기업,,-,개%
2018,활동,대구광역시,운수 및 창고업,상호출자제한기업,,0,개%
2018,신생,대구광역시,운수 및 창고업,상호출자제한기업,,0,개%
2018,소멸,대구광역시,운수 및 창고업,상호출자제한기업,,0,개%
2018,신생률,대구광역시,운수 및 창고업,상호출자제한기업,,-,개%
2018,소멸률,대구광역시,운수 및 창고업,상호출자제한기업,,-,개%
2018,활동,대구광역시,운수 및 창고업,기타 대기업,,0,개%
2018,신생,대구광역시,운수 및 창고업,기타 대기업,,0,개%
2018,소멸,대구광역시,운수 및 창고업,기타 대기업,,0,개%
2018,신생률,대구광역시,운수 및 창고업,기타 대기업,,-,개%
2018,소멸률,대구광역시,운수 및 창고업,기타 대기업,,-,개%
2018,활동,대구광역시,운수 및 창고업,중견기업,,3,개%
2018,신생,대구광역시,운수 및 창고업,중견기업,,0,개%
2018,소멸,대구광역시,운수 및 창고업,중견기업,,0,개%
2018,신생률,대구광역시,운수 및 창고업,중견기업,,0,개%
2018,소멸률,대구광역시,운수 및 창고업,중견기업,,0,개%
2018,활동,대구광역시,운수 및 창고업,중소기업,,30408,개%
2018,신생,대구광역시,운수 및 창고업,중소기업,,2106,개%
2018,소멸,대구광역시,운수 및 창고업,중소기업,,1682,개%
2018,신생률,대구광역시,운수 및 창고업,중소기업,,6.9,개%
2018,소멸률,대구광역시,운수 및 창고업,중소기업,,5.5,개%
2018,활동,대구광역시,운수 및 창고업,소기업,,30364,개%
2018,신생,대구광역시,운수 및 창고업,소기업,,2106,개%
2018,소멸,대구광역시,운수 및 창고업,소기업,,1681,개%
2018,신생률,대구광역시,운수 및 창고업,소기업,,6.9,개%
2018,소멸률,대구광역시,운수 및 창고업,소기업,,5.5,개%
2018,활동,대구광역시,운수 및 창고업,소상공인,,30173,개%
2018,신생,대구광역시,운수 및 창고업,소상공인,,2099,개%
2018,소멸,대구광역시,운수 및 창고업,소상공인,,1678,개%
2018,신생률,대구광역시,운수 및 창고업,소상공인,,7,개%
2018,소멸률,대구광역시,운수 및 창고업,소상공인,,5.6,개%
2018,활동,대구광역시,숙박 및 음식점업,계,,37688,개%
2018,신생,대구광역시,숙박 및 음식점업,계,,7193,개%
2018,소멸,대구광역시,숙박 및 음식점업,계,,6450,개%
2018,신생률,대구광역시,숙박 및 음식점업,계,,19.1,개%
2018,소멸률,대구광역시,숙박 및 음식점업,계,,17.1,개%
2018,활동,대구광역시,숙박 및 음식점업,대기업,,3,개%
2018,신생,대구광역시,숙박 및 음식점업,대기업,,-,개%
2018,소멸,대구광역시,숙박 및 음식점업,대기업,,-,개%
2018,신생률,대구광역시,숙박 및 음식점업,대기업,,-,개%
2018,소멸률,대구광역시,숙박 및 음식점업,대기업,,-,개%
2018,활동,대구광역시,숙박 및 음식점업,상호출자제한기업,,1,개%
2018,신생,대구광역시,숙박 및 음식점업,상호출자제한기업,,0,개%
2018,소멸,대구광역시,숙박 및 음식점업,상호출자제한기업,,0,개%
2018,신생률,대구광역시,숙박 및 음식점업,상호출자제한기업,,0,개%
2018,소멸률,대구광역시,숙박 및 음식점업,상호출자제한기업,,0,개%
2018,활동,대구광역시,숙박 및 음식점업,기타 대기업,,2,개%
2018,신생,대구광역시,숙박 및 음식점업,기타 대기업,,0,개%
2018,소멸,대구광역시,숙박 및 음식점업,기타 대기업,,0,개%
2018,신생률,대구광역시,숙박 및 음식점업,기타 대기업,,0,개%
2018,소멸률,대구광역시,숙박 및 음식점업,기타 대기업,,0,개%
2018,활동,대구광역시,숙박 및 음식점업,중견기업,,0,개%
2018,신생,대구광역시,숙박 및 음식점업,중견기업,,0,개%
2018,소멸,대구광역시,숙박 및 음식점업,중견기업,,0,개%
2018,신생률,대구광역시,숙박 및 음식점업,중견기업,,-,개%
2018,소멸률,대구광역시,숙박 및 음식점업,중견기업,,-,개%
2018,활동,대구광역시,숙박 및 음식점업,중소기업,,37685,개%
2018,신생,대구광역시,숙박 및 음식점업,중소기업,,7193,개%
2018,소멸,대구광역시,숙박 및 음식점업,중소기업,,6450,개%
2018,신생률,대구광역시,숙박 및 음식점업,중소기업,,19.1,개%
2018,소멸률,대구광역시,숙박 및 음식점업,중소기업,,17.1,개%
2018,활동,대구광역시,숙박 및 음식점업,소기업,,37248,개%
2018,신생,대구광역시,숙박 및 음식점업,소기업,,7152,개%
2018,소멸,대구광역시,숙박 및 음식점업,소기업,,6425,개%
2018,신생률,대구광역시,숙박 및 음식점업,소기업,,19.2,개%
2018,소멸률,대구광역시,숙박 및 음식점업,소기업,,17.2,개%
2018,활동,대구광역시,숙박 및 음식점업,소상공인,,35956,개%
2018,신생,대구광역시,숙박 및 음식점업,소상공인,,6988,개%
2018,소멸,대구광역시,숙박 및 음식점업,소상공인,,6356,개%
2018,신생률,대구광역시,숙박 및 음식점업,소상공인,,19.4,개%
2018,소멸률,대구광역시,숙박 및 음식점업,소상공인,,17.7,개%
2018,활동,대구광역시,정보통신업,계,,2046,개%
2018,신생,대구광역시,정보통신업,계,,344,개%
2018,소멸,대구광역시,정보통신업,계,,255,개%
2018,신생률,대구광역시,정보통신업,계,,16.8,개%
2018,소멸률,대구광역시,정보통신업,계,,12.5,개%
2018,활동,대구광역시,정보통신업,대기업,,5,개%
2018,신생,대구광역시,정보통신업,대기업,,-,개%
2018,소멸,대구광역시,정보통신업,대기업,,-,개%
2018,신생률,대구광역시,정보통신업,대기업,,-,개%
2018,소멸률,대구광역시,정보통신업,대기업,,-,개%
2018,활동,대구광역시,정보통신업,상호출자제한기업,,1,개%
2018,신생,대구광역시,정보통신업,상호출자제한기업,,0,개%
2018,소멸,대구광역시,정보통신업,상호출자제한기업,,0,개%
2018,신생률,대구광역시,정보통신업,상호출자제한기업,,0,개%
2018,소멸률,대구광역시,정보통신업,상호출자제한기업,,0,개%
2018,활동,대구광역시,정보통신업,기타 대기업,,0,개%
2018,신생,대구광역시,정보통신업,기타 대기업,,0,개%
2018,소멸,대구광역시,정보통신업,기타 대기업,,0,개%
2018,신생률,대구광역시,정보통신업,기타 대기업,,-,개%
2018,소멸률,대구광역시,정보통신업,기타 대기업,,-,개%
2018,활동,대구광역시,정보통신업,중견기업,,4,개%
2018,신생,대구광역시,정보통신업,중견기업,,0,개%
2018,소멸,대구광역시,정보통신업,중견기업,,0,개%
2018,신생률,대구광역시,정보통신업,중견기업,,0,개%
2018,소멸률,대구광역시,정보통신업,중견기업,,0,개%
2018,활동,대구광역시,정보통신업,중소기업,,2041,개%
2018,신생,대구광역시,정보통신업,중소기업,,344,개%
2018,소멸,대구광역시,정보통신업,중소기업,,255,개%
2018,신생률,대구광역시,정보통신업,중소기업,,16.9,개%
2018,소멸률,대구광역시,정보통신업,중소기업,,12.5,개%
2018,활동,대구광역시,정보통신업,소기업,,2006,개%
2018,신생,대구광역시,정보통신업,소기업,,344,개%
2018,소멸,대구광역시,정보통신업,소기업,,254,개%
2018,신생률,대구광역시,정보통신업,소기업,,17.1,개%
2018,소멸률,대구광역시,정보통신업,소기업,,12.7,개%
2018,활동,대구광역시,정보통신업,소상공인,,1684,개%
2018,신생,대구광역시,정보통신업,소상공인,,322,개%
2018,소멸,대구광역시,정보통신업,소상공인,,248,개%
2018,신생률,대구광역시,정보통신업,소상공인,,19.1,개%
2018,소멸률,대구광역시,정보통신업,소상공인,,14.7,개%
2018,활동,대구광역시,금융 및 보험업,계,,811,개%
2018,신생,대구광역시,금융 및 보험업,계,,106,개%
2018,소멸,대구광역시,금융 및 보험업,계,,110,개%
2018,신생률,대구광역시,금융 및 보험업,계,,13.1,개%
2018,소멸률,대구광역시,금융 및 보험업,계,,13.6,개%
2018,활동,대구광역시,금융 및 보험업,대기업,,4,개%
2018,신생,대구광역시,금융 및 보험업,대기업,,-,개%
2018,소멸,대구광역시,금융 및 보험업,대기업,,-,개%
2018,신생률,대구광역시,금융 및 보험업,대기업,,-,개%
2018,소멸률,대구광역시,금융 및 보험업,대기업,,-,개%
2018,활동,대구광역시,금융 및 보험업,상호출자제한기업,,1,개%
2018,신생,대구광역시,금융 및 보험업,상호출자제한기업,,0,개%
2018,소멸,대구광역시,금융 및 보험업,상호출자제한기업,,0,개%
2018,신생률,대구광역시,금융 및 보험업,상호출자제한기업,,0,개%
2018,소멸률,대구광역시,금융 및 보험업,상호출자제한기업,,0,개%
2018,활동,대구광역시,금융 및 보험업,기타 대기업,,2,개%
2018,신생,대구광역시,금융 및 보험업,기타 대기업,,0,개%
2018,소멸,대구광역시,금융 및 보험업,기타 대기업,,0,개%
2018,신생률,대구광역시,금융 및 보험업,기타 대기업,,0,개%
2018,소멸률,대구광역시,금융 및 보험업,기타 대기업,,0,개%
2018,활동,대구광역시,금융 및 보험업,중견기업,,1,개%
2018,신생,대구광역시,금융 및 보험업,중견기업,,0,개%
2018,소멸,대구광역시,금융 및 보험업,중견기업,,0,개%
2018,신생률,대구광역시,금융 및 보험업,중견기업,,0,개%
2018,소멸률,대구광역시,금융 및 보험업,중견기업,,0,개%
2018,활동,대구광역시,금융 및 보험업,중소기업,,807,개%
2018,신생,대구광역시,금융 및 보험업,중소기업,,106,개%
2018,소멸,대구광역시,금융 및 보험업,중소기업,,110,개%
2018,신생률,대구광역시,금융 및 보험업,중소기업,,13.1,개%
2018,소멸률,대구광역시,금융 및 보험업,중소기업,,13.6,개%
2018,활동,대구광역시,금융 및 보험업,소기업,,795,개%
2018,신생,대구광역시,금융 및 보험업,소기업,,106,개%
2018,소멸,대구광역시,금융 및 보험업,소기업,,110,개%
2018,신생률,대구광역시,금융 및 보험업,소기업,,13.3,개%
2018,소멸률,대구광역시,금융 및 보험업,소기업,,13.8,개%
2018,활동,대구광역시,금융 및 보험업,소상공인,,747,개%
2018,신생,대구광역시,금융 및 보험업,소상공인,,103,개%
2018,소멸,대구광역시,금융 및 보험업,소상공인,,110,개%
2018,신생률,대구광역시,금융 및 보험업,소상공인,,13.8,개%
2018,소멸률,대구광역시,금융 및 보험업,소상공인,,14.7,개%
2018,활동,대구광역시,부동산업,계,,52807,개%
2018,신생,대구광역시,부동산업,계,,7804,개%
2018,소멸,대구광역시,부동산업,계,,4988,개%
2018,신생률,대구광역시,부동산업,계,,14.8,개%
2018,소멸률,대구광역시,부동산업,계,,9.4,개%
2018,활동,대구광역시,부동산업,대기업,,20,개%
2018,신생,대구광역시,부동산업,대기업,,-,개%
2018,소멸,대구광역시,부동산업,대기업,,1,개%
2018,신생률,대구광역시,부동산업,대기업,,-,개%
2018,소멸률,대구광역시,부동산업,대기업,,5,개%
2018,활동,대구광역시,부동산업,상호출자제한기업,,1,개%
2018,신생,대구광역시,부동산업,상호출자제한기업,,0,개%
2018,소멸,대구광역시,부동산업,상호출자제한기업,,0,개%
2018,신생률,대구광역시,부동산업,상호출자제한기업,,0,개%
2018,소멸률,대구광역시,부동산업,상호출자제한기업,,0,개%
2018,활동,대구광역시,부동산업,기타 대기업,,12,개%
2018,신생,대구광역시,부동산업,기타 대기업,,0,개%
2018,소멸,대구광역시,부동산업,기타 대기업,,1,개%
2018,신생률,대구광역시,부동산업,기타 대기업,,0,개%
2018,소멸률,대구광역시,부동산업,기타 대기업,,8.3,개%
2018,활동,대구광역시,부동산업,중견기업,,7,개%
2018,신생,대구광역시,부동산업,중견기업,,0,개%
2018,소멸,대구광역시,부동산업,중견기업,,0,개%
2018,신생률,대구광역시,부동산업,중견기업,,0,개%
2018,소멸률,대구광역시,부동산업,중견기업,,0,개%
2018,활동,대구광역시,부동산업,중소기업,,52787,개%
2018,신생,대구광역시,부동산업,중소기업,,7804,개%
2018,소멸,대구광역시,부동산업,중소기업,,4987,개%
2018,신생률,대구광역시,부동산업,중소기업,,14.8,개%
2018,소멸률,대구광역시,부동산업,중소기업,,9.4,개%
2018,활동,대구광역시,부동산업,소기업,,52490,개%
2018,신생,대구광역시,부동산업,소기업,,7760,개%
2018,소멸,대구광역시,부동산업,소기업,,4947,개%
2018,신생률,대구광역시,부동산업,소기업,,14.8,개%
2018,소멸률,대구광역시,부동산업,소기업,,9.4,개%
2018,활동,대구광역시,부동산업,소상공인,,52308,개%
2018,신생,대구광역시,부동산업,소상공인,,7745,개%
2018,소멸,대구광역시,부동산업,소상공인,,4945,개%
2018,신생률,대구광역시,부동산업,소상공인,,14.8,개%
2018,소멸률,대구광역시,부동산업,소상공인,,9.5,개%
2018,활동,대구광역시,전문과학기술서비스업,계,,6424,개%
2018,신생,대구광역시,전문과학기술서비스업,계,,816,개%
2018,소멸,대구광역시,전문과학기술서비스업,계,,489,개%
2018,신생률,대구광역시,전문과학기술서비스업,계,,12.7,개%
2018,소멸률,대구광역시,전문과학기술서비스업,계,,7.6,개%
2018,활동,대구광역시,전문과학기술서비스업,대기업,,1,개%
2018,신생,대구광역시,전문과학기술서비스업,대기업,,-,개%
2018,소멸,대구광역시,전문과학기술서비스업,대기업,,-,개%
2018,신생률,대구광역시,전문과학기술서비스업,대기업,,-,개%
2018,소멸률,대구광역시,전문과학기술서비스업,대기업,,-,개%
2018,활동,대구광역시,전문과학기술서비스업,상호출자제한기업,,0,개%
2018,신생,대구광역시,전문과학기술서비스업,상호출자제한기업,,0,개%
2018,소멸,대구광역시,전문과학기술서비스업,상호출자제한기업,,0,개%
2018,신생률,대구광역시,전문과학기술서비스업,상호출자제한기업,,-,개%
2018,소멸률,대구광역시,전문과학기술서비스업,상호출자제한기업,,-,개%
2018,활동,대구광역시,전문과학기술서비스업,기타 대기업,,0,개%
2018,신생,대구광역시,전문과학기술서비스업,기타 대기업,,0,개%
2018,소멸,대구광역시,전문과학기술서비스업,기타 대기업,,0,개%
2018,신생률,대구광역시,전문과학기술서비스업,기타 대기업,,-,개%
2018,소멸률,대구광역시,전문과학기술서비스업,기타 대기업,,-,개%
2018,활동,대구광역시,전문과학기술서비스업,중견기업,,1,개%
2018,신생,대구광역시,전문과학기술서비스업,중견기업,,0,개%
2018,소멸,대구광역시,전문과학기술서비스업,중견기업,,0,개%
2018,신생률,대구광역시,전문과학기술서비스업,중견기업,,0,개%
2018,소멸률,대구광역시,전문과학기술서비스업,중견기업,,0,개%
2018,활동,대구광역시,전문과학기술서비스업,중소기업,,6423,개%
2018,신생,대구광역시,전문과학기술서비스업,중소기업,,816,개%
2018,소멸,대구광역시,전문과학기술서비스업,중소기업,,489,개%
2018,신생률,대구광역시,전문과학기술서비스업,중소기업,,12.7,개%
2018,소멸률,대구광역시,전문과학기술서비스업,중소기업,,7.6,개%
2018,활동,대구광역시,전문과학기술서비스업,소기업,,6352,개%
2018,신생,대구광역시,전문과학기술서비스업,소기업,,808,개%
2018,소멸,대구광역시,전문과학기술서비스업,소기업,,488,개%
2018,신생률,대구광역시,전문과학기술서비스업,소기업,,12.7,개%
2018,소멸률,대구광역시,전문과학기술서비스업,소기업,,7.7,개%
2018,활동,대구광역시,전문과학기술서비스업,소상공인,,5407,개%
2018,신생,대구광역시,전문과학기술서비스업,소상공인,,780,개%
2018,소멸,대구광역시,전문과학기술서비스업,소상공인,,480,개%
2018,신생률,대구광역시,전문과학기술서비스업,소상공인,,14.4,개%
2018,소멸률,대구광역시,전문과학기술서비스업,소상공인,,8.9,개%
2018,활동,대구광역시,사업시설관리 사업지원 및 임대 서비스업,계,,5307,개%
2018,신생,대구광역시,사업시설관리 사업지원 및 임대 서비스업,계,,1028,개%
2018,소멸,대구광역시,사업시설관리 사업지원 및 임대 서비스업,계,,813,개%
2018,신생률,대구광역시,사업시설관리 사업지원 및 임대 서비스업,계,,19.4,개%
2018,소멸률,대구광역시,사업시설관리 사업지원 및 임대 서비스업,계,,15.3,개%
2018,활동,대구광역시,사업시설관리 사업지원 및 임대 서비스업,대기업,,8,개%
2018,신생,대구광역시,사업시설관리 사업지원 및 임대 서비스업,대기업,,3,개%
2018,소멸,대구광역시,사업시설관리 사업지원 및 임대 서비스업,대기업,,-,개%
2018,신생률,대구광역시,사업시설관리 사업지원 및 임대 서비스업,대기업,,37.5,개%
2018,소멸률,대구광역시,사업시설관리 사업지원 및 임대 서비스업,대기업,,-,개%
2018,활동,대구광역시,사업시설관리 사업지원 및 임대 서비스업,상호출자제한기업,,0,개%
2018,신생,대구광역시,사업시설관리 사업지원 및 임대 서비스업,상호출자제한기업,,0,개%
2018,소멸,대구광역시,사업시설관리 사업지원 및 임대 서비스업,상호출자제한기업,,0,개%
2018,신생률,대구광역시,사업시설관리 사업지원 및 임대 서비스업,상호출자제한기업,,-,개%
2018,소멸률,대구광역시,사업시설관리 사업지원 및 임대 서비스업,상호출자제한기업,,-,개%
2018,활동,대구광역시,사업시설관리 사업지원 및 임대 서비스업,기타 대기업,,1,개%
2018,신생,대구광역시,사업시설관리 사업지원 및 임대 서비스업,기타 대기업,,0,개%
2018,소멸,대구광역시,사업시설관리 사업지원 및 임대 서비스업,기타 대기업,,0,개%
2018,신생률,대구광역시,사업시설관리 사업지원 및 임대 서비스업,기타 대기업,,0,개%
2018,소멸률,대구광역시,사업시설관리 사업지원 및 임대 서비스업,기타 대기업,,0,개%
2018,활동,대구광역시,사업시설관리 사업지원 및 임대 서비스업,중견기업,,7,개%
2018,신생,대구광역시,사업시설관리 사업지원 및 임대 서비스업,중견기업,,3,개%
2018,소멸,대구광역시,사업시설관리 사업지원 및 임대 서비스업,중견기업,,0,개%
2018,신생률,대구광역시,사업시설관리 사업지원 및 임대 서비스업,중견기업,,42.9,개%
2018,소멸률,대구광역시,사업시설관리 사업지원 및 임대 서비스업,중견기업,,0,개%
2018,활동,대구광역시,사업시설관리 사업지원 및 임대 서비스업,중소기업,,5299,개%
2018,신생,대구광역시,사업시설관리 사업지원 및 임대 서비스업,중소기업,,1025,개%
2018,소멸,대구광역시,사업시설관리 사업지원 및 임대 서비스업,중소기업,,813,개%
2018,신생률,대구광역시,사업시설관리 사업지원 및 임대 서비스업,중소기업,,19.3,개%
2018,소멸률,대구광역시,사업시설관리 사업지원 및 임대 서비스업,중소기업,,15.3,개%
2018,활동,대구광역시,사업시설관리 사업지원 및 임대 서비스업,소기업,,5163,개%
2018,신생,대구광역시,사업시설관리 사업지원 및 임대 서비스업,소기업,,1009,개%
2018,소멸,대구광역시,사업시설관리 사업지원 및 임대 서비스업,소기업,,800,개%
2018,신생률,대구광역시,사업시설관리 사업지원 및 임대 서비스업,소기업,,19.5,개%
2018,소멸률,대구광역시,사업시설관리 사업지원 및 임대 서비스업,소기업,,15.5,개%
2018,활동,대구광역시,사업시설관리 사업지원 및 임대 서비스업,소상공인,,4625,개%
2018,신생,대구광역시,사업시설관리 사업지원 및 임대 서비스업,소상공인,,948,개%
2018,소멸,대구광역시,사업시설관리 사업지원 및 임대 서비스업,소상공인,,736,개%
2018,신생률,대구광역시,사업시설관리 사업지원 및 임대 서비스업,소상공인,,20.5,개%
2018,소멸률,대구광역시,사업시설관리 사업지원 및 임대 서비스업,소상공인,,15.9,개%
2018,활동,대구광역시,교육서비스업,계,,8483,개%
2018,신생,대구광역시,교육서비스업,계,,1619,개%
2018,소멸,대구광역시,교육서비스업,계,,1232,개%
2018,신생률,대구광역시,교육서비스업,계,,19.1,개%
2018,소멸률,대구광역시,교육서비스업,계,,14.5,개%
2018,활동,대구광역시,교육서비스업,대기업,,-,개%
2018,신생,대구광역시,교육서비스업,대기업,,-,개%
2018,소멸,대구광역시,교육서비스업,대기업,,-,개%
2018,신생률,대구광역시,교육서비스업,대기업,,-,개%
2018,소멸률,대구광역시,교육서비스업,대기업,,-,개%
2018,활동,대구광역시,교육서비스업,상호출자제한기업,,0,개%
2018,신생,대구광역시,교육서비스업,상호출자제한기업,,0,개%
2018,소멸,대구광역시,교육서비스업,상호출자제한기업,,0,개%
2018,신생률,대구광역시,교육서비스업,상호출자제한기업,,-,개%
2018,소멸률,대구광역시,교육서비스업,상호출자제한기업,,-,개%
2018,활동,대구광역시,교육서비스업,기타 대기업,,0,개%
2018,신생,대구광역시,교육서비스업,기타 대기업,,0,개%
2018,소멸,대구광역시,교육서비스업,기타 대기업,,0,개%
2018,신생률,대구광역시,교육서비스업,기타 대기업,,-,개%
2018,소멸률,대구광역시,교육서비스업,기타 대기업,,-,개%
2018,활동,대구광역시,교육서비스업,중견기업,,0,개%
2018,신생,대구광역시,교육서비스업,중견기업,,0,개%
2018,소멸,대구광역시,교육서비스업,중견기업,,0,개%
2018,신생률,대구광역시,교육서비스업,중견기업,,-,개%
2018,소멸률,대구광역시,교육서비스업,중견기업,,-,개%
2018,활동,대구광역시,교육서비스업,중소기업,,8483,개%
2018,신생,대구광역시,교육서비스업,중소기업,,1619,개%
2018,소멸,대구광역시,교육서비스업,중소기업,,1232,개%
2018,신생률,대구광역시,교육서비스업,중소기업,,19.1,개%
2018,소멸률,대구광역시,교육서비스업,중소기업,,14.5,개%
2018,활동,대구광역시,교육서비스업,소기업,,8403,개%
2018,신생,대구광역시,교육서비스업,소기업,,1619,개%
2018,소멸,대구광역시,교육서비스업,소기업,,1230,개%
2018,신생률,대구광역시,교육서비스업,소기업,,19.3,개%
2018,소멸률,대구광역시,교육서비스업,소기업,,14.6,개%
2018,활동,대구광역시,교육서비스업,소상공인,,8146,개%
2018,신생,대구광역시,교육서비스업,소상공인,,1600,개%
2018,소멸,대구광역시,교육서비스업,소상공인,,1219,개%
2018,신생률,대구광역시,교육서비스업,소상공인,,19.6,개%
2018,소멸률,대구광역시,교육서비스업,소상공인,,15,개%
2018,활동,대구광역시,보건업 및 사회복지 서비스업,계,,4121,개%
2018,신생,대구광역시,보건업 및 사회복지 서비스업,계,,215,개%
2018,소멸,대구광역시,보건업 및 사회복지 서비스업,계,,127,개%
2018,신생률,대구광역시,보건업 및 사회복지 서비스업,계,,5.2,개%
2018,소멸률,대구광역시,보건업 및 사회복지 서비스업,계,,3.1,개%
2018,활동,대구광역시,보건업 및 사회복지 서비스업,대기업,,-,개%
2018,신생,대구광역시,보건업 및 사회복지 서비스업,대기업,,-,개%
2018,소멸,대구광역시,보건업 및 사회복지 서비스업,대기업,,-,개%
2018,신생률,대구광역시,보건업 및 사회복지 서비스업,대기업,,-,개%
2018,소멸률,대구광역시,보건업 및 사회복지 서비스업,대기업,,-,개%
2018,활동,대구광역시,보건업 및 사회복지 서비스업,상호출자제한기업,,0,개%
2018,신생,대구광역시,보건업 및 사회복지 서비스업,상호출자제한기업,,0,개%
2018,소멸,대구광역시,보건업 및 사회복지 서비스업,상호출자제한기업,,0,개%
2018,신생률,대구광역시,보건업 및 사회복지 서비스업,상호출자제한기업,,-,개%
2018,소멸률,대구광역시,보건업 및 사회복지 서비스업,상호출자제한기업,,-,개%
2018,활동,대구광역시,보건업 및 사회복지 서비스업,기타 대기업,,0,개%
2018,신생,대구광역시,보건업 및 사회복지 서비스업,기타 대기업,,0,개%
2018,소멸,대구광역시,보건업 및 사회복지 서비스업,기타 대기업,,0,개%
2018,신생률,대구광역시,보건업 및 사회복지 서비스업,기타 대기업,,-,개%
2018,소멸률,대구광역시,보건업 및 사회복지 서비스업,기타 대기업,,-,개%
2018,활동,대구광역시,보건업 및 사회복지 서비스업,중견기업,,0,개%
2018,신생,대구광역시,보건업 및 사회복지 서비스업,중견기업,,0,개%
2018,소멸,대구광역시,보건업 및 사회복지 서비스업,중견기업,,0,개%
2018,신생률,대구광역시,보건업 및 사회복지 서비스업,중견기업,,-,개%
2018,소멸률,대구광역시,보건업 및 사회복지 서비스업,중견기업,,-,개%
2018,활동,대구광역시,보건업 및 사회복지 서비스업,중소기업,,4121,개%
2018,신생,대구광역시,보건업 및 사회복지 서비스업,중소기업,,215,개%
2018,소멸,대구광역시,보건업 및 사회복지 서비스업,중소기업,,127,개%
2018,신생률,대구광역시,보건업 및 사회복지 서비스업,중소기업,,5.2,개%
2018,소멸률,대구광역시,보건업 및 사회복지 서비스업,중소기업,,3.1,개%
2018,활동,대구광역시,보건업 및 사회복지 서비스업,소기업,,3467,개%
2018,신생,대구광역시,보건업 및 사회복지 서비스업,소기업,,189,개%
2018,소멸,대구광역시,보건업 및 사회복지 서비스업,소기업,,121,개%
2018,신생률,대구광역시,보건업 및 사회복지 서비스업,소기업,,5.5,개%
2018,소멸률,대구광역시,보건업 및 사회복지 서비스업,소기업,,3.5,개%
2018,활동,대구광역시,보건업 및 사회복지 서비스업,소상공인,,2526,개%
2018,신생,대구광역시,보건업 및 사회복지 서비스업,소상공인,,139,개%
2018,소멸,대구광역시,보건업 및 사회복지 서비스업,소상공인,,107,개%
2018,신생률,대구광역시,보건업 및 사회복지 서비스업,소상공인,,5.5,개%
2018,소멸률,대구광역시,보건업 및 사회복지 서비스업,소상공인,,4.2,개%
2018,활동,대구광역시,예술 스포츠 및 여가관련 서비스업,계,,5803,개%
2018,신생,대구광역시,예술 스포츠 및 여가관련 서비스업,계,,1049,개%
2018,소멸,대구광역시,예술 스포츠 및 여가관련 서비스업,계,,927,개%
2018,신생률,대구광역시,예술 스포츠 및 여가관련 서비스업,계,,18.1,개%
2018,소멸률,대구광역시,예술 스포츠 및 여가관련 서비스업,계,,16,개%
2018,활동,대구광역시,예술 스포츠 및 여가관련 서비스업,대기업,,2,개%
2018,신생,대구광역시,예술 스포츠 및 여가관련 서비스업,대기업,,-,개%
2018,소멸,대구광역시,예술 스포츠 및 여가관련 서비스업,대기업,,-,개%
2018,신생률,대구광역시,예술 스포츠 및 여가관련 서비스업,대기업,,-,개%
2018,소멸률,대구광역시,예술 스포츠 및 여가관련 서비스업,대기업,,-,개%
2018,활동,대구광역시,예술 스포츠 및 여가관련 서비스업,상호출자제한기업,,1,개%
2018,신생,대구광역시,예술 스포츠 및 여가관련 서비스업,상호출자제한기업,,0,개%
2018,소멸,대구광역시,예술 스포츠 및 여가관련 서비스업,상호출자제한기업,,0,개%
2018,신생률,대구광역시,예술 스포츠 및 여가관련 서비스업,상호출자제한기업,,0,개%
2018,소멸률,대구광역시,예술 스포츠 및 여가관련 서비스업,상호출자제한기업,,0,개%
2018,활동,대구광역시,예술 스포츠 및 여가관련 서비스업,기타 대기업,,0,개%
2018,신생,대구광역시,예술 스포츠 및 여가관련 서비스업,기타 대기업,,0,개%
2018,소멸,대구광역시,예술 스포츠 및 여가관련 서비스업,기타 대기업,,0,개%
2018,신생률,대구광역시,예술 스포츠 및 여가관련 서비스업,기타 대기업,,-,개%
2018,소멸률,대구광역시,예술 스포츠 및 여가관련 서비스업,기타 대기업,,-,개%
2018,활동,대구광역시,예술 스포츠 및 여가관련 서비스업,중견기업,,1,개%
2018,신생,대구광역시,예술 스포츠 및 여가관련 서비스업,중견기업,,0,개%
2018,소멸,대구광역시,예술 스포츠 및 여가관련 서비스업,중견기업,,0,개%
2018,신생률,대구광역시,예술 스포츠 및 여가관련 서비스업,중견기업,,0,개%
2018,소멸률,대구광역시,예술 스포츠 및 여가관련 서비스업,중견기업,,0,개%
2018,활동,대구광역시,예술 스포츠 및 여가관련 서비스업,중소기업,,5801,개%
2018,신생,대구광역시,예술 스포츠 및 여가관련 서비스업,중소기업,,1049,개%
2018,소멸,대구광역시,예술 스포츠 및 여가관련 서비스업,중소기업,,927,개%
2018,신생률,대구광역시,예술 스포츠 및 여가관련 서비스업,중소기업,,18.1,개%
2018,소멸률,대구광역시,예술 스포츠 및 여가관련 서비스업,중소기업,,16,개%
2018,활동,대구광역시,예술 스포츠 및 여가관련 서비스업,소기업,,5778,개%
2018,신생,대구광역시,예술 스포츠 및 여가관련 서비스업,소기업,,1046,개%
2018,소멸,대구광역시,예술 스포츠 및 여가관련 서비스업,소기업,,927,개%
2018,신생률,대구광역시,예술 스포츠 및 여가관련 서비스업,소기업,,18.1,개%
2018,소멸률,대구광역시,예술 스포츠 및 여가관련 서비스업,소기업,,16,개%
2018,활동,대구광역시,예술 스포츠 및 여가관련 서비스업,소상공인,,5656,개%
2018,신생,대구광역시,예술 스포츠 및 여가관련 서비스업,소상공인,,1026,개%
2018,소멸,대구광역시,예술 스포츠 및 여가관련 서비스업,소상공인,,923,개%
2018,신생률,대구광역시,예술 스포츠 및 여가관련 서비스업,소상공인,,18.1,개%
2018,소멸률,대구광역시,예술 스포츠 및 여가관련 서비스업,소상공인,,16.3,개%
2018,활동,대구광역시,협회 및 단체 수리 및 기타 개인서비스업,계,,13958,개%
2018,신생,대구광역시,협회 및 단체 수리 및 기타 개인서비스업,계,,2279,개%
2018,소멸,대구광역시,협회 및 단체 수리 및 기타 개인서비스업,계,,1514,개%
2018,신생률,대구광역시,협회 및 단체 수리 및 기타 개인서비스업,계,,16.3,개%
2018,소멸률,대구광역시,협회 및 단체 수리 및 기타 개인서비스업,계,,10.8,개%
2018,활동,대구광역시,협회 및 단체 수리 및 기타 개인서비스업,대기업,,1,개%
2018,신생,대구광역시,협회 및 단체 수리 및 기타 개인서비스업,대기업,,-,개%
2018,소멸,대구광역시,협회 및 단체 수리 및 기타 개인서비스업,대기업,,-,개%
2018,신생률,대구광역시,협회 및 단체 수리 및 기타 개인서비스업,대기업,,-,개%
2018,소멸률,대구광역시,협회 및 단체 수리 및 기타 개인서비스업,대기업,,-,개%
2018,활동,대구광역시,협회 및 단체 수리 및 기타 개인서비스업,상호출자제한기업,,0,개%
2018,신생,대구광역시,협회 및 단체 수리 및 기타 개인서비스업,상호출자제한기업,,0,개%
2018,소멸,대구광역시,협회 및 단체 수리 및 기타 개인서비스업,상호출자제한기업,,0,개%
2018,신생률,대구광역시,협회 및 단체 수리 및 기타 개인서비스업,상호출자제한기업,,-,개%
2018,소멸률,대구광역시,협회 및 단체 수리 및 기타 개인서비스업,상호출자제한기업,,-,개%
2018,활동,대구광역시,협회 및 단체 수리 및 기타 개인서비스업,기타 대기업,,0,개%
2018,신생,대구광역시,협회 및 단체 수리 및 기타 개인서비스업,기타 대기업,,0,개%
2018,소멸,대구광역시,협회 및 단체 수리 및 기타 개인서비스업,기타 대기업,,0,개%
2018,신생률,대구광역시,협회 및 단체 수리 및 기타 개인서비스업,기타 대기업,,-,개%
2018,소멸률,대구광역시,협회 및 단체 수리 및 기타 개인서비스업,기타 대기업,,-,개%
2018,활동,대구광역시,협회 및 단체 수리 및 기타 개인서비스업,중견기업,,1,개%
2018,신생,대구광역시,협회 및 단체 수리 및 기타 개인서비스업,중견기업,,0,개%
2018,소멸,대구광역시,협회 및 단체 수리 및 기타 개인서비스업,중견기업,,0,개%
2018,신생률,대구광역시,협회 및 단체 수리 및 기타 개인서비스업,중견기업,,0,개%
2018,소멸률,대구광역시,협회 및 단체 수리 및 기타 개인서비스업,중견기업,,0,개%
2018,활동,대구광역시,협회 및 단체 수리 및 기타 개인서비스업,중소기업,,13957,개%
2018,신생,대구광역시,협회 및 단체 수리 및 기타 개인서비스업,중소기업,,2279,개%
2018,소멸,대구광역시,협회 및 단체 수리 및 기타 개인서비스업,중소기업,,1514,개%
2018,신생률,대구광역시,협회 및 단체 수리 및 기타 개인서비스업,중소기업,,16.3,개%
2018,소멸률,대구광역시,협회 및 단체 수리 및 기타 개인서비스업,중소기업,,10.8,개%
2018,활동,대구광역시,협회 및 단체 수리 및 기타 개인서비스업,소기업,,13781,개%
2018,신생,대구광역시,협회 및 단체 수리 및 기타 개인서비스업,소기업,,2272,개%
2018,소멸,대구광역시,협회 및 단체 수리 및 기타 개인서비스업,소기업,,1509,개%
2018,신생률,대구광역시,협회 및 단체 수리 및 기타 개인서비스업,소기업,,16.5,개%
2018,소멸률,대구광역시,협회 및 단체 수리 및 기타 개인서비스업,소기업,,10.9,개%
2018,활동,대구광역시,협회 및 단체 수리 및 기타 개인서비스업,소상공인,,13411,개%
2018,신생,대구광역시,협회 및 단체 수리 및 기타 개인서비스업,소상공인,,2245,개%
2018,소멸,대구광역시,협회 및 단체 수리 및 기타 개인서비스업,소상공인,,1492,개%
2018,신생률,대구광역시,협회 및 단체 수리 및 기타 개인서비스업,소상공인,,16.7,개%
2018,소멸률,대구광역시,협회 및 단체 수리 및 기타 개인서비스업,소상공인,,11.1,개%
2019,활동,대구광역시,전체,계,,296184,개%
2019,신생,대구광역시,전체,계,,40004,개%
2019,소멸,대구광역시,전체,계,,31981,개%
2019,신생률,대구광역시,전체,계,,13.5,개%
2019,소멸률,대구광역시,전체,계,,10.8,개%
2019,활동,대구광역시,전체,대기업,,160,개%
2019,신생,대구광역시,전체,대기업,,1,개%
2019,소멸,대구광역시,전체,대기업,,-,개%
2019,신생률,대구광역시,전체,대기업,,0.6,개%
2019,소멸률,대구광역시,전체,대기업,,-,개%
2019,활동,대구광역시,전체,상호출자제한기업,,9,개%
2019,신생,대구광역시,전체,상호출자제한기업,,0,개%
2019,소멸,대구광역시,전체,상호출자제한기업,,0,개%
2019,신생률,대구광역시,전체,상호출자제한기업,,0,개%
2019,소멸률,대구광역시,전체,상호출자제한기업,,0,개%
2019,활동,대구광역시,전체,기타 대기업,,29,개%
2019,신생,대구광역시,전체,기타 대기업,,0,개%
2019,소멸,대구광역시,전체,기타 대기업,,0,개%
2019,신생률,대구광역시,전체,기타 대기업,,0,개%
2019,소멸률,대구광역시,전체,기타 대기업,,0,개%
2019,활동,대구광역시,전체,중견기업,,122,개%
2019,신생,대구광역시,전체,중견기업,,1,개%
2019,소멸,대구광역시,전체,중견기업,,0,개%
2019,신생률,대구광역시,전체,중견기업,,0.8,개%
2019,소멸률,대구광역시,전체,중견기업,,0,개%
2019,활동,대구광역시,전체,중소기업,,296024,개%
2019,신생,대구광역시,전체,중소기업,,40003,개%
2019,소멸,대구광역시,전체,중소기업,,31981,개%
2019,신생률,대구광역시,전체,중소기업,,13.5,개%
2019,소멸률,대구광역시,전체,중소기업,,10.8,개%
2019,활동,대구광역시,전체,소기업,,291834,개%
2019,신생,대구광역시,전체,소기업,,39772,개%
2019,소멸,대구광역시,전체,소기업,,31831,개%
2019,신생률,대구광역시,전체,소기업,,13.6,개%
2019,소멸률,대구광역시,전체,소기업,,10.9,개%
2019,활동,대구광역시,전체,소상공인,,280269,개%
2019,신생,대구광역시,전체,소상공인,,39083,개%
2019,소멸,대구광역시,전체,소상공인,,31504,개%
2019,신생률,대구광역시,전체,소상공인,,13.9,개%
2019,소멸률,대구광역시,전체,소상공인,,11.2,개%
2019,활동,대구광역시,농업 임업 및 어업,계,,156,개%
2019,신생,대구광역시,농업 임업 및 어업,계,,33,개%
2019,소멸,대구광역시,농업 임업 및 어업,계,,27,개%
2019,신생률,대구광역시,농업 임업 및 어업,계,,21.2,개%
2019,소멸률,대구광역시,농업 임업 및 어업,계,,17.3,개%
2019,활동,대구광역시,농업 임업 및 어업,대기업,,-,개%
2019,신생,대구광역시,농업 임업 및 어업,대기업,,-,개%
2019,소멸,대구광역시,농업 임업 및 어업,대기업,,-,개%
2019,신생률,대구광역시,농업 임업 및 어업,대기업,,-,개%
2019,소멸률,대구광역시,농업 임업 및 어업,대기업,,-,개%
2019,활동,대구광역시,농업 임업 및 어업,상호출자제한기업,,0,개%
2019,신생,대구광역시,농업 임업 및 어업,상호출자제한기업,,0,개%
2019,소멸,대구광역시,농업 임업 및 어업,상호출자제한기업,,0,개%
2019,신생률,대구광역시,농업 임업 및 어업,상호출자제한기업,,-,개%
2019,소멸률,대구광역시,농업 임업 및 어업,상호출자제한기업,,-,개%
2019,활동,대구광역시,농업 임업 및 어업,기타 대기업,,0,개%
2019,신생,대구광역시,농업 임업 및 어업,기타 대기업,,0,개%
2019,소멸,대구광역시,농업 임업 및 어업,기타 대기업,,0,개%
2019,신생률,대구광역시,농업 임업 및 어업,기타 대기업,,-,개%
2019,소멸률,대구광역시,농업 임업 및 어업,기타 대기업,,-,개%
2019,활동,대구광역시,농업 임업 및 어업,중견기업,,0,개%
2019,신생,대구광역시,농업 임업 및 어업,중견기업,,0,개%
2019,소멸,대구광역시,농업 임업 및 어업,중견기업,,0,개%
2019,신생률,대구광역시,농업 임업 및 어업,중견기업,,-,개%
2019,소멸률,대구광역시,농업 임업 및 어업,중견기업,,-,개%
2019,활동,대구광역시,농업 임업 및 어업,중소기업,,156,개%
2019,신생,대구광역시,농업 임업 및 어업,중소기업,,33,개%
2019,소멸,대구광역시,농업 임업 및 어업,중소기업,,27,개%
2019,신생률,대구광역시,농업 임업 및 어업,중소기업,,21.2,개%
2019,소멸률,대구광역시,농업 임업 및 어업,중소기업,,17.3,개%
2019,활동,대구광역시,농업 임업 및 어업,소기업,,156,개%
2019,신생,대구광역시,농업 임업 및 어업,소기업,,33,개%
2019,소멸,대구광역시,농업 임업 및 어업,소기업,,27,개%
2019,신생률,대구광역시,농업 임업 및 어업,소기업,,21.2,개%
2019,소멸률,대구광역시,농업 임업 및 어업,소기업,,17.3,개%
2019,활동,대구광역시,농업 임업 및 어업,소상공인,,152,개%
2019,신생,대구광역시,농업 임업 및 어업,소상공인,,33,개%
2019,소멸,대구광역시,농업 임업 및 어업,소상공인,,26,개%
2019,신생률,대구광역시,농업 임업 및 어업,소상공인,,21.7,개%
2019,소멸률,대구광역시,농업 임업 및 어업,소상공인,,17.1,개%
2019,활동,대구광역시,광업,계,,7,개%
2019,신생,대구광역시,광업,계,,2,개%
2019,소멸,대구광역시,광업,계,,2,개%
2019,신생률,대구광역시,광업,계,,28.6,개%
2019,소멸률,대구광역시,광업,계,,28.6,개%
2019,활동,대구광역시,광업,대기업,,-,개%
2019,신생,대구광역시,광업,대기업,,-,개%
2019,소멸,대구광역시,광업,대기업,,-,개%
2019,신생률,대구광역시,광업,대기업,,-,개%
2019,소멸률,대구광역시,광업,대기업,,-,개%
2019,활동,대구광역시,광업,상호출자제한기업,,0,개%
2019,신생,대구광역시,광업,상호출자제한기업,,0,개%
2019,소멸,대구광역시,광업,상호출자제한기업,,0,개%
2019,신생률,대구광역시,광업,상호출자제한기업,,-,개%
2019,소멸률,대구광역시,광업,상호출자제한기업,,-,개%
2019,활동,대구광역시,광업,기타 대기업,,0,개%
2019,신생,대구광역시,광업,기타 대기업,,0,개%
2019,소멸,대구광역시,광업,기타 대기업,,0,개%
2019,신생률,대구광역시,광업,기타 대기업,,-,개%
2019,소멸률,대구광역시,광업,기타 대기업,,-,개%
2019,활동,대구광역시,광업,중견기업,,0,개%
2019,신생,대구광역시,광업,중견기업,,0,개%
2019,소멸,대구광역시,광업,중견기업,,0,개%
2019,신생률,대구광역시,광업,중견기업,,-,개%
2019,소멸률,대구광역시,광업,중견기업,,-,개%
2019,활동,대구광역시,광업,중소기업,,7,개%
2019,신생,대구광역시,광업,중소기업,,2,개%
2019,소멸,대구광역시,광업,중소기업,,2,개%
2019,신생률,대구광역시,광업,중소기업,,28.6,개%
2019,소멸률,대구광역시,광업,중소기업,,28.6,개%
2019,활동,대구광역시,광업,소기업,,7,개%
2019,신생,대구광역시,광업,소기업,,2,개%
2019,소멸,대구광역시,광업,소기업,,2,개%
2019,신생률,대구광역시,광업,소기업,,28.6,개%
2019,소멸률,대구광역시,광업,소기업,,28.6,개%
2019,활동,대구광역시,광업,소상공인,,6,개%
2019,신생,대구광역시,광업,소상공인,,1,개%
2019,소멸,대구광역시,광업,소상공인,,2,개%
2019,신생률,대구광역시,광업,소상공인,,16.7,개%
2019,소멸률,대구광역시,광업,소상공인,,33.3,개%
2019,활동,대구광역시,제조업,계,,31820,개%
2019,신생,대구광역시,제조업,계,,2150,개%
2019,소멸,대구광역시,제조업,계,,2001,개%
2019,신생률,대구광역시,제조업,계,,6.8,개%
2019,소멸률,대구광역시,제조업,계,,6.3,개%
2019,활동,대구광역시,제조업,대기업,,74,개%
2019,신생,대구광역시,제조업,대기업,,1,개%
2019,소멸,대구광역시,제조업,대기업,,-,개%
2019,신생률,대구광역시,제조업,대기업,,1.4,개%
2019,소멸률,대구광역시,제조업,대기업,,-,개%
2019,활동,대구광역시,제조업,상호출자제한기업,,2,개%
2019,신생,대구광역시,제조업,상호출자제한기업,,0,개%
2019,소멸,대구광역시,제조업,상호출자제한기업,,0,개%
2019,신생률,대구광역시,제조업,상호출자제한기업,,0,개%
2019,소멸률,대구광역시,제조업,상호출자제한기업,,0,개%
2019,활동,대구광역시,제조업,기타 대기업,,11,개%
2019,신생,대구광역시,제조업,기타 대기업,,0,개%
2019,소멸,대구광역시,제조업,기타 대기업,,0,개%
2019,신생률,대구광역시,제조업,기타 대기업,,0,개%
2019,소멸률,대구광역시,제조업,기타 대기업,,0,개%
2019,활동,대구광역시,제조업,중견기업,,61,개%
2019,신생,대구광역시,제조업,중견기업,,1,개%
2019,소멸,대구광역시,제조업,중견기업,,0,개%
2019,신생률,대구광역시,제조업,중견기업,,1.6,개%
2019,소멸률,대구광역시,제조업,중견기업,,0,개%
2019,활동,대구광역시,제조업,중소기업,,31746,개%
2019,신생,대구광역시,제조업,중소기업,,2149,개%
2019,소멸,대구광역시,제조업,중소기업,,2001,개%
2019,신생률,대구광역시,제조업,중소기업,,6.8,개%
2019,소멸률,대구광역시,제조업,중소기업,,6.3,개%
2019,활동,대구광역시,제조업,소기업,,31154,개%
2019,신생,대구광역시,제조업,소기업,,2142,개%
2019,소멸,대구광역시,제조업,소기업,,1996,개%
2019,신생률,대구광역시,제조업,소기업,,6.9,개%
2019,소멸률,대구광역시,제조업,소기업,,6.4,개%
2019,활동,대구광역시,제조업,소상공인,,28274,개%
2019,신생,대구광역시,제조업,소상공인,,2093,개%
2019,소멸,대구광역시,제조업,소상공인,,1946,개%
2019,신생률,대구광역시,제조업,소상공인,,7.4,개%
2019,소멸률,대구광역시,제조업,소상공인,,6.9,개%
2019,활동,대구광역시,전기 가스 증기 및 공기조절 공급업,계,,476,개%
2019,신생,대구광역시,전기 가스 증기 및 공기조절 공급업,계,,135,개%
2019,소멸,대구광역시,전기 가스 증기 및 공기조절 공급업,계,,11,개%
2019,신생률,대구광역시,전기 가스 증기 및 공기조절 공급업,계,,28.4,개%
2019,소멸률,대구광역시,전기 가스 증기 및 공기조절 공급업,계,,2.3,개%
2019,활동,대구광역시,전기 가스 증기 및 공기조절 공급업,대기업,,3,개%
2019,신생,대구광역시,전기 가스 증기 및 공기조절 공급업,대기업,,-,개%
2019,소멸,대구광역시,전기 가스 증기 및 공기조절 공급업,대기업,,-,개%
2019,신생률,대구광역시,전기 가스 증기 및 공기조절 공급업,대기업,,-,개%
2019,소멸률,대구광역시,전기 가스 증기 및 공기조절 공급업,대기업,,-,개%
2019,활동,대구광역시,전기 가스 증기 및 공기조절 공급업,상호출자제한기업,,0,개%
2019,신생,대구광역시,전기 가스 증기 및 공기조절 공급업,상호출자제한기업,,0,개%
2019,소멸,대구광역시,전기 가스 증기 및 공기조절 공급업,상호출자제한기업,,0,개%
2019,신생률,대구광역시,전기 가스 증기 및 공기조절 공급업,상호출자제한기업,,-,개%
2019,소멸률,대구광역시,전기 가스 증기 및 공기조절 공급업,상호출자제한기업,,-,개%
2019,활동,대구광역시,전기 가스 증기 및 공기조절 공급업,기타 대기업,,0,개%
2019,신생,대구광역시,전기 가스 증기 및 공기조절 공급업,기타 대기업,,0,개%
2019,소멸,대구광역시,전기 가스 증기 및 공기조절 공급업,기타 대기업,,0,개%
2019,신생률,대구광역시,전기 가스 증기 및 공기조절 공급업,기타 대기업,,-,개%
2019,소멸률,대구광역시,전기 가스 증기 및 공기조절 공급업,기타 대기업,,-,개%
2019,활동,대구광역시,전기 가스 증기 및 공기조절 공급업,중견기업,,3,개%
2019,신생,대구광역시,전기 가스 증기 및 공기조절 공급업,중견기업,,0,개%
2019,소멸,대구광역시,전기 가스 증기 및 공기조절 공급업,중견기업,,0,개%
2019,신생률,대구광역시,전기 가스 증기 및 공기조절 공급업,중견기업,,0,개%
2019,소멸률,대구광역시,전기 가스 증기 및 공기조절 공급업,중견기업,,0,개%
2019,활동,대구광역시,전기 가스 증기 및 공기조절 공급업,중소기업,,473,개%
2019,신생,대구광역시,전기 가스 증기 및 공기조절 공급업,중소기업,,135,개%
2019,소멸,대구광역시,전기 가스 증기 및 공기조절 공급업,중소기업,,11,개%
2019,신생률,대구광역시,전기 가스 증기 및 공기조절 공급업,중소기업,,28.5,개%
2019,소멸률,대구광역시,전기 가스 증기 및 공기조절 공급업,중소기업,,2.3,개%
2019,활동,대구광역시,전기 가스 증기 및 공기조절 공급업,소기업,,471,개%
2019,신생,대구광역시,전기 가스 증기 및 공기조절 공급업,소기업,,135,개%
2019,소멸,대구광역시,전기 가스 증기 및 공기조절 공급업,소기업,,11,개%
2019,신생률,대구광역시,전기 가스 증기 및 공기조절 공급업,소기업,,28.7,개%
2019,소멸률,대구광역시,전기 가스 증기 및 공기조절 공급업,소기업,,2.3,개%
2019,활동,대구광역시,전기 가스 증기 및 공기조절 공급업,소상공인,,463,개%
2019,신생,대구광역시,전기 가스 증기 및 공기조절 공급업,소상공인,,134,개%
2019,소멸,대구광역시,전기 가스 증기 및 공기조절 공급업,소상공인,,11,개%
2019,신생률,대구광역시,전기 가스 증기 및 공기조절 공급업,소상공인,,28.9,개%
2019,소멸률,대구광역시,전기 가스 증기 및 공기조절 공급업,소상공인,,2.4,개%
2019,활동,대구광역시,수도 하수 및 폐기물처리 원료재생업,계,,380,개%
2019,신생,대구광역시,수도 하수 및 폐기물처리 원료재생업,계,,36,개%
2019,소멸,대구광역시,수도 하수 및 폐기물처리 원료재생업,계,,18,개%
2019,신생률,대구광역시,수도 하수 및 폐기물처리 원료재생업,계,,9.5,개%
2019,소멸률,대구광역시,수도 하수 및 폐기물처리 원료재생업,계,,4.7,개%
2019,활동,대구광역시,수도 하수 및 폐기물처리 원료재생업,대기업,,-,개%
2019,신생,대구광역시,수도 하수 및 폐기물처리 원료재생업,대기업,,-,개%
2019,소멸,대구광역시,수도 하수 및 폐기물처리 원료재생업,대기업,,-,개%
2019,신생률,대구광역시,수도 하수 및 폐기물처리 원료재생업,대기업,,-,개%
2019,소멸률,대구광역시,수도 하수 및 폐기물처리 원료재생업,대기업,,-,개%
2019,활동,대구광역시,수도 하수 및 폐기물처리 원료재생업,상호출자제한기업,,0,개%
2019,신생,대구광역시,수도 하수 및 폐기물처리 원료재생업,상호출자제한기업,,0,개%
2019,소멸,대구광역시,수도 하수 및 폐기물처리 원료재생업,상호출자제한기업,,0,개%
2019,신생률,대구광역시,수도 하수 및 폐기물처리 원료재생업,상호출자제한기업,,-,개%
2019,소멸률,대구광역시,수도 하수 및 폐기물처리 원료재생업,상호출자제한기업,,-,개%
2019,활동,대구광역시,수도 하수 및 폐기물처리 원료재생업,기타 대기업,,0,개%
2019,신생,대구광역시,수도 하수 및 폐기물처리 원료재생업,기타 대기업,,0,개%
2019,소멸,대구광역시,수도 하수 및 폐기물처리 원료재생업,기타 대기업,,0,개%
2019,신생률,대구광역시,수도 하수 및 폐기물처리 원료재생업,기타 대기업,,-,개%
2019,소멸률,대구광역시,수도 하수 및 폐기물처리 원료재생업,기타 대기업,,-,개%
2019,활동,대구광역시,수도 하수 및 폐기물처리 원료재생업,중견기업,,0,개%
2019,신생,대구광역시,수도 하수 및 폐기물처리 원료재생업,중견기업,,0,개%
2019,소멸,대구광역시,수도 하수 및 폐기물처리 원료재생업,중견기업,,0,개%
2019,신생률,대구광역시,수도 하수 및 폐기물처리 원료재생업,중견기업,,-,개%
2019,소멸률,대구광역시,수도 하수 및 폐기물처리 원료재생업,중견기업,,-,개%
2019,활동,대구광역시,수도 하수 및 폐기물처리 원료재생업,중소기업,,380,개%
2019,신생,대구광역시,수도 하수 및 폐기물처리 원료재생업,중소기업,,36,개%
2019,소멸,대구광역시,수도 하수 및 폐기물처리 원료재생업,중소기업,,18,개%
2019,신생률,대구광역시,수도 하수 및 폐기물처리 원료재생업,중소기업,,9.5,개%
2019,소멸률,대구광역시,수도 하수 및 폐기물처리 원료재생업,중소기업,,4.7,개%
2019,활동,대구광역시,수도 하수 및 폐기물처리 원료재생업,소기업,,336,개%
2019,신생,대구광역시,수도 하수 및 폐기물처리 원료재생업,소기업,,35,개%
2019,소멸,대구광역시,수도 하수 및 폐기물처리 원료재생업,소기업,,17,개%
2019,신생률,대구광역시,수도 하수 및 폐기물처리 원료재생업,소기업,,10.4,개%
2019,소멸률,대구광역시,수도 하수 및 폐기물처리 원료재생업,소기업,,5.1,개%
2019,활동,대구광역시,수도 하수 및 폐기물처리 원료재생업,소상공인,,258,개%
2019,신생,대구광역시,수도 하수 및 폐기물처리 원료재생업,소상공인,,31,개%
2019,소멸,대구광역시,수도 하수 및 폐기물처리 원료재생업,소상공인,,16,개%
2019,신생률,대구광역시,수도 하수 및 폐기물처리 원료재생업,소상공인,,12,개%
2019,소멸률,대구광역시,수도 하수 및 폐기물처리 원료재생업,소상공인,,6.2,개%
2019,활동,대구광역시,건설업,계,,17757,개%
2019,신생,대구광역시,건설업,계,,1967,개%
2019,소멸,대구광역시,건설업,계,,1278,개%
2019,신생률,대구광역시,건설업,계,,11.1,개%
2019,소멸률,대구광역시,건설업,계,,7.2,개%
2019,활동,대구광역시,건설업,대기업,,11,개%
2019,신생,대구광역시,건설업,대기업,,-,개%
2019,소멸,대구광역시,건설업,대기업,,-,개%
2019,신생률,대구광역시,건설업,대기업,,-,개%
2019,소멸률,대구광역시,건설업,대기업,,-,개%
2019,활동,대구광역시,건설업,상호출자제한기업,,0,개%
2019,신생,대구광역시,건설업,상호출자제한기업,,0,개%
2019,소멸,대구광역시,건설업,상호출자제한기업,,0,개%
2019,신생률,대구광역시,건설업,상호출자제한기업,,-,개%
2019,소멸률,대구광역시,건설업,상호출자제한기업,,-,개%
2019,활동,대구광역시,건설업,기타 대기업,,3,개%
2019,신생,대구광역시,건설업,기타 대기업,,0,개%
2019,소멸,대구광역시,건설업,기타 대기업,,0,개%
2019,신생률,대구광역시,건설업,기타 대기업,,0,개%
2019,소멸률,대구광역시,건설업,기타 대기업,,0,개%
2019,활동,대구광역시,건설업,중견기업,,8,개%
2019,신생,대구광역시,건설업,중견기업,,0,개%
2019,소멸,대구광역시,건설업,중견기업,,0,개%
2019,신생률,대구광역시,건설업,중견기업,,0,개%
2019,소멸률,대구광역시,건설업,중견기업,,0,개%
2019,활동,대구광역시,건설업,중소기업,,17746,개%
2019,신생,대구광역시,건설업,중소기업,,1967,개%
2019,소멸,대구광역시,건설업,중소기업,,1278,개%
2019,신생률,대구광역시,건설업,중소기업,,11.1,개%
2019,소멸률,대구광역시,건설업,중소기업,,7.2,개%
2019,활동,대구광역시,건설업,소기업,,17541,개%
2019,신생,대구광역시,건설업,소기업,,1959,개%
2019,소멸,대구광역시,건설업,소기업,,1272,개%
2019,신생률,대구광역시,건설업,소기업,,11.2,개%
2019,소멸률,대구광역시,건설업,소기업,,7.3,개%
2019,활동,대구광역시,건설업,소상공인,,17034,개%
2019,신생,대구광역시,건설업,소상공인,,1949,개%
2019,소멸,대구광역시,건설업,소상공인,,1267,개%
2019,신생률,대구광역시,건설업,소상공인,,11.4,개%
2019,소멸률,대구광역시,건설업,소상공인,,7.4,개%
2019,활동,대구광역시,도매 및 소매업,계,,71083,개%
2019,신생,대구광역시,도매 및 소매업,계,,9715,개%
2019,소멸,대구광역시,도매 및 소매업,계,,8312,개%
2019,신생률,대구광역시,도매 및 소매업,계,,13.7,개%
2019,소멸률,대구광역시,도매 및 소매업,계,,11.7,개%
2019,활동,대구광역시,도매 및 소매업,대기업,,26,개%
2019,신생,대구광역시,도매 및 소매업,대기업,,-,개%
2019,소멸,대구광역시,도매 및 소매업,대기업,,-,개%
2019,신생률,대구광역시,도매 및 소매업,대기업,,-,개%
2019,소멸률,대구광역시,도매 및 소매업,대기업,,-,개%
2019,활동,대구광역시,도매 및 소매업,상호출자제한기업,,2,개%
2019,신생,대구광역시,도매 및 소매업,상호출자제한기업,,0,개%
2019,소멸,대구광역시,도매 및 소매업,상호출자제한기업,,0,개%
2019,신생률,대구광역시,도매 및 소매업,상호출자제한기업,,0,개%
2019,소멸률,대구광역시,도매 및 소매업,상호출자제한기업,,0,개%
2019,활동,대구광역시,도매 및 소매업,기타 대기업,,2,개%
2019,신생,대구광역시,도매 및 소매업,기타 대기업,,0,개%
2019,소멸,대구광역시,도매 및 소매업,기타 대기업,,0,개%
2019,신생률,대구광역시,도매 및 소매업,기타 대기업,,0,개%
2019,소멸률,대구광역시,도매 및 소매업,기타 대기업,,0,개%
2019,활동,대구광역시,도매 및 소매업,중견기업,,22,개%
2019,신생,대구광역시,도매 및 소매업,중견기업,,0,개%
2019,소멸,대구광역시,도매 및 소매업,중견기업,,0,개%
2019,신생률,대구광역시,도매 및 소매업,중견기업,,0,개%
2019,소멸률,대구광역시,도매 및 소매업,중견기업,,0,개%
2019,활동,대구광역시,도매 및 소매업,중소기업,,71057,개%
2019,신생,대구광역시,도매 및 소매업,중소기업,,9715,개%
2019,소멸,대구광역시,도매 및 소매업,중소기업,,8312,개%
2019,신생률,대구광역시,도매 및 소매업,중소기업,,13.7,개%
2019,소멸률,대구광역시,도매 및 소매업,중소기업,,11.7,개%
2019,활동,대구광역시,도매 및 소매업,소기업,,69816,개%
2019,신생,대구광역시,도매 및 소매업,소기업,,9671,개%
2019,소멸,대구광역시,도매 및 소매업,소기업,,8286,개%
2019,신생률,대구광역시,도매 및 소매업,소기업,,13.9,개%
2019,소멸률,대구광역시,도매 및 소매업,소기업,,11.9,개%
2019,활동,대구광역시,도매 및 소매업,소상공인,,67334,개%
2019,신생,대구광역시,도매 및 소매업,소상공인,,9556,개%
2019,소멸,대구광역시,도매 및 소매업,소상공인,,8228,개%
2019,신생률,대구광역시,도매 및 소매업,소상공인,,14.2,개%
2019,소멸률,대구광역시,도매 및 소매업,소상공인,,12.2,개%
2019,활동,대구광역시,운수 및 창고업,계,,30764,개%
2019,신생,대구광역시,운수 및 창고업,계,,2211,개%
2019,소멸,대구광역시,운수 및 창고업,계,,1651,개%
2019,신생률,대구광역시,운수 및 창고업,계,,7.2,개%
2019,소멸률,대구광역시,운수 및 창고업,계,,5.4,개%
2019,활동,대구광역시,운수 및 창고업,대기업,,3,개%
2019,신생,대구광역시,운수 및 창고업,대기업,,-,개%
2019,소멸,대구광역시,운수 및 창고업,대기업,,-,개%
2019,신생률,대구광역시,운수 및 창고업,대기업,,-,개%
2019,소멸률,대구광역시,운수 및 창고업,대기업,,-,개%
2019,활동,대구광역시,운수 및 창고업,상호출자제한기업,,0,개%
2019,신생,대구광역시,운수 및 창고업,상호출자제한기업,,0,개%
2019,소멸,대구광역시,운수 및 창고업,상호출자제한기업,,0,개%
2019,신생률,대구광역시,운수 및 창고업,상호출자제한기업,,-,개%
2019,소멸률,대구광역시,운수 및 창고업,상호출자제한기업,,-,개%
2019,활동,대구광역시,운수 및 창고업,기타 대기업,,0,개%
2019,신생,대구광역시,운수 및 창고업,기타 대기업,,0,개%
2019,소멸,대구광역시,운수 및 창고업,기타 대기업,,0,개%
2019,신생률,대구광역시,운수 및 창고업,기타 대기업,,-,개%
2019,소멸률,대구광역시,운수 및 창고업,기타 대기업,,-,개%
2019,활동,대구광역시,운수 및 창고업,중견기업,,3,개%
2019,신생,대구광역시,운수 및 창고업,중견기업,,0,개%
2019,소멸,대구광역시,운수 및 창고업,중견기업,,0,개%
2019,신생률,대구광역시,운수 및 창고업,중견기업,,0,개%
2019,소멸률,대구광역시,운수 및 창고업,중견기업,,0,개%
2019,활동,대구광역시,운수 및 창고업,중소기업,,30761,개%
2019,신생,대구광역시,운수 및 창고업,중소기업,,2211,개%
2019,소멸,대구광역시,운수 및 창고업,중소기업,,1651,개%
2019,신생률,대구광역시,운수 및 창고업,중소기업,,7.2,개%
2019,소멸률,대구광역시,운수 및 창고업,중소기업,,5.4,개%
2019,활동,대구광역시,운수 및 창고업,소기업,,30717,개%
2019,신생,대구광역시,운수 및 창고업,소기업,,2210,개%
2019,소멸,대구광역시,운수 및 창고업,소기업,,1651,개%
2019,신생률,대구광역시,운수 및 창고업,소기업,,7.2,개%
2019,소멸률,대구광역시,운수 및 창고업,소기업,,5.4,개%
2019,활동,대구광역시,운수 및 창고업,소상공인,,30531,개%
2019,신생,대구광역시,운수 및 창고업,소상공인,,2206,개%
2019,소멸,대구광역시,운수 및 창고업,소상공인,,1646,개%
2019,신생률,대구광역시,운수 및 창고업,소상공인,,7.2,개%
2019,소멸률,대구광역시,운수 및 창고업,소상공인,,5.4,개%
2019,활동,대구광역시,숙박 및 음식점업,계,,38836,개%
2019,신생,대구광역시,숙박 및 음식점업,계,,7860,개%
2019,소멸,대구광역시,숙박 및 음식점업,계,,6653,개%
2019,신생률,대구광역시,숙박 및 음식점업,계,,20.2,개%
2019,소멸률,대구광역시,숙박 및 음식점업,계,,17.1,개%
2019,활동,대구광역시,숙박 및 음식점업,대기업,,2,개%
2019,신생,대구광역시,숙박 및 음식점업,대기업,,-,개%
2019,소멸,대구광역시,숙박 및 음식점업,대기업,,-,개%
2019,신생률,대구광역시,숙박 및 음식점업,대기업,,-,개%
2019,소멸률,대구광역시,숙박 및 음식점업,대기업,,-,개%
2019,활동,대구광역시,숙박 및 음식점업,상호출자제한기업,,0,개%
2019,신생,대구광역시,숙박 및 음식점업,상호출자제한기업,,0,개%
2019,소멸,대구광역시,숙박 및 음식점업,상호출자제한기업,,0,개%
2019,신생률,대구광역시,숙박 및 음식점업,상호출자제한기업,,-,개%
2019,소멸률,대구광역시,숙박 및 음식점업,상호출자제한기업,,-,개%
2019,활동,대구광역시,숙박 및 음식점업,기타 대기업,,1,개%
2019,신생,대구광역시,숙박 및 음식점업,기타 대기업,,0,개%
2019,소멸,대구광역시,숙박 및 음식점업,기타 대기업,,0,개%
2019,신생률,대구광역시,숙박 및 음식점업,기타 대기업,,0,개%
2019,소멸률,대구광역시,숙박 및 음식점업,기타 대기업,,0,개%
2019,활동,대구광역시,숙박 및 음식점업,중견기업,,1,개%
2019,신생,대구광역시,숙박 및 음식점업,중견기업,,0,개%
2019,소멸,대구광역시,숙박 및 음식점업,중견기업,,0,개%
2019,신생률,대구광역시,숙박 및 음식점업,중견기업,,0,개%
2019,소멸률,대구광역시,숙박 및 음식점업,중견기업,,0,개%
2019,활동,대구광역시,숙박 및 음식점업,중소기업,,38834,개%
2019,신생,대구광역시,숙박 및 음식점업,중소기업,,7860,개%
2019,소멸,대구광역시,숙박 및 음식점업,중소기업,,6653,개%
2019,신생률,대구광역시,숙박 및 음식점업,중소기업,,20.2,개%
2019,소멸률,대구광역시,숙박 및 음식점업,중소기업,,17.1,개%
2019,활동,대구광역시,숙박 및 음식점업,소기업,,38364,개%
2019,신생,대구광역시,숙박 및 음식점업,소기업,,7812,개%
2019,소멸,대구광역시,숙박 및 음식점업,소기업,,6625,개%
2019,신생률,대구광역시,숙박 및 음식점업,소기업,,20.4,개%
2019,소멸률,대구광역시,숙박 및 음식점업,소기업,,17.3,개%
2019,활동,대구광역시,숙박 및 음식점업,소상공인,,36825,개%
2019,신생,대구광역시,숙박 및 음식점업,소상공인,,7569,개%
2019,소멸,대구광역시,숙박 및 음식점업,소상공인,,6526,개%
2019,신생률,대구광역시,숙박 및 음식점업,소상공인,,20.6,개%
2019,소멸률,대구광역시,숙박 및 음식점업,소상공인,,17.7,개%
2019,활동,대구광역시,정보통신업,계,,2128,개%
2019,신생,대구광역시,정보통신업,계,,353,개%
2019,소멸,대구광역시,정보통신업,계,,230,개%
2019,신생률,대구광역시,정보통신업,계,,16.6,개%
2019,소멸률,대구광역시,정보통신업,계,,10.8,개%
2019,활동,대구광역시,정보통신업,대기업,,5,개%
2019,신생,대구광역시,정보통신업,대기업,,-,개%
2019,소멸,대구광역시,정보통신업,대기업,,-,개%
2019,신생률,대구광역시,정보통신업,대기업,,-,개%
2019,소멸률,대구광역시,정보통신업,대기업,,-,개%
2019,활동,대구광역시,정보통신업,상호출자제한기업,,1,개%
2019,신생,대구광역시,정보통신업,상호출자제한기업,,0,개%
2019,소멸,대구광역시,정보통신업,상호출자제한기업,,0,개%
2019,신생률,대구광역시,정보통신업,상호출자제한기업,,0,개%
2019,소멸률,대구광역시,정보통신업,상호출자제한기업,,0,개%
2019,활동,대구광역시,정보통신업,기타 대기업,,0,개%
2019,신생,대구광역시,정보통신업,기타 대기업,,0,개%
2019,소멸,대구광역시,정보통신업,기타 대기업,,0,개%
2019,신생률,대구광역시,정보통신업,기타 대기업,,-,개%
2019,소멸률,대구광역시,정보통신업,기타 대기업,,-,개%
2019,활동,대구광역시,정보통신업,중견기업,,4,개%
2019,신생,대구광역시,정보통신업,중견기업,,0,개%
2019,소멸,대구광역시,정보통신업,중견기업,,0,개%
2019,신생률,대구광역시,정보통신업,중견기업,,0,개%
2019,소멸률,대구광역시,정보통신업,중견기업,,0,개%
2019,활동,대구광역시,정보통신업,중소기업,,2123,개%
2019,신생,대구광역시,정보통신업,중소기업,,353,개%
2019,소멸,대구광역시,정보통신업,중소기업,,230,개%
2019,신생률,대구광역시,정보통신업,중소기업,,16.6,개%
2019,소멸률,대구광역시,정보통신업,중소기업,,10.8,개%
2019,활동,대구광역시,정보통신업,소기업,,2087,개%
2019,신생,대구광역시,정보통신업,소기업,,352,개%
2019,소멸,대구광역시,정보통신업,소기업,,230,개%
2019,신생률,대구광역시,정보통신업,소기업,,16.9,개%
2019,소멸률,대구광역시,정보통신업,소기업,,11,개%
2019,활동,대구광역시,정보통신업,소상공인,,1748,개%
2019,신생,대구광역시,정보통신업,소상공인,,334,개%
2019,소멸,대구광역시,정보통신업,소상공인,,225,개%
2019,신생률,대구광역시,정보통신업,소상공인,,19.1,개%
2019,소멸률,대구광역시,정보통신업,소상공인,,12.9,개%
2019,활동,대구광역시,금융 및 보험업,계,,850,개%
2019,신생,대구광역시,금융 및 보험업,계,,153,개%
2019,소멸,대구광역시,금융 및 보험업,계,,118,개%
2019,신생률,대구광역시,금융 및 보험업,계,,18,개%
2019,소멸률,대구광역시,금융 및 보험업,계,,13.9,개%
2019,활동,대구광역시,금융 및 보험업,대기업,,4,개%
2019,신생,대구광역시,금융 및 보험업,대기업,,-,개%
2019,소멸,대구광역시,금융 및 보험업,대기업,,-,개%
2019,신생률,대구광역시,금융 및 보험업,대기업,,-,개%
2019,소멸률,대구광역시,금융 및 보험업,대기업,,-,개%
2019,활동,대구광역시,금융 및 보험업,상호출자제한기업,,1,개%
2019,신생,대구광역시,금융 및 보험업,상호출자제한기업,,0,개%
2019,소멸,대구광역시,금융 및 보험업,상호출자제한기업,,0,개%
2019,신생률,대구광역시,금융 및 보험업,상호출자제한기업,,0,개%
2019,소멸률,대구광역시,금융 및 보험업,상호출자제한기업,,0,개%
2019,활동,대구광역시,금융 및 보험업,기타 대기업,,2,개%
2019,신생,대구광역시,금융 및 보험업,기타 대기업,,0,개%
2019,소멸,대구광역시,금융 및 보험업,기타 대기업,,0,개%
2019,신생률,대구광역시,금융 및 보험업,기타 대기업,,0,개%
2019,소멸률,대구광역시,금융 및 보험업,기타 대기업,,0,개%
2019,활동,대구광역시,금융 및 보험업,중견기업,,1,개%
2019,신생,대구광역시,금융 및 보험업,중견기업,,0,개%
2019,소멸,대구광역시,금융 및 보험업,중견기업,,0,개%
2019,신생률,대구광역시,금융 및 보험업,중견기업,,0,개%
2019,소멸률,대구광역시,금융 및 보험업,중견기업,,0,개%
2019,활동,대구광역시,금융 및 보험업,중소기업,,846,개%
2019,신생,대구광역시,금융 및 보험업,중소기업,,153,개%
2019,소멸,대구광역시,금융 및 보험업,중소기업,,118,개%
2019,신생률,대구광역시,금융 및 보험업,중소기업,,18.1,개%
2019,소멸률,대구광역시,금융 및 보험업,중소기업,,13.9,개%
2019,활동,대구광역시,금융 및 보험업,소기업,,834,개%
2019,신생,대구광역시,금융 및 보험업,소기업,,153,개%
2019,소멸,대구광역시,금융 및 보험업,소기업,,118,개%
2019,신생률,대구광역시,금융 및 보험업,소기업,,18.3,개%
2019,소멸률,대구광역시,금융 및 보험업,소기업,,14.1,개%
2019,활동,대구광역시,금융 및 보험업,소상공인,,788,개%
2019,신생,대구광역시,금융 및 보험업,소상공인,,151,개%
2019,소멸,대구광역시,금융 및 보험업,소상공인,,117,개%
2019,신생률,대구광역시,금융 및 보험업,소상공인,,19.2,개%
2019,소멸률,대구광역시,금융 및 보험업,소상공인,,14.8,개%
2019,활동,대구광역시,부동산업,계,,55658,개%
2019,신생,대구광역시,부동산업,계,,7993,개%
2019,소멸,대구광역시,부동산업,계,,6234,개%
2019,신생률,대구광역시,부동산업,계,,14.4,개%
2019,소멸률,대구광역시,부동산업,계,,11.2,개%
2019,활동,대구광역시,부동산업,대기업,,18,개%
2019,신생,대구광역시,부동산업,대기업,,-,개%
2019,소멸,대구광역시,부동산업,대기업,,-,개%
2019,신생률,대구광역시,부동산업,대기업,,-,개%
2019,소멸률,대구광역시,부동산업,대기업,,-,개%
2019,활동,대구광역시,부동산업,상호출자제한기업,,1,개%
2019,신생,대구광역시,부동산업,상호출자제한기업,,0,개%
2019,소멸,대구광역시,부동산업,상호출자제한기업,,0,개%
2019,신생률,대구광역시,부동산업,상호출자제한기업,,0,개%
2019,소멸률,대구광역시,부동산업,상호출자제한기업,,0,개%
2019,활동,대구광역시,부동산업,기타 대기업,,8,개%
2019,신생,대구광역시,부동산업,기타 대기업,,0,개%
2019,소멸,대구광역시,부동산업,기타 대기업,,0,개%
2019,신생률,대구광역시,부동산업,기타 대기업,,0,개%
2019,소멸률,대구광역시,부동산업,기타 대기업,,0,개%
2019,활동,대구광역시,부동산업,중견기업,,9,개%
2019,신생,대구광역시,부동산업,중견기업,,0,개%
2019,소멸,대구광역시,부동산업,중견기업,,0,개%
2019,신생률,대구광역시,부동산업,중견기업,,0,개%
2019,소멸률,대구광역시,부동산업,중견기업,,0,개%
2019,활동,대구광역시,부동산업,중소기업,,55640,개%
2019,신생,대구광역시,부동산업,중소기업,,7993,개%
2019,소멸,대구광역시,부동산업,중소기업,,6234,개%
2019,신생률,대구광역시,부동산업,중소기업,,14.4,개%
2019,소멸률,대구광역시,부동산업,중소기업,,11.2,개%
2019,활동,대구광역시,부동산업,소기업,,55350,개%
2019,신생,대구광역시,부동산업,소기업,,7930,개%
2019,소멸,대구광역시,부동산업,소기업,,6190,개%
2019,신생률,대구광역시,부동산업,소기업,,14.3,개%
2019,소멸률,대구광역시,부동산업,소기업,,11.2,개%
2019,활동,대구광역시,부동산업,소상공인,,55166,개%
2019,신생,대구광역시,부동산업,소상공인,,7919,개%
2019,소멸,대구광역시,부동산업,소상공인,,6188,개%
2019,신생률,대구광역시,부동산업,소상공인,,14.4,개%
2019,소멸률,대구광역시,부동산업,소상공인,,11.2,개%
2019,활동,대구광역시,전문과학기술서비스업,계,,6815,개%
2019,신생,대구광역시,전문과학기술서비스업,계,,903,개%
2019,소멸,대구광역시,전문과학기술서비스업,계,,548,개%
2019,신생률,대구광역시,전문과학기술서비스업,계,,13.3,개%
2019,소멸률,대구광역시,전문과학기술서비스업,계,,8,개%
2019,활동,대구광역시,전문과학기술서비스업,대기업,,3,개%
2019,신생,대구광역시,전문과학기술서비스업,대기업,,-,개%
2019,소멸,대구광역시,전문과학기술서비스업,대기업,,-,개%
2019,신생률,대구광역시,전문과학기술서비스업,대기업,,-,개%
2019,소멸률,대구광역시,전문과학기술서비스업,대기업,,-,개%
2019,활동,대구광역시,전문과학기술서비스업,상호출자제한기업,,1,개%
2019,신생,대구광역시,전문과학기술서비스업,상호출자제한기업,,0,개%
2019,소멸,대구광역시,전문과학기술서비스업,상호출자제한기업,,0,개%
2019,신생률,대구광역시,전문과학기술서비스업,상호출자제한기업,,0,개%
2019,소멸률,대구광역시,전문과학기술서비스업,상호출자제한기업,,0,개%
2019,활동,대구광역시,전문과학기술서비스업,기타 대기업,,1,개%
2019,신생,대구광역시,전문과학기술서비스업,기타 대기업,,0,개%
2019,소멸,대구광역시,전문과학기술서비스업,기타 대기업,,0,개%
2019,신생률,대구광역시,전문과학기술서비스업,기타 대기업,,0,개%
2019,소멸률,대구광역시,전문과학기술서비스업,기타 대기업,,0,개%
2019,활동,대구광역시,전문과학기술서비스업,중견기업,,1,개%
2019,신생,대구광역시,전문과학기술서비스업,중견기업,,0,개%
2019,소멸,대구광역시,전문과학기술서비스업,중견기업,,0,개%
2019,신생률,대구광역시,전문과학기술서비스업,중견기업,,0,개%
2019,소멸률,대구광역시,전문과학기술서비스업,중견기업,,0,개%
2019,활동,대구광역시,전문과학기술서비스업,중소기업,,6812,개%
2019,신생,대구광역시,전문과학기술서비스업,중소기업,,903,개%
2019,소멸,대구광역시,전문과학기술서비스업,중소기업,,548,개%
2019,신생률,대구광역시,전문과학기술서비스업,중소기업,,13.3,개%
2019,소멸률,대구광역시,전문과학기술서비스업,중소기업,,8,개%
2019,활동,대구광역시,전문과학기술서비스업,소기업,,6726,개%
2019,신생,대구광역시,전문과학기술서비스업,소기업,,893,개%
2019,소멸,대구광역시,전문과학기술서비스업,소기업,,543,개%
2019,신생률,대구광역시,전문과학기술서비스업,소기업,,13.3,개%
2019,소멸률,대구광역시,전문과학기술서비스업,소기업,,8.1,개%
2019,활동,대구광역시,전문과학기술서비스업,소상공인,,5807,개%
2019,신생,대구광역시,전문과학기술서비스업,소상공인,,857,개%
2019,소멸,대구광역시,전문과학기술서비스업,소상공인,,536,개%
2019,신생률,대구광역시,전문과학기술서비스업,소상공인,,14.8,개%
2019,소멸률,대구광역시,전문과학기술서비스업,소상공인,,9.2,개%
2019,활동,대구광역시,사업시설관리 사업지원 및 임대 서비스업,계,,5347,개%
2019,신생,대구광역시,사업시설관리 사업지원 및 임대 서비스업,계,,856,개%
2019,소멸,대구광역시,사업시설관리 사업지원 및 임대 서비스업,계,,827,개%
2019,신생률,대구광역시,사업시설관리 사업지원 및 임대 서비스업,계,,16,개%
2019,소멸률,대구광역시,사업시설관리 사업지원 및 임대 서비스업,계,,15.5,개%
2019,활동,대구광역시,사업시설관리 사업지원 및 임대 서비스업,대기업,,8,개%
2019,신생,대구광역시,사업시설관리 사업지원 및 임대 서비스업,대기업,,-,개%
2019,소멸,대구광역시,사업시설관리 사업지원 및 임대 서비스업,대기업,,-,개%
2019,신생률,대구광역시,사업시설관리 사업지원 및 임대 서비스업,대기업,,-,개%
2019,소멸률,대구광역시,사업시설관리 사업지원 및 임대 서비스업,대기업,,-,개%
2019,활동,대구광역시,사업시설관리 사업지원 및 임대 서비스업,상호출자제한기업,,0,개%
2019,신생,대구광역시,사업시설관리 사업지원 및 임대 서비스업,상호출자제한기업,,0,개%
2019,소멸,대구광역시,사업시설관리 사업지원 및 임대 서비스업,상호출자제한기업,,0,개%
2019,신생률,대구광역시,사업시설관리 사업지원 및 임대 서비스업,상호출자제한기업,,-,개%
2019,소멸률,대구광역시,사업시설관리 사업지원 및 임대 서비스업,상호출자제한기업,,-,개%
2019,활동,대구광역시,사업시설관리 사업지원 및 임대 서비스업,기타 대기업,,1,개%
2019,신생,대구광역시,사업시설관리 사업지원 및 임대 서비스업,기타 대기업,,0,개%
2019,소멸,대구광역시,사업시설관리 사업지원 및 임대 서비스업,기타 대기업,,0,개%
2019,신생률,대구광역시,사업시설관리 사업지원 및 임대 서비스업,기타 대기업,,0,개%
2019,소멸률,대구광역시,사업시설관리 사업지원 및 임대 서비스업,기타 대기업,,0,개%
2019,활동,대구광역시,사업시설관리 사업지원 및 임대 서비스업,중견기업,,7,개%
2019,신생,대구광역시,사업시설관리 사업지원 및 임대 서비스업,중견기업,,0,개%
2019,소멸,대구광역시,사업시설관리 사업지원 및 임대 서비스업,중견기업,,0,개%
2019,신생률,대구광역시,사업시설관리 사업지원 및 임대 서비스업,중견기업,,0,개%
2019,소멸률,대구광역시,사업시설관리 사업지원 및 임대 서비스업,중견기업,,0,개%
2019,활동,대구광역시,사업시설관리 사업지원 및 임대 서비스업,중소기업,,5339,개%
2019,신생,대구광역시,사업시설관리 사업지원 및 임대 서비스업,중소기업,,856,개%
2019,소멸,대구광역시,사업시설관리 사업지원 및 임대 서비스업,중소기업,,827,개%
2019,신생률,대구광역시,사업시설관리 사업지원 및 임대 서비스업,중소기업,,16,개%
2019,소멸률,대구광역시,사업시설관리 사업지원 및 임대 서비스업,중소기업,,15.5,개%
2019,활동,대구광역시,사업시설관리 사업지원 및 임대 서비스업,소기업,,5196,개%
2019,신생,대구광역시,사업시설관리 사업지원 및 임대 서비스업,소기업,,840,개%
2019,소멸,대구광역시,사업시설관리 사업지원 및 임대 서비스업,소기업,,814,개%
2019,신생률,대구광역시,사업시설관리 사업지원 및 임대 서비스업,소기업,,16.2,개%
2019,소멸률,대구광역시,사업시설관리 사업지원 및 임대 서비스업,소기업,,15.7,개%
2019,활동,대구광역시,사업시설관리 사업지원 및 임대 서비스업,소상공인,,4673,개%
2019,신생,대구광역시,사업시설관리 사업지원 및 임대 서비스업,소상공인,,781,개%
2019,소멸,대구광역시,사업시설관리 사업지원 및 임대 서비스업,소상공인,,763,개%
2019,신생률,대구광역시,사업시설관리 사업지원 및 임대 서비스업,소상공인,,16.7,개%
2019,소멸률,대구광역시,사업시설관리 사업지원 및 임대 서비스업,소상공인,,16.3,개%
2019,활동,대구광역시,교육서비스업,계,,8960,개%
2019,신생,대구광역시,교육서비스업,계,,1717,개%
2019,소멸,대구광역시,교육서비스업,계,,1352,개%
2019,신생률,대구광역시,교육서비스업,계,,19.2,개%
2019,소멸률,대구광역시,교육서비스업,계,,15.1,개%
2019,활동,대구광역시,교육서비스업,대기업,,-,개%
2019,신생,대구광역시,교육서비스업,대기업,,-,개%
2019,소멸,대구광역시,교육서비스업,대기업,,-,개%
2019,신생률,대구광역시,교육서비스업,대기업,,-,개%
2019,소멸률,대구광역시,교육서비스업,대기업,,-,개%
2019,활동,대구광역시,교육서비스업,상호출자제한기업,,0,개%
2019,신생,대구광역시,교육서비스업,상호출자제한기업,,0,개%
2019,소멸,대구광역시,교육서비스업,상호출자제한기업,,0,개%
2019,신생률,대구광역시,교육서비스업,상호출자제한기업,,-,개%
2019,소멸률,대구광역시,교육서비스업,상호출자제한기업,,-,개%
2019,활동,대구광역시,교육서비스업,기타 대기업,,0,개%
2019,신생,대구광역시,교육서비스업,기타 대기업,,0,개%
2019,소멸,대구광역시,교육서비스업,기타 대기업,,0,개%
2019,신생률,대구광역시,교육서비스업,기타 대기업,,-,개%
2019,소멸률,대구광역시,교육서비스업,기타 대기업,,-,개%
2019,활동,대구광역시,교육서비스업,중견기업,,0,개%
2019,신생,대구광역시,교육서비스업,중견기업,,0,개%
2019,소멸,대구광역시,교육서비스업,중견기업,,0,개%
2019,신생률,대구광역시,교육서비스업,중견기업,,-,개%
2019,소멸률,대구광역시,교육서비스업,중견기업,,-,개%
2019,활동,대구광역시,교육서비스업,중소기업,,8960,개%
2019,신생,대구광역시,교육서비스업,중소기업,,1717,개%
2019,소멸,대구광역시,교육서비스업,중소기업,,1352,개%
2019,신생률,대구광역시,교육서비스업,중소기업,,19.2,개%
2019,소멸률,대구광역시,교육서비스업,중소기업,,15.1,개%
2019,활동,대구광역시,교육서비스업,소기업,,8874,개%
2019,신생,대구광역시,교육서비스업,소기업,,1714,개%
2019,소멸,대구광역시,교육서비스업,소기업,,1348,개%
2019,신생률,대구광역시,교육서비스업,소기업,,19.3,개%
2019,소멸률,대구광역시,교육서비스업,소기업,,15.2,개%
2019,활동,대구광역시,교육서비스업,소상공인,,8493,개%
2019,신생,대구광역시,교육서비스업,소상공인,,1675,개%
2019,소멸,대구광역시,교육서비스업,소상공인,,1340,개%
2019,신생률,대구광역시,교육서비스업,소상공인,,19.7,개%
2019,소멸률,대구광역시,교육서비스업,소상공인,,15.8,개%
2019,활동,대구광역시,보건업 및 사회복지 서비스업,계,,4212,개%
2019,신생,대구광역시,보건업 및 사회복지 서비스업,계,,238,개%
2019,소멸,대구광역시,보건업 및 사회복지 서비스업,계,,137,개%
2019,신생률,대구광역시,보건업 및 사회복지 서비스업,계,,5.7,개%
2019,소멸률,대구광역시,보건업 및 사회복지 서비스업,계,,3.3,개%
2019,활동,대구광역시,보건업 및 사회복지 서비스업,대기업,,-,개%
2019,신생,대구광역시,보건업 및 사회복지 서비스업,대기업,,-,개%
2019,소멸,대구광역시,보건업 및 사회복지 서비스업,대기업,,-,개%
2019,신생률,대구광역시,보건업 및 사회복지 서비스업,대기업,,-,개%
2019,소멸률,대구광역시,보건업 및 사회복지 서비스업,대기업,,-,개%
2019,활동,대구광역시,보건업 및 사회복지 서비스업,상호출자제한기업,,0,개%
2019,신생,대구광역시,보건업 및 사회복지 서비스업,상호출자제한기업,,0,개%
2019,소멸,대구광역시,보건업 및 사회복지 서비스업,상호출자제한기업,,0,개%
2019,신생률,대구광역시,보건업 및 사회복지 서비스업,상호출자제한기업,,-,개%
2019,소멸률,대구광역시,보건업 및 사회복지 서비스업,상호출자제한기업,,-,개%
2019,활동,대구광역시,보건업 및 사회복지 서비스업,기타 대기업,,0,개%
2019,신생,대구광역시,보건업 및 사회복지 서비스업,기타 대기업,,0,개%
2019,소멸,대구광역시,보건업 및 사회복지 서비스업,기타 대기업,,0,개%
2019,신생률,대구광역시,보건업 및 사회복지 서비스업,기타 대기업,,-,개%
2019,소멸률,대구광역시,보건업 및 사회복지 서비스업,기타 대기업,,-,개%
2019,활동,대구광역시,보건업 및 사회복지 서비스업,중견기업,,0,개%
2019,신생,대구광역시,보건업 및 사회복지 서비스업,중견기업,,0,개%
2019,소멸,대구광역시,보건업 및 사회복지 서비스업,중견기업,,0,개%
2019,신생률,대구광역시,보건업 및 사회복지 서비스업,중견기업,,-,개%
2019,소멸률,대구광역시,보건업 및 사회복지 서비스업,중견기업,,-,개%
2019,활동,대구광역시,보건업 및 사회복지 서비스업,중소기업,,4212,개%
2019,신생,대구광역시,보건업 및 사회복지 서비스업,중소기업,,238,개%
2019,소멸,대구광역시,보건업 및 사회복지 서비스업,중소기업,,137,개%
2019,신생률,대구광역시,보건업 및 사회복지 서비스업,중소기업,,5.7,개%
2019,소멸률,대구광역시,보건업 및 사회복지 서비스업,중소기업,,3.3,개%
2019,활동,대구광역시,보건업 및 사회복지 서비스업,소기업,,3478,개%
2019,신생,대구광역시,보건업 및 사회복지 서비스업,소기업,,216,개%
2019,소멸,대구광역시,보건업 및 사회복지 서비스업,소기업,,129,개%
2019,신생률,대구광역시,보건업 및 사회복지 서비스업,소기업,,6.2,개%
2019,소멸률,대구광역시,보건업 및 사회복지 서비스업,소기업,,3.7,개%
2019,활동,대구광역시,보건업 및 사회복지 서비스업,소상공인,,2522,개%
2019,신생,대구광역시,보건업 및 사회복지 서비스업,소상공인,,158,개%
2019,소멸,대구광역시,보건업 및 사회복지 서비스업,소상공인,,117,개%
2019,신생률,대구광역시,보건업 및 사회복지 서비스업,소상공인,,6.3,개%
2019,소멸률,대구광역시,보건업 및 사회복지 서비스업,소상공인,,4.6,개%
2019,활동,대구광역시,예술 스포츠 및 여가관련 서비스업,계,,5949,개%
2019,신생,대구광역시,예술 스포츠 및 여가관련 서비스업,계,,1117,개%
2019,소멸,대구광역시,예술 스포츠 및 여가관련 서비스업,계,,985,개%
2019,신생률,대구광역시,예술 스포츠 및 여가관련 서비스업,계,,18.8,개%
2019,소멸률,대구광역시,예술 스포츠 및 여가관련 서비스업,계,,16.6,개%
2019,활동,대구광역시,예술 스포츠 및 여가관련 서비스업,대기업,,2,개%
2019,신생,대구광역시,예술 스포츠 및 여가관련 서비스업,대기업,,-,개%
2019,소멸,대구광역시,예술 스포츠 및 여가관련 서비스업,대기업,,-,개%
2019,신생률,대구광역시,예술 스포츠 및 여가관련 서비스업,대기업,,-,개%
2019,소멸률,대구광역시,예술 스포츠 및 여가관련 서비스업,대기업,,-,개%
2019,활동,대구광역시,예술 스포츠 및 여가관련 서비스업,상호출자제한기업,,1,개%
2019,신생,대구광역시,예술 스포츠 및 여가관련 서비스업,상호출자제한기업,,0,개%
2019,소멸,대구광역시,예술 스포츠 및 여가관련 서비스업,상호출자제한기업,,0,개%
2019,신생률,대구광역시,예술 스포츠 및 여가관련 서비스업,상호출자제한기업,,0,개%
2019,소멸률,대구광역시,예술 스포츠 및 여가관련 서비스업,상호출자제한기업,,0,개%
2019,활동,대구광역시,예술 스포츠 및 여가관련 서비스업,기타 대기업,,0,개%
2019,신생,대구광역시,예술 스포츠 및 여가관련 서비스업,기타 대기업,,0,개%
2019,소멸,대구광역시,예술 스포츠 및 여가관련 서비스업,기타 대기업,,0,개%
2019,신생률,대구광역시,예술 스포츠 및 여가관련 서비스업,기타 대기업,,-,개%
2019,소멸률,대구광역시,예술 스포츠 및 여가관련 서비스업,기타 대기업,,-,개%
2019,활동,대구광역시,예술 스포츠 및 여가관련 서비스업,중견기업,,1,개%
2019,신생,대구광역시,예술 스포츠 및 여가관련 서비스업,중견기업,,0,개%
2019,소멸,대구광역시,예술 스포츠 및 여가관련 서비스업,중견기업,,0,개%
2019,신생률,대구광역시,예술 스포츠 및 여가관련 서비스업,중견기업,,0,개%
2019,소멸률,대구광역시,예술 스포츠 및 여가관련 서비스업,중견기업,,0,개%
2019,활동,대구광역시,예술 스포츠 및 여가관련 서비스업,중소기업,,5947,개%
2019,신생,대구광역시,예술 스포츠 및 여가관련 서비스업,중소기업,,1117,개%
2019,소멸,대구광역시,예술 스포츠 및 여가관련 서비스업,중소기업,,985,개%
2019,신생률,대구광역시,예술 스포츠 및 여가관련 서비스업,중소기업,,18.8,개%
2019,소멸률,대구광역시,예술 스포츠 및 여가관련 서비스업,중소기업,,16.6,개%
2019,활동,대구광역시,예술 스포츠 및 여가관련 서비스업,소기업,,5927,개%
2019,신생,대구광역시,예술 스포츠 및 여가관련 서비스업,소기업,,1116,개%
2019,소멸,대구광역시,예술 스포츠 및 여가관련 서비스업,소기업,,985,개%
2019,신생률,대구광역시,예술 스포츠 및 여가관련 서비스업,소기업,,18.8,개%
2019,소멸률,대구광역시,예술 스포츠 및 여가관련 서비스업,소기업,,16.6,개%
2019,활동,대구광역시,예술 스포츠 및 여가관련 서비스업,소상공인,,5759,개%
2019,신생,대구광역시,예술 스포츠 및 여가관련 서비스업,소상공인,,1096,개%
2019,소멸,대구광역시,예술 스포츠 및 여가관련 서비스업,소상공인,,980,개%
2019,신생률,대구광역시,예술 스포츠 및 여가관련 서비스업,소상공인,,19,개%
2019,소멸률,대구광역시,예술 스포츠 및 여가관련 서비스업,소상공인,,17,개%
2019,활동,대구광역시,협회 및 단체 수리 및 기타 개인서비스업,계,,14986,개%
2019,신생,대구광역시,협회 및 단체 수리 및 기타 개인서비스업,계,,2565,개%
2019,소멸,대구광역시,협회 및 단체 수리 및 기타 개인서비스업,계,,1597,개%
2019,신생률,대구광역시,협회 및 단체 수리 및 기타 개인서비스업,계,,17.1,개%
2019,소멸률,대구광역시,협회 및 단체 수리 및 기타 개인서비스업,계,,10.7,개%
2019,활동,대구광역시,협회 및 단체 수리 및 기타 개인서비스업,대기업,,1,개%
2019,신생,대구광역시,협회 및 단체 수리 및 기타 개인서비스업,대기업,,-,개%
2019,소멸,대구광역시,협회 및 단체 수리 및 기타 개인서비스업,대기업,,-,개%
2019,신생률,대구광역시,협회 및 단체 수리 및 기타 개인서비스업,대기업,,-,개%
2019,소멸률,대구광역시,협회 및 단체 수리 및 기타 개인서비스업,대기업,,-,개%
2019,활동,대구광역시,협회 및 단체 수리 및 기타 개인서비스업,상호출자제한기업,,0,개%
2019,신생,대구광역시,협회 및 단체 수리 및 기타 개인서비스업,상호출자제한기업,,0,개%
2019,소멸,대구광역시,협회 및 단체 수리 및 기타 개인서비스업,상호출자제한기업,,0,개%
2019,신생률,대구광역시,협회 및 단체 수리 및 기타 개인서비스업,상호출자제한기업,,-,개%
2019,소멸률,대구광역시,협회 및 단체 수리 및 기타 개인서비스업,상호출자제한기업,,-,개%
2019,활동,대구광역시,협회 및 단체 수리 및 기타 개인서비스업,기타 대기업,,0,개%
2019,신생,대구광역시,협회 및 단체 수리 및 기타 개인서비스업,기타 대기업,,0,개%
2019,소멸,대구광역시,협회 및 단체 수리 및 기타 개인서비스업,기타 대기업,,0,개%
2019,신생률,대구광역시,협회 및 단체 수리 및 기타 개인서비스업,기타 대기업,,-,개%
2019,소멸률,대구광역시,협회 및 단체 수리 및 기타 개인서비스업,기타 대기업,,-,개%
2019,활동,대구광역시,협회 및 단체 수리 및 기타 개인서비스업,중견기업,,1,개%
2019,신생,대구광역시,협회 및 단체 수리 및 기타 개인서비스업,중견기업,,0,개%
2019,소멸,대구광역시,협회 및 단체 수리 및 기타 개인서비스업,중견기업,,0,개%
2019,신생률,대구광역시,협회 및 단체 수리 및 기타 개인서비스업,중견기업,,0,개%
2019,소멸률,대구광역시,협회 및 단체 수리 및 기타 개인서비스업,중견기업,,0,개%
2019,활동,대구광역시,협회 및 단체 수리 및 기타 개인서비스업,중소기업,,14985,개%
2019,신생,대구광역시,협회 및 단체 수리 및 기타 개인서비스업,중소기업,,2565,개%
2019,소멸,대구광역시,협회 및 단체 수리 및 기타 개인서비스업,중소기업,,1597,개%
2019,신생률,대구광역시,협회 및 단체 수리 및 기타 개인서비스업,중소기업,,17.1,개%
2019,소멸률,대구광역시,협회 및 단체 수리 및 기타 개인서비스업,중소기업,,10.7,개%
2019,활동,대구광역시,협회 및 단체 수리 및 기타 개인서비스업,소기업,,14800,개%
2019,신생,대구광역시,협회 및 단체 수리 및 기타 개인서비스업,소기업,,2559,개%
2019,소멸,대구광역시,협회 및 단체 수리 및 기타 개인서비스업,소기업,,1587,개%
2019,신생률,대구광역시,협회 및 단체 수리 및 기타 개인서비스업,소기업,,17.3,개%
2019,소멸률,대구광역시,협회 및 단체 수리 및 기타 개인서비스업,소기업,,10.7,개%
2019,활동,대구광역시,협회 및 단체 수리 및 기타 개인서비스업,소상공인,,14436,개%
2019,신생,대구광역시,협회 및 단체 수리 및 기타 개인서비스업,소상공인,,2540,개%
2019,소멸,대구광역시,협회 및 단체 수리 및 기타 개인서비스업,소상공인,,1570,개%
2019,신생률,대구광역시,협회 및 단체 수리 및 기타 개인서비스업,소상공인,,17.6,개%
2019,소멸률,대구광역시,협회 및 단체 수리 및 기타 개인서비스업,소상공인,,10.9,개%
2020,활동,대구광역시,전체,계,,303879,개%
2020,신생,대구광역시,전체,계,,41404,개%
2020,소멸,대구광역시,전체,계,,31820,개%
2020,신생률,대구광역시,전체,계,,13.6,개%
2020,소멸률,대구광역시,전체,계,,10.5,개%
2020,활동,대구광역시,전체,대기업,,173,개%
2020,신생,대구광역시,전체,대기업,,-,개%
2020,소멸,대구광역시,전체,대기업,,2,개%
2020,신생률,대구광역시,전체,대기업,,-,개%
2020,소멸률,대구광역시,전체,대기업,,1.2,개%
2020,활동,대구광역시,전체,상호출자제한기업,,13,개%
2020,신생,대구광역시,전체,상호출자제한기업,,0,개%
2020,소멸,대구광역시,전체,상호출자제한기업,,0,개%
2020,신생률,대구광역시,전체,상호출자제한기업,,0,개%
2020,소멸률,대구광역시,전체,상호출자제한기업,,0,개%
2020,활동,대구광역시,전체,기타 대기업,,40,개%
2020,신생,대구광역시,전체,기타 대기업,,0,개%
2020,소멸,대구광역시,전체,기타 대기업,,2,개%
2020,신생률,대구광역시,전체,기타 대기업,,0,개%
2020,소멸률,대구광역시,전체,기타 대기업,,5,개%
2020,활동,대구광역시,전체,중견기업,,120,개%
2020,신생,대구광역시,전체,중견기업,,0,개%
2020,소멸,대구광역시,전체,중견기업,,0,개%
2020,신생률,대구광역시,전체,중견기업,,0,개%
2020,소멸률,대구광역시,전체,중견기업,,0,개%
2020,활동,대구광역시,전체,중소기업,,303706,개%
2020,신생,대구광역시,전체,중소기업,,41404,개%
2020,소멸,대구광역시,전체,중소기업,,31818,개%
2020,신생률,대구광역시,전체,중소기업,,13.6,개%
2020,소멸률,대구광역시,전체,중소기업,,10.5,개%
2020,활동,대구광역시,전체,소기업,,299615,개%
2020,신생,대구광역시,전체,소기업,,41230,개%
2020,소멸,대구광역시,전체,소기업,,31689,개%
2020,신생률,대구광역시,전체,소기업,,13.8,개%
2020,소멸률,대구광역시,전체,소기업,,10.6,개%
2020,활동,대구광역시,전체,소상공인,,289822,개%
2020,신생,대구광역시,전체,소상공인,,40672,개%
2020,소멸,대구광역시,전체,소상공인,,31453,개%
2020,신생률,대구광역시,전체,소상공인,,14,개%
2020,소멸률,대구광역시,전체,소상공인,,10.9,개%
2020,활동,대구광역시,농업 임업 및 어업,계,,180,개%
2020,신생,대구광역시,농업 임업 및 어업,계,,43,개%
2020,소멸,대구광역시,농업 임업 및 어업,계,,33,개%
2020,신생률,대구광역시,농업 임업 및 어업,계,,23.9,개%
2020,소멸률,대구광역시,농업 임업 및 어업,계,,18.3,개%
2020,활동,대구광역시,농업 임업 및 어업,대기업,,-,개%
2020,신생,대구광역시,농업 임업 및 어업,대기업,,-,개%
2020,소멸,대구광역시,농업 임업 및 어업,대기업,,-,개%
2020,신생률,대구광역시,농업 임업 및 어업,대기업,,-,개%
2020,소멸률,대구광역시,농업 임업 및 어업,대기업,,-,개%
2020,활동,대구광역시,농업 임업 및 어업,상호출자제한기업,,0,개%
2020,신생,대구광역시,농업 임업 및 어업,상호출자제한기업,,0,개%
2020,소멸,대구광역시,농업 임업 및 어업,상호출자제한기업,,0,개%
2020,신생률,대구광역시,농업 임업 및 어업,상호출자제한기업,,-,개%
2020,소멸률,대구광역시,농업 임업 및 어업,상호출자제한기업,,-,개%
2020,활동,대구광역시,농업 임업 및 어업,기타 대기업,,0,개%
2020,신생,대구광역시,농업 임업 및 어업,기타 대기업,,0,개%
2020,소멸,대구광역시,농업 임업 및 어업,기타 대기업,,0,개%
2020,신생률,대구광역시,농업 임업 및 어업,기타 대기업,,-,개%
2020,소멸률,대구광역시,농업 임업 및 어업,기타 대기업,,-,개%
2020,활동,대구광역시,농업 임업 및 어업,중견기업,,0,개%
2020,신생,대구광역시,농업 임업 및 어업,중견기업,,0,개%
2020,소멸,대구광역시,농업 임업 및 어업,중견기업,,0,개%
2020,신생률,대구광역시,농업 임업 및 어업,중견기업,,-,개%
2020,소멸률,대구광역시,농업 임업 및 어업,중견기업,,-,개%
2020,활동,대구광역시,농업 임업 및 어업,중소기업,,180,개%
2020,신생,대구광역시,농업 임업 및 어업,중소기업,,43,개%
2020,소멸,대구광역시,농업 임업 및 어업,중소기업,,33,개%
2020,신생률,대구광역시,농업 임업 및 어업,중소기업,,23.9,개%
2020,소멸률,대구광역시,농업 임업 및 어업,중소기업,,18.3,개%
2020,활동,대구광역시,농업 임업 및 어업,소기업,,179,개%
2020,신생,대구광역시,농업 임업 및 어업,소기업,,43,개%
2020,소멸,대구광역시,농업 임업 및 어업,소기업,,33,개%
2020,신생률,대구광역시,농업 임업 및 어업,소기업,,24,개%
2020,소멸률,대구광역시,농업 임업 및 어업,소기업,,18.4,개%
2020,활동,대구광역시,농업 임업 및 어업,소상공인,,176,개%
2020,신생,대구광역시,농업 임업 및 어업,소상공인,,42,개%
2020,소멸,대구광역시,농업 임업 및 어업,소상공인,,33,개%
2020,신생률,대구광역시,농업 임업 및 어업,소상공인,,23.9,개%
2020,소멸률,대구광역시,농업 임업 및 어업,소상공인,,18.8,개%
2020,활동,대구광역시,광업,계,,6,개%
2020,신생,대구광역시,광업,계,,1,개%
2020,소멸,대구광역시,광업,계,,2,개%
2020,신생률,대구광역시,광업,계,,16.7,개%
2020,소멸률,대구광역시,광업,계,,33.3,개%
2020,활동,대구광역시,광업,대기업,,-,개%
2020,신생,대구광역시,광업,대기업,,-,개%
2020,소멸,대구광역시,광업,대기업,,-,개%
2020,신생률,대구광역시,광업,대기업,,-,개%
2020,소멸률,대구광역시,광업,대기업,,-,개%
2020,활동,대구광역시,광업,상호출자제한기업,,0,개%
2020,신생,대구광역시,광업,상호출자제한기업,,0,개%
2020,소멸,대구광역시,광업,상호출자제한기업,,0,개%
2020,신생률,대구광역시,광업,상호출자제한기업,,-,개%
2020,소멸률,대구광역시,광업,상호출자제한기업,,-,개%
2020,활동,대구광역시,광업,기타 대기업,,0,개%
2020,신생,대구광역시,광업,기타 대기업,,0,개%
2020,소멸,대구광역시,광업,기타 대기업,,0,개%
2020,신생률,대구광역시,광업,기타 대기업,,-,개%
2020,소멸률,대구광역시,광업,기타 대기업,,-,개%
2020,활동,대구광역시,광업,중견기업,,0,개%
2020,신생,대구광역시,광업,중견기업,,0,개%
2020,소멸,대구광역시,광업,중견기업,,0,개%
2020,신생률,대구광역시,광업,중견기업,,-,개%
2020,소멸률,대구광역시,광업,중견기업,,-,개%
2020,활동,대구광역시,광업,중소기업,,6,개%
2020,신생,대구광역시,광업,중소기업,,1,개%
2020,소멸,대구광역시,광업,중소기업,,2,개%
2020,신생률,대구광역시,광업,중소기업,,16.7,개%
2020,소멸률,대구광역시,광업,중소기업,,33.3,개%
2020,활동,대구광역시,광업,소기업,,6,개%
2020,신생,대구광역시,광업,소기업,,1,개%
2020,소멸,대구광역시,광업,소기업,,2,개%
2020,신생률,대구광역시,광업,소기업,,16.7,개%
2020,소멸률,대구광역시,광업,소기업,,33.3,개%
2020,활동,대구광역시,광업,소상공인,,6,개%
2020,신생,대구광역시,광업,소상공인,,1,개%
2020,소멸,대구광역시,광업,소상공인,,2,개%
2020,신생률,대구광역시,광업,소상공인,,16.7,개%
2020,소멸률,대구광역시,광업,소상공인,,33.3,개%
2020,활동,대구광역시,제조업,계,,31763,개%
2020,신생,대구광역시,제조업,계,,2072,개%
2020,소멸,대구광역시,제조업,계,,1779,개%
2020,신생률,대구광역시,제조업,계,,6.5,개%
2020,소멸률,대구광역시,제조업,계,,5.6,개%
2020,활동,대구광역시,제조업,대기업,,71,개%
2020,신생,대구광역시,제조업,대기업,,-,개%
2020,소멸,대구광역시,제조업,대기업,,-,개%
2020,신생률,대구광역시,제조업,대기업,,-,개%
2020,소멸률,대구광역시,제조업,대기업,,-,개%
2020,활동,대구광역시,제조업,상호출자제한기업,,5,개%
2020,신생,대구광역시,제조업,상호출자제한기업,,0,개%
2020,소멸,대구광역시,제조업,상호출자제한기업,,0,개%
2020,신생률,대구광역시,제조업,상호출자제한기업,,0,개%
2020,소멸률,대구광역시,제조업,상호출자제한기업,,0,개%
2020,활동,대구광역시,제조업,기타 대기업,,10,개%
2020,신생,대구광역시,제조업,기타 대기업,,0,개%
2020,소멸,대구광역시,제조업,기타 대기업,,0,개%
2020,신생률,대구광역시,제조업,기타 대기업,,0,개%
2020,소멸률,대구광역시,제조업,기타 대기업,,0,개%
2020,활동,대구광역시,제조업,중견기업,,56,개%
2020,신생,대구광역시,제조업,중견기업,,0,개%
2020,소멸,대구광역시,제조업,중견기업,,0,개%
2020,신생률,대구광역시,제조업,중견기업,,0,개%
2020,소멸률,대구광역시,제조업,중견기업,,0,개%
2020,활동,대구광역시,제조업,중소기업,,31692,개%
2020,신생,대구광역시,제조업,중소기업,,2072,개%
2020,소멸,대구광역시,제조업,중소기업,,1779,개%
2020,신생률,대구광역시,제조업,중소기업,,6.5,개%
2020,소멸률,대구광역시,제조업,중소기업,,5.6,개%
2020,활동,대구광역시,제조업,소기업,,31175,개%
2020,신생,대구광역시,제조업,소기업,,2068,개%
2020,소멸,대구광역시,제조업,소기업,,1774,개%
2020,신생률,대구광역시,제조업,소기업,,6.6,개%
2020,소멸률,대구광역시,제조업,소기업,,5.7,개%
2020,활동,대구광역시,제조업,소상공인,,28845,개%
2020,신생,대구광역시,제조업,소상공인,,2022,개%
2020,소멸,대구광역시,제조업,소상공인,,1740,개%
2020,신생률,대구광역시,제조업,소상공인,,7,개%
2020,소멸률,대구광역시,제조업,소상공인,,6,개%
2020,활동,대구광역시,전기 가스 증기 및 공기조절 공급업,계,,609,개%
2020,신생,대구광역시,전기 가스 증기 및 공기조절 공급업,계,,122,개%
2020,소멸,대구광역시,전기 가스 증기 및 공기조절 공급업,계,,15,개%
2020,신생률,대구광역시,전기 가스 증기 및 공기조절 공급업,계,,20,개%
2020,소멸률,대구광역시,전기 가스 증기 및 공기조절 공급업,계,,2.5,개%
2020,활동,대구광역시,전기 가스 증기 및 공기조절 공급업,대기업,,3,개%
2020,신생,대구광역시,전기 가스 증기 및 공기조절 공급업,대기업,,-,개%
2020,소멸,대구광역시,전기 가스 증기 및 공기조절 공급업,대기업,,-,개%
2020,신생률,대구광역시,전기 가스 증기 및 공기조절 공급업,대기업,,-,개%
2020,소멸률,대구광역시,전기 가스 증기 및 공기조절 공급업,대기업,,-,개%
2020,활동,대구광역시,전기 가스 증기 및 공기조절 공급업,상호출자제한기업,,0,개%
2020,신생,대구광역시,전기 가스 증기 및 공기조절 공급업,상호출자제한기업,,0,개%
2020,소멸,대구광역시,전기 가스 증기 및 공기조절 공급업,상호출자제한기업,,0,개%
2020,신생률,대구광역시,전기 가스 증기 및 공기조절 공급업,상호출자제한기업,,-,개%
2020,소멸률,대구광역시,전기 가스 증기 및 공기조절 공급업,상호출자제한기업,,-,개%
2020,활동,대구광역시,전기 가스 증기 및 공기조절 공급업,기타 대기업,,0,개%
2020,신생,대구광역시,전기 가스 증기 및 공기조절 공급업,기타 대기업,,0,개%
2020,소멸,대구광역시,전기 가스 증기 및 공기조절 공급업,기타 대기업,,0,개%
2020,신생률,대구광역시,전기 가스 증기 및 공기조절 공급업,기타 대기업,,-,개%
2020,소멸률,대구광역시,전기 가스 증기 및 공기조절 공급업,기타 대기업,,-,개%
2020,활동,대구광역시,전기 가스 증기 및 공기조절 공급업,중견기업,,3,개%
2020,신생,대구광역시,전기 가스 증기 및 공기조절 공급업,중견기업,,0,개%
2020,소멸,대구광역시,전기 가스 증기 및 공기조절 공급업,중견기업,,0,개%
2020,신생률,대구광역시,전기 가스 증기 및 공기조절 공급업,중견기업,,0,개%
2020,소멸률,대구광역시,전기 가스 증기 및 공기조절 공급업,중견기업,,0,개%
2020,활동,대구광역시,전기 가스 증기 및 공기조절 공급업,중소기업,,606,개%
2020,신생,대구광역시,전기 가스 증기 및 공기조절 공급업,중소기업,,122,개%
2020,소멸,대구광역시,전기 가스 증기 및 공기조절 공급업,중소기업,,15,개%
2020,신생률,대구광역시,전기 가스 증기 및 공기조절 공급업,중소기업,,20.1,개%
2020,소멸률,대구광역시,전기 가스 증기 및 공기조절 공급업,중소기업,,2.5,개%
2020,활동,대구광역시,전기 가스 증기 및 공기조절 공급업,소기업,,605,개%
2020,신생,대구광역시,전기 가스 증기 및 공기조절 공급업,소기업,,122,개%
2020,소멸,대구광역시,전기 가스 증기 및 공기조절 공급업,소기업,,15,개%
2020,신생률,대구광역시,전기 가스 증기 및 공기조절 공급업,소기업,,20.2,개%
2020,소멸률,대구광역시,전기 가스 증기 및 공기조절 공급업,소기업,,2.5,개%
2020,활동,대구광역시,전기 가스 증기 및 공기조절 공급업,소상공인,,599,개%
2020,신생,대구광역시,전기 가스 증기 및 공기조절 공급업,소상공인,,122,개%
2020,소멸,대구광역시,전기 가스 증기 및 공기조절 공급업,소상공인,,15,개%
2020,신생률,대구광역시,전기 가스 증기 및 공기조절 공급업,소상공인,,20.4,개%
2020,소멸률,대구광역시,전기 가스 증기 및 공기조절 공급업,소상공인,,2.5,개%
2020,활동,대구광역시,수도 하수 및 폐기물처리 원료재생업,계,,398,개%
2020,신생,대구광역시,수도 하수 및 폐기물처리 원료재생업,계,,36,개%
2020,소멸,대구광역시,수도 하수 및 폐기물처리 원료재생업,계,,22,개%
2020,신생률,대구광역시,수도 하수 및 폐기물처리 원료재생업,계,,9,개%
2020,소멸률,대구광역시,수도 하수 및 폐기물처리 원료재생업,계,,5.5,개%
2020,활동,대구광역시,수도 하수 및 폐기물처리 원료재생업,대기업,,-,개%
2020,신생,대구광역시,수도 하수 및 폐기물처리 원료재생업,대기업,,-,개%
2020,소멸,대구광역시,수도 하수 및 폐기물처리 원료재생업,대기업,,-,개%
2020,신생률,대구광역시,수도 하수 및 폐기물처리 원료재생업,대기업,,-,개%
2020,소멸률,대구광역시,수도 하수 및 폐기물처리 원료재생업,대기업,,-,개%
2020,활동,대구광역시,수도 하수 및 폐기물처리 원료재생업,상호출자제한기업,,0,개%
2020,신생,대구광역시,수도 하수 및 폐기물처리 원료재생업,상호출자제한기업,,0,개%
2020,소멸,대구광역시,수도 하수 및 폐기물처리 원료재생업,상호출자제한기업,,0,개%
2020,신생률,대구광역시,수도 하수 및 폐기물처리 원료재생업,상호출자제한기업,,-,개%
2020,소멸률,대구광역시,수도 하수 및 폐기물처리 원료재생업,상호출자제한기업,,-,개%
2020,활동,대구광역시,수도 하수 및 폐기물처리 원료재생업,기타 대기업,,0,개%
2020,신생,대구광역시,수도 하수 및 폐기물처리 원료재생업,기타 대기업,,0,개%
2020,소멸,대구광역시,수도 하수 및 폐기물처리 원료재생업,기타 대기업,,0,개%
2020,신생률,대구광역시,수도 하수 및 폐기물처리 원료재생업,기타 대기업,,-,개%
2020,소멸률,대구광역시,수도 하수 및 폐기물처리 원료재생업,기타 대기업,,-,개%
2020,활동,대구광역시,수도 하수 및 폐기물처리 원료재생업,중견기업,,0,개%
2020,신생,대구광역시,수도 하수 및 폐기물처리 원료재생업,중견기업,,0,개%
2020,소멸,대구광역시,수도 하수 및 폐기물처리 원료재생업,중견기업,,0,개%
2020,신생률,대구광역시,수도 하수 및 폐기물처리 원료재생업,중견기업,,-,개%
2020,소멸률,대구광역시,수도 하수 및 폐기물처리 원료재생업,중견기업,,-,개%
2020,활동,대구광역시,수도 하수 및 폐기물처리 원료재생업,중소기업,,398,개%
2020,신생,대구광역시,수도 하수 및 폐기물처리 원료재생업,중소기업,,36,개%
2020,소멸,대구광역시,수도 하수 및 폐기물처리 원료재생업,중소기업,,22,개%
2020,신생률,대구광역시,수도 하수 및 폐기물처리 원료재생업,중소기업,,9,개%
2020,소멸률,대구광역시,수도 하수 및 폐기물처리 원료재생업,중소기업,,5.5,개%
2020,활동,대구광역시,수도 하수 및 폐기물처리 원료재생업,소기업,,352,개%
2020,신생,대구광역시,수도 하수 및 폐기물처리 원료재생업,소기업,,35,개%
2020,소멸,대구광역시,수도 하수 및 폐기물처리 원료재생업,소기업,,22,개%
2020,신생률,대구광역시,수도 하수 및 폐기물처리 원료재생업,소기업,,9.9,개%
2020,소멸률,대구광역시,수도 하수 및 폐기물처리 원료재생업,소기업,,6.3,개%
2020,활동,대구광역시,수도 하수 및 폐기물처리 원료재생업,소상공인,,280,개%
2020,신생,대구광역시,수도 하수 및 폐기물처리 원료재생업,소상공인,,32,개%
2020,소멸,대구광역시,수도 하수 및 폐기물처리 원료재생업,소상공인,,22,개%
2020,신생률,대구광역시,수도 하수 및 폐기물처리 원료재생업,소상공인,,11.4,개%
2020,소멸률,대구광역시,수도 하수 및 폐기물처리 원료재생업,소상공인,,7.9,개%
2020,활동,대구광역시,건설업,계,,18629,개%
2020,신생,대구광역시,건설업,계,,2182,개%
2020,소멸,대구광역시,건설업,계,,1205,개%
2020,신생률,대구광역시,건설업,계,,11.7,개%
2020,소멸률,대구광역시,건설업,계,,6.5,개%
2020,활동,대구광역시,건설업,대기업,,11,개%
2020,신생,대구광역시,건설업,대기업,,-,개%
2020,소멸,대구광역시,건설업,대기업,,-,개%
2020,신생률,대구광역시,건설업,대기업,,-,개%
2020,소멸률,대구광역시,건설업,대기업,,-,개%
2020,활동,대구광역시,건설업,상호출자제한기업,,1,개%
2020,신생,대구광역시,건설업,상호출자제한기업,,0,개%
2020,소멸,대구광역시,건설업,상호출자제한기업,,0,개%
2020,신생률,대구광역시,건설업,상호출자제한기업,,0,개%
2020,소멸률,대구광역시,건설업,상호출자제한기업,,0,개%
2020,활동,대구광역시,건설업,기타 대기업,,2,개%
2020,신생,대구광역시,건설업,기타 대기업,,0,개%
2020,소멸,대구광역시,건설업,기타 대기업,,0,개%
2020,신생률,대구광역시,건설업,기타 대기업,,0,개%
2020,소멸률,대구광역시,건설업,기타 대기업,,0,개%
2020,활동,대구광역시,건설업,중견기업,,8,개%
2020,신생,대구광역시,건설업,중견기업,,0,개%
2020,소멸,대구광역시,건설업,중견기업,,0,개%
2020,신생률,대구광역시,건설업,중견기업,,0,개%
2020,소멸률,대구광역시,건설업,중견기업,,0,개%
2020,활동,대구광역시,건설업,중소기업,,18618,개%
2020,신생,대구광역시,건설업,중소기업,,2182,개%
2020,소멸,대구광역시,건설업,중소기업,,1205,개%
2020,신생률,대구광역시,건설업,중소기업,,11.7,개%
2020,소멸률,대구광역시,건설업,중소기업,,6.5,개%
2020,활동,대구광역시,건설업,소기업,,18434,개%
2020,신생,대구광역시,건설업,소기업,,2173,개%
2020,소멸,대구광역시,건설업,소기업,,1197,개%
2020,신생률,대구광역시,건설업,소기업,,11.8,개%
2020,소멸률,대구광역시,건설업,소기업,,6.5,개%
2020,활동,대구광역시,건설업,소상공인,,18067,개%
2020,신생,대구광역시,건설업,소상공인,,2167,개%
2020,소멸,대구광역시,건설업,소상공인,,1193,개%
2020,신생률,대구광역시,건설업,소상공인,,12,개%
2020,소멸률,대구광역시,건설업,소상공인,,6.6,개%
2020,활동,대구광역시,도매 및 소매업,계,,71764,개%
2020,신생,대구광역시,도매 및 소매업,계,,9606,개%
2020,소멸,대구광역시,도매 및 소매업,계,,8142,개%
2020,신생률,대구광역시,도매 및 소매업,계,,13.4,개%
2020,소멸률,대구광역시,도매 및 소매업,계,,11.3,개%
2020,활동,대구광역시,도매 및 소매업,대기업,,29,개%
2020,신생,대구광역시,도매 및 소매업,대기업,,-,개%
2020,소멸,대구광역시,도매 및 소매업,대기업,,-,개%
2020,신생률,대구광역시,도매 및 소매업,대기업,,-,개%
2020,소멸률,대구광역시,도매 및 소매업,대기업,,-,개%
2020,활동,대구광역시,도매 및 소매업,상호출자제한기업,,2,개%
2020,신생,대구광역시,도매 및 소매업,상호출자제한기업,,0,개%
2020,소멸,대구광역시,도매 및 소매업,상호출자제한기업,,0,개%
2020,신생률,대구광역시,도매 및 소매업,상호출자제한기업,,0,개%
2020,소멸률,대구광역시,도매 및 소매업,상호출자제한기업,,0,개%
2020,활동,대구광역시,도매 및 소매업,기타 대기업,,5,개%
2020,신생,대구광역시,도매 및 소매업,기타 대기업,,0,개%
2020,소멸,대구광역시,도매 및 소매업,기타 대기업,,0,개%
2020,신생률,대구광역시,도매 및 소매업,기타 대기업,,0,개%
2020,소멸률,대구광역시,도매 및 소매업,기타 대기업,,0,개%
2020,활동,대구광역시,도매 및 소매업,중견기업,,22,개%
2020,신생,대구광역시,도매 및 소매업,중견기업,,0,개%
2020,소멸,대구광역시,도매 및 소매업,중견기업,,0,개%
2020,신생률,대구광역시,도매 및 소매업,중견기업,,0,개%
2020,소멸률,대구광역시,도매 및 소매업,중견기업,,0,개%
2020,활동,대구광역시,도매 및 소매업,중소기업,,71735,개%
2020,신생,대구광역시,도매 및 소매업,중소기업,,9606,개%
2020,소멸,대구광역시,도매 및 소매업,중소기업,,8142,개%
2020,신생률,대구광역시,도매 및 소매업,중소기업,,13.4,개%
2020,소멸률,대구광역시,도매 및 소매업,중소기업,,11.4,개%
2020,활동,대구광역시,도매 및 소매업,소기업,,70528,개%
2020,신생,대구광역시,도매 및 소매업,소기업,,9570,개%
2020,소멸,대구광역시,도매 및 소매업,소기업,,8113,개%
2020,신생률,대구광역시,도매 및 소매업,소기업,,13.6,개%
2020,소멸률,대구광역시,도매 및 소매업,소기업,,11.5,개%
2020,활동,대구광역시,도매 및 소매업,소상공인,,68358,개%
2020,신생,대구광역시,도매 및 소매업,소상공인,,9466,개%
2020,소멸,대구광역시,도매 및 소매업,소상공인,,8064,개%
2020,신생률,대구광역시,도매 및 소매업,소상공인,,13.8,개%
2020,소멸률,대구광역시,도매 및 소매업,소상공인,,11.8,개%
2020,활동,대구광역시,운수 및 창고업,계,,31044,개%
2020,신생,대구광역시,운수 및 창고업,계,,2165,개%
2020,소멸,대구광역시,운수 및 창고업,계,,1730,개%
2020,신생률,대구광역시,운수 및 창고업,계,,7,개%
2020,소멸률,대구광역시,운수 및 창고업,계,,5.6,개%
2020,활동,대구광역시,운수 및 창고업,대기업,,3,개%
2020,신생,대구광역시,운수 및 창고업,대기업,,-,개%
2020,소멸,대구광역시,운수 및 창고업,대기업,,-,개%
2020,신생률,대구광역시,운수 및 창고업,대기업,,-,개%
2020,소멸률,대구광역시,운수 및 창고업,대기업,,-,개%
2020,활동,대구광역시,운수 및 창고업,상호출자제한기업,,0,개%
2020,신생,대구광역시,운수 및 창고업,상호출자제한기업,,0,개%
2020,소멸,대구광역시,운수 및 창고업,상호출자제한기업,,0,개%
2020,신생률,대구광역시,운수 및 창고업,상호출자제한기업,,-,개%
2020,소멸률,대구광역시,운수 및 창고업,상호출자제한기업,,-,개%
2020,활동,대구광역시,운수 및 창고업,기타 대기업,,0,개%
2020,신생,대구광역시,운수 및 창고업,기타 대기업,,0,개%
2020,소멸,대구광역시,운수 및 창고업,기타 대기업,,0,개%
2020,신생률,대구광역시,운수 및 창고업,기타 대기업,,-,개%
2020,소멸률,대구광역시,운수 및 창고업,기타 대기업,,-,개%
2020,활동,대구광역시,운수 및 창고업,중견기업,,3,개%
2020,신생,대구광역시,운수 및 창고업,중견기업,,0,개%
2020,소멸,대구광역시,운수 및 창고업,중견기업,,0,개%
2020,신생률,대구광역시,운수 및 창고업,중견기업,,0,개%
2020,소멸률,대구광역시,운수 및 창고업,중견기업,,0,개%
2020,활동,대구광역시,운수 및 창고업,중소기업,,31041,개%
2020,신생,대구광역시,운수 및 창고업,중소기업,,2165,개%
2020,소멸,대구광역시,운수 및 창고업,중소기업,,1730,개%
2020,신생률,대구광역시,운수 및 창고업,중소기업,,7,개%
2020,소멸률,대구광역시,운수 및 창고업,중소기업,,5.6,개%
2020,활동,대구광역시,운수 및 창고업,소기업,,30992,개%
2020,신생,대구광역시,운수 및 창고업,소기업,,2163,개%
2020,소멸,대구광역시,운수 및 창고업,소기업,,1729,개%
2020,신생률,대구광역시,운수 및 창고업,소기업,,7,개%
2020,소멸률,대구광역시,운수 및 창고업,소기업,,5.6,개%
2020,활동,대구광역시,운수 및 창고업,소상공인,,30817,개%
2020,신생,대구광역시,운수 및 창고업,소상공인,,2160,개%
2020,소멸,대구광역시,운수 및 창고업,소상공인,,1727,개%
2020,신생률,대구광역시,운수 및 창고업,소상공인,,7,개%
2020,소멸률,대구광역시,운수 및 창고업,소상공인,,5.6,개%
2020,활동,대구광역시,숙박 및 음식점업,계,,38619,개%
2020,신생,대구광역시,숙박 및 음식점업,계,,6817,개%
2020,소멸,대구광역시,숙박 및 음식점업,계,,6312,개%
2020,신생률,대구광역시,숙박 및 음식점업,계,,17.7,개%
2020,소멸률,대구광역시,숙박 및 음식점업,계,,16.3,개%
2020,활동,대구광역시,숙박 및 음식점업,대기업,,2,개%
2020,신생,대구광역시,숙박 및 음식점업,대기업,,-,개%
2020,소멸,대구광역시,숙박 및 음식점업,대기업,,-,개%
2020,신생률,대구광역시,숙박 및 음식점업,대기업,,-,개%
2020,소멸률,대구광역시,숙박 및 음식점업,대기업,,-,개%
2020,활동,대구광역시,숙박 및 음식점업,상호출자제한기업,,0,개%
2020,신생,대구광역시,숙박 및 음식점업,상호출자제한기업,,0,개%
2020,소멸,대구광역시,숙박 및 음식점업,상호출자제한기업,,0,개%
2020,신생률,대구광역시,숙박 및 음식점업,상호출자제한기업,,-,개%
2020,소멸률,대구광역시,숙박 및 음식점업,상호출자제한기업,,-,개%
2020,활동,대구광역시,숙박 및 음식점업,기타 대기업,,0,개%
2020,신생,대구광역시,숙박 및 음식점업,기타 대기업,,0,개%
2020,소멸,대구광역시,숙박 및 음식점업,기타 대기업,,0,개%
2020,신생률,대구광역시,숙박 및 음식점업,기타 대기업,,-,개%
2020,소멸률,대구광역시,숙박 및 음식점업,기타 대기업,,-,개%
2020,활동,대구광역시,숙박 및 음식점업,중견기업,,2,개%
2020,신생,대구광역시,숙박 및 음식점업,중견기업,,0,개%
2020,소멸,대구광역시,숙박 및 음식점업,중견기업,,0,개%
2020,신생률,대구광역시,숙박 및 음식점업,중견기업,,0,개%
2020,소멸률,대구광역시,숙박 및 음식점업,중견기업,,0,개%
2020,활동,대구광역시,숙박 및 음식점업,중소기업,,38617,개%
2020,신생,대구광역시,숙박 및 음식점업,중소기업,,6817,개%
2020,소멸,대구광역시,숙박 및 음식점업,중소기업,,6312,개%
2020,신생률,대구광역시,숙박 및 음식점업,중소기업,,17.7,개%
2020,소멸률,대구광역시,숙박 및 음식점업,중소기업,,16.3,개%
2020,활동,대구광역시,숙박 및 음식점업,소기업,,38199,개%
2020,신생,대구광역시,숙박 및 음식점업,소기업,,6798,개%
2020,소멸,대구광역시,숙박 및 음식점업,소기업,,6288,개%
2020,신생률,대구광역시,숙박 및 음식점업,소기업,,17.8,개%
2020,소멸률,대구광역시,숙박 및 음식점업,소기업,,16.5,개%
2020,활동,대구광역시,숙박 및 음식점업,소상공인,,36875,개%
2020,신생,대구광역시,숙박 및 음식점업,소상공인,,6614,개%
2020,소멸,대구광역시,숙박 및 음식점업,소상공인,,6232,개%
2020,신생률,대구광역시,숙박 및 음식점업,소상공인,,17.9,개%
2020,소멸률,대구광역시,숙박 및 음식점업,소상공인,,16.9,개%
2020,활동,대구광역시,정보통신업,계,,2285,개%
2020,신생,대구광역시,정보통신업,계,,413,개%
2020,소멸,대구광역시,정보통신업,계,,247,개%
2020,신생률,대구광역시,정보통신업,계,,18.1,개%
2020,소멸률,대구광역시,정보통신업,계,,10.8,개%
2020,활동,대구광역시,정보통신업,대기업,,6,개%
2020,신생,대구광역시,정보통신업,대기업,,-,개%
2020,소멸,대구광역시,정보통신업,대기업,,-,개%
2020,신생률,대구광역시,정보통신업,대기업,,-,개%
2020,소멸률,대구광역시,정보통신업,대기업,,-,개%
2020,활동,대구광역시,정보통신업,상호출자제한기업,,1,개%
2020,신생,대구광역시,정보통신업,상호출자제한기업,,0,개%
2020,소멸,대구광역시,정보통신업,상호출자제한기업,,0,개%
2020,신생률,대구광역시,정보통신업,상호출자제한기업,,0,개%
2020,소멸률,대구광역시,정보통신업,상호출자제한기업,,0,개%
2020,활동,대구광역시,정보통신업,기타 대기업,,0,개%
2020,신생,대구광역시,정보통신업,기타 대기업,,0,개%
2020,소멸,대구광역시,정보통신업,기타 대기업,,0,개%
2020,신생률,대구광역시,정보통신업,기타 대기업,,-,개%
2020,소멸률,대구광역시,정보통신업,기타 대기업,,-,개%
2020,활동,대구광역시,정보통신업,중견기업,,5,개%
2020,신생,대구광역시,정보통신업,중견기업,,0,개%
2020,소멸,대구광역시,정보통신업,중견기업,,0,개%
2020,신생률,대구광역시,정보통신업,중견기업,,0,개%
2020,소멸률,대구광역시,정보통신업,중견기업,,0,개%
2020,활동,대구광역시,정보통신업,중소기업,,2279,개%
2020,신생,대구광역시,정보통신업,중소기업,,413,개%
2020,소멸,대구광역시,정보통신업,중소기업,,247,개%
2020,신생률,대구광역시,정보통신업,중소기업,,18.1,개%
2020,소멸률,대구광역시,정보통신업,중소기업,,10.8,개%
2020,활동,대구광역시,정보통신업,소기업,,2246,개%
2020,신생,대구광역시,정보통신업,소기업,,412,개%
2020,소멸,대구광역시,정보통신업,소기업,,247,개%
2020,신생률,대구광역시,정보통신업,소기업,,18.3,개%
2020,소멸률,대구광역시,정보통신업,소기업,,11,개%
2020,활동,대구광역시,정보통신업,소상공인,,1889,개%
2020,신생,대구광역시,정보통신업,소상공인,,386,개%
2020,소멸,대구광역시,정보통신업,소상공인,,243,개%
2020,신생률,대구광역시,정보통신업,소상공인,,20.4,개%
2020,소멸률,대구광역시,정보통신업,소상공인,,12.9,개%
2020,활동,대구광역시,금융 및 보험업,계,,849,개%
2020,신생,대구광역시,금융 및 보험업,계,,123,개%
2020,소멸,대구광역시,금융 및 보험업,계,,96,개%
2020,신생률,대구광역시,금융 및 보험업,계,,14.5,개%
2020,소멸률,대구광역시,금융 및 보험업,계,,11.3,개%
2020,활동,대구광역시,금융 및 보험업,대기업,,4,개%
2020,신생,대구광역시,금융 및 보험업,대기업,,-,개%
2020,소멸,대구광역시,금융 및 보험업,대기업,,-,개%
2020,신생률,대구광역시,금융 및 보험업,대기업,,-,개%
2020,소멸률,대구광역시,금융 및 보험업,대기업,,-,개%
2020,활동,대구광역시,금융 및 보험업,상호출자제한기업,,0,개%
2020,신생,대구광역시,금융 및 보험업,상호출자제한기업,,0,개%
2020,소멸,대구광역시,금융 및 보험업,상호출자제한기업,,0,개%
2020,신생률,대구광역시,금융 및 보험업,상호출자제한기업,,-,개%
2020,소멸률,대구광역시,금융 및 보험업,상호출자제한기업,,-,개%
2020,활동,대구광역시,금융 및 보험업,기타 대기업,,3,개%
2020,신생,대구광역시,금융 및 보험업,기타 대기업,,0,개%
2020,소멸,대구광역시,금융 및 보험업,기타 대기업,,0,개%
2020,신생률,대구광역시,금융 및 보험업,기타 대기업,,0,개%
2020,소멸률,대구광역시,금융 및 보험업,기타 대기업,,0,개%
2020,활동,대구광역시,금융 및 보험업,중견기업,,1,개%
2020,신생,대구광역시,금융 및 보험업,중견기업,,0,개%
2020,소멸,대구광역시,금융 및 보험업,중견기업,,0,개%
2020,신생률,대구광역시,금융 및 보험업,중견기업,,0,개%
2020,소멸률,대구광역시,금융 및 보험업,중견기업,,0,개%
2020,활동,대구광역시,금융 및 보험업,중소기업,,845,개%
2020,신생,대구광역시,금융 및 보험업,중소기업,,123,개%
2020,소멸,대구광역시,금융 및 보험업,중소기업,,96,개%
2020,신생률,대구광역시,금융 및 보험업,중소기업,,14.6,개%
2020,소멸률,대구광역시,금융 및 보험업,중소기업,,11.4,개%
2020,활동,대구광역시,금융 및 보험업,소기업,,834,개%
2020,신생,대구광역시,금융 및 보험업,소기업,,123,개%
2020,소멸,대구광역시,금융 및 보험업,소기업,,96,개%
2020,신생률,대구광역시,금융 및 보험업,소기업,,14.7,개%
2020,소멸률,대구광역시,금융 및 보험업,소기업,,11.5,개%
2020,활동,대구광역시,금융 및 보험업,소상공인,,794,개%
2020,신생,대구광역시,금융 및 보험업,소상공인,,121,개%
2020,소멸,대구광역시,금융 및 보험업,소상공인,,94,개%
2020,신생률,대구광역시,금융 및 보험업,소상공인,,15.2,개%
2020,소멸률,대구광역시,금융 및 보험업,소상공인,,11.8,개%
2020,활동,대구광역시,부동산업,계,,59952,개%
2020,신생,대구광역시,부동산업,계,,10663,개%
2020,소멸,대구광역시,부동산업,계,,6909,개%
2020,신생률,대구광역시,부동산업,계,,17.8,개%
2020,소멸률,대구광역시,부동산업,계,,11.5,개%
2020,활동,대구광역시,부동산업,대기업,,29,개%
2020,신생,대구광역시,부동산업,대기업,,-,개%
2020,소멸,대구광역시,부동산업,대기업,,2,개%
2020,신생률,대구광역시,부동산업,대기업,,-,개%
2020,소멸률,대구광역시,부동산업,대기업,,6.9,개%
2020,활동,대구광역시,부동산업,상호출자제한기업,,1,개%
2020,신생,대구광역시,부동산업,상호출자제한기업,,0,개%
2020,소멸,대구광역시,부동산업,상호출자제한기업,,0,개%
2020,신생률,대구광역시,부동산업,상호출자제한기업,,0,개%
2020,소멸률,대구광역시,부동산업,상호출자제한기업,,0,개%
2020,활동,대구광역시,부동산업,기타 대기업,,18,개%
2020,신생,대구광역시,부동산업,기타 대기업,,0,개%
2020,소멸,대구광역시,부동산업,기타 대기업,,2,개%
2020,신생률,대구광역시,부동산업,기타 대기업,,0,개%
2020,소멸률,대구광역시,부동산업,기타 대기업,,11.1,개%
2020,활동,대구광역시,부동산업,중견기업,,10,개%
2020,신생,대구광역시,부동산업,중견기업,,0,개%
2020,소멸,대구광역시,부동산업,중견기업,,0,개%
2020,신생률,대구광역시,부동산업,중견기업,,0,개%
2020,소멸률,대구광역시,부동산업,중견기업,,0,개%
2020,활동,대구광역시,부동산업,중소기업,,59923,개%
2020,신생,대구광역시,부동산업,중소기업,,10663,개%
2020,소멸,대구광역시,부동산업,중소기업,,6907,개%
2020,신생률,대구광역시,부동산업,중소기업,,17.8,개%
2020,소멸률,대구광역시,부동산업,중소기업,,11.5,개%
2020,활동,대구광역시,부동산업,소기업,,59643,개%
2020,신생,대구광역시,부동산업,소기업,,10620,개%
2020,소멸,대구광역시,부동산업,소기업,,6874,개%
2020,신생률,대구광역시,부동산업,소기업,,17.8,개%
2020,소멸률,대구광역시,부동산업,소기업,,11.5,개%
2020,활동,대구광역시,부동산업,소상공인,,59488,개%
2020,신생,대구광역시,부동산업,소상공인,,10606,개%
2020,소멸,대구광역시,부동산업,소상공인,,6871,개%
2020,신생률,대구광역시,부동산업,소상공인,,17.8,개%
2020,소멸률,대구광역시,부동산업,소상공인,,11.6,개%
2020,활동,대구광역시,전문과학기술서비스업,계,,7282,개%
2020,신생,대구광역시,전문과학기술서비스업,계,,987,개%
2020,소멸,대구광역시,전문과학기술서비스업,계,,592,개%
2020,신생률,대구광역시,전문과학기술서비스업,계,,13.6,개%
2020,소멸률,대구광역시,전문과학기술서비스업,계,,8.1,개%
2020,활동,대구광역시,전문과학기술서비스업,대기업,,3,개%
2020,신생,대구광역시,전문과학기술서비스업,대기업,,-,개%
2020,소멸,대구광역시,전문과학기술서비스업,대기업,,-,개%
2020,신생률,대구광역시,전문과학기술서비스업,대기업,,-,개%
2020,소멸률,대구광역시,전문과학기술서비스업,대기업,,-,개%
2020,활동,대구광역시,전문과학기술서비스업,상호출자제한기업,,1,개%
2020,신생,대구광역시,전문과학기술서비스업,상호출자제한기업,,0,개%
2020,소멸,대구광역시,전문과학기술서비스업,상호출자제한기업,,0,개%
2020,신생률,대구광역시,전문과학기술서비스업,상호출자제한기업,,0,개%
2020,소멸률,대구광역시,전문과학기술서비스업,상호출자제한기업,,0,개%
2020,활동,대구광역시,전문과학기술서비스업,기타 대기업,,1,개%
2020,신생,대구광역시,전문과학기술서비스업,기타 대기업,,0,개%
2020,소멸,대구광역시,전문과학기술서비스업,기타 대기업,,0,개%
2020,신생률,대구광역시,전문과학기술서비스업,기타 대기업,,0,개%
2020,소멸률,대구광역시,전문과학기술서비스업,기타 대기업,,0,개%
2020,활동,대구광역시,전문과학기술서비스업,중견기업,,1,개%
2020,신생,대구광역시,전문과학기술서비스업,중견기업,,0,개%
2020,소멸,대구광역시,전문과학기술서비스업,중견기업,,0,개%
2020,신생률,대구광역시,전문과학기술서비스업,중견기업,,0,개%
2020,소멸률,대구광역시,전문과학기술서비스업,중견기업,,0,개%
2020,활동,대구광역시,전문과학기술서비스업,중소기업,,7279,개%
2020,신생,대구광역시,전문과학기술서비스업,중소기업,,987,개%
2020,소멸,대구광역시,전문과학기술서비스업,중소기업,,592,개%
2020,신생률,대구광역시,전문과학기술서비스업,중소기업,,13.6,개%
2020,소멸률,대구광역시,전문과학기술서비스업,중소기업,,8.1,개%
2020,활동,대구광역시,전문과학기술서비스업,소기업,,7179,개%
2020,신생,대구광역시,전문과학기술서비스업,소기업,,984,개%
2020,소멸,대구광역시,전문과학기술서비스업,소기업,,591,개%
2020,신생률,대구광역시,전문과학기술서비스업,소기업,,13.7,개%
2020,소멸률,대구광역시,전문과학기술서비스업,소기업,,8.2,개%
2020,활동,대구광역시,전문과학기술서비스업,소상공인,,6359,개%
2020,신생,대구광역시,전문과학기술서비스업,소상공인,,955,개%
2020,소멸,대구광역시,전문과학기술서비스업,소상공인,,581,개%
2020,신생률,대구광역시,전문과학기술서비스업,소상공인,,15,개%
2020,소멸률,대구광역시,전문과학기술서비스업,소상공인,,9.1,개%
2020,활동,대구광역시,사업시설관리 사업지원 및 임대 서비스업,계,,5500,개%
2020,신생,대구광역시,사업시설관리 사업지원 및 임대 서비스업,계,,990,개%
2020,소멸,대구광역시,사업시설관리 사업지원 및 임대 서비스업,계,,744,개%
2020,신생률,대구광역시,사업시설관리 사업지원 및 임대 서비스업,계,,18,개%
2020,소멸률,대구광역시,사업시설관리 사업지원 및 임대 서비스업,계,,13.5,개%
2020,활동,대구광역시,사업시설관리 사업지원 및 임대 서비스업,대기업,,9,개%
2020,신생,대구광역시,사업시설관리 사업지원 및 임대 서비스업,대기업,,-,개%
2020,소멸,대구광역시,사업시설관리 사업지원 및 임대 서비스업,대기업,,-,개%
2020,신생률,대구광역시,사업시설관리 사업지원 및 임대 서비스업,대기업,,-,개%
2020,소멸률,대구광역시,사업시설관리 사업지원 및 임대 서비스업,대기업,,-,개%
2020,활동,대구광역시,사업시설관리 사업지원 및 임대 서비스업,상호출자제한기업,,1,개%
2020,신생,대구광역시,사업시설관리 사업지원 및 임대 서비스업,상호출자제한기업,,0,개%
2020,소멸,대구광역시,사업시설관리 사업지원 및 임대 서비스업,상호출자제한기업,,0,개%
2020,신생률,대구광역시,사업시설관리 사업지원 및 임대 서비스업,상호출자제한기업,,0,개%
2020,소멸률,대구광역시,사업시설관리 사업지원 및 임대 서비스업,상호출자제한기업,,0,개%
2020,활동,대구광역시,사업시설관리 사업지원 및 임대 서비스업,기타 대기업,,1,개%
2020,신생,대구광역시,사업시설관리 사업지원 및 임대 서비스업,기타 대기업,,0,개%
2020,소멸,대구광역시,사업시설관리 사업지원 및 임대 서비스업,기타 대기업,,0,개%
2020,신생률,대구광역시,사업시설관리 사업지원 및 임대 서비스업,기타 대기업,,0,개%
2020,소멸률,대구광역시,사업시설관리 사업지원 및 임대 서비스업,기타 대기업,,0,개%
2020,활동,대구광역시,사업시설관리 사업지원 및 임대 서비스업,중견기업,,7,개%
2020,신생,대구광역시,사업시설관리 사업지원 및 임대 서비스업,중견기업,,0,개%
2020,소멸,대구광역시,사업시설관리 사업지원 및 임대 서비스업,중견기업,,0,개%
2020,신생률,대구광역시,사업시설관리 사업지원 및 임대 서비스업,중견기업,,0,개%
2020,소멸률,대구광역시,사업시설관리 사업지원 및 임대 서비스업,중견기업,,0,개%
2020,활동,대구광역시,사업시설관리 사업지원 및 임대 서비스업,중소기업,,5491,개%
2020,신생,대구광역시,사업시설관리 사업지원 및 임대 서비스업,중소기업,,990,개%
2020,소멸,대구광역시,사업시설관리 사업지원 및 임대 서비스업,중소기업,,744,개%
2020,신생률,대구광역시,사업시설관리 사업지원 및 임대 서비스업,중소기업,,18,개%
2020,소멸률,대구광역시,사업시설관리 사업지원 및 임대 서비스업,중소기업,,13.5,개%
2020,활동,대구광역시,사업시설관리 사업지원 및 임대 서비스업,소기업,,5362,개%
2020,신생,대구광역시,사업시설관리 사업지원 및 임대 서비스업,소기업,,981,개%
2020,소멸,대구광역시,사업시설관리 사업지원 및 임대 서비스업,소기업,,733,개%
2020,신생률,대구광역시,사업시설관리 사업지원 및 임대 서비스업,소기업,,18.3,개%
2020,소멸률,대구광역시,사업시설관리 사업지원 및 임대 서비스업,소기업,,13.7,개%
2020,활동,대구광역시,사업시설관리 사업지원 및 임대 서비스업,소상공인,,4871,개%
2020,신생,대구광역시,사업시설관리 사업지원 및 임대 서비스업,소상공인,,926,개%
2020,소멸,대구광역시,사업시설관리 사업지원 및 임대 서비스업,소상공인,,704,개%
2020,신생률,대구광역시,사업시설관리 사업지원 및 임대 서비스업,소상공인,,19,개%
2020,소멸률,대구광역시,사업시설관리 사업지원 및 임대 서비스업,소상공인,,14.5,개%
2020,활동,대구광역시,교육서비스업,계,,9366,개%
2020,신생,대구광역시,교육서비스업,계,,1783,개%
2020,소멸,대구광역시,교육서비스업,계,,1201,개%
2020,신생률,대구광역시,교육서비스업,계,,19,개%
2020,소멸률,대구광역시,교육서비스업,계,,12.8,개%
2020,활동,대구광역시,교육서비스업,대기업,,-,개%
2020,신생,대구광역시,교육서비스업,대기업,,-,개%
2020,소멸,대구광역시,교육서비스업,대기업,,-,개%
2020,신생률,대구광역시,교육서비스업,대기업,,-,개%
2020,소멸률,대구광역시,교육서비스업,대기업,,-,개%
2020,활동,대구광역시,교육서비스업,상호출자제한기업,,0,개%
2020,신생,대구광역시,교육서비스업,상호출자제한기업,,0,개%
2020,소멸,대구광역시,교육서비스업,상호출자제한기업,,0,개%
2020,신생률,대구광역시,교육서비스업,상호출자제한기업,,-,개%
2020,소멸률,대구광역시,교육서비스업,상호출자제한기업,,-,개%
2020,활동,대구광역시,교육서비스업,기타 대기업,,0,개%
2020,신생,대구광역시,교육서비스업,기타 대기업,,0,개%
2020,소멸,대구광역시,교육서비스업,기타 대기업,,0,개%
2020,신생률,대구광역시,교육서비스업,기타 대기업,,-,개%
2020,소멸률,대구광역시,교육서비스업,기타 대기업,,-,개%
2020,활동,대구광역시,교육서비스업,중견기업,,0,개%
2020,신생,대구광역시,교육서비스업,중견기업,,0,개%
2020,소멸,대구광역시,교육서비스업,중견기업,,0,개%
2020,신생률,대구광역시,교육서비스업,중견기업,,-,개%
2020,소멸률,대구광역시,교육서비스업,중견기업,,-,개%
2020,활동,대구광역시,교육서비스업,중소기업,,9366,개%
2020,신생,대구광역시,교육서비스업,중소기업,,1783,개%
2020,소멸,대구광역시,교육서비스업,중소기업,,1201,개%
2020,신생률,대구광역시,교육서비스업,중소기업,,19,개%
2020,소멸률,대구광역시,교육서비스업,중소기업,,12.8,개%
2020,활동,대구광역시,교육서비스업,소기업,,9279,개%
2020,신생,대구광역시,교육서비스업,소기업,,1781,개%
2020,소멸,대구광역시,교육서비스업,소기업,,1198,개%
2020,신생률,대구광역시,교육서비스업,소기업,,19.2,개%
2020,소멸률,대구광역시,교육서비스업,소기업,,12.9,개%
2020,활동,대구광역시,교육서비스업,소상공인,,8941,개%
2020,신생,대구광역시,교육서비스업,소상공인,,1757,개%
2020,소멸,대구광역시,교육서비스업,소상공인,,1188,개%
2020,신생률,대구광역시,교육서비스업,소상공인,,19.7,개%
2020,소멸률,대구광역시,교육서비스업,소상공인,,13.3,개%
2020,활동,대구광역시,보건업 및 사회복지 서비스업,계,,4241,개%
2020,신생,대구광역시,보건업 및 사회복지 서비스업,계,,192,개%
2020,소멸,대구광역시,보건업 및 사회복지 서비스업,계,,119,개%
2020,신생률,대구광역시,보건업 및 사회복지 서비스업,계,,4.5,개%
2020,소멸률,대구광역시,보건업 및 사회복지 서비스업,계,,2.8,개%
2020,활동,대구광역시,보건업 및 사회복지 서비스업,대기업,,-,개%
2020,신생,대구광역시,보건업 및 사회복지 서비스업,대기업,,-,개%
2020,소멸,대구광역시,보건업 및 사회복지 서비스업,대기업,,-,개%
2020,신생률,대구광역시,보건업 및 사회복지 서비스업,대기업,,-,개%
2020,소멸률,대구광역시,보건업 및 사회복지 서비스업,대기업,,-,개%
2020,활동,대구광역시,보건업 및 사회복지 서비스업,상호출자제한기업,,0,개%
2020,신생,대구광역시,보건업 및 사회복지 서비스업,상호출자제한기업,,0,개%
2020,소멸,대구광역시,보건업 및 사회복지 서비스업,상호출자제한기업,,0,개%
2020,신생률,대구광역시,보건업 및 사회복지 서비스업,상호출자제한기업,,-,개%
2020,소멸률,대구광역시,보건업 및 사회복지 서비스업,상호출자제한기업,,-,개%
2020,활동,대구광역시,보건업 및 사회복지 서비스업,기타 대기업,,0,개%
2020,신생,대구광역시,보건업 및 사회복지 서비스업,기타 대기업,,0,개%
2020,소멸,대구광역시,보건업 및 사회복지 서비스업,기타 대기업,,0,개%
2020,신생률,대구광역시,보건업 및 사회복지 서비스업,기타 대기업,,-,개%
2020,소멸률,대구광역시,보건업 및 사회복지 서비스업,기타 대기업,,-,개%
2020,활동,대구광역시,보건업 및 사회복지 서비스업,중견기업,,0,개%
2020,신생,대구광역시,보건업 및 사회복지 서비스업,중견기업,,0,개%
2020,소멸,대구광역시,보건업 및 사회복지 서비스업,중견기업,,0,개%
2020,신생률,대구광역시,보건업 및 사회복지 서비스업,중견기업,,-,개%
2020,소멸률,대구광역시,보건업 및 사회복지 서비스업,중견기업,,-,개%
2020,활동,대구광역시,보건업 및 사회복지 서비스업,중소기업,,4241,개%
2020,신생,대구광역시,보건업 및 사회복지 서비스업,중소기업,,192,개%
2020,소멸,대구광역시,보건업 및 사회복지 서비스업,중소기업,,119,개%
2020,신생률,대구광역시,보건업 및 사회복지 서비스업,중소기업,,4.5,개%
2020,소멸률,대구광역시,보건업 및 사회복지 서비스업,중소기업,,2.8,개%
2020,활동,대구광역시,보건업 및 사회복지 서비스업,소기업,,3434,개%
2020,신생,대구광역시,보건업 및 사회복지 서비스업,소기업,,158,개%
2020,소멸,대구광역시,보건업 및 사회복지 서비스업,소기업,,111,개%
2020,신생률,대구광역시,보건업 및 사회복지 서비스업,소기업,,4.6,개%
2020,소멸률,대구광역시,보건업 및 사회복지 서비스업,소기업,,3.2,개%
2020,활동,대구광역시,보건업 및 사회복지 서비스업,소상공인,,2725,개%
2020,신생,대구광역시,보건업 및 사회복지 서비스업,소상공인,,119,개%
2020,소멸,대구광역시,보건업 및 사회복지 서비스업,소상공인,,100,개%
2020,신생률,대구광역시,보건업 및 사회복지 서비스업,소상공인,,4.4,개%
2020,소멸률,대구광역시,보건업 및 사회복지 서비스업,소상공인,,3.7,개%
2020,활동,대구광역시,예술 스포츠 및 여가관련 서비스업,계,,5750,개%
2020,신생,대구광역시,예술 스포츠 및 여가관련 서비스업,계,,884,개%
2020,소멸,대구광역시,예술 스포츠 및 여가관련 서비스업,계,,993,개%
2020,신생률,대구광역시,예술 스포츠 및 여가관련 서비스업,계,,15.4,개%
2020,소멸률,대구광역시,예술 스포츠 및 여가관련 서비스업,계,,17.3,개%
2020,활동,대구광역시,예술 스포츠 및 여가관련 서비스업,대기업,,2,개%
2020,신생,대구광역시,예술 스포츠 및 여가관련 서비스업,대기업,,-,개%
2020,소멸,대구광역시,예술 스포츠 및 여가관련 서비스업,대기업,,-,개%
2020,신생률,대구광역시,예술 스포츠 및 여가관련 서비스업,대기업,,-,개%
2020,소멸률,대구광역시,예술 스포츠 및 여가관련 서비스업,대기업,,-,개%
2020,활동,대구광역시,예술 스포츠 및 여가관련 서비스업,상호출자제한기업,,1,개%
2020,신생,대구광역시,예술 스포츠 및 여가관련 서비스업,상호출자제한기업,,0,개%
2020,소멸,대구광역시,예술 스포츠 및 여가관련 서비스업,상호출자제한기업,,0,개%
2020,신생률,대구광역시,예술 스포츠 및 여가관련 서비스업,상호출자제한기업,,0,개%
2020,소멸률,대구광역시,예술 스포츠 및 여가관련 서비스업,상호출자제한기업,,0,개%
2020,활동,대구광역시,예술 스포츠 및 여가관련 서비스업,기타 대기업,,0,개%
2020,신생,대구광역시,예술 스포츠 및 여가관련 서비스업,기타 대기업,,0,개%
2020,소멸,대구광역시,예술 스포츠 및 여가관련 서비스업,기타 대기업,,0,개%
2020,신생률,대구광역시,예술 스포츠 및 여가관련 서비스업,기타 대기업,,-,개%
2020,소멸률,대구광역시,예술 스포츠 및 여가관련 서비스업,기타 대기업,,-,개%
2020,활동,대구광역시,예술 스포츠 및 여가관련 서비스업,중견기업,,1,개%
2020,신생,대구광역시,예술 스포츠 및 여가관련 서비스업,중견기업,,0,개%
2020,소멸,대구광역시,예술 스포츠 및 여가관련 서비스업,중견기업,,0,개%
2020,신생률,대구광역시,예술 스포츠 및 여가관련 서비스업,중견기업,,0,개%
2020,소멸률,대구광역시,예술 스포츠 및 여가관련 서비스업,중견기업,,0,개%
2020,활동,대구광역시,예술 스포츠 및 여가관련 서비스업,중소기업,,5748,개%
2020,신생,대구광역시,예술 스포츠 및 여가관련 서비스업,중소기업,,884,개%
2020,소멸,대구광역시,예술 스포츠 및 여가관련 서비스업,중소기업,,993,개%
2020,신생률,대구광역시,예술 스포츠 및 여가관련 서비스업,중소기업,,15.4,개%
2020,소멸률,대구광역시,예술 스포츠 및 여가관련 서비스업,중소기업,,17.3,개%
2020,활동,대구광역시,예술 스포츠 및 여가관련 서비스업,소기업,,5732,개%
2020,신생,대구광역시,예술 스포츠 및 여가관련 서비스업,소기업,,882,개%
2020,소멸,대구광역시,예술 스포츠 및 여가관련 서비스업,소기업,,993,개%
2020,신생률,대구광역시,예술 스포츠 및 여가관련 서비스업,소기업,,15.4,개%
2020,소멸률,대구광역시,예술 스포츠 및 여가관련 서비스업,소기업,,17.3,개%
2020,활동,대구광역시,예술 스포츠 및 여가관련 서비스업,소상공인,,5599,개%
2020,신생,대구광역시,예술 스포츠 및 여가관련 서비스업,소상공인,,872,개%
2020,소멸,대구광역시,예술 스포츠 및 여가관련 서비스업,소상공인,,984,개%
2020,신생률,대구광역시,예술 스포츠 및 여가관련 서비스업,소상공인,,15.6,개%
2020,소멸률,대구광역시,예술 스포츠 및 여가관련 서비스업,소상공인,,17.6,개%
2020,활동,대구광역시,협회 및 단체 수리 및 기타 개인서비스업,계,,15642,개%
2020,신생,대구광역시,협회 및 단체 수리 및 기타 개인서비스업,계,,2325,개%
2020,소멸,대구광역시,협회 및 단체 수리 및 기타 개인서비스업,계,,1679,개%
2020,신생률,대구광역시,협회 및 단체 수리 및 기타 개인서비스업,계,,14.9,개%
2020,소멸률,대구광역시,협회 및 단체 수리 및 기타 개인서비스업,계,,10.7,개%
2020,활동,대구광역시,협회 및 단체 수리 및 기타 개인서비스업,대기업,,1,개%
2020,신생,대구광역시,협회 및 단체 수리 및 기타 개인서비스업,대기업,,-,개%
2020,소멸,대구광역시,협회 및 단체 수리 및 기타 개인서비스업,대기업,,-,개%
2020,신생률,대구광역시,협회 및 단체 수리 및 기타 개인서비스업,대기업,,-,개%
2020,소멸률,대구광역시,협회 및 단체 수리 및 기타 개인서비스업,대기업,,-,개%
2020,활동,대구광역시,협회 및 단체 수리 및 기타 개인서비스업,상호출자제한기업,,0,개%
2020,신생,대구광역시,협회 및 단체 수리 및 기타 개인서비스업,상호출자제한기업,,0,개%
2020,소멸,대구광역시,협회 및 단체 수리 및 기타 개인서비스업,상호출자제한기업,,0,개%
2020,신생률,대구광역시,협회 및 단체 수리 및 기타 개인서비스업,상호출자제한기업,,-,개%
2020,소멸률,대구광역시,협회 및 단체 수리 및 기타 개인서비스업,상호출자제한기업,,-,개%
2020,활동,대구광역시,협회 및 단체 수리 및 기타 개인서비스업,기타 대기업,,0,개%
2020,신생,대구광역시,협회 및 단체 수리 및 기타 개인서비스업,기타 대기업,,0,개%
2020,소멸,대구광역시,협회 및 단체 수리 및 기타 개인서비스업,기타 대기업,,0,개%
2020,신생률,대구광역시,협회 및 단체 수리 및 기타 개인서비스업,기타 대기업,,-,개%
2020,소멸률,대구광역시,협회 및 단체 수리 및 기타 개인서비스업,기타 대기업,,-,개%
2020,활동,대구광역시,협회 및 단체 수리 및 기타 개인서비스업,중견기업,,1,개%
2020,신생,대구광역시,협회 및 단체 수리 및 기타 개인서비스업,중견기업,,0,개%
2020,소멸,대구광역시,협회 및 단체 수리 및 기타 개인서비스업,중견기업,,0,개%
2020,신생률,대구광역시,협회 및 단체 수리 및 기타 개인서비스업,중견기업,,0,개%
2020,소멸률,대구광역시,협회 및 단체 수리 및 기타 개인서비스업,중견기업,,0,개%
2020,활동,대구광역시,협회 및 단체 수리 및 기타 개인서비스업,중소기업,,15641,개%
2020,신생,대구광역시,협회 및 단체 수리 및 기타 개인서비스업,중소기업,,2325,개%
2020,소멸,대구광역시,협회 및 단체 수리 및 기타 개인서비스업,중소기업,,1679,개%
2020,신생률,대구광역시,협회 및 단체 수리 및 기타 개인서비스업,중소기업,,14.9,개%
2020,소멸률,대구광역시,협회 및 단체 수리 및 기타 개인서비스업,중소기업,,10.7,개%
2020,활동,대구광역시,협회 및 단체 수리 및 기타 개인서비스업,소기업,,15436,개%
2020,신생,대구광역시,협회 및 단체 수리 및 기타 개인서비스업,소기업,,2316,개%
2020,소멸,대구광역시,협회 및 단체 수리 및 기타 개인서비스업,소기업,,1673,개%
2020,신생률,대구광역시,협회 및 단체 수리 및 기타 개인서비스업,소기업,,15,개%
2020,소멸률,대구광역시,협회 및 단체 수리 및 기타 개인서비스업,소기업,,10.8,개%
2020,활동,대구광역시,협회 및 단체 수리 및 기타 개인서비스업,소상공인,,15133,개%
2020,신생,대구광역시,협회 및 단체 수리 및 기타 개인서비스업,소상공인,,2304,개%
2020,소멸,대구광역시,협회 및 단체 수리 및 기타 개인서비스업,소상공인,,1660,개%
2020,신생률,대구광역시,협회 및 단체 수리 및 기타 개인서비스업,소상공인,,15.2,개%
2020,소멸률,대구광역시,협회 및 단체 수리 및 기타 개인서비스업,소상공인,,11,개%
2021,활동,대구광역시,전체,계,,309940,개%
2021,신생,대구광역시,전체,계,,39261,개%
2021,소멸,대구광역시,전체,계,,31724,개%
2021,신생률,대구광역시,전체,계,,12.7,개%
2021,소멸률,대구광역시,전체,계,,10.2,개%
2021,활동,대구광역시,전체,대기업,,175,개%
2021,신생,대구광역시,전체,대기업,,1,개%
2021,소멸,대구광역시,전체,대기업,,2,개%
2021,신생률,대구광역시,전체,대기업,,0.6,개%
2021,소멸률,대구광역시,전체,대기업,,1.1,개%
2021,활동,대구광역시,전체,상호출자제한기업,,15,개%
2021,신생,대구광역시,전체,상호출자제한기업,,0,개%
2021,소멸,대구광역시,전체,상호출자제한기업,,0,개%
2021,신생률,대구광역시,전체,상호출자제한기업,,0,개%
2021,소멸률,대구광역시,전체,상호출자제한기업,,0,개%
2021,활동,대구광역시,전체,기타 대기업,,39,개%
2021,신생,대구광역시,전체,기타 대기업,,1,개%
2021,소멸,대구광역시,전체,기타 대기업,,2,개%
2021,신생률,대구광역시,전체,기타 대기업,,2.6,개%
2021,소멸률,대구광역시,전체,기타 대기업,,5.1,개%
2021,활동,대구광역시,전체,중견기업,,121,개%
2021,신생,대구광역시,전체,중견기업,,0,개%
2021,소멸,대구광역시,전체,중견기업,,0,개%
2021,신생률,대구광역시,전체,중견기업,,0,개%
2021,소멸률,대구광역시,전체,중견기업,,0,개%
2021,활동,대구광역시,전체,중소기업,,309765,개%
2021,신생,대구광역시,전체,중소기업,,39260,개%
2021,소멸,대구광역시,전체,중소기업,,31722,개%
2021,신생률,대구광역시,전체,중소기업,,12.7,개%
2021,소멸률,대구광역시,전체,중소기업,,10.2,개%
2021,활동,대구광역시,전체,소기업,,305496,개%
2021,신생,대구광역시,전체,소기업,,39106,개%
2021,소멸,대구광역시,전체,소기업,,31608,개%
2021,신생률,대구광역시,전체,소기업,,12.8,개%
2021,소멸률,대구광역시,전체,소기업,,10.3,개%
2021,활동,대구광역시,전체,소상공인,,293885,개%
2021,신생,대구광역시,전체,소상공인,,38452,개%
2021,소멸,대구광역시,전체,소상공인,,31362,개%
2021,신생률,대구광역시,전체,소상공인,,13.1,개%
2021,소멸률,대구광역시,전체,소상공인,,10.7,개%
2021,활동,대구광역시,농업 임업 및 어업,계,,225,개%
2021,신생,대구광역시,농업 임업 및 어업,계,,78,개%
2021,소멸,대구광역시,농업 임업 및 어업,계,,40,개%
2021,신생률,대구광역시,농업 임업 및 어업,계,,34.7,개%
2021,소멸률,대구광역시,농업 임업 및 어업,계,,17.8,개%
2021,활동,대구광역시,농업 임업 및 어업,대기업,,-,개%
2021,신생,대구광역시,농업 임업 및 어업,대기업,,-,개%
2021,소멸,대구광역시,농업 임업 및 어업,대기업,,-,개%
2021,신생률,대구광역시,농업 임업 및 어업,대기업,,-,개%
2021,소멸률,대구광역시,농업 임업 및 어업,대기업,,-,개%
2021,활동,대구광역시,농업 임업 및 어업,상호출자제한기업,,0,개%
2021,신생,대구광역시,농업 임업 및 어업,상호출자제한기업,,0,개%
2021,소멸,대구광역시,농업 임업 및 어업,상호출자제한기업,,0,개%
2021,신생률,대구광역시,농업 임업 및 어업,상호출자제한기업,,-,개%
2021,소멸률,대구광역시,농업 임업 및 어업,상호출자제한기업,,-,개%
2021,활동,대구광역시,농업 임업 및 어업,기타 대기업,,0,개%
2021,신생,대구광역시,농업 임업 및 어업,기타 대기업,,0,개%
2021,소멸,대구광역시,농업 임업 및 어업,기타 대기업,,0,개%
2021,신생률,대구광역시,농업 임업 및 어업,기타 대기업,,-,개%
2021,소멸률,대구광역시,농업 임업 및 어업,기타 대기업,,-,개%
2021,활동,대구광역시,농업 임업 및 어업,중견기업,,0,개%
2021,신생,대구광역시,농업 임업 및 어업,중견기업,,0,개%
2021,소멸,대구광역시,농업 임업 및 어업,중견기업,,0,개%
2021,신생률,대구광역시,농업 임업 및 어업,중견기업,,-,개%
2021,소멸률,대구광역시,농업 임업 및 어업,중견기업,,-,개%
2021,활동,대구광역시,농업 임업 및 어업,중소기업,,225,개%
2021,신생,대구광역시,농업 임업 및 어업,중소기업,,78,개%
2021,소멸,대구광역시,농업 임업 및 어업,중소기업,,40,개%
2021,신생률,대구광역시,농업 임업 및 어업,중소기업,,34.7,개%
2021,소멸률,대구광역시,농업 임업 및 어업,중소기업,,17.8,개%
2021,활동,대구광역시,농업 임업 및 어업,소기업,,225,개%
2021,신생,대구광역시,농업 임업 및 어업,소기업,,78,개%
2021,소멸,대구광역시,농업 임업 및 어업,소기업,,40,개%
2021,신생률,대구광역시,농업 임업 및 어업,소기업,,34.7,개%
2021,소멸률,대구광역시,농업 임업 및 어업,소기업,,17.8,개%
2021,활동,대구광역시,농업 임업 및 어업,소상공인,,219,개%
2021,신생,대구광역시,농업 임업 및 어업,소상공인,,77,개%
2021,소멸,대구광역시,농업 임업 및 어업,소상공인,,40,개%
2021,신생률,대구광역시,농업 임업 및 어업,소상공인,,35.2,개%
2021,소멸률,대구광역시,농업 임업 및 어업,소상공인,,18.3,개%
2021,활동,대구광역시,광업,계,,5,개%
2021,신생,대구광역시,광업,계,,1,개%
2021,소멸,대구광역시,광업,계,,-,개%
2021,신생률,대구광역시,광업,계,,20,개%
2021,소멸률,대구광역시,광업,계,,-,개%
2021,활동,대구광역시,광업,대기업,,-,개%
2021,신생,대구광역시,광업,대기업,,-,개%
2021,소멸,대구광역시,광업,대기업,,-,개%
2021,신생률,대구광역시,광업,대기업,,-,개%
2021,소멸률,대구광역시,광업,대기업,,-,개%
2021,활동,대구광역시,광업,상호출자제한기업,,0,개%
2021,신생,대구광역시,광업,상호출자제한기업,,0,개%
2021,소멸,대구광역시,광업,상호출자제한기업,,0,개%
2021,신생률,대구광역시,광업,상호출자제한기업,,-,개%
2021,소멸률,대구광역시,광업,상호출자제한기업,,-,개%
2021,활동,대구광역시,광업,기타 대기업,,0,개%
2021,신생,대구광역시,광업,기타 대기업,,0,개%
2021,소멸,대구광역시,광업,기타 대기업,,0,개%
2021,신생률,대구광역시,광업,기타 대기업,,-,개%
2021,소멸률,대구광역시,광업,기타 대기업,,-,개%
2021,활동,대구광역시,광업,중견기업,,0,개%
2021,신생,대구광역시,광업,중견기업,,0,개%
2021,소멸,대구광역시,광업,중견기업,,0,개%
2021,신생률,대구광역시,광업,중견기업,,-,개%
2021,소멸률,대구광역시,광업,중견기업,,-,개%
2021,활동,대구광역시,광업,중소기업,,5,개%
2021,신생,대구광역시,광업,중소기업,,1,개%
2021,소멸,대구광역시,광업,중소기업,,-,개%
2021,신생률,대구광역시,광업,중소기업,,20,개%
2021,소멸률,대구광역시,광업,중소기업,,-,개%
2021,활동,대구광역시,광업,소기업,,5,개%
2021,신생,대구광역시,광업,소기업,,1,개%
2021,소멸,대구광역시,광업,소기업,,-,개%
2021,신생률,대구광역시,광업,소기업,,20,개%
2021,소멸률,대구광역시,광업,소기업,,-,개%
2021,활동,대구광역시,광업,소상공인,,5,개%
2021,신생,대구광역시,광업,소상공인,,1,개%
2021,소멸,대구광역시,광업,소상공인,,-,개%
2021,신생률,대구광역시,광업,소상공인,,20,개%
2021,소멸률,대구광역시,광업,소상공인,,-,개%
2021,활동,대구광역시,제조업,계,,31889,개%
2021,신생,대구광역시,제조업,계,,2172,개%
2021,소멸,대구광역시,제조업,계,,1776,개%
2021,신생률,대구광역시,제조업,계,,6.8,개%
2021,소멸률,대구광역시,제조업,계,,5.6,개%
2021,활동,대구광역시,제조업,대기업,,77,개%
2021,신생,대구광역시,제조업,대기업,,-,개%
2021,소멸,대구광역시,제조업,대기업,,1,개%
2021,신생률,대구광역시,제조업,대기업,,-,개%
2021,소멸률,대구광역시,제조업,대기업,,1.3,개%
2021,활동,대구광역시,제조업,상호출자제한기업,,5,개%
2021,신생,대구광역시,제조업,상호출자제한기업,,0,개%
2021,소멸,대구광역시,제조업,상호출자제한기업,,0,개%
2021,신생률,대구광역시,제조업,상호출자제한기업,,0,개%
2021,소멸률,대구광역시,제조업,상호출자제한기업,,0,개%
2021,활동,대구광역시,제조업,기타 대기업,,10,개%
2021,신생,대구광역시,제조업,기타 대기업,,0,개%
2021,소멸,대구광역시,제조업,기타 대기업,,1,개%
2021,신생률,대구광역시,제조업,기타 대기업,,0,개%
2021,소멸률,대구광역시,제조업,기타 대기업,,10,개%
2021,활동,대구광역시,제조업,중견기업,,62,개%
2021,신생,대구광역시,제조업,중견기업,,0,개%
2021,소멸,대구광역시,제조업,중견기업,,0,개%
2021,신생률,대구광역시,제조업,중견기업,,0,개%
2021,소멸률,대구광역시,제조업,중견기업,,0,개%
2021,활동,대구광역시,제조업,중소기업,,31812,개%
2021,신생,대구광역시,제조업,중소기업,,2172,개%
2021,소멸,대구광역시,제조업,중소기업,,1775,개%
2021,신생률,대구광역시,제조업,중소기업,,6.8,개%
2021,소멸률,대구광역시,제조업,중소기업,,5.6,개%
2021,활동,대구광역시,제조업,소기업,,31290,개%
2021,신생,대구광역시,제조업,소기업,,2172,개%
2021,소멸,대구광역시,제조업,소기업,,1774,개%
2021,신생률,대구광역시,제조업,소기업,,6.9,개%
2021,소멸률,대구광역시,제조업,소기업,,5.7,개%
2021,활동,대구광역시,제조업,소상공인,,28789,개%
2021,신생,대구광역시,제조업,소상공인,,2118,개%
2021,소멸,대구광역시,제조업,소상공인,,1743,개%
2021,신생률,대구광역시,제조업,소상공인,,7.4,개%
2021,소멸률,대구광역시,제조업,소상공인,,6.1,개%
2021,활동,대구광역시,전기 가스 증기 및 공기조절 공급업,계,,791,개%
2021,신생,대구광역시,전기 가스 증기 및 공기조절 공급업,계,,155,개%
2021,소멸,대구광역시,전기 가스 증기 및 공기조절 공급업,계,,15,개%
2021,신생률,대구광역시,전기 가스 증기 및 공기조절 공급업,계,,19.6,개%
2021,소멸률,대구광역시,전기 가스 증기 및 공기조절 공급업,계,,1.9,개%
2021,활동,대구광역시,전기 가스 증기 및 공기조절 공급업,대기업,,4,개%
2021,신생,대구광역시,전기 가스 증기 및 공기조절 공급업,대기업,,-,개%
2021,소멸,대구광역시,전기 가스 증기 및 공기조절 공급업,대기업,,-,개%
2021,신생률,대구광역시,전기 가스 증기 및 공기조절 공급업,대기업,,-,개%
2021,소멸률,대구광역시,전기 가스 증기 및 공기조절 공급업,대기업,,-,개%
2021,활동,대구광역시,전기 가스 증기 및 공기조절 공급업,상호출자제한기업,,0,개%
2021,신생,대구광역시,전기 가스 증기 및 공기조절 공급업,상호출자제한기업,,0,개%
2021,소멸,대구광역시,전기 가스 증기 및 공기조절 공급업,상호출자제한기업,,0,개%
2021,신생률,대구광역시,전기 가스 증기 및 공기조절 공급업,상호출자제한기업,,-,개%
2021,소멸률,대구광역시,전기 가스 증기 및 공기조절 공급업,상호출자제한기업,,-,개%
2021,활동,대구광역시,전기 가스 증기 및 공기조절 공급업,기타 대기업,,1,개%
2021,신생,대구광역시,전기 가스 증기 및 공기조절 공급업,기타 대기업,,0,개%
2021,소멸,대구광역시,전기 가스 증기 및 공기조절 공급업,기타 대기업,,0,개%
2021,신생률,대구광역시,전기 가스 증기 및 공기조절 공급업,기타 대기업,,0,개%
2021,소멸률,대구광역시,전기 가스 증기 및 공기조절 공급업,기타 대기업,,0,개%
2021,활동,대구광역시,전기 가스 증기 및 공기조절 공급업,중견기업,,3,개%
2021,신생,대구광역시,전기 가스 증기 및 공기조절 공급업,중견기업,,0,개%
2021,소멸,대구광역시,전기 가스 증기 및 공기조절 공급업,중견기업,,0,개%
2021,신생률,대구광역시,전기 가스 증기 및 공기조절 공급업,중견기업,,0,개%
2021,소멸률,대구광역시,전기 가스 증기 및 공기조절 공급업,중견기업,,0,개%
2021,활동,대구광역시,전기 가스 증기 및 공기조절 공급업,중소기업,,787,개%
2021,신생,대구광역시,전기 가스 증기 및 공기조절 공급업,중소기업,,155,개%
2021,소멸,대구광역시,전기 가스 증기 및 공기조절 공급업,중소기업,,15,개%
2021,신생률,대구광역시,전기 가스 증기 및 공기조절 공급업,중소기업,,19.7,개%
2021,소멸률,대구광역시,전기 가스 증기 및 공기조절 공급업,중소기업,,1.9,개%
2021,활동,대구광역시,전기 가스 증기 및 공기조절 공급업,소기업,,786,개%
2021,신생,대구광역시,전기 가스 증기 및 공기조절 공급업,소기업,,155,개%
2021,소멸,대구광역시,전기 가스 증기 및 공기조절 공급업,소기업,,15,개%
2021,신생률,대구광역시,전기 가스 증기 및 공기조절 공급업,소기업,,19.7,개%
2021,소멸률,대구광역시,전기 가스 증기 및 공기조절 공급업,소기업,,1.9,개%
2021,활동,대구광역시,전기 가스 증기 및 공기조절 공급업,소상공인,,778,개%
2021,신생,대구광역시,전기 가스 증기 및 공기조절 공급업,소상공인,,155,개%
2021,소멸,대구광역시,전기 가스 증기 및 공기조절 공급업,소상공인,,15,개%
2021,신생률,대구광역시,전기 가스 증기 및 공기조절 공급업,소상공인,,19.9,개%
2021,소멸률,대구광역시,전기 가스 증기 및 공기조절 공급업,소상공인,,1.9,개%
2021,활동,대구광역시,수도 하수 및 폐기물처리 원료재생업,계,,413,개%
2021,신생,대구광역시,수도 하수 및 폐기물처리 원료재생업,계,,33,개%
2021,소멸,대구광역시,수도 하수 및 폐기물처리 원료재생업,계,,23,개%
2021,신생률,대구광역시,수도 하수 및 폐기물처리 원료재생업,계,,8,개%
2021,소멸률,대구광역시,수도 하수 및 폐기물처리 원료재생업,계,,5.6,개%
2021,활동,대구광역시,수도 하수 및 폐기물처리 원료재생업,대기업,,-,개%
2021,신생,대구광역시,수도 하수 및 폐기물처리 원료재생업,대기업,,-,개%
2021,소멸,대구광역시,수도 하수 및 폐기물처리 원료재생업,대기업,,-,개%
2021,신생률,대구광역시,수도 하수 및 폐기물처리 원료재생업,대기업,,-,개%
2021,소멸률,대구광역시,수도 하수 및 폐기물처리 원료재생업,대기업,,-,개%
2021,활동,대구광역시,수도 하수 및 폐기물처리 원료재생업,상호출자제한기업,,0,개%
2021,신생,대구광역시,수도 하수 및 폐기물처리 원료재생업,상호출자제한기업,,0,개%
2021,소멸,대구광역시,수도 하수 및 폐기물처리 원료재생업,상호출자제한기업,,0,개%
2021,신생률,대구광역시,수도 하수 및 폐기물처리 원료재생업,상호출자제한기업,,-,개%
2021,소멸률,대구광역시,수도 하수 및 폐기물처리 원료재생업,상호출자제한기업,,-,개%
2021,활동,대구광역시,수도 하수 및 폐기물처리 원료재생업,기타 대기업,,0,개%
2021,신생,대구광역시,수도 하수 및 폐기물처리 원료재생업,기타 대기업,,0,개%
2021,소멸,대구광역시,수도 하수 및 폐기물처리 원료재생업,기타 대기업,,0,개%
2021,신생률,대구광역시,수도 하수 및 폐기물처리 원료재생업,기타 대기업,,-,개%
2021,소멸률,대구광역시,수도 하수 및 폐기물처리 원료재생업,기타 대기업,,-,개%
2021,활동,대구광역시,수도 하수 및 폐기물처리 원료재생업,중견기업,,0,개%
2021,신생,대구광역시,수도 하수 및 폐기물처리 원료재생업,중견기업,,0,개%
2021,소멸,대구광역시,수도 하수 및 폐기물처리 원료재생업,중견기업,,0,개%
2021,신생률,대구광역시,수도 하수 및 폐기물처리 원료재생업,중견기업,,-,개%
2021,소멸률,대구광역시,수도 하수 및 폐기물처리 원료재생업,중견기업,,-,개%
2021,활동,대구광역시,수도 하수 및 폐기물처리 원료재생업,중소기업,,413,개%
2021,신생,대구광역시,수도 하수 및 폐기물처리 원료재생업,중소기업,,33,개%
2021,소멸,대구광역시,수도 하수 및 폐기물처리 원료재생업,중소기업,,23,개%
2021,신생률,대구광역시,수도 하수 및 폐기물처리 원료재생업,중소기업,,8,개%
2021,소멸률,대구광역시,수도 하수 및 폐기물처리 원료재생업,중소기업,,5.6,개%
2021,활동,대구광역시,수도 하수 및 폐기물처리 원료재생업,소기업,,357,개%
2021,신생,대구광역시,수도 하수 및 폐기물처리 원료재생업,소기업,,31,개%
2021,소멸,대구광역시,수도 하수 및 폐기물처리 원료재생업,소기업,,23,개%
2021,신생률,대구광역시,수도 하수 및 폐기물처리 원료재생업,소기업,,8.7,개%
2021,소멸률,대구광역시,수도 하수 및 폐기물처리 원료재생업,소기업,,6.4,개%
2021,활동,대구광역시,수도 하수 및 폐기물처리 원료재생업,소상공인,,287,개%
2021,신생,대구광역시,수도 하수 및 폐기물처리 원료재생업,소상공인,,30,개%
2021,소멸,대구광역시,수도 하수 및 폐기물처리 원료재생업,소상공인,,23,개%
2021,신생률,대구광역시,수도 하수 및 폐기물처리 원료재생업,소상공인,,10.5,개%
2021,소멸률,대구광역시,수도 하수 및 폐기물처리 원료재생업,소상공인,,8,개%
2021,활동,대구광역시,건설업,계,,19632,개%
2021,신생,대구광역시,건설업,계,,2173,개%
2021,소멸,대구광역시,건설업,계,,1394,개%
2021,신생률,대구광역시,건설업,계,,11.1,개%
2021,소멸률,대구광역시,건설업,계,,7.1,개%
2021,활동,대구광역시,건설업,대기업,,12,개%
2021,신생,대구광역시,건설업,대기업,,-,개%
2021,소멸,대구광역시,건설업,대기업,,-,개%
2021,신생률,대구광역시,건설업,대기업,,-,개%
2021,소멸률,대구광역시,건설업,대기업,,-,개%
2021,활동,대구광역시,건설업,상호출자제한기업,,1,개%
2021,신생,대구광역시,건설업,상호출자제한기업,,0,개%
2021,소멸,대구광역시,건설업,상호출자제한기업,,0,개%
2021,신생률,대구광역시,건설업,상호출자제한기업,,0,개%
2021,소멸률,대구광역시,건설업,상호출자제한기업,,0,개%
2021,활동,대구광역시,건설업,기타 대기업,,2,개%
2021,신생,대구광역시,건설업,기타 대기업,,0,개%
2021,소멸,대구광역시,건설업,기타 대기업,,0,개%
2021,신생률,대구광역시,건설업,기타 대기업,,0,개%
2021,소멸률,대구광역시,건설업,기타 대기업,,0,개%
2021,활동,대구광역시,건설업,중견기업,,9,개%
2021,신생,대구광역시,건설업,중견기업,,0,개%
2021,소멸,대구광역시,건설업,중견기업,,0,개%
2021,신생률,대구광역시,건설업,중견기업,,0,개%
2021,소멸률,대구광역시,건설업,중견기업,,0,개%
2021,활동,대구광역시,건설업,중소기업,,19620,개%
2021,신생,대구광역시,건설업,중소기업,,2173,개%
2021,소멸,대구광역시,건설업,중소기업,,1394,개%
2021,신생률,대구광역시,건설업,중소기업,,11.1,개%
2021,소멸률,대구광역시,건설업,중소기업,,7.1,개%
2021,활동,대구광역시,건설업,소기업,,19438,개%
2021,신생,대구광역시,건설업,소기업,,2163,개%
2021,소멸,대구광역시,건설업,소기업,,1388,개%
2021,신생률,대구광역시,건설업,소기업,,11.1,개%
2021,소멸률,대구광역시,건설업,소기업,,7.1,개%
2021,활동,대구광역시,건설업,소상공인,,18935,개%
2021,신생,대구광역시,건설업,소상공인,,2154,개%
2021,소멸,대구광역시,건설업,소상공인,,1383,개%
2021,신생률,대구광역시,건설업,소상공인,,11.4,개%
2021,소멸률,대구광역시,건설업,소상공인,,7.3,개%
2021,활동,대구광역시,도매 및 소매업,계,,72770,개%
2021,신생,대구광역시,도매 및 소매업,계,,9585,개%
2021,소멸,대구광역시,도매 및 소매업,계,,8393,개%
2021,신생률,대구광역시,도매 및 소매업,계,,13.2,개%
2021,소멸률,대구광역시,도매 및 소매업,계,,11.5,개%
2021,활동,대구광역시,도매 및 소매업,대기업,,27,개%
2021,신생,대구광역시,도매 및 소매업,대기업,,-,개%
2021,소멸,대구광역시,도매 및 소매업,대기업,,-,개%
2021,신생률,대구광역시,도매 및 소매업,대기업,,-,개%
2021,소멸률,대구광역시,도매 및 소매업,대기업,,-,개%
2021,활동,대구광역시,도매 및 소매업,상호출자제한기업,,2,개%
2021,신생,대구광역시,도매 및 소매업,상호출자제한기업,,0,개%
2021,소멸,대구광역시,도매 및 소매업,상호출자제한기업,,0,개%
2021,신생률,대구광역시,도매 및 소매업,상호출자제한기업,,0,개%
2021,소멸률,대구광역시,도매 및 소매업,상호출자제한기업,,0,개%
2021,활동,대구광역시,도매 및 소매업,기타 대기업,,5,개%
2021,신생,대구광역시,도매 및 소매업,기타 대기업,,0,개%
2021,소멸,대구광역시,도매 및 소매업,기타 대기업,,0,개%
2021,신생률,대구광역시,도매 및 소매업,기타 대기업,,0,개%
2021,소멸률,대구광역시,도매 및 소매업,기타 대기업,,0,개%
2021,활동,대구광역시,도매 및 소매업,중견기업,,20,개%
2021,신생,대구광역시,도매 및 소매업,중견기업,,0,개%
2021,소멸,대구광역시,도매 및 소매업,중견기업,,0,개%
2021,신생률,대구광역시,도매 및 소매업,중견기업,,0,개%
2021,소멸률,대구광역시,도매 및 소매업,중견기업,,0,개%
2021,활동,대구광역시,도매 및 소매업,중소기업,,72743,개%
2021,신생,대구광역시,도매 및 소매업,중소기업,,9585,개%
2021,소멸,대구광역시,도매 및 소매업,중소기업,,8393,개%
2021,신생률,대구광역시,도매 및 소매업,중소기업,,13.2,개%
2021,소멸률,대구광역시,도매 및 소매업,중소기업,,11.5,개%
2021,활동,대구광역시,도매 및 소매업,소기업,,71475,개%
2021,신생,대구광역시,도매 및 소매업,소기업,,9550,개%
2021,소멸,대구광역시,도매 및 소매업,소기업,,8371,개%
2021,신생률,대구광역시,도매 및 소매업,소기업,,13.4,개%
2021,소멸률,대구광역시,도매 및 소매업,소기업,,11.7,개%
2021,활동,대구광역시,도매 및 소매업,소상공인,,68748,개%
2021,신생,대구광역시,도매 및 소매업,소상공인,,9426,개%
2021,소멸,대구광역시,도매 및 소매업,소상공인,,8319,개%
2021,신생률,대구광역시,도매 및 소매업,소상공인,,13.7,개%
2021,소멸률,대구광역시,도매 및 소매업,소상공인,,12.1,개%
2021,활동,대구광역시,운수 및 창고업,계,,31413,개%
2021,신생,대구광역시,운수 및 창고업,계,,2256,개%
2021,소멸,대구광역시,운수 및 창고업,계,,1978,개%
2021,신생률,대구광역시,운수 및 창고업,계,,7.2,개%
2021,소멸률,대구광역시,운수 및 창고업,계,,6.3,개%
2021,활동,대구광역시,운수 및 창고업,대기업,,2,개%
2021,신생,대구광역시,운수 및 창고업,대기업,,-,개%
2021,소멸,대구광역시,운수 및 창고업,대기업,,-,개%
2021,신생률,대구광역시,운수 및 창고업,대기업,,-,개%
2021,소멸률,대구광역시,운수 및 창고업,대기업,,-,개%
2021,활동,대구광역시,운수 및 창고업,상호출자제한기업,,1,개%
2021,신생,대구광역시,운수 및 창고업,상호출자제한기업,,0,개%
2021,소멸,대구광역시,운수 및 창고업,상호출자제한기업,,0,개%
2021,신생률,대구광역시,운수 및 창고업,상호출자제한기업,,0,개%
2021,소멸률,대구광역시,운수 및 창고업,상호출자제한기업,,0,개%
2021,활동,대구광역시,운수 및 창고업,기타 대기업,,0,개%
2021,신생,대구광역시,운수 및 창고업,기타 대기업,,0,개%
2021,소멸,대구광역시,운수 및 창고업,기타 대기업,,0,개%
2021,신생률,대구광역시,운수 및 창고업,기타 대기업,,-,개%
2021,소멸률,대구광역시,운수 및 창고업,기타 대기업,,-,개%
2021,활동,대구광역시,운수 및 창고업,중견기업,,1,개%
2021,신생,대구광역시,운수 및 창고업,중견기업,,0,개%
2021,소멸,대구광역시,운수 및 창고업,중견기업,,0,개%
2021,신생률,대구광역시,운수 및 창고업,중견기업,,0,개%
2021,소멸률,대구광역시,운수 및 창고업,중견기업,,0,개%
2021,활동,대구광역시,운수 및 창고업,중소기업,,31411,개%
2021,신생,대구광역시,운수 및 창고업,중소기업,,2256,개%
2021,소멸,대구광역시,운수 및 창고업,중소기업,,1978,개%
2021,신생률,대구광역시,운수 및 창고업,중소기업,,7.2,개%
2021,소멸률,대구광역시,운수 및 창고업,중소기업,,6.3,개%
2021,활동,대구광역시,운수 및 창고업,소기업,,31361,개%
2021,신생,대구광역시,운수 및 창고업,소기업,,2255,개%
2021,소멸,대구광역시,운수 및 창고업,소기업,,1978,개%
2021,신생률,대구광역시,운수 및 창고업,소기업,,7.2,개%
2021,소멸률,대구광역시,운수 및 창고업,소기업,,6.3,개%
2021,활동,대구광역시,운수 및 창고업,소상공인,,31185,개%
2021,신생,대구광역시,운수 및 창고업,소상공인,,2252,개%
2021,소멸,대구광역시,운수 및 창고업,소상공인,,1976,개%
2021,신생률,대구광역시,운수 및 창고업,소상공인,,7.2,개%
2021,소멸률,대구광역시,운수 및 창고업,소상공인,,6.3,개%
2021,활동,대구광역시,숙박 및 음식점업,계,,38699,개%
2021,신생,대구광역시,숙박 및 음식점업,계,,6703,개%
2021,소멸,대구광역시,숙박 및 음식점업,계,,5821,개%
2021,신생률,대구광역시,숙박 및 음식점업,계,,17.3,개%
2021,소멸률,대구광역시,숙박 및 음식점업,계,,15,개%
2021,활동,대구광역시,숙박 및 음식점업,대기업,,2,개%
2021,신생,대구광역시,숙박 및 음식점업,대기업,,-,개%
2021,소멸,대구광역시,숙박 및 음식점업,대기업,,-,개%
2021,신생률,대구광역시,숙박 및 음식점업,대기업,,-,개%
2021,소멸률,대구광역시,숙박 및 음식점업,대기업,,-,개%
2021,활동,대구광역시,숙박 및 음식점업,상호출자제한기업,,0,개%
2021,신생,대구광역시,숙박 및 음식점업,상호출자제한기업,,0,개%
2021,소멸,대구광역시,숙박 및 음식점업,상호출자제한기업,,0,개%
2021,신생률,대구광역시,숙박 및 음식점업,상호출자제한기업,,-,개%
2021,소멸률,대구광역시,숙박 및 음식점업,상호출자제한기업,,-,개%
2021,활동,대구광역시,숙박 및 음식점업,기타 대기업,,0,개%
2021,신생,대구광역시,숙박 및 음식점업,기타 대기업,,0,개%
2021,소멸,대구광역시,숙박 및 음식점업,기타 대기업,,0,개%
2021,신생률,대구광역시,숙박 및 음식점업,기타 대기업,,-,개%
2021,소멸률,대구광역시,숙박 및 음식점업,기타 대기업,,-,개%
2021,활동,대구광역시,숙박 및 음식점업,중견기업,,2,개%
2021,신생,대구광역시,숙박 및 음식점업,중견기업,,0,개%
2021,소멸,대구광역시,숙박 및 음식점업,중견기업,,0,개%
2021,신생률,대구광역시,숙박 및 음식점업,중견기업,,0,개%
2021,소멸률,대구광역시,숙박 및 음식점업,중견기업,,0,개%
2021,활동,대구광역시,숙박 및 음식점업,중소기업,,38697,개%
2021,신생,대구광역시,숙박 및 음식점업,중소기업,,6703,개%
2021,소멸,대구광역시,숙박 및 음식점업,중소기업,,5821,개%
2021,신생률,대구광역시,숙박 및 음식점업,중소기업,,17.3,개%
2021,소멸률,대구광역시,숙박 및 음식점업,중소기업,,15,개%
2021,활동,대구광역시,숙박 및 음식점업,소기업,,38273,개%
2021,신생,대구광역시,숙박 및 음식점업,소기업,,6682,개%
2021,소멸,대구광역시,숙박 및 음식점업,소기업,,5799,개%
2021,신생률,대구광역시,숙박 및 음식점업,소기업,,17.5,개%
2021,소멸률,대구광역시,숙박 및 음식점업,소기업,,15.2,개%
2021,활동,대구광역시,숙박 및 음식점업,소상공인,,36812,개%
2021,신생,대구광역시,숙박 및 음식점업,소상공인,,6505,개%
2021,소멸,대구광역시,숙박 및 음식점업,소상공인,,5730,개%
2021,신생률,대구광역시,숙박 및 음식점업,소상공인,,17.7,개%
2021,소멸률,대구광역시,숙박 및 음식점업,소상공인,,15.6,개%
2021,활동,대구광역시,정보통신업,계,,2523,개%
2021,신생,대구광역시,정보통신업,계,,470,개%
2021,소멸,대구광역시,정보통신업,계,,277,개%
2021,신생률,대구광역시,정보통신업,계,,18.6,개%
2021,소멸률,대구광역시,정보통신업,계,,11,개%
2021,활동,대구광역시,정보통신업,대기업,,5,개%
2021,신생,대구광역시,정보통신업,대기업,,-,개%
2021,소멸,대구광역시,정보통신업,대기업,,-,개%
2021,신생률,대구광역시,정보통신업,대기업,,-,개%
2021,소멸률,대구광역시,정보통신업,대기업,,-,개%
2021,활동,대구광역시,정보통신업,상호출자제한기업,,1,개%
2021,신생,대구광역시,정보통신업,상호출자제한기업,,0,개%
2021,소멸,대구광역시,정보통신업,상호출자제한기업,,0,개%
2021,신생률,대구광역시,정보통신업,상호출자제한기업,,0,개%
2021,소멸률,대구광역시,정보통신업,상호출자제한기업,,0,개%
2021,활동,대구광역시,정보통신업,기타 대기업,,0,개%
2021,신생,대구광역시,정보통신업,기타 대기업,,0,개%
2021,소멸,대구광역시,정보통신업,기타 대기업,,0,개%
2021,신생률,대구광역시,정보통신업,기타 대기업,,-,개%
2021,소멸률,대구광역시,정보통신업,기타 대기업,,-,개%
2021,활동,대구광역시,정보통신업,중견기업,,4,개%
2021,신생,대구광역시,정보통신업,중견기업,,0,개%
2021,소멸,대구광역시,정보통신업,중견기업,,0,개%
2021,신생률,대구광역시,정보통신업,중견기업,,0,개%
2021,소멸률,대구광역시,정보통신업,중견기업,,0,개%
2021,활동,대구광역시,정보통신업,중소기업,,2518,개%
2021,신생,대구광역시,정보통신업,중소기업,,470,개%
2021,소멸,대구광역시,정보통신업,중소기업,,277,개%
2021,신생률,대구광역시,정보통신업,중소기업,,18.7,개%
2021,소멸률,대구광역시,정보통신업,중소기업,,11,개%
2021,활동,대구광역시,정보통신업,소기업,,2473,개%
2021,신생,대구광역시,정보통신업,소기업,,469,개%
2021,소멸,대구광역시,정보통신업,소기업,,277,개%
2021,신생률,대구광역시,정보통신업,소기업,,19,개%
2021,소멸률,대구광역시,정보통신업,소기업,,11.2,개%
2021,활동,대구광역시,정보통신업,소상공인,,2033,개%
2021,신생,대구광역시,정보통신업,소상공인,,433,개%
2021,소멸,대구광역시,정보통신업,소상공인,,269,개%
2021,신생률,대구광역시,정보통신업,소상공인,,21.3,개%
2021,소멸률,대구광역시,정보통신업,소상공인,,13.2,개%
2021,활동,대구광역시,금융 및 보험업,계,,882,개%
2021,신생,대구광역시,금융 및 보험업,계,,132,개%
2021,소멸,대구광역시,금융 및 보험업,계,,111,개%
2021,신생률,대구광역시,금융 및 보험업,계,,15,개%
2021,소멸률,대구광역시,금융 및 보험업,계,,12.6,개%
2021,활동,대구광역시,금융 및 보험업,대기업,,5,개%
2021,신생,대구광역시,금융 및 보험업,대기업,,1,개%
2021,소멸,대구광역시,금융 및 보험업,대기업,,-,개%
2021,신생률,대구광역시,금융 및 보험업,대기업,,20,개%
2021,소멸률,대구광역시,금융 및 보험업,대기업,,-,개%
2021,활동,대구광역시,금융 및 보험업,상호출자제한기업,,0,개%
2021,신생,대구광역시,금융 및 보험업,상호출자제한기업,,0,개%
2021,소멸,대구광역시,금융 및 보험업,상호출자제한기업,,0,개%
2021,신생률,대구광역시,금융 및 보험업,상호출자제한기업,,-,개%
2021,소멸률,대구광역시,금융 및 보험업,상호출자제한기업,,-,개%
2021,활동,대구광역시,금융 및 보험업,기타 대기업,,4,개%
2021,신생,대구광역시,금융 및 보험업,기타 대기업,,1,개%
2021,소멸,대구광역시,금융 및 보험업,기타 대기업,,0,개%
2021,신생률,대구광역시,금융 및 보험업,기타 대기업,,25,개%
2021,소멸률,대구광역시,금융 및 보험업,기타 대기업,,0,개%
2021,활동,대구광역시,금융 및 보험업,중견기업,,1,개%
2021,신생,대구광역시,금융 및 보험업,중견기업,,0,개%
2021,소멸,대구광역시,금융 및 보험업,중견기업,,0,개%
2021,신생률,대구광역시,금융 및 보험업,중견기업,,0,개%
2021,소멸률,대구광역시,금융 및 보험업,중견기업,,0,개%
2021,활동,대구광역시,금융 및 보험업,중소기업,,877,개%
2021,신생,대구광역시,금융 및 보험업,중소기업,,131,개%
2021,소멸,대구광역시,금융 및 보험업,중소기업,,111,개%
2021,신생률,대구광역시,금융 및 보험업,중소기업,,14.9,개%
2021,소멸률,대구광역시,금융 및 보험업,중소기업,,12.7,개%
2021,활동,대구광역시,금융 및 보험업,소기업,,866,개%
2021,신생,대구광역시,금융 및 보험업,소기업,,131,개%
2021,소멸,대구광역시,금융 및 보험업,소기업,,111,개%
2021,신생률,대구광역시,금융 및 보험업,소기업,,15.1,개%
2021,소멸률,대구광역시,금융 및 보험업,소기업,,12.8,개%
2021,활동,대구광역시,금융 및 보험업,소상공인,,813,개%
2021,신생,대구광역시,금융 및 보험업,소상공인,,131,개%
2021,소멸,대구광역시,금융 및 보험업,소상공인,,110,개%
2021,신생률,대구광역시,금융 및 보험업,소상공인,,16.1,개%
2021,소멸률,대구광역시,금융 및 보험업,소상공인,,13.5,개%
2021,활동,대구광역시,부동산업,계,,61205,개%
2021,신생,대구광역시,부동산업,계,,8383,개%
2021,소멸,대구광역시,부동산업,계,,6717,개%
2021,신생률,대구광역시,부동산업,계,,13.7,개%
2021,소멸률,대구광역시,부동산업,계,,11,개%
2021,활동,대구광역시,부동산업,대기업,,24,개%
2021,신생,대구광역시,부동산업,대기업,,-,개%
2021,소멸,대구광역시,부동산업,대기업,,1,개%
2021,신생률,대구광역시,부동산업,대기업,,-,개%
2021,소멸률,대구광역시,부동산업,대기업,,4.2,개%
2021,활동,대구광역시,부동산업,상호출자제한기업,,0,개%
2021,신생,대구광역시,부동산업,상호출자제한기업,,0,개%
2021,소멸,대구광역시,부동산업,상호출자제한기업,,0,개%
2021,신생률,대구광역시,부동산업,상호출자제한기업,,-,개%
2021,소멸률,대구광역시,부동산업,상호출자제한기업,,-,개%
2021,활동,대구광역시,부동산업,기타 대기업,,15,개%
2021,신생,대구광역시,부동산업,기타 대기업,,0,개%
2021,소멸,대구광역시,부동산업,기타 대기업,,1,개%
2021,신생률,대구광역시,부동산업,기타 대기업,,0,개%
2021,소멸률,대구광역시,부동산업,기타 대기업,,6.7,개%
2021,활동,대구광역시,부동산업,중견기업,,9,개%
2021,신생,대구광역시,부동산업,중견기업,,0,개%
2021,소멸,대구광역시,부동산업,중견기업,,0,개%
2021,신생률,대구광역시,부동산업,중견기업,,0,개%
2021,소멸률,대구광역시,부동산업,중견기업,,0,개%
2021,활동,대구광역시,부동산업,중소기업,,61181,개%
2021,신생,대구광역시,부동산업,중소기업,,8383,개%
2021,소멸,대구광역시,부동산업,중소기업,,6716,개%
2021,신생률,대구광역시,부동산업,중소기업,,13.7,개%
2021,소멸률,대구광역시,부동산업,중소기업,,11,개%
2021,활동,대구광역시,부동산업,소기업,,60905,개%
2021,신생,대구광역시,부동산업,소기업,,8350,개%
2021,소멸,대구광역시,부동산업,소기업,,6682,개%
2021,신생률,대구광역시,부동산업,소기업,,13.7,개%
2021,소멸률,대구광역시,부동산업,소기업,,11,개%
2021,활동,대구광역시,부동산업,소상공인,,60682,개%
2021,신생,대구광역시,부동산업,소상공인,,8327,개%
2021,소멸,대구광역시,부동산업,소상공인,,6674,개%
2021,신생률,대구광역시,부동산업,소상공인,,13.7,개%
2021,소멸률,대구광역시,부동산업,소상공인,,11,개%
2021,활동,대구광역시,전문과학기술서비스업,계,,7758,개%
2021,신생,대구광역시,전문과학기술서비스업,계,,1035,개%
2021,소멸,대구광역시,전문과학기술서비스업,계,,608,개%
2021,신생률,대구광역시,전문과학기술서비스업,계,,13.3,개%
2021,소멸률,대구광역시,전문과학기술서비스업,계,,7.8,개%
2021,활동,대구광역시,전문과학기술서비스업,대기업,,4,개%
2021,신생,대구광역시,전문과학기술서비스업,대기업,,-,개%
2021,소멸,대구광역시,전문과학기술서비스업,대기업,,-,개%
2021,신생률,대구광역시,전문과학기술서비스업,대기업,,-,개%
2021,소멸률,대구광역시,전문과학기술서비스업,대기업,,-,개%
2021,활동,대구광역시,전문과학기술서비스업,상호출자제한기업,,2,개%
2021,신생,대구광역시,전문과학기술서비스업,상호출자제한기업,,0,개%
2021,소멸,대구광역시,전문과학기술서비스업,상호출자제한기업,,0,개%
2021,신생률,대구광역시,전문과학기술서비스업,상호출자제한기업,,0,개%
2021,소멸률,대구광역시,전문과학기술서비스업,상호출자제한기업,,0,개%
2021,활동,대구광역시,전문과학기술서비스업,기타 대기업,,0,개%
2021,신생,대구광역시,전문과학기술서비스업,기타 대기업,,0,개%
2021,소멸,대구광역시,전문과학기술서비스업,기타 대기업,,0,개%
2021,신생률,대구광역시,전문과학기술서비스업,기타 대기업,,-,개%
2021,소멸률,대구광역시,전문과학기술서비스업,기타 대기업,,-,개%
2021,활동,대구광역시,전문과학기술서비스업,중견기업,,2,개%
2021,신생,대구광역시,전문과학기술서비스업,중견기업,,0,개%
2021,소멸,대구광역시,전문과학기술서비스업,중견기업,,0,개%
2021,신생률,대구광역시,전문과학기술서비스업,중견기업,,0,개%
2021,소멸률,대구광역시,전문과학기술서비스업,중견기업,,0,개%
2021,활동,대구광역시,전문과학기술서비스업,중소기업,,7754,개%
2021,신생,대구광역시,전문과학기술서비스업,중소기업,,1035,개%
2021,소멸,대구광역시,전문과학기술서비스업,중소기업,,608,개%
2021,신생률,대구광역시,전문과학기술서비스업,중소기업,,13.3,개%
2021,소멸률,대구광역시,전문과학기술서비스업,중소기업,,7.8,개%
2021,활동,대구광역시,전문과학기술서비스업,소기업,,7640,개%
2021,신생,대구광역시,전문과학기술서비스업,소기업,,1030,개%
2021,소멸,대구광역시,전문과학기술서비스업,소기업,,607,개%
2021,신생률,대구광역시,전문과학기술서비스업,소기업,,13.5,개%
2021,소멸률,대구광역시,전문과학기술서비스업,소기업,,7.9,개%
2021,활동,대구광역시,전문과학기술서비스업,소상공인,,6591,개%
2021,신생,대구광역시,전문과학기술서비스업,소상공인,,976,개%
2021,소멸,대구광역시,전문과학기술서비스업,소상공인,,599,개%
2021,신생률,대구광역시,전문과학기술서비스업,소상공인,,14.8,개%
2021,소멸률,대구광역시,전문과학기술서비스업,소상공인,,9.1,개%
2021,활동,대구광역시,사업시설관리 사업지원 및 임대 서비스업,계,,5518,개%
2021,신생,대구광역시,사업시설관리 사업지원 및 임대 서비스업,계,,811,개%
2021,소멸,대구광역시,사업시설관리 사업지원 및 임대 서비스업,계,,624,개%
2021,신생률,대구광역시,사업시설관리 사업지원 및 임대 서비스업,계,,14.7,개%
2021,소멸률,대구광역시,사업시설관리 사업지원 및 임대 서비스업,계,,11.3,개%
2021,활동,대구광역시,사업시설관리 사업지원 및 임대 서비스업,대기업,,8,개%
2021,신생,대구광역시,사업시설관리 사업지원 및 임대 서비스업,대기업,,-,개%
2021,소멸,대구광역시,사업시설관리 사업지원 및 임대 서비스업,대기업,,-,개%
2021,신생률,대구광역시,사업시설관리 사업지원 및 임대 서비스업,대기업,,-,개%
2021,소멸률,대구광역시,사업시설관리 사업지원 및 임대 서비스업,대기업,,-,개%
2021,활동,대구광역시,사업시설관리 사업지원 및 임대 서비스업,상호출자제한기업,,1,개%
2021,신생,대구광역시,사업시설관리 사업지원 및 임대 서비스업,상호출자제한기업,,0,개%
2021,소멸,대구광역시,사업시설관리 사업지원 및 임대 서비스업,상호출자제한기업,,0,개%
2021,신생률,대구광역시,사업시설관리 사업지원 및 임대 서비스업,상호출자제한기업,,0,개%
2021,소멸률,대구광역시,사업시설관리 사업지원 및 임대 서비스업,상호출자제한기업,,0,개%
2021,활동,대구광역시,사업시설관리 사업지원 및 임대 서비스업,기타 대기업,,1,개%
2021,신생,대구광역시,사업시설관리 사업지원 및 임대 서비스업,기타 대기업,,0,개%
2021,소멸,대구광역시,사업시설관리 사업지원 및 임대 서비스업,기타 대기업,,0,개%
2021,신생률,대구광역시,사업시설관리 사업지원 및 임대 서비스업,기타 대기업,,0,개%
2021,소멸률,대구광역시,사업시설관리 사업지원 및 임대 서비스업,기타 대기업,,0,개%
2021,활동,대구광역시,사업시설관리 사업지원 및 임대 서비스업,중견기업,,6,개%
2021,신생,대구광역시,사업시설관리 사업지원 및 임대 서비스업,중견기업,,0,개%
2021,소멸,대구광역시,사업시설관리 사업지원 및 임대 서비스업,중견기업,,0,개%
2021,신생률,대구광역시,사업시설관리 사업지원 및 임대 서비스업,중견기업,,0,개%
2021,소멸률,대구광역시,사업시설관리 사업지원 및 임대 서비스업,중견기업,,0,개%
2021,활동,대구광역시,사업시설관리 사업지원 및 임대 서비스업,중소기업,,5510,개%
2021,신생,대구광역시,사업시설관리 사업지원 및 임대 서비스업,중소기업,,811,개%
2021,소멸,대구광역시,사업시설관리 사업지원 및 임대 서비스업,중소기업,,624,개%
2021,신생률,대구광역시,사업시설관리 사업지원 및 임대 서비스업,중소기업,,14.7,개%
2021,소멸률,대구광역시,사업시설관리 사업지원 및 임대 서비스업,중소기업,,11.3,개%
2021,활동,대구광역시,사업시설관리 사업지원 및 임대 서비스업,소기업,,5364,개%
2021,신생,대구광역시,사업시설관리 사업지원 및 임대 서비스업,소기업,,797,개%
2021,소멸,대구광역시,사업시설관리 사업지원 및 임대 서비스업,소기업,,611,개%
2021,신생률,대구광역시,사업시설관리 사업지원 및 임대 서비스업,소기업,,14.9,개%
2021,소멸률,대구광역시,사업시설관리 사업지원 및 임대 서비스업,소기업,,11.4,개%
2021,활동,대구광역시,사업시설관리 사업지원 및 임대 서비스업,소상공인,,4838,개%
2021,신생,대구광역시,사업시설관리 사업지원 및 임대 서비스업,소상공인,,752,개%
2021,소멸,대구광역시,사업시설관리 사업지원 및 임대 서비스업,소상공인,,580,개%
2021,신생률,대구광역시,사업시설관리 사업지원 및 임대 서비스업,소상공인,,15.5,개%
2021,소멸률,대구광역시,사업시설관리 사업지원 및 임대 서비스업,소상공인,,12,개%
2021,활동,대구광역시,교육서비스업,계,,10061,개%
2021,신생,대구광역시,교육서비스업,계,,1866,개%
2021,소멸,대구광역시,교육서비스업,계,,1197,개%
2021,신생률,대구광역시,교육서비스업,계,,18.5,개%
2021,소멸률,대구광역시,교육서비스업,계,,11.9,개%
2021,활동,대구광역시,교육서비스업,대기업,,-,개%
2021,신생,대구광역시,교육서비스업,대기업,,-,개%
2021,소멸,대구광역시,교육서비스업,대기업,,-,개%
2021,신생률,대구광역시,교육서비스업,대기업,,-,개%
2021,소멸률,대구광역시,교육서비스업,대기업,,-,개%
2021,활동,대구광역시,교육서비스업,상호출자제한기업,,0,개%
2021,신생,대구광역시,교육서비스업,상호출자제한기업,,0,개%
2021,소멸,대구광역시,교육서비스업,상호출자제한기업,,0,개%
2021,신생률,대구광역시,교육서비스업,상호출자제한기업,,-,개%
2021,소멸률,대구광역시,교육서비스업,상호출자제한기업,,-,개%
2021,활동,대구광역시,교육서비스업,기타 대기업,,0,개%
2021,신생,대구광역시,교육서비스업,기타 대기업,,0,개%
2021,소멸,대구광역시,교육서비스업,기타 대기업,,0,개%
2021,신생률,대구광역시,교육서비스업,기타 대기업,,-,개%
2021,소멸률,대구광역시,교육서비스업,기타 대기업,,-,개%
2021,활동,대구광역시,교육서비스업,중견기업,,0,개%
2021,신생,대구광역시,교육서비스업,중견기업,,0,개%
2021,소멸,대구광역시,교육서비스업,중견기업,,0,개%
2021,신생률,대구광역시,교육서비스업,중견기업,,-,개%
2021,소멸률,대구광역시,교육서비스업,중견기업,,-,개%
2021,활동,대구광역시,교육서비스업,중소기업,,10061,개%
2021,신생,대구광역시,교육서비스업,중소기업,,1866,개%
2021,소멸,대구광역시,교육서비스업,중소기업,,1197,개%
2021,신생률,대구광역시,교육서비스업,중소기업,,18.5,개%
2021,소멸률,대구광역시,교육서비스업,중소기업,,11.9,개%
2021,활동,대구광역시,교육서비스업,소기업,,9976,개%
2021,신생,대구광역시,교육서비스업,소기업,,1863,개%
2021,소멸,대구광역시,교육서비스업,소기업,,1197,개%
2021,신생률,대구광역시,교육서비스업,소기업,,18.7,개%
2021,소멸률,대구광역시,교육서비스업,소기업,,12,개%
2021,활동,대구광역시,교육서비스업,소상공인,,9511,개%
2021,신생,대구광역시,교육서비스업,소상공인,,1837,개%
2021,소멸,대구광역시,교육서비스업,소상공인,,1191,개%
2021,신생률,대구광역시,교육서비스업,소상공인,,19.3,개%
2021,소멸률,대구광역시,교육서비스업,소상공인,,12.5,개%
2021,활동,대구광역시,보건업 및 사회복지 서비스업,계,,4341,개%
2021,신생,대구광역시,보건업 및 사회복지 서비스업,계,,231,개%
2021,소멸,대구광역시,보건업 및 사회복지 서비스업,계,,120,개%
2021,신생률,대구광역시,보건업 및 사회복지 서비스업,계,,5.3,개%
2021,소멸률,대구광역시,보건업 및 사회복지 서비스업,계,,2.8,개%
2021,활동,대구광역시,보건업 및 사회복지 서비스업,대기업,,1,개%
2021,신생,대구광역시,보건업 및 사회복지 서비스업,대기업,,-,개%
2021,소멸,대구광역시,보건업 및 사회복지 서비스업,대기업,,-,개%
2021,신생률,대구광역시,보건업 및 사회복지 서비스업,대기업,,-,개%
2021,소멸률,대구광역시,보건업 및 사회복지 서비스업,대기업,,-,개%
2021,활동,대구광역시,보건업 및 사회복지 서비스업,상호출자제한기업,,0,개%
2021,신생,대구광역시,보건업 및 사회복지 서비스업,상호출자제한기업,,0,개%
2021,소멸,대구광역시,보건업 및 사회복지 서비스업,상호출자제한기업,,0,개%
2021,신생률,대구광역시,보건업 및 사회복지 서비스업,상호출자제한기업,,-,개%
2021,소멸률,대구광역시,보건업 및 사회복지 서비스업,상호출자제한기업,,-,개%
2021,활동,대구광역시,보건업 및 사회복지 서비스업,기타 대기업,,1,개%
2021,신생,대구광역시,보건업 및 사회복지 서비스업,기타 대기업,,0,개%
2021,소멸,대구광역시,보건업 및 사회복지 서비스업,기타 대기업,,0,개%
2021,신생률,대구광역시,보건업 및 사회복지 서비스업,기타 대기업,,0,개%
2021,소멸률,대구광역시,보건업 및 사회복지 서비스업,기타 대기업,,0,개%
2021,활동,대구광역시,보건업 및 사회복지 서비스업,중견기업,,0,개%
2021,신생,대구광역시,보건업 및 사회복지 서비스업,중견기업,,0,개%
2021,소멸,대구광역시,보건업 및 사회복지 서비스업,중견기업,,0,개%
2021,신생률,대구광역시,보건업 및 사회복지 서비스업,중견기업,,-,개%
2021,소멸률,대구광역시,보건업 및 사회복지 서비스업,중견기업,,-,개%
2021,활동,대구광역시,보건업 및 사회복지 서비스업,중소기업,,4340,개%
2021,신생,대구광역시,보건업 및 사회복지 서비스업,중소기업,,231,개%
2021,소멸,대구광역시,보건업 및 사회복지 서비스업,중소기업,,120,개%
2021,신생률,대구광역시,보건업 및 사회복지 서비스업,중소기업,,5.3,개%
2021,소멸률,대구광역시,보건업 및 사회복지 서비스업,중소기업,,2.8,개%
2021,활동,대구광역시,보건업 및 사회복지 서비스업,소기업,,3461,개%
2021,신생,대구광역시,보건업 및 사회복지 서비스업,소기업,,204,개%
2021,소멸,대구광역시,보건업 및 사회복지 서비스업,소기업,,112,개%
2021,신생률,대구광역시,보건업 및 사회복지 서비스업,소기업,,5.9,개%
2021,소멸률,대구광역시,보건업 및 사회복지 서비스업,소기업,,3.2,개%
2021,활동,대구광역시,보건업 및 사회복지 서비스업,소상공인,,2561,개%
2021,신생,대구광역시,보건업 및 사회복지 서비스업,소상공인,,135,개%
2021,소멸,대구광역시,보건업 및 사회복지 서비스업,소상공인,,99,개%
2021,신생률,대구광역시,보건업 및 사회복지 서비스업,소상공인,,5.3,개%
2021,소멸률,대구광역시,보건업 및 사회복지 서비스업,소상공인,,3.9,개%
2021,활동,대구광역시,예술 스포츠 및 여가관련 서비스업,계,,5581,개%
2021,신생,대구광역시,예술 스포츠 및 여가관련 서비스업,계,,876,개%
2021,소멸,대구광역시,예술 스포츠 및 여가관련 서비스업,계,,797,개%
2021,신생률,대구광역시,예술 스포츠 및 여가관련 서비스업,계,,15.7,개%
2021,소멸률,대구광역시,예술 스포츠 및 여가관련 서비스업,계,,14.3,개%
2021,활동,대구광역시,예술 스포츠 및 여가관련 서비스업,대기업,,2,개%
2021,신생,대구광역시,예술 스포츠 및 여가관련 서비스업,대기업,,-,개%
2021,소멸,대구광역시,예술 스포츠 및 여가관련 서비스업,대기업,,-,개%
2021,신생률,대구광역시,예술 스포츠 및 여가관련 서비스업,대기업,,-,개%
2021,소멸률,대구광역시,예술 스포츠 및 여가관련 서비스업,대기업,,-,개%
2021,활동,대구광역시,예술 스포츠 및 여가관련 서비스업,상호출자제한기업,,2,개%
2021,신생,대구광역시,예술 스포츠 및 여가관련 서비스업,상호출자제한기업,,0,개%
2021,소멸,대구광역시,예술 스포츠 및 여가관련 서비스업,상호출자제한기업,,0,개%
2021,신생률,대구광역시,예술 스포츠 및 여가관련 서비스업,상호출자제한기업,,0,개%
2021,소멸률,대구광역시,예술 스포츠 및 여가관련 서비스업,상호출자제한기업,,0,개%
2021,활동,대구광역시,예술 스포츠 및 여가관련 서비스업,기타 대기업,,0,개%
2021,신생,대구광역시,예술 스포츠 및 여가관련 서비스업,기타 대기업,,0,개%
2021,소멸,대구광역시,예술 스포츠 및 여가관련 서비스업,기타 대기업,,0,개%
2021,신생률,대구광역시,예술 스포츠 및 여가관련 서비스업,기타 대기업,,-,개%
2021,소멸률,대구광역시,예술 스포츠 및 여가관련 서비스업,기타 대기업,,-,개%
2021,활동,대구광역시,예술 스포츠 및 여가관련 서비스업,중견기업,,0,개%
2021,신생,대구광역시,예술 스포츠 및 여가관련 서비스업,중견기업,,0,개%
2021,소멸,대구광역시,예술 스포츠 및 여가관련 서비스업,중견기업,,0,개%
2021,신생률,대구광역시,예술 스포츠 및 여가관련 서비스업,중견기업,,-,개%
2021,소멸률,대구광역시,예술 스포츠 및 여가관련 서비스업,중견기업,,-,개%
2021,활동,대구광역시,예술 스포츠 및 여가관련 서비스업,중소기업,,5579,개%
2021,신생,대구광역시,예술 스포츠 및 여가관련 서비스업,중소기업,,876,개%
2021,소멸,대구광역시,예술 스포츠 및 여가관련 서비스업,중소기업,,797,개%
2021,신생률,대구광역시,예술 스포츠 및 여가관련 서비스업,중소기업,,15.7,개%
2021,소멸률,대구광역시,예술 스포츠 및 여가관련 서비스업,중소기업,,14.3,개%
2021,활동,대구광역시,예술 스포츠 및 여가관련 서비스업,소기업,,5566,개%
2021,신생,대구광역시,예술 스포츠 및 여가관련 서비스업,소기업,,876,개%
2021,소멸,대구광역시,예술 스포츠 및 여가관련 서비스업,소기업,,797,개%
2021,신생률,대구광역시,예술 스포츠 및 여가관련 서비스업,소기업,,15.7,개%
2021,소멸률,대구광역시,예술 스포츠 및 여가관련 서비스업,소기업,,14.3,개%
2021,활동,대구광역시,예술 스포츠 및 여가관련 서비스업,소상공인,,5398,개%
2021,신생,대구광역시,예술 스포츠 및 여가관련 서비스업,소상공인,,859,개%
2021,소멸,대구광역시,예술 스포츠 및 여가관련 서비스업,소상공인,,794,개%
2021,신생률,대구광역시,예술 스포츠 및 여가관련 서비스업,소상공인,,15.9,개%
2021,소멸률,대구광역시,예술 스포츠 및 여가관련 서비스업,소상공인,,14.7,개%
2021,활동,대구광역시,협회 및 단체 수리 및 기타 개인서비스업,계,,16234,개%
2021,신생,대구광역시,협회 및 단체 수리 및 기타 개인서비스업,계,,2301,개%
2021,소멸,대구광역시,협회 및 단체 수리 및 기타 개인서비스업,계,,1833,개%
2021,신생률,대구광역시,협회 및 단체 수리 및 기타 개인서비스업,계,,14.2,개%
2021,소멸률,대구광역시,협회 및 단체 수리 및 기타 개인서비스업,계,,11.3,개%
2021,활동,대구광역시,협회 및 단체 수리 및 기타 개인서비스업,대기업,,2,개%
2021,신생,대구광역시,협회 및 단체 수리 및 기타 개인서비스업,대기업,,-,개%
2021,소멸,대구광역시,협회 및 단체 수리 및 기타 개인서비스업,대기업,,-,개%
2021,신생률,대구광역시,협회 및 단체 수리 및 기타 개인서비스업,대기업,,-,개%
2021,소멸률,대구광역시,협회 및 단체 수리 및 기타 개인서비스업,대기업,,-,개%
2021,활동,대구광역시,협회 및 단체 수리 및 기타 개인서비스업,상호출자제한기업,,0,개%
2021,신생,대구광역시,협회 및 단체 수리 및 기타 개인서비스업,상호출자제한기업,,0,개%
2021,소멸,대구광역시,협회 및 단체 수리 및 기타 개인서비스업,상호출자제한기업,,0,개%
2021,신생률,대구광역시,협회 및 단체 수리 및 기타 개인서비스업,상호출자제한기업,,-,개%
2021,소멸률,대구광역시,협회 및 단체 수리 및 기타 개인서비스업,상호출자제한기업,,-,개%
2021,활동,대구광역시,협회 및 단체 수리 및 기타 개인서비스업,기타 대기업,,0,개%
2021,신생,대구광역시,협회 및 단체 수리 및 기타 개인서비스업,기타 대기업,,0,개%
2021,소멸,대구광역시,협회 및 단체 수리 및 기타 개인서비스업,기타 대기업,,0,개%
2021,신생률,대구광역시,협회 및 단체 수리 및 기타 개인서비스업,기타 대기업,,-,개%
2021,소멸률,대구광역시,협회 및 단체 수리 및 기타 개인서비스업,기타 대기업,,-,개%
2021,활동,대구광역시,협회 및 단체 수리 및 기타 개인서비스업,중견기업,,2,개%
2021,신생,대구광역시,협회 및 단체 수리 및 기타 개인서비스업,중견기업,,0,개%
2021,소멸,대구광역시,협회 및 단체 수리 및 기타 개인서비스업,중견기업,,0,개%
2021,신생률,대구광역시,협회 및 단체 수리 및 기타 개인서비스업,중견기업,,0,개%
2021,소멸률,대구광역시,협회 및 단체 수리 및 기타 개인서비스업,중견기업,,0,개%
2021,활동,대구광역시,협회 및 단체 수리 및 기타 개인서비스업,중소기업,,16232,개%
2021,신생,대구광역시,협회 및 단체 수리 및 기타 개인서비스업,중소기업,,2301,개%
2021,소멸,대구광역시,협회 및 단체 수리 및 기타 개인서비스업,중소기업,,1833,개%
2021,신생률,대구광역시,협회 및 단체 수리 및 기타 개인서비스업,중소기업,,14.2,개%
2021,소멸률,대구광역시,협회 및 단체 수리 및 기타 개인서비스업,중소기업,,11.3,개%
2021,활동,대구광역시,협회 및 단체 수리 및 기타 개인서비스업,소기업,,16035,개%
2021,신생,대구광역시,협회 및 단체 수리 및 기타 개인서비스업,소기업,,2299,개%
2021,소멸,대구광역시,협회 및 단체 수리 및 기타 개인서비스업,소기업,,1826,개%
2021,신생률,대구광역시,협회 및 단체 수리 및 기타 개인서비스업,소기업,,14.3,개%
2021,소멸률,대구광역시,협회 및 단체 수리 및 기타 개인서비스업,소기업,,11.4,개%
2021,활동,대구광역시,협회 및 단체 수리 및 기타 개인서비스업,소상공인,,15700,개%
2021,신생,대구광역시,협회 및 단체 수리 및 기타 개인서비스업,소상공인,,2284,개%
2021,소멸,대구광역시,협회 및 단체 수리 및 기타 개인서비스업,소상공인,,1817,개%
2021,신생률,대구광역시,협회 및 단체 수리 및 기타 개인서비스업,소상공인,,14.5,개%
2021,소멸률,대구광역시,협회 및 단체 수리 및 기타 개인서비스업,소상공인,,11.6,개%
2022,활동,대구광역시,전체,계,,313471,개%
2022,신생,대구광역시,전체,계,,36653,개%
2022,소멸,대구광역시,전체,계,,30390,개%
2022,신생률,대구광역시,전체,계,,11.7,개%
2022,소멸률,대구광역시,전체,계,,9.7,개%
2022,활동,대구광역시,전체,대기업,,185,개%
2022,신생,대구광역시,전체,대기업,,-,개%
2022,소멸,대구광역시,전체,대기업,,3,개%
2022,신생률,대구광역시,전체,대기업,,-,개%
2022,소멸률,대구광역시,전체,대기업,,1.6,개%
2022,활동,대구광역시,전체,상호출자제한기업,,14,개%
2022,신생,대구광역시,전체,상호출자제한기업,,0,개%
2022,소멸,대구광역시,전체,상호출자제한기업,,0,개%
2022,신생률,대구광역시,전체,상호출자제한기업,,0,개%
2022,소멸률,대구광역시,전체,상호출자제한기업,,0,개%
2022,활동,대구광역시,전체,기타 대기업,,50,개%
2022,신생,대구광역시,전체,기타 대기업,,0,개%
2022,소멸,대구광역시,전체,기타 대기업,,1,개%
2022,신생률,대구광역시,전체,기타 대기업,,0,개%
2022,소멸률,대구광역시,전체,기타 대기업,,2,개%
2022,활동,대구광역시,전체,중견기업,,121,개%
2022,신생,대구광역시,전체,중견기업,,0,개%
2022,소멸,대구광역시,전체,중견기업,,2,개%
2022,신생률,대구광역시,전체,중견기업,,0,개%
2022,소멸률,대구광역시,전체,중견기업,,1.7,개%
2022,활동,대구광역시,전체,중소기업,,313286,개%
2022,신생,대구광역시,전체,중소기업,,36653,개%
2022,소멸,대구광역시,전체,중소기업,,30387,개%
2022,신생률,대구광역시,전체,중소기업,,11.7,개%
2022,소멸률,대구광역시,전체,중소기업,,9.7,개%
2022,활동,대구광역시,전체,소기업,,308574,개%
2022,신생,대구광역시,전체,소기업,,36474,개%
2022,소멸,대구광역시,전체,소기업,,30285,개%
2022,신생률,대구광역시,전체,소기업,,11.8,개%
2022,소멸률,대구광역시,전체,소기업,,9.8,개%
2022,활동,대구광역시,전체,소상공인,,297149,개%
2022,신생,대구광역시,전체,소상공인,,35938,개%
2022,소멸,대구광역시,전체,소상공인,,30039,개%
2022,신생률,대구광역시,전체,소상공인,,12.1,개%
2022,소멸률,대구광역시,전체,소상공인,,10.1,개%
2022,활동,대구광역시,농업 임업 및 어업,계,,267,개%
2022,신생,대구광역시,농업 임업 및 어업,계,,80,개%
2022,소멸,대구광역시,농업 임업 및 어업,계,,51,개%
2022,신생률,대구광역시,농업 임업 및 어업,계,,30,개%
2022,소멸률,대구광역시,농업 임업 및 어업,계,,19.1,개%
2022,활동,대구광역시,농업 임업 및 어업,대기업,,-,개%
2022,신생,대구광역시,농업 임업 및 어업,대기업,,-,개%
2022,소멸,대구광역시,농업 임업 및 어업,대기업,,-,개%
2022,신생률,대구광역시,농업 임업 및 어업,대기업,,-,개%
2022,소멸률,대구광역시,농업 임업 및 어업,대기업,,-,개%
2022,활동,대구광역시,농업 임업 및 어업,상호출자제한기업,,0,개%
2022,신생,대구광역시,농업 임업 및 어업,상호출자제한기업,,0,개%
2022,소멸,대구광역시,농업 임업 및 어업,상호출자제한기업,,0,개%
2022,신생률,대구광역시,농업 임업 및 어업,상호출자제한기업,,-,개%
2022,소멸률,대구광역시,농업 임업 및 어업,상호출자제한기업,,-,개%
2022,활동,대구광역시,농업 임업 및 어업,기타 대기업,,0,개%
2022,신생,대구광역시,농업 임업 및 어업,기타 대기업,,0,개%
2022,소멸,대구광역시,농업 임업 및 어업,기타 대기업,,0,개%
2022,신생률,대구광역시,농업 임업 및 어업,기타 대기업,,-,개%
2022,소멸률,대구광역시,농업 임업 및 어업,기타 대기업,,-,개%
2022,활동,대구광역시,농업 임업 및 어업,중견기업,,0,개%
2022,신생,대구광역시,농업 임업 및 어업,중견기업,,0,개%
2022,소멸,대구광역시,농업 임업 및 어업,중견기업,,0,개%
2022,신생률,대구광역시,농업 임업 및 어업,중견기업,,-,개%
2022,소멸률,대구광역시,농업 임업 및 어업,중견기업,,-,개%
2022,활동,대구광역시,농업 임업 및 어업,중소기업,,267,개%
2022,신생,대구광역시,농업 임업 및 어업,중소기업,,80,개%
2022,소멸,대구광역시,농업 임업 및 어업,중소기업,,51,개%
2022,신생률,대구광역시,농업 임업 및 어업,중소기업,,30,개%
2022,소멸률,대구광역시,농업 임업 및 어업,중소기업,,19.1,개%
2022,활동,대구광역시,농업 임업 및 어업,소기업,,267,개%
2022,신생,대구광역시,농업 임업 및 어업,소기업,,80,개%
2022,소멸,대구광역시,농업 임업 및 어업,소기업,,51,개%
2022,신생률,대구광역시,농업 임업 및 어업,소기업,,30,개%
2022,소멸률,대구광역시,농업 임업 및 어업,소기업,,19.1,개%
2022,활동,대구광역시,농업 임업 및 어업,소상공인,,265,개%
2022,신생,대구광역시,농업 임업 및 어업,소상공인,,80,개%
2022,소멸,대구광역시,농업 임업 및 어업,소상공인,,51,개%
2022,신생률,대구광역시,농업 임업 및 어업,소상공인,,30.2,개%
2022,소멸률,대구광역시,농업 임업 및 어업,소상공인,,19.2,개%
2022,활동,대구광역시,광업,계,,6,개%
2022,신생,대구광역시,광업,계,,1,개%
2022,소멸,대구광역시,광업,계,,2,개%
2022,신생률,대구광역시,광업,계,,16.7,개%
2022,소멸률,대구광역시,광업,계,,33.3,개%
2022,활동,대구광역시,광업,대기업,,-,개%
2022,신생,대구광역시,광업,대기업,,-,개%
2022,소멸,대구광역시,광업,대기업,,-,개%
2022,신생률,대구광역시,광업,대기업,,-,개%
2022,소멸률,대구광역시,광업,대기업,,-,개%
2022,활동,대구광역시,광업,상호출자제한기업,,0,개%
2022,신생,대구광역시,광업,상호출자제한기업,,0,개%
2022,소멸,대구광역시,광업,상호출자제한기업,,0,개%
2022,신생률,대구광역시,광업,상호출자제한기업,,-,개%
2022,소멸률,대구광역시,광업,상호출자제한기업,,-,개%
2022,활동,대구광역시,광업,기타 대기업,,0,개%
2022,신생,대구광역시,광업,기타 대기업,,0,개%
2022,소멸,대구광역시,광업,기타 대기업,,0,개%
2022,신생률,대구광역시,광업,기타 대기업,,-,개%
2022,소멸률,대구광역시,광업,기타 대기업,,-,개%
2022,활동,대구광역시,광업,중견기업,,0,개%
2022,신생,대구광역시,광업,중견기업,,0,개%
2022,소멸,대구광역시,광업,중견기업,,0,개%
2022,신생률,대구광역시,광업,중견기업,,-,개%
2022,소멸률,대구광역시,광업,중견기업,,-,개%
2022,활동,대구광역시,광업,중소기업,,6,개%
2022,신생,대구광역시,광업,중소기업,,1,개%
2022,소멸,대구광역시,광업,중소기업,,2,개%
2022,신생률,대구광역시,광업,중소기업,,16.7,개%
2022,소멸률,대구광역시,광업,중소기업,,33.3,개%
2022,활동,대구광역시,광업,소기업,,6,개%
2022,신생,대구광역시,광업,소기업,,1,개%
2022,소멸,대구광역시,광업,소기업,,2,개%
2022,신생률,대구광역시,광업,소기업,,16.7,개%
2022,소멸률,대구광역시,광업,소기업,,33.3,개%
2022,활동,대구광역시,광업,소상공인,,6,개%
2022,신생,대구광역시,광업,소상공인,,1,개%
2022,소멸,대구광역시,광업,소상공인,,2,개%
2022,신생률,대구광역시,광업,소상공인,,16.7,개%
2022,소멸률,대구광역시,광업,소상공인,,33.3,개%
2022,활동,대구광역시,제조업,계,,31668,개%
2022,신생,대구광역시,제조업,계,,1697,개%
2022,소멸,대구광역시,제조업,계,,1808,개%
2022,신생률,대구광역시,제조업,계,,5.4,개%
2022,소멸률,대구광역시,제조업,계,,5.7,개%
2022,활동,대구광역시,제조업,대기업,,79,개%
2022,신생,대구광역시,제조업,대기업,,-,개%
2022,소멸,대구광역시,제조업,대기업,,2,개%
2022,신생률,대구광역시,제조업,대기업,,-,개%
2022,소멸률,대구광역시,제조업,대기업,,2.5,개%
2022,활동,대구광역시,제조업,상호출자제한기업,,5,개%
2022,신생,대구광역시,제조업,상호출자제한기업,,0,개%
2022,소멸,대구광역시,제조업,상호출자제한기업,,0,개%
2022,신생률,대구광역시,제조업,상호출자제한기업,,0,개%
2022,소멸률,대구광역시,제조업,상호출자제한기업,,0,개%
2022,활동,대구광역시,제조업,기타 대기업,,11,개%
2022,신생,대구광역시,제조업,기타 대기업,,0,개%
2022,소멸,대구광역시,제조업,기타 대기업,,0,개%
2022,신생률,대구광역시,제조업,기타 대기업,,0,개%
2022,소멸률,대구광역시,제조업,기타 대기업,,0,개%
2022,활동,대구광역시,제조업,중견기업,,63,개%
2022,신생,대구광역시,제조업,중견기업,,0,개%
2022,소멸,대구광역시,제조업,중견기업,,2,개%
2022,신생률,대구광역시,제조업,중견기업,,0,개%
2022,소멸률,대구광역시,제조업,중견기업,,3.2,개%
2022,활동,대구광역시,제조업,중소기업,,31589,개%
2022,신생,대구광역시,제조업,중소기업,,1697,개%
2022,소멸,대구광역시,제조업,중소기업,,1806,개%
2022,신생률,대구광역시,제조업,중소기업,,5.4,개%
2022,소멸률,대구광역시,제조업,중소기업,,5.7,개%
2022,활동,대구광역시,제조업,소기업,,31045,개%
2022,신생,대구광역시,제조업,소기업,,1696,개%
2022,소멸,대구광역시,제조업,소기업,,1804,개%
2022,신생률,대구광역시,제조업,소기업,,5.5,개%
2022,소멸률,대구광역시,제조업,소기업,,5.8,개%
2022,활동,대구광역시,제조업,소상공인,,28675,개%
2022,신생,대구광역시,제조업,소상공인,,1671,개%
2022,소멸,대구광역시,제조업,소상공인,,1782,개%
2022,신생률,대구광역시,제조업,소상공인,,5.8,개%
2022,소멸률,대구광역시,제조업,소상공인,,6.2,개%
2022,활동,대구광역시,전기 가스 증기 및 공기조절 공급업,계,,927,개%
2022,신생,대구광역시,전기 가스 증기 및 공기조절 공급업,계,,121,개%
2022,소멸,대구광역시,전기 가스 증기 및 공기조절 공급업,계,,26,개%
2022,신생률,대구광역시,전기 가스 증기 및 공기조절 공급업,계,,13.1,개%
2022,소멸률,대구광역시,전기 가스 증기 및 공기조절 공급업,계,,2.8,개%
2022,활동,대구광역시,전기 가스 증기 및 공기조절 공급업,대기업,,4,개%
2022,신생,대구광역시,전기 가스 증기 및 공기조절 공급업,대기업,,-,개%
2022,소멸,대구광역시,전기 가스 증기 및 공기조절 공급업,대기업,,-,개%
2022,신생률,대구광역시,전기 가스 증기 및 공기조절 공급업,대기업,,-,개%
2022,소멸률,대구광역시,전기 가스 증기 및 공기조절 공급업,대기업,,-,개%
2022,활동,대구광역시,전기 가스 증기 및 공기조절 공급업,상호출자제한기업,,0,개%
2022,신생,대구광역시,전기 가스 증기 및 공기조절 공급업,상호출자제한기업,,0,개%
2022,소멸,대구광역시,전기 가스 증기 및 공기조절 공급업,상호출자제한기업,,0,개%
2022,신생률,대구광역시,전기 가스 증기 및 공기조절 공급업,상호출자제한기업,,-,개%
2022,소멸률,대구광역시,전기 가스 증기 및 공기조절 공급업,상호출자제한기업,,-,개%
2022,활동,대구광역시,전기 가스 증기 및 공기조절 공급업,기타 대기업,,1,개%
2022,신생,대구광역시,전기 가스 증기 및 공기조절 공급업,기타 대기업,,0,개%
2022,소멸,대구광역시,전기 가스 증기 및 공기조절 공급업,기타 대기업,,0,개%
2022,신생률,대구광역시,전기 가스 증기 및 공기조절 공급업,기타 대기업,,0,개%
2022,소멸률,대구광역시,전기 가스 증기 및 공기조절 공급업,기타 대기업,,0,개%
2022,활동,대구광역시,전기 가스 증기 및 공기조절 공급업,중견기업,,3,개%
2022,신생,대구광역시,전기 가스 증기 및 공기조절 공급업,중견기업,,0,개%
2022,소멸,대구광역시,전기 가스 증기 및 공기조절 공급업,중견기업,,0,개%
2022,신생률,대구광역시,전기 가스 증기 및 공기조절 공급업,중견기업,,0,개%
2022,소멸률,대구광역시,전기 가스 증기 및 공기조절 공급업,중견기업,,0,개%
2022,활동,대구광역시,전기 가스 증기 및 공기조절 공급업,중소기업,,923,개%
2022,신생,대구광역시,전기 가스 증기 및 공기조절 공급업,중소기업,,121,개%
2022,소멸,대구광역시,전기 가스 증기 및 공기조절 공급업,중소기업,,26,개%
2022,신생률,대구광역시,전기 가스 증기 및 공기조절 공급업,중소기업,,13.1,개%
2022,소멸률,대구광역시,전기 가스 증기 및 공기조절 공급업,중소기업,,2.8,개%
2022,활동,대구광역시,전기 가스 증기 및 공기조절 공급업,소기업,,922,개%
2022,신생,대구광역시,전기 가스 증기 및 공기조절 공급업,소기업,,121,개%
2022,소멸,대구광역시,전기 가스 증기 및 공기조절 공급업,소기업,,26,개%
2022,신생률,대구광역시,전기 가스 증기 및 공기조절 공급업,소기업,,13.1,개%
2022,소멸률,대구광역시,전기 가스 증기 및 공기조절 공급업,소기업,,2.8,개%
2022,활동,대구광역시,전기 가스 증기 및 공기조절 공급업,소상공인,,913,개%
2022,신생,대구광역시,전기 가스 증기 및 공기조절 공급업,소상공인,,120,개%
2022,소멸,대구광역시,전기 가스 증기 및 공기조절 공급업,소상공인,,26,개%
2022,신생률,대구광역시,전기 가스 증기 및 공기조절 공급업,소상공인,,13.1,개%
2022,소멸률,대구광역시,전기 가스 증기 및 공기조절 공급업,소상공인,,2.8,개%
2022,활동,대구광역시,수도 하수 및 폐기물처리 원료재생업,계,,420,개%
2022,신생,대구광역시,수도 하수 및 폐기물처리 원료재생업,계,,32,개%
2022,소멸,대구광역시,수도 하수 및 폐기물처리 원료재생업,계,,17,개%
2022,신생률,대구광역시,수도 하수 및 폐기물처리 원료재생업,계,,7.6,개%
2022,소멸률,대구광역시,수도 하수 및 폐기물처리 원료재생업,계,,4,개%
2022,활동,대구광역시,수도 하수 및 폐기물처리 원료재생업,대기업,,-,개%
2022,신생,대구광역시,수도 하수 및 폐기물처리 원료재생업,대기업,,-,개%
2022,소멸,대구광역시,수도 하수 및 폐기물처리 원료재생업,대기업,,-,개%
2022,신생률,대구광역시,수도 하수 및 폐기물처리 원료재생업,대기업,,-,개%
2022,소멸률,대구광역시,수도 하수 및 폐기물처리 원료재생업,대기업,,-,개%
2022,활동,대구광역시,수도 하수 및 폐기물처리 원료재생업,상호출자제한기업,,0,개%
2022,신생,대구광역시,수도 하수 및 폐기물처리 원료재생업,상호출자제한기업,,0,개%
2022,소멸,대구광역시,수도 하수 및 폐기물처리 원료재생업,상호출자제한기업,,0,개%
2022,신생률,대구광역시,수도 하수 및 폐기물처리 원료재생업,상호출자제한기업,,-,개%
2022,소멸률,대구광역시,수도 하수 및 폐기물처리 원료재생업,상호출자제한기업,,-,개%
2022,활동,대구광역시,수도 하수 및 폐기물처리 원료재생업,기타 대기업,,0,개%
2022,신생,대구광역시,수도 하수 및 폐기물처리 원료재생업,기타 대기업,,0,개%
2022,소멸,대구광역시,수도 하수 및 폐기물처리 원료재생업,기타 대기업,,0,개%
2022,신생률,대구광역시,수도 하수 및 폐기물처리 원료재생업,기타 대기업,,-,개%
2022,소멸률,대구광역시,수도 하수 및 폐기물처리 원료재생업,기타 대기업,,-,개%
2022,활동,대구광역시,수도 하수 및 폐기물처리 원료재생업,중견기업,,0,개%
2022,신생,대구광역시,수도 하수 및 폐기물처리 원료재생업,중견기업,,0,개%
2022,소멸,대구광역시,수도 하수 및 폐기물처리 원료재생업,중견기업,,0,개%
2022,신생률,대구광역시,수도 하수 및 폐기물처리 원료재생업,중견기업,,-,개%
2022,소멸률,대구광역시,수도 하수 및 폐기물처리 원료재생업,중견기업,,-,개%
2022,활동,대구광역시,수도 하수 및 폐기물처리 원료재생업,중소기업,,420,개%
2022,신생,대구광역시,수도 하수 및 폐기물처리 원료재생업,중소기업,,32,개%
2022,소멸,대구광역시,수도 하수 및 폐기물처리 원료재생업,중소기업,,17,개%
2022,신생률,대구광역시,수도 하수 및 폐기물처리 원료재생업,중소기업,,7.6,개%
2022,소멸률,대구광역시,수도 하수 및 폐기물처리 원료재생업,중소기업,,4,개%
2022,활동,대구광역시,수도 하수 및 폐기물처리 원료재생업,소기업,,362,개%
2022,신생,대구광역시,수도 하수 및 폐기물처리 원료재생업,소기업,,32,개%
2022,소멸,대구광역시,수도 하수 및 폐기물처리 원료재생업,소기업,,17,개%
2022,신생률,대구광역시,수도 하수 및 폐기물처리 원료재생업,소기업,,8.8,개%
2022,소멸률,대구광역시,수도 하수 및 폐기물처리 원료재생업,소기업,,4.7,개%
2022,활동,대구광역시,수도 하수 및 폐기물처리 원료재생업,소상공인,,300,개%
2022,신생,대구광역시,수도 하수 및 폐기물처리 원료재생업,소상공인,,32,개%
2022,소멸,대구광역시,수도 하수 및 폐기물처리 원료재생업,소상공인,,17,개%
2022,신생률,대구광역시,수도 하수 및 폐기물처리 원료재생업,소상공인,,10.7,개%
2022,소멸률,대구광역시,수도 하수 및 폐기물처리 원료재생업,소상공인,,5.7,개%
2022,활동,대구광역시,건설업,계,,20239,개%
2022,신생,대구광역시,건설업,계,,1997,개%
2022,소멸,대구광역시,건설업,계,,1463,개%
2022,신생률,대구광역시,건설업,계,,9.9,개%
2022,소멸률,대구광역시,건설업,계,,7.2,개%
2022,활동,대구광역시,건설업,대기업,,15,개%
2022,신생,대구광역시,건설업,대기업,,-,개%
2022,소멸,대구광역시,건설업,대기업,,-,개%
2022,신생률,대구광역시,건설업,대기업,,-,개%
2022,소멸률,대구광역시,건설업,대기업,,-,개%
2022,활동,대구광역시,건설업,상호출자제한기업,,1,개%
2022,신생,대구광역시,건설업,상호출자제한기업,,0,개%
2022,소멸,대구광역시,건설업,상호출자제한기업,,0,개%
2022,신생률,대구광역시,건설업,상호출자제한기업,,0,개%
2022,소멸률,대구광역시,건설업,상호출자제한기업,,0,개%
2022,활동,대구광역시,건설업,기타 대기업,,5,개%
2022,신생,대구광역시,건설업,기타 대기업,,0,개%
2022,소멸,대구광역시,건설업,기타 대기업,,0,개%
2022,신생률,대구광역시,건설업,기타 대기업,,0,개%
2022,소멸률,대구광역시,건설업,기타 대기업,,0,개%
2022,활동,대구광역시,건설업,중견기업,,9,개%
2022,신생,대구광역시,건설업,중견기업,,0,개%
2022,소멸,대구광역시,건설업,중견기업,,0,개%
2022,신생률,대구광역시,건설업,중견기업,,0,개%
2022,소멸률,대구광역시,건설업,중견기업,,0,개%
2022,활동,대구광역시,건설업,중소기업,,20224,개%
2022,신생,대구광역시,건설업,중소기업,,1997,개%
2022,소멸,대구광역시,건설업,중소기업,,1463,개%
2022,신생률,대구광역시,건설업,중소기업,,9.9,개%
2022,소멸률,대구광역시,건설업,중소기업,,7.2,개%
2022,활동,대구광역시,건설업,소기업,,20027,개%
2022,신생,대구광역시,건설업,소기업,,1993,개%
2022,소멸,대구광역시,건설업,소기업,,1458,개%
2022,신생률,대구광역시,건설업,소기업,,10,개%
2022,소멸률,대구광역시,건설업,소기업,,7.3,개%
2022,활동,대구광역시,건설업,소상공인,,19498,개%
2022,신생,대구광역시,건설업,소상공인,,1983,개%
2022,소멸,대구광역시,건설업,소상공인,,1455,개%
2022,신생률,대구광역시,건설업,소상공인,,10.2,개%
2022,소멸률,대구광역시,건설업,소상공인,,7.5,개%
2022,활동,대구광역시,도매 및 소매업,계,,73648,개%
2022,신생,대구광역시,도매 및 소매업,계,,9575,개%
2022,소멸,대구광역시,도매 및 소매업,계,,8217,개%
2022,신생률,대구광역시,도매 및 소매업,계,,13,개%
2022,소멸률,대구광역시,도매 및 소매업,계,,11.2,개%
2022,활동,대구광역시,도매 및 소매업,대기업,,26,개%
2022,신생,대구광역시,도매 및 소매업,대기업,,-,개%
2022,소멸,대구광역시,도매 및 소매업,대기업,,-,개%
2022,신생률,대구광역시,도매 및 소매업,대기업,,-,개%
2022,소멸률,대구광역시,도매 및 소매업,대기업,,-,개%
2022,활동,대구광역시,도매 및 소매업,상호출자제한기업,,2,개%
2022,신생,대구광역시,도매 및 소매업,상호출자제한기업,,0,개%
2022,소멸,대구광역시,도매 및 소매업,상호출자제한기업,,0,개%
2022,신생률,대구광역시,도매 및 소매업,상호출자제한기업,,0,개%
2022,소멸률,대구광역시,도매 및 소매업,상호출자제한기업,,0,개%
2022,활동,대구광역시,도매 및 소매업,기타 대기업,,3,개%
2022,신생,대구광역시,도매 및 소매업,기타 대기업,,0,개%
2022,소멸,대구광역시,도매 및 소매업,기타 대기업,,0,개%
2022,신생률,대구광역시,도매 및 소매업,기타 대기업,,0,개%
2022,소멸률,대구광역시,도매 및 소매업,기타 대기업,,0,개%
2022,활동,대구광역시,도매 및 소매업,중견기업,,21,개%
2022,신생,대구광역시,도매 및 소매업,중견기업,,0,개%
2022,소멸,대구광역시,도매 및 소매업,중견기업,,0,개%
2022,신생률,대구광역시,도매 및 소매업,중견기업,,0,개%
2022,소멸률,대구광역시,도매 및 소매업,중견기업,,0,개%
2022,활동,대구광역시,도매 및 소매업,중소기업,,73622,개%
2022,신생,대구광역시,도매 및 소매업,중소기업,,9575,개%
2022,소멸,대구광역시,도매 및 소매업,중소기업,,8217,개%
2022,신생률,대구광역시,도매 및 소매업,중소기업,,13,개%
2022,소멸률,대구광역시,도매 및 소매업,중소기업,,11.2,개%
2022,활동,대구광역시,도매 및 소매업,소기업,,72207,개%
2022,신생,대구광역시,도매 및 소매업,소기업,,9541,개%
2022,소멸,대구광역시,도매 및 소매업,소기업,,8206,개%
2022,신생률,대구광역시,도매 및 소매업,소기업,,13.2,개%
2022,소멸률,대구광역시,도매 및 소매업,소기업,,11.4,개%
2022,활동,대구광역시,도매 및 소매업,소상공인,,69558,개%
2022,신생,대구광역시,도매 및 소매업,소상공인,,9440,개%
2022,소멸,대구광역시,도매 및 소매업,소상공인,,8157,개%
2022,신생률,대구광역시,도매 및 소매업,소상공인,,13.6,개%
2022,소멸률,대구광역시,도매 및 소매업,소상공인,,11.7,개%
2022,활동,대구광역시,운수 및 창고업,계,,31760,개%
2022,신생,대구광역시,운수 및 창고업,계,,2510,개%
2022,소멸,대구광역시,운수 및 창고업,계,,2093,개%
2022,신생률,대구광역시,운수 및 창고업,계,,7.9,개%
2022,소멸률,대구광역시,운수 및 창고업,계,,6.6,개%
2022,활동,대구광역시,운수 및 창고업,대기업,,1,개%
2022,신생,대구광역시,운수 및 창고업,대기업,,-,개%
2022,소멸,대구광역시,운수 및 창고업,대기업,,-,개%
2022,신생률,대구광역시,운수 및 창고업,대기업,,-,개%
2022,소멸률,대구광역시,운수 및 창고업,대기업,,-,개%
2022,활동,대구광역시,운수 및 창고업,상호출자제한기업,,1,개%
2022,신생,대구광역시,운수 및 창고업,상호출자제한기업,,0,개%
2022,소멸,대구광역시,운수 및 창고업,상호출자제한기업,,0,개%
2022,신생률,대구광역시,운수 및 창고업,상호출자제한기업,,0,개%
2022,소멸률,대구광역시,운수 및 창고업,상호출자제한기업,,0,개%
2022,활동,대구광역시,운수 및 창고업,기타 대기업,,0,개%
2022,신생,대구광역시,운수 및 창고업,기타 대기업,,0,개%
2022,소멸,대구광역시,운수 및 창고업,기타 대기업,,0,개%
2022,신생률,대구광역시,운수 및 창고업,기타 대기업,,-,개%
2022,소멸률,대구광역시,운수 및 창고업,기타 대기업,,-,개%
2022,활동,대구광역시,운수 및 창고업,중견기업,,0,개%
2022,신생,대구광역시,운수 및 창고업,중견기업,,0,개%
2022,소멸,대구광역시,운수 및 창고업,중견기업,,0,개%
2022,신생률,대구광역시,운수 및 창고업,중견기업,,-,개%
2022,소멸률,대구광역시,운수 및 창고업,중견기업,,-,개%
2022,활동,대구광역시,운수 및 창고업,중소기업,,31759,개%
2022,신생,대구광역시,운수 및 창고업,중소기업,,2510,개%
2022,소멸,대구광역시,운수 및 창고업,중소기업,,2093,개%
2022,신생률,대구광역시,운수 및 창고업,중소기업,,7.9,개%
2022,소멸률,대구광역시,운수 및 창고업,중소기업,,6.6,개%
2022,활동,대구광역시,운수 및 창고업,소기업,,31703,개%
2022,신생,대구광역시,운수 및 창고업,소기업,,2510,개%
2022,소멸,대구광역시,운수 및 창고업,소기업,,2093,개%
2022,신생률,대구광역시,운수 및 창고업,소기업,,7.9,개%
2022,소멸률,대구광역시,운수 및 창고업,소기업,,6.6,개%
2022,활동,대구광역시,운수 및 창고업,소상공인,,31537,개%
2022,신생,대구광역시,운수 및 창고업,소상공인,,2504,개%
2022,소멸,대구광역시,운수 및 창고업,소상공인,,2092,개%
2022,신생률,대구광역시,운수 및 창고업,소상공인,,7.9,개%
2022,소멸률,대구광역시,운수 및 창고업,소상공인,,6.6,개%
2022,활동,대구광역시,숙박 및 음식점업,계,,38671,개%
2022,신생,대구광역시,숙박 및 음식점업,계,,6095,개%
2022,소멸,대구광역시,숙박 및 음식점업,계,,5547,개%
2022,신생률,대구광역시,숙박 및 음식점업,계,,15.8,개%
2022,소멸률,대구광역시,숙박 및 음식점업,계,,14.3,개%
2022,활동,대구광역시,숙박 및 음식점업,대기업,,1,개%
2022,신생,대구광역시,숙박 및 음식점업,대기업,,-,개%
2022,소멸,대구광역시,숙박 및 음식점업,대기업,,-,개%
2022,신생률,대구광역시,숙박 및 음식점업,대기업,,-,개%
2022,소멸률,대구광역시,숙박 및 음식점업,대기업,,-,개%
2022,활동,대구광역시,숙박 및 음식점업,상호출자제한기업,,0,개%
2022,신생,대구광역시,숙박 및 음식점업,상호출자제한기업,,0,개%
2022,소멸,대구광역시,숙박 및 음식점업,상호출자제한기업,,0,개%
2022,신생률,대구광역시,숙박 및 음식점업,상호출자제한기업,,-,개%
2022,소멸률,대구광역시,숙박 및 음식점업,상호출자제한기업,,-,개%
2022,활동,대구광역시,숙박 및 음식점업,기타 대기업,,0,개%
2022,신생,대구광역시,숙박 및 음식점업,기타 대기업,,0,개%
2022,소멸,대구광역시,숙박 및 음식점업,기타 대기업,,0,개%
2022,신생률,대구광역시,숙박 및 음식점업,기타 대기업,,-,개%
2022,소멸률,대구광역시,숙박 및 음식점업,기타 대기업,,-,개%
2022,활동,대구광역시,숙박 및 음식점업,중견기업,,1,개%
2022,신생,대구광역시,숙박 및 음식점업,중견기업,,0,개%
2022,소멸,대구광역시,숙박 및 음식점업,중견기업,,0,개%
2022,신생률,대구광역시,숙박 및 음식점업,중견기업,,0,개%
2022,소멸률,대구광역시,숙박 및 음식점업,중견기업,,0,개%
2022,활동,대구광역시,숙박 및 음식점업,중소기업,,38670,개%
2022,신생,대구광역시,숙박 및 음식점업,중소기업,,6095,개%
2022,소멸,대구광역시,숙박 및 음식점업,중소기업,,5547,개%
2022,신생률,대구광역시,숙박 및 음식점업,중소기업,,15.8,개%
2022,소멸률,대구광역시,숙박 및 음식점업,중소기업,,14.3,개%
2022,활동,대구광역시,숙박 및 음식점업,소기업,,38144,개%
2022,신생,대구광역시,숙박 및 음식점업,소기업,,6051,개%
2022,소멸,대구광역시,숙박 및 음식점업,소기업,,5529,개%
2022,신생률,대구광역시,숙박 및 음식점업,소기업,,15.9,개%
2022,소멸률,대구광역시,숙박 및 음식점업,소기업,,14.5,개%
2022,활동,대구광역시,숙박 및 음식점업,소상공인,,36573,개%
2022,신생,대구광역시,숙박 및 음식점업,소상공인,,5870,개%
2022,소멸,대구광역시,숙박 및 음식점업,소상공인,,5458,개%
2022,신생률,대구광역시,숙박 및 음식점업,소상공인,,16.1,개%
2022,소멸률,대구광역시,숙박 및 음식점업,소상공인,,14.9,개%
2022,활동,대구광역시,정보통신업,계,,2695,개%
2022,신생,대구광역시,정보통신업,계,,453,개%
2022,소멸,대구광역시,정보통신업,계,,329,개%
2022,신생률,대구광역시,정보통신업,계,,16.8,개%
2022,소멸률,대구광역시,정보통신업,계,,12.2,개%
2022,활동,대구광역시,정보통신업,대기업,,6,개%
2022,신생,대구광역시,정보통신업,대기업,,-,개%
2022,소멸,대구광역시,정보통신업,대기업,,-,개%
2022,신생률,대구광역시,정보통신업,대기업,,-,개%
2022,소멸률,대구광역시,정보통신업,대기업,,-,개%
2022,활동,대구광역시,정보통신업,상호출자제한기업,,1,개%
2022,신생,대구광역시,정보통신업,상호출자제한기업,,0,개%
2022,소멸,대구광역시,정보통신업,상호출자제한기업,,0,개%
2022,신생률,대구광역시,정보통신업,상호출자제한기업,,0,개%
2022,소멸률,대구광역시,정보통신업,상호출자제한기업,,0,개%
2022,활동,대구광역시,정보통신업,기타 대기업,,0,개%
2022,신생,대구광역시,정보통신업,기타 대기업,,0,개%
2022,소멸,대구광역시,정보통신업,기타 대기업,,0,개%
2022,신생률,대구광역시,정보통신업,기타 대기업,,-,개%
2022,소멸률,대구광역시,정보통신업,기타 대기업,,-,개%
2022,활동,대구광역시,정보통신업,중견기업,,5,개%
2022,신생,대구광역시,정보통신업,중견기업,,0,개%
2022,소멸,대구광역시,정보통신업,중견기업,,0,개%
2022,신생률,대구광역시,정보통신업,중견기업,,0,개%
2022,소멸률,대구광역시,정보통신업,중견기업,,0,개%
2022,활동,대구광역시,정보통신업,중소기업,,2689,개%
2022,신생,대구광역시,정보통신업,중소기업,,453,개%
2022,소멸,대구광역시,정보통신업,중소기업,,329,개%
2022,신생률,대구광역시,정보통신업,중소기업,,16.8,개%
2022,소멸률,대구광역시,정보통신업,중소기업,,12.2,개%
2022,활동,대구광역시,정보통신업,소기업,,2636,개%
2022,신생,대구광역시,정보통신업,소기업,,450,개%
2022,소멸,대구광역시,정보통신업,소기업,,329,개%
2022,신생률,대구광역시,정보통신업,소기업,,17.1,개%
2022,소멸률,대구광역시,정보통신업,소기업,,12.5,개%
2022,활동,대구광역시,정보통신업,소상공인,,2193,개%
2022,신생,대구광역시,정보통신업,소상공인,,421,개%
2022,소멸,대구광역시,정보통신업,소상공인,,323,개%
2022,신생률,대구광역시,정보통신업,소상공인,,19.2,개%
2022,소멸률,대구광역시,정보통신업,소상공인,,14.7,개%
2022,활동,대구광역시,금융 및 보험업,계,,872,개%
2022,신생,대구광역시,금융 및 보험업,계,,107,개%
2022,소멸,대구광역시,금융 및 보험업,계,,89,개%
2022,신생률,대구광역시,금융 및 보험업,계,,12.3,개%
2022,소멸률,대구광역시,금융 및 보험업,계,,10.2,개%
2022,활동,대구광역시,금융 및 보험업,대기업,,5,개%
2022,신생,대구광역시,금융 및 보험업,대기업,,-,개%
2022,소멸,대구광역시,금융 및 보험업,대기업,,-,개%
2022,신생률,대구광역시,금융 및 보험업,대기업,,-,개%
2022,소멸률,대구광역시,금융 및 보험업,대기업,,-,개%
2022,활동,대구광역시,금융 및 보험업,상호출자제한기업,,0,개%
2022,신생,대구광역시,금융 및 보험업,상호출자제한기업,,0,개%
2022,소멸,대구광역시,금융 및 보험업,상호출자제한기업,,0,개%
2022,신생률,대구광역시,금융 및 보험업,상호출자제한기업,,-,개%
2022,소멸률,대구광역시,금융 및 보험업,상호출자제한기업,,-,개%
2022,활동,대구광역시,금융 및 보험업,기타 대기업,,4,개%
2022,신생,대구광역시,금융 및 보험업,기타 대기업,,0,개%
2022,소멸,대구광역시,금융 및 보험업,기타 대기업,,0,개%
2022,신생률,대구광역시,금융 및 보험업,기타 대기업,,0,개%
2022,소멸률,대구광역시,금융 및 보험업,기타 대기업,,0,개%
2022,활동,대구광역시,금융 및 보험업,중견기업,,1,개%
2022,신생,대구광역시,금융 및 보험업,중견기업,,0,개%
2022,소멸,대구광역시,금융 및 보험업,중견기업,,0,개%
2022,신생률,대구광역시,금융 및 보험업,중견기업,,0,개%
2022,소멸률,대구광역시,금융 및 보험업,중견기업,,0,개%
2022,활동,대구광역시,금융 및 보험업,중소기업,,867,개%
2022,신생,대구광역시,금융 및 보험업,중소기업,,107,개%
2022,소멸,대구광역시,금융 및 보험업,중소기업,,89,개%
2022,신생률,대구광역시,금융 및 보험업,중소기업,,12.3,개%
2022,소멸률,대구광역시,금융 및 보험업,중소기업,,10.3,개%
2022,활동,대구광역시,금융 및 보험업,소기업,,858,개%
2022,신생,대구광역시,금융 및 보험업,소기업,,107,개%
2022,소멸,대구광역시,금융 및 보험업,소기업,,89,개%
2022,신생률,대구광역시,금융 및 보험업,소기업,,12.5,개%
2022,소멸률,대구광역시,금융 및 보험업,소기업,,10.4,개%
2022,활동,대구광역시,금융 및 보험업,소상공인,,813,개%
2022,신생,대구광역시,금융 및 보험업,소상공인,,107,개%
2022,소멸,대구광역시,금융 및 보험업,소상공인,,87,개%
2022,신생률,대구광역시,금융 및 보험업,소상공인,,13.2,개%
2022,소멸률,대구광역시,금융 및 보험업,소상공인,,10.7,개%
2022,활동,대구광역시,부동산업,계,,61224,개%
2022,신생,대구광역시,부동산업,계,,7062,개%
2022,소멸,대구광역시,부동산업,계,,5417,개%
2022,신생률,대구광역시,부동산업,계,,11.5,개%
2022,소멸률,대구광역시,부동산업,계,,8.8,개%
2022,활동,대구광역시,부동산업,대기업,,28,개%
2022,신생,대구광역시,부동산업,대기업,,-,개%
2022,소멸,대구광역시,부동산업,대기업,,1,개%
2022,신생률,대구광역시,부동산업,대기업,,-,개%
2022,소멸률,대구광역시,부동산업,대기업,,3.6,개%
2022,활동,대구광역시,부동산업,상호출자제한기업,,0,개%
2022,신생,대구광역시,부동산업,상호출자제한기업,,0,개%
2022,소멸,대구광역시,부동산업,상호출자제한기업,,0,개%
2022,신생률,대구광역시,부동산업,상호출자제한기업,,-,개%
2022,소멸률,대구광역시,부동산업,상호출자제한기업,,-,개%
2022,활동,대구광역시,부동산업,기타 대기업,,23,개%
2022,신생,대구광역시,부동산업,기타 대기업,,0,개%
2022,소멸,대구광역시,부동산업,기타 대기업,,1,개%
2022,신생률,대구광역시,부동산업,기타 대기업,,0,개%
2022,소멸률,대구광역시,부동산업,기타 대기업,,4.3,개%
2022,활동,대구광역시,부동산업,중견기업,,5,개%
2022,신생,대구광역시,부동산업,중견기업,,0,개%
2022,소멸,대구광역시,부동산업,중견기업,,0,개%
2022,신생률,대구광역시,부동산업,중견기업,,0,개%
2022,소멸률,대구광역시,부동산업,중견기업,,0,개%
2022,활동,대구광역시,부동산업,중소기업,,61196,개%
2022,신생,대구광역시,부동산업,중소기업,,7062,개%
2022,소멸,대구광역시,부동산업,중소기업,,5416,개%
2022,신생률,대구광역시,부동산업,중소기업,,11.5,개%
2022,소멸률,대구광역시,부동산업,중소기업,,8.9,개%
2022,활동,대구광역시,부동산업,소기업,,60954,개%
2022,신생,대구광역시,부동산업,소기업,,7043,개%
2022,소멸,대구광역시,부동산업,소기업,,5387,개%
2022,신생률,대구광역시,부동산업,소기업,,11.6,개%
2022,소멸률,대구광역시,부동산업,소기업,,8.8,개%
2022,활동,대구광역시,부동산업,소상공인,,60732,개%
2022,신생,대구광역시,부동산업,소상공인,,7039,개%
2022,소멸,대구광역시,부동산업,소상공인,,5382,개%
2022,신생률,대구광역시,부동산업,소상공인,,11.6,개%
2022,소멸률,대구광역시,부동산업,소상공인,,8.9,개%
2022,활동,대구광역시,전문과학기술서비스업,계,,8228,개%
2022,신생,대구광역시,전문과학기술서비스업,계,,1079,개%
2022,소멸,대구광역시,전문과학기술서비스업,계,,703,개%
2022,신생률,대구광역시,전문과학기술서비스업,계,,13.1,개%
2022,소멸률,대구광역시,전문과학기술서비스업,계,,8.5,개%
2022,활동,대구광역시,전문과학기술서비스업,대기업,,4,개%
2022,신생,대구광역시,전문과학기술서비스업,대기업,,-,개%
2022,소멸,대구광역시,전문과학기술서비스업,대기업,,-,개%
2022,신생률,대구광역시,전문과학기술서비스업,대기업,,-,개%
2022,소멸률,대구광역시,전문과학기술서비스업,대기업,,-,개%
2022,활동,대구광역시,전문과학기술서비스업,상호출자제한기업,,1,개%
2022,신생,대구광역시,전문과학기술서비스업,상호출자제한기업,,0,개%
2022,소멸,대구광역시,전문과학기술서비스업,상호출자제한기업,,0,개%
2022,신생률,대구광역시,전문과학기술서비스업,상호출자제한기업,,0,개%
2022,소멸률,대구광역시,전문과학기술서비스업,상호출자제한기업,,0,개%
2022,활동,대구광역시,전문과학기술서비스업,기타 대기업,,1,개%
2022,신생,대구광역시,전문과학기술서비스업,기타 대기업,,0,개%
2022,소멸,대구광역시,전문과학기술서비스업,기타 대기업,,0,개%
2022,신생률,대구광역시,전문과학기술서비스업,기타 대기업,,0,개%
2022,소멸률,대구광역시,전문과학기술서비스업,기타 대기업,,0,개%
2022,활동,대구광역시,전문과학기술서비스업,중견기업,,2,개%
2022,신생,대구광역시,전문과학기술서비스업,중견기업,,0,개%
2022,소멸,대구광역시,전문과학기술서비스업,중견기업,,0,개%
2022,신생률,대구광역시,전문과학기술서비스업,중견기업,,0,개%
2022,소멸률,대구광역시,전문과학기술서비스업,중견기업,,0,개%
2022,활동,대구광역시,전문과학기술서비스업,중소기업,,8224,개%
2022,신생,대구광역시,전문과학기술서비스업,중소기업,,1079,개%
2022,소멸,대구광역시,전문과학기술서비스업,중소기업,,703,개%
2022,신생률,대구광역시,전문과학기술서비스업,중소기업,,13.1,개%
2022,소멸률,대구광역시,전문과학기술서비스업,중소기업,,8.5,개%
2022,활동,대구광역시,전문과학기술서비스업,소기업,,8085,개%
2022,신생,대구광역시,전문과학기술서비스업,소기업,,1072,개%
2022,소멸,대구광역시,전문과학기술서비스업,소기업,,701,개%
2022,신생률,대구광역시,전문과학기술서비스업,소기업,,13.3,개%
2022,소멸률,대구광역시,전문과학기술서비스업,소기업,,8.7,개%
2022,활동,대구광역시,전문과학기술서비스업,소상공인,,7024,개%
2022,신생,대구광역시,전문과학기술서비스업,소상공인,,1027,개%
2022,소멸,대구광역시,전문과학기술서비스업,소상공인,,687,개%
2022,신생률,대구광역시,전문과학기술서비스업,소상공인,,14.6,개%
2022,소멸률,대구광역시,전문과학기술서비스업,소상공인,,9.8,개%
2022,활동,대구광역시,사업시설관리 사업지원 및 임대 서비스업,계,,5695,개%
2022,신생,대구광역시,사업시설관리 사업지원 및 임대 서비스업,계,,823,개%
2022,소멸,대구광역시,사업시설관리 사업지원 및 임대 서비스업,계,,665,개%
2022,신생률,대구광역시,사업시설관리 사업지원 및 임대 서비스업,계,,14.5,개%
2022,소멸률,대구광역시,사업시설관리 사업지원 및 임대 서비스업,계,,11.7,개%
2022,활동,대구광역시,사업시설관리 사업지원 및 임대 서비스업,대기업,,12,개%
2022,신생,대구광역시,사업시설관리 사업지원 및 임대 서비스업,대기업,,-,개%
2022,소멸,대구광역시,사업시설관리 사업지원 및 임대 서비스업,대기업,,-,개%
2022,신생률,대구광역시,사업시설관리 사업지원 및 임대 서비스업,대기업,,-,개%
2022,소멸률,대구광역시,사업시설관리 사업지원 및 임대 서비스업,대기업,,-,개%
2022,활동,대구광역시,사업시설관리 사업지원 및 임대 서비스업,상호출자제한기업,,1,개%
2022,신생,대구광역시,사업시설관리 사업지원 및 임대 서비스업,상호출자제한기업,,0,개%
2022,소멸,대구광역시,사업시설관리 사업지원 및 임대 서비스업,상호출자제한기업,,0,개%
2022,신생률,대구광역시,사업시설관리 사업지원 및 임대 서비스업,상호출자제한기업,,0,개%
2022,소멸률,대구광역시,사업시설관리 사업지원 및 임대 서비스업,상호출자제한기업,,0,개%
2022,활동,대구광역시,사업시설관리 사업지원 및 임대 서비스업,기타 대기업,,2,개%
2022,신생,대구광역시,사업시설관리 사업지원 및 임대 서비스업,기타 대기업,,0,개%
2022,소멸,대구광역시,사업시설관리 사업지원 및 임대 서비스업,기타 대기업,,0,개%
2022,신생률,대구광역시,사업시설관리 사업지원 및 임대 서비스업,기타 대기업,,0,개%
2022,소멸률,대구광역시,사업시설관리 사업지원 및 임대 서비스업,기타 대기업,,0,개%
2022,활동,대구광역시,사업시설관리 사업지원 및 임대 서비스업,중견기업,,9,개%
2022,신생,대구광역시,사업시설관리 사업지원 및 임대 서비스업,중견기업,,0,개%
2022,소멸,대구광역시,사업시설관리 사업지원 및 임대 서비스업,중견기업,,0,개%
2022,신생률,대구광역시,사업시설관리 사업지원 및 임대 서비스업,중견기업,,0,개%
2022,소멸률,대구광역시,사업시설관리 사업지원 및 임대 서비스업,중견기업,,0,개%
2022,활동,대구광역시,사업시설관리 사업지원 및 임대 서비스업,중소기업,,5683,개%
2022,신생,대구광역시,사업시설관리 사업지원 및 임대 서비스업,중소기업,,823,개%
2022,소멸,대구광역시,사업시설관리 사업지원 및 임대 서비스업,중소기업,,665,개%
2022,신생률,대구광역시,사업시설관리 사업지원 및 임대 서비스업,중소기업,,14.5,개%
2022,소멸률,대구광역시,사업시설관리 사업지원 및 임대 서비스업,중소기업,,11.7,개%
2022,활동,대구광역시,사업시설관리 사업지원 및 임대 서비스업,소기업,,5524,개%
2022,신생,대구광역시,사업시설관리 사업지원 및 임대 서비스업,소기업,,806,개%
2022,소멸,대구광역시,사업시설관리 사업지원 및 임대 서비스업,소기업,,650,개%
2022,신생률,대구광역시,사업시설관리 사업지원 및 임대 서비스업,소기업,,14.6,개%
2022,소멸률,대구광역시,사업시설관리 사업지원 및 임대 서비스업,소기업,,11.8,개%
2022,활동,대구광역시,사업시설관리 사업지원 및 임대 서비스업,소상공인,,4998,개%
2022,신생,대구광역시,사업시설관리 사업지원 및 임대 서비스업,소상공인,,775,개%
2022,소멸,대구광역시,사업시설관리 사업지원 및 임대 서비스업,소상공인,,613,개%
2022,신생률,대구광역시,사업시설관리 사업지원 및 임대 서비스업,소상공인,,15.5,개%
2022,소멸률,대구광역시,사업시설관리 사업지원 및 임대 서비스업,소상공인,,12.3,개%
2022,활동,대구광역시,교육서비스업,계,,10572,개%
2022,신생,대구광역시,교육서비스업,계,,1715,개%
2022,소멸,대구광역시,교육서비스업,계,,1415,개%
2022,신생률,대구광역시,교육서비스업,계,,16.2,개%
2022,소멸률,대구광역시,교육서비스업,계,,13.4,개%
2022,활동,대구광역시,교육서비스업,대기업,,-,개%
2022,신생,대구광역시,교육서비스업,대기업,,-,개%
2022,소멸,대구광역시,교육서비스업,대기업,,-,개%
2022,신생률,대구광역시,교육서비스업,대기업,,-,개%
2022,소멸률,대구광역시,교육서비스업,대기업,,-,개%
2022,활동,대구광역시,교육서비스업,상호출자제한기업,,0,개%
2022,신생,대구광역시,교육서비스업,상호출자제한기업,,0,개%
2022,소멸,대구광역시,교육서비스업,상호출자제한기업,,0,개%
2022,신생률,대구광역시,교육서비스업,상호출자제한기업,,-,개%
2022,소멸률,대구광역시,교육서비스업,상호출자제한기업,,-,개%
2022,활동,대구광역시,교육서비스업,기타 대기업,,0,개%
2022,신생,대구광역시,교육서비스업,기타 대기업,,0,개%
2022,소멸,대구광역시,교육서비스업,기타 대기업,,0,개%
2022,신생률,대구광역시,교육서비스업,기타 대기업,,-,개%
2022,소멸률,대구광역시,교육서비스업,기타 대기업,,-,개%
2022,활동,대구광역시,교육서비스업,중견기업,,0,개%
2022,신생,대구광역시,교육서비스업,중견기업,,0,개%
2022,소멸,대구광역시,교육서비스업,중견기업,,0,개%
2022,신생률,대구광역시,교육서비스업,중견기업,,-,개%
2022,소멸률,대구광역시,교육서비스업,중견기업,,-,개%
2022,활동,대구광역시,교육서비스업,중소기업,,10572,개%
2022,신생,대구광역시,교육서비스업,중소기업,,1715,개%
2022,소멸,대구광역시,교육서비스업,중소기업,,1415,개%
2022,신생률,대구광역시,교육서비스업,중소기업,,16.2,개%
2022,소멸률,대구광역시,교육서비스업,중소기업,,13.4,개%
2022,활동,대구광역시,교육서비스업,소기업,,10465,개%
2022,신생,대구광역시,교육서비스업,소기업,,1708,개%
2022,소멸,대구광역시,교육서비스업,소기업,,1415,개%
2022,신생률,대구광역시,교육서비스업,소기업,,16.3,개%
2022,소멸률,대구광역시,교육서비스업,소기업,,13.5,개%
2022,활동,대구광역시,교육서비스업,소상공인,,10026,개%
2022,신생,대구광역시,교육서비스업,소상공인,,1692,개%
2022,소멸,대구광역시,교육서비스업,소상공인,,1397,개%
2022,신생률,대구광역시,교육서비스업,소상공인,,16.9,개%
2022,소멸률,대구광역시,교육서비스업,소상공인,,13.9,개%
2022,활동,대구광역시,보건업 및 사회복지 서비스업,계,,4449,개%
2022,신생,대구광역시,보건업 및 사회복지 서비스업,계,,234,개%
2022,소멸,대구광역시,보건업 및 사회복지 서비스업,계,,138,개%
2022,신생률,대구광역시,보건업 및 사회복지 서비스업,계,,5.3,개%
2022,소멸률,대구광역시,보건업 및 사회복지 서비스업,계,,3.1,개%
2022,활동,대구광역시,보건업 및 사회복지 서비스업,대기업,,-,개%
2022,신생,대구광역시,보건업 및 사회복지 서비스업,대기업,,-,개%
2022,소멸,대구광역시,보건업 및 사회복지 서비스업,대기업,,-,개%
2022,신생률,대구광역시,보건업 및 사회복지 서비스업,대기업,,-,개%
2022,소멸률,대구광역시,보건업 및 사회복지 서비스업,대기업,,-,개%
2022,활동,대구광역시,보건업 및 사회복지 서비스업,상호출자제한기업,,0,개%
2022,신생,대구광역시,보건업 및 사회복지 서비스업,상호출자제한기업,,0,개%
2022,소멸,대구광역시,보건업 및 사회복지 서비스업,상호출자제한기업,,0,개%
2022,신생률,대구광역시,보건업 및 사회복지 서비스업,상호출자제한기업,,-,개%
2022,소멸률,대구광역시,보건업 및 사회복지 서비스업,상호출자제한기업,,-,개%
2022,활동,대구광역시,보건업 및 사회복지 서비스업,기타 대기업,,0,개%
2022,신생,대구광역시,보건업 및 사회복지 서비스업,기타 대기업,,0,개%
2022,소멸,대구광역시,보건업 및 사회복지 서비스업,기타 대기업,,0,개%
2022,신생률,대구광역시,보건업 및 사회복지 서비스업,기타 대기업,,-,개%
2022,소멸률,대구광역시,보건업 및 사회복지 서비스업,기타 대기업,,-,개%
2022,활동,대구광역시,보건업 및 사회복지 서비스업,중견기업,,0,개%
2022,신생,대구광역시,보건업 및 사회복지 서비스업,중견기업,,0,개%
2022,소멸,대구광역시,보건업 및 사회복지 서비스업,중견기업,,0,개%
2022,신생률,대구광역시,보건업 및 사회복지 서비스업,중견기업,,-,개%
2022,소멸률,대구광역시,보건업 및 사회복지 서비스업,중견기업,,-,개%
2022,활동,대구광역시,보건업 및 사회복지 서비스업,중소기업,,4449,개%
2022,신생,대구광역시,보건업 및 사회복지 서비스업,중소기업,,234,개%
2022,소멸,대구광역시,보건업 및 사회복지 서비스업,중소기업,,138,개%
2022,신생률,대구광역시,보건업 및 사회복지 서비스업,중소기업,,5.3,개%
2022,소멸률,대구광역시,보건업 및 사회복지 서비스업,중소기업,,3.1,개%
2022,활동,대구광역시,보건업 및 사회복지 서비스업,소기업,,3470,개%
2022,신생,대구광역시,보건업 및 사회복지 서비스업,소기업,,196,개%
2022,소멸,대구광역시,보건업 및 사회복지 서비스업,소기업,,124,개%
2022,신생률,대구광역시,보건업 및 사회복지 서비스업,소기업,,5.6,개%
2022,소멸률,대구광역시,보건업 및 사회복지 서비스업,소기업,,3.6,개%
2022,활동,대구광역시,보건업 및 사회복지 서비스업,소상공인,,2611,개%
2022,신생,대구광역시,보건업 및 사회복지 서비스업,소상공인,,134,개%
2022,소멸,대구광역시,보건업 및 사회복지 서비스업,소상공인,,112,개%
2022,신생률,대구광역시,보건업 및 사회복지 서비스업,소상공인,,5.1,개%
2022,소멸률,대구광역시,보건업 및 사회복지 서비스업,소상공인,,4.3,개%
2022,활동,대구광역시,예술 스포츠 및 여가관련 서비스업,계,,5669,개%
2022,신생,대구광역시,예술 스포츠 및 여가관련 서비스업,계,,938,개%
2022,소멸,대구광역시,예술 스포츠 및 여가관련 서비스업,계,,751,개%
2022,신생률,대구광역시,예술 스포츠 및 여가관련 서비스업,계,,16.5,개%
2022,소멸률,대구광역시,예술 스포츠 및 여가관련 서비스업,계,,13.2,개%
2022,활동,대구광역시,예술 스포츠 및 여가관련 서비스업,대기업,,2,개%
2022,신생,대구광역시,예술 스포츠 및 여가관련 서비스업,대기업,,-,개%
2022,소멸,대구광역시,예술 스포츠 및 여가관련 서비스업,대기업,,-,개%
2022,신생률,대구광역시,예술 스포츠 및 여가관련 서비스업,대기업,,-,개%
2022,소멸률,대구광역시,예술 스포츠 및 여가관련 서비스업,대기업,,-,개%
2022,활동,대구광역시,예술 스포츠 및 여가관련 서비스업,상호출자제한기업,,2,개%
2022,신생,대구광역시,예술 스포츠 및 여가관련 서비스업,상호출자제한기업,,0,개%
2022,소멸,대구광역시,예술 스포츠 및 여가관련 서비스업,상호출자제한기업,,0,개%
2022,신생률,대구광역시,예술 스포츠 및 여가관련 서비스업,상호출자제한기업,,0,개%
2022,소멸률,대구광역시,예술 스포츠 및 여가관련 서비스업,상호출자제한기업,,0,개%
2022,활동,대구광역시,예술 스포츠 및 여가관련 서비스업,기타 대기업,,0,개%
2022,신생,대구광역시,예술 스포츠 및 여가관련 서비스업,기타 대기업,,0,개%
2022,소멸,대구광역시,예술 스포츠 및 여가관련 서비스업,기타 대기업,,0,개%
2022,신생률,대구광역시,예술 스포츠 및 여가관련 서비스업,기타 대기업,,-,개%
2022,소멸률,대구광역시,예술 스포츠 및 여가관련 서비스업,기타 대기업,,-,개%
2022,활동,대구광역시,예술 스포츠 및 여가관련 서비스업,중견기업,,0,개%
2022,신생,대구광역시,예술 스포츠 및 여가관련 서비스업,중견기업,,0,개%
2022,소멸,대구광역시,예술 스포츠 및 여가관련 서비스업,중견기업,,0,개%
2022,신생률,대구광역시,예술 스포츠 및 여가관련 서비스업,중견기업,,-,개%
2022,소멸률,대구광역시,예술 스포츠 및 여가관련 서비스업,중견기업,,-,개%
2022,활동,대구광역시,예술 스포츠 및 여가관련 서비스업,중소기업,,5667,개%
2022,신생,대구광역시,예술 스포츠 및 여가관련 서비스업,중소기업,,938,개%
2022,소멸,대구광역시,예술 스포츠 및 여가관련 서비스업,중소기업,,751,개%
2022,신생률,대구광역시,예술 스포츠 및 여가관련 서비스업,중소기업,,16.6,개%
2022,소멸률,대구광역시,예술 스포츠 및 여가관련 서비스업,중소기업,,13.3,개%
2022,활동,대구광역시,예술 스포츠 및 여가관련 서비스업,소기업,,5651,개%
2022,신생,대구광역시,예술 스포츠 및 여가관련 서비스업,소기업,,938,개%
2022,소멸,대구광역시,예술 스포츠 및 여가관련 서비스업,소기업,,751,개%
2022,신생률,대구광역시,예술 스포츠 및 여가관련 서비스업,소기업,,16.6,개%
2022,소멸률,대구광역시,예술 스포츠 및 여가관련 서비스업,소기업,,13.3,개%
2022,활동,대구광역시,예술 스포츠 및 여가관련 서비스업,소상공인,,5472,개%
2022,신생,대구광역시,예술 스포츠 및 여가관련 서비스업,소상공인,,926,개%
2022,소멸,대구광역시,예술 스포츠 및 여가관련 서비스업,소상공인,,747,개%
2022,신생률,대구광역시,예술 스포츠 및 여가관련 서비스업,소상공인,,16.9,개%
2022,소멸률,대구광역시,예술 스포츠 및 여가관련 서비스업,소상공인,,13.7,개%
2022,활동,대구광역시,협회 및 단체 수리 및 기타 개인서비스업,계,,16461,개%
2022,신생,대구광역시,협회 및 단체 수리 및 기타 개인서비스업,계,,2134,개%
2022,소멸,대구광역시,협회 및 단체 수리 및 기타 개인서비스업,계,,1659,개%
2022,신생률,대구광역시,협회 및 단체 수리 및 기타 개인서비스업,계,,13,개%
2022,소멸률,대구광역시,협회 및 단체 수리 및 기타 개인서비스업,계,,10.1,개%
2022,활동,대구광역시,협회 및 단체 수리 및 기타 개인서비스업,대기업,,2,개%
2022,신생,대구광역시,협회 및 단체 수리 및 기타 개인서비스업,대기업,,-,개%
2022,소멸,대구광역시,협회 및 단체 수리 및 기타 개인서비스업,대기업,,-,개%
2022,신생률,대구광역시,협회 및 단체 수리 및 기타 개인서비스업,대기업,,-,개%
2022,소멸률,대구광역시,협회 및 단체 수리 및 기타 개인서비스업,대기업,,-,개%
2022,활동,대구광역시,협회 및 단체 수리 및 기타 개인서비스업,상호출자제한기업,,0,개%
2022,신생,대구광역시,협회 및 단체 수리 및 기타 개인서비스업,상호출자제한기업,,0,개%
2022,소멸,대구광역시,협회 및 단체 수리 및 기타 개인서비스업,상호출자제한기업,,0,개%
2022,신생률,대구광역시,협회 및 단체 수리 및 기타 개인서비스업,상호출자제한기업,,-,개%
2022,소멸률,대구광역시,협회 및 단체 수리 및 기타 개인서비스업,상호출자제한기업,,-,개%
2022,활동,대구광역시,협회 및 단체 수리 및 기타 개인서비스업,기타 대기업,,0,개%
2022,신생,대구광역시,협회 및 단체 수리 및 기타 개인서비스업,기타 대기업,,0,개%
2022,소멸,대구광역시,협회 및 단체 수리 및 기타 개인서비스업,기타 대기업,,0,개%
2022,신생률,대구광역시,협회 및 단체 수리 및 기타 개인서비스업,기타 대기업,,-,개%
2022,소멸률,대구광역시,협회 및 단체 수리 및 기타 개인서비스업,기타 대기업,,-,개%
2022,활동,대구광역시,협회 및 단체 수리 및 기타 개인서비스업,중견기업,,2,개%
2022,신생,대구광역시,협회 및 단체 수리 및 기타 개인서비스업,중견기업,,0,개%
2022,소멸,대구광역시,협회 및 단체 수리 및 기타 개인서비스업,중견기업,,0,개%
2022,신생률,대구광역시,협회 및 단체 수리 및 기타 개인서비스업,중견기업,,0,개%
2022,소멸률,대구광역시,협회 및 단체 수리 및 기타 개인서비스업,중견기업,,0,개%
2022,활동,대구광역시,협회 및 단체 수리 및 기타 개인서비스업,중소기업,,16459,개%
2022,신생,대구광역시,협회 및 단체 수리 및 기타 개인서비스업,중소기업,,2134,개%
2022,소멸,대구광역시,협회 및 단체 수리 및 기타 개인서비스업,중소기업,,1659,개%
2022,신생률,대구광역시,협회 및 단체 수리 및 기타 개인서비스업,중소기업,,13,개%
2022,소멸률,대구광역시,협회 및 단체 수리 및 기타 개인서비스업,중소기업,,10.1,개%
2022,활동,대구광역시,협회 및 단체 수리 및 기타 개인서비스업,소기업,,16248,개%
2022,신생,대구광역시,협회 및 단체 수리 및 기타 개인서비스업,소기업,,2129,개%
2022,소멸,대구광역시,협회 및 단체 수리 및 기타 개인서비스업,소기업,,1653,개%
2022,신생률,대구광역시,협회 및 단체 수리 및 기타 개인서비스업,소기업,,13.1,개%
2022,소멸률,대구광역시,협회 및 단체 수리 및 기타 개인서비스업,소기업,,10.2,개%
2022,활동,대구광역시,협회 및 단체 수리 및 기타 개인서비스업,소상공인,,15955,개%
2022,신생,대구광역시,협회 및 단체 수리 및 기타 개인서비스업,소상공인,,2116,개%
2022,소멸,대구광역시,협회 및 단체 수리 및 기타 개인서비스업,소상공인,,1651,개%
2022,신생률,대구광역시,협회 및 단체 수리 및 기타 개인서비스업,소상공인,,13.3,개%
2022,소멸률,대구광역시,협회 및 단체 수리 및 기타 개인서비스업,소상공인,,10.3,개%
2023,활동,대구광역시,전체,계,,321960,개%
2023,신생,대구광역시,전체,계,,36845,개%
2023,소멸,대구광역시,전체,계,,32150,개%
2023,신생률,대구광역시,전체,계,,11.4,개%
2023,소멸률,대구광역시,전체,계,,10,개%
2023,활동,대구광역시,전체,대기업,,211,개%
2023,신생,대구광역시,전체,대기업,,1,개%
2023,소멸,대구광역시,전체,대기업,,1,개%
2023,신생률,대구광역시,전체,대기업,,0.5,개%
2023,소멸률,대구광역시,전체,대기업,,0.5,개%
2023,활동,대구광역시,전체,상호출자제한기업,,15,개%
2023,신생,대구광역시,전체,상호출자제한기업,,0,개%
2023,소멸,대구광역시,전체,상호출자제한기업,,-,개%
2023,신생률,대구광역시,전체,상호출자제한기업,,0,개%
2023,소멸률,대구광역시,전체,상호출자제한기업,,-,개%
2023,활동,대구광역시,전체,기타 대기업,,66,개%
2023,신생,대구광역시,전체,기타 대기업,,0,개%
2023,소멸,대구광역시,전체,기타 대기업,,-,개%
2023,신생률,대구광역시,전체,기타 대기업,,0,개%
2023,소멸률,대구광역시,전체,기타 대기업,,-,개%
2023,활동,대구광역시,전체,중견기업,,130,개%
2023,신생,대구광역시,전체,중견기업,,1,개%
2023,소멸,대구광역시,전체,중견기업,,1,개%
2023,신생률,대구광역시,전체,중견기업,,0.8,개%
2023,소멸률,대구광역시,전체,중견기업,,0.8,개%
2023,활동,대구광역시,전체,중소기업,,321749,개%
2023,신생,대구광역시,전체,중소기업,,36844,개%
2023,소멸,대구광역시,전체,중소기업,,32149,개%
2023,신생률,대구광역시,전체,중소기업,,11.5,개%
2023,소멸률,대구광역시,전체,중소기업,,10,개%
2023,활동,대구광역시,전체,소기업,,316570,개%
2023,신생,대구광역시,전체,소기업,,36645,개%
2023,소멸,대구광역시,전체,소기업,,32049,개%
2023,신생률,대구광역시,전체,소기업,,11.6,개%
2023,소멸률,대구광역시,전체,소기업,,10.1,개%
2023,활동,대구광역시,전체,소상공인,,305620,개%
2023,신생,대구광역시,전체,소상공인,,36144,개%
2023,소멸,대구광역시,전체,소상공인,,31910,개%
2023,신생률,대구광역시,전체,소상공인,,11.8,개%
2023,소멸률,대구광역시,전체,소상공인,,10.4,개%
2023,활동,대구광역시,농업 임업 및 어업,계,,381,개%
2023,신생,대구광역시,농업 임업 및 어업,계,,71,개%
2023,소멸,대구광역시,농업 임업 및 어업,계,,61,개%
2023,신생률,대구광역시,농업 임업 및 어업,계,,18.6,개%
2023,소멸률,대구광역시,농업 임업 및 어업,계,,16,개%
2023,활동,대구광역시,농업 임업 및 어업,대기업,,-,개%
2023,신생,대구광역시,농업 임업 및 어업,대기업,,-,개%
2023,신생률,대구광역시,농업 임업 및 어업,대기업,,-,개%
2023,활동,대구광역시,농업 임업 및 어업,상호출자제한기업,,0,개%
2023,신생,대구광역시,농업 임업 및 어업,상호출자제한기업,,0,개%
2023,소멸,대구광역시,농업 임업 및 어업,상호출자제한기업,,-,개%
2023,신생률,대구광역시,농업 임업 및 어업,상호출자제한기업,,-,개%
2023,활동,대구광역시,농업 임업 및 어업,기타 대기업,,0,개%
2023,신생,대구광역시,농업 임업 및 어업,기타 대기업,,0,개%
2023,소멸,대구광역시,농업 임업 및 어업,기타 대기업,,-,개%
2023,신생률,대구광역시,농업 임업 및 어업,기타 대기업,,-,개%
2023,활동,대구광역시,농업 임업 및 어업,중견기업,,0,개%
2023,신생,대구광역시,농업 임업 및 어업,중견기업,,0,개%
2023,소멸,대구광역시,농업 임업 및 어업,중견기업,,-,개%
2023,신생률,대구광역시,농업 임업 및 어업,중견기업,,-,개%
2023,활동,대구광역시,농업 임업 및 어업,중소기업,,381,개%
2023,신생,대구광역시,농업 임업 및 어업,중소기업,,71,개%
2023,소멸,대구광역시,농업 임업 및 어업,중소기업,,61,개%
2023,신생률,대구광역시,농업 임업 및 어업,중소기업,,18.6,개%
2023,소멸률,대구광역시,농업 임업 및 어업,중소기업,,16,개%
2023,활동,대구광역시,농업 임업 및 어업,소기업,,377,개%
2023,신생,대구광역시,농업 임업 및 어업,소기업,,70,개%
2023,소멸,대구광역시,농업 임업 및 어업,소기업,,61,개%
2023,신생률,대구광역시,농업 임업 및 어업,소기업,,18.6,개%
2023,소멸률,대구광역시,농업 임업 및 어업,소기업,,16.2,개%
2023,활동,대구광역시,농업 임업 및 어업,소상공인,,364,개%
2023,신생,대구광역시,농업 임업 및 어업,소상공인,,70,개%
2023,소멸,대구광역시,농업 임업 및 어업,소상공인,,61,개%
2023,신생률,대구광역시,농업 임업 및 어업,소상공인,,19.2,개%
2023,소멸률,대구광역시,농업 임업 및 어업,소상공인,,16.8,개%
2023,활동,대구광역시,광업,계,,6,개%
2023,신생,대구광역시,광업,계,,1,개%
2023,신생률,대구광역시,광업,계,,16.7,개%
2023,활동,대구광역시,광업,대기업,,-,개%
2023,신생,대구광역시,광업,대기업,,-,개%
2023,신생률,대구광역시,광업,대기업,,-,개%
2023,활동,대구광역시,광업,상호출자제한기업,,0,개%
2023,신생,대구광역시,광업,상호출자제한기업,,0,개%
2023,소멸,대구광역시,광업,상호출자제한기업,,-,개%
2023,신생률,대구광역시,광업,상호출자제한기업,,-,개%
2023,활동,대구광역시,광업,기타 대기업,,0,개%
2023,신생,대구광역시,광업,기타 대기업,,0,개%
2023,소멸,대구광역시,광업,기타 대기업,,-,개%
2023,신생률,대구광역시,광업,기타 대기업,,-,개%
2023,활동,대구광역시,광업,중견기업,,0,개%
2023,신생,대구광역시,광업,중견기업,,0,개%
2023,소멸,대구광역시,광업,중견기업,,-,개%
2023,신생률,대구광역시,광업,중견기업,,-,개%
2023,활동,대구광역시,광업,중소기업,,6,개%
2023,신생,대구광역시,광업,중소기업,,1,개%
2023,신생률,대구광역시,광업,중소기업,,16.7,개%
2023,활동,대구광역시,광업,소기업,,6,개%
2023,신생,대구광역시,광업,소기업,,1,개%
2023,신생률,대구광역시,광업,소기업,,16.7,개%
2023,활동,대구광역시,광업,소상공인,,6,개%
2023,신생,대구광역시,광업,소상공인,,1,개%
2023,신생률,대구광역시,광업,소상공인,,16.7,개%
2023,활동,대구광역시,제조업,계,,31666,개%
2023,신생,대구광역시,제조업,계,,1624,개%
2023,소멸,대구광역시,제조업,계,,1860,개%
2023,신생률,대구광역시,제조업,계,,5.1,개%
2023,소멸률,대구광역시,제조업,계,,5.9,개%
2023,활동,대구광역시,제조업,대기업,,88,개%
2023,신생,대구광역시,제조업,대기업,,-,개%
2023,신생률,대구광역시,제조업,대기업,,-,개%
2023,활동,대구광역시,제조업,상호출자제한기업,,5,개%
2023,신생,대구광역시,제조업,상호출자제한기업,,0,개%
2023,소멸,대구광역시,제조업,상호출자제한기업,,-,개%
2023,신생률,대구광역시,제조업,상호출자제한기업,,0,개%
2023,소멸률,대구광역시,제조업,상호출자제한기업,,-,개%
2023,활동,대구광역시,제조업,기타 대기업,,17,개%
2023,신생,대구광역시,제조업,기타 대기업,,0,개%
2023,소멸,대구광역시,제조업,기타 대기업,,-,개%
2023,신생률,대구광역시,제조업,기타 대기업,,0,개%
2023,소멸률,대구광역시,제조업,기타 대기업,,-,개%
2023,활동,대구광역시,제조업,중견기업,,66,개%
2023,신생,대구광역시,제조업,중견기업,,0,개%
2023,소멸,대구광역시,제조업,중견기업,,-,개%
2023,신생률,대구광역시,제조업,중견기업,,0,개%
2023,소멸률,대구광역시,제조업,중견기업,,-,개%
2023,활동,대구광역시,제조업,중소기업,,31578,개%
2023,신생,대구광역시,제조업,중소기업,,1624,개%
2023,소멸,대구광역시,제조업,중소기업,,1860,개%
2023,신생률,대구광역시,제조업,중소기업,,5.1,개%
2023,소멸률,대구광역시,제조업,중소기업,,5.9,개%
2023,활동,대구광역시,제조업,소기업,,30976,개%
2023,신생,대구광역시,제조업,소기업,,1622,개%
2023,소멸,대구광역시,제조업,소기업,,1860,개%
2023,신생률,대구광역시,제조업,소기업,,5.2,개%
2023,소멸률,대구광역시,제조업,소기업,,6,개%
2023,활동,대구광역시,제조업,소상공인,,28696,개%
2023,신생,대구광역시,제조업,소상공인,,1595,개%
2023,소멸,대구광역시,제조업,소상공인,,1842,개%
2023,신생률,대구광역시,제조업,소상공인,,5.6,개%
2023,소멸률,대구광역시,제조업,소상공인,,6.4,개%
2023,활동,대구광역시,전기 가스 증기 및 공기조절 공급업,계,,1688,개%
2023,신생,대구광역시,전기 가스 증기 및 공기조절 공급업,계,,228,개%
2023,소멸,대구광역시,전기 가스 증기 및 공기조절 공급업,계,,33,개%
2023,신생률,대구광역시,전기 가스 증기 및 공기조절 공급업,계,,13.5,개%
2023,소멸률,대구광역시,전기 가스 증기 및 공기조절 공급업,계,,2,개%
2023,활동,대구광역시,전기 가스 증기 및 공기조절 공급업,대기업,,4,개%
2023,신생,대구광역시,전기 가스 증기 및 공기조절 공급업,대기업,,-,개%
2023,신생률,대구광역시,전기 가스 증기 및 공기조절 공급업,대기업,,-,개%
2023,활동,대구광역시,전기 가스 증기 및 공기조절 공급업,상호출자제한기업,,0,개%
2023,신생,대구광역시,전기 가스 증기 및 공기조절 공급업,상호출자제한기업,,0,개%
2023,소멸,대구광역시,전기 가스 증기 및 공기조절 공급업,상호출자제한기업,,-,개%
2023,신생률,대구광역시,전기 가스 증기 및 공기조절 공급업,상호출자제한기업,,-,개%
2023,활동,대구광역시,전기 가스 증기 및 공기조절 공급업,기타 대기업,,1,개%
2023,신생,대구광역시,전기 가스 증기 및 공기조절 공급업,기타 대기업,,0,개%
2023,소멸,대구광역시,전기 가스 증기 및 공기조절 공급업,기타 대기업,,-,개%
2023,신생률,대구광역시,전기 가스 증기 및 공기조절 공급업,기타 대기업,,0,개%
2023,소멸률,대구광역시,전기 가스 증기 및 공기조절 공급업,기타 대기업,,-,개%
2023,활동,대구광역시,전기 가스 증기 및 공기조절 공급업,중견기업,,3,개%
2023,신생,대구광역시,전기 가스 증기 및 공기조절 공급업,중견기업,,0,개%
2023,소멸,대구광역시,전기 가스 증기 및 공기조절 공급업,중견기업,,-,개%
2023,신생률,대구광역시,전기 가스 증기 및 공기조절 공급업,중견기업,,0,개%
2023,소멸률,대구광역시,전기 가스 증기 및 공기조절 공급업,중견기업,,-,개%
2023,활동,대구광역시,전기 가스 증기 및 공기조절 공급업,중소기업,,1684,개%
2023,신생,대구광역시,전기 가스 증기 및 공기조절 공급업,중소기업,,228,개%
2023,소멸,대구광역시,전기 가스 증기 및 공기조절 공급업,중소기업,,33,개%
2023,신생률,대구광역시,전기 가스 증기 및 공기조절 공급업,중소기업,,13.5,개%
2023,소멸률,대구광역시,전기 가스 증기 및 공기조절 공급업,중소기업,,2,개%
2023,활동,대구광역시,전기 가스 증기 및 공기조절 공급업,소기업,,1684,개%
2023,신생,대구광역시,전기 가스 증기 및 공기조절 공급업,소기업,,228,개%
2023,소멸,대구광역시,전기 가스 증기 및 공기조절 공급업,소기업,,33,개%
2023,신생률,대구광역시,전기 가스 증기 및 공기조절 공급업,소기업,,13.5,개%
2023,소멸률,대구광역시,전기 가스 증기 및 공기조절 공급업,소기업,,2,개%
2023,활동,대구광역시,전기 가스 증기 및 공기조절 공급업,소상공인,,1674,개%
2023,신생,대구광역시,전기 가스 증기 및 공기조절 공급업,소상공인,,227,개%
2023,소멸,대구광역시,전기 가스 증기 및 공기조절 공급업,소상공인,,33,개%
2023,신생률,대구광역시,전기 가스 증기 및 공기조절 공급업,소상공인,,13.6,개%
2023,소멸률,대구광역시,전기 가스 증기 및 공기조절 공급업,소상공인,,2,개%
2023,활동,대구광역시,수도 하수 및 폐기물처리 원료재생업,계,,443,개%
2023,신생,대구광역시,수도 하수 및 폐기물처리 원료재생업,계,,26,개%
2023,소멸,대구광역시,수도 하수 및 폐기물처리 원료재생업,계,,36,개%
2023,신생률,대구광역시,수도 하수 및 폐기물처리 원료재생업,계,,5.9,개%
2023,소멸률,대구광역시,수도 하수 및 폐기물처리 원료재생업,계,,8.1,개%
2023,활동,대구광역시,수도 하수 및 폐기물처리 원료재생업,대기업,,2,개%
2023,신생,대구광역시,수도 하수 및 폐기물처리 원료재생업,대기업,,-,개%
2023,신생률,대구광역시,수도 하수 및 폐기물처리 원료재생업,대기업,,-,개%
2023,활동,대구광역시,수도 하수 및 폐기물처리 원료재생업,상호출자제한기업,,0,개%
2023,신생,대구광역시,수도 하수 및 폐기물처리 원료재생업,상호출자제한기업,,0,개%
2023,소멸,대구광역시,수도 하수 및 폐기물처리 원료재생업,상호출자제한기업,,-,개%
2023,신생률,대구광역시,수도 하수 및 폐기물처리 원료재생업,상호출자제한기업,,-,개%
2023,활동,대구광역시,수도 하수 및 폐기물처리 원료재생업,기타 대기업,,0,개%
2023,신생,대구광역시,수도 하수 및 폐기물처리 원료재생업,기타 대기업,,0,개%
2023,소멸,대구광역시,수도 하수 및 폐기물처리 원료재생업,기타 대기업,,-,개%
2023,신생률,대구광역시,수도 하수 및 폐기물처리 원료재생업,기타 대기업,,-,개%
2023,활동,대구광역시,수도 하수 및 폐기물처리 원료재생업,중견기업,,2,개%
2023,신생,대구광역시,수도 하수 및 폐기물처리 원료재생업,중견기업,,0,개%
2023,소멸,대구광역시,수도 하수 및 폐기물처리 원료재생업,중견기업,,-,개%
2023,신생률,대구광역시,수도 하수 및 폐기물처리 원료재생업,중견기업,,0,개%
2023,소멸률,대구광역시,수도 하수 및 폐기물처리 원료재생업,중견기업,,-,개%
2023,활동,대구광역시,수도 하수 및 폐기물처리 원료재생업,중소기업,,441,개%
2023,신생,대구광역시,수도 하수 및 폐기물처리 원료재생업,중소기업,,26,개%
2023,소멸,대구광역시,수도 하수 및 폐기물처리 원료재생업,중소기업,,36,개%
2023,신생률,대구광역시,수도 하수 및 폐기물처리 원료재생업,중소기업,,5.9,개%
2023,소멸률,대구광역시,수도 하수 및 폐기물처리 원료재생업,중소기업,,8.2,개%
2023,활동,대구광역시,수도 하수 및 폐기물처리 원료재생업,소기업,,384,개%
2023,신생,대구광역시,수도 하수 및 폐기물처리 원료재생업,소기업,,26,개%
2023,소멸,대구광역시,수도 하수 및 폐기물처리 원료재생업,소기업,,35,개%
2023,신생률,대구광역시,수도 하수 및 폐기물처리 원료재생업,소기업,,6.8,개%
2023,소멸률,대구광역시,수도 하수 및 폐기물처리 원료재생업,소기업,,9.1,개%
2023,활동,대구광역시,수도 하수 및 폐기물처리 원료재생업,소상공인,,323,개%
2023,신생,대구광역시,수도 하수 및 폐기물처리 원료재생업,소상공인,,24,개%
2023,소멸,대구광역시,수도 하수 및 폐기물처리 원료재생업,소상공인,,35,개%
2023,신생률,대구광역시,수도 하수 및 폐기물처리 원료재생업,소상공인,,7.4,개%
2023,소멸률,대구광역시,수도 하수 및 폐기물처리 원료재생업,소상공인,,10.8,개%
2023,활동,대구광역시,건설업,계,,21232,개%
2023,신생,대구광역시,건설업,계,,2003,개%
2023,소멸,대구광역시,건설업,계,,1569,개%
2023,신생률,대구광역시,건설업,계,,9.4,개%
2023,소멸률,대구광역시,건설업,계,,7.4,개%
2023,활동,대구광역시,건설업,대기업,,16,개%
2023,신생,대구광역시,건설업,대기업,,-,개%
2023,신생률,대구광역시,건설업,대기업,,-,개%
2023,활동,대구광역시,건설업,상호출자제한기업,,1,개%
2023,신생,대구광역시,건설업,상호출자제한기업,,0,개%
2023,소멸,대구광역시,건설업,상호출자제한기업,,-,개%
2023,신생률,대구광역시,건설업,상호출자제한기업,,0,개%
2023,소멸률,대구광역시,건설업,상호출자제한기업,,-,개%
2023,활동,대구광역시,건설업,기타 대기업,,5,개%
2023,신생,대구광역시,건설업,기타 대기업,,0,개%
2023,소멸,대구광역시,건설업,기타 대기업,,-,개%
2023,신생률,대구광역시,건설업,기타 대기업,,0,개%
2023,소멸률,대구광역시,건설업,기타 대기업,,-,개%
2023,활동,대구광역시,건설업,중견기업,,10,개%
2023,신생,대구광역시,건설업,중견기업,,0,개%
2023,소멸,대구광역시,건설업,중견기업,,-,개%
2023,신생률,대구광역시,건설업,중견기업,,0,개%
2023,소멸률,대구광역시,건설업,중견기업,,-,개%
2023,활동,대구광역시,건설업,중소기업,,21216,개%
2023,신생,대구광역시,건설업,중소기업,,2003,개%
2023,소멸,대구광역시,건설업,중소기업,,1569,개%
2023,신생률,대구광역시,건설업,중소기업,,9.4,개%
2023,소멸률,대구광역시,건설업,중소기업,,7.4,개%
2023,활동,대구광역시,건설업,소기업,,21015,개%
2023,신생,대구광역시,건설업,소기업,,2001,개%
2023,소멸,대구광역시,건설업,소기업,,1567,개%
2023,신생률,대구광역시,건설업,소기업,,9.5,개%
2023,소멸률,대구광역시,건설업,소기업,,7.5,개%
2023,활동,대구광역시,건설업,소상공인,,20507,개%
2023,신생,대구광역시,건설업,소상공인,,1997,개%
2023,소멸,대구광역시,건설업,소상공인,,1567,개%
2023,신생률,대구광역시,건설업,소상공인,,9.7,개%
2023,소멸률,대구광역시,건설업,소상공인,,7.6,개%
2023,활동,대구광역시,도매 및 소매업,계,,75595,개%
2023,신생,대구광역시,도매 및 소매업,계,,9853,개%
2023,소멸,대구광역시,도매 및 소매업,계,,9053,개%
2023,신생률,대구광역시,도매 및 소매업,계,,13,개%
2023,소멸률,대구광역시,도매 및 소매업,계,,12,개%
2023,활동,대구광역시,도매 및 소매업,대기업,,30,개%
2023,신생,대구광역시,도매 및 소매업,대기업,,-,개%
2023,신생률,대구광역시,도매 및 소매업,대기업,,-,개%
2023,활동,대구광역시,도매 및 소매업,상호출자제한기업,,3,개%
2023,신생,대구광역시,도매 및 소매업,상호출자제한기업,,0,개%
2023,소멸,대구광역시,도매 및 소매업,상호출자제한기업,,-,개%
2023,신생률,대구광역시,도매 및 소매업,상호출자제한기업,,0,개%
2023,소멸률,대구광역시,도매 및 소매업,상호출자제한기업,,-,개%
2023,활동,대구광역시,도매 및 소매업,기타 대기업,,5,개%
2023,신생,대구광역시,도매 및 소매업,기타 대기업,,0,개%
2023,소멸,대구광역시,도매 및 소매업,기타 대기업,,-,개%
2023,신생률,대구광역시,도매 및 소매업,기타 대기업,,0,개%
2023,소멸률,대구광역시,도매 및 소매업,기타 대기업,,-,개%
2023,활동,대구광역시,도매 및 소매업,중견기업,,22,개%
2023,신생,대구광역시,도매 및 소매업,중견기업,,0,개%
2023,소멸,대구광역시,도매 및 소매업,중견기업,,-,개%
2023,신생률,대구광역시,도매 및 소매업,중견기업,,0,개%
2023,소멸률,대구광역시,도매 및 소매업,중견기업,,-,개%
2023,활동,대구광역시,도매 및 소매업,중소기업,,75565,개%
2023,신생,대구광역시,도매 및 소매업,중소기업,,9853,개%
2023,소멸,대구광역시,도매 및 소매업,중소기업,,9053,개%
2023,신생률,대구광역시,도매 및 소매업,중소기업,,13,개%
2023,소멸률,대구광역시,도매 및 소매업,중소기업,,12,개%
2023,활동,대구광역시,도매 및 소매업,소기업,,74042,개%
2023,신생,대구광역시,도매 및 소매업,소기업,,9823,개%
2023,소멸,대구광역시,도매 및 소매업,소기업,,9032,개%
2023,신생률,대구광역시,도매 및 소매업,소기업,,13.3,개%
2023,소멸률,대구광역시,도매 및 소매업,소기업,,12.2,개%
2023,활동,대구광역시,도매 및 소매업,소상공인,,71542,개%
2023,신생,대구광역시,도매 및 소매업,소상공인,,9755,개%
2023,소멸,대구광역시,도매 및 소매업,소상공인,,9006,개%
2023,신생률,대구광역시,도매 및 소매업,소상공인,,13.6,개%
2023,소멸률,대구광역시,도매 및 소매업,소상공인,,12.6,개%
2023,활동,대구광역시,운수 및 창고업,계,,32331,개%
2023,신생,대구광역시,운수 및 창고업,계,,2615,개%
2023,소멸,대구광역시,운수 및 창고업,계,,2137,개%
2023,신생률,대구광역시,운수 및 창고업,계,,8.1,개%
2023,소멸률,대구광역시,운수 및 창고업,계,,6.6,개%
2023,활동,대구광역시,운수 및 창고업,대기업,,3,개%
2023,신생,대구광역시,운수 및 창고업,대기업,,-,개%
2023,신생률,대구광역시,운수 및 창고업,대기업,,-,개%
2023,활동,대구광역시,운수 및 창고업,상호출자제한기업,,2,개%
2023,신생,대구광역시,운수 및 창고업,상호출자제한기업,,0,개%
2023,소멸,대구광역시,운수 및 창고업,상호출자제한기업,,-,개%
2023,신생률,대구광역시,운수 및 창고업,상호출자제한기업,,0,개%
2023,소멸률,대구광역시,운수 및 창고업,상호출자제한기업,,-,개%
2023,활동,대구광역시,운수 및 창고업,기타 대기업,,0,개%
2023,신생,대구광역시,운수 및 창고업,기타 대기업,,0,개%
2023,소멸,대구광역시,운수 및 창고업,기타 대기업,,-,개%
2023,신생률,대구광역시,운수 및 창고업,기타 대기업,,-,개%
2023,활동,대구광역시,운수 및 창고업,중견기업,,1,개%
2023,신생,대구광역시,운수 및 창고업,중견기업,,0,개%
2023,소멸,대구광역시,운수 및 창고업,중견기업,,-,개%
2023,신생률,대구광역시,운수 및 창고업,중견기업,,0,개%
2023,소멸률,대구광역시,운수 및 창고업,중견기업,,-,개%
2023,활동,대구광역시,운수 및 창고업,중소기업,,32328,개%
2023,신생,대구광역시,운수 및 창고업,중소기업,,2615,개%
2023,소멸,대구광역시,운수 및 창고업,중소기업,,2137,개%
2023,신생률,대구광역시,운수 및 창고업,중소기업,,8.1,개%
2023,소멸률,대구광역시,운수 및 창고업,중소기업,,6.6,개%
2023,활동,대구광역시,운수 및 창고업,소기업,,32268,개%
2023,신생,대구광역시,운수 및 창고업,소기업,,2615,개%
2023,소멸,대구광역시,운수 및 창고업,소기업,,2137,개%
2023,신생률,대구광역시,운수 및 창고업,소기업,,8.1,개%
2023,소멸률,대구광역시,운수 및 창고업,소기업,,6.6,개%
2023,활동,대구광역시,운수 및 창고업,소상공인,,32101,개%
2023,신생,대구광역시,운수 및 창고업,소상공인,,2609,개%
2023,소멸,대구광역시,운수 및 창고업,소상공인,,2135,개%
2023,신생률,대구광역시,운수 및 창고업,소상공인,,8.1,개%
2023,소멸률,대구광역시,운수 및 창고업,소상공인,,6.7,개%
2023,활동,대구광역시,숙박 및 음식점업,계,,40068,개%
2023,신생,대구광역시,숙박 및 음식점업,계,,6763,개%
2023,소멸,대구광역시,숙박 및 음식점업,계,,6180,개%
2023,신생률,대구광역시,숙박 및 음식점업,계,,16.9,개%
2023,소멸률,대구광역시,숙박 및 음식점업,계,,15.4,개%
2023,활동,대구광역시,숙박 및 음식점업,대기업,,1,개%
2023,신생,대구광역시,숙박 및 음식점업,대기업,,-,개%
2023,신생률,대구광역시,숙박 및 음식점업,대기업,,-,개%
2023,활동,대구광역시,숙박 및 음식점업,상호출자제한기업,,0,개%
2023,신생,대구광역시,숙박 및 음식점업,상호출자제한기업,,0,개%
2023,소멸,대구광역시,숙박 및 음식점업,상호출자제한기업,,-,개%
2023,신생률,대구광역시,숙박 및 음식점업,상호출자제한기업,,-,개%
2023,활동,대구광역시,숙박 및 음식점업,기타 대기업,,0,개%
2023,신생,대구광역시,숙박 및 음식점업,기타 대기업,,0,개%
2023,소멸,대구광역시,숙박 및 음식점업,기타 대기업,,-,개%
2023,신생률,대구광역시,숙박 및 음식점업,기타 대기업,,-,개%
2023,활동,대구광역시,숙박 및 음식점업,중견기업,,1,개%
2023,신생,대구광역시,숙박 및 음식점업,중견기업,,0,개%
2023,소멸,대구광역시,숙박 및 음식점업,중견기업,,-,개%
2023,신생률,대구광역시,숙박 및 음식점업,중견기업,,0,개%
2023,소멸률,대구광역시,숙박 및 음식점업,중견기업,,-,개%
2023,활동,대구광역시,숙박 및 음식점업,중소기업,,40067,개%
2023,신생,대구광역시,숙박 및 음식점업,중소기업,,6763,개%
2023,소멸,대구광역시,숙박 및 음식점업,중소기업,,6180,개%
2023,신생률,대구광역시,숙박 및 음식점업,중소기업,,16.9,개%
2023,소멸률,대구광역시,숙박 및 음식점업,중소기업,,15.4,개%
2023,활동,대구광역시,숙박 및 음식점업,소기업,,39387,개%
2023,신생,대구광역시,숙박 및 음식점업,소기업,,6691,개%
2023,소멸,대구광역시,숙박 및 음식점업,소기업,,6160,개%
2023,신생률,대구광역시,숙박 및 음식점업,소기업,,17,개%
2023,소멸률,대구광역시,숙박 및 음식점업,소기업,,15.6,개%
2023,활동,대구광역시,숙박 및 음식점업,소상공인,,37787,개%
2023,신생,대구광역시,숙박 및 음식점업,소상공인,,6479,개%
2023,소멸,대구광역시,숙박 및 음식점업,소상공인,,6120,개%
2023,신생률,대구광역시,숙박 및 음식점업,소상공인,,17.1,개%
2023,소멸률,대구광역시,숙박 및 음식점업,소상공인,,16.2,개%
2023,활동,대구광역시,정보통신업,계,,2849,개%
2023,신생,대구광역시,정보통신업,계,,459,개%
2023,소멸,대구광역시,정보통신업,계,,354,개%
2023,신생률,대구광역시,정보통신업,계,,16.1,개%
2023,소멸률,대구광역시,정보통신업,계,,12.4,개%
2023,활동,대구광역시,정보통신업,대기업,,4,개%
2023,신생,대구광역시,정보통신업,대기업,,-,개%
2023,신생률,대구광역시,정보통신업,대기업,,-,개%
2023,활동,대구광역시,정보통신업,상호출자제한기업,,1,개%
2023,신생,대구광역시,정보통신업,상호출자제한기업,,0,개%
2023,소멸,대구광역시,정보통신업,상호출자제한기업,,-,개%
2023,신생률,대구광역시,정보통신업,상호출자제한기업,,0,개%
2023,소멸률,대구광역시,정보통신업,상호출자제한기업,,-,개%
2023,활동,대구광역시,정보통신업,기타 대기업,,0,개%
2023,신생,대구광역시,정보통신업,기타 대기업,,0,개%
2023,소멸,대구광역시,정보통신업,기타 대기업,,-,개%
2023,신생률,대구광역시,정보통신업,기타 대기업,,-,개%
2023,활동,대구광역시,정보통신업,중견기업,,3,개%
2023,신생,대구광역시,정보통신업,중견기업,,0,개%
2023,소멸,대구광역시,정보통신업,중견기업,,-,개%
2023,신생률,대구광역시,정보통신업,중견기업,,0,개%
2023,소멸률,대구광역시,정보통신업,중견기업,,-,개%
2023,활동,대구광역시,정보통신업,중소기업,,2845,개%
2023,신생,대구광역시,정보통신업,중소기업,,459,개%
2023,소멸,대구광역시,정보통신업,중소기업,,354,개%
2023,신생률,대구광역시,정보통신업,중소기업,,16.1,개%
2023,소멸률,대구광역시,정보통신업,중소기업,,12.4,개%
2023,활동,대구광역시,정보통신업,소기업,,2787,개%
2023,신생,대구광역시,정보통신업,소기업,,458,개%
2023,소멸,대구광역시,정보통신업,소기업,,350,개%
2023,신생률,대구광역시,정보통신업,소기업,,16.4,개%
2023,소멸률,대구광역시,정보통신업,소기업,,12.6,개%
2023,활동,대구광역시,정보통신업,소상공인,,2346,개%
2023,신생,대구광역시,정보통신업,소상공인,,446,개%
2023,소멸,대구광역시,정보통신업,소상공인,,340,개%
2023,신생률,대구광역시,정보통신업,소상공인,,19,개%
2023,소멸률,대구광역시,정보통신업,소상공인,,14.5,개%
2023,활동,대구광역시,금융 및 보험업,계,,888,개%
2023,신생,대구광역시,금융 및 보험업,계,,101,개%
2023,소멸,대구광역시,금융 및 보험업,계,,125,개%
2023,신생률,대구광역시,금융 및 보험업,계,,11.4,개%
2023,소멸률,대구광역시,금융 및 보험업,계,,14.1,개%
2023,활동,대구광역시,금융 및 보험업,대기업,,4,개%
2023,신생,대구광역시,금융 및 보험업,대기업,,-,개%
2023,신생률,대구광역시,금융 및 보험업,대기업,,-,개%
2023,활동,대구광역시,금융 및 보험업,상호출자제한기업,,0,개%
2023,신생,대구광역시,금융 및 보험업,상호출자제한기업,,0,개%
2023,소멸,대구광역시,금융 및 보험업,상호출자제한기업,,-,개%
2023,신생률,대구광역시,금융 및 보험업,상호출자제한기업,,-,개%
2023,활동,대구광역시,금융 및 보험업,기타 대기업,,3,개%
2023,신생,대구광역시,금융 및 보험업,기타 대기업,,0,개%
2023,소멸,대구광역시,금융 및 보험업,기타 대기업,,-,개%
2023,신생률,대구광역시,금융 및 보험업,기타 대기업,,0,개%
2023,소멸률,대구광역시,금융 및 보험업,기타 대기업,,-,개%
2023,활동,대구광역시,금융 및 보험업,중견기업,,1,개%
2023,신생,대구광역시,금융 및 보험업,중견기업,,0,개%
2023,소멸,대구광역시,금융 및 보험업,중견기업,,-,개%
2023,신생률,대구광역시,금융 및 보험업,중견기업,,0,개%
2023,소멸률,대구광역시,금융 및 보험업,중견기업,,-,개%
2023,활동,대구광역시,금융 및 보험업,중소기업,,884,개%
2023,신생,대구광역시,금융 및 보험업,중소기업,,101,개%
2023,소멸,대구광역시,금융 및 보험업,중소기업,,125,개%
2023,신생률,대구광역시,금융 및 보험업,중소기업,,11.4,개%
2023,소멸률,대구광역시,금융 및 보험업,중소기업,,14.1,개%
2023,활동,대구광역시,금융 및 보험업,소기업,,874,개%
2023,신생,대구광역시,금융 및 보험업,소기업,,101,개%
2023,소멸,대구광역시,금융 및 보험업,소기업,,124,개%
2023,신생률,대구광역시,금융 및 보험업,소기업,,11.6,개%
2023,소멸률,대구광역시,금융 및 보험업,소기업,,14.2,개%
2023,활동,대구광역시,금융 및 보험업,소상공인,,835,개%
2023,신생,대구광역시,금융 및 보험업,소상공인,,100,개%
2023,소멸,대구광역시,금융 및 보험업,소상공인,,123,개%
2023,신생률,대구광역시,금융 및 보험업,소상공인,,12,개%
2023,소멸률,대구광역시,금융 및 보험업,소상공인,,14.7,개%
2023,활동,대구광역시,부동산업,계,,61889,개%
2023,신생,대구광역시,부동산업,계,,6055,개%
2023,소멸,대구광역시,부동산업,계,,5330,개%
2023,신생률,대구광역시,부동산업,계,,9.8,개%
2023,소멸률,대구광역시,부동산업,계,,8.6,개%
2023,활동,대구광역시,부동산업,대기업,,39,개%
2023,신생,대구광역시,부동산업,대기업,,-,개%
2023,신생률,대구광역시,부동산업,대기업,,-,개%
2023,활동,대구광역시,부동산업,상호출자제한기업,,0,개%
2023,신생,대구광역시,부동산업,상호출자제한기업,,0,개%
2023,소멸,대구광역시,부동산업,상호출자제한기업,,-,개%
2023,신생률,대구광역시,부동산업,상호출자제한기업,,-,개%
2023,활동,대구광역시,부동산업,기타 대기업,,30,개%
2023,신생,대구광역시,부동산업,기타 대기업,,0,개%
2023,소멸,대구광역시,부동산업,기타 대기업,,-,개%
2023,신생률,대구광역시,부동산업,기타 대기업,,0,개%
2023,소멸률,대구광역시,부동산업,기타 대기업,,-,개%
2023,활동,대구광역시,부동산업,중견기업,,9,개%
2023,신생,대구광역시,부동산업,중견기업,,0,개%
2023,소멸,대구광역시,부동산업,중견기업,,-,개%
2023,신생률,대구광역시,부동산업,중견기업,,0,개%
2023,소멸률,대구광역시,부동산업,중견기업,,-,개%
2023,활동,대구광역시,부동산업,중소기업,,61850,개%
2023,신생,대구광역시,부동산업,중소기업,,6055,개%
2023,소멸,대구광역시,부동산업,중소기업,,5330,개%
2023,신생률,대구광역시,부동산업,중소기업,,9.8,개%
2023,소멸률,대구광역시,부동산업,중소기업,,8.6,개%
2023,활동,대구광역시,부동산업,소기업,,61665,개%
2023,신생,대구광역시,부동산업,소기업,,6044,개%
2023,소멸,대구광역시,부동산업,소기업,,5320,개%
2023,신생률,대구광역시,부동산업,소기업,,9.8,개%
2023,소멸률,대구광역시,부동산업,소기업,,8.6,개%
2023,활동,대구광역시,부동산업,소상공인,,61463,개%
2023,신생,대구광역시,부동산업,소상공인,,6039,개%
2023,소멸,대구광역시,부동산업,소상공인,,5319,개%
2023,신생률,대구광역시,부동산업,소상공인,,9.8,개%
2023,소멸률,대구광역시,부동산업,소상공인,,8.7,개%
2023,활동,대구광역시,전문과학기술서비스업,계,,8687,개%
2023,신생,대구광역시,전문과학기술서비스업,계,,1067,개%
2023,소멸,대구광역시,전문과학기술서비스업,계,,783,개%
2023,신생률,대구광역시,전문과학기술서비스업,계,,12.3,개%
2023,소멸률,대구광역시,전문과학기술서비스업,계,,9,개%
2023,활동,대구광역시,전문과학기술서비스업,대기업,,5,개%
2023,신생,대구광역시,전문과학기술서비스업,대기업,,1,개%
2023,소멸,대구광역시,전문과학기술서비스업,대기업,,1,개%
2023,신생률,대구광역시,전문과학기술서비스업,대기업,,20,개%
2023,소멸률,대구광역시,전문과학기술서비스업,대기업,,20,개%
2023,활동,대구광역시,전문과학기술서비스업,상호출자제한기업,,0,개%
2023,신생,대구광역시,전문과학기술서비스업,상호출자제한기업,,0,개%
2023,소멸,대구광역시,전문과학기술서비스업,상호출자제한기업,,-,개%
2023,신생률,대구광역시,전문과학기술서비스업,상호출자제한기업,,-,개%
2023,활동,대구광역시,전문과학기술서비스업,기타 대기업,,1,개%
2023,신생,대구광역시,전문과학기술서비스업,기타 대기업,,0,개%
2023,소멸,대구광역시,전문과학기술서비스업,기타 대기업,,-,개%
2023,신생률,대구광역시,전문과학기술서비스업,기타 대기업,,0,개%
2023,소멸률,대구광역시,전문과학기술서비스업,기타 대기업,,-,개%
2023,활동,대구광역시,전문과학기술서비스업,중견기업,,4,개%
2023,신생,대구광역시,전문과학기술서비스업,중견기업,,1,개%
2023,소멸,대구광역시,전문과학기술서비스업,중견기업,,1,개%
2023,신생률,대구광역시,전문과학기술서비스업,중견기업,,25,개%
2023,소멸률,대구광역시,전문과학기술서비스업,중견기업,,25,개%
2023,활동,대구광역시,전문과학기술서비스업,중소기업,,8682,개%
2023,신생,대구광역시,전문과학기술서비스업,중소기업,,1066,개%
2023,소멸,대구광역시,전문과학기술서비스업,중소기업,,782,개%
2023,신생률,대구광역시,전문과학기술서비스업,중소기업,,12.3,개%
2023,소멸률,대구광역시,전문과학기술서비스업,중소기업,,9,개%
2023,활동,대구광역시,전문과학기술서비스업,소기업,,8530,개%
2023,신생,대구광역시,전문과학기술서비스업,소기업,,1058,개%
2023,소멸,대구광역시,전문과학기술서비스업,소기업,,778,개%
2023,신생률,대구광역시,전문과학기술서비스업,소기업,,12.4,개%
2023,소멸률,대구광역시,전문과학기술서비스업,소기업,,9.1,개%
2023,활동,대구광역시,전문과학기술서비스업,소상공인,,7499,개%
2023,신생,대구광역시,전문과학기술서비스업,소상공인,,1032,개%
2023,소멸,대구광역시,전문과학기술서비스업,소상공인,,771,개%
2023,신생률,대구광역시,전문과학기술서비스업,소상공인,,13.8,개%
2023,소멸률,대구광역시,전문과학기술서비스업,소상공인,,10.3,개%
2023,활동,대구광역시,사업시설관리 사업지원 및 임대 서비스업,계,,5940,개%
2023,신생,대구광역시,사업시설관리 사업지원 및 임대 서비스업,계,,867,개%
2023,소멸,대구광역시,사업시설관리 사업지원 및 임대 서비스업,계,,685,개%
2023,신생률,대구광역시,사업시설관리 사업지원 및 임대 서비스업,계,,14.6,개%
2023,소멸률,대구광역시,사업시설관리 사업지원 및 임대 서비스업,계,,11.5,개%
2023,활동,대구광역시,사업시설관리 사업지원 및 임대 서비스업,대기업,,10,개%
2023,신생,대구광역시,사업시설관리 사업지원 및 임대 서비스업,대기업,,-,개%
2023,신생률,대구광역시,사업시설관리 사업지원 및 임대 서비스업,대기업,,-,개%
2023,활동,대구광역시,사업시설관리 사업지원 및 임대 서비스업,상호출자제한기업,,1,개%
2023,신생,대구광역시,사업시설관리 사업지원 및 임대 서비스업,상호출자제한기업,,0,개%
2023,소멸,대구광역시,사업시설관리 사업지원 및 임대 서비스업,상호출자제한기업,,-,개%
2023,신생률,대구광역시,사업시설관리 사업지원 및 임대 서비스업,상호출자제한기업,,0,개%
2023,소멸률,대구광역시,사업시설관리 사업지원 및 임대 서비스업,상호출자제한기업,,-,개%
2023,활동,대구광역시,사업시설관리 사업지원 및 임대 서비스업,기타 대기업,,3,개%
2023,신생,대구광역시,사업시설관리 사업지원 및 임대 서비스업,기타 대기업,,0,개%
2023,소멸,대구광역시,사업시설관리 사업지원 및 임대 서비스업,기타 대기업,,-,개%
2023,신생률,대구광역시,사업시설관리 사업지원 및 임대 서비스업,기타 대기업,,0,개%
2023,소멸률,대구광역시,사업시설관리 사업지원 및 임대 서비스업,기타 대기업,,-,개%
2023,활동,대구광역시,사업시설관리 사업지원 및 임대 서비스업,중견기업,,6,개%
2023,신생,대구광역시,사업시설관리 사업지원 및 임대 서비스업,중견기업,,0,개%
2023,소멸,대구광역시,사업시설관리 사업지원 및 임대 서비스업,중견기업,,-,개%
2023,신생률,대구광역시,사업시설관리 사업지원 및 임대 서비스업,중견기업,,0,개%
2023,소멸률,대구광역시,사업시설관리 사업지원 및 임대 서비스업,중견기업,,-,개%
2023,활동,대구광역시,사업시설관리 사업지원 및 임대 서비스업,중소기업,,5930,개%
2023,신생,대구광역시,사업시설관리 사업지원 및 임대 서비스업,중소기업,,867,개%
2023,소멸,대구광역시,사업시설관리 사업지원 및 임대 서비스업,중소기업,,685,개%
2023,신생률,대구광역시,사업시설관리 사업지원 및 임대 서비스업,중소기업,,14.6,개%
2023,소멸률,대구광역시,사업시설관리 사업지원 및 임대 서비스업,중소기업,,11.6,개%
2023,활동,대구광역시,사업시설관리 사업지원 및 임대 서비스업,소기업,,5745,개%
2023,신생,대구광역시,사업시설관리 사업지원 및 임대 서비스업,소기업,,853,개%
2023,소멸,대구광역시,사업시설관리 사업지원 및 임대 서비스업,소기업,,666,개%
2023,신생률,대구광역시,사업시설관리 사업지원 및 임대 서비스업,소기업,,14.8,개%
2023,소멸률,대구광역시,사업시설관리 사업지원 및 임대 서비스업,소기업,,11.6,개%
2023,활동,대구광역시,사업시설관리 사업지원 및 임대 서비스업,소상공인,,5267,개%
2023,신생,대구광역시,사업시설관리 사업지원 및 임대 서비스업,소상공인,,823,개%
2023,소멸,대구광역시,사업시설관리 사업지원 및 임대 서비스업,소상공인,,654,개%
2023,신생률,대구광역시,사업시설관리 사업지원 및 임대 서비스업,소상공인,,15.6,개%
2023,소멸률,대구광역시,사업시설관리 사업지원 및 임대 서비스업,소상공인,,12.4,개%
2023,활동,대구광역시,교육서비스업,계,,10849,개%
2023,신생,대구광역시,교육서비스업,계,,1726,개%
2023,소멸,대구광역시,교육서비스업,계,,1367,개%
2023,신생률,대구광역시,교육서비스업,계,,15.9,개%
2023,소멸률,대구광역시,교육서비스업,계,,12.6,개%
2023,활동,대구광역시,교육서비스업,대기업,,-,개%
2023,신생,대구광역시,교육서비스업,대기업,,-,개%
2023,신생률,대구광역시,교육서비스업,대기업,,-,개%
2023,활동,대구광역시,교육서비스업,상호출자제한기업,,0,개%
2023,신생,대구광역시,교육서비스업,상호출자제한기업,,0,개%
2023,소멸,대구광역시,교육서비스업,상호출자제한기업,,-,개%
2023,신생률,대구광역시,교육서비스업,상호출자제한기업,,-,개%
2023,활동,대구광역시,교육서비스업,기타 대기업,,0,개%
2023,신생,대구광역시,교육서비스업,기타 대기업,,0,개%
2023,소멸,대구광역시,교육서비스업,기타 대기업,,-,개%
2023,신생률,대구광역시,교육서비스업,기타 대기업,,-,개%
2023,활동,대구광역시,교육서비스업,중견기업,,0,개%
2023,신생,대구광역시,교육서비스업,중견기업,,0,개%
2023,소멸,대구광역시,교육서비스업,중견기업,,-,개%
2023,신생률,대구광역시,교육서비스업,중견기업,,-,개%
2023,활동,대구광역시,교육서비스업,중소기업,,10849,개%
2023,신생,대구광역시,교육서비스업,중소기업,,1726,개%
2023,소멸,대구광역시,교육서비스업,중소기업,,1367,개%
2023,신생률,대구광역시,교육서비스업,중소기업,,15.9,개%
2023,소멸률,대구광역시,교육서비스업,중소기업,,12.6,개%
2023,활동,대구광역시,교육서비스업,소기업,,10729,개%
2023,신생,대구광역시,교육서비스업,소기업,,1722,개%
2023,소멸,대구광역시,교육서비스업,소기업,,1365,개%
2023,신생률,대구광역시,교육서비스업,소기업,,16,개%
2023,소멸률,대구광역시,교육서비스업,소기업,,12.7,개%
2023,활동,대구광역시,교육서비스업,소상공인,,10364,개%
2023,신생,대구광역시,교육서비스업,소상공인,,1705,개%
2023,소멸,대구광역시,교육서비스업,소상공인,,1359,개%
2023,신생률,대구광역시,교육서비스업,소상공인,,16.5,개%
2023,소멸률,대구광역시,교육서비스업,소상공인,,13.1,개%
2023,활동,대구광역시,보건업 및 사회복지 서비스업,계,,4529,개%
2023,신생,대구광역시,보건업 및 사회복지 서비스업,계,,227,개%
2023,소멸,대구광역시,보건업 및 사회복지 서비스업,계,,124,개%
2023,신생률,대구광역시,보건업 및 사회복지 서비스업,계,,5,개%
2023,소멸률,대구광역시,보건업 및 사회복지 서비스업,계,,2.7,개%
2023,활동,대구광역시,보건업 및 사회복지 서비스업,대기업,,1,개%
2023,신생,대구광역시,보건업 및 사회복지 서비스업,대기업,,-,개%
2023,신생률,대구광역시,보건업 및 사회복지 서비스업,대기업,,-,개%
2023,활동,대구광역시,보건업 및 사회복지 서비스업,상호출자제한기업,,0,개%
2023,신생,대구광역시,보건업 및 사회복지 서비스업,상호출자제한기업,,0,개%
2023,소멸,대구광역시,보건업 및 사회복지 서비스업,상호출자제한기업,,-,개%
2023,신생률,대구광역시,보건업 및 사회복지 서비스업,상호출자제한기업,,-,개%
2023,활동,대구광역시,보건업 및 사회복지 서비스업,기타 대기업,,1,개%
2023,신생,대구광역시,보건업 및 사회복지 서비스업,기타 대기업,,0,개%
2023,소멸,대구광역시,보건업 및 사회복지 서비스업,기타 대기업,,-,개%
2023,신생률,대구광역시,보건업 및 사회복지 서비스업,기타 대기업,,0,개%
2023,소멸률,대구광역시,보건업 및 사회복지 서비스업,기타 대기업,,-,개%
2023,활동,대구광역시,보건업 및 사회복지 서비스업,중견기업,,0,개%
2023,신생,대구광역시,보건업 및 사회복지 서비스업,중견기업,,0,개%
2023,소멸,대구광역시,보건업 및 사회복지 서비스업,중견기업,,-,개%
2023,신생률,대구광역시,보건업 및 사회복지 서비스업,중견기업,,-,개%
2023,활동,대구광역시,보건업 및 사회복지 서비스업,중소기업,,4528,개%
2023,신생,대구광역시,보건업 및 사회복지 서비스업,중소기업,,227,개%
2023,소멸,대구광역시,보건업 및 사회복지 서비스업,중소기업,,124,개%
2023,신생률,대구광역시,보건업 및 사회복지 서비스업,중소기업,,5,개%
2023,소멸률,대구광역시,보건업 및 사회복지 서비스업,중소기업,,2.7,개%
2023,활동,대구광역시,보건업 및 사회복지 서비스업,소기업,,3431,개%
2023,신생,대구광역시,보건업 및 사회복지 서비스업,소기업,,179,개%
2023,소멸,대구광역시,보건업 및 사회복지 서비스업,소기업,,110,개%
2023,신생률,대구광역시,보건업 및 사회복지 서비스업,소기업,,5.2,개%
2023,소멸률,대구광역시,보건업 및 사회복지 서비스업,소기업,,3.2,개%
2023,활동,대구광역시,보건업 및 사회복지 서비스업,소상공인,,2613,개%
2023,신생,대구광역시,보건업 및 사회복지 서비스업,소상공인,,117,개%
2023,소멸,대구광역시,보건업 및 사회복지 서비스업,소상공인,,103,개%
2023,신생률,대구광역시,보건업 및 사회복지 서비스업,소상공인,,4.5,개%
2023,소멸률,대구광역시,보건업 및 사회복지 서비스업,소상공인,,3.9,개%
2023,활동,대구광역시,예술 스포츠 및 여가관련 서비스업,계,,5711,개%
2023,신생,대구광역시,예술 스포츠 및 여가관련 서비스업,계,,823,개%
2023,소멸,대구광역시,예술 스포츠 및 여가관련 서비스업,계,,749,개%
2023,신생률,대구광역시,예술 스포츠 및 여가관련 서비스업,계,,14.4,개%
2023,소멸률,대구광역시,예술 스포츠 및 여가관련 서비스업,계,,13.1,개%
2023,활동,대구광역시,예술 스포츠 및 여가관련 서비스업,대기업,,3,개%
2023,신생,대구광역시,예술 스포츠 및 여가관련 서비스업,대기업,,-,개%
2023,신생률,대구광역시,예술 스포츠 및 여가관련 서비스업,대기업,,-,개%
2023,활동,대구광역시,예술 스포츠 및 여가관련 서비스업,상호출자제한기업,,2,개%
2023,신생,대구광역시,예술 스포츠 및 여가관련 서비스업,상호출자제한기업,,0,개%
2023,소멸,대구광역시,예술 스포츠 및 여가관련 서비스업,상호출자제한기업,,-,개%
2023,신생률,대구광역시,예술 스포츠 및 여가관련 서비스업,상호출자제한기업,,0,개%
2023,소멸률,대구광역시,예술 스포츠 및 여가관련 서비스업,상호출자제한기업,,-,개%
2023,활동,대구광역시,예술 스포츠 및 여가관련 서비스업,기타 대기업,,0,개%
2023,신생,대구광역시,예술 스포츠 및 여가관련 서비스업,기타 대기업,,0,개%
2023,소멸,대구광역시,예술 스포츠 및 여가관련 서비스업,기타 대기업,,-,개%
2023,신생률,대구광역시,예술 스포츠 및 여가관련 서비스업,기타 대기업,,-,개%
2023,활동,대구광역시,예술 스포츠 및 여가관련 서비스업,중견기업,,1,개%
2023,신생,대구광역시,예술 스포츠 및 여가관련 서비스업,중견기업,,0,개%
2023,소멸,대구광역시,예술 스포츠 및 여가관련 서비스업,중견기업,,-,개%
2023,신생률,대구광역시,예술 스포츠 및 여가관련 서비스업,중견기업,,0,개%
2023,소멸률,대구광역시,예술 스포츠 및 여가관련 서비스업,중견기업,,-,개%
2023,활동,대구광역시,예술 스포츠 및 여가관련 서비스업,중소기업,,5708,개%
2023,신생,대구광역시,예술 스포츠 및 여가관련 서비스업,중소기업,,823,개%
2023,소멸,대구광역시,예술 스포츠 및 여가관련 서비스업,중소기업,,749,개%
2023,신생률,대구광역시,예술 스포츠 및 여가관련 서비스업,중소기업,,14.4,개%
2023,소멸률,대구광역시,예술 스포츠 및 여가관련 서비스업,중소기업,,13.1,개%
2023,활동,대구광역시,예술 스포츠 및 여가관련 서비스업,소기업,,5691,개%
2023,신생,대구광역시,예술 스포츠 및 여가관련 서비스업,소기업,,823,개%
2023,소멸,대구광역시,예술 스포츠 및 여가관련 서비스업,소기업,,749,개%
2023,신생률,대구광역시,예술 스포츠 및 여가관련 서비스업,소기업,,14.5,개%
2023,소멸률,대구광역시,예술 스포츠 및 여가관련 서비스업,소기업,,13.2,개%
2023,활동,대구광역시,예술 스포츠 및 여가관련 서비스업,소상공인,,5532,개%
2023,신생,대구광역시,예술 스포츠 및 여가관련 서비스업,소상공인,,811,개%
2023,소멸,대구광역시,예술 스포츠 및 여가관련 서비스업,소상공인,,749,개%
2023,신생률,대구광역시,예술 스포츠 및 여가관련 서비스업,소상공인,,14.7,개%
2023,소멸률,대구광역시,예술 스포츠 및 여가관련 서비스업,소상공인,,13.5,개%
2023,활동,대구광역시,협회 및 단체 수리 및 기타 개인서비스업,계,,17208,개%
2023,신생,대구광역시,협회 및 단체 수리 및 기타 개인서비스업,계,,2336,개%
2023,소멸,대구광역시,협회 및 단체 수리 및 기타 개인서비스업,계,,1704,개%
2023,신생률,대구광역시,협회 및 단체 수리 및 기타 개인서비스업,계,,13.6,개%
2023,소멸률,대구광역시,협회 및 단체 수리 및 기타 개인서비스업,계,,9.9,개%
2023,활동,대구광역시,협회 및 단체 수리 및 기타 개인서비스업,대기업,,1,개%
2023,신생,대구광역시,협회 및 단체 수리 및 기타 개인서비스업,대기업,,-,개%
2023,신생률,대구광역시,협회 및 단체 수리 및 기타 개인서비스업,대기업,,-,개%
2023,활동,대구광역시,협회 및 단체 수리 및 기타 개인서비스업,상호출자제한기업,,0,개%
2023,신생,대구광역시,협회 및 단체 수리 및 기타 개인서비스업,상호출자제한기업,,0,개%
2023,소멸,대구광역시,협회 및 단체 수리 및 기타 개인서비스업,상호출자제한기업,,-,개%
2023,신생률,대구광역시,협회 및 단체 수리 및 기타 개인서비스업,상호출자제한기업,,-,개%
2023,활동,대구광역시,협회 및 단체 수리 및 기타 개인서비스업,기타 대기업,,0,개%
2023,신생,대구광역시,협회 및 단체 수리 및 기타 개인서비스업,기타 대기업,,0,개%
2023,소멸,대구광역시,협회 및 단체 수리 및 기타 개인서비스업,기타 대기업,,-,개%
2023,신생률,대구광역시,협회 및 단체 수리 및 기타 개인서비스업,기타 대기업,,-,개%
2023,활동,대구광역시,협회 및 단체 수리 및 기타 개인서비스업,중견기업,,1,개%
2023,신생,대구광역시,협회 및 단체 수리 및 기타 개인서비스업,중견기업,,0,개%
2023,소멸,대구광역시,협회 및 단체 수리 및 기타 개인서비스업,중견기업,,-,개%
2023,신생률,대구광역시,협회 및 단체 수리 및 기타 개인서비스업,중견기업,,0,개%
2023,소멸률,대구광역시,협회 및 단체 수리 및 기타 개인서비스업,중견기업,,-,개%
2023,활동,대구광역시,협회 및 단체 수리 및 기타 개인서비스업,중소기업,,17207,개%
2023,신생,대구광역시,협회 및 단체 수리 및 기타 개인서비스업,중소기업,,2336,개%
2023,소멸,대구광역시,협회 및 단체 수리 및 기타 개인서비스업,중소기업,,1704,개%
2023,신생률,대구광역시,협회 및 단체 수리 및 기타 개인서비스업,중소기업,,13.6,개%
2023,소멸률,대구광역시,협회 및 단체 수리 및 기타 개인서비스업,중소기업,,9.9,개%
2023,활동,대구광역시,협회 및 단체 수리 및 기타 개인서비스업,소기업,,16979,개%
2023,신생,대구광역시,협회 및 단체 수리 및 기타 개인서비스업,소기업,,2330,개%
2023,소멸,대구광역시,협회 및 단체 수리 및 기타 개인서비스업,소기업,,1702,개%
2023,신생률,대구광역시,협회 및 단체 수리 및 기타 개인서비스업,소기업,,13.7,개%
2023,소멸률,대구광역시,협회 및 단체 수리 및 기타 개인서비스업,소기업,,10,개%
2023,활동,대구광역시,협회 및 단체 수리 및 기타 개인서비스업,소상공인,,16701,개%
2023,신생,대구광역시,협회 및 단체 수리 및 기타 개인서비스업,소상공인,,2314,개%
2023,소멸,대구광역시,협회 및 단체 수리 및 기타 개인서비스업,소상공인,,1693,개%
2023,신생률,대구광역시,협회 및 단체 수리 및 기타 개인서비스업,소상공인,,13.9,개%
2023,소멸률,대구광역시,협회 및 단체 수리 및 기타 개인서비스업,소상공인,,10.1,개%
2024,활동,대구광역시,전체,계,,323446,개%
2024,신생,대구광역시,전체,계,,34899,개%
2024,신생률,대구광역시,전체,계,,10.8,개%
2024,활동,대구광역시,전체,대기업,,211,개%
2024,신생,대구광역시,전체,대기업,,2,개%
2024,신생률,대구광역시,전체,대기업,,0.9,개%
2024,활동,대구광역시,전체,상호출자제한기업,,15,개%
2024,신생,대구광역시,전체,상호출자제한기업,,-,개%
2024,신생률,대구광역시,전체,상호출자제한기업,,-,개%
2024,활동,대구광역시,전체,기타 대기업,,59,개%
2024,신생,대구광역시,전체,기타 대기업,,-,개%
2024,신생률,대구광역시,전체,기타 대기업,,-,개%
2024,활동,대구광역시,전체,중견기업,,137,개%
2024,신생,대구광역시,전체,중견기업,,2,개%
2024,신생률,대구광역시,전체,중견기업,,1.5,개%
2024,활동,대구광역시,전체,중소기업,,323235,개%
2024,신생,대구광역시,전체,중소기업,,34897,개%
2024,신생률,대구광역시,전체,중소기업,,10.8,개%
2024,활동,대구광역시,전체,소기업,,317715,개%
2024,신생,대구광역시,전체,소기업,,34664,개%
2024,신생률,대구광역시,전체,소기업,,10.9,개%
2024,활동,대구광역시,전체,소상공인,,306827,개%
2024,신생,대구광역시,전체,소상공인,,34178,개%
2024,신생률,대구광역시,전체,소상공인,,11.1,개%
2024,활동,대구광역시,농업 임업 및 어업,계,,413,개%
2024,신생,대구광역시,농업 임업 및 어업,계,,90,개%
2024,신생률,대구광역시,농업 임업 및 어업,계,,21.8,개%
2024,활동,대구광역시,농업 임업 및 어업,상호출자제한기업,,-,개%
2024,신생,대구광역시,농업 임업 및 어업,상호출자제한기업,,-,개%
2024,활동,대구광역시,농업 임업 및 어업,기타 대기업,,-,개%
2024,신생,대구광역시,농업 임업 및 어업,기타 대기업,,-,개%
2024,활동,대구광역시,농업 임업 및 어업,중견기업,,-,개%
2024,신생,대구광역시,농업 임업 및 어업,중견기업,,-,개%
2024,활동,대구광역시,농업 임업 및 어업,중소기업,,413,개%
2024,신생,대구광역시,농업 임업 및 어업,중소기업,,90,개%
2024,신생률,대구광역시,농업 임업 및 어업,중소기업,,21.8,개%
2024,활동,대구광역시,농업 임업 및 어업,소기업,,409,개%
2024,신생,대구광역시,농업 임업 및 어업,소기업,,90,개%
2024,신생률,대구광역시,농업 임업 및 어업,소기업,,22,개%
2024,활동,대구광역시,농업 임업 및 어업,소상공인,,394,개%
2024,신생,대구광역시,농업 임업 및 어업,소상공인,,89,개%
2024,신생률,대구광역시,농업 임업 및 어업,소상공인,,22.6,개%
2024,활동,대구광역시,광업,계,,7,개%
2024,활동,대구광역시,광업,상호출자제한기업,,-,개%
2024,신생,대구광역시,광업,상호출자제한기업,,-,개%
2024,활동,대구광역시,광업,기타 대기업,,-,개%
2024,신생,대구광역시,광업,기타 대기업,,-,개%
2024,활동,대구광역시,광업,중견기업,,-,개%
2024,신생,대구광역시,광업,중견기업,,-,개%
2024,활동,대구광역시,광업,중소기업,,7,개%
2024,활동,대구광역시,광업,소기업,,6,개%
2024,활동,대구광역시,광업,소상공인,,6,개%
2024,활동,대구광역시,제조업,계,,31177,개%
2024,신생,대구광역시,제조업,계,,1513,개%
2024,신생률,대구광역시,제조업,계,,4.9,개%
2024,활동,대구광역시,제조업,대기업,,83,개%
2024,신생,대구광역시,제조업,대기업,,2,개%
2024,신생률,대구광역시,제조업,대기업,,2.4,개%
2024,활동,대구광역시,제조업,상호출자제한기업,,5,개%
2024,신생,대구광역시,제조업,상호출자제한기업,,-,개%
2024,신생률,대구광역시,제조업,상호출자제한기업,,-,개%
2024,활동,대구광역시,제조업,기타 대기업,,11,개%
2024,신생,대구광역시,제조업,기타 대기업,,-,개%
2024,신생률,대구광역시,제조업,기타 대기업,,-,개%
2024,활동,대구광역시,제조업,중견기업,,67,개%
2024,신생,대구광역시,제조업,중견기업,,2,개%
2024,신생률,대구광역시,제조업,중견기업,,3,개%
2024,활동,대구광역시,제조업,중소기업,,31094,개%
2024,신생,대구광역시,제조업,중소기업,,1511,개%
2024,신생률,대구광역시,제조업,중소기업,,4.9,개%
2024,활동,대구광역시,제조업,소기업,,30464,개%
2024,신생,대구광역시,제조업,소기업,,1504,개%
2024,신생률,대구광역시,제조업,소기업,,4.9,개%
2024,활동,대구광역시,제조업,소상공인,,28242,개%
2024,신생,대구광역시,제조업,소상공인,,1479,개%
2024,신생률,대구광역시,제조업,소상공인,,5.2,개%
2024,활동,대구광역시,전기 가스 증기 및 공기조절 공급업,계,,2105,개%
2024,신생,대구광역시,전기 가스 증기 및 공기조절 공급업,계,,306,개%
2024,신생률,대구광역시,전기 가스 증기 및 공기조절 공급업,계,,14.5,개%
2024,활동,대구광역시,전기 가스 증기 및 공기조절 공급업,대기업,,5,개%
2024,활동,대구광역시,전기 가스 증기 및 공기조절 공급업,상호출자제한기업,,1,개%
2024,신생,대구광역시,전기 가스 증기 및 공기조절 공급업,상호출자제한기업,,-,개%
2024,신생률,대구광역시,전기 가스 증기 및 공기조절 공급업,상호출자제한기업,,-,개%
2024,활동,대구광역시,전기 가스 증기 및 공기조절 공급업,기타 대기업,,1,개%
2024,신생,대구광역시,전기 가스 증기 및 공기조절 공급업,기타 대기업,,-,개%
2024,신생률,대구광역시,전기 가스 증기 및 공기조절 공급업,기타 대기업,,-,개%
2024,활동,대구광역시,전기 가스 증기 및 공기조절 공급업,중견기업,,3,개%
2024,신생,대구광역시,전기 가스 증기 및 공기조절 공급업,중견기업,,-,개%
2024,신생률,대구광역시,전기 가스 증기 및 공기조절 공급업,중견기업,,-,개%
2024,활동,대구광역시,전기 가스 증기 및 공기조절 공급업,중소기업,,2100,개%
2024,신생,대구광역시,전기 가스 증기 및 공기조절 공급업,중소기업,,306,개%
2024,신생률,대구광역시,전기 가스 증기 및 공기조절 공급업,중소기업,,14.6,개%
2024,활동,대구광역시,전기 가스 증기 및 공기조절 공급업,소기업,,2100,개%
2024,신생,대구광역시,전기 가스 증기 및 공기조절 공급업,소기업,,306,개%
2024,신생률,대구광역시,전기 가스 증기 및 공기조절 공급업,소기업,,14.6,개%
2024,활동,대구광역시,전기 가스 증기 및 공기조절 공급업,소상공인,,2090,개%
2024,신생,대구광역시,전기 가스 증기 및 공기조절 공급업,소상공인,,306,개%
2024,신생률,대구광역시,전기 가스 증기 및 공기조절 공급업,소상공인,,14.6,개%
2024,활동,대구광역시,수도 하수 및 폐기물처리 원료재생업,계,,439,개%
2024,신생,대구광역시,수도 하수 및 폐기물처리 원료재생업,계,,29,개%
2024,신생률,대구광역시,수도 하수 및 폐기물처리 원료재생업,계,,6.6,개%
2024,활동,대구광역시,수도 하수 및 폐기물처리 원료재생업,대기업,,3,개%
2024,활동,대구광역시,수도 하수 및 폐기물처리 원료재생업,상호출자제한기업,,-,개%
2024,신생,대구광역시,수도 하수 및 폐기물처리 원료재생업,상호출자제한기업,,-,개%
2024,활동,대구광역시,수도 하수 및 폐기물처리 원료재생업,기타 대기업,,-,개%
2024,신생,대구광역시,수도 하수 및 폐기물처리 원료재생업,기타 대기업,,-,개%
2024,활동,대구광역시,수도 하수 및 폐기물처리 원료재생업,중견기업,,3,개%
2024,신생,대구광역시,수도 하수 및 폐기물처리 원료재생업,중견기업,,-,개%
2024,신생률,대구광역시,수도 하수 및 폐기물처리 원료재생업,중견기업,,-,개%
2024,활동,대구광역시,수도 하수 및 폐기물처리 원료재생업,중소기업,,436,개%
2024,신생,대구광역시,수도 하수 및 폐기물처리 원료재생업,중소기업,,29,개%
2024,신생률,대구광역시,수도 하수 및 폐기물처리 원료재생업,중소기업,,6.7,개%
2024,활동,대구광역시,수도 하수 및 폐기물처리 원료재생업,소기업,,376,개%
2024,신생,대구광역시,수도 하수 및 폐기물처리 원료재생업,소기업,,29,개%
2024,신생률,대구광역시,수도 하수 및 폐기물처리 원료재생업,소기업,,7.7,개%
2024,활동,대구광역시,수도 하수 및 폐기물처리 원료재생업,소상공인,,314,개%
2024,신생,대구광역시,수도 하수 및 폐기물처리 원료재생업,소상공인,,29,개%
2024,신생률,대구광역시,수도 하수 및 폐기물처리 원료재생업,소상공인,,9.2,개%
2024,활동,대구광역시,건설업,계,,21419,개%
2024,신생,대구광역시,건설업,계,,1940,개%
2024,신생률,대구광역시,건설업,계,,9.1,개%
2024,활동,대구광역시,건설업,대기업,,22,개%
2024,활동,대구광역시,건설업,상호출자제한기업,,1,개%
2024,신생,대구광역시,건설업,상호출자제한기업,,-,개%
2024,신생률,대구광역시,건설업,상호출자제한기업,,-,개%
2024,활동,대구광역시,건설업,기타 대기업,,8,개%
2024,신생,대구광역시,건설업,기타 대기업,,-,개%
2024,신생률,대구광역시,건설업,기타 대기업,,-,개%
2024,활동,대구광역시,건설업,중견기업,,13,개%
2024,신생,대구광역시,건설업,중견기업,,-,개%
2024,신생률,대구광역시,건설업,중견기업,,-,개%
2024,활동,대구광역시,건설업,중소기업,,21397,개%
2024,신생,대구광역시,건설업,중소기업,,1940,개%
2024,신생률,대구광역시,건설업,중소기업,,9.1,개%
2024,활동,대구광역시,건설업,소기업,,21194,개%
2024,신생,대구광역시,건설업,소기업,,1940,개%
2024,신생률,대구광역시,건설업,소기업,,9.2,개%
2024,활동,대구광역시,건설업,소상공인,,20699,개%
2024,신생,대구광역시,건설업,소상공인,,1935,개%
2024,신생률,대구광역시,건설업,소상공인,,9.3,개%
2024,활동,대구광역시,도매 및 소매업,계,,75085,개%
2024,신생,대구광역시,도매 및 소매업,계,,8813,개%
2024,신생률,대구광역시,도매 및 소매업,계,,11.7,개%
2024,활동,대구광역시,도매 및 소매업,대기업,,24,개%
2024,활동,대구광역시,도매 및 소매업,상호출자제한기업,,2,개%
2024,신생,대구광역시,도매 및 소매업,상호출자제한기업,,-,개%
2024,신생률,대구광역시,도매 및 소매업,상호출자제한기업,,-,개%
2024,활동,대구광역시,도매 및 소매업,기타 대기업,,3,개%
2024,신생,대구광역시,도매 및 소매업,기타 대기업,,-,개%
2024,신생률,대구광역시,도매 및 소매업,기타 대기업,,-,개%
2024,활동,대구광역시,도매 및 소매업,중견기업,,19,개%
2024,신생,대구광역시,도매 및 소매업,중견기업,,-,개%
2024,신생률,대구광역시,도매 및 소매업,중견기업,,-,개%
2024,활동,대구광역시,도매 및 소매업,중소기업,,75061,개%
2024,신생,대구광역시,도매 및 소매업,중소기업,,8813,개%
2024,신생률,대구광역시,도매 및 소매업,중소기업,,11.7,개%
2024,활동,대구광역시,도매 및 소매업,소기업,,73476,개%
2024,신생,대구광역시,도매 및 소매업,소기업,,8765,개%
2024,신생률,대구광역시,도매 및 소매업,소기업,,11.9,개%
2024,활동,대구광역시,도매 및 소매업,소상공인,,70958,개%
2024,신생,대구광역시,도매 및 소매업,소상공인,,8673,개%
2024,신생률,대구광역시,도매 및 소매업,소상공인,,12.2,개%
2024,활동,대구광역시,운수 및 창고업,계,,32526,개%
2024,신생,대구광역시,운수 및 창고업,계,,2465,개%
2024,신생률,대구광역시,운수 및 창고업,계,,7.6,개%
2024,활동,대구광역시,운수 및 창고업,대기업,,3,개%
2024,활동,대구광역시,운수 및 창고업,상호출자제한기업,,-,개%
2024,신생,대구광역시,운수 및 창고업,상호출자제한기업,,-,개%
2024,활동,대구광역시,운수 및 창고업,기타 대기업,,-,개%
2024,신생,대구광역시,운수 및 창고업,기타 대기업,,-,개%
2024,활동,대구광역시,운수 및 창고업,중견기업,,3,개%
2024,신생,대구광역시,운수 및 창고업,중견기업,,-,개%
2024,신생률,대구광역시,운수 및 창고업,중견기업,,-,개%
2024,활동,대구광역시,운수 및 창고업,중소기업,,32523,개%
2024,신생,대구광역시,운수 및 창고업,중소기업,,2465,개%
2024,신생률,대구광역시,운수 및 창고업,중소기업,,7.6,개%
2024,활동,대구광역시,운수 및 창고업,소기업,,32459,개%
2024,신생,대구광역시,운수 및 창고업,소기업,,2463,개%
2024,신생률,대구광역시,운수 및 창고업,소기업,,7.6,개%
2024,활동,대구광역시,운수 및 창고업,소상공인,,32305,개%
2024,신생,대구광역시,운수 및 창고업,소상공인,,2462,개%
2024,신생률,대구광역시,운수 및 창고업,소상공인,,7.6,개%
2024,활동,대구광역시,숙박 및 음식점업,계,,39602,개%
2024,신생,대구광역시,숙박 및 음식점업,계,,6084,개%
2024,신생률,대구광역시,숙박 및 음식점업,계,,15.4,개%
2024,활동,대구광역시,숙박 및 음식점업,대기업,,2,개%
2024,활동,대구광역시,숙박 및 음식점업,상호출자제한기업,,-,개%
2024,신생,대구광역시,숙박 및 음식점업,상호출자제한기업,,-,개%
2024,활동,대구광역시,숙박 및 음식점업,기타 대기업,,-,개%
2024,신생,대구광역시,숙박 및 음식점업,기타 대기업,,-,개%
2024,활동,대구광역시,숙박 및 음식점업,중견기업,,2,개%
2024,신생,대구광역시,숙박 및 음식점업,중견기업,,-,개%
2024,신생률,대구광역시,숙박 및 음식점업,중견기업,,-,개%
2024,활동,대구광역시,숙박 및 음식점업,중소기업,,39600,개%
2024,신생,대구광역시,숙박 및 음식점업,중소기업,,6084,개%
2024,신생률,대구광역시,숙박 및 음식점업,중소기업,,15.4,개%
2024,활동,대구광역시,숙박 및 음식점업,소기업,,38800,개%
2024,신생,대구광역시,숙박 및 음식점업,소기업,,6005,개%
2024,신생률,대구광역시,숙박 및 음식점업,소기업,,15.5,개%
2024,활동,대구광역시,숙박 및 음식점업,소상공인,,37137,개%
2024,신생,대구광역시,숙박 및 음식점업,소상공인,,5820,개%
2024,신생률,대구광역시,숙박 및 음식점업,소상공인,,15.7,개%
2024,활동,대구광역시,정보통신업,계,,3047,개%
2024,신생,대구광역시,정보통신업,계,,530,개%
2024,신생률,대구광역시,정보통신업,계,,17.4,개%
2024,활동,대구광역시,정보통신업,대기업,,5,개%
2024,활동,대구광역시,정보통신업,상호출자제한기업,,-,개%
2024,신생,대구광역시,정보통신업,상호출자제한기업,,-,개%
2024,활동,대구광역시,정보통신업,기타 대기업,,-,개%
2024,신생,대구광역시,정보통신업,기타 대기업,,-,개%
2024,활동,대구광역시,정보통신업,중견기업,,5,개%
2024,신생,대구광역시,정보통신업,중견기업,,-,개%
2024,신생률,대구광역시,정보통신업,중견기업,,-,개%
2024,활동,대구광역시,정보통신업,중소기업,,3042,개%
2024,신생,대구광역시,정보통신업,중소기업,,530,개%
2024,신생률,대구광역시,정보통신업,중소기업,,17.4,개%
2024,활동,대구광역시,정보통신업,소기업,,2983,개%
2024,신생,대구광역시,정보통신업,소기업,,527,개%
2024,신생률,대구광역시,정보통신업,소기업,,17.7,개%
2024,활동,대구광역시,정보통신업,소상공인,,2574,개%
2024,신생,대구광역시,정보통신업,소상공인,,514,개%
2024,신생률,대구광역시,정보통신업,소상공인,,20,개%
2024,활동,대구광역시,금융 및 보험업,계,,885,개%
2024,신생,대구광역시,금융 및 보험업,계,,119,개%
2024,신생률,대구광역시,금융 및 보험업,계,,13.4,개%
2024,활동,대구광역시,금융 및 보험업,대기업,,4,개%
2024,활동,대구광역시,금융 및 보험업,상호출자제한기업,,-,개%
2024,신생,대구광역시,금융 및 보험업,상호출자제한기업,,-,개%
2024,활동,대구광역시,금융 및 보험업,기타 대기업,,3,개%
2024,신생,대구광역시,금융 및 보험업,기타 대기업,,-,개%
2024,신생률,대구광역시,금융 및 보험업,기타 대기업,,-,개%
2024,활동,대구광역시,금융 및 보험업,중견기업,,1,개%
2024,신생,대구광역시,금융 및 보험업,중견기업,,-,개%
2024,신생률,대구광역시,금융 및 보험업,중견기업,,-,개%
2024,활동,대구광역시,금융 및 보험업,중소기업,,881,개%
2024,신생,대구광역시,금융 및 보험업,중소기업,,119,개%
2024,신생률,대구광역시,금융 및 보험업,중소기업,,13.5,개%
2024,활동,대구광역시,금융 및 보험업,소기업,,871,개%
2024,신생,대구광역시,금융 및 보험업,소기업,,118,개%
2024,신생률,대구광역시,금융 및 보험업,소기업,,13.5,개%
2024,활동,대구광역시,금융 및 보험업,소상공인,,836,개%
2024,신생,대구광역시,금융 및 보험업,소상공인,,116,개%
2024,신생률,대구광역시,금융 및 보험업,소상공인,,13.9,개%
2024,활동,대구광역시,부동산업,계,,62110,개%
2024,신생,대구광역시,부동산업,계,,5699,개%
2024,신생률,대구광역시,부동산업,계,,9.2,개%
2024,활동,대구광역시,부동산업,대기업,,39,개%
2024,활동,대구광역시,부동산업,상호출자제한기업,,3,개%
2024,신생,대구광역시,부동산업,상호출자제한기업,,-,개%
2024,신생률,대구광역시,부동산업,상호출자제한기업,,-,개%
2024,활동,대구광역시,부동산업,기타 대기업,,30,개%
2024,신생,대구광역시,부동산업,기타 대기업,,-,개%
2024,신생률,대구광역시,부동산업,기타 대기업,,-,개%
2024,활동,대구광역시,부동산업,중견기업,,6,개%
2024,신생,대구광역시,부동산업,중견기업,,-,개%
2024,신생률,대구광역시,부동산업,중견기업,,-,개%
2024,활동,대구광역시,부동산업,중소기업,,62071,개%
2024,신생,대구광역시,부동산업,중소기업,,5699,개%
2024,신생률,대구광역시,부동산업,중소기업,,9.2,개%
2024,활동,대구광역시,부동산업,소기업,,61912,개%
2024,신생,대구광역시,부동산업,소기업,,5688,개%
2024,신생률,대구광역시,부동산업,소기업,,9.2,개%
2024,활동,대구광역시,부동산업,소상공인,,61724,개%
2024,신생,대구광역시,부동산업,소상공인,,5681,개%
2024,신생률,대구광역시,부동산업,소상공인,,9.2,개%
2024,활동,대구광역시,전문과학기술서비스업,계,,8945,개%
2024,신생,대구광역시,전문과학기술서비스업,계,,1089,개%
2024,신생률,대구광역시,전문과학기술서비스업,계,,12.2,개%
2024,활동,대구광역시,전문과학기술서비스업,대기업,,6,개%
2024,활동,대구광역시,전문과학기술서비스업,상호출자제한기업,,-,개%
2024,신생,대구광역시,전문과학기술서비스업,상호출자제한기업,,-,개%
2024,활동,대구광역시,전문과학기술서비스업,기타 대기업,,1,개%
2024,신생,대구광역시,전문과학기술서비스업,기타 대기업,,-,개%
2024,신생률,대구광역시,전문과학기술서비스업,기타 대기업,,-,개%
2024,활동,대구광역시,전문과학기술서비스업,중견기업,,5,개%
2024,신생,대구광역시,전문과학기술서비스업,중견기업,,-,개%
2024,신생률,대구광역시,전문과학기술서비스업,중견기업,,-,개%
2024,활동,대구광역시,전문과학기술서비스업,중소기업,,8939,개%
2024,신생,대구광역시,전문과학기술서비스업,중소기업,,1089,개%
2024,신생률,대구광역시,전문과학기술서비스업,중소기업,,12.2,개%
2024,활동,대구광역시,전문과학기술서비스업,소기업,,8777,개%
2024,신생,대구광역시,전문과학기술서비스업,소기업,,1082,개%
2024,신생률,대구광역시,전문과학기술서비스업,소기업,,12.3,개%
2024,활동,대구광역시,전문과학기술서비스업,소상공인,,7772,개%
2024,신생,대구광역시,전문과학기술서비스업,소상공인,,1061,개%
2024,신생률,대구광역시,전문과학기술서비스업,소상공인,,13.7,개%
2024,활동,대구광역시,사업시설관리 사업지원 및 임대 서비스업,계,,6141,개%
2024,신생,대구광역시,사업시설관리 사업지원 및 임대 서비스업,계,,902,개%
2024,신생률,대구광역시,사업시설관리 사업지원 및 임대 서비스업,계,,14.7,개%
2024,활동,대구광역시,사업시설관리 사업지원 및 임대 서비스업,대기업,,10,개%
2024,활동,대구광역시,사업시설관리 사업지원 및 임대 서비스업,상호출자제한기업,,1,개%
2024,신생,대구광역시,사업시설관리 사업지원 및 임대 서비스업,상호출자제한기업,,-,개%
2024,신생률,대구광역시,사업시설관리 사업지원 및 임대 서비스업,상호출자제한기업,,-,개%
2024,활동,대구광역시,사업시설관리 사업지원 및 임대 서비스업,기타 대기업,,-,개%
2024,신생,대구광역시,사업시설관리 사업지원 및 임대 서비스업,기타 대기업,,-,개%
2024,활동,대구광역시,사업시설관리 사업지원 및 임대 서비스업,중견기업,,9,개%
2024,신생,대구광역시,사업시설관리 사업지원 및 임대 서비스업,중견기업,,-,개%
2024,신생률,대구광역시,사업시설관리 사업지원 및 임대 서비스업,중견기업,,-,개%
2024,활동,대구광역시,사업시설관리 사업지원 및 임대 서비스업,중소기업,,6131,개%
2024,신생,대구광역시,사업시설관리 사업지원 및 임대 서비스업,중소기업,,902,개%
2024,신생률,대구광역시,사업시설관리 사업지원 및 임대 서비스업,중소기업,,14.7,개%
2024,활동,대구광역시,사업시설관리 사업지원 및 임대 서비스업,소기업,,5930,개%
2024,신생,대구광역시,사업시설관리 사업지원 및 임대 서비스업,소기업,,879,개%
2024,신생률,대구광역시,사업시설관리 사업지원 및 임대 서비스업,소기업,,14.8,개%
2024,활동,대구광역시,사업시설관리 사업지원 및 임대 서비스업,소상공인,,5434,개%
2024,신생,대구광역시,사업시설관리 사업지원 및 임대 서비스업,소상공인,,847,개%
2024,신생률,대구광역시,사업시설관리 사업지원 및 임대 서비스업,소상공인,,15.6,개%
2024,활동,대구광역시,교육서비스업,계,,11343,개%
2024,신생,대구광역시,교육서비스업,계,,1879,개%
2024,신생률,대구광역시,교육서비스업,계,,16.6,개%
2024,활동,대구광역시,교육서비스업,상호출자제한기업,,-,개%
2024,신생,대구광역시,교육서비스업,상호출자제한기업,,-,개%
2024,활동,대구광역시,교육서비스업,기타 대기업,,-,개%
2024,신생,대구광역시,교육서비스업,기타 대기업,,-,개%
2024,활동,대구광역시,교육서비스업,중견기업,,-,개%
2024,신생,대구광역시,교육서비스업,중견기업,,-,개%
2024,활동,대구광역시,교육서비스업,중소기업,,11343,개%
2024,신생,대구광역시,교육서비스업,중소기업,,1879,개%
2024,신생률,대구광역시,교육서비스업,중소기업,,16.6,개%
2024,활동,대구광역시,교육서비스업,소기업,,11218,개%
2024,신생,대구광역시,교육서비스업,소기업,,1876,개%
2024,신생률,대구광역시,교육서비스업,소기업,,16.7,개%
2024,활동,대구광역시,교육서비스업,소상공인,,10858,개%
2024,신생,대구광역시,교육서비스업,소상공인,,1866,개%
2024,신생률,대구광역시,교육서비스업,소상공인,,17.2,개%
2024,활동,대구광역시,보건업 및 사회복지 서비스업,계,,4643,개%
2024,신생,대구광역시,보건업 및 사회복지 서비스업,계,,266,개%
2024,신생률,대구광역시,보건업 및 사회복지 서비스업,계,,5.7,개%
2024,활동,대구광역시,보건업 및 사회복지 서비스업,대기업,,2,개%
2024,활동,대구광역시,보건업 및 사회복지 서비스업,상호출자제한기업,,-,개%
2024,신생,대구광역시,보건업 및 사회복지 서비스업,상호출자제한기업,,-,개%
2024,활동,대구광역시,보건업 및 사회복지 서비스업,기타 대기업,,2,개%
2024,신생,대구광역시,보건업 및 사회복지 서비스업,기타 대기업,,-,개%
2024,신생률,대구광역시,보건업 및 사회복지 서비스업,기타 대기업,,-,개%
2024,활동,대구광역시,보건업 및 사회복지 서비스업,중견기업,,-,개%
2024,신생,대구광역시,보건업 및 사회복지 서비스업,중견기업,,-,개%
2024,활동,대구광역시,보건업 및 사회복지 서비스업,중소기업,,4641,개%
2024,신생,대구광역시,보건업 및 사회복지 서비스업,중소기업,,266,개%
2024,신생률,대구광역시,보건업 및 사회복지 서비스업,중소기업,,5.7,개%
2024,활동,대구광역시,보건업 및 사회복지 서비스업,소기업,,3447,개%
2024,신생,대구광역시,보건업 및 사회복지 서비스업,소기업,,219,개%
2024,신생률,대구광역시,보건업 및 사회복지 서비스업,소기업,,6.4,개%
2024,활동,대구광역시,보건업 및 사회복지 서비스업,소상공인,,2619,개%
2024,신생,대구광역시,보건업 및 사회복지 서비스업,소상공인,,150,개%
2024,신생률,대구광역시,보건업 및 사회복지 서비스업,소상공인,,5.7,개%
2024,활동,대구광역시,예술 스포츠 및 여가관련 서비스업,계,,5744,개%
2024,신생,대구광역시,예술 스포츠 및 여가관련 서비스업,계,,813,개%
2024,신생률,대구광역시,예술 스포츠 및 여가관련 서비스업,계,,14.2,개%
2024,활동,대구광역시,예술 스포츠 및 여가관련 서비스업,대기업,,3,개%
2024,활동,대구광역시,예술 스포츠 및 여가관련 서비스업,상호출자제한기업,,2,개%
2024,신생,대구광역시,예술 스포츠 및 여가관련 서비스업,상호출자제한기업,,-,개%
2024,신생률,대구광역시,예술 스포츠 및 여가관련 서비스업,상호출자제한기업,,-,개%
2024,활동,대구광역시,예술 스포츠 및 여가관련 서비스업,기타 대기업,,-,개%
2024,신생,대구광역시,예술 스포츠 및 여가관련 서비스업,기타 대기업,,-,개%
2024,활동,대구광역시,예술 스포츠 및 여가관련 서비스업,중견기업,,1,개%
2024,신생,대구광역시,예술 스포츠 및 여가관련 서비스업,중견기업,,-,개%
2024,신생률,대구광역시,예술 스포츠 및 여가관련 서비스업,중견기업,,-,개%
2024,활동,대구광역시,예술 스포츠 및 여가관련 서비스업,중소기업,,5741,개%
2024,신생,대구광역시,예술 스포츠 및 여가관련 서비스업,중소기업,,813,개%
2024,신생률,대구광역시,예술 스포츠 및 여가관련 서비스업,중소기업,,14.2,개%
2024,활동,대구광역시,예술 스포츠 및 여가관련 서비스업,소기업,,5725,개%
2024,신생,대구광역시,예술 스포츠 및 여가관련 서비스업,소기업,,813,개%
2024,신생률,대구광역시,예술 스포츠 및 여가관련 서비스업,소기업,,14.2,개%
2024,활동,대구광역시,예술 스포츠 및 여가관련 서비스업,소상공인,,5559,개%
2024,신생,대구광역시,예술 스포츠 및 여가관련 서비스업,소상공인,,799,개%
2024,신생률,대구광역시,예술 스포츠 및 여가관련 서비스업,소상공인,,14.4,개%
2024,활동,대구광역시,협회 및 단체 수리 및 기타 개인서비스업,계,,17815,개%
2024,신생,대구광역시,협회 및 단체 수리 및 기타 개인서비스업,계,,2362,개%
2024,신생률,대구광역시,협회 및 단체 수리 및 기타 개인서비스업,계,,13.3,개%
2024,활동,대구광역시,협회 및 단체 수리 및 기타 개인서비스업,상호출자제한기업,,-,개%
2024,신생,대구광역시,협회 및 단체 수리 및 기타 개인서비스업,상호출자제한기업,,-,개%
2024,활동,대구광역시,협회 및 단체 수리 및 기타 개인서비스업,기타 대기업,,-,개%
2024,신생,대구광역시,협회 및 단체 수리 및 기타 개인서비스업,기타 대기업,,-,개%
2024,활동,대구광역시,협회 및 단체 수리 및 기타 개인서비스업,중견기업,,-,개%
2024,신생,대구광역시,협회 및 단체 수리 및 기타 개인서비스업,중견기업,,-,개%
2024,활동,대구광역시,협회 및 단체 수리 및 기타 개인서비스업,중소기업,,17815,개%
2024,신생,대구광역시,협회 및 단체 수리 및 기타 개인서비스업,중소기업,,2362,개%
2024,신생률,대구광역시,협회 및 단체 수리 및 기타 개인서비스업,중소기업,,13.3,개%
2024,활동,대구광역시,협회 및 단체 수리 및 기타 개인서비스업,소기업,,17568,개%
2024,신생,대구광역시,협회 및 단체 수리 및 기타 개인서비스업,소기업,,2360,개%
2024,신생률,대구광역시,협회 및 단체 수리 및 기타 개인서비스업,소기업,,13.4,개%
2024,활동,대구광역시,협회 및 단체 수리 및 기타 개인서비스업,소상공인,,17306,개%
2024,신생,대구광역시,협회 및 단체 수리 및 기타 개인서비스업,소상공인,,2351,개%
2024,신생률,대구광역시,협회 및 단체 수리 및 기타 개인서비스업,소상공인,,13.6,개%
