PRD_DE,ITM_NM,C1_NM,C2_NM,C3_NM,C4_NM,DT,UNIT_NM
2020,사업체수,대구광역시,광업 및 제조업,,,3291,개
2020,유형자산 연초잔액,대구광역시,광업 및 제조업,,,14794408,백만원
2020,유형자산 연간증가,대구광역시,광업 및 제조업,,,2254811,백만원
2020,연간증가(토지),대구광역시,광업 및 제조업,,,756101,백만원
2020,연간증가(건물 및 구축물),대구광역시,광업 및 제조업,,,413954,백만원
2020,연간증가(기계장치),대구광역시,광업 및 제조업,,,724804,백만원
2020,연간증가(차량 및 기타),대구광역시,광업 및 제조업,,,359952,백만원
2020,건설중 자산증감,대구광역시,광업 및 제조업,,,-10780,백만원
2020,유형자산투자액,대구광역시,광업 및 제조업,,,2244031,백만원
2020,유형자산감소액,대구광역시,광업 및 제조업,,,409395,백만원
2020,유형자산감가상각액,대구광역시,광업 및 제조업,,,963989,백만원
2020,유형자산 연말잔액,대구광역시,광업 및 제조업,,,15675835,백만원
2020,연말잔액(토지),대구광역시,광업 및 제조업,,,8110579,백만원
2020,연말잔액(건물 및 구축물),대구광역시,광업 및 제조업,,,3800244,백만원
2020,연말잔액(기계장치),대구광역시,광업 및 제조업,,,3005663,백만원
2020,연말잔액(기타),대구광역시,광업 및 제조업,,,759349,백만원
2020,사업체수,대구광역시,광업(05~08),,,1,개
2020,유형자산 연초잔액,대구광역시,광업(05~08),,,X,백만원
2020,유형자산 연간증가,대구광역시,광업(05~08),,,X,백만원
2020,연간증가(토지),대구광역시,광업(05~08),,,X,백만원
2020,연간증가(건물 및 구축물),대구광역시,광업(05~08),,,X,백만원
2020,연간증가(기계장치),대구광역시,광업(05~08),,,X,백만원
2020,연간증가(차량 및 기타),대구광역시,광업(05~08),,,X,백만원
2020,건설중 자산증감,대구광역시,광업(05~08),,,X,백만원
2020,유형자산투자액,대구광역시,광업(05~08),,,X,백만원
2020,유형자산감소액,대구광역시,광업(05~08),,,X,백만원
2020,유형자산감가상각액,대구광역시,광업(05~08),,,X,백만원
2020,유형자산 연말잔액,대구광역시,광업(05~08),,,X,백만원
2020,연말잔액(토지),대구광역시,광업(05~08),,,X,백만원
2020,연말잔액(건물 및 구축물),대구광역시,광업(05~08),,,X,백만원
2020,연말잔액(기계장치),대구광역시,광업(05~08),,,X,백만원
2020,연말잔액(기타),대구광역시,광업(05~08),,,X,백만원
2020,사업체수,대구광역시,비금속광물 광업; 연료용 제외,,,1,개
2020,유형자산 연초잔액,대구광역시,비금속광물 광업; 연료용 제외,,,X,백만원
2020,유형자산 연간증가,대구광역시,비금속광물 광업; 연료용 제외,,,X,백만원
2020,연간증가(토지),대구광역시,비금속광물 광업; 연료용 제외,,,X,백만원
2020,연간증가(건물 및 구축물),대구광역시,비금속광물 광업; 연료용 제외,,,X,백만원
2020,연간증가(기계장치),대구광역시,비금속광물 광업; 연료용 제외,,,X,백만원
2020,연간증가(차량 및 기타),대구광역시,비금속광물 광업; 연료용 제외,,,X,백만원
2020,건설중 자산증감,대구광역시,비금속광물 광업; 연료용 제외,,,X,백만원
2020,유형자산투자액,대구광역시,비금속광물 광업; 연료용 제외,,,X,백만원
2020,유형자산감소액,대구광역시,비금속광물 광업; 연료용 제외,,,X,백만원
2020,유형자산감가상각액,대구광역시,비금속광물 광업; 연료용 제외,,,X,백만원
2020,유형자산 연말잔액,대구광역시,비금속광물 광업; 연료용 제외,,,X,백만원
2020,연말잔액(토지),대구광역시,비금속광물 광업; 연료용 제외,,,X,백만원
2020,연말잔액(건물 및 구축물),대구광역시,비금속광물 광업; 연료용 제외,,,X,백만원
2020,연말잔액(기계장치),대구광역시,비금속광물 광업; 연료용 제외,,,X,백만원
2020,연말잔액(기타),대구광역시,비금속광물 광업; 연료용 제외,,,X,백만원
2020,사업체수,대구광역시,제조업(10~34),,,3290,개
2020,유형자산 연초잔액,대구광역시,제조업(10~34),,,14793379,백만원
2020,유형자산 연간증가,대구광역시,제조업(10~34),,,2254751,백만원
2020,연간증가(토지),대구광역시,제조업(10~34),,,756101,백만원
2020,연간증가(건물 및 구축물),대구광역시,제조업(10~34),,,413954,백만원
2020,연간증가(기계장치),대구광역시,제조업(10~34),,,724804,백만원
2020,연간증가(차량 및 기타),대구광역시,제조업(10~34),,,359892,백만원
2020,건설중 자산증감,대구광역시,제조업(10~34),,,-10920,백만원
2020,유형자산투자액,대구광역시,제조업(10~34),,,2243831,백만원
2020,유형자산감소액,대구광역시,제조업(10~34),,,409395,백만원
2020,유형자산감가상각액,대구광역시,제조업(10~34),,,963915,백만원
2020,유형자산 연말잔액,대구광역시,제조업(10~34),,,15674820,백만원
2020,연말잔액(토지),대구광역시,제조업(10~34),,,8109721,백만원
2020,연말잔액(건물 및 구축물),대구광역시,제조업(10~34),,,3800181,백만원
2020,연말잔액(기계장치),대구광역시,제조업(10~34),,,3005632,백만원
2020,연말잔액(기타),대구광역시,제조업(10~34),,,759286,백만원
2020,사업체수,대구광역시,식료품 제조업,,,148,개
2020,유형자산 연초잔액,대구광역시,식료품 제조업,,,551461,백만원
2020,유형자산 연간증가,대구광역시,식료품 제조업,,,77649,백만원
2020,연간증가(토지),대구광역시,식료품 제조업,,,22772,백만원
2020,연간증가(건물 및 구축물),대구광역시,식료품 제조업,,,19086,백만원
2020,연간증가(기계장치),대구광역시,식료품 제조업,,,23356,백만원
2020,연간증가(차량 및 기타),대구광역시,식료품 제조업,,,12435,백만원
2020,건설중 자산증감,대구광역시,식료품 제조업,,,-6181,백만원
2020,유형자산투자액,대구광역시,식료품 제조업,,,71468,백만원
2020,유형자산감소액,대구광역시,식료품 제조업,,,7885,백만원
2020,유형자산감가상각액,대구광역시,식료품 제조업,,,27687,백만원
2020,유형자산 연말잔액,대구광역시,식료품 제조업,,,593538,백만원
2020,연말잔액(토지),대구광역시,식료품 제조업,,,236066,백만원
2020,연말잔액(건물 및 구축물),대구광역시,식료품 제조업,,,165203,백만원
2020,연말잔액(기계장치),대구광역시,식료품 제조업,,,120861,백만원
2020,연말잔액(기타),대구광역시,식료품 제조업,,,71408,백만원
2020,사업체수,대구광역시,음료 제조업,,,9,개
2020,유형자산 연초잔액,대구광역시,음료 제조업,,,150855,백만원
2020,유형자산 연간증가,대구광역시,음료 제조업,,,11330,백만원
2020,연간증가(토지),대구광역시,음료 제조업,,,711,백만원
2020,연간증가(건물 및 구축물),대구광역시,음료 제조업,,,1829,백만원
2020,연간증가(기계장치),대구광역시,음료 제조업,,,5099,백만원
2020,연간증가(차량 및 기타),대구광역시,음료 제조업,,,3691,백만원
2020,건설중 자산증감,대구광역시,음료 제조업,,,7376,백만원
2020,유형자산투자액,대구광역시,음료 제조업,,,18706,백만원
2020,유형자산감소액,대구광역시,음료 제조업,,,1893,백만원
2020,유형자산감가상각액,대구광역시,음료 제조업,,,14908,백만원
2020,유형자산 연말잔액,대구광역시,음료 제조업,,,145384,백만원
2020,연말잔액(토지),대구광역시,음료 제조업,,,73488,백만원
2020,연말잔액(건물 및 구축물),대구광역시,음료 제조업,,,30854,백만원
2020,연말잔액(기계장치),대구광역시,음료 제조업,,,33931,백만원
2020,연말잔액(기타),대구광역시,음료 제조업,,,7111,백만원
2020,사업체수,대구광역시,섬유제품 제조업; 의복제외,,,543,개
2020,유형자산 연초잔액,대구광역시,섬유제품 제조업; 의복제외,,,1615247,백만원
2020,유형자산 연간증가,대구광역시,섬유제품 제조업; 의복제외,,,217323,백만원
2020,연간증가(토지),대구광역시,섬유제품 제조업; 의복제외,,,93301,백만원
2020,연간증가(건물 및 구축물),대구광역시,섬유제품 제조업; 의복제외,,,54820,백만원
2020,연간증가(기계장치),대구광역시,섬유제품 제조업; 의복제외,,,54025,백만원
2020,연간증가(차량 및 기타),대구광역시,섬유제품 제조업; 의복제외,,,15177,백만원
2020,건설중 자산증감,대구광역시,섬유제품 제조업; 의복제외,,,1176,백만원
2020,유형자산투자액,대구광역시,섬유제품 제조업; 의복제외,,,218499,백만원
2020,유형자산감소액,대구광역시,섬유제품 제조업; 의복제외,,,29512,백만원
2020,유형자산감가상각액,대구광역시,섬유제품 제조업; 의복제외,,,63454,백만원
2020,유형자산 연말잔액,대구광역시,섬유제품 제조업; 의복제외,,,1739604,백만원
2020,연말잔액(토지),대구광역시,섬유제품 제조업; 의복제외,,,1109699,백만원
2020,연말잔액(건물 및 구축물),대구광역시,섬유제품 제조업; 의복제외,,,376122,백만원
2020,연말잔액(기계장치),대구광역시,섬유제품 제조업; 의복제외,,,216579,백만원
2020,연말잔액(기타),대구광역시,섬유제품 제조업; 의복제외,,,37204,백만원
2020,사업체수,대구광역시,의복 의복 액세서리 및 모피제품 제조업,,,87,개
2020,유형자산 연초잔액,대구광역시,의복 의복 액세서리 및 모피제품 제조업,,,94704,백만원
2020,유형자산 연간증가,대구광역시,의복 의복 액세서리 및 모피제품 제조업,,,22364,백만원
2020,연간증가(토지),대구광역시,의복 의복 액세서리 및 모피제품 제조업,,,16489,백만원
2020,연간증가(건물 및 구축물),대구광역시,의복 의복 액세서리 및 모피제품 제조업,,,2817,백만원
2020,연간증가(기계장치),대구광역시,의복 의복 액세서리 및 모피제품 제조업,,,1787,백만원
2020,연간증가(차량 및 기타),대구광역시,의복 의복 액세서리 및 모피제품 제조업,,,1271,백만원
2020,건설중 자산증감,대구광역시,의복 의복 액세서리 및 모피제품 제조업,,,-1440,백만원
2020,유형자산투자액,대구광역시,의복 의복 액세서리 및 모피제품 제조업,,,20924,백만원
2020,유형자산감소액,대구광역시,의복 의복 액세서리 및 모피제품 제조업,,,3100,백만원
2020,유형자산감가상각액,대구광역시,의복 의복 액세서리 및 모피제품 제조업,,,2690,백만원
2020,유형자산 연말잔액,대구광역시,의복 의복 액세서리 및 모피제품 제조업,,,111278,백만원
2020,연말잔액(토지),대구광역시,의복 의복 액세서리 및 모피제품 제조업,,,68833,백만원
2020,연말잔액(건물 및 구축물),대구광역시,의복 의복 액세서리 및 모피제품 제조업,,,29506,백만원
2020,연말잔액(기계장치),대구광역시,의복 의복 액세서리 및 모피제품 제조업,,,7563,백만원
2020,연말잔액(기타),대구광역시,의복 의복 액세서리 및 모피제품 제조업,,,5376,백만원
2020,사업체수,대구광역시,가죽 가방 및 신발 제조업,,,3,개
2020,유형자산 연초잔액,대구광역시,가죽 가방 및 신발 제조업,,,4262,백만원
2020,유형자산 연간증가,대구광역시,가죽 가방 및 신발 제조업,,,3312,백만원
2020,연간증가(토지),대구광역시,가죽 가방 및 신발 제조업,,,2572,백만원
2020,연간증가(건물 및 구축물),대구광역시,가죽 가방 및 신발 제조업,,,538,백만원
2020,연간증가(기계장치),대구광역시,가죽 가방 및 신발 제조업,,,57,백만원
2020,연간증가(차량 및 기타),대구광역시,가죽 가방 및 신발 제조업,,,145,백만원
2020,건설중 자산증감,대구광역시,가죽 가방 및 신발 제조업,,,24,백만원
2020,유형자산투자액,대구광역시,가죽 가방 및 신발 제조업,,,3336,백만원
2020,유형자산감가상각액,대구광역시,가죽 가방 및 신발 제조업,,,184,백만원
2020,유형자산 연말잔액,대구광역시,가죽 가방 및 신발 제조업,,,7390,백만원
2020,연말잔액(토지),대구광역시,가죽 가방 및 신발 제조업,,,4827,백만원
2020,연말잔액(건물 및 구축물),대구광역시,가죽 가방 및 신발 제조업,,,1144,백만원
2020,연말잔액(기계장치),대구광역시,가죽 가방 및 신발 제조업,,,1224,백만원
2020,연말잔액(기타),대구광역시,가죽 가방 및 신발 제조업,,,195,백만원
2020,사업체수,대구광역시,목재 및 나무제품 제조업; 가구 제외,,,20,개
2020,유형자산 연초잔액,대구광역시,목재 및 나무제품 제조업; 가구 제외,,,51023,백만원
2020,유형자산 연간증가,대구광역시,목재 및 나무제품 제조업; 가구 제외,,,2270,백만원
2020,연간증가(토지),대구광역시,목재 및 나무제품 제조업; 가구 제외,,,0,백만원
2020,연간증가(건물 및 구축물),대구광역시,목재 및 나무제품 제조업; 가구 제외,,,1104,백만원
2020,연간증가(기계장치),대구광역시,목재 및 나무제품 제조업; 가구 제외,,,856,백만원
2020,연간증가(차량 및 기타),대구광역시,목재 및 나무제품 제조업; 가구 제외,,,310,백만원
2020,건설중 자산증감,대구광역시,목재 및 나무제품 제조업; 가구 제외,,,0,백만원
2020,유형자산투자액,대구광역시,목재 및 나무제품 제조업; 가구 제외,,,2270,백만원
2020,유형자산감소액,대구광역시,목재 및 나무제품 제조업; 가구 제외,,,25,백만원
2020,유형자산감가상각액,대구광역시,목재 및 나무제품 제조업; 가구 제외,,,1153,백만원
2020,유형자산 연말잔액,대구광역시,목재 및 나무제품 제조업; 가구 제외,,,52115,백만원
2020,연말잔액(토지),대구광역시,목재 및 나무제품 제조업; 가구 제외,,,35312,백만원
2020,연말잔액(건물 및 구축물),대구광역시,목재 및 나무제품 제조업; 가구 제외,,,13448,백만원
2020,연말잔액(기계장치),대구광역시,목재 및 나무제품 제조업; 가구 제외,,,2282,백만원
2020,연말잔액(기타),대구광역시,목재 및 나무제품 제조업; 가구 제외,,,1073,백만원
2020,사업체수,대구광역시,펄프 종이 및 종이제품 제조업,,,84,개
2020,유형자산 연초잔액,대구광역시,펄프 종이 및 종이제품 제조업,,,631510,백만원
2020,유형자산 연간증가,대구광역시,펄프 종이 및 종이제품 제조업,,,77453,백만원
2020,연간증가(토지),대구광역시,펄프 종이 및 종이제품 제조업,,,29399,백만원
2020,연간증가(건물 및 구축물),대구광역시,펄프 종이 및 종이제품 제조업,,,5414,백만원
2020,연간증가(기계장치),대구광역시,펄프 종이 및 종이제품 제조업,,,37601,백만원
2020,연간증가(차량 및 기타),대구광역시,펄프 종이 및 종이제품 제조업,,,5039,백만원
2020,건설중 자산증감,대구광역시,펄프 종이 및 종이제품 제조업,,,12843,백만원
2020,유형자산투자액,대구광역시,펄프 종이 및 종이제품 제조업,,,90296,백만원
2020,유형자산감소액,대구광역시,펄프 종이 및 종이제품 제조업,,,5068,백만원
2020,유형자산감가상각액,대구광역시,펄프 종이 및 종이제품 제조업,,,42281,백만원
2020,유형자산 연말잔액,대구광역시,펄프 종이 및 종이제품 제조업,,,661614,백만원
2020,연말잔액(토지),대구광역시,펄프 종이 및 종이제품 제조업,,,320833,백만원
2020,연말잔액(건물 및 구축물),대구광역시,펄프 종이 및 종이제품 제조업,,,116804,백만원
2020,연말잔액(기계장치),대구광역시,펄프 종이 및 종이제품 제조업,,,210907,백만원
2020,연말잔액(기타),대구광역시,펄프 종이 및 종이제품 제조업,,,13070,백만원
2020,사업체수,대구광역시,인쇄 및 기록매체 복제업,,,50,개
2020,유형자산 연초잔액,대구광역시,인쇄 및 기록매체 복제업,,,122565,백만원
2020,유형자산 연간증가,대구광역시,인쇄 및 기록매체 복제업,,,19254,백만원
2020,연간증가(토지),대구광역시,인쇄 및 기록매체 복제업,,,11245,백만원
2020,연간증가(건물 및 구축물),대구광역시,인쇄 및 기록매체 복제업,,,1536,백만원
2020,연간증가(기계장치),대구광역시,인쇄 및 기록매체 복제업,,,5278,백만원
2020,연간증가(차량 및 기타),대구광역시,인쇄 및 기록매체 복제업,,,1195,백만원
2020,건설중 자산증감,대구광역시,인쇄 및 기록매체 복제업,,,1078,백만원
2020,유형자산투자액,대구광역시,인쇄 및 기록매체 복제업,,,20332,백만원
2020,유형자산감소액,대구광역시,인쇄 및 기록매체 복제업,,,535,백만원
2020,유형자산감가상각액,대구광역시,인쇄 및 기록매체 복제업,,,7039,백만원
2020,유형자산 연말잔액,대구광역시,인쇄 및 기록매체 복제업,,,134245,백만원
2020,연말잔액(토지),대구광역시,인쇄 및 기록매체 복제업,,,68318,백만원
2020,연말잔액(건물 및 구축물),대구광역시,인쇄 및 기록매체 복제업,,,30345,백만원
2020,연말잔액(기계장치),대구광역시,인쇄 및 기록매체 복제업,,,31676,백만원
2020,연말잔액(기타),대구광역시,인쇄 및 기록매체 복제업,,,3906,백만원
2020,사업체수,대구광역시,화학물질 및 화학제품 제조업; 의약품 제외,,,41,개
2020,유형자산 연초잔액,대구광역시,화학물질 및 화학제품 제조업; 의약품 제외,,,184465,백만원
2020,유형자산 연간증가,대구광역시,화학물질 및 화학제품 제조업; 의약품 제외,,,22052,백만원
2020,연간증가(토지),대구광역시,화학물질 및 화학제품 제조업; 의약품 제외,,,8769,백만원
2020,연간증가(건물 및 구축물),대구광역시,화학물질 및 화학제품 제조업; 의약품 제외,,,5675,백만원
2020,연간증가(기계장치),대구광역시,화학물질 및 화학제품 제조업; 의약품 제외,,,5863,백만원
2020,연간증가(차량 및 기타),대구광역시,화학물질 및 화학제품 제조업; 의약품 제외,,,1745,백만원
2020,건설중 자산증감,대구광역시,화학물질 및 화학제품 제조업; 의약품 제외,,,-54,백만원
2020,유형자산투자액,대구광역시,화학물질 및 화학제품 제조업; 의약품 제외,,,21998,백만원
2020,유형자산감소액,대구광역시,화학물질 및 화학제품 제조업; 의약품 제외,,,693,백만원
2020,유형자산감가상각액,대구광역시,화학물질 및 화학제품 제조업; 의약품 제외,,,9335,백만원
2020,유형자산 연말잔액,대구광역시,화학물질 및 화학제품 제조업; 의약품 제외,,,196489,백만원
2020,연말잔액(토지),대구광역시,화학물질 및 화학제품 제조업; 의약품 제외,,,101540,백만원
2020,연말잔액(건물 및 구축물),대구광역시,화학물질 및 화학제품 제조업; 의약품 제외,,,57731,백만원
2020,연말잔액(기계장치),대구광역시,화학물질 및 화학제품 제조업; 의약품 제외,,,32891,백만원
2020,연말잔액(기타),대구광역시,화학물질 및 화학제품 제조업; 의약품 제외,,,4327,백만원
2020,사업체수,대구광역시,의료용 물질 및 의약품 제조업,,,18,개
2020,유형자산 연초잔액,대구광역시,의료용 물질 및 의약품 제조업,,,65373,백만원
2020,유형자산 연간증가,대구광역시,의료용 물질 및 의약품 제조업,,,41889,백만원
2020,연간증가(토지),대구광역시,의료용 물질 및 의약품 제조업,,,0,백만원
2020,연간증가(건물 및 구축물),대구광역시,의료용 물질 및 의약품 제조업,,,26367,백만원
2020,연간증가(기계장치),대구광역시,의료용 물질 및 의약품 제조업,,,9842,백만원
2020,연간증가(차량 및 기타),대구광역시,의료용 물질 및 의약품 제조업,,,5680,백만원
2020,건설중 자산증감,대구광역시,의료용 물질 및 의약품 제조업,,,-5037,백만원
2020,유형자산투자액,대구광역시,의료용 물질 및 의약품 제조업,,,36852,백만원
2020,유형자산감소액,대구광역시,의료용 물질 및 의약품 제조업,,,527,백만원
2020,유형자산감가상각액,대구광역시,의료용 물질 및 의약품 제조업,,,7326,백만원
2020,유형자산 연말잔액,대구광역시,의료용 물질 및 의약품 제조업,,,99409,백만원
2020,연말잔액(토지),대구광역시,의료용 물질 및 의약품 제조업,,,28709,백만원
2020,연말잔액(건물 및 구축물),대구광역시,의료용 물질 및 의약품 제조업,,,45487,백만원
2020,연말잔액(기계장치),대구광역시,의료용 물질 및 의약품 제조업,,,19851,백만원
2020,연말잔액(기타),대구광역시,의료용 물질 및 의약품 제조업,,,5362,백만원
2020,사업체수,대구광역시,고무 및 플라스틱제품 제조업,,,263,개
2020,유형자산 연초잔액,대구광역시,고무 및 플라스틱제품 제조업,,,997126,백만원
2020,유형자산 연간증가,대구광역시,고무 및 플라스틱제품 제조업,,,157596,백만원
2020,연간증가(토지),대구광역시,고무 및 플라스틱제품 제조업,,,64015,백만원
2020,연간증가(건물 및 구축물),대구광역시,고무 및 플라스틱제품 제조업,,,21232,백만원
2020,연간증가(기계장치),대구광역시,고무 및 플라스틱제품 제조업,,,46800,백만원
2020,연간증가(차량 및 기타),대구광역시,고무 및 플라스틱제품 제조업,,,25549,백만원
2020,건설중 자산증감,대구광역시,고무 및 플라스틱제품 제조업,,,-3498,백만원
2020,유형자산투자액,대구광역시,고무 및 플라스틱제품 제조업,,,154098,백만원
2020,유형자산감소액,대구광역시,고무 및 플라스틱제품 제조업,,,68074,백만원
2020,유형자산감가상각액,대구광역시,고무 및 플라스틱제품 제조업,,,66284,백만원
2020,유형자산 연말잔액,대구광역시,고무 및 플라스틱제품 제조업,,,1020364,백만원
2020,연말잔액(토지),대구광역시,고무 및 플라스틱제품 제조업,,,575372,백만원
2020,연말잔액(건물 및 구축물),대구광역시,고무 및 플라스틱제품 제조업,,,221850,백만원
2020,연말잔액(기계장치),대구광역시,고무 및 플라스틱제품 제조업,,,170233,백만원
2020,연말잔액(기타),대구광역시,고무 및 플라스틱제품 제조업,,,52909,백만원
2020,사업체수,대구광역시,비금속 광물제품 제조업,,,44,개
2020,유형자산 연초잔액,대구광역시,비금속 광물제품 제조업,,,222497,백만원
2020,유형자산 연간증가,대구광역시,비금속 광물제품 제조업,,,25416,백만원
2020,연간증가(토지),대구광역시,비금속 광물제품 제조업,,,9608,백만원
2020,연간증가(건물 및 구축물),대구광역시,비금속 광물제품 제조업,,,4523,백만원
2020,연간증가(기계장치),대구광역시,비금속 광물제품 제조업,,,8007,백만원
2020,연간증가(차량 및 기타),대구광역시,비금속 광물제품 제조업,,,3278,백만원
2020,건설중 자산증감,대구광역시,비금속 광물제품 제조업,,,-6545,백만원
2020,유형자산투자액,대구광역시,비금속 광물제품 제조업,,,18871,백만원
2020,유형자산감소액,대구광역시,비금속 광물제품 제조업,,,4237,백만원
2020,유형자산감가상각액,대구광역시,비금속 광물제품 제조업,,,11471,백만원
2020,유형자산 연말잔액,대구광역시,비금속 광물제품 제조업,,,232205,백만원
2020,연말잔액(토지),대구광역시,비금속 광물제품 제조업,,,155781,백만원
2020,연말잔액(건물 및 구축물),대구광역시,비금속 광물제품 제조업,,,39598,백만원
2020,연말잔액(기계장치),대구광역시,비금속 광물제품 제조업,,,27324,백만원
2020,연말잔액(기타),대구광역시,비금속 광물제품 제조업,,,9502,백만원
2020,사업체수,대구광역시,1차 금속 제조업,,,85,개
2020,유형자산 연초잔액,대구광역시,1차 금속 제조업,,,596689,백만원
2020,유형자산 연간증가,대구광역시,1차 금속 제조업,,,56676,백만원
2020,연간증가(토지),대구광역시,1차 금속 제조업,,,17424,백만원
2020,연간증가(건물 및 구축물),대구광역시,1차 금속 제조업,,,13204,백만원
2020,연간증가(기계장치),대구광역시,1차 금속 제조업,,,19673,백만원
2020,연간증가(차량 및 기타),대구광역시,1차 금속 제조업,,,6375,백만원
2020,건설중 자산증감,대구광역시,1차 금속 제조업,,,-1251,백만원
2020,유형자산투자액,대구광역시,1차 금속 제조업,,,55425,백만원
2020,유형자산감소액,대구광역시,1차 금속 제조업,,,21031,백만원
2020,유형자산감가상각액,대구광역시,1차 금속 제조업,,,33701,백만원
2020,유형자산 연말잔액,대구광역시,1차 금속 제조업,,,598633,백만원
2020,연말잔액(토지),대구광역시,1차 금속 제조업,,,340305,백만원
2020,연말잔액(건물 및 구축물),대구광역시,1차 금속 제조업,,,123542,백만원
2020,연말잔액(기계장치),대구광역시,1차 금속 제조업,,,111847,백만원
2020,연말잔액(기타),대구광역시,1차 금속 제조업,,,22939,백만원
2020,사업체수,대구광역시,금속가공제품 제조업; 기계 및 가구 제외,,,710,개
2020,유형자산 연초잔액,대구광역시,금속가공제품 제조업; 기계 및 가구 제외,,,2771868,백만원
2020,유형자산 연간증가,대구광역시,금속가공제품 제조업; 기계 및 가구 제외,,,254057,백만원
2020,연간증가(토지),대구광역시,금속가공제품 제조업; 기계 및 가구 제외,,,88187,백만원
2020,연간증가(건물 및 구축물),대구광역시,금속가공제품 제조업; 기계 및 가구 제외,,,26924,백만원
2020,연간증가(기계장치),대구광역시,금속가공제품 제조업; 기계 및 가구 제외,,,106015,백만원
2020,연간증가(차량 및 기타),대구광역시,금속가공제품 제조업; 기계 및 가구 제외,,,32931,백만원
2020,건설중 자산증감,대구광역시,금속가공제품 제조업; 기계 및 가구 제외,,,3479,백만원
2020,유형자산투자액,대구광역시,금속가공제품 제조업; 기계 및 가구 제외,,,257536,백만원
2020,유형자산감소액,대구광역시,금속가공제품 제조업; 기계 및 가구 제외,,,67846,백만원
2020,유형자산감가상각액,대구광역시,금속가공제품 제조업; 기계 및 가구 제외,,,175424,백만원
2020,유형자산 연말잔액,대구광역시,금속가공제품 제조업; 기계 및 가구 제외,,,2782655,백만원
2020,연말잔액(토지),대구광역시,금속가공제품 제조업; 기계 및 가구 제외,,,1497251,백만원
2020,연말잔액(건물 및 구축물),대구광역시,금속가공제품 제조업; 기계 및 가구 제외,,,619099,백만원
2020,연말잔액(기계장치),대구광역시,금속가공제품 제조업; 기계 및 가구 제외,,,579165,백만원
2020,연말잔액(기타),대구광역시,금속가공제품 제조업; 기계 및 가구 제외,,,87140,백만원
2020,사업체수,대구광역시,전자부품 컴퓨터 영상 음향 및 통신장비 제조업,,,61,개
2020,유형자산 연초잔액,대구광역시,전자부품 컴퓨터 영상 음향 및 통신장비 제조업,,,342919,백만원
2020,유형자산 연간증가,대구광역시,전자부품 컴퓨터 영상 음향 및 통신장비 제조업,,,36646,백만원
2020,연간증가(토지),대구광역시,전자부품 컴퓨터 영상 음향 및 통신장비 제조업,,,847,백만원
2020,연간증가(건물 및 구축물),대구광역시,전자부품 컴퓨터 영상 음향 및 통신장비 제조업,,,5984,백만원
2020,연간증가(기계장치),대구광역시,전자부품 컴퓨터 영상 음향 및 통신장비 제조업,,,25361,백만원
2020,연간증가(차량 및 기타),대구광역시,전자부품 컴퓨터 영상 음향 및 통신장비 제조업,,,4454,백만원
2020,건설중 자산증감,대구광역시,전자부품 컴퓨터 영상 음향 및 통신장비 제조업,,,7040,백만원
2020,유형자산투자액,대구광역시,전자부품 컴퓨터 영상 음향 및 통신장비 제조업,,,43686,백만원
2020,유형자산감소액,대구광역시,전자부품 컴퓨터 영상 음향 및 통신장비 제조업,,,6969,백만원
2020,유형자산감가상각액,대구광역시,전자부품 컴퓨터 영상 음향 및 통신장비 제조업,,,32374,백만원
2020,유형자산 연말잔액,대구광역시,전자부품 컴퓨터 영상 음향 및 통신장비 제조업,,,340222,백만원
2020,연말잔액(토지),대구광역시,전자부품 컴퓨터 영상 음향 및 통신장비 제조업,,,141833,백만원
2020,연말잔액(건물 및 구축물),대구광역시,전자부품 컴퓨터 영상 음향 및 통신장비 제조업,,,92644,백만원
2020,연말잔액(기계장치),대구광역시,전자부품 컴퓨터 영상 음향 및 통신장비 제조업,,,92896,백만원
2020,연말잔액(기타),대구광역시,전자부품 컴퓨터 영상 음향 및 통신장비 제조업,,,12849,백만원
2020,사업체수,대구광역시,의료 정밀 광학기기 및 시계 제조업,,,152,개
2020,유형자산 연초잔액,대구광역시,의료 정밀 광학기기 및 시계 제조업,,,478955,백만원
2020,유형자산 연간증가,대구광역시,의료 정밀 광학기기 및 시계 제조업,,,110420,백만원
2020,연간증가(토지),대구광역시,의료 정밀 광학기기 및 시계 제조업,,,64177,백만원
2020,연간증가(건물 및 구축물),대구광역시,의료 정밀 광학기기 및 시계 제조업,,,20446,백만원
2020,연간증가(기계장치),대구광역시,의료 정밀 광학기기 및 시계 제조업,,,17661,백만원
2020,연간증가(차량 및 기타),대구광역시,의료 정밀 광학기기 및 시계 제조업,,,8136,백만원
2020,건설중 자산증감,대구광역시,의료 정밀 광학기기 및 시계 제조업,,,11473,백만원
2020,유형자산투자액,대구광역시,의료 정밀 광학기기 및 시계 제조업,,,121893,백만원
2020,유형자산감소액,대구광역시,의료 정밀 광학기기 및 시계 제조업,,,26824,백만원
2020,유형자산감가상각액,대구광역시,의료 정밀 광학기기 및 시계 제조업,,,26720,백만원
2020,유형자산 연말잔액,대구광역시,의료 정밀 광학기기 및 시계 제조업,,,535831,백만원
2020,연말잔액(토지),대구광역시,의료 정밀 광학기기 및 시계 제조업,,,288930,백만원
2020,연말잔액(건물 및 구축물),대구광역시,의료 정밀 광학기기 및 시계 제조업,,,169625,백만원
2020,연말잔액(기계장치),대구광역시,의료 정밀 광학기기 및 시계 제조업,,,57355,백만원
2020,연말잔액(기타),대구광역시,의료 정밀 광학기기 및 시계 제조업,,,19921,백만원
2020,사업체수,대구광역시,전기장비 제조업,,,127,개
2020,유형자산 연초잔액,대구광역시,전기장비 제조업,,,742216,백만원
2020,유형자산 연간증가,대구광역시,전기장비 제조업,,,310934,백만원
2020,연간증가(토지),대구광역시,전기장비 제조업,,,63909,백만원
2020,연간증가(건물 및 구축물),대구광역시,전기장비 제조업,,,26187,백만원
2020,연간증가(기계장치),대구광역시,전기장비 제조업,,,119056,백만원
2020,연간증가(차량 및 기타),대구광역시,전기장비 제조업,,,101782,백만원
2020,건설중 자산증감,대구광역시,전기장비 제조업,,,-7431,백만원
2020,유형자산투자액,대구광역시,전기장비 제조업,,,303503,백만원
2020,유형자산감소액,대구광역시,전기장비 제조업,,,21515,백만원
2020,유형자산감가상각액,대구광역시,전기장비 제조업,,,72181,백만원
2020,유형자산 연말잔액,대구광역시,전기장비 제조업,,,959454,백만원
2020,연말잔액(토지),대구광역시,전기장비 제조업,,,361023,백만원
2020,연말잔액(건물 및 구축물),대구광역시,전기장비 제조업,,,232401,백만원
2020,연말잔액(기계장치),대구광역시,전기장비 제조업,,,229629,백만원
2020,연말잔액(기타),대구광역시,전기장비 제조업,,,136401,백만원
2020,사업체수,대구광역시,기타 기계 및 장비 제조업,,,509,개
2020,유형자산 연초잔액,대구광역시,기타 기계 및 장비 제조업,,,2474227,백만원
2020,유형자산 연간증가,대구광역시,기타 기계 및 장비 제조업,,,473714,백만원
2020,연간증가(토지),대구광역시,기타 기계 및 장비 제조업,,,202585,백만원
2020,연간증가(건물 및 구축물),대구광역시,기타 기계 및 장비 제조업,,,126972,백만원
2020,연간증가(기계장치),대구광역시,기타 기계 및 장비 제조업,,,88759,백만원
2020,연간증가(차량 및 기타),대구광역시,기타 기계 및 장비 제조업,,,55398,백만원
2020,건설중 자산증감,대구광역시,기타 기계 및 장비 제조업,,,2136,백만원
2020,유형자산투자액,대구광역시,기타 기계 및 장비 제조업,,,475850,백만원
2020,유형자산감소액,대구광역시,기타 기계 및 장비 제조업,,,67635,백만원
2020,유형자산감가상각액,대구광역시,기타 기계 및 장비 제조업,,,139611,백만원
2020,유형자산 연말잔액,대구광역시,기타 기계 및 장비 제조업,,,2740695,백만원
2020,연말잔액(토지),대구광역시,기타 기계 및 장비 제조업,,,1523027,백만원
2020,연말잔액(건물 및 구축물),대구광역시,기타 기계 및 장비 제조업,,,762768,백만원
2020,연말잔액(기계장치),대구광역시,기타 기계 및 장비 제조업,,,346343,백만원
2020,연말잔액(기타),대구광역시,기타 기계 및 장비 제조업,,,108557,백만원
2020,사업체수,대구광역시,자동차 및 트레일러 제조업,,,280,개
2020,유형자산 연초잔액,대구광역시,자동차 및 트레일러 제조업,,,2549064,백만원
2020,유형자산 연간증가,대구광역시,자동차 및 트레일러 제조업,,,320533,백만원
2020,연간증가(토지),대구광역시,자동차 및 트레일러 제조업,,,51274,백만원
2020,연간증가(건물 및 구축물),대구광역시,자동차 및 트레일러 제조업,,,48556,백만원
2020,연간증가(기계장치),대구광역시,자동차 및 트레일러 제조업,,,147649,백만원
2020,연간증가(차량 및 기타),대구광역시,자동차 및 트레일러 제조업,,,73054,백만원
2020,건설중 자산증감,대구광역시,자동차 및 트레일러 제조업,,,-28343,백만원
2020,유형자산투자액,대구광역시,자동차 및 트레일러 제조업,,,292190,백만원
2020,유형자산감소액,대구광역시,자동차 및 트레일러 제조업,,,73731,백만원
2020,유형자산감가상각액,대구광역시,자동차 및 트레일러 제조업,,,225019,백만원
2020,유형자산 연말잔액,대구광역시,자동차 및 트레일러 제조업,,,2570847,백만원
2020,연말잔액(토지),대구광역시,자동차 및 트레일러 제조업,,,1087289,백만원
2020,연말잔액(건물 및 구축물),대구광역시,자동차 및 트레일러 제조업,,,633885,백만원
2020,연말잔액(기계장치),대구광역시,자동차 및 트레일러 제조업,,,697733,백만원
2020,연말잔액(기타),대구광역시,자동차 및 트레일러 제조업,,,151940,백만원
2020,사업체수,대구광역시,기타 운송장비 제조업,,,10,개
2020,유형자산 연초잔액,대구광역시,기타 운송장비 제조업,,,30228,백만원
2020,유형자산 연간증가,대구광역시,기타 운송장비 제조업,,,745,백만원
2020,연간증가(토지),대구광역시,기타 운송장비 제조업,,,301,백만원
2020,연간증가(건물 및 구축물),대구광역시,기타 운송장비 제조업,,,28,백만원
2020,연간증가(기계장치),대구광역시,기타 운송장비 제조업,,,256,백만원
2020,연간증가(차량 및 기타),대구광역시,기타 운송장비 제조업,,,160,백만원
2020,건설중 자산증감,대구광역시,기타 운송장비 제조업,,,0,백만원
2020,유형자산투자액,대구광역시,기타 운송장비 제조업,,,745,백만원
2020,유형자산감소액,대구광역시,기타 운송장비 제조업,,,492,백만원
2020,유형자산감가상각액,대구광역시,기타 운송장비 제조업,,,969,백만원
2020,유형자산 연말잔액,대구광역시,기타 운송장비 제조업,,,29512,백만원
2020,연말잔액(토지),대구광역시,기타 운송장비 제조업,,,13882,백만원
2020,연말잔액(건물 및 구축물),대구광역시,기타 운송장비 제조업,,,9648,백만원
2020,연말잔액(기계장치),대구광역시,기타 운송장비 제조업,,,4524,백만원
2020,연말잔액(기타),대구광역시,기타 운송장비 제조업,,,1458,백만원
2020,사업체수,대구광역시,가구 제조업,,,15,개
2020,유형자산 연초잔액,대구광역시,가구 제조업,,,68242,백만원
2020,유형자산 연간증가,대구광역시,가구 제조업,,,7029,백만원
2020,연간증가(토지),대구광역시,가구 제조업,,,4482,백만원
2020,연간증가(건물 및 구축물),대구광역시,가구 제조업,,,681,백만원
2020,연간증가(기계장치),대구광역시,가구 제조업,,,475,백만원
2020,연간증가(차량 및 기타),대구광역시,가구 제조업,,,1391,백만원
2020,건설중 자산증감,대구광역시,가구 제조업,,,1202,백만원
2020,유형자산투자액,대구광역시,가구 제조업,,,8231,백만원
2020,유형자산감소액,대구광역시,가구 제조업,,,1538,백만원
2020,유형자산감가상각액,대구광역시,가구 제조업,,,2074,백만원
2020,유형자산 연말잔액,대구광역시,가구 제조업,,,71659,백만원
2020,연말잔액(토지),대구광역시,가구 제조업,,,51168,백만원
2020,연말잔액(건물 및 구축물),대구광역시,가구 제조업,,,13834,백만원
2020,연말잔액(기계장치),대구광역시,가구 제조업,,,3608,백만원
2020,연말잔액(기타),대구광역시,가구 제조업,,,3049,백만원
2020,사업체수,대구광역시,기타 제품 제조업,,,24,개
2020,유형자산 연초잔액,대구광역시,기타 제품 제조업,,,42887,백만원
2020,유형자산 연간증가,대구광역시,기타 제품 제조업,,,5916,백만원
2020,연간증가(토지),대구광역시,기타 제품 제조업,,,4034,백만원
2020,연간증가(건물 및 구축물),대구광역시,기타 제품 제조업,,,0,백만원
2020,연간증가(기계장치),대구광역시,기타 제품 제조업,,,1304,백만원
2020,연간증가(차량 및 기타),대구광역시,기타 제품 제조업,,,578,백만원
2020,건설중 자산증감,대구광역시,기타 제품 제조업,,,1033,백만원
2020,유형자산투자액,대구광역시,기타 제품 제조업,,,6949,백만원
2020,유형자산감소액,대구광역시,기타 제품 제조업,,,146,백만원
2020,유형자산감가상각액,대구광역시,기타 제품 제조업,,,1785,백만원
2020,유형자산 연말잔액,대구광역시,기타 제품 제조업,,,46872,백만원
2020,연말잔액(토지),대구광역시,기타 제품 제조업,,,23258,백만원
2020,연말잔액(건물 및 구축물),대구광역시,기타 제품 제조업,,,13522,백만원
2020,연말잔액(기계장치),대구광역시,기타 제품 제조업,,,6833,백만원
2020,연말잔액(기타),대구광역시,기타 제품 제조업,,,3259,백만원
2020,사업체수,대구광역시,산업용 기계 및 장비 수리업,,,7,개
2020,유형자산 연초잔액,대구광역시,산업용 기계 및 장비 수리업,,,4996,백만원
2020,유형자산 연간증가,대구광역시,산업용 기계 및 장비 수리업,,,173,백만원
2020,연간증가(건물 및 구축물),대구광역시,산업용 기계 및 장비 수리업,,,31,백만원
2020,연간증가(기계장치),대구광역시,산업용 기계 및 장비 수리업,,,24,백만원
2020,연간증가(차량 및 기타),대구광역시,산업용 기계 및 장비 수리업,,,118,백만원
2020,유형자산투자액,대구광역시,산업용 기계 및 장비 수리업,,,173,백만원
2020,유형자산감소액,대구광역시,산업용 기계 및 장비 수리업,,,119,백만원
2020,유형자산감가상각액,대구광역시,산업용 기계 및 장비 수리업,,,245,백만원
2020,유형자산 연말잔액,대구광역시,산업용 기계 및 장비 수리업,,,4805,백만원
2020,연말잔액(토지),대구광역시,산업용 기계 및 장비 수리업,,,2977,백만원
2020,연말잔액(건물 및 구축물),대구광역시,산업용 기계 및 장비 수리업,,,1121,백만원
2020,연말잔액(기계장치),대구광역시,산업용 기계 및 장비 수리업,,,377,백만원
2020,연말잔액(기타),대구광역시,산업용 기계 및 장비 수리업,,,330,백만원
2021,사업체수,대구광역시,광업 및 제조업,,,3296,개
2021,유형자산 연초잔액,대구광역시,광업 및 제조업,,,15534783,백만원
2021,유형자산 연간증가,대구광역시,광업 및 제조업,,,2015317,백만원
2021,연간증가(토지),대구광역시,광업 및 제조업,,,649672,백만원
2021,연간증가(건물 및 구축물),대구광역시,광업 및 제조업,,,306313,백만원
2021,연간증가(기계장치),대구광역시,광업 및 제조업,,,753197,백만원
2021,연간증가(차량 및 기타),대구광역시,광업 및 제조업,,,306135,백만원
2021,건설중 자산증감,대구광역시,광업 및 제조업,,,106842,백만원
2021,유형자산투자액,대구광역시,광업 및 제조업,,,2122159,백만원
2021,유형자산감소액,대구광역시,광업 및 제조업,,,442702,백만원
2021,유형자산감가상각액,대구광역시,광업 및 제조업,,,1015872,백만원
2021,유형자산 연말잔액,대구광역시,광업 및 제조업,,,16091526,백만원
2021,연말잔액(토지),대구광역시,광업 및 제조업,,,8447609,백만원
2021,연말잔액(건물 및 구축물),대구광역시,광업 및 제조업,,,3801469,백만원
2021,연말잔액(기계장치),대구광역시,광업 및 제조업,,,3099253,백만원
2021,연말잔액(기타),대구광역시,광업 및 제조업,,,743195,백만원
2021,사업체수,대구광역시,광업(05~08),,,1,개
2021,유형자산 연초잔액,대구광역시,광업(05~08),,,X,백만원
2021,유형자산 연간증가,대구광역시,광업(05~08),,,X,백만원
2021,연간증가(토지),대구광역시,광업(05~08),,,X,백만원
2021,연간증가(건물 및 구축물),대구광역시,광업(05~08),,,X,백만원
2021,연간증가(기계장치),대구광역시,광업(05~08),,,X,백만원
2021,연간증가(차량 및 기타),대구광역시,광업(05~08),,,X,백만원
2021,건설중 자산증감,대구광역시,광업(05~08),,,X,백만원
2021,유형자산투자액,대구광역시,광업(05~08),,,X,백만원
2021,유형자산감소액,대구광역시,광업(05~08),,,X,백만원
2021,유형자산감가상각액,대구광역시,광업(05~08),,,X,백만원
2021,유형자산 연말잔액,대구광역시,광업(05~08),,,X,백만원
2021,연말잔액(토지),대구광역시,광업(05~08),,,X,백만원
2021,연말잔액(건물 및 구축물),대구광역시,광업(05~08),,,X,백만원
2021,연말잔액(기계장치),대구광역시,광업(05~08),,,X,백만원
2021,연말잔액(기타),대구광역시,광업(05~08),,,X,백만원
2021,사업체수,대구광역시,비금속광물 광업; 연료용 제외,,,1,개
2021,유형자산 연초잔액,대구광역시,비금속광물 광업; 연료용 제외,,,X,백만원
2021,유형자산 연간증가,대구광역시,비금속광물 광업; 연료용 제외,,,X,백만원
2021,연간증가(토지),대구광역시,비금속광물 광업; 연료용 제외,,,X,백만원
2021,연간증가(건물 및 구축물),대구광역시,비금속광물 광업; 연료용 제외,,,X,백만원
2021,연간증가(기계장치),대구광역시,비금속광물 광업; 연료용 제외,,,X,백만원
2021,연간증가(차량 및 기타),대구광역시,비금속광물 광업; 연료용 제외,,,X,백만원
2021,건설중 자산증감,대구광역시,비금속광물 광업; 연료용 제외,,,X,백만원
2021,유형자산투자액,대구광역시,비금속광물 광업; 연료용 제외,,,X,백만원
2021,유형자산감소액,대구광역시,비금속광물 광업; 연료용 제외,,,X,백만원
2021,유형자산감가상각액,대구광역시,비금속광물 광업; 연료용 제외,,,X,백만원
2021,유형자산 연말잔액,대구광역시,비금속광물 광업; 연료용 제외,,,X,백만원
2021,연말잔액(토지),대구광역시,비금속광물 광업; 연료용 제외,,,X,백만원
2021,연말잔액(건물 및 구축물),대구광역시,비금속광물 광업; 연료용 제외,,,X,백만원
2021,연말잔액(기계장치),대구광역시,비금속광물 광업; 연료용 제외,,,X,백만원
2021,연말잔액(기타),대구광역시,비금속광물 광업; 연료용 제외,,,X,백만원
2021,사업체수,대구광역시,제조업(10~34),,,3295,개
2021,유형자산 연초잔액,대구광역시,제조업(10~34),,,15533768,백만원
2021,유형자산 연간증가,대구광역시,제조업(10~34),,,2013795,백만원
2021,연간증가(토지),대구광역시,제조업(10~34),,,648578,백만원
2021,연간증가(건물 및 구축물),대구광역시,제조업(10~34),,,306039,백만원
2021,연간증가(기계장치),대구광역시,제조업(10~34),,,753044,백만원
2021,연간증가(차량 및 기타),대구광역시,제조업(10~34),,,306134,백만원
2021,건설중 자산증감,대구광역시,제조업(10~34),,,107111,백만원
2021,유형자산투자액,대구광역시,제조업(10~34),,,2120906,백만원
2021,유형자산감소액,대구광역시,제조업(10~34),,,442702,백만원
2021,유형자산감가상각액,대구광역시,제조업(10~34),,,1015790,백만원
2021,유형자산 연말잔액,대구광역시,제조업(10~34),,,16089071,백만원
2021,연말잔액(토지),대구광역시,제조업(10~34),,,8445657,백만원
2021,연말잔액(건물 및 구축물),대구광역시,제조업(10~34),,,3801134,백만원
2021,연말잔액(기계장치),대구광역시,제조업(10~34),,,3099113,백만원
2021,연말잔액(기타),대구광역시,제조업(10~34),,,743167,백만원
2021,사업체수,대구광역시,식료품 제조업,,,148,개
2021,유형자산 연초잔액,대구광역시,식료품 제조업,,,628555,백만원
2021,유형자산 연간증가,대구광역시,식료품 제조업,,,65587,백만원
2021,연간증가(토지),대구광역시,식료품 제조업,,,10230,백만원
2021,연간증가(건물 및 구축물),대구광역시,식료품 제조업,,,15359,백만원
2021,연간증가(기계장치),대구광역시,식료품 제조업,,,24852,백만원
2021,연간증가(차량 및 기타),대구광역시,식료품 제조업,,,15146,백만원
2021,건설중 자산증감,대구광역시,식료품 제조업,,,323,백만원
2021,유형자산투자액,대구광역시,식료품 제조업,,,65910,백만원
2021,유형자산감소액,대구광역시,식료품 제조업,,,11216,백만원
2021,유형자산감가상각액,대구광역시,식료품 제조업,,,45755,백만원
2021,유형자산 연말잔액,대구광역시,식료품 제조업,,,637171,백만원
2021,연말잔액(토지),대구광역시,식료품 제조업,,,258034,백만원
2021,연말잔액(건물 및 구축물),대구광역시,식료품 제조업,,,176447,백만원
2021,연말잔액(기계장치),대구광역시,식료품 제조업,,,126191,백만원
2021,연말잔액(기타),대구광역시,식료품 제조업,,,76499,백만원
2021,사업체수,대구광역시,음료 제조업,,,7,개
2021,유형자산 연초잔액,대구광역시,음료 제조업,,,112029,백만원
2021,유형자산 연간증가,대구광역시,음료 제조업,,,11025,백만원
2021,연간증가(토지),대구광역시,음료 제조업,,,6210,백만원
2021,연간증가(건물 및 구축물),대구광역시,음료 제조업,,,26,백만원
2021,연간증가(기계장치),대구광역시,음료 제조업,,,1506,백만원
2021,연간증가(차량 및 기타),대구광역시,음료 제조업,,,3283,백만원
2021,건설중 자산증감,대구광역시,음료 제조업,,,12371,백만원
2021,유형자산투자액,대구광역시,음료 제조업,,,23396,백만원
2021,유형자산감소액,대구광역시,음료 제조업,,,1599,백만원
2021,유형자산감가상각액,대구광역시,음료 제조업,,,9100,백만원
2021,유형자산 연말잔액,대구광역시,음료 제조업,,,112355,백만원
2021,연말잔액(토지),대구광역시,음료 제조업,,,64700,백만원
2021,연말잔액(건물 및 구축물),대구광역시,음료 제조업,,,22851,백만원
2021,연말잔액(기계장치),대구광역시,음료 제조업,,,20227,백만원
2021,연말잔액(기타),대구광역시,음료 제조업,,,4577,백만원
2021,사업체수,대구광역시,섬유제품 제조업; 의복제외,,,522,개
2021,유형자산 연초잔액,대구광역시,섬유제품 제조업; 의복제외,,,1653709,백만원
2021,유형자산 연간증가,대구광역시,섬유제품 제조업; 의복제외,,,186338,백만원
2021,연간증가(토지),대구광역시,섬유제품 제조업; 의복제외,,,91788,백만원
2021,연간증가(건물 및 구축물),대구광역시,섬유제품 제조업; 의복제외,,,32455,백만원
2021,연간증가(기계장치),대구광역시,섬유제품 제조업; 의복제외,,,49654,백만원
2021,연간증가(차량 및 기타),대구광역시,섬유제품 제조업; 의복제외,,,12441,백만원
2021,건설중 자산증감,대구광역시,섬유제품 제조업; 의복제외,,,-4962,백만원
2021,유형자산투자액,대구광역시,섬유제품 제조업; 의복제외,,,181376,백만원
2021,유형자산감소액,대구광역시,섬유제품 제조업; 의복제외,,,90987,백만원
2021,유형자산감가상각액,대구광역시,섬유제품 제조업; 의복제외,,,70470,백만원
2021,유형자산 연말잔액,대구광역시,섬유제품 제조업; 의복제외,,,1678590,백만원
2021,연말잔액(토지),대구광역시,섬유제품 제조업; 의복제외,,,1072752,백만원
2021,연말잔액(건물 및 구축물),대구광역시,섬유제품 제조업; 의복제외,,,370102,백만원
2021,연말잔액(기계장치),대구광역시,섬유제품 제조업; 의복제외,,,201973,백만원
2021,연말잔액(기타),대구광역시,섬유제품 제조업; 의복제외,,,33763,백만원
2021,사업체수,대구광역시,의복 의복 액세서리 및 모피제품 제조업,,,85,개
2021,유형자산 연초잔액,대구광역시,의복 의복 액세서리 및 모피제품 제조업,,,124827,백만원
2021,유형자산 연간증가,대구광역시,의복 의복 액세서리 및 모피제품 제조업,,,22628,백만원
2021,연간증가(토지),대구광역시,의복 의복 액세서리 및 모피제품 제조업,,,12484,백만원
2021,연간증가(건물 및 구축물),대구광역시,의복 의복 액세서리 및 모피제품 제조업,,,7033,백만원
2021,연간증가(기계장치),대구광역시,의복 의복 액세서리 및 모피제품 제조업,,,1444,백만원
2021,연간증가(차량 및 기타),대구광역시,의복 의복 액세서리 및 모피제품 제조업,,,1667,백만원
2021,건설중 자산증감,대구광역시,의복 의복 액세서리 및 모피제품 제조업,,,-807,백만원
2021,유형자산투자액,대구광역시,의복 의복 액세서리 및 모피제품 제조업,,,21821,백만원
2021,유형자산감소액,대구광역시,의복 의복 액세서리 및 모피제품 제조업,,,2224,백만원
2021,유형자산감가상각액,대구광역시,의복 의복 액세서리 및 모피제품 제조업,,,3805,백만원
2021,유형자산 연말잔액,대구광역시,의복 의복 액세서리 및 모피제품 제조업,,,141426,백만원
2021,연말잔액(토지),대구광역시,의복 의복 액세서리 및 모피제품 제조업,,,90932,백만원
2021,연말잔액(건물 및 구축물),대구광역시,의복 의복 액세서리 및 모피제품 제조업,,,37593,백만원
2021,연말잔액(기계장치),대구광역시,의복 의복 액세서리 및 모피제품 제조업,,,8118,백만원
2021,연말잔액(기타),대구광역시,의복 의복 액세서리 및 모피제품 제조업,,,4783,백만원
2021,사업체수,대구광역시,가죽 가방 및 신발 제조업,,,5,개
2021,유형자산 연초잔액,대구광역시,가죽 가방 및 신발 제조업,,,8863,백만원
2021,유형자산 연간증가,대구광역시,가죽 가방 및 신발 제조업,,,524,백만원
2021,연간증가(토지),대구광역시,가죽 가방 및 신발 제조업,,,173,백만원
2021,연간증가(건물 및 구축물),대구광역시,가죽 가방 및 신발 제조업,,,47,백만원
2021,연간증가(기계장치),대구광역시,가죽 가방 및 신발 제조업,,,254,백만원
2021,연간증가(차량 및 기타),대구광역시,가죽 가방 및 신발 제조업,,,50,백만원
2021,건설중 자산증감,대구광역시,가죽 가방 및 신발 제조업,,,-24,백만원
2021,유형자산투자액,대구광역시,가죽 가방 및 신발 제조업,,,500,백만원
2021,유형자산감소액,대구광역시,가죽 가방 및 신발 제조업,,,31,백만원
2021,유형자산감가상각액,대구광역시,가죽 가방 및 신발 제조업,,,311,백만원
2021,유형자산 연말잔액,대구광역시,가죽 가방 및 신발 제조업,,,9045,백만원
2021,연말잔액(토지),대구광역시,가죽 가방 및 신발 제조업,,,5599,백만원
2021,연말잔액(건물 및 구축물),대구광역시,가죽 가방 및 신발 제조업,,,1854,백만원
2021,연말잔액(기계장치),대구광역시,가죽 가방 및 신발 제조업,,,1271,백만원
2021,연말잔액(기타),대구광역시,가죽 가방 및 신발 제조업,,,321,백만원
2021,사업체수,대구광역시,목재 및 나무제품 제조업; 가구 제외,,,18,개
2021,유형자산 연초잔액,대구광역시,목재 및 나무제품 제조업; 가구 제외,,,43949,백만원
2021,유형자산 연간증가,대구광역시,목재 및 나무제품 제조업; 가구 제외,,,1238,백만원
2021,연간증가(건물 및 구축물),대구광역시,목재 및 나무제품 제조업; 가구 제외,,,34,백만원
2021,연간증가(기계장치),대구광역시,목재 및 나무제품 제조업; 가구 제외,,,835,백만원
2021,연간증가(차량 및 기타),대구광역시,목재 및 나무제품 제조업; 가구 제외,,,369,백만원
2021,건설중 자산증감,대구광역시,목재 및 나무제품 제조업; 가구 제외,,,0,백만원
2021,유형자산투자액,대구광역시,목재 및 나무제품 제조업; 가구 제외,,,1238,백만원
2021,유형자산감소액,대구광역시,목재 및 나무제품 제조업; 가구 제외,,,3411,백만원
2021,유형자산감가상각액,대구광역시,목재 및 나무제품 제조업; 가구 제외,,,1339,백만원
2021,유형자산 연말잔액,대구광역시,목재 및 나무제품 제조업; 가구 제외,,,40437,백만원
2021,연말잔액(토지),대구광역시,목재 및 나무제품 제조업; 가구 제외,,,27303,백만원
2021,연말잔액(건물 및 구축물),대구광역시,목재 및 나무제품 제조업; 가구 제외,,,9986,백만원
2021,연말잔액(기계장치),대구광역시,목재 및 나무제품 제조업; 가구 제외,,,2125,백만원
2021,연말잔액(기타),대구광역시,목재 및 나무제품 제조업; 가구 제외,,,1023,백만원
2021,사업체수,대구광역시,펄프 종이 및 종이제품 제조업,,,83,개
2021,유형자산 연초잔액,대구광역시,펄프 종이 및 종이제품 제조업,,,657183,백만원
2021,유형자산 연간증가,대구광역시,펄프 종이 및 종이제품 제조업,,,90677,백만원
2021,연간증가(토지),대구광역시,펄프 종이 및 종이제품 제조업,,,20419,백만원
2021,연간증가(건물 및 구축물),대구광역시,펄프 종이 및 종이제품 제조업,,,13915,백만원
2021,연간증가(기계장치),대구광역시,펄프 종이 및 종이제품 제조업,,,50319,백만원
2021,연간증가(차량 및 기타),대구광역시,펄프 종이 및 종이제품 제조업,,,6024,백만원
2021,건설중 자산증감,대구광역시,펄프 종이 및 종이제품 제조업,,,6495,백만원
2021,유형자산투자액,대구광역시,펄프 종이 및 종이제품 제조업,,,97172,백만원
2021,유형자산감소액,대구광역시,펄프 종이 및 종이제품 제조업,,,18264,백만원
2021,유형자산감가상각액,대구광역시,펄프 종이 및 종이제품 제조업,,,43037,백만원
2021,유형자산 연말잔액,대구광역시,펄프 종이 및 종이제품 제조업,,,686559,백만원
2021,연말잔액(토지),대구광역시,펄프 종이 및 종이제품 제조업,,,320864,백만원
2021,연말잔액(건물 및 구축물),대구광역시,펄프 종이 및 종이제품 제조업,,,123290,백만원
2021,연말잔액(기계장치),대구광역시,펄프 종이 및 종이제품 제조업,,,228833,백만원
2021,연말잔액(기타),대구광역시,펄프 종이 및 종이제품 제조업,,,13572,백만원
2021,사업체수,대구광역시,인쇄 및 기록매체 복제업,,,51,개
2021,유형자산 연초잔액,대구광역시,인쇄 및 기록매체 복제업,,,125093,백만원
2021,유형자산 연간증가,대구광역시,인쇄 및 기록매체 복제업,,,24802,백만원
2021,연간증가(토지),대구광역시,인쇄 및 기록매체 복제업,,,7135,백만원
2021,연간증가(건물 및 구축물),대구광역시,인쇄 및 기록매체 복제업,,,4681,백만원
2021,연간증가(기계장치),대구광역시,인쇄 및 기록매체 복제업,,,11289,백만원
2021,연간증가(차량 및 기타),대구광역시,인쇄 및 기록매체 복제업,,,1697,백만원
2021,건설중 자산증감,대구광역시,인쇄 및 기록매체 복제업,,,6341,백만원
2021,유형자산투자액,대구광역시,인쇄 및 기록매체 복제업,,,31143,백만원
2021,유형자산감소액,대구광역시,인쇄 및 기록매체 복제업,,,11764,백만원
2021,유형자산감가상각액,대구광역시,인쇄 및 기록매체 복제업,,,9013,백만원
2021,유형자산 연말잔액,대구광역시,인쇄 및 기록매체 복제업,,,129118,백만원
2021,연말잔액(토지),대구광역시,인쇄 및 기록매체 복제업,,,59951,백만원
2021,연말잔액(건물 및 구축물),대구광역시,인쇄 및 기록매체 복제업,,,30225,백만원
2021,연말잔액(기계장치),대구광역시,인쇄 및 기록매체 복제업,,,33963,백만원
2021,연말잔액(기타),대구광역시,인쇄 및 기록매체 복제업,,,4979,백만원
2021,사업체수,대구광역시,화학물질 및 화학제품 제조업; 의약품 제외,,,44,개
2021,유형자산 연초잔액,대구광역시,화학물질 및 화학제품 제조업; 의약품 제외,,,196904,백만원
2021,유형자산 연간증가,대구광역시,화학물질 및 화학제품 제조업; 의약품 제외,,,33753,백만원
2021,연간증가(토지),대구광역시,화학물질 및 화학제품 제조업; 의약품 제외,,,23405,백만원
2021,연간증가(건물 및 구축물),대구광역시,화학물질 및 화학제품 제조업; 의약품 제외,,,3900,백만원
2021,연간증가(기계장치),대구광역시,화학물질 및 화학제품 제조업; 의약품 제외,,,4875,백만원
2021,연간증가(차량 및 기타),대구광역시,화학물질 및 화학제품 제조업; 의약품 제외,,,1573,백만원
2021,건설중 자산증감,대구광역시,화학물질 및 화학제품 제조업; 의약품 제외,,,2456,백만원
2021,유형자산투자액,대구광역시,화학물질 및 화학제품 제조업; 의약품 제외,,,36209,백만원
2021,유형자산감소액,대구광역시,화학물질 및 화학제품 제조업; 의약품 제외,,,3862,백만원
2021,유형자산감가상각액,대구광역시,화학물질 및 화학제품 제조업; 의약품 제외,,,12298,백만원
2021,유형자산 연말잔액,대구광역시,화학물질 및 화학제품 제조업; 의약품 제외,,,214497,백만원
2021,연말잔액(토지),대구광역시,화학물질 및 화학제품 제조업; 의약품 제외,,,129261,백만원
2021,연말잔액(건물 및 구축물),대구광역시,화학물질 및 화학제품 제조업; 의약품 제외,,,56630,백만원
2021,연말잔액(기계장치),대구광역시,화학물질 및 화학제품 제조업; 의약품 제외,,,24605,백만원
2021,연말잔액(기타),대구광역시,화학물질 및 화학제품 제조업; 의약품 제외,,,4001,백만원
2021,사업체수,대구광역시,의료용 물질 및 의약품 제조업,,,19,개
2021,유형자산 연초잔액,대구광역시,의료용 물질 및 의약품 제조업,,,78036,백만원
2021,유형자산 연간증가,대구광역시,의료용 물질 및 의약품 제조업,,,12387,백만원
2021,연간증가(토지),대구광역시,의료용 물질 및 의약품 제조업,,,2773,백만원
2021,연간증가(건물 및 구축물),대구광역시,의료용 물질 및 의약품 제조업,,,1012,백만원
2021,연간증가(기계장치),대구광역시,의료용 물질 및 의약품 제조업,,,6614,백만원
2021,연간증가(차량 및 기타),대구광역시,의료용 물질 및 의약품 제조업,,,1988,백만원
2021,건설중 자산증감,대구광역시,의료용 물질 및 의약품 제조업,,,962,백만원
2021,유형자산투자액,대구광역시,의료용 물질 및 의약품 제조업,,,13349,백만원
2021,유형자산감소액,대구광역시,의료용 물질 및 의약품 제조업,,,160,백만원
2021,유형자산감가상각액,대구광역시,의료용 물질 및 의약품 제조업,,,5767,백만원
2021,유형자산 연말잔액,대구광역시,의료용 물질 및 의약품 제조업,,,84496,백만원
2021,연말잔액(토지),대구광역시,의료용 물질 및 의약품 제조업,,,29187,백만원
2021,연말잔액(건물 및 구축물),대구광역시,의료용 물질 및 의약품 제조업,,,33030,백만원
2021,연말잔액(기계장치),대구광역시,의료용 물질 및 의약품 제조업,,,18540,백만원
2021,연말잔액(기타),대구광역시,의료용 물질 및 의약품 제조업,,,3739,백만원
2021,사업체수,대구광역시,고무 및 플라스틱제품 제조업,,,260,개
2021,유형자산 연초잔액,대구광역시,고무 및 플라스틱제품 제조업,,,1080154,백만원
2021,유형자산 연간증가,대구광역시,고무 및 플라스틱제품 제조업,,,159931,백만원
2021,연간증가(토지),대구광역시,고무 및 플라스틱제품 제조업,,,47819,백만원
2021,연간증가(건물 및 구축물),대구광역시,고무 및 플라스틱제품 제조업,,,18850,백만원
2021,연간증가(기계장치),대구광역시,고무 및 플라스틱제품 제조업,,,56644,백만원
2021,연간증가(차량 및 기타),대구광역시,고무 및 플라스틱제품 제조업,,,36618,백만원
2021,건설중 자산증감,대구광역시,고무 및 플라스틱제품 제조업,,,-427,백만원
2021,유형자산투자액,대구광역시,고무 및 플라스틱제품 제조업,,,159504,백만원
2021,유형자산감소액,대구광역시,고무 및 플라스틱제품 제조업,,,19369,백만원
2021,유형자산감가상각액,대구광역시,고무 및 플라스틱제품 제조업,,,77709,백만원
2021,유형자산 연말잔액,대구광역시,고무 및 플라스틱제품 제조업,,,1143007,백만원
2021,연말잔액(토지),대구광역시,고무 및 플라스틱제품 제조업,,,630577,백만원
2021,연말잔액(건물 및 구축물),대구광역시,고무 및 플라스틱제품 제조업,,,236079,백만원
2021,연말잔액(기계장치),대구광역시,고무 및 플라스틱제품 제조업,,,193258,백만원
2021,연말잔액(기타),대구광역시,고무 및 플라스틱제품 제조업,,,83093,백만원
2021,사업체수,대구광역시,비금속 광물제품 제조업,,,45,개
2021,유형자산 연초잔액,대구광역시,비금속 광물제품 제조업,,,241539,백만원
2021,유형자산 연간증가,대구광역시,비금속 광물제품 제조업,,,26464,백만원
2021,연간증가(토지),대구광역시,비금속 광물제품 제조업,,,7948,백만원
2021,연간증가(건물 및 구축물),대구광역시,비금속 광물제품 제조업,,,2016,백만원
2021,연간증가(기계장치),대구광역시,비금속 광물제품 제조업,,,12077,백만원
2021,연간증가(차량 및 기타),대구광역시,비금속 광물제품 제조업,,,4423,백만원
2021,건설중 자산증감,대구광역시,비금속 광물제품 제조업,,,-363,백만원
2021,유형자산투자액,대구광역시,비금속 광물제품 제조업,,,26101,백만원
2021,유형자산감소액,대구광역시,비금속 광물제품 제조업,,,8586,백만원
2021,유형자산감가상각액,대구광역시,비금속 광물제품 제조업,,,14015,백만원
2021,유형자산 연말잔액,대구광역시,비금속 광물제품 제조업,,,245402,백만원
2021,연말잔액(토지),대구광역시,비금속 광물제품 제조업,,,164099,백만원
2021,연말잔액(건물 및 구축물),대구광역시,비금속 광물제품 제조업,,,40822,백만원
2021,연말잔액(기계장치),대구광역시,비금속 광물제품 제조업,,,32123,백만원
2021,연말잔액(기타),대구광역시,비금속 광물제품 제조업,,,8358,백만원
2021,사업체수,대구광역시,1차 금속 제조업,,,87,개
2021,유형자산 연초잔액,대구광역시,1차 금속 제조업,,,650894,백만원
2021,유형자산 연간증가,대구광역시,1차 금속 제조업,,,68454,백만원
2021,연간증가(토지),대구광역시,1차 금속 제조업,,,25206,백만원
2021,연간증가(건물 및 구축물),대구광역시,1차 금속 제조업,,,9827,백만원
2021,연간증가(기계장치),대구광역시,1차 금속 제조업,,,24698,백만원
2021,연간증가(차량 및 기타),대구광역시,1차 금속 제조업,,,8723,백만원
2021,건설중 자산증감,대구광역시,1차 금속 제조업,,,1746,백만원
2021,유형자산투자액,대구광역시,1차 금속 제조업,,,70200,백만원
2021,유형자산감소액,대구광역시,1차 금속 제조업,,,23660,백만원
2021,유형자산감가상각액,대구광역시,1차 금속 제조업,,,35404,백만원
2021,유형자산 연말잔액,대구광역시,1차 금속 제조업,,,660284,백만원
2021,연말잔액(토지),대구광역시,1차 금속 제조업,,,383794,백만원
2021,연말잔액(건물 및 구축물),대구광역시,1차 금속 제조업,,,138259,백만원
2021,연말잔액(기계장치),대구광역시,1차 금속 제조업,,,115273,백만원
2021,연말잔액(기타),대구광역시,1차 금속 제조업,,,22958,백만원
2021,사업체수,대구광역시,금속가공제품 제조업; 기계 및 가구 제외,,,724,개
2021,유형자산 연초잔액,대구광역시,금속가공제품 제조업; 기계 및 가구 제외,,,2709176,백만원
2021,유형자산 연간증가,대구광역시,금속가공제품 제조업; 기계 및 가구 제외,,,290819,백만원
2021,연간증가(토지),대구광역시,금속가공제품 제조업; 기계 및 가구 제외,,,105720,백만원
2021,연간증가(건물 및 구축물),대구광역시,금속가공제품 제조업; 기계 및 가구 제외,,,24090,백만원
2021,연간증가(기계장치),대구광역시,금속가공제품 제조업; 기계 및 가구 제외,,,120258,백만원
2021,연간증가(차량 및 기타),대구광역시,금속가공제품 제조업; 기계 및 가구 제외,,,40751,백만원
2021,건설중 자산증감,대구광역시,금속가공제품 제조업; 기계 및 가구 제외,,,11793,백만원
2021,유형자산투자액,대구광역시,금속가공제품 제조업; 기계 및 가구 제외,,,302612,백만원
2021,유형자산감소액,대구광역시,금속가공제품 제조업; 기계 및 가구 제외,,,57418,백만원
2021,유형자산감가상각액,대구광역시,금속가공제품 제조업; 기계 및 가구 제외,,,164265,백만원
2021,유형자산 연말잔액,대구광역시,금속가공제품 제조업; 기계 및 가구 제외,,,2778312,백만원
2021,연말잔액(토지),대구광역시,금속가공제품 제조업; 기계 및 가구 제외,,,1506910,백만원
2021,연말잔액(건물 및 구축물),대구광역시,금속가공제품 제조업; 기계 및 가구 제외,,,588016,백만원
2021,연말잔액(기계장치),대구광역시,금속가공제품 제조업; 기계 및 가구 제외,,,556487,백만원
2021,연말잔액(기타),대구광역시,금속가공제품 제조업; 기계 및 가구 제외,,,126899,백만원
2021,사업체수,대구광역시,전자부품 컴퓨터 영상 음향 및 통신장비 제조업,,,60,개
2021,유형자산 연초잔액,대구광역시,전자부품 컴퓨터 영상 음향 및 통신장비 제조업,,,330310,백만원
2021,유형자산 연간증가,대구광역시,전자부품 컴퓨터 영상 음향 및 통신장비 제조업,,,72255,백만원
2021,연간증가(토지),대구광역시,전자부품 컴퓨터 영상 음향 및 통신장비 제조업,,,21782,백만원
2021,연간증가(건물 및 구축물),대구광역시,전자부품 컴퓨터 영상 음향 및 통신장비 제조업,,,4876,백만원
2021,연간증가(기계장치),대구광역시,전자부품 컴퓨터 영상 음향 및 통신장비 제조업,,,36717,백만원
2021,연간증가(차량 및 기타),대구광역시,전자부품 컴퓨터 영상 음향 및 통신장비 제조업,,,8880,백만원
2021,건설중 자산증감,대구광역시,전자부품 컴퓨터 영상 음향 및 통신장비 제조업,,,-9619,백만원
2021,유형자산투자액,대구광역시,전자부품 컴퓨터 영상 음향 및 통신장비 제조업,,,62636,백만원
2021,유형자산감소액,대구광역시,전자부품 컴퓨터 영상 음향 및 통신장비 제조업,,,12558,백만원
2021,유형자산감가상각액,대구광역시,전자부품 컴퓨터 영상 음향 및 통신장비 제조업,,,25768,백만원
2021,유형자산 연말잔액,대구광역시,전자부품 컴퓨터 영상 음향 및 통신장비 제조업,,,364239,백만원
2021,연말잔액(토지),대구광역시,전자부품 컴퓨터 영상 음향 및 통신장비 제조업,,,160135,백만원
2021,연말잔액(건물 및 구축물),대구광역시,전자부품 컴퓨터 영상 음향 및 통신장비 제조업,,,89549,백만원
2021,연말잔액(기계장치),대구광역시,전자부품 컴퓨터 영상 음향 및 통신장비 제조업,,,100205,백만원
2021,연말잔액(기타),대구광역시,전자부품 컴퓨터 영상 음향 및 통신장비 제조업,,,14350,백만원
2021,사업체수,대구광역시,의료 정밀 광학기기 및 시계 제조업,,,151,개
2021,유형자산 연초잔액,대구광역시,의료 정밀 광학기기 및 시계 제조업,,,510049,백만원
2021,유형자산 연간증가,대구광역시,의료 정밀 광학기기 및 시계 제조업,,,92084,백만원
2021,연간증가(토지),대구광역시,의료 정밀 광학기기 및 시계 제조업,,,33732,백만원
2021,연간증가(건물 및 구축물),대구광역시,의료 정밀 광학기기 및 시계 제조업,,,22910,백만원
2021,연간증가(기계장치),대구광역시,의료 정밀 광학기기 및 시계 제조업,,,26151,백만원
2021,연간증가(차량 및 기타),대구광역시,의료 정밀 광학기기 및 시계 제조업,,,9291,백만원
2021,건설중 자산증감,대구광역시,의료 정밀 광학기기 및 시계 제조업,,,-2574,백만원
2021,유형자산투자액,대구광역시,의료 정밀 광학기기 및 시계 제조업,,,89510,백만원
2021,유형자산감소액,대구광역시,의료 정밀 광학기기 및 시계 제조업,,,12077,백만원
2021,유형자산감가상각액,대구광역시,의료 정밀 광학기기 및 시계 제조업,,,30037,백만원
2021,유형자산 연말잔액,대구광역시,의료 정밀 광학기기 및 시계 제조업,,,560019,백만원
2021,연말잔액(토지),대구광역시,의료 정밀 광학기기 및 시계 제조업,,,295664,백만원
2021,연말잔액(건물 및 구축물),대구광역시,의료 정밀 광학기기 및 시계 제조업,,,180683,백만원
2021,연말잔액(기계장치),대구광역시,의료 정밀 광학기기 및 시계 제조업,,,62405,백만원
2021,연말잔액(기타),대구광역시,의료 정밀 광학기기 및 시계 제조업,,,21267,백만원
2021,사업체수,대구광역시,전기장비 제조업,,,133,개
2021,유형자산 연초잔액,대구광역시,전기장비 제조업,,,846276,백만원
2021,유형자산 연간증가,대구광역시,전기장비 제조업,,,214289,백만원
2021,연간증가(토지),대구광역시,전기장비 제조업,,,49422,백만원
2021,연간증가(건물 및 구축물),대구광역시,전기장비 제조업,,,34217,백만원
2021,연간증가(기계장치),대구광역시,전기장비 제조업,,,108278,백만원
2021,연간증가(차량 및 기타),대구광역시,전기장비 제조업,,,22372,백만원
2021,건설중 자산증감,대구광역시,전기장비 제조업,,,80480,백만원
2021,유형자산투자액,대구광역시,전기장비 제조업,,,294769,백만원
2021,유형자산감소액,대구광역시,전기장비 제조업,,,18423,백만원
2021,유형자산감가상각액,대구광역시,전기장비 제조업,,,89717,백만원
2021,유형자산 연말잔액,대구광역시,전기장비 제조업,,,952425,백만원
2021,연말잔액(토지),대구광역시,전기장비 제조업,,,389895,백만원
2021,연말잔액(건물 및 구축물),대구광역시,전기장비 제조업,,,242272,백만원
2021,연말잔액(기계장치),대구광역시,전기장비 제조업,,,277656,백만원
2021,연말잔액(기타),대구광역시,전기장비 제조업,,,42602,백만원
2021,사업체수,대구광역시,기타 기계 및 장비 제조업,,,510,개
2021,유형자산 연초잔액,대구광역시,기타 기계 및 장비 제조업,,,2789387,백만원
2021,유형자산 연간증가,대구광역시,기타 기계 및 장비 제조업,,,321547,백만원
2021,연간증가(토지),대구광역시,기타 기계 및 장비 제조업,,,115417,백만원
2021,연간증가(건물 및 구축물),대구광역시,기타 기계 및 장비 제조업,,,73984,백만원
2021,연간증가(기계장치),대구광역시,기타 기계 및 장비 제조업,,,76509,백만원
2021,연간증가(차량 및 기타),대구광역시,기타 기계 및 장비 제조업,,,55637,백만원
2021,건설중 자산증감,대구광역시,기타 기계 및 장비 제조업,,,-5086,백만원
2021,유형자산투자액,대구광역시,기타 기계 및 장비 제조업,,,316461,백만원
2021,유형자산감소액,대구광역시,기타 기계 및 장비 제조업,,,69558,백만원
2021,유형자산감가상각액,대구광역시,기타 기계 및 장비 제조업,,,136023,백만원
2021,유형자산 연말잔액,대구광역시,기타 기계 및 장비 제조업,,,2905353,백만원
2021,연말잔액(토지),대구광역시,기타 기계 및 장비 제조업,,,1651372,백만원
2021,연말잔액(건물 및 구축물),대구광역시,기타 기계 및 장비 제조업,,,775750,백만원
2021,연말잔액(기계장치),대구광역시,기타 기계 및 장비 제조업,,,364523,백만원
2021,연말잔액(기타),대구광역시,기타 기계 및 장비 제조업,,,113708,백만원
2021,사업체수,대구광역시,자동차 및 트레일러 제조업,,,283,개
2021,유형자산 연초잔액,대구광역시,자동차 및 트레일러 제조업,,,2592950,백만원
2021,유형자산 연간증가,대구광역시,자동차 및 트레일러 제조업,,,291687,백만원
2021,연간증가(토지),대구광역시,자동차 및 트레일러 제조업,,,51241,백만원
2021,연간증가(건물 및 구축물),대구광역시,자동차 및 트레일러 제조업,,,31536,백만원
2021,연간증가(기계장치),대구광역시,자동차 및 트레일러 제조업,,,136436,백만원
2021,연간증가(차량 및 기타),대구광역시,자동차 및 트레일러 제조업,,,72474,백만원
2021,건설중 자산증감,대구광역시,자동차 및 트레일러 제조업,,,7824,백만원
2021,유형자산투자액,대구광역시,자동차 및 트레일러 제조업,,,299511,백만원
2021,유형자산감소액,대구광역시,자동차 및 트레일러 제조업,,,76269,백만원
2021,유형자산감가상각액,대구광역시,자동차 및 트레일러 제조업,,,235581,백만원
2021,유형자산 연말잔액,대구광역시,자동차 및 트레일러 제조업,,,2572787,백만원
2021,연말잔액(토지),대구광역시,자동차 및 트레일러 제조업,,,1094865,백만원
2021,연말잔액(건물 및 구축물),대구광역시,자동차 및 트레일러 제조업,,,605603,백만원
2021,연말잔액(기계장치),대구광역시,자동차 및 트레일러 제조업,,,717793,백만원
2021,연말잔액(기타),대구광역시,자동차 및 트레일러 제조업,,,154526,백만원
2021,사업체수,대구광역시,기타 운송장비 제조업,,,10,개
2021,유형자산 연초잔액,대구광역시,기타 운송장비 제조업,,,28997,백만원
2021,유형자산 연간증가,대구광역시,기타 운송장비 제조업,,,2298,백만원
2021,연간증가(기계장치),대구광역시,기타 운송장비 제조업,,,1272,백만원
2021,연간증가(차량 및 기타),대구광역시,기타 운송장비 제조업,,,1026,백만원
2021,건설중 자산증감,대구광역시,기타 운송장비 제조업,,,0,백만원
2021,유형자산투자액,대구광역시,기타 운송장비 제조업,,,2298,백만원
2021,유형자산감소액,대구광역시,기타 운송장비 제조업,,,10,백만원
2021,유형자산감가상각액,대구광역시,기타 운송장비 제조업,,,2280,백만원
2021,유형자산 연말잔액,대구광역시,기타 운송장비 제조업,,,29005,백만원
2021,연말잔액(토지),대구광역시,기타 운송장비 제조업,,,14035,백만원
2021,연말잔액(건물 및 구축물),대구광역시,기타 운송장비 제조업,,,9471,백만원
2021,연말잔액(기계장치),대구광역시,기타 운송장비 제조업,,,3914,백만원
2021,연말잔액(기타),대구광역시,기타 운송장비 제조업,,,1585,백만원
2021,사업체수,대구광역시,가구 제조업,,,18,개
2021,유형자산 연초잔액,대구광역시,가구 제조업,,,75035,백만원
2021,유형자산 연간증가,대구광역시,가구 제조업,,,11992,백만원
2021,연간증가(토지),대구광역시,가구 제조업,,,7704,백만원
2021,연간증가(건물 및 구축물),대구광역시,가구 제조업,,,1538,백만원
2021,연간증가(기계장치),대구광역시,가구 제조업,,,1783,백만원
2021,연간증가(차량 및 기타),대구광역시,가구 제조업,,,967,백만원
2021,건설중 자산증감,대구광역시,가구 제조업,,,1231,백만원
2021,유형자산투자액,대구광역시,가구 제조업,,,13223,백만원
2021,유형자산감소액,대구광역시,가구 제조업,,,1115,백만원
2021,유형자산감가상각액,대구광역시,가구 제조업,,,2382,백만원
2021,유형자산 연말잔액,대구광역시,가구 제조업,,,83530,백만원
2021,연말잔액(토지),대구광역시,가구 제조업,,,60517,백만원
2021,연말잔액(건물 및 구축물),대구광역시,가구 제조업,,,15406,백만원
2021,연말잔액(기계장치),대구광역시,가구 제조업,,,4498,백만원
2021,연말잔액(기타),대구광역시,가구 제조업,,,3109,백만원
2021,사업체수,대구광역시,기타 제품 제조업,,,25,개
2021,유형자산 연초잔액,대구광역시,기타 제품 제조업,,,44708,백만원
2021,유형자산 연간증가,대구광역시,기타 제품 제조업,,,12565,백만원
2021,연간증가(토지),대구광역시,기타 제품 제조업,,,7970,백만원
2021,연간증가(건물 및 구축물),대구광역시,기타 제품 제조업,,,3733,백만원
2021,연간증가(기계장치),대구광역시,기타 제품 제조업,,,558,백만원
2021,연간증가(차량 및 기타),대구광역시,기타 제품 제조업,,,304,백만원
2021,건설중 자산증감,대구광역시,기타 제품 제조업,,,-1049,백만원
2021,유형자산투자액,대구광역시,기타 제품 제조업,,,11516,백만원
2021,유형자산감소액,대구광역시,기타 제품 제조업,,,129,백만원
2021,유형자산감가상각액,대구광역시,기타 제품 제조업,,,1353,백만원
2021,유형자산 연말잔액,대구광역시,기타 제품 제조업,,,55791,백만원
2021,연말잔액(토지),대구광역시,기타 제품 제조업,,,32234,백만원
2021,연말잔액(건물 및 구축물),대구광역시,기타 제품 제조업,,,16170,백만원
2021,연말잔액(기계장치),대구광역시,기타 제품 제조업,,,4798,백만원
2021,연말잔액(기타),대구광역시,기타 제품 제조업,,,2589,백만원
2021,사업체수,대구광역시,산업용 기계 및 장비 수리업,,,7,개
2021,유형자산 연초잔액,대구광역시,산업용 기계 및 장비 수리업,,,5145,백만원
2021,유형자산 연간증가,대구광역시,산업용 기계 및 장비 수리업,,,451,백만원
2021,연간증가(기계장치),대구광역시,산업용 기계 및 장비 수리업,,,21,백만원
2021,연간증가(차량 및 기타),대구광역시,산업용 기계 및 장비 수리업,,,430,백만원
2021,유형자산투자액,대구광역시,산업용 기계 및 장비 수리업,,,451,백만원
2021,유형자산감소액,대구광역시,산업용 기계 및 장비 수리업,,,12,백만원
2021,유형자산감가상각액,대구광역시,산업용 기계 및 장비 수리업,,,361,백만원
2021,유형자산 연말잔액,대구광역시,산업용 기계 및 장비 수리업,,,5223,백만원
2021,연말잔액(토지),대구광역시,산업용 기계 및 장비 수리업,,,2977,백만원
2021,연말잔액(건물 및 구축물),대구광역시,산업용 기계 및 장비 수리업,,,1046,백만원
2021,연말잔액(기계장치),대구광역시,산업용 기계 및 장비 수리업,,,334,백만원
2021,연말잔액(기타),대구광역시,산업용 기계 및 장비 수리업,,,866,백만원
2022,사업체수,대구광역시,광업 및 제조업,,,3208,개
2022,유형자산 연초잔액,대구광역시,광업 및 제조업,,,15480613,백만원
2022,유형자산 연간증가,대구광역시,광업 및 제조업,,,2379449,백만원
2022,연간증가(토지),대구광역시,광업 및 제조업,,,892004,백만원
2022,연간증가(건물 및 구축물),대구광역시,광업 및 제조업,,,403660,백만원
2022,연간증가(기계장치),대구광역시,광업 및 제조업,,,784736,백만원
2022,연간증가(차량 및 기타),대구광역시,광업 및 제조업,,,299049,백만원
2022,건설중 자산증감,대구광역시,광업 및 제조업,,,368932,백만원
2022,유형자산투자액,대구광역시,광업 및 제조업,,,2748381,백만원
2022,유형자산감소액,대구광역시,광업 및 제조업,,,281282,백만원
2022,유형자산감가상각액,대구광역시,광업 및 제조업,,,1006444,백만원
2022,유형자산 연말잔액,대구광역시,광업 및 제조업,,,16572336,백만원
2022,연말잔액(토지),대구광역시,광업 및 제조업,,,9088499,백만원
2022,연말잔액(건물 및 구축물),대구광역시,광업 및 제조업,,,3823475,백만원
2022,연말잔액(기계장치),대구광역시,광업 및 제조업,,,2986611,백만원
2022,연말잔액(기타),대구광역시,광업 및 제조업,,,673751,백만원
2022,사업체수,대구광역시,광업(05~08),,,1,개
2022,유형자산 연초잔액,대구광역시,광업(05~08),,,X,백만원
2022,유형자산 연간증가,대구광역시,광업(05~08),,,X,백만원
2022,연간증가(토지),대구광역시,광업(05~08),,,X,백만원
2022,연간증가(건물 및 구축물),대구광역시,광업(05~08),,,X,백만원
2022,연간증가(기계장치),대구광역시,광업(05~08),,,X,백만원
2022,연간증가(차량 및 기타),대구광역시,광업(05~08),,,X,백만원
2022,건설중 자산증감,대구광역시,광업(05~08),,,X,백만원
2022,유형자산투자액,대구광역시,광업(05~08),,,X,백만원
2022,유형자산감소액,대구광역시,광업(05~08),,,X,백만원
2022,유형자산감가상각액,대구광역시,광업(05~08),,,X,백만원
2022,유형자산 연말잔액,대구광역시,광업(05~08),,,X,백만원
2022,연말잔액(토지),대구광역시,광업(05~08),,,X,백만원
2022,연말잔액(건물 및 구축물),대구광역시,광업(05~08),,,X,백만원
2022,연말잔액(기계장치),대구광역시,광업(05~08),,,X,백만원
2022,연말잔액(기타),대구광역시,광업(05~08),,,X,백만원
2022,사업체수,대구광역시,비금속광물 광업; 연료용 제외,,,1,개
2022,유형자산 연초잔액,대구광역시,비금속광물 광업; 연료용 제외,,,X,백만원
2022,유형자산 연간증가,대구광역시,비금속광물 광업; 연료용 제외,,,X,백만원
2022,연간증가(토지),대구광역시,비금속광물 광업; 연료용 제외,,,X,백만원
2022,연간증가(건물 및 구축물),대구광역시,비금속광물 광업; 연료용 제외,,,X,백만원
2022,연간증가(기계장치),대구광역시,비금속광물 광업; 연료용 제외,,,X,백만원
2022,연간증가(차량 및 기타),대구광역시,비금속광물 광업; 연료용 제외,,,X,백만원
2022,건설중 자산증감,대구광역시,비금속광물 광업; 연료용 제외,,,X,백만원
2022,유형자산투자액,대구광역시,비금속광물 광업; 연료용 제외,,,X,백만원
2022,유형자산감소액,대구광역시,비금속광물 광업; 연료용 제외,,,X,백만원
2022,유형자산감가상각액,대구광역시,비금속광물 광업; 연료용 제외,,,X,백만원
2022,유형자산 연말잔액,대구광역시,비금속광물 광업; 연료용 제외,,,X,백만원
2022,연말잔액(토지),대구광역시,비금속광물 광업; 연료용 제외,,,X,백만원
2022,연말잔액(건물 및 구축물),대구광역시,비금속광물 광업; 연료용 제외,,,X,백만원
2022,연말잔액(기계장치),대구광역시,비금속광물 광업; 연료용 제외,,,X,백만원
2022,연말잔액(기타),대구광역시,비금속광물 광업; 연료용 제외,,,X,백만원
2022,사업체수,대구광역시,제조업(10~34),,,3207,개
2022,유형자산 연초잔액,대구광역시,제조업(10~34),,,15478158,백만원
2022,유형자산 연간증가,대구광역시,제조업(10~34),,,2379445,백만원
2022,연간증가(토지),대구광역시,제조업(10~34),,,892004,백만원
2022,연간증가(건물 및 구축물),대구광역시,제조업(10~34),,,403660,백만원
2022,연간증가(기계장치),대구광역시,제조업(10~34),,,784732,백만원
2022,연간증가(차량 및 기타),대구광역시,제조업(10~34),,,299049,백만원
2022,건설중 자산증감,대구광역시,제조업(10~34),,,368932,백만원
2022,유형자산투자액,대구광역시,제조업(10~34),,,2748377,백만원
2022,유형자산감소액,대구광역시,제조업(10~34),,,280215,백만원
2022,유형자산감가상각액,대구광역시,제조업(10~34),,,1006385,백만원
2022,유형자산 연말잔액,대구광역시,제조업(10~34),,,16571003,백만원
2022,연말잔액(토지),대구광역시,제조업(10~34),,,9087614,백만원
2022,연말잔액(건물 및 구축물),대구광역시,제조업(10~34),,,3823151,백만원
2022,연말잔액(기계장치),대구광역시,제조업(10~34),,,2986509,백만원
2022,연말잔액(기타),대구광역시,제조업(10~34),,,673729,백만원
2022,사업체수,대구광역시,식료품 제조업,,,148,개
2022,유형자산 연초잔액,대구광역시,식료품 제조업,,,485699,백만원
2022,유형자산 연간증가,대구광역시,식료품 제조업,,,85977,백만원
2022,연간증가(토지),대구광역시,식료품 제조업,,,23551,백만원
2022,연간증가(건물 및 구축물),대구광역시,식료품 제조업,,,13623,백만원
2022,연간증가(기계장치),대구광역시,식료품 제조업,,,37866,백만원
2022,연간증가(차량 및 기타),대구광역시,식료품 제조업,,,10937,백만원
2022,건설중 자산증감,대구광역시,식료품 제조업,,,2327,백만원
2022,유형자산투자액,대구광역시,식료품 제조업,,,88304,백만원
2022,유형자산감소액,대구광역시,식료품 제조업,,,11331,백만원
2022,유형자산감가상각액,대구광역시,식료품 제조업,,,28896,백만원
2022,유형자산 연말잔액,대구광역시,식료품 제조업,,,531449,백만원
2022,연말잔액(토지),대구광역시,식료품 제조업,,,233453,백만원
2022,연말잔액(건물 및 구축물),대구광역시,식료품 제조업,,,151760,백만원
2022,연말잔액(기계장치),대구광역시,식료품 제조업,,,114539,백만원
2022,연말잔액(기타),대구광역시,식료품 제조업,,,31697,백만원
2022,사업체수,대구광역시,음료 제조업,,,7,개
2022,유형자산 연초잔액,대구광역시,음료 제조업,,,138973,백만원
2022,유형자산 연간증가,대구광역시,음료 제조업,,,46552,백만원
2022,연간증가(토지),대구광역시,음료 제조업,,,38905,백만원
2022,연간증가(건물 및 구축물),대구광역시,음료 제조업,,,2088,백만원
2022,연간증가(기계장치),대구광역시,음료 제조업,,,2218,백만원
2022,연간증가(차량 및 기타),대구광역시,음료 제조업,,,3341,백만원
2022,건설중 자산증감,대구광역시,음료 제조업,,,2469,백만원
2022,유형자산투자액,대구광역시,음료 제조업,,,49021,백만원
2022,유형자산감소액,대구광역시,음료 제조업,,,8020,백만원
2022,유형자산감가상각액,대구광역시,음료 제조업,,,10761,백만원
2022,유형자산 연말잔액,대구광역시,음료 제조업,,,166744,백만원
2022,연말잔액(토지),대구광역시,음료 제조업,,,118684,백만원
2022,연말잔액(건물 및 구축물),대구광역시,음료 제조업,,,23215,백만원
2022,연말잔액(기계장치),대구광역시,음료 제조업,,,19205,백만원
2022,연말잔액(기타),대구광역시,음료 제조업,,,5640,백만원
2022,사업체수,대구광역시,섬유제품 제조업; 의복제외,,,498,개
2022,유형자산 연초잔액,대구광역시,섬유제품 제조업; 의복제외,,,1678955,백만원
2022,유형자산 연간증가,대구광역시,섬유제품 제조업; 의복제외,,,228824,백만원
2022,연간증가(토지),대구광역시,섬유제품 제조업; 의복제외,,,111558,백만원
2022,연간증가(건물 및 구축물),대구광역시,섬유제품 제조업; 의복제외,,,37012,백만원
2022,연간증가(기계장치),대구광역시,섬유제품 제조업; 의복제외,,,65917,백만원
2022,연간증가(차량 및 기타),대구광역시,섬유제품 제조업; 의복제외,,,14337,백만원
2022,건설중 자산증감,대구광역시,섬유제품 제조업; 의복제외,,,-6579,백만원
2022,유형자산투자액,대구광역시,섬유제품 제조업; 의복제외,,,222245,백만원
2022,유형자산감소액,대구광역시,섬유제품 제조업; 의복제외,,,38032,백만원
2022,유형자산감가상각액,대구광역시,섬유제품 제조업; 의복제외,,,58755,백만원
2022,유형자산 연말잔액,대구광역시,섬유제품 제조업; 의복제외,,,1810992,백만원
2022,연말잔액(토지),대구광역시,섬유제품 제조업; 의복제외,,,1215327,백만원
2022,연말잔액(건물 및 구축물),대구광역시,섬유제품 제조업; 의복제외,,,354853,백만원
2022,연말잔액(기계장치),대구광역시,섬유제품 제조업; 의복제외,,,207135,백만원
2022,연말잔액(기타),대구광역시,섬유제품 제조업; 의복제외,,,33677,백만원
2022,사업체수,대구광역시,의복 의복 액세서리 및 모피제품 제조업,,,84,개
2022,유형자산 연초잔액,대구광역시,의복 의복 액세서리 및 모피제품 제조업,,,135662,백만원
2022,유형자산 연간증가,대구광역시,의복 의복 액세서리 및 모피제품 제조업,,,13189,백만원
2022,연간증가(토지),대구광역시,의복 의복 액세서리 및 모피제품 제조업,,,4706,백만원
2022,연간증가(건물 및 구축물),대구광역시,의복 의복 액세서리 및 모피제품 제조업,,,5503,백만원
2022,연간증가(기계장치),대구광역시,의복 의복 액세서리 및 모피제품 제조업,,,1035,백만원
2022,연간증가(차량 및 기타),대구광역시,의복 의복 액세서리 및 모피제품 제조업,,,1945,백만원
2022,건설중 자산증감,대구광역시,의복 의복 액세서리 및 모피제품 제조업,,,13,백만원
2022,유형자산투자액,대구광역시,의복 의복 액세서리 및 모피제품 제조업,,,13202,백만원
2022,유형자산감소액,대구광역시,의복 의복 액세서리 및 모피제품 제조업,,,841,백만원
2022,유형자산감가상각액,대구광역시,의복 의복 액세서리 및 모피제품 제조업,,,3267,백만원
2022,유형자산 연말잔액,대구광역시,의복 의복 액세서리 및 모피제품 제조업,,,144743,백만원
2022,연말잔액(토지),대구광역시,의복 의복 액세서리 및 모피제품 제조업,,,92376,백만원
2022,연말잔액(건물 및 구축물),대구광역시,의복 의복 액세서리 및 모피제품 제조업,,,39829,백만원
2022,연말잔액(기계장치),대구광역시,의복 의복 액세서리 및 모피제품 제조업,,,8070,백만원
2022,연말잔액(기타),대구광역시,의복 의복 액세서리 및 모피제품 제조업,,,4468,백만원
2022,사업체수,대구광역시,가죽 가방 및 신발 제조업,,,4,개
2022,유형자산 연초잔액,대구광역시,가죽 가방 및 신발 제조업,,,7607,백만원
2022,유형자산 연간증가,대구광역시,가죽 가방 및 신발 제조업,,,27,백만원
2022,연간증가(기계장치),대구광역시,가죽 가방 및 신발 제조업,,,25,백만원
2022,연간증가(차량 및 기타),대구광역시,가죽 가방 및 신발 제조업,,,2,백만원
2022,유형자산투자액,대구광역시,가죽 가방 및 신발 제조업,,,27,백만원
2022,유형자산감소액,대구광역시,가죽 가방 및 신발 제조업,,,2,백만원
2022,유형자산감가상각액,대구광역시,가죽 가방 및 신발 제조업,,,227,백만원
2022,유형자산 연말잔액,대구광역시,가죽 가방 및 신발 제조업,,,7405,백만원
2022,연말잔액(토지),대구광역시,가죽 가방 및 신발 제조업,,,5000,백만원
2022,연말잔액(건물 및 구축물),대구광역시,가죽 가방 및 신발 제조업,,,1154,백만원
2022,연말잔액(기계장치),대구광역시,가죽 가방 및 신발 제조업,,,1106,백만원
2022,연말잔액(기타),대구광역시,가죽 가방 및 신발 제조업,,,145,백만원
2022,사업체수,대구광역시,목재 및 나무제품 제조업; 가구 제외,,,15,개
2022,유형자산 연초잔액,대구광역시,목재 및 나무제품 제조업; 가구 제외,,,37079,백만원
2022,유형자산 연간증가,대구광역시,목재 및 나무제품 제조업; 가구 제외,,,4677,백만원
2022,연간증가(토지),대구광역시,목재 및 나무제품 제조업; 가구 제외,,,2,백만원
2022,연간증가(건물 및 구축물),대구광역시,목재 및 나무제품 제조업; 가구 제외,,,2267,백만원
2022,연간증가(기계장치),대구광역시,목재 및 나무제품 제조업; 가구 제외,,,2054,백만원
2022,연간증가(차량 및 기타),대구광역시,목재 및 나무제품 제조업; 가구 제외,,,354,백만원
2022,건설중 자산증감,대구광역시,목재 및 나무제품 제조업; 가구 제외,,,-502,백만원
2022,유형자산투자액,대구광역시,목재 및 나무제품 제조업; 가구 제외,,,4175,백만원
2022,유형자산감소액,대구광역시,목재 및 나무제품 제조업; 가구 제외,,,84,백만원
2022,유형자산감가상각액,대구광역시,목재 및 나무제품 제조업; 가구 제외,,,1979,백만원
2022,유형자산 연말잔액,대구광역시,목재 및 나무제품 제조업; 가구 제외,,,39693,백만원
2022,연말잔액(토지),대구광역시,목재 및 나무제품 제조업; 가구 제외,,,26865,백만원
2022,연말잔액(건물 및 구축물),대구광역시,목재 및 나무제품 제조업; 가구 제외,,,8805,백만원
2022,연말잔액(기계장치),대구광역시,목재 및 나무제품 제조업; 가구 제외,,,3148,백만원
2022,연말잔액(기타),대구광역시,목재 및 나무제품 제조업; 가구 제외,,,875,백만원
2022,사업체수,대구광역시,펄프 종이 및 종이제품 제조업,,,83,개
2022,유형자산 연초잔액,대구광역시,펄프 종이 및 종이제품 제조업,,,677170,백만원
2022,유형자산 연간증가,대구광역시,펄프 종이 및 종이제품 제조업,,,103615,백만원
2022,연간증가(토지),대구광역시,펄프 종이 및 종이제품 제조업,,,27816,백만원
2022,연간증가(건물 및 구축물),대구광역시,펄프 종이 및 종이제품 제조업,,,12312,백만원
2022,연간증가(기계장치),대구광역시,펄프 종이 및 종이제품 제조업,,,57422,백만원
2022,연간증가(차량 및 기타),대구광역시,펄프 종이 및 종이제품 제조업,,,6065,백만원
2022,건설중 자산증감,대구광역시,펄프 종이 및 종이제품 제조업,,,-11758,백만원
2022,유형자산투자액,대구광역시,펄프 종이 및 종이제품 제조업,,,91857,백만원
2022,유형자산감소액,대구광역시,펄프 종이 및 종이제품 제조업,,,19377,백만원
2022,유형자산감가상각액,대구광역시,펄프 종이 및 종이제품 제조업,,,46786,백만원
2022,유형자산 연말잔액,대구광역시,펄프 종이 및 종이제품 제조업,,,714622,백만원
2022,연말잔액(토지),대구광역시,펄프 종이 및 종이제품 제조업,,,344968,백만원
2022,연말잔액(건물 및 구축물),대구광역시,펄프 종이 및 종이제품 제조업,,,122251,백만원
2022,연말잔액(기계장치),대구광역시,펄프 종이 및 종이제품 제조업,,,232397,백만원
2022,연말잔액(기타),대구광역시,펄프 종이 및 종이제품 제조업,,,15006,백만원
2022,사업체수,대구광역시,인쇄 및 기록매체 복제업,,,50,개
2022,유형자산 연초잔액,대구광역시,인쇄 및 기록매체 복제업,,,125519,백만원
2022,유형자산 연간증가,대구광역시,인쇄 및 기록매체 복제업,,,14102,백만원
2022,연간증가(토지),대구광역시,인쇄 및 기록매체 복제업,,,6366,백만원
2022,연간증가(건물 및 구축물),대구광역시,인쇄 및 기록매체 복제업,,,1046,백만원
2022,연간증가(기계장치),대구광역시,인쇄 및 기록매체 복제업,,,5041,백만원
2022,연간증가(차량 및 기타),대구광역시,인쇄 및 기록매체 복제업,,,1649,백만원
2022,건설중 자산증감,대구광역시,인쇄 및 기록매체 복제업,,,15763,백만원
2022,유형자산투자액,대구광역시,인쇄 및 기록매체 복제업,,,29865,백만원
2022,유형자산감소액,대구광역시,인쇄 및 기록매체 복제업,,,1030,백만원
2022,유형자산감가상각액,대구광역시,인쇄 및 기록매체 복제업,,,8488,백만원
2022,유형자산 연말잔액,대구광역시,인쇄 및 기록매체 복제업,,,130103,백만원
2022,연말잔액(토지),대구광역시,인쇄 및 기록매체 복제업,,,67956,백만원
2022,연말잔액(건물 및 구축물),대구광역시,인쇄 및 기록매체 복제업,,,29979,백만원
2022,연말잔액(기계장치),대구광역시,인쇄 및 기록매체 복제업,,,27382,백만원
2022,연말잔액(기타),대구광역시,인쇄 및 기록매체 복제업,,,4786,백만원
2022,사업체수,대구광역시,화학물질 및 화학제품 제조업; 의약품 제외,,,41,개
2022,유형자산 연초잔액,대구광역시,화학물질 및 화학제품 제조업; 의약품 제외,,,215724,백만원
2022,유형자산 연간증가,대구광역시,화학물질 및 화학제품 제조업; 의약품 제외,,,37370,백만원
2022,연간증가(토지),대구광역시,화학물질 및 화학제품 제조업; 의약품 제외,,,9622,백만원
2022,연간증가(건물 및 구축물),대구광역시,화학물질 및 화학제품 제조업; 의약품 제외,,,13590,백만원
2022,연간증가(기계장치),대구광역시,화학물질 및 화학제품 제조업; 의약품 제외,,,10030,백만원
2022,연간증가(차량 및 기타),대구광역시,화학물질 및 화학제품 제조업; 의약품 제외,,,4128,백만원
2022,건설중 자산증감,대구광역시,화학물질 및 화학제품 제조업; 의약품 제외,,,-696,백만원
2022,유형자산투자액,대구광역시,화학물질 및 화학제품 제조업; 의약품 제외,,,36674,백만원
2022,유형자산감소액,대구광역시,화학물질 및 화학제품 제조업; 의약품 제외,,,2813,백만원
2022,유형자산감가상각액,대구광역시,화학물질 및 화학제품 제조업; 의약품 제외,,,12527,백만원
2022,유형자산 연말잔액,대구광역시,화학물질 및 화학제품 제조업; 의약품 제외,,,237754,백만원
2022,연말잔액(토지),대구광역시,화학물질 및 화학제품 제조업; 의약품 제외,,,138074,백만원
2022,연말잔액(건물 및 구축물),대구광역시,화학물질 및 화학제품 제조업; 의약품 제외,,,66931,백만원
2022,연말잔액(기계장치),대구광역시,화학물질 및 화학제품 제조업; 의약품 제외,,,26558,백만원
2022,연말잔액(기타),대구광역시,화학물질 및 화학제품 제조업; 의약품 제외,,,6191,백만원
2022,사업체수,대구광역시,의료용 물질 및 의약품 제조업,,,18,개
2022,유형자산 연초잔액,대구광역시,의료용 물질 및 의약품 제조업,,,93371,백만원
2022,유형자산 연간증가,대구광역시,의료용 물질 및 의약품 제조업,,,34492,백만원
2022,연간증가(토지),대구광역시,의료용 물질 및 의약품 제조업,,,6741,백만원
2022,연간증가(건물 및 구축물),대구광역시,의료용 물질 및 의약품 제조업,,,13950,백만원
2022,연간증가(기계장치),대구광역시,의료용 물질 및 의약품 제조업,,,11435,백만원
2022,연간증가(차량 및 기타),대구광역시,의료용 물질 및 의약품 제조업,,,2366,백만원
2022,건설중 자산증감,대구광역시,의료용 물질 및 의약품 제조업,,,-4202,백만원
2022,유형자산투자액,대구광역시,의료용 물질 및 의약품 제조업,,,30290,백만원
2022,유형자산감소액,대구광역시,의료용 물질 및 의약품 제조업,,,503,백만원
2022,유형자산감가상각액,대구광역시,의료용 물질 및 의약품 제조업,,,9134,백만원
2022,유형자산 연말잔액,대구광역시,의료용 물질 및 의약품 제조업,,,118226,백만원
2022,연말잔액(토지),대구광역시,의료용 물질 및 의약품 제조업,,,36460,백만원
2022,연말잔액(건물 및 구축물),대구광역시,의료용 물질 및 의약품 제조업,,,50224,백만원
2022,연말잔액(기계장치),대구광역시,의료용 물질 및 의약품 제조업,,,26746,백만원
2022,연말잔액(기타),대구광역시,의료용 물질 및 의약품 제조업,,,4796,백만원
2022,사업체수,대구광역시,고무 및 플라스틱제품 제조업,,,244,개
2022,유형자산 연초잔액,대구광역시,고무 및 플라스틱제품 제조업,,,1024485,백만원
2022,유형자산 연간증가,대구광역시,고무 및 플라스틱제품 제조업,,,165812,백만원
2022,연간증가(토지),대구광역시,고무 및 플라스틱제품 제조업,,,56588,백만원
2022,연간증가(건물 및 구축물),대구광역시,고무 및 플라스틱제품 제조업,,,37312,백만원
2022,연간증가(기계장치),대구광역시,고무 및 플라스틱제품 제조업,,,44147,백만원
2022,연간증가(차량 및 기타),대구광역시,고무 및 플라스틱제품 제조업,,,27765,백만원
2022,건설중 자산증감,대구광역시,고무 및 플라스틱제품 제조업,,,-722,백만원
2022,유형자산투자액,대구광역시,고무 및 플라스틱제품 제조업,,,165090,백만원
2022,유형자산감소액,대구광역시,고무 및 플라스틱제품 제조업,,,15356,백만원
2022,유형자산감가상각액,대구광역시,고무 및 플라스틱제품 제조업,,,71050,백만원
2022,유형자산 연말잔액,대구광역시,고무 및 플라스틱제품 제조업,,,1103891,백만원
2022,연말잔액(토지),대구광역시,고무 및 플라스틱제품 제조업,,,621374,백만원
2022,연말잔액(건물 및 구축물),대구광역시,고무 및 플라스틱제품 제조업,,,246690,백만원
2022,연말잔액(기계장치),대구광역시,고무 및 플라스틱제품 제조업,,,171253,백만원
2022,연말잔액(기타),대구광역시,고무 및 플라스틱제품 제조업,,,64574,백만원
2022,사업체수,대구광역시,비금속 광물제품 제조업,,,39,개
2022,유형자산 연초잔액,대구광역시,비금속 광물제품 제조업,,,235739,백만원
2022,유형자산 연간증가,대구광역시,비금속 광물제품 제조업,,,22901,백만원
2022,연간증가(토지),대구광역시,비금속 광물제품 제조업,,,7017,백만원
2022,연간증가(건물 및 구축물),대구광역시,비금속 광물제품 제조업,,,2287,백만원
2022,연간증가(기계장치),대구광역시,비금속 광물제품 제조업,,,8820,백만원
2022,연간증가(차량 및 기타),대구광역시,비금속 광물제품 제조업,,,4777,백만원
2022,건설중 자산증감,대구광역시,비금속 광물제품 제조업,,,12814,백만원
2022,유형자산투자액,대구광역시,비금속 광물제품 제조업,,,35715,백만원
2022,유형자산감소액,대구광역시,비금속 광물제품 제조업,,,1284,백만원
2022,유형자산감가상각액,대구광역시,비금속 광물제품 제조업,,,11137,백만원
2022,유형자산 연말잔액,대구광역시,비금속 광물제품 제조업,,,246219,백만원
2022,연말잔액(토지),대구광역시,비금속 광물제품 제조업,,,168107,백만원
2022,연말잔액(건물 및 구축물),대구광역시,비금속 광물제품 제조업,,,39105,백만원
2022,연말잔액(기계장치),대구광역시,비금속 광물제품 제조업,,,30875,백만원
2022,연말잔액(기타),대구광역시,비금속 광물제품 제조업,,,8132,백만원
2022,사업체수,대구광역시,1차 금속 제조업,,,89,개
2022,유형자산 연초잔액,대구광역시,1차 금속 제조업,,,670469,백만원
2022,유형자산 연간증가,대구광역시,1차 금속 제조업,,,94468,백만원
2022,연간증가(토지),대구광역시,1차 금속 제조업,,,30000,백만원
2022,연간증가(건물 및 구축물),대구광역시,1차 금속 제조업,,,16465,백만원
2022,연간증가(기계장치),대구광역시,1차 금속 제조업,,,29800,백만원
2022,연간증가(차량 및 기타),대구광역시,1차 금속 제조업,,,18203,백만원
2022,건설중 자산증감,대구광역시,1차 금속 제조업,,,6758,백만원
2022,유형자산투자액,대구광역시,1차 금속 제조업,,,101226,백만원
2022,유형자산감소액,대구광역시,1차 금속 제조업,,,6033,백만원
2022,유형자산감가상각액,대구광역시,1차 금속 제조업,,,57645,백만원
2022,유형자산 연말잔액,대구광역시,1차 금속 제조업,,,701259,백만원
2022,연말잔액(토지),대구광역시,1차 금속 제조업,,,417162,백만원
2022,연말잔액(건물 및 구축물),대구광역시,1차 금속 제조업,,,144061,백만원
2022,연말잔액(기계장치),대구광역시,1차 금속 제조업,,,116527,백만원
2022,연말잔액(기타),대구광역시,1차 금속 제조업,,,23509,백만원
2022,사업체수,대구광역시,금속가공제품 제조업; 기계 및 가구 제외,,,696,개
2022,유형자산 연초잔액,대구광역시,금속가공제품 제조업; 기계 및 가구 제외,,,2673706,백만원
2022,유형자산 연간증가,대구광역시,금속가공제품 제조업; 기계 및 가구 제외,,,298217,백만원
2022,연간증가(토지),대구광역시,금속가공제품 제조업; 기계 및 가구 제외,,,117309,백만원
2022,연간증가(건물 및 구축물),대구광역시,금속가공제품 제조업; 기계 및 가구 제외,,,34982,백만원
2022,연간증가(기계장치),대구광역시,금속가공제품 제조업; 기계 및 가구 제외,,,111852,백만원
2022,연간증가(차량 및 기타),대구광역시,금속가공제품 제조업; 기계 및 가구 제외,,,34074,백만원
2022,건설중 자산증감,대구광역시,금속가공제품 제조업; 기계 및 가구 제외,,,9986,백만원
2022,유형자산투자액,대구광역시,금속가공제품 제조업; 기계 및 가구 제외,,,308203,백만원
2022,유형자산감소액,대구광역시,금속가공제품 제조업; 기계 및 가구 제외,,,40468,백만원
2022,유형자산감가상각액,대구광역시,금속가공제품 제조업; 기계 및 가구 제외,,,159122,백만원
2022,유형자산 연말잔액,대구광역시,금속가공제품 제조업; 기계 및 가구 제외,,,2772333,백만원
2022,연말잔액(토지),대구광역시,금속가공제품 제조업; 기계 및 가구 제외,,,1558481,백만원
2022,연말잔액(건물 및 구축물),대구광역시,금속가공제품 제조업; 기계 및 가구 제외,,,570904,백만원
2022,연말잔액(기계장치),대구광역시,금속가공제품 제조업; 기계 및 가구 제외,,,547150,백만원
2022,연말잔액(기타),대구광역시,금속가공제품 제조업; 기계 및 가구 제외,,,95798,백만원
2022,사업체수,대구광역시,전자부품 컴퓨터 영상 음향 및 통신장비 제조업,,,57,개
2022,유형자산 연초잔액,대구광역시,전자부품 컴퓨터 영상 음향 및 통신장비 제조업,,,349448,백만원
2022,유형자산 연간증가,대구광역시,전자부품 컴퓨터 영상 음향 및 통신장비 제조업,,,61297,백만원
2022,연간증가(토지),대구광역시,전자부품 컴퓨터 영상 음향 및 통신장비 제조업,,,12699,백만원
2022,연간증가(건물 및 구축물),대구광역시,전자부품 컴퓨터 영상 음향 및 통신장비 제조업,,,8174,백만원
2022,연간증가(기계장치),대구광역시,전자부품 컴퓨터 영상 음향 및 통신장비 제조업,,,36180,백만원
2022,연간증가(차량 및 기타),대구광역시,전자부품 컴퓨터 영상 음향 및 통신장비 제조업,,,4244,백만원
2022,건설중 자산증감,대구광역시,전자부품 컴퓨터 영상 음향 및 통신장비 제조업,,,49501,백만원
2022,유형자산투자액,대구광역시,전자부품 컴퓨터 영상 음향 및 통신장비 제조업,,,110798,백만원
2022,유형자산감소액,대구광역시,전자부품 컴퓨터 영상 음향 및 통신장비 제조업,,,5938,백만원
2022,유형자산감가상각액,대구광역시,전자부품 컴퓨터 영상 음향 및 통신장비 제조업,,,35954,백만원
2022,유형자산 연말잔액,대구광역시,전자부품 컴퓨터 영상 음향 및 통신장비 제조업,,,368853,백만원
2022,연말잔액(토지),대구광역시,전자부품 컴퓨터 영상 음향 및 통신장비 제조업,,,164976,백만원
2022,연말잔액(건물 및 구축물),대구광역시,전자부품 컴퓨터 영상 음향 및 통신장비 제조업,,,93749,백만원
2022,연말잔액(기계장치),대구광역시,전자부품 컴퓨터 영상 음향 및 통신장비 제조업,,,96851,백만원
2022,연말잔액(기타),대구광역시,전자부품 컴퓨터 영상 음향 및 통신장비 제조업,,,13277,백만원
2022,사업체수,대구광역시,의료 정밀 광학기기 및 시계 제조업,,,142,개
2022,유형자산 연초잔액,대구광역시,의료 정밀 광학기기 및 시계 제조업,,,578658,백만원
2022,유형자산 연간증가,대구광역시,의료 정밀 광학기기 및 시계 제조업,,,111145,백만원
2022,연간증가(토지),대구광역시,의료 정밀 광학기기 및 시계 제조업,,,44415,백만원
2022,연간증가(건물 및 구축물),대구광역시,의료 정밀 광학기기 및 시계 제조업,,,29876,백만원
2022,연간증가(기계장치),대구광역시,의료 정밀 광학기기 및 시계 제조업,,,24924,백만원
2022,연간증가(차량 및 기타),대구광역시,의료 정밀 광학기기 및 시계 제조업,,,11930,백만원
2022,건설중 자산증감,대구광역시,의료 정밀 광학기기 및 시계 제조업,,,15811,백만원
2022,유형자산투자액,대구광역시,의료 정밀 광학기기 및 시계 제조업,,,126956,백만원
2022,유형자산감소액,대구광역시,의료 정밀 광학기기 및 시계 제조업,,,1306,백만원
2022,유형자산감가상각액,대구광역시,의료 정밀 광학기기 및 시계 제조업,,,32807,백만원
2022,유형자산 연말잔액,대구광역시,의료 정밀 광학기기 및 시계 제조업,,,655690,백만원
2022,연말잔액(토지),대구광역시,의료 정밀 광학기기 및 시계 제조업,,,347658,백만원
2022,연말잔액(건물 및 구축물),대구광역시,의료 정밀 광학기기 및 시계 제조업,,,213146,백만원
2022,연말잔액(기계장치),대구광역시,의료 정밀 광학기기 및 시계 제조업,,,71116,백만원
2022,연말잔액(기타),대구광역시,의료 정밀 광학기기 및 시계 제조업,,,23770,백만원
2022,사업체수,대구광역시,전기장비 제조업,,,141,개
2022,유형자산 연초잔액,대구광역시,전기장비 제조업,,,864179,백만원
2022,유형자산 연간증가,대구광역시,전기장비 제조업,,,313866,백만원
2022,연간증가(토지),대구광역시,전기장비 제조업,,,123042,백만원
2022,연간증가(건물 및 구축물),대구광역시,전기장비 제조업,,,65096,백만원
2022,연간증가(기계장치),대구광역시,전기장비 제조업,,,74225,백만원
2022,연간증가(차량 및 기타),대구광역시,전기장비 제조업,,,51503,백만원
2022,건설중 자산증감,대구광역시,전기장비 제조업,,,179668,백만원
2022,유형자산투자액,대구광역시,전기장비 제조업,,,493534,백만원
2022,유형자산감소액,대구광역시,전기장비 제조업,,,18927,백만원
2022,유형자산감가상각액,대구광역시,전기장비 제조업,,,94530,백만원
2022,유형자산 연말잔액,대구광역시,전기장비 제조업,,,1064588,백만원
2022,연말잔액(토지),대구광역시,전기장비 제조업,,,504801,백만원
2022,연말잔액(건물 및 구축물),대구광역시,전기장비 제조업,,,255711,백만원
2022,연말잔액(기계장치),대구광역시,전기장비 제조업,,,235015,백만원
2022,연말잔액(기타),대구광역시,전기장비 제조업,,,69061,백만원
2022,사업체수,대구광역시,기타 기계 및 장비 제조업,,,508,개
2022,유형자산 연초잔액,대구광역시,기타 기계 및 장비 제조업,,,2856007,백만원
2022,유형자산 연간증가,대구광역시,기타 기계 및 장비 제조업,,,366519,백만원
2022,연간증가(토지),대구광역시,기타 기계 및 장비 제조업,,,173408,백만원
2022,연간증가(건물 및 구축물),대구광역시,기타 기계 및 장비 제조업,,,61547,백만원
2022,연간증가(기계장치),대구광역시,기타 기계 및 장비 제조업,,,86266,백만원
2022,연간증가(차량 및 기타),대구광역시,기타 기계 및 장비 제조업,,,45298,백만원
2022,건설중 자산증감,대구광역시,기타 기계 및 장비 제조업,,,70610,백만원
2022,유형자산투자액,대구광역시,기타 기계 및 장비 제조업,,,437129,백만원
2022,유형자산감소액,대구광역시,기타 기계 및 장비 제조업,,,39072,백만원
2022,유형자산감가상각액,대구광역시,기타 기계 및 장비 제조업,,,148676,백만원
2022,유형자산 연말잔액,대구광역시,기타 기계 및 장비 제조업,,,3034778,백만원
2022,연말잔액(토지),대구광역시,기타 기계 및 장비 제조업,,,1775599,백만원
2022,연말잔액(건물 및 구축물),대구광역시,기타 기계 및 장비 제조업,,,787995,백만원
2022,연말잔액(기계장치),대구광역시,기타 기계 및 장비 제조업,,,356598,백만원
2022,연말잔액(기타),대구광역시,기타 기계 및 장비 제조업,,,114586,백만원
2022,사업체수,대구광역시,자동차 및 트레일러 제조업,,,279,개
2022,유형자산 연초잔액,대구광역시,자동차 및 트레일러 제조업,,,2437362,백만원
2022,유형자산 연간증가,대구광역시,자동차 및 트레일러 제조업,,,359280,백만원
2022,연간증가(토지),대구광역시,자동차 및 트레일러 제조업,,,90187,백만원
2022,연간증가(건물 및 구축물),대구광역시,자동차 및 트레일러 제조업,,,45911,백만원
2022,연간증가(기계장치),대구광역시,자동차 및 트레일러 제조업,,,170241,백만원
2022,연간증가(차량 및 기타),대구광역시,자동차 및 트레일러 제조업,,,52941,백만원
2022,건설중 자산증감,대구광역시,자동차 및 트레일러 제조업,,,26130,백만원
2022,유형자산투자액,대구광역시,자동차 및 트레일러 제조업,,,385410,백만원
2022,유형자산감소액,대구광역시,자동차 및 트레일러 제조업,,,67961,백만원
2022,유형자산감가상각액,대구광역시,자동차 및 트레일러 제조업,,,207136,백만원
2022,유형자산 연말잔액,대구광역시,자동차 및 트레일러 제조업,,,2521545,백만원
2022,연말잔액(토지),대구광역시,자동차 및 트레일러 제조업,,,1120740,백만원
2022,연말잔액(건물 및 구축물),대구광역시,자동차 및 트레일러 제조업,,,576971,백만원
2022,연말잔액(기계장치),대구광역시,자동차 및 트레일러 제조업,,,678140,백만원
2022,연말잔액(기타),대구광역시,자동차 및 트레일러 제조업,,,145694,백만원
2022,사업체수,대구광역시,기타 운송장비 제조업,,,10,개
2022,유형자산 연초잔액,대구광역시,기타 운송장비 제조업,,,33851,백만원
2022,유형자산 연간증가,대구광역시,기타 운송장비 제조업,,,3031,백만원
2022,연간증가(토지),대구광역시,기타 운송장비 제조업,,,777,백만원
2022,연간증가(건물 및 구축물),대구광역시,기타 운송장비 제조업,,,446,백만원
2022,연간증가(기계장치),대구광역시,기타 운송장비 제조업,,,943,백만원
2022,연간증가(차량 및 기타),대구광역시,기타 운송장비 제조업,,,865,백만원
2022,유형자산투자액,대구광역시,기타 운송장비 제조업,,,3031,백만원
2022,유형자산감소액,대구광역시,기타 운송장비 제조업,,,381,백만원
2022,유형자산감가상각액,대구광역시,기타 운송장비 제조업,,,1570,백만원
2022,유형자산 연말잔액,대구광역시,기타 운송장비 제조업,,,34931,백만원
2022,연말잔액(토지),대구광역시,기타 운송장비 제조업,,,18148,백만원
2022,연말잔액(건물 및 구축물),대구광역시,기타 운송장비 제조업,,,10975,백만원
2022,연말잔액(기계장치),대구광역시,기타 운송장비 제조업,,,4762,백만원
2022,연말잔액(기타),대구광역시,기타 운송장비 제조업,,,1046,백만원
2022,사업체수,대구광역시,가구 제조업,,,17,개
2022,유형자산 연초잔액,대구광역시,가구 제조업,,,85822,백만원
2022,유형자산 연간증가,대구광역시,가구 제조업,,,4314,백만원
2022,연간증가(토지),대구광역시,가구 제조업,,,2063,백만원
2022,연간증가(기계장치),대구광역시,가구 제조업,,,1090,백만원
2022,연간증가(차량 및 기타),대구광역시,가구 제조업,,,1161,백만원
2022,건설중 자산증감,대구광역시,가구 제조업,,,303,백만원
2022,유형자산투자액,대구광역시,가구 제조업,,,4617,백만원
2022,유형자산감소액,대구광역시,가구 제조업,,,183,백만원
2022,유형자산감가상각액,대구광역시,가구 제조업,,,2851,백만원
2022,유형자산 연말잔액,대구광역시,가구 제조업,,,87102,백만원
2022,연말잔액(토지),대구광역시,가구 제조업,,,64047,백만원
2022,연말잔액(건물 및 구축물),대구광역시,가구 제조업,,,15265,백만원
2022,연말잔액(기계장치),대구광역시,가구 제조업,,,4502,백만원
2022,연말잔액(기타),대구광역시,가구 제조업,,,3288,백만원
2022,사업체수,대구광역시,기타 제품 제조업,,,29,개
2022,유형자산 연초잔액,대구광역시,기타 제품 제조업,,,66759,백만원
2022,유형자산 연간증가,대구광역시,기타 제품 제조업,,,9552,백만원
2022,연간증가(토지),대구광역시,기타 제품 제조업,,,5232,백만원
2022,연간증가(건물 및 구축물),대구광역시,기타 제품 제조업,,,173,백만원
2022,연간증가(기계장치),대구광역시,기타 제품 제조업,,,3188,백만원
2022,연간증가(차량 및 기타),대구광역시,기타 제품 제조업,,,959,백만원
2022,건설중 자산증감,대구광역시,기타 제품 제조업,,,1238,백만원
2022,유형자산투자액,대구광역시,기타 제품 제조업,,,10790,백만원
2022,유형자산감소액,대구광역시,기타 제품 제조업,,,1272,백만원
2022,유형자산감가상각액,대구광역시,기타 제품 제조업,,,2784,백만원
2022,유형자산 연말잔액,대구광역시,기타 제품 제조업,,,72255,백만원
2022,연말잔액(토지),대구광역시,기타 제품 제조업,,,43993,백만원
2022,연말잔액(건물 및 구축물),대구광역시,기타 제품 제조업,,,18368,백만원
2022,연말잔액(기계장치),대구광역시,기타 제품 제조업,,,7168,백만원
2022,연말잔액(기타),대구광역시,기타 제품 제조업,,,2726,백만원
2022,사업체수,대구광역시,산업용 기계 및 장비 수리업,,,8,개
2022,유형자산 연초잔액,대구광역시,산업용 기계 및 장비 수리업,,,5914,백만원
2022,유형자산 연간증가,대구광역시,산업용 기계 및 장비 수리업,,,218,백만원
2022,연간증가(기계장치),대구광역시,산업용 기계 및 장비 수리업,,,13,백만원
2022,연간증가(차량 및 기타),대구광역시,산업용 기계 및 장비 수리업,,,205,백만원
2022,유형자산투자액,대구광역시,산업용 기계 및 장비 수리업,,,218,백만원
2022,유형자산감소액,대구광역시,산업용 기계 및 장비 수리업,,,1,백만원
2022,유형자산감가상각액,대구광역시,산업용 기계 및 장비 수리업,,,303,백만원
2022,유형자산 연말잔액,대구광역시,산업용 기계 및 장비 수리업,,,5828,백만원
2022,연말잔액(토지),대구광역시,산업용 기계 및 장비 수리업,,,3365,백만원
2022,연말잔액(건물 및 구축물),대구광역시,산업용 기계 및 장비 수리업,,,1210,백만원
2022,연말잔액(기계장치),대구광역시,산업용 기계 및 장비 수리업,,,266,백만원
2022,연말잔액(기타),대구광역시,산업용 기계 및 장비 수리업,,,987,백만원
2023,사업체수,대구광역시,광업 및 제조업,,,3162,개
2023,유형자산 연초잔액,대구광역시,광업 및 제조업,,,16470928,백만원
2023,유형자산 연간증가,대구광역시,광업 및 제조업,,,2632278,백만원
2023,연간증가(토지),대구광역시,광업 및 제조업,,,753838,백만원
2023,연간증가(건물 및 구축물),대구광역시,광업 및 제조업,,,622067,백만원
2023,연간증가(기계장치),대구광역시,광업 및 제조업,,,959037,백만원
2023,연간증가(차량 및 기타),대구광역시,광업 및 제조업,,,297336,백만원
2023,건설중 자산증감,대구광역시,광업 및 제조업,,,35858,백만원
2023,유형자산투자액,대구광역시,광업 및 제조업,,,2668136,백만원
2023,유형자산감소액,대구광역시,광업 및 제조업,,,353468,백만원
2023,유형자산감가상각액,대구광역시,광업 및 제조업,,,1038648,백만원
2023,유형자산 연말잔액,대구광역시,광업 및 제조업,,,17711090,백만원
2023,연말잔액(토지),대구광역시,광업 및 제조업,,,9531884,백만원
2023,연말잔액(건물 및 구축물),대구광역시,광업 및 제조업,,,4265277,백만원
2023,연말잔액(기계장치),대구광역시,광업 및 제조업,,,3208203,백만원
2023,연말잔액(기타),대구광역시,광업 및 제조업,,,705726,백만원
2023,사업체수,대구광역시,광업(05~08),,,2,개
2023,유형자산 연초잔액,대구광역시,광업(05~08),,,X,백만원
2023,유형자산 연간증가,대구광역시,광업(05~08),,,X,백만원
2023,연간증가(토지),대구광역시,광업(05~08),,,X,백만원
2023,연간증가(건물 및 구축물),대구광역시,광업(05~08),,,X,백만원
2023,연간증가(기계장치),대구광역시,광업(05~08),,,X,백만원
2023,연간증가(차량 및 기타),대구광역시,광업(05~08),,,X,백만원
2023,건설중 자산증감,대구광역시,광업(05~08),,,X,백만원
2023,유형자산투자액,대구광역시,광업(05~08),,,X,백만원
2023,유형자산감소액,대구광역시,광업(05~08),,,X,백만원
2023,유형자산감가상각액,대구광역시,광업(05~08),,,X,백만원
2023,유형자산 연말잔액,대구광역시,광업(05~08),,,X,백만원
2023,연말잔액(토지),대구광역시,광업(05~08),,,X,백만원
2023,연말잔액(건물 및 구축물),대구광역시,광업(05~08),,,X,백만원
2023,연말잔액(기계장치),대구광역시,광업(05~08),,,X,백만원
2023,연말잔액(기타),대구광역시,광업(05~08),,,X,백만원
2023,사업체수,대구광역시,비금속광물 광업; 연료용 제외,,,2,개
2023,유형자산 연초잔액,대구광역시,비금속광물 광업; 연료용 제외,,,X,백만원
2023,유형자산 연간증가,대구광역시,비금속광물 광업; 연료용 제외,,,X,백만원
2023,연간증가(토지),대구광역시,비금속광물 광업; 연료용 제외,,,X,백만원
2023,연간증가(건물 및 구축물),대구광역시,비금속광물 광업; 연료용 제외,,,X,백만원
2023,연간증가(기계장치),대구광역시,비금속광물 광업; 연료용 제외,,,X,백만원
2023,연간증가(차량 및 기타),대구광역시,비금속광물 광업; 연료용 제외,,,X,백만원
2023,건설중 자산증감,대구광역시,비금속광물 광업; 연료용 제외,,,X,백만원
2023,유형자산투자액,대구광역시,비금속광물 광업; 연료용 제외,,,X,백만원
2023,유형자산감소액,대구광역시,비금속광물 광업; 연료용 제외,,,X,백만원
2023,유형자산감가상각액,대구광역시,비금속광물 광업; 연료용 제외,,,X,백만원
2023,유형자산 연말잔액,대구광역시,비금속광물 광업; 연료용 제외,,,X,백만원
2023,연말잔액(토지),대구광역시,비금속광물 광업; 연료용 제외,,,X,백만원
2023,연말잔액(건물 및 구축물),대구광역시,비금속광물 광업; 연료용 제외,,,X,백만원
2023,연말잔액(기계장치),대구광역시,비금속광물 광업; 연료용 제외,,,X,백만원
2023,연말잔액(기타),대구광역시,비금속광물 광업; 연료용 제외,,,X,백만원
2023,사업체수,대구광역시,제조업(10~34),,,3160,개
2023,유형자산 연초잔액,대구광역시,제조업(10~34),,,16436799,백만원
2023,유형자산 연간증가,대구광역시,제조업(10~34),,,2628652,백만원
2023,연간증가(토지),대구광역시,제조업(10~34),,,753609,백만원
2023,연간증가(건물 및 구축물),대구광역시,제조업(10~34),,,621920,백만원
2023,연간증가(기계장치),대구광역시,제조업(10~34),,,959032,백만원
2023,연간증가(차량 및 기타),대구광역시,제조업(10~34),,,294091,백만원
2023,건설중 자산증감,대구광역시,제조업(10~34),,,35834,백만원
2023,유형자산투자액,대구광역시,제조업(10~34),,,2664486,백만원
2023,유형자산감소액,대구광역시,제조업(10~34),,,349893,백만원
2023,유형자산감가상각액,대구광역시,제조업(10~34),,,1035560,백만원
2023,유형자산 연말잔액,대구광역시,제조업(10~34),,,17679998,백만원
2023,연말잔액(토지),대구광역시,제조업(10~34),,,9525000,백만원
2023,연말잔액(건물 및 구축물),대구광역시,제조업(10~34),,,4262225,백만원
2023,연말잔액(기계장치),대구광역시,제조업(10~34),,,3199301,백만원
2023,연말잔액(기타),대구광역시,제조업(10~34),,,693472,백만원
2023,사업체수,대구광역시,식료품 제조업,,,165,개
2023,유형자산 연초잔액,대구광역시,식료품 제조업,,,668581,백만원
2023,유형자산 연간증가,대구광역시,식료품 제조업,,,78668,백만원
2023,연간증가(토지),대구광역시,식료품 제조업,,,25805,백만원
2023,연간증가(건물 및 구축물),대구광역시,식료품 제조업,,,15017,백만원
2023,연간증가(기계장치),대구광역시,식료품 제조업,,,20260,백만원
2023,연간증가(차량 및 기타),대구광역시,식료품 제조업,,,17586,백만원
2023,건설중 자산증감,대구광역시,식료품 제조업,,,4173,백만원
2023,유형자산투자액,대구광역시,식료품 제조업,,,82841,백만원
2023,유형자산감소액,대구광역시,식료품 제조업,,,4191,백만원
2023,유형자산감가상각액,대구광역시,식료품 제조업,,,44668,백만원
2023,유형자산 연말잔액,대구광역시,식료품 제조업,,,698390,백만원
2023,연말잔액(토지),대구광역시,식료품 제조업,,,327591,백만원
2023,연말잔액(건물 및 구축물),대구광역시,식료품 제조업,,,172511,백만원
2023,연말잔액(기계장치),대구광역시,식료품 제조업,,,158031,백만원
2023,연말잔액(기타),대구광역시,식료품 제조업,,,40257,백만원
2023,사업체수,대구광역시,음료 제조업,,,4,개
2023,유형자산 연초잔액,대구광역시,음료 제조업,,,96717,백만원
2023,유형자산 연간증가,대구광역시,음료 제조업,,,21991,백만원
2023,연간증가(건물 및 구축물),대구광역시,음료 제조업,,,3160,백만원
2023,연간증가(기계장치),대구광역시,음료 제조업,,,17350,백만원
2023,연간증가(차량 및 기타),대구광역시,음료 제조업,,,1481,백만원
2023,건설중 자산증감,대구광역시,음료 제조업,,,-12908,백만원
2023,유형자산투자액,대구광역시,음료 제조업,,,9083,백만원
2023,유형자산감소액,대구광역시,음료 제조업,,,2303,백만원
2023,유형자산감가상각액,대구광역시,음료 제조업,,,5342,백만원
2023,유형자산 연말잔액,대구광역시,음료 제조업,,,111063,백만원
2023,연말잔액(토지),대구광역시,음료 제조업,,,66633,백만원
2023,연말잔액(건물 및 구축물),대구광역시,음료 제조업,,,16445,백만원
2023,연말잔액(기계장치),대구광역시,음료 제조업,,,24432,백만원
2023,연말잔액(기타),대구광역시,음료 제조업,,,3553,백만원
2023,사업체수,대구광역시,섬유제품 제조업; 의복제외,,,471,개
2023,유형자산 연초잔액,대구광역시,섬유제품 제조업; 의복제외,,,1731577,백만원
2023,유형자산 연간증가,대구광역시,섬유제품 제조업; 의복제외,,,173214,백만원
2023,연간증가(토지),대구광역시,섬유제품 제조업; 의복제외,,,91446,백만원
2023,연간증가(건물 및 구축물),대구광역시,섬유제품 제조업; 의복제외,,,19178,백만원
2023,연간증가(기계장치),대구광역시,섬유제품 제조업; 의복제외,,,48318,백만원
2023,연간증가(차량 및 기타),대구광역시,섬유제품 제조업; 의복제외,,,14272,백만원
2023,건설중 자산증감,대구광역시,섬유제품 제조업; 의복제외,,,2542,백만원
2023,유형자산투자액,대구광역시,섬유제품 제조업; 의복제외,,,175756,백만원
2023,유형자산감소액,대구광역시,섬유제품 제조업; 의복제외,,,20734,백만원
2023,유형자산감가상각액,대구광역시,섬유제품 제조업; 의복제외,,,62588,백만원
2023,유형자산 연말잔액,대구광역시,섬유제품 제조업; 의복제외,,,1821469,백만원
2023,연말잔액(토지),대구광역시,섬유제품 제조업; 의복제외,,,1252191,백만원
2023,연말잔액(건물 및 구축물),대구광역시,섬유제품 제조업; 의복제외,,,341401,백만원
2023,연말잔액(기계장치),대구광역시,섬유제품 제조업; 의복제외,,,193153,백만원
2023,연말잔액(기타),대구광역시,섬유제품 제조업; 의복제외,,,34724,백만원
2023,사업체수,대구광역시,의복 의복 액세서리 및 모피제품 제조업,,,77,개
2023,유형자산 연초잔액,대구광역시,의복 의복 액세서리 및 모피제품 제조업,,,134214,백만원
2023,유형자산 연간증가,대구광역시,의복 의복 액세서리 및 모피제품 제조업,,,10685,백만원
2023,연간증가(토지),대구광역시,의복 의복 액세서리 및 모피제품 제조업,,,6433,백만원
2023,연간증가(건물 및 구축물),대구광역시,의복 의복 액세서리 및 모피제품 제조업,,,606,백만원
2023,연간증가(기계장치),대구광역시,의복 의복 액세서리 및 모피제품 제조업,,,865,백만원
2023,연간증가(차량 및 기타),대구광역시,의복 의복 액세서리 및 모피제품 제조업,,,2781,백만원
2023,건설중 자산증감,대구광역시,의복 의복 액세서리 및 모피제품 제조업,,,243,백만원
2023,유형자산투자액,대구광역시,의복 의복 액세서리 및 모피제품 제조업,,,10928,백만원
2023,유형자산감소액,대구광역시,의복 의복 액세서리 및 모피제품 제조업,,,2545,백만원
2023,유형자산감가상각액,대구광역시,의복 의복 액세서리 및 모피제품 제조업,,,4014,백만원
2023,유형자산 연말잔액,대구광역시,의복 의복 액세서리 및 모피제품 제조업,,,138340,백만원
2023,연말잔액(토지),대구광역시,의복 의복 액세서리 및 모피제품 제조업,,,91089,백만원
2023,연말잔액(건물 및 구축물),대구광역시,의복 의복 액세서리 및 모피제품 제조업,,,36788,백만원
2023,연말잔액(기계장치),대구광역시,의복 의복 액세서리 및 모피제품 제조업,,,6162,백만원
2023,연말잔액(기타),대구광역시,의복 의복 액세서리 및 모피제품 제조업,,,4301,백만원
2023,사업체수,대구광역시,가죽 가방 및 신발 제조업,,,3,개
2023,유형자산 연초잔액,대구광역시,가죽 가방 및 신발 제조업,,,X,백만원
2023,유형자산 연간증가,대구광역시,가죽 가방 및 신발 제조업,,,X,백만원
2023,연간증가(토지),대구광역시,가죽 가방 및 신발 제조업,,,X,백만원
2023,연간증가(건물 및 구축물),대구광역시,가죽 가방 및 신발 제조업,,,X,백만원
2023,연간증가(기계장치),대구광역시,가죽 가방 및 신발 제조업,,,X,백만원
2023,연간증가(차량 및 기타),대구광역시,가죽 가방 및 신발 제조업,,,X,백만원
2023,건설중 자산증감,대구광역시,가죽 가방 및 신발 제조업,,,X,백만원
2023,유형자산투자액,대구광역시,가죽 가방 및 신발 제조업,,,X,백만원
2023,유형자산감소액,대구광역시,가죽 가방 및 신발 제조업,,,X,백만원
2023,유형자산감가상각액,대구광역시,가죽 가방 및 신발 제조업,,,X,백만원
2023,유형자산 연말잔액,대구광역시,가죽 가방 및 신발 제조업,,,X,백만원
2023,연말잔액(토지),대구광역시,가죽 가방 및 신발 제조업,,,X,백만원
2023,연말잔액(건물 및 구축물),대구광역시,가죽 가방 및 신발 제조업,,,X,백만원
2023,연말잔액(기계장치),대구광역시,가죽 가방 및 신발 제조업,,,X,백만원
2023,연말잔액(기타),대구광역시,가죽 가방 및 신발 제조업,,,X,백만원
2023,사업체수,대구광역시,목재 및 나무제품 제조업; 가구 제외,,,16,개
2023,유형자산 연초잔액,대구광역시,목재 및 나무제품 제조업; 가구 제외,,,40528,백만원
2023,유형자산 연간증가,대구광역시,목재 및 나무제품 제조업; 가구 제외,,,11507,백만원
2023,연간증가(토지),대구광역시,목재 및 나무제품 제조업; 가구 제외,,,9821,백만원
2023,연간증가(건물 및 구축물),대구광역시,목재 및 나무제품 제조업; 가구 제외,,,1088,백만원
2023,연간증가(기계장치),대구광역시,목재 및 나무제품 제조업; 가구 제외,,,438,백만원
2023,연간증가(차량 및 기타),대구광역시,목재 및 나무제품 제조업; 가구 제외,,,160,백만원
2023,유형자산투자액,대구광역시,목재 및 나무제품 제조업; 가구 제외,,,11507,백만원
2023,유형자산감소액,대구광역시,목재 및 나무제품 제조업; 가구 제외,,,12,백만원
2023,유형자산감가상각액,대구광역시,목재 및 나무제품 제조업; 가구 제외,,,1312,백만원
2023,유형자산 연말잔액,대구광역시,목재 및 나무제품 제조업; 가구 제외,,,50711,백만원
2023,연말잔액(토지),대구광역시,목재 및 나무제품 제조업; 가구 제외,,,37031,백만원
2023,연말잔액(건물 및 구축물),대구광역시,목재 및 나무제품 제조업; 가구 제외,,,10475,백만원
2023,연말잔액(기계장치),대구광역시,목재 및 나무제품 제조업; 가구 제외,,,2489,백만원
2023,연말잔액(기타),대구광역시,목재 및 나무제품 제조업; 가구 제외,,,716,백만원
2023,사업체수,대구광역시,펄프 종이 및 종이제품 제조업,,,79,개
2023,유형자산 연초잔액,대구광역시,펄프 종이 및 종이제품 제조업,,,597702,백만원
2023,유형자산 연간증가,대구광역시,펄프 종이 및 종이제품 제조업,,,229232,백만원
2023,연간증가(토지),대구광역시,펄프 종이 및 종이제품 제조업,,,97970,백만원
2023,연간증가(건물 및 구축물),대구광역시,펄프 종이 및 종이제품 제조업,,,23607,백만원
2023,연간증가(기계장치),대구광역시,펄프 종이 및 종이제품 제조업,,,97666,백만원
2023,연간증가(차량 및 기타),대구광역시,펄프 종이 및 종이제품 제조업,,,9989,백만원
2023,건설중 자산증감,대구광역시,펄프 종이 및 종이제품 제조업,,,8589,백만원
2023,유형자산투자액,대구광역시,펄프 종이 및 종이제품 제조업,,,237821,백만원
2023,유형자산감소액,대구광역시,펄프 종이 및 종이제품 제조업,,,5410,백만원
2023,유형자산감가상각액,대구광역시,펄프 종이 및 종이제품 제조업,,,42789,백만원
2023,유형자산 연말잔액,대구광역시,펄프 종이 및 종이제품 제조업,,,778735,백만원
2023,연말잔액(토지),대구광역시,펄프 종이 및 종이제품 제조업,,,397688,백만원
2023,연말잔액(건물 및 구축물),대구광역시,펄프 종이 및 종이제품 제조업,,,133859,백만원
2023,연말잔액(기계장치),대구광역시,펄프 종이 및 종이제품 제조업,,,232393,백만원
2023,연말잔액(기타),대구광역시,펄프 종이 및 종이제품 제조업,,,14795,백만원
2023,사업체수,대구광역시,인쇄 및 기록매체 복제업,,,50,개
2023,유형자산 연초잔액,대구광역시,인쇄 및 기록매체 복제업,,,125833,백만원
2023,유형자산 연간증가,대구광역시,인쇄 및 기록매체 복제업,,,33445,백만원
2023,연간증가(토지),대구광역시,인쇄 및 기록매체 복제업,,,14697,백만원
2023,연간증가(건물 및 구축물),대구광역시,인쇄 및 기록매체 복제업,,,5899,백만원
2023,연간증가(기계장치),대구광역시,인쇄 및 기록매체 복제업,,,11069,백만원
2023,연간증가(차량 및 기타),대구광역시,인쇄 및 기록매체 복제업,,,1780,백만원
2023,건설중 자산증감,대구광역시,인쇄 및 기록매체 복제업,,,-13382,백만원
2023,유형자산투자액,대구광역시,인쇄 및 기록매체 복제업,,,20063,백만원
2023,유형자산감소액,대구광역시,인쇄 및 기록매체 복제업,,,3312,백만원
2023,유형자산감가상각액,대구광역시,인쇄 및 기록매체 복제업,,,8976,백만원
2023,유형자산 연말잔액,대구광역시,인쇄 및 기록매체 복제업,,,146990,백만원
2023,연말잔액(토지),대구광역시,인쇄 및 기록매체 복제업,,,79203,백만원
2023,연말잔액(건물 및 구축물),대구광역시,인쇄 및 기록매체 복제업,,,32700,백만원
2023,연말잔액(기계장치),대구광역시,인쇄 및 기록매체 복제업,,,29882,백만원
2023,연말잔액(기타),대구광역시,인쇄 및 기록매체 복제업,,,5205,백만원
2023,사업체수,대구광역시,코크스 연탄 및 석유정제품 제조업,,,1,개
2023,유형자산 연초잔액,대구광역시,코크스 연탄 및 석유정제품 제조업,,,X,백만원
2023,유형자산 연간증가,대구광역시,코크스 연탄 및 석유정제품 제조업,,,X,백만원
2023,연간증가(토지),대구광역시,코크스 연탄 및 석유정제품 제조업,,,X,백만원
2023,연간증가(건물 및 구축물),대구광역시,코크스 연탄 및 석유정제품 제조업,,,X,백만원
2023,연간증가(기계장치),대구광역시,코크스 연탄 및 석유정제품 제조업,,,X,백만원
2023,연간증가(차량 및 기타),대구광역시,코크스 연탄 및 석유정제품 제조업,,,X,백만원
2023,건설중 자산증감,대구광역시,코크스 연탄 및 석유정제품 제조업,,,X,백만원
2023,유형자산투자액,대구광역시,코크스 연탄 및 석유정제품 제조업,,,X,백만원
2023,유형자산감소액,대구광역시,코크스 연탄 및 석유정제품 제조업,,,X,백만원
2023,유형자산감가상각액,대구광역시,코크스 연탄 및 석유정제품 제조업,,,X,백만원
2023,유형자산 연말잔액,대구광역시,코크스 연탄 및 석유정제품 제조업,,,X,백만원
2023,연말잔액(토지),대구광역시,코크스 연탄 및 석유정제품 제조업,,,X,백만원
2023,연말잔액(건물 및 구축물),대구광역시,코크스 연탄 및 석유정제품 제조업,,,X,백만원
2023,연말잔액(기계장치),대구광역시,코크스 연탄 및 석유정제품 제조업,,,X,백만원
2023,연말잔액(기타),대구광역시,코크스 연탄 및 석유정제품 제조업,,,X,백만원
2023,사업체수,대구광역시,화학물질 및 화학제품 제조업; 의약품 제외,,,43,개
2023,유형자산 연초잔액,대구광역시,화학물질 및 화학제품 제조업; 의약품 제외,,,253448,백만원
2023,유형자산 연간증가,대구광역시,화학물질 및 화학제품 제조업; 의약품 제외,,,14538,백만원
2023,연간증가(토지),대구광역시,화학물질 및 화학제품 제조업; 의약품 제외,,,1673,백만원
2023,연간증가(건물 및 구축물),대구광역시,화학물질 및 화학제품 제조업; 의약품 제외,,,4679,백만원
2023,연간증가(기계장치),대구광역시,화학물질 및 화학제품 제조업; 의약품 제외,,,4951,백만원
2023,연간증가(차량 및 기타),대구광역시,화학물질 및 화학제품 제조업; 의약품 제외,,,3235,백만원
2023,건설중 자산증감,대구광역시,화학물질 및 화학제품 제조업; 의약품 제외,,,-1857,백만원
2023,유형자산투자액,대구광역시,화학물질 및 화학제품 제조업; 의약품 제외,,,12681,백만원
2023,유형자산감소액,대구광역시,화학물질 및 화학제품 제조업; 의약품 제외,,,12154,백만원
2023,유형자산감가상각액,대구광역시,화학물질 및 화학제품 제조업; 의약품 제외,,,11986,백만원
2023,유형자산 연말잔액,대구광역시,화학물질 및 화학제품 제조업; 의약품 제외,,,243846,백만원
2023,연말잔액(토지),대구광역시,화학물질 및 화학제품 제조업; 의약품 제외,,,138401,백만원
2023,연말잔액(건물 및 구축물),대구광역시,화학물질 및 화학제품 제조업; 의약품 제외,,,71785,백만원
2023,연말잔액(기계장치),대구광역시,화학물질 및 화학제품 제조업; 의약품 제외,,,25657,백만원
2023,연말잔액(기타),대구광역시,화학물질 및 화학제품 제조업; 의약품 제외,,,8003,백만원
2023,사업체수,대구광역시,의료용 물질 및 의약품 제조업,,,19,개
2023,유형자산 연초잔액,대구광역시,의료용 물질 및 의약품 제조업,,,155563,백만원
2023,유형자산 연간증가,대구광역시,의료용 물질 및 의약품 제조업,,,47114,백만원
2023,연간증가(토지),대구광역시,의료용 물질 및 의약품 제조업,,,9677,백만원
2023,연간증가(건물 및 구축물),대구광역시,의료용 물질 및 의약품 제조업,,,25000,백만원
2023,연간증가(기계장치),대구광역시,의료용 물질 및 의약품 제조업,,,10900,백만원
2023,연간증가(차량 및 기타),대구광역시,의료용 물질 및 의약품 제조업,,,1537,백만원
2023,건설중 자산증감,대구광역시,의료용 물질 및 의약품 제조업,,,-14541,백만원
2023,유형자산투자액,대구광역시,의료용 물질 및 의약품 제조업,,,32573,백만원
2023,유형자산감소액,대구광역시,의료용 물질 및 의약품 제조업,,,9487,백만원
2023,유형자산감가상각액,대구광역시,의료용 물질 및 의약품 제조업,,,10959,백만원
2023,유형자산 연말잔액,대구광역시,의료용 물질 및 의약품 제조업,,,182231,백만원
2023,연말잔액(토지),대구광역시,의료용 물질 및 의약품 제조업,,,70525,백만원
2023,연말잔액(건물 및 구축물),대구광역시,의료용 물질 및 의약품 제조업,,,80971,백만원
2023,연말잔액(기계장치),대구광역시,의료용 물질 및 의약품 제조업,,,26878,백만원
2023,연말잔액(기타),대구광역시,의료용 물질 및 의약품 제조업,,,3857,백만원
2023,사업체수,대구광역시,고무 및 플라스틱제품 제조업,,,243,개
2023,유형자산 연초잔액,대구광역시,고무 및 플라스틱제품 제조업,,,1106284,백만원
2023,유형자산 연간증가,대구광역시,고무 및 플라스틱제품 제조업,,,126318,백만원
2023,연간증가(토지),대구광역시,고무 및 플라스틱제품 제조업,,,33982,백만원
2023,연간증가(건물 및 구축물),대구광역시,고무 및 플라스틱제품 제조업,,,17164,백만원
2023,연간증가(기계장치),대구광역시,고무 및 플라스틱제품 제조업,,,46351,백만원
2023,연간증가(차량 및 기타),대구광역시,고무 및 플라스틱제품 제조업,,,28821,백만원
2023,건설중 자산증감,대구광역시,고무 및 플라스틱제품 제조업,,,3758,백만원
2023,유형자산투자액,대구광역시,고무 및 플라스틱제품 제조업,,,130076,백만원
2023,유형자산감소액,대구광역시,고무 및 플라스틱제품 제조업,,,18422,백만원
2023,유형자산감가상각액,대구광역시,고무 및 플라스틱제품 제조업,,,72093,백만원
2023,유형자산 연말잔액,대구광역시,고무 및 플라스틱제품 제조업,,,1142087,백만원
2023,연말잔액(토지),대구광역시,고무 및 플라스틱제품 제조업,,,652212,백만원
2023,연말잔액(건물 및 구축물),대구광역시,고무 및 플라스틱제품 제조업,,,249079,백만원
2023,연말잔액(기계장치),대구광역시,고무 및 플라스틱제품 제조업,,,176855,백만원
2023,연말잔액(기타),대구광역시,고무 및 플라스틱제품 제조업,,,63941,백만원
2023,사업체수,대구광역시,비금속 광물제품 제조업,,,42,개
2023,유형자산 연초잔액,대구광역시,비금속 광물제품 제조업,,,269456,백만원
2023,유형자산 연간증가,대구광역시,비금속 광물제품 제조업,,,55786,백만원
2023,연간증가(토지),대구광역시,비금속 광물제품 제조업,,,1864,백만원
2023,연간증가(건물 및 구축물),대구광역시,비금속 광물제품 제조업,,,36625,백만원
2023,연간증가(기계장치),대구광역시,비금속 광물제품 제조업,,,15045,백만원
2023,연간증가(차량 및 기타),대구광역시,비금속 광물제품 제조업,,,2252,백만원
2023,건설중 자산증감,대구광역시,비금속 광물제품 제조업,,,-27355,백만원
2023,유형자산투자액,대구광역시,비금속 광물제품 제조업,,,28431,백만원
2023,유형자산감소액,대구광역시,비금속 광물제품 제조업,,,14877,백만원
2023,유형자산감가상각액,대구광역시,비금속 광물제품 제조업,,,12336,백만원
2023,유형자산 연말잔액,대구광역시,비금속 광물제품 제조업,,,298029,백만원
2023,연말잔액(토지),대구광역시,비금속 광물제품 제조업,,,178427,백만원
2023,연말잔액(건물 및 구축물),대구광역시,비금속 광물제품 제조업,,,71417,백만원
2023,연말잔액(기계장치),대구광역시,비금속 광물제품 제조업,,,39970,백만원
2023,연말잔액(기타),대구광역시,비금속 광물제품 제조업,,,8215,백만원
2023,사업체수,대구광역시,1차 금속 제조업,,,89,개
2023,유형자산 연초잔액,대구광역시,1차 금속 제조업,,,680691,백만원
2023,유형자산 연간증가,대구광역시,1차 금속 제조업,,,114819,백만원
2023,연간증가(토지),대구광역시,1차 금속 제조업,,,60291,백만원
2023,연간증가(건물 및 구축물),대구광역시,1차 금속 제조업,,,17018,백만원
2023,연간증가(기계장치),대구광역시,1차 금속 제조업,,,28740,백만원
2023,연간증가(차량 및 기타),대구광역시,1차 금속 제조업,,,8770,백만원
2023,건설중 자산증감,대구광역시,1차 금속 제조업,,,-2114,백만원
2023,유형자산투자액,대구광역시,1차 금속 제조업,,,112705,백만원
2023,유형자산감소액,대구광역시,1차 금속 제조업,,,11953,백만원
2023,유형자산감가상각액,대구광역시,1차 금속 제조업,,,45807,백만원
2023,유형자산 연말잔액,대구광역시,1차 금속 제조업,,,737750,백만원
2023,연말잔액(토지),대구광역시,1차 금속 제조업,,,449966,백만원
2023,연말잔액(건물 및 구축물),대구광역시,1차 금속 제조업,,,145766,백만원
2023,연말잔액(기계장치),대구광역시,1차 금속 제조업,,,119239,백만원
2023,연말잔액(기타),대구광역시,1차 금속 제조업,,,22779,백만원
2023,사업체수,대구광역시,금속가공제품 제조업; 기계 및 가구 제외,,,688,개
2023,유형자산 연초잔액,대구광역시,금속가공제품 제조업; 기계 및 가구 제외,,,2710820,백만원
2023,유형자산 연간증가,대구광역시,금속가공제품 제조업; 기계 및 가구 제외,,,311751,백만원
2023,연간증가(토지),대구광역시,금속가공제품 제조업; 기계 및 가구 제외,,,97672,백만원
2023,연간증가(건물 및 구축물),대구광역시,금속가공제품 제조업; 기계 및 가구 제외,,,44820,백만원
2023,연간증가(기계장치),대구광역시,금속가공제품 제조업; 기계 및 가구 제외,,,129469,백만원
2023,연간증가(차량 및 기타),대구광역시,금속가공제품 제조업; 기계 및 가구 제외,,,39790,백만원
2023,건설중 자산증감,대구광역시,금속가공제품 제조업; 기계 및 가구 제외,,,27625,백만원
2023,유형자산투자액,대구광역시,금속가공제품 제조업; 기계 및 가구 제외,,,339376,백만원
2023,유형자산감소액,대구광역시,금속가공제품 제조업; 기계 및 가구 제외,,,54306,백만원
2023,유형자산감가상각액,대구광역시,금속가공제품 제조업; 기계 및 가구 제외,,,167755,백만원
2023,유형자산 연말잔액,대구광역시,금속가공제품 제조업; 기계 및 가구 제외,,,2800510,백만원
2023,연말잔액(토지),대구광역시,금속가공제품 제조업; 기계 및 가구 제외,,,1581207,백만원
2023,연말잔액(건물 및 구축물),대구광역시,금속가공제품 제조업; 기계 및 가구 제외,,,570869,백만원
2023,연말잔액(기계장치),대구광역시,금속가공제품 제조업; 기계 및 가구 제외,,,545995,백만원
2023,연말잔액(기타),대구광역시,금속가공제품 제조업; 기계 및 가구 제외,,,102439,백만원
2023,사업체수,대구광역시,전자부품 컴퓨터 영상 음향 및 통신장비 제조업,,,54,개
2023,유형자산 연초잔액,대구광역시,전자부품 컴퓨터 영상 음향 및 통신장비 제조업,,,372946,백만원
2023,유형자산 연간증가,대구광역시,전자부품 컴퓨터 영상 음향 및 통신장비 제조업,,,131386,백만원
2023,연간증가(토지),대구광역시,전자부품 컴퓨터 영상 음향 및 통신장비 제조업,,,17127,백만원
2023,연간증가(건물 및 구축물),대구광역시,전자부품 컴퓨터 영상 음향 및 통신장비 제조업,,,33720,백만원
2023,연간증가(기계장치),대구광역시,전자부품 컴퓨터 영상 음향 및 통신장비 제조업,,,71717,백만원
2023,연간증가(차량 및 기타),대구광역시,전자부품 컴퓨터 영상 음향 및 통신장비 제조업,,,8822,백만원
2023,건설중 자산증감,대구광역시,전자부품 컴퓨터 영상 음향 및 통신장비 제조업,,,-15821,백만원
2023,유형자산투자액,대구광역시,전자부품 컴퓨터 영상 음향 및 통신장비 제조업,,,115565,백만원
2023,유형자산감소액,대구광역시,전자부품 컴퓨터 영상 음향 및 통신장비 제조업,,,8578,백만원
2023,유형자산감가상각액,대구광역시,전자부품 컴퓨터 영상 음향 및 통신장비 제조업,,,40675,백만원
2023,유형자산 연말잔액,대구광역시,전자부품 컴퓨터 영상 음향 및 통신장비 제조업,,,455079,백만원
2023,연말잔액(토지),대구광역시,전자부품 컴퓨터 영상 음향 및 통신장비 제조업,,,180084,백만원
2023,연말잔액(건물 및 구축물),대구광역시,전자부품 컴퓨터 영상 음향 및 통신장비 제조업,,,118826,백만원
2023,연말잔액(기계장치),대구광역시,전자부품 컴퓨터 영상 음향 및 통신장비 제조업,,,140209,백만원
2023,연말잔액(기타),대구광역시,전자부품 컴퓨터 영상 음향 및 통신장비 제조업,,,15960,백만원
2023,사업체수,대구광역시,의료 정밀 광학기기 및 시계 제조업,,,148,개
2023,유형자산 연초잔액,대구광역시,의료 정밀 광학기기 및 시계 제조업,,,644178,백만원
2023,유형자산 연간증가,대구광역시,의료 정밀 광학기기 및 시계 제조업,,,179144,백만원
2023,연간증가(토지),대구광역시,의료 정밀 광학기기 및 시계 제조업,,,101998,백만원
2023,연간증가(건물 및 구축물),대구광역시,의료 정밀 광학기기 및 시계 제조업,,,27692,백만원
2023,연간증가(기계장치),대구광역시,의료 정밀 광학기기 및 시계 제조업,,,35051,백만원
2023,연간증가(차량 및 기타),대구광역시,의료 정밀 광학기기 및 시계 제조업,,,14403,백만원
2023,건설중 자산증감,대구광역시,의료 정밀 광학기기 및 시계 제조업,,,13273,백만원
2023,유형자산투자액,대구광역시,의료 정밀 광학기기 및 시계 제조업,,,192417,백만원
2023,유형자산감소액,대구광역시,의료 정밀 광학기기 및 시계 제조업,,,20605,백만원
2023,유형자산감가상각액,대구광역시,의료 정밀 광학기기 및 시계 제조업,,,39170,백만원
2023,유형자산 연말잔액,대구광역시,의료 정밀 광학기기 및 시계 제조업,,,763547,백만원
2023,연말잔액(토지),대구광역시,의료 정밀 광학기기 및 시계 제조업,,,430443,백만원
2023,연말잔액(건물 및 구축물),대구광역시,의료 정밀 광학기기 및 시계 제조업,,,224155,백만원
2023,연말잔액(기계장치),대구광역시,의료 정밀 광학기기 및 시계 제조업,,,83088,백만원
2023,연말잔액(기타),대구광역시,의료 정밀 광학기기 및 시계 제조업,,,25861,백만원
2023,사업체수,대구광역시,전기장비 제조업,,,135,개
2023,유형자산 연초잔액,대구광역시,전기장비 제조업,,,1180619,백만원
2023,유형자산 연간증가,대구광역시,전기장비 제조업,,,397577,백만원
2023,연간증가(토지),대구광역시,전기장비 제조업,,,27818,백만원
2023,연간증가(건물 및 구축물),대구광역시,전기장비 제조업,,,194657,백만원
2023,연간증가(기계장치),대구광역시,전기장비 제조업,,,151642,백만원
2023,연간증가(차량 및 기타),대구광역시,전기장비 제조업,,,23460,백만원
2023,건설중 자산증감,대구광역시,전기장비 제조업,,,110396,백만원
2023,유형자산투자액,대구광역시,전기장비 제조업,,,507973,백만원
2023,유형자산감소액,대구광역시,전기장비 제조업,,,38827,백만원
2023,유형자산감가상각액,대구광역시,전기장비 제조업,,,97389,백만원
2023,유형자산 연말잔액,대구광역시,전기장비 제조업,,,1441980,백만원
2023,연말잔액(토지),대구광역시,전기장비 제조업,,,489906,백만원
2023,연말잔액(건물 및 구축물),대구광역시,전기장비 제조업,,,490072,백만원
2023,연말잔액(기계장치),대구광역시,전기장비 제조업,,,384826,백만원
2023,연말잔액(기타),대구광역시,전기장비 제조업,,,77176,백만원
2023,사업체수,대구광역시,기타 기계 및 장비 제조업,,,493,개
2023,유형자산 연초잔액,대구광역시,기타 기계 및 장비 제조업,,,2895108,백만원
2023,유형자산 연간증가,대구광역시,기타 기계 및 장비 제조업,,,386415,백만원
2023,연간증가(토지),대구광역시,기타 기계 및 장비 제조업,,,95024,백만원
2023,연간증가(건물 및 구축물),대구광역시,기타 기계 및 장비 제조업,,,120465,백만원
2023,연간증가(기계장치),대구광역시,기타 기계 및 장비 제조업,,,112188,백만원
2023,연간증가(차량 및 기타),대구광역시,기타 기계 및 장비 제조업,,,58738,백만원
2023,건설중 자산증감,대구광역시,기타 기계 및 장비 제조업,,,-52154,백만원
2023,유형자산투자액,대구광역시,기타 기계 및 장비 제조업,,,334261,백만원
2023,유형자산감소액,대구광역시,기타 기계 및 장비 제조업,,,52876,백만원
2023,유형자산감가상각액,대구광역시,기타 기계 및 장비 제조업,,,145629,백만원
2023,유형자산 연말잔액,대구광역시,기타 기계 및 장비 제조업,,,3083018,백만원
2023,연말잔액(토지),대구광역시,기타 기계 및 장비 제조업,,,1766004,백만원
2023,연말잔액(건물 및 구축물),대구광역시,기타 기계 및 장비 제조업,,,851754,백만원
2023,연말잔액(기계장치),대구광역시,기타 기계 및 장비 제조업,,,339302,백만원
2023,연말잔액(기타),대구광역시,기타 기계 및 장비 제조업,,,125958,백만원
2023,사업체수,대구광역시,자동차 및 트레일러 제조업,,,280,개
2023,유형자산 연초잔액,대구광역시,자동차 및 트레일러 제조업,,,2586239,백만원
2023,유형자산 연간증가,대구광역시,자동차 및 트레일러 제조업,,,286462,백만원
2023,연간증가(토지),대구광역시,자동차 및 트레일러 제조업,,,53832,백만원
2023,연간증가(건물 및 구축물),대구광역시,자동차 및 트레일러 제조업,,,25220,백만원
2023,연간증가(기계장치),대구광역시,자동차 및 트레일러 제조업,,,153683,백만원
2023,연간증가(차량 및 기타),대구광역시,자동차 및 트레일러 제조업,,,53727,백만원
2023,건설중 자산증감,대구광역시,자동차 및 트레일러 제조업,,,10604,백만원
2023,유형자산투자액,대구광역시,자동차 및 트레일러 제조업,,,297066,백만원
2023,유형자산감소액,대구광역시,자동차 및 트레일러 제조업,,,68415,백만원
2023,유형자산감가상각액,대구광역시,자동차 및 트레일러 제조업,,,214564,백만원
2023,유형자산 연말잔액,대구광역시,자동차 및 트레일러 제조업,,,2589722,백만원
2023,연말잔액(토지),대구광역시,자동차 및 트레일러 제조업,,,1208952,백만원
2023,연말잔액(건물 및 구축물),대구광역시,자동차 및 트레일러 제조업,,,598177,백만원
2023,연말잔액(기계장치),대구광역시,자동차 및 트레일러 제조업,,,654208,백만원
2023,연말잔액(기타),대구광역시,자동차 및 트레일러 제조업,,,128385,백만원
2023,사업체수,대구광역시,기타 운송장비 제조업,,,9,개
2023,유형자산 연초잔액,대구광역시,기타 운송장비 제조업,,,34833,백만원
2023,유형자산 연간증가,대구광역시,기타 운송장비 제조업,,,2716,백만원
2023,연간증가(건물 및 구축물),대구광역시,기타 운송장비 제조업,,,14,백만원
2023,연간증가(기계장치),대구광역시,기타 운송장비 제조업,,,1953,백만원
2023,연간증가(차량 및 기타),대구광역시,기타 운송장비 제조업,,,749,백만원
2023,유형자산투자액,대구광역시,기타 운송장비 제조업,,,2716,백만원
2023,유형자산감소액,대구광역시,기타 운송장비 제조업,,,99,백만원
2023,유형자산감가상각액,대구광역시,기타 운송장비 제조업,,,1556,백만원
2023,유형자산 연말잔액,대구광역시,기타 운송장비 제조업,,,35894,백만원
2023,연말잔액(토지),대구광역시,기타 운송장비 제조업,,,18148,백만원
2023,연말잔액(건물 및 구축물),대구광역시,기타 운송장비 제조업,,,10653,백만원
2023,연말잔액(기계장치),대구광역시,기타 운송장비 제조업,,,5752,백만원
2023,연말잔액(기타),대구광역시,기타 운송장비 제조업,,,1341,백만원
2023,사업체수,대구광역시,가구 제조업,,,16,개
2023,유형자산 연초잔액,대구광역시,가구 제조업,,,85117,백만원
2023,유형자산 연간증가,대구광역시,가구 제조업,,,2938,백만원
2023,연간증가(건물 및 구축물),대구광역시,가구 제조업,,,2183,백만원
2023,연간증가(기계장치),대구광역시,가구 제조업,,,303,백만원
2023,연간증가(차량 및 기타),대구광역시,가구 제조업,,,452,백만원
2023,건설중 자산증감,대구광역시,가구 제조업,,,-3961,백만원
2023,유형자산투자액,대구광역시,가구 제조업,,,-1023,백만원
2023,유형자산감소액,대구광역시,가구 제조업,,,665,백만원
2023,유형자산감가상각액,대구광역시,가구 제조업,,,2975,백만원
2023,유형자산 연말잔액,대구광역시,가구 제조업,,,84415,백만원
2023,연말잔액(토지),대구광역시,가구 제조업,,,62713,백만원
2023,연말잔액(건물 및 구축물),대구광역시,가구 제조업,,,15571,백만원
2023,연말잔액(기계장치),대구광역시,가구 제조업,,,3524,백만원
2023,연말잔액(기타),대구광역시,가구 제조업,,,2607,백만원
2023,사업체수,대구광역시,기타 제품 제조업,,,27,개
2023,유형자산 연초잔액,대구광역시,기타 제품 제조업,,,55184,백만원
2023,유형자산 연간증가,대구광역시,기타 제품 제조업,,,12657,백만원
2023,연간증가(토지),대구광역시,기타 제품 제조업,,,6479,백만원
2023,연간증가(건물 및 구축물),대구광역시,기타 제품 제조업,,,4069,백만원
2023,연간증가(기계장치),대구광역시,기타 제품 제조업,,,1002,백만원
2023,연간증가(차량 및 기타),대구광역시,기타 제품 제조업,,,1107,백만원
2023,건설중 자산증감,대구광역시,기타 제품 제조업,,,-1276,백만원
2023,유형자산투자액,대구광역시,기타 제품 제조업,,,11381,백만원
2023,유형자산감소액,대구광역시,기타 제품 제조업,,,82,백만원
2023,유형자산감가상각액,대구광역시,기타 제품 제조업,,,2488,백만원
2023,유형자산 연말잔액,대구광역시,기타 제품 제조업,,,65271,백만원
2023,연말잔액(토지),대구광역시,기타 제품 제조업,,,40397,백만원
2023,연말잔액(건물 및 구축물),대구광역시,기타 제품 제조업,,,16818,백만원
2023,연말잔액(기계장치),대구광역시,기타 제품 제조업,,,5541,백만원
2023,연말잔액(기타),대구광역시,기타 제품 제조업,,,2515,백만원
2023,사업체수,대구광역시,산업용 기계 및 장비 수리업,,,8,개
2023,유형자산 연초잔액,대구광역시,산업용 기계 및 장비 수리업,,,5400,백만원
2023,유형자산 연간증가,대구광역시,산업용 기계 및 장비 수리업,,,174,백만원
2023,연간증가(건물 및 구축물),대구광역시,산업용 기계 및 장비 수리업,,,13,백만원
2023,연간증가(기계장치),대구광역시,산업용 기계 및 장비 수리업,,,48,백만원
2023,연간증가(차량 및 기타),대구광역시,산업용 기계 및 장비 수리업,,,113,백만원
2023,유형자산투자액,대구광역시,산업용 기계 및 장비 수리업,,,174,백만원
2023,유형자산감소액,대구광역시,산업용 기계 및 장비 수리업,,,30,백만원
2023,유형자산감가상각액,대구광역시,산업용 기계 및 장비 수리업,,,205,백만원
2023,유형자산 연말잔액,대구광역시,산업용 기계 및 장비 수리업,,,5339,백만원
2023,연말잔액(토지),대구광역시,산업용 기계 및 장비 수리업,,,3279,백만원
2023,연말잔액(건물 및 구축물),대구광역시,산업용 기계 및 장비 수리업,,,1035,백만원
2023,연말잔액(기계장치),대구광역시,산업용 기계 및 장비 수리업,,,325,백만원
2023,연말잔액(기타),대구광역시,산업용 기계 및 장비 수리업,,,700,백만원
2024,사업체수,대구광역시,광업 및 제조업,,,3161,개
2024,유형자산 연초잔액,대구광역시,광업 및 제조업,,,17617595,백만원
2024,유형자산 연간증가,대구광역시,광업 및 제조업,,,2636450,백만원
2024,연간증가(토지),대구광역시,광업 및 제조업,,,805589,백만원
2024,연간증가(건물 및 구축물),대구광역시,광업 및 제조업,,,515678,백만원
2024,연간증가(기계장치),대구광역시,광업 및 제조업,,,1031474,백만원
2024,연간증가(차량 및 기타),대구광역시,광업 및 제조업,,,283709,백만원
2024,건설중 자산증감,대구광역시,광업 및 제조업,,,-135545,백만원
2024,유형자산투자액,대구광역시,광업 및 제조업,,,2500905,백만원
2024,유형자산감소액,대구광역시,광업 및 제조업,,,410661,백만원
2024,유형자산감가상각액,대구광역시,광업 및 제조업,,,1052725,백만원
2024,유형자산 연말잔액,대구광역시,광업 및 제조업,,,18790659,백만원
2024,연말잔액(토지),대구광역시,광업 및 제조업,,,10054102,백만원
2024,연말잔액(건물 및 구축물),대구광역시,광업 및 제조업,,,4497469,백만원
2024,연말잔액(기계장치),대구광역시,광업 및 제조업,,,3538524,백만원
2024,연말잔액(기타),대구광역시,광업 및 제조업,,,700564,백만원
2024,사업체수,대구광역시,광업(05~08),,,1,개
2024,유형자산 연초잔액,대구광역시,광업(05~08),,,X,백만원
2024,유형자산 연간증가,대구광역시,광업(05~08),,,X,백만원
2024,연간증가(토지),대구광역시,광업(05~08),,,X,백만원
2024,연간증가(건물 및 구축물),대구광역시,광업(05~08),,,X,백만원
2024,연간증가(기계장치),대구광역시,광업(05~08),,,X,백만원
2024,연간증가(차량 및 기타),대구광역시,광업(05~08),,,X,백만원
2024,건설중 자산증감,대구광역시,광업(05~08),,,X,백만원
2024,유형자산투자액,대구광역시,광업(05~08),,,X,백만원
2024,유형자산감소액,대구광역시,광업(05~08),,,X,백만원
2024,유형자산감가상각액,대구광역시,광업(05~08),,,X,백만원
2024,유형자산 연말잔액,대구광역시,광업(05~08),,,X,백만원
2024,연말잔액(토지),대구광역시,광업(05~08),,,X,백만원
2024,연말잔액(건물 및 구축물),대구광역시,광업(05~08),,,X,백만원
2024,연말잔액(기계장치),대구광역시,광업(05~08),,,X,백만원
2024,연말잔액(기타),대구광역시,광업(05~08),,,X,백만원
2024,사업체수,대구광역시,비금속광물 광업; 연료용 제외,,,1,개
2024,유형자산 연초잔액,대구광역시,비금속광물 광업; 연료용 제외,,,X,백만원
2024,유형자산 연간증가,대구광역시,비금속광물 광업; 연료용 제외,,,X,백만원
2024,연간증가(토지),대구광역시,비금속광물 광업; 연료용 제외,,,X,백만원
2024,연간증가(건물 및 구축물),대구광역시,비금속광물 광업; 연료용 제외,,,X,백만원
2024,연간증가(기계장치),대구광역시,비금속광물 광업; 연료용 제외,,,X,백만원
2024,연간증가(차량 및 기타),대구광역시,비금속광물 광업; 연료용 제외,,,X,백만원
2024,건설중 자산증감,대구광역시,비금속광물 광업; 연료용 제외,,,X,백만원
2024,유형자산투자액,대구광역시,비금속광물 광업; 연료용 제외,,,X,백만원
2024,유형자산감소액,대구광역시,비금속광물 광업; 연료용 제외,,,X,백만원
2024,유형자산감가상각액,대구광역시,비금속광물 광업; 연료용 제외,,,X,백만원
2024,유형자산 연말잔액,대구광역시,비금속광물 광업; 연료용 제외,,,X,백만원
2024,연말잔액(토지),대구광역시,비금속광물 광업; 연료용 제외,,,X,백만원
2024,연말잔액(건물 및 구축물),대구광역시,비금속광물 광업; 연료용 제외,,,X,백만원
2024,연말잔액(기계장치),대구광역시,비금속광물 광업; 연료용 제외,,,X,백만원
2024,연말잔액(기타),대구광역시,비금속광물 광업; 연료용 제외,,,X,백만원
2024,사업체수,대구광역시,제조업(10~34),,,3160,개
2024,유형자산 연초잔액,대구광역시,제조업(10~34),,,17600613,백만원
2024,유형자산 연간증가,대구광역시,제조업(10~34),,,2633040,백만원
2024,연간증가(토지),대구광역시,제조업(10~34),,,804283,백만원
2024,연간증가(건물 및 구축물),대구광역시,제조업(10~34),,,515678,백만원
2024,연간증가(기계장치),대구광역시,제조업(10~34),,,1029478,백만원
2024,연간증가(차량 및 기타),대구광역시,제조업(10~34),,,283601,백만원
2024,건설중 자산증감,대구광역시,제조업(10~34),,,-135452,백만원
2024,유형자산투자액,대구광역시,제조업(10~34),,,2497588,백만원
2024,유형자산감소액,대구광역시,제조업(10~34),,,410661,백만원
2024,유형자산감가상각액,대구광역시,제조업(10~34),,,1050560,백만원
2024,유형자산 연말잔액,대구광역시,제조업(10~34),,,18772432,백만원
2024,연말잔액(토지),대구광역시,제조업(10~34),,,10046803,백만원
2024,연말잔액(건물 및 구축물),대구광역시,제조업(10~34),,,4494859,백만원
2024,연말잔액(기계장치),대구광역시,제조업(10~34),,,3531003,백만원
2024,연말잔액(기타),대구광역시,제조업(10~34),,,699767,백만원
2024,사업체수,대구광역시,식료품 제조업,,,176,개
2024,유형자산 연초잔액,대구광역시,식료품 제조업,,,664056,백만원
2024,유형자산 연간증가,대구광역시,식료품 제조업,,,119199,백만원
2024,연간증가(토지),대구광역시,식료품 제조업,,,53646,백만원
2024,연간증가(건물 및 구축물),대구광역시,식료품 제조업,,,20781,백만원
2024,연간증가(기계장치),대구광역시,식료품 제조업,,,31939,백만원
2024,연간증가(차량 및 기타),대구광역시,식료품 제조업,,,12833,백만원
2024,건설중 자산증감,대구광역시,식료품 제조업,,,8381,백만원
2024,유형자산투자액,대구광역시,식료품 제조업,,,127580,백만원
2024,유형자산감소액,대구광역시,식료품 제조업,,,19624,백만원
2024,유형자산감가상각액,대구광역시,식료품 제조업,,,43593,백만원
2024,유형자산 연말잔액,대구광역시,식료품 제조업,,,720038,백만원
2024,연말잔액(토지),대구광역시,식료품 제조업,,,334905,백만원
2024,연말잔액(건물 및 구축물),대구광역시,식료품 제조업,,,178069,백만원
2024,연말잔액(기계장치),대구광역시,식료품 제조업,,,166722,백만원
2024,연말잔액(기타),대구광역시,식료품 제조업,,,40342,백만원
2024,사업체수,대구광역시,음료 제조업,,,4,개
2024,유형자산 연초잔액,대구광역시,음료 제조업,,,111063,백만원
2024,유형자산 연간증가,대구광역시,음료 제조업,,,6923,백만원
2024,연간증가(토지),대구광역시,음료 제조업,,,4295,백만원
2024,연간증가(건물 및 구축물),대구광역시,음료 제조업,,,87,백만원
2024,연간증가(기계장치),대구광역시,음료 제조업,,,1721,백만원
2024,연간증가(차량 및 기타),대구광역시,음료 제조업,,,820,백만원
2024,건설중 자산증감,대구광역시,음료 제조업,,,3790,백만원
2024,유형자산투자액,대구광역시,음료 제조업,,,10713,백만원
2024,유형자산감소액,대구광역시,음료 제조업,,,596,백만원
2024,유형자산감가상각액,대구광역시,음료 제조업,,,7077,백만원
2024,유형자산 연말잔액,대구광역시,음료 제조업,,,110313,백만원
2024,연말잔액(토지),대구광역시,음료 제조업,,,70928,백만원
2024,연말잔액(건물 및 구축물),대구광역시,음료 제조업,,,14888,백만원
2024,연말잔액(기계장치),대구광역시,음료 제조업,,,21809,백만원
2024,연말잔액(기타),대구광역시,음료 제조업,,,2688,백만원
2024,사업체수,대구광역시,섬유제품 제조업; 의복제외,,,454,개
2024,유형자산 연초잔액,대구광역시,섬유제품 제조업; 의복제외,,,1735745,백만원
2024,유형자산 연간증가,대구광역시,섬유제품 제조업; 의복제외,,,216888,백만원
2024,연간증가(토지),대구광역시,섬유제품 제조업; 의복제외,,,132626,백만원
2024,연간증가(건물 및 구축물),대구광역시,섬유제품 제조업; 의복제외,,,23512,백만원
2024,연간증가(기계장치),대구광역시,섬유제품 제조업; 의복제외,,,48884,백만원
2024,연간증가(차량 및 기타),대구광역시,섬유제품 제조업; 의복제외,,,11866,백만원
2024,건설중 자산증감,대구광역시,섬유제품 제조업; 의복제외,,,5658,백만원
2024,유형자산투자액,대구광역시,섬유제품 제조업; 의복제외,,,222546,백만원
2024,유형자산감소액,대구광역시,섬유제품 제조업; 의복제외,,,15062,백만원
2024,유형자산감가상각액,대구광역시,섬유제품 제조업; 의복제외,,,59481,백만원
2024,유형자산 연말잔액,대구광역시,섬유제품 제조업; 의복제외,,,1878090,백만원
2024,연말잔액(토지),대구광역시,섬유제품 제조업; 의복제외,,,1319752,백만원
2024,연말잔액(건물 및 구축물),대구광역시,섬유제품 제조업; 의복제외,,,335728,백만원
2024,연말잔액(기계장치),대구광역시,섬유제품 제조업; 의복제외,,,189323,백만원
2024,연말잔액(기타),대구광역시,섬유제품 제조업; 의복제외,,,33287,백만원
2024,사업체수,대구광역시,의복 의복 액세서리 및 모피제품 제조업,,,82,개
2024,유형자산 연초잔액,대구광역시,의복 의복 액세서리 및 모피제품 제조업,,,139144,백만원
2024,유형자산 연간증가,대구광역시,의복 의복 액세서리 및 모피제품 제조업,,,10099,백만원
2024,연간증가(토지),대구광역시,의복 의복 액세서리 및 모피제품 제조업,,,5885,백만원
2024,연간증가(건물 및 구축물),대구광역시,의복 의복 액세서리 및 모피제품 제조업,,,2043,백만원
2024,연간증가(기계장치),대구광역시,의복 의복 액세서리 및 모피제품 제조업,,,985,백만원
2024,연간증가(차량 및 기타),대구광역시,의복 의복 액세서리 및 모피제품 제조업,,,1186,백만원
2024,건설중 자산증감,대구광역시,의복 의복 액세서리 및 모피제품 제조업,,,2478,백만원
2024,유형자산투자액,대구광역시,의복 의복 액세서리 및 모피제품 제조업,,,12577,백만원
2024,유형자산감소액,대구광역시,의복 의복 액세서리 및 모피제품 제조업,,,1250,백만원
2024,유형자산감가상각액,대구광역시,의복 의복 액세서리 및 모피제품 제조업,,,4174,백만원
2024,유형자산 연말잔액,대구광역시,의복 의복 액세서리 및 모피제품 제조업,,,143819,백만원
2024,연말잔액(토지),대구광역시,의복 의복 액세서리 및 모피제품 제조업,,,97221,백만원
2024,연말잔액(건물 및 구축물),대구광역시,의복 의복 액세서리 및 모피제품 제조업,,,36727,백만원
2024,연말잔액(기계장치),대구광역시,의복 의복 액세서리 및 모피제품 제조업,,,5886,백만원
2024,연말잔액(기타),대구광역시,의복 의복 액세서리 및 모피제품 제조업,,,3985,백만원
2024,사업체수,대구광역시,가죽 가방 및 신발 제조업,,,2,개
2024,유형자산 연초잔액,대구광역시,가죽 가방 및 신발 제조업,,,X,백만원
2024,유형자산 연간증가,대구광역시,가죽 가방 및 신발 제조업,,,X,백만원
2024,연간증가(토지),대구광역시,가죽 가방 및 신발 제조업,,,X,백만원
2024,연간증가(건물 및 구축물),대구광역시,가죽 가방 및 신발 제조업,,,X,백만원
2024,연간증가(기계장치),대구광역시,가죽 가방 및 신발 제조업,,,X,백만원
2024,연간증가(차량 및 기타),대구광역시,가죽 가방 및 신발 제조업,,,X,백만원
2024,건설중 자산증감,대구광역시,가죽 가방 및 신발 제조업,,,X,백만원
2024,유형자산투자액,대구광역시,가죽 가방 및 신발 제조업,,,X,백만원
2024,유형자산감소액,대구광역시,가죽 가방 및 신발 제조업,,,X,백만원
2024,유형자산감가상각액,대구광역시,가죽 가방 및 신발 제조업,,,X,백만원
2024,유형자산 연말잔액,대구광역시,가죽 가방 및 신발 제조업,,,X,백만원
2024,연말잔액(토지),대구광역시,가죽 가방 및 신발 제조업,,,X,백만원
2024,연말잔액(건물 및 구축물),대구광역시,가죽 가방 및 신발 제조업,,,X,백만원
2024,연말잔액(기계장치),대구광역시,가죽 가방 및 신발 제조업,,,X,백만원
2024,연말잔액(기타),대구광역시,가죽 가방 및 신발 제조업,,,X,백만원
2024,사업체수,대구광역시,목재 및 나무제품 제조업; 가구 제외,,,16,개
2024,유형자산 연초잔액,대구광역시,목재 및 나무제품 제조업; 가구 제외,,,59707,백만원
2024,유형자산 연간증가,대구광역시,목재 및 나무제품 제조업; 가구 제외,,,965,백만원
2024,연간증가(토지),대구광역시,목재 및 나무제품 제조업; 가구 제외,,,7,백만원
2024,연간증가(건물 및 구축물),대구광역시,목재 및 나무제품 제조업; 가구 제외,,,50,백만원
2024,연간증가(기계장치),대구광역시,목재 및 나무제품 제조업; 가구 제외,,,322,백만원
2024,연간증가(차량 및 기타),대구광역시,목재 및 나무제품 제조업; 가구 제외,,,586,백만원
2024,유형자산투자액,대구광역시,목재 및 나무제품 제조업; 가구 제외,,,965,백만원
2024,유형자산감소액,대구광역시,목재 및 나무제품 제조업; 가구 제외,,,50,백만원
2024,유형자산감가상각액,대구광역시,목재 및 나무제품 제조업; 가구 제외,,,1265,백만원
2024,유형자산 연말잔액,대구광역시,목재 및 나무제품 제조업; 가구 제외,,,59357,백만원
2024,연말잔액(토지),대구광역시,목재 및 나무제품 제조업; 가구 제외,,,43789,백만원
2024,연말잔액(건물 및 구축물),대구광역시,목재 및 나무제품 제조업; 가구 제외,,,12417,백만원
2024,연말잔액(기계장치),대구광역시,목재 및 나무제품 제조업; 가구 제외,,,1997,백만원
2024,연말잔액(기타),대구광역시,목재 및 나무제품 제조업; 가구 제외,,,1154,백만원
2024,사업체수,대구광역시,펄프 종이 및 종이제품 제조업,,,85,개
2024,유형자산 연초잔액,대구광역시,펄프 종이 및 종이제품 제조업,,,791645,백만원
2024,유형자산 연간증가,대구광역시,펄프 종이 및 종이제품 제조업,,,93818,백만원
2024,연간증가(토지),대구광역시,펄프 종이 및 종이제품 제조업,,,20747,백만원
2024,연간증가(건물 및 구축물),대구광역시,펄프 종이 및 종이제품 제조업,,,8117,백만원
2024,연간증가(기계장치),대구광역시,펄프 종이 및 종이제품 제조업,,,58113,백만원
2024,연간증가(차량 및 기타),대구광역시,펄프 종이 및 종이제품 제조업,,,6841,백만원
2024,건설중 자산증감,대구광역시,펄프 종이 및 종이제품 제조업,,,141,백만원
2024,유형자산투자액,대구광역시,펄프 종이 및 종이제품 제조업,,,93959,백만원
2024,유형자산감소액,대구광역시,펄프 종이 및 종이제품 제조업,,,19021,백만원
2024,유형자산감가상각액,대구광역시,펄프 종이 및 종이제품 제조업,,,51561,백만원
2024,유형자산 연말잔액,대구광역시,펄프 종이 및 종이제품 제조업,,,814881,백만원
2024,연말잔액(토지),대구광역시,펄프 종이 및 종이제품 제조업,,,423839,백만원
2024,연말잔액(건물 및 구축물),대구광역시,펄프 종이 및 종이제품 제조업,,,141681,백만원
2024,연말잔액(기계장치),대구광역시,펄프 종이 및 종이제품 제조업,,,234709,백만원
2024,연말잔액(기타),대구광역시,펄프 종이 및 종이제품 제조업,,,14652,백만원
2024,사업체수,대구광역시,인쇄 및 기록매체 복제업,,,46,개
2024,유형자산 연초잔액,대구광역시,인쇄 및 기록매체 복제업,,,141530,백만원
2024,유형자산 연간증가,대구광역시,인쇄 및 기록매체 복제업,,,7171,백만원
2024,연간증가(토지),대구광역시,인쇄 및 기록매체 복제업,,,990,백만원
2024,연간증가(건물 및 구축물),대구광역시,인쇄 및 기록매체 복제업,,,1673,백만원
2024,연간증가(기계장치),대구광역시,인쇄 및 기록매체 복제업,,,3311,백만원
2024,연간증가(차량 및 기타),대구광역시,인쇄 및 기록매체 복제업,,,1197,백만원
2024,건설중 자산증감,대구광역시,인쇄 및 기록매체 복제업,,,102,백만원
2024,유형자산투자액,대구광역시,인쇄 및 기록매체 복제업,,,7273,백만원
2024,유형자산감소액,대구광역시,인쇄 및 기록매체 복제업,,,599,백만원
2024,유형자산감가상각액,대구광역시,인쇄 및 기록매체 복제업,,,7967,백만원
2024,유형자산 연말잔액,대구광역시,인쇄 및 기록매체 복제업,,,140135,백만원
2024,연말잔액(토지),대구광역시,인쇄 및 기록매체 복제업,,,78634,백만원
2024,연말잔액(건물 및 구축물),대구광역시,인쇄 및 기록매체 복제업,,,30125,백만원
2024,연말잔액(기계장치),대구광역시,인쇄 및 기록매체 복제업,,,26865,백만원
2024,연말잔액(기타),대구광역시,인쇄 및 기록매체 복제업,,,4511,백만원
2024,사업체수,대구광역시,코크스 연탄 및 석유정제품 제조업,,,1,개
2024,유형자산 연초잔액,대구광역시,코크스 연탄 및 석유정제품 제조업,,,X,백만원
2024,유형자산 연간증가,대구광역시,코크스 연탄 및 석유정제품 제조업,,,X,백만원
2024,연간증가(토지),대구광역시,코크스 연탄 및 석유정제품 제조업,,,X,백만원
2024,연간증가(건물 및 구축물),대구광역시,코크스 연탄 및 석유정제품 제조업,,,X,백만원
2024,연간증가(기계장치),대구광역시,코크스 연탄 및 석유정제품 제조업,,,X,백만원
2024,연간증가(차량 및 기타),대구광역시,코크스 연탄 및 석유정제품 제조업,,,X,백만원
2024,건설중 자산증감,대구광역시,코크스 연탄 및 석유정제품 제조업,,,X,백만원
2024,유형자산투자액,대구광역시,코크스 연탄 및 석유정제품 제조업,,,X,백만원
2024,유형자산감소액,대구광역시,코크스 연탄 및 석유정제품 제조업,,,X,백만원
2024,유형자산감가상각액,대구광역시,코크스 연탄 및 석유정제품 제조업,,,X,백만원
2024,유형자산 연말잔액,대구광역시,코크스 연탄 및 석유정제품 제조업,,,X,백만원
2024,연말잔액(토지),대구광역시,코크스 연탄 및 석유정제품 제조업,,,X,백만원
2024,연말잔액(건물 및 구축물),대구광역시,코크스 연탄 및 석유정제품 제조업,,,X,백만원
2024,연말잔액(기계장치),대구광역시,코크스 연탄 및 석유정제품 제조업,,,X,백만원
2024,연말잔액(기타),대구광역시,코크스 연탄 및 석유정제품 제조업,,,X,백만원
2024,사업체수,대구광역시,화학물질 및 화학제품 제조업; 의약품 제외,,,41,개
2024,유형자산 연초잔액,대구광역시,화학물질 및 화학제품 제조업; 의약품 제외,,,239538,백만원
2024,유형자산 연간증가,대구광역시,화학물질 및 화학제품 제조업; 의약품 제외,,,18294,백만원
2024,연간증가(토지),대구광역시,화학물질 및 화학제품 제조업; 의약품 제외,,,6924,백만원
2024,연간증가(건물 및 구축물),대구광역시,화학물질 및 화학제품 제조업; 의약품 제외,,,3581,백만원
2024,연간증가(기계장치),대구광역시,화학물질 및 화학제품 제조업; 의약품 제외,,,6161,백만원
2024,연간증가(차량 및 기타),대구광역시,화학물질 및 화학제품 제조업; 의약품 제외,,,1628,백만원
2024,건설중 자산증감,대구광역시,화학물질 및 화학제품 제조업; 의약품 제외,,,5285,백만원
2024,유형자산투자액,대구광역시,화학물질 및 화학제품 제조업; 의약품 제외,,,23579,백만원
2024,유형자산감소액,대구광역시,화학물질 및 화학제품 제조업; 의약품 제외,,,5657,백만원
2024,유형자산감가상각액,대구광역시,화학물질 및 화학제품 제조업; 의약품 제외,,,10921,백만원
2024,유형자산 연말잔액,대구광역시,화학물질 및 화학제품 제조업; 의약품 제외,,,241254,백만원
2024,연말잔액(토지),대구광역시,화학물질 및 화학제품 제조업; 의약품 제외,,,143432,백만원
2024,연말잔액(건물 및 구축물),대구광역시,화학물질 및 화학제품 제조업; 의약품 제외,,,68825,백만원
2024,연말잔액(기계장치),대구광역시,화학물질 및 화학제품 제조업; 의약품 제외,,,22509,백만원
2024,연말잔액(기타),대구광역시,화학물질 및 화학제품 제조업; 의약품 제외,,,6488,백만원
2024,사업체수,대구광역시,의료용 물질 및 의약품 제조업,,,16,개
2024,유형자산 연초잔액,대구광역시,의료용 물질 및 의약품 제조업,,,147681,백만원
2024,유형자산 연간증가,대구광역시,의료용 물질 및 의약품 제조업,,,9394,백만원
2024,연간증가(토지),대구광역시,의료용 물질 및 의약품 제조업,,,906,백만원
2024,연간증가(건물 및 구축물),대구광역시,의료용 물질 및 의약품 제조업,,,2332,백만원
2024,연간증가(기계장치),대구광역시,의료용 물질 및 의약품 제조업,,,4750,백만원
2024,연간증가(차량 및 기타),대구광역시,의료용 물질 및 의약품 제조업,,,1406,백만원
2024,건설중 자산증감,대구광역시,의료용 물질 및 의약품 제조업,,,2435,백만원
2024,유형자산투자액,대구광역시,의료용 물질 및 의약품 제조업,,,11829,백만원
2024,유형자산감소액,대구광역시,의료용 물질 및 의약품 제조업,,,3733,백만원
2024,유형자산감가상각액,대구광역시,의료용 물질 및 의약품 제조업,,,4687,백만원
2024,유형자산 연말잔액,대구광역시,의료용 물질 및 의약품 제조업,,,148655,백만원
2024,연말잔액(토지),대구광역시,의료용 물질 및 의약품 제조업,,,68447,백만원
2024,연말잔액(건물 및 구축물),대구광역시,의료용 물질 및 의약품 제조업,,,56650,백만원
2024,연말잔액(기계장치),대구광역시,의료용 물질 및 의약품 제조업,,,20261,백만원
2024,연말잔액(기타),대구광역시,의료용 물질 및 의약품 제조업,,,3297,백만원
2024,사업체수,대구광역시,고무 및 플라스틱제품 제조업,,,247,개
2024,유형자산 연초잔액,대구광역시,고무 및 플라스틱제품 제조업,,,1157925,백만원
2024,유형자산 연간증가,대구광역시,고무 및 플라스틱제품 제조업,,,157848,백만원
2024,연간증가(토지),대구광역시,고무 및 플라스틱제품 제조업,,,63543,백만원
2024,연간증가(건물 및 구축물),대구광역시,고무 및 플라스틱제품 제조업,,,20497,백만원
2024,연간증가(기계장치),대구광역시,고무 및 플라스틱제품 제조업,,,46165,백만원
2024,연간증가(차량 및 기타),대구광역시,고무 및 플라스틱제품 제조업,,,27643,백만원
2024,건설중 자산증감,대구광역시,고무 및 플라스틱제품 제조업,,,3591,백만원
2024,유형자산투자액,대구광역시,고무 및 플라스틱제품 제조업,,,161439,백만원
2024,유형자산감소액,대구광역시,고무 및 플라스틱제품 제조업,,,72916,백만원
2024,유형자산감가상각액,대구광역시,고무 및 플라스틱제품 제조업,,,73837,백만원
2024,유형자산 연말잔액,대구광역시,고무 및 플라스틱제품 제조업,,,1169020,백만원
2024,연말잔액(토지),대구광역시,고무 및 플라스틱제품 제조업,,,673316,백만원
2024,연말잔액(건물 및 구축물),대구광역시,고무 및 플라스틱제품 제조업,,,253912,백만원
2024,연말잔액(기계장치),대구광역시,고무 및 플라스틱제품 제조업,,,179221,백만원
2024,연말잔액(기타),대구광역시,고무 및 플라스틱제품 제조업,,,62571,백만원
2024,사업체수,대구광역시,비금속 광물제품 제조업,,,44,개
2024,유형자산 연초잔액,대구광역시,비금속 광물제품 제조업,,,297746,백만원
2024,유형자산 연간증가,대구광역시,비금속 광물제품 제조업,,,17591,백만원
2024,연간증가(토지),대구광역시,비금속 광물제품 제조업,,,4584,백만원
2024,연간증가(건물 및 구축물),대구광역시,비금속 광물제품 제조업,,,1491,백만원
2024,연간증가(기계장치),대구광역시,비금속 광물제품 제조업,,,8873,백만원
2024,연간증가(차량 및 기타),대구광역시,비금속 광물제품 제조업,,,2643,백만원
2024,건설중 자산증감,대구광역시,비금속 광물제품 제조업,,,-559,백만원
2024,유형자산투자액,대구광역시,비금속 광물제품 제조업,,,17032,백만원
2024,유형자산감소액,대구광역시,비금속 광물제품 제조업,,,1672,백만원
2024,유형자산감가상각액,대구광역시,비금속 광물제품 제조업,,,13036,백만원
2024,유형자산 연말잔액,대구광역시,비금속 광물제품 제조업,,,300629,백만원
2024,연말잔액(토지),대구광역시,비금속 광물제품 제조업,,,183417,백만원
2024,연말잔액(건물 및 구축물),대구광역시,비금속 광물제품 제조업,,,69211,백만원
2024,연말잔액(기계장치),대구광역시,비금속 광물제품 제조업,,,39954,백만원
2024,연말잔액(기타),대구광역시,비금속 광물제품 제조업,,,8047,백만원
2024,사업체수,대구광역시,1차 금속 제조업,,,91,개
2024,유형자산 연초잔액,대구광역시,1차 금속 제조업,,,792101,백만원
2024,유형자산 연간증가,대구광역시,1차 금속 제조업,,,65422,백만원
2024,연간증가(토지),대구광역시,1차 금속 제조업,,,22139,백만원
2024,연간증가(건물 및 구축물),대구광역시,1차 금속 제조업,,,9629,백만원
2024,연간증가(기계장치),대구광역시,1차 금속 제조업,,,26073,백만원
2024,연간증가(차량 및 기타),대구광역시,1차 금속 제조업,,,7581,백만원
2024,건설중 자산증감,대구광역시,1차 금속 제조업,,,12098,백만원
2024,유형자산투자액,대구광역시,1차 금속 제조업,,,77520,백만원
2024,유형자산감소액,대구광역시,1차 금속 제조업,,,12124,백만원
2024,유형자산감가상각액,대구광역시,1차 금속 제조업,,,43681,백만원
2024,유형자산 연말잔액,대구광역시,1차 금속 제조업,,,801718,백만원
2024,연말잔액(토지),대구광역시,1차 금속 제조업,,,500270,백만원
2024,연말잔액(건물 및 구축물),대구광역시,1차 금속 제조업,,,154649,백만원
2024,연말잔액(기계장치),대구광역시,1차 금속 제조업,,,124432,백만원
2024,연말잔액(기타),대구광역시,1차 금속 제조업,,,22367,백만원
2024,사업체수,대구광역시,금속가공제품 제조업; 기계 및 가구 제외,,,682,개
2024,유형자산 연초잔액,대구광역시,금속가공제품 제조업; 기계 및 가구 제외,,,2768699,백만원
2024,유형자산 연간증가,대구광역시,금속가공제품 제조업; 기계 및 가구 제외,,,375665,백만원
2024,연간증가(토지),대구광역시,금속가공제품 제조업; 기계 및 가구 제외,,,126114,백만원
2024,연간증가(건물 및 구축물),대구광역시,금속가공제품 제조업; 기계 및 가구 제외,,,59868,백만원
2024,연간증가(기계장치),대구광역시,금속가공제품 제조업; 기계 및 가구 제외,,,146210,백만원
2024,연간증가(차량 및 기타),대구광역시,금속가공제품 제조업; 기계 및 가구 제외,,,43473,백만원
2024,건설중 자산증감,대구광역시,금속가공제품 제조업; 기계 및 가구 제외,,,-23844,백만원
2024,유형자산투자액,대구광역시,금속가공제품 제조업; 기계 및 가구 제외,,,351821,백만원
2024,유형자산감소액,대구광역시,금속가공제품 제조업; 기계 및 가구 제외,,,43626,백만원
2024,유형자산감가상각액,대구광역시,금속가공제품 제조업; 기계 및 가구 제외,,,164538,백만원
2024,유형자산 연말잔액,대구광역시,금속가공제품 제조업; 기계 및 가구 제외,,,2936200,백만원
2024,연말잔액(토지),대구광역시,금속가공제품 제조업; 기계 및 가구 제외,,,1667678,백만원
2024,연말잔액(건물 및 구축물),대구광역시,금속가공제품 제조업; 기계 및 가구 제외,,,600335,백만원
2024,연말잔액(기계장치),대구광역시,금속가공제품 제조업; 기계 및 가구 제외,,,561808,백만원
2024,연말잔액(기타),대구광역시,금속가공제품 제조업; 기계 및 가구 제외,,,106379,백만원
2024,사업체수,대구광역시,전자부품 컴퓨터 영상 음향 및 통신장비 제조업,,,59,개
2024,유형자산 연초잔액,대구광역시,전자부품 컴퓨터 영상 음향 및 통신장비 제조업,,,465868,백만원
2024,유형자산 연간증가,대구광역시,전자부품 컴퓨터 영상 음향 및 통신장비 제조업,,,83321,백만원
2024,연간증가(토지),대구광역시,전자부품 컴퓨터 영상 음향 및 통신장비 제조업,,,3906,백만원
2024,연간증가(건물 및 구축물),대구광역시,전자부품 컴퓨터 영상 음향 및 통신장비 제조업,,,23799,백만원
2024,연간증가(기계장치),대구광역시,전자부품 컴퓨터 영상 음향 및 통신장비 제조업,,,50536,백만원
2024,연간증가(차량 및 기타),대구광역시,전자부품 컴퓨터 영상 음향 및 통신장비 제조업,,,5080,백만원
2024,건설중 자산증감,대구광역시,전자부품 컴퓨터 영상 음향 및 통신장비 제조업,,,-14359,백만원
2024,유형자산투자액,대구광역시,전자부품 컴퓨터 영상 음향 및 통신장비 제조업,,,68962,백만원
2024,유형자산감소액,대구광역시,전자부품 컴퓨터 영상 음향 및 통신장비 제조업,,,5883,백만원
2024,유형자산감가상각액,대구광역시,전자부품 컴퓨터 영상 음향 및 통신장비 제조업,,,33362,백만원
2024,유형자산 연말잔액,대구광역시,전자부품 컴퓨터 영상 음향 및 통신장비 제조업,,,509944,백만원
2024,연말잔액(토지),대구광역시,전자부품 컴퓨터 영상 음향 및 통신장비 제조업,,,189641,백만원
2024,연말잔액(건물 및 구축물),대구광역시,전자부품 컴퓨터 영상 음향 및 통신장비 제조업,,,136092,백만원
2024,연말잔액(기계장치),대구광역시,전자부품 컴퓨터 영상 음향 및 통신장비 제조업,,,170205,백만원
2024,연말잔액(기타),대구광역시,전자부품 컴퓨터 영상 음향 및 통신장비 제조업,,,14006,백만원
2024,사업체수,대구광역시,의료 정밀 광학기기 및 시계 제조업,,,147,개
2024,유형자산 연초잔액,대구광역시,의료 정밀 광학기기 및 시계 제조업,,,760059,백만원
2024,유형자산 연간증가,대구광역시,의료 정밀 광학기기 및 시계 제조업,,,137885,백만원
2024,연간증가(토지),대구광역시,의료 정밀 광학기기 및 시계 제조업,,,46286,백만원
2024,연간증가(건물 및 구축물),대구광역시,의료 정밀 광학기기 및 시계 제조업,,,44758,백만원
2024,연간증가(기계장치),대구광역시,의료 정밀 광학기기 및 시계 제조업,,,35236,백만원
2024,연간증가(차량 및 기타),대구광역시,의료 정밀 광학기기 및 시계 제조업,,,11605,백만원
2024,건설중 자산증감,대구광역시,의료 정밀 광학기기 및 시계 제조업,,,-20847,백만원
2024,유형자산투자액,대구광역시,의료 정밀 광학기기 및 시계 제조업,,,117038,백만원
2024,유형자산감소액,대구광역시,의료 정밀 광학기기 및 시계 제조업,,,53041,백만원
2024,유형자산감가상각액,대구광역시,의료 정밀 광학기기 및 시계 제조업,,,39189,백만원
2024,유형자산 연말잔액,대구광역시,의료 정밀 광학기기 및 시계 제조업,,,805714,백만원
2024,연말잔액(토지),대구광역시,의료 정밀 광학기기 및 시계 제조업,,,445552,백만원
2024,연말잔액(건물 및 구축물),대구광역시,의료 정밀 광학기기 및 시계 제조업,,,242778,백만원
2024,연말잔액(기계장치),대구광역시,의료 정밀 광학기기 및 시계 제조업,,,91623,백만원
2024,연말잔액(기타),대구광역시,의료 정밀 광학기기 및 시계 제조업,,,25761,백만원
2024,사업체수,대구광역시,전기장비 제조업,,,127,개
2024,유형자산 연초잔액,대구광역시,전기장비 제조업,,,1574634,백만원
2024,유형자산 연간증가,대구광역시,전기장비 제조업,,,459376,백만원
2024,연간증가(토지),대구광역시,전기장비 제조업,,,21992,백만원
2024,연간증가(건물 및 구축물),대구광역시,전기장비 제조업,,,102629,백만원
2024,연간증가(기계장치),대구광역시,전기장비 제조업,,,310234,백만원
2024,연간증가(차량 및 기타),대구광역시,전기장비 제조업,,,24521,백만원
2024,건설중 자산증감,대구광역시,전기장비 제조업,,,-164736,백만원
2024,유형자산투자액,대구광역시,전기장비 제조업,,,294640,백만원
2024,유형자산감소액,대구광역시,전기장비 제조업,,,6768,백만원
2024,유형자산감가상각액,대구광역시,전기장비 제조업,,,112388,백만원
2024,유형자산 연말잔액,대구광역시,전기장비 제조업,,,1914854,백만원
2024,연말잔액(토지),대구광역시,전기장비 제조업,,,514613,백만원
2024,연말잔액(건물 및 구축물),대구광역시,전기장비 제조업,,,634114,백만원
2024,연말잔액(기계장치),대구광역시,전기장비 제조업,,,683823,백만원
2024,연말잔액(기타),대구광역시,전기장비 제조업,,,82304,백만원
2024,사업체수,대구광역시,기타 기계 및 장비 제조업,,,492,개
2024,유형자산 연초잔액,대구광역시,기타 기계 및 장비 제조업,,,2937074,백만원
2024,유형자산 연간증가,대구광역시,기타 기계 및 장비 제조업,,,392145,백만원
2024,연간증가(토지),대구광역시,기타 기계 및 장비 제조업,,,174824,백만원
2024,연간증가(건물 및 구축물),대구광역시,기타 기계 및 장비 제조업,,,91839,백만원
2024,연간증가(기계장치),대구광역시,기타 기계 및 장비 제조업,,,83395,백만원
2024,연간증가(차량 및 기타),대구광역시,기타 기계 및 장비 제조업,,,42087,백만원
2024,건설중 자산증감,대구광역시,기타 기계 및 장비 제조업,,,14286,백만원
2024,유형자산투자액,대구광역시,기타 기계 및 장비 제조업,,,406431,백만원
2024,유형자산감소액,대구광역시,기타 기계 및 장비 제조업,,,88716,백만원
2024,유형자산감가상각액,대구광역시,기타 기계 및 장비 제조업,,,153184,백만원
2024,유형자산 연말잔액,대구광역시,기타 기계 및 장비 제조업,,,3087319,백만원
2024,연말잔액(토지),대구광역시,기타 기계 및 장비 제조업,,,1844539,백만원
2024,연말잔액(건물 및 구축물),대구광역시,기타 기계 및 장비 제조업,,,820299,백만원
2024,연말잔액(기계장치),대구광역시,기타 기계 및 장비 제조업,,,310442,백만원
2024,연말잔액(기타),대구광역시,기타 기계 및 장비 제조업,,,112039,백만원
2024,사업체수,대구광역시,자동차 및 트레일러 제조업,,,290,개
2024,유형자산 연초잔액,대구광역시,자동차 및 트레일러 제조업,,,2637666,백만원
2024,유형자산 연간증가,대구광역시,자동차 및 트레일러 제조업,,,413077,백만원
2024,연간증가(토지),대구광역시,자동차 및 트레일러 제조업,,,92891,백만원
2024,연간증가(건물 및 구축물),대구광역시,자동차 및 트레일러 제조업,,,82559,백만원
2024,연간증가(기계장치),대구광역시,자동차 및 트레일러 제조업,,,161212,백만원
2024,연간증가(차량 및 기타),대구광역시,자동차 및 트레일러 제조업,,,76415,백만원
2024,건설중 자산증감,대구광역시,자동차 및 트레일러 제조업,,,31269,백만원
2024,유형자산투자액,대구광역시,자동차 및 트레일러 제조업,,,444346,백만원
2024,유형자산감소액,대구광역시,자동차 및 트레일러 제조업,,,58247,백만원
2024,유형자산감가상각액,대구광역시,자동차 및 트레일러 제조업,,,218344,백만원
2024,유형자산 연말잔액,대구광역시,자동차 및 트레일러 제조업,,,2774152,백만원
2024,연말잔액(토지),대구광역시,자동차 및 트레일러 제조업,,,1313957,백만원
2024,연말잔액(건물 및 구축물),대구광역시,자동차 및 트레일러 제조업,,,651155,백만원
2024,연말잔액(기계장치),대구광역시,자동차 및 트레일러 제조업,,,662590,백만원
2024,연말잔액(기타),대구광역시,자동차 및 트레일러 제조업,,,146450,백만원
2024,사업체수,대구광역시,기타 운송장비 제조업,,,9,개
2024,유형자산 연초잔액,대구광역시,기타 운송장비 제조업,,,37292,백만원
2024,유형자산 연간증가,대구광역시,기타 운송장비 제조업,,,20075,백만원
2024,연간증가(토지),대구광역시,기타 운송장비 제조업,,,5542,백만원
2024,연간증가(건물 및 구축물),대구광역시,기타 운송장비 제조업,,,13882,백만원
2024,연간증가(기계장치),대구광역시,기타 운송장비 제조업,,,419,백만원
2024,연간증가(차량 및 기타),대구광역시,기타 운송장비 제조업,,,232,백만원
2024,유형자산투자액,대구광역시,기타 운송장비 제조업,,,20075,백만원
2024,유형자산감소액,대구광역시,기타 운송장비 제조업,,,203,백만원
2024,유형자산감가상각액,대구광역시,기타 운송장비 제조업,,,1936,백만원
2024,유형자산 연말잔액,대구광역시,기타 운송장비 제조업,,,55228,백만원
2024,연말잔액(토지),대구광역시,기타 운송장비 제조업,,,25281,백만원
2024,연말잔액(건물 및 구축물),대구광역시,기타 운송장비 제조업,,,23860,백만원
2024,연말잔액(기계장치),대구광역시,기타 운송장비 제조업,,,4914,백만원
2024,연말잔액(기타),대구광역시,기타 운송장비 제조업,,,1173,백만원
2024,사업체수,대구광역시,가구 제조업,,,15,개
2024,유형자산 연초잔액,대구광역시,가구 제조업,,,71283,백만원
2024,유형자산 연간증가,대구광역시,가구 제조업,,,4597,백만원
2024,연간증가(토지),대구광역시,가구 제조업,,,1755,백만원
2024,연간증가(건물 및 구축물),대구광역시,가구 제조업,,,311,백만원
2024,연간증가(기계장치),대구광역시,가구 제조업,,,1002,백만원
2024,연간증가(차량 및 기타),대구광역시,가구 제조업,,,1529,백만원
2024,건설중 자산증감,대구광역시,가구 제조업,,,-658,백만원
2024,유형자산투자액,대구광역시,가구 제조업,,,3939,백만원
2024,유형자산감소액,대구광역시,가구 제조업,,,43,백만원
2024,유형자산감가상각액,대구광역시,가구 제조업,,,2043,백만원
2024,유형자산 연말잔액,대구광역시,가구 제조업,,,73794,백만원
2024,연말잔액(토지),대구광역시,가구 제조업,,,53463,백만원
2024,연말잔액(건물 및 구축물),대구광역시,가구 제조업,,,14003,백만원
2024,연말잔액(기계장치),대구광역시,가구 제조업,,,3244,백만원
2024,연말잔액(기타),대구광역시,가구 제조업,,,3084,백만원
2024,사업체수,대구광역시,기타 제품 제조업,,,24,개
2024,유형자산 연초잔액,대구광역시,기타 제품 제조업,,,58836,백만원
2024,유형자산 연간증가,대구광역시,기타 제품 제조업,,,16757,백만원
2024,연간증가(토지),대구광역시,기타 제품 제조업,,,8904,백만원
2024,연간증가(건물 및 구축물),대구광역시,기타 제품 제조업,,,2240,백만원
2024,연간증가(기계장치),대구광역시,기타 제품 제조업,,,3841,백만원
2024,연간증가(차량 및 기타),대구광역시,기타 제품 제조업,,,1772,백만원
2024,건설중 자산증감,대구광역시,기타 제품 제조업,,,37,백만원
2024,유형자산투자액,대구광역시,기타 제품 제조업,,,16794,백만원
2024,유형자산감소액,대구광역시,기타 제품 제조업,,,1760,백만원
2024,유형자산감가상각액,대구광역시,기타 제품 제조업,,,3300,백만원
2024,유형자산 연말잔액,대구광역시,기타 제품 제조업,,,70533,백만원
2024,연말잔액(토지),대구광역시,기타 제품 제조업,,,42628,백만원
2024,연말잔액(건물 및 구축물),대구광역시,기타 제품 제조업,,,17478,백만원
2024,연말잔액(기계장치),대구광역시,기타 제품 제조업,,,7204,백만원
2024,연말잔액(기타),대구광역시,기타 제품 제조업,,,3223,백만원
2024,사업체수,대구광역시,산업용 기계 및 장비 수리업,,,10,개
2024,유형자산 연초잔액,대구광역시,산업용 기계 및 장비 수리업,,,6536,백만원
2024,유형자산 연간증가,대구광역시,산업용 기계 및 장비 수리업,,,6419,백만원
2024,연간증가(토지),대구광역시,산업용 기계 및 장비 수리업,,,5777,백만원
2024,연간증가(기계장치),대구광역시,산업용 기계 및 장비 수리업,,,31,백만원
2024,연간증가(차량 및 기타),대구광역시,산업용 기계 및 장비 수리업,,,611,백만원
2024,유형자산투자액,대구광역시,산업용 기계 및 장비 수리업,,,6419,백만원
2024,유형자산감소액,대구광역시,산업용 기계 및 장비 수리업,,,70,백만원
2024,유형자산감가상각액,대구광역시,산업용 기계 및 장비 수리업,,,614,백만원
2024,유형자산 연말잔액,대구광역시,산업용 기계 및 장비 수리업,,,12271,백만원
2024,연말잔액(토지),대구광역시,산업용 기계 및 장비 수리업,,,9142,백만원
2024,연말잔액(건물 및 구축물),대구광역시,산업용 기계 및 장비 수리업,,,981,백만원
2024,연말잔액(기계장치),대구광역시,산업용 기계 및 장비 수리업,,,373,백만원
2024,연말잔액(기타),대구광역시,산업용 기계 및 장비 수리업,,,1775,백만원
