PRD_DE,ITM_NM,C1_NM,C2_NM,C3_NM,C4_NM,DT,UNIT_NM
202301,생산지수(원지수),대구광역시,총지수,,,114.4,2020＝100
202302,생산지수(원지수),대구광역시,총지수,,,116,2020＝100
202303,생산지수(원지수),대구광역시,총지수,,,131.8,2020＝100
202304,생산지수(원지수),대구광역시,총지수,,,120.6,2020＝100
202305,생산지수(원지수),대구광역시,총지수,,,117.4,2020＝100
202306,생산지수(원지수),대구광역시,총지수,,,120.7,2020＝100
202307,생산지수(원지수),대구광역시,총지수,,,108.8,2020＝100
202308,생산지수(원지수),대구광역시,총지수,,,104.5,2020＝100
202309,생산지수(원지수),대구광역시,총지수,,,107,2020＝100
202310,생산지수(원지수),대구광역시,총지수,,,116.6,2020＝100
202311,생산지수(원지수),대구광역시,총지수,,,121.6,2020＝100
202312,생산지수(원지수),대구광역시,총지수,,,117,2020＝100
202301,생산자제품 출하지수(원지수),대구광역시,총지수,,,117.7,2020＝100
202302,생산자제품 출하지수(원지수),대구광역시,총지수,,,119.9,2020＝100
202303,생산자제품 출하지수(원지수),대구광역시,총지수,,,138.9,2020＝100
202304,생산자제품 출하지수(원지수),대구광역시,총지수,,,125.3,2020＝100
202305,생산자제품 출하지수(원지수),대구광역시,총지수,,,123.4,2020＝100
202306,생산자제품 출하지수(원지수),대구광역시,총지수,,,129.4,2020＝100
202307,생산자제품 출하지수(원지수),대구광역시,총지수,,,112.7,2020＝100
202308,생산자제품 출하지수(원지수),대구광역시,총지수,,,111.3,2020＝100
202309,생산자제품 출하지수(원지수),대구광역시,총지수,,,108.9,2020＝100
202310,생산자제품 출하지수(원지수),대구광역시,총지수,,,118.2,2020＝100
202311,생산자제품 출하지수(원지수),대구광역시,총지수,,,123.4,2020＝100
202312,생산자제품 출하지수(원지수),대구광역시,총지수,,,120.2,2020＝100
202301,생산자제품 재고지수(원지수),대구광역시,총지수,,,182.9,2020＝100
202302,생산자제품 재고지수(원지수),대구광역시,총지수,,,180.3,2020＝100
202303,생산자제품 재고지수(원지수),대구광역시,총지수,,,177.8,2020＝100
202304,생산자제품 재고지수(원지수),대구광역시,총지수,,,173.8,2020＝100
202305,생산자제품 재고지수(원지수),대구광역시,총지수,,,170.3,2020＝100
202306,생산자제품 재고지수(원지수),대구광역시,총지수,,,165.8,2020＝100
202307,생산자제품 재고지수(원지수),대구광역시,총지수,,,167.9,2020＝100
202308,생산자제품 재고지수(원지수),대구광역시,총지수,,,175.2,2020＝100
202309,생산자제품 재고지수(원지수),대구광역시,총지수,,,162.2,2020＝100
202310,생산자제품 재고지수(원지수),대구광역시,총지수,,,167.3,2020＝100
202311,생산자제품 재고지수(원지수),대구광역시,총지수,,,172.7,2020＝100
202312,생산자제품 재고지수(원지수),대구광역시,총지수,,,166.3,2020＝100
202301,생산지수(계절조정),대구광역시,총지수,,,121.9,2020＝100
202302,생산지수(계절조정),대구광역시,총지수,,,118.5,2020＝100
202303,생산지수(계절조정),대구광역시,총지수,,,121.4,2020＝100
202304,생산지수(계절조정),대구광역시,총지수,,,116.7,2020＝100
202305,생산지수(계절조정),대구광역시,총지수,,,117,2020＝100
202306,생산지수(계절조정),대구광역시,총지수,,,117.7,2020＝100
202307,생산지수(계절조정),대구광역시,총지수,,,113.5,2020＝100
202308,생산지수(계절조정),대구광역시,총지수,,,113.8,2020＝100
202309,생산지수(계절조정),대구광역시,총지수,,,113.8,2020＝100
202310,생산지수(계절조정),대구광역시,총지수,,,116.4,2020＝100
202311,생산지수(계절조정),대구광역시,총지수,,,116.5,2020＝100
202312,생산지수(계절조정),대구광역시,총지수,,,115.9,2020＝100
202301,생산자제품 출하지수(계절조정),대구광역시,총지수,,,125.6,2020＝100
202302,생산자제품 출하지수(계절조정),대구광역시,총지수,,,124.4,2020＝100
202303,생산자제품 출하지수(계절조정),대구광역시,총지수,,,125.9,2020＝100
202304,생산자제품 출하지수(계절조정),대구광역시,총지수,,,120.6,2020＝100
202305,생산자제품 출하지수(계절조정),대구광역시,총지수,,,124.2,2020＝100
202306,생산자제품 출하지수(계절조정),대구광역시,총지수,,,126.8,2020＝100
202307,생산자제품 출하지수(계절조정),대구광역시,총지수,,,116.4,2020＝100
202308,생산자제품 출하지수(계절조정),대구광역시,총지수,,,120.6,2020＝100
202309,생산자제품 출하지수(계절조정),대구광역시,총지수,,,114.7,2020＝100
202310,생산자제품 출하지수(계절조정),대구광역시,총지수,,,120.3,2020＝100
202311,생산자제품 출하지수(계절조정),대구광역시,총지수,,,119.5,2020＝100
202312,생산자제품 출하지수(계절조정),대구광역시,총지수,,,116.9,2020＝100
202301,생산자제품 재고지수(계절조정),대구광역시,총지수,,,181.9,2020＝100
202302,생산자제품 재고지수(계절조정),대구광역시,총지수,,,177.5,2020＝100
202303,생산자제품 재고지수(계절조정),대구광역시,총지수,,,179.9,2020＝100
202304,생산자제품 재고지수(계절조정),대구광역시,총지수,,,176.9,2020＝100
202305,생산자제품 재고지수(계절조정),대구광역시,총지수,,,172.3,2020＝100
202306,생산자제품 재고지수(계절조정),대구광역시,총지수,,,166.1,2020＝100
202307,생산자제품 재고지수(계절조정),대구광역시,총지수,,,166.4,2020＝100
202308,생산자제품 재고지수(계절조정),대구광역시,총지수,,,171.5,2020＝100
202309,생산자제품 재고지수(계절조정),대구광역시,총지수,,,162.8,2020＝100
202310,생산자제품 재고지수(계절조정),대구광역시,총지수,,,167.5,2020＝100
202311,생산자제품 재고지수(계절조정),대구광역시,총지수,,,171.2,2020＝100
202312,생산자제품 재고지수(계절조정),대구광역시,총지수,,,168.2,2020＝100
202301,생산지수(원지수),대구광역시,광업 및 제조업,,,114,2020＝100
202302,생산지수(원지수),대구광역시,광업 및 제조업,,,116.1,2020＝100
202303,생산지수(원지수),대구광역시,광업 및 제조업,,,132.4,2020＝100
202304,생산지수(원지수),대구광역시,광업 및 제조업,,,123.9,2020＝100
202305,생산지수(원지수),대구광역시,광업 및 제조업,,,120.6,2020＝100
202306,생산지수(원지수),대구광역시,광업 및 제조업,,,122.2,2020＝100
202307,생산지수(원지수),대구광역시,광업 및 제조업,,,110,2020＝100
202308,생산지수(원지수),대구광역시,광업 및 제조업,,,105.9,2020＝100
202309,생산지수(원지수),대구광역시,광업 및 제조업,,,108.5,2020＝100
202310,생산지수(원지수),대구광역시,광업 및 제조업,,,117.3,2020＝100
202311,생산지수(원지수),대구광역시,광업 및 제조업,,,122.7,2020＝100
202312,생산지수(원지수),대구광역시,광업 및 제조업,,,117.3,2020＝100
202301,생산자제품 출하지수(원지수),대구광역시,광업 및 제조업,,,117.6,2020＝100
202302,생산자제품 출하지수(원지수),대구광역시,광업 및 제조업,,,120,2020＝100
202303,생산자제품 출하지수(원지수),대구광역시,광업 및 제조업,,,139.5,2020＝100
202304,생산자제품 출하지수(원지수),대구광역시,광업 및 제조업,,,127.6,2020＝100
202305,생산자제품 출하지수(원지수),대구광역시,광업 및 제조업,,,125.7,2020＝100
202306,생산자제품 출하지수(원지수),대구광역시,광업 및 제조업,,,130.6,2020＝100
202307,생산자제품 출하지수(원지수),대구광역시,광업 및 제조업,,,113.6,2020＝100
202308,생산자제품 출하지수(원지수),대구광역시,광업 및 제조업,,,112.4,2020＝100
202309,생산자제품 출하지수(원지수),대구광역시,광업 및 제조업,,,109.9,2020＝100
202310,생산자제품 출하지수(원지수),대구광역시,광업 및 제조업,,,118.7,2020＝100
202311,생산자제품 출하지수(원지수),대구광역시,광업 및 제조업,,,124.1,2020＝100
202312,생산자제품 출하지수(원지수),대구광역시,광업 및 제조업,,,120.4,2020＝100
202301,생산자제품 재고지수(원지수),대구광역시,광업 및 제조업,,,182.9,2020＝100
202302,생산자제품 재고지수(원지수),대구광역시,광업 및 제조업,,,180.3,2020＝100
202303,생산자제품 재고지수(원지수),대구광역시,광업 및 제조업,,,177.8,2020＝100
202304,생산자제품 재고지수(원지수),대구광역시,광업 및 제조업,,,173.8,2020＝100
202305,생산자제품 재고지수(원지수),대구광역시,광업 및 제조업,,,170.3,2020＝100
202306,생산자제품 재고지수(원지수),대구광역시,광업 및 제조업,,,165.8,2020＝100
202307,생산자제품 재고지수(원지수),대구광역시,광업 및 제조업,,,167.9,2020＝100
202308,생산자제품 재고지수(원지수),대구광역시,광업 및 제조업,,,175.2,2020＝100
202309,생산자제품 재고지수(원지수),대구광역시,광업 및 제조업,,,162.2,2020＝100
202310,생산자제품 재고지수(원지수),대구광역시,광업 및 제조업,,,167.3,2020＝100
202311,생산자제품 재고지수(원지수),대구광역시,광업 및 제조업,,,172.7,2020＝100
202312,생산자제품 재고지수(원지수),대구광역시,광업 및 제조업,,,166.3,2020＝100
202301,생산지수(계절조정),대구광역시,광업 및 제조업,,,123.1,2020＝100
202302,생산지수(계절조정),대구광역시,광업 및 제조업,,,119.8,2020＝100
202303,생산지수(계절조정),대구광역시,광업 및 제조업,,,122.6,2020＝100
202304,생산지수(계절조정),대구광역시,광업 및 제조업,,,119.8,2020＝100
202305,생산지수(계절조정),대구광역시,광업 및 제조업,,,120,2020＝100
202306,생산지수(계절조정),대구광역시,광업 및 제조업,,,118.4,2020＝100
202307,생산지수(계절조정),대구광역시,광업 및 제조업,,,114,2020＝100
202308,생산지수(계절조정),대구광역시,광업 및 제조업,,,114.4,2020＝100
202309,생산지수(계절조정),대구광역시,광업 및 제조업,,,114.5,2020＝100
202310,생산지수(계절조정),대구광역시,광업 및 제조업,,,116.6,2020＝100
202311,생산지수(계절조정),대구광역시,광업 및 제조업,,,117.4,2020＝100
202312,생산지수(계절조정),대구광역시,광업 및 제조업,,,116.9,2020＝100
202301,생산자제품 출하지수(계절조정),대구광역시,광업 및 제조업,,,126.6,2020＝100
202302,생산자제품 출하지수(계절조정),대구광역시,광업 및 제조업,,,125.4,2020＝100
202303,생산자제품 출하지수(계절조정),대구광역시,광업 및 제조업,,,126.9,2020＝100
202304,생산자제품 출하지수(계절조정),대구광역시,광업 및 제조업,,,122.8,2020＝100
202305,생산자제품 출하지수(계절조정),대구광역시,광업 및 제조업,,,126.3,2020＝100
202306,생산자제품 출하지수(계절조정),대구광역시,광업 및 제조업,,,127.3,2020＝100
202307,생산자제품 출하지수(계절조정),대구광역시,광업 및 제조업,,,116.8,2020＝100
202308,생산자제품 출하지수(계절조정),대구광역시,광업 및 제조업,,,121.1,2020＝100
202309,생산자제품 출하지수(계절조정),대구광역시,광업 및 제조업,,,115.1,2020＝100
202310,생산자제품 출하지수(계절조정),대구광역시,광업 및 제조업,,,120.6,2020＝100
202311,생산자제품 출하지수(계절조정),대구광역시,광업 및 제조업,,,120.2,2020＝100
202312,생산자제품 출하지수(계절조정),대구광역시,광업 및 제조업,,,117.6,2020＝100
202301,생산자제품 재고지수(계절조정),대구광역시,광업 및 제조업,,,181.9,2020＝100
202302,생산자제품 재고지수(계절조정),대구광역시,광업 및 제조업,,,177.5,2020＝100
202303,생산자제품 재고지수(계절조정),대구광역시,광업 및 제조업,,,179.9,2020＝100
202304,생산자제품 재고지수(계절조정),대구광역시,광업 및 제조업,,,176.9,2020＝100
202305,생산자제품 재고지수(계절조정),대구광역시,광업 및 제조업,,,172.3,2020＝100
202306,생산자제품 재고지수(계절조정),대구광역시,광업 및 제조업,,,166.1,2020＝100
202307,생산자제품 재고지수(계절조정),대구광역시,광업 및 제조업,,,166.4,2020＝100
202308,생산자제품 재고지수(계절조정),대구광역시,광업 및 제조업,,,171.5,2020＝100
202309,생산자제품 재고지수(계절조정),대구광역시,광업 및 제조업,,,162.8,2020＝100
202310,생산자제품 재고지수(계절조정),대구광역시,광업 및 제조업,,,167.5,2020＝100
202311,생산자제품 재고지수(계절조정),대구광역시,광업 및 제조업,,,171.2,2020＝100
202312,생산자제품 재고지수(계절조정),대구광역시,광업 및 제조업,,,168.2,2020＝100
202301,생산지수(원지수),대구광역시,제조업,,,114,2020＝100
202302,생산지수(원지수),대구광역시,제조업,,,116.1,2020＝100
202303,생산지수(원지수),대구광역시,제조업,,,132.4,2020＝100
202304,생산지수(원지수),대구광역시,제조업,,,123.9,2020＝100
202305,생산지수(원지수),대구광역시,제조업,,,120.6,2020＝100
202306,생산지수(원지수),대구광역시,제조업,,,122.2,2020＝100
202307,생산지수(원지수),대구광역시,제조업,,,110,2020＝100
202308,생산지수(원지수),대구광역시,제조업,,,105.9,2020＝100
202309,생산지수(원지수),대구광역시,제조업,,,108.5,2020＝100
202310,생산지수(원지수),대구광역시,제조업,,,117.3,2020＝100
202311,생산지수(원지수),대구광역시,제조업,,,122.7,2020＝100
202312,생산지수(원지수),대구광역시,제조업,,,117.3,2020＝100
202301,생산자제품 출하지수(원지수),대구광역시,제조업,,,117.6,2020＝100
202302,생산자제품 출하지수(원지수),대구광역시,제조업,,,120,2020＝100
202303,생산자제품 출하지수(원지수),대구광역시,제조업,,,139.5,2020＝100
202304,생산자제품 출하지수(원지수),대구광역시,제조업,,,127.6,2020＝100
202305,생산자제품 출하지수(원지수),대구광역시,제조업,,,125.7,2020＝100
202306,생산자제품 출하지수(원지수),대구광역시,제조업,,,130.6,2020＝100
202307,생산자제품 출하지수(원지수),대구광역시,제조업,,,113.6,2020＝100
202308,생산자제품 출하지수(원지수),대구광역시,제조업,,,112.4,2020＝100
202309,생산자제품 출하지수(원지수),대구광역시,제조업,,,109.9,2020＝100
202310,생산자제품 출하지수(원지수),대구광역시,제조업,,,118.7,2020＝100
202311,생산자제품 출하지수(원지수),대구광역시,제조업,,,124.1,2020＝100
202312,생산자제품 출하지수(원지수),대구광역시,제조업,,,120.4,2020＝100
202301,생산자제품 재고지수(원지수),대구광역시,제조업,,,182.9,2020＝100
202302,생산자제품 재고지수(원지수),대구광역시,제조업,,,180.3,2020＝100
202303,생산자제품 재고지수(원지수),대구광역시,제조업,,,177.8,2020＝100
202304,생산자제품 재고지수(원지수),대구광역시,제조업,,,173.8,2020＝100
202305,생산자제품 재고지수(원지수),대구광역시,제조업,,,170.3,2020＝100
202306,생산자제품 재고지수(원지수),대구광역시,제조업,,,165.8,2020＝100
202307,생산자제품 재고지수(원지수),대구광역시,제조업,,,167.9,2020＝100
202308,생산자제품 재고지수(원지수),대구광역시,제조업,,,175.2,2020＝100
202309,생산자제품 재고지수(원지수),대구광역시,제조업,,,162.2,2020＝100
202310,생산자제품 재고지수(원지수),대구광역시,제조업,,,167.3,2020＝100
202311,생산자제품 재고지수(원지수),대구광역시,제조업,,,172.7,2020＝100
202312,생산자제품 재고지수(원지수),대구광역시,제조업,,,166.3,2020＝100
202301,생산지수(계절조정),대구광역시,제조업,,,123.1,2020＝100
202302,생산지수(계절조정),대구광역시,제조업,,,119.8,2020＝100
202303,생산지수(계절조정),대구광역시,제조업,,,122.6,2020＝100
202304,생산지수(계절조정),대구광역시,제조업,,,119.8,2020＝100
202305,생산지수(계절조정),대구광역시,제조업,,,120,2020＝100
202306,생산지수(계절조정),대구광역시,제조업,,,118.4,2020＝100
202307,생산지수(계절조정),대구광역시,제조업,,,114,2020＝100
202308,생산지수(계절조정),대구광역시,제조업,,,114.4,2020＝100
202309,생산지수(계절조정),대구광역시,제조업,,,114.5,2020＝100
202310,생산지수(계절조정),대구광역시,제조업,,,116.6,2020＝100
202311,생산지수(계절조정),대구광역시,제조업,,,117.4,2020＝100
202312,생산지수(계절조정),대구광역시,제조업,,,116.9,2020＝100
202301,생산자제품 출하지수(계절조정),대구광역시,제조업,,,126.6,2020＝100
202302,생산자제품 출하지수(계절조정),대구광역시,제조업,,,125.4,2020＝100
202303,생산자제품 출하지수(계절조정),대구광역시,제조업,,,126.9,2020＝100
202304,생산자제품 출하지수(계절조정),대구광역시,제조업,,,122.8,2020＝100
202305,생산자제품 출하지수(계절조정),대구광역시,제조업,,,126.3,2020＝100
202306,생산자제품 출하지수(계절조정),대구광역시,제조업,,,127.3,2020＝100
202307,생산자제품 출하지수(계절조정),대구광역시,제조업,,,116.8,2020＝100
202308,생산자제품 출하지수(계절조정),대구광역시,제조업,,,121.1,2020＝100
202309,생산자제품 출하지수(계절조정),대구광역시,제조업,,,115.1,2020＝100
202310,생산자제품 출하지수(계절조정),대구광역시,제조업,,,120.6,2020＝100
202311,생산자제품 출하지수(계절조정),대구광역시,제조업,,,120.2,2020＝100
202312,생산자제품 출하지수(계절조정),대구광역시,제조업,,,117.6,2020＝100
202301,생산자제품 재고지수(계절조정),대구광역시,제조업,,,181.9,2020＝100
202302,생산자제품 재고지수(계절조정),대구광역시,제조업,,,177.5,2020＝100
202303,생산자제품 재고지수(계절조정),대구광역시,제조업,,,179.9,2020＝100
202304,생산자제품 재고지수(계절조정),대구광역시,제조업,,,176.9,2020＝100
202305,생산자제품 재고지수(계절조정),대구광역시,제조업,,,172.3,2020＝100
202306,생산자제품 재고지수(계절조정),대구광역시,제조업,,,166.1,2020＝100
202307,생산자제품 재고지수(계절조정),대구광역시,제조업,,,166.4,2020＝100
202308,생산자제품 재고지수(계절조정),대구광역시,제조업,,,171.5,2020＝100
202309,생산자제품 재고지수(계절조정),대구광역시,제조업,,,162.8,2020＝100
202310,생산자제품 재고지수(계절조정),대구광역시,제조업,,,167.5,2020＝100
202311,생산자제품 재고지수(계절조정),대구광역시,제조업,,,171.2,2020＝100
202312,생산자제품 재고지수(계절조정),대구광역시,제조업,,,168.2,2020＝100
202301,생산지수(원지수),대구광역시,식료품 제조업,,,92,2020＝100
202302,생산지수(원지수),대구광역시,식료품 제조업,,,86.3,2020＝100
202303,생산지수(원지수),대구광역시,식료품 제조업,,,94.3,2020＝100
202304,생산지수(원지수),대구광역시,식료품 제조업,,,93.6,2020＝100
202305,생산지수(원지수),대구광역시,식료품 제조업,,,90.4,2020＝100
202306,생산지수(원지수),대구광역시,식료품 제조업,,,88.4,2020＝100
202307,생산지수(원지수),대구광역시,식료품 제조업,,,84.7,2020＝100
202308,생산지수(원지수),대구광역시,식료품 제조업,,,85.7,2020＝100
202309,생산지수(원지수),대구광역시,식료품 제조업,,,90.3,2020＝100
202310,생산지수(원지수),대구광역시,식료품 제조업,,,93.5,2020＝100
202311,생산지수(원지수),대구광역시,식료품 제조업,,,98.5,2020＝100
202312,생산지수(원지수),대구광역시,식료품 제조업,,,98.4,2020＝100
202301,생산자제품 출하지수(원지수),대구광역시,식료품 제조업,,,89.9,2020＝100
202302,생산자제품 출하지수(원지수),대구광역시,식료품 제조업,,,77.2,2020＝100
202303,생산자제품 출하지수(원지수),대구광역시,식료품 제조업,,,83,2020＝100
202304,생산자제품 출하지수(원지수),대구광역시,식료품 제조업,,,81,2020＝100
202305,생산자제품 출하지수(원지수),대구광역시,식료품 제조업,,,79.8,2020＝100
202306,생산자제품 출하지수(원지수),대구광역시,식료품 제조업,,,77,2020＝100
202307,생산자제품 출하지수(원지수),대구광역시,식료품 제조업,,,74.4,2020＝100
202308,생산자제품 출하지수(원지수),대구광역시,식료품 제조업,,,77.4,2020＝100
202309,생산자제품 출하지수(원지수),대구광역시,식료품 제조업,,,83.9,2020＝100
202310,생산자제품 출하지수(원지수),대구광역시,식료품 제조업,,,79.7,2020＝100
202311,생산자제품 출하지수(원지수),대구광역시,식료품 제조업,,,82.2,2020＝100
202312,생산자제품 출하지수(원지수),대구광역시,식료품 제조업,,,82.3,2020＝100
202301,생산자제품 재고지수(원지수),대구광역시,식료품 제조업,,,84.6,2020＝100
202302,생산자제품 재고지수(원지수),대구광역시,식료품 제조업,,,92,2020＝100
202303,생산자제품 재고지수(원지수),대구광역시,식료품 제조업,,,86.8,2020＝100
202304,생산자제품 재고지수(원지수),대구광역시,식료품 제조업,,,81.9,2020＝100
202305,생산자제품 재고지수(원지수),대구광역시,식료품 제조업,,,78.4,2020＝100
202306,생산자제품 재고지수(원지수),대구광역시,식료품 제조업,,,77.3,2020＝100
202307,생산자제품 재고지수(원지수),대구광역시,식료품 제조업,,,70.9,2020＝100
202308,생산자제품 재고지수(원지수),대구광역시,식료품 제조업,,,64.1,2020＝100
202309,생산자제품 재고지수(원지수),대구광역시,식료품 제조업,,,59.9,2020＝100
202310,생산자제품 재고지수(원지수),대구광역시,식료품 제조업,,,60.7,2020＝100
202311,생산자제품 재고지수(원지수),대구광역시,식료품 제조업,,,70.2,2020＝100
202312,생산자제품 재고지수(원지수),대구광역시,식료품 제조업,,,71.7,2020＝100
202301,생산지수(원지수),대구광역시,음료 제조업,,,62.2,2020＝100
202302,생산지수(원지수),대구광역시,음료 제조업,,,70.9,2020＝100
202303,생산지수(원지수),대구광역시,음료 제조업,,,77.5,2020＝100
202304,생산지수(원지수),대구광역시,음료 제조업,,,55.6,2020＝100
202305,생산지수(원지수),대구광역시,음료 제조업,,,52.2,2020＝100
202306,생산지수(원지수),대구광역시,음료 제조업,,,111.2,2020＝100
202307,생산지수(원지수),대구광역시,음료 제조업,,,76.1,2020＝100
202308,생산지수(원지수),대구광역시,음료 제조업,,,82.7,2020＝100
202309,생산지수(원지수),대구광역시,음료 제조업,,,72.7,2020＝100
202310,생산지수(원지수),대구광역시,음료 제조업,,,77.8,2020＝100
202311,생산지수(원지수),대구광역시,음료 제조업,,,69.1,2020＝100
202312,생산지수(원지수),대구광역시,음료 제조업,,,63.6,2020＝100
202301,생산자제품 출하지수(원지수),대구광역시,음료 제조업,,,64.4,2020＝100
202302,생산자제품 출하지수(원지수),대구광역시,음료 제조업,,,63,2020＝100
202303,생산자제품 출하지수(원지수),대구광역시,음료 제조업,,,68,2020＝100
202304,생산자제품 출하지수(원지수),대구광역시,음료 제조업,,,60.8,2020＝100
202305,생산자제품 출하지수(원지수),대구광역시,음료 제조업,,,50.5,2020＝100
202306,생산자제품 출하지수(원지수),대구광역시,음료 제조업,,,109.3,2020＝100
202307,생산자제품 출하지수(원지수),대구광역시,음료 제조업,,,78.1,2020＝100
202308,생산자제품 출하지수(원지수),대구광역시,음료 제조업,,,78.7,2020＝100
202309,생산자제품 출하지수(원지수),대구광역시,음료 제조업,,,78.6,2020＝100
202310,생산자제품 출하지수(원지수),대구광역시,음료 제조업,,,72.3,2020＝100
202311,생산자제품 출하지수(원지수),대구광역시,음료 제조업,,,69.8,2020＝100
202312,생산자제품 출하지수(원지수),대구광역시,음료 제조업,,,53.7,2020＝100
202301,생산자제품 재고지수(원지수),대구광역시,음료 제조업,,,74.4,2020＝100
202302,생산자제품 재고지수(원지수),대구광역시,음료 제조업,,,83.4,2020＝100
202303,생산자제품 재고지수(원지수),대구광역시,음료 제조업,,,96,2020＝100
202304,생산자제품 재고지수(원지수),대구광역시,음료 제조업,,,83.4,2020＝100
202305,생산자제품 재고지수(원지수),대구광역시,음료 제조업,,,81,2020＝100
202306,생산자제품 재고지수(원지수),대구광역시,음료 제조업,,,84.8,2020＝100
202307,생산자제품 재고지수(원지수),대구광역시,음료 제조업,,,83.9,2020＝100
202308,생산자제품 재고지수(원지수),대구광역시,음료 제조업,,,95.2,2020＝100
202309,생산자제품 재고지수(원지수),대구광역시,음료 제조업,,,83.7,2020＝100
202310,생산자제품 재고지수(원지수),대구광역시,음료 제조업,,,92.3,2020＝100
202311,생산자제품 재고지수(원지수),대구광역시,음료 제조업,,,84.1,2020＝100
202312,생산자제품 재고지수(원지수),대구광역시,음료 제조업,,,102.6,2020＝100
202301,생산지수(원지수),대구광역시,섬유제품 제조업; 의복 제외,,,94.5,2020＝100
202302,생산지수(원지수),대구광역시,섬유제품 제조업; 의복 제외,,,98.7,2020＝100
202303,생산지수(원지수),대구광역시,섬유제품 제조업; 의복 제외,,,110.6,2020＝100
202304,생산지수(원지수),대구광역시,섬유제품 제조업; 의복 제외,,,99.5,2020＝100
202305,생산지수(원지수),대구광역시,섬유제품 제조업; 의복 제외,,,101.8,2020＝100
202306,생산지수(원지수),대구광역시,섬유제품 제조업; 의복 제외,,,99.8,2020＝100
202307,생산지수(원지수),대구광역시,섬유제품 제조업; 의복 제외,,,92.2,2020＝100
202308,생산지수(원지수),대구광역시,섬유제품 제조업; 의복 제외,,,89.7,2020＝100
202309,생산지수(원지수),대구광역시,섬유제품 제조업; 의복 제외,,,95,2020＝100
202310,생산지수(원지수),대구광역시,섬유제품 제조업; 의복 제외,,,104.4,2020＝100
202311,생산지수(원지수),대구광역시,섬유제품 제조업; 의복 제외,,,106.1,2020＝100
202312,생산지수(원지수),대구광역시,섬유제품 제조업; 의복 제외,,,98.8,2020＝100
202301,생산자제품 출하지수(원지수),대구광역시,섬유제품 제조업; 의복 제외,,,92.6,2020＝100
202302,생산자제품 출하지수(원지수),대구광역시,섬유제품 제조업; 의복 제외,,,97.9,2020＝100
202303,생산자제품 출하지수(원지수),대구광역시,섬유제품 제조업; 의복 제외,,,110.7,2020＝100
202304,생산자제품 출하지수(원지수),대구광역시,섬유제품 제조업; 의복 제외,,,98.1,2020＝100
202305,생산자제품 출하지수(원지수),대구광역시,섬유제품 제조업; 의복 제외,,,104.9,2020＝100
202306,생산자제품 출하지수(원지수),대구광역시,섬유제품 제조업; 의복 제외,,,99.6,2020＝100
202307,생산자제품 출하지수(원지수),대구광역시,섬유제품 제조업; 의복 제외,,,92.1,2020＝100
202308,생산자제품 출하지수(원지수),대구광역시,섬유제품 제조업; 의복 제외,,,89.7,2020＝100
202309,생산자제품 출하지수(원지수),대구광역시,섬유제품 제조업; 의복 제외,,,97.2,2020＝100
202310,생산자제품 출하지수(원지수),대구광역시,섬유제품 제조업; 의복 제외,,,103.5,2020＝100
202311,생산자제품 출하지수(원지수),대구광역시,섬유제품 제조업; 의복 제외,,,103,2020＝100
202312,생산자제품 출하지수(원지수),대구광역시,섬유제품 제조업; 의복 제외,,,102.7,2020＝100
202301,생산자제품 재고지수(원지수),대구광역시,섬유제품 제조업; 의복 제외,,,93.1,2020＝100
202302,생산자제품 재고지수(원지수),대구광역시,섬유제품 제조업; 의복 제외,,,92,2020＝100
202303,생산자제품 재고지수(원지수),대구광역시,섬유제품 제조업; 의복 제외,,,83.9,2020＝100
202304,생산자제품 재고지수(원지수),대구광역시,섬유제품 제조업; 의복 제외,,,85.6,2020＝100
202305,생산자제품 재고지수(원지수),대구광역시,섬유제품 제조업; 의복 제외,,,85.3,2020＝100
202306,생산자제품 재고지수(원지수),대구광역시,섬유제품 제조업; 의복 제외,,,86.1,2020＝100
202307,생산자제품 재고지수(원지수),대구광역시,섬유제품 제조업; 의복 제외,,,84.5,2020＝100
202308,생산자제품 재고지수(원지수),대구광역시,섬유제품 제조업; 의복 제외,,,87.1,2020＝100
202309,생산자제품 재고지수(원지수),대구광역시,섬유제품 제조업; 의복 제외,,,84.2,2020＝100
202310,생산자제품 재고지수(원지수),대구광역시,섬유제품 제조업; 의복 제외,,,87.3,2020＝100
202311,생산자제품 재고지수(원지수),대구광역시,섬유제품 제조업; 의복 제외,,,92.5,2020＝100
202312,생산자제품 재고지수(원지수),대구광역시,섬유제품 제조업; 의복 제외,,,84.3,2020＝100
202301,생산지수(원지수),대구광역시,의복 의복액세서리 및 모피제품 제조업,,,80.6,2020＝100
202302,생산지수(원지수),대구광역시,의복 의복액세서리 및 모피제품 제조업,,,58.7,2020＝100
202303,생산지수(원지수),대구광역시,의복 의복액세서리 및 모피제품 제조업,,,102,2020＝100
202304,생산지수(원지수),대구광역시,의복 의복액세서리 및 모피제품 제조업,,,66.7,2020＝100
202305,생산지수(원지수),대구광역시,의복 의복액세서리 및 모피제품 제조업,,,79.4,2020＝100
202306,생산지수(원지수),대구광역시,의복 의복액세서리 및 모피제품 제조업,,,72.1,2020＝100
202307,생산지수(원지수),대구광역시,의복 의복액세서리 및 모피제품 제조업,,,62.2,2020＝100
202308,생산지수(원지수),대구광역시,의복 의복액세서리 및 모피제품 제조업,,,65.6,2020＝100
202309,생산지수(원지수),대구광역시,의복 의복액세서리 및 모피제품 제조업,,,58.5,2020＝100
202310,생산지수(원지수),대구광역시,의복 의복액세서리 및 모피제품 제조업,,,60.5,2020＝100
202311,생산지수(원지수),대구광역시,의복 의복액세서리 및 모피제품 제조업,,,64.6,2020＝100
202312,생산지수(원지수),대구광역시,의복 의복액세서리 및 모피제품 제조업,,,45,2020＝100
202301,생산자제품 출하지수(원지수),대구광역시,의복 의복액세서리 및 모피제품 제조업,,,68.1,2020＝100
202302,생산자제품 출하지수(원지수),대구광역시,의복 의복액세서리 및 모피제품 제조업,,,66.8,2020＝100
202303,생산자제품 출하지수(원지수),대구광역시,의복 의복액세서리 및 모피제품 제조업,,,103.3,2020＝100
202304,생산자제품 출하지수(원지수),대구광역시,의복 의복액세서리 및 모피제품 제조업,,,90.8,2020＝100
202305,생산자제품 출하지수(원지수),대구광역시,의복 의복액세서리 및 모피제품 제조업,,,101.1,2020＝100
202306,생산자제품 출하지수(원지수),대구광역시,의복 의복액세서리 및 모피제품 제조업,,,93.8,2020＝100
202307,생산자제품 출하지수(원지수),대구광역시,의복 의복액세서리 및 모피제품 제조업,,,73.2,2020＝100
202308,생산자제품 출하지수(원지수),대구광역시,의복 의복액세서리 및 모피제품 제조업,,,75.6,2020＝100
202309,생산자제품 출하지수(원지수),대구광역시,의복 의복액세서리 및 모피제품 제조업,,,79.4,2020＝100
202310,생산자제품 출하지수(원지수),대구광역시,의복 의복액세서리 및 모피제품 제조업,,,112,2020＝100
202311,생산자제품 출하지수(원지수),대구광역시,의복 의복액세서리 및 모피제품 제조업,,,117.1,2020＝100
202312,생산자제품 출하지수(원지수),대구광역시,의복 의복액세서리 및 모피제품 제조업,,,60.6,2020＝100
202301,생산자제품 재고지수(원지수),대구광역시,의복 의복액세서리 및 모피제품 제조업,,,174.2,2020＝100
202302,생산자제품 재고지수(원지수),대구광역시,의복 의복액세서리 및 모피제품 제조업,,,160.2,2020＝100
202303,생산자제품 재고지수(원지수),대구광역시,의복 의복액세서리 및 모피제품 제조업,,,178.7,2020＝100
202304,생산자제품 재고지수(원지수),대구광역시,의복 의복액세서리 및 모피제품 제조업,,,167.1,2020＝100
202305,생산자제품 재고지수(원지수),대구광역시,의복 의복액세서리 및 모피제품 제조업,,,156.8,2020＝100
202306,생산자제품 재고지수(원지수),대구광역시,의복 의복액세서리 및 모피제품 제조업,,,158.3,2020＝100
202307,생산자제품 재고지수(원지수),대구광역시,의복 의복액세서리 및 모피제품 제조업,,,175.4,2020＝100
202308,생산자제품 재고지수(원지수),대구광역시,의복 의복액세서리 및 모피제품 제조업,,,192.3,2020＝100
202309,생산자제품 재고지수(원지수),대구광역시,의복 의복액세서리 및 모피제품 제조업,,,179.4,2020＝100
202310,생산자제품 재고지수(원지수),대구광역시,의복 의복액세서리 및 모피제품 제조업,,,154.8,2020＝100
202311,생산자제품 재고지수(원지수),대구광역시,의복 의복액세서리 및 모피제품 제조업,,,141,2020＝100
202312,생산자제품 재고지수(원지수),대구광역시,의복 의복액세서리 및 모피제품 제조업,,,135.8,2020＝100
202301,생산지수(원지수),대구광역시,목재 및 나무제품 제조업; 가구 제외,,,0,2020＝100
202302,생산지수(원지수),대구광역시,목재 및 나무제품 제조업; 가구 제외,,,0,2020＝100
202303,생산지수(원지수),대구광역시,목재 및 나무제품 제조업; 가구 제외,,,0,2020＝100
202304,생산지수(원지수),대구광역시,목재 및 나무제품 제조업; 가구 제외,,,0,2020＝100
202305,생산지수(원지수),대구광역시,목재 및 나무제품 제조업; 가구 제외,,,0,2020＝100
202306,생산지수(원지수),대구광역시,목재 및 나무제품 제조업; 가구 제외,,,0,2020＝100
202307,생산지수(원지수),대구광역시,목재 및 나무제품 제조업; 가구 제외,,,0,2020＝100
202308,생산지수(원지수),대구광역시,목재 및 나무제품 제조업; 가구 제외,,,0,2020＝100
202309,생산지수(원지수),대구광역시,목재 및 나무제품 제조업; 가구 제외,,,0,2020＝100
202310,생산지수(원지수),대구광역시,목재 및 나무제품 제조업; 가구 제외,,,0,2020＝100
202311,생산지수(원지수),대구광역시,목재 및 나무제품 제조업; 가구 제외,,,0,2020＝100
202312,생산지수(원지수),대구광역시,목재 및 나무제품 제조업; 가구 제외,,,0,2020＝100
202301,생산자제품 출하지수(원지수),대구광역시,목재 및 나무제품 제조업; 가구 제외,,,0,2020＝100
202302,생산자제품 출하지수(원지수),대구광역시,목재 및 나무제품 제조업; 가구 제외,,,0,2020＝100
202303,생산자제품 출하지수(원지수),대구광역시,목재 및 나무제품 제조업; 가구 제외,,,0,2020＝100
202304,생산자제품 출하지수(원지수),대구광역시,목재 및 나무제품 제조업; 가구 제외,,,0,2020＝100
202305,생산자제품 출하지수(원지수),대구광역시,목재 및 나무제품 제조업; 가구 제외,,,0,2020＝100
202306,생산자제품 출하지수(원지수),대구광역시,목재 및 나무제품 제조업; 가구 제외,,,0,2020＝100
202307,생산자제품 출하지수(원지수),대구광역시,목재 및 나무제품 제조업; 가구 제외,,,0,2020＝100
202308,생산자제품 출하지수(원지수),대구광역시,목재 및 나무제품 제조업; 가구 제외,,,0,2020＝100
202309,생산자제품 출하지수(원지수),대구광역시,목재 및 나무제품 제조업; 가구 제외,,,0,2020＝100
202310,생산자제품 출하지수(원지수),대구광역시,목재 및 나무제품 제조업; 가구 제외,,,0,2020＝100
202311,생산자제품 출하지수(원지수),대구광역시,목재 및 나무제품 제조업; 가구 제외,,,0,2020＝100
202312,생산자제품 출하지수(원지수),대구광역시,목재 및 나무제품 제조업; 가구 제외,,,0,2020＝100
202301,생산자제품 재고지수(원지수),대구광역시,목재 및 나무제품 제조업; 가구 제외,,,0,2020＝100
202302,생산자제품 재고지수(원지수),대구광역시,목재 및 나무제품 제조업; 가구 제외,,,0,2020＝100
202303,생산자제품 재고지수(원지수),대구광역시,목재 및 나무제품 제조업; 가구 제외,,,0,2020＝100
202304,생산자제품 재고지수(원지수),대구광역시,목재 및 나무제품 제조업; 가구 제외,,,0,2020＝100
202305,생산자제품 재고지수(원지수),대구광역시,목재 및 나무제품 제조업; 가구 제외,,,0,2020＝100
202306,생산자제품 재고지수(원지수),대구광역시,목재 및 나무제품 제조업; 가구 제외,,,0,2020＝100
202307,생산자제품 재고지수(원지수),대구광역시,목재 및 나무제품 제조업; 가구 제외,,,0,2020＝100
202308,생산자제품 재고지수(원지수),대구광역시,목재 및 나무제품 제조업; 가구 제외,,,0,2020＝100
202309,생산자제품 재고지수(원지수),대구광역시,목재 및 나무제품 제조업; 가구 제외,,,0,2020＝100
202310,생산자제품 재고지수(원지수),대구광역시,목재 및 나무제품 제조업; 가구 제외,,,0,2020＝100
202311,생산자제품 재고지수(원지수),대구광역시,목재 및 나무제품 제조업; 가구 제외,,,0,2020＝100
202312,생산자제품 재고지수(원지수),대구광역시,목재 및 나무제품 제조업; 가구 제외,,,0,2020＝100
202301,생산지수(원지수),대구광역시,펄프 종이 및 종이제품 제조업,,,92.9,2020＝100
202302,생산지수(원지수),대구광역시,펄프 종이 및 종이제품 제조업,,,89.5,2020＝100
202303,생산지수(원지수),대구광역시,펄프 종이 및 종이제품 제조업,,,105.6,2020＝100
202304,생산지수(원지수),대구광역시,펄프 종이 및 종이제품 제조업,,,93.1,2020＝100
202305,생산지수(원지수),대구광역시,펄프 종이 및 종이제품 제조업,,,98.6,2020＝100
202306,생산지수(원지수),대구광역시,펄프 종이 및 종이제품 제조업,,,99.4,2020＝100
202307,생산지수(원지수),대구광역시,펄프 종이 및 종이제품 제조업,,,100.7,2020＝100
202308,생산지수(원지수),대구광역시,펄프 종이 및 종이제품 제조업,,,102.3,2020＝100
202309,생산지수(원지수),대구광역시,펄프 종이 및 종이제품 제조업,,,98.7,2020＝100
202310,생산지수(원지수),대구광역시,펄프 종이 및 종이제품 제조업,,,97.7,2020＝100
202311,생산지수(원지수),대구광역시,펄프 종이 및 종이제품 제조업,,,101.9,2020＝100
202312,생산지수(원지수),대구광역시,펄프 종이 및 종이제품 제조업,,,102,2020＝100
202301,생산자제품 출하지수(원지수),대구광역시,펄프 종이 및 종이제품 제조업,,,91.2,2020＝100
202302,생산자제품 출하지수(원지수),대구광역시,펄프 종이 및 종이제품 제조업,,,91,2020＝100
202303,생산자제품 출하지수(원지수),대구광역시,펄프 종이 및 종이제품 제조업,,,99.2,2020＝100
202304,생산자제품 출하지수(원지수),대구광역시,펄프 종이 및 종이제품 제조업,,,92,2020＝100
202305,생산자제품 출하지수(원지수),대구광역시,펄프 종이 및 종이제품 제조업,,,95.9,2020＝100
202306,생산자제품 출하지수(원지수),대구광역시,펄프 종이 및 종이제품 제조업,,,102.2,2020＝100
202307,생산자제품 출하지수(원지수),대구광역시,펄프 종이 및 종이제품 제조업,,,95,2020＝100
202308,생산자제품 출하지수(원지수),대구광역시,펄프 종이 및 종이제품 제조업,,,104.8,2020＝100
202309,생산자제품 출하지수(원지수),대구광역시,펄프 종이 및 종이제품 제조업,,,96.7,2020＝100
202310,생산자제품 출하지수(원지수),대구광역시,펄프 종이 및 종이제품 제조업,,,99.1,2020＝100
202311,생산자제품 출하지수(원지수),대구광역시,펄프 종이 및 종이제품 제조업,,,105.2,2020＝100
202312,생산자제품 출하지수(원지수),대구광역시,펄프 종이 및 종이제품 제조업,,,93.5,2020＝100
202301,생산자제품 재고지수(원지수),대구광역시,펄프 종이 및 종이제품 제조업,,,124.9,2020＝100
202302,생산자제품 재고지수(원지수),대구광역시,펄프 종이 및 종이제품 제조업,,,129,2020＝100
202303,생산자제품 재고지수(원지수),대구광역시,펄프 종이 및 종이제품 제조업,,,156.7,2020＝100
202304,생산자제품 재고지수(원지수),대구광역시,펄프 종이 및 종이제품 제조업,,,162.3,2020＝100
202305,생산자제품 재고지수(원지수),대구광역시,펄프 종이 및 종이제품 제조업,,,165.3,2020＝100
202306,생산자제품 재고지수(원지수),대구광역시,펄프 종이 및 종이제품 제조업,,,91.7,2020＝100
202307,생산자제품 재고지수(원지수),대구광역시,펄프 종이 및 종이제품 제조업,,,113.6,2020＝100
202308,생산자제품 재고지수(원지수),대구광역시,펄프 종이 및 종이제품 제조업,,,83.8,2020＝100
202309,생산자제품 재고지수(원지수),대구광역시,펄프 종이 및 종이제품 제조업,,,87.9,2020＝100
202310,생산자제품 재고지수(원지수),대구광역시,펄프 종이 및 종이제품 제조업,,,75.3,2020＝100
202311,생산자제품 재고지수(원지수),대구광역시,펄프 종이 및 종이제품 제조업,,,65.8,2020＝100
202312,생산자제품 재고지수(원지수),대구광역시,펄프 종이 및 종이제품 제조업,,,108.1,2020＝100
202301,생산지수(원지수),대구광역시,인쇄 및 기록매체 복제업,,,93.8,2020＝100
202302,생산지수(원지수),대구광역시,인쇄 및 기록매체 복제업,,,101.1,2020＝100
202303,생산지수(원지수),대구광역시,인쇄 및 기록매체 복제업,,,111,2020＝100
202304,생산지수(원지수),대구광역시,인쇄 및 기록매체 복제업,,,105.9,2020＝100
202305,생산지수(원지수),대구광역시,인쇄 및 기록매체 복제업,,,107.2,2020＝100
202306,생산지수(원지수),대구광역시,인쇄 및 기록매체 복제업,,,106.5,2020＝100
202307,생산지수(원지수),대구광역시,인쇄 및 기록매체 복제업,,,109,2020＝100
202308,생산지수(원지수),대구광역시,인쇄 및 기록매체 복제업,,,110,2020＝100
202309,생산지수(원지수),대구광역시,인쇄 및 기록매체 복제업,,,106.5,2020＝100
202310,생산지수(원지수),대구광역시,인쇄 및 기록매체 복제업,,,111.9,2020＝100
202311,생산지수(원지수),대구광역시,인쇄 및 기록매체 복제업,,,125.2,2020＝100
202312,생산지수(원지수),대구광역시,인쇄 및 기록매체 복제업,,,128,2020＝100
202301,생산자제품 출하지수(원지수),대구광역시,인쇄 및 기록매체 복제업,,,92.4,2020＝100
202302,생산자제품 출하지수(원지수),대구광역시,인쇄 및 기록매체 복제업,,,100.8,2020＝100
202303,생산자제품 출하지수(원지수),대구광역시,인쇄 및 기록매체 복제업,,,111.3,2020＝100
202304,생산자제품 출하지수(원지수),대구광역시,인쇄 및 기록매체 복제업,,,105.2,2020＝100
202305,생산자제품 출하지수(원지수),대구광역시,인쇄 및 기록매체 복제업,,,106.6,2020＝100
202306,생산자제품 출하지수(원지수),대구광역시,인쇄 및 기록매체 복제업,,,106.7,2020＝100
202307,생산자제품 출하지수(원지수),대구광역시,인쇄 및 기록매체 복제업,,,108.6,2020＝100
202308,생산자제품 출하지수(원지수),대구광역시,인쇄 및 기록매체 복제업,,,110.2,2020＝100
202309,생산자제품 출하지수(원지수),대구광역시,인쇄 및 기록매체 복제업,,,106,2020＝100
202310,생산자제품 출하지수(원지수),대구광역시,인쇄 및 기록매체 복제업,,,112,2020＝100
202311,생산자제품 출하지수(원지수),대구광역시,인쇄 및 기록매체 복제업,,,125.3,2020＝100
202312,생산자제품 출하지수(원지수),대구광역시,인쇄 및 기록매체 복제업,,,128.1,2020＝100
202301,생산지수(원지수),대구광역시,화학 물질 및 화학제품 제조업; 의약품 제외,,,136.2,2020＝100
202302,생산지수(원지수),대구광역시,화학 물질 및 화학제품 제조업; 의약품 제외,,,173.1,2020＝100
202303,생산지수(원지수),대구광역시,화학 물질 및 화학제품 제조업; 의약품 제외,,,207.8,2020＝100
202304,생산지수(원지수),대구광역시,화학 물질 및 화학제품 제조업; 의약품 제외,,,153.1,2020＝100
202305,생산지수(원지수),대구광역시,화학 물질 및 화학제품 제조업; 의약품 제외,,,133.8,2020＝100
202306,생산지수(원지수),대구광역시,화학 물질 및 화학제품 제조업; 의약품 제외,,,149.1,2020＝100
202307,생산지수(원지수),대구광역시,화학 물질 및 화학제품 제조업; 의약품 제외,,,150,2020＝100
202308,생산지수(원지수),대구광역시,화학 물질 및 화학제품 제조업; 의약품 제외,,,88.3,2020＝100
202309,생산지수(원지수),대구광역시,화학 물질 및 화학제품 제조업; 의약품 제외,,,151.1,2020＝100
202310,생산지수(원지수),대구광역시,화학 물질 및 화학제품 제조업; 의약품 제외,,,198.2,2020＝100
202311,생산지수(원지수),대구광역시,화학 물질 및 화학제품 제조업; 의약품 제외,,,191.8,2020＝100
202312,생산지수(원지수),대구광역시,화학 물질 및 화학제품 제조업; 의약품 제외,,,153.7,2020＝100
202301,생산자제품 출하지수(원지수),대구광역시,화학 물질 및 화학제품 제조업; 의약품 제외,,,151.3,2020＝100
202302,생산자제품 출하지수(원지수),대구광역시,화학 물질 및 화학제품 제조업; 의약품 제외,,,192.7,2020＝100
202303,생산자제품 출하지수(원지수),대구광역시,화학 물질 및 화학제품 제조업; 의약품 제외,,,249.6,2020＝100
202304,생산자제품 출하지수(원지수),대구광역시,화학 물질 및 화학제품 제조업; 의약품 제외,,,157.5,2020＝100
202305,생산자제품 출하지수(원지수),대구광역시,화학 물질 및 화학제품 제조업; 의약품 제외,,,118.3,2020＝100
202306,생산자제품 출하지수(원지수),대구광역시,화학 물질 및 화학제품 제조업; 의약품 제외,,,155.9,2020＝100
202307,생산자제품 출하지수(원지수),대구광역시,화학 물질 및 화학제품 제조업; 의약품 제외,,,185.2,2020＝100
202308,생산자제품 출하지수(원지수),대구광역시,화학 물질 및 화학제품 제조업; 의약품 제외,,,104.9,2020＝100
202309,생산자제품 출하지수(원지수),대구광역시,화학 물질 및 화학제품 제조업; 의약품 제외,,,125,2020＝100
202310,생산자제품 출하지수(원지수),대구광역시,화학 물질 및 화학제품 제조업; 의약품 제외,,,148.5,2020＝100
202311,생산자제품 출하지수(원지수),대구광역시,화학 물질 및 화학제품 제조업; 의약품 제외,,,145.7,2020＝100
202312,생산자제품 출하지수(원지수),대구광역시,화학 물질 및 화학제품 제조업; 의약품 제외,,,148.6,2020＝100
202301,생산자제품 재고지수(원지수),대구광역시,화학 물질 및 화학제품 제조업; 의약품 제외,,,99.4,2020＝100
202302,생산자제품 재고지수(원지수),대구광역시,화학 물질 및 화학제품 제조업; 의약품 제외,,,97.8,2020＝100
202303,생산자제품 재고지수(원지수),대구광역시,화학 물질 및 화학제품 제조업; 의약품 제외,,,90.6,2020＝100
202304,생산자제품 재고지수(원지수),대구광역시,화학 물질 및 화학제품 제조업; 의약품 제외,,,85.7,2020＝100
202305,생산자제품 재고지수(원지수),대구광역시,화학 물질 및 화학제품 제조업; 의약품 제외,,,92.6,2020＝100
202306,생산자제품 재고지수(원지수),대구광역시,화학 물질 및 화학제품 제조업; 의약품 제외,,,89.8,2020＝100
202307,생산자제품 재고지수(원지수),대구광역시,화학 물질 및 화학제품 제조업; 의약품 제외,,,80,2020＝100
202308,생산자제품 재고지수(원지수),대구광역시,화학 물질 및 화학제품 제조업; 의약품 제외,,,76.8,2020＝100
202309,생산자제품 재고지수(원지수),대구광역시,화학 물질 및 화학제품 제조업; 의약품 제외,,,83.3,2020＝100
202310,생산자제품 재고지수(원지수),대구광역시,화학 물질 및 화학제품 제조업; 의약품 제외,,,98.2,2020＝100
202311,생산자제품 재고지수(원지수),대구광역시,화학 물질 및 화학제품 제조업; 의약품 제외,,,117.2,2020＝100
202312,생산자제품 재고지수(원지수),대구광역시,화학 물질 및 화학제품 제조업; 의약품 제외,,,125.1,2020＝100
202301,생산지수(원지수),대구광역시,의료용 물질 및 의약품 제조업,,,81.5,2020＝100
202302,생산지수(원지수),대구광역시,의료용 물질 및 의약품 제조업,,,86.9,2020＝100
202303,생산지수(원지수),대구광역시,의료용 물질 및 의약품 제조업,,,120.5,2020＝100
202304,생산지수(원지수),대구광역시,의료용 물질 및 의약품 제조업,,,81.4,2020＝100
202305,생산지수(원지수),대구광역시,의료용 물질 및 의약품 제조업,,,56.1,2020＝100
202306,생산지수(원지수),대구광역시,의료용 물질 및 의약품 제조업,,,59.3,2020＝100
202307,생산지수(원지수),대구광역시,의료용 물질 및 의약품 제조업,,,106.7,2020＝100
202308,생산지수(원지수),대구광역시,의료용 물질 및 의약품 제조업,,,46,2020＝100
202309,생산지수(원지수),대구광역시,의료용 물질 및 의약품 제조업,,,85.5,2020＝100
202310,생산지수(원지수),대구광역시,의료용 물질 및 의약품 제조업,,,81.4,2020＝100
202311,생산지수(원지수),대구광역시,의료용 물질 및 의약품 제조업,,,73.2,2020＝100
202312,생산지수(원지수),대구광역시,의료용 물질 및 의약품 제조업,,,95.7,2020＝100
202301,생산자제품 출하지수(원지수),대구광역시,의료용 물질 및 의약품 제조업,,,55.2,2020＝100
202302,생산자제품 출하지수(원지수),대구광역시,의료용 물질 및 의약품 제조업,,,71.3,2020＝100
202303,생산자제품 출하지수(원지수),대구광역시,의료용 물질 및 의약품 제조업,,,82.8,2020＝100
202304,생산자제품 출하지수(원지수),대구광역시,의료용 물질 및 의약품 제조업,,,55.1,2020＝100
202305,생산자제품 출하지수(원지수),대구광역시,의료용 물질 및 의약품 제조업,,,57.5,2020＝100
202306,생산자제품 출하지수(원지수),대구광역시,의료용 물질 및 의약품 제조업,,,83.7,2020＝100
202307,생산자제품 출하지수(원지수),대구광역시,의료용 물질 및 의약품 제조업,,,96.9,2020＝100
202308,생산자제품 출하지수(원지수),대구광역시,의료용 물질 및 의약품 제조업,,,63.3,2020＝100
202309,생산자제품 출하지수(원지수),대구광역시,의료용 물질 및 의약품 제조업,,,88.3,2020＝100
202310,생산자제품 출하지수(원지수),대구광역시,의료용 물질 및 의약품 제조업,,,103.5,2020＝100
202311,생산자제품 출하지수(원지수),대구광역시,의료용 물질 및 의약품 제조업,,,111.9,2020＝100
202312,생산자제품 출하지수(원지수),대구광역시,의료용 물질 및 의약품 제조업,,,98.4,2020＝100
202301,생산지수(원지수),대구광역시,고무 및 플라스틱제품 제조업,,,107.3,2020＝100
202302,생산지수(원지수),대구광역시,고무 및 플라스틱제품 제조업,,,109.3,2020＝100
202303,생산지수(원지수),대구광역시,고무 및 플라스틱제품 제조업,,,123.1,2020＝100
202304,생산지수(원지수),대구광역시,고무 및 플라스틱제품 제조업,,,114.2,2020＝100
202305,생산지수(원지수),대구광역시,고무 및 플라스틱제품 제조업,,,117.4,2020＝100
202306,생산지수(원지수),대구광역시,고무 및 플라스틱제품 제조업,,,115.2,2020＝100
202307,생산지수(원지수),대구광역시,고무 및 플라스틱제품 제조업,,,113,2020＝100
202308,생산지수(원지수),대구광역시,고무 및 플라스틱제품 제조업,,,106.2,2020＝100
202309,생산지수(원지수),대구광역시,고무 및 플라스틱제품 제조업,,,111.9,2020＝100
202310,생산지수(원지수),대구광역시,고무 및 플라스틱제품 제조업,,,120.5,2020＝100
202311,생산지수(원지수),대구광역시,고무 및 플라스틱제품 제조업,,,123.9,2020＝100
202312,생산지수(원지수),대구광역시,고무 및 플라스틱제품 제조업,,,112.5,2020＝100
202301,생산자제품 출하지수(원지수),대구광역시,고무 및 플라스틱제품 제조업,,,105.3,2020＝100
202302,생산자제품 출하지수(원지수),대구광역시,고무 및 플라스틱제품 제조업,,,107.5,2020＝100
202303,생산자제품 출하지수(원지수),대구광역시,고무 및 플라스틱제품 제조업,,,124.5,2020＝100
202304,생산자제품 출하지수(원지수),대구광역시,고무 및 플라스틱제품 제조업,,,116.2,2020＝100
202305,생산자제품 출하지수(원지수),대구광역시,고무 및 플라스틱제품 제조업,,,119.1,2020＝100
202306,생산자제품 출하지수(원지수),대구광역시,고무 및 플라스틱제품 제조업,,,119.5,2020＝100
202307,생산자제품 출하지수(원지수),대구광역시,고무 및 플라스틱제품 제조업,,,115.2,2020＝100
202308,생산자제품 출하지수(원지수),대구광역시,고무 및 플라스틱제품 제조업,,,109.5,2020＝100
202309,생산자제품 출하지수(원지수),대구광역시,고무 및 플라스틱제품 제조업,,,111.3,2020＝100
202310,생산자제품 출하지수(원지수),대구광역시,고무 및 플라스틱제품 제조업,,,118.9,2020＝100
202311,생산자제품 출하지수(원지수),대구광역시,고무 및 플라스틱제품 제조업,,,127.6,2020＝100
202312,생산자제품 출하지수(원지수),대구광역시,고무 및 플라스틱제품 제조업,,,111,2020＝100
202301,생산자제품 재고지수(원지수),대구광역시,고무 및 플라스틱제품 제조업,,,206.9,2020＝100
202302,생산자제품 재고지수(원지수),대구광역시,고무 및 플라스틱제품 제조업,,,202.6,2020＝100
202303,생산자제품 재고지수(원지수),대구광역시,고무 및 플라스틱제품 제조업,,,192.2,2020＝100
202304,생산자제품 재고지수(원지수),대구광역시,고무 및 플라스틱제품 제조업,,,184.2,2020＝100
202305,생산자제품 재고지수(원지수),대구광역시,고무 및 플라스틱제품 제조업,,,167.3,2020＝100
202306,생산자제품 재고지수(원지수),대구광역시,고무 및 플라스틱제품 제조업,,,166.5,2020＝100
202307,생산자제품 재고지수(원지수),대구광역시,고무 및 플라스틱제품 제조업,,,116.6,2020＝100
202308,생산자제품 재고지수(원지수),대구광역시,고무 및 플라스틱제품 제조업,,,113,2020＝100
202309,생산자제품 재고지수(원지수),대구광역시,고무 및 플라스틱제품 제조업,,,114.1,2020＝100
202310,생산자제품 재고지수(원지수),대구광역시,고무 및 플라스틱제품 제조업,,,114.7,2020＝100
202311,생산자제품 재고지수(원지수),대구광역시,고무 및 플라스틱제품 제조업,,,123.7,2020＝100
202312,생산자제품 재고지수(원지수),대구광역시,고무 및 플라스틱제품 제조업,,,123.6,2020＝100
202301,생산지수(원지수),대구광역시,비금속 광물제품 제조업,,,73,2020＝100
202302,생산지수(원지수),대구광역시,비금속 광물제품 제조업,,,83.2,2020＝100
202303,생산지수(원지수),대구광역시,비금속 광물제품 제조업,,,91.6,2020＝100
202304,생산지수(원지수),대구광역시,비금속 광물제품 제조업,,,81.4,2020＝100
202305,생산지수(원지수),대구광역시,비금속 광물제품 제조업,,,80.5,2020＝100
202306,생산지수(원지수),대구광역시,비금속 광물제품 제조업,,,81.6,2020＝100
202307,생산지수(원지수),대구광역시,비금속 광물제품 제조업,,,69.4,2020＝100
202308,생산지수(원지수),대구광역시,비금속 광물제품 제조업,,,64.2,2020＝100
202309,생산지수(원지수),대구광역시,비금속 광물제품 제조업,,,68,2020＝100
202310,생산지수(원지수),대구광역시,비금속 광물제품 제조업,,,76,2020＝100
202311,생산지수(원지수),대구광역시,비금속 광물제품 제조업,,,74.7,2020＝100
202312,생산지수(원지수),대구광역시,비금속 광물제품 제조업,,,62.4,2020＝100
202301,생산자제품 출하지수(원지수),대구광역시,비금속 광물제품 제조업,,,74.7,2020＝100
202302,생산자제품 출하지수(원지수),대구광역시,비금속 광물제품 제조업,,,87.3,2020＝100
202303,생산자제품 출하지수(원지수),대구광역시,비금속 광물제품 제조업,,,92.5,2020＝100
202304,생산자제품 출하지수(원지수),대구광역시,비금속 광물제품 제조업,,,84.6,2020＝100
202305,생산자제품 출하지수(원지수),대구광역시,비금속 광물제품 제조업,,,84.6,2020＝100
202306,생산자제품 출하지수(원지수),대구광역시,비금속 광물제품 제조업,,,87.6,2020＝100
202307,생산자제품 출하지수(원지수),대구광역시,비금속 광물제품 제조업,,,73.8,2020＝100
202308,생산자제품 출하지수(원지수),대구광역시,비금속 광물제품 제조업,,,66.7,2020＝100
202309,생산자제품 출하지수(원지수),대구광역시,비금속 광물제품 제조업,,,70.7,2020＝100
202310,생산자제품 출하지수(원지수),대구광역시,비금속 광물제품 제조업,,,79.7,2020＝100
202311,생산자제품 출하지수(원지수),대구광역시,비금속 광물제품 제조업,,,80.3,2020＝100
202312,생산자제품 출하지수(원지수),대구광역시,비금속 광물제품 제조업,,,64.3,2020＝100
202301,생산자제품 재고지수(원지수),대구광역시,비금속 광물제품 제조업,,,96.1,2020＝100
202302,생산자제품 재고지수(원지수),대구광역시,비금속 광물제품 제조업,,,112.6,2020＝100
202303,생산자제품 재고지수(원지수),대구광역시,비금속 광물제품 제조업,,,110.7,2020＝100
202304,생산자제품 재고지수(원지수),대구광역시,비금속 광물제품 제조업,,,95,2020＝100
202305,생산자제품 재고지수(원지수),대구광역시,비금속 광물제품 제조업,,,88.6,2020＝100
202306,생산자제품 재고지수(원지수),대구광역시,비금속 광물제품 제조업,,,79.2,2020＝100
202307,생산자제품 재고지수(원지수),대구광역시,비금속 광물제품 제조업,,,76.3,2020＝100
202308,생산자제품 재고지수(원지수),대구광역시,비금속 광물제품 제조업,,,79.1,2020＝100
202309,생산자제품 재고지수(원지수),대구광역시,비금속 광물제품 제조업,,,95,2020＝100
202310,생산자제품 재고지수(원지수),대구광역시,비금속 광물제품 제조업,,,91,2020＝100
202311,생산자제품 재고지수(원지수),대구광역시,비금속 광물제품 제조업,,,85.3,2020＝100
202312,생산자제품 재고지수(원지수),대구광역시,비금속 광물제품 제조업,,,81,2020＝100
202301,생산지수(원지수),대구광역시,1차 금속 제조업,,,90.3,2020＝100
202302,생산지수(원지수),대구광역시,1차 금속 제조업,,,95.6,2020＝100
202303,생산지수(원지수),대구광역시,1차 금속 제조업,,,100,2020＝100
202304,생산지수(원지수),대구광역시,1차 금속 제조업,,,99.8,2020＝100
202305,생산지수(원지수),대구광역시,1차 금속 제조업,,,113.4,2020＝100
202306,생산지수(원지수),대구광역시,1차 금속 제조업,,,108.9,2020＝100
202307,생산지수(원지수),대구광역시,1차 금속 제조업,,,97.4,2020＝100
202308,생산지수(원지수),대구광역시,1차 금속 제조업,,,93,2020＝100
202309,생산지수(원지수),대구광역시,1차 금속 제조업,,,96.7,2020＝100
202310,생산지수(원지수),대구광역시,1차 금속 제조업,,,103,2020＝100
202311,생산지수(원지수),대구광역시,1차 금속 제조업,,,109.9,2020＝100
202312,생산지수(원지수),대구광역시,1차 금속 제조업,,,91.9,2020＝100
202301,생산자제품 출하지수(원지수),대구광역시,1차 금속 제조업,,,85.1,2020＝100
202302,생산자제품 출하지수(원지수),대구광역시,1차 금속 제조업,,,92.9,2020＝100
202303,생산자제품 출하지수(원지수),대구광역시,1차 금속 제조업,,,103,2020＝100
202304,생산자제품 출하지수(원지수),대구광역시,1차 금속 제조업,,,96.2,2020＝100
202305,생산자제품 출하지수(원지수),대구광역시,1차 금속 제조업,,,111.2,2020＝100
202306,생산자제품 출하지수(원지수),대구광역시,1차 금속 제조업,,,106.4,2020＝100
202307,생산자제품 출하지수(원지수),대구광역시,1차 금속 제조업,,,99.7,2020＝100
202308,생산자제품 출하지수(원지수),대구광역시,1차 금속 제조업,,,99.4,2020＝100
202309,생산자제품 출하지수(원지수),대구광역시,1차 금속 제조업,,,88.4,2020＝100
202310,생산자제품 출하지수(원지수),대구광역시,1차 금속 제조업,,,98.7,2020＝100
202311,생산자제품 출하지수(원지수),대구광역시,1차 금속 제조업,,,102.7,2020＝100
202312,생산자제품 출하지수(원지수),대구광역시,1차 금속 제조업,,,97.6,2020＝100
202301,생산자제품 재고지수(원지수),대구광역시,1차 금속 제조업,,,245.4,2020＝100
202302,생산자제품 재고지수(원지수),대구광역시,1차 금속 제조업,,,246.3,2020＝100
202303,생산자제품 재고지수(원지수),대구광역시,1차 금속 제조업,,,260.2,2020＝100
202304,생산자제품 재고지수(원지수),대구광역시,1차 금속 제조업,,,258.4,2020＝100
202305,생산자제품 재고지수(원지수),대구광역시,1차 금속 제조업,,,257.5,2020＝100
202306,생산자제품 재고지수(원지수),대구광역시,1차 금속 제조업,,,254.4,2020＝100
202307,생산자제품 재고지수(원지수),대구광역시,1차 금속 제조업,,,246.4,2020＝100
202308,생산자제품 재고지수(원지수),대구광역시,1차 금속 제조업,,,232.1,2020＝100
202309,생산자제품 재고지수(원지수),대구광역시,1차 금속 제조업,,,249.5,2020＝100
202310,생산자제품 재고지수(원지수),대구광역시,1차 금속 제조업,,,265.6,2020＝100
202311,생산자제품 재고지수(원지수),대구광역시,1차 금속 제조업,,,280.3,2020＝100
202312,생산자제품 재고지수(원지수),대구광역시,1차 금속 제조업,,,263,2020＝100
202301,생산지수(원지수),대구광역시,금속 가공제품 제조업; 기계 및 가구 제외,,,108.8,2020＝100
202302,생산지수(원지수),대구광역시,금속 가공제품 제조업; 기계 및 가구 제외,,,103,2020＝100
202303,생산지수(원지수),대구광역시,금속 가공제품 제조업; 기계 및 가구 제외,,,115.8,2020＝100
202304,생산지수(원지수),대구광역시,금속 가공제품 제조업; 기계 및 가구 제외,,,129.3,2020＝100
202305,생산지수(원지수),대구광역시,금속 가공제품 제조업; 기계 및 가구 제외,,,114.8,2020＝100
202306,생산지수(원지수),대구광역시,금속 가공제품 제조업; 기계 및 가구 제외,,,96.4,2020＝100
202307,생산지수(원지수),대구광역시,금속 가공제품 제조업; 기계 및 가구 제외,,,84.9,2020＝100
202308,생산지수(원지수),대구광역시,금속 가공제품 제조업; 기계 및 가구 제외,,,92.8,2020＝100
202309,생산지수(원지수),대구광역시,금속 가공제품 제조업; 기계 및 가구 제외,,,100.4,2020＝100
202310,생산지수(원지수),대구광역시,금속 가공제품 제조업; 기계 및 가구 제외,,,95.2,2020＝100
202311,생산지수(원지수),대구광역시,금속 가공제품 제조업; 기계 및 가구 제외,,,107.4,2020＝100
202312,생산지수(원지수),대구광역시,금속 가공제품 제조업; 기계 및 가구 제외,,,105.8,2020＝100
202301,생산자제품 출하지수(원지수),대구광역시,금속 가공제품 제조업; 기계 및 가구 제외,,,105.8,2020＝100
202302,생산자제품 출하지수(원지수),대구광역시,금속 가공제품 제조업; 기계 및 가구 제외,,,102.8,2020＝100
202303,생산자제품 출하지수(원지수),대구광역시,금속 가공제품 제조업; 기계 및 가구 제외,,,112.3,2020＝100
202304,생산자제품 출하지수(원지수),대구광역시,금속 가공제품 제조업; 기계 및 가구 제외,,,108.5,2020＝100
202305,생산자제품 출하지수(원지수),대구광역시,금속 가공제품 제조업; 기계 및 가구 제외,,,108.5,2020＝100
202306,생산자제품 출하지수(원지수),대구광역시,금속 가공제품 제조업; 기계 및 가구 제외,,,105.2,2020＝100
202307,생산자제품 출하지수(원지수),대구광역시,금속 가공제품 제조업; 기계 및 가구 제외,,,99,2020＝100
202308,생산자제품 출하지수(원지수),대구광역시,금속 가공제품 제조업; 기계 및 가구 제외,,,106.5,2020＝100
202309,생산자제품 출하지수(원지수),대구광역시,금속 가공제품 제조업; 기계 및 가구 제외,,,102,2020＝100
202310,생산자제품 출하지수(원지수),대구광역시,금속 가공제품 제조업; 기계 및 가구 제외,,,104,2020＝100
202311,생산자제품 출하지수(원지수),대구광역시,금속 가공제품 제조업; 기계 및 가구 제외,,,104.9,2020＝100
202312,생산자제품 출하지수(원지수),대구광역시,금속 가공제품 제조업; 기계 및 가구 제외,,,97.7,2020＝100
202301,생산자제품 재고지수(원지수),대구광역시,금속 가공제품 제조업; 기계 및 가구 제외,,,87.4,2020＝100
202302,생산자제품 재고지수(원지수),대구광역시,금속 가공제품 제조업; 기계 및 가구 제외,,,88.3,2020＝100
202303,생산자제품 재고지수(원지수),대구광역시,금속 가공제품 제조업; 기계 및 가구 제외,,,88.7,2020＝100
202304,생산자제품 재고지수(원지수),대구광역시,금속 가공제품 제조업; 기계 및 가구 제외,,,93.8,2020＝100
202305,생산자제품 재고지수(원지수),대구광역시,금속 가공제품 제조업; 기계 및 가구 제외,,,95,2020＝100
202306,생산자제품 재고지수(원지수),대구광역시,금속 가공제품 제조업; 기계 및 가구 제외,,,86.4,2020＝100
202307,생산자제품 재고지수(원지수),대구광역시,금속 가공제품 제조업; 기계 및 가구 제외,,,81.8,2020＝100
202308,생산자제품 재고지수(원지수),대구광역시,금속 가공제품 제조업; 기계 및 가구 제외,,,77.2,2020＝100
202309,생산자제품 재고지수(원지수),대구광역시,금속 가공제품 제조업; 기계 및 가구 제외,,,76,2020＝100
202310,생산자제품 재고지수(원지수),대구광역시,금속 가공제품 제조업; 기계 및 가구 제외,,,74.3,2020＝100
202311,생산자제품 재고지수(원지수),대구광역시,금속 가공제품 제조업; 기계 및 가구 제외,,,73.8,2020＝100
202312,생산자제품 재고지수(원지수),대구광역시,금속 가공제품 제조업; 기계 및 가구 제외,,,77.2,2020＝100
202301,생산지수(원지수),대구광역시,전자 부품 컴퓨터 영상 음향 및 통신장비 제조업,,,147.7,2020＝100
202302,생산지수(원지수),대구광역시,전자 부품 컴퓨터 영상 음향 및 통신장비 제조업,,,138.4,2020＝100
202303,생산지수(원지수),대구광역시,전자 부품 컴퓨터 영상 음향 및 통신장비 제조업,,,143.6,2020＝100
202304,생산지수(원지수),대구광역시,전자 부품 컴퓨터 영상 음향 및 통신장비 제조업,,,139.3,2020＝100
202305,생산지수(원지수),대구광역시,전자 부품 컴퓨터 영상 음향 및 통신장비 제조업,,,148.8,2020＝100
202306,생산지수(원지수),대구광역시,전자 부품 컴퓨터 영상 음향 및 통신장비 제조업,,,145.8,2020＝100
202307,생산지수(원지수),대구광역시,전자 부품 컴퓨터 영상 음향 및 통신장비 제조업,,,142.8,2020＝100
202308,생산지수(원지수),대구광역시,전자 부품 컴퓨터 영상 음향 및 통신장비 제조업,,,134.7,2020＝100
202309,생산지수(원지수),대구광역시,전자 부품 컴퓨터 영상 음향 및 통신장비 제조업,,,138.3,2020＝100
202310,생산지수(원지수),대구광역시,전자 부품 컴퓨터 영상 음향 및 통신장비 제조업,,,153.9,2020＝100
202311,생산지수(원지수),대구광역시,전자 부품 컴퓨터 영상 음향 및 통신장비 제조업,,,152,2020＝100
202312,생산지수(원지수),대구광역시,전자 부품 컴퓨터 영상 음향 및 통신장비 제조업,,,124.6,2020＝100
202301,생산자제품 출하지수(원지수),대구광역시,전자 부품 컴퓨터 영상 음향 및 통신장비 제조업,,,157.3,2020＝100
202302,생산자제품 출하지수(원지수),대구광역시,전자 부품 컴퓨터 영상 음향 및 통신장비 제조업,,,135,2020＝100
202303,생산자제품 출하지수(원지수),대구광역시,전자 부품 컴퓨터 영상 음향 및 통신장비 제조업,,,148.8,2020＝100
202304,생산자제품 출하지수(원지수),대구광역시,전자 부품 컴퓨터 영상 음향 및 통신장비 제조업,,,145.9,2020＝100
202305,생산자제품 출하지수(원지수),대구광역시,전자 부품 컴퓨터 영상 음향 및 통신장비 제조업,,,142.7,2020＝100
202306,생산자제품 출하지수(원지수),대구광역시,전자 부품 컴퓨터 영상 음향 및 통신장비 제조업,,,152.5,2020＝100
202307,생산자제품 출하지수(원지수),대구광역시,전자 부품 컴퓨터 영상 음향 및 통신장비 제조업,,,155.4,2020＝100
202308,생산자제품 출하지수(원지수),대구광역시,전자 부품 컴퓨터 영상 음향 및 통신장비 제조업,,,133.1,2020＝100
202309,생산자제품 출하지수(원지수),대구광역시,전자 부품 컴퓨터 영상 음향 및 통신장비 제조업,,,136.6,2020＝100
202310,생산자제품 출하지수(원지수),대구광역시,전자 부품 컴퓨터 영상 음향 및 통신장비 제조업,,,142.9,2020＝100
202311,생산자제품 출하지수(원지수),대구광역시,전자 부품 컴퓨터 영상 음향 및 통신장비 제조업,,,155.9,2020＝100
202312,생산자제품 출하지수(원지수),대구광역시,전자 부품 컴퓨터 영상 음향 및 통신장비 제조업,,,135.7,2020＝100
202301,생산자제품 재고지수(원지수),대구광역시,전자 부품 컴퓨터 영상 음향 및 통신장비 제조업,,,138.9,2020＝100
202302,생산자제품 재고지수(원지수),대구광역시,전자 부품 컴퓨터 영상 음향 및 통신장비 제조업,,,147.3,2020＝100
202303,생산자제품 재고지수(원지수),대구광역시,전자 부품 컴퓨터 영상 음향 및 통신장비 제조업,,,143.2,2020＝100
202304,생산자제품 재고지수(원지수),대구광역시,전자 부품 컴퓨터 영상 음향 및 통신장비 제조업,,,138.4,2020＝100
202305,생산자제품 재고지수(원지수),대구광역시,전자 부품 컴퓨터 영상 음향 및 통신장비 제조업,,,149.3,2020＝100
202306,생산자제품 재고지수(원지수),대구광역시,전자 부품 컴퓨터 영상 음향 및 통신장비 제조업,,,143.5,2020＝100
202307,생산자제품 재고지수(원지수),대구광역시,전자 부품 컴퓨터 영상 음향 및 통신장비 제조업,,,126.8,2020＝100
202308,생산자제품 재고지수(원지수),대구광역시,전자 부품 컴퓨터 영상 음향 및 통신장비 제조업,,,130.6,2020＝100
202309,생산자제품 재고지수(원지수),대구광역시,전자 부품 컴퓨터 영상 음향 및 통신장비 제조업,,,131.2,2020＝100
202310,생산자제품 재고지수(원지수),대구광역시,전자 부품 컴퓨터 영상 음향 및 통신장비 제조업,,,147.4,2020＝100
202311,생산자제품 재고지수(원지수),대구광역시,전자 부품 컴퓨터 영상 음향 및 통신장비 제조업,,,144.6,2020＝100
202312,생산자제품 재고지수(원지수),대구광역시,전자 부품 컴퓨터 영상 음향 및 통신장비 제조업,,,134.3,2020＝100
202301,생산지수(원지수),대구광역시,의료 정밀 광학 기기 및 시계 제조업,,,115.7,2020＝100
202302,생산지수(원지수),대구광역시,의료 정밀 광학 기기 및 시계 제조업,,,136,2020＝100
202303,생산지수(원지수),대구광역시,의료 정밀 광학 기기 및 시계 제조업,,,166.8,2020＝100
202304,생산지수(원지수),대구광역시,의료 정밀 광학 기기 및 시계 제조업,,,143.3,2020＝100
202305,생산지수(원지수),대구광역시,의료 정밀 광학 기기 및 시계 제조업,,,147.8,2020＝100
202306,생산지수(원지수),대구광역시,의료 정밀 광학 기기 및 시계 제조업,,,140.7,2020＝100
202307,생산지수(원지수),대구광역시,의료 정밀 광학 기기 및 시계 제조업,,,146.5,2020＝100
202308,생산지수(원지수),대구광역시,의료 정밀 광학 기기 및 시계 제조업,,,105.8,2020＝100
202309,생산지수(원지수),대구광역시,의료 정밀 광학 기기 및 시계 제조업,,,132.8,2020＝100
202310,생산지수(원지수),대구광역시,의료 정밀 광학 기기 및 시계 제조업,,,110.8,2020＝100
202311,생산지수(원지수),대구광역시,의료 정밀 광학 기기 및 시계 제조업,,,147.2,2020＝100
202312,생산지수(원지수),대구광역시,의료 정밀 광학 기기 및 시계 제조업,,,152.9,2020＝100
202301,생산자제품 출하지수(원지수),대구광역시,의료 정밀 광학 기기 및 시계 제조업,,,251.9,2020＝100
202302,생산자제품 출하지수(원지수),대구광역시,의료 정밀 광학 기기 및 시계 제조업,,,230.2,2020＝100
202303,생산자제품 출하지수(원지수),대구광역시,의료 정밀 광학 기기 및 시계 제조업,,,331.6,2020＝100
202304,생산자제품 출하지수(원지수),대구광역시,의료 정밀 광학 기기 및 시계 제조업,,,294.4,2020＝100
202305,생산자제품 출하지수(원지수),대구광역시,의료 정밀 광학 기기 및 시계 제조업,,,296,2020＝100
202306,생산자제품 출하지수(원지수),대구광역시,의료 정밀 광학 기기 및 시계 제조업,,,264.5,2020＝100
202307,생산자제품 출하지수(원지수),대구광역시,의료 정밀 광학 기기 및 시계 제조업,,,213.4,2020＝100
202308,생산자제품 출하지수(원지수),대구광역시,의료 정밀 광학 기기 및 시계 제조업,,,155.2,2020＝100
202309,생산자제품 출하지수(원지수),대구광역시,의료 정밀 광학 기기 및 시계 제조업,,,233.5,2020＝100
202310,생산자제품 출하지수(원지수),대구광역시,의료 정밀 광학 기기 및 시계 제조업,,,159,2020＝100
202311,생산자제품 출하지수(원지수),대구광역시,의료 정밀 광학 기기 및 시계 제조업,,,179.2,2020＝100
202312,생산자제품 출하지수(원지수),대구광역시,의료 정밀 광학 기기 및 시계 제조업,,,196.3,2020＝100
202301,생산자제품 재고지수(원지수),대구광역시,의료 정밀 광학 기기 및 시계 제조업,,,101.3,2020＝100
202302,생산자제품 재고지수(원지수),대구광역시,의료 정밀 광학 기기 및 시계 제조업,,,107.3,2020＝100
202303,생산자제품 재고지수(원지수),대구광역시,의료 정밀 광학 기기 및 시계 제조업,,,110,2020＝100
202304,생산자제품 재고지수(원지수),대구광역시,의료 정밀 광학 기기 및 시계 제조업,,,114.7,2020＝100
202305,생산자제품 재고지수(원지수),대구광역시,의료 정밀 광학 기기 및 시계 제조업,,,118.7,2020＝100
202306,생산자제품 재고지수(원지수),대구광역시,의료 정밀 광학 기기 및 시계 제조업,,,111.5,2020＝100
202307,생산자제품 재고지수(원지수),대구광역시,의료 정밀 광학 기기 및 시계 제조업,,,127.3,2020＝100
202308,생산자제품 재고지수(원지수),대구광역시,의료 정밀 광학 기기 및 시계 제조업,,,130.3,2020＝100
202309,생산자제품 재고지수(원지수),대구광역시,의료 정밀 광학 기기 및 시계 제조업,,,114.7,2020＝100
202310,생산자제품 재고지수(원지수),대구광역시,의료 정밀 광학 기기 및 시계 제조업,,,121,2020＝100
202311,생산자제품 재고지수(원지수),대구광역시,의료 정밀 광학 기기 및 시계 제조업,,,129.8,2020＝100
202312,생산자제품 재고지수(원지수),대구광역시,의료 정밀 광학 기기 및 시계 제조업,,,120.7,2020＝100
202301,생산지수(원지수),대구광역시,전기장비 제조업,,,133.3,2020＝100
202302,생산지수(원지수),대구광역시,전기장비 제조업,,,140.3,2020＝100
202303,생산지수(원지수),대구광역시,전기장비 제조업,,,176.3,2020＝100
202304,생산지수(원지수),대구광역시,전기장비 제조업,,,144.9,2020＝100
202305,생산지수(원지수),대구광역시,전기장비 제조업,,,127.7,2020＝100
202306,생산지수(원지수),대구광역시,전기장비 제조업,,,145.3,2020＝100
202307,생산지수(원지수),대구광역시,전기장비 제조업,,,129.1,2020＝100
202308,생산지수(원지수),대구광역시,전기장비 제조업,,,117.5,2020＝100
202309,생산지수(원지수),대구광역시,전기장비 제조업,,,119,2020＝100
202310,생산지수(원지수),대구광역시,전기장비 제조업,,,127.5,2020＝100
202311,생산지수(원지수),대구광역시,전기장비 제조업,,,143.5,2020＝100
202312,생산지수(원지수),대구광역시,전기장비 제조업,,,142.7,2020＝100
202301,생산자제품 출하지수(원지수),대구광역시,전기장비 제조업,,,128.5,2020＝100
202302,생산자제품 출하지수(원지수),대구광역시,전기장비 제조업,,,134.1,2020＝100
202303,생산자제품 출하지수(원지수),대구광역시,전기장비 제조업,,,163,2020＝100
202304,생산자제품 출하지수(원지수),대구광역시,전기장비 제조업,,,136.8,2020＝100
202305,생산자제품 출하지수(원지수),대구광역시,전기장비 제조업,,,129.3,2020＝100
202306,생산자제품 출하지수(원지수),대구광역시,전기장비 제조업,,,139.9,2020＝100
202307,생산자제품 출하지수(원지수),대구광역시,전기장비 제조업,,,130.6,2020＝100
202308,생산자제품 출하지수(원지수),대구광역시,전기장비 제조업,,,119,2020＝100
202309,생산자제품 출하지수(원지수),대구광역시,전기장비 제조업,,,122.1,2020＝100
202310,생산자제품 출하지수(원지수),대구광역시,전기장비 제조업,,,129.5,2020＝100
202311,생산자제품 출하지수(원지수),대구광역시,전기장비 제조업,,,145.5,2020＝100
202312,생산자제품 출하지수(원지수),대구광역시,전기장비 제조업,,,147,2020＝100
202301,생산자제품 재고지수(원지수),대구광역시,전기장비 제조업,,,143.4,2020＝100
202302,생산자제품 재고지수(원지수),대구광역시,전기장비 제조업,,,142.6,2020＝100
202303,생산자제품 재고지수(원지수),대구광역시,전기장비 제조업,,,156.2,2020＝100
202304,생산자제품 재고지수(원지수),대구광역시,전기장비 제조업,,,148.4,2020＝100
202305,생산자제품 재고지수(원지수),대구광역시,전기장비 제조업,,,130.5,2020＝100
202306,생산자제품 재고지수(원지수),대구광역시,전기장비 제조업,,,149.6,2020＝100
202307,생산자제품 재고지수(원지수),대구광역시,전기장비 제조업,,,129.4,2020＝100
202308,생산자제품 재고지수(원지수),대구광역시,전기장비 제조업,,,425.3,2020＝100
202309,생산자제품 재고지수(원지수),대구광역시,전기장비 제조업,,,134.5,2020＝100
202310,생산자제품 재고지수(원지수),대구광역시,전기장비 제조업,,,127.6,2020＝100
202311,생산자제품 재고지수(원지수),대구광역시,전기장비 제조업,,,148.7,2020＝100
202312,생산자제품 재고지수(원지수),대구광역시,전기장비 제조업,,,130.8,2020＝100
202301,생산지수(원지수),대구광역시,기타 기계 및 장비 제조업,,,142.7,2020＝100
202302,생산지수(원지수),대구광역시,기타 기계 및 장비 제조업,,,138.1,2020＝100
202303,생산지수(원지수),대구광역시,기타 기계 및 장비 제조업,,,161.9,2020＝100
202304,생산지수(원지수),대구광역시,기타 기계 및 장비 제조업,,,141.9,2020＝100
202305,생산지수(원지수),대구광역시,기타 기계 및 장비 제조업,,,132.6,2020＝100
202306,생산지수(원지수),대구광역시,기타 기계 및 장비 제조업,,,150.2,2020＝100
202307,생산지수(원지수),대구광역시,기타 기계 및 장비 제조업,,,110.8,2020＝100
202308,생산지수(원지수),대구광역시,기타 기계 및 장비 제조업,,,111.5,2020＝100
202309,생산지수(원지수),대구광역시,기타 기계 및 장비 제조업,,,102.8,2020＝100
202310,생산지수(원지수),대구광역시,기타 기계 및 장비 제조업,,,135.6,2020＝100
202311,생산지수(원지수),대구광역시,기타 기계 및 장비 제조업,,,132,2020＝100
202312,생산지수(원지수),대구광역시,기타 기계 및 장비 제조업,,,134.2,2020＝100
202301,생산자제품 출하지수(원지수),대구광역시,기타 기계 및 장비 제조업,,,146.5,2020＝100
202302,생산자제품 출하지수(원지수),대구광역시,기타 기계 및 장비 제조업,,,152.9,2020＝100
202303,생산자제품 출하지수(원지수),대구광역시,기타 기계 및 장비 제조업,,,184.1,2020＝100
202304,생산자제품 출하지수(원지수),대구광역시,기타 기계 및 장비 제조업,,,166.4,2020＝100
202305,생산자제품 출하지수(원지수),대구광역시,기타 기계 및 장비 제조업,,,141.2,2020＝100
202306,생산자제품 출하지수(원지수),대구광역시,기타 기계 및 장비 제조업,,,166.8,2020＝100
202307,생산자제품 출하지수(원지수),대구광역시,기타 기계 및 장비 제조업,,,102.2,2020＝100
202308,생산자제품 출하지수(원지수),대구광역시,기타 기계 및 장비 제조업,,,124.2,2020＝100
202309,생산자제품 출하지수(원지수),대구광역시,기타 기계 및 장비 제조업,,,93.1,2020＝100
202310,생산자제품 출하지수(원지수),대구광역시,기타 기계 및 장비 제조업,,,133.6,2020＝100
202311,생산자제품 출하지수(원지수),대구광역시,기타 기계 및 장비 제조업,,,139.9,2020＝100
202312,생산자제품 출하지수(원지수),대구광역시,기타 기계 및 장비 제조업,,,151.3,2020＝100
202301,생산자제품 재고지수(원지수),대구광역시,기타 기계 및 장비 제조업,,,533.2,2020＝100
202302,생산자제품 재고지수(원지수),대구광역시,기타 기계 및 장비 제조업,,,501.4,2020＝100
202303,생산자제품 재고지수(원지수),대구광역시,기타 기계 및 장비 제조업,,,483.6,2020＝100
202304,생산자제품 재고지수(원지수),대구광역시,기타 기계 및 장비 제조업,,,444.5,2020＝100
202305,생산자제품 재고지수(원지수),대구광역시,기타 기계 및 장비 제조업,,,430.2,2020＝100
202306,생산자제품 재고지수(원지수),대구광역시,기타 기계 및 장비 제조업,,,420.8,2020＝100
202307,생산자제품 재고지수(원지수),대구광역시,기타 기계 및 장비 제조업,,,448.1,2020＝100
202308,생산자제품 재고지수(원지수),대구광역시,기타 기계 및 장비 제조업,,,401.1,2020＝100
202309,생산자제품 재고지수(원지수),대구광역시,기타 기계 및 장비 제조업,,,404.6,2020＝100
202310,생산자제품 재고지수(원지수),대구광역시,기타 기계 및 장비 제조업,,,436.1,2020＝100
202311,생산자제품 재고지수(원지수),대구광역시,기타 기계 및 장비 제조업,,,449.9,2020＝100
202312,생산자제품 재고지수(원지수),대구광역시,기타 기계 및 장비 제조업,,,411.8,2020＝100
202301,생산지수(원지수),대구광역시,자동차 및 트레일러 제조업,,,114.5,2020＝100
202302,생산지수(원지수),대구광역시,자동차 및 트레일러 제조업,,,125.5,2020＝100
202303,생산지수(원지수),대구광역시,자동차 및 트레일러 제조업,,,137,2020＝100
202304,생산지수(원지수),대구광역시,자동차 및 트레일러 제조업,,,134.8,2020＝100
202305,생산지수(원지수),대구광역시,자동차 및 트레일러 제조업,,,139.6,2020＝100
202306,생산지수(원지수),대구광역시,자동차 및 트레일러 제조업,,,143.8,2020＝100
202307,생산지수(원지수),대구광역시,자동차 및 트레일러 제조업,,,136.9,2020＝100
202308,생산지수(원지수),대구광역시,자동차 및 트레일러 제조업,,,132.4,2020＝100
202309,생산지수(원지수),대구광역시,자동차 및 트레일러 제조업,,,127.7,2020＝100
202310,생산지수(원지수),대구광역시,자동차 및 트레일러 제조업,,,133.3,2020＝100
202311,생산지수(원지수),대구광역시,자동차 및 트레일러 제조업,,,137.2,2020＝100
202312,생산지수(원지수),대구광역시,자동차 및 트레일러 제조업,,,127.1,2020＝100
202301,생산자제품 출하지수(원지수),대구광역시,자동차 및 트레일러 제조업,,,117.1,2020＝100
202302,생산자제품 출하지수(원지수),대구광역시,자동차 및 트레일러 제조업,,,123.3,2020＝100
202303,생산자제품 출하지수(원지수),대구광역시,자동차 및 트레일러 제조업,,,138.2,2020＝100
202304,생산자제품 출하지수(원지수),대구광역시,자동차 및 트레일러 제조업,,,131.8,2020＝100
202305,생산자제품 출하지수(원지수),대구광역시,자동차 및 트레일러 제조업,,,139.2,2020＝100
202306,생산자제품 출하지수(원지수),대구광역시,자동차 및 트레일러 제조업,,,141.8,2020＝100
202307,생산자제품 출하지수(원지수),대구광역시,자동차 및 트레일러 제조업,,,132,2020＝100
202308,생산자제품 출하지수(원지수),대구광역시,자동차 및 트레일러 제조업,,,128.8,2020＝100
202309,생산자제품 출하지수(원지수),대구광역시,자동차 및 트레일러 제조업,,,127.2,2020＝100
202310,생산자제품 출하지수(원지수),대구광역시,자동차 및 트레일러 제조업,,,133.4,2020＝100
202311,생산자제품 출하지수(원지수),대구광역시,자동차 및 트레일러 제조업,,,136.6,2020＝100
202312,생산자제품 출하지수(원지수),대구광역시,자동차 및 트레일러 제조업,,,127.9,2020＝100
202301,생산자제품 재고지수(원지수),대구광역시,자동차 및 트레일러 제조업,,,91.2,2020＝100
202302,생산자제품 재고지수(원지수),대구광역시,자동차 및 트레일러 제조업,,,99.9,2020＝100
202303,생산자제품 재고지수(원지수),대구광역시,자동차 및 트레일러 제조업,,,92.7,2020＝100
202304,생산자제품 재고지수(원지수),대구광역시,자동차 및 트레일러 제조업,,,105,2020＝100
202305,생산자제품 재고지수(원지수),대구광역시,자동차 및 트레일러 제조업,,,105.3,2020＝100
202306,생산자제품 재고지수(원지수),대구광역시,자동차 및 트레일러 제조업,,,111.7,2020＝100
202307,생산자제품 재고지수(원지수),대구광역시,자동차 및 트레일러 제조업,,,131.5,2020＝100
202308,생산자제품 재고지수(원지수),대구광역시,자동차 및 트레일러 제조업,,,146.3,2020＝100
202309,생산자제품 재고지수(원지수),대구광역시,자동차 및 트레일러 제조업,,,147.1,2020＝100
202310,생산자제품 재고지수(원지수),대구광역시,자동차 및 트레일러 제조업,,,143.6,2020＝100
202311,생산자제품 재고지수(원지수),대구광역시,자동차 및 트레일러 제조업,,,144.4,2020＝100
202312,생산자제품 재고지수(원지수),대구광역시,자동차 및 트레일러 제조업,,,145.9,2020＝100
202301,생산지수(원지수),대구광역시,가구 제조업,,,46.6,2020＝100
202302,생산지수(원지수),대구광역시,가구 제조업,,,118.5,2020＝100
202303,생산지수(원지수),대구광역시,가구 제조업,,,88.1,2020＝100
202304,생산지수(원지수),대구광역시,가구 제조업,,,67.7,2020＝100
202305,생산지수(원지수),대구광역시,가구 제조업,,,83.6,2020＝100
202306,생산지수(원지수),대구광역시,가구 제조업,,,88.8,2020＝100
202307,생산지수(원지수),대구광역시,가구 제조업,,,123.7,2020＝100
202308,생산지수(원지수),대구광역시,가구 제조업,,,81.1,2020＝100
202309,생산지수(원지수),대구광역시,가구 제조업,,,82.5,2020＝100
202310,생산지수(원지수),대구광역시,가구 제조업,,,115.7,2020＝100
202311,생산지수(원지수),대구광역시,가구 제조업,,,124,2020＝100
202312,생산지수(원지수),대구광역시,가구 제조업,,,106,2020＝100
202301,생산자제품 출하지수(원지수),대구광역시,가구 제조업,,,46.9,2020＝100
202302,생산자제품 출하지수(원지수),대구광역시,가구 제조업,,,174.3,2020＝100
202303,생산자제품 출하지수(원지수),대구광역시,가구 제조업,,,87.7,2020＝100
202304,생산자제품 출하지수(원지수),대구광역시,가구 제조업,,,62,2020＝100
202305,생산자제품 출하지수(원지수),대구광역시,가구 제조업,,,85.8,2020＝100
202306,생산자제품 출하지수(원지수),대구광역시,가구 제조업,,,99.2,2020＝100
202307,생산자제품 출하지수(원지수),대구광역시,가구 제조업,,,215.1,2020＝100
202308,생산자제품 출하지수(원지수),대구광역시,가구 제조업,,,79.4,2020＝100
202309,생산자제품 출하지수(원지수),대구광역시,가구 제조업,,,93.5,2020＝100
202310,생산자제품 출하지수(원지수),대구광역시,가구 제조업,,,129.2,2020＝100
202311,생산자제품 출하지수(원지수),대구광역시,가구 제조업,,,176.2,2020＝100
202312,생산자제품 출하지수(원지수),대구광역시,가구 제조업,,,110.1,2020＝100
202301,생산지수(원지수),대구광역시,기타 제품 제조업,,,148.8,2020＝100
202302,생산지수(원지수),대구광역시,기타 제품 제조업,,,172.4,2020＝100
202303,생산지수(원지수),대구광역시,기타 제품 제조업,,,177.2,2020＝100
202304,생산지수(원지수),대구광역시,기타 제품 제조업,,,204.1,2020＝100
202305,생산지수(원지수),대구광역시,기타 제품 제조업,,,206.6,2020＝100
202306,생산지수(원지수),대구광역시,기타 제품 제조업,,,240.7,2020＝100
202307,생산지수(원지수),대구광역시,기타 제품 제조업,,,215.2,2020＝100
202308,생산지수(원지수),대구광역시,기타 제품 제조업,,,192.5,2020＝100
202309,생산지수(원지수),대구광역시,기타 제품 제조업,,,174.2,2020＝100
202310,생산지수(원지수),대구광역시,기타 제품 제조업,,,200.4,2020＝100
202311,생산지수(원지수),대구광역시,기타 제품 제조업,,,209.3,2020＝100
202312,생산지수(원지수),대구광역시,기타 제품 제조업,,,267.7,2020＝100
202301,생산자제품 출하지수(원지수),대구광역시,기타 제품 제조업,,,148.7,2020＝100
202302,생산자제품 출하지수(원지수),대구광역시,기타 제품 제조업,,,172.3,2020＝100
202303,생산자제품 출하지수(원지수),대구광역시,기타 제품 제조업,,,177.1,2020＝100
202304,생산자제품 출하지수(원지수),대구광역시,기타 제품 제조업,,,204,2020＝100
202305,생산자제품 출하지수(원지수),대구광역시,기타 제품 제조업,,,206.4,2020＝100
202306,생산자제품 출하지수(원지수),대구광역시,기타 제품 제조업,,,240.5,2020＝100
202307,생산자제품 출하지수(원지수),대구광역시,기타 제품 제조업,,,215.1,2020＝100
202308,생산자제품 출하지수(원지수),대구광역시,기타 제품 제조업,,,192.4,2020＝100
202309,생산자제품 출하지수(원지수),대구광역시,기타 제품 제조업,,,174.1,2020＝100
202310,생산자제품 출하지수(원지수),대구광역시,기타 제품 제조업,,,200.3,2020＝100
202311,생산자제품 출하지수(원지수),대구광역시,기타 제품 제조업,,,209.2,2020＝100
202312,생산자제품 출하지수(원지수),대구광역시,기타 제품 제조업,,,267.5,2020＝100
202301,생산자제품 재고지수(원지수),대구광역시,기타 제품 제조업,,,92.6,2020＝100
202302,생산자제품 재고지수(원지수),대구광역시,기타 제품 제조업,,,92.6,2020＝100
202303,생산자제품 재고지수(원지수),대구광역시,기타 제품 제조업,,,92.6,2020＝100
202304,생산자제품 재고지수(원지수),대구광역시,기타 제품 제조업,,,92.6,2020＝100
202305,생산자제품 재고지수(원지수),대구광역시,기타 제품 제조업,,,92.6,2020＝100
202306,생산자제품 재고지수(원지수),대구광역시,기타 제품 제조업,,,92.6,2020＝100
202307,생산자제품 재고지수(원지수),대구광역시,기타 제품 제조업,,,92.6,2020＝100
202308,생산자제품 재고지수(원지수),대구광역시,기타 제품 제조업,,,92.6,2020＝100
202309,생산자제품 재고지수(원지수),대구광역시,기타 제품 제조업,,,92.6,2020＝100
202310,생산자제품 재고지수(원지수),대구광역시,기타 제품 제조업,,,92.6,2020＝100
202311,생산자제품 재고지수(원지수),대구광역시,기타 제품 제조업,,,92.6,2020＝100
202312,생산자제품 재고지수(원지수),대구광역시,기타 제품 제조업,,,92.6,2020＝100
202301,생산지수(원지수),대구광역시,전기업 및 가스업,,,123.8,2020＝100
202302,생산지수(원지수),대구광역시,전기업 및 가스업,,,114.8,2020＝100
202303,생산지수(원지수),대구광역시,전기업 및 가스업,,,117.2,2020＝100
202304,생산지수(원지수),대구광역시,전기업 및 가스업,,,38.5,2020＝100
202305,생산지수(원지수),대구광역시,전기업 및 가스업,,,38.2,2020＝100
202306,생산지수(원지수),대구광역시,전기업 및 가스업,,,81.9,2020＝100
202307,생산지수(원지수),대구광역시,전기업 및 가스업,,,78.5,2020＝100
202308,생산지수(원지수),대구광역시,전기업 및 가스업,,,70.7,2020＝100
202309,생산지수(원지수),대구광역시,전기업 및 가스업,,,69.2,2020＝100
202310,생산지수(원지수),대구광역시,전기업 및 가스업,,,98.4,2020＝100
202311,생산지수(원지수),대구광역시,전기업 및 가스업,,,95.6,2020＝100
202312,생산지수(원지수),대구광역시,전기업 및 가스업,,,110.5,2020＝100
202301,생산자제품 출하지수(원지수),대구광역시,전기업 및 가스업,,,122,2020＝100
202302,생산자제품 출하지수(원지수),대구광역시,전기업 및 가스업,,,115,2020＝100
202303,생산자제품 출하지수(원지수),대구광역시,전기업 및 가스업,,,115.6,2020＝100
202304,생산자제품 출하지수(원지수),대구광역시,전기업 및 가스업,,,37.6,2020＝100
202305,생산자제품 출하지수(원지수),대구광역시,전기업 및 가스업,,,38,2020＝100
202306,생산자제품 출하지수(원지수),대구광역시,전기업 및 가스업,,,82,2020＝100
202307,생산자제품 출하지수(원지수),대구광역시,전기업 및 가스업,,,79.2,2020＝100
202308,생산자제품 출하지수(원지수),대구광역시,전기업 및 가스업,,,71.1,2020＝100
202309,생산자제품 출하지수(원지수),대구광역시,전기업 및 가스업,,,69.6,2020＝100
202310,생산자제품 출하지수(원지수),대구광역시,전기업 및 가스업,,,99.9,2020＝100
202311,생산자제품 출하지수(원지수),대구광역시,전기업 및 가스업,,,97.1,2020＝100
202312,생산자제품 출하지수(원지수),대구광역시,전기업 및 가스업,,,111.7,2020＝100
202301,생산지수(계절조정),대구광역시,전기업 및 가스업,,,91.1,2020＝100
202302,생산지수(계절조정),대구광역시,전기업 및 가스업,,,86.5,2020＝100
202303,생산지수(계절조정),대구광역시,전기업 및 가스업,,,90.4,2020＝100
202304,생산지수(계절조정),대구광역시,전기업 및 가스업,,,38.7,2020＝100
202305,생산지수(계절조정),대구광역시,전기업 및 가스업,,,43.5,2020＝100
202306,생산지수(계절조정),대구광역시,전기업 및 가스업,,,100,2020＝100
202307,생산지수(계절조정),대구광역시,전기업 및 가스업,,,101.6,2020＝100
202308,생산지수(계절조정),대구광역시,전기업 및 가스업,,,97.7,2020＝100
202309,생산지수(계절조정),대구광역시,전기업 및 가스업,,,95.2,2020＝100
202310,생산지수(계절조정),대구광역시,전기업 및 가스업,,,112.7,2020＝100
202311,생산지수(계절조정),대구광역시,전기업 및 가스업,,,95.1,2020＝100
202312,생산지수(계절조정),대구광역시,전기업 및 가스업,,,91.5,2020＝100
202301,생산자제품 출하지수(계절조정),대구광역시,전기업 및 가스업,,,89.3,2020＝100
202302,생산자제품 출하지수(계절조정),대구광역시,전기업 및 가스업,,,86.5,2020＝100
202303,생산자제품 출하지수(계절조정),대구광역시,전기업 및 가스업,,,90.1,2020＝100
202304,생산자제품 출하지수(계절조정),대구광역시,전기업 및 가스업,,,38.4,2020＝100
202305,생산자제품 출하지수(계절조정),대구광역시,전기업 및 가스업,,,44.3,2020＝100
202306,생산자제품 출하지수(계절조정),대구광역시,전기업 및 가스업,,,107,2020＝100
202307,생산자제품 출하지수(계절조정),대구광역시,전기업 및 가스업,,,100.1,2020＝100
202308,생산자제품 출하지수(계절조정),대구광역시,전기업 및 가스업,,,100.7,2020＝100
202309,생산자제품 출하지수(계절조정),대구광역시,전기업 및 가스업,,,97.7,2020＝100
202310,생산자제품 출하지수(계절조정),대구광역시,전기업 및 가스업,,,110.4,2020＝100
202311,생산자제품 출하지수(계절조정),대구광역시,전기업 및 가스업,,,93.8,2020＝100
202312,생산자제품 출하지수(계절조정),대구광역시,전기업 및 가스업,,,90.2,2020＝100
202301,생산지수(원지수),대구광역시,전기 가스 증기 및 공기 조절 공급업,,,123.8,2020＝100
202302,생산지수(원지수),대구광역시,전기 가스 증기 및 공기 조절 공급업,,,114.8,2020＝100
202303,생산지수(원지수),대구광역시,전기 가스 증기 및 공기 조절 공급업,,,117.2,2020＝100
202304,생산지수(원지수),대구광역시,전기 가스 증기 및 공기 조절 공급업,,,38.5,2020＝100
202305,생산지수(원지수),대구광역시,전기 가스 증기 및 공기 조절 공급업,,,38.2,2020＝100
202306,생산지수(원지수),대구광역시,전기 가스 증기 및 공기 조절 공급업,,,81.9,2020＝100
202307,생산지수(원지수),대구광역시,전기 가스 증기 및 공기 조절 공급업,,,78.5,2020＝100
202308,생산지수(원지수),대구광역시,전기 가스 증기 및 공기 조절 공급업,,,70.7,2020＝100
202309,생산지수(원지수),대구광역시,전기 가스 증기 및 공기 조절 공급업,,,69.2,2020＝100
202310,생산지수(원지수),대구광역시,전기 가스 증기 및 공기 조절 공급업,,,98.4,2020＝100
202311,생산지수(원지수),대구광역시,전기 가스 증기 및 공기 조절 공급업,,,95.6,2020＝100
202312,생산지수(원지수),대구광역시,전기 가스 증기 및 공기 조절 공급업,,,110.5,2020＝100
202301,생산자제품 출하지수(원지수),대구광역시,전기 가스 증기 및 공기 조절 공급업,,,122,2020＝100
202302,생산자제품 출하지수(원지수),대구광역시,전기 가스 증기 및 공기 조절 공급업,,,115,2020＝100
202303,생산자제품 출하지수(원지수),대구광역시,전기 가스 증기 및 공기 조절 공급업,,,115.6,2020＝100
202304,생산자제품 출하지수(원지수),대구광역시,전기 가스 증기 및 공기 조절 공급업,,,37.6,2020＝100
202305,생산자제품 출하지수(원지수),대구광역시,전기 가스 증기 및 공기 조절 공급업,,,38,2020＝100
202306,생산자제품 출하지수(원지수),대구광역시,전기 가스 증기 및 공기 조절 공급업,,,82,2020＝100
202307,생산자제품 출하지수(원지수),대구광역시,전기 가스 증기 및 공기 조절 공급업,,,79.2,2020＝100
202308,생산자제품 출하지수(원지수),대구광역시,전기 가스 증기 및 공기 조절 공급업,,,71.1,2020＝100
202309,생산자제품 출하지수(원지수),대구광역시,전기 가스 증기 및 공기 조절 공급업,,,69.6,2020＝100
202310,생산자제품 출하지수(원지수),대구광역시,전기 가스 증기 및 공기 조절 공급업,,,99.9,2020＝100
202311,생산자제품 출하지수(원지수),대구광역시,전기 가스 증기 및 공기 조절 공급업,,,97.1,2020＝100
202312,생산자제품 출하지수(원지수),대구광역시,전기 가스 증기 및 공기 조절 공급업,,,111.7,2020＝100
202401,생산지수(원지수),대구광역시,총지수,,,122.1,2020＝100
202402,생산지수(원지수),대구광역시,총지수,,,108.8,2020＝100
202403,생산지수(원지수),대구광역시,총지수,,,125.3,2020＝100
202404,생산지수(원지수),대구광역시,총지수,,,126.8,2020＝100
202405,생산지수(원지수),대구광역시,총지수,,,123.7,2020＝100
202406,생산지수(원지수),대구광역시,총지수,,,116.5,2020＝100
202407,생산지수(원지수),대구광역시,총지수,,,112.7,2020＝100
202408,생산지수(원지수),대구광역시,총지수,,,109,2020＝100
202409,생산지수(원지수),대구광역시,총지수,,,102.1,2020＝100
202410,생산지수(원지수),대구광역시,총지수,,,121.6,2020＝100
202411,생산지수(원지수),대구광역시,총지수,,,120.4,2020＝100
202412,생산지수(원지수),대구광역시,총지수,,,113.8,2020＝100
202401,생산자제품 출하지수(원지수),대구광역시,총지수,,,122.3,2020＝100
202402,생산자제품 출하지수(원지수),대구광역시,총지수,,,110,2020＝100
202403,생산자제품 출하지수(원지수),대구광역시,총지수,,,131.7,2020＝100
202404,생산자제품 출하지수(원지수),대구광역시,총지수,,,130.9,2020＝100
202405,생산자제품 출하지수(원지수),대구광역시,총지수,,,124.7,2020＝100
202406,생산자제품 출하지수(원지수),대구광역시,총지수,,,119.1,2020＝100
202407,생산자제품 출하지수(원지수),대구광역시,총지수,,,113.6,2020＝100
202408,생산자제품 출하지수(원지수),대구광역시,총지수,,,111.1,2020＝100
202409,생산자제품 출하지수(원지수),대구광역시,총지수,,,107.6,2020＝100
202410,생산자제품 출하지수(원지수),대구광역시,총지수,,,125.9,2020＝100
202411,생산자제품 출하지수(원지수),대구광역시,총지수,,,118.2,2020＝100
202412,생산자제품 출하지수(원지수),대구광역시,총지수,,,122,2020＝100
202401,생산자제품 재고지수(원지수),대구광역시,총지수,,,167.8,2020＝100
202402,생산자제품 재고지수(원지수),대구광역시,총지수,,,169.2,2020＝100
202403,생산자제품 재고지수(원지수),대구광역시,총지수,,,161.3,2020＝100
202404,생산자제품 재고지수(원지수),대구광역시,총지수,,,161.9,2020＝100
202405,생산자제품 재고지수(원지수),대구광역시,총지수,,,166.2,2020＝100
202406,생산자제품 재고지수(원지수),대구광역시,총지수,,,160.2,2020＝100
202407,생산자제품 재고지수(원지수),대구광역시,총지수,,,164.1,2020＝100
202408,생산자제품 재고지수(원지수),대구광역시,총지수,,,168.1,2020＝100
202409,생산자제품 재고지수(원지수),대구광역시,총지수,,,163.8,2020＝100
202410,생산자제품 재고지수(원지수),대구광역시,총지수,,,166.6,2020＝100
202411,생산자제품 재고지수(원지수),대구광역시,총지수,,,175.4,2020＝100
202412,생산자제품 재고지수(원지수),대구광역시,총지수,,,165.1,2020＝100
202401,생산지수(계절조정),대구광역시,총지수,,,118.5,2020＝100
202402,생산지수(계절조정),대구광역시,총지수,,,118.7,2020＝100
202403,생산지수(계절조정),대구광역시,총지수,,,118.2,2020＝100
202404,생산지수(계절조정),대구광역시,총지수,,,122.1,2020＝100
202405,생산지수(계절조정),대구광역시,총지수,,,120.3,2020＝100
202406,생산지수(계절조정),대구광역시,총지수,,,116.1,2020＝100
202407,생산지수(계절조정),대구광역시,총지수,,,115.2,2020＝100
202408,생산지수(계절조정),대구광역시,총지수,,,118.6,2020＝100
202409,생산지수(계절조정),대구광역시,총지수,,,112.1,2020＝100
202410,생산지수(계절조정),대구광역시,총지수,,,117.7,2020＝100
202411,생산지수(계절조정),대구광역시,총지수,,,115.7,2020＝100
202412,생산지수(계절조정),대구광역시,총지수,,,113.1,2020＝100
202401,생산자제품 출하지수(계절조정),대구광역시,총지수,,,119.5,2020＝100
202402,생산자제품 출하지수(계절조정),대구광역시,총지수,,,121.3,2020＝100
202403,생산자제품 출하지수(계절조정),대구광역시,총지수,,,122.5,2020＝100
202404,생산자제품 출하지수(계절조정),대구광역시,총지수,,,125.8,2020＝100
202405,생산자제품 출하지수(계절조정),대구광역시,총지수,,,122.5,2020＝100
202406,생산자제품 출하지수(계절조정),대구광역시,총지수,,,119.7,2020＝100
202407,생산자제품 출하지수(계절조정),대구광역시,총지수,,,114.4,2020＝100
202408,생산자제품 출하지수(계절조정),대구광역시,총지수,,,120.3,2020＝100
202409,생산자제품 출하지수(계절조정),대구광역시,총지수,,,117.6,2020＝100
202410,생산자제품 출하지수(계절조정),대구광역시,총지수,,,123.8,2020＝100
202411,생산자제품 출하지수(계절조정),대구광역시,총지수,,,114.5,2020＝100
202412,생산자제품 출하지수(계절조정),대구광역시,총지수,,,118.7,2020＝100
202401,생산자제품 재고지수(계절조정),대구광역시,총지수,,,165.8,2020＝100
202402,생산자제품 재고지수(계절조정),대구광역시,총지수,,,168,2020＝100
202403,생산자제품 재고지수(계절조정),대구광역시,총지수,,,163.3,2020＝100
202404,생산자제품 재고지수(계절조정),대구광역시,총지수,,,164.9,2020＝100
202405,생산자제품 재고지수(계절조정),대구광역시,총지수,,,168.2,2020＝100
202406,생산자제품 재고지수(계절조정),대구광역시,총지수,,,160.5,2020＝100
202407,생산자제품 재고지수(계절조정),대구광역시,총지수,,,162.6,2020＝100
202408,생산자제품 재고지수(계절조정),대구광역시,총지수,,,164.4,2020＝100
202409,생산자제품 재고지수(계절조정),대구광역시,총지수,,,164.5,2020＝100
202410,생산자제품 재고지수(계절조정),대구광역시,총지수,,,166.5,2020＝100
202411,생산자제품 재고지수(계절조정),대구광역시,총지수,,,173.8,2020＝100
202412,생산자제품 재고지수(계절조정),대구광역시,총지수,,,167,2020＝100
202401,생산지수(원지수),대구광역시,광업 및 제조업,,,121.7,2020＝100
202402,생산지수(원지수),대구광역시,광업 및 제조업,,,108.6,2020＝100
202403,생산지수(원지수),대구광역시,광업 및 제조업,,,125.5,2020＝100
202404,생산지수(원지수),대구광역시,광업 및 제조업,,,128,2020＝100
202405,생산지수(원지수),대구광역시,광업 및 제조업,,,125.1,2020＝100
202406,생산지수(원지수),대구광역시,광업 및 제조업,,,117.8,2020＝100
202407,생산지수(원지수),대구광역시,광업 및 제조업,,,114,2020＝100
202408,생산지수(원지수),대구광역시,광업 및 제조업,,,109.8,2020＝100
202409,생산지수(원지수),대구광역시,광업 및 제조업,,,102.9,2020＝100
202410,생산지수(원지수),대구광역시,광업 및 제조업,,,121.5,2020＝100
202411,생산지수(원지수),대구광역시,광업 및 제조업,,,120,2020＝100
202412,생산지수(원지수),대구광역시,광업 및 제조업,,,112.1,2020＝100
202401,생산자제품 출하지수(원지수),대구광역시,광업 및 제조업,,,122.1,2020＝100
202402,생산자제품 출하지수(원지수),대구광역시,광업 및 제조업,,,110,2020＝100
202403,생산자제품 출하지수(원지수),대구광역시,광업 및 제조업,,,131.9,2020＝100
202404,생산자제품 출하지수(원지수),대구광역시,광업 및 제조업,,,131.9,2020＝100
202405,생산자제품 출하지수(원지수),대구광역시,광업 및 제조업,,,125.7,2020＝100
202406,생산자제품 출하지수(원지수),대구광역시,광업 및 제조업,,,120,2020＝100
202407,생산자제품 출하지수(원지수),대구광역시,광업 및 제조업,,,114.4,2020＝100
202408,생산자제품 출하지수(원지수),대구광역시,광업 및 제조업,,,111.6,2020＝100
202409,생산자제품 출하지수(원지수),대구광역시,광업 및 제조업,,,108.2,2020＝100
202410,생산자제품 출하지수(원지수),대구광역시,광업 및 제조업,,,125.9,2020＝100
202411,생산자제품 출하지수(원지수),대구광역시,광업 및 제조업,,,117.8,2020＝100
202412,생산자제품 출하지수(원지수),대구광역시,광업 및 제조업,,,121.1,2020＝100
202401,생산자제품 재고지수(원지수),대구광역시,광업 및 제조업,,,167.8,2020＝100
202402,생산자제품 재고지수(원지수),대구광역시,광업 및 제조업,,,169.2,2020＝100
202403,생산자제품 재고지수(원지수),대구광역시,광업 및 제조업,,,161.3,2020＝100
202404,생산자제품 재고지수(원지수),대구광역시,광업 및 제조업,,,161.9,2020＝100
202405,생산자제품 재고지수(원지수),대구광역시,광업 및 제조업,,,166.2,2020＝100
202406,생산자제품 재고지수(원지수),대구광역시,광업 및 제조업,,,160.2,2020＝100
202407,생산자제품 재고지수(원지수),대구광역시,광업 및 제조업,,,164.1,2020＝100
202408,생산자제품 재고지수(원지수),대구광역시,광업 및 제조업,,,168.1,2020＝100
202409,생산자제품 재고지수(원지수),대구광역시,광업 및 제조업,,,163.8,2020＝100
202410,생산자제품 재고지수(원지수),대구광역시,광업 및 제조업,,,166.6,2020＝100
202411,생산자제품 재고지수(원지수),대구광역시,광업 및 제조업,,,175.4,2020＝100
202412,생산자제품 재고지수(원지수),대구광역시,광업 및 제조업,,,165.1,2020＝100
202401,생산지수(계절조정),대구광역시,광업 및 제조업,,,119.5,2020＝100
202402,생산지수(계절조정),대구광역시,광업 및 제조업,,,119.9,2020＝100
202403,생산지수(계절조정),대구광역시,광업 및 제조업,,,119.1,2020＝100
202404,생산지수(계절조정),대구광역시,광업 및 제조업,,,123.1,2020＝100
202405,생산지수(계절조정),대구광역시,광업 및 제조업,,,121.2,2020＝100
202406,생산지수(계절조정),대구광역시,광업 및 제조업,,,116.6,2020＝100
202407,생산지수(계절조정),대구광역시,광업 및 제조업,,,115.8,2020＝100
202408,생산지수(계절조정),대구광역시,광업 및 제조업,,,118.4,2020＝100
202409,생산지수(계절조정),대구광역시,광업 및 제조업,,,111.9,2020＝100
202410,생산지수(계절조정),대구광역시,광업 및 제조업,,,117,2020＝100
202411,생산지수(계절조정),대구광역시,광업 및 제조업,,,115.1,2020＝100
202412,생산지수(계절조정),대구광역시,광업 및 제조업,,,112.4,2020＝100
202401,생산자제품 출하지수(계절조정),대구광역시,광업 및 제조업,,,120.2,2020＝100
202402,생산자제품 출하지수(계절조정),대구광역시,광업 및 제조업,,,122.3,2020＝100
202403,생산자제품 출하지수(계절조정),대구광역시,광업 및 제조업,,,123.2,2020＝100
202404,생산자제품 출하지수(계절조정),대구광역시,광업 및 제조업,,,126.6,2020＝100
202405,생산자제품 출하지수(계절조정),대구광역시,광업 및 제조업,,,123.1,2020＝100
202406,생산자제품 출하지수(계절조정),대구광역시,광업 및 제조업,,,119.9,2020＝100
202407,생산자제품 출하지수(계절조정),대구광역시,광업 및 제조업,,,114.8,2020＝100
202408,생산자제품 출하지수(계절조정),대구광역시,광업 및 제조업,,,120.1,2020＝100
202409,생산자제품 출하지수(계절조정),대구광역시,광업 및 제조업,,,117.5,2020＝100
202410,생산자제품 출하지수(계절조정),대구광역시,광업 및 제조업,,,123.6,2020＝100
202411,생산자제품 출하지수(계절조정),대구광역시,광업 및 제조업,,,114.1,2020＝100
202412,생산자제품 출하지수(계절조정),대구광역시,광업 및 제조업,,,118.4,2020＝100
202401,생산자제품 재고지수(계절조정),대구광역시,광업 및 제조업,,,165.8,2020＝100
202402,생산자제품 재고지수(계절조정),대구광역시,광업 및 제조업,,,168,2020＝100
202403,생산자제품 재고지수(계절조정),대구광역시,광업 및 제조업,,,163.3,2020＝100
202404,생산자제품 재고지수(계절조정),대구광역시,광업 및 제조업,,,164.9,2020＝100
202405,생산자제품 재고지수(계절조정),대구광역시,광업 및 제조업,,,168.2,2020＝100
202406,생산자제품 재고지수(계절조정),대구광역시,광업 및 제조업,,,160.5,2020＝100
202407,생산자제품 재고지수(계절조정),대구광역시,광업 및 제조업,,,162.6,2020＝100
202408,생산자제품 재고지수(계절조정),대구광역시,광업 및 제조업,,,164.4,2020＝100
202409,생산자제품 재고지수(계절조정),대구광역시,광업 및 제조업,,,164.5,2020＝100
202410,생산자제품 재고지수(계절조정),대구광역시,광업 및 제조업,,,166.5,2020＝100
202411,생산자제품 재고지수(계절조정),대구광역시,광업 및 제조업,,,173.8,2020＝100
202412,생산자제품 재고지수(계절조정),대구광역시,광업 및 제조업,,,167,2020＝100
202401,생산지수(원지수),대구광역시,제조업,,,121.7,2020＝100
202402,생산지수(원지수),대구광역시,제조업,,,108.6,2020＝100
202403,생산지수(원지수),대구광역시,제조업,,,125.5,2020＝100
202404,생산지수(원지수),대구광역시,제조업,,,128,2020＝100
202405,생산지수(원지수),대구광역시,제조업,,,125.1,2020＝100
202406,생산지수(원지수),대구광역시,제조업,,,117.8,2020＝100
202407,생산지수(원지수),대구광역시,제조업,,,114,2020＝100
202408,생산지수(원지수),대구광역시,제조업,,,109.8,2020＝100
202409,생산지수(원지수),대구광역시,제조업,,,102.9,2020＝100
202410,생산지수(원지수),대구광역시,제조업,,,121.5,2020＝100
202411,생산지수(원지수),대구광역시,제조업,,,120,2020＝100
202412,생산지수(원지수),대구광역시,제조업,,,112.1,2020＝100
202401,생산자제품 출하지수(원지수),대구광역시,제조업,,,122.1,2020＝100
202402,생산자제품 출하지수(원지수),대구광역시,제조업,,,110,2020＝100
202403,생산자제품 출하지수(원지수),대구광역시,제조업,,,131.9,2020＝100
202404,생산자제품 출하지수(원지수),대구광역시,제조업,,,131.9,2020＝100
202405,생산자제품 출하지수(원지수),대구광역시,제조업,,,125.7,2020＝100
202406,생산자제품 출하지수(원지수),대구광역시,제조업,,,120,2020＝100
202407,생산자제품 출하지수(원지수),대구광역시,제조업,,,114.4,2020＝100
202408,생산자제품 출하지수(원지수),대구광역시,제조업,,,111.6,2020＝100
202409,생산자제품 출하지수(원지수),대구광역시,제조업,,,108.2,2020＝100
202410,생산자제품 출하지수(원지수),대구광역시,제조업,,,125.9,2020＝100
202411,생산자제품 출하지수(원지수),대구광역시,제조업,,,117.8,2020＝100
202412,생산자제품 출하지수(원지수),대구광역시,제조업,,,121.1,2020＝100
202401,생산자제품 재고지수(원지수),대구광역시,제조업,,,167.8,2020＝100
202402,생산자제품 재고지수(원지수),대구광역시,제조업,,,169.2,2020＝100
202403,생산자제품 재고지수(원지수),대구광역시,제조업,,,161.3,2020＝100
202404,생산자제품 재고지수(원지수),대구광역시,제조업,,,161.9,2020＝100
202405,생산자제품 재고지수(원지수),대구광역시,제조업,,,166.2,2020＝100
202406,생산자제품 재고지수(원지수),대구광역시,제조업,,,160.2,2020＝100
202407,생산자제품 재고지수(원지수),대구광역시,제조업,,,164.1,2020＝100
202408,생산자제품 재고지수(원지수),대구광역시,제조업,,,168.1,2020＝100
202409,생산자제품 재고지수(원지수),대구광역시,제조업,,,163.8,2020＝100
202410,생산자제품 재고지수(원지수),대구광역시,제조업,,,166.6,2020＝100
202411,생산자제품 재고지수(원지수),대구광역시,제조업,,,175.4,2020＝100
202412,생산자제품 재고지수(원지수),대구광역시,제조업,,,165.1,2020＝100
202401,생산지수(계절조정),대구광역시,제조업,,,119.5,2020＝100
202402,생산지수(계절조정),대구광역시,제조업,,,119.9,2020＝100
202403,생산지수(계절조정),대구광역시,제조업,,,119.1,2020＝100
202404,생산지수(계절조정),대구광역시,제조업,,,123.1,2020＝100
202405,생산지수(계절조정),대구광역시,제조업,,,121.2,2020＝100
202406,생산지수(계절조정),대구광역시,제조업,,,116.6,2020＝100
202407,생산지수(계절조정),대구광역시,제조업,,,115.8,2020＝100
202408,생산지수(계절조정),대구광역시,제조업,,,118.4,2020＝100
202409,생산지수(계절조정),대구광역시,제조업,,,111.9,2020＝100
202410,생산지수(계절조정),대구광역시,제조업,,,117,2020＝100
202411,생산지수(계절조정),대구광역시,제조업,,,115.1,2020＝100
202412,생산지수(계절조정),대구광역시,제조업,,,112.4,2020＝100
202401,생산자제품 출하지수(계절조정),대구광역시,제조업,,,120.2,2020＝100
202402,생산자제품 출하지수(계절조정),대구광역시,제조업,,,122.3,2020＝100
202403,생산자제품 출하지수(계절조정),대구광역시,제조업,,,123.2,2020＝100
202404,생산자제품 출하지수(계절조정),대구광역시,제조업,,,126.6,2020＝100
202405,생산자제품 출하지수(계절조정),대구광역시,제조업,,,123.1,2020＝100
202406,생산자제품 출하지수(계절조정),대구광역시,제조업,,,119.9,2020＝100
202407,생산자제품 출하지수(계절조정),대구광역시,제조업,,,114.8,2020＝100
202408,생산자제품 출하지수(계절조정),대구광역시,제조업,,,120.1,2020＝100
202409,생산자제품 출하지수(계절조정),대구광역시,제조업,,,117.5,2020＝100
202410,생산자제품 출하지수(계절조정),대구광역시,제조업,,,123.6,2020＝100
202411,생산자제품 출하지수(계절조정),대구광역시,제조업,,,114.1,2020＝100
202412,생산자제품 출하지수(계절조정),대구광역시,제조업,,,118.4,2020＝100
202401,생산자제품 재고지수(계절조정),대구광역시,제조업,,,165.8,2020＝100
202402,생산자제품 재고지수(계절조정),대구광역시,제조업,,,168,2020＝100
202403,생산자제품 재고지수(계절조정),대구광역시,제조업,,,163.3,2020＝100
202404,생산자제품 재고지수(계절조정),대구광역시,제조업,,,164.9,2020＝100
202405,생산자제품 재고지수(계절조정),대구광역시,제조업,,,168.2,2020＝100
202406,생산자제품 재고지수(계절조정),대구광역시,제조업,,,160.5,2020＝100
202407,생산자제품 재고지수(계절조정),대구광역시,제조업,,,162.6,2020＝100
202408,생산자제품 재고지수(계절조정),대구광역시,제조업,,,164.4,2020＝100
202409,생산자제품 재고지수(계절조정),대구광역시,제조업,,,164.5,2020＝100
202410,생산자제품 재고지수(계절조정),대구광역시,제조업,,,166.5,2020＝100
202411,생산자제품 재고지수(계절조정),대구광역시,제조업,,,173.8,2020＝100
202412,생산자제품 재고지수(계절조정),대구광역시,제조업,,,167,2020＝100
202401,생산지수(원지수),대구광역시,식료품 제조업,,,95.5,2020＝100
202402,생산지수(원지수),대구광역시,식료품 제조업,,,73.5,2020＝100
202403,생산지수(원지수),대구광역시,식료품 제조업,,,90.1,2020＝100
202404,생산지수(원지수),대구광역시,식료품 제조업,,,96,2020＝100
202405,생산지수(원지수),대구광역시,식료품 제조업,,,90.4,2020＝100
202406,생산지수(원지수),대구광역시,식료품 제조업,,,84.7,2020＝100
202407,생산지수(원지수),대구광역시,식료품 제조업,,,86.5,2020＝100
202408,생산지수(원지수),대구광역시,식료품 제조업,,,84.5,2020＝100
202409,생산지수(원지수),대구광역시,식료품 제조업,,,81.6,2020＝100
202410,생산지수(원지수),대구광역시,식료품 제조업,,,89.2,2020＝100
202411,생산지수(원지수),대구광역시,식료품 제조업,,,87.9,2020＝100
202412,생산지수(원지수),대구광역시,식료품 제조업,,,94.9,2020＝100
202401,생산자제품 출하지수(원지수),대구광역시,식료품 제조업,,,80,2020＝100
202402,생산자제품 출하지수(원지수),대구광역시,식료품 제조업,,,62.2,2020＝100
202403,생산자제품 출하지수(원지수),대구광역시,식료품 제조업,,,76.1,2020＝100
202404,생산자제품 출하지수(원지수),대구광역시,식료품 제조업,,,80.2,2020＝100
202405,생산자제품 출하지수(원지수),대구광역시,식료품 제조업,,,76.6,2020＝100
202406,생산자제품 출하지수(원지수),대구광역시,식료품 제조업,,,71.5,2020＝100
202407,생산자제품 출하지수(원지수),대구광역시,식료품 제조업,,,75.1,2020＝100
202408,생산자제품 출하지수(원지수),대구광역시,식료품 제조업,,,75.9,2020＝100
202409,생산자제품 출하지수(원지수),대구광역시,식료품 제조업,,,72.6,2020＝100
202410,생산자제품 출하지수(원지수),대구광역시,식료품 제조업,,,76.6,2020＝100
202411,생산자제품 출하지수(원지수),대구광역시,식료품 제조업,,,73.3,2020＝100
202412,생산자제품 출하지수(원지수),대구광역시,식료품 제조업,,,78.1,2020＝100
202401,생산자제품 재고지수(원지수),대구광역시,식료품 제조업,,,82.3,2020＝100
202402,생산자제품 재고지수(원지수),대구광역시,식료품 제조업,,,83.8,2020＝100
202403,생산자제품 재고지수(원지수),대구광역시,식료품 제조업,,,78.1,2020＝100
202404,생산자제품 재고지수(원지수),대구광역시,식료품 제조업,,,82.6,2020＝100
202405,생산자제품 재고지수(원지수),대구광역시,식료품 제조업,,,79.9,2020＝100
202406,생산자제품 재고지수(원지수),대구광역시,식료품 제조업,,,76.4,2020＝100
202407,생산자제품 재고지수(원지수),대구광역시,식료품 제조업,,,73.5,2020＝100
202408,생산자제품 재고지수(원지수),대구광역시,식료품 제조업,,,70,2020＝100
202409,생산자제품 재고지수(원지수),대구광역시,식료품 제조업,,,61.8,2020＝100
202410,생산자제품 재고지수(원지수),대구광역시,식료품 제조업,,,60,2020＝100
202411,생산자제품 재고지수(원지수),대구광역시,식료품 제조업,,,68,2020＝100
202412,생산자제품 재고지수(원지수),대구광역시,식료품 제조업,,,83.5,2020＝100
202401,생산지수(원지수),대구광역시,음료 제조업,,,73.3,2020＝100
202402,생산지수(원지수),대구광역시,음료 제조업,,,66.1,2020＝100
202403,생산지수(원지수),대구광역시,음료 제조업,,,81.8,2020＝100
202404,생산지수(원지수),대구광역시,음료 제조업,,,79.4,2020＝100
202405,생산지수(원지수),대구광역시,음료 제조업,,,57.9,2020＝100
202406,생산지수(원지수),대구광역시,음료 제조업,,,81.2,2020＝100
202407,생산지수(원지수),대구광역시,음료 제조업,,,77.2,2020＝100
202408,생산지수(원지수),대구광역시,음료 제조업,,,70.8,2020＝100
202409,생산지수(원지수),대구광역시,음료 제조업,,,70.4,2020＝100
202410,생산지수(원지수),대구광역시,음료 제조업,,,77.6,2020＝100
202411,생산지수(원지수),대구광역시,음료 제조업,,,68.7,2020＝100
202412,생산지수(원지수),대구광역시,음료 제조업,,,66.9,2020＝100
202401,생산자제품 출하지수(원지수),대구광역시,음료 제조업,,,71.3,2020＝100
202402,생산자제품 출하지수(원지수),대구광역시,음료 제조업,,,72.3,2020＝100
202403,생산자제품 출하지수(원지수),대구광역시,음료 제조업,,,78.9,2020＝100
202404,생산자제품 출하지수(원지수),대구광역시,음료 제조업,,,83.3,2020＝100
202405,생산자제품 출하지수(원지수),대구광역시,음료 제조업,,,70.5,2020＝100
202406,생산자제품 출하지수(원지수),대구광역시,음료 제조업,,,72.8,2020＝100
202407,생산자제품 출하지수(원지수),대구광역시,음료 제조업,,,83.3,2020＝100
202408,생산자제품 출하지수(원지수),대구광역시,음료 제조업,,,73.3,2020＝100
202409,생산자제품 출하지수(원지수),대구광역시,음료 제조업,,,70.6,2020＝100
202410,생산자제품 출하지수(원지수),대구광역시,음료 제조업,,,73.5,2020＝100
202411,생산자제품 출하지수(원지수),대구광역시,음료 제조업,,,67,2020＝100
202412,생산자제품 출하지수(원지수),대구광역시,음료 제조업,,,71.3,2020＝100
202401,생산자제품 재고지수(원지수),대구광역시,음료 제조업,,,102.8,2020＝100
202402,생산자제품 재고지수(원지수),대구광역시,음료 제조업,,,94.5,2020＝100
202403,생산자제품 재고지수(원지수),대구광역시,음료 제조업,,,104.8,2020＝100
202404,생산자제품 재고지수(원지수),대구광역시,음료 제조업,,,101.4,2020＝100
202405,생산자제품 재고지수(원지수),대구광역시,음료 제조업,,,86.1,2020＝100
202406,생산자제품 재고지수(원지수),대구광역시,음료 제조업,,,103.4,2020＝100
202407,생산자제품 재고지수(원지수),대구광역시,음료 제조업,,,96.9,2020＝100
202408,생산자제품 재고지수(원지수),대구광역시,음료 제조업,,,97.4,2020＝100
202409,생산자제품 재고지수(원지수),대구광역시,음료 제조업,,,100.4,2020＝100
202410,생산자제품 재고지수(원지수),대구광역시,음료 제조업,,,109.5,2020＝100
202411,생산자제품 재고지수(원지수),대구광역시,음료 제조업,,,113.1,2020＝100
202412,생산자제품 재고지수(원지수),대구광역시,음료 제조업,,,107,2020＝100
202401,생산지수(원지수),대구광역시,섬유제품 제조업; 의복 제외,,,98.2,2020＝100
202402,생산지수(원지수),대구광역시,섬유제품 제조업; 의복 제외,,,90.5,2020＝100
202403,생산지수(원지수),대구광역시,섬유제품 제조업; 의복 제외,,,105.1,2020＝100
202404,생산지수(원지수),대구광역시,섬유제품 제조업; 의복 제외,,,104.9,2020＝100
202405,생산지수(원지수),대구광역시,섬유제품 제조업; 의복 제외,,,102.9,2020＝100
202406,생산지수(원지수),대구광역시,섬유제품 제조업; 의복 제외,,,94,2020＝100
202407,생산지수(원지수),대구광역시,섬유제품 제조업; 의복 제외,,,97.9,2020＝100
202408,생산지수(원지수),대구광역시,섬유제품 제조업; 의복 제외,,,88.9,2020＝100
202409,생산지수(원지수),대구광역시,섬유제품 제조업; 의복 제외,,,84.4,2020＝100
202410,생산지수(원지수),대구광역시,섬유제품 제조업; 의복 제외,,,106.9,2020＝100
202411,생산지수(원지수),대구광역시,섬유제품 제조업; 의복 제외,,,105.8,2020＝100
202412,생산지수(원지수),대구광역시,섬유제품 제조업; 의복 제외,,,101.9,2020＝100
202401,생산자제품 출하지수(원지수),대구광역시,섬유제품 제조업; 의복 제외,,,95,2020＝100
202402,생산자제품 출하지수(원지수),대구광역시,섬유제품 제조업; 의복 제외,,,91,2020＝100
202403,생산자제품 출하지수(원지수),대구광역시,섬유제품 제조업; 의복 제외,,,105,2020＝100
202404,생산자제품 출하지수(원지수),대구광역시,섬유제품 제조업; 의복 제외,,,104.8,2020＝100
202405,생산자제품 출하지수(원지수),대구광역시,섬유제품 제조업; 의복 제외,,,99.2,2020＝100
202406,생산자제품 출하지수(원지수),대구광역시,섬유제품 제조업; 의복 제외,,,98.8,2020＝100
202407,생산자제품 출하지수(원지수),대구광역시,섬유제품 제조업; 의복 제외,,,97.1,2020＝100
202408,생산자제품 출하지수(원지수),대구광역시,섬유제품 제조업; 의복 제외,,,89.4,2020＝100
202409,생산자제품 출하지수(원지수),대구광역시,섬유제품 제조업; 의복 제외,,,93,2020＝100
202410,생산자제품 출하지수(원지수),대구광역시,섬유제품 제조업; 의복 제외,,,108.8,2020＝100
202411,생산자제품 출하지수(원지수),대구광역시,섬유제품 제조업; 의복 제외,,,106.2,2020＝100
202412,생산자제품 출하지수(원지수),대구광역시,섬유제품 제조업; 의복 제외,,,113.9,2020＝100
202401,생산자제품 재고지수(원지수),대구광역시,섬유제품 제조업; 의복 제외,,,84.8,2020＝100
202402,생산자제품 재고지수(원지수),대구광역시,섬유제품 제조업; 의복 제외,,,84.3,2020＝100
202403,생산자제품 재고지수(원지수),대구광역시,섬유제품 제조업; 의복 제외,,,83.7,2020＝100
202404,생산자제품 재고지수(원지수),대구광역시,섬유제품 제조업; 의복 제외,,,87.9,2020＝100
202405,생산자제품 재고지수(원지수),대구광역시,섬유제품 제조업; 의복 제외,,,94.2,2020＝100
202406,생산자제품 재고지수(원지수),대구광역시,섬유제품 제조업; 의복 제외,,,87.4,2020＝100
202407,생산자제품 재고지수(원지수),대구광역시,섬유제품 제조업; 의복 제외,,,93.7,2020＝100
202408,생산자제품 재고지수(원지수),대구광역시,섬유제품 제조업; 의복 제외,,,103.4,2020＝100
202409,생산자제품 재고지수(원지수),대구광역시,섬유제품 제조업; 의복 제외,,,90.8,2020＝100
202410,생산자제품 재고지수(원지수),대구광역시,섬유제품 제조업; 의복 제외,,,93.6,2020＝100
202411,생산자제품 재고지수(원지수),대구광역시,섬유제품 제조업; 의복 제외,,,103.3,2020＝100
202412,생산자제품 재고지수(원지수),대구광역시,섬유제품 제조업; 의복 제외,,,91.7,2020＝100
202401,생산지수(원지수),대구광역시,의복 의복액세서리 및 모피제품 제조업,,,61.1,2020＝100
202402,생산지수(원지수),대구광역시,의복 의복액세서리 및 모피제품 제조업,,,52.6,2020＝100
202403,생산지수(원지수),대구광역시,의복 의복액세서리 및 모피제품 제조업,,,60,2020＝100
202404,생산지수(원지수),대구광역시,의복 의복액세서리 및 모피제품 제조업,,,87.7,2020＝100
202405,생산지수(원지수),대구광역시,의복 의복액세서리 및 모피제품 제조업,,,77.5,2020＝100
202406,생산지수(원지수),대구광역시,의복 의복액세서리 및 모피제품 제조업,,,64.5,2020＝100
202407,생산지수(원지수),대구광역시,의복 의복액세서리 및 모피제품 제조업,,,69.7,2020＝100
202408,생산지수(원지수),대구광역시,의복 의복액세서리 및 모피제품 제조업,,,65.1,2020＝100
202409,생산지수(원지수),대구광역시,의복 의복액세서리 및 모피제품 제조업,,,52.3,2020＝100
202410,생산지수(원지수),대구광역시,의복 의복액세서리 및 모피제품 제조업,,,74.8,2020＝100
202411,생산지수(원지수),대구광역시,의복 의복액세서리 및 모피제품 제조업,,,68.3,2020＝100
202412,생산지수(원지수),대구광역시,의복 의복액세서리 및 모피제품 제조업,,,73.1,2020＝100
202401,생산자제품 출하지수(원지수),대구광역시,의복 의복액세서리 및 모피제품 제조업,,,59.5,2020＝100
202402,생산자제품 출하지수(원지수),대구광역시,의복 의복액세서리 및 모피제품 제조업,,,56.6,2020＝100
202403,생산자제품 출하지수(원지수),대구광역시,의복 의복액세서리 및 모피제품 제조업,,,66.1,2020＝100
202404,생산자제품 출하지수(원지수),대구광역시,의복 의복액세서리 및 모피제품 제조업,,,87.8,2020＝100
202405,생산자제품 출하지수(원지수),대구광역시,의복 의복액세서리 및 모피제품 제조업,,,75.6,2020＝100
202406,생산자제품 출하지수(원지수),대구광역시,의복 의복액세서리 및 모피제품 제조업,,,67.7,2020＝100
202407,생산자제품 출하지수(원지수),대구광역시,의복 의복액세서리 및 모피제품 제조업,,,62.1,2020＝100
202408,생산자제품 출하지수(원지수),대구광역시,의복 의복액세서리 및 모피제품 제조업,,,62.1,2020＝100
202409,생산자제품 출하지수(원지수),대구광역시,의복 의복액세서리 및 모피제품 제조업,,,58.9,2020＝100
202410,생산자제품 출하지수(원지수),대구광역시,의복 의복액세서리 및 모피제품 제조업,,,79.4,2020＝100
202411,생산자제품 출하지수(원지수),대구광역시,의복 의복액세서리 및 모피제품 제조업,,,66.6,2020＝100
202412,생산자제품 출하지수(원지수),대구광역시,의복 의복액세서리 및 모피제품 제조업,,,76.7,2020＝100
202401,생산자제품 재고지수(원지수),대구광역시,의복 의복액세서리 및 모피제품 제조업,,,137.5,2020＝100
202402,생산자제품 재고지수(원지수),대구광역시,의복 의복액세서리 및 모피제품 제조업,,,129.3,2020＝100
202403,생산자제품 재고지수(원지수),대구광역시,의복 의복액세서리 및 모피제품 제조업,,,118.1,2020＝100
202404,생산자제품 재고지수(원지수),대구광역시,의복 의복액세서리 및 모피제품 제조업,,,108.9,2020＝100
202405,생산자제품 재고지수(원지수),대구광역시,의복 의복액세서리 및 모피제품 제조업,,,106.3,2020＝100
202406,생산자제품 재고지수(원지수),대구광역시,의복 의복액세서리 및 모피제품 제조업,,,106.6,2020＝100
202407,생산자제품 재고지수(원지수),대구광역시,의복 의복액세서리 및 모피제품 제조업,,,110.1,2020＝100
202408,생산자제품 재고지수(원지수),대구광역시,의복 의복액세서리 및 모피제품 제조업,,,106.8,2020＝100
202409,생산자제품 재고지수(원지수),대구광역시,의복 의복액세서리 및 모피제품 제조업,,,95.6,2020＝100
202410,생산자제품 재고지수(원지수),대구광역시,의복 의복액세서리 및 모피제품 제조업,,,89.5,2020＝100
202411,생산자제품 재고지수(원지수),대구광역시,의복 의복액세서리 및 모피제품 제조업,,,90.2,2020＝100
202412,생산자제품 재고지수(원지수),대구광역시,의복 의복액세서리 및 모피제품 제조업,,,89.3,2020＝100
202401,생산지수(원지수),대구광역시,목재 및 나무제품 제조업; 가구 제외,,,0,2020＝100
202402,생산지수(원지수),대구광역시,목재 및 나무제품 제조업; 가구 제외,,,0,2020＝100
202403,생산지수(원지수),대구광역시,목재 및 나무제품 제조업; 가구 제외,,,0,2020＝100
202404,생산지수(원지수),대구광역시,목재 및 나무제품 제조업; 가구 제외,,,0,2020＝100
202405,생산지수(원지수),대구광역시,목재 및 나무제품 제조업; 가구 제외,,,0,2020＝100
202406,생산지수(원지수),대구광역시,목재 및 나무제품 제조업; 가구 제외,,,0,2020＝100
202407,생산지수(원지수),대구광역시,목재 및 나무제품 제조업; 가구 제외,,,0,2020＝100
202408,생산지수(원지수),대구광역시,목재 및 나무제품 제조업; 가구 제외,,,0,2020＝100
202409,생산지수(원지수),대구광역시,목재 및 나무제품 제조업; 가구 제외,,,0,2020＝100
202410,생산지수(원지수),대구광역시,목재 및 나무제품 제조업; 가구 제외,,,0,2020＝100
202411,생산지수(원지수),대구광역시,목재 및 나무제품 제조업; 가구 제외,,,0,2020＝100
202412,생산지수(원지수),대구광역시,목재 및 나무제품 제조업; 가구 제외,,,0,2020＝100
202401,생산자제품 출하지수(원지수),대구광역시,목재 및 나무제품 제조업; 가구 제외,,,0,2020＝100
202402,생산자제품 출하지수(원지수),대구광역시,목재 및 나무제품 제조업; 가구 제외,,,0,2020＝100
202403,생산자제품 출하지수(원지수),대구광역시,목재 및 나무제품 제조업; 가구 제외,,,0,2020＝100
202404,생산자제품 출하지수(원지수),대구광역시,목재 및 나무제품 제조업; 가구 제외,,,0,2020＝100
202405,생산자제품 출하지수(원지수),대구광역시,목재 및 나무제품 제조업; 가구 제외,,,0,2020＝100
202406,생산자제품 출하지수(원지수),대구광역시,목재 및 나무제품 제조업; 가구 제외,,,0,2020＝100
202407,생산자제품 출하지수(원지수),대구광역시,목재 및 나무제품 제조업; 가구 제외,,,0,2020＝100
202408,생산자제품 출하지수(원지수),대구광역시,목재 및 나무제품 제조업; 가구 제외,,,0,2020＝100
202409,생산자제품 출하지수(원지수),대구광역시,목재 및 나무제품 제조업; 가구 제외,,,0,2020＝100
202410,생산자제품 출하지수(원지수),대구광역시,목재 및 나무제품 제조업; 가구 제외,,,0,2020＝100
202411,생산자제품 출하지수(원지수),대구광역시,목재 및 나무제품 제조업; 가구 제외,,,0,2020＝100
202412,생산자제품 출하지수(원지수),대구광역시,목재 및 나무제품 제조업; 가구 제외,,,0,2020＝100
202401,생산자제품 재고지수(원지수),대구광역시,목재 및 나무제품 제조업; 가구 제외,,,0,2020＝100
202402,생산자제품 재고지수(원지수),대구광역시,목재 및 나무제품 제조업; 가구 제외,,,0,2020＝100
202403,생산자제품 재고지수(원지수),대구광역시,목재 및 나무제품 제조업; 가구 제외,,,0,2020＝100
202404,생산자제품 재고지수(원지수),대구광역시,목재 및 나무제품 제조업; 가구 제외,,,0,2020＝100
202405,생산자제품 재고지수(원지수),대구광역시,목재 및 나무제품 제조업; 가구 제외,,,0,2020＝100
202406,생산자제품 재고지수(원지수),대구광역시,목재 및 나무제품 제조업; 가구 제외,,,0,2020＝100
202407,생산자제품 재고지수(원지수),대구광역시,목재 및 나무제품 제조업; 가구 제외,,,0,2020＝100
202408,생산자제품 재고지수(원지수),대구광역시,목재 및 나무제품 제조업; 가구 제외,,,0,2020＝100
202409,생산자제품 재고지수(원지수),대구광역시,목재 및 나무제품 제조업; 가구 제외,,,0,2020＝100
202410,생산자제품 재고지수(원지수),대구광역시,목재 및 나무제품 제조업; 가구 제외,,,0,2020＝100
202411,생산자제품 재고지수(원지수),대구광역시,목재 및 나무제품 제조업; 가구 제외,,,0,2020＝100
202412,생산자제품 재고지수(원지수),대구광역시,목재 및 나무제품 제조업; 가구 제외,,,0,2020＝100
202401,생산지수(원지수),대구광역시,펄프 종이 및 종이제품 제조업,,,112.1,2020＝100
202402,생산지수(원지수),대구광역시,펄프 종이 및 종이제품 제조업,,,92.7,2020＝100
202403,생산지수(원지수),대구광역시,펄프 종이 및 종이제품 제조업,,,104.7,2020＝100
202404,생산지수(원지수),대구광역시,펄프 종이 및 종이제품 제조업,,,105.9,2020＝100
202405,생산지수(원지수),대구광역시,펄프 종이 및 종이제품 제조업,,,104,2020＝100
202406,생산지수(원지수),대구광역시,펄프 종이 및 종이제품 제조업,,,102,2020＝100
202407,생산지수(원지수),대구광역시,펄프 종이 및 종이제품 제조업,,,103.3,2020＝100
202408,생산지수(원지수),대구광역시,펄프 종이 및 종이제품 제조업,,,91.9,2020＝100
202409,생산지수(원지수),대구광역시,펄프 종이 및 종이제품 제조업,,,97.2,2020＝100
202410,생산지수(원지수),대구광역시,펄프 종이 및 종이제품 제조업,,,106.9,2020＝100
202411,생산지수(원지수),대구광역시,펄프 종이 및 종이제품 제조업,,,99.5,2020＝100
202412,생산지수(원지수),대구광역시,펄프 종이 및 종이제품 제조업,,,102.6,2020＝100
202401,생산자제품 출하지수(원지수),대구광역시,펄프 종이 및 종이제품 제조업,,,107.7,2020＝100
202402,생산자제품 출하지수(원지수),대구광역시,펄프 종이 및 종이제품 제조업,,,87.9,2020＝100
202403,생산자제품 출하지수(원지수),대구광역시,펄프 종이 및 종이제품 제조업,,,98.6,2020＝100
202404,생산자제품 출하지수(원지수),대구광역시,펄프 종이 및 종이제품 제조업,,,105,2020＝100
202405,생산자제품 출하지수(원지수),대구광역시,펄프 종이 및 종이제품 제조업,,,99.1,2020＝100
202406,생산자제품 출하지수(원지수),대구광역시,펄프 종이 및 종이제품 제조업,,,100.5,2020＝100
202407,생산자제품 출하지수(원지수),대구광역시,펄프 종이 및 종이제품 제조업,,,107.6,2020＝100
202408,생산자제품 출하지수(원지수),대구광역시,펄프 종이 및 종이제품 제조업,,,93.3,2020＝100
202409,생산자제품 출하지수(원지수),대구광역시,펄프 종이 및 종이제품 제조업,,,88.9,2020＝100
202410,생산자제품 출하지수(원지수),대구광역시,펄프 종이 및 종이제품 제조업,,,101.7,2020＝100
202411,생산자제품 출하지수(원지수),대구광역시,펄프 종이 및 종이제품 제조업,,,96.1,2020＝100
202412,생산자제품 출하지수(원지수),대구광역시,펄프 종이 및 종이제품 제조업,,,94.6,2020＝100
202401,생산자제품 재고지수(원지수),대구광역시,펄프 종이 및 종이제품 제조업,,,131.2,2020＝100
202402,생산자제품 재고지수(원지수),대구광역시,펄프 종이 및 종이제품 제조업,,,142.5,2020＝100
202403,생산자제품 재고지수(원지수),대구광역시,펄프 종이 및 종이제품 제조업,,,158.4,2020＝100
202404,생산자제품 재고지수(원지수),대구광역시,펄프 종이 및 종이제품 제조업,,,149,2020＝100
202405,생산자제품 재고지수(원지수),대구광역시,펄프 종이 및 종이제품 제조업,,,144.5,2020＝100
202406,생산자제품 재고지수(원지수),대구광역시,펄프 종이 및 종이제품 제조업,,,138.3,2020＝100
202407,생산자제품 재고지수(원지수),대구광역시,펄프 종이 및 종이제품 제조업,,,76.5,2020＝100
202408,생산자제품 재고지수(원지수),대구광역시,펄프 종이 및 종이제품 제조업,,,62.2,2020＝100
202409,생산자제품 재고지수(원지수),대구광역시,펄프 종이 및 종이제품 제조업,,,125.2,2020＝100
202410,생산자제품 재고지수(원지수),대구광역시,펄프 종이 및 종이제품 제조업,,,139.8,2020＝100
202411,생산자제품 재고지수(원지수),대구광역시,펄프 종이 및 종이제품 제조업,,,130.7,2020＝100
202412,생산자제품 재고지수(원지수),대구광역시,펄프 종이 및 종이제품 제조업,,,175.4,2020＝100
202401,생산지수(원지수),대구광역시,인쇄 및 기록매체 복제업,,,133.8,2020＝100
202402,생산지수(원지수),대구광역시,인쇄 및 기록매체 복제업,,,107.5,2020＝100
202403,생산지수(원지수),대구광역시,인쇄 및 기록매체 복제업,,,120.3,2020＝100
202404,생산지수(원지수),대구광역시,인쇄 및 기록매체 복제업,,,123.4,2020＝100
202405,생산지수(원지수),대구광역시,인쇄 및 기록매체 복제업,,,120.8,2020＝100
202406,생산지수(원지수),대구광역시,인쇄 및 기록매체 복제업,,,110.9,2020＝100
202407,생산지수(원지수),대구광역시,인쇄 및 기록매체 복제업,,,116.9,2020＝100
202408,생산지수(원지수),대구광역시,인쇄 및 기록매체 복제업,,,117.5,2020＝100
202409,생산지수(원지수),대구광역시,인쇄 및 기록매체 복제업,,,107,2020＝100
202410,생산지수(원지수),대구광역시,인쇄 및 기록매체 복제업,,,123.1,2020＝100
202411,생산지수(원지수),대구광역시,인쇄 및 기록매체 복제업,,,123,2020＝100
202412,생산지수(원지수),대구광역시,인쇄 및 기록매체 복제업,,,124.7,2020＝100
202401,생산자제품 출하지수(원지수),대구광역시,인쇄 및 기록매체 복제업,,,133.5,2020＝100
202402,생산자제품 출하지수(원지수),대구광역시,인쇄 및 기록매체 복제업,,,107.4,2020＝100
202403,생산자제품 출하지수(원지수),대구광역시,인쇄 및 기록매체 복제업,,,120.1,2020＝100
202404,생산자제품 출하지수(원지수),대구광역시,인쇄 및 기록매체 복제업,,,123,2020＝100
202405,생산자제품 출하지수(원지수),대구광역시,인쇄 및 기록매체 복제업,,,120.4,2020＝100
202406,생산자제품 출하지수(원지수),대구광역시,인쇄 및 기록매체 복제업,,,110.4,2020＝100
202407,생산자제품 출하지수(원지수),대구광역시,인쇄 및 기록매체 복제업,,,116,2020＝100
202408,생산자제품 출하지수(원지수),대구광역시,인쇄 및 기록매체 복제업,,,117,2020＝100
202409,생산자제품 출하지수(원지수),대구광역시,인쇄 및 기록매체 복제업,,,106.7,2020＝100
202410,생산자제품 출하지수(원지수),대구광역시,인쇄 및 기록매체 복제업,,,122.7,2020＝100
202411,생산자제품 출하지수(원지수),대구광역시,인쇄 및 기록매체 복제업,,,122.6,2020＝100
202412,생산자제품 출하지수(원지수),대구광역시,인쇄 및 기록매체 복제업,,,124.7,2020＝100
202401,생산지수(원지수),대구광역시,화학 물질 및 화학제품 제조업; 의약품 제외,,,171.9,2020＝100
202402,생산지수(원지수),대구광역시,화학 물질 및 화학제품 제조업; 의약품 제외,,,136.4,2020＝100
202403,생산지수(원지수),대구광역시,화학 물질 및 화학제품 제조업; 의약품 제외,,,124.6,2020＝100
202404,생산지수(원지수),대구광역시,화학 물질 및 화학제품 제조업; 의약품 제외,,,126.7,2020＝100
202405,생산지수(원지수),대구광역시,화학 물질 및 화학제품 제조업; 의약품 제외,,,113.2,2020＝100
202406,생산지수(원지수),대구광역시,화학 물질 및 화학제품 제조업; 의약품 제외,,,79.4,2020＝100
202407,생산지수(원지수),대구광역시,화학 물질 및 화학제품 제조업; 의약품 제외,,,79,2020＝100
202408,생산지수(원지수),대구광역시,화학 물질 및 화학제품 제조업; 의약품 제외,,,66.6,2020＝100
202409,생산지수(원지수),대구광역시,화학 물질 및 화학제품 제조업; 의약품 제외,,,83.9,2020＝100
202410,생산지수(원지수),대구광역시,화학 물질 및 화학제품 제조업; 의약품 제외,,,142.2,2020＝100
202411,생산지수(원지수),대구광역시,화학 물질 및 화학제품 제조업; 의약품 제외,,,140.8,2020＝100
202412,생산지수(원지수),대구광역시,화학 물질 및 화학제품 제조업; 의약품 제외,,,127.5,2020＝100
202401,생산자제품 출하지수(원지수),대구광역시,화학 물질 및 화학제품 제조업; 의약품 제외,,,156.1,2020＝100
202402,생산자제품 출하지수(원지수),대구광역시,화학 물질 및 화학제품 제조업; 의약품 제외,,,155,2020＝100
202403,생산자제품 출하지수(원지수),대구광역시,화학 물질 및 화학제품 제조업; 의약품 제외,,,173.1,2020＝100
202404,생산자제품 출하지수(원지수),대구광역시,화학 물질 및 화학제품 제조업; 의약품 제외,,,135.5,2020＝100
202405,생산자제품 출하지수(원지수),대구광역시,화학 물질 및 화학제품 제조업; 의약품 제외,,,112.6,2020＝100
202406,생산자제품 출하지수(원지수),대구광역시,화학 물질 및 화학제품 제조업; 의약품 제외,,,121.7,2020＝100
202407,생산자제품 출하지수(원지수),대구광역시,화학 물질 및 화학제품 제조업; 의약품 제외,,,109.2,2020＝100
202408,생산자제품 출하지수(원지수),대구광역시,화학 물질 및 화학제품 제조업; 의약품 제외,,,84,2020＝100
202409,생산자제품 출하지수(원지수),대구광역시,화학 물질 및 화학제품 제조업; 의약품 제외,,,80.4,2020＝100
202410,생산자제품 출하지수(원지수),대구광역시,화학 물질 및 화학제품 제조업; 의약품 제외,,,118.9,2020＝100
202411,생산자제품 출하지수(원지수),대구광역시,화학 물질 및 화학제품 제조업; 의약품 제외,,,99.4,2020＝100
202412,생산자제품 출하지수(원지수),대구광역시,화학 물질 및 화학제품 제조업; 의약품 제외,,,122,2020＝100
202401,생산자제품 재고지수(원지수),대구광역시,화학 물질 및 화학제품 제조업; 의약품 제외,,,137.2,2020＝100
202402,생산자제품 재고지수(원지수),대구광역시,화학 물질 및 화학제품 제조업; 의약품 제외,,,131.9,2020＝100
202403,생산자제품 재고지수(원지수),대구광역시,화학 물질 및 화학제품 제조업; 의약품 제외,,,118.7,2020＝100
202404,생산자제품 재고지수(원지수),대구광역시,화학 물질 및 화학제품 제조업; 의약품 제외,,,116,2020＝100
202405,생산자제품 재고지수(원지수),대구광역시,화학 물질 및 화학제품 제조업; 의약품 제외,,,116.2,2020＝100
202406,생산자제품 재고지수(원지수),대구광역시,화학 물질 및 화학제품 제조업; 의약품 제외,,,103.3,2020＝100
202407,생산자제품 재고지수(원지수),대구광역시,화학 물질 및 화학제품 제조업; 의약품 제외,,,93.4,2020＝100
202408,생산자제품 재고지수(원지수),대구광역시,화학 물질 및 화학제품 제조업; 의약품 제외,,,92.5,2020＝100
202409,생산자제품 재고지수(원지수),대구광역시,화학 물질 및 화학제품 제조업; 의약품 제외,,,90.9,2020＝100
202410,생산자제품 재고지수(원지수),대구광역시,화학 물질 및 화학제품 제조업; 의약품 제외,,,99.9,2020＝100
202411,생산자제품 재고지수(원지수),대구광역시,화학 물질 및 화학제품 제조업; 의약품 제외,,,114.7,2020＝100
202412,생산자제품 재고지수(원지수),대구광역시,화학 물질 및 화학제품 제조업; 의약품 제외,,,108.1,2020＝100
202401,생산지수(원지수),대구광역시,의료용 물질 및 의약품 제조업,,,66.9,2020＝100
202402,생산지수(원지수),대구광역시,의료용 물질 및 의약품 제조업,,,91.5,2020＝100
202403,생산지수(원지수),대구광역시,의료용 물질 및 의약품 제조업,,,59.5,2020＝100
202404,생산지수(원지수),대구광역시,의료용 물질 및 의약품 제조업,,,103.1,2020＝100
202405,생산지수(원지수),대구광역시,의료용 물질 및 의약품 제조업,,,98.6,2020＝100
202406,생산지수(원지수),대구광역시,의료용 물질 및 의약품 제조업,,,82.9,2020＝100
202407,생산지수(원지수),대구광역시,의료용 물질 및 의약품 제조업,,,110.9,2020＝100
202408,생산지수(원지수),대구광역시,의료용 물질 및 의약품 제조업,,,54.2,2020＝100
202409,생산지수(원지수),대구광역시,의료용 물질 및 의약품 제조업,,,96.5,2020＝100
202410,생산지수(원지수),대구광역시,의료용 물질 및 의약품 제조업,,,111,2020＝100
202411,생산지수(원지수),대구광역시,의료용 물질 및 의약품 제조업,,,79.5,2020＝100
202412,생산지수(원지수),대구광역시,의료용 물질 및 의약품 제조업,,,94,2020＝100
202401,생산자제품 출하지수(원지수),대구광역시,의료용 물질 및 의약품 제조업,,,71.1,2020＝100
202402,생산자제품 출하지수(원지수),대구광역시,의료용 물질 및 의약품 제조업,,,103.2,2020＝100
202403,생산자제품 출하지수(원지수),대구광역시,의료용 물질 및 의약품 제조업,,,93.7,2020＝100
202404,생산자제품 출하지수(원지수),대구광역시,의료용 물질 및 의약품 제조업,,,105.3,2020＝100
202405,생산자제품 출하지수(원지수),대구광역시,의료용 물질 및 의약품 제조업,,,80.1,2020＝100
202406,생산자제품 출하지수(원지수),대구광역시,의료용 물질 및 의약품 제조업,,,76.3,2020＝100
202407,생산자제품 출하지수(원지수),대구광역시,의료용 물질 및 의약품 제조업,,,95.4,2020＝100
202408,생산자제품 출하지수(원지수),대구광역시,의료용 물질 및 의약품 제조업,,,99.3,2020＝100
202409,생산자제품 출하지수(원지수),대구광역시,의료용 물질 및 의약품 제조업,,,124.1,2020＝100
202410,생산자제품 출하지수(원지수),대구광역시,의료용 물질 및 의약품 제조업,,,101.3,2020＝100
202411,생산자제품 출하지수(원지수),대구광역시,의료용 물질 및 의약품 제조업,,,110.1,2020＝100
202412,생산자제품 출하지수(원지수),대구광역시,의료용 물질 및 의약품 제조업,,,99.4,2020＝100
202401,생산지수(원지수),대구광역시,고무 및 플라스틱제품 제조업,,,126.2,2020＝100
202402,생산지수(원지수),대구광역시,고무 및 플라스틱제품 제조업,,,108.7,2020＝100
202403,생산지수(원지수),대구광역시,고무 및 플라스틱제품 제조업,,,123.5,2020＝100
202404,생산지수(원지수),대구광역시,고무 및 플라스틱제품 제조업,,,125.2,2020＝100
202405,생산지수(원지수),대구광역시,고무 및 플라스틱제품 제조업,,,126.7,2020＝100
202406,생산지수(원지수),대구광역시,고무 및 플라스틱제품 제조업,,,121.5,2020＝100
202407,생산지수(원지수),대구광역시,고무 및 플라스틱제품 제조업,,,126.6,2020＝100
202408,생산지수(원지수),대구광역시,고무 및 플라스틱제품 제조업,,,117.6,2020＝100
202409,생산지수(원지수),대구광역시,고무 및 플라스틱제품 제조업,,,104.7,2020＝100
202410,생산지수(원지수),대구광역시,고무 및 플라스틱제품 제조업,,,122.1,2020＝100
202411,생산지수(원지수),대구광역시,고무 및 플라스틱제품 제조업,,,118.7,2020＝100
202412,생산지수(원지수),대구광역시,고무 및 플라스틱제품 제조업,,,113.5,2020＝100
202401,생산자제품 출하지수(원지수),대구광역시,고무 및 플라스틱제품 제조업,,,124.6,2020＝100
202402,생산자제품 출하지수(원지수),대구광역시,고무 및 플라스틱제품 제조업,,,107.3,2020＝100
202403,생산자제품 출하지수(원지수),대구광역시,고무 및 플라스틱제품 제조업,,,122.8,2020＝100
202404,생산자제품 출하지수(원지수),대구광역시,고무 및 플라스틱제품 제조업,,,126,2020＝100
202405,생산자제품 출하지수(원지수),대구광역시,고무 및 플라스틱제품 제조업,,,125.2,2020＝100
202406,생산자제품 출하지수(원지수),대구광역시,고무 및 플라스틱제품 제조업,,,119.7,2020＝100
202407,생산자제품 출하지수(원지수),대구광역시,고무 및 플라스틱제품 제조업,,,127.6,2020＝100
202408,생산자제품 출하지수(원지수),대구광역시,고무 및 플라스틱제품 제조업,,,121.3,2020＝100
202409,생산자제품 출하지수(원지수),대구광역시,고무 및 플라스틱제품 제조업,,,106.7,2020＝100
202410,생산자제품 출하지수(원지수),대구광역시,고무 및 플라스틱제품 제조업,,,120.1,2020＝100
202411,생산자제품 출하지수(원지수),대구광역시,고무 및 플라스틱제품 제조업,,,116.8,2020＝100
202412,생산자제품 출하지수(원지수),대구광역시,고무 및 플라스틱제품 제조업,,,113.7,2020＝100
202401,생산자제품 재고지수(원지수),대구광역시,고무 및 플라스틱제품 제조업,,,120.7,2020＝100
202402,생산자제품 재고지수(원지수),대구광역시,고무 및 플라스틱제품 제조업,,,115,2020＝100
202403,생산자제품 재고지수(원지수),대구광역시,고무 및 플라스틱제품 제조업,,,116.4,2020＝100
202404,생산자제품 재고지수(원지수),대구광역시,고무 및 플라스틱제품 제조업,,,113.5,2020＝100
202405,생산자제품 재고지수(원지수),대구광역시,고무 및 플라스틱제품 제조업,,,119.4,2020＝100
202406,생산자제품 재고지수(원지수),대구광역시,고무 및 플라스틱제품 제조업,,,113.3,2020＝100
202407,생산자제품 재고지수(원지수),대구광역시,고무 및 플라스틱제품 제조업,,,115.9,2020＝100
202408,생산자제품 재고지수(원지수),대구광역시,고무 및 플라스틱제품 제조업,,,116.2,2020＝100
202409,생산자제품 재고지수(원지수),대구광역시,고무 및 플라스틱제품 제조업,,,110.5,2020＝100
202410,생산자제품 재고지수(원지수),대구광역시,고무 및 플라스틱제품 제조업,,,114.9,2020＝100
202411,생산자제품 재고지수(원지수),대구광역시,고무 및 플라스틱제품 제조업,,,116,2020＝100
202412,생산자제품 재고지수(원지수),대구광역시,고무 및 플라스틱제품 제조업,,,114.4,2020＝100
202401,생산지수(원지수),대구광역시,비금속 광물제품 제조업,,,58.9,2020＝100
202402,생산지수(원지수),대구광역시,비금속 광물제품 제조업,,,57.5,2020＝100
202403,생산지수(원지수),대구광역시,비금속 광물제품 제조업,,,69.3,2020＝100
202404,생산지수(원지수),대구광역시,비금속 광물제품 제조업,,,70.9,2020＝100
202405,생산지수(원지수),대구광역시,비금속 광물제품 제조업,,,63.9,2020＝100
202406,생산지수(원지수),대구광역시,비금속 광물제품 제조업,,,63.9,2020＝100
202407,생산지수(원지수),대구광역시,비금속 광물제품 제조업,,,61.4,2020＝100
202408,생산지수(원지수),대구광역시,비금속 광물제품 제조업,,,56.2,2020＝100
202409,생산지수(원지수),대구광역시,비금속 광물제품 제조업,,,49.7,2020＝100
202410,생산지수(원지수),대구광역시,비금속 광물제품 제조업,,,44.4,2020＝100
202411,생산지수(원지수),대구광역시,비금속 광물제품 제조업,,,57.8,2020＝100
202412,생산지수(원지수),대구광역시,비금속 광물제품 제조업,,,56.2,2020＝100
202401,생산자제품 출하지수(원지수),대구광역시,비금속 광물제품 제조업,,,63.4,2020＝100
202402,생산자제품 출하지수(원지수),대구광역시,비금속 광물제품 제조업,,,54.8,2020＝100
202403,생산자제품 출하지수(원지수),대구광역시,비금속 광물제품 제조업,,,66.7,2020＝100
202404,생산자제품 출하지수(원지수),대구광역시,비금속 광물제품 제조업,,,71.3,2020＝100
202405,생산자제품 출하지수(원지수),대구광역시,비금속 광물제품 제조업,,,68,2020＝100
202406,생산자제품 출하지수(원지수),대구광역시,비금속 광물제품 제조업,,,62.7,2020＝100
202407,생산자제품 출하지수(원지수),대구광역시,비금속 광물제품 제조업,,,62.3,2020＝100
202408,생산자제품 출하지수(원지수),대구광역시,비금속 광물제품 제조업,,,58.3,2020＝100
202409,생산자제품 출하지수(원지수),대구광역시,비금속 광물제품 제조업,,,48.6,2020＝100
202410,생산자제품 출하지수(원지수),대구광역시,비금속 광물제품 제조업,,,48.4,2020＝100
202411,생산자제품 출하지수(원지수),대구광역시,비금속 광물제품 제조업,,,57.1,2020＝100
202412,생산자제품 출하지수(원지수),대구광역시,비금속 광물제품 제조업,,,50.6,2020＝100
202401,생산자제품 재고지수(원지수),대구광역시,비금속 광물제품 제조업,,,62.9,2020＝100
202402,생산자제품 재고지수(원지수),대구광역시,비금속 광물제품 제조업,,,80.7,2020＝100
202403,생산자제품 재고지수(원지수),대구광역시,비금속 광물제품 제조업,,,98.7,2020＝100
202404,생산자제품 재고지수(원지수),대구광역시,비금속 광물제품 제조업,,,106.6,2020＝100
202405,생산자제품 재고지수(원지수),대구광역시,비금속 광물제품 제조업,,,99.8,2020＝100
202406,생산자제품 재고지수(원지수),대구광역시,비금속 광물제품 제조업,,,115.9,2020＝100
202407,생산자제품 재고지수(원지수),대구광역시,비금속 광물제품 제조업,,,112.7,2020＝100
202408,생산자제품 재고지수(원지수),대구광역시,비금속 광물제품 제조업,,,100.8,2020＝100
202409,생산자제품 재고지수(원지수),대구광역시,비금속 광물제품 제조업,,,108.2,2020＝100
202410,생산자제품 재고지수(원지수),대구광역시,비금속 광물제품 제조업,,,108.3,2020＝100
202411,생산자제품 재고지수(원지수),대구광역시,비금속 광물제품 제조업,,,107.1,2020＝100
202412,생산자제품 재고지수(원지수),대구광역시,비금속 광물제품 제조업,,,133.8,2020＝100
202401,생산지수(원지수),대구광역시,1차 금속 제조업,,,107.4,2020＝100
202402,생산지수(원지수),대구광역시,1차 금속 제조업,,,84.6,2020＝100
202403,생산지수(원지수),대구광역시,1차 금속 제조업,,,94.4,2020＝100
202404,생산지수(원지수),대구광역시,1차 금속 제조업,,,104.3,2020＝100
202405,생산지수(원지수),대구광역시,1차 금속 제조업,,,105.2,2020＝100
202406,생산지수(원지수),대구광역시,1차 금속 제조업,,,103.6,2020＝100
202407,생산지수(원지수),대구광역시,1차 금속 제조업,,,90.4,2020＝100
202408,생산지수(원지수),대구광역시,1차 금속 제조업,,,85.9,2020＝100
202409,생산지수(원지수),대구광역시,1차 금속 제조업,,,82,2020＝100
202410,생산지수(원지수),대구광역시,1차 금속 제조업,,,101.8,2020＝100
202411,생산지수(원지수),대구광역시,1차 금속 제조업,,,99,2020＝100
202412,생산지수(원지수),대구광역시,1차 금속 제조업,,,80.9,2020＝100
202401,생산자제품 출하지수(원지수),대구광역시,1차 금속 제조업,,,102.3,2020＝100
202402,생산자제품 출하지수(원지수),대구광역시,1차 금속 제조업,,,84.5,2020＝100
202403,생산자제품 출하지수(원지수),대구광역시,1차 금속 제조업,,,92.9,2020＝100
202404,생산자제품 출하지수(원지수),대구광역시,1차 금속 제조업,,,108,2020＝100
202405,생산자제품 출하지수(원지수),대구광역시,1차 금속 제조업,,,103.9,2020＝100
202406,생산자제품 출하지수(원지수),대구광역시,1차 금속 제조업,,,95.7,2020＝100
202407,생산자제품 출하지수(원지수),대구광역시,1차 금속 제조업,,,87.5,2020＝100
202408,생산자제품 출하지수(원지수),대구광역시,1차 금속 제조업,,,80.3,2020＝100
202409,생산자제품 출하지수(원지수),대구광역시,1차 금속 제조업,,,76.2,2020＝100
202410,생산자제품 출하지수(원지수),대구광역시,1차 금속 제조업,,,95.6,2020＝100
202411,생산자제품 출하지수(원지수),대구광역시,1차 금속 제조업,,,89.6,2020＝100
202412,생산자제품 출하지수(원지수),대구광역시,1차 금속 제조업,,,83.5,2020＝100
202401,생산자제품 재고지수(원지수),대구광역시,1차 금속 제조업,,,288.3,2020＝100
202402,생산자제품 재고지수(원지수),대구광역시,1차 금속 제조업,,,290.6,2020＝100
202403,생산자제품 재고지수(원지수),대구광역시,1차 금속 제조업,,,283.8,2020＝100
202404,생산자제품 재고지수(원지수),대구광역시,1차 금속 제조업,,,287.9,2020＝100
202405,생산자제품 재고지수(원지수),대구광역시,1차 금속 제조업,,,271.7,2020＝100
202406,생산자제품 재고지수(원지수),대구광역시,1차 금속 제조업,,,291.5,2020＝100
202407,생산자제품 재고지수(원지수),대구광역시,1차 금속 제조업,,,285,2020＝100
202408,생산자제품 재고지수(원지수),대구광역시,1차 금속 제조업,,,294.1,2020＝100
202409,생산자제품 재고지수(원지수),대구광역시,1차 금속 제조업,,,290,2020＝100
202410,생산자제품 재고지수(원지수),대구광역시,1차 금속 제조업,,,282.1,2020＝100
202411,생산자제품 재고지수(원지수),대구광역시,1차 금속 제조업,,,290.1,2020＝100
202412,생산자제품 재고지수(원지수),대구광역시,1차 금속 제조업,,,278.8,2020＝100
202401,생산지수(원지수),대구광역시,금속 가공제품 제조업; 기계 및 가구 제외,,,111.9,2020＝100
202402,생산지수(원지수),대구광역시,금속 가공제품 제조업; 기계 및 가구 제외,,,96.4,2020＝100
202403,생산지수(원지수),대구광역시,금속 가공제품 제조업; 기계 및 가구 제외,,,114.7,2020＝100
202404,생산지수(원지수),대구광역시,금속 가공제품 제조업; 기계 및 가구 제외,,,114.9,2020＝100
202405,생산지수(원지수),대구광역시,금속 가공제품 제조업; 기계 및 가구 제외,,,104.1,2020＝100
202406,생산지수(원지수),대구광역시,금속 가공제품 제조업; 기계 및 가구 제외,,,100.2,2020＝100
202407,생산지수(원지수),대구광역시,금속 가공제품 제조업; 기계 및 가구 제외,,,94.6,2020＝100
202408,생산지수(원지수),대구광역시,금속 가공제품 제조업; 기계 및 가구 제외,,,93.2,2020＝100
202409,생산지수(원지수),대구광역시,금속 가공제품 제조업; 기계 및 가구 제외,,,86.8,2020＝100
202410,생산지수(원지수),대구광역시,금속 가공제품 제조업; 기계 및 가구 제외,,,93.8,2020＝100
202411,생산지수(원지수),대구광역시,금속 가공제품 제조업; 기계 및 가구 제외,,,100.1,2020＝100
202412,생산지수(원지수),대구광역시,금속 가공제품 제조업; 기계 및 가구 제외,,,74,2020＝100
202401,생산자제품 출하지수(원지수),대구광역시,금속 가공제품 제조업; 기계 및 가구 제외,,,110.2,2020＝100
202402,생산자제품 출하지수(원지수),대구광역시,금속 가공제품 제조업; 기계 및 가구 제외,,,86.3,2020＝100
202403,생산자제품 출하지수(원지수),대구광역시,금속 가공제품 제조업; 기계 및 가구 제외,,,99,2020＝100
202404,생산자제품 출하지수(원지수),대구광역시,금속 가공제품 제조업; 기계 및 가구 제외,,,100,2020＝100
202405,생산자제품 출하지수(원지수),대구광역시,금속 가공제품 제조업; 기계 및 가구 제외,,,105.5,2020＝100
202406,생산자제품 출하지수(원지수),대구광역시,금속 가공제품 제조업; 기계 및 가구 제외,,,93,2020＝100
202407,생산자제품 출하지수(원지수),대구광역시,금속 가공제품 제조업; 기계 및 가구 제외,,,90,2020＝100
202408,생산자제품 출하지수(원지수),대구광역시,금속 가공제품 제조업; 기계 및 가구 제외,,,85.1,2020＝100
202409,생산자제품 출하지수(원지수),대구광역시,금속 가공제품 제조업; 기계 및 가구 제외,,,84.7,2020＝100
202410,생산자제품 출하지수(원지수),대구광역시,금속 가공제품 제조업; 기계 및 가구 제외,,,97.9,2020＝100
202411,생산자제품 출하지수(원지수),대구광역시,금속 가공제품 제조업; 기계 및 가구 제외,,,89.7,2020＝100
202412,생산자제품 출하지수(원지수),대구광역시,금속 가공제품 제조업; 기계 및 가구 제외,,,79.9,2020＝100
202401,생산자제품 재고지수(원지수),대구광역시,금속 가공제품 제조업; 기계 및 가구 제외,,,73.4,2020＝100
202402,생산자제품 재고지수(원지수),대구광역시,금속 가공제품 제조업; 기계 및 가구 제외,,,76.4,2020＝100
202403,생산자제품 재고지수(원지수),대구광역시,금속 가공제품 제조업; 기계 및 가구 제외,,,81.6,2020＝100
202404,생산자제품 재고지수(원지수),대구광역시,금속 가공제품 제조업; 기계 및 가구 제외,,,84.7,2020＝100
202405,생산자제품 재고지수(원지수),대구광역시,금속 가공제품 제조업; 기계 및 가구 제외,,,85.2,2020＝100
202406,생산자제품 재고지수(원지수),대구광역시,금속 가공제품 제조업; 기계 및 가구 제외,,,88,2020＝100
202407,생산자제품 재고지수(원지수),대구광역시,금속 가공제품 제조업; 기계 및 가구 제외,,,89,2020＝100
202408,생산자제품 재고지수(원지수),대구광역시,금속 가공제품 제조업; 기계 및 가구 제외,,,91.5,2020＝100
202409,생산자제품 재고지수(원지수),대구광역시,금속 가공제품 제조업; 기계 및 가구 제외,,,92.1,2020＝100
202410,생산자제품 재고지수(원지수),대구광역시,금속 가공제품 제조업; 기계 및 가구 제외,,,88.6,2020＝100
202411,생산자제품 재고지수(원지수),대구광역시,금속 가공제품 제조업; 기계 및 가구 제외,,,91.4,2020＝100
202412,생산자제품 재고지수(원지수),대구광역시,금속 가공제품 제조업; 기계 및 가구 제외,,,89.2,2020＝100
202401,생산지수(원지수),대구광역시,전자 부품 컴퓨터 영상 음향 및 통신장비 제조업,,,168.6,2020＝100
202402,생산지수(원지수),대구광역시,전자 부품 컴퓨터 영상 음향 및 통신장비 제조업,,,151.1,2020＝100
202403,생산지수(원지수),대구광역시,전자 부품 컴퓨터 영상 음향 및 통신장비 제조업,,,162,2020＝100
202404,생산지수(원지수),대구광역시,전자 부품 컴퓨터 영상 음향 및 통신장비 제조업,,,160.7,2020＝100
202405,생산지수(원지수),대구광역시,전자 부품 컴퓨터 영상 음향 및 통신장비 제조업,,,174.8,2020＝100
202406,생산지수(원지수),대구광역시,전자 부품 컴퓨터 영상 음향 및 통신장비 제조업,,,170.9,2020＝100
202407,생산지수(원지수),대구광역시,전자 부품 컴퓨터 영상 음향 및 통신장비 제조업,,,176.2,2020＝100
202408,생산지수(원지수),대구광역시,전자 부품 컴퓨터 영상 음향 및 통신장비 제조업,,,160.7,2020＝100
202409,생산지수(원지수),대구광역시,전자 부품 컴퓨터 영상 음향 및 통신장비 제조업,,,167.1,2020＝100
202410,생산지수(원지수),대구광역시,전자 부품 컴퓨터 영상 음향 및 통신장비 제조업,,,194,2020＝100
202411,생산지수(원지수),대구광역시,전자 부품 컴퓨터 영상 음향 및 통신장비 제조업,,,184.2,2020＝100
202412,생산지수(원지수),대구광역시,전자 부품 컴퓨터 영상 음향 및 통신장비 제조업,,,155.8,2020＝100
202401,생산자제품 출하지수(원지수),대구광역시,전자 부품 컴퓨터 영상 음향 및 통신장비 제조업,,,153.5,2020＝100
202402,생산자제품 출하지수(원지수),대구광역시,전자 부품 컴퓨터 영상 음향 및 통신장비 제조업,,,165.6,2020＝100
202403,생산자제품 출하지수(원지수),대구광역시,전자 부품 컴퓨터 영상 음향 및 통신장비 제조업,,,167.9,2020＝100
202404,생산자제품 출하지수(원지수),대구광역시,전자 부품 컴퓨터 영상 음향 및 통신장비 제조업,,,163.1,2020＝100
202405,생산자제품 출하지수(원지수),대구광역시,전자 부품 컴퓨터 영상 음향 및 통신장비 제조업,,,185.1,2020＝100
202406,생산자제품 출하지수(원지수),대구광역시,전자 부품 컴퓨터 영상 음향 및 통신장비 제조업,,,168.7,2020＝100
202407,생산자제품 출하지수(원지수),대구광역시,전자 부품 컴퓨터 영상 음향 및 통신장비 제조업,,,182.6,2020＝100
202408,생산자제품 출하지수(원지수),대구광역시,전자 부품 컴퓨터 영상 음향 및 통신장비 제조업,,,170.5,2020＝100
202409,생산자제품 출하지수(원지수),대구광역시,전자 부품 컴퓨터 영상 음향 및 통신장비 제조업,,,173.6,2020＝100
202410,생산자제품 출하지수(원지수),대구광역시,전자 부품 컴퓨터 영상 음향 및 통신장비 제조업,,,179.2,2020＝100
202411,생산자제품 출하지수(원지수),대구광역시,전자 부품 컴퓨터 영상 음향 및 통신장비 제조업,,,179.1,2020＝100
202412,생산자제품 출하지수(원지수),대구광역시,전자 부품 컴퓨터 영상 음향 및 통신장비 제조업,,,179.8,2020＝100
202401,생산자제품 재고지수(원지수),대구광역시,전자 부품 컴퓨터 영상 음향 및 통신장비 제조업,,,158.6,2020＝100
202402,생산자제품 재고지수(원지수),대구광역시,전자 부품 컴퓨터 영상 음향 및 통신장비 제조업,,,137.7,2020＝100
202403,생산자제품 재고지수(원지수),대구광역시,전자 부품 컴퓨터 영상 음향 및 통신장비 제조업,,,128.8,2020＝100
202404,생산자제품 재고지수(원지수),대구광역시,전자 부품 컴퓨터 영상 음향 및 통신장비 제조업,,,129.7,2020＝100
202405,생산자제품 재고지수(원지수),대구광역시,전자 부품 컴퓨터 영상 음향 및 통신장비 제조업,,,116.3,2020＝100
202406,생산자제품 재고지수(원지수),대구광역시,전자 부품 컴퓨터 영상 음향 및 통신장비 제조업,,,119.6,2020＝100
202407,생산자제품 재고지수(원지수),대구광역시,전자 부품 컴퓨터 영상 음향 및 통신장비 제조업,,,109.2,2020＝100
202408,생산자제품 재고지수(원지수),대구광역시,전자 부품 컴퓨터 영상 음향 및 통신장비 제조업,,,93.6,2020＝100
202409,생산자제품 재고지수(원지수),대구광역시,전자 부품 컴퓨터 영상 음향 및 통신장비 제조업,,,89.9,2020＝100
202410,생산자제품 재고지수(원지수),대구광역시,전자 부품 컴퓨터 영상 음향 및 통신장비 제조업,,,108.9,2020＝100
202411,생산자제품 재고지수(원지수),대구광역시,전자 부품 컴퓨터 영상 음향 및 통신장비 제조업,,,113.9,2020＝100
202412,생산자제품 재고지수(원지수),대구광역시,전자 부품 컴퓨터 영상 음향 및 통신장비 제조업,,,80.1,2020＝100
202401,생산지수(원지수),대구광역시,의료 정밀 광학 기기 및 시계 제조업,,,148.4,2020＝100
202402,생산지수(원지수),대구광역시,의료 정밀 광학 기기 및 시계 제조업,,,172,2020＝100
202403,생산지수(원지수),대구광역시,의료 정밀 광학 기기 및 시계 제조업,,,235.8,2020＝100
202404,생산지수(원지수),대구광역시,의료 정밀 광학 기기 및 시계 제조업,,,257,2020＝100
202405,생산지수(원지수),대구광역시,의료 정밀 광학 기기 및 시계 제조업,,,196.5,2020＝100
202406,생산지수(원지수),대구광역시,의료 정밀 광학 기기 및 시계 제조업,,,210.4,2020＝100
202407,생산지수(원지수),대구광역시,의료 정밀 광학 기기 및 시계 제조업,,,140.4,2020＝100
202408,생산지수(원지수),대구광역시,의료 정밀 광학 기기 및 시계 제조업,,,119.2,2020＝100
202409,생산지수(원지수),대구광역시,의료 정밀 광학 기기 및 시계 제조업,,,124.5,2020＝100
202410,생산지수(원지수),대구광역시,의료 정밀 광학 기기 및 시계 제조업,,,147,2020＝100
202411,생산지수(원지수),대구광역시,의료 정밀 광학 기기 및 시계 제조업,,,119.5,2020＝100
202412,생산지수(원지수),대구광역시,의료 정밀 광학 기기 및 시계 제조업,,,127.2,2020＝100
202401,생산자제품 출하지수(원지수),대구광역시,의료 정밀 광학 기기 및 시계 제조업,,,222.4,2020＝100
202402,생산자제품 출하지수(원지수),대구광역시,의료 정밀 광학 기기 및 시계 제조업,,,267.2,2020＝100
202403,생산자제품 출하지수(원지수),대구광역시,의료 정밀 광학 기기 및 시계 제조업,,,322.8,2020＝100
202404,생산자제품 출하지수(원지수),대구광역시,의료 정밀 광학 기기 및 시계 제조업,,,371,2020＝100
202405,생산자제품 출하지수(원지수),대구광역시,의료 정밀 광학 기기 및 시계 제조업,,,278.9,2020＝100
202406,생산자제품 출하지수(원지수),대구광역시,의료 정밀 광학 기기 및 시계 제조업,,,256.3,2020＝100
202407,생산자제품 출하지수(원지수),대구광역시,의료 정밀 광학 기기 및 시계 제조업,,,229.3,2020＝100
202408,생산자제품 출하지수(원지수),대구광역시,의료 정밀 광학 기기 및 시계 제조업,,,194.5,2020＝100
202409,생산자제품 출하지수(원지수),대구광역시,의료 정밀 광학 기기 및 시계 제조업,,,232.3,2020＝100
202410,생산자제품 출하지수(원지수),대구광역시,의료 정밀 광학 기기 및 시계 제조업,,,297.7,2020＝100
202411,생산자제품 출하지수(원지수),대구광역시,의료 정밀 광학 기기 및 시계 제조업,,,182.3,2020＝100
202412,생산자제품 출하지수(원지수),대구광역시,의료 정밀 광학 기기 및 시계 제조업,,,232,2020＝100
202401,생산자제품 재고지수(원지수),대구광역시,의료 정밀 광학 기기 및 시계 제조업,,,142,2020＝100
202402,생산자제품 재고지수(원지수),대구광역시,의료 정밀 광학 기기 및 시계 제조업,,,137.4,2020＝100
202403,생산자제품 재고지수(원지수),대구광역시,의료 정밀 광학 기기 및 시계 제조업,,,122.2,2020＝100
202404,생산자제품 재고지수(원지수),대구광역시,의료 정밀 광학 기기 및 시계 제조업,,,125.4,2020＝100
202405,생산자제품 재고지수(원지수),대구광역시,의료 정밀 광학 기기 및 시계 제조업,,,126.3,2020＝100
202406,생산자제품 재고지수(원지수),대구광역시,의료 정밀 광학 기기 및 시계 제조업,,,116,2020＝100
202407,생산자제품 재고지수(원지수),대구광역시,의료 정밀 광학 기기 및 시계 제조업,,,125.3,2020＝100
202408,생산자제품 재고지수(원지수),대구광역시,의료 정밀 광학 기기 및 시계 제조업,,,128.4,2020＝100
202409,생산자제품 재고지수(원지수),대구광역시,의료 정밀 광학 기기 및 시계 제조업,,,124.8,2020＝100
202410,생산자제품 재고지수(원지수),대구광역시,의료 정밀 광학 기기 및 시계 제조업,,,122.2,2020＝100
202411,생산자제품 재고지수(원지수),대구광역시,의료 정밀 광학 기기 및 시계 제조업,,,124.4,2020＝100
202412,생산자제품 재고지수(원지수),대구광역시,의료 정밀 광학 기기 및 시계 제조업,,,116.4,2020＝100
202401,생산지수(원지수),대구광역시,전기장비 제조업,,,141.4,2020＝100
202402,생산지수(원지수),대구광역시,전기장비 제조업,,,125.7,2020＝100
202403,생산지수(원지수),대구광역시,전기장비 제조업,,,129.1,2020＝100
202404,생산지수(원지수),대구광역시,전기장비 제조업,,,141,2020＝100
202405,생산지수(원지수),대구광역시,전기장비 제조업,,,143.9,2020＝100
202406,생산지수(원지수),대구광역시,전기장비 제조업,,,143.7,2020＝100
202407,생산지수(원지수),대구광역시,전기장비 제조업,,,132.7,2020＝100
202408,생산지수(원지수),대구광역시,전기장비 제조업,,,134.6,2020＝100
202409,생산지수(원지수),대구광역시,전기장비 제조업,,,129.7,2020＝100
202410,생산지수(원지수),대구광역시,전기장비 제조업,,,155.9,2020＝100
202411,생산지수(원지수),대구광역시,전기장비 제조업,,,138.1,2020＝100
202412,생산지수(원지수),대구광역시,전기장비 제조업,,,138.4,2020＝100
202401,생산자제품 출하지수(원지수),대구광역시,전기장비 제조업,,,145.2,2020＝100
202402,생산자제품 출하지수(원지수),대구광역시,전기장비 제조업,,,126,2020＝100
202403,생산자제품 출하지수(원지수),대구광역시,전기장비 제조업,,,132.7,2020＝100
202404,생산자제품 출하지수(원지수),대구광역시,전기장비 제조업,,,141.6,2020＝100
202405,생산자제품 출하지수(원지수),대구광역시,전기장비 제조업,,,148.2,2020＝100
202406,생산자제품 출하지수(원지수),대구광역시,전기장비 제조업,,,143.2,2020＝100
202407,생산자제품 출하지수(원지수),대구광역시,전기장비 제조업,,,133.5,2020＝100
202408,생산자제품 출하지수(원지수),대구광역시,전기장비 제조업,,,136.1,2020＝100
202409,생산자제품 출하지수(원지수),대구광역시,전기장비 제조업,,,128,2020＝100
202410,생산자제품 출하지수(원지수),대구광역시,전기장비 제조업,,,153.8,2020＝100
202411,생산자제품 출하지수(원지수),대구광역시,전기장비 제조업,,,138.2,2020＝100
202412,생산자제품 출하지수(원지수),대구광역시,전기장비 제조업,,,138,2020＝100
202401,생산자제품 재고지수(원지수),대구광역시,전기장비 제조업,,,140.9,2020＝100
202402,생산자제품 재고지수(원지수),대구광역시,전기장비 제조업,,,127.1,2020＝100
202403,생산자제품 재고지수(원지수),대구광역시,전기장비 제조업,,,118.7,2020＝100
202404,생산자제품 재고지수(원지수),대구광역시,전기장비 제조업,,,130.5,2020＝100
202405,생산자제품 재고지수(원지수),대구광역시,전기장비 제조업,,,151.4,2020＝100
202406,생산자제품 재고지수(원지수),대구광역시,전기장비 제조업,,,127.4,2020＝100
202407,생산자제품 재고지수(원지수),대구광역시,전기장비 제조업,,,137.5,2020＝100
202408,생산자제품 재고지수(원지수),대구광역시,전기장비 제조업,,,136.5,2020＝100
202409,생산자제품 재고지수(원지수),대구광역시,전기장비 제조업,,,143.6,2020＝100
202410,생산자제품 재고지수(원지수),대구광역시,전기장비 제조업,,,154.8,2020＝100
202411,생산자제품 재고지수(원지수),대구광역시,전기장비 제조업,,,128,2020＝100
202412,생산자제품 재고지수(원지수),대구광역시,전기장비 제조업,,,162,2020＝100
202401,생산지수(원지수),대구광역시,기타 기계 및 장비 제조업,,,130.9,2020＝100
202402,생산지수(원지수),대구광역시,기타 기계 및 장비 제조업,,,118.4,2020＝100
202403,생산지수(원지수),대구광역시,기타 기계 및 장비 제조업,,,145.5,2020＝100
202404,생산지수(원지수),대구광역시,기타 기계 및 장비 제조업,,,133.2,2020＝100
202405,생산지수(원지수),대구광역시,기타 기계 및 장비 제조업,,,145.7,2020＝100
202406,생산지수(원지수),대구광역시,기타 기계 및 장비 제조업,,,122.6,2020＝100
202407,생산지수(원지수),대구광역시,기타 기계 및 장비 제조업,,,121.1,2020＝100
202408,생산지수(원지수),대구광역시,기타 기계 및 장비 제조업,,,120.4,2020＝100
202409,생산지수(원지수),대구광역시,기타 기계 및 장비 제조업,,,101.1,2020＝100
202410,생산지수(원지수),대구광역시,기타 기계 및 장비 제조업,,,125.3,2020＝100
202411,생산지수(원지수),대구광역시,기타 기계 및 장비 제조업,,,139.9,2020＝100
202412,생산지수(원지수),대구광역시,기타 기계 및 장비 제조업,,,126.7,2020＝100
202401,생산자제품 출하지수(원지수),대구광역시,기타 기계 및 장비 제조업,,,129.7,2020＝100
202402,생산자제품 출하지수(원지수),대구광역시,기타 기계 및 장비 제조업,,,120,2020＝100
202403,생산자제품 출하지수(원지수),대구광역시,기타 기계 및 장비 제조업,,,185.7,2020＝100
202404,생산자제품 출하지수(원지수),대구광역시,기타 기계 및 장비 제조업,,,150.1,2020＝100
202405,생산자제품 출하지수(원지수),대구광역시,기타 기계 및 장비 제조업,,,135.6,2020＝100
202406,생산자제품 출하지수(원지수),대구광역시,기타 기계 및 장비 제조업,,,134.8,2020＝100
202407,생산자제품 출하지수(원지수),대구광역시,기타 기계 및 장비 제조업,,,109.7,2020＝100
202408,생산자제품 출하지수(원지수),대구광역시,기타 기계 및 장비 제조업,,,117.7,2020＝100
202409,생산자제품 출하지수(원지수),대구광역시,기타 기계 및 장비 제조업,,,111.2,2020＝100
202410,생산자제품 출하지수(원지수),대구광역시,기타 기계 및 장비 제조업,,,131.4,2020＝100
202411,생산자제품 출하지수(원지수),대구광역시,기타 기계 및 장비 제조업,,,137.6,2020＝100
202412,생산자제품 출하지수(원지수),대구광역시,기타 기계 및 장비 제조업,,,144.6,2020＝100
202401,생산자제품 재고지수(원지수),대구광역시,기타 기계 및 장비 제조업,,,415.1,2020＝100
202402,생산자제품 재고지수(원지수),대구광역시,기타 기계 및 장비 제조업,,,432.4,2020＝100
202403,생산자제품 재고지수(원지수),대구광역시,기타 기계 및 장비 제조업,,,380.9,2020＝100
202404,생산자제품 재고지수(원지수),대구광역시,기타 기계 및 장비 제조업,,,379.9,2020＝100
202405,생산자제품 재고지수(원지수),대구광역시,기타 기계 및 장비 제조업,,,410.9,2020＝100
202406,생산자제품 재고지수(원지수),대구광역시,기타 기계 및 장비 제조업,,,373.6,2020＝100
202407,생산자제품 재고지수(원지수),대구광역시,기타 기계 및 장비 제조업,,,410.9,2020＝100
202408,생산자제품 재고지수(원지수),대구광역시,기타 기계 및 장비 제조업,,,430.7,2020＝100
202409,생산자제품 재고지수(원지수),대구광역시,기타 기계 및 장비 제조업,,,410.8,2020＝100
202410,생산자제품 재고지수(원지수),대구광역시,기타 기계 및 장비 제조업,,,411.5,2020＝100
202411,생산자제품 재고지수(원지수),대구광역시,기타 기계 및 장비 제조업,,,456.3,2020＝100
202412,생산자제품 재고지수(원지수),대구광역시,기타 기계 및 장비 제조업,,,396,2020＝100
202401,생산지수(원지수),대구광역시,자동차 및 트레일러 제조업,,,130.4,2020＝100
202402,생산지수(원지수),대구광역시,자동차 및 트레일러 제조업,,,118.7,2020＝100
202403,생산지수(원지수),대구광역시,자동차 및 트레일러 제조업,,,133.8,2020＝100
202404,생산지수(원지수),대구광역시,자동차 및 트레일러 제조업,,,142.5,2020＝100
202405,생산지수(원지수),대구광역시,자동차 및 트레일러 제조업,,,139.2,2020＝100
202406,생산지수(원지수),대구광역시,자동차 및 트레일러 제조업,,,132.5,2020＝100
202407,생산지수(원지수),대구광역시,자동차 및 트레일러 제조업,,,131.6,2020＝100
202408,생산지수(원지수),대구광역시,자동차 및 트레일러 제조업,,,133.9,2020＝100
202409,생산지수(원지수),대구광역시,자동차 및 트레일러 제조업,,,124.2,2020＝100
202410,생산지수(원지수),대구광역시,자동차 및 트레일러 제조업,,,145.6,2020＝100
202411,생산지수(원지수),대구광역시,자동차 및 트레일러 제조업,,,136.5,2020＝100
202412,생산지수(원지수),대구광역시,자동차 및 트레일러 제조업,,,140.1,2020＝100
202401,생산자제품 출하지수(원지수),대구광역시,자동차 및 트레일러 제조업,,,134.4,2020＝100
202402,생산자제품 출하지수(원지수),대구광역시,자동차 및 트레일러 제조업,,,118.4,2020＝100
202403,생산자제품 출하지수(원지수),대구광역시,자동차 및 트레일러 제조업,,,132.9,2020＝100
202404,생산자제품 출하지수(원지수),대구광역시,자동차 및 트레일러 제조업,,,142.9,2020＝100
202405,생산자제품 출하지수(원지수),대구광역시,자동차 및 트레일러 제조업,,,139.2,2020＝100
202406,생산자제품 출하지수(원지수),대구광역시,자동차 및 트레일러 제조업,,,132,2020＝100
202407,생산자제품 출하지수(원지수),대구광역시,자동차 및 트레일러 제조업,,,130.7,2020＝100
202408,생산자제품 출하지수(원지수),대구광역시,자동차 및 트레일러 제조업,,,133,2020＝100
202409,생산자제품 출하지수(원지수),대구광역시,자동차 및 트레일러 제조업,,,125.7,2020＝100
202410,생산자제품 출하지수(원지수),대구광역시,자동차 및 트레일러 제조업,,,144.1,2020＝100
202411,생산자제품 출하지수(원지수),대구광역시,자동차 및 트레일러 제조업,,,135.1,2020＝100
202412,생산자제품 출하지수(원지수),대구광역시,자동차 및 트레일러 제조업,,,141,2020＝100
202401,생산자제품 재고지수(원지수),대구광역시,자동차 및 트레일러 제조업,,,126.3,2020＝100
202402,생산자제품 재고지수(원지수),대구광역시,자동차 및 트레일러 제조업,,,126.3,2020＝100
202403,생산자제품 재고지수(원지수),대구광역시,자동차 및 트레일러 제조업,,,128.3,2020＝100
202404,생산자제품 재고지수(원지수),대구광역시,자동차 및 트레일러 제조업,,,124.7,2020＝100
202405,생산자제품 재고지수(원지수),대구광역시,자동차 및 트레일러 제조업,,,124.2,2020＝100
202406,생산자제품 재고지수(원지수),대구광역시,자동차 및 트레일러 제조업,,,124.9,2020＝100
202407,생산자제품 재고지수(원지수),대구광역시,자동차 및 트레일러 제조업,,,126.9,2020＝100
202408,생산자제품 재고지수(원지수),대구광역시,자동차 및 트레일러 제조업,,,129.6,2020＝100
202409,생산자제품 재고지수(원지수),대구광역시,자동차 및 트레일러 제조업,,,120.5,2020＝100
202410,생산자제품 재고지수(원지수),대구광역시,자동차 및 트레일러 제조업,,,128.6,2020＝100
202411,생산자제품 재고지수(원지수),대구광역시,자동차 및 트레일러 제조업,,,133.2,2020＝100
202412,생산자제품 재고지수(원지수),대구광역시,자동차 및 트레일러 제조업,,,127,2020＝100
202401,생산지수(원지수),대구광역시,가구 제조업,,,101.1,2020＝100
202402,생산지수(원지수),대구광역시,가구 제조업,,,80.6,2020＝100
202403,생산지수(원지수),대구광역시,가구 제조업,,,61.6,2020＝100
202404,생산지수(원지수),대구광역시,가구 제조업,,,112.3,2020＝100
202405,생산지수(원지수),대구광역시,가구 제조업,,,91.9,2020＝100
202406,생산지수(원지수),대구광역시,가구 제조업,,,114.1,2020＝100
202407,생산지수(원지수),대구광역시,가구 제조업,,,110.7,2020＝100
202408,생산지수(원지수),대구광역시,가구 제조업,,,113,2020＝100
202409,생산지수(원지수),대구광역시,가구 제조업,,,68.9,2020＝100
202410,생산지수(원지수),대구광역시,가구 제조업,,,107.1,2020＝100
202411,생산지수(원지수),대구광역시,가구 제조업,,,85.5,2020＝100
202412,생산지수(원지수),대구광역시,가구 제조업,,,52.3,2020＝100
202401,생산자제품 출하지수(원지수),대구광역시,가구 제조업,,,101.6,2020＝100
202402,생산자제품 출하지수(원지수),대구광역시,가구 제조업,,,84.4,2020＝100
202403,생산자제품 출하지수(원지수),대구광역시,가구 제조업,,,78.7,2020＝100
202404,생산자제품 출하지수(원지수),대구광역시,가구 제조업,,,114.6,2020＝100
202405,생산자제품 출하지수(원지수),대구광역시,가구 제조업,,,86.4,2020＝100
202406,생산자제품 출하지수(원지수),대구광역시,가구 제조업,,,134.4,2020＝100
202407,생산자제품 출하지수(원지수),대구광역시,가구 제조업,,,111.4,2020＝100
202408,생산자제품 출하지수(원지수),대구광역시,가구 제조업,,,126.5,2020＝100
202409,생산자제품 출하지수(원지수),대구광역시,가구 제조업,,,69.3,2020＝100
202410,생산자제품 출하지수(원지수),대구광역시,가구 제조업,,,113.6,2020＝100
202411,생산자제품 출하지수(원지수),대구광역시,가구 제조업,,,86.1,2020＝100
202412,생산자제품 출하지수(원지수),대구광역시,가구 제조업,,,52.7,2020＝100
202401,생산지수(원지수),대구광역시,기타 제품 제조업,,,200.5,2020＝100
202402,생산지수(원지수),대구광역시,기타 제품 제조업,,,211.9,2020＝100
202403,생산지수(원지수),대구광역시,기타 제품 제조업,,,187.6,2020＝100
202404,생산지수(원지수),대구광역시,기타 제품 제조업,,,231.7,2020＝100
202405,생산지수(원지수),대구광역시,기타 제품 제조업,,,178.1,2020＝100
202406,생산지수(원지수),대구광역시,기타 제품 제조업,,,233.6,2020＝100
202407,생산지수(원지수),대구광역시,기타 제품 제조업,,,184,2020＝100
202408,생산지수(원지수),대구광역시,기타 제품 제조업,,,174.9,2020＝100
202409,생산지수(원지수),대구광역시,기타 제품 제조업,,,176.7,2020＝100
202410,생산지수(원지수),대구광역시,기타 제품 제조업,,,175.3,2020＝100
202411,생산지수(원지수),대구광역시,기타 제품 제조업,,,212.3,2020＝100
202412,생산지수(원지수),대구광역시,기타 제품 제조업,,,288.5,2020＝100
202401,생산자제품 출하지수(원지수),대구광역시,기타 제품 제조업,,,200.4,2020＝100
202402,생산자제품 출하지수(원지수),대구광역시,기타 제품 제조업,,,211.7,2020＝100
202403,생산자제품 출하지수(원지수),대구광역시,기타 제품 제조업,,,187.5,2020＝100
202404,생산자제품 출하지수(원지수),대구광역시,기타 제품 제조업,,,231.5,2020＝100
202405,생산자제품 출하지수(원지수),대구광역시,기타 제품 제조업,,,178,2020＝100
202406,생산자제품 출하지수(원지수),대구광역시,기타 제품 제조업,,,233.5,2020＝100
202407,생산자제품 출하지수(원지수),대구광역시,기타 제품 제조업,,,183.9,2020＝100
202408,생산자제품 출하지수(원지수),대구광역시,기타 제품 제조업,,,174.9,2020＝100
202409,생산자제품 출하지수(원지수),대구광역시,기타 제품 제조업,,,176.6,2020＝100
202410,생산자제품 출하지수(원지수),대구광역시,기타 제품 제조업,,,175.2,2020＝100
202411,생산자제품 출하지수(원지수),대구광역시,기타 제품 제조업,,,212.2,2020＝100
202412,생산자제품 출하지수(원지수),대구광역시,기타 제품 제조업,,,288.4,2020＝100
202401,생산자제품 재고지수(원지수),대구광역시,기타 제품 제조업,,,92.6,2020＝100
202402,생산자제품 재고지수(원지수),대구광역시,기타 제품 제조업,,,92.6,2020＝100
202403,생산자제품 재고지수(원지수),대구광역시,기타 제품 제조업,,,92.6,2020＝100
202404,생산자제품 재고지수(원지수),대구광역시,기타 제품 제조업,,,92.6,2020＝100
202405,생산자제품 재고지수(원지수),대구광역시,기타 제품 제조업,,,92.6,2020＝100
202406,생산자제품 재고지수(원지수),대구광역시,기타 제품 제조업,,,92.6,2020＝100
202407,생산자제품 재고지수(원지수),대구광역시,기타 제품 제조업,,,92.6,2020＝100
202408,생산자제품 재고지수(원지수),대구광역시,기타 제품 제조업,,,92.6,2020＝100
202409,생산자제품 재고지수(원지수),대구광역시,기타 제품 제조업,,,92.6,2020＝100
202410,생산자제품 재고지수(원지수),대구광역시,기타 제품 제조업,,,92.6,2020＝100
202411,생산자제품 재고지수(원지수),대구광역시,기타 제품 제조업,,,92.6,2020＝100
202412,생산자제품 재고지수(원지수),대구광역시,기타 제품 제조업,,,92.6,2020＝100
202401,생산지수(원지수),대구광역시,전기업 및 가스업,,,131.3,2020＝100
202402,생산지수(원지수),대구광역시,전기업 및 가스업,,,112.7,2020＝100
202403,생산지수(원지수),대구광역시,전기업 및 가스업,,,122,2020＝100
202404,생산지수(원지수),대구광역시,전기업 및 가스업,,,94.9,2020＝100
202405,생산지수(원지수),대구광역시,전기업 및 가스업,,,88.5,2020＝100
202406,생산지수(원지수),대구광역시,전기업 및 가스업,,,85.5,2020＝100
202407,생산지수(원지수),대구광역시,전기업 및 가스업,,,80.3,2020＝100
202408,생산지수(원지수),대구광역시,전기업 및 가스업,,,90.2,2020＝100
202409,생산지수(원지수),대구광역시,전기업 및 가스업,,,83,2020＝100
202410,생산지수(원지수),대구광역시,전기업 및 가스업,,,125,2020＝100
202411,생산지수(원지수),대구광역시,전기업 및 가스업,,,131.2,2020＝100
202412,생산지수(원지수),대구광역시,전기업 및 가스업,,,154.9,2020＝100
202401,생산자제품 출하지수(원지수),대구광역시,전기업 및 가스업,,,130.4,2020＝100
202402,생산자제품 출하지수(원지수),대구광역시,전기업 및 가스업,,,109.6,2020＝100
202403,생산자제품 출하지수(원지수),대구광역시,전기업 및 가스업,,,120.8,2020＝100
202404,생산자제품 출하지수(원지수),대구광역시,전기업 및 가스업,,,92.7,2020＝100
202405,생산자제품 출하지수(원지수),대구광역시,전기업 및 가스업,,,88.6,2020＝100
202406,생산자제품 출하지수(원지수),대구광역시,전기업 및 가스업,,,86,2020＝100
202407,생산자제품 출하지수(원지수),대구광역시,전기업 및 가스업,,,81.2,2020＝100
202408,생산자제품 출하지수(원지수),대구광역시,전기업 및 가스업,,,90.9,2020＝100
202409,생산자제품 출하지수(원지수),대구광역시,전기업 및 가스업,,,82.9,2020＝100
202410,생산자제품 출하지수(원지수),대구광역시,전기업 및 가스업,,,126.2,2020＝100
202411,생산자제품 출하지수(원지수),대구광역시,전기업 및 가스업,,,132.8,2020＝100
202412,생산자제품 출하지수(원지수),대구광역시,전기업 및 가스업,,,157.4,2020＝100
202401,생산지수(계절조정),대구광역시,전기업 및 가스업,,,93.5,2020＝100
202402,생산지수(계절조정),대구광역시,전기업 및 가스업,,,88.2,2020＝100
202403,생산지수(계절조정),대구광역시,전기업 및 가스업,,,95.7,2020＝100
202404,생산지수(계절조정),대구광역시,전기업 및 가스업,,,96.2,2020＝100
202405,생산지수(계절조정),대구광역시,전기업 및 가스업,,,99.2,2020＝100
202406,생산지수(계절조정),대구광역시,전기업 및 가스업,,,104.3,2020＝100
202407,생산지수(계절조정),대구광역시,전기업 및 가스업,,,101.2,2020＝100
202408,생산지수(계절조정),대구광역시,전기업 및 가스업,,,122.9,2020＝100
202409,생산지수(계절조정),대구광역시,전기업 및 가스업,,,117.7,2020＝100
202410,생산지수(계절조정),대구광역시,전기업 및 가스업,,,136.1,2020＝100
202411,생산지수(계절조정),대구광역시,전기업 및 가스업,,,130.7,2020＝100
202412,생산지수(계절조정),대구광역시,전기업 및 가스업,,,129.5,2020＝100
202401,생산자제품 출하지수(계절조정),대구광역시,전기업 및 가스업,,,91.9,2020＝100
202402,생산자제품 출하지수(계절조정),대구광역시,전기업 및 가스업,,,85.5,2020＝100
202403,생산자제품 출하지수(계절조정),대구광역시,전기업 및 가스업,,,96.4,2020＝100
202404,생산자제품 출하지수(계절조정),대구광역시,전기업 및 가스업,,,94.8,2020＝100
202405,생산자제품 출하지수(계절조정),대구광역시,전기업 및 가스업,,,101,2020＝100
202406,생산자제품 출하지수(계절조정),대구광역시,전기업 및 가스업,,,112.9,2020＝100
202407,생산자제품 출하지수(계절조정),대구광역시,전기업 및 가스업,,,99.1,2020＝100
202408,생산자제품 출하지수(계절조정),대구광역시,전기업 및 가스업,,,127.1,2020＝100
202409,생산자제품 출하지수(계절조정),대구광역시,전기업 및 가스업,,,120.6,2020＝100
202410,생산자제품 출하지수(계절조정),대구광역시,전기업 및 가스업,,,132.9,2020＝100
202411,생산자제품 출하지수(계절조정),대구광역시,전기업 및 가스업,,,128.6,2020＝100
202412,생산자제품 출하지수(계절조정),대구광역시,전기업 및 가스업,,,128.7,2020＝100
202401,생산지수(원지수),대구광역시,전기 가스 증기 및 공기 조절 공급업,,,131.3,2020＝100
202402,생산지수(원지수),대구광역시,전기 가스 증기 및 공기 조절 공급업,,,112.7,2020＝100
202403,생산지수(원지수),대구광역시,전기 가스 증기 및 공기 조절 공급업,,,122,2020＝100
202404,생산지수(원지수),대구광역시,전기 가스 증기 및 공기 조절 공급업,,,94.9,2020＝100
202405,생산지수(원지수),대구광역시,전기 가스 증기 및 공기 조절 공급업,,,88.5,2020＝100
202406,생산지수(원지수),대구광역시,전기 가스 증기 및 공기 조절 공급업,,,85.5,2020＝100
202407,생산지수(원지수),대구광역시,전기 가스 증기 및 공기 조절 공급업,,,80.3,2020＝100
202408,생산지수(원지수),대구광역시,전기 가스 증기 및 공기 조절 공급업,,,90.2,2020＝100
202409,생산지수(원지수),대구광역시,전기 가스 증기 및 공기 조절 공급업,,,83,2020＝100
202410,생산지수(원지수),대구광역시,전기 가스 증기 및 공기 조절 공급업,,,125,2020＝100
202411,생산지수(원지수),대구광역시,전기 가스 증기 및 공기 조절 공급업,,,131.2,2020＝100
202412,생산지수(원지수),대구광역시,전기 가스 증기 및 공기 조절 공급업,,,154.9,2020＝100
202401,생산자제품 출하지수(원지수),대구광역시,전기 가스 증기 및 공기 조절 공급업,,,130.4,2020＝100
202402,생산자제품 출하지수(원지수),대구광역시,전기 가스 증기 및 공기 조절 공급업,,,109.6,2020＝100
202403,생산자제품 출하지수(원지수),대구광역시,전기 가스 증기 및 공기 조절 공급업,,,120.8,2020＝100
202404,생산자제품 출하지수(원지수),대구광역시,전기 가스 증기 및 공기 조절 공급업,,,92.7,2020＝100
202405,생산자제품 출하지수(원지수),대구광역시,전기 가스 증기 및 공기 조절 공급업,,,88.6,2020＝100
202406,생산자제품 출하지수(원지수),대구광역시,전기 가스 증기 및 공기 조절 공급업,,,86,2020＝100
202407,생산자제품 출하지수(원지수),대구광역시,전기 가스 증기 및 공기 조절 공급업,,,81.2,2020＝100
202408,생산자제품 출하지수(원지수),대구광역시,전기 가스 증기 및 공기 조절 공급업,,,90.9,2020＝100
202409,생산자제품 출하지수(원지수),대구광역시,전기 가스 증기 및 공기 조절 공급업,,,82.9,2020＝100
202410,생산자제품 출하지수(원지수),대구광역시,전기 가스 증기 및 공기 조절 공급업,,,126.2,2020＝100
202411,생산자제품 출하지수(원지수),대구광역시,전기 가스 증기 및 공기 조절 공급업,,,132.8,2020＝100
202412,생산자제품 출하지수(원지수),대구광역시,전기 가스 증기 및 공기 조절 공급업,,,157.4,2020＝100
202501,생산지수(원지수),대구광역시,총지수,,,105,2020＝100
202502,생산지수(원지수),대구광역시,총지수,,,114.3,2020＝100
202503,생산지수(원지수),대구광역시,총지수,,,119.7,2020＝100
202504,생산지수(원지수),대구광역시,총지수,,,125.2,2020＝100
202505,생산지수(원지수),대구광역시,총지수,,,117.5,2020＝100
202506,생산지수(원지수),대구광역시,총지수,,,118.9,2020＝100
202507,생산지수(원지수),대구광역시,총지수,,,117.8,2020＝100
202508,생산지수(원지수),대구광역시,총지수,,,109.8,2020＝100
202509,생산지수(원지수),대구광역시,총지수,,,123.6,2020＝100
202510,생산지수(원지수),대구광역시,총지수,,,103.8,2020＝100
202511,생산지수(원지수),대구광역시,총지수,,,120.2,2020＝100
202512,생산지수(원지수),대구광역시,총지수,,,125.1,2020＝100
202501,생산자제품 출하지수(원지수),대구광역시,총지수,,,105.4,2020＝100
202502,생산자제품 출하지수(원지수),대구광역시,총지수,,,114.6,2020＝100
202503,생산자제품 출하지수(원지수),대구광역시,총지수,,,122.7,2020＝100
202504,생산자제품 출하지수(원지수),대구광역시,총지수,,,130.7,2020＝100
202505,생산자제품 출하지수(원지수),대구광역시,총지수,,,119.2,2020＝100
202506,생산자제품 출하지수(원지수),대구광역시,총지수,,,120,2020＝100
202507,생산자제품 출하지수(원지수),대구광역시,총지수,,,119.2,2020＝100
202508,생산자제품 출하지수(원지수),대구광역시,총지수,,,109.6,2020＝100
202509,생산자제품 출하지수(원지수),대구광역시,총지수,,,130.1,2020＝100
202510,생산자제품 출하지수(원지수),대구광역시,총지수,,,108.6,2020＝100
202511,생산자제품 출하지수(원지수),대구광역시,총지수,,,120.7,2020＝100
202512,생산자제품 출하지수(원지수),대구광역시,총지수,,,131.3,2020＝100
202501,생산자제품 재고지수(원지수),대구광역시,총지수,,,166,2020＝100
202502,생산자제품 재고지수(원지수),대구광역시,총지수,,,168,2020＝100
202503,생산자제품 재고지수(원지수),대구광역시,총지수,,,162,2020＝100
202504,생산자제품 재고지수(원지수),대구광역시,총지수,,,163.4,2020＝100
202505,생산자제품 재고지수(원지수),대구광역시,총지수,,,170.2,2020＝100
202506,생산자제품 재고지수(원지수),대구광역시,총지수,,,175.1,2020＝100
202507,생산자제품 재고지수(원지수),대구광역시,총지수,,,171.8,2020＝100
202508,생산자제품 재고지수(원지수),대구광역시,총지수,,,182.1,2020＝100
202509,생산자제품 재고지수(원지수),대구광역시,총지수,,,175.5,2020＝100
202510,생산자제품 재고지수(원지수),대구광역시,총지수,,,171.3,2020＝100
202511,생산자제품 재고지수(원지수),대구광역시,총지수,,,171.6,2020＝100
202512,생산자제품 재고지수(원지수),대구광역시,총지수,,,168.3,2020＝100
202501,생산지수(계절조정),대구광역시,총지수,,,113.8,2020＝100
202502,생산지수(계절조정),대구광역시,총지수,,,115.7,2020＝100
202503,생산지수(계절조정),대구광역시,총지수,,,115.5,2020＝100
202504,생산지수(계절조정),대구광역시,총지수,,,117.4,2020＝100
202505,생산지수(계절조정),대구광역시,총지수,,,114.4,2020＝100
202506,생산지수(계절조정),대구광역시,총지수,,,121.2,2020＝100
202507,생산지수(계절조정),대구광역시,총지수,,,121.6,2020＝100
202508,생산지수(계절조정),대구광역시,총지수,,,122.7,2020＝100
202509,생산지수(계절조정),대구광역시,총지수,,,120.7,2020＝100
202510,생산지수(계절조정),대구광역시,총지수,,,107.5,2020＝100
202511,생산지수(계절조정),대구광역시,총지수,,,118.6,2020＝100
202512,생산지수(계절조정),대구광역시,총지수,,,121.8,2020＝100
202501,생산자제품 출하지수(계절조정),대구광역시,총지수,,,114.9,2020＝100
202502,생산자제품 출하지수(계절조정),대구광역시,총지수,,,118.5,2020＝100
202503,생산자제품 출하지수(계절조정),대구광역시,총지수,,,117.2,2020＝100
202504,생산자제품 출하지수(계절조정),대구광역시,총지수,,,122.1,2020＝100
202505,생산자제품 출하지수(계절조정),대구광역시,총지수,,,117.3,2020＝100
202506,생산자제품 출하지수(계절조정),대구광역시,총지수,,,123.7,2020＝100
202507,생산자제품 출하지수(계절조정),대구광역시,총지수,,,120.9,2020＝100
202508,생산자제품 출하지수(계절조정),대구광역시,총지수,,,122.1,2020＝100
202509,생산자제품 출하지수(계절조정),대구광역시,총지수,,,125.9,2020＝100
202510,생산자제품 출하지수(계절조정),대구광역시,총지수,,,114.7,2020＝100
202511,생산자제품 출하지수(계절조정),대구광역시,총지수,,,120,2020＝100
202512,생산자제품 출하지수(계절조정),대구광역시,총지수,,,124.4,2020＝100
202501,생산자제품 재고지수(계절조정),대구광역시,총지수,,,165.2,2020＝100
202502,생산자제품 재고지수(계절조정),대구광역시,총지수,,,165.8,2020＝100
202503,생산자제품 재고지수(계절조정),대구광역시,총지수,,,164.1,2020＝100
202504,생산자제품 재고지수(계절조정),대구광역시,총지수,,,166.5,2020＝100
202505,생산자제품 재고지수(계절조정),대구광역시,총지수,,,172.3,2020＝100
202506,생산자제품 재고지수(계절조정),대구광역시,총지수,,,175.5,2020＝100
202507,생산자제품 재고지수(계절조정),대구광역시,총지수,,,170.2,2020＝100
202508,생산자제품 재고지수(계절조정),대구광역시,총지수,,,177.9,2020＝100
202509,생산자제품 재고지수(계절조정),대구광역시,총지수,,,175.4,2020＝100
202510,생산자제품 재고지수(계절조정),대구광역시,총지수,,,171.8,2020＝100
202511,생산자제품 재고지수(계절조정),대구광역시,총지수,,,170,2020＝100
202512,생산자제품 재고지수(계절조정),대구광역시,총지수,,,170.1,2020＝100
202501,생산지수(원지수),대구광역시,광업 및 제조업,,,101.9,2020＝100
202502,생산지수(원지수),대구광역시,광업 및 제조업,,,111.5,2020＝100
202503,생산지수(원지수),대구광역시,광업 및 제조업,,,117.6,2020＝100
202504,생산지수(원지수),대구광역시,광업 및 제조업,,,124.2,2020＝100
202505,생산지수(원지수),대구광역시,광업 및 제조업,,,118.3,2020＝100
202506,생산지수(원지수),대구광역시,광업 및 제조업,,,119.7,2020＝100
202507,생산지수(원지수),대구광역시,광업 및 제조업,,,115.9,2020＝100
202508,생산지수(원지수),대구광역시,광업 및 제조업,,,108.7,2020＝100
202509,생산지수(원지수),대구광역시,광업 및 제조업,,,124,2020＝100
202510,생산지수(원지수),대구광역시,광업 및 제조업,,,102.8,2020＝100
202511,생산지수(원지수),대구광역시,광업 및 제조업,,,120.7,2020＝100
202512,생산지수(원지수),대구광역시,광업 및 제조업,,,124.4,2020＝100
202501,생산자제품 출하지수(원지수),대구광역시,광업 및 제조업,,,103.4,2020＝100
202502,생산자제품 출하지수(원지수),대구광역시,광업 및 제조업,,,112.8,2020＝100
202503,생산자제품 출하지수(원지수),대구광역시,광업 및 제조업,,,121.5,2020＝100
202504,생산자제품 출하지수(원지수),대구광역시,광업 및 제조업,,,130.2,2020＝100
202505,생산자제품 출하지수(원지수),대구광역시,광업 및 제조업,,,119.8,2020＝100
202506,생산자제품 출하지수(원지수),대구광역시,광업 및 제조업,,,120.6,2020＝100
202507,생산자제품 출하지수(원지수),대구광역시,광업 및 제조업,,,118,2020＝100
202508,생산자제품 출하지수(원지수),대구광역시,광업 및 제조업,,,108.9,2020＝100
202509,생산자제품 출하지수(원지수),대구광역시,광업 및 제조업,,,130.5,2020＝100
202510,생산자제품 출하지수(원지수),대구광역시,광업 및 제조업,,,108.1,2020＝100
202511,생산자제품 출하지수(원지수),대구광역시,광업 및 제조업,,,121,2020＝100
202512,생산자제품 출하지수(원지수),대구광역시,광업 및 제조업,,,130.9,2020＝100
202501,생산자제품 재고지수(원지수),대구광역시,광업 및 제조업,,,166,2020＝100
202502,생산자제품 재고지수(원지수),대구광역시,광업 및 제조업,,,168,2020＝100
202503,생산자제품 재고지수(원지수),대구광역시,광업 및 제조업,,,162,2020＝100
202504,생산자제품 재고지수(원지수),대구광역시,광업 및 제조업,,,163.4,2020＝100
202505,생산자제품 재고지수(원지수),대구광역시,광업 및 제조업,,,170.2,2020＝100
202506,생산자제품 재고지수(원지수),대구광역시,광업 및 제조업,,,175.1,2020＝100
202507,생산자제품 재고지수(원지수),대구광역시,광업 및 제조업,,,171.8,2020＝100
202508,생산자제품 재고지수(원지수),대구광역시,광업 및 제조업,,,182.1,2020＝100
202509,생산자제품 재고지수(원지수),대구광역시,광업 및 제조업,,,175.5,2020＝100
202510,생산자제품 재고지수(원지수),대구광역시,광업 및 제조업,,,171.3,2020＝100
202511,생산자제품 재고지수(원지수),대구광역시,광업 및 제조업,,,171.6,2020＝100
202512,생산자제품 재고지수(원지수),대구광역시,광업 및 제조업,,,168.3,2020＝100
202501,생산지수(계절조정),대구광역시,광업 및 제조업,,,112.8,2020＝100
202502,생산지수(계절조정),대구광역시,광업 및 제조업,,,114.7,2020＝100
202503,생산지수(계절조정),대구광역시,광업 및 제조업,,,114.6,2020＝100
202504,생산지수(계절조정),대구광역시,광업 및 제조업,,,116,2020＝100
202505,생산지수(계절조정),대구광역시,광업 및 제조업,,,114.6,2020＝100
202506,생산지수(계절조정),대구광역시,광업 및 제조업,,,121.2,2020＝100
202507,생산지수(계절조정),대구광역시,광업 및 제조업,,,118.2,2020＝100
202508,생산지수(계절조정),대구광역시,광업 및 제조업,,,120.1,2020＝100
202509,생산지수(계절조정),대구광역시,광업 및 제조업,,,119.8,2020＝100
202510,생산지수(계절조정),대구광역시,광업 및 제조업,,,105.7,2020＝100
202511,생산지수(계절조정),대구광역시,광업 및 제조업,,,119.1,2020＝100
202512,생산지수(계절조정),대구광역시,광업 및 제조업,,,121.9,2020＝100
202501,생산자제품 출하지수(계절조정),대구광역시,광업 및 제조업,,,114.3,2020＝100
202502,생산자제품 출하지수(계절조정),대구광역시,광업 및 제조업,,,117.9,2020＝100
202503,생산자제품 출하지수(계절조정),대구광역시,광업 및 제조업,,,116.6,2020＝100
202504,생산자제품 출하지수(계절조정),대구광역시,광업 및 제조업,,,121.4,2020＝100
202505,생산자제품 출하지수(계절조정),대구광역시,광업 및 제조업,,,117.4,2020＝100
202506,생산자제품 출하지수(계절조정),대구광역시,광업 및 제조업,,,123.5,2020＝100
202507,생산자제품 출하지수(계절조정),대구광역시,광업 및 제조업,,,118.8,2020＝100
202508,생산자제품 출하지수(계절조정),대구광역시,광업 및 제조업,,,120.3,2020＝100
202509,생산자제품 출하지수(계절조정),대구광역시,광업 및 제조업,,,125.3,2020＝100
202510,생산자제품 출하지수(계절조정),대구광역시,광업 및 제조업,,,113.9,2020＝100
202511,생산자제품 출하지수(계절조정),대구광역시,광업 및 제조업,,,120.4,2020＝100
202512,생산자제품 출하지수(계절조정),대구광역시,광업 및 제조업,,,124.6,2020＝100
202501,생산자제품 재고지수(계절조정),대구광역시,광업 및 제조업,,,165.2,2020＝100
202502,생산자제품 재고지수(계절조정),대구광역시,광업 및 제조업,,,165.8,2020＝100
202503,생산자제품 재고지수(계절조정),대구광역시,광업 및 제조업,,,164.1,2020＝100
202504,생산자제품 재고지수(계절조정),대구광역시,광업 및 제조업,,,166.5,2020＝100
202505,생산자제품 재고지수(계절조정),대구광역시,광업 및 제조업,,,172.3,2020＝100
202506,생산자제품 재고지수(계절조정),대구광역시,광업 및 제조업,,,175.5,2020＝100
202507,생산자제품 재고지수(계절조정),대구광역시,광업 및 제조업,,,170.2,2020＝100
202508,생산자제품 재고지수(계절조정),대구광역시,광업 및 제조업,,,177.9,2020＝100
202509,생산자제품 재고지수(계절조정),대구광역시,광업 및 제조업,,,175.4,2020＝100
202510,생산자제품 재고지수(계절조정),대구광역시,광업 및 제조업,,,171.8,2020＝100
202511,생산자제품 재고지수(계절조정),대구광역시,광업 및 제조업,,,170,2020＝100
202512,생산자제품 재고지수(계절조정),대구광역시,광업 및 제조업,,,170.1,2020＝100
202501,생산지수(원지수),대구광역시,제조업,,,101.9,2020＝100
202502,생산지수(원지수),대구광역시,제조업,,,111.5,2020＝100
202503,생산지수(원지수),대구광역시,제조업,,,117.6,2020＝100
202504,생산지수(원지수),대구광역시,제조업,,,124.2,2020＝100
202505,생산지수(원지수),대구광역시,제조업,,,118.3,2020＝100
202506,생산지수(원지수),대구광역시,제조업,,,119.7,2020＝100
202507,생산지수(원지수),대구광역시,제조업,,,115.9,2020＝100
202508,생산지수(원지수),대구광역시,제조업,,,108.7,2020＝100
202509,생산지수(원지수),대구광역시,제조업,,,124,2020＝100
202510,생산지수(원지수),대구광역시,제조업,,,102.8,2020＝100
202511,생산지수(원지수),대구광역시,제조업,,,120.7,2020＝100
202512,생산지수(원지수),대구광역시,제조업,,,124.4,2020＝100
202501,생산자제품 출하지수(원지수),대구광역시,제조업,,,103.4,2020＝100
202502,생산자제품 출하지수(원지수),대구광역시,제조업,,,112.8,2020＝100
202503,생산자제품 출하지수(원지수),대구광역시,제조업,,,121.5,2020＝100
202504,생산자제품 출하지수(원지수),대구광역시,제조업,,,130.2,2020＝100
202505,생산자제품 출하지수(원지수),대구광역시,제조업,,,119.8,2020＝100
202506,생산자제품 출하지수(원지수),대구광역시,제조업,,,120.6,2020＝100
202507,생산자제품 출하지수(원지수),대구광역시,제조업,,,118,2020＝100
202508,생산자제품 출하지수(원지수),대구광역시,제조업,,,108.9,2020＝100
202509,생산자제품 출하지수(원지수),대구광역시,제조업,,,130.5,2020＝100
202510,생산자제품 출하지수(원지수),대구광역시,제조업,,,108.1,2020＝100
202511,생산자제품 출하지수(원지수),대구광역시,제조업,,,121,2020＝100
202512,생산자제품 출하지수(원지수),대구광역시,제조업,,,130.9,2020＝100
202501,생산자제품 재고지수(원지수),대구광역시,제조업,,,166,2020＝100
202502,생산자제품 재고지수(원지수),대구광역시,제조업,,,168,2020＝100
202503,생산자제품 재고지수(원지수),대구광역시,제조업,,,162,2020＝100
202504,생산자제품 재고지수(원지수),대구광역시,제조업,,,163.4,2020＝100
202505,생산자제품 재고지수(원지수),대구광역시,제조업,,,170.2,2020＝100
202506,생산자제품 재고지수(원지수),대구광역시,제조업,,,175.1,2020＝100
202507,생산자제품 재고지수(원지수),대구광역시,제조업,,,171.8,2020＝100
202508,생산자제품 재고지수(원지수),대구광역시,제조업,,,182.1,2020＝100
202509,생산자제품 재고지수(원지수),대구광역시,제조업,,,175.5,2020＝100
202510,생산자제품 재고지수(원지수),대구광역시,제조업,,,171.3,2020＝100
202511,생산자제품 재고지수(원지수),대구광역시,제조업,,,171.6,2020＝100
202512,생산자제품 재고지수(원지수),대구광역시,제조업,,,168.3,2020＝100
202501,생산지수(계절조정),대구광역시,제조업,,,112.8,2020＝100
202502,생산지수(계절조정),대구광역시,제조업,,,114.7,2020＝100
202503,생산지수(계절조정),대구광역시,제조업,,,114.6,2020＝100
202504,생산지수(계절조정),대구광역시,제조업,,,116,2020＝100
202505,생산지수(계절조정),대구광역시,제조업,,,114.6,2020＝100
202506,생산지수(계절조정),대구광역시,제조업,,,121.2,2020＝100
202507,생산지수(계절조정),대구광역시,제조업,,,118.2,2020＝100
202508,생산지수(계절조정),대구광역시,제조업,,,120.1,2020＝100
202509,생산지수(계절조정),대구광역시,제조업,,,119.8,2020＝100
202510,생산지수(계절조정),대구광역시,제조업,,,105.7,2020＝100
202511,생산지수(계절조정),대구광역시,제조업,,,119.1,2020＝100
202512,생산지수(계절조정),대구광역시,제조업,,,121.9,2020＝100
202501,생산자제품 출하지수(계절조정),대구광역시,제조업,,,114.3,2020＝100
202502,생산자제품 출하지수(계절조정),대구광역시,제조업,,,117.9,2020＝100
202503,생산자제품 출하지수(계절조정),대구광역시,제조업,,,116.6,2020＝100
202504,생산자제품 출하지수(계절조정),대구광역시,제조업,,,121.4,2020＝100
202505,생산자제품 출하지수(계절조정),대구광역시,제조업,,,117.4,2020＝100
202506,생산자제품 출하지수(계절조정),대구광역시,제조업,,,123.5,2020＝100
202507,생산자제품 출하지수(계절조정),대구광역시,제조업,,,118.8,2020＝100
202508,생산자제품 출하지수(계절조정),대구광역시,제조업,,,120.3,2020＝100
202509,생산자제품 출하지수(계절조정),대구광역시,제조업,,,125.3,2020＝100
202510,생산자제품 출하지수(계절조정),대구광역시,제조업,,,113.9,2020＝100
202511,생산자제품 출하지수(계절조정),대구광역시,제조업,,,120.4,2020＝100
202512,생산자제품 출하지수(계절조정),대구광역시,제조업,,,124.6,2020＝100
202501,생산자제품 재고지수(계절조정),대구광역시,제조업,,,165.2,2020＝100
202502,생산자제품 재고지수(계절조정),대구광역시,제조업,,,165.8,2020＝100
202503,생산자제품 재고지수(계절조정),대구광역시,제조업,,,164.1,2020＝100
202504,생산자제품 재고지수(계절조정),대구광역시,제조업,,,166.5,2020＝100
202505,생산자제품 재고지수(계절조정),대구광역시,제조업,,,172.3,2020＝100
202506,생산자제품 재고지수(계절조정),대구광역시,제조업,,,175.5,2020＝100
202507,생산자제품 재고지수(계절조정),대구광역시,제조업,,,170.2,2020＝100
202508,생산자제품 재고지수(계절조정),대구광역시,제조업,,,177.9,2020＝100
202509,생산자제품 재고지수(계절조정),대구광역시,제조업,,,175.4,2020＝100
202510,생산자제품 재고지수(계절조정),대구광역시,제조업,,,171.8,2020＝100
202511,생산자제품 재고지수(계절조정),대구광역시,제조업,,,170,2020＝100
202512,생산자제품 재고지수(계절조정),대구광역시,제조업,,,170.1,2020＝100
202501,생산지수(원지수),대구광역시,식료품 제조업,,,80.2,2020＝100
202502,생산지수(원지수),대구광역시,식료품 제조업,,,73.1,2020＝100
202503,생산지수(원지수),대구광역시,식료품 제조업,,,84.3,2020＝100
202504,생산지수(원지수),대구광역시,식료품 제조업,,,90.1,2020＝100
202505,생산지수(원지수),대구광역시,식료품 제조업,,,82.6,2020＝100
202506,생산지수(원지수),대구광역시,식료품 제조업,,,78.4,2020＝100
202507,생산지수(원지수),대구광역시,식료품 제조업,,,80.3,2020＝100
202508,생산지수(원지수),대구광역시,식료품 제조업,,,80,2020＝100
202509,생산지수(원지수),대구광역시,식료품 제조업,,,85.2,2020＝100
202510,생산지수(원지수),대구광역시,식료품 제조업,,,78.3,2020＝100
202511,생산지수(원지수),대구광역시,식료품 제조업,,,85,2020＝100
202512,생산지수(원지수),대구광역시,식료품 제조업,,,92.2,2020＝100
202501,생산자제품 출하지수(원지수),대구광역시,식료품 제조업,,,69.3,2020＝100
202502,생산자제품 출하지수(원지수),대구광역시,식료품 제조업,,,67.6,2020＝100
202503,생산자제품 출하지수(원지수),대구광역시,식료품 제조업,,,71.7,2020＝100
202504,생산자제품 출하지수(원지수),대구광역시,식료품 제조업,,,78,2020＝100
202505,생산자제품 출하지수(원지수),대구광역시,식료품 제조업,,,77.2,2020＝100
202506,생산자제품 출하지수(원지수),대구광역시,식료품 제조업,,,65.9,2020＝100
202507,생산자제품 출하지수(원지수),대구광역시,식료품 제조업,,,71.1,2020＝100
202508,생산자제품 출하지수(원지수),대구광역시,식료품 제조업,,,68.1,2020＝100
202509,생산자제품 출하지수(원지수),대구광역시,식료품 제조업,,,79.5,2020＝100
202510,생산자제품 출하지수(원지수),대구광역시,식료품 제조업,,,67,2020＝100
202511,생산자제품 출하지수(원지수),대구광역시,식료품 제조업,,,71.5,2020＝100
202512,생산자제품 출하지수(원지수),대구광역시,식료품 제조업,,,80.7,2020＝100
202501,생산자제품 재고지수(원지수),대구광역시,식료품 제조업,,,82.4,2020＝100
202502,생산자제품 재고지수(원지수),대구광역시,식료품 제조업,,,70.2,2020＝100
202503,생산자제품 재고지수(원지수),대구광역시,식료품 제조업,,,67.3,2020＝100
202504,생산자제품 재고지수(원지수),대구광역시,식료품 제조업,,,62.8,2020＝100
202505,생산자제품 재고지수(원지수),대구광역시,식료품 제조업,,,64.1,2020＝100
202506,생산자제품 재고지수(원지수),대구광역시,식료품 제조업,,,72.7,2020＝100
202507,생산자제품 재고지수(원지수),대구광역시,식료품 제조업,,,76.5,2020＝100
202508,생산자제품 재고지수(원지수),대구광역시,식료품 제조업,,,69.1,2020＝100
202509,생산자제품 재고지수(원지수),대구광역시,식료품 제조업,,,75.6,2020＝100
202510,생산자제품 재고지수(원지수),대구광역시,식료품 제조업,,,72.4,2020＝100
202511,생산자제품 재고지수(원지수),대구광역시,식료품 제조업,,,67.3,2020＝100
202512,생산자제품 재고지수(원지수),대구광역시,식료품 제조업,,,72.3,2020＝100
202501,생산지수(원지수),대구광역시,음료 제조업,,,51.9,2020＝100
202502,생산지수(원지수),대구광역시,음료 제조업,,,61.6,2020＝100
202503,생산지수(원지수),대구광역시,음료 제조업,,,70.3,2020＝100
202504,생산지수(원지수),대구광역시,음료 제조업,,,73,2020＝100
202505,생산지수(원지수),대구광역시,음료 제조업,,,53.9,2020＝100
202506,생산지수(원지수),대구광역시,음료 제조업,,,73.9,2020＝100
202507,생산지수(원지수),대구광역시,음료 제조업,,,69.1,2020＝100
202508,생산지수(원지수),대구광역시,음료 제조업,,,63.9,2020＝100
202509,생산지수(원지수),대구광역시,음료 제조업,,,77.1,2020＝100
202510,생산지수(원지수),대구광역시,음료 제조업,,,62.2,2020＝100
202511,생산지수(원지수),대구광역시,음료 제조업,,,56.4,2020＝100
202512,생산지수(원지수),대구광역시,음료 제조업,,,60,2020＝100
202501,생산자제품 출하지수(원지수),대구광역시,음료 제조업,,,58.4,2020＝100
202502,생산자제품 출하지수(원지수),대구광역시,음료 제조업,,,59.2,2020＝100
202503,생산자제품 출하지수(원지수),대구광역시,음료 제조업,,,63.2,2020＝100
202504,생산자제품 출하지수(원지수),대구광역시,음료 제조업,,,78.2,2020＝100
202505,생산자제품 출하지수(원지수),대구광역시,음료 제조업,,,65.2,2020＝100
202506,생산자제품 출하지수(원지수),대구광역시,음료 제조업,,,68.4,2020＝100
202507,생산자제품 출하지수(원지수),대구광역시,음료 제조업,,,67.7,2020＝100
202508,생산자제품 출하지수(원지수),대구광역시,음료 제조업,,,60.5,2020＝100
202509,생산자제품 출하지수(원지수),대구광역시,음료 제조업,,,72.5,2020＝100
202510,생산자제품 출하지수(원지수),대구광역시,음료 제조업,,,54.3,2020＝100
202511,생산자제품 출하지수(원지수),대구광역시,음료 제조업,,,57.3,2020＝100
202512,생산자제품 출하지수(원지수),대구광역시,음료 제조업,,,60.5,2020＝100
202501,생산자제품 재고지수(원지수),대구광역시,음료 제조업,,,93.4,2020＝100
202502,생산자제품 재고지수(원지수),대구광역시,음료 제조업,,,98.1,2020＝100
202503,생산자제품 재고지수(원지수),대구광역시,음료 제조업,,,110.9,2020＝100
202504,생산자제품 재고지수(원지수),대구광역시,음료 제조업,,,105.2,2020＝100
202505,생산자제품 재고지수(원지수),대구광역시,음료 제조업,,,91.7,2020＝100
202506,생산자제품 재고지수(원지수),대구광역시,음료 제조업,,,104.3,2020＝100
202507,생산자제품 재고지수(원지수),대구광역시,음료 제조업,,,108.2,2020＝100
202508,생산자제품 재고지수(원지수),대구광역시,음료 제조업,,,115.7,2020＝100
202509,생산자제품 재고지수(원지수),대구광역시,음료 제조업,,,124,2020＝100
202510,생산자제품 재고지수(원지수),대구광역시,음료 제조업,,,137.5,2020＝100
202511,생산자제품 재고지수(원지수),대구광역시,음료 제조업,,,136.1,2020＝100
202512,생산자제품 재고지수(원지수),대구광역시,음료 제조업,,,135.2,2020＝100
202501,생산지수(원지수),대구광역시,섬유제품 제조업; 의복 제외,,,82.4,2020＝100
202502,생산지수(원지수),대구광역시,섬유제품 제조업; 의복 제외,,,87.8,2020＝100
202503,생산지수(원지수),대구광역시,섬유제품 제조업; 의복 제외,,,94.8,2020＝100
202504,생산지수(원지수),대구광역시,섬유제품 제조업; 의복 제외,,,96,2020＝100
202505,생산지수(원지수),대구광역시,섬유제품 제조업; 의복 제외,,,88.9,2020＝100
202506,생산지수(원지수),대구광역시,섬유제품 제조업; 의복 제외,,,87.2,2020＝100
202507,생산지수(원지수),대구광역시,섬유제품 제조업; 의복 제외,,,90.3,2020＝100
202508,생산지수(원지수),대구광역시,섬유제품 제조업; 의복 제외,,,77.2,2020＝100
202509,생산지수(원지수),대구광역시,섬유제품 제조업; 의복 제외,,,96.2,2020＝100
202510,생산지수(원지수),대구광역시,섬유제품 제조업; 의복 제외,,,90.6,2020＝100
202511,생산지수(원지수),대구광역시,섬유제품 제조업; 의복 제외,,,92.1,2020＝100
202512,생산지수(원지수),대구광역시,섬유제품 제조업; 의복 제외,,,94.8,2020＝100
202501,생산자제품 출하지수(원지수),대구광역시,섬유제품 제조업; 의복 제외,,,85,2020＝100
202502,생산자제품 출하지수(원지수),대구광역시,섬유제품 제조업; 의복 제외,,,95,2020＝100
202503,생산자제품 출하지수(원지수),대구광역시,섬유제품 제조업; 의복 제외,,,98.8,2020＝100
202504,생산자제품 출하지수(원지수),대구광역시,섬유제품 제조업; 의복 제외,,,96.6,2020＝100
202505,생산자제품 출하지수(원지수),대구광역시,섬유제품 제조업; 의복 제외,,,93.4,2020＝100
202506,생산자제품 출하지수(원지수),대구광역시,섬유제품 제조업; 의복 제외,,,88.5,2020＝100
202507,생산자제품 출하지수(원지수),대구광역시,섬유제품 제조업; 의복 제외,,,92.4,2020＝100
202508,생산자제품 출하지수(원지수),대구광역시,섬유제품 제조업; 의복 제외,,,79.2,2020＝100
202509,생산자제품 출하지수(원지수),대구광역시,섬유제품 제조업; 의복 제외,,,109.2,2020＝100
202510,생산자제품 출하지수(원지수),대구광역시,섬유제품 제조업; 의복 제외,,,102.5,2020＝100
202511,생산자제품 출하지수(원지수),대구광역시,섬유제품 제조업; 의복 제외,,,96.2,2020＝100
202512,생산자제품 출하지수(원지수),대구광역시,섬유제품 제조업; 의복 제외,,,101.4,2020＝100
202501,생산자제품 재고지수(원지수),대구광역시,섬유제품 제조업; 의복 제외,,,98.9,2020＝100
202502,생산자제품 재고지수(원지수),대구광역시,섬유제품 제조업; 의복 제외,,,91.5,2020＝100
202503,생산자제품 재고지수(원지수),대구광역시,섬유제품 제조업; 의복 제외,,,97.4,2020＝100
202504,생산자제품 재고지수(원지수),대구광역시,섬유제품 제조업; 의복 제외,,,103.6,2020＝100
202505,생산자제품 재고지수(원지수),대구광역시,섬유제품 제조업; 의복 제외,,,115,2020＝100
202506,생산자제품 재고지수(원지수),대구광역시,섬유제품 제조업; 의복 제외,,,112,2020＝100
202507,생산자제품 재고지수(원지수),대구광역시,섬유제품 제조업; 의복 제외,,,113.4,2020＝100
202508,생산자제품 재고지수(원지수),대구광역시,섬유제품 제조업; 의복 제외,,,118.9,2020＝100
202509,생산자제품 재고지수(원지수),대구광역시,섬유제품 제조업; 의복 제외,,,101.1,2020＝100
202510,생산자제품 재고지수(원지수),대구광역시,섬유제품 제조업; 의복 제외,,,99.9,2020＝100
202511,생산자제품 재고지수(원지수),대구광역시,섬유제품 제조업; 의복 제외,,,107.5,2020＝100
202512,생산자제품 재고지수(원지수),대구광역시,섬유제품 제조업; 의복 제외,,,111.4,2020＝100
202501,생산지수(원지수),대구광역시,의복 의복액세서리 및 모피제품 제조업,,,54.8,2020＝100
202502,생산지수(원지수),대구광역시,의복 의복액세서리 및 모피제품 제조업,,,93.7,2020＝100
202503,생산지수(원지수),대구광역시,의복 의복액세서리 및 모피제품 제조업,,,71,2020＝100
202504,생산지수(원지수),대구광역시,의복 의복액세서리 및 모피제품 제조업,,,74.7,2020＝100
202505,생산지수(원지수),대구광역시,의복 의복액세서리 및 모피제품 제조업,,,83.9,2020＝100
202506,생산지수(원지수),대구광역시,의복 의복액세서리 및 모피제품 제조업,,,64,2020＝100
202507,생산지수(원지수),대구광역시,의복 의복액세서리 및 모피제품 제조업,,,54.2,2020＝100
202508,생산지수(원지수),대구광역시,의복 의복액세서리 및 모피제품 제조업,,,48.1,2020＝100
202509,생산지수(원지수),대구광역시,의복 의복액세서리 및 모피제품 제조업,,,58.5,2020＝100
202510,생산지수(원지수),대구광역시,의복 의복액세서리 및 모피제품 제조업,,,53.8,2020＝100
202511,생산지수(원지수),대구광역시,의복 의복액세서리 및 모피제품 제조업,,,76.6,2020＝100
202512,생산지수(원지수),대구광역시,의복 의복액세서리 및 모피제품 제조업,,,90.3,2020＝100
202501,생산자제품 출하지수(원지수),대구광역시,의복 의복액세서리 및 모피제품 제조업,,,43,2020＝100
202502,생산자제품 출하지수(원지수),대구광역시,의복 의복액세서리 및 모피제품 제조업,,,83,2020＝100
202503,생산자제품 출하지수(원지수),대구광역시,의복 의복액세서리 및 모피제품 제조업,,,72.4,2020＝100
202504,생산자제품 출하지수(원지수),대구광역시,의복 의복액세서리 및 모피제품 제조업,,,79.8,2020＝100
202505,생산자제품 출하지수(원지수),대구광역시,의복 의복액세서리 및 모피제품 제조업,,,79.9,2020＝100
202506,생산자제품 출하지수(원지수),대구광역시,의복 의복액세서리 및 모피제품 제조업,,,61,2020＝100
202507,생산자제품 출하지수(원지수),대구광역시,의복 의복액세서리 및 모피제품 제조업,,,51.5,2020＝100
202508,생산자제품 출하지수(원지수),대구광역시,의복 의복액세서리 및 모피제품 제조업,,,44.9,2020＝100
202509,생산자제품 출하지수(원지수),대구광역시,의복 의복액세서리 및 모피제품 제조업,,,60.5,2020＝100
202510,생산자제품 출하지수(원지수),대구광역시,의복 의복액세서리 및 모피제품 제조업,,,58.9,2020＝100
202511,생산자제품 출하지수(원지수),대구광역시,의복 의복액세서리 및 모피제품 제조업,,,73.5,2020＝100
202512,생산자제품 출하지수(원지수),대구광역시,의복 의복액세서리 및 모피제품 제조업,,,75.1,2020＝100
202501,생산자제품 재고지수(원지수),대구광역시,의복 의복액세서리 및 모피제품 제조업,,,105,2020＝100
202502,생산자제품 재고지수(원지수),대구광역시,의복 의복액세서리 및 모피제품 제조업,,,101.2,2020＝100
202503,생산자제품 재고지수(원지수),대구광역시,의복 의복액세서리 및 모피제품 제조업,,,100,2020＝100
202504,생산자제품 재고지수(원지수),대구광역시,의복 의복액세서리 및 모피제품 제조업,,,87.9,2020＝100
202505,생산자제품 재고지수(원지수),대구광역시,의복 의복액세서리 및 모피제품 제조업,,,97.4,2020＝100
202506,생산자제품 재고지수(원지수),대구광역시,의복 의복액세서리 및 모피제품 제조업,,,105,2020＝100
202507,생산자제품 재고지수(원지수),대구광역시,의복 의복액세서리 및 모피제품 제조업,,,121.5,2020＝100
202508,생산자제품 재고지수(원지수),대구광역시,의복 의복액세서리 및 모피제품 제조업,,,118.9,2020＝100
202509,생산자제품 재고지수(원지수),대구광역시,의복 의복액세서리 및 모피제품 제조업,,,115.3,2020＝100
202510,생산자제품 재고지수(원지수),대구광역시,의복 의복액세서리 및 모피제품 제조업,,,113,2020＝100
202511,생산자제품 재고지수(원지수),대구광역시,의복 의복액세서리 및 모피제품 제조업,,,118,2020＝100
202512,생산자제품 재고지수(원지수),대구광역시,의복 의복액세서리 및 모피제품 제조업,,,121.6,2020＝100
202501,생산지수(원지수),대구광역시,목재 및 나무제품 제조업; 가구 제외,,,0,2020＝100
202502,생산지수(원지수),대구광역시,목재 및 나무제품 제조업; 가구 제외,,,0,2020＝100
202503,생산지수(원지수),대구광역시,목재 및 나무제품 제조업; 가구 제외,,,0,2020＝100
202504,생산지수(원지수),대구광역시,목재 및 나무제품 제조업; 가구 제외,,,0,2020＝100
202505,생산지수(원지수),대구광역시,목재 및 나무제품 제조업; 가구 제외,,,0,2020＝100
202506,생산지수(원지수),대구광역시,목재 및 나무제품 제조업; 가구 제외,,,0,2020＝100
202507,생산지수(원지수),대구광역시,목재 및 나무제품 제조업; 가구 제외,,,0,2020＝100
202508,생산지수(원지수),대구광역시,목재 및 나무제품 제조업; 가구 제외,,,0,2020＝100
202509,생산지수(원지수),대구광역시,목재 및 나무제품 제조업; 가구 제외,,,0,2020＝100
202510,생산지수(원지수),대구광역시,목재 및 나무제품 제조업; 가구 제외,,,0,2020＝100
202511,생산지수(원지수),대구광역시,목재 및 나무제품 제조업; 가구 제외,,,0,2020＝100
202512,생산지수(원지수),대구광역시,목재 및 나무제품 제조업; 가구 제외,,,0,2020＝100
202501,생산자제품 출하지수(원지수),대구광역시,목재 및 나무제품 제조업; 가구 제외,,,0,2020＝100
202502,생산자제품 출하지수(원지수),대구광역시,목재 및 나무제품 제조업; 가구 제외,,,0,2020＝100
202503,생산자제품 출하지수(원지수),대구광역시,목재 및 나무제품 제조업; 가구 제외,,,0,2020＝100
202504,생산자제품 출하지수(원지수),대구광역시,목재 및 나무제품 제조업; 가구 제외,,,0,2020＝100
202505,생산자제품 출하지수(원지수),대구광역시,목재 및 나무제품 제조업; 가구 제외,,,0,2020＝100
202506,생산자제품 출하지수(원지수),대구광역시,목재 및 나무제품 제조업; 가구 제외,,,0,2020＝100
202507,생산자제품 출하지수(원지수),대구광역시,목재 및 나무제품 제조업; 가구 제외,,,0,2020＝100
202508,생산자제품 출하지수(원지수),대구광역시,목재 및 나무제품 제조업; 가구 제외,,,0,2020＝100
202509,생산자제품 출하지수(원지수),대구광역시,목재 및 나무제품 제조업; 가구 제외,,,0,2020＝100
202510,생산자제품 출하지수(원지수),대구광역시,목재 및 나무제품 제조업; 가구 제외,,,0,2020＝100
202511,생산자제품 출하지수(원지수),대구광역시,목재 및 나무제품 제조업; 가구 제외,,,0,2020＝100
202512,생산자제품 출하지수(원지수),대구광역시,목재 및 나무제품 제조업; 가구 제외,,,0,2020＝100
202501,생산자제품 재고지수(원지수),대구광역시,목재 및 나무제품 제조업; 가구 제외,,,0,2020＝100
202502,생산자제품 재고지수(원지수),대구광역시,목재 및 나무제품 제조업; 가구 제외,,,0,2020＝100
202503,생산자제품 재고지수(원지수),대구광역시,목재 및 나무제품 제조업; 가구 제외,,,0,2020＝100
202504,생산자제품 재고지수(원지수),대구광역시,목재 및 나무제품 제조업; 가구 제외,,,0,2020＝100
202505,생산자제품 재고지수(원지수),대구광역시,목재 및 나무제품 제조업; 가구 제외,,,0,2020＝100
202506,생산자제품 재고지수(원지수),대구광역시,목재 및 나무제품 제조업; 가구 제외,,,0,2020＝100
202507,생산자제품 재고지수(원지수),대구광역시,목재 및 나무제품 제조업; 가구 제외,,,0,2020＝100
202508,생산자제품 재고지수(원지수),대구광역시,목재 및 나무제품 제조업; 가구 제외,,,0,2020＝100
202509,생산자제품 재고지수(원지수),대구광역시,목재 및 나무제품 제조업; 가구 제외,,,0,2020＝100
202510,생산자제품 재고지수(원지수),대구광역시,목재 및 나무제품 제조업; 가구 제외,,,0,2020＝100
202511,생산자제품 재고지수(원지수),대구광역시,목재 및 나무제품 제조업; 가구 제외,,,0,2020＝100
202512,생산자제품 재고지수(원지수),대구광역시,목재 및 나무제품 제조업; 가구 제외,,,0,2020＝100
202501,생산지수(원지수),대구광역시,펄프 종이 및 종이제품 제조업,,,92.7,2020＝100
202502,생산지수(원지수),대구광역시,펄프 종이 및 종이제품 제조업,,,98.3,2020＝100
202503,생산지수(원지수),대구광역시,펄프 종이 및 종이제품 제조업,,,105.4,2020＝100
202504,생산지수(원지수),대구광역시,펄프 종이 및 종이제품 제조업,,,96.2,2020＝100
202505,생산지수(원지수),대구광역시,펄프 종이 및 종이제품 제조업,,,92.9,2020＝100
202506,생산지수(원지수),대구광역시,펄프 종이 및 종이제품 제조업,,,94.9,2020＝100
202507,생산지수(원지수),대구광역시,펄프 종이 및 종이제품 제조업,,,100,2020＝100
202508,생산지수(원지수),대구광역시,펄프 종이 및 종이제품 제조업,,,94,2020＝100
202509,생산지수(원지수),대구광역시,펄프 종이 및 종이제품 제조업,,,98.5,2020＝100
202510,생산지수(원지수),대구광역시,펄프 종이 및 종이제품 제조업,,,88.6,2020＝100
202511,생산지수(원지수),대구광역시,펄프 종이 및 종이제품 제조업,,,95.7,2020＝100
202512,생산지수(원지수),대구광역시,펄프 종이 및 종이제품 제조업,,,81.2,2020＝100
202501,생산자제품 출하지수(원지수),대구광역시,펄프 종이 및 종이제품 제조업,,,86.9,2020＝100
202502,생산자제품 출하지수(원지수),대구광역시,펄프 종이 및 종이제품 제조업,,,94.7,2020＝100
202503,생산자제품 출하지수(원지수),대구광역시,펄프 종이 및 종이제품 제조업,,,100.1,2020＝100
202504,생산자제품 출하지수(원지수),대구광역시,펄프 종이 및 종이제품 제조업,,,100.1,2020＝100
202505,생산자제품 출하지수(원지수),대구광역시,펄프 종이 및 종이제품 제조업,,,91.7,2020＝100
202506,생산자제품 출하지수(원지수),대구광역시,펄프 종이 및 종이제품 제조업,,,93.3,2020＝100
202507,생산자제품 출하지수(원지수),대구광역시,펄프 종이 및 종이제품 제조업,,,97.6,2020＝100
202508,생산자제품 출하지수(원지수),대구광역시,펄프 종이 및 종이제품 제조업,,,91,2020＝100
202509,생산자제품 출하지수(원지수),대구광역시,펄프 종이 및 종이제품 제조업,,,104.4,2020＝100
202510,생산자제품 출하지수(원지수),대구광역시,펄프 종이 및 종이제품 제조업,,,86.8,2020＝100
202511,생산자제품 출하지수(원지수),대구광역시,펄프 종이 및 종이제품 제조업,,,93.8,2020＝100
202512,생산자제품 출하지수(원지수),대구광역시,펄프 종이 및 종이제품 제조업,,,88.8,2020＝100
202501,생산자제품 재고지수(원지수),대구광역시,펄프 종이 및 종이제품 제조업,,,171.4,2020＝100
202502,생산자제품 재고지수(원지수),대구광역시,펄프 종이 및 종이제품 제조업,,,167.9,2020＝100
202503,생산자제품 재고지수(원지수),대구광역시,펄프 종이 및 종이제품 제조업,,,199.4,2020＝100
202504,생산자제품 재고지수(원지수),대구광역시,펄프 종이 및 종이제품 제조업,,,143.8,2020＝100
202505,생산자제품 재고지수(원지수),대구광역시,펄프 종이 및 종이제품 제조업,,,145.1,2020＝100
202506,생산자제품 재고지수(원지수),대구광역시,펄프 종이 및 종이제품 제조업,,,148.7,2020＝100
202507,생산자제품 재고지수(원지수),대구광역시,펄프 종이 및 종이제품 제조업,,,144.3,2020＝100
202508,생산자제품 재고지수(원지수),대구광역시,펄프 종이 및 종이제품 제조업,,,157.3,2020＝100
202509,생산자제품 재고지수(원지수),대구광역시,펄프 종이 및 종이제품 제조업,,,108.5,2020＝100
202510,생산자제품 재고지수(원지수),대구광역시,펄프 종이 및 종이제품 제조업,,,107.4,2020＝100
202511,생산자제품 재고지수(원지수),대구광역시,펄프 종이 및 종이제품 제조업,,,119.1,2020＝100
202512,생산자제품 재고지수(원지수),대구광역시,펄프 종이 및 종이제품 제조업,,,94.7,2020＝100
202501,생산지수(원지수),대구광역시,인쇄 및 기록매체 복제업,,,113.5,2020＝100
202502,생산지수(원지수),대구광역시,인쇄 및 기록매체 복제업,,,119.6,2020＝100
202503,생산지수(원지수),대구광역시,인쇄 및 기록매체 복제업,,,119.9,2020＝100
202504,생산지수(원지수),대구광역시,인쇄 및 기록매체 복제업,,,132.1,2020＝100
202505,생산지수(원지수),대구광역시,인쇄 및 기록매체 복제업,,,121.6,2020＝100
202506,생산지수(원지수),대구광역시,인쇄 및 기록매체 복제업,,,115.8,2020＝100
202507,생산지수(원지수),대구광역시,인쇄 및 기록매체 복제업,,,126.5,2020＝100
202508,생산지수(원지수),대구광역시,인쇄 및 기록매체 복제업,,,122.8,2020＝100
202509,생산지수(원지수),대구광역시,인쇄 및 기록매체 복제업,,,139.2,2020＝100
202510,생산지수(원지수),대구광역시,인쇄 및 기록매체 복제업,,,122.2,2020＝100
202511,생산지수(원지수),대구광역시,인쇄 및 기록매체 복제업,,,136.2,2020＝100
202512,생산지수(원지수),대구광역시,인쇄 및 기록매체 복제업,,,148.4,2020＝100
202501,생산자제품 출하지수(원지수),대구광역시,인쇄 및 기록매체 복제업,,,113.2,2020＝100
202502,생산자제품 출하지수(원지수),대구광역시,인쇄 및 기록매체 복제업,,,119,2020＝100
202503,생산자제품 출하지수(원지수),대구광역시,인쇄 및 기록매체 복제업,,,119.3,2020＝100
202504,생산자제품 출하지수(원지수),대구광역시,인쇄 및 기록매체 복제업,,,131.2,2020＝100
202505,생산자제품 출하지수(원지수),대구광역시,인쇄 및 기록매체 복제업,,,120.6,2020＝100
202506,생산자제품 출하지수(원지수),대구광역시,인쇄 및 기록매체 복제업,,,115,2020＝100
202507,생산자제품 출하지수(원지수),대구광역시,인쇄 및 기록매체 복제업,,,125.7,2020＝100
202508,생산자제품 출하지수(원지수),대구광역시,인쇄 및 기록매체 복제업,,,121.7,2020＝100
202509,생산자제품 출하지수(원지수),대구광역시,인쇄 및 기록매체 복제업,,,138.3,2020＝100
202510,생산자제품 출하지수(원지수),대구광역시,인쇄 및 기록매체 복제업,,,121.5,2020＝100
202511,생산자제품 출하지수(원지수),대구광역시,인쇄 및 기록매체 복제업,,,135.5,2020＝100
202512,생산자제품 출하지수(원지수),대구광역시,인쇄 및 기록매체 복제업,,,148,2020＝100
202501,생산지수(원지수),대구광역시,화학 물질 및 화학제품 제조업; 의약품 제외,,,132.6,2020＝100
202502,생산지수(원지수),대구광역시,화학 물질 및 화학제품 제조업; 의약품 제외,,,121.3,2020＝100
202503,생산지수(원지수),대구광역시,화학 물질 및 화학제품 제조업; 의약품 제외,,,153.4,2020＝100
202504,생산지수(원지수),대구광역시,화학 물질 및 화학제품 제조업; 의약품 제외,,,153.5,2020＝100
202505,생산지수(원지수),대구광역시,화학 물질 및 화학제품 제조업; 의약품 제외,,,126.9,2020＝100
202506,생산지수(원지수),대구광역시,화학 물질 및 화학제품 제조업; 의약품 제외,,,83.1,2020＝100
202507,생산지수(원지수),대구광역시,화학 물질 및 화학제품 제조업; 의약품 제외,,,76.9,2020＝100
202508,생산지수(원지수),대구광역시,화학 물질 및 화학제품 제조업; 의약품 제외,,,78.2,2020＝100
202509,생산지수(원지수),대구광역시,화학 물질 및 화학제품 제조업; 의약품 제외,,,127.1,2020＝100
202510,생산지수(원지수),대구광역시,화학 물질 및 화학제품 제조업; 의약품 제외,,,107.4,2020＝100
202511,생산지수(원지수),대구광역시,화학 물질 및 화학제품 제조업; 의약품 제외,,,130.3,2020＝100
202512,생산지수(원지수),대구광역시,화학 물질 및 화학제품 제조업; 의약품 제외,,,160.2,2020＝100
202501,생산자제품 출하지수(원지수),대구광역시,화학 물질 및 화학제품 제조업; 의약품 제외,,,123.5,2020＝100
202502,생산자제품 출하지수(원지수),대구광역시,화학 물질 및 화학제품 제조업; 의약품 제외,,,142.6,2020＝100
202503,생산자제품 출하지수(원지수),대구광역시,화학 물질 및 화학제품 제조업; 의약품 제외,,,147.1,2020＝100
202504,생산자제품 출하지수(원지수),대구광역시,화학 물질 및 화학제품 제조업; 의약품 제외,,,148.2,2020＝100
202505,생산자제품 출하지수(원지수),대구광역시,화학 물질 및 화학제품 제조업; 의약품 제외,,,133,2020＝100
202506,생산자제품 출하지수(원지수),대구광역시,화학 물질 및 화학제품 제조업; 의약품 제외,,,118.8,2020＝100
202507,생산자제품 출하지수(원지수),대구광역시,화학 물질 및 화학제품 제조업; 의약품 제외,,,112.2,2020＝100
202508,생산자제품 출하지수(원지수),대구광역시,화학 물질 및 화학제품 제조업; 의약품 제외,,,80.3,2020＝100
202509,생산자제품 출하지수(원지수),대구광역시,화학 물질 및 화학제품 제조업; 의약품 제외,,,89.7,2020＝100
202510,생산자제품 출하지수(원지수),대구광역시,화학 물질 및 화학제품 제조업; 의약품 제외,,,66.6,2020＝100
202511,생산자제품 출하지수(원지수),대구광역시,화학 물질 및 화학제품 제조업; 의약품 제외,,,84.2,2020＝100
202512,생산자제품 출하지수(원지수),대구광역시,화학 물질 및 화학제품 제조업; 의약품 제외,,,160.7,2020＝100
202501,생산자제품 재고지수(원지수),대구광역시,화학 물질 및 화학제품 제조업; 의약품 제외,,,118.2,2020＝100
202502,생산자제품 재고지수(원지수),대구광역시,화학 물질 및 화학제품 제조업; 의약품 제외,,,113,2020＝100
202503,생산자제품 재고지수(원지수),대구광역시,화학 물질 및 화학제품 제조업; 의약품 제외,,,116.7,2020＝100
202504,생산자제품 재고지수(원지수),대구광역시,화학 물질 및 화학제품 제조업; 의약품 제외,,,115.2,2020＝100
202505,생산자제품 재고지수(원지수),대구광역시,화학 물질 및 화학제품 제조업; 의약품 제외,,,116,2020＝100
202506,생산자제품 재고지수(원지수),대구광역시,화학 물질 및 화학제품 제조업; 의약품 제외,,,104.8,2020＝100
202507,생산자제품 재고지수(원지수),대구광역시,화학 물질 및 화학제품 제조업; 의약품 제외,,,92.8,2020＝100
202508,생산자제품 재고지수(원지수),대구광역시,화학 물질 및 화학제품 제조업; 의약품 제외,,,95.1,2020＝100
202509,생산자제품 재고지수(원지수),대구광역시,화학 물질 및 화학제품 제조업; 의약품 제외,,,108.4,2020＝100
202510,생산자제품 재고지수(원지수),대구광역시,화학 물질 및 화학제품 제조업; 의약품 제외,,,122.6,2020＝100
202511,생산자제품 재고지수(원지수),대구광역시,화학 물질 및 화학제품 제조업; 의약품 제외,,,140.1,2020＝100
202512,생산자제품 재고지수(원지수),대구광역시,화학 물질 및 화학제품 제조업; 의약품 제외,,,141.3,2020＝100
202501,생산지수(원지수),대구광역시,의료용 물질 및 의약품 제조업,,,108.2,2020＝100
202502,생산지수(원지수),대구광역시,의료용 물질 및 의약품 제조업,,,114.2,2020＝100
202503,생산지수(원지수),대구광역시,의료용 물질 및 의약품 제조업,,,132.8,2020＝100
202504,생산지수(원지수),대구광역시,의료용 물질 및 의약품 제조업,,,138.7,2020＝100
202505,생산지수(원지수),대구광역시,의료용 물질 및 의약품 제조업,,,121,2020＝100
202506,생산지수(원지수),대구광역시,의료용 물질 및 의약품 제조업,,,118.5,2020＝100
202507,생산지수(원지수),대구광역시,의료용 물질 및 의약품 제조업,,,173,2020＝100
202508,생산지수(원지수),대구광역시,의료용 물질 및 의약품 제조업,,,45.1,2020＝100
202509,생산지수(원지수),대구광역시,의료용 물질 및 의약품 제조업,,,143.1,2020＝100
202510,생산지수(원지수),대구광역시,의료용 물질 및 의약품 제조업,,,88.3,2020＝100
202511,생산지수(원지수),대구광역시,의료용 물질 및 의약품 제조업,,,156.3,2020＝100
202512,생산지수(원지수),대구광역시,의료용 물질 및 의약품 제조업,,,113.8,2020＝100
202501,생산자제품 출하지수(원지수),대구광역시,의료용 물질 및 의약품 제조업,,,120,2020＝100
202502,생산자제품 출하지수(원지수),대구광역시,의료용 물질 및 의약품 제조업,,,104.8,2020＝100
202503,생산자제품 출하지수(원지수),대구광역시,의료용 물질 및 의약품 제조업,,,120.7,2020＝100
202504,생산자제품 출하지수(원지수),대구광역시,의료용 물질 및 의약품 제조업,,,134.9,2020＝100
202505,생산자제품 출하지수(원지수),대구광역시,의료용 물질 및 의약품 제조업,,,117.9,2020＝100
202506,생산자제품 출하지수(원지수),대구광역시,의료용 물질 및 의약품 제조업,,,115.5,2020＝100
202507,생산자제품 출하지수(원지수),대구광역시,의료용 물질 및 의약품 제조업,,,130.2,2020＝100
202508,생산자제품 출하지수(원지수),대구광역시,의료용 물질 및 의약품 제조업,,,110.3,2020＝100
202509,생산자제품 출하지수(원지수),대구광역시,의료용 물질 및 의약품 제조업,,,142.6,2020＝100
202510,생산자제품 출하지수(원지수),대구광역시,의료용 물질 및 의약품 제조업,,,84.7,2020＝100
202511,생산자제품 출하지수(원지수),대구광역시,의료용 물질 및 의약품 제조업,,,107.1,2020＝100
202512,생산자제품 출하지수(원지수),대구광역시,의료용 물질 및 의약품 제조업,,,141.5,2020＝100
202501,생산지수(원지수),대구광역시,고무 및 플라스틱제품 제조업,,,105.6,2020＝100
202502,생산지수(원지수),대구광역시,고무 및 플라스틱제품 제조업,,,114.7,2020＝100
202503,생산지수(원지수),대구광역시,고무 및 플라스틱제품 제조업,,,124.3,2020＝100
202504,생산지수(원지수),대구광역시,고무 및 플라스틱제품 제조업,,,127.4,2020＝100
202505,생산지수(원지수),대구광역시,고무 및 플라스틱제품 제조업,,,119.8,2020＝100
202506,생산지수(원지수),대구광역시,고무 및 플라스틱제품 제조업,,,120.2,2020＝100
202507,생산지수(원지수),대구광역시,고무 및 플라스틱제품 제조업,,,122.8,2020＝100
202508,생산지수(원지수),대구광역시,고무 및 플라스틱제품 제조업,,,117,2020＝100
202509,생산지수(원지수),대구광역시,고무 및 플라스틱제품 제조업,,,128.1,2020＝100
202510,생산지수(원지수),대구광역시,고무 및 플라스틱제품 제조업,,,109.1,2020＝100
202511,생산지수(원지수),대구광역시,고무 및 플라스틱제품 제조업,,,115.8,2020＝100
202512,생산지수(원지수),대구광역시,고무 및 플라스틱제품 제조업,,,112.4,2020＝100
202501,생산자제품 출하지수(원지수),대구광역시,고무 및 플라스틱제품 제조업,,,105.9,2020＝100
202502,생산자제품 출하지수(원지수),대구광역시,고무 및 플라스틱제품 제조업,,,114,2020＝100
202503,생산자제품 출하지수(원지수),대구광역시,고무 및 플라스틱제품 제조업,,,124.2,2020＝100
202504,생산자제품 출하지수(원지수),대구광역시,고무 및 플라스틱제품 제조업,,,127.3,2020＝100
202505,생산자제품 출하지수(원지수),대구광역시,고무 및 플라스틱제품 제조업,,,125.2,2020＝100
202506,생산자제품 출하지수(원지수),대구광역시,고무 및 플라스틱제품 제조업,,,120.8,2020＝100
202507,생산자제품 출하지수(원지수),대구광역시,고무 및 플라스틱제품 제조업,,,120.9,2020＝100
202508,생산자제품 출하지수(원지수),대구광역시,고무 및 플라스틱제품 제조업,,,119.5,2020＝100
202509,생산자제품 출하지수(원지수),대구광역시,고무 및 플라스틱제품 제조업,,,127.5,2020＝100
202510,생산자제품 출하지수(원지수),대구광역시,고무 및 플라스틱제품 제조업,,,111.5,2020＝100
202511,생산자제품 출하지수(원지수),대구광역시,고무 및 플라스틱제품 제조업,,,117.9,2020＝100
202512,생산자제품 출하지수(원지수),대구광역시,고무 및 플라스틱제품 제조업,,,117.1,2020＝100
202501,생산자제품 재고지수(원지수),대구광역시,고무 및 플라스틱제품 제조업,,,115.1,2020＝100
202502,생산자제품 재고지수(원지수),대구광역시,고무 및 플라스틱제품 제조업,,,117,2020＝100
202503,생산자제품 재고지수(원지수),대구광역시,고무 및 플라스틱제품 제조업,,,117.1,2020＝100
202504,생산자제품 재고지수(원지수),대구광역시,고무 및 플라스틱제품 제조업,,,117.5,2020＝100
202505,생산자제품 재고지수(원지수),대구광역시,고무 및 플라스틱제품 제조업,,,116.3,2020＝100
202506,생산자제품 재고지수(원지수),대구광역시,고무 및 플라스틱제품 제조업,,,116.6,2020＝100
202507,생산자제품 재고지수(원지수),대구광역시,고무 및 플라스틱제품 제조업,,,109.4,2020＝100
202508,생산자제품 재고지수(원지수),대구광역시,고무 및 플라스틱제품 제조업,,,115,2020＝100
202509,생산자제품 재고지수(원지수),대구광역시,고무 및 플라스틱제품 제조업,,,119.3,2020＝100
202510,생산자제품 재고지수(원지수),대구광역시,고무 및 플라스틱제품 제조업,,,129.2,2020＝100
202511,생산자제품 재고지수(원지수),대구광역시,고무 및 플라스틱제품 제조업,,,130.3,2020＝100
202512,생산자제품 재고지수(원지수),대구광역시,고무 및 플라스틱제품 제조업,,,145.5,2020＝100
202501,생산지수(원지수),대구광역시,비금속 광물제품 제조업,,,34.4,2020＝100
202502,생산지수(원지수),대구광역시,비금속 광물제품 제조업,,,34.3,2020＝100
202503,생산지수(원지수),대구광역시,비금속 광물제품 제조업,,,43.4,2020＝100
202504,생산지수(원지수),대구광역시,비금속 광물제품 제조업,,,36.7,2020＝100
202505,생산지수(원지수),대구광역시,비금속 광물제품 제조업,,,32.7,2020＝100
202506,생산지수(원지수),대구광역시,비금속 광물제품 제조업,,,29.6,2020＝100
202507,생산지수(원지수),대구광역시,비금속 광물제품 제조업,,,37.1,2020＝100
202508,생산지수(원지수),대구광역시,비금속 광물제품 제조업,,,35.2,2020＝100
202509,생산지수(원지수),대구광역시,비금속 광물제품 제조업,,,43.2,2020＝100
202510,생산지수(원지수),대구광역시,비금속 광물제품 제조업,,,29.9,2020＝100
202511,생산지수(원지수),대구광역시,비금속 광물제품 제조업,,,32.8,2020＝100
202512,생산지수(원지수),대구광역시,비금속 광물제품 제조업,,,32.5,2020＝100
202501,생산자제품 출하지수(원지수),대구광역시,비금속 광물제품 제조업,,,33.3,2020＝100
202502,생산자제품 출하지수(원지수),대구광역시,비금속 광물제품 제조업,,,34.5,2020＝100
202503,생산자제품 출하지수(원지수),대구광역시,비금속 광물제품 제조업,,,43.1,2020＝100
202504,생산자제품 출하지수(원지수),대구광역시,비금속 광물제품 제조업,,,37.5,2020＝100
202505,생산자제품 출하지수(원지수),대구광역시,비금속 광물제품 제조업,,,34.3,2020＝100
202506,생산자제품 출하지수(원지수),대구광역시,비금속 광물제품 제조업,,,31.1,2020＝100
202507,생산자제품 출하지수(원지수),대구광역시,비금속 광물제품 제조업,,,35.7,2020＝100
202508,생산자제품 출하지수(원지수),대구광역시,비금속 광물제품 제조업,,,34.9,2020＝100
202509,생산자제품 출하지수(원지수),대구광역시,비금속 광물제품 제조업,,,42.2,2020＝100
202510,생산자제품 출하지수(원지수),대구광역시,비금속 광물제품 제조업,,,29.7,2020＝100
202511,생산자제품 출하지수(원지수),대구광역시,비금속 광물제품 제조업,,,32.6,2020＝100
202512,생산자제품 출하지수(원지수),대구광역시,비금속 광물제품 제조업,,,32.7,2020＝100
202501,생산자제품 재고지수(원지수),대구광역시,비금속 광물제품 제조업,,,135.4,2020＝100
202502,생산자제품 재고지수(원지수),대구광역시,비금속 광물제품 제조업,,,129.1,2020＝100
202503,생산자제품 재고지수(원지수),대구광역시,비금속 광물제품 제조업,,,125.5,2020＝100
202504,생산자제품 재고지수(원지수),대구광역시,비금속 광물제품 제조업,,,118.6,2020＝100
202505,생산자제품 재고지수(원지수),대구광역시,비금속 광물제품 제조업,,,107.3,2020＝100
202506,생산자제품 재고지수(원지수),대구광역시,비금속 광물제품 제조업,,,72,2020＝100
202507,생산자제품 재고지수(원지수),대구광역시,비금속 광물제품 제조업,,,71.8,2020＝100
202508,생산자제품 재고지수(원지수),대구광역시,비금속 광물제품 제조업,,,62.8,2020＝100
202509,생산자제품 재고지수(원지수),대구광역시,비금속 광물제품 제조업,,,61.2,2020＝100
202510,생산자제품 재고지수(원지수),대구광역시,비금속 광물제품 제조업,,,60.8,2020＝100
202511,생산자제품 재고지수(원지수),대구광역시,비금속 광물제품 제조업,,,60.3,2020＝100
202512,생산자제품 재고지수(원지수),대구광역시,비금속 광물제품 제조업,,,58.1,2020＝100
202501,생산지수(원지수),대구광역시,1차 금속 제조업,,,76.8,2020＝100
202502,생산지수(원지수),대구광역시,1차 금속 제조업,,,83.4,2020＝100
202503,생산지수(원지수),대구광역시,1차 금속 제조업,,,85.8,2020＝100
202504,생산지수(원지수),대구광역시,1차 금속 제조업,,,106,2020＝100
202505,생산지수(원지수),대구광역시,1차 금속 제조업,,,86.3,2020＝100
202506,생산지수(원지수),대구광역시,1차 금속 제조업,,,82.8,2020＝100
202507,생산지수(원지수),대구광역시,1차 금속 제조업,,,81.3,2020＝100
202508,생산지수(원지수),대구광역시,1차 금속 제조업,,,76.2,2020＝100
202509,생산지수(원지수),대구광역시,1차 금속 제조업,,,86.4,2020＝100
202510,생산지수(원지수),대구광역시,1차 금속 제조업,,,68.6,2020＝100
202511,생산지수(원지수),대구광역시,1차 금속 제조업,,,78.8,2020＝100
202512,생산지수(원지수),대구광역시,1차 금속 제조업,,,65.6,2020＝100
202501,생산자제품 출하지수(원지수),대구광역시,1차 금속 제조업,,,69.5,2020＝100
202502,생산자제품 출하지수(원지수),대구광역시,1차 금속 제조업,,,75.5,2020＝100
202503,생산자제품 출하지수(원지수),대구광역시,1차 금속 제조업,,,71.9,2020＝100
202504,생산자제품 출하지수(원지수),대구광역시,1차 금속 제조업,,,85.1,2020＝100
202505,생산자제품 출하지수(원지수),대구광역시,1차 금속 제조업,,,83.6,2020＝100
202506,생산자제품 출하지수(원지수),대구광역시,1차 금속 제조업,,,81.8,2020＝100
202507,생산자제품 출하지수(원지수),대구광역시,1차 금속 제조업,,,91.4,2020＝100
202508,생산자제품 출하지수(원지수),대구광역시,1차 금속 제조업,,,69.9,2020＝100
202509,생산자제품 출하지수(원지수),대구광역시,1차 금속 제조업,,,77.2,2020＝100
202510,생산자제품 출하지수(원지수),대구광역시,1차 금속 제조업,,,69.9,2020＝100
202511,생산자제품 출하지수(원지수),대구광역시,1차 금속 제조업,,,71.4,2020＝100
202512,생산자제품 출하지수(원지수),대구광역시,1차 금속 제조업,,,68.6,2020＝100
202501,생산자제품 재고지수(원지수),대구광역시,1차 금속 제조업,,,291.8,2020＝100
202502,생산자제품 재고지수(원지수),대구광역시,1차 금속 제조업,,,300.8,2020＝100
202503,생산자제품 재고지수(원지수),대구광역시,1차 금속 제조업,,,316.7,2020＝100
202504,생산자제품 재고지수(원지수),대구광역시,1차 금속 제조업,,,331.8,2020＝100
202505,생산자제품 재고지수(원지수),대구광역시,1차 금속 제조업,,,327.6,2020＝100
202506,생산자제품 재고지수(원지수),대구광역시,1차 금속 제조업,,,311.8,2020＝100
202507,생산자제품 재고지수(원지수),대구광역시,1차 금속 제조업,,,277.8,2020＝100
202508,생산자제품 재고지수(원지수),대구광역시,1차 금속 제조업,,,297.3,2020＝100
202509,생산자제품 재고지수(원지수),대구광역시,1차 금속 제조업,,,321.2,2020＝100
202510,생산자제품 재고지수(원지수),대구광역시,1차 금속 제조업,,,320.2,2020＝100
202511,생산자제품 재고지수(원지수),대구광역시,1차 금속 제조업,,,313.8,2020＝100
202512,생산자제품 재고지수(원지수),대구광역시,1차 금속 제조업,,,282,2020＝100
202501,생산지수(원지수),대구광역시,금속 가공제품 제조업; 기계 및 가구 제외,,,93.8,2020＝100
202502,생산지수(원지수),대구광역시,금속 가공제품 제조업; 기계 및 가구 제외,,,96.2,2020＝100
202503,생산지수(원지수),대구광역시,금속 가공제품 제조업; 기계 및 가구 제외,,,97,2020＝100
202504,생산지수(원지수),대구광역시,금속 가공제품 제조업; 기계 및 가구 제외,,,94.4,2020＝100
202505,생산지수(원지수),대구광역시,금속 가공제품 제조업; 기계 및 가구 제외,,,94.5,2020＝100
202506,생산지수(원지수),대구광역시,금속 가공제품 제조업; 기계 및 가구 제외,,,97.8,2020＝100
202507,생산지수(원지수),대구광역시,금속 가공제품 제조업; 기계 및 가구 제외,,,94.4,2020＝100
202508,생산지수(원지수),대구광역시,금속 가공제품 제조업; 기계 및 가구 제외,,,91.5,2020＝100
202509,생산지수(원지수),대구광역시,금속 가공제품 제조업; 기계 및 가구 제외,,,101.4,2020＝100
202510,생산지수(원지수),대구광역시,금속 가공제품 제조업; 기계 및 가구 제외,,,84.4,2020＝100
202511,생산지수(원지수),대구광역시,금속 가공제품 제조업; 기계 및 가구 제외,,,97.7,2020＝100
202512,생산지수(원지수),대구광역시,금속 가공제품 제조업; 기계 및 가구 제외,,,93.9,2020＝100
202501,생산자제품 출하지수(원지수),대구광역시,금속 가공제품 제조업; 기계 및 가구 제외,,,94.4,2020＝100
202502,생산자제품 출하지수(원지수),대구광역시,금속 가공제품 제조업; 기계 및 가구 제외,,,85.9,2020＝100
202503,생산자제품 출하지수(원지수),대구광역시,금속 가공제품 제조업; 기계 및 가구 제외,,,92.1,2020＝100
202504,생산자제품 출하지수(원지수),대구광역시,금속 가공제품 제조업; 기계 및 가구 제외,,,110.5,2020＝100
202505,생산자제품 출하지수(원지수),대구광역시,금속 가공제품 제조업; 기계 및 가구 제외,,,89.1,2020＝100
202506,생산자제품 출하지수(원지수),대구광역시,금속 가공제품 제조업; 기계 및 가구 제외,,,89.2,2020＝100
202507,생산자제품 출하지수(원지수),대구광역시,금속 가공제품 제조업; 기계 및 가구 제외,,,99.3,2020＝100
202508,생산자제품 출하지수(원지수),대구광역시,금속 가공제품 제조업; 기계 및 가구 제외,,,85,2020＝100
202509,생산자제품 출하지수(원지수),대구광역시,금속 가공제품 제조업; 기계 및 가구 제외,,,90.4,2020＝100
202510,생산자제품 출하지수(원지수),대구광역시,금속 가공제품 제조업; 기계 및 가구 제외,,,84.9,2020＝100
202511,생산자제품 출하지수(원지수),대구광역시,금속 가공제품 제조업; 기계 및 가구 제외,,,99.4,2020＝100
202512,생산자제품 출하지수(원지수),대구광역시,금속 가공제품 제조업; 기계 및 가구 제외,,,95.4,2020＝100
202501,생산자제품 재고지수(원지수),대구광역시,금속 가공제품 제조업; 기계 및 가구 제외,,,88,2020＝100
202502,생산자제품 재고지수(원지수),대구광역시,금속 가공제품 제조업; 기계 및 가구 제외,,,89.5,2020＝100
202503,생산자제품 재고지수(원지수),대구광역시,금속 가공제품 제조업; 기계 및 가구 제외,,,89.9,2020＝100
202504,생산자제품 재고지수(원지수),대구광역시,금속 가공제품 제조업; 기계 및 가구 제외,,,82.6,2020＝100
202505,생산자제품 재고지수(원지수),대구광역시,금속 가공제품 제조업; 기계 및 가구 제외,,,85.7,2020＝100
202506,생산자제품 재고지수(원지수),대구광역시,금속 가공제품 제조업; 기계 및 가구 제외,,,87.2,2020＝100
202507,생산자제품 재고지수(원지수),대구광역시,금속 가공제품 제조업; 기계 및 가구 제외,,,84.5,2020＝100
202508,생산자제품 재고지수(원지수),대구광역시,금속 가공제품 제조업; 기계 및 가구 제외,,,85.7,2020＝100
202509,생산자제품 재고지수(원지수),대구광역시,금속 가공제품 제조업; 기계 및 가구 제외,,,89.2,2020＝100
202510,생산자제품 재고지수(원지수),대구광역시,금속 가공제품 제조업; 기계 및 가구 제외,,,88.9,2020＝100
202511,생산자제품 재고지수(원지수),대구광역시,금속 가공제품 제조업; 기계 및 가구 제외,,,86.5,2020＝100
202512,생산자제품 재고지수(원지수),대구광역시,금속 가공제품 제조업; 기계 및 가구 제외,,,87.2,2020＝100
202501,생산지수(원지수),대구광역시,전자 부품 컴퓨터 영상 음향 및 통신장비 제조업,,,173.5,2020＝100
202502,생산지수(원지수),대구광역시,전자 부품 컴퓨터 영상 음향 및 통신장비 제조업,,,164.6,2020＝100
202503,생산지수(원지수),대구광역시,전자 부품 컴퓨터 영상 음향 및 통신장비 제조업,,,207.6,2020＝100
202504,생산지수(원지수),대구광역시,전자 부품 컴퓨터 영상 음향 및 통신장비 제조업,,,209.5,2020＝100
202505,생산지수(원지수),대구광역시,전자 부품 컴퓨터 영상 음향 및 통신장비 제조업,,,206.9,2020＝100
202506,생산지수(원지수),대구광역시,전자 부품 컴퓨터 영상 음향 및 통신장비 제조업,,,226.9,2020＝100
202507,생산지수(원지수),대구광역시,전자 부품 컴퓨터 영상 음향 및 통신장비 제조업,,,220.2,2020＝100
202508,생산지수(원지수),대구광역시,전자 부품 컴퓨터 영상 음향 및 통신장비 제조업,,,231.4,2020＝100
202509,생산지수(원지수),대구광역시,전자 부품 컴퓨터 영상 음향 및 통신장비 제조업,,,241.8,2020＝100
202510,생산지수(원지수),대구광역시,전자 부품 컴퓨터 영상 음향 및 통신장비 제조업,,,202.1,2020＝100
202511,생산지수(원지수),대구광역시,전자 부품 컴퓨터 영상 음향 및 통신장비 제조업,,,226.3,2020＝100
202512,생산지수(원지수),대구광역시,전자 부품 컴퓨터 영상 음향 및 통신장비 제조업,,,226.7,2020＝100
202501,생산자제품 출하지수(원지수),대구광역시,전자 부품 컴퓨터 영상 음향 및 통신장비 제조업,,,178.2,2020＝100
202502,생산자제품 출하지수(원지수),대구광역시,전자 부품 컴퓨터 영상 음향 및 통신장비 제조업,,,173.4,2020＝100
202503,생산자제품 출하지수(원지수),대구광역시,전자 부품 컴퓨터 영상 음향 및 통신장비 제조업,,,201.5,2020＝100
202504,생산자제품 출하지수(원지수),대구광역시,전자 부품 컴퓨터 영상 음향 및 통신장비 제조업,,,195.4,2020＝100
202505,생산자제품 출하지수(원지수),대구광역시,전자 부품 컴퓨터 영상 음향 및 통신장비 제조업,,,174.6,2020＝100
202506,생산자제품 출하지수(원지수),대구광역시,전자 부품 컴퓨터 영상 음향 및 통신장비 제조업,,,188,2020＝100
202507,생산자제품 출하지수(원지수),대구광역시,전자 부품 컴퓨터 영상 음향 및 통신장비 제조업,,,226,2020＝100
202508,생산자제품 출하지수(원지수),대구광역시,전자 부품 컴퓨터 영상 음향 및 통신장비 제조업,,,208.2,2020＝100
202509,생산자제품 출하지수(원지수),대구광역시,전자 부품 컴퓨터 영상 음향 및 통신장비 제조업,,,234,2020＝100
202510,생산자제품 출하지수(원지수),대구광역시,전자 부품 컴퓨터 영상 음향 및 통신장비 제조업,,,242.1,2020＝100
202511,생산자제품 출하지수(원지수),대구광역시,전자 부품 컴퓨터 영상 음향 및 통신장비 제조업,,,233.1,2020＝100
202512,생산자제품 출하지수(원지수),대구광역시,전자 부품 컴퓨터 영상 음향 및 통신장비 제조업,,,206.7,2020＝100
202501,생산자제품 재고지수(원지수),대구광역시,전자 부품 컴퓨터 영상 음향 및 통신장비 제조업,,,68.4,2020＝100
202502,생산자제품 재고지수(원지수),대구광역시,전자 부품 컴퓨터 영상 음향 및 통신장비 제조업,,,55.6,2020＝100
202503,생산자제품 재고지수(원지수),대구광역시,전자 부품 컴퓨터 영상 음향 및 통신장비 제조업,,,60.2,2020＝100
202504,생산자제품 재고지수(원지수),대구광역시,전자 부품 컴퓨터 영상 음향 및 통신장비 제조업,,,79.8,2020＝100
202505,생산자제품 재고지수(원지수),대구광역시,전자 부품 컴퓨터 영상 음향 및 통신장비 제조업,,,124.7,2020＝100
202506,생산자제품 재고지수(원지수),대구광역시,전자 부품 컴퓨터 영상 음향 및 통신장비 제조업,,,179.9,2020＝100
202507,생산자제품 재고지수(원지수),대구광역시,전자 부품 컴퓨터 영상 음향 및 통신장비 제조업,,,169.9,2020＝100
202508,생산자제품 재고지수(원지수),대구광역시,전자 부품 컴퓨터 영상 음향 및 통신장비 제조업,,,199.3,2020＝100
202509,생산자제품 재고지수(원지수),대구광역시,전자 부품 컴퓨터 영상 음향 및 통신장비 제조업,,,209.1,2020＝100
202510,생산자제품 재고지수(원지수),대구광역시,전자 부품 컴퓨터 영상 음향 및 통신장비 제조업,,,148.4,2020＝100
202511,생산자제품 재고지수(원지수),대구광역시,전자 부품 컴퓨터 영상 음향 및 통신장비 제조업,,,135,2020＝100
202512,생산자제품 재고지수(원지수),대구광역시,전자 부품 컴퓨터 영상 음향 및 통신장비 제조업,,,175,2020＝100
202501,생산지수(원지수),대구광역시,의료 정밀 광학 기기 및 시계 제조업,,,116.4,2020＝100
202502,생산지수(원지수),대구광역시,의료 정밀 광학 기기 및 시계 제조업,,,129,2020＝100
202503,생산지수(원지수),대구광역시,의료 정밀 광학 기기 및 시계 제조업,,,140.7,2020＝100
202504,생산지수(원지수),대구광역시,의료 정밀 광학 기기 및 시계 제조업,,,169.2,2020＝100
202505,생산지수(원지수),대구광역시,의료 정밀 광학 기기 및 시계 제조업,,,137,2020＝100
202506,생산지수(원지수),대구광역시,의료 정밀 광학 기기 및 시계 제조업,,,162.7,2020＝100
202507,생산지수(원지수),대구광역시,의료 정밀 광학 기기 및 시계 제조업,,,146.4,2020＝100
202508,생산지수(원지수),대구광역시,의료 정밀 광학 기기 및 시계 제조업,,,106.1,2020＝100
202509,생산지수(원지수),대구광역시,의료 정밀 광학 기기 및 시계 제조업,,,223.3,2020＝100
202510,생산지수(원지수),대구광역시,의료 정밀 광학 기기 및 시계 제조업,,,138.9,2020＝100
202511,생산지수(원지수),대구광역시,의료 정밀 광학 기기 및 시계 제조업,,,136.8,2020＝100
202512,생산지수(원지수),대구광역시,의료 정밀 광학 기기 및 시계 제조업,,,142.8,2020＝100
202501,생산자제품 출하지수(원지수),대구광역시,의료 정밀 광학 기기 및 시계 제조업,,,201.6,2020＝100
202502,생산자제품 출하지수(원지수),대구광역시,의료 정밀 광학 기기 및 시계 제조업,,,197.9,2020＝100
202503,생산자제품 출하지수(원지수),대구광역시,의료 정밀 광학 기기 및 시계 제조업,,,192.7,2020＝100
202504,생산자제품 출하지수(원지수),대구광역시,의료 정밀 광학 기기 및 시계 제조업,,,297.6,2020＝100
202505,생산자제품 출하지수(원지수),대구광역시,의료 정밀 광학 기기 및 시계 제조업,,,199.1,2020＝100
202506,생산자제품 출하지수(원지수),대구광역시,의료 정밀 광학 기기 및 시계 제조업,,,250.1,2020＝100
202507,생산자제품 출하지수(원지수),대구광역시,의료 정밀 광학 기기 및 시계 제조업,,,206.6,2020＝100
202508,생산자제품 출하지수(원지수),대구광역시,의료 정밀 광학 기기 및 시계 제조업,,,170.8,2020＝100
202509,생산자제품 출하지수(원지수),대구광역시,의료 정밀 광학 기기 및 시계 제조업,,,412.3,2020＝100
202510,생산자제품 출하지수(원지수),대구광역시,의료 정밀 광학 기기 및 시계 제조업,,,209.4,2020＝100
202511,생산자제품 출하지수(원지수),대구광역시,의료 정밀 광학 기기 및 시계 제조업,,,177.2,2020＝100
202512,생산자제품 출하지수(원지수),대구광역시,의료 정밀 광학 기기 및 시계 제조업,,,200.2,2020＝100
202501,생산자제품 재고지수(원지수),대구광역시,의료 정밀 광학 기기 및 시계 제조업,,,108,2020＝100
202502,생산자제품 재고지수(원지수),대구광역시,의료 정밀 광학 기기 및 시계 제조업,,,110.3,2020＝100
202503,생산자제품 재고지수(원지수),대구광역시,의료 정밀 광학 기기 및 시계 제조업,,,97.7,2020＝100
202504,생산자제품 재고지수(원지수),대구광역시,의료 정밀 광학 기기 및 시계 제조업,,,98.1,2020＝100
202505,생산자제품 재고지수(원지수),대구광역시,의료 정밀 광학 기기 및 시계 제조업,,,98.3,2020＝100
202506,생산자제품 재고지수(원지수),대구광역시,의료 정밀 광학 기기 및 시계 제조업,,,92.8,2020＝100
202507,생산자제품 재고지수(원지수),대구광역시,의료 정밀 광학 기기 및 시계 제조업,,,93.8,2020＝100
202508,생산자제품 재고지수(원지수),대구광역시,의료 정밀 광학 기기 및 시계 제조업,,,96.8,2020＝100
202509,생산자제품 재고지수(원지수),대구광역시,의료 정밀 광학 기기 및 시계 제조업,,,95.6,2020＝100
202510,생산자제품 재고지수(원지수),대구광역시,의료 정밀 광학 기기 및 시계 제조업,,,89.2,2020＝100
202511,생산자제품 재고지수(원지수),대구광역시,의료 정밀 광학 기기 및 시계 제조업,,,89.9,2020＝100
202512,생산자제품 재고지수(원지수),대구광역시,의료 정밀 광학 기기 및 시계 제조업,,,89.3,2020＝100
202501,생산지수(원지수),대구광역시,전기장비 제조업,,,120.6,2020＝100
202502,생산지수(원지수),대구광역시,전기장비 제조업,,,138.4,2020＝100
202503,생산지수(원지수),대구광역시,전기장비 제조업,,,134.8,2020＝100
202504,생산지수(원지수),대구광역시,전기장비 제조업,,,141.7,2020＝100
202505,생산지수(원지수),대구광역시,전기장비 제조업,,,133.8,2020＝100
202506,생산지수(원지수),대구광역시,전기장비 제조업,,,150.7,2020＝100
202507,생산지수(원지수),대구광역시,전기장비 제조업,,,139.8,2020＝100
202508,생산지수(원지수),대구광역시,전기장비 제조업,,,142.8,2020＝100
202509,생산지수(원지수),대구광역시,전기장비 제조업,,,144,2020＝100
202510,생산지수(원지수),대구광역시,전기장비 제조업,,,132.2,2020＝100
202511,생산지수(원지수),대구광역시,전기장비 제조업,,,146.5,2020＝100
202512,생산지수(원지수),대구광역시,전기장비 제조업,,,150.5,2020＝100
202501,생산자제품 출하지수(원지수),대구광역시,전기장비 제조업,,,125,2020＝100
202502,생산자제품 출하지수(원지수),대구광역시,전기장비 제조업,,,140.1,2020＝100
202503,생산자제품 출하지수(원지수),대구광역시,전기장비 제조업,,,137.5,2020＝100
202504,생산자제품 출하지수(원지수),대구광역시,전기장비 제조업,,,142.5,2020＝100
202505,생산자제품 출하지수(원지수),대구광역시,전기장비 제조업,,,138.9,2020＝100
202506,생산자제품 출하지수(원지수),대구광역시,전기장비 제조업,,,150.9,2020＝100
202507,생산자제품 출하지수(원지수),대구광역시,전기장비 제조업,,,140.5,2020＝100
202508,생산자제품 출하지수(원지수),대구광역시,전기장비 제조업,,,142.7,2020＝100
202509,생산자제품 출하지수(원지수),대구광역시,전기장비 제조업,,,144.5,2020＝100
202510,생산자제품 출하지수(원지수),대구광역시,전기장비 제조업,,,130.4,2020＝100
202511,생산자제품 출하지수(원지수),대구광역시,전기장비 제조업,,,146.4,2020＝100
202512,생산자제품 출하지수(원지수),대구광역시,전기장비 제조업,,,149.4,2020＝100
202501,생산자제품 재고지수(원지수),대구광역시,전기장비 제조업,,,141.7,2020＝100
202502,생산자제품 재고지수(원지수),대구광역시,전기장비 제조업,,,159.5,2020＝100
202503,생산자제품 재고지수(원지수),대구광역시,전기장비 제조업,,,141,2020＝100
202504,생산자제품 재고지수(원지수),대구광역시,전기장비 제조업,,,165.9,2020＝100
202505,생산자제품 재고지수(원지수),대구광역시,전기장비 제조업,,,143.4,2020＝100
202506,생산자제품 재고지수(원지수),대구광역시,전기장비 제조업,,,164,2020＝100
202507,생산자제품 재고지수(원지수),대구광역시,전기장비 제조업,,,130.1,2020＝100
202508,생산자제품 재고지수(원지수),대구광역시,전기장비 제조업,,,151.3,2020＝100
202509,생산자제품 재고지수(원지수),대구광역시,전기장비 제조업,,,172.8,2020＝100
202510,생산자제품 재고지수(원지수),대구광역시,전기장비 제조업,,,173.5,2020＝100
202511,생산자제품 재고지수(원지수),대구광역시,전기장비 제조업,,,145,2020＝100
202512,생산자제품 재고지수(원지수),대구광역시,전기장비 제조업,,,172.3,2020＝100
202501,생산지수(원지수),대구광역시,기타 기계 및 장비 제조업,,,92.9,2020＝100
202502,생산지수(원지수),대구광역시,기타 기계 및 장비 제조업,,,116.6,2020＝100
202503,생산지수(원지수),대구광역시,기타 기계 및 장비 제조업,,,118.7,2020＝100
202504,생산지수(원지수),대구광역시,기타 기계 및 장비 제조업,,,135,2020＝100
202505,생산지수(원지수),대구광역시,기타 기계 및 장비 제조업,,,140.7,2020＝100
202506,생산지수(원지수),대구광역시,기타 기계 및 장비 제조업,,,135.6,2020＝100
202507,생산지수(원지수),대구광역시,기타 기계 및 장비 제조업,,,128.3,2020＝100
202508,생산지수(원지수),대구광역시,기타 기계 및 장비 제조업,,,105.4,2020＝100
202509,생산지수(원지수),대구광역시,기타 기계 및 장비 제조업,,,122.9,2020＝100
202510,생산지수(원지수),대구광역시,기타 기계 및 장비 제조업,,,94.8,2020＝100
202511,생산지수(원지수),대구광역시,기타 기계 및 장비 제조업,,,141,2020＝100
202512,생산지수(원지수),대구광역시,기타 기계 및 장비 제조업,,,160,2020＝100
202501,생산자제품 출하지수(원지수),대구광역시,기타 기계 및 장비 제조업,,,91.3,2020＝100
202502,생산자제품 출하지수(원지수),대구광역시,기타 기계 및 장비 제조업,,,118.1,2020＝100
202503,생산자제품 출하지수(원지수),대구광역시,기타 기계 및 장비 제조업,,,145.9,2020＝100
202504,생산자제품 출하지수(원지수),대구광역시,기타 기계 및 장비 제조업,,,139.6,2020＝100
202505,생산자제품 출하지수(원지수),대구광역시,기타 기계 및 장비 제조업,,,141.9,2020＝100
202506,생산자제품 출하지수(원지수),대구광역시,기타 기계 및 장비 제조업,,,140.7,2020＝100
202507,생산자제품 출하지수(원지수),대구광역시,기타 기계 및 장비 제조업,,,122.2,2020＝100
202508,생산자제품 출하지수(원지수),대구광역시,기타 기계 및 장비 제조업,,,102.6,2020＝100
202509,생산자제품 출하지수(원지수),대구광역시,기타 기계 및 장비 제조업,,,136.4,2020＝100
202510,생산자제품 출하지수(원지수),대구광역시,기타 기계 및 장비 제조업,,,101,2020＝100
202511,생산자제품 출하지수(원지수),대구광역시,기타 기계 및 장비 제조업,,,143.3,2020＝100
202512,생산자제품 출하지수(원지수),대구광역시,기타 기계 및 장비 제조업,,,183.7,2020＝100
202501,생산자제품 재고지수(원지수),대구광역시,기타 기계 및 장비 제조업,,,398.1,2020＝100
202502,생산자제품 재고지수(원지수),대구광역시,기타 기계 및 장비 제조업,,,401.5,2020＝100
202503,생산자제품 재고지수(원지수),대구광역시,기타 기계 및 장비 제조업,,,357.2,2020＝100
202504,생산자제품 재고지수(원지수),대구광역시,기타 기계 및 장비 제조업,,,378.8,2020＝100
202505,생산자제품 재고지수(원지수),대구광역시,기타 기계 및 장비 제조업,,,398,2020＝100
202506,생산자제품 재고지수(원지수),대구광역시,기타 기계 및 장비 제조업,,,413,2020＝100
202507,생산자제품 재고지수(원지수),대구광역시,기타 기계 및 장비 제조업,,,432.8,2020＝100
202508,생산자제품 재고지수(원지수),대구광역시,기타 기계 및 장비 제조업,,,457.9,2020＝100
202509,생산자제품 재고지수(원지수),대구광역시,기타 기계 및 장비 제조업,,,430.7,2020＝100
202510,생산자제품 재고지수(원지수),대구광역시,기타 기계 및 장비 제조업,,,431.6,2020＝100
202511,생산자제품 재고지수(원지수),대구광역시,기타 기계 및 장비 제조업,,,430.5,2020＝100
202512,생산자제품 재고지수(원지수),대구광역시,기타 기계 및 장비 제조업,,,409.2,2020＝100
202501,생산지수(원지수),대구광역시,자동차 및 트레일러 제조업,,,122.9,2020＝100
202502,생산지수(원지수),대구광역시,자동차 및 트레일러 제조업,,,138,2020＝100
202503,생산지수(원지수),대구광역시,자동차 및 트레일러 제조업,,,142.2,2020＝100
202504,생산지수(원지수),대구광역시,자동차 및 트레일러 제조업,,,153.1,2020＝100
202505,생산지수(원지수),대구광역시,자동차 및 트레일러 제조업,,,142.1,2020＝100
202506,생산지수(원지수),대구광역시,자동차 및 트레일러 제조업,,,141.7,2020＝100
202507,생산지수(원지수),대구광역시,자동차 및 트레일러 제조업,,,133.9,2020＝100
202508,생산지수(원지수),대구광역시,자동차 및 트레일러 제조업,,,139.5,2020＝100
202509,생산지수(원지수),대구광역시,자동차 및 트레일러 제조업,,,143.9,2020＝100
202510,생산지수(원지수),대구광역시,자동차 및 트레일러 제조업,,,121.4,2020＝100
202511,생산지수(원지수),대구광역시,자동차 및 트레일러 제조업,,,140.1,2020＝100
202512,생산지수(원지수),대구광역시,자동차 및 트레일러 제조업,,,145.1,2020＝100
202501,생산자제품 출하지수(원지수),대구광역시,자동차 및 트레일러 제조업,,,122.2,2020＝100
202502,생산자제품 출하지수(원지수),대구광역시,자동차 및 트레일러 제조업,,,136.8,2020＝100
202503,생산자제품 출하지수(원지수),대구광역시,자동차 및 트레일러 제조업,,,143.4,2020＝100
202504,생산자제품 출하지수(원지수),대구광역시,자동차 및 트레일러 제조업,,,155.5,2020＝100
202505,생산자제품 출하지수(원지수),대구광역시,자동차 및 트레일러 제조업,,,143.6,2020＝100
202506,생산자제품 출하지수(원지수),대구광역시,자동차 및 트레일러 제조업,,,142.6,2020＝100
202507,생산자제품 출하지수(원지수),대구광역시,자동차 및 트레일러 제조업,,,136.2,2020＝100
202508,생산자제품 출하지수(원지수),대구광역시,자동차 및 트레일러 제조업,,,142.2,2020＝100
202509,생산자제품 출하지수(원지수),대구광역시,자동차 및 트레일러 제조업,,,148.2,2020＝100
202510,생산자제품 출하지수(원지수),대구광역시,자동차 및 트레일러 제조업,,,128.4,2020＝100
202511,생산자제품 출하지수(원지수),대구광역시,자동차 및 트레일러 제조업,,,142.2,2020＝100
202512,생산자제품 출하지수(원지수),대구광역시,자동차 및 트레일러 제조업,,,151.6,2020＝100
202501,생산자제품 재고지수(원지수),대구광역시,자동차 및 트레일러 제조업,,,130.6,2020＝100
202502,생산자제품 재고지수(원지수),대구광역시,자동차 및 트레일러 제조업,,,138.5,2020＝100
202503,생산자제품 재고지수(원지수),대구광역시,자동차 및 트레일러 제조업,,,129.9,2020＝100
202504,생산자제품 재고지수(원지수),대구광역시,자동차 및 트레일러 제조업,,,121.7,2020＝100
202505,생산자제품 재고지수(원지수),대구광역시,자동차 및 트레일러 제조업,,,131.3,2020＝100
202506,생산자제품 재고지수(원지수),대구광역시,자동차 및 트레일러 제조업,,,132.7,2020＝100
202507,생산자제품 재고지수(원지수),대구광역시,자동차 및 트레일러 제조업,,,128.3,2020＝100
202508,생산자제품 재고지수(원지수),대구광역시,자동차 및 트레일러 제조업,,,135.9,2020＝100
202509,생산자제품 재고지수(원지수),대구광역시,자동차 및 트레일러 제조업,,,114.7,2020＝100
202510,생산자제품 재고지수(원지수),대구광역시,자동차 및 트레일러 제조업,,,101.8,2020＝100
202511,생산자제품 재고지수(원지수),대구광역시,자동차 및 트레일러 제조업,,,112.2,2020＝100
202512,생산자제품 재고지수(원지수),대구광역시,자동차 및 트레일러 제조업,,,103.2,2020＝100
202501,생산지수(원지수),대구광역시,가구 제조업,,,47.3,2020＝100
202502,생산지수(원지수),대구광역시,가구 제조업,,,32.4,2020＝100
202503,생산지수(원지수),대구광역시,가구 제조업,,,56.2,2020＝100
202504,생산지수(원지수),대구광역시,가구 제조업,,,67.3,2020＝100
202505,생산지수(원지수),대구광역시,가구 제조업,,,33.5,2020＝100
202506,생산지수(원지수),대구광역시,가구 제조업,,,54.9,2020＝100
202507,생산지수(원지수),대구광역시,가구 제조업,,,46.9,2020＝100
202508,생산지수(원지수),대구광역시,가구 제조업,,,32.2,2020＝100
202509,생산지수(원지수),대구광역시,가구 제조업,,,56.2,2020＝100
202510,생산지수(원지수),대구광역시,가구 제조업,,,34.5,2020＝100
202511,생산지수(원지수),대구광역시,가구 제조업,,,85.2,2020＝100
202512,생산지수(원지수),대구광역시,가구 제조업,,,61.7,2020＝100
202501,생산자제품 출하지수(원지수),대구광역시,가구 제조업,,,47.6,2020＝100
202502,생산자제품 출하지수(원지수),대구광역시,가구 제조업,,,32.6,2020＝100
202503,생산자제품 출하지수(원지수),대구광역시,가구 제조업,,,56.6,2020＝100
202504,생산자제품 출하지수(원지수),대구광역시,가구 제조업,,,67.8,2020＝100
202505,생산자제품 출하지수(원지수),대구광역시,가구 제조업,,,33.8,2020＝100
202506,생산자제품 출하지수(원지수),대구광역시,가구 제조업,,,55.3,2020＝100
202507,생산자제품 출하지수(원지수),대구광역시,가구 제조업,,,47.2,2020＝100
202508,생산자제품 출하지수(원지수),대구광역시,가구 제조업,,,32.5,2020＝100
202509,생산자제품 출하지수(원지수),대구광역시,가구 제조업,,,56.6,2020＝100
202510,생산자제품 출하지수(원지수),대구광역시,가구 제조업,,,34.8,2020＝100
202511,생산자제품 출하지수(원지수),대구광역시,가구 제조업,,,85.8,2020＝100
202512,생산자제품 출하지수(원지수),대구광역시,가구 제조업,,,62.1,2020＝100
202501,생산지수(원지수),대구광역시,기타 제품 제조업,,,190,2020＝100
202502,생산지수(원지수),대구광역시,기타 제품 제조업,,,204.5,2020＝100
202503,생산지수(원지수),대구광역시,기타 제품 제조업,,,223.9,2020＝100
202504,생산지수(원지수),대구광역시,기타 제품 제조업,,,197.8,2020＝100
202505,생산지수(원지수),대구광역시,기타 제품 제조업,,,208.9,2020＝100
202506,생산지수(원지수),대구광역시,기타 제품 제조업,,,253.8,2020＝100
202507,생산지수(원지수),대구광역시,기타 제품 제조업,,,187.1,2020＝100
202508,생산지수(원지수),대구광역시,기타 제품 제조업,,,161.1,2020＝100
202509,생산지수(원지수),대구광역시,기타 제품 제조업,,,180.7,2020＝100
202510,생산지수(원지수),대구광역시,기타 제품 제조업,,,109.7,2020＝100
202511,생산지수(원지수),대구광역시,기타 제품 제조업,,,207.8,2020＝100
202512,생산지수(원지수),대구광역시,기타 제품 제조업,,,273.8,2020＝100
202501,생산자제품 출하지수(원지수),대구광역시,기타 제품 제조업,,,189.9,2020＝100
202502,생산자제품 출하지수(원지수),대구광역시,기타 제품 제조업,,,204.4,2020＝100
202503,생산자제품 출하지수(원지수),대구광역시,기타 제품 제조업,,,223.7,2020＝100
202504,생산자제품 출하지수(원지수),대구광역시,기타 제품 제조업,,,197.7,2020＝100
202505,생산자제품 출하지수(원지수),대구광역시,기타 제품 제조업,,,208.7,2020＝100
202506,생산자제품 출하지수(원지수),대구광역시,기타 제품 제조업,,,253.6,2020＝100
202507,생산자제품 출하지수(원지수),대구광역시,기타 제품 제조업,,,187,2020＝100
202508,생산자제품 출하지수(원지수),대구광역시,기타 제품 제조업,,,161,2020＝100
202509,생산자제품 출하지수(원지수),대구광역시,기타 제품 제조업,,,180.6,2020＝100
202510,생산자제품 출하지수(원지수),대구광역시,기타 제품 제조업,,,109.6,2020＝100
202511,생산자제품 출하지수(원지수),대구광역시,기타 제품 제조업,,,207.7,2020＝100
202512,생산자제품 출하지수(원지수),대구광역시,기타 제품 제조업,,,273.6,2020＝100
202501,생산자제품 재고지수(원지수),대구광역시,기타 제품 제조업,,,92.6,2020＝100
202502,생산자제품 재고지수(원지수),대구광역시,기타 제품 제조업,,,92.6,2020＝100
202503,생산자제품 재고지수(원지수),대구광역시,기타 제품 제조업,,,92.6,2020＝100
202504,생산자제품 재고지수(원지수),대구광역시,기타 제품 제조업,,,92.6,2020＝100
202505,생산자제품 재고지수(원지수),대구광역시,기타 제품 제조업,,,92.6,2020＝100
202506,생산자제품 재고지수(원지수),대구광역시,기타 제품 제조업,,,92.6,2020＝100
202507,생산자제품 재고지수(원지수),대구광역시,기타 제품 제조업,,,92.6,2020＝100
202508,생산자제품 재고지수(원지수),대구광역시,기타 제품 제조업,,,92.6,2020＝100
202509,생산자제품 재고지수(원지수),대구광역시,기타 제품 제조업,,,92.6,2020＝100
202510,생산자제품 재고지수(원지수),대구광역시,기타 제품 제조업,,,92.6,2020＝100
202511,생산자제품 재고지수(원지수),대구광역시,기타 제품 제조업,,,92.6,2020＝100
202512,생산자제품 재고지수(원지수),대구광역시,기타 제품 제조업,,,92.6,2020＝100
202501,생산지수(원지수),대구광역시,전기업 및 가스업,,,181.9,2020＝100
202502,생산지수(원지수),대구광역시,전기업 및 가스업,,,184.3,2020＝100
202503,생산지수(원지수),대구광역시,전기업 및 가스업,,,171.9,2020＝100
202504,생산지수(원지수),대구광역시,전기업 및 가스업,,,149.8,2020＝100
202505,생산지수(원지수),대구광역시,전기업 및 가스업,,,98.6,2020＝100
202506,생산지수(원지수),대구광역시,전기업 및 가스업,,,98.7,2020＝100
202507,생산지수(원지수),대구광역시,전기업 및 가스업,,,164.6,2020＝100
202508,생산지수(원지수),대구광역시,전기업 및 가스업,,,136.5,2020＝100
202509,생산지수(원지수),대구광역시,전기업 및 가스업,,,114.5,2020＝100
202510,생산지수(원지수),대구광역시,전기업 및 가스업,,,127.7,2020＝100
202511,생산지수(원지수),대구광역시,전기업 및 가스업,,,106.1,2020＝100
202512,생산지수(원지수),대구광역시,전기업 및 가스업,,,143.3,2020＝100
202501,생산자제품 출하지수(원지수),대구광역시,전기업 및 가스업,,,181.4,2020＝100
202502,생산자제품 출하지수(원지수),대구광역시,전기업 및 가스업,,,182.8,2020＝100
202503,생산자제품 출하지수(원지수),대구광역시,전기업 및 가스업,,,169.3,2020＝100
202504,생산자제품 출하지수(원지수),대구광역시,전기업 및 가스업,,,147.1,2020＝100
202505,생산자제품 출하지수(원지수),대구광역시,전기업 및 가스업,,,98.6,2020＝100
202506,생산자제품 출하지수(원지수),대구광역시,전기업 및 가스업,,,98.5,2020＝100
202507,생산자제품 출하지수(원지수),대구광역시,전기업 및 가스업,,,165,2020＝100
202508,생산자제품 출하지수(원지수),대구광역시,전기업 및 가스업,,,135.8,2020＝100
202509,생산자제품 출하지수(원지수),대구광역시,전기업 및 가스업,,,115.2,2020＝100
202510,생산자제품 출하지수(원지수),대구광역시,전기업 및 가스업,,,128.6,2020＝100
202511,생산자제품 출하지수(원지수),대구광역시,전기업 및 가스업,,,108,2020＝100
202512,생산자제품 출하지수(원지수),대구광역시,전기업 및 가스업,,,144.7,2020＝100
202501,생산지수(계절조정),대구광역시,전기업 및 가스업,,,137.6,2020＝100
202502,생산지수(계절조정),대구광역시,전기업 및 가스업,,,141.7,2020＝100
202503,생산지수(계절조정),대구광역시,전기업 및 가스업,,,137.3,2020＝100
202504,생산지수(계절조정),대구광역시,전기업 및 가스업,,,150.9,2020＝100
202505,생산지수(계절조정),대구광역시,전기업 및 가스업,,,110.2,2020＝100
202506,생산지수(계절조정),대구광역시,전기업 및 가스업,,,120.4,2020＝100
202507,생산지수(계절조정),대구광역시,전기업 및 가스업,,,205.4,2020＝100
202508,생산지수(계절조정),대구광역시,전기업 및 가스업,,,186.3,2020＝100
202509,생산지수(계절조정),대구광역시,전기업 및 가스업,,,142.3,2020＝100
202510,생산지수(계절조정),대구광역시,전기업 및 가스업,,,152.1,2020＝100
202511,생산지수(계절조정),대구광역시,전기업 및 가스업,,,107.4,2020＝100
202512,생산지수(계절조정),대구광역시,전기업 및 가스업,,,119.3,2020＝100
202501,생산자제품 출하지수(계절조정),대구광역시,전기업 및 가스업,,,137.1,2020＝100
202502,생산자제품 출하지수(계절조정),대구광역시,전기업 및 가스업,,,139.5,2020＝100
202503,생산자제품 출하지수(계절조정),대구광역시,전기업 및 가스업,,,138.2,2020＝100
202504,생산자제품 출하지수(계절조정),대구광역시,전기업 및 가스업,,,148,2020＝100
202505,생산자제품 출하지수(계절조정),대구광역시,전기업 및 가스업,,,111.7,2020＝100
202506,생산자제품 출하지수(계절조정),대구광역시,전기업 및 가스업,,,130.2,2020＝100
202507,생산자제품 출하지수(계절조정),대구광역시,전기업 및 가스업,,,198.6,2020＝100
202508,생산자제품 출하지수(계절조정),대구광역시,전기업 및 가스업,,,191.5,2020＝100
202509,생산자제품 출하지수(계절조정),대구광역시,전기업 및 가스업,,,150.4,2020＝100
202510,생산자제품 출하지수(계절조정),대구광역시,전기업 및 가스업,,,144.7,2020＝100
202511,생산자제품 출하지수(계절조정),대구광역시,전기업 및 가스업,,,106.8,2020＝100
202512,생산자제품 출하지수(계절조정),대구광역시,전기업 및 가스업,,,117.5,2020＝100
202501,생산지수(원지수),대구광역시,전기 가스 증기 및 공기 조절 공급업,,,181.9,2020＝100
202502,생산지수(원지수),대구광역시,전기 가스 증기 및 공기 조절 공급업,,,184.3,2020＝100
202503,생산지수(원지수),대구광역시,전기 가스 증기 및 공기 조절 공급업,,,171.9,2020＝100
202504,생산지수(원지수),대구광역시,전기 가스 증기 및 공기 조절 공급업,,,149.8,2020＝100
202505,생산지수(원지수),대구광역시,전기 가스 증기 및 공기 조절 공급업,,,98.6,2020＝100
202506,생산지수(원지수),대구광역시,전기 가스 증기 및 공기 조절 공급업,,,98.7,2020＝100
202507,생산지수(원지수),대구광역시,전기 가스 증기 및 공기 조절 공급업,,,164.6,2020＝100
202508,생산지수(원지수),대구광역시,전기 가스 증기 및 공기 조절 공급업,,,136.5,2020＝100
202509,생산지수(원지수),대구광역시,전기 가스 증기 및 공기 조절 공급업,,,114.5,2020＝100
202510,생산지수(원지수),대구광역시,전기 가스 증기 및 공기 조절 공급업,,,127.7,2020＝100
202511,생산지수(원지수),대구광역시,전기 가스 증기 및 공기 조절 공급업,,,106.1,2020＝100
202512,생산지수(원지수),대구광역시,전기 가스 증기 및 공기 조절 공급업,,,143.3,2020＝100
202501,생산자제품 출하지수(원지수),대구광역시,전기 가스 증기 및 공기 조절 공급업,,,181.4,2020＝100
202502,생산자제품 출하지수(원지수),대구광역시,전기 가스 증기 및 공기 조절 공급업,,,182.8,2020＝100
202503,생산자제품 출하지수(원지수),대구광역시,전기 가스 증기 및 공기 조절 공급업,,,169.3,2020＝100
202504,생산자제품 출하지수(원지수),대구광역시,전기 가스 증기 및 공기 조절 공급업,,,147.1,2020＝100
202505,생산자제품 출하지수(원지수),대구광역시,전기 가스 증기 및 공기 조절 공급업,,,98.6,2020＝100
202506,생산자제품 출하지수(원지수),대구광역시,전기 가스 증기 및 공기 조절 공급업,,,98.5,2020＝100
202507,생산자제품 출하지수(원지수),대구광역시,전기 가스 증기 및 공기 조절 공급업,,,165,2020＝100
202508,생산자제품 출하지수(원지수),대구광역시,전기 가스 증기 및 공기 조절 공급업,,,135.8,2020＝100
202509,생산자제품 출하지수(원지수),대구광역시,전기 가스 증기 및 공기 조절 공급업,,,115.2,2020＝100
202510,생산자제품 출하지수(원지수),대구광역시,전기 가스 증기 및 공기 조절 공급업,,,128.6,2020＝100
202511,생산자제품 출하지수(원지수),대구광역시,전기 가스 증기 및 공기 조절 공급업,,,108,2020＝100
202512,생산자제품 출하지수(원지수),대구광역시,전기 가스 증기 및 공기 조절 공급업,,,144.7,2020＝100
202601,생산지수(원지수),대구광역시,총지수,,,122.2,2020＝100
202602,생산지수(원지수),대구광역시,총지수,,,104.8,2020＝100
202603,생산지수(원지수),대구광역시,총지수,,,129.9,2020＝100
202604,생산지수(원지수),대구광역시,총지수,,,129.8,2020＝100
202605,생산지수(원지수),대구광역시,총지수,,,122.3,2020＝100
202606,생산지수(원지수),대구광역시,총지수,,,132.2,2020＝100
202607,생산지수(원지수),대구광역시,총지수,,,129.7,2020＝100
202608,생산지수(원지수),대구광역시,총지수,,,113.6,2020＝100
202601,생산자제품 출하지수(원지수),대구광역시,총지수,,,122.9,2020＝100
202602,생산자제품 출하지수(원지수),대구광역시,총지수,,,99.3,2020＝100
202603,생산자제품 출하지수(원지수),대구광역시,총지수,,,131.3,2020＝100
202604,생산자제품 출하지수(원지수),대구광역시,총지수,,,127.8,2020＝100
202605,생산자제품 출하지수(원지수),대구광역시,총지수,,,113.4,2020＝100
202606,생산자제품 출하지수(원지수),대구광역시,총지수,,,127.2,2020＝100
202607,생산자제품 출하지수(원지수),대구광역시,총지수,,,124.7,2020＝100
202608,생산자제품 출하지수(원지수),대구광역시,총지수,,,103.9,2020＝100
202601,생산자제품 재고지수(원지수),대구광역시,총지수,,,169.8,2020＝100
202602,생산자제품 재고지수(원지수),대구광역시,총지수,,,171.9,2020＝100
202603,생산자제품 재고지수(원지수),대구광역시,총지수,,,167.9,2020＝100
202604,생산자제품 재고지수(원지수),대구광역시,총지수,,,168.9,2020＝100
202605,생산자제품 재고지수(원지수),대구광역시,총지수,,,175.7,2020＝100
202606,생산자제품 재고지수(원지수),대구광역시,총지수,,,177.6,2020＝100
202607,생산자제품 재고지수(원지수),대구광역시,총지수,,,182.7,2020＝100
202608,생산자제품 재고지수(원지수),대구광역시,총지수,,,189,2020＝100
202601,생산지수(계절조정),대구광역시,총지수,,,118.1,2020＝100
202602,생산지수(계절조정),대구광역시,총지수,,,116.2,2020＝100
202603,생산지수(계절조정),대구광역시,총지수,,,122.2,2020＝100
202604,생산지수(계절조정),대구광역시,총지수,,,121.5,2020＝100
202605,생산지수(계절조정),대구광역시,총지수,,,122.2,2020＝100
202606,생산지수(계절조정),대구광역시,총지수,,,131.1,2020＝100
202607,생산지수(계절조정),대구광역시,총지수,,,136.9,2020＝100
202608,생산지수(계절조정),대구광역시,총지수,,,129.6,2020＝100
202601,생산자제품 출하지수(계절조정),대구광역시,총지수,,,119.8,2020＝100
202602,생산자제품 출하지수(계절조정),대구광역시,총지수,,,111.7,2020＝100
202603,생산자제품 출하지수(계절조정),대구광역시,총지수,,,122,2020＝100
202604,생산자제품 출하지수(계절조정),대구광역시,총지수,,,119.2,2020＝100
202605,생산자제품 출하지수(계절조정),대구광역시,총지수,,,114.7,2020＝100
202606,생산자제품 출하지수(계절조정),대구광역시,총지수,,,127.2,2020＝100
202607,생산자제품 출하지수(계절조정),대구광역시,총지수,,,129.9,2020＝100
202608,생산자제품 출하지수(계절조정),대구광역시,총지수,,,118.8,2020＝100
202601,생산자제품 재고지수(계절조정),대구광역시,총지수,,,168,2020＝100
202602,생산자제품 재고지수(계절조정),대구광역시,총지수,,,170.9,2020＝100
202603,생산자제품 재고지수(계절조정),대구광역시,총지수,,,170.1,2020＝100
202604,생산자제품 재고지수(계절조정),대구광역시,총지수,,,172.2,2020＝100
202605,생산자제품 재고지수(계절조정),대구광역시,총지수,,,177.9,2020＝100
202606,생산자제품 재고지수(계절조정),대구광역시,총지수,,,178,2020＝100
202607,생산자제품 재고지수(계절조정),대구광역시,총지수,,,181,2020＝100
202608,생산자제품 재고지수(계절조정),대구광역시,총지수,,,184.6,2020＝100
202601,생산지수(원지수),대구광역시,광업 및 제조업,,,119.4,2020＝100
202602,생산지수(원지수),대구광역시,광업 및 제조업,,,101.9,2020＝100
202603,생산지수(원지수),대구광역시,광업 및 제조업,,,127.3,2020＝100
202604,생산지수(원지수),대구광역시,광업 및 제조업,,,128.8,2020＝100
202605,생산지수(원지수),대구광역시,광업 및 제조업,,,121.6,2020＝100
202606,생산지수(원지수),대구광역시,광업 및 제조업,,,133.5,2020＝100
202607,생산지수(원지수),대구광역시,광업 및 제조업,,,130.7,2020＝100
202608,생산지수(원지수),대구광역시,광업 및 제조업,,,113.9,2020＝100
202601,생산자제품 출하지수(원지수),대구광역시,광업 및 제조업,,,121.1,2020＝100
202602,생산자제품 출하지수(원지수),대구광역시,광업 및 제조업,,,97.4,2020＝100
202603,생산자제품 출하지수(원지수),대구광역시,광업 및 제조업,,,129.7,2020＝100
202604,생산자제품 출하지수(원지수),대구광역시,광업 및 제조업,,,127.1,2020＝100
202605,생산자제품 출하지수(원지수),대구광역시,광업 및 제조업,,,112.7,2020＝100
202606,생산자제품 출하지수(원지수),대구광역시,광업 및 제조업,,,127.9,2020＝100
202607,생산자제품 출하지수(원지수),대구광역시,광업 및 제조업,,,125.2,2020＝100
202608,생산자제품 출하지수(원지수),대구광역시,광업 및 제조업,,,103.9,2020＝100
202601,생산자제품 재고지수(원지수),대구광역시,광업 및 제조업,,,169.8,2020＝100
202602,생산자제품 재고지수(원지수),대구광역시,광업 및 제조업,,,171.9,2020＝100
202603,생산자제품 재고지수(원지수),대구광역시,광업 및 제조업,,,167.9,2020＝100
202604,생산자제품 재고지수(원지수),대구광역시,광업 및 제조업,,,168.9,2020＝100
202605,생산자제품 재고지수(원지수),대구광역시,광업 및 제조업,,,175.7,2020＝100
202606,생산자제품 재고지수(원지수),대구광역시,광업 및 제조업,,,177.6,2020＝100
202607,생산자제품 재고지수(원지수),대구광역시,광업 및 제조업,,,182.7,2020＝100
202608,생산자제품 재고지수(원지수),대구광역시,광업 및 제조업,,,189,2020＝100
202601,생산지수(계절조정),대구광역시,광업 및 제조업,,,117.3,2020＝100
202602,생산지수(계절조정),대구광역시,광업 및 제조업,,,115.1,2020＝100
202603,생산지수(계절조정),대구광역시,광업 및 제조업,,,121,2020＝100
202604,생산지수(계절조정),대구광역시,광업 및 제조업,,,120.1,2020＝100
202605,생산지수(계절조정),대구광역시,광업 및 제조업,,,120.7,2020＝100
202606,생산지수(계절조정),대구광역시,광업 및 제조업,,,131.6,2020＝100
202607,생산지수(계절조정),대구광역시,광업 및 제조업,,,137,2020＝100
202608,생산지수(계절조정),대구광역시,광업 및 제조업,,,129,2020＝100
202601,생산자제품 출하지수(계절조정),대구광역시,광업 및 제조업,,,119.4,2020＝100
202602,생산자제품 출하지수(계절조정),대구광역시,광업 및 제조업,,,111,2020＝100
202603,생산자제품 출하지수(계절조정),대구광역시,광업 및 제조업,,,121.2,2020＝100
202604,생산자제품 출하지수(계절조정),대구광역시,광업 및 제조업,,,118.3,2020＝100
202605,생산자제품 출하지수(계절조정),대구광역시,광업 및 제조업,,,113.5,2020＝100
202606,생산자제품 출하지수(계절조정),대구광역시,광업 및 제조업,,,127.2,2020＝100
202607,생산자제품 출하지수(계절조정),대구광역시,광업 및 제조업,,,129.9,2020＝100
202608,생산자제품 출하지수(계절조정),대구광역시,광업 및 제조업,,,117.9,2020＝100
202601,생산자제품 재고지수(계절조정),대구광역시,광업 및 제조업,,,168,2020＝100
202602,생산자제품 재고지수(계절조정),대구광역시,광업 및 제조업,,,170.9,2020＝100
202603,생산자제품 재고지수(계절조정),대구광역시,광업 및 제조업,,,170.1,2020＝100
202604,생산자제품 재고지수(계절조정),대구광역시,광업 및 제조업,,,172.2,2020＝100
202605,생산자제품 재고지수(계절조정),대구광역시,광업 및 제조업,,,177.9,2020＝100
202606,생산자제품 재고지수(계절조정),대구광역시,광업 및 제조업,,,178,2020＝100
202607,생산자제품 재고지수(계절조정),대구광역시,광업 및 제조업,,,181,2020＝100
202608,생산자제품 재고지수(계절조정),대구광역시,광업 및 제조업,,,184.6,2020＝100
202601,생산지수(원지수),대구광역시,제조업,,,119.4,2020＝100
202602,생산지수(원지수),대구광역시,제조업,,,101.9,2020＝100
202603,생산지수(원지수),대구광역시,제조업,,,127.3,2020＝100
202604,생산지수(원지수),대구광역시,제조업,,,128.8,2020＝100
202605,생산지수(원지수),대구광역시,제조업,,,121.6,2020＝100
202606,생산지수(원지수),대구광역시,제조업,,,133.5,2020＝100
202607,생산지수(원지수),대구광역시,제조업,,,130.7,2020＝100
202608,생산지수(원지수),대구광역시,제조업,,,113.9,2020＝100
202601,생산자제품 출하지수(원지수),대구광역시,제조업,,,121.1,2020＝100
202602,생산자제품 출하지수(원지수),대구광역시,제조업,,,97.4,2020＝100
202603,생산자제품 출하지수(원지수),대구광역시,제조업,,,129.7,2020＝100
202604,생산자제품 출하지수(원지수),대구광역시,제조업,,,127.1,2020＝100
202605,생산자제품 출하지수(원지수),대구광역시,제조업,,,112.7,2020＝100
202606,생산자제품 출하지수(원지수),대구광역시,제조업,,,127.9,2020＝100
202607,생산자제품 출하지수(원지수),대구광역시,제조업,,,125.2,2020＝100
202608,생산자제품 출하지수(원지수),대구광역시,제조업,,,103.9,2020＝100
202601,생산자제품 재고지수(원지수),대구광역시,제조업,,,169.8,2020＝100
202602,생산자제품 재고지수(원지수),대구광역시,제조업,,,171.9,2020＝100
202603,생산자제품 재고지수(원지수),대구광역시,제조업,,,167.9,2020＝100
202604,생산자제품 재고지수(원지수),대구광역시,제조업,,,168.9,2020＝100
202605,생산자제품 재고지수(원지수),대구광역시,제조업,,,175.7,2020＝100
202606,생산자제품 재고지수(원지수),대구광역시,제조업,,,177.6,2020＝100
202607,생산자제품 재고지수(원지수),대구광역시,제조업,,,182.7,2020＝100
202608,생산자제품 재고지수(원지수),대구광역시,제조업,,,189,2020＝100
202601,생산지수(계절조정),대구광역시,제조업,,,117.3,2020＝100
202602,생산지수(계절조정),대구광역시,제조업,,,115.1,2020＝100
202603,생산지수(계절조정),대구광역시,제조업,,,121,2020＝100
202604,생산지수(계절조정),대구광역시,제조업,,,120.1,2020＝100
202605,생산지수(계절조정),대구광역시,제조업,,,120.7,2020＝100
202606,생산지수(계절조정),대구광역시,제조업,,,131.6,2020＝100
202607,생산지수(계절조정),대구광역시,제조업,,,137,2020＝100
202608,생산지수(계절조정),대구광역시,제조업,,,129,2020＝100
202601,생산자제품 출하지수(계절조정),대구광역시,제조업,,,119.4,2020＝100
202602,생산자제품 출하지수(계절조정),대구광역시,제조업,,,111,2020＝100
202603,생산자제품 출하지수(계절조정),대구광역시,제조업,,,121.2,2020＝100
202604,생산자제품 출하지수(계절조정),대구광역시,제조업,,,118.3,2020＝100
202605,생산자제품 출하지수(계절조정),대구광역시,제조업,,,113.5,2020＝100
202606,생산자제품 출하지수(계절조정),대구광역시,제조업,,,127.2,2020＝100
202607,생산자제품 출하지수(계절조정),대구광역시,제조업,,,129.9,2020＝100
202608,생산자제품 출하지수(계절조정),대구광역시,제조업,,,117.9,2020＝100
202601,생산자제품 재고지수(계절조정),대구광역시,제조업,,,168,2020＝100
202602,생산자제품 재고지수(계절조정),대구광역시,제조업,,,170.9,2020＝100
202603,생산자제품 재고지수(계절조정),대구광역시,제조업,,,170.1,2020＝100
202604,생산자제품 재고지수(계절조정),대구광역시,제조업,,,172.2,2020＝100
202605,생산자제품 재고지수(계절조정),대구광역시,제조업,,,177.9,2020＝100
202606,생산자제품 재고지수(계절조정),대구광역시,제조업,,,178,2020＝100
202607,생산자제품 재고지수(계절조정),대구광역시,제조업,,,181,2020＝100
202608,생산자제품 재고지수(계절조정),대구광역시,제조업,,,184.6,2020＝100
202601,생산지수(원지수),대구광역시,식료품 제조업,,,84.7,2020＝100
202602,생산지수(원지수),대구광역시,식료품 제조업,,,66.8,2020＝100
202603,생산지수(원지수),대구광역시,식료품 제조업,,,82,2020＝100
202604,생산지수(원지수),대구광역시,식료품 제조업,,,86.5,2020＝100
202605,생산지수(원지수),대구광역시,식료품 제조업,,,80.3,2020＝100
202606,생산지수(원지수),대구광역시,식료품 제조업,,,79.5,2020＝100
202607,생산지수(원지수),대구광역시,식료품 제조업,,,78.5,2020＝100
202608,생산지수(원지수),대구광역시,식료품 제조업,,,75.2,2020＝100
202601,생산자제품 출하지수(원지수),대구광역시,식료품 제조업,,,77.6,2020＝100
202602,생산자제품 출하지수(원지수),대구광역시,식료품 제조업,,,58.7,2020＝100
202603,생산자제품 출하지수(원지수),대구광역시,식료품 제조업,,,71.7,2020＝100
202604,생산자제품 출하지수(원지수),대구광역시,식료품 제조업,,,77.8,2020＝100
202605,생산자제품 출하지수(원지수),대구광역시,식료품 제조업,,,71,2020＝100
202606,생산자제품 출하지수(원지수),대구광역시,식료품 제조업,,,70,2020＝100
202607,생산자제품 출하지수(원지수),대구광역시,식료품 제조업,,,71.5,2020＝100
202608,생산자제품 출하지수(원지수),대구광역시,식료품 제조업,,,88.3,2020＝100
202601,생산자제품 재고지수(원지수),대구광역시,식료품 제조업,,,84,2020＝100
202602,생산자제품 재고지수(원지수),대구광역시,식료품 제조업,,,69.7,2020＝100
202603,생산자제품 재고지수(원지수),대구광역시,식료품 제조업,,,67.1,2020＝100
202604,생산자제품 재고지수(원지수),대구광역시,식료품 제조업,,,70.8,2020＝100
202605,생산자제품 재고지수(원지수),대구광역시,식료품 제조업,,,67.5,2020＝100
202606,생산자제품 재고지수(원지수),대구광역시,식료품 제조업,,,67.7,2020＝100
202607,생산자제품 재고지수(원지수),대구광역시,식료품 제조업,,,75.9,2020＝100
202608,생산자제품 재고지수(원지수),대구광역시,식료품 제조업,,,72.2,2020＝100
202601,생산지수(원지수),대구광역시,음료 제조업,,,63,2020＝100
202602,생산지수(원지수),대구광역시,음료 제조업,,,61.4,2020＝100
202603,생산지수(원지수),대구광역시,음료 제조업,,,59.4,2020＝100
202604,생산지수(원지수),대구광역시,음료 제조업,,,72.2,2020＝100
202605,생산지수(원지수),대구광역시,음료 제조업,,,76,2020＝100
202606,생산지수(원지수),대구광역시,음료 제조업,,,80.7,2020＝100
202607,생산지수(원지수),대구광역시,음료 제조업,,,77.6,2020＝100
202608,생산지수(원지수),대구광역시,음료 제조업,,,61,2020＝100
202601,생산자제품 출하지수(원지수),대구광역시,음료 제조업,,,60.3,2020＝100
202602,생산자제품 출하지수(원지수),대구광역시,음료 제조업,,,55.6,2020＝100
202603,생산자제품 출하지수(원지수),대구광역시,음료 제조업,,,58.7,2020＝100
202604,생산자제품 출하지수(원지수),대구광역시,음료 제조업,,,78.5,2020＝100
202605,생산자제품 출하지수(원지수),대구광역시,음료 제조업,,,72.5,2020＝100
202606,생산자제품 출하지수(원지수),대구광역시,음료 제조업,,,72,2020＝100
202607,생산자제품 출하지수(원지수),대구광역시,음료 제조업,,,73.7,2020＝100
202608,생산자제품 출하지수(원지수),대구광역시,음료 제조업,,,65,2020＝100
202601,생산자제품 재고지수(원지수),대구광역시,음료 제조업,,,140.3,2020＝100
202602,생산자제품 재고지수(원지수),대구광역시,음료 제조업,,,149.9,2020＝100
202603,생산자제품 재고지수(원지수),대구광역시,음료 제조업,,,152.6,2020＝100
202604,생산자제품 재고지수(원지수),대구광역시,음료 제조업,,,146,2020＝100
202605,생산자제품 재고지수(원지수),대구광역시,음료 제조업,,,155.5,2020＝100
202606,생산자제품 재고지수(원지수),대구광역시,음료 제조업,,,174.1,2020＝100
202607,생산자제품 재고지수(원지수),대구광역시,음료 제조업,,,185.2,2020＝100
202608,생산자제품 재고지수(원지수),대구광역시,음료 제조업,,,183.1,2020＝100
202601,생산지수(원지수),대구광역시,섬유제품 제조업; 의복 제외,,,87.7,2020＝100
202602,생산지수(원지수),대구광역시,섬유제품 제조업; 의복 제외,,,73.3,2020＝100
202603,생산지수(원지수),대구광역시,섬유제품 제조업; 의복 제외,,,89.9,2020＝100
202604,생산지수(원지수),대구광역시,섬유제품 제조업; 의복 제외,,,84.5,2020＝100
202605,생산지수(원지수),대구광역시,섬유제품 제조업; 의복 제외,,,78.7,2020＝100
202606,생산지수(원지수),대구광역시,섬유제품 제조업; 의복 제외,,,81.5,2020＝100
202607,생산지수(원지수),대구광역시,섬유제품 제조업; 의복 제외,,,81.6,2020＝100
202608,생산지수(원지수),대구광역시,섬유제품 제조업; 의복 제외,,,72,2020＝100
202601,생산자제품 출하지수(원지수),대구광역시,섬유제품 제조업; 의복 제외,,,91.9,2020＝100
202602,생산자제품 출하지수(원지수),대구광역시,섬유제품 제조업; 의복 제외,,,76.1,2020＝100
202603,생산자제품 출하지수(원지수),대구광역시,섬유제품 제조업; 의복 제외,,,94.4,2020＝100
202604,생산자제품 출하지수(원지수),대구광역시,섬유제품 제조업; 의복 제외,,,88.8,2020＝100
202605,생산자제품 출하지수(원지수),대구광역시,섬유제품 제조업; 의복 제외,,,90.4,2020＝100
202606,생산자제품 출하지수(원지수),대구광역시,섬유제품 제조업; 의복 제외,,,83.7,2020＝100
202607,생산자제품 출하지수(원지수),대구광역시,섬유제품 제조업; 의복 제외,,,82.8,2020＝100
202608,생산자제품 출하지수(원지수),대구광역시,섬유제품 제조업; 의복 제외,,,77.2,2020＝100
202601,생산자제품 재고지수(원지수),대구광역시,섬유제품 제조업; 의복 제외,,,102,2020＝100
202602,생산자제품 재고지수(원지수),대구광역시,섬유제품 제조업; 의복 제외,,,108.4,2020＝100
202603,생산자제품 재고지수(원지수),대구광역시,섬유제품 제조업; 의복 제외,,,102.9,2020＝100
202604,생산자제품 재고지수(원지수),대구광역시,섬유제품 제조업; 의복 제외,,,100.2,2020＝100
202605,생산자제품 재고지수(원지수),대구광역시,섬유제품 제조업; 의복 제외,,,87.9,2020＝100
202606,생산자제품 재고지수(원지수),대구광역시,섬유제품 제조업; 의복 제외,,,93,2020＝100
202607,생산자제품 재고지수(원지수),대구광역시,섬유제품 제조업; 의복 제외,,,94.9,2020＝100
202608,생산자제품 재고지수(원지수),대구광역시,섬유제품 제조업; 의복 제외,,,90.4,2020＝100
202601,생산지수(원지수),대구광역시,의복 의복액세서리 및 모피제품 제조업,,,40.6,2020＝100
202602,생산지수(원지수),대구광역시,의복 의복액세서리 및 모피제품 제조업,,,56,2020＝100
202603,생산지수(원지수),대구광역시,의복 의복액세서리 및 모피제품 제조업,,,66.2,2020＝100
202604,생산지수(원지수),대구광역시,의복 의복액세서리 및 모피제품 제조업,,,72.5,2020＝100
202605,생산지수(원지수),대구광역시,의복 의복액세서리 및 모피제품 제조업,,,64.6,2020＝100
202606,생산지수(원지수),대구광역시,의복 의복액세서리 및 모피제품 제조업,,,70.1,2020＝100
202607,생산지수(원지수),대구광역시,의복 의복액세서리 및 모피제품 제조업,,,47.3,2020＝100
202608,생산지수(원지수),대구광역시,의복 의복액세서리 및 모피제품 제조업,,,40.4,2020＝100
202601,생산자제품 출하지수(원지수),대구광역시,의복 의복액세서리 및 모피제품 제조업,,,44.3,2020＝100
202602,생산자제품 출하지수(원지수),대구광역시,의복 의복액세서리 및 모피제품 제조업,,,57.8,2020＝100
202603,생산자제품 출하지수(원지수),대구광역시,의복 의복액세서리 및 모피제품 제조업,,,72.4,2020＝100
202604,생산자제품 출하지수(원지수),대구광역시,의복 의복액세서리 및 모피제품 제조업,,,76.5,2020＝100
202605,생산자제품 출하지수(원지수),대구광역시,의복 의복액세서리 및 모피제품 제조업,,,65.4,2020＝100
202606,생산자제품 출하지수(원지수),대구광역시,의복 의복액세서리 및 모피제품 제조업,,,70,2020＝100
202607,생산자제품 출하지수(원지수),대구광역시,의복 의복액세서리 및 모피제품 제조업,,,51.5,2020＝100
202608,생산자제품 출하지수(원지수),대구광역시,의복 의복액세서리 및 모피제품 제조업,,,50.3,2020＝100
202601,생산자제품 재고지수(원지수),대구광역시,의복 의복액세서리 및 모피제품 제조업,,,131.8,2020＝100
202602,생산자제품 재고지수(원지수),대구광역시,의복 의복액세서리 및 모피제품 제조업,,,121.5,2020＝100
202603,생산자제품 재고지수(원지수),대구광역시,의복 의복액세서리 및 모피제품 제조업,,,112.2,2020＝100
202604,생산자제품 재고지수(원지수),대구광역시,의복 의복액세서리 및 모피제품 제조업,,,97.3,2020＝100
202605,생산자제품 재고지수(원지수),대구광역시,의복 의복액세서리 및 모피제품 제조업,,,96.9,2020＝100
202606,생산자제품 재고지수(원지수),대구광역시,의복 의복액세서리 및 모피제품 제조업,,,93.6,2020＝100
202607,생산자제품 재고지수(원지수),대구광역시,의복 의복액세서리 및 모피제품 제조업,,,98.1,2020＝100
202608,생산자제품 재고지수(원지수),대구광역시,의복 의복액세서리 및 모피제품 제조업,,,93.5,2020＝100
202601,생산지수(원지수),대구광역시,펄프 종이 및 종이제품 제조업,,,101.2,2020＝100
202602,생산지수(원지수),대구광역시,펄프 종이 및 종이제품 제조업,,,85.7,2020＝100
202603,생산지수(원지수),대구광역시,펄프 종이 및 종이제품 제조업,,,105.3,2020＝100
202604,생산지수(원지수),대구광역시,펄프 종이 및 종이제품 제조업,,,108.6,2020＝100
202605,생산지수(원지수),대구광역시,펄프 종이 및 종이제품 제조업,,,108,2020＝100
202606,생산지수(원지수),대구광역시,펄프 종이 및 종이제품 제조업,,,110.6,2020＝100
202607,생산지수(원지수),대구광역시,펄프 종이 및 종이제품 제조업,,,107.5,2020＝100
202608,생산지수(원지수),대구광역시,펄프 종이 및 종이제품 제조업,,,104.6,2020＝100
202601,생산자제품 출하지수(원지수),대구광역시,펄프 종이 및 종이제품 제조업,,,98.4,2020＝100
202602,생산자제품 출하지수(원지수),대구광역시,펄프 종이 및 종이제품 제조업,,,84.6,2020＝100
202603,생산자제품 출하지수(원지수),대구광역시,펄프 종이 및 종이제품 제조업,,,104.2,2020＝100
202604,생산자제품 출하지수(원지수),대구광역시,펄프 종이 및 종이제품 제조업,,,112.2,2020＝100
202605,생산자제품 출하지수(원지수),대구광역시,펄프 종이 및 종이제품 제조업,,,105.8,2020＝100
202606,생산자제품 출하지수(원지수),대구광역시,펄프 종이 및 종이제품 제조업,,,111.4,2020＝100
202607,생산자제품 출하지수(원지수),대구광역시,펄프 종이 및 종이제품 제조업,,,106.5,2020＝100
202608,생산자제품 출하지수(원지수),대구광역시,펄프 종이 및 종이제품 제조업,,,97.8,2020＝100
202601,생산자제품 재고지수(원지수),대구광역시,펄프 종이 및 종이제품 제조업,,,106.8,2020＝100
202602,생산자제품 재고지수(원지수),대구광역시,펄프 종이 및 종이제품 제조업,,,111.1,2020＝100
202603,생산자제품 재고지수(원지수),대구광역시,펄프 종이 및 종이제품 제조업,,,114.9,2020＝100
202604,생산자제품 재고지수(원지수),대구광역시,펄프 종이 및 종이제품 제조업,,,111.4,2020＝100
202605,생산자제품 재고지수(원지수),대구광역시,펄프 종이 및 종이제품 제조업,,,122.8,2020＝100
202606,생산자제품 재고지수(원지수),대구광역시,펄프 종이 및 종이제품 제조업,,,107.4,2020＝100
202607,생산자제품 재고지수(원지수),대구광역시,펄프 종이 및 종이제품 제조업,,,121.2,2020＝100
202608,생산자제품 재고지수(원지수),대구광역시,펄프 종이 및 종이제품 제조업,,,157.5,2020＝100
202601,생산지수(원지수),대구광역시,인쇄 및 기록매체 복제업,,,148.1,2020＝100
202602,생산지수(원지수),대구광역시,인쇄 및 기록매체 복제업,,,127.1,2020＝100
202603,생산지수(원지수),대구광역시,인쇄 및 기록매체 복제업,,,145.2,2020＝100
202604,생산지수(원지수),대구광역시,인쇄 및 기록매체 복제업,,,149.3,2020＝100
202605,생산지수(원지수),대구광역시,인쇄 및 기록매체 복제업,,,145.8,2020＝100
202606,생산지수(원지수),대구광역시,인쇄 및 기록매체 복제업,,,144,2020＝100
202607,생산지수(원지수),대구광역시,인쇄 및 기록매체 복제업,,,144.8,2020＝100
202608,생산지수(원지수),대구광역시,인쇄 및 기록매체 복제업,,,129.9,2020＝100
202601,생산자제품 출하지수(원지수),대구광역시,인쇄 및 기록매체 복제업,,,148,2020＝100
202602,생산자제품 출하지수(원지수),대구광역시,인쇄 및 기록매체 복제업,,,126.8,2020＝100
202603,생산자제품 출하지수(원지수),대구광역시,인쇄 및 기록매체 복제업,,,145.3,2020＝100
202604,생산자제품 출하지수(원지수),대구광역시,인쇄 및 기록매체 복제업,,,149.1,2020＝100
202605,생산자제품 출하지수(원지수),대구광역시,인쇄 및 기록매체 복제업,,,146,2020＝100
202606,생산자제품 출하지수(원지수),대구광역시,인쇄 및 기록매체 복제업,,,143.9,2020＝100
202607,생산자제품 출하지수(원지수),대구광역시,인쇄 및 기록매체 복제업,,,144.8,2020＝100
202608,생산자제품 출하지수(원지수),대구광역시,인쇄 및 기록매체 복제업,,,129.8,2020＝100
202601,생산지수(원지수),대구광역시,화학 물질 및 화학제품 제조업; 의약품 제외,,,145.8,2020＝100
202602,생산지수(원지수),대구광역시,화학 물질 및 화학제품 제조업; 의약품 제외,,,137.8,2020＝100
202603,생산지수(원지수),대구광역시,화학 물질 및 화학제품 제조업; 의약품 제외,,,114.1,2020＝100
202604,생산지수(원지수),대구광역시,화학 물질 및 화학제품 제조업; 의약품 제외,,,117.8,2020＝100
202605,생산지수(원지수),대구광역시,화학 물질 및 화학제품 제조업; 의약품 제외,,,114.6,2020＝100
202606,생산지수(원지수),대구광역시,화학 물질 및 화학제품 제조업; 의약품 제외,,,96.5,2020＝100
202607,생산지수(원지수),대구광역시,화학 물질 및 화학제품 제조업; 의약품 제외,,,75.7,2020＝100
202608,생산지수(원지수),대구광역시,화학 물질 및 화학제품 제조업; 의약품 제외,,,83.1,2020＝100
202601,생산자제품 출하지수(원지수),대구광역시,화학 물질 및 화학제품 제조업; 의약품 제외,,,162.9,2020＝100
202602,생산자제품 출하지수(원지수),대구광역시,화학 물질 및 화학제품 제조업; 의약품 제외,,,137.1,2020＝100
202603,생산자제품 출하지수(원지수),대구광역시,화학 물질 및 화학제품 제조업; 의약품 제외,,,151.3,2020＝100
202604,생산자제품 출하지수(원지수),대구광역시,화학 물질 및 화학제품 제조업; 의약품 제외,,,137.5,2020＝100
202605,생산자제품 출하지수(원지수),대구광역시,화학 물질 및 화학제품 제조업; 의약품 제외,,,129.1,2020＝100
202606,생산자제품 출하지수(원지수),대구광역시,화학 물질 및 화학제품 제조업; 의약품 제외,,,135.6,2020＝100
202607,생산자제품 출하지수(원지수),대구광역시,화학 물질 및 화학제품 제조업; 의약품 제외,,,93.2,2020＝100
202608,생산자제품 출하지수(원지수),대구광역시,화학 물질 및 화학제품 제조업; 의약품 제외,,,93.4,2020＝100
202601,생산자제품 재고지수(원지수),대구광역시,화학 물질 및 화학제품 제조업; 의약품 제외,,,132.9,2020＝100
202602,생산자제품 재고지수(원지수),대구광역시,화학 물질 및 화학제품 제조업; 의약품 제외,,,131.7,2020＝100
202603,생산자제품 재고지수(원지수),대구광역시,화학 물질 및 화학제품 제조업; 의약품 제외,,,116,2020＝100
202604,생산자제품 재고지수(원지수),대구광역시,화학 물질 및 화학제품 제조업; 의약품 제외,,,110.2,2020＝100
202605,생산자제품 재고지수(원지수),대구광역시,화학 물질 및 화학제품 제조업; 의약품 제외,,,106,2020＝100
202606,생산자제품 재고지수(원지수),대구광역시,화학 물질 및 화학제품 제조업; 의약품 제외,,,90.8,2020＝100
202607,생산자제품 재고지수(원지수),대구광역시,화학 물질 및 화학제품 제조업; 의약품 제외,,,83.3,2020＝100
202608,생산자제품 재고지수(원지수),대구광역시,화학 물질 및 화학제품 제조업; 의약품 제외,,,80.5,2020＝100
202601,생산지수(원지수),대구광역시,의료용 물질 및 의약품 제조업,,,104.8,2020＝100
202602,생산지수(원지수),대구광역시,의료용 물질 및 의약품 제조업,,,51.3,2020＝100
202603,생산지수(원지수),대구광역시,의료용 물질 및 의약품 제조업,,,118.7,2020＝100
202604,생산지수(원지수),대구광역시,의료용 물질 및 의약품 제조업,,,174.1,2020＝100
202605,생산지수(원지수),대구광역시,의료용 물질 및 의약품 제조업,,,143,2020＝100
202606,생산지수(원지수),대구광역시,의료용 물질 및 의약품 제조업,,,130.7,2020＝100
202607,생산지수(원지수),대구광역시,의료용 물질 및 의약품 제조업,,,187.2,2020＝100
202608,생산지수(원지수),대구광역시,의료용 물질 및 의약품 제조업,,,106.4,2020＝100
202601,생산자제품 출하지수(원지수),대구광역시,의료용 물질 및 의약품 제조업,,,124.5,2020＝100
202602,생산자제품 출하지수(원지수),대구광역시,의료용 물질 및 의약품 제조업,,,104.2,2020＝100
202603,생산자제품 출하지수(원지수),대구광역시,의료용 물질 및 의약품 제조업,,,116.2,2020＝100
202604,생산자제품 출하지수(원지수),대구광역시,의료용 물질 및 의약품 제조업,,,153.3,2020＝100
202605,생산자제품 출하지수(원지수),대구광역시,의료용 물질 및 의약품 제조업,,,141.9,2020＝100
202606,생산자제품 출하지수(원지수),대구광역시,의료용 물질 및 의약품 제조업,,,133.9,2020＝100
202607,생산자제품 출하지수(원지수),대구광역시,의료용 물질 및 의약품 제조업,,,172.9,2020＝100
202608,생산자제품 출하지수(원지수),대구광역시,의료용 물질 및 의약품 제조업,,,115.4,2020＝100
202601,생산지수(원지수),대구광역시,고무 및 플라스틱제품 제조업,,,117.5,2020＝100
202602,생산지수(원지수),대구광역시,고무 및 플라스틱제품 제조업,,,103.2,2020＝100
202603,생산지수(원지수),대구광역시,고무 및 플라스틱제품 제조업,,,129.1,2020＝100
202604,생산지수(원지수),대구광역시,고무 및 플라스틱제품 제조업,,,127.1,2020＝100
202605,생산지수(원지수),대구광역시,고무 및 플라스틱제품 제조업,,,116.6,2020＝100
202606,생산지수(원지수),대구광역시,고무 및 플라스틱제품 제조업,,,128.8,2020＝100
202607,생산지수(원지수),대구광역시,고무 및 플라스틱제품 제조업,,,130.8,2020＝100
202608,생산지수(원지수),대구광역시,고무 및 플라스틱제품 제조업,,,100.3,2020＝100
202601,생산자제품 출하지수(원지수),대구광역시,고무 및 플라스틱제품 제조업,,,121.9,2020＝100
202602,생산자제품 출하지수(원지수),대구광역시,고무 및 플라스틱제품 제조업,,,104.4,2020＝100
202603,생산자제품 출하지수(원지수),대구광역시,고무 및 플라스틱제품 제조업,,,131.6,2020＝100
202604,생산자제품 출하지수(원지수),대구광역시,고무 및 플라스틱제품 제조업,,,127.7,2020＝100
202605,생산자제품 출하지수(원지수),대구광역시,고무 및 플라스틱제품 제조업,,,119.1,2020＝100
202606,생산자제품 출하지수(원지수),대구광역시,고무 및 플라스틱제품 제조업,,,129.1,2020＝100
202607,생산자제품 출하지수(원지수),대구광역시,고무 및 플라스틱제품 제조업,,,131.6,2020＝100
202608,생산자제품 출하지수(원지수),대구광역시,고무 및 플라스틱제품 제조업,,,100.1,2020＝100
202601,생산자제품 재고지수(원지수),대구광역시,고무 및 플라스틱제품 제조업,,,121,2020＝100
202602,생산자제품 재고지수(원지수),대구광역시,고무 및 플라스틱제품 제조업,,,121.1,2020＝100
202603,생산자제품 재고지수(원지수),대구광역시,고무 및 플라스틱제품 제조업,,,117.5,2020＝100
202604,생산자제품 재고지수(원지수),대구광역시,고무 및 플라스틱제품 제조업,,,114.4,2020＝100
202605,생산자제품 재고지수(원지수),대구광역시,고무 및 플라스틱제품 제조업,,,109.9,2020＝100
202606,생산자제품 재고지수(원지수),대구광역시,고무 및 플라스틱제품 제조업,,,109.2,2020＝100
202607,생산자제품 재고지수(원지수),대구광역시,고무 및 플라스틱제품 제조업,,,111.1,2020＝100
202608,생산자제품 재고지수(원지수),대구광역시,고무 및 플라스틱제품 제조업,,,109.4,2020＝100
202601,생산지수(원지수),대구광역시,비금속 광물제품 제조업,,,25.7,2020＝100
202602,생산지수(원지수),대구광역시,비금속 광물제품 제조업,,,24.7,2020＝100
202603,생산지수(원지수),대구광역시,비금속 광물제품 제조업,,,30.3,2020＝100
202604,생산지수(원지수),대구광역시,비금속 광물제품 제조업,,,29.9,2020＝100
202605,생산지수(원지수),대구광역시,비금속 광물제품 제조업,,,24.2,2020＝100
202606,생산지수(원지수),대구광역시,비금속 광물제품 제조업,,,35.8,2020＝100
202607,생산지수(원지수),대구광역시,비금속 광물제품 제조업,,,31.6,2020＝100
202608,생산지수(원지수),대구광역시,비금속 광물제품 제조업,,,32.8,2020＝100
202601,생산자제품 출하지수(원지수),대구광역시,비금속 광물제품 제조업,,,24.6,2020＝100
202602,생산자제품 출하지수(원지수),대구광역시,비금속 광물제품 제조업,,,22,2020＝100
202603,생산자제품 출하지수(원지수),대구광역시,비금속 광물제품 제조업,,,30.3,2020＝100
202604,생산자제품 출하지수(원지수),대구광역시,비금속 광물제품 제조업,,,29.7,2020＝100
202605,생산자제품 출하지수(원지수),대구광역시,비금속 광물제품 제조업,,,24.2,2020＝100
202606,생산자제품 출하지수(원지수),대구광역시,비금속 광물제품 제조업,,,33.5,2020＝100
202607,생산자제품 출하지수(원지수),대구광역시,비금속 광물제품 제조업,,,25.8,2020＝100
202608,생산자제품 출하지수(원지수),대구광역시,비금속 광물제품 제조업,,,32.4,2020＝100
202601,생산자제품 재고지수(원지수),대구광역시,비금속 광물제품 제조업,,,60.8,2020＝100
202602,생산자제품 재고지수(원지수),대구광역시,비금속 광물제품 제조업,,,75,2020＝100
202603,생산자제품 재고지수(원지수),대구광역시,비금속 광물제품 제조업,,,74.2,2020＝100
202604,생산자제품 재고지수(원지수),대구광역시,비금속 광물제품 제조업,,,74.7,2020＝100
202605,생산자제품 재고지수(원지수),대구광역시,비금속 광물제품 제조업,,,73.5,2020＝100
202606,생산자제품 재고지수(원지수),대구광역시,비금속 광물제품 제조업,,,84.5,2020＝100
202607,생산자제품 재고지수(원지수),대구광역시,비금속 광물제품 제조업,,,96.7,2020＝100
202608,생산자제품 재고지수(원지수),대구광역시,비금속 광물제품 제조업,,,86,2020＝100
202601,생산지수(원지수),대구광역시,1차 금속 제조업,,,68.3,2020＝100
202602,생산지수(원지수),대구광역시,1차 금속 제조업,,,53.6,2020＝100
202603,생산지수(원지수),대구광역시,1차 금속 제조업,,,74.1,2020＝100
202604,생산지수(원지수),대구광역시,1차 금속 제조업,,,77.5,2020＝100
202605,생산지수(원지수),대구광역시,1차 금속 제조업,,,69.3,2020＝100
202606,생산지수(원지수),대구광역시,1차 금속 제조업,,,70.5,2020＝100
202607,생산지수(원지수),대구광역시,1차 금속 제조업,,,63.6,2020＝100
202608,생산지수(원지수),대구광역시,1차 금속 제조업,,,59.9,2020＝100
202601,생산자제품 출하지수(원지수),대구광역시,1차 금속 제조업,,,62.5,2020＝100
202602,생산자제품 출하지수(원지수),대구광역시,1차 금속 제조업,,,51.7,2020＝100
202603,생산자제품 출하지수(원지수),대구광역시,1차 금속 제조업,,,70.5,2020＝100
202604,생산자제품 출하지수(원지수),대구광역시,1차 금속 제조업,,,68.6,2020＝100
202605,생산자제품 출하지수(원지수),대구광역시,1차 금속 제조업,,,60.5,2020＝100
202606,생산자제품 출하지수(원지수),대구광역시,1차 금속 제조업,,,60.2,2020＝100
202607,생산자제품 출하지수(원지수),대구광역시,1차 금속 제조업,,,58.3,2020＝100
202608,생산자제품 출하지수(원지수),대구광역시,1차 금속 제조업,,,53,2020＝100
202601,생산자제품 재고지수(원지수),대구광역시,1차 금속 제조업,,,285.4,2020＝100
202602,생산자제품 재고지수(원지수),대구광역시,1차 금속 제조업,,,276.5,2020＝100
202603,생산자제품 재고지수(원지수),대구광역시,1차 금속 제조업,,,245.3,2020＝100
202604,생산자제품 재고지수(원지수),대구광역시,1차 금속 제조업,,,240.2,2020＝100
202605,생산자제품 재고지수(원지수),대구광역시,1차 금속 제조업,,,229.4,2020＝100
202606,생산자제품 재고지수(원지수),대구광역시,1차 금속 제조업,,,238.7,2020＝100
202607,생산자제품 재고지수(원지수),대구광역시,1차 금속 제조업,,,239.5,2020＝100
202608,생산자제품 재고지수(원지수),대구광역시,1차 금속 제조업,,,243.2,2020＝100
202601,생산지수(원지수),대구광역시,금속 가공제품 제조업; 기계 및 가구 제외,,,114.5,2020＝100
202602,생산지수(원지수),대구광역시,금속 가공제품 제조업; 기계 및 가구 제외,,,107.3,2020＝100
202603,생산지수(원지수),대구광역시,금속 가공제품 제조업; 기계 및 가구 제외,,,118.4,2020＝100
202604,생산지수(원지수),대구광역시,금속 가공제품 제조업; 기계 및 가구 제외,,,117,2020＝100
202605,생산지수(원지수),대구광역시,금속 가공제품 제조업; 기계 및 가구 제외,,,132.4,2020＝100
202606,생산지수(원지수),대구광역시,금속 가공제품 제조업; 기계 및 가구 제외,,,138.8,2020＝100
202607,생산지수(원지수),대구광역시,금속 가공제품 제조업; 기계 및 가구 제외,,,123.3,2020＝100
202608,생산지수(원지수),대구광역시,금속 가공제품 제조업; 기계 및 가구 제외,,,112.3,2020＝100
202601,생산자제품 출하지수(원지수),대구광역시,금속 가공제품 제조업; 기계 및 가구 제외,,,104,2020＝100
202602,생산자제품 출하지수(원지수),대구광역시,금속 가공제품 제조업; 기계 및 가구 제외,,,88.1,2020＝100
202603,생산자제품 출하지수(원지수),대구광역시,금속 가공제품 제조업; 기계 및 가구 제외,,,111.4,2020＝100
202604,생산자제품 출하지수(원지수),대구광역시,금속 가공제품 제조업; 기계 및 가구 제외,,,118.7,2020＝100
202605,생산자제품 출하지수(원지수),대구광역시,금속 가공제품 제조업; 기계 및 가구 제외,,,110.3,2020＝100
202606,생산자제품 출하지수(원지수),대구광역시,금속 가공제품 제조업; 기계 및 가구 제외,,,114.5,2020＝100
202607,생산자제품 출하지수(원지수),대구광역시,금속 가공제품 제조업; 기계 및 가구 제외,,,100.7,2020＝100
202608,생산자제품 출하지수(원지수),대구광역시,금속 가공제품 제조업; 기계 및 가구 제외,,,91.2,2020＝100
202601,생산자제품 재고지수(원지수),대구광역시,금속 가공제품 제조업; 기계 및 가구 제외,,,85.5,2020＝100
202602,생산자제품 재고지수(원지수),대구광역시,금속 가공제품 제조업; 기계 및 가구 제외,,,90.3,2020＝100
202603,생산자제품 재고지수(원지수),대구광역시,금속 가공제품 제조업; 기계 및 가구 제외,,,92.1,2020＝100
202604,생산자제품 재고지수(원지수),대구광역시,금속 가공제품 제조업; 기계 및 가구 제외,,,90.4,2020＝100
202605,생산자제품 재고지수(원지수),대구광역시,금속 가공제품 제조업; 기계 및 가구 제외,,,93.3,2020＝100
202606,생산자제품 재고지수(원지수),대구광역시,금속 가공제품 제조업; 기계 및 가구 제외,,,98.8,2020＝100
202607,생산자제품 재고지수(원지수),대구광역시,금속 가공제품 제조업; 기계 및 가구 제외,,,103.5,2020＝100
202608,생산자제품 재고지수(원지수),대구광역시,금속 가공제품 제조업; 기계 및 가구 제외,,,112.3,2020＝100
202601,생산지수(원지수),대구광역시,전자 부품 컴퓨터 영상 음향 및 통신장비 제조업,,,205.5,2020＝100
202602,생산지수(원지수),대구광역시,전자 부품 컴퓨터 영상 음향 및 통신장비 제조업,,,186.9,2020＝100
202603,생산지수(원지수),대구광역시,전자 부품 컴퓨터 영상 음향 및 통신장비 제조업,,,233.1,2020＝100
202604,생산지수(원지수),대구광역시,전자 부품 컴퓨터 영상 음향 및 통신장비 제조업,,,277.6,2020＝100
202605,생산지수(원지수),대구광역시,전자 부품 컴퓨터 영상 음향 및 통신장비 제조업,,,262,2020＝100
202606,생산지수(원지수),대구광역시,전자 부품 컴퓨터 영상 음향 및 통신장비 제조업,,,300.4,2020＝100
202607,생산지수(원지수),대구광역시,전자 부품 컴퓨터 영상 음향 및 통신장비 제조업,,,268.6,2020＝100
202608,생산지수(원지수),대구광역시,전자 부품 컴퓨터 영상 음향 및 통신장비 제조업,,,334.4,2020＝100
202601,생산자제품 출하지수(원지수),대구광역시,전자 부품 컴퓨터 영상 음향 및 통신장비 제조업,,,218.6,2020＝100
202602,생산자제품 출하지수(원지수),대구광역시,전자 부품 컴퓨터 영상 음향 및 통신장비 제조업,,,196,2020＝100
202603,생산자제품 출하지수(원지수),대구광역시,전자 부품 컴퓨터 영상 음향 및 통신장비 제조업,,,277.1,2020＝100
202604,생산자제품 출하지수(원지수),대구광역시,전자 부품 컴퓨터 영상 음향 및 통신장비 제조업,,,283.5,2020＝100
202605,생산자제품 출하지수(원지수),대구광역시,전자 부품 컴퓨터 영상 음향 및 통신장비 제조업,,,235.6,2020＝100
202606,생산자제품 출하지수(원지수),대구광역시,전자 부품 컴퓨터 영상 음향 및 통신장비 제조업,,,272.3,2020＝100
202607,생산자제품 출하지수(원지수),대구광역시,전자 부품 컴퓨터 영상 음향 및 통신장비 제조업,,,275.1,2020＝100
202608,생산자제품 출하지수(원지수),대구광역시,전자 부품 컴퓨터 영상 음향 및 통신장비 제조업,,,268.2,2020＝100
202601,생산자제품 재고지수(원지수),대구광역시,전자 부품 컴퓨터 영상 음향 및 통신장비 제조업,,,155.6,2020＝100
202602,생산자제품 재고지수(원지수),대구광역시,전자 부품 컴퓨터 영상 음향 및 통신장비 제조업,,,145.9,2020＝100
202603,생산자제품 재고지수(원지수),대구광역시,전자 부품 컴퓨터 영상 음향 및 통신장비 제조업,,,75.6,2020＝100
202604,생산자제품 재고지수(원지수),대구광역시,전자 부품 컴퓨터 영상 음향 및 통신장비 제조업,,,64.2,2020＝100
202605,생산자제품 재고지수(원지수),대구광역시,전자 부품 컴퓨터 영상 음향 및 통신장비 제조업,,,100.1,2020＝100
202606,생산자제품 재고지수(원지수),대구광역시,전자 부품 컴퓨터 영상 음향 및 통신장비 제조업,,,137,2020＝100
202607,생산자제품 재고지수(원지수),대구광역시,전자 부품 컴퓨터 영상 음향 및 통신장비 제조업,,,121.7,2020＝100
202608,생산자제품 재고지수(원지수),대구광역시,전자 부품 컴퓨터 영상 음향 및 통신장비 제조업,,,215,2020＝100
202601,생산지수(원지수),대구광역시,의료 정밀 광학 기기 및 시계 제조업,,,160.8,2020＝100
202602,생산지수(원지수),대구광역시,의료 정밀 광학 기기 및 시계 제조업,,,109.8,2020＝100
202603,생산지수(원지수),대구광역시,의료 정밀 광학 기기 및 시계 제조업,,,161.1,2020＝100
202604,생산지수(원지수),대구광역시,의료 정밀 광학 기기 및 시계 제조업,,,149.2,2020＝100
202605,생산지수(원지수),대구광역시,의료 정밀 광학 기기 및 시계 제조업,,,136,2020＝100
202606,생산지수(원지수),대구광역시,의료 정밀 광학 기기 및 시계 제조업,,,170.3,2020＝100
202607,생산지수(원지수),대구광역시,의료 정밀 광학 기기 및 시계 제조업,,,158.6,2020＝100
202608,생산지수(원지수),대구광역시,의료 정밀 광학 기기 및 시계 제조업,,,132.6,2020＝100
202601,생산자제품 출하지수(원지수),대구광역시,의료 정밀 광학 기기 및 시계 제조업,,,327.3,2020＝100
202602,생산자제품 출하지수(원지수),대구광역시,의료 정밀 광학 기기 및 시계 제조업,,,129,2020＝100
202603,생산자제품 출하지수(원지수),대구광역시,의료 정밀 광학 기기 및 시계 제조업,,,161.7,2020＝100
202604,생산자제품 출하지수(원지수),대구광역시,의료 정밀 광학 기기 및 시계 제조업,,,181.4,2020＝100
202605,생산자제품 출하지수(원지수),대구광역시,의료 정밀 광학 기기 및 시계 제조업,,,160.6,2020＝100
202606,생산자제품 출하지수(원지수),대구광역시,의료 정밀 광학 기기 및 시계 제조업,,,239.2,2020＝100
202607,생산자제품 출하지수(원지수),대구광역시,의료 정밀 광학 기기 및 시계 제조업,,,222.1,2020＝100
202608,생산자제품 출하지수(원지수),대구광역시,의료 정밀 광학 기기 및 시계 제조업,,,133.7,2020＝100
202601,생산자제품 재고지수(원지수),대구광역시,의료 정밀 광학 기기 및 시계 제조업,,,88.2,2020＝100
202602,생산자제품 재고지수(원지수),대구광역시,의료 정밀 광학 기기 및 시계 제조업,,,87.7,2020＝100
202603,생산자제품 재고지수(원지수),대구광역시,의료 정밀 광학 기기 및 시계 제조업,,,79.6,2020＝100
202604,생산자제품 재고지수(원지수),대구광역시,의료 정밀 광학 기기 및 시계 제조업,,,87.7,2020＝100
202605,생산자제품 재고지수(원지수),대구광역시,의료 정밀 광학 기기 및 시계 제조업,,,86.8,2020＝100
202606,생산자제품 재고지수(원지수),대구광역시,의료 정밀 광학 기기 및 시계 제조업,,,82.5,2020＝100
202607,생산자제품 재고지수(원지수),대구광역시,의료 정밀 광학 기기 및 시계 제조업,,,83.5,2020＝100
202608,생산자제품 재고지수(원지수),대구광역시,의료 정밀 광학 기기 및 시계 제조업,,,87.8,2020＝100
202601,생산지수(원지수),대구광역시,전기장비 제조업,,,142,2020＝100
202602,생산지수(원지수),대구광역시,전기장비 제조업,,,117.2,2020＝100
202603,생산지수(원지수),대구광역시,전기장비 제조업,,,146.4,2020＝100
202604,생산지수(원지수),대구광역시,전기장비 제조업,,,133.8,2020＝100
202605,생산지수(원지수),대구광역시,전기장비 제조업,,,114.9,2020＝100
202606,생산지수(원지수),대구광역시,전기장비 제조업,,,139.9,2020＝100
202607,생산지수(원지수),대구광역시,전기장비 제조업,,,177.9,2020＝100
202608,생산지수(원지수),대구광역시,전기장비 제조업,,,107.2,2020＝100
202601,생산자제품 출하지수(원지수),대구광역시,전기장비 제조업,,,140.8,2020＝100
202602,생산자제품 출하지수(원지수),대구광역시,전기장비 제조업,,,113.8,2020＝100
202603,생산자제품 출하지수(원지수),대구광역시,전기장비 제조업,,,146,2020＝100
202604,생산자제품 출하지수(원지수),대구광역시,전기장비 제조업,,,131,2020＝100
202605,생산자제품 출하지수(원지수),대구광역시,전기장비 제조업,,,114.1,2020＝100
202606,생산자제품 출하지수(원지수),대구광역시,전기장비 제조업,,,139.8,2020＝100
202607,생산자제품 출하지수(원지수),대구광역시,전기장비 제조업,,,174.6,2020＝100
202608,생산자제품 출하지수(원지수),대구광역시,전기장비 제조업,,,94.4,2020＝100
202601,생산자제품 재고지수(원지수),대구광역시,전기장비 제조업,,,162.3,2020＝100
202602,생산자제품 재고지수(원지수),대구광역시,전기장비 제조업,,,155.4,2020＝100
202603,생산자제품 재고지수(원지수),대구광역시,전기장비 제조업,,,172.8,2020＝100
202604,생산자제품 재고지수(원지수),대구광역시,전기장비 제조업,,,148.3,2020＝100
202605,생산자제품 재고지수(원지수),대구광역시,전기장비 제조업,,,154.2,2020＝100
202606,생산자제품 재고지수(원지수),대구광역시,전기장비 제조업,,,145.6,2020＝100
202607,생산자제품 재고지수(원지수),대구광역시,전기장비 제조업,,,179.2,2020＝100
202608,생산자제품 재고지수(원지수),대구광역시,전기장비 제조업,,,184.9,2020＝100
202601,생산지수(원지수),대구광역시,기타 기계 및 장비 제조업,,,116.7,2020＝100
202602,생산지수(원지수),대구광역시,기타 기계 및 장비 제조업,,,93.8,2020＝100
202603,생산지수(원지수),대구광역시,기타 기계 및 장비 제조업,,,132,2020＝100
202604,생산지수(원지수),대구광역시,기타 기계 및 장비 제조업,,,142.6,2020＝100
202605,생산지수(원지수),대구광역시,기타 기계 및 장비 제조업,,,120.2,2020＝100
202606,생산지수(원지수),대구광역시,기타 기계 및 장비 제조업,,,135.8,2020＝100
202607,생산지수(원지수),대구광역시,기타 기계 및 장비 제조업,,,139.5,2020＝100
202608,생산지수(원지수),대구광역시,기타 기계 및 장비 제조업,,,133.8,2020＝100
202601,생산자제품 출하지수(원지수),대구광역시,기타 기계 및 장비 제조업,,,106.4,2020＝100
202602,생산자제품 출하지수(원지수),대구광역시,기타 기계 및 장비 제조업,,,85.3,2020＝100
202603,생산자제품 출하지수(원지수),대구광역시,기타 기계 및 장비 제조업,,,146,2020＝100
202604,생산자제품 출하지수(원지수),대구광역시,기타 기계 및 장비 제조업,,,132.8,2020＝100
202605,생산자제품 출하지수(원지수),대구광역시,기타 기계 및 장비 제조업,,,95.2,2020＝100
202606,생산자제품 출하지수(원지수),대구광역시,기타 기계 및 장비 제조업,,,128.1,2020＝100
202607,생산자제품 출하지수(원지수),대구광역시,기타 기계 및 장비 제조업,,,124.8,2020＝100
202608,생산자제품 출하지수(원지수),대구광역시,기타 기계 및 장비 제조업,,,122.4,2020＝100
202601,생산자제품 재고지수(원지수),대구광역시,기타 기계 및 장비 제조업,,,428.9,2020＝100
202602,생산자제품 재고지수(원지수),대구광역시,기타 기계 및 장비 제조업,,,447.1,2020＝100
202603,생산자제품 재고지수(원지수),대구광역시,기타 기계 및 장비 제조업,,,456,2020＝100
202604,생산자제품 재고지수(원지수),대구광역시,기타 기계 및 장비 제조업,,,487.9,2020＝100
202605,생산자제품 재고지수(원지수),대구광역시,기타 기계 및 장비 제조업,,,529.4,2020＝100
202606,생산자제품 재고지수(원지수),대구광역시,기타 기계 및 장비 제조업,,,525.8,2020＝100
202607,생산자제품 재고지수(원지수),대구광역시,기타 기계 및 장비 제조업,,,540.3,2020＝100
202608,생산자제품 재고지수(원지수),대구광역시,기타 기계 및 장비 제조업,,,529.1,2020＝100
202601,생산지수(원지수),대구광역시,자동차 및 트레일러 제조업,,,148,2020＝100
202602,생산지수(원지수),대구광역시,자동차 및 트레일러 제조업,,,126.9,2020＝100
202603,생산지수(원지수),대구광역시,자동차 및 트레일러 제조업,,,161.2,2020＝100
202604,생산지수(원지수),대구광역시,자동차 및 트레일러 제조업,,,154.2,2020＝100
202605,생산지수(원지수),대구광역시,자동차 및 트레일러 제조업,,,145.5,2020＝100
202606,생산지수(원지수),대구광역시,자동차 및 트레일러 제조업,,,163.6,2020＝100
202607,생산지수(원지수),대구광역시,자동차 및 트레일러 제조업,,,156,2020＝100
202608,생산지수(원지수),대구광역시,자동차 및 트레일러 제조업,,,114.9,2020＝100
202601,생산자제품 출하지수(원지수),대구광역시,자동차 및 트레일러 제조업,,,147,2020＝100
202602,생산자제품 출하지수(원지수),대구광역시,자동차 및 트레일러 제조업,,,126.6,2020＝100
202603,생산자제품 출하지수(원지수),대구광역시,자동차 및 트레일러 제조업,,,161.1,2020＝100
202604,생산자제품 출하지수(원지수),대구광역시,자동차 및 트레일러 제조업,,,154.5,2020＝100
202605,생산자제품 출하지수(원지수),대구광역시,자동차 및 트레일러 제조업,,,144.9,2020＝100
202606,생산자제품 출하지수(원지수),대구광역시,자동차 및 트레일러 제조업,,,163.1,2020＝100
202607,생산자제품 출하지수(원지수),대구광역시,자동차 및 트레일러 제조업,,,155.3,2020＝100
202608,생산자제품 출하지수(원지수),대구광역시,자동차 및 트레일러 제조업,,,113.6,2020＝100
202601,생산자제품 재고지수(원지수),대구광역시,자동차 및 트레일러 제조업,,,111.7,2020＝100
202602,생산자제품 재고지수(원지수),대구광역시,자동차 및 트레일러 제조업,,,110.2,2020＝100
202603,생산자제품 재고지수(원지수),대구광역시,자동차 및 트레일러 제조업,,,111.6,2020＝100
202604,생산자제품 재고지수(원지수),대구광역시,자동차 및 트레일러 제조업,,,108.4,2020＝100
202605,생산자제품 재고지수(원지수),대구광역시,자동차 및 트레일러 제조업,,,108.9,2020＝100
202606,생산자제품 재고지수(원지수),대구광역시,자동차 및 트레일러 제조업,,,108.7,2020＝100
202607,생산자제품 재고지수(원지수),대구광역시,자동차 및 트레일러 제조업,,,107.9,2020＝100
202608,생산자제품 재고지수(원지수),대구광역시,자동차 및 트레일러 제조업,,,113.7,2020＝100
202601,생산지수(원지수),대구광역시,가구 제조업,,,20.8,2020＝100
202602,생산지수(원지수),대구광역시,가구 제조업,,,63.2,2020＝100
202603,생산지수(원지수),대구광역시,가구 제조업,,,87.6,2020＝100
202604,생산지수(원지수),대구광역시,가구 제조업,,,29.4,2020＝100
202605,생산지수(원지수),대구광역시,가구 제조업,,,29.1,2020＝100
202606,생산지수(원지수),대구광역시,가구 제조업,,,16.2,2020＝100
202607,생산지수(원지수),대구광역시,가구 제조업,,,35.6,2020＝100
202608,생산지수(원지수),대구광역시,가구 제조업,,,22.9,2020＝100
202601,생산자제품 출하지수(원지수),대구광역시,가구 제조업,,,21,2020＝100
202602,생산자제품 출하지수(원지수),대구광역시,가구 제조업,,,63.6,2020＝100
202603,생산자제품 출하지수(원지수),대구광역시,가구 제조업,,,88.2,2020＝100
202604,생산자제품 출하지수(원지수),대구광역시,가구 제조업,,,29.6,2020＝100
202605,생산자제품 출하지수(원지수),대구광역시,가구 제조업,,,29.3,2020＝100
202606,생산자제품 출하지수(원지수),대구광역시,가구 제조업,,,16.3,2020＝100
202607,생산자제품 출하지수(원지수),대구광역시,가구 제조업,,,35.8,2020＝100
202608,생산자제품 출하지수(원지수),대구광역시,가구 제조업,,,23,2020＝100
202601,생산지수(원지수),대구광역시,기타 제품 제조업,,,121,2020＝100
202602,생산지수(원지수),대구광역시,기타 제품 제조업,,,125.7,2020＝100
202603,생산지수(원지수),대구광역시,기타 제품 제조업,,,165.4,2020＝100
202604,생산지수(원지수),대구광역시,기타 제품 제조업,,,205.5,2020＝100
202605,생산지수(원지수),대구광역시,기타 제품 제조업,,,153.9,2020＝100
202606,생산지수(원지수),대구광역시,기타 제품 제조업,,,147.4,2020＝100
202607,생산지수(원지수),대구광역시,기타 제품 제조업,,,184.5,2020＝100
202608,생산지수(원지수),대구광역시,기타 제품 제조업,,,125.1,2020＝100
202601,생산자제품 출하지수(원지수),대구광역시,기타 제품 제조업,,,120.9,2020＝100
202602,생산자제품 출하지수(원지수),대구광역시,기타 제품 제조업,,,125.6,2020＝100
202603,생산자제품 출하지수(원지수),대구광역시,기타 제품 제조업,,,165.3,2020＝100
202604,생산자제품 출하지수(원지수),대구광역시,기타 제품 제조업,,,205.4,2020＝100
202605,생산자제품 출하지수(원지수),대구광역시,기타 제품 제조업,,,153.8,2020＝100
202606,생산자제품 출하지수(원지수),대구광역시,기타 제품 제조업,,,147.3,2020＝100
202607,생산자제품 출하지수(원지수),대구광역시,기타 제품 제조업,,,184.4,2020＝100
202608,생산자제품 출하지수(원지수),대구광역시,기타 제품 제조업,,,126.3,2020＝100
202601,생산자제품 재고지수(원지수),대구광역시,기타 제품 제조업,,,92.6,2020＝100
202602,생산자제품 재고지수(원지수),대구광역시,기타 제품 제조업,,,92.6,2020＝100
202603,생산자제품 재고지수(원지수),대구광역시,기타 제품 제조업,,,92.6,2020＝100
202604,생산자제품 재고지수(원지수),대구광역시,기타 제품 제조업,,,92.6,2020＝100
202605,생산자제품 재고지수(원지수),대구광역시,기타 제품 제조업,,,92.6,2020＝100
202606,생산자제품 재고지수(원지수),대구광역시,기타 제품 제조업,,,92.6,2020＝100
202607,생산자제품 재고지수(원지수),대구광역시,기타 제품 제조업,,,92.6,2020＝100
202608,생산자제품 재고지수(원지수),대구광역시,기타 제품 제조업,,,92.6,2020＝100
202601,생산지수(원지수),대구광역시,전기업 및 가스업,,,193.2,2020＝100
202602,생산지수(원지수),대구광역시,전기업 및 가스업,,,176.6,2020＝100
202603,생산지수(원지수),대구광역시,전기업 및 가스업,,,192.2,2020＝100
202604,생산지수(원지수),대구광역시,전기업 및 가스업,,,155.1,2020＝100
202605,생산지수(원지수),대구광역시,전기업 및 가스업,,,140,2020＝100
202606,생산지수(원지수),대구광역시,전기업 및 가스업,,,100.3,2020＝100
202607,생산지수(원지수),대구광역시,전기업 및 가스업,,,106.8,2020＝100
202608,생산지수(원지수),대구광역시,전기업 및 가스업,,,105.5,2020＝100
202601,생산자제품 출하지수(원지수),대구광역시,전기업 및 가스업,,,192.1,2020＝100
202602,생산자제품 출하지수(원지수),대구광역시,전기업 및 가스업,,,172.2,2020＝100
202603,생산자제품 출하지수(원지수),대구광역시,전기업 및 가스업,,,190.8,2020＝100
202604,생산자제품 출하지수(원지수),대구광역시,전기업 및 가스업,,,153,2020＝100
202605,생산자제품 출하지수(원지수),대구광역시,전기업 및 가스업,,,140.8,2020＝100
202606,생산자제품 출하지수(원지수),대구광역시,전기업 및 가스업,,,99.6,2020＝100
202607,생산자제품 출하지수(원지수),대구광역시,전기업 및 가스업,,,105.7,2020＝100
202608,생산자제품 출하지수(원지수),대구광역시,전기업 및 가스업,,,105.6,2020＝100
202601,생산지수(계절조정),대구광역시,전기업 및 가스업,,,139.2,2020＝100
202602,생산지수(계절조정),대구광역시,전기업 및 가스업,,,142.4,2020＝100
202603,생산지수(계절조정),대구광역시,전기업 및 가스업,,,152,2020＝100
202604,생산지수(계절조정),대구광역시,전기업 및 가스업,,,156.7,2020＝100
202605,생산지수(계절조정),대구광역시,전기업 및 가스업,,,158.4,2020＝100
202606,생산지수(계절조정),대구광역시,전기업 및 가스업,,,119.6,2020＝100
202607,생산지수(계절조정),대구광역시,전기업 및 가스업,,,134.2,2020＝100
202608,생산지수(계절조정),대구광역시,전기업 및 가스업,,,144.7,2020＝100
202601,생산자제품 출하지수(계절조정),대구광역시,전기업 및 가스업,,,136.7,2020＝100
202602,생산자제품 출하지수(계절조정),대구광역시,전기업 및 가스업,,,138.6,2020＝100
202603,생산자제품 출하지수(계절조정),대구광역시,전기업 및 가스업,,,153.9,2020＝100
202604,생산자제품 출하지수(계절조정),대구광역시,전기업 및 가스업,,,153.7,2020＝100
202605,생산자제품 출하지수(계절조정),대구광역시,전기업 및 가스업,,,161.2,2020＝100
202606,생산자제품 출하지수(계절조정),대구광역시,전기업 및 가스업,,,128.5,2020＝100
202607,생산자제품 출하지수(계절조정),대구광역시,전기업 및 가스업,,,128.2,2020＝100
202608,생산자제품 출하지수(계절조정),대구광역시,전기업 및 가스업,,,150.8,2020＝100
202601,생산지수(원지수),대구광역시,전기 가스 증기 및 공기 조절 공급업,,,193.2,2020＝100
202602,생산지수(원지수),대구광역시,전기 가스 증기 및 공기 조절 공급업,,,176.6,2020＝100
202603,생산지수(원지수),대구광역시,전기 가스 증기 및 공기 조절 공급업,,,192.2,2020＝100
202604,생산지수(원지수),대구광역시,전기 가스 증기 및 공기 조절 공급업,,,155.1,2020＝100
202605,생산지수(원지수),대구광역시,전기 가스 증기 및 공기 조절 공급업,,,140,2020＝100
202606,생산지수(원지수),대구광역시,전기 가스 증기 및 공기 조절 공급업,,,100.3,2020＝100
202607,생산지수(원지수),대구광역시,전기 가스 증기 및 공기 조절 공급업,,,106.8,2020＝100
202608,생산지수(원지수),대구광역시,전기 가스 증기 및 공기 조절 공급업,,,105.5,2020＝100
202601,생산자제품 출하지수(원지수),대구광역시,전기 가스 증기 및 공기 조절 공급업,,,192.1,2020＝100
202602,생산자제품 출하지수(원지수),대구광역시,전기 가스 증기 및 공기 조절 공급업,,,172.2,2020＝100
202603,생산자제품 출하지수(원지수),대구광역시,전기 가스 증기 및 공기 조절 공급업,,,190.8,2020＝100
202604,생산자제품 출하지수(원지수),대구광역시,전기 가스 증기 및 공기 조절 공급업,,,153,2020＝100
202605,생산자제품 출하지수(원지수),대구광역시,전기 가스 증기 및 공기 조절 공급업,,,140.8,2020＝100
202606,생산자제품 출하지수(원지수),대구광역시,전기 가스 증기 및 공기 조절 공급업,,,99.6,2020＝100
202607,생산자제품 출하지수(원지수),대구광역시,전기 가스 증기 및 공기 조절 공급업,,,105.7,2020＝100
202608,생산자제품 출하지수(원지수),대구광역시,전기 가스 증기 및 공기 조절 공급업,,,105.6,2020＝100
