PRD_DE,ITM_NM,C1_NM,C2_NM,C3_NM,C4_NM,DT,UNIT_NM
202301,취업자,계,계,,,27363.1,천명
202302,취업자,계,계,,,27713.8,천명
202303,취업자,계,계,,,28223.2,천명
202304,취업자,계,계,,,28432,천명
202305,취업자,계,계,,,28835.2,천명
202306,취업자,계,계,,,28811.7,천명
202307,취업자,계,계,,,28685.7,천명
202308,취업자,계,계,,,28678,천명
202309,취업자,계,계,,,28697.9,천명
202310,취업자,계,계,,,28763.9,천명
202311,취업자,계,계,,,28698.2,천명
202312,취업자,계,계,,,28092.9,천명
202401,취업자,계,계,,,27742.9,천명
202402,취업자,계,계,,,28042.6,천명
202403,취업자,계,계,,,28395.8,천명
202404,취업자,계,계,,,28693.4,천명
202405,취업자,계,계,,,28914.8,천명
202406,취업자,계,계,,,28907.2,천명
202407,취업자,계,계,,,28857.3,천명
202408,취업자,계,계,,,28800.8,천명
202409,취업자,계,계,,,28842,천명
202410,취업자,계,계,,,28847.1,천명
202411,취업자,계,계,,,28821.2,천명
202412,취업자,계,계,,,28041.1,천명
202501,취업자,계,계,,,27878,천명
202502,취업자,계,계,,,28178.9,천명
202503,취업자,계,계,,,28589,천명
202504,취업자,계,계,,,28887,천명
202505,취업자,계,계,,,29159.8,천명
202506,취업자,계,계,,,29090.6,천명
202507,취업자,계,계,,,29028.5,천명
202508,취업자,계,계,,,28967,천명
202509,취업자,계,계,,,29153.5,천명
202510,취업자,계,계,,,29040,천명
202511,취업자,계,계,,,29045.7,천명
202512,취업자,계,계,,,28208.9,천명
202601,취업자,계,계,,,27986.4,천명
202602,취업자,계,계,,,28412.5,천명
202603,취업자,계,계,,,28795.2,천명
202604,취업자,계,계,,,28960.5,천명
202605,취업자,계,계,,,29120.1,천명
202606,취업자,계,계,,,29153.6,천명
202607,취업자,계,계,,,29136.1,천명
202608,취업자,계,계,,,29151,천명
202301,취업자,계,비임금근로자,,,6289.1,천명
202302,취업자,계,비임금근로자,,,6340.8,천명
202303,취업자,계,비임금근로자,,,6474.2,천명
202304,취업자,계,비임금근로자,,,6638.4,천명
202305,취업자,계,비임금근로자,,,6759.2,천명
202306,취업자,계,비임금근로자,,,6770.5,천명
202307,취업자,계,비임금근로자,,,6726.8,천명
202308,취업자,계,비임금근로자,,,6723.9,천명
202309,취업자,계,비임금근로자,,,6668.2,천명
202310,취업자,계,비임금근로자,,,6681.8,천명
202311,취업자,계,비임금근로자,,,6629,천명
202312,취업자,계,비임금근로자,,,6352.8,천명
202401,취업자,계,비임금근로자,,,6293.1,천명
202402,취업자,계,비임금근로자,,,6283.5,천명
202403,취업자,계,비임금근로자,,,6431.2,천명
202404,취업자,계,비임금근로자,,,6554.6,천명
202405,취업자,계,비임금근로자,,,6630.8,천명
202406,취업자,계,비임금근로자,,,6643.2,천명
202407,취업자,계,비임금근로자,,,6646.4,천명
202408,취업자,계,비임금근로자,,,6657.3,천명
202409,취업자,계,비임금근로자,,,6652,천명
202410,취업자,계,비임금근로자,,,6669.3,천명
202411,취업자,계,비임금근로자,,,6581.5,천명
202412,취업자,계,비임금근로자,,,6349.5,천명
202501,취업자,계,비임금근로자,,,6247.8,천명
202502,취업자,계,비임금근로자,,,6242.7,천명
202503,취업자,계,비임금근로자,,,6365.2,천명
202504,취업자,계,비임금근로자,,,6471.7,천명
202505,취업자,계,비임금근로자,,,6547.3,천명
202506,취업자,계,비임금근로자,,,6513.1,천명
202507,취업자,계,비임금근로자,,,6530.4,천명
202508,취업자,계,비임금근로자,,,6553.9,천명
202509,취업자,계,비임금근로자,,,6577.3,천명
202510,취업자,계,비임금근로자,,,6551.6,천명
202511,취업자,계,비임금근로자,,,6511.9,천명
202512,취업자,계,비임금근로자,,,6303.9,천명
202601,취업자,계,비임금근로자,,,6235.2,천명
202602,취업자,계,비임금근로자,,,6271.5,천명
202603,취업자,계,비임금근로자,,,6458.1,천명
202604,취업자,계,비임금근로자,,,6587.8,천명
202605,취업자,계,비임금근로자,,,6622.6,천명
202606,취업자,계,비임금근로자,,,6656.7,천명
202607,취업자,계,비임금근로자,,,6649,천명
202608,취업자,계,비임금근로자,,,6625.1,천명
202301,취업자,계,*자영업자,,,5498.9,천명
202302,취업자,계,*자영업자,,,5536.3,천명
202303,취업자,계,*자영업자,,,5605.6,천명
202304,취업자,계,*자영업자,,,5714.6,천명
202305,취업자,계,*자영업자,,,5791,천명
202306,취업자,계,*자영업자,,,5803.1,천명
202307,취업자,계,*자영업자,,,5783,천명
202308,취업자,계,*자영업자,,,5783.7,천명
202309,취업자,계,*자영업자,,,5728.8,천명
202310,취업자,계,*자영업자,,,5733.2,천명
202311,취업자,계,*자영업자,,,5719.3,천명
202312,취업자,계,*자영업자,,,5567.1,천명
202401,취업자,계,*자영업자,,,5527.9,천명
202402,취업자,계,*자영업자,,,5514.9,천명
202403,취업자,계,*자영업자,,,5569.6,천명
202404,취업자,계,*자영업자,,,5620.9,천명
202405,취업자,계,*자영업자,,,5681.3,천명
202406,취업자,계,*자영업자,,,5702.9,천명
202407,취업자,계,*자영업자,,,5721.4,천명
202408,취업자,계,*자영업자,,,5745.3,천명
202409,취업자,계,*자영업자,,,5750.6,천명
202410,취업자,계,*자영업자,,,5769.7,천명
202411,취업자,계,*자영업자,,,5706.4,천명
202412,취업자,계,*자영업자,,,5574.2,천명
202501,취업자,계,*자영업자,,,5500.3,천명
202502,취업자,계,*자영업자,,,5501.1,천명
202503,취업자,계,*자영업자,,,5568.1,천명
202504,취업자,계,*자영업자,,,5615.3,천명
202505,취업자,계,*자영업자,,,5659.1,천명
202506,취업자,계,*자영업자,,,5637.2,천명
202507,취업자,계,*자영업자,,,5656.2,천명
202508,취업자,계,*자영업자,,,5675.2,천명
202509,취업자,계,*자영업자,,,5695.7,천명
202510,취업자,계,*자영업자,,,5672,천명
202511,취업자,계,*자영업자,,,5668.9,천명
202512,취업자,계,*자영업자,,,5585.9,천명
202601,취업자,계,*자영업자,,,5545.6,천명
202602,취업자,계,*자영업자,,,5570.9,천명
202603,취업자,계,*자영업자,,,5672.6,천명
202604,취업자,계,*자영업자,,,5755.8,천명
202605,취업자,계,*자영업자,,,5768,천명
202606,취업자,계,*자영업자,,,5803.5,천명
202607,취업자,계,*자영업자,,,5806.3,천명
202608,취업자,계,*자영업자,,,5783.9,천명
202301,취업자,계,-고용원이 있는 자영업자,,,1400.2,천명
202302,취업자,계,-고용원이 있는 자영업자,,,1397.5,천명
202303,취업자,계,-고용원이 있는 자영업자,,,1419.5,천명
202304,취업자,계,-고용원이 있는 자영업자,,,1416.9,천명
202305,취업자,계,-고용원이 있는 자영업자,,,1434.6,천명
202306,취업자,계,-고용원이 있는 자영업자,,,1415.7,천명
202307,취업자,계,-고용원이 있는 자영업자,,,1400.1,천명
202308,취업자,계,-고용원이 있는 자영업자,,,1413.3,천명
202309,취업자,계,-고용원이 있는 자영업자,,,1418.5,천명
202310,취업자,계,-고용원이 있는 자영업자,,,1446.2,천명
202311,취업자,계,-고용원이 있는 자영업자,,,1451.5,천명
202312,취업자,계,-고용원이 있는 자영업자,,,1421.5,천명
202401,취업자,계,-고용원이 있는 자영업자,,,1430,천명
202402,취업자,계,-고용원이 있는 자영업자,,,1435.8,천명
202403,취업자,계,-고용원이 있는 자영업자,,,1418.8,천명
202404,취업자,계,-고용원이 있는 자영업자,,,1416.8,천명
202405,취업자,계,-고용원이 있는 자영업자,,,1438.9,천명
202406,취업자,계,-고용원이 있는 자영업자,,,1450,천명
202407,취업자,계,-고용원이 있는 자영업자,,,1448.3,천명
202408,취업자,계,-고용원이 있는 자영업자,,,1439.2,천명
202409,취업자,계,-고용원이 있는 자영업자,,,1435.2,천명
202410,취업자,계,-고용원이 있는 자영업자,,,1439.2,천명
202411,취업자,계,-고용원이 있는 자영업자,,,1412.5,천명
202412,취업자,계,-고용원이 있는 자영업자,,,1417.1,천명
202501,취업자,계,-고용원이 있는 자영업자,,,1409.4,천명
202502,취업자,계,-고용원이 있는 자영업자,,,1409.5,천명
202503,취업자,계,-고용원이 있는 자영업자,,,1389.8,천명
202504,취업자,계,-고용원이 있는 자영업자,,,1400.7,천명
202505,취업자,계,-고용원이 있는 자영업자,,,1428.2,천명
202506,취업자,계,-고용원이 있는 자영업자,,,1429,천명
202507,취업자,계,-고용원이 있는 자영업자,,,1423.5,천명
202508,취업자,계,-고용원이 있는 자영업자,,,1434.6,천명
202509,취업자,계,-고용원이 있는 자영업자,,,1465.1,천명
202510,취업자,계,-고용원이 있는 자영업자,,,1458.5,천명
202511,취업자,계,-고용원이 있는 자영업자,,,1487.3,천명
202512,취업자,계,-고용원이 있는 자영업자,,,1451.5,천명
202601,취업자,계,-고용원이 있는 자영업자,,,1465.5,천명
202602,취업자,계,-고용원이 있는 자영업자,,,1469.5,천명
202603,취업자,계,-고용원이 있는 자영업자,,,1494.5,천명
202604,취업자,계,-고용원이 있는 자영업자,,,1499.8,천명
202605,취업자,계,-고용원이 있는 자영업자,,,1508.4,천명
202606,취업자,계,-고용원이 있는 자영업자,,,1523.7,천명
202607,취업자,계,-고용원이 있는 자영업자,,,1498.5,천명
202608,취업자,계,-고용원이 있는 자영업자,,,1481.1,천명
202301,취업자,계,-고용원이 없는 자영업자,,,4098.6,천명
202302,취업자,계,-고용원이 없는 자영업자,,,4138.8,천명
202303,취업자,계,-고용원이 없는 자영업자,,,4186.1,천명
202304,취업자,계,-고용원이 없는 자영업자,,,4297.7,천명
202305,취업자,계,-고용원이 없는 자영업자,,,4356.4,천명
202306,취업자,계,-고용원이 없는 자영업자,,,4387.4,천명
202307,취업자,계,-고용원이 없는 자영업자,,,4382.9,천명
202308,취업자,계,-고용원이 없는 자영업자,,,4370.4,천명
202309,취업자,계,-고용원이 없는 자영업자,,,4310.3,천명
202310,취업자,계,-고용원이 없는 자영업자,,,4287,천명
202311,취업자,계,-고용원이 없는 자영업자,,,4267.9,천명
202312,취업자,계,-고용원이 없는 자영업자,,,4145.6,천명
202401,취업자,계,-고용원이 없는 자영업자,,,4097.9,천명
202402,취업자,계,-고용원이 없는 자영업자,,,4079.1,천명
202403,취업자,계,-고용원이 없는 자영업자,,,4150.8,천명
202404,취업자,계,-고용원이 없는 자영업자,,,4204.1,천명
202405,취업자,계,-고용원이 없는 자영업자,,,4242.4,천명
202406,취업자,계,-고용원이 없는 자영업자,,,4252.9,천명
202407,취업자,계,-고용원이 없는 자영업자,,,4273.1,천명
202408,취업자,계,-고용원이 없는 자영업자,,,4306.1,천명
202409,취업자,계,-고용원이 없는 자영업자,,,4315.4,천명
202410,취업자,계,-고용원이 없는 자영업자,,,4330.5,천명
202411,취업자,계,-고용원이 없는 자영업자,,,4293.9,천명
202412,취업자,계,-고용원이 없는 자영업자,,,4157.1,천명
202501,취업자,계,-고용원이 없는 자영업자,,,4090.9,천명
202502,취업자,계,-고용원이 없는 자영업자,,,4091.7,천명
202503,취업자,계,-고용원이 없는 자영업자,,,4178.4,천명
202504,취업자,계,-고용원이 없는 자영업자,,,4214.6,천명
202505,취업자,계,-고용원이 없는 자영업자,,,4230.8,천명
202506,취업자,계,-고용원이 없는 자영업자,,,4208.3,천명
202507,취업자,계,-고용원이 없는 자영업자,,,4232.6,천명
202508,취업자,계,-고용원이 없는 자영업자,,,4240.7,천명
202509,취업자,계,-고용원이 없는 자영업자,,,4230.6,천명
202510,취업자,계,-고용원이 없는 자영업자,,,4213.6,천명
202511,취업자,계,-고용원이 없는 자영업자,,,4181.6,천명
202512,취업자,계,-고용원이 없는 자영업자,,,4134.4,천명
202601,취업자,계,-고용원이 없는 자영업자,,,4080.1,천명
202602,취업자,계,-고용원이 없는 자영업자,,,4101.4,천명
202603,취업자,계,-고용원이 없는 자영업자,,,4178.2,천명
202604,취업자,계,-고용원이 없는 자영업자,,,4256,천명
202605,취업자,계,-고용원이 없는 자영업자,,,4259.6,천명
202606,취업자,계,-고용원이 없는 자영업자,,,4279.9,천명
202607,취업자,계,-고용원이 없는 자영업자,,,4307.8,천명
202608,취업자,계,-고용원이 없는 자영업자,,,4302.8,천명
202301,취업자,계,-무급가족종사자,,,790.2,천명
202302,취업자,계,-무급가족종사자,,,804.4,천명
202303,취업자,계,-무급가족종사자,,,868.6,천명
202304,취업자,계,-무급가족종사자,,,923.8,천명
202305,취업자,계,-무급가족종사자,,,968.1,천명
202306,취업자,계,-무급가족종사자,,,967.3,천명
202307,취업자,계,-무급가족종사자,,,943.8,천명
202308,취업자,계,-무급가족종사자,,,940.3,천명
202309,취업자,계,-무급가족종사자,,,939.3,천명
202310,취업자,계,-무급가족종사자,,,948.7,천명
202311,취업자,계,-무급가족종사자,,,909.7,천명
202312,취업자,계,-무급가족종사자,,,785.6,천명
202401,취업자,계,-무급가족종사자,,,765.2,천명
202402,취업자,계,-무급가족종사자,,,768.6,천명
202403,취업자,계,-무급가족종사자,,,861.6,천명
202404,취업자,계,-무급가족종사자,,,933.7,천명
202405,취업자,계,-무급가족종사자,,,949.5,천명
202406,취업자,계,-무급가족종사자,,,940.3,천명
202407,취업자,계,-무급가족종사자,,,925,천명
202408,취업자,계,-무급가족종사자,,,912,천명
202409,취업자,계,-무급가족종사자,,,901.4,천명
202410,취업자,계,-무급가족종사자,,,899.6,천명
202411,취업자,계,-무급가족종사자,,,875,천명
202412,취업자,계,-무급가족종사자,,,775.3,천명
202501,취업자,계,-무급가족종사자,,,747.5,천명
202502,취업자,계,-무급가족종사자,,,741.5,천명
202503,취업자,계,-무급가족종사자,,,797,천명
202504,취업자,계,-무급가족종사자,,,856.4,천명
202505,취업자,계,-무급가족종사자,,,888.2,천명
202506,취업자,계,-무급가족종사자,,,875.9,천명
202507,취업자,계,-무급가족종사자,,,874.3,천명
202508,취업자,계,-무급가족종사자,,,878.6,천명
202509,취업자,계,-무급가족종사자,,,881.6,천명
202510,취업자,계,-무급가족종사자,,,879.6,천명
202511,취업자,계,-무급가족종사자,,,843,천명
202512,취업자,계,-무급가족종사자,,,718,천명
202601,취업자,계,-무급가족종사자,,,689.6,천명
202602,취업자,계,-무급가족종사자,,,700.6,천명
202603,취업자,계,-무급가족종사자,,,785.5,천명
202604,취업자,계,-무급가족종사자,,,832,천명
202605,취업자,계,-무급가족종사자,,,854.6,천명
202606,취업자,계,-무급가족종사자,,,853.1,천명
202607,취업자,계,-무급가족종사자,,,842.7,천명
202608,취업자,계,-무급가족종사자,,,841.2,천명
202301,취업자,계,임금근로자,,,21074.1,천명
202302,취업자,계,임금근로자,,,21373,천명
202303,취업자,계,임금근로자,,,21749,천명
202304,취업자,계,임금근로자,,,21793.6,천명
202305,취업자,계,임금근로자,,,22076,천명
202306,취업자,계,임금근로자,,,22041.3,천명
202307,취업자,계,임금근로자,,,21959,천명
202308,취업자,계,임금근로자,,,21954,천명
202309,취업자,계,임금근로자,,,22029.7,천명
202310,취업자,계,임금근로자,,,22082,천명
202311,취업자,계,임금근로자,,,22069.2,천명
202312,취업자,계,임금근로자,,,21740.1,천명
202401,취업자,계,임금근로자,,,21449.8,천명
202402,취업자,계,임금근로자,,,21759.1,천명
202403,취업자,계,임금근로자,,,21964.6,천명
202404,취업자,계,임금근로자,,,22138.8,천명
202405,취업자,계,임금근로자,,,22284,천명
202406,취업자,계,임금근로자,,,22263.9,천명
202407,취업자,계,임금근로자,,,22210.9,천명
202408,취업자,계,임금근로자,,,22143.4,천명
202409,취업자,계,임금근로자,,,22190,천명
202410,취업자,계,임금근로자,,,22177.8,천명
202411,취업자,계,임금근로자,,,22239.7,천명
202412,취업자,계,임금근로자,,,21691.6,천명
202501,취업자,계,임금근로자,,,21630.2,천명
202502,취업자,계,임금근로자,,,21936.2,천명
202503,취업자,계,임금근로자,,,22223.8,천명
202504,취업자,계,임금근로자,,,22415.3,천명
202505,취업자,계,임금근로자,,,22612.5,천명
202506,취업자,계,임금근로자,,,22577.5,천명
202507,취업자,계,임금근로자,,,22498,천명
202508,취업자,계,임금근로자,,,22413.1,천명
202509,취업자,계,임금근로자,,,22576.2,천명
202510,취업자,계,임금근로자,,,22488.4,천명
202511,취업자,계,임금근로자,,,22533.8,천명
202512,취업자,계,임금근로자,,,21905.1,천명
202601,취업자,계,임금근로자,,,21751.2,천명
202602,취업자,계,임금근로자,,,22140.9,천명
202603,취업자,계,임금근로자,,,22337.1,천명
202604,취업자,계,임금근로자,,,22372.7,천명
202605,취업자,계,임금근로자,,,22497.5,천명
202606,취업자,계,임금근로자,,,22497,천명
202607,취업자,계,임금근로자,,,22487.1,천명
202608,취업자,계,임금근로자,,,22525.9,천명
202301,취업자,계,-상용근로자,,,15883.9,천명
202302,취업자,계,-상용근로자,,,15915.4,천명
202303,취업자,계,-상용근로자,,,16076.8,천명
202304,취업자,계,-상용근로자,,,16104.9,천명
202305,취업자,계,-상용근로자,,,16309.9,천명
202306,취업자,계,-상용근로자,,,16274.5,천명
202307,취업자,계,-상용근로자,,,16296.2,천명
202308,취업자,계,-상용근로자,,,16193.2,천명
202309,취업자,계,-상용근로자,,,16251.7,천명
202310,취업자,계,-상용근로자,,,16240.3,천명
202311,취업자,계,-상용근로자,,,16235.7,천명
202312,취업자,계,-상용근로자,,,16257.6,천명
202401,취업자,계,-상용근로자,,,16203.9,천명
202402,취업자,계,-상용근로자,,,16272.1,천명
202403,취업자,계,-상용근로자,,,16362.7,천명
202404,취업자,계,-상용근로자,,,16397.9,천명
202405,취업자,계,-상용근로자,,,16385.2,천명
202406,취업자,계,-상용근로자,,,16413.5,천명
202407,취업자,계,-상용근로자,,,16392.4,천명
202408,취업자,계,-상용근로자,,,16292.6,천명
202409,취업자,계,-상용근로자,,,16330.5,천명
202410,취업자,계,-상용근로자,,,16331.5,천명
202411,취업자,계,-상용근로자,,,16402.9,천명
202412,취업자,계,-상용근로자,,,16444.6,천명
202501,취업자,계,-상용근로자,,,16428.2,천명
202502,취업자,계,-상용근로자,,,16505.4,천명
202503,취업자,계,-상용근로자,,,16596.6,천명
202504,취업자,계,-상용근로자,,,16676.9,천명
202505,취업자,계,-상용근로자,,,16747,천명
202506,취업자,계,-상용근로자,,,16731.7,천명
202507,취업자,계,-상용근로자,,,16711.5,천명
202508,취업자,계,-상용근로자,,,16640.8,천명
202509,취업자,계,-상용근로자,,,16670.9,천명
202510,취업자,계,-상용근로자,,,16617.6,천명
202511,취업자,계,-상용근로자,,,16660.7,천명
202512,취업자,계,-상용근로자,,,16639.3,천명
202601,취업자,계,-상용근로자,,,16620,천명
202602,취업자,계,-상용근로자,,,16662.9,천명
202603,취업자,계,-상용근로자,,,16737,천명
202604,취업자,계,-상용근로자,,,16738.8,천명
202605,취업자,계,-상용근로자,,,16739.7,천명
202606,취업자,계,-상용근로자,,,16747.9,천명
202607,취업자,계,-상용근로자,,,16782,천명
202608,취업자,계,-상용근로자,,,16820.4,천명
202301,취업자,계,-임시근로자,,,4185.2,천명
202302,취업자,계,-임시근로자,,,4404.1,천명
202303,취업자,계,-임시근로자,,,4581.6,천명
202304,취업자,계,-임시근로자,,,4614.5,천명
202305,취업자,계,-임시근로자,,,4681.2,천명
202306,취업자,계,-임시근로자,,,4680,천명
202307,취업자,계,-임시근로자,,,4678.9,천명
202308,취업자,계,-임시근로자,,,4758.7,천명
202309,취업자,계,-임시근로자,,,4742.8,천명
202310,취업자,계,-임시근로자,,,4825.5,천명
202311,취업자,계,-임시근로자,,,4786.1,천명
202312,취업자,계,-임시근로자,,,4462.3,천명
202401,취업자,계,-임시근로자,,,4322.6,천명
202402,취업자,계,-임시근로자,,,4610.6,천명
202403,취업자,계,-임시근로자,,,4678.9,천명
202404,취업자,계,-임시근로자,,,4814,천명
202405,취업자,계,-임시근로자,,,4930.2,천명
202406,취업자,계,-임시근로자,,,4884.4,천명
202407,취업자,계,-임시근로자,,,4905.7,천명
202408,취업자,계,-임시근로자,,,4950,천명
202409,취업자,계,-임시근로자,,,4949,천명
202410,취업자,계,-임시근로자,,,4930.3,천명
202411,취업자,계,-임시근로자,,,4892.5,천명
202412,취업자,계,-임시근로자,,,4376.3,천명
202501,취업자,계,-임시근로자,,,4394.2,천명
202502,취업자,계,-임시근로자,,,4646.7,천명
202503,취업자,계,-임시근로자,,,4804.5,천명
202504,취업자,계,-임시근로자,,,4865.5,천명
202505,취업자,계,-임시근로자,,,4955.5,천명
202506,취업자,계,-임시근로자,,,4942.5,천명
202507,취업자,계,-임시근로자,,,4921.8,천명
202508,취업자,계,-임시근로자,,,4938.5,천명
202509,취업자,계,-임시근로자,,,4992.5,천명
202510,취업자,계,-임시근로자,,,5009.5,천명
202511,취업자,계,-임시근로자,,,4957.8,천명
202512,취업자,계,-임시근로자,,,4369.8,천명
202601,취업자,계,-임시근로자,,,4297.1,천명
202602,취업자,계,-임시근로자,,,4655.1,천명
202603,취업자,계,-임시근로자,,,4745.8,천명
202604,취업자,계,-임시근로자,,,4738.9,천명
202605,취업자,계,-임시근로자,,,4834.2,천명
202606,취업자,계,-임시근로자,,,4891.1,천명
202607,취업자,계,-임시근로자,,,4881.4,천명
202608,취업자,계,-임시근로자,,,4888.5,천명
202301,취업자,계,-일용근로자,,,1005,천명
202302,취업자,계,-일용근로자,,,1053.5,천명
202303,취업자,계,-일용근로자,,,1090.5,천명
202304,취업자,계,-일용근로자,,,1074.1,천명
202305,취업자,계,-일용근로자,,,1084.9,천명
202306,취업자,계,-일용근로자,,,1086.8,천명
202307,취업자,계,-일용근로자,,,983.9,천명
202308,취업자,계,-일용근로자,,,1002.1,천명
202309,취업자,계,-일용근로자,,,1035.3,천명
202310,취업자,계,-일용근로자,,,1016.2,천명
202311,취업자,계,-일용근로자,,,1047.4,천명
202312,취업자,계,-일용근로자,,,1020.2,천명
202401,취업자,계,-일용근로자,,,923.3,천명
202402,취업자,계,-일용근로자,,,876.5,천명
202403,취업자,계,-일용근로자,,,923,천명
202404,취업자,계,-일용근로자,,,926.9,천명
202405,취업자,계,-일용근로자,,,968.7,천명
202406,취업자,계,-일용근로자,,,966.1,천명
202407,취업자,계,-일용근로자,,,912.8,천명
202408,취업자,계,-일용근로자,,,900.9,천명
202409,취업자,계,-일용근로자,,,910.5,천명
202410,취업자,계,-일용근로자,,,916,천명
202411,취업자,계,-일용근로자,,,944.2,천명
202412,취업자,계,-일용근로자,,,870.6,천명
202501,취업자,계,-일용근로자,,,807.8,천명
202502,취업자,계,-일용근로자,,,784.1,천명
202503,취업자,계,-일용근로자,,,822.7,천명
202504,취업자,계,-일용근로자,,,872.9,천명
202505,취업자,계,-일용근로자,,,910,천명
202506,취업자,계,-일용근로자,,,903.3,천명
202507,취업자,계,-일용근로자,,,864.7,천명
202508,취업자,계,-일용근로자,,,833.8,천명
202509,취업자,계,-일용근로자,,,912.8,천명
202510,취업자,계,-일용근로자,,,861.3,천명
202511,취업자,계,-일용근로자,,,915.3,천명
202512,취업자,계,-일용근로자,,,896,천명
202601,취업자,계,-일용근로자,,,834.1,천명
202602,취업자,계,-일용근로자,,,822.9,천명
202603,취업자,계,-일용근로자,,,854.3,천명
202604,취업자,계,-일용근로자,,,895,천명
202605,취업자,계,-일용근로자,,,923.6,천명
202606,취업자,계,-일용근로자,,,857.9,천명
202607,취업자,계,-일용근로자,,,823.6,천명
202608,취업자,계,-일용근로자,,,817,천명
202301,취업자,서울특별시,계,,,5056.8,천명
202302,취업자,서울특별시,계,,,5088.5,천명
202303,취업자,서울특별시,계,,,5143.6,천명
202304,취업자,서울특별시,계,,,5147.2,천명
202305,취업자,서울특별시,계,,,5220,천명
202306,취업자,서울특별시,계,,,5219.5,천명
202307,취업자,서울특별시,계,,,5178,천명
202308,취업자,서울특별시,계,,,5203.4,천명
202309,취업자,서울특별시,계,,,5181.2,천명
202310,취업자,서울특별시,계,,,5222.7,천명
202311,취업자,서울특별시,계,,,5229.9,천명
202312,취업자,서울특별시,계,,,5191.7,천명
202401,취업자,서울특별시,계,,,5195,천명
202402,취업자,서울특별시,계,,,5219,천명
202403,취업자,서울특별시,계,,,5224.1,천명
202404,취업자,서울특별시,계,,,5252.1,천명
202405,취업자,서울특별시,계,,,5248.9,천명
202406,취업자,서울특별시,계,,,5243.4,천명
202407,취업자,서울특별시,계,,,5235.8,천명
202408,취업자,서울특별시,계,,,5231.6,천명
202409,취업자,서울특별시,계,,,5245.2,천명
202410,취업자,서울특별시,계,,,5247.1,천명
202411,취업자,서울특별시,계,,,5216.6,천명
202412,취업자,서울특별시,계,,,5179.9,천명
202501,취업자,서울특별시,계,,,5101.1,천명
202502,취업자,서울특별시,계,,,5121,천명
202503,취업자,서울특별시,계,,,5116.2,천명
202504,취업자,서울특별시,계,,,5180.6,천명
202505,취업자,서울특별시,계,,,5253.3,천명
202506,취업자,서울특별시,계,,,5221.7,천명
202507,취업자,서울특별시,계,,,5263.5,천명
202508,취업자,서울특별시,계,,,5260.9,천명
202509,취업자,서울특별시,계,,,5254.3,천명
202510,취업자,서울특별시,계,,,5227.5,천명
202511,취업자,서울특별시,계,,,5224.1,천명
202512,취업자,서울특별시,계,,,5149.9,천명
202601,취업자,서울특별시,계,,,5084.3,천명
202602,취업자,서울특별시,계,,,5143.4,천명
202603,취업자,서울특별시,계,,,5185.7,천명
202604,취업자,서울특별시,계,,,5189.1,천명
202605,취업자,서울특별시,계,,,5243.5,천명
202606,취업자,서울특별시,계,,,5241.5,천명
202607,취업자,서울특별시,계,,,5242.9,천명
202608,취업자,서울특별시,계,,,5232,천명
202301,취업자,서울특별시,비임금근로자,,,898.6,천명
202302,취업자,서울특별시,비임금근로자,,,908.2,천명
202303,취업자,서울특별시,비임금근로자,,,878.4,천명
202304,취업자,서울특별시,비임금근로자,,,890.3,천명
202305,취업자,서울특별시,비임금근로자,,,898.7,천명
202306,취업자,서울특별시,비임금근로자,,,889.4,천명
202307,취업자,서울특별시,비임금근로자,,,895.5,천명
202308,취업자,서울특별시,비임금근로자,,,894.5,천명
202309,취업자,서울특별시,비임금근로자,,,866.2,천명
202310,취업자,서울특별시,비임금근로자,,,882.8,천명
202311,취업자,서울특별시,비임금근로자,,,881.6,천명
202312,취업자,서울특별시,비임금근로자,,,872.6,천명
202401,취업자,서울특별시,비임금근로자,,,887,천명
202402,취업자,서울특별시,비임금근로자,,,865.7,천명
202403,취업자,서울특별시,비임금근로자,,,860.5,천명
202404,취업자,서울특별시,비임금근로자,,,841.3,천명
202405,취업자,서울특별시,비임금근로자,,,854.2,천명
202406,취업자,서울특별시,비임금근로자,,,852.6,천명
202407,취업자,서울특별시,비임금근로자,,,863.3,천명
202408,취업자,서울특별시,비임금근로자,,,864.3,천명
202409,취업자,서울특별시,비임금근로자,,,859.9,천명
202410,취업자,서울특별시,비임금근로자,,,867.9,천명
202411,취업자,서울특별시,비임금근로자,,,866.5,천명
202412,취업자,서울특별시,비임금근로자,,,833.6,천명
202501,취업자,서울특별시,비임금근로자,,,846.2,천명
202502,취업자,서울특별시,비임금근로자,,,878.5,천명
202503,취업자,서울특별시,비임금근로자,,,863.9,천명
202504,취업자,서울특별시,비임금근로자,,,878.1,천명
202505,취업자,서울특별시,비임금근로자,,,869.5,천명
202506,취업자,서울특별시,비임금근로자,,,862.2,천명
202507,취업자,서울특별시,비임금근로자,,,865.8,천명
202508,취업자,서울특별시,비임금근로자,,,885.7,천명
202509,취업자,서울특별시,비임금근로자,,,892.5,천명
202510,취업자,서울특별시,비임금근로자,,,887.4,천명
202511,취업자,서울특별시,비임금근로자,,,890.5,천명
202512,취업자,서울특별시,비임금근로자,,,895.4,천명
202601,취업자,서울특별시,비임금근로자,,,891,천명
202602,취업자,서울특별시,비임금근로자,,,898.5,천명
202603,취업자,서울특별시,비임금근로자,,,895,천명
202604,취업자,서울특별시,비임금근로자,,,893.2,천명
202605,취업자,서울특별시,비임금근로자,,,896.8,천명
202606,취업자,서울특별시,비임금근로자,,,899.9,천명
202607,취업자,서울특별시,비임금근로자,,,903.6,천명
202608,취업자,서울특별시,비임금근로자,,,906.6,천명
202301,취업자,서울특별시,*자영업자,,,819.2,천명
202302,취업자,서울특별시,*자영업자,,,832.8,천명
202303,취업자,서울특별시,*자영업자,,,806.3,천명
202304,취업자,서울특별시,*자영업자,,,818.9,천명
202305,취업자,서울특별시,*자영업자,,,826.5,천명
202306,취업자,서울특별시,*자영업자,,,818.6,천명
202307,취업자,서울특별시,*자영업자,,,825.8,천명
202308,취업자,서울특별시,*자영업자,,,822.4,천명
202309,취업자,서울특별시,*자영업자,,,796.7,천명
202310,취업자,서울특별시,*자영업자,,,807.3,천명
202311,취업자,서울특별시,*자영업자,,,807.1,천명
202312,취업자,서울특별시,*자영업자,,,792.6,천명
202401,취업자,서울특별시,*자영업자,,,806.6,천명
202402,취업자,서울특별시,*자영업자,,,791.2,천명
202403,취업자,서울특별시,*자영업자,,,780.2,천명
202404,취업자,서울특별시,*자영업자,,,766,천명
202405,취업자,서울특별시,*자영업자,,,779.8,천명
202406,취업자,서울특별시,*자영업자,,,786.3,천명
202407,취업자,서울특별시,*자영업자,,,800,천명
202408,취업자,서울특별시,*자영업자,,,802.1,천명
202409,취업자,서울특별시,*자영업자,,,804.4,천명
202410,취업자,서울특별시,*자영업자,,,811.9,천명
202411,취업자,서울특별시,*자영업자,,,809.9,천명
202412,취업자,서울특별시,*자영업자,,,782.4,천명
202501,취업자,서울특별시,*자영업자,,,792.6,천명
202502,취업자,서울특별시,*자영업자,,,821.5,천명
202503,취업자,서울특별시,*자영업자,,,803.2,천명
202504,취업자,서울특별시,*자영업자,,,815.8,천명
202505,취업자,서울특별시,*자영업자,,,809.7,천명
202506,취업자,서울특별시,*자영업자,,,805.7,천명
202507,취업자,서울특별시,*자영업자,,,807.3,천명
202508,취업자,서울특별시,*자영업자,,,827.6,천명
202509,취업자,서울특별시,*자영업자,,,834.6,천명
202510,취업자,서울특별시,*자영업자,,,828.8,천명
202511,취업자,서울특별시,*자영업자,,,832.7,천명
202512,취업자,서울특별시,*자영업자,,,837.7,천명
202601,취업자,서울특별시,*자영업자,,,838.3,천명
202602,취업자,서울특별시,*자영업자,,,844.8,천명
202603,취업자,서울특별시,*자영업자,,,844.7,천명
202604,취업자,서울특별시,*자영업자,,,842.1,천명
202605,취업자,서울특별시,*자영업자,,,848.3,천명
202606,취업자,서울특별시,*자영업자,,,850,천명
202607,취업자,서울특별시,*자영업자,,,859.2,천명
202608,취업자,서울특별시,*자영업자,,,856.1,천명
202301,취업자,서울특별시,-고용원이 있는 자영업자,,,300.6,천명
202302,취업자,서울특별시,-고용원이 있는 자영업자,,,301.7,천명
202303,취업자,서울특별시,-고용원이 있는 자영업자,,,307.7,천명
202304,취업자,서울특별시,-고용원이 있는 자영업자,,,306.4,천명
202305,취업자,서울특별시,-고용원이 있는 자영업자,,,303.7,천명
202306,취업자,서울특별시,-고용원이 있는 자영업자,,,301.7,천명
202307,취업자,서울특별시,-고용원이 있는 자영업자,,,300.8,천명
202308,취업자,서울특별시,-고용원이 있는 자영업자,,,295.1,천명
202309,취업자,서울특별시,-고용원이 있는 자영업자,,,285.7,천명
202310,취업자,서울특별시,-고용원이 있는 자영업자,,,296.1,천명
202311,취업자,서울특별시,-고용원이 있는 자영업자,,,296.6,천명
202312,취업자,서울특별시,-고용원이 있는 자영업자,,,290.4,천명
202401,취업자,서울특별시,-고용원이 있는 자영업자,,,282.7,천명
202402,취업자,서울특별시,-고용원이 있는 자영업자,,,282.7,천명
202403,취업자,서울특별시,-고용원이 있는 자영업자,,,279.1,천명
202404,취업자,서울특별시,-고용원이 있는 자영업자,,,281.1,천명
202405,취업자,서울특별시,-고용원이 있는 자영업자,,,281.5,천명
202406,취업자,서울특별시,-고용원이 있는 자영업자,,,287,천명
202407,취업자,서울특별시,-고용원이 있는 자영업자,,,287.5,천명
202408,취업자,서울특별시,-고용원이 있는 자영업자,,,278.6,천명
202409,취업자,서울특별시,-고용원이 있는 자영업자,,,274.4,천명
202410,취업자,서울특별시,-고용원이 있는 자영업자,,,275.7,천명
202411,취업자,서울특별시,-고용원이 있는 자영업자,,,267.3,천명
202412,취업자,서울특별시,-고용원이 있는 자영업자,,,263.9,천명
202501,취업자,서울특별시,-고용원이 있는 자영업자,,,263.7,천명
202502,취업자,서울특별시,-고용원이 있는 자영업자,,,282.5,천명
202503,취업자,서울특별시,-고용원이 있는 자영업자,,,278,천명
202504,취업자,서울특별시,-고용원이 있는 자영업자,,,291.3,천명
202505,취업자,서울특별시,-고용원이 있는 자영업자,,,287,천명
202506,취업자,서울특별시,-고용원이 있는 자영업자,,,291.8,천명
202507,취업자,서울특별시,-고용원이 있는 자영업자,,,292.2,천명
202508,취업자,서울특별시,-고용원이 있는 자영업자,,,288.7,천명
202509,취업자,서울특별시,-고용원이 있는 자영업자,,,298.5,천명
202510,취업자,서울특별시,-고용원이 있는 자영업자,,,293.3,천명
202511,취업자,서울특별시,-고용원이 있는 자영업자,,,290.4,천명
202512,취업자,서울특별시,-고용원이 있는 자영업자,,,285.5,천명
202601,취업자,서울특별시,-고용원이 있는 자영업자,,,280.4,천명
202602,취업자,서울특별시,-고용원이 있는 자영업자,,,289.2,천명
202603,취업자,서울특별시,-고용원이 있는 자영업자,,,293.9,천명
202604,취업자,서울특별시,-고용원이 있는 자영업자,,,296.5,천명
202605,취업자,서울특별시,-고용원이 있는 자영업자,,,287.3,천명
202606,취업자,서울특별시,-고용원이 있는 자영업자,,,295.7,천명
202607,취업자,서울특별시,-고용원이 있는 자영업자,,,293.7,천명
202608,취업자,서울특별시,-고용원이 있는 자영업자,,,293.6,천명
202301,취업자,서울특별시,-고용원이 없는 자영업자,,,518.7,천명
202302,취업자,서울특별시,-고용원이 없는 자영업자,,,531.1,천명
202303,취업자,서울특별시,-고용원이 없는 자영업자,,,498.5,천명
202304,취업자,서울특별시,-고용원이 없는 자영업자,,,512.5,천명
202305,취업자,서울특별시,-고용원이 없는 자영업자,,,522.7,천명
202306,취업자,서울특별시,-고용원이 없는 자영업자,,,517,천명
202307,취업자,서울특별시,-고용원이 없는 자영업자,,,525,천명
202308,취업자,서울특별시,-고용원이 없는 자영업자,,,527.3,천명
202309,취업자,서울특별시,-고용원이 없는 자영업자,,,510.9,천명
202310,취업자,서울특별시,-고용원이 없는 자영업자,,,511.2,천명
202311,취업자,서울특별시,-고용원이 없는 자영업자,,,510.5,천명
202312,취업자,서울특별시,-고용원이 없는 자영업자,,,502.3,천명
202401,취업자,서울특별시,-고용원이 없는 자영업자,,,524,천명
202402,취업자,서울특별시,-고용원이 없는 자영업자,,,508.5,천명
202403,취업자,서울특별시,-고용원이 없는 자영업자,,,501.1,천명
202404,취업자,서울특별시,-고용원이 없는 자영업자,,,484.9,천명
202405,취업자,서울특별시,-고용원이 없는 자영업자,,,498.3,천명
202406,취업자,서울특별시,-고용원이 없는 자영업자,,,499.2,천명
202407,취업자,서울특별시,-고용원이 없는 자영업자,,,512.5,천명
202408,취업자,서울특별시,-고용원이 없는 자영업자,,,523.5,천명
202409,취업자,서울특별시,-고용원이 없는 자영업자,,,530,천명
202410,취업자,서울특별시,-고용원이 없는 자영업자,,,536.2,천명
202411,취업자,서울특별시,-고용원이 없는 자영업자,,,542.5,천명
202412,취업자,서울특별시,-고용원이 없는 자영업자,,,518.5,천명
202501,취업자,서울특별시,-고용원이 없는 자영업자,,,528.9,천명
202502,취업자,서울특별시,-고용원이 없는 자영업자,,,538.9,천명
202503,취업자,서울특별시,-고용원이 없는 자영업자,,,525.2,천명
202504,취업자,서울특별시,-고용원이 없는 자영업자,,,524.6,천명
202505,취업자,서울특별시,-고용원이 없는 자영업자,,,522.7,천명
202506,취업자,서울특별시,-고용원이 없는 자영업자,,,513.9,천명
202507,취업자,서울특별시,-고용원이 없는 자영업자,,,515.1,천명
202508,취업자,서울특별시,-고용원이 없는 자영업자,,,538.9,천명
202509,취업자,서울특별시,-고용원이 없는 자영업자,,,536.1,천명
202510,취업자,서울특별시,-고용원이 없는 자영업자,,,535.6,천명
202511,취업자,서울특별시,-고용원이 없는 자영업자,,,542.3,천명
202512,취업자,서울특별시,-고용원이 없는 자영업자,,,552.3,천명
202601,취업자,서울특별시,-고용원이 없는 자영업자,,,557.9,천명
202602,취업자,서울특별시,-고용원이 없는 자영업자,,,555.7,천명
202603,취업자,서울특별시,-고용원이 없는 자영업자,,,550.8,천명
202604,취업자,서울특별시,-고용원이 없는 자영업자,,,545.7,천명
202605,취업자,서울특별시,-고용원이 없는 자영업자,,,561,천명
202606,취업자,서울특별시,-고용원이 없는 자영업자,,,554.3,천명
202607,취업자,서울특별시,-고용원이 없는 자영업자,,,565.5,천명
202608,취업자,서울특별시,-고용원이 없는 자영업자,,,562.5,천명
202301,취업자,서울특별시,-무급가족종사자,,,79.3,천명
202302,취업자,서울특별시,-무급가족종사자,,,75.4,천명
202303,취업자,서울특별시,-무급가족종사자,,,72.2,천명
202304,취업자,서울특별시,-무급가족종사자,,,71.3,천명
202305,취업자,서울특별시,-무급가족종사자,,,72.3,천명
202306,취업자,서울특별시,-무급가족종사자,,,70.7,천명
202307,취업자,서울특별시,-무급가족종사자,,,69.7,천명
202308,취업자,서울특별시,-무급가족종사자,,,72.1,천명
202309,취업자,서울특별시,-무급가족종사자,,,69.5,천명
202310,취업자,서울특별시,-무급가족종사자,,,75.5,천명
202311,취업자,서울특별시,-무급가족종사자,,,74.5,천명
202312,취업자,서울특별시,-무급가족종사자,,,80,천명
202401,취업자,서울특별시,-무급가족종사자,,,80.4,천명
202402,취업자,서울특별시,-무급가족종사자,,,74.5,천명
202403,취업자,서울특별시,-무급가족종사자,,,80.2,천명
202404,취업자,서울특별시,-무급가족종사자,,,75.2,천명
202405,취업자,서울특별시,-무급가족종사자,,,74.4,천명
202406,취업자,서울특별시,-무급가족종사자,,,66.3,천명
202407,취업자,서울특별시,-무급가족종사자,,,63.3,천명
202408,취업자,서울특별시,-무급가족종사자,,,62.2,천명
202409,취업자,서울특별시,-무급가족종사자,,,55.5,천명
202410,취업자,서울특별시,-무급가족종사자,,,56,천명
202411,취업자,서울특별시,-무급가족종사자,,,56.6,천명
202412,취업자,서울특별시,-무급가족종사자,,,51.2,천명
202501,취업자,서울특별시,-무급가족종사자,,,53.6,천명
202502,취업자,서울특별시,-무급가족종사자,,,57.1,천명
202503,취업자,서울특별시,-무급가족종사자,,,60.7,천명
202504,취업자,서울특별시,-무급가족종사자,,,62.3,천명
202505,취업자,서울특별시,-무급가족종사자,,,59.8,천명
202506,취업자,서울특별시,-무급가족종사자,,,56.5,천명
202507,취업자,서울특별시,-무급가족종사자,,,58.5,천명
202508,취업자,서울특별시,-무급가족종사자,,,58.1,천명
202509,취업자,서울특별시,-무급가족종사자,,,58,천명
202510,취업자,서울특별시,-무급가족종사자,,,58.6,천명
202511,취업자,서울특별시,-무급가족종사자,,,57.8,천명
202512,취업자,서울특별시,-무급가족종사자,,,57.6,천명
202601,취업자,서울특별시,-무급가족종사자,,,52.6,천명
202602,취업자,서울특별시,-무급가족종사자,,,53.7,천명
202603,취업자,서울특별시,-무급가족종사자,,,50.3,천명
202604,취업자,서울특별시,-무급가족종사자,,,51.1,천명
202605,취업자,서울특별시,-무급가족종사자,,,48.5,천명
202606,취업자,서울특별시,-무급가족종사자,,,49.8,천명
202607,취업자,서울특별시,-무급가족종사자,,,44.4,천명
202608,취업자,서울특별시,-무급가족종사자,,,50.5,천명
202301,취업자,서울특별시,임금근로자,,,4158.3,천명
202302,취업자,서울특별시,임금근로자,,,4180.3,천명
202303,취업자,서울특별시,임금근로자,,,4265.2,천명
202304,취업자,서울특별시,임금근로자,,,4257,천명
202305,취업자,서울특별시,임금근로자,,,4321.3,천명
202306,취업자,서울특별시,임금근로자,,,4330.1,천명
202307,취업자,서울특별시,임금근로자,,,4282.5,천명
202308,취업자,서울특별시,임금근로자,,,4308.9,천명
202309,취업자,서울특별시,임금근로자,,,4315,천명
202310,취업자,서울특별시,임금근로자,,,4339.9,천명
202311,취업자,서울특별시,임금근로자,,,4348.3,천명
202312,취업자,서울특별시,임금근로자,,,4319.1,천명
202401,취업자,서울특별시,임금근로자,,,4308,천명
202402,취업자,서울특별시,임금근로자,,,4353.3,천명
202403,취업자,서울특별시,임금근로자,,,4363.7,천명
202404,취업자,서울특별시,임금근로자,,,4410.8,천명
202405,취업자,서울특별시,임금근로자,,,4394.7,천명
202406,취업자,서울특별시,임금근로자,,,4390.9,천명
202407,취업자,서울특별시,임금근로자,,,4372.5,천명
202408,취업자,서울특별시,임금근로자,,,4367.2,천명
202409,취업자,서울특별시,임금근로자,,,4385.3,천명
202410,취업자,서울특별시,임금근로자,,,4379.2,천명
202411,취업자,서울특별시,임금근로자,,,4350.1,천명
202412,취업자,서울특별시,임금근로자,,,4346.3,천명
202501,취업자,서울특별시,임금근로자,,,4254.9,천명
202502,취업자,서울특별시,임금근로자,,,4242.5,천명
202503,취업자,서울특별시,임금근로자,,,4252.3,천명
202504,취업자,서울특별시,임금근로자,,,4302.5,천명
202505,취업자,서울특별시,임금근로자,,,4383.9,천명
202506,취업자,서울특별시,임금근로자,,,4359.4,천명
202507,취업자,서울특별시,임금근로자,,,4397.6,천명
202508,취업자,서울특별시,임금근로자,,,4375.2,천명
202509,취업자,서울특별시,임금근로자,,,4361.8,천명
202510,취업자,서울특별시,임금근로자,,,4340.1,천명
202511,취업자,서울특별시,임금근로자,,,4333.7,천명
202512,취업자,서울특별시,임금근로자,,,4254.5,천명
202601,취업자,서울특별시,임금근로자,,,4193.4,천명
202602,취업자,서울특별시,임금근로자,,,4244.8,천명
202603,취업자,서울특별시,임금근로자,,,4290.7,천명
202604,취업자,서울특별시,임금근로자,,,4295.9,천명
202605,취업자,서울특별시,임금근로자,,,4346.7,천명
202606,취업자,서울특별시,임금근로자,,,4341.7,천명
202607,취업자,서울특별시,임금근로자,,,4339.3,천명
202608,취업자,서울특별시,임금근로자,,,4325.5,천명
202301,취업자,서울특별시,-상용근로자,,,3153.3,천명
202302,취업자,서울특별시,-상용근로자,,,3169.5,천명
202303,취업자,서울특별시,-상용근로자,,,3234.9,천명
202304,취업자,서울특별시,-상용근로자,,,3243.4,천명
202305,취업자,서울특별시,-상용근로자,,,3306,천명
202306,취업자,서울특별시,-상용근로자,,,3323,천명
202307,취업자,서울특별시,-상용근로자,,,3292.9,천명
202308,취업자,서울특별시,-상용근로자,,,3288.4,천명
202309,취업자,서울특별시,-상용근로자,,,3294.5,천명
202310,취업자,서울특별시,-상용근로자,,,3291.3,천명
202311,취업자,서울특별시,-상용근로자,,,3305.5,천명
202312,취업자,서울특별시,-상용근로자,,,3295.7,천명
202401,취업자,서울특별시,-상용근로자,,,3306.3,천명
202402,취업자,서울특별시,-상용근로자,,,3323,천명
202403,취업자,서울특별시,-상용근로자,,,3342.1,천명
202404,취업자,서울특별시,-상용근로자,,,3343.7,천명
202405,취업자,서울특별시,-상용근로자,,,3328.5,천명
202406,취업자,서울특별시,-상용근로자,,,3325,천명
202407,취업자,서울특별시,-상용근로자,,,3310.6,천명
202408,취업자,서울특별시,-상용근로자,,,3292.7,천명
202409,취업자,서울특별시,-상용근로자,,,3302.3,천명
202410,취업자,서울특별시,-상용근로자,,,3281.7,천명
202411,취업자,서울특별시,-상용근로자,,,3274.7,천명
202412,취업자,서울특별시,-상용근로자,,,3308.2,천명
202501,취업자,서울특별시,-상용근로자,,,3259.1,천명
202502,취업자,서울특별시,-상용근로자,,,3257.2,천명
202503,취업자,서울특별시,-상용근로자,,,3273.4,천명
202504,취업자,서울특별시,-상용근로자,,,3272.4,천명
202505,취업자,서울특별시,-상용근로자,,,3326.8,천명
202506,취업자,서울특별시,-상용근로자,,,3316.7,천명
202507,취업자,서울특별시,-상용근로자,,,3334.5,천명
202508,취업자,서울특별시,-상용근로자,,,3320.6,천명
202509,취업자,서울특별시,-상용근로자,,,3300.7,천명
202510,취업자,서울특별시,-상용근로자,,,3290.1,천명
202511,취업자,서울특별시,-상용근로자,,,3286.8,천명
202512,취업자,서울특별시,-상용근로자,,,3260,천명
202601,취업자,서울특별시,-상용근로자,,,3234.3,천명
202602,취업자,서울특별시,-상용근로자,,,3255.1,천명
202603,취업자,서울특별시,-상용근로자,,,3286.3,천명
202604,취업자,서울특별시,-상용근로자,,,3275.3,천명
202605,취업자,서울특별시,-상용근로자,,,3287.6,천명
202606,취업자,서울특별시,-상용근로자,,,3283.8,천명
202607,취업자,서울특별시,-상용근로자,,,3295.5,천명
202608,취업자,서울특별시,-상용근로자,,,3276.3,천명
202301,취업자,서울특별시,-임시근로자,,,817.9,천명
202302,취업자,서울특별시,-임시근로자,,,803.8,천명
202303,취업자,서울특별시,-임시근로자,,,824.9,천명
202304,취업자,서울특별시,-임시근로자,,,818.3,천명
202305,취업자,서울특별시,-임시근로자,,,836,천명
202306,취업자,서울특별시,-임시근로자,,,835.6,천명
202307,취업자,서울특별시,-임시근로자,,,826.9,천명
202308,취업자,서울특별시,-임시근로자,,,863.2,천명
202309,취업자,서울특별시,-임시근로자,,,868,천명
202310,취업자,서울특별시,-임시근로자,,,900.1,천명
202311,취업자,서울특별시,-임시근로자,,,875.3,천명
202312,취업자,서울특별시,-임시근로자,,,854.6,천명
202401,취업자,서울특별시,-임시근로자,,,837.1,천명
202402,취업자,서울특별시,-임시근로자,,,868.8,천명
202403,취업자,서울특별시,-임시근로자,,,860.3,천명
202404,취업자,서울특별시,-임시근로자,,,913.6,천명
202405,취업자,서울특별시,-임시근로자,,,916.9,천명
202406,취업자,서울특별시,-임시근로자,,,913.8,천명
202407,취업자,서울특별시,-임시근로자,,,915.6,천명
202408,취업자,서울특별시,-임시근로자,,,927.5,천명
202409,취업자,서울특별시,-임시근로자,,,920.4,천명
202410,취업자,서울특별시,-임시근로자,,,930.3,천명
202411,취업자,서울특별시,-임시근로자,,,900.8,천명
202412,취업자,서울특별시,-임시근로자,,,875.7,천명
202501,취업자,서울특별시,-임시근로자,,,848.7,천명
202502,취업자,서울특별시,-임시근로자,,,840.4,천명
202503,취업자,서울특별시,-임시근로자,,,836.3,천명
202504,취업자,서울특별시,-임시근로자,,,871.5,천명
202505,취업자,서울특별시,-임시근로자,,,898,천명
202506,취업자,서울특별시,-임시근로자,,,899.2,천명
202507,취업자,서울특별시,-임시근로자,,,912.5,천명
202508,취업자,서울특별시,-임시근로자,,,902.8,천명
202509,취업자,서울특별시,-임시근로자,,,893.9,천명
202510,취업자,서울특별시,-임시근로자,,,892.3,천명
202511,취업자,서울특별시,-임시근로자,,,883.9,천명
202512,취업자,서울특별시,-임시근로자,,,846.2,천명
202601,취업자,서울특별시,-임시근로자,,,813.4,천명
202602,취업자,서울특별시,-임시근로자,,,837.6,천명
202603,취업자,서울특별시,-임시근로자,,,859.5,천명
202604,취업자,서울특별시,-임시근로자,,,867.6,천명
202605,취업자,서울특별시,-임시근로자,,,894.7,천명
202606,취업자,서울특별시,-임시근로자,,,923.7,천명
202607,취업자,서울특별시,-임시근로자,,,906.1,천명
202608,취업자,서울특별시,-임시근로자,,,910,천명
202301,취업자,서울특별시,-일용근로자,,,187.1,천명
202302,취업자,서울특별시,-일용근로자,,,207,천명
202303,취업자,서울특별시,-일용근로자,,,205.4,천명
202304,취업자,서울특별시,-일용근로자,,,195.2,천명
202305,취업자,서울특별시,-일용근로자,,,179.2,천명
202306,취업자,서울특별시,-일용근로자,,,171.5,천명
202307,취업자,서울특별시,-일용근로자,,,162.7,천명
202308,취업자,서울특별시,-일용근로자,,,157.3,천명
202309,취업자,서울특별시,-일용근로자,,,152.5,천명
202310,취업자,서울특별시,-일용근로자,,,148.6,천명
202311,취업자,서울특별시,-일용근로자,,,167.6,천명
202312,취업자,서울특별시,-일용근로자,,,168.8,천명
202401,취업자,서울특별시,-일용근로자,,,164.6,천명
202402,취업자,서울특별시,-일용근로자,,,161.5,천명
202403,취업자,서울특별시,-일용근로자,,,161.3,천명
202404,취업자,서울특별시,-일용근로자,,,153.5,천명
202405,취업자,서울특별시,-일용근로자,,,149.3,천명
202406,취업자,서울특별시,-일용근로자,,,152.1,천명
202407,취업자,서울특별시,-일용근로자,,,146.2,천명
202408,취업자,서울특별시,-일용근로자,,,147,천명
202409,취업자,서울특별시,-일용근로자,,,162.6,천명
202410,취업자,서울특별시,-일용근로자,,,167.1,천명
202411,취업자,서울특별시,-일용근로자,,,174.6,천명
202412,취업자,서울특별시,-일용근로자,,,162.4,천명
202501,취업자,서울특별시,-일용근로자,,,147,천명
202502,취업자,서울특별시,-일용근로자,,,144.9,천명
202503,취업자,서울특별시,-일용근로자,,,142.6,천명
202504,취업자,서울특별시,-일용근로자,,,158.6,천명
202505,취업자,서울특별시,-일용근로자,,,159,천명
202506,취업자,서울특별시,-일용근로자,,,143.5,천명
202507,취업자,서울특별시,-일용근로자,,,150.6,천명
202508,취업자,서울특별시,-일용근로자,,,151.8,천명
202509,취업자,서울특별시,-일용근로자,,,167.2,천명
202510,취업자,서울특별시,-일용근로자,,,157.7,천명
202511,취업자,서울특별시,-일용근로자,,,163,천명
202512,취업자,서울특별시,-일용근로자,,,148.3,천명
202601,취업자,서울특별시,-일용근로자,,,145.7,천명
202602,취업자,서울특별시,-일용근로자,,,152.1,천명
202603,취업자,서울특별시,-일용근로자,,,144.9,천명
202604,취업자,서울특별시,-일용근로자,,,153,천명
202605,취업자,서울특별시,-일용근로자,,,164.3,천명
202606,취업자,서울특별시,-일용근로자,,,134.2,천명
202607,취업자,서울특별시,-일용근로자,,,137.8,천명
202608,취업자,서울특별시,-일용근로자,,,139.2,천명
202501,취업자,전남광주통합특별시,계,,,1720.9,천명
202502,취업자,전남광주통합특별시,계,,,1747.7,천명
202503,취업자,전남광주통합특별시,계,,,1771.3,천명
202504,취업자,전남광주통합특별시,계,,,1779.5,천명
202505,취업자,전남광주통합특별시,계,,,1795.6,천명
202506,취업자,전남광주통합특별시,계,,,1797.5,천명
202507,취업자,전남광주통합특별시,계,,,1786.3,천명
202508,취업자,전남광주통합특별시,계,,,1790.2,천명
202509,취업자,전남광주통합특별시,계,,,1794,천명
202510,취업자,전남광주통합특별시,계,,,1797.2,천명
202511,취업자,전남광주통합특별시,계,,,1792.6,천명
202512,취업자,전남광주통합특별시,계,,,1709.1,천명
202601,취업자,전남광주통합특별시,계,,,1712.5,천명
202602,취업자,전남광주통합특별시,계,,,1753.5,천명
202603,취업자,전남광주통합특별시,계,,,1778.5,천명
202604,취업자,전남광주통합특별시,계,,,1791.4,천명
202605,취업자,전남광주통합특별시,계,,,1799.1,천명
202606,취업자,전남광주통합특별시,계,,,1803.6,천명
202607,취업자,전남광주통합특별시,계,,,1807.5,천명
202608,취업자,전남광주통합특별시,계,,,1803.5,천명
202501,취업자,전남광주통합특별시,비임금근로자,,,535,천명
202502,취업자,전남광주통합특별시,비임금근로자,,,529.3,천명
202503,취업자,전남광주통합특별시,비임금근로자,,,533.7,천명
202504,취업자,전남광주통합특별시,비임금근로자,,,537.5,천명
202505,취업자,전남광주통합특별시,비임금근로자,,,537.3,천명
202506,취업자,전남광주통합특별시,비임금근로자,,,522,천명
202507,취업자,전남광주통합특별시,비임금근로자,,,527,천명
202508,취업자,전남광주통합특별시,비임금근로자,,,526.5,천명
202509,취업자,전남광주통합특별시,비임금근로자,,,529.8,천명
202510,취업자,전남광주통합특별시,비임금근로자,,,527.7,천명
202511,취업자,전남광주통합특별시,비임금근로자,,,523.2,천명
202512,취업자,전남광주통합특별시,비임금근로자,,,514.7,천명
202601,취업자,전남광주통합특별시,비임금근로자,,,521.8,천명
202602,취업자,전남광주통합특별시,비임금근로자,,,510.2,천명
202603,취업자,전남광주통합특별시,비임금근로자,,,514.9,천명
202604,취업자,전남광주통합특별시,비임금근로자,,,525.5,천명
202605,취업자,전남광주통합특별시,비임금근로자,,,528.6,천명
202606,취업자,전남광주통합특별시,비임금근로자,,,531.7,천명
202607,취업자,전남광주통합특별시,비임금근로자,,,539.2,천명
202608,취업자,전남광주통합특별시,비임금근로자,,,543.7,천명
202501,취업자,전남광주통합특별시,*자영업자,,,438.9,천명
202502,취업자,전남광주통합특별시,*자영업자,,,436.5,천명
202503,취업자,전남광주통합특별시,*자영업자,,,439.6,천명
202504,취업자,전남광주통합특별시,*자영업자,,,439.1,천명
202505,취업자,전남광주통합특별시,*자영업자,,,432.4,천명
202506,취업자,전남광주통합특별시,*자영업자,,,423.1,천명
202507,취업자,전남광주통합특별시,*자영업자,,,426.9,천명
202508,취업자,전남광주통합특별시,*자영업자,,,427,천명
202509,취업자,전남광주통합특별시,*자영업자,,,430.8,천명
202510,취업자,전남광주통합특별시,*자영업자,,,426.7,천명
202511,취업자,전남광주통합특별시,*자영업자,,,422.1,천명
202512,취업자,전남광주통합특별시,*자영업자,,,416.1,천명
202601,취업자,전남광주통합특별시,*자영업자,,,421.1,천명
202602,취업자,전남광주통합특별시,*자영업자,,,414.6,천명
202603,취업자,전남광주통합특별시,*자영업자,,,419.7,천명
202604,취업자,전남광주통합특별시,*자영업자,,,425,천명
202605,취업자,전남광주통합특별시,*자영업자,,,427.3,천명
202606,취업자,전남광주통합특별시,*자영업자,,,430.6,천명
202607,취업자,전남광주통합특별시,*자영업자,,,438.7,천명
202608,취업자,전남광주통합특별시,*자영업자,,,439.1,천명
202501,취업자,전남광주통합특별시,-고용원이 있는 자영업자,,,75.7,천명
202502,취업자,전남광주통합특별시,-고용원이 있는 자영업자,,,75.1,천명
202503,취업자,전남광주통합특별시,-고용원이 있는 자영업자,,,76.9,천명
202504,취업자,전남광주통합특별시,-고용원이 있는 자영업자,,,79,천명
202505,취업자,전남광주통합특별시,-고용원이 있는 자영업자,,,77.7,천명
202506,취업자,전남광주통합특별시,-고용원이 있는 자영업자,,,71.3,천명
202507,취업자,전남광주통합특별시,-고용원이 있는 자영업자,,,72.9,천명
202508,취업자,전남광주통합특별시,-고용원이 있는 자영업자,,,74.3,천명
202509,취업자,전남광주통합특별시,-고용원이 있는 자영업자,,,76,천명
202510,취업자,전남광주통합특별시,-고용원이 있는 자영업자,,,79.4,천명
202511,취업자,전남광주통합특별시,-고용원이 있는 자영업자,,,84.2,천명
202512,취업자,전남광주통합특별시,-고용원이 있는 자영업자,,,82,천명
202601,취업자,전남광주통합특별시,-고용원이 있는 자영업자,,,83.3,천명
202602,취업자,전남광주통합특별시,-고용원이 있는 자영업자,,,82,천명
202603,취업자,전남광주통합특별시,-고용원이 있는 자영업자,,,85.4,천명
202604,취업자,전남광주통합특별시,-고용원이 있는 자영업자,,,81.9,천명
202605,취업자,전남광주통합특별시,-고용원이 있는 자영업자,,,87.8,천명
202606,취업자,전남광주통합특별시,-고용원이 있는 자영업자,,,85.2,천명
202607,취업자,전남광주통합특별시,-고용원이 있는 자영업자,,,84.6,천명
202608,취업자,전남광주통합특별시,-고용원이 있는 자영업자,,,87.4,천명
202501,취업자,전남광주통합특별시,-고용원이 없는 자영업자,,,363.2,천명
202502,취업자,전남광주통합특별시,-고용원이 없는 자영업자,,,361.5,천명
202503,취업자,전남광주통합특별시,-고용원이 없는 자영업자,,,362.7,천명
202504,취업자,전남광주통합특별시,-고용원이 없는 자영업자,,,360.1,천명
202505,취업자,전남광주통합특별시,-고용원이 없는 자영업자,,,354.8,천명
202506,취업자,전남광주통합특별시,-고용원이 없는 자영업자,,,351.8,천명
202507,취업자,전남광주통합특별시,-고용원이 없는 자영업자,,,354,천명
202508,취업자,전남광주통합특별시,-고용원이 없는 자영업자,,,352.6,천명
202509,취업자,전남광주통합특별시,-고용원이 없는 자영업자,,,354.8,천명
202510,취업자,전남광주통합특별시,-고용원이 없는 자영업자,,,347.3,천명
202511,취업자,전남광주통합특별시,-고용원이 없는 자영업자,,,338,천명
202512,취업자,전남광주통합특별시,-고용원이 없는 자영업자,,,334.1,천명
202601,취업자,전남광주통합특별시,-고용원이 없는 자영업자,,,337.8,천명
202602,취업자,전남광주통합특별시,-고용원이 없는 자영업자,,,332.6,천명
202603,취업자,전남광주통합특별시,-고용원이 없는 자영업자,,,334.3,천명
202604,취업자,전남광주통합특별시,-고용원이 없는 자영업자,,,343.1,천명
202605,취업자,전남광주통합특별시,-고용원이 없는 자영업자,,,339.5,천명
202606,취업자,전남광주통합특별시,-고용원이 없는 자영업자,,,345.3,천명
202607,취업자,전남광주통합특별시,-고용원이 없는 자영업자,,,354,천명
202608,취업자,전남광주통합특별시,-고용원이 없는 자영업자,,,351.7,천명
202501,취업자,전남광주통합특별시,-무급가족종사자,,,96.1,천명
202502,취업자,전남광주통합특별시,-무급가족종사자,,,92.7,천명
202503,취업자,전남광주통합특별시,-무급가족종사자,,,94.1,천명
202504,취업자,전남광주통합특별시,-무급가족종사자,,,98.4,천명
202505,취업자,전남광주통합특별시,-무급가족종사자,,,104.8,천명
202506,취업자,전남광주통합특별시,-무급가족종사자,,,98.9,천명
202507,취업자,전남광주통합특별시,-무급가족종사자,,,100.1,천명
202508,취업자,전남광주통합특별시,-무급가족종사자,,,99.5,천명
202509,취업자,전남광주통합특별시,-무급가족종사자,,,99,천명
202510,취업자,전남광주통합특별시,-무급가족종사자,,,101,천명
202511,취업자,전남광주통합특별시,-무급가족종사자,,,101.1,천명
202512,취업자,전남광주통합특별시,-무급가족종사자,,,98.6,천명
202601,취업자,전남광주통합특별시,-무급가족종사자,,,100.7,천명
202602,취업자,전남광주통합특별시,-무급가족종사자,,,95.7,천명
202603,취업자,전남광주통합특별시,-무급가족종사자,,,95.2,천명
202604,취업자,전남광주통합특별시,-무급가족종사자,,,100.5,천명
202605,취업자,전남광주통합특별시,-무급가족종사자,,,101.3,천명
202606,취업자,전남광주통합특별시,-무급가족종사자,,,101.1,천명
202607,취업자,전남광주통합특별시,-무급가족종사자,,,100.6,천명
202608,취업자,전남광주통합특별시,-무급가족종사자,,,104.7,천명
202501,취업자,전남광주통합특별시,임금근로자,,,1185.9,천명
202502,취업자,전남광주통합특별시,임금근로자,,,1218.4,천명
202503,취업자,전남광주통합특별시,임금근로자,,,1237.7,천명
202504,취업자,전남광주통합특별시,임금근로자,,,1242,천명
202505,취업자,전남광주통합특별시,임금근로자,,,1258.3,천명
202506,취업자,전남광주통합특별시,임금근로자,,,1275.5,천명
202507,취업자,전남광주통합특별시,임금근로자,,,1259.3,천명
202508,취업자,전남광주통합특별시,임금근로자,,,1263.7,천명
202509,취업자,전남광주통합특별시,임금근로자,,,1264.3,천명
202510,취업자,전남광주통합특별시,임금근로자,,,1269.5,천명
202511,취업자,전남광주통합특별시,임금근로자,,,1269.3,천명
202512,취업자,전남광주통합특별시,임금근로자,,,1194.4,천명
202601,취업자,전남광주통합특별시,임금근로자,,,1190.7,천명
202602,취업자,전남광주통합특별시,임금근로자,,,1243.3,천명
202603,취업자,전남광주통합특별시,임금근로자,,,1263.6,천명
202604,취업자,전남광주통합특별시,임금근로자,,,1265.9,천명
202605,취업자,전남광주통합특별시,임금근로자,,,1270.4,천명
202606,취업자,전남광주통합특별시,임금근로자,,,1271.9,천명
202607,취업자,전남광주통합특별시,임금근로자,,,1268.3,천명
202608,취업자,전남광주통합특별시,임금근로자,,,1259.7,천명
202501,취업자,전남광주통합특별시,-상용근로자,,,828.2,천명
202502,취업자,전남광주통합특별시,-상용근로자,,,825.6,천명
202503,취업자,전남광주통합특별시,-상용근로자,,,834.5,천명
202504,취업자,전남광주통합특별시,-상용근로자,,,836.7,천명
202505,취업자,전남광주통합특별시,-상용근로자,,,857.4,천명
202506,취업자,전남광주통합특별시,-상용근로자,,,869.2,천명
202507,취업자,전남광주통합특별시,-상용근로자,,,858.8,천명
202508,취업자,전남광주통합특별시,-상용근로자,,,858.3,천명
202509,취업자,전남광주통합특별시,-상용근로자,,,853.2,천명
202510,취업자,전남광주통합특별시,-상용근로자,,,863.1,천명
202511,취업자,전남광주통합특별시,-상용근로자,,,858,천명
202512,취업자,전남광주통합특별시,-상용근로자,,,866.5,천명
202601,취업자,전남광주통합특별시,-상용근로자,,,860.7,천명
202602,취업자,전남광주통합특별시,-상용근로자,,,866.8,천명
202603,취업자,전남광주통합특별시,-상용근로자,,,865.7,천명
202604,취업자,전남광주통합특별시,-상용근로자,,,869.3,천명
202605,취업자,전남광주통합특별시,-상용근로자,,,867.3,천명
202606,취업자,전남광주통합특별시,-상용근로자,,,863,천명
202607,취업자,전남광주통합특별시,-상용근로자,,,869.9,천명
202608,취업자,전남광주통합특별시,-상용근로자,,,865.2,천명
202501,취업자,전남광주통합특별시,-임시근로자,,,293.3,천명
202502,취업자,전남광주통합특별시,-임시근로자,,,321.6,천명
202503,취업자,전남광주통합특별시,-임시근로자,,,336.5,천명
202504,취업자,전남광주통합특별시,-임시근로자,,,339.7,천명
202505,취업자,전남광주통합특별시,-임시근로자,,,339.7,천명
202506,취업자,전남광주통합특별시,-임시근로자,,,341,천명
202507,취업자,전남광주통합특별시,-임시근로자,,,339.9,천명
202508,취업자,전남광주통합특별시,-임시근로자,,,343.6,천명
202509,취업자,전남광주통합특별시,-임시근로자,,,345.1,천명
202510,취업자,전남광주통합특별시,-임시근로자,,,345.5,천명
202511,취업자,전남광주통합특별시,-임시근로자,,,344,천명
202512,취업자,전남광주통합특별시,-임시근로자,,,261.7,천명
202601,취업자,전남광주통합특별시,-임시근로자,,,269.8,천명
202602,취업자,전남광주통합특별시,-임시근로자,,,318,천명
202603,취업자,전남광주통합특별시,-임시근로자,,,331.5,천명
202604,취업자,전남광주통합특별시,-임시근로자,,,329.5,천명
202605,취업자,전남광주통합특별시,-임시근로자,,,339.6,천명
202606,취업자,전남광주통합특별시,-임시근로자,,,347.3,천명
202607,취업자,전남광주통합특별시,-임시근로자,,,340.8,천명
202608,취업자,전남광주통합특별시,-임시근로자,,,338,천명
202501,취업자,전남광주통합특별시,-일용근로자,,,64.4,천명
202502,취업자,전남광주통합특별시,-일용근로자,,,71.1,천명
202503,취업자,전남광주통합특별시,-일용근로자,,,66.6,천명
202504,취업자,전남광주통합특별시,-일용근로자,,,65.7,천명
202505,취업자,전남광주통합특별시,-일용근로자,,,61.2,천명
202506,취업자,전남광주통합특별시,-일용근로자,,,65.2,천명
202507,취업자,전남광주통합특별시,-일용근로자,,,60.6,천명
202508,취업자,전남광주통합특별시,-일용근로자,,,61.9,천명
202509,취업자,전남광주통합특별시,-일용근로자,,,65.9,천명
202510,취업자,전남광주통합특별시,-일용근로자,,,60.9,천명
202511,취업자,전남광주통합특별시,-일용근로자,,,67.3,천명
202512,취업자,전남광주통합특별시,-일용근로자,,,66.2,천명
202601,취업자,전남광주통합특별시,-일용근로자,,,60.1,천명
202602,취업자,전남광주통합특별시,-일용근로자,,,58.5,천명
202603,취업자,전남광주통합특별시,-일용근로자,,,66.4,천명
202604,취업자,전남광주통합특별시,-일용근로자,,,67,천명
202605,취업자,전남광주통합특별시,-일용근로자,,,63.6,천명
202606,취업자,전남광주통합특별시,-일용근로자,,,61.6,천명
202607,취업자,전남광주통합특별시,-일용근로자,,,57.6,천명
202608,취업자,전남광주통합특별시,-일용근로자,,,56.5,천명
202301,취업자,부산광역시,계,,,1676.9,천명
202302,취업자,부산광역시,계,,,1663.3,천명
202303,취업자,부산광역시,계,,,1698.2,천명
202304,취업자,부산광역시,계,,,1695.4,천명
202305,취업자,부산광역시,계,,,1699.5,천명
202306,취업자,부산광역시,계,,,1694.6,천명
202307,취업자,부산광역시,계,,,1704.1,천명
202308,취업자,부산광역시,계,,,1699.6,천명
202309,취업자,부산광역시,계,,,1712.1,천명
202310,취업자,부산광역시,계,,,1700.5,천명
202311,취업자,부산광역시,계,,,1682.7,천명
202312,취업자,부산광역시,계,,,1669.2,천명
202401,취업자,부산광역시,계,,,1654.3,천명
202402,취업자,부산광역시,계,,,1684.4,천명
202403,취업자,부산광역시,계,,,1686.8,천명
202404,취업자,부산광역시,계,,,1688.3,천명
202405,취업자,부산광역시,계,,,1686,천명
202406,취업자,부산광역시,계,,,1701.4,천명
202407,취업자,부산광역시,계,,,1705.1,천명
202408,취업자,부산광역시,계,,,1699.7,천명
202409,취업자,부산광역시,계,,,1700,천명
202410,취업자,부산광역시,계,,,1698.9,천명
202411,취업자,부산광역시,계,,,1696,천명
202412,취업자,부산광역시,계,,,1653.5,천명
202501,취업자,부산광역시,계,,,1636.9,천명
202502,취업자,부산광역시,계,,,1679.4,천명
202503,취업자,부산광역시,계,,,1699,천명
202504,취업자,부산광역시,계,,,1709,천명
202505,취업자,부산광역시,계,,,1715.6,천명
202506,취업자,부산광역시,계,,,1716.6,천명
202507,취업자,부산광역시,계,,,1709.2,천명
202508,취업자,부산광역시,계,,,1693.4,천명
202509,취업자,부산광역시,계,,,1713.6,천명
202510,취업자,부산광역시,계,,,1707.4,천명
202511,취업자,부산광역시,계,,,1718.2,천명
202512,취업자,부산광역시,계,,,1672.2,천명
202601,취업자,부산광역시,계,,,1656.6,천명
202602,취업자,부산광역시,계,,,1695.1,천명
202603,취업자,부산광역시,계,,,1694.2,천명
202604,취업자,부산광역시,계,,,1688.2,천명
202605,취업자,부산광역시,계,,,1698.7,천명
202606,취업자,부산광역시,계,,,1709.6,천명
202607,취업자,부산광역시,계,,,1723,천명
202608,취업자,부산광역시,계,,,1703.9,천명
202301,취업자,부산광역시,비임금근로자,,,405.2,천명
202302,취업자,부산광역시,비임금근로자,,,395.4,천명
202303,취업자,부산광역시,비임금근로자,,,394.7,천명
202304,취업자,부산광역시,비임금근로자,,,398.2,천명
202305,취업자,부산광역시,비임금근로자,,,392,천명
202306,취업자,부산광역시,비임금근로자,,,386.9,천명
202307,취업자,부산광역시,비임금근로자,,,386.8,천명
202308,취업자,부산광역시,비임금근로자,,,383.3,천명
202309,취업자,부산광역시,비임금근로자,,,380.7,천명
202310,취업자,부산광역시,비임금근로자,,,371.5,천명
202311,취업자,부산광역시,비임금근로자,,,364.5,천명
202312,취업자,부산광역시,비임금근로자,,,357.2,천명
202401,취업자,부산광역시,비임금근로자,,,354.7,천명
202402,취업자,부산광역시,비임금근로자,,,354,천명
202403,취업자,부산광역시,비임금근로자,,,350.7,천명
202404,취업자,부산광역시,비임금근로자,,,350.7,천명
202405,취업자,부산광역시,비임금근로자,,,345.9,천명
202406,취업자,부산광역시,비임금근로자,,,353.8,천명
202407,취업자,부산광역시,비임금근로자,,,352.4,천명
202408,취업자,부산광역시,비임금근로자,,,349,천명
202409,취업자,부산광역시,비임금근로자,,,343.4,천명
202410,취업자,부산광역시,비임금근로자,,,342.3,천명
202411,취업자,부산광역시,비임금근로자,,,331.7,천명
202412,취업자,부산광역시,비임금근로자,,,328.5,천명
202501,취업자,부산광역시,비임금근로자,,,324.2,천명
202502,취업자,부산광역시,비임금근로자,,,328.3,천명
202503,취업자,부산광역시,비임금근로자,,,335.4,천명
202504,취업자,부산광역시,비임금근로자,,,327.8,천명
202505,취업자,부산광역시,비임금근로자,,,326.3,천명
202506,취업자,부산광역시,비임금근로자,,,318.2,천명
202507,취업자,부산광역시,비임금근로자,,,317.2,천명
202508,취업자,부산광역시,비임금근로자,,,310.3,천명
202509,취업자,부산광역시,비임금근로자,,,313.8,천명
202510,취업자,부산광역시,비임금근로자,,,319.8,천명
202511,취업자,부산광역시,비임금근로자,,,321.1,천명
202512,취업자,부산광역시,비임금근로자,,,318.8,천명
202601,취업자,부산광역시,비임금근로자,,,320,천명
202602,취업자,부산광역시,비임금근로자,,,326.7,천명
202603,취업자,부산광역시,비임금근로자,,,331.4,천명
202604,취업자,부산광역시,비임금근로자,,,335.6,천명
202605,취업자,부산광역시,비임금근로자,,,324.8,천명
202606,취업자,부산광역시,비임금근로자,,,320.5,천명
202607,취업자,부산광역시,비임금근로자,,,320.4,천명
202608,취업자,부산광역시,비임금근로자,,,318.2,천명
202301,취업자,부산광역시,*자영업자,,,362.1,천명
202302,취업자,부산광역시,*자영업자,,,354.6,천명
202303,취업자,부산광역시,*자영업자,,,354.8,천명
202304,취업자,부산광역시,*자영업자,,,356.4,천명
202305,취업자,부산광역시,*자영업자,,,352,천명
202306,취업자,부산광역시,*자영업자,,,348,천명
202307,취업자,부산광역시,*자영업자,,,346.1,천명
202308,취업자,부산광역시,*자영업자,,,341.5,천명
202309,취업자,부산광역시,*자영업자,,,338.1,천명
202310,취업자,부산광역시,*자영업자,,,331.1,천명
202311,취업자,부산광역시,*자영업자,,,325.6,천명
202312,취업자,부산광역시,*자영업자,,,319.8,천명
202401,취업자,부산광역시,*자영업자,,,318.8,천명
202402,취업자,부산광역시,*자영업자,,,317.5,천명
202403,취업자,부산광역시,*자영업자,,,314.3,천명
202404,취업자,부산광역시,*자영업자,,,311.7,천명
202405,취업자,부산광역시,*자영업자,,,309.7,천명
202406,취업자,부산광역시,*자영업자,,,316.7,천명
202407,취업자,부산광역시,*자영업자,,,313.6,천명
202408,취업자,부산광역시,*자영업자,,,312.8,천명
202409,취업자,부산광역시,*자영업자,,,305.8,천명
202410,취업자,부산광역시,*자영업자,,,305.6,천명
202411,취업자,부산광역시,*자영업자,,,296.7,천명
202412,취업자,부산광역시,*자영업자,,,294.1,천명
202501,취업자,부산광역시,*자영업자,,,291.6,천명
202502,취업자,부산광역시,*자영업자,,,294.2,천명
202503,취업자,부산광역시,*자영업자,,,299.9,천명
202504,취업자,부산광역시,*자영업자,,,293.6,천명
202505,취업자,부산광역시,*자영업자,,,291.9,천명
202506,취업자,부산광역시,*자영업자,,,286.3,천명
202507,취업자,부산광역시,*자영업자,,,285.4,천명
202508,취업자,부산광역시,*자영업자,,,282.1,천명
202509,취업자,부산광역시,*자영업자,,,282.7,천명
202510,취업자,부산광역시,*자영업자,,,286.3,천명
202511,취업자,부산광역시,*자영업자,,,287.4,천명
202512,취업자,부산광역시,*자영업자,,,288.4,천명
202601,취업자,부산광역시,*자영업자,,,289.3,천명
202602,취업자,부산광역시,*자영업자,,,296.5,천명
202603,취업자,부산광역시,*자영업자,,,301,천명
202604,취업자,부산광역시,*자영업자,,,306.3,천명
202605,취업자,부산광역시,*자영업자,,,294.6,천명
202606,취업자,부산광역시,*자영업자,,,294.4,천명
202607,취업자,부산광역시,*자영업자,,,294.8,천명
202608,취업자,부산광역시,*자영업자,,,293.5,천명
202301,취업자,부산광역시,-고용원이 있는 자영업자,,,83.1,천명
202302,취업자,부산광역시,-고용원이 있는 자영업자,,,85.5,천명
202303,취업자,부산광역시,-고용원이 있는 자영업자,,,89.5,천명
202304,취업자,부산광역시,-고용원이 있는 자영업자,,,87.3,천명
202305,취업자,부산광역시,-고용원이 있는 자영업자,,,87.5,천명
202306,취업자,부산광역시,-고용원이 있는 자영업자,,,77.2,천명
202307,취업자,부산광역시,-고용원이 있는 자영업자,,,79.8,천명
202308,취업자,부산광역시,-고용원이 있는 자영업자,,,77.6,천명
202309,취업자,부산광역시,-고용원이 있는 자영업자,,,81,천명
202310,취업자,부산광역시,-고용원이 있는 자영업자,,,75.1,천명
202311,취업자,부산광역시,-고용원이 있는 자영업자,,,76.4,천명
202312,취업자,부산광역시,-고용원이 있는 자영업자,,,73.8,천명
202401,취업자,부산광역시,-고용원이 있는 자영업자,,,72.7,천명
202402,취업자,부산광역시,-고용원이 있는 자영업자,,,73.9,천명
202403,취업자,부산광역시,-고용원이 있는 자영업자,,,70.6,천명
202404,취업자,부산광역시,-고용원이 있는 자영업자,,,71.6,천명
202405,취업자,부산광역시,-고용원이 있는 자영업자,,,74.1,천명
202406,취업자,부산광역시,-고용원이 있는 자영업자,,,76,천명
202407,취업자,부산광역시,-고용원이 있는 자영업자,,,77.9,천명
202408,취업자,부산광역시,-고용원이 있는 자영업자,,,76.1,천명
202409,취업자,부산광역시,-고용원이 있는 자영업자,,,76.2,천명
202410,취업자,부산광역시,-고용원이 있는 자영업자,,,79.2,천명
202411,취업자,부산광역시,-고용원이 있는 자영업자,,,78.4,천명
202412,취업자,부산광역시,-고용원이 있는 자영업자,,,82.6,천명
202501,취업자,부산광역시,-고용원이 있는 자영업자,,,81.6,천명
202502,취업자,부산광역시,-고용원이 있는 자영업자,,,83.6,천명
202503,취업자,부산광역시,-고용원이 있는 자영업자,,,84.8,천명
202504,취업자,부산광역시,-고용원이 있는 자영업자,,,83.4,천명
202505,취업자,부산광역시,-고용원이 있는 자영업자,,,80.8,천명
202506,취업자,부산광역시,-고용원이 있는 자영업자,,,83.8,천명
202507,취업자,부산광역시,-고용원이 있는 자영업자,,,86.9,천명
202508,취업자,부산광역시,-고용원이 있는 자영업자,,,86.7,천명
202509,취업자,부산광역시,-고용원이 있는 자영업자,,,85.9,천명
202510,취업자,부산광역시,-고용원이 있는 자영업자,,,86,천명
202511,취업자,부산광역시,-고용원이 있는 자영업자,,,88.5,천명
202512,취업자,부산광역시,-고용원이 있는 자영업자,,,91.1,천명
202601,취업자,부산광역시,-고용원이 있는 자영업자,,,91.1,천명
202602,취업자,부산광역시,-고용원이 있는 자영업자,,,91.2,천명
202603,취업자,부산광역시,-고용원이 있는 자영업자,,,87.1,천명
202604,취업자,부산광역시,-고용원이 있는 자영업자,,,86.1,천명
202605,취업자,부산광역시,-고용원이 있는 자영업자,,,84.5,천명
202606,취업자,부산광역시,-고용원이 있는 자영업자,,,86.8,천명
202607,취업자,부산광역시,-고용원이 있는 자영업자,,,85.7,천명
202608,취업자,부산광역시,-고용원이 있는 자영업자,,,85.7,천명
202301,취업자,부산광역시,-고용원이 없는 자영업자,,,279,천명
202302,취업자,부산광역시,-고용원이 없는 자영업자,,,269.1,천명
202303,취업자,부산광역시,-고용원이 없는 자영업자,,,265.3,천명
202304,취업자,부산광역시,-고용원이 없는 자영업자,,,269.1,천명
202305,취업자,부산광역시,-고용원이 없는 자영업자,,,264.5,천명
202306,취업자,부산광역시,-고용원이 없는 자영업자,,,270.9,천명
202307,취업자,부산광역시,-고용원이 없는 자영업자,,,266.4,천명
202308,취업자,부산광역시,-고용원이 없는 자영업자,,,263.9,천명
202309,취업자,부산광역시,-고용원이 없는 자영업자,,,257.1,천명
202310,취업자,부산광역시,-고용원이 없는 자영업자,,,256.1,천명
202311,취업자,부산광역시,-고용원이 없는 자영업자,,,249.1,천명
202312,취업자,부산광역시,-고용원이 없는 자영업자,,,246,천명
202401,취업자,부산광역시,-고용원이 없는 자영업자,,,246.1,천명
202402,취업자,부산광역시,-고용원이 없는 자영업자,,,243.6,천명
202403,취업자,부산광역시,-고용원이 없는 자영업자,,,243.7,천명
202404,취업자,부산광역시,-고용원이 없는 자영업자,,,240,천명
202405,취업자,부산광역시,-고용원이 없는 자영업자,,,235.6,천명
202406,취업자,부산광역시,-고용원이 없는 자영업자,,,240.7,천명
202407,취업자,부산광역시,-고용원이 없는 자영업자,,,235.7,천명
202408,취업자,부산광역시,-고용원이 없는 자영업자,,,236.7,천명
202409,취업자,부산광역시,-고용원이 없는 자영업자,,,229.7,천명
202410,취업자,부산광역시,-고용원이 없는 자영업자,,,226.4,천명
202411,취업자,부산광역시,-고용원이 없는 자영업자,,,218.3,천명
202412,취업자,부산광역시,-고용원이 없는 자영업자,,,211.6,천명
202501,취업자,부산광역시,-고용원이 없는 자영업자,,,210,천명
202502,취업자,부산광역시,-고용원이 없는 자영업자,,,210.6,천명
202503,취업자,부산광역시,-고용원이 없는 자영업자,,,215.2,천명
202504,취업자,부산광역시,-고용원이 없는 자영업자,,,210.2,천명
202505,취업자,부산광역시,-고용원이 없는 자영업자,,,211.1,천명
202506,취업자,부산광역시,-고용원이 없는 자영업자,,,202.5,천명
202507,취업자,부산광역시,-고용원이 없는 자영업자,,,198.5,천명
202508,취업자,부산광역시,-고용원이 없는 자영업자,,,195.4,천명
202509,취업자,부산광역시,-고용원이 없는 자영업자,,,196.8,천명
202510,취업자,부산광역시,-고용원이 없는 자영업자,,,200.3,천명
202511,취업자,부산광역시,-고용원이 없는 자영업자,,,199,천명
202512,취업자,부산광역시,-고용원이 없는 자영업자,,,197.3,천명
202601,취업자,부산광역시,-고용원이 없는 자영업자,,,198.2,천명
202602,취업자,부산광역시,-고용원이 없는 자영업자,,,205.3,천명
202603,취업자,부산광역시,-고용원이 없는 자영업자,,,213.8,천명
202604,취업자,부산광역시,-고용원이 없는 자영업자,,,220.2,천명
202605,취업자,부산광역시,-고용원이 없는 자영업자,,,210.1,천명
202606,취업자,부산광역시,-고용원이 없는 자영업자,,,207.6,천명
202607,취업자,부산광역시,-고용원이 없는 자영업자,,,209.1,천명
202608,취업자,부산광역시,-고용원이 없는 자영업자,,,207.8,천명
202301,취업자,부산광역시,-무급가족종사자,,,43.1,천명
202302,취업자,부산광역시,-무급가족종사자,,,40.8,천명
202303,취업자,부산광역시,-무급가족종사자,,,40,천명
202304,취업자,부산광역시,-무급가족종사자,,,41.7,천명
202305,취업자,부산광역시,-무급가족종사자,,,40,천명
202306,취업자,부산광역시,-무급가족종사자,,,38.8,천명
202307,취업자,부산광역시,-무급가족종사자,,,40.6,천명
202308,취업자,부산광역시,-무급가족종사자,,,41.8,천명
202309,취업자,부산광역시,-무급가족종사자,,,42.6,천명
202310,취업자,부산광역시,-무급가족종사자,,,40.3,천명
202311,취업자,부산광역시,-무급가족종사자,,,38.9,천명
202312,취업자,부산광역시,-무급가족종사자,,,37.4,천명
202401,취업자,부산광역시,-무급가족종사자,,,35.9,천명
202402,취업자,부산광역시,-무급가족종사자,,,36.5,천명
202403,취업자,부산광역시,-무급가족종사자,,,36.4,천명
202404,취업자,부산광역시,-무급가족종사자,,,39,천명
202405,취업자,부산광역시,-무급가족종사자,,,36.2,천명
202406,취업자,부산광역시,-무급가족종사자,,,37.1,천명
202407,취업자,부산광역시,-무급가족종사자,,,38.9,천명
202408,취업자,부산광역시,-무급가족종사자,,,36.2,천명
202409,취업자,부산광역시,-무급가족종사자,,,37.6,천명
202410,취업자,부산광역시,-무급가족종사자,,,36.7,천명
202411,취업자,부산광역시,-무급가족종사자,,,35,천명
202412,취업자,부산광역시,-무급가족종사자,,,34.3,천명
202501,취업자,부산광역시,-무급가족종사자,,,32.6,천명
202502,취업자,부산광역시,-무급가족종사자,,,34.1,천명
202503,취업자,부산광역시,-무급가족종사자,,,35.5,천명
202504,취업자,부산광역시,-무급가족종사자,,,34.2,천명
202505,취업자,부산광역시,-무급가족종사자,,,34.4,천명
202506,취업자,부산광역시,-무급가족종사자,,,31.9,천명
202507,취업자,부산광역시,-무급가족종사자,,,31.7,천명
202508,취업자,부산광역시,-무급가족종사자,,,28.2,천명
202509,취업자,부산광역시,-무급가족종사자,,,31.1,천명
202510,취업자,부산광역시,-무급가족종사자,,,33.5,천명
202511,취업자,부산광역시,-무급가족종사자,,,33.6,천명
202512,취업자,부산광역시,-무급가족종사자,,,30.4,천명
202601,취업자,부산광역시,-무급가족종사자,,,30.7,천명
202602,취업자,부산광역시,-무급가족종사자,,,30.2,천명
202603,취업자,부산광역시,-무급가족종사자,,,30.4,천명
202604,취업자,부산광역시,-무급가족종사자,,,29.3,천명
202605,취업자,부산광역시,-무급가족종사자,,,30.2,천명
202606,취업자,부산광역시,-무급가족종사자,,,26.1,천명
202607,취업자,부산광역시,-무급가족종사자,,,25.6,천명
202608,취업자,부산광역시,-무급가족종사자,,,24.7,천명
202301,취업자,부산광역시,임금근로자,,,1271.7,천명
202302,취업자,부산광역시,임금근로자,,,1267.9,천명
202303,취업자,부산광역시,임금근로자,,,1303.5,천명
202304,취업자,부산광역시,임금근로자,,,1297.2,천명
202305,취업자,부산광역시,임금근로자,,,1307.4,천명
202306,취업자,부산광역시,임금근로자,,,1307.7,천명
202307,취업자,부산광역시,임금근로자,,,1317.3,천명
202308,취업자,부산광역시,임금근로자,,,1316.2,천명
202309,취업자,부산광역시,임금근로자,,,1331.4,천명
202310,취업자,부산광역시,임금근로자,,,1329,천명
202311,취업자,부산광역시,임금근로자,,,1318.2,천명
202312,취업자,부산광역시,임금근로자,,,1312,천명
202401,취업자,부산광역시,임금근로자,,,1299.7,천명
202402,취업자,부산광역시,임금근로자,,,1330.4,천명
202403,취업자,부산광역시,임금근로자,,,1336.1,천명
202404,취업자,부산광역시,임금근로자,,,1337.7,천명
202405,취업자,부산광역시,임금근로자,,,1340.1,천명
202406,취업자,부산광역시,임금근로자,,,1347.6,천명
202407,취업자,부산광역시,임금근로자,,,1352.7,천명
202408,취업자,부산광역시,임금근로자,,,1350.7,천명
202409,취업자,부산광역시,임금근로자,,,1356.6,천명
202410,취업자,부산광역시,임금근로자,,,1356.5,천명
202411,취업자,부산광역시,임금근로자,,,1364.3,천명
202412,취업자,부산광역시,임금근로자,,,1325,천명
202501,취업자,부산광역시,임금근로자,,,1312.7,천명
202502,취업자,부산광역시,임금근로자,,,1351,천명
202503,취업자,부산광역시,임금근로자,,,1363.6,천명
202504,취업자,부산광역시,임금근로자,,,1381.2,천명
202505,취업자,부산광역시,임금근로자,,,1389.4,천명
202506,취업자,부산광역시,임금근로자,,,1398.4,천명
202507,취업자,부산광역시,임금근로자,,,1392,천명
202508,취업자,부산광역시,임금근로자,,,1383,천명
202509,취업자,부산광역시,임금근로자,,,1399.8,천명
202510,취업자,부산광역시,임금근로자,,,1387.7,천명
202511,취업자,부산광역시,임금근로자,,,1397.1,천명
202512,취업자,부산광역시,임금근로자,,,1353.4,천명
202601,취업자,부산광역시,임금근로자,,,1336.5,천명
202602,취업자,부산광역시,임금근로자,,,1368.4,천명
202603,취업자,부산광역시,임금근로자,,,1362.8,천명
202604,취업자,부산광역시,임금근로자,,,1352.6,천명
202605,취업자,부산광역시,임금근로자,,,1373.9,천명
202606,취업자,부산광역시,임금근로자,,,1389.1,천명
202607,취업자,부산광역시,임금근로자,,,1402.5,천명
202608,취업자,부산광역시,임금근로자,,,1385.6,천명
202301,취업자,부산광역시,-상용근로자,,,863.9,천명
202302,취업자,부산광역시,-상용근로자,,,855.7,천명
202303,취업자,부산광역시,-상용근로자,,,867.4,천명
202304,취업자,부산광역시,-상용근로자,,,870.2,천명
202305,취업자,부산광역시,-상용근로자,,,882.2,천명
202306,취업자,부산광역시,-상용근로자,,,882.2,천명
202307,취업자,부산광역시,-상용근로자,,,886.4,천명
202308,취업자,부산광역시,-상용근로자,,,887.1,천명
202309,취업자,부산광역시,-상용근로자,,,903.8,천명
202310,취업자,부산광역시,-상용근로자,,,897.1,천명
202311,취업자,부산광역시,-상용근로자,,,902.3,천명
202312,취업자,부산광역시,-상용근로자,,,910.6,천명
202401,취업자,부산광역시,-상용근로자,,,911.9,천명
202402,취업자,부산광역시,-상용근로자,,,919,천명
202403,취업자,부산광역시,-상용근로자,,,918.9,천명
202404,취업자,부산광역시,-상용근로자,,,919.6,천명
202405,취업자,부산광역시,-상용근로자,,,927.7,천명
202406,취업자,부산광역시,-상용근로자,,,940.4,천명
202407,취업자,부산광역시,-상용근로자,,,943,천명
202408,취업자,부산광역시,-상용근로자,,,943.2,천명
202409,취업자,부산광역시,-상용근로자,,,945.2,천명
202410,취업자,부산광역시,-상용근로자,,,959.4,천명
202411,취업자,부산광역시,-상용근로자,,,969.7,천명
202412,취업자,부산광역시,-상용근로자,,,973.3,천명
202501,취업자,부산광역시,-상용근로자,,,973.7,천명
202502,취업자,부산광역시,-상용근로자,,,982.2,천명
202503,취업자,부산광역시,-상용근로자,,,985,천명
202504,취업자,부산광역시,-상용근로자,,,993.5,천명
202505,취업자,부산광역시,-상용근로자,,,998.3,천명
202506,취업자,부산광역시,-상용근로자,,,1003.3,천명
202507,취업자,부산광역시,-상용근로자,,,1007.7,천명
202508,취업자,부산광역시,-상용근로자,,,1008.4,천명
202509,취업자,부산광역시,-상용근로자,,,1002.9,천명
202510,취업자,부산광역시,-상용근로자,,,995,천명
202511,취업자,부산광역시,-상용근로자,,,1004,천명
202512,취업자,부산광역시,-상용근로자,,,1002,천명
202601,취업자,부산광역시,-상용근로자,,,1000.4,천명
202602,취업자,부산광역시,-상용근로자,,,997.7,천명
202603,취업자,부산광역시,-상용근로자,,,1005,천명
202604,취업자,부산광역시,-상용근로자,,,1000.1,천명
202605,취업자,부산광역시,-상용근로자,,,1012.9,천명
202606,취업자,부산광역시,-상용근로자,,,1023,천명
202607,취업자,부산광역시,-상용근로자,,,1020.9,천명
202608,취업자,부산광역시,-상용근로자,,,1012,천명
202301,취업자,부산광역시,-임시근로자,,,345.8,천명
202302,취업자,부산광역시,-임시근로자,,,354.3,천명
202303,취업자,부산광역시,-임시근로자,,,376.2,천명
202304,취업자,부산광역시,-임시근로자,,,367.3,천명
202305,취업자,부산광역시,-임시근로자,,,369.5,천명
202306,취업자,부산광역시,-임시근로자,,,370,천명
202307,취업자,부산광역시,-임시근로자,,,375.7,천명
202308,취업자,부산광역시,-임시근로자,,,381.9,천명
202309,취업자,부산광역시,-임시근로자,,,379.1,천명
202310,취업자,부산광역시,-임시근로자,,,381.9,천명
202311,취업자,부산광역시,-임시근로자,,,363.2,천명
202312,취업자,부산광역시,-임시근로자,,,351.8,천명
202401,취업자,부산광역시,-임시근로자,,,344.6,천명
202402,취업자,부산광역시,-임시근로자,,,370.6,천명
202403,취업자,부산광역시,-임시근로자,,,376.2,천명
202404,취업자,부산광역시,-임시근로자,,,373.9,천명
202405,취업자,부산광역시,-임시근로자,,,371.9,천명
202406,취업자,부산광역시,-임시근로자,,,361,천명
202407,취업자,부산광역시,-임시근로자,,,368.2,천명
202408,취업자,부산광역시,-임시근로자,,,359.9,천명
202409,취업자,부산광역시,-임시근로자,,,361.3,천명
202410,취업자,부산광역시,-임시근로자,,,347.7,천명
202411,취업자,부산광역시,-임시근로자,,,341,천명
202412,취업자,부산광역시,-임시근로자,,,297,천명
202501,취업자,부산광역시,-임시근로자,,,282.8,천명
202502,취업자,부산광역시,-임시근로자,,,312.3,천명
202503,취업자,부산광역시,-임시근로자,,,322.5,천명
202504,취업자,부산광역시,-임시근로자,,,335.2,천명
202505,취업자,부산광역시,-임시근로자,,,336.4,천명
202506,취업자,부산광역시,-임시근로자,,,340.8,천명
202507,취업자,부산광역시,-임시근로자,,,327.7,천명
202508,취업자,부산광역시,-임시근로자,,,330.9,천명
202509,취업자,부산광역시,-임시근로자,,,348.1,천명
202510,취업자,부산광역시,-임시근로자,,,347.7,천명
202511,취업자,부산광역시,-임시근로자,,,344.9,천명
202512,취업자,부산광역시,-임시근로자,,,301.6,천명
202601,취업자,부산광역시,-임시근로자,,,285.1,천명
202602,취업자,부산광역시,-임시근로자,,,318.6,천명
202603,취업자,부산광역시,-임시근로자,,,310.1,천명
202604,취업자,부산광역시,-임시근로자,,,303.8,천명
202605,취업자,부산광역시,-임시근로자,,,315.5,천명
202606,취업자,부산광역시,-임시근로자,,,319.8,천명
202607,취업자,부산광역시,-임시근로자,,,327.3,천명
202608,취업자,부산광역시,-임시근로자,,,329.3,천명
202301,취업자,부산광역시,-일용근로자,,,62,천명
202302,취업자,부산광역시,-일용근로자,,,57.9,천명
202303,취업자,부산광역시,-일용근로자,,,59.8,천명
202304,취업자,부산광역시,-일용근로자,,,59.8,천명
202305,취업자,부산광역시,-일용근로자,,,55.8,천명
202306,취업자,부산광역시,-일용근로자,,,55.5,천명
202307,취업자,부산광역시,-일용근로자,,,55.3,천명
202308,취업자,부산광역시,-일용근로자,,,47.2,천명
202309,취업자,부산광역시,-일용근로자,,,48.5,천명
202310,취업자,부산광역시,-일용근로자,,,50,천명
202311,취업자,부산광역시,-일용근로자,,,52.7,천명
202312,취업자,부산광역시,-일용근로자,,,49.6,천명
202401,취업자,부산광역시,-일용근로자,,,43.2,천명
202402,취업자,부산광역시,-일용근로자,,,40.8,천명
202403,취업자,부산광역시,-일용근로자,,,41,천명
202404,취업자,부산광역시,-일용근로자,,,44.2,천명
202405,취업자,부산광역시,-일용근로자,,,40.5,천명
202406,취업자,부산광역시,-일용근로자,,,46.2,천명
202407,취업자,부산광역시,-일용근로자,,,41.5,천명
202408,취업자,부산광역시,-일용근로자,,,47.7,천명
202409,취업자,부산광역시,-일용근로자,,,50.2,천명
202410,취업자,부산광역시,-일용근로자,,,49.5,천명
202411,취업자,부산광역시,-일용근로자,,,53.6,천명
202412,취업자,부산광역시,-일용근로자,,,54.8,천명
202501,취업자,부산광역시,-일용근로자,,,56.1,천명
202502,취업자,부산광역시,-일용근로자,,,56.6,천명
202503,취업자,부산광역시,-일용근로자,,,56.1,천명
202504,취업자,부산광역시,-일용근로자,,,52.5,천명
202505,취업자,부산광역시,-일용근로자,,,54.7,천명
202506,취업자,부산광역시,-일용근로자,,,54.3,천명
202507,취업자,부산광역시,-일용근로자,,,56.6,천명
202508,취업자,부산광역시,-일용근로자,,,43.7,천명
202509,취업자,부산광역시,-일용근로자,,,48.8,천명
202510,취업자,부산광역시,-일용근로자,,,45,천명
202511,취업자,부산광역시,-일용근로자,,,48.1,천명
202512,취업자,부산광역시,-일용근로자,,,49.8,천명
202601,취업자,부산광역시,-일용근로자,,,51,천명
202602,취업자,부산광역시,-일용근로자,,,52.1,천명
202603,취업자,부산광역시,-일용근로자,,,47.7,천명
202604,취업자,부산광역시,-일용근로자,,,48.7,천명
202605,취업자,부산광역시,-일용근로자,,,45.5,천명
202606,취업자,부산광역시,-일용근로자,,,46.3,천명
202607,취업자,부산광역시,-일용근로자,,,54.3,천명
202608,취업자,부산광역시,-일용근로자,,,44.3,천명
202301,취업자,대구광역시,계,,,1196.1,천명
202302,취업자,대구광역시,계,,,1221.6,천명
202303,취업자,대구광역시,계,,,1241.2,천명
202304,취업자,대구광역시,계,,,1236,천명
202305,취업자,대구광역시,계,,,1284.2,천명
202306,취업자,대구광역시,계,,,1276,천명
202307,취업자,대구광역시,계,,,1277.8,천명
202308,취업자,대구광역시,계,,,1258.4,천명
202309,취업자,대구광역시,계,,,1257,천명
202310,취업자,대구광역시,계,,,1260.9,천명
202311,취업자,대구광역시,계,,,1237.6,천명
202312,취업자,대구광역시,계,,,1213.5,천명
202401,취업자,대구광역시,계,,,1204.5,천명
202402,취업자,대구광역시,계,,,1213.2,천명
202403,취업자,대구광역시,계,,,1217.5,천명
202404,취업자,대구광역시,계,,,1227,천명
202405,취업자,대구광역시,계,,,1230.8,천명
202406,취업자,대구광역시,계,,,1222.7,천명
202407,취업자,대구광역시,계,,,1216,천명
202408,취업자,대구광역시,계,,,1213.2,천명
202409,취업자,대구광역시,계,,,1215.6,천명
202410,취업자,대구광역시,계,,,1215.2,천명
202411,취업자,대구광역시,계,,,1218.2,천명
202412,취업자,대구광역시,계,,,1190.3,천명
202501,취업자,대구광역시,계,,,1186.4,천명
202502,취업자,대구광역시,계,,,1196.2,천명
202503,취업자,대구광역시,계,,,1220.3,천명
202504,취업자,대구광역시,계,,,1222.7,천명
202505,취업자,대구광역시,계,,,1229.6,천명
202506,취업자,대구광역시,계,,,1222,천명
202507,취업자,대구광역시,계,,,1210.8,천명
202508,취업자,대구광역시,계,,,1213.2,천명
202509,취업자,대구광역시,계,,,1224.4,천명
202510,취업자,대구광역시,계,,,1217.4,천명
202511,취업자,대구광역시,계,,,1227.6,천명
202512,취업자,대구광역시,계,,,1198,천명
202601,취업자,대구광역시,계,,,1179,천명
202602,취업자,대구광역시,계,,,1213.9,천명
202603,취업자,대구광역시,계,,,1215.5,천명
202604,취업자,대구광역시,계,,,1224.6,천명
202605,취업자,대구광역시,계,,,1230.8,천명
202606,취업자,대구광역시,계,,,1226.4,천명
202607,취업자,대구광역시,계,,,1228.1,천명
202608,취업자,대구광역시,계,,,1223.6,천명
202301,취업자,대구광역시,비임금근로자,,,271.2,천명
202302,취업자,대구광역시,비임금근로자,,,262.4,천명
202303,취업자,대구광역시,비임금근로자,,,269.6,천명
202304,취업자,대구광역시,비임금근로자,,,272.8,천명
202305,취업자,대구광역시,비임금근로자,,,275.1,천명
202306,취업자,대구광역시,비임금근로자,,,275.4,천명
202307,취업자,대구광역시,비임금근로자,,,277.5,천명
202308,취업자,대구광역시,비임금근로자,,,279.7,천명
202309,취업자,대구광역시,비임금근로자,,,276.8,천명
202310,취업자,대구광역시,비임금근로자,,,280.3,천명
202311,취업자,대구광역시,비임금근로자,,,277.9,천명
202312,취업자,대구광역시,비임금근로자,,,279.5,천명
202401,취업자,대구광역시,비임금근로자,,,286.4,천명
202402,취업자,대구광역시,비임금근로자,,,282.8,천명
202403,취업자,대구광역시,비임금근로자,,,280.4,천명
202404,취업자,대구광역시,비임금근로자,,,281,천명
202405,취업자,대구광역시,비임금근로자,,,278,천명
202406,취업자,대구광역시,비임금근로자,,,281.4,천명
202407,취업자,대구광역시,비임금근로자,,,285,천명
202408,취업자,대구광역시,비임금근로자,,,281.5,천명
202409,취업자,대구광역시,비임금근로자,,,281.9,천명
202410,취업자,대구광역시,비임금근로자,,,280.5,천명
202411,취업자,대구광역시,비임금근로자,,,279.8,천명
202412,취업자,대구광역시,비임금근로자,,,284.4,천명
202501,취업자,대구광역시,비임금근로자,,,283.8,천명
202502,취업자,대구광역시,비임금근로자,,,287.5,천명
202503,취업자,대구광역시,비임금근로자,,,296.6,천명
202504,취업자,대구광역시,비임금근로자,,,294.1,천명
202505,취업자,대구광역시,비임금근로자,,,305.1,천명
202506,취업자,대구광역시,비임금근로자,,,299.6,천명
202507,취업자,대구광역시,비임금근로자,,,298.3,천명
202508,취업자,대구광역시,비임금근로자,,,299.9,천명
202509,취업자,대구광역시,비임금근로자,,,297.7,천명
202510,취업자,대구광역시,비임금근로자,,,298.1,천명
202511,취업자,대구광역시,비임금근로자,,,296.5,천명
202512,취업자,대구광역시,비임금근로자,,,287.5,천명
202601,취업자,대구광역시,비임금근로자,,,291.4,천명
202602,취업자,대구광역시,비임금근로자,,,299.1,천명
202603,취업자,대구광역시,비임금근로자,,,298.4,천명
202604,취업자,대구광역시,비임금근로자,,,304,천명
202605,취업자,대구광역시,비임금근로자,,,309.9,천명
202606,취업자,대구광역시,비임금근로자,,,311.9,천명
202607,취업자,대구광역시,비임금근로자,,,307.4,천명
202608,취업자,대구광역시,비임금근로자,,,315.4,천명
202301,취업자,대구광역시,*자영업자,,,243.4,천명
202302,취업자,대구광역시,*자영업자,,,235.4,천명
202303,취업자,대구광역시,*자영업자,,,241.1,천명
202304,취업자,대구광역시,*자영업자,,,245.6,천명
202305,취업자,대구광역시,*자영업자,,,245.6,천명
202306,취업자,대구광역시,*자영업자,,,246.4,천명
202307,취업자,대구광역시,*자영업자,,,249.4,천명
202308,취업자,대구광역시,*자영업자,,,250.9,천명
202309,취업자,대구광역시,*자영업자,,,249.5,천명
202310,취업자,대구광역시,*자영업자,,,252.6,천명
202311,취업자,대구광역시,*자영업자,,,250.6,천명
202312,취업자,대구광역시,*자영업자,,,252.7,천명
202401,취업자,대구광역시,*자영업자,,,257.7,천명
202402,취업자,대구광역시,*자영업자,,,254.2,천명
202403,취업자,대구광역시,*자영업자,,,252.5,천명
202404,취업자,대구광역시,*자영업자,,,251.5,천명
202405,취업자,대구광역시,*자영업자,,,250.2,천명
202406,취업자,대구광역시,*자영업자,,,253.9,천명
202407,취업자,대구광역시,*자영업자,,,256.7,천명
202408,취업자,대구광역시,*자영업자,,,251.7,천명
202409,취업자,대구광역시,*자영업자,,,251.5,천명
202410,취업자,대구광역시,*자영업자,,,249.4,천명
202411,취업자,대구광역시,*자영업자,,,248.3,천명
202412,취업자,대구광역시,*자영업자,,,250.1,천명
202501,취업자,대구광역시,*자영업자,,,250,천명
202502,취업자,대구광역시,*자영업자,,,256.9,천명
202503,취업자,대구광역시,*자영업자,,,263.5,천명
202504,취업자,대구광역시,*자영업자,,,261.2,천명
202505,취업자,대구광역시,*자영업자,,,269.2,천명
202506,취업자,대구광역시,*자영업자,,,267,천명
202507,취업자,대구광역시,*자영업자,,,267.6,천명
202508,취업자,대구광역시,*자영업자,,,267.8,천명
202509,취업자,대구광역시,*자영업자,,,267.3,천명
202510,취업자,대구광역시,*자영업자,,,266.4,천명
202511,취업자,대구광역시,*자영업자,,,263.8,천명
202512,취업자,대구광역시,*자영업자,,,256.3,천명
202601,취업자,대구광역시,*자영업자,,,259.3,천명
202602,취업자,대구광역시,*자영업자,,,264.2,천명
202603,취업자,대구광역시,*자영업자,,,263.1,천명
202604,취업자,대구광역시,*자영업자,,,268.3,천명
202605,취업자,대구광역시,*자영업자,,,275.1,천명
202606,취업자,대구광역시,*자영업자,,,277,천명
202607,취업자,대구광역시,*자영업자,,,273.1,천명
202608,취업자,대구광역시,*자영업자,,,281.8,천명
202301,취업자,대구광역시,-고용원이 있는 자영업자,,,76.8,천명
202302,취업자,대구광역시,-고용원이 있는 자영업자,,,71.7,천명
202303,취업자,대구광역시,-고용원이 있는 자영업자,,,73.2,천명
202304,취업자,대구광역시,-고용원이 있는 자영업자,,,75.1,천명
202305,취업자,대구광역시,-고용원이 있는 자영업자,,,76.4,천명
202306,취업자,대구광역시,-고용원이 있는 자영업자,,,77.1,천명
202307,취업자,대구광역시,-고용원이 있는 자영업자,,,76.8,천명
202308,취업자,대구광역시,-고용원이 있는 자영업자,,,79.6,천명
202309,취업자,대구광역시,-고용원이 있는 자영업자,,,78.3,천명
202310,취업자,대구광역시,-고용원이 있는 자영업자,,,81.4,천명
202311,취업자,대구광역시,-고용원이 있는 자영업자,,,83.8,천명
202312,취업자,대구광역시,-고용원이 있는 자영업자,,,86.3,천명
202401,취업자,대구광역시,-고용원이 있는 자영업자,,,86.6,천명
202402,취업자,대구광역시,-고용원이 있는 자영업자,,,85.1,천명
202403,취업자,대구광역시,-고용원이 있는 자영업자,,,82.5,천명
202404,취업자,대구광역시,-고용원이 있는 자영업자,,,82.7,천명
202405,취업자,대구광역시,-고용원이 있는 자영업자,,,82.1,천명
202406,취업자,대구광역시,-고용원이 있는 자영업자,,,80.6,천명
202407,취업자,대구광역시,-고용원이 있는 자영업자,,,83.5,천명
202408,취업자,대구광역시,-고용원이 있는 자영업자,,,82.4,천명
202409,취업자,대구광역시,-고용원이 있는 자영업자,,,81.9,천명
202410,취업자,대구광역시,-고용원이 있는 자영업자,,,80.6,천명
202411,취업자,대구광역시,-고용원이 있는 자영업자,,,79.2,천명
202412,취업자,대구광역시,-고용원이 있는 자영업자,,,77.1,천명
202501,취업자,대구광역시,-고용원이 있는 자영업자,,,78.6,천명
202502,취업자,대구광역시,-고용원이 있는 자영업자,,,77.9,천명
202503,취업자,대구광역시,-고용원이 있는 자영업자,,,81.1,천명
202504,취업자,대구광역시,-고용원이 있는 자영업자,,,81.2,천명
202505,취업자,대구광역시,-고용원이 있는 자영업자,,,80.6,천명
202506,취업자,대구광역시,-고용원이 있는 자영업자,,,84.5,천명
202507,취업자,대구광역시,-고용원이 있는 자영업자,,,81.4,천명
202508,취업자,대구광역시,-고용원이 있는 자영업자,,,78.3,천명
202509,취업자,대구광역시,-고용원이 있는 자영업자,,,77.1,천명
202510,취업자,대구광역시,-고용원이 있는 자영업자,,,79.1,천명
202511,취업자,대구광역시,-고용원이 있는 자영업자,,,80.6,천명
202512,취업자,대구광역시,-고용원이 있는 자영업자,,,79.2,천명
202601,취업자,대구광역시,-고용원이 있는 자영업자,,,79.7,천명
202602,취업자,대구광역시,-고용원이 있는 자영업자,,,81.4,천명
202603,취업자,대구광역시,-고용원이 있는 자영업자,,,82.6,천명
202604,취업자,대구광역시,-고용원이 있는 자영업자,,,80.1,천명
202605,취업자,대구광역시,-고용원이 있는 자영업자,,,79.2,천명
202606,취업자,대구광역시,-고용원이 있는 자영업자,,,79.8,천명
202607,취업자,대구광역시,-고용원이 있는 자영업자,,,75.3,천명
202608,취업자,대구광역시,-고용원이 있는 자영업자,,,73.6,천명
202301,취업자,대구광역시,-고용원이 없는 자영업자,,,166.6,천명
202302,취업자,대구광역시,-고용원이 없는 자영업자,,,163.6,천명
202303,취업자,대구광역시,-고용원이 없는 자영업자,,,167.8,천명
202304,취업자,대구광역시,-고용원이 없는 자영업자,,,170.5,천명
202305,취업자,대구광역시,-고용원이 없는 자영업자,,,169.2,천명
202306,취업자,대구광역시,-고용원이 없는 자영업자,,,169.3,천명
202307,취업자,대구광역시,-고용원이 없는 자영업자,,,172.6,천명
202308,취업자,대구광역시,-고용원이 없는 자영업자,,,171.3,천명
202309,취업자,대구광역시,-고용원이 없는 자영업자,,,171.2,천명
202310,취업자,대구광역시,-고용원이 없는 자영업자,,,171.1,천명
202311,취업자,대구광역시,-고용원이 없는 자영업자,,,166.7,천명
202312,취업자,대구광역시,-고용원이 없는 자영업자,,,166.4,천명
202401,취업자,대구광역시,-고용원이 없는 자영업자,,,171.1,천명
202402,취업자,대구광역시,-고용원이 없는 자영업자,,,169,천명
202403,취업자,대구광역시,-고용원이 없는 자영업자,,,170,천명
202404,취업자,대구광역시,-고용원이 없는 자영업자,,,168.9,천명
202405,취업자,대구광역시,-고용원이 없는 자영업자,,,168.1,천명
202406,취업자,대구광역시,-고용원이 없는 자영업자,,,173.2,천명
202407,취업자,대구광역시,-고용원이 없는 자영업자,,,173.2,천명
202408,취업자,대구광역시,-고용원이 없는 자영업자,,,169.3,천명
202409,취업자,대구광역시,-고용원이 없는 자영업자,,,169.6,천명
202410,취업자,대구광역시,-고용원이 없는 자영업자,,,168.8,천명
202411,취업자,대구광역시,-고용원이 없는 자영업자,,,169.2,천명
202412,취업자,대구광역시,-고용원이 없는 자영업자,,,173,천명
202501,취업자,대구광역시,-고용원이 없는 자영업자,,,171.4,천명
202502,취업자,대구광역시,-고용원이 없는 자영업자,,,179,천명
202503,취업자,대구광역시,-고용원이 없는 자영업자,,,182.3,천명
202504,취업자,대구광역시,-고용원이 없는 자영업자,,,180,천명
202505,취업자,대구광역시,-고용원이 없는 자영업자,,,188.6,천명
202506,취업자,대구광역시,-고용원이 없는 자영업자,,,182.6,천명
202507,취업자,대구광역시,-고용원이 없는 자영업자,,,186.1,천명
202508,취업자,대구광역시,-고용원이 없는 자영업자,,,189.5,천명
202509,취업자,대구광역시,-고용원이 없는 자영업자,,,190.2,천명
202510,취업자,대구광역시,-고용원이 없는 자영업자,,,187.3,천명
202511,취업자,대구광역시,-고용원이 없는 자영업자,,,183.2,천명
202512,취업자,대구광역시,-고용원이 없는 자영업자,,,177.1,천명
202601,취업자,대구광역시,-고용원이 없는 자영업자,,,179.6,천명
202602,취업자,대구광역시,-고용원이 없는 자영업자,,,182.8,천명
202603,취업자,대구광역시,-고용원이 없는 자영업자,,,180.5,천명
202604,취업자,대구광역시,-고용원이 없는 자영업자,,,188.2,천명
202605,취업자,대구광역시,-고용원이 없는 자영업자,,,195.9,천명
202606,취업자,대구광역시,-고용원이 없는 자영업자,,,197.2,천명
202607,취업자,대구광역시,-고용원이 없는 자영업자,,,197.8,천명
202608,취업자,대구광역시,-고용원이 없는 자영업자,,,208.2,천명
202301,취업자,대구광역시,-무급가족종사자,,,27.8,천명
202302,취업자,대구광역시,-무급가족종사자,,,27.1,천명
202303,취업자,대구광역시,-무급가족종사자,,,28.5,천명
202304,취업자,대구광역시,-무급가족종사자,,,27.2,천명
202305,취업자,대구광역시,-무급가족종사자,,,29.5,천명
202306,취업자,대구광역시,-무급가족종사자,,,29,천명
202307,취업자,대구광역시,-무급가족종사자,,,28.1,천명
202308,취업자,대구광역시,-무급가족종사자,,,28.8,천명
202309,취업자,대구광역시,-무급가족종사자,,,27.3,천명
202310,취업자,대구광역시,-무급가족종사자,,,27.7,천명
202311,취업자,대구광역시,-무급가족종사자,,,27.3,천명
202312,취업자,대구광역시,-무급가족종사자,,,26.8,천명
202401,취업자,대구광역시,-무급가족종사자,,,28.7,천명
202402,취업자,대구광역시,-무급가족종사자,,,28.7,천명
202403,취업자,대구광역시,-무급가족종사자,,,27.9,천명
202404,취업자,대구광역시,-무급가족종사자,,,29.4,천명
202405,취업자,대구광역시,-무급가족종사자,,,27.8,천명
202406,취업자,대구광역시,-무급가족종사자,,,27.6,천명
202407,취업자,대구광역시,-무급가족종사자,,,28.3,천명
202408,취업자,대구광역시,-무급가족종사자,,,29.8,천명
202409,취업자,대구광역시,-무급가족종사자,,,30.4,천명
202410,취업자,대구광역시,-무급가족종사자,,,31,천명
202411,취업자,대구광역시,-무급가족종사자,,,31.5,천명
202412,취업자,대구광역시,-무급가족종사자,,,34.3,천명
202501,취업자,대구광역시,-무급가족종사자,,,33.7,천명
202502,취업자,대구광역시,-무급가족종사자,,,30.6,천명
202503,취업자,대구광역시,-무급가족종사자,,,33.1,천명
202504,취업자,대구광역시,-무급가족종사자,,,33,천명
202505,취업자,대구광역시,-무급가족종사자,,,35.9,천명
202506,취업자,대구광역시,-무급가족종사자,,,32.6,천명
202507,취업자,대구광역시,-무급가족종사자,,,30.8,천명
202508,취업자,대구광역시,-무급가족종사자,,,32.1,천명
202509,취업자,대구광역시,-무급가족종사자,,,30.4,천명
202510,취업자,대구광역시,-무급가족종사자,,,31.7,천명
202511,취업자,대구광역시,-무급가족종사자,,,32.7,천명
202512,취업자,대구광역시,-무급가족종사자,,,31.2,천명
202601,취업자,대구광역시,-무급가족종사자,,,32.1,천명
202602,취업자,대구광역시,-무급가족종사자,,,35,천명
202603,취업자,대구광역시,-무급가족종사자,,,35.3,천명
202604,취업자,대구광역시,-무급가족종사자,,,35.7,천명
202605,취업자,대구광역시,-무급가족종사자,,,34.8,천명
202606,취업자,대구광역시,-무급가족종사자,,,34.9,천명
202607,취업자,대구광역시,-무급가족종사자,,,34.3,천명
202608,취업자,대구광역시,-무급가족종사자,,,33.6,천명
202301,취업자,대구광역시,임금근로자,,,924.9,천명
202302,취업자,대구광역시,임금근로자,,,959.1,천명
202303,취업자,대구광역시,임금근로자,,,971.6,천명
202304,취업자,대구광역시,임금근로자,,,963.3,천명
202305,취업자,대구광역시,임금근로자,,,1009.1,천명
202306,취업자,대구광역시,임금근로자,,,1000.6,천명
202307,취업자,대구광역시,임금근로자,,,1000.3,천명
202308,취업자,대구광역시,임금근로자,,,978.7,천명
202309,취업자,대구광역시,임금근로자,,,980.2,천명
202310,취업자,대구광역시,임금근로자,,,980.6,천명
202311,취업자,대구광역시,임금근로자,,,959.7,천명
202312,취업자,대구광역시,임금근로자,,,934,천명
202401,취업자,대구광역시,임금근로자,,,918.2,천명
202402,취업자,대구광역시,임금근로자,,,930.4,천명
202403,취업자,대구광역시,임금근로자,,,937.1,천명
202404,취업자,대구광역시,임금근로자,,,946.1,천명
202405,취업자,대구광역시,임금근로자,,,952.8,천명
202406,취업자,대구광역시,임금근로자,,,941.3,천명
202407,취업자,대구광역시,임금근로자,,,931,천명
202408,취업자,대구광역시,임금근로자,,,931.6,천명
202409,취업자,대구광역시,임금근로자,,,933.7,천명
202410,취업자,대구광역시,임금근로자,,,934.8,천명
202411,취업자,대구광역시,임금근로자,,,938.4,천명
202412,취업자,대구광역시,임금근로자,,,906,천명
202501,취업자,대구광역시,임금근로자,,,902.7,천명
202502,취업자,대구광역시,임금근로자,,,908.7,천명
202503,취업자,대구광역시,임금근로자,,,923.7,천명
202504,취업자,대구광역시,임금근로자,,,928.5,천명
202505,취업자,대구광역시,임금근로자,,,924.5,천명
202506,취업자,대구광역시,임금근로자,,,922.4,천명
202507,취업자,대구광역시,임금근로자,,,912.4,천명
202508,취업자,대구광역시,임금근로자,,,913.3,천명
202509,취업자,대구광역시,임금근로자,,,926.7,천명
202510,취업자,대구광역시,임금근로자,,,919.3,천명
202511,취업자,대구광역시,임금근로자,,,931.1,천명
202512,취업자,대구광역시,임금근로자,,,910.6,천명
202601,취업자,대구광역시,임금근로자,,,887.6,천명
202602,취업자,대구광역시,임금근로자,,,914.8,천명
202603,취업자,대구광역시,임금근로자,,,917,천명
202604,취업자,대구광역시,임금근로자,,,920.6,천명
202605,취업자,대구광역시,임금근로자,,,920.9,천명
202606,취업자,대구광역시,임금근로자,,,914.5,천명
202607,취업자,대구광역시,임금근로자,,,920.7,천명
202608,취업자,대구광역시,임금근로자,,,908.2,천명
202301,취업자,대구광역시,-상용근로자,,,682.2,천명
202302,취업자,대구광역시,-상용근로자,,,696.5,천명
202303,취업자,대구광역시,-상용근로자,,,697.8,천명
202304,취업자,대구광역시,-상용근로자,,,692.1,천명
202305,취업자,대구광역시,-상용근로자,,,716.8,천명
202306,취업자,대구광역시,-상용근로자,,,708.7,천명
202307,취업자,대구광역시,-상용근로자,,,711.2,천명
202308,취업자,대구광역시,-상용근로자,,,700.1,천명
202309,취업자,대구광역시,-상용근로자,,,704.3,천명
202310,취업자,대구광역시,-상용근로자,,,701.6,천명
202311,취업자,대구광역시,-상용근로자,,,692.7,천명
202312,취업자,대구광역시,-상용근로자,,,694.7,천명
202401,취업자,대구광역시,-상용근로자,,,696,천명
202402,취업자,대구광역시,-상용근로자,,,704.9,천명
202403,취업자,대구광역시,-상용근로자,,,702.2,천명
202404,취업자,대구광역시,-상용근로자,,,707.3,천명
202405,취업자,대구광역시,-상용근로자,,,705.3,천명
202406,취업자,대구광역시,-상용근로자,,,695,천명
202407,취업자,대구광역시,-상용근로자,,,689.5,천명
202408,취업자,대구광역시,-상용근로자,,,695.6,천명
202409,취업자,대구광역시,-상용근로자,,,693.3,천명
202410,취업자,대구광역시,-상용근로자,,,685.3,천명
202411,취업자,대구광역시,-상용근로자,,,683.4,천명
202412,취업자,대구광역시,-상용근로자,,,677,천명
202501,취업자,대구광역시,-상용근로자,,,681.5,천명
202502,취업자,대구광역시,-상용근로자,,,674.9,천명
202503,취업자,대구광역시,-상용근로자,,,690.3,천명
202504,취업자,대구광역시,-상용근로자,,,692.5,천명
202505,취업자,대구광역시,-상용근로자,,,695.8,천명
202506,취업자,대구광역시,-상용근로자,,,692.7,천명
202507,취업자,대구광역시,-상용근로자,,,687.4,천명
202508,취업자,대구광역시,-상용근로자,,,683,천명
202509,취업자,대구광역시,-상용근로자,,,686.7,천명
202510,취업자,대구광역시,-상용근로자,,,679.3,천명
202511,취업자,대구광역시,-상용근로자,,,684.6,천명
202512,취업자,대구광역시,-상용근로자,,,694.4,천명
202601,취업자,대구광역시,-상용근로자,,,693.8,천명
202602,취업자,대구광역시,-상용근로자,,,691.8,천명
202603,취업자,대구광역시,-상용근로자,,,688.1,천명
202604,취업자,대구광역시,-상용근로자,,,685.2,천명
202605,취업자,대구광역시,-상용근로자,,,685.1,천명
202606,취업자,대구광역시,-상용근로자,,,677.2,천명
202607,취업자,대구광역시,-상용근로자,,,688.3,천명
202608,취업자,대구광역시,-상용근로자,,,677.2,천명
202301,취업자,대구광역시,-임시근로자,,,186.2,천명
202302,취업자,대구광역시,-임시근로자,,,203,천명
202303,취업자,대구광역시,-임시근로자,,,216.2,천명
202304,취업자,대구광역시,-임시근로자,,,213.6,천명
202305,취업자,대구광역시,-임시근로자,,,225.1,천명
202306,취업자,대구광역시,-임시근로자,,,225.2,천명
202307,취업자,대구광역시,-임시근로자,,,231.9,천명
202308,취업자,대구광역시,-임시근로자,,,223.5,천명
202309,취업자,대구광역시,-임시근로자,,,224.2,천명
202310,취업자,대구광역시,-임시근로자,,,217.9,천명
202311,취업자,대구광역시,-임시근로자,,,207.8,천명
202312,취업자,대구광역시,-임시근로자,,,183.9,천명
202401,취업자,대구광역시,-임시근로자,,,168.9,천명
202402,취업자,대구광역시,-임시근로자,,,176.4,천명
202403,취업자,대구광역시,-임시근로자,,,183.3,천명
202404,취업자,대구광역시,-임시근로자,,,189.1,천명
202405,취업자,대구광역시,-임시근로자,,,193,천명
202406,취업자,대구광역시,-임시근로자,,,192.8,천명
202407,취업자,대구광역시,-임시근로자,,,192.3,천명
202408,취업자,대구광역시,-임시근로자,,,184,천명
202409,취업자,대구광역시,-임시근로자,,,187.7,천명
202410,취업자,대구광역시,-임시근로자,,,193.1,천명
202411,취업자,대구광역시,-임시근로자,,,197.9,천명
202412,취업자,대구광역시,-임시근로자,,,178.4,천명
202501,취업자,대구광역시,-임시근로자,,,173.5,천명
202502,취업자,대구광역시,-임시근로자,,,189.9,천명
202503,취업자,대구광역시,-임시근로자,,,183.4,천명
202504,취업자,대구광역시,-임시근로자,,,186.8,천명
202505,취업자,대구광역시,-임시근로자,,,177.3,천명
202506,취업자,대구광역시,-임시근로자,,,179.9,천명
202507,취업자,대구광역시,-임시근로자,,,183.9,천명
202508,취업자,대구광역시,-임시근로자,,,188.2,천명
202509,취업자,대구광역시,-임시근로자,,,193.4,천명
202510,취업자,대구광역시,-임시근로자,,,197.1,천명
202511,취업자,대구광역시,-임시근로자,,,201.4,천명
202512,취업자,대구광역시,-임시근로자,,,172.2,천명
202601,취업자,대구광역시,-임시근로자,,,158.9,천명
202602,취업자,대구광역시,-임시근로자,,,189.9,천명
202603,취업자,대구광역시,-임시근로자,,,194.1,천명
202604,취업자,대구광역시,-임시근로자,,,201.6,천명
202605,취업자,대구광역시,-임시근로자,,,203.3,천명
202606,취업자,대구광역시,-임시근로자,,,202.7,천명
202607,취업자,대구광역시,-임시근로자,,,195.7,천명
202608,취업자,대구광역시,-임시근로자,,,191.5,천명
202301,취업자,대구광역시,-일용근로자,,,56.4,천명
202302,취업자,대구광역시,-일용근로자,,,59.7,천명
202303,취업자,대구광역시,-일용근로자,,,57.7,천명
202304,취업자,대구광역시,-일용근로자,,,57.6,천명
202305,취업자,대구광역시,-일용근로자,,,67.3,천명
202306,취업자,대구광역시,-일용근로자,,,66.7,천명
202307,취업자,대구광역시,-일용근로자,,,57.2,천명
202308,취업자,대구광역시,-일용근로자,,,55.2,천명
202309,취업자,대구광역시,-일용근로자,,,51.7,천명
202310,취업자,대구광역시,-일용근로자,,,61.1,천명
202311,취업자,대구광역시,-일용근로자,,,59.2,천명
202312,취업자,대구광역시,-일용근로자,,,55.4,천명
202401,취업자,대구광역시,-일용근로자,,,53.3,천명
202402,취업자,대구광역시,-일용근로자,,,49.1,천명
202403,취업자,대구광역시,-일용근로자,,,51.6,천명
202404,취업자,대구광역시,-일용근로자,,,49.7,천명
202405,취업자,대구광역시,-일용근로자,,,54.5,천명
202406,취업자,대구광역시,-일용근로자,,,53.5,천명
202407,취업자,대구광역시,-일용근로자,,,49.2,천명
202408,취업자,대구광역시,-일용근로자,,,52,천명
202409,취업자,대구광역시,-일용근로자,,,52.6,천명
202410,취업자,대구광역시,-일용근로자,,,56.4,천명
202411,취업자,대구광역시,-일용근로자,,,57.1,천명
202412,취업자,대구광역시,-일용근로자,,,50.5,천명
202501,취업자,대구광역시,-일용근로자,,,47.7,천명
202502,취업자,대구광역시,-일용근로자,,,43.9,천명
202503,취업자,대구광역시,-일용근로자,,,50,천명
202504,취업자,대구광역시,-일용근로자,,,49.2,천명
202505,취업자,대구광역시,-일용근로자,,,51.4,천명
202506,취업자,대구광역시,-일용근로자,,,49.8,천명
202507,취업자,대구광역시,-일용근로자,,,41.1,천명
202508,취업자,대구광역시,-일용근로자,,,42.1,천명
202509,취업자,대구광역시,-일용근로자,,,46.6,천명
202510,취업자,대구광역시,-일용근로자,,,42.9,천명
202511,취업자,대구광역시,-일용근로자,,,45.1,천명
202512,취업자,대구광역시,-일용근로자,,,44,천명
202601,취업자,대구광역시,-일용근로자,,,34.9,천명
202602,취업자,대구광역시,-일용근로자,,,33.1,천명
202603,취업자,대구광역시,-일용근로자,,,34.8,천명
202604,취업자,대구광역시,-일용근로자,,,33.9,천명
202605,취업자,대구광역시,-일용근로자,,,32.5,천명
202606,취업자,대구광역시,-일용근로자,,,34.6,천명
202607,취업자,대구광역시,-일용근로자,,,36.7,천명
202608,취업자,대구광역시,-일용근로자,,,39.4,천명
202301,취업자,인천광역시,계,,,1597,천명
202302,취업자,인천광역시,계,,,1618.6,천명
202303,취업자,인천광역시,계,,,1622,천명
202304,취업자,인천광역시,계,,,1647.1,천명
202305,취업자,인천광역시,계,,,1669.2,천명
202306,취업자,인천광역시,계,,,1673.9,천명
202307,취업자,인천광역시,계,,,1680.5,천명
202308,취업자,인천광역시,계,,,1687.1,천명
202309,취업자,인천광역시,계,,,1683.5,천명
202310,취업자,인천광역시,계,,,1671.9,천명
202311,취업자,인천광역시,계,,,1660.8,천명
202312,취업자,인천광역시,계,,,1646.9,천명
202401,취업자,인천광역시,계,,,1639.3,천명
202402,취업자,인천광역시,계,,,1657.6,천명
202403,취업자,인천광역시,계,,,1663.8,천명
202404,취업자,인천광역시,계,,,1681.8,천명
202405,취업자,인천광역시,계,,,1693.7,천명
202406,취업자,인천광역시,계,,,1691.2,천명
202407,취업자,인천광역시,계,,,1711.8,천명
202408,취업자,인천광역시,계,,,1727.1,천명
202409,취업자,인천광역시,계,,,1732.9,천명
202410,취업자,인천광역시,계,,,1730.6,천명
202411,취업자,인천광역시,계,,,1726.3,천명
202412,취업자,인천광역시,계,,,1697.6,천명
202501,취업자,인천광역시,계,,,1681.1,천명
202502,취업자,인천광역시,계,,,1696.3,천명
202503,취업자,인천광역시,계,,,1708.2,천명
202504,취업자,인천광역시,계,,,1712.1,천명
202505,취업자,인천광역시,계,,,1728,천명
202506,취업자,인천광역시,계,,,1733.7,천명
202507,취업자,인천광역시,계,,,1718.5,천명
202508,취업자,인천광역시,계,,,1719.9,천명
202509,취업자,인천광역시,계,,,1752.9,천명
202510,취업자,인천광역시,계,,,1736.5,천명
202511,취업자,인천광역시,계,,,1729.1,천명
202512,취업자,인천광역시,계,,,1667.6,천명
202601,취업자,인천광역시,계,,,1682.4,천명
202602,취업자,인천광역시,계,,,1717,천명
202603,취업자,인천광역시,계,,,1729.8,천명
202604,취업자,인천광역시,계,,,1738.6,천명
202605,취업자,인천광역시,계,,,1745.3,천명
202606,취업자,인천광역시,계,,,1746.5,천명
202607,취업자,인천광역시,계,,,1737.4,천명
202608,취업자,인천광역시,계,,,1745.1,천명
202301,취업자,인천광역시,비임금근로자,,,305.6,천명
202302,취업자,인천광역시,비임금근로자,,,304.8,천명
202303,취업자,인천광역시,비임금근로자,,,305.9,천명
202304,취업자,인천광역시,비임금근로자,,,314.6,천명
202305,취업자,인천광역시,비임금근로자,,,317.3,천명
202306,취업자,인천광역시,비임금근로자,,,328.2,천명
202307,취업자,인천광역시,비임금근로자,,,326.4,천명
202308,취업자,인천광역시,비임금근로자,,,321.7,천명
202309,취업자,인천광역시,비임금근로자,,,323.9,천명
202310,취업자,인천광역시,비임금근로자,,,325.7,천명
202311,취업자,인천광역시,비임금근로자,,,328.3,천명
202312,취업자,인천광역시,비임금근로자,,,323.9,천명
202401,취업자,인천광역시,비임금근로자,,,324.1,천명
202402,취업자,인천광역시,비임금근로자,,,318.6,천명
202403,취업자,인천광역시,비임금근로자,,,315.2,천명
202404,취업자,인천광역시,비임금근로자,,,317.8,천명
202405,취업자,인천광역시,비임금근로자,,,312.5,천명
202406,취업자,인천광역시,비임금근로자,,,313.2,천명
202407,취업자,인천광역시,비임금근로자,,,318.6,천명
202408,취업자,인천광역시,비임금근로자,,,313.9,천명
202409,취업자,인천광역시,비임금근로자,,,313.9,천명
202410,취업자,인천광역시,비임금근로자,,,324,천명
202411,취업자,인천광역시,비임금근로자,,,327.6,천명
202412,취업자,인천광역시,비임금근로자,,,328.3,천명
202501,취업자,인천광역시,비임금근로자,,,327.4,천명
202502,취업자,인천광역시,비임금근로자,,,330.2,천명
202503,취업자,인천광역시,비임금근로자,,,332.4,천명
202504,취업자,인천광역시,비임금근로자,,,331.1,천명
202505,취업자,인천광역시,비임금근로자,,,330.6,천명
202506,취업자,인천광역시,비임금근로자,,,329.8,천명
202507,취업자,인천광역시,비임금근로자,,,330.1,천명
202508,취업자,인천광역시,비임금근로자,,,336,천명
202509,취업자,인천광역시,비임금근로자,,,338.8,천명
202510,취업자,인천광역시,비임금근로자,,,323.2,천명
202511,취업자,인천광역시,비임금근로자,,,315.5,천명
202512,취업자,인천광역시,비임금근로자,,,309.9,천명
202601,취업자,인천광역시,비임금근로자,,,303.5,천명
202602,취업자,인천광역시,비임금근로자,,,308.4,천명
202603,취업자,인천광역시,비임금근로자,,,313.2,천명
202604,취업자,인천광역시,비임금근로자,,,320,천명
202605,취업자,인천광역시,비임금근로자,,,320.1,천명
202606,취업자,인천광역시,비임금근로자,,,323.9,천명
202607,취업자,인천광역시,비임금근로자,,,315.9,천명
202608,취업자,인천광역시,비임금근로자,,,316.3,천명
202301,취업자,인천광역시,*자영업자,,,279.2,천명
202302,취업자,인천광역시,*자영업자,,,278.5,천명
202303,취업자,인천광역시,*자영업자,,,280.2,천명
202304,취업자,인천광역시,*자영업자,,,288.3,천명
202305,취업자,인천광역시,*자영업자,,,290.9,천명
202306,취업자,인천광역시,*자영업자,,,300.4,천명
202307,취업자,인천광역시,*자영업자,,,296.1,천명
202308,취업자,인천광역시,*자영업자,,,290.9,천명
202309,취업자,인천광역시,*자영업자,,,292.6,천명
202310,취업자,인천광역시,*자영업자,,,297,천명
202311,취업자,인천광역시,*자영업자,,,301.5,천명
202312,취업자,인천광역시,*자영업자,,,295.7,천명
202401,취업자,인천광역시,*자영업자,,,296.7,천명
202402,취업자,인천광역시,*자영업자,,,292,천명
202403,취업자,인천광역시,*자영업자,,,288.9,천명
202404,취업자,인천광역시,*자영업자,,,288.1,천명
202405,취업자,인천광역시,*자영업자,,,285.9,천명
202406,취업자,인천광역시,*자영업자,,,287.3,천명
202407,취업자,인천광역시,*자영업자,,,290.4,천명
202408,취업자,인천광역시,*자영업자,,,286.3,천명
202409,취업자,인천광역시,*자영업자,,,286,천명
202410,취업자,인천광역시,*자영업자,,,295.6,천명
202411,취업자,인천광역시,*자영업자,,,297.3,천명
202412,취업자,인천광역시,*자영업자,,,297.9,천명
202501,취업자,인천광역시,*자영업자,,,296.6,천명
202502,취업자,인천광역시,*자영업자,,,299.7,천명
202503,취업자,인천광역시,*자영업자,,,304.4,천명
202504,취업자,인천광역시,*자영업자,,,303.2,천명
202505,취업자,인천광역시,*자영업자,,,301.1,천명
202506,취업자,인천광역시,*자영업자,,,301.2,천명
202507,취업자,인천광역시,*자영업자,,,301.4,천명
202508,취업자,인천광역시,*자영업자,,,307.3,천명
202509,취업자,인천광역시,*자영업자,,,308.8,천명
202510,취업자,인천광역시,*자영업자,,,296.8,천명
202511,취업자,인천광역시,*자영업자,,,292.2,천명
202512,취업자,인천광역시,*자영업자,,,288.1,천명
202601,취업자,인천광역시,*자영업자,,,281.5,천명
202602,취업자,인천광역시,*자영업자,,,286.9,천명
202603,취업자,인천광역시,*자영업자,,,290.6,천명
202604,취업자,인천광역시,*자영업자,,,293.7,천명
202605,취업자,인천광역시,*자영업자,,,295.3,천명
202606,취업자,인천광역시,*자영업자,,,299.9,천명
202607,취업자,인천광역시,*자영업자,,,290.9,천명
202608,취업자,인천광역시,*자영업자,,,290.7,천명
202301,취업자,인천광역시,-고용원이 있는 자영업자,,,72.3,천명
202302,취업자,인천광역시,-고용원이 있는 자영업자,,,70.4,천명
202303,취업자,인천광역시,-고용원이 있는 자영업자,,,74.1,천명
202304,취업자,인천광역시,-고용원이 있는 자영업자,,,80.6,천명
202305,취업자,인천광역시,-고용원이 있는 자영업자,,,79.2,천명
202306,취업자,인천광역시,-고용원이 있는 자영업자,,,83.3,천명
202307,취업자,인천광역시,-고용원이 있는 자영업자,,,84.6,천명
202308,취업자,인천광역시,-고용원이 있는 자영업자,,,86,천명
202309,취업자,인천광역시,-고용원이 있는 자영업자,,,85.3,천명
202310,취업자,인천광역시,-고용원이 있는 자영업자,,,87.6,천명
202311,취업자,인천광역시,-고용원이 있는 자영업자,,,89.4,천명
202312,취업자,인천광역시,-고용원이 있는 자영업자,,,89.5,천명
202401,취업자,인천광역시,-고용원이 있는 자영업자,,,88.5,천명
202402,취업자,인천광역시,-고용원이 있는 자영업자,,,88.8,천명
202403,취업자,인천광역시,-고용원이 있는 자영업자,,,93.7,천명
202404,취업자,인천광역시,-고용원이 있는 자영업자,,,93.7,천명
202405,취업자,인천광역시,-고용원이 있는 자영업자,,,94.4,천명
202406,취업자,인천광역시,-고용원이 있는 자영업자,,,91.1,천명
202407,취업자,인천광역시,-고용원이 있는 자영업자,,,93.5,천명
202408,취업자,인천광역시,-고용원이 있는 자영업자,,,94.5,천명
202409,취업자,인천광역시,-고용원이 있는 자영업자,,,92.9,천명
202410,취업자,인천광역시,-고용원이 있는 자영업자,,,97.2,천명
202411,취업자,인천광역시,-고용원이 있는 자영업자,,,96.8,천명
202412,취업자,인천광역시,-고용원이 있는 자영업자,,,95.6,천명
202501,취업자,인천광역시,-고용원이 있는 자영업자,,,92.8,천명
202502,취업자,인천광역시,-고용원이 있는 자영업자,,,93.3,천명
202503,취업자,인천광역시,-고용원이 있는 자영업자,,,94,천명
202504,취업자,인천광역시,-고용원이 있는 자영업자,,,95.6,천명
202505,취업자,인천광역시,-고용원이 있는 자영업자,,,96.4,천명
202506,취업자,인천광역시,-고용원이 있는 자영업자,,,93.6,천명
202507,취업자,인천광역시,-고용원이 있는 자영업자,,,91,천명
202508,취업자,인천광역시,-고용원이 있는 자영업자,,,91.7,천명
202509,취업자,인천광역시,-고용원이 있는 자영업자,,,90,천명
202510,취업자,인천광역시,-고용원이 있는 자영업자,,,81.7,천명
202511,취업자,인천광역시,-고용원이 있는 자영업자,,,79.1,천명
202512,취업자,인천광역시,-고용원이 있는 자영업자,,,78.5,천명
202601,취업자,인천광역시,-고용원이 있는 자영업자,,,81.4,천명
202602,취업자,인천광역시,-고용원이 있는 자영업자,,,77.9,천명
202603,취업자,인천광역시,-고용원이 있는 자영업자,,,81.4,천명
202604,취업자,인천광역시,-고용원이 있는 자영업자,,,80.7,천명
202605,취업자,인천광역시,-고용원이 있는 자영업자,,,80.9,천명
202606,취업자,인천광역시,-고용원이 있는 자영업자,,,81.5,천명
202607,취업자,인천광역시,-고용원이 있는 자영업자,,,84.6,천명
202608,취업자,인천광역시,-고용원이 있는 자영업자,,,80.3,천명
202301,취업자,인천광역시,-고용원이 없는 자영업자,,,206.8,천명
202302,취업자,인천광역시,-고용원이 없는 자영업자,,,208.1,천명
202303,취업자,인천광역시,-고용원이 없는 자영업자,,,206.1,천명
202304,취업자,인천광역시,-고용원이 없는 자영업자,,,207.7,천명
202305,취업자,인천광역시,-고용원이 없는 자영업자,,,211.6,천명
202306,취업자,인천광역시,-고용원이 없는 자영업자,,,217.1,천명
202307,취업자,인천광역시,-고용원이 없는 자영업자,,,211.6,천명
202308,취업자,인천광역시,-고용원이 없는 자영업자,,,204.9,천명
202309,취업자,인천광역시,-고용원이 없는 자영업자,,,207.4,천명
202310,취업자,인천광역시,-고용원이 없는 자영업자,,,209.4,천명
202311,취업자,인천광역시,-고용원이 없는 자영업자,,,212.1,천명
202312,취업자,인천광역시,-고용원이 없는 자영업자,,,206.2,천명
202401,취업자,인천광역시,-고용원이 없는 자영업자,,,208.2,천명
202402,취업자,인천광역시,-고용원이 없는 자영업자,,,203.2,천명
202403,취업자,인천광역시,-고용원이 없는 자영업자,,,195.2,천명
202404,취업자,인천광역시,-고용원이 없는 자영업자,,,194.4,천명
202405,취업자,인천광역시,-고용원이 없는 자영업자,,,191.5,천명
202406,취업자,인천광역시,-고용원이 없는 자영업자,,,196.2,천명
202407,취업자,인천광역시,-고용원이 없는 자영업자,,,196.9,천명
202408,취업자,인천광역시,-고용원이 없는 자영업자,,,191.8,천명
202409,취업자,인천광역시,-고용원이 없는 자영업자,,,193.1,천명
202410,취업자,인천광역시,-고용원이 없는 자영업자,,,198.4,천명
202411,취업자,인천광역시,-고용원이 없는 자영업자,,,200.6,천명
202412,취업자,인천광역시,-고용원이 없는 자영업자,,,202.3,천명
202501,취업자,인천광역시,-고용원이 없는 자영업자,,,203.8,천명
202502,취업자,인천광역시,-고용원이 없는 자영업자,,,206.4,천명
202503,취업자,인천광역시,-고용원이 없는 자영업자,,,210.5,천명
202504,취업자,인천광역시,-고용원이 없는 자영업자,,,207.6,천명
202505,취업자,인천광역시,-고용원이 없는 자영업자,,,204.7,천명
202506,취업자,인천광역시,-고용원이 없는 자영업자,,,207.6,천명
202507,취업자,인천광역시,-고용원이 없는 자영업자,,,210.3,천명
202508,취업자,인천광역시,-고용원이 없는 자영업자,,,215.6,천명
202509,취업자,인천광역시,-고용원이 없는 자영업자,,,218.8,천명
202510,취업자,인천광역시,-고용원이 없는 자영업자,,,215.1,천명
202511,취업자,인천광역시,-고용원이 없는 자영업자,,,213,천명
202512,취업자,인천광역시,-고용원이 없는 자영업자,,,209.6,천명
202601,취업자,인천광역시,-고용원이 없는 자영업자,,,200.1,천명
202602,취업자,인천광역시,-고용원이 없는 자영업자,,,209,천명
202603,취업자,인천광역시,-고용원이 없는 자영업자,,,209.2,천명
202604,취업자,인천광역시,-고용원이 없는 자영업자,,,212.9,천명
202605,취업자,인천광역시,-고용원이 없는 자영업자,,,214.5,천명
202606,취업자,인천광역시,-고용원이 없는 자영업자,,,218.5,천명
202607,취업자,인천광역시,-고용원이 없는 자영업자,,,206.3,천명
202608,취업자,인천광역시,-고용원이 없는 자영업자,,,210.4,천명
202301,취업자,인천광역시,-무급가족종사자,,,26.4,천명
202302,취업자,인천광역시,-무급가족종사자,,,26.3,천명
202303,취업자,인천광역시,-무급가족종사자,,,25.8,천명
202304,취업자,인천광역시,-무급가족종사자,,,26.3,천명
202305,취업자,인천광역시,-무급가족종사자,,,26.4,천명
202306,취업자,인천광역시,-무급가족종사자,,,27.8,천명
202307,취업자,인천광역시,-무급가족종사자,,,30.2,천명
202308,취업자,인천광역시,-무급가족종사자,,,30.8,천명
202309,취업자,인천광역시,-무급가족종사자,,,31.3,천명
202310,취업자,인천광역시,-무급가족종사자,,,28.6,천명
202311,취업자,인천광역시,-무급가족종사자,,,26.8,천명
202312,취업자,인천광역시,-무급가족종사자,,,28.2,천명
202401,취업자,인천광역시,-무급가족종사자,,,27.4,천명
202402,취업자,인천광역시,-무급가족종사자,,,26.6,천명
202403,취업자,인천광역시,-무급가족종사자,,,26.3,천명
202404,취업자,인천광역시,-무급가족종사자,,,29.7,천명
202405,취업자,인천광역시,-무급가족종사자,,,26.6,천명
202406,취업자,인천광역시,-무급가족종사자,,,25.9,천명
202407,취업자,인천광역시,-무급가족종사자,,,28.2,천명
202408,취업자,인천광역시,-무급가족종사자,,,27.6,천명
202409,취업자,인천광역시,-무급가족종사자,,,27.9,천명
202410,취업자,인천광역시,-무급가족종사자,,,28.4,천명
202411,취업자,인천광역시,-무급가족종사자,,,30.3,천명
202412,취업자,인천광역시,-무급가족종사자,,,30.4,천명
202501,취업자,인천광역시,-무급가족종사자,,,30.8,천명
202502,취업자,인천광역시,-무급가족종사자,,,30.5,천명
202503,취업자,인천광역시,-무급가족종사자,,,28,천명
202504,취업자,인천광역시,-무급가족종사자,,,28,천명
202505,취업자,인천광역시,-무급가족종사자,,,29.5,천명
202506,취업자,인천광역시,-무급가족종사자,,,28.6,천명
202507,취업자,인천광역시,-무급가족종사자,,,28.7,천명
202508,취업자,인천광역시,-무급가족종사자,,,28.7,천명
202509,취업자,인천광역시,-무급가족종사자,,,30,천명
202510,취업자,인천광역시,-무급가족종사자,,,26.4,천명
202511,취업자,인천광역시,-무급가족종사자,,,23.3,천명
202512,취업자,인천광역시,-무급가족종사자,,,21.9,천명
202601,취업자,인천광역시,-무급가족종사자,,,22,천명
202602,취업자,인천광역시,-무급가족종사자,,,21.5,천명
202603,취업자,인천광역시,-무급가족종사자,,,22.6,천명
202604,취업자,인천광역시,-무급가족종사자,,,26.3,천명
202605,취업자,인천광역시,-무급가족종사자,,,24.8,천명
202606,취업자,인천광역시,-무급가족종사자,,,24,천명
202607,취업자,인천광역시,-무급가족종사자,,,24.9,천명
202608,취업자,인천광역시,-무급가족종사자,,,25.6,천명
202301,취업자,인천광역시,임금근로자,,,1291.5,천명
202302,취업자,인천광역시,임금근로자,,,1313.9,천명
202303,취업자,인천광역시,임금근로자,,,1316.1,천명
202304,취업자,인천광역시,임금근로자,,,1332.4,천명
202305,취업자,인천광역시,임금근로자,,,1351.9,천명
202306,취업자,인천광역시,임금근로자,,,1345.7,천명
202307,취업자,인천광역시,임금근로자,,,1354.1,천명
202308,취업자,인천광역시,임금근로자,,,1365.5,천명
202309,취업자,인천광역시,임금근로자,,,1359.6,천명
202310,취업자,인천광역시,임금근로자,,,1346.2,천명
202311,취업자,인천광역시,임금근로자,,,1332.5,천명
202312,취업자,인천광역시,임금근로자,,,1323,천명
202401,취업자,인천광역시,임금근로자,,,1315.2,천명
202402,취업자,인천광역시,임금근로자,,,1339,천명
202403,취업자,인천광역시,임금근로자,,,1348.6,천명
202404,취업자,인천광역시,임금근로자,,,1363.9,천명
202405,취업자,인천광역시,임금근로자,,,1381.2,천명
202406,취업자,인천광역시,임금근로자,,,1378,천명
202407,취업자,인천광역시,임금근로자,,,1393.2,천명
202408,취업자,인천광역시,임금근로자,,,1413.2,천명
202409,취업자,인천광역시,임금근로자,,,1419,천명
202410,취업자,인천광역시,임금근로자,,,1406.5,천명
202411,취업자,인천광역시,임금근로자,,,1398.7,천명
202412,취업자,인천광역시,임금근로자,,,1369.3,천명
202501,취업자,인천광역시,임금근로자,,,1353.7,천명
202502,취업자,인천광역시,임금근로자,,,1366.1,천명
202503,취업자,인천광역시,임금근로자,,,1375.8,천명
202504,취업자,인천광역시,임금근로자,,,1381,천명
202505,취업자,인천광역시,임금근로자,,,1397.4,천명
202506,취업자,인천광역시,임금근로자,,,1403.9,천명
202507,취업자,인천광역시,임금근로자,,,1388.4,천명
202508,취업자,인천광역시,임금근로자,,,1383.9,천명
202509,취업자,인천광역시,임금근로자,,,1414.2,천명
202510,취업자,인천광역시,임금근로자,,,1413.3,천명
202511,취업자,인천광역시,임금근로자,,,1413.6,천명
202512,취업자,인천광역시,임금근로자,,,1357.6,천명
202601,취업자,인천광역시,임금근로자,,,1378.9,천명
202602,취업자,인천광역시,임금근로자,,,1408.6,천명
202603,취업자,인천광역시,임금근로자,,,1416.5,천명
202604,취업자,인천광역시,임금근로자,,,1418.6,천명
202605,취업자,인천광역시,임금근로자,,,1425.2,천명
202606,취업자,인천광역시,임금근로자,,,1422.6,천명
202607,취업자,인천광역시,임금근로자,,,1421.5,천명
202608,취업자,인천광역시,임금근로자,,,1428.8,천명
202301,취업자,인천광역시,-상용근로자,,,933.6,천명
202302,취업자,인천광역시,-상용근로자,,,936.8,천명
202303,취업자,인천광역시,-상용근로자,,,936.5,천명
202304,취업자,인천광역시,-상용근로자,,,940.8,천명
202305,취업자,인천광역시,-상용근로자,,,962,천명
202306,취업자,인천광역시,-상용근로자,,,961.2,천명
202307,취업자,인천광역시,-상용근로자,,,967.3,천명
202308,취업자,인천광역시,-상용근로자,,,971.3,천명
202309,취업자,인천광역시,-상용근로자,,,978.6,천명
202310,취업자,인천광역시,-상용근로자,,,968.7,천명
202311,취업자,인천광역시,-상용근로자,,,957,천명
202312,취업자,인천광역시,-상용근로자,,,965.7,천명
202401,취업자,인천광역시,-상용근로자,,,973.3,천명
202402,취업자,인천광역시,-상용근로자,,,981.3,천명
202403,취업자,인천광역시,-상용근로자,,,992.5,천명
202404,취업자,인천광역시,-상용근로자,,,1006.1,천명
202405,취업자,인천광역시,-상용근로자,,,1007.6,천명
202406,취업자,인천광역시,-상용근로자,,,1013.6,천명
202407,취업자,인천광역시,-상용근로자,,,1004.9,천명
202408,취업자,인천광역시,-상용근로자,,,1011.6,천명
202409,취업자,인천광역시,-상용근로자,,,1021.3,천명
202410,취업자,인천광역시,-상용근로자,,,1015.7,천명
202411,취업자,인천광역시,-상용근로자,,,1016.7,천명
202412,취업자,인천광역시,-상용근로자,,,1015.9,천명
202501,취업자,인천광역시,-상용근로자,,,1014.4,천명
202502,취업자,인천광역시,-상용근로자,,,1025.6,천명
202503,취업자,인천광역시,-상용근로자,,,1029.3,천명
202504,취업자,인천광역시,-상용근로자,,,1039.1,천명
202505,취업자,인천광역시,-상용근로자,,,1043.6,천명
202506,취업자,인천광역시,-상용근로자,,,1047.3,천명
202507,취업자,인천광역시,-상용근로자,,,1043.4,천명
202508,취업자,인천광역시,-상용근로자,,,1036.4,천명
202509,취업자,인천광역시,-상용근로자,,,1041.4,천명
202510,취업자,인천광역시,-상용근로자,,,1042.7,천명
202511,취업자,인천광역시,-상용근로자,,,1040.1,천명
202512,취업자,인천광역시,-상용근로자,,,1033.6,천명
202601,취업자,인천광역시,-상용근로자,,,1038.2,천명
202602,취업자,인천광역시,-상용근로자,,,1041.8,천명
202603,취업자,인천광역시,-상용근로자,,,1044.3,천명
202604,취업자,인천광역시,-상용근로자,,,1043.1,천명
202605,취업자,인천광역시,-상용근로자,,,1042,천명
202606,취업자,인천광역시,-상용근로자,,,1041.2,천명
202607,취업자,인천광역시,-상용근로자,,,1048.9,천명
202608,취업자,인천광역시,-상용근로자,,,1061.2,천명
202301,취업자,인천광역시,-임시근로자,,,301.1,천명
202302,취업자,인천광역시,-임시근로자,,,314.1,천명
202303,취업자,인천광역시,-임시근로자,,,313.1,천명
202304,취업자,인천광역시,-임시근로자,,,324.5,천명
202305,취업자,인천광역시,-임시근로자,,,321.1,천명
202306,취업자,인천광역시,-임시근로자,,,318.3,천명
202307,취업자,인천광역시,-임시근로자,,,322.2,천명
202308,취업자,인천광역시,-임시근로자,,,325.2,천명
202309,취업자,인천광역시,-임시근로자,,,317.1,천명
202310,취업자,인천광역시,-임시근로자,,,315.9,천명
202311,취업자,인천광역시,-임시근로자,,,311.4,천명
202312,취업자,인천광역시,-임시근로자,,,289.2,천명
202401,취업자,인천광역시,-임시근로자,,,280.6,천명
202402,취업자,인천광역시,-임시근로자,,,294.9,천명
202403,취업자,인천광역시,-임시근로자,,,294,천명
202404,취업자,인천광역시,-임시근로자,,,295,천명
202405,취업자,인천광역시,-임시근로자,,,303.7,천명
202406,취업자,인천광역시,-임시근로자,,,304.5,천명
202407,취업자,인천광역시,-임시근로자,,,322.8,천명
202408,취업자,인천광역시,-임시근로자,,,331.6,천명
202409,취업자,인천광역시,-임시근로자,,,336,천명
202410,취업자,인천광역시,-임시근로자,,,330.2,천명
202411,취업자,인천광역시,-임시근로자,,,326.8,천명
202412,취업자,인천광역시,-임시근로자,,,295.1,천명
202501,취업자,인천광역시,-임시근로자,,,289.3,천명
202502,취업자,인천광역시,-임시근로자,,,292.4,천명
202503,취업자,인천광역시,-임시근로자,,,298,천명
202504,취업자,인천광역시,-임시근로자,,,293.4,천명
202505,취업자,인천광역시,-임시근로자,,,304.6,천명
202506,취업자,인천광역시,-임시근로자,,,306.7,천명
202507,취업자,인천광역시,-임시근로자,,,300.8,천명
202508,취업자,인천광역시,-임시근로자,,,305,천명
202509,취업자,인천광역시,-임시근로자,,,320.2,천명
202510,취업자,인천광역시,-임시근로자,,,319.9,천명
202511,취업자,인천광역시,-임시근로자,,,317,천명
202512,취업자,인천광역시,-임시근로자,,,270.7,천명
202601,취업자,인천광역시,-임시근로자,,,291.2,천명
202602,취업자,인천광역시,-임시근로자,,,313.7,천명
202603,취업자,인천광역시,-임시근로자,,,318.3,천명
202604,취업자,인천광역시,-임시근로자,,,318.7,천명
202605,취업자,인천광역시,-임시근로자,,,320.1,천명
202606,취업자,인천광역시,-임시근로자,,,330,천명
202607,취업자,인천광역시,-임시근로자,,,326.2,천명
202608,취업자,인천광역시,-임시근로자,,,320.5,천명
202301,취업자,인천광역시,-일용근로자,,,56.8,천명
202302,취업자,인천광역시,-일용근로자,,,63,천명
202303,취업자,인천광역시,-일용근로자,,,66.5,천명
202304,취업자,인천광역시,-일용근로자,,,67.1,천명
202305,취업자,인천광역시,-일용근로자,,,68.7,천명
202306,취업자,인천광역시,-일용근로자,,,66.2,천명
202307,취업자,인천광역시,-일용근로자,,,64.6,천명
202308,취업자,인천광역시,-일용근로자,,,69,천명
202309,취업자,인천광역시,-일용근로자,,,63.9,천명
202310,취업자,인천광역시,-일용근로자,,,61.6,천명
202311,취업자,인천광역시,-일용근로자,,,64.2,천명
202312,취업자,인천광역시,-일용근로자,,,68,천명
202401,취업자,인천광역시,-일용근로자,,,61.2,천명
202402,취업자,인천광역시,-일용근로자,,,62.8,천명
202403,취업자,인천광역시,-일용근로자,,,62.1,천명
202404,취업자,인천광역시,-일용근로자,,,62.9,천명
202405,취업자,인천광역시,-일용근로자,,,69.9,천명
202406,취업자,인천광역시,-일용근로자,,,59.9,천명
202407,취업자,인천광역시,-일용근로자,,,65.5,천명
202408,취업자,인천광역시,-일용근로자,,,70,천명
202409,취업자,인천광역시,-일용근로자,,,61.8,천명
202410,취업자,인천광역시,-일용근로자,,,60.6,천명
202411,취업자,인천광역시,-일용근로자,,,55.3,천명
202412,취업자,인천광역시,-일용근로자,,,58.4,천명
202501,취업자,인천광역시,-일용근로자,,,49.9,천명
202502,취업자,인천광역시,-일용근로자,,,48.1,천명
202503,취업자,인천광역시,-일용근로자,,,48.5,천명
202504,취업자,인천광역시,-일용근로자,,,48.6,천명
202505,취업자,인천광역시,-일용근로자,,,49.2,천명
202506,취업자,인천광역시,-일용근로자,,,49.9,천명
202507,취업자,인천광역시,-일용근로자,,,44.3,천명
202508,취업자,인천광역시,-일용근로자,,,42.5,천명
202509,취업자,인천광역시,-일용근로자,,,52.5,천명
202510,취업자,인천광역시,-일용근로자,,,50.7,천명
202511,취업자,인천광역시,-일용근로자,,,56.5,천명
202512,취업자,인천광역시,-일용근로자,,,53.4,천명
202601,취업자,인천광역시,-일용근로자,,,49.6,천명
202602,취업자,인천광역시,-일용근로자,,,53.2,천명
202603,취업자,인천광역시,-일용근로자,,,53.9,천명
202604,취업자,인천광역시,-일용근로자,,,56.8,천명
202605,취업자,인천광역시,-일용근로자,,,63.1,천명
202606,취업자,인천광역시,-일용근로자,,,51.4,천명
202607,취업자,인천광역시,-일용근로자,,,46.4,천명
202608,취업자,인천광역시,-일용근로자,,,47.1,천명
202301,취업자,광주광역시,계,,,752.6,천명
202302,취업자,광주광역시,계,,,759,천명
202303,취업자,광주광역시,계,,,765.7,천명
202304,취업자,광주광역시,계,,,770.1,천명
202305,취업자,광주광역시,계,,,765.9,천명
202306,취업자,광주광역시,계,,,773.6,천명
202307,취업자,광주광역시,계,,,774.5,천명
202308,취업자,광주광역시,계,,,769.9,천명
202309,취업자,광주광역시,계,,,775.3,천명
202310,취업자,광주광역시,계,,,775.5,천명
202311,취업자,광주광역시,계,,,779.7,천명
202312,취업자,광주광역시,계,,,762.6,천명
202401,취업자,광주광역시,계,,,775.5,천명
202402,취업자,광주광역시,계,,,778.3,천명
202403,취업자,광주광역시,계,,,790.9,천명
202404,취업자,광주광역시,계,,,786.7,천명
202405,취업자,광주광역시,계,,,783.1,천명
202406,취업자,광주광역시,계,,,786.6,천명
202407,취업자,광주광역시,계,,,784.4,천명
202408,취업자,광주광역시,계,,,767,천명
202409,취업자,광주광역시,계,,,767.9,천명
202410,취업자,광주광역시,계,,,763.7,천명
202411,취업자,광주광역시,계,,,765.6,천명
202412,취업자,광주광역시,계,,,742.1,천명
202501,취업자,광주광역시,계,,,758.8,천명
202502,취업자,광주광역시,계,,,764.3,천명
202503,취업자,광주광역시,계,,,771.9,천명
202504,취업자,광주광역시,계,,,771.7,천명
202505,취업자,광주광역시,계,,,782.2,천명
202506,취업자,광주광역시,계,,,781.4,천명
202507,취업자,광주광역시,계,,,782.8,천명
202508,취업자,광주광역시,계,,,786.7,천명
202509,취업자,광주광역시,계,,,787,천명
202510,취업자,광주광역시,계,,,789.9,천명
202511,취업자,광주광역시,계,,,784.4,천명
202512,취업자,광주광역시,계,,,752.6,천명
202601,취업자,광주광역시,계,,,762.9,천명
202602,취업자,광주광역시,계,,,767.8,천명
202603,취업자,광주광역시,계,,,777.5,천명
202604,취업자,광주광역시,계,,,783.6,천명
202605,취업자,광주광역시,계,,,782,천명
202606,취업자,광주광역시,계,,,785.5,천명
202607,취업자,광주광역시,계,,,789,천명
202608,취업자,광주광역시,계,,,793.2,천명
202301,취업자,광주광역시,비임금근로자,,,171.6,천명
202302,취업자,광주광역시,비임금근로자,,,175.6,천명
202303,취업자,광주광역시,비임금근로자,,,171.5,천명
202304,취업자,광주광역시,비임금근로자,,,170.6,천명
202305,취업자,광주광역시,비임금근로자,,,168,천명
202306,취업자,광주광역시,비임금근로자,,,165.7,천명
202307,취업자,광주광역시,비임금근로자,,,166.2,천명
202308,취업자,광주광역시,비임금근로자,,,166.9,천명
202309,취업자,광주광역시,비임금근로자,,,168.4,천명
202310,취업자,광주광역시,비임금근로자,,,171.4,천명
202311,취업자,광주광역시,비임금근로자,,,176.9,천명
202312,취업자,광주광역시,비임금근로자,,,173.8,천명
202401,취업자,광주광역시,비임금근로자,,,172.7,천명
202402,취업자,광주광역시,비임금근로자,,,174.5,천명
202403,취업자,광주광역시,비임금근로자,,,172,천명
202404,취업자,광주광역시,비임금근로자,,,175.5,천명
202405,취업자,광주광역시,비임금근로자,,,169.6,천명
202406,취업자,광주광역시,비임금근로자,,,169.3,천명
202407,취업자,광주광역시,비임금근로자,,,168.7,천명
202408,취업자,광주광역시,비임금근로자,,,165.1,천명
202409,취업자,광주광역시,비임금근로자,,,164.3,천명
202410,취업자,광주광역시,비임금근로자,,,168,천명
202411,취업자,광주광역시,비임금근로자,,,162.2,천명
202412,취업자,광주광역시,비임금근로자,,,158.2,천명
202501,취업자,광주광역시,비임금근로자,,,158.8,천명
202502,취업자,광주광역시,비임금근로자,,,158.8,천명
202503,취업자,광주광역시,비임금근로자,,,160.7,천명
202504,취업자,광주광역시,비임금근로자,,,160.3,천명
202505,취업자,광주광역시,비임금근로자,,,157.6,천명
202506,취업자,광주광역시,비임금근로자,,,154,천명
202507,취업자,광주광역시,비임금근로자,,,158.2,천명
202508,취업자,광주광역시,비임금근로자,,,154.2,천명
202509,취업자,광주광역시,비임금근로자,,,158.6,천명
202510,취업자,광주광역시,비임금근로자,,,156.1,천명
202511,취업자,광주광역시,비임금근로자,,,155.6,천명
202512,취업자,광주광역시,비임금근로자,,,150.2,천명
202601,취업자,광주광역시,비임금근로자,,,154.7,천명
202602,취업자,광주광역시,비임금근로자,,,152.5,천명
202603,취업자,광주광역시,비임금근로자,,,155,천명
202604,취업자,광주광역시,비임금근로자,,,158.4,천명
202605,취업자,광주광역시,비임금근로자,,,160.2,천명
202606,취업자,광주광역시,비임금근로자,,,157.2,천명
202607,취업자,광주광역시,비임금근로자,,,161.6,천명
202608,취업자,광주광역시,비임금근로자,,,160.7,천명
202301,취업자,광주광역시,*자영업자,,,145.5,천명
202302,취업자,광주광역시,*자영업자,,,149.6,천명
202303,취업자,광주광역시,*자영업자,,,148,천명
202304,취업자,광주광역시,*자영업자,,,147.2,천명
202305,취업자,광주광역시,*자영업자,,,145.3,천명
202306,취업자,광주광역시,*자영업자,,,143.5,천명
202307,취업자,광주광역시,*자영업자,,,144.4,천명
202308,취업자,광주광역시,*자영업자,,,144.3,천명
202309,취업자,광주광역시,*자영업자,,,146.9,천명
202310,취업자,광주광역시,*자영업자,,,149.1,천명
202311,취업자,광주광역시,*자영업자,,,153.9,천명
202312,취업자,광주광역시,*자영업자,,,153.7,천명
202401,취업자,광주광역시,*자영업자,,,154.4,천명
202402,취업자,광주광역시,*자영업자,,,154.7,천명
202403,취업자,광주광역시,*자영업자,,,152.6,천명
202404,취업자,광주광역시,*자영업자,,,154.5,천명
202405,취업자,광주광역시,*자영업자,,,150.1,천명
202406,취업자,광주광역시,*자영업자,,,150.3,천명
202407,취업자,광주광역시,*자영업자,,,149.9,천명
202408,취업자,광주광역시,*자영업자,,,148.2,천명
202409,취업자,광주광역시,*자영업자,,,148.2,천명
202410,취업자,광주광역시,*자영업자,,,150.3,천명
202411,취업자,광주광역시,*자영업자,,,147,천명
202412,취업자,광주광역시,*자영업자,,,144,천명
202501,취업자,광주광역시,*자영업자,,,142.9,천명
202502,취업자,광주광역시,*자영업자,,,142.9,천명
202503,취업자,광주광역시,*자영업자,,,144.4,천명
202504,취업자,광주광역시,*자영업자,,,142.5,천명
202505,취업자,광주광역시,*자영업자,,,139.1,천명
202506,취업자,광주광역시,*자영업자,,,136.4,천명
202507,취업자,광주광역시,*자영업자,,,139.9,천명
202508,취업자,광주광역시,*자영업자,,,138.5,천명
202509,취업자,광주광역시,*자영업자,,,142.6,천명
202510,취업자,광주광역시,*자영업자,,,139.8,천명
202511,취업자,광주광역시,*자영업자,,,139.8,천명
202512,취업자,광주광역시,*자영업자,,,135.1,천명
202601,취업자,광주광역시,*자영업자,,,138.4,천명
202602,취업자,광주광역시,*자영업자,,,136.9,천명
202603,취업자,광주광역시,*자영업자,,,139.4,천명
202604,취업자,광주광역시,*자영업자,,,141,천명
202605,취업자,광주광역시,*자영업자,,,143.1,천명
202606,취업자,광주광역시,*자영업자,,,140.4,천명
202607,취업자,광주광역시,*자영업자,,,144.3,천명
202608,취업자,광주광역시,*자영업자,,,142.6,천명
202301,취업자,광주광역시,-고용원이 있는 자영업자,,,43.5,천명
202302,취업자,광주광역시,-고용원이 있는 자영업자,,,45.2,천명
202303,취업자,광주광역시,-고용원이 있는 자영업자,,,44.4,천명
202304,취업자,광주광역시,-고용원이 있는 자영업자,,,43.3,천명
202305,취업자,광주광역시,-고용원이 있는 자영업자,,,44.5,천명
202306,취업자,광주광역시,-고용원이 있는 자영업자,,,44.4,천명
202307,취업자,광주광역시,-고용원이 있는 자영업자,,,44,천명
202308,취업자,광주광역시,-고용원이 있는 자영업자,,,44.4,천명
202309,취업자,광주광역시,-고용원이 있는 자영업자,,,46.2,천명
202310,취업자,광주광역시,-고용원이 있는 자영업자,,,45.1,천명
202311,취업자,광주광역시,-고용원이 있는 자영업자,,,43.8,천명
202312,취업자,광주광역시,-고용원이 있는 자영업자,,,43.2,천명
202401,취업자,광주광역시,-고용원이 있는 자영업자,,,42.5,천명
202402,취업자,광주광역시,-고용원이 있는 자영업자,,,44.1,천명
202403,취업자,광주광역시,-고용원이 있는 자영업자,,,44.8,천명
202404,취업자,광주광역시,-고용원이 있는 자영업자,,,44,천명
202405,취업자,광주광역시,-고용원이 있는 자영업자,,,40.6,천명
202406,취업자,광주광역시,-고용원이 있는 자영업자,,,41.1,천명
202407,취업자,광주광역시,-고용원이 있는 자영업자,,,40.3,천명
202408,취업자,광주광역시,-고용원이 있는 자영업자,,,38.7,천명
202409,취업자,광주광역시,-고용원이 있는 자영업자,,,38.2,천명
202410,취업자,광주광역시,-고용원이 있는 자영업자,,,37.7,천명
202411,취업자,광주광역시,-고용원이 있는 자영업자,,,35.2,천명
202412,취업자,광주광역시,-고용원이 있는 자영업자,,,35.9,천명
202501,취업자,광주광역시,-고용원이 있는 자영업자,,,39.1,천명
202502,취업자,광주광역시,-고용원이 있는 자영업자,,,38.1,천명
202503,취업자,광주광역시,-고용원이 있는 자영업자,,,39.3,천명
202504,취업자,광주광역시,-고용원이 있는 자영업자,,,40.4,천명
202505,취업자,광주광역시,-고용원이 있는 자영업자,,,39.9,천명
202506,취업자,광주광역시,-고용원이 있는 자영업자,,,36.2,천명
202507,취업자,광주광역시,-고용원이 있는 자영업자,,,36,천명
202508,취업자,광주광역시,-고용원이 있는 자영업자,,,36.4,천명
202509,취업자,광주광역시,-고용원이 있는 자영업자,,,35.7,천명
202510,취업자,광주광역시,-고용원이 있는 자영업자,,,36.2,천명
202511,취업자,광주광역시,-고용원이 있는 자영업자,,,36.2,천명
202512,취업자,광주광역시,-고용원이 있는 자영업자,,,34.7,천명
202601,취업자,광주광역시,-고용원이 있는 자영업자,,,36.8,천명
202602,취업자,광주광역시,-고용원이 있는 자영업자,,,36.5,천명
202603,취업자,광주광역시,-고용원이 있는 자영업자,,,37,천명
202604,취업자,광주광역시,-고용원이 있는 자영업자,,,36.9,천명
202605,취업자,광주광역시,-고용원이 있는 자영업자,,,39.8,천명
202606,취업자,광주광역시,-고용원이 있는 자영업자,,,39.1,천명
202607,취업자,광주광역시,-고용원이 있는 자영업자,,,38.1,천명
202608,취업자,광주광역시,-고용원이 있는 자영업자,,,39.6,천명
202301,취업자,광주광역시,-고용원이 없는 자영업자,,,102,천명
202302,취업자,광주광역시,-고용원이 없는 자영업자,,,104.4,천명
202303,취업자,광주광역시,-고용원이 없는 자영업자,,,103.6,천명
202304,취업자,광주광역시,-고용원이 없는 자영업자,,,103.9,천명
202305,취업자,광주광역시,-고용원이 없는 자영업자,,,100.8,천명
202306,취업자,광주광역시,-고용원이 없는 자영업자,,,99.2,천명
202307,취업자,광주광역시,-고용원이 없는 자영업자,,,100.5,천명
202308,취업자,광주광역시,-고용원이 없는 자영업자,,,99.9,천명
202309,취업자,광주광역시,-고용원이 없는 자영업자,,,100.8,천명
202310,취업자,광주광역시,-고용원이 없는 자영업자,,,104.1,천명
202311,취업자,광주광역시,-고용원이 없는 자영업자,,,110,천명
202312,취업자,광주광역시,-고용원이 없는 자영업자,,,110.5,천명
202401,취업자,광주광역시,-고용원이 없는 자영업자,,,111.9,천명
202402,취업자,광주광역시,-고용원이 없는 자영업자,,,110.6,천명
202403,취업자,광주광역시,-고용원이 없는 자영업자,,,107.8,천명
202404,취업자,광주광역시,-고용원이 없는 자영업자,,,110.5,천명
202405,취업자,광주광역시,-고용원이 없는 자영업자,,,109.5,천명
202406,취업자,광주광역시,-고용원이 없는 자영업자,,,109.2,천명
202407,취업자,광주광역시,-고용원이 없는 자영업자,,,109.6,천명
202408,취업자,광주광역시,-고용원이 없는 자영업자,,,109.5,천명
202409,취업자,광주광역시,-고용원이 없는 자영업자,,,110,천명
202410,취업자,광주광역시,-고용원이 없는 자영업자,,,112.6,천명
202411,취업자,광주광역시,-고용원이 없는 자영업자,,,111.8,천명
202412,취업자,광주광역시,-고용원이 없는 자영업자,,,108.1,천명
202501,취업자,광주광역시,-고용원이 없는 자영업자,,,103.8,천명
202502,취업자,광주광역시,-고용원이 없는 자영업자,,,104.8,천명
202503,취업자,광주광역시,-고용원이 없는 자영업자,,,105.1,천명
202504,취업자,광주광역시,-고용원이 없는 자영업자,,,102.1,천명
202505,취업자,광주광역시,-고용원이 없는 자영업자,,,99.2,천명
202506,취업자,광주광역시,-고용원이 없는 자영업자,,,100.2,천명
202507,취업자,광주광역시,-고용원이 없는 자영업자,,,103.9,천명
202508,취업자,광주광역시,-고용원이 없는 자영업자,,,102.1,천명
202509,취업자,광주광역시,-고용원이 없는 자영업자,,,106.9,천명
202510,취업자,광주광역시,-고용원이 없는 자영업자,,,103.7,천명
202511,취업자,광주광역시,-고용원이 없는 자영업자,,,103.5,천명
202512,취업자,광주광역시,-고용원이 없는 자영업자,,,100.4,천명
202601,취업자,광주광역시,-고용원이 없는 자영업자,,,101.6,천명
202602,취업자,광주광역시,-고용원이 없는 자영업자,,,100.4,천명
202603,취업자,광주광역시,-고용원이 없는 자영업자,,,102.4,천명
202604,취업자,광주광역시,-고용원이 없는 자영업자,,,104,천명
202605,취업자,광주광역시,-고용원이 없는 자영업자,,,103.3,천명
202606,취업자,광주광역시,-고용원이 없는 자영업자,,,101.3,천명
202607,취업자,광주광역시,-고용원이 없는 자영업자,,,106.2,천명
202608,취업자,광주광역시,-고용원이 없는 자영업자,,,103,천명
202301,취업자,광주광역시,-무급가족종사자,,,26.1,천명
202302,취업자,광주광역시,-무급가족종사자,,,25.9,천명
202303,취업자,광주광역시,-무급가족종사자,,,23.4,천명
202304,취업자,광주광역시,-무급가족종사자,,,23.4,천명
202305,취업자,광주광역시,-무급가족종사자,,,22.7,천명
202306,취업자,광주광역시,-무급가족종사자,,,22.2,천명
202307,취업자,광주광역시,-무급가족종사자,,,21.8,천명
202308,취업자,광주광역시,-무급가족종사자,,,22.6,천명
202309,취업자,광주광역시,-무급가족종사자,,,21.5,천명
202310,취업자,광주광역시,-무급가족종사자,,,22.2,천명
202311,취업자,광주광역시,-무급가족종사자,,,23.1,천명
202312,취업자,광주광역시,-무급가족종사자,,,20.1,천명
202401,취업자,광주광역시,-무급가족종사자,,,18.3,천명
202402,취업자,광주광역시,-무급가족종사자,,,19.8,천명
202403,취업자,광주광역시,-무급가족종사자,,,19.4,천명
202404,취업자,광주광역시,-무급가족종사자,,,21,천명
202405,취업자,광주광역시,-무급가족종사자,,,19.5,천명
202406,취업자,광주광역시,-무급가족종사자,,,19,천명
202407,취업자,광주광역시,-무급가족종사자,,,18.8,천명
202408,취업자,광주광역시,-무급가족종사자,,,17,천명
202409,취업자,광주광역시,-무급가족종사자,,,16.1,천명
202410,취업자,광주광역시,-무급가족종사자,,,17.7,천명
202411,취업자,광주광역시,-무급가족종사자,,,15.2,천명
202412,취업자,광주광역시,-무급가족종사자,,,14.2,천명
202501,취업자,광주광역시,-무급가족종사자,,,15.9,천명
202502,취업자,광주광역시,-무급가족종사자,,,15.9,천명
202503,취업자,광주광역시,-무급가족종사자,,,16.4,천명
202504,취업자,광주광역시,-무급가족종사자,,,17.8,천명
202505,취업자,광주광역시,-무급가족종사자,,,18.5,천명
202506,취업자,광주광역시,-무급가족종사자,,,17.6,천명
202507,취업자,광주광역시,-무급가족종사자,,,18.3,천명
202508,취업자,광주광역시,-무급가족종사자,,,15.6,천명
202509,취업자,광주광역시,-무급가족종사자,,,16,천명
202510,취업자,광주광역시,-무급가족종사자,,,16.3,천명
202511,취업자,광주광역시,-무급가족종사자,,,15.8,천명
202512,취업자,광주광역시,-무급가족종사자,,,15.1,천명
202601,취업자,광주광역시,-무급가족종사자,,,16.3,천명
202602,취업자,광주광역시,-무급가족종사자,,,15.6,천명
202603,취업자,광주광역시,-무급가족종사자,,,15.6,천명
202604,취업자,광주광역시,-무급가족종사자,,,17.4,천명
202605,취업자,광주광역시,-무급가족종사자,,,17.1,천명
202606,취업자,광주광역시,-무급가족종사자,,,16.8,천명
202607,취업자,광주광역시,-무급가족종사자,,,17.3,천명
202608,취업자,광주광역시,-무급가족종사자,,,18.1,천명
202301,취업자,광주광역시,임금근로자,,,581.1,천명
202302,취업자,광주광역시,임금근로자,,,583.5,천명
202303,취업자,광주광역시,임금근로자,,,594.2,천명
202304,취업자,광주광역시,임금근로자,,,599.5,천명
202305,취업자,광주광역시,임금근로자,,,597.9,천명
202306,취업자,광주광역시,임금근로자,,,607.9,천명
202307,취업자,광주광역시,임금근로자,,,608.3,천명
202308,취업자,광주광역시,임금근로자,,,603.1,천명
202309,취업자,광주광역시,임금근로자,,,607,천명
202310,취업자,광주광역시,임금근로자,,,604.1,천명
202311,취업자,광주광역시,임금근로자,,,602.7,천명
202312,취업자,광주광역시,임금근로자,,,588.8,천명
202401,취업자,광주광역시,임금근로자,,,602.8,천명
202402,취업자,광주광역시,임금근로자,,,603.8,천명
202403,취업자,광주광역시,임금근로자,,,618.9,천명
202404,취업자,광주광역시,임금근로자,,,611.3,천명
202405,취업자,광주광역시,임금근로자,,,613.5,천명
202406,취업자,광주광역시,임금근로자,,,617.3,천명
202407,취업자,광주광역시,임금근로자,,,615.7,천명
202408,취업자,광주광역시,임금근로자,,,601.9,천명
202409,취업자,광주광역시,임금근로자,,,603.6,천명
202410,취업자,광주광역시,임금근로자,,,595.7,천명
202411,취업자,광주광역시,임금근로자,,,603.4,천명
202412,취업자,광주광역시,임금근로자,,,584,천명
202501,취업자,광주광역시,임금근로자,,,600.1,천명
202502,취업자,광주광역시,임금근로자,,,605.5,천명
202503,취업자,광주광역시,임금근로자,,,611.1,천명
202504,취업자,광주광역시,임금근로자,,,611.4,천명
202505,취업자,광주광역시,임금근로자,,,624.7,천명
202506,취업자,광주광역시,임금근로자,,,627.5,천명
202507,취업자,광주광역시,임금근로자,,,624.5,천명
202508,취업자,광주광역시,임금근로자,,,632.5,천명
202509,취업자,광주광역시,임금근로자,,,628.5,천명
202510,취업자,광주광역시,임금근로자,,,633.8,천명
202511,취업자,광주광역시,임금근로자,,,628.8,천명
202512,취업자,광주광역시,임금근로자,,,602.4,천명
202601,취업자,광주광역시,임금근로자,,,608.2,천명
202602,취업자,광주광역시,임금근로자,,,615.4,천명
202603,취업자,광주광역시,임금근로자,,,622.5,천명
202604,취업자,광주광역시,임금근로자,,,625.2,천명
202605,취업자,광주광역시,임금근로자,,,621.8,천명
202606,취업자,광주광역시,임금근로자,,,628.3,천명
202607,취업자,광주광역시,임금근로자,,,627.4,천명
202608,취업자,광주광역시,임금근로자,,,632.5,천명
202301,취업자,광주광역시,-상용근로자,,,442.4,천명
202302,취업자,광주광역시,-상용근로자,,,441.6,천명
202303,취업자,광주광역시,-상용근로자,,,445.7,천명
202304,취업자,광주광역시,-상용근로자,,,440.9,천명
202305,취업자,광주광역시,-상용근로자,,,442.5,천명
202306,취업자,광주광역시,-상용근로자,,,444.3,천명
202307,취업자,광주광역시,-상용근로자,,,444.6,천명
202308,취업자,광주광역시,-상용근로자,,,440.9,천명
202309,취업자,광주광역시,-상용근로자,,,440.6,천명
202310,취업자,광주광역시,-상용근로자,,,435,천명
202311,취업자,광주광역시,-상용근로자,,,431.1,천명
202312,취업자,광주광역시,-상용근로자,,,435.8,천명
202401,취업자,광주광역시,-상용근로자,,,439.9,천명
202402,취업자,광주광역시,-상용근로자,,,446.8,천명
202403,취업자,광주광역시,-상용근로자,,,457.1,천명
202404,취업자,광주광역시,-상용근로자,,,449.6,천명
202405,취업자,광주광역시,-상용근로자,,,453.6,천명
202406,취업자,광주광역시,-상용근로자,,,453.8,천명
202407,취업자,광주광역시,-상용근로자,,,448.7,천명
202408,취업자,광주광역시,-상용근로자,,,439.1,천명
202409,취업자,광주광역시,-상용근로자,,,438.7,천명
202410,취업자,광주광역시,-상용근로자,,,439.3,천명
202411,취업자,광주광역시,-상용근로자,,,440.6,천명
202412,취업자,광주광역시,-상용근로자,,,440.9,천명
202501,취업자,광주광역시,-상용근로자,,,438.3,천명
202502,취업자,광주광역시,-상용근로자,,,437.8,천명
202503,취업자,광주광역시,-상용근로자,,,440.8,천명
202504,취업자,광주광역시,-상용근로자,,,442.6,천명
202505,취업자,광주광역시,-상용근로자,,,454.5,천명
202506,취업자,광주광역시,-상용근로자,,,453.4,천명
202507,취업자,광주광역시,-상용근로자,,,452.7,천명
202508,취업자,광주광역시,-상용근로자,,,455.9,천명
202509,취업자,광주광역시,-상용근로자,,,448.9,천명
202510,취업자,광주광역시,-상용근로자,,,456,천명
202511,취업자,광주광역시,-상용근로자,,,452,천명
202512,취업자,광주광역시,-상용근로자,,,454.1,천명
202601,취업자,광주광역시,-상용근로자,,,453.5,천명
202602,취업자,광주광역시,-상용근로자,,,457.2,천명
202603,취업자,광주광역시,-상용근로자,,,454.5,천명
202604,취업자,광주광역시,-상용근로자,,,457.1,천명
202605,취업자,광주광역시,-상용근로자,,,450.9,천명
202606,취업자,광주광역시,-상용근로자,,,445.1,천명
202607,취업자,광주광역시,-상용근로자,,,447.7,천명
202608,취업자,광주광역시,-상용근로자,,,450.5,천명
202301,취업자,광주광역시,-임시근로자,,,110.7,천명
202302,취업자,광주광역시,-임시근로자,,,114.5,천명
202303,취업자,광주광역시,-임시근로자,,,118.4,천명
202304,취업자,광주광역시,-임시근로자,,,129,천명
202305,취업자,광주광역시,-임시근로자,,,126.9,천명
202306,취업자,광주광역시,-임시근로자,,,130.6,천명
202307,취업자,광주광역시,-임시근로자,,,132,천명
202308,취업자,광주광역시,-임시근로자,,,132.6,천명
202309,취업자,광주광역시,-임시근로자,,,135.4,천명
202310,취업자,광주광역시,-임시근로자,,,142,천명
202311,취업자,광주광역시,-임시근로자,,,141.5,천명
202312,취업자,광주광역시,-임시근로자,,,123.2,천명
202401,취업자,광주광역시,-임시근로자,,,129.8,천명
202402,취업자,광주광역시,-임시근로자,,,127.3,천명
202403,취업자,광주광역시,-임시근로자,,,134.6,천명
202404,취업자,광주광역시,-임시근로자,,,136.1,천명
202405,취업자,광주광역시,-임시근로자,,,129.3,천명
202406,취업자,광주광역시,-임시근로자,,,130.3,천명
202407,취업자,광주광역시,-임시근로자,,,135.2,천명
202408,취업자,광주광역시,-임시근로자,,,134.7,천명
202409,취업자,광주광역시,-임시근로자,,,136,천명
202410,취업자,광주광역시,-임시근로자,,,129.3,천명
202411,취업자,광주광역시,-임시근로자,,,135.1,천명
202412,취업자,광주광역시,-임시근로자,,,114.3,천명
202501,취업자,광주광역시,-임시근로자,,,133.6,천명
202502,취업자,광주광역시,-임시근로자,,,137.5,천명
202503,취업자,광주광역시,-임시근로자,,,141.1,천명
202504,취업자,광주광역시,-임시근로자,,,138.4,천명
202505,취업자,광주광역시,-임시근로자,,,140.6,천명
202506,취업자,광주광역시,-임시근로자,,,142.6,천명
202507,취업자,광주광역시,-임시근로자,,,142.7,천명
202508,취업자,광주광역시,-임시근로자,,,144.1,천명
202509,취업자,광주광역시,-임시근로자,,,146.6,천명
202510,취업자,광주광역시,-임시근로자,,,148.1,천명
202511,취업자,광주광역시,-임시근로자,,,146.9,천명
202512,취업자,광주광역시,-임시근로자,,,116.7,천명
202601,취업자,광주광역시,-임시근로자,,,126.1,천명
202602,취업자,광주광역시,-임시근로자,,,133.2,천명
202603,취업자,광주광역시,-임시근로자,,,138.1,천명
202604,취업자,광주광역시,-임시근로자,,,140.7,천명
202605,취업자,광주광역시,-임시근로자,,,143.3,천명
202606,취업자,광주광역시,-임시근로자,,,152.6,천명
202607,취업자,광주광역시,-임시근로자,,,153.6,천명
202608,취업자,광주광역시,-임시근로자,,,155.7,천명
202301,취업자,광주광역시,-일용근로자,,,28,천명
202302,취업자,광주광역시,-일용근로자,,,27.4,천명
202303,취업자,광주광역시,-일용근로자,,,30.2,천명
202304,취업자,광주광역시,-일용근로자,,,29.6,천명
202305,취업자,광주광역시,-일용근로자,,,28.5,천명
202306,취업자,광주광역시,-일용근로자,,,32.9,천명
202307,취업자,광주광역시,-일용근로자,,,31.7,천명
202308,취업자,광주광역시,-일용근로자,,,29.5,천명
202309,취업자,광주광역시,-일용근로자,,,31,천명
202310,취업자,광주광역시,-일용근로자,,,27.1,천명
202311,취업자,광주광역시,-일용근로자,,,30.1,천명
202312,취업자,광주광역시,-일용근로자,,,29.7,천명
202401,취업자,광주광역시,-일용근로자,,,33.1,천명
202402,취업자,광주광역시,-일용근로자,,,29.7,천명
202403,취업자,광주광역시,-일용근로자,,,27.1,천명
202404,취업자,광주광역시,-일용근로자,,,25.6,천명
202405,취업자,광주광역시,-일용근로자,,,30.6,천명
202406,취업자,광주광역시,-일용근로자,,,33.3,천명
202407,취업자,광주광역시,-일용근로자,,,31.8,천명
202408,취업자,광주광역시,-일용근로자,,,28.1,천명
202409,취업자,광주광역시,-일용근로자,,,28.9,천명
202410,취업자,광주광역시,-일용근로자,,,27.1,천명
202411,취업자,광주광역시,-일용근로자,,,27.6,천명
202412,취업자,광주광역시,-일용근로자,,,28.8,천명
202501,취업자,광주광역시,-일용근로자,,,28.2,천명
202502,취업자,광주광역시,-일용근로자,,,30.3,천명
202503,취업자,광주광역시,-일용근로자,,,29.2,천명
202504,취업자,광주광역시,-일용근로자,,,30.5,천명
202505,취업자,광주광역시,-일용근로자,,,29.6,천명
202506,취업자,광주광역시,-일용근로자,,,31.5,천명
202507,취업자,광주광역시,-일용근로자,,,29.1,천명
202508,취업자,광주광역시,-일용근로자,,,32.5,천명
202509,취업자,광주광역시,-일용근로자,,,32.9,천명
202510,취업자,광주광역시,-일용근로자,,,29.7,천명
202511,취업자,광주광역시,-일용근로자,,,29.9,천명
202512,취업자,광주광역시,-일용근로자,,,31.6,천명
202601,취업자,광주광역시,-일용근로자,,,28.6,천명
202602,취업자,광주광역시,-일용근로자,,,25,천명
202603,취업자,광주광역시,-일용근로자,,,30,천명
202604,취업자,광주광역시,-일용근로자,,,27.4,천명
202605,취업자,광주광역시,-일용근로자,,,27.6,천명
202606,취업자,광주광역시,-일용근로자,,,30.7,천명
202607,취업자,광주광역시,-일용근로자,,,26.2,천명
202608,취업자,광주광역시,-일용근로자,,,26.3,천명
202301,취업자,대전광역시,계,,,789,천명
202302,취업자,대전광역시,계,,,799,천명
202303,취업자,대전광역시,계,,,794.7,천명
202304,취업자,대전광역시,계,,,794.8,천명
202305,취업자,대전광역시,계,,,800.5,천명
202306,취업자,대전광역시,계,,,803.7,천명
202307,취업자,대전광역시,계,,,787.8,천명
202308,취업자,대전광역시,계,,,798.1,천명
202309,취업자,대전광역시,계,,,806.6,천명
202310,취업자,대전광역시,계,,,803.4,천명
202311,취업자,대전광역시,계,,,803.7,천명
202312,취업자,대전광역시,계,,,782.7,천명
202401,취업자,대전광역시,계,,,778.3,천명
202402,취업자,대전광역시,계,,,784.6,천명
202403,취업자,대전광역시,계,,,794.1,천명
202404,취업자,대전광역시,계,,,792.4,천명
202405,취업자,대전광역시,계,,,798.8,천명
202406,취업자,대전광역시,계,,,802.2,천명
202407,취업자,대전광역시,계,,,792.7,천명
202408,취업자,대전광역시,계,,,783.6,천명
202409,취업자,대전광역시,계,,,786.2,천명
202410,취업자,대전광역시,계,,,783.6,천명
202411,취업자,대전광역시,계,,,796.1,천명
202412,취업자,대전광역시,계,,,776,천명
202501,취업자,대전광역시,계,,,784.8,천명
202502,취업자,대전광역시,계,,,800.7,천명
202503,취업자,대전광역시,계,,,804.1,천명
202504,취업자,대전광역시,계,,,811.4,천명
202505,취업자,대전광역시,계,,,818.1,천명
202506,취업자,대전광역시,계,,,817.2,천명
202507,취업자,대전광역시,계,,,820.7,천명
202508,취업자,대전광역시,계,,,816.5,천명
202509,취업자,대전광역시,계,,,823.3,천명
202510,취업자,대전광역시,계,,,817.2,천명
202511,취업자,대전광역시,계,,,816.4,천명
202512,취업자,대전광역시,계,,,799.7,천명
202601,취업자,대전광역시,계,,,787.7,천명
202602,취업자,대전광역시,계,,,795.9,천명
202603,취업자,대전광역시,계,,,807.3,천명
202604,취업자,대전광역시,계,,,811.3,천명
202605,취업자,대전광역시,계,,,823.4,천명
202606,취업자,대전광역시,계,,,822.6,천명
202607,취업자,대전광역시,계,,,814.5,천명
202608,취업자,대전광역시,계,,,819.4,천명
202301,취업자,대전광역시,비임금근로자,,,154.3,천명
202302,취업자,대전광역시,비임금근로자,,,153.4,천명
202303,취업자,대전광역시,비임금근로자,,,155.8,천명
202304,취업자,대전광역시,비임금근로자,,,152.9,천명
202305,취업자,대전광역시,비임금근로자,,,153.8,천명
202306,취업자,대전광역시,비임금근로자,,,154,천명
202307,취업자,대전광역시,비임금근로자,,,150.1,천명
202308,취업자,대전광역시,비임금근로자,,,149.7,천명
202309,취업자,대전광역시,비임금근로자,,,155,천명
202310,취업자,대전광역시,비임금근로자,,,155.4,천명
202311,취업자,대전광역시,비임금근로자,,,157.1,천명
202312,취업자,대전광역시,비임금근로자,,,152.9,천명
202401,취업자,대전광역시,비임금근로자,,,157.9,천명
202402,취업자,대전광역시,비임금근로자,,,156.6,천명
202403,취업자,대전광역시,비임금근로자,,,156.5,천명
202404,취업자,대전광역시,비임금근로자,,,155.7,천명
202405,취업자,대전광역시,비임금근로자,,,159.7,천명
202406,취업자,대전광역시,비임금근로자,,,158.6,천명
202407,취업자,대전광역시,비임금근로자,,,157.6,천명
202408,취업자,대전광역시,비임금근로자,,,157.8,천명
202409,취업자,대전광역시,비임금근로자,,,159.1,천명
202410,취업자,대전광역시,비임금근로자,,,161,천명
202411,취업자,대전광역시,비임금근로자,,,167.8,천명
202412,취업자,대전광역시,비임금근로자,,,165,천명
202501,취업자,대전광역시,비임금근로자,,,170.4,천명
202502,취업자,대전광역시,비임금근로자,,,168.9,천명
202503,취업자,대전광역시,비임금근로자,,,170.6,천명
202504,취업자,대전광역시,비임금근로자,,,167.8,천명
202505,취업자,대전광역시,비임금근로자,,,174.3,천명
202506,취업자,대전광역시,비임금근로자,,,175.7,천명
202507,취업자,대전광역시,비임금근로자,,,174.8,천명
202508,취업자,대전광역시,비임금근로자,,,173.7,천명
202509,취업자,대전광역시,비임금근로자,,,172.2,천명
202510,취업자,대전광역시,비임금근로자,,,171.8,천명
202511,취업자,대전광역시,비임금근로자,,,173.5,천명
202512,취업자,대전광역시,비임금근로자,,,172.1,천명
202601,취업자,대전광역시,비임금근로자,,,172.6,천명
202602,취업자,대전광역시,비임금근로자,,,175.8,천명
202603,취업자,대전광역시,비임금근로자,,,175.1,천명
202604,취업자,대전광역시,비임금근로자,,,175.2,천명
202605,취업자,대전광역시,비임금근로자,,,176.7,천명
202606,취업자,대전광역시,비임금근로자,,,173.5,천명
202607,취업자,대전광역시,비임금근로자,,,172.3,천명
202608,취업자,대전광역시,비임금근로자,,,171.2,천명
202301,취업자,대전광역시,*자영업자,,,136.6,천명
202302,취업자,대전광역시,*자영업자,,,135.6,천명
202303,취업자,대전광역시,*자영업자,,,139.4,천명
202304,취업자,대전광역시,*자영업자,,,135.1,천명
202305,취업자,대전광역시,*자영업자,,,138,천명
202306,취업자,대전광역시,*자영업자,,,138.4,천명
202307,취업자,대전광역시,*자영업자,,,135.6,천명
202308,취업자,대전광역시,*자영업자,,,134.8,천명
202309,취업자,대전광역시,*자영업자,,,138.9,천명
202310,취업자,대전광역시,*자영업자,,,139,천명
202311,취업자,대전광역시,*자영업자,,,140.1,천명
202312,취업자,대전광역시,*자영업자,,,136.9,천명
202401,취업자,대전광역시,*자영업자,,,142.8,천명
202402,취업자,대전광역시,*자영업자,,,141.4,천명
202403,취업자,대전광역시,*자영업자,,,139.6,천명
202404,취업자,대전광역시,*자영업자,,,136.6,천명
202405,취업자,대전광역시,*자영업자,,,139.7,천명
202406,취업자,대전광역시,*자영업자,,,137.4,천명
202407,취업자,대전광역시,*자영업자,,,136.8,천명
202408,취업자,대전광역시,*자영업자,,,137.8,천명
202409,취업자,대전광역시,*자영업자,,,140.5,천명
202410,취업자,대전광역시,*자영업자,,,142.6,천명
202411,취업자,대전광역시,*자영업자,,,147.6,천명
202412,취업자,대전광역시,*자영업자,,,148.3,천명
202501,취업자,대전광역시,*자영업자,,,151.7,천명
202502,취업자,대전광역시,*자영업자,,,149.9,천명
202503,취업자,대전광역시,*자영업자,,,152.5,천명
202504,취업자,대전광역시,*자영업자,,,149.9,천명
202505,취업자,대전광역시,*자영업자,,,152.9,천명
202506,취업자,대전광역시,*자영업자,,,155.6,천명
202507,취업자,대전광역시,*자영업자,,,157,천명
202508,취업자,대전광역시,*자영업자,,,157.3,천명
202509,취업자,대전광역시,*자영업자,,,155.7,천명
202510,취업자,대전광역시,*자영업자,,,156.9,천명
202511,취업자,대전광역시,*자영업자,,,158.6,천명
202512,취업자,대전광역시,*자영업자,,,157.9,천명
202601,취업자,대전광역시,*자영업자,,,158.2,천명
202602,취업자,대전광역시,*자영업자,,,156.8,천명
202603,취업자,대전광역시,*자영업자,,,155.4,천명
202604,취업자,대전광역시,*자영업자,,,157.9,천명
202605,취업자,대전광역시,*자영업자,,,158.2,천명
202606,취업자,대전광역시,*자영업자,,,156.2,천명
202607,취업자,대전광역시,*자영업자,,,155.7,천명
202608,취업자,대전광역시,*자영업자,,,154.6,천명
202301,취업자,대전광역시,-고용원이 있는 자영업자,,,48.5,천명
202302,취업자,대전광역시,-고용원이 있는 자영업자,,,48.9,천명
202303,취업자,대전광역시,-고용원이 있는 자영업자,,,49.6,천명
202304,취업자,대전광역시,-고용원이 있는 자영업자,,,48,천명
202305,취업자,대전광역시,-고용원이 있는 자영업자,,,48.8,천명
202306,취업자,대전광역시,-고용원이 있는 자영업자,,,47.1,천명
202307,취업자,대전광역시,-고용원이 있는 자영업자,,,48.2,천명
202308,취업자,대전광역시,-고용원이 있는 자영업자,,,46.7,천명
202309,취업자,대전광역시,-고용원이 있는 자영업자,,,50.8,천명
202310,취업자,대전광역시,-고용원이 있는 자영업자,,,51.5,천명
202311,취업자,대전광역시,-고용원이 있는 자영업자,,,53.6,천명
202312,취업자,대전광역시,-고용원이 있는 자영업자,,,51.5,천명
202401,취업자,대전광역시,-고용원이 있는 자영업자,,,52.8,천명
202402,취업자,대전광역시,-고용원이 있는 자영업자,,,52.2,천명
202403,취업자,대전광역시,-고용원이 있는 자영업자,,,51,천명
202404,취업자,대전광역시,-고용원이 있는 자영업자,,,48.1,천명
202405,취업자,대전광역시,-고용원이 있는 자영업자,,,48.8,천명
202406,취업자,대전광역시,-고용원이 있는 자영업자,,,48.7,천명
202407,취업자,대전광역시,-고용원이 있는 자영업자,,,47,천명
202408,취업자,대전광역시,-고용원이 있는 자영업자,,,44.7,천명
202409,취업자,대전광역시,-고용원이 있는 자영업자,,,43.8,천명
202410,취업자,대전광역시,-고용원이 있는 자영업자,,,41.8,천명
202411,취업자,대전광역시,-고용원이 있는 자영업자,,,43.8,천명
202412,취업자,대전광역시,-고용원이 있는 자영업자,,,44.4,천명
202501,취업자,대전광역시,-고용원이 있는 자영업자,,,45,천명
202502,취업자,대전광역시,-고용원이 있는 자영업자,,,45.8,천명
202503,취업자,대전광역시,-고용원이 있는 자영업자,,,47,천명
202504,취업자,대전광역시,-고용원이 있는 자영업자,,,44.1,천명
202505,취업자,대전광역시,-고용원이 있는 자영업자,,,41.3,천명
202506,취업자,대전광역시,-고용원이 있는 자영업자,,,45.6,천명
202507,취업자,대전광역시,-고용원이 있는 자영업자,,,45.6,천명
202508,취업자,대전광역시,-고용원이 있는 자영업자,,,46.3,천명
202509,취업자,대전광역시,-고용원이 있는 자영업자,,,47.5,천명
202510,취업자,대전광역시,-고용원이 있는 자영업자,,,48.6,천명
202511,취업자,대전광역시,-고용원이 있는 자영업자,,,49.3,천명
202512,취업자,대전광역시,-고용원이 있는 자영업자,,,48.9,천명
202601,취업자,대전광역시,-고용원이 있는 자영업자,,,48.7,천명
202602,취업자,대전광역시,-고용원이 있는 자영업자,,,49.6,천명
202603,취업자,대전광역시,-고용원이 있는 자영업자,,,49.2,천명
202604,취업자,대전광역시,-고용원이 있는 자영업자,,,46.2,천명
202605,취업자,대전광역시,-고용원이 있는 자영업자,,,44.7,천명
202606,취업자,대전광역시,-고용원이 있는 자영업자,,,45.1,천명
202607,취업자,대전광역시,-고용원이 있는 자영업자,,,44,천명
202608,취업자,대전광역시,-고용원이 있는 자영업자,,,45.1,천명
202301,취업자,대전광역시,-고용원이 없는 자영업자,,,88.1,천명
202302,취업자,대전광역시,-고용원이 없는 자영업자,,,86.6,천명
202303,취업자,대전광역시,-고용원이 없는 자영업자,,,89.8,천명
202304,취업자,대전광역시,-고용원이 없는 자영업자,,,87.1,천명
202305,취업자,대전광역시,-고용원이 없는 자영업자,,,89.3,천명
202306,취업자,대전광역시,-고용원이 없는 자영업자,,,91.3,천명
202307,취업자,대전광역시,-고용원이 없는 자영업자,,,87.4,천명
202308,취업자,대전광역시,-고용원이 없는 자영업자,,,88.1,천명
202309,취업자,대전광역시,-고용원이 없는 자영업자,,,88.1,천명
202310,취업자,대전광역시,-고용원이 없는 자영업자,,,87.5,천명
202311,취업자,대전광역시,-고용원이 없는 자영업자,,,86.5,천명
202312,취업자,대전광역시,-고용원이 없는 자영업자,,,85.4,천명
202401,취업자,대전광역시,-고용원이 없는 자영업자,,,90,천명
202402,취업자,대전광역시,-고용원이 없는 자영업자,,,89.2,천명
202403,취업자,대전광역시,-고용원이 없는 자영업자,,,88.6,천명
202404,취업자,대전광역시,-고용원이 없는 자영업자,,,88.5,천명
202405,취업자,대전광역시,-고용원이 없는 자영업자,,,90.9,천명
202406,취업자,대전광역시,-고용원이 없는 자영업자,,,88.6,천명
202407,취업자,대전광역시,-고용원이 없는 자영업자,,,89.8,천명
202408,취업자,대전광역시,-고용원이 없는 자영업자,,,93.1,천명
202409,취업자,대전광역시,-고용원이 없는 자영업자,,,96.7,천명
202410,취업자,대전광역시,-고용원이 없는 자영업자,,,100.8,천명
202411,취업자,대전광역시,-고용원이 없는 자영업자,,,103.8,천명
202412,취업자,대전광역시,-고용원이 없는 자영업자,,,103.9,천명
202501,취업자,대전광역시,-고용원이 없는 자영업자,,,106.6,천명
202502,취업자,대전광역시,-고용원이 없는 자영업자,,,104.2,천명
202503,취업자,대전광역시,-고용원이 없는 자영업자,,,105.5,천명
202504,취업자,대전광역시,-고용원이 없는 자영업자,,,105.9,천명
202505,취업자,대전광역시,-고용원이 없는 자영업자,,,111.6,천명
202506,취업자,대전광역시,-고용원이 없는 자영업자,,,110.1,천명
202507,취업자,대전광역시,-고용원이 없는 자영업자,,,111.5,천명
202508,취업자,대전광역시,-고용원이 없는 자영업자,,,111,천명
202509,취업자,대전광역시,-고용원이 없는 자영업자,,,108.2,천명
202510,취업자,대전광역시,-고용원이 없는 자영업자,,,108.3,천명
202511,취업자,대전광역시,-고용원이 없는 자영업자,,,109.4,천명
202512,취업자,대전광역시,-고용원이 없는 자영업자,,,109,천명
202601,취업자,대전광역시,-고용원이 없는 자영업자,,,109.4,천명
202602,취업자,대전광역시,-고용원이 없는 자영업자,,,107.2,천명
202603,취업자,대전광역시,-고용원이 없는 자영업자,,,106.2,천명
202604,취업자,대전광역시,-고용원이 없는 자영업자,,,111.7,천명
202605,취업자,대전광역시,-고용원이 없는 자영업자,,,113.5,천명
202606,취업자,대전광역시,-고용원이 없는 자영업자,,,111.2,천명
202607,취업자,대전광역시,-고용원이 없는 자영업자,,,111.7,천명
202608,취업자,대전광역시,-고용원이 없는 자영업자,,,109.5,천명
202301,취업자,대전광역시,-무급가족종사자,,,17.7,천명
202302,취업자,대전광역시,-무급가족종사자,,,17.8,천명
202303,취업자,대전광역시,-무급가족종사자,,,16.5,천명
202304,취업자,대전광역시,-무급가족종사자,,,17.8,천명
202305,취업자,대전광역시,-무급가족종사자,,,15.7,천명
202306,취업자,대전광역시,-무급가족종사자,,,15.6,천명
202307,취업자,대전광역시,-무급가족종사자,,,14.5,천명
202308,취업자,대전광역시,-무급가족종사자,,,14.9,천명
202309,취업자,대전광역시,-무급가족종사자,,,16.1,천명
202310,취업자,대전광역시,-무급가족종사자,,,16.4,천명
202311,취업자,대전광역시,-무급가족종사자,,,17,천명
202312,취업자,대전광역시,-무급가족종사자,,,16,천명
202401,취업자,대전광역시,-무급가족종사자,,,15.1,천명
202402,취업자,대전광역시,-무급가족종사자,,,15.2,천명
202403,취업자,대전광역시,-무급가족종사자,,,16.9,천명
202404,취업자,대전광역시,-무급가족종사자,,,19.1,천명
202405,취업자,대전광역시,-무급가족종사자,,,20,천명
202406,취업자,대전광역시,-무급가족종사자,,,21.3,천명
202407,취업자,대전광역시,-무급가족종사자,,,20.8,천명
202408,취업자,대전광역시,-무급가족종사자,,,19.9,천명
202409,취업자,대전광역시,-무급가족종사자,,,18.6,천명
202410,취업자,대전광역시,-무급가족종사자,,,18.3,천명
202411,취업자,대전광역시,-무급가족종사자,,,20.3,천명
202412,취업자,대전광역시,-무급가족종사자,,,16.7,천명
202501,취업자,대전광역시,-무급가족종사자,,,18.7,천명
202502,취업자,대전광역시,-무급가족종사자,,,19,천명
202503,취업자,대전광역시,-무급가족종사자,,,18.2,천명
202504,취업자,대전광역시,-무급가족종사자,,,17.8,천명
202505,취업자,대전광역시,-무급가족종사자,,,21.4,천명
202506,취업자,대전광역시,-무급가족종사자,,,20,천명
202507,취업자,대전광역시,-무급가족종사자,,,17.7,천명
202508,취업자,대전광역시,-무급가족종사자,,,16.5,천명
202509,취업자,대전광역시,-무급가족종사자,,,16.5,천명
202510,취업자,대전광역시,-무급가족종사자,,,14.9,천명
202511,취업자,대전광역시,-무급가족종사자,,,14.9,천명
202512,취업자,대전광역시,-무급가족종사자,,,14.2,천명
202601,취업자,대전광역시,-무급가족종사자,,,14.4,천명
202602,취업자,대전광역시,-무급가족종사자,,,19,천명
202603,취업자,대전광역시,-무급가족종사자,,,19.7,천명
202604,취업자,대전광역시,-무급가족종사자,,,17.3,천명
202605,취업자,대전광역시,-무급가족종사자,,,18.5,천명
202606,취업자,대전광역시,-무급가족종사자,,,17.3,천명
202607,취업자,대전광역시,-무급가족종사자,,,16.6,천명
202608,취업자,대전광역시,-무급가족종사자,,,16.6,천명
202301,취업자,대전광역시,임금근로자,,,634.7,천명
202302,취업자,대전광역시,임금근로자,,,645.7,천명
202303,취업자,대전광역시,임금근로자,,,638.8,천명
202304,취업자,대전광역시,임금근로자,,,642,천명
202305,취업자,대전광역시,임금근로자,,,646.8,천명
202306,취업자,대전광역시,임금근로자,,,649.8,천명
202307,취업자,대전광역시,임금근로자,,,637.6,천명
202308,취업자,대전광역시,임금근로자,,,648.4,천명
202309,취업자,대전광역시,임금근로자,,,651.5,천명
202310,취업자,대전광역시,임금근로자,,,648,천명
202311,취업자,대전광역시,임금근로자,,,646.6,천명
202312,취업자,대전광역시,임금근로자,,,629.8,천명
202401,취업자,대전광역시,임금근로자,,,620.5,천명
202402,취업자,대전광역시,임금근로자,,,628,천명
202403,취업자,대전광역시,임금근로자,,,637.7,천명
202404,취업자,대전광역시,임금근로자,,,636.7,천명
202405,취업자,대전광역시,임금근로자,,,639,천명
202406,취업자,대전광역시,임금근로자,,,643.5,천명
202407,취업자,대전광역시,임금근로자,,,635,천명
202408,취업자,대전광역시,임금근로자,,,625.8,천명
202409,취업자,대전광역시,임금근로자,,,627.2,천명
202410,취업자,대전광역시,임금근로자,,,622.6,천명
202411,취업자,대전광역시,임금근로자,,,628.2,천명
202412,취업자,대전광역시,임금근로자,,,611,천명
202501,취업자,대전광역시,임금근로자,,,614.4,천명
202502,취업자,대전광역시,임금근로자,,,631.7,천명
202503,취업자,대전광역시,임금근로자,,,633.4,천명
202504,취업자,대전광역시,임금근로자,,,643.6,천명
202505,취업자,대전광역시,임금근로자,,,643.8,천명
202506,취업자,대전광역시,임금근로자,,,641.5,천명
202507,취업자,대전광역시,임금근로자,,,645.9,천명
202508,취업자,대전광역시,임금근로자,,,642.7,천명
202509,취업자,대전광역시,임금근로자,,,651,천명
202510,취업자,대전광역시,임금근로자,,,645.3,천명
202511,취업자,대전광역시,임금근로자,,,642.9,천명
202512,취업자,대전광역시,임금근로자,,,627.6,천명
202601,취업자,대전광역시,임금근로자,,,615.1,천명
202602,취업자,대전광역시,임금근로자,,,620.2,천명
202603,취업자,대전광역시,임금근로자,,,632.2,천명
202604,취업자,대전광역시,임금근로자,,,636.1,천명
202605,취업자,대전광역시,임금근로자,,,646.7,천명
202606,취업자,대전광역시,임금근로자,,,649.1,천명
202607,취업자,대전광역시,임금근로자,,,642.2,천명
202608,취업자,대전광역시,임금근로자,,,648.3,천명
202301,취업자,대전광역시,-상용근로자,,,500.1,천명
202302,취업자,대전광역시,-상용근로자,,,501.7,천명
202303,취업자,대전광역시,-상용근로자,,,494.5,천명
202304,취업자,대전광역시,-상용근로자,,,496.8,천명
202305,취업자,대전광역시,-상용근로자,,,499,천명
202306,취업자,대전광역시,-상용근로자,,,499.9,천명
202307,취업자,대전광역시,-상용근로자,,,500.2,천명
202308,취업자,대전광역시,-상용근로자,,,501.2,천명
202309,취업자,대전광역시,-상용근로자,,,499.3,천명
202310,취업자,대전광역시,-상용근로자,,,496.7,천명
202311,취업자,대전광역시,-상용근로자,,,495,천명
202312,취업자,대전광역시,-상용근로자,,,487,천명
202401,취업자,대전광역시,-상용근로자,,,479.6,천명
202402,취업자,대전광역시,-상용근로자,,,479.9,천명
202403,취업자,대전광역시,-상용근로자,,,479.9,천명
202404,취업자,대전광역시,-상용근로자,,,481.9,천명
202405,취업자,대전광역시,-상용근로자,,,481.5,천명
202406,취업자,대전광역시,-상용근로자,,,479.2,천명
202407,취업자,대전광역시,-상용근로자,,,476.4,천명
202408,취업자,대전광역시,-상용근로자,,,465.5,천명
202409,취업자,대전광역시,-상용근로자,,,461,천명
202410,취업자,대전광역시,-상용근로자,,,459.7,천명
202411,취업자,대전광역시,-상용근로자,,,459.1,천명
202412,취업자,대전광역시,-상용근로자,,,455.3,천명
202501,취업자,대전광역시,-상용근로자,,,458.7,천명
202502,취업자,대전광역시,-상용근로자,,,470.9,천명
202503,취업자,대전광역시,-상용근로자,,,467.2,천명
202504,취업자,대전광역시,-상용근로자,,,474.1,천명
202505,취업자,대전광역시,-상용근로자,,,469.9,천명
202506,취업자,대전광역시,-상용근로자,,,470.4,천명
202507,취업자,대전광역시,-상용근로자,,,481.3,천명
202508,취업자,대전광역시,-상용근로자,,,475.9,천명
202509,취업자,대전광역시,-상용근로자,,,483.1,천명
202510,취업자,대전광역시,-상용근로자,,,482.5,천명
202511,취업자,대전광역시,-상용근로자,,,476.8,천명
202512,취업자,대전광역시,-상용근로자,,,477.5,천명
202601,취업자,대전광역시,-상용근로자,,,477.5,천명
202602,취업자,대전광역시,-상용근로자,,,473.1,천명
202603,취업자,대전광역시,-상용근로자,,,475.6,천명
202604,취업자,대전광역시,-상용근로자,,,481.9,천명
202605,취업자,대전광역시,-상용근로자,,,485.2,천명
202606,취업자,대전광역시,-상용근로자,,,486.8,천명
202607,취업자,대전광역시,-상용근로자,,,484.4,천명
202608,취업자,대전광역시,-상용근로자,,,489,천명
202301,취업자,대전광역시,-임시근로자,,,101.2,천명
202302,취업자,대전광역시,-임시근로자,,,108.9,천명
202303,취업자,대전광역시,-임시근로자,,,109.2,천명
202304,취업자,대전광역시,-임시근로자,,,110.1,천명
202305,취업자,대전광역시,-임시근로자,,,110.6,천명
202306,취업자,대전광역시,-임시근로자,,,112.7,천명
202307,취업자,대전광역시,-임시근로자,,,110.8,천명
202308,취업자,대전광역시,-임시근로자,,,115.6,천명
202309,취업자,대전광역시,-임시근로자,,,117.5,천명
202310,취업자,대전광역시,-임시근로자,,,119,천명
202311,취업자,대전광역시,-임시근로자,,,120.2,천명
202312,취업자,대전광역시,-임시근로자,,,111.8,천명
202401,취업자,대전광역시,-임시근로자,,,112,천명
202402,취업자,대전광역시,-임시근로자,,,123.7,천명
202403,취업자,대전광역시,-임시근로자,,,127.4,천명
202404,취업자,대전광역시,-임시근로자,,,124.8,천명
202405,취업자,대전광역시,-임시근로자,,,130.1,천명
202406,취업자,대전광역시,-임시근로자,,,134.7,천명
202407,취업자,대전광역시,-임시근로자,,,131,천명
202408,취업자,대전광역시,-임시근로자,,,135.5,천명
202409,취업자,대전광역시,-임시근로자,,,137.5,천명
202410,취업자,대전광역시,-임시근로자,,,131.3,천명
202411,취업자,대전광역시,-임시근로자,,,135.7,천명
202412,취업자,대전광역시,-임시근로자,,,127,천명
202501,취업자,대전광역시,-임시근로자,,,130.9,천명
202502,취업자,대전광역시,-임시근로자,,,134.4,천명
202503,취업자,대전광역시,-임시근로자,,,145.4,천명
202504,취업자,대전광역시,-임시근로자,,,149.6,천명
202505,취업자,대전광역시,-임시근로자,,,152.7,천명
202506,취업자,대전광역시,-임시근로자,,,149.1,천명
202507,취업자,대전광역시,-임시근로자,,,147,천명
202508,취업자,대전광역시,-임시근로자,,,148.7,천명
202509,취업자,대전광역시,-임시근로자,,,146.4,천명
202510,취업자,대전광역시,-임시근로자,,,143.5,천명
202511,취업자,대전광역시,-임시근로자,,,148,천명
202512,취업자,대전광역시,-임시근로자,,,131.5,천명
202601,취업자,대전광역시,-임시근로자,,,123.6,천명
202602,취업자,대전광역시,-임시근로자,,,134.4,천명
202603,취업자,대전광역시,-임시근로자,,,142.1,천명
202604,취업자,대전광역시,-임시근로자,,,136.9,천명
202605,취업자,대전광역시,-임시근로자,,,141.2,천명
202606,취업자,대전광역시,-임시근로자,,,142.9,천명
202607,취업자,대전광역시,-임시근로자,,,139,천명
202608,취업자,대전광역시,-임시근로자,,,140.7,천명
202301,취업자,대전광역시,-일용근로자,,,33.5,천명
202302,취업자,대전광역시,-일용근로자,,,35.1,천명
202303,취업자,대전광역시,-일용근로자,,,35.1,천명
202304,취업자,대전광역시,-일용근로자,,,35.1,천명
202305,취업자,대전광역시,-일용근로자,,,37.2,천명
202306,취업자,대전광역시,-일용근로자,,,37.2,천명
202307,취업자,대전광역시,-일용근로자,,,26.6,천명
202308,취업자,대전광역시,-일용근로자,,,31.6,천명
202309,취업자,대전광역시,-일용근로자,,,34.8,천명
202310,취업자,대전광역시,-일용근로자,,,32.3,천명
202311,취업자,대전광역시,-일용근로자,,,31.4,천명
202312,취업자,대전광역시,-일용근로자,,,31,천명
202401,취업자,대전광역시,-일용근로자,,,28.9,천명
202402,취업자,대전광역시,-일용근로자,,,24.3,천명
202403,취업자,대전광역시,-일용근로자,,,30.4,천명
202404,취업자,대전광역시,-일용근로자,,,30,천명
202405,취업자,대전광역시,-일용근로자,,,27.5,천명
202406,취업자,대전광역시,-일용근로자,,,29.7,천명
202407,취업자,대전광역시,-일용근로자,,,27.6,천명
202408,취업자,대전광역시,-일용근로자,,,24.8,천명
202409,취업자,대전광역시,-일용근로자,,,28.6,천명
202410,취업자,대전광역시,-일용근로자,,,31.5,천명
202411,취업자,대전광역시,-일용근로자,,,33.4,천명
202412,취업자,대전광역시,-일용근로자,,,28.7,천명
202501,취업자,대전광역시,-일용근로자,,,24.9,천명
202502,취업자,대전광역시,-일용근로자,,,26.4,천명
202503,취업자,대전광역시,-일용근로자,,,20.8,천명
202504,취업자,대전광역시,-일용근로자,,,19.9,천명
202505,취업자,대전광역시,-일용근로자,,,21.3,천명
202506,취업자,대전광역시,-일용근로자,,,22,천명
202507,취업자,대전광역시,-일용근로자,,,17.6,천명
202508,취업자,대전광역시,-일용근로자,,,18.1,천명
202509,취업자,대전광역시,-일용근로자,,,21.6,천명
202510,취업자,대전광역시,-일용근로자,,,19.4,천명
202511,취업자,대전광역시,-일용근로자,,,18,천명
202512,취업자,대전광역시,-일용근로자,,,18.6,천명
202601,취업자,대전광역시,-일용근로자,,,14.1,천명
202602,취업자,대전광역시,-일용근로자,,,12.7,천명
202603,취업자,대전광역시,-일용근로자,,,14.5,천명
202604,취업자,대전광역시,-일용근로자,,,17.2,천명
202605,취업자,대전광역시,-일용근로자,,,20.3,천명
202606,취업자,대전광역시,-일용근로자,,,19.4,천명
202607,취업자,대전광역시,-일용근로자,,,18.8,천명
202608,취업자,대전광역시,-일용근로자,,,18.6,천명
202301,취업자,울산광역시,계,,,559.4,천명
202302,취업자,울산광역시,계,,,562.1,천명
202303,취업자,울산광역시,계,,,570.3,천명
202304,취업자,울산광역시,계,,,571.5,천명
202305,취업자,울산광역시,계,,,574.4,천명
202306,취업자,울산광역시,계,,,577.2,천명
202307,취업자,울산광역시,계,,,574.9,천명
202308,취업자,울산광역시,계,,,569.6,천명
202309,취업자,울산광역시,계,,,573.6,천명
202310,취업자,울산광역시,계,,,574.8,천명
202311,취업자,울산광역시,계,,,580.1,천명
202312,취업자,울산광역시,계,,,569.7,천명
202401,취업자,울산광역시,계,,,559.6,천명
202402,취업자,울산광역시,계,,,560,천명
202403,취업자,울산광역시,계,,,561.4,천명
202404,취업자,울산광역시,계,,,570.7,천명
202405,취업자,울산광역시,계,,,584.8,천명
202406,취업자,울산광역시,계,,,577.4,천명
202407,취업자,울산광역시,계,,,574.2,천명
202408,취업자,울산광역시,계,,,573.7,천명
202409,취업자,울산광역시,계,,,578.9,천명
202410,취업자,울산광역시,계,,,579.9,천명
202411,취업자,울산광역시,계,,,578.7,천명
202412,취업자,울산광역시,계,,,567.2,천명
202501,취업자,울산광역시,계,,,564.3,천명
202502,취업자,울산광역시,계,,,573.8,천명
202503,취업자,울산광역시,계,,,569.5,천명
202504,취업자,울산광역시,계,,,581,천명
202505,취업자,울산광역시,계,,,580.8,천명
202506,취업자,울산광역시,계,,,585.7,천명
202507,취업자,울산광역시,계,,,584.7,천명
202508,취업자,울산광역시,계,,,574.9,천명
202509,취업자,울산광역시,계,,,577.6,천명
202510,취업자,울산광역시,계,,,572,천명
202511,취업자,울산광역시,계,,,577.9,천명
202512,취업자,울산광역시,계,,,557.4,천명
202601,취업자,울산광역시,계,,,564.7,천명
202602,취업자,울산광역시,계,,,576.4,천명
202603,취업자,울산광역시,계,,,581.4,천명
202604,취업자,울산광역시,계,,,588.1,천명
202605,취업자,울산광역시,계,,,586.5,천명
202606,취업자,울산광역시,계,,,585.4,천명
202607,취업자,울산광역시,계,,,588.4,천명
202608,취업자,울산광역시,계,,,582.8,천명
202301,취업자,울산광역시,비임금근로자,,,85.7,천명
202302,취업자,울산광역시,비임금근로자,,,83.6,천명
202303,취업자,울산광역시,비임금근로자,,,88.7,천명
202304,취업자,울산광역시,비임금근로자,,,93.3,천명
202305,취업자,울산광역시,비임금근로자,,,91.8,천명
202306,취업자,울산광역시,비임금근로자,,,92,천명
202307,취업자,울산광역시,비임금근로자,,,93.6,천명
202308,취업자,울산광역시,비임금근로자,,,96.6,천명
202309,취업자,울산광역시,비임금근로자,,,94.9,천명
202310,취업자,울산광역시,비임금근로자,,,95.8,천명
202311,취업자,울산광역시,비임금근로자,,,98.8,천명
202312,취업자,울산광역시,비임금근로자,,,100.8,천명
202401,취업자,울산광역시,비임금근로자,,,97.5,천명
202402,취업자,울산광역시,비임금근로자,,,100.8,천명
202403,취업자,울산광역시,비임금근로자,,,98,천명
202404,취업자,울산광역시,비임금근로자,,,102.1,천명
202405,취업자,울산광역시,비임금근로자,,,100,천명
202406,취업자,울산광역시,비임금근로자,,,99.5,천명
202407,취업자,울산광역시,비임금근로자,,,100.6,천명
202408,취업자,울산광역시,비임금근로자,,,100.2,천명
202409,취업자,울산광역시,비임금근로자,,,95.7,천명
202410,취업자,울산광역시,비임금근로자,,,95.1,천명
202411,취업자,울산광역시,비임금근로자,,,96.3,천명
202412,취업자,울산광역시,비임금근로자,,,97.6,천명
202501,취업자,울산광역시,비임금근로자,,,97.4,천명
202502,취업자,울산광역시,비임금근로자,,,99.3,천명
202503,취업자,울산광역시,비임금근로자,,,100.1,천명
202504,취업자,울산광역시,비임금근로자,,,103.4,천명
202505,취업자,울산광역시,비임금근로자,,,95.7,천명
202506,취업자,울산광역시,비임금근로자,,,97.8,천명
202507,취업자,울산광역시,비임금근로자,,,97.4,천명
202508,취업자,울산광역시,비임금근로자,,,97,천명
202509,취업자,울산광역시,비임금근로자,,,97.6,천명
202510,취업자,울산광역시,비임금근로자,,,97.1,천명
202511,취업자,울산광역시,비임금근로자,,,93.3,천명
202512,취업자,울산광역시,비임금근로자,,,94.6,천명
202601,취업자,울산광역시,비임금근로자,,,92.2,천명
202602,취업자,울산광역시,비임금근로자,,,91.1,천명
202603,취업자,울산광역시,비임금근로자,,,91,천명
202604,취업자,울산광역시,비임금근로자,,,95,천명
202605,취업자,울산광역시,비임금근로자,,,95.8,천명
202606,취업자,울산광역시,비임금근로자,,,97.3,천명
202607,취업자,울산광역시,비임금근로자,,,98.8,천명
202608,취업자,울산광역시,비임금근로자,,,98.1,천명
202301,취업자,울산광역시,*자영업자,,,77.6,천명
202302,취업자,울산광역시,*자영업자,,,75.5,천명
202303,취업자,울산광역시,*자영업자,,,79.2,천명
202304,취업자,울산광역시,*자영업자,,,83.3,천명
202305,취업자,울산광역시,*자영업자,,,82.6,천명
202306,취업자,울산광역시,*자영업자,,,83.2,천명
202307,취업자,울산광역시,*자영업자,,,84.7,천명
202308,취업자,울산광역시,*자영업자,,,86.8,천명
202309,취업자,울산광역시,*자영업자,,,85.5,천명
202310,취업자,울산광역시,*자영업자,,,84.3,천명
202311,취업자,울산광역시,*자영업자,,,86.9,천명
202312,취업자,울산광역시,*자영업자,,,89.8,천명
202401,취업자,울산광역시,*자영업자,,,86.7,천명
202402,취업자,울산광역시,*자영업자,,,89.6,천명
202403,취업자,울산광역시,*자영업자,,,86.8,천명
202404,취업자,울산광역시,*자영업자,,,90.4,천명
202405,취업자,울산광역시,*자영업자,,,88.5,천명
202406,취업자,울산광역시,*자영업자,,,87.5,천명
202407,취업자,울산광역시,*자영업자,,,88.8,천명
202408,취업자,울산광역시,*자영업자,,,88.5,천명
202409,취업자,울산광역시,*자영업자,,,85.2,천명
202410,취업자,울산광역시,*자영업자,,,84.7,천명
202411,취업자,울산광역시,*자영업자,,,85.8,천명
202412,취업자,울산광역시,*자영업자,,,86.3,천명
202501,취업자,울산광역시,*자영업자,,,86.5,천명
202502,취업자,울산광역시,*자영업자,,,88,천명
202503,취업자,울산광역시,*자영업자,,,88.4,천명
202504,취업자,울산광역시,*자영업자,,,91.1,천명
202505,취업자,울산광역시,*자영업자,,,85.3,천명
202506,취업자,울산광역시,*자영업자,,,88.6,천명
202507,취업자,울산광역시,*자영업자,,,87,천명
202508,취업자,울산광역시,*자영업자,,,86.1,천명
202509,취업자,울산광역시,*자영업자,,,85.8,천명
202510,취업자,울산광역시,*자영업자,,,85.7,천명
202511,취업자,울산광역시,*자영업자,,,83.3,천명
202512,취업자,울산광역시,*자영업자,,,85.2,천명
202601,취업자,울산광역시,*자영업자,,,83.9,천명
202602,취업자,울산광역시,*자영업자,,,83.8,천명
202603,취업자,울산광역시,*자영업자,,,84.7,천명
202604,취업자,울산광역시,*자영업자,,,88.6,천명
202605,취업자,울산광역시,*자영업자,,,89,천명
202606,취업자,울산광역시,*자영업자,,,90.6,천명
202607,취업자,울산광역시,*자영업자,,,92,천명
202608,취업자,울산광역시,*자영업자,,,89.7,천명
202301,취업자,울산광역시,-고용원이 있는 자영업자,,,23.1,천명
202302,취업자,울산광역시,-고용원이 있는 자영업자,,,23.2,천명
202303,취업자,울산광역시,-고용원이 있는 자영업자,,,21,천명
202304,취업자,울산광역시,-고용원이 있는 자영업자,,,22.3,천명
202305,취업자,울산광역시,-고용원이 있는 자영업자,,,23.2,천명
202306,취업자,울산광역시,-고용원이 있는 자영업자,,,21.3,천명
202307,취업자,울산광역시,-고용원이 있는 자영업자,,,21.8,천명
202308,취업자,울산광역시,-고용원이 있는 자영업자,,,22.1,천명
202309,취업자,울산광역시,-고용원이 있는 자영업자,,,21.3,천명
202310,취업자,울산광역시,-고용원이 있는 자영업자,,,20.9,천명
202311,취업자,울산광역시,-고용원이 있는 자영업자,,,21.9,천명
202312,취업자,울산광역시,-고용원이 있는 자영업자,,,23,천명
202401,취업자,울산광역시,-고용원이 있는 자영업자,,,23.3,천명
202402,취업자,울산광역시,-고용원이 있는 자영업자,,,25.5,천명
202403,취업자,울산광역시,-고용원이 있는 자영업자,,,25.7,천명
202404,취업자,울산광역시,-고용원이 있는 자영업자,,,27.5,천명
202405,취업자,울산광역시,-고용원이 있는 자영업자,,,29.8,천명
202406,취업자,울산광역시,-고용원이 있는 자영업자,,,30.1,천명
202407,취업자,울산광역시,-고용원이 있는 자영업자,,,30.3,천명
202408,취업자,울산광역시,-고용원이 있는 자영업자,,,28.5,천명
202409,취업자,울산광역시,-고용원이 있는 자영업자,,,26.5,천명
202410,취업자,울산광역시,-고용원이 있는 자영업자,,,26.3,천명
202411,취업자,울산광역시,-고용원이 있는 자영업자,,,25.6,천명
202412,취업자,울산광역시,-고용원이 있는 자영업자,,,26.1,천명
202501,취업자,울산광역시,-고용원이 있는 자영업자,,,25.8,천명
202502,취업자,울산광역시,-고용원이 있는 자영업자,,,26.2,천명
202503,취업자,울산광역시,-고용원이 있는 자영업자,,,26.7,천명
202504,취업자,울산광역시,-고용원이 있는 자영업자,,,27.5,천명
202505,취업자,울산광역시,-고용원이 있는 자영업자,,,28.6,천명
202506,취업자,울산광역시,-고용원이 있는 자영업자,,,29.5,천명
202507,취업자,울산광역시,-고용원이 있는 자영업자,,,29.2,천명
202508,취업자,울산광역시,-고용원이 있는 자영업자,,,28.9,천명
202509,취업자,울산광역시,-고용원이 있는 자영업자,,,29.2,천명
202510,취업자,울산광역시,-고용원이 있는 자영업자,,,28.4,천명
202511,취업자,울산광역시,-고용원이 있는 자영업자,,,27.3,천명
202512,취업자,울산광역시,-고용원이 있는 자영업자,,,28.2,천명
202601,취업자,울산광역시,-고용원이 있는 자영업자,,,26.8,천명
202602,취업자,울산광역시,-고용원이 있는 자영업자,,,27.7,천명
202603,취업자,울산광역시,-고용원이 있는 자영업자,,,28.8,천명
202604,취업자,울산광역시,-고용원이 있는 자영업자,,,28.2,천명
202605,취업자,울산광역시,-고용원이 있는 자영업자,,,27.2,천명
202606,취업자,울산광역시,-고용원이 있는 자영업자,,,27.5,천명
202607,취업자,울산광역시,-고용원이 있는 자영업자,,,27.3,천명
202608,취업자,울산광역시,-고용원이 있는 자영업자,,,25.9,천명
202301,취업자,울산광역시,-고용원이 없는 자영업자,,,54.5,천명
202302,취업자,울산광역시,-고용원이 없는 자영업자,,,52.4,천명
202303,취업자,울산광역시,-고용원이 없는 자영업자,,,58.2,천명
202304,취업자,울산광역시,-고용원이 없는 자영업자,,,61,천명
202305,취업자,울산광역시,-고용원이 없는 자영업자,,,59.4,천명
202306,취업자,울산광역시,-고용원이 없는 자영업자,,,61.9,천명
202307,취업자,울산광역시,-고용원이 없는 자영업자,,,62.8,천명
202308,취업자,울산광역시,-고용원이 없는 자영업자,,,64.7,천명
202309,취업자,울산광역시,-고용원이 없는 자영업자,,,64.2,천명
202310,취업자,울산광역시,-고용원이 없는 자영업자,,,63.4,천명
202311,취업자,울산광역시,-고용원이 없는 자영업자,,,65,천명
202312,취업자,울산광역시,-고용원이 없는 자영업자,,,66.8,천명
202401,취업자,울산광역시,-고용원이 없는 자영업자,,,63.5,천명
202402,취업자,울산광역시,-고용원이 없는 자영업자,,,64,천명
202403,취업자,울산광역시,-고용원이 없는 자영업자,,,61.2,천명
202404,취업자,울산광역시,-고용원이 없는 자영업자,,,62.8,천명
202405,취업자,울산광역시,-고용원이 없는 자영업자,,,58.7,천명
202406,취업자,울산광역시,-고용원이 없는 자영업자,,,57.4,천명
202407,취업자,울산광역시,-고용원이 없는 자영업자,,,58.5,천명
202408,취업자,울산광역시,-고용원이 없는 자영업자,,,60.1,천명
202409,취업자,울산광역시,-고용원이 없는 자영업자,,,58.7,천명
202410,취업자,울산광역시,-고용원이 없는 자영업자,,,58.4,천명
202411,취업자,울산광역시,-고용원이 없는 자영업자,,,60.2,천명
202412,취업자,울산광역시,-고용원이 없는 자영업자,,,60.2,천명
202501,취업자,울산광역시,-고용원이 없는 자영업자,,,60.6,천명
202502,취업자,울산광역시,-고용원이 없는 자영업자,,,61.8,천명
202503,취업자,울산광역시,-고용원이 없는 자영업자,,,61.7,천명
202504,취업자,울산광역시,-고용원이 없는 자영업자,,,63.6,천명
202505,취업자,울산광역시,-고용원이 없는 자영업자,,,56.7,천명
202506,취업자,울산광역시,-고용원이 없는 자영업자,,,59.2,천명
202507,취업자,울산광역시,-고용원이 없는 자영업자,,,57.8,천명
202508,취업자,울산광역시,-고용원이 없는 자영업자,,,57.2,천명
202509,취업자,울산광역시,-고용원이 없는 자영업자,,,56.6,천명
202510,취업자,울산광역시,-고용원이 없는 자영업자,,,57.3,천명
202511,취업자,울산광역시,-고용원이 없는 자영업자,,,55.9,천명
202512,취업자,울산광역시,-고용원이 없는 자영업자,,,57,천명
202601,취업자,울산광역시,-고용원이 없는 자영업자,,,57,천명
202602,취업자,울산광역시,-고용원이 없는 자영업자,,,56.1,천명
202603,취업자,울산광역시,-고용원이 없는 자영업자,,,55.9,천명
202604,취업자,울산광역시,-고용원이 없는 자영업자,,,60.4,천명
202605,취업자,울산광역시,-고용원이 없는 자영업자,,,61.9,천명
202606,취업자,울산광역시,-고용원이 없는 자영업자,,,63,천명
202607,취업자,울산광역시,-고용원이 없는 자영업자,,,64.7,천명
202608,취업자,울산광역시,-고용원이 없는 자영업자,,,63.9,천명
202301,취업자,울산광역시,-무급가족종사자,,,8.1,천명
202302,취업자,울산광역시,-무급가족종사자,,,8,천명
202303,취업자,울산광역시,-무급가족종사자,,,9.6,천명
202304,취업자,울산광역시,-무급가족종사자,,,10,천명
202305,취업자,울산광역시,-무급가족종사자,,,9.3,천명
202306,취업자,울산광역시,-무급가족종사자,,,8.9,천명
202307,취업자,울산광역시,-무급가족종사자,,,9,천명
202308,취업자,울산광역시,-무급가족종사자,,,9.8,천명
202309,취업자,울산광역시,-무급가족종사자,,,9.5,천명
202310,취업자,울산광역시,-무급가족종사자,,,11.4,천명
202311,취업자,울산광역시,-무급가족종사자,,,11.9,천명
202312,취업자,울산광역시,-무급가족종사자,,,11,천명
202401,취업자,울산광역시,-무급가족종사자,,,10.7,천명
202402,취업자,울산광역시,-무급가족종사자,,,11.2,천명
202403,취업자,울산광역시,-무급가족종사자,,,11.2,천명
202404,취업자,울산광역시,-무급가족종사자,,,11.7,천명
202405,취업자,울산광역시,-무급가족종사자,,,11.5,천명
202406,취업자,울산광역시,-무급가족종사자,,,12,천명
202407,취업자,울산광역시,-무급가족종사자,,,11.8,천명
202408,취업자,울산광역시,-무급가족종사자,,,11.7,천명
202409,취업자,울산광역시,-무급가족종사자,,,10.5,천명
202410,취업자,울산광역시,-무급가족종사자,,,10.5,천명
202411,취업자,울산광역시,-무급가족종사자,,,10.5,천명
202412,취업자,울산광역시,-무급가족종사자,,,11.3,천명
202501,취업자,울산광역시,-무급가족종사자,,,10.9,천명
202502,취업자,울산광역시,-무급가족종사자,,,11.3,천명
202503,취업자,울산광역시,-무급가족종사자,,,11.7,천명
202504,취업자,울산광역시,-무급가족종사자,,,12.2,천명
202505,취업자,울산광역시,-무급가족종사자,,,10.4,천명
202506,취업자,울산광역시,-무급가족종사자,,,9.1,천명
202507,취업자,울산광역시,-무급가족종사자,,,10.4,천명
202508,취업자,울산광역시,-무급가족종사자,,,10.8,천명
202509,취업자,울산광역시,-무급가족종사자,,,11.8,천명
202510,취업자,울산광역시,-무급가족종사자,,,11.4,천명
202511,취업자,울산광역시,-무급가족종사자,,,10.1,천명
202512,취업자,울산광역시,-무급가족종사자,,,9.4,천명
202601,취업자,울산광역시,-무급가족종사자,,,8.3,천명
202602,취업자,울산광역시,-무급가족종사자,,,7.3,천명
202603,취업자,울산광역시,-무급가족종사자,,,6.3,천명
202604,취업자,울산광역시,-무급가족종사자,,,6.4,천명
202605,취업자,울산광역시,-무급가족종사자,,,6.8,천명
202606,취업자,울산광역시,-무급가족종사자,,,6.8,천명
202607,취업자,울산광역시,-무급가족종사자,,,6.8,천명
202608,취업자,울산광역시,-무급가족종사자,,,8.3,천명
202301,취업자,울산광역시,임금근로자,,,473.8,천명
202302,취업자,울산광역시,임금근로자,,,478.5,천명
202303,취업자,울산광역시,임금근로자,,,481.6,천명
202304,취업자,울산광역시,임금근로자,,,478.2,천명
202305,취업자,울산광역시,임금근로자,,,482.6,천명
202306,취업자,울산광역시,임금근로자,,,485.2,천명
202307,취업자,울산광역시,임금근로자,,,481.3,천명
202308,취업자,울산광역시,임금근로자,,,472.9,천명
202309,취업자,울산광역시,임금근로자,,,478.7,천명
202310,취업자,울산광역시,임금근로자,,,479,천명
202311,취업자,울산광역시,임금근로자,,,481.3,천명
202312,취업자,울산광역시,임금근로자,,,468.9,천명
202401,취업자,울산광역시,임금근로자,,,462.1,천명
202402,취업자,울산광역시,임금근로자,,,459.2,천명
202403,취업자,울산광역시,임금근로자,,,463.4,천명
202404,취업자,울산광역시,임금근로자,,,468.6,천명
202405,취업자,울산광역시,임금근로자,,,484.8,천명
202406,취업자,울산광역시,임금근로자,,,477.9,천명
202407,취업자,울산광역시,임금근로자,,,473.6,천명
202408,취업자,울산광역시,임금근로자,,,473.5,천명
202409,취업자,울산광역시,임금근로자,,,483.2,천명
202410,취업자,울산광역시,임금근로자,,,484.8,천명
202411,취업자,울산광역시,임금근로자,,,482.4,천명
202412,취업자,울산광역시,임금근로자,,,469.6,천명
202501,취업자,울산광역시,임금근로자,,,466.9,천명
202502,취업자,울산광역시,임금근로자,,,474.5,천명
202503,취업자,울산광역시,임금근로자,,,469.4,천명
202504,취업자,울산광역시,임금근로자,,,477.7,천명
202505,취업자,울산광역시,임금근로자,,,485,천명
202506,취업자,울산광역시,임금근로자,,,488,천명
202507,취업자,울산광역시,임금근로자,,,487.3,천명
202508,취업자,울산광역시,임금근로자,,,477.9,천명
202509,취업자,울산광역시,임금근로자,,,480,천명
202510,취업자,울산광역시,임금근로자,,,474.8,천명
202511,취업자,울산광역시,임금근로자,,,484.6,천명
202512,취업자,울산광역시,임금근로자,,,462.8,천명
202601,취업자,울산광역시,임금근로자,,,472.5,천명
202602,취업자,울산광역시,임금근로자,,,485.3,천명
202603,취업자,울산광역시,임금근로자,,,490.4,천명
202604,취업자,울산광역시,임금근로자,,,493.1,천명
202605,취업자,울산광역시,임금근로자,,,490.7,천명
202606,취업자,울산광역시,임금근로자,,,488.1,천명
202607,취업자,울산광역시,임금근로자,,,489.6,천명
202608,취업자,울산광역시,임금근로자,,,484.8,천명
202301,취업자,울산광역시,-상용근로자,,,374.9,천명
202302,취업자,울산광역시,-상용근로자,,,374.7,천명
202303,취업자,울산광역시,-상용근로자,,,371.5,천명
202304,취업자,울산광역시,-상용근로자,,,365.6,천명
202305,취업자,울산광역시,-상용근로자,,,366.4,천명
202306,취업자,울산광역시,-상용근로자,,,367.2,천명
202307,취업자,울산광역시,-상용근로자,,,366.9,천명
202308,취업자,울산광역시,-상용근로자,,,362.2,천명
202309,취업자,울산광역시,-상용근로자,,,368.3,천명
202310,취업자,울산광역시,-상용근로자,,,367.6,천명
202311,취업자,울산광역시,-상용근로자,,,370.6,천명
202312,취업자,울산광역시,-상용근로자,,,372.3,천명
202401,취업자,울산광역시,-상용근로자,,,363.8,천명
202402,취업자,울산광역시,-상용근로자,,,357.4,천명
202403,취업자,울산광역시,-상용근로자,,,360.8,천명
202404,취업자,울산광역시,-상용근로자,,,361,천명
202405,취업자,울산광역시,-상용근로자,,,364.6,천명
202406,취업자,울산광역시,-상용근로자,,,360.8,천명
202407,취업자,울산광역시,-상용근로자,,,361,천명
202408,취업자,울산광역시,-상용근로자,,,353.5,천명
202409,취업자,울산광역시,-상용근로자,,,358.2,천명
202410,취업자,울산광역시,-상용근로자,,,356.9,천명
202411,취업자,울산광역시,-상용근로자,,,356.7,천명
202412,취업자,울산광역시,-상용근로자,,,356.7,천명
202501,취업자,울산광역시,-상용근로자,,,354.5,천명
202502,취업자,울산광역시,-상용근로자,,,356.3,천명
202503,취업자,울산광역시,-상용근로자,,,355.9,천명
202504,취업자,울산광역시,-상용근로자,,,357.3,천명
202505,취업자,울산광역시,-상용근로자,,,365.8,천명
202506,취업자,울산광역시,-상용근로자,,,367.2,천명
202507,취업자,울산광역시,-상용근로자,,,366.6,천명
202508,취업자,울산광역시,-상용근로자,,,365.2,천명
202509,취업자,울산광역시,-상용근로자,,,366.8,천명
202510,취업자,울산광역시,-상용근로자,,,363.6,천명
202511,취업자,울산광역시,-상용근로자,,,368.9,천명
202512,취업자,울산광역시,-상용근로자,,,366.6,천명
202601,취업자,울산광역시,-상용근로자,,,362.7,천명
202602,취업자,울산광역시,-상용근로자,,,369,천명
202603,취업자,울산광역시,-상용근로자,,,367.2,천명
202604,취업자,울산광역시,-상용근로자,,,368.1,천명
202605,취업자,울산광역시,-상용근로자,,,366.6,천명
202606,취업자,울산광역시,-상용근로자,,,361.7,천명
202607,취업자,울산광역시,-상용근로자,,,359.5,천명
202608,취업자,울산광역시,-상용근로자,,,362.5,천명
202301,취업자,울산광역시,-임시근로자,,,88,천명
202302,취업자,울산광역시,-임시근로자,,,93.4,천명
202303,취업자,울산광역시,-임시근로자,,,98.1,천명
202304,취업자,울산광역시,-임시근로자,,,102,천명
202305,취업자,울산광역시,-임시근로자,,,103.9,천명
202306,취업자,울산광역시,-임시근로자,,,103.2,천명
202307,취업자,울산광역시,-임시근로자,,,100.2,천명
202308,취업자,울산광역시,-임시근로자,,,97.8,천명
202309,취업자,울산광역시,-임시근로자,,,97,천명
202310,취업자,울산광역시,-임시근로자,,,99,천명
202311,취업자,울산광역시,-임시근로자,,,97.4,천명
202312,취업자,울산광역시,-임시근로자,,,82.4,천명
202401,취업자,울산광역시,-임시근로자,,,85.3,천명
202402,취업자,울산광역시,-임시근로자,,,90.6,천명
202403,취업자,울산광역시,-임시근로자,,,91.8,천명
202404,취업자,울산광역시,-임시근로자,,,96.4,천명
202405,취업자,울산광역시,-임시근로자,,,106.3,천명
202406,취업자,울산광역시,-임시근로자,,,104.9,천명
202407,취업자,울산광역시,-임시근로자,,,101.4,천명
202408,취업자,울산광역시,-임시근로자,,,107.6,천명
202409,취업자,울산광역시,-임시근로자,,,112.8,천명
202410,취업자,울산광역시,-임시근로자,,,112.3,천명
202411,취업자,울산광역시,-임시근로자,,,110.2,천명
202412,취업자,울산광역시,-임시근로자,,,100.3,천명
202501,취업자,울산광역시,-임시근로자,,,100.6,천명
202502,취업자,울산광역시,-임시근로자,,,104,천명
202503,취업자,울산광역시,-임시근로자,,,99.6,천명
202504,취업자,울산광역시,-임시근로자,,,105.5,천명
202505,취업자,울산광역시,-임시근로자,,,102.7,천명
202506,취업자,울산광역시,-임시근로자,,,103.6,천명
202507,취업자,울산광역시,-임시근로자,,,104.5,천명
202508,취업자,울산광역시,-임시근로자,,,97.3,천명
202509,취업자,울산광역시,-임시근로자,,,99.3,천명
202510,취업자,울산광역시,-임시근로자,,,100.1,천명
202511,취업자,울산광역시,-임시근로자,,,102.8,천명
202512,취업자,울산광역시,-임시근로자,,,83.5,천명
202601,취업자,울산광역시,-임시근로자,,,95.8,천명
202602,취업자,울산광역시,-임시근로자,,,100,천명
202603,취업자,울산광역시,-임시근로자,,,106.1,천명
202604,취업자,울산광역시,-임시근로자,,,107.3,천명
202605,취업자,울산광역시,-임시근로자,,,107.5,천명
202606,취업자,울산광역시,-임시근로자,,,108.5,천명
202607,취업자,울산광역시,-임시근로자,,,112.9,천명
202608,취업자,울산광역시,-임시근로자,,,107,천명
202301,취업자,울산광역시,-일용근로자,,,10.9,천명
202302,취업자,울산광역시,-일용근로자,,,10.4,천명
202303,취업자,울산광역시,-일용근로자,,,12,천명
202304,취업자,울산광역시,-일용근로자,,,10.6,천명
202305,취업자,울산광역시,-일용근로자,,,12.2,천명
202306,취업자,울산광역시,-일용근로자,,,14.8,천명
202307,취업자,울산광역시,-일용근로자,,,14.2,천명
202308,취업자,울산광역시,-일용근로자,,,13,천명
202309,취업자,울산광역시,-일용근로자,,,13.4,천명
202310,취업자,울산광역시,-일용근로자,,,12.4,천명
202311,취업자,울산광역시,-일용근로자,,,13.3,천명
202312,취업자,울산광역시,-일용근로자,,,14.2,천명
202401,취업자,울산광역시,-일용근로자,,,13.1,천명
202402,취업자,울산광역시,-일용근로자,,,11.2,천명
202403,취업자,울산광역시,-일용근로자,,,10.8,천명
202404,취업자,울산광역시,-일용근로자,,,11.2,천명
202405,취업자,울산광역시,-일용근로자,,,13.8,천명
202406,취업자,울산광역시,-일용근로자,,,12.2,천명
202407,취업자,울산광역시,-일용근로자,,,11.2,천명
202408,취업자,울산광역시,-일용근로자,,,12.3,천명
202409,취업자,울산광역시,-일용근로자,,,12.2,천명
202410,취업자,울산광역시,-일용근로자,,,15.7,천명
202411,취업자,울산광역시,-일용근로자,,,15.5,천명
202412,취업자,울산광역시,-일용근로자,,,12.6,천명
202501,취업자,울산광역시,-일용근로자,,,11.8,천명
202502,취업자,울산광역시,-일용근로자,,,14.2,천명
202503,취업자,울산광역시,-일용근로자,,,13.9,천명
202504,취업자,울산광역시,-일용근로자,,,14.9,천명
202505,취업자,울산광역시,-일용근로자,,,16.6,천명
202506,취업자,울산광역시,-일용근로자,,,17.2,천명
202507,취업자,울산광역시,-일용근로자,,,16.3,천명
202508,취업자,울산광역시,-일용근로자,,,15.4,천명
202509,취업자,울산광역시,-일용근로자,,,13.8,천명
202510,취업자,울산광역시,-일용근로자,,,11.1,천명
202511,취업자,울산광역시,-일용근로자,,,12.8,천명
202512,취업자,울산광역시,-일용근로자,,,12.7,천명
202601,취업자,울산광역시,-일용근로자,,,14,천명
202602,취업자,울산광역시,-일용근로자,,,16.3,천명
202603,취업자,울산광역시,-일용근로자,,,17.2,천명
202604,취업자,울산광역시,-일용근로자,,,17.7,천명
202605,취업자,울산광역시,-일용근로자,,,16.6,천명
202606,취업자,울산광역시,-일용근로자,,,17.9,천명
202607,취업자,울산광역시,-일용근로자,,,17.3,천명
202608,취업자,울산광역시,-일용근로자,,,15.3,천명
202301,취업자,세종특별자치시,계,,,199.5,천명
202302,취업자,세종특별자치시,계,,,201.3,천명
202303,취업자,세종특별자치시,계,,,207.2,천명
202304,취업자,세종특별자치시,계,,,209.6,천명
202305,취업자,세종특별자치시,계,,,212.1,천명
202306,취업자,세종특별자치시,계,,,213.1,천명
202307,취업자,세종특별자치시,계,,,210.8,천명
202308,취업자,세종특별자치시,계,,,211.7,천명
202309,취업자,세종특별자치시,계,,,210.3,천명
202310,취업자,세종특별자치시,계,,,210.8,천명
202311,취업자,세종특별자치시,계,,,207.2,천명
202312,취업자,세종특별자치시,계,,,203.4,천명
202401,취업자,세종특별자치시,계,,,202.9,천명
202402,취업자,세종특별자치시,계,,,202.4,천명
202403,취업자,세종특별자치시,계,,,208.7,천명
202404,취업자,세종특별자치시,계,,,210.2,천명
202405,취업자,세종특별자치시,계,,,211.9,천명
202406,취업자,세종특별자치시,계,,,212,천명
202407,취업자,세종특별자치시,계,,,212.8,천명
202408,취업자,세종특별자치시,계,,,210.8,천명
202409,취업자,세종특별자치시,계,,,213.5,천명
202410,취업자,세종특별자치시,계,,,214.1,천명
202411,취업자,세종특별자치시,계,,,214.7,천명
202412,취업자,세종특별자치시,계,,,211.3,천명
202501,취업자,세종특별자치시,계,,,207.4,천명
202502,취업자,세종특별자치시,계,,,205.9,천명
202503,취업자,세종특별자치시,계,,,210.1,천명
202504,취업자,세종특별자치시,계,,,214.3,천명
202505,취업자,세종특별자치시,계,,,214.1,천명
202506,취업자,세종특별자치시,계,,,213.3,천명
202507,취업자,세종특별자치시,계,,,211.3,천명
202508,취업자,세종특별자치시,계,,,212.6,천명
202509,취업자,세종특별자치시,계,,,212.4,천명
202510,취업자,세종특별자치시,계,,,212.1,천명
202511,취업자,세종특별자치시,계,,,212.1,천명
202512,취업자,세종특별자치시,계,,,209.7,천명
202601,취업자,세종특별자치시,계,,,210.3,천명
202602,취업자,세종특별자치시,계,,,210.6,천명
202603,취업자,세종특별자치시,계,,,214.5,천명
202604,취업자,세종특별자치시,계,,,217.3,천명
202605,취업자,세종특별자치시,계,,,217.9,천명
202606,취업자,세종특별자치시,계,,,218.3,천명
202607,취업자,세종특별자치시,계,,,219.3,천명
202608,취업자,세종특별자치시,계,,,217.9,천명
202301,취업자,세종특별자치시,비임금근로자,,,34.2,천명
202302,취업자,세종특별자치시,비임금근로자,,,35.1,천명
202303,취업자,세종특별자치시,비임금근로자,,,39.4,천명
202304,취업자,세종특별자치시,비임금근로자,,,39.4,천명
202305,취업자,세종특별자치시,비임금근로자,,,39.6,천명
202306,취업자,세종특별자치시,비임금근로자,,,38.2,천명
202307,취업자,세종특별자치시,비임금근로자,,,38.8,천명
202308,취업자,세종특별자치시,비임금근로자,,,38.3,천명
202309,취업자,세종특별자치시,비임금근로자,,,37.2,천명
202310,취업자,세종특별자치시,비임금근로자,,,35.9,천명
202311,취업자,세종특별자치시,비임금근로자,,,35.5,천명
202312,취업자,세종특별자치시,비임금근로자,,,32.4,천명
202401,취업자,세종특별자치시,비임금근로자,,,32.1,천명
202402,취업자,세종특별자치시,비임금근로자,,,31.6,천명
202403,취업자,세종특별자치시,비임금근로자,,,34.6,천명
202404,취업자,세종특별자치시,비임금근로자,,,36.6,천명
202405,취업자,세종특별자치시,비임금근로자,,,37.2,천명
202406,취업자,세종특별자치시,비임금근로자,,,38.6,천명
202407,취업자,세종특별자치시,비임금근로자,,,39,천명
202408,취업자,세종특별자치시,비임금근로자,,,37.6,천명
202409,취업자,세종특별자치시,비임금근로자,,,37.1,천명
202410,취업자,세종특별자치시,비임금근로자,,,35.7,천명
202411,취업자,세종특별자치시,비임금근로자,,,35,천명
202412,취업자,세종특별자치시,비임금근로자,,,32.6,천명
202501,취업자,세종특별자치시,비임금근로자,,,32.5,천명
202502,취업자,세종특별자치시,비임금근로자,,,31.5,천명
202503,취업자,세종특별자치시,비임금근로자,,,34.4,천명
202504,취업자,세종특별자치시,비임금근로자,,,35.1,천명
202505,취업자,세종특별자치시,비임금근로자,,,36.5,천명
202506,취업자,세종특별자치시,비임금근로자,,,36.5,천명
202507,취업자,세종특별자치시,비임금근로자,,,35.6,천명
202508,취업자,세종특별자치시,비임금근로자,,,35.9,천명
202509,취업자,세종특별자치시,비임금근로자,,,34.9,천명
202510,취업자,세종특별자치시,비임금근로자,,,34.9,천명
202511,취업자,세종특별자치시,비임금근로자,,,33.8,천명
202512,취업자,세종특별자치시,비임금근로자,,,33.4,천명
202601,취업자,세종특별자치시,비임금근로자,,,32.6,천명
202602,취업자,세종특별자치시,비임금근로자,,,33.6,천명
202603,취업자,세종특별자치시,비임금근로자,,,33.6,천명
202604,취업자,세종특별자치시,비임금근로자,,,34.4,천명
202605,취업자,세종특별자치시,비임금근로자,,,33.8,천명
202606,취업자,세종특별자치시,비임금근로자,,,34.7,천명
202607,취업자,세종특별자치시,비임금근로자,,,35.5,천명
202608,취업자,세종특별자치시,비임금근로자,,,35.2,천명
202301,취업자,세종특별자치시,*자영업자,,,30.8,천명
202302,취업자,세종특별자치시,*자영업자,,,31.5,천명
202303,취업자,세종특별자치시,*자영업자,,,34.7,천명
202304,취업자,세종특별자치시,*자영업자,,,34.7,천명
202305,취업자,세종특별자치시,*자영업자,,,34.8,천명
202306,취업자,세종특별자치시,*자영업자,,,33,천명
202307,취업자,세종특별자치시,*자영업자,,,34.3,천명
202308,취업자,세종특별자치시,*자영업자,,,34,천명
202309,취업자,세종특별자치시,*자영업자,,,33.2,천명
202310,취업자,세종특별자치시,*자영업자,,,32.5,천명
202311,취업자,세종특별자치시,*자영업자,,,32.1,천명
202312,취업자,세종특별자치시,*자영업자,,,29.8,천명
202401,취업자,세종특별자치시,*자영업자,,,29.5,천명
202402,취업자,세종특별자치시,*자영업자,,,28.4,천명
202403,취업자,세종특별자치시,*자영업자,,,30.8,천명
202404,취업자,세종특별자치시,*자영업자,,,32.4,천명
202405,취업자,세종특별자치시,*자영업자,,,32.8,천명
202406,취업자,세종특별자치시,*자영업자,,,34,천명
202407,취업자,세종특별자치시,*자영업자,,,34.4,천명
202408,취업자,세종특별자치시,*자영업자,,,33.5,천명
202409,취업자,세종특별자치시,*자영업자,,,33.3,천명
202410,취업자,세종특별자치시,*자영업자,,,32.3,천명
202411,취업자,세종특별자치시,*자영업자,,,31.5,천명
202412,취업자,세종특별자치시,*자영업자,,,29.7,천명
202501,취업자,세종특별자치시,*자영업자,,,29.9,천명
202502,취업자,세종특별자치시,*자영업자,,,29.1,천명
202503,취업자,세종특별자치시,*자영업자,,,31.2,천명
202504,취업자,세종특별자치시,*자영업자,,,31,천명
202505,취업자,세종특별자치시,*자영업자,,,31.8,천명
202506,취업자,세종특별자치시,*자영업자,,,32,천명
202507,취업자,세종특별자치시,*자영업자,,,31.2,천명
202508,취업자,세종특별자치시,*자영업자,,,31.4,천명
202509,취업자,세종특별자치시,*자영업자,,,30.9,천명
202510,취업자,세종특별자치시,*자영업자,,,30.8,천명
202511,취업자,세종특별자치시,*자영업자,,,29.8,천명
202512,취업자,세종특별자치시,*자영업자,,,29.9,천명
202601,취업자,세종특별자치시,*자영업자,,,29.5,천명
202602,취업자,세종특별자치시,*자영업자,,,30.3,천명
202603,취업자,세종특별자치시,*자영업자,,,29.7,천명
202604,취업자,세종특별자치시,*자영업자,,,30.1,천명
202605,취업자,세종특별자치시,*자영업자,,,29.4,천명
202606,취업자,세종특별자치시,*자영업자,,,30.5,천명
202607,취업자,세종특별자치시,*자영업자,,,31.4,천명
202608,취업자,세종특별자치시,*자영업자,,,31.4,천명
202301,취업자,세종특별자치시,-고용원이 있는 자영업자,,,7.6,천명
202302,취업자,세종특별자치시,-고용원이 있는 자영업자,,,7.7,천명
202303,취업자,세종특별자치시,-고용원이 있는 자영업자,,,7.9,천명
202304,취업자,세종특별자치시,-고용원이 있는 자영업자,,,7.7,천명
202305,취업자,세종특별자치시,-고용원이 있는 자영업자,,,7.1,천명
202306,취업자,세종특별자치시,-고용원이 있는 자영업자,,,7.3,천명
202307,취업자,세종특별자치시,-고용원이 있는 자영업자,,,8.8,천명
202308,취업자,세종특별자치시,-고용원이 있는 자영업자,,,8.5,천명
202309,취업자,세종특별자치시,-고용원이 있는 자영업자,,,8.2,천명
202310,취업자,세종특별자치시,-고용원이 있는 자영업자,,,8.2,천명
202311,취업자,세종특별자치시,-고용원이 있는 자영업자,,,8,천명
202312,취업자,세종특별자치시,-고용원이 있는 자영업자,,,7.9,천명
202401,취업자,세종특별자치시,-고용원이 있는 자영업자,,,8.1,천명
202402,취업자,세종특별자치시,-고용원이 있는 자영업자,,,7.4,천명
202403,취업자,세종특별자치시,-고용원이 있는 자영업자,,,7.4,천명
202404,취업자,세종특별자치시,-고용원이 있는 자영업자,,,8.1,천명
202405,취업자,세종특별자치시,-고용원이 있는 자영업자,,,8.1,천명
202406,취업자,세종특별자치시,-고용원이 있는 자영업자,,,8.7,천명
202407,취업자,세종특별자치시,-고용원이 있는 자영업자,,,8.8,천명
202408,취업자,세종특별자치시,-고용원이 있는 자영업자,,,8.6,천명
202409,취업자,세종특별자치시,-고용원이 있는 자영업자,,,8.6,천명
202410,취업자,세종특별자치시,-고용원이 있는 자영업자,,,8.8,천명
202411,취업자,세종특별자치시,-고용원이 있는 자영업자,,,8.3,천명
202412,취업자,세종특별자치시,-고용원이 있는 자영업자,,,8.1,천명
202501,취업자,세종특별자치시,-고용원이 있는 자영업자,,,8.5,천명
202502,취업자,세종특별자치시,-고용원이 있는 자영업자,,,8.7,천명
202503,취업자,세종특별자치시,-고용원이 있는 자영업자,,,8.6,천명
202504,취업자,세종특별자치시,-고용원이 있는 자영업자,,,8.3,천명
202505,취업자,세종특별자치시,-고용원이 있는 자영업자,,,8.6,천명
202506,취업자,세종특별자치시,-고용원이 있는 자영업자,,,8.8,천명
202507,취업자,세종특별자치시,-고용원이 있는 자영업자,,,8.8,천명
202508,취업자,세종특별자치시,-고용원이 있는 자영업자,,,9.4,천명
202509,취업자,세종특별자치시,-고용원이 있는 자영업자,,,9,천명
202510,취업자,세종특별자치시,-고용원이 있는 자영업자,,,9.8,천명
202511,취업자,세종특별자치시,-고용원이 있는 자영업자,,,9.3,천명
202512,취업자,세종특별자치시,-고용원이 있는 자영업자,,,9.2,천명
202601,취업자,세종특별자치시,-고용원이 있는 자영업자,,,8.9,천명
202602,취업자,세종특별자치시,-고용원이 있는 자영업자,,,9.5,천명
202603,취업자,세종특별자치시,-고용원이 있는 자영업자,,,9.5,천명
202604,취업자,세종특별자치시,-고용원이 있는 자영업자,,,9.3,천명
202605,취업자,세종특별자치시,-고용원이 있는 자영업자,,,9.2,천명
202606,취업자,세종특별자치시,-고용원이 있는 자영업자,,,9,천명
202607,취업자,세종특별자치시,-고용원이 있는 자영업자,,,9.5,천명
202608,취업자,세종특별자치시,-고용원이 있는 자영업자,,,9.9,천명
202301,취업자,세종특별자치시,-고용원이 없는 자영업자,,,23.2,천명
202302,취업자,세종특별자치시,-고용원이 없는 자영업자,,,23.8,천명
202303,취업자,세종특별자치시,-고용원이 없는 자영업자,,,26.8,천명
202304,취업자,세종특별자치시,-고용원이 없는 자영업자,,,27,천명
202305,취업자,세종특별자치시,-고용원이 없는 자영업자,,,27.7,천명
202306,취업자,세종특별자치시,-고용원이 없는 자영업자,,,25.7,천명
202307,취업자,세종특별자치시,-고용원이 없는 자영업자,,,25.6,천명
202308,취업자,세종특별자치시,-고용원이 없는 자영업자,,,25.5,천명
202309,취업자,세종특별자치시,-고용원이 없는 자영업자,,,25,천명
202310,취업자,세종특별자치시,-고용원이 없는 자영업자,,,24.3,천명
202311,취업자,세종특별자치시,-고용원이 없는 자영업자,,,24.2,천명
202312,취업자,세종특별자치시,-고용원이 없는 자영업자,,,21.8,천명
202401,취업자,세종특별자치시,-고용원이 없는 자영업자,,,21.4,천명
202402,취업자,세종특별자치시,-고용원이 없는 자영업자,,,21,천명
202403,취업자,세종특별자치시,-고용원이 없는 자영업자,,,23.4,천명
202404,취업자,세종특별자치시,-고용원이 없는 자영업자,,,24.3,천명
202405,취업자,세종특별자치시,-고용원이 없는 자영업자,,,24.8,천명
202406,취업자,세종특별자치시,-고용원이 없는 자영업자,,,25.3,천명
202407,취업자,세종특별자치시,-고용원이 없는 자영업자,,,25.7,천명
202408,취업자,세종특별자치시,-고용원이 없는 자영업자,,,24.8,천명
202409,취업자,세종특별자치시,-고용원이 없는 자영업자,,,24.7,천명
202410,취업자,세종특별자치시,-고용원이 없는 자영업자,,,23.4,천명
202411,취업자,세종특별자치시,-고용원이 없는 자영업자,,,23.2,천명
202412,취업자,세종특별자치시,-고용원이 없는 자영업자,,,21.6,천명
202501,취업자,세종특별자치시,-고용원이 없는 자영업자,,,21.4,천명
202502,취업자,세종특별자치시,-고용원이 없는 자영업자,,,20.4,천명
202503,취업자,세종특별자치시,-고용원이 없는 자영업자,,,22.6,천명
202504,취업자,세종특별자치시,-고용원이 없는 자영업자,,,22.7,천명
202505,취업자,세종특별자치시,-고용원이 없는 자영업자,,,23.2,천명
202506,취업자,세종특별자치시,-고용원이 없는 자영업자,,,23.2,천명
202507,취업자,세종특별자치시,-고용원이 없는 자영업자,,,22.4,천명
202508,취업자,세종특별자치시,-고용원이 없는 자영업자,,,22.1,천명
202509,취업자,세종특별자치시,-고용원이 없는 자영업자,,,22,천명
202510,취업자,세종특별자치시,-고용원이 없는 자영업자,,,21,천명
202511,취업자,세종특별자치시,-고용원이 없는 자영업자,,,20.5,천명
202512,취업자,세종특별자치시,-고용원이 없는 자영업자,,,20.8,천명
202601,취업자,세종특별자치시,-고용원이 없는 자영업자,,,20.6,천명
202602,취업자,세종특별자치시,-고용원이 없는 자영업자,,,20.9,천명
202603,취업자,세종특별자치시,-고용원이 없는 자영업자,,,20.3,천명
202604,취업자,세종특별자치시,-고용원이 없는 자영업자,,,20.8,천명
202605,취업자,세종특별자치시,-고용원이 없는 자영업자,,,20.2,천명
202606,취업자,세종특별자치시,-고용원이 없는 자영업자,,,21.5,천명
202607,취업자,세종특별자치시,-고용원이 없는 자영업자,,,21.9,천명
202608,취업자,세종특별자치시,-고용원이 없는 자영업자,,,21.5,천명
202301,취업자,세종특별자치시,-무급가족종사자,,,3.4,천명
202302,취업자,세종특별자치시,-무급가족종사자,,,3.6,천명
202303,취업자,세종특별자치시,-무급가족종사자,,,4.7,천명
202304,취업자,세종특별자치시,-무급가족종사자,,,4.7,천명
202305,취업자,세종특별자치시,-무급가족종사자,,,4.8,천명
202306,취업자,세종특별자치시,-무급가족종사자,,,5.2,천명
202307,취업자,세종특별자치시,-무급가족종사자,,,4.5,천명
202308,취업자,세종특별자치시,-무급가족종사자,,,4.3,천명
202309,취업자,세종특별자치시,-무급가족종사자,,,4,천명
202310,취업자,세종특별자치시,-무급가족종사자,,,3.4,천명
202311,취업자,세종특별자치시,-무급가족종사자,,,3.4,천명
202312,취업자,세종특별자치시,-무급가족종사자,,,2.7,천명
202401,취업자,세종특별자치시,-무급가족종사자,,,2.6,천명
202402,취업자,세종특별자치시,-무급가족종사자,,,3.1,천명
202403,취업자,세종특별자치시,-무급가족종사자,,,3.8,천명
202404,취업자,세종특별자치시,-무급가족종사자,,,4.2,천명
202405,취업자,세종특별자치시,-무급가족종사자,,,4.4,천명
202406,취업자,세종특별자치시,-무급가족종사자,,,4.6,천명
202407,취업자,세종특별자치시,-무급가족종사자,,,4.5,천명
202408,취업자,세종특별자치시,-무급가족종사자,,,4.1,천명
202409,취업자,세종특별자치시,-무급가족종사자,,,3.8,천명
202410,취업자,세종특별자치시,-무급가족종사자,,,3.4,천명
202411,취업자,세종특별자치시,-무급가족종사자,,,3.5,천명
202412,취업자,세종특별자치시,-무급가족종사자,,,2.9,천명
202501,취업자,세종특별자치시,-무급가족종사자,,,2.7,천명
202502,취업자,세종특별자치시,-무급가족종사자,,,2.5,천명
202503,취업자,세종특별자치시,-무급가족종사자,,,3.3,천명
202504,취업자,세종특별자치시,-무급가족종사자,,,4.2,천명
202505,취업자,세종특별자치시,-무급가족종사자,,,4.8,천명
202506,취업자,세종특별자치시,-무급가족종사자,,,4.5,천명
202507,취업자,세종특별자치시,-무급가족종사자,,,4.4,천명
202508,취업자,세종특별자치시,-무급가족종사자,,,4.4,천명
202509,취업자,세종특별자치시,-무급가족종사자,,,3.9,천명
202510,취업자,세종특별자치시,-무급가족종사자,,,4.1,천명
202511,취업자,세종특별자치시,-무급가족종사자,,,4,천명
202512,취업자,세종특별자치시,-무급가족종사자,,,3.5,천명
202601,취업자,세종특별자치시,-무급가족종사자,,,3.1,천명
202602,취업자,세종특별자치시,-무급가족종사자,,,3.2,천명
202603,취업자,세종특별자치시,-무급가족종사자,,,3.9,천명
202604,취업자,세종특별자치시,-무급가족종사자,,,4.4,천명
202605,취업자,세종특별자치시,-무급가족종사자,,,4.5,천명
202606,취업자,세종특별자치시,-무급가족종사자,,,4.2,천명
202607,취업자,세종특별자치시,-무급가족종사자,,,4.1,천명
202608,취업자,세종특별자치시,-무급가족종사자,,,3.8,천명
202301,취업자,세종특별자치시,임금근로자,,,165.3,천명
202302,취업자,세종특별자치시,임금근로자,,,166.2,천명
202303,취업자,세종특별자치시,임금근로자,,,167.8,천명
202304,취업자,세종특별자치시,임금근로자,,,170.2,천명
202305,취업자,세종특별자치시,임금근로자,,,172.5,천명
202306,취업자,세종특별자치시,임금근로자,,,174.8,천명
202307,취업자,세종특별자치시,임금근로자,,,172,천명
202308,취업자,세종특별자치시,임금근로자,,,173.4,천명
202309,취업자,세종특별자치시,임금근로자,,,173,천명
202310,취업자,세종특별자치시,임금근로자,,,174.9,천명
202311,취업자,세종특별자치시,임금근로자,,,171.7,천명
202312,취업자,세종특별자치시,임금근로자,,,171,천명
202401,취업자,세종특별자치시,임금근로자,,,170.8,천명
202402,취업자,세종특별자치시,임금근로자,,,170.8,천명
202403,취업자,세종특별자치시,임금근로자,,,174.2,천명
202404,취업자,세종특별자치시,임금근로자,,,173.6,천명
202405,취업자,세종특별자치시,임금근로자,,,174.7,천명
202406,취업자,세종특별자치시,임금근로자,,,173.4,천명
202407,취업자,세종특별자치시,임금근로자,,,173.8,천명
202408,취업자,세종특별자치시,임금근로자,,,173.2,천명
202409,취업자,세종특별자치시,임금근로자,,,176.4,천명
202410,취업자,세종특별자치시,임금근로자,,,178.4,천명
202411,취업자,세종특별자치시,임금근로자,,,179.7,천명
202412,취업자,세종특별자치시,임금근로자,,,178.7,천명
202501,취업자,세종특별자치시,임금근로자,,,174.8,천명
202502,취업자,세종특별자치시,임금근로자,,,174.3,천명
202503,취업자,세종특별자치시,임금근로자,,,175.7,천명
202504,취업자,세종특별자치시,임금근로자,,,179.1,천명
202505,취업자,세종특별자치시,임금근로자,,,177.6,천명
202506,취업자,세종특별자치시,임금근로자,,,176.8,천명
202507,취업자,세종특별자치시,임금근로자,,,175.7,천명
202508,취업자,세종특별자치시,임금근로자,,,176.7,천명
202509,취업자,세종특별자치시,임금근로자,,,177.6,천명
202510,취업자,세종특별자치시,임금근로자,,,177.2,천명
202511,취업자,세종특별자치시,임금근로자,,,178.3,천명
202512,취업자,세종특별자치시,임금근로자,,,176.3,천명
202601,취업자,세종특별자치시,임금근로자,,,177.7,천명
202602,취업자,세종특별자치시,임금근로자,,,177.1,천명
202603,취업자,세종특별자치시,임금근로자,,,180.9,천명
202604,취업자,세종특별자치시,임금근로자,,,182.8,천명
202605,취업자,세종특별자치시,임금근로자,,,184.1,천명
202606,취업자,세종특별자치시,임금근로자,,,183.6,천명
202607,취업자,세종특별자치시,임금근로자,,,183.7,천명
202608,취업자,세종특별자치시,임금근로자,,,182.7,천명
202301,취업자,세종특별자치시,-상용근로자,,,146.2,천명
202302,취업자,세종특별자치시,-상용근로자,,,147,천명
202303,취업자,세종특별자치시,-상용근로자,,,147.6,천명
202304,취업자,세종특별자치시,-상용근로자,,,148.5,천명
202305,취업자,세종특별자치시,-상용근로자,,,150.5,천명
202306,취업자,세종특별자치시,-상용근로자,,,152.2,천명
202307,취업자,세종특별자치시,-상용근로자,,,151,천명
202308,취업자,세종특별자치시,-상용근로자,,,149.8,천명
202309,취업자,세종특별자치시,-상용근로자,,,149.7,천명
202310,취업자,세종특별자치시,-상용근로자,,,150.5,천명
202311,취업자,세종특별자치시,-상용근로자,,,148.2,천명
202312,취업자,세종특별자치시,-상용근로자,,,149.1,천명
202401,취업자,세종특별자치시,-상용근로자,,,148.6,천명
202402,취업자,세종특별자치시,-상용근로자,,,149.6,천명
202403,취업자,세종특별자치시,-상용근로자,,,149.9,천명
202404,취업자,세종특별자치시,-상용근로자,,,147.8,천명
202405,취업자,세종특별자치시,-상용근로자,,,149.1,천명
202406,취업자,세종특별자치시,-상용근로자,,,148.4,천명
202407,취업자,세종특별자치시,-상용근로자,,,149.8,천명
202408,취업자,세종특별자치시,-상용근로자,,,149.7,천명
202409,취업자,세종특별자치시,-상용근로자,,,150.9,천명
202410,취업자,세종특별자치시,-상용근로자,,,153.1,천명
202411,취업자,세종특별자치시,-상용근로자,,,154.3,천명
202412,취업자,세종특별자치시,-상용근로자,,,155.3,천명
202501,취업자,세종특별자치시,-상용근로자,,,154.4,천명
202502,취업자,세종특별자치시,-상용근로자,,,154.4,천명
202503,취업자,세종특별자치시,-상용근로자,,,153.8,천명
202504,취업자,세종특별자치시,-상용근로자,,,154.9,천명
202505,취업자,세종특별자치시,-상용근로자,,,153.8,천명
202506,취업자,세종특별자치시,-상용근로자,,,152.1,천명
202507,취업자,세종특별자치시,-상용근로자,,,151.6,천명
202508,취업자,세종특별자치시,-상용근로자,,,151.2,천명
202509,취업자,세종특별자치시,-상용근로자,,,151.2,천명
202510,취업자,세종특별자치시,-상용근로자,,,151.1,천명
202511,취업자,세종특별자치시,-상용근로자,,,152,천명
202512,취업자,세종특별자치시,-상용근로자,,,152.2,천명
202601,취업자,세종특별자치시,-상용근로자,,,153.4,천명
202602,취업자,세종특별자치시,-상용근로자,,,151.7,천명
202603,취업자,세종특별자치시,-상용근로자,,,152,천명
202604,취업자,세종특별자치시,-상용근로자,,,152,천명
202605,취업자,세종특별자치시,-상용근로자,,,152.7,천명
202606,취업자,세종특별자치시,-상용근로자,,,152.9,천명
202607,취업자,세종특별자치시,-상용근로자,,,153.9,천명
202608,취업자,세종특별자치시,-상용근로자,,,152.9,천명
202301,취업자,세종특별자치시,-임시근로자,,,16.3,천명
202302,취업자,세종특별자치시,-임시근로자,,,16.3,천명
202303,취업자,세종특별자치시,-임시근로자,,,17,천명
202304,취업자,세종특별자치시,-임시근로자,,,18.4,천명
202305,취업자,세종특별자치시,-임시근로자,,,19.3,천명
202306,취업자,세종특별자치시,-임시근로자,,,19.3,천명
202307,취업자,세종특별자치시,-임시근로자,,,18.4,천명
202308,취업자,세종특별자치시,-임시근로자,,,20.6,천명
202309,취업자,세종특별자치시,-임시근로자,,,20,천명
202310,취업자,세종특별자치시,-임시근로자,,,21.4,천명
202311,취업자,세종특별자치시,-임시근로자,,,20.6,천명
202312,취업자,세종특별자치시,-임시근로자,,,19,천명
202401,취업자,세종특별자치시,-임시근로자,,,19,천명
202402,취업자,세종특별자치시,-임시근로자,,,19.1,천명
202403,취업자,세종특별자치시,-임시근로자,,,21.4,천명
202404,취업자,세종특별자치시,-임시근로자,,,23.3,천명
202405,취업자,세종특별자치시,-임시근로자,,,23.2,천명
202406,취업자,세종특별자치시,-임시근로자,,,22.8,천명
202407,취업자,세종특별자치시,-임시근로자,,,21.7,천명
202408,취업자,세종특별자치시,-임시근로자,,,21.7,천명
202409,취업자,세종특별자치시,-임시근로자,,,23.2,천명
202410,취업자,세종특별자치시,-임시근로자,,,22.3,천명
202411,취업자,세종특별자치시,-임시근로자,,,22.7,천명
202412,취업자,세종특별자치시,-임시근로자,,,20.2,천명
202501,취업자,세종특별자치시,-임시근로자,,,17.3,천명
202502,취업자,세종특별자치시,-임시근로자,,,17.8,천명
202503,취업자,세종특별자치시,-임시근로자,,,19.6,천명
202504,취업자,세종특별자치시,-임시근로자,,,20,천명
202505,취업자,세종특별자치시,-임시근로자,,,21,천명
202506,취업자,세종특별자치시,-임시근로자,,,21.5,천명
202507,취업자,세종특별자치시,-임시근로자,,,21.9,천명
202508,취업자,세종특별자치시,-임시근로자,,,23.5,천명
202509,취업자,세종특별자치시,-임시근로자,,,23.9,천명
202510,취업자,세종특별자치시,-임시근로자,,,24.2,천명
202511,취업자,세종특별자치시,-임시근로자,,,24.3,천명
202512,취업자,세종특별자치시,-임시근로자,,,22.5,천명
202601,취업자,세종특별자치시,-임시근로자,,,21.2,천명
202602,취업자,세종특별자치시,-임시근로자,,,23.8,천명
202603,취업자,세종특별자치시,-임시근로자,,,26,천명
202604,취업자,세종특별자치시,-임시근로자,,,28.3,천명
202605,취업자,세종특별자치시,-임시근로자,,,28.3,천명
202606,취업자,세종특별자치시,-임시근로자,,,27.2,천명
202607,취업자,세종특별자치시,-임시근로자,,,26.7,천명
202608,취업자,세종특별자치시,-임시근로자,,,27.1,천명
202301,취업자,세종특별자치시,-일용근로자,,,2.8,천명
202302,취업자,세종특별자치시,-일용근로자,,,3,천명
202303,취업자,세종특별자치시,-일용근로자,,,3.2,천명
202304,취업자,세종특별자치시,-일용근로자,,,3.2,천명
202305,취업자,세종특별자치시,-일용근로자,,,2.7,천명
202306,취업자,세종특별자치시,-일용근로자,,,3.3,천명
202307,취업자,세종특별자치시,-일용근로자,,,2.6,천명
202308,취업자,세종특별자치시,-일용근로자,,,3,천명
202309,취업자,세종특별자치시,-일용근로자,,,3.3,천명
202310,취업자,세종특별자치시,-일용근로자,,,3,천명
202311,취업자,세종특별자치시,-일용근로자,,,3,천명
202312,취업자,세종특별자치시,-일용근로자,,,2.8,천명
202401,취업자,세종특별자치시,-일용근로자,,,3.1,천명
202402,취업자,세종특별자치시,-일용근로자,,,2.2,천명
202403,취업자,세종특별자치시,-일용근로자,,,2.9,천명
202404,취업자,세종특별자치시,-일용근로자,,,2.4,천명
202405,취업자,세종특별자치시,-일용근로자,,,2.4,천명
202406,취업자,세종특별자치시,-일용근로자,,,2.2,천명
202407,취업자,세종특별자치시,-일용근로자,,,2.4,천명
202408,취업자,세종특별자치시,-일용근로자,,,1.8,천명
202409,취업자,세종특별자치시,-일용근로자,,,2.3,천명
202410,취업자,세종특별자치시,-일용근로자,,,3,천명
202411,취업자,세종특별자치시,-일용근로자,,,2.7,천명
202412,취업자,세종특별자치시,-일용근로자,,,3.2,천명
202501,취업자,세종특별자치시,-일용근로자,,,3.1,천명
202502,취업자,세종특별자치시,-일용근로자,,,2.2,천명
202503,취업자,세종특별자치시,-일용근로자,,,2.2,천명
202504,취업자,세종특별자치시,-일용근로자,,,4.3,천명
202505,취업자,세종특별자치시,-일용근로자,,,2.8,천명
202506,취업자,세종특별자치시,-일용근로자,,,3.1,천명
202507,취업자,세종특별자치시,-일용근로자,,,2.3,천명
202508,취업자,세종특별자치시,-일용근로자,,,2.1,천명
202509,취업자,세종특별자치시,-일용근로자,,,2.5,천명
202510,취업자,세종특별자치시,-일용근로자,,,1.9,천명
202511,취업자,세종특별자치시,-일용근로자,,,2,천명
202512,취업자,세종특별자치시,-일용근로자,,,1.6,천명
202601,취업자,세종특별자치시,-일용근로자,,,3,천명
202602,취업자,세종특별자치시,-일용근로자,,,1.6,천명
202603,취업자,세종특별자치시,-일용근로자,,,2.9,천명
202604,취업자,세종특별자치시,-일용근로자,,,2.6,천명
202605,취업자,세종특별자치시,-일용근로자,,,3,천명
202606,취업자,세종특별자치시,-일용근로자,,,3.5,천명
202607,취업자,세종특별자치시,-일용근로자,,,3.1,천명
202608,취업자,세종특별자치시,-일용근로자,,,2.7,천명
202301,취업자,경기도,계,,,7403.2,천명
202302,취업자,경기도,계,,,7455.3,천명
202303,취업자,경기도,계,,,7569.6,천명
202304,취업자,경기도,계,,,7609.6,천명
202305,취업자,경기도,계,,,7751.7,천명
202306,취업자,경기도,계,,,7721.5,천명
202307,취업자,경기도,계,,,7731.3,천명
202308,취업자,경기도,계,,,7725.8,천명
202309,취업자,경기도,계,,,7724.2,천명
202310,취업자,경기도,계,,,7748,천명
202311,취업자,경기도,계,,,7752.4,천명
202312,취업자,경기도,계,,,7644.7,천명
202401,취업자,경기도,계,,,7483,천명
202402,취업자,경기도,계,,,7549.1,천명
202403,취업자,경기도,계,,,7643.2,천명
202404,취업자,경기도,계,,,7712.8,천명
202405,취업자,경기도,계,,,7824.6,천명
202406,취업자,경기도,계,,,7824.6,천명
202407,취업자,경기도,계,,,7828.1,천명
202408,취업자,경기도,계,,,7813.1,천명
202409,취업자,경기도,계,,,7827.5,천명
202410,취업자,경기도,계,,,7811.6,천명
202411,취업자,경기도,계,,,7801.6,천명
202412,취업자,경기도,계,,,7666.6,천명
202501,취업자,경기도,계,,,7599.6,천명
202502,취업자,경기도,계,,,7658.8,천명
202503,취업자,경기도,계,,,7794.2,천명
202504,취업자,경기도,계,,,7849.2,천명
202505,취업자,경기도,계,,,7908.7,천명
202506,취업자,경기도,계,,,7884,천명
202507,취업자,경기도,계,,,7842.2,천명
202508,취업자,경기도,계,,,7782.9,천명
202509,취업자,경기도,계,,,7834.3,천명
202510,취업자,경기도,계,,,7789.3,천명
202511,취업자,경기도,계,,,7799.6,천명
202512,취업자,경기도,계,,,7713.5,천명
202601,취업자,경기도,계,,,7648.9,천명
202602,취업자,경기도,계,,,7684.2,천명
202603,취업자,경기도,계,,,7758.1,천명
202604,취업자,경기도,계,,,7812.6,천명
202605,취업자,경기도,계,,,7829.6,천명
202606,취업자,경기도,계,,,7838.1,천명
202607,취업자,경기도,계,,,7854.3,천명
202608,취업자,경기도,계,,,7906.7,천명
202301,취업자,경기도,비임금근로자,,,1390.4,천명
202302,취업자,경기도,비임금근로자,,,1408.7,천명
202303,취업자,경기도,비임금근로자,,,1442.5,천명
202304,취업자,경기도,비임금근로자,,,1487.8,천명
202305,취업자,경기도,비임금근로자,,,1538,천명
202306,취업자,경기도,비임금근로자,,,1562.8,천명
202307,취업자,경기도,비임금근로자,,,1544,천명
202308,취업자,경기도,비임금근로자,,,1544.7,천명
202309,취업자,경기도,비임금근로자,,,1538,천명
202310,취업자,경기도,비임금근로자,,,1522.6,천명
202311,취업자,경기도,비임금근로자,,,1520.6,천명
202312,취업자,경기도,비임금근로자,,,1470.6,천명
202401,취업자,경기도,비임금근로자,,,1465.5,천명
202402,취업자,경기도,비임금근로자,,,1481.5,천명
202403,취업자,경기도,비임금근로자,,,1525.8,천명
202404,취업자,경기도,비임금근로자,,,1524.4,천명
202405,취업자,경기도,비임금근로자,,,1555.7,천명
202406,취업자,경기도,비임금근로자,,,1553.3,천명
202407,취업자,경기도,비임금근로자,,,1555.9,천명
202408,취업자,경기도,비임금근로자,,,1583,천명
202409,취업자,경기도,비임금근로자,,,1589.6,천명
202410,취업자,경기도,비임금근로자,,,1591.6,천명
202411,취업자,경기도,비임금근로자,,,1546.2,천명
202412,취업자,경기도,비임금근로자,,,1489.1,천명
202501,취업자,경기도,비임금근로자,,,1448.7,천명
202502,취업자,경기도,비임금근로자,,,1434.1,천명
202503,취업자,경기도,비임금근로자,,,1439.1,천명
202504,취업자,경기도,비임금근로자,,,1456.7,천명
202505,취업자,경기도,비임금근로자,,,1495.5,천명
202506,취업자,경기도,비임금근로자,,,1471.5,천명
202507,취업자,경기도,비임금근로자,,,1463.8,천명
202508,취업자,경기도,비임금근로자,,,1463.1,천명
202509,취업자,경기도,비임금근로자,,,1468.7,천명
202510,취업자,경기도,비임금근로자,,,1466.6,천명
202511,취업자,경기도,비임금근로자,,,1474.6,천명
202512,취업자,경기도,비임금근로자,,,1432.5,천명
202601,취업자,경기도,비임금근로자,,,1418.4,천명
202602,취업자,경기도,비임금근로자,,,1442.2,천명
202603,취업자,경기도,비임금근로자,,,1486.1,천명
202604,취업자,경기도,비임금근로자,,,1512.5,천명
202605,취업자,경기도,비임금근로자,,,1515.2,천명
202606,취업자,경기도,비임금근로자,,,1523.5,천명
202607,취업자,경기도,비임금근로자,,,1521.8,천명
202608,취업자,경기도,비임금근로자,,,1503.9,천명
202301,취업자,경기도,*자영업자,,,1274.3,천명
202302,취업자,경기도,*자영업자,,,1293.2,천명
202303,취업자,경기도,*자영업자,,,1316.4,천명
202304,취업자,경기도,*자영업자,,,1353.1,천명
202305,취업자,경기도,*자영업자,,,1393.9,천명
202306,취업자,경기도,*자영업자,,,1423.9,천명
202307,취업자,경기도,*자영업자,,,1404.9,천명
202308,취업자,경기도,*자영업자,,,1407.7,천명
202309,취업자,경기도,*자영업자,,,1400.4,천명
202310,취업자,경기도,*자영업자,,,1385,천명
202311,취업자,경기도,*자영업자,,,1382.1,천명
202312,취업자,경기도,*자영업자,,,1346.5,천명
202401,취업자,경기도,*자영업자,,,1336,천명
202402,취업자,경기도,*자영업자,,,1347.9,천명
202403,취업자,경기도,*자영업자,,,1378.4,천명
202404,취업자,경기도,*자영업자,,,1374.1,천명
202405,취업자,경기도,*자영업자,,,1398.9,천명
202406,취업자,경기도,*자영업자,,,1402.2,천명
202407,취업자,경기도,*자영업자,,,1411.2,천명
202408,취업자,경기도,*자영업자,,,1437.7,천명
202409,취업자,경기도,*자영업자,,,1442.1,천명
202410,취업자,경기도,*자영업자,,,1448.8,천명
202411,취업자,경기도,*자영업자,,,1407,천명
202412,취업자,경기도,*자영업자,,,1362.8,천명
202501,취업자,경기도,*자영업자,,,1328.5,천명
202502,취업자,경기도,*자영업자,,,1315.8,천명
202503,취업자,경기도,*자영업자,,,1319.7,천명
202504,취업자,경기도,*자영업자,,,1331.9,천명
202505,취업자,경기도,*자영업자,,,1362.8,천명
202506,취업자,경기도,*자영업자,,,1339.6,천명
202507,취업자,경기도,*자영업자,,,1335.3,천명
202508,취업자,경기도,*자영업자,,,1334.7,천명
202509,취업자,경기도,*자영업자,,,1340.7,천명
202510,취업자,경기도,*자영업자,,,1335.1,천명
202511,취업자,경기도,*자영업자,,,1355.8,천명
202512,취업자,경기도,*자영업자,,,1322.6,천명
202601,취업자,경기도,*자영업자,,,1310.1,천명
202602,취업자,경기도,*자영업자,,,1331.1,천명
202603,취업자,경기도,*자영업자,,,1359.8,천명
202604,취업자,경기도,*자영업자,,,1380.6,천명
202605,취업자,경기도,*자영업자,,,1384.2,천명
202606,취업자,경기도,*자영업자,,,1394.1,천명
202607,취업자,경기도,*자영업자,,,1389.5,천명
202608,취업자,경기도,*자영업자,,,1379,천명
202301,취업자,경기도,-고용원이 있는 자영업자,,,368.9,천명
202302,취업자,경기도,-고용원이 있는 자영업자,,,373.5,천명
202303,취업자,경기도,-고용원이 있는 자영업자,,,379.8,천명
202304,취업자,경기도,-고용원이 있는 자영업자,,,372.7,천명
202305,취업자,경기도,-고용원이 있는 자영업자,,,383.9,천명
202306,취업자,경기도,-고용원이 있는 자영업자,,,380.5,천명
202307,취업자,경기도,-고용원이 있는 자영업자,,,382.2,천명
202308,취업자,경기도,-고용원이 있는 자영업자,,,398.7,천명
202309,취업자,경기도,-고용원이 있는 자영업자,,,394.5,천명
202310,취업자,경기도,-고용원이 있는 자영업자,,,397.7,천명
202311,취업자,경기도,-고용원이 있는 자영업자,,,402.6,천명
202312,취업자,경기도,-고용원이 있는 자영업자,,,386.8,천명
202401,취업자,경기도,-고용원이 있는 자영업자,,,399.7,천명
202402,취업자,경기도,-고용원이 있는 자영업자,,,397,천명
202403,취업자,경기도,-고용원이 있는 자영업자,,,385.8,천명
202404,취업자,경기도,-고용원이 있는 자영업자,,,370.6,천명
202405,취업자,경기도,-고용원이 있는 자영업자,,,385.1,천명
202406,취업자,경기도,-고용원이 있는 자영업자,,,388.3,천명
202407,취업자,경기도,-고용원이 있는 자영업자,,,398.8,천명
202408,취업자,경기도,-고용원이 있는 자영업자,,,398.3,천명
202409,취업자,경기도,-고용원이 있는 자영업자,,,400.8,천명
202410,취업자,경기도,-고용원이 있는 자영업자,,,387.7,천명
202411,취업자,경기도,-고용원이 있는 자영업자,,,372,천명
202412,취업자,경기도,-고용원이 있는 자영업자,,,381.7,천명
202501,취업자,경기도,-고용원이 있는 자영업자,,,381,천명
202502,취업자,경기도,-고용원이 있는 자영업자,,,366.2,천명
202503,취업자,경기도,-고용원이 있는 자영업자,,,343,천명
202504,취업자,경기도,-고용원이 있는 자영업자,,,344.7,천명
202505,취업자,경기도,-고용원이 있는 자영업자,,,369.4,천명
202506,취업자,경기도,-고용원이 있는 자영업자,,,364.5,천명
202507,취업자,경기도,-고용원이 있는 자영업자,,,367.2,천명
202508,취업자,경기도,-고용원이 있는 자영업자,,,387.4,천명
202509,취업자,경기도,-고용원이 있는 자영업자,,,404.4,천명
202510,취업자,경기도,-고용원이 있는 자영업자,,,394.4,천명
202511,취업자,경기도,-고용원이 있는 자영업자,,,414.1,천명
202512,취업자,경기도,-고용원이 있는 자영업자,,,399.3,천명
202601,취업자,경기도,-고용원이 있는 자영업자,,,407,천명
202602,취업자,경기도,-고용원이 있는 자영업자,,,409.8,천명
202603,취업자,경기도,-고용원이 있는 자영업자,,,411,천명
202604,취업자,경기도,-고용원이 있는 자영업자,,,415.1,천명
202605,취업자,경기도,-고용원이 있는 자영업자,,,421,천명
202606,취업자,경기도,-고용원이 있는 자영업자,,,417.3,천명
202607,취업자,경기도,-고용원이 있는 자영업자,,,398.6,천명
202608,취업자,경기도,-고용원이 있는 자영업자,,,394.4,천명
202301,취업자,경기도,-고용원이 없는 자영업자,,,905.3,천명
202302,취업자,경기도,-고용원이 없는 자영업자,,,919.7,천명
202303,취업자,경기도,-고용원이 없는 자영업자,,,936.5,천명
202304,취업자,경기도,-고용원이 없는 자영업자,,,980.5,천명
202305,취업자,경기도,-고용원이 없는 자영업자,,,1010,천명
202306,취업자,경기도,-고용원이 없는 자영업자,,,1043.4,천명
202307,취업자,경기도,-고용원이 없는 자영업자,,,1022.7,천명
202308,취업자,경기도,-고용원이 없는 자영업자,,,1009.1,천명
202309,취업자,경기도,-고용원이 없는 자영업자,,,1005.8,천명
202310,취업자,경기도,-고용원이 없는 자영업자,,,987.3,천명
202311,취업자,경기도,-고용원이 없는 자영업자,,,979.5,천명
202312,취업자,경기도,-고용원이 없는 자영업자,,,959.7,천명
202401,취업자,경기도,-고용원이 없는 자영업자,,,936.3,천명
202402,취업자,경기도,-고용원이 없는 자영업자,,,950.9,천명
202403,취업자,경기도,-고용원이 없는 자영업자,,,992.6,천명
202404,취업자,경기도,-고용원이 없는 자영업자,,,1003.5,천명
202405,취업자,경기도,-고용원이 없는 자영업자,,,1013.9,천명
202406,취업자,경기도,-고용원이 없는 자영업자,,,1013.8,천명
202407,취업자,경기도,-고용원이 없는 자영업자,,,1012.4,천명
202408,취업자,경기도,-고용원이 없는 자영업자,,,1039.4,천명
202409,취업자,경기도,-고용원이 없는 자영업자,,,1041.3,천명
202410,취업자,경기도,-고용원이 없는 자영업자,,,1061.1,천명
202411,취업자,경기도,-고용원이 없는 자영업자,,,1034.9,천명
202412,취업자,경기도,-고용원이 없는 자영업자,,,981.2,천명
202501,취업자,경기도,-고용원이 없는 자영업자,,,947.4,천명
202502,취업자,경기도,-고용원이 없는 자영업자,,,949.6,천명
202503,취업자,경기도,-고용원이 없는 자영업자,,,976.7,천명
202504,취업자,경기도,-고용원이 없는 자영업자,,,987.2,천명
202505,취업자,경기도,-고용원이 없는 자영업자,,,993.5,천명
202506,취업자,경기도,-고용원이 없는 자영업자,,,975.1,천명
202507,취업자,경기도,-고용원이 없는 자영업자,,,968.1,천명
202508,취업자,경기도,-고용원이 없는 자영업자,,,947.3,천명
202509,취업자,경기도,-고용원이 없는 자영업자,,,936.3,천명
202510,취업자,경기도,-고용원이 없는 자영업자,,,940.7,천명
202511,취업자,경기도,-고용원이 없는 자영업자,,,941.7,천명
202512,취업자,경기도,-고용원이 없는 자영업자,,,923.3,천명
202601,취업자,경기도,-고용원이 없는 자영업자,,,903.1,천명
202602,취업자,경기도,-고용원이 없는 자영업자,,,921.3,천명
202603,취업자,경기도,-고용원이 없는 자영업자,,,948.8,천명
202604,취업자,경기도,-고용원이 없는 자영업자,,,965.5,천명
202605,취업자,경기도,-고용원이 없는 자영업자,,,963.3,천명
202606,취업자,경기도,-고용원이 없는 자영업자,,,976.8,천명
202607,취업자,경기도,-고용원이 없는 자영업자,,,990.9,천명
202608,취업자,경기도,-고용원이 없는 자영업자,,,984.6,천명
202301,취업자,경기도,-무급가족종사자,,,116.1,천명
202302,취업자,경기도,-무급가족종사자,,,115.5,천명
202303,취업자,경기도,-무급가족종사자,,,126.2,천명
202304,취업자,경기도,-무급가족종사자,,,134.7,천명
202305,취업자,경기도,-무급가족종사자,,,144.1,천명
202306,취업자,경기도,-무급가족종사자,,,138.9,천명
202307,취업자,경기도,-무급가족종사자,,,139.1,천명
202308,취업자,경기도,-무급가족종사자,,,136.9,천명
202309,취업자,경기도,-무급가족종사자,,,137.6,천명
202310,취업자,경기도,-무급가족종사자,,,137.5,천명
202311,취업자,경기도,-무급가족종사자,,,138.5,천명
202312,취업자,경기도,-무급가족종사자,,,124.1,천명
202401,취업자,경기도,-무급가족종사자,,,129.4,천명
202402,취업자,경기도,-무급가족종사자,,,133.7,천명
202403,취업자,경기도,-무급가족종사자,,,147.4,천명
202404,취업자,경기도,-무급가족종사자,,,150.3,천명
202405,취업자,경기도,-무급가족종사자,,,156.8,천명
202406,취업자,경기도,-무급가족종사자,,,151.2,천명
202407,취업자,경기도,-무급가족종사자,,,144.7,천명
202408,취업자,경기도,-무급가족종사자,,,145.2,천명
202409,취업자,경기도,-무급가족종사자,,,147.5,천명
202410,취업자,경기도,-무급가족종사자,,,142.8,천명
202411,취업자,경기도,-무급가족종사자,,,139.2,천명
202412,취업자,경기도,-무급가족종사자,,,126.3,천명
202501,취업자,경기도,-무급가족종사자,,,120.2,천명
202502,취업자,경기도,-무급가족종사자,,,118.2,천명
202503,취업자,경기도,-무급가족종사자,,,119.4,천명
202504,취업자,경기도,-무급가족종사자,,,124.8,천명
202505,취업자,경기도,-무급가족종사자,,,132.6,천명
202506,취업자,경기도,-무급가족종사자,,,131.9,천명
202507,취업자,경기도,-무급가족종사자,,,128.5,천명
202508,취업자,경기도,-무급가족종사자,,,128.4,천명
202509,취업자,경기도,-무급가족종사자,,,128,천명
202510,취업자,경기도,-무급가족종사자,,,131.5,천명
202511,취업자,경기도,-무급가족종사자,,,118.8,천명
202512,취업자,경기도,-무급가족종사자,,,109.9,천명
202601,취업자,경기도,-무급가족종사자,,,108.4,천명
202602,취업자,경기도,-무급가족종사자,,,111.2,천명
202603,취업자,경기도,-무급가족종사자,,,126.2,천명
202604,취업자,경기도,-무급가족종사자,,,131.9,천명
202605,취업자,경기도,-무급가족종사자,,,130.9,천명
202606,취업자,경기도,-무급가족종사자,,,129.4,천명
202607,취업자,경기도,-무급가족종사자,,,132.4,천명
202608,취업자,경기도,-무급가족종사자,,,124.9,천명
202301,취업자,경기도,임금근로자,,,6012.9,천명
202302,취업자,경기도,임금근로자,,,6046.6,천명
202303,취업자,경기도,임금근로자,,,6127.1,천명
202304,취업자,경기도,임금근로자,,,6121.8,천명
202305,취업자,경기도,임금근로자,,,6213.7,천명
202306,취업자,경기도,임금근로자,,,6158.7,천명
202307,취업자,경기도,임금근로자,,,6187.3,천명
202308,취업자,경기도,임금근로자,,,6181.1,천명
202309,취업자,경기도,임금근로자,,,6186.2,천명
202310,취업자,경기도,임금근로자,,,6225.4,천명
202311,취업자,경기도,임금근로자,,,6231.8,천명
202312,취업자,경기도,임금근로자,,,6174.1,천명
202401,취업자,경기도,임금근로자,,,6017.6,천명
202402,취업자,경기도,임금근로자,,,6067.6,천명
202403,취업자,경기도,임금근로자,,,6117.3,천명
202404,취업자,경기도,임금근로자,,,6188.4,천명
202405,취업자,경기도,임금근로자,,,6268.8,천명
202406,취업자,경기도,임금근로자,,,6271.3,천명
202407,취업자,경기도,임금근로자,,,6272.2,천명
202408,취업자,경기도,임금근로자,,,6230.2,천명
202409,취업자,경기도,임금근로자,,,6237.9,천명
202410,취업자,경기도,임금근로자,,,6220,천명
202411,취업자,경기도,임금근로자,,,6255.4,천명
202412,취업자,경기도,임금근로자,,,6177.5,천명
202501,취업자,경기도,임금근로자,,,6150.9,천명
202502,취업자,경기도,임금근로자,,,6224.7,천명
202503,취업자,경기도,임금근로자,,,6355.1,천명
202504,취업자,경기도,임금근로자,,,6392.5,천명
202505,취업자,경기도,임금근로자,,,6413.2,천명
202506,취업자,경기도,임금근로자,,,6412.5,천명
202507,취업자,경기도,임금근로자,,,6378.3,천명
202508,취업자,경기도,임금근로자,,,6319.8,천명
202509,취업자,경기도,임금근로자,,,6365.6,천명
202510,취업자,경기도,임금근로자,,,6322.7,천명
202511,취업자,경기도,임금근로자,,,6325,천명
202512,취업자,경기도,임금근로자,,,6281,천명
202601,취업자,경기도,임금근로자,,,6230.5,천명
202602,취업자,경기도,임금근로자,,,6242,천명
202603,취업자,경기도,임금근로자,,,6272.1,천명
202604,취업자,경기도,임금근로자,,,6300.1,천명
202605,취업자,경기도,임금근로자,,,6314.5,천명
202606,취업자,경기도,임금근로자,,,6314.7,천명
202607,취업자,경기도,임금근로자,,,6332.5,천명
202608,취업자,경기도,임금근로자,,,6402.9,천명
202301,취업자,경기도,-상용근로자,,,4632.6,천명
202302,취업자,경기도,-상용근로자,,,4630.8,천명
202303,취업자,경기도,-상용근로자,,,4673.6,천명
202304,취업자,경기도,-상용근로자,,,4693.8,천명
202305,취업자,경기도,-상용근로자,,,4736.9,천명
202306,취업자,경기도,-상용근로자,,,4685.5,천명
202307,취업자,경기도,-상용근로자,,,4732.4,천명
202308,취업자,경기도,-상용근로자,,,4687.9,천명
202309,취업자,경기도,-상용근로자,,,4677,천명
202310,취업자,경기도,-상용근로자,,,4695.1,천명
202311,취업자,경기도,-상용근로자,,,4690.2,천명
202312,취업자,경기도,-상용근로자,,,4677.3,천명
202401,취업자,경기도,-상용근로자,,,4623.2,천명
202402,취업자,경기도,-상용근로자,,,4638.1,천명
202403,취업자,경기도,-상용근로자,,,4668.4,천명
202404,취업자,경기도,-상용근로자,,,4684.6,천명
202405,취업자,경기도,-상용근로자,,,4684.9,천명
202406,취업자,경기도,-상용근로자,,,4709.4,천명
202407,취업자,경기도,-상용근로자,,,4728.4,천명
202408,취업자,경기도,-상용근로자,,,4682,천명
202409,취업자,경기도,-상용근로자,,,4687.7,천명
202410,취업자,경기도,-상용근로자,,,4675.4,천명
202411,취업자,경기도,-상용근로자,,,4731.4,천명
202412,취업자,경기도,-상용근로자,,,4742.7,천명
202501,취업자,경기도,-상용근로자,,,4778.2,천명
202502,취업자,경기도,-상용근로자,,,4815.8,천명
202503,취업자,경기도,-상용근로자,,,4852.1,천명
202504,취업자,경기도,-상용근로자,,,4862,천명
202505,취업자,경기도,-상용근로자,,,4843.6,천명
202506,취업자,경기도,-상용근로자,,,4824.9,천명
202507,취업자,경기도,-상용근로자,,,4803.9,천명
202508,취업자,경기도,-상용근로자,,,4781,천명
202509,취업자,경기도,-상용근로자,,,4774.2,천명
202510,취업자,경기도,-상용근로자,,,4732,천명
202511,취업자,경기도,-상용근로자,,,4768.1,천명
202512,취업자,경기도,-상용근로자,,,4761.4,천명
202601,취업자,경기도,-상용근로자,,,4773.5,천명
202602,취업자,경기도,-상용근로자,,,4775,천명
202603,취업자,경기도,-상용근로자,,,4809,천명
202604,취업자,경기도,-상용근로자,,,4813.3,천명
202605,취업자,경기도,-상용근로자,,,4798.2,천명
202606,취업자,경기도,-상용근로자,,,4818.7,천명
202607,취업자,경기도,-상용근로자,,,4834.8,천명
202608,취업자,경기도,-상용근로자,,,4886.5,천명
202301,취업자,경기도,-임시근로자,,,1097.4,천명
202302,취업자,경기도,-임시근로자,,,1115.1,천명
202303,취업자,경기도,-임시근로자,,,1163.9,천명
202304,취업자,경기도,-임시근로자,,,1149.6,천명
202305,취업자,경기도,-임시근로자,,,1184.3,천명
202306,취업자,경기도,-임시근로자,,,1195.1,천명
202307,취업자,경기도,-임시근로자,,,1194,천명
202308,취업자,경기도,-임시근로자,,,1207.6,천명
202309,취업자,경기도,-임시근로자,,,1199.4,천명
202310,취업자,경기도,-임시근로자,,,1228.5,천명
202311,취업자,경기도,-임시근로자,,,1226.7,천명
202312,취업자,경기도,-임시근로자,,,1191.1,천명
202401,취업자,경기도,-임시근로자,,,1133.8,천명
202402,취업자,경기도,-임시근로자,,,1178.4,천명
202403,취업자,경기도,-임시근로자,,,1186.5,천명
202404,취업자,경기도,-임시근로자,,,1249.8,천명
202405,취업자,경기도,-임시근로자,,,1309.5,천명
202406,취업자,경기도,-임시근로자,,,1287.9,천명
202407,취업자,경기도,-임시근로자,,,1272.8,천명
202408,취업자,경기도,-임시근로자,,,1295.4,천명
202409,취업자,경기도,-임시근로자,,,1297.3,천명
202410,취업자,경기도,-임시근로자,,,1302.9,천명
202411,취업자,경기도,-임시근로자,,,1281.9,천명
202412,취업자,경기도,-임시근로자,,,1215.4,천명
202501,취업자,경기도,-임시근로자,,,1162.7,천명
202502,취업자,경기도,-임시근로자,,,1209.9,천명
202503,취업자,경기도,-임시근로자,,,1284.1,천명
202504,취업자,경기도,-임시근로자,,,1287.2,천명
202505,취업자,경기도,-임시근로자,,,1324.4,천명
202506,취업자,경기도,-임시근로자,,,1326.2,천명
202507,취업자,경기도,-임시근로자,,,1310.7,천명
202508,취업자,경기도,-임시근로자,,,1286.7,천명
202509,취업자,경기도,-임시근로자,,,1320.7,천명
202510,취업자,경기도,-임시근로자,,,1326.5,천명
202511,취업자,경기도,-임시근로자,,,1277.2,천명
202512,취업자,경기도,-임시근로자,,,1226.8,천명
202601,취업자,경기도,-임시근로자,,,1176.8,천명
202602,취업자,경기도,-임시근로자,,,1187.1,천명
202603,취업자,경기도,-임시근로자,,,1188.7,천명
202604,취업자,경기도,-임시근로자,,,1195.7,천명
202605,취업자,경기도,-임시근로자,,,1211.6,천명
202606,취업자,경기도,-임시근로자,,,1221.9,천명
202607,취업자,경기도,-임시근로자,,,1246.7,천명
202608,취업자,경기도,-임시근로자,,,1263.4,천명
202301,취업자,경기도,-일용근로자,,,282.9,천명
202302,취업자,경기도,-일용근로자,,,300.7,천명
202303,취업자,경기도,-일용근로자,,,289.6,천명
202304,취업자,경기도,-일용근로자,,,278.4,천명
202305,취업자,경기도,-일용근로자,,,292.6,천명
202306,취업자,경기도,-일용근로자,,,278.1,천명
202307,취업자,경기도,-일용근로자,,,260.9,천명
202308,취업자,경기도,-일용근로자,,,285.7,천명
202309,취업자,경기도,-일용근로자,,,309.8,천명
202310,취업자,경기도,-일용근로자,,,301.8,천명
202311,취업자,경기도,-일용근로자,,,314.9,천명
202312,취업자,경기도,-일용근로자,,,305.6,천명
202401,취업자,경기도,-일용근로자,,,260.6,천명
202402,취업자,경기도,-일용근로자,,,251,천명
202403,취업자,경기도,-일용근로자,,,262.5,천명
202404,취업자,경기도,-일용근로자,,,254,천명
202405,취업자,경기도,-일용근로자,,,274.4,천명
202406,취업자,경기도,-일용근로자,,,274,천명
202407,취업자,경기도,-일용근로자,,,271,천명
202408,취업자,경기도,-일용근로자,,,252.8,천명
202409,취업자,경기도,-일용근로자,,,252.9,천명
202410,취업자,경기도,-일용근로자,,,241.8,천명
202411,취업자,경기도,-일용근로자,,,242.1,천명
202412,취업자,경기도,-일용근로자,,,219.4,천명
202501,취업자,경기도,-일용근로자,,,210.1,천명
202502,취업자,경기도,-일용근로자,,,198.9,천명
202503,취업자,경기도,-일용근로자,,,218.9,천명
202504,취업자,경기도,-일용근로자,,,243.3,천명
202505,취업자,경기도,-일용근로자,,,245.2,천명
202506,취업자,경기도,-일용근로자,,,261.5,천명
202507,취업자,경기도,-일용근로자,,,263.8,천명
202508,취업자,경기도,-일용근로자,,,252,천명
202509,취업자,경기도,-일용근로자,,,270.7,천명
202510,취업자,경기도,-일용근로자,,,264.1,천명
202511,취업자,경기도,-일용근로자,,,279.7,천명
202512,취업자,경기도,-일용근로자,,,292.8,천명
202601,취업자,경기도,-일용근로자,,,280.1,천명
202602,취업자,경기도,-일용근로자,,,279.9,천명
202603,취업자,경기도,-일용근로자,,,274.4,천명
202604,취업자,경기도,-일용근로자,,,291.1,천명
202605,취업자,경기도,-일용근로자,,,304.6,천명
202606,취업자,경기도,-일용근로자,,,274,천명
202607,취업자,경기도,-일용근로자,,,250.9,천명
202608,취업자,경기도,-일용근로자,,,252.9,천명
202301,취업자,강원특별자치도,계,,,740.5,천명
202302,취업자,강원특별자치도,계,,,786.3,천명
202303,취업자,강원특별자치도,계,,,832.5,천명
202304,취업자,강원특별자치도,계,,,860.8,천명
202305,취업자,강원특별자치도,계,,,877.9,천명
202306,취업자,강원특별자치도,계,,,875.4,천명
202307,취업자,강원특별자치도,계,,,866.8,천명
202308,취업자,강원특별자치도,계,,,870.8,천명
202309,취업자,강원특별자치도,계,,,868.4,천명
202310,취업자,강원특별자치도,계,,,867.1,천명
202311,취업자,강원특별자치도,계,,,857.4,천명
202312,취업자,강원특별자치도,계,,,784.2,천명
202401,취업자,강원특별자치도,계,,,754.7,천명
202402,취업자,강원특별자치도,계,,,779.5,천명
202403,취업자,강원특별자치도,계,,,815.5,천명
202404,취업자,강원특별자치도,계,,,862.6,천명
202405,취업자,강원특별자치도,계,,,878.3,천명
202406,취업자,강원특별자치도,계,,,875.3,천명
202407,취업자,강원특별자치도,계,,,882.6,천명
202408,취업자,강원특별자치도,계,,,877.7,천명
202409,취업자,강원특별자치도,계,,,873.5,천명
202410,취업자,강원특별자치도,계,,,879.1,천명
202411,취업자,강원특별자치도,계,,,876.8,천명
202412,취업자,강원특별자치도,계,,,767.5,천명
202501,취업자,강원특별자치도,계,,,768.9,천명
202502,취업자,강원특별자치도,계,,,800.3,천명
202503,취업자,강원특별자치도,계,,,827.5,천명
202504,취업자,강원특별자치도,계,,,877.4,천명
202505,취업자,강원특별자치도,계,,,889.1,천명
202506,취업자,강원특별자치도,계,,,887,천명
202507,취업자,강원특별자치도,계,,,882.3,천명
202508,취업자,강원특별자치도,계,,,876.7,천명
202509,취업자,강원특별자치도,계,,,886.7,천명
202510,취업자,강원특별자치도,계,,,882,천명
202511,취업자,강원특별자치도,계,,,875.8,천명
202512,취업자,강원특별자치도,계,,,800,천명
202601,취업자,강원특별자치도,계,,,780.1,천명
202602,취업자,강원특별자치도,계,,,822.4,천명
202603,취업자,강원특별자치도,계,,,861.4,천명
202604,취업자,강원특별자치도,계,,,882.3,천명
202605,취업자,강원특별자치도,계,,,892.2,천명
202606,취업자,강원특별자치도,계,,,890.3,천명
202607,취업자,강원특별자치도,계,,,885.3,천명
202608,취업자,강원특별자치도,계,,,887.1,천명
202301,취업자,강원특별자치도,비임금근로자,,,206.6,천명
202302,취업자,강원특별자치도,비임금근로자,,,208.3,천명
202303,취업자,강원특별자치도,비임금근로자,,,231.7,천명
202304,취업자,강원특별자치도,비임금근로자,,,246.2,천명
202305,취업자,강원특별자치도,비임금근로자,,,254.8,천명
202306,취업자,강원특별자치도,비임금근로자,,,256.8,천명
202307,취업자,강원특별자치도,비임금근로자,,,257.3,천명
202308,취업자,강원특별자치도,비임금근로자,,,259.7,천명
202309,취업자,강원특별자치도,비임금근로자,,,256.3,천명
202310,취업자,강원특별자치도,비임금근로자,,,255.9,천명
202311,취업자,강원특별자치도,비임금근로자,,,244.9,천명
202312,취업자,강원특별자치도,비임금근로자,,,197.4,천명
202401,취업자,강원특별자치도,비임금근로자,,,188.7,천명
202402,취업자,강원특별자치도,비임금근로자,,,189.6,천명
202403,취업자,강원특별자치도,비임금근로자,,,211.9,천명
202404,취업자,강원특별자치도,비임금근로자,,,239.7,천명
202405,취업자,강원특별자치도,비임금근로자,,,248.3,천명
202406,취업자,강원특별자치도,비임금근로자,,,248.1,천명
202407,취업자,강원특별자치도,비임금근로자,,,254.9,천명
202408,취업자,강원특별자치도,비임금근로자,,,249.8,천명
202409,취업자,강원특별자치도,비임금근로자,,,257.8,천명
202410,취업자,강원특별자치도,비임금근로자,,,258.6,천명
202411,취업자,강원특별자치도,비임금근로자,,,257.3,천명
202412,취업자,강원특별자치도,비임금근로자,,,210.1,천명
202501,취업자,강원특별자치도,비임금근로자,,,204.6,천명
202502,취업자,강원특별자치도,비임금근로자,,,206.7,천명
202503,취업자,강원특별자치도,비임금근로자,,,225,천명
202504,취업자,강원특별자치도,비임금근로자,,,262.9,천명
202505,취업자,강원특별자치도,비임금근로자,,,270.9,천명
202506,취업자,강원특별자치도,비임금근로자,,,275.1,천명
202507,취업자,강원특별자치도,비임금근로자,,,275.5,천명
202508,취업자,강원특별자치도,비임금근로자,,,265.5,천명
202509,취업자,강원특별자치도,비임금근로자,,,264.1,천명
202510,취업자,강원특별자치도,비임금근로자,,,263.9,천명
202511,취업자,강원특별자치도,비임금근로자,,,257.1,천명
202512,취업자,강원특별자치도,비임금근로자,,,226.4,천명
202601,취업자,강원특별자치도,비임금근로자,,,214.8,천명
202602,취업자,강원특별자치도,비임금근로자,,,219.9,천명
202603,취업자,강원특별자치도,비임금근로자,,,237.9,천명
202604,취업자,강원특별자치도,비임금근로자,,,262.2,천명
202605,취업자,강원특별자치도,비임금근로자,,,266,천명
202606,취업자,강원특별자치도,비임금근로자,,,266.2,천명
202607,취업자,강원특별자치도,비임금근로자,,,269,천명
202608,취업자,강원특별자치도,비임금근로자,,,266.3,천명
202301,취업자,강원특별자치도,*자영업자,,,177.3,천명
202302,취업자,강원특별자치도,*자영업자,,,179.6,천명
202303,취업자,강원특별자치도,*자영업자,,,194.7,천명
202304,취업자,강원특별자치도,*자영업자,,,203.8,천명
202305,취업자,강원특별자치도,*자영업자,,,207.9,천명
202306,취업자,강원특별자치도,*자영업자,,,206.7,천명
202307,취업자,강원특별자치도,*자영업자,,,210.3,천명
202308,취업자,강원특별자치도,*자영업자,,,213.8,천명
202309,취업자,강원특별자치도,*자영업자,,,212.1,천명
202310,취업자,강원특별자치도,*자영업자,,,211.4,천명
202311,취업자,강원특별자치도,*자영업자,,,202.1,천명
202312,취업자,강원특별자치도,*자영업자,,,166.1,천명
202401,취업자,강원특별자치도,*자영업자,,,159.2,천명
202402,취업자,강원특별자치도,*자영업자,,,160.6,천명
202403,취업자,강원특별자치도,*자영업자,,,176.9,천명
202404,취업자,강원특별자치도,*자영업자,,,198,천명
202405,취업자,강원특별자치도,*자영업자,,,205.7,천명
202406,취업자,강원특별자치도,*자영업자,,,205.6,천명
202407,취업자,강원특별자치도,*자영업자,,,208.7,천명
202408,취업자,강원특별자치도,*자영업자,,,205.4,천명
202409,취업자,강원특별자치도,*자영업자,,,212.9,천명
202410,취업자,강원특별자치도,*자영업자,,,213.3,천명
202411,취업자,강원특별자치도,*자영업자,,,212.6,천명
202412,취업자,강원특별자치도,*자영업자,,,181.7,천명
202501,취업자,강원특별자치도,*자영업자,,,179.9,천명
202502,취업자,강원특별자치도,*자영업자,,,179.5,천명
202503,취업자,강원특별자치도,*자영업자,,,194.2,천명
202504,취업자,강원특별자치도,*자영업자,,,216,천명
202505,취업자,강원특별자치도,*자영업자,,,222.3,천명
202506,취업자,강원특별자치도,*자영업자,,,222.2,천명
202507,취업자,강원특별자치도,*자영업자,,,219.3,천명
202508,취업자,강원특별자치도,*자영업자,,,210.6,천명
202509,취업자,강원특별자치도,*자영업자,,,210.2,천명
202510,취업자,강원특별자치도,*자영업자,,,210.5,천명
202511,취업자,강원특별자치도,*자영업자,,,203.6,천명
202512,취업자,강원특별자치도,*자영업자,,,194.6,천명
202601,취업자,강원특별자치도,*자영업자,,,184.2,천명
202602,취업자,강원특별자치도,*자영업자,,,187.6,천명
202603,취업자,강원특별자치도,*자영업자,,,197.3,천명
202604,취업자,강원특별자치도,*자영업자,,,208.6,천명
202605,취업자,강원특별자치도,*자영업자,,,209.3,천명
202606,취업자,강원특별자치도,*자영업자,,,208.2,천명
202607,취업자,강원특별자치도,*자영업자,,,211.8,천명
202608,취업자,강원특별자치도,*자영업자,,,209,천명
202301,취업자,강원특별자치도,-고용원이 있는 자영업자,,,47.9,천명
202302,취업자,강원특별자치도,-고용원이 있는 자영업자,,,47.2,천명
202303,취업자,강원특별자치도,-고용원이 있는 자영업자,,,47.6,천명
202304,취업자,강원특별자치도,-고용원이 있는 자영업자,,,46.3,천명
202305,취업자,강원특별자치도,-고용원이 있는 자영업자,,,46.6,천명
202306,취업자,강원특별자치도,-고용원이 있는 자영업자,,,47,천명
202307,취업자,강원특별자치도,-고용원이 있는 자영업자,,,47,천명
202308,취업자,강원특별자치도,-고용원이 있는 자영업자,,,47.7,천명
202309,취업자,강원특별자치도,-고용원이 있는 자영업자,,,47.4,천명
202310,취업자,강원특별자치도,-고용원이 있는 자영업자,,,48.4,천명
202311,취업자,강원특별자치도,-고용원이 있는 자영업자,,,46,천명
202312,취업자,강원특별자치도,-고용원이 있는 자영업자,,,45.5,천명
202401,취업자,강원특별자치도,-고용원이 있는 자영업자,,,43.8,천명
202402,취업자,강원특별자치도,-고용원이 있는 자영업자,,,44.1,천명
202403,취업자,강원특별자치도,-고용원이 있는 자영업자,,,42,천명
202404,취업자,강원특별자치도,-고용원이 있는 자영업자,,,43.1,천명
202405,취업자,강원특별자치도,-고용원이 있는 자영업자,,,45.5,천명
202406,취업자,강원특별자치도,-고용원이 있는 자영업자,,,45.1,천명
202407,취업자,강원특별자치도,-고용원이 있는 자영업자,,,45.9,천명
202408,취업자,강원특별자치도,-고용원이 있는 자영업자,,,44.5,천명
202409,취업자,강원특별자치도,-고용원이 있는 자영업자,,,44.4,천명
202410,취업자,강원특별자치도,-고용원이 있는 자영업자,,,42.9,천명
202411,취업자,강원특별자치도,-고용원이 있는 자영업자,,,42.9,천명
202412,취업자,강원특별자치도,-고용원이 있는 자영업자,,,40.5,천명
202501,취업자,강원특별자치도,-고용원이 있는 자영업자,,,40.1,천명
202502,취업자,강원특별자치도,-고용원이 있는 자영업자,,,38.8,천명
202503,취업자,강원특별자치도,-고용원이 있는 자영업자,,,38.9,천명
202504,취업자,강원특별자치도,-고용원이 있는 자영업자,,,38,천명
202505,취업자,강원특별자치도,-고용원이 있는 자영업자,,,37.9,천명
202506,취업자,강원특별자치도,-고용원이 있는 자영업자,,,37.2,천명
202507,취업자,강원특별자치도,-고용원이 있는 자영업자,,,36.4,천명
202508,취업자,강원특별자치도,-고용원이 있는 자영업자,,,34.9,천명
202509,취업자,강원특별자치도,-고용원이 있는 자영업자,,,33.1,천명
202510,취업자,강원특별자치도,-고용원이 있는 자영업자,,,32.8,천명
202511,취업자,강원특별자치도,-고용원이 있는 자영업자,,,30.9,천명
202512,취업자,강원특별자치도,-고용원이 있는 자영업자,,,30.5,천명
202601,취업자,강원특별자치도,-고용원이 있는 자영업자,,,31,천명
202602,취업자,강원특별자치도,-고용원이 있는 자영업자,,,29.6,천명
202603,취업자,강원특별자치도,-고용원이 있는 자영업자,,,30.7,천명
202604,취업자,강원특별자치도,-고용원이 있는 자영업자,,,33.7,천명
202605,취업자,강원특별자치도,-고용원이 있는 자영업자,,,34.7,천명
202606,취업자,강원특별자치도,-고용원이 있는 자영업자,,,37.1,천명
202607,취업자,강원특별자치도,-고용원이 있는 자영업자,,,36.5,천명
202608,취업자,강원특별자치도,-고용원이 있는 자영업자,,,36.2,천명
202301,취업자,강원특별자치도,-고용원이 없는 자영업자,,,129.4,천명
202302,취업자,강원특별자치도,-고용원이 없는 자영업자,,,132.4,천명
202303,취업자,강원특별자치도,-고용원이 없는 자영업자,,,147.1,천명
202304,취업자,강원특별자치도,-고용원이 없는 자영업자,,,157.5,천명
202305,취업자,강원특별자치도,-고용원이 없는 자영업자,,,161.3,천명
202306,취업자,강원특별자치도,-고용원이 없는 자영업자,,,159.7,천명
202307,취업자,강원특별자치도,-고용원이 없는 자영업자,,,163.2,천명
202308,취업자,강원특별자치도,-고용원이 없는 자영업자,,,166,천명
202309,취업자,강원특별자치도,-고용원이 없는 자영업자,,,164.7,천명
202310,취업자,강원특별자치도,-고용원이 없는 자영업자,,,163.1,천명
202311,취업자,강원특별자치도,-고용원이 없는 자영업자,,,156.1,천명
202312,취업자,강원특별자치도,-고용원이 없는 자영업자,,,120.6,천명
202401,취업자,강원특별자치도,-고용원이 없는 자영업자,,,115.5,천명
202402,취업자,강원특별자치도,-고용원이 없는 자영업자,,,116.6,천명
202403,취업자,강원특별자치도,-고용원이 없는 자영업자,,,134.9,천명
202404,취업자,강원특별자치도,-고용원이 없는 자영업자,,,154.9,천명
202405,취업자,강원특별자치도,-고용원이 없는 자영업자,,,160.2,천명
202406,취업자,강원특별자치도,-고용원이 없는 자영업자,,,160.5,천명
202407,취업자,강원특별자치도,-고용원이 없는 자영업자,,,162.8,천명
202408,취업자,강원특별자치도,-고용원이 없는 자영업자,,,160.9,천명
202409,취업자,강원특별자치도,-고용원이 없는 자영업자,,,168.5,천명
202410,취업자,강원특별자치도,-고용원이 없는 자영업자,,,170.5,천명
202411,취업자,강원특별자치도,-고용원이 없는 자영업자,,,169.7,천명
202412,취업자,강원특별자치도,-고용원이 없는 자영업자,,,141.2,천명
202501,취업자,강원특별자치도,-고용원이 없는 자영업자,,,139.9,천명
202502,취업자,강원특별자치도,-고용원이 없는 자영업자,,,140.7,천명
202503,취업자,강원특별자치도,-고용원이 없는 자영업자,,,155.3,천명
202504,취업자,강원특별자치도,-고용원이 없는 자영업자,,,178,천명
202505,취업자,강원특별자치도,-고용원이 없는 자영업자,,,184.4,천명
202506,취업자,강원특별자치도,-고용원이 없는 자영업자,,,185,천명
202507,취업자,강원특별자치도,-고용원이 없는 자영업자,,,182.9,천명
202508,취업자,강원특별자치도,-고용원이 없는 자영업자,,,175.7,천명
202509,취업자,강원특별자치도,-고용원이 없는 자영업자,,,177.1,천명
202510,취업자,강원특별자치도,-고용원이 없는 자영업자,,,177.7,천명
202511,취업자,강원특별자치도,-고용원이 없는 자영업자,,,172.7,천명
202512,취업자,강원특별자치도,-고용원이 없는 자영업자,,,164.1,천명
202601,취업자,강원특별자치도,-고용원이 없는 자영업자,,,153.2,천명
202602,취업자,강원특별자치도,-고용원이 없는 자영업자,,,158,천명
202603,취업자,강원특별자치도,-고용원이 없는 자영업자,,,166.6,천명
202604,취업자,강원특별자치도,-고용원이 없는 자영업자,,,174.8,천명
202605,취업자,강원특별자치도,-고용원이 없는 자영업자,,,174.7,천명
202606,취업자,강원특별자치도,-고용원이 없는 자영업자,,,171.1,천명
202607,취업자,강원특별자치도,-고용원이 없는 자영업자,,,175.3,천명
202608,취업자,강원특별자치도,-고용원이 없는 자영업자,,,172.8,천명
202301,취업자,강원특별자치도,-무급가족종사자,,,29.3,천명
202302,취업자,강원특별자치도,-무급가족종사자,,,28.7,천명
202303,취업자,강원특별자치도,-무급가족종사자,,,37.1,천명
202304,취업자,강원특별자치도,-무급가족종사자,,,42.4,천명
202305,취업자,강원특별자치도,-무급가족종사자,,,46.8,천명
202306,취업자,강원특별자치도,-무급가족종사자,,,50.1,천명
202307,취업자,강원특별자치도,-무급가족종사자,,,47,천명
202308,취업자,강원특별자치도,-무급가족종사자,,,45.9,천명
202309,취업자,강원특별자치도,-무급가족종사자,,,44.2,천명
202310,취업자,강원특별자치도,-무급가족종사자,,,44.4,천명
202311,취업자,강원특별자치도,-무급가족종사자,,,42.8,천명
202312,취업자,강원특별자치도,-무급가족종사자,,,31.3,천명
202401,취업자,강원특별자치도,-무급가족종사자,,,29.5,천명
202402,취업자,강원특별자치도,-무급가족종사자,,,28.9,천명
202403,취업자,강원특별자치도,-무급가족종사자,,,35,천명
202404,취업자,강원특별자치도,-무급가족종사자,,,41.7,천명
202405,취업자,강원특별자치도,-무급가족종사자,,,42.6,천명
202406,취업자,강원특별자치도,-무급가족종사자,,,42.5,천명
202407,취업자,강원특별자치도,-무급가족종사자,,,46.1,천명
202408,취업자,강원특별자치도,-무급가족종사자,,,44.5,천명
202409,취업자,강원특별자치도,-무급가족종사자,,,44.9,천명
202410,취업자,강원특별자치도,-무급가족종사자,,,45.3,천명
202411,취업자,강원특별자치도,-무급가족종사자,,,44.8,천명
202412,취업자,강원특별자치도,-무급가족종사자,,,28.4,천명
202501,취업자,강원특별자치도,-무급가족종사자,,,24.6,천명
202502,취업자,강원특별자치도,-무급가족종사자,,,27.3,천명
202503,취업자,강원특별자치도,-무급가족종사자,,,30.8,천명
202504,취업자,강원특별자치도,-무급가족종사자,,,46.9,천명
202505,취업자,강원특별자치도,-무급가족종사자,,,48.6,천명
202506,취업자,강원특별자치도,-무급가족종사자,,,52.9,천명
202507,취업자,강원특별자치도,-무급가족종사자,,,56.2,천명
202508,취업자,강원특별자치도,-무급가족종사자,,,54.9,천명
202509,취업자,강원특별자치도,-무급가족종사자,,,53.9,천명
202510,취업자,강원특별자치도,-무급가족종사자,,,53.3,천명
202511,취업자,강원특별자치도,-무급가족종사자,,,53.5,천명
202512,취업자,강원특별자치도,-무급가족종사자,,,31.8,천명
202601,취업자,강원특별자치도,-무급가족종사자,,,30.6,천명
202602,취업자,강원특별자치도,-무급가족종사자,,,32.3,천명
202603,취업자,강원특별자치도,-무급가족종사자,,,40.5,천명
202604,취업자,강원특별자치도,-무급가족종사자,,,53.6,천명
202605,취업자,강원특별자치도,-무급가족종사자,,,56.7,천명
202606,취업자,강원특별자치도,-무급가족종사자,,,57.9,천명
202607,취업자,강원특별자치도,-무급가족종사자,,,57.2,천명
202608,취업자,강원특별자치도,-무급가족종사자,,,57.2,천명
202301,취업자,강원특별자치도,임금근로자,,,533.9,천명
202302,취업자,강원특별자치도,임금근로자,,,578,천명
202303,취업자,강원특별자치도,임금근로자,,,600.8,천명
202304,취업자,강원특별자치도,임금근로자,,,614.7,천명
202305,취업자,강원특별자치도,임금근로자,,,623.1,천명
202306,취업자,강원특별자치도,임금근로자,,,618.6,천명
202307,취업자,강원특별자치도,임금근로자,,,609.5,천명
202308,취업자,강원특별자치도,임금근로자,,,611.1,천명
202309,취업자,강원특별자치도,임금근로자,,,612.1,천명
202310,취업자,강원특별자치도,임금근로자,,,611.2,천명
202311,취업자,강원특별자치도,임금근로자,,,612.5,천명
202312,취업자,강원특별자치도,임금근로자,,,586.8,천명
202401,취업자,강원특별자치도,임금근로자,,,566,천명
202402,취업자,강원특별자치도,임금근로자,,,590,천명
202403,취업자,강원특별자치도,임금근로자,,,603.6,천명
202404,취업자,강원특별자치도,임금근로자,,,622.9,천명
202405,취업자,강원특별자치도,임금근로자,,,630,천명
202406,취업자,강원특별자치도,임금근로자,,,627.2,천명
202407,취업자,강원특별자치도,임금근로자,,,627.7,천명
202408,취업자,강원특별자치도,임금근로자,,,627.9,천명
202409,취업자,강원특별자치도,임금근로자,,,615.7,천명
202410,취업자,강원특별자치도,임금근로자,,,620.5,천명
202411,취업자,강원특별자치도,임금근로자,,,619.4,천명
202412,취업자,강원특별자치도,임금근로자,,,557.4,천명
202501,취업자,강원특별자치도,임금근로자,,,564.3,천명
202502,취업자,강원특별자치도,임금근로자,,,593.5,천명
202503,취업자,강원특별자치도,임금근로자,,,602.5,천명
202504,취업자,강원특별자치도,임금근로자,,,614.5,천명
202505,취업자,강원특별자치도,임금근로자,,,618.3,천명
202506,취업자,강원특별자치도,임금근로자,,,611.9,천명
202507,취업자,강원특별자치도,임금근로자,,,606.8,천명
202508,취업자,강원특별자치도,임금근로자,,,611.1,천명
202509,취업자,강원특별자치도,임금근로자,,,622.6,천명
202510,취업자,강원특별자치도,임금근로자,,,618.1,천명
202511,취업자,강원특별자치도,임금근로자,,,618.7,천명
202512,취업자,강원특별자치도,임금근로자,,,573.6,천명
202601,취업자,강원특별자치도,임금근로자,,,565.3,천명
202602,취업자,강원특별자치도,임금근로자,,,602.5,천명
202603,취업자,강원특별자치도,임금근로자,,,623.5,천명
202604,취업자,강원특별자치도,임금근로자,,,620.1,천명
202605,취업자,강원특별자치도,임금근로자,,,626.2,천명
202606,취업자,강원특별자치도,임금근로자,,,624.2,천명
202607,취업자,강원특별자치도,임금근로자,,,616.3,천명
202608,취업자,강원특별자치도,임금근로자,,,620.8,천명
202301,취업자,강원특별자치도,-상용근로자,,,397.3,천명
202302,취업자,강원특별자치도,-상용근로자,,,394.5,천명
202303,취업자,강원특별자치도,-상용근로자,,,401.6,천명
202304,취업자,강원특별자치도,-상용근로자,,,405.8,천명
202305,취업자,강원특별자치도,-상용근로자,,,409.4,천명
202306,취업자,강원특별자치도,-상용근로자,,,401.4,천명
202307,취업자,강원특별자치도,-상용근로자,,,403.8,천명
202308,취업자,강원특별자치도,-상용근로자,,,403.1,천명
202309,취업자,강원특별자치도,-상용근로자,,,405,천명
202310,취업자,강원특별자치도,-상용근로자,,,413.3,천명
202311,취업자,강원특별자치도,-상용근로자,,,413.4,천명
202312,취업자,강원특별자치도,-상용근로자,,,418.4,천명
202401,취업자,강원특별자치도,-상용근로자,,,421.6,천명
202402,취업자,강원특별자치도,-상용근로자,,,417.1,천명
202403,취업자,강원특별자치도,-상용근로자,,,420.6,천명
202404,취업자,강원특별자치도,-상용근로자,,,424.8,천명
202405,취업자,강원특별자치도,-상용근로자,,,430.4,천명
202406,취업자,강원특별자치도,-상용근로자,,,429.5,천명
202407,취업자,강원특별자치도,-상용근로자,,,426.6,천명
202408,취업자,강원특별자치도,-상용근로자,,,426.3,천명
202409,취업자,강원특별자치도,-상용근로자,,,426.3,천명
202410,취업자,강원특별자치도,-상용근로자,,,429.6,천명
202411,취업자,강원특별자치도,-상용근로자,,,422.8,천명
202412,취업자,강원특별자치도,-상용근로자,,,421.6,천명
202501,취업자,강원특별자치도,-상용근로자,,,416.4,천명
202502,취업자,강원특별자치도,-상용근로자,,,418.2,천명
202503,취업자,강원특별자치도,-상용근로자,,,417.6,천명
202504,취업자,강원특별자치도,-상용근로자,,,420.4,천명
202505,취업자,강원특별자치도,-상용근로자,,,414.1,천명
202506,취업자,강원특별자치도,-상용근로자,,,409.9,천명
202507,취업자,강원특별자치도,-상용근로자,,,406.6,천명
202508,취업자,강원특별자치도,-상용근로자,,,405.9,천명
202509,취업자,강원특별자치도,-상용근로자,,,409.3,천명
202510,취업자,강원특별자치도,-상용근로자,,,410.9,천명
202511,취업자,강원특별자치도,-상용근로자,,,413.3,천명
202512,취업자,강원특별자치도,-상용근로자,,,417.6,천명
202601,취업자,강원특별자치도,-상용근로자,,,416.3,천명
202602,취업자,강원특별자치도,-상용근로자,,,425.6,천명
202603,취업자,강원특별자치도,-상용근로자,,,429.2,천명
202604,취업자,강원특별자치도,-상용근로자,,,427.7,천명
202605,취업자,강원특별자치도,-상용근로자,,,429.7,천명
202606,취업자,강원특별자치도,-상용근로자,,,424.5,천명
202607,취업자,강원특별자치도,-상용근로자,,,423.1,천명
202608,취업자,강원특별자치도,-상용근로자,,,422.3,천명
202301,취업자,강원특별자치도,-임시근로자,,,113.3,천명
202302,취업자,강원특별자치도,-임시근로자,,,161.2,천명
202303,취업자,강원특별자치도,-임시근로자,,,165.6,천명
202304,취업자,강원특별자치도,-임시근로자,,,166.9,천명
202305,취업자,강원특별자치도,-임시근로자,,,167.9,천명
202306,취업자,강원특별자치도,-임시근로자,,,165.1,천명
202307,취업자,강원특별자치도,-임시근로자,,,166.4,천명
202308,취업자,강원특별자치도,-임시근로자,,,167.9,천명
202309,취업자,강원특별자치도,-임시근로자,,,163.2,천명
202310,취업자,강원특별자치도,-임시근로자,,,158.1,천명
202311,취업자,강원특별자치도,-임시근로자,,,161.4,천명
202312,취업자,강원특별자치도,-임시근로자,,,130.3,천명
202401,취업자,강원특별자치도,-임시근로자,,,116.9,천명
202402,취업자,강원특별자치도,-임시근로자,,,146.4,천명
202403,취업자,강원특별자치도,-임시근로자,,,153.8,천명
202404,취업자,강원특별자치도,-임시근로자,,,159.1,천명
202405,취업자,강원특별자치도,-임시근로자,,,159.1,천명
202406,취업자,강원특별자치도,-임시근로자,,,157.8,천명
202407,취업자,강원특별자치도,-임시근로자,,,165.2,천명
202408,취업자,강원특별자치도,-임시근로자,,,163.9,천명
202409,취업자,강원특별자치도,-임시근로자,,,154.9,천명
202410,취업자,강원특별자치도,-임시근로자,,,152,천명
202411,취업자,강원특별자치도,-임시근로자,,,158.9,천명
202412,취업자,강원특별자치도,-임시근로자,,,104.5,천명
202501,취업자,강원특별자치도,-임시근로자,,,124.3,천명
202502,취업자,강원특별자치도,-임시근로자,,,155.8,천명
202503,취업자,강원특별자치도,-임시근로자,,,163,천명
202504,취업자,강원특별자치도,-임시근로자,,,164.1,천명
202505,취업자,강원특별자치도,-임시근로자,,,167.2,천명
202506,취업자,강원특별자치도,-임시근로자,,,167.7,천명
202507,취업자,강원특별자치도,-임시근로자,,,169.6,천명
202508,취업자,강원특별자치도,-임시근로자,,,176.6,천명
202509,취업자,강원특별자치도,-임시근로자,,,178.6,천명
202510,취업자,강원특별자치도,-임시근로자,,,178.2,천명
202511,취업자,강원특별자치도,-임시근로자,,,176.8,천명
202512,취업자,강원특별자치도,-임시근로자,,,128.3,천명
202601,취업자,강원특별자치도,-임시근로자,,,127.5,천명
202602,취업자,강원특별자치도,-임시근로자,,,157.1,천명
202603,취업자,강원특별자치도,-임시근로자,,,169.7,천명
202604,취업자,강원특별자치도,-임시근로자,,,166.3,천명
202605,취업자,강원특별자치도,-임시근로자,,,171,천명
202606,취업자,강원특별자치도,-임시근로자,,,170.7,천명
202607,취업자,강원특별자치도,-임시근로자,,,163.3,천명
202608,취업자,강원특별자치도,-임시근로자,,,171.4,천명
202301,취업자,강원특별자치도,-일용근로자,,,23.3,천명
202302,취업자,강원특별자치도,-일용근로자,,,22.4,천명
202303,취업자,강원특별자치도,-일용근로자,,,33.6,천명
202304,취업자,강원특별자치도,-일용근로자,,,41.9,천명
202305,취업자,강원특별자치도,-일용근로자,,,45.8,천명
202306,취업자,강원특별자치도,-일용근로자,,,52.1,천명
202307,취업자,강원특별자치도,-일용근로자,,,39.3,천명
202308,취업자,강원특별자치도,-일용근로자,,,40.1,천명
202309,취업자,강원특별자치도,-일용근로자,,,43.9,천명
202310,취업자,강원특별자치도,-일용근로자,,,39.8,천명
202311,취업자,강원특별자치도,-일용근로자,,,37.7,천명
202312,취업자,강원특별자치도,-일용근로자,,,38.1,천명
202401,취업자,강원특별자치도,-일용근로자,,,27.5,천명
202402,취업자,강원특별자치도,-일용근로자,,,26.5,천명
202403,취업자,강원특별자치도,-일용근로자,,,29.2,천명
202404,취업자,강원특별자치도,-일용근로자,,,38.9,천명
202405,취업자,강원특별자치도,-일용근로자,,,40.4,천명
202406,취업자,강원특별자치도,-일용근로자,,,39.9,천명
202407,취업자,강원특별자치도,-일용근로자,,,36,천명
202408,취업자,강원특별자치도,-일용근로자,,,37.8,천명
202409,취업자,강원특별자치도,-일용근로자,,,34.6,천명
202410,취업자,강원특별자치도,-일용근로자,,,39,천명
202411,취업자,강원특별자치도,-일용근로자,,,37.8,천명
202412,취업자,강원특별자치도,-일용근로자,,,31.3,천명
202501,취업자,강원특별자치도,-일용근로자,,,23.6,천명
202502,취업자,강원특별자치도,-일용근로자,,,19.5,천명
202503,취업자,강원특별자치도,-일용근로자,,,21.9,천명
202504,취업자,강원특별자치도,-일용근로자,,,30,천명
202505,취업자,강원특별자치도,-일용근로자,,,37.1,천명
202506,취업자,강원특별자치도,-일용근로자,,,34.2,천명
202507,취업자,강원특별자치도,-일용근로자,,,30.7,천명
202508,취업자,강원특별자치도,-일용근로자,,,28.7,천명
202509,취업자,강원특별자치도,-일용근로자,,,34.6,천명
202510,취업자,강원특별자치도,-일용근로자,,,29,천명
202511,취업자,강원특별자치도,-일용근로자,,,28.7,천명
202512,취업자,강원특별자치도,-일용근로자,,,27.7,천명
202601,취업자,강원특별자치도,-일용근로자,,,21.5,천명
202602,취업자,강원특별자치도,-일용근로자,,,19.9,천명
202603,취업자,강원특별자치도,-일용근로자,,,24.7,천명
202604,취업자,강원특별자치도,-일용근로자,,,26.1,천명
202605,취업자,강원특별자치도,-일용근로자,,,25.5,천명
202606,취업자,강원특별자치도,-일용근로자,,,29,천명
202607,취업자,강원특별자치도,-일용근로자,,,30,천명
202608,취업자,강원특별자치도,-일용근로자,,,27.2,천명
202301,취업자,충청북도,계,,,874.9,천명
202302,취업자,충청북도,계,,,905,천명
202303,취업자,충청북도,계,,,944.8,천명
202304,취업자,충청북도,계,,,949.2,천명
202305,취업자,충청북도,계,,,954.5,천명
202306,취업자,충청북도,계,,,954.2,천명
202307,취업자,충청북도,계,,,948.1,천명
202308,취업자,충청북도,계,,,951.1,천명
202309,취업자,충청북도,계,,,952.8,천명
202310,취업자,충청북도,계,,,954.4,천명
202311,취업자,충청북도,계,,,945.6,천명
202312,취업자,충청북도,계,,,928.9,천명
202401,취업자,충청북도,계,,,907.4,천명
202402,취업자,충청북도,계,,,918,천명
202403,취업자,충청북도,계,,,941.4,천명
202404,취업자,충청북도,계,,,968.2,천명
202405,취업자,충청북도,계,,,969.5,천명
202406,취업자,충청북도,계,,,974.5,천명
202407,취업자,충청북도,계,,,965.3,천명
202408,취업자,충청북도,계,,,962.7,천명
202409,취업자,충청북도,계,,,956.4,천명
202410,취업자,충청북도,계,,,956.2,천명
202411,취업자,충청북도,계,,,958.9,천명
202412,취업자,충청북도,계,,,927,천명
202501,취업자,충청북도,계,,,923.3,천명
202502,취업자,충청북도,계,,,935.3,천명
202503,취업자,충청북도,계,,,972.6,천명
202504,취업자,충청북도,계,,,984,천명
202505,취업자,충청북도,계,,,993.4,천명
202506,취업자,충청북도,계,,,985.5,천명
202507,취업자,충청북도,계,,,983.5,천명
202508,취업자,충청북도,계,,,990.9,천명
202509,취업자,충청북도,계,,,996,천명
202510,취업자,충청북도,계,,,998.4,천명
202511,취업자,충청북도,계,,,993.2,천명
202512,취업자,충청북도,계,,,949.8,천명
202601,취업자,충청북도,계,,,935.1,천명
202602,취업자,충청북도,계,,,960.5,천명
202603,취업자,충청북도,계,,,970.9,천명
202604,취업자,충청북도,계,,,981.6,천명
202605,취업자,충청북도,계,,,994.5,천명
202606,취업자,충청북도,계,,,1000.6,천명
202607,취업자,충청북도,계,,,990.4,천명
202608,취업자,충청북도,계,,,988,천명
202301,취업자,충청북도,비임금근로자,,,250.9,천명
202302,취업자,충청북도,비임금근로자,,,257,천명
202303,취업자,충청북도,비임금근로자,,,267.7,천명
202304,취업자,충청북도,비임금근로자,,,269.7,천명
202305,취업자,충청북도,비임금근로자,,,272.7,천명
202306,취업자,충청북도,비임금근로자,,,278.1,천명
202307,취업자,충청북도,비임금근로자,,,281,천명
202308,취업자,충청북도,비임금근로자,,,282.1,천명
202309,취업자,충청북도,비임금근로자,,,275.1,천명
202310,취업자,충청북도,비임금근로자,,,276.3,천명
202311,취업자,충청북도,비임금근로자,,,262.6,천명
202312,취업자,충청북도,비임금근로자,,,247.5,천명
202401,취업자,충청북도,비임금근로자,,,245.2,천명
202402,취업자,충청북도,비임금근로자,,,245.8,천명
202403,취업자,충청북도,비임금근로자,,,260.6,천명
202404,취업자,충청북도,비임금근로자,,,273.8,천명
202405,취업자,충청북도,비임금근로자,,,274.6,천명
202406,취업자,충청북도,비임금근로자,,,276.3,천명
202407,취업자,충청북도,비임금근로자,,,273,천명
202408,취업자,충청북도,비임금근로자,,,278.8,천명
202409,취업자,충청북도,비임금근로자,,,275.8,천명
202410,취업자,충청북도,비임금근로자,,,274.4,천명
202411,취업자,충청북도,비임금근로자,,,272.4,천명
202412,취업자,충청북도,비임금근로자,,,255.5,천명
202501,취업자,충청북도,비임금근로자,,,252.9,천명
202502,취업자,충청북도,비임금근로자,,,256,천명
202503,취업자,충청북도,비임금근로자,,,267.5,천명
202504,취업자,충청북도,비임금근로자,,,271.9,천명
202505,취업자,충청북도,비임금근로자,,,275.9,천명
202506,취업자,충청북도,비임금근로자,,,276.4,천명
202507,취업자,충청북도,비임금근로자,,,283.9,천명
202508,취업자,충청북도,비임금근로자,,,286.1,천명
202509,취업자,충청북도,비임금근로자,,,284.3,천명
202510,취업자,충청북도,비임금근로자,,,279.5,천명
202511,취업자,충청북도,비임금근로자,,,269.9,천명
202512,취업자,충청북도,비임금근로자,,,248,천명
202601,취업자,충청북도,비임금근로자,,,250.4,천명
202602,취업자,충청북도,비임금근로자,,,251.9,천명
202603,취업자,충청북도,비임금근로자,,,260,천명
202604,취업자,충청북도,비임금근로자,,,266.2,천명
202605,취업자,충청북도,비임금근로자,,,273.8,천명
202606,취업자,충청북도,비임금근로자,,,276.2,천명
202607,취업자,충청북도,비임금근로자,,,277.2,천명
202608,취업자,충청북도,비임금근로자,,,281.5,천명
202301,취업자,충청북도,*자영업자,,,212.3,천명
202302,취업자,충청북도,*자영업자,,,211.6,천명
202303,취업자,충청북도,*자영업자,,,217.5,천명
202304,취업자,충청북도,*자영업자,,,217.1,천명
202305,취업자,충청북도,*자영업자,,,216.2,천명
202306,취업자,충청북도,*자영업자,,,219.2,천명
202307,취업자,충청북도,*자영업자,,,222.6,천명
202308,취업자,충청북도,*자영업자,,,223.4,천명
202309,취업자,충청북도,*자영업자,,,220.2,천명
202310,취업자,충청북도,*자영업자,,,218.5,천명
202311,취업자,충청북도,*자영업자,,,215.2,천명
202312,취업자,충청북도,*자영업자,,,211.6,천명
202401,취업자,충청북도,*자영업자,,,212.7,천명
202402,취업자,충청북도,*자영업자,,,210.9,천명
202403,취업자,충청북도,*자영업자,,,218.7,천명
202404,취업자,충청북도,*자영업자,,,225.4,천명
202405,취업자,충청북도,*자영업자,,,224.8,천명
202406,취업자,충청북도,*자영업자,,,224.6,천명
202407,취업자,충청북도,*자영업자,,,224.4,천명
202408,취업자,충청북도,*자영업자,,,227.2,천명
202409,취업자,충청북도,*자영업자,,,224.7,천명
202410,취업자,충청북도,*자영업자,,,223.2,천명
202411,취업자,충청북도,*자영업자,,,224.4,천명
202412,취업자,충청북도,*자영업자,,,218.1,천명
202501,취업자,충청북도,*자영업자,,,215.2,천명
202502,취업자,충청북도,*자영업자,,,218,천명
202503,취업자,충청북도,*자영업자,,,223.9,천명
202504,취업자,충청북도,*자영업자,,,221.9,천명
202505,취업자,충청북도,*자영업자,,,222.1,천명
202506,취업자,충청북도,*자영업자,,,224.4,천명
202507,취업자,충청북도,*자영업자,,,227.7,천명
202508,취업자,충청북도,*자영업자,,,228.7,천명
202509,취업자,충청북도,*자영업자,,,226.9,천명
202510,취업자,충청북도,*자영업자,,,223.5,천명
202511,취업자,충청북도,*자영업자,,,215.8,천명
202512,취업자,충청북도,*자영업자,,,205.9,천명
202601,취업자,충청북도,*자영업자,,,210.8,천명
202602,취업자,충청북도,*자영업자,,,211.7,천명
202603,취업자,충청북도,*자영업자,,,212.5,천명
202604,취업자,충청북도,*자영업자,,,216.8,천명
202605,취업자,충청북도,*자영업자,,,223.1,천명
202606,취업자,충청북도,*자영업자,,,225.4,천명
202607,취업자,충청북도,*자영업자,,,226,천명
202608,취업자,충청북도,*자영업자,,,230.6,천명
202301,취업자,충청북도,-고용원이 있는 자영업자,,,38.3,천명
202302,취업자,충청북도,-고용원이 있는 자영업자,,,38.1,천명
202303,취업자,충청북도,-고용원이 있는 자영업자,,,35.3,천명
202304,취업자,충청북도,-고용원이 있는 자영업자,,,33.7,천명
202305,취업자,충청북도,-고용원이 있는 자영업자,,,31.8,천명
202306,취업자,충청북도,-고용원이 있는 자영업자,,,32.8,천명
202307,취업자,충청북도,-고용원이 있는 자영업자,,,33.9,천명
202308,취업자,충청북도,-고용원이 있는 자영업자,,,33,천명
202309,취업자,충청북도,-고용원이 있는 자영업자,,,33.1,천명
202310,취업자,충청북도,-고용원이 있는 자영업자,,,33,천명
202311,취업자,충청북도,-고용원이 있는 자영업자,,,33.2,천명
202312,취업자,충청북도,-고용원이 있는 자영업자,,,31.9,천명
202401,취업자,충청북도,-고용원이 있는 자영업자,,,34.7,천명
202402,취업자,충청북도,-고용원이 있는 자영업자,,,32.9,천명
202403,취업자,충청북도,-고용원이 있는 자영업자,,,33.4,천명
202404,취업자,충청북도,-고용원이 있는 자영업자,,,33,천명
202405,취업자,충청북도,-고용원이 있는 자영업자,,,33.1,천명
202406,취업자,충청북도,-고용원이 있는 자영업자,,,35.8,천명
202407,취업자,충청북도,-고용원이 있는 자영업자,,,35.1,천명
202408,취업자,충청북도,-고용원이 있는 자영업자,,,36.3,천명
202409,취업자,충청북도,-고용원이 있는 자영업자,,,36.1,천명
202410,취업자,충청북도,-고용원이 있는 자영업자,,,35.6,천명
202411,취업자,충청북도,-고용원이 있는 자영업자,,,36.6,천명
202412,취업자,충청북도,-고용원이 있는 자영업자,,,37.5,천명
202501,취업자,충청북도,-고용원이 있는 자영업자,,,38.5,천명
202502,취업자,충청북도,-고용원이 있는 자영업자,,,38.6,천명
202503,취업자,충청북도,-고용원이 있는 자영업자,,,36.2,천명
202504,취업자,충청북도,-고용원이 있는 자영업자,,,32.9,천명
202505,취업자,충청북도,-고용원이 있는 자영업자,,,37.2,천명
202506,취업자,충청북도,-고용원이 있는 자영업자,,,39.9,천명
202507,취업자,충청북도,-고용원이 있는 자영업자,,,40.5,천명
202508,취업자,충청북도,-고용원이 있는 자영업자,,,39.5,천명
202509,취업자,충청북도,-고용원이 있는 자영업자,,,40.1,천명
202510,취업자,충청북도,-고용원이 있는 자영업자,,,39.4,천명
202511,취업자,충청북도,-고용원이 있는 자영업자,,,37.9,천명
202512,취업자,충청북도,-고용원이 있는 자영업자,,,39.3,천명
202601,취업자,충청북도,-고용원이 있는 자영업자,,,39.2,천명
202602,취업자,충청북도,-고용원이 있는 자영업자,,,40.4,천명
202603,취업자,충청북도,-고용원이 있는 자영업자,,,40.4,천명
202604,취업자,충청북도,-고용원이 있는 자영업자,,,43,천명
202605,취업자,충청북도,-고용원이 있는 자영업자,,,47.5,천명
202606,취업자,충청북도,-고용원이 있는 자영업자,,,47.6,천명
202607,취업자,충청북도,-고용원이 있는 자영업자,,,48.2,천명
202608,취업자,충청북도,-고용원이 있는 자영업자,,,48.8,천명
202301,취업자,충청북도,-고용원이 없는 자영업자,,,173.9,천명
202302,취업자,충청북도,-고용원이 없는 자영업자,,,173.5,천명
202303,취업자,충청북도,-고용원이 없는 자영업자,,,182.2,천명
202304,취업자,충청북도,-고용원이 없는 자영업자,,,183.4,천명
202305,취업자,충청북도,-고용원이 없는 자영업자,,,184.5,천명
202306,취업자,충청북도,-고용원이 없는 자영업자,,,186.4,천명
202307,취업자,충청북도,-고용원이 없는 자영업자,,,188.6,천명
202308,취업자,충청북도,-고용원이 없는 자영업자,,,190.4,천명
202309,취업자,충청북도,-고용원이 없는 자영업자,,,187.1,천명
202310,취업자,충청북도,-고용원이 없는 자영업자,,,185.4,천명
202311,취업자,충청북도,-고용원이 없는 자영업자,,,182,천명
202312,취업자,충청북도,-고용원이 없는 자영업자,,,179.7,천명
202401,취업자,충청북도,-고용원이 없는 자영업자,,,178,천명
202402,취업자,충청북도,-고용원이 없는 자영업자,,,178,천명
202403,취업자,충청북도,-고용원이 없는 자영업자,,,185.3,천명
202404,취업자,충청북도,-고용원이 없는 자영업자,,,192.4,천명
202405,취업자,충청북도,-고용원이 없는 자영업자,,,191.7,천명
202406,취업자,충청북도,-고용원이 없는 자영업자,,,188.8,천명
202407,취업자,충청북도,-고용원이 없는 자영업자,,,189.3,천명
202408,취업자,충청북도,-고용원이 없는 자영업자,,,190.9,천명
202409,취업자,충청북도,-고용원이 없는 자영업자,,,188.6,천명
202410,취업자,충청북도,-고용원이 없는 자영업자,,,187.6,천명
202411,취업자,충청북도,-고용원이 없는 자영업자,,,187.8,천명
202412,취업자,충청북도,-고용원이 없는 자영업자,,,180.6,천명
202501,취업자,충청북도,-고용원이 없는 자영업자,,,176.7,천명
202502,취업자,충청북도,-고용원이 없는 자영업자,,,179.4,천명
202503,취업자,충청북도,-고용원이 없는 자영업자,,,187.7,천명
202504,취업자,충청북도,-고용원이 없는 자영업자,,,189,천명
202505,취업자,충청북도,-고용원이 없는 자영업자,,,184.9,천명
202506,취업자,충청북도,-고용원이 없는 자영업자,,,184.5,천명
202507,취업자,충청북도,-고용원이 없는 자영업자,,,187.2,천명
202508,취업자,충청북도,-고용원이 없는 자영업자,,,189.2,천명
202509,취업자,충청북도,-고용원이 없는 자영업자,,,186.9,천명
202510,취업자,충청북도,-고용원이 없는 자영업자,,,184.1,천명
202511,취업자,충청북도,-고용원이 없는 자영업자,,,177.8,천명
202512,취업자,충청북도,-고용원이 없는 자영업자,,,166.6,천명
202601,취업자,충청북도,-고용원이 없는 자영업자,,,171.6,천명
202602,취업자,충청북도,-고용원이 없는 자영업자,,,171.2,천명
202603,취업자,충청북도,-고용원이 없는 자영업자,,,172.1,천명
202604,취업자,충청북도,-고용원이 없는 자영업자,,,173.8,천명
202605,취업자,충청북도,-고용원이 없는 자영업자,,,175.6,천명
202606,취업자,충청북도,-고용원이 없는 자영업자,,,177.8,천명
202607,취업자,충청북도,-고용원이 없는 자영업자,,,177.8,천명
202608,취업자,충청북도,-고용원이 없는 자영업자,,,181.7,천명
202301,취업자,충청북도,-무급가족종사자,,,38.7,천명
202302,취업자,충청북도,-무급가족종사자,,,45.5,천명
202303,취업자,충청북도,-무급가족종사자,,,50.2,천명
202304,취업자,충청북도,-무급가족종사자,,,52.6,천명
202305,취업자,충청북도,-무급가족종사자,,,56.5,천명
202306,취업자,충청북도,-무급가족종사자,,,58.8,천명
202307,취업자,충청북도,-무급가족종사자,,,58.4,천명
202308,취업자,충청북도,-무급가족종사자,,,58.7,천명
202309,취업자,충청북도,-무급가족종사자,,,54.8,천명
202310,취업자,충청북도,-무급가족종사자,,,57.8,천명
202311,취업자,충청북도,-무급가족종사자,,,47.5,천명
202312,취업자,충청북도,-무급가족종사자,,,36,천명
202401,취업자,충청북도,-무급가족종사자,,,32.5,천명
202402,취업자,충청북도,-무급가족종사자,,,34.9,천명
202403,취업자,충청북도,-무급가족종사자,,,41.8,천명
202404,취업자,충청북도,-무급가족종사자,,,48.3,천명
202405,취업자,충청북도,-무급가족종사자,,,49.8,천명
202406,취업자,충청북도,-무급가족종사자,,,51.7,천명
202407,취업자,충청북도,-무급가족종사자,,,48.5,천명
202408,취업자,충청북도,-무급가족종사자,,,51.6,천명
202409,취업자,충청북도,-무급가족종사자,,,51.1,천명
202410,취업자,충청북도,-무급가족종사자,,,51.3,천명
202411,취업자,충청북도,-무급가족종사자,,,48,천명
202412,취업자,충청북도,-무급가족종사자,,,37.4,천명
202501,취업자,충청북도,-무급가족종사자,,,37.7,천명
202502,취업자,충청북도,-무급가족종사자,,,38,천명
202503,취업자,충청북도,-무급가족종사자,,,43.5,천명
202504,취업자,충청북도,-무급가족종사자,,,50,천명
202505,취업자,충청북도,-무급가족종사자,,,53.9,천명
202506,취업자,충청북도,-무급가족종사자,,,52,천명
202507,취업자,충청북도,-무급가족종사자,,,56.2,천명
202508,취업자,충청북도,-무급가족종사자,,,57.4,천명
202509,취업자,충청북도,-무급가족종사자,,,57.3,천명
202510,취업자,충청북도,-무급가족종사자,,,56.1,천명
202511,취업자,충청북도,-무급가족종사자,,,54.1,천명
202512,취업자,충청북도,-무급가족종사자,,,42.1,천명
202601,취업자,충청북도,-무급가족종사자,,,39.6,천명
202602,취업자,충청북도,-무급가족종사자,,,40.3,천명
202603,취업자,충청북도,-무급가족종사자,,,47.5,천명
202604,취업자,충청북도,-무급가족종사자,,,49.4,천명
202605,취업자,충청북도,-무급가족종사자,,,50.7,천명
202606,취업자,충청북도,-무급가족종사자,,,50.8,천명
202607,취업자,충청북도,-무급가족종사자,,,51.2,천명
202608,취업자,충청북도,-무급가족종사자,,,50.9,천명
202301,취업자,충청북도,임금근로자,,,624,천명
202302,취업자,충청북도,임금근로자,,,648,천명
202303,취업자,충청북도,임금근로자,,,677.1,천명
202304,취업자,충청북도,임금근로자,,,679.6,천명
202305,취업자,충청북도,임금근로자,,,681.8,천명
202306,취업자,충청북도,임금근로자,,,676.2,천명
202307,취업자,충청북도,임금근로자,,,667.1,천명
202308,취업자,충청북도,임금근로자,,,669.1,천명
202309,취업자,충청북도,임금근로자,,,677.7,천명
202310,취업자,충청북도,임금근로자,,,678.1,천명
202311,취업자,충청북도,임금근로자,,,683,천명
202312,취업자,충청북도,임금근로자,,,681.4,천명
202401,취업자,충청북도,임금근로자,,,662.2,천명
202402,취업자,충청북도,임금근로자,,,672.2,천명
202403,취업자,충청북도,임금근로자,,,680.9,천명
202404,취업자,충청북도,임금근로자,,,694.4,천명
202405,취업자,충청북도,임금근로자,,,694.9,천명
202406,취업자,충청북도,임금근로자,,,698.2,천명
202407,취업자,충청북도,임금근로자,,,692.3,천명
202408,취업자,충청북도,임금근로자,,,684,천명
202409,취업자,충청북도,임금근로자,,,680.6,천명
202410,취업자,충청북도,임금근로자,,,681.8,천명
202411,취업자,충청북도,임금근로자,,,686.5,천명
202412,취업자,충청북도,임금근로자,,,671.5,천명
202501,취업자,충청북도,임금근로자,,,670.4,천명
202502,취업자,충청북도,임금근로자,,,679.3,천명
202503,취업자,충청북도,임금근로자,,,705.1,천명
202504,취업자,충청북도,임금근로자,,,712.1,천명
202505,취업자,충청북도,임금근로자,,,717.4,천명
202506,취업자,충청북도,임금근로자,,,709.1,천명
202507,취업자,충청북도,임금근로자,,,699.6,천명
202508,취업자,충청북도,임금근로자,,,704.8,천명
202509,취업자,충청북도,임금근로자,,,711.7,천명
202510,취업자,충청북도,임금근로자,,,718.9,천명
202511,취업자,충청북도,임금근로자,,,723.3,천명
202512,취업자,충청북도,임금근로자,,,701.8,천명
202601,취업자,충청북도,임금근로자,,,684.7,천명
202602,취업자,충청북도,임금근로자,,,708.5,천명
202603,취업자,충청북도,임금근로자,,,710.9,천명
202604,취업자,충청북도,임금근로자,,,715.4,천명
202605,취업자,충청북도,임금근로자,,,720.7,천명
202606,취업자,충청북도,임금근로자,,,724.4,천명
202607,취업자,충청북도,임금근로자,,,713.2,천명
202608,취업자,충청북도,임금근로자,,,706.4,천명
202301,취업자,충청북도,-상용근로자,,,495.8,천명
202302,취업자,충청북도,-상용근로자,,,498.3,천명
202303,취업자,충청북도,-상용근로자,,,502.5,천명
202304,취업자,충청북도,-상용근로자,,,510.5,천명
202305,취업자,충청북도,-상용근로자,,,515.6,천명
202306,취업자,충청북도,-상용근로자,,,507.4,천명
202307,취업자,충청북도,-상용근로자,,,509.6,천명
202308,취업자,충청북도,-상용근로자,,,504.7,천명
202309,취업자,충청북도,-상용근로자,,,505.4,천명
202310,취업자,충청북도,-상용근로자,,,505.5,천명
202311,취업자,충청북도,-상용근로자,,,505.6,천명
202312,취업자,충청북도,-상용근로자,,,509.2,천명
202401,취업자,충청북도,-상용근로자,,,506.2,천명
202402,취업자,충청북도,-상용근로자,,,506.6,천명
202403,취업자,충청북도,-상용근로자,,,507.1,천명
202404,취업자,충청북도,-상용근로자,,,508.3,천명
202405,취업자,충청북도,-상용근로자,,,500.7,천명
202406,취업자,충청북도,-상용근로자,,,500.3,천명
202407,취업자,충청북도,-상용근로자,,,500.1,천명
202408,취업자,충청북도,-상용근로자,,,493.2,천명
202409,취업자,충청북도,-상용근로자,,,498.5,천명
202410,취업자,충청북도,-상용근로자,,,496.2,천명
202411,취업자,충청북도,-상용근로자,,,499.5,천명
202412,취업자,충청북도,-상용근로자,,,508.2,천명
202501,취업자,충청북도,-상용근로자,,,508.5,천명
202502,취업자,충청북도,-상용근로자,,,507.9,천명
202503,취업자,충청북도,-상용근로자,,,516.7,천명
202504,취업자,충청북도,-상용근로자,,,518.3,천명
202505,취업자,충청북도,-상용근로자,,,512.3,천명
202506,취업자,충청북도,-상용근로자,,,509.7,천명
202507,취업자,충청북도,-상용근로자,,,509.1,천명
202508,취업자,충청북도,-상용근로자,,,512.1,천명
202509,취업자,충청북도,-상용근로자,,,517.3,천명
202510,취업자,충청북도,-상용근로자,,,523.2,천명
202511,취업자,충청북도,-상용근로자,,,525.9,천명
202512,취업자,충청북도,-상용근로자,,,523.1,천명
202601,취업자,충청북도,-상용근로자,,,524.9,천명
202602,취업자,충청북도,-상용근로자,,,521.3,천명
202603,취업자,충청북도,-상용근로자,,,520.6,천명
202604,취업자,충청북도,-상용근로자,,,517.2,천명
202605,취업자,충청북도,-상용근로자,,,514,천명
202606,취업자,충청북도,-상용근로자,,,518.9,천명
202607,취업자,충청북도,-상용근로자,,,519.6,천명
202608,취업자,충청북도,-상용근로자,,,508.6,천명
202301,취업자,충청북도,-임시근로자,,,98.4,천명
202302,취업자,충청북도,-임시근로자,,,118.1,천명
202303,취업자,충청북도,-임시근로자,,,129.1,천명
202304,취업자,충청북도,-임시근로자,,,126.7,천명
202305,취업자,충청북도,-임시근로자,,,124.9,천명
202306,취업자,충청북도,-임시근로자,,,120.6,천명
202307,취업자,충청북도,-임시근로자,,,120.3,천명
202308,취업자,충청북도,-임시근로자,,,126.7,천명
202309,취업자,충청북도,-임시근로자,,,131.3,천명
202310,취업자,충청북도,-임시근로자,,,134.6,천명
202311,취업자,충청북도,-임시근로자,,,141.9,천명
202312,취업자,충청북도,-임시근로자,,,132.4,천명
202401,취업자,충청북도,-임시근로자,,,123.2,천명
202402,취업자,충청북도,-임시근로자,,,135,천명
202403,취업자,충청북도,-임시근로자,,,138.2,천명
202404,취업자,충청북도,-임시근로자,,,149.8,천명
202405,취업자,충청북도,-임시근로자,,,151.9,천명
202406,취업자,충청북도,-임시근로자,,,153.7,천명
202407,취업자,충청북도,-임시근로자,,,153.2,천명
202408,취업자,충청북도,-임시근로자,,,153.5,천명
202409,취업자,충청북도,-임시근로자,,,151.7,천명
202410,취업자,충청북도,-임시근로자,,,153.3,천명
202411,취업자,충청북도,-임시근로자,,,154.9,천명
202412,취업자,충청북도,-임시근로자,,,139,천명
202501,취업자,충청북도,-임시근로자,,,136.8,천명
202502,취업자,충청북도,-임시근로자,,,148.8,천명
202503,취업자,충청북도,-임시근로자,,,161.7,천명
202504,취업자,충청북도,-임시근로자,,,165.8,천명
202505,취업자,충청북도,-임시근로자,,,174.4,천명
202506,취업자,충청북도,-임시근로자,,,169.3,천명
202507,취업자,충청북도,-임시근로자,,,166.4,천명
202508,취업자,충청북도,-임시근로자,,,168.1,천명
202509,취업자,충청북도,-임시근로자,,,171.4,천명
202510,취업자,충청북도,-임시근로자,,,171.6,천명
202511,취업자,충청북도,-임시근로자,,,171.2,천명
202512,취업자,충청북도,-임시근로자,,,158.4,천명
202601,취업자,충청북도,-임시근로자,,,141.5,천명
202602,취업자,충청북도,-임시근로자,,,170,천명
202603,취업자,충청북도,-임시근로자,,,171.8,천명
202604,취업자,충청북도,-임시근로자,,,176.1,천명
202605,취업자,충청북도,-임시근로자,,,183.3,천명
202606,취업자,충청북도,-임시근로자,,,178.9,천명
202607,취업자,충청북도,-임시근로자,,,171.7,천명
202608,취업자,충청북도,-임시근로자,,,174.4,천명
202301,취업자,충청북도,-일용근로자,,,29.7,천명
202302,취업자,충청북도,-일용근로자,,,31.6,천명
202303,취업자,충청북도,-일용근로자,,,45.5,천명
202304,취업자,충청북도,-일용근로자,,,42.4,천명
202305,취업자,충청북도,-일용근로자,,,41.3,천명
202306,취업자,충청북도,-일용근로자,,,48.2,천명
202307,취업자,충청북도,-일용근로자,,,37.2,천명
202308,취업자,충청북도,-일용근로자,,,37.7,천명
202309,취업자,충청북도,-일용근로자,,,41.1,천명
202310,취업자,충청북도,-일용근로자,,,38,천명
202311,취업자,충청북도,-일용근로자,,,35.5,천명
202312,취업자,충청북도,-일용근로자,,,39.8,천명
202401,취업자,충청북도,-일용근로자,,,32.8,천명
202402,취업자,충청북도,-일용근로자,,,30.6,천명
202403,취업자,충청북도,-일용근로자,,,35.5,천명
202404,취업자,충청북도,-일용근로자,,,36.3,천명
202405,취업자,충청북도,-일용근로자,,,42.2,천명
202406,취업자,충청북도,-일용근로자,,,44.2,천명
202407,취업자,충청북도,-일용근로자,,,39.1,천명
202408,취업자,충청북도,-일용근로자,,,37.3,천명
202409,취업자,충청북도,-일용근로자,,,30.5,천명
202410,취업자,충청북도,-일용근로자,,,32.2,천명
202411,취업자,충청북도,-일용근로자,,,32.1,천명
202412,취업자,충청북도,-일용근로자,,,24.3,천명
202501,취업자,충청북도,-일용근로자,,,25.1,천명
202502,취업자,충청북도,-일용근로자,,,22.7,천명
202503,취업자,충청북도,-일용근로자,,,26.7,천명
202504,취업자,충청북도,-일용근로자,,,28,천명
202505,취업자,충청북도,-일용근로자,,,30.8,천명
202506,취업자,충청북도,-일용근로자,,,30.2,천명
202507,취업자,충청북도,-일용근로자,,,24.1,천명
202508,취업자,충청북도,-일용근로자,,,24.5,천명
202509,취업자,충청북도,-일용근로자,,,23.1,천명
202510,취업자,충청북도,-일용근로자,,,24.1,천명
202511,취업자,충청북도,-일용근로자,,,26.2,천명
202512,취업자,충청북도,-일용근로자,,,20.3,천명
202601,취업자,충청북도,-일용근로자,,,18.3,천명
202602,취업자,충청북도,-일용근로자,,,17.2,천명
202603,취업자,충청북도,-일용근로자,,,18.6,천명
202604,취업자,충청북도,-일용근로자,,,22.1,천명
202605,취업자,충청북도,-일용근로자,,,23.3,천명
202606,취업자,충청북도,-일용근로자,,,26.6,천명
202607,취업자,충청북도,-일용근로자,,,21.9,천명
202608,취업자,충청북도,-일용근로자,,,23.4,천명
202301,취업자,충청남도,계,,,1150.6,천명
202302,취업자,충청남도,계,,,1162.2,천명
202303,취업자,충청남도,계,,,1222.5,천명
202304,취업자,충청남도,계,,,1254.5,천명
202305,취업자,충청남도,계,,,1281,천명
202306,취업자,충청남도,계,,,1298.6,천명
202307,취업자,충청남도,계,,,1274.4,천명
202308,취업자,충청남도,계,,,1279.2,천명
202309,취업자,충청남도,계,,,1281.7,천명
202310,취업자,충청남도,계,,,1280.4,천명
202311,취업자,충청남도,계,,,1284.8,천명
202312,취업자,충청남도,계,,,1204.2,천명
202401,취업자,충청남도,계,,,1151.1,천명
202402,취업자,충청남도,계,,,1172.7,천명
202403,취업자,충청남도,계,,,1233.5,천명
202404,취업자,충청남도,계,,,1280.2,천명
202405,취업자,충청남도,계,,,1289.1,천명
202406,취업자,충청남도,계,,,1299.6,천명
202407,취업자,충청남도,계,,,1283.8,천명
202408,취업자,충청남도,계,,,1294.6,천명
202409,취업자,충청남도,계,,,1300,천명
202410,취업자,충청남도,계,,,1307.8,천명
202411,취업자,충청남도,계,,,1305.2,천명
202412,취업자,충청남도,계,,,1250.8,천명
202501,취업자,충청남도,계,,,1212.8,천명
202502,취업자,충청남도,계,,,1226.9,천명
202503,취업자,충청남도,계,,,1280.1,천명
202504,취업자,충청남도,계,,,1310.8,천명
202505,취업자,충청남도,계,,,1332.6,천명
202506,취업자,충청남도,계,,,1324.8,천명
202507,취업자,충청남도,계,,,1320.2,천명
202508,취업자,충청남도,계,,,1306.9,천명
202509,취업자,충청남도,계,,,1325.9,천명
202510,취업자,충청남도,계,,,1318.4,천명
202511,취업자,충청남도,계,,,1328.2,천명
202512,취업자,충청남도,계,,,1270.6,천명
202601,취업자,충청남도,계,,,1228.2,천명
202602,취업자,충청남도,계,,,1261.1,천명
202603,취업자,충청남도,계,,,1326.9,천명
202604,취업자,충청남도,계,,,1353.5,천명
202605,취업자,충청남도,계,,,1353,천명
202606,취업자,충청남도,계,,,1352.5,천명
202607,취업자,충청남도,계,,,1349.6,천명
202608,취업자,충청남도,계,,,1348,천명
202301,취업자,충청남도,비임금근로자,,,302.2,천명
202302,취업자,충청남도,비임금근로자,,,303,천명
202303,취업자,충청남도,비임금근로자,,,343,천명
202304,취업자,충청남도,비임금근로자,,,362.7,천명
202305,취업자,충청남도,비임금근로자,,,379.4,천명
202306,취업자,충청남도,비임금근로자,,,383.5,천명
202307,취업자,충청남도,비임금근로자,,,376.2,천명
202308,취업자,충청남도,비임금근로자,,,377.8,천명
202309,취업자,충청남도,비임금근로자,,,366.4,천명
202310,취업자,충청남도,비임금근로자,,,365.7,천명
202311,취업자,충청남도,비임금근로자,,,366.8,천명
202312,취업자,충청남도,비임금근로자,,,303.6,천명
202401,취업자,충청남도,비임금근로자,,,281.8,천명
202402,취업자,충청남도,비임금근로자,,,284.8,천명
202403,취업자,충청남도,비임금근로자,,,325.3,천명
202404,취업자,충청남도,비임금근로자,,,363.5,천명
202405,취업자,충청남도,비임금근로자,,,373.8,천명
202406,취업자,충청남도,비임금근로자,,,378.1,천명
202407,취업자,충청남도,비임금근로자,,,370.4,천명
202408,취업자,충청남도,비임금근로자,,,379.7,천명
202409,취업자,충청남도,비임금근로자,,,382.2,천명
202410,취업자,충청남도,비임금근로자,,,378.4,천명
202411,취업자,충청남도,비임금근로자,,,364.1,천명
202412,취업자,충청남도,비임금근로자,,,340.7,천명
202501,취업자,충청남도,비임금근로자,,,312.2,천명
202502,취업자,충청남도,비임금근로자,,,296.8,천명
202503,취업자,충청남도,비임금근로자,,,338.9,천명
202504,취업자,충청남도,비임금근로자,,,358,천명
202505,취업자,충청남도,비임금근로자,,,362.7,천명
202506,취업자,충청남도,비임금근로자,,,363.6,천명
202507,취업자,충청남도,비임금근로자,,,364.2,천명
202508,취업자,충청남도,비임금근로자,,,368.4,천명
202509,취업자,충청남도,비임금근로자,,,373.6,천명
202510,취업자,충청남도,비임금근로자,,,371.2,천명
202511,취업자,충청남도,비임금근로자,,,370.5,천명
202512,취업자,충청남도,비임금근로자,,,342.5,천명
202601,취업자,충청남도,비임금근로자,,,328.2,천명
202602,취업자,충청남도,비임금근로자,,,330.5,천명
202603,취업자,충청남도,비임금근로자,,,363.2,천명
202604,취업자,충청남도,비임금근로자,,,378.9,천명
202605,취업자,충청남도,비임금근로자,,,382.6,천명
202606,취업자,충청남도,비임금근로자,,,380.6,천명
202607,취업자,충청남도,비임금근로자,,,377.4,천명
202608,취업자,충청남도,비임금근로자,,,372.7,천명
202301,취업자,충청남도,*자영업자,,,259.1,천명
202302,취업자,충청남도,*자영업자,,,262.3,천명
202303,취업자,충청남도,*자영업자,,,291.6,천명
202304,취업자,충청남도,*자영업자,,,303.1,천명
202305,취업자,충청남도,*자영업자,,,311.6,천명
202306,취업자,충청남도,*자영업자,,,311.1,천명
202307,취업자,충청남도,*자영업자,,,309.6,천명
202308,취업자,충청남도,*자영업자,,,310.9,천명
202309,취업자,충청남도,*자영업자,,,301,천명
202310,취업자,충청남도,*자영업자,,,299.9,천명
202311,취업자,충청남도,*자영업자,,,298.7,천명
202312,취업자,충청남도,*자영업자,,,263.3,천명
202401,취업자,충청남도,*자영업자,,,242.2,천명
202402,취업자,충청남도,*자영업자,,,243.8,천명
202403,취업자,충청남도,*자영업자,,,267.1,천명
202404,취업자,충청남도,*자영업자,,,290.2,천명
202405,취업자,충청남도,*자영업자,,,298,천명
202406,취업자,충청남도,*자영업자,,,300,천명
202407,취업자,충청남도,*자영업자,,,297.1,천명
202408,취업자,충청남도,*자영업자,,,307.8,천명
202409,취업자,충청남도,*자영업자,,,309.8,천명
202410,취업자,충청남도,*자영업자,,,307.5,천명
202411,취업자,충청남도,*자영업자,,,299.9,천명
202412,취업자,충청남도,*자영업자,,,288.7,천명
202501,취업자,충청남도,*자영업자,,,267.8,천명
202502,취업자,충청남도,*자영업자,,,255.5,천명
202503,취업자,충청남도,*자영업자,,,284.3,천명
202504,취업자,충청남도,*자영업자,,,296.1,천명
202505,취업자,충청남도,*자영업자,,,293.2,천명
202506,취업자,충청남도,*자영업자,,,295.9,천명
202507,취업자,충청남도,*자영업자,,,295.7,천명
202508,취업자,충청남도,*자영업자,,,301,천명
202509,취업자,충청남도,*자영업자,,,299.9,천명
202510,취업자,충청남도,*자영업자,,,299.3,천명
202511,취업자,충청남도,*자영업자,,,297.2,천명
202512,취업자,충청남도,*자영업자,,,286.5,천명
202601,취업자,충청남도,*자영업자,,,277.8,천명
202602,취업자,충청남도,*자영업자,,,283.6,천명
202603,취업자,충청남도,*자영업자,,,298,천명
202604,취업자,충청남도,*자영업자,,,306.9,천명
202605,취업자,충청남도,*자영업자,,,304.2,천명
202606,취업자,충청남도,*자영업자,,,297.9,천명
202607,취업자,충청남도,*자영업자,,,298.5,천명
202608,취업자,충청남도,*자영업자,,,294.8,천명
202301,취업자,충청남도,-고용원이 있는 자영업자,,,49.5,천명
202302,취업자,충청남도,-고용원이 있는 자영업자,,,48.6,천명
202303,취업자,충청남도,-고용원이 있는 자영업자,,,51.3,천명
202304,취업자,충청남도,-고용원이 있는 자영업자,,,53.1,천명
202305,취업자,충청남도,-고용원이 있는 자영업자,,,52.7,천명
202306,취업자,충청남도,-고용원이 있는 자영업자,,,55.5,천명
202307,취업자,충청남도,-고용원이 있는 자영업자,,,48.2,천명
202308,취업자,충청남도,-고용원이 있는 자영업자,,,51.3,천명
202309,취업자,충청남도,-고용원이 있는 자영업자,,,49.4,천명
202310,취업자,충청남도,-고용원이 있는 자영업자,,,52.8,천명
202311,취업자,충청남도,-고용원이 있는 자영업자,,,49.1,천명
202312,취업자,충청남도,-고용원이 있는 자영업자,,,50.3,천명
202401,취업자,충청남도,-고용원이 있는 자영업자,,,47.9,천명
202402,취업자,충청남도,-고용원이 있는 자영업자,,,51.1,천명
202403,취업자,충청남도,-고용원이 있는 자영업자,,,49.5,천명
202404,취업자,충청남도,-고용원이 있는 자영업자,,,50,천명
202405,취업자,충청남도,-고용원이 있는 자영업자,,,47.7,천명
202406,취업자,충청남도,-고용원이 있는 자영업자,,,47.8,천명
202407,취업자,충청남도,-고용원이 있는 자영업자,,,45.8,천명
202408,취업자,충청남도,-고용원이 있는 자영업자,,,52.6,천명
202409,취업자,충청남도,-고용원이 있는 자영업자,,,52.2,천명
202410,취업자,충청남도,-고용원이 있는 자영업자,,,53.5,천명
202411,취업자,충청남도,-고용원이 있는 자영업자,,,58.8,천명
202412,취업자,충청남도,-고용원이 있는 자영업자,,,62.1,천명
202501,취업자,충청남도,-고용원이 있는 자영업자,,,63.4,천명
202502,취업자,충청남도,-고용원이 있는 자영업자,,,60,천명
202503,취업자,충청남도,-고용원이 있는 자영업자,,,64.2,천명
202504,취업자,충청남도,-고용원이 있는 자영업자,,,62.4,천명
202505,취업자,충청남도,-고용원이 있는 자영업자,,,65.8,천명
202506,취업자,충청남도,-고용원이 있는 자영업자,,,63.3,천명
202507,취업자,충청남도,-고용원이 있는 자영업자,,,66.2,천명
202508,취업자,충청남도,-고용원이 있는 자영업자,,,63.5,천명
202509,취업자,충청남도,-고용원이 있는 자영업자,,,61.5,천명
202510,취업자,충청남도,-고용원이 있는 자영업자,,,61.6,천명
202511,취업자,충청남도,-고용원이 있는 자영업자,,,57,천명
202512,취업자,충청남도,-고용원이 있는 자영업자,,,54.3,천명
202601,취업자,충청남도,-고용원이 있는 자영업자,,,57.6,천명
202602,취업자,충청남도,-고용원이 있는 자영업자,,,59.4,천명
202603,취업자,충청남도,-고용원이 있는 자영업자,,,60.6,천명
202604,취업자,충청남도,-고용원이 있는 자영업자,,,58.2,천명
202605,취업자,충청남도,-고용원이 있는 자영업자,,,58,천명
202606,취업자,충청남도,-고용원이 있는 자영업자,,,57.6,천명
202607,취업자,충청남도,-고용원이 있는 자영업자,,,56.9,천명
202608,취업자,충청남도,-고용원이 있는 자영업자,,,53.9,천명
202301,취업자,충청남도,-고용원이 없는 자영업자,,,209.6,천명
202302,취업자,충청남도,-고용원이 없는 자영업자,,,213.7,천명
202303,취업자,충청남도,-고용원이 없는 자영업자,,,240.3,천명
202304,취업자,충청남도,-고용원이 없는 자영업자,,,250.1,천명
202305,취업자,충청남도,-고용원이 없는 자영업자,,,259,천명
202306,취업자,충청남도,-고용원이 없는 자영업자,,,255.6,천명
202307,취업자,충청남도,-고용원이 없는 자영업자,,,261.5,천명
202308,취업자,충청남도,-고용원이 없는 자영업자,,,259.6,천명
202309,취업자,충청남도,-고용원이 없는 자영업자,,,251.6,천명
202310,취업자,충청남도,-고용원이 없는 자영업자,,,247.1,천명
202311,취업자,충청남도,-고용원이 없는 자영업자,,,249.5,천명
202312,취업자,충청남도,-고용원이 없는 자영업자,,,212.9,천명
202401,취업자,충청남도,-고용원이 없는 자영업자,,,194.3,천명
202402,취업자,충청남도,-고용원이 없는 자영업자,,,192.7,천명
202403,취업자,충청남도,-고용원이 없는 자영업자,,,217.6,천명
202404,취업자,충청남도,-고용원이 없는 자영업자,,,240.1,천명
202405,취업자,충청남도,-고용원이 없는 자영업자,,,250.3,천명
202406,취업자,충청남도,-고용원이 없는 자영업자,,,252.2,천명
202407,취업자,충청남도,-고용원이 없는 자영업자,,,251.3,천명
202408,취업자,충청남도,-고용원이 없는 자영업자,,,255.2,천명
202409,취업자,충청남도,-고용원이 없는 자영업자,,,257.5,천명
202410,취업자,충청남도,-고용원이 없는 자영업자,,,254,천명
202411,취업자,충청남도,-고용원이 없는 자영업자,,,241.2,천명
202412,취업자,충청남도,-고용원이 없는 자영업자,,,226.6,천명
202501,취업자,충청남도,-고용원이 없는 자영업자,,,204.5,천명
202502,취업자,충청남도,-고용원이 없는 자영업자,,,195.5,천명
202503,취업자,충청남도,-고용원이 없는 자영업자,,,220.1,천명
202504,취업자,충청남도,-고용원이 없는 자영업자,,,233.7,천명
202505,취업자,충청남도,-고용원이 없는 자영업자,,,227.4,천명
202506,취업자,충청남도,-고용원이 없는 자영업자,,,232.5,천명
202507,취업자,충청남도,-고용원이 없는 자영업자,,,229.5,천명
202508,취업자,충청남도,-고용원이 없는 자영업자,,,237.5,천명
202509,취업자,충청남도,-고용원이 없는 자영업자,,,238.3,천명
202510,취업자,충청남도,-고용원이 없는 자영업자,,,237.7,천명
202511,취업자,충청남도,-고용원이 없는 자영업자,,,240.2,천명
202512,취업자,충청남도,-고용원이 없는 자영업자,,,232.3,천명
202601,취업자,충청남도,-고용원이 없는 자영업자,,,220.1,천명
202602,취업자,충청남도,-고용원이 없는 자영업자,,,224.2,천명
202603,취업자,충청남도,-고용원이 없는 자영업자,,,237.4,천명
202604,취업자,충청남도,-고용원이 없는 자영업자,,,248.8,천명
202605,취업자,충청남도,-고용원이 없는 자영업자,,,246.2,천명
202606,취업자,충청남도,-고용원이 없는 자영업자,,,240.3,천명
202607,취업자,충청남도,-고용원이 없는 자영업자,,,241.6,천명
202608,취업자,충청남도,-고용원이 없는 자영업자,,,240.9,천명
202301,취업자,충청남도,-무급가족종사자,,,43.1,천명
202302,취업자,충청남도,-무급가족종사자,,,40.7,천명
202303,취업자,충청남도,-무급가족종사자,,,51.4,천명
202304,취업자,충청남도,-무급가족종사자,,,59.5,천명
202305,취업자,충청남도,-무급가족종사자,,,67.8,천명
202306,취업자,충청남도,-무급가족종사자,,,72.4,천명
202307,취업자,충청남도,-무급가족종사자,,,66.5,천명
202308,취업자,충청남도,-무급가족종사자,,,66.9,천명
202309,취업자,충청남도,-무급가족종사자,,,65.4,천명
202310,취업자,충청남도,-무급가족종사자,,,65.8,천명
202311,취업자,충청남도,-무급가족종사자,,,68.1,천명
202312,취업자,충청남도,-무급가족종사자,,,40.4,천명
202401,취업자,충청남도,-무급가족종사자,,,39.6,천명
202402,취업자,충청남도,-무급가족종사자,,,41,천명
202403,취업자,충청남도,-무급가족종사자,,,58.2,천명
202404,취업자,충청남도,-무급가족종사자,,,73.3,천명
202405,취업자,충청남도,-무급가족종사자,,,75.8,천명
202406,취업자,충청남도,-무급가족종사자,,,78.1,천명
202407,취업자,충청남도,-무급가족종사자,,,73.3,천명
202408,취업자,충청남도,-무급가족종사자,,,72,천명
202409,취업자,충청남도,-무급가족종사자,,,72.4,천명
202410,취업자,충청남도,-무급가족종사자,,,70.9,천명
202411,취업자,충청남도,-무급가족종사자,,,64.2,천명
202412,취업자,충청남도,-무급가족종사자,,,52.1,천명
202501,취업자,충청남도,-무급가족종사자,,,44.3,천명
202502,취업자,충청남도,-무급가족종사자,,,41.4,천명
202503,취업자,충청남도,-무급가족종사자,,,54.6,천명
202504,취업자,충청남도,-무급가족종사자,,,61.9,천명
202505,취업자,충청남도,-무급가족종사자,,,69.5,천명
202506,취업자,충청남도,-무급가족종사자,,,67.7,천명
202507,취업자,충청남도,-무급가족종사자,,,68.5,천명
202508,취업자,충청남도,-무급가족종사자,,,67.5,천명
202509,취업자,충청남도,-무급가족종사자,,,73.7,천명
202510,취업자,충청남도,-무급가족종사자,,,71.9,천명
202511,취업자,충청남도,-무급가족종사자,,,73.3,천명
202512,취업자,충청남도,-무급가족종사자,,,56,천명
202601,취업자,충청남도,-무급가족종사자,,,50.5,천명
202602,취업자,충청남도,-무급가족종사자,,,46.9,천명
202603,취업자,충청남도,-무급가족종사자,,,65.2,천명
202604,취업자,충청남도,-무급가족종사자,,,72,천명
202605,취업자,충청남도,-무급가족종사자,,,78.4,천명
202606,취업자,충청남도,-무급가족종사자,,,82.8,천명
202607,취업자,충청남도,-무급가족종사자,,,78.9,천명
202608,취업자,충청남도,-무급가족종사자,,,77.9,천명
202301,취업자,충청남도,임금근로자,,,848.4,천명
202302,취업자,충청남도,임금근로자,,,859.2,천명
202303,취업자,충청남도,임금근로자,,,879.5,천명
202304,취업자,충청남도,임금근로자,,,891.8,천명
202305,취업자,충청남도,임금근로자,,,901.6,천명
202306,취업자,충청남도,임금근로자,,,915.1,천명
202307,취업자,충청남도,임금근로자,,,898.2,천명
202308,취업자,충청남도,임금근로자,,,901.4,천명
202309,취업자,충청남도,임금근로자,,,915.3,천명
202310,취업자,충청남도,임금근로자,,,914.6,천명
202311,취업자,충청남도,임금근로자,,,918,천명
202312,취업자,충청남도,임금근로자,,,900.6,천명
202401,취업자,충청남도,임금근로자,,,869.3,천명
202402,취업자,충청남도,임금근로자,,,887.9,천명
202403,취업자,충청남도,임금근로자,,,908.2,천명
202404,취업자,충청남도,임금근로자,,,916.7,천명
202405,취업자,충청남도,임금근로자,,,915.3,천명
202406,취업자,충청남도,임금근로자,,,921.5,천명
202407,취업자,충청남도,임금근로자,,,913.4,천명
202408,취업자,충청남도,임금근로자,,,914.8,천명
202409,취업자,충청남도,임금근로자,,,917.8,천명
202410,취업자,충청남도,임금근로자,,,929.4,천명
202411,취업자,충청남도,임금근로자,,,941.1,천명
202412,취업자,충청남도,임금근로자,,,910,천명
202501,취업자,충청남도,임금근로자,,,900.6,천명
202502,취업자,충청남도,임금근로자,,,930.1,천명
202503,취업자,충청남도,임금근로자,,,941.2,천명
202504,취업자,충청남도,임금근로자,,,952.8,천명
202505,취업자,충청남도,임금근로자,,,969.9,천명
202506,취업자,충청남도,임금근로자,,,961.2,천명
202507,취업자,충청남도,임금근로자,,,956,천명
202508,취업자,충청남도,임금근로자,,,938.4,천명
202509,취업자,충청남도,임금근로자,,,952.4,천명
202510,취업자,충청남도,임금근로자,,,947.2,천명
202511,취업자,충청남도,임금근로자,,,957.7,천명
202512,취업자,충청남도,임금근로자,,,928.1,천명
202601,취업자,충청남도,임금근로자,,,900,천명
202602,취업자,충청남도,임금근로자,,,930.6,천명
202603,취업자,충청남도,임금근로자,,,963.7,천명
202604,취업자,충청남도,임금근로자,,,974.6,천명
202605,취업자,충청남도,임금근로자,,,970.4,천명
202606,취업자,충청남도,임금근로자,,,971.8,천명
202607,취업자,충청남도,임금근로자,,,972.2,천명
202608,취업자,충청남도,임금근로자,,,975.3,천명
202301,취업자,충청남도,-상용근로자,,,659.7,천명
202302,취업자,충청남도,-상용근로자,,,650.2,천명
202303,취업자,충청남도,-상용근로자,,,652.4,천명
202304,취업자,충청남도,-상용근로자,,,655.8,천명
202305,취업자,충청남도,-상용근로자,,,667.3,천명
202306,취업자,충청남도,-상용근로자,,,677.8,천명
202307,취업자,충청남도,-상용근로자,,,667.3,천명
202308,취업자,충청남도,-상용근로자,,,669,천명
202309,취업자,충청남도,-상용근로자,,,675.6,천명
202310,취업자,충청남도,-상용근로자,,,672.6,천명
202311,취업자,충청남도,-상용근로자,,,673.4,천명
202312,취업자,충청남도,-상용근로자,,,681.3,천명
202401,취업자,충청남도,-상용근로자,,,690.3,천명
202402,취업자,충청남도,-상용근로자,,,696.9,천명
202403,취업자,충청남도,-상용근로자,,,702.9,천명
202404,취업자,충청남도,-상용근로자,,,715.2,천명
202405,취업자,충청남도,-상용근로자,,,716.3,천명
202406,취업자,충청남도,-상용근로자,,,709.8,천명
202407,취업자,충청남도,-상용근로자,,,707.8,천명
202408,취업자,충청남도,-상용근로자,,,709.6,천명
202409,취업자,충청남도,-상용근로자,,,702.4,천명
202410,취업자,충청남도,-상용근로자,,,712.5,천명
202411,취업자,충청남도,-상용근로자,,,723.3,천명
202412,취업자,충청남도,-상용근로자,,,719.9,천명
202501,취업자,충청남도,-상용근로자,,,718.7,천명
202502,취업자,충청남도,-상용근로자,,,729.7,천명
202503,취업자,충청남도,-상용근로자,,,726.1,천명
202504,취업자,충청남도,-상용근로자,,,737.2,천명
202505,취업자,충청남도,-상용근로자,,,737.1,천명
202506,취업자,충청남도,-상용근로자,,,733.7,천명
202507,취업자,충청남도,-상용근로자,,,730,천명
202508,취업자,충청남도,-상용근로자,,,709.7,천명
202509,취업자,충청남도,-상용근로자,,,726.9,천명
202510,취업자,충청남도,-상용근로자,,,716.9,천명
202511,취업자,충청남도,-상용근로자,,,733.6,천명
202512,취업자,충청남도,-상용근로자,,,735.8,천명
202601,취업자,충청남도,-상용근로자,,,741.7,천명
202602,취업자,충청남도,-상용근로자,,,742.3,천명
202603,취업자,충청남도,-상용근로자,,,749,천명
202604,취업자,충청남도,-상용근로자,,,761.9,천명
202605,취업자,충청남도,-상용근로자,,,758,천명
202606,취업자,충청남도,-상용근로자,,,765,천명
202607,취업자,충청남도,-상용근로자,,,763.1,천명
202608,취업자,충청남도,-상용근로자,,,768.8,천명
202301,취업자,충청남도,-임시근로자,,,146.9,천명
202302,취업자,충청남도,-임시근로자,,,162.3,천명
202303,취업자,충청남도,-임시근로자,,,174.1,천명
202304,취업자,충청남도,-임시근로자,,,184.2,천명
202305,취업자,충청남도,-임시근로자,,,184.1,천명
202306,취업자,충청남도,-임시근로자,,,185.6,천명
202307,취업자,충청남도,-임시근로자,,,186.8,천명
202308,취업자,충청남도,-임시근로자,,,186.7,천명
202309,취업자,충청남도,-임시근로자,,,186.4,천명
202310,취업자,충청남도,-임시근로자,,,191.8,천명
202311,취업자,충청남도,-임시근로자,,,191.5,천명
202312,취업자,충청남도,-임시근로자,,,179.3,천명
202401,취업자,충청남도,-임시근로자,,,147.9,천명
202402,취업자,충청남도,-임시근로자,,,160.9,천명
202403,취업자,충청남도,-임시근로자,,,161.6,천명
202404,취업자,충청남도,-임시근로자,,,158.5,천명
202405,취업자,충청남도,-임시근로자,,,159.8,천명
202406,취업자,충청남도,-임시근로자,,,169.2,천명
202407,취업자,충청남도,-임시근로자,,,169.7,천명
202408,취업자,충청남도,-임시근로자,,,162.9,천명
202409,취업자,충청남도,-임시근로자,,,169.5,천명
202410,취업자,충청남도,-임시근로자,,,173.5,천명
202411,취업자,충청남도,-임시근로자,,,179.1,천명
202412,취업자,충청남도,-임시근로자,,,155.2,천명
202501,취업자,충청남도,-임시근로자,,,149.9,천명
202502,취업자,충청남도,-임시근로자,,,170,천명
202503,취업자,충청남도,-임시근로자,,,178,천명
202504,취업자,충청남도,-임시근로자,,,176.4,천명
202505,취업자,충청남도,-임시근로자,,,190.2,천명
202506,취업자,충청남도,-임시근로자,,,187.2,천명
202507,취업자,충청남도,-임시근로자,,,189.5,천명
202508,취업자,충청남도,-임시근로자,,,189.2,천명
202509,취업자,충청남도,-임시근로자,,,183.9,천명
202510,취업자,충청남도,-임시근로자,,,189.7,천명
202511,취업자,충청남도,-임시근로자,,,181.2,천명
202512,취업자,충청남도,-임시근로자,,,156.9,천명
202601,취업자,충청남도,-임시근로자,,,133.8,천명
202602,취업자,충청남도,-임시근로자,,,163.5,천명
202603,취업자,충청남도,-임시근로자,,,183.9,천명
202604,취업자,충청남도,-임시근로자,,,175.7,천명
202605,취업자,충청남도,-임시근로자,,,180.5,천명
202606,취업자,충청남도,-임시근로자,,,175.6,천명
202607,취업자,충청남도,-임시근로자,,,177,천명
202608,취업자,충청남도,-임시근로자,,,171.1,천명
202301,취업자,충청남도,-일용근로자,,,41.7,천명
202302,취업자,충청남도,-일용근로자,,,46.7,천명
202303,취업자,충청남도,-일용근로자,,,53,천명
202304,취업자,충청남도,-일용근로자,,,51.8,천명
202305,취업자,충청남도,-일용근로자,,,50.1,천명
202306,취업자,충청남도,-일용근로자,,,51.7,천명
202307,취업자,충청남도,-일용근로자,,,44.2,천명
202308,취업자,충청남도,-일용근로자,,,45.7,천명
202309,취업자,충청남도,-일용근로자,,,53.3,천명
202310,취업자,충청남도,-일용근로자,,,50.2,천명
202311,취업자,충청남도,-일용근로자,,,53.1,천명
202312,취업자,충청남도,-일용근로자,,,40,천명
202401,취업자,충청남도,-일용근로자,,,31,천명
202402,취업자,충청남도,-일용근로자,,,30.1,천명
202403,취업자,충청남도,-일용근로자,,,43.7,천명
202404,취업자,충청남도,-일용근로자,,,43,천명
202405,취업자,충청남도,-일용근로자,,,39.2,천명
202406,취업자,충청남도,-일용근로자,,,42.5,천명
202407,취업자,충청남도,-일용근로자,,,35.9,천명
202408,취업자,충청남도,-일용근로자,,,42.3,천명
202409,취업자,충청남도,-일용근로자,,,45.9,천명
202410,취업자,충청남도,-일용근로자,,,43.4,천명
202411,취업자,충청남도,-일용근로자,,,38.6,천명
202412,취업자,충청남도,-일용근로자,,,34.9,천명
202501,취업자,충청남도,-일용근로자,,,31.9,천명
202502,취업자,충청남도,-일용근로자,,,30.4,천명
202503,취업자,충청남도,-일용근로자,,,37.1,천명
202504,취업자,충청남도,-일용근로자,,,39.2,천명
202505,취업자,충청남도,-일용근로자,,,42.6,천명
202506,취업자,충청남도,-일용근로자,,,40.2,천명
202507,취업자,충청남도,-일용근로자,,,36.5,천명
202508,취업자,충청남도,-일용근로자,,,39.5,천명
202509,취업자,충청남도,-일용근로자,,,41.6,천명
202510,취업자,충청남도,-일용근로자,,,40.6,천명
202511,취업자,충청남도,-일용근로자,,,42.9,천명
202512,취업자,충청남도,-일용근로자,,,35.4,천명
202601,취업자,충청남도,-일용근로자,,,24.5,천명
202602,취업자,충청남도,-일용근로자,,,24.8,천명
202603,취업자,충청남도,-일용근로자,,,30.8,천명
202604,취업자,충청남도,-일용근로자,,,36.9,천명
202605,취업자,충청남도,-일용근로자,,,31.9,천명
202606,취업자,충청남도,-일용근로자,,,31.2,천명
202607,취업자,충청남도,-일용근로자,,,32.1,천명
202608,취업자,충청남도,-일용근로자,,,35.5,천명
202301,취업자,전북특별자치도,계,,,929.4,천명
202302,취업자,전북특별자치도,계,,,962.8,천명
202303,취업자,전북특별자치도,계,,,968.9,천명
202304,취업자,전북특별자치도,계,,,980.3,천명
202305,취업자,전북특별자치도,계,,,996.8,천명
202306,취업자,전북특별자치도,계,,,992.7,천명
202307,취업자,전북특별자치도,계,,,999.9,천명
202308,취업자,전북특별자치도,계,,,1003.4,천명
202309,취업자,전북특별자치도,계,,,1003.4,천명
202310,취업자,전북특별자치도,계,,,998.5,천명
202311,취업자,전북특별자치도,계,,,1003,천명
202312,취업자,전북특별자치도,계,,,955.2,천명
202401,취업자,전북특별자치도,계,,,949.9,천명
202402,취업자,전북특별자치도,계,,,970.2,천명
202403,취업자,전북특별자치도,계,,,991.8,천명
202404,취업자,전북특별자치도,계,,,997.8,천명
202405,취업자,전북특별자치도,계,,,1010,천명
202406,취업자,전북특별자치도,계,,,1005.1,천명
202407,취업자,전북특별자치도,계,,,1009.1,천명
202408,취업자,전북특별자치도,계,,,1001.7,천명
202409,취업자,전북특별자치도,계,,,996.9,천명
202410,취업자,전북특별자치도,계,,,1001.9,천명
202411,취업자,전북특별자치도,계,,,991.1,천명
202412,취업자,전북특별자치도,계,,,924.2,천명
202501,취업자,전북특별자치도,계,,,937.9,천명
202502,취업자,전북특별자치도,계,,,958.4,천명
202503,취업자,전북특별자치도,계,,,970.6,천명
202504,취업자,전북특별자치도,계,,,977,천명
202505,취업자,전북특별자치도,계,,,990,천명
202506,취업자,전북특별자치도,계,,,994,천명
202507,취업자,전북특별자치도,계,,,999.6,천명
202508,취업자,전북특별자치도,계,,,1000.7,천명
202509,취업자,전북특별자치도,계,,,1008.1,천명
202510,취업자,전북특별자치도,계,,,1000.7,천명
202511,취업자,전북특별자치도,계,,,998.4,천명
202512,취업자,전북특별자치도,계,,,914,천명
202601,취업자,전북특별자치도,계,,,933.1,천명
202602,취업자,전북특별자치도,계,,,964.8,천명
202603,취업자,전북특별자치도,계,,,986.4,천명
202604,취업자,전북특별자치도,계,,,999.1,천명
202605,취업자,전북특별자치도,계,,,996.6,천명
202606,취업자,전북특별자치도,계,,,1000.2,천명
202607,취업자,전북특별자치도,계,,,994.1,천명
202608,취업자,전북특별자치도,계,,,990.2,천명
202301,취업자,전북특별자치도,비임금근로자,,,314.6,천명
202302,취업자,전북특별자치도,비임금근로자,,,323.1,천명
202303,취업자,전북특별자치도,비임금근로자,,,327,천명
202304,취업자,전북특별자치도,비임금근로자,,,338.7,천명
202305,취업자,전북특별자치도,비임금근로자,,,345.5,천명
202306,취업자,전북특별자치도,비임금근로자,,,341.7,천명
202307,취업자,전북특별자치도,비임금근로자,,,337.7,천명
202308,취업자,전북특별자치도,비임금근로자,,,336.9,천명
202309,취업자,전북특별자치도,비임금근로자,,,336.9,천명
202310,취업자,전북특별자치도,비임금근로자,,,342.1,천명
202311,취업자,전북특별자치도,비임금근로자,,,344.7,천명
202312,취업자,전북특별자치도,비임금근로자,,,330.8,천명
202401,취업자,전북특별자치도,비임금근로자,,,326.1,천명
202402,취업자,전북특별자치도,비임금근로자,,,320.9,천명
202403,취업자,전북특별자치도,비임금근로자,,,325.3,천명
202404,취업자,전북특별자치도,비임금근로자,,,334.9,천명
202405,취업자,전북특별자치도,비임금근로자,,,337.6,천명
202406,취업자,전북특별자치도,비임금근로자,,,334.7,천명
202407,취업자,전북특별자치도,비임금근로자,,,338,천명
202408,취업자,전북특별자치도,비임금근로자,,,331.9,천명
202409,취업자,전북특별자치도,비임금근로자,,,321.2,천명
202410,취업자,전북특별자치도,비임금근로자,,,323.5,천명
202411,취업자,전북특별자치도,비임금근로자,,,312.2,천명
202412,취업자,전북특별자치도,비임금근로자,,,296.2,천명
202501,취업자,전북특별자치도,비임금근로자,,,289.4,천명
202502,취업자,전북특별자치도,비임금근로자,,,281.4,천명
202503,취업자,전북특별자치도,비임금근로자,,,290.7,천명
202504,취업자,전북특별자치도,비임금근로자,,,297.1,천명
202505,취업자,전북특별자치도,비임금근로자,,,302.6,천명
202506,취업자,전북특별자치도,비임금근로자,,,309.2,천명
202507,취업자,전북특별자치도,비임금근로자,,,307.9,천명
202508,취업자,전북특별자치도,비임금근로자,,,307.9,천명
202509,취업자,전북특별자치도,비임금근로자,,,311.1,천명
202510,취업자,전북특별자치도,비임금근로자,,,310.1,천명
202511,취업자,전북특별자치도,비임금근로자,,,307.1,천명
202512,취업자,전북특별자치도,비임금근로자,,,289.7,천명
202601,취업자,전북특별자치도,비임금근로자,,,282.1,천명
202602,취업자,전북특별자치도,비임금근로자,,,278.1,천명
202603,취업자,전북특별자치도,비임금근로자,,,291.7,천명
202604,취업자,전북특별자치도,비임금근로자,,,302.2,천명
202605,취업자,전북특별자치도,비임금근로자,,,298.7,천명
202606,취업자,전북특별자치도,비임금근로자,,,307,천명
202607,취업자,전북특별자치도,비임금근로자,,,308.9,천명
202608,취업자,전북특별자치도,비임금근로자,,,304.9,천명
202301,취업자,전북특별자치도,*자영업자,,,254.7,천명
202302,취업자,전북특별자치도,*자영업자,,,259.3,천명
202303,취업자,전북특별자치도,*자영업자,,,258,천명
202304,취업자,전북특별자치도,*자영업자,,,263.1,천명
202305,취업자,전북특별자치도,*자영업자,,,262.9,천명
202306,취업자,전북특별자치도,*자영업자,,,259.2,천명
202307,취업자,전북특별자치도,*자영업자,,,257,천명
202308,취업자,전북특별자치도,*자영업자,,,255.4,천명
202309,취업자,전북특별자치도,*자영업자,,,255.5,천명
202310,취업자,전북특별자치도,*자영업자,,,262.4,천명
202311,취업자,전북특별자치도,*자영업자,,,269.9,천명
202312,취업자,전북특별자치도,*자영업자,,,275.5,천명
202401,취업자,전북특별자치도,*자영업자,,,272.7,천명
202402,취업자,전북특별자치도,*자영업자,,,268,천명
202403,취업자,전북특별자치도,*자영업자,,,261.7,천명
202404,취업자,전북특별자치도,*자영업자,,,264.1,천명
202405,취업자,전북특별자치도,*자영업자,,,265.7,천명
202406,취업자,전북특별자치도,*자영업자,,,264.5,천명
202407,취업자,전북특별자치도,*자영업자,,,267.1,천명
202408,취업자,전북특별자치도,*자영업자,,,261.9,천명
202409,취업자,전북특별자치도,*자영업자,,,255.6,천명
202410,취업자,전북특별자치도,*자영업자,,,257.1,천명
202411,취업자,전북특별자치도,*자영업자,,,249.6,천명
202412,취업자,전북특별자치도,*자영업자,,,245.7,천명
202501,취업자,전북특별자치도,*자영업자,,,242.2,천명
202502,취업자,전북특별자치도,*자영업자,,,236.1,천명
202503,취업자,전북특별자치도,*자영업자,,,235.8,천명
202504,취업자,전북특별자치도,*자영업자,,,235.9,천명
202505,취업자,전북특별자치도,*자영업자,,,239.3,천명
202506,취업자,전북특별자치도,*자영업자,,,242.3,천명
202507,취업자,전북특별자치도,*자영업자,,,243.7,천명
202508,취업자,전북특별자치도,*자영업자,,,243.1,천명
202509,취업자,전북특별자치도,*자영업자,,,245.6,천명
202510,취업자,전북특별자치도,*자영업자,,,246.1,천명
202511,취업자,전북특별자치도,*자영업자,,,245.5,천명
202512,취업자,전북특별자치도,*자영업자,,,242.6,천명
202601,취업자,전북특별자치도,*자영업자,,,240.5,천명
202602,취업자,전북특별자치도,*자영업자,,,236.7,천명
202603,취업자,전북특별자치도,*자영업자,,,243.6,천명
202604,취업자,전북특별자치도,*자영업자,,,247.5,천명
202605,취업자,전북특별자치도,*자영업자,,,242.7,천명
202606,취업자,전북특별자치도,*자영업자,,,248,천명
202607,취업자,전북특별자치도,*자영업자,,,249.7,천명
202608,취업자,전북특별자치도,*자영업자,,,246.4,천명
202301,취업자,전북특별자치도,-고용원이 있는 자영업자,,,41.3,천명
202302,취업자,전북특별자치도,-고용원이 있는 자영업자,,,42.1,천명
202303,취업자,전북특별자치도,-고용원이 있는 자영업자,,,41.9,천명
202304,취업자,전북특별자치도,-고용원이 있는 자영업자,,,40.8,천명
202305,취업자,전북특별자치도,-고용원이 있는 자영업자,,,39.5,천명
202306,취업자,전북특별자치도,-고용원이 있는 자영업자,,,37.6,천명
202307,취업자,전북특별자치도,-고용원이 있는 자영업자,,,33.9,천명
202308,취업자,전북특별자치도,-고용원이 있는 자영업자,,,35,천명
202309,취업자,전북특별자치도,-고용원이 있는 자영업자,,,36.9,천명
202310,취업자,전북특별자치도,-고용원이 있는 자영업자,,,38.6,천명
202311,취업자,전북특별자치도,-고용원이 있는 자영업자,,,41.5,천명
202312,취업자,전북특별자치도,-고용원이 있는 자영업자,,,46.6,천명
202401,취업자,전북특별자치도,-고용원이 있는 자영업자,,,47.3,천명
202402,취업자,전북특별자치도,-고용원이 있는 자영업자,,,47.8,천명
202403,취업자,전북특별자치도,-고용원이 있는 자영업자,,,42.7,천명
202404,취업자,전북특별자치도,-고용원이 있는 자영업자,,,45.3,천명
202405,취업자,전북특별자치도,-고용원이 있는 자영업자,,,46.1,천명
202406,취업자,전북특별자치도,-고용원이 있는 자영업자,,,49.4,천명
202407,취업자,전북특별자치도,-고용원이 있는 자영업자,,,48.4,천명
202408,취업자,전북특별자치도,-고용원이 있는 자영업자,,,48.1,천명
202409,취업자,전북특별자치도,-고용원이 있는 자영업자,,,48,천명
202410,취업자,전북특별자치도,-고용원이 있는 자영업자,,,51.3,천명
202411,취업자,전북특별자치도,-고용원이 있는 자영업자,,,46.7,천명
202412,취업자,전북특별자치도,-고용원이 있는 자영업자,,,44.8,천명
202501,취업자,전북특별자치도,-고용원이 있는 자영업자,,,45.6,천명
202502,취업자,전북특별자치도,-고용원이 있는 자영업자,,,46,천명
202503,취업자,전북특별자치도,-고용원이 있는 자영업자,,,47,천명
202504,취업자,전북특별자치도,-고용원이 있는 자영업자,,,47.4,천명
202505,취업자,전북특별자치도,-고용원이 있는 자영업자,,,44,천명
202506,취업자,전북특별자치도,-고용원이 있는 자영업자,,,43.2,천명
202507,취업자,전북특별자치도,-고용원이 있는 자영업자,,,43.3,천명
202508,취업자,전북특별자치도,-고용원이 있는 자영업자,,,42.9,천명
202509,취업자,전북특별자치도,-고용원이 있는 자영업자,,,45.3,천명
202510,취업자,전북특별자치도,-고용원이 있는 자영업자,,,48.6,천명
202511,취업자,전북특별자치도,-고용원이 있는 자영업자,,,49.2,천명
202512,취업자,전북특별자치도,-고용원이 있는 자영업자,,,46.2,천명
202601,취업자,전북특별자치도,-고용원이 있는 자영업자,,,45.8,천명
202602,취업자,전북특별자치도,-고용원이 있는 자영업자,,,44.5,천명
202603,취업자,전북특별자치도,-고용원이 있는 자영업자,,,45.9,천명
202604,취업자,전북특별자치도,-고용원이 있는 자영업자,,,47.7,천명
202605,취업자,전북특별자치도,-고용원이 있는 자영업자,,,48.5,천명
202606,취업자,전북특별자치도,-고용원이 있는 자영업자,,,52,천명
202607,취업자,전북특별자치도,-고용원이 있는 자영업자,,,53,천명
202608,취업자,전북특별자치도,-고용원이 있는 자영업자,,,51.8,천명
202301,취업자,전북특별자치도,-고용원이 없는 자영업자,,,213.4,천명
202302,취업자,전북특별자치도,-고용원이 없는 자영업자,,,217.3,천명
202303,취업자,전북특별자치도,-고용원이 없는 자영업자,,,216.1,천명
202304,취업자,전북특별자치도,-고용원이 없는 자영업자,,,222.3,천명
202305,취업자,전북특별자치도,-고용원이 없는 자영업자,,,223.4,천명
202306,취업자,전북특별자치도,-고용원이 없는 자영업자,,,221.7,천명
202307,취업자,전북특별자치도,-고용원이 없는 자영업자,,,223.1,천명
202308,취업자,전북특별자치도,-고용원이 없는 자영업자,,,220.4,천명
202309,취업자,전북특별자치도,-고용원이 없는 자영업자,,,218.5,천명
202310,취업자,전북특별자치도,-고용원이 없는 자영업자,,,223.8,천명
202311,취업자,전북특별자치도,-고용원이 없는 자영업자,,,228.4,천명
202312,취업자,전북특별자치도,-고용원이 없는 자영업자,,,229,천명
202401,취업자,전북특별자치도,-고용원이 없는 자영업자,,,225.4,천명
202402,취업자,전북특별자치도,-고용원이 없는 자영업자,,,220.3,천명
202403,취업자,전북특별자치도,-고용원이 없는 자영업자,,,218.9,천명
202404,취업자,전북특별자치도,-고용원이 없는 자영업자,,,218.8,천명
202405,취업자,전북특별자치도,-고용원이 없는 자영업자,,,219.6,천명
202406,취업자,전북특별자치도,-고용원이 없는 자영업자,,,215.1,천명
202407,취업자,전북특별자치도,-고용원이 없는 자영업자,,,218.6,천명
202408,취업자,전북특별자치도,-고용원이 없는 자영업자,,,213.8,천명
202409,취업자,전북특별자치도,-고용원이 없는 자영업자,,,207.5,천명
202410,취업자,전북특별자치도,-고용원이 없는 자영업자,,,205.8,천명
202411,취업자,전북특별자치도,-고용원이 없는 자영업자,,,202.9,천명
202412,취업자,전북특별자치도,-고용원이 없는 자영업자,,,200.9,천명
202501,취업자,전북특별자치도,-고용원이 없는 자영업자,,,196.6,천명
202502,취업자,전북특별자치도,-고용원이 없는 자영업자,,,190.1,천명
202503,취업자,전북특별자치도,-고용원이 없는 자영업자,,,188.8,천명
202504,취업자,전북특별자치도,-고용원이 없는 자영업자,,,188.5,천명
202505,취업자,전북특별자치도,-고용원이 없는 자영업자,,,195.4,천명
202506,취업자,전북특별자치도,-고용원이 없는 자영업자,,,199.2,천명
202507,취업자,전북특별자치도,-고용원이 없는 자영업자,,,200.4,천명
202508,취업자,전북특별자치도,-고용원이 없는 자영업자,,,200.2,천명
202509,취업자,전북특별자치도,-고용원이 없는 자영업자,,,200.3,천명
202510,취업자,전북특별자치도,-고용원이 없는 자영업자,,,197.4,천명
202511,취업자,전북특별자치도,-고용원이 없는 자영업자,,,196.3,천명
202512,취업자,전북특별자치도,-고용원이 없는 자영업자,,,196.3,천명
202601,취업자,전북특별자치도,-고용원이 없는 자영업자,,,194.7,천명
202602,취업자,전북특별자치도,-고용원이 없는 자영업자,,,192.1,천명
202603,취업자,전북특별자치도,-고용원이 없는 자영업자,,,197.8,천명
202604,취업자,전북특별자치도,-고용원이 없는 자영업자,,,199.7,천명
202605,취업자,전북특별자치도,-고용원이 없는 자영업자,,,194.2,천명
202606,취업자,전북특별자치도,-고용원이 없는 자영업자,,,195.9,천명
202607,취업자,전북특별자치도,-고용원이 없는 자영업자,,,196.7,천명
202608,취업자,전북특별자치도,-고용원이 없는 자영업자,,,194.6,천명
202301,취업자,전북특별자치도,-무급가족종사자,,,60,천명
202302,취업자,전북특별자치도,-무급가족종사자,,,63.7,천명
202303,취업자,전북특별자치도,-무급가족종사자,,,69,천명
202304,취업자,전북특별자치도,-무급가족종사자,,,75.6,천명
202305,취업자,전북특별자치도,-무급가족종사자,,,82.6,천명
202306,취업자,전북특별자치도,-무급가족종사자,,,82.5,천명
202307,취업자,전북특별자치도,-무급가족종사자,,,80.7,천명
202308,취업자,전북특별자치도,-무급가족종사자,,,81.5,천명
202309,취업자,전북특별자치도,-무급가족종사자,,,81.5,천명
202310,취업자,전북특별자치도,-무급가족종사자,,,79.6,천명
202311,취업자,전북특별자치도,-무급가족종사자,,,74.8,천명
202312,취업자,전북특별자치도,-무급가족종사자,,,55.2,천명
202401,취업자,전북특별자치도,-무급가족종사자,,,53.4,천명
202402,취업자,전북특별자치도,-무급가족종사자,,,52.9,천명
202403,취업자,전북특별자치도,-무급가족종사자,,,63.6,천명
202404,취업자,전북특별자치도,-무급가족종사자,,,70.8,천명
202405,취업자,전북특별자치도,-무급가족종사자,,,71.9,천명
202406,취업자,전북특별자치도,-무급가족종사자,,,70.2,천명
202407,취업자,전북특별자치도,-무급가족종사자,,,70.9,천명
202408,취업자,전북특별자치도,-무급가족종사자,,,69.9,천명
202409,취업자,전북특별자치도,-무급가족종사자,,,65.6,천명
202410,취업자,전북특별자치도,-무급가족종사자,,,66.5,천명
202411,취업자,전북특별자치도,-무급가족종사자,,,62.6,천명
202412,취업자,전북특별자치도,-무급가족종사자,,,50.5,천명
202501,취업자,전북특별자치도,-무급가족종사자,,,47.2,천명
202502,취업자,전북특별자치도,-무급가족종사자,,,45.4,천명
202503,취업자,전북특별자치도,-무급가족종사자,,,54.9,천명
202504,취업자,전북특별자치도,-무급가족종사자,,,61.2,천명
202505,취업자,전북특별자치도,-무급가족종사자,,,63.3,천명
202506,취업자,전북특별자치도,-무급가족종사자,,,66.8,천명
202507,취업자,전북특별자치도,-무급가족종사자,,,64.2,천명
202508,취업자,전북특별자치도,-무급가족종사자,,,64.7,천명
202509,취업자,전북특별자치도,-무급가족종사자,,,65.6,천명
202510,취업자,전북특별자치도,-무급가족종사자,,,64,천명
202511,취업자,전북특별자치도,-무급가족종사자,,,61.6,천명
202512,취업자,전북특별자치도,-무급가족종사자,,,47.2,천명
202601,취업자,전북특별자치도,-무급가족종사자,,,41.6,천명
202602,취업자,전북특별자치도,-무급가족종사자,,,41.4,천명
202603,취업자,전북특별자치도,-무급가족종사자,,,48.1,천명
202604,취업자,전북특별자치도,-무급가족종사자,,,54.8,천명
202605,취업자,전북특별자치도,-무급가족종사자,,,56,천명
202606,취업자,전북특별자치도,-무급가족종사자,,,59,천명
202607,취업자,전북특별자치도,-무급가족종사자,,,59.2,천명
202608,취업자,전북특별자치도,-무급가족종사자,,,58.6,천명
202301,취업자,전북특별자치도,임금근로자,,,614.8,천명
202302,취업자,전북특별자치도,임금근로자,,,639.8,천명
202303,취업자,전북특별자치도,임금근로자,,,641.9,천명
202304,취업자,전북특별자치도,임금근로자,,,641.6,천명
202305,취업자,전북특별자치도,임금근로자,,,651.4,천명
202306,취업자,전북특별자치도,임금근로자,,,651,천명
202307,취업자,전북특별자치도,임금근로자,,,662.2,천명
202308,취업자,전북특별자치도,임금근로자,,,666.5,천명
202309,취업자,전북특별자치도,임금근로자,,,666.4,천명
202310,취업자,전북특별자치도,임금근로자,,,656.4,천명
202311,취업자,전북특별자치도,임금근로자,,,658.3,천명
202312,취업자,전북특별자치도,임금근로자,,,624.4,천명
202401,취업자,전북특별자치도,임금근로자,,,623.7,천명
202402,취업자,전북특별자치도,임금근로자,,,649.3,천명
202403,취업자,전북특별자치도,임금근로자,,,666.5,천명
202404,취업자,전북특별자치도,임금근로자,,,662.9,천명
202405,취업자,전북특별자치도,임금근로자,,,672.3,천명
202406,취업자,전북특별자치도,임금근로자,,,670.4,천명
202407,취업자,전북특별자치도,임금근로자,,,671.2,천명
202408,취업자,전북특별자치도,임금근로자,,,669.8,천명
202409,취업자,전북특별자치도,임금근로자,,,675.7,천명
202410,취업자,전북특별자치도,임금근로자,,,678.4,천명
202411,취업자,전북특별자치도,임금근로자,,,678.9,천명
202412,취업자,전북특별자치도,임금근로자,,,628,천명
202501,취업자,전북특별자치도,임금근로자,,,648.4,천명
202502,취업자,전북특별자치도,임금근로자,,,677,천명
202503,취업자,전북특별자치도,임금근로자,,,679.9,천명
202504,취업자,전북특별자치도,임금근로자,,,679.9,천명
202505,취업자,전북특별자치도,임금근로자,,,687.4,천명
202506,취업자,전북특별자치도,임금근로자,,,684.8,천명
202507,취업자,전북특별자치도,임금근로자,,,691.7,천명
202508,취업자,전북특별자치도,임금근로자,,,692.8,천명
202509,취업자,전북특별자치도,임금근로자,,,696.9,천명
202510,취업자,전북특별자치도,임금근로자,,,690.5,천명
202511,취업자,전북특별자치도,임금근로자,,,691.3,천명
202512,취업자,전북특별자치도,임금근로자,,,624.3,천명
202601,취업자,전북특별자치도,임금근로자,,,651,천명
202602,취업자,전북특별자치도,임금근로자,,,686.7,천명
202603,취업자,전북특별자치도,임금근로자,,,694.7,천명
202604,취업자,전북특별자치도,임금근로자,,,696.9,천명
202605,취업자,전북특별자치도,임금근로자,,,698,천명
202606,취업자,전북특별자치도,임금근로자,,,693.1,천명
202607,취업자,전북특별자치도,임금근로자,,,685.2,천명
202608,취업자,전북특별자치도,임금근로자,,,685.3,천명
202301,취업자,전북특별자치도,-상용근로자,,,444,천명
202302,취업자,전북특별자치도,-상용근로자,,,444.5,천명
202303,취업자,전북특별자치도,-상용근로자,,,449.6,천명
202304,취업자,전북특별자치도,-상용근로자,,,448,천명
202305,취업자,전북특별자치도,-상용근로자,,,452.1,천명
202306,취업자,전북특별자치도,-상용근로자,,,457.3,천명
202307,취업자,전북특별자치도,-상용근로자,,,463.6,천명
202308,취업자,전북특별자치도,-상용근로자,,,465.9,천명
202309,취업자,전북특별자치도,-상용근로자,,,468.3,천명
202310,취업자,전북특별자치도,-상용근로자,,,460.1,천명
202311,취업자,전북특별자치도,-상용근로자,,,460.5,천명
202312,취업자,전북특별자치도,-상용근로자,,,455,천명
202401,취업자,전북특별자치도,-상용근로자,,,449.3,천명
202402,취업자,전북특별자치도,-상용근로자,,,449.8,천명
202403,취업자,전북특별자치도,-상용근로자,,,459.3,천명
202404,취업자,전북특별자치도,-상용근로자,,,459.6,천명
202405,취업자,전북특별자치도,-상용근로자,,,467.1,천명
202406,취업자,전북특별자치도,-상용근로자,,,469,천명
202407,취업자,전북특별자치도,-상용근로자,,,470.3,천명
202408,취업자,전북특별자치도,-상용근로자,,,468.8,천명
202409,취업자,전북특별자치도,-상용근로자,,,482.6,천명
202410,취업자,전북특별자치도,-상용근로자,,,486.2,천명
202411,취업자,전북특별자치도,-상용근로자,,,489.1,천명
202412,취업자,전북특별자치도,-상용근로자,,,488,천명
202501,취업자,전북특별자치도,-상용근로자,,,487.1,천명
202502,취업자,전북특별자치도,-상용근로자,,,487.4,천명
202503,취업자,전북특별자치도,-상용근로자,,,487,천명
202504,취업자,전북특별자치도,-상용근로자,,,494.3,천명
202505,취업자,전북특별자치도,-상용근로자,,,498,천명
202506,취업자,전북특별자치도,-상용근로자,,,501.4,천명
202507,취업자,전북특별자치도,-상용근로자,,,504.7,천명
202508,취업자,전북특별자치도,-상용근로자,,,499.5,천명
202509,취업자,전북특별자치도,-상용근로자,,,497.2,천명
202510,취업자,전북특별자치도,-상용근로자,,,494.3,천명
202511,취업자,전북특별자치도,-상용근로자,,,490.5,천명
202512,취업자,전북특별자치도,-상용근로자,,,486.2,천명
202601,취업자,전북특별자치도,-상용근로자,,,479.7,천명
202602,취업자,전북특별자치도,-상용근로자,,,485.7,천명
202603,취업자,전북특별자치도,-상용근로자,,,485.8,천명
202604,취업자,전북특별자치도,-상용근로자,,,482.5,천명
202605,취업자,전북특별자치도,-상용근로자,,,480.2,천명
202606,취업자,전북특별자치도,-상용근로자,,,474.4,천명
202607,취업자,전북특별자치도,-상용근로자,,,468.9,천명
202608,취업자,전북특별자치도,-상용근로자,,,475.3,천명
202301,취업자,전북특별자치도,-임시근로자,,,133.5,천명
202302,취업자,전북특별자치도,-임시근로자,,,156.2,천명
202303,취업자,전북특별자치도,-임시근로자,,,152.2,천명
202304,취업자,전북특별자치도,-임시근로자,,,151.8,천명
202305,취업자,전북특별자치도,-임시근로자,,,157.3,천명
202306,취업자,전북특별자치도,-임시근로자,,,152,천명
202307,취업자,전북특별자치도,-임시근로자,,,155.2,천명
202308,취업자,전북특별자치도,-임시근로자,,,156.4,천명
202309,취업자,전북특별자치도,-임시근로자,,,157.9,천명
202310,취업자,전북특별자치도,-임시근로자,,,156.8,천명
202311,취업자,전북특별자치도,-임시근로자,,,155.9,천명
202312,취업자,전북특별자치도,-임시근로자,,,125.8,천명
202401,취업자,전북특별자치도,-임시근로자,,,136.8,천명
202402,취업자,전북특별자치도,-임시근로자,,,161.6,천명
202403,취업자,전북특별자치도,-임시근로자,,,168.5,천명
202404,취업자,전북특별자치도,-임시근로자,,,168.3,천명
202405,취업자,전북특별자치도,-임시근로자,,,170.3,천명
202406,취업자,전북특별자치도,-임시근로자,,,170.4,천명
202407,취업자,전북특별자치도,-임시근로자,,,167.8,천명
202408,취업자,전북특별자치도,-임시근로자,,,166.4,천명
202409,취업자,전북특별자치도,-임시근로자,,,160.8,천명
202410,취업자,전북특별자치도,-임시근로자,,,160.7,천명
202411,취업자,전북특별자치도,-임시근로자,,,155.1,천명
202412,취업자,전북특별자치도,-임시근로자,,,108.3,천명
202501,취업자,전북특별자치도,-임시근로자,,,132.8,천명
202502,취업자,전북특별자치도,-임시근로자,,,159.9,천명
202503,취업자,전북특별자치도,-임시근로자,,,161.6,천명
202504,취업자,전북특별자치도,-임시근로자,,,155.7,천명
202505,취업자,전북특별자치도,-임시근로자,,,158.9,천명
202506,취업자,전북특별자치도,-임시근로자,,,154.5,천명
202507,취업자,전북특별자치도,-임시근로자,,,157.6,천명
202508,취업자,전북특별자치도,-임시근로자,,,162.4,천명
202509,취업자,전북특별자치도,-임시근로자,,,166.8,천명
202510,취업자,전북특별자치도,-임시근로자,,,166.2,천명
202511,취업자,전북특별자치도,-임시근로자,,,172.1,천명
202512,취업자,전북특별자치도,-임시근로자,,,106.9,천명
202601,취업자,전북특별자치도,-임시근로자,,,146.1,천명
202602,취업자,전북특별자치도,-임시근로자,,,178.5,천명
202603,취업자,전북특별자치도,-임시근로자,,,178.2,천명
202604,취업자,전북특별자치도,-임시근로자,,,184.2,천명
202605,취업자,전북특별자치도,-임시근로자,,,186.8,천명
202606,취업자,전북특별자치도,-임시근로자,,,188.5,천명
202607,취업자,전북특별자치도,-임시근로자,,,189.7,천명
202608,취업자,전북특별자치도,-임시근로자,,,184.3,천명
202301,취업자,전북특별자치도,-일용근로자,,,37.3,천명
202302,취업자,전북특별자치도,-일용근로자,,,39.1,천명
202303,취업자,전북특별자치도,-일용근로자,,,40.1,천명
202304,취업자,전북특별자치도,-일용근로자,,,41.8,천명
202305,취업자,전북특별자치도,-일용근로자,,,42,천명
202306,취업자,전북특별자치도,-일용근로자,,,41.8,천명
202307,취업자,전북특별자치도,-일용근로자,,,43.3,천명
202308,취업자,전북특별자치도,-일용근로자,,,44.2,천명
202309,취업자,전북특별자치도,-일용근로자,,,40.3,천명
202310,취업자,전북특별자치도,-일용근로자,,,39.6,천명
202311,취업자,전북특별자치도,-일용근로자,,,41.9,천명
202312,취업자,전북특별자치도,-일용근로자,,,43.6,천명
202401,취업자,전북특별자치도,-일용근로자,,,37.6,천명
202402,취업자,전북특별자치도,-일용근로자,,,38,천명
202403,취업자,전북특별자치도,-일용근로자,,,38.7,천명
202404,취업자,전북특별자치도,-일용근로자,,,34.9,천명
202405,취업자,전북특별자치도,-일용근로자,,,34.9,천명
202406,취업자,전북특별자치도,-일용근로자,,,31,천명
202407,취업자,전북특별자치도,-일용근로자,,,33,천명
202408,취업자,전북특별자치도,-일용근로자,,,34.5,천명
202409,취업자,전북특별자치도,-일용근로자,,,32.4,천명
202410,취업자,전북특별자치도,-일용근로자,,,31.4,천명
202411,취업자,전북특별자치도,-일용근로자,,,34.7,천명
202412,취업자,전북특별자치도,-일용근로자,,,31.8,천명
202501,취업자,전북특별자치도,-일용근로자,,,28.5,천명
202502,취업자,전북특별자치도,-일용근로자,,,29.7,천명
202503,취업자,전북특별자치도,-일용근로자,,,31.3,천명
202504,취업자,전북특별자치도,-일용근로자,,,29.9,천명
202505,취업자,전북특별자치도,-일용근로자,,,30.5,천명
202506,취업자,전북특별자치도,-일용근로자,,,29,천명
202507,취업자,전북특별자치도,-일용근로자,,,29.4,천명
202508,취업자,전북특별자치도,-일용근로자,,,30.9,천명
202509,취업자,전북특별자치도,-일용근로자,,,32.9,천명
202510,취업자,전북특별자치도,-일용근로자,,,30,천명
202511,취업자,전북특별자치도,-일용근로자,,,28.8,천명
202512,취업자,전북특별자치도,-일용근로자,,,31.2,천명
202601,취업자,전북특별자치도,-일용근로자,,,25.2,천명
202602,취업자,전북특별자치도,-일용근로자,,,22.6,천명
202603,취업자,전북특별자치도,-일용근로자,,,30.7,천명
202604,취업자,전북특별자치도,-일용근로자,,,30.3,천명
202605,취업자,전북특별자치도,-일용근로자,,,30.9,천명
202606,취업자,전북특별자치도,-일용근로자,,,30.3,천명
202607,취업자,전북특별자치도,-일용근로자,,,26.6,천명
202608,취업자,전북특별자치도,-일용근로자,,,25.8,천명
202301,취업자,전라남도,계,,,979.7,천명
202302,취업자,전라남도,계,,,1003,천명
202303,취업자,전라남도,계,,,1027.4,천명
202304,취업자,전라남도,계,,,1034.8,천명
202305,취업자,전라남도,계,,,1046.3,천명
202306,취업자,전라남도,계,,,1040.6,천명
202307,취업자,전라남도,계,,,1029.5,천명
202308,취업자,전라남도,계,,,1022,천명
202309,취업자,전라남도,계,,,1020,천명
202310,취업자,전라남도,계,,,1017.7,천명
202311,취업자,전라남도,계,,,1016.1,천명
202312,취업자,전라남도,계,,,987.1,천명
202401,취업자,전라남도,계,,,970.2,천명
202402,취업자,전라남도,계,,,991.1,천명
202403,취업자,전라남도,계,,,1011.3,천명
202404,취업자,전라남도,계,,,1016.3,천명
202405,취업자,전라남도,계,,,1020.9,천명
202406,취업자,전라남도,계,,,1012.8,천명
202407,취업자,전라남도,계,,,1015.3,천명
202408,취업자,전라남도,계,,,1011.5,천명
202409,취업자,전라남도,계,,,1009.6,천명
202410,취업자,전라남도,계,,,1009.9,천명
202411,취업자,전라남도,계,,,1016,천명
202412,취업자,전라남도,계,,,965.8,천명
202501,취업자,전라남도,계,,,962.1,천명
202502,취업자,전라남도,계,,,983.4,천명
202503,취업자,전라남도,계,,,999.5,천명
202504,취업자,전라남도,계,,,1007.9,천명
202505,취업자,전라남도,계,,,1013.4,천명
202506,취업자,전라남도,계,,,1016.1,천명
202507,취업자,전라남도,계,,,1003.6,천명
202508,취업자,전라남도,계,,,1003.5,천명
202509,취업자,전라남도,계,,,1007,천명
202510,취업자,전라남도,계,,,1007.3,천명
202511,취업자,전라남도,계,,,1008.2,천명
202512,취업자,전라남도,계,,,956.5,천명
202601,취업자,전라남도,계,,,949.5,천명
202602,취업자,전라남도,계,,,985.7,천명
202603,취업자,전라남도,계,,,1001,천명
202604,취업자,전라남도,계,,,1007.7,천명
202605,취업자,전라남도,계,,,1017,천명
202606,취업자,전라남도,계,,,1018.1,천명
202607,취업자,전라남도,계,,,1018.5,천명
202608,취업자,전라남도,계,,,1010.3,천명
202301,취업자,전라남도,비임금근로자,,,391.8,천명
202302,취업자,전라남도,비임금근로자,,,388.2,천명
202303,취업자,전라남도,비임금근로자,,,395.5,천명
202304,취업자,전라남도,비임금근로자,,,396.4,천명
202305,취업자,전라남도,비임금근로자,,,400.3,천명
202306,취업자,전라남도,비임금근로자,,,396.2,천명
202307,취업자,전라남도,비임금근로자,,,398.5,천명
202308,취업자,전라남도,비임금근로자,,,390.8,천명
202309,취업자,전라남도,비임금근로자,,,384.2,천명
202310,취업자,전라남도,비임금근로자,,,383.5,천명
202311,취업자,전라남도,비임금근로자,,,381.4,천명
202312,취업자,전라남도,비임금근로자,,,363.7,천명
202401,취업자,전라남도,비임금근로자,,,353.1,천명
202402,취업자,전라남도,비임금근로자,,,358.7,천명
202403,취업자,전라남도,비임금근로자,,,362.2,천명
202404,취업자,전라남도,비임금근로자,,,375.4,천명
202405,취업자,전라남도,비임금근로자,,,382.6,천명
202406,취업자,전라남도,비임금근로자,,,386.8,천명
202407,취업자,전라남도,비임금근로자,,,384.2,천명
202408,취업자,전라남도,비임금근로자,,,387.8,천명
202409,취업자,전라남도,비임금근로자,,,386.5,천명
202410,취업자,전라남도,비임금근로자,,,384.1,천명
202411,취업자,전라남도,비임금근로자,,,386.1,천명
202412,취업자,전라남도,비임금근로자,,,383.7,천명
202501,취업자,전라남도,비임금근로자,,,376.3,천명
202502,취업자,전라남도,비임금근로자,,,370.5,천명
202503,취업자,전라남도,비임금근로자,,,372.9,천명
202504,취업자,전라남도,비임금근로자,,,377.2,천명
202505,취업자,전라남도,비임금근로자,,,379.7,천명
202506,취업자,전라남도,비임금근로자,,,368.1,천명
202507,취업자,전라남도,비임금근로자,,,368.8,천명
202508,취업자,전라남도,비임금근로자,,,372.3,천명
202509,취업자,전라남도,비임금근로자,,,371.2,천명
202510,취업자,전라남도,비임금근로자,,,371.5,천명
202511,취업자,전라남도,비임금근로자,,,367.7,천명
202512,취업자,전라남도,비임금근로자,,,364.5,천명
202601,취업자,전라남도,비임금근로자,,,367.1,천명
202602,취업자,전라남도,비임금근로자,,,357.8,천명
202603,취업자,전라남도,비임금근로자,,,359.9,천명
202604,취업자,전라남도,비임금근로자,,,367.1,천명
202605,취업자,전라남도,비임금근로자,,,368.4,천명
202606,취업자,전라남도,비임금근로자,,,374.5,천명
202607,취업자,전라남도,비임금근로자,,,377.6,천명
202608,취업자,전라남도,비임금근로자,,,383,천명
202301,취업자,전라남도,*자영업자,,,311.5,천명
202302,취업자,전라남도,*자영업자,,,310.3,천명
202303,취업자,전라남도,*자영업자,,,314.6,천명
202304,취업자,전라남도,*자영업자,,,313.2,천명
202305,취업자,전라남도,*자영업자,,,315.2,천명
202306,취업자,전라남도,*자영업자,,,309.4,천명
202307,취업자,전라남도,*자영업자,,,311.8,천명
202308,취업자,전라남도,*자영업자,,,307.8,천명
202309,취업자,전라남도,*자영업자,,,303.1,천명
202310,취업자,전라남도,*자영업자,,,304.5,천명
202311,취업자,전라남도,*자영업자,,,302.6,천명
202312,취업자,전라남도,*자영업자,,,295.1,천명
202401,취업자,전라남도,*자영업자,,,287.3,천명
202402,취업자,전라남도,*자영업자,,,292.3,천명
202403,취업자,전라남도,*자영업자,,,289.1,천명
202404,취업자,전라남도,*자영업자,,,297.9,천명
202405,취업자,전라남도,*자영업자,,,300.5,천명
202406,취업자,전라남도,*자영업자,,,301.4,천명
202407,취업자,전라남도,*자영업자,,,298.3,천명
202408,취업자,전라남도,*자영업자,,,301.4,천명
202409,취업자,전라남도,*자영업자,,,297.6,천명
202410,취업자,전라남도,*자영업자,,,293.3,천명
202411,취업자,전라남도,*자영업자,,,297,천명
202412,취업자,전라남도,*자영업자,,,299.1,천명
202501,취업자,전라남도,*자영업자,,,296.1,천명
202502,취업자,전라남도,*자영업자,,,293.6,천명
202503,취업자,전라남도,*자영업자,,,295.2,천명
202504,취업자,전라남도,*자영업자,,,296.6,천명
202505,취업자,전라남도,*자영업자,,,293.3,천명
202506,취업자,전라남도,*자영업자,,,286.7,천명
202507,취업자,전라남도,*자영업자,,,287,천명
202508,취업자,전라남도,*자영업자,,,288.4,천명
202509,취업자,전라남도,*자영업자,,,288.2,천명
202510,취업자,전라남도,*자영업자,,,286.9,천명
202511,취업자,전라남도,*자영업자,,,282.3,천명
202512,취업자,전라남도,*자영업자,,,281,천명
202601,취업자,전라남도,*자영업자,,,282.6,천명
202602,취업자,전라남도,*자영업자,,,277.7,천명
202603,취업자,전라남도,*자영업자,,,280.3,천명
202604,취업자,전라남도,*자영업자,,,284,천명
202605,취업자,전라남도,*자영업자,,,284.2,천명
202606,취업자,전라남도,*자영업자,,,290.2,천명
202607,취업자,전라남도,*자영업자,,,294.3,천명
202608,취업자,전라남도,*자영업자,,,296.5,천명
202301,취업자,전라남도,-고용원이 있는 자영업자,,,44.4,천명
202302,취업자,전라남도,-고용원이 있는 자영업자,,,45,천명
202303,취업자,전라남도,-고용원이 있는 자영업자,,,44.1,천명
202304,취업자,전라남도,-고용원이 있는 자영업자,,,42.2,천명
202305,취업자,전라남도,-고용원이 있는 자영업자,,,41.1,천명
202306,취업자,전라남도,-고용원이 있는 자영업자,,,39.5,천명
202307,취업자,전라남도,-고용원이 있는 자영업자,,,38.7,천명
202308,취업자,전라남도,-고용원이 있는 자영업자,,,35.5,천명
202309,취업자,전라남도,-고용원이 있는 자영업자,,,37.7,천명
202310,취업자,전라남도,-고용원이 있는 자영업자,,,38.7,천명
202311,취업자,전라남도,-고용원이 있는 자영업자,,,36.1,천명
202312,취업자,전라남도,-고용원이 있는 자영업자,,,36.3,천명
202401,취업자,전라남도,-고용원이 있는 자영업자,,,34.6,천명
202402,취업자,전라남도,-고용원이 있는 자영업자,,,36.4,천명
202403,취업자,전라남도,-고용원이 있는 자영업자,,,39.4,천명
202404,취업자,전라남도,-고용원이 있는 자영업자,,,38.9,천명
202405,취업자,전라남도,-고용원이 있는 자영업자,,,40.5,천명
202406,취업자,전라남도,-고용원이 있는 자영업자,,,40.1,천명
202407,취업자,전라남도,-고용원이 있는 자영업자,,,37.9,천명
202408,취업자,전라남도,-고용원이 있는 자영업자,,,39.7,천명
202409,취업자,전라남도,-고용원이 있는 자영업자,,,37.8,천명
202410,취업자,전라남도,-고용원이 있는 자영업자,,,38.9,천명
202411,취업자,전라남도,-고용원이 있는 자영업자,,,40.8,천명
202412,취업자,전라남도,-고용원이 있는 자영업자,,,40.1,천명
202501,취업자,전라남도,-고용원이 있는 자영업자,,,36.6,천명
202502,취업자,전라남도,-고용원이 있는 자영업자,,,36.9,천명
202503,취업자,전라남도,-고용원이 있는 자영업자,,,37.6,천명
202504,취업자,전라남도,-고용원이 있는 자영업자,,,38.6,천명
202505,취업자,전라남도,-고용원이 있는 자영업자,,,37.8,천명
202506,취업자,전라남도,-고용원이 있는 자영업자,,,35.1,천명
202507,취업자,전라남도,-고용원이 있는 자영업자,,,36.9,천명
202508,취업자,전라남도,-고용원이 있는 자영업자,,,37.9,천명
202509,취업자,전라남도,-고용원이 있는 자영업자,,,40.4,천명
202510,취업자,전라남도,-고용원이 있는 자영업자,,,43.2,천명
202511,취업자,전라남도,-고용원이 있는 자영업자,,,47.9,천명
202512,취업자,전라남도,-고용원이 있는 자영업자,,,47.3,천명
202601,취업자,전라남도,-고용원이 있는 자영업자,,,46.5,천명
202602,취업자,전라남도,-고용원이 있는 자영업자,,,45.5,천명
202603,취업자,전라남도,-고용원이 있는 자영업자,,,48.4,천명
202604,취업자,전라남도,-고용원이 있는 자영업자,,,45,천명
202605,취업자,전라남도,-고용원이 있는 자영업자,,,48,천명
202606,취업자,전라남도,-고용원이 있는 자영업자,,,46.1,천명
202607,취업자,전라남도,-고용원이 있는 자영업자,,,46.5,천명
202608,취업자,전라남도,-고용원이 있는 자영업자,,,47.9,천명
202301,취업자,전라남도,-고용원이 없는 자영업자,,,267.1,천명
202302,취업자,전라남도,-고용원이 없는 자영업자,,,265.4,천명
202303,취업자,전라남도,-고용원이 없는 자영업자,,,270.5,천명
202304,취업자,전라남도,-고용원이 없는 자영업자,,,271,천명
202305,취업자,전라남도,-고용원이 없는 자영업자,,,274.1,천명
202306,취업자,전라남도,-고용원이 없는 자영업자,,,269.9,천명
202307,취업자,전라남도,-고용원이 없는 자영업자,,,273,천명
202308,취업자,전라남도,-고용원이 없는 자영업자,,,272.3,천명
202309,취업자,전라남도,-고용원이 없는 자영업자,,,265.5,천명
202310,취업자,전라남도,-고용원이 없는 자영업자,,,265.8,천명
202311,취업자,전라남도,-고용원이 없는 자영업자,,,266.5,천명
202312,취업자,전라남도,-고용원이 없는 자영업자,,,258.7,천명
202401,취업자,전라남도,-고용원이 없는 자영업자,,,252.6,천명
202402,취업자,전라남도,-고용원이 없는 자영업자,,,255.9,천명
202403,취업자,전라남도,-고용원이 없는 자영업자,,,249.7,천명
202404,취업자,전라남도,-고용원이 없는 자영업자,,,258.9,천명
202405,취업자,전라남도,-고용원이 없는 자영업자,,,260,천명
202406,취업자,전라남도,-고용원이 없는 자영업자,,,261.3,천명
202407,취업자,전라남도,-고용원이 없는 자영업자,,,260.4,천명
202408,취업자,전라남도,-고용원이 없는 자영업자,,,261.7,천명
202409,취업자,전라남도,-고용원이 없는 자영업자,,,259.7,천명
202410,취업자,전라남도,-고용원이 없는 자영업자,,,254.4,천명
202411,취업자,전라남도,-고용원이 없는 자영업자,,,256.2,천명
202412,취업자,전라남도,-고용원이 없는 자영업자,,,259,천명
202501,취업자,전라남도,-고용원이 없는 자영업자,,,259.4,천명
202502,취업자,전라남도,-고용원이 없는 자영업자,,,256.7,천명
202503,취업자,전라남도,-고용원이 없는 자영업자,,,257.6,천명
202504,취업자,전라남도,-고용원이 없는 자영업자,,,258.1,천명
202505,취업자,전라남도,-고용원이 없는 자영업자,,,255.6,천명
202506,취업자,전라남도,-고용원이 없는 자영업자,,,251.6,천명
202507,취업자,전라남도,-고용원이 없는 자영업자,,,250.1,천명
202508,취업자,전라남도,-고용원이 없는 자영업자,,,250.5,천명
202509,취업자,전라남도,-고용원이 없는 자영업자,,,247.9,천명
202510,취업자,전라남도,-고용원이 없는 자영업자,,,243.6,천명
202511,취업자,전라남도,-고용원이 없는 자영업자,,,234.4,천명
202512,취업자,전라남도,-고용원이 없는 자영업자,,,233.7,천명
202601,취업자,전라남도,-고용원이 없는 자영업자,,,236.2,천명
202602,취업자,전라남도,-고용원이 없는 자영업자,,,232.2,천명
202603,취업자,전라남도,-고용원이 없는 자영업자,,,231.9,천명
202604,취업자,전라남도,-고용원이 없는 자영업자,,,239.1,천명
202605,취업자,전라남도,-고용원이 없는 자영업자,,,236.2,천명
202606,취업자,전라남도,-고용원이 없는 자영업자,,,244.1,천명
202607,취업자,전라남도,-고용원이 없는 자영업자,,,247.8,천명
202608,취업자,전라남도,-고용원이 없는 자영업자,,,248.6,천명
202301,취업자,전라남도,-무급가족종사자,,,80.3,천명
202302,취업자,전라남도,-무급가족종사자,,,77.8,천명
202303,취업자,전라남도,-무급가족종사자,,,80.8,천명
202304,취업자,전라남도,-무급가족종사자,,,83.2,천명
202305,취업자,전라남도,-무급가족종사자,,,85.2,천명
202306,취업자,전라남도,-무급가족종사자,,,86.8,천명
202307,취업자,전라남도,-무급가족종사자,,,86.8,천명
202308,취업자,전라남도,-무급가족종사자,,,82.9,천명
202309,취업자,전라남도,-무급가족종사자,,,81.1,천명
202310,취업자,전라남도,-무급가족종사자,,,79,천명
202311,취업자,전라남도,-무급가족종사자,,,78.8,천명
202312,취업자,전라남도,-무급가족종사자,,,68.6,천명
202401,취업자,전라남도,-무급가족종사자,,,65.9,천명
202402,취업자,전라남도,-무급가족종사자,,,66.4,천명
202403,취업자,전라남도,-무급가족종사자,,,73.1,천명
202404,취업자,전라남도,-무급가족종사자,,,77.5,천명
202405,취업자,전라남도,-무급가족종사자,,,82.1,천명
202406,취업자,전라남도,-무급가족종사자,,,85.4,천명
202407,취업자,전라남도,-무급가족종사자,,,85.8,천명
202408,취업자,전라남도,-무급가족종사자,,,86.4,천명
202409,취업자,전라남도,-무급가족종사자,,,88.9,천명
202410,취업자,전라남도,-무급가족종사자,,,90.8,천명
202411,취업자,전라남도,-무급가족종사자,,,89,천명
202412,취업자,전라남도,-무급가족종사자,,,84.7,천명
202501,취업자,전라남도,-무급가족종사자,,,80.2,천명
202502,취업자,전라남도,-무급가족종사자,,,76.8,천명
202503,취업자,전라남도,-무급가족종사자,,,77.7,천명
202504,취업자,전라남도,-무급가족종사자,,,80.6,천명
202505,취업자,전라남도,-무급가족종사자,,,86.4,천명
202506,취업자,전라남도,-무급가족종사자,,,81.3,천명
202507,취업자,전라남도,-무급가족종사자,,,81.8,천명
202508,취업자,전라남도,-무급가족종사자,,,83.9,천명
202509,취업자,전라남도,-무급가족종사자,,,83,천명
202510,취업자,전라남도,-무급가족종사자,,,84.7,천명
202511,취업자,전라남도,-무급가족종사자,,,85.3,천명
202512,취업자,전라남도,-무급가족종사자,,,83.5,천명
202601,취업자,전라남도,-무급가족종사자,,,84.4,천명
202602,취업자,전라남도,-무급가족종사자,,,80.1,천명
202603,취업자,전라남도,-무급가족종사자,,,79.6,천명
202604,취업자,전라남도,-무급가족종사자,,,83,천명
202605,취업자,전라남도,-무급가족종사자,,,84.2,천명
202606,취업자,전라남도,-무급가족종사자,,,84.3,천명
202607,취업자,전라남도,-무급가족종사자,,,83.3,천명
202608,취업자,전라남도,-무급가족종사자,,,86.5,천명
202301,취업자,전라남도,임금근로자,,,587.9,천명
202302,취업자,전라남도,임금근로자,,,614.9,천명
202303,취업자,전라남도,임금근로자,,,632,천명
202304,취업자,전라남도,임금근로자,,,638.4,천명
202305,취업자,전라남도,임금근로자,,,645.9,천명
202306,취업자,전라남도,임금근로자,,,644.4,천명
202307,취업자,전라남도,임금근로자,,,631,천명
202308,취업자,전라남도,임금근로자,,,631.2,천명
202309,취업자,전라남도,임금근로자,,,635.8,천명
202310,취업자,전라남도,임금근로자,,,634.2,천명
202311,취업자,전라남도,임금근로자,,,634.7,천명
202312,취업자,전라남도,임금근로자,,,623.5,천명
202401,취업자,전라남도,임금근로자,,,617.1,천명
202402,취업자,전라남도,임금근로자,,,632.4,천명
202403,취업자,전라남도,임금근로자,,,649.1,천명
202404,취업자,전라남도,임금근로자,,,640.9,천명
202405,취업자,전라남도,임금근로자,,,638.2,천명
202406,취업자,전라남도,임금근로자,,,626,천명
202407,취업자,전라남도,임금근로자,,,631.1,천명
202408,취업자,전라남도,임금근로자,,,623.7,천명
202409,취업자,전라남도,임금근로자,,,623.1,천명
202410,취업자,전라남도,임금근로자,,,625.8,천명
202411,취업자,전라남도,임금근로자,,,629.9,천명
202412,취업자,전라남도,임금근로자,,,582.1,천명
202501,취업자,전라남도,임금근로자,,,585.8,천명
202502,취업자,전라남도,임금근로자,,,612.9,천명
202503,취업자,전라남도,임금근로자,,,626.6,천명
202504,취업자,전라남도,임금근로자,,,630.6,천명
202505,취업자,전라남도,임금근로자,,,633.7,천명
202506,취업자,전라남도,임금근로자,,,648,천명
202507,취업자,전라남도,임금근로자,,,634.8,천명
202508,취업자,전라남도,임금근로자,,,631.2,천명
202509,취업자,전라남도,임금근로자,,,635.8,천명
202510,취업자,전라남도,임금근로자,,,635.8,천명
202511,취업자,전라남도,임금근로자,,,640.5,천명
202512,취업자,전라남도,임금근로자,,,592,천명
202601,취업자,전라남도,임금근로자,,,582.5,천명
202602,취업자,전라남도,임금근로자,,,627.9,천명
202603,취업자,전라남도,임금근로자,,,641,천명
202604,취업자,전라남도,임금근로자,,,640.6,천명
202605,취업자,전라남도,임금근로자,,,648.6,천명
202606,취업자,전라남도,임금근로자,,,643.6,천명
202607,취업자,전라남도,임금근로자,,,640.8,천명
202608,취업자,전라남도,임금근로자,,,627.3,천명
202301,취업자,전라남도,-상용근로자,,,404,천명
202302,취업자,전라남도,-상용근로자,,,405.6,천명
202303,취업자,전라남도,-상용근로자,,,411.8,천명
202304,취업자,전라남도,-상용근로자,,,411.4,천명
202305,취업자,전라남도,-상용근로자,,,415.1,천명
202306,취업자,전라남도,-상용근로자,,,417.8,천명
202307,취업자,전라남도,-상용근로자,,,411.2,천명
202308,취업자,전라남도,-상용근로자,,,406.4,천명
202309,취업자,전라남도,-상용근로자,,,412.5,천명
202310,취업자,전라남도,-상용근로자,,,410.9,천명
202311,취업자,전라남도,-상용근로자,,,412.5,천명
202312,취업자,전라남도,-상용근로자,,,418.9,천명
202401,취업자,전라남도,-상용근로자,,,421.5,천명
202402,취업자,전라남도,-상용근로자,,,417.9,천명
202403,취업자,전라남도,-상용근로자,,,421.5,천명
202404,취업자,전라남도,-상용근로자,,,417.5,천명
202405,취업자,전라남도,-상용근로자,,,405,천명
202406,취업자,전라남도,-상용근로자,,,396.4,천명
202407,취업자,전라남도,-상용근로자,,,405.4,천명
202408,취업자,전라남도,-상용근로자,,,399.7,천명
202409,취업자,전라남도,-상용근로자,,,398.6,천명
202410,취업자,전라남도,-상용근로자,,,400.3,천명
202411,취업자,전라남도,-상용근로자,,,397.8,천명
202412,취업자,전라남도,-상용근로자,,,392.6,천명
202501,취업자,전라남도,-상용근로자,,,389.8,천명
202502,취업자,전라남도,-상용근로자,,,387.9,천명
202503,취업자,전라남도,-상용근로자,,,393.7,천명
202504,취업자,전라남도,-상용근로자,,,394.1,천명
202505,취업자,전라남도,-상용근로자,,,403,천명
202506,취업자,전라남도,-상용근로자,,,415.8,천명
202507,취업자,전라남도,-상용근로자,,,406.1,천명
202508,취업자,전라남도,-상용근로자,,,402.3,천명
202509,취업자,전라남도,-상용근로자,,,404.3,천명
202510,취업자,전라남도,-상용근로자,,,407.2,천명
202511,취업자,전라남도,-상용근로자,,,406,천명
202512,취업자,전라남도,-상용근로자,,,412.4,천명
202601,취업자,전라남도,-상용근로자,,,407.2,천명
202602,취업자,전라남도,-상용근로자,,,409.6,천명
202603,취업자,전라남도,-상용근로자,,,411.2,천명
202604,취업자,전라남도,-상용근로자,,,412.2,천명
202605,취업자,전라남도,-상용근로자,,,416.4,천명
202606,취업자,전라남도,-상용근로자,,,418,천명
202607,취업자,전라남도,-상용근로자,,,422.1,천명
202608,취업자,전라남도,-상용근로자,,,414.7,천명
202301,취업자,전라남도,-임시근로자,,,146.1,천명
202302,취업자,전라남도,-임시근로자,,,172.4,천명
202303,취업자,전라남도,-임시근로자,,,182.6,천명
202304,취업자,전라남도,-임시근로자,,,183.2,천명
202305,취업자,전라남도,-임시근로자,,,181.8,천명
202306,취업자,전라남도,-임시근로자,,,179.1,천명
202307,취업자,전라남도,-임시근로자,,,178.1,천명
202308,취업자,전라남도,-임시근로자,,,182.9,천명
202309,취업자,전라남도,-임시근로자,,,182.5,천명
202310,취업자,전라남도,-임시근로자,,,184.7,천명
202311,취업자,전라남도,-임시근로자,,,184.5,천명
202312,취업자,전라남도,-임시근로자,,,167.4,천명
202401,취업자,전라남도,-임시근로자,,,157.4,천명
202402,취업자,전라남도,-임시근로자,,,181.2,천명
202403,취업자,전라남도,-임시근로자,,,190.4,천명
202404,취업자,전라남도,-임시근로자,,,188.6,천명
202405,취업자,전라남도,-임시근로자,,,197.3,천명
202406,취업자,전라남도,-임시근로자,,,195.4,천명
202407,취업자,전라남도,-임시근로자,,,192.9,천명
202408,취업자,전라남도,-임시근로자,,,195.5,천명
202409,취업자,전라남도,-임시근로자,,,193.4,천명
202410,취업자,전라남도,-임시근로자,,,189.1,천명
202411,취업자,전라남도,-임시근로자,,,189.8,천명
202412,취업자,전라남도,-임시근로자,,,149.4,천명
202501,취업자,전라남도,-임시근로자,,,159.7,천명
202502,취업자,전라남도,-임시근로자,,,184.2,천명
202503,취업자,전라남도,-임시근로자,,,195.4,천명
202504,취업자,전라남도,-임시근로자,,,201.3,천명
202505,취업자,전라남도,-임시근로자,,,199.1,천명
202506,취업자,전라남도,-임시근로자,,,198.5,천명
202507,취업자,전라남도,-임시근로자,,,197.2,천명
202508,취업자,전라남도,-임시근로자,,,199.5,천명
202509,취업자,전라남도,-임시근로자,,,198.5,천명
202510,취업자,전라남도,-임시근로자,,,197.4,천명
202511,취업자,전라남도,-임시근로자,,,197.1,천명
202512,취업자,전라남도,-임시근로자,,,145,천명
202601,취업자,전라남도,-임시근로자,,,143.8,천명
202602,취업자,전라남도,-임시근로자,,,184.7,천명
202603,취업자,전라남도,-임시근로자,,,193.4,천명
202604,취업자,전라남도,-임시근로자,,,188.8,천명
202605,취업자,전라남도,-임시근로자,,,196.3,천명
202606,취업자,전라남도,-임시근로자,,,194.7,천명
202607,취업자,전라남도,-임시근로자,,,187.2,천명
202608,취업자,전라남도,-임시근로자,,,182.3,천명
202301,취업자,전라남도,-일용근로자,,,37.8,천명
202302,취업자,전라남도,-일용근로자,,,36.8,천명
202303,취업자,전라남도,-일용근로자,,,37.6,천명
202304,취업자,전라남도,-일용근로자,,,43.9,천명
202305,취업자,전라남도,-일용근로자,,,49.1,천명
202306,취업자,전라남도,-일용근로자,,,47.5,천명
202307,취업자,전라남도,-일용근로자,,,41.7,천명
202308,취업자,전라남도,-일용근로자,,,42,천명
202309,취업자,전라남도,-일용근로자,,,40.8,천명
202310,취업자,전라남도,-일용근로자,,,38.6,천명
202311,취업자,전라남도,-일용근로자,,,37.7,천명
202312,취업자,전라남도,-일용근로자,,,37.2,천명
202401,취업자,전라남도,-일용근로자,,,38.2,천명
202402,취업자,전라남도,-일용근로자,,,33.3,천명
202403,취업자,전라남도,-일용근로자,,,37.2,천명
202404,취업자,전라남도,-일용근로자,,,34.8,천명
202405,취업자,전라남도,-일용근로자,,,35.9,천명
202406,취업자,전라남도,-일용근로자,,,34.2,천명
202407,취업자,전라남도,-일용근로자,,,32.9,천명
202408,취업자,전라남도,-일용근로자,,,28.6,천명
202409,취업자,전라남도,-일용근로자,,,31.1,천명
202410,취업자,전라남도,-일용근로자,,,36.4,천명
202411,취업자,전라남도,-일용근로자,,,42.2,천명
202412,취업자,전라남도,-일용근로자,,,40,천명
202501,취업자,전라남도,-일용근로자,,,36.3,천명
202502,취업자,전라남도,-일용근로자,,,40.8,천명
202503,취업자,전라남도,-일용근로자,,,37.5,천명
202504,취업자,전라남도,-일용근로자,,,35.2,천명
202505,취업자,전라남도,-일용근로자,,,31.6,천명
202506,취업자,전라남도,-일용근로자,,,33.7,천명
202507,취업자,전라남도,-일용근로자,,,31.5,천명
202508,취업자,전라남도,-일용근로자,,,29.4,천명
202509,취업자,전라남도,-일용근로자,,,33,천명
202510,취업자,전라남도,-일용근로자,,,31.2,천명
202511,취업자,전라남도,-일용근로자,,,37.4,천명
202512,취업자,전라남도,-일용근로자,,,34.7,천명
202601,취업자,전라남도,-일용근로자,,,31.5,천명
202602,취업자,전라남도,-일용근로자,,,33.5,천명
202603,취업자,전라남도,-일용근로자,,,36.4,천명
202604,취업자,전라남도,-일용근로자,,,39.6,천명
202605,취업자,전라남도,-일용근로자,,,36,천명
202606,취업자,전라남도,-일용근로자,,,31,천명
202607,취업자,전라남도,-일용근로자,,,31.4,천명
202608,취업자,전라남도,-일용근로자,,,30.2,천명
202301,취업자,경상북도,계,,,1386.4,천명
202302,취업자,경상북도,계,,,1428.1,천명
202303,취업자,경상북도,계,,,1463.8,천명
202304,취업자,경상북도,계,,,1492.4,천명
202305,취업자,경상북도,계,,,1504.1,천명
202306,취업자,경상북도,계,,,1492.9,천명
202307,취업자,경상북도,계,,,1465.7,천명
202308,취업자,경상북도,계,,,1456.8,천명
202309,취업자,경상북도,계,,,1473.7,천명
202310,취업자,경상북도,계,,,1486.3,천명
202311,취업자,경상북도,계,,,1475.1,천명
202312,취업자,경상북도,계,,,1413.6,천명
202401,취업자,경상북도,계,,,1400.3,천명
202402,취업자,경상북도,계,,,1425.2,천명
202403,취업자,경상북도,계,,,1444.5,천명
202404,취업자,경상북도,계,,,1471.1,천명
202405,취업자,경상북도,계,,,1492.2,천명
202406,취업자,경상북도,계,,,1490.2,천명
202407,취업자,경상북도,계,,,1482.7,천명
202408,취업자,경상북도,계,,,1473.9,천명
202409,취업자,경상북도,계,,,1481.1,천명
202410,취업자,경상북도,계,,,1483,천명
202411,취업자,경상북도,계,,,1483.9,천명
202412,취업자,경상북도,계,,,1413.2,천명
202501,취업자,경상북도,계,,,1409.1,천명
202502,취업자,경상북도,계,,,1418.7,천명
202503,취업자,경상북도,계,,,1464.2,천명
202504,취업자,경상북도,계,,,1484.9,천명
202505,취업자,경상북도,계,,,1501.5,천명
202506,취업자,경상북도,계,,,1500.4,천명
202507,취업자,경상북도,계,,,1501.5,천명
202508,취업자,경상북도,계,,,1516.1,천명
202509,취업자,경상북도,계,,,1524.5,천명
202510,취업자,경상북도,계,,,1518.5,천명
202511,취업자,경상북도,계,,,1497,천명
202512,취업자,경상북도,계,,,1406,천명
202601,취업자,경상북도,계,,,1393.7,천명
202602,취업자,경상북도,계,,,1405.9,천명
202603,취업자,경상북도,계,,,1447.7,천명
202604,취업자,경상북도,계,,,1449.9,천명
202605,취업자,경상북도,계,,,1472.8,천명
202606,취업자,경상북도,계,,,1486.1,천명
202607,취업자,경상북도,계,,,1484.3,천명
202608,취업자,경상북도,계,,,1486.7,천명
202301,취업자,경상북도,비임금근로자,,,497.2,천명
202302,취업자,경상북도,비임금근로자,,,511.8,천명
202303,취업자,경상북도,비임금근로자,,,527.2,천명
202304,취업자,경상북도,비임금근로자,,,553.8,천명
202305,취업자,경상북도,비임금근로자,,,569.9,천명
202306,취업자,경상북도,비임금근로자,,,564.9,천명
202307,취업자,경상북도,비임금근로자,,,552.1,천명
202308,취업자,경상북도,비임금근로자,,,550.9,천명
202309,취업자,경상북도,비임금근로자,,,550.8,천명
202310,취업자,경상북도,비임금근로자,,,561.4,천명
202311,취업자,경상북도,비임금근로자,,,546.1,천명
202312,취업자,경상북도,비임금근로자,,,534.2,천명
202401,취업자,경상북도,비임금근로자,,,512.6,천명
202402,취업자,경상북도,비임금근로자,,,508.5,천명
202403,취업자,경상북도,비임금근로자,,,525.8,천명
202404,취업자,경상북도,비임금근로자,,,547.5,천명
202405,취업자,경상북도,비임금근로자,,,553,천명
202406,취업자,경상북도,비임금근로자,,,548.1,천명
202407,취업자,경상북도,비임금근로자,,,544.2,천명
202408,취업자,경상북도,비임금근로자,,,541.6,천명
202409,취업자,경상북도,비임금근로자,,,546.1,천명
202410,취업자,경상북도,비임금근로자,,,541.3,천명
202411,취업자,경상북도,비임금근로자,,,531.6,천명
202412,취업자,경상북도,비임금근로자,,,512.9,천명
202501,취업자,경상북도,비임금근로자,,,491.4,천명
202502,취업자,경상북도,비임금근로자,,,488.7,천명
202503,취업자,경상북도,비임금근로자,,,515.2,천명
202504,취업자,경상북도,비임금근로자,,,521.4,천명
202505,취업자,경상북도,비임금근로자,,,532.2,천명
202506,취업자,경상북도,비임금근로자,,,532.6,천명
202507,취업자,경상북도,비임금근로자,,,536.7,천명
202508,취업자,경상북도,비임금근로자,,,538.1,천명
202509,취업자,경상북도,비임금근로자,,,538.8,천명
202510,취업자,경상북도,비임금근로자,,,536.5,천명
202511,취업자,경상북도,비임금근로자,,,520.1,천명
202512,취업자,경상북도,비임금근로자,,,480.9,천명
202601,취업자,경상북도,비임금근로자,,,463.3,천명
202602,취업자,경상북도,비임금근로자,,,466.1,천명
202603,취업자,경상북도,비임금근로자,,,503.6,천명
202604,취업자,경상북도,비임금근로자,,,504.1,천명
202605,취업자,경상북도,비임금근로자,,,518.1,천명
202606,취업자,경상북도,비임금근로자,,,528.6,천명
202607,취업자,경상북도,비임금근로자,,,530,천명
202608,취업자,경상북도,비임금근로자,,,526.4,천명
202301,취업자,경상북도,*자영업자,,,410.9,천명
202302,취업자,경상북도,*자영업자,,,421.7,천명
202303,취업자,경상북도,*자영업자,,,416.4,천명
202304,취업자,경상북도,*자영업자,,,426.9,천명
202305,취업자,경상북도,*자영업자,,,434.2,천명
202306,취업자,경상북도,*자영업자,,,430.7,천명
202307,취업자,경상북도,*자영업자,,,423.6,천명
202308,취업자,경상북도,*자영업자,,,427.8,천명
202309,취업자,경상북도,*자영업자,,,427.1,천명
202310,취업자,경상북도,*자영업자,,,431.1,천명
202311,취업자,경상북도,*자영업자,,,427.3,천명
202312,취업자,경상북도,*자영업자,,,431.8,천명
202401,취업자,경상북도,*자영업자,,,423,천명
202402,취업자,경상북도,*자영업자,,,421,천명
202403,취업자,경상북도,*자영업자,,,419.4,천명
202404,취업자,경상북도,*자영업자,,,425.2,천명
202405,취업자,경상북도,*자영업자,,,431,천명
202406,취업자,경상북도,*자영업자,,,430.6,천명
202407,취업자,경상북도,*자영업자,,,426.7,천명
202408,취업자,경상북도,*자영업자,,,429.9,천명
202409,취업자,경상북도,*자영업자,,,435.6,천명
202410,취업자,경상북도,*자영업자,,,431,천명
202411,취업자,경상북도,*자영업자,,,425.5,천명
202412,취업자,경상북도,*자영업자,,,424.2,천명
202501,취업자,경상북도,*자영업자,,,406.8,천명
202502,취업자,경상북도,*자영업자,,,403.1,천명
202503,취업자,경상북도,*자영업자,,,414.3,천명
202504,취업자,경상북도,*자영업자,,,407.6,천명
202505,취업자,경상북도,*자영업자,,,413.5,천명
202506,취업자,경상북도,*자영업자,,,412.9,천명
202507,취업자,경상북도,*자영업자,,,420,천명
202508,취업자,경상북도,*자영업자,,,415.4,천명
202509,취업자,경상북도,*자영업자,,,417.2,천명
202510,취업자,경상북도,*자영업자,,,418.9,천명
202511,취업자,경상북도,*자영업자,,,415.6,천명
202512,취업자,경상북도,*자영업자,,,409.3,천명
202601,취업자,경상북도,*자영업자,,,395.3,천명
202602,취업자,경상북도,*자영업자,,,393.5,천명
202603,취업자,경상북도,*자영업자,,,407.2,천명
202604,취업자,경상북도,*자영업자,,,404,천명
202605,취업자,경상북도,*자영업자,,,412.5,천명
202606,취업자,경상북도,*자영업자,,,424.6,천명
202607,취업자,경상북도,*자영업자,,,426.1,천명
202608,취업자,경상북도,*자영업자,,,424.7,천명
202301,취업자,경상북도,-고용원이 있는 자영업자,,,49.5,천명
202302,취업자,경상북도,-고용원이 있는 자영업자,,,46.3,천명
202303,취업자,경상북도,-고용원이 있는 자영업자,,,45.8,천명
202304,취업자,경상북도,-고용원이 있는 자영업자,,,48.1,천명
202305,취업자,경상북도,-고용원이 있는 자영업자,,,59.7,천명
202306,취업자,경상북도,-고용원이 있는 자영업자,,,53.1,천명
202307,취업자,경상북도,-고용원이 있는 자영업자,,,48.6,천명
202308,취업자,경상북도,-고용원이 있는 자영업자,,,50.8,천명
202309,취업자,경상북도,-고용원이 있는 자영업자,,,54.7,천명
202310,취업자,경상북도,-고용원이 있는 자영업자,,,63.9,천명
202311,취업자,경상북도,-고용원이 있는 자영업자,,,56.9,천명
202312,취업자,경상북도,-고용원이 있는 자영업자,,,55.1,천명
202401,취업자,경상북도,-고용원이 있는 자영업자,,,58.1,천명
202402,취업자,경상북도,-고용원이 있는 자영업자,,,60.4,천명
202403,취업자,경상북도,-고용원이 있는 자영업자,,,62.5,천명
202404,취업자,경상북도,-고용원이 있는 자영업자,,,65.5,천명
202405,취업자,경상북도,-고용원이 있는 자영업자,,,67.3,천명
202406,취업자,경상북도,-고용원이 있는 자영업자,,,70.4,천명
202407,취업자,경상북도,-고용원이 있는 자영업자,,,61.5,천명
202408,취업자,경상북도,-고용원이 있는 자영업자,,,66.5,천명
202409,취업자,경상북도,-고용원이 있는 자영업자,,,68.7,천명
202410,취업자,경상북도,-고용원이 있는 자영업자,,,71.9,천명
202411,취업자,경상북도,-고용원이 있는 자영업자,,,72.6,천명
202412,취업자,경상북도,-고용원이 있는 자영업자,,,63.4,천명
202501,취업자,경상북도,-고용원이 있는 자영업자,,,59.9,천명
202502,취업자,경상북도,-고용원이 있는 자영업자,,,60.8,천명
202503,취업자,경상북도,-고용원이 있는 자영업자,,,61.1,천명
202504,취업자,경상북도,-고용원이 있는 자영업자,,,61.1,천명
202505,취업자,경상북도,-고용원이 있는 자영업자,,,66,천명
202506,취업자,경상북도,-고용원이 있는 자영업자,,,62.2,천명
202507,취업자,경상북도,-고용원이 있는 자영업자,,,51.7,천명
202508,취업자,경상북도,-고용원이 있는 자영업자,,,53,천명
202509,취업자,경상북도,-고용원이 있는 자영업자,,,54.5,천명
202510,취업자,경상북도,-고용원이 있는 자영업자,,,56.1,천명
202511,취업자,경상북도,-고용원이 있는 자영업자,,,64.5,천명
202512,취업자,경상북도,-고용원이 있는 자영업자,,,55.4,천명
202601,취업자,경상북도,-고용원이 있는 자영업자,,,56.7,천명
202602,취업자,경상북도,-고용원이 있는 자영업자,,,56.1,천명
202603,취업자,경상북도,-고용원이 있는 자영업자,,,58.8,천명
202604,취업자,경상북도,-고용원이 있는 자영업자,,,64.1,천명
202605,취업자,경상북도,-고용원이 있는 자영업자,,,71.9,천명
202606,취업자,경상북도,-고용원이 있는 자영업자,,,73.4,천명
202607,취업자,경상북도,-고용원이 있는 자영업자,,,71.6,천명
202608,취업자,경상북도,-고용원이 있는 자영업자,,,70.2,천명
202301,취업자,경상북도,-고용원이 없는 자영업자,,,361.4,천명
202302,취업자,경상북도,-고용원이 없는 자영업자,,,375.5,천명
202303,취업자,경상북도,-고용원이 없는 자영업자,,,370.7,천명
202304,취업자,경상북도,-고용원이 없는 자영업자,,,378.7,천명
202305,취업자,경상북도,-고용원이 없는 자영업자,,,374.4,천명
202306,취업자,경상북도,-고용원이 없는 자영업자,,,377.6,천명
202307,취업자,경상북도,-고용원이 없는 자영업자,,,375,천명
202308,취업자,경상북도,-고용원이 없는 자영업자,,,377,천명
202309,취업자,경상북도,-고용원이 없는 자영업자,,,372.4,천명
202310,취업자,경상북도,-고용원이 없는 자영업자,,,367.2,천명
202311,취업자,경상북도,-고용원이 없는 자영업자,,,370.4,천명
202312,취업자,경상북도,-고용원이 없는 자영업자,,,376.7,천명
202401,취업자,경상북도,-고용원이 없는 자영업자,,,364.9,천명
202402,취업자,경상북도,-고용원이 없는 자영업자,,,360.6,천명
202403,취업자,경상북도,-고용원이 없는 자영업자,,,357,천명
202404,취업자,경상북도,-고용원이 없는 자영업자,,,359.7,천명
202405,취업자,경상북도,-고용원이 없는 자영업자,,,363.7,천명
202406,취업자,경상북도,-고용원이 없는 자영업자,,,360.2,천명
202407,취업자,경상북도,-고용원이 없는 자영업자,,,365.2,천명
202408,취업자,경상북도,-고용원이 없는 자영업자,,,363.4,천명
202409,취업자,경상북도,-고용원이 없는 자영업자,,,366.9,천명
202410,취업자,경상북도,-고용원이 없는 자영업자,,,359.1,천명
202411,취업자,경상북도,-고용원이 없는 자영업자,,,352.9,천명
202412,취업자,경상북도,-고용원이 없는 자영업자,,,360.7,천명
202501,취업자,경상북도,-고용원이 없는 자영업자,,,346.9,천명
202502,취업자,경상북도,-고용원이 없는 자영업자,,,342.3,천명
202503,취업자,경상북도,-고용원이 없는 자영업자,,,353.2,천명
202504,취업자,경상북도,-고용원이 없는 자영업자,,,346.5,천명
202505,취업자,경상북도,-고용원이 없는 자영업자,,,347.5,천명
202506,취업자,경상북도,-고용원이 없는 자영업자,,,350.7,천명
202507,취업자,경상북도,-고용원이 없는 자영업자,,,368.2,천명
202508,취업자,경상북도,-고용원이 없는 자영업자,,,362.4,천명
202509,취업자,경상북도,-고용원이 없는 자영업자,,,362.6,천명
202510,취업자,경상북도,-고용원이 없는 자영업자,,,362.8,천명
202511,취업자,경상북도,-고용원이 없는 자영업자,,,351.1,천명
202512,취업자,경상북도,-고용원이 없는 자영업자,,,353.9,천명
202601,취업자,경상북도,-고용원이 없는 자영업자,,,338.6,천명
202602,취업자,경상북도,-고용원이 없는 자영업자,,,337.4,천명
202603,취업자,경상북도,-고용원이 없는 자영업자,,,348.4,천명
202604,취업자,경상북도,-고용원이 없는 자영업자,,,340,천명
202605,취업자,경상북도,-고용원이 없는 자영업자,,,340.7,천명
202606,취업자,경상북도,-고용원이 없는 자영업자,,,351.2,천명
202607,취업자,경상북도,-고용원이 없는 자영업자,,,354.5,천명
202608,취업자,경상북도,-고용원이 없는 자영업자,,,354.5,천명
202301,취업자,경상북도,-무급가족종사자,,,86.2,천명
202302,취업자,경상북도,-무급가족종사자,,,90.1,천명
202303,취업자,경상북도,-무급가족종사자,,,110.7,천명
202304,취업자,경상북도,-무급가족종사자,,,126.9,천명
202305,취업자,경상북도,-무급가족종사자,,,135.8,천명
202306,취업자,경상북도,-무급가족종사자,,,134.2,천명
202307,취업자,경상북도,-무급가족종사자,,,128.5,천명
202308,취업자,경상북도,-무급가족종사자,,,123.1,천명
202309,취업자,경상북도,-무급가족종사자,,,123.7,천명
202310,취업자,경상북도,-무급가족종사자,,,130.2,천명
202311,취업자,경상북도,-무급가족종사자,,,118.8,천명
202312,취업자,경상북도,-무급가족종사자,,,102.4,천명
202401,취업자,경상북도,-무급가족종사자,,,89.6,천명
202402,취업자,경상북도,-무급가족종사자,,,87.5,천명
202403,취업자,경상북도,-무급가족종사자,,,106.4,천명
202404,취업자,경상북도,-무급가족종사자,,,122.3,천명
202405,취업자,경상북도,-무급가족종사자,,,122,천명
202406,취업자,경상북도,-무급가족종사자,,,117.6,천명
202407,취업자,경상북도,-무급가족종사자,,,117.5,천명
202408,취업자,경상북도,-무급가족종사자,,,111.7,천명
202409,취업자,경상북도,-무급가족종사자,,,110.5,천명
202410,취업자,경상북도,-무급가족종사자,,,110.3,천명
202411,취업자,경상북도,-무급가족종사자,,,106.1,천명
202412,취업자,경상북도,-무급가족종사자,,,88.8,천명
202501,취업자,경상북도,-무급가족종사자,,,84.7,천명
202502,취업자,경상북도,-무급가족종사자,,,85.6,천명
202503,취업자,경상북도,-무급가족종사자,,,100.9,천명
202504,취업자,경상북도,-무급가족종사자,,,113.8,천명
202505,취업자,경상북도,-무급가족종사자,,,118.7,천명
202506,취업자,경상북도,-무급가족종사자,,,119.7,천명
202507,취업자,경상북도,-무급가족종사자,,,116.7,천명
202508,취업자,경상북도,-무급가족종사자,,,122.7,천명
202509,취업자,경상북도,-무급가족종사자,,,121.6,천명
202510,취업자,경상북도,-무급가족종사자,,,117.6,천명
202511,취업자,경상북도,-무급가족종사자,,,104.5,천명
202512,취업자,경상북도,-무급가족종사자,,,71.5,천명
202601,취업자,경상북도,-무급가족종사자,,,68,천명
202602,취업자,경상북도,-무급가족종사자,,,72.6,천명
202603,취업자,경상북도,-무급가족종사자,,,96.4,천명
202604,취업자,경상북도,-무급가족종사자,,,100.1,천명
202605,취업자,경상북도,-무급가족종사자,,,105.6,천명
202606,취업자,경상북도,-무급가족종사자,,,104,천명
202607,취업자,경상북도,-무급가족종사자,,,103.9,천명
202608,취업자,경상북도,-무급가족종사자,,,101.7,천명
202301,취업자,경상북도,임금근로자,,,889.3,천명
202302,취업자,경상북도,임금근로자,,,916.3,천명
202303,취업자,경상북도,임금근로자,,,936.6,천명
202304,취업자,경상북도,임금근로자,,,938.6,천명
202305,취업자,경상북도,임금근로자,,,934.2,천명
202306,취업자,경상북도,임금근로자,,,928,천명
202307,취업자,경상북도,임금근로자,,,913.6,천명
202308,취업자,경상북도,임금근로자,,,905.8,천명
202309,취업자,경상북도,임금근로자,,,922.9,천명
202310,취업자,경상북도,임금근로자,,,924.9,천명
202311,취업자,경상북도,임금근로자,,,929,천명
202312,취업자,경상북도,임금근로자,,,879.3,천명
202401,취업자,경상북도,임금근로자,,,887.8,천명
202402,취업자,경상북도,임금근로자,,,916.7,천명
202403,취업자,경상북도,임금근로자,,,918.7,천명
202404,취업자,경상북도,임금근로자,,,923.7,천명
202405,취업자,경상북도,임금근로자,,,939.2,천명
202406,취업자,경상북도,임금근로자,,,942.1,천명
202407,취업자,경상북도,임금근로자,,,938.4,천명
202408,취업자,경상북도,임금근로자,,,932.3,천명
202409,취업자,경상북도,임금근로자,,,935,천명
202410,취업자,경상북도,임금근로자,,,941.7,천명
202411,취업자,경상북도,임금근로자,,,952.3,천명
202412,취업자,경상북도,임금근로자,,,900.3,천명
202501,취업자,경상북도,임금근로자,,,917.6,천명
202502,취업자,경상북도,임금근로자,,,930,천명
202503,취업자,경상북도,임금근로자,,,949,천명
202504,취업자,경상북도,임금근로자,,,963.6,천명
202505,취업자,경상북도,임금근로자,,,969.2,천명
202506,취업자,경상북도,임금근로자,,,967.8,천명
202507,취업자,경상북도,임금근로자,,,964.8,천명
202508,취업자,경상북도,임금근로자,,,978,천명
202509,취업자,경상북도,임금근로자,,,985.7,천명
202510,취업자,경상북도,임금근로자,,,982,천명
202511,취업자,경상북도,임금근로자,,,977,천명
202512,취업자,경상북도,임금근로자,,,925.2,천명
202601,취업자,경상북도,임금근로자,,,930.4,천명
202602,취업자,경상북도,임금근로자,,,939.8,천명
202603,취업자,경상북도,임금근로자,,,944.1,천명
202604,취업자,경상북도,임금근로자,,,945.8,천명
202605,취업자,경상북도,임금근로자,,,954.7,천명
202606,취업자,경상북도,임금근로자,,,957.5,천명
202607,취업자,경상북도,임금근로자,,,954.3,천명
202608,취업자,경상북도,임금근로자,,,960.4,천명
202301,취업자,경상북도,-상용근로자,,,652.2,천명
202302,취업자,경상북도,-상용근로자,,,662.6,천명
202303,취업자,경상북도,-상용근로자,,,666.4,천명
202304,취업자,경상북도,-상용근로자,,,660.4,천명
202305,취업자,경상북도,-상용근로자,,,661.3,천명
202306,취업자,경상북도,-상용근로자,,,657.8,천명
202307,취업자,경상북도,-상용근로자,,,650.1,천명
202308,취업자,경상북도,-상용근로자,,,629.5,천명
202309,취업자,경상북도,-상용근로자,,,645.1,천명
202310,취업자,경상북도,-상용근로자,,,635.4,천명
202311,취업자,경상북도,-상용근로자,,,643.7,천명
202312,취업자,경상북도,-상용근로자,,,640.8,천명
202401,취업자,경상북도,-상용근로자,,,641.3,천명
202402,취업자,경상북도,-상용근로자,,,647.2,천명
202403,취업자,경상북도,-상용근로자,,,648,천명
202404,취업자,경상북도,-상용근로자,,,639.1,천명
202405,취업자,경상북도,-상용근로자,,,638.4,천명
202406,취업자,경상북도,-상용근로자,,,647.6,천명
202407,취업자,경상북도,-상용근로자,,,642.7,천명
202408,취업자,경상북도,-상용근로자,,,643.6,천명
202409,취업자,경상북도,-상용근로자,,,645.9,천명
202410,취업자,경상북도,-상용근로자,,,653.5,천명
202411,취업자,경상북도,-상용근로자,,,656.8,천명
202412,취업자,경상북도,-상용근로자,,,655.2,천명
202501,취업자,경상북도,-상용근로자,,,665.6,천명
202502,취업자,경상북도,-상용근로자,,,671.4,천명
202503,취업자,경상북도,-상용근로자,,,674.7,천명
202504,취업자,경상북도,-상용근로자,,,690.6,천명
202505,취업자,경상북도,-상용근로자,,,687.8,천명
202506,취업자,경상북도,-상용근로자,,,689.9,천명
202507,취업자,경상북도,-상용근로자,,,687.6,천명
202508,취업자,경상북도,-상용근로자,,,699.8,천명
202509,취업자,경상북도,-상용근로자,,,706.9,천명
202510,취업자,경상북도,-상용근로자,,,701.9,천명
202511,취업자,경상북도,-상용근로자,,,684.7,천명
202512,취업자,경상북도,-상용근로자,,,686.8,천명
202601,취업자,경상북도,-상용근로자,,,685,천명
202602,취업자,경상북도,-상용근로자,,,681.3,천명
202603,취업자,경상북도,-상용근로자,,,681.3,천명
202604,취업자,경상북도,-상용근로자,,,681.3,천명
202605,취업자,경상북도,-상용근로자,,,685.9,천명
202606,취업자,경상북도,-상용근로자,,,683.7,천명
202607,취업자,경상북도,-상용근로자,,,687,천명
202608,취업자,경상북도,-상용근로자,,,688.8,천명
202301,취업자,경상북도,-임시근로자,,,195.2,천명
202302,취업자,경상북도,-임시근로자,,,210.4,천명
202303,취업자,경상북도,-임시근로자,,,219.8,천명
202304,취업자,경상북도,-임시근로자,,,221.5,천명
202305,취업자,경상북도,-임시근로자,,,217.1,천명
202306,취업자,경상북도,-임시근로자,,,211.6,천명
202307,취업자,경상북도,-임시근로자,,,213.4,천명
202308,취업자,경상북도,-임시근로자,,,223.5,천명
202309,취업자,경상북도,-임시근로자,,,224.5,천명
202310,취업자,경상북도,-임시근로자,,,230.9,천명
202311,취업자,경상북도,-임시근로자,,,230.4,천명
202312,취업자,경상북도,-임시근로자,,,188.7,천명
202401,취업자,경상북도,-임시근로자,,,205.8,천명
202402,취업자,경상북도,-임시근로자,,,231.9,천명
202403,취업자,경상북도,-임시근로자,,,235.1,천명
202404,취업자,경상북도,-임시근로자,,,236.9,천명
202405,취업자,경상북도,-임시근로자,,,241.8,천명
202406,취업자,경상북도,-임시근로자,,,240.3,천명
202407,취업자,경상북도,-임시근로자,,,249.6,천명
202408,취업자,경상북도,-임시근로자,,,253.5,천명
202409,취업자,경상북도,-임시근로자,,,254.3,천명
202410,취업자,경상북도,-임시근로자,,,250.3,천명
202411,취업자,경상북도,-임시근로자,,,247.2,천명
202412,취업자,경상북도,-임시근로자,,,198.5,천명
202501,취업자,경상북도,-임시근로자,,,213.8,천명
202502,취업자,경상북도,-임시근로자,,,226.8,천명
202503,취업자,경상북도,-임시근로자,,,237.8,천명
202504,취업자,경상북도,-임시근로자,,,228.9,천명
202505,취업자,경상북도,-임시근로자,,,229.4,천명
202506,취업자,경상북도,-임시근로자,,,228.9,천명
202507,취업자,경상북도,-임시근로자,,,233.3,천명
202508,취업자,경상북도,-임시근로자,,,238.7,천명
202509,취업자,경상북도,-임시근로자,,,232.6,천명
202510,취업자,경상북도,-임시근로자,,,233.6,천명
202511,취업자,경상북도,-임시근로자,,,239.9,천명
202512,취업자,경상북도,-임시근로자,,,189.8,천명
202601,취업자,경상북도,-임시근로자,,,198.8,천명
202602,취업자,경상북도,-임시근로자,,,221.2,천명
202603,취업자,경상북도,-임시근로자,,,221.1,천명
202604,취업자,경상북도,-임시근로자,,,220.7,천명
202605,취업자,경상북도,-임시근로자,,,220.4,천명
202606,취업자,경상북도,-임시근로자,,,227.1,천명
202607,취업자,경상북도,-임시근로자,,,224.6,천명
202608,취업자,경상북도,-임시근로자,,,224.1,천명
202301,취업자,경상북도,-일용근로자,,,41.8,천명
202302,취업자,경상북도,-일용근로자,,,43.3,천명
202303,취업자,경상북도,-일용근로자,,,50.4,천명
202304,취업자,경상북도,-일용근로자,,,56.6,천명
202305,취업자,경상북도,-일용근로자,,,55.8,천명
202306,취업자,경상북도,-일용근로자,,,58.5,천명
202307,취업자,경상북도,-일용근로자,,,50,천명
202308,취업자,경상북도,-일용근로자,,,52.8,천명
202309,취업자,경상북도,-일용근로자,,,53.3,천명
202310,취업자,경상북도,-일용근로자,,,58.6,천명
202311,취업자,경상북도,-일용근로자,,,54.8,천명
202312,취업자,경상북도,-일용근로자,,,49.8,천명
202401,취업자,경상북도,-일용근로자,,,40.7,천명
202402,취업자,경상북도,-일용근로자,,,37.5,천명
202403,취업자,경상북도,-일용근로자,,,35.6,천명
202404,취업자,경상북도,-일용근로자,,,47.7,천명
202405,취업자,경상북도,-일용근로자,,,59,천명
202406,취업자,경상북도,-일용근로자,,,54.3,천명
202407,취업자,경상북도,-일용근로자,,,46.2,천명
202408,취업자,경상북도,-일용근로자,,,35.3,천명
202409,취업자,경상북도,-일용근로자,,,34.8,천명
202410,취업자,경상북도,-일용근로자,,,37.9,천명
202411,취업자,경상북도,-일용근로자,,,48.4,천명
202412,취업자,경상북도,-일용근로자,,,46.5,천명
202501,취업자,경상북도,-일용근로자,,,38.2,천명
202502,취업자,경상북도,-일용근로자,,,31.9,천명
202503,취업자,경상북도,-일용근로자,,,36.5,천명
202504,취업자,경상북도,-일용근로자,,,44,천명
202505,취업자,경상북도,-일용근로자,,,52.1,천명
202506,취업자,경상북도,-일용근로자,,,49,천명
202507,취업자,경상북도,-일용근로자,,,44,천명
202508,취업자,경상북도,-일용근로자,,,39.5,천명
202509,취업자,경상북도,-일용근로자,,,46.2,천명
202510,취업자,경상북도,-일용근로자,,,46.5,천명
202511,취업자,경상북도,-일용근로자,,,52.4,천명
202512,취업자,경상북도,-일용근로자,,,48.7,천명
202601,취업자,경상북도,-일용근로자,,,46.6,천명
202602,취업자,경상북도,-일용근로자,,,37.3,천명
202603,취업자,경상북도,-일용근로자,,,41.6,천명
202604,취업자,경상북도,-일용근로자,,,43.8,천명
202605,취업자,경상북도,-일용근로자,,,48.4,천명
202606,취업자,경상북도,-일용근로자,,,46.7,천명
202607,취업자,경상북도,-일용근로자,,,42.6,천명
202608,취업자,경상북도,-일용근로자,,,47.5,천명
202301,취업자,경상남도,계,,,1679.6,천명
202302,취업자,경상남도,계,,,1706.6,천명
202303,취업자,경상남도,계,,,1757.6,천명
202304,취업자,경상남도,계,,,1780.6,천명
202305,취업자,경상남도,계,,,1795.3,천명
202306,취업자,경상남도,계,,,1801.2,천명
202307,취업자,경상남도,계,,,1778.8,천명
202308,취업자,경상남도,계,,,1765,천명
202309,취업자,경상남도,계,,,1768.4,천명
202310,취업자,경상남도,계,,,1783,천명
202311,취업자,경상남도,계,,,1771.6,천명
202312,취업자,경상남도,계,,,1735.1,천명
202401,취업자,경상남도,계,,,1716.2,천명
202402,취업자,경상남도,계,,,1739.5,천명
202403,취업자,경상남도,계,,,1765.9,천명
202404,취업자,경상남도,계,,,1775.2,천명
202405,취업자,경상남도,계,,,1788.5,천명
202406,취업자,경상남도,계,,,1784.2,천명
202407,취업자,경상남도,계,,,1755.5,천명
202408,취업자,경상남도,계,,,1757.4,천명
202409,취업자,경상남도,계,,,1756.8,천명
202410,취업자,경상남도,계,,,1764.8,천명
202411,취업자,경상남도,계,,,1774.5,천명
202412,취업자,경상남도,계,,,1715.4,천명
202501,취업자,경상남도,계,,,1748,천명
202502,취업자,경상남도,계,,,1760.4,천명
202503,취업자,경상남도,계,,,1784.4,천명
202504,취업자,경상남도,계,,,1793.8,천명
202505,취업자,경상남도,계,,,1803.2,천명
202506,취업자,경상남도,계,,,1798.1,천명
202507,취업자,경상남도,계,,,1790.1,천명
202508,취업자,경상남도,계,,,1808.9,천명
202509,취업자,경상남도,계,,,1823.1,천명
202510,취업자,경상남도,계,,,1836.8,천명
202511,취업자,경상남도,계,,,1843.1,천명
202512,취업자,경상남도,계,,,1794,천명
202601,취업자,경상남도,계,,,1785.8,천명
202602,취업자,경상남도,계,,,1795.7,천명
202603,취업자,경상남도,계,,,1823.2,천명
202604,취업자,경상남도,계,,,1819.3,천명
202605,취업자,경상남도,계,,,1820.4,천명
202606,취업자,경상남도,계,,,1817.6,천명
202607,취업자,경상남도,계,,,1802,천명
202608,취업자,경상남도,계,,,1801.4,천명
202301,취업자,경상남도,비임금근로자,,,477.1,천명
202302,취업자,경상남도,비임금근로자,,,493.8,천명
202303,취업자,경상남도,비임금근로자,,,507.5,천명
202304,취업자,경상남도,비임금근로자,,,521,천명
202305,취업자,경상남도,비임금근로자,,,534.5,천명
202306,취업자,경상남도,비임금근로자,,,532.3,천명
202307,취업자,경상남도,비임금근로자,,,518.5,천명
202308,취업자,경상남도,비임금근로자,,,521.4,천명
202309,취업자,경상남도,비임금근로자,,,528,천명
202310,취업자,경상남도,비임금근로자,,,523.1,천명
202311,취업자,경상남도,비임금근로자,,,507.6,천명
202312,취업자,경상남도,비임금근로자,,,479.8,천명
202401,취업자,경상남도,비임금근로자,,,478,천명
202402,취업자,경상남도,비임금근로자,,,480.7,천명
202403,취업자,경상남도,비임금근로자,,,496.2,천명
202404,취업자,경상남도,비임금근로자,,,503.6,천명
202405,취업자,경상남도,비임금근로자,,,517.3,천명
202406,취업자,경상남도,비임금근로자,,,520.1,천명
202407,취업자,경상남도,비임금근로자,,,512.3,천명
202408,취업자,경상남도,비임금근로자,,,505.4,천명
202409,취업자,경상남도,비임금근로자,,,507.3,천명
202410,취업자,경상남도,비임금근로자,,,515.2,천명
202411,취업자,경상남도,비임금근로자,,,517.8,천명
202412,취업자,경상남도,비임금근로자,,,508,천명
202501,취업자,경상남도,비임금근로자,,,506.2,천명
202502,취업자,경상남도,비임금근로자,,,502.4,천명
202503,취업자,경상남도,비임금근로자,,,496.4,천명
202504,취업자,경상남도,비임금근로자,,,507.2,천명
202505,취업자,경상남도,비임금근로자,,,509.2,천명
202506,취업자,경상남도,비임금근로자,,,515.7,천명
202507,취업자,경상남도,비임금근로자,,,522.2,천명
202508,취업자,경상남도,비임금근로자,,,531,천명
202509,취업자,경상남도,비임금근로자,,,533.7,천명
202510,취업자,경상남도,비임금근로자,,,537.3,천명
202511,취업자,경상남도,비임금근로자,,,537.3,천명
202512,취업자,경상남도,비임금근로자,,,532.2,천명
202601,취업자,경상남도,비임금근로자,,,527.4,천명
202602,취업자,경상남도,비임금근로자,,,512.7,천명
202603,취업자,경상남도,비임금근로자,,,535.3,천명
202604,취업자,경상남도,비임금근로자,,,545.5,천명
202605,취업자,경상남도,비임금근로자,,,545.8,천명
202606,취업자,경상남도,비임금근로자,,,545.5,천명
202607,취업자,경상남도,비임금근로자,,,536.1,천명
202608,취업자,경상남도,비임금근로자,,,528.5,천명
202301,취업자,경상남도,*자영업자,,,397.5,천명
202302,취업자,경상남도,*자영업자,,,401.2,천명
202303,취업자,경상남도,*자영업자,,,408.8,천명
202304,취업자,경상남도,*자영업자,,,418.5,천명
202305,취업자,경상남도,*자영업자,,,428.9,천명
202306,취업자,경상남도,*자영업자,,,427.7,천명
202307,취업자,경상남도,*자영업자,,,421.4,천명
202308,취업자,경상남도,*자영업자,,,424.4,천명
202309,취업자,경상남도,*자영업자,,,421.8,천명
202310,취업자,경상남도,*자영업자,,,418.1,천명
202311,취업자,경상남도,*자영업자,,,414.5,천명
202312,취업자,경상남도,*자영업자,,,398.7,천명
202401,취업자,경상남도,*자영업자,,,396.3,천명
202402,취업자,경상남도,*자영업자,,,397.1,천명
202403,취업자,경상남도,*자영업자,,,406,천명
202404,취업자,경상남도,*자영업자,,,408,천명
202405,취업자,경상남도,*자영업자,,,413.5,천명
202406,취업자,경상남도,*자영업자,,,414.3,천명
202407,취업자,경상남도,*자영업자,,,411.6,천명
202408,취업자,경상남도,*자영업자,,,406.5,천명
202409,취업자,경상남도,*자영업자,,,409.9,천명
202410,취업자,경상남도,*자영업자,,,417.6,천명
202411,취업자,경상남도,*자영업자,,,421.2,천명
202412,취업자,경상남도,*자영업자,,,417,천명
202501,취업자,경상남도,*자영업자,,,416.6,천명
202502,취업자,경상남도,*자영업자,,,414.3,천명
202503,취업자,경상남도,*자영업자,,,409.9,천명
202504,취업자,경상남도,*자영업자,,,420.6,천명
202505,취업자,경상남도,*자영업자,,,429.8,천명
202506,취업자,경상남도,*자영업자,,,435,천명
202507,취업자,경상남도,*자영업자,,,443.3,천명
202508,취업자,경상남도,*자영업자,,,449.1,천명
202509,취업자,경상남도,*자영업자,,,453.8,천명
202510,취업자,경상남도,*자영업자,,,454.9,천명
202511,취업자,경상남도,*자영업자,,,459,천명
202512,취업자,경상남도,*자영업자,,,460.8,천명
202601,취업자,경상남도,*자영업자,,,461.8,천명
202602,취업자,경상남도,*자영업자,,,445.8,천명
202603,취업자,경상남도,*자영업자,,,460.6,천명
202604,취업자,경상남도,*자영업자,,,469.6,천명
202605,취업자,경상남도,*자영업자,,,463.8,천명
202606,취업자,경상남도,*자영업자,,,465.3,천명
202607,취업자,경상남도,*자영업자,,,458.6,천명
202608,취업자,경상남도,*자영업자,,,451.1,천명
202301,취업자,경상남도,-고용원이 있는 자영업자,,,73.8,천명
202302,취업자,경상남도,-고용원이 있는 자영업자,,,74.5,천명
202303,취업자,경상남도,-고용원이 있는 자영업자,,,78.9,천명
202304,취업자,경상남도,-고용원이 있는 자영업자,,,82,천명
202305,취업자,경상남도,-고용원이 있는 자영업자,,,82.8,천명
202306,취업자,경상남도,-고용원이 있는 자영업자,,,84.2,천명
202307,취업자,경상남도,-고용원이 있는 자영업자,,,77.4,천명
202308,취업자,경상남도,-고용원이 있는 자영업자,,,74.7,천명
202309,취업자,경상남도,-고용원이 있는 자영업자,,,80.3,천명
202310,취업자,경상남도,-고용원이 있는 자영업자,,,78.1,천명
202311,취업자,경상남도,-고용원이 있는 자영업자,,,80.1,천명
202312,취업자,경상남도,-고용원이 있는 자영업자,,,74,천명
202401,취업자,경상남도,-고용원이 있는 자영업자,,,79.2,천명
202402,취업자,경상남도,-고용원이 있는 자영업자,,,79.1,천명
202403,취업자,경상남도,-고용원이 있는 자영업자,,,80.8,천명
202404,취업자,경상남도,-고용원이 있는 자영업자,,,86.3,천명
202405,취업자,경상남도,-고용원이 있는 자영업자,,,87.2,천명
202406,취업자,경상남도,-고용원이 있는 자영업자,,,82.9,천명
202407,취업자,경상남도,-고용원이 있는 자영업자,,,80.9,천명
202408,취업자,경상남도,-고용원이 있는 자영업자,,,77.1,천명
202409,취업자,경상남도,-고용원이 있는 자영업자,,,80.8,천명
202410,취업자,경상남도,-고용원이 있는 자영업자,,,86.8,천명
202411,취업자,경상남도,-고용원이 있는 자영업자,,,83.8,천명
202412,취업자,경상남도,-고용원이 있는 자영업자,,,88.9,천명
202501,취업자,경상남도,-고용원이 있는 자영업자,,,84.4,천명
202502,취업자,경상남도,-고용원이 있는 자영업자,,,84.3,천명
202503,취업자,경상남도,-고용원이 있는 자영업자,,,80.7,천명
202504,취업자,경상남도,-고용원이 있는 자영업자,,,83.2,천명
202505,취업자,경상남도,-고용원이 있는 자영업자,,,85.7,천명
202506,취업자,경상남도,-고용원이 있는 자영업자,,,87.8,천명
202507,취업자,경상남도,-고용원이 있는 자영업자,,,88.2,천명
202508,취업자,경상남도,-고용원이 있는 자영업자,,,88.1,천명
202509,취업자,경상남도,-고용원이 있는 자영업자,,,90.9,천명
202510,취업자,경상남도,-고용원이 있는 자영업자,,,95,천명
202511,취업자,경상남도,-고용원이 있는 자영업자,,,101,천명
202512,취업자,경상남도,-고용원이 있는 자영업자,,,102.2,천명
202601,취업자,경상남도,-고용원이 있는 자영업자,,,103.4,천명
202602,취업자,경상남도,-고용원이 있는 자영업자,,,99,천명
202603,취업자,경상남도,-고용원이 있는 자영업자,,,105.9,천명
202604,취업자,경상남도,-고용원이 있는 자영업자,,,105.7,천명
202605,취업자,경상남도,-고용원이 있는 자영업자,,,102.4,천명
202606,취업자,경상남도,-고용원이 있는 자영업자,,,103.5,천명
202607,취업자,경상남도,-고용원이 있는 자영업자,,,104.9,천명
202608,취업자,경상남도,-고용원이 있는 자영업자,,,100.9,천명
202301,취업자,경상남도,-고용원이 없는 자영업자,,,323.7,천명
202302,취업자,경상남도,-고용원이 없는 자영업자,,,326.6,천명
202303,취업자,경상남도,-고용원이 없는 자영업자,,,329.9,천명
202304,취업자,경상남도,-고용원이 없는 자영업자,,,336.5,천명
202305,취업자,경상남도,-고용원이 없는 자영업자,,,346.2,천명
202306,취업자,경상남도,-고용원이 없는 자영업자,,,343.5,천명
202307,취업자,경상남도,-고용원이 없는 자영업자,,,343.9,천명
202308,취업자,경상남도,-고용원이 없는 자영업자,,,349.7,천명
202309,취업자,경상남도,-고용원이 없는 자영업자,,,341.5,천명
202310,취업자,경상남도,-고용원이 없는 자영업자,,,340,천명
202311,취업자,경상남도,-고용원이 없는 자영업자,,,334.4,천명
202312,취업자,경상남도,-고용원이 없는 자영업자,,,324.7,천명
202401,취업자,경상남도,-고용원이 없는 자영업자,,,317.1,천명
202402,취업자,경상남도,-고용원이 없는 자영업자,,,318,천명
202403,취업자,경상남도,-고용원이 없는 자영업자,,,325.2,천명
202404,취업자,경상남도,-고용원이 없는 자영업자,,,321.7,천명
202405,취업자,경상남도,-고용원이 없는 자영업자,,,326.3,천명
202406,취업자,경상남도,-고용원이 없는 자영업자,,,331.5,천명
202407,취업자,경상남도,-고용원이 없는 자영업자,,,330.7,천명
202408,취업자,경상남도,-고용원이 없는 자영업자,,,329.4,천명
202409,취업자,경상남도,-고용원이 없는 자영업자,,,329,천명
202410,취업자,경상남도,-고용원이 없는 자영업자,,,330.8,천명
202411,취업자,경상남도,-고용원이 없는 자영업자,,,337.4,천명
202412,취업자,경상남도,-고용원이 없는 자영업자,,,328,천명
202501,취업자,경상남도,-고용원이 없는 자영업자,,,332.2,천명
202502,취업자,경상남도,-고용원이 없는 자영업자,,,330,천명
202503,취업자,경상남도,-고용원이 없는 자영업자,,,329.2,천명
202504,취업자,경상남도,-고용원이 없는 자영업자,,,337.4,천명
202505,취업자,경상남도,-고용원이 없는 자영업자,,,344.1,천명
202506,취업자,경상남도,-고용원이 없는 자영업자,,,347.1,천명
202507,취업자,경상남도,-고용원이 없는 자영업자,,,355.1,천명
202508,취업자,경상남도,-고용원이 없는 자영업자,,,361,천명
202509,취업자,경상남도,-고용원이 없는 자영업자,,,362.9,천명
202510,취업자,경상남도,-고용원이 없는 자영업자,,,359.9,천명
202511,취업자,경상남도,-고용원이 없는 자영업자,,,358,천명
202512,취업자,경상남도,-고용원이 없는 자영업자,,,358.6,천명
202601,취업자,경상남도,-고용원이 없는 자영업자,,,358.4,천명
202602,취업자,경상남도,-고용원이 없는 자영업자,,,346.8,천명
202603,취업자,경상남도,-고용원이 없는 자영업자,,,354.7,천명
202604,취업자,경상남도,-고용원이 없는 자영업자,,,363.9,천명
202605,취업자,경상남도,-고용원이 없는 자영업자,,,361.4,천명
202606,취업자,경상남도,-고용원이 없는 자영업자,,,361.8,천명
202607,취업자,경상남도,-고용원이 없는 자영업자,,,353.6,천명
202608,취업자,경상남도,-고용원이 없는 자영업자,,,350.2,천명
202301,취업자,경상남도,-무급가족종사자,,,79.7,천명
202302,취업자,경상남도,-무급가족종사자,,,92.6,천명
202303,취업자,경상남도,-무급가족종사자,,,98.7,천명
202304,취업자,경상남도,-무급가족종사자,,,102.5,천명
202305,취업자,경상남도,-무급가족종사자,,,105.6,천명
202306,취업자,경상남도,-무급가족종사자,,,104.5,천명
202307,취업자,경상남도,-무급가족종사자,,,97.1,천명
202308,취업자,경상남도,-무급가족종사자,,,97,천명
202309,취업자,경상남도,-무급가족종사자,,,106.1,천명
202310,취업자,경상남도,-무급가족종사자,,,104.9,천명
202311,취업자,경상남도,-무급가족종사자,,,93.1,천명
202312,취업자,경상남도,-무급가족종사자,,,81.2,천명
202401,취업자,경상남도,-무급가족종사자,,,81.7,천명
202402,취업자,경상남도,-무급가족종사자,,,83.6,천명
202403,취업자,경상남도,-무급가족종사자,,,90.2,천명
202404,취업자,경상남도,-무급가족종사자,,,95.6,천명
202405,취업자,경상남도,-무급가족종사자,,,103.8,천명
202406,취업자,경상남도,-무급가족종사자,,,105.8,천명
202407,취업자,경상남도,-무급가족종사자,,,100.7,천명
202408,취업자,경상남도,-무급가족종사자,,,98.9,천명
202409,취업자,경상남도,-무급가족종사자,,,97.4,천명
202410,취업자,경상남도,-무급가족종사자,,,97.6,천명
202411,취업자,경상남도,-무급가족종사자,,,96.6,천명
202412,취업자,경상남도,-무급가족종사자,,,91,천명
202501,취업자,경상남도,-무급가족종사자,,,89.6,천명
202502,취업자,경상남도,-무급가족종사자,,,88.1,천명
202503,취업자,경상남도,-무급가족종사자,,,86.5,천명
202504,취업자,경상남도,-무급가족종사자,,,86.7,천명
202505,취업자,경상남도,-무급가족종사자,,,79.5,천명
202506,취업자,경상남도,-무급가족종사자,,,80.7,천명
202507,취업자,경상남도,-무급가족종사자,,,78.9,천명
202508,취업자,경상남도,-무급가족종사자,,,81.9,천명
202509,취업자,경상남도,-무급가족종사자,,,79.8,천명
202510,취업자,경상남도,-무급가족종사자,,,82.3,천명
202511,취업자,경상남도,-무급가족종사자,,,78.3,천명
202512,취업자,경상남도,-무급가족종사자,,,71.4,천명
202601,취업자,경상남도,-무급가족종사자,,,65.6,천명
202602,취업자,경상남도,-무급가족종사자,,,66.9,천명
202603,취업자,경상남도,-무급가족종사자,,,74.7,천명
202604,취업자,경상남도,-무급가족종사자,,,75.9,천명
202605,취업자,경상남도,-무급가족종사자,,,82,천명
202606,취업자,경상남도,-무급가족종사자,,,80.2,천명
202607,취업자,경상남도,-무급가족종사자,,,77.5,천명
202608,취업자,경상남도,-무급가족종사자,,,77.4,천명
202301,취업자,경상남도,임금근로자,,,1202.5,천명
202302,취업자,경상남도,임금근로자,,,1212.8,천명
202303,취업자,경상남도,임금근로자,,,1250,천명
202304,취업자,경상남도,임금근로자,,,1259.6,천명
202305,취업자,경상남도,임금근로자,,,1260.8,천명
202306,취업자,경상남도,임금근로자,,,1269,천명
202307,취업자,경상남도,임금근로자,,,1260.3,천명
202308,취업자,경상남도,임금근로자,,,1243.6,천명
202309,취업자,경상남도,임금근로자,,,1240.4,천명
202310,취업자,경상남도,임금근로자,,,1259.9,천명
202311,취업자,경상남도,임금근로자,,,1264,천명
202312,취업자,경상남도,임금근로자,,,1255.2,천명
202401,취업자,경상남도,임금근로자,,,1238.2,천명
202402,취업자,경상남도,임금근로자,,,1258.7,천명
202403,취업자,경상남도,임금근로자,,,1269.7,천명
202404,취업자,경상남도,임금근로자,,,1271.5,천명
202405,취업자,경상남도,임금근로자,,,1271.2,천명
202406,취업자,경상남도,임금근로자,,,1264.1,천명
202407,취업자,경상남도,임금근로자,,,1243.3,천명
202408,취업자,경상남도,임금근로자,,,1252,천명
202409,취업자,경상남도,임금근로자,,,1249.6,천명
202410,취업자,경상남도,임금근로자,,,1249.6,천명
202411,취업자,경상남도,임금근로자,,,1256.7,천명
202412,취업자,경상남도,임금근로자,,,1207.4,천명
202501,취업자,경상남도,임금근로자,,,1241.8,천명
202502,취업자,경상남도,임금근로자,,,1258,천명
202503,취업자,경상남도,임금근로자,,,1287.9,천명
202504,취업자,경상남도,임금근로자,,,1286.6,천명
202505,취업자,경상남도,임금근로자,,,1294,천명
202506,취업자,경상남도,임금근로자,,,1282.4,천명
202507,취업자,경상남도,임금근로자,,,1267.9,천명
202508,취업자,경상남도,임금근로자,,,1277.9,천명
202509,취업자,경상남도,임금근로자,,,1289.5,천명
202510,취업자,경상남도,임금근로자,,,1299.5,천명
202511,취업자,경상남도,임금근로자,,,1305.8,천명
202512,취업자,경상남도,임금근로자,,,1261.8,천명
202601,취업자,경상남도,임금근로자,,,1258.4,천명
202602,취업자,경상남도,임금근로자,,,1283.1,천명
202603,취업자,경상남도,임금근로자,,,1287.8,천명
202604,취업자,경상남도,임금근로자,,,1273.8,천명
202605,취업자,경상남도,임금근로자,,,1274.5,천명
202606,취업자,경상남도,임금근로자,,,1272,천명
202607,취업자,경상남도,임금근로자,,,1265.9,천명
202608,취업자,경상남도,임금근로자,,,1272.9,천명
202301,취업자,경상남도,-상용근로자,,,912.6,천명
202302,취업자,경상남도,-상용근로자,,,916.4,천명
202303,취업자,경상남도,-상용근로자,,,935.4,천명
202304,취업자,경상남도,-상용근로자,,,934.8,천명
202305,취업자,경상남도,-상용근로자,,,937.5,천명
202306,취업자,경상남도,-상용근로자,,,938.9,천명
202307,취업자,경상남도,-상용근로자,,,944.2,천명
202308,취업자,경상남도,-상용근로자,,,930.9,천명
202309,취업자,경상남도,-상용근로자,,,926.7,천명
202310,취업자,경상남도,-상용근로자,,,942.5,천명
202311,취업자,경상남도,-상용근로자,,,940,천명
202312,취업자,경상남도,-상용근로자,,,954,천명
202401,취업자,경상남도,-상용근로자,,,939.5,천명
202402,취업자,경상남도,-상용근로자,,,946,천명
202403,취업자,경상남도,-상용근로자,,,941,천명
202404,취업자,경상남도,-상용근로자,,,941.3,천명
202405,취업자,경상남도,-상용근로자,,,932.8,천명
202406,취업자,경상남도,-상용근로자,,,943.1,천명
202407,취업자,경상남도,-상용근로자,,,933.9,천명
202408,취업자,경상남도,-상용근로자,,,925.6,천명
202409,취업자,경상남도,-상용근로자,,,927.1,천명
202410,취업자,경상남도,-상용근로자,,,934.6,천명
202411,취업자,경상남도,-상용근로자,,,935.6,천명
202412,취업자,경상남도,-상용근로자,,,941.4,천명
202501,취업자,경상남도,-상용근로자,,,936.1,천명
202502,취업자,경상남도,-상용근로자,,,933.7,천명
202503,취업자,경상남도,-상용근로자,,,939.6,천명
202504,취업자,경상남도,-상용근로자,,,939.1,천명
202505,취업자,경상남도,-상용근로자,,,948.6,천명
202506,취업자,경상남도,-상용근로자,,,948.6,천명
202507,취업자,경상남도,-상용근로자,,,948.7,천명
202508,취업자,경상남도,-상용근로자,,,945.8,천명
202509,취업자,경상남도,-상용근로자,,,960.2,천명
202510,취업자,경상남도,-상용근로자,,,975.6,천명
202511,취업자,경상남도,-상용근로자,,,980.2,천명
202512,취업자,경상남도,-상용근로자,,,982.8,천명
202601,취업자,경상남도,-상용근로자,,,982.5,천명
202602,취업자,경상남도,-상용근로자,,,988.6,천명
202603,취업자,경상남도,-상용근로자,,,985.1,천명
202604,취업자,경상남도,-상용근로자,,,992.7,천명
202605,취업자,경상남도,-상용근로자,,,986,천명
202606,취업자,경상남도,-상용근로자,,,982.1,천명
202607,취업자,경상남도,-상용근로자,,,973.6,천명
202608,취업자,경상남도,-상용근로자,,,982.1,천명
202301,취업자,경상남도,-임시근로자,,,235.2,천명
202302,취업자,경상남도,-임시근로자,,,246.5,천명
202303,취업자,경상남도,-임시근로자,,,265.5,천명
202304,취업자,경상남도,-임시근로자,,,286,천명
202305,취업자,경상남도,-임시근로자,,,285.7,천명
202306,취업자,경상남도,-임시근로자,,,291.1,천명
202307,취업자,경상남도,-임시근로자,,,282.5,천명
202308,취업자,경상남도,-임시근로자,,,283,천명
202309,취업자,경상남도,-임시근로자,,,281,천명
202310,취업자,경상남도,-임시근로자,,,284.5,천명
202311,취업자,경상남도,-임시근로자,,,294.8,천명
202312,취업자,경상남도,-임시근로자,,,273,천명
202401,취업자,경상남도,-임시근로자,,,267.1,천명
202402,취업자,경상남도,-임시근로자,,,283.9,천명
202403,취업자,경상남도,-임시근로자,,,294.9,천명
202404,취업자,경상남도,-임시근로자,,,290.7,천명
202405,취업자,경상남도,-임시근로자,,,302.7,천명
202406,취업자,경상남도,-임시근로자,,,283.1,천명
202407,취업자,경상남도,-임시근로자,,,282.2,천명
202408,취업자,경상남도,-임시근로자,,,293.5,천명
202409,취업자,경상남도,-임시근로자,,,288.2,천명
202410,취업자,경상남도,-임시근로자,,,288.6,천명
202411,취업자,경상남도,-임시근로자,,,291.2,천명
202412,취업자,경상남도,-임시근로자,,,241.4,천명
202501,취업자,경상남도,-임시근로자,,,278.1,천명
202502,취업자,경상남도,-임시근로자,,,297.2,천명
202503,취업자,경상남도,-임시근로자,,,311.7,천명
202504,취업자,경상남도,-임시근로자,,,318.1,천명
202505,취업자,경상남도,-임시근로자,,,306.4,천명
202506,취업자,경상남도,-임시근로자,,,293,천명
202507,취업자,경상남도,-임시근로자,,,283.3,천명
202508,취업자,경상남도,-임시근로자,,,300.5,천명
202509,취업자,경상남도,-임시근로자,,,294.1,천명
202510,취업자,경상남도,-임시근로자,,,297.4,천명
202511,취업자,경상남도,-임시근로자,,,295.1,천명
202512,취업자,경상남도,-임시근로자,,,248.5,천명
202601,취업자,경상남도,-임시근로자,,,244.7,천명
202602,취업자,경상남도,-임시근로자,,,265.1,천명
202603,취업자,경상남도,-임시근로자,,,265.6,천명
202604,취업자,경상남도,-임시근로자,,,245.4,천명
202605,취업자,경상남도,-임시근로자,,,252,천명
202606,취업자,경상남도,-임시근로자,,,250.5,천명
202607,취업자,경상남도,-임시근로자,,,256.3,천명
202608,취업자,경상남도,-임시근로자,,,259.2,천명
202301,취업자,경상남도,-일용근로자,,,54.7,천명
202302,취업자,경상남도,-일용근로자,,,49.9,천명
202303,취업자,경상남도,-일용근로자,,,49.1,천명
202304,취업자,경상남도,-일용근로자,,,38.8,천명
202305,취업자,경상남도,-일용근로자,,,37.5,천명
202306,취업자,경상남도,-일용근로자,,,39,천명
202307,취업자,경상남도,-일용근로자,,,33.6,천명
202308,취업자,경상남도,-일용근로자,,,29.7,천명
202309,취업자,경상남도,-일용근로자,,,32.7,천명
202310,취업자,경상남도,-일용근로자,,,32.9,천명
202311,취업자,경상남도,-일용근로자,,,29.2,천명
202312,취업자,경상남도,-일용근로자,,,28.2,천명
202401,취업자,경상남도,-일용근로자,,,31.6,천명
202402,취업자,경상남도,-일용근로자,,,28.8,천명
202403,취업자,경상남도,-일용근로자,,,33.8,천명
202404,취업자,경상남도,-일용근로자,,,39.5,천명
202405,취업자,경상남도,-일용근로자,,,35.7,천명
202406,취업자,경상남도,-일용근로자,,,37.9,천명
202407,취업자,경상남도,-일용근로자,,,27.2,천명
202408,취업자,경상남도,-일용근로자,,,32.9,천명
202409,취업자,경상남도,-일용근로자,,,34.3,천명
202410,취업자,경상남도,-일용근로자,,,26.3,천명
202411,취업자,경상남도,-일용근로자,,,29.8,천명
202412,취업자,경상남도,-일용근로자,,,24.6,천명
202501,취업자,경상남도,-일용근로자,,,27.6,천명
202502,취업자,경상남도,-일용근로자,,,27,천명
202503,취업자,경상남도,-일용근로자,,,36.6,천명
202504,취업자,경상남도,-일용근로자,,,29.5,천명
202505,취업자,경상남도,-일용근로자,,,39,천명
202506,취업자,경상남도,-일용근로자,,,40.8,천명
202507,취업자,경상남도,-일용근로자,,,35.9,천명
202508,취업자,경상남도,-일용근로자,,,31.6,천명
202509,취업자,경상남도,-일용근로자,,,35.1,천명
202510,취업자,경상남도,-일용근로자,,,26.5,천명
202511,취업자,경상남도,-일용근로자,,,30.5,천명
202512,취업자,경상남도,-일용근로자,,,30.5,천명
202601,취업자,경상남도,-일용근로자,,,31.2,천명
202602,취업자,경상남도,-일용근로자,,,29.4,천명
202603,취업자,경상남도,-일용근로자,,,37.2,천명
202604,취업자,경상남도,-일용근로자,,,35.7,천명
202605,취업자,경상남도,-일용근로자,,,36.6,천명
202606,취업자,경상남도,-일용근로자,,,39.4,천명
202607,취업자,경상남도,-일용근로자,,,36,천명
202608,취업자,경상남도,-일용근로자,,,31.6,천명
202301,취업자,제주특별자치도,계,,,391.3,천명
202302,취업자,제주특별자치도,계,,,391,천명
202303,취업자,제주특별자치도,계,,,393.1,천명
202304,취업자,제주특별자치도,계,,,397.9,천명
202305,취업자,제주특별자치도,계,,,401.8,천명
202306,취업자,제주특별자치도,계,,,403,천명
202307,취업자,제주특별자치도,계,,,403,천명
202308,취업자,제주특별자치도,계,,,406.1,천명
202309,취업자,제주특별자치도,계,,,405.9,천명
202310,취업자,제주특별자치도,계,,,408,천명
202311,취업자,제주특별자치도,계,,,410.6,천명
202312,취업자,제주특별자치도,계,,,400.2,천명
202401,취업자,제주특별자치도,계,,,400.5,천명
202402,취업자,제주특별자치도,계,,,398,천명
202403,취업자,제주특별자치도,계,,,401.4,천명
202404,취업자,제주특별자치도,계,,,400,천명
202405,취업자,제주특별자치도,계,,,404.1,천명
202406,취업자,제주특별자치도,계,,,403.8,천명
202407,취업자,제주특별자치도,계,,,402.2,천명
202408,취업자,제주특별자치도,계,,,401.5,천명
202409,취업자,제주특별자치도,계,,,400,천명
202410,취업자,제주특별자치도,계,,,399.6,천명
202411,취업자,제주특별자치도,계,,,401.1,천명
202412,취업자,제주특별자치도,계,,,392.6,천명
202501,취업자,제주특별자치도,계,,,395.5,천명
202502,취업자,제주특별자치도,계,,,399.2,천명
202503,취업자,제주특별자치도,계,,,396.5,천명
202504,취업자,제주특별자치도,계,,,399.3,천명
202505,취업자,제주특별자치도,계,,,406.2,천명
202506,취업자,제주특별자치도,계,,,408.9,천명
202507,취업자,제주특별자치도,계,,,404.2,천명
202508,취업자,제주특별자치도,계,,,402.5,천명
202509,취업자,제주특별자치도,계,,,402.3,천명
202510,취업자,제주특별자치도,계,,,408.7,천명
202511,취업자,제주특별자치도,계,,,412.5,천명
202512,취업자,제주특별자치도,계,,,397.3,천명
202601,취업자,제주특별자치도,계,,,404,천명
202602,취업자,제주특별자치도,계,,,412,천명
202603,취업자,제주특별자치도,계,,,413.7,천명
202604,취업자,제주특별자치도,계,,,413.7,천명
202605,취업자,제주특별자치도,계,,,415.9,천명
202606,취업자,제주특별자치도,계,,,414.2,천명
202607,취업자,제주특별자치도,계,,,415,천명
202608,취업자,제주특별자치도,계,,,414.6,천명
202301,취업자,제주특별자치도,비임금근로자,,,132,천명
202302,취업자,제주특별자치도,비임금근로자,,,128.6,천명
202303,취업자,제주특별자치도,비임금근로자,,,127.8,천명
202304,취업자,제주특별자치도,비임금근로자,,,130.1,천명
202305,취업자,제주특별자치도,비임금근로자,,,127.6,천명
202306,취업자,제주특별자치도,비임금근로자,,,124.4,천명
202307,취업자,제주특별자치도,비임금근로자,,,126.5,천명
202308,취업자,제주특별자치도,비임금근로자,,,129.1,천명
202309,취업자,제주특별자치도,비임금근로자,,,129.4,천명
202310,취업자,제주특별자치도,비임금근로자,,,132.6,천명
202311,취업자,제주특별자치도,비임금근로자,,,133.6,천명
202312,취업자,제주특별자치도,비임금근로자,,,131.9,천명
202401,취업자,제주특별자치도,비임금근로자,,,129.8,천명
202402,취업자,제주특별자치도,비임금근로자,,,128.4,천명
202403,취업자,제주특별자치도,비임금근로자,,,130.4,천명
202404,취업자,제주특별자치도,비임금근로자,,,131.3,천명
202405,취업자,제주특별자치도,비임금근로자,,,130.7,천명
202406,취업자,제주특별자치도,비임금근로자,,,130.6,천명
202407,취업자,제주특별자치도,비임금근로자,,,128.4,천명
202408,취업자,제주특별자치도,비임금근로자,,,130,천명
202409,취업자,제주특별자치도,비임금근로자,,,130.3,천명
202410,취업자,제주특별자치도,비임금근로자,,,127.6,천명
202411,취업자,제주특별자치도,비임금근로자,,,126.9,천명
202412,취업자,제주특별자치도,비임금근로자,,,125.2,천명
202501,취업자,제주특별자치도,비임금근로자,,,125.5,천명
202502,취업자,제주특별자치도,비임금근로자,,,122.8,천명
202503,취업자,제주특별자치도,비임금근로자,,,125.1,천명
202504,취업자,제주특별자치도,비임금근로자,,,121.6,천명
202505,취업자,제주특별자치도,비임금근로자,,,123,천명
202506,취업자,제주특별자치도,비임금근로자,,,127.3,천명
202507,취업자,제주특별자치도,비임금근로자,,,130,천명
202508,취업자,제주특별자치도,비임금근로자,,,128.7,천명
202509,취업자,제주특별자치도,비임금근로자,,,125.8,천명
202510,취업자,제주특별자치도,비임금근로자,,,126.5,천명
202511,취업자,제주특별자치도,비임금근로자,,,128,천명
202512,취업자,제주특별자치도,비임금근로자,,,125.2,천명
202601,취업자,제주특별자치도,비임금근로자,,,125.5,천명
202602,취업자,제주특별자치도,비임금근로자,,,126.7,천명
202603,취업자,제주특별자치도,비임금근로자,,,127.7,천명
202604,취업자,제주특별자치도,비임금근로자,,,133.2,천명
202605,취업자,제주특별자치도,비임금근로자,,,135.9,천명
202606,취업자,제주특별자치도,비임금근로자,,,135.6,천명
202607,취업자,제주특별자치도,비임금근로자,,,135.5,천명
202608,취업자,제주특별자치도,비임금근로자,,,136.3,천명
202301,취업자,제주특별자치도,*자영업자,,,106.9,천명
202302,취업자,제주특별자치도,*자영업자,,,103.6,천명
202303,취업자,제주특별자치도,*자영업자,,,103.9,천명
202304,취업자,제주특별자치도,*자영업자,,,106.3,천명
202305,취업자,제주특별자치도,*자영업자,,,104.4,천명
202306,취업자,제주특별자치도,*자영업자,,,103.5,천명
202307,취업자,제주특별자치도,*자영업자,,,105.4,천명
202308,취업자,제주특별자치도,*자영업자,,,106.8,천명
202309,취업자,제주특별자치도,*자영업자,,,106.2,천명
202310,취업자,제주특별자치도,*자영업자,,,109.1,천명
202311,취업자,제주특별자치도,*자영업자,,,109.1,천명
202312,취업자,제주특별자치도,*자영업자,,,107.7,천명
202401,취업자,제주특별자치도,*자영업자,,,105.2,천명
202402,취업자,제주특별자치도,*자영업자,,,104.2,천명
202403,취업자,제주특별자치도,*자영업자,,,106.6,천명
202404,취업자,제주특별자치도,*자영업자,,,106.8,천명
202405,취업자,제주특별자치도,*자영업자,,,106.4,천명
202406,취업자,제주특별자치도,*자영업자,,,106.4,천명
202407,취업자,제주특별자치도,*자영업자,,,105.7,천명
202408,취업자,제주특별자치도,*자영업자,,,106.7,천명
202409,취업자,제주특별자치도,*자영업자,,,107.5,천명
202410,취업자,제주특별자치도,*자영업자,,,105.5,천명
202411,취업자,제주특별자치도,*자영업자,,,105.2,천명
202412,취업자,제주특별자치도,*자영업자,,,104,천명
202501,취업자,제주특별자치도,*자영업자,,,105.4,천명
202502,취업자,제주특별자치도,*자영업자,,,103.1,천명
202503,취업자,제주특별자치도,*자영업자,,,103.4,천명
202504,취업자,제주특별자치도,*자영업자,,,100.4,천명
202505,취업자,제주특별자치도,*자영업자,,,101.9,천명
202506,취업자,제주특별자치도,*자영업자,,,105.4,천명
202507,취업자,제주특별자치도,*자영업자,,,107.4,천명
202508,취업자,제주특별자치도,*자영업자,,,106,천명
202509,취업자,제주특별자치도,*자영업자,,,104.9,천명
202510,취업자,제주특별자치도,*자영업자,,,105.2,천명
202511,취업자,제주특별자치도,*자영업자,,,106.5,천명
202512,취업자,제주특별자치도,*자영업자,,,103.9,천명
202601,취업자,제주특별자치도,*자영업자,,,104.1,천명
202602,취업자,제주특별자치도,*자영업자,,,103.2,천명
202603,취업자,제주특별자치도,*자영업자,,,104.5,천명
202604,취업자,제주특별자치도,*자영업자,,,109.9,천명
202605,취업자,제주특별자치도,*자영업자,,,111,천명
202606,취업자,제주특별자치도,*자영업자,,,110.9,천명
202607,취업자,제주특별자치도,*자영업자,,,110.3,천명
202608,취업자,제주특별자치도,*자영업자,,,111.3,천명
202301,취업자,제주특별자치도,-고용원이 있는 자영업자,,,30.9,천명
202302,취업자,제주특별자치도,-고용원이 있는 자영업자,,,27.9,천명
202303,취업자,제주특별자치도,-고용원이 있는 자영업자,,,27.3,천명
202304,취업자,제주특별자치도,-고용원이 있는 자영업자,,,27.3,천명
202305,취업자,제주특별자치도,-고용원이 있는 자영업자,,,26.2,천명
202306,취업자,제주특별자치도,-고용원이 있는 자영업자,,,26.3,천명
202307,취업자,제주특별자치도,-고용원이 있는 자영업자,,,25.5,천명
202308,취업자,제주특별자치도,-고용원이 있는 자영업자,,,26.5,천명
202309,취업자,제주특별자치도,-고용원이 있는 자영업자,,,27.7,천명
202310,취업자,제주특별자치도,-고용원이 있는 자영업자,,,29,천명
202311,취업자,제주특별자치도,-고용원이 있는 자영업자,,,32.3,천명
202312,취업자,제주특별자치도,-고용원이 있는 자영업자,,,29.3,천명
202401,취업자,제주특별자치도,-고용원이 있는 자영업자,,,27.6,천명
202402,취업자,제주특별자치도,-고용원이 있는 자영업자,,,27.4,천명
202403,취업자,제주특별자치도,-고용원이 있는 자영업자,,,28,천명
202404,취업자,제주특별자치도,-고용원이 있는 자영업자,,,27.1,천명
202405,취업자,제주특별자치도,-고용원이 있는 자영업자,,,26.9,천명
202406,취업자,제주특별자치도,-고용원이 있는 자영업자,,,26.7,천명
202407,취업자,제주특별자치도,-고용원이 있는 자영업자,,,25.2,천명
202408,취업자,제주특별자치도,-고용원이 있는 자영업자,,,24.1,천명
202409,취업자,제주특별자치도,-고용원이 있는 자영업자,,,23.7,천명
202410,취업자,제주특별자치도,-고용원이 있는 자영업자,,,23.3,천명
202411,취업자,제주특별자치도,-고용원이 있는 자영업자,,,23.8,천명
202412,취업자,제주특별자치도,-고용원이 있는 자영업자,,,24.3,천명
202501,취업자,제주특별자치도,-고용원이 있는 자영업자,,,24.8,천명
202502,취업자,제주특별자치도,-고용원이 있는 자영업자,,,21.6,천명
202503,취업자,제주특별자치도,-고용원이 있는 자영업자,,,21.8,천명
202504,취업자,제주특별자치도,-고용원이 있는 자영업자,,,20.6,천명
202505,취업자,제주특별자치도,-고용원이 있는 자영업자,,,21.4,천명
202506,취업자,제주특별자치도,-고용원이 있는 자영업자,,,22,천명
202507,취업자,제주특별자치도,-고용원이 있는 자영업자,,,22,천명
202508,취업자,제주특별자치도,-고용원이 있는 자영업자,,,21.1,천명
202509,취업자,제주특별자치도,-고용원이 있는 자영업자,,,22.3,천명
202510,취업자,제주특별자치도,-고용원이 있는 자영업자,,,24.1,천명
202511,취업자,제주특별자치도,-고용원이 있는 자영업자,,,24,천명
202512,취업자,제주특별자치도,-고용원이 있는 자영업자,,,21.7,천명
202601,취업자,제주특별자치도,-고용원이 있는 자영업자,,,24.4,천명
202602,취업자,제주특별자치도,-고용원이 있는 자영업자,,,22.3,천명
202603,취업자,제주특별자치도,-고용원이 있는 자영업자,,,23.2,천명
202604,취업자,제주특별자치도,-고용원이 있는 자영업자,,,23.4,천명
202605,취업자,제주특별자치도,-고용원이 있는 자영업자,,,23.8,천명
202606,취업자,제주특별자치도,-고용원이 있는 자영업자,,,24.6,천명
202607,취업자,제주특별자치도,-고용원이 있는 자영업자,,,24,천명
202608,취업자,제주특별자치도,-고용원이 있는 자영업자,,,23.3,천명
202301,취업자,제주특별자치도,-고용원이 없는 자영업자,,,76,천명
202302,취업자,제주특별자치도,-고용원이 없는 자영업자,,,75.7,천명
202303,취업자,제주특별자치도,-고용원이 없는 자영업자,,,76.7,천명
202304,취업자,제주특별자치도,-고용원이 없는 자영업자,,,79.1,천명
202305,취업자,제주특별자치도,-고용원이 없는 자영업자,,,78.3,천명
202306,취업자,제주특별자치도,-고용원이 없는 자영업자,,,77.2,천명
202307,취업자,제주특별자치도,-고용원이 없는 자영업자,,,79.9,천명
202308,취업자,제주특별자치도,-고용원이 없는 자영업자,,,80.3,천명
202309,취업자,제주특별자치도,-고용원이 없는 자영업자,,,78.5,천명
202310,취업자,제주특별자치도,-고용원이 없는 자영업자,,,80.1,천명
202311,취업자,제주특별자치도,-고용원이 없는 자영업자,,,76.8,천명
202312,취업자,제주특별자치도,-고용원이 없는 자영업자,,,78.3,천명
202401,취업자,제주특별자치도,-고용원이 없는 자영업자,,,77.6,천명
202402,취업자,제주특별자치도,-고용원이 없는 자영업자,,,76.9,천명
202403,취업자,제주특별자치도,-고용원이 없는 자영업자,,,78.6,천명
202404,취업자,제주특별자치도,-고용원이 없는 자영업자,,,79.7,천명
202405,취업자,제주특별자치도,-고용원이 없는 자영업자,,,79.5,천명
202406,취업자,제주특별자치도,-고용원이 없는 자영업자,,,79.7,천명
202407,취업자,제주특별자치도,-고용원이 없는 자영업자,,,80.5,천명
202408,취업자,제주특별자치도,-고용원이 없는 자영업자,,,82.6,천명
202409,취업자,제주특별자치도,-고용원이 없는 자영업자,,,83.8,천명
202410,취업자,제주특별자치도,-고용원이 없는 자영업자,,,82.2,천명
202411,취업자,제주특별자치도,-고용원이 없는 자영업자,,,81.3,천명
202412,취업자,제주특별자치도,-고용원이 없는 자영업자,,,79.8,천명
202501,취업자,제주특별자치도,-고용원이 없는 자영업자,,,80.6,천명
202502,취업자,제주특별자치도,-고용원이 없는 자영업자,,,81.4,천명
202503,취업자,제주특별자치도,-고용원이 없는 자영업자,,,81.6,천명
202504,취업자,제주특별자치도,-고용원이 없는 자영업자,,,79.8,천명
202505,취업자,제주특별자치도,-고용원이 없는 자영업자,,,80.5,천명
202506,취업자,제주특별자치도,-고용원이 없는 자영업자,,,83.4,천명
202507,취업자,제주특별자치도,-고용원이 없는 자영업자,,,85.4,천명
202508,취업자,제주특별자치도,-고용원이 없는 자영업자,,,85,천명
202509,취업자,제주특별자치도,-고용원이 없는 자영업자,,,82.7,천명
202510,취업자,제주특별자치도,-고용원이 없는 자영업자,,,81.1,천명
202511,취업자,제주특별자치도,-고용원이 없는 자영업자,,,82.6,천명
202512,취업자,제주특별자치도,-고용원이 없는 자영업자,,,82.2,천명
202601,취업자,제주특별자치도,-고용원이 없는 자영업자,,,79.7,천명
202602,취업자,제주특별자치도,-고용원이 없는 자영업자,,,80.9,천명
202603,취업자,제주특별자치도,-고용원이 없는 자영업자,,,81.3,천명
202604,취업자,제주특별자치도,-고용원이 없는 자영업자,,,86.5,천명
202605,취업자,제주특별자치도,-고용원이 없는 자영업자,,,87.1,천명
202606,취업자,제주특별자치도,-고용원이 없는 자영업자,,,86.2,천명
202607,취업자,제주특별자치도,-고용원이 없는 자영업자,,,86.3,천명
202608,취업자,제주특별자치도,-고용원이 없는 자영업자,,,88,천명
202301,취업자,제주특별자치도,-무급가족종사자,,,25.1,천명
202302,취업자,제주특별자치도,-무급가족종사자,,,25,천명
202303,취업자,제주특별자치도,-무급가족종사자,,,23.9,천명
202304,취업자,제주특별자치도,-무급가족종사자,,,23.7,천명
202305,취업자,제주특별자치도,-무급가족종사자,,,23.2,천명
202306,취업자,제주특별자치도,-무급가족종사자,,,20.9,천명
202307,취업자,제주특별자치도,-무급가족종사자,,,21.1,천명
202308,취업자,제주특별자치도,-무급가족종사자,,,22.3,천명
202309,취업자,제주특별자치도,-무급가족종사자,,,23.2,천명
202310,취업자,제주특별자치도,-무급가족종사자,,,23.5,천명
202311,취업자,제주특별자치도,-무급가족종사자,,,24.5,천명
202312,취업자,제주특별자치도,-무급가족종사자,,,24.3,천명
202401,취업자,제주특별자치도,-무급가족종사자,,,24.5,천명
202402,취업자,제주특별자치도,-무급가족종사자,,,24.2,천명
202403,취업자,제주특별자치도,-무급가족종사자,,,23.7,천명
202404,취업자,제주특별자치도,-무급가족종사자,,,24.5,천명
202405,취업자,제주특별자치도,-무급가족종사자,,,24.4,천명
202406,취업자,제주특별자치도,-무급가족종사자,,,24.2,천명
202407,취업자,제주특별자치도,-무급가족종사자,,,22.7,천명
202408,취업자,제주특별자치도,-무급가족종사자,,,23.3,천명
202409,취업자,제주특별자치도,-무급가족종사자,,,22.8,천명
202410,취업자,제주특별자치도,-무급가족종사자,,,22.1,천명
202411,취업자,제주특별자치도,-무급가족종사자,,,21.8,천명
202412,취업자,제주특별자치도,-무급가족종사자,,,21.1,천명
202501,취업자,제주특별자치도,-무급가족종사자,,,20.1,천명
202502,취업자,제주특별자치도,-무급가족종사자,,,19.7,천명
202503,취업자,제주특별자치도,-무급가족종사자,,,21.7,천명
202504,취업자,제주특별자치도,-무급가족종사자,,,21.2,천명
202505,취업자,제주특별자치도,-무급가족종사자,,,21.1,천명
202506,취업자,제주특별자치도,-무급가족종사자,,,21.9,천명
202507,취업자,제주특별자치도,-무급가족종사자,,,22.6,천명
202508,취업자,제주특별자치도,-무급가족종사자,,,22.6,천명
202509,취업자,제주특별자치도,-무급가족종사자,,,20.9,천명
202510,취업자,제주특별자치도,-무급가족종사자,,,21.3,천명
202511,취업자,제주특별자치도,-무급가족종사자,,,21.5,천명
202512,취업자,제주특별자치도,-무급가족종사자,,,21.4,천명
202601,취업자,제주특별자치도,-무급가족종사자,,,21.4,천명
202602,취업자,제주특별자치도,-무급가족종사자,,,23.5,천명
202603,취업자,제주특별자치도,-무급가족종사자,,,23.2,천명
202604,취업자,제주특별자치도,-무급가족종사자,,,23.4,천명
202605,취업자,제주특별자치도,-무급가족종사자,,,24.9,천명
202606,취업자,제주특별자치도,-무급가족종사자,,,24.7,천명
202607,취업자,제주특별자치도,-무급가족종사자,,,25.2,천명
202608,취업자,제주특별자치도,-무급가족종사자,,,25,천명
202301,취업자,제주특별자치도,임금근로자,,,259.3,천명
202302,취업자,제주특별자치도,임금근로자,,,262.4,천명
202303,취업자,제주특별자치도,임금근로자,,,265.3,천명
202304,취업자,제주특별자치도,임금근로자,,,267.9,천명
202305,취업자,제주특별자치도,임금근로자,,,274.1,천명
202306,취업자,제주특별자치도,임금근로자,,,278.6,천명
202307,취업자,제주특별자치도,임금근로자,,,276.4,천명
202308,취업자,제주특별자치도,임금근로자,,,277,천명
202309,취업자,제주특별자치도,임금근로자,,,276.5,천명
202310,취업자,제주특별자치도,임금근로자,,,275.4,천명
202311,취업자,제주특별자치도,임금근로자,,,277,천명
202312,취업자,제주특별자치도,임금근로자,,,268.3,천명
202401,취업자,제주특별자치도,임금근로자,,,270.8,천명
202402,취업자,제주특별자치도,임금근로자,,,269.6,천명
202403,취업자,제주특별자치도,임금근로자,,,271,천명
202404,취업자,제주특별자치도,임금근로자,,,268.7,천명
202405,취업자,제주특별자치도,임금근로자,,,273.4,천명
202406,취업자,제주특별자치도,임금근로자,,,273.2,천명
202407,취업자,제주특별자치도,임금근로자,,,273.8,천명
202408,취업자,제주특별자치도,임금근로자,,,271.6,천명
202409,취업자,제주특별자치도,임금근로자,,,269.7,천명
202410,취업자,제주특별자치도,임금근로자,,,272,천명
202411,취업자,제주특별자치도,임금근로자,,,274.2,천명
202412,취업자,제주특별자치도,임금근로자,,,267.5,천명
202501,취업자,제주특별자치도,임금근로자,,,270,천명
202502,취업자,제주특별자치도,임금근로자,,,276.4,천명
202503,취업자,제주특별자치도,임금근로자,,,271.4,천명
202504,취업자,제주특별자치도,임금근로자,,,277.7,천명
202505,취업자,제주특별자치도,임금근로자,,,283.2,천명
202506,취업자,제주특별자치도,임금근로자,,,281.7,천명
202507,취업자,제주특별자치도,임금근로자,,,274.1,천명
202508,취업자,제주특별자치도,임금근로자,,,273.8,천명
202509,취업자,제주특별자치도,임금근로자,,,276.5,천명
202510,취업자,제주특별자치도,임금근로자,,,282.2,천명
202511,취업자,제주특별자치도,임금근로자,,,284.5,천명
202512,취업자,제주특별자치도,임금근로자,,,272.1,천명
202601,취업자,제주특별자치도,임금근로자,,,278.5,천명
202602,취업자,제주특별자치도,임금근로자,,,285.3,천명
202603,취업자,제주특별자치도,임금근로자,,,286.1,천명
202604,취업자,제주특별자치도,임금근로자,,,280.5,천명
202605,취업자,제주특별자치도,임금근로자,,,280,천명
202606,취업자,제주특별자치도,임금근로자,,,278.6,천명
202607,취업자,제주특별자치도,임금근로자,,,279.5,천명
202608,취업자,제주특별자치도,임금근로자,,,278.3,천명
202301,취업자,제주특별자치도,-상용근로자,,,188.8,천명
202302,취업자,제주특별자치도,-상용근로자,,,189.1,천명
202303,취업자,제주특별자치도,-상용근로자,,,187.7,천명
202304,취업자,제주특별자치도,-상용근로자,,,186.2,천명
202305,취업자,제주특별자치도,-상용근로자,,,189.4,천명
202306,취업자,제주특별자치도,-상용근로자,,,192.1,천명
202307,취업자,제주특별자치도,-상용근로자,,,193.4,천명
202308,취업자,제주특별자치도,-상용근로자,,,194.8,천명
202309,취업자,제주특별자치도,-상용근로자,,,197.2,천명
202310,취업자,제주특별자치도,-상용근로자,,,196.4,천명
202311,취업자,제주특별자치도,-상용근로자,,,194.2,천명
202312,취업자,제주특별자치도,-상용근로자,,,191.8,천명
202401,취업자,제주특별자치도,-상용근로자,,,191.5,천명
202402,취업자,제주특별자치도,-상용근로자,,,190.5,천명
202403,취업자,제주특별자치도,-상용근로자,,,190.5,천명
202404,취업자,제주특별자치도,-상용근로자,,,190.6,천명
202405,취업자,제주특별자치도,-상용근로자,,,191.6,천명
202406,취업자,제주특별자치도,-상용근로자,,,192.3,천명
202407,취업자,제주특별자치도,-상용근로자,,,193.4,천명
202408,취업자,제주특별자치도,-상용근로자,,,193,천명
202409,취업자,제주특별자치도,-상용근로자,,,190.8,천명
202410,취업자,제주특별자치도,-상용근로자,,,191.9,천명
202411,취업자,제주특별자치도,-상용근로자,,,191.4,천명
202412,취업자,제주특별자치도,-상용근로자,,,192.4,천명
202501,취업자,제주특별자치도,-상용근로자,,,193.1,천명
202502,취업자,제주특별자치도,-상용근로자,,,194.3,천명
202503,취업자,제주특별자치도,-상용근로자,,,193.3,천명
202504,취업자,제주특별자치도,-상용근로자,,,194.5,천명
202505,취업자,제주특별자치도,-상용근로자,,,194.2,천명
202506,취업자,제주특별자치도,-상용근로자,,,194.8,천명
202507,취업자,제주특별자치도,-상용근로자,,,189.7,천명
202508,취업자,제주특별자치도,-상용근로자,,,188,천명
202509,취업자,제주특별자치도,-상용근로자,,,193,천명
202510,취업자,제주특별자치도,-상용근로자,,,195.4,천명
202511,취업자,제주특별자치도,-상용근로자,,,193.3,천명
202512,취업자,제주특별자치도,-상용근로자,,,193,천명
202601,취업자,제주특별자치도,-상용근로자,,,195.3,천명
202602,취업자,제주특별자치도,-상용근로자,,,196.1,천명
202603,취업자,제주특별자치도,-상용근로자,,,193,천명
202604,취업자,제주특별자치도,-상용근로자,,,187.2,천명
202605,취업자,제주특별자치도,-상용근로자,,,188.4,천명
202606,취업자,제주특별자치도,-상용근로자,,,190.9,천명
202607,취업자,제주특별자치도,-상용근로자,,,190.6,천명
202608,취업자,제주특별자치도,-상용근로자,,,191.7,천명
202301,취업자,제주특별자치도,-임시근로자,,,52.2,천명
202302,취업자,제주특별자치도,-임시근로자,,,53.8,천명
202303,취업자,제주특별자치도,-임시근로자,,,55.7,천명
202304,취업자,제주특별자치도,-임시근로자,,,61.3,천명
202305,취업자,제주특별자치도,-임시근로자,,,65.7,천명
202306,취업자,제주특별자치도,-임시근로자,,,64.9,천명
202307,취업자,제주특별자치도,-임시근로자,,,64.2,천명
202308,취업자,제주특별자치도,-임시근로자,,,63.7,천명
202309,취업자,제주특별자치도,-임시근로자,,,58.2,천명
202310,취업자,제주특별자치도,-임시근로자,,,58.7,천명
202311,취업자,제주특별자치도,-임시근로자,,,61.7,천명
202312,취업자,제주특별자치도,-임시근로자,,,58.2,천명
202401,취업자,제주특별자치도,-임시근로자,,,56.4,천명
202402,취업자,제주특별자치도,-임시근로자,,,59.9,천명
202403,취업자,제주특별자치도,-임시근로자,,,60.8,천명
202404,취업자,제주특별자치도,-임시근로자,,,60.1,천명
202405,취업자,제주특별자치도,-임시근로자,,,63.3,천명
202406,취업자,제주특별자치도,-임시근로자,,,61.8,천명
202407,취업자,제주특별자치도,-임시근로자,,,64,천명
202408,취업자,제주특별자치도,-임시근로자,,,63,천명
202409,취업자,제주특별자치도,-임시근로자,,,64,천명
202410,취업자,제주특별자치도,-임시근로자,,,63.5,천명
202411,취업자,제주특별자치도,-임시근로자,,,64.2,천명
202412,취업자,제주특별자치도,-임시근로자,,,56.5,천명
202501,취업자,제주특별자치도,-임시근로자,,,59.3,천명
202502,취업자,제주특별자치도,-임시근로자,,,65.6,천명
202503,취업자,제주특별자치도,-임시근로자,,,65.2,천명
202504,취업자,제주특별자치도,-임시근로자,,,67.8,천명
202505,취업자,제주특별자치도,-임시근로자,,,72.4,천명
202506,취업자,제주특별자치도,-임시근로자,,,73.8,천명
202507,취업자,제주특별자치도,-임시근로자,,,73.3,천명
202508,취업자,제주특별자치도,-임시근로자,,,76.3,천명
202509,취업자,제주특별자치도,-임시근로자,,,73.7,천명
202510,취업자,제주특별자치도,-임시근로자,,,76.1,천명
202511,취업자,제주특별자치도,-임시근로자,,,78,천명
202512,취업자,제주특별자치도,-임시근로자,,,64.4,천명
202601,취업자,제주특별자치도,-임시근로자,,,68.9,천명
202602,취업자,제주특별자치도,-임시근로자,,,76.7,천명
202603,취업자,제주특별자치도,-임시근로자,,,79,천명
202604,취업자,제주특별자치도,-임시근로자,,,81,천명
202605,취업자,제주특별자치도,-임시근로자,,,78.2,천명
202606,취업자,제주특별자치도,-임시근로자,,,75.8,천명
202607,취업자,제주특별자치도,-임시근로자,,,77.3,천명
202608,취업자,제주특별자치도,-임시근로자,,,76.6,천명
202301,취업자,제주특별자치도,-일용근로자,,,18.3,천명
202302,취업자,제주특별자치도,-일용근로자,,,19.5,천명
202303,취업자,제주특별자치도,-일용근로자,,,21.9,천명
202304,취업자,제주특별자치도,-일용근로자,,,20.4,천명
202305,취업자,제주특별자치도,-일용근로자,,,19.1,천명
202306,취업자,제주특별자치도,-일용근로자,,,21.7,천명
202307,취업자,제주특별자치도,-일용근로자,,,18.9,천명
202308,취업자,제주특별자치도,-일용근로자,,,18.5,천명
202309,취업자,제주특별자치도,-일용근로자,,,21.1,천명
202310,취업자,제주특별자치도,-일용근로자,,,20.3,천명
202311,취업자,제주특별자치도,-일용근로자,,,21.1,천명
202312,취업자,제주특별자치도,-일용근로자,,,18.3,천명
202401,취업자,제주특별자치도,-일용근로자,,,22.9,천명
202402,취업자,제주특별자치도,-일용근로자,,,19.2,천명
202403,취업자,제주특별자치도,-일용근로자,,,19.8,천명
202404,취업자,제주특별자치도,-일용근로자,,,18,천명
202405,취업자,제주특별자치도,-일용근로자,,,18.5,천명
202406,취업자,제주특별자치도,-일용근로자,,,19.1,천명
202407,취업자,제주특별자치도,-일용근로자,,,16.3,천명
202408,취업자,제주특별자치도,-일용근로자,,,15.6,천명
202409,취업자,제주특별자치도,-일용근로자,,,14.9,천명
202410,취업자,제주특별자치도,-일용근로자,,,16.7,천명
202411,취업자,제주특별자치도,-일용근로자,,,18.6,천명
202412,취업자,제주특별자치도,-일용근로자,,,18.6,천명
202501,취업자,제주특별자치도,-일용근로자,,,17.6,천명
202502,취업자,제주특별자치도,-일용근로자,,,16.5,천명
202503,취업자,제주특별자치도,-일용근로자,,,13,천명
202504,취업자,제주특별자치도,-일용근로자,,,15.5,천명
202505,취업자,제주특별자치도,-일용근로자,,,16.6,천명
202506,취업자,제주특별자치도,-일용근로자,,,13.1,천명
202507,취업자,제주특별자치도,-일용근로자,,,11.1,천명
202508,취업자,제주특별자치도,-일용근로자,,,9.6,천명
202509,취업자,제주특별자치도,-일용근로자,,,9.8,천명
202510,취업자,제주특별자치도,-일용근로자,,,10.7,천명
202511,취업자,제주특별자치도,-일용근로자,,,13.2,천명
202512,취업자,제주특별자치도,-일용근로자,,,14.7,천명
202601,취업자,제주특별자치도,-일용근로자,,,14.2,천명
202602,취업자,제주특별자치도,-일용근로자,,,12.5,천명
202603,취업자,제주특별자치도,-일용근로자,,,14.1,천명
202604,취업자,제주특별자치도,-일용근로자,,,12.3,천명
202605,취업자,제주특별자치도,-일용근로자,,,13.4,천명
202606,취업자,제주특별자치도,-일용근로자,,,11.9,천명
202607,취업자,제주특별자치도,-일용근로자,,,11.6,천명
202608,취업자,제주특별자치도,-일용근로자,,,10.1,천명
