region,sector,year,workers,share_pct,national_share_pct,lq
강원,A01 농업,2020,3081,0.44,0.18,2.41
강원,A02 임업,2020,1925,0.27,0.05,5.83
강원,A03 어업,2020,146,0.02,0.03,0.71
강원,B05 석탄 원유 및 천연가스 광업,2020,1942,0.28,0.01,31.84
강원,B06 금속 광업,2020,169,0.02,0.0,15.06
강원,B07 비금속광물 광업; 연료용 제외,2020,2198,0.31,0.05,6.25
강원,C10 식료품 제조업,2020,19500,2.77,1.49,1.85
강원,C11 음료 제조업,2020,2211,0.31,0.08,3.84
강원,C13 섬유제품 제조업; 의복제외,2020,824,0.12,0.6,0.19
강원,C14 의복 의복 액세서리 및 모피제품 제조업,2020,730,0.1,0.52,0.2
강원,C15 가죽 가방 및 신발 제조업,2020,89,0.01,0.14,0.09
강원,C16 목재 및 나무제품 제조업; 가구 제외,2020,989,0.14,0.17,0.85
강원,C17 펄프 종이 및 종이제품 제조업,2020,707,0.1,0.34,0.29
강원,C18 인쇄 및 기록매체 복제업,2020,532,0.08,0.31,0.24
강원,C19 코크스 연탄 및 석유정제품 제조업,2020,128,0.02,0.05,0.35
강원,C20 화학물질 및 화학제품 제조업; 의약품 제외,2020,3049,0.43,0.76,0.57
강원,C21 의료용 물질 및 의약품 제조업,2020,2445,0.35,0.22,1.57
강원,C22 고무 및 플라스틱제품 제조업,2020,2289,0.32,1.18,0.28
강원,C23 비금속 광물제품 제조업,2020,6319,0.9,0.49,1.83
강원,C24 1차 금속 제조업,2020,892,0.13,0.66,0.19
강원,C25 금속가공제품 제조업; 기계 및 가구 제외,2020,3756,0.53,1.9,0.28
강원,C26 전자부품 컴퓨터 영상 음향 및 통신장비 제조업,2020,721,0.1,1.61,0.06
강원,C27 의료 정밀 광학기기 및 시계 제조업,2020,3760,0.53,0.59,0.9
강원,C28 전기장비 제조업,2020,2621,0.37,1.15,0.32
강원,C29 기타 기계 및 장비 제조업,2020,3637,0.52,2.04,0.25
강원,C30 자동차 및 트레일러 제조업,2020,3266,0.46,1.46,0.32
강원,C31 기타 운송장비 제조업,2020,123,0.02,0.52,0.03
강원,C32 가구 제조업,2020,1049,0.15,0.29,0.51
강원,C33 기타 제품 제조업,2020,2356,0.33,0.34,0.98
강원,C34 산업용 기계 및 장비 수리업,2020,1732,0.25,0.25,1.0
강원,D35 전기 가스 증기 및 공기조절 공급업,2020,8236,1.17,0.57,2.04
강원,E36 수도업,2020,1072,0.15,0.08,1.91
강원,E37 하수 폐수 및 분뇨 처리업,2020,1081,0.15,0.09,1.71
강원,E38 폐기물 수집 운반 처리 및 원료 재생업,2020,3501,0.5,0.34,1.47
강원,E39 환경 정화 및 복원업,2020,38,0.01,0.01,0.8
강원,F41 종합 건설업,2020,21963,3.12,2.19,1.42
강원,F42 전문직별 공사업,2020,58843,8.35,6.51,1.28
강원,G45 자동차 및 부품 판매업,2020,3782,0.54,0.56,0.96
강원,G46 도매 및 상품 중개업,2020,27820,3.95,6.6,0.6
강원,G47 소매업; 자동차 제외,2020,59815,8.48,7.71,1.1
강원,H49 육상운송 및 파이프라인 운송업,2020,24237,3.44,3.91,0.88
강원,H50 수상 운송업,2020,144,0.02,0.09,0.23
강원,H51 항공 운송업,2020,229,0.03,0.14,0.23
강원,H52 창고 및 운송관련 서비스업,2020,5738,0.81,1.21,0.67
강원,I55 숙박업,2020,20963,2.97,0.7,4.25
강원,I56 음식점 및 주점업,2020,74337,10.54,7.74,1.36
강원,J58 출판업,2020,2542,0.36,1.48,0.24
강원,J59 영상ㆍ오디오 기록물 제작 및 배급업,2020,660,0.09,0.27,0.35
강원,J60 방송업,2020,745,0.11,0.12,0.9
강원,J61 우편 및 통신업,2020,2990,0.42,0.36,1.17
강원,J62 컴퓨터 프로그래밍 시스템 통합 및 관리업,2020,791,0.11,0.62,0.18
강원,J63 정보서비스업,2020,728,0.1,0.27,0.38
강원,K64 금융업,2020,7066,1.0,1.2,0.84
강원,K65 보험 및 연금업,2020,8685,1.23,0.9,1.37
강원,K66 금융 및 보험 관련 서비스업,2020,6917,0.98,0.83,1.18
강원,L68 부동산업,2020,13750,1.95,2.76,0.71
강원,M70 연구개발업,2020,3183,0.45,1.13,0.4
강원,M71 전문 서비스업,2020,6723,0.95,2.35,0.41
강원,M72 건축기술 엔지니어링 및 기타 과학기술 서비스업,2020,9075,1.29,1.55,0.83
강원,M73 기타 전문 과학 및 기술 서비스업,2020,1823,0.26,0.48,0.54
강원,N74 사업시설 관리 및 조경 서비스업,2020,8728,1.24,1.34,0.93
강원,N75 사업지원 서비스업,2020,14385,2.04,3.65,0.56
강원,N76 임대업; 부동산 제외,2020,2952,0.42,0.32,1.32
강원,O84 공공행정 국방 및 사회보장 행정,2020,44030,6.25,3.33,1.87
강원,P85 교육 서비스업,2020,54374,7.71,6.66,1.16
강원,Q86 보건업,2020,26776,3.8,4.4,0.86
강원,Q87 사회복지 서비스업,2020,45849,6.5,4.67,1.39
강원,R90 창작 예술 및 여가관련 서비스업,2020,5841,0.83,0.49,1.69
강원,R91 스포츠 및 오락관련 서비스업,2020,20771,2.95,1.21,2.44
강원,S94 협회 및 단체,2020,9782,1.39,1.05,1.32
강원,S95 개인 및 소비용품 수리업,2020,8103,1.15,0.96,1.19
강원,S96 기타 개인 서비스업,2020,12729,1.81,1.68,1.07
강원,A01 농업,2021,3268,0.46,0.19,2.37
강원,A02 임업,2021,1868,0.26,0.04,5.82
강원,A03 어업,2021,173,0.02,0.03,0.88
강원,B05 석탄 원유 및 천연가스 광업,2021,1434,0.2,0.01,29.53
강원,B06 금속 광업,2021,154,0.02,0.0,13.02
강원,B07 비금속광물 광업; 연료용 제외,2021,2140,0.3,0.05,6.08
강원,C10 식료품 제조업,2021,20059,2.81,1.5,1.87
강원,C11 음료 제조업,2021,2253,0.32,0.08,3.86
강원,C13 섬유제품 제조업; 의복제외,2021,723,0.1,0.57,0.18
강원,C14 의복 의복 액세서리 및 모피제품 제조업,2021,668,0.09,0.49,0.19
강원,C15 가죽 가방 및 신발 제조업,2021,75,0.01,0.13,0.08
강원,C16 목재 및 나무제품 제조업; 가구 제외,2021,1020,0.14,0.16,0.9
강원,C17 펄프 종이 및 종이제품 제조업,2021,714,0.1,0.34,0.29
강원,C18 인쇄 및 기록매체 복제업,2021,551,0.08,0.29,0.27
강원,C19 코크스 연탄 및 석유정제품 제조업,2021,107,0.01,0.06,0.27
강원,C20 화학물질 및 화학제품 제조업; 의약품 제외,2021,3095,0.43,0.78,0.56
강원,C21 의료용 물질 및 의약품 제조업,2021,2915,0.41,0.24,1.71
강원,C22 고무 및 플라스틱제품 제조업,2021,2228,0.31,1.15,0.27
강원,C23 비금속 광물제품 제조업,2021,6415,0.9,0.48,1.86
강원,C24 1차 금속 제조업,2021,805,0.11,0.67,0.17
강원,C25 금속가공제품 제조업; 기계 및 가구 제외,2021,3722,0.52,1.81,0.29
강원,C26 전자부품 컴퓨터 영상 음향 및 통신장비 제조업,2021,722,0.1,1.64,0.06
강원,C27 의료 정밀 광학기기 및 시계 제조업,2021,3281,0.46,0.59,0.78
강원,C28 전기장비 제조업,2021,2544,0.36,1.14,0.31
강원,C29 기타 기계 및 장비 제조업,2021,3929,0.55,2.01,0.27
강원,C30 자동차 및 트레일러 제조업,2021,3348,0.47,1.43,0.33
강원,C31 기타 운송장비 제조업,2021,178,0.02,0.51,0.05
강원,C32 가구 제조업,2021,946,0.13,0.27,0.49
강원,C33 기타 제품 제조업,2021,2251,0.32,0.32,0.97
강원,C34 산업용 기계 및 장비 수리업,2021,1655,0.23,0.24,0.96
강원,D35 전기 가스 증기 및 공기조절 공급업,2021,9007,1.26,0.63,2.0
강원,E36 수도업,2021,1059,0.15,0.08,1.83
강원,E37 하수 폐수 및 분뇨 처리업,2021,1087,0.15,0.09,1.64
강원,E38 폐기물 수집 운반 처리 및 원료 재생업,2021,3446,0.48,0.35,1.37
강원,E39 환경 정화 및 복원업,2021,37,0.01,0.01,0.74
강원,F41 종합 건설업,2021,19983,2.8,1.98,1.41
강원,F42 전문직별 공사업,2021,56575,7.93,5.99,1.32
강원,G45 자동차 및 부품 판매업,2021,3432,0.48,0.56,0.85
강원,G46 도매 및 상품 중개업,2021,27768,3.89,6.27,0.62
강원,G47 소매업; 자동차 제외,2021,60879,8.53,7.88,1.08
강원,H49 육상운송 및 파이프라인 운송업,2021,24883,3.49,3.99,0.87
강원,H50 수상 운송업,2021,164,0.02,0.09,0.25
강원,H51 항공 운송업,2021,212,0.03,0.12,0.24
강원,H52 창고 및 운송관련 서비스업,2021,5419,0.76,1.26,0.6
강원,I55 숙박업,2021,20848,2.92,0.68,4.28
강원,I56 음식점 및 주점업,2021,75300,10.55,7.77,1.36
강원,J58 출판업,2021,2911,0.41,1.58,0.26
강원,J59 영상ㆍ오디오 기록물 제작 및 배급업,2021,900,0.13,0.31,0.41
강원,J60 방송업,2021,799,0.11,0.12,0.9
강원,J61 우편 및 통신업,2021,3116,0.44,0.36,1.2
강원,J62 컴퓨터 프로그래밍 시스템 통합 및 관리업,2021,1081,0.15,0.66,0.23
강원,J63 정보서비스업,2021,1003,0.14,0.3,0.47
강원,K64 금융업,2021,6606,0.93,1.21,0.76
강원,K65 보험 및 연금업,2021,9033,1.27,0.91,1.39
강원,K66 금융 및 보험 관련 서비스업,2021,7425,1.04,0.85,1.23
강원,L68 부동산업,2021,14577,2.04,2.82,0.72
강원,M70 연구개발업,2021,3278,0.46,1.2,0.38
강원,M71 전문 서비스업,2021,7260,1.02,2.35,0.43
강원,M72 건축기술 엔지니어링 및 기타 과학기술 서비스업,2021,9075,1.27,1.6,0.8
강원,M73 기타 전문 과학 및 기술 서비스업,2021,1875,0.26,0.49,0.54
강원,N74 사업시설 관리 및 조경 서비스업,2021,9241,1.29,1.32,0.98
강원,N75 사업지원 서비스업,2021,14336,2.01,3.58,0.56
강원,N76 임대업; 부동산 제외,2021,3066,0.43,0.32,1.35
강원,O84 공공행정 국방 및 사회보장 행정,2021,44329,6.21,3.47,1.79
강원,P85 교육 서비스업,2021,56810,7.96,6.77,1.18
강원,Q86 보건업,2021,29070,4.07,4.5,0.91
강원,Q87 사회복지 서비스업,2021,51448,7.21,4.96,1.45
강원,R90 창작 예술 및 여가관련 서비스업,2021,6005,0.84,0.49,1.72
강원,R91 스포츠 및 오락관련 서비스업,2021,15984,2.24,1.2,1.86
강원,S94 협회 및 단체,2021,10140,1.42,1.04,1.36
강원,S95 개인 및 소비용품 수리업,2021,7984,1.12,0.92,1.21
강원,S96 기타 개인 서비스업,2021,13173,1.85,1.66,1.11
강원,A01 농업,2022,3096,0.43,0.19,2.24
강원,A02 임업,2022,1931,0.27,0.05,5.69
강원,A03 어업,2022,174,0.02,0.03,0.86
강원,B05 석탄 원유 및 천연가스 광업,2022,1551,0.21,0.01,28.47
강원,B06 금속 광업,2022,160,0.02,0.0,16.86
강원,B07 비금속광물 광업; 연료용 제외,2022,2080,0.29,0.05,6.23
강원,B08 광업 지원 서비스업,2022,626,0.09,0.0,33.18
강원,C10 식료품 제조업,2022,19838,2.73,1.5,1.82
강원,C11 음료 제조업,2022,2336,0.32,0.08,3.95
강원,C13 섬유제품 제조업; 의복제외,2022,683,0.09,0.54,0.17
강원,C14 의복 의복 액세서리 및 모피제품 제조업,2022,628,0.09,0.47,0.18
강원,C15 가죽 가방 및 신발 제조업,2022,60,0.01,0.12,0.07
강원,C16 목재 및 나무제품 제조업; 가구 제외,2022,1095,0.15,0.16,0.94
강원,C17 펄프 종이 및 종이제품 제조업,2022,823,0.11,0.34,0.34
강원,C18 인쇄 및 기록매체 복제업,2022,554,0.08,0.28,0.27
강원,C19 코크스 연탄 및 석유정제품 제조업,2022,97,0.01,0.05,0.25
강원,C20 화학물질 및 화학제품 제조업; 의약품 제외,2022,2915,0.4,0.78,0.52
강원,C21 의료용 물질 및 의약품 제조업,2022,2978,0.41,0.25,1.63
강원,C22 고무 및 플라스틱제품 제조업,2022,2338,0.32,1.13,0.28
강원,C23 비금속 광물제품 제조업,2022,6423,0.88,0.48,1.84
강원,C24 1차 금속 제조업,2022,874,0.12,0.67,0.18
강원,C25 금속가공제품 제조업; 기계 및 가구 제외,2022,3705,0.51,1.8,0.28
강원,C26 전자부품 컴퓨터 영상 음향 및 통신장비 제조업,2022,675,0.09,1.62,0.06
강원,C27 의료 정밀 광학기기 및 시계 제조업,2022,3299,0.45,0.59,0.76
강원,C28 전기장비 제조업,2022,2639,0.36,1.14,0.32
강원,C29 기타 기계 및 장비 제조업,2022,4301,0.59,2.02,0.29
강원,C30 자동차 및 트레일러 제조업,2022,3026,0.42,1.47,0.28
강원,C31 기타 운송장비 제조업,2022,162,0.02,0.52,0.04
강원,C32 가구 제조업,2022,957,0.13,0.27,0.49
강원,C33 기타 제품 제조업,2022,2402,0.33,0.32,1.04
강원,C34 산업용 기계 및 장비 수리업,2022,1712,0.24,0.25,0.92
강원,D35 전기 가스 증기 및 공기조절 공급업,2022,9582,1.32,0.64,2.07
강원,E36 수도업,2022,1117,0.15,0.08,1.92
강원,E37 하수 폐수 및 분뇨 처리업,2022,1122,0.15,0.09,1.74
강원,E38 폐기물 수집 운반 처리 및 원료 재생업,2022,3679,0.51,0.36,1.42
강원,E39 환경 정화 및 복원업,2022,53,0.01,0.01,1.01
강원,F41 종합 건설업,2022,21199,2.91,1.98,1.47
강원,F42 전문직별 공사업,2022,57479,7.9,5.77,1.37
강원,G45 자동차 및 부품 판매업,2022,3346,0.46,0.53,0.87
강원,G46 도매 및 상품 중개업,2022,26703,3.67,5.81,0.63
강원,G47 소매업; 자동차 제외,2022,61896,8.51,7.85,1.08
강원,H49 육상운송 및 파이프라인 운송업,2022,25618,3.52,4.02,0.88
강원,H50 수상 운송업,2022,157,0.02,0.09,0.25
강원,H51 항공 운송업,2022,329,0.05,0.12,0.37
강원,H52 창고 및 운송관련 서비스업,2022,5516,0.76,1.26,0.6
강원,I55 숙박업,2022,20307,2.79,0.69,4.03
강원,I56 음식점 및 주점업,2022,78290,10.76,8.09,1.33
강원,J58 출판업,2022,2684,0.37,1.67,0.22
강원,J59 영상ㆍ오디오 기록물 제작 및 배급업,2022,993,0.14,0.33,0.42
강원,J60 방송업,2022,730,0.1,0.12,0.85
강원,J61 우편 및 통신업,2022,3211,0.44,0.37,1.2
강원,J62 컴퓨터 프로그래밍 시스템 통합 및 관리업,2022,959,0.13,0.67,0.2
강원,J63 정보서비스업,2022,837,0.12,0.31,0.37
강원,K64 금융업,2022,6540,0.9,1.2,0.75
강원,K65 보험 및 연금업,2022,8832,1.21,0.87,1.39
강원,K66 금융 및 보험 관련 서비스업,2022,7376,1.01,0.83,1.22
강원,L68 부동산업,2022,14818,2.04,2.74,0.74
강원,M70 연구개발업,2022,3570,0.49,1.24,0.4
강원,M71 전문 서비스업,2022,6952,0.96,2.39,0.4
강원,M72 건축기술 엔지니어링 및 기타 과학기술 서비스업,2022,9662,1.33,1.6,0.83
강원,M73 기타 전문 과학 및 기술 서비스업,2022,1914,0.26,0.48,0.55
강원,N74 사업시설 관리 및 조경 서비스업,2022,9905,1.36,1.31,1.04
강원,N75 사업지원 서비스업,2022,15052,2.07,3.55,0.58
강원,N76 임대업; 부동산 제외,2022,3015,0.41,0.3,1.37
강원,O84 공공행정 국방 및 사회보장 행정,2022,44103,6.06,3.53,1.72
강원,P85 교육 서비스업,2022,57791,7.94,6.83,1.16
강원,Q86 보건업,2022,28222,3.88,4.59,0.84
강원,Q87 사회복지 서비스업,2022,54050,7.43,5.15,1.44
강원,R90 창작 예술 및 여가관련 서비스업,2022,6276,0.86,0.49,1.77
강원,R91 스포츠 및 오락관련 서비스업,2022,17379,2.39,1.27,1.87
강원,S94 협회 및 단체,2022,10416,1.43,1.02,1.41
강원,S95 개인 및 소비용품 수리업,2022,7880,1.08,0.88,1.23
강원,S96 기타 개인 서비스업,2022,13859,1.9,1.7,1.12
강원,A01 농업,2023,3175,0.43,0.19,2.31
강원,A02 임업,2023,1959,0.27,0.05,5.74
강원,A03 어업,2023,175,0.02,0.02,1.0
강원,B05 석탄 원유 및 천연가스 광업,2023,1421,0.19,0.01,31.4
강원,B06 금속 광업,2023,172,0.02,0.0,14.82
강원,B07 비금속광물 광업; 연료용 제외,2023,1928,0.26,0.04,5.94
강원,B08 광업 지원 서비스업,2023,57,0.01,0.0,23.39
강원,C10 식료품 제조업,2023,19856,2.69,1.47,1.84
강원,C11 음료 제조업,2023,2273,0.31,0.08,3.75
강원,C13 섬유제품 제조업; 의복제외,2023,619,0.08,0.5,0.17
강원,C14 의복 의복 액세서리 및 모피제품 제조업,2023,557,0.08,0.43,0.18
강원,C15 가죽 가방 및 신발 제조업,2023,95,0.01,0.11,0.12
강원,C16 목재 및 나무제품 제조업; 가구 제외,2023,1021,0.14,0.15,0.91
강원,C17 펄프 종이 및 종이제품 제조업,2023,900,0.12,0.33,0.37
강원,C18 인쇄 및 기록매체 복제업,2023,496,0.07,0.27,0.25
강원,C19 코크스 연탄 및 석유정제품 제조업,2023,114,0.02,0.05,0.3
강원,C20 화학물질 및 화학제품 제조업; 의약품 제외,2023,2903,0.39,0.75,0.52
강원,C21 의료용 물질 및 의약품 제조업,2023,3323,0.45,0.25,1.82
강원,C22 고무 및 플라스틱제품 제조업,2023,2331,0.32,1.09,0.29
강원,C23 비금속 광물제품 제조업,2023,6517,0.88,0.46,1.91
강원,C24 1차 금속 제조업,2023,917,0.12,0.67,0.19
강원,C25 금속가공제품 제조업; 기계 및 가구 제외,2023,3621,0.49,1.74,0.28
강원,C26 전자부품 컴퓨터 영상 음향 및 통신장비 제조업,2023,764,0.1,1.56,0.07
강원,C27 의료 정밀 광학기기 및 시계 제조업,2023,3588,0.49,0.59,0.83
강원,C28 전기장비 제조업,2023,2568,0.35,1.09,0.32
강원,C29 기타 기계 및 장비 제조업,2023,3301,0.45,1.96,0.23
강원,C30 자동차 및 트레일러 제조업,2023,2870,0.39,1.43,0.27
강원,C31 기타 운송장비 제조업,2023,213,0.03,0.54,0.05
강원,C32 가구 제조업,2023,889,0.12,0.25,0.48
강원,C33 기타 제품 제조업,2023,1963,0.27,0.29,0.91
강원,C34 산업용 기계 및 장비 수리업,2023,1757,0.24,0.26,0.91
강원,D35 전기 가스 증기 및 공기조절 공급업,2023,10264,1.39,0.69,2.02
강원,E36 수도업,2023,1010,0.14,0.08,1.76
강원,E37 하수 폐수 및 분뇨 처리업,2023,1025,0.14,0.09,1.63
강원,E38 폐기물 수집 운반 처리 및 원료 재생업,2023,3451,0.47,0.35,1.34
강원,E39 환경 정화 및 복원업,2023,79,0.01,0.01,1.58
강원,F41 종합 건설업,2023,21482,2.91,1.8,1.62
강원,F42 전문직별 공사업,2023,58212,7.89,5.76,1.37
강원,G45 자동차 및 부품 판매업,2023,3315,0.45,0.52,0.86
강원,G46 도매 및 상품 중개업,2023,26702,3.62,5.69,0.64
강원,G47 소매업; 자동차 제외,2023,60737,8.23,7.83,1.05
강원,H49 육상운송 및 파이프라인 운송업,2023,26529,3.59,4.09,0.88
강원,H50 수상 운송업,2023,132,0.02,0.09,0.19
강원,H52 창고 및 운송관련 서비스업,2023,5338,0.72,1.3,0.56
강원,I55 숙박업,2023,20826,2.82,0.72,3.95
강원,I56 음식점 및 주점업,2023,80893,10.96,8.32,1.32
강원,J58 출판업,2023,2581,0.35,1.66,0.21
강원,J59 영상ㆍ오디오 기록물 제작 및 배급업,2023,1098,0.15,0.33,0.45
강원,J60 방송업,2023,709,0.1,0.12,0.82
강원,J61 우편 및 통신업,2023,3238,0.44,0.36,1.22
강원,J62 컴퓨터 프로그래밍 시스템 통합 및 관리업,2023,962,0.13,0.67,0.19
강원,J63 정보서비스업,2023,847,0.11,0.3,0.39
강원,K64 금융업,2023,6530,0.88,1.2,0.74
강원,K65 보험 및 연금업,2023,8590,1.16,0.81,1.44
강원,K66 금융 및 보험 관련 서비스업,2023,7500,1.02,0.87,1.16
강원,L68 부동산업,2023,14548,1.97,2.65,0.74
강원,M70 연구개발업,2023,3443,0.47,1.22,0.38
강원,M71 전문 서비스업,2023,7527,1.02,2.52,0.4
강원,M72 건축기술 엔지니어링 및 기타 과학기술 서비스업,2023,10261,1.39,1.66,0.84
강원,M73 기타 전문 과학 및 기술 서비스업,2023,2082,0.28,0.47,0.61
강원,N74 사업시설 관리 및 조경 서비스업,2023,9783,1.33,1.39,0.95
강원,N75 사업지원 서비스업,2023,14855,2.01,3.55,0.57
강원,N76 임대업; 부동산 제외,2023,3302,0.45,0.31,1.42
강원,O84 공공행정 국방 및 사회보장 행정,2023,45117,6.11,3.53,1.73
강원,P85 교육 서비스업,2023,57143,7.74,6.75,1.15
강원,Q86 보건업,2023,29446,3.99,4.64,0.86
강원,Q87 사회복지 서비스업,2023,59062,8.0,5.45,1.47
강원,R90 창작 예술 및 여가관련 서비스업,2023,6497,0.88,0.5,1.76
강원,R91 스포츠 및 오락관련 서비스업,2023,17309,2.34,1.29,1.82
강원,S94 협회 및 단체,2023,11821,1.6,1.08,1.48
강원,S95 개인 및 소비용품 수리업,2023,7816,1.06,0.86,1.23
강원,S96 기타 개인 서비스업,2023,13806,1.87,1.69,1.1
경기,A01 농업,2020,6967,0.12,0.18,0.65
경기,A02 임업,2020,683,0.01,0.05,0.25
경기,A03 어업,2020,132,0.0,0.03,0.08
경기,B06 금속 광업,2020,41,0.0,0.0,0.44
경기,B07 비금속광물 광업; 연료용 제외,2020,1455,0.02,0.05,0.5
경기,C10 식료품 제조업,2020,89473,1.52,1.49,1.02
경기,C11 음료 제조업,2020,3750,0.06,0.08,0.78
경기,C13 섬유제품 제조업; 의복제외,2020,48072,0.82,0.6,1.35
경기,C14 의복 의복 액세서리 및 모피제품 제조업,2020,15994,0.27,0.52,0.52
경기,C15 가죽 가방 및 신발 제조업,2020,10771,0.18,0.14,1.34
경기,C16 목재 및 나무제품 제조업; 가구 제외,2020,13413,0.23,0.17,1.37
경기,C17 펄프 종이 및 종이제품 제조업,2020,38662,0.66,0.34,1.92
경기,C18 인쇄 및 기록매체 복제업,2020,26121,0.44,0.31,1.44
경기,C19 코크스 연탄 및 석유정제품 제조업,2020,800,0.01,0.05,0.26
경기,C20 화학물질 및 화학제품 제조업; 의약품 제외,2020,54258,0.92,0.76,1.21
경기,C21 의료용 물질 및 의약품 제조업,2020,21276,0.36,0.22,1.63
경기,C22 고무 및 플라스틱제품 제조업,2020,113325,1.93,1.18,1.63
경기,C23 비금속 광물제품 제조업,2020,33932,0.58,0.49,1.18
경기,C24 1차 금속 제조업,2020,33274,0.57,0.66,0.85
경기,C25 금속가공제품 제조업; 기계 및 가구 제외,2020,155976,2.65,1.9,1.4
경기,C26 전자부품 컴퓨터 영상 음향 및 통신장비 제조업,2020,203796,3.46,1.61,2.15
경기,C27 의료 정밀 광학기기 및 시계 제조업,2020,64175,1.09,0.59,1.84
경기,C28 전기장비 제조업,2020,95764,1.63,1.15,1.42
경기,C29 기타 기계 및 장비 제조업,2020,188521,3.2,2.04,1.57
경기,C30 자동차 및 트레일러 제조업,2020,79838,1.36,1.46,0.93
경기,C31 기타 운송장비 제조업,2020,3715,0.06,0.52,0.12
경기,C32 가구 제조업,2020,43340,0.74,0.29,2.54
경기,C33 기타 제품 제조업,2020,27438,0.47,0.34,1.37
경기,C34 산업용 기계 및 장비 수리업,2020,17136,0.29,0.25,1.18
경기,D35 전기 가스 증기 및 공기조절 공급업,2020,14427,0.25,0.57,0.43
경기,E36 수도업,2020,3215,0.05,0.08,0.69
경기,E37 하수 폐수 및 분뇨 처리업,2020,5704,0.1,0.09,1.08
경기,E38 폐기물 수집 운반 처리 및 원료 재생업,2020,23787,0.4,0.34,1.19
경기,E39 환경 정화 및 복원업,2020,351,0.01,0.01,0.89
경기,F41 종합 건설업,2020,104167,1.77,2.19,0.81
경기,F42 전문직별 공사업,2020,331104,5.62,6.51,0.86
경기,G45 자동차 및 부품 판매업,2020,37871,0.64,0.56,1.15
경기,G46 도매 및 상품 중개업,2020,405053,6.88,6.6,1.04
경기,G47 소매업; 자동차 제외,2020,448569,7.62,7.71,0.99
경기,H49 육상운송 및 파이프라인 운송업,2020,237840,4.04,3.91,1.03
경기,H50 수상 운송업,2020,273,0.0,0.09,0.05
경기,H51 항공 운송업,2020,54,0.0,0.14,0.01
경기,H52 창고 및 운송관련 서비스업,2020,74675,1.27,1.21,1.05
경기,I55 숙박업,2020,22955,0.39,0.7,0.56
경기,I56 음식점 및 주점업,2020,436127,7.41,7.74,0.96
경기,J58 출판업,2020,83105,1.41,1.48,0.95
경기,J59 영상ㆍ오디오 기록물 제작 및 배급업,2020,10026,0.17,0.27,0.64
경기,J60 방송업,2020,2443,0.04,0.12,0.35
경기,J61 우편 및 통신업,2020,15666,0.27,0.36,0.74
경기,J62 컴퓨터 프로그래밍 시스템 통합 및 관리업,2020,29638,0.5,0.62,0.81
경기,J63 정보서비스업,2020,18083,0.31,0.27,1.13
경기,K64 금융업,2020,39757,0.68,1.2,0.56
경기,K65 보험 및 연금업,2020,35893,0.61,0.9,0.68
경기,K66 금융 및 보험 관련 서비스업,2020,26872,0.46,0.83,0.55
경기,L68 부동산업,2020,172368,2.93,2.76,1.06
경기,M70 연구개발업,2020,123213,2.09,1.13,1.85
경기,M71 전문 서비스업,2020,89685,1.52,2.35,0.65
경기,M72 건축기술 엔지니어링 및 기타 과학기술 서비스업,2020,87646,1.49,1.55,0.96
경기,M73 기타 전문 과학 및 기술 서비스업,2020,23924,0.41,0.48,0.85
경기,N74 사업시설 관리 및 조경 서비스업,2020,67675,1.15,1.34,0.86
경기,N75 사업지원 서비스업,2020,184846,3.14,3.65,0.86
경기,N76 임대업; 부동산 제외,2020,22464,0.38,0.32,1.21
경기,O84 공공행정 국방 및 사회보장 행정,2020,137286,2.33,3.33,0.7
경기,P85 교육 서비스업,2020,382033,6.49,6.66,0.97
경기,Q86 보건업,2020,225006,3.82,4.4,0.87
경기,Q87 사회복지 서비스업,2020,261646,4.44,4.67,0.95
경기,R90 창작 예술 및 여가관련 서비스업,2020,25714,0.44,0.49,0.89
경기,R91 스포츠 및 오락관련 서비스업,2020,78600,1.34,1.21,1.11
경기,S94 협회 및 단체,2020,49276,0.84,1.05,0.8
경기,S95 개인 및 소비용품 수리업,2020,61604,1.05,0.96,1.09
경기,S96 기타 개인 서비스업,2020,94095,1.6,1.68,0.95
경기,A01 농업,2021,7568,0.13,0.19,0.65
경기,A02 임업,2021,605,0.01,0.04,0.22
경기,A03 어업,2021,89,0.0,0.03,0.05
경기,B06 금속 광업,2021,47,0.0,0.0,0.47
경기,B07 비금속광물 광업; 연료용 제외,2021,1431,0.02,0.05,0.48
경기,C10 식료품 제조업,2021,91078,1.52,1.5,1.01
경기,C11 음료 제조업,2021,3765,0.06,0.08,0.77
경기,C13 섬유제품 제조업; 의복제외,2021,45444,0.76,0.57,1.34
경기,C14 의복 의복 액세서리 및 모피제품 제조업,2021,15023,0.25,0.49,0.52
경기,C15 가죽 가방 및 신발 제조업,2021,9943,0.17,0.13,1.31
경기,C16 목재 및 나무제품 제조업; 가구 제외,2021,12683,0.21,0.16,1.33
경기,C17 펄프 종이 및 종이제품 제조업,2021,38282,0.64,0.34,1.87
경기,C18 인쇄 및 기록매체 복제업,2021,25501,0.43,0.29,1.47
경기,C19 코크스 연탄 및 석유정제품 제조업,2021,887,0.01,0.06,0.26
경기,C20 화학물질 및 화학제품 제조업; 의약품 제외,2021,55366,0.92,0.78,1.19
경기,C21 의료용 물질 및 의약품 제조업,2021,22864,0.38,0.24,1.6
경기,C22 고무 및 플라스틱제품 제조업,2021,110307,1.84,1.15,1.59
경기,C23 비금속 광물제품 제조업,2021,33151,0.55,0.48,1.15
경기,C24 1차 금속 제조업,2021,32783,0.55,0.67,0.82
경기,C25 금속가공제품 제조업; 기계 및 가구 제외,2021,149846,2.5,1.81,1.38
경기,C26 전자부품 컴퓨터 영상 음향 및 통신장비 제조업,2021,211019,3.52,1.64,2.15
경기,C27 의료 정밀 광학기기 및 시계 제조업,2021,64264,1.07,0.59,1.82
경기,C28 전기장비 제조업,2021,95673,1.6,1.14,1.39
경기,C29 기타 기계 및 장비 제조업,2021,187198,3.12,2.01,1.55
경기,C30 자동차 및 트레일러 제조업,2021,79396,1.32,1.43,0.93
경기,C31 기타 운송장비 제조업,2021,3978,0.07,0.51,0.13
경기,C32 가구 제조업,2021,40995,0.68,0.27,2.51
경기,C33 기타 제품 제조업,2021,27154,0.45,0.32,1.4
경기,C34 산업용 기계 및 장비 수리업,2021,16679,0.28,0.24,1.15
경기,D35 전기 가스 증기 및 공기조절 공급업,2021,15557,0.26,0.63,0.41
경기,E36 수도업,2021,3309,0.06,0.08,0.68
경기,E37 하수 폐수 및 분뇨 처리업,2021,5598,0.09,0.09,1.0
경기,E38 폐기물 수집 운반 처리 및 원료 재생업,2021,25472,0.42,0.35,1.2
경기,E39 환경 정화 및 복원업,2021,365,0.01,0.01,0.86
경기,F41 종합 건설업,2021,97989,1.63,1.98,0.83
경기,F42 전문직별 공사업,2021,323546,5.4,5.99,0.9
경기,G45 자동차 및 부품 판매업,2021,40296,0.67,0.56,1.19
경기,G46 도매 및 상품 중개업,2021,388230,6.48,6.27,1.03
경기,G47 소매업; 자동차 제외,2021,480848,8.02,7.88,1.02
경기,H49 육상운송 및 파이프라인 운송업,2021,243023,4.05,3.99,1.02
경기,H50 수상 운송업,2021,256,0.0,0.09,0.05
경기,H51 항공 운송업,2021,66,0.0,0.12,0.01
경기,H52 창고 및 운송관련 서비스업,2021,82316,1.37,1.26,1.09
경기,I55 숙박업,2021,22671,0.38,0.68,0.55
경기,I56 음식점 및 주점업,2021,445515,7.43,7.77,0.96
경기,J58 출판업,2021,86644,1.45,1.58,0.91
경기,J59 영상ㆍ오디오 기록물 제작 및 배급업,2021,12871,0.21,0.31,0.7
경기,J60 방송업,2021,2302,0.04,0.12,0.31
경기,J61 우편 및 통신업,2021,16622,0.28,0.36,0.76
경기,J62 컴퓨터 프로그래밍 시스템 통합 및 관리업,2021,35535,0.59,0.66,0.9
경기,J63 정보서비스업,2021,22106,0.37,0.3,1.24
경기,K64 금융업,2021,40283,0.67,1.21,0.55
경기,K65 보험 및 연금업,2021,38993,0.65,0.91,0.71
경기,K66 금융 및 보험 관련 서비스업,2021,27103,0.45,0.85,0.53
경기,L68 부동산업,2021,180814,3.02,2.82,1.07
경기,M70 연구개발업,2021,134287,2.24,1.2,1.86
경기,M71 전문 서비스업,2021,91467,1.53,2.35,0.65
경기,M72 건축기술 엔지니어링 및 기타 과학기술 서비스업,2021,92953,1.55,1.6,0.97
경기,M73 기타 전문 과학 및 기술 서비스업,2021,24939,0.42,0.49,0.86
경기,N74 사업시설 관리 및 조경 서비스업,2021,67811,1.13,1.32,0.86
경기,N75 사업지원 서비스업,2021,179772,3.0,3.58,0.84
경기,N76 임대업; 부동산 제외,2021,21825,0.36,0.32,1.14
경기,O84 공공행정 국방 및 사회보장 행정,2021,146970,2.45,3.47,0.71
경기,P85 교육 서비스업,2021,390147,6.51,6.77,0.96
경기,Q86 보건업,2021,232485,3.88,4.5,0.86
경기,Q87 사회복지 서비스업,2021,278309,4.64,4.96,0.94
경기,R90 창작 예술 및 여가관련 서비스업,2021,26252,0.44,0.49,0.9
경기,R91 스포츠 및 오락관련 서비스업,2021,81871,1.37,1.2,1.13
경기,S94 협회 및 단체,2021,48687,0.81,1.04,0.78
경기,S95 개인 및 소비용품 수리업,2021,60468,1.01,0.92,1.09
경기,S96 기타 개인 서비스업,2021,94953,1.58,1.66,0.96
경기,A01 농업,2022,7548,0.12,0.19,0.65
경기,A02 임업,2022,615,0.01,0.05,0.22
경기,A03 어업,2022,79,0.0,0.03,0.05
경기,B06 금속 광업,2022,46,0.0,0.0,0.58
경기,B07 비금속광물 광업; 연료용 제외,2022,1552,0.03,0.05,0.55
경기,C10 식료품 제조업,2022,93957,1.54,1.5,1.03
경기,C11 음료 제조업,2022,3929,0.06,0.08,0.79
경기,C13 섬유제품 제조업; 의복제외,2022,43325,0.71,0.54,1.31
경기,C14 의복 의복 액세서리 및 모피제품 제조업,2022,14957,0.25,0.47,0.52
경기,C15 가죽 가방 및 신발 제조업,2022,9528,0.16,0.12,1.28
경기,C16 목재 및 나무제품 제조업; 가구 제외,2022,12751,0.21,0.16,1.3
경기,C17 펄프 종이 및 종이제품 제조업,2022,38254,0.63,0.34,1.86
경기,C18 인쇄 및 기록매체 복제업,2022,26141,0.43,0.28,1.51
경기,C19 코크스 연탄 및 석유정제품 제조업,2022,742,0.01,0.05,0.23
경기,C20 화학물질 및 화학제품 제조업; 의약품 제외,2022,55170,0.9,0.78,1.16
경기,C21 의료용 물질 및 의약품 제조업,2022,23392,0.38,0.25,1.53
경기,C22 고무 및 플라스틱제품 제조업,2022,109297,1.79,1.13,1.59
경기,C23 비금속 광물제품 제조업,2022,33992,0.56,0.48,1.16
경기,C24 1차 금속 제조업,2022,34422,0.56,0.67,0.84
경기,C25 금속가공제품 제조업; 기계 및 가구 제외,2022,150409,2.46,1.8,1.37
경기,C26 전자부품 컴퓨터 영상 음향 및 통신장비 제조업,2022,216419,3.55,1.62,2.19
경기,C27 의료 정밀 광학기기 및 시계 제조업,2022,65620,1.08,0.59,1.81
경기,C28 전기장비 제조업,2022,95068,1.56,1.14,1.37
경기,C29 기타 기계 및 장비 제조업,2022,188888,3.09,2.02,1.53
경기,C30 자동차 및 트레일러 제조업,2022,81690,1.34,1.47,0.91
경기,C31 기타 운송장비 제조업,2022,4033,0.07,0.52,0.13
경기,C32 가구 제조업,2022,40497,0.66,0.27,2.48
경기,C33 기타 제품 제조업,2022,27124,0.44,0.32,1.41
경기,C34 산업용 기계 및 장비 수리업,2022,18012,0.3,0.25,1.16
경기,D35 전기 가스 증기 및 공기조절 공급업,2022,15439,0.25,0.64,0.4
경기,E36 수도업,2022,3344,0.05,0.08,0.68
경기,E37 하수 폐수 및 분뇨 처리업,2022,5522,0.09,0.09,1.02
경기,E38 폐기물 수집 운반 처리 및 원료 재생업,2022,25701,0.42,0.36,1.18
경기,E39 환경 정화 및 복원업,2022,323,0.01,0.01,0.73
경기,F41 종합 건설업,2022,96684,1.58,1.98,0.8
경기,F42 전문직별 공사업,2022,307763,5.04,5.77,0.87
경기,G45 자동차 및 부품 판매업,2022,37795,0.62,0.53,1.17
경기,G46 도매 및 상품 중개업,2022,362949,5.95,5.81,1.02
경기,G47 소매업; 자동차 제외,2022,491291,8.05,7.85,1.03
경기,H49 육상운송 및 파이프라인 운송업,2022,254471,4.17,4.02,1.04
경기,H50 수상 운송업,2022,250,0.0,0.09,0.05
경기,H51 항공 운송업,2022,135,0.0,0.12,0.02
경기,H52 창고 및 운송관련 서비스업,2022,85506,1.4,1.26,1.11
경기,I55 숙박업,2022,23124,0.38,0.69,0.55
경기,I56 음식점 및 주점업,2022,475672,7.79,8.09,0.96
경기,J58 출판업,2022,92617,1.52,1.67,0.91
경기,J59 영상ㆍ오디오 기록물 제작 및 배급업,2022,14166,0.23,0.33,0.71
경기,J60 방송업,2022,2214,0.04,0.12,0.31
경기,J61 우편 및 통신업,2022,16214,0.27,0.37,0.72
경기,J62 컴퓨터 프로그래밍 시스템 통합 및 관리업,2022,36614,0.6,0.67,0.89
경기,J63 정보서비스업,2022,22500,0.37,0.31,1.19
경기,K64 금융업,2022,38926,0.64,1.2,0.53
경기,K65 보험 및 연금업,2022,37617,0.62,0.87,0.71
경기,K66 금융 및 보험 관련 서비스업,2022,27541,0.45,0.83,0.54
경기,L68 부동산업,2022,182512,2.99,2.74,1.09
경기,M70 연구개발업,2022,142976,2.34,1.24,1.89
경기,M71 전문 서비스업,2022,99315,1.63,2.39,0.68
경기,M72 건축기술 엔지니어링 및 기타 과학기술 서비스업,2022,93832,1.54,1.6,0.96
경기,M73 기타 전문 과학 및 기술 서비스업,2022,25812,0.42,0.48,0.89
경기,N74 사업시설 관리 및 조경 서비스업,2022,72618,1.19,1.31,0.91
경기,N75 사업지원 서비스업,2022,179388,2.94,3.55,0.83
경기,N76 임대업; 부동산 제외,2022,20784,0.34,0.3,1.13
경기,O84 공공행정 국방 및 사회보장 행정,2022,148046,2.43,3.53,0.69
경기,P85 교육 서비스업,2022,408637,6.7,6.83,0.98
경기,Q86 보건업,2022,245084,4.02,4.59,0.87
경기,Q87 사회복지 서비스업,2022,290850,4.77,5.15,0.93
경기,R90 창작 예술 및 여가관련 서비스업,2022,27261,0.45,0.49,0.92
경기,R91 스포츠 및 오락관련 서비스업,2022,88131,1.44,1.27,1.13
경기,S94 협회 및 단체,2022,47668,0.78,1.02,0.77
경기,S95 개인 및 소비용품 수리업,2022,58465,0.96,0.88,1.08
경기,S96 기타 개인 서비스업,2022,99977,1.64,1.7,0.96
경기,A01 농업,2023,7400,0.12,0.19,0.64
경기,A02 임업,2023,655,0.01,0.05,0.23
경기,A03 어업,2023,78,0.0,0.02,0.05
경기,B06 금속 광업,2023,44,0.0,0.0,0.45
경기,B07 비금속광물 광업; 연료용 제외,2023,1491,0.02,0.04,0.55
경기,B08 광업 지원 서비스업,2023,11,0.0,0.0,0.54
경기,C10 식료품 제조업,2023,93978,1.52,1.47,1.04
경기,C11 음료 제조업,2023,4062,0.07,0.08,0.8
경기,C12 담배 제조업,2023,6,0.0,0.01,0.01
경기,C13 섬유제품 제조업; 의복제외,2023,39148,0.63,0.5,1.27
경기,C14 의복 의복 액세서리 및 모피제품 제조업,2023,13523,0.22,0.43,0.51
경기,C15 가죽 가방 및 신발 제조업,2023,8512,0.14,0.11,1.31
경기,C16 목재 및 나무제품 제조업; 가구 제외,2023,11915,0.19,0.15,1.27
경기,C17 펄프 종이 및 종이제품 제조업,2023,38605,0.62,0.33,1.88
경기,C18 인쇄 및 기록매체 복제업,2023,24837,0.4,0.27,1.5
경기,C19 코크스 연탄 및 석유정제품 제조업,2023,679,0.01,0.05,0.21
경기,C20 화학물질 및 화학제품 제조업; 의약품 제외,2023,53939,0.87,0.75,1.16
경기,C21 의료용 물질 및 의약품 제조업,2023,23635,0.38,0.25,1.54
경기,C22 고무 및 플라스틱제품 제조업,2023,107311,1.73,1.09,1.6
경기,C23 비금속 광물제품 제조업,2023,32897,0.53,0.46,1.15
경기,C24 1차 금속 제조업,2023,34491,0.56,0.67,0.84
경기,C25 금속가공제품 제조업; 기계 및 가구 제외,2023,147113,2.38,1.74,1.36
경기,C26 전자부품 컴퓨터 영상 음향 및 통신장비 제조업,2023,210250,3.4,1.56,2.17
경기,C27 의료 정밀 광학기기 및 시계 제조업,2023,66522,1.08,0.59,1.84
경기,C28 전기장비 제조업,2023,93795,1.52,1.09,1.38
경기,C29 기타 기계 및 장비 제조업,2023,182856,2.96,1.96,1.51
경기,C30 자동차 및 트레일러 제조업,2023,81942,1.32,1.43,0.92
경기,C31 기타 운송장비 제조업,2023,4042,0.07,0.54,0.12
경기,C32 가구 제조업,2023,38269,0.62,0.25,2.47
경기,C33 기타 제품 제조업,2023,25807,0.42,0.29,1.42
경기,C34 산업용 기계 및 장비 수리업,2023,18974,0.31,0.26,1.17
경기,D35 전기 가스 증기 및 공기조절 공급업,2023,16554,0.27,0.69,0.39
경기,E36 수도업,2023,3205,0.05,0.08,0.67
경기,E37 하수 폐수 및 분뇨 처리업,2023,5433,0.09,0.09,1.03
경기,E38 폐기물 수집 운반 처리 및 원료 재생업,2023,25215,0.41,0.35,1.17
경기,E39 환경 정화 및 복원업,2023,291,0.0,0.01,0.69
경기,F41 종합 건설업,2023,88715,1.43,1.8,0.8
경기,F42 전문직별 공사업,2023,315795,5.1,5.76,0.89
경기,G45 자동차 및 부품 판매업,2023,38320,0.62,0.52,1.18
경기,G46 도매 및 상품 중개업,2023,366981,5.93,5.69,1.04
경기,G47 소매업; 자동차 제외,2023,510288,8.25,7.83,1.05
경기,H49 육상운송 및 파이프라인 운송업,2023,268460,4.34,4.09,1.06
경기,H50 수상 운송업,2023,249,0.0,0.09,0.04
경기,H51 항공 운송업,2023,157,0.0,0.13,0.02
경기,H52 창고 및 운송관련 서비스업,2023,89648,1.45,1.3,1.12
경기,I55 숙박업,2023,24069,0.39,0.72,0.54
경기,I56 음식점 및 주점업,2023,496541,8.02,8.32,0.96
경기,J58 출판업,2023,95287,1.54,1.66,0.93
경기,J59 영상ㆍ오디오 기록물 제작 및 배급업,2023,16117,0.26,0.33,0.78
경기,J60 방송업,2023,2392,0.04,0.12,0.33
경기,J61 우편 및 통신업,2023,20186,0.33,0.36,0.91
경기,J62 컴퓨터 프로그래밍 시스템 통합 및 관리업,2023,37654,0.61,0.67,0.91
경기,J63 정보서비스업,2023,23818,0.38,0.3,1.29
경기,K64 금융업,2023,39632,0.64,1.2,0.53
경기,K65 보험 및 연금업,2023,34430,0.56,0.81,0.69
경기,K66 금융 및 보험 관련 서비스업,2023,32859,0.53,0.87,0.61
경기,L68 부동산업,2023,178916,2.89,2.65,1.09
경기,M70 연구개발업,2023,136743,2.21,1.22,1.81
경기,M71 전문 서비스업,2023,108231,1.75,2.52,0.69
경기,M72 건축기술 엔지니어링 및 기타 과학기술 서비스업,2023,100165,1.62,1.66,0.98
경기,M73 기타 전문 과학 및 기술 서비스업,2023,26429,0.43,0.47,0.92
경기,N74 사업시설 관리 및 조경 서비스업,2023,81581,1.32,1.39,0.95
경기,N75 사업지원 서비스업,2023,165737,2.68,3.55,0.75
경기,N76 임대업; 부동산 제외,2023,22344,0.36,0.31,1.15
경기,O84 공공행정 국방 및 사회보장 행정,2023,147808,2.39,3.53,0.68
경기,P85 교육 서비스업,2023,409918,6.62,6.75,0.98
경기,Q86 보건업,2023,252227,4.08,4.64,0.88
경기,Q87 사회복지 서비스업,2023,309404,5.0,5.45,0.92
경기,R90 창작 예술 및 여가관련 서비스업,2023,27494,0.44,0.5,0.89
경기,R91 스포츠 및 오락관련 서비스업,2023,90456,1.46,1.29,1.13
경기,S94 협회 및 단체,2023,50953,0.82,1.08,0.76
경기,S95 개인 및 소비용품 수리업,2023,57994,0.94,0.86,1.09
경기,S96 기타 개인 서비스업,2023,102090,1.65,1.69,0.97
경남,A01 농업,2020,3614,0.24,0.18,1.33
경남,A02 임업,2020,1808,0.12,0.05,2.58
경남,A03 어업,2020,258,0.02,0.03,0.59
경남,B06 금속 광업,2020,11,0.0,0.0,0.46
경남,B07 비금속광물 광업; 연료용 제외,2020,692,0.05,0.05,0.93
경남,C10 식료품 제조업,2020,28607,1.92,1.49,1.28
경남,C11 음료 제조업,2020,2125,0.14,0.08,1.74
경남,C13 섬유제품 제조업; 의복제외,2020,6679,0.45,0.6,0.74
경남,C14 의복 의복 액세서리 및 모피제품 제조업,2020,1034,0.07,0.52,0.13
경남,C15 가죽 가방 및 신발 제조업,2020,1002,0.07,0.14,0.49
경남,C16 목재 및 나무제품 제조업; 가구 제외,2020,3955,0.26,0.17,1.6
경남,C17 펄프 종이 및 종이제품 제조업,2020,5178,0.35,0.34,1.01
경남,C18 인쇄 및 기록매체 복제업,2020,2242,0.15,0.31,0.49
경남,C19 코크스 연탄 및 석유정제품 제조업,2020,675,0.05,0.05,0.87
경남,C20 화학물질 및 화학제품 제조업; 의약품 제외,2020,7467,0.5,0.76,0.66
경남,C21 의료용 물질 및 의약품 제조업,2020,810,0.05,0.22,0.25
경남,C22 고무 및 플라스틱제품 제조업,2020,31757,2.13,1.18,1.81
경남,C23 비금속 광물제품 제조업,2020,9500,0.64,0.49,1.3
경남,C24 1차 금속 제조업,2020,19276,1.29,0.66,1.94
경남,C25 금속가공제품 제조업; 기계 및 가구 제외,2020,66976,4.48,1.9,2.36
경남,C26 전자부품 컴퓨터 영상 음향 및 통신장비 제조업,2020,8691,0.58,1.61,0.36
경남,C27 의료 정밀 광학기기 및 시계 제조업,2020,5546,0.37,0.59,0.63
경남,C28 전기장비 제조업,2020,31955,2.14,1.15,1.87
경남,C29 기타 기계 및 장비 제조업,2020,69746,4.67,2.04,2.29
경남,C30 자동차 및 트레일러 제조업,2020,40069,2.68,1.46,1.84
경남,C31 기타 운송장비 제조업,2020,58430,3.91,0.52,7.46
경남,C32 가구 제조업,2020,2981,0.2,0.29,0.69
경남,C33 기타 제품 제조업,2020,4100,0.27,0.34,0.81
경남,C34 산업용 기계 및 장비 수리업,2020,3974,0.27,0.25,1.08
경남,D35 전기 가스 증기 및 공기조절 공급업,2020,8931,0.6,0.57,1.04
경남,E36 수도업,2020,1381,0.09,0.08,1.16
경남,E37 하수 폐수 및 분뇨 처리업,2020,1844,0.12,0.09,1.38
경남,E38 폐기물 수집 운반 처리 및 원료 재생업,2020,7180,0.48,0.34,1.42
경남,E39 환경 정화 및 복원업,2020,126,0.01,0.01,1.26
경남,F41 종합 건설업,2020,28242,1.89,2.19,0.86
경남,F42 전문직별 공사업,2020,85896,5.75,6.51,0.88
경남,G45 자동차 및 부품 판매업,2020,7276,0.49,0.56,0.87
경남,G46 도매 및 상품 중개업,2020,67237,4.5,6.6,0.68
경남,G47 소매업; 자동차 제외,2020,110379,7.39,7.71,0.96
경남,H49 육상운송 및 파이프라인 운송업,2020,53558,3.59,3.91,0.92
경남,H50 수상 운송업,2020,975,0.07,0.09,0.72
경남,H51 항공 운송업,2020,30,0.0,0.14,0.01
경남,H52 창고 및 운송관련 서비스업,2020,16932,1.13,1.21,0.94
경남,I55 숙박업,2020,13129,0.88,0.7,1.26
경남,I56 음식점 및 주점업,2020,126029,8.44,7.74,1.09
경남,J58 출판업,2020,3212,0.22,1.48,0.14
경남,J59 영상ㆍ오디오 기록물 제작 및 배급업,2020,630,0.04,0.27,0.16
경남,J60 방송업,2020,1007,0.07,0.12,0.57
경남,J61 우편 및 통신업,2020,4390,0.29,0.36,0.81
경남,J62 컴퓨터 프로그래밍 시스템 통합 및 관리업,2020,2526,0.17,0.62,0.27
경남,J63 정보서비스업,2020,496,0.03,0.27,0.12
경남,K64 금융업,2020,14845,0.99,1.2,0.83
경남,K65 보험 및 연금업,2020,12482,0.84,0.9,0.93
경남,K66 금융 및 보험 관련 서비스업,2020,7355,0.49,0.83,0.59
경남,L68 부동산업,2020,32320,2.16,2.76,0.78
경남,M70 연구개발업,2020,6280,0.42,1.13,0.37
경남,M71 전문 서비스업,2020,10632,0.71,2.35,0.3
경남,M72 건축기술 엔지니어링 및 기타 과학기술 서비스업,2020,22621,1.51,1.55,0.98
경남,M73 기타 전문 과학 및 기술 서비스업,2020,3428,0.23,0.48,0.48
경남,N74 사업시설 관리 및 조경 서비스업,2020,9524,0.64,1.34,0.48
경남,N75 사업지원 서비스업,2020,31568,2.11,3.65,0.58
경남,N76 임대업; 부동산 제외,2020,3806,0.25,0.32,0.81
경남,O84 공공행정 국방 및 사회보장 행정,2020,57130,3.83,3.33,1.15
경남,P85 교육 서비스업,2020,98206,6.58,6.66,0.99
경남,Q86 보건업,2020,67386,4.51,4.4,1.03
경남,Q87 사회복지 서비스업,2020,75186,5.03,4.67,1.08
경남,R90 창작 예술 및 여가관련 서비스업,2020,5792,0.39,0.49,0.79
경남,R91 스포츠 및 오락관련 서비스업,2020,16861,1.13,1.21,0.94
경남,S94 협회 및 단체,2020,15974,1.07,1.05,1.02
경남,S95 개인 및 소비용품 수리업,2020,14859,0.99,0.96,1.03
경남,S96 기타 개인 서비스업,2020,26741,1.79,1.68,1.07
경남,A01 농업,2021,3868,0.26,0.19,1.33
경남,A02 임업,2021,1755,0.12,0.04,2.58
경남,A03 어업,2021,210,0.01,0.03,0.51
경남,B06 금속 광업,2021,6,0.0,0.0,0.24
경남,B07 비금속광물 광업; 연료용 제외,2021,724,0.05,0.05,0.97
경남,C10 식료품 제조업,2021,28310,1.87,1.5,1.25
경남,C11 음료 제조업,2021,2171,0.14,0.08,1.76
경남,C13 섬유제품 제조업; 의복제외,2021,6222,0.41,0.57,0.73
경남,C14 의복 의복 액세서리 및 모피제품 제조업,2021,1106,0.07,0.49,0.15
경남,C15 가죽 가방 및 신발 제조업,2021,999,0.07,0.13,0.52
경남,C16 목재 및 나무제품 제조업; 가구 제외,2021,3962,0.26,0.16,1.65
경남,C17 펄프 종이 및 종이제품 제조업,2021,5159,0.34,0.34,1.0
경남,C18 인쇄 및 기록매체 복제업,2021,2182,0.14,0.29,0.5
경남,C19 코크스 연탄 및 석유정제품 제조업,2021,647,0.04,0.06,0.76
경남,C20 화학물질 및 화학제품 제조업; 의약품 제외,2021,7637,0.51,0.78,0.65
경남,C21 의료용 물질 및 의약품 제조업,2021,607,0.04,0.24,0.17
경남,C22 고무 및 플라스틱제품 제조업,2021,31719,2.1,1.15,1.82
경남,C23 비금속 광물제품 제조업,2021,9327,0.62,0.48,1.28
경남,C24 1차 금속 제조업,2021,18961,1.25,0.67,1.88
경남,C25 금속가공제품 제조업; 기계 및 가구 제외,2021,64407,4.26,1.81,2.35
경남,C26 전자부품 컴퓨터 영상 음향 및 통신장비 제조업,2021,9116,0.6,1.64,0.37
경남,C27 의료 정밀 광학기기 및 시계 제조업,2021,5740,0.38,0.59,0.64
경남,C28 전기장비 제조업,2021,32792,2.17,1.14,1.9
경남,C29 기타 기계 및 장비 제조업,2021,68851,4.56,2.01,2.26
경남,C30 자동차 및 트레일러 제조업,2021,39339,2.6,1.43,1.83
경남,C31 기타 운송장비 제조업,2021,55188,3.65,0.51,7.14
경남,C32 가구 제조업,2021,2868,0.19,0.27,0.7
경남,C33 기타 제품 제조업,2021,3905,0.26,0.32,0.8
경남,C34 산업용 기계 및 장비 수리업,2021,3954,0.26,0.24,1.08
경남,D35 전기 가스 증기 및 공기조절 공급업,2021,10479,0.69,0.63,1.1
경남,E36 수도업,2021,1500,0.1,0.08,1.22
경남,E37 하수 폐수 및 분뇨 처리업,2021,1850,0.12,0.09,1.32
경남,E38 폐기물 수집 운반 처리 및 원료 재생업,2021,7608,0.5,0.35,1.43
경남,E39 환경 정화 및 복원업,2021,142,0.01,0.01,1.33
경남,F41 종합 건설업,2021,26681,1.77,1.98,0.89
경남,F42 전문직별 공사업,2021,80936,5.36,5.99,0.89
경남,G45 자동차 및 부품 판매업,2021,7267,0.48,0.56,0.85
경남,G46 도매 및 상품 중개업,2021,66028,4.37,6.27,0.7
경남,G47 소매업; 자동차 제외,2021,112385,7.44,7.88,0.94
경남,H49 육상운송 및 파이프라인 운송업,2021,58354,3.86,3.99,0.97
경남,H50 수상 운송업,2021,919,0.06,0.09,0.67
경남,H51 항공 운송업,2021,35,0.0,0.12,0.02
경남,H52 창고 및 운송관련 서비스업,2021,21576,1.43,1.26,1.14
경남,I55 숙박업,2021,13044,0.86,0.68,1.26
경남,I56 음식점 및 주점업,2021,127464,8.44,7.77,1.09
경남,J58 출판업,2021,3499,0.23,1.58,0.15
경남,J59 영상ㆍ오디오 기록물 제작 및 배급업,2021,845,0.06,0.31,0.18
경남,J60 방송업,2021,733,0.05,0.12,0.39
경남,J61 우편 및 통신업,2021,4486,0.3,0.36,0.82
경남,J62 컴퓨터 프로그래밍 시스템 통합 및 관리업,2021,2442,0.16,0.66,0.24
경남,J63 정보서비스업,2021,482,0.03,0.3,0.11
경남,K64 금융업,2021,14924,0.99,1.21,0.81
경남,K65 보험 및 연금업,2021,12533,0.83,0.91,0.91
경남,K66 금융 및 보험 관련 서비스업,2021,7833,0.52,0.85,0.61
경남,L68 부동산업,2021,34340,2.27,2.82,0.81
경남,M70 연구개발업,2021,6583,0.44,1.2,0.36
경남,M71 전문 서비스업,2021,10827,0.72,2.35,0.31
경남,M72 건축기술 엔지니어링 및 기타 과학기술 서비스업,2021,22011,1.46,1.6,0.91
경남,M73 기타 전문 과학 및 기술 서비스업,2021,3425,0.23,0.49,0.47
경남,N74 사업시설 관리 및 조경 서비스업,2021,10946,0.72,1.32,0.55
경남,N75 사업지원 서비스업,2021,29307,1.94,3.58,0.54
경남,N76 임대업; 부동산 제외,2021,3967,0.26,0.32,0.82
경남,O84 공공행정 국방 및 사회보장 행정,2021,59843,3.96,3.47,1.14
경남,P85 교육 서비스업,2021,100290,6.64,6.77,0.98
경남,Q86 보건업,2021,69667,4.61,4.5,1.02
경남,Q87 사회복지 서비스업,2021,81906,5.42,4.96,1.09
경남,R90 창작 예술 및 여가관련 서비스업,2021,5819,0.39,0.49,0.79
경남,R91 스포츠 및 오락관련 서비스업,2021,17503,1.16,1.2,0.96
경남,S94 협회 및 단체,2021,16355,1.08,1.04,1.04
경남,S95 개인 및 소비용품 수리업,2021,15037,1.0,0.92,1.08
경남,S96 기타 개인 서비스업,2021,27311,1.81,1.66,1.09
경남,A01 농업,2022,3878,0.25,0.19,1.34
경남,A02 임업,2022,1702,0.11,0.05,2.39
경남,A03 어업,2022,232,0.02,0.03,0.55
경남,B06 금속 광업,2022,8,0.0,0.0,0.4
경남,B07 비금속광물 광업; 연료용 제외,2022,691,0.05,0.05,0.99
경남,C10 식료품 제조업,2022,29331,1.92,1.5,1.28
경남,C11 음료 제조업,2022,2161,0.14,0.08,1.74
경남,C13 섬유제품 제조업; 의복제외,2022,6179,0.4,0.54,0.74
경남,C14 의복 의복 액세서리 및 모피제품 제조업,2022,1151,0.08,0.47,0.16
경남,C15 가죽 가방 및 신발 제조업,2022,963,0.06,0.12,0.52
경남,C16 목재 및 나무제품 제조업; 가구 제외,2022,3944,0.26,0.16,1.61
경남,C17 펄프 종이 및 종이제품 제조업,2022,5122,0.34,0.34,1.0
경남,C18 인쇄 및 기록매체 복제업,2022,2193,0.14,0.28,0.5
경남,C19 코크스 연탄 및 석유정제품 제조업,2022,648,0.04,0.05,0.79
경남,C20 화학물질 및 화학제품 제조업; 의약품 제외,2022,7593,0.5,0.78,0.64
경남,C21 의료용 물질 및 의약품 제조업,2022,622,0.04,0.25,0.16
경남,C22 고무 및 플라스틱제품 제조업,2022,30206,1.98,1.13,1.75
경남,C23 비금속 광물제품 제조업,2022,9106,0.6,0.48,1.24
경남,C24 1차 금속 제조업,2022,18981,1.24,0.67,1.85
경남,C25 금속가공제품 제조업; 기계 및 가구 제외,2022,66822,4.37,1.8,2.43
경남,C26 전자부품 컴퓨터 영상 음향 및 통신장비 제조업,2022,9032,0.59,1.62,0.37
경남,C27 의료 정밀 광학기기 및 시계 제조업,2022,5577,0.36,0.59,0.61
경남,C28 전기장비 제조업,2022,31596,2.07,1.14,1.82
경남,C29 기타 기계 및 장비 제조업,2022,70022,4.58,2.02,2.27
경남,C30 자동차 및 트레일러 제조업,2022,41351,2.71,1.47,1.84
경남,C31 기타 운송장비 제조업,2022,57881,3.79,0.52,7.24
경남,C32 가구 제조업,2022,2895,0.19,0.27,0.71
경남,C33 기타 제품 제조업,2022,3819,0.25,0.32,0.79
경남,C34 산업용 기계 및 장비 수리업,2022,4420,0.29,0.25,1.13
경남,D35 전기 가스 증기 및 공기조절 공급업,2022,11055,0.72,0.64,1.14
경남,E36 수도업,2022,1463,0.1,0.08,1.19
경남,E37 하수 폐수 및 분뇨 처리업,2022,1890,0.12,0.09,1.39
경남,E38 폐기물 수집 운반 처리 및 원료 재생업,2022,8005,0.52,0.36,1.47
경남,E39 환경 정화 및 복원업,2022,125,0.01,0.01,1.13
경남,F41 종합 건설업,2022,24702,1.62,1.98,0.82
경남,F42 전문직별 공사업,2022,79156,5.18,5.77,0.9
경남,G45 자동차 및 부품 판매업,2022,7007,0.46,0.53,0.86
경남,G46 도매 및 상품 중개업,2022,62811,4.11,5.81,0.71
경남,G47 소매업; 자동차 제외,2022,113632,7.43,7.85,0.95
경남,H49 육상운송 및 파이프라인 운송업,2022,57788,3.78,4.02,0.94
경남,H50 수상 운송업,2022,894,0.06,0.09,0.67
경남,H51 항공 운송업,2022,47,0.0,0.12,0.03
경남,H52 창고 및 운송관련 서비스업,2022,20917,1.37,1.26,1.09
경남,I55 숙박업,2022,13504,0.88,0.69,1.28
경남,I56 음식점 및 주점업,2022,132884,8.69,8.09,1.07
경남,J58 출판업,2022,3635,0.24,1.67,0.14
경남,J59 영상ㆍ오디오 기록물 제작 및 배급업,2022,1083,0.07,0.33,0.22
경남,J60 방송업,2022,710,0.05,0.12,0.39
경남,J61 우편 및 통신업,2022,4588,0.3,0.37,0.82
경남,J62 컴퓨터 프로그래밍 시스템 통합 및 관리업,2022,2561,0.17,0.67,0.25
경남,J63 정보서비스업,2022,494,0.03,0.31,0.1
경남,K64 금융업,2022,14558,0.95,1.2,0.8
경남,K65 보험 및 연금업,2022,11437,0.75,0.87,0.86
경남,K66 금융 및 보험 관련 서비스업,2022,8303,0.54,0.83,0.65
경남,L68 부동산업,2022,33570,2.2,2.74,0.8
경남,M70 연구개발업,2022,6467,0.42,1.24,0.34
경남,M71 전문 서비스업,2022,11877,0.78,2.39,0.33
경남,M72 건축기술 엔지니어링 및 기타 과학기술 서비스업,2022,22108,1.45,1.6,0.91
경남,M73 기타 전문 과학 및 기술 서비스업,2022,3499,0.23,0.48,0.48
경남,N74 사업시설 관리 및 조경 서비스업,2022,10271,0.67,1.31,0.51
경남,N75 사업지원 서비스업,2022,31505,2.06,3.55,0.58
경남,N76 임대업; 부동산 제외,2022,4013,0.26,0.3,0.87
경남,O84 공공행정 국방 및 사회보장 행정,2022,62228,4.07,3.53,1.15
경남,P85 교육 서비스업,2022,101584,6.65,6.83,0.97
경남,Q86 보건업,2022,71233,4.66,4.59,1.01
경남,Q87 사회복지 서비스업,2022,85287,5.58,5.15,1.08
경남,R90 창작 예술 및 여가관련 서비스업,2022,6000,0.39,0.49,0.81
경남,R91 스포츠 및 오락관련 서비스업,2022,19109,1.25,1.27,0.98
경남,S94 협회 및 단체,2022,15968,1.04,1.02,1.03
경남,S95 개인 및 소비용품 수리업,2022,14408,0.94,0.88,1.07
경남,S96 기타 개인 서비스업,2022,28114,1.84,1.7,1.08
경남,A01 농업,2023,4308,0.28,0.19,1.5
경남,A02 임업,2023,1737,0.11,0.05,2.43
경남,A03 어업,2023,318,0.02,0.02,0.87
경남,B07 비금속광물 광업; 연료용 제외,2023,668,0.04,0.04,0.98
경남,C10 식료품 제조업,2023,28736,1.86,1.47,1.27
경남,C11 음료 제조업,2023,2073,0.13,0.08,1.63
경남,C13 섬유제품 제조업; 의복제외,2023,5735,0.37,0.5,0.75
경남,C14 의복 의복 액세서리 및 모피제품 제조업,2023,1022,0.07,0.43,0.15
경남,C15 가죽 가방 및 신발 제조업,2023,905,0.06,0.11,0.56
경남,C16 목재 및 나무제품 제조업; 가구 제외,2023,3905,0.25,0.15,1.67
경남,C17 펄프 종이 및 종이제품 제조업,2023,5184,0.34,0.33,1.01
경남,C18 인쇄 및 기록매체 복제업,2023,1985,0.13,0.27,0.48
경남,C19 코크스 연탄 및 석유정제품 제조업,2023,575,0.04,0.05,0.72
경남,C20 화학물질 및 화학제품 제조업; 의약품 제외,2023,7574,0.49,0.75,0.65
경남,C21 의료용 물질 및 의약품 제조업,2023,636,0.04,0.25,0.17
경남,C22 고무 및 플라스틱제품 제조업,2023,30076,1.94,1.09,1.79
경남,C23 비금속 광물제품 제조업,2023,9136,0.59,0.46,1.28
경남,C24 1차 금속 제조업,2023,19468,1.26,0.67,1.89
경남,C25 금속가공제품 제조업; 기계 및 가구 제외,2023,64622,4.18,1.74,2.4
경남,C26 전자부품 컴퓨터 영상 음향 및 통신장비 제조업,2023,9118,0.59,1.56,0.38
경남,C27 의료 정밀 광학기기 및 시계 제조업,2023,5313,0.34,0.59,0.59
경남,C28 전기장비 제조업,2023,27603,1.78,1.09,1.63
경남,C29 기타 기계 및 장비 제조업,2023,72790,4.71,1.96,2.4
경남,C30 자동차 및 트레일러 제조업,2023,40366,2.61,1.43,1.82
경남,C31 기타 운송장비 제조업,2023,64911,4.2,0.54,7.78
경남,C32 가구 제조업,2023,2775,0.18,0.25,0.72
경남,C33 기타 제품 제조업,2023,3418,0.22,0.29,0.75
경남,C34 산업용 기계 및 장비 수리업,2023,4155,0.27,0.26,1.03
경남,D35 전기 가스 증기 및 공기조절 공급업,2023,11753,0.76,0.69,1.1
경남,E36 수도업,2023,1346,0.09,0.08,1.12
경남,E37 하수 폐수 및 분뇨 처리업,2023,1671,0.11,0.09,1.27
경남,E38 폐기물 수집 운반 처리 및 원료 재생업,2023,7984,0.52,0.35,1.48
경남,E39 환경 정화 및 복원업,2023,127,0.01,0.01,1.21
경남,F41 종합 건설업,2023,24736,1.6,1.8,0.89
경남,F42 전문직별 공사업,2023,78766,5.09,5.76,0.88
경남,G45 자동차 및 부품 판매업,2023,6679,0.43,0.52,0.83
경남,G46 도매 및 상품 중개업,2023,61600,3.98,5.69,0.7
경남,G47 소매업; 자동차 제외,2023,111041,7.18,7.83,0.92
경남,H49 육상운송 및 파이프라인 운송업,2023,60773,3.93,4.09,0.96
경남,H50 수상 운송업,2023,864,0.06,0.09,0.6
경남,H51 항공 운송업,2023,41,0.0,0.13,0.02
경남,H52 창고 및 운송관련 서비스업,2023,23526,1.52,1.3,1.17
경남,I55 숙박업,2023,13837,0.89,0.72,1.25
경남,I56 음식점 및 주점업,2023,134973,8.73,8.32,1.05
경남,J58 출판업,2023,3863,0.25,1.66,0.15
경남,J59 영상ㆍ오디오 기록물 제작 및 배급업,2023,1405,0.09,0.33,0.27
경남,J60 방송업,2023,715,0.05,0.12,0.4
경남,J61 우편 및 통신업,2023,4487,0.29,0.36,0.81
경남,J62 컴퓨터 프로그래밍 시스템 통합 및 관리업,2023,2702,0.17,0.67,0.26
경남,J63 정보서비스업,2023,461,0.03,0.3,0.1
경남,K64 금융업,2023,14388,0.93,1.2,0.78
경남,K65 보험 및 연금업,2023,10807,0.7,0.81,0.87
경남,K66 금융 및 보험 관련 서비스업,2023,10297,0.67,0.87,0.76
경남,L68 부동산업,2023,32666,2.11,2.65,0.8
경남,M70 연구개발업,2023,5906,0.38,1.22,0.31
경남,M71 전문 서비스업,2023,12360,0.8,2.52,0.32
경남,M72 건축기술 엔지니어링 및 기타 과학기술 서비스업,2023,23113,1.49,1.66,0.9
경남,M73 기타 전문 과학 및 기술 서비스업,2023,3494,0.23,0.47,0.48
경남,N74 사업시설 관리 및 조경 서비스업,2023,11345,0.73,1.39,0.53
경남,N75 사업지원 서비스업,2023,31126,2.01,3.55,0.57
경남,N76 임대업; 부동산 제외,2023,4128,0.27,0.31,0.85
경남,O84 공공행정 국방 및 사회보장 행정,2023,63563,4.11,3.53,1.16
경남,P85 교육 서비스업,2023,100994,6.53,6.75,0.97
경남,Q86 보건업,2023,72639,4.7,4.64,1.01
경남,Q87 사회복지 서비스업,2023,92950,6.01,5.45,1.1
경남,R90 창작 예술 및 여가관련 서비스업,2023,6171,0.4,0.5,0.8
경남,R91 스포츠 및 오락관련 서비스업,2023,19127,1.24,1.29,0.96
경남,S94 협회 및 단체,2023,17659,1.14,1.08,1.06
경남,S95 개인 및 소비용품 수리업,2023,14083,0.91,0.86,1.06
경남,S96 기타 개인 서비스업,2023,27385,1.77,1.69,1.04
경북,A01 농업,2020,4934,0.4,0.18,2.22
경북,A02 임업,2020,1732,0.14,0.05,3.01
경북,A03 어업,2020,83,0.01,0.03,0.23
경북,B06 금속 광업,2020,74,0.01,0.0,3.79
경북,B07 비금속광물 광업; 연료용 제외,2020,1184,0.1,0.05,1.94
경북,C10 식료품 제조업,2020,28634,2.34,1.49,1.56
경북,C11 음료 제조업,2020,1561,0.13,0.08,1.56
경북,C12 담배 제조업,2020,452,0.04,0.01,3.52
경북,C13 섬유제품 제조업; 의복제외,2020,17982,1.47,0.6,2.43
경북,C14 의복 의복 액세서리 및 모피제품 제조업,2020,1276,0.1,0.52,0.2
경북,C15 가죽 가방 및 신발 제조업,2020,258,0.02,0.14,0.15
경북,C16 목재 및 나무제품 제조업; 가구 제외,2020,2936,0.24,0.17,1.44
경북,C17 펄프 종이 및 종이제품 제조업,2020,4956,0.4,0.34,1.18
경북,C18 인쇄 및 기록매체 복제업,2020,1202,0.1,0.31,0.32
경북,C19 코크스 연탄 및 석유정제품 제조업,2020,555,0.05,0.05,0.87
경북,C20 화학물질 및 화학제품 제조업; 의약품 제외,2020,13100,1.07,0.76,1.4
경북,C21 의료용 물질 및 의약품 제조업,2020,1435,0.12,0.22,0.53
경북,C22 고무 및 플라스틱제품 제조업,2020,21995,1.79,1.18,1.52
경북,C23 비금속 광물제품 제조업,2020,14910,1.22,0.49,2.49
경북,C24 1차 금속 제조업,2020,28309,2.31,0.66,3.48
경북,C25 금속가공제품 제조업; 기계 및 가구 제외,2020,35381,2.89,1.9,1.52
경북,C26 전자부품 컴퓨터 영상 음향 및 통신장비 제조업,2020,39207,3.2,1.61,1.98
경북,C27 의료 정밀 광학기기 및 시계 제조업,2020,7283,0.59,0.59,1.0
경북,C28 전기장비 제조업,2020,17750,1.45,1.15,1.26
경북,C29 기타 기계 및 장비 제조업,2020,30562,2.49,2.04,1.22
경북,C30 자동차 및 트레일러 제조업,2020,35667,2.91,1.46,2.0
경북,C31 기타 운송장비 제조업,2020,2687,0.22,0.52,0.42
경북,C32 가구 제조업,2020,2538,0.21,0.29,0.71
경북,C33 기타 제품 제조업,2020,3050,0.25,0.34,0.73
경북,C34 산업용 기계 및 장비 수리업,2020,6845,0.56,0.25,2.27
경북,D35 전기 가스 증기 및 공기조절 공급업,2020,15694,1.28,0.57,2.23
경북,E36 수도업,2020,1504,0.12,0.08,1.54
경북,E37 하수 폐수 및 분뇨 처리업,2020,1631,0.13,0.09,1.49
경북,E38 폐기물 수집 운반 처리 및 원료 재생업,2020,7103,0.58,0.34,1.71
경북,E39 환경 정화 및 복원업,2020,46,0.0,0.01,0.56
경북,F41 종합 건설업,2020,28880,2.36,2.19,1.08
경북,F42 전문직별 공사업,2020,80477,6.57,6.51,1.01
경북,G45 자동차 및 부품 판매업,2020,5296,0.43,0.56,0.77
경북,G46 도매 및 상품 중개업,2020,51616,4.21,6.6,0.64
경북,G47 소매업; 자동차 제외,2020,89569,7.31,7.71,0.95
경북,H49 육상운송 및 파이프라인 운송업,2020,46713,3.81,3.91,0.98
경북,H50 수상 운송업,2020,820,0.07,0.09,0.74
경북,H51 항공 운송업,2020,40,0.0,0.14,0.02
경북,H52 창고 및 운송관련 서비스업,2020,13250,1.08,1.21,0.89
경북,I55 숙박업,2020,11572,0.94,0.7,1.35
경북,I56 음식점 및 주점업,2020,97478,7.95,7.74,1.03
경북,J58 출판업,2020,2592,0.21,1.48,0.14
경북,J59 영상ㆍ오디오 기록물 제작 및 배급업,2020,505,0.04,0.27,0.15
경북,J60 방송업,2020,676,0.06,0.12,0.47
경북,J61 우편 및 통신업,2020,3989,0.33,0.36,0.9
경북,J62 컴퓨터 프로그래밍 시스템 통합 및 관리업,2020,1453,0.12,0.62,0.19
경북,J63 정보서비스업,2020,455,0.04,0.27,0.14
경북,K64 금융업,2020,11794,0.96,1.2,0.8
경북,K65 보험 및 연금업,2020,8951,0.73,0.9,0.81
경북,K66 금융 및 보험 관련 서비스업,2020,4038,0.33,0.83,0.39
경북,L68 부동산업,2020,19285,1.57,2.76,0.57
경북,M70 연구개발업,2020,6038,0.49,1.13,0.44
경북,M71 전문 서비스업,2020,9104,0.74,2.35,0.32
경북,M72 건축기술 엔지니어링 및 기타 과학기술 서비스업,2020,17058,1.39,1.55,0.9
경북,M73 기타 전문 과학 및 기술 서비스업,2020,2390,0.19,0.48,0.41
경북,N74 사업시설 관리 및 조경 서비스업,2020,9780,0.8,1.34,0.6
경북,N75 사업지원 서비스업,2020,22435,1.83,3.65,0.5
경북,N76 임대업; 부동산 제외,2020,2960,0.24,0.32,0.76
경북,O84 공공행정 국방 및 사회보장 행정,2020,57678,4.71,3.33,1.41
경북,P85 교육 서비스업,2020,82201,6.71,6.66,1.01
경북,Q86 보건업,2020,45456,3.71,4.4,0.84
경북,Q87 사회복지 서비스업,2020,70960,5.79,4.67,1.24
경북,R90 창작 예술 및 여가관련 서비스업,2020,4954,0.4,0.49,0.82
경북,R91 스포츠 및 오락관련 서비스업,2020,14004,1.14,1.21,0.95
경북,S94 협회 및 단체,2020,14171,1.16,1.05,1.1
경북,S95 개인 및 소비용품 수리업,2020,12014,0.98,0.96,1.02
경북,S96 기타 개인 서비스업,2020,20661,1.69,1.68,1.0
경북,A01 농업,2021,4942,0.4,0.19,2.07
경북,A02 임업,2021,1688,0.14,0.04,3.04
경북,A03 어업,2021,63,0.01,0.03,0.19
경북,B06 금속 광업,2021,104,0.01,0.0,5.09
경북,B07 비금속광물 광업; 연료용 제외,2021,1240,0.1,0.05,2.04
경북,C10 식료품 제조업,2021,27845,2.26,1.5,1.5
경북,C11 음료 제조업,2021,1603,0.13,0.08,1.59
경북,C12 담배 제조업,2021,464,0.04,0.01,3.6
경북,C13 섬유제품 제조업; 의복제외,2021,17287,1.4,0.57,2.47
경북,C14 의복 의복 액세서리 및 모피제품 제조업,2021,1262,0.1,0.49,0.21
경북,C15 가죽 가방 및 신발 제조업,2021,229,0.02,0.13,0.15
경북,C16 목재 및 나무제품 제조업; 가구 제외,2021,2852,0.23,0.16,1.45
경북,C17 펄프 종이 및 종이제품 제조업,2021,5112,0.41,0.34,1.22
경북,C18 인쇄 및 기록매체 복제업,2021,1283,0.1,0.29,0.36
경북,C19 코크스 연탄 및 석유정제품 제조업,2021,548,0.04,0.06,0.79
경북,C20 화학물질 및 화학제품 제조업; 의약품 제외,2021,14230,1.15,0.78,1.48
경북,C21 의료용 물질 및 의약품 제조업,2021,1813,0.15,0.24,0.61
경북,C22 고무 및 플라스틱제품 제조업,2021,20588,1.67,1.15,1.45
경북,C23 비금속 광물제품 제조업,2021,14956,1.21,0.48,2.51
경북,C24 1차 금속 제조업,2021,27998,2.27,0.67,3.39
경북,C25 금속가공제품 제조업; 기계 및 가구 제외,2021,34426,2.79,1.81,1.54
경북,C26 전자부품 컴퓨터 영상 음향 및 통신장비 제조업,2021,39119,3.17,1.64,1.94
경북,C27 의료 정밀 광학기기 및 시계 제조업,2021,7396,0.6,0.59,1.02
경북,C28 전기장비 제조업,2021,20759,1.68,1.14,1.47
경북,C29 기타 기계 및 장비 제조업,2021,27456,2.22,2.01,1.1
경북,C30 자동차 및 트레일러 제조업,2021,34090,2.76,1.43,1.94
경북,C31 기타 운송장비 제조업,2021,2384,0.19,0.51,0.38
경북,C32 가구 제조업,2021,2355,0.19,0.27,0.7
경북,C33 기타 제품 제조업,2021,2846,0.23,0.32,0.71
경북,C34 산업용 기계 및 장비 수리업,2021,6961,0.56,0.24,2.33
경북,D35 전기 가스 증기 및 공기조절 공급업,2021,19240,1.56,0.63,2.48
경북,E36 수도업,2021,1571,0.13,0.08,1.57
경북,E37 하수 폐수 및 분뇨 처리업,2021,1668,0.14,0.09,1.45
경북,E38 폐기물 수집 운반 처리 및 원료 재생업,2021,7266,0.59,0.35,1.67
경북,E39 환경 정화 및 복원업,2021,62,0.01,0.01,0.71
경북,F41 종합 건설업,2021,24453,1.98,1.98,1.0
경북,F42 전문직별 공사업,2021,76309,6.18,5.99,1.03
경북,G45 자동차 및 부품 판매업,2021,5259,0.43,0.56,0.75
경북,G46 도매 및 상품 중개업,2021,49486,4.01,6.27,0.64
경북,G47 소매업; 자동차 제외,2021,90665,7.35,7.88,0.93
경북,H49 육상운송 및 파이프라인 운송업,2021,47869,3.88,3.99,0.97
경북,H50 수상 운송업,2021,432,0.03,0.09,0.39
경북,H51 항공 운송업,2021,37,0.0,0.12,0.02
경북,H52 창고 및 운송관련 서비스업,2021,13392,1.08,1.26,0.86
경북,I55 숙박업,2021,11768,0.95,0.68,1.4
경북,I56 음식점 및 주점업,2021,98346,7.97,7.77,1.03
경북,J58 출판업,2021,2733,0.22,1.58,0.14
경북,J59 영상ㆍ오디오 기록물 제작 및 배급업,2021,609,0.05,0.31,0.16
경북,J60 방송업,2021,644,0.05,0.12,0.42
경북,J61 우편 및 통신업,2021,4090,0.33,0.36,0.91
경북,J62 컴퓨터 프로그래밍 시스템 통합 및 관리업,2021,1547,0.13,0.66,0.19
경북,J63 정보서비스업,2021,405,0.03,0.3,0.11
경북,K64 금융업,2021,11462,0.93,1.21,0.76
경북,K65 보험 및 연금업,2021,8944,0.72,0.91,0.8
경북,K66 금융 및 보험 관련 서비스업,2021,4153,0.34,0.85,0.4
경북,L68 부동산업,2021,21684,1.76,2.82,0.62
경북,M70 연구개발업,2021,6267,0.51,1.2,0.42
경북,M71 전문 서비스업,2021,10339,0.84,2.35,0.36
경북,M72 건축기술 엔지니어링 및 기타 과학기술 서비스업,2021,17027,1.38,1.6,0.86
경북,M73 기타 전문 과학 및 기술 서비스업,2021,2393,0.19,0.49,0.4
경북,N74 사업시설 관리 및 조경 서비스업,2021,10099,0.82,1.32,0.62
경북,N75 사업지원 서비스업,2021,19321,1.57,3.58,0.44
경북,N76 임대업; 부동산 제외,2021,3055,0.25,0.32,0.78
경북,O84 공공행정 국방 및 사회보장 행정,2021,59531,4.82,3.47,1.39
경북,P85 교육 서비스업,2021,83737,6.78,6.77,1.0
경북,Q86 보건업,2021,45975,3.72,4.5,0.83
경북,Q87 사회복지 서비스업,2021,81396,6.59,4.96,1.33
경북,R90 창작 예술 및 여가관련 서비스업,2021,5258,0.43,0.49,0.87
경북,R91 스포츠 및 오락관련 서비스업,2021,14498,1.17,1.2,0.98
경북,S94 협회 및 단체,2021,15334,1.24,1.04,1.19
경북,S95 개인 및 소비용품 수리업,2021,11690,0.95,0.92,1.02
경북,S96 기타 개인 서비스업,2021,20401,1.65,1.66,1.0
경북,A01 농업,2022,5440,0.43,0.19,2.28
경북,A02 임업,2022,1880,0.15,0.05,3.21
경북,A03 어업,2022,64,0.01,0.03,0.18
경북,B06 금속 광업,2022,21,0.0,0.0,1.28
경북,B07 비금속광물 광업; 연료용 제외,2022,1278,0.1,0.05,2.22
경북,C10 식료품 제조업,2022,28178,2.24,1.5,1.5
경북,C11 음료 제조업,2022,1679,0.13,0.08,1.65
경북,C12 담배 제조업,2022,502,0.04,0.01,3.72
경북,C13 섬유제품 제조업; 의복제외,2022,17462,1.39,0.54,2.56
경북,C14 의복 의복 액세서리 및 모피제품 제조업,2022,1133,0.09,0.47,0.19
경북,C15 가죽 가방 및 신발 제조업,2022,258,0.02,0.12,0.17
경북,C16 목재 및 나무제품 제조업; 가구 제외,2022,2858,0.23,0.16,1.42
경북,C17 펄프 종이 및 종이제품 제조업,2022,5109,0.41,0.34,1.21
경북,C18 인쇄 및 기록매체 복제업,2022,1262,0.1,0.28,0.35
경북,C19 코크스 연탄 및 석유정제품 제조업,2022,556,0.04,0.05,0.83
경북,C20 화학물질 및 화학제품 제조업; 의약품 제외,2022,14523,1.16,0.78,1.49
경북,C21 의료용 물질 및 의약품 제조업,2022,1848,0.15,0.25,0.59
경북,C22 고무 및 플라스틱제품 제조업,2022,20616,1.64,1.13,1.45
경북,C23 비금속 광물제품 제조업,2022,14920,1.19,0.48,2.48
경북,C24 1차 금속 제조업,2022,28485,2.27,0.67,3.37
경북,C25 금속가공제품 제조업; 기계 및 가구 제외,2022,34468,2.75,1.8,1.53
경북,C26 전자부품 컴퓨터 영상 음향 및 통신장비 제조업,2022,41544,3.31,1.62,2.05
경북,C27 의료 정밀 광학기기 및 시계 제조업,2022,7830,0.62,0.59,1.05
경북,C28 전기장비 제조업,2022,22465,1.79,1.14,1.57
경북,C29 기타 기계 및 장비 제조업,2022,28597,2.28,2.02,1.13
경북,C30 자동차 및 트레일러 제조업,2022,36074,2.87,1.47,1.95
경북,C31 기타 운송장비 제조업,2022,2726,0.22,0.52,0.42
경북,C32 가구 제조업,2022,2498,0.2,0.27,0.74
경북,C33 기타 제품 제조업,2022,3300,0.26,0.32,0.83
경북,C34 산업용 기계 및 장비 수리업,2022,7054,0.56,0.25,2.2
경북,D35 전기 가스 증기 및 공기조절 공급업,2022,20958,1.67,0.64,2.62
경북,E36 수도업,2022,1639,0.13,0.08,1.63
경북,E37 하수 폐수 및 분뇨 처리업,2022,1669,0.13,0.09,1.5
경북,E38 폐기물 수집 운반 처리 및 원료 재생업,2022,7418,0.59,0.36,1.66
경북,E39 환경 정화 및 복원업,2022,54,0.0,0.01,0.59
경북,F41 종합 건설업,2022,24642,1.96,1.98,0.99
경북,F42 전문직별 공사업,2022,75888,6.04,5.77,1.05
경북,G45 자동차 및 부품 판매업,2022,5003,0.4,0.53,0.75
경북,G46 도매 및 상품 중개업,2022,47821,3.81,5.81,0.66
경북,G47 소매업; 자동차 제외,2022,91650,7.3,7.85,0.93
경북,H49 육상운송 및 파이프라인 운송업,2022,46816,3.73,4.02,0.93
경북,H50 수상 운송업,2022,474,0.04,0.09,0.43
경북,H51 항공 운송업,2022,44,0.0,0.12,0.03
경북,H52 창고 및 운송관련 서비스업,2022,12550,1.0,1.26,0.79
경북,I55 숙박업,2022,12918,1.03,0.69,1.49
경북,I56 음식점 및 주점업,2022,102060,8.13,8.09,1.0
경북,J58 출판업,2022,2994,0.24,1.67,0.14
경북,J59 영상ㆍ오디오 기록물 제작 및 배급업,2022,681,0.05,0.33,0.17
경북,J60 방송업,2022,619,0.05,0.12,0.42
경북,J61 우편 및 통신업,2022,3931,0.31,0.37,0.85
경북,J62 컴퓨터 프로그래밍 시스템 통합 및 관리업,2022,1658,0.13,0.67,0.2
경북,J63 정보서비스업,2022,429,0.03,0.31,0.11
경북,K64 금융업,2022,11358,0.9,1.2,0.76
경북,K65 보험 및 연금업,2022,8856,0.71,0.87,0.81
경북,K66 금융 및 보험 관련 서비스업,2022,4128,0.33,0.83,0.4
경북,L68 부동산업,2022,21173,1.69,2.74,0.61
경북,M70 연구개발업,2022,5975,0.48,1.24,0.38
경북,M71 전문 서비스업,2022,9943,0.79,2.39,0.33
경북,M72 건축기술 엔지니어링 및 기타 과학기술 서비스업,2022,16429,1.31,1.6,0.82
경북,M73 기타 전문 과학 및 기술 서비스업,2022,2391,0.19,0.48,0.4
경북,N74 사업시설 관리 및 조경 서비스업,2022,11317,0.9,1.31,0.69
경북,N75 사업지원 서비스업,2022,19337,1.54,3.55,0.43
경북,N76 임대업; 부동산 제외,2022,3100,0.25,0.3,0.82
경북,O84 공공행정 국방 및 사회보장 행정,2022,61121,4.87,3.53,1.38
경북,P85 교육 서비스업,2022,85034,6.77,6.83,0.99
경북,Q86 보건업,2022,46196,3.68,4.59,0.8
경북,Q87 사회복지 서비스업,2022,83940,6.69,5.15,1.3
경북,R90 창작 예술 및 여가관련 서비스업,2022,5515,0.44,0.49,0.9
경북,R91 스포츠 및 오락관련 서비스업,2022,15232,1.21,1.27,0.95
경북,S94 협회 및 단체,2022,15235,1.21,1.02,1.19
경북,S95 개인 및 소비용품 수리업,2022,11698,0.93,0.88,1.05
경북,S96 기타 개인 서비스업,2022,21065,1.68,1.7,0.99
경북,A01 농업,2023,5133,0.41,0.19,2.18
경북,A02 임업,2023,1997,0.16,0.05,3.42
경북,A03 어업,2023,79,0.01,0.02,0.26
경북,B06 금속 광업,2023,20,0.0,0.0,1.01
경북,B07 비금속광물 광업; 연료용 제외,2023,1095,0.09,0.04,1.97
경북,C10 식료품 제조업,2023,26462,2.09,1.47,1.43
경북,C11 음료 제조업,2023,1686,0.13,0.08,1.62
경북,C12 담배 제조업,2023,542,0.04,0.01,3.86
경북,C13 섬유제품 제조업; 의복제외,2023,15923,1.26,0.5,2.54
경북,C14 의복 의복 액세서리 및 모피제품 제조업,2023,1088,0.09,0.43,0.2
경북,C15 가죽 가방 및 신발 제조업,2023,208,0.02,0.11,0.16
경북,C16 목재 및 나무제품 제조업; 가구 제외,2023,2719,0.22,0.15,1.42
경북,C17 펄프 종이 및 종이제품 제조업,2023,5004,0.4,0.33,1.19
경북,C18 인쇄 및 기록매체 복제업,2023,1141,0.09,0.27,0.34
경북,C19 코크스 연탄 및 석유정제품 제조업,2023,562,0.04,0.05,0.86
경북,C20 화학물질 및 화학제품 제조업; 의약품 제외,2023,15331,1.21,0.75,1.61
경북,C21 의료용 물질 및 의약품 제조업,2023,1527,0.12,0.25,0.49
경북,C22 고무 및 플라스틱제품 제조업,2023,19764,1.56,1.09,1.44
경북,C23 비금속 광물제품 제조업,2023,14470,1.15,0.46,2.48
경북,C24 1차 금속 제조업,2023,27664,2.19,0.67,3.29
경북,C25 금속가공제품 제조업; 기계 및 가구 제외,2023,33383,2.64,1.74,1.52
경북,C26 전자부품 컴퓨터 영상 음향 및 통신장비 제조업,2023,41806,3.31,1.56,2.12
경북,C27 의료 정밀 광학기기 및 시계 제조업,2023,6460,0.51,0.59,0.87
경북,C28 전기장비 제조업,2023,19941,1.58,1.09,1.44
경북,C29 기타 기계 및 장비 제조업,2023,30540,2.42,1.96,1.23
경북,C30 자동차 및 트레일러 제조업,2023,37142,2.94,1.43,2.05
경북,C31 기타 운송장비 제조업,2023,2896,0.23,0.54,0.42
경북,C32 가구 제조업,2023,2395,0.19,0.25,0.76
경북,C33 기타 제품 제조업,2023,3057,0.24,0.29,0.82
경북,C34 산업용 기계 및 장비 수리업,2023,8733,0.69,0.26,2.64
경북,D35 전기 가스 증기 및 공기조절 공급업,2023,22051,1.75,0.69,2.53
경북,E36 수도업,2023,1662,0.13,0.08,1.69
경북,E37 하수 폐수 및 분뇨 처리업,2023,1649,0.13,0.09,1.53
경북,E38 폐기물 수집 운반 처리 및 원료 재생업,2023,7331,0.58,0.35,1.67
경북,E39 환경 정화 및 복원업,2023,46,0.0,0.01,0.54
경북,F41 종합 건설업,2023,24427,1.93,1.8,1.07
경북,F42 전문직별 공사업,2023,76574,6.06,5.76,1.05
경북,G45 자동차 및 부품 판매업,2023,4889,0.39,0.52,0.74
경북,G46 도매 및 상품 중개업,2023,47733,3.78,5.69,0.66
경북,G47 소매업; 자동차 제외,2023,90213,7.14,7.83,0.91
경북,H49 육상운송 및 파이프라인 운송업,2023,48263,3.82,4.09,0.93
경북,H50 수상 운송업,2023,520,0.04,0.09,0.44
경북,H51 항공 운송업,2023,21,0.0,0.13,0.01
경북,H52 창고 및 운송관련 서비스업,2023,13484,1.07,1.3,0.82
경북,I55 숙박업,2023,13416,1.06,0.72,1.49
경북,I56 음식점 및 주점업,2023,103604,8.2,8.32,0.99
경북,J58 출판업,2023,2945,0.23,1.66,0.14
경북,J59 영상ㆍ오디오 기록물 제작 및 배급업,2023,938,0.07,0.33,0.22
경북,J60 방송업,2023,609,0.05,0.12,0.41
경북,J61 우편 및 통신업,2023,3952,0.31,0.36,0.87
경북,J62 컴퓨터 프로그래밍 시스템 통합 및 관리업,2023,1529,0.12,0.67,0.18
경북,J63 정보서비스업,2023,417,0.03,0.3,0.11
경북,K64 금융업,2023,11015,0.87,1.2,0.73
경북,K65 보험 및 연금업,2023,8566,0.68,0.81,0.84
경북,K66 금융 및 보험 관련 서비스업,2023,4557,0.36,0.87,0.41
경북,L68 부동산업,2023,19947,1.58,2.65,0.6
경북,M70 연구개발업,2023,5715,0.45,1.22,0.37
경북,M71 전문 서비스업,2023,12594,1.0,2.52,0.4
경북,M72 건축기술 엔지니어링 및 기타 과학기술 서비스업,2023,18304,1.45,1.66,0.87
경북,M73 기타 전문 과학 및 기술 서비스업,2023,2492,0.2,0.47,0.42
경북,N74 사업시설 관리 및 조경 서비스업,2023,11873,0.94,1.39,0.67
경북,N75 사업지원 서비스업,2023,19110,1.51,3.55,0.43
경북,N76 임대업; 부동산 제외,2023,3226,0.26,0.31,0.81
경북,O84 공공행정 국방 및 사회보장 행정,2023,62358,4.94,3.53,1.4
경북,P85 교육 서비스업,2023,82638,6.54,6.75,0.97
경북,Q86 보건업,2023,46338,3.67,4.64,0.79
경북,Q87 사회복지 서비스업,2023,88453,7.0,5.45,1.28
경북,R90 창작 예술 및 여가관련 서비스업,2023,5911,0.47,0.5,0.93
경북,R91 스포츠 및 오락관련 서비스업,2023,15884,1.26,1.29,0.98
경북,S94 협회 및 단체,2023,17169,1.36,1.08,1.26
경북,S95 개인 및 소비용품 수리업,2023,11393,0.9,0.86,1.05
경북,S96 기타 개인 서비스업,2023,20753,1.64,1.69,0.97
광주,A01 농업,2020,448,0.07,0.18,0.37
광주,A02 임업,2020,63,0.01,0.05,0.2
광주,B07 비금속광물 광업; 연료용 제외,2020,38,0.01,0.05,0.11
광주,C10 식료품 제조업,2020,5622,0.84,1.49,0.56
광주,C11 음료 제조업,2020,508,0.08,0.08,0.93
광주,C13 섬유제품 제조업; 의복제외,2020,1812,0.27,0.6,0.45
광주,C14 의복 의복 액세서리 및 모피제품 제조업,2020,885,0.13,0.52,0.26
광주,C15 가죽 가방 및 신발 제조업,2020,248,0.04,0.14,0.27
광주,C16 목재 및 나무제품 제조업; 가구 제외,2020,552,0.08,0.17,0.5
광주,C17 펄프 종이 및 종이제품 제조업,2020,938,0.14,0.34,0.41
광주,C18 인쇄 및 기록매체 복제업,2020,1437,0.22,0.31,0.7
광주,C19 코크스 연탄 및 석유정제품 제조업,2020,26,0.0,0.05,0.08
광주,C20 화학물질 및 화학제품 제조업; 의약품 제외,2020,923,0.14,0.76,0.18
광주,C21 의료용 물질 및 의약품 제조업,2020,208,0.03,0.22,0.14
광주,C22 고무 및 플라스틱제품 제조업,2020,9733,1.46,1.18,1.24
광주,C23 비금속 광물제품 제조업,2020,939,0.14,0.49,0.29
광주,C24 1차 금속 제조업,2020,2250,0.34,0.66,0.51
광주,C25 금속가공제품 제조업; 기계 및 가구 제외,2020,8854,1.33,1.9,0.7
광주,C26 전자부품 컴퓨터 영상 음향 및 통신장비 제조업,2020,8510,1.28,1.61,0.79
광주,C27 의료 정밀 광학기기 및 시계 제조업,2020,3085,0.46,0.59,0.78
광주,C28 전기장비 제조업,2020,10226,1.53,1.15,1.34
광주,C29 기타 기계 및 장비 제조업,2020,11725,1.76,2.04,0.86
광주,C30 자동차 및 트레일러 제조업,2020,16073,2.41,1.46,1.65
광주,C31 기타 운송장비 제조업,2020,49,0.01,0.52,0.01
광주,C32 가구 제조업,2020,1243,0.19,0.29,0.64
광주,C33 기타 제품 제조업,2020,1411,0.21,0.34,0.62
광주,C34 산업용 기계 및 장비 수리업,2020,704,0.11,0.25,0.43
광주,D35 전기 가스 증기 및 공기조절 공급업,2020,3027,0.45,0.57,0.79
광주,E36 수도업,2020,621,0.09,0.08,1.17
광주,E37 하수 폐수 및 분뇨 처리업,2020,369,0.06,0.09,0.62
광주,E38 폐기물 수집 운반 처리 및 원료 재생업,2020,1528,0.23,0.34,0.68
광주,E39 환경 정화 및 복원업,2020,17,0.0,0.01,0.38
광주,F41 종합 건설업,2020,21217,3.18,2.19,1.45
광주,F42 전문직별 공사업,2020,60444,9.06,6.51,1.39
광주,G45 자동차 및 부품 판매업,2020,4823,0.72,0.56,1.29
광주,G46 도매 및 상품 중개업,2020,38136,5.72,6.6,0.87
광주,G47 소매업; 자동차 제외,2020,53203,7.97,7.71,1.03
광주,H49 육상운송 및 파이프라인 운송업,2020,30395,4.56,3.91,1.17
광주,H51 항공 운송업,2020,43,0.01,0.14,0.05
광주,H52 창고 및 운송관련 서비스업,2020,4485,0.67,1.21,0.56
광주,I55 숙박업,2020,2317,0.35,0.7,0.5
광주,I56 음식점 및 주점업,2020,52580,7.88,7.74,1.02
광주,J58 출판업,2020,3283,0.49,1.48,0.33
광주,J59 영상ㆍ오디오 기록물 제작 및 배급업,2020,1133,0.17,0.27,0.64
광주,J60 방송업,2020,572,0.09,0.12,0.73
광주,J61 우편 및 통신업,2020,3713,0.56,0.36,1.54
광주,J62 컴퓨터 프로그래밍 시스템 통합 및 관리업,2020,1442,0.22,0.62,0.35
광주,J63 정보서비스업,2020,559,0.08,0.27,0.31
광주,K64 금융업,2020,6875,1.03,1.2,0.86
광주,K65 보험 및 연금업,2020,7469,1.12,0.9,1.24
광주,K66 금융 및 보험 관련 서비스업,2020,7624,1.14,0.83,1.37
광주,L68 부동산업,2020,24020,3.6,2.76,1.3
광주,M70 연구개발업,2020,2025,0.3,1.13,0.27
광주,M71 전문 서비스업,2020,10777,1.62,2.35,0.69
광주,M72 건축기술 엔지니어링 및 기타 과학기술 서비스업,2020,8187,1.23,1.55,0.79
광주,M73 기타 전문 과학 및 기술 서비스업,2020,2684,0.4,0.48,0.85
광주,N74 사업시설 관리 및 조경 서비스업,2020,5998,0.9,1.34,0.67
광주,N75 사업지원 서비스업,2020,23184,3.47,3.65,0.95
광주,N76 임대업; 부동산 제외,2020,1601,0.24,0.32,0.76
광주,O84 공공행정 국방 및 사회보장 행정,2020,19744,2.96,3.33,0.89
광주,P85 교육 서비스업,2020,51744,7.76,6.66,1.16
광주,Q86 보건업,2020,43202,6.47,4.4,1.47
광주,Q87 사회복지 서비스업,2020,38495,5.77,4.67,1.24
광주,R90 창작 예술 및 여가관련 서비스업,2020,4307,0.65,0.49,1.32
광주,R91 스포츠 및 오락관련 서비스업,2020,8371,1.25,1.21,1.04
광주,S94 협회 및 단체,2020,7057,1.06,1.05,1.01
광주,S95 개인 및 소비용품 수리업,2020,8059,1.21,0.96,1.26
광주,S96 기타 개인 서비스업,2020,13394,2.01,1.68,1.19
광주,A01 농업,2021,388,0.06,0.19,0.3
광주,A02 임업,2021,51,0.01,0.04,0.17
광주,B07 비금속광물 광업; 연료용 제외,2021,40,0.01,0.05,0.12
광주,C10 식료품 제조업,2021,6106,0.9,1.5,0.6
광주,C11 음료 제조업,2021,486,0.07,0.08,0.88
광주,C13 섬유제품 제조업; 의복제외,2021,1646,0.24,0.57,0.43
광주,C14 의복 의복 액세서리 및 모피제품 제조업,2021,812,0.12,0.49,0.25
광주,C15 가죽 가방 및 신발 제조업,2021,222,0.03,0.13,0.26
광주,C16 목재 및 나무제품 제조업; 가구 제외,2021,539,0.08,0.16,0.5
광주,C17 펄프 종이 및 종이제품 제조업,2021,1006,0.15,0.34,0.44
광주,C18 인쇄 및 기록매체 복제업,2021,1345,0.2,0.29,0.69
광주,C19 코크스 연탄 및 석유정제품 제조업,2021,25,0.0,0.06,0.07
광주,C20 화학물질 및 화학제품 제조업; 의약품 제외,2021,1099,0.16,0.78,0.21
광주,C21 의료용 물질 및 의약품 제조업,2021,119,0.02,0.24,0.07
광주,C22 고무 및 플라스틱제품 제조업,2021,9654,1.43,1.15,1.24
광주,C23 비금속 광물제품 제조업,2021,1055,0.16,0.48,0.32
광주,C24 1차 금속 제조업,2021,2254,0.33,0.67,0.5
광주,C25 금속가공제품 제조업; 기계 및 가구 제외,2021,9042,1.34,1.81,0.74
광주,C26 전자부품 컴퓨터 영상 음향 및 통신장비 제조업,2021,7837,1.16,1.64,0.71
광주,C27 의료 정밀 광학기기 및 시계 제조업,2021,3182,0.47,0.59,0.8
광주,C28 전기장비 제조업,2021,10216,1.51,1.14,1.32
광주,C29 기타 기계 및 장비 제조업,2021,11443,1.69,2.01,0.84
광주,C30 자동차 및 트레일러 제조업,2021,15768,2.33,1.43,1.64
광주,C31 기타 운송장비 제조업,2021,68,0.01,0.51,0.02
광주,C32 가구 제조업,2021,1220,0.18,0.27,0.66
광주,C33 기타 제품 제조업,2021,1312,0.19,0.32,0.6
광주,C34 산업용 기계 및 장비 수리업,2021,675,0.1,0.24,0.41
광주,D35 전기 가스 증기 및 공기조절 공급업,2021,3243,0.48,0.63,0.76
광주,E36 수도업,2021,464,0.07,0.08,0.85
광주,E37 하수 폐수 및 분뇨 처리업,2021,537,0.08,0.09,0.85
광주,E38 폐기물 수집 운반 처리 및 원료 재생업,2021,1623,0.24,0.35,0.68
광주,F41 종합 건설업,2021,20751,3.07,1.98,1.55
광주,F42 전문직별 공사업,2021,54547,8.07,5.99,1.35
광주,G45 자동차 및 부품 판매업,2021,4959,0.73,0.56,1.3
광주,G46 도매 및 상품 중개업,2021,37533,5.55,6.27,0.89
광주,G47 소매업; 자동차 제외,2021,53646,7.94,7.88,1.01
광주,H49 육상운송 및 파이프라인 운송업,2021,33254,4.92,3.99,1.23
광주,H51 항공 운송업,2021,64,0.01,0.12,0.08
광주,H52 창고 및 운송관련 서비스업,2021,4237,0.63,1.26,0.5
광주,I55 숙박업,2021,2149,0.32,0.68,0.47
광주,I56 음식점 및 주점업,2021,52853,7.82,7.77,1.01
광주,J58 출판업,2021,3751,0.55,1.58,0.35
광주,J59 영상ㆍ오디오 기록물 제작 및 배급업,2021,1294,0.19,0.31,0.62
광주,J60 방송업,2021,578,0.09,0.12,0.69
광주,J61 우편 및 통신업,2021,5274,0.78,0.36,2.14
광주,J62 컴퓨터 프로그래밍 시스템 통합 및 관리업,2021,1596,0.24,0.66,0.36
광주,J63 정보서비스업,2021,375,0.06,0.3,0.19
광주,K64 금융업,2021,6733,1.0,1.21,0.82
광주,K65 보험 및 연금업,2021,7763,1.15,0.91,1.26
광주,K66 금융 및 보험 관련 서비스업,2021,8253,1.22,0.85,1.44
광주,L68 부동산업,2021,25559,3.78,2.82,1.34
광주,M70 연구개발업,2021,2279,0.34,1.2,0.28
광주,M71 전문 서비스업,2021,11219,1.66,2.35,0.71
광주,M72 건축기술 엔지니어링 및 기타 과학기술 서비스업,2021,8562,1.27,1.6,0.79
광주,M73 기타 전문 과학 및 기술 서비스업,2021,2590,0.38,0.49,0.79
광주,N74 사업시설 관리 및 조경 서비스업,2021,6821,1.01,1.32,0.77
광주,N75 사업지원 서비스업,2021,23291,3.45,3.58,0.96
광주,N76 임대업; 부동산 제외,2021,1779,0.26,0.32,0.83
광주,O84 공공행정 국방 및 사회보장 행정,2021,22462,3.32,3.47,0.96
광주,P85 교육 서비스업,2021,51491,7.62,6.77,1.13
광주,Q86 보건업,2021,44851,6.63,4.5,1.47
광주,Q87 사회복지 서비스업,2021,42563,6.3,4.96,1.27
광주,R90 창작 예술 및 여가관련 서비스업,2021,3911,0.58,0.49,1.18
광주,R91 스포츠 및 오락관련 서비스업,2021,7644,1.13,1.2,0.94
광주,S94 협회 및 단체,2021,6566,0.97,1.04,0.93
광주,S95 개인 및 소비용품 수리업,2021,7795,1.15,0.92,1.25
광주,S96 기타 개인 서비스업,2021,13575,2.01,1.66,1.21
광주,A01 농업,2022,445,0.07,0.19,0.35
광주,A02 임업,2022,61,0.01,0.05,0.19
광주,A03 어업,2022,8,0.0,0.03,0.04
광주,B07 비금속광물 광업; 연료용 제외,2022,31,0.0,0.05,0.1
광주,C10 식료품 제조업,2022,6000,0.89,1.5,0.59
광주,C11 음료 제조업,2022,482,0.07,0.08,0.88
광주,C13 섬유제품 제조업; 의복제외,2022,1402,0.21,0.54,0.38
광주,C14 의복 의복 액세서리 및 모피제품 제조업,2022,718,0.11,0.47,0.22
광주,C15 가죽 가방 및 신발 제조업,2022,230,0.03,0.12,0.28
광주,C16 목재 및 나무제품 제조업; 가구 제외,2022,455,0.07,0.16,0.42
광주,C17 펄프 종이 및 종이제품 제조업,2022,894,0.13,0.34,0.39
광주,C18 인쇄 및 기록매체 복제업,2022,1276,0.19,0.28,0.67
광주,C19 코크스 연탄 및 석유정제품 제조업,2022,26,0.0,0.05,0.07
광주,C20 화학물질 및 화학제품 제조업; 의약품 제외,2022,1055,0.16,0.78,0.2
광주,C21 의료용 물질 및 의약품 제조업,2022,153,0.02,0.25,0.09
광주,C22 고무 및 플라스틱제품 제조업,2022,9518,1.41,1.13,1.25
광주,C23 비금속 광물제품 제조업,2022,1012,0.15,0.48,0.31
광주,C24 1차 금속 제조업,2022,2139,0.32,0.67,0.47
광주,C25 금속가공제품 제조업; 기계 및 가구 제외,2022,8962,1.33,1.8,0.74
광주,C26 전자부품 컴퓨터 영상 음향 및 통신장비 제조업,2022,8462,1.25,1.62,0.78
광주,C27 의료 정밀 광학기기 및 시계 제조업,2022,3243,0.48,0.59,0.81
광주,C28 전기장비 제조업,2022,9988,1.48,1.14,1.3
광주,C29 기타 기계 및 장비 제조업,2022,11665,1.73,2.02,0.86
광주,C30 자동차 및 트레일러 제조업,2022,17663,2.62,1.47,1.78
광주,C31 기타 운송장비 제조업,2022,69,0.01,0.52,0.02
광주,C32 가구 제조업,2022,1201,0.18,0.27,0.67
광주,C33 기타 제품 제조업,2022,1358,0.2,0.32,0.64
광주,C34 산업용 기계 및 장비 수리업,2022,727,0.11,0.25,0.42
광주,D35 전기 가스 증기 및 공기조절 공급업,2022,2965,0.44,0.64,0.69
광주,E36 수도업,2022,464,0.07,0.08,0.86
광주,E37 하수 폐수 및 분뇨 처리업,2022,279,0.04,0.09,0.47
광주,E38 폐기물 수집 운반 처리 및 원료 재생업,2022,1675,0.25,0.36,0.7
광주,E39 환경 정화 및 복원업,2022,71,0.01,0.01,1.45
광주,F41 종합 건설업,2022,20504,3.04,1.98,1.53
광주,F42 전문직별 공사업,2022,52907,7.84,5.77,1.36
광주,G45 자동차 및 부품 판매업,2022,4853,0.72,0.53,1.35
광주,G46 도매 및 상품 중개업,2022,34733,5.15,5.81,0.89
광주,G47 소매업; 자동차 제외,2022,53024,7.86,7.85,1.0
광주,H49 육상운송 및 파이프라인 운송업,2022,32209,4.77,4.02,1.19
광주,H50 수상 운송업,2022,25,0.0,0.09,0.04
광주,H51 항공 운송업,2022,22,0.0,0.12,0.03
광주,H52 창고 및 운송관련 서비스업,2022,4560,0.68,1.26,0.54
광주,I55 숙박업,2022,2075,0.31,0.69,0.44
광주,I56 음식점 및 주점업,2022,55107,8.16,8.09,1.01
광주,J58 출판업,2022,3772,0.56,1.67,0.33
광주,J59 영상ㆍ오디오 기록물 제작 및 배급업,2022,1332,0.2,0.33,0.6
광주,J60 방송업,2022,577,0.09,0.12,0.72
광주,J61 우편 및 통신업,2022,5322,0.79,0.37,2.15
광주,J62 컴퓨터 프로그래밍 시스템 통합 및 관리업,2022,1492,0.22,0.67,0.33
광주,J63 정보서비스업,2022,406,0.06,0.31,0.19
광주,K64 금융업,2022,6636,0.98,1.2,0.82
광주,K65 보험 및 연금업,2022,7549,1.12,0.87,1.28
광주,K66 금융 및 보험 관련 서비스업,2022,7007,1.04,0.83,1.25
광주,L68 부동산업,2022,25315,3.75,2.74,1.37
광주,M70 연구개발업,2022,2271,0.34,1.24,0.27
광주,M71 전문 서비스업,2022,11644,1.72,2.39,0.72
광주,M72 건축기술 엔지니어링 및 기타 과학기술 서비스업,2022,8597,1.27,1.6,0.8
광주,M73 기타 전문 과학 및 기술 서비스업,2022,2619,0.39,0.48,0.82
광주,N74 사업시설 관리 및 조경 서비스업,2022,6754,1.0,1.31,0.76
광주,N75 사업지원 서비스업,2022,22410,3.32,3.55,0.94
광주,N76 임대업; 부동산 제외,2022,1676,0.25,0.3,0.82
광주,O84 공공행정 국방 및 사회보장 행정,2022,22892,3.39,3.53,0.96
광주,P85 교육 서비스업,2022,51760,7.67,6.83,1.12
광주,Q86 보건업,2022,45688,6.77,4.59,1.47
광주,Q87 사회복지 서비스업,2022,44794,6.64,5.15,1.29
광주,R90 창작 예술 및 여가관련 서비스업,2022,3769,0.56,0.49,1.15
광주,R91 스포츠 및 오락관련 서비스업,2022,7563,1.12,1.27,0.88
광주,S94 협회 및 단체,2022,6403,0.95,1.02,0.93
광주,S95 개인 및 소비용품 수리업,2022,7666,1.14,0.88,1.29
광주,S96 기타 개인 서비스업,2022,14405,2.13,1.7,1.25
광주,A01 농업,2023,450,0.07,0.19,0.36
광주,A02 임업,2023,56,0.01,0.05,0.18
광주,A03 어업,2023,11,0.0,0.02,0.07
광주,B07 비금속광물 광업; 연료용 제외,2023,33,0.0,0.04,0.11
광주,C10 식료품 제조업,2023,5691,0.84,1.47,0.57
광주,C11 음료 제조업,2023,557,0.08,0.08,1.0
광주,C13 섬유제품 제조업; 의복제외,2023,1483,0.22,0.5,0.44
광주,C14 의복 의복 액세서리 및 모피제품 제조업,2023,699,0.1,0.43,0.24
광주,C15 가죽 가방 및 신발 제조업,2023,204,0.03,0.11,0.29
광주,C16 목재 및 나무제품 제조업; 가구 제외,2023,468,0.07,0.15,0.45
광주,C17 펄프 종이 및 종이제품 제조업,2023,841,0.12,0.33,0.37
광주,C18 인쇄 및 기록매체 복제업,2023,1137,0.17,0.27,0.63
광주,C19 코크스 연탄 및 석유정제품 제조업,2023,25,0.0,0.05,0.07
광주,C20 화학물질 및 화학제품 제조업; 의약품 제외,2023,899,0.13,0.75,0.18
광주,C21 의료용 물질 및 의약품 제조업,2023,170,0.03,0.25,0.1
광주,C22 고무 및 플라스틱제품 제조업,2023,8417,1.24,1.09,1.14
광주,C23 비금속 광물제품 제조업,2023,857,0.13,0.46,0.27
광주,C24 1차 금속 제조업,2023,2036,0.3,0.67,0.45
광주,C25 금속가공제품 제조업; 기계 및 가구 제외,2023,8037,1.18,1.74,0.68
광주,C26 전자부품 컴퓨터 영상 음향 및 통신장비 제조업,2023,7479,1.1,1.56,0.71
광주,C27 의료 정밀 광학기기 및 시계 제조업,2023,2987,0.44,0.59,0.75
광주,C28 전기장비 제조업,2023,9221,1.36,1.09,1.24
광주,C29 기타 기계 및 장비 제조업,2023,11159,1.64,1.96,0.84
광주,C30 자동차 및 트레일러 제조업,2023,16678,2.46,1.43,1.71
광주,C31 기타 운송장비 제조업,2023,68,0.01,0.54,0.02
광주,C32 가구 제조업,2023,1127,0.17,0.25,0.66
광주,C33 기타 제품 제조업,2023,1245,0.18,0.29,0.62
광주,C34 산업용 기계 및 장비 수리업,2023,629,0.09,0.26,0.35
광주,D35 전기 가스 증기 및 공기조절 공급업,2023,3354,0.49,0.69,0.72
광주,E36 수도업,2023,644,0.09,0.08,1.22
광주,E37 하수 폐수 및 분뇨 처리업,2023,296,0.04,0.09,0.51
광주,E38 폐기물 수집 운반 처리 및 원료 재생업,2023,1737,0.26,0.35,0.74
광주,E39 환경 정화 및 복원업,2023,88,0.01,0.01,1.91
광주,F41 종합 건설업,2023,18322,2.7,1.8,1.5
광주,F42 전문직별 공사업,2023,54549,8.04,5.76,1.4
광주,G45 자동차 및 부품 판매업,2023,4938,0.73,0.52,1.39
광주,G46 도매 및 상품 중개업,2023,34706,5.11,5.69,0.9
광주,G47 소매업; 자동차 제외,2023,52192,7.69,7.83,0.98
광주,H49 육상운송 및 파이프라인 운송업,2023,34161,5.03,4.09,1.23
광주,H50 수상 운송업,2023,16,0.0,0.09,0.03
광주,H51 항공 운송업,2023,41,0.01,0.13,0.05
광주,H52 창고 및 운송관련 서비스업,2023,4438,0.65,1.3,0.5
광주,I55 숙박업,2023,2071,0.31,0.72,0.43
광주,I56 음식점 및 주점업,2023,57223,8.43,8.32,1.01
광주,J58 출판업,2023,3696,0.54,1.66,0.33
광주,J59 영상ㆍ오디오 기록물 제작 및 배급업,2023,1447,0.21,0.33,0.64
광주,J60 방송업,2023,687,0.1,0.12,0.87
광주,J61 우편 및 통신업,2023,2772,0.41,0.36,1.14
광주,J62 컴퓨터 프로그래밍 시스템 통합 및 관리업,2023,1595,0.24,0.67,0.35
광주,J63 정보서비스업,2023,422,0.06,0.3,0.21
광주,K64 금융업,2023,6600,0.97,1.2,0.81
광주,K65 보험 및 연금업,2023,7484,1.1,0.81,1.37
광주,K66 금융 및 보험 관련 서비스업,2023,7747,1.14,0.87,1.31
광주,L68 부동산업,2023,22009,3.24,2.65,1.22
광주,M70 연구개발업,2023,2360,0.35,1.22,0.28
광주,M71 전문 서비스업,2023,14528,2.14,2.52,0.85
광주,M72 건축기술 엔지니어링 및 기타 과학기술 서비스업,2023,9904,1.46,1.66,0.88
광주,M73 기타 전문 과학 및 기술 서비스업,2023,2487,0.37,0.47,0.79
광주,N74 사업시설 관리 및 조경 서비스업,2023,7497,1.1,1.39,0.79
광주,N75 사업지원 서비스업,2023,23746,3.5,3.55,0.98
광주,N76 임대업; 부동산 제외,2023,1826,0.27,0.31,0.85
광주,O84 공공행정 국방 및 사회보장 행정,2023,23161,3.41,3.53,0.97
광주,P85 교육 서비스업,2023,52509,7.74,6.75,1.15
광주,Q86 보건업,2023,44749,6.6,4.64,1.42
광주,Q87 사회복지 서비스업,2023,48709,7.18,5.45,1.32
광주,R90 창작 예술 및 여가관련 서비스업,2023,3860,0.57,0.5,1.13
광주,R91 스포츠 및 오락관련 서비스업,2023,7898,1.16,1.29,0.9
광주,S94 협회 및 단체,2023,6828,1.01,1.08,0.93
광주,S95 개인 및 소비용품 수리업,2023,7581,1.12,0.86,1.3
광주,S96 기타 개인 서비스업,2023,14985,2.21,1.69,1.3
대구,A01 농업,2020,320,0.03,0.18,0.17
대구,A02 임업,2020,146,0.01,0.05,0.31
대구,B07 비금속광물 광업; 연료용 제외,2020,31,0.0,0.05,0.06
대구,C10 식료품 제조업,2020,10412,1.03,1.49,0.69
대구,C11 음료 제조업,2020,764,0.08,0.08,0.93
대구,C13 섬유제품 제조업; 의복제외,2020,22489,2.23,0.6,3.68
대구,C14 의복 의복 액세서리 및 모피제품 제조업,2020,5176,0.51,0.52,0.99
대구,C15 가죽 가방 및 신발 제조업,2020,449,0.04,0.14,0.33
대구,C16 목재 및 나무제품 제조업; 가구 제외,2020,985,0.1,0.17,0.59
대구,C17 펄프 종이 및 종이제품 제조업,2020,4009,0.4,0.34,1.16
대구,C18 인쇄 및 기록매체 복제업,2020,3741,0.37,0.31,1.2
대구,C19 코크스 연탄 및 석유정제품 제조업,2020,18,0.0,0.05,0.03
대구,C20 화학물질 및 화학제품 제조업; 의약품 제외,2020,2303,0.23,0.76,0.3
대구,C21 의료용 물질 및 의약품 제조업,2020,709,0.07,0.22,0.32
대구,C22 고무 및 플라스틱제품 제조업,2020,11848,1.17,1.18,1.0
대구,C23 비금속 광물제품 제조업,2020,1727,0.17,0.49,0.35
대구,C24 1차 금속 제조업,2020,3776,0.37,0.66,0.56
대구,C25 금속가공제품 제조업; 기계 및 가구 제외,2020,36111,3.57,1.9,1.88
대구,C26 전자부품 컴퓨터 영상 음향 및 통신장비 제조업,2020,4331,0.43,1.61,0.27
대구,C27 의료 정밀 광학기기 및 시계 제조업,2020,8099,0.8,0.59,1.35
대구,C28 전기장비 제조업,2020,9416,0.93,1.15,0.81
대구,C29 기타 기계 및 장비 제조업,2020,22673,2.24,2.04,1.1
대구,C30 자동차 및 트레일러 제조업,2020,17737,1.76,1.46,1.21
대구,C31 기타 운송장비 제조업,2020,492,0.05,0.52,0.09
대구,C32 가구 제조업,2020,1724,0.17,0.29,0.59
대구,C33 기타 제품 제조업,2020,2942,0.29,0.34,0.86
대구,C34 산업용 기계 및 장비 수리업,2020,1451,0.14,0.25,0.58
대구,D35 전기 가스 증기 및 공기조절 공급업,2020,3626,0.36,0.57,0.63
대구,E36 수도업,2020,1091,0.11,0.08,1.36
대구,E37 하수 폐수 및 분뇨 처리업,2020,986,0.1,0.09,1.09
대구,E38 폐기물 수집 운반 처리 및 원료 재생업,2020,2359,0.23,0.34,0.69
대구,F41 종합 건설업,2020,18374,1.82,2.19,0.83
대구,F42 전문직별 공사업,2020,68665,6.79,6.51,1.04
대구,G45 자동차 및 부품 판매업,2020,6590,0.65,0.56,1.17
대구,G46 도매 및 상품 중개업,2020,66152,6.55,6.6,0.99
대구,G47 소매업; 자동차 제외,2020,89243,8.83,7.71,1.15
대구,H49 육상운송 및 파이프라인 운송업,2020,48607,4.81,3.91,1.23
대구,H50 수상 운송업,2020,5,0.0,0.09,0.01
대구,H51 항공 운송업,2020,52,0.01,0.14,0.04
대구,H52 창고 및 운송관련 서비스업,2020,6339,0.63,1.21,0.52
대구,I55 숙박업,2020,3249,0.32,0.7,0.46
대구,I56 음식점 및 주점업,2020,84778,8.39,7.74,1.08
대구,J58 출판업,2020,6601,0.65,1.48,0.44
대구,J59 영상ㆍ오디오 기록물 제작 및 배급업,2020,950,0.09,0.27,0.35
대구,J60 방송업,2020,819,0.08,0.12,0.69
대구,J61 우편 및 통신업,2020,3695,0.37,0.36,1.01
대구,J62 컴퓨터 프로그래밍 시스템 통합 및 관리업,2020,2868,0.28,0.62,0.46
대구,J63 정보서비스업,2020,722,0.07,0.27,0.26
대구,K64 금융업,2020,11424,1.13,1.2,0.94
대구,K65 보험 및 연금업,2020,10815,1.07,0.9,1.19
대구,K66 금융 및 보험 관련 서비스업,2020,9778,0.97,0.83,1.16
대구,L68 부동산업,2020,29296,2.9,2.76,1.05
대구,M70 연구개발업,2020,3524,0.35,1.13,0.31
대구,M71 전문 서비스업,2020,15154,1.5,2.35,0.64
대구,M72 건축기술 엔지니어링 및 기타 과학기술 서비스업,2020,11713,1.16,1.55,0.75
대구,M73 기타 전문 과학 및 기술 서비스업,2020,3792,0.38,0.48,0.79
대구,N74 사업시설 관리 및 조경 서비스업,2020,7428,0.74,1.34,0.55
대구,N75 사업지원 서비스업,2020,33736,3.34,3.65,0.91
대구,N76 임대업; 부동산 제외,2020,2699,0.27,0.32,0.84
대구,O84 공공행정 국방 및 사회보장 행정,2020,31333,3.1,3.33,0.93
대구,P85 교육 서비스업,2020,80049,7.92,6.66,1.19
대구,Q86 보건업,2020,60250,5.96,4.4,1.36
대구,Q87 사회복지 서비스업,2020,51923,5.14,4.67,1.1
대구,R90 창작 예술 및 여가관련 서비스업,2020,4302,0.43,0.49,0.87
대구,R91 스포츠 및 오락관련 서비스업,2020,11173,1.11,1.21,0.92
대구,S94 협회 및 단체,2020,9573,0.95,1.05,0.9
대구,S95 개인 및 소비용품 수리업,2020,12541,1.24,0.96,1.29
대구,S96 기타 개인 서비스업,2020,20404,2.02,1.68,1.2
대구,A01 농업,2021,262,0.03,0.19,0.14
대구,A02 임업,2021,127,0.01,0.04,0.28
대구,B07 비금속광물 광업; 연료용 제외,2021,23,0.0,0.05,0.05
대구,C10 식료품 제조업,2021,10515,1.05,1.5,0.7
대구,C11 음료 제조업,2021,510,0.05,0.08,0.62
대구,C13 섬유제품 제조업; 의복제외,2021,21500,2.14,0.57,3.77
대구,C14 의복 의복 액세서리 및 모피제품 제조업,2021,5099,0.51,0.49,1.05
대구,C15 가죽 가방 및 신발 제조업,2021,441,0.04,0.13,0.35
대구,C16 목재 및 나무제품 제조업; 가구 제외,2021,946,0.09,0.16,0.59
대구,C17 펄프 종이 및 종이제품 제조업,2021,3950,0.39,0.34,1.15
대구,C18 인쇄 및 기록매체 복제업,2021,3511,0.35,0.29,1.2
대구,C19 코크스 연탄 및 석유정제품 제조업,2021,15,0.0,0.06,0.03
대구,C20 화학물질 및 화학제품 제조업; 의약품 제외,2021,2238,0.22,0.78,0.29
대구,C21 의료용 물질 및 의약품 제조업,2021,763,0.08,0.24,0.32
대구,C22 고무 및 플라스틱제품 제조업,2021,11866,1.18,1.15,1.02
대구,C23 비금속 광물제품 제조업,2021,1778,0.18,0.48,0.37
대구,C24 1차 금속 제조업,2021,3626,0.36,0.67,0.54
대구,C25 금속가공제품 제조업; 기계 및 가구 제외,2021,34811,3.47,1.81,1.91
대구,C26 전자부품 컴퓨터 영상 음향 및 통신장비 제조업,2021,4325,0.43,1.64,0.26
대구,C27 의료 정밀 광학기기 및 시계 제조업,2021,7989,0.8,0.59,1.35
대구,C28 전기장비 제조업,2021,9712,0.97,1.14,0.84
대구,C29 기타 기계 및 장비 제조업,2021,22188,2.21,2.01,1.1
대구,C30 자동차 및 트레일러 제조업,2021,17772,1.77,1.43,1.24
대구,C31 기타 운송장비 제조업,2021,514,0.05,0.51,0.1
대구,C32 가구 제조업,2021,1638,0.16,0.27,0.6
대구,C33 기타 제품 제조업,2021,2704,0.27,0.32,0.83
대구,C34 산업용 기계 및 장비 수리업,2021,1417,0.14,0.24,0.58
대구,D35 전기 가스 증기 및 공기조절 공급업,2021,3308,0.33,0.63,0.52
대구,E36 수도업,2021,1065,0.11,0.08,1.31
대구,E37 하수 폐수 및 분뇨 처리업,2021,1090,0.11,0.09,1.17
대구,E38 폐기물 수집 운반 처리 및 원료 재생업,2021,2333,0.23,0.35,0.66
대구,F41 종합 건설업,2021,17749,1.77,1.98,0.89
대구,F42 전문직별 공사업,2021,57604,5.73,5.99,0.96
대구,G45 자동차 및 부품 판매업,2021,6406,0.64,0.56,1.13
대구,G46 도매 및 상품 중개업,2021,63098,6.28,6.27,1.0
대구,G47 소매업; 자동차 제외,2021,89681,8.93,7.88,1.13
대구,H49 육상운송 및 파이프라인 운송업,2021,49672,4.94,3.99,1.24
대구,H50 수상 운송업,2021,5,0.0,0.09,0.01
대구,H51 항공 운송업,2021,109,0.01,0.12,0.09
대구,H52 창고 및 운송관련 서비스업,2021,6436,0.64,1.26,0.51
대구,I55 숙박업,2021,3529,0.35,0.68,0.51
대구,I56 음식점 및 주점업,2021,85279,8.49,7.77,1.09
대구,J58 출판업,2021,7262,0.72,1.58,0.46
대구,J59 영상ㆍ오디오 기록물 제작 및 배급업,2021,1202,0.12,0.31,0.39
대구,J60 방송업,2021,754,0.08,0.12,0.6
대구,J61 우편 및 통신업,2021,3562,0.35,0.36,0.97
대구,J62 컴퓨터 프로그래밍 시스템 통합 및 관리업,2021,3103,0.31,0.66,0.47
대구,J63 정보서비스업,2021,681,0.07,0.3,0.23
대구,K64 금융업,2021,11441,1.14,1.21,0.94
대구,K65 보험 및 연금업,2021,10619,1.06,0.91,1.16
대구,K66 금융 및 보험 관련 서비스업,2021,9672,0.96,0.85,1.14
대구,L68 부동산업,2021,30461,3.03,2.82,1.08
대구,M70 연구개발업,2021,3662,0.36,1.2,0.3
대구,M71 전문 서비스업,2021,15234,1.52,2.35,0.65
대구,M72 건축기술 엔지니어링 및 기타 과학기술 서비스업,2021,11918,1.19,1.6,0.74
대구,M73 기타 전문 과학 및 기술 서비스업,2021,3768,0.38,0.49,0.77
대구,N74 사업시설 관리 및 조경 서비스업,2021,7988,0.8,1.32,0.6
대구,N75 사업지원 서비스업,2021,32541,3.24,3.58,0.9
대구,N76 임대업; 부동산 제외,2021,2603,0.26,0.32,0.81
대구,O84 공공행정 국방 및 사회보장 행정,2021,33157,3.3,3.47,0.95
대구,P85 교육 서비스업,2021,81948,8.16,6.77,1.21
대구,Q86 보건업,2021,61539,6.13,4.5,1.36
대구,Q87 사회복지 서비스업,2021,57040,5.68,4.96,1.15
대구,R90 창작 예술 및 여가관련 서비스업,2021,4484,0.45,0.49,0.91
대구,R91 스포츠 및 오락관련 서비스업,2021,10948,1.09,1.2,0.91
대구,S94 협회 및 단체,2021,9343,0.93,1.04,0.89
대구,S95 개인 및 소비용품 수리업,2021,11800,1.17,0.92,1.27
대구,S96 기타 개인 서비스업,2021,20229,2.01,1.66,1.21
대구,A01 농업,2022,249,0.02,0.19,0.13
대구,A02 임업,2022,144,0.01,0.05,0.3
대구,B07 비금속광물 광업; 연료용 제외,2022,19,0.0,0.05,0.04
대구,C10 식료품 제조업,2022,10764,1.06,1.5,0.71
대구,C11 음료 제조업,2022,466,0.05,0.08,0.56
대구,C13 섬유제품 제조업; 의복제외,2022,21210,2.09,0.54,3.85
대구,C14 의복 의복 액세서리 및 모피제품 제조업,2022,5187,0.51,0.47,1.08
대구,C15 가죽 가방 및 신발 제조업,2022,487,0.05,0.12,0.39
대구,C16 목재 및 나무제품 제조업; 가구 제외,2022,914,0.09,0.16,0.56
대구,C17 펄프 종이 및 종이제품 제조업,2022,3857,0.38,0.34,1.13
대구,C18 인쇄 및 기록매체 복제업,2022,3378,0.33,0.28,1.17
대구,C19 코크스 연탄 및 석유정제품 제조업,2022,38,0.0,0.05,0.07
대구,C20 화학물질 및 화학제품 제조업; 의약품 제외,2022,2190,0.22,0.78,0.28
대구,C21 의료용 물질 및 의약품 제조업,2022,783,0.08,0.25,0.31
대구,C22 고무 및 플라스틱제품 제조업,2022,11530,1.14,1.13,1.01
대구,C23 비금속 광물제품 제조업,2022,1820,0.18,0.48,0.37
대구,C24 1차 금속 제조업,2022,3642,0.36,0.67,0.53
대구,C25 금속가공제품 제조업; 기계 및 가구 제외,2022,34277,3.38,1.8,1.88
대구,C26 전자부품 컴퓨터 영상 음향 및 통신장비 제조업,2022,4323,0.43,1.62,0.26
대구,C27 의료 정밀 광학기기 및 시계 제조업,2022,8139,0.8,0.59,1.35
대구,C28 전기장비 제조업,2022,10109,1.0,1.14,0.88
대구,C29 기타 기계 및 장비 제조업,2022,22425,2.21,2.02,1.09
대구,C30 자동차 및 트레일러 제조업,2022,17689,1.74,1.47,1.18
대구,C31 기타 운송장비 제조업,2022,497,0.05,0.52,0.09
대구,C32 가구 제조업,2022,1531,0.15,0.27,0.56
대구,C33 기타 제품 제조업,2022,2657,0.26,0.32,0.83
대구,C34 산업용 기계 및 장비 수리업,2022,1384,0.14,0.25,0.53
대구,D35 전기 가스 증기 및 공기조절 공급업,2022,3391,0.33,0.64,0.52
대구,E36 수도업,2022,1121,0.11,0.08,1.38
대구,E37 하수 폐수 및 분뇨 처리업,2022,870,0.09,0.09,0.97
대구,E38 폐기물 수집 운반 처리 및 원료 재생업,2022,2507,0.25,0.36,0.69
대구,F41 종합 건설업,2022,18046,1.78,1.98,0.9
대구,F42 전문직별 공사업,2022,57185,5.63,5.77,0.98
대구,G45 자동차 및 부품 판매업,2022,5982,0.59,0.53,1.11
대구,G46 도매 및 상품 중개업,2022,58901,5.8,5.81,1.0
대구,G47 소매업; 자동차 제외,2022,90510,8.92,7.85,1.14
대구,H49 육상운송 및 파이프라인 운송업,2022,50601,4.99,4.02,1.24
대구,H50 수상 운송업,2022,8,0.0,0.09,0.01
대구,H51 항공 운송업,2022,83,0.01,0.12,0.07
대구,H52 창고 및 운송관련 서비스업,2022,6235,0.61,1.26,0.49
대구,I55 숙박업,2022,3598,0.35,0.69,0.51
대구,I56 음식점 및 주점업,2022,88943,8.76,8.09,1.08
대구,J58 출판업,2022,7398,0.73,1.67,0.44
대구,J59 영상ㆍ오디오 기록물 제작 및 배급업,2022,1422,0.14,0.33,0.43
대구,J60 방송업,2022,764,0.08,0.12,0.63
대구,J61 우편 및 통신업,2022,3431,0.34,0.37,0.92
대구,J62 컴퓨터 프로그래밍 시스템 통합 및 관리업,2022,3182,0.31,0.67,0.47
대구,J63 정보서비스업,2022,734,0.07,0.31,0.23
대구,K64 금융업,2022,11038,1.09,1.2,0.91
대구,K65 보험 및 연금업,2022,10862,1.07,0.87,1.23
대구,K66 금융 및 보험 관련 서비스업,2022,10610,1.05,0.83,1.26
대구,L68 부동산업,2022,29852,2.94,2.74,1.07
대구,M70 연구개발업,2022,3705,0.37,1.24,0.29
대구,M71 전문 서비스업,2022,15436,1.52,2.39,0.64
대구,M72 건축기술 엔지니어링 및 기타 과학기술 서비스업,2022,11782,1.16,1.6,0.73
대구,M73 기타 전문 과학 및 기술 서비스업,2022,3661,0.36,0.48,0.76
대구,N74 사업시설 관리 및 조경 서비스업,2022,10152,1.0,1.31,0.76
대구,N75 사업지원 서비스업,2022,33739,3.32,3.55,0.94
대구,N76 임대업; 부동산 제외,2022,2414,0.24,0.3,0.79
대구,O84 공공행정 국방 및 사회보장 행정,2022,33250,3.28,3.53,0.93
대구,P85 교육 서비스업,2022,83096,8.19,6.83,1.2
대구,Q86 보건업,2022,63920,6.3,4.59,1.37
대구,Q87 사회복지 서비스업,2022,60210,5.93,5.15,1.15
대구,R90 창작 예술 및 여가관련 서비스업,2022,4332,0.43,0.49,0.88
대구,R91 스포츠 및 오락관련 서비스업,2022,11305,1.11,1.27,0.87
대구,S94 협회 및 단체,2022,8961,0.88,1.02,0.87
대구,S95 개인 및 소비용품 수리업,2022,11406,1.12,0.88,1.27
대구,S96 기타 개인 서비스업,2022,20635,2.03,1.7,1.19
대구,A01 농업,2023,373,0.04,0.19,0.19
대구,A02 임업,2023,202,0.02,0.05,0.42
대구,B07 비금속광물 광업; 연료용 제외,2023,83,0.01,0.04,0.18
대구,C10 식료품 제조업,2023,10989,1.07,1.47,0.73
대구,C11 음료 제조업,2023,379,0.04,0.08,0.45
대구,C13 섬유제품 제조업; 의복제외,2023,19848,1.93,0.5,3.89
대구,C14 의복 의복 액세서리 및 모피제품 제조업,2023,4214,0.41,0.43,0.96
대구,C15 가죽 가방 및 신발 제조업,2023,425,0.04,0.11,0.39
대구,C16 목재 및 나무제품 제조업; 가구 제외,2023,845,0.08,0.15,0.54
대구,C17 펄프 종이 및 종이제품 제조업,2023,4015,0.39,0.33,1.17
대구,C18 인쇄 및 기록매체 복제업,2023,3255,0.32,0.27,1.18
대구,C19 코크스 연탄 및 석유정제품 제조업,2023,58,0.01,0.05,0.11
대구,C20 화학물질 및 화학제품 제조업; 의약품 제외,2023,2188,0.21,0.75,0.28
대구,C21 의료용 물질 및 의약품 제조업,2023,733,0.07,0.25,0.29
대구,C22 고무 및 플라스틱제품 제조업,2023,11154,1.08,1.09,1.0
대구,C23 비금속 광물제품 제조업,2023,1854,0.18,0.46,0.39
대구,C24 1차 금속 제조업,2023,3727,0.36,0.67,0.54
대구,C25 금속가공제품 제조업; 기계 및 가구 제외,2023,33807,3.29,1.74,1.88
대구,C26 전자부품 컴퓨터 영상 음향 및 통신장비 제조업,2023,4479,0.44,1.56,0.28
대구,C27 의료 정밀 광학기기 및 시계 제조업,2023,8034,0.78,0.59,1.33
대구,C28 전기장비 제조업,2023,9694,0.94,1.09,0.86
대구,C29 기타 기계 및 장비 제조업,2023,21876,2.13,1.96,1.08
대구,C30 자동차 및 트레일러 제조업,2023,17577,1.71,1.43,1.19
대구,C31 기타 운송장비 제조업,2023,459,0.04,0.54,0.08
대구,C32 가구 제조업,2023,1373,0.13,0.25,0.53
대구,C33 기타 제품 제조업,2023,2644,0.26,0.29,0.87
대구,C34 산업용 기계 및 장비 수리업,2023,1337,0.13,0.26,0.5
대구,D35 전기 가스 증기 및 공기조절 공급업,2023,4014,0.39,0.69,0.57
대구,E36 수도업,2023,1100,0.11,0.08,1.37
대구,E37 하수 폐수 및 분뇨 처리업,2023,884,0.09,0.09,1.01
대구,E38 폐기물 수집 운반 처리 및 원료 재생업,2023,2686,0.26,0.35,0.75
대구,F41 종합 건설업,2023,16588,1.61,1.8,0.9
대구,F42 전문직별 공사업,2023,56550,5.5,5.76,0.95
대구,G45 자동차 및 부품 판매업,2023,5993,0.58,0.52,1.11
대구,G46 도매 및 상품 중개업,2023,59411,5.77,5.69,1.01
대구,G47 소매업; 자동차 제외,2023,90430,8.79,7.83,1.12
대구,H49 육상운송 및 파이프라인 운송업,2023,51179,4.97,4.09,1.22
대구,H50 수상 운송업,2023,5,0.0,0.09,0.01
대구,H51 항공 운송업,2023,62,0.01,0.13,0.05
대구,H52 창고 및 운송관련 서비스업,2023,8411,0.82,1.3,0.63
대구,I55 숙박업,2023,4343,0.42,0.72,0.59
대구,I56 음식점 및 주점업,2023,93358,9.07,8.32,1.09
대구,J58 출판업,2023,7575,0.74,1.66,0.44
대구,J59 영상ㆍ오디오 기록물 제작 및 배급업,2023,1500,0.15,0.33,0.44
대구,J60 방송업,2023,767,0.07,0.12,0.64
대구,J61 우편 및 통신업,2023,3545,0.34,0.36,0.96
대구,J62 컴퓨터 프로그래밍 시스템 통합 및 관리업,2023,2804,0.27,0.67,0.41
대구,J63 정보서비스업,2023,733,0.07,0.3,0.24
대구,K64 금융업,2023,10802,1.05,1.2,0.87
대구,K65 보험 및 연금업,2023,10275,1.0,0.81,1.24
대구,K66 금융 및 보험 관련 서비스업,2023,11296,1.1,0.87,1.26
대구,L68 부동산업,2023,28935,2.81,2.65,1.06
대구,M70 연구개발업,2023,3894,0.38,1.22,0.31
대구,M71 전문 서비스업,2023,17055,1.66,2.52,0.66
대구,M72 건축기술 엔지니어링 및 기타 과학기술 서비스업,2023,11801,1.15,1.66,0.69
대구,M73 기타 전문 과학 및 기술 서비스업,2023,3717,0.36,0.47,0.78
대구,N74 사업시설 관리 및 조경 서비스업,2023,9484,0.92,1.39,0.66
대구,N75 사업지원 서비스업,2023,33532,3.26,3.55,0.92
대구,N76 임대업; 부동산 제외,2023,2772,0.27,0.31,0.86
대구,O84 공공행정 국방 및 사회보장 행정,2023,35600,3.46,3.53,0.98
대구,P85 교육 서비스업,2023,82152,7.99,6.75,1.18
대구,Q86 보건업,2023,65816,6.4,4.64,1.38
대구,Q87 사회복지 서비스업,2023,66288,6.44,5.45,1.18
대구,R90 창작 예술 및 여가관련 서비스업,2023,4457,0.43,0.5,0.86
대구,R91 스포츠 및 오락관련 서비스업,2023,11798,1.15,1.29,0.89
대구,S94 협회 및 단체,2023,9719,0.94,1.08,0.87
대구,S95 개인 및 소비용품 수리업,2023,11315,1.1,0.86,1.28
대구,S96 기타 개인 서비스업,2023,20516,1.99,1.69,1.18
대전,A01 농업,2020,458,0.07,0.18,0.36
대전,A02 임업,2020,30,0.0,0.05,0.09
대전,A03 어업,2020,16,0.0,0.03,0.08
대전,B07 비금속광물 광업; 연료용 제외,2020,17,0.0,0.05,0.05
대전,C10 식료품 제조업,2020,6589,0.95,1.49,0.64
대전,C11 음료 제조업,2020,393,0.06,0.08,0.7
대전,C12 담배 제조업,2020,930,0.13,0.01,12.86
대전,C13 섬유제품 제조업; 의복제외,2020,1950,0.28,0.6,0.47
대전,C14 의복 의복 액세서리 및 모피제품 제조업,2020,1654,0.24,0.52,0.46
대전,C15 가죽 가방 및 신발 제조업,2020,281,0.04,0.14,0.3
대전,C16 목재 및 나무제품 제조업; 가구 제외,2020,423,0.06,0.17,0.37
대전,C17 펄프 종이 및 종이제품 제조업,2020,1975,0.29,0.34,0.84
대전,C18 인쇄 및 기록매체 복제업,2020,1805,0.26,0.31,0.85
대전,C19 코크스 연탄 및 석유정제품 제조업,2020,41,0.01,0.05,0.11
대전,C20 화학물질 및 화학제품 제조업; 의약품 제외,2020,4537,0.66,0.76,0.86
대전,C21 의료용 물질 및 의약품 제조업,2020,1726,0.25,0.22,1.13
대전,C22 고무 및 플라스틱제품 제조업,2020,4395,0.64,1.18,0.54
대전,C23 비금속 광물제품 제조업,2020,1153,0.17,0.49,0.34
대전,C24 1차 금속 제조업,2020,777,0.11,0.66,0.17
대전,C25 금속가공제품 제조업; 기계 및 가구 제외,2020,5357,0.78,1.9,0.41
대전,C26 전자부품 컴퓨터 영상 음향 및 통신장비 제조업,2020,6017,0.87,1.61,0.54
대전,C27 의료 정밀 광학기기 및 시계 제조업,2020,7499,1.09,0.59,1.83
대전,C28 전기장비 제조업,2020,3369,0.49,1.15,0.43
대전,C29 기타 기계 및 장비 제조업,2020,9442,1.37,2.04,0.67
대전,C30 자동차 및 트레일러 제조업,2020,2627,0.38,1.46,0.26
대전,C31 기타 운송장비 제조업,2020,796,0.12,0.52,0.22
대전,C32 가구 제조업,2020,1024,0.15,0.29,0.51
대전,C33 기타 제품 제조업,2020,2332,0.34,0.34,0.99
대전,C34 산업용 기계 및 장비 수리업,2020,743,0.11,0.25,0.44
대전,D35 전기 가스 증기 및 공기조절 공급업,2020,2064,0.3,0.57,0.52
대전,E36 수도업,2020,2139,0.31,0.08,3.89
대전,E37 하수 폐수 및 분뇨 처리업,2020,337,0.05,0.09,0.54
대전,E38 폐기물 수집 운반 처리 및 원료 재생업,2020,1648,0.24,0.34,0.7
대전,F41 종합 건설업,2020,15798,2.29,2.19,1.04
대전,F42 전문직별 공사업,2020,47149,6.82,6.51,1.05
대전,G45 자동차 및 부품 판매업,2020,4550,0.66,0.56,1.18
대전,G46 도매 및 상품 중개업,2020,39812,5.76,6.6,0.87
대전,G47 소매업; 자동차 제외,2020,61140,8.85,7.71,1.15
대전,H49 육상운송 및 파이프라인 운송업,2020,29533,4.27,3.91,1.09
대전,H52 창고 및 운송관련 서비스업,2020,5108,0.74,1.21,0.61
대전,I55 숙박업,2020,2379,0.34,0.7,0.49
대전,I56 음식점 및 주점업,2020,55980,8.1,7.74,1.05
대전,J58 출판업,2020,8697,1.26,1.48,0.85
대전,J59 영상ㆍ오디오 기록물 제작 및 배급업,2020,720,0.1,0.27,0.39
대전,J60 방송업,2020,641,0.09,0.12,0.79
대전,J61 우편 및 통신업,2020,2734,0.4,0.36,1.09
대전,J62 컴퓨터 프로그래밍 시스템 통합 및 관리업,2020,4316,0.62,0.62,1.01
대전,J63 정보서비스업,2020,1761,0.25,0.27,0.94
대전,K64 금융업,2020,6257,0.91,1.2,0.75
대전,K65 보험 및 연금업,2020,8010,1.16,0.9,1.28
대전,K66 금융 및 보험 관련 서비스업,2020,5623,0.81,0.83,0.97
대전,L68 부동산업,2020,18133,2.62,2.76,0.95
대전,M70 연구개발업,2020,29665,4.29,1.13,3.79
대전,M71 전문 서비스업,2020,13160,1.9,2.35,0.81
대전,M72 건축기술 엔지니어링 및 기타 과학기술 서비스업,2020,10327,1.49,1.55,0.97
대전,M73 기타 전문 과학 및 기술 서비스업,2020,2687,0.39,0.48,0.82
대전,N74 사업시설 관리 및 조경 서비스업,2020,9458,1.37,1.34,1.02
대전,N75 사업지원 서비스업,2020,31423,4.55,3.65,1.24
대전,N76 임대업; 부동산 제외,2020,1970,0.29,0.32,0.9
대전,O84 공공행정 국방 및 사회보장 행정,2020,28594,4.14,3.33,1.24
대전,P85 교육 서비스업,2020,57803,8.36,6.66,1.26
대전,Q86 보건업,2020,36189,5.24,4.4,1.19
대전,Q87 사회복지 서비스업,2020,37324,5.4,4.67,1.16
대전,R90 창작 예술 및 여가관련 서비스업,2020,3107,0.45,0.49,0.92
대전,R91 스포츠 및 오락관련 서비스업,2020,8060,1.17,1.21,0.97
대전,S94 협회 및 단체,2020,7768,1.12,1.05,1.07
대전,S95 개인 및 소비용품 수리업,2020,7845,1.14,0.96,1.18
대전,S96 기타 개인 서비스업,2020,12811,1.85,1.68,1.1
대전,A01 농업,2021,370,0.05,0.19,0.28
대전,A02 임업,2021,27,0.0,0.04,0.09
대전,A03 어업,2021,6,0.0,0.03,0.03
대전,B07 비금속광물 광업; 연료용 제외,2021,20,0.0,0.05,0.06
대전,C10 식료품 제조업,2021,6512,0.95,1.5,0.63
대전,C11 음료 제조업,2021,352,0.05,0.08,0.62
대전,C12 담배 제조업,2021,916,0.13,0.01,12.75
대전,C13 섬유제품 제조업; 의복제외,2021,1787,0.26,0.57,0.46
대전,C14 의복 의복 액세서리 및 모피제품 제조업,2021,1525,0.22,0.49,0.46
대전,C15 가죽 가방 및 신발 제조업,2021,227,0.03,0.13,0.26
대전,C16 목재 및 나무제품 제조업; 가구 제외,2021,410,0.06,0.16,0.37
대전,C17 펄프 종이 및 종이제품 제조업,2021,1952,0.28,0.34,0.83
대전,C18 인쇄 및 기록매체 복제업,2021,1678,0.24,0.29,0.84
대전,C19 코크스 연탄 및 석유정제품 제조업,2021,46,0.01,0.06,0.12
대전,C20 화학물질 및 화학제품 제조업; 의약품 제외,2021,4588,0.67,0.78,0.86
대전,C21 의료용 물질 및 의약품 제조업,2021,1885,0.27,0.24,1.15
대전,C22 고무 및 플라스틱제품 제조업,2021,4642,0.67,1.15,0.58
대전,C23 비금속 광물제품 제조업,2021,1084,0.16,0.48,0.33
대전,C24 1차 금속 제조업,2021,804,0.12,0.67,0.17
대전,C25 금속가공제품 제조업; 기계 및 가구 제외,2021,5333,0.77,1.81,0.43
대전,C26 전자부품 컴퓨터 영상 음향 및 통신장비 제조업,2021,6191,0.9,1.64,0.55
대전,C27 의료 정밀 광학기기 및 시계 제조업,2021,7249,1.05,0.59,1.79
대전,C28 전기장비 제조업,2021,3164,0.46,1.14,0.4
대전,C29 기타 기계 및 장비 제조업,2021,9152,1.33,2.01,0.66
대전,C30 자동차 및 트레일러 제조업,2021,2332,0.34,1.43,0.24
대전,C31 기타 운송장비 제조업,2021,1257,0.18,0.51,0.36
대전,C32 가구 제조업,2021,1020,0.15,0.27,0.54
대전,C33 기타 제품 제조업,2021,2221,0.32,0.32,1.0
대전,C34 산업용 기계 및 장비 수리업,2021,852,0.12,0.24,0.51
대전,D35 전기 가스 증기 및 공기조절 공급업,2021,2187,0.32,0.63,0.5
대전,E36 수도업,2021,2365,0.34,0.08,4.24
대전,E37 하수 폐수 및 분뇨 처리업,2021,395,0.06,0.09,0.62
대전,E38 폐기물 수집 운반 처리 및 원료 재생업,2021,1833,0.27,0.35,0.75
대전,F41 종합 건설업,2021,17381,2.53,1.98,1.28
대전,F42 전문직별 공사업,2021,43049,6.25,5.99,1.04
대전,G45 자동차 및 부품 판매업,2021,4710,0.68,0.56,1.21
대전,G46 도매 및 상품 중개업,2021,38158,5.54,6.27,0.88
대전,G47 소매업; 자동차 제외,2021,57702,8.38,7.88,1.06
대전,H49 육상운송 및 파이프라인 운송업,2021,30054,4.37,3.99,1.09
대전,H52 창고 및 운송관련 서비스업,2021,4381,0.64,1.26,0.51
대전,I55 숙박업,2021,2250,0.33,0.68,0.48
대전,I56 음식점 및 주점업,2021,55953,8.13,7.77,1.05
대전,J58 출판업,2021,9126,1.33,1.58,0.84
대전,J59 영상ㆍ오디오 기록물 제작 및 배급업,2021,939,0.14,0.31,0.44
대전,J60 방송업,2021,654,0.1,0.12,0.77
대전,J61 우편 및 통신업,2021,3048,0.44,0.36,1.22
대전,J62 컴퓨터 프로그래밍 시스템 통합 및 관리업,2021,4631,0.67,0.66,1.02
대전,J63 정보서비스업,2021,1661,0.24,0.3,0.81
대전,K64 금융업,2021,6437,0.94,1.21,0.77
대전,K65 보험 및 연금업,2021,8171,1.19,0.91,1.3
대전,K66 금융 및 보험 관련 서비스업,2021,5173,0.75,0.85,0.89
대전,L68 부동산업,2021,18629,2.71,2.82,0.96
대전,M70 연구개발업,2021,31356,4.56,1.2,3.79
대전,M71 전문 서비스업,2021,12454,1.81,2.35,0.77
대전,M72 건축기술 엔지니어링 및 기타 과학기술 서비스업,2021,11020,1.6,1.6,1.0
대전,M73 기타 전문 과학 및 기술 서비스업,2021,2696,0.39,0.49,0.81
대전,N74 사업시설 관리 및 조경 서비스업,2021,9012,1.31,1.32,1.0
대전,N75 사업지원 서비스업,2021,33598,4.88,3.58,1.36
대전,N76 임대업; 부동산 제외,2021,2142,0.31,0.32,0.98
대전,O84 공공행정 국방 및 사회보장 행정,2021,29323,4.26,3.47,1.23
대전,P85 교육 서비스업,2021,58903,8.56,6.77,1.26
대전,Q86 보건업,2021,37147,5.4,4.5,1.2
대전,Q87 사회복지 서비스업,2021,36224,5.26,4.96,1.06
대전,R90 창작 예술 및 여가관련 서비스업,2021,3186,0.46,0.49,0.95
대전,R91 스포츠 및 오락관련 서비스업,2021,7495,1.09,1.2,0.9
대전,S94 협회 및 단체,2021,7267,1.06,1.04,1.01
대전,S95 개인 및 소비용품 수리업,2021,7454,1.08,0.92,1.17
대전,S96 기타 개인 서비스업,2021,12501,1.82,1.66,1.1
대전,A01 농업,2022,309,0.04,0.19,0.23
대전,A02 임업,2022,14,0.0,0.05,0.04
대전,B07 비금속광물 광업; 연료용 제외,2022,18,0.0,0.05,0.06
대전,C10 식료품 제조업,2022,6669,0.96,1.5,0.64
대전,C11 음료 제조업,2022,430,0.06,0.08,0.76
대전,C12 담배 제조업,2022,921,0.13,0.01,12.33
대전,C13 섬유제품 제조업; 의복제외,2022,1724,0.25,0.54,0.46
대전,C14 의복 의복 액세서리 및 모피제품 제조업,2022,1591,0.23,0.47,0.48
대전,C15 가죽 가방 및 신발 제조업,2022,239,0.03,0.12,0.28
대전,C16 목재 및 나무제품 제조업; 가구 제외,2022,388,0.06,0.16,0.35
대전,C17 펄프 종이 및 종이제품 제조업,2022,1980,0.28,0.34,0.85
대전,C18 인쇄 및 기록매체 복제업,2022,1680,0.24,0.28,0.85
대전,C19 코크스 연탄 및 석유정제품 제조업,2022,45,0.01,0.05,0.12
대전,C20 화학물질 및 화학제품 제조업; 의약품 제외,2022,4290,0.62,0.78,0.79
대전,C21 의료용 물질 및 의약품 제조업,2022,1921,0.28,0.25,1.1
대전,C22 고무 및 플라스틱제품 제조업,2022,4903,0.71,1.13,0.62
대전,C23 비금속 광물제품 제조업,2022,1013,0.15,0.48,0.3
대전,C24 1차 금속 제조업,2022,801,0.12,0.67,0.17
대전,C25 금속가공제품 제조업; 기계 및 가구 제외,2022,5788,0.83,1.8,0.46
대전,C26 전자부품 컴퓨터 영상 음향 및 통신장비 제조업,2022,6361,0.91,1.62,0.57
대전,C27 의료 정밀 광학기기 및 시계 제조업,2022,7194,1.03,0.59,1.74
대전,C28 전기장비 제조업,2022,3628,0.52,1.14,0.46
대전,C29 기타 기계 및 장비 제조업,2022,9756,1.4,2.02,0.69
대전,C30 자동차 및 트레일러 제조업,2022,2445,0.35,1.47,0.24
대전,C31 기타 운송장비 제조업,2022,1418,0.2,0.52,0.39
대전,C32 가구 제조업,2022,1019,0.15,0.27,0.55
대전,C33 기타 제품 제조업,2022,2081,0.3,0.32,0.95
대전,C34 산업용 기계 및 장비 수리업,2022,890,0.13,0.25,0.5
대전,D35 전기 가스 증기 및 공기조절 공급업,2022,2008,0.29,0.64,0.45
대전,E36 수도업,2022,2262,0.33,0.08,4.06
대전,E37 하수 폐수 및 분뇨 처리업,2022,330,0.05,0.09,0.54
대전,E38 폐기물 수집 운반 처리 및 원료 재생업,2022,1761,0.25,0.36,0.71
대전,F41 종합 건설업,2022,16202,2.33,1.98,1.18
대전,F42 전문직별 공사업,2022,43840,6.3,5.77,1.09
대전,G45 자동차 및 부품 판매업,2022,4567,0.66,0.53,1.24
대전,G46 도매 및 상품 중개업,2022,36252,5.21,5.81,0.9
대전,G47 소매업; 자동차 제외,2022,57407,8.26,7.85,1.05
대전,H49 육상운송 및 파이프라인 운송업,2022,30654,4.41,4.02,1.1
대전,H52 창고 및 운송관련 서비스업,2022,4164,0.6,1.26,0.48
대전,I55 숙박업,2022,2266,0.33,0.69,0.47
대전,I56 음식점 및 주점업,2022,58929,8.47,8.09,1.05
대전,J58 출판업,2022,10212,1.47,1.67,0.88
대전,J59 영상ㆍ오디오 기록물 제작 및 배급업,2022,1067,0.15,0.33,0.47
대전,J60 방송업,2022,670,0.1,0.12,0.81
대전,J61 우편 및 통신업,2022,2644,0.38,0.37,1.04
대전,J62 컴퓨터 프로그래밍 시스템 통합 및 관리업,2022,4549,0.65,0.67,0.98
대전,J63 정보서비스업,2022,1930,0.28,0.31,0.9
대전,K64 금융업,2022,6196,0.89,1.2,0.74
대전,K65 보험 및 연금업,2022,7658,1.1,0.87,1.26
대전,K66 금융 및 보험 관련 서비스업,2022,5262,0.76,0.83,0.91
대전,L68 부동산업,2022,18164,2.61,2.74,0.95
대전,M70 연구개발업,2022,32122,4.62,1.24,3.73
대전,M71 전문 서비스업,2022,13407,1.93,2.39,0.81
대전,M72 건축기술 엔지니어링 및 기타 과학기술 서비스업,2022,11266,1.62,1.6,1.02
대전,M73 기타 전문 과학 및 기술 서비스업,2022,2466,0.35,0.48,0.75
대전,N74 사업시설 관리 및 조경 서비스업,2022,9200,1.32,1.31,1.01
대전,N75 사업지원 서비스업,2022,33563,4.83,3.55,1.36
대전,N76 임대업; 부동산 제외,2022,2089,0.3,0.3,1.0
대전,O84 공공행정 국방 및 사회보장 행정,2022,29461,4.24,3.53,1.2
대전,P85 교육 서비스업,2022,58902,8.47,6.83,1.24
대전,Q86 보건업,2022,37646,5.41,4.59,1.18
대전,Q87 사회복지 서비스업,2022,38266,5.5,5.15,1.07
대전,R90 창작 예술 및 여가관련 서비스업,2022,3150,0.45,0.49,0.93
대전,R91 스포츠 및 오락관련 서비스업,2022,7998,1.15,1.27,0.9
대전,S94 협회 및 단체,2022,7184,1.03,1.02,1.02
대전,S95 개인 및 소비용품 수리업,2022,7221,1.04,0.88,1.18
대전,S96 기타 개인 서비스업,2022,12945,1.86,1.7,1.09
대전,A01 농업,2023,199,0.03,0.19,0.15
대전,A02 임업,2023,19,0.0,0.05,0.06
대전,B07 비금속광물 광업; 연료용 제외,2023,14,0.0,0.04,0.04
대전,C10 식료품 제조업,2023,6381,0.9,1.47,0.61
대전,C11 음료 제조업,2023,407,0.06,0.08,0.7
대전,C13 섬유제품 제조업; 의복제외,2023,1661,0.23,0.5,0.47
대전,C14 의복 의복 액세서리 및 모피제품 제조업,2023,1348,0.19,0.43,0.44
대전,C15 가죽 가방 및 신발 제조업,2023,210,0.03,0.11,0.28
대전,C16 목재 및 나무제품 제조업; 가구 제외,2023,316,0.04,0.15,0.29
대전,C17 펄프 종이 및 종이제품 제조업,2023,2052,0.29,0.33,0.87
대전,C18 인쇄 및 기록매체 복제업,2023,1645,0.23,0.27,0.87
대전,C19 코크스 연탄 및 석유정제품 제조업,2023,39,0.01,0.05,0.11
대전,C20 화학물질 및 화학제품 제조업; 의약품 제외,2023,4563,0.64,0.75,0.85
대전,C21 의료용 물질 및 의약품 제조업,2023,1874,0.26,0.25,1.07
대전,C22 고무 및 플라스틱제품 제조업,2023,3779,0.53,1.09,0.49
대전,C23 비금속 광물제품 제조업,2023,1102,0.16,0.46,0.34
대전,C24 1차 금속 제조업,2023,795,0.11,0.67,0.17
대전,C25 금속가공제품 제조업; 기계 및 가구 제외,2023,5138,0.73,1.74,0.42
대전,C26 전자부품 컴퓨터 영상 음향 및 통신장비 제조업,2023,6724,0.95,1.56,0.61
대전,C27 의료 정밀 광학기기 및 시계 제조업,2023,7245,1.02,0.59,1.75
대전,C28 전기장비 제조업,2023,3463,0.49,1.09,0.45
대전,C29 기타 기계 및 장비 제조업,2023,9329,1.32,1.96,0.67
대전,C30 자동차 및 트레일러 제조업,2023,2296,0.32,1.43,0.23
대전,C31 기타 운송장비 제조업,2023,1450,0.2,0.54,0.38
대전,C32 가구 제조업,2023,1014,0.14,0.25,0.57
대전,C33 기타 제품 제조업,2023,1884,0.27,0.29,0.91
대전,C34 산업용 기계 및 장비 수리업,2023,778,0.11,0.26,0.42
대전,D35 전기 가스 증기 및 공기조절 공급업,2023,2012,0.28,0.69,0.41
대전,E36 수도업,2023,2009,0.28,0.08,3.64
대전,E37 하수 폐수 및 분뇨 처리업,2023,377,0.05,0.09,0.62
대전,E38 폐기물 수집 운반 처리 및 원료 재생업,2023,1759,0.25,0.35,0.71
대전,F41 종합 건설업,2023,14082,1.99,1.8,1.1
대전,F42 전문직별 공사업,2023,52169,7.36,5.76,1.28
대전,G45 자동차 및 부품 판매업,2023,4417,0.62,0.52,1.19
대전,G46 도매 및 상품 중개업,2023,35456,5.0,5.69,0.88
대전,G47 소매업; 자동차 제외,2023,57925,8.17,7.83,1.04
대전,H49 육상운송 및 파이프라인 운송업,2023,30164,4.26,4.09,1.04
대전,H50 수상 운송업,2023,6,0.0,0.09,0.01
대전,H51 항공 운송업,2023,200,0.03,0.13,0.22
대전,H52 창고 및 운송관련 서비스업,2023,4257,0.6,1.3,0.46
대전,I55 숙박업,2023,2346,0.33,0.72,0.46
대전,I56 음식점 및 주점업,2023,62913,8.88,8.32,1.07
대전,J58 출판업,2023,10637,1.5,1.66,0.91
대전,J59 영상ㆍ오디오 기록물 제작 및 배급업,2023,1147,0.16,0.33,0.48
대전,J60 방송업,2023,739,0.1,0.12,0.89
대전,J61 우편 및 통신업,2023,2427,0.34,0.36,0.95
대전,J62 컴퓨터 프로그래밍 시스템 통합 및 관리업,2023,4856,0.69,0.67,1.02
대전,J63 정보서비스업,2023,2174,0.31,0.3,1.03
대전,K64 금융업,2023,6269,0.88,1.2,0.74
대전,K65 보험 및 연금업,2023,7627,1.08,0.81,1.34
대전,K66 금융 및 보험 관련 서비스업,2023,5822,0.82,0.87,0.94
대전,L68 부동산업,2023,17336,2.45,2.65,0.92
대전,M70 연구개발업,2023,33590,4.74,1.22,3.88
대전,M71 전문 서비스업,2023,13447,1.9,2.52,0.75
대전,M72 건축기술 엔지니어링 및 기타 과학기술 서비스업,2023,11927,1.68,1.66,1.01
대전,M73 기타 전문 과학 및 기술 서비스업,2023,2565,0.36,0.47,0.78
대전,N74 사업시설 관리 및 조경 서비스업,2023,12243,1.73,1.39,1.24
대전,N75 사업지원 서비스업,2023,32581,4.6,3.55,1.29
대전,N76 임대업; 부동산 제외,2023,2204,0.31,0.31,0.99
대전,O84 공공행정 국방 및 사회보장 행정,2023,28132,3.97,3.53,1.12
대전,P85 교육 서비스업,2023,58946,8.32,6.75,1.23
대전,Q86 보건업,2023,38575,5.44,4.64,1.17
대전,Q87 사회복지 서비스업,2023,40054,5.65,5.45,1.04
대전,R90 창작 예술 및 여가관련 서비스업,2023,3250,0.46,0.5,0.91
대전,R91 스포츠 및 오락관련 서비스업,2023,8173,1.15,1.29,0.9
대전,S94 협회 및 단체,2023,7688,1.08,1.08,1.0
대전,S95 개인 및 소비용품 수리업,2023,7275,1.03,0.86,1.19
대전,S96 기타 개인 서비스업,2023,13166,1.86,1.69,1.1
부산,A01 농업,2020,183,0.01,0.18,0.07
부산,A02 임업,2020,241,0.02,0.05,0.33
부산,A03 어업,2020,3416,0.22,0.03,7.58
부산,B07 비금속광물 광업; 연료용 제외,2020,83,0.01,0.05,0.11
부산,C10 식료품 제조업,2020,17956,1.17,1.49,0.78
부산,C11 음료 제조업,2020,509,0.03,0.08,0.41
부산,C13 섬유제품 제조업; 의복제외,2020,9746,0.63,0.6,1.05
부산,C14 의복 의복 액세서리 및 모피제품 제조업,2020,9737,0.63,0.52,1.22
부산,C15 가죽 가방 및 신발 제조업,2020,7376,0.48,0.14,3.52
부산,C16 목재 및 나무제품 제조업; 가구 제외,2020,2370,0.15,0.17,0.93
부산,C17 펄프 종이 및 종이제품 제조업,2020,2231,0.15,0.34,0.42
부산,C18 인쇄 및 기록매체 복제업,2020,3456,0.22,0.31,0.73
부산,C19 코크스 연탄 및 석유정제품 제조업,2020,242,0.02,0.05,0.3
부산,C20 화학물질 및 화학제품 제조업; 의약품 제외,2020,4017,0.26,0.76,0.34
부산,C21 의료용 물질 및 의약품 제조업,2020,727,0.05,0.22,0.21
부산,C22 고무 및 플라스틱제품 제조업,2020,13646,0.89,1.18,0.75
부산,C23 비금속 광물제품 제조업,2020,2451,0.16,0.49,0.33
부산,C24 1차 금속 제조업,2020,13299,0.87,0.66,1.3
부산,C25 금속가공제품 제조업; 기계 및 가구 제외,2020,32499,2.11,1.9,1.11
부산,C26 전자부품 컴퓨터 영상 음향 및 통신장비 제조업,2020,7864,0.51,1.61,0.32
부산,C27 의료 정밀 광학기기 및 시계 제조업,2020,6401,0.42,0.59,0.7
부산,C28 전기장비 제조업,2020,14301,0.93,1.15,0.81
부산,C29 기타 기계 및 장비 제조업,2020,32532,2.12,2.04,1.04
부산,C30 자동차 및 트레일러 제조업,2020,13077,0.85,1.46,0.58
부산,C31 기타 운송장비 제조업,2020,8160,0.53,0.52,1.01
부산,C32 가구 제조업,2020,2868,0.19,0.29,0.64
부산,C33 기타 제품 제조업,2020,4433,0.29,0.34,0.85
부산,C34 산업용 기계 및 장비 수리업,2020,6971,0.45,0.25,1.84
부산,D35 전기 가스 증기 및 공기조절 공급업,2020,4189,0.27,0.57,0.47
부산,E36 수도업,2020,1023,0.07,0.08,0.84
부산,E37 하수 폐수 및 분뇨 처리업,2020,1418,0.09,0.09,1.03
부산,E38 폐기물 수집 운반 처리 및 원료 재생업,2020,4690,0.31,0.34,0.9
부산,E39 환경 정화 및 복원업,2020,288,0.02,0.01,2.79
부산,F41 종합 건설업,2020,27631,1.8,2.19,0.82
부산,F42 전문직별 공사업,2020,106044,6.9,6.51,1.06
부산,G45 자동차 및 부품 판매업,2020,8647,0.56,0.56,1.01
부산,G46 도매 및 상품 중개업,2020,109952,7.15,6.6,1.08
부산,G47 소매업; 자동차 제외,2020,128247,8.34,7.71,1.08
부산,H49 육상운송 및 파이프라인 운송업,2020,80998,5.27,3.91,1.35
부산,H50 수상 운송업,2020,6188,0.4,0.09,4.46
부산,H51 항공 운송업,2020,1454,0.09,0.14,0.67
부산,H52 창고 및 운송관련 서비스업,2020,39143,2.55,1.21,2.1
부산,I55 숙박업,2020,10837,0.7,0.7,1.01
부산,I56 음식점 및 주점업,2020,130216,8.47,7.74,1.09
부산,J58 출판업,2020,7931,0.52,1.48,0.35
부산,J59 영상ㆍ오디오 기록물 제작 및 배급업,2020,1727,0.11,0.27,0.42
부산,J60 방송업,2020,788,0.05,0.12,0.43
부산,J61 우편 및 통신업,2020,4895,0.32,0.36,0.88
부산,J62 컴퓨터 프로그래밍 시스템 통합 및 관리업,2020,3973,0.26,0.62,0.42
부산,J63 정보서비스업,2020,1203,0.08,0.27,0.29
부산,K64 금융업,2020,16526,1.08,1.2,0.9
부산,K65 보험 및 연금업,2020,16040,1.04,0.9,1.16
부산,K66 금융 및 보험 관련 서비스업,2020,17340,1.13,0.83,1.35
부산,L68 부동산업,2020,44630,2.9,2.76,1.05
부산,M70 연구개발업,2020,4055,0.26,1.13,0.23
부산,M71 전문 서비스업,2020,25139,1.64,2.35,0.7
부산,M72 건축기술 엔지니어링 및 기타 과학기술 서비스업,2020,23002,1.5,1.55,0.97
부산,M73 기타 전문 과학 및 기술 서비스업,2020,5307,0.35,0.48,0.73
부산,N74 사업시설 관리 및 조경 서비스업,2020,14567,0.95,1.34,0.71
부산,N75 사업지원 서비스업,2020,60938,3.96,3.65,1.09
부산,N76 임대업; 부동산 제외,2020,4493,0.29,0.32,0.92
부산,O84 공공행정 국방 및 사회보장 행정,2020,47845,3.11,3.33,0.93
부산,P85 교육 서비스업,2020,102424,6.66,6.66,1.0
부산,Q86 보건업,2020,89667,5.83,4.4,1.33
부산,Q87 사회복지 서비스업,2020,77008,5.01,4.67,1.07
부산,R90 창작 예술 및 여가관련 서비스업,2020,5545,0.36,0.49,0.74
부산,R91 스포츠 및 오락관련 서비스업,2020,16494,1.07,1.21,0.89
부산,S94 협회 및 단체,2020,13915,0.91,1.05,0.86
부산,S95 개인 및 소비용품 수리업,2020,16175,1.05,0.96,1.09
부산,S96 기타 개인 서비스업,2020,33897,2.2,1.68,1.31
부산,A01 농업,2021,215,0.01,0.19,0.07
부산,A02 임업,2021,242,0.02,0.04,0.35
부산,A03 어업,2021,2300,0.15,0.03,5.43
부산,B07 비금속광물 광업; 연료용 제외,2021,85,0.01,0.05,0.11
부산,C10 식료품 제조업,2021,18092,1.17,1.5,0.78
부산,C11 음료 제조업,2021,488,0.03,0.08,0.39
부산,C13 섬유제품 제조업; 의복제외,2021,9203,0.6,0.57,1.05
부산,C14 의복 의복 액세서리 및 모피제품 제조업,2021,9198,0.6,0.49,1.23
부산,C15 가죽 가방 및 신발 제조업,2021,7081,0.46,0.13,3.62
부산,C16 목재 및 나무제품 제조업; 가구 제외,2021,1838,0.12,0.16,0.75
부산,C17 펄프 종이 및 종이제품 제조업,2021,2351,0.15,0.34,0.45
부산,C18 인쇄 및 기록매체 복제업,2021,3274,0.21,0.29,0.73
부산,C19 코크스 연탄 및 석유정제품 제조업,2021,226,0.01,0.06,0.26
부산,C20 화학물질 및 화학제품 제조업; 의약품 제외,2021,3861,0.25,0.78,0.32
부산,C21 의료용 물질 및 의약품 제조업,2021,828,0.05,0.24,0.22
부산,C22 고무 및 플라스틱제품 제조업,2021,13491,0.87,1.15,0.76
부산,C23 비금속 광물제품 제조업,2021,2410,0.16,0.48,0.32
부산,C24 1차 금속 제조업,2021,13263,0.86,0.67,1.28
부산,C25 금속가공제품 제조업; 기계 및 가구 제외,2021,30568,1.98,1.81,1.09
부산,C26 전자부품 컴퓨터 영상 음향 및 통신장비 제조업,2021,7831,0.51,1.64,0.31
부산,C27 의료 정밀 광학기기 및 시계 제조업,2021,6814,0.44,0.59,0.75
부산,C28 전기장비 제조업,2021,14307,0.93,1.14,0.81
부산,C29 기타 기계 및 장비 제조업,2021,32688,2.12,2.01,1.05
부산,C30 자동차 및 트레일러 제조업,2021,12948,0.84,1.43,0.59
부산,C31 기타 운송장비 제조업,2021,8430,0.55,0.51,1.07
부산,C32 가구 제조업,2021,2637,0.17,0.27,0.63
부산,C33 기타 제품 제조업,2021,4264,0.28,0.32,0.85
부산,C34 산업용 기계 및 장비 수리업,2021,6937,0.45,0.24,1.86
부산,D35 전기 가스 증기 및 공기조절 공급업,2021,4130,0.27,0.63,0.42
부산,E36 수도업,2021,1035,0.07,0.08,0.83
부산,E37 하수 폐수 및 분뇨 처리업,2021,1489,0.1,0.09,1.04
부산,E38 폐기물 수집 운반 처리 및 원료 재생업,2021,5113,0.33,0.35,0.94
부산,E39 환경 정화 및 복원업,2021,268,0.02,0.01,2.46
부산,F41 종합 건설업,2021,25099,1.63,1.98,0.82
부산,F42 전문직별 공사업,2021,98852,6.4,5.99,1.07
부산,G45 자동차 및 부품 판매업,2021,8589,0.56,0.56,0.98
부산,G46 도매 및 상품 중개업,2021,104856,6.79,6.27,1.08
부산,G47 소매업; 자동차 제외,2021,133775,8.66,7.88,1.1
부산,H49 육상운송 및 파이프라인 운송업,2021,82920,5.37,3.99,1.35
부산,H50 수상 운송업,2021,6896,0.45,0.09,4.94
부산,H51 항공 운송업,2021,1765,0.11,0.12,0.93
부산,H52 창고 및 운송관련 서비스업,2021,40168,2.6,1.26,2.07
부산,I55 숙박업,2021,9737,0.63,0.68,0.92
부산,I56 음식점 및 주점업,2021,133175,8.62,7.77,1.11
부산,J58 출판업,2021,8270,0.54,1.58,0.34
부산,J59 영상ㆍ오디오 기록물 제작 및 배급업,2021,1866,0.12,0.31,0.39
부산,J60 방송업,2021,790,0.05,0.12,0.41
부산,J61 우편 및 통신업,2021,4734,0.31,0.36,0.84
부산,J62 컴퓨터 프로그래밍 시스템 통합 및 관리업,2021,4563,0.3,0.66,0.45
부산,J63 정보서비스업,2021,1138,0.07,0.3,0.25
부산,K64 금융업,2021,16326,1.06,1.21,0.87
부산,K65 보험 및 연금업,2021,16147,1.05,0.91,1.15
부산,K66 금융 및 보험 관련 서비스업,2021,18449,1.19,0.85,1.41
부산,L68 부동산업,2021,47738,3.09,2.82,1.1
부산,M70 연구개발업,2021,5393,0.35,1.2,0.29
부산,M71 전문 서비스업,2021,24872,1.61,2.35,0.69
부산,M72 건축기술 엔지니어링 및 기타 과학기술 서비스업,2021,22646,1.47,1.6,0.92
부산,M73 기타 전문 과학 및 기술 서비스업,2021,5750,0.37,0.49,0.77
부산,N74 사업시설 관리 및 조경 서비스업,2021,13686,0.89,1.32,0.67
부산,N75 사업지원 서비스업,2021,60467,3.91,3.58,1.09
부산,N76 임대업; 부동산 제외,2021,4520,0.29,0.32,0.92
부산,O84 공공행정 국방 및 사회보장 행정,2021,50384,3.26,3.47,0.94
부산,P85 교육 서비스업,2021,104539,6.77,6.77,1.0
부산,Q86 보건업,2021,91546,5.93,4.5,1.32
부산,Q87 사회복지 서비스업,2021,84531,5.47,4.96,1.1
부산,R90 창작 예술 및 여가관련 서비스업,2021,5811,0.38,0.49,0.77
부산,R91 스포츠 및 오락관련 서비스업,2021,16915,1.1,1.2,0.91
부산,S94 협회 및 단체,2021,13838,0.9,1.04,0.86
부산,S95 개인 및 소비용품 수리업,2021,15636,1.01,0.92,1.1
부산,S96 기타 개인 서비스업,2021,30212,1.96,1.66,1.18
부산,A01 농업,2022,183,0.01,0.19,0.06
부산,A02 임업,2022,250,0.02,0.05,0.35
부산,A03 어업,2022,2552,0.16,0.03,5.92
부산,B07 비금속광물 광업; 연료용 제외,2022,41,0.0,0.05,0.06
부산,C10 식료품 제조업,2022,18152,1.17,1.5,0.78
부산,C11 음료 제조업,2022,422,0.03,0.08,0.33
부산,C13 섬유제품 제조업; 의복제외,2022,8805,0.57,0.54,1.04
부산,C14 의복 의복 액세서리 및 모피제품 제조업,2022,9314,0.6,0.47,1.27
부산,C15 가죽 가방 및 신발 제조업,2022,6987,0.45,0.12,3.69
부산,C16 목재 및 나무제품 제조업; 가구 제외,2022,1731,0.11,0.16,0.69
부산,C17 펄프 종이 및 종이제품 제조업,2022,2236,0.14,0.34,0.43
부산,C18 인쇄 및 기록매체 복제업,2022,3258,0.21,0.28,0.74
부산,C19 코크스 연탄 및 석유정제품 제조업,2022,202,0.01,0.05,0.24
부산,C20 화학물질 및 화학제품 제조업; 의약품 제외,2022,4139,0.27,0.78,0.34
부산,C21 의료용 물질 및 의약품 제조업,2022,828,0.05,0.25,0.21
부산,C22 고무 및 플라스틱제품 제조업,2022,12940,0.83,1.13,0.74
부산,C23 비금속 광물제품 제조업,2022,2350,0.15,0.48,0.32
부산,C24 1차 금속 제조업,2022,13202,0.85,0.67,1.26
부산,C25 금속가공제품 제조업; 기계 및 가구 제외,2022,29746,1.91,1.8,1.06
부산,C26 전자부품 컴퓨터 영상 음향 및 통신장비 제조업,2022,8210,0.53,1.62,0.33
부산,C27 의료 정밀 광학기기 및 시계 제조업,2022,7309,0.47,0.59,0.79
부산,C28 전기장비 제조업,2022,14096,0.91,1.14,0.8
부산,C29 기타 기계 및 장비 제조업,2022,32959,2.12,2.02,1.05
부산,C30 자동차 및 트레일러 제조업,2022,12883,0.83,1.47,0.56
부산,C31 기타 운송장비 제조업,2022,7141,0.46,0.52,0.88
부산,C32 가구 제조업,2022,2544,0.16,0.27,0.61
부산,C33 기타 제품 제조업,2022,4244,0.27,0.32,0.86
부산,C34 산업용 기계 및 장비 수리업,2022,7185,0.46,0.25,1.81
부산,D35 전기 가스 증기 및 공기조절 공급업,2022,4456,0.29,0.64,0.45
부산,E36 수도업,2022,967,0.06,0.08,0.78
부산,E37 하수 폐수 및 분뇨 처리업,2022,1368,0.09,0.09,0.99
부산,E38 폐기물 수집 운반 처리 및 원료 재생업,2022,5210,0.34,0.36,0.94
부산,E39 환경 정화 및 복원업,2022,308,0.02,0.01,2.74
부산,F41 종합 건설업,2022,23772,1.53,1.98,0.77
부산,F42 전문직별 공사업,2022,94632,6.09,5.77,1.05
부산,G45 자동차 및 부품 판매업,2022,7920,0.51,0.53,0.96
부산,G46 도매 및 상품 중개업,2022,99617,6.41,5.81,1.1
부산,G47 소매업; 자동차 제외,2022,134397,8.64,7.85,1.1
부산,H49 육상운송 및 파이프라인 운송업,2022,81837,5.26,4.02,1.31
부산,H50 수상 운송업,2022,6693,0.43,0.09,4.94
부산,H51 항공 운송업,2022,1553,0.1,0.12,0.83
부산,H52 창고 및 운송관련 서비스업,2022,43027,2.77,1.26,2.2
부산,I55 숙박업,2022,10756,0.69,0.69,1.0
부산,I56 음식점 및 주점업,2022,142533,9.17,8.09,1.13
부산,J58 출판업,2022,8482,0.55,1.67,0.33
부산,J59 영상ㆍ오디오 기록물 제작 및 배급업,2022,2130,0.14,0.33,0.42
부산,J60 방송업,2022,785,0.05,0.12,0.43
부산,J61 우편 및 통신업,2022,4643,0.3,0.37,0.81
부산,J62 컴퓨터 프로그래밍 시스템 통합 및 관리업,2022,4427,0.28,0.67,0.42
부산,J63 정보서비스업,2022,1235,0.08,0.31,0.26
부산,K64 금융업,2022,15792,1.02,1.2,0.85
부산,K65 보험 및 연금업,2022,16151,1.04,0.87,1.19
부산,K66 금융 및 보험 관련 서비스업,2022,17914,1.15,0.83,1.38
부산,L68 부동산업,2022,47341,3.05,2.74,1.11
부산,M70 연구개발업,2022,4745,0.31,1.24,0.25
부산,M71 전문 서비스업,2022,25209,1.62,2.39,0.68
부산,M72 건축기술 엔지니어링 및 기타 과학기술 서비스업,2022,23137,1.49,1.6,0.93
부산,M73 기타 전문 과학 및 기술 서비스업,2022,5568,0.36,0.48,0.75
부산,N74 사업시설 관리 및 조경 서비스업,2022,12845,0.83,1.31,0.63
부산,N75 사업지원 서비스업,2022,60358,3.88,3.55,1.1
부산,N76 임대업; 부동산 제외,2022,4503,0.29,0.3,0.96
부산,O84 공공행정 국방 및 사회보장 행정,2022,51659,3.32,3.53,0.94
부산,P85 교육 서비스업,2022,105593,6.79,6.83,0.99
부산,Q86 보건업,2022,94156,6.06,4.59,1.32
부산,Q87 사회복지 서비스업,2022,90633,5.83,5.15,1.13
부산,R90 창작 예술 및 여가관련 서비스업,2022,6060,0.39,0.49,0.8
부산,R91 스포츠 및 오락관련 서비스업,2022,18730,1.2,1.27,0.95
부산,S94 협회 및 단체,2022,13639,0.88,1.02,0.86
부산,S95 개인 및 소비용품 수리업,2022,14879,0.96,0.88,1.08
부산,S96 기타 개인 서비스업,2022,31095,2.0,1.7,1.17
부산,A01 농업,2023,136,0.01,0.19,0.05
부산,A02 임업,2023,184,0.01,0.05,0.26
부산,A03 어업,2023,2595,0.17,0.02,7.03
부산,B07 비금속광물 광업; 연료용 제외,2023,30,0.0,0.04,0.04
부산,C10 식료품 제조업,2023,18176,1.17,1.47,0.8
부산,C11 음료 제조업,2023,400,0.03,0.08,0.31
부산,C13 섬유제품 제조업; 의복제외,2023,8596,0.55,0.5,1.11
부산,C14 의복 의복 액세서리 및 모피제품 제조업,2023,8683,0.56,0.43,1.31
부산,C15 가죽 가방 및 신발 제조업,2023,5779,0.37,0.11,3.53
부산,C16 목재 및 나무제품 제조업; 가구 제외,2023,1718,0.11,0.15,0.73
부산,C17 펄프 종이 및 종이제품 제조업,2023,2122,0.14,0.33,0.41
부산,C18 인쇄 및 기록매체 복제업,2023,3013,0.19,0.27,0.72
부산,C19 코크스 연탄 및 석유정제품 제조업,2023,212,0.01,0.05,0.26
부산,C20 화학물질 및 화학제품 제조업; 의약품 제외,2023,3765,0.24,0.75,0.32
부산,C21 의료용 물질 및 의약품 제조업,2023,912,0.06,0.25,0.24
부산,C22 고무 및 플라스틱제품 제조업,2023,12659,0.81,1.09,0.75
부산,C23 비금속 광물제품 제조업,2023,2296,0.15,0.46,0.32
부산,C24 1차 금속 제조업,2023,12959,0.83,0.67,1.25
부산,C25 금속가공제품 제조업; 기계 및 가구 제외,2023,29993,1.93,1.74,1.11
부산,C26 전자부품 컴퓨터 영상 음향 및 통신장비 제조업,2023,7958,0.51,1.56,0.33
부산,C27 의료 정밀 광학기기 및 시계 제조업,2023,7020,0.45,0.59,0.77
부산,C28 전기장비 제조업,2023,13868,0.89,1.09,0.81
부산,C29 기타 기계 및 장비 제조업,2023,32191,2.07,1.96,1.05
부산,C30 자동차 및 트레일러 제조업,2023,12266,0.79,1.43,0.55
부산,C31 기타 운송장비 제조업,2023,7017,0.45,0.54,0.84
부산,C32 가구 제조업,2023,2466,0.16,0.25,0.63
부산,C33 기타 제품 제조업,2023,3853,0.25,0.29,0.84
부산,C34 산업용 기계 및 장비 수리업,2023,7269,0.47,0.26,1.79
부산,D35 전기 가스 증기 및 공기조절 공급업,2023,4428,0.28,0.69,0.41
부산,E36 수도업,2023,1000,0.06,0.08,0.83
부산,E37 하수 폐수 및 분뇨 처리업,2023,1330,0.09,0.09,1.0
부산,E38 폐기물 수집 운반 처리 및 원료 재생업,2023,5129,0.33,0.35,0.95
부산,E39 환경 정화 및 복원업,2023,236,0.02,0.01,2.24
부산,F41 종합 건설업,2023,22553,1.45,1.8,0.81
부산,F42 전문직별 공사업,2023,92486,5.95,5.76,1.03
부산,G45 자동차 및 부품 판매업,2023,7990,0.51,0.52,0.98
부산,G46 도매 및 상품 중개업,2023,97691,6.28,5.69,1.1
부산,G47 소매업; 자동차 제외,2023,134621,8.66,7.83,1.11
부산,H49 육상운송 및 파이프라인 운송업,2023,82147,5.28,4.09,1.29
부산,H50 수상 운송업,2023,6861,0.44,0.09,4.77
부산,H51 항공 운송업,2023,1437,0.09,0.13,0.73
부산,H52 창고 및 운송관련 서비스업,2023,42246,2.72,1.3,2.09
부산,I55 숙박업,2023,11614,0.75,0.72,1.04
부산,I56 음식점 및 주점업,2023,146480,9.42,8.32,1.13
부산,J58 출판업,2023,8689,0.56,1.66,0.34
부산,J59 영상ㆍ오디오 기록물 제작 및 배급업,2023,2592,0.17,0.33,0.5
부산,J60 방송업,2023,883,0.06,0.12,0.49
부산,J61 우편 및 통신업,2023,4621,0.3,0.36,0.83
부산,J62 컴퓨터 프로그래밍 시스템 통합 및 관리업,2023,4871,0.31,0.67,0.47
부산,J63 정보서비스업,2023,1119,0.07,0.3,0.24
부산,K64 금융업,2023,15093,0.97,1.2,0.81
부산,K65 보험 및 연금업,2023,15754,1.01,0.81,1.26
부산,K66 금융 및 보험 관련 서비스업,2023,19350,1.24,0.87,1.42
부산,L68 부동산업,2023,46384,2.98,2.65,1.13
부산,M70 연구개발업,2023,4818,0.31,1.22,0.25
부산,M71 전문 서비스업,2023,26028,1.67,2.52,0.66
부산,M72 건축기술 엔지니어링 및 기타 과학기술 서비스업,2023,23237,1.49,1.66,0.9
부산,M73 기타 전문 과학 및 기술 서비스업,2023,5491,0.35,0.47,0.76
부산,N74 사업시설 관리 및 조경 서비스업,2023,14321,0.92,1.39,0.66
부산,N75 사업지원 서비스업,2023,59560,3.83,3.55,1.08
부산,N76 임대업; 부동산 제외,2023,4567,0.29,0.31,0.93
부산,O84 공공행정 국방 및 사회보장 행정,2023,51003,3.28,3.53,0.93
부산,P85 교육 서비스업,2023,104913,6.75,6.75,1.0
부산,Q86 보건업,2023,95840,6.16,4.64,1.33
부산,Q87 사회복지 서비스업,2023,94906,6.1,5.45,1.12
부산,R90 창작 예술 및 여가관련 서비스업,2023,6475,0.42,0.5,0.83
부산,R91 스포츠 및 오락관련 서비스업,2023,18684,1.2,1.29,0.93
부산,S94 협회 및 단체,2023,14188,0.91,1.08,0.84
부산,S95 개인 및 소비용품 수리업,2023,14601,0.94,0.86,1.09
부산,S96 기타 개인 서비스업,2023,30710,1.97,1.69,1.17
서울,A01 농업,2020,440,0.01,0.18,0.04
서울,A02 임업,2020,274,0.0,0.05,0.1
서울,A03 어업,2020,121,0.0,0.03,0.07
서울,B06 금속 광업,2020,18,0.0,0.0,0.19
서울,B07 비금속광물 광업; 연료용 제외,2020,64,0.0,0.05,0.02
서울,B08 광업 지원 서비스업,2020,12,0.0,0.0,2.98
서울,C10 식료품 제조업,2020,17471,0.3,1.49,0.2
서울,C11 음료 제조업,2020,440,0.01,0.08,0.09
서울,C13 섬유제품 제조업; 의복제외,2020,19067,0.32,0.6,0.54
서울,C14 의복 의복 액세서리 및 모피제품 제조업,2020,83445,1.42,0.52,2.74
서울,C15 가죽 가방 및 신발 제조업,2020,11378,0.19,0.14,1.42
서울,C16 목재 및 나무제품 제조업; 가구 제외,2020,873,0.01,0.17,0.09
서울,C17 펄프 종이 및 종이제품 제조업,2020,5263,0.09,0.34,0.26
서울,C18 인쇄 및 기록매체 복제업,2020,27052,0.46,0.31,1.5
서울,C19 코크스 연탄 및 석유정제품 제조업,2020,95,0.0,0.05,0.03
서울,C20 화학물질 및 화학제품 제조업; 의약품 제외,2020,7053,0.12,0.76,0.16
서울,C21 의료용 물질 및 의약품 제조업,2020,1605,0.03,0.22,0.12
서울,C22 고무 및 플라스틱제품 제조업,2020,5549,0.09,1.18,0.08
서울,C23 비금속 광물제품 제조업,2020,1883,0.03,0.49,0.07
서울,C24 1차 금속 제조업,2020,1183,0.02,0.66,0.03
서울,C25 금속가공제품 제조업; 기계 및 가구 제외,2020,12735,0.22,1.9,0.11
서울,C26 전자부품 컴퓨터 영상 음향 및 통신장비 제조업,2020,16952,0.29,1.61,0.18
서울,C27 의료 정밀 광학기기 및 시계 제조업,2020,16027,0.27,0.59,0.46
서울,C28 전기장비 제조업,2020,13520,0.23,1.15,0.2
서울,C29 기타 기계 및 장비 제조업,2020,15919,0.27,2.04,0.13
서울,C30 자동차 및 트레일러 제조업,2020,905,0.02,1.46,0.01
서울,C31 기타 운송장비 제조업,2020,618,0.01,0.52,0.02
서울,C32 가구 제조업,2020,2801,0.05,0.29,0.16
서울,C33 기타 제품 제조업,2020,20045,0.34,0.34,1.01
서울,C34 산업용 기계 및 장비 수리업,2020,2472,0.04,0.25,0.17
서울,D35 전기 가스 증기 및 공기조절 공급업,2020,6841,0.12,0.57,0.2
서울,E36 수도업,2020,2133,0.04,0.08,0.46
서울,E37 하수 폐수 및 분뇨 처리업,2020,2070,0.04,0.09,0.39
서울,E38 폐기물 수집 운반 처리 및 원료 재생업,2020,5928,0.1,0.34,0.3
서울,E39 환경 정화 및 복원업,2020,211,0.0,0.01,0.54
서울,F41 종합 건설업,2020,132240,2.25,2.19,1.03
서울,F42 전문직별 공사업,2020,383206,6.53,6.51,1.0
서울,G45 자동차 및 부품 판매업,2020,28927,0.49,0.56,0.88
서울,G46 도매 및 상품 중개업,2020,572969,9.76,6.6,1.48
서울,G47 소매업; 자동차 제외,2020,441611,7.52,7.71,0.98
서울,H49 육상운송 및 파이프라인 운송업,2020,184432,3.14,3.91,0.8
서울,H50 수상 운송업,2020,8085,0.14,0.09,1.53
서울,H51 항공 운송업,2020,29993,0.51,0.14,3.64
서울,H52 창고 및 운송관련 서비스업,2020,56968,0.97,1.21,0.8
서울,I55 숙박업,2020,33030,0.56,0.7,0.8
서울,I56 음식점 및 주점업,2020,399613,6.81,7.74,0.88
서울,J58 출판업,2020,229227,3.91,1.48,2.63
서울,J59 영상ㆍ오디오 기록물 제작 및 배급업,2020,45262,0.77,0.27,2.89
서울,J60 방송업,2020,18355,0.31,0.12,2.65
서울,J61 우편 및 통신업,2020,29889,0.51,0.36,1.41
서울,J62 컴퓨터 프로그래밍 시스템 통합 및 관리업,2020,97675,1.66,0.62,2.69
서울,J63 정보서비스업,2020,39397,0.67,0.27,2.47
서울,K64 금융업,2020,130886,2.23,1.2,1.86
서울,K65 보험 및 연금업,2020,66570,1.13,0.9,1.26
서울,K66 금융 및 보험 관련 서비스업,2020,95648,1.63,0.83,1.95
서울,L68 부동산업,2020,213544,3.64,2.76,1.32
서울,M70 연구개발업,2020,64820,1.1,1.13,0.98
서울,M71 전문 서비스업,2020,349065,5.95,2.35,2.53
서울,M72 건축기술 엔지니어링 및 기타 과학기술 서비스업,2020,121184,2.06,1.55,1.33
서울,M73 기타 전문 과학 및 기술 서비스업,2020,55877,0.95,0.48,2.0
서울,N74 사업시설 관리 및 조경 서비스업,2020,128771,2.19,1.34,1.64
서울,N75 사업지원 서비스업,2020,358535,6.11,3.65,1.67
서울,N76 임대업; 부동산 제외,2020,18494,0.32,0.32,1.0
서울,O84 공공행정 국방 및 사회보장 행정,2020,150905,2.57,3.33,0.77
서울,P85 교육 서비스업,2020,354237,6.04,6.66,0.91
서울,Q86 보건업,2020,257229,4.38,4.4,1.0
서울,Q87 사회복지 서비스업,2020,186016,3.17,4.67,0.68
서울,R90 창작 예술 및 여가관련 서비스업,2020,35402,0.6,0.49,1.23
서울,R91 스포츠 및 오락관련 서비스업,2020,53225,0.91,1.21,0.75
서울,S94 협회 및 단체,2020,67801,1.16,1.05,1.1
서울,S95 개인 및 소비용품 수리업,2020,39697,0.68,0.96,0.7
서울,S96 기타 개인 서비스업,2020,87673,1.49,1.68,0.89
서울,A01 농업,2021,411,0.01,0.19,0.04
서울,A02 임업,2021,202,0.0,0.04,0.08
서울,A03 어업,2021,140,0.0,0.03,0.09
서울,B06 금속 광업,2021,11,0.0,0.0,0.12
서울,B07 비금속광물 광업; 연료용 제외,2021,43,0.0,0.05,0.02
서울,B08 광업 지원 서비스업,2021,21,0.0,0.0,0.19
서울,C10 식료품 제조업,2021,17063,0.3,1.5,0.2
서울,C11 음료 제조업,2021,431,0.01,0.08,0.09
서울,C13 섬유제품 제조업; 의복제외,2021,17884,0.31,0.57,0.55
서울,C14 의복 의복 액세서리 및 모피제품 제조업,2021,77615,1.34,0.49,2.77
서울,C15 가죽 가방 및 신발 제조업,2021,10448,0.18,0.13,1.43
서울,C16 목재 및 나무제품 제조업; 가구 제외,2021,859,0.01,0.16,0.09
서울,C17 펄프 종이 및 종이제품 제조업,2021,5602,0.1,0.34,0.28
서울,C18 인쇄 및 기록매체 복제업,2021,24604,0.43,0.29,1.47
서울,C19 코크스 연탄 및 석유정제품 제조업,2021,100,0.0,0.06,0.03
서울,C20 화학물질 및 화학제품 제조업; 의약품 제외,2021,6910,0.12,0.78,0.15
서울,C21 의료용 물질 및 의약품 제조업,2021,1635,0.03,0.24,0.12
서울,C22 고무 및 플라스틱제품 제조업,2021,5313,0.09,1.15,0.08
서울,C23 비금속 광물제품 제조업,2021,1994,0.03,0.48,0.07
서울,C24 1차 금속 제조업,2021,1041,0.02,0.67,0.03
서울,C25 금속가공제품 제조업; 기계 및 가구 제외,2021,11335,0.2,1.81,0.11
서울,C26 전자부품 컴퓨터 영상 음향 및 통신장비 제조업,2021,16341,0.28,1.64,0.17
서울,C27 의료 정밀 광학기기 및 시계 제조업,2021,15794,0.27,0.59,0.46
서울,C28 전기장비 제조업,2021,12889,0.22,1.14,0.2
서울,C29 기타 기계 및 장비 제조업,2021,14665,0.25,2.01,0.13
서울,C30 자동차 및 트레일러 제조업,2021,977,0.02,1.43,0.01
서울,C31 기타 운송장비 제조업,2021,649,0.01,0.51,0.02
서울,C32 가구 제조업,2021,2422,0.04,0.27,0.15
서울,C33 기타 제품 제조업,2021,18656,0.32,0.32,1.0
서울,C34 산업용 기계 및 장비 수리업,2021,2256,0.04,0.24,0.16
서울,D35 전기 가스 증기 및 공기조절 공급업,2021,6873,0.12,0.63,0.19
서울,E36 수도업,2021,1997,0.03,0.08,0.43
서울,E37 하수 폐수 및 분뇨 처리업,2021,2266,0.04,0.09,0.42
서울,E38 폐기물 수집 운반 처리 및 원료 재생업,2021,6187,0.11,0.35,0.3
서울,E39 환경 정화 및 복원업,2021,160,0.0,0.01,0.39
서울,F41 종합 건설업,2021,116878,2.03,1.98,1.02
서울,F42 전문직별 공사업,2021,332182,5.76,5.99,0.96
서울,G45 자동차 및 부품 판매업,2021,29416,0.51,0.56,0.9
서울,G46 도매 및 상품 중개업,2021,538667,9.33,6.27,1.49
서울,G47 소매업; 자동차 제외,2021,441040,7.64,7.88,0.97
서울,H49 육상운송 및 파이프라인 운송업,2021,183114,3.17,3.99,0.8
서울,H50 수상 운송업,2021,8040,0.14,0.09,1.54
서울,H51 항공 운송업,2021,25666,0.44,0.12,3.62
서울,H52 창고 및 운송관련 서비스업,2021,57657,1.0,1.26,0.8
서울,I55 숙박업,2021,29666,0.51,0.68,0.75
서울,I56 음식점 및 주점업,2021,394405,6.83,7.77,0.88
서울,J58 출판업,2021,249679,4.33,1.58,2.73
서울,J59 영상ㆍ오디오 기록물 제작 및 배급업,2021,50804,0.88,0.31,2.86
서울,J60 방송업,2021,20313,0.35,0.12,2.84
서울,J61 우편 및 통신업,2021,27182,0.47,0.36,1.29
서울,J62 컴퓨터 프로그래밍 시스템 통합 및 관리업,2021,100768,1.75,0.66,2.64
서울,J63 정보서비스업,2021,41875,0.73,0.3,2.45
서울,K64 금융업,2021,135599,2.35,1.21,1.94
서울,K65 보험 및 연금업,2021,65805,1.14,0.91,1.25
서울,K66 금융 및 보험 관련 서비스업,2021,97654,1.69,0.85,2.0
서울,L68 부동산업,2021,205378,3.56,2.82,1.26
서울,M70 연구개발업,2021,66852,1.16,1.2,0.96
서울,M71 전문 서비스업,2021,346372,6.0,2.35,2.55
서울,M72 건축기술 엔지니어링 및 기타 과학기술 서비스업,2021,127895,2.22,1.6,1.39
서울,M73 기타 전문 과학 및 기술 서비스업,2021,56640,0.98,0.49,2.02
서울,N74 사업시설 관리 및 조경 서비스업,2021,121580,2.11,1.32,1.6
서울,N75 사업지원 서비스업,2021,352716,6.11,3.58,1.71
서울,N76 임대업; 부동산 제외,2021,18687,0.32,0.32,1.02
서울,O84 공공행정 국방 및 사회보장 행정,2021,155790,2.7,3.47,0.78
서울,P85 교육 서비스업,2021,361663,6.27,6.77,0.93
서울,Q86 보건업,2021,261550,4.53,4.5,1.01
서울,Q87 사회복지 서비스업,2021,188846,3.27,4.96,0.66
서울,R90 창작 예술 및 여가관련 서비스업,2021,33938,0.59,0.49,1.2
서울,R91 스포츠 및 오락관련 서비스업,2021,54553,0.95,1.2,0.79
서울,S94 협회 및 단체,2021,65401,1.13,1.04,1.09
서울,S95 개인 및 소비용품 수리업,2021,36128,0.63,0.92,0.68
서울,S96 기타 개인 서비스업,2021,84967,1.47,1.66,0.89
서울,A01 농업,2022,289,0.0,0.19,0.03
서울,A02 임업,2022,187,0.0,0.05,0.07
서울,A03 어업,2022,145,0.0,0.03,0.09
서울,B06 금속 광업,2022,8,0.0,0.0,0.11
서울,B07 비금속광물 광업; 연료용 제외,2022,36,0.0,0.05,0.01
서울,B08 광업 지원 서비스업,2022,24,0.0,0.0,0.16
서울,C10 식료품 제조업,2022,16364,0.28,1.5,0.19
서울,C11 음료 제조업,2022,490,0.01,0.08,0.1
서울,C13 섬유제품 제조업; 의복제외,2022,17156,0.3,0.54,0.55
서울,C14 의복 의복 액세서리 및 모피제품 제조업,2022,76188,1.31,0.47,2.78
서울,C15 가죽 가방 및 신발 제조업,2022,9925,0.17,0.12,1.4
서울,C16 목재 및 나무제품 제조업; 가구 제외,2022,1087,0.02,0.16,0.12
서울,C17 펄프 종이 및 종이제품 제조업,2022,5328,0.09,0.34,0.27
서울,C18 인쇄 및 기록매체 복제업,2022,23681,0.41,0.28,1.44
서울,C19 코크스 연탄 및 석유정제품 제조업,2022,101,0.0,0.05,0.03
서울,C20 화학물질 및 화학제품 제조업; 의약품 제외,2022,8365,0.14,0.78,0.19
서울,C21 의료용 물질 및 의약품 제조업,2022,1751,0.03,0.25,0.12
서울,C22 고무 및 플라스틱제품 제조업,2022,4988,0.09,1.13,0.08
서울,C23 비금속 광물제품 제조업,2022,2077,0.04,0.48,0.07
서울,C24 1차 금속 제조업,2022,1039,0.02,0.67,0.03
서울,C25 금속가공제품 제조업; 기계 및 가구 제외,2022,10737,0.19,1.8,0.1
서울,C26 전자부품 컴퓨터 영상 음향 및 통신장비 제조업,2022,14878,0.26,1.62,0.16
서울,C27 의료 정밀 광학기기 및 시계 제조업,2022,15968,0.28,0.59,0.46
서울,C28 전기장비 제조업,2022,12503,0.22,1.14,0.19
서울,C29 기타 기계 및 장비 제조업,2022,14160,0.24,2.02,0.12
서울,C30 자동차 및 트레일러 제조업,2022,1054,0.02,1.47,0.01
서울,C31 기타 운송장비 제조업,2022,778,0.01,0.52,0.03
서울,C32 가구 제조업,2022,2302,0.04,0.27,0.15
서울,C33 기타 제품 제조업,2022,17542,0.3,0.32,0.96
서울,C34 산업용 기계 및 장비 수리업,2022,2618,0.05,0.25,0.18
서울,D35 전기 가스 증기 및 공기조절 공급업,2022,6929,0.12,0.64,0.19
서울,E36 수도업,2022,2131,0.04,0.08,0.46
서울,E37 하수 폐수 및 분뇨 처리업,2022,2158,0.04,0.09,0.42
서울,E38 폐기물 수집 운반 처리 및 원료 재생업,2022,6290,0.11,0.36,0.3
서울,E39 환경 정화 및 복원업,2022,171,0.0,0.01,0.41
서울,F41 종합 건설업,2022,127896,2.21,1.98,1.11
서울,F42 전문직별 공사업,2022,325148,5.61,5.77,0.97
서울,G45 자동차 및 부품 판매업,2022,28271,0.49,0.53,0.92
서울,G46 도매 및 상품 중개업,2022,499720,8.62,5.81,1.48
서울,G47 소매업; 자동차 제외,2022,434635,7.5,7.85,0.96
서울,H49 육상운송 및 파이프라인 운송업,2022,189867,3.28,4.02,0.82
서울,H50 수상 운송업,2022,7492,0.13,0.09,1.48
서울,H51 항공 운송업,2022,25626,0.44,0.12,3.66
서울,H52 창고 및 운송관련 서비스업,2022,57590,0.99,1.26,0.79
서울,I55 숙박업,2022,29820,0.51,0.69,0.74
서울,I56 음식점 및 주점업,2022,411997,7.11,8.09,0.88
서울,J58 출판업,2022,266873,4.6,1.67,2.76
서울,J59 영상ㆍ오디오 기록물 제작 및 배급업,2022,52906,0.91,0.33,2.8
서울,J60 방송업,2022,19602,0.34,0.12,2.85
서울,J61 우편 및 통신업,2022,30420,0.52,0.37,1.43
서울,J62 컴퓨터 프로그래밍 시스템 통합 및 관리업,2022,103343,1.78,0.67,2.66
서울,J63 정보서비스업,2022,45331,0.78,0.31,2.53
서울,K64 금융업,2022,138401,2.39,1.2,2.0
서울,K65 보험 및 연금업,2022,63534,1.1,0.87,1.26
서울,K66 금융 및 보험 관련 서비스업,2022,94938,1.64,0.83,1.97
서울,L68 부동산업,2022,196379,3.39,2.74,1.23
서울,M70 연구개발업,2022,69567,1.2,1.24,0.97
서울,M71 전문 서비스업,2022,351836,6.07,2.39,2.54
서울,M72 건축기술 엔지니어링 및 기타 과학기술 서비스업,2022,129523,2.23,1.6,1.4
서울,M73 기타 전문 과학 및 기술 서비스업,2022,54782,0.95,0.48,1.99
서울,N74 사업시설 관리 및 조경 서비스업,2022,118449,2.04,1.31,1.56
서울,N75 사업지원 서비스업,2022,352480,6.08,3.55,1.72
서울,N76 임대업; 부동산 제외,2022,17422,0.3,0.3,1.0
서울,O84 공공행정 국방 및 사회보장 행정,2022,160530,2.77,3.53,0.79
서울,P85 교육 서비스업,2022,365167,6.3,6.83,0.92
서울,Q86 보건업,2022,271057,4.68,4.59,1.02
서울,Q87 사회복지 서비스업,2022,199338,3.44,5.15,0.67
서울,R90 창작 예술 및 여가관련 서비스업,2022,32757,0.57,0.49,1.16
서울,R91 스포츠 및 오락관련 서비스업,2022,57273,0.99,1.27,0.78
서울,S94 협회 및 단체,2022,63718,1.1,1.02,1.08
서울,S95 개인 및 소비용품 수리업,2022,34328,0.59,0.88,0.67
서울,S96 기타 개인 서비스업,2022,87863,1.52,1.7,0.89
서울,A01 농업,2023,312,0.01,0.19,0.03
서울,A02 임업,2023,97,0.0,0.05,0.04
서울,A03 어업,2023,113,0.0,0.02,0.08
서울,B06 금속 광업,2023,19,0.0,0.0,0.21
서울,B07 비금속광물 광업; 연료용 제외,2023,45,0.0,0.04,0.02
서울,B08 광업 지원 서비스업,2023,12,0.0,0.0,0.63
서울,C10 식료품 제조업,2023,15080,0.26,1.47,0.18
서울,C11 음료 제조업,2023,431,0.01,0.08,0.09
서울,C13 섬유제품 제조업; 의복제외,2023,15475,0.27,0.5,0.54
서울,C14 의복 의복 액세서리 및 모피제품 제조업,2023,70314,1.21,0.43,2.83
서울,C15 가죽 가방 및 신발 제조업,2023,8652,0.15,0.11,1.42
서울,C16 목재 및 나무제품 제조업; 가구 제외,2023,761,0.01,0.15,0.09
서울,C17 펄프 종이 및 종이제품 제조업,2023,4803,0.08,0.33,0.25
서울,C18 인쇄 및 기록매체 복제업,2023,22465,0.39,0.27,1.45
서울,C19 코크스 연탄 및 석유정제품 제조업,2023,99,0.0,0.05,0.03
서울,C20 화학물질 및 화학제품 제조업; 의약품 제외,2023,7516,0.13,0.75,0.17
서울,C21 의료용 물질 및 의약품 제조업,2023,1598,0.03,0.25,0.11
서울,C22 고무 및 플라스틱제품 제조업,2023,4995,0.09,1.09,0.08
서울,C23 비금속 광물제품 제조업,2023,1695,0.03,0.46,0.06
서울,C24 1차 금속 제조업,2023,1020,0.02,0.67,0.03
서울,C25 금속가공제품 제조업; 기계 및 가구 제외,2023,9705,0.17,1.74,0.1
서울,C26 전자부품 컴퓨터 영상 음향 및 통신장비 제조업,2023,14255,0.25,1.56,0.16
서울,C27 의료 정밀 광학기기 및 시계 제조업,2023,15947,0.27,0.59,0.47
서울,C28 전기장비 제조업,2023,11988,0.21,1.09,0.19
서울,C29 기타 기계 및 장비 제조업,2023,12856,0.22,1.96,0.11
서울,C30 자동차 및 트레일러 제조업,2023,1035,0.02,1.43,0.01
서울,C31 기타 운송장비 제조업,2023,592,0.01,0.54,0.02
서울,C32 가구 제조업,2023,2108,0.04,0.25,0.15
서울,C33 기타 제품 제조업,2023,16398,0.28,0.29,0.96
서울,C34 산업용 기계 및 장비 수리업,2023,2123,0.04,0.26,0.14
서울,D35 전기 가스 증기 및 공기조절 공급업,2023,7368,0.13,0.69,0.18
서울,E36 수도업,2023,1997,0.03,0.08,0.44
서울,E37 하수 폐수 및 분뇨 처리업,2023,2210,0.04,0.09,0.45
서울,E38 폐기물 수집 운반 처리 및 원료 재생업,2023,6192,0.11,0.35,0.31
서울,E39 환경 정화 및 복원업,2023,200,0.0,0.01,0.51
서울,F41 종합 건설업,2023,99294,1.71,1.8,0.95
서울,F42 전문직별 공사업,2023,309151,5.33,5.76,0.93
서울,G45 자동차 및 부품 판매업,2023,28212,0.49,0.52,0.93
서울,G46 도매 및 상품 중개업,2023,486861,8.39,5.69,1.47
서울,G47 소매업; 자동차 제외,2023,435283,7.5,7.83,0.96
서울,H49 육상운송 및 파이프라인 운송업,2023,192469,3.32,4.09,0.81
서울,H50 수상 운송업,2023,9012,0.16,0.09,1.68
서울,H51 항공 운송업,2023,25445,0.44,0.13,3.45
서울,H52 창고 및 운송관련 서비스업,2023,58565,1.01,1.3,0.78
서울,I55 숙박업,2023,31417,0.54,0.72,0.76
서울,I56 음식점 및 주점업,2023,431499,7.44,8.32,0.89
서울,J58 출판업,2023,264581,4.56,1.66,2.75
서울,J59 영상ㆍ오디오 기록물 제작 및 배급업,2023,51161,0.88,0.33,2.64
서울,J60 방송업,2023,19171,0.33,0.12,2.82
서울,J61 우편 및 통신업,2023,28162,0.49,0.36,1.35
서울,J62 컴퓨터 프로그래밍 시스템 통합 및 관리업,2023,102996,1.78,0.67,2.65
서울,J63 정보서비스업,2023,41472,0.71,0.3,2.4
서울,K64 금융업,2023,143120,2.47,1.2,2.06
서울,K65 보험 및 연금업,2023,58263,1.0,0.81,1.25
서울,K66 금융 및 보험 관련 서비스업,2023,92104,1.59,0.87,1.82
서울,L68 부동산업,2023,193591,3.34,2.65,1.26
서울,M70 연구개발업,2023,73301,1.26,1.22,1.04
서울,M71 전문 서비스업,2023,370629,6.39,2.52,2.53
서울,M72 건축기술 엔지니어링 및 기타 과학기술 서비스업,2023,131446,2.27,1.66,1.37
서울,M73 기타 전문 과학 및 기술 서비스업,2023,53128,0.92,0.47,1.96
서울,N74 사업시설 관리 및 조경 서비스업,2023,124461,2.15,1.39,1.54
서울,N75 사업지원 서비스업,2023,382992,6.6,3.55,1.86
서울,N76 임대업; 부동산 제외,2023,17337,0.3,0.31,0.95
서울,O84 공공행정 국방 및 사회보장 행정,2023,157992,2.72,3.53,0.77
서울,P85 교육 서비스업,2023,364171,6.28,6.75,0.93
서울,Q86 보건업,2023,276003,4.76,4.64,1.03
서울,Q87 사회복지 서비스업,2023,210952,3.64,5.45,0.67
서울,R90 창작 예술 및 여가관련 서비스업,2023,34293,0.59,0.5,1.18
서울,R91 스포츠 및 오락관련 서비스업,2023,57702,0.99,1.29,0.77
서울,S94 협회 및 단체,2023,63980,1.1,1.08,1.02
서울,S95 개인 및 소비용품 수리업,2023,32854,0.57,0.86,0.66
서울,S96 기타 개인 서비스업,2023,86998,1.5,1.69,0.89
세종,A01 농업,2020,257,0.18,0.18,1.01
세종,A02 임업,2020,6,0.0,0.05,0.09
세종,B07 비금속광물 광업; 연료용 제외,2020,114,0.08,0.05,1.64
세종,C10 식료품 제조업,2020,2965,2.12,1.49,1.42
세종,C11 음료 제조업,2020,74,0.05,0.08,0.65
세종,C13 섬유제품 제조업; 의복제외,2020,160,0.11,0.6,0.19
세종,C14 의복 의복 액세서리 및 모피제품 제조업,2020,34,0.02,0.52,0.05
세종,C15 가죽 가방 및 신발 제조업,2020,93,0.07,0.14,0.49
세종,C16 목재 및 나무제품 제조업; 가구 제외,2020,128,0.09,0.17,0.55
세종,C17 펄프 종이 및 종이제품 제조업,2020,794,0.57,0.34,1.66
세종,C18 인쇄 및 기록매체 복제업,2020,675,0.48,0.31,1.57
세종,C20 화학물질 및 화학제품 제조업; 의약품 제외,2020,1662,1.19,0.76,1.56
세종,C21 의료용 물질 및 의약품 제조업,2020,1117,0.8,0.22,3.61
세종,C22 고무 및 플라스틱제품 제조업,2020,1611,1.15,1.18,0.98
세종,C23 비금속 광물제품 제조업,2020,1840,1.32,0.49,2.69
세종,C24 1차 금속 제조업,2020,571,0.41,0.66,0.62
세종,C25 금속가공제품 제조업; 기계 및 가구 제외,2020,671,0.48,1.9,0.25
세종,C26 전자부품 컴퓨터 영상 음향 및 통신장비 제조업,2020,2208,1.58,1.61,0.98
세종,C27 의료 정밀 광학기기 및 시계 제조업,2020,1099,0.79,0.59,1.33
세종,C28 전기장비 제조업,2020,1934,1.38,1.15,1.21
세종,C29 기타 기계 및 장비 제조업,2020,550,0.39,2.04,0.19
세종,C30 자동차 및 트레일러 제조업,2020,1659,1.19,1.46,0.82
세종,C31 기타 운송장비 제조업,2020,20,0.01,0.52,0.03
세종,C32 가구 제조업,2020,80,0.06,0.29,0.2
세종,C33 기타 제품 제조업,2020,327,0.23,0.34,0.69
세종,C34 산업용 기계 및 장비 수리업,2020,155,0.11,0.25,0.45
세종,D35 전기 가스 증기 및 공기조절 공급업,2020,920,0.66,0.57,1.15
세종,E37 하수 폐수 및 분뇨 처리업,2020,74,0.05,0.09,0.59
세종,E38 폐기물 수집 운반 처리 및 원료 재생업,2020,630,0.45,0.34,1.33
세종,F41 종합 건설업,2020,2991,2.14,2.19,0.98
세종,F42 전문직별 공사업,2020,6669,4.77,6.51,0.73
세종,G45 자동차 및 부품 판매업,2020,365,0.26,0.56,0.47
세종,G46 도매 및 상품 중개업,2020,3752,2.69,6.6,0.41
세종,G47 소매업; 자동차 제외,2020,8411,6.02,7.71,0.78
세종,H49 육상운송 및 파이프라인 운송업,2020,3794,2.72,3.91,0.7
세종,H52 창고 및 운송관련 서비스업,2020,1051,0.75,1.21,0.62
세종,I55 숙박업,2020,218,0.16,0.7,0.22
세종,I56 음식점 및 주점업,2020,11128,7.96,7.74,1.03
세종,J58 출판업,2020,1091,0.78,1.48,0.53
세종,J59 영상ㆍ오디오 기록물 제작 및 배급업,2020,184,0.13,0.27,0.49
세종,J60 방송업,2020,198,0.14,0.12,1.2
세종,J61 우편 및 통신업,2020,301,0.22,0.36,0.6
세종,J62 컴퓨터 프로그래밍 시스템 통합 및 관리업,2020,549,0.39,0.62,0.64
세종,J63 정보서비스업,2020,180,0.13,0.27,0.47
세종,K64 금융업,2020,1047,0.75,1.2,0.62
세종,K65 보험 및 연금업,2020,884,0.63,0.9,0.7
세종,K66 금융 및 보험 관련 서비스업,2020,234,0.17,0.83,0.2
세종,L68 부동산업,2020,5327,3.81,2.76,1.38
세종,M70 연구개발업,2020,4808,3.44,1.13,3.04
세종,M71 전문 서비스업,2020,1575,1.13,2.35,0.48
세종,M72 건축기술 엔지니어링 및 기타 과학기술 서비스업,2020,1439,1.03,1.55,0.67
세종,M73 기타 전문 과학 및 기술 서비스업,2020,476,0.34,0.48,0.72
세종,N74 사업시설 관리 및 조경 서비스업,2020,1417,1.01,1.34,0.76
세종,N75 사업지원 서비스업,2020,3167,2.27,3.65,0.62
세종,N76 임대업; 부동산 제외,2020,369,0.26,0.32,0.84
세종,O84 공공행정 국방 및 사회보장 행정,2020,21609,15.47,3.33,4.64
세종,P85 교육 서비스업,2020,15688,11.23,6.66,1.69
세종,Q86 보건업,2020,4468,3.2,4.4,0.73
세종,Q87 사회복지 서비스업,2020,7133,5.11,4.67,1.09
세종,R90 창작 예술 및 여가관련 서비스업,2020,911,0.65,0.49,1.33
세종,R91 스포츠 및 오락관련 서비스업,2020,1545,1.11,1.21,0.92
세종,S94 협회 및 단체,2020,1428,1.02,1.05,0.98
세종,S95 개인 및 소비용품 수리업,2020,887,0.63,0.96,0.66
세종,S96 기타 개인 서비스업,2020,1998,1.43,1.68,0.85
세종,A01 농업,2021,275,0.18,0.19,0.93
세종,A02 임업,2021,19,0.01,0.04,0.28
세종,B07 비금속광물 광업; 연료용 제외,2021,83,0.05,0.05,1.1
세종,C10 식료품 제조업,2021,2910,1.9,1.5,1.27
세종,C11 음료 제조업,2021,71,0.05,0.08,0.57
세종,C13 섬유제품 제조업; 의복제외,2021,156,0.1,0.57,0.18
세종,C14 의복 의복 액세서리 및 모피제품 제조업,2021,44,0.03,0.49,0.06
세종,C15 가죽 가방 및 신발 제조업,2021,92,0.06,0.13,0.47
세종,C16 목재 및 나무제품 제조업; 가구 제외,2021,122,0.08,0.16,0.5
세종,C17 펄프 종이 및 종이제품 제조업,2021,759,0.5,0.34,1.46
세종,C18 인쇄 및 기록매체 복제업,2021,783,0.51,0.29,1.76
세종,C20 화학물질 및 화학제품 제조업; 의약품 제외,2021,1785,1.17,0.78,1.5
세종,C21 의료용 물질 및 의약품 제조업,2021,1464,0.96,0.24,4.0
세종,C22 고무 및 플라스틱제품 제조업,2021,1555,1.02,1.15,0.88
세종,C23 비금속 광물제품 제조업,2021,1861,1.22,0.48,2.52
세종,C24 1차 금속 제조업,2021,530,0.35,0.67,0.52
세종,C25 금속가공제품 제조업; 기계 및 가구 제외,2021,597,0.39,1.81,0.22
세종,C26 전자부품 컴퓨터 영상 음향 및 통신장비 제조업,2021,2672,1.75,1.64,1.07
세종,C27 의료 정밀 광학기기 및 시계 제조업,2021,1003,0.66,0.59,1.11
세종,C28 전기장비 제조업,2021,1852,1.21,1.14,1.06
세종,C29 기타 기계 및 장비 제조업,2021,575,0.38,2.01,0.19
세종,C30 자동차 및 트레일러 제조업,2021,1628,1.06,1.43,0.75
세종,C31 기타 운송장비 제조업,2021,53,0.03,0.51,0.07
세종,C32 가구 제조업,2021,69,0.05,0.27,0.17
세종,C33 기타 제품 제조업,2021,359,0.23,0.32,0.73
세종,C34 산업용 기계 및 장비 수리업,2021,139,0.09,0.24,0.38
세종,D35 전기 가스 증기 및 공기조절 공급업,2021,887,0.58,0.63,0.92
세종,E37 하수 폐수 및 분뇨 처리업,2021,102,0.07,0.09,0.72
세종,E38 폐기물 수집 운반 처리 및 원료 재생업,2021,675,0.44,0.35,1.25
세종,F41 종합 건설업,2021,3134,2.05,1.98,1.04
세종,F42 전문직별 공사업,2021,6695,4.38,5.99,0.73
세종,G45 자동차 및 부품 판매업,2021,379,0.25,0.56,0.44
세종,G46 도매 및 상품 중개업,2021,3931,2.57,6.27,0.41
세종,G47 소매업; 자동차 제외,2021,9462,6.19,7.88,0.78
세종,H49 육상운송 및 파이프라인 운송업,2021,4351,2.84,3.99,0.71
세종,H52 창고 및 운송관련 서비스업,2021,1111,0.73,1.26,0.58
세종,I55 숙박업,2021,229,0.15,0.68,0.22
세종,I56 음식점 및 주점업,2021,12124,7.93,7.77,1.02
세종,J58 출판업,2021,1227,0.8,1.58,0.51
세종,J59 영상ㆍ오디오 기록물 제작 및 배급업,2021,208,0.14,0.31,0.44
세종,J60 방송업,2021,212,0.14,0.12,1.12
세종,J61 우편 및 통신업,2021,320,0.21,0.36,0.57
세종,J62 컴퓨터 프로그래밍 시스템 통합 및 관리업,2021,806,0.53,0.66,0.8
세종,J63 정보서비스업,2021,202,0.13,0.3,0.45
세종,K64 금융업,2021,1166,0.76,1.21,0.63
세종,K65 보험 및 연금업,2021,881,0.58,0.91,0.63
세종,K66 금융 및 보험 관련 서비스업,2021,270,0.18,0.85,0.21
세종,L68 부동산업,2021,6005,3.93,2.82,1.39
세종,M70 연구개발업,2021,4735,3.1,1.2,2.58
세종,M71 전문 서비스업,2021,1905,1.25,2.35,0.53
세종,M72 건축기술 엔지니어링 및 기타 과학기술 서비스업,2021,1712,1.12,1.6,0.7
세종,M73 기타 전문 과학 및 기술 서비스업,2021,563,0.37,0.49,0.76
세종,N74 사업시설 관리 및 조경 서비스업,2021,1299,0.85,1.32,0.65
세종,N75 사업지원 서비스업,2021,3777,2.47,3.58,0.69
세종,N76 임대업; 부동산 제외,2021,470,0.31,0.32,0.96
세종,O84 공공행정 국방 및 사회보장 행정,2021,24237,15.84,3.47,4.56
세종,P85 교육 서비스업,2021,17491,11.43,6.77,1.69
세종,Q86 보건업,2021,5038,3.29,4.5,0.73
세종,Q87 사회복지 서비스업,2021,8081,5.28,4.96,1.07
세종,R90 창작 예술 및 여가관련 서비스업,2021,1040,0.68,0.49,1.39
세종,R91 스포츠 및 오락관련 서비스업,2021,1790,1.17,1.2,0.97
세종,S94 협회 및 단체,2021,1752,1.15,1.04,1.1
세종,S95 개인 및 소비용품 수리업,2021,992,0.65,0.92,0.7
세종,S96 기타 개인 서비스업,2021,2251,1.47,1.66,0.89
세종,A01 농업,2022,305,0.19,0.19,1.02
세종,A02 임업,2022,15,0.01,0.05,0.2
세종,B07 비금속광물 광업; 연료용 제외,2022,123,0.08,0.05,1.69
세종,C10 식료품 제조업,2022,3241,2.05,1.5,1.37
세종,C11 음료 제조업,2022,71,0.04,0.08,0.55
세종,C13 섬유제품 제조업; 의복제외,2022,147,0.09,0.54,0.17
세종,C14 의복 의복 액세서리 및 모피제품 제조업,2022,53,0.03,0.47,0.07
세종,C15 가죽 가방 및 신발 제조업,2022,277,0.18,0.12,1.44
세종,C16 목재 및 나무제품 제조업; 가구 제외,2022,136,0.09,0.16,0.54
세종,C17 펄프 종이 및 종이제품 제조업,2022,824,0.52,0.34,1.55
세종,C18 인쇄 및 기록매체 복제업,2022,837,0.53,0.28,1.86
세종,C20 화학물질 및 화학제품 제조업; 의약품 제외,2022,1986,1.26,0.78,1.61
세종,C21 의료용 물질 및 의약품 제조업,2022,1833,1.16,0.25,4.63
세종,C22 고무 및 플라스틱제품 제조업,2022,1614,1.02,1.13,0.9
세종,C23 비금속 광물제품 제조업,2022,1827,1.16,0.48,2.41
세종,C24 1차 금속 제조업,2022,533,0.34,0.67,0.5
세종,C25 금속가공제품 제조업; 기계 및 가구 제외,2022,706,0.45,1.8,0.25
세종,C26 전자부품 컴퓨터 영상 음향 및 통신장비 제조업,2022,2826,1.79,1.62,1.11
세종,C27 의료 정밀 광학기기 및 시계 제조업,2022,992,0.63,0.59,1.06
세종,C28 전기장비 제조업,2022,1857,1.17,1.14,1.03
세종,C29 기타 기계 및 장비 제조업,2022,749,0.47,2.02,0.23
세종,C30 자동차 및 트레일러 제조업,2022,1410,0.89,1.47,0.61
세종,C31 기타 운송장비 제조업,2022,28,0.02,0.52,0.03
세종,C32 가구 제조업,2022,78,0.05,0.27,0.18
세종,C33 기타 제품 제조업,2022,334,0.21,0.32,0.67
세종,C34 산업용 기계 및 장비 수리업,2022,152,0.1,0.25,0.38
세종,D35 전기 가스 증기 및 공기조절 공급업,2022,796,0.5,0.64,0.79
세종,E37 하수 폐수 및 분뇨 처리업,2022,102,0.06,0.09,0.73
세종,E38 폐기물 수집 운반 처리 및 원료 재생업,2022,648,0.41,0.36,1.15
세종,F41 종합 건설업,2022,2662,1.68,1.98,0.85
세종,F42 전문직별 공사업,2022,5968,3.77,5.77,0.65
세종,G45 자동차 및 부품 판매업,2022,387,0.24,0.53,0.46
세종,G46 도매 및 상품 중개업,2022,3881,2.45,5.81,0.42
세종,G47 소매업; 자동차 제외,2022,10331,6.53,7.85,0.83
세종,H49 육상운송 및 파이프라인 운송업,2022,4626,2.92,4.02,0.73
세종,H52 창고 및 운송관련 서비스업,2022,1253,0.79,1.26,0.63
세종,I55 숙박업,2022,255,0.16,0.69,0.23
세종,I56 음식점 및 주점업,2022,12927,8.17,8.09,1.01
세종,J58 출판업,2022,1525,0.96,1.67,0.58
세종,J59 영상ㆍ오디오 기록물 제작 및 배급업,2022,232,0.15,0.33,0.45
세종,J60 방송업,2022,200,0.13,0.12,1.07
세종,J61 우편 및 통신업,2022,226,0.14,0.37,0.39
세종,J62 컴퓨터 프로그래밍 시스템 통합 및 관리업,2022,1119,0.71,0.67,1.05
세종,J63 정보서비스업,2022,149,0.09,0.31,0.3
세종,K64 금융업,2022,1071,0.68,1.2,0.57
세종,K65 보험 및 연금업,2022,988,0.62,0.87,0.72
세종,K66 금융 및 보험 관련 서비스업,2022,288,0.18,0.83,0.22
세종,L68 부동산업,2022,6085,3.85,2.74,1.4
세종,M70 연구개발업,2022,4906,3.1,1.24,2.51
세종,M71 전문 서비스업,2022,2118,1.34,2.39,0.56
세종,M72 건축기술 엔지니어링 및 기타 과학기술 서비스업,2022,1919,1.21,1.6,0.76
세종,M73 기타 전문 과학 및 기술 서비스업,2022,655,0.41,0.48,0.87
세종,N74 사업시설 관리 및 조경 서비스업,2022,1239,0.78,1.31,0.6
세종,N75 사업지원 서비스업,2022,3788,2.39,3.55,0.68
세종,N76 임대업; 부동산 제외,2022,452,0.29,0.3,0.95
세종,O84 공공행정 국방 및 사회보장 행정,2022,23510,14.86,3.53,4.22
세종,P85 교육 서비스업,2022,18465,11.67,6.83,1.71
세종,Q86 보건업,2022,5476,3.46,4.59,0.75
세종,Q87 사회복지 서비스업,2022,8544,5.4,5.15,1.05
세종,R90 창작 예술 및 여가관련 서비스업,2022,1235,0.78,0.49,1.6
세종,R91 스포츠 및 오락관련 서비스업,2022,2005,1.27,1.27,0.99
세종,S94 협회 및 단체,2022,1826,1.15,1.02,1.13
세종,S95 개인 및 소비용품 수리업,2022,996,0.63,0.88,0.71
세종,S96 기타 개인 서비스업,2022,2356,1.49,1.7,0.87
세종,A01 농업,2023,296,0.18,0.19,0.97
세종,A02 임업,2023,9,0.01,0.05,0.12
세종,B07 비금속광물 광업; 연료용 제외,2023,133,0.08,0.04,1.85
세종,C10 식료품 제조업,2023,3407,2.08,1.47,1.42
세종,C11 음료 제조업,2023,65,0.04,0.08,0.48
세종,C13 섬유제품 제조업; 의복제외,2023,128,0.08,0.5,0.16
세종,C14 의복 의복 액세서리 및 모피제품 제조업,2023,28,0.02,0.43,0.04
세종,C15 가죽 가방 및 신발 제조업,2023,274,0.17,0.11,1.59
세종,C16 목재 및 나무제품 제조업; 가구 제외,2023,143,0.09,0.15,0.58
세종,C17 펄프 종이 및 종이제품 제조업,2023,806,0.49,0.33,1.48
세종,C18 인쇄 및 기록매체 복제업,2023,812,0.5,0.27,1.85
세종,C20 화학물질 및 화학제품 제조업; 의약품 제외,2023,2564,1.57,0.75,2.08
세종,C21 의료용 물질 및 의약품 제조업,2023,1616,0.99,0.25,3.99
세종,C22 고무 및 플라스틱제품 제조업,2023,1687,1.03,1.09,0.95
세종,C23 비금속 광물제품 제조업,2023,1973,1.21,0.46,2.61
세종,C24 1차 금속 제조업,2023,467,0.29,0.67,0.43
세종,C25 금속가공제품 제조업; 기계 및 가구 제외,2023,735,0.45,1.74,0.26
세종,C26 전자부품 컴퓨터 영상 음향 및 통신장비 제조업,2023,2919,1.79,1.56,1.14
세종,C27 의료 정밀 광학기기 및 시계 제조업,2023,1058,0.65,0.59,1.1
세종,C28 전기장비 제조업,2023,1763,1.08,1.09,0.98
세종,C29 기타 기계 및 장비 제조업,2023,872,0.53,1.96,0.27
세종,C30 자동차 및 트레일러 제조업,2023,1557,0.95,1.43,0.66
세종,C31 기타 운송장비 제조업,2023,34,0.02,0.54,0.04
세종,C32 가구 제조업,2023,64,0.04,0.25,0.16
세종,C33 기타 제품 제조업,2023,296,0.18,0.29,0.62
세종,C34 산업용 기계 및 장비 수리업,2023,140,0.09,0.26,0.33
세종,D35 전기 가스 증기 및 공기조절 공급업,2023,968,0.59,0.69,0.86
세종,E37 하수 폐수 및 분뇨 처리업,2023,116,0.07,0.09,0.83
세종,E38 폐기물 수집 운반 처리 및 원료 재생업,2023,663,0.41,0.35,1.17
세종,F41 종합 건설업,2023,2508,1.53,1.8,0.85
세종,F42 전문직별 공사업,2023,6061,3.71,5.76,0.64
세종,G45 자동차 및 부품 판매업,2023,420,0.26,0.52,0.49
세종,G46 도매 및 상품 중개업,2023,4046,2.47,5.69,0.43
세종,G47 소매업; 자동차 제외,2023,10153,6.21,7.83,0.79
세종,H49 육상운송 및 파이프라인 운송업,2023,4595,2.81,4.09,0.69
세종,H52 창고 및 운송관련 서비스업,2023,1352,0.83,1.3,0.64
세종,I55 숙박업,2023,358,0.22,0.72,0.31
세종,I56 음식점 및 주점업,2023,13590,8.31,8.32,1.0
세종,J58 출판업,2023,1561,0.95,1.66,0.58
세종,J59 영상ㆍ오디오 기록물 제작 및 배급업,2023,291,0.18,0.33,0.53
세종,J60 방송업,2023,205,0.13,0.12,1.07
세종,J61 우편 및 통신업,2023,242,0.15,0.36,0.41
세종,J62 컴퓨터 프로그래밍 시스템 통합 및 관리업,2023,1297,0.79,0.67,1.18
세종,J63 정보서비스업,2023,196,0.12,0.3,0.4
세종,K64 금융업,2023,1224,0.75,1.2,0.62
세종,K65 보험 및 연금업,2023,978,0.6,0.81,0.74
세종,K66 금융 및 보험 관련 서비스업,2023,353,0.22,0.87,0.25
세종,L68 부동산업,2023,5908,3.61,2.65,1.36
세종,M70 연구개발업,2023,5379,3.29,1.22,2.69
세종,M71 전문 서비스업,2023,2364,1.45,2.52,0.57
세종,M72 건축기술 엔지니어링 및 기타 과학기술 서비스업,2023,1984,1.21,1.66,0.73
세종,M73 기타 전문 과학 및 기술 서비스업,2023,652,0.4,0.47,0.86
세종,N74 사업시설 관리 및 조경 서비스업,2023,1889,1.16,1.39,0.83
세종,N75 사업지원 서비스업,2023,3614,2.21,3.55,0.62
세종,N76 임대업; 부동산 제외,2023,445,0.27,0.31,0.86
세종,O84 공공행정 국방 및 사회보장 행정,2023,24686,15.1,3.53,4.27
세종,P85 교육 서비스업,2023,19185,11.73,6.75,1.74
세종,Q86 보건업,2023,5651,3.46,4.64,0.74
세종,Q87 사회복지 서비스업,2023,8007,4.9,5.45,0.9
세종,R90 창작 예술 및 여가관련 서비스업,2023,1240,0.76,0.5,1.51
세종,R91 스포츠 및 오락관련 서비스업,2023,2143,1.31,1.29,1.02
세종,S94 협회 및 단체,2023,1961,1.2,1.08,1.11
세종,S95 개인 및 소비용품 수리업,2023,999,0.61,0.86,0.71
세종,S96 기타 개인 서비스업,2023,2396,1.47,1.69,0.86
울산,A01 농업,2020,129,0.02,0.18,0.13
울산,A02 임업,2020,227,0.04,0.05,0.89
울산,A03 어업,2020,30,0.01,0.03,0.19
울산,B07 비금속광물 광업; 연료용 제외,2020,211,0.04,0.05,0.78
울산,C10 식료품 제조업,2020,3480,0.64,1.49,0.43
울산,C11 음료 제조업,2020,167,0.03,0.08,0.38
울산,C13 섬유제품 제조업; 의복제외,2020,3981,0.73,0.6,1.21
울산,C14 의복 의복 액세서리 및 모피제품 제조업,2020,367,0.07,0.52,0.13
울산,C15 가죽 가방 및 신발 제조업,2020,117,0.02,0.14,0.16
울산,C16 목재 및 나무제품 제조업; 가구 제외,2020,877,0.16,0.17,0.97
울산,C17 펄프 종이 및 종이제품 제조업,2020,1695,0.31,0.34,0.91
울산,C18 인쇄 및 기록매체 복제업,2020,536,0.1,0.31,0.32
울산,C19 코크스 연탄 및 석유정제품 제조업,2020,5292,0.97,0.05,18.79
울산,C20 화학물질 및 화학제품 제조업; 의약품 제외,2020,17247,3.17,0.76,4.17
울산,C21 의료용 물질 및 의약품 제조업,2020,126,0.02,0.22,0.1
울산,C22 고무 및 플라스틱제품 제조업,2020,6158,1.13,1.18,0.96
울산,C23 비금속 광물제품 제조업,2020,1708,0.31,0.49,0.64
울산,C24 1차 금속 제조업,2020,7210,1.33,0.66,2.0
울산,C25 금속가공제품 제조업; 기계 및 가구 제외,2020,10814,1.99,1.9,1.05
울산,C26 전자부품 컴퓨터 영상 음향 및 통신장비 제조업,2020,583,0.11,1.61,0.07
울산,C27 의료 정밀 광학기기 및 시계 제조업,2020,1880,0.35,0.59,0.58
울산,C28 전기장비 제조업,2020,9440,1.74,1.15,1.52
울산,C29 기타 기계 및 장비 제조업,2020,13019,2.4,2.04,1.17
울산,C30 자동차 및 트레일러 제조업,2020,52228,9.61,1.46,6.6
울산,C31 기타 운송장비 제조업,2020,35219,6.48,0.52,12.37
울산,C32 가구 제조업,2020,533,0.1,0.29,0.34
울산,C33 기타 제품 제조업,2020,968,0.18,0.34,0.52
울산,C34 산업용 기계 및 장비 수리업,2020,2088,0.38,0.25,1.56
울산,D35 전기 가스 증기 및 공기조절 공급업,2020,2603,0.48,0.57,0.83
울산,E36 수도업,2020,284,0.05,0.08,0.66
울산,E37 하수 폐수 및 분뇨 처리업,2020,425,0.08,0.09,0.87
울산,E38 폐기물 수집 운반 처리 및 원료 재생업,2020,1737,0.32,0.34,0.94
울산,F41 종합 건설업,2020,15087,2.78,2.19,1.27
울산,F42 전문직별 공사업,2020,31612,5.82,6.51,0.89
울산,G45 자동차 및 부품 판매업,2020,2555,0.47,0.56,0.84
울산,G46 도매 및 상품 중개업,2020,19008,3.5,6.6,0.53
울산,G47 소매업; 자동차 제외,2020,34829,6.41,7.71,0.83
울산,H49 육상운송 및 파이프라인 운송업,2020,21099,3.88,3.91,0.99
울산,H50 수상 운송업,2020,890,0.16,0.09,1.82
울산,H51 항공 운송업,2020,57,0.01,0.14,0.07
울산,H52 창고 및 운송관련 서비스업,2020,6767,1.25,1.21,1.03
울산,I55 숙박업,2020,2587,0.48,0.7,0.68
울산,I56 음식점 및 주점업,2020,43177,7.95,7.74,1.03
울산,J58 출판업,2020,1520,0.28,1.48,0.19
울산,J59 영상ㆍ오디오 기록물 제작 및 배급업,2020,236,0.04,0.27,0.16
울산,J60 방송업,2020,489,0.09,0.12,0.76
울산,J61 우편 및 통신업,2020,1098,0.2,0.36,0.56
울산,J62 컴퓨터 프로그래밍 시스템 통합 및 관리업,2020,818,0.15,0.62,0.24
울산,J63 정보서비스업,2020,167,0.03,0.27,0.11
울산,K64 금융업,2020,4116,0.76,1.2,0.63
울산,K65 보험 및 연금업,2020,5718,1.05,0.9,1.17
울산,K66 금융 및 보험 관련 서비스업,2020,2911,0.54,0.83,0.64
울산,L68 부동산업,2020,9983,1.84,2.76,0.67
울산,M70 연구개발업,2020,2050,0.38,1.13,0.33
울산,M71 전문 서비스업,2020,5396,0.99,2.35,0.42
울산,M72 건축기술 엔지니어링 및 기타 과학기술 서비스업,2020,9975,1.84,1.55,1.19
울산,M73 기타 전문 과학 및 기술 서비스업,2020,1641,0.3,0.48,0.63
울산,N74 사업시설 관리 및 조경 서비스업,2020,5196,0.96,1.34,0.72
울산,N75 사업지원 서비스업,2020,13668,2.52,3.65,0.69
울산,N76 임대업; 부동산 제외,2020,1116,0.21,0.32,0.65
울산,O84 공공행정 국방 및 사회보장 행정,2020,15414,2.84,3.33,0.85
울산,P85 교육 서비스업,2020,35750,6.58,6.66,0.99
울산,Q86 보건업,2020,21354,3.93,4.4,0.89
울산,Q87 사회복지 서비스업,2020,20244,3.73,4.67,0.8
울산,R90 창작 예술 및 여가관련 서비스업,2020,1860,0.34,0.49,0.7
울산,R91 스포츠 및 오락관련 서비스업,2020,5229,0.96,1.21,0.8
울산,S94 협회 및 단체,2020,3720,0.68,1.05,0.65
울산,S95 개인 및 소비용품 수리업,2020,5190,0.96,0.96,0.99
울산,S96 기타 개인 서비스업,2020,9395,1.73,1.68,1.03
울산,A01 농업,2021,165,0.03,0.19,0.16
울산,A02 임업,2021,207,0.04,0.04,0.85
울산,A03 어업,2021,32,0.01,0.03,0.21
울산,B07 비금속광물 광업; 연료용 제외,2021,214,0.04,0.05,0.8
울산,C10 식료품 제조업,2021,3383,0.62,1.5,0.41
울산,C11 음료 제조업,2021,164,0.03,0.08,0.37
울산,C13 섬유제품 제조업; 의복제외,2021,4001,0.74,0.57,1.3
울산,C14 의복 의복 액세서리 및 모피제품 제조업,2021,413,0.08,0.49,0.16
울산,C15 가죽 가방 및 신발 제조업,2021,117,0.02,0.13,0.17
울산,C16 목재 및 나무제품 제조업; 가구 제외,2021,817,0.15,0.16,0.94
울산,C17 펄프 종이 및 종이제품 제조업,2021,1790,0.33,0.34,0.97
울산,C18 인쇄 및 기록매체 복제업,2021,472,0.09,0.29,0.3
울산,C19 코크스 연탄 및 석유정제품 제조업,2021,5155,0.95,0.06,16.92
울산,C20 화학물질 및 화학제품 제조업; 의약품 제외,2021,17510,3.22,0.78,4.13
울산,C21 의료용 물질 및 의약품 제조업,2021,130,0.02,0.24,0.1
울산,C22 고무 및 플라스틱제품 제조업,2021,6609,1.22,1.15,1.05
울산,C23 비금속 광물제품 제조업,2021,1558,0.29,0.48,0.59
울산,C24 1차 금속 제조업,2021,7409,1.36,0.67,2.04
울산,C25 금속가공제품 제조업; 기계 및 가구 제외,2021,10486,1.93,1.81,1.06
울산,C26 전자부품 컴퓨터 영상 음향 및 통신장비 제조업,2021,603,0.11,1.64,0.07
울산,C27 의료 정밀 광학기기 및 시계 제조업,2021,1798,0.33,0.59,0.56
울산,C28 전기장비 제조업,2021,9845,1.81,1.14,1.58
울산,C29 기타 기계 및 장비 제조업,2021,12958,2.38,2.01,1.18
울산,C30 자동차 및 트레일러 제조업,2021,51852,9.53,1.43,6.69
울산,C31 기타 운송장비 제조업,2021,36807,6.77,0.51,13.22
울산,C32 가구 제조업,2021,474,0.09,0.27,0.32
울산,C33 기타 제품 제조업,2021,912,0.17,0.32,0.52
울산,C34 산업용 기계 및 장비 수리업,2021,2145,0.39,0.24,1.63
울산,D35 전기 가스 증기 및 공기조절 공급업,2021,2789,0.51,0.63,0.81
울산,E36 수도업,2021,314,0.06,0.08,0.71
울산,E37 하수 폐수 및 분뇨 처리업,2021,422,0.08,0.09,0.83
울산,E38 폐기물 수집 운반 처리 및 원료 재생업,2021,1951,0.36,0.35,1.02
울산,E39 환경 정화 및 복원업,2021,65,0.01,0.01,1.7
울산,F41 종합 건설업,2021,9021,1.66,1.98,0.84
울산,F42 전문직별 공사업,2021,29395,5.4,5.99,0.9
울산,G45 자동차 및 부품 판매업,2021,2647,0.49,0.56,0.86
울산,G46 도매 및 상품 중개업,2021,17923,3.3,6.27,0.53
울산,G47 소매업; 자동차 제외,2021,35723,6.57,7.88,0.83
울산,H49 육상운송 및 파이프라인 운송업,2021,22705,4.17,3.99,1.05
울산,H50 수상 운송업,2021,884,0.16,0.09,1.8
울산,H51 항공 운송업,2021,24,0.0,0.12,0.04
울산,H52 창고 및 운송관련 서비스업,2021,6857,1.26,1.26,1.0
울산,I55 숙박업,2021,2356,0.43,0.68,0.63
울산,I56 음식점 및 주점업,2021,42597,7.83,7.77,1.01
울산,J58 출판업,2021,1606,0.3,1.58,0.19
울산,J59 영상ㆍ오디오 기록물 제작 및 배급업,2021,295,0.05,0.31,0.18
울산,J60 방송업,2021,493,0.09,0.12,0.73
울산,J61 우편 및 통신업,2021,1150,0.21,0.36,0.58
울산,J62 컴퓨터 프로그래밍 시스템 통합 및 관리업,2021,1095,0.2,0.66,0.3
울산,J63 정보서비스업,2021,183,0.03,0.3,0.11
울산,K64 금융업,2021,4126,0.76,1.21,0.62
울산,K65 보험 및 연금업,2021,5677,1.04,0.91,1.15
울산,K66 금융 및 보험 관련 서비스업,2021,2826,0.52,0.85,0.61
울산,L68 부동산업,2021,11608,2.13,2.82,0.76
울산,M70 연구개발업,2021,2386,0.44,1.2,0.36
울산,M71 전문 서비스업,2021,5542,1.02,2.35,0.43
울산,M72 건축기술 엔지니어링 및 기타 과학기술 서비스업,2021,10164,1.87,1.6,1.17
울산,M73 기타 전문 과학 및 기술 서비스업,2021,1736,0.32,0.49,0.66
울산,N74 사업시설 관리 및 조경 서비스업,2021,5078,0.93,1.32,0.71
울산,N75 사업지원 서비스업,2021,14945,2.75,3.58,0.77
울산,N76 임대업; 부동산 제외,2021,1172,0.22,0.32,0.68
울산,O84 공공행정 국방 및 사회보장 행정,2021,16546,3.04,3.47,0.88
울산,P85 교육 서비스업,2021,35027,6.44,6.77,0.95
울산,Q86 보건업,2021,22193,4.08,4.5,0.91
울산,Q87 사회복지 서비스업,2021,20761,3.82,4.96,0.77
울산,R90 창작 예술 및 여가관련 서비스업,2021,1949,0.36,0.49,0.73
울산,R91 스포츠 및 오락관련 서비스업,2021,5484,1.01,1.2,0.84
울산,S94 협회 및 단체,2021,3867,0.71,1.04,0.68
울산,S95 개인 및 소비용품 수리업,2021,4830,0.89,0.92,0.96
울산,S96 기타 개인 서비스업,2021,9485,1.74,1.66,1.05
울산,A01 농업,2022,171,0.03,0.19,0.16
울산,A02 임업,2022,277,0.05,0.05,1.09
울산,A03 어업,2022,48,0.01,0.03,0.32
울산,B07 비금속광물 광업; 연료용 제외,2022,190,0.03,0.05,0.76
울산,C10 식료품 제조업,2022,3359,0.61,1.5,0.41
울산,C11 음료 제조업,2022,156,0.03,0.08,0.35
울산,C13 섬유제품 제조업; 의복제외,2022,3540,0.65,0.54,1.19
울산,C14 의복 의복 액세서리 및 모피제품 제조업,2022,378,0.07,0.47,0.15
울산,C15 가죽 가방 및 신발 제조업,2022,130,0.02,0.12,0.19
울산,C16 목재 및 나무제품 제조업; 가구 제외,2022,891,0.16,0.16,1.01
울산,C17 펄프 종이 및 종이제품 제조업,2022,1656,0.3,0.34,0.9
울산,C18 인쇄 및 기록매체 복제업,2022,451,0.08,0.28,0.29
울산,C19 코크스 연탄 및 석유정제품 제조업,2022,5161,0.94,0.05,17.61
울산,C20 화학물질 및 화학제품 제조업; 의약품 제외,2022,17465,3.19,0.78,4.1
울산,C21 의료용 물질 및 의약품 제조업,2022,121,0.02,0.25,0.09
울산,C22 고무 및 플라스틱제품 제조업,2022,6147,1.12,1.13,0.99
울산,C23 비금속 광물제품 제조업,2022,1599,0.29,0.48,0.61
울산,C24 1차 금속 제조업,2022,7299,1.33,0.67,1.98
울산,C25 금속가공제품 제조업; 기계 및 가구 제외,2022,9863,1.8,1.8,1.0
울산,C26 전자부품 컴퓨터 영상 음향 및 통신장비 제조업,2022,657,0.12,1.62,0.07
울산,C27 의료 정밀 광학기기 및 시계 제조업,2022,1720,0.31,0.59,0.53
울산,C28 전기장비 제조업,2022,9321,1.7,1.14,1.5
울산,C29 기타 기계 및 장비 제조업,2022,12748,2.33,2.02,1.15
울산,C30 자동차 및 트레일러 제조업,2022,54454,9.94,1.47,6.75
울산,C31 기타 운송장비 제조업,2022,35799,6.54,0.52,12.5
울산,C32 가구 제조업,2022,437,0.08,0.27,0.3
울산,C33 기타 제품 제조업,2022,934,0.17,0.32,0.54
울산,C34 산업용 기계 및 장비 수리업,2022,2415,0.44,0.25,1.73
울산,D35 전기 가스 증기 및 공기조절 공급업,2022,2910,0.53,0.64,0.83
울산,E36 수도업,2022,299,0.05,0.08,0.68
울산,E37 하수 폐수 및 분뇨 처리업,2022,442,0.08,0.09,0.91
울산,E38 폐기물 수집 운반 처리 및 원료 재생업,2022,2125,0.39,0.36,1.09
울산,E39 환경 정화 및 복원업,2022,67,0.01,0.01,1.69
울산,F41 종합 건설업,2022,10178,1.86,1.98,0.94
울산,F42 전문직별 공사업,2022,30972,5.65,5.77,0.98
울산,G45 자동차 및 부품 판매업,2022,2433,0.44,0.53,0.84
울산,G46 도매 및 상품 중개업,2022,16581,3.03,5.81,0.52
울산,G47 소매업; 자동차 제외,2022,36643,6.69,7.85,0.85
울산,H49 육상운송 및 파이프라인 운송업,2022,22241,4.06,4.02,1.01
울산,H50 수상 운송업,2022,986,0.18,0.09,2.07
울산,H51 항공 운송업,2022,24,0.0,0.12,0.04
울산,H52 창고 및 운송관련 서비스업,2022,6463,1.18,1.26,0.94
울산,I55 숙박업,2022,2382,0.43,0.69,0.63
울산,I56 음식점 및 주점업,2022,43875,8.01,8.09,0.99
울산,J58 출판업,2022,1612,0.29,1.67,0.18
울산,J59 영상ㆍ오디오 기록물 제작 및 배급업,2022,413,0.08,0.33,0.23
울산,J60 방송업,2022,474,0.09,0.12,0.73
울산,J61 우편 및 통신업,2022,1183,0.22,0.37,0.59
울산,J62 컴퓨터 프로그래밍 시스템 통합 및 관리업,2022,1068,0.19,0.67,0.29
울산,J63 정보서비스업,2022,172,0.03,0.31,0.1
울산,K64 금융업,2022,4062,0.74,1.2,0.62
울산,K65 보험 및 연금업,2022,5465,1.0,0.87,1.15
울산,K66 금융 및 보험 관련 서비스업,2022,2885,0.53,0.83,0.63
울산,L68 부동산업,2022,11231,2.05,2.74,0.75
울산,M70 연구개발업,2022,2582,0.47,1.24,0.38
울산,M71 전문 서비스업,2022,5581,1.02,2.39,0.43
울산,M72 건축기술 엔지니어링 및 기타 과학기술 서비스업,2022,10519,1.92,1.6,1.2
울산,M73 기타 전문 과학 및 기술 서비스업,2022,1903,0.35,0.48,0.73
울산,N74 사업시설 관리 및 조경 서비스업,2022,5261,0.96,1.31,0.73
울산,N75 사업지원 서비스업,2022,14059,2.57,3.55,0.72
울산,N76 임대업; 부동산 제외,2022,1135,0.21,0.3,0.69
울산,O84 공공행정 국방 및 사회보장 행정,2022,17121,3.13,3.53,0.89
울산,P85 교육 서비스업,2022,34543,6.31,6.83,0.92
울산,Q86 보건업,2022,22602,4.13,4.59,0.9
울산,Q87 사회복지 서비스업,2022,21987,4.01,5.15,0.78
울산,R90 창작 예술 및 여가관련 서비스업,2022,1932,0.35,0.49,0.72
울산,R91 스포츠 및 오락관련 서비스업,2022,5755,1.05,1.27,0.82
울산,S94 협회 및 단체,2022,3936,0.72,1.02,0.71
울산,S95 개인 및 소비용품 수리업,2022,4766,0.87,0.88,0.99
울산,S96 기타 개인 서비스업,2022,9453,1.73,1.7,1.01
울산,A01 농업,2023,188,0.03,0.19,0.18
울산,A02 임업,2023,222,0.04,0.05,0.87
울산,A03 어업,2023,62,0.01,0.02,0.47
울산,B07 비금속광물 광업; 연료용 제외,2023,141,0.03,0.04,0.58
울산,C10 식료품 제조업,2023,3416,0.62,1.47,0.42
울산,C11 음료 제조업,2023,161,0.03,0.08,0.36
울산,C13 섬유제품 제조업; 의복제외,2023,3980,0.72,0.5,1.45
울산,C14 의복 의복 액세서리 및 모피제품 제조업,2023,324,0.06,0.43,0.14
울산,C15 가죽 가방 및 신발 제조업,2023,114,0.02,0.11,0.2
울산,C16 목재 및 나무제품 제조업; 가구 제외,2023,879,0.16,0.15,1.05
울산,C17 펄프 종이 및 종이제품 제조업,2023,1713,0.31,0.33,0.93
울산,C18 인쇄 및 기록매체 복제업,2023,427,0.08,0.27,0.29
울산,C19 코크스 연탄 및 석유정제품 제조업,2023,5094,0.92,0.05,17.81
울산,C20 화학물질 및 화학제품 제조업; 의약품 제외,2023,17014,3.08,0.75,4.09
울산,C21 의료용 물질 및 의약품 제조업,2023,81,0.01,0.25,0.06
울산,C22 고무 및 플라스틱제품 제조업,2023,5541,1.0,1.09,0.92
울산,C23 비금속 광물제품 제조업,2023,1645,0.3,0.46,0.65
울산,C24 1차 금속 제조업,2023,7357,1.33,0.67,2.0
울산,C25 금속가공제품 제조업; 기계 및 가구 제외,2023,9169,1.66,1.74,0.95
울산,C26 전자부품 컴퓨터 영상 음향 및 통신장비 제조업,2023,570,0.1,1.56,0.07
울산,C27 의료 정밀 광학기기 및 시계 제조업,2023,1765,0.32,0.59,0.55
울산,C28 전기장비 제조업,2023,9264,1.68,1.09,1.53
울산,C29 기타 기계 및 장비 제조업,2023,12355,2.24,1.96,1.14
울산,C30 자동차 및 트레일러 제조업,2023,53682,9.73,1.43,6.79
울산,C31 기타 운송장비 제조업,2023,33476,6.07,0.54,11.25
울산,C32 가구 제조업,2023,378,0.07,0.25,0.27
울산,C33 기타 제품 제조업,2023,758,0.14,0.29,0.47
울산,C34 산업용 기계 및 장비 수리업,2023,2029,0.37,0.26,1.41
울산,D35 전기 가스 증기 및 공기조절 공급업,2023,2877,0.52,0.69,0.76
울산,E36 수도업,2023,384,0.07,0.08,0.89
울산,E37 하수 폐수 및 분뇨 처리업,2023,390,0.07,0.09,0.83
울산,E38 폐기물 수집 운반 처리 및 원료 재생업,2023,1989,0.36,0.35,1.04
울산,E39 환경 정화 및 복원업,2023,66,0.01,0.01,1.77
울산,F41 종합 건설업,2023,11187,2.03,1.8,1.13
울산,F42 전문직별 공사업,2023,34071,6.18,5.76,1.07
울산,G45 자동차 및 부품 판매업,2023,2316,0.42,0.52,0.8
울산,G46 도매 및 상품 중개업,2023,16188,2.93,5.69,0.52
울산,G47 소매업; 자동차 제외,2023,36150,6.55,7.83,0.84
울산,H49 육상운송 및 파이프라인 운송업,2023,22789,4.13,4.09,1.01
울산,H50 수상 운송업,2023,928,0.17,0.09,1.82
울산,H52 창고 및 운송관련 서비스업,2023,7121,1.29,1.3,1.0
울산,I55 숙박업,2023,2405,0.44,0.72,0.61
울산,I56 음식점 및 주점업,2023,45042,8.17,8.32,0.98
울산,J58 출판업,2023,1407,0.26,1.66,0.15
울산,J59 영상ㆍ오디오 기록물 제작 및 배급업,2023,498,0.09,0.33,0.27
울산,J60 방송업,2023,457,0.08,0.12,0.71
울산,J61 우편 및 통신업,2023,1158,0.21,0.36,0.58
울산,J62 컴퓨터 프로그래밍 시스템 통합 및 관리업,2023,1120,0.2,0.67,0.3
울산,J63 정보서비스업,2023,122,0.02,0.3,0.07
울산,K64 금융업,2023,3919,0.71,1.2,0.59
울산,K65 보험 및 연금업,2023,4487,0.81,0.81,1.01
울산,K66 금융 및 보험 관련 서비스업,2023,3826,0.69,0.87,0.79
울산,L68 부동산업,2023,11078,2.01,2.65,0.76
울산,M70 연구개발업,2023,2616,0.47,1.22,0.39
울산,M71 전문 서비스업,2023,5663,1.03,2.52,0.41
울산,M72 건축기술 엔지니어링 및 기타 과학기술 서비스업,2023,11297,2.05,1.66,1.23
울산,M73 기타 전문 과학 및 기술 서비스업,2023,1188,0.22,0.47,0.46
울산,N74 사업시설 관리 및 조경 서비스업,2023,5567,1.01,1.39,0.72
울산,N75 사업지원 서비스업,2023,14512,2.63,3.55,0.74
울산,N76 임대업; 부동산 제외,2023,1301,0.24,0.31,0.75
울산,O84 공공행정 국방 및 사회보장 행정,2023,16375,2.97,3.53,0.84
울산,P85 교육 서비스업,2023,36112,6.55,6.75,0.97
울산,Q86 보건업,2023,23393,4.24,4.64,0.91
울산,Q87 사회복지 서비스업,2023,23416,4.24,5.45,0.78
울산,R90 창작 예술 및 여가관련 서비스업,2023,1958,0.35,0.5,0.71
울산,R91 스포츠 및 오락관련 서비스업,2023,5833,1.06,1.29,0.82
울산,S94 협회 및 단체,2023,4444,0.81,1.08,0.75
울산,S95 개인 및 소비용품 수리업,2023,4659,0.84,0.86,0.98
울산,S96 기타 개인 서비스업,2023,9504,1.72,1.69,1.02
인천,A01 농업,2020,409,0.03,0.18,0.19
인천,A02 임업,2020,16,0.0,0.05,0.03
인천,A03 어업,2020,60,0.0,0.03,0.17
인천,B07 비금속광물 광업; 연료용 제외,2020,567,0.05,0.05,0.94
인천,C10 식료품 제조업,2020,13115,1.09,1.49,0.73
인천,C11 음료 제조업,2020,101,0.01,0.08,0.1
인천,C13 섬유제품 제조업; 의복제외,2020,3831,0.32,0.6,0.52
인천,C14 의복 의복 액세서리 및 모피제품 제조업,2020,3338,0.28,0.52,0.53
인천,C15 가죽 가방 및 신발 제조업,2020,799,0.07,0.14,0.49
인천,C16 목재 및 나무제품 제조업; 가구 제외,2020,6550,0.54,0.17,3.27
인천,C17 펄프 종이 및 종이제품 제조업,2020,3099,0.26,0.34,0.75
인천,C18 인쇄 및 기록매체 복제업,2020,2944,0.24,0.31,0.79
인천,C19 코크스 연탄 및 석유정제품 제조업,2020,768,0.06,0.05,1.23
인천,C20 화학물질 및 화학제품 제조업; 의약품 제외,2020,10186,0.84,0.76,1.11
인천,C21 의료용 물질 및 의약품 제조업,2020,6804,0.56,0.22,2.55
인천,C22 고무 및 플라스틱제품 제조업,2020,18437,1.53,1.18,1.3
인천,C23 비금속 광물제품 제조업,2020,4024,0.33,0.49,0.68
인천,C24 1차 금속 제조업,2020,11767,0.97,0.66,1.47
인천,C25 금속가공제품 제조업; 기계 및 가구 제외,2020,37186,3.08,1.9,1.62
인천,C26 전자부품 컴퓨터 영상 음향 및 통신장비 제조업,2020,29204,2.42,1.61,1.5
인천,C27 의료 정밀 광학기기 및 시계 제조업,2020,7125,0.59,0.59,1.0
인천,C28 전기장비 제조업,2020,19369,1.6,1.15,1.4
인천,C29 기타 기계 및 장비 제조업,2020,42408,3.51,2.04,1.72
인천,C30 자동차 및 트레일러 제조업,2020,19332,1.6,1.46,1.1
인천,C31 기타 운송장비 제조업,2020,836,0.07,0.52,0.13
인천,C32 가구 제조업,2020,5127,0.42,0.29,1.46
인천,C33 기타 제품 제조업,2020,5150,0.43,0.34,1.25
인천,C34 산업용 기계 및 장비 수리업,2020,2106,0.17,0.25,0.71
인천,D35 전기 가스 증기 및 공기조절 공급업,2020,4403,0.36,0.57,0.63
인천,E36 수도업,2020,919,0.08,0.08,0.96
인천,E37 하수 폐수 및 분뇨 처리업,2020,1328,0.11,0.09,1.23
인천,E38 폐기물 수집 운반 처리 및 원료 재생업,2020,5351,0.44,0.34,1.31
인천,E39 환경 정화 및 복원업,2020,63,0.01,0.01,0.78
인천,F41 종합 건설업,2020,23003,1.9,2.19,0.87
인천,F42 전문직별 공사업,2020,69867,5.78,6.51,0.89
인천,G45 자동차 및 부품 판매업,2020,9859,0.82,0.56,1.46
인천,G46 도매 및 상품 중개업,2020,68570,5.68,6.6,0.86
인천,G47 소매업; 자동차 제외,2020,94347,7.81,7.71,1.01
인천,H49 육상운송 및 파이프라인 운송업,2020,63063,5.22,3.91,1.34
인천,H50 수상 운송업,2020,1332,0.11,0.09,1.22
인천,H51 항공 운송업,2020,2014,0.17,0.14,1.19
인천,H52 창고 및 운송관련 서비스업,2020,29627,2.45,1.21,2.03
인천,I55 숙박업,2020,7056,0.58,0.7,0.84
인천,I56 음식점 및 주점업,2020,94694,7.84,7.74,1.01
인천,J58 출판업,2020,5662,0.47,1.48,0.32
인천,J59 영상ㆍ오디오 기록물 제작 및 배급업,2020,1457,0.12,0.27,0.45
인천,J60 방송업,2020,347,0.03,0.12,0.24
인천,J61 우편 및 통신업,2020,3107,0.26,0.36,0.71
인천,J62 컴퓨터 프로그래밍 시스템 통합 및 관리업,2020,2577,0.21,0.62,0.35
인천,J63 정보서비스업,2020,877,0.07,0.27,0.27
인천,K64 금융업,2020,9039,0.75,1.2,0.62
인천,K65 보험 및 연금업,2020,8430,0.7,0.9,0.77
인천,K66 금융 및 보험 관련 서비스업,2020,7149,0.59,0.83,0.71
인천,L68 부동산업,2020,31465,2.6,2.76,0.94
인천,M70 연구개발업,2020,10701,0.89,1.13,0.78
인천,M71 전문 서비스업,2020,15681,1.3,2.35,0.55
인천,M72 건축기술 엔지니어링 및 기타 과학기술 서비스업,2020,11725,0.97,1.55,0.63
인천,M73 기타 전문 과학 및 기술 서비스업,2020,3815,0.32,0.48,0.66
인천,N74 사업시설 관리 및 조경 서비스업,2020,22516,1.86,1.34,1.39
인천,N75 사업지원 서비스업,2020,31691,2.62,3.65,0.72
인천,N76 임대업; 부동산 제외,2020,3323,0.28,0.32,0.87
인천,O84 공공행정 국방 및 사회보장 행정,2020,40912,3.39,3.33,1.02
인천,P85 교육 서비스업,2020,77194,6.39,6.66,0.96
인천,Q86 보건업,2020,56056,4.64,4.4,1.05
인천,Q87 사회복지 서비스업,2020,69860,5.78,4.67,1.24
인천,R90 창작 예술 및 여가관련 서비스업,2020,4316,0.36,0.49,0.73
인천,R91 스포츠 및 오락관련 서비스업,2020,15343,1.27,1.21,1.05
인천,S94 협회 및 단체,2020,11202,0.93,1.05,0.88
인천,S95 개인 및 소비용품 수리업,2020,13639,1.13,0.96,1.17
인천,S96 기타 개인 서비스업,2020,20031,1.66,1.68,0.99
인천,A01 농업,2021,523,0.04,0.19,0.22
인천,A02 임업,2021,41,0.0,0.04,0.07
인천,A03 어업,2021,84,0.01,0.03,0.25
인천,B07 비금속광물 광업; 연료용 제외,2021,509,0.04,0.05,0.84
인천,C10 식료품 제조업,2021,14307,1.17,1.5,0.78
인천,C11 음료 제조업,2021,119,0.01,0.08,0.12
인천,C13 섬유제품 제조업; 의복제외,2021,3475,0.28,0.57,0.5
인천,C14 의복 의복 액세서리 및 모피제품 제조업,2021,3287,0.27,0.49,0.55
인천,C15 가죽 가방 및 신발 제조업,2021,789,0.06,0.13,0.51
인천,C16 목재 및 나무제품 제조업; 가구 제외,2021,6523,0.53,0.16,3.35
인천,C17 펄프 종이 및 종이제품 제조업,2021,3046,0.25,0.34,0.73
인천,C18 인쇄 및 기록매체 복제업,2021,2802,0.23,0.29,0.79
인천,C19 코크스 연탄 및 석유정제품 제조업,2021,766,0.06,0.06,1.12
인천,C20 화학물질 및 화학제품 제조업; 의약품 제외,2021,10377,0.85,0.78,1.09
인천,C21 의료용 물질 및 의약품 제조업,2021,7526,0.62,0.24,2.57
인천,C22 고무 및 플라스틱제품 제조업,2021,18104,1.48,1.15,1.28
인천,C23 비금속 광물제품 제조업,2021,4042,0.33,0.48,0.69
인천,C24 1차 금속 제조업,2021,11164,0.91,0.67,1.36
인천,C25 금속가공제품 제조업; 기계 및 가구 제외,2021,35017,2.86,1.81,1.58
인천,C26 전자부품 컴퓨터 영상 음향 및 통신장비 제조업,2021,28942,2.37,1.64,1.45
인천,C27 의료 정밀 광학기기 및 시계 제조업,2021,7141,0.58,0.59,0.99
인천,C28 전기장비 제조업,2021,18355,1.5,1.14,1.31
인천,C29 기타 기계 및 장비 제조업,2021,42612,3.48,2.01,1.73
인천,C30 자동차 및 트레일러 제조업,2021,18991,1.55,1.43,1.09
인천,C31 기타 운송장비 제조업,2021,850,0.07,0.51,0.14
인천,C32 가구 제조업,2021,4846,0.4,0.27,1.45
인천,C33 기타 제품 제조업,2021,4965,0.41,0.32,1.25
인천,C34 산업용 기계 및 장비 수리업,2021,2311,0.19,0.24,0.78
인천,D35 전기 가스 증기 및 공기조절 공급업,2021,4644,0.38,0.63,0.6
인천,E36 수도업,2021,925,0.08,0.08,0.93
인천,E37 하수 폐수 및 분뇨 처리업,2021,1273,0.1,0.09,1.12
인천,E38 폐기물 수집 운반 처리 및 원료 재생업,2021,5614,0.46,0.35,1.3
인천,E39 환경 정화 및 복원업,2021,47,0.0,0.01,0.55
인천,F41 종합 건설업,2021,20817,1.7,1.98,0.86
인천,F42 전문직별 공사업,2021,66553,5.44,5.99,0.91
인천,G45 자동차 및 부품 판매업,2021,9717,0.79,0.56,1.41
인천,G46 도매 및 상품 중개업,2021,64537,5.28,6.27,0.84
인천,G47 소매업; 자동차 제외,2021,98846,8.08,7.88,1.03
인천,H49 육상운송 및 파이프라인 운송업,2021,62889,5.14,3.99,1.29
인천,H50 수상 운송업,2021,1189,0.1,0.09,1.08
인천,H51 항공 운송업,2021,1921,0.16,0.12,1.28
인천,H52 창고 및 운송관련 서비스업,2021,29244,2.39,1.26,1.9
인천,I55 숙박업,2021,7057,0.58,0.68,0.84
인천,I56 음식점 및 주점업,2021,96060,7.85,7.77,1.01
인천,J58 출판업,2021,6150,0.5,1.58,0.32
인천,J59 영상ㆍ오디오 기록물 제작 및 배급업,2021,1662,0.14,0.31,0.44
인천,J60 방송업,2021,371,0.03,0.12,0.24
인천,J61 우편 및 통신업,2021,3176,0.26,0.36,0.71
인천,J62 컴퓨터 프로그래밍 시스템 통합 및 관리업,2021,2436,0.2,0.66,0.3
인천,J63 정보서비스업,2021,1114,0.09,0.3,0.31
인천,K64 금융업,2021,9133,0.75,1.21,0.61
인천,K65 보험 및 연금업,2021,8065,0.66,0.91,0.72
인천,K66 금융 및 보험 관련 서비스업,2021,6759,0.55,0.85,0.65
인천,L68 부동산업,2021,32906,2.69,2.82,0.95
인천,M70 연구개발업,2021,11407,0.93,1.2,0.78
인천,M71 전문 서비스업,2021,16289,1.33,2.35,0.57
인천,M72 건축기술 엔지니어링 및 기타 과학기술 서비스업,2021,11507,0.94,1.6,0.59
인천,M73 기타 전문 과학 및 기술 서비스업,2021,4150,0.34,0.49,0.7
인천,N74 사업시설 관리 및 조경 서비스업,2021,23999,1.96,1.32,1.49
인천,N75 사업지원 서비스업,2021,37220,3.04,3.58,0.85
인천,N76 임대업; 부동산 제외,2021,3512,0.29,0.32,0.9
인천,O84 공공행정 국방 및 사회보장 행정,2021,42352,3.46,3.47,1.0
인천,P85 교육 서비스업,2021,79359,6.49,6.77,0.96
인천,Q86 보건업,2021,56957,4.66,4.5,1.03
인천,Q87 사회복지 서비스업,2021,78539,6.42,4.96,1.3
인천,R90 창작 예술 및 여가관련 서비스업,2021,4166,0.34,0.49,0.7
인천,R91 스포츠 및 오락관련 서비스업,2021,15144,1.24,1.2,1.03
인천,S94 협회 및 단체,2021,10578,0.86,1.04,0.83
인천,S95 개인 및 소비용품 수리업,2021,13243,1.08,0.92,1.17
인천,S96 기타 개인 서비스업,2021,20406,1.67,1.66,1.01
인천,A01 농업,2022,516,0.04,0.19,0.22
인천,A02 임업,2022,22,0.0,0.05,0.04
인천,A03 어업,2022,78,0.01,0.03,0.22
인천,B07 비금속광물 광업; 연료용 제외,2022,428,0.03,0.05,0.75
인천,C10 식료품 제조업,2022,14759,1.18,1.5,0.79
인천,C11 음료 제조업,2022,146,0.01,0.08,0.14
인천,C13 섬유제품 제조업; 의복제외,2022,3325,0.27,0.54,0.49
인천,C14 의복 의복 액세서리 및 모피제품 제조업,2022,3252,0.26,0.47,0.55
인천,C15 가죽 가방 및 신발 제조업,2022,787,0.06,0.12,0.52
인천,C16 목재 및 나무제품 제조업; 가구 제외,2022,6757,0.54,0.16,3.37
인천,C17 펄프 종이 및 종이제품 제조업,2022,2993,0.24,0.34,0.71
인천,C18 인쇄 및 기록매체 복제업,2022,2704,0.22,0.28,0.76
인천,C19 코크스 연탄 및 석유정제품 제조업,2022,758,0.06,0.05,1.13
인천,C20 화학물질 및 화학제품 제조업; 의약품 제외,2022,11022,0.88,0.78,1.13
인천,C21 의료용 물질 및 의약품 제조업,2022,8581,0.69,0.25,2.74
인천,C22 고무 및 플라스틱제품 제조업,2022,18186,1.45,1.13,1.29
인천,C23 비금속 광물제품 제조업,2022,4106,0.33,0.48,0.68
인천,C24 1차 금속 제조업,2022,11066,0.89,0.67,1.32
인천,C25 금속가공제품 제조업; 기계 및 가구 제외,2022,35041,2.8,1.8,1.56
인천,C26 전자부품 컴퓨터 영상 음향 및 통신장비 제조업,2022,29673,2.37,1.62,1.47
인천,C27 의료 정밀 광학기기 및 시계 제조업,2022,7531,0.6,0.59,1.01
인천,C28 전기장비 제조업,2022,18195,1.46,1.14,1.28
인천,C29 기타 기계 및 장비 제조업,2022,42213,3.38,2.02,1.67
인천,C30 자동차 및 트레일러 제조업,2022,18995,1.52,1.47,1.03
인천,C31 기타 운송장비 제조업,2022,1001,0.08,0.52,0.15
인천,C32 가구 제조업,2022,4874,0.39,0.27,1.46
인천,C33 기타 제품 제조업,2022,4646,0.37,0.32,1.18
인천,C34 산업용 기계 및 장비 수리업,2022,2057,0.16,0.25,0.65
인천,D35 전기 가스 증기 및 공기조절 공급업,2022,4486,0.36,0.64,0.56
인천,E36 수도업,2022,955,0.08,0.08,0.95
인천,E37 하수 폐수 및 분뇨 처리업,2022,1324,0.11,0.09,1.19
인천,E38 폐기물 수집 운반 처리 및 원료 재생업,2022,5459,0.44,0.36,1.22
인천,E39 환경 정화 및 복원업,2022,58,0.0,0.01,0.64
인천,F41 종합 건설업,2022,21084,1.69,1.98,0.85
인천,F42 전문직별 공사업,2022,63153,5.05,5.77,0.88
인천,G45 자동차 및 부품 판매업,2022,9049,0.72,0.53,1.36
인천,G46 도매 및 상품 중개업,2022,59600,4.77,5.81,0.82
인천,G47 소매업; 자동차 제외,2022,102851,8.23,7.85,1.05
인천,H49 육상운송 및 파이프라인 운송업,2022,65020,5.2,4.02,1.29
인천,H50 수상 운송업,2022,1248,0.1,0.09,1.15
인천,H51 항공 운송업,2022,1749,0.14,0.12,1.16
인천,H52 창고 및 운송관련 서비스업,2022,29190,2.33,1.26,1.86
인천,I55 숙박업,2022,6912,0.55,0.69,0.8
인천,I56 음식점 및 주점업,2022,102869,8.23,8.09,1.02
인천,J58 출판업,2022,7214,0.58,1.67,0.35
인천,J59 영상ㆍ오디오 기록물 제작 및 배급업,2022,2044,0.16,0.33,0.5
인천,J60 방송업,2022,350,0.03,0.12,0.24
인천,J61 우편 및 통신업,2022,3215,0.26,0.37,0.7
인천,J62 컴퓨터 프로그래밍 시스템 통합 및 관리업,2022,2615,0.21,0.67,0.31
인천,J63 정보서비스업,2022,997,0.08,0.31,0.26
인천,K64 금융업,2022,8766,0.7,1.2,0.59
인천,K65 보험 및 연금업,2022,8063,0.64,0.87,0.74
인천,K66 금융 및 보험 관련 서비스업,2022,6865,0.55,0.83,0.66
인천,L68 부동산업,2022,32522,2.6,2.74,0.95
인천,M70 연구개발업,2022,11676,0.93,1.24,0.75
인천,M71 전문 서비스업,2022,16022,1.28,2.39,0.54
인천,M72 건축기술 엔지니어링 및 기타 과학기술 서비스업,2022,11178,0.89,1.6,0.56
인천,M73 기타 전문 과학 및 기술 서비스업,2022,4128,0.33,0.48,0.69
인천,N74 사업시설 관리 및 조경 서비스업,2022,23103,1.85,1.31,1.41
인천,N75 사업지원 서비스업,2022,39550,3.16,3.55,0.89
인천,N76 임대업; 부동산 제외,2022,3420,0.27,0.3,0.91
인천,O84 공공행정 국방 및 사회보장 행정,2022,44887,3.59,3.53,1.02
인천,P85 교육 서비스업,2022,82746,6.62,6.83,0.97
인천,Q86 보건업,2022,61244,4.9,4.59,1.07
인천,Q87 사회복지 서비스업,2022,84728,6.78,5.15,1.32
인천,R90 창작 예술 및 여가관련 서비스업,2022,4215,0.34,0.49,0.69
인천,R91 스포츠 및 오락관련 서비스업,2022,16873,1.35,1.27,1.06
인천,S94 협회 및 단체,2022,10873,0.87,1.02,0.85
인천,S95 개인 및 소비용품 수리업,2022,12451,1.0,0.88,1.13
인천,S96 기타 개인 서비스업,2022,21736,1.74,1.7,1.02
인천,A01 농업,2023,396,0.03,0.19,0.17
인천,A02 임업,2023,24,0.0,0.05,0.04
인천,A03 어업,2023,68,0.01,0.02,0.23
인천,B07 비금속광물 광업; 연료용 제외,2023,436,0.03,0.04,0.79
인천,C10 식료품 제조업,2023,14422,1.15,1.47,0.78
인천,C11 음료 제조업,2023,142,0.01,0.08,0.14
인천,C13 섬유제품 제조업; 의복제외,2023,2760,0.22,0.5,0.44
인천,C14 의복 의복 액세서리 및 모피제품 제조업,2023,2956,0.23,0.43,0.55
인천,C15 가죽 가방 및 신발 제조업,2023,623,0.05,0.11,0.47
인천,C16 목재 및 나무제품 제조업; 가구 제외,2023,6558,0.52,0.15,3.44
인천,C17 펄프 종이 및 종이제품 제조업,2023,2741,0.22,0.33,0.66
인천,C18 인쇄 및 기록매체 복제업,2023,2711,0.22,0.27,0.8
인천,C19 코크스 연탄 및 석유정제품 제조업,2023,752,0.06,0.05,1.15
인천,C20 화학물질 및 화학제품 제조업; 의약품 제외,2023,10516,0.84,0.75,1.11
인천,C21 의료용 물질 및 의약품 제조업,2023,8679,0.69,0.25,2.78
인천,C22 고무 및 플라스틱제품 제조업,2023,17652,1.4,1.09,1.29
인천,C23 비금속 광물제품 제조업,2023,3630,0.29,0.46,0.62
인천,C24 1차 금속 제조업,2023,10776,0.86,0.67,1.29
인천,C25 금속가공제품 제조업; 기계 및 가구 제외,2023,34702,2.76,1.74,1.58
인천,C26 전자부품 컴퓨터 영상 음향 및 통신장비 제조업,2023,29010,2.3,1.56,1.47
인천,C27 의료 정밀 광학기기 및 시계 제조업,2023,7594,0.6,0.59,1.03
인천,C28 전기장비 제조업,2023,19046,1.51,1.09,1.38
인천,C29 기타 기계 및 장비 제조업,2023,41422,3.29,1.96,1.68
인천,C30 자동차 및 트레일러 제조업,2023,17317,1.38,1.43,0.96
인천,C31 기타 운송장비 제조업,2023,871,0.07,0.54,0.13
인천,C32 가구 제조업,2023,4597,0.37,0.25,1.46
인천,C33 기타 제품 제조업,2023,4592,0.36,0.29,1.24
인천,C34 산업용 기계 및 장비 수리업,2023,1996,0.16,0.26,0.61
인천,D35 전기 가스 증기 및 공기조절 공급업,2023,4462,0.35,0.69,0.51
인천,E36 수도업,2023,867,0.07,0.08,0.88
인천,E37 하수 폐수 및 분뇨 처리업,2023,1321,0.1,0.09,1.23
인천,E38 폐기물 수집 운반 처리 및 원료 재생업,2023,5431,0.43,0.35,1.24
인천,E39 환경 정화 및 복원업,2023,76,0.01,0.01,0.89
인천,F41 종합 건설업,2023,19044,1.51,1.8,0.84
인천,F42 전문직별 공사업,2023,65408,5.2,5.76,0.9
인천,G45 자동차 및 부품 판매업,2023,9178,0.73,0.52,1.39
인천,G46 도매 및 상품 중개업,2023,59237,4.71,5.69,0.83
인천,G47 소매업; 자동차 제외,2023,105755,8.4,7.83,1.07
인천,H49 육상운송 및 파이프라인 운송업,2023,66397,5.27,4.09,1.29
인천,H50 수상 운송업,2023,1349,0.11,0.09,1.16
인천,H51 항공 운송업,2023,2135,0.17,0.13,1.33
인천,H52 창고 및 운송관련 서비스업,2023,30220,2.4,1.3,1.85
인천,I55 숙박업,2023,7558,0.6,0.72,0.84
인천,I56 음식점 및 주점업,2023,106872,8.49,8.32,1.02
인천,J58 출판업,2023,6754,0.54,1.66,0.32
인천,J59 영상ㆍ오디오 기록물 제작 및 배급업,2023,2431,0.19,0.33,0.58
인천,J60 방송업,2023,313,0.02,0.12,0.21
인천,J61 우편 및 통신업,2023,3054,0.24,0.36,0.67
인천,J62 컴퓨터 프로그래밍 시스템 통합 및 관리업,2023,2407,0.19,0.67,0.29
인천,J63 정보서비스업,2023,807,0.06,0.3,0.22
인천,K64 금융업,2023,8817,0.7,1.2,0.58
인천,K65 보험 및 연금업,2023,6988,0.56,0.81,0.69
인천,K66 금융 및 보험 관련 서비스업,2023,7731,0.61,0.87,0.7
인천,L68 부동산업,2023,32141,2.55,2.65,0.96
인천,M70 연구개발업,2023,10265,0.82,1.22,0.67
인천,M71 전문 서비스업,2023,16521,1.31,2.52,0.52
인천,M72 건축기술 엔지니어링 및 기타 과학기술 서비스업,2023,12511,0.99,1.66,0.6
인천,M73 기타 전문 과학 및 기술 서비스업,2023,4253,0.34,0.47,0.72
인천,N74 사업시설 관리 및 조경 서비스업,2023,24973,1.98,1.39,1.42
인천,N75 사업지원 서비스업,2023,37854,3.01,3.55,0.85
인천,N76 임대업; 부동산 제외,2023,3793,0.3,0.31,0.96
인천,O84 공공행정 국방 및 사회보장 행정,2023,45320,3.6,3.53,1.02
인천,P85 교육 서비스업,2023,81747,6.49,6.75,0.96
인천,Q86 보건업,2023,61828,4.91,4.64,1.06
인천,Q87 사회복지 서비스업,2023,88734,7.05,5.45,1.29
인천,R90 창작 예술 및 여가관련 서비스업,2023,4471,0.36,0.5,0.71
인천,R91 스포츠 및 오락관련 서비스업,2023,17057,1.36,1.29,1.05
인천,S94 협회 및 단체,2023,11661,0.93,1.08,0.86
인천,S95 개인 및 소비용품 수리업,2023,12344,0.98,0.86,1.14
인천,S96 기타 개인 서비스업,2023,21684,1.72,1.69,1.02
전남,A01 농업,2020,7068,0.83,0.18,4.59
전남,A02 임업,2020,1628,0.19,0.05,4.1
전남,A03 어업,2020,1585,0.19,0.03,6.38
전남,B07 비금속광물 광업; 연료용 제외,2020,2672,0.32,0.05,6.32
전남,C10 식료품 제조업,2020,27045,3.19,1.49,2.14
전남,C11 음료 제조업,2020,808,0.1,0.08,1.17
전남,C13 섬유제품 제조업; 의복제외,2020,1734,0.2,0.6,0.34
전남,C14 의복 의복 액세서리 및 모피제품 제조업,2020,657,0.08,0.52,0.15
전남,C15 가죽 가방 및 신발 제조업,2020,84,0.01,0.14,0.07
전남,C16 목재 및 나무제품 제조업; 가구 제외,2020,1300,0.15,0.17,0.92
전남,C17 펄프 종이 및 종이제품 제조업,2020,1127,0.13,0.34,0.39
전남,C18 인쇄 및 기록매체 복제업,2020,670,0.08,0.31,0.26
전남,C19 코크스 연탄 및 석유정제품 제조업,2020,2137,0.25,0.05,4.87
전남,C20 화학물질 및 화학제품 제조업; 의약품 제외,2020,17416,2.05,0.76,2.7
전남,C21 의료용 물질 및 의약품 제조업,2020,595,0.07,0.22,0.32
전남,C22 고무 및 플라스틱제품 제조업,2020,5935,0.7,1.18,0.59
전남,C23 비금속 광물제품 제조업,2020,7213,0.85,0.49,1.74
전남,C24 1차 금속 제조업,2020,12725,1.5,0.66,2.26
전남,C25 금속가공제품 제조업; 기계 및 가구 제외,2020,11371,1.34,1.9,0.71
전남,C26 전자부품 컴퓨터 영상 음향 및 통신장비 제조업,2020,816,0.1,1.61,0.06
전남,C27 의료 정밀 광학기기 및 시계 제조업,2020,1152,0.14,0.59,0.23
전남,C28 전기장비 제조업,2020,3947,0.47,1.15,0.41
전남,C29 기타 기계 및 장비 제조업,2020,5126,0.6,2.04,0.3
전남,C30 자동차 및 트레일러 제조업,2020,1219,0.14,1.46,0.1
전남,C31 기타 운송장비 제조업,2020,15128,1.79,0.52,3.41
전남,C32 가구 제조업,2020,999,0.12,0.29,0.41
전남,C33 기타 제품 제조업,2020,1667,0.2,0.34,0.58
전남,C34 산업용 기계 및 장비 수리업,2020,5052,0.6,0.25,2.42
전남,D35 전기 가스 증기 및 공기조절 공급업,2020,19607,2.31,0.57,4.03
전남,E36 수도업,2020,1216,0.14,0.08,1.81
전남,E37 하수 폐수 및 분뇨 처리업,2020,1493,0.18,0.09,1.97
전남,E38 폐기물 수집 운반 처리 및 원료 재생업,2020,4833,0.57,0.34,1.68
전남,E39 환경 정화 및 복원업,2020,193,0.02,0.01,3.39
전남,F41 종합 건설업,2020,33493,3.95,2.19,1.8
전남,F42 전문직별 공사업,2020,78841,9.3,6.51,1.43
전남,G45 자동차 및 부품 판매업,2020,3265,0.39,0.56,0.69
전남,G46 도매 및 상품 중개업,2020,38331,4.52,6.6,0.69
전남,G47 소매업; 자동차 제외,2020,66394,7.83,7.71,1.02
전남,H49 육상운송 및 파이프라인 운송업,2020,36640,4.32,3.91,1.11
전남,H50 수상 운송업,2020,2083,0.25,0.09,2.72
전남,H51 항공 운송업,2020,24,0.0,0.14,0.02
전남,H52 창고 및 운송관련 서비스업,2020,11153,1.32,1.21,1.09
전남,I55 숙박업,2020,9407,1.11,0.7,1.59
전남,I56 음식점 및 주점업,2020,66700,7.87,7.74,1.02
전남,J58 출판업,2020,2432,0.29,1.48,0.19
전남,J59 영상ㆍ오디오 기록물 제작 및 배급업,2020,578,0.07,0.27,0.26
전남,J60 방송업,2020,362,0.04,0.12,0.36
전남,J61 우편 및 통신업,2020,3501,0.41,0.36,1.14
전남,J62 컴퓨터 프로그래밍 시스템 통합 및 관리업,2020,1141,0.13,0.62,0.22
전남,J63 정보서비스업,2020,818,0.1,0.27,0.36
전남,K64 금융업,2020,9459,1.12,1.2,0.93
전남,K65 보험 및 연금업,2020,7664,0.9,0.9,1.0
전남,K66 금융 및 보험 관련 서비스업,2020,3367,0.4,0.83,0.48
전남,L68 부동산업,2020,13334,1.57,2.76,0.57
전남,M70 연구개발업,2020,3187,0.38,1.13,0.33
전남,M71 전문 서비스업,2020,5483,0.65,2.35,0.28
전남,M72 건축기술 엔지니어링 및 기타 과학기술 서비스업,2020,10408,1.23,1.55,0.79
전남,M73 기타 전문 과학 및 기술 서비스업,2020,2027,0.24,0.48,0.5
전남,N74 사업시설 관리 및 조경 서비스업,2020,10019,1.18,1.34,0.88
전남,N75 사업지원 서비스업,2020,15485,1.83,3.65,0.5
전남,N76 임대업; 부동산 제외,2020,2328,0.27,0.32,0.87
전남,O84 공공행정 국방 및 사회보장 행정,2020,48623,5.74,3.33,1.72
전남,P85 교육 서비스업,2020,55200,6.51,6.66,0.98
전남,Q86 보건업,2020,40065,4.73,4.4,1.07
전남,Q87 사회복지 서비스업,2020,50387,5.95,4.67,1.27
전남,R90 창작 예술 및 여가관련 서비스업,2020,4495,0.53,0.49,1.08
전남,R91 스포츠 및 오락관련 서비스업,2020,10761,1.27,1.21,1.05
전남,S94 협회 및 단체,2020,11316,1.34,1.05,1.27
전남,S95 개인 및 소비용품 수리업,2020,8234,0.97,0.96,1.01
전남,S96 기타 개인 서비스업,2020,14277,1.68,1.68,1.0
전남,A01 농업,2021,7300,0.85,0.19,4.42
전남,A02 임업,2021,1648,0.19,0.04,4.28
전남,A03 어업,2021,2237,0.26,0.03,9.53
전남,B07 비금속광물 광업; 연료용 제외,2021,2720,0.32,0.05,6.45
전남,C10 식료품 제조업,2021,27025,3.16,1.5,2.1
전남,C11 음료 제조업,2021,818,0.1,0.08,1.17
전남,C13 섬유제품 제조업; 의복제외,2021,1708,0.2,0.57,0.35
전남,C14 의복 의복 액세서리 및 모피제품 제조업,2021,618,0.07,0.49,0.15
전남,C15 가죽 가방 및 신발 제조업,2021,69,0.01,0.13,0.06
전남,C16 목재 및 나무제품 제조업; 가구 제외,2021,1341,0.16,0.16,0.98
전남,C17 펄프 종이 및 종이제품 제조업,2021,1055,0.12,0.34,0.36
전남,C18 인쇄 및 기록매체 복제업,2021,551,0.06,0.29,0.22
전남,C19 코크스 연탄 및 석유정제품 제조업,2021,2365,0.28,0.06,4.93
전남,C20 화학물질 및 화학제품 제조업; 의약품 제외,2021,18088,2.11,0.78,2.71
전남,C21 의료용 물질 및 의약품 제조업,2021,773,0.09,0.24,0.38
전남,C22 고무 및 플라스틱제품 제조업,2021,5790,0.68,1.15,0.59
전남,C23 비금속 광물제품 제조업,2021,6999,0.82,0.48,1.7
전남,C24 1차 금속 제조업,2021,12763,1.49,0.67,2.23
전남,C25 금속가공제품 제조업; 기계 및 가구 제외,2021,11029,1.29,1.81,0.71
전남,C26 전자부품 컴퓨터 영상 음향 및 통신장비 제조업,2021,978,0.11,1.64,0.07
전남,C27 의료 정밀 광학기기 및 시계 제조업,2021,1110,0.13,0.59,0.22
전남,C28 전기장비 제조업,2021,4619,0.54,1.14,0.47
전남,C29 기타 기계 및 장비 제조업,2021,5333,0.62,2.01,0.31
전남,C30 자동차 및 트레일러 제조업,2021,1167,0.14,1.43,0.1
전남,C31 기타 운송장비 제조업,2021,14563,1.7,0.51,3.32
전남,C32 가구 제조업,2021,904,0.11,0.27,0.39
전남,C33 기타 제품 제조업,2021,1556,0.18,0.32,0.56
전남,C34 산업용 기계 및 장비 수리업,2021,4885,0.57,0.24,2.36
전남,D35 전기 가스 증기 및 공기조절 공급업,2021,20450,2.39,0.63,3.79
전남,E36 수도업,2021,1204,0.14,0.08,1.73
전남,E37 하수 폐수 및 분뇨 처리업,2021,1727,0.2,0.09,2.17
전남,E38 폐기물 수집 운반 처리 및 원료 재생업,2021,4802,0.56,0.35,1.59
전남,E39 환경 정화 및 복원업,2021,233,0.03,0.01,3.86
전남,F41 종합 건설업,2021,27149,3.17,1.98,1.6
전남,F42 전문직별 공사업,2021,76049,8.88,5.99,1.48
전남,G45 자동차 및 부품 판매업,2021,3074,0.36,0.56,0.64
전남,G46 도매 및 상품 중개업,2021,38045,4.44,6.27,0.71
전남,G47 소매업; 자동차 제외,2021,67261,7.85,7.88,1.0
전남,H49 육상운송 및 파이프라인 운송업,2021,38759,4.53,3.99,1.13
전남,H50 수상 운송업,2021,2097,0.24,0.09,2.71
전남,H51 항공 운송업,2021,37,0.0,0.12,0.04
전남,H52 창고 및 운송관련 서비스업,2021,11936,1.39,1.26,1.11
전남,I55 숙박업,2021,10186,1.19,0.68,1.74
전남,I56 음식점 및 주점업,2021,67186,7.85,7.77,1.01
전남,J58 출판업,2021,2379,0.28,1.58,0.18
전남,J59 영상ㆍ오디오 기록물 제작 및 배급업,2021,681,0.08,0.31,0.26
전남,J60 방송업,2021,452,0.05,0.12,0.43
전남,J61 우편 및 통신업,2021,3587,0.42,0.36,1.15
전남,J62 컴퓨터 프로그래밍 시스템 통합 및 관리업,2021,1335,0.16,0.66,0.24
전남,J63 정보서비스업,2021,842,0.1,0.3,0.33
전남,K64 금융업,2021,9776,1.14,1.21,0.94
전남,K65 보험 및 연금업,2021,7512,0.88,0.91,0.96
전남,K66 금융 및 보험 관련 서비스업,2021,3347,0.39,0.85,0.46
전남,L68 부동산업,2021,14034,1.64,2.82,0.58
전남,M70 연구개발업,2021,3311,0.39,1.2,0.32
전남,M71 전문 서비스업,2021,6128,0.72,2.35,0.3
전남,M72 건축기술 엔지니어링 및 기타 과학기술 서비스업,2021,11456,1.34,1.6,0.84
전남,M73 기타 전문 과학 및 기술 서비스업,2021,2056,0.24,0.49,0.49
전남,N74 사업시설 관리 및 조경 서비스업,2021,10608,1.24,1.32,0.94
전남,N75 사업지원 서비스업,2021,15724,1.84,3.58,0.51
전남,N76 임대업; 부동산 제외,2021,2400,0.28,0.32,0.88
전남,O84 공공행정 국방 및 사회보장 행정,2021,50165,5.86,3.47,1.69
전남,P85 교육 서비스업,2021,55766,6.51,6.77,0.96
전남,Q86 보건업,2021,41288,4.82,4.5,1.07
전남,Q87 사회복지 서비스업,2021,52686,6.15,4.96,1.24
전남,R90 창작 예술 및 여가관련 서비스업,2021,4592,0.54,0.49,1.1
전남,R91 스포츠 및 오락관련 서비스업,2021,11145,1.3,1.2,1.08
전남,S94 협회 및 단체,2021,12741,1.49,1.04,1.43
전남,S95 개인 및 소비용품 수리업,2021,7941,0.93,0.92,1.0
전남,S96 기타 개인 서비스업,2021,14135,1.65,1.66,1.0
전남,A01 농업,2022,7270,0.84,0.19,4.44
전남,A02 임업,2022,1691,0.2,0.05,4.21
전남,A03 어업,2022,2200,0.26,0.03,9.2
전남,B07 비금속광물 광업; 연료용 제외,2022,2321,0.27,0.05,5.87
전남,C10 식료품 제조업,2022,27120,3.15,1.5,2.1
전남,C11 음료 제조업,2022,775,0.09,0.08,1.11
전남,C13 섬유제품 제조업; 의복제외,2022,1627,0.19,0.54,0.35
전남,C14 의복 의복 액세서리 및 모피제품 제조업,2022,600,0.07,0.47,0.15
전남,C15 가죽 가방 및 신발 제조업,2022,76,0.01,0.12,0.07
전남,C16 목재 및 나무제품 제조업; 가구 제외,2022,1408,0.16,0.16,1.02
전남,C17 펄프 종이 및 종이제품 제조업,2022,1098,0.13,0.34,0.38
전남,C18 인쇄 및 기록매체 복제업,2022,533,0.06,0.28,0.22
전남,C19 코크스 연탄 및 석유정제품 제조업,2022,2338,0.27,0.05,5.07
전남,C20 화학물질 및 화학제품 제조업; 의약품 제외,2022,16216,1.88,0.78,2.42
전남,C21 의료용 물질 및 의약품 제조업,2022,768,0.09,0.25,0.36
전남,C22 고무 및 플라스틱제품 제조업,2022,6272,0.73,1.13,0.64
전남,C23 비금속 광물제품 제조업,2022,6986,0.81,0.48,1.69
전남,C24 1차 금속 제조업,2022,12656,1.47,0.67,2.18
전남,C25 금속가공제품 제조업; 기계 및 가구 제외,2022,11003,1.28,1.8,0.71
전남,C26 전자부품 컴퓨터 영상 음향 및 통신장비 제조업,2022,1022,0.12,1.62,0.07
전남,C27 의료 정밀 광학기기 및 시계 제조업,2022,1145,0.13,0.59,0.22
전남,C28 전기장비 제조업,2022,4727,0.55,1.14,0.48
전남,C29 기타 기계 및 장비 제조업,2022,5066,0.59,2.02,0.29
전남,C30 자동차 및 트레일러 제조업,2022,1110,0.13,1.47,0.09
전남,C31 기타 운송장비 제조업,2022,17071,1.98,0.52,3.79
전남,C32 가구 제조업,2022,952,0.11,0.27,0.41
전남,C33 기타 제품 제조업,2022,1607,0.19,0.32,0.59
전남,C34 산업용 기계 및 장비 수리업,2022,6371,0.74,0.25,2.9
전남,D35 전기 가스 증기 및 공기조절 공급업,2022,20119,2.33,0.64,3.66
전남,E36 수도업,2022,1236,0.14,0.08,1.79
전남,E37 하수 폐수 및 분뇨 처리업,2022,1639,0.19,0.09,2.14
전남,E38 폐기물 수집 운반 처리 및 원료 재생업,2022,4630,0.54,0.36,1.51
전남,E39 환경 정화 및 복원업,2022,240,0.03,0.01,3.85
전남,F41 종합 건설업,2022,26541,3.08,1.98,1.55
전남,F42 전문직별 공사업,2022,75030,8.7,5.77,1.51
전남,G45 자동차 및 부품 판매업,2022,3032,0.35,0.53,0.66
전남,G46 도매 및 상품 중개업,2022,36601,4.25,5.81,0.73
전남,G47 소매업; 자동차 제외,2022,67057,7.78,7.85,0.99
전남,H49 육상운송 및 파이프라인 운송업,2022,38303,4.44,4.02,1.11
전남,H50 수상 운송업,2022,2077,0.24,0.09,2.77
전남,H51 항공 운송업,2022,37,0.0,0.12,0.04
전남,H52 창고 및 운송관련 서비스업,2022,11905,1.38,1.26,1.1
전남,I55 숙박업,2022,10353,1.2,0.69,1.74
전남,I56 음식점 및 주점업,2022,69719,8.09,8.09,1.0
전남,J58 출판업,2022,2554,0.3,1.67,0.18
전남,J59 영상ㆍ오디오 기록물 제작 및 배급업,2022,832,0.1,0.33,0.3
전남,J60 방송업,2022,452,0.05,0.12,0.44
전남,J61 우편 및 통신업,2022,3595,0.42,0.37,1.14
전남,J62 컴퓨터 프로그래밍 시스템 통합 및 관리업,2022,1377,0.16,0.67,0.24
전남,J63 정보서비스업,2022,863,0.1,0.31,0.32
전남,K64 금융업,2022,9651,1.12,1.2,0.94
전남,K65 보험 및 연금업,2022,7208,0.84,0.87,0.96
전남,K66 금융 및 보험 관련 서비스업,2022,3527,0.41,0.83,0.49
전남,L68 부동산업,2022,14004,1.62,2.74,0.59
전남,M70 연구개발업,2022,3321,0.39,1.24,0.31
전남,M71 전문 서비스업,2022,5911,0.69,2.39,0.29
전남,M72 건축기술 엔지니어링 및 기타 과학기술 서비스업,2022,12169,1.41,1.6,0.88
전남,M73 기타 전문 과학 및 기술 서비스업,2022,1878,0.22,0.48,0.46
전남,N74 사업시설 관리 및 조경 서비스업,2022,8963,1.04,1.31,0.79
전남,N75 사업지원 서비스업,2022,14904,1.73,3.55,0.49
전남,N76 임대업; 부동산 제외,2022,2363,0.27,0.3,0.91
전남,O84 공공행정 국방 및 사회보장 행정,2022,53967,6.26,3.53,1.78
전남,P85 교육 서비스업,2022,56496,6.55,6.83,0.96
전남,Q86 보건업,2022,41132,4.77,4.59,1.04
전남,Q87 사회복지 서비스업,2022,55288,6.41,5.15,1.24
전남,R90 창작 예술 및 여가관련 서비스업,2022,4819,0.56,0.49,1.15
전남,R91 스포츠 및 오락관련 서비스업,2022,11667,1.35,1.27,1.06
전남,S94 협회 및 단체,2022,12567,1.46,1.02,1.43
전남,S95 개인 및 소비용품 수리업,2022,7772,0.9,0.88,1.02
전남,S96 기타 개인 서비스업,2022,14302,1.66,1.7,0.97
전남,A01 농업,2023,7092,0.8,0.19,4.29
전남,A02 임업,2023,1777,0.2,0.05,4.33
전남,A03 어업,2023,1000,0.11,0.02,4.74
전남,B07 비금속광물 광업; 연료용 제외,2023,2268,0.26,0.04,5.81
전남,C10 식료품 제조업,2023,25774,2.9,1.47,1.98
전남,C11 음료 제조업,2023,778,0.09,0.08,1.07
전남,C13 섬유제품 제조업; 의복제외,2023,1647,0.19,0.5,0.37
전남,C14 의복 의복 액세서리 및 모피제품 제조업,2023,548,0.06,0.43,0.14
전남,C15 가죽 가방 및 신발 제조업,2023,62,0.01,0.11,0.07
전남,C16 목재 및 나무제품 제조업; 가구 제외,2023,1354,0.15,0.15,1.01
전남,C17 펄프 종이 및 종이제품 제조업,2023,1120,0.13,0.33,0.38
전남,C18 인쇄 및 기록매체 복제업,2023,502,0.06,0.27,0.21
전남,C19 코크스 연탄 및 석유정제품 제조업,2023,2194,0.25,0.05,4.76
전남,C20 화학물질 및 화학제품 제조업; 의약품 제외,2023,15671,1.76,0.75,2.34
전남,C21 의료용 물질 및 의약품 제조업,2023,730,0.08,0.25,0.33
전남,C22 고무 및 플라스틱제품 제조업,2023,5915,0.67,1.09,0.61
전남,C23 비금속 광물제품 제조업,2023,6750,0.76,0.46,1.64
전남,C24 1차 금속 제조업,2023,12765,1.44,0.67,2.16
전남,C25 금속가공제품 제조업; 기계 및 가구 제외,2023,12165,1.37,1.74,0.79
전남,C26 전자부품 컴퓨터 영상 음향 및 통신장비 제조업,2023,794,0.09,1.56,0.06
전남,C27 의료 정밀 광학기기 및 시계 제조업,2023,1245,0.14,0.59,0.24
전남,C28 전기장비 제조업,2023,5377,0.61,1.09,0.55
전남,C29 기타 기계 및 장비 제조업,2023,5124,0.58,1.96,0.29
전남,C30 자동차 및 트레일러 제조업,2023,1133,0.13,1.43,0.09
전남,C31 기타 운송장비 제조업,2023,17735,2.0,0.54,3.7
전남,C32 가구 제조업,2023,895,0.1,0.25,0.4
전남,C33 기타 제품 제조업,2023,1454,0.16,0.29,0.56
전남,C34 산업용 기계 및 장비 수리업,2023,7509,0.85,0.26,3.23
전남,D35 전기 가스 증기 및 공기조절 공급업,2023,23152,2.61,0.69,3.78
전남,E36 수도업,2023,1195,0.13,0.08,1.73
전남,E37 하수 폐수 및 분뇨 처리업,2023,1546,0.17,0.09,2.04
전남,E38 폐기물 수집 운반 처리 및 원료 재생업,2023,4585,0.52,0.35,1.48
전남,E39 환경 정화 및 복원업,2023,212,0.02,0.01,3.52
전남,F41 종합 건설업,2023,30745,3.46,1.8,1.92
전남,F42 전문직별 공사업,2023,78090,8.79,5.76,1.53
전남,G45 자동차 및 부품 판매업,2023,3081,0.35,0.52,0.66
전남,G46 도매 및 상품 중개업,2023,36788,4.14,5.69,0.73
전남,G47 소매업; 자동차 제외,2023,65858,7.41,7.83,0.95
전남,H49 육상운송 및 파이프라인 운송업,2023,37736,4.25,4.09,1.04
전남,H50 수상 운송업,2023,2042,0.23,0.09,2.48
전남,H51 항공 운송업,2023,54,0.01,0.13,0.05
전남,H52 창고 및 운송관련 서비스업,2023,12351,1.39,1.3,1.07
전남,I55 숙박업,2023,10572,1.19,0.72,1.66
전남,I56 음식점 및 주점업,2023,72301,8.14,8.32,0.98
전남,J58 출판업,2023,2480,0.28,1.66,0.17
전남,J59 영상ㆍ오디오 기록물 제작 및 배급업,2023,860,0.1,0.33,0.29
전남,J60 방송업,2023,365,0.04,0.12,0.35
전남,J61 우편 및 통신업,2023,3638,0.41,0.36,1.14
전남,J62 컴퓨터 프로그래밍 시스템 통합 및 관리업,2023,1224,0.14,0.67,0.21
전남,J63 정보서비스업,2023,1027,0.12,0.3,0.39
전남,K64 금융업,2023,9267,1.04,1.2,0.87
전남,K65 보험 및 연금업,2023,6741,0.76,0.81,0.94
전남,K66 금융 및 보험 관련 서비스업,2023,4108,0.46,0.87,0.53
전남,L68 부동산업,2023,13503,1.52,2.65,0.57
전남,M70 연구개발업,2023,3343,0.38,1.22,0.31
전남,M71 전문 서비스업,2023,6229,0.7,2.52,0.28
전남,M72 건축기술 엔지니어링 및 기타 과학기술 서비스업,2023,13244,1.49,1.66,0.9
전남,M73 기타 전문 과학 및 기술 서비스업,2023,1901,0.21,0.47,0.46
전남,N74 사업시설 관리 및 조경 서비스업,2023,9720,1.09,1.39,0.79
전남,N75 사업지원 서비스업,2023,14484,1.63,3.55,0.46
전남,N76 임대업; 부동산 제외,2023,2523,0.28,0.31,0.9
전남,O84 공공행정 국방 및 사회보장 행정,2023,58074,6.54,3.53,1.85
전남,P85 교육 서비스업,2023,56309,6.34,6.75,0.94
전남,Q86 보건업,2023,42015,4.73,4.64,1.02
전남,Q87 사회복지 서비스업,2023,61712,6.95,5.45,1.27
전남,R90 창작 예술 및 여가관련 서비스업,2023,5035,0.57,0.5,1.13
전남,R91 스포츠 및 오락관련 서비스업,2023,12222,1.38,1.29,1.07
전남,S94 협회 및 단체,2023,14556,1.64,1.08,1.52
전남,S95 개인 및 소비용품 수리업,2023,7542,0.85,0.86,0.99
전남,S96 기타 개인 서비스업,2023,14494,1.63,1.69,0.96
전북,A01 농업,2020,5202,0.65,0.18,3.6
전북,A02 임업,2020,695,0.09,0.05,1.87
전북,A03 어업,2020,258,0.03,0.03,1.11
전북,B07 비금속광물 광업; 연료용 제외,2020,866,0.11,0.05,2.18
전북,C10 식료품 제조업,2020,27258,3.43,1.49,2.3
전북,C11 음료 제조업,2020,1533,0.19,0.08,2.36
전북,C13 섬유제품 제조업; 의복제외,2020,3618,0.46,0.6,0.75
전북,C14 의복 의복 액세서리 및 모피제품 제조업,2020,2764,0.35,0.52,0.67
전북,C15 가죽 가방 및 신발 제조업,2020,155,0.02,0.14,0.14
전북,C16 목재 및 나무제품 제조업; 가구 제외,2020,2012,0.25,0.17,1.52
전북,C17 펄프 종이 및 종이제품 제조업,2020,3250,0.41,0.34,1.2
전북,C18 인쇄 및 기록매체 복제업,2020,940,0.12,0.31,0.38
전북,C19 코크스 연탄 및 석유정제품 제조업,2020,115,0.01,0.05,0.28
전북,C20 화학물질 및 화학제품 제조업; 의약품 제외,2020,9313,1.17,0.76,1.54
전북,C21 의료용 물질 및 의약품 제조업,2020,1367,0.17,0.22,0.78
전북,C22 고무 및 플라스틱제품 제조업,2020,4291,0.54,1.18,0.46
전북,C23 비금속 광물제품 제조업,2020,6942,0.87,0.49,1.78
전북,C24 1차 금속 제조업,2020,6031,0.76,0.66,1.14
전북,C25 금속가공제품 제조업; 기계 및 가구 제외,2020,9440,1.19,1.9,0.63
전북,C26 전자부품 컴퓨터 영상 음향 및 통신장비 제조업,2020,2990,0.38,1.61,0.23
전북,C27 의료 정밀 광학기기 및 시계 제조업,2020,1358,0.17,0.59,0.29
전북,C28 전기장비 제조업,2020,4419,0.56,1.15,0.49
전북,C29 기타 기계 및 장비 제조업,2020,7441,0.94,2.04,0.46
전북,C30 자동차 및 트레일러 제조업,2020,18522,2.33,1.46,1.6
전북,C31 기타 운송장비 제조업,2020,1563,0.2,0.52,0.38
전북,C32 가구 제조업,2020,1236,0.16,0.29,0.54
전북,C33 기타 제품 제조업,2020,2659,0.33,0.34,0.98
전북,C34 산업용 기계 및 장비 수리업,2020,1731,0.22,0.25,0.88
전북,D35 전기 가스 증기 및 공기조절 공급업,2020,22139,2.79,0.57,4.85
전북,E36 수도업,2020,1085,0.14,0.08,1.72
전북,E37 하수 폐수 및 분뇨 처리업,2020,933,0.12,0.09,1.31
전북,E38 폐기물 수집 운반 처리 및 원료 재생업,2020,3534,0.44,0.34,1.31
전북,E39 환경 정화 및 복원업,2020,19,0.0,0.01,0.36
전북,F41 종합 건설업,2020,19386,2.44,2.19,1.11
전북,F42 전문직별 공사업,2020,60392,7.6,6.51,1.17
전북,G45 자동차 및 부품 판매업,2020,4672,0.59,0.56,1.05
전북,G46 도매 및 상품 중개업,2020,37182,4.68,6.6,0.71
전북,G47 소매업; 자동차 제외,2020,66314,8.34,7.71,1.08
전북,H49 육상운송 및 파이프라인 운송업,2020,31288,3.94,3.91,1.01
전북,H50 수상 운송업,2020,266,0.03,0.09,0.37
전북,H51 항공 운송업,2020,36,0.0,0.14,0.03
전북,H52 창고 및 운송관련 서비스업,2020,6170,0.78,1.21,0.64
전북,I55 숙박업,2020,6079,0.76,0.7,1.09
전북,I56 음식점 및 주점업,2020,63138,7.94,7.74,1.03
전북,J58 출판업,2020,2252,0.28,1.48,0.19
전북,J59 영상ㆍ오디오 기록물 제작 및 배급업,2020,636,0.08,0.27,0.3
전북,J60 방송업,2020,587,0.07,0.12,0.63
전북,J61 우편 및 통신업,2020,3364,0.42,0.36,1.17
전북,J62 컴퓨터 프로그래밍 시스템 통합 및 관리업,2020,663,0.08,0.62,0.14
전북,J63 정보서비스업,2020,611,0.08,0.27,0.28
전북,K64 금융업,2020,9060,1.14,1.2,0.95
전북,K65 보험 및 연금업,2020,9850,1.24,0.9,1.37
전북,K66 금융 및 보험 관련 서비스업,2020,5560,0.7,0.83,0.84
전북,L68 부동산업,2020,15734,1.98,2.76,0.72
전북,M70 연구개발업,2020,6337,0.8,1.13,0.7
전북,M71 전문 서비스업,2020,7304,0.92,2.35,0.39
전북,M72 건축기술 엔지니어링 및 기타 과학기술 서비스업,2020,10202,1.28,1.55,0.83
전북,M73 기타 전문 과학 및 기술 서비스업,2020,2289,0.29,0.48,0.61
전북,N74 사업시설 관리 및 조경 서비스업,2020,8070,1.02,1.34,0.76
전북,N75 사업지원 서비스업,2020,14141,1.78,3.65,0.49
전북,N76 임대업; 부동산 제외,2020,2240,0.28,0.32,0.89
전북,O84 공공행정 국방 및 사회보장 행정,2020,38986,4.9,3.33,1.47
전북,P85 교육 서비스업,2020,62026,7.8,6.66,1.17
전북,Q86 보건업,2020,42469,5.34,4.4,1.21
전북,Q87 사회복지 서비스업,2020,53017,6.67,4.67,1.43
전북,R90 창작 예술 및 여가관련 서비스업,2020,4961,0.62,0.49,1.27
전북,R91 스포츠 및 오락관련 서비스업,2020,8864,1.12,1.21,0.92
전북,S94 협회 및 단체,2020,12153,1.53,1.05,1.46
전북,S95 개인 및 소비용품 수리업,2020,8662,1.09,0.96,1.13
전북,S96 기타 개인 서비스업,2020,14284,1.8,1.68,1.07
전북,A01 농업,2021,5615,0.71,0.19,3.68
전북,A02 임업,2021,530,0.07,0.04,1.49
전북,A03 어업,2021,203,0.03,0.03,0.94
전북,B07 비금속광물 광업; 연료용 제외,2021,831,0.11,0.05,2.13
전북,C10 식료품 제조업,2021,27785,3.51,1.5,2.34
전북,C11 음료 제조업,2021,1462,0.18,0.08,2.26
전북,C13 섬유제품 제조업; 의복제외,2021,3024,0.38,0.57,0.67
전북,C14 의복 의복 액세서리 및 모피제품 제조업,2021,2524,0.32,0.49,0.66
전북,C15 가죽 가방 및 신발 제조업,2021,136,0.02,0.13,0.14
전북,C16 목재 및 나무제품 제조업; 가구 제외,2021,2043,0.26,0.16,1.62
전북,C17 펄프 종이 및 종이제품 제조업,2021,3112,0.39,0.34,1.15
전북,C18 인쇄 및 기록매체 복제업,2021,829,0.1,0.29,0.36
전북,C19 코크스 연탄 및 석유정제품 제조업,2021,99,0.01,0.06,0.22
전북,C20 화학물질 및 화학제품 제조업; 의약품 제외,2021,9649,1.22,0.78,1.57
전북,C21 의료용 물질 및 의약품 제조업,2021,1656,0.21,0.24,0.88
전북,C22 고무 및 플라스틱제품 제조업,2021,4260,0.54,1.15,0.47
전북,C23 비금속 광물제품 제조업,2021,6781,0.86,0.48,1.78
전북,C24 1차 금속 제조업,2021,6440,0.81,0.67,1.22
전북,C25 금속가공제품 제조업; 기계 및 가구 제외,2021,9174,1.16,1.81,0.64
전북,C26 전자부품 컴퓨터 영상 음향 및 통신장비 제조업,2021,3259,0.41,1.64,0.25
전북,C27 의료 정밀 광학기기 및 시계 제조업,2021,1587,0.2,0.59,0.34
전북,C28 전기장비 제조업,2021,4790,0.61,1.14,0.53
전북,C29 기타 기계 및 장비 제조업,2021,8280,1.05,2.01,0.52
전북,C30 자동차 및 트레일러 제조업,2021,18564,2.35,1.43,1.65
전북,C31 기타 운송장비 제조업,2021,756,0.1,0.51,0.19
전북,C32 가구 제조업,2021,1200,0.15,0.27,0.56
전북,C33 기타 제품 제조업,2021,2551,0.32,0.32,1.0
전북,C34 산업용 기계 및 장비 수리업,2021,1736,0.22,0.24,0.91
전북,D35 전기 가스 증기 및 공기조절 공급업,2021,24390,3.08,0.63,4.9
전북,E36 수도업,2021,1062,0.13,0.08,1.66
전북,E37 하수 폐수 및 분뇨 처리업,2021,1041,0.13,0.09,1.42
전북,E38 폐기물 수집 운반 처리 및 원료 재생업,2021,3658,0.46,0.35,1.31
전북,E39 환경 정화 및 복원업,2021,33,0.0,0.01,0.59
전북,F41 종합 건설업,2021,17571,2.22,1.98,1.12
전북,F42 전문직별 공사업,2021,54235,6.86,5.99,1.14
전북,G45 자동차 및 부품 판매업,2021,4567,0.58,0.56,1.02
전북,G46 도매 및 상품 중개업,2021,35045,4.43,6.27,0.71
전북,G47 소매업; 자동차 제외,2021,65885,8.33,7.88,1.06
전북,H49 육상운송 및 파이프라인 운송업,2021,32182,4.07,3.99,1.02
전북,H50 수상 운송업,2021,290,0.04,0.09,0.41
전북,H51 항공 운송업,2021,33,0.0,0.12,0.03
전북,H52 창고 및 운송관련 서비스업,2021,6479,0.82,1.26,0.65
전북,I55 숙박업,2021,6118,0.77,0.68,1.13
전북,I56 음식점 및 주점업,2021,63716,8.05,7.77,1.04
전북,J58 출판업,2021,2163,0.27,1.58,0.17
전북,J59 영상ㆍ오디오 기록물 제작 및 배급업,2021,759,0.1,0.31,0.31
전북,J60 방송업,2021,572,0.07,0.12,0.58
전북,J61 우편 및 통신업,2021,3283,0.41,0.36,1.14
전북,J62 컴퓨터 프로그래밍 시스템 통합 및 관리업,2021,745,0.09,0.66,0.14
전북,J63 정보서비스업,2021,613,0.08,0.3,0.26
전북,K64 금융업,2021,9267,1.17,1.21,0.96
전북,K65 보험 및 연금업,2021,9824,1.24,0.91,1.36
전북,K66 금융 및 보험 관련 서비스업,2021,5437,0.69,0.85,0.81
전북,L68 부동산업,2021,16346,2.07,2.82,0.73
전북,M70 연구개발업,2021,6597,0.83,1.2,0.69
전북,M71 전문 서비스업,2021,6921,0.87,2.35,0.37
전북,M72 건축기술 엔지니어링 및 기타 과학기술 서비스업,2021,10548,1.33,1.6,0.83
전북,M73 기타 전문 과학 및 기술 서비스업,2021,2308,0.29,0.49,0.6
전북,N74 사업시설 관리 및 조경 서비스업,2021,8151,1.03,1.32,0.78
전북,N75 사업지원 서비스업,2021,13514,1.71,3.58,0.48
전북,N76 임대업; 부동산 제외,2021,2359,0.3,0.32,0.94
전북,O84 공공행정 국방 및 사회보장 행정,2021,38862,4.91,3.47,1.41
전북,P85 교육 서비스업,2021,60935,7.7,6.77,1.14
전북,Q86 보건업,2021,43362,5.48,4.5,1.22
전북,Q87 사회복지 서비스업,2021,53901,6.81,4.96,1.37
전북,R90 창작 예술 및 여가관련 서비스업,2021,4827,0.61,0.49,1.25
전북,R91 스포츠 및 오락관련 서비스업,2021,8818,1.11,1.2,0.93
전북,S94 협회 및 단체,2021,12762,1.61,1.04,1.55
전북,S95 개인 및 소비용품 수리업,2021,8582,1.08,0.92,1.17
전북,S96 기타 개인 서비스업,2021,14456,1.83,1.66,1.1
전북,A01 농업,2022,5694,0.72,0.19,3.77
전북,A02 임업,2022,571,0.07,0.05,1.54
전북,A03 어업,2022,164,0.02,0.03,0.74
전북,B06 금속 광업,2022,5,0.0,0.0,0.48
전북,B07 비금속광물 광업; 연료용 제외,2022,727,0.09,0.05,1.99
전북,C10 식료품 제조업,2022,27864,3.5,1.5,2.34
전북,C11 음료 제조업,2022,1431,0.18,0.08,2.21
전북,C13 섬유제품 제조업; 의복제외,2022,2916,0.37,0.54,0.68
전북,C14 의복 의복 액세서리 및 모피제품 제조업,2022,2262,0.28,0.47,0.6
전북,C15 가죽 가방 및 신발 제조업,2022,131,0.02,0.12,0.14
전북,C16 목재 및 나무제품 제조업; 가구 제외,2022,2123,0.27,0.16,1.66
전북,C17 펄프 종이 및 종이제품 제조업,2022,3212,0.4,0.34,1.2
전북,C18 인쇄 및 기록매체 복제업,2022,794,0.1,0.28,0.35
전북,C19 코크스 연탄 및 석유정제품 제조업,2022,92,0.01,0.05,0.22
전북,C20 화학물질 및 화학제품 제조업; 의약품 제외,2022,9757,1.23,0.78,1.58
전북,C21 의료용 물질 및 의약품 제조업,2022,1653,0.21,0.25,0.83
전북,C22 고무 및 플라스틱제품 제조업,2022,4471,0.56,1.13,0.5
전북,C23 비금속 광물제품 제조업,2022,6949,0.87,0.48,1.82
전북,C24 1차 금속 제조업,2022,6980,0.88,0.67,1.31
전북,C25 금속가공제품 제조업; 기계 및 가구 제외,2022,9094,1.14,1.8,0.64
전북,C26 전자부품 컴퓨터 영상 음향 및 통신장비 제조업,2022,3034,0.38,1.62,0.24
전북,C27 의료 정밀 광학기기 및 시계 제조업,2022,1487,0.19,0.59,0.31
전북,C28 전기장비 제조업,2022,4922,0.62,1.14,0.54
전북,C29 기타 기계 및 장비 제조업,2022,8307,1.04,2.02,0.52
전북,C30 자동차 및 트레일러 제조업,2022,18942,2.38,1.47,1.62
전북,C31 기타 운송장비 제조업,2022,1269,0.16,0.52,0.31
전북,C32 가구 제조업,2022,1189,0.15,0.27,0.56
전북,C33 기타 제품 제조업,2022,2419,0.3,0.32,0.96
전북,C34 산업용 기계 및 장비 수리업,2022,1776,0.22,0.25,0.88
전북,D35 전기 가스 증기 및 공기조절 공급업,2022,25694,3.23,0.64,5.07
전북,E36 수도업,2022,1016,0.13,0.08,1.59
전북,E37 하수 폐수 및 분뇨 처리업,2022,1077,0.14,0.09,1.53
전북,E38 폐기물 수집 운반 처리 및 원료 재생업,2022,3789,0.48,0.36,1.34
전북,E39 환경 정화 및 복원업,2022,31,0.0,0.01,0.54
전북,F41 종합 건설업,2022,17106,2.15,1.98,1.09
전북,F42 전문직별 공사업,2022,51097,6.43,5.77,1.11
전북,G45 자동차 및 부품 판매업,2022,4299,0.54,0.53,1.02
전북,G46 도매 및 상품 중개업,2022,32459,4.08,5.81,0.7
전북,G47 소매업; 자동차 제외,2022,65458,8.23,7.85,1.05
전북,H49 육상운송 및 파이프라인 운송업,2022,32347,4.07,4.02,1.01
전북,H50 수상 운송업,2022,258,0.03,0.09,0.37
전북,H51 항공 운송업,2022,38,0.0,0.12,0.04
전북,H52 창고 및 운송관련 서비스업,2022,6722,0.85,1.26,0.67
전북,I55 숙박업,2022,6467,0.81,0.69,1.18
전북,I56 음식점 및 주점업,2022,67007,8.43,8.09,1.04
전북,J58 출판업,2022,2365,0.3,1.67,0.18
전북,J59 영상ㆍ오디오 기록물 제작 및 배급업,2022,880,0.11,0.33,0.34
전북,J60 방송업,2022,578,0.07,0.12,0.61
전북,J61 우편 및 통신업,2022,3331,0.42,0.37,1.14
전북,J62 컴퓨터 프로그래밍 시스템 통합 및 관리업,2022,767,0.1,0.67,0.14
전북,J63 정보서비스업,2022,554,0.07,0.31,0.23
전북,K64 금융업,2022,9262,1.16,1.2,0.97
전북,K65 보험 및 연금업,2022,9570,1.2,0.87,1.38
전북,K66 금융 및 보험 관련 서비스업,2022,5793,0.73,0.83,0.88
전북,L68 부동산업,2022,16164,2.03,2.74,0.74
전북,M70 연구개발업,2022,6965,0.88,1.24,0.71
전북,M71 전문 서비스업,2022,7433,0.93,2.39,0.39
전북,M72 건축기술 엔지니어링 및 기타 과학기술 서비스업,2022,10345,1.3,1.6,0.82
전북,M73 기타 전문 과학 및 기술 서비스업,2022,2160,0.27,0.48,0.57
전북,N74 사업시설 관리 및 조경 서비스업,2022,7754,0.98,1.31,0.75
전북,N75 사업지원 서비스업,2022,13251,1.67,3.55,0.47
전북,N76 임대업; 부동산 제외,2022,2239,0.28,0.3,0.93
전북,O84 공공행정 국방 및 사회보장 행정,2022,40460,5.09,3.53,1.44
전북,P85 교육 서비스업,2022,60804,7.65,6.83,1.12
전북,Q86 보건업,2022,43722,5.5,4.59,1.2
전북,Q87 사회복지 서비스업,2022,55673,7.0,5.15,1.36
전북,R90 창작 예술 및 여가관련 서비스업,2022,5094,0.64,0.49,1.31
전북,R91 스포츠 및 오락관련 서비스업,2022,9372,1.18,1.27,0.92
전북,S94 협회 및 단체,2022,12337,1.55,1.02,1.52
전북,S95 개인 및 소비용품 수리업,2022,8224,1.03,0.88,1.17
전북,S96 기타 개인 서비스업,2022,15074,1.9,1.7,1.11
전북,A01 농업,2023,5359,0.67,0.19,3.6
전북,A02 임업,2023,480,0.06,0.05,1.3
전북,A03 어업,2023,157,0.02,0.02,0.83
전북,B06 금속 광업,2023,4,0.0,0.0,0.32
전북,B07 비금속광물 광업; 연료용 제외,2023,748,0.09,0.04,2.13
전북,C10 식료품 제조업,2023,27367,3.42,1.47,2.34
전북,C11 음료 제조업,2023,1564,0.2,0.08,2.38
전북,C13 섬유제품 제조업; 의복제외,2023,2243,0.28,0.5,0.57
전북,C14 의복 의복 액세서리 및 모피제품 제조업,2023,1916,0.24,0.43,0.56
전북,C15 가죽 가방 및 신발 제조업,2023,84,0.01,0.11,0.1
전북,C16 목재 및 나무제품 제조업; 가구 제외,2023,2025,0.25,0.15,1.67
전북,C17 펄프 종이 및 종이제품 제조업,2023,3176,0.4,0.33,1.2
전북,C18 인쇄 및 기록매체 복제업,2023,813,0.1,0.27,0.38
전북,C19 코크스 연탄 및 석유정제품 제조업,2023,119,0.01,0.05,0.29
전북,C20 화학물질 및 화학제품 제조업; 의약품 제외,2023,9262,1.16,0.75,1.54
전북,C21 의료용 물질 및 의약품 제조업,2023,1772,0.22,0.25,0.89
전북,C22 고무 및 플라스틱제품 제조업,2023,4181,0.52,1.09,0.48
전북,C23 비금속 광물제품 제조업,2023,6818,0.85,0.46,1.85
전북,C24 1차 금속 제조업,2023,6749,0.84,0.67,1.27
전북,C25 금속가공제품 제조업; 기계 및 가구 제외,2023,9122,1.14,1.74,0.65
전북,C26 전자부품 컴퓨터 영상 음향 및 통신장비 제조업,2023,2966,0.37,1.56,0.24
전북,C27 의료 정밀 광학기기 및 시계 제조업,2023,1429,0.18,0.59,0.31
전북,C28 전기장비 제조업,2023,4664,0.58,1.09,0.53
전북,C29 기타 기계 및 장비 제조업,2023,8016,1.0,1.96,0.51
전북,C30 자동차 및 트레일러 제조업,2023,18804,2.35,1.43,1.64
전북,C31 기타 운송장비 제조업,2023,1704,0.21,0.54,0.4
전북,C32 가구 제조업,2023,1152,0.14,0.25,0.58
전북,C33 기타 제품 제조업,2023,2467,0.31,0.29,1.05
전북,C34 산업용 기계 및 장비 수리업,2023,1691,0.21,0.26,0.81
전북,D35 전기 가스 증기 및 공기조절 공급업,2023,28140,3.52,0.69,5.11
전북,E36 수도업,2023,1000,0.13,0.08,1.61
전북,E37 하수 폐수 및 분뇨 처리업,2023,1072,0.13,0.09,1.57
전북,E38 폐기물 수집 운반 처리 및 원료 재생업,2023,3827,0.48,0.35,1.38
전북,E39 환경 정화 및 복원업,2023,30,0.0,0.01,0.55
전북,F41 종합 건설업,2023,17404,2.18,1.8,1.21
전북,F42 전문직별 공사업,2023,51044,6.39,5.76,1.11
전북,G45 자동차 및 부품 판매업,2023,4060,0.51,0.52,0.97
전북,G46 도매 및 상품 중개업,2023,31360,3.92,5.69,0.69
전북,G47 소매업; 자동차 제외,2023,64413,8.06,7.83,1.03
전북,H49 육상운송 및 파이프라인 운송업,2023,32623,4.08,4.09,1.0
전북,H50 수상 운송업,2023,312,0.04,0.09,0.42
전북,H51 항공 운송업,2023,35,0.0,0.13,0.03
전북,H52 창고 및 운송관련 서비스업,2023,7129,0.89,1.3,0.69
전북,I55 숙박업,2023,6879,0.86,0.72,1.2
전북,I56 음식점 및 주점업,2023,67899,8.5,8.32,1.02
전북,J58 출판업,2023,2415,0.3,1.66,0.18
전북,J59 영상ㆍ오디오 기록물 제작 및 배급업,2023,969,0.12,0.33,0.36
전북,J60 방송업,2023,603,0.08,0.12,0.64
전북,J61 우편 및 통신업,2023,3307,0.41,0.36,1.15
전북,J62 컴퓨터 프로그래밍 시스템 통합 및 관리업,2023,694,0.09,0.67,0.13
전북,J63 정보서비스업,2023,547,0.07,0.3,0.23
전북,K64 금융업,2023,9088,1.14,1.2,0.95
전북,K65 보험 및 연금업,2023,8767,1.1,0.81,1.36
전북,K66 금융 및 보험 관련 서비스업,2023,6437,0.81,0.87,0.92
전북,L68 부동산업,2023,15553,1.95,2.65,0.73
전북,M70 연구개발업,2023,7893,0.99,1.22,0.81
전북,M71 전문 서비스업,2023,7463,0.93,2.52,0.37
전북,M72 건축기술 엔지니어링 및 기타 과학기술 서비스업,2023,10675,1.34,1.66,0.81
전북,M73 기타 전문 과학 및 기술 서비스업,2023,2235,0.28,0.47,0.6
전북,N74 사업시설 관리 및 조경 서비스업,2023,7816,0.98,1.39,0.7
전북,N75 사업지원 서비스업,2023,12541,1.57,3.55,0.44
전북,N76 임대업; 부동산 제외,2023,2238,0.28,0.31,0.89
전북,O84 공공행정 국방 및 사회보장 행정,2023,41284,5.17,3.53,1.46
전북,P85 교육 서비스업,2023,59913,7.5,6.75,1.11
전북,Q86 보건업,2023,44186,5.53,4.64,1.19
전북,Q87 사회복지 서비스업,2023,58387,7.31,5.45,1.34
전북,R90 창작 예술 및 여가관련 서비스업,2023,5281,0.66,0.5,1.32
전북,R91 스포츠 및 오락관련 서비스업,2023,9471,1.19,1.29,0.92
전북,S94 협회 및 단체,2023,13232,1.66,1.08,1.53
전북,S95 개인 및 소비용품 수리업,2023,7986,1.0,0.86,1.16
전북,S96 기타 개인 서비스업,2023,16029,2.01,1.69,1.18
제주,A01 농업,2020,2687,0.84,0.18,4.64
제주,A02 임업,2020,405,0.13,0.05,2.71
제주,A03 어업,2020,889,0.28,0.03,9.51
제주,B07 비금속광물 광업; 연료용 제외,2020,191,0.06,0.05,1.2
제주,C10 식료품 제조업,2020,4921,1.54,1.49,1.03
제주,C11 음료 제조업,2020,993,0.31,0.08,3.81
제주,C13 섬유제품 제조업; 의복제외,2020,297,0.09,0.6,0.15
제주,C14 의복 의복 액세서리 및 모피제품 제조업,2020,190,0.06,0.52,0.11
제주,C15 가죽 가방 및 신발 제조업,2020,42,0.01,0.14,0.1
제주,C16 목재 및 나무제품 제조업; 가구 제외,2020,239,0.07,0.17,0.45
제주,C17 펄프 종이 및 종이제품 제조업,2020,333,0.1,0.34,0.31
제주,C18 인쇄 및 기록매체 복제업,2020,366,0.11,0.31,0.37
제주,C20 화학물질 및 화학제품 제조업; 의약품 제외,2020,647,0.2,0.76,0.27
제주,C21 의료용 물질 및 의약품 제조업,2020,228,0.07,0.22,0.32
제주,C22 고무 및 플라스틱제품 제조업,2020,457,0.14,1.18,0.12
제주,C23 비금속 광물제품 제조업,2020,1243,0.39,0.49,0.8
제주,C24 1차 금속 제조업,2020,77,0.02,0.66,0.04
제주,C25 금속가공제품 제조업; 기계 및 가구 제외,2020,861,0.27,1.9,0.14
제주,C26 전자부품 컴퓨터 영상 음향 및 통신장비 제조업,2020,148,0.05,1.61,0.03
제주,C27 의료 정밀 광학기기 및 시계 제조업,2020,219,0.07,0.59,0.12
제주,C28 전기장비 제조업,2020,450,0.14,1.15,0.12
제주,C29 기타 기계 및 장비 제조업,2020,449,0.14,2.04,0.07
제주,C30 자동차 및 트레일러 제조업,2020,39,0.01,1.46,0.01
제주,C31 기타 운송장비 제조업,2020,67,0.02,0.52,0.04
제주,C32 가구 제조업,2020,428,0.13,0.29,0.46
제주,C33 기타 제품 제조업,2020,674,0.21,0.34,0.62
제주,C34 산업용 기계 및 장비 수리업,2020,471,0.15,0.25,0.6
제주,D35 전기 가스 증기 및 공기조절 공급업,2020,2214,0.69,0.57,1.21
제주,E36 수도업,2020,111,0.03,0.08,0.44
제주,E37 하수 폐수 및 분뇨 처리업,2020,417,0.13,0.09,1.46
제주,E38 폐기물 수집 운반 처리 및 원료 재생업,2020,897,0.28,0.34,0.83
제주,E39 환경 정화 및 복원업,2020,34,0.01,0.01,1.59
제주,F41 종합 건설업,2020,9952,3.12,2.19,1.42
제주,F42 전문직별 공사업,2020,24159,7.58,6.51,1.16
제주,G45 자동차 및 부품 판매업,2020,1495,0.47,0.56,0.84
제주,G46 도매 및 상품 중개업,2020,16593,5.2,6.6,0.79
제주,G47 소매업; 자동차 제외,2020,31734,9.95,7.71,1.29
제주,H49 육상운송 및 파이프라인 운송업,2020,13001,4.08,3.91,1.04
제주,H50 수상 운송업,2020,649,0.2,0.09,2.26
제주,H51 항공 운송업,2020,420,0.13,0.14,0.94
제주,H52 창고 및 운송관련 서비스업,2020,3631,1.14,1.21,0.94
제주,I55 숙박업,2020,14105,4.42,0.7,6.32
제주,I56 음식점 및 주점업,2020,41348,12.97,7.74,1.68
제주,J58 출판업,2020,3922,1.23,1.48,0.83
제주,J59 영상ㆍ오디오 기록물 제작 및 배급업,2020,390,0.12,0.27,0.46
제주,J60 방송업,2020,549,0.17,0.12,1.46
제주,J61 우편 및 통신업,2020,825,0.26,0.36,0.71
제주,J62 컴퓨터 프로그래밍 시스템 통합 및 관리업,2020,511,0.16,0.62,0.26
제주,J63 정보서비스업,2020,803,0.25,0.27,0.93
제주,K64 금융업,2020,4527,1.42,1.2,1.18
제주,K65 보험 및 연금업,2020,3976,1.25,0.9,1.38
제주,K66 금융 및 보험 관련 서비스업,2020,887,0.28,0.83,0.33
제주,L68 부동산업,2020,8007,2.51,2.76,0.91
제주,M70 연구개발업,2020,1286,0.4,1.13,0.36
제주,M71 전문 서비스업,2020,3712,1.16,2.35,0.5
제주,M72 건축기술 엔지니어링 및 기타 과학기술 서비스업,2020,3738,1.17,1.55,0.76
제주,M73 기타 전문 과학 및 기술 서비스업,2020,1386,0.43,0.48,0.91
제주,N74 사업시설 관리 및 조경 서비스업,2020,3608,1.13,1.34,0.85
제주,N75 사업지원 서비스업,2020,8773,2.75,3.65,0.75
제주,N76 임대업; 부동산 제외,2020,2354,0.74,0.32,2.33
제주,O84 공공행정 국방 및 사회보장 행정,2020,15385,4.82,3.33,1.45
제주,P85 교육 서비스업,2020,21797,6.84,6.66,1.03
제주,Q86 보건업,2020,11838,3.71,4.4,0.84
제주,Q87 사회복지 서비스업,2020,16497,5.17,4.67,1.11
제주,R90 창작 예술 및 여가관련 서비스업,2020,2924,0.92,0.49,1.87
제주,R91 스포츠 및 오락관련 서비스업,2020,8799,2.76,1.21,2.29
제주,S94 협회 및 단체,2020,3806,1.19,1.05,1.14
제주,S95 개인 및 소비용품 수리업,2020,3310,1.04,0.96,1.08
제주,S96 기타 개인 서비스업,2020,6498,2.04,1.68,1.21
제주,A01 농업,2021,2827,0.87,0.19,4.53
제주,A02 임업,2021,283,0.09,0.04,1.95
제주,A03 어업,2021,983,0.3,0.03,11.09
제주,B07 비금속광물 광업; 연료용 제외,2021,185,0.06,0.05,1.16
제주,C10 식료품 제조업,2021,4992,1.54,1.5,1.03
제주,C11 음료 제조업,2021,1057,0.33,0.08,3.99
제주,C13 섬유제품 제조업; 의복제외,2021,288,0.09,0.57,0.16
제주,C14 의복 의복 액세서리 및 모피제품 제조업,2021,209,0.06,0.49,0.13
제주,C15 가죽 가방 및 신발 제조업,2021,46,0.01,0.13,0.11
제주,C16 목재 및 나무제품 제조업; 가구 제외,2021,227,0.07,0.16,0.44
제주,C17 펄프 종이 및 종이제품 제조업,2021,371,0.11,0.34,0.34
제주,C18 인쇄 및 기록매체 복제업,2021,345,0.11,0.29,0.37
제주,C20 화학물질 및 화학제품 제조업; 의약품 제외,2021,633,0.2,0.78,0.25
제주,C21 의료용 물질 및 의약품 제조업,2021,280,0.09,0.24,0.36
제주,C22 고무 및 플라스틱제품 제조업,2021,422,0.13,1.15,0.11
제주,C23 비금속 광물제품 제조업,2021,1155,0.36,0.48,0.74
제주,C24 1차 금속 제조업,2021,69,0.02,0.67,0.03
제주,C25 금속가공제품 제조업; 기계 및 가구 제외,2021,848,0.26,1.81,0.14
제주,C26 전자부품 컴퓨터 영상 음향 및 통신장비 제조업,2021,168,0.05,1.64,0.03
제주,C27 의료 정밀 광학기기 및 시계 제조업,2021,227,0.07,0.59,0.12
제주,C28 전기장비 제조업,2021,450,0.14,1.14,0.12
제주,C29 기타 기계 및 장비 제조업,2021,421,0.13,2.01,0.06
제주,C30 자동차 및 트레일러 제조업,2021,41,0.01,1.43,0.01
제주,C31 기타 운송장비 제조업,2021,66,0.02,0.51,0.04
제주,C32 가구 제조업,2021,394,0.12,0.27,0.45
제주,C33 기타 제품 제조업,2021,630,0.19,0.32,0.6
제주,C34 산업용 기계 및 장비 수리업,2021,468,0.14,0.24,0.6
제주,D35 전기 가스 증기 및 공기조절 공급업,2021,2436,0.75,0.63,1.2
제주,E36 수도업,2021,111,0.03,0.08,0.42
제주,E37 하수 폐수 및 분뇨 처리업,2021,384,0.12,0.09,1.28
제주,E38 폐기물 수집 운반 처리 및 원료 재생업,2021,966,0.3,0.35,0.85
제주,E39 환경 정화 및 복원업,2021,69,0.02,0.01,3.03
제주,F41 종합 건설업,2021,9915,3.07,1.98,1.55
제주,F42 전문직별 공사업,2021,22900,7.08,5.99,1.18
제주,G45 자동차 및 부품 판매업,2021,1576,0.49,0.56,0.86
제주,G46 도매 및 상품 중개업,2021,16954,5.24,6.27,0.84
제주,G47 소매업; 자동차 제외,2021,32446,10.04,7.88,1.27
제주,H49 육상운송 및 파이프라인 운송업,2021,13139,4.06,3.99,1.02
제주,H50 수상 운송업,2021,624,0.19,0.09,2.14
제주,H51 항공 운송업,2021,381,0.12,0.12,0.96
제주,H52 창고 및 운송관련 서비스업,2021,3271,1.01,1.26,0.81
제주,I55 숙박업,2021,15252,4.72,0.68,6.91
제주,I56 음식점 및 주점업,2021,42868,13.26,7.77,1.71
제주,J58 출판업,2021,2867,0.89,1.58,0.56
제주,J59 영상ㆍ오디오 기록물 제작 및 배급업,2021,440,0.14,0.31,0.44
제주,J60 방송업,2021,583,0.18,0.12,1.45
제주,J61 우편 및 통신업,2021,1020,0.32,0.36,0.87
제주,J62 컴퓨터 프로그래밍 시스템 통합 및 관리업,2021,592,0.18,0.66,0.28
제주,J63 정보서비스업,2021,666,0.21,0.3,0.7
제주,K64 금융업,2021,4193,1.3,1.21,1.07
제주,K65 보험 및 연금업,2021,3701,1.14,0.91,1.26
제주,K66 금융 및 보험 관련 서비스업,2021,1046,0.32,0.85,0.38
제주,L68 부동산업,2021,7031,2.17,2.82,0.77
제주,M70 연구개발업,2021,1430,0.44,1.2,0.37
제주,M71 전문 서비스업,2021,3843,1.19,2.35,0.51
제주,M72 건축기술 엔지니어링 및 기타 과학기술 서비스업,2021,3613,1.12,1.6,0.7
제주,M73 기타 전문 과학 및 기술 서비스업,2021,1460,0.45,0.49,0.93
제주,N74 사업시설 관리 및 조경 서비스업,2021,3467,1.07,1.32,0.82
제주,N75 사업지원 서비스업,2021,9210,2.85,3.58,0.8
제주,N76 임대업; 부동산 제외,2021,2485,0.77,0.32,2.41
제주,O84 공공행정 국방 및 사회보장 행정,2021,16794,5.19,3.47,1.49
제주,P85 교육 서비스업,2021,22525,6.97,6.77,1.03
제주,Q86 보건업,2021,12016,3.72,4.5,0.83
제주,Q87 사회복지 서비스업,2021,16753,5.18,4.96,1.05
제주,R90 창작 예술 및 여가관련 서비스업,2021,3134,0.97,0.49,1.99
제주,R91 스포츠 및 오락관련 서비스업,2021,8910,2.76,1.2,2.29
제주,S94 협회 및 단체,2021,4171,1.29,1.04,1.24
제주,S95 개인 및 소비용품 수리업,2021,3273,1.01,0.92,1.1
제주,S96 기타 개인 서비스업,2021,6704,2.07,1.66,1.25
제주,A01 농업,2022,2355,0.74,0.19,3.87
제주,A02 임업,2022,209,0.07,0.05,1.4
제주,A03 어업,2022,940,0.29,0.03,10.58
제주,B07 비금속광물 광업; 연료용 제외,2022,164,0.05,0.05,1.12
제주,C10 식료품 제조업,2022,4890,1.53,1.5,1.02
제주,C11 음료 제조업,2022,1045,0.33,0.08,4.01
제주,C13 섬유제품 제조업; 의복제외,2022,273,0.09,0.54,0.16
제주,C14 의복 의복 액세서리 및 모피제품 제조업,2022,175,0.05,0.47,0.12
제주,C15 가죽 가방 및 신발 제조업,2022,42,0.01,0.12,0.11
제주,C16 목재 및 나무제품 제조업; 가구 제외,2022,237,0.07,0.16,0.46
제주,C17 펄프 종이 및 종이제품 제조업,2022,332,0.1,0.34,0.31
제주,C18 인쇄 및 기록매체 복제업,2022,314,0.1,0.28,0.34
제주,C20 화학물질 및 화학제품 제조업; 의약품 제외,2022,593,0.19,0.78,0.24
제주,C21 의료용 물질 및 의약품 제조업,2022,323,0.1,0.25,0.4
제주,C22 고무 및 플라스틱제품 제조업,2022,405,0.13,1.13,0.11
제주,C23 비금속 광물제품 제조업,2022,1149,0.36,0.48,0.75
제주,C24 1차 금속 제조업,2022,78,0.02,0.67,0.04
제주,C25 금속가공제품 제조업; 기계 및 가구 제외,2022,769,0.24,1.8,0.13
제주,C26 전자부품 컴퓨터 영상 음향 및 통신장비 제조업,2022,193,0.06,1.62,0.04
제주,C27 의료 정밀 광학기기 및 시계 제조업,2022,213,0.07,0.59,0.11
제주,C28 전기장비 제조업,2022,494,0.15,1.14,0.14
제주,C29 기타 기계 및 장비 제조업,2022,414,0.13,2.02,0.06
제주,C30 자동차 및 트레일러 제조업,2022,59,0.02,1.47,0.01
제주,C31 기타 운송장비 제조업,2022,53,0.02,0.52,0.03
제주,C32 가구 제조업,2022,443,0.14,0.27,0.52
제주,C33 기타 제품 제조업,2022,583,0.18,0.32,0.58
제주,C34 산업용 기계 및 장비 수리업,2022,471,0.15,0.25,0.58
제주,D35 전기 가스 증기 및 공기조절 공급업,2022,2377,0.74,0.64,1.16
제주,E36 수도업,2022,103,0.03,0.08,0.4
제주,E37 하수 폐수 및 분뇨 처리업,2022,349,0.11,0.09,1.23
제주,E38 폐기물 수집 운반 처리 및 원료 재생업,2022,966,0.3,0.36,0.85
제주,E39 환경 정화 및 복원업,2022,75,0.02,0.01,3.24
제주,F41 종합 건설업,2022,9229,2.88,1.98,1.45
제주,F42 전문직별 공사업,2022,20636,6.44,5.77,1.12
제주,G45 자동차 및 부품 판매업,2022,1507,0.47,0.53,0.89
제주,G46 도매 및 상품 중개업,2022,15809,4.93,5.81,0.85
제주,G47 소매업; 자동차 제외,2022,32253,10.07,7.85,1.28
제주,H49 육상운송 및 파이프라인 운송업,2022,13261,4.14,4.02,1.03
제주,H50 수상 운송업,2022,588,0.18,0.09,2.11
제주,H51 항공 운송업,2022,404,0.13,0.12,1.04
제주,H52 창고 및 운송관련 서비스업,2022,2861,0.89,1.26,0.71
제주,I55 숙박업,2022,15660,4.89,0.69,7.07
제주,I56 음식점 및 주점업,2022,44413,13.86,8.09,1.71
제주,J58 출판업,2022,2470,0.77,1.67,0.46
제주,J59 영상ㆍ오디오 기록물 제작 및 배급업,2022,457,0.14,0.33,0.44
제주,J60 방송업,2022,558,0.17,0.12,1.47
제주,J61 우편 및 통신업,2022,878,0.27,0.37,0.75
제주,J62 컴퓨터 프로그래밍 시스템 통합 및 관리업,2022,592,0.18,0.67,0.28
제주,J63 정보서비스업,2022,667,0.21,0.31,0.67
제주,K64 금융업,2022,4382,1.37,1.2,1.14
제주,K65 보험 및 연금업,2022,3172,0.99,0.87,1.14
제주,K66 금융 및 보험 관련 서비스업,2022,1276,0.4,0.83,0.48
제주,L68 부동산업,2022,7117,2.22,2.74,0.81
제주,M70 연구개발업,2022,1509,0.47,1.24,0.38
제주,M71 전문 서비스업,2022,3622,1.13,2.39,0.47
제주,M72 건축기술 엔지니어링 및 기타 과학기술 서비스업,2022,3615,1.13,1.6,0.71
제주,M73 기타 전문 과학 및 기술 서비스업,2022,1349,0.42,0.48,0.89
제주,N74 사업시설 관리 및 조경 서비스업,2022,3108,0.97,1.31,0.74
제주,N75 사업지원 서비스업,2022,8620,2.69,3.55,0.76
제주,N76 임대업; 부동산 제외,2022,2315,0.72,0.3,2.39
제주,O84 공공행정 국방 및 사회보장 행정,2022,18125,5.66,3.53,1.6
제주,P85 교육 서비스업,2022,22845,7.13,6.83,1.04
제주,Q86 보건업,2022,12526,3.91,4.59,0.85
제주,Q87 사회복지 서비스업,2022,16651,5.2,5.15,1.01
제주,R90 창작 예술 및 여가관련 서비스업,2022,2955,0.92,0.49,1.89
제주,R91 스포츠 및 오락관련 서비스업,2022,9462,2.95,1.27,2.32
제주,S94 협회 및 단체,2022,4116,1.28,1.02,1.26
제주,S95 개인 및 소비용품 수리업,2022,3237,1.01,0.88,1.14
제주,S96 기타 개인 서비스업,2022,7075,2.21,1.7,1.3
제주,A01 농업,2023,2288,0.7,0.19,3.74
제주,A02 임업,2023,174,0.05,0.05,1.14
제주,A03 어업,2023,1055,0.32,0.02,13.53
제주,B07 비금속광물 광업; 연료용 제외,2023,161,0.05,0.04,1.11
제주,C10 식료품 제조업,2023,4767,1.45,1.47,0.99
제주,C11 음료 제조업,2023,1002,0.3,0.08,3.71
제주,C13 섬유제품 제조업; 의복제외,2023,231,0.07,0.5,0.14
제주,C14 의복 의복 액세서리 및 모피제품 제조업,2023,133,0.04,0.43,0.09
제주,C15 가죽 가방 및 신발 제조업,2023,34,0.01,0.11,0.1
제주,C16 목재 및 나무제품 제조업; 가구 제외,2023,214,0.07,0.15,0.43
제주,C17 펄프 종이 및 종이제품 제조업,2023,357,0.11,0.33,0.33
제주,C18 인쇄 및 기록매체 복제업,2023,365,0.11,0.27,0.41
제주,C20 화학물질 및 화학제품 제조업; 의약품 제외,2023,555,0.17,0.75,0.22
제주,C21 의료용 물질 및 의약품 제조업,2023,324,0.1,0.25,0.4
제주,C22 고무 및 플라스틱제품 제조업,2023,367,0.11,1.09,0.1
제주,C23 비금속 광물제품 제조업,2023,1216,0.37,0.46,0.8
제주,C24 1차 금속 제조업,2023,58,0.02,0.67,0.03
제주,C25 금속가공제품 제조업; 기계 및 가구 제외,2023,630,0.19,1.74,0.11
제주,C26 전자부품 컴퓨터 영상 음향 및 통신장비 제조업,2023,185,0.06,1.56,0.04
제주,C27 의료 정밀 광학기기 및 시계 제조업,2023,194,0.06,0.59,0.1
제주,C28 전기장비 제조업,2023,458,0.14,1.09,0.13
제주,C29 기타 기계 및 장비 제조업,2023,421,0.13,1.96,0.07
제주,C30 자동차 및 트레일러 제조업,2023,62,0.02,1.43,0.01
제주,C31 기타 운송장비 제조업,2023,38,0.01,0.54,0.02
제주,C32 가구 제조업,2023,381,0.12,0.25,0.46
제주,C33 기타 제품 제조업,2023,525,0.16,0.29,0.54
제주,C34 산업용 기계 및 장비 수리업,2023,440,0.13,0.26,0.51
제주,D35 전기 가스 증기 및 공기조절 공급업,2023,2496,0.76,0.69,1.1
제주,E36 수도업,2023,118,0.04,0.08,0.46
제주,E37 하수 폐수 및 분뇨 처리업,2023,367,0.11,0.09,1.31
제주,E38 폐기물 수집 운반 처리 및 원료 재생업,2023,733,0.22,0.35,0.64
제주,E39 환경 정화 및 복원업,2023,66,0.02,0.01,2.96
제주,F41 종합 건설업,2023,8426,2.56,1.8,1.42
제주,F42 전문직별 공사업,2023,20668,6.29,5.76,1.09
제주,G45 자동차 및 부품 판매업,2023,1351,0.41,0.52,0.79
제주,G46 도매 및 상품 중개업,2023,15405,4.69,5.69,0.82
제주,G47 소매업; 자동차 제외,2023,32241,9.81,7.83,1.25
제주,H49 육상운송 및 파이프라인 운송업,2023,13666,4.16,4.09,1.02
제주,H50 수상 운송업,2023,424,0.13,0.09,1.39
제주,H51 항공 운송업,2023,2342,0.71,0.13,5.61
제주,H52 창고 및 운송관련 서비스업,2023,2889,0.88,1.3,0.68
제주,I55 숙박업,2023,15768,4.8,0.72,6.71
제주,I56 음식점 및 주점업,2023,45356,13.8,8.32,1.66
제주,J58 출판업,2023,2464,0.75,1.66,0.45
제주,J59 영상ㆍ오디오 기록물 제작 및 배급업,2023,504,0.15,0.33,0.46
제주,J60 방송업,2023,526,0.16,0.12,1.37
제주,J61 우편 및 통신업,2023,1023,0.31,0.36,0.86
제주,J62 컴퓨터 프로그래밍 시스템 통합 및 관리업,2023,600,0.18,0.67,0.27
제주,J63 정보서비스업,2023,657,0.2,0.3,0.67
제주,K64 금융업,2023,4328,1.32,1.2,1.1
제주,K65 보험 및 연금업,2023,2976,0.91,0.81,1.12
제주,K66 금융 및 보험 관련 서비스업,2023,1268,0.39,0.87,0.44
제주,L68 부동산업,2023,6823,2.08,2.65,0.78
제주,M70 연구개발업,2023,1521,0.46,1.22,0.38
제주,M71 전문 서비스업,2023,3681,1.12,2.52,0.44
제주,M72 건축기술 엔지니어링 및 기타 과학기술 서비스업,2023,3692,1.12,1.66,0.68
제주,M73 기타 전문 과학 및 기술 서비스업,2023,1436,0.44,0.47,0.94
제주,N74 사업시설 관리 및 조경 서비스업,2023,3208,0.98,1.39,0.7
제주,N75 사업지원 서비스업,2023,9223,2.81,3.55,0.79
제주,N76 임대업; 부동산 제외,2023,2635,0.8,0.31,2.55
제주,O84 공공행정 국방 및 사회보장 행정,2023,20146,6.13,3.53,1.73
제주,P85 교육 서비스업,2023,23301,7.09,6.75,1.05
제주,Q86 보건업,2023,12545,3.82,4.64,0.82
제주,Q87 사회복지 서비스업,2023,19302,5.87,5.45,1.08
제주,R90 창작 예술 및 여가관련 서비스업,2023,3280,1.0,0.5,1.99
제주,R91 스포츠 및 오락관련 서비스업,2023,10001,3.04,1.29,2.36
제주,S94 협회 및 단체,2023,4554,1.39,1.08,1.28
제주,S95 개인 및 소비용품 수리업,2023,3173,0.97,0.86,1.12
제주,S96 기타 개인 서비스업,2023,6946,2.11,1.69,1.25
충남,A01 농업,2020,5851,0.55,0.18,3.02
충남,A02 임업,2020,909,0.09,0.05,1.82
충남,A03 어업,2020,255,0.02,0.03,0.82
충남,B06 금속 광업,2020,5,0.0,0.0,0.29
충남,B07 비금속광물 광업; 연료용 제외,2020,861,0.08,0.05,1.62
충남,C10 식료품 제조업,2020,32622,3.06,1.49,2.05
충남,C11 음료 제조업,2020,1708,0.16,0.08,1.96
충남,C13 섬유제품 제조업; 의복제외,2020,4081,0.38,0.6,0.63
충남,C14 의복 의복 액세서리 및 모피제품 제조업,2020,851,0.08,0.52,0.15
충남,C15 가죽 가방 및 신발 제조업,2020,154,0.01,0.14,0.11
충남,C16 목재 및 나무제품 제조업; 가구 제외,2020,2166,0.2,0.17,1.23
충남,C17 펄프 종이 및 종이제품 제조업,2020,5090,0.48,0.34,1.4
충남,C18 인쇄 및 기록매체 복제업,2020,1395,0.13,0.31,0.43
충남,C19 코크스 연탄 및 석유정제품 제조업,2020,1738,0.16,0.05,3.15
충남,C20 화학물질 및 화학제품 제조업; 의약품 제외,2020,20056,1.88,0.76,2.47
충남,C21 의료용 물질 및 의약품 제조업,2020,5161,0.48,0.22,2.19
충남,C22 고무 및 플라스틱제품 제조업,2020,22756,2.14,1.18,1.82
충남,C23 비금속 광물제품 제조업,2020,13726,1.29,0.49,2.63
충남,C24 1차 금속 제조업,2020,18256,1.71,0.66,2.58
충남,C25 금속가공제품 제조업; 기계 및 가구 제외,2020,24189,2.27,1.9,1.2
충남,C26 전자부품 컴퓨터 영상 음향 및 통신장비 제조업,2020,41960,3.94,1.61,2.44
충남,C27 의료 정밀 광학기기 및 시계 제조업,2020,8164,0.77,0.59,1.29
충남,C28 전기장비 제조업,2020,18556,1.74,1.15,1.52
충남,C29 기타 기계 및 장비 제조업,2020,37306,3.5,2.04,1.72
충남,C30 자동차 및 트레일러 제조업,2020,44125,4.14,1.46,2.85
충남,C31 기타 운송장비 제조업,2020,1147,0.11,0.52,0.21
충남,C32 가구 제조업,2020,1545,0.15,0.29,0.5
충남,C33 기타 제품 제조업,2020,2112,0.2,0.34,0.58
충남,C34 산업용 기계 및 장비 수리업,2020,5365,0.5,0.25,2.04
충남,D35 전기 가스 증기 및 공기조절 공급업,2020,16797,1.58,0.57,2.75
충남,E36 수도업,2020,853,0.08,0.08,1.01
충남,E37 하수 폐수 및 분뇨 처리업,2020,1196,0.11,0.09,1.25
충남,E38 폐기물 수집 운반 처리 및 원료 재생업,2020,5229,0.49,0.34,1.45
충남,E39 환경 정화 및 복원업,2020,115,0.01,0.01,1.61
충남,F41 종합 건설업,2020,22553,2.12,2.19,0.97
충남,F42 전문직별 공사업,2020,67636,6.35,6.51,0.98
충남,G45 자동차 및 부품 판매업,2020,4903,0.46,0.56,0.82
충남,G46 도매 및 상품 중개업,2020,41186,3.87,6.6,0.59
충남,G47 소매업; 자동차 제외,2020,75499,7.09,7.71,0.92
충남,H49 육상운송 및 파이프라인 운송업,2020,34652,3.25,3.91,0.83
충남,H50 수상 운송업,2020,549,0.05,0.09,0.57
충남,H52 창고 및 운송관련 서비스업,2020,11023,1.04,1.21,0.86
충남,I55 숙박업,2020,8713,0.82,0.7,1.17
충남,I56 음식점 및 주점업,2020,80769,7.59,7.74,0.98
충남,J58 출판업,2020,2076,0.19,1.48,0.13
충남,J59 영상ㆍ오디오 기록물 제작 및 배급업,2020,644,0.06,0.27,0.23
충남,J60 방송업,2020,147,0.01,0.12,0.12
충남,J61 우편 및 통신업,2020,3349,0.31,0.36,0.87
충남,J62 컴퓨터 프로그래밍 시스템 통합 및 관리업,2020,1071,0.1,0.62,0.16
충남,J63 정보서비스업,2020,307,0.03,0.27,0.11
충남,K64 금융업,2020,8702,0.82,1.2,0.68
충남,K65 보험 및 연금업,2020,6258,0.59,0.9,0.65
충남,K66 금융 및 보험 관련 서비스업,2020,3096,0.29,0.83,0.35
충남,L68 부동산업,2020,18295,1.72,2.76,0.62
충남,M70 연구개발업,2020,4389,0.41,1.13,0.36
충남,M71 전문 서비스업,2020,7716,0.72,2.35,0.31
충남,M72 건축기술 엔지니어링 및 기타 과학기술 서비스업,2020,13839,1.3,1.55,0.84
충남,M73 기타 전문 과학 및 기술 서비스업,2020,2524,0.24,0.48,0.5
충남,N74 사업시설 관리 및 조경 서비스업,2020,10506,0.99,1.34,0.74
충남,N75 사업지원 서비스업,2020,32752,3.08,3.65,0.84
충남,N76 임대업; 부동산 제외,2020,3021,0.28,0.32,0.9
충남,O84 공공행정 국방 및 사회보장 행정,2020,37605,3.53,3.33,1.06
충남,P85 교육 서비스업,2020,69431,6.52,6.66,0.98
충남,Q86 보건업,2020,35828,3.36,4.4,0.76
충남,Q87 사회복지 서비스업,2020,56638,5.32,4.67,1.14
충남,R90 창작 예술 및 여가관련 서비스업,2020,3706,0.35,0.49,0.71
충남,R91 스포츠 및 오락관련 서비스업,2020,10703,1.01,1.21,0.83
충남,S94 협회 및 단체,2020,12174,1.14,1.05,1.09
충남,S95 개인 및 소비용품 수리업,2020,10184,0.96,0.96,0.99
충남,S96 기타 개인 서비스업,2020,16018,1.5,1.68,0.9
충남,A01 농업,2021,6737,0.62,0.19,3.22
충남,A02 임업,2021,991,0.09,0.04,2.04
충남,A03 어업,2021,253,0.02,0.03,0.85
충남,B06 금속 광업,2021,3,0.0,0.0,0.17
충남,B07 비금속광물 광업; 연료용 제외,2021,876,0.08,0.05,1.64
충남,C10 식료품 제조업,2021,33179,3.06,1.5,2.04
충남,C11 음료 제조업,2021,1826,0.17,0.08,2.06
충남,C13 섬유제품 제조업; 의복제외,2021,3718,0.34,0.57,0.6
충남,C14 의복 의복 액세서리 및 모피제품 제조업,2021,907,0.08,0.49,0.17
충남,C15 가죽 가방 및 신발 제조업,2021,183,0.02,0.13,0.13
충남,C16 목재 및 나무제품 제조업; 가구 제외,2021,2002,0.18,0.16,1.16
충남,C17 펄프 종이 및 종이제품 제조업,2021,5120,0.47,0.34,1.39
충남,C18 인쇄 및 기록매체 복제업,2021,1362,0.13,0.29,0.43
충남,C19 코크스 연탄 및 석유정제품 제조업,2021,2721,0.25,0.06,4.49
충남,C20 화학물질 및 화학제품 제조업; 의약품 제외,2021,20265,1.87,0.78,2.4
충남,C21 의료용 물질 및 의약품 제조업,2021,5181,0.48,0.24,2.0
충남,C22 고무 및 플라스틱제품 제조업,2021,22993,2.12,1.15,1.84
충남,C23 비금속 광물제품 제조업,2021,13959,1.29,0.48,2.67
충남,C24 1차 금속 제조업,2021,21921,2.02,0.67,3.03
충남,C25 금속가공제품 제조업; 기계 및 가구 제외,2021,23768,2.2,1.81,1.21
충남,C26 전자부품 컴퓨터 영상 음향 및 통신장비 제조업,2021,42907,3.96,1.64,2.42
충남,C27 의료 정밀 광학기기 및 시계 제조업,2021,8159,0.75,0.59,1.28
충남,C28 전기장비 제조업,2021,18633,1.72,1.14,1.5
충남,C29 기타 기계 및 장비 제조업,2021,37495,3.46,2.01,1.72
충남,C30 자동차 및 트레일러 제조업,2021,42735,3.95,1.43,2.77
충남,C31 기타 운송장비 제조업,2021,1070,0.1,0.51,0.19
충남,C32 가구 제조업,2021,1571,0.15,0.27,0.53
충남,C33 기타 제품 제조업,2021,1881,0.17,0.32,0.54
충남,C34 산업용 기계 및 장비 수리업,2021,4824,0.45,0.24,1.84
충남,D35 전기 가스 증기 및 공기조절 공급업,2021,19533,1.8,0.63,2.86
충남,E36 수도업,2021,924,0.09,0.08,1.05
충남,E37 하수 폐수 및 분뇨 처리업,2021,1338,0.12,0.09,1.33
충남,E38 폐기물 수집 운반 처리 및 원료 재생업,2021,5402,0.5,0.35,1.41
충남,E39 환경 정화 및 복원업,2021,106,0.01,0.01,1.39
충남,F41 종합 건설업,2021,20553,1.9,1.98,0.96
충남,F42 전문직별 공사업,2021,64937,6.0,5.99,1.0
충남,G45 자동차 및 부품 판매업,2021,4752,0.44,0.56,0.78
충남,G46 도매 및 상품 중개업,2021,40297,3.72,6.27,0.59
충남,G47 소매업; 자동차 제외,2021,78929,7.29,7.88,0.92
충남,H49 육상운송 및 파이프라인 운송업,2021,36573,3.38,3.99,0.85
충남,H50 수상 운송업,2021,637,0.06,0.09,0.65
충남,H52 창고 및 운송관련 서비스업,2021,10764,0.99,1.26,0.79
충남,I55 숙박업,2021,8545,0.79,0.68,1.16
충남,I56 음식점 및 주점업,2021,81903,7.56,7.77,0.97
충남,J58 출판업,2021,2467,0.23,1.58,0.14
충남,J59 영상ㆍ오디오 기록물 제작 및 배급업,2021,827,0.08,0.31,0.25
충남,J60 방송업,2021,144,0.01,0.12,0.11
충남,J61 우편 및 통신업,2021,3443,0.32,0.36,0.87
충남,J62 컴퓨터 프로그래밍 시스템 통합 및 관리업,2021,1068,0.1,0.66,0.15
충남,J63 정보서비스업,2021,297,0.03,0.3,0.09
충남,K64 금융업,2021,8834,0.82,1.21,0.67
충남,K65 보험 및 연금업,2021,7125,0.66,0.91,0.72
충남,K66 금융 및 보험 관련 서비스업,2021,3074,0.28,0.85,0.33
충남,L68 부동산업,2021,19591,1.81,2.82,0.64
충남,M70 연구개발업,2021,4560,0.42,1.2,0.35
충남,M71 전문 서비스업,2021,8102,0.75,2.35,0.32
충남,M72 건축기술 엔지니어링 및 기타 과학기술 서비스업,2021,13526,1.25,1.6,0.78
충남,M73 기타 전문 과학 및 기술 서비스업,2021,2648,0.24,0.49,0.5
충남,N74 사업시설 관리 및 조경 서비스업,2021,10220,0.94,1.32,0.72
충남,N75 사업지원 서비스업,2021,28489,2.63,3.58,0.73
충남,N76 임대업; 부동산 제외,2021,3042,0.28,0.32,0.88
충남,O84 공공행정 국방 및 사회보장 행정,2021,40568,3.75,3.47,1.08
충남,P85 교육 서비스업,2021,71764,6.63,6.77,0.98
충남,Q86 보건업,2021,37701,3.48,4.5,0.77
충남,Q87 사회복지 서비스업,2021,60216,5.56,4.96,1.12
충남,R90 창작 예술 및 여가관련 서비스업,2021,3808,0.35,0.49,0.72
충남,R91 스포츠 및 오락관련 서비스업,2021,10461,0.97,1.2,0.8
충남,S94 협회 및 단체,2021,12047,1.11,1.04,1.07
충남,S95 개인 및 소비용품 수리업,2021,10097,0.93,0.92,1.01
충남,S96 기타 개인 서비스업,2021,16247,1.5,1.66,0.91
충남,A01 농업,2022,6691,0.61,0.19,3.23
충남,A02 임업,2022,1183,0.11,0.05,2.32
충남,A03 어업,2022,249,0.02,0.03,0.82
충남,B07 비금속광물 광업; 연료용 제외,2022,817,0.07,0.05,1.63
충남,C10 식료품 제조업,2022,32541,2.98,1.5,1.99
충남,C11 음료 제조업,2022,1715,0.16,0.08,1.93
충남,C13 섬유제품 제조업; 의복제외,2022,3641,0.33,0.54,0.61
충남,C14 의복 의복 액세서리 및 모피제품 제조업,2022,909,0.08,0.47,0.18
충남,C15 가죽 가방 및 신발 제조업,2022,180,0.02,0.12,0.14
충남,C16 목재 및 나무제품 제조업; 가구 제외,2022,2125,0.19,0.16,1.21
충남,C17 펄프 종이 및 종이제품 제조업,2022,5371,0.49,0.34,1.46
충남,C18 인쇄 및 기록매체 복제업,2022,1355,0.12,0.28,0.44
충남,C19 코크스 연탄 및 석유정제품 제조업,2022,2432,0.22,0.05,4.16
충남,C20 화학물질 및 화학제품 제조업; 의약품 제외,2022,20593,1.89,0.78,2.42
충남,C21 의료용 물질 및 의약품 제조업,2022,5465,0.5,0.25,2.0
충남,C22 고무 및 플라스틱제품 제조업,2022,22633,2.07,1.13,1.84
충남,C23 비금속 광물제품 제조업,2022,13475,1.23,0.48,2.57
충남,C24 1차 금속 제조업,2022,22273,2.04,0.67,3.03
충남,C25 금속가공제품 제조업; 기계 및 가구 제외,2022,22972,2.1,1.8,1.17
충남,C26 전자부품 컴퓨터 영상 음향 및 통신장비 제조업,2022,33891,3.1,1.62,1.92
충남,C27 의료 정밀 광학기기 및 시계 제조업,2022,8302,0.76,0.59,1.28
충남,C28 전기장비 제조업,2022,19672,1.8,1.14,1.58
충남,C29 기타 기계 및 장비 제조업,2022,40560,3.71,2.02,1.84
충남,C30 자동차 및 트레일러 제조업,2022,46209,4.23,1.47,2.87
충남,C31 기타 운송장비 제조업,2022,1145,0.1,0.52,0.2
충남,C32 가구 제조업,2022,1534,0.14,0.27,0.53
충남,C33 기타 제품 제조업,2022,2079,0.19,0.32,0.6
충남,C34 산업용 기계 및 장비 수리업,2022,4479,0.41,0.25,1.61
충남,D35 전기 가스 증기 및 공기조절 공급업,2022,19350,1.77,0.64,2.78
충남,E36 수도업,2022,936,0.09,0.08,1.07
충남,E37 하수 폐수 및 분뇨 처리업,2022,1249,0.11,0.09,1.29
충남,E38 폐기물 수집 운반 처리 및 원료 재생업,2022,5725,0.52,0.36,1.47
충남,E39 환경 정화 및 복원업,2022,132,0.01,0.01,1.67
충남,F41 종합 건설업,2022,21100,1.93,1.98,0.97
충남,F42 전문직별 공사업,2022,64456,5.9,5.77,1.02
충남,G45 자동차 및 부품 판매업,2022,4805,0.44,0.53,0.83
충남,G46 도매 및 상품 중개업,2022,39308,3.6,5.81,0.62
충남,G47 소매업; 자동차 제외,2022,79723,7.3,7.85,0.93
충남,H49 육상운송 및 파이프라인 운송업,2022,36147,3.31,4.02,0.82
충남,H50 수상 운송업,2022,707,0.06,0.09,0.74
충남,H52 창고 및 운송관련 서비스업,2022,10730,0.98,1.26,0.78
충남,I55 숙박업,2022,8894,0.81,0.69,1.18
충남,I56 음식점 및 주점업,2022,87484,8.01,8.09,0.99
충남,J58 출판업,2022,2667,0.24,1.67,0.15
충남,J59 영상ㆍ오디오 기록물 제작 및 배급업,2022,1035,0.09,0.33,0.29
충남,J60 방송업,2022,121,0.01,0.12,0.09
충남,J61 우편 및 통신업,2022,3255,0.3,0.37,0.81
충남,J62 컴퓨터 프로그래밍 시스템 통합 및 관리업,2022,1092,0.1,0.67,0.15
충남,J63 정보서비스업,2022,380,0.03,0.31,0.11
충남,K64 금융업,2022,8806,0.81,1.2,0.67
충남,K65 보험 및 연금업,2022,6798,0.62,0.87,0.71
충남,K66 금융 및 보험 관련 서비스업,2022,3301,0.3,0.83,0.36
충남,L68 부동산업,2022,19903,1.82,2.74,0.66
충남,M70 연구개발업,2022,4472,0.41,1.24,0.33
충남,M71 전문 서비스업,2022,8778,0.8,2.39,0.34
충남,M72 건축기술 엔지니어링 및 기타 과학기술 서비스업,2022,13591,1.24,1.6,0.78
충남,M73 기타 전문 과학 및 기술 서비스업,2022,2825,0.26,0.48,0.54
충남,N74 사업시설 관리 및 조경 서비스업,2022,10977,1.0,1.31,0.77
충남,N75 사업지원 서비스업,2022,25600,2.34,3.55,0.66
충남,N76 임대업; 부동산 제외,2022,2820,0.26,0.3,0.86
충남,O84 공공행정 국방 및 사회보장 행정,2022,40925,3.75,3.53,1.06
충남,P85 교육 서비스업,2022,73726,6.75,6.83,0.99
충남,Q86 보건업,2022,38196,3.5,4.59,0.76
충남,Q87 사회복지 서비스업,2022,63558,5.82,5.15,1.13
충남,R90 창작 예술 및 여가관련 서비스업,2022,4057,0.37,0.49,0.76
충남,R91 스포츠 및 오락관련 서비스업,2022,11347,1.04,1.27,0.82
충남,S94 협회 및 단체,2022,12179,1.11,1.02,1.1
충남,S95 개인 및 소비용품 수리업,2022,10037,0.92,0.88,1.04
충남,S96 기타 개인 서비스업,2022,16662,1.53,1.7,0.9
충남,A01 농업,2023,6808,0.62,0.19,3.32
충남,A02 임업,2023,1231,0.11,0.05,2.42
충남,A03 어업,2023,292,0.03,0.02,1.12
충남,B07 비금속광물 광업; 연료용 제외,2023,836,0.08,0.04,1.73
충남,C10 식료품 제조업,2023,33032,3.0,1.47,2.05
충남,C11 음료 제조업,2023,1731,0.16,0.08,1.91
충남,C13 섬유제품 제조업; 의복제외,2023,3661,0.33,0.5,0.67
충남,C14 의복 의복 액세서리 및 모피제품 제조업,2023,814,0.07,0.43,0.17
충남,C15 가죽 가방 및 신발 제조업,2023,193,0.02,0.11,0.17
충남,C16 목재 및 나무제품 제조업; 가구 제외,2023,2086,0.19,0.15,1.25
충남,C17 펄프 종이 및 종이제품 제조업,2023,5381,0.49,0.33,1.47
충남,C18 인쇄 및 기록매체 복제업,2023,1345,0.12,0.27,0.46
충남,C19 코크스 연탄 및 석유정제품 제조업,2023,2435,0.22,0.05,4.27
충남,C20 화학물질 및 화학제품 제조업; 의약품 제외,2023,21097,1.92,0.75,2.54
충남,C21 의료용 물질 및 의약품 제조업,2023,5108,0.46,0.25,1.87
충남,C22 고무 및 플라스틱제품 제조업,2023,22576,2.05,1.09,1.89
충남,C23 비금속 광물제품 제조업,2023,12854,1.17,0.46,2.53
충남,C24 1차 금속 제조업,2023,22803,2.07,0.67,3.11
충남,C25 금속가공제품 제조업; 기계 및 가구 제외,2023,22617,2.05,1.74,1.18
충남,C26 전자부품 컴퓨터 영상 음향 및 통신장비 제조업,2023,33158,3.01,1.56,1.93
충남,C27 의료 정밀 광학기기 및 시계 제조업,2023,8437,0.77,0.59,1.31
충남,C28 전기장비 제조업,2023,20199,1.84,1.09,1.68
충남,C29 기타 기계 및 장비 제조업,2023,37876,3.44,1.96,1.75
충남,C30 자동차 및 트레일러 제조업,2023,45323,4.12,1.43,2.87
충남,C31 기타 운송장비 제조업,2023,1007,0.09,0.54,0.17
충남,C32 가구 제조업,2023,1495,0.14,0.25,0.54
충남,C33 기타 제품 제조업,2023,1888,0.17,0.29,0.58
충남,C34 산업용 기계 및 장비 수리업,2023,4359,0.4,0.26,1.51
충남,D35 전기 가스 증기 및 공기조절 공급업,2023,21757,1.98,0.69,2.87
충남,E36 수도업,2023,927,0.08,0.08,1.08
충남,E37 하수 폐수 및 분뇨 처리업,2023,1043,0.09,0.09,1.11
충남,E38 폐기물 수집 운반 처리 및 원료 재생업,2023,5466,0.5,0.35,1.43
충남,E39 환경 정화 및 복원업,2023,143,0.01,0.01,1.92
충남,F41 종합 건설업,2023,20921,1.9,1.8,1.06
충남,F42 전문직별 공사업,2023,63618,5.78,5.76,1.0
충남,G45 자동차 및 부품 판매업,2023,4504,0.41,0.52,0.78
충남,G46 도매 및 상품 중개업,2023,38598,3.51,5.69,0.62
충남,G47 소매업; 자동차 제외,2023,79715,7.24,7.83,0.92
충남,H49 육상운송 및 파이프라인 운송업,2023,36549,3.32,4.09,0.81
충남,H50 수상 운송업,2023,761,0.07,0.09,0.75
충남,H52 창고 및 운송관련 서비스업,2023,10689,0.97,1.3,0.75
충남,I55 숙박업,2023,9081,0.83,0.72,1.15
충남,I56 음식점 및 주점업,2023,90153,8.19,8.32,0.98
충남,J58 출판업,2023,2547,0.23,1.66,0.14
충남,J59 영상ㆍ오디오 기록물 제작 및 배급업,2023,1199,0.11,0.33,0.33
충남,J60 방송업,2023,102,0.01,0.12,0.08
충남,J61 우편 및 통신업,2023,3276,0.3,0.36,0.83
충남,J62 컴퓨터 프로그래밍 시스템 통합 및 관리업,2023,1205,0.11,0.67,0.16
충남,J63 정보서비스업,2023,391,0.04,0.3,0.12
충남,K64 금융업,2023,8855,0.8,1.2,0.67
충남,K65 보험 및 연금업,2023,6190,0.56,0.81,0.7
충남,K66 금융 및 보험 관련 서비스업,2023,4223,0.38,0.87,0.44
충남,L68 부동산업,2023,19875,1.81,2.65,0.68
충남,M70 연구개발업,2023,4710,0.43,1.22,0.35
충남,M71 전문 서비스업,2023,9393,0.85,2.52,0.34
충남,M72 건축기술 엔지니어링 및 기타 과학기술 서비스업,2023,14438,1.31,1.66,0.79
충남,M73 기타 전문 과학 및 기술 서비스업,2023,2786,0.25,0.47,0.54
충남,N74 사업시설 관리 및 조경 서비스업,2023,10572,0.96,1.39,0.69
충남,N75 사업지원 서비스업,2023,23427,2.13,3.55,0.6
충남,N76 임대업; 부동산 제외,2023,3117,0.28,0.31,0.9
충남,O84 공공행정 국방 및 사회보장 행정,2023,43439,3.95,3.53,1.12
충남,P85 교육 서비스업,2023,72581,6.59,6.75,0.98
충남,Q86 보건업,2023,39037,3.55,4.64,0.76
충남,Q87 사회복지 서비스업,2023,67875,6.17,5.45,1.13
충남,R90 창작 예술 및 여가관련 서비스업,2023,4225,0.38,0.5,0.77
충남,R91 스포츠 및 오락관련 서비스업,2023,11576,1.05,1.29,0.82
충남,S94 협회 및 단체,2023,14144,1.29,1.08,1.19
충남,S95 개인 및 소비용품 수리업,2023,9863,0.9,0.86,1.04
충남,S96 기타 개인 서비스업,2023,17087,1.55,1.69,0.92
충북,A01 농업,2020,3040,0.38,0.18,2.07
충북,A02 임업,2020,843,0.1,0.05,2.23
충북,A03 어업,2020,21,0.0,0.03,0.09
충북,B06 금속 광업,2020,12,0.0,0.0,0.93
충북,B07 비금속광물 광업; 연료용 제외,2020,1138,0.14,0.05,2.82
충북,C10 식료품 제조업,2020,34959,4.33,1.49,2.9
충북,C11 음료 제조업,2020,2627,0.33,0.08,3.98
충북,C13 섬유제품 제조업; 의복제외,2020,3754,0.46,0.6,0.77
충북,C14 의복 의복 액세서리 및 모피제품 제조업,2020,582,0.07,0.52,0.14
충북,C15 가죽 가방 및 신발 제조업,2020,498,0.06,0.14,0.45
충북,C16 목재 및 나무제품 제조업; 가구 제외,2020,1419,0.18,0.17,1.06
충북,C17 펄프 종이 및 종이제품 제조업,2020,5464,0.68,0.34,1.98
충북,C18 인쇄 및 기록매체 복제업,2020,1320,0.16,0.31,0.53
충북,C19 코크스 연탄 및 석유정제품 제조업,2020,216,0.03,0.05,0.52
충북,C20 화학물질 및 화학제품 제조업; 의약품 제외,2020,15670,1.94,0.76,2.55
충북,C21 의료용 물질 및 의약품 제조업,2020,8547,1.06,0.22,4.78
충북,C22 고무 및 플라스틱제품 제조업,2020,17989,2.23,1.18,1.89
충북,C23 비금속 광물제품 제조업,2020,11924,1.48,0.49,3.02
충북,C24 1차 금속 제조업,2020,5002,0.62,0.66,0.93
충북,C25 금속가공제품 제조업; 기계 및 가구 제외,2020,18476,2.29,1.9,1.21
충북,C26 전자부품 컴퓨터 영상 음향 및 통신장비 제조업,2020,25995,3.22,1.61,2.0
충북,C27 의료 정밀 광학기기 및 시계 제조업,2020,4126,0.51,0.59,0.86
충북,C28 전기장비 제조업,2020,27132,3.36,1.15,2.93
충북,C29 기타 기계 및 장비 제조업,2020,15215,1.88,2.04,0.92
충북,C30 자동차 및 트레일러 제조업,2020,15024,1.86,1.46,1.28
충북,C31 기타 운송장비 제조업,2020,994,0.12,0.52,0.23
충북,C32 가구 제조업,2020,2502,0.31,0.29,1.07
충북,C33 기타 제품 제조업,2020,2640,0.33,0.34,0.96
충북,C34 산업용 기계 및 장비 수리업,2020,2172,0.27,0.25,1.09
충북,D35 전기 가스 증기 및 공기조절 공급업,2020,6715,0.83,0.57,1.45
충북,E36 수도업,2020,1065,0.13,0.08,1.66
충북,E37 하수 폐수 및 분뇨 처리업,2020,904,0.11,0.09,1.25
충북,E38 폐기물 수집 운반 처리 및 원료 재생업,2020,4104,0.51,0.34,1.5
충북,E39 환경 정화 및 복원업,2020,90,0.01,0.01,1.66
충북,F41 종합 건설업,2020,18721,2.32,2.19,1.06
충북,F42 전문직별 공사업,2020,54485,6.74,6.51,1.04
충북,G45 자동차 및 부품 판매업,2020,3802,0.47,0.56,0.84
충북,G46 도매 및 상품 중개업,2020,33408,4.13,6.6,0.63
충북,G47 소매업; 자동차 제외,2020,54309,6.72,7.71,0.87
충북,H49 육상운송 및 파이프라인 운송업,2020,29403,3.64,3.91,0.93
충북,H50 수상 운송업,2020,122,0.02,0.09,0.17
충북,H51 항공 운송업,2020,184,0.02,0.14,0.16
충북,H52 창고 및 운송관련 서비스업,2020,8186,1.01,1.21,0.84
충북,I55 숙박업,2020,4942,0.61,0.7,0.87
충북,I56 음식점 및 주점업,2020,61575,7.62,7.74,0.99
충북,J58 출판업,2020,2071,0.26,1.48,0.17
충북,J59 영상ㆍ오디오 기록물 제작 및 배급업,2020,380,0.05,0.27,0.18
충북,J60 방송업,2020,562,0.07,0.12,0.59
충북,J61 우편 및 통신업,2020,2289,0.28,0.36,0.78
충북,J62 컴퓨터 프로그래밍 시스템 통합 및 관리업,2020,1276,0.16,0.62,0.26
충북,J63 정보서비스업,2020,259,0.03,0.27,0.12
충북,K64 금융업,2020,6248,0.77,1.2,0.64
충북,K65 보험 및 연금업,2020,6191,0.77,0.9,0.85
충북,K66 금융 및 보험 관련 서비스업,2020,2774,0.34,0.83,0.41
충북,L68 부동산업,2020,15490,1.92,2.76,0.69
충북,M70 연구개발업,2020,5179,0.64,1.13,0.57
충북,M71 전문 서비스업,2020,6519,0.81,2.35,0.34
충북,M72 건축기술 엔지니어링 및 기타 과학기술 서비스업,2020,11682,1.45,1.55,0.93
충북,M73 기타 전문 과학 및 기술 서비스업,2020,1976,0.24,0.48,0.51
충북,N74 사업시설 관리 및 조경 서비스업,2020,8358,1.03,1.34,0.77
충북,N75 사업지원 서비스업,2020,25655,3.18,3.65,0.87
충북,N76 임대업; 부동산 제외,2020,2287,0.28,0.32,0.89
충북,O84 공공행정 국방 및 사회보장 행정,2020,33743,4.18,3.33,1.25
충북,P85 교육 서비스업,2020,52734,6.53,6.66,0.98
충북,Q86 보건업,2020,28536,3.53,4.4,0.8
충북,Q87 사회복지 서비스업,2020,39871,4.93,4.67,1.06
충북,R90 창작 예술 및 여가관련 서비스업,2020,3488,0.43,0.49,0.88
충북,R91 스포츠 및 오락관련 서비스업,2020,10421,1.29,1.21,1.07
충북,S94 협회 및 단체,2020,8874,1.1,1.05,1.05
충북,S95 개인 및 소비용품 수리업,2020,7675,0.95,0.96,0.99
충북,S96 기타 개인 서비스업,2020,12161,1.51,1.68,0.9
충북,A01 농업,2021,3383,0.41,0.19,2.14
충북,A02 임업,2021,928,0.11,0.04,2.52
충북,A03 어업,2021,59,0.01,0.03,0.26
충북,B06 금속 광업,2021,16,0.0,0.0,1.18
충북,B07 비금속광물 광업; 연료용 제외,2021,1120,0.14,0.05,2.78
충북,C10 식료품 제조업,2021,34967,4.28,1.5,2.85
충북,C11 음료 제조업,2021,2829,0.35,0.08,4.23
충북,C13 섬유제품 제조업; 의복제외,2021,3486,0.43,0.57,0.75
충북,C14 의복 의복 액세서리 및 모피제품 제조업,2021,689,0.08,0.49,0.17
충북,C15 가죽 가방 및 신발 제조업,2021,489,0.06,0.13,0.47
충북,C16 목재 및 나무제품 제조업; 가구 제외,2021,1530,0.19,0.16,1.18
충북,C17 펄프 종이 및 종이제품 제조업,2021,5562,0.68,0.34,2.0
충북,C18 인쇄 및 기록매체 복제업,2021,1311,0.16,0.29,0.55
충북,C19 코크스 연탄 및 석유정제품 제조업,2021,244,0.03,0.06,0.53
충북,C20 화학물질 및 화학제품 제조업; 의약품 제외,2021,16953,2.07,0.78,2.66
충북,C21 의료용 물질 및 의약품 제조업,2021,9157,1.12,0.24,4.69
충북,C22 고무 및 플라스틱제품 제조업,2021,18155,2.22,1.15,1.92
충북,C23 비금속 광물제품 제조업,2021,11671,1.43,0.48,2.96
충북,C24 1차 금속 제조업,2021,4897,0.6,0.67,0.9
충북,C25 금속가공제품 제조업; 기계 및 가구 제외,2021,18024,2.21,1.81,1.22
충북,C26 전자부품 컴퓨터 영상 음향 및 통신장비 제조업,2021,26071,3.19,1.64,1.95
충북,C27 의료 정밀 광학기기 및 시계 제조업,2021,4247,0.52,0.59,0.88
충북,C28 전기장비 제조업,2021,24809,3.04,1.14,2.65
충북,C29 기타 기계 및 장비 제조업,2021,16747,2.05,2.01,1.02
충북,C30 자동차 및 트레일러 제조업,2021,14425,1.76,1.43,1.24
충북,C31 기타 운송장비 제조업,2021,786,0.1,0.51,0.19
충북,C32 가구 제조업,2021,2417,0.3,0.27,1.08
충북,C33 기타 제품 제조업,2021,2468,0.3,0.32,0.93
충북,C34 산업용 기계 및 장비 수리업,2021,2368,0.29,0.24,1.2
충북,D35 전기 가스 증기 및 공기조절 공급업,2021,7841,0.96,0.63,1.52
충북,E36 수도업,2021,1297,0.16,0.08,1.96
충북,E37 하수 폐수 및 분뇨 처리업,2021,911,0.11,0.09,1.2
충북,E38 폐기물 수집 운반 처리 및 원료 재생업,2021,4082,0.5,0.35,1.41
충북,E39 환경 정화 및 복원업,2021,161,0.02,0.01,2.8
충북,F41 종합 건설업,2021,18129,2.22,1.98,1.12
충북,F42 전문직별 공사업,2021,49861,6.1,5.99,1.02
충북,G45 자동차 및 부품 판매업,2021,3723,0.46,0.56,0.81
충북,G46 도매 및 상품 중개업,2021,31951,3.91,6.27,0.62
충북,G47 소매업; 자동차 제외,2021,55718,6.82,7.88,0.86
충북,H49 육상운송 및 파이프라인 운송업,2021,31258,3.82,3.99,0.96
충북,H50 수상 운송업,2021,85,0.01,0.09,0.12
충북,H51 항공 운송업,2021,72,0.01,0.12,0.07
충북,H52 창고 및 운송관련 서비스업,2021,7994,0.98,1.26,0.78
충북,I55 숙박업,2021,4900,0.6,0.68,0.88
충북,I56 음식점 및 주점업,2021,63024,7.71,7.77,0.99
충북,J58 출판업,2021,2125,0.26,1.58,0.16
충북,J59 영상ㆍ오디오 기록물 제작 및 배급업,2021,520,0.06,0.31,0.21
충북,J60 방송업,2021,548,0.07,0.12,0.54
충북,J61 우편 및 통신업,2021,2654,0.32,0.36,0.89
충북,J62 컴퓨터 프로그래밍 시스템 통합 및 관리업,2021,1499,0.18,0.66,0.28
충북,J63 정보서비스업,2021,214,0.03,0.3,0.09
충북,K64 금융업,2021,6375,0.78,1.21,0.64
충북,K65 보험 및 연금업,2021,6192,0.76,0.91,0.83
충북,K66 금융 및 보험 관련 서비스업,2021,2870,0.35,0.85,0.41
충북,L68 부동산업,2021,16219,1.98,2.82,0.7
충북,M70 연구개발업,2021,5266,0.64,1.2,0.54
충북,M71 전문 서비스업,2021,6892,0.84,2.35,0.36
충북,M72 건축기술 엔지니어링 및 기타 과학기술 서비스업,2021,12747,1.56,1.6,0.98
충북,M73 기타 전문 과학 및 기술 서비스업,2021,2212,0.27,0.49,0.56
충북,N74 사업시설 관리 및 조경 서비스업,2021,7924,0.97,1.32,0.74
충북,N75 사업지원 서비스업,2021,25098,3.07,3.58,0.86
충북,N76 임대업; 부동산 제외,2021,2427,0.3,0.32,0.93
충북,O84 공공행정 국방 및 사회보장 행정,2021,34997,4.28,3.47,1.23
충북,P85 교육 서비스업,2021,54630,6.68,6.77,0.99
충북,Q86 보건업,2021,29239,3.58,4.5,0.8
충북,Q87 사회복지 서비스업,2021,42329,5.18,4.96,1.05
충북,R90 창작 예술 및 여가관련 서비스업,2021,3567,0.44,0.49,0.89
충북,R91 스포츠 및 오락관련 서비스업,2021,10928,1.34,1.2,1.11
충북,S94 협회 및 단체,2021,9308,1.14,1.04,1.09
충북,S95 개인 및 소비용품 수리업,2021,7510,0.92,0.92,0.99
충북,S96 기타 개인 서비스업,2021,12216,1.49,1.66,0.9
충북,A01 농업,2022,3418,0.41,0.19,2.15
충북,A02 임업,2022,1001,0.12,0.05,2.56
충북,A03 어업,2022,58,0.01,0.03,0.25
충북,B06 금속 광업,2022,17,0.0,0.0,1.55
충북,B07 비금속광물 광업; 연료용 제외,2022,1055,0.13,0.05,2.74
충북,C10 식료품 제조업,2022,35009,4.17,1.5,2.78
충북,C11 음료 제조업,2022,2759,0.33,0.08,4.05
충북,C13 섬유제품 제조업; 의복제외,2022,3468,0.41,0.54,0.76
충북,C14 의복 의복 액세서리 및 모피제품 제조업,2022,727,0.09,0.47,0.18
충북,C15 가죽 가방 및 신발 제조업,2022,447,0.05,0.12,0.44
충북,C16 목재 및 나무제품 제조업; 가구 제외,2022,1601,0.19,0.16,1.19
충북,C17 펄프 종이 및 종이제품 제조업,2022,5689,0.68,0.34,2.02
충북,C18 인쇄 및 기록매체 복제업,2022,1269,0.15,0.28,0.53
충북,C19 코크스 연탄 및 석유정제품 제조업,2022,243,0.03,0.05,0.54
충북,C20 화학물질 및 화학제품 제조업; 의약품 제외,2022,18290,2.18,0.78,2.8
충북,C21 의료용 물질 및 의약품 제조업,2022,10159,1.21,0.25,4.84
충북,C22 고무 및 플라스틱제품 제조업,2022,18548,2.21,1.13,1.96
충북,C23 비금속 광물제품 제조업,2022,12180,1.45,0.48,3.03
충북,C24 1차 금속 제조업,2022,5112,0.61,0.67,0.91
충북,C25 금속가공제품 제조업; 기계 및 가구 제외,2022,18809,2.24,1.8,1.25
충북,C26 전자부품 컴퓨터 영상 음향 및 통신장비 제조업,2022,26183,3.12,1.62,1.93
충북,C27 의료 정밀 광학기기 및 시계 제조업,2022,4309,0.51,0.59,0.86
충북,C28 전기장비 제조업,2022,25537,3.05,1.14,2.68
충북,C29 기타 기계 및 장비 제조업,2022,16297,1.94,2.02,0.96
충북,C30 자동차 및 트레일러 제조업,2022,16144,1.93,1.47,1.31
충북,C31 기타 운송장비 제조업,2022,838,0.1,0.52,0.19
충북,C32 가구 제조업,2022,2420,0.29,0.27,1.08
충북,C33 기타 제품 제조업,2022,2558,0.31,0.32,0.97
충북,C34 산업용 기계 및 장비 수리업,2022,2577,0.31,0.25,1.21
충북,D35 전기 가스 증기 및 공기조절 공급업,2022,8151,0.97,0.64,1.53
충북,E36 수도업,2022,1150,0.14,0.08,1.71
충북,E37 하수 폐수 및 분뇨 처리업,2022,969,0.12,0.09,1.3
충북,E38 폐기물 수집 운반 처리 및 원료 재생업,2022,4305,0.51,0.36,1.44
충북,E39 환경 정화 및 복원업,2022,112,0.01,0.01,1.85
충북,F41 종합 건설업,2022,18300,2.18,1.98,1.1
충북,F42 전문직별 공사업,2022,50451,6.02,5.77,1.04
충북,G45 자동차 및 부품 판매업,2022,3742,0.45,0.53,0.84
충북,G46 도매 및 상품 중개업,2022,31054,3.7,5.81,0.64
충북,G47 소매업; 자동차 제외,2022,55980,6.68,7.85,0.85
충북,H49 육상운송 및 파이프라인 운송업,2022,31889,3.8,4.02,0.95
충북,H50 수상 운송업,2022,98,0.01,0.09,0.13
충북,H51 항공 운송업,2022,186,0.02,0.12,0.18
충북,H52 창고 및 운송관련 서비스업,2022,8195,0.98,1.26,0.78
충북,I55 숙박업,2022,5158,0.62,0.69,0.89
충북,I56 음식점 및 주점업,2022,66061,7.88,8.09,0.97
충북,J58 출판업,2022,2048,0.24,1.67,0.15
충북,J59 영상ㆍ오디오 기록물 제작 및 배급업,2022,604,0.07,0.33,0.22
충북,J60 방송업,2022,537,0.06,0.12,0.54
충북,J61 우편 및 통신업,2022,2363,0.28,0.37,0.77
충북,J62 컴퓨터 프로그래밍 시스템 통합 및 관리업,2022,1723,0.21,0.67,0.31
충북,J63 정보서비스업,2022,299,0.04,0.31,0.12
충북,K64 금융업,2022,6335,0.76,1.2,0.63
충북,K65 보험 및 연금업,2022,5780,0.69,0.87,0.79
충북,K66 금융 및 보험 관련 서비스업,2022,2842,0.34,0.83,0.41
충북,L68 부동산업,2022,15862,1.89,2.74,0.69
충북,M70 연구개발업,2022,5419,0.65,1.24,0.52
충북,M71 전문 서비스업,2022,7205,0.86,2.39,0.36
충북,M72 건축기술 엔지니어링 및 기타 과학기술 서비스업,2022,12590,1.5,1.6,0.94
충북,M73 기타 전문 과학 및 기술 서비스업,2022,2210,0.26,0.48,0.55
충북,N74 사업시설 관리 및 조경 서비스업,2022,8086,0.96,1.31,0.74
충북,N75 사업지원 서비스업,2022,26388,3.15,3.55,0.89
충북,N76 임대업; 부동산 제외,2022,2349,0.28,0.3,0.93
충북,O84 공공행정 국방 및 사회보장 행정,2022,36674,4.37,3.53,1.24
충북,P85 교육 서비스업,2022,55920,6.67,6.83,0.98
충북,Q86 보건업,2022,30315,3.61,4.59,0.79
충북,Q87 사회복지 서비스업,2022,45300,5.4,5.15,1.05
충북,R90 창작 예술 및 여가관련 서비스업,2022,3525,0.42,0.49,0.86
충북,R91 스포츠 및 오락관련 서비스업,2022,12187,1.45,1.27,1.14
충북,S94 협회 및 단체,2022,9553,1.14,1.02,1.12
충북,S95 개인 및 소비용품 수리업,2022,7272,0.87,0.88,0.98
충북,S96 기타 개인 서비스업,2022,12710,1.52,1.7,0.89
충북,A01 농업,2023,3478,0.41,0.19,2.21
충북,A02 임업,2023,941,0.11,0.05,2.41
충북,A03 어업,2023,32,0.0,0.02,0.16
충북,B06 금속 광업,2023,78,0.01,0.0,5.87
충북,B07 비금속광물 광업; 연료용 제외,2023,1078,0.13,0.04,2.9
충북,C10 식료품 제조업,2023,35286,4.18,1.47,2.85
충북,C11 음료 제조업,2023,3204,0.38,0.08,4.61
충북,C13 섬유제품 제조업; 의복제외,2023,3162,0.37,0.5,0.75
충북,C14 의복 의복 액세서리 및 모피제품 제조업,2023,684,0.08,0.43,0.19
충북,C15 가죽 가방 및 신발 제조업,2023,416,0.05,0.11,0.47
충북,C16 목재 및 나무제품 제조업; 가구 제외,2023,1649,0.2,0.15,1.29
충북,C17 펄프 종이 및 종이제품 제조업,2023,5711,0.68,0.33,2.03
충북,C18 인쇄 및 기록매체 복제업,2023,1183,0.14,0.27,0.52
충북,C19 코크스 연탄 및 석유정제품 제조업,2023,227,0.03,0.05,0.52
충북,C20 화학물질 및 화학제품 제조업; 의약품 제외,2023,16470,1.95,0.75,2.59
충북,C21 의료용 물질 및 의약품 제조업,2023,10374,1.23,0.25,4.95
충북,C22 고무 및 플라스틱제품 제조업,2023,18147,2.15,1.09,1.98
충북,C23 비금속 광물제품 제조업,2023,11862,1.4,0.46,3.04
충북,C24 1차 금속 제조업,2023,5352,0.63,0.67,0.95
충북,C25 금속가공제품 제조업; 기계 및 가구 제외,2023,19162,2.27,1.74,1.3
충북,C26 전자부품 컴퓨터 영상 음향 및 통신장비 제조업,2023,25258,2.99,1.56,1.91
충북,C27 의료 정밀 광학기기 및 시계 제조업,2023,4208,0.5,0.59,0.85
충북,C28 전기장비 제조업,2023,25675,3.04,1.09,2.77
충북,C29 기타 기계 및 장비 제조업,2023,16431,1.94,1.96,0.99
충북,C30 자동차 및 트레일러 제조업,2023,14742,1.74,1.43,1.22
충북,C31 기타 운송장비 제조업,2023,810,0.1,0.54,0.18
충북,C32 가구 제조업,2023,2337,0.28,0.25,1.1
충북,C33 기타 제품 제조업,2023,2498,0.3,0.29,1.01
충북,C34 산업용 기계 및 장비 수리업,2023,2622,0.31,0.26,1.19
충북,D35 전기 가스 증기 및 공기조절 공급업,2023,9663,1.14,0.69,1.66
충북,E36 수도업,2023,1282,0.15,0.08,1.95
충북,E37 하수 폐수 및 분뇨 처리업,2023,996,0.12,0.09,1.38
충북,E38 폐기물 수집 운반 처리 및 원료 재생업,2023,4363,0.52,0.35,1.48
충북,E39 환경 정화 및 복원업,2023,61,0.01,0.01,1.07
충북,F41 종합 건설업,2023,17408,2.06,1.8,1.14
충북,F42 전문직별 공사업,2023,52060,6.16,5.76,1.07
충북,G45 자동차 및 부품 판매업,2023,3527,0.42,0.52,0.8
충북,G46 도매 및 상품 중개업,2023,30277,3.58,5.69,0.63
충북,G47 소매업; 자동차 제외,2023,55607,6.58,7.83,0.84
충북,H49 육상운송 및 파이프라인 운송업,2023,32901,3.89,4.09,0.95
충북,H50 수상 운송업,2023,73,0.01,0.09,0.09
충북,H51 항공 운송업,2023,293,0.03,0.13,0.27
충북,H52 창고 및 운송관련 서비스업,2023,8420,1.0,1.3,0.77
충북,I55 숙박업,2023,5389,0.64,0.72,0.89
충북,I56 음식점 및 주점업,2023,68290,8.08,8.32,0.97
충북,J58 출판업,2023,2010,0.24,1.66,0.14
충북,J59 영상ㆍ오디오 기록물 제작 및 배급업,2023,777,0.09,0.33,0.28
충북,J60 방송업,2023,533,0.06,0.12,0.54
충북,J61 우편 및 통신업,2023,2459,0.29,0.36,0.81
충북,J62 컴퓨터 프로그래밍 시스템 통합 및 관리업,2023,1817,0.22,0.67,0.32
충북,J63 정보서비스업,2023,477,0.06,0.3,0.19
충북,K64 금융업,2023,6485,0.77,1.2,0.64
충북,K65 보험 및 연금업,2023,5999,0.71,0.81,0.88
충북,K66 금융 및 보험 관련 서비스업,2023,3122,0.37,0.87,0.42
충북,L68 부동산업,2023,15374,1.82,2.65,0.69
충북,M70 연구개발업,2023,5184,0.61,1.22,0.5
충북,M71 전문 서비스업,2023,7809,0.92,2.52,0.37
충북,M72 건축기술 엔지니어링 및 기타 과학기술 서비스업,2023,14026,1.66,1.66,1.0
충북,M73 기타 전문 과학 및 기술 서비스업,2023,2273,0.27,0.47,0.58
충북,N74 사업시설 관리 및 조경 서비스업,2023,8071,0.96,1.39,0.69
충북,N75 사업지원 서비스업,2023,25203,2.98,3.55,0.84
충북,N76 임대업; 부동산 제외,2023,2336,0.28,0.31,0.88
충북,O84 공공행정 국방 및 사회보장 행정,2023,35362,4.18,3.53,1.18
충북,P85 교육 서비스업,2023,56083,6.64,6.75,0.98
충북,Q86 보건업,2023,30700,3.63,4.64,0.78
충북,Q87 사회복지 서비스업,2023,48769,5.77,5.45,1.06
충북,R90 창작 예술 및 여가관련 서비스업,2023,3652,0.43,0.5,0.86
충북,R91 스포츠 및 오락관련 서비스업,2023,12485,1.48,1.29,1.15
충북,S94 협회 및 단체,2023,10470,1.24,1.08,1.15
충북,S95 개인 및 소비용품 수리업,2023,7258,0.86,0.86,1.0
충북,S96 기타 개인 서비스업,2023,12687,1.5,1.69,0.89
