region,sector,year,share_pct,national_share_pct,lq
강원,농림어업,2014,5.11,2.12,2.41
강원,광업,2014,1.93,0.15,13.18
강원,음식료품·담배,2014,2.4,1.32,1.81
강원,섬유·의복·가죽,2014,0.09,1.31,0.07
강원,목재·종이·인쇄,2014,0.22,0.85,0.26
강원,석탄·석유·화학,2014,1.23,5.74,0.21
강원,비금속·금속,2014,3.28,5.15,0.64
강원,전기·전자·정밀기기,2014,1.61,9.15,0.18
강원,기계·운송장비·기타,2014,1.97,7.16,0.27
강원,전기·가스,2014,1.74,1.95,0.89
강원,수도·폐기물,2014,0.61,0.56,1.08
강원,건설업,2014,8.8,4.77,1.85
강원,도소매,2014,6.33,10.06,0.63
강원,운수·창고,2014,3.52,3.77,0.93
강원,숙박·음식점,2014,4.17,2.4,1.74
강원,정보통신업,2014,2.02,4.46,0.45
강원,금융 및 보험업,2014,4.31,5.51,0.78
강원,부동산업,2014,6.37,7.86,0.81
강원,전문·과학·기술,2014,1.61,4.04,0.4
강원,사업시설·지원,2014,2.62,3.36,0.78
강원,공공행정,2014,21.28,6.17,3.45
강원,교육,2014,8.28,5.08,1.63
강원,보건·사회복지,2014,5.63,4.41,1.28
강원,예술·스포츠·여가,2014,3.13,1.08,2.91
강원,협회·수리·개인,2014,1.74,1.57,1.11
강원,농림어업,2015,5.06,2.07,2.45
강원,광업,2015,1.93,0.14,13.93
강원,음식료품·담배,2015,2.25,1.35,1.67
강원,섬유·의복·가죽,2015,0.08,1.18,0.07
강원,목재·종이·인쇄,2015,0.21,0.84,0.26
강원,석탄·석유·화학,2015,1.44,5.83,0.25
강원,비금속·금속,2015,3.3,4.89,0.67
강원,전기·전자·정밀기기,2015,1.58,8.91,0.18
강원,기계·운송장비·기타,2015,2.11,7.2,0.29
강원,전기·가스,2015,1.93,2.19,0.88
강원,수도·폐기물,2015,0.79,0.59,1.33
강원,건설업,2015,9.29,5.04,1.84
강원,도소매,2015,6.21,9.82,0.63
강원,운수·창고,2015,4.02,4.09,0.98
강원,숙박·음식점,2015,4.34,2.48,1.75
강원,정보통신업,2015,1.93,4.41,0.44
강원,금융 및 보험업,2015,4.14,5.46,0.76
강원,부동산업,2015,6.45,7.86,0.82
강원,전문·과학·기술,2015,1.65,4.16,0.4
강원,사업시설·지원,2015,2.79,3.46,0.81
강원,공공행정,2015,20.59,6.09,3.38
강원,교육,2015,8.09,4.97,1.63
강원,보건·사회복지,2015,5.46,4.46,1.22
강원,예술·스포츠·여가,2015,2.69,1.03,2.61
강원,협회·수리·개인,2015,1.66,1.5,1.11
강원,농림어업,2016,4.95,1.91,2.59
강원,광업,2016,2.09,0.15,13.84
강원,음식료품·담배,2016,2.25,1.35,1.66
강원,섬유·의복·가죽,2016,0.1,1.12,0.08
강원,목재·종이·인쇄,2016,0.23,0.87,0.26
강원,석탄·석유·화학,2016,1.52,5.82,0.26
강원,비금속·금속,2016,3.27,4.79,0.68
강원,전기·전자·정밀기기,2016,1.44,8.92,0.16
강원,기계·운송장비·기타,2016,1.83,7.05,0.26
강원,전기·가스,2016,1.78,2.17,0.82
강원,수도·폐기물,2016,0.86,0.65,1.33
강원,건설업,2016,9.57,5.47,1.75
강원,도소매,2016,5.95,9.8,0.61
강원,운수·창고,2016,4.38,3.91,1.12
강원,숙박·음식점,2016,4.52,2.58,1.75
강원,정보통신업,2016,1.88,4.51,0.42
강원,금융 및 보험업,2016,3.99,5.26,0.76
강원,부동산업,2016,6.51,7.98,0.81
강원,전문·과학·기술,2016,1.84,4.09,0.45
강원,사업시설·지원,2016,2.87,3.49,0.82
강원,공공행정,2016,20.23,6.08,3.33
강원,교육,2016,7.96,4.85,1.64
강원,보건·사회복지,2016,5.48,4.6,1.19
강원,예술·스포츠·여가,2016,2.84,1.05,2.7
강원,협회·수리·개인,2016,1.68,1.52,1.1
강원,농림어업,2017,4.99,1.89,2.64
강원,광업,2017,2.17,0.15,14.91
강원,음식료품·담배,2017,2.31,1.33,1.73
강원,섬유·의복·가죽,2017,0.11,1.02,0.11
강원,목재·종이·인쇄,2017,0.19,0.77,0.24
강원,석탄·석유·화학,2017,1.55,5.75,0.27
강원,비금속·금속,2017,3.21,4.69,0.68
강원,전기·전자·정밀기기,2017,1.61,10.15,0.16
강원,기계·운송장비·기타,2017,1.79,6.78,0.26
강원,전기·가스,2017,2.01,1.81,1.11
강원,수도·폐기물,2017,0.81,0.62,1.31
강원,건설업,2017,9.39,5.78,1.63
강원,도소매,2017,5.92,9.66,0.61
강원,운수·창고,2017,4.33,3.69,1.17
강원,숙박·음식점,2017,4.48,2.54,1.76
강원,정보통신업,2017,1.83,4.44,0.41
강원,금융 및 보험업,2017,4.08,5.4,0.76
강원,부동산업,2017,6.38,7.94,0.8
강원,전문·과학·기술,2017,1.79,4.02,0.45
강원,사업시설·지원,2017,2.84,3.54,0.8
강원,공공행정,2017,20.79,6.12,3.4
강원,교육,2017,7.68,4.71,1.63
강원,보건·사회복지,2017,5.71,4.74,1.2
강원,예술·스포츠·여가,2017,2.5,1.0,2.5
강원,협회·수리·개인,2017,1.56,1.46,1.07
강원,농림어업,2018,4.42,1.75,2.53
강원,광업,2018,1.69,0.12,13.73
강원,음식료품·담배,2018,2.37,1.35,1.75
강원,섬유·의복·가죽,2018,0.08,0.97,0.09
강원,목재·종이·인쇄,2018,0.19,0.82,0.24
강원,석탄·석유·화학,2018,1.53,5.46,0.28
강원,비금속·금속,2018,2.85,4.48,0.64
강원,전기·전자·정밀기기,2018,1.62,10.64,0.15
강원,기계·운송장비·기타,2018,1.82,6.5,0.28
강원,전기·가스,2018,2.18,1.38,1.58
강원,수도·폐기물,2018,0.9,0.67,1.35
강원,건설업,2018,8.51,5.73,1.49
강원,도소매,2018,5.89,9.53,0.62
강원,운수·창고,2018,4.02,3.55,1.13
강원,숙박·음식점,2018,4.83,2.59,1.87
강원,정보통신업,2018,1.82,4.47,0.41
강원,금융 및 보험업,2018,4.17,5.59,0.75
강원,부동산업,2018,6.34,8.03,0.79
강원,전문·과학·기술,2018,1.87,4.14,0.45
강원,사업시설·지원,2018,2.98,3.73,0.8
강원,공공행정,2018,21.93,6.29,3.49
강원,교육,2018,7.9,4.74,1.67
강원,보건·사회복지,2018,5.97,4.99,1.2
강원,예술·스포츠·여가,2018,2.51,1.08,2.32
강원,협회·수리·개인,2018,1.61,1.43,1.13
강원,농림어업,2019,4.3,1.65,2.61
강원,광업,2019,1.72,0.11,15.36
강원,음식료품·담배,2019,2.42,1.38,1.74
강원,섬유·의복·가죽,2019,0.1,0.94,0.11
강원,목재·종이·인쇄,2019,0.2,0.78,0.25
강원,석탄·석유·화학,2019,1.65,5.17,0.32
강원,비금속·금속,2019,2.51,4.36,0.58
강원,전기·전자·정밀기기,2019,1.5,9.41,0.16
강원,기계·운송장비·기타,2019,1.76,6.59,0.27
강원,전기·가스,2019,2.0,1.38,1.45
강원,수도·폐기물,2019,0.91,0.7,1.3
강원,건설업,2019,8.74,5.77,1.51
강원,도소매,2019,5.82,9.47,0.61
강원,운수·창고,2019,4.23,3.66,1.16
강원,숙박·음식점,2019,4.89,2.72,1.8
강원,정보통신업,2019,1.81,4.59,0.39
강원,금융 및 보험업,2019,4.01,5.48,0.73
강원,부동산업,2019,6.11,8.14,0.75
강원,전문·과학·기술,2019,2.01,4.41,0.46
강원,사업시설·지원,2019,3.03,3.89,0.78
강원,공공행정,2019,22.1,6.57,3.36
강원,교육,2019,7.66,4.83,1.59
강원,보건·사회복지,2019,6.35,5.43,1.17
강원,예술·스포츠·여가,2019,2.63,1.12,2.34
강원,협회·수리·개인,2019,1.56,1.45,1.08
강원,농림어업,2020,4.56,1.73,2.64
강원,광업,2020,1.41,0.1,13.74
강원,음식료품·담배,2020,2.5,1.44,1.74
강원,섬유·의복·가죽,2020,0.13,0.91,0.14
강원,목재·종이·인쇄,2020,0.18,0.75,0.24
강원,석탄·석유·화학,2020,1.72,4.85,0.35
강원,비금속·금속,2020,2.57,4.06,0.63
강원,전기·전자·정밀기기,2020,1.42,9.6,0.15
강원,기계·운송장비·기타,2020,1.59,6.33,0.25
강원,전기·가스,2020,2.27,1.71,1.33
강원,수도·폐기물,2020,0.98,0.75,1.32
강원,건설업,2020,9.28,5.82,1.59
강원,도소매,2020,5.79,9.24,0.63
강원,운수·창고,2020,4.11,3.39,1.21
강원,숙박·음식점,2020,3.97,2.22,1.79
강원,정보통신업,2020,1.83,4.83,0.38
강원,금융 및 보험업,2020,4.22,5.8,0.73
강원,부동산업,2020,6.32,8.5,0.74
강원,전문·과학·기술,2020,2.25,4.72,0.48
강원,사업시설·지원,2020,2.41,3.64,0.66
강원,공공행정,2020,22.98,6.85,3.35
강원,교육,2020,7.45,4.79,1.55
강원,보건·사회복지,2020,6.7,5.64,1.19
강원,예술·스포츠·여가,2020,1.87,0.95,1.96
강원,협회·수리·개인,2020,1.51,1.36,1.1
강원,농림어업,2021,4.65,1.81,2.57
강원,광업,2021,1.4,0.1,14.18
강원,음식료품·담배,2021,2.33,1.35,1.72
강원,섬유·의복·가죽,2021,0.08,0.8,0.1
강원,목재·종이·인쇄,2021,0.18,0.74,0.25
강원,석탄·석유·화학,2021,1.58,5.57,0.28
강원,비금속·금속,2021,2.34,4.52,0.52
강원,전기·전자·정밀기기,2021,1.33,9.92,0.13
강원,기계·운송장비·기타,2021,1.42,5.7,0.25
강원,전기·가스,2021,1.79,1.2,1.49
강원,수도·폐기물,2021,0.95,0.71,1.33
강원,건설업,2021,9.2,5.56,1.66
강원,도소매,2021,5.56,9.08,0.61
강원,운수·창고,2021,4.43,3.93,1.13
강원,숙박·음식점,2021,4.15,2.18,1.9
강원,정보통신업,2021,1.82,5.14,0.36
강원,금융 및 보험업,2021,4.31,6.08,0.71
강원,부동산업,2021,6.04,7.97,0.76
강원,전문·과학·기술,2021,2.52,4.84,0.52
강원,사업시설·지원,2021,2.17,3.34,0.65
강원,공공행정,2021,23.79,6.77,3.52
강원,교육,2021,7.36,4.74,1.55
강원,보건·사회복지,2021,6.71,5.64,1.19
강원,예술·스포츠·여가,2021,2.33,1.03,2.26
강원,협회·수리·개인,2021,1.52,1.27,1.2
강원,농림어업,2022,4.39,1.58,2.78
강원,광업,2022,1.22,0.09,13.6
강원,음식료품·담배,2022,2.49,1.39,1.79
강원,섬유·의복·가죽,2022,0.09,0.8,0.11
강원,목재·종이·인쇄,2022,0.21,0.76,0.27
강원,석탄·석유·화학,2022,1.69,5.68,0.3
강원,비금속·금속,2022,2.42,4.46,0.54
강원,전기·전자·정밀기기,2022,1.3,9.65,0.13
강원,기계·운송장비·기타,2022,1.45,6.02,0.24
강원,전기·가스,2022,1.11,0.15,7.6
강원,수도·폐기물,2022,0.95,0.7,1.35
강원,건설업,2022,8.37,5.66,1.48
강원,도소매,2022,5.45,9.16,0.6
강원,운수·창고,2022,4.56,4.35,1.05
강원,숙박·음식점,2022,4.59,2.57,1.79
강원,정보통신업,2022,1.78,4.95,0.36
강원,금융 및 보험업,2022,4.64,6.37,0.73
강원,부동산업,2022,5.95,7.39,0.81
강원,전문·과학·기술,2022,2.39,4.96,0.48
강원,사업시설·지원,2022,2.4,3.39,0.71
강원,공공행정,2022,23.96,6.93,3.46
강원,교육,2022,7.59,4.77,1.59
강원,보건·사회복지,2022,6.97,5.79,1.2
강원,예술·스포츠·여가,2022,2.47,1.13,2.18
강원,협회·수리·개인,2022,1.57,1.31,1.2
강원,농림어업,2023,4.43,1.56,2.84
강원,광업,2023,1.49,0.1,14.28
강원,음식료품·담배,2023,2.47,1.46,1.69
강원,섬유·의복·가죽,2023,0.08,0.77,0.11
강원,목재·종이·인쇄,2023,0.21,0.74,0.28
강원,석탄·석유·화학,2023,1.64,5.25,0.31
강원,비금속·금속,2023,2.58,4.47,0.58
강원,전기·전자·정밀기기,2023,1.31,8.08,0.16
강원,기계·운송장비·기타,2023,1.4,6.63,0.21
강원,전기·가스,2023,2.13,1.29,1.65
강원,수도·폐기물,2023,0.84,0.67,1.25
강원,건설업,2023,8.12,5.56,1.46
강원,도소매,2023,5.29,8.89,0.59
강원,운수·창고,2023,4.19,4.34,0.97
강원,숙박·음식점,2023,4.84,2.75,1.76
강원,정보통신업,2023,1.65,4.98,0.33
강원,금융 및 보험업,2023,4.3,6.18,0.69
강원,부동산업,2023,5.81,7.22,0.81
강원,전문·과학·기술,2023,2.5,5.28,0.47
강원,사업시설·지원,2023,2.93,3.63,0.81
강원,공공행정,2023,23.47,6.94,3.38
강원,교육,2023,7.39,4.75,1.56
강원,보건·사회복지,2023,6.7,5.81,1.15
강원,예술·스포츠·여가,2023,2.58,1.23,2.09
강원,협회·수리·개인,2023,1.66,1.42,1.17
강원,농림어업,2024,4.38,1.58,2.78
강원,광업,2024,1.36,0.09,15.4
강원,음식료품·담배,2024,2.37,1.46,1.63
강원,섬유·의복·가죽,2024,0.07,0.72,0.1
강원,목재·종이·인쇄,2024,0.19,0.68,0.28
강원,석탄·석유·화학,2024,1.61,5.06,0.32
강원,비금속·금속,2024,2.44,4.29,0.57
강원,전기·전자·정밀기기,2024,1.39,9.46,0.15
강원,기계·운송장비·기타,2024,1.35,6.97,0.19
강원,전기·가스,2024,2.97,2.0,1.48
강원,수도·폐기물,2024,0.84,0.62,1.34
강원,건설업,2024,7.83,5.19,1.51
강원,도소매,2024,5.18,8.55,0.61
강원,운수·창고,2024,4.08,4.26,0.96
강원,숙박·음식점,2024,4.77,2.71,1.76
강원,정보통신업,2024,1.55,4.89,0.32
강원,금융 및 보험업,2024,4.08,5.87,0.69
강원,부동산업,2024,5.9,7.07,0.83
강원,전문·과학·기술,2024,2.48,5.05,0.49
강원,사업시설·지원,2024,3.01,3.52,0.85
강원,공공행정,2024,23.64,6.91,3.42
강원,교육,2024,7.4,4.64,1.6
강원,보건·사회복지,2024,6.86,5.79,1.19
강원,예술·스포츠·여가,2024,2.56,1.21,2.12
강원,협회·수리·개인,2024,1.69,1.42,1.19
경기,농림어업,2014,1.04,2.12,0.49
경기,광업,2014,0.08,0.15,0.55
경기,음식료품·담배,2014,1.2,1.32,0.91
경기,섬유·의복·가죽,2014,1.25,1.31,0.96
경기,목재·종이·인쇄,2014,1.29,0.85,1.51
경기,석탄·석유·화학,2014,5.05,5.74,0.88
경기,비금속·금속,2014,4.61,5.15,0.9
경기,전기·전자·정밀기기,2014,17.64,9.15,1.93
경기,기계·운송장비·기타,2014,7.49,7.16,1.05
경기,전기·가스,2014,1.39,1.95,0.71
경기,수도·폐기물,2014,0.66,0.56,1.17
경기,건설업,2014,4.87,4.77,1.02
경기,도소매,2014,9.45,10.06,0.94
경기,운수·창고,2014,3.32,3.77,0.88
경기,숙박·음식점,2014,2.22,2.4,0.93
경기,정보통신업,2014,4.15,4.46,0.93
경기,금융 및 보험업,2014,3.89,5.51,0.71
경기,부동산업,2014,8.52,7.86,1.08
경기,전문·과학·기술,2014,3.05,4.04,0.75
경기,사업시설·지원,2014,2.74,3.36,0.82
경기,공공행정,2014,4.7,6.17,0.76
경기,교육,2014,4.55,5.08,0.89
경기,보건·사회복지,2014,4.03,4.41,0.91
경기,예술·스포츠·여가,2014,1.25,1.08,1.16
경기,협회·수리·개인,2014,1.56,1.57,0.99
경기,농림어업,2015,0.96,2.07,0.46
경기,광업,2015,0.07,0.14,0.52
경기,음식료품·담배,2015,1.29,1.35,0.96
경기,섬유·의복·가죽,2015,1.12,1.18,0.95
경기,목재·종이·인쇄,2015,1.24,0.84,1.49
경기,석탄·석유·화학,2015,5.37,5.83,0.92
경기,비금속·금속,2015,4.33,4.89,0.89
경기,전기·전자·정밀기기,2015,17.8,8.91,2.0
경기,기계·운송장비·기타,2015,7.77,7.2,1.08
경기,전기·가스,2015,1.61,2.19,0.73
경기,수도·폐기물,2015,0.66,0.59,1.12
경기,건설업,2015,5.28,5.04,1.05
경기,도소매,2015,9.06,9.82,0.92
경기,운수·창고,2015,3.46,4.09,0.85
경기,숙박·음식점,2015,2.28,2.48,0.92
경기,정보통신업,2015,4.23,4.41,0.96
경기,금융 및 보험업,2015,3.65,5.46,0.67
경기,부동산업,2015,8.26,7.86,1.05
경기,전문·과학·기술,2015,3.14,4.16,0.76
경기,사업시설·지원,2015,2.94,3.46,0.85
경기,공공행정,2015,4.43,6.09,0.73
경기,교육,2015,4.4,4.97,0.89
경기,보건·사회복지,2015,3.98,4.46,0.89
경기,예술·스포츠·여가,2015,1.18,1.03,1.14
경기,협회·수리·개인,2015,1.47,1.5,0.98
경기,농림어업,2016,0.85,1.91,0.45
경기,광업,2016,0.09,0.15,0.57
경기,음식료품·담배,2016,1.29,1.35,0.95
경기,섬유·의복·가죽,2016,1.09,1.12,0.97
경기,목재·종이·인쇄,2016,1.28,0.87,1.48
경기,석탄·석유·화학,2016,5.36,5.82,0.92
경기,비금속·금속,2016,4.32,4.79,0.9
경기,전기·전자·정밀기기,2016,17.92,8.92,2.01
경기,기계·운송장비·기타,2016,7.56,7.05,1.07
경기,전기·가스,2016,1.41,2.17,0.65
경기,수도·폐기물,2016,0.72,0.65,1.11
경기,건설업,2016,6.1,5.47,1.12
경기,도소매,2016,9.01,9.8,0.92
경기,운수·창고,2016,3.51,3.91,0.9
경기,숙박·음식점,2016,2.34,2.58,0.91
경기,정보통신업,2016,4.35,4.51,0.96
경기,금융 및 보험업,2016,3.45,5.26,0.66
경기,부동산업,2016,8.32,7.98,1.04
경기,전문·과학·기술,2016,3.0,4.09,0.73
경기,사업시설·지원,2016,2.87,3.49,0.82
경기,공공행정,2016,4.35,6.08,0.72
경기,교육,2016,4.2,4.85,0.87
경기,보건·사회복지,2016,4.01,4.6,0.87
경기,예술·스포츠·여가,2016,1.15,1.05,1.09
경기,협회·수리·개인,2016,1.45,1.52,0.95
경기,농림어업,2017,0.82,1.89,0.43
경기,광업,2017,0.08,0.15,0.56
경기,음식료품·담배,2017,1.26,1.33,0.94
경기,섬유·의복·가죽,2017,1.02,1.02,1.0
경기,목재·종이·인쇄,2017,1.11,0.77,1.43
경기,석탄·석유·화학,2017,4.84,5.75,0.84
경기,비금속·금속,2017,4.21,4.69,0.9
경기,전기·전자·정밀기기,2017,20.04,10.15,1.97
경기,기계·운송장비·기타,2017,7.75,6.78,1.14
경기,전기·가스,2017,1.34,1.81,0.74
경기,수도·폐기물,2017,0.67,0.62,1.09
경기,건설업,2017,6.67,5.78,1.16
경기,도소매,2017,8.67,9.66,0.9
경기,운수·창고,2017,3.09,3.69,0.84
경기,숙박·음식점,2017,2.23,2.54,0.88
경기,정보통신업,2017,4.23,4.44,0.95
경기,금융 및 보험업,2017,3.44,5.4,0.64
경기,부동산업,2017,8.05,7.94,1.01
경기,전문·과학·기술,2017,2.9,4.02,0.72
경기,사업시설·지원,2017,2.87,3.54,0.81
경기,공공행정,2017,4.3,6.12,0.7
경기,교육,2017,3.94,4.71,0.84
경기,보건·사회복지,2017,4.04,4.74,0.85
경기,예술·스포츠·여가,2017,1.06,1.0,1.05
경기,협회·수리·개인,2017,1.35,1.46,0.93
경기,농림어업,2018,0.66,1.75,0.38
경기,광업,2018,0.08,0.12,0.69
경기,음식료품·담배,2018,1.27,1.35,0.94
경기,섬유·의복·가죽,2018,0.88,0.97,0.91
경기,목재·종이·인쇄,2018,1.18,0.82,1.44
경기,석탄·석유·화학,2018,4.72,5.46,0.87
경기,비금속·금속,2018,3.86,4.48,0.86
경기,전기·전자·정밀기기,2018,21.69,10.64,2.04
경기,기계·운송장비·기타,2018,7.11,6.5,1.09
경기,전기·가스,2018,0.93,1.38,0.67
경기,수도·폐기물,2018,0.73,0.67,1.09
경기,건설업,2018,6.73,5.73,1.18
경기,도소매,2018,8.42,9.53,0.88
경기,운수·창고,2018,2.89,3.55,0.82
경기,숙박·음식점,2018,2.23,2.59,0.86
경기,정보통신업,2018,4.19,4.47,0.94
경기,금융 및 보험업,2018,3.46,5.59,0.62
경기,부동산업,2018,8.12,8.03,1.01
경기,전문·과학·기술,2018,2.86,4.14,0.69
경기,사업시설·지원,2018,2.99,3.73,0.8
경기,공공행정,2018,4.42,6.29,0.7
경기,교육,2018,3.92,4.74,0.83
경기,보건·사회복지,2018,4.21,4.99,0.84
경기,예술·스포츠·여가,2018,1.13,1.08,1.04
경기,협회·수리·개인,2018,1.31,1.43,0.92
경기,농림어업,2019,0.63,1.65,0.38
경기,광업,2019,0.08,0.11,0.68
경기,음식료품·담배,2019,1.32,1.38,0.96
경기,섬유·의복·가죽,2019,0.85,0.94,0.91
경기,목재·종이·인쇄,2019,1.15,0.78,1.47
경기,석탄·석유·화학,2019,4.91,5.17,0.95
경기,비금속·금속,2019,3.92,4.36,0.9
경기,전기·전자·정밀기기,2019,18.99,9.41,2.02
경기,기계·운송장비·기타,2019,7.26,6.59,1.1
경기,전기·가스,2019,0.9,1.38,0.65
경기,수도·폐기물,2019,0.8,0.7,1.14
경기,건설업,2019,6.97,5.77,1.21
경기,도소매,2019,8.4,9.47,0.89
경기,운수·창고,2019,3.14,3.66,0.86
경기,숙박·음식점,2019,2.38,2.72,0.87
경기,정보통신업,2019,4.38,4.59,0.95
경기,금융 및 보험업,2019,3.4,5.48,0.62
경기,부동산업,2019,8.36,8.14,1.03
경기,전문·과학·기술,2019,3.1,4.41,0.7
경기,사업시설·지원,2019,3.09,3.89,0.79
경기,공공행정,2019,4.67,6.57,0.71
경기,교육,2019,4.08,4.83,0.84
경기,보건·사회복지,2019,4.71,5.43,0.87
경기,예술·스포츠·여가,2019,1.19,1.12,1.06
경기,협회·수리·개인,2019,1.34,1.45,0.92
경기,농림어업,2020,0.64,1.73,0.37
경기,광업,2020,0.06,0.1,0.59
경기,음식료품·담배,2020,1.35,1.44,0.94
경기,섬유·의복·가죽,2020,0.89,0.91,0.97
경기,목재·종이·인쇄,2020,1.13,0.75,1.5
경기,석탄·석유·화학,2020,4.98,4.85,1.03
경기,비금속·금속,2020,3.68,4.06,0.91
경기,전기·전자·정밀기기,2020,19.46,9.6,2.03
경기,기계·운송장비·기타,2020,7.27,6.33,1.15
경기,전기·가스,2020,1.05,1.71,0.62
경기,수도·폐기물,2020,0.83,0.75,1.11
경기,건설업,2020,6.55,5.82,1.12
경기,도소매,2020,8.28,9.24,0.9
경기,운수·창고,2020,2.93,3.39,0.86
경기,숙박·음식점,2020,2.07,2.22,0.93
경기,정보통신업,2020,4.7,4.83,0.97
경기,금융 및 보험업,2020,3.35,5.8,0.58
경기,부동산업,2020,8.72,8.5,1.03
경기,전문·과학·기술,2020,3.35,4.72,0.71
경기,사업시설·지원,2020,3.03,3.64,0.83
경기,공공행정,2020,4.75,6.85,0.69
경기,교육,2020,3.99,4.79,0.83
경기,보건·사회복지,2020,4.75,5.64,0.84
경기,예술·스포츠·여가,2020,0.98,0.95,1.03
경기,협회·수리·개인,2020,1.22,1.36,0.9
경기,농림어업,2021,0.68,1.81,0.37
경기,광업,2021,0.06,0.1,0.59
경기,음식료품·담배,2021,1.28,1.35,0.95
경기,섬유·의복·가죽,2021,0.72,0.8,0.9
경기,목재·종이·인쇄,2021,1.1,0.74,1.48
경기,석탄·석유·화학,2021,4.74,5.57,0.85
경기,비금속·금속,2021,3.87,4.52,0.86
경기,전기·전자·정밀기기,2021,20.52,9.92,2.07
경기,기계·운송장비·기타,2021,6.8,5.7,1.19
경기,전기·가스,2021,0.73,1.2,0.61
경기,수도·폐기물,2021,0.81,0.71,1.14
경기,건설업,2021,6.4,5.56,1.15
경기,도소매,2021,8.29,9.08,0.91
경기,운수·창고,2021,3.02,3.93,0.77
경기,숙박·음식점,2021,1.96,2.18,0.9
경기,정보통신업,2021,5.23,5.14,1.02
경기,금융 및 보험업,2021,3.46,6.08,0.57
경기,부동산업,2021,8.34,7.97,1.05
경기,전문·과학·기술,2021,3.41,4.84,0.7
경기,사업시설·지원,2021,2.82,3.34,0.84
경기,공공행정,2021,4.81,6.77,0.71
경기,교육,2021,3.91,4.74,0.82
경기,보건·사회복지,2021,4.82,5.64,0.86
경기,예술·스포츠·여가,2021,1.09,1.03,1.06
경기,협회·수리·개인,2021,1.12,1.27,0.88
경기,농림어업,2022,0.58,1.58,0.37
경기,광업,2022,0.06,0.09,0.66
경기,음식료품·담배,2022,1.31,1.39,0.94
경기,섬유·의복·가죽,2022,0.7,0.8,0.87
경기,목재·종이·인쇄,2022,1.11,0.76,1.47
경기,석탄·석유·화학,2022,4.35,5.68,0.77
경기,비금속·금속,2022,3.81,4.46,0.85
경기,전기·전자·정밀기기,2022,20.08,9.65,2.08
경기,기계·운송장비·기타,2022,7.05,6.02,1.17
경기,전기·가스,2022,-0.21,0.15,-1.41
경기,수도·폐기물,2022,0.8,0.7,1.14
경기,건설업,2022,6.88,5.66,1.22
경기,도소매,2022,8.37,9.16,0.91
경기,운수·창고,2022,3.19,4.35,0.73
경기,숙박·음식점,2022,2.3,2.57,0.89
경기,정보통신업,2022,4.92,4.95,0.99
경기,금융 및 보험업,2022,3.81,6.37,0.6
경기,부동산업,2022,7.87,7.39,1.07
경기,전문·과학·기술,2022,3.7,4.96,0.74
경기,사업시설·지원,2022,2.89,3.39,0.85
경기,공공행정,2022,4.93,6.93,0.71
경기,교육,2022,3.94,4.77,0.83
경기,보건·사회복지,2022,5.1,5.79,0.88
경기,예술·스포츠·여가,2022,1.29,1.13,1.14
경기,협회·수리·개인,2022,1.18,1.31,0.9
경기,농림어업,2023,0.53,1.56,0.34
경기,광업,2023,0.07,0.1,0.64
경기,음식료품·담배,2023,1.42,1.46,0.97
경기,섬유·의복·가죽,2023,0.7,0.77,0.91
경기,목재·종이·인쇄,2023,1.13,0.74,1.54
경기,석탄·석유·화학,2023,4.24,5.25,0.81
경기,비금속·금속,2023,3.99,4.47,0.89
경기,전기·전자·정밀기기,2023,16.96,8.08,2.1
경기,기계·운송장비·기타,2023,7.29,6.63,1.1
경기,전기·가스,2023,0.94,1.29,0.73
경기,수도·폐기물,2023,0.77,0.67,1.15
경기,건설업,2023,6.56,5.56,1.18
경기,도소매,2023,8.22,8.89,0.92
경기,운수·창고,2023,3.76,4.34,0.87
경기,숙박·음식점,2023,2.48,2.75,0.9
경기,정보통신업,2023,5.24,4.98,1.05
경기,금융 및 보험업,2023,3.89,6.18,0.63
경기,부동산업,2023,7.63,7.22,1.06
경기,전문·과학·기술,2023,3.95,5.28,0.75
경기,사업시설·지원,2023,3.13,3.63,0.86
경기,공공행정,2023,5.09,6.94,0.73
경기,교육,2023,4.0,4.75,0.84
경기,보건·사회복지,2023,5.33,5.81,0.92
경기,예술·스포츠·여가,2023,1.37,1.23,1.11
경기,협회·수리·개인,2023,1.31,1.42,0.92
경기,농림어업,2024,0.5,1.58,0.31
경기,광업,2024,0.05,0.09,0.56
경기,음식료품·담배,2024,1.39,1.46,0.95
경기,섬유·의복·가죽,2024,0.62,0.72,0.86
경기,목재·종이·인쇄,2024,1.02,0.68,1.5
경기,석탄·석유·화학,2024,4.01,5.06,0.79
경기,비금속·금속,2024,3.8,4.29,0.88
경기,전기·전자·정밀기기,2024,20.84,9.46,2.2
경기,기계·운송장비·기타,2024,7.33,6.97,1.05
경기,전기·가스,2024,1.42,2.0,0.71
경기,수도·폐기물,2024,0.69,0.62,1.11
경기,건설업,2024,5.64,5.19,1.09
경기,도소매,2024,7.71,8.55,0.9
경기,운수·창고,2024,3.77,4.26,0.88
경기,숙박·음식점,2024,2.35,2.71,0.87
경기,정보통신업,2024,5.18,4.89,1.06
경기,금융 및 보험업,2024,3.5,5.87,0.6
경기,부동산업,2024,7.23,7.07,1.02
경기,전문·과학·기술,2024,3.56,5.05,0.7
경기,사업시설·지원,2024,2.9,3.52,0.82
경기,공공행정,2024,4.9,6.91,0.71
경기,교육,2024,3.81,4.64,0.82
경기,보건·사회복지,2024,5.22,5.79,0.9
경기,예술·스포츠·여가,2024,1.28,1.21,1.06
경기,협회·수리·개인,2024,1.29,1.42,0.91
경남,농림어업,2014,3.6,2.12,1.7
경남,광업,2014,0.1,0.15,0.65
경남,음식료품·담배,2014,2.16,1.32,1.63
경남,섬유·의복·가죽,2014,0.61,1.31,0.47
경남,목재·종이·인쇄,2014,0.84,0.85,0.99
경남,석탄·석유·화학,2014,3.41,5.74,0.59
경남,비금속·금속,2014,10.12,5.15,1.97
경남,전기·전자·정밀기기,2014,4.51,9.15,0.49
경남,기계·운송장비·기타,2014,20.91,7.16,2.92
경남,전기·가스,2014,2.39,1.95,1.22
경남,수도·폐기물,2014,0.69,0.56,1.23
경남,건설업,2014,4.92,4.77,1.03
경남,도소매,2014,5.74,10.06,0.57
경남,운수·창고,2014,2.9,3.77,0.77
경남,숙박·음식점,2014,2.26,2.4,0.94
경남,정보통신업,2014,1.58,4.46,0.35
경남,금융 및 보험업,2014,3.93,5.51,0.71
경남,부동산업,2014,6.1,7.86,0.78
경남,전문·과학·기술,2014,2.69,4.04,0.67
경남,사업시설·지원,2014,1.99,3.36,0.59
경남,공공행정,2014,7.43,6.17,1.2
경남,교육,2014,4.78,5.08,0.94
경남,보건·사회복지,2014,4.23,4.41,0.96
경남,예술·스포츠·여가,2014,0.78,1.08,0.72
경남,협회·수리·개인,2014,1.34,1.57,0.86
경남,농림어업,2015,3.5,2.07,1.7
경남,광업,2015,0.11,0.14,0.77
경남,음식료품·담배,2015,2.18,1.35,1.62
경남,섬유·의복·가죽,2015,0.58,1.18,0.49
경남,목재·종이·인쇄,2015,0.81,0.84,0.97
경남,석탄·석유·화학,2015,3.77,5.83,0.65
경남,비금속·금속,2015,10.03,4.89,2.05
경남,전기·전자·정밀기기,2015,5.21,8.91,0.58
경남,기계·운송장비·기타,2015,18.95,7.2,2.63
경남,전기·가스,2015,2.53,2.19,1.16
경남,수도·폐기물,2015,0.72,0.59,1.22
경남,건설업,2015,5.59,5.04,1.11
경남,도소매,2015,5.6,9.82,0.57
경남,운수·창고,2015,3.09,4.09,0.76
경남,숙박·음식점,2015,2.32,2.48,0.94
경남,정보통신업,2015,1.54,4.41,0.35
경남,금융 및 보험업,2015,3.78,5.46,0.69
경남,부동산업,2015,6.27,7.86,0.8
경남,전문·과학·기술,2015,2.82,4.16,0.68
경남,사업시설·지원,2015,2.02,3.46,0.58
경남,공공행정,2015,7.47,6.09,1.23
경남,교육,2015,4.7,4.97,0.94
경남,보건·사회복지,2015,4.34,4.46,0.97
경남,예술·스포츠·여가,2015,0.8,1.03,0.77
경남,협회·수리·개인,2015,1.29,1.5,0.86
경남,농림어업,2016,3.25,1.91,1.7
경남,광업,2016,0.11,0.15,0.73
경남,음식료품·담배,2016,2.17,1.35,1.6
경남,섬유·의복·가죽,2016,0.55,1.12,0.49
경남,목재·종이·인쇄,2016,0.78,0.87,0.9
경남,석탄·석유·화학,2016,3.69,5.82,0.63
경남,비금속·금속,2016,9.49,4.79,1.98
경남,전기·전자·정밀기기,2016,4.93,8.92,0.55
경남,기계·운송장비·기타,2016,19.44,7.05,2.76
경남,전기·가스,2016,2.78,2.17,1.28
경남,수도·폐기물,2016,0.77,0.65,1.19
경남,건설업,2016,5.84,5.47,1.07
경남,도소매,2016,5.48,9.8,0.56
경남,운수·창고,2016,3.39,3.91,0.87
경남,숙박·음식점,2016,2.34,2.58,0.91
경남,정보통신업,2016,1.56,4.51,0.35
경남,금융 및 보험업,2016,3.58,5.26,0.68
경남,부동산업,2016,6.41,7.98,0.8
경남,전문·과학·기술,2016,2.55,4.09,0.62
경남,사업시설·지원,2016,2.07,3.49,0.59
경남,공공행정,2016,7.38,6.08,1.21
경남,교육,2016,4.72,4.85,0.97
경남,보건·사회복지,2016,4.54,4.6,0.99
경남,예술·스포츠·여가,2016,0.85,1.05,0.81
경남,협회·수리·개인,2016,1.32,1.52,0.87
경남,농림어업,2017,3.33,1.89,1.76
경남,광업,2017,0.12,0.15,0.8
경남,음식료품·담배,2017,2.15,1.33,1.61
경남,섬유·의복·가죽,2017,0.48,1.02,0.47
경남,목재·종이·인쇄,2017,0.74,0.77,0.95
경남,석탄·석유·화학,2017,3.63,5.75,0.63
경남,비금속·금속,2017,9.13,4.69,1.95
경남,전기·전자·정밀기기,2017,5.67,10.15,0.56
경남,기계·운송장비·기타,2017,17.97,6.78,2.65
경남,전기·가스,2017,2.07,1.81,1.14
경남,수도·폐기물,2017,0.76,0.62,1.23
경남,건설업,2017,6.5,5.78,1.12
경남,도소매,2017,5.74,9.66,0.59
경남,운수·창고,2017,3.23,3.69,0.88
경남,숙박·음식점,2017,2.44,2.54,0.96
경남,정보통신업,2017,1.54,4.44,0.35
경남,금융 및 보험업,2017,3.87,5.4,0.72
경남,부동산업,2017,6.68,7.94,0.84
경남,전문·과학·기술,2017,2.27,4.02,0.56
경남,사업시설·지원,2017,2.05,3.54,0.58
경남,공공행정,2017,7.8,6.12,1.28
경남,교육,2017,4.86,4.71,1.03
경남,보건·사회복지,2017,4.88,4.74,1.03
경남,예술·스포츠·여가,2017,0.81,1.0,0.81
경남,협회·수리·개인,2017,1.3,1.46,0.89
경남,농림어업,2018,3.56,1.75,2.04
경남,광업,2018,0.09,0.12,0.72
경남,음식료품·담배,2018,2.15,1.35,1.59
경남,섬유·의복·가죽,2018,0.45,0.97,0.47
경남,목재·종이·인쇄,2018,0.79,0.82,0.97
경남,석탄·석유·화학,2018,3.57,5.46,0.65
경남,비금속·금속,2018,8.83,4.48,1.97
경남,전기·전자·정밀기기,2018,5.7,10.64,0.54
경남,기계·운송장비·기타,2018,17.9,6.5,2.76
경남,전기·가스,2018,1.61,1.38,1.17
경남,수도·폐기물,2018,0.81,0.67,1.22
경남,건설업,2018,6.28,5.73,1.1
경남,도소매,2018,5.67,9.53,0.6
경남,운수·창고,2018,3.12,3.55,0.88
경남,숙박·음식점,2018,2.37,2.59,0.91
경남,정보통신업,2018,1.54,4.47,0.35
경남,금융 및 보험업,2018,4.01,5.59,0.72
경남,부동산업,2018,6.69,8.03,0.83
경남,전문·과학·기술,2018,2.19,4.14,0.53
경남,사업시설·지원,2018,2.1,3.73,0.56
경남,공공행정,2018,8.25,6.29,1.31
경남,교육,2018,4.94,4.74,1.04
경남,보건·사회복지,2018,5.17,4.99,1.04
경남,예술·스포츠·여가,2018,0.89,1.08,0.82
경남,협회·수리·개인,2018,1.3,1.43,0.91
경남,농림어업,2019,3.38,1.65,2.05
경남,광업,2019,0.07,0.11,0.65
경남,음식료품·담배,2019,2.13,1.38,1.54
경남,섬유·의복·가죽,2019,0.42,0.94,0.45
경남,목재·종이·인쇄,2019,0.73,0.78,0.94
경남,석탄·석유·화학,2019,3.6,5.17,0.7
경남,비금속·금속,2019,8.28,4.36,1.9
경남,전기·전자·정밀기기,2019,5.16,9.41,0.55
경남,기계·운송장비·기타,2019,18.74,6.59,2.84
경남,전기·가스,2019,1.74,1.38,1.26
경남,수도·폐기물,2019,0.86,0.7,1.23
경남,건설업,2019,5.59,5.77,0.97
경남,도소매,2019,5.48,9.47,0.58
경남,운수·창고,2019,3.28,3.66,0.9
경남,숙박·음식점,2019,2.52,2.72,0.93
경남,정보통신업,2019,1.58,4.59,0.34
경남,금융 및 보험업,2019,3.81,5.48,0.7
경남,부동산업,2019,6.58,8.14,0.81
경남,전문·과학·기술,2019,2.48,4.41,0.56
경남,사업시설·지원,2019,2.16,3.89,0.55
경남,공공행정,2019,8.65,6.57,1.32
경남,교육,2019,4.99,4.83,1.03
경남,보건·사회복지,2019,5.56,5.43,1.02
경남,예술·스포츠·여가,2019,0.92,1.12,0.82
경남,협회·수리·개인,2019,1.27,1.45,0.88
경남,농림어업,2020,3.63,1.73,2.1
경남,광업,2020,0.07,0.1,0.73
경남,음식료품·담배,2020,2.19,1.44,1.52
경남,섬유·의복·가죽,2020,0.48,0.91,0.52
경남,목재·종이·인쇄,2020,0.73,0.75,0.98
경남,석탄·석유·화학,2020,3.49,4.85,0.72
경남,비금속·금속,2020,8.15,4.06,2.01
경남,전기·전자·정밀기기,2020,5.72,9.6,0.6
경남,기계·운송장비·기타,2020,16.83,6.33,2.66
경남,전기·가스,2020,1.89,1.71,1.11
경남,수도·폐기물,2020,1.01,0.75,1.35
경남,건설업,2020,5.38,5.82,0.92
경남,도소매,2020,5.58,9.24,0.6
경남,운수·창고,2020,3.31,3.39,0.98
경남,숙박·음식점,2020,2.11,2.22,0.95
경남,정보통신업,2020,1.71,4.83,0.35
경남,금융 및 보험업,2020,3.95,5.8,0.68
경남,부동산업,2020,6.51,8.5,0.77
경남,전문·과학·기술,2020,2.52,4.72,0.53
경남,사업시설·지원,2020,2.06,3.64,0.57
경남,공공행정,2020,9.25,6.85,1.35
경남,교육,2020,5.26,4.79,1.1
경남,보건·사회복지,2020,6.01,5.64,1.07
경남,예술·스포츠·여가,2020,0.89,0.95,0.93
경남,협회·수리·개인,2020,1.24,1.36,0.91
경남,농림어업,2021,3.68,1.81,2.03
경남,광업,2021,0.08,0.1,0.8
경남,음식료품·담배,2021,2.13,1.35,1.57
경남,섬유·의복·가죽,2021,0.39,0.8,0.49
경남,목재·종이·인쇄,2021,0.8,0.74,1.08
경남,석탄·석유·화학,2021,3.57,5.57,0.64
경남,비금속·금속,2021,8.85,4.52,1.96
경남,전기·전자·정밀기기,2021,6.04,9.92,0.61
경남,기계·운송장비·기타,2021,14.67,5.7,2.58
경남,전기·가스,2021,1.55,1.2,1.29
경남,수도·폐기물,2021,1.01,0.71,1.42
경남,건설업,2021,5.1,5.56,0.92
경남,도소매,2021,5.74,9.08,0.63
경남,운수·창고,2021,3.74,3.93,0.95
경남,숙박·음식점,2021,2.28,2.18,1.04
경남,정보통신업,2021,1.77,5.14,0.34
경남,금융 및 보험업,2021,4.17,6.08,0.69
경남,부동산업,2021,6.51,7.97,0.82
경남,전문·과학·기술,2021,2.68,4.84,0.55
경남,사업시설·지원,2021,2.13,3.34,0.64
경남,공공행정,2021,9.17,6.77,1.35
경남,교육,2021,5.47,4.74,1.16
경남,보건·사회복지,2021,6.21,5.64,1.1
경남,예술·스포츠·여가,2021,1.02,1.03,0.99
경남,협회·수리·개인,2021,1.24,1.27,0.98
경남,농림어업,2022,3.35,1.58,2.12
경남,광업,2022,0.06,0.09,0.71
경남,음식료품·담배,2022,2.24,1.39,1.61
경남,섬유·의복·가죽,2022,0.4,0.8,0.49
경남,목재·종이·인쇄,2022,0.81,0.76,1.08
경남,석탄·석유·화학,2022,3.4,5.68,0.6
경남,비금속·금속,2022,9.49,4.46,2.13
경남,전기·전자·정밀기기,2022,5.91,9.65,0.61
경남,기계·운송장비·기타,2022,15.67,6.02,2.6
경남,전기·가스,2022,0.45,0.15,3.06
경남,수도·폐기물,2022,0.99,0.7,1.41
경남,건설업,2022,5.16,5.66,0.91
경남,도소매,2022,5.62,9.16,0.61
경남,운수·창고,2022,3.58,4.35,0.82
경남,숙박·음식점,2022,2.51,2.57,0.98
경남,정보통신업,2022,1.65,4.95,0.33
경남,금융 및 보험업,2022,4.34,6.37,0.68
경남,부동산업,2022,6.13,7.39,0.83
경남,전문·과학·기술,2022,2.69,4.96,0.54
경남,사업시설·지원,2022,2.16,3.39,0.64
경남,공공행정,2022,9.39,6.93,1.36
경남,교육,2022,5.48,4.77,1.15
경남,보건·사회복지,2022,6.26,5.79,1.08
경남,예술·스포츠·여가,2022,0.99,1.13,0.87
경남,협회·수리·개인,2022,1.27,1.31,0.97
경남,농림어업,2023,3.04,1.56,1.94
경남,광업,2023,0.07,0.1,0.66
경남,음식료품·담배,2023,2.25,1.46,1.54
경남,섬유·의복·가죽,2023,0.33,0.77,0.43
경남,목재·종이·인쇄,2023,0.79,0.74,1.07
경남,석탄·석유·화학,2023,3.31,5.25,0.63
경남,비금속·금속,2023,9.28,4.47,2.08
경남,전기·전자·정밀기기,2023,5.18,8.08,0.64
경남,기계·운송장비·기타,2023,18.63,6.63,2.81
경남,전기·가스,2023,1.8,1.29,1.4
경남,수도·폐기물,2023,0.91,0.67,1.35
경남,건설업,2023,5.1,5.56,0.92
경남,도소매,2023,5.06,8.89,0.57
경남,운수·창고,2023,3.73,4.34,0.86
경남,숙박·음식점,2023,2.42,2.75,0.88
경남,정보통신업,2023,1.47,4.98,0.3
경남,금융 및 보험업,2023,3.99,6.18,0.64
경남,부동산업,2023,5.82,7.22,0.81
경남,전문·과학·기술,2023,2.65,5.28,0.5
경남,사업시설·지원,2023,2.05,3.63,0.56
경남,공공행정,2023,8.77,6.94,1.26
경남,교육,2023,5.09,4.75,1.07
경남,보건·사회복지,2023,5.9,5.81,1.01
경남,예술·스포츠·여가,2023,1.06,1.23,0.86
경남,협회·수리·개인,2023,1.3,1.42,0.91
경남,농림어업,2024,3.14,1.58,1.99
경남,광업,2024,0.06,0.09,0.68
경남,음식료품·담배,2024,2.21,1.46,1.52
경남,섬유·의복·가죽,2024,0.29,0.72,0.4
경남,목재·종이·인쇄,2024,0.72,0.68,1.06
경남,석탄·석유·화학,2024,3.33,5.06,0.66
경남,비금속·금속,2024,9.5,4.29,2.21
경남,전기·전자·정밀기기,2024,5.11,9.46,0.54
경남,기계·운송장비·기타,2024,20.4,6.97,2.93
경남,전기·가스,2024,2.81,2.0,1.4
경남,수도·폐기물,2024,0.82,0.62,1.31
경남,건설업,2024,4.77,5.19,0.92
경남,도소매,2024,4.77,8.55,0.56
경남,운수·창고,2024,3.5,4.26,0.82
경남,숙박·음식점,2024,2.33,2.71,0.86
경남,정보통신업,2024,1.33,4.89,0.27
경남,금융 및 보험업,2024,3.62,5.87,0.62
경남,부동산업,2024,5.36,7.07,0.76
경남,전문·과학·기술,2024,2.61,5.05,0.52
경남,사업시설·지원,2024,1.98,3.52,0.56
경남,공공행정,2024,8.62,6.91,1.25
경남,교육,2024,4.81,4.64,1.04
경남,보건·사회복지,2024,5.68,5.79,0.98
경남,예술·스포츠·여가,2024,0.98,1.21,0.82
경남,협회·수리·개인,2024,1.28,1.42,0.9
경북,농림어업,2014,5.28,2.12,2.49
경북,광업,2014,0.2,0.15,1.38
경북,음식료품·담배,2014,1.48,1.32,1.12
경북,섬유·의복·가죽,2014,1.61,1.31,1.23
경북,목재·종이·인쇄,2014,0.57,0.85,0.67
경북,석탄·석유·화학,2014,3.95,5.74,0.69
경북,비금속·금속,2014,12.02,5.15,2.34
경북,전기·전자·정밀기기,2014,28.67,9.15,3.13
경북,기계·운송장비·기타,2014,5.54,7.16,0.77
경북,전기·가스,2014,3.52,1.95,1.8
경북,수도·폐기물,2014,0.67,0.56,1.2
경북,건설업,2014,4.8,4.77,1.01
경북,도소매,2014,3.73,10.06,0.37
경북,운수·창고,2014,2.14,3.77,0.57
경북,숙박·음식점,2014,1.55,2.4,0.65
경북,정보통신업,2014,1.05,4.46,0.24
경북,금융 및 보험업,2014,2.62,5.51,0.47
경북,부동산업,2014,4.11,7.86,0.52
경북,전문·과학·기술,2014,1.67,4.04,0.41
경북,사업시설·지원,2014,1.41,3.36,0.42
경북,공공행정,2014,5.07,6.17,0.82
경북,교육,2014,3.93,5.08,0.77
경북,보건·사회복지,2014,2.94,4.41,0.67
경북,예술·스포츠·여가,2014,0.54,1.08,0.5
경북,협회·수리·개인,2014,0.93,1.57,0.59
경북,농림어업,2015,5.6,2.07,2.71
경북,광업,2015,0.18,0.14,1.28
경북,음식료품·담배,2015,1.45,1.35,1.07
경북,섬유·의복·가죽,2015,1.4,1.18,1.19
경북,목재·종이·인쇄,2015,0.59,0.84,0.7
경북,석탄·석유·화학,2015,4.31,5.83,0.74
경북,비금속·금속,2015,11.76,4.89,2.4
경북,전기·전자·정밀기기,2015,23.97,8.91,2.69
경북,기계·운송장비·기타,2015,6.01,7.2,0.83
경북,전기·가스,2015,4.52,2.19,2.06
경북,수도·폐기물,2015,0.84,0.59,1.41
경북,건설업,2015,5.7,5.04,1.13
경북,도소매,2015,3.89,9.82,0.4
경북,운수·창고,2015,2.45,4.09,0.6
경북,숙박·음식점,2015,1.68,2.48,0.68
경북,정보통신업,2015,1.05,4.41,0.24
경북,금융 및 보험업,2015,2.65,5.46,0.49
경북,부동산업,2015,4.4,7.86,0.56
경북,전문·과학·기술,2015,1.98,4.16,0.48
경북,사업시설·지원,2015,1.49,3.46,0.43
경북,공공행정,2015,5.42,6.09,0.89
경북,교육,2015,4.03,4.97,0.81
경북,보건·사회복지,2015,3.1,4.46,0.69
경북,예술·스포츠·여가,2015,0.59,1.03,0.57
경북,협회·수리·개인,2015,0.95,1.5,0.63
경북,농림어업,2016,5.24,1.91,2.74
경북,광업,2016,0.18,0.15,1.22
경북,음식료품·담배,2016,1.47,1.35,1.09
경북,섬유·의복·가죽,2016,1.35,1.12,1.2
경북,목재·종이·인쇄,2016,0.61,0.87,0.71
경북,석탄·석유·화학,2016,4.2,5.82,0.72
경북,비금속·금속,2016,11.47,4.79,2.4
경북,전기·전자·정밀기기,2016,22.83,8.92,2.56
경북,기계·운송장비·기타,2016,6.05,7.05,0.86
경북,전기·가스,2016,4.6,2.17,2.11
경북,수도·폐기물,2016,0.94,0.65,1.46
경북,건설업,2016,5.96,5.47,1.09
경북,도소매,2016,3.71,9.8,0.38
경북,운수·창고,2016,2.81,3.91,0.72
경북,숙박·음식점,2016,1.76,2.58,0.68
경북,정보통신업,2016,1.11,4.51,0.25
경북,금융 및 보험업,2016,2.59,5.26,0.49
경북,부동산업,2016,4.5,7.98,0.56
경북,전문·과학·기술,2016,1.74,4.09,0.43
경북,사업시설·지원,2016,1.46,3.49,0.42
경북,공공행정,2016,6.41,6.08,1.05
경북,교육,2016,4.04,4.85,0.83
경북,보건·사회복지,2016,3.35,4.6,0.73
경북,예술·스포츠·여가,2016,0.63,1.05,0.6
경북,협회·수리·개인,2016,0.97,1.52,0.64
경북,농림어업,2017,5.15,1.89,2.72
경북,광업,2017,0.16,0.15,1.08
경북,음식료품·담배,2017,1.42,1.33,1.07
경북,섬유·의복·가죽,2017,1.27,1.02,1.24
경북,목재·종이·인쇄,2017,0.54,0.77,0.69
경북,석탄·석유·화학,2017,4.14,5.75,0.72
경북,비금속·금속,2017,12.0,4.69,2.56
경북,전기·전자·정밀기기,2017,23.07,10.15,2.27
경북,기계·운송장비·기타,2017,5.89,6.78,0.87
경북,전기·가스,2017,3.76,1.81,2.08
경북,수도·폐기물,2017,0.95,0.62,1.54
경북,건설업,2017,6.07,5.78,1.05
경북,도소매,2017,3.88,9.66,0.4
경북,운수·창고,2017,2.76,3.69,0.75
경북,숙박·음식점,2017,1.82,2.54,0.72
경북,정보통신업,2017,1.12,4.44,0.25
경북,금융 및 보험업,2017,2.74,5.4,0.51
경북,부동산업,2017,4.4,7.94,0.55
경북,전문·과학·기술,2017,1.72,4.02,0.43
경북,사업시설·지원,2017,1.57,3.54,0.44
경북,공공행정,2017,6.55,6.12,1.07
경북,교육,2017,4.04,4.71,0.86
경북,보건·사회복지,2017,3.44,4.74,0.73
경북,예술·스포츠·여가,2017,0.61,1.0,0.61
경북,협회·수리·개인,2017,0.94,1.46,0.65
경북,농림어업,2018,5.13,1.75,2.94
경북,광업,2018,0.13,0.12,1.09
경북,음식료품·담배,2018,1.5,1.35,1.11
경북,섬유·의복·가죽,2018,1.35,0.97,1.4
경북,목재·종이·인쇄,2018,0.57,0.82,0.7
경북,석탄·석유·화학,2018,4.26,5.46,0.78
경북,비금속·금속,2018,12.19,4.48,2.72
경북,전기·전자·정밀기기,2018,21.7,10.64,2.04
경북,기계·운송장비·기타,2018,6.18,6.5,0.95
경북,전기·가스,2018,2.98,1.38,2.16
경북,수도·폐기물,2018,1.04,0.67,1.56
경북,건설업,2018,5.45,5.73,0.95
경북,도소매,2018,3.87,9.53,0.41
경북,운수·창고,2018,2.78,3.55,0.78
경북,숙박·음식점,2018,1.97,2.59,0.76
경북,정보통신업,2018,1.18,4.47,0.26
경북,금융 및 보험업,2018,2.89,5.59,0.52
경북,부동산업,2018,4.51,8.03,0.56
경북,전문·과학·기술,2018,1.8,4.14,0.43
경북,사업시설·지원,2018,1.81,3.73,0.49
경북,공공행정,2018,7.14,6.29,1.14
경북,교육,2018,4.18,4.74,0.88
경북,보건·사회복지,2018,3.68,4.99,0.74
경북,예술·스포츠·여가,2018,0.67,1.08,0.62
경북,협회·수리·개인,2018,1.02,1.43,0.71
경북,농림어업,2019,4.96,1.65,3.01
경북,광업,2019,0.12,0.11,1.07
경북,음식료품·담배,2019,1.51,1.38,1.09
경북,섬유·의복·가죽,2019,1.37,0.94,1.47
경북,목재·종이·인쇄,2019,0.56,0.78,0.72
경북,석탄·석유·화학,2019,4.23,5.17,0.82
경북,비금속·금속,2019,12.07,4.36,2.77
경북,전기·전자·정밀기기,2019,18.97,9.41,2.02
경북,기계·운송장비·기타,2019,6.46,6.59,0.98
경북,전기·가스,2019,3.05,1.38,2.21
경북,수도·폐기물,2019,1.14,0.7,1.63
경북,건설업,2019,5.53,5.77,0.96
경북,도소매,2019,3.88,9.47,0.41
경북,운수·창고,2019,2.95,3.66,0.81
경북,숙박·음식점,2019,2.28,2.72,0.84
경북,정보통신업,2019,1.22,4.59,0.27
경북,금융 및 보험업,2019,2.9,5.48,0.53
경북,부동산업,2019,4.72,8.14,0.58
경북,전문·과학·기술,2019,2.1,4.41,0.48
경북,사업시설·지원,2019,1.73,3.89,0.45
경북,공공행정,2019,7.95,6.57,1.21
경북,교육,2019,4.38,4.83,0.91
경북,보건·사회복지,2019,4.14,5.43,0.76
경북,예술·스포츠·여가,2019,0.74,1.12,0.66
경북,협회·수리·개인,2019,1.03,1.45,0.71
경북,농림어업,2020,5.27,1.73,3.05
경북,광업,2020,0.14,0.1,1.37
경북,음식료품·담배,2020,1.58,1.44,1.1
경북,섬유·의복·가죽,2020,1.36,0.91,1.49
경북,목재·종이·인쇄,2020,0.63,0.75,0.84
경북,석탄·석유·화학,2020,4.4,4.85,0.91
경북,비금속·금속,2020,10.54,4.06,2.59
경북,전기·전자·정밀기기,2020,18.0,9.6,1.87
경북,기계·운송장비·기타,2020,6.43,6.33,1.02
경북,전기·가스,2020,4.01,1.71,2.35
경북,수도·폐기물,2020,1.2,0.75,1.61
경북,건설업,2020,5.48,5.82,0.94
경북,도소매,2020,4.02,9.24,0.44
경북,운수·창고,2020,2.92,3.39,0.86
경북,숙박·음식점,2020,1.68,2.22,0.76
경북,정보통신업,2020,1.24,4.83,0.26
경북,금융 및 보험업,2020,3.0,5.8,0.52
경북,부동산업,2020,4.88,8.5,0.57
경북,전문·과학·기술,2020,2.4,4.72,0.51
경북,사업시설·지원,2020,1.65,3.64,0.45
경북,공공행정,2020,8.63,6.85,1.26
경북,교육,2020,4.42,4.79,0.92
경북,보건·사회복지,2020,4.35,5.64,0.77
경북,예술·스포츠·여가,2020,0.76,0.95,0.8
경북,협회·수리·개인,2020,0.99,1.36,0.73
경북,농림어업,2021,5.81,1.81,3.21
경북,광업,2021,0.13,0.1,1.35
경북,음식료품·담배,2021,1.61,1.35,1.19
경북,섬유·의복·가죽,2021,1.26,0.8,1.58
경북,목재·종이·인쇄,2021,0.64,0.74,0.87
경북,석탄·석유·화학,2021,4.78,5.57,0.86
경북,비금속·금속,2021,12.65,4.52,2.8
경북,전기·전자·정밀기기,2021,17.28,9.92,1.74
경북,기계·운송장비·기타,2021,5.78,5.7,1.01
경북,전기·가스,2021,2.56,1.2,2.13
경북,수도·폐기물,2021,1.16,0.71,1.63
경북,건설업,2021,5.22,5.56,0.94
경북,도소매,2021,4.1,9.08,0.45
경북,운수·창고,2021,3.1,3.93,0.79
경북,숙박·음식점,2021,1.8,2.18,0.83
경북,정보통신업,2021,1.22,5.14,0.24
경북,금융 및 보험업,2021,3.08,6.08,0.51
경북,부동산업,2021,4.65,7.97,0.58
경북,전문·과학·기술,2021,2.5,4.84,0.52
경북,사업시설·지원,2021,1.52,3.34,0.46
경북,공공행정,2021,8.5,6.77,1.26
경북,교육,2021,4.46,4.74,0.94
경북,보건·사회복지,2021,4.37,5.64,0.78
경북,예술·스포츠·여가,2021,0.86,1.03,0.84
경북,협회·수리·개인,2021,0.93,1.27,0.73
경북,농림어업,2022,5.05,1.58,3.2
경북,광업,2022,0.13,0.09,1.44
경북,음식료품·담배,2022,1.67,1.39,1.2
경북,섬유·의복·가죽,2022,1.29,0.8,1.6
경북,목재·종이·인쇄,2022,0.68,0.76,0.9
경북,석탄·석유·화학,2022,4.73,5.68,0.83
경북,비금속·금속,2022,12.5,4.46,2.8
경북,전기·전자·정밀기기,2022,16.8,9.65,1.74
경북,기계·운송장비·기타,2022,6.37,6.02,1.06
경북,전기·가스,2022,0.71,0.15,4.84
경북,수도·폐기물,2022,1.14,0.7,1.62
경북,건설업,2022,5.82,5.66,1.03
경북,도소매,2022,4.09,9.16,0.45
경북,운수·창고,2022,3.22,4.35,0.74
경북,숙박·음식점,2022,2.23,2.57,0.87
경북,정보통신업,2022,1.2,4.95,0.24
경북,금융 및 보험업,2022,3.38,6.37,0.53
경북,부동산업,2022,4.49,7.39,0.61
경북,전문·과학·기술,2022,2.52,4.96,0.51
경북,사업시설·지원,2022,1.63,3.39,0.48
경북,공공행정,2022,9.33,6.93,1.35
경북,교육,2022,4.6,4.77,0.97
경북,보건·사회복지,2022,4.59,5.79,0.79
경북,예술·스포츠·여가,2022,0.83,1.13,0.74
경북,협회·수리·개인,2022,1.0,1.31,0.76
경북,농림어업,2023,5.0,1.56,3.2
경북,광업,2023,0.14,0.1,1.35
경북,음식료품·담배,2023,1.66,1.46,1.14
경북,섬유·의복·가죽,2023,1.2,0.77,1.57
경북,목재·종이·인쇄,2023,0.69,0.74,0.93
경북,석탄·석유·화학,2023,4.62,5.25,0.88
경북,비금속·금속,2023,12.26,4.47,2.74
경북,전기·전자·정밀기기,2023,13.91,8.08,1.72
경북,기계·운송장비·기타,2023,6.79,6.63,1.02
경북,전기·가스,2023,2.79,1.29,2.16
경북,수도·폐기물,2023,1.05,0.67,1.56
경북,건설업,2023,6.26,5.56,1.13
경북,도소매,2023,3.9,8.89,0.44
경북,운수·창고,2023,3.41,4.34,0.79
경북,숙박·음식점,2023,2.33,2.75,0.84
경북,정보통신업,2023,1.2,4.98,0.24
경북,금융 및 보험업,2023,3.35,6.18,0.54
경북,부동산업,2023,4.53,7.22,0.63
경북,전문·과학·기술,2023,2.99,5.28,0.57
경북,사업시설·지원,2023,1.88,3.63,0.52
경북,공공행정,2023,9.15,6.94,1.32
경북,교육,2023,4.55,4.75,0.96
경북,보건·사회복지,2023,4.45,5.81,0.77
경북,예술·스포츠·여가,2023,0.83,1.23,0.67
경북,협회·수리·개인,2023,1.07,1.42,0.75
경북,농림어업,2024,5.15,1.58,3.27
경북,광업,2024,0.1,0.09,1.11
경북,음식료품·담배,2024,1.61,1.46,1.1
경북,섬유·의복·가죽,2024,1.09,0.72,1.51
경북,목재·종이·인쇄,2024,0.63,0.68,0.93
경북,석탄·석유·화학,2024,4.41,5.06,0.87
경북,비금속·금속,2024,11.49,4.29,2.68
경북,전기·전자·정밀기기,2024,15.25,9.46,1.61
경북,기계·운송장비·기타,2024,6.79,6.97,0.97
경북,전기·가스,2024,3.74,2.0,1.87
경북,수도·폐기물,2024,0.98,0.62,1.57
경북,건설업,2024,6.0,5.19,1.16
경북,도소매,2024,3.78,8.55,0.44
경북,운수·창고,2024,3.56,4.26,0.84
경북,숙박·음식점,2024,2.29,2.71,0.84
경북,정보통신업,2024,1.14,4.89,0.23
경북,금융 및 보험업,2024,3.11,5.87,0.53
경북,부동산업,2024,4.35,7.07,0.62
경북,전문·과학·기술,2024,2.95,5.05,0.58
경북,사업시설·지원,2024,1.75,3.52,0.5
경북,공공행정,2024,9.07,6.91,1.31
경북,교육,2024,4.43,4.64,0.95
경북,보건·사회복지,2024,4.48,5.79,0.77
경북,예술·스포츠·여가,2024,0.79,1.21,0.66
경북,협회·수리·개인,2024,1.06,1.42,0.75
광주,농림어업,2014,0.42,2.12,0.2
광주,광업,2014,0.03,0.15,0.19
광주,음식료품·담배,2014,1.05,1.32,0.79
광주,섬유·의복·가죽,2014,0.47,1.31,0.36
광주,목재·종이·인쇄,2014,0.42,0.85,0.49
광주,석탄·석유·화학,2014,2.98,5.74,0.52
광주,비금속·금속,2014,3.17,5.15,0.62
광주,전기·전자·정밀기기,2014,7.17,9.15,0.78
광주,기계·운송장비·기타,2014,13.38,7.16,1.87
광주,전기·가스,2014,1.15,1.95,0.59
광주,수도·폐기물,2014,0.71,0.56,1.26
광주,건설업,2014,4.6,4.77,0.96
광주,도소매,2014,9.49,10.06,0.94
광주,운수·창고,2014,2.95,3.77,0.78
광주,숙박·음식점,2014,2.79,2.4,1.16
광주,정보통신업,2014,3.34,4.46,0.75
광주,금융 및 보험업,2014,6.47,5.51,1.17
광주,부동산업,2014,9.45,7.86,1.2
광주,전문·과학·기술,2014,2.89,4.04,0.71
광주,사업시설·지원,2014,3.29,3.36,0.98
광주,공공행정,2014,6.28,6.17,1.02
광주,교육,2014,7.26,5.08,1.43
광주,보건·사회복지,2014,7.07,4.41,1.61
광주,예술·스포츠·여가,2014,1.0,1.08,0.93
광주,협회·수리·개인,2014,2.17,1.57,1.38
광주,농림어업,2015,0.42,2.07,0.2
광주,광업,2015,0.02,0.14,0.16
광주,음식료품·담배,2015,1.06,1.35,0.79
광주,섬유·의복·가죽,2015,0.46,1.18,0.39
광주,목재·종이·인쇄,2015,0.38,0.84,0.46
광주,석탄·석유·화학,2015,3.01,5.83,0.52
광주,비금속·금속,2015,3.01,4.89,0.61
광주,전기·전자·정밀기기,2015,7.58,8.91,0.85
광주,기계·운송장비·기타,2015,13.81,7.2,1.92
광주,전기·가스,2015,1.02,2.19,0.46
광주,수도·폐기물,2015,0.72,0.59,1.21
광주,건설업,2015,4.08,5.04,0.81
광주,도소매,2015,9.13,9.82,0.93
광주,운수·창고,2015,3.32,4.09,0.81
광주,숙박·음식점,2015,2.88,2.48,1.16
광주,정보통신업,2015,3.18,4.41,0.72
광주,금융 및 보험업,2015,6.27,5.46,1.15
광주,부동산업,2015,9.71,7.86,1.24
광주,전문·과학·기술,2015,3.03,4.16,0.73
광주,사업시설·지원,2015,3.48,3.46,1.01
광주,공공행정,2015,6.09,6.09,1.0
광주,교육,2015,7.08,4.97,1.43
광주,보건·사회복지,2015,7.19,4.46,1.61
광주,예술·스포츠·여가,2015,1.02,1.03,0.99
광주,협회·수리·개인,2015,2.05,1.5,1.37
광주,농림어업,2016,0.34,1.91,0.18
광주,광업,2016,0.02,0.15,0.12
광주,음식료품·담배,2016,1.09,1.35,0.81
광주,섬유·의복·가죽,2016,0.43,1.12,0.38
광주,목재·종이·인쇄,2016,0.41,0.87,0.47
광주,석탄·석유·화학,2016,3.04,5.82,0.52
광주,비금속·금속,2016,2.99,4.79,0.62
광주,전기·전자·정밀기기,2016,6.52,8.92,0.73
광주,기계·운송장비·기타,2016,13.58,7.05,1.93
광주,전기·가스,2016,1.05,2.17,0.48
광주,수도·폐기물,2016,0.77,0.65,1.2
광주,건설업,2016,4.36,5.47,0.8
광주,도소매,2016,9.02,9.8,0.92
광주,운수·창고,2016,3.25,3.91,0.83
광주,숙박·음식점,2016,2.93,2.58,1.14
광주,정보통신업,2016,3.26,4.51,0.72
광주,금융 및 보험업,2016,5.9,5.26,1.12
광주,부동산업,2016,9.82,7.98,1.23
광주,전문·과학·기술,2016,3.08,4.09,0.75
광주,사업시설·지원,2016,3.71,3.49,1.06
광주,공공행정,2016,5.99,6.08,0.99
광주,교육,2016,6.87,4.85,1.42
광주,보건·사회복지,2016,8.42,4.6,1.83
광주,예술·스포츠·여가,2016,1.1,1.05,1.05
광주,협회·수리·개인,2016,2.05,1.52,1.34
광주,농림어업,2017,0.26,1.89,0.14
광주,광업,2017,0.02,0.15,0.13
광주,음식료품·담배,2017,1.19,1.33,0.89
광주,섬유·의복·가죽,2017,0.38,1.02,0.37
광주,목재·종이·인쇄,2017,0.36,0.77,0.46
광주,석탄·석유·화학,2017,2.91,5.75,0.51
광주,비금속·금속,2017,2.86,4.69,0.61
광주,전기·전자·정밀기기,2017,6.76,10.15,0.67
광주,기계·운송장비·기타,2017,13.56,6.78,2.0
광주,전기·가스,2017,0.94,1.81,0.52
광주,수도·폐기물,2017,0.79,0.62,1.27
광주,건설업,2017,4.34,5.78,0.75
광주,도소매,2017,9.01,9.66,0.93
광주,운수·창고,2017,3.13,3.69,0.85
광주,숙박·음식점,2017,2.92,2.54,1.15
광주,정보통신업,2017,3.18,4.44,0.72
광주,금융 및 보험업,2017,5.94,5.4,1.1
광주,부동산업,2017,10.09,7.94,1.27
광주,전문·과학·기술,2017,2.88,4.02,0.72
광주,사업시설·지원,2017,3.65,3.54,1.03
광주,공공행정,2017,6.05,6.12,0.99
광주,교육,2017,6.8,4.71,1.44
광주,보건·사회복지,2017,8.93,4.74,1.88
광주,예술·스포츠·여가,2017,1.05,1.0,1.05
광주,협회·수리·개인,2017,1.98,1.46,1.36
광주,농림어업,2018,0.31,1.75,0.18
광주,광업,2018,0.02,0.12,0.15
광주,음식료품·담배,2018,1.22,1.35,0.9
광주,섬유·의복·가죽,2018,0.36,0.97,0.37
광주,목재·종이·인쇄,2018,0.35,0.82,0.43
광주,석탄·석유·화학,2018,2.63,5.46,0.48
광주,비금속·금속,2018,2.81,4.48,0.63
광주,전기·전자·정밀기기,2018,6.79,10.64,0.64
광주,기계·운송장비·기타,2018,12.59,6.5,1.94
광주,전기·가스,2018,0.73,1.38,0.53
광주,수도·폐기물,2018,0.82,0.67,1.24
광주,건설업,2018,4.93,5.73,0.86
광주,도소매,2018,8.76,9.53,0.92
광주,운수·창고,2018,3.07,3.55,0.87
광주,숙박·음식점,2018,2.72,2.59,1.05
광주,정보통신업,2018,3.17,4.47,0.71
광주,금융 및 보험업,2018,5.98,5.59,1.07
광주,부동산업,2018,9.89,8.03,1.23
광주,전문·과학·기술,2018,3.29,4.14,0.79
광주,사업시설·지원,2018,3.86,3.73,1.04
광주,공공행정,2018,6.25,6.29,0.99
광주,교육,2018,6.91,4.74,1.46
광주,보건·사회복지,2018,9.44,4.99,1.89
광주,예술·스포츠·여가,2018,1.08,1.08,1.0
광주,협회·수리·개인,2018,2.01,1.43,1.41
광주,농림어업,2019,0.28,1.65,0.17
광주,광업,2019,0.02,0.11,0.15
광주,음식료품·담배,2019,1.27,1.38,0.92
광주,섬유·의복·가죽,2019,0.28,0.94,0.3
광주,목재·종이·인쇄,2019,0.35,0.78,0.44
광주,석탄·석유·화학,2019,2.75,5.17,0.53
광주,비금속·금속,2019,2.81,4.36,0.64
광주,전기·전자·정밀기기,2019,6.9,9.41,0.73
광주,기계·운송장비·기타,2019,11.93,6.59,1.81
광주,전기·가스,2019,0.73,1.38,0.53
광주,수도·폐기물,2019,0.82,0.7,1.17
광주,건설업,2019,4.89,5.77,0.85
광주,도소매,2019,8.44,9.47,0.89
광주,운수·창고,2019,3.03,3.66,0.83
광주,숙박·음식점,2019,2.87,2.72,1.06
광주,정보통신업,2019,3.25,4.59,0.71
광주,금융 및 보험업,2019,5.62,5.48,1.03
광주,부동산업,2019,10.18,8.14,1.25
광주,전문·과학·기술,2019,3.39,4.41,0.77
광주,사업시설·지원,2019,3.91,3.89,1.0
광주,공공행정,2019,6.38,6.57,0.97
광주,교육,2019,6.81,4.83,1.41
광주,보건·사회복지,2019,9.96,5.43,1.83
광주,예술·스포츠·여가,2019,1.15,1.12,1.03
광주,협회·수리·개인,2019,1.99,1.45,1.37
광주,농림어업,2020,0.23,1.73,0.13
광주,광업,2020,0.01,0.1,0.1
광주,음식료품·담배,2020,1.72,1.44,1.19
광주,섬유·의복·가죽,2020,0.28,0.91,0.31
광주,목재·종이·인쇄,2020,0.35,0.75,0.46
광주,석탄·석유·화학,2020,2.84,4.85,0.58
광주,비금속·금속,2020,2.61,4.06,0.64
광주,전기·전자·정밀기기,2020,8.25,9.6,0.86
광주,기계·운송장비·기타,2020,10.92,6.33,1.73
광주,전기·가스,2020,1.15,1.71,0.67
광주,수도·폐기물,2020,0.88,0.75,1.18
광주,건설업,2020,5.43,5.82,0.93
광주,도소매,2020,8.07,9.24,0.87
광주,운수·창고,2020,2.67,3.39,0.79
광주,숙박·음식점,2020,2.23,2.22,1.0
광주,정보통신업,2020,3.27,4.83,0.68
광주,금융 및 보험업,2020,5.69,5.8,0.98
광주,부동산업,2020,10.18,8.5,1.2
광주,전문·과학·기술,2020,3.55,4.72,0.75
광주,사업시설·지원,2020,3.52,3.64,0.97
광주,공공행정,2020,6.56,6.85,0.96
광주,교육,2020,6.55,4.79,1.37
광주,보건·사회복지,2020,10.03,5.64,1.78
광주,예술·스포츠·여가,2020,1.15,0.95,1.2
광주,협회·수리·개인,2020,1.86,1.36,1.37
광주,농림어업,2021,0.28,1.81,0.15
광주,광업,2021,0.01,0.1,0.08
광주,음식료품·담배,2021,1.37,1.35,1.01
광주,섬유·의복·가죽,2021,0.25,0.8,0.31
광주,목재·종이·인쇄,2021,0.37,0.74,0.5
광주,석탄·석유·화학,2021,2.84,5.57,0.51
광주,비금속·금속,2021,3.03,4.52,0.67
광주,전기·전자·정밀기기,2021,8.48,9.92,0.85
광주,기계·운송장비·기타,2021,9.94,5.7,1.74
광주,전기·가스,2021,0.54,1.2,0.45
광주,수도·폐기물,2021,0.86,0.71,1.2
광주,건설업,2021,5.54,5.56,1.0
광주,도소매,2021,8.24,9.08,0.91
광주,운수·창고,2021,2.77,3.93,0.7
광주,숙박·음식점,2021,2.45,2.18,1.12
광주,정보통신업,2021,3.5,5.14,0.68
광주,금융 및 보험업,2021,5.9,6.08,0.97
광주,부동산업,2021,9.83,7.97,1.23
광주,전문·과학·기술,2021,3.94,4.84,0.81
광주,사업시설·지원,2021,3.31,3.34,0.99
광주,공공행정,2021,6.7,6.77,0.99
광주,교육,2021,6.66,4.74,1.4
광주,보건·사회복지,2021,10.25,5.64,1.82
광주,예술·스포츠·여가,2021,1.2,1.03,1.16
광주,협회·수리·개인,2021,1.76,1.27,1.39
광주,농림어업,2022,0.3,1.58,0.19
광주,광업,2022,0.01,0.09,0.11
광주,음식료품·담배,2022,1.31,1.39,0.94
광주,섬유·의복·가죽,2022,0.29,0.8,0.36
광주,목재·종이·인쇄,2022,0.35,0.76,0.47
광주,석탄·석유·화학,2022,2.8,5.68,0.49
광주,비금속·금속,2022,3.07,4.46,0.69
광주,전기·전자·정밀기기,2022,8.7,9.65,0.9
광주,기계·운송장비·기타,2022,11.04,6.02,1.83
광주,전기·가스,2022,-0.41,0.15,-2.83
광주,수도·폐기물,2022,0.8,0.7,1.14
광주,건설업,2022,5.06,5.66,0.89
광주,도소매,2022,8.16,9.16,0.89
광주,운수·창고,2022,2.86,4.35,0.66
광주,숙박·음식점,2022,2.82,2.57,1.1
광주,정보통신업,2022,3.29,4.95,0.66
광주,금융 및 보험업,2022,6.26,6.37,0.98
광주,부동산업,2022,8.64,7.39,1.17
광주,전문·과학·기술,2022,3.76,4.96,0.76
광주,사업시설·지원,2022,3.38,3.39,1.0
광주,공공행정,2022,6.88,6.93,0.99
광주,교육,2022,6.92,4.77,1.45
광주,보건·사회복지,2022,10.58,5.79,1.83
광주,예술·스포츠·여가,2022,1.34,1.13,1.18
광주,협회·수리·개인,2022,1.8,1.31,1.37
광주,농림어업,2023,0.26,1.56,0.17
광주,광업,2023,0.01,0.1,0.08
광주,음식료품·담배,2023,1.28,1.46,0.88
광주,섬유·의복·가죽,2023,0.28,0.77,0.36
광주,목재·종이·인쇄,2023,0.32,0.74,0.43
광주,석탄·석유·화학,2023,2.75,5.25,0.52
광주,비금속·금속,2023,3.21,4.47,0.72
광주,전기·전자·정밀기기,2023,7.08,8.08,0.88
광주,기계·운송장비·기타,2023,12.52,6.63,1.89
광주,전기·가스,2023,0.47,1.29,0.37
광주,수도·폐기물,2023,0.75,0.67,1.12
광주,건설업,2023,4.43,5.56,0.8
광주,도소매,2023,7.87,8.89,0.89
광주,운수·창고,2023,3.3,4.34,0.76
광주,숙박·음식점,2023,2.92,2.75,1.06
광주,정보통신업,2023,2.94,4.98,0.59
광주,금융 및 보험업,2023,6.2,6.18,1.0
광주,부동산업,2023,8.65,7.22,1.2
광주,전문·과학·기술,2023,3.8,5.28,0.72
광주,사업시설·지원,2023,3.57,3.63,0.98
광주,공공행정,2023,6.79,6.94,0.98
광주,교육,2023,6.76,4.75,1.43
광주,보건·사회복지,2023,10.43,5.81,1.79
광주,예술·스포츠·여가,2023,1.43,1.23,1.16
광주,협회·수리·개인,2023,1.95,1.42,1.37
광주,농림어업,2024,0.22,1.58,0.14
광주,광업,2024,0.01,0.09,0.06
광주,음식료품·담배,2024,1.28,1.46,0.88
광주,섬유·의복·가죽,2024,0.25,0.72,0.35
광주,목재·종이·인쇄,2024,0.29,0.68,0.42
광주,석탄·석유·화학,2024,2.9,5.06,0.57
광주,비금속·금속,2024,3.39,4.29,0.79
광주,전기·전자·정밀기기,2024,7.53,9.46,0.8
광주,기계·운송장비·기타,2024,12.9,6.97,1.85
광주,전기·가스,2024,1.02,2.0,0.51
광주,수도·폐기물,2024,0.61,0.62,0.98
광주,건설업,2024,4.23,5.19,0.82
광주,도소매,2024,7.67,8.55,0.9
광주,운수·창고,2024,3.38,4.26,0.79
광주,숙박·음식점,2024,2.9,2.71,1.07
광주,정보통신업,2024,2.72,4.89,0.56
광주,금융 및 보험업,2024,5.8,5.87,0.99
광주,부동산업,2024,8.81,7.07,1.25
광주,전문·과학·기술,2024,3.68,5.05,0.73
광주,사업시설·지원,2024,3.52,3.52,1.0
광주,공공행정,2024,6.72,6.91,0.97
광주,교육,2024,6.55,4.64,1.41
광주,보건·사회복지,2024,10.22,5.79,1.77
광주,예술·스포츠·여가,2024,1.51,1.21,1.25
광주,협회·수리·개인,2024,1.89,1.42,1.33
대구,농림어업,2014,0.26,2.12,0.12
대구,광업,2014,0.0,0.15,0.03
대구,음식료품·담배,2014,0.83,1.32,0.63
대구,섬유·의복·가죽,2014,3.39,1.31,2.59
대구,목재·종이·인쇄,2014,1.08,0.85,1.27
대구,석탄·석유·화학,2014,1.94,5.74,0.34
대구,비금속·금속,2014,5.33,5.15,1.04
대구,전기·전자·정밀기기,2014,3.35,9.15,0.37
대구,기계·운송장비·기타,2014,6.95,7.16,0.97
대구,전기·가스,2014,0.71,1.95,0.37
대구,수도·폐기물,2014,0.57,0.56,1.03
대구,건설업,2014,4.88,4.77,1.02
대구,도소매,2014,10.73,10.06,1.07
대구,운수·창고,2014,3.5,3.77,0.93
대구,숙박·음식점,2014,3.03,2.4,1.26
대구,정보통신업,2014,3.58,4.46,0.8
대구,금융 및 보험업,2014,6.58,5.51,1.19
대구,부동산업,2014,11.32,7.86,1.44
대구,전문·과학·기술,2014,2.81,4.04,0.7
대구,사업시설·지원,2014,3.01,3.36,0.89
대구,공공행정,2014,8.18,6.17,1.33
대구,교육,2014,7.59,5.08,1.49
대구,보건·사회복지,2014,7.27,4.41,1.65
대구,예술·스포츠·여가,2014,0.93,1.08,0.86
대구,협회·수리·개인,2014,2.17,1.57,1.38
대구,농림어업,2015,0.24,2.07,0.12
대구,광업,2015,0.0,0.14,0.02
대구,음식료품·담배,2015,0.81,1.35,0.6
대구,섬유·의복·가죽,2015,3.03,1.18,2.57
대구,목재·종이·인쇄,2015,1.07,0.84,1.28
대구,석탄·석유·화학,2015,2.15,5.83,0.37
대구,비금속·금속,2015,5.09,4.89,1.04
대구,전기·전자·정밀기기,2015,3.39,8.91,0.38
대구,기계·운송장비·기타,2015,7.21,7.2,1.0
대구,전기·가스,2015,1.0,2.19,0.46
대구,수도·폐기물,2015,0.61,0.59,1.02
대구,건설업,2015,5.55,5.04,1.1
대구,도소매,2015,10.14,9.82,1.03
대구,운수·창고,2015,3.7,4.09,0.91
대구,숙박·음식점,2015,3.06,2.48,1.24
대구,정보통신업,2015,3.42,4.41,0.78
대구,금융 및 보험업,2015,6.53,5.46,1.2
대구,부동산업,2015,11.26,7.86,1.43
대구,전문·과학·기술,2015,2.84,4.16,0.68
대구,사업시설·지원,2015,3.05,3.46,0.88
대구,공공행정,2015,8.39,6.09,1.38
대구,교육,2015,7.33,4.97,1.47
대구,보건·사회복지,2015,7.17,4.46,1.61
대구,예술·스포츠·여가,2015,0.9,1.03,0.87
대구,협회·수리·개인,2015,2.07,1.5,1.38
대구,농림어업,2016,0.29,1.91,0.15
대구,광업,2016,0.0,0.15,0.02
대구,음식료품·담배,2016,0.79,1.35,0.59
대구,섬유·의복·가죽,2016,2.84,1.12,2.52
대구,목재·종이·인쇄,2016,1.15,0.87,1.33
대구,석탄·석유·화학,2016,2.14,5.82,0.37
대구,비금속·금속,2016,5.11,4.79,1.07
대구,전기·전자·정밀기기,2016,3.73,8.92,0.42
대구,기계·운송장비·기타,2016,6.92,7.05,0.98
대구,전기·가스,2016,1.07,2.17,0.49
대구,수도·폐기물,2016,0.72,0.65,1.11
대구,건설업,2016,5.8,5.47,1.06
대구,도소매,2016,10.16,9.8,1.04
대구,운수·창고,2016,3.75,3.91,0.96
대구,숙박·음식점,2016,3.17,2.58,1.23
대구,정보통신업,2016,3.59,4.51,0.8
대구,금융 및 보험업,2016,6.36,5.26,1.21
대구,부동산업,2016,11.32,7.98,1.42
대구,전문·과학·기술,2016,2.88,4.09,0.7
대구,사업시설·지원,2016,3.07,3.49,0.88
대구,공공행정,2016,7.51,6.08,1.24
대구,교육,2016,7.24,4.85,1.49
대구,보건·사회복지,2016,7.23,4.6,1.57
대구,예술·스포츠·여가,2016,0.99,1.05,0.94
대구,협회·수리·개인,2016,2.17,1.52,1.43
대구,농림어업,2017,0.3,1.89,0.16
대구,광업,2017,0.0,0.15,0.03
대구,음식료품·담배,2017,0.79,1.33,0.59
대구,섬유·의복·가죽,2017,2.58,1.02,2.53
대구,목재·종이·인쇄,2017,1.02,0.77,1.31
대구,석탄·석유·화학,2017,2.09,5.75,0.36
대구,비금속·금속,2017,5.12,4.69,1.09
대구,전기·전자·정밀기기,2017,4.29,10.15,0.42
대구,기계·운송장비·기타,2017,6.68,6.78,0.99
대구,전기·가스,2017,0.89,1.81,0.49
대구,수도·폐기물,2017,0.67,0.62,1.08
대구,건설업,2017,5.06,5.78,0.88
대구,도소매,2017,10.24,9.66,1.06
대구,운수·창고,2017,3.8,3.69,1.03
대구,숙박·음식점,2017,3.17,2.54,1.25
대구,정보통신업,2017,3.53,4.44,0.8
대구,금융 및 보험업,2017,6.73,5.4,1.25
대구,부동산업,2017,11.24,7.94,1.41
대구,전문·과학·기술,2017,2.92,4.02,0.73
대구,사업시설·지원,2017,3.26,3.54,0.92
대구,공공행정,2017,7.74,6.12,1.27
대구,교육,2017,7.25,4.71,1.54
대구,보건·사회복지,2017,7.61,4.74,1.61
대구,예술·스포츠·여가,2017,1.01,1.0,1.01
대구,협회·수리·개인,2017,2.02,1.46,1.38
대구,농림어업,2018,0.28,1.75,0.16
대구,광업,2018,0.0,0.12,0.03
대구,음식료품·담배,2018,0.86,1.35,0.64
대구,섬유·의복·가죽,2018,2.52,0.97,2.61
대구,목재·종이·인쇄,2018,1.09,0.82,1.33
대구,석탄·석유·화학,2018,2.05,5.46,0.38
대구,비금속·금속,2018,4.98,4.48,1.11
대구,전기·전자·정밀기기,2018,3.85,10.64,0.36
대구,기계·운송장비·기타,2018,6.62,6.5,1.02
대구,전기·가스,2018,0.55,1.38,0.4
대구,수도·폐기물,2018,0.72,0.67,1.08
대구,건설업,2018,4.86,5.73,0.85
대구,도소매,2018,10.3,9.53,1.08
대구,운수·창고,2018,3.73,3.55,1.05
대구,숙박·음식점,2018,3.25,2.59,1.26
대구,정보통신업,2018,3.38,4.47,0.76
대구,금융 및 보험업,2018,6.94,5.59,1.24
대구,부동산업,2018,11.32,8.03,1.41
대구,전문·과학·기술,2018,3.04,4.14,0.73
대구,사업시설·지원,2018,3.45,3.73,0.93
대구,공공행정,2018,7.67,6.29,1.22
대구,교육,2018,7.25,4.74,1.53
대구,보건·사회복지,2018,8.22,4.99,1.65
대구,예술·스포츠·여가,2018,1.07,1.08,0.99
대구,협회·수리·개인,2018,1.99,1.43,1.39
대구,농림어업,2019,0.23,1.65,0.14
대구,광업,2019,0.0,0.11,0.02
대구,음식료품·담배,2019,0.84,1.38,0.6
대구,섬유·의복·가죽,2019,2.34,0.94,2.5
대구,목재·종이·인쇄,2019,1.04,0.78,1.33
대구,석탄·석유·화학,2019,1.98,5.17,0.38
대구,비금속·금속,2019,4.93,4.36,1.13
대구,전기·전자·정밀기기,2019,3.15,9.41,0.33
대구,기계·운송장비·기타,2019,6.79,6.59,1.03
대구,전기·가스,2019,0.53,1.38,0.39
대구,수도·폐기물,2019,0.74,0.7,1.05
대구,건설업,2019,5.31,5.77,0.92
대구,도소매,2019,9.88,9.47,1.04
대구,운수·창고,2019,3.79,3.66,1.04
대구,숙박·음식점,2019,3.22,2.72,1.18
대구,정보통신업,2019,3.46,4.59,0.75
대구,금융 및 보험업,2019,6.65,5.48,1.21
대구,부동산업,2019,11.5,8.14,1.41
대구,전문·과학·기술,2019,3.27,4.41,0.74
대구,사업시설·지원,2019,3.52,3.89,0.9
대구,공공행정,2019,7.49,6.57,1.14
대구,교육,2019,7.33,4.83,1.52
대구,보건·사회복지,2019,8.89,5.43,1.64
대구,예술·스포츠·여가,2019,1.11,1.12,0.99
대구,협회·수리·개인,2019,2.02,1.45,1.4
대구,농림어업,2020,0.22,1.73,0.13
대구,광업,2020,0.0,0.1,0.03
대구,음식료품·담배,2020,0.87,1.44,0.6
대구,섬유·의복·가죽,2020,2.21,0.91,2.42
대구,목재·종이·인쇄,2020,1.04,0.75,1.38
대구,석탄·석유·화학,2020,1.91,4.85,0.39
대구,비금속·금속,2020,4.55,4.06,1.12
대구,전기·전자·정밀기기,2020,3.03,9.6,0.32
대구,기계·운송장비·기타,2020,6.01,6.33,0.95
대구,전기·가스,2020,0.86,1.71,0.5
대구,수도·폐기물,2020,0.82,0.75,1.1
대구,건설업,2020,6.44,5.82,1.11
대구,도소매,2020,9.36,9.24,1.01
대구,운수·창고,2020,3.39,3.39,1.0
대구,숙박·음식점,2020,2.76,2.22,1.24
대구,정보통신업,2020,3.57,4.83,0.74
대구,금융 및 보험업,2020,6.73,5.8,1.16
대구,부동산업,2020,12.21,8.5,1.44
대구,전문·과학·기술,2020,3.56,4.72,0.75
대구,사업시설·지원,2020,3.34,3.64,0.92
대구,공공행정,2020,7.91,6.85,1.15
대구,교육,2020,7.3,4.79,1.52
대구,보건·사회복지,2020,9.14,5.64,1.62
대구,예술·스포츠·여가,2020,0.97,0.95,1.01
대구,협회·수리·개인,2020,1.79,1.36,1.31
대구,농림어업,2021,0.23,1.81,0.13
대구,광업,2021,0.0,0.1,0.02
대구,음식료품·담배,2021,0.82,1.35,0.6
대구,섬유·의복·가죽,2021,1.95,0.8,2.44
대구,목재·종이·인쇄,2021,1.06,0.74,1.42
대구,석탄·석유·화학,2021,1.87,5.57,0.34
대구,비금속·금속,2021,4.95,4.52,1.09
대구,전기·전자·정밀기기,2021,3.23,9.92,0.33
대구,기계·운송장비·기타,2021,5.99,5.7,1.05
대구,전기·가스,2021,0.26,1.2,0.21
대구,수도·폐기물,2021,0.74,0.71,1.04
대구,건설업,2021,6.99,5.56,1.26
대구,도소매,2021,9.28,9.08,1.02
대구,운수·창고,2021,3.23,3.93,0.82
대구,숙박·음식점,2021,2.65,2.18,1.22
대구,정보통신업,2021,3.56,5.14,0.69
대구,금융 및 보험업,2021,6.87,6.08,1.13
대구,부동산업,2021,11.78,7.97,1.48
대구,전문·과학·기술,2021,4.21,4.84,0.87
대구,사업시설·지원,2021,3.11,3.34,0.93
대구,공공행정,2021,7.5,6.77,1.11
대구,교육,2021,7.4,4.74,1.56
대구,보건·사회복지,2021,9.59,5.64,1.7
대구,예술·스포츠·여가,2021,1.08,1.03,1.05
대구,협회·수리·개인,2021,1.65,1.27,1.3
대구,농림어업,2022,0.2,1.58,0.12
대구,광업,2022,0.0,0.09,0.02
대구,음식료품·담배,2022,0.79,1.39,0.57
대구,섬유·의복·가죽,2022,1.99,0.8,2.48
대구,목재·종이·인쇄,2022,1.06,0.76,1.41
대구,석탄·석유·화학,2022,2.11,5.68,0.37
대구,비금속·금속,2022,4.93,4.46,1.11
대구,전기·전자·정밀기기,2022,3.96,9.65,0.41
대구,기계·운송장비·기타,2022,6.37,6.02,1.06
대구,전기·가스,2022,-0.96,0.15,-6.55
대구,수도·폐기물,2022,0.71,0.7,1.01
대구,건설업,2022,7.12,5.66,1.26
대구,도소매,2022,9.3,9.16,1.02
대구,운수·창고,2022,3.39,4.35,0.78
대구,숙박·음식점,2022,3.26,2.57,1.27
대구,정보통신업,2022,3.32,4.95,0.67
대구,금융 및 보험업,2022,7.48,6.37,1.17
대구,부동산업,2022,10.26,7.39,1.39
대구,전문·과학·기술,2022,4.18,4.96,0.84
대구,사업시설·지원,2022,2.91,3.39,0.86
대구,공공행정,2022,7.6,6.93,1.1
대구,교육,2022,7.44,4.77,1.56
대구,보건·사회복지,2022,9.82,5.79,1.7
대구,예술·스포츠·여가,2022,1.06,1.13,0.93
대구,협회·수리·개인,2022,1.68,1.31,1.28
대구,농림어업,2023,0.21,1.56,0.13
대구,광업,2023,0.0,0.1,0.01
대구,음식료품·담배,2023,0.8,1.46,0.55
대구,섬유·의복·가죽,2023,1.79,0.77,2.33
대구,목재·종이·인쇄,2023,1.01,0.74,1.38
대구,석탄·석유·화학,2023,2.02,5.25,0.39
대구,비금속·금속,2023,4.99,4.47,1.12
대구,전기·전자·정밀기기,2023,3.68,8.08,0.46
대구,기계·운송장비·기타,2023,6.52,6.63,0.98
대구,전기·가스,2023,0.46,1.29,0.36
대구,수도·폐기물,2023,0.72,0.67,1.07
대구,건설업,2023,6.77,5.56,1.22
대구,도소매,2023,8.92,8.89,1.0
대구,운수·창고,2023,4.05,4.34,0.93
대구,숙박·음식점,2023,3.56,2.75,1.29
대구,정보통신업,2023,3.14,4.98,0.63
대구,금융 및 보험업,2023,7.28,6.18,1.18
대구,부동산업,2023,9.41,7.22,1.3
대구,전문·과학·기술,2023,4.14,5.28,0.79
대구,사업시설·지원,2023,2.99,3.63,0.82
대구,공공행정,2023,7.48,6.94,1.08
대구,교육,2023,7.35,4.75,1.55
대구,보건·사회복지,2023,9.72,5.81,1.67
대구,예술·스포츠·여가,2023,1.18,1.23,0.96
대구,협회·수리·개인,2023,1.79,1.42,1.26
대구,농림어업,2024,0.38,1.58,0.24
대구,광업,2024,0.01,0.09,0.15
대구,음식료품·담배,2024,0.78,1.46,0.54
대구,섬유·의복·가죽,2024,1.74,0.72,2.41
대구,목재·종이·인쇄,2024,1.01,0.68,1.47
대구,석탄·석유·화학,2024,2.11,5.06,0.42
대구,비금속·금속,2024,4.97,4.29,1.16
대구,전기·전자·정밀기기,2024,3.87,9.46,0.41
대구,기계·운송장비·기타,2024,6.82,6.97,0.98
대구,전기·가스,2024,1.07,2.0,0.54
대구,수도·폐기물,2024,0.7,0.62,1.13
대구,건설업,2024,5.3,5.19,1.02
대구,도소매,2024,8.9,8.55,1.04
대구,운수·창고,2024,4.35,4.26,1.02
대구,숙박·음식점,2024,3.66,2.71,1.35
대구,정보통신업,2024,3.13,4.89,0.64
대구,금융 및 보험업,2024,6.99,5.87,1.19
대구,부동산업,2024,9.04,7.07,1.28
대구,전문·과학·기술,2024,4.27,5.05,0.85
대구,사업시설·지원,2024,3.02,3.52,0.86
대구,공공행정,2024,7.68,6.91,1.11
대구,교육,2024,7.37,4.64,1.59
대구,보건·사회복지,2024,9.85,5.79,1.7
대구,예술·스포츠·여가,2024,1.16,1.21,0.96
대구,협회·수리·개인,2024,1.83,1.42,1.29
대전,농림어업,2014,0.11,2.12,0.05
대전,광업,2014,0.01,0.15,0.05
대전,음식료품·담배,2014,2.69,1.32,2.03
대전,섬유·의복·가죽,2014,0.3,1.31,0.23
대전,목재·종이·인쇄,2014,1.45,0.85,1.7
대전,석탄·석유·화학,2014,4.98,5.74,0.87
대전,비금속·금속,2014,1.76,5.15,0.34
대전,전기·전자·정밀기기,2014,3.8,9.15,0.42
대전,기계·운송장비·기타,2014,3.86,7.16,0.54
대전,전기·가스,2014,1.37,1.95,0.7
대전,수도·폐기물,2014,0.44,0.56,0.79
대전,건설업,2014,4.26,4.77,0.89
대전,도소매,2014,9.53,10.06,0.95
대전,운수·창고,2014,2.83,3.77,0.75
대전,숙박·음식점,2014,2.83,2.4,1.18
대전,정보통신업,2014,4.35,4.46,0.97
대전,금융 및 보험업,2014,5.96,5.51,1.08
대전,부동산업,2014,8.67,7.86,1.1
대전,전문·과학·기술,2014,8.67,4.04,2.14
대전,사업시설·지원,2014,4.56,3.36,1.36
대전,공공행정,2014,9.99,6.17,1.62
대전,교육,2014,7.63,5.08,1.5
대전,보건·사회복지,2014,6.76,4.41,1.53
대전,예술·스포츠·여가,2014,1.23,1.08,1.14
대전,협회·수리·개인,2014,1.95,1.57,1.25
대전,농림어업,2015,0.11,2.07,0.05
대전,광업,2015,0.01,0.14,0.08
대전,음식료품·담배,2015,2.94,1.35,2.18
대전,섬유·의복·가죽,2015,0.27,1.18,0.23
대전,목재·종이·인쇄,2015,1.47,0.84,1.76
대전,석탄·석유·화학,2015,5.42,5.83,0.93
대전,비금속·금속,2015,1.91,4.89,0.39
대전,전기·전자·정밀기기,2015,4.12,8.91,0.46
대전,기계·운송장비·기타,2015,3.92,7.2,0.54
대전,전기·가스,2015,1.27,2.19,0.58
대전,수도·폐기물,2015,0.43,0.59,0.73
대전,건설업,2015,4.29,5.04,0.85
대전,도소매,2015,9.17,9.82,0.93
대전,운수·창고,2015,3.02,4.09,0.74
대전,숙박·음식점,2015,2.87,2.48,1.16
대전,정보통신업,2015,4.07,4.41,0.92
대전,금융 및 보험업,2015,5.64,5.46,1.03
대전,부동산업,2015,8.55,7.86,1.09
대전,전문·과학·기술,2015,8.64,4.16,2.08
대전,사업시설·지원,2015,4.58,3.46,1.32
대전,공공행정,2015,9.87,6.09,1.62
대전,교육,2015,7.43,4.97,1.5
대전,보건·사회복지,2015,6.94,4.46,1.56
대전,예술·스포츠·여가,2015,1.18,1.03,1.14
대전,협회·수리·개인,2015,1.89,1.5,1.26
대전,농림어업,2016,0.1,1.91,0.05
대전,광업,2016,0.01,0.15,0.06
대전,음식료품·담배,2016,2.95,1.35,2.18
대전,섬유·의복·가죽,2016,0.26,1.12,0.23
대전,목재·종이·인쇄,2016,1.44,0.87,1.66
대전,석탄·석유·화학,2016,5.46,5.82,0.94
대전,비금속·금속,2016,1.79,4.79,0.37
대전,전기·전자·정밀기기,2016,4.15,8.92,0.46
대전,기계·운송장비·기타,2016,3.95,7.05,0.56
대전,전기·가스,2016,1.32,2.17,0.61
대전,수도·폐기물,2016,0.5,0.65,0.77
대전,건설업,2016,4.74,5.47,0.87
대전,도소매,2016,8.98,9.8,0.92
대전,운수·창고,2016,3.21,3.91,0.82
대전,숙박·음식점,2016,3.04,2.58,1.18
대전,정보통신업,2016,4.08,4.51,0.9
대전,금융 및 보험업,2016,5.33,5.26,1.01
대전,부동산업,2016,8.57,7.98,1.07
대전,전문·과학·기술,2016,8.99,4.09,2.2
대전,사업시설·지원,2016,4.28,3.49,1.23
대전,공공행정,2016,9.66,6.08,1.59
대전,교육,2016,7.28,4.85,1.5
대전,보건·사회복지,2016,6.8,4.6,1.48
대전,예술·스포츠·여가,2016,1.23,1.05,1.16
대전,협회·수리·개인,2016,1.93,1.52,1.27
대전,농림어업,2017,0.11,1.89,0.06
대전,광업,2017,0.0,0.15,0.02
대전,음식료품·담배,2017,2.75,1.33,2.06
대전,섬유·의복·가죽,2017,0.25,1.02,0.25
대전,목재·종이·인쇄,2017,1.18,0.77,1.52
대전,석탄·석유·화학,2017,4.84,5.75,0.84
대전,비금속·금속,2017,1.71,4.69,0.36
대전,전기·전자·정밀기기,2017,4.8,10.15,0.47
대전,기계·운송장비·기타,2017,3.77,6.78,0.56
대전,전기·가스,2017,1.15,1.81,0.64
대전,수도·폐기물,2017,0.51,0.62,0.83
대전,건설업,2017,4.74,5.78,0.82
대전,도소매,2017,9.0,9.66,0.93
대전,운수·창고,2017,3.01,3.69,0.82
대전,숙박·음식점,2017,3.12,2.54,1.23
대전,정보통신업,2017,3.88,4.44,0.87
대전,금융 및 보험업,2017,5.47,5.4,1.01
대전,부동산업,2017,8.58,7.94,1.08
대전,전문·과학·기술,2017,9.1,4.02,2.27
대전,사업시설·지원,2017,4.49,3.54,1.27
대전,공공행정,2017,10.02,6.12,1.64
대전,교육,2017,7.24,4.71,1.54
대전,보건·사회복지,2017,7.04,4.74,1.48
대전,예술·스포츠·여가,2017,1.26,1.0,1.25
대전,협회·수리·개인,2017,1.98,1.46,1.36
대전,농림어업,2018,0.1,1.75,0.05
대전,광업,2018,0.0,0.12,0.04
대전,음식료품·담배,2018,2.65,1.35,1.96
대전,섬유·의복·가죽,2018,0.25,0.97,0.26
대전,목재·종이·인쇄,2018,1.16,0.82,1.41
대전,석탄·석유·화학,2018,4.41,5.46,0.81
대전,비금속·금속,2018,1.74,4.48,0.39
대전,전기·전자·정밀기기,2018,4.74,10.64,0.44
대전,기계·운송장비·기타,2018,3.37,6.5,0.52
대전,전기·가스,2018,0.9,1.38,0.65
대전,수도·폐기물,2018,0.51,0.67,0.77
대전,건설업,2018,4.87,5.73,0.85
대전,도소매,2018,8.88,9.53,0.93
대전,운수·창고,2018,2.94,3.55,0.83
대전,숙박·음식점,2018,3.09,2.59,1.19
대전,정보통신업,2018,3.78,4.47,0.85
대전,금융 및 보험업,2018,5.61,5.59,1.0
대전,부동산업,2018,8.89,8.03,1.11
대전,전문·과학·기술,2018,9.13,4.14,2.2
대전,사업시설·지원,2018,4.69,3.73,1.26
대전,공공행정,2018,10.29,6.29,1.64
대전,교육,2018,7.26,4.74,1.53
대전,보건·사회복지,2018,7.43,4.99,1.49
대전,예술·스포츠·여가,2018,1.29,1.08,1.19
대전,협회·수리·개인,2018,2.03,1.43,1.42
대전,농림어업,2019,0.08,1.65,0.05
대전,광업,2019,0.0,0.11,0.04
대전,음식료품·담배,2019,2.63,1.38,1.9
대전,섬유·의복·가죽,2019,0.24,0.94,0.26
대전,목재·종이·인쇄,2019,1.12,0.78,1.44
대전,석탄·석유·화학,2019,4.05,5.17,0.78
대전,비금속·금속,2019,1.85,4.36,0.43
대전,전기·전자·정밀기기,2019,4.64,9.41,0.49
대전,기계·운송장비·기타,2019,3.86,6.59,0.59
대전,전기·가스,2019,0.92,1.38,0.66
대전,수도·폐기물,2019,0.51,0.7,0.73
대전,건설업,2019,5.29,5.77,0.92
대전,도소매,2019,8.7,9.47,0.92
대전,운수·창고,2019,2.73,3.66,0.75
대전,숙박·음식점,2019,3.09,2.72,1.14
대전,정보통신업,2019,3.65,4.59,0.79
대전,금융 및 보험업,2019,5.25,5.48,0.96
대전,부동산업,2019,8.85,8.14,1.09
대전,전문·과학·기술,2019,9.27,4.41,2.1
대전,사업시설·지원,2019,4.69,3.89,1.21
대전,공공행정,2019,10.33,6.57,1.57
대전,교육,2019,7.09,4.83,1.47
대전,보건·사회복지,2019,7.79,5.43,1.43
대전,예술·스포츠·여가,2019,1.42,1.12,1.26
대전,협회·수리·개인,2019,1.94,1.45,1.34
대전,농림어업,2020,0.09,1.73,0.05
대전,광업,2020,0.01,0.1,0.08
대전,음식료품·담배,2020,2.8,1.44,1.94
대전,섬유·의복·가죽,2020,0.28,0.91,0.3
대전,목재·종이·인쇄,2020,1.06,0.75,1.41
대전,석탄·석유·화학,2020,4.0,4.85,0.83
대전,비금속·금속,2020,1.89,4.06,0.46
대전,전기·전자·정밀기기,2020,4.71,9.6,0.49
대전,기계·운송장비·기타,2020,3.61,6.33,0.57
대전,전기·가스,2020,1.15,1.71,0.68
대전,수도·폐기물,2020,0.56,0.75,0.75
대전,건설업,2020,5.66,5.82,0.97
대전,도소매,2020,8.29,9.24,0.9
대전,운수·창고,2020,2.42,3.39,0.71
대전,숙박·음식점,2020,2.57,2.22,1.16
대전,정보통신업,2020,3.7,4.83,0.76
대전,금융 및 보험업,2020,5.25,5.8,0.91
대전,부동산업,2020,9.47,8.5,1.11
대전,전문·과학·기술,2020,10.27,4.72,2.17
대전,사업시설·지원,2020,4.86,3.64,1.34
대전,공공행정,2020,9.9,6.85,1.44
대전,교육,2020,6.86,4.79,1.43
대전,보건·사회복지,2020,7.78,5.64,1.38
대전,예술·스포츠·여가,2020,0.98,0.95,1.03
대전,협회·수리·개인,2020,1.85,1.36,1.36
대전,농림어업,2021,0.1,1.81,0.05
대전,광업,2021,0.0,0.1,0.04
대전,음식료품·담배,2021,2.65,1.35,1.96
대전,섬유·의복·가죽,2021,0.26,0.8,0.32
대전,목재·종이·인쇄,2021,1.08,0.74,1.45
대전,석탄·석유·화학,2021,3.72,5.57,0.67
대전,비금속·금속,2021,1.73,4.52,0.38
대전,전기·전자·정밀기기,2021,5.61,9.92,0.57
대전,기계·운송장비·기타,2021,3.12,5.7,0.55
대전,전기·가스,2021,0.58,1.2,0.48
대전,수도·폐기물,2021,0.52,0.71,0.73
대전,건설업,2021,6.03,5.56,1.08
대전,도소매,2021,8.54,9.08,0.94
대전,운수·창고,2021,2.37,3.93,0.6
대전,숙박·음식점,2021,2.69,2.18,1.23
대전,정보통신업,2021,3.9,5.14,0.76
대전,금융 및 보험업,2021,5.58,6.08,0.92
대전,부동산업,2021,9.4,7.97,1.18
대전,전문·과학·기술,2021,10.12,4.84,2.09
대전,사업시설·지원,2021,4.39,3.34,1.31
대전,공공행정,2021,10.01,6.77,1.48
대전,교육,2021,7.01,4.74,1.48
대전,보건·사회복지,2021,7.79,5.64,1.38
대전,예술·스포츠·여가,2021,0.97,1.03,0.94
대전,협회·수리·개인,2021,1.82,1.27,1.44
대전,농림어업,2022,0.1,1.58,0.06
대전,광업,2022,0.01,0.09,0.07
대전,음식료품·담배,2022,2.7,1.39,1.94
대전,섬유·의복·가죽,2022,0.24,0.8,0.3
대전,목재·종이·인쇄,2022,1.02,0.76,1.35
대전,석탄·석유·화학,2022,3.31,5.68,0.58
대전,비금속·금속,2022,1.65,4.46,0.37
대전,전기·전자·정밀기기,2022,5.74,9.65,0.59
대전,기계·운송장비·기타,2022,3.16,6.02,0.53
대전,전기·가스,2022,-0.36,0.15,-2.47
대전,수도·폐기물,2022,0.5,0.7,0.71
대전,건설업,2022,5.69,5.66,1.01
대전,도소매,2022,8.43,9.16,0.92
대전,운수·창고,2022,2.56,4.35,0.59
대전,숙박·음식점,2022,3.32,2.57,1.29
대전,정보통신업,2022,3.84,4.95,0.78
대전,금융 및 보험업,2022,5.92,6.37,0.93
대전,부동산업,2022,8.67,7.39,1.17
대전,전문·과학·기술,2022,11.03,4.96,2.22
대전,사업시설·지원,2022,4.79,3.39,1.41
대전,공공행정,2022,9.79,6.93,1.41
대전,교육,2022,7.09,4.77,1.49
대전,보건·사회복지,2022,8.04,5.79,1.39
대전,예술·스포츠·여가,2022,0.87,1.13,0.77
대전,협회·수리·개인,2022,1.88,1.31,1.44
대전,농림어업,2023,0.09,1.56,0.06
대전,광업,2023,0.01,0.1,0.07
대전,음식료품·담배,2023,2.55,1.46,1.75
대전,섬유·의복·가죽,2023,0.21,0.77,0.27
대전,목재·종이·인쇄,2023,0.99,0.74,1.34
대전,석탄·석유·화학,2023,2.71,5.25,0.52
대전,비금속·금속,2023,1.68,4.47,0.38
대전,전기·전자·정밀기기,2023,4.98,8.08,0.62
대전,기계·운송장비·기타,2023,3.58,6.63,0.54
대전,전기·가스,2023,0.57,1.29,0.44
대전,수도·폐기물,2023,0.48,0.67,0.72
대전,건설업,2023,6.14,5.56,1.11
대전,도소매,2023,8.33,8.89,0.94
대전,운수·창고,2023,2.91,4.34,0.67
대전,숙박·음식점,2023,3.48,2.75,1.27
대전,정보통신업,2023,3.7,4.98,0.74
대전,금융 및 보험업,2023,5.81,6.18,0.94
대전,부동산업,2023,8.35,7.22,1.16
대전,전문·과학·기술,2023,10.64,5.28,2.02
대전,사업시설·지원,2023,5.01,3.63,1.38
대전,공공행정,2023,9.96,6.94,1.44
대전,교육,2023,6.94,4.75,1.46
대전,보건·사회복지,2023,7.83,5.81,1.35
대전,예술·스포츠·여가,2023,1.07,1.23,0.87
대전,협회·수리·개인,2023,1.98,1.42,1.39
대전,농림어업,2024,0.09,1.58,0.06
대전,광업,2024,0.0,0.09,0.04
대전,음식료품·담배,2024,2.54,1.46,1.75
대전,섬유·의복·가죽,2024,0.22,0.72,0.3
대전,목재·종이·인쇄,2024,0.9,0.68,1.32
대전,석탄·석유·화학,2024,2.82,5.06,0.56
대전,비금속·금속,2024,1.86,4.29,0.43
대전,전기·전자·정밀기기,2024,5.41,9.46,0.57
대전,기계·운송장비·기타,2024,3.8,6.97,0.54
대전,전기·가스,2024,1.19,2.0,0.59
대전,수도·폐기물,2024,0.46,0.62,0.75
대전,건설업,2024,5.94,5.19,1.15
대전,도소매,2024,8.06,8.55,0.94
대전,운수·창고,2024,3.08,4.26,0.72
대전,숙박·음식점,2024,3.53,2.71,1.3
대전,정보통신업,2024,3.49,4.89,0.71
대전,금융 및 보험업,2024,5.44,5.87,0.93
대전,부동산업,2024,8.48,7.07,1.2
대전,전문·과학·기술,2024,9.96,5.05,1.97
대전,사업시설·지원,2024,5.0,3.52,1.42
대전,공공행정,2024,9.92,6.91,1.44
대전,교육,2024,6.83,4.64,1.47
대전,보건·사회복지,2024,7.92,5.79,1.37
대전,예술·스포츠·여가,2024,1.06,1.21,0.88
대전,협회·수리·개인,2024,2.01,1.42,1.42
부산,농림어업,2014,0.64,2.12,0.3
부산,광업,2014,0.02,0.15,0.15
부산,음식료품·담배,2014,0.82,1.32,0.62
부산,섬유·의복·가죽,2014,1.83,1.31,1.4
부산,목재·종이·인쇄,2014,0.4,0.85,0.46
부산,석탄·석유·화학,2014,1.85,5.74,0.32
부산,비금속·금속,2014,5.49,5.15,1.07
부산,전기·전자·정밀기기,2014,2.41,9.15,0.26
부산,기계·운송장비·기타,2014,6.45,7.16,0.9
부산,전기·가스,2014,2.65,1.95,1.36
부산,수도·폐기물,2014,0.55,0.56,0.98
부산,건설업,2014,5.0,4.77,1.05
부산,도소매,2014,11.39,10.06,1.13
부산,운수·창고,2014,8.4,3.77,2.23
부산,숙박·음식점,2014,3.23,2.4,1.35
부산,정보통신업,2014,2.9,4.46,0.65
부산,금융 및 보험업,2014,6.45,5.51,1.17
부산,부동산업,2014,9.44,7.86,1.2
부산,전문·과학·기술,2014,4.47,4.04,1.11
부산,사업시설·지원,2014,3.56,3.36,1.06
부산,공공행정,2014,5.99,6.17,0.97
부산,교육,2014,6.37,5.08,1.25
부산,보건·사회복지,2014,6.83,4.41,1.55
부산,예술·스포츠·여가,2014,1.01,1.08,0.94
부산,협회·수리·개인,2014,1.86,1.57,1.18
부산,농림어업,2015,0.6,2.07,0.29
부산,광업,2015,0.02,0.14,0.15
부산,음식료품·담배,2015,0.86,1.35,0.64
부산,섬유·의복·가죽,2015,1.65,1.18,1.4
부산,목재·종이·인쇄,2015,0.39,0.84,0.47
부산,석탄·석유·화학,2015,2.05,5.83,0.35
부산,비금속·금속,2015,5.05,4.89,1.03
부산,전기·전자·정밀기기,2015,2.49,8.91,0.28
부산,기계·운송장비·기타,2015,7.05,7.2,0.98
부산,전기·가스,2015,3.04,2.19,1.39
부산,수도·폐기물,2015,0.55,0.59,0.92
부산,건설업,2015,4.95,5.04,0.98
부산,도소매,2015,10.66,9.82,1.09
부산,운수·창고,2015,8.95,4.09,2.19
부산,숙박·음식점,2015,3.21,2.48,1.29
부산,정보통신업,2015,2.79,4.41,0.63
부산,금융 및 보험업,2015,6.27,5.46,1.15
부산,부동산업,2015,9.41,7.86,1.2
부산,전문·과학·기술,2015,4.58,4.16,1.1
부산,사업시설·지원,2015,3.82,3.46,1.1
부산,공공행정,2015,5.92,6.09,0.97
부산,교육,2015,6.06,4.97,1.22
부산,보건·사회복지,2015,6.91,4.46,1.55
부산,예술·스포츠·여가,2015,0.94,1.03,0.91
부산,협회·수리·개인,2015,1.76,1.5,1.17
부산,농림어업,2016,0.57,1.91,0.3
부산,광업,2016,0.02,0.15,0.13
부산,음식료품·담배,2016,0.88,1.35,0.65
부산,섬유·의복·가죽,2016,1.59,1.12,1.41
부산,목재·종이·인쇄,2016,0.43,0.87,0.5
부산,석탄·석유·화학,2016,2.06,5.82,0.35
부산,비금속·금속,2016,4.78,4.79,1.0
부산,전기·전자·정밀기기,2016,2.36,8.92,0.26
부산,기계·운송장비·기타,2016,7.63,7.05,1.08
부산,전기·가스,2016,3.27,2.17,1.5
부산,수도·폐기물,2016,0.62,0.65,0.96
부산,건설업,2016,5.56,5.47,1.02
부산,도소매,2016,10.61,9.8,1.08
부산,운수·창고,2016,7.55,3.91,1.93
부산,숙박·음식점,2016,3.34,2.58,1.3
부산,정보통신업,2016,2.89,4.51,0.64
부산,금융 및 보험업,2016,5.98,5.26,1.14
부산,부동산업,2016,9.9,7.98,1.24
부산,전문·과학·기술,2016,4.23,4.09,1.03
부산,사업시설·지원,2016,3.75,3.49,1.08
부산,공공행정,2016,5.98,6.08,0.98
부산,교육,2016,5.9,4.85,1.22
부산,보건·사회복지,2016,7.3,4.6,1.59
부산,예술·스포츠·여가,2016,0.99,1.05,0.94
부산,협회·수리·개인,2016,1.82,1.52,1.2
부산,농림어업,2017,0.63,1.89,0.33
부산,광업,2017,0.03,0.15,0.19
부산,음식료품·담배,2017,0.89,1.33,0.67
부산,섬유·의복·가죽,2017,1.51,1.02,1.48
부산,목재·종이·인쇄,2017,0.37,0.77,0.47
부산,석탄·석유·화학,2017,2.03,5.75,0.35
부산,비금속·금속,2017,4.6,4.69,0.98
부산,전기·전자·정밀기기,2017,2.55,10.15,0.25
부산,기계·운송장비·기타,2017,6.78,6.78,1.0
부산,전기·가스,2017,1.2,1.81,0.66
부산,수도·폐기물,2017,0.63,0.62,1.02
부산,건설업,2017,6.1,5.78,1.06
부산,도소매,2017,11.03,9.66,1.14
부산,운수·창고,2017,7.63,3.69,2.07
부산,숙박·음식점,2017,3.44,2.54,1.36
부산,정보통신업,2017,2.8,4.44,0.63
부산,금융 및 보험업,2017,6.52,5.4,1.21
부산,부동산업,2017,10.23,7.94,1.29
부산,전문·과학·기술,2017,4.05,4.02,1.01
부산,사업시설·지원,2017,4.12,3.54,1.16
부산,공공행정,2017,6.26,6.12,1.02
부산,교육,2017,6.04,4.71,1.28
부산,보건·사회복지,2017,7.81,4.74,1.65
부산,예술·스포츠·여가,2017,0.98,1.0,0.98
부산,협회·수리·개인,2017,1.78,1.46,1.22
부산,농림어업,2018,0.47,1.75,0.27
부산,광업,2018,0.01,0.12,0.11
부산,음식료품·담배,2018,0.96,1.35,0.71
부산,섬유·의복·가죽,2018,1.36,0.97,1.41
부산,목재·종이·인쇄,2018,0.35,0.82,0.43
부산,석탄·석유·화학,2018,1.87,5.46,0.34
부산,비금속·금속,2018,4.38,4.48,0.98
부산,전기·전자·정밀기기,2018,2.48,10.64,0.23
부산,기계·운송장비·기타,2018,6.69,6.5,1.03
부산,전기·가스,2018,1.75,1.38,1.27
부산,수도·폐기물,2018,0.68,0.67,1.02
부산,건설업,2018,6.29,5.73,1.1
부산,도소매,2018,10.53,9.53,1.11
부산,운수·창고,2018,7.27,3.55,2.05
부산,숙박·음식점,2018,3.51,2.59,1.36
부산,정보통신업,2018,2.78,4.47,0.62
부산,금융 및 보험업,2018,6.73,5.59,1.2
부산,부동산업,2018,10.1,8.03,1.26
부산,전문·과학·기술,2018,4.24,4.14,1.02
부산,사업시설·지원,2018,4.25,3.73,1.14
부산,공공행정,2018,6.35,6.29,1.01
부산,교육,2018,6.02,4.74,1.27
부산,보건·사회복지,2018,8.13,4.99,1.63
부산,예술·스포츠·여가,2018,1.05,1.08,0.97
부산,협회·수리·개인,2018,1.74,1.43,1.21
부산,농림어업,2019,0.39,1.65,0.24
부산,광업,2019,0.01,0.11,0.05
부산,음식료품·담배,2019,0.94,1.38,0.68
부산,섬유·의복·가죽,2019,1.25,0.94,1.33
부산,목재·종이·인쇄,2019,0.35,0.78,0.45
부산,석탄·석유·화학,2019,1.89,5.17,0.37
부산,비금속·금속,2019,4.31,4.36,0.99
부산,전기·전자·정밀기기,2019,2.63,9.41,0.28
부산,기계·운송장비·기타,2019,6.25,6.59,0.95
부산,전기·가스,2019,1.45,1.38,1.05
부산,수도·폐기물,2019,0.69,0.7,0.99
부산,건설업,2019,6.4,5.77,1.11
부산,도소매,2019,10.3,9.47,1.09
부산,운수·창고,2019,7.46,3.66,2.04
부산,숙박·음식점,2019,3.58,2.72,1.32
부산,정보통신업,2019,2.8,4.59,0.61
부산,금융 및 보험업,2019,6.38,5.48,1.16
부산,부동산업,2019,9.98,8.14,1.23
부산,전문·과학·기술,2019,4.8,4.41,1.09
부산,사업시설·지원,2019,4.26,3.89,1.1
부산,공공행정,2019,6.49,6.57,0.99
부산,교육,2019,5.94,4.83,1.23
부산,보건·사회복지,2019,8.61,5.43,1.58
부산,예술·스포츠·여가,2019,1.11,1.12,0.99
부산,협회·수리·개인,2019,1.72,1.45,1.19
부산,농림어업,2020,0.48,1.73,0.28
부산,광업,2020,0.01,0.1,0.09
부산,음식료품·담배,2020,0.94,1.44,0.65
부산,섬유·의복·가죽,2020,1.21,0.91,1.33
부산,목재·종이·인쇄,2020,0.36,0.75,0.48
부산,석탄·석유·화학,2020,1.87,4.85,0.38
부산,비금속·금속,2020,4.14,4.06,1.02
부산,전기·전자·정밀기기,2020,2.74,9.6,0.29
부산,기계·운송장비·기타,2020,5.58,6.33,0.88
부산,전기·가스,2020,2.09,1.71,1.22
부산,수도·폐기물,2020,0.78,0.75,1.04
부산,건설업,2020,6.06,5.82,1.04
부산,도소매,2020,10.04,9.24,1.09
부산,운수·창고,2020,7.1,3.39,2.09
부산,숙박·음식점,2020,2.8,2.22,1.26
부산,정보통신업,2020,2.92,4.83,0.6
부산,금융 및 보험업,2020,6.67,5.8,1.15
부산,부동산업,2020,10.72,8.5,1.26
부산,전문·과학·기술,2020,5.26,4.72,1.11
부산,사업시설·지원,2020,3.73,3.64,1.03
부산,공공행정,2020,6.81,6.85,0.99
부산,교육,2020,5.99,4.79,1.25
부산,보건·사회복지,2020,9.19,5.64,1.63
부산,예술·스포츠·여가,2020,0.82,0.95,0.86
부산,협회·수리·개인,2020,1.71,1.36,1.25
부산,농림어업,2021,0.47,1.81,0.26
부산,광업,2021,0.01,0.1,0.09
부산,음식료품·담배,2021,0.93,1.35,0.68
부산,섬유·의복·가죽,2021,1.03,0.8,1.28
부산,목재·종이·인쇄,2021,0.35,0.74,0.47
부산,석탄·석유·화학,2021,1.88,5.57,0.34
부산,비금속·금속,2021,4.99,4.52,1.1
부산,전기·전자·정밀기기,2021,2.53,9.92,0.25
부산,기계·운송장비·기타,2021,4.94,5.7,0.87
부산,전기·가스,2021,1.28,1.2,1.07
부산,수도·폐기물,2021,0.7,0.71,0.98
부산,건설업,2021,5.66,5.56,1.02
부산,도소매,2021,9.86,9.08,1.09
부산,운수·창고,2021,10.73,3.93,2.73
부산,숙박·음식점,2021,2.74,2.18,1.26
부산,정보통신업,2021,2.83,5.14,0.55
부산,금융 및 보험업,2021,6.79,6.08,1.12
부산,부동산업,2021,9.8,7.97,1.23
부산,전문·과학·기술,2021,4.95,4.84,1.02
부산,사업시설·지원,2021,3.47,3.34,1.04
부산,공공행정,2021,6.64,6.77,0.98
부산,교육,2021,5.85,4.74,1.23
부산,보건·사회복지,2021,9.09,5.64,1.61
부산,예술·스포츠·여가,2021,0.93,1.03,0.9
부산,협회·수리·개인,2021,1.55,1.27,1.22
부산,농림어업,2022,0.35,1.58,0.22
부산,광업,2022,0.01,0.09,0.06
부산,음식료품·담배,2022,0.94,1.39,0.68
부산,섬유·의복·가죽,2022,1.06,0.8,1.31
부산,목재·종이·인쇄,2022,0.34,0.76,0.45
부산,석탄·석유·화학,2022,1.78,5.68,0.31
부산,비금속·금속,2022,4.96,4.46,1.11
부산,전기·전자·정밀기기,2022,2.56,9.65,0.27
부산,기계·운송장비·기타,2022,5.57,6.02,0.93
부산,전기·가스,2022,0.15,0.15,1.01
부산,수도·폐기물,2022,0.68,0.7,0.96
부산,건설업,2022,5.01,5.66,0.89
부산,도소매,2022,9.64,9.16,1.05
부산,운수·창고,2022,12.22,4.35,2.81
부산,숙박·음식점,2022,3.59,2.57,1.4
부산,정보통신업,2022,2.65,4.95,0.53
부산,금융 및 보험업,2022,6.76,6.37,1.06
부산,부동산업,2022,8.86,7.39,1.2
부산,전문·과학·기술,2022,4.99,4.96,1.01
부산,사업시설·지원,2022,3.6,3.39,1.06
부산,공공행정,2022,6.8,6.93,0.98
부산,교육,2022,5.75,4.77,1.21
부산,보건·사회복지,2022,9.16,5.79,1.58
부산,예술·스포츠·여가,2022,1.09,1.13,0.96
부산,협회·수리·개인,2022,1.5,1.31,1.15
부산,농림어업,2023,0.42,1.56,0.27
부산,광업,2023,0.01,0.1,0.06
부산,음식료품·담배,2023,0.97,1.46,0.66
부산,섬유·의복·가죽,2023,0.99,0.77,1.29
부산,목재·종이·인쇄,2023,0.34,0.74,0.46
부산,석탄·석유·화학,2023,1.77,5.25,0.34
부산,비금속·금속,2023,5.11,4.47,1.14
부산,전기·전자·정밀기기,2023,2.32,8.08,0.29
부산,기계·운송장비·기타,2023,5.62,6.63,0.85
부산,전기·가스,2023,1.14,1.29,0.88
부산,수도·폐기물,2023,0.64,0.67,0.95
부산,건설업,2023,4.88,5.56,0.88
부산,도소매,2023,9.62,8.89,1.08
부산,운수·창고,2023,9.96,4.34,2.3
부산,숙박·음식점,2023,3.81,2.75,1.38
부산,정보통신업,2023,2.67,4.98,0.54
부산,금융 및 보험업,2023,6.72,6.18,1.09
부산,부동산업,2023,8.89,7.22,1.23
부산,전문·과학·기술,2023,5.56,5.28,1.05
부산,사업시설·지원,2023,3.75,3.63,1.03
부산,공공행정,2023,6.95,6.94,1.0
부산,교육,2023,5.86,4.75,1.24
부산,보건·사회복지,2023,9.08,5.81,1.56
부산,예술·스포츠·여가,2023,1.26,1.23,1.02
부산,협회·수리·개인,2023,1.65,1.42,1.16
부산,농림어업,2024,0.52,1.58,0.33
부산,광업,2024,0.0,0.09,0.05
부산,음식료품·담배,2024,0.99,1.46,0.68
부산,섬유·의복·가죽,2024,0.97,0.72,1.34
부산,목재·종이·인쇄,2024,0.35,0.68,0.51
부산,석탄·석유·화학,2024,1.83,5.06,0.36
부산,비금속·금속,2024,4.95,4.29,1.15
부산,전기·전자·정밀기기,2024,2.63,9.46,0.28
부산,기계·운송장비·기타,2024,6.11,6.97,0.88
부산,전기·가스,2024,1.61,2.0,0.81
부산,수도·폐기물,2024,0.58,0.62,0.92
부산,건설업,2024,4.98,5.19,0.96
부산,도소매,2024,9.39,8.55,1.1
부산,운수·창고,2024,9.21,4.26,2.16
부산,숙박·음식점,2024,3.88,2.71,1.43
부산,정보통신업,2024,2.6,4.89,0.53
부산,금융 및 보험업,2024,6.5,5.87,1.11
부산,부동산업,2024,8.51,7.07,1.2
부산,전문·과학·기술,2024,5.47,5.05,1.08
부산,사업시설·지원,2024,3.78,3.52,1.07
부산,공공행정,2024,7.15,6.91,1.03
부산,교육,2024,5.86,4.64,1.26
부산,보건·사회복지,2024,9.25,5.79,1.6
부산,예술·스포츠·여가,2024,1.23,1.21,1.02
부산,협회·수리·개인,2024,1.65,1.42,1.16
서울,농림어업,2014,0.11,2.12,0.05
서울,광업,2014,0.0,0.15,0.01
서울,음식료품·담배,2014,0.13,1.32,0.1
서울,섬유·의복·가죽,2014,2.37,1.31,1.81
서울,목재·종이·인쇄,2014,0.45,0.85,0.53
서울,석탄·석유·화학,2014,0.46,5.74,0.08
서울,비금속·금속,2014,0.28,5.15,0.06
서울,전기·전자·정밀기기,2014,1.29,9.15,0.14
서울,기계·운송장비·기타,2014,0.73,7.16,0.1
서울,전기·가스,2014,0.83,1.95,0.43
서울,수도·폐기물,2014,0.22,0.56,0.39
서울,건설업,2014,2.92,4.77,0.61
서울,도소매,2014,19.46,10.06,1.94
서울,운수·창고,2014,3.3,3.77,0.87
서울,숙박·음식점,2014,2.55,2.4,1.06
서울,정보통신업,2014,11.09,4.46,2.49
서울,금융 및 보험업,2014,10.73,5.51,1.95
서울,부동산업,2014,10.71,7.86,1.36
서울,전문·과학·기술,2014,8.91,4.04,2.2
서울,사업시설·지원,2014,6.32,3.36,1.88
서울,공공행정,2014,4.61,6.17,0.75
서울,교육,2014,4.84,5.08,0.95
서울,보건·사회복지,2014,4.39,4.41,1.0
서울,예술·스포츠·여가,2014,1.3,1.08,1.2
서울,협회·수리·개인,2014,2.0,1.57,1.28
서울,농림어업,2015,0.1,2.07,0.05
서울,광업,2015,0.0,0.14,0.01
서울,음식료품·담배,2015,0.12,1.35,0.09
서울,섬유·의복·가죽,2015,2.15,1.18,1.83
서울,목재·종이·인쇄,2015,0.45,0.84,0.53
서울,석탄·석유·화학,2015,0.47,5.83,0.08
서울,비금속·금속,2015,0.25,4.89,0.05
서울,전기·전자·정밀기기,2015,1.32,8.91,0.15
서울,기계·운송장비·기타,2015,0.74,7.2,0.1
서울,전기·가스,2015,0.78,2.19,0.36
서울,수도·폐기물,2015,0.21,0.59,0.35
서울,건설업,2015,3.0,5.04,0.6
서울,도소매,2015,19.2,9.82,1.95
서울,운수·창고,2015,3.56,4.09,0.87
서울,숙박·음식점,2015,2.65,2.48,1.07
서울,정보통신업,2015,10.86,4.41,2.46
서울,금융 및 보험업,2015,11.08,5.46,2.03
서울,부동산업,2015,10.76,7.86,1.37
서울,전문·과학·기술,2015,9.03,4.16,2.17
서울,사업시설·지원,2015,6.32,3.46,1.82
서울,공공행정,2015,4.41,6.09,0.72
서울,교육,2015,4.79,4.97,0.96
서울,보건·사회복지,2015,4.61,4.46,1.03
서울,예술·스포츠·여가,2015,1.23,1.03,1.19
서울,협회·수리·개인,2015,1.93,1.5,1.28
서울,농림어업,2016,0.1,1.91,0.05
서울,광업,2016,0.0,0.15,0.01
서울,음식료품·담배,2016,0.13,1.35,0.1
서울,섬유·의복·가죽,2016,2.06,1.12,1.83
서울,목재·종이·인쇄,2016,0.51,0.87,0.59
서울,석탄·석유·화학,2016,0.52,5.82,0.09
서울,비금속·금속,2016,0.3,4.79,0.06
서울,전기·전자·정밀기기,2016,1.36,8.92,0.15
서울,기계·운송장비·기타,2016,0.66,7.05,0.09
서울,전기·가스,2016,0.69,2.17,0.32
서울,수도·폐기물,2016,0.2,0.65,0.32
서울,건설업,2016,3.19,5.47,0.58
서울,도소매,2016,19.22,9.8,1.96
서울,운수·창고,2016,3.07,3.91,0.79
서울,숙박·음식점,2016,2.77,2.58,1.07
서울,정보통신업,2016,11.02,4.51,2.44
서울,금융 및 보험업,2016,10.81,5.26,2.05
서울,부동산업,2016,10.92,7.98,1.37
서울,전문·과학·기술,2016,9.11,4.09,2.22
서울,사업시설·지원,2016,6.52,3.49,1.87
서울,공공행정,2016,4.33,6.08,0.71
서울,교육,2016,4.62,4.85,0.95
서울,보건·사회복지,2016,4.71,4.6,1.02
서울,예술·스포츠·여가,2016,1.22,1.05,1.16
서울,협회·수리·개인,2016,1.95,1.52,1.28
서울,농림어업,2017,0.1,1.89,0.05
서울,광업,2017,0.0,0.15,0.01
서울,음식료품·담배,2017,0.12,1.33,0.09
서울,섬유·의복·가죽,2017,1.83,1.02,1.79
서울,목재·종이·인쇄,2017,0.48,0.77,0.62
서울,석탄·석유·화학,2017,0.53,5.75,0.09
서울,비금속·금속,2017,0.25,4.69,0.05
서울,전기·전자·정밀기기,2017,1.75,10.15,0.17
서울,기계·운송장비·기타,2017,0.6,6.78,0.09
서울,전기·가스,2017,0.63,1.81,0.35
서울,수도·폐기물,2017,0.2,0.62,0.33
서울,건설업,2017,3.35,5.78,0.58
서울,도소매,2017,18.96,9.66,1.96
서울,운수·창고,2017,3.05,3.69,0.83
서울,숙박·음식점,2017,2.72,2.54,1.07
서울,정보통신업,2017,10.93,4.44,2.46
서울,금융 및 보험업,2017,11.1,5.4,2.05
서울,부동산업,2017,11.02,7.94,1.39
서울,전문·과학·기술,2017,9.24,4.02,2.3
서울,사업시설·지원,2017,6.62,3.54,1.87
서울,공공행정,2017,4.13,6.12,0.67
서울,교육,2017,4.45,4.71,0.94
서울,보건·사회복지,2017,4.88,4.74,1.03
서울,예술·스포츠·여가,2017,1.16,1.0,1.16
서울,협회·수리·개인,2017,1.89,1.46,1.29
서울,농림어업,2018,0.1,1.75,0.06
서울,광업,2018,0.0,0.12,0.02
서울,음식료품·담배,2018,0.12,1.35,0.09
서울,섬유·의복·가죽,2018,1.73,0.97,1.79
서울,목재·종이·인쇄,2018,0.52,0.82,0.63
서울,석탄·석유·화학,2018,0.42,5.46,0.08
서울,비금속·금속,2018,0.23,4.48,0.05
서울,전기·전자·정밀기기,2018,1.67,10.64,0.16
서울,기계·운송장비·기타,2018,0.7,6.5,0.11
서울,전기·가스,2018,0.43,1.38,0.31
서울,수도·폐기물,2018,0.23,0.67,0.35
서울,건설업,2018,3.45,5.73,0.6
서울,도소매,2018,18.4,9.53,1.93
서울,운수·창고,2018,2.91,3.55,0.82
서울,숙박·음식점,2018,2.79,2.59,1.08
서울,정보통신업,2018,10.85,4.47,2.43
서울,금융 및 보험업,2018,11.43,5.59,2.05
서울,부동산업,2018,11.09,8.03,1.38
서울,전문·과학·기술,2018,9.48,4.14,2.29
서울,사업시설·지원,2018,6.96,3.73,1.87
서울,공공행정,2018,4.08,6.29,0.65
서울,교육,2018,4.35,4.74,0.92
서울,보건·사회복지,2018,5.08,4.99,1.02
서울,예술·스포츠·여가,2018,1.23,1.08,1.14
서울,협회·수리·개인,2018,1.78,1.43,1.24
서울,농림어업,2019,0.09,1.65,0.05
서울,광업,2019,0.0,0.11,0.02
서울,음식료품·담배,2019,0.14,1.38,0.1
서울,섬유·의복·가죽,2019,1.69,0.94,1.8
서울,목재·종이·인쇄,2019,0.55,0.78,0.7
서울,석탄·석유·화학,2019,0.38,5.17,0.07
서울,비금속·금속,2019,0.24,4.36,0.06
서울,전기·전자·정밀기기,2019,1.41,9.41,0.15
서울,기계·운송장비·기타,2019,0.61,6.59,0.09
서울,전기·가스,2019,0.4,1.38,0.29
서울,수도·폐기물,2019,0.23,0.7,0.32
서울,건설업,2019,3.45,5.77,0.6
서울,도소매,2019,18.15,9.47,1.92
서울,운수·창고,2019,2.85,3.66,0.78
서울,숙박·음식점,2019,3.01,2.72,1.11
서울,정보통신업,2019,10.97,4.59,2.39
서울,금융 및 보험업,2019,11.14,5.48,2.03
서울,부동산업,2019,11.01,8.14,1.35
서울,전문·과학·기술,2019,9.63,4.41,2.18
서울,사업시설·지원,2019,7.2,3.89,1.85
서울,공공행정,2019,4.03,6.57,0.61
서울,교육,2019,4.37,4.83,0.9
서울,보건·사회복지,2019,5.41,5.43,1.0
서울,예술·스포츠·여가,2019,1.26,1.12,1.12
서울,협회·수리·개인,2019,1.79,1.45,1.24
서울,농림어업,2020,0.09,1.73,0.05
서울,광업,2020,0.0,0.1,0.02
서울,음식료품·담배,2020,0.14,1.44,0.1
서울,섬유·의복·가죽,2020,1.5,0.91,1.64
서울,목재·종이·인쇄,2020,0.42,0.75,0.56
서울,석탄·석유·화학,2020,0.45,4.85,0.09
서울,비금속·금속,2020,0.21,4.06,0.05
서울,전기·전자·정밀기기,2020,1.29,9.6,0.13
서울,기계·운송장비·기타,2020,0.57,6.33,0.09
서울,전기·가스,2020,0.51,1.71,0.3
서울,수도·폐기물,2020,0.22,0.75,0.3
서울,건설업,2020,3.51,5.82,0.6
서울,도소매,2020,17.5,9.24,1.89
서울,운수·창고,2020,2.46,3.39,0.73
서울,숙박·음식점,2020,2.33,2.22,1.05
서울,정보통신업,2020,11.49,4.83,2.38
서울,금융 및 보험업,2020,12.4,5.8,2.14
서울,부동산업,2020,11.44,8.5,1.35
서울,전문·과학·기술,2020,10.14,4.72,2.15
서울,사업시설·지원,2020,6.53,3.64,1.8
서울,공공행정,2020,4.11,6.85,0.6
서울,교육,2020,4.31,4.79,0.9
서울,보건·사회복지,2020,5.66,5.64,1.0
서울,예술·스포츠·여가,2020,1.01,0.95,1.05
서울,협회·수리·개인,2020,1.7,1.36,1.25
서울,농림어업,2021,0.09,1.81,0.05
서울,광업,2021,0.0,0.1,0.02
서울,음식료품·담배,2021,0.13,1.35,0.1
서울,섬유·의복·가죽,2021,1.41,0.8,1.76
서울,목재·종이·인쇄,2021,0.4,0.74,0.54
서울,석탄·석유·화학,2021,0.46,5.57,0.08
서울,비금속·금속,2021,0.21,4.52,0.05
서울,전기·전자·정밀기기,2021,1.28,9.92,0.13
서울,기계·운송장비·기타,2021,0.55,5.7,0.1
서울,전기·가스,2021,0.27,1.2,0.22
서울,수도·폐기물,2021,0.21,0.71,0.3
서울,건설업,2021,3.15,5.56,0.57
서울,도소매,2021,17.16,9.08,1.89
서울,운수·창고,2021,3.03,3.93,0.77
서울,숙박·음식점,2021,2.27,2.18,1.04
서울,정보통신업,2021,12.36,5.14,2.41
서울,금융 및 보험업,2021,13.43,6.08,2.21
서울,부동산업,2021,10.47,7.97,1.31
서울,전문·과학·기술,2021,10.45,4.84,2.16
서울,사업시설·지원,2021,5.94,3.34,1.78
서울,공공행정,2021,4.02,6.77,0.59
서울,교육,2021,4.34,4.74,0.92
서울,보건·사회복지,2021,5.69,5.64,1.01
서울,예술·스포츠·여가,2021,1.07,1.03,1.04
서울,협회·수리·개인,2021,1.61,1.27,1.26
서울,농림어업,2022,0.07,1.58,0.04
서울,광업,2022,0.0,0.09,0.03
서울,음식료품·담배,2022,0.14,1.39,0.1
서울,섬유·의복·가죽,2022,1.42,0.8,1.77
서울,목재·종이·인쇄,2022,0.41,0.76,0.54
서울,석탄·석유·화학,2022,0.36,5.68,0.06
서울,비금속·금속,2022,0.2,4.46,0.04
서울,전기·전자·정밀기기,2022,1.17,9.65,0.12
서울,기계·운송장비·기타,2022,0.48,6.02,0.08
서울,전기·가스,2022,-0.22,0.15,-1.54
서울,수도·폐기물,2022,0.24,0.7,0.33
서울,건설업,2022,2.95,5.66,0.52
서울,도소매,2022,17.52,9.16,1.91
서울,운수·창고,2022,3.53,4.35,0.81
서울,숙박·음식점,2022,2.69,2.57,1.05
서울,정보통신업,2022,12.1,4.95,2.44
서울,금융 및 보험업,2022,13.76,6.37,2.16
서울,부동산업,2022,9.56,7.39,1.29
서울,전문·과학·기술,2022,10.61,4.96,2.14
서울,사업시설·지원,2022,5.96,3.39,1.76
서울,공공행정,2022,4.03,6.93,0.58
서울,교육,2022,4.36,4.77,0.91
서울,보건·사회복지,2022,5.76,5.79,1.0
서울,예술·스포츠·여가,2022,1.28,1.13,1.13
서울,협회·수리·개인,2022,1.65,1.31,1.26
서울,농림어업,2023,0.09,1.56,0.06
서울,광업,2023,0.0,0.1,0.01
서울,음식료품·담배,2023,0.15,1.46,0.1
서울,섬유·의복·가죽,2023,1.35,0.77,1.75
서울,목재·종이·인쇄,2023,0.36,0.74,0.49
서울,석탄·석유·화학,2023,0.33,5.25,0.06
서울,비금속·금속,2023,0.2,4.47,0.04
서울,전기·전자·정밀기기,2023,1.12,8.08,0.14
서울,기계·운송장비·기타,2023,0.44,6.63,0.07
서울,전기·가스,2023,0.17,1.29,0.14
서울,수도·폐기물,2023,0.23,0.67,0.35
서울,건설업,2023,2.96,5.56,0.53
서울,도소매,2023,16.82,8.89,1.89
서울,운수·창고,2023,3.5,4.34,0.81
서울,숙박·음식점,2023,3.01,2.75,1.09
서울,정보통신업,2023,12.07,4.98,2.42
서울,금융 및 보험업,2023,12.95,6.18,2.09
서울,부동산업,2023,9.4,7.22,1.3
서울,전문·과학·기술,2023,11.25,5.28,2.13
서울,사업시설·지원,2023,6.4,3.63,1.76
서울,공공행정,2023,3.95,6.94,0.57
서울,교육,2023,4.28,4.75,0.9
서울,보건·사회복지,2023,5.79,5.81,1.0
서울,예술·스포츠·여가,2023,1.4,1.23,1.13
서울,협회·수리·개인,2023,1.79,1.42,1.26
서울,농림어업,2024,0.11,1.58,0.07
서울,광업,2024,0.0,0.09,0.02
서울,음식료품·담배,2024,0.16,1.46,0.11
서울,섬유·의복·가죽,2024,1.33,0.72,1.84
서울,목재·종이·인쇄,2024,0.34,0.68,0.49
서울,석탄·석유·화학,2024,0.33,5.06,0.06
서울,비금속·금속,2024,0.19,4.29,0.04
서울,전기·전자·정밀기기,2024,1.17,9.46,0.12
서울,기계·운송장비·기타,2024,0.49,6.97,0.07
서울,전기·가스,2024,0.44,2.0,0.22
서울,수도·폐기물,2024,0.22,0.62,0.35
서울,건설업,2024,3.05,5.19,0.59
서울,도소매,2024,16.46,8.55,1.92
서울,운수·창고,2024,3.46,4.26,0.81
서울,숙박·음식점,2024,3.04,2.71,1.12
서울,정보통신업,2024,12.05,4.89,2.46
서울,금융 및 보험업,2024,12.89,5.87,2.19
서울,부동산업,2024,9.55,7.07,1.35
서울,전문·과학·기술,2024,11.03,5.05,2.18
서울,사업시설·지원,2024,6.4,3.52,1.82
서울,공공행정,2024,4.02,6.91,0.58
서울,교육,2024,4.28,4.64,0.92
서울,보건·사회복지,2024,5.78,5.79,1.0
서울,예술·스포츠·여가,2024,1.39,1.21,1.16
서울,협회·수리·개인,2024,1.82,1.42,1.28
세종,농림어업,2014,2.41,2.12,1.13
세종,광업,2014,0.28,0.15,1.92
세종,음식료품·담배,2014,2.34,1.32,1.77
세종,섬유·의복·가죽,2014,0.47,1.31,0.36
세종,목재·종이·인쇄,2014,2.58,0.85,3.03
세종,석탄·석유·화학,2014,6.02,5.74,1.05
세종,비금속·금속,2014,4.81,5.15,0.93
세종,전기·전자·정밀기기,2014,10.14,9.15,1.11
세종,기계·운송장비·기타,2014,2.17,7.16,0.3
세종,전기·가스,2014,0.83,1.95,0.43
세종,수도·폐기물,2014,0.37,0.56,0.67
세종,건설업,2014,18.95,4.77,3.97
세종,도소매,2014,2.07,10.06,0.21
세종,운수·창고,2014,1.12,3.77,0.3
세종,숙박·음식점,2014,1.91,2.4,0.8
세종,정보통신업,2014,2.08,4.46,0.47
세종,금융 및 보험업,2014,2.27,5.51,0.41
세종,부동산업,2014,6.87,7.86,0.87
세종,전문·과학·기술,2014,2.44,4.04,0.6
세종,사업시설·지원,2014,1.51,3.36,0.45
세종,공공행정,2014,20.29,6.17,3.29
세종,교육,2014,5.19,5.08,1.02
세종,보건·사회복지,2014,1.63,4.41,0.37
세종,예술·스포츠·여가,2014,0.2,1.08,0.19
세종,협회·수리·개인,2014,1.07,1.57,0.68
세종,농림어업,2015,2.05,2.07,0.99
세종,광업,2015,0.28,0.14,2.05
세종,음식료품·담배,2015,2.42,1.35,1.79
세종,섬유·의복·가죽,2015,0.19,1.18,0.16
세종,목재·종이·인쇄,2015,2.44,0.84,2.92
세종,석탄·석유·화학,2015,7.51,5.83,1.29
세종,비금속·금속,2015,3.89,4.89,0.8
세종,전기·전자·정밀기기,2015,7.96,8.91,0.89
세종,기계·운송장비·기타,2015,2.22,7.2,0.31
세종,전기·가스,2015,0.97,2.19,0.44
세종,수도·폐기물,2015,0.43,0.59,0.71
세종,건설업,2015,16.24,5.04,3.22
세종,도소매,2015,2.16,9.82,0.22
세종,운수·창고,2015,1.17,4.09,0.29
세종,숙박·음식점,2015,2.15,2.48,0.87
세종,정보통신업,2015,1.83,4.41,0.41
세종,금융 및 보험업,2015,2.3,5.46,0.42
세종,부동산업,2015,6.87,7.86,0.87
세종,전문·과학·기술,2015,2.43,4.16,0.58
세종,사업시설·지원,2015,1.66,3.46,0.48
세종,공공행정,2015,23.95,6.09,3.93
세종,교육,2015,5.85,4.97,1.18
세종,보건·사회복지,2015,1.65,4.46,0.37
세종,예술·스포츠·여가,2015,0.4,1.03,0.39
세종,협회·수리·개인,2015,0.98,1.5,0.65
세종,농림어업,2016,2.36,1.91,1.23
세종,광업,2016,0.28,0.15,1.85
세종,음식료품·담배,2016,2.2,1.35,1.63
세종,섬유·의복·가죽,2016,0.18,1.12,0.16
세종,목재·종이·인쇄,2016,2.42,0.87,2.8
세종,석탄·석유·화학,2016,6.6,5.82,1.13
세종,비금속·금속,2016,3.43,4.79,0.72
세종,전기·전자·정밀기기,2016,6.53,8.92,0.73
세종,기계·운송장비·기타,2016,2.14,7.05,0.3
세종,전기·가스,2016,1.03,2.17,0.47
세종,수도·폐기물,2016,0.5,0.65,0.78
세종,건설업,2016,16.56,5.47,3.03
세종,도소매,2016,2.49,9.8,0.25
세종,운수·창고,2016,1.39,3.91,0.36
세종,숙박·음식점,2016,2.21,2.58,0.86
세종,정보통신업,2016,1.78,4.51,0.39
세종,금융 및 보험업,2016,2.51,5.26,0.48
세종,부동산업,2016,8.63,7.98,1.08
세종,전문·과학·기술,2016,2.57,4.09,0.63
세종,사업시설·지원,2016,1.54,3.49,0.44
세종,공공행정,2016,23.31,6.08,3.84
세종,교육,2016,6.01,4.85,1.24
세종,보건·사회복지,2016,1.84,4.6,0.4
세종,예술·스포츠·여가,2016,0.46,1.05,0.43
세종,협회·수리·개인,2016,1.02,1.52,0.67
세종,농림어업,2017,2.74,1.89,1.45
세종,광업,2017,0.2,0.15,1.34
세종,음식료품·담배,2017,2.07,1.33,1.55
세종,섬유·의복·가죽,2017,0.14,1.02,0.14
세종,목재·종이·인쇄,2017,2.25,0.77,2.91
세종,석탄·석유·화학,2017,6.13,5.75,1.07
세종,비금속·금속,2017,3.12,4.69,0.67
세종,전기·전자·정밀기기,2017,6.63,10.15,0.65
세종,기계·운송장비·기타,2017,1.93,6.78,0.29
세종,전기·가스,2017,1.91,1.81,1.06
세종,수도·폐기물,2017,0.51,0.62,0.82
세종,건설업,2017,15.11,5.78,2.62
세종,도소매,2017,2.58,9.66,0.27
세종,운수·창고,2017,1.4,3.69,0.38
세종,숙박·음식점,2017,2.18,2.54,0.86
세종,정보통신업,2017,1.7,4.44,0.38
세종,금융 및 보험업,2017,3.03,5.4,0.56
세종,부동산업,2017,8.27,7.94,1.04
세종,전문·과학·기술,2017,2.41,4.02,0.6
세종,사업시설·지원,2017,1.79,3.54,0.5
세종,공공행정,2017,24.27,6.12,3.97
세종,교육,2017,6.2,4.71,1.31
세종,보건·사회복지,2017,1.96,4.74,0.41
세종,예술·스포츠·여가,2017,0.45,1.0,0.45
세종,협회·수리·개인,2017,0.99,1.46,0.68
세종,농림어업,2018,1.33,1.75,0.76
세종,광업,2018,0.15,0.12,1.21
세종,음식료품·담배,2018,1.82,1.35,1.34
세종,섬유·의복·가죽,2018,0.12,0.97,0.12
세종,목재·종이·인쇄,2018,2.08,0.82,2.54
세종,석탄·석유·화학,2018,6.13,5.46,1.12
세종,비금속·금속,2018,3.04,4.48,0.68
세종,전기·전자·정밀기기,2018,6.43,10.64,0.6
세종,기계·운송장비·기타,2018,1.98,6.5,0.3
세종,전기·가스,2018,1.7,1.38,1.23
세종,수도·폐기물,2018,0.63,0.67,0.95
세종,건설업,2018,14.19,5.73,2.48
세종,도소매,2018,2.4,9.53,0.25
세종,운수·창고,2018,1.52,3.55,0.43
세종,숙박·음식점,2018,1.77,2.59,0.68
세종,정보통신업,2018,1.68,4.47,0.38
세종,금융 및 보험업,2018,3.37,5.59,0.6
세종,부동산업,2018,8.65,8.03,1.08
세종,전문·과학·기술,2018,2.52,4.14,0.61
세종,사업시설·지원,2018,2.15,3.73,0.58
세종,공공행정,2018,25.68,6.29,4.08
세종,교육,2018,6.65,4.74,1.4
세종,보건·사회복지,2018,2.31,4.99,0.46
세종,예술·스포츠·여가,2018,0.57,1.08,0.52
세종,협회·수리·개인,2018,1.13,1.43,0.79
세종,농림어업,2019,1.21,1.65,0.73
세종,광업,2019,0.12,0.11,1.1
세종,음식료품·담배,2019,1.84,1.38,1.33
세종,섬유·의복·가죽,2019,0.34,0.94,0.36
세종,목재·종이·인쇄,2019,1.92,0.78,2.45
세종,석탄·석유·화학,2019,5.71,5.17,1.11
세종,비금속·금속,2019,2.75,4.36,0.63
세종,전기·전자·정밀기기,2019,6.43,9.41,0.68
세종,기계·운송장비·기타,2019,1.86,6.59,0.28
세종,전기·가스,2019,1.51,1.38,1.09
세종,수도·폐기물,2019,0.66,0.7,0.95
세종,건설업,2019,12.67,5.77,2.19
세종,도소매,2019,2.51,9.47,0.26
세종,운수·창고,2019,1.53,3.66,0.42
세종,숙박·음식점,2019,2.14,2.72,0.79
세종,정보통신업,2019,1.63,4.59,0.36
세종,금융 및 보험업,2019,3.36,5.48,0.61
세종,부동산업,2019,8.81,8.14,1.08
세종,전문·과학·기술,2019,2.67,4.41,0.61
세종,사업시설·지원,2019,1.95,3.89,0.5
세종,공공행정,2019,27.17,6.57,4.13
세종,교육,2019,6.8,4.83,1.41
세종,보건·사회복지,2019,2.64,5.43,0.49
세종,예술·스포츠·여가,2019,0.66,1.12,0.59
세종,협회·수리·개인,2019,1.13,1.45,0.78
세종,농림어업,2020,1.09,1.73,0.63
세종,광업,2020,0.13,0.1,1.31
세종,음식료품·담배,2020,1.95,1.44,1.35
세종,섬유·의복·가죽,2020,0.24,0.91,0.26
세종,목재·종이·인쇄,2020,1.72,0.75,2.29
세종,석탄·석유·화학,2020,6.81,4.85,1.41
세종,비금속·금속,2020,2.73,4.06,0.67
세종,전기·전자·정밀기기,2020,7.52,9.6,0.78
세종,기계·운송장비·기타,2020,1.63,6.33,0.26
세종,전기·가스,2020,2.0,1.71,1.17
세종,수도·폐기물,2020,0.78,0.75,1.04
세종,건설업,2020,10.31,5.82,1.77
세종,도소매,2020,2.62,9.24,0.28
세종,운수·창고,2020,1.45,3.39,0.43
세종,숙박·음식점,2020,1.74,2.22,0.78
세종,정보통신업,2020,1.58,4.83,0.33
세종,금융 및 보험업,2020,3.34,5.8,0.58
세종,부동산업,2020,8.89,8.5,1.05
세종,전문·과학·기술,2020,2.64,4.72,0.56
세종,사업시설·지원,2020,1.9,3.64,0.52
세종,공공행정,2020,27.73,6.85,4.05
세종,교육,2020,6.89,4.79,1.44
세종,보건·사회복지,2020,2.83,5.64,0.5
세종,예술·스포츠·여가,2020,0.65,0.95,0.68
세종,협회·수리·개인,2020,0.83,1.36,0.61
세종,농림어업,2021,1.2,1.81,0.66
세종,광업,2021,0.12,0.1,1.21
세종,음식료품·담배,2021,1.71,1.35,1.26
세종,섬유·의복·가죽,2021,0.2,0.8,0.25
세종,목재·종이·인쇄,2021,1.66,0.74,2.24
세종,석탄·석유·화학,2021,6.75,5.57,1.21
세종,비금속·금속,2021,2.53,4.52,0.56
세종,전기·전자·정밀기기,2021,7.74,9.92,0.78
세종,기계·운송장비·기타,2021,1.47,5.7,0.26
세종,전기·가스,2021,1.17,1.2,0.97
세종,수도·폐기물,2021,0.72,0.71,1.02
세종,건설업,2021,9.03,5.56,1.63
세종,도소매,2021,2.59,9.08,0.29
세종,운수·창고,2021,1.52,3.93,0.39
세종,숙박·음식점,2021,1.82,2.18,0.83
세종,정보통신업,2021,1.51,5.14,0.29
세종,금융 및 보험업,2021,3.49,6.08,0.57
세종,부동산업,2021,9.29,7.97,1.17
세종,전문·과학·기술,2021,3.56,4.84,0.73
세종,사업시설·지원,2021,1.76,3.34,0.53
세종,공공행정,2021,28.59,6.77,4.23
세종,교육,2021,6.69,4.74,1.41
세종,보건·사회복지,2021,3.27,5.64,0.58
세종,예술·스포츠·여가,2021,0.76,1.03,0.73
세종,협회·수리·개인,2021,0.84,1.27,0.66
세종,농림어업,2022,0.98,1.58,0.62
세종,광업,2022,0.14,0.09,1.51
세종,음식료품·담배,2022,1.76,1.39,1.27
세종,섬유·의복·가죽,2022,0.19,0.8,0.23
세종,목재·종이·인쇄,2022,1.7,0.76,2.26
세종,석탄·석유·화학,2022,6.75,5.68,1.19
세종,비금속·금속,2022,2.69,4.46,0.6
세종,전기·전자·정밀기기,2022,7.66,9.65,0.79
세종,기계·운송장비·기타,2022,1.6,6.02,0.27
세종,전기·가스,2022,0.36,0.15,2.47
세종,수도·폐기물,2022,0.75,0.7,1.07
세종,건설업,2022,9.27,5.66,1.64
세종,도소매,2022,2.46,9.16,0.27
세종,운수·창고,2022,1.62,4.35,0.37
세종,숙박·음식점,2022,2.05,2.57,0.8
세종,정보통신업,2022,1.52,4.95,0.31
세종,금융 및 보험업,2022,3.98,6.37,0.62
세종,부동산업,2022,7.37,7.39,1.0
세종,전문·과학·기술,2022,3.47,4.96,0.7
세종,사업시설·지원,2022,1.99,3.39,0.59
세종,공공행정,2022,29.41,6.93,4.24
세종,교육,2022,7.0,4.77,1.47
세종,보건·사회복지,2022,3.57,5.79,0.62
세종,예술·스포츠·여가,2022,0.85,1.13,0.75
세종,협회·수리·개인,2022,0.87,1.31,0.66
세종,농림어업,2023,0.82,1.56,0.53
세종,광업,2023,0.18,0.1,1.71
세종,음식료품·담배,2023,1.95,1.46,1.34
세종,섬유·의복·가죽,2023,0.22,0.77,0.29
세종,목재·종이·인쇄,2023,1.81,0.74,2.45
세종,석탄·석유·화학,2023,6.78,5.25,1.29
세종,비금속·금속,2023,2.85,4.47,0.64
세종,전기·전자·정밀기기,2023,5.6,8.08,0.69
세종,기계·운송장비·기타,2023,1.55,6.63,0.23
세종,전기·가스,2023,1.86,1.29,1.44
세종,수도·폐기물,2023,0.74,0.67,1.11
세종,건설업,2023,8.87,5.56,1.6
세종,도소매,2023,2.57,8.89,0.29
세종,운수·창고,2023,1.77,4.34,0.41
세종,숙박·음식점,2023,2.12,2.75,0.77
세종,정보통신업,2023,1.57,4.98,0.32
세종,금융 및 보험업,2023,3.72,6.18,0.6
세종,부동산업,2023,6.83,7.22,0.95
세종,전문·과학·기술,2023,3.45,5.28,0.65
세종,사업시설·지원,2023,2.08,3.63,0.57
세종,공공행정,2023,30.17,6.94,4.35
세종,교육,2023,6.99,4.75,1.47
세종,보건·사회복지,2023,3.61,5.81,0.62
세종,예술·스포츠·여가,2023,0.96,1.23,0.78
세종,협회·수리·개인,2023,0.95,1.42,0.67
세종,농림어업,2024,0.83,1.58,0.53
세종,광업,2024,0.15,0.09,1.71
세종,음식료품·담배,2024,2.02,1.46,1.39
세종,섬유·의복·가죽,2024,0.21,0.72,0.29
세종,목재·종이·인쇄,2024,1.7,0.68,2.48
세종,석탄·석유·화학,2024,6.55,5.06,1.29
세종,비금속·금속,2024,2.83,4.29,0.66
세종,전기·전자·정밀기기,2024,6.82,9.46,0.72
세종,기계·운송장비·기타,2024,1.71,6.97,0.25
세종,전기·가스,2024,2.27,2.0,1.14
세종,수도·폐기물,2024,0.69,0.62,1.1
세종,건설업,2024,7.48,5.19,1.44
세종,도소매,2024,2.63,8.55,0.31
세종,운수·창고,2024,1.86,4.26,0.44
세종,숙박·음식점,2024,2.16,2.71,0.8
세종,정보통신업,2024,1.68,4.89,0.34
세종,금융 및 보험업,2024,3.41,5.87,0.58
세종,부동산업,2024,6.45,7.07,0.91
세종,전문·과학·기술,2024,3.63,5.05,0.72
세종,사업시설·지원,2024,1.89,3.52,0.54
세종,공공행정,2024,30.04,6.91,4.35
세종,교육,2024,7.11,4.64,1.53
세종,보건·사회복지,2024,3.93,5.79,0.68
세종,예술·스포츠·여가,2024,0.96,1.21,0.79
세종,협회·수리·개인,2024,1.01,1.42,0.71
울산,농림어업,2014,0.28,2.12,0.13
울산,광업,2014,0.22,0.15,1.48
울산,음식료품·담배,2014,0.35,1.32,0.27
울산,섬유·의복·가죽,2014,0.36,1.31,0.27
울산,목재·종이·인쇄,2014,0.72,0.85,0.84
울산,석탄·석유·화학,2014,29.31,5.74,5.11
울산,비금속·금속,2014,8.34,5.15,1.62
울산,전기·전자·정밀기기,2014,2.65,9.15,0.29
울산,기계·운송장비·기타,2014,24.28,7.16,3.39
울산,전기·가스,2014,1.67,1.95,0.86
울산,수도·폐기물,2014,0.49,0.56,0.87
울산,건설업,2014,3.8,4.77,0.8
울산,도소매,2014,3.31,10.06,0.33
울산,운수·창고,2014,3.67,3.77,0.97
울산,숙박·음식점,2014,1.54,2.4,0.64
울산,정보통신업,2014,0.95,4.46,0.21
울산,금융 및 보험업,2014,2.31,5.51,0.42
울산,부동산업,2014,3.64,7.86,0.46
울산,전문·과학·기술,2014,1.68,4.04,0.42
울산,사업시설·지원,2014,1.92,3.36,0.57
울산,공공행정,2014,2.01,6.17,0.33
울산,교육,2014,3.2,5.08,0.63
울산,보건·사회복지,2014,2.24,4.41,0.51
울산,예술·스포츠·여가,2014,0.38,1.08,0.35
울산,협회·수리·개인,2014,0.7,1.57,0.44
울산,농림어업,2015,0.25,2.07,0.12
울산,광업,2015,0.16,0.14,1.12
울산,음식료품·담배,2015,0.35,1.35,0.26
울산,섬유·의복·가죽,2015,0.32,1.18,0.27
울산,목재·종이·인쇄,2015,0.67,0.84,0.81
울산,석탄·석유·화학,2015,28.07,5.83,4.81
울산,비금속·금속,2015,8.06,4.89,1.65
울산,전기·전자·정밀기기,2015,2.6,8.91,0.29
울산,기계·운송장비·기타,2015,24.7,7.2,3.43
울산,전기·가스,2015,1.96,2.19,0.9
울산,수도·폐기물,2015,0.52,0.59,0.87
울산,건설업,2015,3.89,5.04,0.77
울산,도소매,2015,3.15,9.82,0.32
울산,운수·창고,2015,4.08,4.09,1.0
울산,숙박·음식점,2015,1.57,2.48,0.63
울산,정보통신업,2015,0.89,4.41,0.2
울산,금융 및 보험업,2015,2.22,5.46,0.41
울산,부동산업,2015,3.78,7.86,0.48
울산,전문·과학·기술,2015,2.08,4.16,0.5
울산,사업시설·지원,2015,2.02,3.46,0.58
울산,공공행정,2015,2.12,6.09,0.35
울산,교육,2015,3.22,4.97,0.65
울산,보건·사회복지,2015,2.3,4.46,0.52
울산,예술·스포츠·여가,2015,0.37,1.03,0.36
울산,협회·수리·개인,2015,0.66,1.5,0.44
울산,농림어업,2016,0.22,1.91,0.11
울산,광업,2016,0.16,0.15,1.03
울산,음식료품·담배,2016,0.35,1.35,0.26
울산,섬유·의복·가죽,2016,0.3,1.12,0.27
울산,목재·종이·인쇄,2016,0.72,0.87,0.83
울산,석탄·석유·화학,2016,29.31,5.82,5.03
울산,비금속·금속,2016,8.33,4.79,1.74
울산,전기·전자·정밀기기,2016,2.39,8.92,0.27
울산,기계·운송장비·기타,2016,22.73,7.05,3.22
울산,전기·가스,2016,2.01,2.17,0.93
울산,수도·폐기물,2016,0.57,0.65,0.88
울산,건설업,2016,4.55,5.47,0.83
울산,도소매,2016,3.34,9.8,0.34
울산,운수·창고,2016,2.96,3.91,0.76
울산,숙박·음식점,2016,1.73,2.58,0.67
울산,정보통신업,2016,0.98,4.51,0.22
울산,금융 및 보험업,2016,2.21,5.26,0.42
울산,부동산업,2016,4.04,7.98,0.51
울산,전문·과학·기술,2016,1.85,4.09,0.45
울산,사업시설·지원,2016,2.15,3.49,0.62
울산,공공행정,2016,2.26,6.08,0.37
울산,교육,2016,3.25,4.85,0.67
울산,보건·사회복지,2016,2.5,4.6,0.54
울산,예술·스포츠·여가,2016,0.4,1.05,0.38
울산,협회·수리·개인,2016,0.71,1.52,0.47
울산,농림어업,2017,0.29,1.89,0.15
울산,광업,2017,0.15,0.15,1.01
울산,음식료품·담배,2017,0.31,1.33,0.23
울산,섬유·의복·가죽,2017,0.28,1.02,0.27
울산,목재·종이·인쇄,2017,0.63,0.77,0.82
울산,석탄·석유·화학,2017,30.64,5.75,5.33
울산,비금속·금속,2017,7.83,4.69,1.67
울산,전기·전자·정밀기기,2017,2.32,10.15,0.23
울산,기계·운송장비·기타,2017,20.47,6.78,3.02
울산,전기·가스,2017,2.76,1.81,1.53
울산,수도·폐기물,2017,0.5,0.62,0.81
울산,건설업,2017,5.96,5.78,1.03
울산,도소매,2017,3.27,9.66,0.34
울산,운수·창고,2017,2.75,3.69,0.75
울산,숙박·음식점,2017,1.71,2.54,0.67
울산,정보통신업,2017,0.96,4.44,0.22
울산,금융 및 보험업,2017,2.38,5.4,0.44
울산,부동산업,2017,3.96,7.94,0.5
울산,전문·과학·기술,2017,1.64,4.02,0.41
울산,사업시설·지원,2017,1.9,3.54,0.54
울산,공공행정,2017,2.41,6.12,0.39
울산,교육,2017,3.19,4.71,0.68
울산,보건·사회복지,2017,2.6,4.74,0.55
울산,예술·스포츠·여가,2017,0.4,1.0,0.4
울산,협회·수리·개인,2017,0.69,1.46,0.48
울산,농림어업,2018,0.22,1.75,0.13
울산,광업,2018,0.16,0.12,1.27
울산,음식료품·담배,2018,0.36,1.35,0.26
울산,섬유·의복·가죽,2018,0.36,0.97,0.38
울산,목재·종이·인쇄,2018,0.7,0.82,0.85
울산,석탄·석유·화학,2018,29.29,5.46,5.37
울산,비금속·금속,2018,8.13,4.48,1.82
울산,전기·전자·정밀기기,2018,2.55,10.64,0.24
울산,기계·운송장비·기타,2018,21.6,6.5,3.32
울산,전기·가스,2018,1.67,1.38,1.21
울산,수도·폐기물,2018,0.57,0.67,0.86
울산,건설업,2018,5.46,5.73,0.95
울산,도소매,2018,3.31,9.53,0.35
울산,운수·창고,2018,2.71,3.55,0.76
울산,숙박·음식점,2018,1.85,2.59,0.71
울산,정보통신업,2018,0.99,4.47,0.22
울산,금융 및 보험업,2018,2.48,5.59,0.44
울산,부동산업,2018,3.96,8.03,0.49
울산,전문·과학·기술,2018,1.71,4.14,0.41
울산,사업시설·지원,2018,2.02,3.73,0.54
울산,공공행정,2018,2.61,6.29,0.41
울산,교육,2018,3.32,4.74,0.7
울산,보건·사회복지,2018,2.82,4.99,0.57
울산,예술·스포츠·여가,2018,0.44,1.08,0.4
울산,협회·수리·개인,2018,0.72,1.43,0.5
울산,농림어업,2019,0.19,1.65,0.12
울산,광업,2019,0.13,0.11,1.13
울산,음식료품·담배,2019,0.36,1.38,0.26
울산,섬유·의복·가죽,2019,0.47,0.94,0.5
울산,목재·종이·인쇄,2019,0.61,0.78,0.78
울산,석탄·석유·화학,2019,25.47,5.17,4.93
울산,비금속·금속,2019,8.2,4.36,1.88
울산,전기·전자·정밀기기,2019,2.72,9.41,0.29
울산,기계·운송장비·기타,2019,24.32,6.59,3.69
울산,전기·가스,2019,2.5,1.38,1.81
울산,수도·폐기물,2019,0.59,0.7,0.84
울산,건설업,2019,4.47,5.77,0.77
울산,도소매,2019,3.3,9.47,0.35
울산,운수·창고,2019,2.77,3.66,0.76
울산,숙박·음식점,2019,1.76,2.72,0.65
울산,정보통신업,2019,1.05,4.59,0.23
울산,금융 및 보험업,2019,2.41,5.48,0.44
울산,부동산업,2019,3.82,8.14,0.47
울산,전문·과학·기술,2019,1.83,4.41,0.41
울산,사업시설·지원,2019,2.2,3.89,0.57
울산,공공행정,2019,2.97,6.57,0.45
울산,교육,2019,3.46,4.83,0.72
울산,보건·사회복지,2019,3.17,5.43,0.58
울산,예술·스포츠·여가,2019,0.5,1.12,0.44
울산,협회·수리·개인,2019,0.76,1.45,0.52
울산,농림어업,2020,0.23,1.73,0.13
울산,광업,2020,0.09,0.1,0.92
울산,음식료품·담배,2020,0.39,1.44,0.27
울산,섬유·의복·가죽,2020,0.55,0.91,0.6
울산,목재·종이·인쇄,2020,0.56,0.75,0.74
울산,석탄·석유·화학,2020,19.86,4.85,4.1
울산,비금속·금속,2020,8.41,4.06,2.07
울산,전기·전자·정밀기기,2020,3.23,9.6,0.34
울산,기계·운송장비·기타,2020,24.62,6.33,3.89
울산,전기·가스,2020,3.64,1.71,2.13
울산,수도·폐기물,2020,0.7,0.75,0.94
울산,건설업,2020,4.6,5.82,0.79
울산,도소매,2020,3.6,9.24,0.39
울산,운수·창고,2020,3.14,3.39,0.93
울산,숙박·음식점,2020,1.55,2.22,0.7
울산,정보통신업,2020,1.17,4.83,0.24
울산,금융 및 보험업,2020,2.68,5.8,0.46
울산,부동산업,2020,4.41,8.5,0.52
울산,전문·과학·기술,2020,2.12,4.72,0.45
울산,사업시설·지원,2020,2.4,3.64,0.66
울산,공공행정,2020,3.46,6.85,0.51
울산,교육,2020,3.65,4.79,0.76
울산,보건·사회복지,2020,3.65,5.64,0.65
울산,예술·스포츠·여가,2020,0.51,0.95,0.53
울산,협회·수리·개인,2020,0.77,1.36,0.56
울산,농림어업,2021,0.24,1.81,0.13
울산,광업,2021,0.06,0.1,0.63
울산,음식료품·담배,2021,0.33,1.35,0.24
울산,섬유·의복·가죽,2021,0.39,0.8,0.49
울산,목재·종이·인쇄,2021,0.58,0.74,0.78
울산,석탄·석유·화학,2021,29.12,5.57,5.23
울산,비금속·금속,2021,8.9,4.52,1.97
울산,전기·전자·정밀기기,2021,3.23,9.92,0.33
울산,기계·운송장비·기타,2021,19.79,5.7,3.47
울산,전기·가스,2021,2.25,1.2,1.88
울산,수도·폐기물,2021,0.58,0.71,0.81
울산,건설업,2021,3.66,5.56,0.66
울산,도소매,2021,3.09,9.08,0.34
울산,운수·창고,2021,4.27,3.93,1.09
울산,숙박·음식점,2021,1.37,2.18,0.63
울산,정보통신업,2021,1.05,5.14,0.2
울산,금융 및 보험업,2021,2.46,6.08,0.4
울산,부동산업,2021,3.89,7.97,0.49
울산,전문·과학·기술,2021,1.99,4.84,0.41
울산,사업시설·지원,2021,1.98,3.34,0.59
울산,공공행정,2021,3.17,6.77,0.47
울산,교육,2021,3.25,4.74,0.68
울산,보건·사회복지,2021,3.26,5.64,0.58
울산,예술·스포츠·여가,2021,0.48,1.03,0.46
울산,협회·수리·개인,2021,0.62,1.27,0.49
울산,농림어업,2022,0.2,1.58,0.13
울산,광업,2022,0.06,0.09,0.63
울산,음식료품·담배,2022,0.31,1.39,0.22
울산,섬유·의복·가죽,2022,0.34,0.8,0.42
울산,목재·종이·인쇄,2022,0.66,0.76,0.87
울산,석탄·석유·화학,2022,31.54,5.68,5.56
울산,비금속·금속,2022,7.99,4.46,1.79
울산,전기·전자·정밀기기,2022,3.69,9.65,0.38
울산,기계·운송장비·기타,2022,20.33,6.02,3.38
울산,전기·가스,2022,0.18,0.15,1.22
울산,수도·폐기물,2022,0.52,0.7,0.74
울산,건설업,2022,3.92,5.66,0.69
울산,도소매,2022,2.93,9.16,0.32
울산,운수·창고,2022,4.71,4.35,1.08
울산,숙박·음식점,2022,1.46,2.57,0.57
울산,정보통신업,2022,0.96,4.95,0.19
울산,금융 및 보험업,2022,2.51,6.37,0.39
울산,부동산업,2022,3.52,7.39,0.48
울산,전문·과학·기술,2022,1.98,4.96,0.4
울산,사업시설·지원,2022,1.83,3.39,0.54
울산,공공행정,2022,3.14,6.93,0.45
울산,교육,2022,3.05,4.77,0.64
울산,보건·사회복지,2022,3.14,5.79,0.54
울산,예술·스포츠·여가,2022,0.42,1.13,0.37
울산,협회·수리·개인,2022,0.61,1.31,0.46
울산,농림어업,2023,0.18,1.56,0.11
울산,광업,2023,0.04,0.1,0.34
울산,음식료품·담배,2023,0.34,1.46,0.23
울산,섬유·의복·가죽,2023,0.35,0.77,0.45
울산,목재·종이·인쇄,2023,0.6,0.74,0.82
울산,석탄·석유·화학,2023,26.81,5.25,5.11
울산,비금속·금속,2023,7.42,4.47,1.66
울산,전기·전자·정밀기기,2023,4.01,8.08,0.5
울산,기계·운송장비·기타,2023,24.45,6.63,3.69
울산,전기·가스,2023,1.99,1.29,1.54
울산,수도·폐기물,2023,0.49,0.67,0.74
울산,건설업,2023,4.81,5.56,0.87
울산,도소매,2023,2.74,8.89,0.31
울산,운수·창고,2023,3.37,4.34,0.78
울산,숙박·음식점,2023,1.56,2.75,0.57
울산,정보통신업,2023,0.89,4.98,0.18
울산,금융 및 보험업,2023,2.41,6.18,0.39
울산,부동산업,2023,3.31,7.22,0.46
울산,전문·과학·기술,2023,2.1,5.28,0.4
울산,사업시설·지원,2023,1.83,3.63,0.5
울산,공공행정,2023,3.05,6.94,0.44
울산,교육,2023,2.99,4.75,0.63
울산,보건·사회복지,2023,3.14,5.81,0.54
울산,예술·스포츠·여가,2023,0.48,1.23,0.39
울산,협회·수리·개인,2023,0.64,1.42,0.45
울산,농림어업,2024,0.21,1.58,0.13
울산,광업,2024,0.03,0.09,0.38
울산,음식료품·담배,2024,0.35,1.46,0.24
울산,섬유·의복·가죽,2024,0.31,0.72,0.43
울산,목재·종이·인쇄,2024,0.59,0.68,0.86
울산,석탄·석유·화학,2024,24.39,5.06,4.82
울산,비금속·금속,2024,7.35,4.29,1.71
울산,전기·전자·정밀기기,2024,4.52,9.46,0.48
울산,기계·운송장비·기타,2024,25.66,6.97,3.68
울산,전기·가스,2024,3.05,2.0,1.53
울산,수도·폐기물,2024,0.49,0.62,0.78
울산,건설업,2024,4.95,5.19,0.95
울산,도소매,2024,2.64,8.55,0.31
울산,운수·창고,2024,3.06,4.26,0.72
울산,숙박·음식점,2024,1.59,2.71,0.59
울산,정보통신업,2024,0.89,4.89,0.18
울산,금융 및 보험업,2024,2.26,5.87,0.38
울산,부동산업,2024,3.26,7.07,0.46
울산,전문·과학·기술,2024,2.17,5.05,0.43
울산,사업시설·지원,2024,1.83,3.52,0.52
울산,공공행정,2024,3.09,6.91,0.45
울산,교육,2024,3.03,4.64,0.65
울산,보건·사회복지,2024,3.16,5.79,0.55
울산,예술·스포츠·여가,2024,0.49,1.21,0.4
울산,협회·수리·개인,2024,0.65,1.42,0.46
인천,농림어업,2014,0.36,2.12,0.17
인천,광업,2014,0.17,0.15,1.13
인천,음식료품·담배,2014,1.59,1.32,1.2
인천,섬유·의복·가죽,2014,0.42,1.31,0.32
인천,목재·종이·인쇄,2014,1.26,0.85,1.47
인천,석탄·석유·화학,2014,4.54,5.74,0.79
인천,비금속·금속,2014,6.31,5.15,1.23
인천,전기·전자·정밀기기,2014,5.28,9.15,0.58
인천,기계·운송장비·기타,2014,9.84,7.16,1.37
인천,전기·가스,2014,3.18,1.95,1.63
인천,수도·폐기물,2014,1.17,0.56,2.09
인천,건설업,2014,5.23,4.77,1.1
인천,도소매,2014,8.89,10.06,0.88
인천,운수·창고,2014,10.84,3.77,2.87
인천,숙박·음식점,2014,2.81,2.4,1.17
인천,정보통신업,2014,1.81,4.46,0.41
인천,금융 및 보험업,2014,4.41,5.51,0.8
인천,부동산업,2014,8.59,7.86,1.09
인천,전문·과학·기술,2014,2.77,4.04,0.68
인천,사업시설·지원,2014,2.43,3.36,0.72
인천,공공행정,2014,5.41,6.17,0.88
인천,교육,2014,5.34,5.08,1.05
인천,보건·사회복지,2014,4.63,4.41,1.05
인천,예술·스포츠·여가,2014,1.15,1.08,1.06
인천,협회·수리·개인,2014,1.57,1.57,1.0
인천,농림어업,2015,0.33,2.07,0.16
인천,광업,2015,0.16,0.14,1.16
인천,음식료품·담배,2015,1.52,1.35,1.13
인천,섬유·의복·가죽,2015,0.42,1.18,0.35
인천,목재·종이·인쇄,2015,1.27,0.84,1.52
인천,석탄·석유·화학,2015,5.14,5.83,0.88
인천,비금속·금속,2015,5.97,4.89,1.22
인천,전기·전자·정밀기기,2015,5.62,8.91,0.63
인천,기계·운송장비·기타,2015,9.52,7.2,1.32
인천,전기·가스,2015,3.3,2.19,1.51
인천,수도·폐기물,2015,1.23,0.59,2.07
인천,건설업,2015,5.07,5.04,1.01
인천,도소매,2015,8.82,9.82,0.9
인천,운수·창고,2015,11.46,4.09,2.81
인천,숙박·음식점,2015,2.9,2.48,1.17
인천,정보통신업,2015,1.74,4.41,0.39
인천,금융 및 보험업,2015,4.06,5.46,0.74
인천,부동산업,2015,8.37,7.86,1.07
인천,전문·과학·기술,2015,2.92,4.16,0.7
인천,사업시설·지원,2015,2.66,3.46,0.77
인천,공공행정,2015,5.37,6.09,0.88
인천,교육,2015,5.12,4.97,1.03
인천,보건·사회복지,2015,4.49,4.46,1.01
인천,예술·스포츠·여가,2015,1.07,1.03,1.03
인천,협회·수리·개인,2015,1.47,1.5,0.98
인천,농림어업,2016,0.29,1.91,0.15
인천,광업,2016,0.19,0.15,1.27
인천,음식료품·담배,2016,1.54,1.35,1.14
인천,섬유·의복·가죽,2016,0.4,1.12,0.35
인천,목재·종이·인쇄,2016,1.28,0.87,1.48
인천,석탄·석유·화학,2016,4.91,5.82,0.84
인천,비금속·금속,2016,5.83,4.79,1.22
인천,전기·전자·정밀기기,2016,5.95,8.92,0.67
인천,기계·운송장비·기타,2016,9.34,7.05,1.32
인천,전기·가스,2016,3.07,2.17,1.41
인천,수도·폐기물,2016,1.31,0.65,2.03
인천,건설업,2016,5.96,5.47,1.09
인천,도소매,2016,9.0,9.8,0.92
인천,운수·창고,2016,10.98,3.91,2.81
인천,숙박·음식점,2016,3.0,2.58,1.16
인천,정보통신업,2016,1.77,4.51,0.39
인천,금융 및 보험업,2016,3.89,5.26,0.74
인천,부동산업,2016,8.43,7.98,1.06
인천,전문·과학·기술,2016,2.72,4.09,0.66
인천,사업시설·지원,2016,2.65,3.49,0.76
인천,공공행정,2016,5.41,6.08,0.89
인천,교육,2016,4.94,4.85,1.02
인천,보건·사회복지,2016,4.57,4.6,0.99
인천,예술·스포츠·여가,2016,1.11,1.05,1.06
인천,협회·수리·개인,2016,1.46,1.52,0.96
인천,농림어업,2017,0.28,1.89,0.15
인천,광업,2017,0.17,0.15,1.16
인천,음식료품·담배,2017,1.51,1.33,1.14
인천,섬유·의복·가죽,2017,0.36,1.02,0.36
인천,목재·종이·인쇄,2017,1.08,0.77,1.39
인천,석탄·석유·화학,2017,5.29,5.75,0.92
인천,비금속·금속,2017,5.85,4.69,1.25
인천,전기·전자·정밀기기,2017,6.8,10.15,0.67
인천,기계·운송장비·기타,2017,9.11,6.78,1.34
인천,전기·가스,2017,2.63,1.81,1.45
인천,수도·폐기물,2017,1.16,0.62,1.88
인천,건설업,2017,6.27,5.78,1.08
인천,도소매,2017,8.97,9.66,0.93
인천,운수·창고,2017,10.53,3.69,2.85
인천,숙박·음식점,2017,2.96,2.54,1.17
인천,정보통신업,2017,1.76,4.44,0.4
인천,금융 및 보험업,2017,4.09,5.4,0.76
인천,부동산업,2017,8.58,7.94,1.08
인천,전문·과학·기술,2017,1.76,4.02,0.44
인천,사업시설·지원,2017,2.8,3.54,0.79
인천,공공행정,2017,5.67,6.12,0.93
인천,교육,2017,4.85,4.71,1.03
인천,보건·사회복지,2017,4.9,4.74,1.03
인천,예술·스포츠·여가,2017,1.16,1.0,1.15
인천,협회·수리·개인,2017,1.45,1.46,0.99
인천,농림어업,2018,0.3,1.75,0.17
인천,광업,2018,0.11,0.12,0.87
인천,음식료품·담배,2018,1.5,1.35,1.11
인천,섬유·의복·가죽,2018,0.37,0.97,0.38
인천,목재·종이·인쇄,2018,1.04,0.82,1.27
인천,석탄·석유·화학,2018,5.25,5.46,0.96
인천,비금속·금속,2018,5.53,4.48,1.24
인천,전기·전자·정밀기기,2018,7.05,10.64,0.66
인천,기계·운송장비·기타,2018,8.51,6.5,1.31
인천,전기·가스,2018,1.92,1.38,1.39
인천,수도·폐기물,2018,1.23,0.67,1.85
인천,건설업,2018,5.96,5.73,1.04
인천,도소매,2018,9.05,9.53,0.95
인천,운수·창고,2018,10.35,3.55,2.92
인천,숙박·음식점,2018,3.05,2.59,1.18
인천,정보통신업,2018,1.86,4.47,0.42
인천,금융 및 보험업,2018,4.26,5.59,0.76
인천,부동산업,2018,8.72,8.03,1.09
인천,전문·과학·기술,2018,2.0,4.14,0.48
인천,사업시설·지원,2018,2.75,3.73,0.74
인천,공공행정,2018,5.88,6.29,0.94
인천,교육,2018,4.97,4.74,1.05
인천,보건·사회복지,2018,5.29,4.99,1.06
인천,예술·스포츠·여가,2018,1.6,1.08,1.48
인천,협회·수리·개인,2018,1.47,1.43,1.02
인천,농림어업,2019,0.3,1.65,0.18
인천,광업,2019,0.07,0.11,0.58
인천,음식료품·담배,2019,1.47,1.38,1.06
인천,섬유·의복·가죽,2019,0.33,0.94,0.36
인천,목재·종이·인쇄,2019,1.0,0.78,1.27
인천,석탄·석유·화학,2019,4.86,5.17,0.94
인천,비금속·금속,2019,5.39,4.36,1.24
인천,전기·전자·정밀기기,2019,6.19,9.41,0.66
인천,기계·운송장비·기타,2019,8.03,6.59,1.22
인천,전기·가스,2019,2.12,1.38,1.53
인천,수도·폐기물,2019,1.14,0.7,1.62
인천,건설업,2019,6.11,5.77,1.06
인천,도소매,2019,9.1,9.47,0.96
인천,운수·창고,2019,10.3,3.66,2.82
인천,숙박·음식점,2019,3.06,2.72,1.12
인천,정보통신업,2019,1.92,4.59,0.42
인천,금융 및 보험업,2019,4.12,5.48,0.75
인천,부동산업,2019,8.92,8.14,1.1
인천,전문·과학·기술,2019,2.46,4.41,0.56
인천,사업시설·지원,2019,3.09,3.89,0.79
인천,공공행정,2019,6.3,6.57,0.96
인천,교육,2019,5.06,4.83,1.05
인천,보건·사회복지,2019,5.78,5.43,1.06
인천,예술·스포츠·여가,2019,1.39,1.12,1.24
인천,협회·수리·개인,2019,1.53,1.45,1.05
인천,농림어업,2020,0.32,1.73,0.19
인천,광업,2020,0.1,0.1,1.01
인천,음식료품·담배,2020,1.45,1.44,1.0
인천,섬유·의복·가죽,2020,0.41,0.91,0.45
인천,목재·종이·인쇄,2020,1.0,0.75,1.34
인천,석탄·석유·화학,2020,5.34,4.85,1.1
인천,비금속·금속,2020,5.0,4.06,1.23
인천,전기·전자·정밀기기,2020,6.41,9.6,0.67
인천,기계·운송장비·기타,2020,7.84,6.33,1.24
인천,전기·가스,2020,2.32,1.71,1.36
인천,수도·폐기물,2020,1.14,0.75,1.52
인천,건설업,2020,7.48,5.82,1.28
인천,도소매,2020,8.29,9.24,0.9
인천,운수·창고,2020,8.87,3.39,2.61
인천,숙박·음식점,2020,2.36,2.22,1.06
인천,정보통신업,2020,1.95,4.83,0.4
인천,금융 및 보험업,2020,4.18,5.8,0.72
인천,부동산업,2020,9.55,8.5,1.12
인천,전문·과학·기술,2020,2.72,4.72,0.58
인천,사업시설·지원,2020,2.9,3.64,0.8
인천,공공행정,2020,6.69,6.85,0.98
인천,교육,2020,5.09,4.79,1.06
인천,보건·사회복지,2020,6.02,5.64,1.07
인천,예술·스포츠·여가,2020,1.17,0.95,1.23
인천,협회·수리·개인,2020,1.4,1.36,1.03
인천,농림어업,2021,0.31,1.81,0.17
인천,광업,2021,0.08,0.1,0.77
인천,음식료품·담배,2021,1.42,1.35,1.05
인천,섬유·의복·가죽,2021,0.39,0.8,0.48
인천,목재·종이·인쇄,2021,1.02,0.74,1.38
인천,석탄·석유·화학,2021,5.4,5.57,0.97
인천,비금속·금속,2021,5.66,4.52,1.25
인천,전기·전자·정밀기기,2021,6.49,9.92,0.65
인천,기계·운송장비·기타,2021,6.93,5.7,1.22
인천,전기·가스,2021,1.85,1.2,1.54
인천,수도·폐기물,2021,0.88,0.71,1.23
인천,건설업,2021,8.15,5.56,1.47
인천,도소매,2021,8.24,9.08,0.91
인천,운수·창고,2021,9.89,3.93,2.52
인천,숙박·음식점,2021,2.21,2.18,1.01
인천,정보통신업,2021,1.96,5.14,0.38
인천,금융 및 보험업,2021,4.12,6.08,0.68
인천,부동산업,2021,9.38,7.97,1.18
인천,전문·과학·기술,2021,2.8,4.84,0.58
인천,사업시설·지원,2021,2.89,3.34,0.86
인천,공공행정,2021,6.55,6.77,0.97
인천,교육,2021,5.02,4.74,1.06
인천,보건·사회복지,2021,6.0,5.64,1.07
인천,예술·스포츠·여가,2021,1.08,1.03,1.05
인천,협회·수리·개인,2021,1.28,1.27,1.01
인천,농림어업,2022,0.22,1.58,0.14
인천,광업,2022,0.07,0.09,0.78
인천,음식료품·담배,2022,1.49,1.39,1.07
인천,섬유·의복·가죽,2022,0.45,0.8,0.56
인천,목재·종이·인쇄,2022,1.0,0.76,1.33
인천,석탄·석유·화학,2022,5.5,5.68,0.97
인천,비금속·금속,2022,5.14,4.46,1.15
인천,전기·전자·정밀기기,2022,6.68,9.65,0.69
인천,기계·운송장비·기타,2022,6.9,6.02,1.15
인천,전기·가스,2022,0.5,0.15,3.42
인천,수도·폐기물,2022,0.86,0.7,1.22
인천,건설업,2022,8.5,5.66,1.5
인천,도소매,2022,8.13,9.16,0.89
인천,운수·창고,2022,12.19,4.35,2.81
인천,숙박·음식점,2022,2.53,2.57,0.98
인천,정보통신업,2022,1.82,4.95,0.37
인천,금융 및 보험업,2022,4.24,6.37,0.67
인천,부동산업,2022,8.48,7.39,1.15
인천,전문·과학·기술,2022,2.71,4.96,0.55
인천,사업시설·지원,2022,2.73,3.39,0.8
인천,공공행정,2022,6.54,6.93,0.94
인천,교육,2022,4.89,4.77,1.03
인천,보건·사회복지,2022,6.0,5.79,1.04
인천,예술·스포츠·여가,2022,1.15,1.13,1.01
인천,협회·수리·개인,2022,1.29,1.31,0.98
인천,농림어업,2023,0.24,1.56,0.16
인천,광업,2023,0.06,0.1,0.54
인천,음식료품·담배,2023,1.56,1.46,1.07
인천,섬유·의복·가죽,2023,0.46,0.77,0.6
인천,목재·종이·인쇄,2023,0.9,0.74,1.22
인천,석탄·석유·화학,2023,5.69,5.25,1.08
인천,비금속·금속,2023,4.83,4.47,1.08
인천,전기·전자·정밀기기,2023,5.82,8.08,0.72
인천,기계·운송장비·기타,2023,7.34,6.63,1.11
인천,전기·가스,2023,2.09,1.29,1.62
인천,수도·폐기물,2023,0.8,0.67,1.19
인천,건설업,2023,7.51,5.56,1.35
인천,도소매,2023,8.31,8.89,0.93
인천,운수·창고,2023,12.18,4.34,2.81
인천,숙박·음식점,2023,2.62,2.75,0.95
인천,정보통신업,2023,1.63,4.98,0.33
인천,금융 및 보험업,2023,4.19,6.18,0.68
인천,부동산업,2023,7.96,7.22,1.1
인천,전문·과학·기술,2023,2.83,5.28,0.54
인천,사업시설·지원,2023,2.97,3.63,0.82
인천,공공행정,2023,6.45,6.94,0.93
인천,교육,2023,4.84,4.75,1.02
인천,보건·사회복지,2023,6.06,5.81,1.04
인천,예술·스포츠·여가,2023,1.29,1.23,1.05
인천,협회·수리·개인,2023,1.37,1.42,0.96
인천,농림어업,2024,0.23,1.58,0.14
인천,광업,2024,0.05,0.09,0.59
인천,음식료품·담배,2024,1.48,1.46,1.01
인천,섬유·의복·가죽,2024,0.45,0.72,0.62
인천,목재·종이·인쇄,2024,0.76,0.68,1.11
인천,석탄·석유·화학,2024,6.76,5.06,1.34
인천,비금속·금속,2024,4.29,4.29,1.0
인천,전기·전자·정밀기기,2024,6.78,9.46,0.72
인천,기계·운송장비·기타,2024,7.65,6.97,1.1
인천,전기·가스,2024,3.22,2.0,1.61
인천,수도·폐기물,2024,0.75,0.62,1.2
인천,건설업,2024,6.62,5.19,1.28
인천,도소매,2024,8.05,8.55,0.94
인천,운수·창고,2024,11.68,4.26,2.74
인천,숙박·음식점,2024,2.61,2.71,0.96
인천,정보통신업,2024,1.56,4.89,0.32
인천,금융 및 보험업,2024,3.85,5.87,0.65
인천,부동산업,2024,7.54,7.07,1.07
인천,전문·과학·기술,2024,2.86,5.05,0.57
인천,사업시설·지원,2024,2.85,3.52,0.81
인천,공공행정,2024,6.36,6.91,0.92
인천,교육,2024,4.67,4.64,1.01
인천,보건·사회복지,2024,6.18,5.79,1.07
인천,예술·스포츠·여가,2024,1.41,1.21,1.17
인천,협회·수리·개인,2024,1.35,1.42,0.95
전남,농림어업,2014,7.54,2.12,3.55
전남,광업,2014,0.24,0.15,1.64
전남,음식료품·담배,2014,1.45,1.32,1.1
전남,섬유·의복·가죽,2014,0.15,1.31,0.12
전남,목재·종이·인쇄,2014,0.27,0.85,0.31
전남,석탄·석유·화학,2014,22.94,5.74,4.0
전남,비금속·금속,2014,10.0,5.15,1.94
전남,전기·전자·정밀기기,2014,0.64,9.15,0.07
전남,기계·운송장비·기타,2014,2.84,7.16,0.4
전남,전기·가스,2014,5.17,1.95,2.65
전남,수도·폐기물,2014,0.55,0.56,0.97
전남,건설업,2014,6.35,4.77,1.33
전남,도소매,2014,4.62,10.06,0.46
전남,운수·창고,2014,4.36,3.77,1.16
전남,숙박·음식점,2014,1.7,2.4,0.71
전남,정보통신업,2014,1.27,4.46,0.28
전남,금융 및 보험업,2014,3.16,5.51,0.57
전남,부동산업,2014,4.16,7.86,0.53
전남,전문·과학·기술,2014,1.21,4.04,0.3
전남,사업시설·지원,2014,1.69,3.36,0.5
전남,공공행정,2014,9.02,6.17,1.46
전남,교육,2014,4.78,5.08,0.94
전남,보건·사회복지,2014,4.23,4.41,0.96
전남,예술·스포츠·여가,2014,0.62,1.08,0.58
전남,협회·수리·개인,2014,1.03,1.57,0.66
전남,농림어업,2015,7.51,2.07,3.64
전남,광업,2015,0.22,0.14,1.58
전남,음식료품·담배,2015,1.46,1.35,1.09
전남,섬유·의복·가죽,2015,0.14,1.18,0.12
전남,목재·종이·인쇄,2015,0.26,0.84,0.31
전남,석탄·석유·화학,2015,22.13,5.83,3.8
전남,비금속·금속,2015,8.51,4.89,1.74
전남,전기·전자·정밀기기,2015,0.52,8.91,0.06
전남,기계·운송장비·기타,2015,2.83,7.2,0.39
전남,전기·가스,2015,6.25,2.19,2.85
전남,수도·폐기물,2015,0.59,0.59,0.99
전남,건설업,2015,6.5,5.04,1.29
전남,도소매,2015,4.61,9.82,0.47
전남,운수·창고,2015,5.15,4.09,1.26
전남,숙박·음식점,2015,1.79,2.48,0.72
전남,정보통신업,2015,1.44,4.41,0.33
전남,금융 및 보험업,2015,3.09,5.46,0.57
전남,부동산업,2015,4.2,7.86,0.53
전남,전문·과학·기술,2015,1.31,4.16,0.32
전남,사업시설·지원,2015,1.76,3.46,0.51
전남,공공행정,2015,9.26,6.09,1.52
전남,교육,2015,4.66,4.97,0.94
전남,보건·사회복지,2015,4.16,4.46,0.93
전남,예술·스포츠·여가,2015,0.65,1.03,0.62
전남,협회·수리·개인,2015,1.01,1.5,0.67
전남,농림어업,2016,7.16,1.91,3.75
전남,광업,2016,0.22,0.15,1.47
전남,음식료품·담배,2016,1.56,1.35,1.15
전남,섬유·의복·가죽,2016,0.14,1.12,0.12
전남,목재·종이·인쇄,2016,0.26,0.87,0.31
전남,석탄·석유·화학,2016,22.06,5.82,3.79
전남,비금속·금속,2016,8.29,4.79,1.73
전남,전기·전자·정밀기기,2016,0.48,8.92,0.05
전남,기계·운송장비·기타,2016,3.34,7.05,0.47
전남,전기·가스,2016,6.37,2.17,2.93
전남,수도·폐기물,2016,0.65,0.65,1.0
전남,건설업,2016,6.43,5.47,1.17
전남,도소매,2016,4.48,9.8,0.46
전남,운수·창고,2016,4.78,3.91,1.22
전남,숙박·음식점,2016,1.87,2.58,0.72
전남,정보통신업,2016,1.49,4.51,0.33
전남,금융 및 보험업,2016,2.97,5.26,0.56
전남,부동산업,2016,4.21,7.98,0.53
전남,전문·과학·기술,2016,1.2,4.09,0.29
전남,사업시설·지원,2016,1.82,3.49,0.52
전남,공공행정,2016,9.31,6.08,1.53
전남,교육,2016,4.72,4.85,0.97
전남,보건·사회복지,2016,4.42,4.6,0.96
전남,예술·스포츠·여가,2016,0.73,1.05,0.69
전남,협회·수리·개인,2016,1.05,1.52,0.69
전남,농림어업,2017,7.54,1.89,3.99
전남,광업,2017,0.21,0.15,1.45
전남,음식료품·담배,2017,1.62,1.33,1.21
전남,섬유·의복·가죽,2017,0.13,1.02,0.12
전남,목재·종이·인쇄,2017,0.22,0.77,0.28
전남,석탄·석유·화학,2017,22.63,5.75,3.93
전남,비금속·금속,2017,8.37,4.69,1.78
전남,전기·전자·정밀기기,2017,0.54,10.15,0.05
전남,기계·운송장비·기타,2017,2.89,6.78,0.43
전남,전기·가스,2017,5.13,1.81,2.84
전남,수도·폐기물,2017,0.61,0.62,0.98
전남,건설업,2017,6.39,5.78,1.11
전남,도소매,2017,4.38,9.66,0.45
전남,운수·창고,2017,4.51,3.69,1.22
전남,숙박·음식점,2017,1.91,2.54,0.75
전남,정보통신업,2017,1.54,4.44,0.35
전남,금융 및 보험업,2017,3.12,5.4,0.58
전남,부동산업,2017,4.33,7.94,0.54
전남,전문·과학·기술,2017,1.31,4.02,0.33
전남,사업시설·지원,2017,1.86,3.54,0.53
전남,공공행정,2017,9.71,6.12,1.59
전남,교육,2017,4.67,4.71,0.99
전남,보건·사회복지,2017,4.61,4.74,0.97
전남,예술·스포츠·여가,2017,0.72,1.0,0.72
전남,협회·수리·개인,2017,1.04,1.46,0.71
전남,농림어업,2018,7.13,1.75,4.08
전남,광업,2018,0.17,0.12,1.34
전남,음식료품·담배,2018,1.69,1.35,1.25
전남,섬유·의복·가죽,2018,0.13,0.97,0.13
전남,목재·종이·인쇄,2018,0.23,0.82,0.28
전남,석탄·석유·화학,2018,20.89,5.46,3.83
전남,비금속·금속,2018,8.61,4.48,1.92
전남,전기·전자·정밀기기,2018,0.6,10.64,0.06
전남,기계·운송장비·기타,2018,2.94,6.5,0.45
전남,전기·가스,2018,3.9,1.38,2.82
전남,수도·폐기물,2018,0.73,0.67,1.09
전남,건설업,2018,6.98,5.73,1.22
전남,도소매,2018,4.75,9.53,0.5
전남,운수·창고,2018,4.36,3.55,1.23
전남,숙박·음식점,2018,2.05,2.59,0.79
전남,정보통신업,2018,1.61,4.47,0.36
전남,금융 및 보험업,2018,3.27,5.59,0.59
전남,부동산업,2018,4.53,8.03,0.56
전남,전문·과학·기술,2018,1.47,4.14,0.36
전남,사업시설·지원,2018,2.07,3.73,0.55
전남,공공행정,2018,10.37,6.29,1.65
전남,교육,2018,4.8,4.74,1.01
전남,보건·사회복지,2018,4.93,4.99,0.99
전남,예술·스포츠·여가,2018,0.77,1.08,0.71
전남,협회·수리·개인,2018,1.04,1.43,0.73
전남,농림어업,2019,6.81,1.65,4.14
전남,광업,2019,0.16,0.11,1.44
전남,음식료품·담배,2019,1.62,1.38,1.17
전남,섬유·의복·가죽,2019,0.13,0.94,0.13
전남,목재·종이·인쇄,2019,0.24,0.78,0.3
전남,석탄·석유·화학,2019,18.4,5.17,3.56
전남,비금속·금속,2019,8.19,4.36,1.88
전남,전기·전자·정밀기기,2019,0.69,9.41,0.07
전남,기계·운송장비·기타,2019,3.18,6.59,0.48
전남,전기·가스,2019,3.17,1.38,2.29
전남,수도·폐기물,2019,0.88,0.7,1.25
전남,건설업,2019,8.52,5.77,1.48
전남,도소매,2019,4.68,9.47,0.49
전남,운수·창고,2019,4.69,3.66,1.28
전남,숙박·음식점,2019,2.03,2.72,0.75
전남,정보통신업,2019,1.65,4.59,0.36
전남,금융 및 보험업,2019,3.24,5.48,0.59
전남,부동산업,2019,4.81,8.14,0.59
전남,전문·과학·기술,2019,1.63,4.41,0.37
전남,사업시설·지원,2019,2.21,3.89,0.57
전남,공공행정,2019,10.99,6.57,1.67
전남,교육,2019,4.95,4.83,1.03
전남,보건·사회복지,2019,5.33,5.43,0.98
전남,예술·스포츠·여가,2019,0.75,1.12,0.67
전남,협회·수리·개인,2019,1.07,1.45,0.74
전남,농림어업,2020,7.29,1.73,4.22
전남,광업,2020,0.2,0.1,1.92
전남,음식료품·담배,2020,1.82,1.44,1.26
전남,섬유·의복·가죽,2020,0.14,0.91,0.16
전남,목재·종이·인쇄,2020,0.24,0.75,0.32
전남,석탄·석유·화학,2020,15.44,4.85,3.18
전남,비금속·금속,2020,7.36,4.06,1.81
전남,전기·전자·정밀기기,2020,0.8,9.6,0.08
전남,기계·운송장비·기타,2020,2.94,6.33,0.46
전남,전기·가스,2020,4.16,1.71,2.44
전남,수도·폐기물,2020,0.9,0.75,1.2
전남,건설업,2020,9.74,5.82,1.67
전남,도소매,2020,4.69,9.24,0.51
전남,운수·창고,2020,4.84,3.39,1.43
전남,숙박·음식점,2020,1.85,2.22,0.83
전남,정보통신업,2020,1.62,4.83,0.33
전남,금융 및 보험업,2020,3.34,5.8,0.58
전남,부동산업,2020,4.8,8.5,0.57
전남,전문·과학·기술,2020,1.72,4.72,0.37
전남,사업시설·지원,2020,2.27,3.64,0.62
전남,공공행정,2020,11.48,6.85,1.67
전남,교육,2020,4.94,4.79,1.03
전남,보건·사회복지,2020,5.53,5.64,0.98
전남,예술·스포츠·여가,2020,0.84,0.95,0.88
전남,협회·수리·개인,2020,1.07,1.36,0.79
전남,농림어업,2021,7.05,1.81,3.9
전남,광업,2021,0.18,0.1,1.81
전남,음식료품·담배,2021,1.53,1.35,1.13
전남,섬유·의복·가죽,2021,0.11,0.8,0.14
전남,목재·종이·인쇄,2021,0.21,0.74,0.29
전남,석탄·석유·화학,2021,20.48,5.57,3.68
전남,비금속·금속,2021,8.73,4.52,1.93
전남,전기·전자·정밀기기,2021,0.72,9.92,0.07
전남,기계·운송장비·기타,2021,2.06,5.7,0.36
전남,전기·가스,2021,3.54,1.2,2.95
전남,수도·폐기물,2021,0.82,0.71,1.16
전남,건설업,2021,7.73,5.56,1.39
전남,도소매,2021,4.16,9.08,0.46
전남,운수·창고,2021,6.31,3.93,1.6
전남,숙박·음식점,2021,1.68,2.18,0.77
전남,정보통신업,2021,1.5,5.14,0.29
전남,금융 및 보험업,2021,3.23,6.08,0.53
전남,부동산업,2021,4.15,7.97,0.52
전남,전문·과학·기술,2021,2.18,4.84,0.45
전남,사업시설·지원,2021,1.88,3.34,0.56
전남,공공행정,2021,10.47,6.77,1.55
전남,교육,2021,4.51,4.74,0.95
전남,보건·사회복지,2021,5.03,5.64,0.89
전남,예술·스포츠·여가,2021,0.82,1.03,0.79
전남,협회·수리·개인,2021,0.92,1.27,0.73
전남,농림어업,2022,6.07,1.58,3.85
전남,광업,2022,0.16,0.09,1.73
전남,음식료품·담배,2022,1.61,1.39,1.15
전남,섬유·의복·가죽,2022,0.11,0.8,0.13
전남,목재·종이·인쇄,2022,0.21,0.76,0.28
전남,석탄·석유·화학,2022,21.72,5.68,3.83
전남,비금속·금속,2022,8.65,4.46,1.94
전남,전기·전자·정밀기기,2022,0.87,9.65,0.09
전남,기계·운송장비·기타,2022,2.4,6.02,0.4
전남,전기·가스,2022,2.25,0.15,15.37
전남,수도·폐기물,2022,0.83,0.7,1.19
전남,건설업,2022,7.38,5.66,1.3
전남,도소매,2022,4.11,9.16,0.45
전남,운수·창고,2022,6.6,4.35,1.52
전남,숙박·음식점,2022,1.88,2.57,0.73
전남,정보통신업,2022,1.56,4.95,0.31
전남,금융 및 보험업,2022,3.41,6.37,0.54
전남,부동산업,2022,3.84,7.39,0.52
전남,전문·과학·기술,2022,1.94,4.96,0.39
전남,사업시설·지원,2022,1.83,3.39,0.54
전남,공공행정,2022,11.12,6.93,1.6
전남,교육,2022,4.63,4.77,0.97
전남,보건·사회복지,2022,5.15,5.79,0.89
전남,예술·스포츠·여가,2022,0.77,1.13,0.68
전남,협회·수리·개인,2022,0.93,1.31,0.71
전남,농림어업,2023,6.2,1.56,3.97
전남,광업,2023,0.18,0.1,1.73
전남,음식료품·담배,2023,1.8,1.46,1.23
전남,섬유·의복·가죽,2023,0.1,0.77,0.13
전남,목재·종이·인쇄,2023,0.23,0.74,0.31
전남,석탄·석유·화학,2023,19.56,5.25,3.73
전남,비금속·금속,2023,8.51,4.47,1.9
전남,전기·전자·정밀기기,2023,0.82,8.08,0.1
전남,기계·운송장비·기타,2023,3.82,6.63,0.58
전남,전기·가스,2023,3.91,1.29,3.03
전남,수도·폐기물,2023,0.8,0.67,1.19
전남,건설업,2023,7.06,5.56,1.27
전남,도소매,2023,4.03,8.89,0.45
전남,운수·창고,2023,5.26,4.34,1.21
전남,숙박·음식점,2023,1.97,2.75,0.72
전남,정보통신업,2023,1.51,4.98,0.3
전남,금융 및 보험업,2023,3.46,6.18,0.56
전남,부동산업,2023,3.89,7.22,0.54
전남,전문·과학·기술,2023,2.14,5.28,0.41
전남,사업시설·지원,2023,1.9,3.63,0.52
전남,공공행정,2023,11.24,6.94,1.62
전남,교육,2023,4.66,4.75,0.98
전남,보건·사회복지,2023,5.13,5.81,0.88
전남,예술·스포츠·여가,2023,0.8,1.23,0.65
전남,협회·수리·개인,2023,1.0,1.42,0.71
전남,농림어업,2024,6.41,1.58,4.07
전남,광업,2024,0.14,0.09,1.63
전남,음식료품·담배,2024,1.9,1.46,1.3
전남,섬유·의복·가죽,2024,0.11,0.72,0.15
전남,목재·종이·인쇄,2024,0.23,0.68,0.33
전남,석탄·석유·화학,2024,18.17,5.06,3.59
전남,비금속·금속,2024,7.87,4.29,1.83
전남,전기·전자·정밀기기,2024,0.91,9.46,0.1
전남,기계·운송장비·기타,2024,5.09,6.97,0.73
전남,전기·가스,2024,5.58,2.0,2.79
전남,수도·폐기물,2024,0.77,0.62,1.24
전남,건설업,2024,7.01,5.19,1.35
전남,도소매,2024,3.9,8.55,0.46
전남,운수·창고,2024,4.85,4.26,1.14
전남,숙박·음식점,2024,1.94,2.71,0.72
전남,정보통신업,2024,1.38,4.89,0.28
전남,금융 및 보험업,2024,3.2,5.87,0.54
전남,부동산업,2024,3.84,7.07,0.54
전남,전문·과학·기술,2024,2.06,5.05,0.41
전남,사업시설·지원,2024,1.8,3.52,0.51
전남,공공행정,2024,11.36,6.91,1.65
전남,교육,2024,4.59,4.64,0.99
전남,보건·사회복지,2024,5.09,5.79,0.88
전남,예술·스포츠·여가,2024,0.77,1.21,0.64
전남,협회·수리·개인,2024,1.03,1.42,0.72
전북,농림어업,2014,7.82,2.12,3.68
전북,광업,2014,0.31,0.15,2.1
전북,음식료품·담배,2014,3.78,1.32,2.86
전북,섬유·의복·가죽,2014,0.67,1.31,0.52
전북,목재·종이·인쇄,2014,1.43,0.85,1.67
전북,석탄·석유·화학,2014,5.44,5.74,0.95
전북,비금속·금속,2014,5.2,5.15,1.01
전북,전기·전자·정밀기기,2014,1.62,9.15,0.18
전북,기계·운송장비·기타,2014,8.96,7.16,1.25
전북,전기·가스,2014,3.05,1.95,1.57
전북,수도·폐기물,2014,0.84,0.56,1.5
전북,건설업,2014,6.82,4.77,1.43
전북,도소매,2014,6.38,10.06,0.63
전북,운수·창고,2014,2.93,3.77,0.78
전북,숙박·음식점,2014,2.67,2.4,1.11
전북,정보통신업,2014,1.87,4.46,0.42
전북,금융 및 보험업,2014,4.77,5.51,0.86
전북,부동산업,2014,6.15,7.86,0.78
전북,전문·과학·기술,2014,1.84,4.04,0.46
전북,사업시설·지원,2014,1.89,3.36,0.56
전북,공공행정,2014,9.72,6.17,1.58
전북,교육,2014,7.1,5.08,1.4
전북,보건·사회복지,2014,6.07,4.41,1.38
전북,예술·스포츠·여가,2014,0.8,1.08,0.74
전북,협회·수리·개인,2014,1.88,1.57,1.2
전북,농림어업,2015,7.63,2.07,3.69
전북,광업,2015,0.31,0.14,2.21
전북,음식료품·담배,2015,3.87,1.35,2.87
전북,섬유·의복·가죽,2015,0.66,1.18,0.56
전북,목재·종이·인쇄,2015,1.34,0.84,1.61
전북,석탄·석유·화학,2015,5.73,5.83,0.98
전북,비금속·금속,2015,4.91,4.89,1.0
전북,전기·전자·정밀기기,2015,1.57,8.91,0.18
전북,기계·운송장비·기타,2015,9.18,7.2,1.27
전북,전기·가스,2015,2.88,2.19,1.31
전북,수도·폐기물,2015,0.89,0.59,1.49
전북,건설업,2015,6.4,5.04,1.27
전북,도소매,2015,6.28,9.82,0.64
전북,운수·창고,2015,3.32,4.09,0.81
전북,숙박·음식점,2015,2.82,2.48,1.14
전북,정보통신업,2015,1.78,4.41,0.4
전북,금융 및 보험업,2015,4.64,5.46,0.85
전북,부동산업,2015,6.25,7.86,0.8
전북,전문·과학·기술,2015,1.93,4.16,0.47
전북,사업시설·지원,2015,1.97,3.46,0.57
전북,공공행정,2015,9.88,6.09,1.62
전북,교육,2015,6.95,4.97,1.4
전북,보건·사회복지,2015,6.18,4.46,1.39
전북,예술·스포츠·여가,2015,0.8,1.03,0.77
전북,협회·수리·개인,2015,1.82,1.5,1.21
전북,농림어업,2016,6.99,1.91,3.66
전북,광업,2016,0.32,0.15,2.09
전북,음식료품·담배,2016,3.94,1.35,2.91
전북,섬유·의복·가죽,2016,0.6,1.12,0.53
전북,목재·종이·인쇄,2016,1.36,0.87,1.57
전북,석탄·석유·화학,2016,5.93,5.82,1.02
전북,비금속·금속,2016,4.58,4.79,0.96
전북,전기·전자·정밀기기,2016,1.53,8.92,0.17
전북,기계·운송장비·기타,2016,8.68,7.05,1.23
전북,전기·가스,2016,2.74,2.17,1.26
전북,수도·폐기물,2016,0.96,0.65,1.49
전북,건설업,2016,6.14,5.47,1.12
전북,도소매,2016,6.37,9.8,0.65
전북,운수·창고,2016,3.45,3.91,0.88
전북,숙박·음식점,2016,2.94,2.58,1.14
전북,정보통신업,2016,1.88,4.51,0.42
전북,금융 및 보험업,2016,4.53,5.26,0.86
전북,부동산업,2016,6.38,7.98,0.8
전북,전문·과학·기술,2016,1.99,4.09,0.49
전북,사업시설·지원,2016,2.06,3.49,0.59
전북,공공행정,2016,10.19,6.08,1.68
전북,교육,2016,7.13,4.85,1.47
전북,보건·사회복지,2016,6.56,4.6,1.43
전북,예술·스포츠·여가,2016,0.86,1.05,0.82
전북,협회·수리·개인,2016,1.89,1.52,1.24
전북,농림어업,2017,6.95,1.89,3.68
전북,광업,2017,0.28,0.15,1.94
전북,음식료품·담배,2017,4.06,1.33,3.05
전북,섬유·의복·가죽,2017,0.5,1.02,0.49
전북,목재·종이·인쇄,2017,1.23,0.77,1.59
전북,석탄·석유·화학,2017,5.99,5.75,1.04
전북,비금속·금속,2017,4.73,4.69,1.01
전북,전기·전자·정밀기기,2017,1.76,10.15,0.17
전북,기계·운송장비·기타,2017,7.5,6.78,1.11
전북,전기·가스,2017,2.93,1.81,1.62
전북,수도·폐기물,2017,0.97,0.62,1.56
전북,건설업,2017,6.63,5.78,1.15
전북,도소매,2017,6.29,9.66,0.65
전북,운수·창고,2017,3.28,3.69,0.89
전북,숙박·음식점,2017,2.88,2.54,1.14
전북,정보통신업,2017,1.79,4.44,0.4
전북,금융 및 보험업,2017,4.66,5.4,0.86
전북,부동산업,2017,6.4,7.94,0.81
전북,전문·과학·기술,2017,2.14,4.02,0.53
전북,사업시설·지원,2017,2.11,3.54,0.6
전북,공공행정,2017,10.45,6.12,1.71
전북,교육,2017,7.02,4.71,1.49
전북,보건·사회복지,2017,6.8,4.74,1.43
전북,예술·스포츠·여가,2017,0.86,1.0,0.85
전북,협회·수리·개인,2017,1.8,1.46,1.24
전북,농림어업,2018,6.75,1.75,3.87
전북,광업,2018,0.25,0.12,2.06
전북,음식료품·담배,2018,4.22,1.35,3.12
전북,섬유·의복·가죽,2018,0.47,0.97,0.49
전북,목재·종이·인쇄,2018,1.35,0.82,1.65
전북,석탄·석유·화학,2018,5.88,5.46,1.08
전북,비금속·금속,2018,4.76,4.48,1.06
전북,전기·전자·정밀기기,2018,1.83,10.64,0.17
전북,기계·운송장비·기타,2018,6.71,6.5,1.03
전북,전기·가스,2018,1.99,1.38,1.44
전북,수도·폐기물,2018,1.0,0.67,1.5
전북,건설업,2018,7.19,5.73,1.26
전북,도소매,2018,6.34,9.53,0.67
전북,운수·창고,2018,3.16,3.55,0.89
전북,숙박·음식점,2018,2.78,2.59,1.08
전북,정보통신업,2018,1.8,4.47,0.4
전북,금융 및 보험업,2018,4.94,5.59,0.88
전북,부동산업,2018,6.44,8.03,0.8
전북,전문·과학·기술,2018,2.22,4.14,0.54
전북,사업시설·지원,2018,2.24,3.73,0.6
전북,공공행정,2018,10.79,6.29,1.71
전북,교육,2018,7.15,4.74,1.51
전북,보건·사회복지,2018,7.12,4.99,1.43
전북,예술·스포츠·여가,2018,0.88,1.08,0.81
전북,협회·수리·개인,2018,1.72,1.43,1.2
전북,농림어업,2019,6.35,1.65,3.86
전북,광업,2019,0.22,0.11,1.96
전북,음식료품·담배,2019,4.55,1.38,3.28
전북,섬유·의복·가죽,2019,0.45,0.94,0.48
전북,목재·종이·인쇄,2019,1.16,0.78,1.48
전북,석탄·석유·화학,2019,5.41,5.17,1.05
전북,비금속·금속,2019,4.51,4.36,1.04
전북,전기·전자·정밀기기,2019,1.7,9.41,0.18
전북,기계·운송장비·기타,2019,6.13,6.59,0.93
전북,전기·가스,2019,2.13,1.38,1.54
전북,수도·폐기물,2019,1.05,0.7,1.51
전북,건설업,2019,7.44,5.77,1.29
전북,도소매,2019,6.25,9.47,0.66
전북,운수·창고,2019,3.18,3.66,0.87
전북,숙박·음식점,2019,2.79,2.72,1.03
전북,정보통신업,2019,1.79,4.59,0.39
전북,금융 및 보험업,2019,4.91,5.48,0.9
전북,부동산업,2019,6.52,8.14,0.8
전북,전문·과학·기술,2019,2.4,4.41,0.54
전북,사업시설·지원,2019,2.29,3.89,0.59
전북,공공행정,2019,11.32,6.57,1.72
전북,교육,2019,7.24,4.83,1.5
전북,보건·사회복지,2019,7.62,5.43,1.4
전북,예술·스포츠·여가,2019,0.93,1.12,0.83
전북,협회·수리·개인,2019,1.66,1.45,1.15
전북,농림어업,2020,6.45,1.73,3.73
전북,광업,2020,0.22,0.1,2.1
전북,음식료품·담배,2020,4.36,1.44,3.02
전북,섬유·의복·가죽,2020,0.51,0.91,0.56
전북,목재·종이·인쇄,2020,1.12,0.75,1.5
전북,석탄·석유·화학,2020,5.19,4.85,1.07
전북,비금속·금속,2020,4.34,4.06,1.07
전북,전기·전자·정밀기기,2020,1.67,9.6,0.17
전북,기계·운송장비·기타,2020,5.71,6.33,0.9
전북,전기·가스,2020,2.7,1.71,1.58
전북,수도·폐기물,2020,1.14,0.75,1.53
전북,건설업,2020,7.58,5.82,1.3
전북,도소매,2020,6.15,9.24,0.67
전북,운수·창고,2020,3.01,3.39,0.89
전북,숙박·음식점,2020,2.22,2.22,1.0
전북,정보통신업,2020,1.82,4.83,0.38
전북,금융 및 보험업,2020,4.99,5.8,0.86
전북,부동산업,2020,6.6,8.5,0.78
전북,전문·과학·기술,2020,2.71,4.72,0.57
전북,사업시설·지원,2020,2.1,3.64,0.58
전북,공공행정,2020,11.93,6.85,1.74
전북,교육,2020,7.06,4.79,1.47
전북,보건·사회복지,2020,7.92,5.64,1.4
전북,예술·스포츠·여가,2020,0.96,0.95,1.01
전북,협회·수리·개인,2020,1.54,1.36,1.13
전북,농림어업,2021,6.95,1.81,3.84
전북,광업,2021,0.19,0.1,1.89
전북,음식료품·담배,2021,4.18,1.35,3.08
전북,섬유·의복·가죽,2021,0.42,0.8,0.53
전북,목재·종이·인쇄,2021,1.24,0.74,1.67
전북,석탄·석유·화학,2021,5.44,5.57,0.98
전북,비금속·금속,2021,5.32,4.52,1.18
전북,전기·전자·정밀기기,2021,1.67,9.92,0.17
전북,기계·운송장비·기타,2021,5.63,5.7,0.99
전북,전기·가스,2021,1.52,1.2,1.27
전북,수도·폐기물,2021,1.12,0.71,1.57
전북,건설업,2021,7.18,5.56,1.29
전북,도소매,2021,6.1,9.08,0.67
전북,운수·창고,2021,3.24,3.93,0.82
전북,숙박·음식점,2021,2.31,2.18,1.06
전북,정보통신업,2021,1.84,5.14,0.36
전북,금융 및 보험업,2021,5.23,6.08,0.86
전북,부동산업,2021,6.15,7.97,0.77
전북,전문·과학·기술,2021,2.83,4.84,0.58
전북,사업시설·지원,2021,1.96,3.34,0.59
전북,공공행정,2021,12.06,6.77,1.78
전북,교육,2021,7.02,4.74,1.48
전북,보건·사회복지,2021,7.87,5.64,1.4
전북,예술·스포츠·여가,2021,1.06,1.03,1.03
전북,협회·수리·개인,2021,1.49,1.27,1.17
전북,농림어업,2022,6.4,1.58,4.06
전북,광업,2022,0.17,0.09,1.9
전북,음식료품·담배,2022,4.49,1.39,3.22
전북,섬유·의복·가죽,2022,0.4,0.8,0.5
전북,목재·종이·인쇄,2022,1.33,0.76,1.76
전북,석탄·석유·화학,2022,5.12,5.68,0.9
전북,비금속·금속,2022,5.09,4.46,1.14
전북,전기·전자·정밀기기,2022,1.57,9.65,0.16
전북,기계·운송장비·기타,2022,6.3,6.02,1.05
전북,전기·가스,2022,0.03,0.15,0.24
전북,수도·폐기물,2022,1.16,0.7,1.64
전북,건설업,2022,7.02,5.66,1.24
전북,도소매,2022,5.96,9.16,0.65
전북,운수·창고,2022,3.28,4.35,0.76
전북,숙박·음식점,2022,2.76,2.57,1.08
전북,정보통신업,2022,1.78,4.95,0.36
전북,금융 및 보험업,2022,5.65,6.37,0.89
전북,부동산업,2022,5.99,7.39,0.81
전북,전문·과학·기술,2022,2.84,4.96,0.57
전북,사업시설·지원,2022,1.95,3.39,0.57
전북,공공행정,2022,12.74,6.93,1.84
전북,교육,2022,7.22,4.77,1.51
전북,보건·사회복지,2022,8.17,5.79,1.41
전북,예술·스포츠·여가,2022,1.01,1.13,0.9
전북,협회·수리·개인,2022,1.57,1.31,1.2
전북,농림어업,2023,5.83,1.56,3.74
전북,광업,2023,0.17,0.1,1.64
전북,음식료품·담배,2023,4.63,1.46,3.17
전북,섬유·의복·가죽,2023,0.34,0.77,0.45
전북,목재·종이·인쇄,2023,1.24,0.74,1.69
전북,석탄·석유·화학,2023,4.96,5.25,0.94
전북,비금속·금속,2023,4.9,4.47,1.1
전북,전기·전자·정밀기기,2023,1.29,8.08,0.16
전북,기계·운송장비·기타,2023,6.05,6.63,0.91
전북,전기·가스,2023,1.53,1.29,1.19
전북,수도·폐기물,2023,1.09,0.67,1.63
전북,건설업,2023,6.78,5.56,1.22
전북,도소매,2023,5.81,8.89,0.65
전북,운수·창고,2023,3.52,4.34,0.81
전북,숙박·음식점,2023,2.9,2.75,1.05
전북,정보통신업,2023,1.66,4.98,0.33
전북,금융 및 보험업,2023,5.59,6.18,0.9
전북,부동산업,2023,6.13,7.22,0.85
전북,전문·과학·기술,2023,2.94,5.28,0.56
전북,사업시설·지원,2023,2.02,3.63,0.56
전북,공공행정,2023,12.62,6.94,1.82
전북,교육,2023,7.1,4.75,1.5
전북,보건·사회복지,2023,8.03,5.81,1.38
전북,예술·스포츠·여가,2023,1.15,1.23,0.93
전북,협회·수리·개인,2023,1.71,1.42,1.2
전북,농림어업,2024,5.89,1.58,3.74
전북,광업,2024,0.15,0.09,1.66
전북,음식료품·담배,2024,4.65,1.46,3.19
전북,섬유·의복·가죽,2024,0.35,0.72,0.49
전북,목재·종이·인쇄,2024,1.12,0.68,1.63
전북,석탄·석유·화학,2024,4.76,5.06,0.94
전북,비금속·금속,2024,4.5,4.29,1.05
전북,전기·전자·정밀기기,2024,1.41,9.46,0.15
전북,기계·운송장비·기타,2024,6.21,6.97,0.89
전북,전기·가스,2024,2.58,2.0,1.29
전북,수도·폐기물,2024,1.05,0.62,1.68
전북,건설업,2024,6.77,5.19,1.31
전북,도소매,2024,5.56,8.55,0.65
전북,운수·창고,2024,3.73,4.26,0.88
전북,숙박·음식점,2024,2.93,2.71,1.08
전북,정보통신업,2024,1.54,4.89,0.32
전북,금융 및 보험업,2024,5.26,5.87,0.9
전북,부동산업,2024,6.09,7.07,0.86
전북,전문·과학·기술,2024,2.98,5.05,0.59
전북,사업시설·지원,2024,1.99,3.52,0.56
전북,공공행정,2024,12.66,6.91,1.83
전북,교육,2024,6.99,4.64,1.51
전북,보건·사회복지,2024,7.97,5.79,1.38
전북,예술·스포츠·여가,2024,1.12,1.21,0.93
전북,협회·수리·개인,2024,1.74,1.42,1.22
제주,농림어업,2014,9.86,2.12,4.65
제주,광업,2014,0.26,0.15,1.79
제주,음식료품·담배,2014,1.56,1.32,1.18
제주,섬유·의복·가죽,2014,0.07,1.31,0.05
제주,목재·종이·인쇄,2014,0.22,0.85,0.26
제주,석탄·석유·화학,2014,0.39,5.74,0.07
제주,비금속·금속,2014,0.87,5.15,0.17
제주,전기·전자·정밀기기,2014,0.17,9.15,0.02
제주,기계·운송장비·기타,2014,0.48,7.16,0.07
제주,전기·가스,2014,0.72,1.95,0.37
제주,수도·폐기물,2014,0.42,0.56,0.74
제주,건설업,2014,8.15,4.77,1.71
제주,도소매,2014,9.56,10.06,0.95
제주,운수·창고,2014,4.24,3.77,1.12
제주,숙박·음식점,2014,6.57,2.4,2.74
제주,정보통신업,2014,3.92,4.46,0.88
제주,금융 및 보험업,2014,5.53,5.51,1.0
제주,부동산업,2014,11.68,7.86,1.49
제주,전문·과학·기술,2014,2.25,4.04,0.56
제주,사업시설·지원,2014,4.72,3.36,1.4
제주,공공행정,2014,10.51,6.17,1.7
제주,교육,2014,6.39,5.08,1.26
제주,보건·사회복지,2014,6.12,4.41,1.39
제주,예술·스포츠·여가,2014,3.58,1.08,3.33
제주,협회·수리·개인,2014,1.73,1.57,1.1
제주,농림어업,2015,8.97,2.07,4.34
제주,광업,2015,0.24,0.14,1.76
제주,음식료품·담배,2015,1.6,1.35,1.19
제주,섬유·의복·가죽,2015,0.05,1.18,0.04
제주,목재·종이·인쇄,2015,0.2,0.84,0.24
제주,석탄·석유·화학,2015,0.43,5.83,0.07
제주,비금속·금속,2015,1.0,4.89,0.21
제주,전기·전자·정밀기기,2015,0.24,8.91,0.03
제주,기계·운송장비·기타,2015,0.55,7.2,0.08
제주,전기·가스,2015,0.81,2.19,0.37
제주,수도·폐기물,2015,0.44,0.59,0.74
제주,건설업,2015,8.95,5.04,1.78
제주,도소매,2015,9.29,9.82,0.95
제주,운수·창고,2015,4.98,4.09,1.22
제주,숙박·음식점,2015,6.87,2.48,2.77
제주,정보통신업,2015,4.38,4.41,0.99
제주,금융 및 보험업,2015,5.18,5.46,0.95
제주,부동산업,2015,11.63,7.86,1.48
제주,전문·과학·기술,2015,2.05,4.16,0.49
제주,사업시설·지원,2015,4.97,3.46,1.44
제주,공공행정,2015,10.53,6.09,1.73
제주,교육,2015,5.97,4.97,1.2
제주,보건·사회복지,2015,5.71,4.46,1.28
제주,예술·스포츠·여가,2015,3.36,1.03,3.25
제주,협회·수리·개인,2015,1.6,1.5,1.06
제주,농림어업,2016,9.46,1.91,4.95
제주,광업,2016,0.23,0.15,1.5
제주,음식료품·담배,2016,1.46,1.35,1.08
제주,섬유·의복·가죽,2016,0.04,1.12,0.04
제주,목재·종이·인쇄,2016,0.21,0.87,0.24
제주,석탄·석유·화학,2016,0.45,5.82,0.08
제주,비금속·금속,2016,1.11,4.79,0.23
제주,전기·전자·정밀기기,2016,0.29,8.92,0.03
제주,기계·운송장비·기타,2016,0.52,7.05,0.07
제주,전기·가스,2016,0.68,2.17,0.31
제주,수도·폐기물,2016,0.48,0.65,0.74
제주,건설업,2016,10.57,5.47,1.93
제주,도소매,2016,9.02,9.8,0.92
제주,운수·창고,2016,5.23,3.91,1.34
제주,숙박·음식점,2016,7.32,2.58,2.84
제주,정보통신업,2016,4.37,4.51,0.97
제주,금융 및 보험업,2016,4.9,5.26,0.93
제주,부동산업,2016,11.29,7.98,1.41
제주,전문·과학·기술,2016,2.21,4.09,0.54
제주,사업시설·지원,2016,4.54,3.49,1.3
제주,공공행정,2016,9.98,6.08,1.64
제주,교육,2016,5.72,4.85,1.18
제주,보건·사회복지,2016,5.25,4.6,1.14
제주,예술·스포츠·여가,2016,3.14,1.05,2.98
제주,협회·수리·개인,2016,1.52,1.52,1.0
제주,농림어업,2017,10.57,1.89,5.59
제주,광업,2017,0.16,0.15,1.12
제주,음식료품·담배,2017,1.46,1.33,1.1
제주,섬유·의복·가죽,2017,0.04,1.02,0.04
제주,목재·종이·인쇄,2017,0.19,0.77,0.25
제주,석탄·석유·화학,2017,0.43,5.75,0.07
제주,비금속·금속,2017,1.1,4.69,0.23
제주,전기·전자·정밀기기,2017,0.42,10.15,0.04
제주,기계·운송장비·기타,2017,0.47,6.78,0.07
제주,전기·가스,2017,1.0,1.81,0.56
제주,수도·폐기물,2017,0.46,0.62,0.75
제주,건설업,2017,11.45,5.78,1.98
제주,도소매,2017,8.41,9.66,0.87
제주,운수·창고,2017,4.14,3.69,1.12
제주,숙박·음식점,2017,6.88,2.54,2.71
제주,정보통신업,2017,4.25,4.44,0.96
제주,금융 및 보험업,2017,5.03,5.4,0.93
제주,부동산업,2017,11.06,7.94,1.39
제주,전문·과학·기술,2017,2.16,4.02,0.54
제주,사업시설·지원,2017,4.71,3.54,1.33
제주,공공행정,2017,10.39,6.12,1.7
제주,교육,2017,5.56,4.71,1.18
제주,보건·사회복지,2017,5.32,4.74,1.12
제주,예술·스포츠·여가,2017,2.89,1.0,2.88
제주,협회·수리·개인,2017,1.43,1.46,0.98
제주,농림어업,2018,9.19,1.75,5.26
제주,광업,2018,0.1,0.12,0.83
제주,음식료품·담배,2018,1.42,1.35,1.05
제주,섬유·의복·가죽,2018,0.04,0.97,0.04
제주,목재·종이·인쇄,2018,0.25,0.82,0.3
제주,석탄·석유·화학,2018,0.39,5.46,0.07
제주,비금속·금속,2018,0.89,4.48,0.2
제주,전기·전자·정밀기기,2018,0.41,10.64,0.04
제주,기계·운송장비·기타,2018,0.47,6.5,0.07
제주,전기·가스,2018,1.05,1.38,0.76
제주,수도·폐기물,2018,0.48,0.67,0.72
제주,건설업,2018,9.65,5.73,1.68
제주,도소매,2018,8.59,9.53,0.9
제주,운수·창고,2018,4.81,3.55,1.36
제주,숙박·음식점,2018,7.4,2.59,2.86
제주,정보통신업,2018,4.5,4.47,1.01
제주,금융 및 보험업,2018,5.28,5.59,0.94
제주,부동산업,2018,11.29,8.03,1.41
제주,전문·과학·기술,2018,2.11,4.14,0.51
제주,사업시설·지원,2018,4.7,3.73,1.26
제주,공공행정,2018,10.98,6.29,1.75
제주,교육,2018,5.8,4.74,1.22
제주,보건·사회복지,2018,5.6,4.99,1.12
제주,예술·스포츠·여가,2018,3.08,1.08,2.84
제주,협회·수리·개인,2018,1.52,1.43,1.06
제주,농림어업,2019,8.04,1.65,4.88
제주,광업,2019,0.05,0.11,0.45
제주,음식료품·담배,2019,1.36,1.38,0.98
제주,섬유·의복·가죽,2019,0.03,0.94,0.04
제주,목재·종이·인쇄,2019,0.22,0.78,0.29
제주,석탄·석유·화학,2019,0.41,5.17,0.08
제주,비금속·금속,2019,0.8,4.36,0.18
제주,전기·전자·정밀기기,2019,0.36,9.41,0.04
제주,기계·운송장비·기타,2019,0.45,6.59,0.07
제주,전기·가스,2019,1.0,1.38,0.72
제주,수도·폐기물,2019,0.54,0.7,0.77
제주,건설업,2019,8.98,5.77,1.56
제주,도소매,2019,8.56,9.47,0.9
제주,운수·창고,2019,4.76,3.66,1.3
제주,숙박·음식점,2019,7.39,2.72,2.72
제주,정보통신업,2019,4.78,4.59,1.04
제주,금융 및 보험업,2019,5.24,5.48,0.96
제주,부동산업,2019,11.22,8.14,1.38
제주,전문·과학·기술,2019,2.22,4.41,0.5
제주,사업시설·지원,2019,5.34,3.89,1.37
제주,공공행정,2019,11.72,6.57,1.78
제주,교육,2019,6.05,4.83,1.25
제주,보건·사회복지,2019,6.11,5.43,1.12
제주,예술·스포츠·여가,2019,2.77,1.12,2.46
제주,협회·수리·개인,2019,1.61,1.45,1.11
제주,농림어업,2020,9.55,1.73,5.53
제주,광업,2020,0.05,0.1,0.54
제주,음식료품·담배,2020,1.41,1.44,0.98
제주,섬유·의복·가죽,2020,0.04,0.91,0.04
제주,목재·종이·인쇄,2020,0.22,0.75,0.29
제주,석탄·석유·화학,2020,0.43,4.85,0.09
제주,비금속·금속,2020,0.69,4.06,0.17
제주,전기·전자·정밀기기,2020,0.42,9.6,0.04
제주,기계·운송장비·기타,2020,0.42,6.33,0.07
제주,전기·가스,2020,1.57,1.71,0.92
제주,수도·폐기물,2020,0.59,0.75,0.8
제주,건설업,2020,7.71,5.82,1.32
제주,도소매,2020,8.02,9.24,0.87
제주,운수·창고,2020,4.39,3.39,1.29
제주,숙박·음식점,2020,6.36,2.22,2.86
제주,정보통신업,2020,5.14,4.83,1.06
제주,금융 및 보험업,2020,5.5,5.8,0.95
제주,부동산업,2020,11.54,8.5,1.36
제주,전문·과학·기술,2020,2.64,4.72,0.56
제주,사업시설·지원,2020,4.06,3.64,1.12
제주,공공행정,2020,12.68,6.85,1.85
제주,교육,2020,6.09,4.79,1.27
제주,보건·사회복지,2020,6.61,5.64,1.17
제주,예술·스포츠·여가,2020,2.26,0.95,2.37
제주,협회·수리·개인,2020,1.61,1.36,1.18
제주,농림어업,2021,9.87,1.81,5.45
제주,광업,2021,0.09,0.1,0.88
제주,음식료품·담배,2021,1.4,1.35,1.04
제주,섬유·의복·가죽,2021,0.04,0.8,0.04
제주,목재·종이·인쇄,2021,0.24,0.74,0.33
제주,석탄·석유·화학,2021,0.44,5.57,0.08
제주,비금속·금속,2021,0.65,4.52,0.14
제주,전기·전자·정밀기기,2021,0.5,9.92,0.05
제주,기계·운송장비·기타,2021,0.37,5.7,0.07
제주,전기·가스,2021,0.92,1.2,0.77
제주,수도·폐기물,2021,0.59,0.71,0.82
제주,건설업,2021,6.35,5.56,1.14
제주,도소매,2021,8.2,9.08,0.9
제주,운수·창고,2021,4.81,3.93,1.22
제주,숙박·음식점,2021,6.96,2.18,3.19
제주,정보통신업,2021,4.81,5.14,0.94
제주,금융 및 보험업,2021,5.65,6.08,0.93
제주,부동산업,2021,11.28,7.97,1.42
제주,전문·과학·기술,2021,2.6,4.84,0.54
제주,사업시설·지원,2021,4.27,3.34,1.28
제주,공공행정,2021,12.83,6.77,1.9
제주,교육,2021,6.28,4.74,1.32
제주,보건·사회복지,2021,6.7,5.64,1.19
제주,예술·스포츠·여가,2021,2.56,1.03,2.48
제주,협회·수리·개인,2021,1.56,1.27,1.23
제주,농림어업,2022,9.09,1.58,5.77
제주,광업,2022,0.09,0.09,1.0
제주,음식료품·담배,2022,1.4,1.39,1.0
제주,섬유·의복·가죽,2022,0.03,0.8,0.04
제주,목재·종이·인쇄,2022,0.2,0.76,0.27
제주,석탄·석유·화학,2022,0.38,5.68,0.07
제주,비금속·금속,2022,0.6,4.46,0.13
제주,전기·전자·정밀기기,2022,0.42,9.65,0.04
제주,기계·운송장비·기타,2022,0.37,6.02,0.06
제주,전기·가스,2022,-0.12,0.15,-0.83
제주,수도·폐기물,2022,0.64,0.7,0.91
제주,건설업,2022,6.44,5.66,1.14
제주,도소매,2022,8.85,9.16,0.97
제주,운수·창고,2022,5.38,4.35,1.24
제주,숙박·음식점,2022,8.29,2.57,3.23
제주,정보통신업,2022,4.13,4.95,0.83
제주,금융 및 보험업,2022,6.01,6.37,0.94
제주,부동산업,2022,10.77,7.39,1.46
제주,전문·과학·기술,2022,2.49,4.96,0.5
제주,사업시설·지원,2022,3.95,3.39,1.17
제주,공공행정,2022,13.51,6.93,1.95
제주,교육,2022,6.22,4.77,1.31
제주,보건·사회복지,2022,6.71,5.79,1.16
제주,예술·스포츠·여가,2022,2.6,1.13,2.3
제주,협회·수리·개인,2022,1.54,1.31,1.18
제주,농림어업,2023,10.24,1.56,6.56
제주,광업,2023,0.11,0.1,1.01
제주,음식료품·담배,2023,1.34,1.46,0.92
제주,섬유·의복·가죽,2023,0.03,0.77,0.04
제주,목재·종이·인쇄,2023,0.18,0.74,0.25
제주,석탄·석유·화학,2023,0.33,5.25,0.06
제주,비금속·금속,2023,0.65,4.47,0.15
제주,전기·전자·정밀기기,2023,0.43,8.08,0.05
제주,기계·운송장비·기타,2023,0.35,6.63,0.05
제주,전기·가스,2023,0.85,1.29,0.66
제주,수도·폐기물,2023,0.57,0.67,0.85
제주,건설업,2023,6.88,5.56,1.24
제주,도소매,2023,7.97,8.89,0.9
제주,운수·창고,2023,5.86,4.34,1.35
제주,숙박·음식점,2023,7.94,2.75,2.88
제주,정보통신업,2023,3.22,4.98,0.65
제주,금융 및 보험업,2023,5.62,6.18,0.91
제주,부동산업,2023,10.38,7.22,1.44
제주,전문·과학·기술,2023,2.39,5.28,0.45
제주,사업시설·지원,2023,4.37,3.63,1.2
제주,공공행정,2023,13.23,6.94,1.91
제주,교육,2023,5.92,4.75,1.25
제주,보건·사회복지,2023,6.32,5.81,1.09
제주,예술·스포츠·여가,2023,3.21,1.23,2.6
제주,협회·수리·개인,2023,1.6,1.42,1.13
제주,농림어업,2024,10.27,1.58,6.52
제주,광업,2024,0.08,0.09,0.96
제주,음식료품·담배,2024,1.34,1.46,0.92
제주,섬유·의복·가죽,2024,0.03,0.72,0.05
제주,목재·종이·인쇄,2024,0.16,0.68,0.24
제주,석탄·석유·화학,2024,0.35,5.06,0.07
제주,비금속·금속,2024,0.55,4.29,0.13
제주,전기·전자·정밀기기,2024,0.49,9.46,0.05
제주,기계·운송장비·기타,2024,0.34,6.97,0.05
제주,전기·가스,2024,1.01,2.0,0.51
제주,수도·폐기물,2024,0.54,0.62,0.87
제주,건설업,2024,5.49,5.19,1.06
제주,도소매,2024,7.93,8.55,0.93
제주,운수·창고,2024,5.86,4.26,1.38
제주,숙박·음식점,2024,7.92,2.71,2.92
제주,정보통신업,2024,3.65,4.89,0.75
제주,금융 및 보험업,2024,5.35,5.87,0.91
제주,부동산업,2024,10.4,7.07,1.47
제주,전문·과학·기술,2024,2.3,5.05,0.46
제주,사업시설·지원,2024,4.66,3.52,1.32
제주,공공행정,2024,13.61,6.91,1.97
제주,교육,2024,5.93,4.64,1.28
제주,보건·사회복지,2024,6.51,5.79,1.13
제주,예술·스포츠·여가,2024,3.62,1.21,3.0
제주,협회·수리·개인,2024,1.61,1.42,1.13
충남,농림어업,2014,4.86,2.12,2.29
충남,광업,2014,0.16,0.15,1.06
충남,음식료품·담배,2014,2.25,1.32,1.7
충남,섬유·의복·가죽,2014,0.53,1.31,0.41
충남,목재·종이·인쇄,2014,0.81,0.85,0.95
충남,석탄·석유·화학,2014,13.63,5.74,2.38
충남,비금속·금속,2014,8.52,5.15,1.66
충남,전기·전자·정밀기기,2014,17.74,9.15,1.94
충남,기계·운송장비·기타,2014,9.87,7.16,1.38
충남,전기·가스,2014,4.01,1.95,2.06
충남,수도·폐기물,2014,0.45,0.56,0.81
충남,건설업,2014,5.61,4.77,1.18
충남,도소매,2014,3.92,10.06,0.39
충남,운수·창고,2014,2.47,3.77,0.65
충남,숙박·음식점,2014,1.61,2.4,0.67
충남,정보통신업,2014,0.93,4.46,0.21
충남,금융 및 보험업,2014,2.33,5.51,0.42
충남,부동산업,2014,3.91,7.86,0.5
충남,전문·과학·기술,2014,1.11,4.04,0.27
충남,사업시설·지원,2014,1.81,3.36,0.54
충남,공공행정,2014,5.43,6.17,0.88
충남,교육,2014,3.89,5.08,0.77
충남,보건·사회복지,2014,2.74,4.41,0.62
충남,예술·스포츠·여가,2014,0.48,1.08,0.44
충남,협회·수리·개인,2014,0.93,1.57,0.59
충남,농림어업,2015,4.77,2.07,2.31
충남,광업,2015,0.15,0.14,1.08
충남,음식료품·담배,2015,2.35,1.35,1.74
충남,섬유·의복·가죽,2015,0.45,1.18,0.39
충남,목재·종이·인쇄,2015,0.79,0.84,0.94
충남,석탄·석유·화학,2015,12.84,5.83,2.2
충남,비금속·금속,2015,8.38,4.89,1.71
충남,전기·전자·정밀기기,2015,16.47,8.91,1.85
충남,기계·운송장비·기타,2015,10.01,7.2,1.39
충남,전기·가스,2015,4.76,2.19,2.18
충남,수도·폐기물,2015,0.58,0.59,0.98
충남,건설업,2015,6.36,5.04,1.26
충남,도소매,2015,3.92,9.82,0.4
충남,운수·창고,2015,2.75,4.09,0.67
충남,숙박·음식점,2015,1.7,2.48,0.68
충남,정보통신업,2015,0.96,4.41,0.22
충남,금융 및 보험업,2015,2.26,5.46,0.41
충남,부동산업,2015,3.99,7.86,0.51
충남,전문·과학·기술,2015,1.14,4.16,0.27
충남,사업시설·지원,2015,1.91,3.46,0.55
충남,공공행정,2015,5.47,6.09,0.9
충남,교육,2015,3.85,4.97,0.77
충남,보건·사회복지,2015,2.76,4.46,0.62
충남,예술·스포츠·여가,2015,0.47,1.03,0.46
충남,협회·수리·개인,2015,0.91,1.5,0.6
충남,농림어업,2016,4.03,1.91,2.11
충남,광업,2016,0.17,0.15,1.14
충남,음식료품·담배,2016,2.24,1.35,1.66
충남,섬유·의복·가죽,2016,0.4,1.12,0.35
충남,목재·종이·인쇄,2016,0.81,0.87,0.94
충남,석탄·석유·화학,2016,12.92,5.82,2.22
충남,비금속·금속,2016,8.3,4.79,1.73
충남,전기·전자·정밀기기,2016,16.74,8.92,1.88
충남,기계·운송장비·기타,2016,10.12,7.05,1.44
충남,전기·가스,2016,5.4,2.17,2.48
충남,수도·폐기물,2016,0.67,0.65,1.04
충남,건설업,2016,6.36,5.47,1.16
충남,도소매,2016,3.8,9.8,0.39
충남,운수·창고,2016,2.77,3.91,0.71
충남,숙박·음식점,2016,1.79,2.58,0.69
충남,정보통신업,2016,0.96,4.51,0.21
충남,금융 및 보험업,2016,2.15,5.26,0.41
충남,부동산업,2016,3.88,7.98,0.49
충남,전문·과학·기술,2016,1.17,4.09,0.29
충남,사업시설·지원,2016,1.84,3.49,0.53
충남,공공행정,2016,5.45,6.08,0.9
충남,교육,2016,3.76,4.85,0.78
충남,보건·사회복지,2016,2.88,4.6,0.63
충남,예술·스포츠·여가,2016,0.47,1.05,0.44
충남,협회·수리·개인,2016,0.93,1.52,0.61
충남,농림어업,2017,3.59,1.89,1.9
충남,광업,2017,0.12,0.15,0.85
충남,음식료품·담배,2017,2.18,1.33,1.64
충남,섬유·의복·가죽,2017,0.36,1.02,0.35
충남,목재·종이·인쇄,2017,0.7,0.77,0.91
충남,석탄·석유·화학,2017,13.03,5.75,2.26
충남,비금속·금속,2017,7.95,4.69,1.69
충남,전기·전자·정밀기기,2017,20.11,10.15,1.98
충남,기계·운송장비·기타,2017,10.72,6.78,1.58
충남,전기·가스,2017,3.96,1.81,2.19
충남,수도·폐기물,2017,0.65,0.62,1.04
충남,건설업,2017,6.05,5.78,1.05
충남,도소매,2017,3.63,9.66,0.38
충남,운수·창고,2017,2.51,3.69,0.68
충남,숙박·음식점,2017,1.69,2.54,0.67
충남,정보통신업,2017,0.88,4.44,0.2
충남,금융 및 보험업,2017,2.15,5.4,0.4
충남,부동산업,2017,3.67,7.94,0.46
충남,전문·과학·기술,2017,1.27,4.02,0.32
충남,사업시설·지원,2017,1.84,3.54,0.52
충남,공공행정,2017,5.24,6.12,0.86
충남,교육,2017,3.55,4.71,0.75
충남,보건·사회복지,2017,2.83,4.74,0.6
충남,예술·스포츠·여가,2017,0.44,1.0,0.44
충남,협회·수리·개인,2017,0.88,1.46,0.6
충남,농림어업,2018,3.47,1.75,1.99
충남,광업,2018,0.1,0.12,0.83
충남,음식료품·담배,2018,2.32,1.35,1.72
충남,섬유·의복·가죽,2018,0.35,0.97,0.36
충남,목재·종이·인쇄,2018,0.74,0.82,0.9
충남,석탄·석유·화학,2018,12.69,5.46,2.33
충남,비금속·금속,2018,7.9,4.48,1.77
충남,전기·전자·정밀기기,2018,21.71,10.64,2.04
충남,기계·운송장비·기타,2018,9.71,6.5,1.49
충남,전기·가스,2018,3.25,1.38,2.35
충남,수도·폐기물,2018,0.66,0.67,0.99
충남,건설업,2018,5.43,5.73,0.95
충남,도소매,2018,3.75,9.53,0.39
충남,운수·창고,2018,2.46,3.55,0.69
충남,숙박·음식점,2018,1.76,2.59,0.68
충남,정보통신업,2018,0.92,4.47,0.21
충남,금융 및 보험업,2018,2.27,5.59,0.41
충남,부동산업,2018,3.69,8.03,0.46
충남,전문·과학·기술,2018,1.39,4.14,0.33
충남,사업시설·지원,2018,1.9,3.73,0.51
충남,공공행정,2018,5.46,6.29,0.87
충남,교육,2018,3.72,4.74,0.79
충남,보건·사회복지,2018,3.04,4.99,0.61
충남,예술·스포츠·여가,2018,0.46,1.08,0.42
충남,협회·수리·개인,2018,0.87,1.43,0.61
충남,농림어업,2019,3.49,1.65,2.12
충남,광업,2019,0.09,0.11,0.85
충남,음식료품·담배,2019,2.42,1.38,1.75
충남,섬유·의복·가죽,2019,0.29,0.94,0.31
충남,목재·종이·인쇄,2019,0.69,0.78,0.88
충남,석탄·석유·화학,2019,12.12,5.17,2.35
충남,비금속·금속,2019,7.65,4.36,1.76
충남,전기·전자·정밀기기,2019,20.25,9.41,2.15
충남,기계·운송장비·기타,2019,9.52,6.59,1.44
충남,전기·가스,2019,3.69,1.38,2.67
충남,수도·폐기물,2019,0.71,0.7,1.01
충남,건설업,2019,5.41,5.77,0.94
충남,도소매,2019,3.79,9.47,0.4
충남,운수·창고,2019,2.62,3.66,0.72
충남,숙박·음식점,2019,1.76,2.72,0.65
충남,정보통신업,2019,0.96,4.59,0.21
충남,금융 및 보험업,2019,2.32,5.48,0.42
충남,부동산업,2019,3.86,8.14,0.47
충남,전문·과학·기술,2019,1.54,4.41,0.35
충남,사업시설·지원,2019,2.08,3.89,0.54
충남,공공행정,2019,5.92,6.57,0.9
충남,교육,2019,3.93,4.83,0.81
충남,보건·사회복지,2019,3.42,5.43,0.63
충남,예술·스포츠·여가,2019,0.53,1.12,0.47
충남,협회·수리·개인,2019,0.94,1.45,0.65
충남,농림어업,2020,3.6,1.73,2.08
충남,광업,2020,0.1,0.1,1.01
충남,음식료품·담배,2020,2.49,1.44,1.73
충남,섬유·의복·가죽,2020,0.35,0.91,0.39
충남,목재·종이·인쇄,2020,0.69,0.75,0.92
충남,석탄·석유·화학,2020,10.34,4.85,2.13
충남,비금속·금속,2020,7.16,4.06,1.76
충남,전기·전자·정밀기기,2020,20.7,9.6,2.16
충남,기계·운송장비·기타,2020,10.15,6.33,1.6
충남,전기·가스,2020,4.0,1.71,2.34
충남,수도·폐기물,2020,0.76,0.75,1.02
충남,건설업,2020,5.82,5.82,1.0
충남,도소매,2020,3.78,9.24,0.41
충남,운수·창고,2020,2.58,3.39,0.76
충남,숙박·음식점,2020,1.54,2.22,0.69
충남,정보통신업,2020,0.96,4.83,0.2
충남,금융 및 보험업,2020,2.32,5.8,0.4
충남,부동산업,2020,4.02,8.5,0.47
충남,전문·과학·기술,2020,1.69,4.72,0.36
충남,사업시설·지원,2020,1.99,3.64,0.55
충남,공공행정,2020,6.31,6.85,0.92
충남,교육,2020,3.81,4.79,0.8
충남,보건·사회복지,2020,3.44,5.64,0.61
충남,예술·스포츠·여가,2020,0.53,0.95,0.55
충남,협회·수리·개인,2020,0.85,1.36,0.62
충남,농림어업,2021,3.91,1.81,2.16
충남,광업,2021,0.11,0.1,1.08
충남,음식료품·담배,2021,2.27,1.35,1.68
충남,섬유·의복·가죽,2021,0.3,0.8,0.38
충남,목재·종이·인쇄,2021,0.64,0.74,0.87
충남,석탄·석유·화학,2021,12.67,5.57,2.28
충남,비금속·금속,2021,8.07,4.52,1.78
충남,전기·전자·정밀기기,2021,20.87,9.92,2.1
충남,기계·운송장비·기타,2021,9.01,5.7,1.58
충남,전기·가스,2021,3.55,1.2,2.95
충남,수도·폐기물,2021,0.8,0.71,1.12
충남,건설업,2021,5.63,5.56,1.01
충남,도소매,2021,3.57,9.08,0.39
충남,운수·창고,2021,2.67,3.93,0.68
충남,숙박·음식점,2021,1.49,2.18,0.68
충남,정보통신업,2021,0.92,5.14,0.18
충남,금융 및 보험업,2021,2.33,6.08,0.38
충남,부동산업,2021,3.62,7.97,0.45
충남,전문·과학·기술,2021,1.62,4.84,0.34
충남,사업시설·지원,2021,1.83,3.34,0.55
충남,공공행정,2021,5.89,6.77,0.87
충남,교육,2021,3.65,4.74,0.77
충남,보건·사회복지,2021,3.32,5.64,0.59
충남,예술·스포츠·여가,2021,0.52,1.03,0.5
충남,협회·수리·개인,2021,0.74,1.27,0.58
충남,농림어업,2022,3.3,1.58,2.09
충남,광업,2022,0.09,0.09,1.05
충남,음식료품·담배,2022,2.38,1.39,1.71
충남,섬유·의복·가죽,2022,0.33,0.8,0.41
충남,목재·종이·인쇄,2022,0.68,0.76,0.9
충남,석탄·석유·화학,2022,14.48,5.68,2.55
충남,비금속·금속,2022,7.89,4.46,1.77
충남,전기·전자·정밀기기,2022,19.24,9.65,1.99
충남,기계·운송장비·기타,2022,9.51,6.02,1.58
충남,전기·가스,2022,2.05,0.15,14.06
충남,수도·폐기물,2022,0.78,0.7,1.11
충남,건설업,2022,5.84,5.66,1.03
충남,도소매,2022,3.7,9.16,0.4
충남,운수·창고,2022,2.75,4.35,0.63
충남,숙박·음식점,2022,1.63,2.57,0.63
충남,정보통신업,2022,0.92,4.95,0.19
충남,금융 및 보험업,2022,2.49,6.37,0.39
충남,부동산업,2022,3.59,7.39,0.49
충남,전문·과학·기술,2022,1.77,4.96,0.36
충남,사업시설·지원,2022,1.94,3.39,0.57
충남,공공행정,2022,6.17,6.93,0.89
충남,교육,2022,3.71,4.77,0.78
충남,보건·사회복지,2022,3.43,5.79,0.59
충남,예술·스포츠·여가,2022,0.53,1.13,0.47
충남,협회·수리·개인,2022,0.8,1.31,0.61
충남,농림어업,2023,3.22,1.56,2.06
충남,광업,2023,0.12,0.1,1.17
충남,음식료품·담배,2023,2.7,1.46,1.85
충남,섬유·의복·가죽,2023,0.36,0.77,0.47
충남,목재·종이·인쇄,2023,0.69,0.74,0.94
충남,석탄·석유·화학,2023,13.34,5.25,2.54
충남,비금속·금속,2023,7.98,4.47,1.78
충남,전기·전자·정밀기기,2023,15.63,8.08,1.93
충남,기계·운송장비·기타,2023,10.73,6.63,1.62
충남,전기·가스,2023,3.58,1.29,2.77
충남,수도·폐기물,2023,0.79,0.67,1.18
충남,건설업,2023,6.41,5.56,1.15
충남,도소매,2023,3.59,8.89,0.4
충남,운수·창고,2023,2.71,4.34,0.63
충남,숙박·음식점,2023,1.79,2.75,0.65
충남,정보통신업,2023,0.89,4.98,0.18
충남,금융 및 보험업,2023,2.53,6.18,0.41
충남,부동산업,2023,3.71,7.22,0.51
충남,전문·과학·기술,2023,1.92,5.28,0.36
충남,사업시설·지원,2023,2.09,3.63,0.57
충남,공공행정,2023,6.36,6.94,0.92
충남,교육,2023,3.85,4.75,0.81
충남,보건·사회복지,2023,3.53,5.81,0.61
충남,예술·스포츠·여가,2023,0.57,1.23,0.46
충남,협회·수리·개인,2023,0.89,1.42,0.62
충남,농림어업,2024,3.03,1.58,1.92
충남,광업,2024,0.11,0.09,1.27
충남,음식료품·담배,2024,2.73,1.46,1.88
충남,섬유·의복·가죽,2024,0.34,0.72,0.47
충남,목재·종이·인쇄,2024,0.67,0.68,0.98
충남,석탄·석유·화학,2024,12.84,5.06,2.54
충남,비금속·금속,2024,7.24,4.29,1.69
충남,전기·전자·정밀기기,2024,16.45,9.46,1.74
충남,기계·운송장비·기타,2024,10.75,6.97,1.54
충남,전기·가스,2024,5.37,2.0,2.69
충남,수도·폐기물,2024,0.76,0.62,1.22
충남,건설업,2024,6.02,5.19,1.16
충남,도소매,2024,3.51,8.55,0.41
충남,운수·창고,2024,2.64,4.26,0.62
충남,숙박·음식점,2024,1.72,2.71,0.63
충남,정보통신업,2024,0.85,4.89,0.17
충남,금융 및 보험업,2024,2.35,5.87,0.4
충남,부동산업,2024,3.8,7.07,0.54
충남,전문·과학·기술,2024,1.76,5.05,0.35
충남,사업시설·지원,2024,1.97,3.52,0.56
충남,공공행정,2024,6.4,6.91,0.93
충남,교육,2024,3.72,4.64,0.8
충남,보건·사회복지,2024,3.53,5.79,0.61
충남,예술·스포츠·여가,2024,0.54,1.21,0.45
충남,협회·수리·개인,2024,0.89,1.42,0.62
충북,농림어업,2014,3.76,2.12,1.77
충북,광업,2014,0.29,0.15,2.0
충북,음식료품·담배,2014,4.65,1.32,3.51
충북,섬유·의복·가죽,2014,0.8,1.31,0.61
충북,목재·종이·인쇄,2014,1.77,0.85,2.07
충북,석탄·석유·화학,2014,9.16,5.74,1.6
충북,비금속·금속,2014,5.9,5.15,1.15
충북,전기·전자·정밀기기,2014,16.01,9.15,1.75
충북,기계·운송장비·기타,2014,6.01,7.16,0.84
충북,전기·가스,2014,0.96,1.95,0.49
충북,수도·폐기물,2014,0.96,0.56,1.72
충북,건설업,2014,5.07,4.77,1.06
충북,도소매,2014,5.26,10.06,0.52
충북,운수·창고,2014,2.7,3.77,0.71
충북,숙박·음식점,2014,2.16,2.4,0.9
충북,정보통신업,2014,1.39,4.46,0.31
충북,금융 및 보험업,2014,3.29,5.51,0.6
충북,부동산업,2014,5.16,7.86,0.66
충북,전문·과학·기술,2014,1.73,4.04,0.43
충북,사업시설·지원,2014,3.29,3.36,0.98
충북,공공행정,2014,8.15,6.17,1.32
충북,교육,2014,5.69,5.08,1.12
충북,보건·사회복지,2014,3.74,4.41,0.85
충북,예술·스포츠·여가,2014,0.8,1.08,0.74
충북,협회·수리·개인,2014,1.3,1.57,0.83
충북,농림어업,2015,3.78,2.07,1.83
충북,광업,2015,0.29,0.14,2.11
충북,음식료품·담배,2015,4.45,1.35,3.3
충북,섬유·의복·가죽,2015,0.73,1.18,0.62
충북,목재·종이·인쇄,2015,1.7,0.84,2.04
충북,석탄·석유·화학,2015,10.16,5.83,1.74
충북,비금속·금속,2015,6.11,4.89,1.25
충북,전기·전자·정밀기기,2015,17.1,8.91,1.92
충북,기계·운송장비·기타,2015,5.61,7.2,0.78
충북,전기·가스,2015,1.17,2.19,0.53
충북,수도·폐기물,2015,0.96,0.59,1.62
충북,건설업,2015,5.11,5.04,1.01
충북,도소매,2015,4.93,9.82,0.5
충북,운수·창고,2015,2.82,4.09,0.69
충북,숙박·음식점,2015,2.16,2.48,0.87
충북,정보통신업,2015,1.34,4.41,0.3
충북,금융 및 보험업,2015,3.07,5.46,0.56
충북,부동산업,2015,4.91,7.86,0.62
충북,전문·과학·기술,2015,1.72,4.16,0.41
충북,사업시설·지원,2015,3.06,3.46,0.88
충북,공공행정,2015,7.91,6.09,1.3
충북,교육,2015,5.29,4.97,1.06
충북,보건·사회복지,2015,3.64,4.46,0.82
충북,예술·스포츠·여가,2015,0.75,1.03,0.73
충북,협회·수리·개인,2015,1.21,1.5,0.81
충북,농림어업,2016,3.53,1.91,1.85
충북,광업,2016,0.34,0.15,2.24
충북,음식료품·담배,2016,4.44,1.35,3.28
충북,섬유·의복·가죽,2016,0.66,1.12,0.59
충북,목재·종이·인쇄,2016,1.59,0.87,1.83
충북,석탄·석유·화학,2016,10.44,5.82,1.79
충북,비금속·금속,2016,6.27,4.79,1.31
충북,전기·전자·정밀기기,2016,17.78,8.92,1.99
충북,기계·운송장비·기타,2016,5.61,7.05,0.8
충북,전기·가스,2016,1.19,2.17,0.55
충북,수도·폐기물,2016,1.03,0.65,1.6
충북,건설업,2016,5.67,5.47,1.04
충북,도소매,2016,4.61,9.8,0.47
충북,운수·창고,2016,3.05,3.91,0.78
충북,숙박·음식점,2016,2.15,2.58,0.83
충북,정보통신업,2016,1.31,4.51,0.29
충북,금융 및 보험업,2016,2.82,5.26,0.54
충북,부동산업,2016,4.76,7.98,0.6
충북,전문·과학·기술,2016,1.71,4.09,0.42
충북,사업시설·지원,2016,2.88,3.49,0.83
충북,공공행정,2016,7.51,6.08,1.24
충북,교육,2016,5.07,4.85,1.04
충북,보건·사회복지,2016,3.6,4.6,0.78
충북,예술·스포츠·여가,2016,0.75,1.05,0.71
충북,협회·수리·개인,2016,1.22,1.52,0.8
충북,농림어업,2017,3.26,1.89,1.73
충북,광업,2017,0.36,0.15,2.46
충북,음식료품·담배,2017,4.13,1.33,3.1
충북,섬유·의복·가죽,2017,0.6,1.02,0.58
충북,목재·종이·인쇄,2017,1.55,0.77,2.01
충북,석탄·석유·화학,2017,10.05,5.75,1.75
충북,비금속·금속,2017,6.29,4.69,1.34
충북,전기·전자·정밀기기,2017,20.66,10.15,2.04
충북,기계·운송장비·기타,2017,5.34,6.78,0.79
충북,전기·가스,2017,0.93,1.81,0.52
충북,수도·폐기물,2017,0.95,0.62,1.53
충북,건설업,2017,5.97,5.78,1.03
충북,도소매,2017,4.39,9.66,0.45
충북,운수·창고,2017,2.7,3.69,0.73
충북,숙박·음식점,2017,2.06,2.54,0.81
충북,정보통신업,2017,1.24,4.44,0.28
충북,금융 및 보험업,2017,2.84,5.4,0.52
충북,부동산업,2017,4.5,7.94,0.57
충북,전문·과학·기술,2017,1.72,4.02,0.43
충북,사업시설·지원,2017,2.78,3.54,0.78
충북,공공행정,2017,7.36,6.12,1.2
충북,교육,2017,4.86,4.71,1.03
충북,보건·사회복지,2017,3.6,4.74,0.76
충북,예술·스포츠·여가,2017,0.73,1.0,0.73
충북,협회·수리·개인,2017,1.15,1.46,0.79
충북,농림어업,2018,2.86,1.75,1.64
충북,광업,2018,0.36,0.12,2.89
충북,음식료품·담배,2018,4.03,1.35,2.98
충북,섬유·의복·가죽,2018,0.61,0.97,0.63
충북,목재·종이·인쇄,2018,1.62,0.82,1.98
충북,석탄·석유·화학,2018,10.19,5.46,1.87
충북,비금속·금속,2018,5.19,4.48,1.16
충북,전기·전자·정밀기기,2018,21.66,10.64,2.03
충북,기계·운송장비·기타,2018,5.59,6.5,0.86
충북,전기·가스,2018,0.63,1.38,0.46
충북,수도·폐기물,2018,0.98,0.67,1.47
충북,건설업,2018,6.77,5.73,1.18
충북,도소매,2018,4.22,9.53,0.44
충북,운수·창고,2018,2.54,3.55,0.72
충북,숙박·음식점,2018,2.13,2.59,0.82
충북,정보통신업,2018,1.19,4.47,0.27
충북,금융 및 보험업,2018,2.88,5.59,0.51
충북,부동산업,2018,4.41,8.03,0.55
충북,전문·과학·기술,2018,1.83,4.14,0.44
충북,사업시설·지원,2018,2.77,3.73,0.74
충북,공공행정,2018,7.2,6.29,1.14
충북,교육,2018,4.84,4.74,1.02
충북,보건·사회복지,2018,3.66,4.99,0.73
충북,예술·스포츠·여가,2018,0.75,1.08,0.69
충북,협회·수리·개인,2018,1.11,1.43,0.78
충북,농림어업,2019,2.57,1.65,1.56
충북,광업,2019,0.29,0.11,2.56
충북,음식료품·담배,2019,4.26,1.38,3.08
충북,섬유·의복·가죽,2019,0.58,0.94,0.62
충북,목재·종이·인쇄,2019,1.24,0.78,1.58
충북,석탄·석유·화학,2019,10.76,5.17,2.08
충북,비금속·금속,2019,5.19,4.36,1.19
충북,전기·전자·정밀기기,2019,20.56,9.41,2.18
충북,기계·운송장비·기타,2019,6.25,6.59,0.95
충북,전기·가스,2019,0.58,1.38,0.42
충북,수도·폐기물,2019,1.04,0.7,1.49
충북,건설업,2019,6.1,5.77,1.06
충북,도소매,2019,4.08,9.47,0.43
충북,운수·창고,2019,2.66,3.66,0.73
충북,숙박·음식점,2019,2.18,2.72,0.8
충북,정보통신업,2019,1.19,4.59,0.26
충북,금융 및 보험업,2019,2.8,5.48,0.51
충북,부동산업,2019,4.35,8.14,0.53
충북,전문·과학·기술,2019,1.97,4.41,0.45
충북,사업시설·지원,2019,3.09,3.89,0.79
충북,공공행정,2019,7.54,6.57,1.15
충북,교육,2019,4.91,4.83,1.02
충북,보건·사회복지,2019,3.95,5.43,0.73
충북,예술·스포츠·여가,2019,0.79,1.12,0.7
충북,협회·수리·개인,2019,1.06,1.45,0.73
충북,농림어업,2020,2.56,1.73,1.48
충북,광업,2020,0.25,0.1,2.47
충북,음식료품·담배,2020,4.57,1.44,3.17
충북,섬유·의복·가죽,2020,0.64,0.91,0.7
충북,목재·종이·인쇄,2020,1.25,0.75,1.66
충북,석탄·석유·화학,2020,12.12,4.85,2.5
충북,비금속·금속,2020,5.09,4.06,1.25
충북,전기·전자·정밀기기,2020,18.13,9.6,1.89
충북,기계·운송장비·기타,2020,6.05,6.33,0.96
충북,전기·가스,2020,1.1,1.71,0.65
충북,수도·폐기물,2020,1.2,0.75,1.61
충북,건설업,2020,5.54,5.82,0.95
충북,도소매,2020,4.17,9.24,0.45
충북,운수·창고,2020,2.48,3.39,0.73
충북,숙박·음식점,2020,1.78,2.22,0.8
충북,정보통신업,2020,1.23,4.83,0.26
충북,금융 및 보험업,2020,2.9,5.8,0.5
충북,부동산업,2020,4.66,8.5,0.55
충북,전문·과학·기술,2020,2.15,4.72,0.46
충북,사업시설·지원,2020,3.07,3.64,0.84
충북,공공행정,2020,8.22,6.85,1.2
충북,교육,2020,4.88,4.79,1.02
충북,보건·사회복지,2020,4.14,5.64,0.73
충북,예술·스포츠·여가,2020,0.81,0.95,0.84
충북,협회·수리·개인,2020,1.01,1.36,0.74
충북,농림어업,2021,2.73,1.81,1.51
충북,광업,2021,0.26,0.1,2.65
충북,음식료품·담배,2021,4.32,1.35,3.19
충북,섬유·의복·가죽,2021,0.54,0.8,0.68
충북,목재·종이·인쇄,2021,1.21,0.74,1.63
충북,석탄·석유·화학,2021,12.29,5.57,2.21
충북,비금속·금속,2021,5.15,4.52,1.14
충북,전기·전자·정밀기기,2021,19.44,9.92,1.96
충북,기계·운송장비·기타,2021,5.8,5.7,1.02
충북,전기·가스,2021,0.3,1.2,0.25
충북,수도·폐기물,2021,1.18,0.71,1.66
충북,건설업,2021,5.35,5.56,0.96
충북,도소매,2021,4.14,9.08,0.46
충북,운수·창고,2021,2.57,3.93,0.65
충북,숙박·음식점,2021,1.74,2.18,0.8
충북,정보통신업,2021,1.29,5.14,0.25
충북,금융 및 보험업,2021,3.02,6.08,0.5
충북,부동산업,2021,4.46,7.97,0.56
충북,전문·과학·기술,2021,2.28,4.84,0.47
충북,사업시설·지원,2021,2.81,3.34,0.84
충북,공공행정,2021,8.19,6.77,1.21
충북,교육,2021,4.95,4.74,1.04
충북,보건·사회복지,2021,4.13,5.64,0.73
충북,예술·스포츠·여가,2021,0.88,1.03,0.85
충북,협회·수리·개인,2021,0.99,1.27,0.78
충북,농림어업,2022,2.49,1.58,1.58
충북,광업,2022,0.25,0.09,2.77
충북,음식료품·담배,2022,4.45,1.39,3.19
충북,섬유·의복·가죽,2022,0.51,0.8,0.63
충북,목재·종이·인쇄,2022,1.27,0.76,1.68
충북,석탄·석유·화학,2022,11.61,5.68,2.04
충북,비금속·금속,2022,5.4,4.46,1.21
충북,전기·전자·정밀기기,2022,19.51,9.65,2.02
충북,기계·운송장비·기타,2022,6.06,6.02,1.01
충북,전기·가스,2022,-1.32,0.15,-9.04
충북,수도·폐기물,2022,1.15,0.7,1.63
충북,건설업,2022,6.29,5.66,1.11
충북,도소매,2022,4.01,9.16,0.44
충북,운수·창고,2022,2.61,4.35,0.6
충북,숙박·음식점,2022,2.17,2.57,0.85
충북,정보통신업,2022,1.2,4.95,0.24
충북,금융 및 보험업,2022,3.22,6.37,0.51
충북,부동산업,2022,4.33,7.39,0.59
충북,전문·과학·기술,2022,2.22,4.96,0.45
충북,사업시설·지원,2022,2.99,3.39,0.88
충북,공공행정,2022,8.45,6.93,1.22
충북,교육,2022,5.02,4.77,1.05
충북,보건·사회복지,2022,4.26,5.79,0.74
충북,예술·스포츠·여가,2022,0.84,1.13,0.74
충북,협회·수리·개인,2022,1.03,1.31,0.79
충북,농림어업,2023,2.53,1.56,1.62
충북,광업,2023,0.32,0.1,3.07
충북,음식료품·담배,2023,4.63,1.46,3.16
충북,섬유·의복·가죽,2023,0.45,0.77,0.58
충북,목재·종이·인쇄,2023,1.29,0.74,1.75
충북,석탄·석유·화학,2023,10.92,5.25,2.08
충북,비금속·금속,2023,5.67,4.47,1.27
충북,전기·전자·정밀기기,2023,16.27,8.08,2.01
충북,기계·운송장비·기타,2023,6.66,6.63,1.0
충북,전기·가스,2023,0.47,1.29,0.36
충북,수도·폐기물,2023,1.12,0.67,1.67
충북,건설업,2023,6.26,5.56,1.13
충북,도소매,2023,4.0,8.89,0.45
충북,운수·창고,2023,2.91,4.34,0.67
충북,숙박·음식점,2023,2.26,2.75,0.82
충북,정보통신업,2023,1.13,4.98,0.23
충북,금융 및 보험업,2023,3.22,6.18,0.52
충북,부동산업,2023,4.39,7.22,0.61
충북,전문·과학·기술,2023,2.65,5.28,0.5
충북,사업시설·지원,2023,2.99,3.63,0.83
충북,공공행정,2023,8.5,6.94,1.22
충북,교육,2023,5.09,4.75,1.07
충북,보건·사회복지,2023,4.28,5.81,0.74
충북,예술·스포츠·여가,2023,0.87,1.23,0.71
충북,협회·수리·개인,2023,1.11,1.42,0.78
충북,농림어업,2024,2.6,1.58,1.65
충북,광업,2024,0.27,0.09,3.03
충북,음식료품·담배,2024,4.56,1.46,3.13
충북,섬유·의복·가죽,2024,0.4,0.72,0.55
충북,목재·종이·인쇄,2024,1.19,0.68,1.75
충북,석탄·석유·화학,2024,10.5,5.06,2.08
충북,비금속·금속,2024,5.47,4.29,1.27
충북,전기·전자·정밀기기,2024,16.23,9.46,1.72
충북,기계·운송장비·기타,2024,6.72,6.97,0.96
충북,전기·가스,2024,1.3,2.0,0.65
충북,수도·폐기물,2024,1.01,0.62,1.62
충북,건설업,2024,6.33,5.19,1.22
충북,도소매,2024,3.95,8.55,0.46
충북,운수·창고,2024,3.24,4.26,0.76
충북,숙박·음식점,2024,2.27,2.71,0.84
충북,정보통신업,2024,1.09,4.89,0.22
충북,금융 및 보험업,2024,3.03,5.87,0.52
충북,부동산업,2024,4.5,7.07,0.64
충북,전문·과학·기술,2024,2.5,5.05,0.5
충북,사업시설·지원,2024,2.94,3.52,0.83
충북,공공행정,2024,8.56,6.91,1.24
충북,교육,2024,5.03,4.64,1.09
충북,보건·사회복지,2024,4.35,5.79,0.75
충북,예술·스포츠·여가,2024,0.84,1.21,0.69
충북,협회·수리·개인,2024,1.12,1.42,0.79
