io_sector,io_name,cluster,company,region,workers,sites,first_registered,expansion_signal,size_fit,region_weight,expansion,gap_score,fit_score,matched_daegu_demand,incentive
1723,"염료, 안료 및 유연제",섬유,(주)보광,경남,91,2,,공장 2개,1.0,0.9,1.0,0.32919,296.271,654곳: 섬유표백 및 염색 임가공(316) · 천연 및 화학 섬유직물(297) · 편조원단(25),3333-305 산업단지환경조성 409920백만원 / 3363-306 지역투자촉진 251347백만원 / 3363-307 지역투자촉진(세종) 5026백만원 / 3362-301 지방주도형투자·일자리지원(자율) 3602백만원 / 3362-332 지방주도형투자·일자리지원 1565백만원
1723,"염료, 안료 및 유연제",섬유,(주)영일,경남,61,2,,공장 2개,1.0,0.9,1.0,0.32919,296.271,654곳: 섬유표백 및 염색 임가공(316) · 천연 및 화학 섬유직물(297) · 편조원단(25),3333-305 산업단지환경조성 409920백만원 / 3363-306 지역투자촉진 251347백만원 / 3363-307 지역투자촉진(세종) 5026백만원 / 3362-301 지방주도형투자·일자리지원(자율) 3602백만원 / 3362-332 지방주도형투자·일자리지원 1565백만원
1723,"염료, 안료 및 유연제",섬유,(주)일삼,울산,48,2,,공장 2개,0.8,0.9,1.0,0.32919,237.017,654곳: 섬유표백 및 염색 임가공(316) · 천연 및 화학 섬유직물(297) · 편조원단(25),3333-305 산업단지환경조성 409920백만원 / 3363-306 지역투자촉진 251347백만원 / 3363-307 지역투자촉진(세종) 5026백만원 / 3362-301 지방주도형투자·일자리지원(자율) 3602백만원 / 3362-332 지방주도형투자·일자리지원 1565백만원
1723,"염료, 안료 및 유연제",섬유,(주)오영,경기,192,4,,공장 4개,1.0,0.6,1.0,0.32919,197.514,654곳: 섬유표백 및 염색 임가공(316) · 천연 및 화학 섬유직물(297) · 편조원단(25),3333-305 산업단지환경조성 409920백만원 / 3363-306 지역투자촉진 251347백만원 / 3363-307 지역투자촉진(세종) 5026백만원 / 3362-301 지방주도형투자·일자리지원(자율) 3602백만원 / 3362-332 지방주도형투자·일자리지원 1565백만원
1723,"염료, 안료 및 유연제",섬유,삼원산업(주),경기,55,2,,공장 2개,1.0,0.6,1.0,0.32919,197.514,654곳: 섬유표백 및 염색 임가공(316) · 천연 및 화학 섬유직물(297) · 편조원단(25),3333-305 산업단지환경조성 409920백만원 / 3363-306 지역투자촉진 251347백만원 / 3363-307 지역투자촉진(세종) 5026백만원 / 3362-301 지방주도형투자·일자리지원(자율) 3602백만원 / 3362-332 지방주도형투자·일자리지원 1565백만원
1801,합성수지,섬유,(주)나노코,경북,62,2,,공장 2개,1.0,1.0,1.0,0.18011,180.11,481곳: 직물제품(363) · 기타 섬유제품(117) · 기타 섬유직물(1),3333-305 산업단지환경조성 409920백만원 / 3363-306 지역투자촉진 251347백만원 / 3363-307 지역투자촉진(세종) 5026백만원 / 3362-301 지방주도형투자·일자리지원(자율) 3602백만원 / 3362-332 지방주도형투자·일자리지원 1565백만원
1801,합성수지,섬유,(주)데스코,경북,131,2,,공장 2개,1.0,1.0,1.0,0.18011,180.11,481곳: 직물제품(363) · 기타 섬유제품(117) · 기타 섬유직물(1),3333-305 산업단지환경조성 409920백만원 / 3363-306 지역투자촉진 251347백만원 / 3363-307 지역투자촉진(세종) 5026백만원 / 3362-301 지방주도형투자·일자리지원(자율) 3602백만원 / 3362-332 지방주도형투자·일자리지원 1565백만원
1801,합성수지,섬유,(주)한국라티스,경북,59,2,,공장 2개,1.0,1.0,1.0,0.18011,180.11,481곳: 직물제품(363) · 기타 섬유제품(117) · 기타 섬유직물(1),3333-305 산업단지환경조성 409920백만원 / 3363-306 지역투자촉진 251347백만원 / 3363-307 지역투자촉진(세종) 5026백만원 / 3362-301 지방주도형투자·일자리지원(자율) 3602백만원 / 3362-332 지방주도형투자·일자리지원 1565백만원
1723,"염료, 안료 및 유연제",섬유,성림수지,경북,53,1,,없음,1.0,1.0,0.5,0.32919,164.595,654곳: 섬유표백 및 염색 임가공(316) · 천연 및 화학 섬유직물(297) · 편조원단(25),3333-305 산업단지환경조성 409920백만원 / 3363-306 지역투자촉진 251347백만원 / 3363-307 지역투자촉진(세종) 5026백만원 / 3362-301 지방주도형투자·일자리지원(자율) 3602백만원 / 3362-332 지방주도형투자·일자리지원 1565백만원
1801,합성수지,섬유,(주)컴테크케미칼,경남,68,2,,공장 2개,1.0,0.9,1.0,0.18011,162.099,481곳: 직물제품(363) · 기타 섬유제품(117) · 기타 섬유직물(1),3333-305 산업단지환경조성 409920백만원 / 3363-306 지역투자촉진 251347백만원 / 3363-307 지역투자촉진(세종) 5026백만원 / 3362-301 지방주도형투자·일자리지원(자율) 3602백만원 / 3362-332 지방주도형투자·일자리지원 1565백만원
1801,합성수지,섬유,에이치디씨현대이피(주),울산,169,3,,공장 3개,1.0,0.9,1.0,0.18011,162.099,481곳: 직물제품(363) · 기타 섬유제품(117) · 기타 섬유직물(1),3333-305 산업단지환경조성 409920백만원 / 3363-306 지역투자촉진 251347백만원 / 3363-307 지역투자촉진(세종) 5026백만원 / 3362-301 지방주도형투자·일자리지원(자율) 3602백만원 / 3362-332 지방주도형투자·일자리지원 1565백만원
1723,"염료, 안료 및 유연제",섬유,(주)유엔아이,경기,41,2,,공장 2개,0.8,0.6,1.0,0.32919,158.011,654곳: 섬유표백 및 염색 임가공(316) · 천연 및 화학 섬유직물(297) · 편조원단(25),3333-305 산업단지환경조성 409920백만원 / 3363-306 지역투자촉진 251347백만원 / 3363-307 지역투자촉진(세종) 5026백만원 / 3362-301 지방주도형투자·일자리지원(자율) 3602백만원 / 3362-332 지방주도형투자·일자리지원 1565백만원
1723,"염료, 안료 및 유연제",섬유,(주)케이에스씨비네트웍스,경남,114,1,,없음,1.0,0.9,0.5,0.32919,148.136,654곳: 섬유표백 및 염색 임가공(316) · 천연 및 화학 섬유직물(297) · 편조원단(25),3333-305 산업단지환경조성 409920백만원 / 3363-306 지역투자촉진 251347백만원 / 3363-307 지역투자촉진(세종) 5026백만원 / 3362-301 지방주도형투자·일자리지원(자율) 3602백만원 / 3362-332 지방주도형투자·일자리지원 1565백만원
1723,"염료, 안료 및 유연제",섬유,썬케미칼코리아(주),울산,139,1,,없음,1.0,0.9,0.5,0.32919,148.136,654곳: 섬유표백 및 염색 임가공(316) · 천연 및 화학 섬유직물(297) · 편조원단(25),3333-305 산업단지환경조성 409920백만원 / 3363-306 지역투자촉진 251347백만원 / 3363-307 지역투자촉진(세종) 5026백만원 / 3362-301 지방주도형투자·일자리지원(자율) 3602백만원 / 3362-332 지방주도형투자·일자리지원 1565백만원
3032,금속처리 가공품,일반기계,(주)에스비와이어,경북,40,2,,공장 2개,0.8,1.0,1.0,0.17359,138.872,839곳: 기타 특수목적용기계(186) · 기타 일반목적용 기계(167) · 밸브(98),3333-305 산업단지환경조성 409920백만원 / 3363-306 지역투자촉진 251347백만원 / 3363-307 지역투자촉진(세종) 5026백만원 / 3362-301 지방주도형투자·일자리지원(자율) 3602백만원 / 3362-332 지방주도형투자·일자리지원 1565백만원
1801,합성수지,섬유,(주)티에스씨고려,충북,104,2,,공장 2개,1.0,0.75,1.0,0.18011,135.082,481곳: 직물제품(363) · 기타 섬유제품(117) · 기타 섬유직물(1),3333-305 산업단지환경조성 409920백만원 / 3363-306 지역투자촉진 251347백만원 / 3363-307 지역투자촉진(세종) 5026백만원 / 3362-301 지방주도형투자·일자리지원(자율) 3602백만원 / 3362-332 지방주도형투자·일자리지원 1565백만원
1801,합성수지,섬유,금영화학(주),경남,39,2,,공장 2개,0.8,0.9,1.0,0.18011,129.679,481곳: 직물제품(363) · 기타 섬유제품(117) · 기타 섬유직물(1),3333-305 산업단지환경조성 409920백만원 / 3363-306 지역투자촉진 251347백만원 / 3363-307 지역투자촉진(세종) 5026백만원 / 3362-301 지방주도형투자·일자리지원(자율) 3602백만원 / 3362-332 지방주도형투자·일자리지원 1565백만원
1801,합성수지,섬유,(주)대림산업,부산,32,2,,공장 2개,0.8,0.85,1.0,0.18011,122.475,481곳: 직물제품(363) · 기타 섬유제품(117) · 기타 섬유직물(1),3333-305 산업단지환경조성 409920백만원 / 3363-306 지역투자촉진 251347백만원 / 3363-307 지역투자촉진(세종) 5026백만원 / 3362-301 지방주도형투자·일자리지원(자율) 3602백만원 / 3362-332 지방주도형투자·일자리지원 1565백만원
1801,합성수지,섬유,(주)흥일폴리켐,부산,45,2,,공장 2개,0.8,0.85,1.0,0.18011,122.475,481곳: 직물제품(363) · 기타 섬유제품(117) · 기타 섬유직물(1),3333-305 산업단지환경조성 409920백만원 / 3363-306 지역투자촉진 251347백만원 / 3363-307 지역투자촉진(세종) 5026백만원 / 3362-301 지방주도형투자·일자리지원(자율) 3602백만원 / 3362-332 지방주도형투자·일자리지원 1565백만원
1723,"염료, 안료 및 유연제",섬유,(주)제씨콤,경남,45,1,,없음,0.8,0.9,0.5,0.32919,118.508,654곳: 섬유표백 및 염색 임가공(316) · 천연 및 화학 섬유직물(297) · 편조원단(25),3333-305 산업단지환경조성 409920백만원 / 3363-306 지역투자촉진 251347백만원 / 3363-307 지역투자촉진(세종) 5026백만원 / 3362-301 지방주도형투자·일자리지원(자율) 3602백만원 / 3362-332 지방주도형투자·일자리지원 1565백만원
1723,"염료, 안료 및 유연제",섬유,(주)경기색소,부산,40,1,,없음,0.8,0.85,0.5,0.32919,111.925,654곳: 섬유표백 및 염색 임가공(316) · 천연 및 화학 섬유직물(297) · 편조원단(25),3333-305 산업단지환경조성 409920백만원 / 3363-306 지역투자촉진 251347백만원 / 3363-307 지역투자촉진(세종) 5026백만원 / 3362-301 지방주도형투자·일자리지원(자율) 3602백만원 / 3362-332 지방주도형투자·일자리지원 1565백만원
1801,합성수지,섬유,(주)세이프코리아,경기,54,2,,공장 2개,1.0,0.6,1.0,0.18011,108.066,481곳: 직물제품(363) · 기타 섬유제품(117) · 기타 섬유직물(1),3333-305 산업단지환경조성 409920백만원 / 3363-306 지역투자촉진 251347백만원 / 3363-307 지역투자촉진(세종) 5026백만원 / 3362-301 지방주도형투자·일자리지원(자율) 3602백만원 / 3362-332 지방주도형투자·일자리지원 1565백만원
1801,합성수지,섬유,(주)티에스씨,경기,117,3,,공장 3개,1.0,0.6,1.0,0.18011,108.066,481곳: 직물제품(363) · 기타 섬유제품(117) · 기타 섬유직물(1),3333-305 산업단지환경조성 409920백만원 / 3363-306 지역투자촉진 251347백만원 / 3363-307 지역투자촉진(세종) 5026백만원 / 3362-301 지방주도형투자·일자리지원(자율) 3602백만원 / 3362-332 지방주도형투자·일자리지원 1565백만원
1801,합성수지,섬유,(주)화창,경기,82,2,,공장 2개,1.0,0.6,1.0,0.18011,108.066,481곳: 직물제품(363) · 기타 섬유제품(117) · 기타 섬유직물(1),3333-305 산업단지환경조성 409920백만원 / 3363-306 지역투자촉진 251347백만원 / 3363-307 지역투자촉진(세종) 5026백만원 / 3362-301 지방주도형투자·일자리지원(자율) 3602백만원 / 3362-332 지방주도형투자·일자리지원 1565백만원
1801,합성수지,섬유,아이세로미림(주),경기,56,2,,공장 2개,1.0,0.6,1.0,0.18011,108.066,481곳: 직물제품(363) · 기타 섬유제품(117) · 기타 섬유직물(1),3333-305 산업단지환경조성 409920백만원 / 3363-306 지역투자촉진 251347백만원 / 3363-307 지역투자촉진(세종) 5026백만원 / 3362-301 지방주도형투자·일자리지원(자율) 3602백만원 / 3362-332 지방주도형투자·일자리지원 1565백만원
1801,합성수지,섬유,한국바스프(주),경기,149,2,,공장 2개,1.0,0.6,1.0,0.18011,108.066,481곳: 직물제품(363) · 기타 섬유제품(117) · 기타 섬유직물(1),3333-305 산업단지환경조성 409920백만원 / 3363-306 지역투자촉진 251347백만원 / 3363-307 지역투자촉진(세종) 5026백만원 / 3362-301 지방주도형투자·일자리지원(자율) 3602백만원 / 3362-332 지방주도형투자·일자리지원 1565백만원
3032,금속처리 가공품,일반기계,대성스틸(주),경기,101,3,,공장 3개,1.0,0.6,1.0,0.17359,104.154,839곳: 기타 특수목적용기계(186) · 기타 일반목적용 기계(167) · 밸브(98),3333-305 산업단지환경조성 409920백만원 / 3363-306 지역투자촉진 251347백만원 / 3363-307 지역투자촉진(세종) 5026백만원 / 3362-301 지방주도형투자·일자리지원(자율) 3602백만원 / 3362-332 지방주도형투자·일자리지원 1565백만원
3032,금속처리 가공품,일반기계,주광전기(주),경기,57,2,,공장 2개,1.0,0.6,1.0,0.17359,104.154,839곳: 기타 특수목적용기계(186) · 기타 일반목적용 기계(167) · 밸브(98),3333-305 산업단지환경조성 409920백만원 / 3363-306 지역투자촉진 251347백만원 / 3363-307 지역투자촉진(세종) 5026백만원 / 3362-301 지방주도형투자·일자리지원(자율) 3602백만원 / 3362-332 지방주도형투자·일자리지원 1565백만원
1723,"염료, 안료 및 유연제",섬유,(주)일삼시화공장,경기,80,1,,없음,1.0,0.6,0.5,0.32919,98.757,654곳: 섬유표백 및 염색 임가공(316) · 천연 및 화학 섬유직물(297) · 편조원단(25),3333-305 산업단지환경조성 409920백만원 / 3363-306 지역투자촉진 251347백만원 / 3363-307 지역투자촉진(세종) 5026백만원 / 3362-301 지방주도형투자·일자리지원(자율) 3602백만원 / 3362-332 지방주도형투자·일자리지원 1565백만원
1723,"염료, 안료 및 유연제",섬유,(주)퍼스트칼라,경기,74,1,,없음,1.0,0.6,0.5,0.32919,98.757,654곳: 섬유표백 및 염색 임가공(316) · 천연 및 화학 섬유직물(297) · 편조원단(25),3333-305 산업단지환경조성 409920백만원 / 3363-306 지역투자촉진 251347백만원 / 3363-307 지역투자촉진(세종) 5026백만원 / 3362-301 지방주도형투자·일자리지원(자율) 3602백만원 / 3362-332 지방주도형투자·일자리지원 1565백만원
1723,"염료, 안료 및 유연제",섬유,나토상사(주),경기,50,1,,없음,1.0,0.6,0.5,0.32919,98.757,654곳: 섬유표백 및 염색 임가공(316) · 천연 및 화학 섬유직물(297) · 편조원단(25),3333-305 산업단지환경조성 409920백만원 / 3363-306 지역투자촉진 251347백만원 / 3363-307 지역투자촉진(세종) 5026백만원 / 3362-301 지방주도형투자·일자리지원(자율) 3602백만원 / 3362-332 지방주도형투자·일자리지원 1565백만원
1723,"염료, 안료 및 유연제",섬유,대정화금(주),경기,148,1,,없음,1.0,0.6,0.5,0.32919,98.757,654곳: 섬유표백 및 염색 임가공(316) · 천연 및 화학 섬유직물(297) · 편조원단(25),3333-305 산업단지환경조성 409920백만원 / 3363-306 지역투자촉진 251347백만원 / 3363-307 지역투자촉진(세종) 5026백만원 / 3362-301 지방주도형투자·일자리지원(자율) 3602백만원 / 3362-332 지방주도형투자·일자리지원 1565백만원
1723,"염료, 안료 및 유연제",섬유,대정화금(주) 음성공장,충북,43,1,,없음,0.8,0.75,0.5,0.32919,98.757,654곳: 섬유표백 및 염색 임가공(316) · 천연 및 화학 섬유직물(297) · 편조원단(25),3333-305 산업단지환경조성 409920백만원 / 3363-306 지역투자촉진 251347백만원 / 3363-307 지역투자촉진(세종) 5026백만원 / 3362-301 지방주도형투자·일자리지원(자율) 3602백만원 / 3362-332 지방주도형투자·일자리지원 1565백만원
1723,"염료, 안료 및 유연제",섬유,한창산업(주),경기,59,1,,없음,1.0,0.6,0.5,0.32919,98.757,654곳: 섬유표백 및 염색 임가공(316) · 천연 및 화학 섬유직물(297) · 편조원단(25),3333-305 산업단지환경조성 409920백만원 / 3363-306 지역투자촉진 251347백만원 / 3363-307 지역투자촉진(세종) 5026백만원 / 3362-301 지방주도형투자·일자리지원(자율) 3602백만원 / 3362-332 지방주도형투자·일자리지원 1565백만원
1801,합성수지,섬유,(주)대림프라콘,경북,68,1,,없음,1.0,1.0,0.5,0.18011,90.055,481곳: 직물제품(363) · 기타 섬유제품(117) · 기타 섬유직물(1),3333-305 산업단지환경조성 409920백만원 / 3363-306 지역투자촉진 251347백만원 / 3363-307 지역투자촉진(세종) 5026백만원 / 3362-301 지방주도형투자·일자리지원(자율) 3602백만원 / 3362-332 지방주도형투자·일자리지원 1565백만원
1801,합성수지,섬유,(주)피유시스,,53,2,,공장 2개,1.0,0.5,1.0,0.18011,90.055,481곳: 직물제품(363) · 기타 섬유제품(117) · 기타 섬유직물(1),3333-305 산업단지환경조성 409920백만원 / 3363-306 지역투자촉진 251347백만원 / 3363-307 지역투자촉진(세종) 5026백만원 / 3362-301 지방주도형투자·일자리지원(자율) 3602백만원 / 3362-332 지방주도형투자·일자리지원 1565백만원
1801,합성수지,섬유,실리콘밸리 주식회사,경북,80,1,,없음,1.0,1.0,0.5,0.18011,90.055,481곳: 직물제품(363) · 기타 섬유제품(117) · 기타 섬유직물(1),3333-305 산업단지환경조성 409920백만원 / 3363-306 지역투자촉진 251347백만원 / 3363-307 지역투자촉진(세종) 5026백만원 / 3362-301 지방주도형투자·일자리지원(자율) 3602백만원 / 3362-332 지방주도형투자·일자리지원 1565백만원
1801,합성수지,섬유,코오롱인더스트리(주)  김천2공장,경북,189,1,,없음,1.0,1.0,0.5,0.18011,90.055,481곳: 직물제품(363) · 기타 섬유제품(117) · 기타 섬유직물(1),3333-305 산업단지환경조성 409920백만원 / 3363-306 지역투자촉진 251347백만원 / 3363-307 지역투자촉진(세종) 5026백만원 / 3362-301 지방주도형투자·일자리지원(자율) 3602백만원 / 3362-332 지방주도형투자·일자리지원 1565백만원
1801,합성수지,섬유,코오롱인더스트리(주) 김천공장,경북,154,1,,없음,1.0,1.0,0.5,0.18011,90.055,481곳: 직물제품(363) · 기타 섬유제품(117) · 기타 섬유직물(1),3333-305 산업단지환경조성 409920백만원 / 3363-306 지역투자촉진 251347백만원 / 3363-307 지역투자촉진(세종) 5026백만원 / 3362-301 지방주도형투자·일자리지원(자율) 3602백만원 / 3362-332 지방주도형투자·일자리지원 1565백만원
3032,금속처리 가공품,일반기계,(주)일본이화공업소 한국지점,경북,64,1,,없음,1.0,1.0,0.5,0.17359,86.795,839곳: 기타 특수목적용기계(186) · 기타 일반목적용 기계(167) · 밸브(98),3333-305 산업단지환경조성 409920백만원 / 3363-306 지역투자촉진 251347백만원 / 3363-307 지역투자촉진(세종) 5026백만원 / 3362-301 지방주도형투자·일자리지원(자율) 3602백만원 / 3362-332 지방주도형투자·일자리지원 1565백만원
1801,합성수지,섬유,(주)성원피앤에스,경기,46,2,,공장 2개,0.8,0.6,1.0,0.18011,86.453,481곳: 직물제품(363) · 기타 섬유제품(117) · 기타 섬유직물(1),3333-305 산업단지환경조성 409920백만원 / 3363-306 지역투자촉진 251347백만원 / 3363-307 지역투자촉진(세종) 5026백만원 / 3362-301 지방주도형투자·일자리지원(자율) 3602백만원 / 3362-332 지방주도형투자·일자리지원 1565백만원
1801,합성수지,섬유,(주)원폴리텍,경기,32,2,,공장 2개,0.8,0.6,1.0,0.18011,86.453,481곳: 직물제품(363) · 기타 섬유제품(117) · 기타 섬유직물(1),3333-305 산업단지환경조성 409920백만원 / 3363-306 지역투자촉진 251347백만원 / 3363-307 지역투자촉진(세종) 5026백만원 / 3362-301 지방주도형투자·일자리지원(자율) 3602백만원 / 3362-332 지방주도형투자·일자리지원 1565백만원
1801,합성수지,섬유,(주)천강,경기,36,3,,공장 3개,0.8,0.6,1.0,0.18011,86.453,481곳: 직물제품(363) · 기타 섬유제품(117) · 기타 섬유직물(1),3333-305 산업단지환경조성 409920백만원 / 3363-306 지역투자촉진 251347백만원 / 3363-307 지역투자촉진(세종) 5026백만원 / 3362-301 지방주도형투자·일자리지원(자율) 3602백만원 / 3362-332 지방주도형투자·일자리지원 1565백만원
1801,합성수지,섬유,다우실란트산업(주),경기,45,2,,공장 2개,0.8,0.6,1.0,0.18011,86.453,481곳: 직물제품(363) · 기타 섬유제품(117) · 기타 섬유직물(1),3333-305 산업단지환경조성 409920백만원 / 3363-306 지역투자촉진 251347백만원 / 3363-307 지역투자촉진(세종) 5026백만원 / 3362-301 지방주도형투자·일자리지원(자율) 3602백만원 / 3362-332 지방주도형투자·일자리지원 1565백만원
1801,합성수지,섬유,정도이앤피(주),경기,49,2,,공장 2개,0.8,0.6,1.0,0.18011,86.453,481곳: 직물제품(363) · 기타 섬유제품(117) · 기타 섬유직물(1),3333-305 산업단지환경조성 409920백만원 / 3363-306 지역투자촉진 251347백만원 / 3363-307 지역투자촉진(세종) 5026백만원 / 3362-301 지방주도형투자·일자리지원(자율) 3602백만원 / 3362-332 지방주도형투자·일자리지원 1565백만원
3032,금속처리 가공품,일반기계,(주)동성에코테크,경기,44,2,,공장 2개,0.8,0.6,1.0,0.17359,83.323,839곳: 기타 특수목적용기계(186) · 기타 일반목적용 기계(167) · 밸브(98),3333-305 산업단지환경조성 409920백만원 / 3363-306 지역투자촉진 251347백만원 / 3363-307 지역투자촉진(세종) 5026백만원 / 3362-301 지방주도형투자·일자리지원(자율) 3602백만원 / 3362-332 지방주도형투자·일자리지원 1565백만원
3032,금속처리 가공품,일반기계,(주)메탈링크,경기,37,2,,공장 2개,0.8,0.6,1.0,0.17359,83.323,839곳: 기타 특수목적용기계(186) · 기타 일반목적용 기계(167) · 밸브(98),3333-305 산업단지환경조성 409920백만원 / 3363-306 지역투자촉진 251347백만원 / 3363-307 지역투자촉진(세종) 5026백만원 / 3362-301 지방주도형투자·일자리지원(자율) 3602백만원 / 3362-332 지방주도형투자·일자리지원 1565백만원
3032,금속처리 가공품,일반기계,(주)합동메탈,경기,47,2,,공장 2개,0.8,0.6,1.0,0.17359,83.323,839곳: 기타 특수목적용기계(186) · 기타 일반목적용 기계(167) · 밸브(98),3333-305 산업단지환경조성 409920백만원 / 3363-306 지역투자촉진 251347백만원 / 3363-307 지역투자촉진(세종) 5026백만원 / 3362-301 지방주도형투자·일자리지원(자율) 3602백만원 / 3362-332 지방주도형투자·일자리지원 1565백만원
3032,금속처리 가공품,일반기계,대영테크(주),경기,43,2,,공장 2개,0.8,0.6,1.0,0.17359,83.323,839곳: 기타 특수목적용기계(186) · 기타 일반목적용 기계(167) · 밸브(98),3333-305 산업단지환경조성 409920백만원 / 3363-306 지역투자촉진 251347백만원 / 3363-307 지역투자촉진(세종) 5026백만원 / 3362-301 지방주도형투자·일자리지원(자율) 3602백만원 / 3362-332 지방주도형투자·일자리지원 1565백만원
3032,금속처리 가공품,일반기계,신원스틸(주),경기,41,3,,공장 3개,0.8,0.6,1.0,0.17359,83.323,839곳: 기타 특수목적용기계(186) · 기타 일반목적용 기계(167) · 밸브(98),3333-305 산업단지환경조성 409920백만원 / 3363-306 지역투자촉진 251347백만원 / 3363-307 지역투자촉진(세종) 5026백만원 / 3362-301 지방주도형투자·일자리지원(자율) 3602백만원 / 3362-332 지방주도형투자·일자리지원 1565백만원
1801,합성수지,섬유,(주)바커케미칼코리아,울산,104,1,,없음,1.0,0.9,0.5,0.18011,81.049,481곳: 직물제품(363) · 기타 섬유제품(117) · 기타 섬유직물(1),3333-305 산업단지환경조성 409920백만원 / 3363-306 지역투자촉진 251347백만원 / 3363-307 지역투자촉진(세종) 5026백만원 / 3362-301 지방주도형투자·일자리지원(자율) 3602백만원 / 3362-332 지방주도형투자·일자리지원 1565백만원
1801,합성수지,섬유,(주)케미그라스,경남,198,1,,없음,1.0,0.9,0.5,0.18011,81.049,481곳: 직물제품(363) · 기타 섬유제품(117) · 기타 섬유직물(1),3333-305 산업단지환경조성 409920백만원 / 3363-306 지역투자촉진 251347백만원 / 3363-307 지역투자촉진(세종) 5026백만원 / 3362-301 지방주도형투자·일자리지원(자율) 3602백만원 / 3362-332 지방주도형투자·일자리지원 1565백만원
1801,합성수지,섬유,GS칼텍스(주),경남,118,1,,없음,1.0,0.9,0.5,0.18011,81.049,481곳: 직물제품(363) · 기타 섬유제품(117) · 기타 섬유직물(1),3333-305 산업단지환경조성 409920백만원 / 3363-306 지역투자촉진 251347백만원 / 3363-307 지역투자촉진(세종) 5026백만원 / 3362-301 지방주도형투자·일자리지원(자율) 3602백만원 / 3362-332 지방주도형투자·일자리지원 1565백만원
1801,합성수지,섬유,동아화학(주),경남,93,1,,없음,1.0,0.9,0.5,0.18011,81.049,481곳: 직물제품(363) · 기타 섬유제품(117) · 기타 섬유직물(1),3333-305 산업단지환경조성 409920백만원 / 3363-306 지역투자촉진 251347백만원 / 3363-307 지역투자촉진(세종) 5026백만원 / 3362-301 지방주도형투자·일자리지원(자율) 3602백만원 / 3362-332 지방주도형투자·일자리지원 1565백만원
1801,합성수지,섬유,롯데케미칼(주) 울산1공장,울산,176,1,,없음,1.0,0.9,0.5,0.18011,81.049,481곳: 직물제품(363) · 기타 섬유제품(117) · 기타 섬유직물(1),3333-305 산업단지환경조성 409920백만원 / 3363-306 지역투자촉진 251347백만원 / 3363-307 지역투자촉진(세종) 5026백만원 / 3362-301 지방주도형투자·일자리지원(자율) 3602백만원 / 3362-332 지방주도형투자·일자리지원 1565백만원
1801,합성수지,섬유,부성폴리콤(주),경남,50,1,,없음,1.0,0.9,0.5,0.18011,81.049,481곳: 직물제품(363) · 기타 섬유제품(117) · 기타 섬유직물(1),3333-305 산업단지환경조성 409920백만원 / 3363-306 지역투자촉진 251347백만원 / 3363-307 지역투자촉진(세종) 5026백만원 / 3362-301 지방주도형투자·일자리지원(자율) 3602백만원 / 3362-332 지방주도형투자·일자리지원 1565백만원
1801,합성수지,섬유,세흥화학공업(주),경남,98,1,,없음,1.0,0.9,0.5,0.18011,81.049,481곳: 직물제품(363) · 기타 섬유제품(117) · 기타 섬유직물(1),3333-305 산업단지환경조성 409920백만원 / 3363-306 지역투자촉진 251347백만원 / 3363-307 지역투자촉진(세종) 5026백만원 / 3362-301 지방주도형투자·일자리지원(자율) 3602백만원 / 3362-332 지방주도형투자·일자리지원 1565백만원
1801,합성수지,섬유,에이치디씨폴리올 주식회사,울산,51,1,,없음,1.0,0.9,0.5,0.18011,81.049,481곳: 직물제품(363) · 기타 섬유제품(117) · 기타 섬유직물(1),3333-305 산업단지환경조성 409920백만원 / 3363-306 지역투자촉진 251347백만원 / 3363-307 지역투자촉진(세종) 5026백만원 / 3362-301 지방주도형투자·일자리지원(자율) 3602백만원 / 3362-332 지방주도형투자·일자리지원 1565백만원
1801,합성수지,섬유,울산피피주식회사,울산,137,1,,없음,1.0,0.9,0.5,0.18011,81.049,481곳: 직물제품(363) · 기타 섬유제품(117) · 기타 섬유직물(1),3333-305 산업단지환경조성 409920백만원 / 3363-306 지역투자촉진 251347백만원 / 3363-307 지역투자촉진(세종) 5026백만원 / 3362-301 지방주도형투자·일자리지원(자율) 3602백만원 / 3362-332 지방주도형투자·일자리지원 1565백만원
1801,합성수지,섬유,주식회사 동성케미컬,울산,105,1,,없음,1.0,0.9,0.5,0.18011,81.049,481곳: 직물제품(363) · 기타 섬유제품(117) · 기타 섬유직물(1),3333-305 산업단지환경조성 409920백만원 / 3363-306 지역투자촉진 251347백만원 / 3363-307 지역투자촉진(세종) 5026백만원 / 3362-301 지방주도형투자·일자리지원(자율) 3602백만원 / 3362-332 지방주도형투자·일자리지원 1565백만원
1801,합성수지,섬유,코오롱인더스트리(주) 울산공장,울산,109,1,,없음,1.0,0.9,0.5,0.18011,81.049,481곳: 직물제품(363) · 기타 섬유제품(117) · 기타 섬유직물(1),3333-305 산업단지환경조성 409920백만원 / 3363-306 지역투자촉진 251347백만원 / 3363-307 지역투자촉진(세종) 5026백만원 / 3362-301 지방주도형투자·일자리지원(자율) 3602백만원 / 3362-332 지방주도형투자·일자리지원 1565백만원
1801,합성수지,섬유,한국바스프(주) 울산화성공장,울산,106,1,,없음,1.0,0.9,0.5,0.18011,81.049,481곳: 직물제품(363) · 기타 섬유제품(117) · 기타 섬유직물(1),3333-305 산업단지환경조성 409920백만원 / 3363-306 지역투자촉진 251347백만원 / 3363-307 지역투자촉진(세종) 5026백만원 / 3362-301 지방주도형투자·일자리지원(자율) 3602백만원 / 3362-332 지방주도형투자·일자리지원 1565백만원
1801,합성수지,섬유,한국엔지니어링플라스틱(주),울산,121,1,,없음,1.0,0.9,0.5,0.18011,81.049,481곳: 직물제품(363) · 기타 섬유제품(117) · 기타 섬유직물(1),3333-305 산업단지환경조성 409920백만원 / 3363-306 지역투자촉진 251347백만원 / 3363-307 지역투자촉진(세종) 5026백만원 / 3362-301 지방주도형투자·일자리지원(자율) 3602백만원 / 3362-332 지방주도형투자·일자리지원 1565백만원
1801,합성수지,섬유,한국이네오스스티롤루션(주),울산,170,1,,없음,1.0,0.9,0.5,0.18011,81.049,481곳: 직물제품(363) · 기타 섬유제품(117) · 기타 섬유직물(1),3333-305 산업단지환경조성 409920백만원 / 3363-306 지역투자촉진 251347백만원 / 3363-307 지역투자촉진(세종) 5026백만원 / 3362-301 지방주도형투자·일자리지원(자율) 3602백만원 / 3362-332 지방주도형투자·일자리지원 1565백만원
1723,"염료, 안료 및 유연제",섬유,(주)에스이엠,경기,39,1,,없음,0.8,0.6,0.5,0.32919,79.006,654곳: 섬유표백 및 염색 임가공(316) · 천연 및 화학 섬유직물(297) · 편조원단(25),3333-305 산업단지환경조성 409920백만원 / 3363-306 지역투자촉진 251347백만원 / 3363-307 지역투자촉진(세종) 5026백만원 / 3362-301 지방주도형투자·일자리지원(자율) 3602백만원 / 3362-332 지방주도형투자·일자리지원 1565백만원
1723,"염료, 안료 및 유연제",섬유,(주)한남코퍼레이션,인천,49,1,,없음,0.8,0.6,0.5,0.32919,79.006,654곳: 섬유표백 및 염색 임가공(316) · 천연 및 화학 섬유직물(297) · 편조원단(25),3333-305 산업단지환경조성 409920백만원 / 3363-306 지역투자촉진 251347백만원 / 3363-307 지역투자촉진(세종) 5026백만원 / 3362-301 지방주도형투자·일자리지원(자율) 3602백만원 / 3362-332 지방주도형투자·일자리지원 1565백만원
1723,"염료, 안료 및 유연제",섬유,오리콘(주),경기,46,1,,없음,0.8,0.6,0.5,0.32919,79.006,654곳: 섬유표백 및 염색 임가공(316) · 천연 및 화학 섬유직물(297) · 편조원단(25),3333-305 산업단지환경조성 409920백만원 / 3363-306 지역투자촉진 251347백만원 / 3363-307 지역투자촉진(세종) 5026백만원 / 3362-301 지방주도형투자·일자리지원(자율) 3602백만원 / 3362-332 지방주도형투자·일자리지원 1565백만원
1723,"염료, 안료 및 유연제",섬유,진흥정밀화학,경기,30,1,,없음,0.8,0.6,0.5,0.32919,79.006,654곳: 섬유표백 및 염색 임가공(316) · 천연 및 화학 섬유직물(297) · 편조원단(25),3333-305 산업단지환경조성 409920백만원 / 3363-306 지역투자촉진 251347백만원 / 3363-307 지역투자촉진(세종) 5026백만원 / 3362-301 지방주도형투자·일자리지원(자율) 3602백만원 / 3362-332 지방주도형투자·일자리지원 1565백만원
3032,금속처리 가공품,일반기계,(주)청우제강,경남,80,1,,없음,1.0,0.9,0.5,0.17359,78.115,839곳: 기타 특수목적용기계(186) · 기타 일반목적용 기계(167) · 밸브(98),3333-305 산업단지환경조성 409920백만원 / 3363-306 지역투자촉진 251347백만원 / 3363-307 지역투자촉진(세종) 5026백만원 / 3362-301 지방주도형투자·일자리지원(자율) 3602백만원 / 3362-332 지방주도형투자·일자리지원 1565백만원
3032,금속처리 가공품,일반기계,고려제강(주),경남,149,1,,없음,1.0,0.9,0.5,0.17359,78.115,839곳: 기타 특수목적용기계(186) · 기타 일반목적용 기계(167) · 밸브(98),3333-305 산업단지환경조성 409920백만원 / 3363-306 지역투자촉진 251347백만원 / 3363-307 지역투자촉진(세종) 5026백만원 / 3362-301 지방주도형투자·일자리지원(자율) 3602백만원 / 3362-332 지방주도형투자·일자리지원 1565백만원
1801,합성수지,섬유,(주)영폴리머,부산,63,1,,없음,1.0,0.85,0.5,0.18011,76.547,481곳: 직물제품(363) · 기타 섬유제품(117) · 기타 섬유직물(1),3333-305 산업단지환경조성 409920백만원 / 3363-306 지역투자촉진 251347백만원 / 3363-307 지역투자촉진(세종) 5026백만원 / 3362-301 지방주도형투자·일자리지원(자율) 3602백만원 / 3362-332 지방주도형투자·일자리지원 1565백만원
3032,금속처리 가공품,일반기계,(주)대아선재,부산,60,1,,없음,1.0,0.85,0.5,0.17359,73.776,839곳: 기타 특수목적용기계(186) · 기타 일반목적용 기계(167) · 밸브(98),3333-305 산업단지환경조성 409920백만원 / 3363-306 지역투자촉진 251347백만원 / 3363-307 지역투자촉진(세종) 5026백만원 / 3362-301 지방주도형투자·일자리지원(자율) 3602백만원 / 3362-332 지방주도형투자·일자리지원 1565백만원
3032,금속처리 가공품,일반기계,(주)코스와이어,부산,57,1,,없음,1.0,0.85,0.5,0.17359,73.776,839곳: 기타 특수목적용기계(186) · 기타 일반목적용 기계(167) · 밸브(98),3333-305 산업단지환경조성 409920백만원 / 3363-306 지역투자촉진 251347백만원 / 3363-307 지역투자촉진(세종) 5026백만원 / 3362-301 지방주도형투자·일자리지원(자율) 3602백만원 / 3362-332 지방주도형투자·일자리지원 1565백만원
3032,금속처리 가공품,일반기계,고려용접봉 주식회사,부산,63,1,,없음,1.0,0.85,0.5,0.17359,73.776,839곳: 기타 특수목적용기계(186) · 기타 일반목적용 기계(167) · 밸브(98),3333-305 산업단지환경조성 409920백만원 / 3363-306 지역투자촉진 251347백만원 / 3363-307 지역투자촉진(세종) 5026백만원 / 3362-301 지방주도형투자·일자리지원(자율) 3602백만원 / 3362-332 지방주도형투자·일자리지원 1565백만원
3032,금속처리 가공품,일반기계,고려용접봉(주),부산,57,1,,없음,1.0,0.85,0.5,0.17359,73.776,839곳: 기타 특수목적용기계(186) · 기타 일반목적용 기계(167) · 밸브(98),3333-305 산업단지환경조성 409920백만원 / 3363-306 지역투자촉진 251347백만원 / 3363-307 지역투자촉진(세종) 5026백만원 / 3362-301 지방주도형투자·일자리지원(자율) 3602백만원 / 3362-332 지방주도형투자·일자리지원 1565백만원
3032,금속처리 가공품,일반기계,쌍용선재(주),부산,76,1,,없음,1.0,0.85,0.5,0.17359,73.776,839곳: 기타 특수목적용기계(186) · 기타 일반목적용 기계(167) · 밸브(98),3333-305 산업단지환경조성 409920백만원 / 3363-306 지역투자촉진 251347백만원 / 3363-307 지역투자촉진(세종) 5026백만원 / 3362-301 지방주도형투자·일자리지원(자율) 3602백만원 / 3362-332 지방주도형투자·일자리지원 1565백만원
1801,합성수지,섬유,(주)럭키엔프라,경북,43,1,,없음,0.8,1.0,0.5,0.18011,72.044,481곳: 직물제품(363) · 기타 섬유제품(117) · 기타 섬유직물(1),3333-305 산업단지환경조성 409920백만원 / 3363-306 지역투자촉진 251347백만원 / 3363-307 지역투자촉진(세종) 5026백만원 / 3362-301 지방주도형투자·일자리지원(자율) 3602백만원 / 3362-332 지방주도형투자·일자리지원 1565백만원
1801,합성수지,섬유,(주)명진화학,,30,2,,공장 2개,0.8,0.5,1.0,0.18011,72.044,481곳: 직물제품(363) · 기타 섬유제품(117) · 기타 섬유직물(1),3333-305 산업단지환경조성 409920백만원 / 3363-306 지역투자촉진 251347백만원 / 3363-307 지역투자촉진(세종) 5026백만원 / 3362-301 지방주도형투자·일자리지원(자율) 3602백만원 / 3362-332 지방주도형투자·일자리지원 1565백만원
1801,합성수지,섬유,(주)영창,경북,30,1,,없음,0.8,1.0,0.5,0.18011,72.044,481곳: 직물제품(363) · 기타 섬유제품(117) · 기타 섬유직물(1),3333-305 산업단지환경조성 409920백만원 / 3363-306 지역투자촉진 251347백만원 / 3363-307 지역투자촉진(세종) 5026백만원 / 3362-301 지방주도형투자·일자리지원(자율) 3602백만원 / 3362-332 지방주도형투자·일자리지원 1565백만원
1801,합성수지,섬유,(주)우성첨단소재,,32,2,,공장 2개,0.8,0.5,1.0,0.18011,72.044,481곳: 직물제품(363) · 기타 섬유제품(117) · 기타 섬유직물(1),3333-305 산업단지환경조성 409920백만원 / 3363-306 지역투자촉진 251347백만원 / 3363-307 지역투자촉진(세종) 5026백만원 / 3362-301 지방주도형투자·일자리지원(자율) 3602백만원 / 3362-332 지방주도형투자·일자리지원 1565백만원
1801,합성수지,섬유,실리콘밸리 주식회사 2공장,경북,48,1,,없음,0.8,1.0,0.5,0.18011,72.044,481곳: 직물제품(363) · 기타 섬유제품(117) · 기타 섬유직물(1),3333-305 산업단지환경조성 409920백만원 / 3363-306 지역투자촉진 251347백만원 / 3363-307 지역투자촉진(세종) 5026백만원 / 3362-301 지방주도형투자·일자리지원(자율) 3602백만원 / 3362-332 지방주도형투자·일자리지원 1565백만원
1801,합성수지,섬유,코오롱바스프이노폼 주식회사,경북,47,1,,없음,0.8,1.0,0.5,0.18011,72.044,481곳: 직물제품(363) · 기타 섬유제품(117) · 기타 섬유직물(1),3333-305 산업단지환경조성 409920백만원 / 3363-306 지역투자촉진 251347백만원 / 3363-307 지역투자촉진(세종) 5026백만원 / 3362-301 지방주도형투자·일자리지원(자율) 3602백만원 / 3362-332 지방주도형투자·일자리지원 1565백만원
1801,합성수지,섬유,코오롱인더스트리(주) 김천3공장,경북,272,1,,없음,0.8,1.0,0.5,0.18011,72.044,481곳: 직물제품(363) · 기타 섬유제품(117) · 기타 섬유직물(1),3333-305 산업단지환경조성 409920백만원 / 3363-306 지역투자촉진 251347백만원 / 3363-307 지역투자촉진(세종) 5026백만원 / 3362-301 지방주도형투자·일자리지원(자율) 3602백만원 / 3362-332 지방주도형투자·일자리지원 1565백만원
3209,기타 전자표시장치,의료기기,(주)보백씨엔에스(C&S),경북,88,1,,없음,1.0,1.0,0.5,0.14292,71.46,284곳: 의료용 기기(284),3333-305 산업단지환경조성 409920백만원 / 3363-306 지역투자촉진 251347백만원 / 3363-307 지역투자촉진(세종) 5026백만원 / 3362-301 지방주도형투자·일자리지원(자율) 3602백만원 / 3362-332 지방주도형투자·일자리지원 1565백만원
3032,금속처리 가공품,일반기계,(주)거광산업,경북,38,1,,없음,0.8,1.0,0.5,0.17359,69.436,839곳: 기타 특수목적용기계(186) · 기타 일반목적용 기계(167) · 밸브(98),3333-305 산업단지환경조성 409920백만원 / 3363-306 지역투자촉진 251347백만원 / 3363-307 지역투자촉진(세종) 5026백만원 / 3362-301 지방주도형투자·일자리지원(자율) 3602백만원 / 3362-332 지방주도형투자·일자리지원 1565백만원
3032,금속처리 가공품,일반기계,(주)대인,전북,39,2,,공장 2개,0.8,0.5,1.0,0.17359,69.436,839곳: 기타 특수목적용기계(186) · 기타 일반목적용 기계(167) · 밸브(98),3333-305 산업단지환경조성 409920백만원 / 3363-306 지역투자촉진 251347백만원 / 3363-307 지역투자촉진(세종) 5026백만원 / 3362-301 지방주도형투자·일자리지원(자율) 3602백만원 / 3362-332 지방주도형투자·일자리지원 1565백만원
3032,금속처리 가공품,일반기계,(주)삼진라인,전북,47,2,,공장 2개,0.8,0.5,1.0,0.17359,69.436,839곳: 기타 특수목적용기계(186) · 기타 일반목적용 기계(167) · 밸브(98),3333-305 산업단지환경조성 409920백만원 / 3363-306 지역투자촉진 251347백만원 / 3363-307 지역투자촉진(세종) 5026백만원 / 3362-301 지방주도형투자·일자리지원(자율) 3602백만원 / 3362-332 지방주도형투자·일자리지원 1565백만원
3032,금속처리 가공품,일반기계,홍덕산업(주)건천SSW공장,경북,42,1,,없음,0.8,1.0,0.5,0.17359,69.436,839곳: 기타 특수목적용기계(186) · 기타 일반목적용 기계(167) · 밸브(98),3333-305 산업단지환경조성 409920백만원 / 3363-306 지역투자촉진 251347백만원 / 3363-307 지역투자촉진(세종) 5026백만원 / 3362-301 지방주도형투자·일자리지원(자율) 3602백만원 / 3362-332 지방주도형투자·일자리지원 1565백만원
3032,금속처리 가공품,일반기계,흥창스틸(주),경북,30,1,,없음,0.8,1.0,0.5,0.17359,69.436,839곳: 기타 특수목적용기계(186) · 기타 일반목적용 기계(167) · 밸브(98),3333-305 산업단지환경조성 409920백만원 / 3363-306 지역투자촉진 251347백만원 / 3363-307 지역투자촉진(세종) 5026백만원 / 3362-301 지방주도형투자·일자리지원(자율) 3602백만원 / 3362-332 지방주도형투자·일자리지원 1565백만원
1801,합성수지,섬유,(주)대하,충남,121,1,,없음,1.0,0.75,0.5,0.18011,67.541,481곳: 직물제품(363) · 기타 섬유제품(117) · 기타 섬유직물(1),3333-305 산업단지환경조성 409920백만원 / 3363-306 지역투자촉진 251347백만원 / 3363-307 지역투자촉진(세종) 5026백만원 / 3362-301 지방주도형투자·일자리지원(자율) 3602백만원 / 3362-332 지방주도형투자·일자리지원 1565백만원
1801,합성수지,섬유,(주)에이치비테크놀러지,충남,132,1,,없음,1.0,0.75,0.5,0.18011,67.541,481곳: 직물제품(363) · 기타 섬유제품(117) · 기타 섬유직물(1),3333-305 산업단지환경조성 409920백만원 / 3363-306 지역투자촉진 251347백만원 / 3363-307 지역투자촉진(세종) 5026백만원 / 3362-301 지방주도형투자·일자리지원(자율) 3602백만원 / 3362-332 지방주도형투자·일자리지원 1565백만원
1801,합성수지,섬유,(주)지앤피2공장(용탄),충북,68,1,,없음,1.0,0.75,0.5,0.18011,67.541,481곳: 직물제품(363) · 기타 섬유제품(117) · 기타 섬유직물(1),3333-305 산업단지환경조성 409920백만원 / 3363-306 지역투자촉진 251347백만원 / 3363-307 지역투자촉진(세종) 5026백만원 / 3362-301 지방주도형투자·일자리지원(자율) 3602백만원 / 3362-332 지방주도형투자·일자리지원 1565백만원
1801,합성수지,섬유,덕원상사(주),충남,81,1,,없음,1.0,0.75,0.5,0.18011,67.541,481곳: 직물제품(363) · 기타 섬유제품(117) · 기타 섬유직물(1),3333-305 산업단지환경조성 409920백만원 / 3363-306 지역투자촉진 251347백만원 / 3363-307 지역투자촉진(세종) 5026백만원 / 3362-301 지방주도형투자·일자리지원(자율) 3602백만원 / 3362-332 지방주도형투자·일자리지원 1565백만원
1801,합성수지,섬유,동원시스템즈(주) 공주 수지공장,충남,75,1,,없음,1.0,0.75,0.5,0.18011,67.541,481곳: 직물제품(363) · 기타 섬유제품(117) · 기타 섬유직물(1),3333-305 산업단지환경조성 409920백만원 / 3363-306 지역투자촉진 251347백만원 / 3363-307 지역투자촉진(세종) 5026백만원 / 3362-301 지방주도형투자·일자리지원(자율) 3602백만원 / 3362-332 지방주도형투자·일자리지원 1565백만원
1801,합성수지,섬유,세원화성(주),대전,102,1,,없음,1.0,0.75,0.5,0.18011,67.541,481곳: 직물제품(363) · 기타 섬유제품(117) · 기타 섬유직물(1),3333-305 산업단지환경조성 409920백만원 / 3363-306 지역투자촉진 251347백만원 / 3363-307 지역투자촉진(세종) 5026백만원 / 3362-301 지방주도형투자·일자리지원(자율) 3602백만원 / 3362-332 지방주도형투자·일자리지원 1565백만원
1801,합성수지,섬유,애경케미칼주식회사 청양1공장,충남,154,1,,없음,1.0,0.75,0.5,0.18011,67.541,481곳: 직물제품(363) · 기타 섬유제품(117) · 기타 섬유직물(1),3333-305 산업단지환경조성 409920백만원 / 3363-306 지역투자촉진 251347백만원 / 3363-307 지역투자촉진(세종) 5026백만원 / 3362-301 지방주도형투자·일자리지원(자율) 3602백만원 / 3362-332 지방주도형투자·일자리지원 1565백만원
1801,합성수지,섬유,코오롱인더스트리(주) 대산공장,충남,58,1,,없음,1.0,0.75,0.5,0.18011,67.541,481곳: 직물제품(363) · 기타 섬유제품(117) · 기타 섬유직물(1),3333-305 산업단지환경조성 409920백만원 / 3363-306 지역투자촉진 251347백만원 / 3363-307 지역투자촉진(세종) 5026백만원 / 3362-301 지방주도형투자·일자리지원(자율) 3602백만원 / 3362-332 지방주도형투자·일자리지원 1565백만원
1801,합성수지,섬유,한일도요(주),충북,74,1,,없음,1.0,0.75,0.5,0.18011,67.541,481곳: 직물제품(363) · 기타 섬유제품(117) · 기타 섬유직물(1),3333-305 산업단지환경조성 409920백만원 / 3363-306 지역투자촉진 251347백만원 / 3363-307 지역투자촉진(세종) 5026백만원 / 3362-301 지방주도형투자·일자리지원(자율) 3602백만원 / 3362-332 지방주도형투자·일자리지원 1565백만원
1723,"염료, 안료 및 유연제",섬유,(유)늘푸른에너지,전남광주,40,1,,없음,0.8,0.5,0.5,0.32919,65.838,654곳: 섬유표백 및 염색 임가공(316) · 천연 및 화학 섬유직물(297) · 편조원단(25),3333-305 산업단지환경조성 409920백만원 / 3363-306 지역투자촉진 251347백만원 / 3363-307 지역투자촉진(세종) 5026백만원 / 3362-301 지방주도형투자·일자리지원(자율) 3602백만원 / 3362-332 지방주도형투자·일자리지원 1565백만원
3032,금속처리 가공품,일반기계,박희선,충북,71,1,,없음,1.0,0.75,0.5,0.17359,65.096,839곳: 기타 특수목적용기계(186) · 기타 일반목적용 기계(167) · 밸브(98),3333-305 산업단지환경조성 409920백만원 / 3363-306 지역투자촉진 251347백만원 / 3363-307 지역투자촉진(세종) 5026백만원 / 3362-301 지방주도형투자·일자리지원(자율) 3602백만원 / 3362-332 지방주도형투자·일자리지원 1565백만원
1801,합성수지,섬유,(주)마스콤,경남,49,1,,없음,0.8,0.9,0.5,0.18011,64.84,481곳: 직물제품(363) · 기타 섬유제품(117) · 기타 섬유직물(1),3333-305 산업단지환경조성 409920백만원 / 3363-306 지역투자촉진 251347백만원 / 3363-307 지역투자촉진(세종) 5026백만원 / 3362-301 지방주도형투자·일자리지원(자율) 3602백만원 / 3362-332 지방주도형투자·일자리지원 1565백만원
1801,합성수지,섬유,(주)우진,경남,46,1,,없음,0.8,0.9,0.5,0.18011,64.84,481곳: 직물제품(363) · 기타 섬유제품(117) · 기타 섬유직물(1),3333-305 산업단지환경조성 409920백만원 / 3363-306 지역투자촉진 251347백만원 / 3363-307 지역투자촉진(세종) 5026백만원 / 3362-301 지방주도형투자·일자리지원(자율) 3602백만원 / 3362-332 지방주도형투자·일자리지원 1565백만원
1801,합성수지,섬유,삼부정밀화학(주),경남,35,1,,없음,0.8,0.9,0.5,0.18011,64.84,481곳: 직물제품(363) · 기타 섬유제품(117) · 기타 섬유직물(1),3333-305 산업단지환경조성 409920백만원 / 3363-306 지역투자촉진 251347백만원 / 3363-307 지역투자촉진(세종) 5026백만원 / 3362-301 지방주도형투자·일자리지원(자율) 3602백만원 / 3362-332 지방주도형투자·일자리지원 1565백만원
1801,합성수지,섬유,웨스트레이크코리아(주),울산,38,1,,없음,0.8,0.9,0.5,0.18011,64.84,481곳: 직물제품(363) · 기타 섬유제품(117) · 기타 섬유직물(1),3333-305 산업단지환경조성 409920백만원 / 3363-306 지역투자촉진 251347백만원 / 3363-307 지역투자촉진(세종) 5026백만원 / 3362-301 지방주도형투자·일자리지원(자율) 3602백만원 / 3362-332 지방주도형투자·일자리지원 1565백만원
1801,합성수지,섬유,케이에스케미칼주식회사,울산,44,1,,없음,0.8,0.9,0.5,0.18011,64.84,481곳: 직물제품(363) · 기타 섬유제품(117) · 기타 섬유직물(1),3333-305 산업단지환경조성 409920백만원 / 3363-306 지역투자촉진 251347백만원 / 3363-307 지역투자촉진(세종) 5026백만원 / 3362-301 지방주도형투자·일자리지원(자율) 3602백만원 / 3362-332 지방주도형투자·일자리지원 1565백만원
1801,합성수지,섬유,한화솔루션(주) 울산2,울산,251,1,,없음,0.8,0.9,0.5,0.18011,64.84,481곳: 직물제품(363) · 기타 섬유제품(117) · 기타 섬유직물(1),3333-305 산업단지환경조성 409920백만원 / 3363-306 지역투자촉진 251347백만원 / 3363-307 지역투자촉진(세종) 5026백만원 / 3362-301 지방주도형투자·일자리지원(자율) 3602백만원 / 3362-332 지방주도형투자·일자리지원 1565백만원
1801,합성수지,섬유,흥일산업(주),경남,36,1,,없음,0.8,0.9,0.5,0.18011,64.84,481곳: 직물제품(363) · 기타 섬유제품(117) · 기타 섬유직물(1),3333-305 산업단지환경조성 409920백만원 / 3363-306 지역투자촉진 251347백만원 / 3363-307 지역투자촉진(세종) 5026백만원 / 3362-301 지방주도형투자·일자리지원(자율) 3602백만원 / 3362-332 지방주도형투자·일자리지원 1565백만원
3032,금속처리 가공품,일반기계,제이엔디산업,경남,32,1,,없음,0.8,0.9,0.5,0.17359,62.492,839곳: 기타 특수목적용기계(186) · 기타 일반목적용 기계(167) · 밸브(98),3333-305 산업단지환경조성 409920백만원 / 3363-306 지역투자촉진 251347백만원 / 3363-307 지역투자촉진(세종) 5026백만원 / 3362-301 지방주도형투자·일자리지원(자율) 3602백만원 / 3362-332 지방주도형투자·일자리지원 1565백만원
3032,금속처리 가공품,일반기계,홍덕섬유(주),울산,45,1,,없음,0.8,0.9,0.5,0.17359,62.492,839곳: 기타 특수목적용기계(186) · 기타 일반목적용 기계(167) · 밸브(98),3333-305 산업단지환경조성 409920백만원 / 3363-306 지역투자촉진 251347백만원 / 3363-307 지역투자촉진(세종) 5026백만원 / 3362-301 지방주도형투자·일자리지원(자율) 3602백만원 / 3362-332 지방주도형투자·일자리지원 1565백만원
1801,합성수지,섬유,(주)동양화학,부산,45,1,,없음,0.8,0.85,0.5,0.18011,61.237,481곳: 직물제품(363) · 기타 섬유제품(117) · 기타 섬유직물(1),3333-305 산업단지환경조성 409920백만원 / 3363-306 지역투자촉진 251347백만원 / 3363-307 지역투자촉진(세종) 5026백만원 / 3362-301 지방주도형투자·일자리지원(자율) 3602백만원 / 3362-332 지방주도형투자·일자리지원 1565백만원
1801,합성수지,섬유,(주)미광화학,부산,37,1,,없음,0.8,0.85,0.5,0.18011,61.237,481곳: 직물제품(363) · 기타 섬유제품(117) · 기타 섬유직물(1),3333-305 산업단지환경조성 409920백만원 / 3363-306 지역투자촉진 251347백만원 / 3363-307 지역투자촉진(세종) 5026백만원 / 3362-301 지방주도형투자·일자리지원(자율) 3602백만원 / 3362-332 지방주도형투자·일자리지원 1565백만원
1801,합성수지,섬유,(주)정원화학,부산,34,1,,없음,0.8,0.85,0.5,0.18011,61.237,481곳: 직물제품(363) · 기타 섬유제품(117) · 기타 섬유직물(1),3333-305 산업단지환경조성 409920백만원 / 3363-306 지역투자촉진 251347백만원 / 3363-307 지역투자촉진(세종) 5026백만원 / 3362-301 지방주도형투자·일자리지원(자율) 3602백만원 / 3362-332 지방주도형투자·일자리지원 1565백만원
1801,합성수지,섬유,신동아공업사,부산,30,1,,없음,0.8,0.85,0.5,0.18011,61.237,481곳: 직물제품(363) · 기타 섬유제품(117) · 기타 섬유직물(1),3333-305 산업단지환경조성 409920백만원 / 3363-306 지역투자촉진 251347백만원 / 3363-307 지역투자촉진(세종) 5026백만원 / 3362-301 지방주도형투자·일자리지원(자율) 3602백만원 / 3362-332 지방주도형투자·일자리지원 1565백만원
2821,동 1차제품,전기장비,(주)동화티씨에이,경남,56,2,,공장 2개,1.0,0.9,1.0,0.06613,59.517,445곳: 배전반 및 전기자동 제어반(261) · 기타 전기장비(67) · 발전기 및 전동기(45),3333-305 산업단지환경조성 409920백만원 / 3363-306 지역투자촉진 251347백만원 / 3363-307 지역투자촉진(세종) 5026백만원 / 3362-301 지방주도형투자·일자리지원(자율) 3602백만원 / 3362-332 지방주도형투자·일자리지원 1565백만원
3032,금속처리 가공품,일반기계,고려제강(주) 하이프로공장,부산,238,1,,없음,0.8,0.85,0.5,0.17359,59.021,839곳: 기타 특수목적용기계(186) · 기타 일반목적용 기계(167) · 밸브(98),3333-305 산업단지환경조성 409920백만원 / 3363-306 지역투자촉진 251347백만원 / 3363-307 지역투자촉진(세종) 5026백만원 / 3362-301 지방주도형투자·일자리지원(자율) 3602백만원 / 3362-332 지방주도형투자·일자리지원 1565백만원
1801,합성수지,섬유,(주)그래피,서울,55,1,,없음,1.0,0.6,0.5,0.18011,54.033,481곳: 직물제품(363) · 기타 섬유제품(117) · 기타 섬유직물(1),3333-305 산업단지환경조성 409920백만원 / 3363-306 지역투자촉진 251347백만원 / 3363-307 지역투자촉진(세종) 5026백만원 / 3362-301 지방주도형투자·일자리지원(자율) 3602백만원 / 3362-332 지방주도형투자·일자리지원 1565백만원
1801,합성수지,섬유,(주)남일엔프라 제2공장,경기,60,1,,없음,1.0,0.6,0.5,0.18011,54.033,481곳: 직물제품(363) · 기타 섬유제품(117) · 기타 섬유직물(1),3333-305 산업단지환경조성 409920백만원 / 3363-306 지역투자촉진 251347백만원 / 3363-307 지역투자촉진(세종) 5026백만원 / 3362-301 지방주도형투자·일자리지원(자율) 3602백만원 / 3362-332 지방주도형투자·일자리지원 1565백만원
1801,합성수지,섬유,(주)대림,충남,33,1,,없음,0.8,0.75,0.5,0.18011,54.033,481곳: 직물제품(363) · 기타 섬유제품(117) · 기타 섬유직물(1),3333-305 산업단지환경조성 409920백만원 / 3363-306 지역투자촉진 251347백만원 / 3363-307 지역투자촉진(세종) 5026백만원 / 3362-301 지방주도형투자·일자리지원(자율) 3602백만원 / 3362-332 지방주도형투자·일자리지원 1565백만원
1801,합성수지,섬유,(주)대림 대전지점,대전,33,1,,없음,0.8,0.75,0.5,0.18011,54.033,481곳: 직물제품(363) · 기타 섬유제품(117) · 기타 섬유직물(1),3333-305 산업단지환경조성 409920백만원 / 3363-306 지역투자촉진 251347백만원 / 3363-307 지역투자촉진(세종) 5026백만원 / 3362-301 지방주도형투자·일자리지원(자율) 3602백만원 / 3362-332 지방주도형투자·일자리지원 1565백만원
1801,합성수지,섬유,(주)동성화인텍,경기,68,1,,없음,1.0,0.6,0.5,0.18011,54.033,481곳: 직물제품(363) · 기타 섬유제품(117) · 기타 섬유직물(1),3333-305 산업단지환경조성 409920백만원 / 3363-306 지역투자촉진 251347백만원 / 3363-307 지역투자촉진(세종) 5026백만원 / 3362-301 지방주도형투자·일자리지원(자율) 3602백만원 / 3362-332 지방주도형투자·일자리지원 1565백만원
1801,합성수지,섬유,(주)동양이화,경기,56,1,,없음,1.0,0.6,0.5,0.18011,54.033,481곳: 직물제품(363) · 기타 섬유제품(117) · 기타 섬유직물(1),3333-305 산업단지환경조성 409920백만원 / 3363-306 지역투자촉진 251347백만원 / 3363-307 지역투자촉진(세종) 5026백만원 / 3362-301 지방주도형투자·일자리지원(자율) 3602백만원 / 3362-332 지방주도형투자·일자리지원 1565백만원
1801,합성수지,섬유,(주)디와이폴리머,경기,50,1,,없음,1.0,0.6,0.5,0.18011,54.033,481곳: 직물제품(363) · 기타 섬유제품(117) · 기타 섬유직물(1),3333-305 산업단지환경조성 409920백만원 / 3363-306 지역투자촉진 251347백만원 / 3363-307 지역투자촉진(세종) 5026백만원 / 3362-301 지방주도형투자·일자리지원(자율) 3602백만원 / 3362-332 지방주도형투자·일자리지원 1565백만원
1801,합성수지,섬유,(주)베이비드림,서울,52,1,,없음,1.0,0.6,0.5,0.18011,54.033,481곳: 직물제품(363) · 기타 섬유제품(117) · 기타 섬유직물(1),3333-305 산업단지환경조성 409920백만원 / 3363-306 지역투자촉진 251347백만원 / 3363-307 지역투자촉진(세종) 5026백만원 / 3362-301 지방주도형투자·일자리지원(자율) 3602백만원 / 3362-332 지방주도형투자·일자리지원 1565백만원
1801,합성수지,섬유,(주)세양폴리머,경기,55,1,,없음,1.0,0.6,0.5,0.18011,54.033,481곳: 직물제품(363) · 기타 섬유제품(117) · 기타 섬유직물(1),3333-305 산업단지환경조성 409920백만원 / 3363-306 지역투자촉진 251347백만원 / 3363-307 지역투자촉진(세종) 5026백만원 / 3362-301 지방주도형투자·일자리지원(자율) 3602백만원 / 3362-332 지방주도형투자·일자리지원 1565백만원
1801,합성수지,섬유,(주)에이치알에스,충남,36,1,,없음,0.8,0.75,0.5,0.18011,54.033,481곳: 직물제품(363) · 기타 섬유제품(117) · 기타 섬유직물(1),3333-305 산업단지환경조성 409920백만원 / 3363-306 지역투자촉진 251347백만원 / 3363-307 지역투자촉진(세종) 5026백만원 / 3362-301 지방주도형투자·일자리지원(자율) 3602백만원 / 3362-332 지방주도형투자·일자리지원 1565백만원
1801,합성수지,섬유,(주)용현폴리텍,충남,38,1,,없음,0.8,0.75,0.5,0.18011,54.033,481곳: 직물제품(363) · 기타 섬유제품(117) · 기타 섬유직물(1),3333-305 산업단지환경조성 409920백만원 / 3363-306 지역투자촉진 251347백만원 / 3363-307 지역투자촉진(세종) 5026백만원 / 3362-301 지방주도형투자·일자리지원(자율) 3602백만원 / 3362-332 지방주도형투자·일자리지원 1565백만원
1801,합성수지,섬유,(주)지엠코리아,충북,48,1,,없음,0.8,0.75,0.5,0.18011,54.033,481곳: 직물제품(363) · 기타 섬유제품(117) · 기타 섬유직물(1),3333-305 산업단지환경조성 409920백만원 / 3363-306 지역투자촉진 251347백만원 / 3363-307 지역투자촉진(세종) 5026백만원 / 3362-301 지방주도형투자·일자리지원(자율) 3602백만원 / 3362-332 지방주도형투자·일자리지원 1565백만원
1801,합성수지,섬유,(주)티앤엘,경기,106,1,,없음,1.0,0.6,0.5,0.18011,54.033,481곳: 직물제품(363) · 기타 섬유제품(117) · 기타 섬유직물(1),3333-305 산업단지환경조성 409920백만원 / 3363-306 지역투자촉진 251347백만원 / 3363-307 지역투자촉진(세종) 5026백만원 / 3362-301 지방주도형투자·일자리지원(자율) 3602백만원 / 3362-332 지방주도형투자·일자리지원 1565백만원
1801,합성수지,섬유,(주)한나노텍,대전,31,1,,없음,0.8,0.75,0.5,0.18011,54.033,481곳: 직물제품(363) · 기타 섬유제품(117) · 기타 섬유직물(1),3333-305 산업단지환경조성 409920백만원 / 3363-306 지역투자촉진 251347백만원 / 3363-307 지역투자촉진(세종) 5026백만원 / 3362-301 지방주도형투자·일자리지원(자율) 3602백만원 / 3362-332 지방주도형투자·일자리지원 1565백만원
1801,합성수지,섬유,깨끗한나라(주),충북,30,1,,없음,0.8,0.75,0.5,0.18011,54.033,481곳: 직물제품(363) · 기타 섬유제품(117) · 기타 섬유직물(1),3333-305 산업단지환경조성 409920백만원 / 3363-306 지역투자촉진 251347백만원 / 3363-307 지역투자촉진(세종) 5026백만원 / 3362-301 지방주도형투자·일자리지원(자율) 3602백만원 / 3362-332 지방주도형투자·일자리지원 1565백만원
1801,합성수지,섬유,대한폴리텍(주),충남,36,1,,없음,0.8,0.75,0.5,0.18011,54.033,481곳: 직물제품(363) · 기타 섬유제품(117) · 기타 섬유직물(1),3333-305 산업단지환경조성 409920백만원 / 3363-306 지역투자촉진 251347백만원 / 3363-307 지역투자촉진(세종) 5026백만원 / 3362-301 지방주도형투자·일자리지원(자율) 3602백만원 / 3362-332 지방주도형투자·일자리지원 1565백만원
1801,합성수지,섬유,미가폴리텍(주),충남,48,1,,없음,0.8,0.75,0.5,0.18011,54.033,481곳: 직물제품(363) · 기타 섬유제품(117) · 기타 섬유직물(1),3333-305 산업단지환경조성 409920백만원 / 3363-306 지역투자촉진 251347백만원 / 3363-307 지역투자촉진(세종) 5026백만원 / 3362-301 지방주도형투자·일자리지원(자율) 3602백만원 / 3362-332 지방주도형투자·일자리지원 1565백만원
1801,합성수지,섬유,에스케이아이테크 주식회사,충남,41,1,,없음,0.8,0.75,0.5,0.18011,54.033,481곳: 직물제품(363) · 기타 섬유제품(117) · 기타 섬유직물(1),3333-305 산업단지환경조성 409920백만원 / 3363-306 지역투자촉진 251347백만원 / 3363-307 지역투자촉진(세종) 5026백만원 / 3362-301 지방주도형투자·일자리지원(자율) 3602백만원 / 3362-332 지방주도형투자·일자리지원 1565백만원
1801,합성수지,섬유,월드비엠씨(주),충북,34,1,,없음,0.8,0.75,0.5,0.18011,54.033,481곳: 직물제품(363) · 기타 섬유제품(117) · 기타 섬유직물(1),3333-305 산업단지환경조성 409920백만원 / 3363-306 지역투자촉진 251347백만원 / 3363-307 지역투자촉진(세종) 5026백만원 / 3362-301 지방주도형투자·일자리지원(자율) 3602백만원 / 3362-332 지방주도형투자·일자리지원 1565백만원
1801,합성수지,섬유,유신메라민공업(주),경기,95,1,,없음,1.0,0.6,0.5,0.18011,54.033,481곳: 직물제품(363) · 기타 섬유제품(117) · 기타 섬유직물(1),3333-305 산업단지환경조성 409920백만원 / 3363-306 지역투자촉진 251347백만원 / 3363-307 지역투자촉진(세종) 5026백만원 / 3362-301 지방주도형투자·일자리지원(자율) 3602백만원 / 3362-332 지방주도형투자·일자리지원 1565백만원
1801,합성수지,섬유,주식회사 씨케이텍,충남,31,1,,없음,0.8,0.75,0.5,0.18011,54.033,481곳: 직물제품(363) · 기타 섬유제품(117) · 기타 섬유직물(1),3333-305 산업단지환경조성 409920백만원 / 3363-306 지역투자촉진 251347백만원 / 3363-307 지역투자촉진(세종) 5026백만원 / 3362-301 지방주도형투자·일자리지원(자율) 3602백만원 / 3362-332 지방주도형투자·일자리지원 1565백만원
1801,합성수지,섬유,한일산업(주)천안공장,충남,41,1,,없음,0.8,0.75,0.5,0.18011,54.033,481곳: 직물제품(363) · 기타 섬유제품(117) · 기타 섬유직물(1),3333-305 산업단지환경조성 409920백만원 / 3363-306 지역투자촉진 251347백만원 / 3363-307 지역투자촉진(세종) 5026백만원 / 3362-301 지방주도형투자·일자리지원(자율) 3602백만원 / 3362-332 지방주도형투자·일자리지원 1565백만원
1801,합성수지,섬유,효성오앤비(주),대전,41,1,,없음,0.8,0.75,0.5,0.18011,54.033,481곳: 직물제품(363) · 기타 섬유제품(117) · 기타 섬유직물(1),3333-305 산업단지환경조성 409920백만원 / 3363-306 지역투자촉진 251347백만원 / 3363-307 지역투자촉진(세종) 5026백만원 / 3362-301 지방주도형투자·일자리지원(자율) 3602백만원 / 3362-332 지방주도형투자·일자리지원 1565백만원
3209,기타 전자표시장치,의료기기,(주)유아이디,충북,50,1,,없음,1.0,0.75,0.5,0.14292,53.595,284곳: 의료용 기기(284),3333-305 산업단지환경조성 409920백만원 / 3363-306 지역투자촉진 251347백만원 / 3363-307 지역투자촉진(세종) 5026백만원 / 3362-301 지방주도형투자·일자리지원(자율) 3602백만원 / 3362-332 지방주도형투자·일자리지원 1565백만원
3032,금속처리 가공품,일반기계,(주)인성,경기,58,1,,없음,1.0,0.6,0.5,0.17359,52.077,839곳: 기타 특수목적용기계(186) · 기타 일반목적용 기계(167) · 밸브(98),3333-305 산업단지환경조성 409920백만원 / 3363-306 지역투자촉진 251347백만원 / 3363-307 지역투자촉진(세종) 5026백만원 / 3362-301 지방주도형투자·일자리지원(자율) 3602백만원 / 3362-332 지방주도형투자·일자리지원 1565백만원
3032,금속처리 가공품,일반기계,(주)현대금속농공,충남,30,1,,없음,0.8,0.75,0.5,0.17359,52.077,839곳: 기타 특수목적용기계(186) · 기타 일반목적용 기계(167) · 밸브(98),3333-305 산업단지환경조성 409920백만원 / 3363-306 지역투자촉진 251347백만원 / 3363-307 지역투자촉진(세종) 5026백만원 / 3362-301 지방주도형투자·일자리지원(자율) 3602백만원 / 3362-332 지방주도형투자·일자리지원 1565백만원
3032,금속처리 가공품,일반기계,더엠제이(주),인천,85,1,,없음,1.0,0.6,0.5,0.17359,52.077,839곳: 기타 특수목적용기계(186) · 기타 일반목적용 기계(167) · 밸브(98),3333-305 산업단지환경조성 409920백만원 / 3363-306 지역투자촉진 251347백만원 / 3363-307 지역투자촉진(세종) 5026백만원 / 3362-301 지방주도형투자·일자리지원(자율) 3602백만원 / 3362-332 지방주도형투자·일자리지원 1565백만원
3032,금속처리 가공품,일반기계,유진통신공업(주),세종,30,1,,없음,0.8,0.75,0.5,0.17359,52.077,839곳: 기타 특수목적용기계(186) · 기타 일반목적용 기계(167) · 밸브(98),3333-305 산업단지환경조성 409920백만원 / 3363-306 지역투자촉진 251347백만원 / 3363-307 지역투자촉진(세종) 5026백만원 / 3362-301 지방주도형투자·일자리지원(자율) 3602백만원 / 3362-332 지방주도형투자·일자리지원 1565백만원
3032,금속처리 가공품,일반기계,케이.에이.티(주),대전,37,1,,없음,0.8,0.75,0.5,0.17359,52.077,839곳: 기타 특수목적용기계(186) · 기타 일반목적용 기계(167) · 밸브(98),3333-305 산업단지환경조성 409920백만원 / 3363-306 지역투자촉진 251347백만원 / 3363-307 지역투자촉진(세종) 5026백만원 / 3362-301 지방주도형투자·일자리지원(자율) 3602백만원 / 3362-332 지방주도형투자·일자리지원 1565백만원
3032,금속처리 가공품,일반기계,평화산업개발(주),충남,31,1,,없음,0.8,0.75,0.5,0.17359,52.077,839곳: 기타 특수목적용기계(186) · 기타 일반목적용 기계(167) · 밸브(98),3333-305 산업단지환경조성 409920백만원 / 3363-306 지역투자촉진 251347백만원 / 3363-307 지역투자촉진(세종) 5026백만원 / 3362-301 지방주도형투자·일자리지원(자율) 3602백만원 / 3362-332 지방주도형투자·일자리지원 1565백만원
3032,금속처리 가공품,일반기계,해피창(주),대전,43,1,,없음,0.8,0.75,0.5,0.17359,52.077,839곳: 기타 특수목적용기계(186) · 기타 일반목적용 기계(167) · 밸브(98),3333-305 산업단지환경조성 409920백만원 / 3363-306 지역투자촉진 251347백만원 / 3363-307 지역투자촉진(세종) 5026백만원 / 3362-301 지방주도형투자·일자리지원(자율) 3602백만원 / 3362-332 지방주도형투자·일자리지원 1565백만원
2812,"알루미늄 제련, 정련 및 합금제품",자동차부품,(주)일광메탈,경남,131,2,,공장 2개,1.0,0.9,1.0,0.05069,45.621,729곳: 자동차 부분품(729),3333-305 산업단지환경조성 409920백만원 / 3363-306 지역투자촉진 251347백만원 / 3363-307 지역투자촉진(세종) 5026백만원 / 3362-301 지방주도형투자·일자리지원(자율) 3602백만원 / 3362-332 지방주도형투자·일자리지원 1565백만원
1801,합성수지,섬유,(주)SH에너지화학,전북,117,1,,없음,1.0,0.5,0.5,0.18011,45.027,481곳: 직물제품(363) · 기타 섬유제품(117) · 기타 섬유직물(1),3333-305 산업단지환경조성 409920백만원 / 3363-306 지역투자촉진 251347백만원 / 3363-307 지역투자촉진(세종) 5026백만원 / 3362-301 지방주도형투자·일자리지원(자율) 3602백만원 / 3362-332 지방주도형투자·일자리지원 1565백만원
1801,합성수지,섬유,(주)삼양사 전주공장,전북,54,1,,없음,1.0,0.5,0.5,0.18011,45.027,481곳: 직물제품(363) · 기타 섬유제품(117) · 기타 섬유직물(1),3333-305 산업단지환경조성 409920백만원 / 3363-306 지역투자촉진 251347백만원 / 3363-307 지역투자촉진(세종) 5026백만원 / 3362-301 지방주도형투자·일자리지원(자율) 3602백만원 / 3362-332 지방주도형투자·일자리지원 1565백만원
1801,합성수지,섬유,(주)컴앤텍,전남광주,72,1,,없음,1.0,0.5,0.5,0.18011,45.027,481곳: 직물제품(363) · 기타 섬유제품(117) · 기타 섬유직물(1),3333-305 산업단지환경조성 409920백만원 / 3363-306 지역투자촉진 251347백만원 / 3363-307 지역투자촉진(세종) 5026백만원 / 3362-301 지방주도형투자·일자리지원(자율) 3602백만원 / 3362-332 지방주도형투자·일자리지원 1565백만원
1801,합성수지,섬유,금호폴리켐(주) 여수1공장,전남광주,56,1,,없음,1.0,0.5,0.5,0.18011,45.027,481곳: 직물제품(363) · 기타 섬유제품(117) · 기타 섬유직물(1),3333-305 산업단지환경조성 409920백만원 / 3363-306 지역투자촉진 251347백만원 / 3363-307 지역투자촉진(세종) 5026백만원 / 3362-301 지방주도형투자·일자리지원(자율) 3602백만원 / 3362-332 지방주도형투자·일자리지원 1565백만원
1801,합성수지,섬유,디렉스폴리머(유),,55,1,,없음,1.0,0.5,0.5,0.18011,45.027,481곳: 직물제품(363) · 기타 섬유제품(117) · 기타 섬유직물(1),3333-305 산업단지환경조성 409920백만원 / 3363-306 지역투자촉진 251347백만원 / 3363-307 지역투자촉진(세종) 5026백만원 / 3362-301 지방주도형투자·일자리지원(자율) 3602백만원 / 3362-332 지방주도형투자·일자리지원 1565백만원
1801,합성수지,섬유,디엘케미칼(주) 여수 HDPE공장,전남광주,188,1,,없음,1.0,0.5,0.5,0.18011,45.027,481곳: 직물제품(363) · 기타 섬유제품(117) · 기타 섬유직물(1),3333-305 산업단지환경조성 409920백만원 / 3363-306 지역투자촉진 251347백만원 / 3363-307 지역투자촉진(세종) 5026백만원 / 3362-301 지방주도형투자·일자리지원(자율) 3602백만원 / 3362-332 지방주도형투자·일자리지원 1565백만원
1801,합성수지,섬유,삼양화성(주),전북,135,1,,없음,1.0,0.5,0.5,0.18011,45.027,481곳: 직물제품(363) · 기타 섬유제품(117) · 기타 섬유직물(1),3333-305 산업단지환경조성 409920백만원 / 3363-306 지역투자촉진 251347백만원 / 3363-307 지역투자촉진(세종) 5026백만원 / 3362-301 지방주도형투자·일자리지원(자율) 3602백만원 / 3362-332 지방주도형투자·일자리지원 1565백만원
1801,합성수지,섬유,송암시스콤(주),강원,56,1,,없음,1.0,0.5,0.5,0.18011,45.027,481곳: 직물제품(363) · 기타 섬유제품(117) · 기타 섬유직물(1),3333-305 산업단지환경조성 409920백만원 / 3363-306 지역투자촉진 251347백만원 / 3363-307 지역투자촉진(세종) 5026백만원 / 3362-301 지방주도형투자·일자리지원(자율) 3602백만원 / 3362-332 지방주도형투자·일자리지원 1565백만원
1801,합성수지,섬유,스미토모세이카폴리머스코리아(주),전남광주,65,1,,없음,1.0,0.5,0.5,0.18011,45.027,481곳: 직물제품(363) · 기타 섬유제품(117) · 기타 섬유직물(1),3333-305 산업단지환경조성 409920백만원 / 3363-306 지역투자촉진 251347백만원 / 3363-307 지역투자촉진(세종) 5026백만원 / 3362-301 지방주도형투자·일자리지원(자율) 3602백만원 / 3362-332 지방주도형투자·일자리지원 1565백만원
1801,합성수지,섬유,에이치앤지케미칼(주),전남광주,64,1,,없음,1.0,0.5,0.5,0.18011,45.027,481곳: 직물제품(363) · 기타 섬유제품(117) · 기타 섬유직물(1),3333-305 산업단지환경조성 409920백만원 / 3363-306 지역투자촉진 251347백만원 / 3363-307 지역투자촉진(세종) 5026백만원 / 3362-301 지방주도형투자·일자리지원(자율) 3602백만원 / 3362-332 지방주도형투자·일자리지원 1565백만원
1801,합성수지,섬유,케이알코폴리머유한회사,전남광주,54,1,,없음,1.0,0.5,0.5,0.18011,45.027,481곳: 직물제품(363) · 기타 섬유제품(117) · 기타 섬유직물(1),3333-305 산업단지환경조성 409920백만원 / 3363-306 지역투자촉진 251347백만원 / 3363-307 지역투자촉진(세종) 5026백만원 / 3362-301 지방주도형투자·일자리지원(자율) 3602백만원 / 3362-332 지방주도형투자·일자리지원 1565백만원
1801,합성수지,섬유,폴리미래(주) 여수공장,전남광주,60,1,,없음,1.0,0.5,0.5,0.18011,45.027,481곳: 직물제품(363) · 기타 섬유제품(117) · 기타 섬유직물(1),3333-305 산업단지환경조성 409920백만원 / 3363-306 지역투자촉진 251347백만원 / 3363-307 지역투자촉진(세종) 5026백만원 / 3362-301 지방주도형투자·일자리지원(자율) 3602백만원 / 3362-332 지방주도형투자·일자리지원 1565백만원
1801,합성수지,섬유,폴린트컴포지트코리아주식회사,전북,73,1,,없음,1.0,0.5,0.5,0.18011,45.027,481곳: 직물제품(363) · 기타 섬유제품(117) · 기타 섬유직물(1),3333-305 산업단지환경조성 409920백만원 / 3363-306 지역투자촉진 251347백만원 / 3363-307 지역투자촉진(세종) 5026백만원 / 3362-301 지방주도형투자·일자리지원(자율) 3602백만원 / 3362-332 지방주도형투자·일자리지원 1565백만원
1801,합성수지,섬유,한화솔루션(주) 3공장,전남광주,73,1,,없음,1.0,0.5,0.5,0.18011,45.027,481곳: 직물제품(363) · 기타 섬유제품(117) · 기타 섬유직물(1),3333-305 산업단지환경조성 409920백만원 / 3363-306 지역투자촉진 251347백만원 / 3363-307 지역투자촉진(세종) 5026백만원 / 3362-301 지방주도형투자·일자리지원(자율) 3602백만원 / 3362-332 지방주도형투자·일자리지원 1565백만원
2730,냉간압연강재,자동차부품,(주)세아메탈,경남,59,2,,공장 2개,1.0,0.9,1.0,0.04815,43.335,733곳: 자동차 부분품(729) · 특장차(4),3333-305 산업단지환경조성 409920백만원 / 3363-306 지역투자촉진 251347백만원 / 3363-307 지역투자촉진(세종) 5026백만원 / 3362-301 지방주도형투자·일자리지원(자율) 3602백만원 / 3362-332 지방주도형투자·일자리지원 1565백만원
2730,냉간압연강재,자동차부품,티튜브(주),경남,64,2,,공장 2개,1.0,0.9,1.0,0.04815,43.335,733곳: 자동차 부분품(729) · 특장차(4),3333-305 산업단지환경조성 409920백만원 / 3363-306 지역투자촉진 251347백만원 / 3363-307 지역투자촉진(세종) 5026백만원 / 3362-301 지방주도형투자·일자리지원(자율) 3602백만원 / 3362-332 지방주도형투자·일자리지원 1565백만원
1801,합성수지,섬유,(주)남일엔프라,경기,33,1,,없음,0.8,0.6,0.5,0.18011,43.226,481곳: 직물제품(363) · 기타 섬유제품(117) · 기타 섬유직물(1),3333-305 산업단지환경조성 409920백만원 / 3363-306 지역투자촉진 251347백만원 / 3363-307 지역투자촉진(세종) 5026백만원 / 3362-301 지방주도형투자·일자리지원(자율) 3602백만원 / 3362-332 지방주도형투자·일자리지원 1565백만원
1801,합성수지,섬유,(주)비지에프에코머티리얼즈,경기,40,1,,없음,0.8,0.6,0.5,0.18011,43.226,481곳: 직물제품(363) · 기타 섬유제품(117) · 기타 섬유직물(1),3333-305 산업단지환경조성 409920백만원 / 3363-306 지역투자촉진 251347백만원 / 3363-307 지역투자촉진(세종) 5026백만원 / 3362-301 지방주도형투자·일자리지원(자율) 3602백만원 / 3362-332 지방주도형투자·일자리지원 1565백만원
1801,합성수지,섬유,(주)삼미,경기,40,1,,없음,0.8,0.6,0.5,0.18011,43.226,481곳: 직물제품(363) · 기타 섬유제품(117) · 기타 섬유직물(1),3333-305 산업단지환경조성 409920백만원 / 3363-306 지역투자촉진 251347백만원 / 3363-307 지역투자촉진(세종) 5026백만원 / 3362-301 지방주도형투자·일자리지원(자율) 3602백만원 / 3362-332 지방주도형투자·일자리지원 1565백만원
1801,합성수지,섬유,(주)세종생활,경기,30,1,,없음,0.8,0.6,0.5,0.18011,43.226,481곳: 직물제품(363) · 기타 섬유제품(117) · 기타 섬유직물(1),3333-305 산업단지환경조성 409920백만원 / 3363-306 지역투자촉진 251347백만원 / 3363-307 지역투자촉진(세종) 5026백만원 / 3362-301 지방주도형투자·일자리지원(자율) 3602백만원 / 3362-332 지방주도형투자·일자리지원 1565백만원
1801,합성수지,섬유,(주)에이치에이코리아,경기,44,1,,없음,0.8,0.6,0.5,0.18011,43.226,481곳: 직물제품(363) · 기타 섬유제품(117) · 기타 섬유직물(1),3333-305 산업단지환경조성 409920백만원 / 3363-306 지역투자촉진 251347백만원 / 3363-307 지역투자촉진(세종) 5026백만원 / 3362-301 지방주도형투자·일자리지원(자율) 3602백만원 / 3362-332 지방주도형투자·일자리지원 1565백만원
1801,합성수지,섬유,(주)에프티씨코리아,경기,30,1,,없음,0.8,0.6,0.5,0.18011,43.226,481곳: 직물제품(363) · 기타 섬유제품(117) · 기타 섬유직물(1),3333-305 산업단지환경조성 409920백만원 / 3363-306 지역투자촉진 251347백만원 / 3363-307 지역투자촉진(세종) 5026백만원 / 3362-301 지방주도형투자·일자리지원(자율) 3602백만원 / 3362-332 지방주도형투자·일자리지원 1565백만원
1801,합성수지,섬유,(주)투티폴리머,경기,30,1,,없음,0.8,0.6,0.5,0.18011,43.226,481곳: 직물제품(363) · 기타 섬유제품(117) · 기타 섬유직물(1),3333-305 산업단지환경조성 409920백만원 / 3363-306 지역투자촉진 251347백만원 / 3363-307 지역투자촉진(세종) 5026백만원 / 3362-301 지방주도형투자·일자리지원(자율) 3602백만원 / 3362-332 지방주도형투자·일자리지원 1565백만원
1801,합성수지,섬유,(주)파라,경기,45,1,,없음,0.8,0.6,0.5,0.18011,43.226,481곳: 직물제품(363) · 기타 섬유제품(117) · 기타 섬유직물(1),3333-305 산업단지환경조성 409920백만원 / 3363-306 지역투자촉진 251347백만원 / 3363-307 지역투자촉진(세종) 5026백만원 / 3362-301 지방주도형투자·일자리지원(자율) 3602백만원 / 3362-332 지방주도형투자·일자리지원 1565백만원
1801,합성수지,섬유,(주)파인웰,경기,47,1,,없음,0.8,0.6,0.5,0.18011,43.226,481곳: 직물제품(363) · 기타 섬유제품(117) · 기타 섬유직물(1),3333-305 산업단지환경조성 409920백만원 / 3363-306 지역투자촉진 251347백만원 / 3363-307 지역투자촉진(세종) 5026백만원 / 3362-301 지방주도형투자·일자리지원(자율) 3602백만원 / 3362-332 지방주도형투자·일자리지원 1565백만원
1801,합성수지,섬유,(주)한성기계,경기,30,1,,없음,0.8,0.6,0.5,0.18011,43.226,481곳: 직물제품(363) · 기타 섬유제품(117) · 기타 섬유직물(1),3333-305 산업단지환경조성 409920백만원 / 3363-306 지역투자촉진 251347백만원 / 3363-307 지역투자촉진(세종) 5026백만원 / 3362-301 지방주도형투자·일자리지원(자율) 3602백만원 / 3362-332 지방주도형투자·일자리지원 1565백만원
1801,합성수지,섬유,(주)한일오닉스,경기,49,1,,없음,0.8,0.6,0.5,0.18011,43.226,481곳: 직물제품(363) · 기타 섬유제품(117) · 기타 섬유직물(1),3333-305 산업단지환경조성 409920백만원 / 3363-306 지역투자촉진 251347백만원 / 3363-307 지역투자촉진(세종) 5026백만원 / 3362-301 지방주도형투자·일자리지원(자율) 3602백만원 / 3362-332 지방주도형투자·일자리지원 1565백만원
1801,합성수지,섬유,(주)해성실리콘,인천,30,1,,없음,0.8,0.6,0.5,0.18011,43.226,481곳: 직물제품(363) · 기타 섬유제품(117) · 기타 섬유직물(1),3333-305 산업단지환경조성 409920백만원 / 3363-306 지역투자촉진 251347백만원 / 3363-307 지역투자촉진(세종) 5026백만원 / 3362-301 지방주도형투자·일자리지원(자율) 3602백만원 / 3362-332 지방주도형투자·일자리지원 1565백만원
1801,합성수지,섬유,강남화성(주),경기,213,1,,없음,0.8,0.6,0.5,0.18011,43.226,481곳: 직물제품(363) · 기타 섬유제품(117) · 기타 섬유직물(1),3333-305 산업단지환경조성 409920백만원 / 3363-306 지역투자촉진 251347백만원 / 3363-307 지역투자촉진(세종) 5026백만원 / 3362-301 지방주도형투자·일자리지원(자율) 3602백만원 / 3362-332 지방주도형투자·일자리지원 1565백만원
1801,합성수지,섬유,다우실란트산업(주)화성바이오밸리지점,경기,37,1,,없음,0.8,0.6,0.5,0.18011,43.226,481곳: 직물제품(363) · 기타 섬유제품(117) · 기타 섬유직물(1),3333-305 산업단지환경조성 409920백만원 / 3363-306 지역투자촉진 251347백만원 / 3363-307 지역투자촉진(세종) 5026백만원 / 3362-301 지방주도형투자·일자리지원(자율) 3602백만원 / 3362-332 지방주도형투자·일자리지원 1565백만원
1801,합성수지,섬유,동방화학,경기,30,1,,없음,0.8,0.6,0.5,0.18011,43.226,481곳: 직물제품(363) · 기타 섬유제품(117) · 기타 섬유직물(1),3333-305 산업단지환경조성 409920백만원 / 3363-306 지역투자촉진 251347백만원 / 3363-307 지역투자촉진(세종) 5026백만원 / 3362-301 지방주도형투자·일자리지원(자율) 3602백만원 / 3362-332 지방주도형투자·일자리지원 1565백만원
1801,합성수지,섬유,삼성에프씨(주),경기,37,1,,없음,0.8,0.6,0.5,0.18011,43.226,481곳: 직물제품(363) · 기타 섬유제품(117) · 기타 섬유직물(1),3333-305 산업단지환경조성 409920백만원 / 3363-306 지역투자촉진 251347백만원 / 3363-307 지역투자촉진(세종) 5026백만원 / 3362-301 지방주도형투자·일자리지원(자율) 3602백만원 / 3362-332 지방주도형투자·일자리지원 1565백만원
1801,합성수지,섬유,삼성포리머(주),경기,48,1,,없음,0.8,0.6,0.5,0.18011,43.226,481곳: 직물제품(363) · 기타 섬유제품(117) · 기타 섬유직물(1),3333-305 산업단지환경조성 409920백만원 / 3363-306 지역투자촉진 251347백만원 / 3363-307 지역투자촉진(세종) 5026백만원 / 3362-301 지방주도형투자·일자리지원(자율) 3602백만원 / 3362-332 지방주도형투자·일자리지원 1565백만원
1801,합성수지,섬유,신일화학공업(주),경기,46,1,,없음,0.8,0.6,0.5,0.18011,43.226,481곳: 직물제품(363) · 기타 섬유제품(117) · 기타 섬유직물(1),3333-305 산업단지환경조성 409920백만원 / 3363-306 지역투자촉진 251347백만원 / 3363-307 지역투자촉진(세종) 5026백만원 / 3362-301 지방주도형투자·일자리지원(자율) 3602백만원 / 3362-332 지방주도형투자·일자리지원 1565백만원
1801,합성수지,섬유,오일기업 주식회사,서울,41,1,,없음,0.8,0.6,0.5,0.18011,43.226,481곳: 직물제품(363) · 기타 섬유제품(117) · 기타 섬유직물(1),3333-305 산업단지환경조성 409920백만원 / 3363-306 지역투자촉진 251347백만원 / 3363-307 지역투자촉진(세종) 5026백만원 / 3362-301 지방주도형투자·일자리지원(자율) 3602백만원 / 3362-332 지방주도형투자·일자리지원 1565백만원
1801,합성수지,섬유,유니온화성(주),경기,46,1,,없음,0.8,0.6,0.5,0.18011,43.226,481곳: 직물제품(363) · 기타 섬유제품(117) · 기타 섬유직물(1),3333-305 산업단지환경조성 409920백만원 / 3363-306 지역투자촉진 251347백만원 / 3363-307 지역투자촉진(세종) 5026백만원 / 3362-301 지방주도형투자·일자리지원(자율) 3602백만원 / 3362-332 지방주도형투자·일자리지원 1565백만원
1801,합성수지,섬유,화인화학(주),인천,32,1,,없음,0.8,0.6,0.5,0.18011,43.226,481곳: 직물제품(363) · 기타 섬유제품(117) · 기타 섬유직물(1),3333-305 산업단지환경조성 409920백만원 / 3363-306 지역투자촉진 251347백만원 / 3363-307 지역투자촉진(세종) 5026백만원 / 3362-301 지방주도형투자·일자리지원(자율) 3602백만원 / 3362-332 지방주도형투자·일자리지원 1565백만원
2812,"알루미늄 제련, 정련 및 합금제품",자동차부품,(주)대동신관,부산,103,2,,공장 2개,1.0,0.85,1.0,0.05069,43.087,729곳: 자동차 부분품(729),3333-305 산업단지환경조성 409920백만원 / 3363-306 지역투자촉진 251347백만원 / 3363-307 지역투자촉진(세종) 5026백만원 / 3362-301 지방주도형투자·일자리지원(자율) 3602백만원 / 3362-332 지방주도형투자·일자리지원 1565백만원
2812,"알루미늄 제련, 정련 및 합금제품",자동차부품,해동메탈(주),부산,54,2,,공장 2개,1.0,0.85,1.0,0.05069,43.087,729곳: 자동차 부분품(729),3333-305 산업단지환경조성 409920백만원 / 3363-306 지역투자촉진 251347백만원 / 3363-307 지역투자촉진(세종) 5026백만원 / 3362-301 지방주도형투자·일자리지원(자율) 3602백만원 / 3362-332 지방주도형투자·일자리지원 1565백만원
3209,기타 전자표시장치,의료기기,(주)도우인시스,충북,300,1,,없음,0.8,0.75,0.5,0.14292,42.876,284곳: 의료용 기기(284),3333-305 산업단지환경조성 409920백만원 / 3363-306 지역투자촉진 251347백만원 / 3363-307 지역투자촉진(세종) 5026백만원 / 3362-301 지방주도형투자·일자리지원(자율) 3602백만원 / 3362-332 지방주도형투자·일자리지원 1565백만원
3209,기타 전자표시장치,의료기기,(주)케이엔더블유,경기,101,1,,없음,1.0,0.6,0.5,0.14292,42.876,284곳: 의료용 기기(284),3333-305 산업단지환경조성 409920백만원 / 3363-306 지역투자촉진 251347백만원 / 3363-307 지역투자촉진(세종) 5026백만원 / 3362-301 지방주도형투자·일자리지원(자율) 3602백만원 / 3362-332 지방주도형투자·일자리지원 1565백만원
3209,기타 전자표시장치,의료기기,(주)코아옵틱스,충남,30,1,,없음,0.8,0.75,0.5,0.14292,42.876,284곳: 의료용 기기(284),3333-305 산업단지환경조성 409920백만원 / 3363-306 지역투자촉진 251347백만원 / 3363-307 지역투자촉진(세종) 5026백만원 / 3362-301 지방주도형투자·일자리지원(자율) 3602백만원 / 3362-332 지방주도형투자·일자리지원 1565백만원
3209,기타 전자표시장치,의료기기,에프엔에스테크(주),충남,30,1,,없음,0.8,0.75,0.5,0.14292,42.876,284곳: 의료용 기기(284),3333-305 산업단지환경조성 409920백만원 / 3363-306 지역투자촉진 251347백만원 / 3363-307 지역투자촉진(세종) 5026백만원 / 3362-301 지방주도형투자·일자리지원(자율) 3602백만원 / 3362-332 지방주도형투자·일자리지원 1565백만원
3209,기타 전자표시장치,의료기기,피에스테크놀러지(주),경기,50,1,,없음,1.0,0.6,0.5,0.14292,42.876,284곳: 의료용 기기(284),3333-305 산업단지환경조성 409920백만원 / 3363-306 지역투자촉진 251347백만원 / 3363-307 지역투자촉진(세종) 5026백만원 / 3362-301 지방주도형투자·일자리지원(자율) 3602백만원 / 3362-332 지방주도형투자·일자리지원 1565백만원
3032,금속처리 가공품,일반기계,(주)일동금망,경기,33,1,,없음,0.8,0.6,0.5,0.17359,41.662,839곳: 기타 특수목적용기계(186) · 기타 일반목적용 기계(167) · 밸브(98),3333-305 산업단지환경조성 409920백만원 / 3363-306 지역투자촉진 251347백만원 / 3363-307 지역투자촉진(세종) 5026백만원 / 3362-301 지방주도형투자·일자리지원(자율) 3602백만원 / 3362-332 지방주도형투자·일자리지원 1565백만원
3032,금속처리 가공품,일반기계,(주)제이제이선재,경기,34,1,,없음,0.8,0.6,0.5,0.17359,41.662,839곳: 기타 특수목적용기계(186) · 기타 일반목적용 기계(167) · 밸브(98),3333-305 산업단지환경조성 409920백만원 / 3363-306 지역투자촉진 251347백만원 / 3363-307 지역투자촉진(세종) 5026백만원 / 3362-301 지방주도형투자·일자리지원(자율) 3602백만원 / 3362-332 지방주도형투자·일자리지원 1565백만원
3032,금속처리 가공품,일반기계,㈜대진아트와이어,경기,34,1,,없음,0.8,0.6,0.5,0.17359,41.662,839곳: 기타 특수목적용기계(186) · 기타 일반목적용 기계(167) · 밸브(98),3333-305 산업단지환경조성 409920백만원 / 3363-306 지역투자촉진 251347백만원 / 3363-307 지역투자촉진(세종) 5026백만원 / 3362-301 지방주도형투자·일자리지원(자율) 3602백만원 / 3362-332 지방주도형투자·일자리지원 1565백만원
3032,금속처리 가공품,일반기계,서울선제공업(주),경기,30,1,,없음,0.8,0.6,0.5,0.17359,41.662,839곳: 기타 특수목적용기계(186) · 기타 일반목적용 기계(167) · 밸브(98),3333-305 산업단지환경조성 409920백만원 / 3363-306 지역투자촉진 251347백만원 / 3363-307 지역투자촉진(세종) 5026백만원 / 3362-301 지방주도형투자·일자리지원(자율) 3602백만원 / 3362-332 지방주도형투자·일자리지원 1565백만원
3032,금속처리 가공품,일반기계,영성산업(주),경기,48,1,,없음,0.8,0.6,0.5,0.17359,41.662,839곳: 기타 특수목적용기계(186) · 기타 일반목적용 기계(167) · 밸브(98),3333-305 산업단지환경조성 409920백만원 / 3363-306 지역투자촉진 251347백만원 / 3363-307 지역투자촉진(세종) 5026백만원 / 3362-301 지방주도형투자·일자리지원(자율) 3602백만원 / 3362-332 지방주도형투자·일자리지원 1565백만원
3032,금속처리 가공품,일반기계,주식회사한미이엔씨,경기,38,1,,없음,0.8,0.6,0.5,0.17359,41.662,839곳: 기타 특수목적용기계(186) · 기타 일반목적용 기계(167) · 밸브(98),3333-305 산업단지환경조성 409920백만원 / 3363-306 지역투자촉진 251347백만원 / 3363-307 지역투자촉진(세종) 5026백만원 / 3362-301 지방주도형투자·일자리지원(자율) 3602백만원 / 3362-332 지방주도형투자·일자리지원 1565백만원
3032,금속처리 가공품,일반기계,화이버텍(주),경기,45,1,,없음,0.8,0.6,0.5,0.17359,41.662,839곳: 기타 특수목적용기계(186) · 기타 일반목적용 기계(167) · 밸브(98),3333-305 산업단지환경조성 409920백만원 / 3363-306 지역투자촉진 251347백만원 / 3363-307 지역투자촉진(세종) 5026백만원 / 3362-301 지방주도형투자·일자리지원(자율) 3602백만원 / 3362-332 지방주도형투자·일자리지원 1565백만원
2812,"알루미늄 제련, 정련 및 합금제품",자동차부품,(주)덕성,경북,46,3,,공장 3개,0.8,1.0,1.0,0.05069,40.552,729곳: 자동차 부분품(729),3333-305 산업단지환경조성 409920백만원 / 3363-306 지역투자촉진 251347백만원 / 3363-307 지역투자촉진(세종) 5026백만원 / 3362-301 지방주도형투자·일자리지원(자율) 3602백만원 / 3362-332 지방주도형투자·일자리지원 1565백만원
2821,동 1차제품,전기장비,(주)하나금속,인천,156,3,,공장 3개,1.0,0.6,1.0,0.06613,39.678,445곳: 배전반 및 전기자동 제어반(261) · 기타 전기장비(67) · 발전기 및 전동기(45),3333-305 산업단지환경조성 409920백만원 / 3363-306 지역투자촉진 251347백만원 / 3363-307 지역투자촉진(세종) 5026백만원 / 3362-301 지방주도형투자·일자리지원(자율) 3602백만원 / 3362-332 지방주도형투자·일자리지원 1565백만원
2812,"알루미늄 제련, 정련 및 합금제품",자동차부품,(주)영진오토모티브,충남,76,3,,공장 3개,1.0,0.75,1.0,0.05069,38.017,729곳: 자동차 부분품(729),3333-305 산업단지환경조성 409920백만원 / 3363-306 지역투자촉진 251347백만원 / 3363-307 지역투자촉진(세종) 5026백만원 / 3362-301 지방주도형투자·일자리지원(자율) 3602백만원 / 3362-332 지방주도형투자·일자리지원 1565백만원
2812,"알루미늄 제련, 정련 및 합금제품",자동차부품,(주)HKM,경남,30,2,,공장 2개,0.8,0.9,1.0,0.05069,36.497,729곳: 자동차 부분품(729),3333-305 산업단지환경조성 409920백만원 / 3363-306 지역투자촉진 251347백만원 / 3363-307 지역투자촉진(세종) 5026백만원 / 3362-301 지방주도형투자·일자리지원(자율) 3602백만원 / 3362-332 지방주도형투자·일자리지원 1565백만원
2812,"알루미늄 제련, 정련 및 합금제품",자동차부품,신성메탈(주),경남,36,2,,공장 2개,0.8,0.9,1.0,0.05069,36.497,729곳: 자동차 부분품(729),3333-305 산업단지환경조성 409920백만원 / 3363-306 지역투자촉진 251347백만원 / 3363-307 지역투자촉진(세종) 5026백만원 / 3362-301 지방주도형투자·일자리지원(자율) 3602백만원 / 3362-332 지방주도형투자·일자리지원 1565백만원
2725,열연강판,자동차부품,진양특수강(주),경북,196,2,,공장 2개,1.0,1.0,1.0,0.0364,36.4,738곳: 자동차 부분품(729) · 트레일러 및 컨테이너(5) · 특장차(4),3333-305 산업단지환경조성 409920백만원 / 3363-306 지역투자촉진 251347백만원 / 3363-307 지역투자촉진(세종) 5026백만원 / 3362-301 지방주도형투자·일자리지원(자율) 3602백만원 / 3362-332 지방주도형투자·일자리지원 1565백만원
2730,냉간압연강재,자동차부품,광성강관공업 주식회사,충남,104,2,,공장 2개,1.0,0.75,1.0,0.04815,36.112,733곳: 자동차 부분품(729) · 특장차(4),3333-305 산업단지환경조성 409920백만원 / 3363-306 지역투자촉진 251347백만원 / 3363-307 지역투자촉진(세종) 5026백만원 / 3362-301 지방주도형투자·일자리지원(자율) 3602백만원 / 3362-332 지방주도형투자·일자리지원 1565백만원
1801,합성수지,섬유,(주)코와스,전남광주,30,1,,없음,0.8,0.5,0.5,0.18011,36.022,481곳: 직물제품(363) · 기타 섬유제품(117) · 기타 섬유직물(1),3333-305 산업단지환경조성 409920백만원 / 3363-306 지역투자촉진 251347백만원 / 3363-307 지역투자촉진(세종) 5026백만원 / 3362-301 지방주도형투자·일자리지원(자율) 3602백만원 / 3362-332 지방주도형투자·일자리지원 1565백만원
1801,합성수지,섬유,디엘케미칼(주) 여수 LHDPE공장,전남광주,31,1,,없음,0.8,0.5,0.5,0.18011,36.022,481곳: 직물제품(363) · 기타 섬유제품(117) · 기타 섬유직물(1),3333-305 산업단지환경조성 409920백만원 / 3363-306 지역투자촉진 251347백만원 / 3363-307 지역투자촉진(세종) 5026백만원 / 3362-301 지방주도형투자·일자리지원(자율) 3602백만원 / 3362-332 지방주도형투자·일자리지원 1565백만원
1801,합성수지,섬유,롯데정밀화학(주),,33,1,,없음,0.8,0.5,0.5,0.18011,36.022,481곳: 직물제품(363) · 기타 섬유제품(117) · 기타 섬유직물(1),3333-305 산업단지환경조성 409920백만원 / 3363-306 지역투자촉진 251347백만원 / 3363-307 지역투자촉진(세종) 5026백만원 / 3362-301 지방주도형투자·일자리지원(자율) 3602백만원 / 3362-332 지방주도형투자·일자리지원 1565백만원
1801,합성수지,섬유,삼양화인테크놀로지(주),전북,47,1,,없음,0.8,0.5,0.5,0.18011,36.022,481곳: 직물제품(363) · 기타 섬유제품(117) · 기타 섬유직물(1),3333-305 산업단지환경조성 409920백만원 / 3363-306 지역투자촉진 251347백만원 / 3363-307 지역투자촉진(세종) 5026백만원 / 3362-301 지방주도형투자·일자리지원(자율) 3602백만원 / 3362-332 지방주도형투자·일자리지원 1565백만원
1801,합성수지,섬유,엘엑스엠엠에이(주) (PMMA),전남광주,31,1,,없음,0.8,0.5,0.5,0.18011,36.022,481곳: 직물제품(363) · 기타 섬유제품(117) · 기타 섬유직물(1),3333-305 산업단지환경조성 409920백만원 / 3363-306 지역투자촉진 251347백만원 / 3363-307 지역투자촉진(세종) 5026백만원 / 3362-301 지방주도형투자·일자리지원(자율) 3602백만원 / 3362-332 지방주도형투자·일자리지원 1565백만원
1801,합성수지,섬유,오에스피(주),,40,1,,없음,0.8,0.5,0.5,0.18011,36.022,481곳: 직물제품(363) · 기타 섬유제품(117) · 기타 섬유직물(1),3333-305 산업단지환경조성 409920백만원 / 3363-306 지역투자촉진 251347백만원 / 3363-307 지역투자촉진(세종) 5026백만원 / 3362-301 지방주도형투자·일자리지원(자율) 3602백만원 / 3362-332 지방주도형투자·일자리지원 1565백만원
1801,합성수지,섬유,주식회사 대산,,33,1,,없음,0.8,0.5,0.5,0.18011,36.022,481곳: 직물제품(363) · 기타 섬유제품(117) · 기타 섬유직물(1),3333-305 산업단지환경조성 409920백만원 / 3363-306 지역투자촉진 251347백만원 / 3363-307 지역투자촉진(세종) 5026백만원 / 3362-301 지방주도형투자·일자리지원(자율) 3602백만원 / 3362-332 지방주도형투자·일자리지원 1565백만원
1801,합성수지,섬유,주식회사 안코바이오플라스틱스,강원,31,1,,없음,0.8,0.5,0.5,0.18011,36.022,481곳: 직물제품(363) · 기타 섬유제품(117) · 기타 섬유직물(1),3333-305 산업단지환경조성 409920백만원 / 3363-306 지역투자촉진 251347백만원 / 3363-307 지역투자촉진(세종) 5026백만원 / 3362-301 지방주도형투자·일자리지원(자율) 3602백만원 / 3362-332 지방주도형투자·일자리지원 1565백만원
1801,합성수지,섬유,주식회사 크리스탈엔씨,전북,48,1,,없음,0.8,0.5,0.5,0.18011,36.022,481곳: 직물제품(363) · 기타 섬유제품(117) · 기타 섬유직물(1),3333-305 산업단지환경조성 409920백만원 / 3363-306 지역투자촉진 251347백만원 / 3363-307 지역투자촉진(세종) 5026백만원 / 3362-301 지방주도형투자·일자리지원(자율) 3602백만원 / 3362-332 지방주도형투자·일자리지원 1565백만원
1801,합성수지,섬유,티케이지일렘 주식회사,전남광주,35,1,,없음,0.8,0.5,0.5,0.18011,36.022,481곳: 직물제품(363) · 기타 섬유제품(117) · 기타 섬유직물(1),3333-305 산업단지환경조성 409920백만원 / 3363-306 지역투자촉진 251347백만원 / 3363-307 지역투자촉진(세종) 5026백만원 / 3362-301 지방주도형투자·일자리지원(자율) 3602백만원 / 3362-332 지방주도형투자·일자리지원 1565백만원
1801,합성수지,섬유,퓨리오젠(주),전남광주,32,1,,없음,0.8,0.5,0.5,0.18011,36.022,481곳: 직물제품(363) · 기타 섬유제품(117) · 기타 섬유직물(1),3333-305 산업단지환경조성 409920백만원 / 3363-306 지역투자촉진 251347백만원 / 3363-307 지역투자촉진(세종) 5026백만원 / 3362-301 지방주도형투자·일자리지원(자율) 3602백만원 / 3362-332 지방주도형투자·일자리지원 1565백만원
1801,합성수지,섬유,한화컴파운드 주식회사,전남광주,34,1,,없음,0.8,0.5,0.5,0.18011,36.022,481곳: 직물제품(363) · 기타 섬유제품(117) · 기타 섬유직물(1),3333-305 산업단지환경조성 409920백만원 / 3363-306 지역투자촉진 251347백만원 / 3363-307 지역투자촉진(세종) 5026백만원 / 3362-301 지방주도형투자·일자리지원(자율) 3602백만원 / 3362-332 지방주도형투자·일자리지원 1565백만원
3032,금속처리 가공품,일반기계,디에스알제강(주),전남광주,30,1,,없음,0.8,0.5,0.5,0.17359,34.718,839곳: 기타 특수목적용기계(186) · 기타 일반목적용 기계(167) · 밸브(98),3333-305 산업단지환경조성 409920백만원 / 3363-306 지역투자촉진 251347백만원 / 3363-307 지역투자촉진(세종) 5026백만원 / 3362-301 지방주도형투자·일자리지원(자율) 3602백만원 / 3362-332 지방주도형투자·일자리지원 1565백만원
3209,기타 전자표시장치,의료기기,(주)성산,경기,37,1,,없음,0.8,0.6,0.5,0.14292,34.301,284곳: 의료용 기기(284),3333-305 산업단지환경조성 409920백만원 / 3363-306 지역투자촉진 251347백만원 / 3363-307 지역투자촉진(세종) 5026백만원 / 3362-301 지방주도형투자·일자리지원(자율) 3602백만원 / 3362-332 지방주도형투자·일자리지원 1565백만원
3209,기타 전자표시장치,의료기기,(주)아성,경기,43,1,,없음,0.8,0.6,0.5,0.14292,34.301,284곳: 의료용 기기(284),3333-305 산업단지환경조성 409920백만원 / 3363-306 지역투자촉진 251347백만원 / 3363-307 지역투자촉진(세종) 5026백만원 / 3362-301 지방주도형투자·일자리지원(자율) 3602백만원 / 3362-332 지방주도형투자·일자리지원 1565백만원
3209,기타 전자표시장치,의료기기,(주)정진멀티테크놀로지,인천,48,1,,없음,0.8,0.6,0.5,0.14292,34.301,284곳: 의료용 기기(284),3333-305 산업단지환경조성 409920백만원 / 3363-306 지역투자촉진 251347백만원 / 3363-307 지역투자촉진(세종) 5026백만원 / 3362-301 지방주도형투자·일자리지원(자율) 3602백만원 / 3362-332 지방주도형투자·일자리지원 1565백만원
3209,기타 전자표시장치,의료기기,주식회사 앤아이씨,경기,35,1,,없음,0.8,0.6,0.5,0.14292,34.301,284곳: 의료용 기기(284),3333-305 산업단지환경조성 409920백만원 / 3363-306 지역투자촉진 251347백만원 / 3363-307 지역투자촉진(세종) 5026백만원 / 3362-301 지방주도형투자·일자리지원(자율) 3602백만원 / 3362-332 지방주도형투자·일자리지원 1565백만원
3032,금속처리 가공품,자동차부품,(주)에스비와이어,경북,40,2,,공장 2개,0.8,1.0,1.0,0.0427,34.16,745곳: 자동차 부분품(729) · 자동차용 엔진(11) · 트레일러 및 컨테이너(5),3333-305 산업단지환경조성 409920백만원 / 3363-306 지역투자촉진 251347백만원 / 3363-307 지역투자촉진(세종) 5026백만원 / 3362-301 지방주도형투자·일자리지원(자율) 3602백만원 / 3362-332 지방주도형투자·일자리지원 1565백만원
2821,동 1차제품,전기장비,(주)원일사,,136,3,,공장 3개,1.0,0.5,1.0,0.06613,33.065,445곳: 배전반 및 전기자동 제어반(261) · 기타 전기장비(67) · 발전기 및 전동기(45),3333-305 산업단지환경조성 409920백만원 / 3363-306 지역투자촉진 251347백만원 / 3363-307 지역투자촉진(세종) 5026백만원 / 3362-301 지방주도형투자·일자리지원(자율) 3602백만원 / 3362-332 지방주도형투자·일자리지원 1565백만원
2730,냉간압연강재,자동차부품,와이시피(주),부산,205,2,,공장 2개,0.8,0.85,1.0,0.04815,32.742,733곳: 자동차 부분품(729) · 특장차(4),3333-305 산업단지환경조성 409920백만원 / 3363-306 지역투자촉진 251347백만원 / 3363-307 지역투자촉진(세종) 5026백만원 / 3362-301 지방주도형투자·일자리지원(자율) 3602백만원 / 3362-332 지방주도형투자·일자리지원 1565백만원
3102,집적회로,자동차부품,(주)마이크로인피니티,경북,65,2,,공장 2개,1.0,1.0,1.0,0.03271,32.71,729곳: 자동차 부분품(729),3333-305 산업단지환경조성 409920백만원 / 3363-306 지역투자촉진 251347백만원 / 3363-307 지역투자촉진(세종) 5026백만원 / 3362-301 지방주도형투자·일자리지원(자율) 3602백만원 / 3362-332 지방주도형투자·일자리지원 1565백만원
2821,동 1차제품,전기장비,(주)하나하이메탈,인천,42,2,,공장 2개,0.8,0.6,1.0,0.06613,31.742,445곳: 배전반 및 전기자동 제어반(261) · 기타 전기장비(67) · 발전기 및 전동기(45),3333-305 산업단지환경조성 409920백만원 / 3363-306 지역투자촉진 251347백만원 / 3363-307 지역투자촉진(세종) 5026백만원 / 3362-301 지방주도형투자·일자리지원(자율) 3602백만원 / 3362-332 지방주도형투자·일자리지원 1565백만원
2821,동 1차제품,전기장비,대동금속,경기,39,5,,공장 5개,0.8,0.6,1.0,0.06613,31.742,445곳: 배전반 및 전기자동 제어반(261) · 기타 전기장비(67) · 발전기 및 전동기(45),3333-305 산업단지환경조성 409920백만원 / 3363-306 지역투자촉진 251347백만원 / 3363-307 지역투자촉진(세종) 5026백만원 / 3362-301 지방주도형투자·일자리지원(자율) 3602백만원 / 3362-332 지방주도형투자·일자리지원 1565백만원
2725,열연강판,자동차부품,와이시피특수강(주),부산,70,2,,공장 2개,1.0,0.85,1.0,0.0364,30.94,738곳: 자동차 부분품(729) · 트레일러 및 컨테이너(5) · 특장차(4),3333-305 산업단지환경조성 409920백만원 / 3363-306 지역투자촉진 251347백만원 / 3363-307 지역투자촉진(세종) 5026백만원 / 3362-301 지방주도형투자·일자리지원(자율) 3602백만원 / 3362-332 지방주도형투자·일자리지원 1565백만원
2812,"알루미늄 제련, 정련 및 합금제품",자동차부품,삼우합금공업(주),경기,71,2,,공장 2개,1.0,0.6,1.0,0.05069,30.414,729곳: 자동차 부분품(729),3333-305 산업단지환경조성 409920백만원 / 3363-306 지역투자촉진 251347백만원 / 3363-307 지역투자촉진(세종) 5026백만원 / 3362-301 지방주도형투자·일자리지원(자율) 3602백만원 / 3362-332 지방주도형투자·일자리지원 1565백만원
2821,동 1차제품,전기장비,(주)풍산홀딩스 창원사업장,경남,146,1,,없음,1.0,0.9,0.5,0.06613,29.758,445곳: 배전반 및 전기자동 제어반(261) · 기타 전기장비(67) · 발전기 및 전동기(45),3333-305 산업단지환경조성 409920백만원 / 3363-306 지역투자촉진 251347백만원 / 3363-307 지역투자촉진(세종) 5026백만원 / 3362-301 지방주도형투자·일자리지원(자율) 3602백만원 / 3362-332 지방주도형투자·일자리지원 1565백만원
2821,동 1차제품,전기장비,에코캡(주),울산,111,1,,없음,1.0,0.9,0.5,0.06613,29.758,445곳: 배전반 및 전기자동 제어반(261) · 기타 전기장비(67) · 발전기 및 전동기(45),3333-305 산업단지환경조성 409920백만원 / 3363-306 지역투자촉진 251347백만원 / 3363-307 지역투자촉진(세종) 5026백만원 / 3362-301 지방주도형투자·일자리지원(자율) 3602백만원 / 3362-332 지방주도형투자·일자리지원 1565백만원
2730,냉간압연강재,자동차부품,(주)세인금속,인천,55,2,,공장 2개,1.0,0.6,1.0,0.04815,28.89,733곳: 자동차 부분품(729) · 특장차(4),3333-305 산업단지환경조성 409920백만원 / 3363-306 지역투자촉진 251347백만원 / 3363-307 지역투자촉진(세종) 5026백만원 / 3362-301 지방주도형투자·일자리지원(자율) 3602백만원 / 3362-332 지방주도형투자·일자리지원 1565백만원
2821,동 1차제품,전기장비,한국통산(주),부산,51,1,,없음,1.0,0.85,0.5,0.06613,28.105,445곳: 배전반 및 전기자동 제어반(261) · 기타 전기장비(67) · 발전기 및 전동기(45),3333-305 산업단지환경조성 409920백만원 / 3363-306 지역투자촉진 251347백만원 / 3363-307 지역투자촉진(세종) 5026백만원 / 3362-301 지방주도형투자·일자리지원(자율) 3602백만원 / 3362-332 지방주도형투자·일자리지원 1565백만원
2791,표면처리강재,자동차부품,(주)해진에스엔피,경남,30,2,,공장 2개,0.8,0.9,1.0,0.03758,27.058,738곳: 자동차 부분품(729) · 트레일러 및 컨테이너(5) · 특장차(4),3333-305 산업단지환경조성 409920백만원 / 3363-306 지역투자촉진 251347백만원 / 3363-307 지역투자촉진(세종) 5026백만원 / 3362-301 지방주도형투자·일자리지원(자율) 3602백만원 / 3362-332 지방주도형투자·일자리지원 1565백만원
2821,동 1차제품,전기장비,태성전기(주),경북,33,1,,없음,0.8,1.0,0.5,0.06613,26.452,445곳: 배전반 및 전기자동 제어반(261) · 기타 전기장비(67) · 발전기 및 전동기(45),3333-305 산업단지환경조성 409920백만원 / 3363-306 지역투자촉진 251347백만원 / 3363-307 지역투자촉진(세종) 5026백만원 / 3362-301 지방주도형투자·일자리지원(자율) 3602백만원 / 3362-332 지방주도형투자·일자리지원 1565백만원
2725,열연강판,자동차부품,조선선재온산(주),울산,217,3,,공장 3개,0.8,0.9,1.0,0.0364,26.208,738곳: 자동차 부분품(729) · 트레일러 및 컨테이너(5) · 특장차(4),3333-305 산업단지환경조성 409920백만원 / 3363-306 지역투자촉진 251347백만원 / 3363-307 지역투자촉진(세종) 5026백만원 / 3362-301 지방주도형투자·일자리지원(자율) 3602백만원 / 3362-332 지방주도형투자·일자리지원 1565백만원
3032,금속처리 가공품,자동차부품,대성스틸(주),경기,101,3,,공장 3개,1.0,0.6,1.0,0.0427,25.62,745곳: 자동차 부분품(729) · 자동차용 엔진(11) · 트레일러 및 컨테이너(5),3333-305 산업단지환경조성 409920백만원 / 3363-306 지역투자촉진 251347백만원 / 3363-307 지역투자촉진(세종) 5026백만원 / 3362-301 지방주도형투자·일자리지원(자율) 3602백만원 / 3362-332 지방주도형투자·일자리지원 1565백만원
3032,금속처리 가공품,자동차부품,주광전기(주),경기,57,2,,공장 2개,1.0,0.6,1.0,0.0427,25.62,745곳: 자동차 부분품(729) · 자동차용 엔진(11) · 트레일러 및 컨테이너(5),3333-305 산업단지환경조성 409920백만원 / 3363-306 지역투자촉진 251347백만원 / 3363-307 지역투자촉진(세종) 5026백만원 / 3362-301 지방주도형투자·일자리지원(자율) 3602백만원 / 3362-332 지방주도형투자·일자리지원 1565백만원
2812,"알루미늄 제련, 정련 및 합금제품",자동차부품,(주)국제금속,경북,70,1,,없음,1.0,1.0,0.5,0.05069,25.345,729곳: 자동차 부분품(729),3333-305 산업단지환경조성 409920백만원 / 3363-306 지역투자촉진 251347백만원 / 3363-307 지역투자촉진(세종) 5026백만원 / 3362-301 지방주도형투자·일자리지원(자율) 3602백만원 / 3362-332 지방주도형투자·일자리지원 1565백만원
2812,"알루미늄 제련, 정련 및 합금제품",자동차부품,(주)동남,전남광주,100,2,,공장 2개,1.0,0.5,1.0,0.05069,25.345,729곳: 자동차 부분품(729),3333-305 산업단지환경조성 409920백만원 / 3363-306 지역투자촉진 251347백만원 / 3363-307 지역투자촉진(세종) 5026백만원 / 3362-301 지방주도형투자·일자리지원(자율) 3602백만원 / 3362-332 지방주도형투자·일자리지원 1565백만원
2812,"알루미늄 제련, 정련 및 합금제품",자동차부품,(주)배터리솔루션즈,경북,80,1,,없음,1.0,1.0,0.5,0.05069,25.345,729곳: 자동차 부분품(729),3333-305 산업단지환경조성 409920백만원 / 3363-306 지역투자촉진 251347백만원 / 3363-307 지역투자촉진(세종) 5026백만원 / 3362-301 지방주도형투자·일자리지원(자율) 3602백만원 / 3362-332 지방주도형투자·일자리지원 1565백만원
2812,"알루미늄 제련, 정련 및 합금제품",자동차부품,(주)우진메탈,,58,2,,공장 2개,1.0,0.5,1.0,0.05069,25.345,729곳: 자동차 부분품(729),3333-305 산업단지환경조성 409920백만원 / 3363-306 지역투자촉진 251347백만원 / 3363-307 지역투자촉진(세종) 5026백만원 / 3362-301 지방주도형투자·일자리지원(자율) 3602백만원 / 3362-332 지방주도형투자·일자리지원 1565백만원
2812,"알루미늄 제련, 정련 및 합금제품",자동차부품,(주)황조,경북,56,1,,없음,1.0,1.0,0.5,0.05069,25.345,729곳: 자동차 부분품(729),3333-305 산업단지환경조성 409920백만원 / 3363-306 지역투자촉진 251347백만원 / 3363-307 지역투자촉진(세종) 5026백만원 / 3362-301 지방주도형투자·일자리지원(자율) 3602백만원 / 3362-332 지방주도형투자·일자리지원 1565백만원
2812,"알루미늄 제련, 정련 및 합금제품",자동차부품,베페사징크코리아(주),경북,60,1,,없음,1.0,1.0,0.5,0.05069,25.345,729곳: 자동차 부분품(729),3333-305 산업단지환경조성 409920백만원 / 3363-306 지역투자촉진 251347백만원 / 3363-307 지역투자촉진(세종) 5026백만원 / 3362-301 지방주도형투자·일자리지원(자율) 3602백만원 / 3362-332 지방주도형투자·일자리지원 1565백만원
2821,동 1차제품,전기장비,(주)금화전선,충북,50,1,,없음,1.0,0.75,0.5,0.06613,24.799,445곳: 배전반 및 전기자동 제어반(261) · 기타 전기장비(67) · 발전기 및 전동기(45),3333-305 산업단지환경조성 409920백만원 / 3363-306 지역투자촉진 251347백만원 / 3363-307 지역투자촉진(세종) 5026백만원 / 3362-301 지방주도형투자·일자리지원(자율) 3602백만원 / 3362-332 지방주도형투자·일자리지원 1565백만원
2821,동 1차제품,전기장비,(주)에스엠아이,충남,74,1,,없음,1.0,0.75,0.5,0.06613,24.799,445곳: 배전반 및 전기자동 제어반(261) · 기타 전기장비(67) · 발전기 및 전동기(45),3333-305 산업단지환경조성 409920백만원 / 3363-306 지역투자촉진 251347백만원 / 3363-307 지역투자촉진(세종) 5026백만원 / 3362-301 지방주도형투자·일자리지원(자율) 3602백만원 / 3362-332 지방주도형투자·일자리지원 1565백만원
2821,동 1차제품,전기장비,삼정씨더블유(주),충북,50,1,,없음,1.0,0.75,0.5,0.06613,24.799,445곳: 배전반 및 전기자동 제어반(261) · 기타 전기장비(67) · 발전기 및 전동기(45),3333-305 산업단지환경조성 409920백만원 / 3363-306 지역투자촉진 251347백만원 / 3363-307 지역투자촉진(세종) 5026백만원 / 3362-301 지방주도형투자·일자리지원(자율) 3602백만원 / 3362-332 지방주도형투자·일자리지원 1565백만원
2821,동 1차제품,전기장비,삼포산업(주),충북,56,1,,없음,1.0,0.75,0.5,0.06613,24.799,445곳: 배전반 및 전기자동 제어반(261) · 기타 전기장비(67) · 발전기 및 전동기(45),3333-305 산업단지환경조성 409920백만원 / 3363-306 지역투자촉진 251347백만원 / 3363-307 지역투자촉진(세종) 5026백만원 / 3362-301 지방주도형투자·일자리지원(자율) 3602백만원 / 3362-332 지방주도형투자·일자리지원 1565백만원
2821,동 1차제품,전기장비,케이비아이메탈(주),충북,70,1,,없음,1.0,0.75,0.5,0.06613,24.799,445곳: 배전반 및 전기자동 제어반(261) · 기타 전기장비(67) · 발전기 및 전동기(45),3333-305 산업단지환경조성 409920백만원 / 3363-306 지역투자촉진 251347백만원 / 3363-307 지역투자촉진(세종) 5026백만원 / 3362-301 지방주도형투자·일자리지원(자율) 3602백만원 / 3362-332 지방주도형투자·일자리지원 1565백만원
2725,열연강판,자동차부품,(주)한국특강,부산,243,2,,공장 2개,0.8,0.85,1.0,0.0364,24.752,738곳: 자동차 부분품(729) · 트레일러 및 컨테이너(5) · 특장차(4),3333-305 산업단지환경조성 409920백만원 / 3363-306 지역투자촉진 251347백만원 / 3363-307 지역투자촉진(세종) 5026백만원 / 3362-301 지방주도형투자·일자리지원(자율) 3602백만원 / 3362-332 지방주도형투자·일자리지원 1565백만원
2730,냉간압연강재,자동차부품,(주)한금포항공장,경북,105,1,,없음,1.0,1.0,0.5,0.04815,24.075,733곳: 자동차 부분품(729) · 특장차(4),3333-305 산업단지환경조성 409920백만원 / 3363-306 지역투자촉진 251347백만원 / 3363-307 지역투자촉진(세종) 5026백만원 / 3362-301 지방주도형투자·일자리지원(자율) 3602백만원 / 3362-332 지방주도형투자·일자리지원 1565백만원
2821,동 1차제품,전기장비,(주)에이치제이,경남,45,1,,없음,0.8,0.9,0.5,0.06613,23.807,445곳: 배전반 및 전기자동 제어반(261) · 기타 전기장비(67) · 발전기 및 전동기(45),3333-305 산업단지환경조성 409920백만원 / 3363-306 지역투자촉진 251347백만원 / 3363-307 지역투자촉진(세종) 5026백만원 / 3362-301 지방주도형투자·일자리지원(자율) 3602백만원 / 3362-332 지방주도형투자·일자리지원 1565백만원
2821,동 1차제품,전기장비,주식회사 이와,경남,33,1,,없음,0.8,0.9,0.5,0.06613,23.807,445곳: 배전반 및 전기자동 제어반(261) · 기타 전기장비(67) · 발전기 및 전동기(45),3333-305 산업단지환경조성 409920백만원 / 3363-306 지역투자촉진 251347백만원 / 3363-307 지역투자촉진(세종) 5026백만원 / 3362-301 지방주도형투자·일자리지원(자율) 3602백만원 / 3362-332 지방주도형투자·일자리지원 1565백만원
3032,금속처리 가공품,전기장비,(주)에스비와이어,경북,40,2,,공장 2개,0.8,1.0,1.0,0.0293,23.44,577곳: 배전반 및 전기자동 제어반(261) · 조명장치(143) · 기타 전기장비(67),3333-305 산업단지환경조성 409920백만원 / 3363-306 지역투자촉진 251347백만원 / 3363-307 지역투자촉진(세종) 5026백만원 / 3362-301 지방주도형투자·일자리지원(자율) 3602백만원 / 3362-332 지방주도형투자·일자리지원 1565백만원
2730,냉간압연강재,자동차부품,(주)두원,경기,41,2,,공장 2개,0.8,0.6,1.0,0.04815,23.112,733곳: 자동차 부분품(729) · 특장차(4),3333-305 산업단지환경조성 409920백만원 / 3363-306 지역투자촉진 251347백만원 / 3363-307 지역투자촉진(세종) 5026백만원 / 3362-301 지방주도형투자·일자리지원(자율) 3602백만원 / 3362-332 지방주도형투자·일자리지원 1565백만원
2812,"알루미늄 제련, 정련 및 합금제품",자동차부품,(주)동남울산공장,울산,74,1,,없음,1.0,0.9,0.5,0.05069,22.811,729곳: 자동차 부분품(729),3333-305 산업단지환경조성 409920백만원 / 3363-306 지역투자촉진 251347백만원 / 3363-307 지역투자촉진(세종) 5026백만원 / 3362-301 지방주도형투자·일자리지원(자율) 3602백만원 / 3362-332 지방주도형투자·일자리지원 1565백만원
2812,"알루미늄 제련, 정련 및 합금제품",자동차부품,(주)세진메탈,울산,50,1,,없음,1.0,0.9,0.5,0.05069,22.811,729곳: 자동차 부분품(729),3333-305 산업단지환경조성 409920백만원 / 3363-306 지역투자촉진 251347백만원 / 3363-307 지역투자촉진(세종) 5026백만원 / 3362-301 지방주도형투자·일자리지원(자율) 3602백만원 / 3362-332 지방주도형투자·일자리지원 1565백만원
2812,"알루미늄 제련, 정련 및 합금제품",자동차부품,(주)세진메탈 3공장,울산,52,1,,없음,1.0,0.9,0.5,0.05069,22.811,729곳: 자동차 부분품(729),3333-305 산업단지환경조성 409920백만원 / 3363-306 지역투자촉진 251347백만원 / 3363-307 지역투자촉진(세종) 5026백만원 / 3362-301 지방주도형투자·일자리지원(자율) 3602백만원 / 3362-332 지방주도형투자·일자리지원 1565백만원
2812,"알루미늄 제련, 정련 및 합금제품",자동차부품,(주)시코텍,경남,62,1,,없음,1.0,0.9,0.5,0.05069,22.811,729곳: 자동차 부분품(729),3333-305 산업단지환경조성 409920백만원 / 3363-306 지역투자촉진 251347백만원 / 3363-307 지역투자촉진(세종) 5026백만원 / 3362-301 지방주도형투자·일자리지원(자율) 3602백만원 / 3362-332 지방주도형투자·일자리지원 1565백만원
2812,"알루미늄 제련, 정련 및 합금제품",자동차부품,(주)우신금속,울산,51,1,,없음,1.0,0.9,0.5,0.05069,22.811,729곳: 자동차 부분품(729),3333-305 산업단지환경조성 409920백만원 / 3363-306 지역투자촉진 251347백만원 / 3363-307 지역투자촉진(세종) 5026백만원 / 3362-301 지방주도형투자·일자리지원(자율) 3602백만원 / 3362-332 지방주도형투자·일자리지원 1565백만원
2812,"알루미늄 제련, 정련 및 합금제품",자동차부품,삼보산업(주)제1공장,경남,121,1,,없음,1.0,0.9,0.5,0.05069,22.811,729곳: 자동차 부분품(729),3333-305 산업단지환경조성 409920백만원 / 3363-306 지역투자촉진 251347백만원 / 3363-307 지역투자촉진(세종) 5026백만원 / 3362-301 지방주도형투자·일자리지원(자율) 3602백만원 / 3362-332 지방주도형투자·일자리지원 1565백만원
2812,"알루미늄 제련, 정련 및 합금제품",자동차부품,주식회사 에이알알루미늄,경남,54,1,,없음,1.0,0.9,0.5,0.05069,22.811,729곳: 자동차 부분품(729),3333-305 산업단지환경조성 409920백만원 / 3363-306 지역투자촉진 251347백만원 / 3363-307 지역투자촉진(세종) 5026백만원 / 3362-301 지방주도형투자·일자리지원(자율) 3602백만원 / 3362-332 지방주도형투자·일자리지원 1565백만원
2821,동 1차제품,전기장비,한국통산(주) 미음공장,부산,40,1,,없음,0.8,0.85,0.5,0.06613,22.484,445곳: 배전반 및 전기자동 제어반(261) · 기타 전기장비(67) · 발전기 및 전동기(45),3333-305 산업단지환경조성 409920백만원 / 3363-306 지역투자촉진 251347백만원 / 3363-307 지역투자촉진(세종) 5026백만원 / 3362-301 지방주도형투자·일자리지원(자율) 3602백만원 / 3362-332 지방주도형투자·일자리지원 1565백만원
2730,냉간압연강재,자동차부품,(주)대한특수강,경남,50,1,,없음,1.0,0.9,0.5,0.04815,21.668,733곳: 자동차 부분품(729) · 특장차(4),3333-305 산업단지환경조성 409920백만원 / 3363-306 지역투자촉진 251347백만원 / 3363-307 지역투자촉진(세종) 5026백만원 / 3362-301 지방주도형투자·일자리지원(자율) 3602백만원 / 3362-332 지방주도형투자·일자리지원 1565백만원
2730,냉간압연강재,자동차부품,(주)대호특수강 양산공장,경남,109,1,,없음,1.0,0.9,0.5,0.04815,21.668,733곳: 자동차 부분품(729) · 특장차(4),3333-305 산업단지환경조성 409920백만원 / 3363-306 지역투자촉진 251347백만원 / 3363-307 지역투자촉진(세종) 5026백만원 / 3362-301 지방주도형투자·일자리지원(자율) 3602백만원 / 3362-332 지방주도형투자·일자리지원 1565백만원
2730,냉간압연강재,자동차부품,주식회사 코웰,경남,50,1,,없음,1.0,0.9,0.5,0.04815,21.668,733곳: 자동차 부분품(729) · 특장차(4),3333-305 산업단지환경조성 409920백만원 / 3363-306 지역투자촉진 251347백만원 / 3363-307 지역투자촉진(세종) 5026백만원 / 3362-301 지방주도형투자·일자리지원(자율) 3602백만원 / 3362-332 지방주도형투자·일자리지원 1565백만원
3032,금속처리 가공품,자동차부품,(주)일본이화공업소 한국지점,경북,64,1,,없음,1.0,1.0,0.5,0.0427,21.35,745곳: 자동차 부분품(729) · 자동차용 엔진(11) · 트레일러 및 컨테이너(5),3333-305 산업단지환경조성 409920백만원 / 3363-306 지역투자촉진 251347백만원 / 3363-307 지역투자촉진(세종) 5026백만원 / 3362-301 지방주도형투자·일자리지원(자율) 3602백만원 / 3362-332 지방주도형투자·일자리지원 1565백만원
3032,금속처리 가공품,자동차부품,(주)동성에코테크,경기,44,2,,공장 2개,0.8,0.6,1.0,0.0427,20.496,745곳: 자동차 부분품(729) · 자동차용 엔진(11) · 트레일러 및 컨테이너(5),3333-305 산업단지환경조성 409920백만원 / 3363-306 지역투자촉진 251347백만원 / 3363-307 지역투자촉진(세종) 5026백만원 / 3362-301 지방주도형투자·일자리지원(자율) 3602백만원 / 3362-332 지방주도형투자·일자리지원 1565백만원
3032,금속처리 가공품,자동차부품,(주)메탈링크,경기,37,2,,공장 2개,0.8,0.6,1.0,0.0427,20.496,745곳: 자동차 부분품(729) · 자동차용 엔진(11) · 트레일러 및 컨테이너(5),3333-305 산업단지환경조성 409920백만원 / 3363-306 지역투자촉진 251347백만원 / 3363-307 지역투자촉진(세종) 5026백만원 / 3362-301 지방주도형투자·일자리지원(자율) 3602백만원 / 3362-332 지방주도형투자·일자리지원 1565백만원
3032,금속처리 가공품,자동차부품,(주)합동메탈,경기,47,2,,공장 2개,0.8,0.6,1.0,0.0427,20.496,745곳: 자동차 부분품(729) · 자동차용 엔진(11) · 트레일러 및 컨테이너(5),3333-305 산업단지환경조성 409920백만원 / 3363-306 지역투자촉진 251347백만원 / 3363-307 지역투자촉진(세종) 5026백만원 / 3362-301 지방주도형투자·일자리지원(자율) 3602백만원 / 3362-332 지방주도형투자·일자리지원 1565백만원
3032,금속처리 가공품,자동차부품,대영테크(주),경기,43,2,,공장 2개,0.8,0.6,1.0,0.0427,20.496,745곳: 자동차 부분품(729) · 자동차용 엔진(11) · 트레일러 및 컨테이너(5),3333-305 산업단지환경조성 409920백만원 / 3363-306 지역투자촉진 251347백만원 / 3363-307 지역투자촉진(세종) 5026백만원 / 3362-301 지방주도형투자·일자리지원(자율) 3602백만원 / 3362-332 지방주도형투자·일자리지원 1565백만원
3032,금속처리 가공품,자동차부품,신원스틸(주),경기,41,3,,공장 3개,0.8,0.6,1.0,0.0427,20.496,745곳: 자동차 부분품(729) · 자동차용 엔진(11) · 트레일러 및 컨테이너(5),3333-305 산업단지환경조성 409920백만원 / 3363-306 지역투자촉진 251347백만원 / 3363-307 지역투자촉진(세종) 5026백만원 / 3362-301 지방주도형투자·일자리지원(자율) 3602백만원 / 3362-332 지방주도형투자·일자리지원 1565백만원
2812,"알루미늄 제련, 정련 및 합금제품",자동차부품,(주)백산금속 포항공장,경북,30,1,,없음,0.8,1.0,0.5,0.05069,20.276,729곳: 자동차 부분품(729),3333-305 산업단지환경조성 409920백만원 / 3363-306 지역투자촉진 251347백만원 / 3363-307 지역투자촉진(세종) 5026백만원 / 3362-301 지방주도형투자·일자리지원(자율) 3602백만원 / 3362-332 지방주도형투자·일자리지원 1565백만원
2812,"알루미늄 제련, 정련 및 합금제품",자동차부품,(주)정진금속,,45,2,,공장 2개,0.8,0.5,1.0,0.05069,20.276,729곳: 자동차 부분품(729),3333-305 산업단지환경조성 409920백만원 / 3363-306 지역투자촉진 251347백만원 / 3363-307 지역투자촉진(세종) 5026백만원 / 3362-301 지방주도형투자·일자리지원(자율) 3602백만원 / 3362-332 지방주도형투자·일자리지원 1565백만원
2812,"알루미늄 제련, 정련 및 합금제품",자동차부품,(주)포스코엠텍,경북,40,1,,없음,0.8,1.0,0.5,0.05069,20.276,729곳: 자동차 부분품(729),3333-305 산업단지환경조성 409920백만원 / 3363-306 지역투자촉진 251347백만원 / 3363-307 지역투자촉진(세종) 5026백만원 / 3362-301 지방주도형투자·일자리지원(자율) 3602백만원 / 3362-332 지방주도형투자·일자리지원 1565백만원
2812,"알루미늄 제련, 정련 및 합금제품",자동차부품,스틸싸이클(주),경북,48,1,,없음,0.8,1.0,0.5,0.05069,20.276,729곳: 자동차 부분품(729),3333-305 산업단지환경조성 409920백만원 / 3363-306 지역투자촉진 251347백만원 / 3363-307 지역투자촉진(세종) 5026백만원 / 3362-301 지방주도형투자·일자리지원(자율) 3602백만원 / 3362-332 지방주도형투자·일자리지원 1565백만원
2821,동 1차제품,전기장비,(주)부광금속,인천,98,1,,없음,1.0,0.6,0.5,0.06613,19.839,445곳: 배전반 및 전기자동 제어반(261) · 기타 전기장비(67) · 발전기 및 전동기(45),3333-305 산업단지환경조성 409920백만원 / 3363-306 지역투자촉진 251347백만원 / 3363-307 지역투자촉진(세종) 5026백만원 / 3362-301 지방주도형투자·일자리지원(자율) 3602백만원 / 3362-332 지방주도형투자·일자리지원 1565백만원
2821,동 1차제품,전기장비,(주)삼동,충북,249,1,,없음,0.8,0.75,0.5,0.06613,19.839,445곳: 배전반 및 전기자동 제어반(261) · 기타 전기장비(67) · 발전기 및 전동기(45),3333-305 산업단지환경조성 409920백만원 / 3363-306 지역투자촉진 251347백만원 / 3363-307 지역투자촉진(세종) 5026백만원 / 3362-301 지방주도형투자·일자리지원(자율) 3602백만원 / 3362-332 지방주도형투자·일자리지원 1565백만원
2821,동 1차제품,전기장비,(주)아이디에이,경기,70,1,,없음,1.0,0.6,0.5,0.06613,19.839,445곳: 배전반 및 전기자동 제어반(261) · 기타 전기장비(67) · 발전기 및 전동기(45),3333-305 산업단지환경조성 409920백만원 / 3363-306 지역투자촉진 251347백만원 / 3363-307 지역투자촉진(세종) 5026백만원 / 3362-301 지방주도형투자·일자리지원(자율) 3602백만원 / 3362-332 지방주도형투자·일자리지원 1565백만원
2821,동 1차제품,전기장비,(주)진화금속,세종,35,1,,없음,0.8,0.75,0.5,0.06613,19.839,445곳: 배전반 및 전기자동 제어반(261) · 기타 전기장비(67) · 발전기 및 전동기(45),3333-305 산업단지환경조성 409920백만원 / 3363-306 지역투자촉진 251347백만원 / 3363-307 지역투자촉진(세종) 5026백만원 / 3362-301 지방주도형투자·일자리지원(자율) 3602백만원 / 3362-332 지방주도형투자·일자리지원 1565백만원
2821,동 1차제품,전기장비,(주)창성,경기,180,1,,없음,1.0,0.6,0.5,0.06613,19.839,445곳: 배전반 및 전기자동 제어반(261) · 기타 전기장비(67) · 발전기 및 전동기(45),3333-305 산업단지환경조성 409920백만원 / 3363-306 지역투자촉진 251347백만원 / 3363-307 지역투자촉진(세종) 5026백만원 / 3362-301 지방주도형투자·일자리지원(자율) 3602백만원 / 3362-332 지방주도형투자·일자리지원 1565백만원
2821,동 1차제품,전기장비,(주)해강에이피,경기,80,1,,없음,1.0,0.6,0.5,0.06613,19.839,445곳: 배전반 및 전기자동 제어반(261) · 기타 전기장비(67) · 발전기 및 전동기(45),3333-305 산업단지환경조성 409920백만원 / 3363-306 지역투자촉진 251347백만원 / 3363-307 지역투자촉진(세종) 5026백만원 / 3362-301 지방주도형투자·일자리지원(자율) 3602백만원 / 3362-332 지방주도형투자·일자리지원 1565백만원
2821,동 1차제품,전기장비,국일신동(주),경기,60,1,,없음,1.0,0.6,0.5,0.06613,19.839,445곳: 배전반 및 전기자동 제어반(261) · 기타 전기장비(67) · 발전기 및 전동기(45),3333-305 산업단지환경조성 409920백만원 / 3363-306 지역투자촉진 251347백만원 / 3363-307 지역투자촉진(세종) 5026백만원 / 3362-301 지방주도형투자·일자리지원(자율) 3602백만원 / 3362-332 지방주도형투자·일자리지원 1565백만원
2821,동 1차제품,전기장비,대명통신(주),충북,46,1,,없음,0.8,0.75,0.5,0.06613,19.839,445곳: 배전반 및 전기자동 제어반(261) · 기타 전기장비(67) · 발전기 및 전동기(45),3333-305 산업단지환경조성 409920백만원 / 3363-306 지역투자촉진 251347백만원 / 3363-307 지역투자촉진(세종) 5026백만원 / 3362-301 지방주도형투자·일자리지원(자율) 3602백만원 / 3362-332 지방주도형투자·일자리지원 1565백만원
2821,동 1차제품,전기장비,대진동관공업(주),경기,85,1,,없음,1.0,0.6,0.5,0.06613,19.839,445곳: 배전반 및 전기자동 제어반(261) · 기타 전기장비(67) · 발전기 및 전동기(45),3333-305 산업단지환경조성 409920백만원 / 3363-306 지역투자촉진 251347백만원 / 3363-307 지역투자촉진(세종) 5026백만원 / 3362-301 지방주도형투자·일자리지원(자율) 3602백만원 / 3362-332 지방주도형투자·일자리지원 1565백만원
2821,동 1차제품,전기장비,대호산업(주),경기,130,1,,없음,1.0,0.6,0.5,0.06613,19.839,445곳: 배전반 및 전기자동 제어반(261) · 기타 전기장비(67) · 발전기 및 전동기(45),3333-305 산업단지환경조성 409920백만원 / 3363-306 지역투자촉진 251347백만원 / 3363-307 지역투자촉진(세종) 5026백만원 / 3362-301 지방주도형투자·일자리지원(자율) 3602백만원 / 3362-332 지방주도형투자·일자리지원 1565백만원
2821,동 1차제품,전기장비,범양금속공업(주),인천,89,1,,없음,1.0,0.6,0.5,0.06613,19.839,445곳: 배전반 및 전기자동 제어반(261) · 기타 전기장비(67) · 발전기 및 전동기(45),3333-305 산업단지환경조성 409920백만원 / 3363-306 지역투자촉진 251347백만원 / 3363-307 지역투자촉진(세종) 5026백만원 / 3362-301 지방주도형투자·일자리지원(자율) 3602백만원 / 3362-332 지방주도형투자·일자리지원 1565백만원
2821,동 1차제품,전기장비,일진전기(주)제2공장,경기,155,1,,없음,1.0,0.6,0.5,0.06613,19.839,445곳: 배전반 및 전기자동 제어반(261) · 기타 전기장비(67) · 발전기 및 전동기(45),3333-305 산업단지환경조성 409920백만원 / 3363-306 지역투자촉진 251347백만원 / 3363-307 지역투자촉진(세종) 5026백만원 / 3362-301 지방주도형투자·일자리지원(자율) 3602백만원 / 3362-332 지방주도형투자·일자리지원 1565백만원
2821,동 1차제품,전기장비,코스탈(주),경기,72,1,,없음,1.0,0.6,0.5,0.06613,19.839,445곳: 배전반 및 전기자동 제어반(261) · 기타 전기장비(67) · 발전기 및 전동기(45),3333-305 산업단지환경조성 409920백만원 / 3363-306 지역투자촉진 251347백만원 / 3363-307 지역투자촉진(세종) 5026백만원 / 3362-301 지방주도형투자·일자리지원(자율) 3602백만원 / 3362-332 지방주도형투자·일자리지원 1565백만원
3102,집적회로,자동차부품,(주)해치텍,충북,46,2,,공장 2개,0.8,0.75,1.0,0.03271,19.626,729곳: 자동차 부분품(729),3333-305 산업단지환경조성 409920백만원 / 3363-306 지역투자촉진 251347백만원 / 3363-307 지역투자촉진(세종) 5026백만원 / 3362-301 지방주도형투자·일자리지원(자율) 3602백만원 / 3362-332 지방주도형투자·일자리지원 1565백만원
3102,집적회로,자동차부품,LB세미콘(주),경기,101,2,,공장 2개,1.0,0.6,1.0,0.03271,19.626,729곳: 자동차 부분품(729),3333-305 산업단지환경조성 409920백만원 / 3363-306 지역투자촉진 251347백만원 / 3363-307 지역투자촉진(세종) 5026백만원 / 3362-301 지방주도형투자·일자리지원(자율) 3602백만원 / 3362-332 지방주도형투자·일자리지원 1565백만원
3102,집적회로,자동차부품,알비코리아(주),인천,134,2,,공장 2개,1.0,0.6,1.0,0.03271,19.626,729곳: 자동차 부분품(729),3333-305 산업단지환경조성 409920백만원 / 3363-306 지역투자촉진 251347백만원 / 3363-307 지역투자촉진(세종) 5026백만원 / 3362-301 지방주도형투자·일자리지원(자율) 3602백만원 / 3362-332 지방주도형투자·일자리지원 1565백만원
2730,냉간압연강재,자동차부품,신용금속,경북,32,1,,없음,0.8,1.0,0.5,0.04815,19.26,733곳: 자동차 부분품(729) · 특장차(4),3333-305 산업단지환경조성 409920백만원 / 3363-306 지역투자촉진 251347백만원 / 3363-307 지역투자촉진(세종) 5026백만원 / 3362-301 지방주도형투자·일자리지원(자율) 3602백만원 / 3362-332 지방주도형투자·일자리지원 1565백만원
2730,냉간압연강재,자동차부품,진양특수강(주)2공장,경북,38,1,,없음,0.8,1.0,0.5,0.04815,19.26,733곳: 자동차 부분품(729) · 특장차(4),3333-305 산업단지환경조성 409920백만원 / 3363-306 지역투자촉진 251347백만원 / 3363-307 지역투자촉진(세종) 5026백만원 / 3362-301 지방주도형투자·일자리지원(자율) 3602백만원 / 3362-332 지방주도형투자·일자리지원 1565백만원
2730,냉간압연강재,자동차부품,진풍산업(주),경북,41,1,,없음,0.8,1.0,0.5,0.04815,19.26,733곳: 자동차 부분품(729) · 특장차(4),3333-305 산업단지환경조성 409920백만원 / 3363-306 지역투자촉진 251347백만원 / 3363-307 지역투자촉진(세종) 5026백만원 / 3362-301 지방주도형투자·일자리지원(자율) 3602백만원 / 3362-332 지방주도형투자·일자리지원 1565백만원
3032,금속처리 가공품,자동차부품,(주)청우제강,경남,80,1,,없음,1.0,0.9,0.5,0.0427,19.215,745곳: 자동차 부분품(729) · 자동차용 엔진(11) · 트레일러 및 컨테이너(5),3333-305 산업단지환경조성 409920백만원 / 3363-306 지역투자촉진 251347백만원 / 3363-307 지역투자촉진(세종) 5026백만원 / 3362-301 지방주도형투자·일자리지원(자율) 3602백만원 / 3362-332 지방주도형투자·일자리지원 1565백만원
3032,금속처리 가공품,자동차부품,고려제강(주),경남,149,1,,없음,1.0,0.9,0.5,0.0427,19.215,745곳: 자동차 부분품(729) · 자동차용 엔진(11) · 트레일러 및 컨테이너(5),3333-305 산업단지환경조성 409920백만원 / 3363-306 지역투자촉진 251347백만원 / 3363-307 지역투자촉진(세종) 5026백만원 / 3362-301 지방주도형투자·일자리지원(자율) 3602백만원 / 3362-332 지방주도형투자·일자리지원 1565백만원
2812,"알루미늄 제련, 정련 및 합금제품",자동차부품,(주)동양에이케이코리아,세종,105,1,,없음,1.0,0.75,0.5,0.05069,19.009,729곳: 자동차 부분품(729),3333-305 산업단지환경조성 409920백만원 / 3363-306 지역투자촉진 251347백만원 / 3363-307 지역투자촉진(세종) 5026백만원 / 3362-301 지방주도형투자·일자리지원(자율) 3602백만원 / 3362-332 지방주도형투자·일자리지원 1565백만원
2812,"알루미늄 제련, 정련 및 합금제품",자동차부품,(주)알테크노메탈,충남,80,1,,없음,1.0,0.75,0.5,0.05069,19.009,729곳: 자동차 부분품(729),3333-305 산업단지환경조성 409920백만원 / 3363-306 지역투자촉진 251347백만원 / 3363-307 지역투자촉진(세종) 5026백만원 / 3362-301 지방주도형투자·일자리지원(자율) 3602백만원 / 3362-332 지방주도형투자·일자리지원 1565백만원
2812,"알루미늄 제련, 정련 및 합금제품",자동차부품,삼보산업(주),충남,70,1,,없음,1.0,0.75,0.5,0.05069,19.009,729곳: 자동차 부분품(729),3333-305 산업단지환경조성 409920백만원 / 3363-306 지역투자촉진 251347백만원 / 3363-307 지역투자촉진(세종) 5026백만원 / 3362-301 지방주도형투자·일자리지원(자율) 3602백만원 / 3362-332 지방주도형투자·일자리지원 1565백만원
2812,"알루미늄 제련, 정련 및 합금제품",자동차부품,삼지금속공업(주),충남,70,1,,없음,1.0,0.75,0.5,0.05069,19.009,729곳: 자동차 부분품(729),3333-305 산업단지환경조성 409920백만원 / 3363-306 지역투자촉진 251347백만원 / 3363-307 지역투자촉진(세종) 5026백만원 / 3362-301 지방주도형투자·일자리지원(자율) 3602백만원 / 3362-332 지방주도형투자·일자리지원 1565백만원
2812,"알루미늄 제련, 정련 및 합금제품",자동차부품,제이아이금속(주) 서산지점,충남,78,1,,없음,1.0,0.75,0.5,0.05069,19.009,729곳: 자동차 부분품(729),3333-305 산업단지환경조성 409920백만원 / 3363-306 지역투자촉진 251347백만원 / 3363-307 지역투자촉진(세종) 5026백만원 / 3362-301 지방주도형투자·일자리지원(자율) 3602백만원 / 3362-332 지방주도형투자·일자리지원 1565백만원
2812,"알루미늄 제련, 정련 및 합금제품",자동차부품,주식회사 지알엠,충북,104,1,,없음,1.0,0.75,0.5,0.05069,19.009,729곳: 자동차 부분품(729),3333-305 산업단지환경조성 409920백만원 / 3363-306 지역투자촉진 251347백만원 / 3363-307 지역투자촉진(세종) 5026백만원 / 3362-301 지방주도형투자·일자리지원(자율) 3602백만원 / 3362-332 지방주도형투자·일자리지원 1565백만원
2791,표면처리강재,자동차부품,디케이동신(주),경북,148,1,,없음,1.0,1.0,0.5,0.03758,18.79,738곳: 자동차 부분품(729) · 트레일러 및 컨테이너(5) · 특장차(4),3333-305 산업단지환경조성 409920백만원 / 3363-306 지역투자촉진 251347백만원 / 3363-307 지역투자촉진(세종) 5026백만원 / 3362-301 지방주도형투자·일자리지원(자율) 3602백만원 / 3362-332 지방주도형투자·일자리지원 1565백만원
2791,표면처리강재,자동차부품,포스코스틸리온(주)도금공장,경북,169,1,,없음,1.0,1.0,0.5,0.03758,18.79,738곳: 자동차 부분품(729) · 트레일러 및 컨테이너(5) · 특장차(4),3333-305 산업단지환경조성 409920백만원 / 3363-306 지역투자촉진 251347백만원 / 3363-307 지역투자촉진(세종) 5026백만원 / 3362-301 지방주도형투자·일자리지원(자율) 3602백만원 / 3362-332 지방주도형투자·일자리지원 1565백만원
2791,표면처리강재,자동차부품,포스코스틸리온(주)컬러공장,경북,116,1,,없음,1.0,1.0,0.5,0.03758,18.79,738곳: 자동차 부분품(729) · 트레일러 및 컨테이너(5) · 특장차(4),3333-305 산업단지환경조성 409920백만원 / 3363-306 지역투자촉진 251347백만원 / 3363-307 지역투자촉진(세종) 5026백만원 / 3362-301 지방주도형투자·일자리지원(자율) 3602백만원 / 3362-332 지방주도형투자·일자리지원 1565백만원
2812,"알루미늄 제련, 정련 및 합금제품",자동차부품,(주)다우,경남,30,1,,없음,0.8,0.9,0.5,0.05069,18.248,729곳: 자동차 부분품(729),3333-305 산업단지환경조성 409920백만원 / 3363-306 지역투자촉진 251347백만원 / 3363-307 지역투자촉진(세종) 5026백만원 / 3362-301 지방주도형투자·일자리지원(자율) 3602백만원 / 3362-332 지방주도형투자·일자리지원 1565백만원
2812,"알루미늄 제련, 정련 및 합금제품",자동차부품,(주)지엠알(GMR),경남,47,1,,없음,0.8,0.9,0.5,0.05069,18.248,729곳: 자동차 부분품(729),3333-305 산업단지환경조성 409920백만원 / 3363-306 지역투자촉진 251347백만원 / 3363-307 지역투자촉진(세종) 5026백만원 / 3362-301 지방주도형투자·일자리지원(자율) 3602백만원 / 3362-332 지방주도형투자·일자리지원 1565백만원
2812,"알루미늄 제련, 정련 및 합금제품",자동차부품,(주)화림,경남,30,1,,없음,0.8,0.9,0.5,0.05069,18.248,729곳: 자동차 부분품(729),3333-305 산업단지환경조성 409920백만원 / 3363-306 지역투자촉진 251347백만원 / 3363-307 지역투자촉진(세종) 5026백만원 / 3362-301 지방주도형투자·일자리지원(자율) 3602백만원 / 3362-332 지방주도형투자·일자리지원 1565백만원
2812,"알루미늄 제련, 정련 및 합금제품",자동차부품,동흥상사 제2공장,경남,32,1,,없음,0.8,0.9,0.5,0.05069,18.248,729곳: 자동차 부분품(729),3333-305 산업단지환경조성 409920백만원 / 3363-306 지역투자촉진 251347백만원 / 3363-307 지역투자촉진(세종) 5026백만원 / 3362-301 지방주도형투자·일자리지원(자율) 3602백만원 / 3362-332 지방주도형투자·일자리지원 1565백만원
2812,"알루미늄 제련, 정련 및 합금제품",자동차부품,주식회사 알루앤텍,경남,31,1,,없음,0.8,0.9,0.5,0.05069,18.248,729곳: 자동차 부분품(729),3333-305 산업단지환경조성 409920백만원 / 3363-306 지역투자촉진 251347백만원 / 3363-307 지역투자촉진(세종) 5026백만원 / 3362-301 지방주도형투자·일자리지원(자율) 3602백만원 / 3362-332 지방주도형투자·일자리지원 1565백만원
2812,"알루미늄 제련, 정련 및 합금제품",자동차부품,한융금속(주),울산,31,1,,없음,0.8,0.9,0.5,0.05069,18.248,729곳: 자동차 부분품(729),3333-305 산업단지환경조성 409920백만원 / 3363-306 지역투자촉진 251347백만원 / 3363-307 지역투자촉진(세종) 5026백만원 / 3362-301 지방주도형투자·일자리지원(자율) 3602백만원 / 3362-332 지방주도형투자·일자리지원 1565백만원
2725,열연강판,자동차부품,동국제강(주) CS공장,경북,75,1,,없음,1.0,1.0,0.5,0.0364,18.2,738곳: 자동차 부분품(729) · 트레일러 및 컨테이너(5) · 특장차(4),3333-305 산업단지환경조성 409920백만원 / 3363-306 지역투자촉진 251347백만원 / 3363-307 지역투자촉진(세종) 5026백만원 / 3362-301 지방주도형투자·일자리지원(자율) 3602백만원 / 3362-332 지방주도형투자·일자리지원 1565백만원
2725,열연강판,자동차부품,동일산업(주)봉강사업부,경북,149,1,,없음,1.0,1.0,0.5,0.0364,18.2,738곳: 자동차 부분품(729) · 트레일러 및 컨테이너(5) · 특장차(4),3333-305 산업단지환경조성 409920백만원 / 3363-306 지역투자촉진 251347백만원 / 3363-307 지역투자촉진(세종) 5026백만원 / 3362-301 지방주도형투자·일자리지원(자율) 3602백만원 / 3362-332 지방주도형투자·일자리지원 1565백만원
3032,금속처리 가공품,자동차부품,(주)대아선재,부산,60,1,,없음,1.0,0.85,0.5,0.0427,18.148,745곳: 자동차 부분품(729) · 자동차용 엔진(11) · 트레일러 및 컨테이너(5),3333-305 산업단지환경조성 409920백만원 / 3363-306 지역투자촉진 251347백만원 / 3363-307 지역투자촉진(세종) 5026백만원 / 3362-301 지방주도형투자·일자리지원(자율) 3602백만원 / 3362-332 지방주도형투자·일자리지원 1565백만원
3032,금속처리 가공품,자동차부품,(주)코스와이어,부산,57,1,,없음,1.0,0.85,0.5,0.0427,18.148,745곳: 자동차 부분품(729) · 자동차용 엔진(11) · 트레일러 및 컨테이너(5),3333-305 산업단지환경조성 409920백만원 / 3363-306 지역투자촉진 251347백만원 / 3363-307 지역투자촉진(세종) 5026백만원 / 3362-301 지방주도형투자·일자리지원(자율) 3602백만원 / 3362-332 지방주도형투자·일자리지원 1565백만원
3032,금속처리 가공품,자동차부품,고려용접봉 주식회사,부산,63,1,,없음,1.0,0.85,0.5,0.0427,18.148,745곳: 자동차 부분품(729) · 자동차용 엔진(11) · 트레일러 및 컨테이너(5),3333-305 산업단지환경조성 409920백만원 / 3363-306 지역투자촉진 251347백만원 / 3363-307 지역투자촉진(세종) 5026백만원 / 3362-301 지방주도형투자·일자리지원(자율) 3602백만원 / 3362-332 지방주도형투자·일자리지원 1565백만원
3032,금속처리 가공품,자동차부품,고려용접봉(주),부산,57,1,,없음,1.0,0.85,0.5,0.0427,18.148,745곳: 자동차 부분품(729) · 자동차용 엔진(11) · 트레일러 및 컨테이너(5),3333-305 산업단지환경조성 409920백만원 / 3363-306 지역투자촉진 251347백만원 / 3363-307 지역투자촉진(세종) 5026백만원 / 3362-301 지방주도형투자·일자리지원(자율) 3602백만원 / 3362-332 지방주도형투자·일자리지원 1565백만원
3032,금속처리 가공품,자동차부품,쌍용선재(주),부산,76,1,,없음,1.0,0.85,0.5,0.0427,18.148,745곳: 자동차 부분품(729) · 자동차용 엔진(11) · 트레일러 및 컨테이너(5),3333-305 산업단지환경조성 409920백만원 / 3363-306 지역투자촉진 251347백만원 / 3363-307 지역투자촉진(세종) 5026백만원 / 3362-301 지방주도형투자·일자리지원(자율) 3602백만원 / 3362-332 지방주도형투자·일자리지원 1565백만원
2730,냉간압연강재,자동차부품,(주) 대창스틸,충남,75,1,,없음,1.0,0.75,0.5,0.04815,18.056,733곳: 자동차 부분품(729) · 특장차(4),3333-305 산업단지환경조성 409920백만원 / 3363-306 지역투자촉진 251347백만원 / 3363-307 지역투자촉진(세종) 5026백만원 / 3362-301 지방주도형투자·일자리지원(자율) 3602백만원 / 3362-332 지방주도형투자·일자리지원 1565백만원
2730,냉간압연강재,자동차부품,(주)나스테크,충남,159,1,,없음,1.0,0.75,0.5,0.04815,18.056,733곳: 자동차 부분품(729) · 특장차(4),3333-305 산업단지환경조성 409920백만원 / 3363-306 지역투자촉진 251347백만원 / 3363-307 지역투자촉진(세종) 5026백만원 / 3362-301 지방주도형투자·일자리지원(자율) 3602백만원 / 3362-332 지방주도형투자·일자리지원 1565백만원
2730,냉간압연강재,자동차부품,(주)대양금속,충남,134,1,,없음,1.0,0.75,0.5,0.04815,18.056,733곳: 자동차 부분품(729) · 특장차(4),3333-305 산업단지환경조성 409920백만원 / 3363-306 지역투자촉진 251347백만원 / 3363-307 지역투자촉진(세종) 5026백만원 / 3362-301 지방주도형투자·일자리지원(자율) 3602백만원 / 3362-332 지방주도형투자·일자리지원 1565백만원
2730,냉간압연강재,자동차부품,(주)대호특수강,충북,86,1,,없음,1.0,0.75,0.5,0.04815,18.056,733곳: 자동차 부분품(729) · 특장차(4),3333-305 산업단지환경조성 409920백만원 / 3363-306 지역투자촉진 251347백만원 / 3363-307 지역투자촉진(세종) 5026백만원 / 3362-301 지방주도형투자·일자리지원(자율) 3602백만원 / 3362-332 지방주도형투자·일자리지원 1565백만원
2730,냉간압연강재,자동차부품,(주)코스텍,충남,50,1,,없음,1.0,0.75,0.5,0.04815,18.056,733곳: 자동차 부분품(729) · 특장차(4),3333-305 산업단지환경조성 409920백만원 / 3363-306 지역투자촉진 251347백만원 / 3363-307 지역투자촉진(세종) 5026백만원 / 3362-301 지방주도형투자·일자리지원(자율) 3602백만원 / 3362-332 지방주도형투자·일자리지원 1565백만원
2791,표면처리강재,자동차부품,세유특강(주),경기,32,2,,공장 2개,0.8,0.6,1.0,0.03758,18.038,738곳: 자동차 부분품(729) · 트레일러 및 컨테이너(5) · 특장차(4),3333-305 산업단지환경조성 409920백만원 / 3363-306 지역투자촉진 251347백만원 / 3363-307 지역투자촉진(세종) 5026백만원 / 3362-301 지방주도형투자·일자리지원(자율) 3602백만원 / 3362-332 지방주도형투자·일자리지원 1565백만원
3032,금속처리 가공품,전기장비,대성스틸(주),경기,101,3,,공장 3개,1.0,0.6,1.0,0.0293,17.58,577곳: 배전반 및 전기자동 제어반(261) · 조명장치(143) · 기타 전기장비(67),3333-305 산업단지환경조성 409920백만원 / 3363-306 지역투자촉진 251347백만원 / 3363-307 지역투자촉진(세종) 5026백만원 / 3362-301 지방주도형투자·일자리지원(자율) 3602백만원 / 3362-332 지방주도형투자·일자리지원 1565백만원
3032,금속처리 가공품,전기장비,주광전기(주),경기,57,2,,공장 2개,1.0,0.6,1.0,0.0293,17.58,577곳: 배전반 및 전기자동 제어반(261) · 조명장치(143) · 기타 전기장비(67),3333-305 산업단지환경조성 409920백만원 / 3363-306 지역투자촉진 251347백만원 / 3363-307 지역투자촉진(세종) 5026백만원 / 3362-301 지방주도형투자·일자리지원(자율) 3602백만원 / 3362-332 지방주도형투자·일자리지원 1565백만원
2730,냉간압연강재,자동차부품,(주)한금,경남,32,1,,없음,0.8,0.9,0.5,0.04815,17.334,733곳: 자동차 부분품(729) · 특장차(4),3333-305 산업단지환경조성 409920백만원 / 3363-306 지역투자촉진 251347백만원 / 3363-307 지역투자촉진(세종) 5026백만원 / 3362-301 지방주도형투자·일자리지원(자율) 3602백만원 / 3362-332 지방주도형투자·일자리지원 1565백만원
2730,냉간압연강재,자동차부품,고려제강(주)언양공장,울산,38,1,,없음,0.8,0.9,0.5,0.04815,17.334,733곳: 자동차 부분품(729) · 특장차(4),3333-305 산업단지환경조성 409920백만원 / 3363-306 지역투자촉진 251347백만원 / 3363-307 지역투자촉진(세종) 5026백만원 / 3362-301 지방주도형투자·일자리지원(자율) 3602백만원 / 3362-332 지방주도형투자·일자리지원 1565백만원
2730,냉간압연강재,자동차부품,주식회사 쎄니트,경남,44,1,,없음,0.8,0.9,0.5,0.04815,17.334,733곳: 자동차 부분품(729) · 특장차(4),3333-305 산업단지환경조성 409920백만원 / 3363-306 지역투자촉진 251347백만원 / 3363-307 지역투자촉진(세종) 5026백만원 / 3362-301 지방주도형투자·일자리지원(자율) 3602백만원 / 3362-332 지방주도형투자·일자리지원 1565백만원
1713,석유화학중간제품,섬유,에이치디현대케미칼 주식회사,충남,155,2,,공장 2개,1.0,0.75,1.0,0.02297,17.227,0곳,3333-305 산업단지환경조성 409920백만원 / 3363-306 지역투자촉진 251347백만원 / 3363-307 지역투자촉진(세종) 5026백만원 / 3362-301 지방주도형투자·일자리지원(자율) 3602백만원 / 3362-332 지방주도형투자·일자리지원 1565백만원
3032,금속처리 가공품,자동차부품,(주)거광산업,경북,38,1,,없음,0.8,1.0,0.5,0.0427,17.08,745곳: 자동차 부분품(729) · 자동차용 엔진(11) · 트레일러 및 컨테이너(5),3333-305 산업단지환경조성 409920백만원 / 3363-306 지역투자촉진 251347백만원 / 3363-307 지역투자촉진(세종) 5026백만원 / 3362-301 지방주도형투자·일자리지원(자율) 3602백만원 / 3362-332 지방주도형투자·일자리지원 1565백만원
3032,금속처리 가공품,자동차부품,(주)대인,전북,39,2,,공장 2개,0.8,0.5,1.0,0.0427,17.08,745곳: 자동차 부분품(729) · 자동차용 엔진(11) · 트레일러 및 컨테이너(5),3333-305 산업단지환경조성 409920백만원 / 3363-306 지역투자촉진 251347백만원 / 3363-307 지역투자촉진(세종) 5026백만원 / 3362-301 지방주도형투자·일자리지원(자율) 3602백만원 / 3362-332 지방주도형투자·일자리지원 1565백만원
3032,금속처리 가공품,자동차부품,(주)삼진라인,전북,47,2,,공장 2개,0.8,0.5,1.0,0.0427,17.08,745곳: 자동차 부분품(729) · 자동차용 엔진(11) · 트레일러 및 컨테이너(5),3333-305 산업단지환경조성 409920백만원 / 3363-306 지역투자촉진 251347백만원 / 3363-307 지역투자촉진(세종) 5026백만원 / 3362-301 지방주도형투자·일자리지원(자율) 3602백만원 / 3362-332 지방주도형투자·일자리지원 1565백만원
3032,금속처리 가공품,자동차부품,홍덕산업(주)건천SSW공장,경북,42,1,,없음,0.8,1.0,0.5,0.0427,17.08,745곳: 자동차 부분품(729) · 자동차용 엔진(11) · 트레일러 및 컨테이너(5),3333-305 산업단지환경조성 409920백만원 / 3363-306 지역투자촉진 251347백만원 / 3363-307 지역투자촉진(세종) 5026백만원 / 3362-301 지방주도형투자·일자리지원(자율) 3602백만원 / 3362-332 지방주도형투자·일자리지원 1565백만원
3032,금속처리 가공품,자동차부품,흥창스틸(주),경북,30,1,,없음,0.8,1.0,0.5,0.0427,17.08,745곳: 자동차 부분품(729) · 자동차용 엔진(11) · 트레일러 및 컨테이너(5),3333-305 산업단지환경조성 409920백만원 / 3363-306 지역투자촉진 251347백만원 / 3363-307 지역투자촉진(세종) 5026백만원 / 3362-301 지방주도형투자·일자리지원(자율) 3602백만원 / 3362-332 지방주도형투자·일자리지원 1565백만원
2791,표면처리강재,자동차부품,세운철강(주)창원공장,경남,53,1,,없음,1.0,0.9,0.5,0.03758,16.911,738곳: 자동차 부분품(729) · 트레일러 및 컨테이너(5) · 특장차(4),3333-305 산업단지환경조성 409920백만원 / 3363-306 지역투자촉진 251347백만원 / 3363-307 지역투자촉진(세종) 5026백만원 / 3362-301 지방주도형투자·일자리지원(자율) 3602백만원 / 3362-332 지방주도형투자·일자리지원 1565백만원
2821,동 1차제품,전기장비,케이잼(주),,71,1,,없음,1.0,0.5,0.5,0.06613,16.532,445곳: 배전반 및 전기자동 제어반(261) · 기타 전기장비(67) · 발전기 및 전동기(45),3333-305 산업단지환경조성 409920백만원 / 3363-306 지역투자촉진 251347백만원 / 3363-307 지역투자촉진(세종) 5026백만원 / 3362-301 지방주도형투자·일자리지원(자율) 3602백만원 / 3362-332 지방주도형투자·일자리지원 1565백만원
2821,동 1차제품,전기장비,플렉시온(주),전북,70,1,,없음,1.0,0.5,0.5,0.06613,16.532,445곳: 배전반 및 전기자동 제어반(261) · 기타 전기장비(67) · 발전기 및 전동기(45),3333-305 산업단지환경조성 409920백만원 / 3363-306 지역투자촉진 251347백만원 / 3363-307 지역투자촉진(세종) 5026백만원 / 3362-301 지방주도형투자·일자리지원(자율) 3602백만원 / 3362-332 지방주도형투자·일자리지원 1565백만원
2725,열연강판,자동차부품,(주)화인베스틸,경남,80,1,,없음,1.0,0.9,0.5,0.0364,16.38,738곳: 자동차 부분품(729) · 트레일러 및 컨테이너(5) · 특장차(4),3333-305 산업단지환경조성 409920백만원 / 3363-306 지역투자촉진 251347백만원 / 3363-307 지역투자촉진(세종) 5026백만원 / 3362-301 지방주도형투자·일자리지원(자율) 3602백만원 / 3362-332 지방주도형투자·일자리지원 1565백만원
2730,냉간압연강재,자동차부품,강백금속(주),부산,35,1,,없음,0.8,0.85,0.5,0.04815,16.371,733곳: 자동차 부분품(729) · 특장차(4),3333-305 산업단지환경조성 409920백만원 / 3363-306 지역투자촉진 251347백만원 / 3363-307 지역투자촉진(세종) 5026백만원 / 3362-301 지방주도형투자·일자리지원(자율) 3602백만원 / 3362-332 지방주도형투자·일자리지원 1565백만원
2730,냉간압연강재,자동차부품,부곡스텐레스(주),부산,30,1,,없음,0.8,0.85,0.5,0.04815,16.371,733곳: 자동차 부분품(729) · 특장차(4),3333-305 산업단지환경조성 409920백만원 / 3363-306 지역투자촉진 251347백만원 / 3363-307 지역투자촉진(세종) 5026백만원 / 3362-301 지방주도형투자·일자리지원(자율) 3602백만원 / 3362-332 지방주도형투자·일자리지원 1565백만원
2730,냉간압연강재,자동차부품,와이시피파워(주),부산,48,1,,없음,0.8,0.85,0.5,0.04815,16.371,733곳: 자동차 부분품(729) · 특장차(4),3333-305 산업단지환경조성 409920백만원 / 3363-306 지역투자촉진 251347백만원 / 3363-307 지역투자촉진(세종) 5026백만원 / 3362-301 지방주도형투자·일자리지원(자율) 3602백만원 / 3362-332 지방주도형투자·일자리지원 1565백만원
3102,집적회로,자동차부품,(주)성진글로벌,전남광주,171,2,,공장 2개,1.0,0.5,1.0,0.03271,16.355,729곳: 자동차 부분품(729),3333-305 산업단지환경조성 409920백만원 / 3363-306 지역투자촉진 251347백만원 / 3363-307 지역투자촉진(세종) 5026백만원 / 3362-301 지방주도형투자·일자리지원(자율) 3602백만원 / 3362-332 지방주도형투자·일자리지원 1565백만원
3102,집적회로,자동차부품,LB세미콘(주) 구미사업장 G2,경북,102,1,,없음,1.0,1.0,0.5,0.03271,16.355,729곳: 자동차 부분품(729),3333-305 산업단지환경조성 409920백만원 / 3363-306 지역투자촉진 251347백만원 / 3363-307 지역투자촉진(세종) 5026백만원 / 3362-301 지방주도형투자·일자리지원(자율) 3602백만원 / 3362-332 지방주도형투자·일자리지원 1565백만원
3032,금속처리 가공품,자동차부품,박희선,충북,71,1,,없음,1.0,0.75,0.5,0.0427,16.012,745곳: 자동차 부분품(729) · 자동차용 엔진(11) · 트레일러 및 컨테이너(5),3333-305 산업단지환경조성 409920백만원 / 3363-306 지역투자촉진 251347백만원 / 3363-307 지역투자촉진(세종) 5026백만원 / 3362-301 지방주도형투자·일자리지원(자율) 3602백만원 / 3362-332 지방주도형투자·일자리지원 1565백만원
2821,동 1차제품,전기장비,(주)상호특수금속,경기,36,1,,없음,0.8,0.6,0.5,0.06613,15.871,445곳: 배전반 및 전기자동 제어반(261) · 기타 전기장비(67) · 발전기 및 전동기(45),3333-305 산업단지환경조성 409920백만원 / 3363-306 지역투자촉진 251347백만원 / 3363-307 지역투자촉진(세종) 5026백만원 / 3362-301 지방주도형투자·일자리지원(자율) 3602백만원 / 3362-332 지방주도형투자·일자리지원 1565백만원
2821,동 1차제품,전기장비,(주)오펙메이드,경기,32,1,,없음,0.8,0.6,0.5,0.06613,15.871,445곳: 배전반 및 전기자동 제어반(261) · 기타 전기장비(67) · 발전기 및 전동기(45),3333-305 산업단지환경조성 409920백만원 / 3363-306 지역투자촉진 251347백만원 / 3363-307 지역투자촉진(세종) 5026백만원 / 3362-301 지방주도형투자·일자리지원(자율) 3602백만원 / 3362-332 지방주도형투자·일자리지원 1565백만원
2821,동 1차제품,전기장비,(주)원알로이,인천,48,1,,없음,0.8,0.6,0.5,0.06613,15.871,445곳: 배전반 및 전기자동 제어반(261) · 기타 전기장비(67) · 발전기 및 전동기(45),3333-305 산업단지환경조성 409920백만원 / 3363-306 지역투자촉진 251347백만원 / 3363-307 지역투자촉진(세종) 5026백만원 / 3362-301 지방주도형투자·일자리지원(자율) 3602백만원 / 3362-332 지방주도형투자·일자리지원 1565백만원
2821,동 1차제품,전기장비,(주)흥일금속,경기,32,1,,없음,0.8,0.6,0.5,0.06613,15.871,445곳: 배전반 및 전기자동 제어반(261) · 기타 전기장비(67) · 발전기 및 전동기(45),3333-305 산업단지환경조성 409920백만원 / 3363-306 지역투자촉진 251347백만원 / 3363-307 지역투자촉진(세종) 5026백만원 / 3362-301 지방주도형투자·일자리지원(자율) 3602백만원 / 3362-332 지방주도형투자·일자리지원 1565백만원
2821,동 1차제품,전기장비,㈜에스케이엠씨,경기,35,1,,없음,0.8,0.6,0.5,0.06613,15.871,445곳: 배전반 및 전기자동 제어반(261) · 기타 전기장비(67) · 발전기 및 전동기(45),3333-305 산업단지환경조성 409920백만원 / 3363-306 지역투자촉진 251347백만원 / 3363-307 지역투자촉진(세종) 5026백만원 / 3362-301 지방주도형투자·일자리지원(자율) 3602백만원 / 3362-332 지방주도형투자·일자리지원 1565백만원
2821,동 1차제품,전기장비,능원금속공업(주),경기,291,1,,없음,0.8,0.6,0.5,0.06613,15.871,445곳: 배전반 및 전기자동 제어반(261) · 기타 전기장비(67) · 발전기 및 전동기(45),3333-305 산업단지환경조성 409920백만원 / 3363-306 지역투자촉진 251347백만원 / 3363-307 지역투자촉진(세종) 5026백만원 / 3362-301 지방주도형투자·일자리지원(자율) 3602백만원 / 3362-332 지방주도형투자·일자리지원 1565백만원
2821,동 1차제품,전기장비,동양특수금속(주),경기,38,1,,없음,0.8,0.6,0.5,0.06613,15.871,445곳: 배전반 및 전기자동 제어반(261) · 기타 전기장비(67) · 발전기 및 전동기(45),3333-305 산업단지환경조성 409920백만원 / 3363-306 지역투자촉진 251347백만원 / 3363-307 지역투자촉진(세종) 5026백만원 / 3362-301 지방주도형투자·일자리지원(자율) 3602백만원 / 3362-332 지방주도형투자·일자리지원 1565백만원
2821,동 1차제품,전기장비,원진금속(주),경기,30,1,,없음,0.8,0.6,0.5,0.06613,15.871,445곳: 배전반 및 전기자동 제어반(261) · 기타 전기장비(67) · 발전기 및 전동기(45),3333-305 산업단지환경조성 409920백만원 / 3363-306 지역투자촉진 251347백만원 / 3363-307 지역투자촉진(세종) 5026백만원 / 3362-301 지방주도형투자·일자리지원(자율) 3602백만원 / 3362-332 지방주도형투자·일자리지원 1565백만원
2821,동 1차제품,전기장비,일신금속공업(주),경기,40,1,,없음,0.8,0.6,0.5,0.06613,15.871,445곳: 배전반 및 전기자동 제어반(261) · 기타 전기장비(67) · 발전기 및 전동기(45),3333-305 산업단지환경조성 409920백만원 / 3363-306 지역투자촉진 251347백만원 / 3363-307 지역투자촉진(세종) 5026백만원 / 3362-301 지방주도형투자·일자리지원(자율) 3602백만원 / 3362-332 지방주도형투자·일자리지원 1565백만원
2821,동 1차제품,전기장비,정우금속공업(주),경기,231,1,,없음,0.8,0.6,0.5,0.06613,15.871,445곳: 배전반 및 전기자동 제어반(261) · 기타 전기장비(67) · 발전기 및 전동기(45),3333-305 산업단지환경조성 409920백만원 / 3363-306 지역투자촉진 251347백만원 / 3363-307 지역투자촉진(세종) 5026백만원 / 3362-301 지방주도형투자·일자리지원(자율) 3602백만원 / 3362-332 지방주도형투자·일자리지원 1565백만원
2821,동 1차제품,전기장비,후덕한금속(주),경기,36,1,,없음,0.8,0.6,0.5,0.06613,15.871,445곳: 배전반 및 전기자동 제어반(261) · 기타 전기장비(67) · 발전기 및 전동기(45),3333-305 산업단지환경조성 409920백만원 / 3363-306 지역투자촉진 251347백만원 / 3363-307 지역투자촉진(세종) 5026백만원 / 3362-301 지방주도형투자·일자리지원(자율) 3602백만원 / 3362-332 지방주도형투자·일자리지원 1565백만원
3102,집적회로,자동차부품,아이텍(주),경기,266,2,,공장 2개,0.8,0.6,1.0,0.03271,15.701,729곳: 자동차 부분품(729),3333-305 산업단지환경조성 409920백만원 / 3363-306 지역투자촉진 251347백만원 / 3363-307 지역투자촉진(세종) 5026백만원 / 3362-301 지방주도형투자·일자리지원(자율) 3602백만원 / 3362-332 지방주도형투자·일자리지원 1565백만원
3102,집적회로,자동차부품,장곡전자,경기,30,2,,공장 2개,0.8,0.6,1.0,0.03271,15.701,729곳: 자동차 부분품(729),3333-305 산업단지환경조성 409920백만원 / 3363-306 지역투자촉진 251347백만원 / 3363-307 지역투자촉진(세종) 5026백만원 / 3362-301 지방주도형투자·일자리지원(자율) 3602백만원 / 3362-332 지방주도형투자·일자리지원 1565백만원
2725,열연강판,자동차부품,광진실업(주),부산,70,1,,없음,1.0,0.85,0.5,0.0364,15.47,738곳: 자동차 부분품(729) · 트레일러 및 컨테이너(5) · 특장차(4),3333-305 산업단지환경조성 409920백만원 / 3363-306 지역투자촉진 251347백만원 / 3363-307 지역투자촉진(세종) 5026백만원 / 3362-301 지방주도형투자·일자리지원(자율) 3602백만원 / 3362-332 지방주도형투자·일자리지원 1565백만원
2725,열연강판,자동차부품,대한제강(주),부산,94,1,,없음,1.0,0.85,0.5,0.0364,15.47,738곳: 자동차 부분품(729) · 트레일러 및 컨테이너(5) · 특장차(4),3333-305 산업단지환경조성 409920백만원 / 3363-306 지역투자촉진 251347백만원 / 3363-307 지역투자촉진(세종) 5026백만원 / 3362-301 지방주도형투자·일자리지원(자율) 3602백만원 / 3362-332 지방주도형투자·일자리지원 1565백만원
2725,열연강판,자동차부품,동일철강(주),부산,50,1,,없음,1.0,0.85,0.5,0.0364,15.47,738곳: 자동차 부분품(729) · 트레일러 및 컨테이너(5) · 특장차(4),3333-305 산업단지환경조성 409920백만원 / 3363-306 지역투자촉진 251347백만원 / 3363-307 지역투자촉진(세종) 5026백만원 / 3362-301 지방주도형투자·일자리지원(자율) 3602백만원 / 3362-332 지방주도형투자·일자리지원 1565백만원
2725,열연강판,자동차부품,한국선재(주)학장공장,부산,87,1,,없음,1.0,0.85,0.5,0.0364,15.47,738곳: 자동차 부분품(729) · 트레일러 및 컨테이너(5) · 특장차(4),3333-305 산업단지환경조성 409920백만원 / 3363-306 지역투자촉진 251347백만원 / 3363-307 지역투자촉진(세종) 5026백만원 / 3362-301 지방주도형투자·일자리지원(자율) 3602백만원 / 3362-332 지방주도형투자·일자리지원 1565백만원
2725,열연강판,자동차부품,한국특수형강(주),부산,107,1,,없음,1.0,0.85,0.5,0.0364,15.47,738곳: 자동차 부분품(729) · 트레일러 및 컨테이너(5) · 특장차(4),3333-305 산업단지환경조성 409920백만원 / 3363-306 지역투자촉진 251347백만원 / 3363-307 지역투자촉진(세종) 5026백만원 / 3362-301 지방주도형투자·일자리지원(자율) 3602백만원 / 3362-332 지방주도형투자·일자리지원 1565백만원
3032,금속처리 가공품,자동차부품,제이엔디산업,경남,32,1,,없음,0.8,0.9,0.5,0.0427,15.372,745곳: 자동차 부분품(729) · 자동차용 엔진(11) · 트레일러 및 컨테이너(5),3333-305 산업단지환경조성 409920백만원 / 3363-306 지역투자촉진 251347백만원 / 3363-307 지역투자촉진(세종) 5026백만원 / 3362-301 지방주도형투자·일자리지원(자율) 3602백만원 / 3362-332 지방주도형투자·일자리지원 1565백만원
3032,금속처리 가공품,자동차부품,홍덕섬유(주),울산,45,1,,없음,0.8,0.9,0.5,0.0427,15.372,745곳: 자동차 부분품(729) · 자동차용 엔진(11) · 트레일러 및 컨테이너(5),3333-305 산업단지환경조성 409920백만원 / 3363-306 지역투자촉진 251347백만원 / 3363-307 지역투자촉진(세종) 5026백만원 / 3362-301 지방주도형투자·일자리지원(자율) 3602백만원 / 3362-332 지방주도형투자·일자리지원 1565백만원
2812,"알루미늄 제련, 정련 및 합금제품",자동차부품,(주)다원알로이,충남,41,1,,없음,0.8,0.75,0.5,0.05069,15.207,729곳: 자동차 부분품(729),3333-305 산업단지환경조성 409920백만원 / 3363-306 지역투자촉진 251347백만원 / 3363-307 지역투자촉진(세종) 5026백만원 / 3362-301 지방주도형투자·일자리지원(자율) 3602백만원 / 3362-332 지방주도형투자·일자리지원 1565백만원
2812,"알루미늄 제련, 정련 및 합금제품",자동차부품,(주)상신금속,경기,77,1,,없음,1.0,0.6,0.5,0.05069,15.207,729곳: 자동차 부분품(729),3333-305 산업단지환경조성 409920백만원 / 3363-306 지역투자촉진 251347백만원 / 3363-307 지역투자촉진(세종) 5026백만원 / 3362-301 지방주도형투자·일자리지원(자율) 3602백만원 / 3362-332 지방주도형투자·일자리지원 1565백만원
2812,"알루미늄 제련, 정련 및 합금제품",자동차부품,(주)중일,경기,105,1,,없음,1.0,0.6,0.5,0.05069,15.207,729곳: 자동차 부분품(729),3333-305 산업단지환경조성 409920백만원 / 3363-306 지역투자촉진 251347백만원 / 3363-307 지역투자촉진(세종) 5026백만원 / 3362-301 지방주도형투자·일자리지원(자율) 3602백만원 / 3362-332 지방주도형투자·일자리지원 1565백만원
2812,"알루미늄 제련, 정련 및 합금제품",자동차부품,유창금속공업(주),경기,63,1,,없음,1.0,0.6,0.5,0.05069,15.207,729곳: 자동차 부분품(729),3333-305 산업단지환경조성 409920백만원 / 3363-306 지역투자촉진 251347백만원 / 3363-307 지역투자촉진(세종) 5026백만원 / 3362-301 지방주도형투자·일자리지원(자율) 3602백만원 / 3362-332 지방주도형투자·일자리지원 1565백만원
2812,"알루미늄 제련, 정련 및 합금제품",자동차부품,이구산업(주),경기,167,1,,없음,1.0,0.6,0.5,0.05069,15.207,729곳: 자동차 부분품(729),3333-305 산업단지환경조성 409920백만원 / 3363-306 지역투자촉진 251347백만원 / 3363-307 지역투자촉진(세종) 5026백만원 / 3362-301 지방주도형투자·일자리지원(자율) 3602백만원 / 3362-332 지방주도형투자·일자리지원 1565백만원
2812,"알루미늄 제련, 정련 및 합금제품",자동차부품,주식회사 성합,충남,40,1,,없음,0.8,0.75,0.5,0.05069,15.207,729곳: 자동차 부분품(729),3333-305 산업단지환경조성 409920백만원 / 3363-306 지역투자촉진 251347백만원 / 3363-307 지역투자촉진(세종) 5026백만원 / 3362-301 지방주도형투자·일자리지원(자율) 3602백만원 / 3362-332 지방주도형투자·일자리지원 1565백만원
2791,표면처리강재,자동차부품,(주)대륙금속,경북,32,1,,없음,0.8,1.0,0.5,0.03758,15.032,738곳: 자동차 부분품(729) · 트레일러 및 컨테이너(5) · 특장차(4),3333-305 산업단지환경조성 409920백만원 / 3363-306 지역투자촉진 251347백만원 / 3363-307 지역투자촉진(세종) 5026백만원 / 3362-301 지방주도형투자·일자리지원(자율) 3602백만원 / 3362-332 지방주도형투자·일자리지원 1565백만원
2791,표면처리강재,자동차부품,(주)웨스코일렉트로드,경북,40,1,,없음,0.8,1.0,0.5,0.03758,15.032,738곳: 자동차 부분품(729) · 트레일러 및 컨테이너(5) · 특장차(4),3333-305 산업단지환경조성 409920백만원 / 3363-306 지역투자촉진 251347백만원 / 3363-307 지역투자촉진(세종) 5026백만원 / 3362-301 지방주도형투자·일자리지원(자율) 3602백만원 / 3362-332 지방주도형투자·일자리지원 1565백만원
2791,표면처리강재,자동차부품,(주)티씨씨스틸,경북,228,1,,없음,0.8,1.0,0.5,0.03758,15.032,738곳: 자동차 부분품(729) · 트레일러 및 컨테이너(5) · 특장차(4),3333-305 산업단지환경조성 409920백만원 / 3363-306 지역투자촉진 251347백만원 / 3363-307 지역투자촉진(세종) 5026백만원 / 3362-301 지방주도형투자·일자리지원(자율) 3602백만원 / 3362-332 지방주도형투자·일자리지원 1565백만원
2791,표면처리강재,자동차부품,(주)티엠에스스틸,경북,49,1,,없음,0.8,1.0,0.5,0.03758,15.032,738곳: 자동차 부분품(729) · 트레일러 및 컨테이너(5) · 특장차(4),3333-305 산업단지환경조성 409920백만원 / 3363-306 지역투자촉진 251347백만원 / 3363-307 지역투자촉진(세종) 5026백만원 / 3362-301 지방주도형투자·일자리지원(자율) 3602백만원 / 3362-332 지방주도형투자·일자리지원 1565백만원
2791,표면처리강재,자동차부품,(주)한라티씨,경북,30,1,,없음,0.8,1.0,0.5,0.03758,15.032,738곳: 자동차 부분품(729) · 트레일러 및 컨테이너(5) · 특장차(4),3333-305 산업단지환경조성 409920백만원 / 3363-306 지역투자촉진 251347백만원 / 3363-307 지역투자촉진(세종) 5026백만원 / 3362-301 지방주도형투자·일자리지원(자율) 3602백만원 / 3362-332 지방주도형투자·일자리지원 1565백만원
2791,표면처리강재,자동차부품,아주스틸㈜ EGL공장,경북,30,1,,없음,0.8,1.0,0.5,0.03758,15.032,738곳: 자동차 부분품(729) · 트레일러 및 컨테이너(5) · 특장차(4),3333-305 산업단지환경조성 409920백만원 / 3363-306 지역투자촉진 251347백만원 / 3363-307 지역투자촉진(세종) 5026백만원 / 3362-301 지방주도형투자·일자리지원(자율) 3602백만원 / 3362-332 지방주도형투자·일자리지원 1565백만원
2791,표면처리강재,자동차부품,주식회사 대영알미늄 김천지점,경북,32,1,,없음,0.8,1.0,0.5,0.03758,15.032,738곳: 자동차 부분품(729) · 트레일러 및 컨테이너(5) · 특장차(4),3333-305 산업단지환경조성 409920백만원 / 3363-306 지역투자촉진 251347백만원 / 3363-307 지역투자촉진(세종) 5026백만원 / 3362-301 지방주도형투자·일자리지원(자율) 3602백만원 / 3362-332 지방주도형투자·일자리지원 1565백만원
2791,표면처리강재,자동차부품,평산금속,경북,38,1,,없음,0.8,1.0,0.5,0.03758,15.032,738곳: 자동차 부분품(729) · 트레일러 및 컨테이너(5) · 특장차(4),3333-305 산업단지환경조성 409920백만원 / 3363-306 지역투자촉진 251347백만원 / 3363-307 지역투자촉진(세종) 5026백만원 / 3362-301 지방주도형투자·일자리지원(자율) 3602백만원 / 3362-332 지방주도형투자·일자리지원 1565백만원
3102,집적회로,자동차부품,화성G&I(주),경남,50,1,,없음,1.0,0.9,0.5,0.03271,14.72,729곳: 자동차 부분품(729),3333-305 산업단지환경조성 409920백만원 / 3363-306 지역투자촉진 251347백만원 / 3363-307 지역투자촉진(세종) 5026백만원 / 3362-301 지방주도형투자·일자리지원(자율) 3602백만원 / 3362-332 지방주도형투자·일자리지원 1565백만원
3032,금속처리 가공품,전기장비,(주)일본이화공업소 한국지점,경북,64,1,,없음,1.0,1.0,0.5,0.0293,14.65,577곳: 배전반 및 전기자동 제어반(261) · 조명장치(143) · 기타 전기장비(67),3333-305 산업단지환경조성 409920백만원 / 3363-306 지역투자촉진 251347백만원 / 3363-307 지역투자촉진(세종) 5026백만원 / 3362-301 지방주도형투자·일자리지원(자율) 3602백만원 / 3362-332 지방주도형투자·일자리지원 1565백만원
2725,열연강판,자동차부품,(주)목우에이치텍,전남광주,33,3,,공장 3개,0.8,0.5,1.0,0.0364,14.56,738곳: 자동차 부분품(729) · 트레일러 및 컨테이너(5) · 특장차(4),3333-305 산업단지환경조성 409920백만원 / 3363-306 지역투자촉진 251347백만원 / 3363-307 지역투자촉진(세종) 5026백만원 / 3362-301 지방주도형투자·일자리지원(자율) 3602백만원 / 3362-332 지방주도형투자·일자리지원 1565백만원
2725,열연강판,자동차부품,(주)삼원강재,경북,284,1,,없음,0.8,1.0,0.5,0.0364,14.56,738곳: 자동차 부분품(729) · 트레일러 및 컨테이너(5) · 특장차(4),3333-305 산업단지환경조성 409920백만원 / 3363-306 지역투자촉진 251347백만원 / 3363-307 지역투자촉진(세종) 5026백만원 / 3362-301 지방주도형투자·일자리지원(자율) 3602백만원 / 3362-332 지방주도형투자·일자리지원 1565백만원
2725,열연강판,자동차부품,(주)엔아이스틸,경북,48,1,,없음,0.8,1.0,0.5,0.0364,14.56,738곳: 자동차 부분품(729) · 트레일러 및 컨테이너(5) · 특장차(4),3333-305 산업단지환경조성 409920백만원 / 3363-306 지역투자촉진 251347백만원 / 3363-307 지역투자촉진(세종) 5026백만원 / 3362-301 지방주도형투자·일자리지원(자율) 3602백만원 / 3362-332 지방주도형투자·일자리지원 1565백만원
2725,열연강판,자동차부품,(주)화진철강,경북,30,1,,없음,0.8,1.0,0.5,0.0364,14.56,738곳: 자동차 부분품(729) · 트레일러 및 컨테이너(5) · 특장차(4),3333-305 산업단지환경조성 409920백만원 / 3363-306 지역투자촉진 251347백만원 / 3363-307 지역투자촉진(세종) 5026백만원 / 3362-301 지방주도형투자·일자리지원(자율) 3602백만원 / 3362-332 지방주도형투자·일자리지원 1565백만원
2725,열연강판,자동차부품,(주)효성철강,경북,40,1,,없음,0.8,1.0,0.5,0.0364,14.56,738곳: 자동차 부분품(729) · 트레일러 및 컨테이너(5) · 특장차(4),3333-305 산업단지환경조성 409920백만원 / 3363-306 지역투자촉진 251347백만원 / 3363-307 지역투자촉진(세종) 5026백만원 / 3362-301 지방주도형투자·일자리지원(자율) 3602백만원 / 3362-332 지방주도형투자·일자리지원 1565백만원
2725,열연강판,자동차부품,삼승철강(주),경북,34,1,,없음,0.8,1.0,0.5,0.0364,14.56,738곳: 자동차 부분품(729) · 트레일러 및 컨테이너(5) · 특장차(4),3333-305 산업단지환경조성 409920백만원 / 3363-306 지역투자촉진 251347백만원 / 3363-307 지역투자촉진(세종) 5026백만원 / 3362-301 지방주도형투자·일자리지원(자율) 3602백만원 / 3362-332 지방주도형투자·일자리지원 1565백만원
3032,금속처리 가공품,자동차부품,고려제강(주) 하이프로공장,부산,238,1,,없음,0.8,0.85,0.5,0.0427,14.518,745곳: 자동차 부분품(729) · 자동차용 엔진(11) · 트레일러 및 컨테이너(5),3333-305 산업단지환경조성 409920백만원 / 3363-306 지역투자촉진 251347백만원 / 3363-307 지역투자촉진(세종) 5026백만원 / 3362-301 지방주도형투자·일자리지원(자율) 3602백만원 / 3362-332 지방주도형투자·일자리지원 1565백만원
3102,집적회로,의료기기,(주)마이크로인피니티,경북,65,2,,공장 2개,1.0,1.0,1.0,0.01446,14.46,284곳: 의료용 기기(284),3333-305 산업단지환경조성 409920백만원 / 3363-306 지역투자촉진 251347백만원 / 3363-307 지역투자촉진(세종) 5026백만원 / 3362-301 지방주도형투자·일자리지원(자율) 3602백만원 / 3362-332 지방주도형투자·일자리지원 1565백만원
2730,냉간압연강재,자동차부품,(주)대성압연,경기,51,1,,없음,1.0,0.6,0.5,0.04815,14.445,733곳: 자동차 부분품(729) · 특장차(4),3333-305 산업단지환경조성 409920백만원 / 3363-306 지역투자촉진 251347백만원 / 3363-307 지역투자촉진(세종) 5026백만원 / 3362-301 지방주도형투자·일자리지원(자율) 3602백만원 / 3362-332 지방주도형투자·일자리지원 1565백만원
2730,냉간압연강재,자동차부품,(주)대창스틸,인천,148,1,,없음,1.0,0.6,0.5,0.04815,14.445,733곳: 자동차 부분품(729) · 특장차(4),3333-305 산업단지환경조성 409920백만원 / 3363-306 지역투자촉진 251347백만원 / 3363-307 지역투자촉진(세종) 5026백만원 / 3362-301 지방주도형투자·일자리지원(자율) 3602백만원 / 3362-332 지방주도형투자·일자리지원 1565백만원
2730,냉간압연강재,자동차부품,(주)포스코모빌리티솔루션,경기,197,1,,없음,1.0,0.6,0.5,0.04815,14.445,733곳: 자동차 부분품(729) · 특장차(4),3333-305 산업단지환경조성 409920백만원 / 3363-306 지역투자촉진 251347백만원 / 3363-307 지역투자촉진(세종) 5026백만원 / 3362-301 지방주도형투자·일자리지원(자율) 3602백만원 / 3362-332 지방주도형투자·일자리지원 1565백만원
2730,냉간압연강재,자동차부품,(주)포스코에스피,경기,197,1,,없음,1.0,0.6,0.5,0.04815,14.445,733곳: 자동차 부분품(729) · 특장차(4),3333-305 산업단지환경조성 409920백만원 / 3363-306 지역투자촉진 251347백만원 / 3363-307 지역투자촉진(세종) 5026백만원 / 3362-301 지방주도형투자·일자리지원(자율) 3602백만원 / 3362-332 지방주도형투자·일자리지원 1565백만원
2730,냉간압연강재,자동차부품,풍산특수금속(주),인천,149,1,,없음,1.0,0.6,0.5,0.04815,14.445,733곳: 자동차 부분품(729) · 특장차(4),3333-305 산업단지환경조성 409920백만원 / 3363-306 지역투자촉진 251347백만원 / 3363-307 지역투자촉진(세종) 5026백만원 / 3362-301 지방주도형투자·일자리지원(자율) 3602백만원 / 3362-332 지방주도형투자·일자리지원 1565백만원
2730,냉간압연강재,자동차부품,향상기업(주),충남,45,1,,없음,0.8,0.75,0.5,0.04815,14.445,733곳: 자동차 부분품(729) · 특장차(4),3333-305 산업단지환경조성 409920백만원 / 3363-306 지역투자촉진 251347백만원 / 3363-307 지역투자촉진(세종) 5026백만원 / 3362-301 지방주도형투자·일자리지원(자율) 3602백만원 / 3362-332 지방주도형투자·일자리지원 1565백만원
2791,표면처리강재,자동차부품,(주)삼우 당진공장,충남,83,1,,없음,1.0,0.75,0.5,0.03758,14.093,738곳: 자동차 부분품(729) · 트레일러 및 컨테이너(5) · 특장차(4),3333-305 산업단지환경조성 409920백만원 / 3363-306 지역투자촉진 251347백만원 / 3363-307 지역투자촉진(세종) 5026백만원 / 3362-301 지방주도형투자·일자리지원(자율) 3602백만원 / 3362-332 지방주도형투자·일자리지원 1565백만원
2791,표면처리강재,자동차부품,(주)삼우 산세공장,충남,90,1,,없음,1.0,0.75,0.5,0.03758,14.093,738곳: 자동차 부분품(729) · 트레일러 및 컨테이너(5) · 특장차(4),3333-305 산업단지환경조성 409920백만원 / 3363-306 지역투자촉진 251347백만원 / 3363-307 지역투자촉진(세종) 5026백만원 / 3362-301 지방주도형투자·일자리지원(자율) 3602백만원 / 3362-332 지방주도형투자·일자리지원 1565백만원
2791,표면처리강재,자동차부품,(주)세일엘앤아이,충남,103,1,,없음,1.0,0.75,0.5,0.03758,14.093,738곳: 자동차 부분품(729) · 트레일러 및 컨테이너(5) · 특장차(4),3333-305 산업단지환경조성 409920백만원 / 3363-306 지역투자촉진 251347백만원 / 3363-307 지역투자촉진(세종) 5026백만원 / 3362-301 지방주도형투자·일자리지원(자율) 3602백만원 / 3362-332 지방주도형투자·일자리지원 1565백만원
2791,표면처리강재,자동차부품,(주)위스코,충남,73,1,,없음,1.0,0.75,0.5,0.03758,14.093,738곳: 자동차 부분품(729) · 트레일러 및 컨테이너(5) · 특장차(4),3333-305 산업단지환경조성 409920백만원 / 3363-306 지역투자촉진 251347백만원 / 3363-307 지역투자촉진(세종) 5026백만원 / 3362-301 지방주도형투자·일자리지원(자율) 3602백만원 / 3362-332 지방주도형투자·일자리지원 1565백만원
2791,표면처리강재,자동차부품,주성이엔지(주) 당진공장,충남,55,1,,없음,1.0,0.75,0.5,0.03758,14.093,738곳: 자동차 부분품(729) · 트레일러 및 컨테이너(5) · 특장차(4),3333-305 산업단지환경조성 409920백만원 / 3363-306 지역투자촉진 251347백만원 / 3363-307 지역투자촉진(세종) 5026백만원 / 3362-301 지방주도형투자·일자리지원(자율) 3602백만원 / 3362-332 지방주도형투자·일자리지원 1565백만원
2791,표면처리강재,자동차부품,현대로템(주),충남,181,1,,없음,1.0,0.75,0.5,0.03758,14.093,738곳: 자동차 부분품(729) · 트레일러 및 컨테이너(5) · 특장차(4),3333-305 산업단지환경조성 409920백만원 / 3363-306 지역투자촉진 251347백만원 / 3363-307 지역투자촉진(세종) 5026백만원 / 3362-301 지방주도형투자·일자리지원(자율) 3602백만원 / 3362-332 지방주도형투자·일자리지원 1565백만원
3032,금속처리 가공품,전기장비,(주)동성에코테크,경기,44,2,,공장 2개,0.8,0.6,1.0,0.0293,14.064,577곳: 배전반 및 전기자동 제어반(261) · 조명장치(143) · 기타 전기장비(67),3333-305 산업단지환경조성 409920백만원 / 3363-306 지역투자촉진 251347백만원 / 3363-307 지역투자촉진(세종) 5026백만원 / 3362-301 지방주도형투자·일자리지원(자율) 3602백만원 / 3362-332 지방주도형투자·일자리지원 1565백만원
3032,금속처리 가공품,전기장비,(주)메탈링크,경기,37,2,,공장 2개,0.8,0.6,1.0,0.0293,14.064,577곳: 배전반 및 전기자동 제어반(261) · 조명장치(143) · 기타 전기장비(67),3333-305 산업단지환경조성 409920백만원 / 3363-306 지역투자촉진 251347백만원 / 3363-307 지역투자촉진(세종) 5026백만원 / 3362-301 지방주도형투자·일자리지원(자율) 3602백만원 / 3362-332 지방주도형투자·일자리지원 1565백만원
3032,금속처리 가공품,전기장비,(주)합동메탈,경기,47,2,,공장 2개,0.8,0.6,1.0,0.0293,14.064,577곳: 배전반 및 전기자동 제어반(261) · 조명장치(143) · 기타 전기장비(67),3333-305 산업단지환경조성 409920백만원 / 3363-306 지역투자촉진 251347백만원 / 3363-307 지역투자촉진(세종) 5026백만원 / 3362-301 지방주도형투자·일자리지원(자율) 3602백만원 / 3362-332 지방주도형투자·일자리지원 1565백만원
3032,금속처리 가공품,전기장비,대영테크(주),경기,43,2,,공장 2개,0.8,0.6,1.0,0.0293,14.064,577곳: 배전반 및 전기자동 제어반(261) · 조명장치(143) · 기타 전기장비(67),3333-305 산업단지환경조성 409920백만원 / 3363-306 지역투자촉진 251347백만원 / 3363-307 지역투자촉진(세종) 5026백만원 / 3362-301 지방주도형투자·일자리지원(자율) 3602백만원 / 3362-332 지방주도형투자·일자리지원 1565백만원
3032,금속처리 가공품,전기장비,신원스틸(주),경기,41,3,,공장 3개,0.8,0.6,1.0,0.0293,14.064,577곳: 배전반 및 전기자동 제어반(261) · 조명장치(143) · 기타 전기장비(67),3333-305 산업단지환경조성 409920백만원 / 3363-306 지역투자촉진 251347백만원 / 3363-307 지역투자촉진(세종) 5026백만원 / 3362-301 지방주도형투자·일자리지원(자율) 3602백만원 / 3362-332 지방주도형투자·일자리지원 1565백만원
3102,집적회로,자동차부품,(주)비전테크,부산,60,1,,없음,1.0,0.85,0.5,0.03271,13.902,729곳: 자동차 부분품(729),3333-305 산업단지환경조성 409920백만원 / 3363-306 지역투자촉진 251347백만원 / 3363-307 지역투자촉진(세종) 5026백만원 / 3362-301 지방주도형투자·일자리지원(자율) 3602백만원 / 3362-332 지방주도형투자·일자리지원 1565백만원
2791,표면처리강재,자동차부품,(주)강왕중공업,경남,30,1,,없음,0.8,0.9,0.5,0.03758,13.529,738곳: 자동차 부분품(729) · 트레일러 및 컨테이너(5) · 특장차(4),3333-305 산업단지환경조성 409920백만원 / 3363-306 지역투자촉진 251347백만원 / 3363-307 지역투자촉진(세종) 5026백만원 / 3362-301 지방주도형투자·일자리지원(자율) 3602백만원 / 3362-332 지방주도형투자·일자리지원 1565백만원
2791,표면처리강재,자동차부품,경남스틸(주),경남,42,1,,없음,0.8,0.9,0.5,0.03758,13.529,738곳: 자동차 부분품(729) · 트레일러 및 컨테이너(5) · 특장차(4),3333-305 산업단지환경조성 409920백만원 / 3363-306 지역투자촉진 251347백만원 / 3363-307 지역투자촉진(세종) 5026백만원 / 3362-301 지방주도형투자·일자리지원(자율) 3602백만원 / 3362-332 지방주도형투자·일자리지원 1565백만원
3032,금속처리 가공품,전기장비,(주)청우제강,경남,80,1,,없음,1.0,0.9,0.5,0.0293,13.185,577곳: 배전반 및 전기자동 제어반(261) · 조명장치(143) · 기타 전기장비(67),3333-305 산업단지환경조성 409920백만원 / 3363-306 지역투자촉진 251347백만원 / 3363-307 지역투자촉진(세종) 5026백만원 / 3362-301 지방주도형투자·일자리지원(자율) 3602백만원 / 3362-332 지방주도형투자·일자리지원 1565백만원
3032,금속처리 가공품,전기장비,고려제강(주),경남,149,1,,없음,1.0,0.9,0.5,0.0293,13.185,577곳: 배전반 및 전기자동 제어반(261) · 조명장치(143) · 기타 전기장비(67),3333-305 산업단지환경조성 409920백만원 / 3363-306 지역투자촉진 251347백만원 / 3363-307 지역투자촉진(세종) 5026백만원 / 3362-301 지방주도형투자·일자리지원(자율) 3602백만원 / 3362-332 지방주도형투자·일자리지원 1565백만원
3723,전기회로 개폐 및 접속장치,전기장비,덕산정밀(주),경북,97,2,,공장 2개,1.0,1.0,1.0,0.01318,13.18,552곳: 배전반 및 전기자동 제어반(261) · 조명장치(143) · 기타 전기장비(67),3333-305 산업단지환경조성 409920백만원 / 3363-306 지역투자촉진 251347백만원 / 3363-307 지역투자촉진(세종) 5026백만원 / 3362-301 지방주도형투자·일자리지원(자율) 3602백만원 / 3362-332 지방주도형투자·일자리지원 1565백만원
2725,열연강판,자동차부품,(주)대림철강,경남,31,1,,없음,0.8,0.9,0.5,0.0364,13.104,738곳: 자동차 부분품(729) · 트레일러 및 컨테이너(5) · 특장차(4),3333-305 산업단지환경조성 409920백만원 / 3363-306 지역투자촉진 251347백만원 / 3363-307 지역투자촉진(세종) 5026백만원 / 3362-301 지방주도형투자·일자리지원(자율) 3602백만원 / 3362-332 지방주도형투자·일자리지원 1565백만원
3102,집적회로,자동차부품,(주)명진전자,경북,37,1,,없음,0.8,1.0,0.5,0.03271,13.084,729곳: 자동차 부분품(729),3333-305 산업단지환경조성 409920백만원 / 3363-306 지역투자촉진 251347백만원 / 3363-307 지역투자촉진(세종) 5026백만원 / 3362-301 지방주도형투자·일자리지원(자율) 3602백만원 / 3362-332 지방주도형투자·일자리지원 1565백만원
3032,금속처리 가공품,자동차부품,(주)인성,경기,58,1,,없음,1.0,0.6,0.5,0.0427,12.81,745곳: 자동차 부분품(729) · 자동차용 엔진(11) · 트레일러 및 컨테이너(5),3333-305 산업단지환경조성 409920백만원 / 3363-306 지역투자촉진 251347백만원 / 3363-307 지역투자촉진(세종) 5026백만원 / 3362-301 지방주도형투자·일자리지원(자율) 3602백만원 / 3362-332 지방주도형투자·일자리지원 1565백만원
3032,금속처리 가공품,자동차부품,(주)현대금속농공,충남,30,1,,없음,0.8,0.75,0.5,0.0427,12.81,745곳: 자동차 부분품(729) · 자동차용 엔진(11) · 트레일러 및 컨테이너(5),3333-305 산업단지환경조성 409920백만원 / 3363-306 지역투자촉진 251347백만원 / 3363-307 지역투자촉진(세종) 5026백만원 / 3362-301 지방주도형투자·일자리지원(자율) 3602백만원 / 3362-332 지방주도형투자·일자리지원 1565백만원
3032,금속처리 가공품,자동차부품,더엠제이(주),인천,85,1,,없음,1.0,0.6,0.5,0.0427,12.81,745곳: 자동차 부분품(729) · 자동차용 엔진(11) · 트레일러 및 컨테이너(5),3333-305 산업단지환경조성 409920백만원 / 3363-306 지역투자촉진 251347백만원 / 3363-307 지역투자촉진(세종) 5026백만원 / 3362-301 지방주도형투자·일자리지원(자율) 3602백만원 / 3362-332 지방주도형투자·일자리지원 1565백만원
3032,금속처리 가공품,자동차부품,유진통신공업(주),세종,30,1,,없음,0.8,0.75,0.5,0.0427,12.81,745곳: 자동차 부분품(729) · 자동차용 엔진(11) · 트레일러 및 컨테이너(5),3333-305 산업단지환경조성 409920백만원 / 3363-306 지역투자촉진 251347백만원 / 3363-307 지역투자촉진(세종) 5026백만원 / 3362-301 지방주도형투자·일자리지원(자율) 3602백만원 / 3362-332 지방주도형투자·일자리지원 1565백만원
3032,금속처리 가공품,자동차부품,케이.에이.티(주),대전,37,1,,없음,0.8,0.75,0.5,0.0427,12.81,745곳: 자동차 부분품(729) · 자동차용 엔진(11) · 트레일러 및 컨테이너(5),3333-305 산업단지환경조성 409920백만원 / 3363-306 지역투자촉진 251347백만원 / 3363-307 지역투자촉진(세종) 5026백만원 / 3362-301 지방주도형투자·일자리지원(자율) 3602백만원 / 3362-332 지방주도형투자·일자리지원 1565백만원
3032,금속처리 가공품,자동차부품,평화산업개발(주),충남,31,1,,없음,0.8,0.75,0.5,0.0427,12.81,745곳: 자동차 부분품(729) · 자동차용 엔진(11) · 트레일러 및 컨테이너(5),3333-305 산업단지환경조성 409920백만원 / 3363-306 지역투자촉진 251347백만원 / 3363-307 지역투자촉진(세종) 5026백만원 / 3362-301 지방주도형투자·일자리지원(자율) 3602백만원 / 3362-332 지방주도형투자·일자리지원 1565백만원
3032,금속처리 가공품,자동차부품,해피창(주),대전,43,1,,없음,0.8,0.75,0.5,0.0427,12.81,745곳: 자동차 부분품(729) · 자동차용 엔진(11) · 트레일러 및 컨테이너(5),3333-305 산업단지환경조성 409920백만원 / 3363-306 지역투자촉진 251347백만원 / 3363-307 지역투자촉진(세종) 5026백만원 / 3362-301 지방주도형투자·일자리지원(자율) 3602백만원 / 3362-332 지방주도형투자·일자리지원 1565백만원
2791,표면처리강재,자동차부품,비엔스틸라(주)녹산공장,부산,48,1,,없음,0.8,0.85,0.5,0.03758,12.777,738곳: 자동차 부분품(729) · 트레일러 및 컨테이너(5) · 특장차(4),3333-305 산업단지환경조성 409920백만원 / 3363-306 지역투자촉진 251347백만원 / 3363-307 지역투자촉진(세종) 5026백만원 / 3362-301 지방주도형투자·일자리지원(자율) 3602백만원 / 3362-332 지방주도형투자·일자리지원 1565백만원
2812,"알루미늄 제련, 정련 및 합금제품",자동차부품,주식회사 한민에코텍 1공장,,50,1,,없음,1.0,0.5,0.5,0.05069,12.672,729곳: 자동차 부분품(729),3333-305 산업단지환경조성 409920백만원 / 3363-306 지역투자촉진 251347백만원 / 3363-307 지역투자촉진(세종) 5026백만원 / 3362-301 지방주도형투자·일자리지원(자율) 3602백만원 / 3362-332 지방주도형투자·일자리지원 1565백만원
2812,"알루미늄 제련, 정련 및 합금제품",자동차부품,주식회사 한민에코텍(2공장),,50,1,,없음,1.0,0.5,0.5,0.05069,12.672,729곳: 자동차 부분품(729),3333-305 산업단지환경조성 409920백만원 / 3363-306 지역투자촉진 251347백만원 / 3363-307 지역투자촉진(세종) 5026백만원 / 3362-301 지방주도형투자·일자리지원(자율) 3602백만원 / 3362-332 지방주도형투자·일자리지원 1565백만원
2812,"알루미늄 제련, 정련 및 합금제품",자동차부품,하이호경금속(주),전북,157,1,,없음,1.0,0.5,0.5,0.05069,12.672,729곳: 자동차 부분품(729),3333-305 산업단지환경조성 409920백만원 / 3363-306 지역투자촉진 251347백만원 / 3363-307 지역투자촉진(세종) 5026백만원 / 3362-301 지방주도형투자·일자리지원(자율) 3602백만원 / 3362-332 지방주도형투자·일자리지원 1565백만원
3032,금속처리 가공품,전기장비,(주)대아선재,부산,60,1,,없음,1.0,0.85,0.5,0.0293,12.453,577곳: 배전반 및 전기자동 제어반(261) · 조명장치(143) · 기타 전기장비(67),3333-305 산업단지환경조성 409920백만원 / 3363-306 지역투자촉진 251347백만원 / 3363-307 지역투자촉진(세종) 5026백만원 / 3362-301 지방주도형투자·일자리지원(자율) 3602백만원 / 3362-332 지방주도형투자·일자리지원 1565백만원
3032,금속처리 가공품,전기장비,(주)코스와이어,부산,57,1,,없음,1.0,0.85,0.5,0.0293,12.453,577곳: 배전반 및 전기자동 제어반(261) · 조명장치(143) · 기타 전기장비(67),3333-305 산업단지환경조성 409920백만원 / 3363-306 지역투자촉진 251347백만원 / 3363-307 지역투자촉진(세종) 5026백만원 / 3362-301 지방주도형투자·일자리지원(자율) 3602백만원 / 3362-332 지방주도형투자·일자리지원 1565백만원
3032,금속처리 가공품,전기장비,고려용접봉 주식회사,부산,63,1,,없음,1.0,0.85,0.5,0.0293,12.453,577곳: 배전반 및 전기자동 제어반(261) · 조명장치(143) · 기타 전기장비(67),3333-305 산업단지환경조성 409920백만원 / 3363-306 지역투자촉진 251347백만원 / 3363-307 지역투자촉진(세종) 5026백만원 / 3362-301 지방주도형투자·일자리지원(자율) 3602백만원 / 3362-332 지방주도형투자·일자리지원 1565백만원
3032,금속처리 가공품,전기장비,고려용접봉(주),부산,57,1,,없음,1.0,0.85,0.5,0.0293,12.453,577곳: 배전반 및 전기자동 제어반(261) · 조명장치(143) · 기타 전기장비(67),3333-305 산업단지환경조성 409920백만원 / 3363-306 지역투자촉진 251347백만원 / 3363-307 지역투자촉진(세종) 5026백만원 / 3362-301 지방주도형투자·일자리지원(자율) 3602백만원 / 3362-332 지방주도형투자·일자리지원 1565백만원
3032,금속처리 가공품,전기장비,쌍용선재(주),부산,76,1,,없음,1.0,0.85,0.5,0.0293,12.453,577곳: 배전반 및 전기자동 제어반(261) · 조명장치(143) · 기타 전기장비(67),3333-305 산업단지환경조성 409920백만원 / 3363-306 지역투자촉진 251347백만원 / 3363-307 지역투자촉진(세종) 5026백만원 / 3362-301 지방주도형투자·일자리지원(자율) 3602백만원 / 3362-332 지방주도형투자·일자리지원 1565백만원
2725,열연강판,자동차부품,(주)한국클래드텍,부산,44,1,,없음,0.8,0.85,0.5,0.0364,12.376,738곳: 자동차 부분품(729) · 트레일러 및 컨테이너(5) · 특장차(4),3333-305 산업단지환경조성 409920백만원 / 3363-306 지역투자촉진 251347백만원 / 3363-307 지역투자촉진(세종) 5026백만원 / 3362-301 지방주도형투자·일자리지원(자율) 3602백만원 / 3362-332 지방주도형투자·일자리지원 1565백만원
2725,열연강판,자동차부품,대산철강공업(주),부산,42,1,,없음,0.8,0.85,0.5,0.0364,12.376,738곳: 자동차 부분품(729) · 트레일러 및 컨테이너(5) · 특장차(4),3333-305 산업단지환경조성 409920백만원 / 3363-306 지역투자촉진 251347백만원 / 3363-307 지역투자촉진(세종) 5026백만원 / 3362-301 지방주도형투자·일자리지원(자율) 3602백만원 / 3362-332 지방주도형투자·일자리지원 1565백만원
2725,열연강판,자동차부품,동일스틸럭스(주),부산,40,1,,없음,0.8,0.85,0.5,0.0364,12.376,738곳: 자동차 부분품(729) · 트레일러 및 컨테이너(5) · 특장차(4),3333-305 산업단지환경조성 409920백만원 / 3363-306 지역투자촉진 251347백만원 / 3363-307 지역투자촉진(세종) 5026백만원 / 3362-301 지방주도형투자·일자리지원(자율) 3602백만원 / 3362-332 지방주도형투자·일자리지원 1565백만원
2725,열연강판,자동차부품,삼흥에스씨(주),부산,30,1,,없음,0.8,0.85,0.5,0.0364,12.376,738곳: 자동차 부분품(729) · 트레일러 및 컨테이너(5) · 특장차(4),3333-305 산업단지환경조성 409920백만원 / 3363-306 지역투자촉진 251347백만원 / 3363-307 지역투자촉진(세종) 5026백만원 / 3362-301 지방주도형투자·일자리지원(자율) 3602백만원 / 3362-332 지방주도형투자·일자리지원 1565백만원
3102,집적회로,자동차부품,덕산넵코어스(주),대전,171,1,,없음,1.0,0.75,0.5,0.03271,12.266,729곳: 자동차 부분품(729),3333-305 산업단지환경조성 409920백만원 / 3363-306 지역투자촉진 251347백만원 / 3363-307 지역투자촉진(세종) 5026백만원 / 3362-301 지방주도형투자·일자리지원(자율) 3602백만원 / 3362-332 지방주도형투자·일자리지원 1565백만원
3102,집적회로,자동차부품,에스피텍(주),충북,86,1,,없음,1.0,0.75,0.5,0.03271,12.266,729곳: 자동차 부분품(729),3333-305 산업단지환경조성 409920백만원 / 3363-306 지역투자촉진 251347백만원 / 3363-307 지역투자촉진(세종) 5026백만원 / 3362-301 지방주도형투자·일자리지원(자율) 3602백만원 / 3362-332 지방주도형투자·일자리지원 1565백만원
2812,"알루미늄 제련, 정련 및 합금제품",자동차부품,(주)바이넥스(한국생산기술연구원),인천,239,1,,없음,0.8,0.6,0.5,0.05069,12.166,729곳: 자동차 부분품(729),3333-305 산업단지환경조성 409920백만원 / 3363-306 지역투자촉진 251347백만원 / 3363-307 지역투자촉진(세종) 5026백만원 / 3362-301 지방주도형투자·일자리지원(자율) 3602백만원 / 3362-332 지방주도형투자·일자리지원 1565백만원
2812,"알루미늄 제련, 정련 및 합금제품",자동차부품,(주)우진엔지니어링,경기,45,1,,없음,0.8,0.6,0.5,0.05069,12.166,729곳: 자동차 부분품(729),3333-305 산업단지환경조성 409920백만원 / 3363-306 지역투자촉진 251347백만원 / 3363-307 지역투자촉진(세종) 5026백만원 / 3362-301 지방주도형투자·일자리지원(자율) 3602백만원 / 3362-332 지방주도형투자·일자리지원 1565백만원
2812,"알루미늄 제련, 정련 및 합금제품",자동차부품,(주)제이에스맥스,경기,35,1,,없음,0.8,0.6,0.5,0.05069,12.166,729곳: 자동차 부분품(729),3333-305 산업단지환경조성 409920백만원 / 3363-306 지역투자촉진 251347백만원 / 3363-307 지역투자촉진(세종) 5026백만원 / 3362-301 지방주도형투자·일자리지원(자율) 3602백만원 / 3362-332 지방주도형투자·일자리지원 1565백만원
2812,"알루미늄 제련, 정련 및 합금제품",자동차부품,(주)태우,경기,43,1,,없음,0.8,0.6,0.5,0.05069,12.166,729곳: 자동차 부분품(729),3333-305 산업단지환경조성 409920백만원 / 3363-306 지역투자촉진 251347백만원 / 3363-307 지역투자촉진(세종) 5026백만원 / 3362-301 지방주도형투자·일자리지원(자율) 3602백만원 / 3362-332 지방주도형투자·일자리지원 1565백만원
2812,"알루미늄 제련, 정련 및 합금제품",자동차부품,성훈경금속(주),경기,30,1,,없음,0.8,0.6,0.5,0.05069,12.166,729곳: 자동차 부분품(729),3333-305 산업단지환경조성 409920백만원 / 3363-306 지역투자촉진 251347백만원 / 3363-307 지역투자촉진(세종) 5026백만원 / 3362-301 지방주도형투자·일자리지원(자율) 3602백만원 / 3362-332 지방주도형투자·일자리지원 1565백만원
2812,"알루미늄 제련, 정련 및 합금제품",자동차부품,원일금속(주),인천,34,1,,없음,0.8,0.6,0.5,0.05069,12.166,729곳: 자동차 부분품(729),3333-305 산업단지환경조성 409920백만원 / 3363-306 지역투자촉진 251347백만원 / 3363-307 지역투자촉진(세종) 5026백만원 / 3362-301 지방주도형투자·일자리지원(자율) 3602백만원 / 3362-332 지방주도형투자·일자리지원 1565백만원
3723,전기회로 개폐 및 접속장치,전기장비,(주)오에스씨지,경남,91,2,,공장 2개,1.0,0.9,1.0,0.01318,11.862,552곳: 배전반 및 전기자동 제어반(261) · 조명장치(143) · 기타 전기장비(67),3333-305 산업단지환경조성 409920백만원 / 3363-306 지역투자촉진 251347백만원 / 3363-307 지역투자촉진(세종) 5026백만원 / 3362-301 지방주도형투자·일자리지원(자율) 3602백만원 / 3362-332 지방주도형투자·일자리지원 1565백만원
3723,전기회로 개폐 및 접속장치,전기장비,(주)창원,경남,51,2,,공장 2개,1.0,0.9,1.0,0.01318,11.862,552곳: 배전반 및 전기자동 제어반(261) · 조명장치(143) · 기타 전기장비(67),3333-305 산업단지환경조성 409920백만원 / 3363-306 지역투자촉진 251347백만원 / 3363-307 지역투자촉진(세종) 5026백만원 / 3362-301 지방주도형투자·일자리지원(자율) 3602백만원 / 3362-332 지방주도형투자·일자리지원 1565백만원
3723,전기회로 개폐 및 접속장치,전기장비,동양산전(주),울산,113,2,,공장 2개,1.0,0.9,1.0,0.01318,11.862,552곳: 배전반 및 전기자동 제어반(261) · 조명장치(143) · 기타 전기장비(67),3333-305 산업단지환경조성 409920백만원 / 3363-306 지역투자촉진 251347백만원 / 3363-307 지역투자촉진(세종) 5026백만원 / 3362-301 지방주도형투자·일자리지원(자율) 3602백만원 / 3362-332 지방주도형투자·일자리지원 1565백만원
3032,금속처리 가공품,전기장비,(주)거광산업,경북,38,1,,없음,0.8,1.0,0.5,0.0293,11.72,577곳: 배전반 및 전기자동 제어반(261) · 조명장치(143) · 기타 전기장비(67),3333-305 산업단지환경조성 409920백만원 / 3363-306 지역투자촉진 251347백만원 / 3363-307 지역투자촉진(세종) 5026백만원 / 3362-301 지방주도형투자·일자리지원(자율) 3602백만원 / 3362-332 지방주도형투자·일자리지원 1565백만원
3032,금속처리 가공품,전기장비,(주)대인,전북,39,2,,공장 2개,0.8,0.5,1.0,0.0293,11.72,577곳: 배전반 및 전기자동 제어반(261) · 조명장치(143) · 기타 전기장비(67),3333-305 산업단지환경조성 409920백만원 / 3363-306 지역투자촉진 251347백만원 / 3363-307 지역투자촉진(세종) 5026백만원 / 3362-301 지방주도형투자·일자리지원(자율) 3602백만원 / 3362-332 지방주도형투자·일자리지원 1565백만원
3032,금속처리 가공품,전기장비,(주)삼진라인,전북,47,2,,공장 2개,0.8,0.5,1.0,0.0293,11.72,577곳: 배전반 및 전기자동 제어반(261) · 조명장치(143) · 기타 전기장비(67),3333-305 산업단지환경조성 409920백만원 / 3363-306 지역투자촉진 251347백만원 / 3363-307 지역투자촉진(세종) 5026백만원 / 3362-301 지방주도형투자·일자리지원(자율) 3602백만원 / 3362-332 지방주도형투자·일자리지원 1565백만원
3032,금속처리 가공품,전기장비,홍덕산업(주)건천SSW공장,경북,42,1,,없음,0.8,1.0,0.5,0.0293,11.72,577곳: 배전반 및 전기자동 제어반(261) · 조명장치(143) · 기타 전기장비(67),3333-305 산업단지환경조성 409920백만원 / 3363-306 지역투자촉진 251347백만원 / 3363-307 지역투자촉진(세종) 5026백만원 / 3362-301 지방주도형투자·일자리지원(자율) 3602백만원 / 3362-332 지방주도형투자·일자리지원 1565백만원
3032,금속처리 가공품,전기장비,흥창스틸(주),경북,30,1,,없음,0.8,1.0,0.5,0.0293,11.72,577곳: 배전반 및 전기자동 제어반(261) · 조명장치(143) · 기타 전기장비(67),3333-305 산업단지환경조성 409920백만원 / 3363-306 지역투자촉진 251347백만원 / 3363-307 지역투자촉진(세종) 5026백만원 / 3362-301 지방주도형투자·일자리지원(자율) 3602백만원 / 3362-332 지방주도형투자·일자리지원 1565백만원
2730,냉간압연강재,자동차부품,(주)경인특수금속,경기,33,1,,없음,0.8,0.6,0.5,0.04815,11.556,733곳: 자동차 부분품(729) · 특장차(4),3333-305 산업단지환경조성 409920백만원 / 3363-306 지역투자촉진 251347백만원 / 3363-307 지역투자촉진(세종) 5026백만원 / 3362-301 지방주도형투자·일자리지원(자율) 3602백만원 / 3362-332 지방주도형투자·일자리지원 1565백만원
2730,냉간압연강재,자동차부품,(주)봉일금속,경기,31,1,,없음,0.8,0.6,0.5,0.04815,11.556,733곳: 자동차 부분품(729) · 특장차(4),3333-305 산업단지환경조성 409920백만원 / 3363-306 지역투자촉진 251347백만원 / 3363-307 지역투자촉진(세종) 5026백만원 / 3362-301 지방주도형투자·일자리지원(자율) 3602백만원 / 3362-332 지방주도형투자·일자리지원 1565백만원
2730,냉간압연강재,자동차부품,(주)아이엔스틸인더스트리,경기,30,1,,없음,0.8,0.6,0.5,0.04815,11.556,733곳: 자동차 부분품(729) · 특장차(4),3333-305 산업단지환경조성 409920백만원 / 3363-306 지역투자촉진 251347백만원 / 3363-307 지역투자촉진(세종) 5026백만원 / 3362-301 지방주도형투자·일자리지원(자율) 3602백만원 / 3362-332 지방주도형투자·일자리지원 1565백만원
2730,냉간압연강재,자동차부품,(주)한일철강,경기,42,1,,없음,0.8,0.6,0.5,0.04815,11.556,733곳: 자동차 부분품(729) · 특장차(4),3333-305 산업단지환경조성 409920백만원 / 3363-306 지역투자촉진 251347백만원 / 3363-307 지역투자촉진(세종) 5026백만원 / 3362-301 지방주도형투자·일자리지원(자율) 3602백만원 / 3362-332 지방주도형투자·일자리지원 1565백만원
2730,냉간압연강재,자동차부품,동국산업(주) 시흥공장,경기,47,1,,없음,0.8,0.6,0.5,0.04815,11.556,733곳: 자동차 부분품(729) · 특장차(4),3333-305 산업단지환경조성 409920백만원 / 3363-306 지역투자촉진 251347백만원 / 3363-307 지역투자촉진(세종) 5026백만원 / 3362-301 지방주도형투자·일자리지원(자율) 3602백만원 / 3362-332 지방주도형투자·일자리지원 1565백만원
2730,냉간압연강재,자동차부품,벤다선광공업(주),경기,45,1,,없음,0.8,0.6,0.5,0.04815,11.556,733곳: 자동차 부분품(729) · 특장차(4),3333-305 산업단지환경조성 409920백만원 / 3363-306 지역투자촉진 251347백만원 / 3363-307 지역투자촉진(세종) 5026백만원 / 3362-301 지방주도형투자·일자리지원(자율) 3602백만원 / 3362-332 지방주도형투자·일자리지원 1565백만원
2791,표면처리강재,자동차부품,(주)대광ENG,충남,32,1,,없음,0.8,0.75,0.5,0.03758,11.274,738곳: 자동차 부분품(729) · 트레일러 및 컨테이너(5) · 특장차(4),3333-305 산업단지환경조성 409920백만원 / 3363-306 지역투자촉진 251347백만원 / 3363-307 지역투자촉진(세종) 5026백만원 / 3362-301 지방주도형투자·일자리지원(자율) 3602백만원 / 3362-332 지방주도형투자·일자리지원 1565백만원
2791,표면처리강재,자동차부품,(주)오에스피,충남,30,1,,없음,0.8,0.75,0.5,0.03758,11.274,738곳: 자동차 부분품(729) · 트레일러 및 컨테이너(5) · 특장차(4),3333-305 산업단지환경조성 409920백만원 / 3363-306 지역투자촉진 251347백만원 / 3363-307 지역투자촉진(세종) 5026백만원 / 3362-301 지방주도형투자·일자리지원(자율) 3602백만원 / 3362-332 지방주도형투자·일자리지원 1565백만원
2791,표면처리강재,자동차부품,영진철강(주),충남,43,1,,없음,0.8,0.75,0.5,0.03758,11.274,738곳: 자동차 부분품(729) · 트레일러 및 컨테이너(5) · 특장차(4),3333-305 산업단지환경조성 409920백만원 / 3363-306 지역투자촉진 251347백만원 / 3363-307 지역투자촉진(세종) 5026백만원 / 3362-301 지방주도형투자·일자리지원(자율) 3602백만원 / 3362-332 지방주도형투자·일자리지원 1565백만원
2791,표면처리강재,자동차부품,위너테크,충남,30,1,,없음,0.8,0.75,0.5,0.03758,11.274,738곳: 자동차 부분품(729) · 트레일러 및 컨테이너(5) · 특장차(4),3333-305 산업단지환경조성 409920백만원 / 3363-306 지역투자촉진 251347백만원 / 3363-307 지역투자촉진(세종) 5026백만원 / 3362-301 지방주도형투자·일자리지원(자율) 3602백만원 / 3362-332 지방주도형투자·일자리지원 1565백만원
2791,표면처리강재,자동차부품,한보일렉트(주),경기,68,1,,없음,1.0,0.6,0.5,0.03758,11.274,738곳: 자동차 부분품(729) · 트레일러 및 컨테이너(5) · 특장차(4),3333-305 산업단지환경조성 409920백만원 / 3363-306 지역투자촉진 251347백만원 / 3363-307 지역투자촉진(세종) 5026백만원 / 3362-301 지방주도형투자·일자리지원(자율) 3602백만원 / 3362-332 지방주도형투자·일자리지원 1565백만원
3723,전기회로 개폐 및 접속장치,전기장비,동아전기공업(주),부산,121,2,,공장 2개,1.0,0.85,1.0,0.01318,11.203,552곳: 배전반 및 전기자동 제어반(261) · 조명장치(143) · 기타 전기장비(67),3333-305 산업단지환경조성 409920백만원 / 3363-306 지역투자촉진 251347백만원 / 3363-307 지역투자촉진(세종) 5026백만원 / 3362-301 지방주도형투자·일자리지원(자율) 3602백만원 / 3362-332 지방주도형투자·일자리지원 1565백만원
3723,전기회로 개폐 및 접속장치,전기장비,액트온(주),부산,147,2,,공장 2개,1.0,0.85,1.0,0.01318,11.203,552곳: 배전반 및 전기자동 제어반(261) · 조명장치(143) · 기타 전기장비(67),3333-305 산업단지환경조성 409920백만원 / 3363-306 지역투자촉진 251347백만원 / 3363-307 지역투자촉진(세종) 5026백만원 / 3362-301 지방주도형투자·일자리지원(자율) 3602백만원 / 3362-332 지방주도형투자·일자리지원 1565백만원
3032,금속처리 가공품,전기장비,박희선,충북,71,1,,없음,1.0,0.75,0.5,0.0293,10.988,577곳: 배전반 및 전기자동 제어반(261) · 조명장치(143) · 기타 전기장비(67),3333-305 산업단지환경조성 409920백만원 / 3363-306 지역투자촉진 251347백만원 / 3363-307 지역투자촉진(세종) 5026백만원 / 3362-301 지방주도형투자·일자리지원(자율) 3602백만원 / 3362-332 지방주도형투자·일자리지원 1565백만원
2211,도료,자동차부품,애경스페셜티(주),경북,118,2,,공장 2개,1.0,1.0,1.0,0.01095,10.95,0곳,3333-305 산업단지환경조성 409920백만원 / 3363-306 지역투자촉진 251347백만원 / 3363-307 지역투자촉진(세종) 5026백만원 / 3362-301 지방주도형투자·일자리지원(자율) 3602백만원 / 3362-332 지방주도형투자·일자리지원 1565백만원
2725,열연강판,자동차부품,대협철강(주),충남,30,1,,없음,0.8,0.75,0.5,0.0364,10.92,738곳: 자동차 부분품(729) · 트레일러 및 컨테이너(5) · 특장차(4),3333-305 산업단지환경조성 409920백만원 / 3363-306 지역투자촉진 251347백만원 / 3363-307 지역투자촉진(세종) 5026백만원 / 3362-301 지방주도형투자·일자리지원(자율) 3602백만원 / 3362-332 지방주도형투자·일자리지원 1565백만원
2725,열연강판,자동차부품,동국제강(주) 당진공장,충남,252,1,,없음,0.8,0.75,0.5,0.0364,10.92,738곳: 자동차 부분품(729) · 트레일러 및 컨테이너(5) · 특장차(4),3333-305 산업단지환경조성 409920백만원 / 3363-306 지역투자촉진 251347백만원 / 3363-307 지역투자촉진(세종) 5026백만원 / 3362-301 지방주도형투자·일자리지원(자율) 3602백만원 / 3362-332 지방주도형투자·일자리지원 1565백만원
2725,열연강판,자동차부품,삼호제강(주),인천,100,1,,없음,1.0,0.6,0.5,0.0364,10.92,738곳: 자동차 부분품(729) · 트레일러 및 컨테이너(5) · 특장차(4),3333-305 산업단지환경조성 409920백만원 / 3363-306 지역투자촉진 251347백만원 / 3363-307 지역투자촉진(세종) 5026백만원 / 3362-301 지방주도형투자·일자리지원(자율) 3602백만원 / 3362-332 지방주도형투자·일자리지원 1565백만원
3032,금속처리 가공품,전기장비,제이엔디산업,경남,32,1,,없음,0.8,0.9,0.5,0.0293,10.548,577곳: 배전반 및 전기자동 제어반(261) · 조명장치(143) · 기타 전기장비(67),3333-305 산업단지환경조성 409920백만원 / 3363-306 지역투자촉진 251347백만원 / 3363-307 지역투자촉진(세종) 5026백만원 / 3362-301 지방주도형투자·일자리지원(자율) 3602백만원 / 3362-332 지방주도형투자·일자리지원 1565백만원
3032,금속처리 가공품,전기장비,홍덕섬유(주),울산,45,1,,없음,0.8,0.9,0.5,0.0293,10.548,577곳: 배전반 및 전기자동 제어반(261) · 조명장치(143) · 기타 전기장비(67),3333-305 산업단지환경조성 409920백만원 / 3363-306 지역투자촉진 251347백만원 / 3363-307 지역투자촉진(세종) 5026백만원 / 3362-301 지방주도형투자·일자리지원(자율) 3602백만원 / 3362-332 지방주도형투자·일자리지원 1565백만원
3723,전기회로 개폐 및 접속장치,전기장비,(주)남강솔라,경북,36,3,,공장 3개,0.8,1.0,1.0,0.01318,10.544,552곳: 배전반 및 전기자동 제어반(261) · 조명장치(143) · 기타 전기장비(67),3333-305 산업단지환경조성 409920백만원 / 3363-306 지역투자촉진 251347백만원 / 3363-307 지역투자촉진(세종) 5026백만원 / 3362-301 지방주도형투자·일자리지원(자율) 3602백만원 / 3362-332 지방주도형투자·일자리지원 1565백만원
3723,전기회로 개폐 및 접속장치,전기장비,(주)신화케이블,경북,31,2,,공장 2개,0.8,1.0,1.0,0.01318,10.544,552곳: 배전반 및 전기자동 제어반(261) · 조명장치(143) · 기타 전기장비(67),3333-305 산업단지환경조성 409920백만원 / 3363-306 지역투자촉진 251347백만원 / 3363-307 지역투자촉진(세종) 5026백만원 / 3362-301 지방주도형투자·일자리지원(자율) 3602백만원 / 3362-332 지방주도형투자·일자리지원 1565백만원
1713,석유화학중간제품,섬유,SK종합화학(주) New PX 공장,울산,57,1,,없음,1.0,0.9,0.5,0.02297,10.337,0곳,3333-305 산업단지환경조성 409920백만원 / 3363-306 지역투자촉진 251347백만원 / 3363-307 지역투자촉진(세종) 5026백만원 / 3362-301 지방주도형투자·일자리지원(자율) 3602백만원 / 3362-332 지방주도형투자·일자리지원 1565백만원
1713,석유화학중간제품,섬유,SK지오센트릭(주) NAC 공장,울산,121,1,,없음,1.0,0.9,0.5,0.02297,10.337,0곳,3333-305 산업단지환경조성 409920백만원 / 3363-306 지역투자촉진 251347백만원 / 3363-307 지역투자촉진(세종) 5026백만원 / 3362-301 지방주도형투자·일자리지원(자율) 3602백만원 / 3362-332 지방주도형투자·일자리지원 1565백만원
1713,석유화학중간제품,섬유,SK지오센트릭(주) 기존 공장,울산,183,1,,없음,1.0,0.9,0.5,0.02297,10.337,0곳,3333-305 산업단지환경조성 409920백만원 / 3363-306 지역투자촉진 251347백만원 / 3363-307 지역투자촉진(세종) 5026백만원 / 3362-301 지방주도형투자·일자리지원(자율) 3602백만원 / 3362-332 지방주도형투자·일자리지원 1565백만원
1713,석유화학중간제품,섬유,에스케이어드밴스드(주),울산,80,1,,없음,1.0,0.9,0.5,0.02297,10.337,0곳,3333-305 산업단지환경조성 409920백만원 / 3363-306 지역투자촉진 251347백만원 / 3363-307 지역투자촉진(세종) 5026백만원 / 3362-301 지방주도형투자·일자리지원(자율) 3602백만원 / 3362-332 지방주도형투자·일자리지원 1565백만원
1713,석유화학중간제품,섬유,울산아로마틱스(주),울산,57,1,,없음,1.0,0.9,0.5,0.02297,10.337,0곳,3333-305 산업단지환경조성 409920백만원 / 3363-306 지역투자촉진 251347백만원 / 3363-307 지역투자촉진(세종) 5026백만원 / 3362-301 지방주도형투자·일자리지원(자율) 3602백만원 / 3362-332 지방주도형투자·일자리지원 1565백만원
3032,금속처리 가공품,자동차부품,(주)일동금망,경기,33,1,,없음,0.8,0.6,0.5,0.0427,10.248,745곳: 자동차 부분품(729) · 자동차용 엔진(11) · 트레일러 및 컨테이너(5),3333-305 산업단지환경조성 409920백만원 / 3363-306 지역투자촉진 251347백만원 / 3363-307 지역투자촉진(세종) 5026백만원 / 3362-301 지방주도형투자·일자리지원(자율) 3602백만원 / 3362-332 지방주도형투자·일자리지원 1565백만원
3032,금속처리 가공품,자동차부품,(주)제이제이선재,경기,34,1,,없음,0.8,0.6,0.5,0.0427,10.248,745곳: 자동차 부분품(729) · 자동차용 엔진(11) · 트레일러 및 컨테이너(5),3333-305 산업단지환경조성 409920백만원 / 3363-306 지역투자촉진 251347백만원 / 3363-307 지역투자촉진(세종) 5026백만원 / 3362-301 지방주도형투자·일자리지원(자율) 3602백만원 / 3362-332 지방주도형투자·일자리지원 1565백만원
3032,금속처리 가공품,자동차부품,㈜대진아트와이어,경기,34,1,,없음,0.8,0.6,0.5,0.0427,10.248,745곳: 자동차 부분품(729) · 자동차용 엔진(11) · 트레일러 및 컨테이너(5),3333-305 산업단지환경조성 409920백만원 / 3363-306 지역투자촉진 251347백만원 / 3363-307 지역투자촉진(세종) 5026백만원 / 3362-301 지방주도형투자·일자리지원(자율) 3602백만원 / 3362-332 지방주도형투자·일자리지원 1565백만원
3032,금속처리 가공품,자동차부품,서울선제공업(주),경기,30,1,,없음,0.8,0.6,0.5,0.0427,10.248,745곳: 자동차 부분품(729) · 자동차용 엔진(11) · 트레일러 및 컨테이너(5),3333-305 산업단지환경조성 409920백만원 / 3363-306 지역투자촉진 251347백만원 / 3363-307 지역투자촉진(세종) 5026백만원 / 3362-301 지방주도형투자·일자리지원(자율) 3602백만원 / 3362-332 지방주도형투자·일자리지원 1565백만원
3032,금속처리 가공품,자동차부품,영성산업(주),경기,48,1,,없음,0.8,0.6,0.5,0.0427,10.248,745곳: 자동차 부분품(729) · 자동차용 엔진(11) · 트레일러 및 컨테이너(5),3333-305 산업단지환경조성 409920백만원 / 3363-306 지역투자촉진 251347백만원 / 3363-307 지역투자촉진(세종) 5026백만원 / 3362-301 지방주도형투자·일자리지원(자율) 3602백만원 / 3362-332 지방주도형투자·일자리지원 1565백만원
3032,금속처리 가공품,자동차부품,주식회사한미이엔씨,경기,38,1,,없음,0.8,0.6,0.5,0.0427,10.248,745곳: 자동차 부분품(729) · 자동차용 엔진(11) · 트레일러 및 컨테이너(5),3333-305 산업단지환경조성 409920백만원 / 3363-306 지역투자촉진 251347백만원 / 3363-307 지역투자촉진(세종) 5026백만원 / 3362-301 지방주도형투자·일자리지원(자율) 3602백만원 / 3362-332 지방주도형투자·일자리지원 1565백만원
3032,금속처리 가공품,자동차부품,화이버텍(주),경기,45,1,,없음,0.8,0.6,0.5,0.0427,10.248,745곳: 자동차 부분품(729) · 자동차용 엔진(11) · 트레일러 및 컨테이너(5),3333-305 산업단지환경조성 409920백만원 / 3363-306 지역투자촉진 251347백만원 / 3363-307 지역투자촉진(세종) 5026백만원 / 3362-301 지방주도형투자·일자리지원(자율) 3602백만원 / 3362-332 지방주도형투자·일자리지원 1565백만원
2812,"알루미늄 제련, 정련 및 합금제품",자동차부품,(주)벤처메탈스아시아,전북,35,1,,없음,0.8,0.5,0.5,0.05069,10.138,729곳: 자동차 부분품(729),3333-305 산업단지환경조성 409920백만원 / 3363-306 지역투자촉진 251347백만원 / 3363-307 지역투자촉진(세종) 5026백만원 / 3362-301 지방주도형투자·일자리지원(자율) 3602백만원 / 3362-332 지방주도형투자·일자리지원 1565백만원
2812,"알루미늄 제련, 정련 및 합금제품",자동차부품,(주)산우,전북,38,1,,없음,0.8,0.5,0.5,0.05069,10.138,729곳: 자동차 부분품(729),3333-305 산업단지환경조성 409920백만원 / 3363-306 지역투자촉진 251347백만원 / 3363-307 지역투자촉진(세종) 5026백만원 / 3362-301 지방주도형투자·일자리지원(자율) 3602백만원 / 3362-332 지방주도형투자·일자리지원 1565백만원
2812,"알루미늄 제련, 정련 및 합금제품",자동차부품,(주)청우테크,전북,30,1,,없음,0.8,0.5,0.5,0.05069,10.138,729곳: 자동차 부분품(729),3333-305 산업단지환경조성 409920백만원 / 3363-306 지역투자촉진 251347백만원 / 3363-307 지역투자촉진(세종) 5026백만원 / 3362-301 지방주도형투자·일자리지원(자율) 3602백만원 / 3362-332 지방주도형투자·일자리지원 1565백만원
2812,"알루미늄 제련, 정련 및 합금제품",자동차부품,스틸싸이클에스씨(주),전남광주,43,1,,없음,0.8,0.5,0.5,0.05069,10.138,729곳: 자동차 부분품(729),3333-305 산업단지환경조성 409920백만원 / 3363-306 지역투자촉진 251347백만원 / 3363-307 지역투자촉진(세종) 5026백만원 / 3362-301 지방주도형투자·일자리지원(자율) 3602백만원 / 3362-332 지방주도형투자·일자리지원 1565백만원
2812,"알루미늄 제련, 정련 및 합금제품",자동차부품,주식회사 정수뉴테크,,40,1,,없음,0.8,0.5,0.5,0.05069,10.138,729곳: 자동차 부분품(729),3333-305 산업단지환경조성 409920백만원 / 3363-306 지역투자촉진 251347백만원 / 3363-307 지역투자촉진(세종) 5026백만원 / 3362-301 지방주도형투자·일자리지원(자율) 3602백만원 / 3362-332 지방주도형투자·일자리지원 1565백만원
2812,"알루미늄 제련, 정련 및 합금제품",자동차부품,주식회사 티지와이,,35,1,,없음,0.8,0.5,0.5,0.05069,10.138,729곳: 자동차 부분품(729),3333-305 산업단지환경조성 409920백만원 / 3363-306 지역투자촉진 251347백만원 / 3363-307 지역투자촉진(세종) 5026백만원 / 3362-301 지방주도형투자·일자리지원(자율) 3602백만원 / 3362-332 지방주도형투자·일자리지원 1565백만원
2812,"알루미늄 제련, 정련 및 합금제품",자동차부품,주식회사에이엠티,전북,30,1,,없음,0.8,0.5,0.5,0.05069,10.138,729곳: 자동차 부분품(729),3333-305 산업단지환경조성 409920백만원 / 3363-306 지역투자촉진 251347백만원 / 3363-307 지역투자촉진(세종) 5026백만원 / 3362-301 지방주도형투자·일자리지원(자율) 3602백만원 / 3362-332 지방주도형투자·일자리지원 1565백만원
3032,금속처리 가공품,전기장비,고려제강(주) 하이프로공장,부산,238,1,,없음,0.8,0.85,0.5,0.0293,9.962,577곳: 배전반 및 전기자동 제어반(261) · 조명장치(143) · 기타 전기장비(67),3333-305 산업단지환경조성 409920백만원 / 3363-306 지역투자촉진 251347백만원 / 3363-307 지역투자촉진(세종) 5026백만원 / 3362-301 지방주도형투자·일자리지원(자율) 3602백만원 / 3362-332 지방주도형투자·일자리지원 1565백만원
3723,전기회로 개폐 및 접속장치,전기장비,(주)마이크로컨텍솔루션,충남,60,2,,공장 2개,1.0,0.75,1.0,0.01318,9.885,552곳: 배전반 및 전기자동 제어반(261) · 조명장치(143) · 기타 전기장비(67),3333-305 산업단지환경조성 409920백만원 / 3363-306 지역투자촉진 251347백만원 / 3363-307 지역투자촉진(세종) 5026백만원 / 3362-301 지방주도형투자·일자리지원(자율) 3602백만원 / 3362-332 지방주도형투자·일자리지원 1565백만원
3723,전기회로 개폐 및 접속장치,전기장비,(주)엔에스일렉트릭,충북,200,5,,공장 5개,1.0,0.75,1.0,0.01318,9.885,552곳: 배전반 및 전기자동 제어반(261) · 조명장치(143) · 기타 전기장비(67),3333-305 산업단지환경조성 409920백만원 / 3363-306 지역투자촉진 251347백만원 / 3363-307 지역투자촉진(세종) 5026백만원 / 3362-301 지방주도형투자·일자리지원(자율) 3602백만원 / 3362-332 지방주도형투자·일자리지원 1565백만원
3723,전기회로 개폐 및 접속장치,전기장비,디에스이디아이(주),충북,68,2,,공장 2개,1.0,0.75,1.0,0.01318,9.885,552곳: 배전반 및 전기자동 제어반(261) · 조명장치(143) · 기타 전기장비(67),3333-305 산업단지환경조성 409920백만원 / 3363-306 지역투자촉진 251347백만원 / 3363-307 지역투자촉진(세종) 5026백만원 / 3362-301 지방주도형투자·일자리지원(자율) 3602백만원 / 3362-332 지방주도형투자·일자리지원 1565백만원
3723,전기회로 개폐 및 접속장치,전기장비,삼화기전(주),충남,98,2,,공장 2개,1.0,0.75,1.0,0.01318,9.885,552곳: 배전반 및 전기자동 제어반(261) · 조명장치(143) · 기타 전기장비(67),3333-305 산업단지환경조성 409920백만원 / 3363-306 지역투자촉진 251347백만원 / 3363-307 지역투자촉진(세종) 5026백만원 / 3362-301 지방주도형투자·일자리지원(자율) 3602백만원 / 3362-332 지방주도형투자·일자리지원 1565백만원
3723,전기회로 개폐 및 접속장치,전기장비,에스제이에너텍(주),충북,161,2,,공장 2개,1.0,0.75,1.0,0.01318,9.885,552곳: 배전반 및 전기자동 제어반(261) · 조명장치(143) · 기타 전기장비(67),3333-305 산업단지환경조성 409920백만원 / 3363-306 지역투자촉진 251347백만원 / 3363-307 지역투자촉진(세종) 5026백만원 / 3362-301 지방주도형투자·일자리지원(자율) 3602백만원 / 3362-332 지방주도형투자·일자리지원 1565백만원
2211,도료,자동차부품,케이엔케이코팅스(주),경남,122,3,,공장 3개,1.0,0.9,1.0,0.01095,9.855,0곳,3333-305 산업단지환경조성 409920백만원 / 3363-306 지역투자촉진 251347백만원 / 3363-307 지역투자촉진(세종) 5026백만원 / 3362-301 지방주도형투자·일자리지원(자율) 3602백만원 / 3362-332 지방주도형투자·일자리지원 1565백만원
3102,집적회로,자동차부품,(주)글로컬,충남,37,1,,없음,0.8,0.75,0.5,0.03271,9.813,729곳: 자동차 부분품(729),3333-305 산업단지환경조성 409920백만원 / 3363-306 지역투자촉진 251347백만원 / 3363-307 지역투자촉진(세종) 5026백만원 / 3362-301 지방주도형투자·일자리지원(자율) 3602백만원 / 3362-332 지방주도형투자·일자리지원 1565백만원
3102,집적회로,자동차부품,(주)마이크로이미지,세종,45,1,,없음,0.8,0.75,0.5,0.03271,9.813,729곳: 자동차 부분품(729),3333-305 산업단지환경조성 409920백만원 / 3363-306 지역투자촉진 251347백만원 / 3363-307 지역투자촉진(세종) 5026백만원 / 3362-301 지방주도형투자·일자리지원(자율) 3602백만원 / 3362-332 지방주도형투자·일자리지원 1565백만원
3102,집적회로,자동차부품,(주)비씨,인천,60,1,,없음,1.0,0.6,0.5,0.03271,9.813,729곳: 자동차 부분품(729),3333-305 산업단지환경조성 409920백만원 / 3363-306 지역투자촉진 251347백만원 / 3363-307 지역투자촉진(세종) 5026백만원 / 3362-301 지방주도형투자·일자리지원(자율) 3602백만원 / 3362-332 지방주도형투자·일자리지원 1565백만원
3102,집적회로,자동차부품,(주)비토넷제2공장,충남,32,1,,없음,0.8,0.75,0.5,0.03271,9.813,729곳: 자동차 부분품(729),3333-305 산업단지환경조성 409920백만원 / 3363-306 지역투자촉진 251347백만원 / 3363-307 지역투자촉진(세종) 5026백만원 / 3362-301 지방주도형투자·일자리지원(자율) 3602백만원 / 3362-332 지방주도형투자·일자리지원 1565백만원
3102,집적회로,자동차부품,(주)씨엠파트너,경기,192,1,,없음,1.0,0.6,0.5,0.03271,9.813,729곳: 자동차 부분품(729),3333-305 산업단지환경조성 409920백만원 / 3363-306 지역투자촉진 251347백만원 / 3363-307 지역투자촉진(세종) 5026백만원 / 3362-301 지방주도형투자·일자리지원(자율) 3602백만원 / 3362-332 지방주도형투자·일자리지원 1565백만원
3102,집적회로,자동차부품,(주)에스피에스,대전,37,1,,없음,0.8,0.75,0.5,0.03271,9.813,729곳: 자동차 부분품(729),3333-305 산업단지환경조성 409920백만원 / 3363-306 지역투자촉진 251347백만원 / 3363-307 지역투자촉진(세종) 5026백만원 / 3362-301 지방주도형투자·일자리지원(자율) 3602백만원 / 3362-332 지방주도형투자·일자리지원 1565백만원
3102,집적회로,자동차부품,(주)엠엑스로보틱스 평택공장,경기,54,1,,없음,1.0,0.6,0.5,0.03271,9.813,729곳: 자동차 부분품(729),3333-305 산업단지환경조성 409920백만원 / 3363-306 지역투자촉진 251347백만원 / 3363-307 지역투자촉진(세종) 5026백만원 / 3362-301 지방주도형투자·일자리지원(자율) 3602백만원 / 3362-332 지방주도형투자·일자리지원 1565백만원
3102,집적회로,자동차부품,(주)케이테스트,경기,83,1,,없음,1.0,0.6,0.5,0.03271,9.813,729곳: 자동차 부분품(729),3333-305 산업단지환경조성 409920백만원 / 3363-306 지역투자촉진 251347백만원 / 3363-307 지역투자촉진(세종) 5026백만원 / 3362-301 지방주도형투자·일자리지원(자율) 3602백만원 / 3362-332 지방주도형투자·일자리지원 1565백만원
3102,집적회로,자동차부품,(주)켐트로닉스,경기,140,1,,없음,1.0,0.6,0.5,0.03271,9.813,729곳: 자동차 부분품(729),3333-305 산업단지환경조성 409920백만원 / 3363-306 지역투자촉진 251347백만원 / 3363-307 지역투자촉진(세종) 5026백만원 / 3362-301 지방주도형투자·일자리지원(자율) 3602백만원 / 3362-332 지방주도형투자·일자리지원 1565백만원
3102,집적회로,자동차부품,뉴웰반도체,경기,60,1,,없음,1.0,0.6,0.5,0.03271,9.813,729곳: 자동차 부분품(729),3333-305 산업단지환경조성 409920백만원 / 3363-306 지역투자촉진 251347백만원 / 3363-307 지역투자촉진(세종) 5026백만원 / 3362-301 지방주도형투자·일자리지원(자율) 3602백만원 / 3362-332 지방주도형투자·일자리지원 1565백만원
3102,집적회로,자동차부품,비케이이엔티(주),충남,46,1,,없음,0.8,0.75,0.5,0.03271,9.813,729곳: 자동차 부분품(729),3333-305 산업단지환경조성 409920백만원 / 3363-306 지역투자촉진 251347백만원 / 3363-307 지역투자촉진(세종) 5026백만원 / 3362-301 지방주도형투자·일자리지원(자율) 3602백만원 / 3362-332 지방주도형투자·일자리지원 1565백만원
3102,집적회로,자동차부품,엔스텔정보통신(주),경기,50,1,,없음,1.0,0.6,0.5,0.03271,9.813,729곳: 자동차 부분품(729),3333-305 산업단지환경조성 409920백만원 / 3363-306 지역투자촉진 251347백만원 / 3363-307 지역투자촉진(세종) 5026백만원 / 3362-301 지방주도형투자·일자리지원(자율) 3602백만원 / 3362-332 지방주도형투자·일자리지원 1565백만원
3102,집적회로,자동차부품,주식회사 유텔,경기,55,1,,없음,1.0,0.6,0.5,0.03271,9.813,729곳: 자동차 부분품(729),3333-305 산업단지환경조성 409920백만원 / 3363-306 지역투자촉진 251347백만원 / 3363-307 지역투자촉진(세종) 5026백만원 / 3362-301 지방주도형투자·일자리지원(자율) 3602백만원 / 3362-332 지방주도형투자·일자리지원 1565백만원
3102,집적회로,자동차부품,케이비부동산신탁 주식회사,충남,300,1,,없음,0.8,0.75,0.5,0.03271,9.813,729곳: 자동차 부분품(729),3333-305 산업단지환경조성 409920백만원 / 3363-306 지역투자촉진 251347백만원 / 3363-307 지역투자촉진(세종) 5026백만원 / 3362-301 지방주도형투자·일자리지원(자율) 3602백만원 / 3362-332 지방주도형투자·일자리지원 1565백만원
3102,집적회로,자동차부품,한양디지텍(주),경기,69,1,,없음,1.0,0.6,0.5,0.03271,9.813,729곳: 자동차 부분품(729),3333-305 산업단지환경조성 409920백만원 / 3363-306 지역투자촉진 251347백만원 / 3363-307 지역투자촉진(세종) 5026백만원 / 3362-301 지방주도형투자·일자리지원(자율) 3602백만원 / 3362-332 지방주도형투자·일자리지원 1565백만원
3209,기타 전자표시장치,자동차부품,(주)보백씨엔에스(C&S),경북,88,1,,없음,1.0,1.0,0.5,0.01943,9.715,0곳,3333-305 산업단지환경조성 409920백만원 / 3363-306 지역투자촉진 251347백만원 / 3363-307 지역투자촉진(세종) 5026백만원 / 3362-301 지방주도형투자·일자리지원(자율) 3602백만원 / 3362-332 지방주도형투자·일자리지원 1565백만원
2730,냉간압연강재,자동차부품,(주)더블유피,전남광주,42,1,,없음,0.8,0.5,0.5,0.04815,9.63,733곳: 자동차 부분품(729) · 특장차(4),3333-305 산업단지환경조성 409920백만원 / 3363-306 지역투자촉진 251347백만원 / 3363-307 지역투자촉진(세종) 5026백만원 / 3362-301 지방주도형투자·일자리지원(자율) 3602백만원 / 3362-332 지방주도형투자·일자리지원 1565백만원
3723,전기회로 개폐 및 접속장치,전기장비,(주)에이스팩,경남,31,2,,공장 2개,0.8,0.9,1.0,0.01318,9.49,552곳: 배전반 및 전기자동 제어반(261) · 조명장치(143) · 기타 전기장비(67),3333-305 산업단지환경조성 409920백만원 / 3363-306 지역투자촉진 251347백만원 / 3363-307 지역투자촉진(세종) 5026백만원 / 3362-301 지방주도형투자·일자리지원(자율) 3602백만원 / 3362-332 지방주도형투자·일자리지원 1565백만원
3723,전기회로 개폐 및 접속장치,전기장비,진영전기(주),경남,278,4,,공장 4개,0.8,0.9,1.0,0.01318,9.49,552곳: 배전반 및 전기자동 제어반(261) · 조명장치(143) · 기타 전기장비(67),3333-305 산업단지환경조성 409920백만원 / 3363-306 지역투자촉진 251347백만원 / 3363-307 지역투자촉진(세종) 5026백만원 / 3362-301 지방주도형투자·일자리지원(자율) 3602백만원 / 3362-332 지방주도형투자·일자리지원 1565백만원
2791,표면처리강재,자동차부품,(주)티큐이엔지,전남광주,50,1,,없음,1.0,0.5,0.5,0.03758,9.395,738곳: 자동차 부분품(729) · 트레일러 및 컨테이너(5) · 특장차(4),3333-305 산업단지환경조성 409920백만원 / 3363-306 지역투자촉진 251347백만원 / 3363-307 지역투자촉진(세종) 5026백만원 / 3362-301 지방주도형투자·일자리지원(자율) 3602백만원 / 3362-332 지방주도형투자·일자리지원 1565백만원
2725,열연강판,자동차부품,(주)대성에스앤엠 광양공장,전남광주,76,1,,없음,1.0,0.5,0.5,0.0364,9.1,738곳: 자동차 부분품(729) · 트레일러 및 컨테이너(5) · 특장차(4),3333-305 산업단지환경조성 409920백만원 / 3363-306 지역투자촉진 251347백만원 / 3363-307 지역투자촉진(세종) 5026백만원 / 3362-301 지방주도형투자·일자리지원(자율) 3602백만원 / 3362-332 지방주도형투자·일자리지원 1565백만원
2725,열연강판,자동차부품,에스엠스틸(주),전북,156,1,,없음,1.0,0.5,0.5,0.0364,9.1,738곳: 자동차 부분품(729) · 트레일러 및 컨테이너(5) · 특장차(4),3333-305 산업단지환경조성 409920백만원 / 3363-306 지역투자촉진 251347백만원 / 3363-307 지역투자촉진(세종) 5026백만원 / 3362-301 지방주도형투자·일자리지원(자율) 3602백만원 / 3362-332 지방주도형투자·일자리지원 1565백만원
2791,표면처리강재,자동차부품,(주)맥스,경기,40,1,,없음,0.8,0.6,0.5,0.03758,9.019,738곳: 자동차 부분품(729) · 트레일러 및 컨테이너(5) · 특장차(4),3333-305 산업단지환경조성 409920백만원 / 3363-306 지역투자촉진 251347백만원 / 3363-307 지역투자촉진(세종) 5026백만원 / 3362-301 지방주도형투자·일자리지원(자율) 3602백만원 / 3362-332 지방주도형투자·일자리지원 1565백만원
2791,표면처리강재,자동차부품,(주)삼신금속,경기,44,1,,없음,0.8,0.6,0.5,0.03758,9.019,738곳: 자동차 부분품(729) · 트레일러 및 컨테이너(5) · 특장차(4),3333-305 산업단지환경조성 409920백만원 / 3363-306 지역투자촉진 251347백만원 / 3363-307 지역투자촉진(세종) 5026백만원 / 3362-301 지방주도형투자·일자리지원(자율) 3602백만원 / 3362-332 지방주도형투자·일자리지원 1565백만원
2791,표면처리강재,자동차부품,(주)서울피막,인천,32,1,,없음,0.8,0.6,0.5,0.03758,9.019,738곳: 자동차 부분품(729) · 트레일러 및 컨테이너(5) · 특장차(4),3333-305 산업단지환경조성 409920백만원 / 3363-306 지역투자촉진 251347백만원 / 3363-307 지역투자촉진(세종) 5026백만원 / 3362-301 지방주도형투자·일자리지원(자율) 3602백만원 / 3362-332 지방주도형투자·일자리지원 1565백만원
2791,표면처리강재,자동차부품,(주)성호스텐,경기,34,1,,없음,0.8,0.6,0.5,0.03758,9.019,738곳: 자동차 부분품(729) · 트레일러 및 컨테이너(5) · 특장차(4),3333-305 산업단지환경조성 409920백만원 / 3363-306 지역투자촉진 251347백만원 / 3363-307 지역투자촉진(세종) 5026백만원 / 3362-301 지방주도형투자·일자리지원(자율) 3602백만원 / 3362-332 지방주도형투자·일자리지원 1565백만원
2791,표면처리강재,자동차부품,(주)영동,경기,30,1,,없음,0.8,0.6,0.5,0.03758,9.019,738곳: 자동차 부분품(729) · 트레일러 및 컨테이너(5) · 특장차(4),3333-305 산업단지환경조성 409920백만원 / 3363-306 지역투자촉진 251347백만원 / 3363-307 지역투자촉진(세종) 5026백만원 / 3362-301 지방주도형투자·일자리지원(자율) 3602백만원 / 3362-332 지방주도형투자·일자리지원 1565백만원
3723,전기회로 개폐 및 접속장치,전기장비,(주)세기비즈,부산,33,2,,공장 2개,0.8,0.85,1.0,0.01318,8.962,552곳: 배전반 및 전기자동 제어반(261) · 조명장치(143) · 기타 전기장비(67),3333-305 산업단지환경조성 409920백만원 / 3363-306 지역투자촉진 251347백만원 / 3363-307 지역투자촉진(세종) 5026백만원 / 3362-301 지방주도형투자·일자리지원(자율) 3602백만원 / 3362-332 지방주도형투자·일자리지원 1565백만원
3723,전기회로 개폐 및 접속장치,전기장비,(주)세운전기,부산,30,2,,공장 2개,0.8,0.85,1.0,0.01318,8.962,552곳: 배전반 및 전기자동 제어반(261) · 조명장치(143) · 기타 전기장비(67),3333-305 산업단지환경조성 409920백만원 / 3363-306 지역투자촉진 251347백만원 / 3363-307 지역투자촉진(세종) 5026백만원 / 3362-301 지방주도형투자·일자리지원(자율) 3602백만원 / 3362-332 지방주도형투자·일자리지원 1565백만원
3723,전기회로 개폐 및 접속장치,전기장비,성림중전기(주),부산,292,4,,공장 4개,0.8,0.85,1.0,0.01318,8.962,552곳: 배전반 및 전기자동 제어반(261) · 조명장치(143) · 기타 전기장비(67),3333-305 산업단지환경조성 409920백만원 / 3363-306 지역투자촉진 251347백만원 / 3363-307 지역투자촉진(세종) 5026백만원 / 3362-301 지방주도형투자·일자리지원(자율) 3602백만원 / 3362-332 지방주도형투자·일자리지원 1565백만원
3032,금속처리 가공품,전기장비,(주)인성,경기,58,1,,없음,1.0,0.6,0.5,0.0293,8.79,577곳: 배전반 및 전기자동 제어반(261) · 조명장치(143) · 기타 전기장비(67),3333-305 산업단지환경조성 409920백만원 / 3363-306 지역투자촉진 251347백만원 / 3363-307 지역투자촉진(세종) 5026백만원 / 3362-301 지방주도형투자·일자리지원(자율) 3602백만원 / 3362-332 지방주도형투자·일자리지원 1565백만원
3032,금속처리 가공품,전기장비,(주)현대금속농공,충남,30,1,,없음,0.8,0.75,0.5,0.0293,8.79,577곳: 배전반 및 전기자동 제어반(261) · 조명장치(143) · 기타 전기장비(67),3333-305 산업단지환경조성 409920백만원 / 3363-306 지역투자촉진 251347백만원 / 3363-307 지역투자촉진(세종) 5026백만원 / 3362-301 지방주도형투자·일자리지원(자율) 3602백만원 / 3362-332 지방주도형투자·일자리지원 1565백만원
3032,금속처리 가공품,전기장비,더엠제이(주),인천,85,1,,없음,1.0,0.6,0.5,0.0293,8.79,577곳: 배전반 및 전기자동 제어반(261) · 조명장치(143) · 기타 전기장비(67),3333-305 산업단지환경조성 409920백만원 / 3363-306 지역투자촉진 251347백만원 / 3363-307 지역투자촉진(세종) 5026백만원 / 3362-301 지방주도형투자·일자리지원(자율) 3602백만원 / 3362-332 지방주도형투자·일자리지원 1565백만원
3032,금속처리 가공품,전기장비,유진통신공업(주),세종,30,1,,없음,0.8,0.75,0.5,0.0293,8.79,577곳: 배전반 및 전기자동 제어반(261) · 조명장치(143) · 기타 전기장비(67),3333-305 산업단지환경조성 409920백만원 / 3363-306 지역투자촉진 251347백만원 / 3363-307 지역투자촉진(세종) 5026백만원 / 3362-301 지방주도형투자·일자리지원(자율) 3602백만원 / 3362-332 지방주도형투자·일자리지원 1565백만원
3032,금속처리 가공품,전기장비,케이.에이.티(주),대전,37,1,,없음,0.8,0.75,0.5,0.0293,8.79,577곳: 배전반 및 전기자동 제어반(261) · 조명장치(143) · 기타 전기장비(67),3333-305 산업단지환경조성 409920백만원 / 3363-306 지역투자촉진 251347백만원 / 3363-307 지역투자촉진(세종) 5026백만원 / 3362-301 지방주도형투자·일자리지원(자율) 3602백만원 / 3362-332 지방주도형투자·일자리지원 1565백만원
3032,금속처리 가공품,전기장비,평화산업개발(주),충남,31,1,,없음,0.8,0.75,0.5,0.0293,8.79,577곳: 배전반 및 전기자동 제어반(261) · 조명장치(143) · 기타 전기장비(67),3333-305 산업단지환경조성 409920백만원 / 3363-306 지역투자촉진 251347백만원 / 3363-307 지역투자촉진(세종) 5026백만원 / 3362-301 지방주도형투자·일자리지원(자율) 3602백만원 / 3362-332 지방주도형투자·일자리지원 1565백만원
3032,금속처리 가공품,전기장비,해피창(주),대전,43,1,,없음,0.8,0.75,0.5,0.0293,8.79,577곳: 배전반 및 전기자동 제어반(261) · 조명장치(143) · 기타 전기장비(67),3333-305 산업단지환경조성 409920백만원 / 3363-306 지역투자촉진 251347백만원 / 3363-307 지역투자촉진(세종) 5026백만원 / 3362-301 지방주도형투자·일자리지원(자율) 3602백만원 / 3362-332 지방주도형투자·일자리지원 1565백만원
2725,열연강판,자동차부품,(주)도스코,경기,37,1,,없음,0.8,0.6,0.5,0.0364,8.736,738곳: 자동차 부분품(729) · 트레일러 및 컨테이너(5) · 특장차(4),3333-305 산업단지환경조성 409920백만원 / 3363-306 지역투자촉진 251347백만원 / 3363-307 지역투자촉진(세종) 5026백만원 / 3362-301 지방주도형투자·일자리지원(자율) 3602백만원 / 3362-332 지방주도형투자·일자리지원 1565백만원
2725,열연강판,자동차부품,동인신철공업(주),인천,40,1,,없음,0.8,0.6,0.5,0.0364,8.736,738곳: 자동차 부분품(729) · 트레일러 및 컨테이너(5) · 특장차(4),3333-305 산업단지환경조성 409920백만원 / 3363-306 지역투자촉진 251347백만원 / 3363-307 지역투자촉진(세종) 5026백만원 / 3362-301 지방주도형투자·일자리지원(자율) 3602백만원 / 3362-332 지방주도형투자·일자리지원 1565백만원
2725,열연강판,자동차부품,제이스코홀딩스(주),경기,34,1,,없음,0.8,0.6,0.5,0.0364,8.736,738곳: 자동차 부분품(729) · 트레일러 및 컨테이너(5) · 특장차(4),3333-305 산업단지환경조성 409920백만원 / 3363-306 지역투자촉진 251347백만원 / 3363-307 지역투자촉진(세종) 5026백만원 / 3362-301 지방주도형투자·일자리지원(자율) 3602백만원 / 3362-332 지방주도형투자·일자리지원 1565백만원
3102,집적회로,의료기기,(주)해치텍,충북,46,2,,공장 2개,0.8,0.75,1.0,0.01446,8.676,284곳: 의료용 기기(284),3333-305 산업단지환경조성 409920백만원 / 3363-306 지역투자촉진 251347백만원 / 3363-307 지역투자촉진(세종) 5026백만원 / 3362-301 지방주도형투자·일자리지원(자율) 3602백만원 / 3362-332 지방주도형투자·일자리지원 1565백만원
3102,집적회로,의료기기,LB세미콘(주),경기,101,2,,공장 2개,1.0,0.6,1.0,0.01446,8.676,284곳: 의료용 기기(284),3333-305 산업단지환경조성 409920백만원 / 3363-306 지역투자촉진 251347백만원 / 3363-307 지역투자촉진(세종) 5026백만원 / 3362-301 지방주도형투자·일자리지원(자율) 3602백만원 / 3362-332 지방주도형투자·일자리지원 1565백만원
3102,집적회로,의료기기,알비코리아(주),인천,134,2,,공장 2개,1.0,0.6,1.0,0.01446,8.676,284곳: 의료용 기기(284),3333-305 산업단지환경조성 409920백만원 / 3363-306 지역투자촉진 251347백만원 / 3363-307 지역투자촉진(세종) 5026백만원 / 3362-301 지방주도형투자·일자리지원(자율) 3602백만원 / 3362-332 지방주도형투자·일자리지원 1565백만원
1801,합성수지,전기장비,(주)나노코,경북,62,2,,공장 2개,1.0,1.0,1.0,0.00865,8.65,173곳: 조명장치(143) · 전선 및 케이블(19) · 전지(11),3333-305 산업단지환경조성 409920백만원 / 3363-306 지역투자촉진 251347백만원 / 3363-307 지역투자촉진(세종) 5026백만원 / 3362-301 지방주도형투자·일자리지원(자율) 3602백만원 / 3362-332 지방주도형투자·일자리지원 1565백만원
1801,합성수지,전기장비,(주)데스코,경북,131,2,,공장 2개,1.0,1.0,1.0,0.00865,8.65,173곳: 조명장치(143) · 전선 및 케이블(19) · 전지(11),3333-305 산업단지환경조성 409920백만원 / 3363-306 지역투자촉진 251347백만원 / 3363-307 지역투자촉진(세종) 5026백만원 / 3362-301 지방주도형투자·일자리지원(자율) 3602백만원 / 3362-332 지방주도형투자·일자리지원 1565백만원
1801,합성수지,전기장비,(주)한국라티스,경북,59,2,,공장 2개,1.0,1.0,1.0,0.00865,8.65,173곳: 조명장치(143) · 전선 및 케이블(19) · 전지(11),3333-305 산업단지환경조성 409920백만원 / 3363-306 지역투자촉진 251347백만원 / 3363-307 지역투자촉진(세종) 5026백만원 / 3362-301 지방주도형투자·일자리지원(자율) 3602백만원 / 3362-332 지방주도형투자·일자리지원 1565백만원
1713,석유화학중간제품,섬유,(주)엘지화학 당진공장,충남,82,1,,없음,1.0,0.75,0.5,0.02297,8.614,0곳,3333-305 산업단지환경조성 409920백만원 / 3363-306 지역투자촉진 251347백만원 / 3363-307 지역투자촉진(세종) 5026백만원 / 3362-301 지방주도형투자·일자리지원(자율) 3602백만원 / 3362-332 지방주도형투자·일자리지원 1565백만원
3032,금속처리 가공품,자동차부품,디에스알제강(주),전남광주,30,1,,없음,0.8,0.5,0.5,0.0427,8.54,745곳: 자동차 부분품(729) · 자동차용 엔진(11) · 트레일러 및 컨테이너(5),3333-305 산업단지환경조성 409920백만원 / 3363-306 지역투자촉진 251347백만원 / 3363-307 지역투자촉진(세종) 5026백만원 / 3362-301 지방주도형투자·일자리지원(자율) 3602백만원 / 3362-332 지방주도형투자·일자리지원 1565백만원
1713,석유화학중간제품,섬유,SK지오센트릭(주) NEP 공장,울산,230,1,,없음,0.8,0.9,0.5,0.02297,8.269,0곳,3333-305 산업단지환경조성 409920백만원 / 3363-306 지역투자촉진 251347백만원 / 3363-307 지역투자촉진(세종) 5026백만원 / 3362-301 지방주도형투자·일자리지원(자율) 3602백만원 / 3362-332 지방주도형투자·일자리지원 1565백만원
1713,석유화학중간제품,섬유,에스케이피아이씨글로벌(주),울산,270,1,,없음,0.8,0.9,0.5,0.02297,8.269,0곳,3333-305 산업단지환경조성 409920백만원 / 3363-306 지역투자촉진 251347백만원 / 3363-307 지역투자촉진(세종) 5026백만원 / 3362-301 지방주도형투자·일자리지원(자율) 3602백만원 / 3362-332 지방주도형투자·일자리지원 1565백만원
1713,석유화학중간제품,섬유,태광산업(주) 석유화학2공장,울산,39,1,,없음,0.8,0.9,0.5,0.02297,8.269,0곳,3333-305 산업단지환경조성 409920백만원 / 3363-306 지역투자촉진 251347백만원 / 3363-307 지역투자촉진(세종) 5026백만원 / 3362-301 지방주도형투자·일자리지원(자율) 3602백만원 / 3362-332 지방주도형투자·일자리지원 1565백만원
3102,집적회로,자동차부품,(주)비투지코리아,전북,50,1,,없음,1.0,0.5,0.5,0.03271,8.178,729곳: 자동차 부분품(729),3333-305 산업단지환경조성 409920백만원 / 3363-306 지역투자촉진 251347백만원 / 3363-307 지역투자촉진(세종) 5026백만원 / 3362-301 지방주도형투자·일자리지원(자율) 3602백만원 / 3362-332 지방주도형투자·일자리지원 1565백만원
3102,집적회로,자동차부품,(주)에이티이,,110,1,,없음,1.0,0.5,0.5,0.03271,8.178,729곳: 자동차 부분품(729),3333-305 산업단지환경조성 409920백만원 / 3363-306 지역투자촉진 251347백만원 / 3363-307 지역투자촉진(세종) 5026백만원 / 3362-301 지방주도형투자·일자리지원(자율) 3602백만원 / 3362-332 지방주도형투자·일자리지원 1565백만원
3102,집적회로,자동차부품,(주)웨이비스,,161,1,,없음,1.0,0.5,0.5,0.03271,8.178,729곳: 자동차 부분품(729),3333-305 산업단지환경조성 409920백만원 / 3363-306 지역투자촉진 251347백만원 / 3363-307 지역투자촉진(세종) 5026백만원 / 3362-301 지방주도형투자·일자리지원(자율) 3602백만원 / 3362-332 지방주도형투자·일자리지원 1565백만원
3102,집적회로,자동차부품,광전자(주),전북,153,1,,없음,1.0,0.5,0.5,0.03271,8.178,729곳: 자동차 부분품(729),3333-305 산업단지환경조성 409920백만원 / 3363-306 지역투자촉진 251347백만원 / 3363-307 지역투자촉진(세종) 5026백만원 / 3362-301 지방주도형투자·일자리지원(자율) 3602백만원 / 3362-332 지방주도형투자·일자리지원 1565백만원
3102,집적회로,자동차부품,지에프텍(주),전남광주,105,1,,없음,1.0,0.5,0.5,0.03271,8.178,729곳: 자동차 부분품(729),3333-305 산업단지환경조성 409920백만원 / 3363-306 지역투자촉진 251347백만원 / 3363-307 지역투자촉진(세종) 5026백만원 / 3362-301 지방주도형투자·일자리지원(자율) 3602백만원 / 3362-332 지방주도형투자·일자리지원 1565백만원
3723,전기회로 개폐 및 접속장치,전기장비,(주)대륙,경기,188,2,,공장 2개,1.0,0.6,1.0,0.01318,7.908,552곳: 배전반 및 전기자동 제어반(261) · 조명장치(143) · 기타 전기장비(67),3333-305 산업단지환경조성 409920백만원 / 3363-306 지역투자촉진 251347백만원 / 3363-307 지역투자촉진(세종) 5026백만원 / 3362-301 지방주도형투자·일자리지원(자율) 3602백만원 / 3362-332 지방주도형투자·일자리지원 1565백만원
3723,전기회로 개폐 및 접속장치,전기장비,(주)동인산전,경기,59,2,,공장 2개,1.0,0.6,1.0,0.01318,7.908,552곳: 배전반 및 전기자동 제어반(261) · 조명장치(143) · 기타 전기장비(67),3333-305 산업단지환경조성 409920백만원 / 3363-306 지역투자촉진 251347백만원 / 3363-307 지역투자촉진(세종) 5026백만원 / 3362-301 지방주도형투자·일자리지원(자율) 3602백만원 / 3362-332 지방주도형투자·일자리지원 1565백만원
3723,전기회로 개폐 및 접속장치,전기장비,(주)리폼테크,대전,32,2,,공장 2개,0.8,0.75,1.0,0.01318,7.908,552곳: 배전반 및 전기자동 제어반(261) · 조명장치(143) · 기타 전기장비(67),3333-305 산업단지환경조성 409920백만원 / 3363-306 지역투자촉진 251347백만원 / 3363-307 지역투자촉진(세종) 5026백만원 / 3362-301 지방주도형투자·일자리지원(자율) 3602백만원 / 3362-332 지방주도형투자·일자리지원 1565백만원
3723,전기회로 개폐 및 접속장치,전기장비,(주)성민산업,경기,78,2,,공장 2개,1.0,0.6,1.0,0.01318,7.908,552곳: 배전반 및 전기자동 제어반(261) · 조명장치(143) · 기타 전기장비(67),3333-305 산업단지환경조성 409920백만원 / 3363-306 지역투자촉진 251347백만원 / 3363-307 지역투자촉진(세종) 5026백만원 / 3362-301 지방주도형투자·일자리지원(자율) 3602백만원 / 3362-332 지방주도형투자·일자리지원 1565백만원
3723,전기회로 개폐 및 접속장치,전기장비,(주)센트로닉스,충남,39,2,,공장 2개,0.8,0.75,1.0,0.01318,7.908,552곳: 배전반 및 전기자동 제어반(261) · 조명장치(143) · 기타 전기장비(67),3333-305 산업단지환경조성 409920백만원 / 3363-306 지역투자촉진 251347백만원 / 3363-307 지역투자촉진(세종) 5026백만원 / 3362-301 지방주도형투자·일자리지원(자율) 3602백만원 / 3362-332 지방주도형투자·일자리지원 1565백만원
3723,전기회로 개폐 및 접속장치,전기장비,(주)엔텍코아,대전,41,2,,공장 2개,0.8,0.75,1.0,0.01318,7.908,552곳: 배전반 및 전기자동 제어반(261) · 조명장치(143) · 기타 전기장비(67),3333-305 산업단지환경조성 409920백만원 / 3363-306 지역투자촉진 251347백만원 / 3363-307 지역투자촉진(세종) 5026백만원 / 3362-301 지방주도형투자·일자리지원(자율) 3602백만원 / 3362-332 지방주도형투자·일자리지원 1565백만원
3723,전기회로 개폐 및 접속장치,전기장비,(주)위너에코텍,경기,66,2,,공장 2개,1.0,0.6,1.0,0.01318,7.908,552곳: 배전반 및 전기자동 제어반(261) · 조명장치(143) · 기타 전기장비(67),3333-305 산업단지환경조성 409920백만원 / 3363-306 지역투자촉진 251347백만원 / 3363-307 지역투자촉진(세종) 5026백만원 / 3362-301 지방주도형투자·일자리지원(자율) 3602백만원 / 3362-332 지방주도형투자·일자리지원 1565백만원
3723,전기회로 개폐 및 접속장치,전기장비,(주)은성전기,경기,100,2,,공장 2개,1.0,0.6,1.0,0.01318,7.908,552곳: 배전반 및 전기자동 제어반(261) · 조명장치(143) · 기타 전기장비(67),3333-305 산업단지환경조성 409920백만원 / 3363-306 지역투자촉진 251347백만원 / 3363-307 지역투자촉진(세종) 5026백만원 / 3362-301 지방주도형투자·일자리지원(자율) 3602백만원 / 3362-332 지방주도형투자·일자리지원 1565백만원
3723,전기회로 개폐 및 접속장치,전기장비,(주)제이엠씨,인천,156,2,,공장 2개,1.0,0.6,1.0,0.01318,7.908,552곳: 배전반 및 전기자동 제어반(261) · 조명장치(143) · 기타 전기장비(67),3333-305 산업단지환경조성 409920백만원 / 3363-306 지역투자촉진 251347백만원 / 3363-307 지역투자촉진(세종) 5026백만원 / 3362-301 지방주도형투자·일자리지원(자율) 3602백만원 / 3362-332 지방주도형투자·일자리지원 1565백만원
3723,전기회로 개폐 및 접속장치,전기장비,(주)진성하이테크놀로지,인천,118,2,,공장 2개,1.0,0.6,1.0,0.01318,7.908,552곳: 배전반 및 전기자동 제어반(261) · 조명장치(143) · 기타 전기장비(67),3333-305 산업단지환경조성 409920백만원 / 3363-306 지역투자촉진 251347백만원 / 3363-307 지역투자촉진(세종) 5026백만원 / 3362-301 지방주도형투자·일자리지원(자율) 3602백만원 / 3362-332 지방주도형투자·일자리지원 1565백만원
3723,전기회로 개폐 및 접속장치,전기장비,(주)케이지오토,경기,79,2,,공장 2개,1.0,0.6,1.0,0.01318,7.908,552곳: 배전반 및 전기자동 제어반(261) · 조명장치(143) · 기타 전기장비(67),3333-305 산업단지환경조성 409920백만원 / 3363-306 지역투자촉진 251347백만원 / 3363-307 지역투자촉진(세종) 5026백만원 / 3362-301 지방주도형투자·일자리지원(자율) 3602백만원 / 3362-332 지방주도형투자·일자리지원 1565백만원
3723,전기회로 개폐 및 접속장치,전기장비,(주)코리아하이텍,경기,200,2,,공장 2개,1.0,0.6,1.0,0.01318,7.908,552곳: 배전반 및 전기자동 제어반(261) · 조명장치(143) · 기타 전기장비(67),3333-305 산업단지환경조성 409920백만원 / 3363-306 지역투자촉진 251347백만원 / 3363-307 지역투자촉진(세종) 5026백만원 / 3362-301 지방주도형투자·일자리지원(자율) 3602백만원 / 3362-332 지방주도형투자·일자리지원 1565백만원
3723,전기회로 개폐 및 접속장치,전기장비,(주)테크프로,경기,65,2,,공장 2개,1.0,0.6,1.0,0.01318,7.908,552곳: 배전반 및 전기자동 제어반(261) · 조명장치(143) · 기타 전기장비(67),3333-305 산업단지환경조성 409920백만원 / 3363-306 지역투자촉진 251347백만원 / 3363-307 지역투자촉진(세종) 5026백만원 / 3362-301 지방주도형투자·일자리지원(자율) 3602백만원 / 3362-332 지방주도형투자·일자리지원 1565백만원
3723,전기회로 개폐 및 접속장치,전기장비,디이시스(주),경기,52,2,,공장 2개,1.0,0.6,1.0,0.01318,7.908,552곳: 배전반 및 전기자동 제어반(261) · 조명장치(143) · 기타 전기장비(67),3333-305 산업단지환경조성 409920백만원 / 3363-306 지역투자촉진 251347백만원 / 3363-307 지역투자촉진(세종) 5026백만원 / 3362-301 지방주도형투자·일자리지원(자율) 3602백만원 / 3362-332 지방주도형투자·일자리지원 1565백만원
3723,전기회로 개폐 및 접속장치,전기장비,모스전자,경기,137,2,,공장 2개,1.0,0.6,1.0,0.01318,7.908,552곳: 배전반 및 전기자동 제어반(261) · 조명장치(143) · 기타 전기장비(67),3333-305 산업단지환경조성 409920백만원 / 3363-306 지역투자촉진 251347백만원 / 3363-307 지역투자촉진(세종) 5026백만원 / 3362-301 지방주도형투자·일자리지원(자율) 3602백만원 / 3362-332 지방주도형투자·일자리지원 1565백만원
3723,전기회로 개폐 및 접속장치,전기장비,신우전기제조(주),경기,88,3,,공장 3개,1.0,0.6,1.0,0.01318,7.908,552곳: 배전반 및 전기자동 제어반(261) · 조명장치(143) · 기타 전기장비(67),3333-305 산업단지환경조성 409920백만원 / 3363-306 지역투자촉진 251347백만원 / 3363-307 지역투자촉진(세종) 5026백만원 / 3362-301 지방주도형투자·일자리지원(자율) 3602백만원 / 3362-332 지방주도형투자·일자리지원 1565백만원
3723,전기회로 개폐 및 접속장치,전기장비,피앤씨테크(주),경기,129,3,,공장 3개,1.0,0.6,1.0,0.01318,7.908,552곳: 배전반 및 전기자동 제어반(261) · 조명장치(143) · 기타 전기장비(67),3333-305 산업단지환경조성 409920백만원 / 3363-306 지역투자촉진 251347백만원 / 3363-307 지역투자촉진(세종) 5026백만원 / 3362-301 지방주도형투자·일자리지원(자율) 3602백만원 / 3362-332 지방주도형투자·일자리지원 1565백만원
2211,도료,자동차부품,벽산페인트(주),경남,43,2,,공장 2개,0.8,0.9,1.0,0.01095,7.884,0곳,3333-305 산업단지환경조성 409920백만원 / 3363-306 지역투자촉진 251347백만원 / 3363-307 지역투자촉진(세종) 5026백만원 / 3362-301 지방주도형투자·일자리지원(자율) 3602백만원 / 3362-332 지방주도형투자·일자리지원 1565백만원
2211,도료,자동차부품,제니스(주),경남,41,2,,공장 2개,0.8,0.9,1.0,0.01095,7.884,0곳,3333-305 산업단지환경조성 409920백만원 / 3363-306 지역투자촉진 251347백만원 / 3363-307 지역투자촉진(세종) 5026백만원 / 3362-301 지방주도형투자·일자리지원(자율) 3602백만원 / 3362-332 지방주도형투자·일자리지원 1565백만원
2821,동 1차제품,일반기계,(주)동화티씨에이,경남,56,2,,공장 2개,1.0,0.9,1.0,0.00873,7.857,149곳: 밸브(98) · 공기조절장치 및 냉장냉동 장비(51),3333-305 산업단지환경조성 409920백만원 / 3363-306 지역투자촉진 251347백만원 / 3363-307 지역투자촉진(세종) 5026백만원 / 3362-301 지방주도형투자·일자리지원(자율) 3602백만원 / 3362-332 지방주도형투자·일자리지원 1565백만원
3102,집적회로,자동차부품,(주)S.T.I,경기,30,1,,없음,0.8,0.6,0.5,0.03271,7.85,729곳: 자동차 부분품(729),3333-305 산업단지환경조성 409920백만원 / 3363-306 지역투자촉진 251347백만원 / 3363-307 지역투자촉진(세종) 5026백만원 / 3362-301 지방주도형투자·일자리지원(자율) 3602백만원 / 3362-332 지방주도형투자·일자리지원 1565백만원
3102,집적회로,자동차부품,(주)다이나모테크,인천,35,1,,없음,0.8,0.6,0.5,0.03271,7.85,729곳: 자동차 부분품(729),3333-305 산업단지환경조성 409920백만원 / 3363-306 지역투자촉진 251347백만원 / 3363-307 지역투자촉진(세종) 5026백만원 / 3362-301 지방주도형투자·일자리지원(자율) 3602백만원 / 3362-332 지방주도형투자·일자리지원 1565백만원
3102,집적회로,자동차부품,(주)실리콘디스플레이,경기,40,1,,없음,0.8,0.6,0.5,0.03271,7.85,729곳: 자동차 부분품(729),3333-305 산업단지환경조성 409920백만원 / 3363-306 지역투자촉진 251347백만원 / 3363-307 지역투자촉진(세종) 5026백만원 / 3362-301 지방주도형투자·일자리지원(자율) 3602백만원 / 3362-332 지방주도형투자·일자리지원 1565백만원
3102,집적회로,자동차부품,(주)에이치씨코퍼레이션,경기,47,1,,없음,0.8,0.6,0.5,0.03271,7.85,729곳: 자동차 부분품(729),3333-305 산업단지환경조성 409920백만원 / 3363-306 지역투자촉진 251347백만원 / 3363-307 지역투자촉진(세종) 5026백만원 / 3362-301 지방주도형투자·일자리지원(자율) 3602백만원 / 3362-332 지방주도형투자·일자리지원 1565백만원
3102,집적회로,자동차부품,(주)엘엑스세미콘,경기,40,1,,없음,0.8,0.6,0.5,0.03271,7.85,729곳: 자동차 부분품(729),3333-305 산업단지환경조성 409920백만원 / 3363-306 지역투자촉진 251347백만원 / 3363-307 지역투자촉진(세종) 5026백만원 / 3362-301 지방주도형투자·일자리지원(자율) 3602백만원 / 3362-332 지방주도형투자·일자리지원 1565백만원
3102,집적회로,자동차부품,(주)윈팩,경기,260,1,,없음,0.8,0.6,0.5,0.03271,7.85,729곳: 자동차 부분품(729),3333-305 산업단지환경조성 409920백만원 / 3363-306 지역투자촉진 251347백만원 / 3363-307 지역투자촉진(세종) 5026백만원 / 3362-301 지방주도형투자·일자리지원(자율) 3602백만원 / 3362-332 지방주도형투자·일자리지원 1565백만원
3102,집적회로,자동차부품,(주)젤루텍,서울,39,1,,없음,0.8,0.6,0.5,0.03271,7.85,729곳: 자동차 부분품(729),3333-305 산업단지환경조성 409920백만원 / 3363-306 지역투자촉진 251347백만원 / 3363-307 지역투자촉진(세종) 5026백만원 / 3362-301 지방주도형투자·일자리지원(자율) 3602백만원 / 3362-332 지방주도형투자·일자리지원 1565백만원
3102,집적회로,자동차부품,(주)큰누리김포지점,경기,38,1,,없음,0.8,0.6,0.5,0.03271,7.85,729곳: 자동차 부분품(729),3333-305 산업단지환경조성 409920백만원 / 3363-306 지역투자촉진 251347백만원 / 3363-307 지역투자촉진(세종) 5026백만원 / 3362-301 지방주도형투자·일자리지원(자율) 3602백만원 / 3362-332 지방주도형투자·일자리지원 1565백만원
3102,집적회로,자동차부품,(주)파워쿨,경기,41,1,,없음,0.8,0.6,0.5,0.03271,7.85,729곳: 자동차 부분품(729),3333-305 산업단지환경조성 409920백만원 / 3363-306 지역투자촉진 251347백만원 / 3363-307 지역투자촉진(세종) 5026백만원 / 3362-301 지방주도형투자·일자리지원(자율) 3602백만원 / 3362-332 지방주도형투자·일자리지원 1565백만원
3102,집적회로,자동차부품,시그네틱스(주),경기,221,1,,없음,0.8,0.6,0.5,0.03271,7.85,729곳: 자동차 부분품(729),3333-305 산업단지환경조성 409920백만원 / 3363-306 지역투자촉진 251347백만원 / 3363-307 지역투자촉진(세종) 5026백만원 / 3362-301 지방주도형투자·일자리지원(자율) 3602백만원 / 3362-332 지방주도형투자·일자리지원 1565백만원
3102,집적회로,자동차부품,에스피반도체통신(주),경기,217,1,,없음,0.8,0.6,0.5,0.03271,7.85,729곳: 자동차 부분품(729),3333-305 산업단지환경조성 409920백만원 / 3363-306 지역투자촉진 251347백만원 / 3363-307 지역투자촉진(세종) 5026백만원 / 3362-301 지방주도형투자·일자리지원(자율) 3602백만원 / 3362-332 지방주도형투자·일자리지원 1565백만원
3102,집적회로,자동차부품,에이원프로스(주),경기,36,1,,없음,0.8,0.6,0.5,0.03271,7.85,729곳: 자동차 부분품(729),3333-305 산업단지환경조성 409920백만원 / 3363-306 지역투자촉진 251347백만원 / 3363-307 지역투자촉진(세종) 5026백만원 / 3362-301 지방주도형투자·일자리지원(자율) 3602백만원 / 3362-332 지방주도형투자·일자리지원 1565백만원
3102,집적회로,자동차부품,엘비세미콘 주식회사,경기,30,1,,없음,0.8,0.6,0.5,0.03271,7.85,729곳: 자동차 부분품(729),3333-305 산업단지환경조성 409920백만원 / 3363-306 지역투자촉진 251347백만원 / 3363-307 지역투자촉진(세종) 5026백만원 / 3362-301 지방주도형투자·일자리지원(자율) 3602백만원 / 3362-332 지방주도형투자·일자리지원 1565백만원
3102,집적회로,자동차부품,엠텍비젼(주),서울,250,1,,없음,0.8,0.6,0.5,0.03271,7.85,729곳: 자동차 부분품(729),3333-305 산업단지환경조성 409920백만원 / 3363-306 지역투자촉진 251347백만원 / 3363-307 지역투자촉진(세종) 5026백만원 / 3362-301 지방주도형투자·일자리지원(자율) 3602백만원 / 3362-332 지방주도형투자·일자리지원 1565백만원
3102,집적회로,자동차부품,하이콘(주)2공장,경기,243,1,,없음,0.8,0.6,0.5,0.03271,7.85,729곳: 자동차 부분품(729),3333-305 산업단지환경조성 409920백만원 / 3363-306 지역투자촉진 251347백만원 / 3363-307 지역투자촉진(세종) 5026백만원 / 3362-301 지방주도형투자·일자리지원(자율) 3602백만원 / 3362-332 지방주도형투자·일자리지원 1565백만원
1801,합성수지,전기장비,(주)컴테크케미칼,경남,68,2,,공장 2개,1.0,0.9,1.0,0.00865,7.785,173곳: 조명장치(143) · 전선 및 케이블(19) · 전지(11),3333-305 산업단지환경조성 409920백만원 / 3363-306 지역투자촉진 251347백만원 / 3363-307 지역투자촉진(세종) 5026백만원 / 3362-301 지방주도형투자·일자리지원(자율) 3602백만원 / 3362-332 지방주도형투자·일자리지원 1565백만원
1801,합성수지,전기장비,에이치디씨현대이피(주),울산,169,3,,공장 3개,1.0,0.9,1.0,0.00865,7.785,173곳: 조명장치(143) · 전선 및 케이블(19) · 전지(11),3333-305 산업단지환경조성 409920백만원 / 3363-306 지역투자촉진 251347백만원 / 3363-307 지역투자촉진(세종) 5026백만원 / 3362-301 지방주도형투자·일자리지원(자율) 3602백만원 / 3362-332 지방주도형투자·일자리지원 1565백만원
2791,표면처리강재,자동차부품,(주)광희,전남광주,263,1,,없음,0.8,0.5,0.5,0.03758,7.516,738곳: 자동차 부분품(729) · 트레일러 및 컨테이너(5) · 특장차(4),3333-305 산업단지환경조성 409920백만원 / 3363-306 지역투자촉진 251347백만원 / 3363-307 지역투자촉진(세종) 5026백만원 / 3362-301 지방주도형투자·일자리지원(자율) 3602백만원 / 3362-332 지방주도형투자·일자리지원 1565백만원
2791,표면처리강재,자동차부품,(주)명정플랜트,,35,1,,없음,0.8,0.5,0.5,0.03758,7.516,738곳: 자동차 부분품(729) · 트레일러 및 컨테이너(5) · 특장차(4),3333-305 산업단지환경조성 409920백만원 / 3363-306 지역투자촉진 251347백만원 / 3363-307 지역투자촉진(세종) 5026백만원 / 3362-301 지방주도형투자·일자리지원(자율) 3602백만원 / 3362-332 지방주도형투자·일자리지원 1565백만원
2791,표면처리강재,자동차부품,(주)세아씨엠,전북,204,1,,없음,0.8,0.5,0.5,0.03758,7.516,738곳: 자동차 부분품(729) · 트레일러 및 컨테이너(5) · 특장차(4),3333-305 산업단지환경조성 409920백만원 / 3363-306 지역투자촉진 251347백만원 / 3363-307 지역투자촉진(세종) 5026백만원 / 3362-301 지방주도형투자·일자리지원(자율) 3602백만원 / 3362-332 지방주도형투자·일자리지원 1565백만원
2791,표면처리강재,자동차부품,(주)프롬스,전남광주,207,1,,없음,0.8,0.5,0.5,0.03758,7.516,738곳: 자동차 부분품(729) · 트레일러 및 컨테이너(5) · 특장차(4),3333-305 산업단지환경조성 409920백만원 / 3363-306 지역투자촉진 251347백만원 / 3363-307 지역투자촉진(세종) 5026백만원 / 3362-301 지방주도형투자·일자리지원(자율) 3602백만원 / 3362-332 지방주도형투자·일자리지원 1565백만원
2791,표면처리강재,자동차부품,대신건기산업,,30,1,,없음,0.8,0.5,0.5,0.03758,7.516,738곳: 자동차 부분품(729) · 트레일러 및 컨테이너(5) · 특장차(4),3333-305 산업단지환경조성 409920백만원 / 3363-306 지역투자촉진 251347백만원 / 3363-307 지역투자촉진(세종) 5026백만원 / 3362-301 지방주도형투자·일자리지원(자율) 3602백만원 / 3362-332 지방주도형투자·일자리지원 1565백만원
2791,표면처리강재,자동차부품,신우종합철강(주),전북,32,1,,없음,0.8,0.5,0.5,0.03758,7.516,738곳: 자동차 부분품(729) · 트레일러 및 컨테이너(5) · 특장차(4),3333-305 산업단지환경조성 409920백만원 / 3363-306 지역투자촉진 251347백만원 / 3363-307 지역투자촉진(세종) 5026백만원 / 3362-301 지방주도형투자·일자리지원(자율) 3602백만원 / 3362-332 지방주도형투자·일자리지원 1565백만원
3209,기타 전자표시장치,자동차부품,(주)유아이디,충북,50,1,,없음,1.0,0.75,0.5,0.01943,7.286,0곳,3333-305 산업단지환경조성 409920백만원 / 3363-306 지역투자촉진 251347백만원 / 3363-307 지역투자촉진(세종) 5026백만원 / 3362-301 지방주도형투자·일자리지원(자율) 3602백만원 / 3362-332 지방주도형투자·일자리지원 1565백만원
3102,집적회로,의료기기,(주)성진글로벌,전남광주,171,2,,공장 2개,1.0,0.5,1.0,0.01446,7.23,284곳: 의료용 기기(284),3333-305 산업단지환경조성 409920백만원 / 3363-306 지역투자촉진 251347백만원 / 3363-307 지역투자촉진(세종) 5026백만원 / 3362-301 지방주도형투자·일자리지원(자율) 3602백만원 / 3362-332 지방주도형투자·일자리지원 1565백만원
3102,집적회로,의료기기,LB세미콘(주) 구미사업장 G2,경북,102,1,,없음,1.0,1.0,0.5,0.01446,7.23,284곳: 의료용 기기(284),3333-305 산업단지환경조성 409920백만원 / 3363-306 지역투자촉진 251347백만원 / 3363-307 지역투자촉진(세종) 5026백만원 / 3362-301 지방주도형투자·일자리지원(자율) 3602백만원 / 3362-332 지방주도형투자·일자리지원 1565백만원
3032,금속처리 가공품,전기장비,(주)일동금망,경기,33,1,,없음,0.8,0.6,0.5,0.0293,7.032,577곳: 배전반 및 전기자동 제어반(261) · 조명장치(143) · 기타 전기장비(67),3333-305 산업단지환경조성 409920백만원 / 3363-306 지역투자촉진 251347백만원 / 3363-307 지역투자촉진(세종) 5026백만원 / 3362-301 지방주도형투자·일자리지원(자율) 3602백만원 / 3362-332 지방주도형투자·일자리지원 1565백만원
3032,금속처리 가공품,전기장비,(주)제이제이선재,경기,34,1,,없음,0.8,0.6,0.5,0.0293,7.032,577곳: 배전반 및 전기자동 제어반(261) · 조명장치(143) · 기타 전기장비(67),3333-305 산업단지환경조성 409920백만원 / 3363-306 지역투자촉진 251347백만원 / 3363-307 지역투자촉진(세종) 5026백만원 / 3362-301 지방주도형투자·일자리지원(자율) 3602백만원 / 3362-332 지방주도형투자·일자리지원 1565백만원
3032,금속처리 가공품,전기장비,㈜대진아트와이어,경기,34,1,,없음,0.8,0.6,0.5,0.0293,7.032,577곳: 배전반 및 전기자동 제어반(261) · 조명장치(143) · 기타 전기장비(67),3333-305 산업단지환경조성 409920백만원 / 3363-306 지역투자촉진 251347백만원 / 3363-307 지역투자촉진(세종) 5026백만원 / 3362-301 지방주도형투자·일자리지원(자율) 3602백만원 / 3362-332 지방주도형투자·일자리지원 1565백만원
3032,금속처리 가공품,전기장비,서울선제공업(주),경기,30,1,,없음,0.8,0.6,0.5,0.0293,7.032,577곳: 배전반 및 전기자동 제어반(261) · 조명장치(143) · 기타 전기장비(67),3333-305 산업단지환경조성 409920백만원 / 3363-306 지역투자촉진 251347백만원 / 3363-307 지역투자촉진(세종) 5026백만원 / 3362-301 지방주도형투자·일자리지원(자율) 3602백만원 / 3362-332 지방주도형투자·일자리지원 1565백만원
3032,금속처리 가공품,전기장비,영성산업(주),경기,48,1,,없음,0.8,0.6,0.5,0.0293,7.032,577곳: 배전반 및 전기자동 제어반(261) · 조명장치(143) · 기타 전기장비(67),3333-305 산업단지환경조성 409920백만원 / 3363-306 지역투자촉진 251347백만원 / 3363-307 지역투자촉진(세종) 5026백만원 / 3362-301 지방주도형투자·일자리지원(자율) 3602백만원 / 3362-332 지방주도형투자·일자리지원 1565백만원
3032,금속처리 가공품,전기장비,주식회사한미이엔씨,경기,38,1,,없음,0.8,0.6,0.5,0.0293,7.032,577곳: 배전반 및 전기자동 제어반(261) · 조명장치(143) · 기타 전기장비(67),3333-305 산업단지환경조성 409920백만원 / 3363-306 지역투자촉진 251347백만원 / 3363-307 지역투자촉진(세종) 5026백만원 / 3362-301 지방주도형투자·일자리지원(자율) 3602백만원 / 3362-332 지방주도형투자·일자리지원 1565백만원
3032,금속처리 가공품,전기장비,화이버텍(주),경기,45,1,,없음,0.8,0.6,0.5,0.0293,7.032,577곳: 배전반 및 전기자동 제어반(261) · 조명장치(143) · 기타 전기장비(67),3333-305 산업단지환경조성 409920백만원 / 3363-306 지역투자촉진 251347백만원 / 3363-307 지역투자촉진(세종) 5026백만원 / 3362-301 지방주도형투자·일자리지원(자율) 3602백만원 / 3362-332 지방주도형투자·일자리지원 1565백만원
3102,집적회로,의료기기,아이텍(주),경기,266,2,,공장 2개,0.8,0.6,1.0,0.01446,6.941,284곳: 의료용 기기(284),3333-305 산업단지환경조성 409920백만원 / 3363-306 지역투자촉진 251347백만원 / 3363-307 지역투자촉진(세종) 5026백만원 / 3362-301 지방주도형투자·일자리지원(자율) 3602백만원 / 3362-332 지방주도형투자·일자리지원 1565백만원
3102,집적회로,의료기기,장곡전자,경기,30,2,,공장 2개,0.8,0.6,1.0,0.01446,6.941,284곳: 의료용 기기(284),3333-305 산업단지환경조성 409920백만원 / 3363-306 지역투자촉진 251347백만원 / 3363-307 지역투자촉진(세종) 5026백만원 / 3362-301 지방주도형투자·일자리지원(자율) 3602백만원 / 3362-332 지방주도형투자·일자리지원 1565백만원
1713,석유화학중간제품,섬유,(주)다산메디켐,충남,30,1,,없음,0.8,0.75,0.5,0.02297,6.891,0곳,3333-305 산업단지환경조성 409920백만원 / 3363-306 지역투자촉진 251347백만원 / 3363-307 지역투자촉진(세종) 5026백만원 / 3362-301 지방주도형투자·일자리지원(자율) 3602백만원 / 3362-332 지방주도형투자·일자리지원 1565백만원
1713,석유화학중간제품,섬유,롯데엠시시 주식회사,충남,48,1,,없음,0.8,0.75,0.5,0.02297,6.891,0곳,3333-305 산업단지환경조성 409920백만원 / 3363-306 지역투자촉진 251347백만원 / 3363-307 지역투자촉진(세종) 5026백만원 / 3362-301 지방주도형투자·일자리지원(자율) 3602백만원 / 3362-332 지방주도형투자·일자리지원 1565백만원
3723,전기회로 개폐 및 접속장치,전기장비,(주)무성하네스,경북,58,1,,없음,1.0,1.0,0.5,0.01318,6.59,552곳: 배전반 및 전기자동 제어반(261) · 조명장치(143) · 기타 전기장비(67),3333-305 산업단지환경조성 409920백만원 / 3363-306 지역투자촉진 251347백만원 / 3363-307 지역투자촉진(세종) 5026백만원 / 3362-301 지방주도형투자·일자리지원(자율) 3602백만원 / 3362-332 지방주도형투자·일자리지원 1565백만원
3723,전기회로 개폐 및 접속장치,전기장비,(주)박전자,경북,53,1,,없음,1.0,1.0,0.5,0.01318,6.59,552곳: 배전반 및 전기자동 제어반(261) · 조명장치(143) · 기타 전기장비(67),3333-305 산업단지환경조성 409920백만원 / 3363-306 지역투자촉진 251347백만원 / 3363-307 지역투자촉진(세종) 5026백만원 / 3362-301 지방주도형투자·일자리지원(자율) 3602백만원 / 3362-332 지방주도형투자·일자리지원 1565백만원
3723,전기회로 개폐 및 접속장치,전기장비,(주)에스얜에스,전남광주,120,3,,공장 3개,1.0,0.5,1.0,0.01318,6.59,552곳: 배전반 및 전기자동 제어반(261) · 조명장치(143) · 기타 전기장비(67),3333-305 산업단지환경조성 409920백만원 / 3363-306 지역투자촉진 251347백만원 / 3363-307 지역투자촉진(세종) 5026백만원 / 3362-301 지방주도형투자·일자리지원(자율) 3602백만원 / 3362-332 지방주도형투자·일자리지원 1565백만원
3723,전기회로 개폐 및 접속장치,전기장비,신성산전(주),전남광주,93,2,,공장 2개,1.0,0.5,1.0,0.01318,6.59,552곳: 배전반 및 전기자동 제어반(261) · 조명장치(143) · 기타 전기장비(67),3333-305 산업단지환경조성 409920백만원 / 3363-306 지역투자촉진 251347백만원 / 3363-307 지역투자촉진(세종) 5026백만원 / 3362-301 지방주도형투자·일자리지원(자율) 3602백만원 / 3362-332 지방주도형투자·일자리지원 1565백만원
2211,도료,자동차부품,(주)교우산업,경기,50,4,,공장 4개,1.0,0.6,1.0,0.01095,6.57,0곳,3333-305 산업단지환경조성 409920백만원 / 3363-306 지역투자촉진 251347백만원 / 3363-307 지역투자촉진(세종) 5026백만원 / 3362-301 지방주도형투자·일자리지원(자율) 3602백만원 / 3362-332 지방주도형투자·일자리지원 1565백만원
2211,도료,자동차부품,(주)에스제이파우더,경기,54,4,,공장 4개,1.0,0.6,1.0,0.01095,6.57,0곳,3333-305 산업단지환경조성 409920백만원 / 3363-306 지역투자촉진 251347백만원 / 3363-307 지역투자촉진(세종) 5026백만원 / 3362-301 지방주도형투자·일자리지원(자율) 3602백만원 / 3362-332 지방주도형투자·일자리지원 1565백만원
2211,도료,자동차부품,(주)에이치케이씨,경기,70,2,,공장 2개,1.0,0.6,1.0,0.01095,6.57,0곳,3333-305 산업단지환경조성 409920백만원 / 3363-306 지역투자촉진 251347백만원 / 3363-307 지역투자촉진(세종) 5026백만원 / 3362-301 지방주도형투자·일자리지원(자율) 3602백만원 / 3362-332 지방주도형투자·일자리지원 1565백만원
2211,도료,자동차부품,(주)우진페인트,경기,54,2,,공장 2개,1.0,0.6,1.0,0.01095,6.57,0곳,3333-305 산업단지환경조성 409920백만원 / 3363-306 지역투자촉진 251347백만원 / 3363-307 지역투자촉진(세종) 5026백만원 / 3362-301 지방주도형투자·일자리지원(자율) 3602백만원 / 3362-332 지방주도형투자·일자리지원 1565백만원
2211,도료,자동차부품,대보페인트(주),인천,71,2,,공장 2개,1.0,0.6,1.0,0.01095,6.57,0곳,3333-305 산업단지환경조성 409920백만원 / 3363-306 지역투자촉진 251347백만원 / 3363-307 지역투자촉진(세종) 5026백만원 / 3362-301 지방주도형투자·일자리지원(자율) 3602백만원 / 3362-332 지방주도형투자·일자리지원 1565백만원
2211,도료,자동차부품,에치에스켐(주),경기,77,3,,공장 3개,1.0,0.6,1.0,0.01095,6.57,0곳,3333-305 산업단지환경조성 409920백만원 / 3363-306 지역투자촉진 251347백만원 / 3363-307 지역투자촉진(세종) 5026백만원 / 3362-301 지방주도형투자·일자리지원(자율) 3602백만원 / 3362-332 지방주도형투자·일자리지원 1565백만원
2211,도료,자동차부품,유림특수화학(주),경기,114,2,,공장 2개,1.0,0.6,1.0,0.01095,6.57,0곳,3333-305 산업단지환경조성 409920백만원 / 3363-306 지역투자촉진 251347백만원 / 3363-307 지역투자촉진(세종) 5026백만원 / 3362-301 지방주도형투자·일자리지원(자율) 3602백만원 / 3362-332 지방주도형투자·일자리지원 1565백만원
2211,도료,자동차부품,중부에스켐(주),경기,63,2,,공장 2개,1.0,0.6,1.0,0.01095,6.57,0곳,3333-305 산업단지환경조성 409920백만원 / 3363-306 지역투자촉진 251347백만원 / 3363-307 지역투자촉진(세종) 5026백만원 / 3362-301 지방주도형투자·일자리지원(자율) 3602백만원 / 3362-332 지방주도형투자·일자리지원 1565백만원
3102,집적회로,의료기기,화성G&I(주),경남,50,1,,없음,1.0,0.9,0.5,0.01446,6.507,284곳: 의료용 기기(284),3333-305 산업단지환경조성 409920백만원 / 3363-306 지역투자촉진 251347백만원 / 3363-307 지역투자촉진(세종) 5026백만원 / 3362-301 지방주도형투자·일자리지원(자율) 3602백만원 / 3362-332 지방주도형투자·일자리지원 1565백만원
1801,합성수지,전기장비,(주)티에스씨고려,충북,104,2,,공장 2개,1.0,0.75,1.0,0.00865,6.487,173곳: 조명장치(143) · 전선 및 케이블(19) · 전지(11),3333-305 산업단지환경조성 409920백만원 / 3363-306 지역투자촉진 251347백만원 / 3363-307 지역투자촉진(세종) 5026백만원 / 3362-301 지방주도형투자·일자리지원(자율) 3602백만원 / 3362-332 지방주도형투자·일자리지원 1565백만원
3102,집적회로,전기장비,(주)마이크로인피니티,경북,65,2,,공장 2개,1.0,1.0,1.0,0.00635,6.35,246곳: 조명장치(143) · 기타 전기장비(67) · 전기변환장치(36),3333-305 산업단지환경조성 409920백만원 / 3363-306 지역투자촉진 251347백만원 / 3363-307 지역투자촉진(세종) 5026백만원 / 3362-301 지방주도형투자·일자리지원(자율) 3602백만원 / 3362-332 지방주도형투자·일자리지원 1565백만원
3723,전기회로 개폐 및 접속장치,전기장비,(주)동양특수금속,경기,38,2,,공장 2개,0.8,0.6,1.0,0.01318,6.326,552곳: 배전반 및 전기자동 제어반(261) · 조명장치(143) · 기타 전기장비(67),3333-305 산업단지환경조성 409920백만원 / 3363-306 지역투자촉진 251347백만원 / 3363-307 지역투자촉진(세종) 5026백만원 / 3362-301 지방주도형투자·일자리지원(자율) 3602백만원 / 3362-332 지방주도형투자·일자리지원 1565백만원
3723,전기회로 개폐 및 접속장치,전기장비,(주)서우일렉트,경기,31,2,,공장 2개,0.8,0.6,1.0,0.01318,6.326,552곳: 배전반 및 전기자동 제어반(261) · 조명장치(143) · 기타 전기장비(67),3333-305 산업단지환경조성 409920백만원 / 3363-306 지역투자촉진 251347백만원 / 3363-307 지역투자촉진(세종) 5026백만원 / 3362-301 지방주도형투자·일자리지원(자율) 3602백만원 / 3362-332 지방주도형투자·일자리지원 1565백만원
3723,전기회로 개폐 및 접속장치,전기장비,(주)우림월드,경기,40,2,,공장 2개,0.8,0.6,1.0,0.01318,6.326,552곳: 배전반 및 전기자동 제어반(261) · 조명장치(143) · 기타 전기장비(67),3333-305 산업단지환경조성 409920백만원 / 3363-306 지역투자촉진 251347백만원 / 3363-307 지역투자촉진(세종) 5026백만원 / 3362-301 지방주도형투자·일자리지원(자율) 3602백만원 / 3362-332 지방주도형투자·일자리지원 1565백만원
3723,전기회로 개폐 및 접속장치,전기장비,(주)창환단자공업,인천,243,2,,공장 2개,0.8,0.6,1.0,0.01318,6.326,552곳: 배전반 및 전기자동 제어반(261) · 조명장치(143) · 기타 전기장비(67),3333-305 산업단지환경조성 409920백만원 / 3363-306 지역투자촉진 251347백만원 / 3363-307 지역투자촉진(세종) 5026백만원 / 3362-301 지방주도형투자·일자리지원(자율) 3602백만원 / 3362-332 지방주도형투자·일자리지원 1565백만원
3723,전기회로 개폐 및 접속장치,전기장비,(주)한영코리아,경기,36,2,,공장 2개,0.8,0.6,1.0,0.01318,6.326,552곳: 배전반 및 전기자동 제어반(261) · 조명장치(143) · 기타 전기장비(67),3333-305 산업단지환경조성 409920백만원 / 3363-306 지역투자촉진 251347백만원 / 3363-307 지역투자촉진(세종) 5026백만원 / 3362-301 지방주도형투자·일자리지원(자율) 3602백만원 / 3362-332 지방주도형투자·일자리지원 1565백만원
3723,전기회로 개폐 및 접속장치,전기장비,금창기전(주),경기,31,2,,공장 2개,0.8,0.6,1.0,0.01318,6.326,552곳: 배전반 및 전기자동 제어반(261) · 조명장치(143) · 기타 전기장비(67),3333-305 산업단지환경조성 409920백만원 / 3363-306 지역투자촉진 251347백만원 / 3363-307 지역투자촉진(세종) 5026백만원 / 3362-301 지방주도형투자·일자리지원(자율) 3602백만원 / 3362-332 지방주도형투자·일자리지원 1565백만원
3723,전기회로 개폐 및 접속장치,전기장비,노이즈프리미어랩(주),경기,48,2,,공장 2개,0.8,0.6,1.0,0.01318,6.326,552곳: 배전반 및 전기자동 제어반(261) · 조명장치(143) · 기타 전기장비(67),3333-305 산업단지환경조성 409920백만원 / 3363-306 지역투자촉진 251347백만원 / 3363-307 지역투자촉진(세종) 5026백만원 / 3362-301 지방주도형투자·일자리지원(자율) 3602백만원 / 3362-332 지방주도형투자·일자리지원 1565백만원
3723,전기회로 개폐 및 접속장치,전기장비,동아전자(주),경기,49,2,,공장 2개,0.8,0.6,1.0,0.01318,6.326,552곳: 배전반 및 전기자동 제어반(261) · 조명장치(143) · 기타 전기장비(67),3333-305 산업단지환경조성 409920백만원 / 3363-306 지역투자촉진 251347백만원 / 3363-307 지역투자촉진(세종) 5026백만원 / 3362-301 지방주도형투자·일자리지원(자율) 3602백만원 / 3362-332 지방주도형투자·일자리지원 1565백만원
3723,전기회로 개폐 및 접속장치,전기장비,미래기전,경기,36,3,,공장 3개,0.8,0.6,1.0,0.01318,6.326,552곳: 배전반 및 전기자동 제어반(261) · 조명장치(143) · 기타 전기장비(67),3333-305 산업단지환경조성 409920백만원 / 3363-306 지역투자촉진 251347백만원 / 3363-307 지역투자촉진(세종) 5026백만원 / 3362-301 지방주도형투자·일자리지원(자율) 3602백만원 / 3362-332 지방주도형투자·일자리지원 1565백만원
3723,전기회로 개폐 및 접속장치,전기장비,부흥시스템(주),경기,41,2,,공장 2개,0.8,0.6,1.0,0.01318,6.326,552곳: 배전반 및 전기자동 제어반(261) · 조명장치(143) · 기타 전기장비(67),3333-305 산업단지환경조성 409920백만원 / 3363-306 지역투자촉진 251347백만원 / 3363-307 지역투자촉진(세종) 5026백만원 / 3362-301 지방주도형투자·일자리지원(자율) 3602백만원 / 3362-332 지방주도형투자·일자리지원 1565백만원
3723,전기회로 개폐 및 접속장치,전기장비,신성전자부품(주),경기,30,2,,공장 2개,0.8,0.6,1.0,0.01318,6.326,552곳: 배전반 및 전기자동 제어반(261) · 조명장치(143) · 기타 전기장비(67),3333-305 산업단지환경조성 409920백만원 / 3363-306 지역투자촉진 251347백만원 / 3363-307 지역투자촉진(세종) 5026백만원 / 3362-301 지방주도형투자·일자리지원(자율) 3602백만원 / 3362-332 지방주도형투자·일자리지원 1565백만원
3723,전기회로 개폐 및 접속장치,전기장비,신화특수금속(주),경기,36,2,,공장 2개,0.8,0.6,1.0,0.01318,6.326,552곳: 배전반 및 전기자동 제어반(261) · 조명장치(143) · 기타 전기장비(67),3333-305 산업단지환경조성 409920백만원 / 3363-306 지역투자촉진 251347백만원 / 3363-307 지역투자촉진(세종) 5026백만원 / 3362-301 지방주도형투자·일자리지원(자율) 3602백만원 / 3362-332 지방주도형투자·일자리지원 1565백만원
3723,전기회로 개폐 및 접속장치,전기장비,인텍전기전자(주),경기,223,2,,공장 2개,0.8,0.6,1.0,0.01318,6.326,552곳: 배전반 및 전기자동 제어반(261) · 조명장치(143) · 기타 전기장비(67),3333-305 산업단지환경조성 409920백만원 / 3363-306 지역투자촉진 251347백만원 / 3363-307 지역투자촉진(세종) 5026백만원 / 3362-301 지방주도형투자·일자리지원(자율) 3602백만원 / 3362-332 지방주도형투자·일자리지원 1565백만원
3723,전기회로 개폐 및 접속장치,전기장비,중앙알엔티(주),경기,38,2,,공장 2개,0.8,0.6,1.0,0.01318,6.326,552곳: 배전반 및 전기자동 제어반(261) · 조명장치(143) · 기타 전기장비(67),3333-305 산업단지환경조성 409920백만원 / 3363-306 지역투자촉진 251347백만원 / 3363-307 지역투자촉진(세종) 5026백만원 / 3362-301 지방주도형투자·일자리지원(자율) 3602백만원 / 3362-332 지방주도형투자·일자리지원 1565백만원
3723,전기회로 개폐 및 접속장치,전기장비,한국정밀공업(주),경기,47,2,,공장 2개,0.8,0.6,1.0,0.01318,6.326,552곳: 배전반 및 전기자동 제어반(261) · 조명장치(143) · 기타 전기장비(67),3333-305 산업단지환경조성 409920백만원 / 3363-306 지역투자촉진 251347백만원 / 3363-307 지역투자촉진(세종) 5026백만원 / 3362-301 지방주도형투자·일자리지원(자율) 3602백만원 / 3362-332 지방주도형투자·일자리지원 1565백만원
1801,합성수지,전기장비,금영화학(주),경남,39,2,,공장 2개,0.8,0.9,1.0,0.00865,6.228,173곳: 조명장치(143) · 전선 및 케이블(19) · 전지(11),3333-305 산업단지환경조성 409920백만원 / 3363-306 지역투자촉진 251347백만원 / 3363-307 지역투자촉진(세종) 5026백만원 / 3362-301 지방주도형투자·일자리지원(자율) 3602백만원 / 3362-332 지방주도형투자·일자리지원 1565백만원
3102,집적회로,의료기기,(주)비전테크,부산,60,1,,없음,1.0,0.85,0.5,0.01446,6.146,284곳: 의료용 기기(284),3333-305 산업단지환경조성 409920백만원 / 3363-306 지역투자촉진 251347백만원 / 3363-307 지역투자촉진(세종) 5026백만원 / 3362-301 지방주도형투자·일자리지원(자율) 3602백만원 / 3362-332 지방주도형투자·일자리지원 1565백만원
3723,전기회로 개폐 및 접속장치,전기장비,(주)대호테크 창원지점,경남,66,1,,없음,1.0,0.9,0.5,0.01318,5.931,552곳: 배전반 및 전기자동 제어반(261) · 조명장치(143) · 기타 전기장비(67),3333-305 산업단지환경조성 409920백만원 / 3363-306 지역투자촉진 251347백만원 / 3363-307 지역투자촉진(세종) 5026백만원 / 3362-301 지방주도형투자·일자리지원(자율) 3602백만원 / 3362-332 지방주도형투자·일자리지원 1565백만원
3723,전기회로 개폐 및 접속장치,전기장비,에이치디현대마린솔루션 주식회사,울산,60,1,,없음,1.0,0.9,0.5,0.01318,5.931,552곳: 배전반 및 전기자동 제어반(261) · 조명장치(143) · 기타 전기장비(67),3333-305 산업단지환경조성 409920백만원 / 3363-306 지역투자촉진 251347백만원 / 3363-307 지역투자촉진(세종) 5026백만원 / 3362-301 지방주도형투자·일자리지원(자율) 3602백만원 / 3362-332 지방주도형투자·일자리지원 1565백만원
3723,전기회로 개폐 및 접속장치,전기장비,주식회사 이맥스,울산,50,1,,없음,1.0,0.9,0.5,0.01318,5.931,552곳: 배전반 및 전기자동 제어반(261) · 조명장치(143) · 기타 전기장비(67),3333-305 산업단지환경조성 409920백만원 / 3363-306 지역투자촉진 251347백만원 / 3363-307 지역투자촉진(세종) 5026백만원 / 3362-301 지방주도형투자·일자리지원(자율) 3602백만원 / 3362-332 지방주도형투자·일자리지원 1565백만원
3723,전기회로 개폐 및 접속장치,전기장비,파코스(주),경남,99,1,,없음,1.0,0.9,0.5,0.01318,5.931,552곳: 배전반 및 전기자동 제어반(261) · 조명장치(143) · 기타 전기장비(67),3333-305 산업단지환경조성 409920백만원 / 3363-306 지역투자촉진 251347백만원 / 3363-307 지역투자촉진(세종) 5026백만원 / 3362-301 지방주도형투자·일자리지원(자율) 3602백만원 / 3362-332 지방주도형투자·일자리지원 1565백만원
3723,전기회로 개폐 및 접속장치,전기장비,한국제이에스티(주),경남,120,1,,없음,1.0,0.9,0.5,0.01318,5.931,552곳: 배전반 및 전기자동 제어반(261) · 조명장치(143) · 기타 전기장비(67),3333-305 산업단지환경조성 409920백만원 / 3363-306 지역투자촉진 251347백만원 / 3363-307 지역투자촉진(세종) 5026백만원 / 3362-301 지방주도형투자·일자리지원(자율) 3602백만원 / 3362-332 지방주도형투자·일자리지원 1565백만원
3723,전기회로 개폐 및 접속장치,전기장비,현대계전산업(주),울산,122,1,,없음,1.0,0.9,0.5,0.01318,5.931,552곳: 배전반 및 전기자동 제어반(261) · 조명장치(143) · 기타 전기장비(67),3333-305 산업단지환경조성 409920백만원 / 3363-306 지역투자촉진 251347백만원 / 3363-307 지역투자촉진(세종) 5026백만원 / 3362-301 지방주도형투자·일자리지원(자율) 3602백만원 / 3362-332 지방주도형투자·일자리지원 1565백만원
3723,전기회로 개폐 및 접속장치,전기장비,효성중공업㈜ 창원4공장,경남,84,1,,없음,1.0,0.9,0.5,0.01318,5.931,552곳: 배전반 및 전기자동 제어반(261) · 조명장치(143) · 기타 전기장비(67),3333-305 산업단지환경조성 409920백만원 / 3363-306 지역투자촉진 251347백만원 / 3363-307 지역투자촉진(세종) 5026백만원 / 3362-301 지방주도형투자·일자리지원(자율) 3602백만원 / 3362-332 지방주도형투자·일자리지원 1565백만원
1801,합성수지,전기장비,(주)대림산업,부산,32,2,,공장 2개,0.8,0.85,1.0,0.00865,5.882,173곳: 조명장치(143) · 전선 및 케이블(19) · 전지(11),3333-305 산업단지환경조성 409920백만원 / 3363-306 지역투자촉진 251347백만원 / 3363-307 지역투자촉진(세종) 5026백만원 / 3362-301 지방주도형투자·일자리지원(자율) 3602백만원 / 3362-332 지방주도형투자·일자리지원 1565백만원
1801,합성수지,전기장비,(주)흥일폴리켐,부산,45,2,,공장 2개,0.8,0.85,1.0,0.00865,5.882,173곳: 조명장치(143) · 전선 및 케이블(19) · 전지(11),3333-305 산업단지환경조성 409920백만원 / 3363-306 지역투자촉진 251347백만원 / 3363-307 지역투자촉진(세종) 5026백만원 / 3362-301 지방주도형투자·일자리지원(자율) 3602백만원 / 3362-332 지방주도형투자·일자리지원 1565백만원
3032,금속처리 가공품,전기장비,디에스알제강(주),전남광주,30,1,,없음,0.8,0.5,0.5,0.0293,5.86,577곳: 배전반 및 전기자동 제어반(261) · 조명장치(143) · 기타 전기장비(67),3333-305 산업단지환경조성 409920백만원 / 3363-306 지역투자촉진 251347백만원 / 3363-307 지역투자촉진(세종) 5026백만원 / 3362-301 지방주도형투자·일자리지원(자율) 3602백만원 / 3362-332 지방주도형투자·일자리지원 1565백만원
3209,기타 전자표시장치,자동차부품,(주)도우인시스,충북,300,1,,없음,0.8,0.75,0.5,0.01943,5.829,0곳,3333-305 산업단지환경조성 409920백만원 / 3363-306 지역투자촉진 251347백만원 / 3363-307 지역투자촉진(세종) 5026백만원 / 3362-301 지방주도형투자·일자리지원(자율) 3602백만원 / 3362-332 지방주도형투자·일자리지원 1565백만원
3209,기타 전자표시장치,자동차부품,(주)케이엔더블유,경기,101,1,,없음,1.0,0.6,0.5,0.01943,5.829,0곳,3333-305 산업단지환경조성 409920백만원 / 3363-306 지역투자촉진 251347백만원 / 3363-307 지역투자촉진(세종) 5026백만원 / 3362-301 지방주도형투자·일자리지원(자율) 3602백만원 / 3362-332 지방주도형투자·일자리지원 1565백만원
3209,기타 전자표시장치,자동차부품,(주)코아옵틱스,충남,30,1,,없음,0.8,0.75,0.5,0.01943,5.829,0곳,3333-305 산업단지환경조성 409920백만원 / 3363-306 지역투자촉진 251347백만원 / 3363-307 지역투자촉진(세종) 5026백만원 / 3362-301 지방주도형투자·일자리지원(자율) 3602백만원 / 3362-332 지방주도형투자·일자리지원 1565백만원
3209,기타 전자표시장치,자동차부품,에프엔에스테크(주),충남,30,1,,없음,0.8,0.75,0.5,0.01943,5.829,0곳,3333-305 산업단지환경조성 409920백만원 / 3363-306 지역투자촉진 251347백만원 / 3363-307 지역투자촉진(세종) 5026백만원 / 3362-301 지방주도형투자·일자리지원(자율) 3602백만원 / 3362-332 지방주도형투자·일자리지원 1565백만원
3209,기타 전자표시장치,자동차부품,피에스테크놀러지(주),경기,50,1,,없음,1.0,0.6,0.5,0.01943,5.829,0곳,3333-305 산업단지환경조성 409920백만원 / 3363-306 지역투자촉진 251347백만원 / 3363-307 지역투자촉진(세종) 5026백만원 / 3362-301 지방주도형투자·일자리지원(자율) 3602백만원 / 3362-332 지방주도형투자·일자리지원 1565백만원
3102,집적회로,의료기기,(주)명진전자,경북,37,1,,없음,0.8,1.0,0.5,0.01446,5.784,284곳: 의료용 기기(284),3333-305 산업단지환경조성 409920백만원 / 3363-306 지역투자촉진 251347백만원 / 3363-307 지역투자촉진(세종) 5026백만원 / 3362-301 지방주도형투자·일자리지원(자율) 3602백만원 / 3362-332 지방주도형투자·일자리지원 1565백만원
1713,석유화학중간제품,섬유,(주)엘지화학 SM공장,전남광주,112,1,,없음,1.0,0.5,0.5,0.02297,5.743,0곳,3333-305 산업단지환경조성 409920백만원 / 3363-306 지역투자촉진 251347백만원 / 3363-307 지역투자촉진(세종) 5026백만원 / 3362-301 지방주도형투자·일자리지원(자율) 3602백만원 / 3362-332 지방주도형투자·일자리지원 1565백만원
1713,석유화학중간제품,섬유,(주)엘지화학 VCM공장,전남광주,198,1,,없음,1.0,0.5,0.5,0.02297,5.743,0곳,3333-305 산업단지환경조성 409920백만원 / 3363-306 지역투자촉진 251347백만원 / 3363-307 지역투자촉진(세종) 5026백만원 / 3362-301 지방주도형투자·일자리지원(자율) 3602백만원 / 3362-332 지방주도형투자·일자리지원 1565백만원
1713,석유화학중간제품,섬유,도레이첨단소재(주),전북,100,1,,없음,1.0,0.5,0.5,0.02297,5.743,0곳,3333-305 산업단지환경조성 409920백만원 / 3363-306 지역투자촉진 251347백만원 / 3363-307 지역투자촉진(세종) 5026백만원 / 3362-301 지방주도형투자·일자리지원(자율) 3602백만원 / 3362-332 지방주도형투자·일자리지원 1565백만원
1713,석유화학중간제품,섬유,디엘케미칼(주) 여수 C4공장,전남광주,52,1,,없음,1.0,0.5,0.5,0.02297,5.743,0곳,3333-305 산업단지환경조성 409920백만원 / 3363-306 지역투자촉진 251347백만원 / 3363-307 지역투자촉진(세종) 5026백만원 / 3362-301 지방주도형투자·일자리지원(자율) 3602백만원 / 3362-332 지방주도형투자·일자리지원 1565백만원
1713,석유화학중간제품,섬유,롯데엠시시(주) 2공장,전남광주,65,1,,없음,1.0,0.5,0.5,0.02297,5.743,0곳,3333-305 산업단지환경조성 409920백만원 / 3363-306 지역투자촉진 251347백만원 / 3363-307 지역투자촉진(세종) 5026백만원 / 3362-301 지방주도형투자·일자리지원(자율) 3602백만원 / 3362-332 지방주도형투자·일자리지원 1565백만원
1713,석유화학중간제품,섬유,롯데지에스화학(주),,150,1,,없음,1.0,0.5,0.5,0.02297,5.743,0곳,3333-305 산업단지환경조성 409920백만원 / 3363-306 지역투자촉진 251347백만원 / 3363-307 지역투자촉진(세종) 5026백만원 / 3362-301 지방주도형투자·일자리지원(자율) 3602백만원 / 3362-332 지방주도형투자·일자리지원 1565백만원
1713,석유화학중간제품,섬유,서해그린화학 주식회사,,77,1,,없음,1.0,0.5,0.5,0.02297,5.743,0곳,3333-305 산업단지환경조성 409920백만원 / 3363-306 지역투자촉진 251347백만원 / 3363-307 지역투자촉진(세종) 5026백만원 / 3362-301 지방주도형투자·일자리지원(자율) 3602백만원 / 3362-332 지방주도형투자·일자리지원 1565백만원
1713,석유화학중간제품,섬유,여천NCC(주)여수공장(3사업장),전남광주,168,1,,없음,1.0,0.5,0.5,0.02297,5.743,0곳,3333-305 산업단지환경조성 409920백만원 / 3363-306 지역투자촉진 251347백만원 / 3363-307 지역투자촉진(세종) 5026백만원 / 3362-301 지방주도형투자·일자리지원(자율) 3602백만원 / 3362-332 지방주도형투자·일자리지원 1565백만원
3723,전기회로 개폐 및 접속장치,전기장비,(주)디에스이,부산,60,1,,없음,1.0,0.85,0.5,0.01318,5.602,552곳: 배전반 및 전기자동 제어반(261) · 조명장치(143) · 기타 전기장비(67),3333-305 산업단지환경조성 409920백만원 / 3363-306 지역투자촉진 251347백만원 / 3363-307 지역투자촉진(세종) 5026백만원 / 3362-301 지방주도형투자·일자리지원(자율) 3602백만원 / 3362-332 지방주도형투자·일자리지원 1565백만원
3723,전기회로 개폐 및 접속장치,전기장비,(주)로텍,부산,114,1,,없음,1.0,0.85,0.5,0.01318,5.602,552곳: 배전반 및 전기자동 제어반(261) · 조명장치(143) · 기타 전기장비(67),3333-305 산업단지환경조성 409920백만원 / 3363-306 지역투자촉진 251347백만원 / 3363-307 지역투자촉진(세종) 5026백만원 / 3362-301 지방주도형투자·일자리지원(자율) 3602백만원 / 3362-332 지방주도형투자·일자리지원 1565백만원
3723,전기회로 개폐 및 접속장치,전기장비,(주)신동아ES,부산,110,1,,없음,1.0,0.85,0.5,0.01318,5.602,552곳: 배전반 및 전기자동 제어반(261) · 조명장치(143) · 기타 전기장비(67),3333-305 산업단지환경조성 409920백만원 / 3363-306 지역투자촉진 251347백만원 / 3363-307 지역투자촉진(세종) 5026백만원 / 3362-301 지방주도형투자·일자리지원(자율) 3602백만원 / 3362-332 지방주도형투자·일자리지원 1565백만원
3723,전기회로 개폐 및 접속장치,전기장비,에스지솔루션(주),부산,74,1,,없음,1.0,0.85,0.5,0.01318,5.602,552곳: 배전반 및 전기자동 제어반(261) · 조명장치(143) · 기타 전기장비(67),3333-305 산업단지환경조성 409920백만원 / 3363-306 지역투자촉진 251347백만원 / 3363-307 지역투자촉진(세종) 5026백만원 / 3362-301 지방주도형투자·일자리지원(자율) 3602백만원 / 3362-332 지방주도형투자·일자리지원 1565백만원
3723,전기회로 개폐 및 접속장치,전기장비,해강기술(주),부산,65,1,,없음,1.0,0.85,0.5,0.01318,5.602,552곳: 배전반 및 전기자동 제어반(261) · 조명장치(143) · 기타 전기장비(67),3333-305 산업단지환경조성 409920백만원 / 3363-306 지역투자촉진 251347백만원 / 3363-307 지역투자촉진(세종) 5026백만원 / 3362-301 지방주도형투자·일자리지원(자율) 3602백만원 / 3362-332 지방주도형투자·일자리지원 1565백만원
2211,도료,자동차부품,(주)삼중,,63,3,,공장 3개,1.0,0.5,1.0,0.01095,5.475,0곳,3333-305 산업단지환경조성 409920백만원 / 3363-306 지역투자촉진 251347백만원 / 3363-307 지역투자촉진(세종) 5026백만원 / 3362-301 지방주도형투자·일자리지원(자율) 3602백만원 / 3362-332 지방주도형투자·일자리지원 1565백만원
2211,도료,자동차부품,(주)원익,강원,91,2,,공장 2개,1.0,0.5,1.0,0.01095,5.475,0곳,3333-305 산업단지환경조성 409920백만원 / 3363-306 지역투자촉진 251347백만원 / 3363-307 지역투자촉진(세종) 5026백만원 / 3362-301 지방주도형투자·일자리지원(자율) 3602백만원 / 3362-332 지방주도형투자·일자리지원 1565백만원
2211,도료,자동차부품,삼창기연(주),,75,2,,공장 2개,1.0,0.5,1.0,0.01095,5.475,0곳,3333-305 산업단지환경조성 409920백만원 / 3363-306 지역투자촉진 251347백만원 / 3363-307 지역투자촉진(세종) 5026백만원 / 3362-301 지방주도형투자·일자리지원(자율) 3602백만원 / 3362-332 지방주도형투자·일자리지원 1565백만원
2211,도료,자동차부품,세모화학(주),경북,91,1,,없음,1.0,1.0,0.5,0.01095,5.475,0곳,3333-305 산업단지환경조성 409920백만원 / 3363-306 지역투자촉진 251347백만원 / 3363-307 지역투자촉진(세종) 5026백만원 / 3362-301 지방주도형투자·일자리지원(자율) 3602백만원 / 3362-332 지방주도형투자·일자리지원 1565백만원
2211,도료,자동차부품,씨카코리아(주),,125,2,,공장 2개,1.0,0.5,1.0,0.01095,5.475,0곳,3333-305 산업단지환경조성 409920백만원 / 3363-306 지역투자촉진 251347백만원 / 3363-307 지역투자촉진(세종) 5026백만원 / 3362-301 지방주도형투자·일자리지원(자율) 3602백만원 / 3362-332 지방주도형투자·일자리지원 1565백만원
3102,집적회로,의료기기,덕산넵코어스(주),대전,171,1,,없음,1.0,0.75,0.5,0.01446,5.423,284곳: 의료용 기기(284),3333-305 산업단지환경조성 409920백만원 / 3363-306 지역투자촉진 251347백만원 / 3363-307 지역투자촉진(세종) 5026백만원 / 3362-301 지방주도형투자·일자리지원(자율) 3602백만원 / 3362-332 지방주도형투자·일자리지원 1565백만원
3102,집적회로,의료기기,에스피텍(주),충북,86,1,,없음,1.0,0.75,0.5,0.01446,5.423,284곳: 의료용 기기(284),3333-305 산업단지환경조성 409920백만원 / 3363-306 지역투자촉진 251347백만원 / 3363-307 지역투자촉진(세종) 5026백만원 / 3362-301 지방주도형투자·일자리지원(자율) 3602백만원 / 3362-332 지방주도형투자·일자리지원 1565백만원
3723,전기회로 개폐 및 접속장치,전기장비,(주)더원하네스,경북,34,1,,없음,0.8,1.0,0.5,0.01318,5.272,552곳: 배전반 및 전기자동 제어반(261) · 조명장치(143) · 기타 전기장비(67),3333-305 산업단지환경조성 409920백만원 / 3363-306 지역투자촉진 251347백만원 / 3363-307 지역투자촉진(세종) 5026백만원 / 3362-301 지방주도형투자·일자리지원(자율) 3602백만원 / 3362-332 지방주도형투자·일자리지원 1565백만원
3723,전기회로 개폐 및 접속장치,전기장비,(주)엔에스머티리얼즈,,40,2,,공장 2개,0.8,0.5,1.0,0.01318,5.272,552곳: 배전반 및 전기자동 제어반(261) · 조명장치(143) · 기타 전기장비(67),3333-305 산업단지환경조성 409920백만원 / 3363-306 지역투자촉진 251347백만원 / 3363-307 지역투자촉진(세종) 5026백만원 / 3362-301 지방주도형투자·일자리지원(자율) 3602백만원 / 3362-332 지방주도형투자·일자리지원 1565백만원
3723,전기회로 개폐 및 접속장치,전기장비,탑솔라(주),전남광주,281,3,,공장 3개,0.8,0.5,1.0,0.01318,5.272,552곳: 배전반 및 전기자동 제어반(261) · 조명장치(143) · 기타 전기장비(67),3333-305 산업단지환경조성 409920백만원 / 3363-306 지역투자촉진 251347백만원 / 3363-307 지역투자촉진(세종) 5026백만원 / 3362-301 지방주도형투자·일자리지원(자율) 3602백만원 / 3362-332 지방주도형투자·일자리지원 1565백만원
2211,도료,자동차부품,(주)금강,경기,48,2,,공장 2개,0.8,0.6,1.0,0.01095,5.256,0곳,3333-305 산업단지환경조성 409920백만원 / 3363-306 지역투자촉진 251347백만원 / 3363-307 지역투자촉진(세종) 5026백만원 / 3362-301 지방주도형투자·일자리지원(자율) 3602백만원 / 3362-332 지방주도형투자·일자리지원 1565백만원
2211,도료,자동차부품,(주)씨앤에이인더스트리,경기,31,2,,공장 2개,0.8,0.6,1.0,0.01095,5.256,0곳,3333-305 산업단지환경조성 409920백만원 / 3363-306 지역투자촉진 251347백만원 / 3363-307 지역투자촉진(세종) 5026백만원 / 3362-301 지방주도형투자·일자리지원(자율) 3602백만원 / 3362-332 지방주도형투자·일자리지원 1565백만원
2211,도료,자동차부품,(주)에스피앤씨,경기,31,2,,공장 2개,0.8,0.6,1.0,0.01095,5.256,0곳,3333-305 산업단지환경조성 409920백만원 / 3363-306 지역투자촉진 251347백만원 / 3363-307 지역투자촉진(세종) 5026백만원 / 3362-301 지방주도형투자·일자리지원(자율) 3602백만원 / 3362-332 지방주도형투자·일자리지원 1565백만원
2211,도료,자동차부품,동양에폭시(주),경기,36,2,,공장 2개,0.8,0.6,1.0,0.01095,5.256,0곳,3333-305 산업단지환경조성 409920백만원 / 3363-306 지역투자촉진 251347백만원 / 3363-307 지역투자촉진(세종) 5026백만원 / 3362-301 지방주도형투자·일자리지원(자율) 3602백만원 / 3362-332 지방주도형투자·일자리지원 1565백만원
2211,도료,자동차부품,주식회사 엠티어,경기,242,2,,공장 2개,0.8,0.6,1.0,0.01095,5.256,0곳,3333-305 산업단지환경조성 409920백만원 / 3363-306 지역투자촉진 251347백만원 / 3363-307 지역투자촉진(세종) 5026백만원 / 3362-301 지방주도형투자·일자리지원(자율) 3602백만원 / 3362-332 지방주도형투자·일자리지원 1565백만원
2211,도료,자동차부품,주식회사 이원테크,경기,34,2,,공장 2개,0.8,0.6,1.0,0.01095,5.256,0곳,3333-305 산업단지환경조성 409920백만원 / 3363-306 지역투자촉진 251347백만원 / 3363-307 지역투자촉진(세종) 5026백만원 / 3362-301 지방주도형투자·일자리지원(자율) 3602백만원 / 3362-332 지방주도형투자·일자리지원 1565백만원
2211,도료,자동차부품,한미르(주),경기,37,3,,공장 3개,0.8,0.6,1.0,0.01095,5.256,0곳,3333-305 산업단지환경조성 409920백만원 / 3363-306 지역투자촉진 251347백만원 / 3363-307 지역투자촉진(세종) 5026백만원 / 3362-301 지방주도형투자·일자리지원(자율) 3602백만원 / 3362-332 지방주도형투자·일자리지원 1565백만원
2211,도료,자동차부품,현대켐텍(주),경기,49,2,,공장 2개,0.8,0.6,1.0,0.01095,5.256,0곳,3333-305 산업단지환경조성 409920백만원 / 3363-306 지역투자촉진 251347백만원 / 3363-307 지역투자촉진(세종) 5026백만원 / 3362-301 지방주도형투자·일자리지원(자율) 3602백만원 / 3362-332 지방주도형투자·일자리지원 1565백만원
2821,동 1차제품,일반기계,(주)하나금속,인천,156,3,,공장 3개,1.0,0.6,1.0,0.00873,5.238,149곳: 밸브(98) · 공기조절장치 및 냉장냉동 장비(51),3333-305 산업단지환경조성 409920백만원 / 3363-306 지역투자촉진 251347백만원 / 3363-307 지역투자촉진(세종) 5026백만원 / 3362-301 지방주도형투자·일자리지원(자율) 3602백만원 / 3362-332 지방주도형투자·일자리지원 1565백만원
1801,합성수지,전기장비,(주)세이프코리아,경기,54,2,,공장 2개,1.0,0.6,1.0,0.00865,5.19,173곳: 조명장치(143) · 전선 및 케이블(19) · 전지(11),3333-305 산업단지환경조성 409920백만원 / 3363-306 지역투자촉진 251347백만원 / 3363-307 지역투자촉진(세종) 5026백만원 / 3362-301 지방주도형투자·일자리지원(자율) 3602백만원 / 3362-332 지방주도형투자·일자리지원 1565백만원
1801,합성수지,전기장비,(주)티에스씨,경기,117,3,,공장 3개,1.0,0.6,1.0,0.00865,5.19,173곳: 조명장치(143) · 전선 및 케이블(19) · 전지(11),3333-305 산업단지환경조성 409920백만원 / 3363-306 지역투자촉진 251347백만원 / 3363-307 지역투자촉진(세종) 5026백만원 / 3362-301 지방주도형투자·일자리지원(자율) 3602백만원 / 3362-332 지방주도형투자·일자리지원 1565백만원
1801,합성수지,전기장비,(주)화창,경기,82,2,,공장 2개,1.0,0.6,1.0,0.00865,5.19,173곳: 조명장치(143) · 전선 및 케이블(19) · 전지(11),3333-305 산업단지환경조성 409920백만원 / 3363-306 지역투자촉진 251347백만원 / 3363-307 지역투자촉진(세종) 5026백만원 / 3362-301 지방주도형투자·일자리지원(자율) 3602백만원 / 3362-332 지방주도형투자·일자리지원 1565백만원
1801,합성수지,전기장비,아이세로미림(주),경기,56,2,,공장 2개,1.0,0.6,1.0,0.00865,5.19,173곳: 조명장치(143) · 전선 및 케이블(19) · 전지(11),3333-305 산업단지환경조성 409920백만원 / 3363-306 지역투자촉진 251347백만원 / 3363-307 지역투자촉진(세종) 5026백만원 / 3362-301 지방주도형투자·일자리지원(자율) 3602백만원 / 3362-332 지방주도형투자·일자리지원 1565백만원
1801,합성수지,전기장비,한국바스프(주),경기,149,2,,공장 2개,1.0,0.6,1.0,0.00865,5.19,173곳: 조명장치(143) · 전선 및 케이블(19) · 전지(11),3333-305 산업단지환경조성 409920백만원 / 3363-306 지역투자촉진 251347백만원 / 3363-307 지역투자촉진(세종) 5026백만원 / 3362-301 지방주도형투자·일자리지원(자율) 3602백만원 / 3362-332 지방주도형투자·일자리지원 1565백만원
3723,전기회로 개폐 및 접속장치,전기장비,(주)에스지 이엠디,충북,94,1,,없음,1.0,0.75,0.5,0.01318,4.943,552곳: 배전반 및 전기자동 제어반(261) · 조명장치(143) · 기타 전기장비(67),3333-305 산업단지환경조성 409920백만원 / 3363-306 지역투자촉진 251347백만원 / 3363-307 지역투자촉진(세종) 5026백만원 / 3362-301 지방주도형투자·일자리지원(자율) 3602백만원 / 3362-332 지방주도형투자·일자리지원 1565백만원
3723,전기회로 개폐 및 접속장치,전기장비,(주)와이엠텍,충북,60,1,,없음,1.0,0.75,0.5,0.01318,4.943,552곳: 배전반 및 전기자동 제어반(261) · 조명장치(143) · 기타 전기장비(67),3333-305 산업단지환경조성 409920백만원 / 3363-306 지역투자촉진 251347백만원 / 3363-307 지역투자촉진(세종) 5026백만원 / 3362-301 지방주도형투자·일자리지원(자율) 3602백만원 / 3362-332 지방주도형투자·일자리지원 1565백만원
3723,전기회로 개폐 및 접속장치,전기장비,(주)운영,충남,140,1,,없음,1.0,0.75,0.5,0.01318,4.943,552곳: 배전반 및 전기자동 제어반(261) · 조명장치(143) · 기타 전기장비(67),3333-305 산업단지환경조성 409920백만원 / 3363-306 지역투자촉진 251347백만원 / 3363-307 지역투자촉진(세종) 5026백만원 / 3362-301 지방주도형투자·일자리지원(자율) 3602백만원 / 3362-332 지방주도형투자·일자리지원 1565백만원
3723,전기회로 개폐 및 접속장치,전기장비,금성E&T,충북,50,1,,없음,1.0,0.75,0.5,0.01318,4.943,552곳: 배전반 및 전기자동 제어반(261) · 조명장치(143) · 기타 전기장비(67),3333-305 산업단지환경조성 409920백만원 / 3363-306 지역투자촉진 251347백만원 / 3363-307 지역투자촉진(세종) 5026백만원 / 3362-301 지방주도형투자·일자리지원(자율) 3602백만원 / 3362-332 지방주도형투자·일자리지원 1565백만원
3723,전기회로 개폐 및 접속장치,전기장비,대한전선(주) 당진솔루션공장,충남,86,1,,없음,1.0,0.75,0.5,0.01318,4.943,552곳: 배전반 및 전기자동 제어반(261) · 조명장치(143) · 기타 전기장비(67),3333-305 산업단지환경조성 409920백만원 / 3363-306 지역투자촉진 251347백만원 / 3363-307 지역투자촉진(세종) 5026백만원 / 3362-301 지방주도형투자·일자리지원(자율) 3602백만원 / 3362-332 지방주도형투자·일자리지원 1565백만원
3723,전기회로 개폐 및 접속장치,전기장비,새한 주식회사,충북,96,1,,없음,1.0,0.75,0.5,0.01318,4.943,552곳: 배전반 및 전기자동 제어반(261) · 조명장치(143) · 기타 전기장비(67),3333-305 산업단지환경조성 409920백만원 / 3363-306 지역투자촉진 251347백만원 / 3363-307 지역투자촉진(세종) 5026백만원 / 3362-301 지방주도형투자·일자리지원(자율) 3602백만원 / 3362-332 지방주도형투자·일자리지원 1565백만원
3723,전기회로 개폐 및 접속장치,전기장비,엘에스이모빌리티솔루션(주),충북,66,1,,없음,1.0,0.75,0.5,0.01318,4.943,552곳: 배전반 및 전기자동 제어반(261) · 조명장치(143) · 기타 전기장비(67),3333-305 산업단지환경조성 409920백만원 / 3363-306 지역투자촉진 251347백만원 / 3363-307 지역투자촉진(세종) 5026백만원 / 3362-301 지방주도형투자·일자리지원(자율) 3602백만원 / 3362-332 지방주도형투자·일자리지원 1565백만원
2211,도료,자동차부품,(주)노루페인트 칠서공장,경남,67,1,,없음,1.0,0.9,0.5,0.01095,4.927,0곳,3333-305 산업단지환경조성 409920백만원 / 3363-306 지역투자촉진 251347백만원 / 3363-307 지역투자촉진(세종) 5026백만원 / 3362-301 지방주도형투자·일자리지원(자율) 3602백만원 / 3362-332 지방주도형투자·일자리지원 1565백만원
2211,도료,자동차부품,(주)디엔씨,경남,65,1,,없음,1.0,0.9,0.5,0.01095,4.927,0곳,3333-305 산업단지환경조성 409920백만원 / 3363-306 지역투자촉진 251347백만원 / 3363-307 지역투자촉진(세종) 5026백만원 / 3362-301 지방주도형투자·일자리지원(자율) 3602백만원 / 3362-332 지방주도형투자·일자리지원 1565백만원
2211,도료,자동차부품,(주)아이피케이,경남,83,1,,없음,1.0,0.9,0.5,0.01095,4.927,0곳,3333-305 산업단지환경조성 409920백만원 / 3363-306 지역투자촉진 251347백만원 / 3363-307 지역투자촉진(세종) 5026백만원 / 3362-301 지방주도형투자·일자리지원(자율) 3602백만원 / 3362-332 지방주도형투자·일자리지원 1565백만원
2211,도료,자동차부품,(주)이노폴,경남,89,1,,없음,1.0,0.9,0.5,0.01095,4.927,0곳,3333-305 산업단지환경조성 409920백만원 / 3363-306 지역투자촉진 251347백만원 / 3363-307 지역투자촉진(세종) 5026백만원 / 3362-301 지방주도형투자·일자리지원(자율) 3602백만원 / 3362-332 지방주도형투자·일자리지원 1565백만원
2211,도료,자동차부품,(주)카보라인코리아제2공장,경남,67,1,,없음,1.0,0.9,0.5,0.01095,4.927,0곳,3333-305 산업단지환경조성 409920백만원 / 3363-306 지역투자촉진 251347백만원 / 3363-307 지역투자촉진(세종) 5026백만원 / 3362-301 지방주도형투자·일자리지원(자율) 3602백만원 / 3362-332 지방주도형투자·일자리지원 1565백만원
2211,도료,자동차부품,동일화학공업(주),경남,72,1,,없음,1.0,0.9,0.5,0.01095,4.927,0곳,3333-305 산업단지환경조성 409920백만원 / 3363-306 지역투자촉진 251347백만원 / 3363-307 지역투자촉진(세종) 5026백만원 / 3362-301 지방주도형투자·일자리지원(자율) 3602백만원 / 3362-332 지방주도형투자·일자리지원 1565백만원
2211,도료,자동차부품,악조노벨인더스트리얼코팅(유),경남,88,1,,없음,1.0,0.9,0.5,0.01095,4.927,0곳,3333-305 산업단지환경조성 409920백만원 / 3363-306 지역투자촉진 251347백만원 / 3363-307 지역투자촉진(세종) 5026백만원 / 3362-301 지방주도형투자·일자리지원(자율) 3602백만원 / 3362-332 지방주도형투자·일자리지원 1565백만원
2211,도료,자동차부품,에스에스씨피(주),경남,70,1,,없음,1.0,0.9,0.5,0.01095,4.927,0곳,3333-305 산업단지환경조성 409920백만원 / 3363-306 지역투자촉진 251347백만원 / 3363-307 지역투자촉진(세종) 5026백만원 / 3362-301 지방주도형투자·일자리지원(자율) 3602백만원 / 3362-332 지방주도형투자·일자리지원 1565백만원
2211,도료,자동차부품,에스피삼화(주) 김해공장,경남,100,1,,없음,1.0,0.9,0.5,0.01095,4.927,0곳,3333-305 산업단지환경조성 409920백만원 / 3363-306 지역투자촉진 251347백만원 / 3363-307 지역투자촉진(세종) 5026백만원 / 3362-301 지방주도형투자·일자리지원(자율) 3602백만원 / 3362-332 지방주도형투자·일자리지원 1565백만원
2211,도료,자동차부품,주영산업(주),경남,57,1,,없음,1.0,0.9,0.5,0.01095,4.927,0곳,3333-305 산업단지환경조성 409920백만원 / 3363-306 지역투자촉진 251347백만원 / 3363-307 지역투자촉진(세종) 5026백만원 / 3362-301 지방주도형투자·일자리지원(자율) 3602백만원 / 3362-332 지방주도형투자·일자리지원 1565백만원
2211,도료,자동차부품,츄고쿠삼화페인트(주),경남,130,1,,없음,1.0,0.9,0.5,0.01095,4.927,0곳,3333-305 산업단지환경조성 409920백만원 / 3363-306 지역투자촉진 251347백만원 / 3363-307 지역투자촉진(세종) 5026백만원 / 3362-301 지방주도형투자·일자리지원(자율) 3602백만원 / 3362-332 지방주도형투자·일자리지원 1565백만원
2211,도료,자동차부품,피피지에스에스씨(주),울산,63,1,,없음,1.0,0.9,0.5,0.01095,4.927,0곳,3333-305 산업단지환경조성 409920백만원 / 3363-306 지역투자촉진 251347백만원 / 3363-307 지역투자촉진(세종) 5026백만원 / 3362-301 지방주도형투자·일자리지원(자율) 3602백만원 / 3362-332 지방주도형투자·일자리지원 1565백만원
3723,전기회로 개폐 및 접속장치,전기장비,다운이엔씨(주),울산,45,1,,없음,0.8,0.9,0.5,0.01318,4.745,552곳: 배전반 및 전기자동 제어반(261) · 조명장치(143) · 기타 전기장비(67),3333-305 산업단지환경조성 409920백만원 / 3363-306 지역투자촉진 251347백만원 / 3363-307 지역투자촉진(세종) 5026백만원 / 3362-301 지방주도형투자·일자리지원(자율) 3602백만원 / 3362-332 지방주도형투자·일자리지원 1565백만원
3723,전기회로 개폐 및 접속장치,전기장비,대성이텍(주),울산,33,1,,없음,0.8,0.9,0.5,0.01318,4.745,552곳: 배전반 및 전기자동 제어반(261) · 조명장치(143) · 기타 전기장비(67),3333-305 산업단지환경조성 409920백만원 / 3363-306 지역투자촉진 251347백만원 / 3363-307 지역투자촉진(세종) 5026백만원 / 3362-301 지방주도형투자·일자리지원(자율) 3602백만원 / 3362-332 지방주도형투자·일자리지원 1565백만원
3723,전기회로 개폐 및 접속장치,전기장비,동아전기,경남,32,1,,없음,0.8,0.9,0.5,0.01318,4.745,552곳: 배전반 및 전기자동 제어반(261) · 조명장치(143) · 기타 전기장비(67),3333-305 산업단지환경조성 409920백만원 / 3363-306 지역투자촉진 251347백만원 / 3363-307 지역투자촉진(세종) 5026백만원 / 3362-301 지방주도형투자·일자리지원(자율) 3602백만원 / 3362-332 지방주도형투자·일자리지원 1565백만원
3723,전기회로 개폐 및 접속장치,전기장비,비엔테크(주),경남,38,1,,없음,0.8,0.9,0.5,0.01318,4.745,552곳: 배전반 및 전기자동 제어반(261) · 조명장치(143) · 기타 전기장비(67),3333-305 산업단지환경조성 409920백만원 / 3363-306 지역투자촉진 251347백만원 / 3363-307 지역투자촉진(세종) 5026백만원 / 3362-301 지방주도형투자·일자리지원(자율) 3602백만원 / 3362-332 지방주도형투자·일자리지원 1565백만원
3723,전기회로 개폐 및 접속장치,전기장비,에스엘텍,경남,30,1,,없음,0.8,0.9,0.5,0.01318,4.745,552곳: 배전반 및 전기자동 제어반(261) · 조명장치(143) · 기타 전기장비(67),3333-305 산업단지환경조성 409920백만원 / 3363-306 지역투자촉진 251347백만원 / 3363-307 지역투자촉진(세종) 5026백만원 / 3362-301 지방주도형투자·일자리지원(자율) 3602백만원 / 3362-332 지방주도형투자·일자리지원 1565백만원
3723,전기회로 개폐 및 접속장치,전기장비,주식회사 디엔오토모티브 양산2공장,경남,47,1,,없음,0.8,0.9,0.5,0.01318,4.745,552곳: 배전반 및 전기자동 제어반(261) · 조명장치(143) · 기타 전기장비(67),3333-305 산업단지환경조성 409920백만원 / 3363-306 지역투자촉진 251347백만원 / 3363-307 지역투자촉진(세종) 5026백만원 / 3362-301 지방주도형투자·일자리지원(자율) 3602백만원 / 3362-332 지방주도형투자·일자리지원 1565백만원
3723,전기회로 개폐 및 접속장치,전기장비,주식회사 디티알,경남,40,1,,없음,0.8,0.9,0.5,0.01318,4.745,552곳: 배전반 및 전기자동 제어반(261) · 조명장치(143) · 기타 전기장비(67),3333-305 산업단지환경조성 409920백만원 / 3363-306 지역투자촉진 251347백만원 / 3363-307 지역투자촉진(세종) 5026백만원 / 3362-301 지방주도형투자·일자리지원(자율) 3602백만원 / 3362-332 지방주도형투자·일자리지원 1565백만원
3723,전기회로 개폐 및 접속장치,전기장비,한일차단기 2공장,경남,45,1,,없음,0.8,0.9,0.5,0.01318,4.745,552곳: 배전반 및 전기자동 제어반(261) · 조명장치(143) · 기타 전기장비(67),3333-305 산업단지환경조성 409920백만원 / 3363-306 지역투자촉진 251347백만원 / 3363-307 지역투자촉진(세종) 5026백만원 / 3362-301 지방주도형투자·일자리지원(자율) 3602백만원 / 3362-332 지방주도형투자·일자리지원 1565백만원
3723,전기회로 개폐 및 접속장치,전기장비,한일차단기(주),경남,45,1,,없음,0.8,0.9,0.5,0.01318,4.745,552곳: 배전반 및 전기자동 제어반(261) · 조명장치(143) · 기타 전기장비(67),3333-305 산업단지환경조성 409920백만원 / 3363-306 지역투자촉진 251347백만원 / 3363-307 지역투자촉진(세종) 5026백만원 / 3362-301 지방주도형투자·일자리지원(자율) 3602백만원 / 3362-332 지방주도형투자·일자리지원 1565백만원
3209,기타 전자표시장치,자동차부품,(주)성산,경기,37,1,,없음,0.8,0.6,0.5,0.01943,4.663,0곳,3333-305 산업단지환경조성 409920백만원 / 3363-306 지역투자촉진 251347백만원 / 3363-307 지역투자촉진(세종) 5026백만원 / 3362-301 지방주도형투자·일자리지원(자율) 3602백만원 / 3362-332 지방주도형투자·일자리지원 1565백만원
3209,기타 전자표시장치,자동차부품,(주)아성,경기,43,1,,없음,0.8,0.6,0.5,0.01943,4.663,0곳,3333-305 산업단지환경조성 409920백만원 / 3363-306 지역투자촉진 251347백만원 / 3363-307 지역투자촉진(세종) 5026백만원 / 3362-301 지방주도형투자·일자리지원(자율) 3602백만원 / 3362-332 지방주도형투자·일자리지원 1565백만원
3209,기타 전자표시장치,자동차부품,(주)정진멀티테크놀로지,인천,48,1,,없음,0.8,0.6,0.5,0.01943,4.663,0곳,3333-305 산업단지환경조성 409920백만원 / 3363-306 지역투자촉진 251347백만원 / 3363-307 지역투자촉진(세종) 5026백만원 / 3362-301 지방주도형투자·일자리지원(자율) 3602백만원 / 3362-332 지방주도형투자·일자리지원 1565백만원
3209,기타 전자표시장치,자동차부품,주식회사 앤아이씨,경기,35,1,,없음,0.8,0.6,0.5,0.01943,4.663,0곳,3333-305 산업단지환경조성 409920백만원 / 3363-306 지역투자촉진 251347백만원 / 3363-307 지역투자촉진(세종) 5026백만원 / 3362-301 지방주도형투자·일자리지원(자율) 3602백만원 / 3362-332 지방주도형투자·일자리지원 1565백만원
2211,도료,자동차부품,(주)더몰론코리아,부산,50,1,,없음,1.0,0.85,0.5,0.01095,4.654,0곳,3333-305 산업단지환경조성 409920백만원 / 3363-306 지역투자촉진 251347백만원 / 3363-307 지역투자촉진(세종) 5026백만원 / 3362-301 지방주도형투자·일자리지원(자율) 3602백만원 / 3362-332 지방주도형투자·일자리지원 1565백만원
2211,도료,자동차부품,벽산페인트(주)부산공장,부산,67,1,,없음,1.0,0.85,0.5,0.01095,4.654,0곳,3333-305 산업단지환경조성 409920백만원 / 3363-306 지역투자촉진 251347백만원 / 3363-307 지역투자촉진(세종) 5026백만원 / 3362-301 지방주도형투자·일자리지원(자율) 3602백만원 / 3362-332 지방주도형투자·일자리지원 1565백만원
1713,석유화학중간제품,섬유,롯데케미칼(주) 2공장,전남광주,32,1,,없음,0.8,0.5,0.5,0.02297,4.594,0곳,3333-305 산업단지환경조성 409920백만원 / 3363-306 지역투자촉진 251347백만원 / 3363-307 지역투자촉진(세종) 5026백만원 / 3362-301 지방주도형투자·일자리지원(자율) 3602백만원 / 3362-332 지방주도형투자·일자리지원 1565백만원
1713,석유화학중간제품,섬유,여천NCC(주)여수공장(2사업장),전남광주,233,1,,없음,0.8,0.5,0.5,0.02297,4.594,0곳,3333-305 산업단지환경조성 409920백만원 / 3363-306 지역투자촉진 251347백만원 / 3363-307 지역투자촉진(세종) 5026백만원 / 3362-301 지방주도형투자·일자리지원(자율) 3602백만원 / 3362-332 지방주도형투자·일자리지원 1565백만원
1713,석유화학중간제품,섬유,오씨아이 주식회사,,36,1,,없음,0.8,0.5,0.5,0.02297,4.594,0곳,3333-305 산업단지환경조성 409920백만원 / 3363-306 지역투자촉진 251347백만원 / 3363-307 지역투자촉진(세종) 5026백만원 / 3362-301 지방주도형투자·일자리지원(자율) 3602백만원 / 3362-332 지방주도형투자·일자리지원 1565백만원
1713,석유화학중간제품,섬유,한화솔루션(주) 여수2,전남광주,32,1,,없음,0.8,0.5,0.5,0.02297,4.594,0곳,3333-305 산업단지환경조성 409920백만원 / 3363-306 지역투자촉진 251347백만원 / 3363-307 지역투자촉진(세종) 5026백만원 / 3362-301 지방주도형투자·일자리지원(자율) 3602백만원 / 3362-332 지방주도형투자·일자리지원 1565백만원
2725,열연강판,전기장비,진양특수강(주),경북,196,2,,공장 2개,1.0,1.0,1.0,0.00455,4.55,6곳: 변압기(6),3333-305 산업단지환경조성 409920백만원 / 3363-306 지역투자촉진 251347백만원 / 3363-307 지역투자촉진(세종) 5026백만원 / 3362-301 지방주도형투자·일자리지원(자율) 3602백만원 / 3362-332 지방주도형투자·일자리지원 1565백만원
3723,전기회로 개폐 및 접속장치,전기장비,(주)KEM,부산,37,1,,없음,0.8,0.85,0.5,0.01318,4.481,552곳: 배전반 및 전기자동 제어반(261) · 조명장치(143) · 기타 전기장비(67),3333-305 산업단지환경조성 409920백만원 / 3363-306 지역투자촉진 251347백만원 / 3363-307 지역투자촉진(세종) 5026백만원 / 3362-301 지방주도형투자·일자리지원(자율) 3602백만원 / 3362-332 지방주도형투자·일자리지원 1565백만원
3723,전기회로 개폐 및 접속장치,전기장비,(주)동양전기정공,부산,30,1,,없음,0.8,0.85,0.5,0.01318,4.481,552곳: 배전반 및 전기자동 제어반(261) · 조명장치(143) · 기타 전기장비(67),3333-305 산업단지환경조성 409920백만원 / 3363-306 지역투자촉진 251347백만원 / 3363-307 지역투자촉진(세종) 5026백만원 / 3362-301 지방주도형투자·일자리지원(자율) 3602백만원 / 3362-332 지방주도형투자·일자리지원 1565백만원
3723,전기회로 개폐 및 접속장치,전기장비,(주)래치원,부산,40,1,,없음,0.8,0.85,0.5,0.01318,4.481,552곳: 배전반 및 전기자동 제어반(261) · 조명장치(143) · 기타 전기장비(67),3333-305 산업단지환경조성 409920백만원 / 3363-306 지역투자촉진 251347백만원 / 3363-307 지역투자촉진(세종) 5026백만원 / 3362-301 지방주도형투자·일자리지원(자율) 3602백만원 / 3362-332 지방주도형투자·일자리지원 1565백만원
3723,전기회로 개폐 및 접속장치,전기장비,(주)복산나이스,부산,240,1,,없음,0.8,0.85,0.5,0.01318,4.481,552곳: 배전반 및 전기자동 제어반(261) · 조명장치(143) · 기타 전기장비(67),3333-305 산업단지환경조성 409920백만원 / 3363-306 지역투자촉진 251347백만원 / 3363-307 지역투자촉진(세종) 5026백만원 / 3362-301 지방주도형투자·일자리지원(자율) 3602백만원 / 3362-332 지방주도형투자·일자리지원 1565백만원
3723,전기회로 개폐 및 접속장치,전기장비,(주)파란전자,부산,35,1,,없음,0.8,0.85,0.5,0.01318,4.481,552곳: 배전반 및 전기자동 제어반(261) · 조명장치(143) · 기타 전기장비(67),3333-305 산업단지환경조성 409920백만원 / 3363-306 지역투자촉진 251347백만원 / 3363-307 지역투자촉진(세종) 5026백만원 / 3362-301 지방주도형투자·일자리지원(자율) 3602백만원 / 3362-332 지방주도형투자·일자리지원 1565백만원
3723,전기회로 개폐 및 접속장치,전기장비,동우기술(주),부산,33,1,,없음,0.8,0.85,0.5,0.01318,4.481,552곳: 배전반 및 전기자동 제어반(261) · 조명장치(143) · 기타 전기장비(67),3333-305 산업단지환경조성 409920백만원 / 3363-306 지역투자촉진 251347백만원 / 3363-307 지역투자촉진(세종) 5026백만원 / 3362-301 지방주도형투자·일자리지원(자율) 3602백만원 / 3362-332 지방주도형투자·일자리지원 1565백만원
3723,전기회로 개폐 및 접속장치,전기장비,제일일렉트릭(주),부산,30,1,,없음,0.8,0.85,0.5,0.01318,4.481,552곳: 배전반 및 전기자동 제어반(261) · 조명장치(143) · 기타 전기장비(67),3333-305 산업단지환경조성 409920백만원 / 3363-306 지역투자촉진 251347백만원 / 3363-307 지역투자촉진(세종) 5026백만원 / 3362-301 지방주도형투자·일자리지원(자율) 3602백만원 / 3362-332 지방주도형투자·일자리지원 1565백만원
3723,전기회로 개폐 및 접속장치,전기장비,태광물산(주),부산,38,1,,없음,0.8,0.85,0.5,0.01318,4.481,552곳: 배전반 및 전기자동 제어반(261) · 조명장치(143) · 기타 전기장비(67),3333-305 산업단지환경조성 409920백만원 / 3363-306 지역투자촉진 251347백만원 / 3363-307 지역투자촉진(세종) 5026백만원 / 3362-301 지방주도형투자·일자리지원(자율) 3602백만원 / 3362-332 지방주도형투자·일자리지원 1565백만원
3723,전기회로 개폐 및 접속장치,전기장비,티에이치티(주),부산,40,1,,없음,0.8,0.85,0.5,0.01318,4.481,552곳: 배전반 및 전기자동 제어반(261) · 조명장치(143) · 기타 전기장비(67),3333-305 산업단지환경조성 409920백만원 / 3363-306 지역투자촉진 251347백만원 / 3363-307 지역투자촉진(세종) 5026백만원 / 3362-301 지방주도형투자·일자리지원(자율) 3602백만원 / 3362-332 지방주도형투자·일자리지원 1565백만원
2211,도료,자동차부품,(주)감로파인케미칼,경북,48,1,,없음,0.8,1.0,0.5,0.01095,4.38,0곳,3333-305 산업단지환경조성 409920백만원 / 3363-306 지역투자촉진 251347백만원 / 3363-307 지역투자촉진(세종) 5026백만원 / 3362-301 지방주도형투자·일자리지원(자율) 3602백만원 / 3362-332 지방주도형투자·일자리지원 1565백만원
2211,도료,자동차부품,(주)노루코일코팅,경북,33,1,,없음,0.8,1.0,0.5,0.01095,4.38,0곳,3333-305 산업단지환경조성 409920백만원 / 3363-306 지역투자촉진 251347백만원 / 3363-307 지역투자촉진(세종) 5026백만원 / 3362-301 지방주도형투자·일자리지원(자율) 3602백만원 / 3362-332 지방주도형투자·일자리지원 1565백만원
2211,도료,자동차부품,금강페인트공업(주),경북,47,1,,없음,0.8,1.0,0.5,0.01095,4.38,0곳,3333-305 산업단지환경조성 409920백만원 / 3363-306 지역투자촉진 251347백만원 / 3363-307 지역투자촉진(세종) 5026백만원 / 3362-301 지방주도형투자·일자리지원(자율) 3602백만원 / 3362-332 지방주도형투자·일자리지원 1565백만원
2211,도료,자동차부품,삼풍트라이텍,,37,2,,공장 2개,0.8,0.5,1.0,0.01095,4.38,0곳,3333-305 산업단지환경조성 409920백만원 / 3363-306 지역투자촉진 251347백만원 / 3363-307 지역투자촉진(세종) 5026백만원 / 3362-301 지방주도형투자·일자리지원(자율) 3602백만원 / 3362-332 지방주도형투자·일자리지원 1565백만원
2211,도료,자동차부품,주식회사 에이치앤피,경북,40,1,,없음,0.8,1.0,0.5,0.01095,4.38,0곳,3333-305 산업단지환경조성 409920백만원 / 3363-306 지역투자촉진 251347백만원 / 3363-307 지역투자촉진(세종) 5026백만원 / 3362-301 지방주도형투자·일자리지원(자율) 3602백만원 / 3362-332 지방주도형투자·일자리지원 1565백만원
2821,동 1차제품,일반기계,(주)원일사,,136,3,,공장 3개,1.0,0.5,1.0,0.00873,4.365,149곳: 밸브(98) · 공기조절장치 및 냉장냉동 장비(51),3333-305 산업단지환경조성 409920백만원 / 3363-306 지역투자촉진 251347백만원 / 3363-307 지역투자촉진(세종) 5026백만원 / 3362-301 지방주도형투자·일자리지원(자율) 3602백만원 / 3362-332 지방주도형투자·일자리지원 1565백만원
3102,집적회로,의료기기,(주)글로컬,충남,37,1,,없음,0.8,0.75,0.5,0.01446,4.338,284곳: 의료용 기기(284),3333-305 산업단지환경조성 409920백만원 / 3363-306 지역투자촉진 251347백만원 / 3363-307 지역투자촉진(세종) 5026백만원 / 3362-301 지방주도형투자·일자리지원(자율) 3602백만원 / 3362-332 지방주도형투자·일자리지원 1565백만원
3102,집적회로,의료기기,(주)마이크로이미지,세종,45,1,,없음,0.8,0.75,0.5,0.01446,4.338,284곳: 의료용 기기(284),3333-305 산업단지환경조성 409920백만원 / 3363-306 지역투자촉진 251347백만원 / 3363-307 지역투자촉진(세종) 5026백만원 / 3362-301 지방주도형투자·일자리지원(자율) 3602백만원 / 3362-332 지방주도형투자·일자리지원 1565백만원
3102,집적회로,의료기기,(주)비씨,인천,60,1,,없음,1.0,0.6,0.5,0.01446,4.338,284곳: 의료용 기기(284),3333-305 산업단지환경조성 409920백만원 / 3363-306 지역투자촉진 251347백만원 / 3363-307 지역투자촉진(세종) 5026백만원 / 3362-301 지방주도형투자·일자리지원(자율) 3602백만원 / 3362-332 지방주도형투자·일자리지원 1565백만원
3102,집적회로,의료기기,(주)비토넷제2공장,충남,32,1,,없음,0.8,0.75,0.5,0.01446,4.338,284곳: 의료용 기기(284),3333-305 산업단지환경조성 409920백만원 / 3363-306 지역투자촉진 251347백만원 / 3363-307 지역투자촉진(세종) 5026백만원 / 3362-301 지방주도형투자·일자리지원(자율) 3602백만원 / 3362-332 지방주도형투자·일자리지원 1565백만원
3102,집적회로,의료기기,(주)씨엠파트너,경기,192,1,,없음,1.0,0.6,0.5,0.01446,4.338,284곳: 의료용 기기(284),3333-305 산업단지환경조성 409920백만원 / 3363-306 지역투자촉진 251347백만원 / 3363-307 지역투자촉진(세종) 5026백만원 / 3362-301 지방주도형투자·일자리지원(자율) 3602백만원 / 3362-332 지방주도형투자·일자리지원 1565백만원
3102,집적회로,의료기기,(주)에스피에스,대전,37,1,,없음,0.8,0.75,0.5,0.01446,4.338,284곳: 의료용 기기(284),3333-305 산업단지환경조성 409920백만원 / 3363-306 지역투자촉진 251347백만원 / 3363-307 지역투자촉진(세종) 5026백만원 / 3362-301 지방주도형투자·일자리지원(자율) 3602백만원 / 3362-332 지방주도형투자·일자리지원 1565백만원
3102,집적회로,의료기기,(주)엠엑스로보틱스 평택공장,경기,54,1,,없음,1.0,0.6,0.5,0.01446,4.338,284곳: 의료용 기기(284),3333-305 산업단지환경조성 409920백만원 / 3363-306 지역투자촉진 251347백만원 / 3363-307 지역투자촉진(세종) 5026백만원 / 3362-301 지방주도형투자·일자리지원(자율) 3602백만원 / 3362-332 지방주도형투자·일자리지원 1565백만원
3102,집적회로,의료기기,(주)케이테스트,경기,83,1,,없음,1.0,0.6,0.5,0.01446,4.338,284곳: 의료용 기기(284),3333-305 산업단지환경조성 409920백만원 / 3363-306 지역투자촉진 251347백만원 / 3363-307 지역투자촉진(세종) 5026백만원 / 3362-301 지방주도형투자·일자리지원(자율) 3602백만원 / 3362-332 지방주도형투자·일자리지원 1565백만원
3102,집적회로,의료기기,(주)켐트로닉스,경기,140,1,,없음,1.0,0.6,0.5,0.01446,4.338,284곳: 의료용 기기(284),3333-305 산업단지환경조성 409920백만원 / 3363-306 지역투자촉진 251347백만원 / 3363-307 지역투자촉진(세종) 5026백만원 / 3362-301 지방주도형투자·일자리지원(자율) 3602백만원 / 3362-332 지방주도형투자·일자리지원 1565백만원
3102,집적회로,의료기기,뉴웰반도체,경기,60,1,,없음,1.0,0.6,0.5,0.01446,4.338,284곳: 의료용 기기(284),3333-305 산업단지환경조성 409920백만원 / 3363-306 지역투자촉진 251347백만원 / 3363-307 지역투자촉진(세종) 5026백만원 / 3362-301 지방주도형투자·일자리지원(자율) 3602백만원 / 3362-332 지방주도형투자·일자리지원 1565백만원
3102,집적회로,의료기기,비케이이엔티(주),충남,46,1,,없음,0.8,0.75,0.5,0.01446,4.338,284곳: 의료용 기기(284),3333-305 산업단지환경조성 409920백만원 / 3363-306 지역투자촉진 251347백만원 / 3363-307 지역투자촉진(세종) 5026백만원 / 3362-301 지방주도형투자·일자리지원(자율) 3602백만원 / 3362-332 지방주도형투자·일자리지원 1565백만원
3102,집적회로,의료기기,엔스텔정보통신(주),경기,50,1,,없음,1.0,0.6,0.5,0.01446,4.338,284곳: 의료용 기기(284),3333-305 산업단지환경조성 409920백만원 / 3363-306 지역투자촉진 251347백만원 / 3363-307 지역투자촉진(세종) 5026백만원 / 3362-301 지방주도형투자·일자리지원(자율) 3602백만원 / 3362-332 지방주도형투자·일자리지원 1565백만원
3102,집적회로,의료기기,주식회사 유텔,경기,55,1,,없음,1.0,0.6,0.5,0.01446,4.338,284곳: 의료용 기기(284),3333-305 산업단지환경조성 409920백만원 / 3363-306 지역투자촉진 251347백만원 / 3363-307 지역투자촉진(세종) 5026백만원 / 3362-301 지방주도형투자·일자리지원(자율) 3602백만원 / 3362-332 지방주도형투자·일자리지원 1565백만원
3102,집적회로,의료기기,케이비부동산신탁 주식회사,충남,300,1,,없음,0.8,0.75,0.5,0.01446,4.338,284곳: 의료용 기기(284),3333-305 산업단지환경조성 409920백만원 / 3363-306 지역투자촉진 251347백만원 / 3363-307 지역투자촉진(세종) 5026백만원 / 3362-301 지방주도형투자·일자리지원(자율) 3602백만원 / 3362-332 지방주도형투자·일자리지원 1565백만원
3102,집적회로,의료기기,한양디지텍(주),경기,69,1,,없음,1.0,0.6,0.5,0.01446,4.338,284곳: 의료용 기기(284),3333-305 산업단지환경조성 409920백만원 / 3363-306 지역투자촉진 251347백만원 / 3363-307 지역투자촉진(세종) 5026백만원 / 3362-301 지방주도형투자·일자리지원(자율) 3602백만원 / 3362-332 지방주도형투자·일자리지원 1565백만원
1801,합성수지,전기장비,(주)대림프라콘,경북,68,1,,없음,1.0,1.0,0.5,0.00865,4.325,173곳: 조명장치(143) · 전선 및 케이블(19) · 전지(11),3333-305 산업단지환경조성 409920백만원 / 3363-306 지역투자촉진 251347백만원 / 3363-307 지역투자촉진(세종) 5026백만원 / 3362-301 지방주도형투자·일자리지원(자율) 3602백만원 / 3362-332 지방주도형투자·일자리지원 1565백만원
1801,합성수지,전기장비,(주)피유시스,,53,2,,공장 2개,1.0,0.5,1.0,0.00865,4.325,173곳: 조명장치(143) · 전선 및 케이블(19) · 전지(11),3333-305 산업단지환경조성 409920백만원 / 3363-306 지역투자촉진 251347백만원 / 3363-307 지역투자촉진(세종) 5026백만원 / 3362-301 지방주도형투자·일자리지원(자율) 3602백만원 / 3362-332 지방주도형투자·일자리지원 1565백만원
1801,합성수지,전기장비,실리콘밸리 주식회사,경북,80,1,,없음,1.0,1.0,0.5,0.00865,4.325,173곳: 조명장치(143) · 전선 및 케이블(19) · 전지(11),3333-305 산업단지환경조성 409920백만원 / 3363-306 지역투자촉진 251347백만원 / 3363-307 지역투자촉진(세종) 5026백만원 / 3362-301 지방주도형투자·일자리지원(자율) 3602백만원 / 3362-332 지방주도형투자·일자리지원 1565백만원
1801,합성수지,전기장비,코오롱인더스트리(주)  김천2공장,경북,189,1,,없음,1.0,1.0,0.5,0.00865,4.325,173곳: 조명장치(143) · 전선 및 케이블(19) · 전지(11),3333-305 산업단지환경조성 409920백만원 / 3363-306 지역투자촉진 251347백만원 / 3363-307 지역투자촉진(세종) 5026백만원 / 3362-301 지방주도형투자·일자리지원(자율) 3602백만원 / 3362-332 지방주도형투자·일자리지원 1565백만원
1801,합성수지,전기장비,코오롱인더스트리(주) 김천공장,경북,154,1,,없음,1.0,1.0,0.5,0.00865,4.325,173곳: 조명장치(143) · 전선 및 케이블(19) · 전지(11),3333-305 산업단지환경조성 409920백만원 / 3363-306 지역투자촉진 251347백만원 / 3363-307 지역투자촉진(세종) 5026백만원 / 3362-301 지방주도형투자·일자리지원(자율) 3602백만원 / 3362-332 지방주도형투자·일자리지원 1565백만원
2821,동 1차제품,일반기계,(주)하나하이메탈,인천,42,2,,공장 2개,0.8,0.6,1.0,0.00873,4.19,149곳: 밸브(98) · 공기조절장치 및 냉장냉동 장비(51),3333-305 산업단지환경조성 409920백만원 / 3363-306 지역투자촉진 251347백만원 / 3363-307 지역투자촉진(세종) 5026백만원 / 3362-301 지방주도형투자·일자리지원(자율) 3602백만원 / 3362-332 지방주도형투자·일자리지원 1565백만원
2821,동 1차제품,일반기계,대동금속,경기,39,5,,공장 5개,0.8,0.6,1.0,0.00873,4.19,149곳: 밸브(98) · 공기조절장치 및 냉장냉동 장비(51),3333-305 산업단지환경조성 409920백만원 / 3363-306 지역투자촉진 251347백만원 / 3363-307 지역투자촉진(세종) 5026백만원 / 3362-301 지방주도형투자·일자리지원(자율) 3602백만원 / 3362-332 지방주도형투자·일자리지원 1565백만원
1801,합성수지,전기장비,(주)성원피앤에스,경기,46,2,,공장 2개,0.8,0.6,1.0,0.00865,4.152,173곳: 조명장치(143) · 전선 및 케이블(19) · 전지(11),3333-305 산업단지환경조성 409920백만원 / 3363-306 지역투자촉진 251347백만원 / 3363-307 지역투자촉진(세종) 5026백만원 / 3362-301 지방주도형투자·일자리지원(자율) 3602백만원 / 3362-332 지방주도형투자·일자리지원 1565백만원
1801,합성수지,전기장비,(주)원폴리텍,경기,32,2,,공장 2개,0.8,0.6,1.0,0.00865,4.152,173곳: 조명장치(143) · 전선 및 케이블(19) · 전지(11),3333-305 산업단지환경조성 409920백만원 / 3363-306 지역투자촉진 251347백만원 / 3363-307 지역투자촉진(세종) 5026백만원 / 3362-301 지방주도형투자·일자리지원(자율) 3602백만원 / 3362-332 지방주도형투자·일자리지원 1565백만원
1801,합성수지,전기장비,(주)천강,경기,36,3,,공장 3개,0.8,0.6,1.0,0.00865,4.152,173곳: 조명장치(143) · 전선 및 케이블(19) · 전지(11),3333-305 산업단지환경조성 409920백만원 / 3363-306 지역투자촉진 251347백만원 / 3363-307 지역투자촉진(세종) 5026백만원 / 3362-301 지방주도형투자·일자리지원(자율) 3602백만원 / 3362-332 지방주도형투자·일자리지원 1565백만원
1801,합성수지,전기장비,다우실란트산업(주),경기,45,2,,공장 2개,0.8,0.6,1.0,0.00865,4.152,173곳: 조명장치(143) · 전선 및 케이블(19) · 전지(11),3333-305 산업단지환경조성 409920백만원 / 3363-306 지역투자촉진 251347백만원 / 3363-307 지역투자촉진(세종) 5026백만원 / 3362-301 지방주도형투자·일자리지원(자율) 3602백만원 / 3362-332 지방주도형투자·일자리지원 1565백만원
1801,합성수지,전기장비,정도이앤피(주),경기,49,2,,공장 2개,0.8,0.6,1.0,0.00865,4.152,173곳: 조명장치(143) · 전선 및 케이블(19) · 전지(11),3333-305 산업단지환경조성 409920백만원 / 3363-306 지역투자촉진 251347백만원 / 3363-307 지역투자촉진(세종) 5026백만원 / 3362-301 지방주도형투자·일자리지원(자율) 3602백만원 / 3362-332 지방주도형투자·일자리지원 1565백만원
2211,도료,자동차부품,남양화학공업주식회사,충남,52,1,,없음,1.0,0.75,0.5,0.01095,4.106,0곳,3333-305 산업단지환경조성 409920백만원 / 3363-306 지역투자촉진 251347백만원 / 3363-307 지역투자촉진(세종) 5026백만원 / 3362-301 지방주도형투자·일자리지원(자율) 3602백만원 / 3362-332 지방주도형투자·일자리지원 1565백만원
2211,도료,자동차부품,에스피삼화(주) 공주공장,충남,120,1,,없음,1.0,0.75,0.5,0.01095,4.106,0곳,3333-305 산업단지환경조성 409920백만원 / 3363-306 지역투자촉진 251347백만원 / 3363-307 지역투자촉진(세종) 5026백만원 / 3362-301 지방주도형투자·일자리지원(자율) 3602백만원 / 3362-332 지방주도형투자·일자리지원 1565백만원
2211,도료,자동차부품,에이에스에프(주),충북,63,1,,없음,1.0,0.75,0.5,0.01095,4.106,0곳,3333-305 산업단지환경조성 409920백만원 / 3363-306 지역투자촉진 251347백만원 / 3363-307 지역투자촉진(세종) 5026백만원 / 3362-301 지방주도형투자·일자리지원(자율) 3602백만원 / 3362-332 지방주도형투자·일자리지원 1565백만원
2211,도료,자동차부품,한국무사시도료(주),충북,54,1,,없음,1.0,0.75,0.5,0.01095,4.106,0곳,3333-305 산업단지환경조성 409920백만원 / 3363-306 지역투자촉진 251347백만원 / 3363-307 지역투자촉진(세종) 5026백만원 / 3362-301 지방주도형투자·일자리지원(자율) 3602백만원 / 3362-332 지방주도형투자·일자리지원 1565백만원
3723,전기회로 개폐 및 접속장치,전기장비,(주)O&M KOREA,대전,36,1,,없음,0.8,0.75,0.5,0.01318,3.954,552곳: 배전반 및 전기자동 제어반(261) · 조명장치(143) · 기타 전기장비(67),3333-305 산업단지환경조성 409920백만원 / 3363-306 지역투자촉진 251347백만원 / 3363-307 지역투자촉진(세종) 5026백만원 / 3362-301 지방주도형투자·일자리지원(자율) 3602백만원 / 3362-332 지방주도형투자·일자리지원 1565백만원
3723,전기회로 개폐 및 접속장치,전기장비,(주)대교에이스,세종,40,1,,없음,0.8,0.75,0.5,0.01318,3.954,552곳: 배전반 및 전기자동 제어반(261) · 조명장치(143) · 기타 전기장비(67),3333-305 산업단지환경조성 409920백만원 / 3363-306 지역투자촉진 251347백만원 / 3363-307 지역투자촉진(세종) 5026백만원 / 3362-301 지방주도형투자·일자리지원(자율) 3602백만원 / 3362-332 지방주도형투자·일자리지원 1565백만원
3723,전기회로 개폐 및 접속장치,전기장비,(주)대현단자,인천,106,1,,없음,1.0,0.6,0.5,0.01318,3.954,552곳: 배전반 및 전기자동 제어반(261) · 조명장치(143) · 기타 전기장비(67),3333-305 산업단지환경조성 409920백만원 / 3363-306 지역투자촉진 251347백만원 / 3363-307 지역투자촉진(세종) 5026백만원 / 3362-301 지방주도형투자·일자리지원(자율) 3602백만원 / 3362-332 지방주도형투자·일자리지원 1565백만원
3723,전기회로 개폐 및 접속장치,전기장비,(주)루텍,경기,100,1,,없음,1.0,0.6,0.5,0.01318,3.954,552곳: 배전반 및 전기자동 제어반(261) · 조명장치(143) · 기타 전기장비(67),3333-305 산업단지환경조성 409920백만원 / 3363-306 지역투자촉진 251347백만원 / 3363-307 지역투자촉진(세종) 5026백만원 / 3362-301 지방주도형투자·일자리지원(자율) 3602백만원 / 3362-332 지방주도형투자·일자리지원 1565백만원
3723,전기회로 개폐 및 접속장치,전기장비,(주)마이테크,경기,50,1,,없음,1.0,0.6,0.5,0.01318,3.954,552곳: 배전반 및 전기자동 제어반(261) · 조명장치(143) · 기타 전기장비(67),3333-305 산업단지환경조성 409920백만원 / 3363-306 지역투자촉진 251347백만원 / 3363-307 지역투자촉진(세종) 5026백만원 / 3362-301 지방주도형투자·일자리지원(자율) 3602백만원 / 3362-332 지방주도형투자·일자리지원 1565백만원
3723,전기회로 개폐 및 접속장치,전기장비,(주)씨엔플러스,경기,65,1,,없음,1.0,0.6,0.5,0.01318,3.954,552곳: 배전반 및 전기자동 제어반(261) · 조명장치(143) · 기타 전기장비(67),3333-305 산업단지환경조성 409920백만원 / 3363-306 지역투자촉진 251347백만원 / 3363-307 지역투자촉진(세종) 5026백만원 / 3362-301 지방주도형투자·일자리지원(자율) 3602백만원 / 3362-332 지방주도형투자·일자리지원 1565백만원
3723,전기회로 개폐 및 접속장치,전기장비,(주)알엔투테크놀로지,경기,60,1,,없음,1.0,0.6,0.5,0.01318,3.954,552곳: 배전반 및 전기자동 제어반(261) · 조명장치(143) · 기타 전기장비(67),3333-305 산업단지환경조성 409920백만원 / 3363-306 지역투자촉진 251347백만원 / 3363-307 지역투자촉진(세종) 5026백만원 / 3362-301 지방주도형투자·일자리지원(자율) 3602백만원 / 3362-332 지방주도형투자·일자리지원 1565백만원
3723,전기회로 개폐 및 접속장치,전기장비,(주)엔에스이,대전,46,1,,없음,0.8,0.75,0.5,0.01318,3.954,552곳: 배전반 및 전기자동 제어반(261) · 조명장치(143) · 기타 전기장비(67),3333-305 산업단지환경조성 409920백만원 / 3363-306 지역투자촉진 251347백만원 / 3363-307 지역투자촉진(세종) 5026백만원 / 3362-301 지방주도형투자·일자리지원(자율) 3602백만원 / 3362-332 지방주도형투자·일자리지원 1565백만원
3723,전기회로 개폐 및 접속장치,전기장비,(주)영테크 천안공장,충남,36,1,,없음,0.8,0.75,0.5,0.01318,3.954,552곳: 배전반 및 전기자동 제어반(261) · 조명장치(143) · 기타 전기장비(67),3333-305 산업단지환경조성 409920백만원 / 3363-306 지역투자촉진 251347백만원 / 3363-307 지역투자촉진(세종) 5026백만원 / 3362-301 지방주도형투자·일자리지원(자율) 3602백만원 / 3362-332 지방주도형투자·일자리지원 1565백만원
3723,전기회로 개폐 및 접속장치,전기장비,(주)위너스오토메이션,경기,66,1,,없음,1.0,0.6,0.5,0.01318,3.954,552곳: 배전반 및 전기자동 제어반(261) · 조명장치(143) · 기타 전기장비(67),3333-305 산업단지환경조성 409920백만원 / 3363-306 지역투자촉진 251347백만원 / 3363-307 지역투자촉진(세종) 5026백만원 / 3362-301 지방주도형투자·일자리지원(자율) 3602백만원 / 3362-332 지방주도형투자·일자리지원 1565백만원
3723,전기회로 개폐 및 접속장치,전기장비,(주)인화이엔지,경기,125,1,,없음,1.0,0.6,0.5,0.01318,3.954,552곳: 배전반 및 전기자동 제어반(261) · 조명장치(143) · 기타 전기장비(67),3333-305 산업단지환경조성 409920백만원 / 3363-306 지역투자촉진 251347백만원 / 3363-307 지역투자촉진(세종) 5026백만원 / 3362-301 지방주도형투자·일자리지원(자율) 3602백만원 / 3362-332 지방주도형투자·일자리지원 1565백만원
3723,전기회로 개폐 및 접속장치,전기장비,(주)일신전기,경기,60,1,,없음,1.0,0.6,0.5,0.01318,3.954,552곳: 배전반 및 전기자동 제어반(261) · 조명장치(143) · 기타 전기장비(67),3333-305 산업단지환경조성 409920백만원 / 3363-306 지역투자촉진 251347백만원 / 3363-307 지역투자촉진(세종) 5026백만원 / 3362-301 지방주도형투자·일자리지원(자율) 3602백만원 / 3362-332 지방주도형투자·일자리지원 1565백만원
3723,전기회로 개폐 및 접속장치,전기장비,(주)재은전자,경기,50,1,,없음,1.0,0.6,0.5,0.01318,3.954,552곳: 배전반 및 전기자동 제어반(261) · 조명장치(143) · 기타 전기장비(67),3333-305 산업단지환경조성 409920백만원 / 3363-306 지역투자촉진 251347백만원 / 3363-307 지역투자촉진(세종) 5026백만원 / 3362-301 지방주도형투자·일자리지원(자율) 3602백만원 / 3362-332 지방주도형투자·일자리지원 1565백만원
3723,전기회로 개폐 및 접속장치,전기장비,(주)제이앤티씨 제2공장,경기,128,1,,없음,1.0,0.6,0.5,0.01318,3.954,552곳: 배전반 및 전기자동 제어반(261) · 조명장치(143) · 기타 전기장비(67),3333-305 산업단지환경조성 409920백만원 / 3363-306 지역투자촉진 251347백만원 / 3363-307 지역투자촉진(세종) 5026백만원 / 3362-301 지방주도형투자·일자리지원(자율) 3602백만원 / 3362-332 지방주도형투자·일자리지원 1565백만원
3723,전기회로 개폐 및 접속장치,전기장비,(주)제이에스텍,충북,40,1,,없음,0.8,0.75,0.5,0.01318,3.954,552곳: 배전반 및 전기자동 제어반(261) · 조명장치(143) · 기타 전기장비(67),3333-305 산업단지환경조성 409920백만원 / 3363-306 지역투자촉진 251347백만원 / 3363-307 지역투자촉진(세종) 5026백만원 / 3362-301 지방주도형투자·일자리지원(자율) 3602백만원 / 3362-332 지방주도형투자·일자리지원 1565백만원
3723,전기회로 개폐 및 접속장치,전기장비,(주)태인,충북,215,1,,없음,0.8,0.75,0.5,0.01318,3.954,552곳: 배전반 및 전기자동 제어반(261) · 조명장치(143) · 기타 전기장비(67),3333-305 산업단지환경조성 409920백만원 / 3363-306 지역투자촉진 251347백만원 / 3363-307 지역투자촉진(세종) 5026백만원 / 3362-301 지방주도형투자·일자리지원(자율) 3602백만원 / 3362-332 지방주도형투자·일자리지원 1565백만원
3723,전기회로 개폐 및 접속장치,전기장비,(주)트래닛,경기,164,1,,없음,1.0,0.6,0.5,0.01318,3.954,552곳: 배전반 및 전기자동 제어반(261) · 조명장치(143) · 기타 전기장비(67),3333-305 산업단지환경조성 409920백만원 / 3363-306 지역투자촉진 251347백만원 / 3363-307 지역투자촉진(세종) 5026백만원 / 3362-301 지방주도형투자·일자리지원(자율) 3602백만원 / 3362-332 지방주도형투자·일자리지원 1565백만원
3723,전기회로 개폐 및 접속장치,전기장비,(주)평일양주공장,경기,137,1,,없음,1.0,0.6,0.5,0.01318,3.954,552곳: 배전반 및 전기자동 제어반(261) · 조명장치(143) · 기타 전기장비(67),3333-305 산업단지환경조성 409920백만원 / 3363-306 지역투자촉진 251347백만원 / 3363-307 지역투자촉진(세종) 5026백만원 / 3362-301 지방주도형투자·일자리지원(자율) 3602백만원 / 3362-332 지방주도형투자·일자리지원 1565백만원
3723,전기회로 개폐 및 접속장치,전기장비,(주)하이트롤,경기,60,1,,없음,1.0,0.6,0.5,0.01318,3.954,552곳: 배전반 및 전기자동 제어반(261) · 조명장치(143) · 기타 전기장비(67),3333-305 산업단지환경조성 409920백만원 / 3363-306 지역투자촉진 251347백만원 / 3363-307 지역투자촉진(세종) 5026백만원 / 3362-301 지방주도형투자·일자리지원(자율) 3602백만원 / 3362-332 지방주도형투자·일자리지원 1565백만원
3723,전기회로 개폐 및 접속장치,전기장비,(주)한국자동제어,인천,58,1,,없음,1.0,0.6,0.5,0.01318,3.954,552곳: 배전반 및 전기자동 제어반(261) · 조명장치(143) · 기타 전기장비(67),3333-305 산업단지환경조성 409920백만원 / 3363-306 지역투자촉진 251347백만원 / 3363-307 지역투자촉진(세종) 5026백만원 / 3362-301 지방주도형투자·일자리지원(자율) 3602백만원 / 3362-332 지방주도형투자·일자리지원 1565백만원
3723,전기회로 개폐 및 접속장치,전기장비,(주)한국종합전기,경기,70,1,,없음,1.0,0.6,0.5,0.01318,3.954,552곳: 배전반 및 전기자동 제어반(261) · 조명장치(143) · 기타 전기장비(67),3333-305 산업단지환경조성 409920백만원 / 3363-306 지역투자촉진 251347백만원 / 3363-307 지역투자촉진(세종) 5026백만원 / 3362-301 지방주도형투자·일자리지원(자율) 3602백만원 / 3362-332 지방주도형투자·일자리지원 1565백만원
3723,전기회로 개폐 및 접속장치,전기장비,건흥전기(주),서울,86,1,,없음,1.0,0.6,0.5,0.01318,3.954,552곳: 배전반 및 전기자동 제어반(261) · 조명장치(143) · 기타 전기장비(67),3333-305 산업단지환경조성 409920백만원 / 3363-306 지역투자촉진 251347백만원 / 3363-307 지역투자촉진(세종) 5026백만원 / 3362-301 지방주도형투자·일자리지원(자율) 3602백만원 / 3362-332 지방주도형투자·일자리지원 1565백만원
3723,전기회로 개폐 및 접속장치,전기장비,경보전기(주),서울,88,1,,없음,1.0,0.6,0.5,0.01318,3.954,552곳: 배전반 및 전기자동 제어반(261) · 조명장치(143) · 기타 전기장비(67),3333-305 산업단지환경조성 409920백만원 / 3363-306 지역투자촉진 251347백만원 / 3363-307 지역투자촉진(세종) 5026백만원 / 3362-301 지방주도형투자·일자리지원(자율) 3602백만원 / 3362-332 지방주도형투자·일자리지원 1565백만원
3723,전기회로 개폐 및 접속장치,전기장비,교세라커넥터프로덕츠코리아(주),경기,114,1,,없음,1.0,0.6,0.5,0.01318,3.954,552곳: 배전반 및 전기자동 제어반(261) · 조명장치(143) · 기타 전기장비(67),3333-305 산업단지환경조성 409920백만원 / 3363-306 지역투자촉진 251347백만원 / 3363-307 지역투자촉진(세종) 5026백만원 / 3362-301 지방주도형투자·일자리지원(자율) 3602백만원 / 3362-332 지방주도형투자·일자리지원 1565백만원
3723,전기회로 개폐 및 접속장치,전기장비,나오테크놀로지스(주),서울,50,1,,없음,1.0,0.6,0.5,0.01318,3.954,552곳: 배전반 및 전기자동 제어반(261) · 조명장치(143) · 기타 전기장비(67),3333-305 산업단지환경조성 409920백만원 / 3363-306 지역투자촉진 251347백만원 / 3363-307 지역투자촉진(세종) 5026백만원 / 3362-301 지방주도형투자·일자리지원(자율) 3602백만원 / 3362-332 지방주도형투자·일자리지원 1565백만원
3723,전기회로 개폐 및 접속장치,전기장비,남북전기(주),경기,73,1,,없음,1.0,0.6,0.5,0.01318,3.954,552곳: 배전반 및 전기자동 제어반(261) · 조명장치(143) · 기타 전기장비(67),3333-305 산업단지환경조성 409920백만원 / 3363-306 지역투자촉진 251347백만원 / 3363-307 지역투자촉진(세종) 5026백만원 / 3362-301 지방주도형투자·일자리지원(자율) 3602백만원 / 3362-332 지방주도형투자·일자리지원 1565백만원
3723,전기회로 개폐 및 접속장치,전기장비,대동도어(주),인천,50,1,,없음,1.0,0.6,0.5,0.01318,3.954,552곳: 배전반 및 전기자동 제어반(261) · 조명장치(143) · 기타 전기장비(67),3333-305 산업단지환경조성 409920백만원 / 3363-306 지역투자촉진 251347백만원 / 3363-307 지역투자촉진(세종) 5026백만원 / 3362-301 지방주도형투자·일자리지원(자율) 3602백만원 / 3362-332 지방주도형투자·일자리지원 1565백만원
3723,전기회로 개폐 및 접속장치,전기장비,동양전자산업(주),충북,33,1,,없음,0.8,0.75,0.5,0.01318,3.954,552곳: 배전반 및 전기자동 제어반(261) · 조명장치(143) · 기타 전기장비(67),3333-305 산업단지환경조성 409920백만원 / 3363-306 지역투자촉진 251347백만원 / 3363-307 지역투자촉진(세종) 5026백만원 / 3362-301 지방주도형투자·일자리지원(자율) 3602백만원 / 3362-332 지방주도형투자·일자리지원 1565백만원
3723,전기회로 개폐 및 접속장치,전기장비,동은정공(주),경기,144,1,,없음,1.0,0.6,0.5,0.01318,3.954,552곳: 배전반 및 전기자동 제어반(261) · 조명장치(143) · 기타 전기장비(67),3333-305 산업단지환경조성 409920백만원 / 3363-306 지역투자촉진 251347백만원 / 3363-307 지역투자촉진(세종) 5026백만원 / 3362-301 지방주도형투자·일자리지원(자율) 3602백만원 / 3362-332 지방주도형투자·일자리지원 1565백만원
3723,전기회로 개폐 및 접속장치,전기장비,르그랑코리아 주식회사,경기,81,1,,없음,1.0,0.6,0.5,0.01318,3.954,552곳: 배전반 및 전기자동 제어반(261) · 조명장치(143) · 기타 전기장비(67),3333-305 산업단지환경조성 409920백만원 / 3363-306 지역투자촉진 251347백만원 / 3363-307 지역투자촉진(세종) 5026백만원 / 3362-301 지방주도형투자·일자리지원(자율) 3602백만원 / 3362-332 지방주도형투자·일자리지원 1565백만원
3723,전기회로 개폐 및 접속장치,전기장비,비룡전자(주),경기,70,1,,없음,1.0,0.6,0.5,0.01318,3.954,552곳: 배전반 및 전기자동 제어반(261) · 조명장치(143) · 기타 전기장비(67),3333-305 산업단지환경조성 409920백만원 / 3363-306 지역투자촉진 251347백만원 / 3363-307 지역투자촉진(세종) 5026백만원 / 3362-301 지방주도형투자·일자리지원(자율) 3602백만원 / 3362-332 지방주도형투자·일자리지원 1565백만원
3723,전기회로 개폐 및 접속장치,전기장비,서울산전(주),경기,80,1,,없음,1.0,0.6,0.5,0.01318,3.954,552곳: 배전반 및 전기자동 제어반(261) · 조명장치(143) · 기타 전기장비(67),3333-305 산업단지환경조성 409920백만원 / 3363-306 지역투자촉진 251347백만원 / 3363-307 지역투자촉진(세종) 5026백만원 / 3362-301 지방주도형투자·일자리지원(자율) 3602백만원 / 3362-332 지방주도형투자·일자리지원 1565백만원
3723,전기회로 개폐 및 접속장치,전기장비,서호전기(주),경기,107,1,,없음,1.0,0.6,0.5,0.01318,3.954,552곳: 배전반 및 전기자동 제어반(261) · 조명장치(143) · 기타 전기장비(67),3333-305 산업단지환경조성 409920백만원 / 3363-306 지역투자촉진 251347백만원 / 3363-307 지역투자촉진(세종) 5026백만원 / 3362-301 지방주도형투자·일자리지원(자율) 3602백만원 / 3362-332 지방주도형투자·일자리지원 1565백만원
3723,전기회로 개폐 및 접속장치,전기장비,스필일렉트릭(주),충북,35,1,,없음,0.8,0.75,0.5,0.01318,3.954,552곳: 배전반 및 전기자동 제어반(261) · 조명장치(143) · 기타 전기장비(67),3333-305 산업단지환경조성 409920백만원 / 3363-306 지역투자촉진 251347백만원 / 3363-307 지역투자촉진(세종) 5026백만원 / 3362-301 지방주도형투자·일자리지원(자율) 3602백만원 / 3362-332 지방주도형투자·일자리지원 1565백만원
3723,전기회로 개폐 및 접속장치,전기장비,신화산업전기(주),충남,37,1,,없음,0.8,0.75,0.5,0.01318,3.954,552곳: 배전반 및 전기자동 제어반(261) · 조명장치(143) · 기타 전기장비(67),3333-305 산업단지환경조성 409920백만원 / 3363-306 지역투자촉진 251347백만원 / 3363-307 지역투자촉진(세종) 5026백만원 / 3362-301 지방주도형투자·일자리지원(자율) 3602백만원 / 3362-332 지방주도형투자·일자리지원 1565백만원
3723,전기회로 개폐 및 접속장치,전기장비,에쓰티씨(주),경기,62,1,,없음,1.0,0.6,0.5,0.01318,3.954,552곳: 배전반 및 전기자동 제어반(261) · 조명장치(143) · 기타 전기장비(67),3333-305 산업단지환경조성 409920백만원 / 3363-306 지역투자촉진 251347백만원 / 3363-307 지역투자촉진(세종) 5026백만원 / 3362-301 지방주도형투자·일자리지원(자율) 3602백만원 / 3362-332 지방주도형투자·일자리지원 1565백만원
3723,전기회로 개폐 및 접속장치,전기장비,엑스업일렉트릭(주),충북,31,1,,없음,0.8,0.75,0.5,0.01318,3.954,552곳: 배전반 및 전기자동 제어반(261) · 조명장치(143) · 기타 전기장비(67),3333-305 산업단지환경조성 409920백만원 / 3363-306 지역투자촉진 251347백만원 / 3363-307 지역투자촉진(세종) 5026백만원 / 3362-301 지방주도형투자·일자리지원(자율) 3602백만원 / 3362-332 지방주도형투자·일자리지원 1565백만원
3723,전기회로 개폐 및 접속장치,전기장비,용성전기(주),경기,82,1,,없음,1.0,0.6,0.5,0.01318,3.954,552곳: 배전반 및 전기자동 제어반(261) · 조명장치(143) · 기타 전기장비(67),3333-305 산업단지환경조성 409920백만원 / 3363-306 지역투자촉진 251347백만원 / 3363-307 지역투자촉진(세종) 5026백만원 / 3362-301 지방주도형투자·일자리지원(자율) 3602백만원 / 3362-332 지방주도형투자·일자리지원 1565백만원
3723,전기회로 개폐 및 접속장치,전기장비,주식회사 엠오토텍,경기,74,1,,없음,1.0,0.6,0.5,0.01318,3.954,552곳: 배전반 및 전기자동 제어반(261) · 조명장치(143) · 기타 전기장비(67),3333-305 산업단지환경조성 409920백만원 / 3363-306 지역투자촉진 251347백만원 / 3363-307 지역투자촉진(세종) 5026백만원 / 3362-301 지방주도형투자·일자리지원(자율) 3602백만원 / 3362-332 지방주도형투자·일자리지원 1565백만원
3723,전기회로 개폐 및 접속장치,전기장비,주식회사 티엑스알로보틱스,경기,55,1,,없음,1.0,0.6,0.5,0.01318,3.954,552곳: 배전반 및 전기자동 제어반(261) · 조명장치(143) · 기타 전기장비(67),3333-305 산업단지환경조성 409920백만원 / 3363-306 지역투자촉진 251347백만원 / 3363-307 지역투자촉진(세종) 5026백만원 / 3362-301 지방주도형투자·일자리지원(자율) 3602백만원 / 3362-332 지방주도형투자·일자리지원 1565백만원
3723,전기회로 개폐 및 접속장치,전기장비,주식회사운영에이치브이티,충남,30,1,,없음,0.8,0.75,0.5,0.01318,3.954,552곳: 배전반 및 전기자동 제어반(261) · 조명장치(143) · 기타 전기장비(67),3333-305 산업단지환경조성 409920백만원 / 3363-306 지역투자촉진 251347백만원 / 3363-307 지역투자촉진(세종) 5026백만원 / 3362-301 지방주도형투자·일자리지원(자율) 3602백만원 / 3362-332 지방주도형투자·일자리지원 1565백만원
3723,전기회로 개폐 및 접속장치,전기장비,중원(주),경기,89,1,,없음,1.0,0.6,0.5,0.01318,3.954,552곳: 배전반 및 전기자동 제어반(261) · 조명장치(143) · 기타 전기장비(67),3333-305 산업단지환경조성 409920백만원 / 3363-306 지역투자촉진 251347백만원 / 3363-307 지역투자촉진(세종) 5026백만원 / 3362-301 지방주도형투자·일자리지원(자율) 3602백만원 / 3362-332 지방주도형투자·일자리지원 1565백만원
3723,전기회로 개폐 및 접속장치,전기장비,진흥전기(주),서울,89,1,,없음,1.0,0.6,0.5,0.01318,3.954,552곳: 배전반 및 전기자동 제어반(261) · 조명장치(143) · 기타 전기장비(67),3333-305 산업단지환경조성 409920백만원 / 3363-306 지역투자촉진 251347백만원 / 3363-307 지역투자촉진(세종) 5026백만원 / 3362-301 지방주도형투자·일자리지원(자율) 3602백만원 / 3362-332 지방주도형투자·일자리지원 1565백만원
3723,전기회로 개폐 및 접속장치,전기장비,태성전기산업(주),경기,51,1,,없음,1.0,0.6,0.5,0.01318,3.954,552곳: 배전반 및 전기자동 제어반(261) · 조명장치(143) · 기타 전기장비(67),3333-305 산업단지환경조성 409920백만원 / 3363-306 지역투자촉진 251347백만원 / 3363-307 지역투자촉진(세종) 5026백만원 / 3362-301 지방주도형투자·일자리지원(자율) 3602백만원 / 3362-332 지방주도형투자·일자리지원 1565백만원
2211,도료,자동차부품,(주)서광,경남,31,1,,없음,0.8,0.9,0.5,0.01095,3.942,0곳,3333-305 산업단지환경조성 409920백만원 / 3363-306 지역투자촉진 251347백만원 / 3363-307 지역투자촉진(세종) 5026백만원 / 3362-301 지방주도형투자·일자리지원(자율) 3602백만원 / 3362-332 지방주도형투자·일자리지원 1565백만원
2211,도료,자동차부품,(주)케이에스씨엔티,경남,39,1,,없음,0.8,0.9,0.5,0.01095,3.942,0곳,3333-305 산업단지환경조성 409920백만원 / 3363-306 지역투자촉진 251347백만원 / 3363-307 지역투자촉진(세종) 5026백만원 / 3362-301 지방주도형투자·일자리지원(자율) 3602백만원 / 3362-332 지방주도형투자·일자리지원 1565백만원
2211,도료,자동차부품,비엔철강(주)케미칼,경남,32,1,,없음,0.8,0.9,0.5,0.01095,3.942,0곳,3333-305 산업단지환경조성 409920백만원 / 3363-306 지역투자촉진 251347백만원 / 3363-307 지역투자촉진(세종) 5026백만원 / 3362-301 지방주도형투자·일자리지원(자율) 3602백만원 / 3362-332 지방주도형투자·일자리지원 1565백만원
2821,동 1차제품,일반기계,(주)풍산홀딩스 창원사업장,경남,146,1,,없음,1.0,0.9,0.5,0.00873,3.928,149곳: 밸브(98) · 공기조절장치 및 냉장냉동 장비(51),3333-305 산업단지환경조성 409920백만원 / 3363-306 지역투자촉진 251347백만원 / 3363-307 지역투자촉진(세종) 5026백만원 / 3362-301 지방주도형투자·일자리지원(자율) 3602백만원 / 3362-332 지방주도형투자·일자리지원 1565백만원
2821,동 1차제품,일반기계,에코캡(주),울산,111,1,,없음,1.0,0.9,0.5,0.00873,3.928,149곳: 밸브(98) · 공기조절장치 및 냉장냉동 장비(51),3333-305 산업단지환경조성 409920백만원 / 3363-306 지역투자촉진 251347백만원 / 3363-307 지역투자촉진(세종) 5026백만원 / 3362-301 지방주도형투자·일자리지원(자율) 3602백만원 / 3362-332 지방주도형투자·일자리지원 1565백만원
1801,합성수지,전기장비,(주)바커케미칼코리아,울산,104,1,,없음,1.0,0.9,0.5,0.00865,3.893,173곳: 조명장치(143) · 전선 및 케이블(19) · 전지(11),3333-305 산업단지환경조성 409920백만원 / 3363-306 지역투자촉진 251347백만원 / 3363-307 지역투자촉진(세종) 5026백만원 / 3362-301 지방주도형투자·일자리지원(자율) 3602백만원 / 3362-332 지방주도형투자·일자리지원 1565백만원
1801,합성수지,전기장비,(주)케미그라스,경남,198,1,,없음,1.0,0.9,0.5,0.00865,3.893,173곳: 조명장치(143) · 전선 및 케이블(19) · 전지(11),3333-305 산업단지환경조성 409920백만원 / 3363-306 지역투자촉진 251347백만원 / 3363-307 지역투자촉진(세종) 5026백만원 / 3362-301 지방주도형투자·일자리지원(자율) 3602백만원 / 3362-332 지방주도형투자·일자리지원 1565백만원
1801,합성수지,전기장비,GS칼텍스(주),경남,118,1,,없음,1.0,0.9,0.5,0.00865,3.893,173곳: 조명장치(143) · 전선 및 케이블(19) · 전지(11),3333-305 산업단지환경조성 409920백만원 / 3363-306 지역투자촉진 251347백만원 / 3363-307 지역투자촉진(세종) 5026백만원 / 3362-301 지방주도형투자·일자리지원(자율) 3602백만원 / 3362-332 지방주도형투자·일자리지원 1565백만원
1801,합성수지,전기장비,동아화학(주),경남,93,1,,없음,1.0,0.9,0.5,0.00865,3.893,173곳: 조명장치(143) · 전선 및 케이블(19) · 전지(11),3333-305 산업단지환경조성 409920백만원 / 3363-306 지역투자촉진 251347백만원 / 3363-307 지역투자촉진(세종) 5026백만원 / 3362-301 지방주도형투자·일자리지원(자율) 3602백만원 / 3362-332 지방주도형투자·일자리지원 1565백만원
1801,합성수지,전기장비,롯데케미칼(주) 울산1공장,울산,176,1,,없음,1.0,0.9,0.5,0.00865,3.893,173곳: 조명장치(143) · 전선 및 케이블(19) · 전지(11),3333-305 산업단지환경조성 409920백만원 / 3363-306 지역투자촉진 251347백만원 / 3363-307 지역투자촉진(세종) 5026백만원 / 3362-301 지방주도형투자·일자리지원(자율) 3602백만원 / 3362-332 지방주도형투자·일자리지원 1565백만원
1801,합성수지,전기장비,부성폴리콤(주),경남,50,1,,없음,1.0,0.9,0.5,0.00865,3.893,173곳: 조명장치(143) · 전선 및 케이블(19) · 전지(11),3333-305 산업단지환경조성 409920백만원 / 3363-306 지역투자촉진 251347백만원 / 3363-307 지역투자촉진(세종) 5026백만원 / 3362-301 지방주도형투자·일자리지원(자율) 3602백만원 / 3362-332 지방주도형투자·일자리지원 1565백만원
1801,합성수지,전기장비,세흥화학공업(주),경남,98,1,,없음,1.0,0.9,0.5,0.00865,3.893,173곳: 조명장치(143) · 전선 및 케이블(19) · 전지(11),3333-305 산업단지환경조성 409920백만원 / 3363-306 지역투자촉진 251347백만원 / 3363-307 지역투자촉진(세종) 5026백만원 / 3362-301 지방주도형투자·일자리지원(자율) 3602백만원 / 3362-332 지방주도형투자·일자리지원 1565백만원
1801,합성수지,전기장비,에이치디씨폴리올 주식회사,울산,51,1,,없음,1.0,0.9,0.5,0.00865,3.893,173곳: 조명장치(143) · 전선 및 케이블(19) · 전지(11),3333-305 산업단지환경조성 409920백만원 / 3363-306 지역투자촉진 251347백만원 / 3363-307 지역투자촉진(세종) 5026백만원 / 3362-301 지방주도형투자·일자리지원(자율) 3602백만원 / 3362-332 지방주도형투자·일자리지원 1565백만원
1801,합성수지,전기장비,울산피피주식회사,울산,137,1,,없음,1.0,0.9,0.5,0.00865,3.893,173곳: 조명장치(143) · 전선 및 케이블(19) · 전지(11),3333-305 산업단지환경조성 409920백만원 / 3363-306 지역투자촉진 251347백만원 / 3363-307 지역투자촉진(세종) 5026백만원 / 3362-301 지방주도형투자·일자리지원(자율) 3602백만원 / 3362-332 지방주도형투자·일자리지원 1565백만원
1801,합성수지,전기장비,주식회사 동성케미컬,울산,105,1,,없음,1.0,0.9,0.5,0.00865,3.893,173곳: 조명장치(143) · 전선 및 케이블(19) · 전지(11),3333-305 산업단지환경조성 409920백만원 / 3363-306 지역투자촉진 251347백만원 / 3363-307 지역투자촉진(세종) 5026백만원 / 3362-301 지방주도형투자·일자리지원(자율) 3602백만원 / 3362-332 지방주도형투자·일자리지원 1565백만원
1801,합성수지,전기장비,코오롱인더스트리(주) 울산공장,울산,109,1,,없음,1.0,0.9,0.5,0.00865,3.893,173곳: 조명장치(143) · 전선 및 케이블(19) · 전지(11),3333-305 산업단지환경조성 409920백만원 / 3363-306 지역투자촉진 251347백만원 / 3363-307 지역투자촉진(세종) 5026백만원 / 3362-301 지방주도형투자·일자리지원(자율) 3602백만원 / 3362-332 지방주도형투자·일자리지원 1565백만원
1801,합성수지,전기장비,한국바스프(주) 울산화성공장,울산,106,1,,없음,1.0,0.9,0.5,0.00865,3.893,173곳: 조명장치(143) · 전선 및 케이블(19) · 전지(11),3333-305 산업단지환경조성 409920백만원 / 3363-306 지역투자촉진 251347백만원 / 3363-307 지역투자촉진(세종) 5026백만원 / 3362-301 지방주도형투자·일자리지원(자율) 3602백만원 / 3362-332 지방주도형투자·일자리지원 1565백만원
1801,합성수지,전기장비,한국엔지니어링플라스틱(주),울산,121,1,,없음,1.0,0.9,0.5,0.00865,3.893,173곳: 조명장치(143) · 전선 및 케이블(19) · 전지(11),3333-305 산업단지환경조성 409920백만원 / 3363-306 지역투자촉진 251347백만원 / 3363-307 지역투자촉진(세종) 5026백만원 / 3362-301 지방주도형투자·일자리지원(자율) 3602백만원 / 3362-332 지방주도형투자·일자리지원 1565백만원
1801,합성수지,전기장비,한국이네오스스티롤루션(주),울산,170,1,,없음,1.0,0.9,0.5,0.00865,3.893,173곳: 조명장치(143) · 전선 및 케이블(19) · 전지(11),3333-305 산업단지환경조성 409920백만원 / 3363-306 지역투자촉진 251347백만원 / 3363-307 지역투자촉진(세종) 5026백만원 / 3362-301 지방주도형투자·일자리지원(자율) 3602백만원 / 3362-332 지방주도형투자·일자리지원 1565백만원
2725,열연강판,전기장비,와이시피특수강(주),부산,70,2,,공장 2개,1.0,0.85,1.0,0.00455,3.868,6곳: 변압기(6),3333-305 산업단지환경조성 409920백만원 / 3363-306 지역투자촉진 251347백만원 / 3363-307 지역투자촉진(세종) 5026백만원 / 3362-301 지방주도형투자·일자리지원(자율) 3602백만원 / 3362-332 지방주도형투자·일자리지원 1565백만원
3102,집적회로,전기장비,(주)해치텍,충북,46,2,,공장 2개,0.8,0.75,1.0,0.00635,3.81,246곳: 조명장치(143) · 기타 전기장비(67) · 전기변환장치(36),3333-305 산업단지환경조성 409920백만원 / 3363-306 지역투자촉진 251347백만원 / 3363-307 지역투자촉진(세종) 5026백만원 / 3362-301 지방주도형투자·일자리지원(자율) 3602백만원 / 3362-332 지방주도형투자·일자리지원 1565백만원
3102,집적회로,전기장비,LB세미콘(주),경기,101,2,,공장 2개,1.0,0.6,1.0,0.00635,3.81,246곳: 조명장치(143) · 기타 전기장비(67) · 전기변환장치(36),3333-305 산업단지환경조성 409920백만원 / 3363-306 지역투자촉진 251347백만원 / 3363-307 지역투자촉진(세종) 5026백만원 / 3362-301 지방주도형투자·일자리지원(자율) 3602백만원 / 3362-332 지방주도형투자·일자리지원 1565백만원
3102,집적회로,전기장비,알비코리아(주),인천,134,2,,공장 2개,1.0,0.6,1.0,0.00635,3.81,246곳: 조명장치(143) · 기타 전기장비(67) · 전기변환장치(36),3333-305 산업단지환경조성 409920백만원 / 3363-306 지역투자촉진 251347백만원 / 3363-307 지역투자촉진(세종) 5026백만원 / 3362-301 지방주도형투자·일자리지원(자율) 3602백만원 / 3362-332 지방주도형투자·일자리지원 1565백만원
2211,도료,자동차부품,(주)동성케미컬,부산,230,1,,없음,0.8,0.85,0.5,0.01095,3.723,0곳,3333-305 산업단지환경조성 409920백만원 / 3363-306 지역투자촉진 251347백만원 / 3363-307 지역투자촉진(세종) 5026백만원 / 3362-301 지방주도형투자·일자리지원(자율) 3602백만원 / 3362-332 지방주도형투자·일자리지원 1565백만원
2821,동 1차제품,일반기계,한국통산(주),부산,51,1,,없음,1.0,0.85,0.5,0.00873,3.71,149곳: 밸브(98) · 공기조절장치 및 냉장냉동 장비(51),3333-305 산업단지환경조성 409920백만원 / 3363-306 지역투자촉진 251347백만원 / 3363-307 지역투자촉진(세종) 5026백만원 / 3362-301 지방주도형투자·일자리지원(자율) 3602백만원 / 3362-332 지방주도형투자·일자리지원 1565백만원
1801,합성수지,전기장비,(주)영폴리머,부산,63,1,,없음,1.0,0.85,0.5,0.00865,3.676,173곳: 조명장치(143) · 전선 및 케이블(19) · 전지(11),3333-305 산업단지환경조성 409920백만원 / 3363-306 지역투자촉진 251347백만원 / 3363-307 지역투자촉진(세종) 5026백만원 / 3362-301 지방주도형투자·일자리지원(자율) 3602백만원 / 3362-332 지방주도형투자·일자리지원 1565백만원
3102,집적회로,의료기기,(주)비투지코리아,전북,50,1,,없음,1.0,0.5,0.5,0.01446,3.615,284곳: 의료용 기기(284),3333-305 산업단지환경조성 409920백만원 / 3363-306 지역투자촉진 251347백만원 / 3363-307 지역투자촉진(세종) 5026백만원 / 3362-301 지방주도형투자·일자리지원(자율) 3602백만원 / 3362-332 지방주도형투자·일자리지원 1565백만원
3102,집적회로,의료기기,(주)에이티이,,110,1,,없음,1.0,0.5,0.5,0.01446,3.615,284곳: 의료용 기기(284),3333-305 산업단지환경조성 409920백만원 / 3363-306 지역투자촉진 251347백만원 / 3363-307 지역투자촉진(세종) 5026백만원 / 3362-301 지방주도형투자·일자리지원(자율) 3602백만원 / 3362-332 지방주도형투자·일자리지원 1565백만원
3102,집적회로,의료기기,(주)웨이비스,,161,1,,없음,1.0,0.5,0.5,0.01446,3.615,284곳: 의료용 기기(284),3333-305 산업단지환경조성 409920백만원 / 3363-306 지역투자촉진 251347백만원 / 3363-307 지역투자촉진(세종) 5026백만원 / 3362-301 지방주도형투자·일자리지원(자율) 3602백만원 / 3362-332 지방주도형투자·일자리지원 1565백만원
3102,집적회로,의료기기,광전자(주),전북,153,1,,없음,1.0,0.5,0.5,0.01446,3.615,284곳: 의료용 기기(284),3333-305 산업단지환경조성 409920백만원 / 3363-306 지역투자촉진 251347백만원 / 3363-307 지역투자촉진(세종) 5026백만원 / 3362-301 지방주도형투자·일자리지원(자율) 3602백만원 / 3362-332 지방주도형투자·일자리지원 1565백만원
3102,집적회로,의료기기,지에프텍(주),전남광주,105,1,,없음,1.0,0.5,0.5,0.01446,3.615,284곳: 의료용 기기(284),3333-305 산업단지환경조성 409920백만원 / 3363-306 지역투자촉진 251347백만원 / 3363-307 지역투자촉진(세종) 5026백만원 / 3362-301 지방주도형투자·일자리지원(자율) 3602백만원 / 3362-332 지방주도형투자·일자리지원 1565백만원
2821,동 1차제품,일반기계,태성전기(주),경북,33,1,,없음,0.8,1.0,0.5,0.00873,3.492,149곳: 밸브(98) · 공기조절장치 및 냉장냉동 장비(51),3333-305 산업단지환경조성 409920백만원 / 3363-306 지역투자촉진 251347백만원 / 3363-307 지역투자촉진(세종) 5026백만원 / 3362-301 지방주도형투자·일자리지원(자율) 3602백만원 / 3362-332 지방주도형투자·일자리지원 1565백만원
3102,집적회로,의료기기,(주)S.T.I,경기,30,1,,없음,0.8,0.6,0.5,0.01446,3.47,284곳: 의료용 기기(284),3333-305 산업단지환경조성 409920백만원 / 3363-306 지역투자촉진 251347백만원 / 3363-307 지역투자촉진(세종) 5026백만원 / 3362-301 지방주도형투자·일자리지원(자율) 3602백만원 / 3362-332 지방주도형투자·일자리지원 1565백만원
3102,집적회로,의료기기,(주)다이나모테크,인천,35,1,,없음,0.8,0.6,0.5,0.01446,3.47,284곳: 의료용 기기(284),3333-305 산업단지환경조성 409920백만원 / 3363-306 지역투자촉진 251347백만원 / 3363-307 지역투자촉진(세종) 5026백만원 / 3362-301 지방주도형투자·일자리지원(자율) 3602백만원 / 3362-332 지방주도형투자·일자리지원 1565백만원
3102,집적회로,의료기기,(주)실리콘디스플레이,경기,40,1,,없음,0.8,0.6,0.5,0.01446,3.47,284곳: 의료용 기기(284),3333-305 산업단지환경조성 409920백만원 / 3363-306 지역투자촉진 251347백만원 / 3363-307 지역투자촉진(세종) 5026백만원 / 3362-301 지방주도형투자·일자리지원(자율) 3602백만원 / 3362-332 지방주도형투자·일자리지원 1565백만원
3102,집적회로,의료기기,(주)에이치씨코퍼레이션,경기,47,1,,없음,0.8,0.6,0.5,0.01446,3.47,284곳: 의료용 기기(284),3333-305 산업단지환경조성 409920백만원 / 3363-306 지역투자촉진 251347백만원 / 3363-307 지역투자촉진(세종) 5026백만원 / 3362-301 지방주도형투자·일자리지원(자율) 3602백만원 / 3362-332 지방주도형투자·일자리지원 1565백만원
3102,집적회로,의료기기,(주)엘엑스세미콘,경기,40,1,,없음,0.8,0.6,0.5,0.01446,3.47,284곳: 의료용 기기(284),3333-305 산업단지환경조성 409920백만원 / 3363-306 지역투자촉진 251347백만원 / 3363-307 지역투자촉진(세종) 5026백만원 / 3362-301 지방주도형투자·일자리지원(자율) 3602백만원 / 3362-332 지방주도형투자·일자리지원 1565백만원
3102,집적회로,의료기기,(주)윈팩,경기,260,1,,없음,0.8,0.6,0.5,0.01446,3.47,284곳: 의료용 기기(284),3333-305 산업단지환경조성 409920백만원 / 3363-306 지역투자촉진 251347백만원 / 3363-307 지역투자촉진(세종) 5026백만원 / 3362-301 지방주도형투자·일자리지원(자율) 3602백만원 / 3362-332 지방주도형투자·일자리지원 1565백만원
3102,집적회로,의료기기,(주)젤루텍,서울,39,1,,없음,0.8,0.6,0.5,0.01446,3.47,284곳: 의료용 기기(284),3333-305 산업단지환경조성 409920백만원 / 3363-306 지역투자촉진 251347백만원 / 3363-307 지역투자촉진(세종) 5026백만원 / 3362-301 지방주도형투자·일자리지원(자율) 3602백만원 / 3362-332 지방주도형투자·일자리지원 1565백만원
3102,집적회로,의료기기,(주)큰누리김포지점,경기,38,1,,없음,0.8,0.6,0.5,0.01446,3.47,284곳: 의료용 기기(284),3333-305 산업단지환경조성 409920백만원 / 3363-306 지역투자촉진 251347백만원 / 3363-307 지역투자촉진(세종) 5026백만원 / 3362-301 지방주도형투자·일자리지원(자율) 3602백만원 / 3362-332 지방주도형투자·일자리지원 1565백만원
3102,집적회로,의료기기,(주)파워쿨,경기,41,1,,없음,0.8,0.6,0.5,0.01446,3.47,284곳: 의료용 기기(284),3333-305 산업단지환경조성 409920백만원 / 3363-306 지역투자촉진 251347백만원 / 3363-307 지역투자촉진(세종) 5026백만원 / 3362-301 지방주도형투자·일자리지원(자율) 3602백만원 / 3362-332 지방주도형투자·일자리지원 1565백만원
3102,집적회로,의료기기,시그네틱스(주),경기,221,1,,없음,0.8,0.6,0.5,0.01446,3.47,284곳: 의료용 기기(284),3333-305 산업단지환경조성 409920백만원 / 3363-306 지역투자촉진 251347백만원 / 3363-307 지역투자촉진(세종) 5026백만원 / 3362-301 지방주도형투자·일자리지원(자율) 3602백만원 / 3362-332 지방주도형투자·일자리지원 1565백만원
3102,집적회로,의료기기,에스피반도체통신(주),경기,217,1,,없음,0.8,0.6,0.5,0.01446,3.47,284곳: 의료용 기기(284),3333-305 산업단지환경조성 409920백만원 / 3363-306 지역투자촉진 251347백만원 / 3363-307 지역투자촉진(세종) 5026백만원 / 3362-301 지방주도형투자·일자리지원(자율) 3602백만원 / 3362-332 지방주도형투자·일자리지원 1565백만원
3102,집적회로,의료기기,에이원프로스(주),경기,36,1,,없음,0.8,0.6,0.5,0.01446,3.47,284곳: 의료용 기기(284),3333-305 산업단지환경조성 409920백만원 / 3363-306 지역투자촉진 251347백만원 / 3363-307 지역투자촉진(세종) 5026백만원 / 3362-301 지방주도형투자·일자리지원(자율) 3602백만원 / 3362-332 지방주도형투자·일자리지원 1565백만원
3102,집적회로,의료기기,엘비세미콘 주식회사,경기,30,1,,없음,0.8,0.6,0.5,0.01446,3.47,284곳: 의료용 기기(284),3333-305 산업단지환경조성 409920백만원 / 3363-306 지역투자촉진 251347백만원 / 3363-307 지역투자촉진(세종) 5026백만원 / 3362-301 지방주도형투자·일자리지원(자율) 3602백만원 / 3362-332 지방주도형투자·일자리지원 1565백만원
3102,집적회로,의료기기,엠텍비젼(주),서울,250,1,,없음,0.8,0.6,0.5,0.01446,3.47,284곳: 의료용 기기(284),3333-305 산업단지환경조성 409920백만원 / 3363-306 지역투자촉진 251347백만원 / 3363-307 지역투자촉진(세종) 5026백만원 / 3362-301 지방주도형투자·일자리지원(자율) 3602백만원 / 3362-332 지방주도형투자·일자리지원 1565백만원
3102,집적회로,의료기기,하이콘(주)2공장,경기,243,1,,없음,0.8,0.6,0.5,0.01446,3.47,284곳: 의료용 기기(284),3333-305 산업단지환경조성 409920백만원 / 3363-306 지역투자촉진 251347백만원 / 3363-307 지역투자촉진(세종) 5026백만원 / 3362-301 지방주도형투자·일자리지원(자율) 3602백만원 / 3362-332 지방주도형투자·일자리지원 1565백만원
1801,합성수지,전기장비,(주)럭키엔프라,경북,43,1,,없음,0.8,1.0,0.5,0.00865,3.46,173곳: 조명장치(143) · 전선 및 케이블(19) · 전지(11),3333-305 산업단지환경조성 409920백만원 / 3363-306 지역투자촉진 251347백만원 / 3363-307 지역투자촉진(세종) 5026백만원 / 3362-301 지방주도형투자·일자리지원(자율) 3602백만원 / 3362-332 지방주도형투자·일자리지원 1565백만원
1801,합성수지,전기장비,(주)명진화학,,30,2,,공장 2개,0.8,0.5,1.0,0.00865,3.46,173곳: 조명장치(143) · 전선 및 케이블(19) · 전지(11),3333-305 산업단지환경조성 409920백만원 / 3363-306 지역투자촉진 251347백만원 / 3363-307 지역투자촉진(세종) 5026백만원 / 3362-301 지방주도형투자·일자리지원(자율) 3602백만원 / 3362-332 지방주도형투자·일자리지원 1565백만원
1801,합성수지,전기장비,(주)영창,경북,30,1,,없음,0.8,1.0,0.5,0.00865,3.46,173곳: 조명장치(143) · 전선 및 케이블(19) · 전지(11),3333-305 산업단지환경조성 409920백만원 / 3363-306 지역투자촉진 251347백만원 / 3363-307 지역투자촉진(세종) 5026백만원 / 3362-301 지방주도형투자·일자리지원(자율) 3602백만원 / 3362-332 지방주도형투자·일자리지원 1565백만원
1801,합성수지,전기장비,(주)우성첨단소재,,32,2,,공장 2개,0.8,0.5,1.0,0.00865,3.46,173곳: 조명장치(143) · 전선 및 케이블(19) · 전지(11),3333-305 산업단지환경조성 409920백만원 / 3363-306 지역투자촉진 251347백만원 / 3363-307 지역투자촉진(세종) 5026백만원 / 3362-301 지방주도형투자·일자리지원(자율) 3602백만원 / 3362-332 지방주도형투자·일자리지원 1565백만원
1801,합성수지,전기장비,실리콘밸리 주식회사 2공장,경북,48,1,,없음,0.8,1.0,0.5,0.00865,3.46,173곳: 조명장치(143) · 전선 및 케이블(19) · 전지(11),3333-305 산업단지환경조성 409920백만원 / 3363-306 지역투자촉진 251347백만원 / 3363-307 지역투자촉진(세종) 5026백만원 / 3362-301 지방주도형투자·일자리지원(자율) 3602백만원 / 3362-332 지방주도형투자·일자리지원 1565백만원
1801,합성수지,전기장비,코오롱바스프이노폼 주식회사,경북,47,1,,없음,0.8,1.0,0.5,0.00865,3.46,173곳: 조명장치(143) · 전선 및 케이블(19) · 전지(11),3333-305 산업단지환경조성 409920백만원 / 3363-306 지역투자촉진 251347백만원 / 3363-307 지역투자촉진(세종) 5026백만원 / 3362-301 지방주도형투자·일자리지원(자율) 3602백만원 / 3362-332 지방주도형투자·일자리지원 1565백만원
1801,합성수지,전기장비,코오롱인더스트리(주) 김천3공장,경북,272,1,,없음,0.8,1.0,0.5,0.00865,3.46,173곳: 조명장치(143) · 전선 및 케이블(19) · 전지(11),3333-305 산업단지환경조성 409920백만원 / 3363-306 지역투자촉진 251347백만원 / 3363-307 지역투자촉진(세종) 5026백만원 / 3362-301 지방주도형투자·일자리지원(자율) 3602백만원 / 3362-332 지방주도형투자·일자리지원 1565백만원
3723,전기회로 개폐 및 접속장치,전기장비,(주)민성,,114,1,,없음,1.0,0.5,0.5,0.01318,3.295,552곳: 배전반 및 전기자동 제어반(261) · 조명장치(143) · 기타 전기장비(67),3333-305 산업단지환경조성 409920백만원 / 3363-306 지역투자촉진 251347백만원 / 3363-307 지역투자촉진(세종) 5026백만원 / 3362-301 지방주도형투자·일자리지원(자율) 3602백만원 / 3362-332 지방주도형투자·일자리지원 1565백만원
3723,전기회로 개폐 및 접속장치,전기장비,(주)티에이치엔,,57,1,,없음,1.0,0.5,0.5,0.01318,3.295,552곳: 배전반 및 전기자동 제어반(261) · 조명장치(143) · 기타 전기장비(67),3333-305 산업단지환경조성 409920백만원 / 3363-306 지역투자촉진 251347백만원 / 3363-307 지역투자촉진(세종) 5026백만원 / 3362-301 지방주도형투자·일자리지원(자율) 3602백만원 / 3362-332 지방주도형투자·일자리지원 1565백만원
3723,전기회로 개폐 및 접속장치,전기장비,대동도어 주식회사,,87,1,,없음,1.0,0.5,0.5,0.01318,3.295,552곳: 배전반 및 전기자동 제어반(261) · 조명장치(143) · 기타 전기장비(67),3333-305 산업단지환경조성 409920백만원 / 3363-306 지역투자촉진 251347백만원 / 3363-307 지역투자촉진(세종) 5026백만원 / 3362-301 지방주도형투자·일자리지원(자율) 3602백만원 / 3362-332 지방주도형투자·일자리지원 1565백만원
3723,전기회로 개폐 및 접속장치,전기장비,새한일렉트릭(주),,130,1,,없음,1.0,0.5,0.5,0.01318,3.295,552곳: 배전반 및 전기자동 제어반(261) · 조명장치(143) · 기타 전기장비(67),3333-305 산업단지환경조성 409920백만원 / 3363-306 지역투자촉진 251347백만원 / 3363-307 지역투자촉진(세종) 5026백만원 / 3362-301 지방주도형투자·일자리지원(자율) 3602백만원 / 3362-332 지방주도형투자·일자리지원 1565백만원
3723,전기회로 개폐 및 접속장치,전기장비,슈나이더일렉트릭코리아(주),전북,58,1,,없음,1.0,0.5,0.5,0.01318,3.295,552곳: 배전반 및 전기자동 제어반(261) · 조명장치(143) · 기타 전기장비(67),3333-305 산업단지환경조성 409920백만원 / 3363-306 지역투자촉진 251347백만원 / 3363-307 지역투자촉진(세종) 5026백만원 / 3362-301 지방주도형투자·일자리지원(자율) 3602백만원 / 3362-332 지방주도형투자·일자리지원 1565백만원
3723,전기회로 개폐 및 접속장치,전기장비,주식회사 현대쏠라텍,전남광주,59,1,,없음,1.0,0.5,0.5,0.01318,3.295,552곳: 배전반 및 전기자동 제어반(261) · 조명장치(143) · 기타 전기장비(67),3333-305 산업단지환경조성 409920백만원 / 3363-306 지역투자촉진 251347백만원 / 3363-307 지역투자촉진(세종) 5026백만원 / 3362-301 지방주도형투자·일자리지원(자율) 3602백만원 / 3362-332 지방주도형투자·일자리지원 1565백만원
2211,도료,자동차부품,(주)노루케미칼,경기,83,1,,없음,1.0,0.6,0.5,0.01095,3.285,0곳,3333-305 산업단지환경조성 409920백만원 / 3363-306 지역투자촉진 251347백만원 / 3363-307 지역투자촉진(세종) 5026백만원 / 3362-301 지방주도형투자·일자리지원(자율) 3602백만원 / 3362-332 지방주도형투자·일자리지원 1565백만원
2211,도료,자동차부품,(주)신아티앤씨,서울,79,1,,없음,1.0,0.6,0.5,0.01095,3.285,0곳,3333-305 산업단지환경조성 409920백만원 / 3363-306 지역투자촉진 251347백만원 / 3363-307 지역투자촉진(세종) 5026백만원 / 3362-301 지방주도형투자·일자리지원(자율) 3602백만원 / 3362-332 지방주도형투자·일자리지원 1565백만원
2211,도료,자동차부품,(주)에스디비,경기,80,1,,없음,1.0,0.6,0.5,0.01095,3.285,0곳,3333-305 산업단지환경조성 409920백만원 / 3363-306 지역투자촉진 251347백만원 / 3363-307 지역투자촉진(세종) 5026백만원 / 3362-301 지방주도형투자·일자리지원(자율) 3602백만원 / 3362-332 지방주도형투자·일자리지원 1565백만원
2211,도료,자동차부품,대주전자재료(주),경기,173,1,,없음,1.0,0.6,0.5,0.01095,3.285,0곳,3333-305 산업단지환경조성 409920백만원 / 3363-306 지역투자촉진 251347백만원 / 3363-307 지역투자촉진(세종) 5026백만원 / 3362-301 지방주도형투자·일자리지원(자율) 3602백만원 / 3362-332 지방주도형투자·일자리지원 1565백만원
2211,도료,자동차부품,바이켐(주),충남,47,1,,없음,0.8,0.75,0.5,0.01095,3.285,0곳,3333-305 산업단지환경조성 409920백만원 / 3363-306 지역투자촉진 251347백만원 / 3363-307 지역투자촉진(세종) 5026백만원 / 3362-301 지방주도형투자·일자리지원(자율) 3602백만원 / 3362-332 지방주도형투자·일자리지원 1565백만원
2211,도료,자동차부품,삼영잉크페인트제조(주),경기,174,1,,없음,1.0,0.6,0.5,0.01095,3.285,0곳,3333-305 산업단지환경조성 409920백만원 / 3363-306 지역투자촉진 251347백만원 / 3363-307 지역투자촉진(세종) 5026백만원 / 3362-301 지방주도형투자·일자리지원(자율) 3602백만원 / 3362-332 지방주도형투자·일자리지원 1565백만원
2211,도료,자동차부품,악조노벨분체도료(주),경기,90,1,,없음,1.0,0.6,0.5,0.01095,3.285,0곳,3333-305 산업단지환경조성 409920백만원 / 3363-306 지역투자촉진 251347백만원 / 3363-307 지역투자촉진(세종) 5026백만원 / 3362-301 지방주도형투자·일자리지원(자율) 3602백만원 / 3362-332 지방주도형투자·일자리지원 1565백만원
2211,도료,자동차부품,에스피삼화(주) 제2공장,경기,51,1,,없음,1.0,0.6,0.5,0.01095,3.285,0곳,3333-305 산업단지환경조성 409920백만원 / 3363-306 지역투자촉진 251347백만원 / 3363-307 지역투자촉진(세종) 5026백만원 / 3362-301 지방주도형투자·일자리지원(자율) 3602백만원 / 3362-332 지방주도형투자·일자리지원 1565백만원
2211,도료,자동차부품,천일페인트(주),경기,60,1,,없음,1.0,0.6,0.5,0.01095,3.285,0곳,3333-305 산업단지환경조성 409920백만원 / 3363-306 지역투자촉진 251347백만원 / 3363-307 지역투자촉진(세종) 5026백만원 / 3362-301 지방주도형투자·일자리지원(자율) 3602백만원 / 3362-332 지방주도형투자·일자리지원 1565백만원
2211,도료,자동차부품,한국특수잉크공업(주),인천,99,1,,없음,1.0,0.6,0.5,0.01095,3.285,0곳,3333-305 산업단지환경조성 409920백만원 / 3363-306 지역투자촉진 251347백만원 / 3363-307 지역투자촉진(세종) 5026백만원 / 3362-301 지방주도형투자·일자리지원(자율) 3602백만원 / 3362-332 지방주도형투자·일자리지원 1565백만원
2211,도료,자동차부품,한진화학(주),경기,151,1,,없음,1.0,0.6,0.5,0.01095,3.285,0곳,3333-305 산업단지환경조성 409920백만원 / 3363-306 지역투자촉진 251347백만원 / 3363-307 지역투자촉진(세종) 5026백만원 / 3362-301 지방주도형투자·일자리지원(자율) 3602백만원 / 3362-332 지방주도형투자·일자리지원 1565백만원
2725,열연강판,전기장비,조선선재온산(주),울산,217,3,,공장 3개,0.8,0.9,1.0,0.00455,3.276,6곳: 변압기(6),3333-305 산업단지환경조성 409920백만원 / 3363-306 지역투자촉진 251347백만원 / 3363-307 지역투자촉진(세종) 5026백만원 / 3362-301 지방주도형투자·일자리지원(자율) 3602백만원 / 3362-332 지방주도형투자·일자리지원 1565백만원
2821,동 1차제품,일반기계,(주)금화전선,충북,50,1,,없음,1.0,0.75,0.5,0.00873,3.274,149곳: 밸브(98) · 공기조절장치 및 냉장냉동 장비(51),3333-305 산업단지환경조성 409920백만원 / 3363-306 지역투자촉진 251347백만원 / 3363-307 지역투자촉진(세종) 5026백만원 / 3362-301 지방주도형투자·일자리지원(자율) 3602백만원 / 3362-332 지방주도형투자·일자리지원 1565백만원
2821,동 1차제품,일반기계,(주)에스엠아이,충남,74,1,,없음,1.0,0.75,0.5,0.00873,3.274,149곳: 밸브(98) · 공기조절장치 및 냉장냉동 장비(51),3333-305 산업단지환경조성 409920백만원 / 3363-306 지역투자촉진 251347백만원 / 3363-307 지역투자촉진(세종) 5026백만원 / 3362-301 지방주도형투자·일자리지원(자율) 3602백만원 / 3362-332 지방주도형투자·일자리지원 1565백만원
2821,동 1차제품,일반기계,삼정씨더블유(주),충북,50,1,,없음,1.0,0.75,0.5,0.00873,3.274,149곳: 밸브(98) · 공기조절장치 및 냉장냉동 장비(51),3333-305 산업단지환경조성 409920백만원 / 3363-306 지역투자촉진 251347백만원 / 3363-307 지역투자촉진(세종) 5026백만원 / 3362-301 지방주도형투자·일자리지원(자율) 3602백만원 / 3362-332 지방주도형투자·일자리지원 1565백만원
2821,동 1차제품,일반기계,삼포산업(주),충북,56,1,,없음,1.0,0.75,0.5,0.00873,3.274,149곳: 밸브(98) · 공기조절장치 및 냉장냉동 장비(51),3333-305 산업단지환경조성 409920백만원 / 3363-306 지역투자촉진 251347백만원 / 3363-307 지역투자촉진(세종) 5026백만원 / 3362-301 지방주도형투자·일자리지원(자율) 3602백만원 / 3362-332 지방주도형투자·일자리지원 1565백만원
2821,동 1차제품,일반기계,케이비아이메탈(주),충북,70,1,,없음,1.0,0.75,0.5,0.00873,3.274,149곳: 밸브(98) · 공기조절장치 및 냉장냉동 장비(51),3333-305 산업단지환경조성 409920백만원 / 3363-306 지역투자촉진 251347백만원 / 3363-307 지역투자촉진(세종) 5026백만원 / 3362-301 지방주도형투자·일자리지원(자율) 3602백만원 / 3362-332 지방주도형투자·일자리지원 1565백만원
1801,합성수지,전기장비,(주)대하,충남,121,1,,없음,1.0,0.75,0.5,0.00865,3.244,173곳: 조명장치(143) · 전선 및 케이블(19) · 전지(11),3333-305 산업단지환경조성 409920백만원 / 3363-306 지역투자촉진 251347백만원 / 3363-307 지역투자촉진(세종) 5026백만원 / 3362-301 지방주도형투자·일자리지원(자율) 3602백만원 / 3362-332 지방주도형투자·일자리지원 1565백만원
1801,합성수지,전기장비,(주)에이치비테크놀러지,충남,132,1,,없음,1.0,0.75,0.5,0.00865,3.244,173곳: 조명장치(143) · 전선 및 케이블(19) · 전지(11),3333-305 산업단지환경조성 409920백만원 / 3363-306 지역투자촉진 251347백만원 / 3363-307 지역투자촉진(세종) 5026백만원 / 3362-301 지방주도형투자·일자리지원(자율) 3602백만원 / 3362-332 지방주도형투자·일자리지원 1565백만원
1801,합성수지,전기장비,(주)지앤피2공장(용탄),충북,68,1,,없음,1.0,0.75,0.5,0.00865,3.244,173곳: 조명장치(143) · 전선 및 케이블(19) · 전지(11),3333-305 산업단지환경조성 409920백만원 / 3363-306 지역투자촉진 251347백만원 / 3363-307 지역투자촉진(세종) 5026백만원 / 3362-301 지방주도형투자·일자리지원(자율) 3602백만원 / 3362-332 지방주도형투자·일자리지원 1565백만원
1801,합성수지,전기장비,덕원상사(주),충남,81,1,,없음,1.0,0.75,0.5,0.00865,3.244,173곳: 조명장치(143) · 전선 및 케이블(19) · 전지(11),3333-305 산업단지환경조성 409920백만원 / 3363-306 지역투자촉진 251347백만원 / 3363-307 지역투자촉진(세종) 5026백만원 / 3362-301 지방주도형투자·일자리지원(자율) 3602백만원 / 3362-332 지방주도형투자·일자리지원 1565백만원
1801,합성수지,전기장비,동원시스템즈(주) 공주 수지공장,충남,75,1,,없음,1.0,0.75,0.5,0.00865,3.244,173곳: 조명장치(143) · 전선 및 케이블(19) · 전지(11),3333-305 산업단지환경조성 409920백만원 / 3363-306 지역투자촉진 251347백만원 / 3363-307 지역투자촉진(세종) 5026백만원 / 3362-301 지방주도형투자·일자리지원(자율) 3602백만원 / 3362-332 지방주도형투자·일자리지원 1565백만원
1801,합성수지,전기장비,세원화성(주),대전,102,1,,없음,1.0,0.75,0.5,0.00865,3.244,173곳: 조명장치(143) · 전선 및 케이블(19) · 전지(11),3333-305 산업단지환경조성 409920백만원 / 3363-306 지역투자촉진 251347백만원 / 3363-307 지역투자촉진(세종) 5026백만원 / 3362-301 지방주도형투자·일자리지원(자율) 3602백만원 / 3362-332 지방주도형투자·일자리지원 1565백만원
1801,합성수지,전기장비,애경케미칼주식회사 청양1공장,충남,154,1,,없음,1.0,0.75,0.5,0.00865,3.244,173곳: 조명장치(143) · 전선 및 케이블(19) · 전지(11),3333-305 산업단지환경조성 409920백만원 / 3363-306 지역투자촉진 251347백만원 / 3363-307 지역투자촉진(세종) 5026백만원 / 3362-301 지방주도형투자·일자리지원(자율) 3602백만원 / 3362-332 지방주도형투자·일자리지원 1565백만원
1801,합성수지,전기장비,코오롱인더스트리(주) 대산공장,충남,58,1,,없음,1.0,0.75,0.5,0.00865,3.244,173곳: 조명장치(143) · 전선 및 케이블(19) · 전지(11),3333-305 산업단지환경조성 409920백만원 / 3363-306 지역투자촉진 251347백만원 / 3363-307 지역투자촉진(세종) 5026백만원 / 3362-301 지방주도형투자·일자리지원(자율) 3602백만원 / 3362-332 지방주도형투자·일자리지원 1565백만원
1801,합성수지,전기장비,한일도요(주),충북,74,1,,없음,1.0,0.75,0.5,0.00865,3.244,173곳: 조명장치(143) · 전선 및 케이블(19) · 전지(11),3333-305 산업단지환경조성 409920백만원 / 3363-306 지역투자촉진 251347백만원 / 3363-307 지역투자촉진(세종) 5026백만원 / 3362-301 지방주도형투자·일자리지원(자율) 3602백만원 / 3362-332 지방주도형투자·일자리지원 1565백만원
3102,집적회로,전기장비,(주)성진글로벌,전남광주,171,2,,공장 2개,1.0,0.5,1.0,0.00635,3.175,246곳: 조명장치(143) · 기타 전기장비(67) · 전기변환장치(36),3333-305 산업단지환경조성 409920백만원 / 3363-306 지역투자촉진 251347백만원 / 3363-307 지역투자촉진(세종) 5026백만원 / 3362-301 지방주도형투자·일자리지원(자율) 3602백만원 / 3362-332 지방주도형투자·일자리지원 1565백만원
3102,집적회로,전기장비,LB세미콘(주) 구미사업장 G2,경북,102,1,,없음,1.0,1.0,0.5,0.00635,3.175,246곳: 조명장치(143) · 기타 전기장비(67) · 전기변환장치(36),3333-305 산업단지환경조성 409920백만원 / 3363-306 지역투자촉진 251347백만원 / 3363-307 지역투자촉진(세종) 5026백만원 / 3362-301 지방주도형투자·일자리지원(자율) 3602백만원 / 3362-332 지방주도형투자·일자리지원 1565백만원
3723,전기회로 개폐 및 접속장치,전기장비,(주) 나노전기,경기,40,1,,없음,0.8,0.6,0.5,0.01318,3.163,552곳: 배전반 및 전기자동 제어반(261) · 조명장치(143) · 기타 전기장비(67),3333-305 산업단지환경조성 409920백만원 / 3363-306 지역투자촉진 251347백만원 / 3363-307 지역투자촉진(세종) 5026백만원 / 3362-301 지방주도형투자·일자리지원(자율) 3602백만원 / 3362-332 지방주도형투자·일자리지원 1565백만원
3723,전기회로 개폐 및 접속장치,전기장비,(주)고려공산,인천,40,1,,없음,0.8,0.6,0.5,0.01318,3.163,552곳: 배전반 및 전기자동 제어반(261) · 조명장치(143) · 기타 전기장비(67),3333-305 산업단지환경조성 409920백만원 / 3363-306 지역투자촉진 251347백만원 / 3363-307 지역투자촉진(세종) 5026백만원 / 3362-301 지방주도형투자·일자리지원(자율) 3602백만원 / 3362-332 지방주도형투자·일자리지원 1565백만원
3723,전기회로 개폐 및 접속장치,전기장비,(주)대성화학,경기,35,1,,없음,0.8,0.6,0.5,0.01318,3.163,552곳: 배전반 및 전기자동 제어반(261) · 조명장치(143) · 기타 전기장비(67),3333-305 산업단지환경조성 409920백만원 / 3363-306 지역투자촉진 251347백만원 / 3363-307 지역투자촉진(세종) 5026백만원 / 3362-301 지방주도형투자·일자리지원(자율) 3602백만원 / 3362-332 지방주도형투자·일자리지원 1565백만원
3723,전기회로 개폐 및 접속장치,전기장비,(주)대양엔지니어링,경기,44,1,,없음,0.8,0.6,0.5,0.01318,3.163,552곳: 배전반 및 전기자동 제어반(261) · 조명장치(143) · 기타 전기장비(67),3333-305 산업단지환경조성 409920백만원 / 3363-306 지역투자촉진 251347백만원 / 3363-307 지역투자촉진(세종) 5026백만원 / 3362-301 지방주도형투자·일자리지원(자율) 3602백만원 / 3362-332 지방주도형투자·일자리지원 1565백만원
3723,전기회로 개폐 및 접속장치,전기장비,(주)동광사우,경기,45,1,,없음,0.8,0.6,0.5,0.01318,3.163,552곳: 배전반 및 전기자동 제어반(261) · 조명장치(143) · 기타 전기장비(67),3333-305 산업단지환경조성 409920백만원 / 3363-306 지역투자촉진 251347백만원 / 3363-307 지역투자촉진(세종) 5026백만원 / 3362-301 지방주도형투자·일자리지원(자율) 3602백만원 / 3362-332 지방주도형투자·일자리지원 1565백만원
3723,전기회로 개폐 및 접속장치,전기장비,(주)동신,경기,38,1,,없음,0.8,0.6,0.5,0.01318,3.163,552곳: 배전반 및 전기자동 제어반(261) · 조명장치(143) · 기타 전기장비(67),3333-305 산업단지환경조성 409920백만원 / 3363-306 지역투자촉진 251347백만원 / 3363-307 지역투자촉진(세종) 5026백만원 / 3362-301 지방주도형투자·일자리지원(자율) 3602백만원 / 3362-332 지방주도형투자·일자리지원 1565백만원
3723,전기회로 개폐 및 접속장치,전기장비,(주)동아전기프러그,인천,34,1,,없음,0.8,0.6,0.5,0.01318,3.163,552곳: 배전반 및 전기자동 제어반(261) · 조명장치(143) · 기타 전기장비(67),3333-305 산업단지환경조성 409920백만원 / 3363-306 지역투자촉진 251347백만원 / 3363-307 지역투자촉진(세종) 5026백만원 / 3362-301 지방주도형투자·일자리지원(자율) 3602백만원 / 3362-332 지방주도형투자·일자리지원 1565백만원
3723,전기회로 개폐 및 접속장치,전기장비,(주)동양이이씨,경기,32,1,,없음,0.8,0.6,0.5,0.01318,3.163,552곳: 배전반 및 전기자동 제어반(261) · 조명장치(143) · 기타 전기장비(67),3333-305 산업단지환경조성 409920백만원 / 3363-306 지역투자촉진 251347백만원 / 3363-307 지역투자촉진(세종) 5026백만원 / 3362-301 지방주도형투자·일자리지원(자율) 3602백만원 / 3362-332 지방주도형투자·일자리지원 1565백만원
3723,전기회로 개폐 및 접속장치,전기장비,(주)모스전자,경기,48,1,,없음,0.8,0.6,0.5,0.01318,3.163,552곳: 배전반 및 전기자동 제어반(261) · 조명장치(143) · 기타 전기장비(67),3333-305 산업단지환경조성 409920백만원 / 3363-306 지역투자촉진 251347백만원 / 3363-307 지역투자촉진(세종) 5026백만원 / 3362-301 지방주도형투자·일자리지원(자율) 3602백만원 / 3362-332 지방주도형투자·일자리지원 1565백만원
3723,전기회로 개폐 및 접속장치,전기장비,(주)비씨엠케이,인천,47,1,,없음,0.8,0.6,0.5,0.01318,3.163,552곳: 배전반 및 전기자동 제어반(261) · 조명장치(143) · 기타 전기장비(67),3333-305 산업단지환경조성 409920백만원 / 3363-306 지역투자촉진 251347백만원 / 3363-307 지역투자촉진(세종) 5026백만원 / 3362-301 지방주도형투자·일자리지원(자율) 3602백만원 / 3362-332 지방주도형투자·일자리지원 1565백만원
3723,전기회로 개폐 및 접속장치,전기장비,(주)비츠로일렉트릭,경기,292,1,,없음,0.8,0.6,0.5,0.01318,3.163,552곳: 배전반 및 전기자동 제어반(261) · 조명장치(143) · 기타 전기장비(67),3333-305 산업단지환경조성 409920백만원 / 3363-306 지역투자촉진 251347백만원 / 3363-307 지역투자촉진(세종) 5026백만원 / 3362-301 지방주도형투자·일자리지원(자율) 3602백만원 / 3362-332 지방주도형투자·일자리지원 1565백만원
3723,전기회로 개폐 및 접속장치,전기장비,(주)비투비,경기,37,1,,없음,0.8,0.6,0.5,0.01318,3.163,552곳: 배전반 및 전기자동 제어반(261) · 조명장치(143) · 기타 전기장비(67),3333-305 산업단지환경조성 409920백만원 / 3363-306 지역투자촉진 251347백만원 / 3363-307 지역투자촉진(세종) 5026백만원 / 3362-301 지방주도형투자·일자리지원(자율) 3602백만원 / 3362-332 지방주도형투자·일자리지원 1565백만원
3723,전기회로 개폐 및 접속장치,전기장비,(주)비티에스하네스,서울,34,1,,없음,0.8,0.6,0.5,0.01318,3.163,552곳: 배전반 및 전기자동 제어반(261) · 조명장치(143) · 기타 전기장비(67),3333-305 산업단지환경조성 409920백만원 / 3363-306 지역투자촉진 251347백만원 / 3363-307 지역투자촉진(세종) 5026백만원 / 3362-301 지방주도형투자·일자리지원(자율) 3602백만원 / 3362-332 지방주도형투자·일자리지원 1565백만원
3723,전기회로 개폐 및 접속장치,전기장비,(주)삼아,경기,32,1,,없음,0.8,0.6,0.5,0.01318,3.163,552곳: 배전반 및 전기자동 제어반(261) · 조명장치(143) · 기타 전기장비(67),3333-305 산업단지환경조성 409920백만원 / 3363-306 지역투자촉진 251347백만원 / 3363-307 지역투자촉진(세종) 5026백만원 / 3362-301 지방주도형투자·일자리지원(자율) 3602백만원 / 3362-332 지방주도형투자·일자리지원 1565백만원
3723,전기회로 개폐 및 접속장치,전기장비,(주)세니온,인천,47,1,,없음,0.8,0.6,0.5,0.01318,3.163,552곳: 배전반 및 전기자동 제어반(261) · 조명장치(143) · 기타 전기장비(67),3333-305 산업단지환경조성 409920백만원 / 3363-306 지역투자촉진 251347백만원 / 3363-307 지역투자촉진(세종) 5026백만원 / 3362-301 지방주도형투자·일자리지원(자율) 3602백만원 / 3362-332 지방주도형투자·일자리지원 1565백만원
3723,전기회로 개폐 및 접속장치,전기장비,(주)세홍,경기,33,1,,없음,0.8,0.6,0.5,0.01318,3.163,552곳: 배전반 및 전기자동 제어반(261) · 조명장치(143) · 기타 전기장비(67),3333-305 산업단지환경조성 409920백만원 / 3363-306 지역투자촉진 251347백만원 / 3363-307 지역투자촉진(세종) 5026백만원 / 3362-301 지방주도형투자·일자리지원(자율) 3602백만원 / 3362-332 지방주도형투자·일자리지원 1565백만원
3723,전기회로 개폐 및 접속장치,전기장비,(주)스윗홈,인천,31,1,,없음,0.8,0.6,0.5,0.01318,3.163,552곳: 배전반 및 전기자동 제어반(261) · 조명장치(143) · 기타 전기장비(67),3333-305 산업단지환경조성 409920백만원 / 3363-306 지역투자촉진 251347백만원 / 3363-307 지역투자촉진(세종) 5026백만원 / 3362-301 지방주도형투자·일자리지원(자율) 3602백만원 / 3362-332 지방주도형투자·일자리지원 1565백만원
3723,전기회로 개폐 및 접속장치,전기장비,(주)씨엔아이오텍,경기,35,1,,없음,0.8,0.6,0.5,0.01318,3.163,552곳: 배전반 및 전기자동 제어반(261) · 조명장치(143) · 기타 전기장비(67),3333-305 산업단지환경조성 409920백만원 / 3363-306 지역투자촉진 251347백만원 / 3363-307 지역투자촉진(세종) 5026백만원 / 3362-301 지방주도형투자·일자리지원(자율) 3602백만원 / 3362-332 지방주도형투자·일자리지원 1565백만원
3723,전기회로 개폐 및 접속장치,전기장비,(주)아테코,경기,44,1,,없음,0.8,0.6,0.5,0.01318,3.163,552곳: 배전반 및 전기자동 제어반(261) · 조명장치(143) · 기타 전기장비(67),3333-305 산업단지환경조성 409920백만원 / 3363-306 지역투자촉진 251347백만원 / 3363-307 지역투자촉진(세종) 5026백만원 / 3362-301 지방주도형투자·일자리지원(자율) 3602백만원 / 3362-332 지방주도형투자·일자리지원 1565백만원
3723,전기회로 개폐 및 접속장치,전기장비,(주)애드리온,경기,31,1,,없음,0.8,0.6,0.5,0.01318,3.163,552곳: 배전반 및 전기자동 제어반(261) · 조명장치(143) · 기타 전기장비(67),3333-305 산업단지환경조성 409920백만원 / 3363-306 지역투자촉진 251347백만원 / 3363-307 지역투자촉진(세종) 5026백만원 / 3362-301 지방주도형투자·일자리지원(자율) 3602백만원 / 3362-332 지방주도형투자·일자리지원 1565백만원
3723,전기회로 개폐 및 접속장치,전기장비,(주)에스아이,경기,30,1,,없음,0.8,0.6,0.5,0.01318,3.163,552곳: 배전반 및 전기자동 제어반(261) · 조명장치(143) · 기타 전기장비(67),3333-305 산업단지환경조성 409920백만원 / 3363-306 지역투자촉진 251347백만원 / 3363-307 지역투자촉진(세종) 5026백만원 / 3362-301 지방주도형투자·일자리지원(자율) 3602백만원 / 3362-332 지방주도형투자·일자리지원 1565백만원
3723,전기회로 개폐 및 접속장치,전기장비,(주)용진일렉콤,경기,46,1,,없음,0.8,0.6,0.5,0.01318,3.163,552곳: 배전반 및 전기자동 제어반(261) · 조명장치(143) · 기타 전기장비(67),3333-305 산업단지환경조성 409920백만원 / 3363-306 지역투자촉진 251347백만원 / 3363-307 지역투자촉진(세종) 5026백만원 / 3362-301 지방주도형투자·일자리지원(자율) 3602백만원 / 3362-332 지방주도형투자·일자리지원 1565백만원
3723,전기회로 개폐 및 접속장치,전기장비,(주)웰바스,경기,30,1,,없음,0.8,0.6,0.5,0.01318,3.163,552곳: 배전반 및 전기자동 제어반(261) · 조명장치(143) · 기타 전기장비(67),3333-305 산업단지환경조성 409920백만원 / 3363-306 지역투자촉진 251347백만원 / 3363-307 지역투자촉진(세종) 5026백만원 / 3362-301 지방주도형투자·일자리지원(자율) 3602백만원 / 3362-332 지방주도형투자·일자리지원 1565백만원
3723,전기회로 개폐 및 접속장치,전기장비,(주)위너스일렉,경기,49,1,,없음,0.8,0.6,0.5,0.01318,3.163,552곳: 배전반 및 전기자동 제어반(261) · 조명장치(143) · 기타 전기장비(67),3333-305 산업단지환경조성 409920백만원 / 3363-306 지역투자촉진 251347백만원 / 3363-307 지역투자촉진(세종) 5026백만원 / 3362-301 지방주도형투자·일자리지원(자율) 3602백만원 / 3362-332 지방주도형투자·일자리지원 1565백만원
3723,전기회로 개폐 및 접속장치,전기장비,(주)이노센트전자,인천,34,1,,없음,0.8,0.6,0.5,0.01318,3.163,552곳: 배전반 및 전기자동 제어반(261) · 조명장치(143) · 기타 전기장비(67),3333-305 산업단지환경조성 409920백만원 / 3363-306 지역투자촉진 251347백만원 / 3363-307 지역투자촉진(세종) 5026백만원 / 3362-301 지방주도형투자·일자리지원(자율) 3602백만원 / 3362-332 지방주도형투자·일자리지원 1565백만원
3723,전기회로 개폐 및 접속장치,전기장비,(주)이엠씨씨,인천,47,1,,없음,0.8,0.6,0.5,0.01318,3.163,552곳: 배전반 및 전기자동 제어반(261) · 조명장치(143) · 기타 전기장비(67),3333-305 산업단지환경조성 409920백만원 / 3363-306 지역투자촉진 251347백만원 / 3363-307 지역투자촉진(세종) 5026백만원 / 3362-301 지방주도형투자·일자리지원(자율) 3602백만원 / 3362-332 지방주도형투자·일자리지원 1565백만원
3723,전기회로 개폐 및 접속장치,전기장비,(주)이피이,경기,42,1,,없음,0.8,0.6,0.5,0.01318,3.163,552곳: 배전반 및 전기자동 제어반(261) · 조명장치(143) · 기타 전기장비(67),3333-305 산업단지환경조성 409920백만원 / 3363-306 지역투자촉진 251347백만원 / 3363-307 지역투자촉진(세종) 5026백만원 / 3362-301 지방주도형투자·일자리지원(자율) 3602백만원 / 3362-332 지방주도형투자·일자리지원 1565백만원
3723,전기회로 개폐 및 접속장치,전기장비,(주)재원하이텍,인천,44,1,,없음,0.8,0.6,0.5,0.01318,3.163,552곳: 배전반 및 전기자동 제어반(261) · 조명장치(143) · 기타 전기장비(67),3333-305 산업단지환경조성 409920백만원 / 3363-306 지역투자촉진 251347백만원 / 3363-307 지역투자촉진(세종) 5026백만원 / 3362-301 지방주도형투자·일자리지원(자율) 3602백만원 / 3362-332 지방주도형투자·일자리지원 1565백만원
3723,전기회로 개폐 및 접속장치,전기장비,(주)제이앤티씨,경기,235,1,,없음,0.8,0.6,0.5,0.01318,3.163,552곳: 배전반 및 전기자동 제어반(261) · 조명장치(143) · 기타 전기장비(67),3333-305 산업단지환경조성 409920백만원 / 3363-306 지역투자촉진 251347백만원 / 3363-307 지역투자촉진(세종) 5026백만원 / 3362-301 지방주도형투자·일자리지원(자율) 3602백만원 / 3362-332 지방주도형투자·일자리지원 1565백만원
3723,전기회로 개폐 및 접속장치,전기장비,(주)지원테크,경기,47,1,,없음,0.8,0.6,0.5,0.01318,3.163,552곳: 배전반 및 전기자동 제어반(261) · 조명장치(143) · 기타 전기장비(67),3333-305 산업단지환경조성 409920백만원 / 3363-306 지역투자촉진 251347백만원 / 3363-307 지역투자촉진(세종) 5026백만원 / 3362-301 지방주도형투자·일자리지원(자율) 3602백만원 / 3362-332 지방주도형투자·일자리지원 1565백만원
3723,전기회로 개폐 및 접속장치,전기장비,(주)프라임솔루션,경기,37,1,,없음,0.8,0.6,0.5,0.01318,3.163,552곳: 배전반 및 전기자동 제어반(261) · 조명장치(143) · 기타 전기장비(67),3333-305 산업단지환경조성 409920백만원 / 3363-306 지역투자촉진 251347백만원 / 3363-307 지역투자촉진(세종) 5026백만원 / 3362-301 지방주도형투자·일자리지원(자율) 3602백만원 / 3362-332 지방주도형투자·일자리지원 1565백만원
3723,전기회로 개폐 및 접속장치,전기장비,(주)한국오탁스,인천,35,1,,없음,0.8,0.6,0.5,0.01318,3.163,552곳: 배전반 및 전기자동 제어반(261) · 조명장치(143) · 기타 전기장비(67),3333-305 산업단지환경조성 409920백만원 / 3363-306 지역투자촉진 251347백만원 / 3363-307 지역투자촉진(세종) 5026백만원 / 3362-301 지방주도형투자·일자리지원(자율) 3602백만원 / 3362-332 지방주도형투자·일자리지원 1565백만원
3723,전기회로 개폐 및 접속장치,전기장비,(주)한신단자공업,인천,35,1,,없음,0.8,0.6,0.5,0.01318,3.163,552곳: 배전반 및 전기자동 제어반(261) · 조명장치(143) · 기타 전기장비(67),3333-305 산업단지환경조성 409920백만원 / 3363-306 지역투자촉진 251347백만원 / 3363-307 지역투자촉진(세종) 5026백만원 / 3362-301 지방주도형투자·일자리지원(자율) 3602백만원 / 3362-332 지방주도형투자·일자리지원 1565백만원
3723,전기회로 개폐 및 접속장치,전기장비,(주)휠링,인천,42,1,,없음,0.8,0.6,0.5,0.01318,3.163,552곳: 배전반 및 전기자동 제어반(261) · 조명장치(143) · 기타 전기장비(67),3333-305 산업단지환경조성 409920백만원 / 3363-306 지역투자촉진 251347백만원 / 3363-307 지역투자촉진(세종) 5026백만원 / 3362-301 지방주도형투자·일자리지원(자율) 3602백만원 / 3362-332 지방주도형투자·일자리지원 1565백만원
3723,전기회로 개폐 및 접속장치,전기장비,(주)휠링컴,인천,37,1,,없음,0.8,0.6,0.5,0.01318,3.163,552곳: 배전반 및 전기자동 제어반(261) · 조명장치(143) · 기타 전기장비(67),3333-305 산업단지환경조성 409920백만원 / 3363-306 지역투자촉진 251347백만원 / 3363-307 지역투자촉진(세종) 5026백만원 / 3362-301 지방주도형투자·일자리지원(자율) 3602백만원 / 3362-332 지방주도형투자·일자리지원 1565백만원
3723,전기회로 개폐 및 접속장치,전기장비,㈜미섬시스텍,경기,44,1,,없음,0.8,0.6,0.5,0.01318,3.163,552곳: 배전반 및 전기자동 제어반(261) · 조명장치(143) · 기타 전기장비(67),3333-305 산업단지환경조성 409920백만원 / 3363-306 지역투자촉진 251347백만원 / 3363-307 지역투자촉진(세종) 5026백만원 / 3362-301 지방주도형투자·일자리지원(자율) 3602백만원 / 3362-332 지방주도형투자·일자리지원 1565백만원
3723,전기회로 개폐 및 접속장치,전기장비,㈜유성계전,인천,46,1,,없음,0.8,0.6,0.5,0.01318,3.163,552곳: 배전반 및 전기자동 제어반(261) · 조명장치(143) · 기타 전기장비(67),3333-305 산업단지환경조성 409920백만원 / 3363-306 지역투자촉진 251347백만원 / 3363-307 지역투자촉진(세종) 5026백만원 / 3362-301 지방주도형투자·일자리지원(자율) 3602백만원 / 3362-332 지방주도형투자·일자리지원 1565백만원
3723,전기회로 개폐 및 접속장치,전기장비,골든콘넥터산업(주),경기,33,1,,없음,0.8,0.6,0.5,0.01318,3.163,552곳: 배전반 및 전기자동 제어반(261) · 조명장치(143) · 기타 전기장비(67),3333-305 산업단지환경조성 409920백만원 / 3363-306 지역투자촉진 251347백만원 / 3363-307 지역투자촉진(세종) 5026백만원 / 3362-301 지방주도형투자·일자리지원(자율) 3602백만원 / 3362-332 지방주도형투자·일자리지원 1565백만원
3723,전기회로 개폐 및 접속장치,전기장비,네오피스㈜,경기,30,1,,없음,0.8,0.6,0.5,0.01318,3.163,552곳: 배전반 및 전기자동 제어반(261) · 조명장치(143) · 기타 전기장비(67),3333-305 산업단지환경조성 409920백만원 / 3363-306 지역투자촉진 251347백만원 / 3363-307 지역투자촉진(세종) 5026백만원 / 3362-301 지방주도형투자·일자리지원(자율) 3602백만원 / 3362-332 지방주도형투자·일자리지원 1565백만원
3723,전기회로 개폐 및 접속장치,전기장비,대흥공업,인천,31,1,,없음,0.8,0.6,0.5,0.01318,3.163,552곳: 배전반 및 전기자동 제어반(261) · 조명장치(143) · 기타 전기장비(67),3333-305 산업단지환경조성 409920백만원 / 3363-306 지역투자촉진 251347백만원 / 3363-307 지역투자촉진(세종) 5026백만원 / 3362-301 지방주도형투자·일자리지원(자율) 3602백만원 / 3362-332 지방주도형투자·일자리지원 1565백만원
3723,전기회로 개폐 및 접속장치,전기장비,디딤솔루션,경기,31,1,,없음,0.8,0.6,0.5,0.01318,3.163,552곳: 배전반 및 전기자동 제어반(261) · 조명장치(143) · 기타 전기장비(67),3333-305 산업단지환경조성 409920백만원 / 3363-306 지역투자촉진 251347백만원 / 3363-307 지역투자촉진(세종) 5026백만원 / 3362-301 지방주도형투자·일자리지원(자율) 3602백만원 / 3362-332 지방주도형투자·일자리지원 1565백만원
3723,전기회로 개폐 및 접속장치,전기장비,빛샘전자(주),경기,30,1,,없음,0.8,0.6,0.5,0.01318,3.163,552곳: 배전반 및 전기자동 제어반(261) · 조명장치(143) · 기타 전기장비(67),3333-305 산업단지환경조성 409920백만원 / 3363-306 지역투자촉진 251347백만원 / 3363-307 지역투자촉진(세종) 5026백만원 / 3362-301 지방주도형투자·일자리지원(자율) 3602백만원 / 3362-332 지방주도형투자·일자리지원 1565백만원
3723,전기회로 개폐 및 접속장치,전기장비,삼덕시스템(주)태양광사업부,경기,30,1,,없음,0.8,0.6,0.5,0.01318,3.163,552곳: 배전반 및 전기자동 제어반(261) · 조명장치(143) · 기타 전기장비(67),3333-305 산업단지환경조성 409920백만원 / 3363-306 지역투자촉진 251347백만원 / 3363-307 지역투자촉진(세종) 5026백만원 / 3362-301 지방주도형투자·일자리지원(자율) 3602백만원 / 3362-332 지방주도형투자·일자리지원 1565백만원
3723,전기회로 개폐 및 접속장치,전기장비,성호제어기기 주식회사,인천,39,1,,없음,0.8,0.6,0.5,0.01318,3.163,552곳: 배전반 및 전기자동 제어반(261) · 조명장치(143) · 기타 전기장비(67),3333-305 산업단지환경조성 409920백만원 / 3363-306 지역투자촉진 251347백만원 / 3363-307 지역투자촉진(세종) 5026백만원 / 3362-301 지방주도형투자·일자리지원(자율) 3602백만원 / 3362-332 지방주도형투자·일자리지원 1565백만원
3723,전기회로 개폐 및 접속장치,전기장비,세광공업(주),인천,32,1,,없음,0.8,0.6,0.5,0.01318,3.163,552곳: 배전반 및 전기자동 제어반(261) · 조명장치(143) · 기타 전기장비(67),3333-305 산업단지환경조성 409920백만원 / 3363-306 지역투자촉진 251347백만원 / 3363-307 지역투자촉진(세종) 5026백만원 / 3362-301 지방주도형투자·일자리지원(자율) 3602백만원 / 3362-332 지방주도형투자·일자리지원 1565백만원
3723,전기회로 개폐 및 접속장치,전기장비,신생금속공업(주),경기,37,1,,없음,0.8,0.6,0.5,0.01318,3.163,552곳: 배전반 및 전기자동 제어반(261) · 조명장치(143) · 기타 전기장비(67),3333-305 산업단지환경조성 409920백만원 / 3363-306 지역투자촉진 251347백만원 / 3363-307 지역투자촉진(세종) 5026백만원 / 3362-301 지방주도형투자·일자리지원(자율) 3602백만원 / 3362-332 지방주도형투자·일자리지원 1565백만원
3723,전기회로 개폐 및 접속장치,전기장비,암페놀-대신전자정밀(주),경기,48,1,,없음,0.8,0.6,0.5,0.01318,3.163,552곳: 배전반 및 전기자동 제어반(261) · 조명장치(143) · 기타 전기장비(67),3333-305 산업단지환경조성 409920백만원 / 3363-306 지역투자촉진 251347백만원 / 3363-307 지역투자촉진(세종) 5026백만원 / 3362-301 지방주도형투자·일자리지원(자율) 3602백만원 / 3362-332 지방주도형투자·일자리지원 1565백만원
3723,전기회로 개폐 및 접속장치,전기장비,연경전자(주),경기,31,1,,없음,0.8,0.6,0.5,0.01318,3.163,552곳: 배전반 및 전기자동 제어반(261) · 조명장치(143) · 기타 전기장비(67),3333-305 산업단지환경조성 409920백만원 / 3363-306 지역투자촉진 251347백만원 / 3363-307 지역투자촉진(세종) 5026백만원 / 3362-301 지방주도형투자·일자리지원(자율) 3602백만원 / 3362-332 지방주도형투자·일자리지원 1565백만원
3723,전기회로 개폐 및 접속장치,전기장비,오성기전(주),경기,42,1,,없음,0.8,0.6,0.5,0.01318,3.163,552곳: 배전반 및 전기자동 제어반(261) · 조명장치(143) · 기타 전기장비(67),3333-305 산업단지환경조성 409920백만원 / 3363-306 지역투자촉진 251347백만원 / 3363-307 지역투자촉진(세종) 5026백만원 / 3362-301 지방주도형투자·일자리지원(자율) 3602백만원 / 3362-332 지방주도형투자·일자리지원 1565백만원
3723,전기회로 개폐 및 접속장치,전기장비,유림기술(주),경기,42,1,,없음,0.8,0.6,0.5,0.01318,3.163,552곳: 배전반 및 전기자동 제어반(261) · 조명장치(143) · 기타 전기장비(67),3333-305 산업단지환경조성 409920백만원 / 3363-306 지역투자촉진 251347백만원 / 3363-307 지역투자촉진(세종) 5026백만원 / 3362-301 지방주도형투자·일자리지원(자율) 3602백만원 / 3362-332 지방주도형투자·일자리지원 1565백만원
3723,전기회로 개폐 및 접속장치,전기장비,이노큐,경기,30,1,,없음,0.8,0.6,0.5,0.01318,3.163,552곳: 배전반 및 전기자동 제어반(261) · 조명장치(143) · 기타 전기장비(67),3333-305 산업단지환경조성 409920백만원 / 3363-306 지역투자촉진 251347백만원 / 3363-307 지역투자촉진(세종) 5026백만원 / 3362-301 지방주도형투자·일자리지원(자율) 3602백만원 / 3362-332 지방주도형투자·일자리지원 1565백만원
3723,전기회로 개폐 및 접속장치,전기장비,인텍전기전자(주) 제2공장,경기,40,1,,없음,0.8,0.6,0.5,0.01318,3.163,552곳: 배전반 및 전기자동 제어반(261) · 조명장치(143) · 기타 전기장비(67),3333-305 산업단지환경조성 409920백만원 / 3363-306 지역투자촉진 251347백만원 / 3363-307 지역투자촉진(세종) 5026백만원 / 3362-301 지방주도형투자·일자리지원(자율) 3602백만원 / 3362-332 지방주도형투자·일자리지원 1565백만원
3723,전기회로 개폐 및 접속장치,전기장비,일진전기(주),경기,32,1,,없음,0.8,0.6,0.5,0.01318,3.163,552곳: 배전반 및 전기자동 제어반(261) · 조명장치(143) · 기타 전기장비(67),3333-305 산업단지환경조성 409920백만원 / 3363-306 지역투자촉진 251347백만원 / 3363-307 지역투자촉진(세종) 5026백만원 / 3362-301 지방주도형투자·일자리지원(자율) 3602백만원 / 3362-332 지방주도형투자·일자리지원 1565백만원
3723,전기회로 개폐 및 접속장치,전기장비,주식회사 네오피스,경기,31,1,,없음,0.8,0.6,0.5,0.01318,3.163,552곳: 배전반 및 전기자동 제어반(261) · 조명장치(143) · 기타 전기장비(67),3333-305 산업단지환경조성 409920백만원 / 3363-306 지역투자촉진 251347백만원 / 3363-307 지역투자촉진(세종) 5026백만원 / 3362-301 지방주도형투자·일자리지원(자율) 3602백만원 / 3362-332 지방주도형투자·일자리지원 1565백만원
3723,전기회로 개폐 및 접속장치,전기장비,주식회사 씨엔에이치시스템,경기,33,1,,없음,0.8,0.6,0.5,0.01318,3.163,552곳: 배전반 및 전기자동 제어반(261) · 조명장치(143) · 기타 전기장비(67),3333-305 산업단지환경조성 409920백만원 / 3363-306 지역투자촉진 251347백만원 / 3363-307 지역투자촉진(세종) 5026백만원 / 3362-301 지방주도형투자·일자리지원(자율) 3602백만원 / 3362-332 지방주도형투자·일자리지원 1565백만원
3723,전기회로 개폐 및 접속장치,전기장비,주식회사 오디아이,경기,47,1,,없음,0.8,0.6,0.5,0.01318,3.163,552곳: 배전반 및 전기자동 제어반(261) · 조명장치(143) · 기타 전기장비(67),3333-305 산업단지환경조성 409920백만원 / 3363-306 지역투자촉진 251347백만원 / 3363-307 지역투자촉진(세종) 5026백만원 / 3362-301 지방주도형투자·일자리지원(자율) 3602백만원 / 3362-332 지방주도형투자·일자리지원 1565백만원
3723,전기회로 개폐 및 접속장치,전기장비,주식회사 유진전장,인천,40,1,,없음,0.8,0.6,0.5,0.01318,3.163,552곳: 배전반 및 전기자동 제어반(261) · 조명장치(143) · 기타 전기장비(67),3333-305 산업단지환경조성 409920백만원 / 3363-306 지역투자촉진 251347백만원 / 3363-307 지역투자촉진(세종) 5026백만원 / 3362-301 지방주도형투자·일자리지원(자율) 3602백만원 / 3362-332 지방주도형투자·일자리지원 1565백만원
3723,전기회로 개폐 및 접속장치,전기장비,주식회사 일렉콤,경기,49,1,,없음,0.8,0.6,0.5,0.01318,3.163,552곳: 배전반 및 전기자동 제어반(261) · 조명장치(143) · 기타 전기장비(67),3333-305 산업단지환경조성 409920백만원 / 3363-306 지역투자촉진 251347백만원 / 3363-307 지역투자촉진(세종) 5026백만원 / 3362-301 지방주도형투자·일자리지원(자율) 3602백만원 / 3362-332 지방주도형투자·일자리지원 1565백만원
3723,전기회로 개폐 및 접속장치,전기장비,통일전자공업(주),경기,35,1,,없음,0.8,0.6,0.5,0.01318,3.163,552곳: 배전반 및 전기자동 제어반(261) · 조명장치(143) · 기타 전기장비(67),3333-305 산업단지환경조성 409920백만원 / 3363-306 지역투자촉진 251347백만원 / 3363-307 지역투자촉진(세종) 5026백만원 / 3362-301 지방주도형투자·일자리지원(자율) 3602백만원 / 3362-332 지방주도형투자·일자리지원 1565백만원
2821,동 1차제품,일반기계,(주)에이치제이,경남,45,1,,없음,0.8,0.9,0.5,0.00873,3.143,149곳: 밸브(98) · 공기조절장치 및 냉장냉동 장비(51),3333-305 산업단지환경조성 409920백만원 / 3363-306 지역투자촉진 251347백만원 / 3363-307 지역투자촉진(세종) 5026백만원 / 3362-301 지방주도형투자·일자리지원(자율) 3602백만원 / 3362-332 지방주도형투자·일자리지원 1565백만원
2821,동 1차제품,일반기계,주식회사 이와,경남,33,1,,없음,0.8,0.9,0.5,0.00873,3.143,149곳: 밸브(98) · 공기조절장치 및 냉장냉동 장비(51),3333-305 산업단지환경조성 409920백만원 / 3363-306 지역투자촉진 251347백만원 / 3363-307 지역투자촉진(세종) 5026백만원 / 3362-301 지방주도형투자·일자리지원(자율) 3602백만원 / 3362-332 지방주도형투자·일자리지원 1565백만원
1801,합성수지,전기장비,(주)마스콤,경남,49,1,,없음,0.8,0.9,0.5,0.00865,3.114,173곳: 조명장치(143) · 전선 및 케이블(19) · 전지(11),3333-305 산업단지환경조성 409920백만원 / 3363-306 지역투자촉진 251347백만원 / 3363-307 지역투자촉진(세종) 5026백만원 / 3362-301 지방주도형투자·일자리지원(자율) 3602백만원 / 3362-332 지방주도형투자·일자리지원 1565백만원
1801,합성수지,전기장비,(주)우진,경남,46,1,,없음,0.8,0.9,0.5,0.00865,3.114,173곳: 조명장치(143) · 전선 및 케이블(19) · 전지(11),3333-305 산업단지환경조성 409920백만원 / 3363-306 지역투자촉진 251347백만원 / 3363-307 지역투자촉진(세종) 5026백만원 / 3362-301 지방주도형투자·일자리지원(자율) 3602백만원 / 3362-332 지방주도형투자·일자리지원 1565백만원
1801,합성수지,전기장비,삼부정밀화학(주),경남,35,1,,없음,0.8,0.9,0.5,0.00865,3.114,173곳: 조명장치(143) · 전선 및 케이블(19) · 전지(11),3333-305 산업단지환경조성 409920백만원 / 3363-306 지역투자촉진 251347백만원 / 3363-307 지역투자촉진(세종) 5026백만원 / 3362-301 지방주도형투자·일자리지원(자율) 3602백만원 / 3362-332 지방주도형투자·일자리지원 1565백만원
1801,합성수지,전기장비,웨스트레이크코리아(주),울산,38,1,,없음,0.8,0.9,0.5,0.00865,3.114,173곳: 조명장치(143) · 전선 및 케이블(19) · 전지(11),3333-305 산업단지환경조성 409920백만원 / 3363-306 지역투자촉진 251347백만원 / 3363-307 지역투자촉진(세종) 5026백만원 / 3362-301 지방주도형투자·일자리지원(자율) 3602백만원 / 3362-332 지방주도형투자·일자리지원 1565백만원
1801,합성수지,전기장비,케이에스케미칼주식회사,울산,44,1,,없음,0.8,0.9,0.5,0.00865,3.114,173곳: 조명장치(143) · 전선 및 케이블(19) · 전지(11),3333-305 산업단지환경조성 409920백만원 / 3363-306 지역투자촉진 251347백만원 / 3363-307 지역투자촉진(세종) 5026백만원 / 3362-301 지방주도형투자·일자리지원(자율) 3602백만원 / 3362-332 지방주도형투자·일자리지원 1565백만원
1801,합성수지,전기장비,한화솔루션(주) 울산2,울산,251,1,,없음,0.8,0.9,0.5,0.00865,3.114,173곳: 조명장치(143) · 전선 및 케이블(19) · 전지(11),3333-305 산업단지환경조성 409920백만원 / 3363-306 지역투자촉진 251347백만원 / 3363-307 지역투자촉진(세종) 5026백만원 / 3362-301 지방주도형투자·일자리지원(자율) 3602백만원 / 3362-332 지방주도형투자·일자리지원 1565백만원
1801,합성수지,전기장비,흥일산업(주),경남,36,1,,없음,0.8,0.9,0.5,0.00865,3.114,173곳: 조명장치(143) · 전선 및 케이블(19) · 전지(11),3333-305 산업단지환경조성 409920백만원 / 3363-306 지역투자촉진 251347백만원 / 3363-307 지역투자촉진(세종) 5026백만원 / 3362-301 지방주도형투자·일자리지원(자율) 3602백만원 / 3362-332 지방주도형투자·일자리지원 1565백만원
2725,열연강판,전기장비,(주)한국특강,부산,243,2,,공장 2개,0.8,0.85,1.0,0.00455,3.094,6곳: 변압기(6),3333-305 산업단지환경조성 409920백만원 / 3363-306 지역투자촉진 251347백만원 / 3363-307 지역투자촉진(세종) 5026백만원 / 3362-301 지방주도형투자·일자리지원(자율) 3602백만원 / 3362-332 지방주도형투자·일자리지원 1565백만원
3102,집적회로,전기장비,아이텍(주),경기,266,2,,공장 2개,0.8,0.6,1.0,0.00635,3.048,246곳: 조명장치(143) · 기타 전기장비(67) · 전기변환장치(36),3333-305 산업단지환경조성 409920백만원 / 3363-306 지역투자촉진 251347백만원 / 3363-307 지역투자촉진(세종) 5026백만원 / 3362-301 지방주도형투자·일자리지원(자율) 3602백만원 / 3362-332 지방주도형투자·일자리지원 1565백만원
3102,집적회로,전기장비,장곡전자,경기,30,2,,공장 2개,0.8,0.6,1.0,0.00635,3.048,246곳: 조명장치(143) · 기타 전기장비(67) · 전기변환장치(36),3333-305 산업단지환경조성 409920백만원 / 3363-306 지역투자촉진 251347백만원 / 3363-307 지역투자촉진(세종) 5026백만원 / 3362-301 지방주도형투자·일자리지원(자율) 3602백만원 / 3362-332 지방주도형투자·일자리지원 1565백만원
2821,동 1차제품,일반기계,한국통산(주) 미음공장,부산,40,1,,없음,0.8,0.85,0.5,0.00873,2.968,149곳: 밸브(98) · 공기조절장치 및 냉장냉동 장비(51),3333-305 산업단지환경조성 409920백만원 / 3363-306 지역투자촉진 251347백만원 / 3363-307 지역투자촉진(세종) 5026백만원 / 3362-301 지방주도형투자·일자리지원(자율) 3602백만원 / 3362-332 지방주도형투자·일자리지원 1565백만원
1801,합성수지,전기장비,(주)동양화학,부산,45,1,,없음,0.8,0.85,0.5,0.00865,2.941,173곳: 조명장치(143) · 전선 및 케이블(19) · 전지(11),3333-305 산업단지환경조성 409920백만원 / 3363-306 지역투자촉진 251347백만원 / 3363-307 지역투자촉진(세종) 5026백만원 / 3362-301 지방주도형투자·일자리지원(자율) 3602백만원 / 3362-332 지방주도형투자·일자리지원 1565백만원
1801,합성수지,전기장비,(주)미광화학,부산,37,1,,없음,0.8,0.85,0.5,0.00865,2.941,173곳: 조명장치(143) · 전선 및 케이블(19) · 전지(11),3333-305 산업단지환경조성 409920백만원 / 3363-306 지역투자촉진 251347백만원 / 3363-307 지역투자촉진(세종) 5026백만원 / 3362-301 지방주도형투자·일자리지원(자율) 3602백만원 / 3362-332 지방주도형투자·일자리지원 1565백만원
1801,합성수지,전기장비,(주)정원화학,부산,34,1,,없음,0.8,0.85,0.5,0.00865,2.941,173곳: 조명장치(143) · 전선 및 케이블(19) · 전지(11),3333-305 산업단지환경조성 409920백만원 / 3363-306 지역투자촉진 251347백만원 / 3363-307 지역투자촉진(세종) 5026백만원 / 3362-301 지방주도형투자·일자리지원(자율) 3602백만원 / 3362-332 지방주도형투자·일자리지원 1565백만원
1801,합성수지,전기장비,신동아공업사,부산,30,1,,없음,0.8,0.85,0.5,0.00865,2.941,173곳: 조명장치(143) · 전선 및 케이블(19) · 전지(11),3333-305 산업단지환경조성 409920백만원 / 3363-306 지역투자촉진 251347백만원 / 3363-307 지역투자촉진(세종) 5026백만원 / 3362-301 지방주도형투자·일자리지원(자율) 3602백만원 / 3362-332 지방주도형투자·일자리지원 1565백만원
3102,집적회로,전기장비,화성G&I(주),경남,50,1,,없음,1.0,0.9,0.5,0.00635,2.857,246곳: 조명장치(143) · 기타 전기장비(67) · 전기변환장치(36),3333-305 산업단지환경조성 409920백만원 / 3363-306 지역투자촉진 251347백만원 / 3363-307 지역투자촉진(세종) 5026백만원 / 3362-301 지방주도형투자·일자리지원(자율) 3602백만원 / 3362-332 지방주도형투자·일자리지원 1565백만원
2211,도료,자동차부품,(주)넷폼알앤디,,60,1,,없음,1.0,0.5,0.5,0.01095,2.737,0곳,3333-305 산업단지환경조성 409920백만원 / 3363-306 지역투자촉진 251347백만원 / 3363-307 지역투자촉진(세종) 5026백만원 / 3362-301 지방주도형투자·일자리지원(자율) 3602백만원 / 3362-332 지방주도형투자·일자리지원 1565백만원
2211,도료,자동차부품,티오케이첨단재료(주),,50,1,,없음,1.0,0.5,0.5,0.01095,2.737,0곳,3333-305 산업단지환경조성 409920백만원 / 3363-306 지역투자촉진 251347백만원 / 3363-307 지역투자촉진(세종) 5026백만원 / 3362-301 지방주도형투자·일자리지원(자율) 3602백만원 / 3362-332 지방주도형투자·일자리지원 1565백만원
3102,집적회로,전기장비,(주)비전테크,부산,60,1,,없음,1.0,0.85,0.5,0.00635,2.699,246곳: 조명장치(143) · 기타 전기장비(67) · 전기변환장치(36),3333-305 산업단지환경조성 409920백만원 / 3363-306 지역투자촉진 251347백만원 / 3363-307 지역투자촉진(세종) 5026백만원 / 3362-301 지방주도형투자·일자리지원(자율) 3602백만원 / 3362-332 지방주도형투자·일자리지원 1565백만원
3723,전기회로 개폐 및 접속장치,전기장비,(주)에코파워텍,,32,1,,없음,0.8,0.5,0.5,0.01318,2.636,552곳: 배전반 및 전기자동 제어반(261) · 조명장치(143) · 기타 전기장비(67),3333-305 산업단지환경조성 409920백만원 / 3363-306 지역투자촉진 251347백만원 / 3363-307 지역투자촉진(세종) 5026백만원 / 3362-301 지방주도형투자·일자리지원(자율) 3602백만원 / 3362-332 지방주도형투자·일자리지원 1565백만원
3723,전기회로 개폐 및 접속장치,전기장비,동우일렉트릭(주) 나주지점,전남광주,46,1,,없음,0.8,0.5,0.5,0.01318,2.636,552곳: 배전반 및 전기자동 제어반(261) · 조명장치(143) · 기타 전기장비(67),3333-305 산업단지환경조성 409920백만원 / 3363-306 지역투자촉진 251347백만원 / 3363-307 지역투자촉진(세종) 5026백만원 / 3362-301 지방주도형투자·일자리지원(자율) 3602백만원 / 3362-332 지방주도형투자·일자리지원 1565백만원
3723,전기회로 개폐 및 접속장치,전기장비,보성파워텍(주)-나주공장,전남광주,31,1,,없음,0.8,0.5,0.5,0.01318,2.636,552곳: 배전반 및 전기자동 제어반(261) · 조명장치(143) · 기타 전기장비(67),3333-305 산업단지환경조성 409920백만원 / 3363-306 지역투자촉진 251347백만원 / 3363-307 지역투자촉진(세종) 5026백만원 / 3362-301 지방주도형투자·일자리지원(자율) 3602백만원 / 3362-332 지방주도형투자·일자리지원 1565백만원
3723,전기회로 개폐 및 접속장치,전기장비,상도일렉트릭 주식회사,한태,30,1,,없음,0.8,0.5,0.5,0.01318,2.636,552곳: 배전반 및 전기자동 제어반(261) · 조명장치(143) · 기타 전기장비(67),3333-305 산업단지환경조성 409920백만원 / 3363-306 지역투자촉진 251347백만원 / 3363-307 지역투자촉진(세종) 5026백만원 / 3362-301 지방주도형투자·일자리지원(자율) 3602백만원 / 3362-332 지방주도형투자·일자리지원 1565백만원
3723,전기회로 개폐 및 접속장치,전기장비,에이치디현대일렉트릭(주),,278,1,,없음,0.8,0.5,0.5,0.01318,2.636,552곳: 배전반 및 전기자동 제어반(261) · 조명장치(143) · 기타 전기장비(67),3333-305 산업단지환경조성 409920백만원 / 3363-306 지역투자촉진 251347백만원 / 3363-307 지역투자촉진(세종) 5026백만원 / 3362-301 지방주도형투자·일자리지원(자율) 3602백만원 / 3362-332 지방주도형투자·일자리지원 1565백만원
3723,전기회로 개폐 및 접속장치,전기장비,이엔테크 주식회사,전남광주,37,1,,없음,0.8,0.5,0.5,0.01318,2.636,552곳: 배전반 및 전기자동 제어반(261) · 조명장치(143) · 기타 전기장비(67),3333-305 산업단지환경조성 409920백만원 / 3363-306 지역투자촉진 251347백만원 / 3363-307 지역투자촉진(세종) 5026백만원 / 3362-301 지방주도형투자·일자리지원(자율) 3602백만원 / 3362-332 지방주도형투자·일자리지원 1565백만원
3723,전기회로 개폐 및 접속장치,전기장비,주식회사 스위코진광-2공장,전남광주,36,1,,없음,0.8,0.5,0.5,0.01318,2.636,552곳: 배전반 및 전기자동 제어반(261) · 조명장치(143) · 기타 전기장비(67),3333-305 산업단지환경조성 409920백만원 / 3363-306 지역투자촉진 251347백만원 / 3363-307 지역투자촉진(세종) 5026백만원 / 3362-301 지방주도형투자·일자리지원(자율) 3602백만원 / 3362-332 지방주도형투자·일자리지원 1565백만원
3723,전기회로 개폐 및 접속장치,전기장비,주식회사 알텍시스템,전남광주,33,1,,없음,0.8,0.5,0.5,0.01318,2.636,552곳: 배전반 및 전기자동 제어반(261) · 조명장치(143) · 기타 전기장비(67),3333-305 산업단지환경조성 409920백만원 / 3363-306 지역투자촉진 251347백만원 / 3363-307 지역투자촉진(세종) 5026백만원 / 3362-301 지방주도형투자·일자리지원(자율) 3602백만원 / 3362-332 지방주도형투자·일자리지원 1565백만원
2211,도료,자동차부품,(주)시공문화,경기,30,1,,없음,0.8,0.6,0.5,0.01095,2.628,0곳,3333-305 산업단지환경조성 409920백만원 / 3363-306 지역투자촉진 251347백만원 / 3363-307 지역투자촉진(세종) 5026백만원 / 3362-301 지방주도형투자·일자리지원(자율) 3602백만원 / 3362-332 지방주도형투자·일자리지원 1565백만원
2211,도료,자동차부품,(주)폴리네트론,경기,32,1,,없음,0.8,0.6,0.5,0.01095,2.628,0곳,3333-305 산업단지환경조성 409920백만원 / 3363-306 지역투자촉진 251347백만원 / 3363-307 지역투자촉진(세종) 5026백만원 / 3362-301 지방주도형투자·일자리지원(자율) 3602백만원 / 3362-332 지방주도형투자·일자리지원 1565백만원
2211,도료,자동차부품,(주)헵스켐,경기,32,1,,없음,0.8,0.6,0.5,0.01095,2.628,0곳,3333-305 산업단지환경조성 409920백만원 / 3363-306 지역투자촉진 251347백만원 / 3363-307 지역투자촉진(세종) 5026백만원 / 3362-301 지방주도형투자·일자리지원(자율) 3602백만원 / 3362-332 지방주도형투자·일자리지원 1565백만원
2211,도료,자동차부품,경도화학공업(주),경기,35,1,,없음,0.8,0.6,0.5,0.01095,2.628,0곳,3333-305 산업단지환경조성 409920백만원 / 3363-306 지역투자촉진 251347백만원 / 3363-307 지역투자촉진(세종) 5026백만원 / 3362-301 지방주도형투자·일자리지원(자율) 3602백만원 / 3362-332 지방주도형투자·일자리지원 1565백만원
2211,도료,자동차부품,대화페인트공업(주),경기,43,1,,없음,0.8,0.6,0.5,0.01095,2.628,0곳,3333-305 산업단지환경조성 409920백만원 / 3363-306 지역투자촉진 251347백만원 / 3363-307 지역투자촉진(세종) 5026백만원 / 3362-301 지방주도형투자·일자리지원(자율) 3602백만원 / 3362-332 지방주도형투자·일자리지원 1565백만원
2211,도료,자동차부품,동해케미칼공업(주),경기,30,1,,없음,0.8,0.6,0.5,0.01095,2.628,0곳,3333-305 산업단지환경조성 409920백만원 / 3363-306 지역투자촉진 251347백만원 / 3363-307 지역투자촉진(세종) 5026백만원 / 3362-301 지방주도형투자·일자리지원(자율) 3602백만원 / 3362-332 지방주도형투자·일자리지원 1565백만원
2211,도료,자동차부품,신동페인트공업(주),경기,43,1,,없음,0.8,0.6,0.5,0.01095,2.628,0곳,3333-305 산업단지환경조성 409920백만원 / 3363-306 지역투자촉진 251347백만원 / 3363-307 지역투자촉진(세종) 5026백만원 / 3362-301 지방주도형투자·일자리지원(자율) 3602백만원 / 3362-332 지방주도형투자·일자리지원 1565백만원
2211,도료,자동차부품,애경특수도료(주),경기,41,1,,없음,0.8,0.6,0.5,0.01095,2.628,0곳,3333-305 산업단지환경조성 409920백만원 / 3363-306 지역투자촉진 251347백만원 / 3363-307 지역투자촉진(세종) 5026백만원 / 3362-301 지방주도형투자·일자리지원(자율) 3602백만원 / 3362-332 지방주도형투자·일자리지원 1565백만원
2211,도료,자동차부품,유림인더스트리얼즈(주),경기,39,1,,없음,0.8,0.6,0.5,0.01095,2.628,0곳,3333-305 산업단지환경조성 409920백만원 / 3363-306 지역투자촉진 251347백만원 / 3363-307 지역투자촉진(세종) 5026백만원 / 3362-301 지방주도형투자·일자리지원(자율) 3602백만원 / 3362-332 지방주도형투자·일자리지원 1565백만원
2211,도료,자동차부품,주식회사 삼일씨앤에프,경기,40,1,,없음,0.8,0.6,0.5,0.01095,2.628,0곳,3333-305 산업단지환경조성 409920백만원 / 3363-306 지역투자촉진 251347백만원 / 3363-307 지역투자촉진(세종) 5026백만원 / 3362-301 지방주도형투자·일자리지원(자율) 3602백만원 / 3362-332 지방주도형투자·일자리지원 1565백만원
2211,도료,자동차부품,중앙방수기업(주),경기,40,1,,없음,0.8,0.6,0.5,0.01095,2.628,0곳,3333-305 산업단지환경조성 409920백만원 / 3363-306 지역투자촉진 251347백만원 / 3363-307 지역투자촉진(세종) 5026백만원 / 3362-301 지방주도형투자·일자리지원(자율) 3602백만원 / 3362-332 지방주도형투자·일자리지원 1565백만원
2211,도료,자동차부품,지큐피앤씨(주),경기,41,1,,없음,0.8,0.6,0.5,0.01095,2.628,0곳,3333-305 산업단지환경조성 409920백만원 / 3363-306 지역투자촉진 251347백만원 / 3363-307 지역투자촉진(세종) 5026백만원 / 3362-301 지방주도형투자·일자리지원(자율) 3602백만원 / 3362-332 지방주도형투자·일자리지원 1565백만원
2211,도료,자동차부품,한국공업(주),경기,35,1,,없음,0.8,0.6,0.5,0.01095,2.628,0곳,3333-305 산업단지환경조성 409920백만원 / 3363-306 지역투자촉진 251347백만원 / 3363-307 지역투자촉진(세종) 5026백만원 / 3362-301 지방주도형투자·일자리지원(자율) 3602백만원 / 3362-332 지방주도형투자·일자리지원 1565백만원
2821,동 1차제품,일반기계,(주)부광금속,인천,98,1,,없음,1.0,0.6,0.5,0.00873,2.619,149곳: 밸브(98) · 공기조절장치 및 냉장냉동 장비(51),3333-305 산업단지환경조성 409920백만원 / 3363-306 지역투자촉진 251347백만원 / 3363-307 지역투자촉진(세종) 5026백만원 / 3362-301 지방주도형투자·일자리지원(자율) 3602백만원 / 3362-332 지방주도형투자·일자리지원 1565백만원
2821,동 1차제품,일반기계,(주)삼동,충북,249,1,,없음,0.8,0.75,0.5,0.00873,2.619,149곳: 밸브(98) · 공기조절장치 및 냉장냉동 장비(51),3333-305 산업단지환경조성 409920백만원 / 3363-306 지역투자촉진 251347백만원 / 3363-307 지역투자촉진(세종) 5026백만원 / 3362-301 지방주도형투자·일자리지원(자율) 3602백만원 / 3362-332 지방주도형투자·일자리지원 1565백만원
2821,동 1차제품,일반기계,(주)아이디에이,경기,70,1,,없음,1.0,0.6,0.5,0.00873,2.619,149곳: 밸브(98) · 공기조절장치 및 냉장냉동 장비(51),3333-305 산업단지환경조성 409920백만원 / 3363-306 지역투자촉진 251347백만원 / 3363-307 지역투자촉진(세종) 5026백만원 / 3362-301 지방주도형투자·일자리지원(자율) 3602백만원 / 3362-332 지방주도형투자·일자리지원 1565백만원
2821,동 1차제품,일반기계,(주)진화금속,세종,35,1,,없음,0.8,0.75,0.5,0.00873,2.619,149곳: 밸브(98) · 공기조절장치 및 냉장냉동 장비(51),3333-305 산업단지환경조성 409920백만원 / 3363-306 지역투자촉진 251347백만원 / 3363-307 지역투자촉진(세종) 5026백만원 / 3362-301 지방주도형투자·일자리지원(자율) 3602백만원 / 3362-332 지방주도형투자·일자리지원 1565백만원
2821,동 1차제품,일반기계,(주)창성,경기,180,1,,없음,1.0,0.6,0.5,0.00873,2.619,149곳: 밸브(98) · 공기조절장치 및 냉장냉동 장비(51),3333-305 산업단지환경조성 409920백만원 / 3363-306 지역투자촉진 251347백만원 / 3363-307 지역투자촉진(세종) 5026백만원 / 3362-301 지방주도형투자·일자리지원(자율) 3602백만원 / 3362-332 지방주도형투자·일자리지원 1565백만원
2821,동 1차제품,일반기계,(주)해강에이피,경기,80,1,,없음,1.0,0.6,0.5,0.00873,2.619,149곳: 밸브(98) · 공기조절장치 및 냉장냉동 장비(51),3333-305 산업단지환경조성 409920백만원 / 3363-306 지역투자촉진 251347백만원 / 3363-307 지역투자촉진(세종) 5026백만원 / 3362-301 지방주도형투자·일자리지원(자율) 3602백만원 / 3362-332 지방주도형투자·일자리지원 1565백만원
2821,동 1차제품,일반기계,국일신동(주),경기,60,1,,없음,1.0,0.6,0.5,0.00873,2.619,149곳: 밸브(98) · 공기조절장치 및 냉장냉동 장비(51),3333-305 산업단지환경조성 409920백만원 / 3363-306 지역투자촉진 251347백만원 / 3363-307 지역투자촉진(세종) 5026백만원 / 3362-301 지방주도형투자·일자리지원(자율) 3602백만원 / 3362-332 지방주도형투자·일자리지원 1565백만원
2821,동 1차제품,일반기계,대명통신(주),충북,46,1,,없음,0.8,0.75,0.5,0.00873,2.619,149곳: 밸브(98) · 공기조절장치 및 냉장냉동 장비(51),3333-305 산업단지환경조성 409920백만원 / 3363-306 지역투자촉진 251347백만원 / 3363-307 지역투자촉진(세종) 5026백만원 / 3362-301 지방주도형투자·일자리지원(자율) 3602백만원 / 3362-332 지방주도형투자·일자리지원 1565백만원
2821,동 1차제품,일반기계,대진동관공업(주),경기,85,1,,없음,1.0,0.6,0.5,0.00873,2.619,149곳: 밸브(98) · 공기조절장치 및 냉장냉동 장비(51),3333-305 산업단지환경조성 409920백만원 / 3363-306 지역투자촉진 251347백만원 / 3363-307 지역투자촉진(세종) 5026백만원 / 3362-301 지방주도형투자·일자리지원(자율) 3602백만원 / 3362-332 지방주도형투자·일자리지원 1565백만원
2821,동 1차제품,일반기계,대호산업(주),경기,130,1,,없음,1.0,0.6,0.5,0.00873,2.619,149곳: 밸브(98) · 공기조절장치 및 냉장냉동 장비(51),3333-305 산업단지환경조성 409920백만원 / 3363-306 지역투자촉진 251347백만원 / 3363-307 지역투자촉진(세종) 5026백만원 / 3362-301 지방주도형투자·일자리지원(자율) 3602백만원 / 3362-332 지방주도형투자·일자리지원 1565백만원
2821,동 1차제품,일반기계,범양금속공업(주),인천,89,1,,없음,1.0,0.6,0.5,0.00873,2.619,149곳: 밸브(98) · 공기조절장치 및 냉장냉동 장비(51),3333-305 산업단지환경조성 409920백만원 / 3363-306 지역투자촉진 251347백만원 / 3363-307 지역투자촉진(세종) 5026백만원 / 3362-301 지방주도형투자·일자리지원(자율) 3602백만원 / 3362-332 지방주도형투자·일자리지원 1565백만원
2821,동 1차제품,일반기계,일진전기(주)제2공장,경기,155,1,,없음,1.0,0.6,0.5,0.00873,2.619,149곳: 밸브(98) · 공기조절장치 및 냉장냉동 장비(51),3333-305 산업단지환경조성 409920백만원 / 3363-306 지역투자촉진 251347백만원 / 3363-307 지역투자촉진(세종) 5026백만원 / 3362-301 지방주도형투자·일자리지원(자율) 3602백만원 / 3362-332 지방주도형투자·일자리지원 1565백만원
2821,동 1차제품,일반기계,코스탈(주),경기,72,1,,없음,1.0,0.6,0.5,0.00873,2.619,149곳: 밸브(98) · 공기조절장치 및 냉장냉동 장비(51),3333-305 산업단지환경조성 409920백만원 / 3363-306 지역투자촉진 251347백만원 / 3363-307 지역투자촉진(세종) 5026백만원 / 3362-301 지방주도형투자·일자리지원(자율) 3602백만원 / 3362-332 지방주도형투자·일자리지원 1565백만원
1801,합성수지,전기장비,(주)그래피,서울,55,1,,없음,1.0,0.6,0.5,0.00865,2.595,173곳: 조명장치(143) · 전선 및 케이블(19) · 전지(11),3333-305 산업단지환경조성 409920백만원 / 3363-306 지역투자촉진 251347백만원 / 3363-307 지역투자촉진(세종) 5026백만원 / 3362-301 지방주도형투자·일자리지원(자율) 3602백만원 / 3362-332 지방주도형투자·일자리지원 1565백만원
1801,합성수지,전기장비,(주)남일엔프라 제2공장,경기,60,1,,없음,1.0,0.6,0.5,0.00865,2.595,173곳: 조명장치(143) · 전선 및 케이블(19) · 전지(11),3333-305 산업단지환경조성 409920백만원 / 3363-306 지역투자촉진 251347백만원 / 3363-307 지역투자촉진(세종) 5026백만원 / 3362-301 지방주도형투자·일자리지원(자율) 3602백만원 / 3362-332 지방주도형투자·일자리지원 1565백만원
1801,합성수지,전기장비,(주)대림,충남,33,1,,없음,0.8,0.75,0.5,0.00865,2.595,173곳: 조명장치(143) · 전선 및 케이블(19) · 전지(11),3333-305 산업단지환경조성 409920백만원 / 3363-306 지역투자촉진 251347백만원 / 3363-307 지역투자촉진(세종) 5026백만원 / 3362-301 지방주도형투자·일자리지원(자율) 3602백만원 / 3362-332 지방주도형투자·일자리지원 1565백만원
1801,합성수지,전기장비,(주)대림 대전지점,대전,33,1,,없음,0.8,0.75,0.5,0.00865,2.595,173곳: 조명장치(143) · 전선 및 케이블(19) · 전지(11),3333-305 산업단지환경조성 409920백만원 / 3363-306 지역투자촉진 251347백만원 / 3363-307 지역투자촉진(세종) 5026백만원 / 3362-301 지방주도형투자·일자리지원(자율) 3602백만원 / 3362-332 지방주도형투자·일자리지원 1565백만원
1801,합성수지,전기장비,(주)동성화인텍,경기,68,1,,없음,1.0,0.6,0.5,0.00865,2.595,173곳: 조명장치(143) · 전선 및 케이블(19) · 전지(11),3333-305 산업단지환경조성 409920백만원 / 3363-306 지역투자촉진 251347백만원 / 3363-307 지역투자촉진(세종) 5026백만원 / 3362-301 지방주도형투자·일자리지원(자율) 3602백만원 / 3362-332 지방주도형투자·일자리지원 1565백만원
1801,합성수지,전기장비,(주)동양이화,경기,56,1,,없음,1.0,0.6,0.5,0.00865,2.595,173곳: 조명장치(143) · 전선 및 케이블(19) · 전지(11),3333-305 산업단지환경조성 409920백만원 / 3363-306 지역투자촉진 251347백만원 / 3363-307 지역투자촉진(세종) 5026백만원 / 3362-301 지방주도형투자·일자리지원(자율) 3602백만원 / 3362-332 지방주도형투자·일자리지원 1565백만원
1801,합성수지,전기장비,(주)디와이폴리머,경기,50,1,,없음,1.0,0.6,0.5,0.00865,2.595,173곳: 조명장치(143) · 전선 및 케이블(19) · 전지(11),3333-305 산업단지환경조성 409920백만원 / 3363-306 지역투자촉진 251347백만원 / 3363-307 지역투자촉진(세종) 5026백만원 / 3362-301 지방주도형투자·일자리지원(자율) 3602백만원 / 3362-332 지방주도형투자·일자리지원 1565백만원
1801,합성수지,전기장비,(주)베이비드림,서울,52,1,,없음,1.0,0.6,0.5,0.00865,2.595,173곳: 조명장치(143) · 전선 및 케이블(19) · 전지(11),3333-305 산업단지환경조성 409920백만원 / 3363-306 지역투자촉진 251347백만원 / 3363-307 지역투자촉진(세종) 5026백만원 / 3362-301 지방주도형투자·일자리지원(자율) 3602백만원 / 3362-332 지방주도형투자·일자리지원 1565백만원
1801,합성수지,전기장비,(주)세양폴리머,경기,55,1,,없음,1.0,0.6,0.5,0.00865,2.595,173곳: 조명장치(143) · 전선 및 케이블(19) · 전지(11),3333-305 산업단지환경조성 409920백만원 / 3363-306 지역투자촉진 251347백만원 / 3363-307 지역투자촉진(세종) 5026백만원 / 3362-301 지방주도형투자·일자리지원(자율) 3602백만원 / 3362-332 지방주도형투자·일자리지원 1565백만원
1801,합성수지,전기장비,(주)에이치알에스,충남,36,1,,없음,0.8,0.75,0.5,0.00865,2.595,173곳: 조명장치(143) · 전선 및 케이블(19) · 전지(11),3333-305 산업단지환경조성 409920백만원 / 3363-306 지역투자촉진 251347백만원 / 3363-307 지역투자촉진(세종) 5026백만원 / 3362-301 지방주도형투자·일자리지원(자율) 3602백만원 / 3362-332 지방주도형투자·일자리지원 1565백만원
1801,합성수지,전기장비,(주)용현폴리텍,충남,38,1,,없음,0.8,0.75,0.5,0.00865,2.595,173곳: 조명장치(143) · 전선 및 케이블(19) · 전지(11),3333-305 산업단지환경조성 409920백만원 / 3363-306 지역투자촉진 251347백만원 / 3363-307 지역투자촉진(세종) 5026백만원 / 3362-301 지방주도형투자·일자리지원(자율) 3602백만원 / 3362-332 지방주도형투자·일자리지원 1565백만원
1801,합성수지,전기장비,(주)지엠코리아,충북,48,1,,없음,0.8,0.75,0.5,0.00865,2.595,173곳: 조명장치(143) · 전선 및 케이블(19) · 전지(11),3333-305 산업단지환경조성 409920백만원 / 3363-306 지역투자촉진 251347백만원 / 3363-307 지역투자촉진(세종) 5026백만원 / 3362-301 지방주도형투자·일자리지원(자율) 3602백만원 / 3362-332 지방주도형투자·일자리지원 1565백만원
1801,합성수지,전기장비,(주)티앤엘,경기,106,1,,없음,1.0,0.6,0.5,0.00865,2.595,173곳: 조명장치(143) · 전선 및 케이블(19) · 전지(11),3333-305 산업단지환경조성 409920백만원 / 3363-306 지역투자촉진 251347백만원 / 3363-307 지역투자촉진(세종) 5026백만원 / 3362-301 지방주도형투자·일자리지원(자율) 3602백만원 / 3362-332 지방주도형투자·일자리지원 1565백만원
1801,합성수지,전기장비,(주)한나노텍,대전,31,1,,없음,0.8,0.75,0.5,0.00865,2.595,173곳: 조명장치(143) · 전선 및 케이블(19) · 전지(11),3333-305 산업단지환경조성 409920백만원 / 3363-306 지역투자촉진 251347백만원 / 3363-307 지역투자촉진(세종) 5026백만원 / 3362-301 지방주도형투자·일자리지원(자율) 3602백만원 / 3362-332 지방주도형투자·일자리지원 1565백만원
1801,합성수지,전기장비,깨끗한나라(주),충북,30,1,,없음,0.8,0.75,0.5,0.00865,2.595,173곳: 조명장치(143) · 전선 및 케이블(19) · 전지(11),3333-305 산업단지환경조성 409920백만원 / 3363-306 지역투자촉진 251347백만원 / 3363-307 지역투자촉진(세종) 5026백만원 / 3362-301 지방주도형투자·일자리지원(자율) 3602백만원 / 3362-332 지방주도형투자·일자리지원 1565백만원
1801,합성수지,전기장비,대한폴리텍(주),충남,36,1,,없음,0.8,0.75,0.5,0.00865,2.595,173곳: 조명장치(143) · 전선 및 케이블(19) · 전지(11),3333-305 산업단지환경조성 409920백만원 / 3363-306 지역투자촉진 251347백만원 / 3363-307 지역투자촉진(세종) 5026백만원 / 3362-301 지방주도형투자·일자리지원(자율) 3602백만원 / 3362-332 지방주도형투자·일자리지원 1565백만원
1801,합성수지,전기장비,미가폴리텍(주),충남,48,1,,없음,0.8,0.75,0.5,0.00865,2.595,173곳: 조명장치(143) · 전선 및 케이블(19) · 전지(11),3333-305 산업단지환경조성 409920백만원 / 3363-306 지역투자촉진 251347백만원 / 3363-307 지역투자촉진(세종) 5026백만원 / 3362-301 지방주도형투자·일자리지원(자율) 3602백만원 / 3362-332 지방주도형투자·일자리지원 1565백만원
1801,합성수지,전기장비,에스케이아이테크 주식회사,충남,41,1,,없음,0.8,0.75,0.5,0.00865,2.595,173곳: 조명장치(143) · 전선 및 케이블(19) · 전지(11),3333-305 산업단지환경조성 409920백만원 / 3363-306 지역투자촉진 251347백만원 / 3363-307 지역투자촉진(세종) 5026백만원 / 3362-301 지방주도형투자·일자리지원(자율) 3602백만원 / 3362-332 지방주도형투자·일자리지원 1565백만원
1801,합성수지,전기장비,월드비엠씨(주),충북,34,1,,없음,0.8,0.75,0.5,0.00865,2.595,173곳: 조명장치(143) · 전선 및 케이블(19) · 전지(11),3333-305 산업단지환경조성 409920백만원 / 3363-306 지역투자촉진 251347백만원 / 3363-307 지역투자촉진(세종) 5026백만원 / 3362-301 지방주도형투자·일자리지원(자율) 3602백만원 / 3362-332 지방주도형투자·일자리지원 1565백만원
1801,합성수지,전기장비,유신메라민공업(주),경기,95,1,,없음,1.0,0.6,0.5,0.00865,2.595,173곳: 조명장치(143) · 전선 및 케이블(19) · 전지(11),3333-305 산업단지환경조성 409920백만원 / 3363-306 지역투자촉진 251347백만원 / 3363-307 지역투자촉진(세종) 5026백만원 / 3362-301 지방주도형투자·일자리지원(자율) 3602백만원 / 3362-332 지방주도형투자·일자리지원 1565백만원
1801,합성수지,전기장비,주식회사 씨케이텍,충남,31,1,,없음,0.8,0.75,0.5,0.00865,2.595,173곳: 조명장치(143) · 전선 및 케이블(19) · 전지(11),3333-305 산업단지환경조성 409920백만원 / 3363-306 지역투자촉진 251347백만원 / 3363-307 지역투자촉진(세종) 5026백만원 / 3362-301 지방주도형투자·일자리지원(자율) 3602백만원 / 3362-332 지방주도형투자·일자리지원 1565백만원
1801,합성수지,전기장비,한일산업(주)천안공장,충남,41,1,,없음,0.8,0.75,0.5,0.00865,2.595,173곳: 조명장치(143) · 전선 및 케이블(19) · 전지(11),3333-305 산업단지환경조성 409920백만원 / 3363-306 지역투자촉진 251347백만원 / 3363-307 지역투자촉진(세종) 5026백만원 / 3362-301 지방주도형투자·일자리지원(자율) 3602백만원 / 3362-332 지방주도형투자·일자리지원 1565백만원
1801,합성수지,전기장비,효성오앤비(주),대전,41,1,,없음,0.8,0.75,0.5,0.00865,2.595,173곳: 조명장치(143) · 전선 및 케이블(19) · 전지(11),3333-305 산업단지환경조성 409920백만원 / 3363-306 지역투자촉진 251347백만원 / 3363-307 지역투자촉진(세종) 5026백만원 / 3362-301 지방주도형투자·일자리지원(자율) 3602백만원 / 3362-332 지방주도형투자·일자리지원 1565백만원
3102,집적회로,전기장비,(주)명진전자,경북,37,1,,없음,0.8,1.0,0.5,0.00635,2.54,246곳: 조명장치(143) · 기타 전기장비(67) · 전기변환장치(36),3333-305 산업단지환경조성 409920백만원 / 3363-306 지역투자촉진 251347백만원 / 3363-307 지역투자촉진(세종) 5026백만원 / 3362-301 지방주도형투자·일자리지원(자율) 3602백만원 / 3362-332 지방주도형투자·일자리지원 1565백만원
3102,집적회로,전기장비,덕산넵코어스(주),대전,171,1,,없음,1.0,0.75,0.5,0.00635,2.381,246곳: 조명장치(143) · 기타 전기장비(67) · 전기변환장치(36),3333-305 산업단지환경조성 409920백만원 / 3363-306 지역투자촉진 251347백만원 / 3363-307 지역투자촉진(세종) 5026백만원 / 3362-301 지방주도형투자·일자리지원(자율) 3602백만원 / 3362-332 지방주도형투자·일자리지원 1565백만원
3102,집적회로,전기장비,에스피텍(주),충북,86,1,,없음,1.0,0.75,0.5,0.00635,2.381,246곳: 조명장치(143) · 기타 전기장비(67) · 전기변환장치(36),3333-305 산업단지환경조성 409920백만원 / 3363-306 지역투자촉진 251347백만원 / 3363-307 지역투자촉진(세종) 5026백만원 / 3362-301 지방주도형투자·일자리지원(자율) 3602백만원 / 3362-332 지방주도형투자·일자리지원 1565백만원
2725,열연강판,전기장비,동국제강(주) CS공장,경북,75,1,,없음,1.0,1.0,0.5,0.00455,2.275,6곳: 변압기(6),3333-305 산업단지환경조성 409920백만원 / 3363-306 지역투자촉진 251347백만원 / 3363-307 지역투자촉진(세종) 5026백만원 / 3362-301 지방주도형투자·일자리지원(자율) 3602백만원 / 3362-332 지방주도형투자·일자리지원 1565백만원
2725,열연강판,전기장비,동일산업(주)봉강사업부,경북,149,1,,없음,1.0,1.0,0.5,0.00455,2.275,6곳: 변압기(6),3333-305 산업단지환경조성 409920백만원 / 3363-306 지역투자촉진 251347백만원 / 3363-307 지역투자촉진(세종) 5026백만원 / 3362-301 지방주도형투자·일자리지원(자율) 3602백만원 / 3362-332 지방주도형투자·일자리지원 1565백만원
2211,도료,자동차부품,(주)정석케미칼,전북,236,1,,없음,0.8,0.5,0.5,0.01095,2.19,0곳,3333-305 산업단지환경조성 409920백만원 / 3363-306 지역투자촉진 251347백만원 / 3363-307 지역투자촉진(세종) 5026백만원 / 3362-301 지방주도형투자·일자리지원(자율) 3602백만원 / 3362-332 지방주도형투자·일자리지원 1565백만원
2211,도료,자동차부품,선라이즈케미칼(주),,31,1,,없음,0.8,0.5,0.5,0.01095,2.19,0곳,3333-305 산업단지환경조성 409920백만원 / 3363-306 지역투자촉진 251347백만원 / 3363-307 지역투자촉진(세종) 5026백만원 / 3362-301 지방주도형투자·일자리지원(자율) 3602백만원 / 3362-332 지방주도형투자·일자리지원 1565백만원
2211,도료,자동차부품,존스미디어(주),전북,47,1,,없음,0.8,0.5,0.5,0.01095,2.19,0곳,3333-305 산업단지환경조성 409920백만원 / 3363-306 지역투자촉진 251347백만원 / 3363-307 지역투자촉진(세종) 5026백만원 / 3362-301 지방주도형투자·일자리지원(자율) 3602백만원 / 3362-332 지방주도형투자·일자리지원 1565백만원
2821,동 1차제품,일반기계,케이잼(주),,71,1,,없음,1.0,0.5,0.5,0.00873,2.183,149곳: 밸브(98) · 공기조절장치 및 냉장냉동 장비(51),3333-305 산업단지환경조성 409920백만원 / 3363-306 지역투자촉진 251347백만원 / 3363-307 지역투자촉진(세종) 5026백만원 / 3362-301 지방주도형투자·일자리지원(자율) 3602백만원 / 3362-332 지방주도형투자·일자리지원 1565백만원
2821,동 1차제품,일반기계,플렉시온(주),전북,70,1,,없음,1.0,0.5,0.5,0.00873,2.183,149곳: 밸브(98) · 공기조절장치 및 냉장냉동 장비(51),3333-305 산업단지환경조성 409920백만원 / 3363-306 지역투자촉진 251347백만원 / 3363-307 지역투자촉진(세종) 5026백만원 / 3362-301 지방주도형투자·일자리지원(자율) 3602백만원 / 3362-332 지방주도형투자·일자리지원 1565백만원
1801,합성수지,전기장비,(주)SH에너지화학,전북,117,1,,없음,1.0,0.5,0.5,0.00865,2.163,173곳: 조명장치(143) · 전선 및 케이블(19) · 전지(11),3333-305 산업단지환경조성 409920백만원 / 3363-306 지역투자촉진 251347백만원 / 3363-307 지역투자촉진(세종) 5026백만원 / 3362-301 지방주도형투자·일자리지원(자율) 3602백만원 / 3362-332 지방주도형투자·일자리지원 1565백만원
1801,합성수지,전기장비,(주)삼양사 전주공장,전북,54,1,,없음,1.0,0.5,0.5,0.00865,2.163,173곳: 조명장치(143) · 전선 및 케이블(19) · 전지(11),3333-305 산업단지환경조성 409920백만원 / 3363-306 지역투자촉진 251347백만원 / 3363-307 지역투자촉진(세종) 5026백만원 / 3362-301 지방주도형투자·일자리지원(자율) 3602백만원 / 3362-332 지방주도형투자·일자리지원 1565백만원
1801,합성수지,전기장비,(주)컴앤텍,전남광주,72,1,,없음,1.0,0.5,0.5,0.00865,2.163,173곳: 조명장치(143) · 전선 및 케이블(19) · 전지(11),3333-305 산업단지환경조성 409920백만원 / 3363-306 지역투자촉진 251347백만원 / 3363-307 지역투자촉진(세종) 5026백만원 / 3362-301 지방주도형투자·일자리지원(자율) 3602백만원 / 3362-332 지방주도형투자·일자리지원 1565백만원
1801,합성수지,전기장비,금호폴리켐(주) 여수1공장,전남광주,56,1,,없음,1.0,0.5,0.5,0.00865,2.163,173곳: 조명장치(143) · 전선 및 케이블(19) · 전지(11),3333-305 산업단지환경조성 409920백만원 / 3363-306 지역투자촉진 251347백만원 / 3363-307 지역투자촉진(세종) 5026백만원 / 3362-301 지방주도형투자·일자리지원(자율) 3602백만원 / 3362-332 지방주도형투자·일자리지원 1565백만원
1801,합성수지,전기장비,디렉스폴리머(유),,55,1,,없음,1.0,0.5,0.5,0.00865,2.163,173곳: 조명장치(143) · 전선 및 케이블(19) · 전지(11),3333-305 산업단지환경조성 409920백만원 / 3363-306 지역투자촉진 251347백만원 / 3363-307 지역투자촉진(세종) 5026백만원 / 3362-301 지방주도형투자·일자리지원(자율) 3602백만원 / 3362-332 지방주도형투자·일자리지원 1565백만원
1801,합성수지,전기장비,디엘케미칼(주) 여수 HDPE공장,전남광주,188,1,,없음,1.0,0.5,0.5,0.00865,2.163,173곳: 조명장치(143) · 전선 및 케이블(19) · 전지(11),3333-305 산업단지환경조성 409920백만원 / 3363-306 지역투자촉진 251347백만원 / 3363-307 지역투자촉진(세종) 5026백만원 / 3362-301 지방주도형투자·일자리지원(자율) 3602백만원 / 3362-332 지방주도형투자·일자리지원 1565백만원
1801,합성수지,전기장비,삼양화성(주),전북,135,1,,없음,1.0,0.5,0.5,0.00865,2.163,173곳: 조명장치(143) · 전선 및 케이블(19) · 전지(11),3333-305 산업단지환경조성 409920백만원 / 3363-306 지역투자촉진 251347백만원 / 3363-307 지역투자촉진(세종) 5026백만원 / 3362-301 지방주도형투자·일자리지원(자율) 3602백만원 / 3362-332 지방주도형투자·일자리지원 1565백만원
1801,합성수지,전기장비,송암시스콤(주),강원,56,1,,없음,1.0,0.5,0.5,0.00865,2.163,173곳: 조명장치(143) · 전선 및 케이블(19) · 전지(11),3333-305 산업단지환경조성 409920백만원 / 3363-306 지역투자촉진 251347백만원 / 3363-307 지역투자촉진(세종) 5026백만원 / 3362-301 지방주도형투자·일자리지원(자율) 3602백만원 / 3362-332 지방주도형투자·일자리지원 1565백만원
1801,합성수지,전기장비,스미토모세이카폴리머스코리아(주),전남광주,65,1,,없음,1.0,0.5,0.5,0.00865,2.163,173곳: 조명장치(143) · 전선 및 케이블(19) · 전지(11),3333-305 산업단지환경조성 409920백만원 / 3363-306 지역투자촉진 251347백만원 / 3363-307 지역투자촉진(세종) 5026백만원 / 3362-301 지방주도형투자·일자리지원(자율) 3602백만원 / 3362-332 지방주도형투자·일자리지원 1565백만원
1801,합성수지,전기장비,에이치앤지케미칼(주),전남광주,64,1,,없음,1.0,0.5,0.5,0.00865,2.163,173곳: 조명장치(143) · 전선 및 케이블(19) · 전지(11),3333-305 산업단지환경조성 409920백만원 / 3363-306 지역투자촉진 251347백만원 / 3363-307 지역투자촉진(세종) 5026백만원 / 3362-301 지방주도형투자·일자리지원(자율) 3602백만원 / 3362-332 지방주도형투자·일자리지원 1565백만원
1801,합성수지,전기장비,케이알코폴리머유한회사,전남광주,54,1,,없음,1.0,0.5,0.5,0.00865,2.163,173곳: 조명장치(143) · 전선 및 케이블(19) · 전지(11),3333-305 산업단지환경조성 409920백만원 / 3363-306 지역투자촉진 251347백만원 / 3363-307 지역투자촉진(세종) 5026백만원 / 3362-301 지방주도형투자·일자리지원(자율) 3602백만원 / 3362-332 지방주도형투자·일자리지원 1565백만원
1801,합성수지,전기장비,폴리미래(주) 여수공장,전남광주,60,1,,없음,1.0,0.5,0.5,0.00865,2.163,173곳: 조명장치(143) · 전선 및 케이블(19) · 전지(11),3333-305 산업단지환경조성 409920백만원 / 3363-306 지역투자촉진 251347백만원 / 3363-307 지역투자촉진(세종) 5026백만원 / 3362-301 지방주도형투자·일자리지원(자율) 3602백만원 / 3362-332 지방주도형투자·일자리지원 1565백만원
1801,합성수지,전기장비,폴린트컴포지트코리아주식회사,전북,73,1,,없음,1.0,0.5,0.5,0.00865,2.163,173곳: 조명장치(143) · 전선 및 케이블(19) · 전지(11),3333-305 산업단지환경조성 409920백만원 / 3363-306 지역투자촉진 251347백만원 / 3363-307 지역투자촉진(세종) 5026백만원 / 3362-301 지방주도형투자·일자리지원(자율) 3602백만원 / 3362-332 지방주도형투자·일자리지원 1565백만원
1801,합성수지,전기장비,한화솔루션(주) 3공장,전남광주,73,1,,없음,1.0,0.5,0.5,0.00865,2.163,173곳: 조명장치(143) · 전선 및 케이블(19) · 전지(11),3333-305 산업단지환경조성 409920백만원 / 3363-306 지역투자촉진 251347백만원 / 3363-307 지역투자촉진(세종) 5026백만원 / 3362-301 지방주도형투자·일자리지원(자율) 3602백만원 / 3362-332 지방주도형투자·일자리지원 1565백만원
2503,산업용 유리제품(전자기기용 제외),전기장비,일본전기초자한국(주),경북,50,2,,공장 2개,1.0,1.0,1.0,0.00214,2.14,188곳: 조명장치(143) · 발전기 및 전동기(45),3333-305 산업단지환경조성 409920백만원 / 3363-306 지역투자촉진 251347백만원 / 3363-307 지역투자촉진(세종) 5026백만원 / 3362-301 지방주도형투자·일자리지원(자율) 3602백만원 / 3362-332 지방주도형투자·일자리지원 1565백만원
2821,동 1차제품,일반기계,(주)상호특수금속,경기,36,1,,없음,0.8,0.6,0.5,0.00873,2.095,149곳: 밸브(98) · 공기조절장치 및 냉장냉동 장비(51),3333-305 산업단지환경조성 409920백만원 / 3363-306 지역투자촉진 251347백만원 / 3363-307 지역투자촉진(세종) 5026백만원 / 3362-301 지방주도형투자·일자리지원(자율) 3602백만원 / 3362-332 지방주도형투자·일자리지원 1565백만원
2821,동 1차제품,일반기계,(주)오펙메이드,경기,32,1,,없음,0.8,0.6,0.5,0.00873,2.095,149곳: 밸브(98) · 공기조절장치 및 냉장냉동 장비(51),3333-305 산업단지환경조성 409920백만원 / 3363-306 지역투자촉진 251347백만원 / 3363-307 지역투자촉진(세종) 5026백만원 / 3362-301 지방주도형투자·일자리지원(자율) 3602백만원 / 3362-332 지방주도형투자·일자리지원 1565백만원
2821,동 1차제품,일반기계,(주)원알로이,인천,48,1,,없음,0.8,0.6,0.5,0.00873,2.095,149곳: 밸브(98) · 공기조절장치 및 냉장냉동 장비(51),3333-305 산업단지환경조성 409920백만원 / 3363-306 지역투자촉진 251347백만원 / 3363-307 지역투자촉진(세종) 5026백만원 / 3362-301 지방주도형투자·일자리지원(자율) 3602백만원 / 3362-332 지방주도형투자·일자리지원 1565백만원
2821,동 1차제품,일반기계,(주)흥일금속,경기,32,1,,없음,0.8,0.6,0.5,0.00873,2.095,149곳: 밸브(98) · 공기조절장치 및 냉장냉동 장비(51),3333-305 산업단지환경조성 409920백만원 / 3363-306 지역투자촉진 251347백만원 / 3363-307 지역투자촉진(세종) 5026백만원 / 3362-301 지방주도형투자·일자리지원(자율) 3602백만원 / 3362-332 지방주도형투자·일자리지원 1565백만원
2821,동 1차제품,일반기계,㈜에스케이엠씨,경기,35,1,,없음,0.8,0.6,0.5,0.00873,2.095,149곳: 밸브(98) · 공기조절장치 및 냉장냉동 장비(51),3333-305 산업단지환경조성 409920백만원 / 3363-306 지역투자촉진 251347백만원 / 3363-307 지역투자촉진(세종) 5026백만원 / 3362-301 지방주도형투자·일자리지원(자율) 3602백만원 / 3362-332 지방주도형투자·일자리지원 1565백만원
2821,동 1차제품,일반기계,능원금속공업(주),경기,291,1,,없음,0.8,0.6,0.5,0.00873,2.095,149곳: 밸브(98) · 공기조절장치 및 냉장냉동 장비(51),3333-305 산업단지환경조성 409920백만원 / 3363-306 지역투자촉진 251347백만원 / 3363-307 지역투자촉진(세종) 5026백만원 / 3362-301 지방주도형투자·일자리지원(자율) 3602백만원 / 3362-332 지방주도형투자·일자리지원 1565백만원
2821,동 1차제품,일반기계,동양특수금속(주),경기,38,1,,없음,0.8,0.6,0.5,0.00873,2.095,149곳: 밸브(98) · 공기조절장치 및 냉장냉동 장비(51),3333-305 산업단지환경조성 409920백만원 / 3363-306 지역투자촉진 251347백만원 / 3363-307 지역투자촉진(세종) 5026백만원 / 3362-301 지방주도형투자·일자리지원(자율) 3602백만원 / 3362-332 지방주도형투자·일자리지원 1565백만원
2821,동 1차제품,일반기계,원진금속(주),경기,30,1,,없음,0.8,0.6,0.5,0.00873,2.095,149곳: 밸브(98) · 공기조절장치 및 냉장냉동 장비(51),3333-305 산업단지환경조성 409920백만원 / 3363-306 지역투자촉진 251347백만원 / 3363-307 지역투자촉진(세종) 5026백만원 / 3362-301 지방주도형투자·일자리지원(자율) 3602백만원 / 3362-332 지방주도형투자·일자리지원 1565백만원
2821,동 1차제품,일반기계,일신금속공업(주),경기,40,1,,없음,0.8,0.6,0.5,0.00873,2.095,149곳: 밸브(98) · 공기조절장치 및 냉장냉동 장비(51),3333-305 산업단지환경조성 409920백만원 / 3363-306 지역투자촉진 251347백만원 / 3363-307 지역투자촉진(세종) 5026백만원 / 3362-301 지방주도형투자·일자리지원(자율) 3602백만원 / 3362-332 지방주도형투자·일자리지원 1565백만원
2821,동 1차제품,일반기계,정우금속공업(주),경기,231,1,,없음,0.8,0.6,0.5,0.00873,2.095,149곳: 밸브(98) · 공기조절장치 및 냉장냉동 장비(51),3333-305 산업단지환경조성 409920백만원 / 3363-306 지역투자촉진 251347백만원 / 3363-307 지역투자촉진(세종) 5026백만원 / 3362-301 지방주도형투자·일자리지원(자율) 3602백만원 / 3362-332 지방주도형투자·일자리지원 1565백만원
2821,동 1차제품,일반기계,후덕한금속(주),경기,36,1,,없음,0.8,0.6,0.5,0.00873,2.095,149곳: 밸브(98) · 공기조절장치 및 냉장냉동 장비(51),3333-305 산업단지환경조성 409920백만원 / 3363-306 지역투자촉진 251347백만원 / 3363-307 지역투자촉진(세종) 5026백만원 / 3362-301 지방주도형투자·일자리지원(자율) 3602백만원 / 3362-332 지방주도형투자·일자리지원 1565백만원
1801,합성수지,전기장비,(주)남일엔프라,경기,33,1,,없음,0.8,0.6,0.5,0.00865,2.076,173곳: 조명장치(143) · 전선 및 케이블(19) · 전지(11),3333-305 산업단지환경조성 409920백만원 / 3363-306 지역투자촉진 251347백만원 / 3363-307 지역투자촉진(세종) 5026백만원 / 3362-301 지방주도형투자·일자리지원(자율) 3602백만원 / 3362-332 지방주도형투자·일자리지원 1565백만원
1801,합성수지,전기장비,(주)비지에프에코머티리얼즈,경기,40,1,,없음,0.8,0.6,0.5,0.00865,2.076,173곳: 조명장치(143) · 전선 및 케이블(19) · 전지(11),3333-305 산업단지환경조성 409920백만원 / 3363-306 지역투자촉진 251347백만원 / 3363-307 지역투자촉진(세종) 5026백만원 / 3362-301 지방주도형투자·일자리지원(자율) 3602백만원 / 3362-332 지방주도형투자·일자리지원 1565백만원
1801,합성수지,전기장비,(주)삼미,경기,40,1,,없음,0.8,0.6,0.5,0.00865,2.076,173곳: 조명장치(143) · 전선 및 케이블(19) · 전지(11),3333-305 산업단지환경조성 409920백만원 / 3363-306 지역투자촉진 251347백만원 / 3363-307 지역투자촉진(세종) 5026백만원 / 3362-301 지방주도형투자·일자리지원(자율) 3602백만원 / 3362-332 지방주도형투자·일자리지원 1565백만원
1801,합성수지,전기장비,(주)세종생활,경기,30,1,,없음,0.8,0.6,0.5,0.00865,2.076,173곳: 조명장치(143) · 전선 및 케이블(19) · 전지(11),3333-305 산업단지환경조성 409920백만원 / 3363-306 지역투자촉진 251347백만원 / 3363-307 지역투자촉진(세종) 5026백만원 / 3362-301 지방주도형투자·일자리지원(자율) 3602백만원 / 3362-332 지방주도형투자·일자리지원 1565백만원
1801,합성수지,전기장비,(주)에이치에이코리아,경기,44,1,,없음,0.8,0.6,0.5,0.00865,2.076,173곳: 조명장치(143) · 전선 및 케이블(19) · 전지(11),3333-305 산업단지환경조성 409920백만원 / 3363-306 지역투자촉진 251347백만원 / 3363-307 지역투자촉진(세종) 5026백만원 / 3362-301 지방주도형투자·일자리지원(자율) 3602백만원 / 3362-332 지방주도형투자·일자리지원 1565백만원
1801,합성수지,전기장비,(주)에프티씨코리아,경기,30,1,,없음,0.8,0.6,0.5,0.00865,2.076,173곳: 조명장치(143) · 전선 및 케이블(19) · 전지(11),3333-305 산업단지환경조성 409920백만원 / 3363-306 지역투자촉진 251347백만원 / 3363-307 지역투자촉진(세종) 5026백만원 / 3362-301 지방주도형투자·일자리지원(자율) 3602백만원 / 3362-332 지방주도형투자·일자리지원 1565백만원
1801,합성수지,전기장비,(주)투티폴리머,경기,30,1,,없음,0.8,0.6,0.5,0.00865,2.076,173곳: 조명장치(143) · 전선 및 케이블(19) · 전지(11),3333-305 산업단지환경조성 409920백만원 / 3363-306 지역투자촉진 251347백만원 / 3363-307 지역투자촉진(세종) 5026백만원 / 3362-301 지방주도형투자·일자리지원(자율) 3602백만원 / 3362-332 지방주도형투자·일자리지원 1565백만원
1801,합성수지,전기장비,(주)파라,경기,45,1,,없음,0.8,0.6,0.5,0.00865,2.076,173곳: 조명장치(143) · 전선 및 케이블(19) · 전지(11),3333-305 산업단지환경조성 409920백만원 / 3363-306 지역투자촉진 251347백만원 / 3363-307 지역투자촉진(세종) 5026백만원 / 3362-301 지방주도형투자·일자리지원(자율) 3602백만원 / 3362-332 지방주도형투자·일자리지원 1565백만원
1801,합성수지,전기장비,(주)파인웰,경기,47,1,,없음,0.8,0.6,0.5,0.00865,2.076,173곳: 조명장치(143) · 전선 및 케이블(19) · 전지(11),3333-305 산업단지환경조성 409920백만원 / 3363-306 지역투자촉진 251347백만원 / 3363-307 지역투자촉진(세종) 5026백만원 / 3362-301 지방주도형투자·일자리지원(자율) 3602백만원 / 3362-332 지방주도형투자·일자리지원 1565백만원
1801,합성수지,전기장비,(주)한성기계,경기,30,1,,없음,0.8,0.6,0.5,0.00865,2.076,173곳: 조명장치(143) · 전선 및 케이블(19) · 전지(11),3333-305 산업단지환경조성 409920백만원 / 3363-306 지역투자촉진 251347백만원 / 3363-307 지역투자촉진(세종) 5026백만원 / 3362-301 지방주도형투자·일자리지원(자율) 3602백만원 / 3362-332 지방주도형투자·일자리지원 1565백만원
1801,합성수지,전기장비,(주)한일오닉스,경기,49,1,,없음,0.8,0.6,0.5,0.00865,2.076,173곳: 조명장치(143) · 전선 및 케이블(19) · 전지(11),3333-305 산업단지환경조성 409920백만원 / 3363-306 지역투자촉진 251347백만원 / 3363-307 지역투자촉진(세종) 5026백만원 / 3362-301 지방주도형투자·일자리지원(자율) 3602백만원 / 3362-332 지방주도형투자·일자리지원 1565백만원
1801,합성수지,전기장비,(주)해성실리콘,인천,30,1,,없음,0.8,0.6,0.5,0.00865,2.076,173곳: 조명장치(143) · 전선 및 케이블(19) · 전지(11),3333-305 산업단지환경조성 409920백만원 / 3363-306 지역투자촉진 251347백만원 / 3363-307 지역투자촉진(세종) 5026백만원 / 3362-301 지방주도형투자·일자리지원(자율) 3602백만원 / 3362-332 지방주도형투자·일자리지원 1565백만원
1801,합성수지,전기장비,강남화성(주),경기,213,1,,없음,0.8,0.6,0.5,0.00865,2.076,173곳: 조명장치(143) · 전선 및 케이블(19) · 전지(11),3333-305 산업단지환경조성 409920백만원 / 3363-306 지역투자촉진 251347백만원 / 3363-307 지역투자촉진(세종) 5026백만원 / 3362-301 지방주도형투자·일자리지원(자율) 3602백만원 / 3362-332 지방주도형투자·일자리지원 1565백만원
1801,합성수지,전기장비,다우실란트산업(주)화성바이오밸리지점,경기,37,1,,없음,0.8,0.6,0.5,0.00865,2.076,173곳: 조명장치(143) · 전선 및 케이블(19) · 전지(11),3333-305 산업단지환경조성 409920백만원 / 3363-306 지역투자촉진 251347백만원 / 3363-307 지역투자촉진(세종) 5026백만원 / 3362-301 지방주도형투자·일자리지원(자율) 3602백만원 / 3362-332 지방주도형투자·일자리지원 1565백만원
1801,합성수지,전기장비,동방화학,경기,30,1,,없음,0.8,0.6,0.5,0.00865,2.076,173곳: 조명장치(143) · 전선 및 케이블(19) · 전지(11),3333-305 산업단지환경조성 409920백만원 / 3363-306 지역투자촉진 251347백만원 / 3363-307 지역투자촉진(세종) 5026백만원 / 3362-301 지방주도형투자·일자리지원(자율) 3602백만원 / 3362-332 지방주도형투자·일자리지원 1565백만원
1801,합성수지,전기장비,삼성에프씨(주),경기,37,1,,없음,0.8,0.6,0.5,0.00865,2.076,173곳: 조명장치(143) · 전선 및 케이블(19) · 전지(11),3333-305 산업단지환경조성 409920백만원 / 3363-306 지역투자촉진 251347백만원 / 3363-307 지역투자촉진(세종) 5026백만원 / 3362-301 지방주도형투자·일자리지원(자율) 3602백만원 / 3362-332 지방주도형투자·일자리지원 1565백만원
1801,합성수지,전기장비,삼성포리머(주),경기,48,1,,없음,0.8,0.6,0.5,0.00865,2.076,173곳: 조명장치(143) · 전선 및 케이블(19) · 전지(11),3333-305 산업단지환경조성 409920백만원 / 3363-306 지역투자촉진 251347백만원 / 3363-307 지역투자촉진(세종) 5026백만원 / 3362-301 지방주도형투자·일자리지원(자율) 3602백만원 / 3362-332 지방주도형투자·일자리지원 1565백만원
1801,합성수지,전기장비,신일화학공업(주),경기,46,1,,없음,0.8,0.6,0.5,0.00865,2.076,173곳: 조명장치(143) · 전선 및 케이블(19) · 전지(11),3333-305 산업단지환경조성 409920백만원 / 3363-306 지역투자촉진 251347백만원 / 3363-307 지역투자촉진(세종) 5026백만원 / 3362-301 지방주도형투자·일자리지원(자율) 3602백만원 / 3362-332 지방주도형투자·일자리지원 1565백만원
1801,합성수지,전기장비,오일기업 주식회사,서울,41,1,,없음,0.8,0.6,0.5,0.00865,2.076,173곳: 조명장치(143) · 전선 및 케이블(19) · 전지(11),3333-305 산업단지환경조성 409920백만원 / 3363-306 지역투자촉진 251347백만원 / 3363-307 지역투자촉진(세종) 5026백만원 / 3362-301 지방주도형투자·일자리지원(자율) 3602백만원 / 3362-332 지방주도형투자·일자리지원 1565백만원
1801,합성수지,전기장비,유니온화성(주),경기,46,1,,없음,0.8,0.6,0.5,0.00865,2.076,173곳: 조명장치(143) · 전선 및 케이블(19) · 전지(11),3333-305 산업단지환경조성 409920백만원 / 3363-306 지역투자촉진 251347백만원 / 3363-307 지역투자촉진(세종) 5026백만원 / 3362-301 지방주도형투자·일자리지원(자율) 3602백만원 / 3362-332 지방주도형투자·일자리지원 1565백만원
1801,합성수지,전기장비,화인화학(주),인천,32,1,,없음,0.8,0.6,0.5,0.00865,2.076,173곳: 조명장치(143) · 전선 및 케이블(19) · 전지(11),3333-305 산업단지환경조성 409920백만원 / 3363-306 지역투자촉진 251347백만원 / 3363-307 지역투자촉진(세종) 5026백만원 / 3362-301 지방주도형투자·일자리지원(자율) 3602백만원 / 3362-332 지방주도형투자·일자리지원 1565백만원
2725,열연강판,전기장비,(주)화인베스틸,경남,80,1,,없음,1.0,0.9,0.5,0.00455,2.048,6곳: 변압기(6),3333-305 산업단지환경조성 409920백만원 / 3363-306 지역투자촉진 251347백만원 / 3363-307 지역투자촉진(세종) 5026백만원 / 3362-301 지방주도형투자·일자리지원(자율) 3602백만원 / 3362-332 지방주도형투자·일자리지원 1565백만원
2725,열연강판,전기장비,광진실업(주),부산,70,1,,없음,1.0,0.85,0.5,0.00455,1.934,6곳: 변압기(6),3333-305 산업단지환경조성 409920백만원 / 3363-306 지역투자촉진 251347백만원 / 3363-307 지역투자촉진(세종) 5026백만원 / 3362-301 지방주도형투자·일자리지원(자율) 3602백만원 / 3362-332 지방주도형투자·일자리지원 1565백만원
2725,열연강판,전기장비,대한제강(주),부산,94,1,,없음,1.0,0.85,0.5,0.00455,1.934,6곳: 변압기(6),3333-305 산업단지환경조성 409920백만원 / 3363-306 지역투자촉진 251347백만원 / 3363-307 지역투자촉진(세종) 5026백만원 / 3362-301 지방주도형투자·일자리지원(자율) 3602백만원 / 3362-332 지방주도형투자·일자리지원 1565백만원
2725,열연강판,전기장비,동일철강(주),부산,50,1,,없음,1.0,0.85,0.5,0.00455,1.934,6곳: 변압기(6),3333-305 산업단지환경조성 409920백만원 / 3363-306 지역투자촉진 251347백만원 / 3363-307 지역투자촉진(세종) 5026백만원 / 3362-301 지방주도형투자·일자리지원(자율) 3602백만원 / 3362-332 지방주도형투자·일자리지원 1565백만원
2725,열연강판,전기장비,한국선재(주)학장공장,부산,87,1,,없음,1.0,0.85,0.5,0.00455,1.934,6곳: 변압기(6),3333-305 산업단지환경조성 409920백만원 / 3363-306 지역투자촉진 251347백만원 / 3363-307 지역투자촉진(세종) 5026백만원 / 3362-301 지방주도형투자·일자리지원(자율) 3602백만원 / 3362-332 지방주도형투자·일자리지원 1565백만원
2725,열연강판,전기장비,한국특수형강(주),부산,107,1,,없음,1.0,0.85,0.5,0.00455,1.934,6곳: 변압기(6),3333-305 산업단지환경조성 409920백만원 / 3363-306 지역투자촉진 251347백만원 / 3363-307 지역투자촉진(세종) 5026백만원 / 3362-301 지방주도형투자·일자리지원(자율) 3602백만원 / 3362-332 지방주도형투자·일자리지원 1565백만원
3102,집적회로,전기장비,(주)글로컬,충남,37,1,,없음,0.8,0.75,0.5,0.00635,1.905,246곳: 조명장치(143) · 기타 전기장비(67) · 전기변환장치(36),3333-305 산업단지환경조성 409920백만원 / 3363-306 지역투자촉진 251347백만원 / 3363-307 지역투자촉진(세종) 5026백만원 / 3362-301 지방주도형투자·일자리지원(자율) 3602백만원 / 3362-332 지방주도형투자·일자리지원 1565백만원
3102,집적회로,전기장비,(주)마이크로이미지,세종,45,1,,없음,0.8,0.75,0.5,0.00635,1.905,246곳: 조명장치(143) · 기타 전기장비(67) · 전기변환장치(36),3333-305 산업단지환경조성 409920백만원 / 3363-306 지역투자촉진 251347백만원 / 3363-307 지역투자촉진(세종) 5026백만원 / 3362-301 지방주도형투자·일자리지원(자율) 3602백만원 / 3362-332 지방주도형투자·일자리지원 1565백만원
3102,집적회로,전기장비,(주)비씨,인천,60,1,,없음,1.0,0.6,0.5,0.00635,1.905,246곳: 조명장치(143) · 기타 전기장비(67) · 전기변환장치(36),3333-305 산업단지환경조성 409920백만원 / 3363-306 지역투자촉진 251347백만원 / 3363-307 지역투자촉진(세종) 5026백만원 / 3362-301 지방주도형투자·일자리지원(자율) 3602백만원 / 3362-332 지방주도형투자·일자리지원 1565백만원
3102,집적회로,전기장비,(주)비토넷제2공장,충남,32,1,,없음,0.8,0.75,0.5,0.00635,1.905,246곳: 조명장치(143) · 기타 전기장비(67) · 전기변환장치(36),3333-305 산업단지환경조성 409920백만원 / 3363-306 지역투자촉진 251347백만원 / 3363-307 지역투자촉진(세종) 5026백만원 / 3362-301 지방주도형투자·일자리지원(자율) 3602백만원 / 3362-332 지방주도형투자·일자리지원 1565백만원
3102,집적회로,전기장비,(주)씨엠파트너,경기,192,1,,없음,1.0,0.6,0.5,0.00635,1.905,246곳: 조명장치(143) · 기타 전기장비(67) · 전기변환장치(36),3333-305 산업단지환경조성 409920백만원 / 3363-306 지역투자촉진 251347백만원 / 3363-307 지역투자촉진(세종) 5026백만원 / 3362-301 지방주도형투자·일자리지원(자율) 3602백만원 / 3362-332 지방주도형투자·일자리지원 1565백만원
3102,집적회로,전기장비,(주)에스피에스,대전,37,1,,없음,0.8,0.75,0.5,0.00635,1.905,246곳: 조명장치(143) · 기타 전기장비(67) · 전기변환장치(36),3333-305 산업단지환경조성 409920백만원 / 3363-306 지역투자촉진 251347백만원 / 3363-307 지역투자촉진(세종) 5026백만원 / 3362-301 지방주도형투자·일자리지원(자율) 3602백만원 / 3362-332 지방주도형투자·일자리지원 1565백만원
3102,집적회로,전기장비,(주)엠엑스로보틱스 평택공장,경기,54,1,,없음,1.0,0.6,0.5,0.00635,1.905,246곳: 조명장치(143) · 기타 전기장비(67) · 전기변환장치(36),3333-305 산업단지환경조성 409920백만원 / 3363-306 지역투자촉진 251347백만원 / 3363-307 지역투자촉진(세종) 5026백만원 / 3362-301 지방주도형투자·일자리지원(자율) 3602백만원 / 3362-332 지방주도형투자·일자리지원 1565백만원
3102,집적회로,전기장비,(주)케이테스트,경기,83,1,,없음,1.0,0.6,0.5,0.00635,1.905,246곳: 조명장치(143) · 기타 전기장비(67) · 전기변환장치(36),3333-305 산업단지환경조성 409920백만원 / 3363-306 지역투자촉진 251347백만원 / 3363-307 지역투자촉진(세종) 5026백만원 / 3362-301 지방주도형투자·일자리지원(자율) 3602백만원 / 3362-332 지방주도형투자·일자리지원 1565백만원
3102,집적회로,전기장비,(주)켐트로닉스,경기,140,1,,없음,1.0,0.6,0.5,0.00635,1.905,246곳: 조명장치(143) · 기타 전기장비(67) · 전기변환장치(36),3333-305 산업단지환경조성 409920백만원 / 3363-306 지역투자촉진 251347백만원 / 3363-307 지역투자촉진(세종) 5026백만원 / 3362-301 지방주도형투자·일자리지원(자율) 3602백만원 / 3362-332 지방주도형투자·일자리지원 1565백만원
3102,집적회로,전기장비,뉴웰반도체,경기,60,1,,없음,1.0,0.6,0.5,0.00635,1.905,246곳: 조명장치(143) · 기타 전기장비(67) · 전기변환장치(36),3333-305 산업단지환경조성 409920백만원 / 3363-306 지역투자촉진 251347백만원 / 3363-307 지역투자촉진(세종) 5026백만원 / 3362-301 지방주도형투자·일자리지원(자율) 3602백만원 / 3362-332 지방주도형투자·일자리지원 1565백만원
3102,집적회로,전기장비,비케이이엔티(주),충남,46,1,,없음,0.8,0.75,0.5,0.00635,1.905,246곳: 조명장치(143) · 기타 전기장비(67) · 전기변환장치(36),3333-305 산업단지환경조성 409920백만원 / 3363-306 지역투자촉진 251347백만원 / 3363-307 지역투자촉진(세종) 5026백만원 / 3362-301 지방주도형투자·일자리지원(자율) 3602백만원 / 3362-332 지방주도형투자·일자리지원 1565백만원
3102,집적회로,전기장비,엔스텔정보통신(주),경기,50,1,,없음,1.0,0.6,0.5,0.00635,1.905,246곳: 조명장치(143) · 기타 전기장비(67) · 전기변환장치(36),3333-305 산업단지환경조성 409920백만원 / 3363-306 지역투자촉진 251347백만원 / 3363-307 지역투자촉진(세종) 5026백만원 / 3362-301 지방주도형투자·일자리지원(자율) 3602백만원 / 3362-332 지방주도형투자·일자리지원 1565백만원
3102,집적회로,전기장비,주식회사 유텔,경기,55,1,,없음,1.0,0.6,0.5,0.00635,1.905,246곳: 조명장치(143) · 기타 전기장비(67) · 전기변환장치(36),3333-305 산업단지환경조성 409920백만원 / 3363-306 지역투자촉진 251347백만원 / 3363-307 지역투자촉진(세종) 5026백만원 / 3362-301 지방주도형투자·일자리지원(자율) 3602백만원 / 3362-332 지방주도형투자·일자리지원 1565백만원
3102,집적회로,전기장비,케이비부동산신탁 주식회사,충남,300,1,,없음,0.8,0.75,0.5,0.00635,1.905,246곳: 조명장치(143) · 기타 전기장비(67) · 전기변환장치(36),3333-305 산업단지환경조성 409920백만원 / 3363-306 지역투자촉진 251347백만원 / 3363-307 지역투자촉진(세종) 5026백만원 / 3362-301 지방주도형투자·일자리지원(자율) 3602백만원 / 3362-332 지방주도형투자·일자리지원 1565백만원
3102,집적회로,전기장비,한양디지텍(주),경기,69,1,,없음,1.0,0.6,0.5,0.00635,1.905,246곳: 조명장치(143) · 기타 전기장비(67) · 전기변환장치(36),3333-305 산업단지환경조성 409920백만원 / 3363-306 지역투자촉진 251347백만원 / 3363-307 지역투자촉진(세종) 5026백만원 / 3362-301 지방주도형투자·일자리지원(자율) 3602백만원 / 3362-332 지방주도형투자·일자리지원 1565백만원
2725,열연강판,전기장비,(주)목우에이치텍,전남광주,33,3,,공장 3개,0.8,0.5,1.0,0.00455,1.82,6곳: 변압기(6),3333-305 산업단지환경조성 409920백만원 / 3363-306 지역투자촉진 251347백만원 / 3363-307 지역투자촉진(세종) 5026백만원 / 3362-301 지방주도형투자·일자리지원(자율) 3602백만원 / 3362-332 지방주도형투자·일자리지원 1565백만원
2725,열연강판,전기장비,(주)삼원강재,경북,284,1,,없음,0.8,1.0,0.5,0.00455,1.82,6곳: 변압기(6),3333-305 산업단지환경조성 409920백만원 / 3363-306 지역투자촉진 251347백만원 / 3363-307 지역투자촉진(세종) 5026백만원 / 3362-301 지방주도형투자·일자리지원(자율) 3602백만원 / 3362-332 지방주도형투자·일자리지원 1565백만원
2725,열연강판,전기장비,(주)엔아이스틸,경북,48,1,,없음,0.8,1.0,0.5,0.00455,1.82,6곳: 변압기(6),3333-305 산업단지환경조성 409920백만원 / 3363-306 지역투자촉진 251347백만원 / 3363-307 지역투자촉진(세종) 5026백만원 / 3362-301 지방주도형투자·일자리지원(자율) 3602백만원 / 3362-332 지방주도형투자·일자리지원 1565백만원
2725,열연강판,전기장비,(주)화진철강,경북,30,1,,없음,0.8,1.0,0.5,0.00455,1.82,6곳: 변압기(6),3333-305 산업단지환경조성 409920백만원 / 3363-306 지역투자촉진 251347백만원 / 3363-307 지역투자촉진(세종) 5026백만원 / 3362-301 지방주도형투자·일자리지원(자율) 3602백만원 / 3362-332 지방주도형투자·일자리지원 1565백만원
2725,열연강판,전기장비,(주)효성철강,경북,40,1,,없음,0.8,1.0,0.5,0.00455,1.82,6곳: 변압기(6),3333-305 산업단지환경조성 409920백만원 / 3363-306 지역투자촉진 251347백만원 / 3363-307 지역투자촉진(세종) 5026백만원 / 3362-301 지방주도형투자·일자리지원(자율) 3602백만원 / 3362-332 지방주도형투자·일자리지원 1565백만원
2725,열연강판,전기장비,삼승철강(주),경북,34,1,,없음,0.8,1.0,0.5,0.00455,1.82,6곳: 변압기(6),3333-305 산업단지환경조성 409920백만원 / 3363-306 지역투자촉진 251347백만원 / 3363-307 지역투자촉진(세종) 5026백만원 / 3362-301 지방주도형투자·일자리지원(자율) 3602백만원 / 3362-332 지방주도형투자·일자리지원 1565백만원
1801,합성수지,전기장비,(주)코와스,전남광주,30,1,,없음,0.8,0.5,0.5,0.00865,1.73,173곳: 조명장치(143) · 전선 및 케이블(19) · 전지(11),3333-305 산업단지환경조성 409920백만원 / 3363-306 지역투자촉진 251347백만원 / 3363-307 지역투자촉진(세종) 5026백만원 / 3362-301 지방주도형투자·일자리지원(자율) 3602백만원 / 3362-332 지방주도형투자·일자리지원 1565백만원
1801,합성수지,전기장비,디엘케미칼(주) 여수 LHDPE공장,전남광주,31,1,,없음,0.8,0.5,0.5,0.00865,1.73,173곳: 조명장치(143) · 전선 및 케이블(19) · 전지(11),3333-305 산업단지환경조성 409920백만원 / 3363-306 지역투자촉진 251347백만원 / 3363-307 지역투자촉진(세종) 5026백만원 / 3362-301 지방주도형투자·일자리지원(자율) 3602백만원 / 3362-332 지방주도형투자·일자리지원 1565백만원
1801,합성수지,전기장비,롯데정밀화학(주),,33,1,,없음,0.8,0.5,0.5,0.00865,1.73,173곳: 조명장치(143) · 전선 및 케이블(19) · 전지(11),3333-305 산업단지환경조성 409920백만원 / 3363-306 지역투자촉진 251347백만원 / 3363-307 지역투자촉진(세종) 5026백만원 / 3362-301 지방주도형투자·일자리지원(자율) 3602백만원 / 3362-332 지방주도형투자·일자리지원 1565백만원
1801,합성수지,전기장비,삼양화인테크놀로지(주),전북,47,1,,없음,0.8,0.5,0.5,0.00865,1.73,173곳: 조명장치(143) · 전선 및 케이블(19) · 전지(11),3333-305 산업단지환경조성 409920백만원 / 3363-306 지역투자촉진 251347백만원 / 3363-307 지역투자촉진(세종) 5026백만원 / 3362-301 지방주도형투자·일자리지원(자율) 3602백만원 / 3362-332 지방주도형투자·일자리지원 1565백만원
1801,합성수지,전기장비,엘엑스엠엠에이(주) (PMMA),전남광주,31,1,,없음,0.8,0.5,0.5,0.00865,1.73,173곳: 조명장치(143) · 전선 및 케이블(19) · 전지(11),3333-305 산업단지환경조성 409920백만원 / 3363-306 지역투자촉진 251347백만원 / 3363-307 지역투자촉진(세종) 5026백만원 / 3362-301 지방주도형투자·일자리지원(자율) 3602백만원 / 3362-332 지방주도형투자·일자리지원 1565백만원
1801,합성수지,전기장비,오에스피(주),,40,1,,없음,0.8,0.5,0.5,0.00865,1.73,173곳: 조명장치(143) · 전선 및 케이블(19) · 전지(11),3333-305 산업단지환경조성 409920백만원 / 3363-306 지역투자촉진 251347백만원 / 3363-307 지역투자촉진(세종) 5026백만원 / 3362-301 지방주도형투자·일자리지원(자율) 3602백만원 / 3362-332 지방주도형투자·일자리지원 1565백만원
1801,합성수지,전기장비,주식회사 대산,,33,1,,없음,0.8,0.5,0.5,0.00865,1.73,173곳: 조명장치(143) · 전선 및 케이블(19) · 전지(11),3333-305 산업단지환경조성 409920백만원 / 3363-306 지역투자촉진 251347백만원 / 3363-307 지역투자촉진(세종) 5026백만원 / 3362-301 지방주도형투자·일자리지원(자율) 3602백만원 / 3362-332 지방주도형투자·일자리지원 1565백만원
1801,합성수지,전기장비,주식회사 안코바이오플라스틱스,강원,31,1,,없음,0.8,0.5,0.5,0.00865,1.73,173곳: 조명장치(143) · 전선 및 케이블(19) · 전지(11),3333-305 산업단지환경조성 409920백만원 / 3363-306 지역투자촉진 251347백만원 / 3363-307 지역투자촉진(세종) 5026백만원 / 3362-301 지방주도형투자·일자리지원(자율) 3602백만원 / 3362-332 지방주도형투자·일자리지원 1565백만원
1801,합성수지,전기장비,주식회사 크리스탈엔씨,전북,48,1,,없음,0.8,0.5,0.5,0.00865,1.73,173곳: 조명장치(143) · 전선 및 케이블(19) · 전지(11),3333-305 산업단지환경조성 409920백만원 / 3363-306 지역투자촉진 251347백만원 / 3363-307 지역투자촉진(세종) 5026백만원 / 3362-301 지방주도형투자·일자리지원(자율) 3602백만원 / 3362-332 지방주도형투자·일자리지원 1565백만원
1801,합성수지,전기장비,티케이지일렘 주식회사,전남광주,35,1,,없음,0.8,0.5,0.5,0.00865,1.73,173곳: 조명장치(143) · 전선 및 케이블(19) · 전지(11),3333-305 산업단지환경조성 409920백만원 / 3363-306 지역투자촉진 251347백만원 / 3363-307 지역투자촉진(세종) 5026백만원 / 3362-301 지방주도형투자·일자리지원(자율) 3602백만원 / 3362-332 지방주도형투자·일자리지원 1565백만원
1801,합성수지,전기장비,퓨리오젠(주),전남광주,32,1,,없음,0.8,0.5,0.5,0.00865,1.73,173곳: 조명장치(143) · 전선 및 케이블(19) · 전지(11),3333-305 산업단지환경조성 409920백만원 / 3363-306 지역투자촉진 251347백만원 / 3363-307 지역투자촉진(세종) 5026백만원 / 3362-301 지방주도형투자·일자리지원(자율) 3602백만원 / 3362-332 지방주도형투자·일자리지원 1565백만원
1801,합성수지,전기장비,한화컴파운드 주식회사,전남광주,34,1,,없음,0.8,0.5,0.5,0.00865,1.73,173곳: 조명장치(143) · 전선 및 케이블(19) · 전지(11),3333-305 산업단지환경조성 409920백만원 / 3363-306 지역투자촉진 251347백만원 / 3363-307 지역투자촉진(세종) 5026백만원 / 3362-301 지방주도형투자·일자리지원(자율) 3602백만원 / 3362-332 지방주도형투자·일자리지원 1565백만원
2725,열연강판,전기장비,(주)대림철강,경남,31,1,,없음,0.8,0.9,0.5,0.00455,1.638,6곳: 변압기(6),3333-305 산업단지환경조성 409920백만원 / 3363-306 지역투자촉진 251347백만원 / 3363-307 지역투자촉진(세종) 5026백만원 / 3362-301 지방주도형투자·일자리지원(자율) 3602백만원 / 3362-332 지방주도형투자·일자리지원 1565백만원
3102,집적회로,전기장비,(주)비투지코리아,전북,50,1,,없음,1.0,0.5,0.5,0.00635,1.587,246곳: 조명장치(143) · 기타 전기장비(67) · 전기변환장치(36),3333-305 산업단지환경조성 409920백만원 / 3363-306 지역투자촉진 251347백만원 / 3363-307 지역투자촉진(세종) 5026백만원 / 3362-301 지방주도형투자·일자리지원(자율) 3602백만원 / 3362-332 지방주도형투자·일자리지원 1565백만원
3102,집적회로,전기장비,(주)에이티이,,110,1,,없음,1.0,0.5,0.5,0.00635,1.587,246곳: 조명장치(143) · 기타 전기장비(67) · 전기변환장치(36),3333-305 산업단지환경조성 409920백만원 / 3363-306 지역투자촉진 251347백만원 / 3363-307 지역투자촉진(세종) 5026백만원 / 3362-301 지방주도형투자·일자리지원(자율) 3602백만원 / 3362-332 지방주도형투자·일자리지원 1565백만원
3102,집적회로,전기장비,(주)웨이비스,,161,1,,없음,1.0,0.5,0.5,0.00635,1.587,246곳: 조명장치(143) · 기타 전기장비(67) · 전기변환장치(36),3333-305 산업단지환경조성 409920백만원 / 3363-306 지역투자촉진 251347백만원 / 3363-307 지역투자촉진(세종) 5026백만원 / 3362-301 지방주도형투자·일자리지원(자율) 3602백만원 / 3362-332 지방주도형투자·일자리지원 1565백만원
3102,집적회로,전기장비,광전자(주),전북,153,1,,없음,1.0,0.5,0.5,0.00635,1.587,246곳: 조명장치(143) · 기타 전기장비(67) · 전기변환장치(36),3333-305 산업단지환경조성 409920백만원 / 3363-306 지역투자촉진 251347백만원 / 3363-307 지역투자촉진(세종) 5026백만원 / 3362-301 지방주도형투자·일자리지원(자율) 3602백만원 / 3362-332 지방주도형투자·일자리지원 1565백만원
3102,집적회로,전기장비,지에프텍(주),전남광주,105,1,,없음,1.0,0.5,0.5,0.00635,1.587,246곳: 조명장치(143) · 기타 전기장비(67) · 전기변환장치(36),3333-305 산업단지환경조성 409920백만원 / 3363-306 지역투자촉진 251347백만원 / 3363-307 지역투자촉진(세종) 5026백만원 / 3362-301 지방주도형투자·일자리지원(자율) 3602백만원 / 3362-332 지방주도형투자·일자리지원 1565백만원
2725,열연강판,전기장비,(주)한국클래드텍,부산,44,1,,없음,0.8,0.85,0.5,0.00455,1.547,6곳: 변압기(6),3333-305 산업단지환경조성 409920백만원 / 3363-306 지역투자촉진 251347백만원 / 3363-307 지역투자촉진(세종) 5026백만원 / 3362-301 지방주도형투자·일자리지원(자율) 3602백만원 / 3362-332 지방주도형투자·일자리지원 1565백만원
2725,열연강판,전기장비,대산철강공업(주),부산,42,1,,없음,0.8,0.85,0.5,0.00455,1.547,6곳: 변압기(6),3333-305 산업단지환경조성 409920백만원 / 3363-306 지역투자촉진 251347백만원 / 3363-307 지역투자촉진(세종) 5026백만원 / 3362-301 지방주도형투자·일자리지원(자율) 3602백만원 / 3362-332 지방주도형투자·일자리지원 1565백만원
2725,열연강판,전기장비,동일스틸럭스(주),부산,40,1,,없음,0.8,0.85,0.5,0.00455,1.547,6곳: 변압기(6),3333-305 산업단지환경조성 409920백만원 / 3363-306 지역투자촉진 251347백만원 / 3363-307 지역투자촉진(세종) 5026백만원 / 3362-301 지방주도형투자·일자리지원(자율) 3602백만원 / 3362-332 지방주도형투자·일자리지원 1565백만원
2725,열연강판,전기장비,삼흥에스씨(주),부산,30,1,,없음,0.8,0.85,0.5,0.00455,1.547,6곳: 변압기(6),3333-305 산업단지환경조성 409920백만원 / 3363-306 지역투자촉진 251347백만원 / 3363-307 지역투자촉진(세종) 5026백만원 / 3362-301 지방주도형투자·일자리지원(자율) 3602백만원 / 3362-332 지방주도형투자·일자리지원 1565백만원
3102,집적회로,전기장비,(주)S.T.I,경기,30,1,,없음,0.8,0.6,0.5,0.00635,1.524,246곳: 조명장치(143) · 기타 전기장비(67) · 전기변환장치(36),3333-305 산업단지환경조성 409920백만원 / 3363-306 지역투자촉진 251347백만원 / 3363-307 지역투자촉진(세종) 5026백만원 / 3362-301 지방주도형투자·일자리지원(자율) 3602백만원 / 3362-332 지방주도형투자·일자리지원 1565백만원
3102,집적회로,전기장비,(주)다이나모테크,인천,35,1,,없음,0.8,0.6,0.5,0.00635,1.524,246곳: 조명장치(143) · 기타 전기장비(67) · 전기변환장치(36),3333-305 산업단지환경조성 409920백만원 / 3363-306 지역투자촉진 251347백만원 / 3363-307 지역투자촉진(세종) 5026백만원 / 3362-301 지방주도형투자·일자리지원(자율) 3602백만원 / 3362-332 지방주도형투자·일자리지원 1565백만원
3102,집적회로,전기장비,(주)실리콘디스플레이,경기,40,1,,없음,0.8,0.6,0.5,0.00635,1.524,246곳: 조명장치(143) · 기타 전기장비(67) · 전기변환장치(36),3333-305 산업단지환경조성 409920백만원 / 3363-306 지역투자촉진 251347백만원 / 3363-307 지역투자촉진(세종) 5026백만원 / 3362-301 지방주도형투자·일자리지원(자율) 3602백만원 / 3362-332 지방주도형투자·일자리지원 1565백만원
3102,집적회로,전기장비,(주)에이치씨코퍼레이션,경기,47,1,,없음,0.8,0.6,0.5,0.00635,1.524,246곳: 조명장치(143) · 기타 전기장비(67) · 전기변환장치(36),3333-305 산업단지환경조성 409920백만원 / 3363-306 지역투자촉진 251347백만원 / 3363-307 지역투자촉진(세종) 5026백만원 / 3362-301 지방주도형투자·일자리지원(자율) 3602백만원 / 3362-332 지방주도형투자·일자리지원 1565백만원
3102,집적회로,전기장비,(주)엘엑스세미콘,경기,40,1,,없음,0.8,0.6,0.5,0.00635,1.524,246곳: 조명장치(143) · 기타 전기장비(67) · 전기변환장치(36),3333-305 산업단지환경조성 409920백만원 / 3363-306 지역투자촉진 251347백만원 / 3363-307 지역투자촉진(세종) 5026백만원 / 3362-301 지방주도형투자·일자리지원(자율) 3602백만원 / 3362-332 지방주도형투자·일자리지원 1565백만원
3102,집적회로,전기장비,(주)윈팩,경기,260,1,,없음,0.8,0.6,0.5,0.00635,1.524,246곳: 조명장치(143) · 기타 전기장비(67) · 전기변환장치(36),3333-305 산업단지환경조성 409920백만원 / 3363-306 지역투자촉진 251347백만원 / 3363-307 지역투자촉진(세종) 5026백만원 / 3362-301 지방주도형투자·일자리지원(자율) 3602백만원 / 3362-332 지방주도형투자·일자리지원 1565백만원
3102,집적회로,전기장비,(주)젤루텍,서울,39,1,,없음,0.8,0.6,0.5,0.00635,1.524,246곳: 조명장치(143) · 기타 전기장비(67) · 전기변환장치(36),3333-305 산업단지환경조성 409920백만원 / 3363-306 지역투자촉진 251347백만원 / 3363-307 지역투자촉진(세종) 5026백만원 / 3362-301 지방주도형투자·일자리지원(자율) 3602백만원 / 3362-332 지방주도형투자·일자리지원 1565백만원
3102,집적회로,전기장비,(주)큰누리김포지점,경기,38,1,,없음,0.8,0.6,0.5,0.00635,1.524,246곳: 조명장치(143) · 기타 전기장비(67) · 전기변환장치(36),3333-305 산업단지환경조성 409920백만원 / 3363-306 지역투자촉진 251347백만원 / 3363-307 지역투자촉진(세종) 5026백만원 / 3362-301 지방주도형투자·일자리지원(자율) 3602백만원 / 3362-332 지방주도형투자·일자리지원 1565백만원
3102,집적회로,전기장비,(주)파워쿨,경기,41,1,,없음,0.8,0.6,0.5,0.00635,1.524,246곳: 조명장치(143) · 기타 전기장비(67) · 전기변환장치(36),3333-305 산업단지환경조성 409920백만원 / 3363-306 지역투자촉진 251347백만원 / 3363-307 지역투자촉진(세종) 5026백만원 / 3362-301 지방주도형투자·일자리지원(자율) 3602백만원 / 3362-332 지방주도형투자·일자리지원 1565백만원
3102,집적회로,전기장비,시그네틱스(주),경기,221,1,,없음,0.8,0.6,0.5,0.00635,1.524,246곳: 조명장치(143) · 기타 전기장비(67) · 전기변환장치(36),3333-305 산업단지환경조성 409920백만원 / 3363-306 지역투자촉진 251347백만원 / 3363-307 지역투자촉진(세종) 5026백만원 / 3362-301 지방주도형투자·일자리지원(자율) 3602백만원 / 3362-332 지방주도형투자·일자리지원 1565백만원
3102,집적회로,전기장비,에스피반도체통신(주),경기,217,1,,없음,0.8,0.6,0.5,0.00635,1.524,246곳: 조명장치(143) · 기타 전기장비(67) · 전기변환장치(36),3333-305 산업단지환경조성 409920백만원 / 3363-306 지역투자촉진 251347백만원 / 3363-307 지역투자촉진(세종) 5026백만원 / 3362-301 지방주도형투자·일자리지원(자율) 3602백만원 / 3362-332 지방주도형투자·일자리지원 1565백만원
3102,집적회로,전기장비,에이원프로스(주),경기,36,1,,없음,0.8,0.6,0.5,0.00635,1.524,246곳: 조명장치(143) · 기타 전기장비(67) · 전기변환장치(36),3333-305 산업단지환경조성 409920백만원 / 3363-306 지역투자촉진 251347백만원 / 3363-307 지역투자촉진(세종) 5026백만원 / 3362-301 지방주도형투자·일자리지원(자율) 3602백만원 / 3362-332 지방주도형투자·일자리지원 1565백만원
3102,집적회로,전기장비,엘비세미콘 주식회사,경기,30,1,,없음,0.8,0.6,0.5,0.00635,1.524,246곳: 조명장치(143) · 기타 전기장비(67) · 전기변환장치(36),3333-305 산업단지환경조성 409920백만원 / 3363-306 지역투자촉진 251347백만원 / 3363-307 지역투자촉진(세종) 5026백만원 / 3362-301 지방주도형투자·일자리지원(자율) 3602백만원 / 3362-332 지방주도형투자·일자리지원 1565백만원
3102,집적회로,전기장비,엠텍비젼(주),서울,250,1,,없음,0.8,0.6,0.5,0.00635,1.524,246곳: 조명장치(143) · 기타 전기장비(67) · 전기변환장치(36),3333-305 산업단지환경조성 409920백만원 / 3363-306 지역투자촉진 251347백만원 / 3363-307 지역투자촉진(세종) 5026백만원 / 3362-301 지방주도형투자·일자리지원(자율) 3602백만원 / 3362-332 지방주도형투자·일자리지원 1565백만원
3102,집적회로,전기장비,하이콘(주)2공장,경기,243,1,,없음,0.8,0.6,0.5,0.00635,1.524,246곳: 조명장치(143) · 기타 전기장비(67) · 전기변환장치(36),3333-305 산업단지환경조성 409920백만원 / 3363-306 지역투자촉진 251347백만원 / 3363-307 지역투자촉진(세종) 5026백만원 / 3362-301 지방주도형투자·일자리지원(자율) 3602백만원 / 3362-332 지방주도형투자·일자리지원 1565백만원
2725,열연강판,전기장비,대협철강(주),충남,30,1,,없음,0.8,0.75,0.5,0.00455,1.365,6곳: 변압기(6),3333-305 산업단지환경조성 409920백만원 / 3363-306 지역투자촉진 251347백만원 / 3363-307 지역투자촉진(세종) 5026백만원 / 3362-301 지방주도형투자·일자리지원(자율) 3602백만원 / 3362-332 지방주도형투자·일자리지원 1565백만원
2725,열연강판,전기장비,동국제강(주) 당진공장,충남,252,1,,없음,0.8,0.75,0.5,0.00455,1.365,6곳: 변압기(6),3333-305 산업단지환경조성 409920백만원 / 3363-306 지역투자촉진 251347백만원 / 3363-307 지역투자촉진(세종) 5026백만원 / 3362-301 지방주도형투자·일자리지원(자율) 3602백만원 / 3362-332 지방주도형투자·일자리지원 1565백만원
2725,열연강판,전기장비,삼호제강(주),인천,100,1,,없음,1.0,0.6,0.5,0.00455,1.365,6곳: 변압기(6),3333-305 산업단지환경조성 409920백만원 / 3363-306 지역투자촉진 251347백만원 / 3363-307 지역투자촉진(세종) 5026백만원 / 3362-301 지방주도형투자·일자리지원(자율) 3602백만원 / 3362-332 지방주도형투자·일자리지원 1565백만원
3209,기타 전자표시장치,일반기계,(주)보백씨엔에스(C&S),경북,88,1,,없음,1.0,1.0,0.5,0.00248,1.24,85곳: 산업용 로봇(85) · 가정용 냉장고 및 냉동고(0),3333-305 산업단지환경조성 409920백만원 / 3363-306 지역투자촉진 251347백만원 / 3363-307 지역투자촉진(세종) 5026백만원 / 3362-301 지방주도형투자·일자리지원(자율) 3602백만원 / 3362-332 지방주도형투자·일자리지원 1565백만원
2725,열연강판,전기장비,(주)대성에스앤엠 광양공장,전남광주,76,1,,없음,1.0,0.5,0.5,0.00455,1.137,6곳: 변압기(6),3333-305 산업단지환경조성 409920백만원 / 3363-306 지역투자촉진 251347백만원 / 3363-307 지역투자촉진(세종) 5026백만원 / 3362-301 지방주도형투자·일자리지원(자율) 3602백만원 / 3362-332 지방주도형투자·일자리지원 1565백만원
2725,열연강판,전기장비,에스엠스틸(주),전북,156,1,,없음,1.0,0.5,0.5,0.00455,1.137,6곳: 변압기(6),3333-305 산업단지환경조성 409920백만원 / 3363-306 지역투자촉진 251347백만원 / 3363-307 지역투자촉진(세종) 5026백만원 / 3362-301 지방주도형투자·일자리지원(자율) 3602백만원 / 3362-332 지방주도형투자·일자리지원 1565백만원
2725,열연강판,전기장비,(주)도스코,경기,37,1,,없음,0.8,0.6,0.5,0.00455,1.092,6곳: 변압기(6),3333-305 산업단지환경조성 409920백만원 / 3363-306 지역투자촉진 251347백만원 / 3363-307 지역투자촉진(세종) 5026백만원 / 3362-301 지방주도형투자·일자리지원(자율) 3602백만원 / 3362-332 지방주도형투자·일자리지원 1565백만원
2725,열연강판,전기장비,동인신철공업(주),인천,40,1,,없음,0.8,0.6,0.5,0.00455,1.092,6곳: 변압기(6),3333-305 산업단지환경조성 409920백만원 / 3363-306 지역투자촉진 251347백만원 / 3363-307 지역투자촉진(세종) 5026백만원 / 3362-301 지방주도형투자·일자리지원(자율) 3602백만원 / 3362-332 지방주도형투자·일자리지원 1565백만원
2725,열연강판,전기장비,제이스코홀딩스(주),경기,34,1,,없음,0.8,0.6,0.5,0.00455,1.092,6곳: 변압기(6),3333-305 산업단지환경조성 409920백만원 / 3363-306 지역투자촉진 251347백만원 / 3363-307 지역투자촉진(세종) 5026백만원 / 3362-301 지방주도형투자·일자리지원(자율) 3602백만원 / 3362-332 지방주도형투자·일자리지원 1565백만원
2503,산업용 유리제품(전자기기용 제외),전기장비,(주)나우테크,경북,75,1,,없음,1.0,1.0,0.5,0.00214,1.07,188곳: 조명장치(143) · 발전기 및 전동기(45),3333-305 산업단지환경조성 409920백만원 / 3363-306 지역투자촉진 251347백만원 / 3363-307 지역투자촉진(세종) 5026백만원 / 3362-301 지방주도형투자·일자리지원(자율) 3602백만원 / 3362-332 지방주도형투자·일자리지원 1565백만원
2503,산업용 유리제품(전자기기용 제외),전기장비,세진산업(주),경기,30,2,,공장 2개,0.8,0.6,1.0,0.00214,1.027,188곳: 조명장치(143) · 발전기 및 전동기(45),3333-305 산업단지환경조성 409920백만원 / 3363-306 지역투자촉진 251347백만원 / 3363-307 지역투자촉진(세종) 5026백만원 / 3362-301 지방주도형투자·일자리지원(자율) 3602백만원 / 3362-332 지방주도형투자·일자리지원 1565백만원
2503,산업용 유리제품(전자기기용 제외),전기장비,(주)유창,경남,52,1,,없음,1.0,0.9,0.5,0.00214,0.963,188곳: 조명장치(143) · 발전기 및 전동기(45),3333-305 산업단지환경조성 409920백만원 / 3363-306 지역투자촉진 251347백만원 / 3363-307 지역투자촉진(세종) 5026백만원 / 3362-301 지방주도형투자·일자리지원(자율) 3602백만원 / 3362-332 지방주도형투자·일자리지원 1565백만원
2503,산업용 유리제품(전자기기용 제외),전기장비,(주)케이씨엠티 1공장,울산,145,1,,없음,1.0,0.9,0.5,0.00214,0.963,188곳: 조명장치(143) · 발전기 및 전동기(45),3333-305 산업단지환경조성 409920백만원 / 3363-306 지역투자촉진 251347백만원 / 3363-307 지역투자촉진(세종) 5026백만원 / 3362-301 지방주도형투자·일자리지원(자율) 3602백만원 / 3362-332 지방주도형투자·일자리지원 1565백만원
3209,기타 전자표시장치,일반기계,(주)유아이디,충북,50,1,,없음,1.0,0.75,0.5,0.00248,0.93,85곳: 산업용 로봇(85) · 가정용 냉장고 및 냉동고(0),3333-305 산업단지환경조성 409920백만원 / 3363-306 지역투자촉진 251347백만원 / 3363-307 지역투자촉진(세종) 5026백만원 / 3362-301 지방주도형투자·일자리지원(자율) 3602백만원 / 3362-332 지방주도형투자·일자리지원 1565백만원
2503,산업용 유리제품(전자기기용 제외),전기장비,동양특수유리(주),경북,47,1,,없음,0.8,1.0,0.5,0.00214,0.856,188곳: 조명장치(143) · 발전기 및 전동기(45),3333-305 산업단지환경조성 409920백만원 / 3363-306 지역투자촉진 251347백만원 / 3363-307 지역투자촉진(세종) 5026백만원 / 3362-301 지방주도형투자·일자리지원(자율) 3602백만원 / 3362-332 지방주도형투자·일자리지원 1565백만원
2503,산업용 유리제품(전자기기용 제외),전기장비,엔앤시글라스텍(주),경북,30,1,,없음,0.8,1.0,0.5,0.00214,0.856,188곳: 조명장치(143) · 발전기 및 전동기(45),3333-305 산업단지환경조성 409920백만원 / 3363-306 지역투자촉진 251347백만원 / 3363-307 지역투자촉진(세종) 5026백만원 / 3362-301 지방주도형투자·일자리지원(자율) 3602백만원 / 3362-332 지방주도형투자·일자리지원 1565백만원
2503,산업용 유리제품(전자기기용 제외),전기장비,천마HI-TECH,경북,36,1,,없음,0.8,1.0,0.5,0.00214,0.856,188곳: 조명장치(143) · 발전기 및 전동기(45),3333-305 산업단지환경조성 409920백만원 / 3363-306 지역투자촉진 251347백만원 / 3363-307 지역투자촉진(세종) 5026백만원 / 3362-301 지방주도형투자·일자리지원(자율) 3602백만원 / 3362-332 지방주도형투자·일자리지원 1565백만원
2503,산업용 유리제품(전자기기용 제외),전기장비,케이브이머티리얼즈(주),경북,293,1,,없음,0.8,1.0,0.5,0.00214,0.856,188곳: 조명장치(143) · 발전기 및 전동기(45),3333-305 산업단지환경조성 409920백만원 / 3363-306 지역투자촉진 251347백만원 / 3363-307 지역투자촉진(세종) 5026백만원 / 3362-301 지방주도형투자·일자리지원(자율) 3602백만원 / 3362-332 지방주도형투자·일자리지원 1565백만원
2503,산업용 유리제품(전자기기용 제외),전기장비,(주)비젼테크,충북,53,1,,없음,1.0,0.75,0.5,0.00214,0.802,188곳: 조명장치(143) · 발전기 및 전동기(45),3333-305 산업단지환경조성 409920백만원 / 3363-306 지역투자촉진 251347백만원 / 3363-307 지역투자촉진(세종) 5026백만원 / 3362-301 지방주도형투자·일자리지원(자율) 3602백만원 / 3362-332 지방주도형투자·일자리지원 1565백만원
2503,산업용 유리제품(전자기기용 제외),전기장비,영신쿼츠(주),충북,96,1,,없음,1.0,0.75,0.5,0.00214,0.802,188곳: 조명장치(143) · 발전기 및 전동기(45),3333-305 산업단지환경조성 409920백만원 / 3363-306 지역투자촉진 251347백만원 / 3363-307 지역투자촉진(세종) 5026백만원 / 3362-301 지방주도형투자·일자리지원(자율) 3602백만원 / 3362-332 지방주도형투자·일자리지원 1565백만원
2503,산업용 유리제품(전자기기용 제외),전기장비,(주)케이씨엠티 2공장,울산,46,1,,없음,0.8,0.9,0.5,0.00214,0.77,188곳: 조명장치(143) · 발전기 및 전동기(45),3333-305 산업단지환경조성 409920백만원 / 3363-306 지역투자촉진 251347백만원 / 3363-307 지역투자촉진(세종) 5026백만원 / 3362-301 지방주도형투자·일자리지원(자율) 3602백만원 / 3362-332 지방주도형투자·일자리지원 1565백만원
3209,기타 전자표시장치,일반기계,(주)도우인시스,충북,300,1,,없음,0.8,0.75,0.5,0.00248,0.744,85곳: 산업용 로봇(85) · 가정용 냉장고 및 냉동고(0),3333-305 산업단지환경조성 409920백만원 / 3363-306 지역투자촉진 251347백만원 / 3363-307 지역투자촉진(세종) 5026백만원 / 3362-301 지방주도형투자·일자리지원(자율) 3602백만원 / 3362-332 지방주도형투자·일자리지원 1565백만원
3209,기타 전자표시장치,일반기계,(주)케이엔더블유,경기,101,1,,없음,1.0,0.6,0.5,0.00248,0.744,85곳: 산업용 로봇(85) · 가정용 냉장고 및 냉동고(0),3333-305 산업단지환경조성 409920백만원 / 3363-306 지역투자촉진 251347백만원 / 3363-307 지역투자촉진(세종) 5026백만원 / 3362-301 지방주도형투자·일자리지원(자율) 3602백만원 / 3362-332 지방주도형투자·일자리지원 1565백만원
3209,기타 전자표시장치,일반기계,(주)코아옵틱스,충남,30,1,,없음,0.8,0.75,0.5,0.00248,0.744,85곳: 산업용 로봇(85) · 가정용 냉장고 및 냉동고(0),3333-305 산업단지환경조성 409920백만원 / 3363-306 지역투자촉진 251347백만원 / 3363-307 지역투자촉진(세종) 5026백만원 / 3362-301 지방주도형투자·일자리지원(자율) 3602백만원 / 3362-332 지방주도형투자·일자리지원 1565백만원
3209,기타 전자표시장치,일반기계,에프엔에스테크(주),충남,30,1,,없음,0.8,0.75,0.5,0.00248,0.744,85곳: 산업용 로봇(85) · 가정용 냉장고 및 냉동고(0),3333-305 산업단지환경조성 409920백만원 / 3363-306 지역투자촉진 251347백만원 / 3363-307 지역투자촉진(세종) 5026백만원 / 3362-301 지방주도형투자·일자리지원(자율) 3602백만원 / 3362-332 지방주도형투자·일자리지원 1565백만원
3209,기타 전자표시장치,일반기계,피에스테크놀러지(주),경기,50,1,,없음,1.0,0.6,0.5,0.00248,0.744,85곳: 산업용 로봇(85) · 가정용 냉장고 및 냉동고(0),3333-305 산업단지환경조성 409920백만원 / 3363-306 지역투자촉진 251347백만원 / 3363-307 지역투자촉진(세종) 5026백만원 / 3362-301 지방주도형투자·일자리지원(자율) 3602백만원 / 3362-332 지방주도형투자·일자리지원 1565백만원
2503,산업용 유리제품(전자기기용 제외),전기장비,(주)와이원글라스,경기,82,1,,없음,1.0,0.6,0.5,0.00214,0.642,188곳: 조명장치(143) · 발전기 및 전동기(45),3333-305 산업단지환경조성 409920백만원 / 3363-306 지역투자촉진 251347백만원 / 3363-307 지역투자촉진(세종) 5026백만원 / 3362-301 지방주도형투자·일자리지원(자율) 3602백만원 / 3362-332 지방주도형투자·일자리지원 1565백만원
2503,산업용 유리제품(전자기기용 제외),전기장비,전기초자코리아 주식회사,경기,196,1,,없음,1.0,0.6,0.5,0.00214,0.642,188곳: 조명장치(143) · 발전기 및 전동기(45),3333-305 산업단지환경조성 409920백만원 / 3363-306 지역투자촉진 251347백만원 / 3363-307 지역투자촉진(세종) 5026백만원 / 3362-301 지방주도형투자·일자리지원(자율) 3602백만원 / 3362-332 지방주도형투자·일자리지원 1565백만원
3209,기타 전자표시장치,일반기계,(주)성산,경기,37,1,,없음,0.8,0.6,0.5,0.00248,0.595,85곳: 산업용 로봇(85) · 가정용 냉장고 및 냉동고(0),3333-305 산업단지환경조성 409920백만원 / 3363-306 지역투자촉진 251347백만원 / 3363-307 지역투자촉진(세종) 5026백만원 / 3362-301 지방주도형투자·일자리지원(자율) 3602백만원 / 3362-332 지방주도형투자·일자리지원 1565백만원
3209,기타 전자표시장치,일반기계,(주)아성,경기,43,1,,없음,0.8,0.6,0.5,0.00248,0.595,85곳: 산업용 로봇(85) · 가정용 냉장고 및 냉동고(0),3333-305 산업단지환경조성 409920백만원 / 3363-306 지역투자촉진 251347백만원 / 3363-307 지역투자촉진(세종) 5026백만원 / 3362-301 지방주도형투자·일자리지원(자율) 3602백만원 / 3362-332 지방주도형투자·일자리지원 1565백만원
3209,기타 전자표시장치,일반기계,(주)정진멀티테크놀로지,인천,48,1,,없음,0.8,0.6,0.5,0.00248,0.595,85곳: 산업용 로봇(85) · 가정용 냉장고 및 냉동고(0),3333-305 산업단지환경조성 409920백만원 / 3363-306 지역투자촉진 251347백만원 / 3363-307 지역투자촉진(세종) 5026백만원 / 3362-301 지방주도형투자·일자리지원(자율) 3602백만원 / 3362-332 지방주도형투자·일자리지원 1565백만원
3209,기타 전자표시장치,일반기계,주식회사 앤아이씨,경기,35,1,,없음,0.8,0.6,0.5,0.00248,0.595,85곳: 산업용 로봇(85) · 가정용 냉장고 및 냉동고(0),3333-305 산업단지환경조성 409920백만원 / 3363-306 지역투자촉진 251347백만원 / 3363-307 지역투자촉진(세종) 5026백만원 / 3362-301 지방주도형투자·일자리지원(자율) 3602백만원 / 3362-332 지방주도형투자·일자리지원 1565백만원
2503,산업용 유리제품(전자기기용 제외),전기장비,한국세큐리트(주),전북,150,1,,없음,1.0,0.5,0.5,0.00214,0.535,188곳: 조명장치(143) · 발전기 및 전동기(45),3333-305 산업단지환경조성 409920백만원 / 3363-306 지역투자촉진 251347백만원 / 3363-307 지역투자촉진(세종) 5026백만원 / 3362-301 지방주도형투자·일자리지원(자율) 3602백만원 / 3362-332 지방주도형투자·일자리지원 1565백만원
2503,산업용 유리제품(전자기기용 제외),전기장비,(주)LG화학 파주공장,경기,273,1,,없음,0.8,0.6,0.5,0.00214,0.514,188곳: 조명장치(143) · 발전기 및 전동기(45),3333-305 산업단지환경조성 409920백만원 / 3363-306 지역투자촉진 251347백만원 / 3363-307 지역투자촉진(세종) 5026백만원 / 3362-301 지방주도형투자·일자리지원(자율) 3602백만원 / 3362-332 지방주도형투자·일자리지원 1565백만원
2503,산업용 유리제품(전자기기용 제외),전기장비,(주)다산에이지,경기,34,1,,없음,0.8,0.6,0.5,0.00214,0.514,188곳: 조명장치(143) · 발전기 및 전동기(45),3333-305 산업단지환경조성 409920백만원 / 3363-306 지역투자촉진 251347백만원 / 3363-307 지역투자촉진(세종) 5026백만원 / 3362-301 지방주도형투자·일자리지원(자율) 3602백만원 / 3362-332 지방주도형투자·일자리지원 1565백만원
2503,산업용 유리제품(전자기기용 제외),전기장비,(주)에이엔텍,경기,32,1,,없음,0.8,0.6,0.5,0.00214,0.514,188곳: 조명장치(143) · 발전기 및 전동기(45),3333-305 산업단지환경조성 409920백만원 / 3363-306 지역투자촉진 251347백만원 / 3363-307 지역투자촉진(세종) 5026백만원 / 3362-301 지방주도형투자·일자리지원(자율) 3602백만원 / 3362-332 지방주도형투자·일자리지원 1565백만원
2503,산업용 유리제품(전자기기용 제외),전기장비,(주)영동복층유리,경기,34,1,,없음,0.8,0.6,0.5,0.00214,0.514,188곳: 조명장치(143) · 발전기 및 전동기(45),3333-305 산업단지환경조성 409920백만원 / 3363-306 지역투자촉진 251347백만원 / 3363-307 지역투자촉진(세종) 5026백만원 / 3362-301 지방주도형투자·일자리지원(자율) 3602백만원 / 3362-332 지방주도형투자·일자리지원 1565백만원
2503,산업용 유리제품(전자기기용 제외),전기장비,(주)큐엠,경기,33,1,,없음,0.8,0.6,0.5,0.00214,0.514,188곳: 조명장치(143) · 발전기 및 전동기(45),3333-305 산업단지환경조성 409920백만원 / 3363-306 지역투자촉진 251347백만원 / 3363-307 지역투자촉진(세종) 5026백만원 / 3362-301 지방주도형투자·일자리지원(자율) 3602백만원 / 3362-332 지방주도형투자·일자리지원 1565백만원
2503,산업용 유리제품(전자기기용 제외),전기장비,대흥오토테크(주),경기,37,1,,없음,0.8,0.6,0.5,0.00214,0.514,188곳: 조명장치(143) · 발전기 및 전동기(45),3333-305 산업단지환경조성 409920백만원 / 3363-306 지역투자촉진 251347백만원 / 3363-307 지역투자촉진(세종) 5026백만원 / 3362-301 지방주도형투자·일자리지원(자율) 3602백만원 / 3362-332 지방주도형투자·일자리지원 1565백만원
2503,산업용 유리제품(전자기기용 제외),전기장비,아반스트레이트코리아(주),경기,265,1,,없음,0.8,0.6,0.5,0.00214,0.514,188곳: 조명장치(143) · 발전기 및 전동기(45),3333-305 산업단지환경조성 409920백만원 / 3363-306 지역투자촉진 251347백만원 / 3363-307 지역투자촉진(세종) 5026백만원 / 3362-301 지방주도형투자·일자리지원(자율) 3602백만원 / 3362-332 지방주도형투자·일자리지원 1565백만원
2503,산업용 유리제품(전자기기용 제외),전기장비,주식회사 진성큐엔에스,경기,30,1,,없음,0.8,0.6,0.5,0.00214,0.514,188곳: 조명장치(143) · 발전기 및 전동기(45),3333-305 산업단지환경조성 409920백만원 / 3363-306 지역투자촉진 251347백만원 / 3363-307 지역투자촉진(세종) 5026백만원 / 3362-301 지방주도형투자·일자리지원(자율) 3602백만원 / 3362-332 지방주도형투자·일자리지원 1565백만원
2503,산업용 유리제품(전자기기용 제외),전기장비,파주전기초자(주),경기,226,1,,없음,0.8,0.6,0.5,0.00214,0.514,188곳: 조명장치(143) · 발전기 및 전동기(45),3333-305 산업단지환경조성 409920백만원 / 3363-306 지역투자촉진 251347백만원 / 3363-307 지역투자촉진(세종) 5026백만원 / 3362-301 지방주도형투자·일자리지원(자율) 3602백만원 / 3362-332 지방주도형투자·일자리지원 1565백만원
2503,산업용 유리제품(전자기기용 제외),전기장비,해창테크(주),경기,38,1,,없음,0.8,0.6,0.5,0.00214,0.514,188곳: 조명장치(143) · 발전기 및 전동기(45),3333-305 산업단지환경조성 409920백만원 / 3363-306 지역투자촉진 251347백만원 / 3363-307 지역투자촉진(세종) 5026백만원 / 3362-301 지방주도형투자·일자리지원(자율) 3602백만원 / 3362-332 지방주도형투자·일자리지원 1565백만원
