fyr,waLafHgNm,lafCd,lafHgNm,fldCd,fldNm,sectCd,sectNm,epAmt
2024,대구,2700000,대구본청,010,일반공공행정,011,입법및선거관리,6216986139
2024,대구,2700000,대구본청,010,일반공공행정,016,일반행정,92251394512
2024,대구,2700000,대구본청,010,일반공공행정,014,재정ㆍ금융,187069525899
2024,대구,2700000,대구본청,010,일반공공행정,013,지방행정ㆍ재정지원,81276306171
2024,대구,2700000,대구본청,020,공공질서및안전,023,경찰,5167378470
2024,대구,2700000,대구본청,020,공공질서및안전,026,소방,76006161422
2024,대구,2700000,대구본청,020,공공질서및안전,025,재난방재ㆍ민방위,135311380845
2024,대구,2700000,대구본청,050,교육,051,유아및초중등교육,517657828407
2024,대구,2700000,대구본청,050,교육,053,평생ㆍ직업교육,1781628800
2024,대구,2700000,대구본청,050,교육,052,고등교육,23695189990
2024,대구,2700000,대구본청,060,문화및관광,061,문화예술,167840660939
2024,대구,2700000,대구본청,060,문화및관광,064,문화재,37061526013
2024,대구,2700000,대구본청,060,문화및관광,063,체육,88385268168
2024,대구,2700000,대구본청,060,문화및관광,062,관광,15490671850
2024,대구,2700000,대구본청,070,환경,071,상하수도ㆍ수질,404385541499
2024,대구,2700000,대구본청,070,환경,076,환경보호일반,19556402036
2024,대구,2700000,대구본청,070,환경,074,자연,5883536960
2024,대구,2700000,대구본청,070,환경,073,대기,26541134766
2024,대구,2700000,대구본청,070,환경,072,폐기물,67146290054
2024,대구,2700000,대구본청,080,사회복지,081,기초생활보장,809551490020
2024,대구,2700000,대구본청,080,사회복지,087,보훈,2489415840
2024,대구,2700000,대구본청,080,사회복지,086,노동,24015895240
2024,대구,2700000,대구본청,080,사회복지,085,노인ㆍ청소년,189213423420
2024,대구,2700000,대구본청,080,사회복지,084,보육ㆍ가족및여성,45173242420
2024,대구,2700000,대구본청,080,사회복지,082,취약계층지원,85508874590
2024,대구,2700000,대구본청,090,보건,091,보건의료,62256218770
2024,대구,2700000,대구본청,090,보건,093,식품의약안전,3582338417
2024,대구,2700000,대구본청,100,농림해양수산,101,농업ㆍ농촌,29296766092
2024,대구,2700000,대구본청,100,농림해양수산,102,임업ㆍ산촌,27825812362
2024,대구,2700000,대구본청,110,산업ㆍ중소기업및에너지,111,산업금융지원,98114557660
2024,대구,2700000,대구본청,110,산업ㆍ중소기업및에너지,116,산업ㆍ중소기업일반,1470078290
2024,대구,2700000,대구본청,110,산업ㆍ중소기업및에너지,115,에너지및자원개발,13523791444
2024,대구,2700000,대구본청,110,산업ㆍ중소기업및에너지,114,산업진흥ㆍ고도화,211860282791
2024,대구,2700000,대구본청,110,산업ㆍ중소기업및에너지,113,무역및투자유치,89492120388
2024,대구,2700000,대구본청,110,산업ㆍ중소기업및에너지,112,산업기술지원,49311082890
2024,대구,2700000,대구본청,120,교통및물류,121,도로,166111844809
2024,대구,2700000,대구본청,120,교통및물류,126,대중교통ㆍ물류등기타,446793128905
2024,대구,2700000,대구본청,120,교통및물류,125,항공ㆍ공항,5248305280
2024,대구,2700000,대구본청,120,교통및물류,123,도시철도,356676709000
2024,대구,2700000,대구본청,140,국토및지역개발,141,수자원,6482097375
2024,대구,2700000,대구본청,140,국토및지역개발,143,산업단지,9182394279
2024,대구,2700000,대구본청,140,국토및지역개발,142,지역및도시,124847394371
2024,대구,2700000,대구본청,150,과학기술,152,과학기술연구지원,22835002680
2024,대구,2700000,대구본청,160,예비비,161,예비비,0
2024,대구,2700000,대구본청,900,기타,901,기타,826959134508
2024,대구,2711000,대구중구,010,일반공공행정,011,입법및선거관리,584487860
2024,대구,2711000,대구중구,010,일반공공행정,016,일반행정,23131276120
2024,대구,2711000,대구중구,010,일반공공행정,014,재정ㆍ금융,9145111891
2024,대구,2711000,대구중구,010,일반공공행정,013,지방행정ㆍ재정지원,534814720
2024,대구,2711000,대구중구,020,공공질서및안전,025,재난방재ㆍ민방위,3055259150
2024,대구,2711000,대구중구,050,교육,051,유아및초중등교육,1685025291
2024,대구,2711000,대구중구,050,교육,053,평생ㆍ직업교육,41385210
2024,대구,2711000,대구중구,060,문화및관광,061,문화예술,5251052313
2024,대구,2711000,대구중구,060,문화및관광,064,문화재,410758740
2024,대구,2711000,대구중구,060,문화및관광,063,체육,1773747190
2024,대구,2711000,대구중구,060,문화및관광,062,관광,3938818867
2024,대구,2711000,대구중구,070,환경,071,상하수도ㆍ수질,108435138
2024,대구,2711000,대구중구,070,환경,073,대기,298436102
2024,대구,2711000,대구중구,070,환경,072,폐기물,10186459779
2024,대구,2711000,대구중구,080,사회복지,081,기초생활보장,20468686408
2024,대구,2711000,대구중구,080,사회복지,089,사회복지일반,83423330
2024,대구,2711000,대구중구,080,사회복지,088,주택,6616849000
2024,대구,2711000,대구중구,080,사회복지,087,보훈,1406646901
2024,대구,2711000,대구중구,080,사회복지,086,노동,1790274990
2024,대구,2711000,대구중구,080,사회복지,085,노인ㆍ청소년,71398437888
2024,대구,2711000,대구중구,080,사회복지,084,보육ㆍ가족및여성,35473306286
2024,대구,2711000,대구중구,080,사회복지,082,취약계층지원,37165353828
2024,대구,2711000,대구중구,090,보건,091,보건의료,8057239255
2024,대구,2711000,대구중구,090,보건,093,식품의약안전,456085748
2024,대구,2711000,대구중구,100,농림해양수산,101,농업ㆍ농촌,188716100
2024,대구,2711000,대구중구,110,산업ㆍ중소기업및에너지,114,산업진흥ㆍ고도화,4847106839
2024,대구,2711000,대구중구,110,산업ㆍ중소기업및에너지,115,에너지및자원개발,76779779
2024,대구,2711000,대구중구,120,교통및물류,121,도로,5487409559
2024,대구,2711000,대구중구,120,교통및물류,126,대중교통ㆍ물류등기타,1889060886
2024,대구,2711000,대구중구,140,국토및지역개발,142,지역및도시,20292875255
2024,대구,2711000,대구중구,160,예비비,161,예비비,0
2024,대구,2711000,대구중구,900,기타,901,기타,67990354105
2024,대구,2712000,대구동구,010,일반공공행정,011,입법및선거관리,1405492101
2024,대구,2712000,대구동구,010,일반공공행정,016,일반행정,28165433016
2024,대구,2712000,대구동구,010,일반공공행정,013,지방행정ㆍ재정지원,1115285000
2024,대구,2712000,대구동구,020,공공질서및안전,025,재난방재ㆍ민방위,5204184090
2024,대구,2712000,대구동구,050,교육,053,평생ㆍ직업교육,7134445225
2024,대구,2712000,대구동구,060,문화및관광,061,문화예술,13782472960
2024,대구,2712000,대구동구,060,문화및관광,065,문화및관광일반,151563180
2024,대구,2712000,대구동구,060,문화및관광,064,문화재,22082079190
2024,대구,2712000,대구동구,060,문화및관광,063,체육,8181972980
2024,대구,2712000,대구동구,070,환경,072,폐기물,24808441465
2024,대구,2712000,대구동구,070,환경,076,환경보호일반,27007225683
2024,대구,2712000,대구동구,080,사회복지,081,기초생활보장,131606348164
2024,대구,2712000,대구동구,080,사회복지,089,사회복지일반,17286306598
2024,대구,2712000,대구동구,080,사회복지,086,노동,3579403080
2024,대구,2712000,대구동구,080,사회복지,085,노인ㆍ청소년,276713215638
2024,대구,2712000,대구동구,080,사회복지,084,보육ㆍ가족및여성,106047696350
2024,대구,2712000,대구동구,080,사회복지,082,취약계층지원,83183231218
2024,대구,2712000,대구동구,090,보건,091,보건의료,21162179813
2024,대구,2712000,대구동구,090,보건,093,식품의약안전,1203960730
2024,대구,2712000,대구동구,100,농림해양수산,101,농업ㆍ농촌,5175833208
2024,대구,2712000,대구동구,110,산업ㆍ중소기업및에너지,114,산업진흥ㆍ고도화,2587723170
2024,대구,2712000,대구동구,110,산업ㆍ중소기업및에너지,115,에너지및자원개발,823721810
2024,대구,2712000,대구동구,120,교통및물류,121,도로,11868252760
2024,대구,2712000,대구동구,120,교통및물류,126,대중교통ㆍ물류등기타,19812481783
2024,대구,2712000,대구동구,140,국토및지역개발,141,수자원,14894358160
2024,대구,2712000,대구동구,140,국토및지역개발,142,지역및도시,29232428020
2024,대구,2712000,대구동구,160,예비비,161,예비비,0
2024,대구,2712000,대구동구,900,기타,901,기타,111437972863
2024,대구,2713000,대구서구,010,일반공공행정,011,입법및선거관리,662700090
2024,대구,2713000,대구서구,010,일반공공행정,016,일반행정,28022138844
2024,대구,2713000,대구서구,010,일반공공행정,014,재정ㆍ금융,6666788675
2024,대구,2713000,대구서구,010,일반공공행정,013,지방행정ㆍ재정지원,693337180
2024,대구,2713000,대구서구,020,공공질서및안전,025,재난방재ㆍ민방위,4346416059
2024,대구,2713000,대구서구,050,교육,051,유아및초중등교육,4175225500
2024,대구,2713000,대구서구,050,교육,053,평생ㆍ직업교육,699616630
2024,대구,2713000,대구서구,060,문화및관광,061,문화예술,11130497285
2024,대구,2713000,대구서구,060,문화및관광,063,체육,7322469168
2024,대구,2713000,대구서구,070,환경,071,상하수도ㆍ수질,1470585819
2024,대구,2713000,대구서구,070,환경,076,환경보호일반,114938895
2024,대구,2713000,대구서구,070,환경,073,대기,1126177590
2024,대구,2713000,대구서구,070,환경,072,폐기물,12143422630
2024,대구,2713000,대구서구,080,사회복지,081,기초생활보장,96004458510
2024,대구,2713000,대구서구,080,사회복지,087,보훈,6534155210
2024,대구,2713000,대구서구,080,사회복지,086,노동,1261204510
2024,대구,2713000,대구서구,080,사회복지,085,노인ㆍ청소년,169033626360
2024,대구,2713000,대구서구,080,사회복지,084,보육ㆍ가족및여성,16854357088
2024,대구,2713000,대구서구,080,사회복지,082,취약계층지원,82763020170
2024,대구,2713000,대구서구,090,보건,091,보건의료,9500817260
2024,대구,2713000,대구서구,090,보건,093,식품의약안전,815958510
2024,대구,2713000,대구서구,100,농림해양수산,101,농업ㆍ농촌,284722550
2024,대구,2713000,대구서구,100,농림해양수산,102,임업ㆍ산촌,2828054970
2024,대구,2713000,대구서구,110,산업ㆍ중소기업및에너지,114,산업진흥ㆍ고도화,1942552293
2024,대구,2713000,대구서구,110,산업ㆍ중소기업및에너지,115,에너지및자원개발,254528890
2024,대구,2713000,대구서구,120,교통및물류,121,도로,7270714380
2024,대구,2713000,대구서구,120,교통및물류,126,대중교통ㆍ물류등기타,3678823736
2024,대구,2713000,대구서구,140,국토및지역개발,142,지역및도시,26336886760
2024,대구,2713000,대구서구,160,예비비,161,예비비,0
2024,대구,2713000,대구서구,900,기타,901,기타,78073509633
2024,대구,2714000,대구남구,010,일반공공행정,016,일반행정,79938649090
2024,대구,2714000,대구남구,010,일반공공행정,014,재정ㆍ금융,378416740
2024,대구,2714000,대구남구,010,일반공공행정,013,지방행정ㆍ재정지원,749970040
2024,대구,2714000,대구남구,010,일반공공행정,011,입법및선거관리,647217170
2024,대구,2714000,대구남구,020,공공질서및안전,025,재난방재ㆍ민방위,1130196380
2024,대구,2714000,대구남구,050,교육,051,유아및초중등교육,2508338240
2024,대구,2714000,대구남구,050,교육,053,평생ㆍ직업교육,778334190
2024,대구,2714000,대구남구,050,교육,052,고등교육,428820080
2024,대구,2714000,대구남구,060,문화및관광,061,문화예술,2772492350
2024,대구,2714000,대구남구,060,문화및관광,064,문화재,497952950
2024,대구,2714000,대구남구,060,문화및관광,063,체육,3057389240
2024,대구,2714000,대구남구,060,문화및관광,062,관광,2563778482
2024,대구,2714000,대구남구,070,환경,071,상하수도ㆍ수질,1107798350
2024,대구,2714000,대구남구,070,환경,076,환경보호일반,34843370
2024,대구,2714000,대구남구,070,환경,073,대기,536735390
2024,대구,2714000,대구남구,070,환경,072,폐기물,13057473620
2024,대구,2714000,대구남구,080,사회복지,081,기초생활보장,89812058670
2024,대구,2714000,대구남구,080,사회복지,087,보훈,1728925110
2024,대구,2714000,대구남구,080,사회복지,086,노동,7382305290
2024,대구,2714000,대구남구,080,사회복지,085,노인ㆍ청소년,128701396770
2024,대구,2714000,대구남구,080,사회복지,084,보육ㆍ가족및여성,37496619035
2024,대구,2714000,대구남구,080,사회복지,082,취약계층지원,58101421552
2024,대구,2714000,대구남구,090,보건,091,보건의료,10589411430
2024,대구,2714000,대구남구,090,보건,093,식품의약안전,577669200
2024,대구,2714000,대구남구,100,농림해양수산,101,농업ㆍ농촌,179206790
2024,대구,2714000,대구남구,110,산업ㆍ중소기업및에너지,114,산업진흥ㆍ고도화,992561720
2024,대구,2714000,대구남구,110,산업ㆍ중소기업및에너지,115,에너지및자원개발,42160690
2024,대구,2714000,대구남구,120,교통및물류,121,도로,3983459480
2024,대구,2714000,대구남구,120,교통및물류,126,대중교통ㆍ물류등기타,3932813210
2024,대구,2714000,대구남구,140,국토및지역개발,142,지역및도시,7347897784
2024,대구,2714000,대구남구,160,예비비,161,예비비,0
2024,대구,2714000,대구남구,900,기타,901,기타,73777775471
2024,대구,2715000,대구북구,010,일반공공행정,011,입법및선거관리,1489667650
2024,대구,2715000,대구북구,010,일반공공행정,016,일반행정,34627562980
2024,대구,2715000,대구북구,010,일반공공행정,013,지방행정ㆍ재정지원,1122076980
2024,대구,2715000,대구북구,020,공공질서및안전,025,재난방재ㆍ민방위,2761294030
2024,대구,2715000,대구북구,050,교육,051,유아및초중등교육,5823374590
2024,대구,2715000,대구북구,050,교육,053,평생ㆍ직업교육,672214094
2024,대구,2715000,대구북구,060,문화및관광,061,문화예술,17430371370
2024,대구,2715000,대구북구,060,문화및관광,065,문화및관광일반,60948060
2024,대구,2715000,대구북구,060,문화및관광,064,문화재,2811719590
2024,대구,2715000,대구북구,060,문화및관광,063,체육,11032437508
2024,대구,2715000,대구북구,060,문화및관광,062,관광,593666450
2024,대구,2715000,대구북구,070,환경,071,상하수도ㆍ수질,501157732
2024,대구,2715000,대구북구,070,환경,076,환경보호일반,3317918120
2024,대구,2715000,대구북구,070,환경,073,대기,1643765771
2024,대구,2715000,대구북구,070,환경,072,폐기물,35714187687
2024,대구,2715000,대구북구,080,사회복지,081,기초생활보장,123963611484
2024,대구,2715000,대구북구,080,사회복지,087,보훈,3302281100
2024,대구,2715000,대구북구,080,사회복지,086,노동,2362632020
2024,대구,2715000,대구북구,080,사회복지,085,노인ㆍ청소년,237672539192
2024,대구,2715000,대구북구,080,사회복지,084,보육ㆍ가족및여성,154451578599
2024,대구,2715000,대구북구,080,사회복지,082,취약계층지원,79873027560
2024,대구,2715000,대구북구,090,보건,091,보건의료,21205097024
2024,대구,2715000,대구북구,090,보건,093,식품의약안전,1123475126
2024,대구,2715000,대구북구,100,농림해양수산,101,농업ㆍ농촌,2082933624
2024,대구,2715000,대구북구,100,농림해양수산,102,임업ㆍ산촌,3496119850
2024,대구,2715000,대구북구,110,산업ㆍ중소기업및에너지,116,산업ㆍ중소기업일반,4879481862
2024,대구,2715000,대구북구,120,교통및물류,121,도로,18352240010
2024,대구,2715000,대구북구,120,교통및물류,126,대중교통ㆍ물류등기타,11570451819
2024,대구,2715000,대구북구,140,국토및지역개발,141,수자원,5794129500
2024,대구,2715000,대구북구,140,국토및지역개발,142,지역및도시,26937557300
2024,대구,2715000,대구북구,160,예비비,161,예비비,0
2024,대구,2715000,대구북구,900,기타,901,기타,117213906587
2024,대구,2716000,대구수성구,010,일반공공행정,011,입법및선거관리,2213153670
2024,대구,2716000,대구수성구,010,일반공공행정,016,일반행정,34909553309
2024,대구,2716000,대구수성구,010,일반공공행정,013,지방행정ㆍ재정지원,1637551970
2024,대구,2716000,대구수성구,020,공공질서및안전,025,재난방재ㆍ민방위,7394486937
2024,대구,2716000,대구수성구,050,교육,051,유아및초중등교육,8529390990
2024,대구,2716000,대구수성구,050,교육,053,평생ㆍ직업교육,3257354483
2024,대구,2716000,대구수성구,060,문화및관광,061,문화예술,21427673380
2024,대구,2716000,대구수성구,060,문화및관광,064,문화재,840719360
2024,대구,2716000,대구수성구,060,문화및관광,063,체육,15193830038
2024,대구,2716000,대구수성구,060,문화및관광,062,관광,1490094585
2024,대구,2716000,대구수성구,070,환경,071,상하수도ㆍ수질,65508710
2024,대구,2716000,대구수성구,070,환경,076,환경보호일반,1740176842
2024,대구,2716000,대구수성구,070,환경,073,대기,1175944630
2024,대구,2716000,대구수성구,070,환경,072,폐기물,27609110984
2024,대구,2716000,대구수성구,080,사회복지,081,기초생활보장,107297499556
2024,대구,2716000,대구수성구,080,사회복지,087,보훈,3821579260
2024,대구,2716000,대구수성구,080,사회복지,086,노동,6382683995
2024,대구,2716000,대구수성구,080,사회복지,085,노인ㆍ청소년,196826065879
2024,대구,2716000,대구수성구,080,사회복지,084,보육ㆍ가족및여성,141286875850
2024,대구,2716000,대구수성구,080,사회복지,082,취약계층지원,80855690440
2024,대구,2716000,대구수성구,090,보건,091,보건의료,19542816317
2024,대구,2716000,대구수성구,090,보건,093,식품의약안전,1011922060
2024,대구,2716000,대구수성구,100,농림해양수산,101,농업ㆍ농촌,1950636910
2024,대구,2716000,대구수성구,100,농림해양수산,102,임업ㆍ산촌,6215269000
2024,대구,2716000,대구수성구,110,산업ㆍ중소기업및에너지,114,산업진흥ㆍ고도화,8717492496
2024,대구,2716000,대구수성구,110,산업ㆍ중소기업및에너지,116,산업ㆍ중소기업일반,56167980
2024,대구,2716000,대구수성구,110,산업ㆍ중소기업및에너지,115,에너지및자원개발,238707510
2024,대구,2716000,대구수성구,120,교통및물류,121,도로,12605370578
2024,대구,2716000,대구수성구,120,교통및물류,126,대중교통ㆍ물류등기타,4382028740
2024,대구,2716000,대구수성구,140,국토및지역개발,141,수자원,4557672249
2024,대구,2716000,대구수성구,140,국토및지역개발,142,지역및도시,19901694538
2024,대구,2716000,대구수성구,160,예비비,161,예비비,0
2024,대구,2716000,대구수성구,900,기타,901,기타,116026680923
2024,대구,2717000,대구달서구,010,일반공공행정,011,입법및선거관리,1896224948
2024,대구,2717000,대구달서구,010,일반공공행정,016,일반행정,49050198095
2024,대구,2717000,대구달서구,010,일반공공행정,013,지방행정ㆍ재정지원,1455438739
2024,대구,2717000,대구달서구,020,공공질서및안전,025,재난방재ㆍ민방위,6334465290
2024,대구,2717000,대구달서구,050,교육,051,유아및초중등교육,8525745970
2024,대구,2717000,대구달서구,050,교육,053,평생ㆍ직업교육,1003150140
2024,대구,2717000,대구달서구,060,문화및관광,061,문화예술,11737046982
2024,대구,2717000,대구달서구,060,문화및관광,063,체육,6512303666
2024,대구,2717000,대구달서구,070,환경,071,상하수도ㆍ수질,4917780256
2024,대구,2717000,대구달서구,070,환경,076,환경보호일반,2948012169
2024,대구,2717000,대구달서구,070,환경,073,대기,1118495635
2024,대구,2717000,대구달서구,070,환경,072,폐기물,32526247797
2024,대구,2717000,대구달서구,080,사회복지,081,기초생활보장,184271256260
2024,대구,2717000,대구달서구,080,사회복지,089,사회복지일반,1318058910
2024,대구,2717000,대구달서구,080,사회복지,087,보훈,4241154970
2024,대구,2717000,대구달서구,080,사회복지,086,노동,5051924773
2024,대구,2717000,대구달서구,080,사회복지,085,노인ㆍ청소년,291127131056
2024,대구,2717000,대구달서구,080,사회복지,084,보육ㆍ가족및여성,179930518315
2024,대구,2717000,대구달서구,080,사회복지,082,취약계층지원,109777408840
2024,대구,2717000,대구달서구,090,보건,091,보건의료,27124296979
2024,대구,2717000,대구달서구,090,보건,093,식품의약안전,1662157363
2024,대구,2717000,대구달서구,100,농림해양수산,101,농업ㆍ농촌,1270930595
2024,대구,2717000,대구달서구,100,농림해양수산,102,임업ㆍ산촌,2225311880
2024,대구,2717000,대구달서구,110,산업ㆍ중소기업및에너지,114,산업진흥ㆍ고도화,5415524830
2024,대구,2717000,대구달서구,110,산업ㆍ중소기업및에너지,115,에너지및자원개발,1582969600
2024,대구,2717000,대구달서구,120,교통및물류,121,도로,11700486423
2024,대구,2717000,대구달서구,120,교통및물류,126,대중교통ㆍ물류등기타,18773923688
2024,대구,2717000,대구달서구,140,국토및지역개발,142,지역및도시,38270638843
2024,대구,2717000,대구달서구,160,예비비,161,예비비,0
2024,대구,2717000,대구달서구,900,기타,901,기타,130924905046
2024,대구,2771000,대구달성군,010,일반공공행정,011,입법및선거관리,1590439833
2024,대구,2771000,대구달성군,010,일반공공행정,016,일반행정,24087358264
2024,대구,2771000,대구달성군,010,일반공공행정,013,지방행정ㆍ재정지원,22694625204
2024,대구,2771000,대구달성군,020,공공질서및안전,025,재난방재ㆍ민방위,2911692120
2024,대구,2771000,대구달성군,050,교육,051,유아및초중등교육,19687652960
2024,대구,2771000,대구달성군,050,교육,053,평생ㆍ직업교육,6037853710
2024,대구,2771000,대구달성군,060,문화및관광,061,문화예술,27233730770
2024,대구,2771000,대구달성군,060,문화및관광,065,문화및관광일반,26314706600
2024,대구,2771000,대구달성군,060,문화및관광,064,문화재,6018981000
2024,대구,2771000,대구달성군,060,문화및관광,063,체육,12231390240
2024,대구,2771000,대구달성군,060,문화및관광,062,관광,13943205460
2024,대구,2771000,대구달성군,070,환경,071,상하수도ㆍ수질,1012447550
2024,대구,2771000,대구달성군,070,환경,074,자연,322315920
2024,대구,2771000,대구달성군,070,환경,073,대기,1727147310
2024,대구,2771000,대구달성군,070,환경,072,폐기물,25454951585
2024,대구,2771000,대구달성군,080,사회복지,081,기초생활보장,69649920940
2024,대구,2771000,대구달성군,080,사회복지,087,보훈,4055367740
2024,대구,2771000,대구달성군,080,사회복지,086,노동,2018032650
2024,대구,2771000,대구달성군,080,사회복지,085,노인ㆍ청소년,143225373670
2024,대구,2771000,대구달성군,080,사회복지,084,보육ㆍ가족및여성,121121023090
2024,대구,2771000,대구달성군,080,사회복지,082,취약계층지원,87192357160
2024,대구,2771000,대구달성군,090,보건,091,보건의료,26003884114
2024,대구,2771000,대구달성군,090,보건,093,식품의약안전,872733070
2024,대구,2771000,대구달성군,100,농림해양수산,101,농업ㆍ농촌,41167223680
2024,대구,2771000,대구달성군,100,농림해양수산,102,임업ㆍ산촌,18919116720
2024,대구,2771000,대구달성군,110,산업ㆍ중소기업및에너지,113,무역및투자유치,1224437000
2024,대구,2771000,대구달성군,110,산업ㆍ중소기업및에너지,116,산업ㆍ중소기업일반,1598585770
2024,대구,2771000,대구달성군,110,산업ㆍ중소기업및에너지,115,에너지및자원개발,3455801580
2024,대구,2771000,대구달성군,110,산업ㆍ중소기업및에너지,114,산업진흥ㆍ고도화,1347646500
2024,대구,2771000,대구달성군,120,교통및물류,121,도로,64047798550
2024,대구,2771000,대구달성군,120,교통및물류,126,대중교통ㆍ물류등기타,18543140796
2024,대구,2771000,대구달성군,140,국토및지역개발,141,수자원,14173786530
2024,대구,2771000,대구달성군,140,국토및지역개발,143,산업단지,48352500
2024,대구,2771000,대구달성군,140,국토및지역개발,142,지역및도시,42869712976
2024,대구,2771000,대구달성군,160,예비비,161,예비비,0
2024,대구,2771000,대구달성군,900,기타,901,기타,156522101361
2024,대구,2772000,대구군위군,010,일반공공행정,011,입법및선거관리,832480700
2024,대구,2772000,대구군위군,010,일반공공행정,016,일반행정,30714795508
2024,대구,2772000,대구군위군,010,일반공공행정,014,재정ㆍ금융,25559761250
2024,대구,2772000,대구군위군,010,일반공공행정,013,지방행정ㆍ재정지원,1130333894
2024,대구,2772000,대구군위군,020,공공질서및안전,025,재난방재ㆍ민방위,30882170232
2024,대구,2772000,대구군위군,020,공공질서및안전,026,소방,251656540
2024,대구,2772000,대구군위군,050,교육,051,유아및초중등교육,1378395580
2024,대구,2772000,대구군위군,050,교육,053,평생ㆍ직업교육,45412460
2024,대구,2772000,대구군위군,060,문화및관광,061,문화예술,3652175918
2024,대구,2772000,대구군위군,060,문화및관광,064,문화재,3227421920
2024,대구,2772000,대구군위군,060,문화및관광,063,체육,5599144783
2024,대구,2772000,대구군위군,060,문화및관광,062,관광,14305053880
2024,대구,2772000,대구군위군,070,환경,071,상하수도ㆍ수질,21639092724
2024,대구,2772000,대구군위군,070,환경,074,자연,644618970
2024,대구,2772000,대구군위군,070,환경,073,대기,1186975490
2024,대구,2772000,대구군위군,070,환경,072,폐기물,5048901950
2024,대구,2772000,대구군위군,080,사회복지,081,기초생활보장,4998393020
2024,대구,2772000,대구군위군,080,사회복지,089,사회복지일반,4405722720
2024,대구,2772000,대구군위군,080,사회복지,088,주택,858734640
2024,대구,2772000,대구군위군,080,사회복지,087,보훈,1541325420
2024,대구,2772000,대구군위군,080,사회복지,086,노동,424574920
2024,대구,2772000,대구군위군,080,사회복지,085,노인ㆍ청소년,42062026948
2024,대구,2772000,대구군위군,080,사회복지,084,보육ㆍ가족및여성,6101768390
2024,대구,2772000,대구군위군,080,사회복지,082,취약계층지원,5719027250
2024,대구,2772000,대구군위군,090,보건,091,보건의료,5503005414
2024,대구,2772000,대구군위군,090,보건,093,식품의약안전,225586722
2024,대구,2772000,대구군위군,100,농림해양수산,101,농업ㆍ농촌,100447192156
2024,대구,2772000,대구군위군,100,농림해양수산,102,임업ㆍ산촌,18339288214
2024,대구,2772000,대구군위군,110,산업ㆍ중소기업및에너지,114,산업진흥ㆍ고도화,949440607
2024,대구,2772000,대구군위군,110,산업ㆍ중소기업및에너지,115,에너지및자원개발,1651230570
2024,대구,2772000,대구군위군,120,교통및물류,121,도로,14712434954
2024,대구,2772000,대구군위군,120,교통및물류,126,대중교통ㆍ물류등기타,4033263600
2024,대구,2772000,대구군위군,140,국토및지역개발,141,수자원,762106990
2024,대구,2772000,대구군위군,140,국토및지역개발,143,산업단지,436629002
2024,대구,2772000,대구군위군,140,국토및지역개발,142,지역및도시,14439444177
2024,대구,2772000,대구군위군,160,예비비,161,예비비,0
2024,대구,2772000,대구군위군,900,기타,901,기타,51214586104
2023,대구,2700000,대구본청,010,일반공공행정,011,입법및선거관리,6027803820
2023,대구,2700000,대구본청,010,일반공공행정,016,일반행정,80204692537
2023,대구,2700000,대구본청,010,일반공공행정,014,재정ㆍ금융,117984854791
2023,대구,2700000,대구본청,010,일반공공행정,013,지방행정ㆍ재정지원,2244220430
2023,대구,2700000,대구본청,020,공공질서및안전,023,경찰,5147230110
2023,대구,2700000,대구본청,020,공공질서및안전,026,소방,97629351383
2023,대구,2700000,대구본청,020,공공질서및안전,025,재난방재ㆍ민방위,86704872861
2023,대구,2700000,대구본청,050,교육,051,유아및초중등교육,582197314455
2023,대구,2700000,대구본청,050,교육,053,평생ㆍ직업교육,2052295080
2023,대구,2700000,대구본청,050,교육,052,고등교육,7874740270
2023,대구,2700000,대구본청,060,문화및관광,061,문화예술,166768210952
2023,대구,2700000,대구본청,060,문화및관광,064,문화재,2043478600
2023,대구,2700000,대구본청,060,문화및관광,063,체육,74028986710
2023,대구,2700000,대구본청,060,문화및관광,062,관광,20311741545
2023,대구,2700000,대구본청,070,환경,071,상하수도ㆍ수질,354074803849
2023,대구,2700000,대구본청,070,환경,076,환경보호일반,33427451366
2023,대구,2700000,대구본청,070,환경,074,자연,3999567728
2023,대구,2700000,대구본청,070,환경,073,대기,28899410289
2023,대구,2700000,대구본청,070,환경,072,폐기물,49784210250
2023,대구,2700000,대구본청,080,사회복지,081,기초생활보장,729970604900
2023,대구,2700000,대구본청,080,사회복지,087,보훈,1551761290
2023,대구,2700000,대구본청,080,사회복지,086,노동,37071462905
2023,대구,2700000,대구본청,080,사회복지,085,노인ㆍ청소년,157695300610
2023,대구,2700000,대구본청,080,사회복지,084,보육ㆍ가족및여성,41076955730
2023,대구,2700000,대구본청,080,사회복지,082,취약계층지원,79125943780
2023,대구,2700000,대구본청,090,보건,091,보건의료,49605061754
2023,대구,2700000,대구본청,090,보건,093,식품의약안전,2953889920
2023,대구,2700000,대구본청,100,농림해양수산,101,농업ㆍ농촌,28822538270
2023,대구,2700000,대구본청,100,농림해양수산,102,임업ㆍ산촌,9652479590
2023,대구,2700000,대구본청,110,산업ㆍ중소기업및에너지,111,산업금융지원,174858813320
2023,대구,2700000,대구본청,110,산업ㆍ중소기업및에너지,116,산업ㆍ중소기업일반,3303104130
2023,대구,2700000,대구본청,110,산업ㆍ중소기업및에너지,115,에너지및자원개발,5343154622
2023,대구,2700000,대구본청,110,산업ㆍ중소기업및에너지,114,산업진흥ㆍ고도화,239854075316
2023,대구,2700000,대구본청,110,산업ㆍ중소기업및에너지,113,무역및투자유치,75339025993
2023,대구,2700000,대구본청,110,산업ㆍ중소기업및에너지,112,산업기술지원,31429347910
2023,대구,2700000,대구본청,120,교통및물류,121,도로,200196582042
2023,대구,2700000,대구본청,120,교통및물류,126,대중교통ㆍ물류등기타,410033326143
2023,대구,2700000,대구본청,120,교통및물류,125,항공ㆍ공항,1398209964
2023,대구,2700000,대구본청,120,교통및물류,123,도시철도,353484689000
2023,대구,2700000,대구본청,140,국토및지역개발,141,수자원,2867017972
2023,대구,2700000,대구본청,140,국토및지역개발,143,산업단지,6167574520
2023,대구,2700000,대구본청,140,국토및지역개발,142,지역및도시,128995889587
2023,대구,2700000,대구본청,150,과학기술,152,과학기술연구지원,30061716240
2023,대구,2700000,대구본청,160,예비비,161,예비비,0
2023,대구,2700000,대구본청,900,기타,901,기타,786776355777
2023,대구,2711000,대구중구,010,일반공공행정,011,입법및선거관리,1038473260
2023,대구,2711000,대구중구,010,일반공공행정,016,일반행정,11986286762
2023,대구,2711000,대구중구,010,일반공공행정,014,재정ㆍ금융,2831275547
2023,대구,2711000,대구중구,010,일반공공행정,013,지방행정ㆍ재정지원,534390550
2023,대구,2711000,대구중구,020,공공질서및안전,025,재난방재ㆍ민방위,2909469504
2023,대구,2711000,대구중구,050,교육,051,유아및초중등교육,1508603590
2023,대구,2711000,대구중구,050,교육,053,평생ㆍ직업교육,16247000
2023,대구,2711000,대구중구,060,문화및관광,061,문화예술,5765773141
2023,대구,2711000,대구중구,060,문화및관광,064,문화재,310041760
2023,대구,2711000,대구중구,060,문화및관광,063,체육,1478226614
2023,대구,2711000,대구중구,060,문화및관광,062,관광,3388456190
2023,대구,2711000,대구중구,070,환경,071,상하수도ㆍ수질,125037164
2023,대구,2711000,대구중구,070,환경,073,대기,562625690
2023,대구,2711000,대구중구,070,환경,072,폐기물,9150890382
2023,대구,2711000,대구중구,080,사회복지,081,기초생활보장,17298136895
2023,대구,2711000,대구중구,080,사회복지,089,사회복지일반,110472690
2023,대구,2711000,대구중구,080,사회복지,088,주택,5913398680
2023,대구,2711000,대구중구,080,사회복지,087,보훈,1161778850
2023,대구,2711000,대구중구,080,사회복지,086,노동,3607344995
2023,대구,2711000,대구중구,080,사회복지,085,노인ㆍ청소년,61037527275
2023,대구,2711000,대구중구,080,사회복지,084,보육ㆍ가족및여성,27210855999
2023,대구,2711000,대구중구,080,사회복지,082,취약계층지원,32885425678
2023,대구,2711000,대구중구,090,보건,091,보건의료,7744251293
2023,대구,2711000,대구중구,090,보건,093,식품의약안전,393413930
2023,대구,2711000,대구중구,100,농림해양수산,101,농업ㆍ농촌,204347870
2023,대구,2711000,대구중구,110,산업ㆍ중소기업및에너지,114,산업진흥ㆍ고도화,3369102090
2023,대구,2711000,대구중구,110,산업ㆍ중소기업및에너지,115,에너지및자원개발,50499564
2023,대구,2711000,대구중구,120,교통및물류,121,도로,7990820155
2023,대구,2711000,대구중구,120,교통및물류,126,대중교통ㆍ물류등기타,9483572000
2023,대구,2711000,대구중구,140,국토및지역개발,142,지역및도시,18175700945
2023,대구,2711000,대구중구,160,예비비,161,예비비,0
2023,대구,2711000,대구중구,900,기타,901,기타,63704812549
2023,대구,2712000,대구동구,010,일반공공행정,011,입법및선거관리,1279957470
2023,대구,2712000,대구동구,010,일반공공행정,016,일반행정,29441083139
2023,대구,2712000,대구동구,010,일반공공행정,013,지방행정ㆍ재정지원,1187202963
2023,대구,2712000,대구동구,020,공공질서및안전,025,재난방재ㆍ민방위,5053645540
2023,대구,2712000,대구동구,050,교육,053,평생ㆍ직업교육,5096950080
2023,대구,2712000,대구동구,060,문화및관광,061,문화예술,8561019440
2023,대구,2712000,대구동구,060,문화및관광,065,문화및관광일반,31464750
2023,대구,2712000,대구동구,060,문화및관광,064,문화재,19704149030
2023,대구,2712000,대구동구,060,문화및관광,063,체육,7222771450
2023,대구,2712000,대구동구,070,환경,072,폐기물,22791628616
2023,대구,2712000,대구동구,070,환경,076,환경보호일반,26665733663
2023,대구,2712000,대구동구,080,사회복지,081,기초생활보장,111766947390
2023,대구,2712000,대구동구,080,사회복지,089,사회복지일반,17399083474
2023,대구,2712000,대구동구,080,사회복지,086,노동,5268870400
2023,대구,2712000,대구동구,080,사회복지,085,노인ㆍ청소년,255655687151
2023,대구,2712000,대구동구,080,사회복지,084,보육ㆍ가족및여성,90271433100
2023,대구,2712000,대구동구,080,사회복지,082,취약계층지원,73409610700
2023,대구,2712000,대구동구,090,보건,091,보건의료,20556586785
2023,대구,2712000,대구동구,090,보건,093,식품의약안전,1296578650
2023,대구,2712000,대구동구,100,농림해양수산,101,농업ㆍ농촌,5030076302
2023,대구,2712000,대구동구,110,산업ㆍ중소기업및에너지,114,산업진흥ㆍ고도화,4862174860
2023,대구,2712000,대구동구,110,산업ㆍ중소기업및에너지,115,에너지및자원개발,169856590
2023,대구,2712000,대구동구,120,교통및물류,121,도로,18269661560
2023,대구,2712000,대구동구,120,교통및물류,126,대중교통ㆍ물류등기타,4550117345
2023,대구,2712000,대구동구,140,국토및지역개발,141,수자원,6116773964
2023,대구,2712000,대구동구,140,국토및지역개발,142,지역및도시,32221710524
2023,대구,2712000,대구동구,160,예비비,161,예비비,0
2023,대구,2712000,대구동구,900,기타,901,기타,125683832331
2023,대구,2713000,대구서구,010,일반공공행정,011,입법및선거관리,656259960
2023,대구,2713000,대구서구,010,일반공공행정,016,일반행정,24417292201
2023,대구,2713000,대구서구,010,일반공공행정,014,재정ㆍ금융,7419334814
2023,대구,2713000,대구서구,010,일반공공행정,013,지방행정ㆍ재정지원,362334310
2023,대구,2713000,대구서구,020,공공질서및안전,025,재난방재ㆍ민방위,4665954640
2023,대구,2713000,대구서구,050,교육,051,유아및초중등교육,4416582050
2023,대구,2713000,대구서구,050,교육,053,평생ㆍ직업교육,355487780
2023,대구,2713000,대구서구,060,문화및관광,061,문화예술,9475887402
2023,대구,2713000,대구서구,060,문화및관광,063,체육,19881632330
2023,대구,2713000,대구서구,070,환경,071,상하수도ㆍ수질,1315676920
2023,대구,2713000,대구서구,070,환경,076,환경보호일반,187103925
2023,대구,2713000,대구서구,070,환경,073,대기,937277310
2023,대구,2713000,대구서구,070,환경,072,폐기물,11972243960
2023,대구,2713000,대구서구,080,사회복지,081,기초생활보장,80746603000
2023,대구,2713000,대구서구,080,사회복지,087,보훈,1392492350
2023,대구,2713000,대구서구,080,사회복지,086,노동,2888256330
2023,대구,2713000,대구서구,080,사회복지,085,노인ㆍ청소년,152277968380
2023,대구,2713000,대구서구,080,사회복지,084,보육ㆍ가족및여성,14015957815
2023,대구,2713000,대구서구,080,사회복지,082,취약계층지원,70979245690
2023,대구,2713000,대구서구,090,보건,091,보건의료,11231186623
2023,대구,2713000,대구서구,090,보건,093,식품의약안전,763712180
2023,대구,2713000,대구서구,100,농림해양수산,101,농업ㆍ농촌,304719320
2023,대구,2713000,대구서구,100,농림해양수산,102,임업ㆍ산촌,3725730350
2023,대구,2713000,대구서구,110,산업ㆍ중소기업및에너지,114,산업진흥ㆍ고도화,3208174860
2023,대구,2713000,대구서구,110,산업ㆍ중소기업및에너지,115,에너지및자원개발,271513720
2023,대구,2713000,대구서구,120,교통및물류,121,도로,6827891410
2023,대구,2713000,대구서구,120,교통및물류,126,대중교통ㆍ물류등기타,2459514890
2023,대구,2713000,대구서구,140,국토및지역개발,142,지역및도시,19495334305
2023,대구,2713000,대구서구,160,예비비,161,예비비,0
2023,대구,2713000,대구서구,900,기타,901,기타,74919417310
2023,대구,2714000,대구남구,010,일반공공행정,011,입법및선거관리,607753660
2023,대구,2714000,대구남구,010,일반공공행정,016,일반행정,78871774679
2023,대구,2714000,대구남구,010,일반공공행정,014,재정ㆍ금융,730366030
2023,대구,2714000,대구남구,010,일반공공행정,013,지방행정ㆍ재정지원,839491800
2023,대구,2714000,대구남구,020,공공질서및안전,025,재난방재ㆍ민방위,2766475380
2023,대구,2714000,대구남구,050,교육,051,유아및초중등교육,2199599370
2023,대구,2714000,대구남구,050,교육,053,평생ㆍ직업교육,717099060
2023,대구,2714000,대구남구,050,교육,052,고등교육,494074463
2023,대구,2714000,대구남구,060,문화및관광,061,문화예술,2512083980
2023,대구,2714000,대구남구,060,문화및관광,064,문화재,773563330
2023,대구,2714000,대구남구,060,문화및관광,063,체육,2701586470
2023,대구,2714000,대구남구,060,문화및관광,062,관광,6031035470
2023,대구,2714000,대구남구,070,환경,071,상하수도ㆍ수질,618996850
2023,대구,2714000,대구남구,070,환경,076,환경보호일반,112567220
2023,대구,2714000,대구남구,070,환경,073,대기,382087160
2023,대구,2714000,대구남구,070,환경,072,폐기물,13172455800
2023,대구,2714000,대구남구,080,사회복지,081,기초생활보장,77919969460
2023,대구,2714000,대구남구,080,사회복지,087,보훈,1460305540
2023,대구,2714000,대구남구,080,사회복지,086,노동,5718304410
2023,대구,2714000,대구남구,080,사회복지,085,노인ㆍ청소년,117768655959
2023,대구,2714000,대구남구,080,사회복지,084,보육ㆍ가족및여성,35259429515
2023,대구,2714000,대구남구,080,사회복지,082,취약계층지원,55713560653
2023,대구,2714000,대구남구,090,보건,091,보건의료,9982198257
2023,대구,2714000,대구남구,090,보건,093,식품의약안전,625361880
2023,대구,2714000,대구남구,100,농림해양수산,101,농업ㆍ농촌,183686790
2023,대구,2714000,대구남구,110,산업ㆍ중소기업및에너지,114,산업진흥ㆍ고도화,1775718190
2023,대구,2714000,대구남구,110,산업ㆍ중소기업및에너지,115,에너지및자원개발,39074880
2023,대구,2714000,대구남구,120,교통및물류,121,도로,4398821120
2023,대구,2714000,대구남구,120,교통및물류,126,대중교통ㆍ물류등기타,8600242950
2023,대구,2714000,대구남구,140,국토및지역개발,142,지역및도시,8525639680
2023,대구,2714000,대구남구,160,예비비,161,예비비,0
2023,대구,2714000,대구남구,900,기타,901,기타,69668487548
2023,대구,2715000,대구북구,010,일반공공행정,011,입법및선거관리,1317623640
2023,대구,2715000,대구북구,010,일반공공행정,016,일반행정,42805080153
2023,대구,2715000,대구북구,010,일반공공행정,013,지방행정ㆍ재정지원,1167756390
2023,대구,2715000,대구북구,020,공공질서및안전,025,재난방재ㆍ민방위,2106335010
2023,대구,2715000,대구북구,050,교육,051,유아및초중등교육,6792814120
2023,대구,2715000,대구북구,050,교육,053,평생ㆍ직업교육,645178856
2023,대구,2715000,대구북구,060,문화및관광,061,문화예술,10844496060
2023,대구,2715000,대구북구,060,문화및관광,065,문화및관광일반,4513760
2023,대구,2715000,대구북구,060,문화및관광,064,문화재,3023974600
2023,대구,2715000,대구북구,060,문화및관광,063,체육,6905197340
2023,대구,2715000,대구북구,060,문화및관광,062,관광,887959240
2023,대구,2715000,대구북구,070,환경,071,상하수도ㆍ수질,121698404
2023,대구,2715000,대구북구,070,환경,076,환경보호일반,3666436310
2023,대구,2715000,대구북구,070,환경,073,대기,1576890104
2023,대구,2715000,대구북구,070,환경,072,폐기물,26592379550
2023,대구,2715000,대구북구,080,사회복지,081,기초생활보장,106601209695
2023,대구,2715000,대구북구,080,사회복지,087,보훈,2727852180
2023,대구,2715000,대구북구,080,사회복지,086,노동,5495654980
2023,대구,2715000,대구북구,080,사회복지,085,노인ㆍ청소년,217492214699
2023,대구,2715000,대구북구,080,사회복지,084,보육ㆍ가족및여성,152781726780
2023,대구,2715000,대구북구,080,사회복지,082,취약계층지원,71931356540
2023,대구,2715000,대구북구,090,보건,091,보건의료,21716651817
2023,대구,2715000,대구북구,090,보건,093,식품의약안전,1040733069
2023,대구,2715000,대구북구,100,농림해양수산,101,농업ㆍ농촌,2293217657
2023,대구,2715000,대구북구,100,농림해양수산,102,임업ㆍ산촌,4254293248
2023,대구,2715000,대구북구,110,산업ㆍ중소기업및에너지,116,산업ㆍ중소기업일반,7902014175
2023,대구,2715000,대구북구,120,교통및물류,121,도로,16969410950
2023,대구,2715000,대구북구,120,교통및물류,126,대중교통ㆍ물류등기타,12251835066
2023,대구,2715000,대구북구,140,국토및지역개발,141,수자원,7479625660
2023,대구,2715000,대구북구,140,국토및지역개발,142,지역및도시,35578022406
2023,대구,2715000,대구북구,160,예비비,161,예비비,0
2023,대구,2715000,대구북구,900,기타,901,기타,111100419028
2023,대구,2716000,대구수성구,010,일반공공행정,011,입법및선거관리,1836291565
2023,대구,2716000,대구수성구,010,일반공공행정,016,일반행정,31130722675
2023,대구,2716000,대구수성구,010,일반공공행정,013,지방행정ㆍ재정지원,1666391963
2023,대구,2716000,대구수성구,020,공공질서및안전,025,재난방재ㆍ민방위,12950821460
2023,대구,2716000,대구수성구,050,교육,051,유아및초중등교육,6615086140
2023,대구,2716000,대구수성구,050,교육,053,평생ㆍ직업교육,3335836659
2023,대구,2716000,대구수성구,060,문화및관광,061,문화예술,28779973792
2023,대구,2716000,대구수성구,060,문화및관광,064,문화재,1693390410
2023,대구,2716000,대구수성구,060,문화및관광,063,체육,21824199280
2023,대구,2716000,대구수성구,060,문화및관광,062,관광,2717330550
2023,대구,2716000,대구수성구,070,환경,071,상하수도ㆍ수질,74377250
2023,대구,2716000,대구수성구,070,환경,076,환경보호일반,3565721435
2023,대구,2716000,대구수성구,070,환경,073,대기,885852960
2023,대구,2716000,대구수성구,070,환경,072,폐기물,26835687079
2023,대구,2716000,대구수성구,080,사회복지,081,기초생활보장,91570763629
2023,대구,2716000,대구수성구,080,사회복지,087,보훈,3153956860
2023,대구,2716000,대구수성구,080,사회복지,086,노동,8689742912
2023,대구,2716000,대구수성구,080,사회복지,085,노인ㆍ청소년,180229169840
2023,대구,2716000,대구수성구,080,사회복지,084,보육ㆍ가족및여성,126788664584
2023,대구,2716000,대구수성구,080,사회복지,082,취약계층지원,84995632900
2023,대구,2716000,대구수성구,090,보건,091,보건의료,19515233751
2023,대구,2716000,대구수성구,090,보건,093,식품의약안전,930570956
2023,대구,2716000,대구수성구,100,농림해양수산,101,농업ㆍ농촌,1816797505
2023,대구,2716000,대구수성구,100,농림해양수산,102,임업ㆍ산촌,5081290190
2023,대구,2716000,대구수성구,110,산업ㆍ중소기업및에너지,114,산업진흥ㆍ고도화,7425640581
2023,대구,2716000,대구수성구,110,산업ㆍ중소기업및에너지,116,산업ㆍ중소기업일반,1800000
2023,대구,2716000,대구수성구,110,산업ㆍ중소기업및에너지,115,에너지및자원개발,218389460
2023,대구,2716000,대구수성구,120,교통및물류,121,도로,21063267044
2023,대구,2716000,대구수성구,120,교통및물류,126,대중교통ㆍ물류등기타,3799876690
2023,대구,2716000,대구수성구,140,국토및지역개발,141,수자원,3678423084
2023,대구,2716000,대구수성구,140,국토및지역개발,142,지역및도시,27449361130
2023,대구,2716000,대구수성구,160,예비비,161,예비비,0
2023,대구,2716000,대구수성구,900,기타,901,기타,109686704459
2023,대구,2717000,대구달서구,010,일반공공행정,011,입법및선거관리,1880198294
2023,대구,2717000,대구달서구,010,일반공공행정,016,일반행정,76291619334
2023,대구,2717000,대구달서구,010,일반공공행정,013,지방행정ㆍ재정지원,1497732382
2023,대구,2717000,대구달서구,020,공공질서및안전,025,재난방재ㆍ민방위,7440686910
2023,대구,2717000,대구달서구,050,교육,051,유아및초중등교육,7463692180
2023,대구,2717000,대구달서구,050,교육,053,평생ㆍ직업교육,946527071
2023,대구,2717000,대구달서구,060,문화및관광,061,문화예술,12279766861
2023,대구,2717000,대구달서구,060,문화및관광,063,체육,5300047548
2023,대구,2717000,대구달서구,070,환경,071,상하수도ㆍ수질,4038558057
2023,대구,2717000,대구달서구,070,환경,076,환경보호일반,2820202290
2023,대구,2717000,대구달서구,070,환경,073,대기,546436908
2023,대구,2717000,대구달서구,070,환경,072,폐기물,33242151321
2023,대구,2717000,대구달서구,080,사회복지,081,기초생활보장,157946450379
2023,대구,2717000,대구달서구,080,사회복지,089,사회복지일반,1396001690
2023,대구,2717000,대구달서구,080,사회복지,087,보훈,8034355207
2023,대구,2717000,대구달서구,080,사회복지,086,노동,9310710474
2023,대구,2717000,대구달서구,080,사회복지,085,노인ㆍ청소년,260446233448
2023,대구,2717000,대구달서구,080,사회복지,084,보육ㆍ가족및여성,166055498566
2023,대구,2717000,대구달서구,080,사회복지,082,취약계층지원,100237452130
2023,대구,2717000,대구달서구,090,보건,091,보건의료,29551220520
2023,대구,2717000,대구달서구,090,보건,093,식품의약안전,1703212391
2023,대구,2717000,대구달서구,100,농림해양수산,101,농업ㆍ농촌,2748246980
2023,대구,2717000,대구달서구,100,농림해양수산,102,임업ㆍ산촌,3083092350
2023,대구,2717000,대구달서구,110,산업ㆍ중소기업및에너지,114,산업진흥ㆍ고도화,4147019480
2023,대구,2717000,대구달서구,110,산업ㆍ중소기업및에너지,115,에너지및자원개발,96060000
2023,대구,2717000,대구달서구,120,교통및물류,121,도로,13557527040
2023,대구,2717000,대구달서구,120,교통및물류,126,대중교통ㆍ물류등기타,11525976416
2023,대구,2717000,대구달서구,140,국토및지역개발,142,지역및도시,34778206534
2023,대구,2717000,대구달서구,160,예비비,161,예비비,0
2023,대구,2717000,대구달서구,900,기타,901,기타,121744123234
2023,대구,2771000,대구달성군,010,일반공공행정,011,입법및선거관리,896697395
2023,대구,2771000,대구달성군,010,일반공공행정,016,일반행정,24875369040
2023,대구,2771000,대구달성군,010,일반공공행정,013,지방행정ㆍ재정지원,20990907510
2023,대구,2771000,대구달성군,020,공공질서및안전,025,재난방재ㆍ민방위,4192668510
2023,대구,2771000,대구달성군,050,교육,051,유아및초중등교육,9362616690
2023,대구,2771000,대구달성군,050,교육,053,평생ㆍ직업교육,16169991350
2023,대구,2771000,대구달성군,060,문화및관광,061,문화예술,10368230640
2023,대구,2771000,대구달성군,060,문화및관광,065,문화및관광일반,7895610820
2023,대구,2771000,대구달성군,060,문화및관광,064,문화재,3532247270
2023,대구,2771000,대구달성군,060,문화및관광,063,체육,26151491200
2023,대구,2771000,대구달성군,060,문화및관광,062,관광,19158800420
2023,대구,2771000,대구달성군,070,환경,071,상하수도ㆍ수질,1044701740
2023,대구,2771000,대구달성군,070,환경,074,자연,890385880
2023,대구,2771000,대구달성군,070,환경,073,대기,1263504500
2023,대구,2771000,대구달성군,070,환경,072,폐기물,22598036043
2023,대구,2771000,대구달성군,080,사회복지,081,기초생활보장,60337059240
2023,대구,2771000,대구달성군,080,사회복지,087,보훈,2931252270
2023,대구,2771000,대구달성군,080,사회복지,086,노동,4804358760
2023,대구,2771000,대구달성군,080,사회복지,085,노인ㆍ청소년,130250467970
2023,대구,2771000,대구달성군,080,사회복지,084,보육ㆍ가족및여성,111888393950
2023,대구,2771000,대구달성군,080,사회복지,082,취약계층지원,81437252740
2023,대구,2771000,대구달성군,090,보건,091,보건의료,22386594984
2023,대구,2771000,대구달성군,090,보건,093,식품의약안전,894822670
2023,대구,2771000,대구달성군,100,농림해양수산,101,농업ㆍ농촌,43287423016
2023,대구,2771000,대구달성군,100,농림해양수산,102,임업ㆍ산촌,17936169900
2023,대구,2771000,대구달성군,110,산업ㆍ중소기업및에너지,113,무역및투자유치,1113713980
2023,대구,2771000,대구달성군,110,산업ㆍ중소기업및에너지,116,산업ㆍ중소기업일반,1958028913
2023,대구,2771000,대구달성군,110,산업ㆍ중소기업및에너지,115,에너지및자원개발,2327419400
2023,대구,2771000,대구달성군,110,산업ㆍ중소기업및에너지,114,산업진흥ㆍ고도화,1009116290
2023,대구,2771000,대구달성군,120,교통및물류,121,도로,72946409510
2023,대구,2771000,대구달성군,120,교통및물류,126,대중교통ㆍ물류등기타,17900247220
2023,대구,2771000,대구달성군,140,국토및지역개발,141,수자원,20075938674
2023,대구,2771000,대구달성군,140,국토및지역개발,143,산업단지,56468000
2023,대구,2771000,대구달성군,140,국토및지역개발,142,지역및도시,47732608700
2023,대구,2771000,대구달성군,160,예비비,161,예비비,0
2023,대구,2771000,대구달성군,900,기타,901,기타,172169650352
2022,대구,2700000,대구본청,010,일반공공행정,011,입법및선거관리,5014227442
2022,대구,2700000,대구본청,010,일반공공행정,016,일반행정,101640604417
2022,대구,2700000,대구본청,010,일반공공행정,014,재정ㆍ금융,358640805616
2022,대구,2700000,대구본청,010,일반공공행정,013,지방행정ㆍ재정지원,4076609684
2022,대구,2700000,대구본청,020,공공질서및안전,023,경찰,5207951490
2022,대구,2700000,대구본청,020,공공질서및안전,026,소방,65679023181
2022,대구,2700000,대구본청,020,공공질서및안전,025,재난방재ㆍ민방위,76036365677
2022,대구,2700000,대구본청,050,교육,051,유아및초중등교육,652179155764
2022,대구,2700000,대구본청,050,교육,053,평생ㆍ직업교육,4298617540
2022,대구,2700000,대구본청,050,교육,052,고등교육,19373781990
2022,대구,2700000,대구본청,060,문화및관광,061,문화예술,142801293975
2022,대구,2700000,대구본청,060,문화및관광,064,문화재,1319970100
2022,대구,2700000,대구본청,060,문화및관광,063,체육,73856867781
2022,대구,2700000,대구본청,060,문화및관광,062,관광,33590121159
2022,대구,2700000,대구본청,070,환경,071,상하수도ㆍ수질,336193806913
2022,대구,2700000,대구본청,070,환경,076,환경보호일반,38017153778
2022,대구,2700000,대구본청,070,환경,074,자연,4455817205
2022,대구,2700000,대구본청,070,환경,073,대기,27816599720
2022,대구,2700000,대구본청,070,환경,072,폐기물,38448272016
2022,대구,2700000,대구본청,080,사회복지,081,기초생활보장,684064861100
2022,대구,2700000,대구본청,080,사회복지,087,보훈,1828349760
2022,대구,2700000,대구본청,080,사회복지,086,노동,47658777862
2022,대구,2700000,대구본청,080,사회복지,085,노인ㆍ청소년,162580931890
2022,대구,2700000,대구본청,080,사회복지,084,보육ㆍ가족및여성,35467005434
2022,대구,2700000,대구본청,080,사회복지,082,취약계층지원,74061377648
2022,대구,2700000,대구본청,090,보건,091,보건의료,112628569925
2022,대구,2700000,대구본청,090,보건,093,식품의약안전,3855560350
2022,대구,2700000,대구본청,100,농림해양수산,101,농업ㆍ농촌,40369277850
2022,대구,2700000,대구본청,100,농림해양수산,102,임업ㆍ산촌,8481076690
2022,대구,2700000,대구본청,110,산업ㆍ중소기업및에너지,111,산업금융지원,203679424160
2022,대구,2700000,대구본청,110,산업ㆍ중소기업및에너지,116,산업ㆍ중소기업일반,1648056330
2022,대구,2700000,대구본청,110,산업ㆍ중소기업및에너지,115,에너지및자원개발,7434952100
2022,대구,2700000,대구본청,110,산업ㆍ중소기업및에너지,114,산업진흥ㆍ고도화,227429505293
2022,대구,2700000,대구본청,110,산업ㆍ중소기업및에너지,113,무역및투자유치,75752714926
2022,대구,2700000,대구본청,110,산업ㆍ중소기업및에너지,112,산업기술지원,178043982300
2022,대구,2700000,대구본청,120,교통및물류,121,도로,185321830990
2022,대구,2700000,대구본청,120,교통및물류,126,대중교통ㆍ물류등기타,457759799277
2022,대구,2700000,대구본청,120,교통및물류,125,항공ㆍ공항,1169227230
2022,대구,2700000,대구본청,120,교통및물류,123,도시철도,321965931430
2022,대구,2700000,대구본청,140,국토및지역개발,141,수자원,4009163640
2022,대구,2700000,대구본청,140,국토및지역개발,143,산업단지,5911361020
2022,대구,2700000,대구본청,140,국토및지역개발,142,지역및도시,267129860473
2022,대구,2700000,대구본청,150,과학기술,152,과학기술연구지원,43557216540
2022,대구,2700000,대구본청,160,예비비,161,예비비,0
2022,대구,2700000,대구본청,900,기타,901,기타,735524996264
2022,대구,2711000,대구중구,010,일반공공행정,011,입법및선거관리,675860047
2022,대구,2711000,대구중구,010,일반공공행정,016,일반행정,12350098931
2022,대구,2711000,대구중구,010,일반공공행정,014,재정ㆍ금융,30630430288
2022,대구,2711000,대구중구,010,일반공공행정,013,지방행정ㆍ재정지원,528661980
2022,대구,2711000,대구중구,020,공공질서및안전,025,재난방재ㆍ민방위,4972479650
2022,대구,2711000,대구중구,050,교육,051,유아및초중등교육,1311870445
2022,대구,2711000,대구중구,050,교육,053,평생ㆍ직업교육,144233700
2022,대구,2711000,대구중구,060,문화및관광,061,문화예술,2883974886
2022,대구,2711000,대구중구,060,문화및관광,064,문화재,231936600
2022,대구,2711000,대구중구,060,문화및관광,063,체육,1609451134
2022,대구,2711000,대구중구,060,문화및관광,062,관광,2682334310
2022,대구,2711000,대구중구,070,환경,071,상하수도ㆍ수질,55387620
2022,대구,2711000,대구중구,070,환경,073,대기,766017950
2022,대구,2711000,대구중구,070,환경,072,폐기물,8529522743
2022,대구,2711000,대구중구,080,사회복지,081,기초생활보장,17325571623
2022,대구,2711000,대구중구,080,사회복지,089,사회복지일반,8791986
2022,대구,2711000,대구중구,080,사회복지,088,주택,5582225117
2022,대구,2711000,대구중구,080,사회복지,087,보훈,680762850
2022,대구,2711000,대구중구,080,사회복지,086,노동,3942535850
2022,대구,2711000,대구중구,080,사회복지,085,노인ㆍ청소년,55924746450
2022,대구,2711000,대구중구,080,사회복지,084,보육ㆍ가족및여성,19327687388
2022,대구,2711000,대구중구,080,사회복지,082,취약계층지원,33163785660
2022,대구,2711000,대구중구,090,보건,091,보건의료,7889786506
2022,대구,2711000,대구중구,090,보건,093,식품의약안전,369023152
2022,대구,2711000,대구중구,100,농림해양수산,101,농업ㆍ농촌,242634030
2022,대구,2711000,대구중구,110,산업ㆍ중소기업및에너지,114,산업진흥ㆍ고도화,3054489228
2022,대구,2711000,대구중구,110,산업ㆍ중소기업및에너지,115,에너지및자원개발,53130520
2022,대구,2711000,대구중구,120,교통및물류,121,도로,5047095310
2022,대구,2711000,대구중구,120,교통및물류,126,대중교통ㆍ물류등기타,37646899100
2022,대구,2711000,대구중구,140,국토및지역개발,142,지역및도시,10017999790
2022,대구,2711000,대구중구,160,예비비,161,예비비,0
2022,대구,2711000,대구중구,900,기타,901,기타,61286019590
2022,대구,2712000,대구동구,010,일반공공행정,011,입법및선거관리,1107667660
2022,대구,2712000,대구동구,010,일반공공행정,016,일반행정,45898092397
2022,대구,2712000,대구동구,010,일반공공행정,013,지방행정ㆍ재정지원,1153259150
2022,대구,2712000,대구동구,020,공공질서및안전,025,재난방재ㆍ민방위,5165467980
2022,대구,2712000,대구동구,050,교육,053,평생ㆍ직업교육,5075428200
2022,대구,2712000,대구동구,060,문화및관광,061,문화예술,7853837827
2022,대구,2712000,대구동구,060,문화및관광,065,문화및관광일반,102008307
2022,대구,2712000,대구동구,060,문화및관광,064,문화재,2957765240
2022,대구,2712000,대구동구,060,문화및관광,063,체육,3140836020
2022,대구,2712000,대구동구,070,환경,071,상하수도ㆍ수질,37213000
2022,대구,2712000,대구동구,070,환경,076,환경보호일반,25819604023
2022,대구,2712000,대구동구,070,환경,072,폐기물,21063911367
2022,대구,2712000,대구동구,080,사회복지,081,기초생활보장,109323792961
2022,대구,2712000,대구동구,080,사회복지,089,사회복지일반,29621581380
2022,대구,2712000,대구동구,080,사회복지,086,노동,6119101220
2022,대구,2712000,대구동구,080,사회복지,085,노인ㆍ청소년,236881955671
2022,대구,2712000,대구동구,080,사회복지,084,보육ㆍ가족및여성,83272464806
2022,대구,2712000,대구동구,080,사회복지,082,취약계층지원,68858916470
2022,대구,2712000,대구동구,090,보건,091,보건의료,25837272362
2022,대구,2712000,대구동구,090,보건,093,식품의약안전,1186975900
2022,대구,2712000,대구동구,100,농림해양수산,101,농업ㆍ농촌,4635433676
2022,대구,2712000,대구동구,110,산업ㆍ중소기업및에너지,114,산업진흥ㆍ고도화,3237641370
2022,대구,2712000,대구동구,110,산업ㆍ중소기업및에너지,115,에너지및자원개발,171511370
2022,대구,2712000,대구동구,120,교통및물류,121,도로,19274087620
2022,대구,2712000,대구동구,120,교통및물류,126,대중교통ㆍ물류등기타,7659110100
2022,대구,2712000,대구동구,140,국토및지역개발,141,수자원,3903776824
2022,대구,2712000,대구동구,140,국토및지역개발,142,지역및도시,28114927509
2022,대구,2712000,대구동구,160,예비비,161,예비비,0
2022,대구,2712000,대구동구,900,기타,901,기타,99397964348
2022,대구,2713000,대구서구,010,일반공공행정,011,입법및선거관리,549985250
2022,대구,2713000,대구서구,010,일반공공행정,016,일반행정,28439862937
2022,대구,2713000,대구서구,010,일반공공행정,014,재정ㆍ금융,48081542550
2022,대구,2713000,대구서구,010,일반공공행정,013,지방행정ㆍ재정지원,332281140
2022,대구,2713000,대구서구,020,공공질서및안전,025,재난방재ㆍ민방위,821123650
2022,대구,2713000,대구서구,050,교육,051,유아및초중등교육,2925107540
2022,대구,2713000,대구서구,050,교육,053,평생ㆍ직업교육,224114460
2022,대구,2713000,대구서구,060,문화및관광,061,문화예술,5970982284
2022,대구,2713000,대구서구,060,문화및관광,063,체육,2257381610
2022,대구,2713000,대구서구,070,환경,071,상하수도ㆍ수질,540404010
2022,대구,2713000,대구서구,070,환경,076,환경보호일반,115915085
2022,대구,2713000,대구서구,070,환경,073,대기,790081150
2022,대구,2713000,대구서구,070,환경,072,폐기물,10848697700
2022,대구,2713000,대구서구,080,사회복지,081,기초생활보장,78641380121
2022,대구,2713000,대구서구,080,사회복지,086,노동,4677243280
2022,대구,2713000,대구서구,080,사회복지,085,노인ㆍ청소년,142349158240
2022,대구,2713000,대구서구,080,사회복지,084,보육ㆍ가족및여성,13942171760
2022,대구,2713000,대구서구,080,사회복지,082,취약계층지원,73193620075
2022,대구,2713000,대구서구,090,보건,091,보건의료,11882888060
2022,대구,2713000,대구서구,090,보건,093,식품의약안전,885390280
2022,대구,2713000,대구서구,100,농림해양수산,101,농업ㆍ농촌,380424160
2022,대구,2713000,대구서구,100,농림해양수산,102,임업ㆍ산촌,372145250
2022,대구,2713000,대구서구,110,산업ㆍ중소기업및에너지,114,산업진흥ㆍ고도화,494551660
2022,대구,2713000,대구서구,110,산업ㆍ중소기업및에너지,115,에너지및자원개발,272843270
2022,대구,2713000,대구서구,120,교통및물류,121,도로,8321147300
2022,대구,2713000,대구서구,120,교통및물류,126,대중교통ㆍ물류등기타,4857111950
2022,대구,2713000,대구서구,140,국토및지역개발,142,지역및도시,30691813410
2022,대구,2713000,대구서구,160,예비비,161,예비비,0
2022,대구,2713000,대구서구,900,기타,901,기타,70940920193
2022,대구,2714000,대구남구,010,일반공공행정,011,입법및선거관리,557087890
2022,대구,2714000,대구남구,010,일반공공행정,016,일반행정,75432171255
2022,대구,2714000,대구남구,010,일반공공행정,014,재정ㆍ금융,480491130
2022,대구,2714000,대구남구,010,일반공공행정,013,지방행정ㆍ재정지원,780972530
2022,대구,2714000,대구남구,020,공공질서및안전,025,재난방재ㆍ민방위,5500815910
2022,대구,2714000,대구남구,050,교육,051,유아및초중등교육,1660568260
2022,대구,2714000,대구남구,050,교육,053,평생ㆍ직업교육,496233980
2022,대구,2714000,대구남구,050,교육,052,고등교육,397521070
2022,대구,2714000,대구남구,060,문화및관광,061,문화예술,2516160120
2022,대구,2714000,대구남구,060,문화및관광,064,문화재,453429250
2022,대구,2714000,대구남구,060,문화및관광,063,체육,2692861250
2022,대구,2714000,대구남구,060,문화및관광,062,관광,570453920
2022,대구,2714000,대구남구,070,환경,071,상하수도ㆍ수질,472761280
2022,대구,2714000,대구남구,070,환경,076,환경보호일반,30659110
2022,대구,2714000,대구남구,070,환경,073,대기,345036740
2022,대구,2714000,대구남구,070,환경,072,폐기물,10658813260
2022,대구,2714000,대구남구,080,사회복지,085,노인ㆍ청소년,110817515222
2022,대구,2714000,대구남구,080,사회복지,084,보육ㆍ가족및여성,30410142210
2022,대구,2714000,대구남구,080,사회복지,082,취약계층지원,58939189591
2022,대구,2714000,대구남구,080,사회복지,081,기초생활보장,75515643982
2022,대구,2714000,대구남구,080,사회복지,087,보훈,1519819540
2022,대구,2714000,대구남구,080,사회복지,086,노동,5458159160
2022,대구,2714000,대구남구,090,보건,091,보건의료,12244727740
2022,대구,2714000,대구남구,090,보건,093,식품의약안전,617054450
2022,대구,2714000,대구남구,100,농림해양수산,101,농업ㆍ농촌,951929230
2022,대구,2714000,대구남구,110,산업ㆍ중소기업및에너지,114,산업진흥ㆍ고도화,831460490
2022,대구,2714000,대구남구,110,산업ㆍ중소기업및에너지,115,에너지및자원개발,46242170
2022,대구,2714000,대구남구,120,교통및물류,121,도로,4964513020
2022,대구,2714000,대구남구,120,교통및물류,126,대중교통ㆍ물류등기타,2704111110
2022,대구,2714000,대구남구,140,국토및지역개발,142,지역및도시,11373244760
2022,대구,2714000,대구남구,160,예비비,161,예비비,0
2022,대구,2714000,대구남구,900,기타,901,기타,67111252545
2022,대구,2715000,대구북구,010,일반공공행정,011,입법및선거관리,1307852240
2022,대구,2715000,대구북구,010,일반공공행정,016,일반행정,27879955260
2022,대구,2715000,대구북구,010,일반공공행정,013,지방행정ㆍ재정지원,1127672430
2022,대구,2715000,대구북구,020,공공질서및안전,025,재난방재ㆍ민방위,17844654085
2022,대구,2715000,대구북구,050,교육,051,유아및초중등교육,5934835400
2022,대구,2715000,대구북구,050,교육,053,평생ㆍ직업교육,370183660
2022,대구,2715000,대구북구,060,문화및관광,061,문화예술,9020013820
2022,대구,2715000,대구북구,060,문화및관광,065,문화및관광일반,7488140
2022,대구,2715000,대구북구,060,문화및관광,064,문화재,2784536200
2022,대구,2715000,대구북구,060,문화및관광,063,체육,4618129470
2022,대구,2715000,대구북구,060,문화및관광,062,관광,1857798060
2022,대구,2715000,대구북구,070,환경,071,상하수도ㆍ수질,80726142
2022,대구,2715000,대구북구,070,환경,076,환경보호일반,3491800008
2022,대구,2715000,대구북구,070,환경,073,대기,1799647268
2022,대구,2715000,대구북구,070,환경,072,폐기물,27138022715
2022,대구,2715000,대구북구,080,사회복지,081,기초생활보장,120702942071
2022,대구,2715000,대구북구,080,사회복지,087,보훈,2865326750
2022,대구,2715000,대구북구,080,사회복지,086,노동,8109052933
2022,대구,2715000,대구북구,080,사회복지,085,노인ㆍ청소년,199913710751
2022,대구,2715000,대구북구,080,사회복지,084,보육ㆍ가족및여성,143747441877
2022,대구,2715000,대구북구,080,사회복지,082,취약계층지원,64814225310
2022,대구,2715000,대구북구,090,보건,091,보건의료,29243278840
2022,대구,2715000,대구북구,090,보건,093,식품의약안전,904937631
2022,대구,2715000,대구북구,100,농림해양수산,101,농업ㆍ농촌,2472005350
2022,대구,2715000,대구북구,100,농림해양수산,102,임업ㆍ산촌,3303048397
2022,대구,2715000,대구북구,110,산업ㆍ중소기업및에너지,116,산업ㆍ중소기업일반,14707549976
2022,대구,2715000,대구북구,120,교통및물류,121,도로,21100487410
2022,대구,2715000,대구북구,120,교통및물류,126,대중교통ㆍ물류등기타,25013941720
2022,대구,2715000,대구북구,140,국토및지역개발,141,수자원,14263920520
2022,대구,2715000,대구북구,140,국토및지역개발,142,지역및도시,27187111953
2022,대구,2715000,대구북구,160,예비비,161,예비비,0
2022,대구,2715000,대구북구,900,기타,901,기타,106900697011
2022,대구,2716000,대구수성구,010,일반공공행정,011,입법및선거관리,1735505435
2022,대구,2716000,대구수성구,010,일반공공행정,016,일반행정,17915912898
2022,대구,2716000,대구수성구,010,일반공공행정,014,재정ㆍ금융,12000000000
2022,대구,2716000,대구수성구,010,일반공공행정,013,지방행정ㆍ재정지원,1737629055
2022,대구,2716000,대구수성구,020,공공질서및안전,025,재난방재ㆍ민방위,8970229908
2022,대구,2716000,대구수성구,050,교육,051,유아및초중등교육,5839471900
2022,대구,2716000,대구수성구,050,교육,053,평생ㆍ직업교육,3236331421
2022,대구,2716000,대구수성구,060,문화및관광,061,문화예술,22997990219
2022,대구,2716000,대구수성구,060,문화및관광,064,문화재,5259718490
2022,대구,2716000,대구수성구,060,문화및관광,063,체육,19851615804
2022,대구,2716000,대구수성구,060,문화및관광,062,관광,6122073540
2022,대구,2716000,대구수성구,070,환경,071,상하수도ㆍ수질,69921900
2022,대구,2716000,대구수성구,070,환경,076,환경보호일반,7218898845
2022,대구,2716000,대구수성구,070,환경,073,대기,1012996400
2022,대구,2716000,대구수성구,070,환경,072,폐기물,34644649681
2022,대구,2716000,대구수성구,080,사회복지,081,기초생활보장,92435178738
2022,대구,2716000,대구수성구,080,사회복지,089,사회복지일반,11546938630
2022,대구,2716000,대구수성구,080,사회복지,087,보훈,3311703000
2022,대구,2716000,대구수성구,080,사회복지,086,노동,9450697787
2022,대구,2716000,대구수성구,080,사회복지,085,노인ㆍ청소년,170723431367
2022,대구,2716000,대구수성구,080,사회복지,084,보육ㆍ가족및여성,124129368913
2022,대구,2716000,대구수성구,080,사회복지,082,취약계층지원,97721692001
2022,대구,2716000,대구수성구,090,보건,091,보건의료,26301339237
2022,대구,2716000,대구수성구,090,보건,093,식품의약안전,828705360
2022,대구,2716000,대구수성구,100,농림해양수산,101,농업ㆍ농촌,1911863020
2022,대구,2716000,대구수성구,100,농림해양수산,102,임업ㆍ산촌,4610605335
2022,대구,2716000,대구수성구,110,산업ㆍ중소기업및에너지,114,산업진흥ㆍ고도화,1705165077
2022,대구,2716000,대구수성구,110,산업ㆍ중소기업및에너지,116,산업ㆍ중소기업일반,49470000
2022,대구,2716000,대구수성구,110,산업ㆍ중소기업및에너지,115,에너지및자원개발,95839490
2022,대구,2716000,대구수성구,120,교통및물류,121,도로,17250442951
2022,대구,2716000,대구수성구,120,교통및물류,126,대중교통ㆍ물류등기타,7318809196
2022,대구,2716000,대구수성구,140,국토및지역개발,141,수자원,4499384333
2022,대구,2716000,대구수성구,140,국토및지역개발,142,지역및도시,19551844251
2022,대구,2716000,대구수성구,160,예비비,161,예비비,0
2022,대구,2716000,대구수성구,900,기타,901,기타,107406094006
2022,대구,2717000,대구달서구,010,일반공공행정,011,입법및선거관리,1576215870
2022,대구,2717000,대구달서구,010,일반공공행정,016,일반행정,48000866962
2022,대구,2717000,대구달서구,010,일반공공행정,013,지방행정ㆍ재정지원,1392742918
2022,대구,2717000,대구달서구,020,공공질서및안전,025,재난방재ㆍ민방위,6925373906
2022,대구,2717000,대구달서구,050,교육,051,유아및초중등교육,7828700230
2022,대구,2717000,대구달서구,050,교육,053,평생ㆍ직업교육,1504568550
2022,대구,2717000,대구달서구,060,문화및관광,061,문화예술,20728998463
2022,대구,2717000,대구달서구,060,문화및관광,063,체육,3965083800
2022,대구,2717000,대구달서구,070,환경,071,상하수도ㆍ수질,4679729120
2022,대구,2717000,대구달서구,070,환경,076,환경보호일반,588200345
2022,대구,2717000,대구달서구,070,환경,073,대기,1173530645
2022,대구,2717000,대구달서구,070,환경,072,폐기물,30129846380
2022,대구,2717000,대구달서구,080,사회복지,081,기초생활보장,157101358706
2022,대구,2717000,대구달서구,080,사회복지,089,사회복지일반,2639774990
2022,대구,2717000,대구달서구,080,사회복지,087,보훈,3405342887
2022,대구,2717000,대구달서구,080,사회복지,086,노동,13111186470
2022,대구,2717000,대구달서구,080,사회복지,085,노인ㆍ청소년,234048750430
2022,대구,2717000,대구달서구,080,사회복지,084,보육ㆍ가족및여성,157583585420
2022,대구,2717000,대구달서구,080,사회복지,082,취약계층지원,117711684206
2022,대구,2717000,대구달서구,090,보건,091,보건의료,39516327630
2022,대구,2717000,대구달서구,090,보건,093,식품의약안전,1795255098
2022,대구,2717000,대구달서구,100,농림해양수산,101,농업ㆍ농촌,1857103028
2022,대구,2717000,대구달서구,100,농림해양수산,102,임업ㆍ산촌,2882662410
2022,대구,2717000,대구달서구,110,산업ㆍ중소기업및에너지,114,산업진흥ㆍ고도화,4352631790
2022,대구,2717000,대구달서구,110,산업ㆍ중소기업및에너지,115,에너지및자원개발,36447000
2022,대구,2717000,대구달서구,120,교통및물류,121,도로,16365677290
2022,대구,2717000,대구달서구,120,교통및물류,126,대중교통ㆍ물류등기타,11033498603
2022,대구,2717000,대구달서구,140,국토및지역개발,142,지역및도시,31825053293
2022,대구,2717000,대구달서구,160,예비비,161,예비비,0
2022,대구,2717000,대구달서구,900,기타,901,기타,115378055786
2022,대구,2771000,대구달성군,010,일반공공행정,011,입법및선거관리,902612280
2022,대구,2771000,대구달성군,010,일반공공행정,016,일반행정,33212907602
2022,대구,2771000,대구달성군,010,일반공공행정,013,지방행정ㆍ재정지원,19567618340
2022,대구,2771000,대구달성군,020,공공질서및안전,025,재난방재ㆍ민방위,3586211340
2022,대구,2771000,대구달성군,050,교육,051,유아및초중등교육,5973045550
2022,대구,2771000,대구달성군,050,교육,053,평생ㆍ직업교육,8114561810
2022,대구,2771000,대구달성군,060,문화및관광,061,문화예술,5062165270
2022,대구,2771000,대구달성군,060,문화및관광,065,문화및관광일반,17076758750
2022,대구,2771000,대구달성군,060,문화및관광,064,문화재,3773080290
2022,대구,2771000,대구달성군,060,문화및관광,063,체육,16432635590
2022,대구,2771000,대구달성군,060,문화및관광,062,관광,4905085590
2022,대구,2771000,대구달성군,070,환경,071,상하수도ㆍ수질,972024380
2022,대구,2771000,대구달성군,070,환경,074,자연,718917110
2022,대구,2771000,대구달성군,070,환경,073,대기,1128909180
2022,대구,2771000,대구달성군,070,환경,072,폐기물,21795686130
2022,대구,2771000,대구달성군,080,사회복지,081,기초생활보장,70067142930
2022,대구,2771000,대구달성군,080,사회복지,087,보훈,3365703000
2022,대구,2771000,대구달성군,080,사회복지,086,노동,5828283390
2022,대구,2771000,대구달성군,080,사회복지,085,노인ㆍ청소년,119562054120
2022,대구,2771000,대구달성군,080,사회복지,084,보육ㆍ가족및여성,99403357124
2022,대구,2771000,대구달성군,080,사회복지,082,취약계층지원,78284118840
2022,대구,2771000,대구달성군,090,보건,091,보건의료,26505011007
2022,대구,2771000,대구달성군,090,보건,093,식품의약안전,963858590
2022,대구,2771000,대구달성군,100,농림해양수산,101,농업ㆍ농촌,42733250579
2022,대구,2771000,대구달성군,100,농림해양수산,102,임업ㆍ산촌,12251931700
2022,대구,2771000,대구달성군,110,산업ㆍ중소기업및에너지,113,무역및투자유치,552500000
2022,대구,2771000,대구달성군,110,산업ㆍ중소기업및에너지,116,산업ㆍ중소기업일반,862167160
2022,대구,2771000,대구달성군,110,산업ㆍ중소기업및에너지,115,에너지및자원개발,213518230
2022,대구,2771000,대구달성군,110,산업ㆍ중소기업및에너지,114,산업진흥ㆍ고도화,1150814370
2022,대구,2771000,대구달성군,120,교통및물류,121,도로,80978682330
2022,대구,2771000,대구달성군,120,교통및물류,126,대중교통ㆍ물류등기타,34318639620
2022,대구,2771000,대구달성군,140,국토및지역개발,141,수자원,13730478890
2022,대구,2771000,대구달성군,140,국토및지역개발,143,산업단지,45807430
2022,대구,2771000,대구달성군,140,국토및지역개발,142,지역및도시,49247439418
2022,대구,2771000,대구달성군,160,예비비,161,예비비,0
2022,대구,2771000,대구달성군,900,기타,901,기타,196615768030
2021,대구,2700000,대구본청,010,일반공공행정,011,입법및선거관리,3881876100
2021,대구,2700000,대구본청,010,일반공공행정,016,일반행정,99674813233
2021,대구,2700000,대구본청,010,일반공공행정,014,재정ㆍ금융,287960398553
2021,대구,2700000,대구본청,010,일반공공행정,013,지방행정ㆍ재정지원,4211806290
2021,대구,2700000,대구본청,020,공공질서및안전,025,재난방재ㆍ민방위,185490226019
2021,대구,2700000,대구본청,020,공공질서및안전,026,소방,54839510045
2021,대구,2700000,대구본청,050,교육,051,유아및초중등교육,657022266780
2021,대구,2700000,대구본청,050,교육,053,평생ㆍ직업교육,3359539710
2021,대구,2700000,대구본청,050,교육,052,고등교육,12680833634
2021,대구,2700000,대구본청,060,문화및관광,061,문화예술,122301969565
2021,대구,2700000,대구본청,060,문화및관광,064,문화재,1591040500
2021,대구,2700000,대구본청,060,문화및관광,063,체육,69598829355
2021,대구,2700000,대구본청,060,문화및관광,062,관광,36023407885
2021,대구,2700000,대구본청,070,환경,071,상하수도ㆍ수질,341944627741
2021,대구,2700000,대구본청,070,환경,076,환경보호일반,65243592788
2021,대구,2700000,대구본청,070,환경,074,자연,2963075850
2021,대구,2700000,대구본청,070,환경,073,대기,23323944870
2021,대구,2700000,대구본청,070,환경,072,폐기물,32863564561
2021,대구,2700000,대구본청,080,사회복지,081,기초생활보장,649167040680
2021,대구,2700000,대구본청,080,사회복지,087,보훈,1292575910
2021,대구,2700000,대구본청,080,사회복지,086,노동,53767487020
2021,대구,2700000,대구본청,080,사회복지,085,노인ㆍ청소년,131366062610
2021,대구,2700000,대구본청,080,사회복지,084,보육ㆍ가족및여성,25719809801
2021,대구,2700000,대구본청,080,사회복지,082,취약계층지원,69428544885
2021,대구,2700000,대구본청,090,보건,091,보건의료,50239991780
2021,대구,2700000,대구본청,090,보건,093,식품의약안전,2963566940
2021,대구,2700000,대구본청,100,농림해양수산,101,농업ㆍ농촌,34967873882
2021,대구,2700000,대구본청,100,농림해양수산,102,임업ㆍ산촌,4740660260
2021,대구,2700000,대구본청,110,산업ㆍ중소기업및에너지,111,산업금융지원,225513760740
2021,대구,2700000,대구본청,110,산업ㆍ중소기업및에너지,116,산업ㆍ중소기업일반,1180459298
2021,대구,2700000,대구본청,110,산업ㆍ중소기업및에너지,115,에너지및자원개발,16159519265
2021,대구,2700000,대구본청,110,산업ㆍ중소기업및에너지,114,산업진흥ㆍ고도화,224826048539
2021,대구,2700000,대구본청,110,산업ㆍ중소기업및에너지,113,무역및투자유치,60148491248
2021,대구,2700000,대구본청,110,산업ㆍ중소기업및에너지,112,산업기술지원,131924745370
2021,대구,2700000,대구본청,120,교통및물류,121,도로,144438233840
2021,대구,2700000,대구본청,120,교통및물류,126,대중교통ㆍ물류등기타,443842619659
2021,대구,2700000,대구본청,120,교통및물류,125,항공ㆍ공항,747348970
2021,대구,2700000,대구본청,120,교통및물류,123,도시철도,258177601605
2021,대구,2700000,대구본청,140,국토및지역개발,141,수자원,2301236920
2021,대구,2700000,대구본청,140,국토및지역개발,143,산업단지,4326132340
2021,대구,2700000,대구본청,140,국토및지역개발,142,지역및도시,275692646640
2021,대구,2700000,대구본청,150,과학기술,152,과학기술연구지원,51413459830
2021,대구,2700000,대구본청,160,예비비,161,예비비,0
2021,대구,2700000,대구본청,900,기타,901,기타,709038328487
2021,대구,2711000,대구중구,010,일반공공행정,011,입법및선거관리,543089180
2021,대구,2711000,대구중구,010,일반공공행정,016,일반행정,10241119668
2021,대구,2711000,대구중구,010,일반공공행정,014,재정ㆍ금융,37359432213
2021,대구,2711000,대구중구,010,일반공공행정,013,지방행정ㆍ재정지원,587110680
2021,대구,2711000,대구중구,020,공공질서및안전,025,재난방재ㆍ민방위,15460365301
2021,대구,2711000,대구중구,050,교육,051,유아및초중등교육,1079846700
2021,대구,2711000,대구중구,050,교육,053,평생ㆍ직업교육,139910000
2021,대구,2711000,대구중구,060,문화및관광,061,문화예술,2979535486
2021,대구,2711000,대구중구,060,문화및관광,065,문화및관광일반,146153160
2021,대구,2711000,대구중구,060,문화및관광,064,문화재,223204800
2021,대구,2711000,대구중구,060,문화및관광,063,체육,8162657439
2021,대구,2711000,대구중구,060,문화및관광,062,관광,1762252990
2021,대구,2711000,대구중구,070,환경,071,상하수도ㆍ수질,46420520
2021,대구,2711000,대구중구,070,환경,073,대기,456997840
2021,대구,2711000,대구중구,070,환경,072,폐기물,9416025706
2021,대구,2711000,대구중구,080,사회복지,081,기초생활보장,15001357046
2021,대구,2711000,대구중구,080,사회복지,089,사회복지일반,183792965
2021,대구,2711000,대구중구,080,사회복지,088,주택,5388116966
2021,대구,2711000,대구중구,080,사회복지,087,보훈,738569080
2021,대구,2711000,대구중구,080,사회복지,086,노동,5916787490
2021,대구,2711000,대구중구,080,사회복지,085,노인ㆍ청소년,51548054524
2021,대구,2711000,대구중구,080,사회복지,084,보육ㆍ가족및여성,18263828597
2021,대구,2711000,대구중구,080,사회복지,082,취약계층지원,29333505485
2021,대구,2711000,대구중구,090,보건,091,보건의료,6324536924
2021,대구,2711000,대구중구,090,보건,093,식품의약안전,387114134
2021,대구,2711000,대구중구,100,농림해양수산,101,농업ㆍ농촌,195359650
2021,대구,2711000,대구중구,110,산업ㆍ중소기업및에너지,114,산업진흥ㆍ고도화,4985572444
2021,대구,2711000,대구중구,110,산업ㆍ중소기업및에너지,115,에너지및자원개발,76429990
2021,대구,2711000,대구중구,120,교통및물류,121,도로,6610824850
2021,대구,2711000,대구중구,120,교통및물류,126,대중교통ㆍ물류등기타,6726262570
2021,대구,2711000,대구중구,140,국토및지역개발,142,지역및도시,12787125852
2021,대구,2711000,대구중구,160,예비비,161,예비비,0
2021,대구,2711000,대구중구,900,기타,901,기타,59222150532
2021,대구,2712000,대구동구,010,일반공공행정,011,입법및선거관리,1000213370
2021,대구,2712000,대구동구,010,일반공공행정,016,일반행정,118765770618
2021,대구,2712000,대구동구,010,일반공공행정,013,지방행정ㆍ재정지원,1262981820
2021,대구,2712000,대구동구,020,공공질서및안전,025,재난방재ㆍ민방위,5921420450
2021,대구,2712000,대구동구,050,교육,053,평생ㆍ직업교육,3895908330
2021,대구,2712000,대구동구,060,문화및관광,061,문화예술,8496532823
2021,대구,2712000,대구동구,060,문화및관광,065,문화및관광일반,188716319
2021,대구,2712000,대구동구,060,문화및관광,064,문화재,4252200670
2021,대구,2712000,대구동구,060,문화및관광,063,체육,4291929360
2021,대구,2712000,대구동구,070,환경,072,폐기물,22025221330
2021,대구,2712000,대구동구,070,환경,076,환경보호일반,1267716040
2021,대구,2712000,대구동구,080,사회복지,081,기초생활보장,98597753743
2021,대구,2712000,대구동구,080,사회복지,089,사회복지일반,20979072050
2021,대구,2712000,대구동구,080,사회복지,086,노동,10628943040
2021,대구,2712000,대구동구,080,사회복지,085,노인ㆍ청소년,218485770522
2021,대구,2712000,대구동구,080,사회복지,084,보육ㆍ가족및여성,79860951132
2021,대구,2712000,대구동구,080,사회복지,082,취약계층지원,61742412140
2021,대구,2712000,대구동구,090,보건,091,보건의료,16798218030
2021,대구,2712000,대구동구,090,보건,093,식품의약안전,2068406920
2021,대구,2712000,대구동구,100,농림해양수산,101,농업ㆍ농촌,4371267615
2021,대구,2712000,대구동구,110,산업ㆍ중소기업및에너지,114,산업진흥ㆍ고도화,4106533284
2021,대구,2712000,대구동구,110,산업ㆍ중소기업및에너지,115,에너지및자원개발,128702450
2021,대구,2712000,대구동구,120,교통및물류,121,도로,16580313650
2021,대구,2712000,대구동구,120,교통및물류,126,대중교통ㆍ물류등기타,2457256490
2021,대구,2712000,대구동구,140,국토및지역개발,141,수자원,6803091060
2021,대구,2712000,대구동구,140,국토및지역개발,142,지역및도시,17363294492
2021,대구,2712000,대구동구,160,예비비,161,예비비,0
2021,대구,2712000,대구동구,900,기타,901,기타,95555153477
2021,대구,2713000,대구서구,010,일반공공행정,011,입법및선거관리,528999650
2021,대구,2713000,대구서구,010,일반공공행정,016,일반행정,47012835955
2021,대구,2713000,대구서구,010,일반공공행정,014,재정ㆍ금융,41934221483
2021,대구,2713000,대구서구,010,일반공공행정,013,지방행정ㆍ재정지원,304125470
2021,대구,2713000,대구서구,020,공공질서및안전,025,재난방재ㆍ민방위,1047041530
2021,대구,2713000,대구서구,050,교육,051,유아및초중등교육,2798274500
2021,대구,2713000,대구서구,050,교육,053,평생ㆍ직업교육,172681730
2021,대구,2713000,대구서구,060,문화및관광,061,문화예술,4122140500
2021,대구,2713000,대구서구,060,문화및관광,063,체육,2205113130
2021,대구,2713000,대구서구,070,환경,071,상하수도ㆍ수질,332546290
2021,대구,2713000,대구서구,070,환경,076,환경보호일반,105551745
2021,대구,2713000,대구서구,070,환경,073,대기,1157339570
2021,대구,2713000,대구서구,070,환경,072,폐기물,10346172510
2021,대구,2713000,대구서구,080,사회복지,081,기초생활보장,65039342225
2021,대구,2713000,대구서구,080,사회복지,086,노동,8691015960
2021,대구,2713000,대구서구,080,사회복지,085,노인ㆍ청소년,128425203290
2021,대구,2713000,대구서구,080,사회복지,084,보육ㆍ가족및여성,12115601840
2021,대구,2713000,대구서구,080,사회복지,082,취약계층지원,69348237145
2021,대구,2713000,대구서구,090,보건,091,보건의료,8235546830
2021,대구,2713000,대구서구,090,보건,093,식품의약안전,685150520
2021,대구,2713000,대구서구,100,농림해양수산,101,농업ㆍ농촌,296159200
2021,대구,2713000,대구서구,100,농림해양수산,102,임업ㆍ산촌,544566670
2021,대구,2713000,대구서구,110,산업ㆍ중소기업및에너지,114,산업진흥ㆍ고도화,277548540
2021,대구,2713000,대구서구,110,산업ㆍ중소기업및에너지,115,에너지및자원개발,200899920
2021,대구,2713000,대구서구,120,교통및물류,121,도로,7181477800
2021,대구,2713000,대구서구,120,교통및물류,126,대중교통ㆍ물류등기타,2207310520
2021,대구,2713000,대구서구,140,국토및지역개발,142,지역및도시,26354466990
2021,대구,2713000,대구서구,160,예비비,161,예비비,0
2021,대구,2713000,대구서구,900,기타,901,기타,67513313551
2021,대구,2714000,대구남구,010,일반공공행정,011,입법및선거관리,638802870
2021,대구,2714000,대구남구,010,일반공공행정,016,일반행정,60717834637
2021,대구,2714000,대구남구,010,일반공공행정,014,재정ㆍ금융,527674560
2021,대구,2714000,대구남구,010,일반공공행정,013,지방행정ㆍ재정지원,853983873
2021,대구,2714000,대구남구,020,공공질서및안전,025,재난방재ㆍ민방위,28316538220
2021,대구,2714000,대구남구,050,교육,051,유아및초중등교육,1723453470
2021,대구,2714000,대구남구,050,교육,053,평생ㆍ직업교육,324156570
2021,대구,2714000,대구남구,050,교육,052,고등교육,334079400
2021,대구,2714000,대구남구,060,문화및관광,061,문화예술,1417450900
2021,대구,2714000,대구남구,060,문화및관광,064,문화재,450050720
2021,대구,2714000,대구남구,060,문화및관광,063,체육,3858040080
2021,대구,2714000,대구남구,060,문화및관광,062,관광,272229480
2021,대구,2714000,대구남구,070,환경,071,상하수도ㆍ수질,311726070
2021,대구,2714000,대구남구,070,환경,076,환경보호일반,24700090
2021,대구,2714000,대구남구,070,환경,073,대기,248509420
2021,대구,2714000,대구남구,070,환경,072,폐기물,9903308510
2021,대구,2714000,대구남구,080,사회복지,081,기초생활보장,64670331820
2021,대구,2714000,대구남구,080,사회복지,087,보훈,1599998690
2021,대구,2714000,대구남구,080,사회복지,086,노동,8656407400
2021,대구,2714000,대구남구,080,사회복지,085,노인ㆍ청소년,104159851405
2021,대구,2714000,대구남구,080,사회복지,084,보육ㆍ가족및여성,29385907557
2021,대구,2714000,대구남구,080,사회복지,082,취약계층지원,55003308070
2021,대구,2714000,대구남구,090,보건,091,보건의료,8820426510
2021,대구,2714000,대구남구,090,보건,093,식품의약안전,588269620
2021,대구,2714000,대구남구,100,농림해양수산,101,농업ㆍ농촌,441184180
2021,대구,2714000,대구남구,110,산업ㆍ중소기업및에너지,114,산업진흥ㆍ고도화,599850390
2021,대구,2714000,대구남구,110,산업ㆍ중소기업및에너지,115,에너지및자원개발,8946000
2021,대구,2714000,대구남구,120,교통및물류,121,도로,3861988410
2021,대구,2714000,대구남구,120,교통및물류,126,대중교통ㆍ물류등기타,3192290440
2021,대구,2714000,대구남구,140,국토및지역개발,142,지역및도시,14233487210
2021,대구,2714000,대구남구,160,예비비,161,예비비,0
2021,대구,2714000,대구남구,900,기타,901,기타,63010679094
2021,대구,2715000,대구북구,010,일반공공행정,011,입법및선거관리,1224858408
2021,대구,2715000,대구북구,010,일반공공행정,016,일반행정,49289141049
2021,대구,2715000,대구북구,010,일반공공행정,013,지방행정ㆍ재정지원,1225760840
2021,대구,2715000,대구북구,020,공공질서및안전,025,재난방재ㆍ민방위,84885358930
2021,대구,2715000,대구북구,050,교육,051,유아및초중등교육,5671536810
2021,대구,2715000,대구북구,050,교육,053,평생ㆍ직업교육,190260107
2021,대구,2715000,대구북구,060,문화및관광,061,문화예술,8319215950
2021,대구,2715000,대구북구,060,문화및관광,065,문화및관광일반,11750800
2021,대구,2715000,대구북구,060,문화및관광,064,문화재,4001148710
2021,대구,2715000,대구북구,060,문화및관광,063,체육,4196516690
2021,대구,2715000,대구북구,060,문화및관광,062,관광,896211734
2021,대구,2715000,대구북구,070,환경,071,상하수도ㆍ수질,58179205
2021,대구,2715000,대구북구,070,환경,076,환경보호일반,318997880
2021,대구,2715000,대구북구,070,환경,073,대기,839278030
2021,대구,2715000,대구북구,070,환경,072,폐기물,24069389846
2021,대구,2715000,대구북구,080,사회복지,081,기초생활보장,99297146261
2021,대구,2715000,대구북구,080,사회복지,087,보훈,2899821320
2021,대구,2715000,대구북구,080,사회복지,086,노동,12938751360
2021,대구,2715000,대구북구,080,사회복지,085,노인ㆍ청소년,183640144336
2021,대구,2715000,대구북구,080,사회복지,084,보육ㆍ가족및여성,136442496728
2021,대구,2715000,대구북구,080,사회복지,082,취약계층지원,59197035740
2021,대구,2715000,대구북구,090,보건,091,보건의료,16933751980
2021,대구,2715000,대구북구,090,보건,093,식품의약안전,941262310
2021,대구,2715000,대구북구,100,농림해양수산,101,농업ㆍ농촌,1693125010
2021,대구,2715000,대구북구,100,농림해양수산,102,임업ㆍ산촌,1760137855
2021,대구,2715000,대구북구,110,산업ㆍ중소기업및에너지,116,산업ㆍ중소기업일반,8014478442
2021,대구,2715000,대구북구,120,교통및물류,121,도로,13826774151
2021,대구,2715000,대구북구,120,교통및물류,126,대중교통ㆍ물류등기타,4894116750
2021,대구,2715000,대구북구,140,국토및지역개발,141,수자원,9239462600
2021,대구,2715000,대구북구,140,국토및지역개발,142,지역및도시,22701812920
2021,대구,2715000,대구북구,160,예비비,161,예비비,0
2021,대구,2715000,대구북구,900,기타,901,기타,101243078554
2021,대구,2716000,대구수성구,010,일반공공행정,011,입법및선거관리,1761355371
2021,대구,2716000,대구수성구,010,일반공공행정,016,일반행정,28602295410
2021,대구,2716000,대구수성구,010,일반공공행정,014,재정ㆍ금융,32876497000
2021,대구,2716000,대구수성구,010,일반공공행정,013,지방행정ㆍ재정지원,1757765548
2021,대구,2716000,대구수성구,020,공공질서및안전,025,재난방재ㆍ민방위,11675046056
2021,대구,2716000,대구수성구,050,교육,051,유아및초중등교육,4971200710
2021,대구,2716000,대구수성구,050,교육,053,평생ㆍ직업교육,3770690177
2021,대구,2716000,대구수성구,060,문화및관광,061,문화예술,19247377920
2021,대구,2716000,대구수성구,060,문화및관광,065,문화및관광일반,7746420
2021,대구,2716000,대구수성구,060,문화및관광,064,문화재,1318956421
2021,대구,2716000,대구수성구,060,문화및관광,063,체육,17313953168
2021,대구,2716000,대구수성구,060,문화및관광,062,관광,1269979740
2021,대구,2716000,대구수성구,070,환경,071,상하수도ㆍ수질,50336500
2021,대구,2716000,대구수성구,070,환경,076,환경보호일반,505024750
2021,대구,2716000,대구수성구,070,환경,073,대기,406912818
2021,대구,2716000,대구수성구,070,환경,072,폐기물,25094173465
2021,대구,2716000,대구수성구,080,사회복지,081,기초생활보장,80268242388
2021,대구,2716000,대구수성구,080,사회복지,089,사회복지일반,65399294590
2021,대구,2716000,대구수성구,080,사회복지,087,보훈,3295188250
2021,대구,2716000,대구수성구,080,사회복지,086,노동,17039036898
2021,대구,2716000,대구수성구,080,사회복지,085,노인ㆍ청소년,160711397547
2021,대구,2716000,대구수성구,080,사회복지,084,보육ㆍ가족및여성,116965725450
2021,대구,2716000,대구수성구,080,사회복지,082,취약계층지원,77215254246
2021,대구,2716000,대구수성구,090,보건,091,보건의료,17985581328
2021,대구,2716000,대구수성구,090,보건,093,식품의약안전,810867660
2021,대구,2716000,대구수성구,100,농림해양수산,101,농업ㆍ농촌,2000425910
2021,대구,2716000,대구수성구,100,농림해양수산,102,임업ㆍ산촌,4193047850
2021,대구,2716000,대구수성구,110,산업ㆍ중소기업및에너지,114,산업진흥ㆍ고도화,1744877022
2021,대구,2716000,대구수성구,110,산업ㆍ중소기업및에너지,116,산업ㆍ중소기업일반,1798000
2021,대구,2716000,대구수성구,110,산업ㆍ중소기업및에너지,115,에너지및자원개발,144819760
2021,대구,2716000,대구수성구,120,교통및물류,121,도로,14373068252
2021,대구,2716000,대구수성구,120,교통및물류,126,대중교통ㆍ물류등기타,8546560390
2021,대구,2716000,대구수성구,140,국토및지역개발,141,수자원,5918997870
2021,대구,2716000,대구수성구,140,국토및지역개발,142,지역및도시,17750170044
2021,대구,2716000,대구수성구,160,예비비,161,예비비,0
2021,대구,2716000,대구수성구,900,기타,901,기타,100426498258
2021,대구,2717000,대구달서구,010,일반공공행정,011,입법및선거관리,1634327800
2021,대구,2717000,대구달서구,010,일반공공행정,016,일반행정,143851406910
2021,대구,2717000,대구달서구,010,일반공공행정,013,지방행정ㆍ재정지원,1536960106
2021,대구,2717000,대구달서구,020,공공질서및안전,025,재난방재ㆍ민방위,6470427436
2021,대구,2717000,대구달서구,050,교육,051,유아및초중등교육,6477856030
2021,대구,2717000,대구달서구,050,교육,053,평생ㆍ직업교육,1385937190
2021,대구,2717000,대구달서구,060,문화및관광,061,문화예술,11467280359
2021,대구,2717000,대구달서구,060,문화및관광,065,문화및관광일반,674260
2021,대구,2717000,대구달서구,060,문화및관광,063,체육,3766690253
2021,대구,2717000,대구달서구,070,환경,071,상하수도ㆍ수질,4343158103
2021,대구,2717000,대구달서구,070,환경,076,환경보호일반,668754419
2021,대구,2717000,대구달서구,070,환경,073,대기,881112388
2021,대구,2717000,대구달서구,070,환경,072,폐기물,28644828870
2021,대구,2717000,대구달서구,080,사회복지,081,기초생활보장,138036928770
2021,대구,2717000,대구달서구,080,사회복지,089,사회복지일반,1210716440
2021,대구,2717000,대구달서구,080,사회복지,087,보훈,3596185120
2021,대구,2717000,대구달서구,080,사회복지,086,노동,17608071920
2021,대구,2717000,대구달서구,080,사회복지,085,노인ㆍ청소년,215998132674
2021,대구,2717000,대구달서구,080,사회복지,084,보육ㆍ가족및여성,155453931364
2021,대구,2717000,대구달서구,080,사회복지,082,취약계층지원,94882670865
2021,대구,2717000,대구달서구,090,보건,091,보건의료,23586145079
2021,대구,2717000,대구달서구,090,보건,093,식품의약안전,1422482277
2021,대구,2717000,대구달서구,100,농림해양수산,101,농업ㆍ농촌,1056406280
2021,대구,2717000,대구달서구,100,농림해양수산,102,임업ㆍ산촌,6111901610
2021,대구,2717000,대구달서구,110,산업ㆍ중소기업및에너지,114,산업진흥ㆍ고도화,5278410509
2021,대구,2717000,대구달서구,120,교통및물류,121,도로,16785854780
2021,대구,2717000,대구달서구,120,교통및물류,126,대중교통ㆍ물류등기타,8035210043
2021,대구,2717000,대구달서구,140,국토및지역개발,142,지역및도시,40635104555
2021,대구,2717000,대구달서구,160,예비비,161,예비비,0
2021,대구,2717000,대구달서구,900,기타,901,기타,109217096435
2021,대구,2771000,대구달성군,010,일반공공행정,011,입법및선거관리,815663990
2021,대구,2771000,대구달성군,010,일반공공행정,016,일반행정,75468883834
2021,대구,2771000,대구달성군,010,일반공공행정,013,지방행정ㆍ재정지원,17596000202
2021,대구,2771000,대구달성군,020,공공질서및안전,025,재난방재ㆍ민방위,3432288920
2021,대구,2771000,대구달성군,050,교육,051,유아및초중등교육,5366126640
2021,대구,2771000,대구달성군,050,교육,053,평생ㆍ직업교육,4232633040
2021,대구,2771000,대구달성군,060,문화및관광,061,문화예술,5529607320
2021,대구,2771000,대구달성군,060,문화및관광,065,문화및관광일반,8279898310
2021,대구,2771000,대구달성군,060,문화및관광,064,문화재,3456309210
2021,대구,2771000,대구달성군,060,문화및관광,063,체육,10781173472
2021,대구,2771000,대구달성군,060,문화및관광,062,관광,5688965590
2021,대구,2771000,대구달성군,070,환경,071,상하수도ㆍ수질,876463490
2021,대구,2771000,대구달성군,070,환경,074,자연,570845110
2021,대구,2771000,대구달성군,070,환경,073,대기,1083644750
2021,대구,2771000,대구달성군,070,환경,072,폐기물,24730664389
2021,대구,2771000,대구달성군,080,사회복지,081,기초생활보장,52444533043
2021,대구,2771000,대구달성군,080,사회복지,087,보훈,3577536080
2021,대구,2771000,대구달성군,080,사회복지,086,노동,8755489130
2021,대구,2771000,대구달성군,080,사회복지,085,노인ㆍ청소년,109590274090
2021,대구,2771000,대구달성군,080,사회복지,084,보육ㆍ가족및여성,94817246400
2021,대구,2771000,대구달성군,080,사회복지,082,취약계층지원,70315192160
2021,대구,2771000,대구달성군,090,보건,091,보건의료,18534053660
2021,대구,2771000,대구달성군,090,보건,093,식품의약안전,956061070
2021,대구,2771000,대구달성군,100,농림해양수산,101,농업ㆍ농촌,40358834739
2021,대구,2771000,대구달성군,100,농림해양수산,102,임업ㆍ산촌,13194714980
2021,대구,2771000,대구달성군,110,산업ㆍ중소기업및에너지,113,무역및투자유치,471797000
2021,대구,2771000,대구달성군,110,산업ㆍ중소기업및에너지,116,산업ㆍ중소기업일반,665739710
2021,대구,2771000,대구달성군,110,산업ㆍ중소기업및에너지,115,에너지및자원개발,47875280
2021,대구,2771000,대구달성군,110,산업ㆍ중소기업및에너지,114,산업진흥ㆍ고도화,2214731880
2021,대구,2771000,대구달성군,120,교통및물류,121,도로,91389802200
2021,대구,2771000,대구달성군,120,교통및물류,126,대중교통ㆍ물류등기타,30168641470
2021,대구,2771000,대구달성군,140,국토및지역개발,141,수자원,14683316980
2021,대구,2771000,대구달성군,140,국토및지역개발,143,산업단지,32934550
2021,대구,2771000,대구달성군,140,국토및지역개발,142,지역및도시,44903787829
2021,대구,2771000,대구달성군,160,예비비,161,예비비,0
2021,대구,2771000,대구달성군,900,기타,901,기타,143339504993
2020,대구,2700000,대구본청,010,일반공공행정,011,입법및선거관리,4022538645
2020,대구,2700000,대구본청,010,일반공공행정,016,일반행정,86577149736
2020,대구,2700000,대구본청,010,일반공공행정,014,재정ㆍ금융,233286815968
2020,대구,2700000,대구본청,010,일반공공행정,013,지방행정ㆍ재정지원,5153969760
2020,대구,2700000,대구본청,020,공공질서및안전,025,재난방재ㆍ민방위,154590139139
2020,대구,2700000,대구본청,020,공공질서및안전,026,소방,47558192649
2020,대구,2700000,대구본청,050,교육,051,유아및초중등교육,548468256700
2020,대구,2700000,대구본청,050,교육,053,평생ㆍ직업교육,2507438350
2020,대구,2700000,대구본청,050,교육,052,고등교육,10200531500
2020,대구,2700000,대구본청,060,문화및관광,061,문화예술,99329383809
2020,대구,2700000,대구본청,060,문화및관광,064,문화재,1519826900
2020,대구,2700000,대구본청,060,문화및관광,063,체육,78799955096
2020,대구,2700000,대구본청,060,문화및관광,062,관광,13426360080
2020,대구,2700000,대구본청,070,환경,071,상하수도ㆍ수질,603604322803
2020,대구,2700000,대구본청,070,환경,076,환경보호일반,47447390955
2020,대구,2700000,대구본청,070,환경,074,자연,3763127260
2020,대구,2700000,대구본청,070,환경,073,대기,15538588550
2020,대구,2700000,대구본청,070,환경,072,폐기물,32953476829
2020,대구,2700000,대구본청,080,사회복지,081,기초생활보장,885341124810
2020,대구,2700000,대구본청,080,사회복지,087,보훈,2593706840
2020,대구,2700000,대구본청,080,사회복지,086,노동,74958292530
2020,대구,2700000,대구본청,080,사회복지,085,노인ㆍ청소년,117584160274
2020,대구,2700000,대구본청,080,사회복지,084,보육ㆍ가족및여성,21328006170
2020,대구,2700000,대구본청,080,사회복지,082,취약계층지원,52113037640
2020,대구,2700000,대구본청,090,보건,091,보건의료,64419993680
2020,대구,2700000,대구본청,090,보건,093,식품의약안전,5686238970
2020,대구,2700000,대구본청,100,농림해양수산,101,농업ㆍ농촌,27975360914
2020,대구,2700000,대구본청,100,농림해양수산,102,임업ㆍ산촌,10254356150
2020,대구,2700000,대구본청,110,산업ㆍ중소기업및에너지,111,산업금융지원,131697875050
2020,대구,2700000,대구본청,110,산업ㆍ중소기업및에너지,116,산업ㆍ중소기업일반,2050750650
2020,대구,2700000,대구본청,110,산업ㆍ중소기업및에너지,115,에너지및자원개발,13478032420
2020,대구,2700000,대구본청,110,산업ㆍ중소기업및에너지,114,산업진흥ㆍ고도화,199250018590
2020,대구,2700000,대구본청,110,산업ㆍ중소기업및에너지,113,무역및투자유치,75085695854
2020,대구,2700000,대구본청,110,산업ㆍ중소기업및에너지,112,산업기술지원,78409605293
2020,대구,2700000,대구본청,120,교통및물류,121,도로,193252560565
2020,대구,2700000,대구본청,120,교통및물류,126,대중교통ㆍ물류등기타,390661757651
2020,대구,2700000,대구본청,120,교통및물류,125,항공ㆍ공항,590536950
2020,대구,2700000,대구본청,120,교통및물류,123,도시철도,303916081190
2020,대구,2700000,대구본청,140,국토및지역개발,141,수자원,3201280810
2020,대구,2700000,대구본청,140,국토및지역개발,143,산업단지,13499525920
2020,대구,2700000,대구본청,140,국토및지역개발,142,지역및도시,357484386020
2020,대구,2700000,대구본청,150,과학기술,152,과학기술연구지원,55621388170
2020,대구,2700000,대구본청,160,예비비,161,예비비,0
2020,대구,2700000,대구본청,900,기타,901,기타,676517025818
2020,대구,2711000,대구중구,010,일반공공행정,011,입법및선거관리,491641572
2020,대구,2711000,대구중구,010,일반공공행정,016,일반행정,43428555400
2020,대구,2711000,대구중구,010,일반공공행정,014,재정ㆍ금융,33842429803
2020,대구,2711000,대구중구,010,일반공공행정,013,지방행정ㆍ재정지원,566399800
2020,대구,2711000,대구중구,020,공공질서및안전,025,재난방재ㆍ민방위,2939017111
2020,대구,2711000,대구중구,050,교육,051,유아및초중등교육,813893982
2020,대구,2711000,대구중구,050,교육,053,평생ㆍ직업교육,21214360
2020,대구,2711000,대구중구,060,문화및관광,061,문화예술,2905801376
2020,대구,2711000,대구중구,060,문화및관광,065,문화및관광일반,135934230
2020,대구,2711000,대구중구,060,문화및관광,064,문화재,484477320
2020,대구,2711000,대구중구,060,문화및관광,063,체육,8331134410
2020,대구,2711000,대구중구,060,문화및관광,062,관광,1703706100
2020,대구,2711000,대구중구,070,환경,071,상하수도ㆍ수질,120553530
2020,대구,2711000,대구중구,070,환경,073,대기,750705020
2020,대구,2711000,대구중구,070,환경,072,폐기물,7934895984
2020,대구,2711000,대구중구,080,사회복지,081,기초생활보장,15956613761
2020,대구,2711000,대구중구,080,사회복지,089,사회복지일반,262282722
2020,대구,2711000,대구중구,080,사회복지,088,주택,4869500320
2020,대구,2711000,대구중구,080,사회복지,087,보훈,722842264
2020,대구,2711000,대구중구,080,사회복지,086,노동,8505103100
2020,대구,2711000,대구중구,080,사회복지,085,노인ㆍ청소년,48470127949
2020,대구,2711000,대구중구,080,사회복지,084,보육ㆍ가족및여성,18524453330
2020,대구,2711000,대구중구,080,사회복지,082,취약계층지원,30938475982
2020,대구,2711000,대구중구,090,보건,091,보건의료,5864776528
2020,대구,2711000,대구중구,090,보건,093,식품의약안전,388906890
2020,대구,2711000,대구중구,100,농림해양수산,101,농업ㆍ농촌,155413660
2020,대구,2711000,대구중구,110,산업ㆍ중소기업및에너지,114,산업진흥ㆍ고도화,23676200348
2020,대구,2711000,대구중구,110,산업ㆍ중소기업및에너지,115,에너지및자원개발,35053675
2020,대구,2711000,대구중구,120,교통및물류,121,도로,9193313716
2020,대구,2711000,대구중구,120,교통및물류,126,대중교통ㆍ물류등기타,2318333470
2020,대구,2711000,대구중구,140,국토및지역개발,142,지역및도시,12670092977
2020,대구,2711000,대구중구,160,예비비,161,예비비,0
2020,대구,2711000,대구중구,900,기타,901,기타,58774992599
2020,대구,2712000,대구동구,010,일반공공행정,011,입법및선거관리,1014411520
2020,대구,2712000,대구동구,010,일반공공행정,016,일반행정,152946832364
2020,대구,2712000,대구동구,010,일반공공행정,013,지방행정ㆍ재정지원,1227104600
2020,대구,2712000,대구동구,020,공공질서및안전,025,재난방재ㆍ민방위,5134316820
2020,대구,2712000,대구동구,050,교육,053,평생ㆍ직업교육,2378852330
2020,대구,2712000,대구동구,060,문화및관광,065,문화및관광일반,59182920
2020,대구,2712000,대구동구,060,문화및관광,064,문화재,2574614740
2020,대구,2712000,대구동구,060,문화및관광,063,체육,2758941850
2020,대구,2712000,대구동구,060,문화및관광,061,문화예술,6398934318
2020,대구,2712000,대구동구,070,환경,072,폐기물,18844408960
2020,대구,2712000,대구동구,070,환경,076,환경보호일반,1357648130
2020,대구,2712000,대구동구,080,사회복지,081,기초생활보장,106609536888
2020,대구,2712000,대구동구,080,사회복지,089,사회복지일반,18896422060
2020,대구,2712000,대구동구,080,사회복지,086,노동,17013223350
2020,대구,2712000,대구동구,080,사회복지,085,노인ㆍ청소년,210263537260
2020,대구,2712000,대구동구,080,사회복지,084,보육ㆍ가족및여성,82358061381
2020,대구,2712000,대구동구,080,사회복지,082,취약계층지원,56971469190
2020,대구,2712000,대구동구,090,보건,091,보건의료,16672926028
2020,대구,2712000,대구동구,090,보건,093,식품의약안전,1341923090
2020,대구,2712000,대구동구,100,농림해양수산,101,농업ㆍ농촌,4576326370
2020,대구,2712000,대구동구,110,산업ㆍ중소기업및에너지,114,산업진흥ㆍ고도화,23083098340
2020,대구,2712000,대구동구,110,산업ㆍ중소기업및에너지,115,에너지및자원개발,133760990
2020,대구,2712000,대구동구,120,교통및물류,121,도로,23768455921
2020,대구,2712000,대구동구,120,교통및물류,126,대중교통ㆍ물류등기타,9380709720
2020,대구,2712000,대구동구,140,국토및지역개발,141,수자원,8893695449
2020,대구,2712000,대구동구,140,국토및지역개발,142,지역및도시,26110639643
2020,대구,2712000,대구동구,160,예비비,161,예비비,0
2020,대구,2712000,대구동구,900,기타,901,기타,92433186632
2020,대구,2713000,대구서구,010,일반공공행정,011,입법및선거관리,858193140
2020,대구,2713000,대구서구,010,일반공공행정,016,일반행정,82766356123
2020,대구,2713000,대구서구,010,일반공공행정,014,재정ㆍ금융,25061784857
2020,대구,2713000,대구서구,010,일반공공행정,013,지방행정ㆍ재정지원,334966430
2020,대구,2713000,대구서구,020,공공질서및안전,025,재난방재ㆍ민방위,970573500
2020,대구,2713000,대구서구,050,교육,051,유아및초중등교육,2263086800
2020,대구,2713000,대구서구,050,교육,053,평생ㆍ직업교육,117269790
2020,대구,2713000,대구서구,060,문화및관광,061,문화예술,4485674100
2020,대구,2713000,대구서구,060,문화및관광,063,체육,2919303010
2020,대구,2713000,대구서구,070,환경,071,상하수도ㆍ수질,781444970
2020,대구,2713000,대구서구,070,환경,076,환경보호일반,124390270
2020,대구,2713000,대구서구,070,환경,073,대기,1344116010
2020,대구,2713000,대구서구,070,환경,072,폐기물,9458669550
2020,대구,2713000,대구서구,080,사회복지,081,기초생활보장,60096737373
2020,대구,2713000,대구서구,080,사회복지,086,노동,10765555050
2020,대구,2713000,대구서구,080,사회복지,085,노인ㆍ청소년,117342535501
2020,대구,2713000,대구서구,080,사회복지,084,보육ㆍ가족및여성,15053746808
2020,대구,2713000,대구서구,080,사회복지,082,취약계층지원,77469476437
2020,대구,2713000,대구서구,090,보건,091,보건의료,7516350190
2020,대구,2713000,대구서구,090,보건,093,식품의약안전,502604070
2020,대구,2713000,대구서구,100,농림해양수산,101,농업ㆍ농촌,292150030
2020,대구,2713000,대구서구,100,농림해양수산,102,임업ㆍ산촌,539497090
2020,대구,2713000,대구서구,110,산업ㆍ중소기업및에너지,114,산업진흥ㆍ고도화,12872595600
2020,대구,2713000,대구서구,110,산업ㆍ중소기업및에너지,115,에너지및자원개발,265589700
2020,대구,2713000,대구서구,120,교통및물류,121,도로,6524828860
2020,대구,2713000,대구서구,120,교통및물류,126,대중교통ㆍ물류등기타,2341501080
2020,대구,2713000,대구서구,140,국토및지역개발,142,지역및도시,23643590150
2020,대구,2713000,대구서구,160,예비비,161,예비비,0
2020,대구,2713000,대구서구,900,기타,901,기타,69395364420
2020,대구,2714000,대구남구,010,일반공공행정,011,입법및선거관리,532532490
2020,대구,2714000,대구남구,010,일반공공행정,016,일반행정,53630809565
2020,대구,2714000,대구남구,010,일반공공행정,014,재정ㆍ금융,542849410
2020,대구,2714000,대구남구,010,일반공공행정,013,지방행정ㆍ재정지원,832855730
2020,대구,2714000,대구남구,020,공공질서및안전,025,재난방재ㆍ민방위,58288149790
2020,대구,2714000,대구남구,050,교육,051,유아및초중등교육,1616512650
2020,대구,2714000,대구남구,050,교육,053,평생ㆍ직업교육,278773840
2020,대구,2714000,대구남구,050,교육,052,고등교육,311618266
2020,대구,2714000,대구남구,060,문화및관광,061,문화예술,2263955803
2020,대구,2714000,대구남구,060,문화및관광,064,문화재,297614540
2020,대구,2714000,대구남구,060,문화및관광,063,체육,2368003570
2020,대구,2714000,대구남구,070,환경,071,상하수도ㆍ수질,841405800
2020,대구,2714000,대구남구,070,환경,076,환경보호일반,70736570
2020,대구,2714000,대구남구,070,환경,073,대기,301497050
2020,대구,2714000,대구남구,070,환경,072,폐기물,11147625420
2020,대구,2714000,대구남구,080,사회복지,081,기초생활보장,61153115955
2020,대구,2714000,대구남구,080,사회복지,087,보훈,1847930050
2020,대구,2714000,대구남구,080,사회복지,086,노동,10398922570
2020,대구,2714000,대구남구,080,사회복지,085,노인ㆍ청소년,95411574435
2020,대구,2714000,대구남구,080,사회복지,084,보육ㆍ가족및여성,29994799450
2020,대구,2714000,대구남구,080,사회복지,082,취약계층지원,63943570283
2020,대구,2714000,대구남구,090,보건,091,보건의료,9241914130
2020,대구,2714000,대구남구,090,보건,093,식품의약안전,679073610
2020,대구,2714000,대구남구,100,농림해양수산,101,농업ㆍ농촌,252456770
2020,대구,2714000,대구남구,110,산업ㆍ중소기업및에너지,114,산업진흥ㆍ고도화,10356250190
2020,대구,2714000,대구남구,110,산업ㆍ중소기업및에너지,115,에너지및자원개발,22181500
2020,대구,2714000,대구남구,120,교통및물류,121,도로,1982081170
2020,대구,2714000,대구남구,120,교통및물류,126,대중교통ㆍ물류등기타,8744576990
2020,대구,2714000,대구남구,140,국토및지역개발,142,지역및도시,8725963110
2020,대구,2714000,대구남구,160,예비비,161,예비비,0
2020,대구,2714000,대구남구,900,기타,901,기타,62063309827
2020,대구,2715000,대구북구,010,일반공공행정,011,입법및선거관리,1146434896
2020,대구,2715000,대구북구,010,일반공공행정,016,일반행정,200753409576
2020,대구,2715000,대구북구,010,일반공공행정,013,지방행정ㆍ재정지원,1183659680
2020,대구,2715000,대구북구,020,공공질서및안전,025,재난방재ㆍ민방위,1603733150
2020,대구,2715000,대구북구,050,교육,051,유아및초중등교육,3409453200
2020,대구,2715000,대구북구,050,교육,053,평생ㆍ직업교육,138987849
2020,대구,2715000,대구북구,060,문화및관광,061,문화예술,7529055610
2020,대구,2715000,대구북구,060,문화및관광,065,문화및관광일반,7753820
2020,대구,2715000,대구북구,060,문화및관광,064,문화재,2598788030
2020,대구,2715000,대구북구,060,문화및관광,063,체육,4477488494
2020,대구,2715000,대구북구,060,문화및관광,062,관광,818667070
2020,대구,2715000,대구북구,070,환경,071,상하수도ㆍ수질,938325338
2020,대구,2715000,대구북구,070,환경,076,환경보호일반,353323030
2020,대구,2715000,대구북구,070,환경,073,대기,937698050
2020,대구,2715000,대구북구,070,환경,072,폐기물,24901477125
2020,대구,2715000,대구북구,080,사회복지,081,기초생활보장,97693993966
2020,대구,2715000,대구북구,080,사회복지,087,보훈,4412972250
2020,대구,2715000,대구북구,080,사회복지,086,노동,18363232490
2020,대구,2715000,대구북구,080,사회복지,085,노인ㆍ청소년,164300327155
2020,대구,2715000,대구북구,080,사회복지,084,보육ㆍ가족및여성,152469146206
2020,대구,2715000,대구북구,080,사회복지,082,취약계층지원,54398828750
2020,대구,2715000,대구북구,090,보건,091,보건의료,17193555830
2020,대구,2715000,대구북구,090,보건,093,식품의약안전,843261800
2020,대구,2715000,대구북구,100,농림해양수산,101,농업ㆍ농촌,1483267190
2020,대구,2715000,대구북구,100,농림해양수산,102,임업ㆍ산촌,2281699580
2020,대구,2715000,대구북구,110,산업ㆍ중소기업및에너지,116,산업ㆍ중소기업일반,40909784293
2020,대구,2715000,대구북구,120,교통및물류,121,도로,17249226796
2020,대구,2715000,대구북구,120,교통및물류,126,대중교통ㆍ물류등기타,5198271990
2020,대구,2715000,대구북구,140,국토및지역개발,141,수자원,9288971840
2020,대구,2715000,대구북구,140,국토및지역개발,142,지역및도시,29369897407
2020,대구,2715000,대구북구,160,예비비,161,예비비,0
2020,대구,2715000,대구북구,900,기타,901,기타,99143990616
2020,대구,2716000,대구수성구,010,일반공공행정,011,입법및선거관리,1737646550
2020,대구,2716000,대구수성구,010,일반공공행정,016,일반행정,175025171700
2020,대구,2716000,대구수성구,010,일반공공행정,014,재정ㆍ금융,40000000000
2020,대구,2716000,대구수성구,010,일반공공행정,013,지방행정ㆍ재정지원,2428690199
2020,대구,2716000,대구수성구,020,공공질서및안전,025,재난방재ㆍ민방위,5038768420
2020,대구,2716000,대구수성구,050,교육,051,유아및초중등교육,4287510820
2020,대구,2716000,대구수성구,050,교육,053,평생ㆍ직업교육,1974085014
2020,대구,2716000,대구수성구,060,문화및관광,061,문화예술,17448097410
2020,대구,2716000,대구수성구,060,문화및관광,065,문화및관광일반,19458460
2020,대구,2716000,대구수성구,060,문화및관광,064,문화재,755191410
2020,대구,2716000,대구수성구,060,문화및관광,063,체육,10467310219
2020,대구,2716000,대구수성구,060,문화및관광,062,관광,908082121
2020,대구,2716000,대구수성구,070,환경,071,상하수도ㆍ수질,77066620
2020,대구,2716000,대구수성구,070,환경,076,환경보호일반,470299000
2020,대구,2716000,대구수성구,070,환경,073,대기,635833370
2020,대구,2716000,대구수성구,070,환경,072,폐기물,23102653755
2020,대구,2716000,대구수성구,080,사회복지,081,기초생활보장,78314297565
2020,대구,2716000,대구수성구,080,사회복지,087,보훈,3164030890
2020,대구,2716000,대구수성구,080,사회복지,086,노동,20535329776
2020,대구,2716000,대구수성구,080,사회복지,085,노인ㆍ청소년,145637229693
2020,대구,2716000,대구수성구,080,사회복지,084,보육ㆍ가족및여성,123820703685
2020,대구,2716000,대구수성구,080,사회복지,082,취약계층지원,81519505296
2020,대구,2716000,대구수성구,090,보건,091,보건의료,15823712640
2020,대구,2716000,대구수성구,090,보건,093,식품의약안전,917986700
2020,대구,2716000,대구수성구,100,농림해양수산,101,농업ㆍ농촌,2356893300
2020,대구,2716000,대구수성구,100,농림해양수산,102,임업ㆍ산촌,3241586531
2020,대구,2716000,대구수성구,110,산업ㆍ중소기업및에너지,114,산업진흥ㆍ고도화,24860690424
2020,대구,2716000,대구수성구,110,산업ㆍ중소기업및에너지,116,산업ㆍ중소기업일반,1670000
2020,대구,2716000,대구수성구,110,산업ㆍ중소기업및에너지,115,에너지및자원개발,515831180
2020,대구,2716000,대구수성구,120,교통및물류,121,도로,17682761820
2020,대구,2716000,대구수성구,120,교통및물류,126,대중교통ㆍ물류등기타,6585018950
2020,대구,2716000,대구수성구,140,국토및지역개발,141,수자원,4213834160
2020,대구,2716000,대구수성구,140,국토및지역개발,142,지역및도시,19611779019
2020,대구,2716000,대구수성구,160,예비비,161,예비비,0
2020,대구,2716000,대구수성구,900,기타,901,기타,99141064103
2020,대구,2717000,대구달서구,010,일반공공행정,011,입법및선거관리,1430642089
2020,대구,2717000,대구달서구,010,일반공공행정,016,일반행정,233021013615
2020,대구,2717000,대구달서구,010,일반공공행정,013,지방행정ㆍ재정지원,1467738262
2020,대구,2717000,대구달서구,020,공공질서및안전,025,재난방재ㆍ민방위,9117908310
2020,대구,2717000,대구달서구,050,교육,051,유아및초중등교육,4707396010
2020,대구,2717000,대구달서구,050,교육,053,평생ㆍ직업교육,542926370
2020,대구,2717000,대구달서구,060,문화및관광,061,문화예술,11150910148
2020,대구,2717000,대구달서구,060,문화및관광,065,문화및관광일반,260
2020,대구,2717000,대구달서구,060,문화및관광,063,체육,4988225710
2020,대구,2717000,대구달서구,070,환경,071,상하수도ㆍ수질,3093344503
2020,대구,2717000,대구달서구,070,환경,076,환경보호일반,497507183
2020,대구,2717000,대구달서구,070,환경,073,대기,837358531
2020,대구,2717000,대구달서구,070,환경,072,폐기물,28757672325
2020,대구,2717000,대구달서구,080,사회복지,081,기초생활보장,130938289761
2020,대구,2717000,대구달서구,080,사회복지,089,사회복지일반,1488732730
2020,대구,2717000,대구달서구,080,사회복지,087,보훈,3409553470
2020,대구,2717000,대구달서구,080,사회복지,086,노동,23314217620
2020,대구,2717000,대구달서구,080,사회복지,085,노인ㆍ청소년,197651713379
2020,대구,2717000,대구달서구,080,사회복지,084,보육ㆍ가족및여성,175574510818
2020,대구,2717000,대구달서구,080,사회복지,082,취약계층지원,107680102475
2020,대구,2717000,대구달서구,090,보건,091,보건의료,24178267835
2020,대구,2717000,대구달서구,090,보건,093,식품의약안전,925153101
2020,대구,2717000,대구달서구,100,농림해양수산,101,농업ㆍ농촌,598631050
2020,대구,2717000,대구달서구,100,농림해양수산,102,임업ㆍ산촌,2971785488
2020,대구,2717000,대구달서구,110,산업ㆍ중소기업및에너지,114,산업진흥ㆍ고도화,38143397320
2020,대구,2717000,대구달서구,120,교통및물류,121,도로,16566992900
2020,대구,2717000,대구달서구,120,교통및물류,126,대중교통ㆍ물류등기타,9365754136
2020,대구,2717000,대구달서구,140,국토및지역개발,142,지역및도시,34883733424
2020,대구,2717000,대구달서구,160,예비비,161,예비비,0
2020,대구,2717000,대구달서구,900,기타,901,기타,106115883346
2020,대구,2771000,대구달성군,010,일반공공행정,011,입법및선거관리,680311135
2020,대구,2771000,대구달성군,010,일반공공행정,016,일반행정,115204141040
2020,대구,2771000,대구달성군,010,일반공공행정,013,지방행정ㆍ재정지원,16077518535
2020,대구,2771000,대구달성군,020,공공질서및안전,025,재난방재ㆍ민방위,10507001920
2020,대구,2771000,대구달성군,050,교육,051,유아및초중등교육,5483332660
2020,대구,2771000,대구달성군,050,교육,053,평생ㆍ직업교육,1983236840
2020,대구,2771000,대구달성군,060,문화및관광,061,문화예술,9744667330
2020,대구,2771000,대구달성군,060,문화및관광,065,문화및관광일반,7823150610
2020,대구,2771000,대구달성군,060,문화및관광,064,문화재,5238408990
2020,대구,2771000,대구달성군,060,문화및관광,063,체육,6532079724
2020,대구,2771000,대구달성군,060,문화및관광,062,관광,4877687736
2020,대구,2771000,대구달성군,070,환경,071,상하수도ㆍ수질,1029261840
2020,대구,2771000,대구달성군,070,환경,074,자연,316757700
2020,대구,2771000,대구달성군,070,환경,073,대기,794991770
2020,대구,2771000,대구달성군,070,환경,072,폐기물,20746467035
2020,대구,2771000,대구달성군,080,사회복지,087,보훈,2510721500
2020,대구,2771000,대구달성군,080,사회복지,086,노동,13892595800
2020,대구,2771000,대구달성군,080,사회복지,085,노인ㆍ청소년,99232727420
2020,대구,2771000,대구달성군,080,사회복지,084,보육ㆍ가족및여성,96270770040
2020,대구,2771000,대구달성군,080,사회복지,082,취약계층지원,78850575422
2020,대구,2771000,대구달성군,080,사회복지,081,기초생활보장,54038509425
2020,대구,2771000,대구달성군,090,보건,091,보건의료,29777677821
2020,대구,2771000,대구달성군,090,보건,093,식품의약안전,1287952870
2020,대구,2771000,대구달성군,100,농림해양수산,101,농업ㆍ농촌,35657670823
2020,대구,2771000,대구달성군,100,농림해양수산,102,임업ㆍ산촌,11407446566
2020,대구,2771000,대구달성군,110,산업ㆍ중소기업및에너지,113,무역및투자유치,458897000
2020,대구,2771000,대구달성군,110,산업ㆍ중소기업및에너지,116,산업ㆍ중소기업일반,15181120020
2020,대구,2771000,대구달성군,110,산업ㆍ중소기업및에너지,115,에너지및자원개발,44235740
2020,대구,2771000,대구달성군,110,산업ㆍ중소기업및에너지,114,산업진흥ㆍ고도화,85401500
2020,대구,2771000,대구달성군,120,교통및물류,121,도로,114347844630
2020,대구,2771000,대구달성군,120,교통및물류,126,대중교통ㆍ물류등기타,16460606780
2020,대구,2771000,대구달성군,140,국토및지역개발,141,수자원,26827208283
2020,대구,2771000,대구달성군,140,국토및지역개발,143,산업단지,324243700
2020,대구,2771000,대구달성군,140,국토및지역개발,142,지역및도시,38849715692
2020,대구,2771000,대구달성군,160,예비비,161,예비비,0
2020,대구,2771000,대구달성군,900,기타,901,기타,136380812507
2019,대구,2700000,대구본청,010,일반공공행정,011,입법및선거관리,3941397840
2019,대구,2700000,대구본청,010,일반공공행정,016,일반행정,84670148305
2019,대구,2700000,대구본청,010,일반공공행정,014,재정ㆍ금융,262262703790
2019,대구,2700000,대구본청,010,일반공공행정,013,지방행정ㆍ재정지원,3958899010
2019,대구,2700000,대구본청,020,공공질서및안전,025,재난방재ㆍ민방위,66140824190
2019,대구,2700000,대구본청,020,공공질서및안전,026,소방,63152571299
2019,대구,2700000,대구본청,050,교육,051,유아및초중등교육,535699674300
2019,대구,2700000,대구본청,050,교육,053,평생ㆍ직업교육,1603396300
2019,대구,2700000,대구본청,060,문화및관광,061,문화예술,130718838310
2019,대구,2700000,대구본청,060,문화및관광,064,문화재,1412861300
2019,대구,2700000,대구본청,060,문화및관광,063,체육,100008281998
2019,대구,2700000,대구본청,060,문화및관광,062,관광,16303246560
2019,대구,2700000,대구본청,070,환경보호,071,상하수도ㆍ수질,261251538600
2019,대구,2700000,대구본청,070,환경보호,076,환경보호일반,4645725550
2019,대구,2700000,대구본청,070,환경보호,074,자연,8617758106
2019,대구,2700000,대구본청,070,환경보호,073,대기,28200093010
2019,대구,2700000,대구본청,070,환경보호,072,폐기물,32741117432
2019,대구,2700000,대구본청,080,사회복지,081,기초생활보장,579103125830
2019,대구,2700000,대구본청,080,사회복지,087,보훈,1980047040
2019,대구,2700000,대구본청,080,사회복지,086,노동,47637780030
2019,대구,2700000,대구본청,080,사회복지,085,노인ㆍ청소년,106313594930
2019,대구,2700000,대구본청,080,사회복지,084,보육ㆍ가족및여성,18361523640
2019,대구,2700000,대구본청,080,사회복지,082,취약계층지원,44292733730
2019,대구,2700000,대구본청,090,보건,091,보건의료,26074667956
2019,대구,2700000,대구본청,090,보건,093,식품의약안전,2972627940
2019,대구,2700000,대구본청,100,농림해양수산,101,농업ㆍ농촌,18715936245
2019,대구,2700000,대구본청,100,농림해양수산,102,임업ㆍ산촌,14875232600
2019,대구,2700000,대구본청,110,산업ㆍ중소기업,111,산업금융지원,71330329970
2019,대구,2700000,대구본청,110,산업ㆍ중소기업,116,산업ㆍ중소기업일반,3360488100
2019,대구,2700000,대구본청,110,산업ㆍ중소기업,115,에너지및자원개발,9864818590
2019,대구,2700000,대구본청,110,산업ㆍ중소기업,114,산업진흥ㆍ고도화,175920004249
2019,대구,2700000,대구본청,110,산업ㆍ중소기업,113,무역및투자유치,33652443498
2019,대구,2700000,대구본청,110,산업ㆍ중소기업,112,산업기술지원,117593052490
2019,대구,2700000,대구본청,120,수송및교통,121,도로,143317046116
2019,대구,2700000,대구본청,120,수송및교통,126,대중교통ㆍ물류등기타,328868247595
2019,대구,2700000,대구본청,120,수송및교통,125,항공ㆍ공항,1157365890
2019,대구,2700000,대구본청,120,수송및교통,123,도시철도,241342569500
2019,대구,2700000,대구본청,140,국토및지역개발,141,수자원,5167960820
2019,대구,2700000,대구본청,140,국토및지역개발,143,산업단지,10862222149
2019,대구,2700000,대구본청,140,국토및지역개발,142,지역및도시,92596162840
2019,대구,2700000,대구본청,150,과학기술,152,과학기술연구지원,79154661880
2019,대구,2700000,대구본청,160,예비비,161,예비비,0
2019,대구,2700000,대구본청,900,기타,901,기타,653563728093
2019,대구,2711000,대구중구,010,일반공공행정,011,입법및선거관리,517100416
2019,대구,2711000,대구중구,010,일반공공행정,016,일반행정,14780155006
2019,대구,2711000,대구중구,010,일반공공행정,014,재정ㆍ금융,27300781641
2019,대구,2711000,대구중구,010,일반공공행정,013,지방행정ㆍ재정지원,529325306
2019,대구,2711000,대구중구,020,공공질서및안전,025,재난방재ㆍ민방위,3129398593
2019,대구,2711000,대구중구,050,교육,051,유아및초중등교육,712254084
2019,대구,2711000,대구중구,050,교육,053,평생ㆍ직업교육,177507280
2019,대구,2711000,대구중구,060,문화및관광,061,문화예술,2598557630
2019,대구,2711000,대구중구,060,문화및관광,064,문화재,440231640
2019,대구,2711000,대구중구,060,문화및관광,063,체육,6061630040
2019,대구,2711000,대구중구,060,문화및관광,062,관광,1877638865
2019,대구,2711000,대구중구,070,환경보호,071,상하수도ㆍ수질,138397110
2019,대구,2711000,대구중구,070,환경보호,076,환경보호일반,341510
2019,대구,2711000,대구중구,070,환경보호,073,대기,139052780
2019,대구,2711000,대구중구,070,환경보호,072,폐기물,6488392034
2019,대구,2711000,대구중구,080,사회복지,081,기초생활보장,12916807347
2019,대구,2711000,대구중구,080,사회복지,089,사회복지일반,64211817
2019,대구,2711000,대구중구,080,사회복지,088,주택,4036013980
2019,대구,2711000,대구중구,080,사회복지,087,보훈,692880977
2019,대구,2711000,대구중구,080,사회복지,086,노동,3578460260
2019,대구,2711000,대구중구,080,사회복지,085,노인ㆍ청소년,43207130720
2019,대구,2711000,대구중구,080,사회복지,084,보육ㆍ가족및여성,17359380050
2019,대구,2711000,대구중구,080,사회복지,082,취약계층지원,24641731497
2019,대구,2711000,대구중구,090,보건,091,보건의료,4767848653
2019,대구,2711000,대구중구,090,보건,093,식품의약안전,302370830
2019,대구,2711000,대구중구,100,농림해양수산,101,농업ㆍ농촌,158407740
2019,대구,2711000,대구중구,110,산업ㆍ중소기업,114,산업진흥ㆍ고도화,4503905650
2019,대구,2711000,대구중구,110,산업ㆍ중소기업,115,에너지및자원개발,71008730
2019,대구,2711000,대구중구,120,수송및교통,121,도로,9979381152
2019,대구,2711000,대구중구,120,수송및교통,126,대중교통ㆍ물류등기타,8390442550
2019,대구,2711000,대구중구,140,국토및지역개발,142,지역및도시,12807316626
2019,대구,2711000,대구중구,160,예비비,161,예비비,0
2019,대구,2711000,대구중구,900,기타,901,기타,56188769569
2019,대구,2712000,대구동구,010,일반공공행정,011,입법및선거관리,880085770
2019,대구,2712000,대구동구,010,일반공공행정,016,일반행정,19121504876
2019,대구,2712000,대구동구,010,일반공공행정,013,지방행정ㆍ재정지원,1105394422
2019,대구,2712000,대구동구,020,공공질서및안전,025,재난방재ㆍ민방위,6272318120
2019,대구,2712000,대구동구,050,교육,053,평생ㆍ직업교육,2801801110
2019,대구,2712000,대구동구,060,문화및관광,061,문화예술,9680045410
2019,대구,2712000,대구동구,060,문화및관광,065,문화및관광일반,53110040
2019,대구,2712000,대구동구,060,문화및관광,064,문화재,3483724970
2019,대구,2712000,대구동구,060,문화및관광,063,체육,1715112480
2019,대구,2712000,대구동구,070,환경보호,072,폐기물,17065262730
2019,대구,2712000,대구동구,070,환경보호,076,환경보호일반,839367008
2019,대구,2712000,대구동구,080,사회복지,081,기초생활보장,69089091830
2019,대구,2712000,대구동구,080,사회복지,089,사회복지일반,13733189481
2019,대구,2712000,대구동구,080,사회복지,086,노동,4707478840
2019,대구,2712000,대구동구,080,사회복지,085,노인ㆍ청소년,183942207051
2019,대구,2712000,대구동구,080,사회복지,084,보육ㆍ가족및여성,76981024842
2019,대구,2712000,대구동구,080,사회복지,082,취약계층지원,53480160625
2019,대구,2712000,대구동구,090,보건,091,보건의료,15578974300
2019,대구,2712000,대구동구,090,보건,093,식품의약안전,709266680
2019,대구,2712000,대구동구,100,농림해양수산,101,농업ㆍ농촌,4268006578
2019,대구,2712000,대구동구,110,산업ㆍ중소기업,114,산업진흥ㆍ고도화,1951024990
2019,대구,2712000,대구동구,110,산업ㆍ중소기업,115,에너지및자원개발,178529570
2019,대구,2712000,대구동구,120,수송및교통,121,도로,26420901600
2019,대구,2712000,대구동구,120,수송및교통,126,대중교통ㆍ물류등기타,2678624790
2019,대구,2712000,대구동구,140,국토및지역개발,141,수자원,6685525480
2019,대구,2712000,대구동구,140,국토및지역개발,142,지역및도시,19107598950
2019,대구,2712000,대구동구,160,예비비,161,예비비,0
2019,대구,2712000,대구동구,900,기타,901,기타,85046201512
2019,대구,2713000,대구서구,010,일반공공행정,011,입법및선거관리,641314120
2019,대구,2713000,대구서구,010,일반공공행정,016,일반행정,12295012590
2019,대구,2713000,대구서구,010,일반공공행정,014,재정ㆍ금융,48126176592
2019,대구,2713000,대구서구,010,일반공공행정,013,지방행정ㆍ재정지원,302774050
2019,대구,2713000,대구서구,020,공공질서및안전,025,재난방재ㆍ민방위,1405052510
2019,대구,2713000,대구서구,050,교육,051,유아및초중등교육,1967734250
2019,대구,2713000,대구서구,050,교육,053,평생ㆍ직업교육,219320070
2019,대구,2713000,대구서구,060,문화및관광,061,문화예술,3667628070
2019,대구,2713000,대구서구,060,문화및관광,063,체육,2598006940
2019,대구,2713000,대구서구,070,환경보호,071,상하수도ㆍ수질,293005640
2019,대구,2713000,대구서구,070,환경보호,076,환경보호일반,133766450
2019,대구,2713000,대구서구,070,환경보호,073,대기,296000250
2019,대구,2713000,대구서구,070,환경보호,072,폐기물,8863014070
2019,대구,2713000,대구서구,080,사회복지,081,기초생활보장,44735244552
2019,대구,2713000,대구서구,080,사회복지,086,노동,2832331350
2019,대구,2713000,대구서구,080,사회복지,085,노인ㆍ청소년,101423330236
2019,대구,2713000,대구서구,080,사회복지,084,보육ㆍ가족및여성,12593777020
2019,대구,2713000,대구서구,080,사회복지,082,취약계층지원,60924264510
2019,대구,2713000,대구서구,090,보건,091,보건의료,7533684910
2019,대구,2713000,대구서구,090,보건,093,식품의약안전,446815790
2019,대구,2713000,대구서구,100,농림해양수산,101,농업ㆍ농촌,286974720
2019,대구,2713000,대구서구,100,농림해양수산,102,임업ㆍ산촌,285809050
2019,대구,2713000,대구서구,110,산업ㆍ중소기업,114,산업진흥ㆍ고도화,171217290
2019,대구,2713000,대구서구,110,산업ㆍ중소기업,115,에너지및자원개발,292693600
2019,대구,2713000,대구서구,120,수송및교통,121,도로,5739238910
2019,대구,2713000,대구서구,120,수송및교통,126,대중교통ㆍ물류등기타,2105565980
2019,대구,2713000,대구서구,140,국토및지역개발,142,지역및도시,22205834480
2019,대구,2713000,대구서구,160,예비비,161,예비비,0
2019,대구,2713000,대구서구,900,기타,901,기타,65249798708
2019,대구,2714000,대구남구,010,일반공공행정,011,입법및선거관리,596729000
2019,대구,2714000,대구남구,010,일반공공행정,016,일반행정,35326314870
2019,대구,2714000,대구남구,010,일반공공행정,014,재정ㆍ금융,878040
2019,대구,2714000,대구남구,010,일반공공행정,013,지방행정ㆍ재정지원,790359040
2019,대구,2714000,대구남구,020,공공질서및안전,025,재난방재ㆍ민방위,727467800
2019,대구,2714000,대구남구,050,교육,051,유아및초중등교육,1347093770
2019,대구,2714000,대구남구,050,교육,053,평생ㆍ직업교육,453538050
2019,대구,2714000,대구남구,050,교육,052,고등교육,356054330
2019,대구,2714000,대구남구,060,문화및관광,061,문화예술,3204742620
2019,대구,2714000,대구남구,060,문화및관광,064,문화재,753302260
2019,대구,2714000,대구남구,060,문화및관광,063,체육,2086021980
2019,대구,2714000,대구남구,070,환경보호,071,상하수도ㆍ수질,1135360330
2019,대구,2714000,대구남구,070,환경보호,076,환경보호일반,63902490
2019,대구,2714000,대구남구,070,환경보호,073,대기,151814110
2019,대구,2714000,대구남구,070,환경보호,072,폐기물,7995701390
2019,대구,2714000,대구남구,080,사회복지,081,기초생활보장,47406810650
2019,대구,2714000,대구남구,080,사회복지,087,보훈,2056908290
2019,대구,2714000,대구남구,080,사회복지,086,노동,2809432210
2019,대구,2714000,대구남구,080,사회복지,085,노인ㆍ청소년,83948726360
2019,대구,2714000,대구남구,080,사회복지,084,보육ㆍ가족및여성,28811116050
2019,대구,2714000,대구남구,080,사회복지,082,취약계층지원,42855229026
2019,대구,2714000,대구남구,090,보건,091,보건의료,7295148570
2019,대구,2714000,대구남구,090,보건,093,식품의약안전,593481240
2019,대구,2714000,대구남구,100,농림해양수산,101,농업ㆍ농촌,214682590
2019,대구,2714000,대구남구,110,산업ㆍ중소기업,114,산업진흥ㆍ고도화,577622780
2019,대구,2714000,대구남구,110,산업ㆍ중소기업,115,에너지및자원개발,178526260
2019,대구,2714000,대구남구,120,수송및교통,121,도로,1809559000
2019,대구,2714000,대구남구,120,수송및교통,126,대중교통ㆍ물류등기타,2057449830
2019,대구,2714000,대구남구,140,국토및지역개발,142,지역및도시,10966585810
2019,대구,2714000,대구남구,160,예비비,161,예비비,0
2019,대구,2714000,대구남구,900,기타,901,기타,58120002545
2019,대구,2715000,대구북구,010,일반공공행정,011,입법및선거관리,1117385889
2019,대구,2715000,대구북구,010,일반공공행정,016,일반행정,24622876387
2019,대구,2715000,대구북구,010,일반공공행정,013,지방행정ㆍ재정지원,1086680610
2019,대구,2715000,대구북구,020,공공질서및안전,025,재난방재ㆍ민방위,1973536190
2019,대구,2715000,대구북구,050,교육,051,유아및초중등교육,4003212240
2019,대구,2715000,대구북구,050,교육,053,평생ㆍ직업교육,248535170
2019,대구,2715000,대구북구,060,문화및관광,061,문화예술,7309493210
2019,대구,2715000,대구북구,060,문화및관광,065,문화및관광일반,254208000
2019,대구,2715000,대구북구,060,문화및관광,064,문화재,2168908570
2019,대구,2715000,대구북구,060,문화및관광,063,체육,5208558038
2019,대구,2715000,대구북구,060,문화및관광,062,관광,4796169280
2019,대구,2715000,대구북구,070,환경보호,071,상하수도ㆍ수질,142785210
2019,대구,2715000,대구북구,070,환경보호,076,환경보호일반,322606040
2019,대구,2715000,대구북구,070,환경보호,073,대기,190661340
2019,대구,2715000,대구북구,070,환경보호,072,폐기물,23413855394
2019,대구,2715000,대구북구,080,사회복지,081,기초생활보장,59242951083
2019,대구,2715000,대구북구,080,사회복지,087,보훈,4296930070
2019,대구,2715000,대구북구,080,사회복지,086,노동,4399443110
2019,대구,2715000,대구북구,080,사회복지,085,노인ㆍ청소년,141202352700
2019,대구,2715000,대구북구,080,사회복지,084,보육ㆍ가족및여성,134325350012
2019,대구,2715000,대구북구,080,사회복지,082,취약계층지원,49628005850
2019,대구,2715000,대구북구,090,보건,091,보건의료,18344587083
2019,대구,2715000,대구북구,090,보건,093,식품의약안전,827838290
2019,대구,2715000,대구북구,100,농림해양수산,101,농업ㆍ농촌,2051205060
2019,대구,2715000,대구북구,100,농림해양수산,102,임업ㆍ산촌,2942116264
2019,대구,2715000,대구북구,110,산업ㆍ중소기업,116,산업ㆍ중소기업일반,3267674440
2019,대구,2715000,대구북구,120,수송및교통,121,도로,19001613535
2019,대구,2715000,대구북구,120,수송및교통,126,대중교통ㆍ물류등기타,3897293070
2019,대구,2715000,대구북구,140,국토및지역개발,141,수자원,11942712970
2019,대구,2715000,대구북구,140,국토및지역개발,142,지역및도시,21265119290
2019,대구,2715000,대구북구,160,예비비,161,예비비,0
2019,대구,2715000,대구북구,900,기타,901,기타,91725210224
2019,대구,2716000,대구수성구,010,일반공공행정,011,입법및선거관리,1513216840
2019,대구,2716000,대구수성구,010,일반공공행정,016,일반행정,28266930497
2019,대구,2716000,대구수성구,010,일반공공행정,014,재정ㆍ금융,53000000000
2019,대구,2716000,대구수성구,010,일반공공행정,013,지방행정ㆍ재정지원,1527492741
2019,대구,2716000,대구수성구,020,공공질서및안전,025,재난방재ㆍ민방위,6070514580
2019,대구,2716000,대구수성구,050,교육,051,유아및초중등교육,3802513990
2019,대구,2716000,대구수성구,050,교육,053,평생ㆍ직업교육,2883338222
2019,대구,2716000,대구수성구,060,문화및관광,061,문화예술,14684500902
2019,대구,2716000,대구수성구,060,문화및관광,065,문화및관광일반,46859910
2019,대구,2716000,대구수성구,060,문화및관광,064,문화재,764777490
2019,대구,2716000,대구수성구,060,문화및관광,063,체육,6254475970
2019,대구,2716000,대구수성구,060,문화및관광,062,관광,2003744004
2019,대구,2716000,대구수성구,070,환경보호,071,상하수도ㆍ수질,61704700
2019,대구,2716000,대구수성구,070,환경보호,076,환경보호일반,325124880
2019,대구,2716000,대구수성구,070,환경보호,073,대기,203835460
2019,대구,2716000,대구수성구,070,환경보호,072,폐기물,20408596197
2019,대구,2716000,대구수성구,080,사회복지,081,기초생활보장,60781762549
2019,대구,2716000,대구수성구,080,사회복지,087,보훈,2877748270
2019,대구,2716000,대구수성구,080,사회복지,086,노동,5355464520
2019,대구,2716000,대구수성구,080,사회복지,085,노인ㆍ청소년,125111661593
2019,대구,2716000,대구수성구,080,사회복지,084,보육ㆍ가족및여성,102996975959
2019,대구,2716000,대구수성구,080,사회복지,082,취약계층지원,54760404393
2019,대구,2716000,대구수성구,090,보건,091,보건의료,13042310072
2019,대구,2716000,대구수성구,090,보건,093,식품의약안전,703809640
2019,대구,2716000,대구수성구,100,농림해양수산,101,농업ㆍ농촌,2359835865
2019,대구,2716000,대구수성구,100,농림해양수산,102,임업ㆍ산촌,3203440966
2019,대구,2716000,대구수성구,110,산업ㆍ중소기업,114,산업진흥ㆍ고도화,1702838704
2019,대구,2716000,대구수성구,110,산업ㆍ중소기업,116,산업ㆍ중소기업일반,1787000
2019,대구,2716000,대구수성구,110,산업ㆍ중소기업,115,에너지및자원개발,60102030
2019,대구,2716000,대구수성구,120,수송및교통,121,도로,12762496086
2019,대구,2716000,대구수성구,120,수송및교통,126,대중교통ㆍ물류등기타,7756740017
2019,대구,2716000,대구수성구,140,국토및지역개발,141,수자원,5624925730
2019,대구,2716000,대구수성구,140,국토및지역개발,142,지역및도시,11265792169
2019,대구,2716000,대구수성구,160,예비비,161,예비비,0
2019,대구,2716000,대구수성구,900,기타,901,기타,92915785126
2019,대구,2717000,대구달서구,010,일반공공행정,011,입법및선거관리,1548017760
2019,대구,2717000,대구달서구,010,일반공공행정,016,일반행정,26136453578
2019,대구,2717000,대구달서구,010,일반공공행정,013,지방행정ㆍ재정지원,1362458965
2019,대구,2717000,대구달서구,020,공공질서및안전,025,재난방재ㆍ민방위,6096814950
2019,대구,2717000,대구달서구,050,교육,051,유아및초중등교육,6722052700
2019,대구,2717000,대구달서구,050,교육,053,평생ㆍ직업교육,595622834
2019,대구,2717000,대구달서구,060,문화및관광,061,문화예술,9443118664
2019,대구,2717000,대구달서구,060,문화및관광,065,문화및관광일반,670
2019,대구,2717000,대구달서구,060,문화및관광,063,체육,3414890681
2019,대구,2717000,대구달서구,070,환경보호,071,상하수도ㆍ수질,1528224285
2019,대구,2717000,대구달서구,070,환경보호,076,환경보호일반,305810435
2019,대구,2717000,대구달서구,070,환경보호,073,대기,117347700
2019,대구,2717000,대구달서구,070,환경보호,072,폐기물,22668949948
2019,대구,2717000,대구달서구,080,사회복지,081,기초생활보장,98779938619
2019,대구,2717000,대구달서구,080,사회복지,089,사회복지일반,809992810
2019,대구,2717000,대구달서구,080,사회복지,087,보훈,3157232220
2019,대구,2717000,대구달서구,080,사회복지,086,노동,6409744360
2019,대구,2717000,대구달서구,080,사회복지,085,노인ㆍ청소년,168704571833
2019,대구,2717000,대구달서구,080,사회복지,084,보육ㆍ가족및여성,156112209873
2019,대구,2717000,대구달서구,080,사회복지,082,취약계층지원,72973862131
2019,대구,2717000,대구달서구,090,보건,091,보건의료,19097157009
2019,대구,2717000,대구달서구,090,보건,093,식품의약안전,894374720
2019,대구,2717000,대구달서구,100,농림해양수산,101,농업ㆍ농촌,524789110
2019,대구,2717000,대구달서구,100,농림해양수산,102,임업ㆍ산촌,1302703545
2019,대구,2717000,대구달서구,110,산업ㆍ중소기업,114,산업진흥ㆍ고도화,8498317620
2019,대구,2717000,대구달서구,120,수송및교통,121,도로,14829356490
2019,대구,2717000,대구달서구,120,수송및교통,126,대중교통ㆍ물류등기타,7761351215
2019,대구,2717000,대구달서구,140,국토및지역개발,142,지역및도시,29105664727
2019,대구,2717000,대구달서구,160,예비비,161,예비비,0
2019,대구,2717000,대구달서구,900,기타,901,기타,101591741088
2019,대구,2771000,대구달성군,010,일반공공행정,011,입법및선거관리,681960889
2019,대구,2771000,대구달성군,010,일반공공행정,016,일반행정,26978231321
2019,대구,2771000,대구달성군,010,일반공공행정,013,지방행정ㆍ재정지원,19095350652
2019,대구,2771000,대구달성군,020,공공질서및안전,025,재난방재ㆍ민방위,15050688890
2019,대구,2771000,대구달성군,050,교육,051,유아및초중등교육,4649675100
2019,대구,2771000,대구달성군,050,교육,053,평생ㆍ직업교육,6504995510
2019,대구,2771000,대구달성군,060,문화및관광,061,문화예술,8000609963
2019,대구,2771000,대구달성군,060,문화및관광,065,문화및관광일반,22855858278
2019,대구,2771000,대구달성군,060,문화및관광,064,문화재,5801702690
2019,대구,2771000,대구달성군,060,문화및관광,063,체육,7411276311
2019,대구,2771000,대구달성군,060,문화및관광,062,관광,6443190782
2019,대구,2771000,대구달성군,070,환경보호,071,상하수도ㆍ수질,1272272970
2019,대구,2771000,대구달성군,070,환경보호,074,자연,316569400
2019,대구,2771000,대구달성군,070,환경보호,073,대기,329750590
2019,대구,2771000,대구달성군,070,환경보호,072,폐기물,16170088011
2019,대구,2771000,대구달성군,080,사회복지,081,기초생활보장,32541482037
2019,대구,2771000,대구달성군,080,사회복지,087,보훈,2197774880
2019,대구,2771000,대구달성군,080,사회복지,086,노동,3432511265
2019,대구,2771000,대구달성군,080,사회복지,085,노인ㆍ청소년,81758504450
2019,대구,2771000,대구달성군,080,사회복지,084,보육ㆍ가족및여성,89444769255
2019,대구,2771000,대구달성군,080,사회복지,082,취약계층지원,66089590760
2019,대구,2771000,대구달성군,090,보건,091,보건의료,26629758049
2019,대구,2771000,대구달성군,090,보건,093,식품의약안전,634622600
2019,대구,2771000,대구달성군,100,농림해양수산,101,농업ㆍ농촌,31262336954
2019,대구,2771000,대구달성군,100,농림해양수산,102,임업ㆍ산촌,14503110471
2019,대구,2771000,대구달성군,110,산업ㆍ중소기업,113,무역및투자유치,485820000
2019,대구,2771000,대구달성군,110,산업ㆍ중소기업,116,산업ㆍ중소기업일반,2844221020
2019,대구,2771000,대구달성군,110,산업ㆍ중소기업,115,에너지및자원개발,809334700
2019,대구,2771000,대구달성군,110,산업ㆍ중소기업,114,산업진흥ㆍ고도화,38139500
2019,대구,2771000,대구달성군,120,수송및교통,121,도로,122188045860
2019,대구,2771000,대구달성군,120,수송및교통,126,대중교통ㆍ물류등기타,18946766480
2019,대구,2771000,대구달성군,140,국토및지역개발,141,수자원,18846022950
2019,대구,2771000,대구달성군,140,국토및지역개발,143,산업단지,750287080
2019,대구,2771000,대구달성군,140,국토및지역개발,142,지역및도시,31300949031
2019,대구,2771000,대구달성군,160,예비비,161,예비비,0
2019,대구,2771000,대구달성군,900,기타,901,기타,116541772440
2018,대구,2700000,대구본청,010,일반공공행정,011,입법및선거관리,3751779650
2018,대구,2700000,대구본청,010,일반공공행정,016,일반행정,103804731756
2018,대구,2700000,대구본청,010,일반공공행정,014,재정ㆍ금융,278390137460
2018,대구,2700000,대구본청,010,일반공공행정,013,지방행정ㆍ재정지원,1643871940
2018,대구,2700000,대구본청,020,공공질서및안전,025,재난방재ㆍ민방위,54223692510
2018,대구,2700000,대구본청,020,공공질서및안전,026,소방,49792744392
2018,대구,2700000,대구본청,050,교육,051,유아및초중등교육,537836439120
2018,대구,2700000,대구본청,050,교육,053,평생ㆍ직업교육,1211483430
2018,대구,2700000,대구본청,060,문화및관광,061,문화예술,107401463236
2018,대구,2700000,대구본청,060,문화및관광,064,문화재,1194677120
2018,대구,2700000,대구본청,060,문화및관광,063,체육,103089220440
2018,대구,2700000,대구본청,060,문화및관광,062,관광,18035060810
2018,대구,2700000,대구본청,070,환경보호,071,상하수도ㆍ수질,242230143035
2018,대구,2700000,대구본청,070,환경보호,076,환경보호일반,3930771980
2018,대구,2700000,대구본청,070,환경보호,074,자연,18905761394
2018,대구,2700000,대구본청,070,환경보호,073,대기,7748169300
2018,대구,2700000,대구본청,070,환경보호,072,폐기물,31707348585
2018,대구,2700000,대구본청,080,사회복지,081,기초생활보장,464601431280
2018,대구,2700000,대구본청,080,사회복지,087,보훈,1952752310
2018,대구,2700000,대구본청,080,사회복지,086,노동,27137254360
2018,대구,2700000,대구본청,080,사회복지,085,노인ㆍ청소년,92929358160
2018,대구,2700000,대구본청,080,사회복지,084,보육ㆍ가족및여성,17873660039
2018,대구,2700000,대구본청,080,사회복지,082,취약계층지원,41726412360
2018,대구,2700000,대구본청,090,보건,091,보건의료,26759895950
2018,대구,2700000,대구본청,090,보건,093,식품의약안전,2227202350
2018,대구,2700000,대구본청,100,농림해양수산,101,농업ㆍ농촌,17144623510
2018,대구,2700000,대구본청,100,농림해양수산,102,임업ㆍ산촌,12022309200
2018,대구,2700000,대구본청,110,산업ㆍ중소기업,111,산업금융지원,69130175170
2018,대구,2700000,대구본청,110,산업ㆍ중소기업,116,산업ㆍ중소기업일반,1433460200
2018,대구,2700000,대구본청,110,산업ㆍ중소기업,115,에너지및자원개발,17185764860
2018,대구,2700000,대구본청,110,산업ㆍ중소기업,114,산업진흥ㆍ고도화,144107273639
2018,대구,2700000,대구본청,110,산업ㆍ중소기업,113,무역및투자유치,84883232370
2018,대구,2700000,대구본청,110,산업ㆍ중소기업,112,산업기술지원,117376539440
2018,대구,2700000,대구본청,120,수송및교통,121,도로,138304820090
2018,대구,2700000,대구본청,120,수송및교통,126,대중교통ㆍ물류등기타,302435684990
2018,대구,2700000,대구본청,120,수송및교통,125,항공ㆍ공항,1856780900
2018,대구,2700000,대구본청,120,수송및교통,123,도시철도,212415463470
2018,대구,2700000,대구본청,140,국토및지역개발,141,수자원,6775515360
2018,대구,2700000,대구본청,140,국토및지역개발,143,산업단지,7122518280
2018,대구,2700000,대구본청,140,국토및지역개발,142,지역및도시,72519013509
2018,대구,2700000,대구본청,150,과학기술,152,과학기술연구지원,65722671310
2018,대구,2700000,대구본청,160,예비비,161,예비비,0
2018,대구,2700000,대구본청,900,기타,901,기타,612311504062
2018,대구,2711000,대구중구,010,일반공공행정,011,입법및선거관리,1194793710
2018,대구,2711000,대구중구,010,일반공공행정,016,일반행정,13621291020
2018,대구,2711000,대구중구,010,일반공공행정,014,재정ㆍ금융,2405825058
2018,대구,2711000,대구중구,010,일반공공행정,013,지방행정ㆍ재정지원,489832250
2018,대구,2711000,대구중구,020,공공질서및안전,025,재난방재ㆍ민방위,1092745480
2018,대구,2711000,대구중구,050,교육,051,유아및초중등교육,473597230
2018,대구,2711000,대구중구,050,교육,053,평생ㆍ직업교육,173950728
2018,대구,2711000,대구중구,060,문화및관광,061,문화예술,3463411280
2018,대구,2711000,대구중구,060,문화및관광,064,문화재,460187950
2018,대구,2711000,대구중구,060,문화및관광,063,체육,4081136140
2018,대구,2711000,대구중구,060,문화및관광,062,관광,2168992050
2018,대구,2711000,대구중구,070,환경보호,071,상하수도ㆍ수질,106109600
2018,대구,2711000,대구중구,070,환경보호,076,환경보호일반,396870
2018,대구,2711000,대구중구,070,환경보호,073,대기,603564820
2018,대구,2711000,대구중구,070,환경보호,072,폐기물,6535261765
2018,대구,2711000,대구중구,080,사회복지,081,기초생활보장,13937772313
2018,대구,2711000,대구중구,080,사회복지,088,주택,3623179500
2018,대구,2711000,대구중구,080,사회복지,087,보훈,721705790
2018,대구,2711000,대구중구,080,사회복지,086,노동,3374322560
2018,대구,2711000,대구중구,080,사회복지,085,노인ㆍ청소년,36208319387
2018,대구,2711000,대구중구,080,사회복지,084,보육ㆍ가족및여성,16436537070
2018,대구,2711000,대구중구,080,사회복지,082,취약계층지원,17066131642
2018,대구,2711000,대구중구,090,보건,091,보건의료,4760288261
2018,대구,2711000,대구중구,090,보건,093,식품의약안전,294576260
2018,대구,2711000,대구중구,100,농림해양수산,101,농업ㆍ농촌,122770090
2018,대구,2711000,대구중구,110,산업ㆍ중소기업,114,산업진흥ㆍ고도화,3026839960
2018,대구,2711000,대구중구,110,산업ㆍ중소기업,115,에너지및자원개발,28776980
2018,대구,2711000,대구중구,120,수송및교통,121,도로,8560137055
2018,대구,2711000,대구중구,120,수송및교통,126,대중교통ㆍ물류등기타,2478517110
2018,대구,2711000,대구중구,140,국토및지역개발,142,지역및도시,8863049410
2018,대구,2711000,대구중구,160,예비비,161,예비비,0
2018,대구,2711000,대구중구,900,기타,901,기타,52923735866
2018,대구,2712000,대구동구,010,일반공공행정,011,입법및선거관리,971987260
2018,대구,2712000,대구동구,010,일반공공행정,016,일반행정,20072739134
2018,대구,2712000,대구동구,010,일반공공행정,013,지방행정ㆍ재정지원,1075951980
2018,대구,2712000,대구동구,020,공공질서및안전,025,재난방재ㆍ민방위,5559614010
2018,대구,2712000,대구동구,050,교육,053,평생ㆍ직업교육,3452294520
2018,대구,2712000,대구동구,060,문화및관광,061,문화예술,6510639760
2018,대구,2712000,대구동구,060,문화및관광,065,문화및관광일반,236553475
2018,대구,2712000,대구동구,060,문화및관광,064,문화재,5621323000
2018,대구,2712000,대구동구,060,문화및관광,063,체육,1912064020
2018,대구,2712000,대구동구,070,환경보호,072,폐기물,13310699980
2018,대구,2712000,대구동구,070,환경보호,076,환경보호일반,878339680
2018,대구,2712000,대구동구,080,사회복지,081,기초생활보장,66415275833
2018,대구,2712000,대구동구,080,사회복지,089,사회복지일반,12864822390
2018,대구,2712000,대구동구,080,사회복지,086,노동,3137109480
2018,대구,2712000,대구동구,080,사회복지,085,노인ㆍ청소년,136745976354
2018,대구,2712000,대구동구,080,사회복지,084,보육ㆍ가족및여성,73046770880
2018,대구,2712000,대구동구,080,사회복지,082,취약계층지원,47183998093
2018,대구,2712000,대구동구,090,보건,091,보건의료,13562000137
2018,대구,2712000,대구동구,090,보건,093,식품의약안전,679969500
2018,대구,2712000,대구동구,100,농림해양수산,101,농업ㆍ농촌,3347201210
2018,대구,2712000,대구동구,110,산업ㆍ중소기업,114,산업진흥ㆍ고도화,1680192740
2018,대구,2712000,대구동구,110,산업ㆍ중소기업,115,에너지및자원개발,252527110
2018,대구,2712000,대구동구,120,수송및교통,121,도로,24568772050
2018,대구,2712000,대구동구,120,수송및교통,126,대중교통ㆍ물류등기타,2643295540
2018,대구,2712000,대구동구,140,국토및지역개발,141,수자원,10213671100
2018,대구,2712000,대구동구,140,국토및지역개발,142,지역및도시,17343007450
2018,대구,2712000,대구동구,160,예비비,161,예비비,0
2018,대구,2712000,대구동구,900,기타,901,기타,81999582274
2018,대구,2713000,대구서구,010,일반공공행정,011,입법및선거관리,630525450
2018,대구,2713000,대구서구,010,일반공공행정,016,일반행정,12768858109
2018,대구,2713000,대구서구,010,일반공공행정,014,재정ㆍ금융,2697146789
2018,대구,2713000,대구서구,010,일반공공행정,013,지방행정ㆍ재정지원,292265190
2018,대구,2713000,대구서구,020,공공질서및안전,025,재난방재ㆍ민방위,4687942880
2018,대구,2713000,대구서구,050,교육,051,유아및초중등교육,1877628210
2018,대구,2713000,대구서구,050,교육,053,평생ㆍ직업교육,2346229800
2018,대구,2713000,대구서구,060,문화및관광,061,문화예술,8457928640
2018,대구,2713000,대구서구,060,문화및관광,063,체육,2285120610
2018,대구,2713000,대구서구,070,환경보호,071,상하수도ㆍ수질,311465810
2018,대구,2713000,대구서구,070,환경보호,076,환경보호일반,120920390
2018,대구,2713000,대구서구,070,환경보호,073,대기,160848460
2018,대구,2713000,대구서구,070,환경보호,072,폐기물,7245788740
2018,대구,2713000,대구서구,080,사회복지,081,기초생활보장,42405008500
2018,대구,2713000,대구서구,080,사회복지,086,노동,2236772910
2018,대구,2713000,대구서구,080,사회복지,085,노인ㆍ청소년,84179718560
2018,대구,2713000,대구서구,080,사회복지,084,보육ㆍ가족및여성,2659861950
2018,대구,2713000,대구서구,080,사회복지,082,취약계층지원,62062121400
2018,대구,2713000,대구서구,090,보건,091,보건의료,6882627720
2018,대구,2713000,대구서구,090,보건,093,식품의약안전,387223670
2018,대구,2713000,대구서구,100,농림해양수산,101,농업ㆍ농촌,244097220
2018,대구,2713000,대구서구,100,농림해양수산,102,임업ㆍ산촌,487440920
2018,대구,2713000,대구서구,110,산업ㆍ중소기업,114,산업진흥ㆍ고도화,1128040460
2018,대구,2713000,대구서구,110,산업ㆍ중소기업,115,에너지및자원개발,162181280
2018,대구,2713000,대구서구,120,수송및교통,121,도로,7767963090
2018,대구,2713000,대구서구,120,수송및교통,126,대중교통ㆍ물류등기타,1616430870
2018,대구,2713000,대구서구,140,국토및지역개발,142,지역및도시,13946794410
2018,대구,2713000,대구서구,160,예비비,161,예비비,0
2018,대구,2713000,대구서구,900,기타,901,기타,62624668160
2018,대구,2714000,대구남구,010,일반공공행정,011,입법및선거관리,1379908930
2018,대구,2714000,대구남구,010,일반공공행정,016,일반행정,17875131976
2018,대구,2714000,대구남구,010,일반공공행정,014,재정ㆍ금융,93012000
2018,대구,2714000,대구남구,010,일반공공행정,013,지방행정ㆍ재정지원,724103980
2018,대구,2714000,대구남구,020,공공질서및안전,025,재난방재ㆍ민방위,1094293890
2018,대구,2714000,대구남구,050,교육,051,유아및초중등교육,1293871000
2018,대구,2714000,대구남구,050,교육,053,평생ㆍ직업교육,506073790
2018,대구,2714000,대구남구,050,교육,052,고등교육,1991354150
2018,대구,2714000,대구남구,060,문화및관광,061,문화예술,3192735735
2018,대구,2714000,대구남구,060,문화및관광,064,문화재,315265000
2018,대구,2714000,대구남구,060,문화및관광,063,체육,4533739510
2018,대구,2714000,대구남구,070,환경보호,071,상하수도ㆍ수질,800473320
2018,대구,2714000,대구남구,070,환경보호,076,환경보호일반,29511520
2018,대구,2714000,대구남구,070,환경보호,073,대기,133449510
2018,대구,2714000,대구남구,070,환경보호,072,폐기물,6943384680
2018,대구,2714000,대구남구,080,사회복지,081,기초생활보장,45419516520
2018,대구,2714000,대구남구,080,사회복지,087,보훈,1465815070
2018,대구,2714000,대구남구,080,사회복지,086,노동,2788147570
2018,대구,2714000,대구남구,080,사회복지,085,노인ㆍ청소년,66265443010
2018,대구,2714000,대구남구,080,사회복지,084,보육ㆍ가족및여성,29046212650
2018,대구,2714000,대구남구,080,사회복지,082,취약계층지원,35920887090
2018,대구,2714000,대구남구,090,보건,091,보건의료,6859467930
2018,대구,2714000,대구남구,090,보건,093,식품의약안전,640398580
2018,대구,2714000,대구남구,100,농림해양수산,101,농업ㆍ농촌,152196090
2018,대구,2714000,대구남구,110,산업ㆍ중소기업,114,산업진흥ㆍ고도화,552528170
2018,대구,2714000,대구남구,110,산업ㆍ중소기업,115,에너지및자원개발,13686450
2018,대구,2714000,대구남구,120,수송및교통,121,도로,3162960790
2018,대구,2714000,대구남구,120,수송및교통,126,대중교통ㆍ물류등기타,4767286220
2018,대구,2714000,대구남구,140,국토및지역개발,142,지역및도시,12924148173
2018,대구,2714000,대구남구,160,예비비,161,예비비,0
2018,대구,2714000,대구남구,900,기타,901,기타,55959062989
2018,대구,2715000,대구북구,010,일반공공행정,011,입법및선거관리,3405134230
2018,대구,2715000,대구북구,010,일반공공행정,016,일반행정,22408311850
2018,대구,2715000,대구북구,010,일반공공행정,013,지방행정ㆍ재정지원,1049409140
2018,대구,2715000,대구북구,020,공공질서및안전,025,재난방재ㆍ민방위,2541295330
2018,대구,2715000,대구북구,050,교육,051,유아및초중등교육,4210831090
2018,대구,2715000,대구북구,050,교육,053,평생ㆍ직업교육,205532610
2018,대구,2715000,대구북구,060,문화및관광,061,문화예술,6335438860
2018,대구,2715000,대구북구,060,문화및관광,063,체육,3610246228
2018,대구,2715000,대구북구,060,문화및관광,062,관광,348402470
2018,대구,2715000,대구북구,060,문화및관광,062,관광,348402470
2018,대구,2715000,대구북구,070,환경보호,071,상하수도ㆍ수질,146612745
2018,대구,2715000,대구북구,070,환경보호,076,환경보호일반,321666050
2018,대구,2715000,대구북구,070,환경보호,073,대기,79227892
2018,대구,2715000,대구북구,070,환경보호,072,폐기물,22680299814
2018,대구,2715000,대구북구,080,사회복지,081,기초생활보장,58031587433
2018,대구,2715000,대구북구,080,사회복지,087,보훈,3171983370
2018,대구,2715000,대구북구,080,사회복지,086,노동,3974903380
2018,대구,2715000,대구북구,080,사회복지,085,노인ㆍ청소년,113749712850
2018,대구,2715000,대구북구,080,사회복지,084,보육ㆍ가족및여성,108046864901
2018,대구,2715000,대구북구,080,사회복지,082,취약계층지원,41813191490
2018,대구,2715000,대구북구,090,보건,091,보건의료,15628969902
2018,대구,2715000,대구북구,090,보건,093,식품의약안전,814699577
2018,대구,2715000,대구북구,100,농림해양수산,101,농업ㆍ농촌,1712260270
2018,대구,2715000,대구북구,100,농림해양수산,102,임업ㆍ산촌,2427782850
2018,대구,2715000,대구북구,110,산업ㆍ중소기업,116,산업ㆍ중소기업일반,4279251940
2018,대구,2715000,대구북구,120,수송및교통,121,도로,12229400930
2018,대구,2715000,대구북구,120,수송및교통,126,대중교통ㆍ물류등기타,2937533570
2018,대구,2715000,대구북구,140,국토및지역개발,141,수자원,3983989730
2018,대구,2715000,대구북구,140,국토및지역개발,142,지역및도시,15491142586
2018,대구,2715000,대구북구,160,예비비,161,예비비,0
2018,대구,2715000,대구북구,900,기타,901,기타,86683410869
2018,대구,2716000,대구수성구,010,일반공공행정,011,입법및선거관리,3020954523
2018,대구,2716000,대구수성구,010,일반공공행정,016,일반행정,26950671368
2018,대구,2716000,대구수성구,010,일반공공행정,014,재정ㆍ금융,1000000000
2018,대구,2716000,대구수성구,010,일반공공행정,013,지방행정ㆍ재정지원,1398433480
2018,대구,2716000,대구수성구,020,공공질서및안전,025,재난방재ㆍ민방위,4592772580
2018,대구,2716000,대구수성구,050,교육,051,유아및초중등교육,4468646010
2018,대구,2716000,대구수성구,050,교육,053,평생ㆍ직업교육,2557771050
2018,대구,2716000,대구수성구,060,문화및관광,061,문화예술,11373042743
2018,대구,2716000,대구수성구,060,문화및관광,065,문화및관광일반,14157380
2018,대구,2716000,대구수성구,060,문화및관광,064,문화재,510199660
2018,대구,2716000,대구수성구,060,문화및관광,063,체육,2602088420
2018,대구,2716000,대구수성구,060,문화및관광,062,관광,1499005066
2018,대구,2716000,대구수성구,070,환경보호,071,상하수도ㆍ수질,87955890
2018,대구,2716000,대구수성구,070,환경보호,076,환경보호일반,306212150
2018,대구,2716000,대구수성구,070,환경보호,073,대기,86124710
2018,대구,2716000,대구수성구,070,환경보호,072,폐기물,16612861183
2018,대구,2716000,대구수성구,080,사회복지,081,기초생활보장,60816405780
2018,대구,2716000,대구수성구,080,사회복지,087,보훈,2970061570
2018,대구,2716000,대구수성구,080,사회복지,086,노동,4998679764
2018,대구,2716000,대구수성구,080,사회복지,085,노인ㆍ청소년,101189233651
2018,대구,2716000,대구수성구,080,사회복지,084,보육ㆍ가족및여성,88576469691
2018,대구,2716000,대구수성구,080,사회복지,082,취약계층지원,45215294617
2018,대구,2716000,대구수성구,090,보건,091,보건의료,12915314327
2018,대구,2716000,대구수성구,090,보건,093,식품의약안전,668415490
2018,대구,2716000,대구수성구,100,농림해양수산,101,농업ㆍ농촌,1906706193
2018,대구,2716000,대구수성구,100,농림해양수산,102,임업ㆍ산촌,3883276782
2018,대구,2716000,대구수성구,110,산업ㆍ중소기업,114,산업진흥ㆍ고도화,1855140580
2018,대구,2716000,대구수성구,110,산업ㆍ중소기업,116,산업ㆍ중소기업일반,1611000
2018,대구,2716000,대구수성구,110,산업ㆍ중소기업,115,에너지및자원개발,66673710
2018,대구,2716000,대구수성구,120,수송및교통,121,도로,16679192461
2018,대구,2716000,대구수성구,120,수송및교통,126,대중교통ㆍ물류등기타,3578252460
2018,대구,2716000,대구수성구,140,국토및지역개발,141,수자원,9383139590
2018,대구,2716000,대구수성구,140,국토및지역개발,142,지역및도시,16507253683
2018,대구,2716000,대구수성구,160,예비비,161,예비비,0
2018,대구,2716000,대구수성구,900,기타,901,기타,86723883811
2018,대구,2717000,대구달서구,010,일반공공행정,011,입법및선거관리,3522875991
2018,대구,2717000,대구달서구,010,일반공공행정,016,일반행정,28387721916
2018,대구,2717000,대구달서구,010,일반공공행정,013,지방행정ㆍ재정지원,1316365109
2018,대구,2717000,대구달서구,020,공공질서및안전,025,재난방재ㆍ민방위,7367241030
2018,대구,2717000,대구달서구,050,교육,051,유아및초중등교육,4444992528
2018,대구,2717000,대구달서구,050,교육,053,평생ㆍ직업교육,633423760
2018,대구,2717000,대구달서구,060,문화및관광,061,문화예술,8701756329
2018,대구,2717000,대구달서구,060,문화및관광,063,체육,6833982955
2018,대구,2717000,대구달서구,070,환경보호,071,상하수도ㆍ수질,903625060
2018,대구,2717000,대구달서구,070,환경보호,076,환경보호일반,274619635
2018,대구,2717000,대구달서구,070,환경보호,073,대기,55952080
2018,대구,2717000,대구달서구,070,환경보호,072,폐기물,21764937630
2018,대구,2717000,대구달서구,080,사회복지,081,기초생활보장,93240122309
2018,대구,2717000,대구달서구,080,사회복지,089,사회복지일반,498940150
2018,대구,2717000,대구달서구,080,사회복지,087,보훈,3182566590
2018,대구,2717000,대구달서구,080,사회복지,086,노동,3930292420
2018,대구,2717000,대구달서구,080,사회복지,085,노인ㆍ청소년,132646477354
2018,대구,2717000,대구달서구,080,사회복지,084,보육ㆍ가족및여성,131522959607
2018,대구,2717000,대구달서구,080,사회복지,082,취약계층지원,54701613080
2018,대구,2717000,대구달서구,090,보건,091,보건의료,18249714530
2018,대구,2717000,대구달서구,090,보건,093,식품의약안전,911148380
2018,대구,2717000,대구달서구,100,농림해양수산,101,농업ㆍ농촌,410975930
2018,대구,2717000,대구달서구,100,농림해양수산,102,임업ㆍ산촌,1562662572
2018,대구,2717000,대구달서구,110,산업ㆍ중소기업,114,산업진흥ㆍ고도화,2826044030
2018,대구,2717000,대구달서구,120,수송및교통,121,도로,11982596747
2018,대구,2717000,대구달서구,120,수송및교통,126,대중교통ㆍ물류등기타,7767759730
2018,대구,2717000,대구달서구,140,국토및지역개발,142,지역및도시,25672980750
2018,대구,2717000,대구달서구,160,예비비,161,예비비,0
2018,대구,2717000,대구달서구,900,기타,901,기타,96526542614
2018,대구,2771000,대구달성군,010,일반공공행정,011,입법및선거관리,1933352416
2018,대구,2771000,대구달성군,010,일반공공행정,016,일반행정,43031281536
2018,대구,2771000,대구달성군,010,일반공공행정,013,지방행정ㆍ재정지원,15544813581
2018,대구,2771000,대구달성군,020,공공질서및안전,025,재난방재ㆍ민방위,12398196700
2018,대구,2771000,대구달성군,050,교육,051,유아및초중등교육,4487743000
2018,대구,2771000,대구달성군,050,교육,053,평생ㆍ직업교육,5965787540
2018,대구,2771000,대구달성군,060,문화및관광,061,문화예술,5315589686
2018,대구,2771000,대구달성군,060,문화및관광,065,문화및관광일반,6150669745
2018,대구,2771000,대구달성군,060,문화및관광,064,문화재,3541802606
2018,대구,2771000,대구달성군,060,문화및관광,063,체육,16351518008
2018,대구,2771000,대구달성군,060,문화및관광,062,관광,4184452829
2018,대구,2771000,대구달성군,070,환경보호,071,상하수도ㆍ수질,1327658950
2018,대구,2771000,대구달성군,070,환경보호,074,자연,425410880
2018,대구,2771000,대구달성군,070,환경보호,073,대기,345651670
2018,대구,2771000,대구달성군,070,환경보호,072,폐기물,12944273020
2018,대구,2771000,대구달성군,080,사회복지,081,기초생활보장,32020053770
2018,대구,2771000,대구달성군,080,사회복지,087,보훈,2124444611
2018,대구,2771000,대구달성군,080,사회복지,086,노동,2638966850
2018,대구,2771000,대구달성군,080,사회복지,085,노인ㆍ청소년,70666144481
2018,대구,2771000,대구달성군,080,사회복지,084,보육ㆍ가족및여성,75460562955
2018,대구,2771000,대구달성군,080,사회복지,082,취약계층지원,34490006688
2018,대구,2771000,대구달성군,090,보건,091,보건의료,20626985446
2018,대구,2771000,대구달성군,090,보건,093,식품의약안전,571946314
2018,대구,2771000,대구달성군,100,농림해양수산,101,농업ㆍ농촌,33026029835
2018,대구,2771000,대구달성군,100,농림해양수산,102,임업ㆍ산촌,13762258980
2018,대구,2771000,대구달성군,110,산업ㆍ중소기업,113,무역및투자유치,110462000
2018,대구,2771000,대구달성군,110,산업ㆍ중소기업,116,산업ㆍ중소기업일반,2463652980
2018,대구,2771000,대구달성군,110,산업ㆍ중소기업,115,에너지및자원개발,1208392330
2018,대구,2771000,대구달성군,110,산업ㆍ중소기업,114,산업진흥ㆍ고도화,217421855
2018,대구,2771000,대구달성군,120,수송및교통,121,도로,107054103974
2018,대구,2771000,대구달성군,120,수송및교통,126,대중교통ㆍ물류등기타,20257978880
2018,대구,2771000,대구달성군,140,국토및지역개발,141,수자원,21766059670
2018,대구,2771000,대구달성군,140,국토및지역개발,143,산업단지,713656960
2018,대구,2771000,대구달성군,140,국토및지역개발,142,지역및도시,31430674135
2018,대구,2771000,대구달성군,160,예비비,161,예비비,0
2018,대구,2771000,대구달성군,900,기타,901,기타,75879927506
2017,대구,2700000,대구본청,010,일반공공행정,011,입법및선거관리,3733592440
2017,대구,2700000,대구본청,010,일반공공행정,016,일반행정,85275774432
2017,대구,2700000,대구본청,010,일반공공행정,014,재정ㆍ금융,279221384820
2017,대구,2700000,대구본청,010,일반공공행정,013,지방행정ㆍ재정지원,1563105050
2017,대구,2700000,대구본청,020,공공질서및안전,025,재난방재ㆍ민방위,46367469450
2017,대구,2700000,대구본청,020,공공질서및안전,026,소방,59342939988
2017,대구,2700000,대구본청,050,교육,051,유아및초중등교육,522940777050
2017,대구,2700000,대구본청,050,교육,053,평생ㆍ직업교육,883703660
2017,대구,2700000,대구본청,060,문화및관광,061,문화예술,94284489938
2017,대구,2700000,대구본청,060,문화및관광,064,문화재,969859500
2017,대구,2700000,대구본청,060,문화및관광,063,체육,71586102530
2017,대구,2700000,대구본청,060,문화및관광,062,관광,15091182750
2017,대구,2700000,대구본청,070,환경보호,071,상하수도ㆍ수질,254305770876
2017,대구,2700000,대구본청,070,환경보호,076,환경보호일반,4248774170
2017,대구,2700000,대구본청,070,환경보호,074,자연,10313432810
2017,대구,2700000,대구본청,070,환경보호,073,대기,7757973564
2017,대구,2700000,대구본청,070,환경보호,072,폐기물,34509144080
2017,대구,2700000,대구본청,080,사회복지,081,기초생활보장,442964457260
2017,대구,2700000,대구본청,080,사회복지,087,보훈,5196391280
2017,대구,2700000,대구본청,080,사회복지,086,노동,24662177540
2017,대구,2700000,대구본청,080,사회복지,085,노인ㆍ청소년,78908230390
2017,대구,2700000,대구본청,080,사회복지,084,보육ㆍ가족및여성,16295891298
2017,대구,2700000,대구본청,080,사회복지,082,취약계층지원,42773615100
2017,대구,2700000,대구본청,090,보건,091,보건의료,29942033130
2017,대구,2700000,대구본청,090,보건,093,식품의약안전,1957992641
2017,대구,2700000,대구본청,100,농림해양수산,101,농업ㆍ농촌,16447120230
2017,대구,2700000,대구본청,100,농림해양수산,102,임업ㆍ산촌,9464804412
2017,대구,2700000,대구본청,110,산업ㆍ중소기업,111,산업금융지원,78915926790
2017,대구,2700000,대구본청,110,산업ㆍ중소기업,116,산업ㆍ중소기업일반,1003553180
2017,대구,2700000,대구본청,110,산업ㆍ중소기업,115,에너지및자원개발,9124958000
2017,대구,2700000,대구본청,110,산업ㆍ중소기업,114,산업진흥ㆍ고도화,139288470130
2017,대구,2700000,대구본청,110,산업ㆍ중소기업,113,무역및투자유치,24938169446
2017,대구,2700000,대구본청,110,산업ㆍ중소기업,112,산업기술지원,58628389350
2017,대구,2700000,대구본청,120,수송및교통,121,도로,131936910050
2017,대구,2700000,대구본청,120,수송및교통,126,대중교통ㆍ물류등기타,287839438415
2017,대구,2700000,대구본청,120,수송및교통,125,항공ㆍ공항,1683493860
2017,대구,2700000,대구본청,120,수송및교통,123,도시철도,159571787980
2017,대구,2700000,대구본청,140,국토및지역개발,141,수자원,4681531880
2017,대구,2700000,대구본청,140,국토및지역개발,143,산업단지,1842061660
2017,대구,2700000,대구본청,140,국토및지역개발,142,지역및도시,149977202537
2017,대구,2700000,대구본청,150,과학기술,152,과학기술연구지원,52436224360
2017,대구,2700000,대구본청,160,예비비,161,예비비,0
2017,대구,2700000,대구본청,900,기타,901,기타,562015248579
2017,대구,2711000,대구중구,010,일반공공행정,011,입법및선거관리,526197617
2017,대구,2711000,대구중구,010,일반공공행정,016,일반행정,10253651590
2017,대구,2711000,대구중구,010,일반공공행정,014,재정ㆍ금융,1928286200
2017,대구,2711000,대구중구,010,일반공공행정,013,지방행정ㆍ재정지원,455436120
2017,대구,2711000,대구중구,020,공공질서및안전,025,재난방재ㆍ민방위,3737852400
2017,대구,2711000,대구중구,050,교육,051,유아및초중등교육,471204040
2017,대구,2711000,대구중구,050,교육,053,평생ㆍ직업교육,138247200
2017,대구,2711000,대구중구,060,문화및관광,061,문화예술,2911263518
2017,대구,2711000,대구중구,060,문화및관광,064,문화재,680463850
2017,대구,2711000,대구중구,060,문화및관광,063,체육,10830971360
2017,대구,2711000,대구중구,060,문화및관광,062,관광,3413144670
2017,대구,2711000,대구중구,070,환경보호,071,상하수도ㆍ수질,52444120
2017,대구,2711000,대구중구,070,환경보호,073,대기,177879360
2017,대구,2711000,대구중구,070,환경보호,072,폐기물,9683343970
2017,대구,2711000,대구중구,080,사회복지,081,기초생활보장,14155853240
2017,대구,2711000,대구중구,080,사회복지,088,주택,3356026440
2017,대구,2711000,대구중구,080,사회복지,087,보훈,470173240
2017,대구,2711000,대구중구,080,사회복지,086,노동,2804031250
2017,대구,2711000,대구중구,080,사회복지,085,노인ㆍ청소년,31411446713
2017,대구,2711000,대구중구,080,사회복지,084,보육ㆍ가족및여성,15697710880
2017,대구,2711000,대구중구,080,사회복지,082,취약계층지원,13899763291
2017,대구,2711000,대구중구,090,보건,091,보건의료,16042139250
2017,대구,2711000,대구중구,090,보건,093,식품의약안전,286202640
2017,대구,2711000,대구중구,100,농림해양수산,101,농업ㆍ농촌,80118960
2017,대구,2711000,대구중구,110,산업ㆍ중소기업,114,산업진흥ㆍ고도화,3618938310
2017,대구,2711000,대구중구,110,산업ㆍ중소기업,115,에너지및자원개발,60715210
2017,대구,2711000,대구중구,120,수송및교통,121,도로,8693189600
2017,대구,2711000,대구중구,120,수송및교통,126,대중교통ㆍ물류등기타,5316581600
2017,대구,2711000,대구중구,140,국토및지역개발,142,지역및도시,13843292930
2017,대구,2711000,대구중구,160,예비비,161,예비비,0
2017,대구,2711000,대구중구,900,기타,901,기타,51716106392
2017,대구,2712000,대구동구,010,일반공공행정,011,입법및선거관리,919040220
2017,대구,2712000,대구동구,010,일반공공행정,016,일반행정,27394457817
2017,대구,2712000,대구동구,010,일반공공행정,013,지방행정ㆍ재정지원,924316680
2017,대구,2712000,대구동구,020,공공질서및안전,025,재난방재ㆍ민방위,5245069232
2017,대구,2712000,대구동구,050,교육,053,평생ㆍ직업교육,3188660270
2017,대구,2712000,대구동구,060,문화및관광,061,문화예술,4872279000
2017,대구,2712000,대구동구,060,문화및관광,065,문화및관광일반,3894100
2017,대구,2712000,대구동구,060,문화및관광,064,문화재,2627981520
2017,대구,2712000,대구동구,060,문화및관광,063,체육,3237475760
2017,대구,2712000,대구동구,070,환경보호,072,폐기물,13241273720
2017,대구,2712000,대구동구,070,환경보호,076,환경보호일반,902629870
2017,대구,2712000,대구동구,080,사회복지,081,기초생활보장,62164637030
2017,대구,2712000,대구동구,080,사회복지,089,사회복지일반,11599128820
2017,대구,2712000,대구동구,080,사회복지,086,노동,3122828130
2017,대구,2712000,대구동구,080,사회복지,085,노인ㆍ청소년,113927916906
2017,대구,2712000,대구동구,080,사회복지,084,보육ㆍ가족및여성,72481164020
2017,대구,2712000,대구동구,080,사회복지,082,취약계층지원,41355375310
2017,대구,2712000,대구동구,090,보건,091,보건의료,14443763692
2017,대구,2712000,대구동구,090,보건,093,식품의약안전,613092010
2017,대구,2712000,대구동구,100,농림해양수산,101,농업ㆍ농촌,4015141730
2017,대구,2712000,대구동구,110,산업ㆍ중소기업,114,산업진흥ㆍ고도화,1239165482
2017,대구,2712000,대구동구,110,산업ㆍ중소기업,115,에너지및자원개발,168790430
2017,대구,2712000,대구동구,120,수송및교통,121,도로,23857247500
2017,대구,2712000,대구동구,120,수송및교통,126,대중교통ㆍ물류등기타,2765741720
2017,대구,2712000,대구동구,140,국토및지역개발,141,수자원,10669661290
2017,대구,2712000,대구동구,140,국토및지역개발,142,지역및도시,21068291643
2017,대구,2712000,대구동구,160,예비비,161,예비비,0
2017,대구,2712000,대구동구,900,기타,901,기타,79038229924
2017,대구,2713000,대구서구,010,일반공공행정,011,입법및선거관리,728237390
2017,대구,2713000,대구서구,010,일반공공행정,016,일반행정,11803750180
2017,대구,2713000,대구서구,010,일반공공행정,014,재정ㆍ금융,5804582850
2017,대구,2713000,대구서구,010,일반공공행정,013,지방행정ㆍ재정지원,391504050
2017,대구,2713000,대구서구,020,공공질서및안전,025,재난방재ㆍ민방위,4161273580
2017,대구,2713000,대구서구,050,교육,051,유아및초중등교육,1848282070
2017,대구,2713000,대구서구,050,교육,053,평생ㆍ직업교육,148481090
2017,대구,2713000,대구서구,060,문화및관광,061,문화예술,4494202630
2017,대구,2713000,대구서구,060,문화및관광,063,체육,2467317920
2017,대구,2713000,대구서구,070,환경보호,071,상하수도ㆍ수질,657630610
2017,대구,2713000,대구서구,070,환경보호,076,환경보호일반,98900510
2017,대구,2713000,대구서구,070,환경보호,073,대기,85812330
2017,대구,2713000,대구서구,070,환경보호,072,폐기물,7070235630
2017,대구,2713000,대구서구,080,사회복지,081,기초생활보장,41229970920
2017,대구,2713000,대구서구,080,사회복지,086,노동,1905012100
2017,대구,2713000,대구서구,080,사회복지,085,노인ㆍ청소년,73697858710
2017,대구,2713000,대구서구,080,사회복지,084,보육ㆍ가족및여성,2175261680
2017,대구,2713000,대구서구,080,사회복지,082,취약계층지원,57666428237
2017,대구,2713000,대구서구,090,보건,091,보건의료,12403782940
2017,대구,2713000,대구서구,090,보건,093,식품의약안전,416569660
2017,대구,2713000,대구서구,100,농림해양수산,101,농업ㆍ농촌,171100110
2017,대구,2713000,대구서구,100,농림해양수산,102,임업ㆍ산촌,612299640
2017,대구,2713000,대구서구,110,산업ㆍ중소기업,114,산업진흥ㆍ고도화,1837660060
2017,대구,2713000,대구서구,110,산업ㆍ중소기업,115,에너지및자원개발,211615710
2017,대구,2713000,대구서구,120,수송및교통,121,도로,6234232160
2017,대구,2713000,대구서구,120,수송및교통,126,대중교통ㆍ물류등기타,2623555690
2017,대구,2713000,대구서구,140,국토및지역개발,142,지역및도시,23360115550
2017,대구,2713000,대구서구,160,예비비,161,예비비,0
2017,대구,2713000,대구서구,900,기타,901,기타,60943263150
2017,대구,2714000,대구남구,010,일반공공행정,011,입법및선거관리,613676760
2017,대구,2714000,대구남구,010,일반공공행정,016,일반행정,22143608619
2017,대구,2714000,대구남구,010,일반공공행정,014,재정ㆍ금융,20242500
2017,대구,2714000,대구남구,010,일반공공행정,013,지방행정ㆍ재정지원,676982280
2017,대구,2714000,대구남구,020,공공질서및안전,025,재난방재ㆍ민방위,846294700
2017,대구,2714000,대구남구,050,교육,051,유아및초중등교육,1298352500
2017,대구,2714000,대구남구,050,교육,053,평생ㆍ직업교육,456926630
2017,대구,2714000,대구남구,050,교육,052,고등교육,852262690
2017,대구,2714000,대구남구,060,문화및관광,061,문화예술,3899560520
2017,대구,2714000,대구남구,060,문화및관광,064,문화재,96413900
2017,대구,2714000,대구남구,060,문화및관광,063,체육,11265599000
2017,대구,2714000,대구남구,070,환경보호,071,상하수도ㆍ수질,2307271090
2017,대구,2714000,대구남구,070,환경보호,076,환경보호일반,39630230
2017,대구,2714000,대구남구,070,환경보호,073,대기,94447760
2017,대구,2714000,대구남구,070,환경보호,072,폐기물,6194948790
2017,대구,2714000,대구남구,080,사회복지,081,기초생활보장,43191359340
2017,대구,2714000,대구남구,080,사회복지,087,보훈,893354890
2017,대구,2714000,대구남구,080,사회복지,086,노동,2191907970
2017,대구,2714000,대구남구,080,사회복지,085,노인ㆍ청소년,58797280470
2017,대구,2714000,대구남구,080,사회복지,084,보육ㆍ가족및여성,27584124350
2017,대구,2714000,대구남구,080,사회복지,082,취약계층지원,30278175000
2017,대구,2714000,대구남구,090,보건,091,보건의료,7365497400
2017,대구,2714000,대구남구,090,보건,093,식품의약안전,455700090
2017,대구,2714000,대구남구,100,농림해양수산,101,농업ㆍ농촌,138615400
2017,대구,2714000,대구남구,110,산업ㆍ중소기업,114,산업진흥ㆍ고도화,2096431170
2017,대구,2714000,대구남구,110,산업ㆍ중소기업,115,에너지및자원개발,118619720
2017,대구,2714000,대구남구,120,수송및교통,121,도로,7816972460
2017,대구,2714000,대구남구,120,수송및교통,126,대중교통ㆍ물류등기타,4346342680
2017,대구,2714000,대구남구,140,국토및지역개발,142,지역및도시,15600247170
2017,대구,2714000,대구남구,160,예비비,161,예비비,0
2017,대구,2714000,대구남구,900,기타,901,기타,52857847310
2017,대구,2715000,대구북구,010,일반공공행정,011,입법및선거관리,1537524870
2017,대구,2715000,대구북구,010,일반공공행정,016,일반행정,24161233202
2017,대구,2715000,대구북구,010,일반공공행정,013,지방행정ㆍ재정지원,916042010
2017,대구,2715000,대구북구,020,공공질서및안전,025,재난방재ㆍ민방위,1952988630
2017,대구,2715000,대구북구,050,교육,051,유아및초중등교육,2345971280
2017,대구,2715000,대구북구,050,교육,053,평생ㆍ직업교육,191983060
2017,대구,2715000,대구북구,060,문화및관광,061,문화예술,4569174160
2017,대구,2715000,대구북구,060,문화및관광,064,문화재,470920890
2017,대구,2715000,대구북구,060,문화및관광,063,체육,5033618760
2017,대구,2715000,대구북구,060,문화및관광,062,관광,365627070
2017,대구,2715000,대구북구,070,환경보호,071,상하수도ㆍ수질,50023010
2017,대구,2715000,대구북구,070,환경보호,076,환경보호일반,270549380
2017,대구,2715000,대구북구,070,환경보호,073,대기,57850110
2017,대구,2715000,대구북구,070,환경보호,072,폐기물,19005631150
2017,대구,2715000,대구북구,080,사회복지,081,기초생활보장,56475959661
2017,대구,2715000,대구북구,080,사회복지,087,보훈,1473611960
2017,대구,2715000,대구북구,080,사회복지,086,노동,3393787400
2017,대구,2715000,대구북구,080,사회복지,085,노인ㆍ청소년,101200555741
2017,대구,2715000,대구북구,080,사회복지,084,보육ㆍ가족및여성,98454135684
2017,대구,2715000,대구북구,080,사회복지,082,취약계층지원,37964554468
2017,대구,2715000,대구북구,090,보건,091,보건의료,15272803680
2017,대구,2715000,대구북구,090,보건,093,식품의약안전,712094938
2017,대구,2715000,대구북구,100,농림해양수산,101,농업ㆍ농촌,2084628210
2017,대구,2715000,대구북구,100,농림해양수산,102,임업ㆍ산촌,1833316150
2017,대구,2715000,대구북구,110,산업ㆍ중소기업,116,산업ㆍ중소기업일반,7246659790
2017,대구,2715000,대구북구,120,수송및교통,121,도로,13178310502
2017,대구,2715000,대구북구,120,수송및교통,126,대중교통ㆍ물류등기타,6093527950
2017,대구,2715000,대구북구,140,국토및지역개발,141,수자원,8677354086
2017,대구,2715000,대구북구,140,국토및지역개발,142,지역및도시,16077083760
2017,대구,2715000,대구북구,160,예비비,161,예비비,0
2017,대구,2715000,대구북구,900,기타,901,기타,83163583228
2017,대구,2716000,대구수성구,010,일반공공행정,011,입법및선거관리,1571734176
2017,대구,2716000,대구수성구,010,일반공공행정,016,일반행정,17425138142
2017,대구,2716000,대구수성구,010,일반공공행정,013,지방행정ㆍ재정지원,1223727950
2017,대구,2716000,대구수성구,020,공공질서및안전,025,재난방재ㆍ민방위,4214550900
2017,대구,2716000,대구수성구,050,교육,051,유아및초중등교육,3279584286
2017,대구,2716000,대구수성구,050,교육,053,평생ㆍ직업교육,2971237070
2017,대구,2716000,대구수성구,060,문화및관광,061,문화예술,10666393757
2017,대구,2716000,대구수성구,060,문화및관광,065,문화및관광일반,30539950
2017,대구,2716000,대구수성구,060,문화및관광,064,문화재,343657690
2017,대구,2716000,대구수성구,060,문화및관광,063,체육,3552496056
2017,대구,2716000,대구수성구,060,문화및관광,062,관광,535245800
2017,대구,2716000,대구수성구,070,환경보호,071,상하수도ㆍ수질,56534550
2017,대구,2716000,대구수성구,070,환경보호,076,환경보호일반,253780170
2017,대구,2716000,대구수성구,070,환경보호,073,대기,72703120
2017,대구,2716000,대구수성구,070,환경보호,072,폐기물,17390578360
2017,대구,2716000,대구수성구,080,사회복지,081,기초생활보장,59879482524
2017,대구,2716000,대구수성구,080,사회복지,087,보훈,1814706788
2017,대구,2716000,대구수성구,080,사회복지,086,노동,5158052463
2017,대구,2716000,대구수성구,080,사회복지,085,노인ㆍ청소년,91981617556
2017,대구,2716000,대구수성구,080,사회복지,084,보육ㆍ가족및여성,79009128020
2017,대구,2716000,대구수성구,080,사회복지,082,취약계층지원,43539093900
2017,대구,2716000,대구수성구,090,보건,091,보건의료,13111759836
2017,대구,2716000,대구수성구,090,보건,093,식품의약안전,645656350
2017,대구,2716000,대구수성구,100,농림해양수산,101,농업ㆍ농촌,2402324380
2017,대구,2716000,대구수성구,100,농림해양수산,102,임업ㆍ산촌,2888970483
2017,대구,2716000,대구수성구,110,산업ㆍ중소기업,114,산업진흥ㆍ고도화,690569870
2017,대구,2716000,대구수성구,110,산업ㆍ중소기업,116,산업ㆍ중소기업일반,1616690
2017,대구,2716000,대구수성구,110,산업ㆍ중소기업,115,에너지및자원개발,38829520
2017,대구,2716000,대구수성구,120,수송및교통,121,도로,15974982170
2017,대구,2716000,대구수성구,120,수송및교통,126,대중교통ㆍ물류등기타,3575419800
2017,대구,2716000,대구수성구,140,국토및지역개발,141,수자원,10923315540
2017,대구,2716000,대구수성구,140,국토및지역개발,142,지역및도시,12701837115
2017,대구,2716000,대구수성구,160,예비비,161,예비비,0
2017,대구,2716000,대구수성구,900,기타,901,기타,80922878583
2017,대구,2717000,대구달서구,010,일반공공행정,011,입법및선거관리,1560556758
2017,대구,2717000,대구달서구,010,일반공공행정,016,일반행정,24201177620
2017,대구,2717000,대구달서구,010,일반공공행정,013,지방행정ㆍ재정지원,1189741920
2017,대구,2717000,대구달서구,020,공공질서및안전,025,재난방재ㆍ민방위,6129196600
2017,대구,2717000,대구달서구,050,교육,051,유아및초중등교육,4087677088
2017,대구,2717000,대구달서구,050,교육,053,평생ㆍ직업교육,615248900
2017,대구,2717000,대구달서구,060,문화및관광,061,문화예술,9159258215
2017,대구,2717000,대구달서구,060,문화및관광,063,체육,7027944800
2017,대구,2717000,대구달서구,070,환경보호,071,상하수도ㆍ수질,5216318180
2017,대구,2717000,대구달서구,070,환경보호,076,환경보호일반,255277060
2017,대구,2717000,대구달서구,070,환경보호,073,대기,139780080
2017,대구,2717000,대구달서구,070,환경보호,072,폐기물,19664569400
2017,대구,2717000,대구달서구,080,사회복지,081,기초생활보장,88672788714
2017,대구,2717000,대구달서구,080,사회복지,089,사회복지일반,94340430
2017,대구,2717000,대구달서구,080,사회복지,087,보훈,1883050138
2017,대구,2717000,대구달서구,080,사회복지,086,노동,2602943100
2017,대구,2717000,대구달서구,080,사회복지,085,노인ㆍ청소년,117194013087
2017,대구,2717000,대구달서구,080,사회복지,084,보육ㆍ가족및여성,121260753975
2017,대구,2717000,대구달서구,080,사회복지,082,취약계층지원,52403687349
2017,대구,2717000,대구달서구,090,보건,091,보건의료,18789896790
2017,대구,2717000,대구달서구,090,보건,093,식품의약안전,744718440
2017,대구,2717000,대구달서구,100,농림해양수산,101,농업ㆍ농촌,264386670
2017,대구,2717000,대구달서구,100,농림해양수산,102,임업ㆍ산촌,1469106351
2017,대구,2717000,대구달서구,110,산업ㆍ중소기업,114,산업진흥ㆍ고도화,3280586300
2017,대구,2717000,대구달서구,120,수송및교통,121,도로,22411428900
2017,대구,2717000,대구달서구,120,수송및교통,126,대중교통ㆍ물류등기타,4576004620
2017,대구,2717000,대구달서구,140,국토및지역개발,142,지역및도시,23037606931
2017,대구,2717000,대구달서구,160,예비비,161,예비비,0
2017,대구,2717000,대구달서구,900,기타,901,기타,91800507752
2017,대구,2771000,대구달성군,010,일반공공행정,011,입법및선거관리,701528940
2017,대구,2771000,대구달성군,010,일반공공행정,016,일반행정,15508842054
2017,대구,2771000,대구달성군,010,일반공공행정,013,지방행정ㆍ재정지원,16260478320
2017,대구,2771000,대구달성군,020,공공질서및안전,025,재난방재ㆍ민방위,6819247350
2017,대구,2771000,대구달성군,050,교육,051,유아및초중등교육,4077962300
2017,대구,2771000,대구달성군,050,교육,053,평생ㆍ직업교육,7854409130
2017,대구,2771000,대구달성군,060,문화및관광,061,문화예술,9174646682
2017,대구,2771000,대구달성군,060,문화및관광,065,문화및관광일반,23478005274
2017,대구,2771000,대구달성군,060,문화및관광,064,문화재,2823319760
2017,대구,2771000,대구달성군,060,문화및관광,063,체육,32591594446
2017,대구,2771000,대구달성군,060,문화및관광,062,관광,5627284255
2017,대구,2771000,대구달성군,070,환경보호,071,상하수도ㆍ수질,1274116050
2017,대구,2771000,대구달성군,070,환경보호,074,자연,349884140
2017,대구,2771000,대구달성군,070,환경보호,073,대기,895762510
2017,대구,2771000,대구달성군,070,환경보호,072,폐기물,10303443025
2017,대구,2771000,대구달성군,080,사회복지,081,기초생활보장,30339867863
2017,대구,2771000,대구달성군,080,사회복지,087,보훈,1509494130
2017,대구,2771000,대구달성군,080,사회복지,086,노동,2327129150
2017,대구,2771000,대구달성군,080,사회복지,085,노인ㆍ청소년,56542221181
2017,대구,2771000,대구달성군,080,사회복지,084,보육ㆍ가족및여성,66859591253
2017,대구,2771000,대구달성군,080,사회복지,082,취약계층지원,26113880263
2017,대구,2771000,대구달성군,090,보건,091,보건의료,12705674636
2017,대구,2771000,대구달성군,090,보건,093,식품의약안전,550413343
2017,대구,2771000,대구달성군,100,농림해양수산,101,농업ㆍ농촌,25157671165
2017,대구,2771000,대구달성군,100,농림해양수산,102,임업ㆍ산촌,10537257503
2017,대구,2771000,대구달성군,110,산업ㆍ중소기업,113,무역및투자유치,127219375
2017,대구,2771000,대구달성군,110,산업ㆍ중소기업,116,산업ㆍ중소기업일반,2283661520
2017,대구,2771000,대구달성군,110,산업ㆍ중소기업,115,에너지및자원개발,563094600
2017,대구,2771000,대구달성군,110,산업ㆍ중소기업,114,산업진흥ㆍ고도화,207180877
2017,대구,2771000,대구달성군,120,수송및교통,121,도로,72015762080
2017,대구,2771000,대구달성군,120,수송및교통,126,대중교통ㆍ물류등기타,16388097257
2017,대구,2771000,대구달성군,140,국토및지역개발,141,수자원,24401585140
2017,대구,2771000,대구달성군,140,국토및지역개발,143,산업단지,88403100
2017,대구,2771000,대구달성군,140,국토및지역개발,142,지역및도시,25496544776
2017,대구,2771000,대구달성군,160,예비비,161,예비비,0
2017,대구,2771000,대구달성군,900,기타,901,기타,72147573435
2016,대구,2700000,대구본청,010,일반공공행정,011,입법및선거관리,3785585140
2016,대구,2700000,대구본청,010,일반공공행정,016,일반행정,84495529197
2016,대구,2700000,대구본청,010,일반공공행정,014,재정ㆍ금융,339246470360
2016,대구,2700000,대구본청,010,일반공공행정,013,지방행정ㆍ재정지원,6257836140
2016,대구,2700000,대구본청,020,공공질서및안전,025,재난방재ㆍ민방위,48255537740
2016,대구,2700000,대구본청,020,공공질서및안전,026,소방,68792612666
2016,대구,2700000,대구본청,050,교육,051,유아및초중등교육,470136358770
2016,대구,2700000,대구본청,050,교육,053,평생ㆍ직업교육,764076240
2016,대구,2700000,대구본청,060,문화및관광,061,문화예술,91711044534
2016,대구,2700000,대구본청,060,문화및관광,064,문화재,3217942040
2016,대구,2700000,대구본청,060,문화및관광,063,체육,94218784180
2016,대구,2700000,대구본청,060,문화및관광,062,관광,14390763240
2016,대구,2700000,대구본청,070,환경보호,071,상하수도ㆍ수질,246563810966
2016,대구,2700000,대구본청,070,환경보호,076,환경보호일반,27743118730
2016,대구,2700000,대구본청,070,환경보호,074,자연,10222763392
2016,대구,2700000,대구본청,070,환경보호,073,대기,7366160200
2016,대구,2700000,대구본청,070,환경보호,072,폐기물,35849057220
2016,대구,2700000,대구본청,080,사회복지,081,기초생활보장,406066251350
2016,대구,2700000,대구본청,080,사회복지,087,보훈,991701760
2016,대구,2700000,대구본청,080,사회복지,086,노동,21983839040
2016,대구,2700000,대구본청,080,사회복지,085,노인ㆍ청소년,63412792440
2016,대구,2700000,대구본청,080,사회복지,084,보육ㆍ가족및여성,14965022960
2016,대구,2700000,대구본청,080,사회복지,082,취약계층지원,30987556863
2016,대구,2700000,대구본청,090,보건,091,보건의료,27773728560
2016,대구,2700000,대구본청,090,보건,093,식품의약안전,1908614670
2016,대구,2700000,대구본청,100,농림해양수산,101,농업ㆍ농촌,14901033060
2016,대구,2700000,대구본청,100,농림해양수산,102,임업ㆍ산촌,6324255860
2016,대구,2700000,대구본청,110,산업ㆍ중소기업,111,산업금융지원,49262943000
2016,대구,2700000,대구본청,110,산업ㆍ중소기업,116,산업ㆍ중소기업일반,5950165980
2016,대구,2700000,대구본청,110,산업ㆍ중소기업,115,에너지및자원개발,20926035700
2016,대구,2700000,대구본청,110,산업ㆍ중소기업,114,산업진흥ㆍ고도화,94339181870
2016,대구,2700000,대구본청,110,산업ㆍ중소기업,113,무역및투자유치,28710492870
2016,대구,2700000,대구본청,110,산업ㆍ중소기업,112,산업기술지원,31432275600
2016,대구,2700000,대구본청,120,수송및교통,121,도로,122175767220
2016,대구,2700000,대구본청,120,수송및교통,126,대중교통ㆍ물류등기타,294671857758
2016,대구,2700000,대구본청,120,수송및교통,125,항공ㆍ공항,844413350
2016,대구,2700000,대구본청,120,수송및교통,123,도시철도,214841400060
2016,대구,2700000,대구본청,140,국토및지역개발,141,수자원,6527958370
2016,대구,2700000,대구본청,140,국토및지역개발,143,산업단지,4820813000
2016,대구,2700000,대구본청,140,국토및지역개발,142,지역및도시,124940854955
2016,대구,2700000,대구본청,150,과학기술,152,과학기술연구지원,50762019390
2016,대구,2700000,대구본청,160,예비비,161,예비비,0
2016,대구,2700000,대구본청,900,기타,901,기타,527348375911
2016,대구,2711000,대구중구,010,일반공공행정,011,입법및선거관리,540423516
2016,대구,2711000,대구중구,010,일반공공행정,016,일반행정,12791580932
2016,대구,2711000,대구중구,010,일반공공행정,014,재정ㆍ금융,2031142120
2016,대구,2711000,대구중구,010,일반공공행정,013,지방행정ㆍ재정지원,389233964
2016,대구,2711000,대구중구,020,공공질서및안전,025,재난방재ㆍ민방위,1080299960
2016,대구,2711000,대구중구,050,교육,051,유아및초중등교육,406923630
2016,대구,2711000,대구중구,050,교육,053,평생ㆍ직업교육,105133950
2016,대구,2711000,대구중구,060,문화및관광,061,문화예술,3341324500
2016,대구,2711000,대구중구,060,문화및관광,064,문화재,735568300
2016,대구,2711000,대구중구,060,문화및관광,063,체육,767934980
2016,대구,2711000,대구중구,060,문화및관광,062,관광,2011953560
2016,대구,2711000,대구중구,070,환경보호,071,상하수도ㆍ수질,66373810
2016,대구,2711000,대구중구,070,환경보호,076,환경보호일반,2382320
2016,대구,2711000,대구중구,070,환경보호,073,대기,196490740
2016,대구,2711000,대구중구,070,환경보호,072,폐기물,3873652580
2016,대구,2711000,대구중구,080,사회복지,081,기초생활보장,13706088705
2016,대구,2711000,대구중구,080,사회복지,088,주택,3347895302
2016,대구,2711000,대구중구,080,사회복지,087,보훈,508614520
2016,대구,2711000,대구중구,080,사회복지,086,노동,2698848190
2016,대구,2711000,대구중구,080,사회복지,085,노인ㆍ청소년,29941327905
2016,대구,2711000,대구중구,080,사회복지,084,보육ㆍ가족및여성,14524806170
2016,대구,2711000,대구중구,080,사회복지,082,취약계층지원,14223025655
2016,대구,2711000,대구중구,090,보건,091,보건의료,9290791126
2016,대구,2711000,대구중구,090,보건,093,식품의약안전,297587580
2016,대구,2711000,대구중구,100,농림해양수산,101,농업ㆍ농촌,84013200
2016,대구,2711000,대구중구,110,산업ㆍ중소기업,114,산업진흥ㆍ고도화,2579382300
2016,대구,2711000,대구중구,110,산업ㆍ중소기업,115,에너지및자원개발,40640090
2016,대구,2711000,대구중구,120,수송및교통,121,도로,4742253480
2016,대구,2711000,대구중구,120,수송및교통,126,대중교통ㆍ물류등기타,4238071850
2016,대구,2711000,대구중구,140,국토및지역개발,142,지역및도시,16262066120
2016,대구,2711000,대구중구,160,예비비,161,예비비,0
2016,대구,2711000,대구중구,900,기타,901,기타,48935336831
2016,대구,2712000,대구동구,010,일반공공행정,011,입법및선거관리,907671802
2016,대구,2712000,대구동구,010,일반공공행정,016,일반행정,17619415981
2016,대구,2712000,대구동구,010,일반공공행정,013,지방행정ㆍ재정지원,926785240
2016,대구,2712000,대구동구,020,공공질서및안전,025,재난방재ㆍ민방위,4029610488
2016,대구,2712000,대구동구,050,교육,053,평생ㆍ직업교육,5195736110
2016,대구,2712000,대구동구,060,문화및관광,061,문화예술,5697573630
2016,대구,2712000,대구동구,060,문화및관광,065,문화및관광일반,2051000
2016,대구,2712000,대구동구,060,문화및관광,064,문화재,3686139970
2016,대구,2712000,대구동구,060,문화및관광,063,체육,1465745300
2016,대구,2712000,대구동구,070,환경보호,072,폐기물,14609730390
2016,대구,2712000,대구동구,070,환경보호,076,환경보호일반,1032465257
2016,대구,2712000,대구동구,080,사회복지,081,기초생활보장,58262765866
2016,대구,2712000,대구동구,080,사회복지,089,사회복지일반,11514567190
2016,대구,2712000,대구동구,080,사회복지,086,노동,3536759450
2016,대구,2712000,대구동구,080,사회복지,085,노인ㆍ청소년,106521272533
2016,대구,2712000,대구동구,080,사회복지,084,보육ㆍ가족및여성,71010108520
2016,대구,2712000,대구동구,080,사회복지,082,취약계층지원,39776796612
2016,대구,2712000,대구동구,090,보건,091,보건의료,12937688610
2016,대구,2712000,대구동구,090,보건,093,식품의약안전,584274640
2016,대구,2712000,대구동구,100,농림해양수산,101,농업ㆍ농촌,4024948790
2016,대구,2712000,대구동구,110,산업ㆍ중소기업,114,산업진흥ㆍ고도화,1296390540
2016,대구,2712000,대구동구,110,산업ㆍ중소기업,115,에너지및자원개발,634446160
2016,대구,2712000,대구동구,120,수송및교통,121,도로,17287782600
2016,대구,2712000,대구동구,120,수송및교통,126,대중교통ㆍ물류등기타,2651011320
2016,대구,2712000,대구동구,140,국토및지역개발,141,수자원,7903592760
2016,대구,2712000,대구동구,140,국토및지역개발,142,지역및도시,15264753367
2016,대구,2712000,대구동구,160,예비비,161,예비비,0
2016,대구,2712000,대구동구,900,기타,901,기타,72812312590
2016,대구,2713000,대구서구,010,일반공공행정,011,입법및선거관리,676658450
2016,대구,2713000,대구서구,010,일반공공행정,016,일반행정,10449471399
2016,대구,2713000,대구서구,010,일반공공행정,014,재정ㆍ금융,3230704000
2016,대구,2713000,대구서구,010,일반공공행정,013,지방행정ㆍ재정지원,340647090
2016,대구,2713000,대구서구,020,공공질서및안전,025,재난방재ㆍ민방위,1091890430
2016,대구,2713000,대구서구,050,교육,051,유아및초중등교육,1920608080
2016,대구,2713000,대구서구,050,교육,053,평생ㆍ직업교육,149197660
2016,대구,2713000,대구서구,060,문화및관광,061,문화예술,3629551350
2016,대구,2713000,대구서구,060,문화및관광,063,체육,5290228710
2016,대구,2713000,대구서구,070,환경보호,071,상하수도ㆍ수질,869124490
2016,대구,2713000,대구서구,070,환경보호,076,환경보호일반,107065940
2016,대구,2713000,대구서구,070,환경보호,073,대기,854491030
2016,대구,2713000,대구서구,070,환경보호,072,폐기물,6561062450
2016,대구,2713000,대구서구,080,사회복지,081,기초생활보장,37943381240
2016,대구,2713000,대구서구,080,사회복지,086,노동,2153872660
2016,대구,2713000,대구서구,080,사회복지,085,노인ㆍ청소년,65700039450
2016,대구,2713000,대구서구,080,사회복지,084,보육ㆍ가족및여성,2127341610
2016,대구,2713000,대구서구,080,사회복지,082,취약계층지원,58097279430
2016,대구,2713000,대구서구,090,보건,091,보건의료,6593482800
2016,대구,2713000,대구서구,090,보건,093,식품의약안전,380297700
2016,대구,2713000,대구서구,100,농림해양수산,101,농업ㆍ농촌,134339450
2016,대구,2713000,대구서구,100,농림해양수산,102,임업ㆍ산촌,353610450
2016,대구,2713000,대구서구,110,산업ㆍ중소기업,114,산업진흥ㆍ고도화,3399302590
2016,대구,2713000,대구서구,110,산업ㆍ중소기업,115,에너지및자원개발,62763420
2016,대구,2713000,대구서구,120,수송및교통,121,도로,5048232870
2016,대구,2713000,대구서구,120,수송및교통,126,대중교통ㆍ물류등기타,1374688330
2016,대구,2713000,대구서구,140,국토및지역개발,142,지역및도시,13393957620
2016,대구,2713000,대구서구,160,예비비,161,예비비,0
2016,대구,2713000,대구서구,900,기타,901,기타,57268723650
2016,대구,2714000,대구남구,010,일반공공행정,011,입법및선거관리,677746650
2016,대구,2714000,대구남구,010,일반공공행정,016,일반행정,15767371630
2016,대구,2714000,대구남구,010,일반공공행정,013,지방행정ㆍ재정지원,627755620
2016,대구,2714000,대구남구,020,공공질서및안전,025,재난방재ㆍ민방위,865941280
2016,대구,2714000,대구남구,050,교육,051,유아및초중등교육,1299206000
2016,대구,2714000,대구남구,050,교육,053,평생ㆍ직업교육,335538190
2016,대구,2714000,대구남구,060,문화및관광,061,문화예술,3843611000
2016,대구,2714000,대구남구,060,문화및관광,064,문화재,75433970
2016,대구,2714000,대구남구,060,문화및관광,063,체육,4113881190
2016,대구,2714000,대구남구,070,환경보호,071,상하수도ㆍ수질,1080088390
2016,대구,2714000,대구남구,070,환경보호,076,환경보호일반,29663430
2016,대구,2714000,대구남구,070,환경보호,073,대기,106099350
2016,대구,2714000,대구남구,070,환경보호,072,폐기물,4966954240
2016,대구,2714000,대구남구,080,사회복지,081,기초생활보장,40893870400
2016,대구,2714000,대구남구,080,사회복지,087,보훈,937997700
2016,대구,2714000,대구남구,080,사회복지,086,노동,1811412170
2016,대구,2714000,대구남구,080,사회복지,085,노인ㆍ청소년,54808431330
2016,대구,2714000,대구남구,080,사회복지,084,보육ㆍ가족및여성,27932161610
2016,대구,2714000,대구남구,080,사회복지,082,취약계층지원,29952175850
2016,대구,2714000,대구남구,090,보건,091,보건의료,6742574590
2016,대구,2714000,대구남구,090,보건,093,식품의약안전,421876680
2016,대구,2714000,대구남구,100,농림해양수산,101,농업ㆍ농촌,95712070
2016,대구,2714000,대구남구,100,농림해양수산,102,임업ㆍ산촌,1680950810
2016,대구,2714000,대구남구,110,산업ㆍ중소기업,114,산업진흥ㆍ고도화,2241003480
2016,대구,2714000,대구남구,110,산업ㆍ중소기업,115,에너지및자원개발,13693290
2016,대구,2714000,대구남구,120,수송및교통,121,도로,7036876870
2016,대구,2714000,대구남구,120,수송및교통,126,대중교통ㆍ물류등기타,2658360930
2016,대구,2714000,대구남구,140,국토및지역개발,142,지역및도시,8150955130
2016,대구,2714000,대구남구,160,예비비,161,예비비,0
2016,대구,2714000,대구남구,900,기타,901,기타,49628866342
2016,대구,2715000,대구북구,010,일반공공행정,011,입법및선거관리,1416598130
2016,대구,2715000,대구북구,010,일반공공행정,016,일반행정,32007303380
2016,대구,2715000,대구북구,010,일반공공행정,013,지방행정ㆍ재정지원,895220720
2016,대구,2715000,대구북구,020,공공질서및안전,025,재난방재ㆍ민방위,2214827320
2016,대구,2715000,대구북구,050,교육,051,유아및초중등교육,2413731020
2016,대구,2715000,대구북구,050,교육,053,평생ㆍ직업교육,199038000
2016,대구,2715000,대구북구,060,문화및관광,061,문화예술,6413339996
2016,대구,2715000,대구북구,060,문화및관광,064,문화재,614795500
2016,대구,2715000,대구북구,060,문화및관광,063,체육,2772819420
2016,대구,2715000,대구북구,060,문화및관광,062,관광,29290000
2016,대구,2715000,대구북구,070,환경보호,071,상하수도ㆍ수질,49960040
2016,대구,2715000,대구북구,070,환경보호,076,환경보호일반,206555390
2016,대구,2715000,대구북구,070,환경보호,073,대기,71526500
2016,대구,2715000,대구북구,070,환경보호,072,폐기물,13945390011
2016,대구,2715000,대구북구,080,사회복지,081,기초생활보장,53764170690
2016,대구,2715000,대구북구,080,사회복지,087,보훈,1481788060
2016,대구,2715000,대구북구,080,사회복지,086,노동,3593253850
2016,대구,2715000,대구북구,080,사회복지,085,노인ㆍ청소년,93160484710
2016,대구,2715000,대구북구,080,사회복지,084,보육ㆍ가족및여성,99637916292
2016,대구,2715000,대구북구,080,사회복지,082,취약계층지원,34735050636
2016,대구,2715000,대구북구,090,보건,091,보건의료,14213497814
2016,대구,2715000,대구북구,090,보건,093,식품의약안전,539483770
2016,대구,2715000,대구북구,100,농림해양수산,101,농업ㆍ농촌,2294927760
2016,대구,2715000,대구북구,100,농림해양수산,102,임업ㆍ산촌,3937752120
2016,대구,2715000,대구북구,110,산업ㆍ중소기업,116,산업ㆍ중소기업일반,6823844270
2016,대구,2715000,대구북구,120,수송및교통,121,도로,11882306595
2016,대구,2715000,대구북구,120,수송및교통,126,대중교통ㆍ물류등기타,7105595680
2016,대구,2715000,대구북구,140,국토및지역개발,141,수자원,6300521470
2016,대구,2715000,대구북구,140,국토및지역개발,142,지역및도시,7687353455
2016,대구,2715000,대구북구,160,예비비,161,예비비,0
2016,대구,2715000,대구북구,900,기타,901,기타,77719226792
2016,대구,2716000,대구수성구,010,일반공공행정,011,입법및선거관리,1540660389
2016,대구,2716000,대구수성구,010,일반공공행정,016,일반행정,19041424710
2016,대구,2716000,대구수성구,010,일반공공행정,014,재정ㆍ금융,1335420540
2016,대구,2716000,대구수성구,010,일반공공행정,013,지방행정ㆍ재정지원,1249868750
2016,대구,2716000,대구수성구,020,공공질서및안전,025,재난방재ㆍ민방위,3991806810
2016,대구,2716000,대구수성구,050,교육,051,유아및초중등교육,2529608100
2016,대구,2716000,대구수성구,050,교육,053,평생ㆍ직업교육,2172328965
2016,대구,2716000,대구수성구,060,문화및관광,061,문화예술,9548604715
2016,대구,2716000,대구수성구,060,문화및관광,065,문화및관광일반,71769664
2016,대구,2716000,대구수성구,060,문화및관광,064,문화재,472211660
2016,대구,2716000,대구수성구,060,문화및관광,063,체육,8565545895
2016,대구,2716000,대구수성구,060,문화및관광,062,관광,822297530
2016,대구,2716000,대구수성구,070,환경보호,071,상하수도ㆍ수질,55140410
2016,대구,2716000,대구수성구,070,환경보호,076,환경보호일반,274367221
2016,대구,2716000,대구수성구,070,환경보호,073,대기,65752250
2016,대구,2716000,대구수성구,070,환경보호,072,폐기물,14637001077
2016,대구,2716000,대구수성구,080,사회복지,081,기초생활보장,56794598075
2016,대구,2716000,대구수성구,080,사회복지,087,보훈,1833186700
2016,대구,2716000,대구수성구,080,사회복지,086,노동,3830831072
2016,대구,2716000,대구수성구,080,사회복지,085,노인ㆍ청소년,88996929310
2016,대구,2716000,대구수성구,080,사회복지,084,보육ㆍ가족및여성,78617945729
2016,대구,2716000,대구수성구,080,사회복지,082,취약계층지원,39853669457
2016,대구,2716000,대구수성구,090,보건,091,보건의료,11425404693
2016,대구,2716000,대구수성구,090,보건,093,식품의약안전,590481170
2016,대구,2716000,대구수성구,100,농림해양수산,101,농업ㆍ농촌,2635618190
2016,대구,2716000,대구수성구,100,농림해양수산,102,임업ㆍ산촌,3917580790
2016,대구,2716000,대구수성구,110,산업ㆍ중소기업,114,산업진흥ㆍ고도화,304806770
2016,대구,2716000,대구수성구,110,산업ㆍ중소기업,116,산업ㆍ중소기업일반,20225990
2016,대구,2716000,대구수성구,110,산업ㆍ중소기업,115,에너지및자원개발,21383484
2016,대구,2716000,대구수성구,120,수송및교통,121,도로,9039302126
2016,대구,2716000,대구수성구,120,수송및교통,126,대중교통ㆍ물류등기타,4293055000
2016,대구,2716000,대구수성구,140,국토및지역개발,141,수자원,9392994250
2016,대구,2716000,대구수성구,140,국토및지역개발,142,지역및도시,24361885140
2016,대구,2716000,대구수성구,160,예비비,161,예비비,0
2016,대구,2716000,대구수성구,900,기타,901,기타,76800362322
2016,대구,2717000,대구달서구,010,일반공공행정,011,입법및선거관리,1859102360
2016,대구,2717000,대구달서구,010,일반공공행정,016,일반행정,24675153673
2016,대구,2717000,대구달서구,010,일반공공행정,013,지방행정ㆍ재정지원,1185296070
2016,대구,2717000,대구달서구,020,공공질서및안전,025,재난방재ㆍ민방위,5047928970
2016,대구,2717000,대구달서구,050,교육,051,유아및초중등교육,4181864574
2016,대구,2717000,대구달서구,050,교육,053,평생ㆍ직업교육,675347730
2016,대구,2717000,대구달서구,060,문화및관광,061,문화예술,11695518928
2016,대구,2717000,대구달서구,060,문화및관광,063,체육,3616181080
2016,대구,2717000,대구달서구,070,환경보호,071,상하수도ㆍ수질,5561553380
2016,대구,2717000,대구달서구,070,환경보호,076,환경보호일반,118142600
2016,대구,2717000,대구달서구,070,환경보호,073,대기,215117340
2016,대구,2717000,대구달서구,070,환경보호,072,폐기물,18971420700
2016,대구,2717000,대구달서구,080,사회복지,081,기초생활보장,82822784252
2016,대구,2717000,대구달서구,080,사회복지,089,사회복지일반,13802000
2016,대구,2717000,대구달서구,080,사회복지,087,보훈,1964069081
2016,대구,2717000,대구달서구,080,사회복지,086,노동,2991859980
2016,대구,2717000,대구달서구,080,사회복지,085,노인ㆍ청소년,108498745738
2016,대구,2717000,대구달서구,080,사회복지,084,보육ㆍ가족및여성,119906472700
2016,대구,2717000,대구달서구,080,사회복지,082,취약계층지원,47195291376
2016,대구,2717000,대구달서구,090,보건,091,보건의료,18786601552
2016,대구,2717000,대구달서구,090,보건,093,식품의약안전,622080290
2016,대구,2717000,대구달서구,100,농림해양수산,101,농업ㆍ농촌,254604860
2016,대구,2717000,대구달서구,100,농림해양수산,102,임업ㆍ산촌,745929840
2016,대구,2717000,대구달서구,110,산업ㆍ중소기업,114,산업진흥ㆍ고도화,7350267893
2016,대구,2717000,대구달서구,120,수송및교통,121,도로,18219741950
2016,대구,2717000,대구달서구,120,수송및교통,126,대중교통ㆍ물류등기타,4131969160
2016,대구,2717000,대구달서구,140,국토및지역개발,142,지역및도시,21863579846
2016,대구,2717000,대구달서구,160,예비비,161,예비비,0
2016,대구,2717000,대구달서구,900,기타,901,기타,82907663395
2016,대구,2771000,대구달성군,010,일반공공행정,011,입법및선거관리,641902276
2016,대구,2771000,대구달성군,010,일반공공행정,016,일반행정,35607235434
2016,대구,2771000,대구달성군,010,일반공공행정,013,지방행정ㆍ재정지원,11316444982
2016,대구,2771000,대구달성군,020,공공질서및안전,025,재난방재ㆍ민방위,6687046840
2016,대구,2771000,대구달성군,050,교육,051,유아및초중등교육,4191992460
2016,대구,2771000,대구달성군,050,교육,053,평생ㆍ직업교육,3332432430
2016,대구,2771000,대구달성군,060,문화및관광,061,문화예술,6968023960
2016,대구,2771000,대구달성군,060,문화및관광,065,문화및관광일반,7210518614
2016,대구,2771000,대구달성군,060,문화및관광,064,문화재,3233015550
2016,대구,2771000,대구달성군,060,문화및관광,063,체육,5793793880
2016,대구,2771000,대구달성군,060,문화및관광,062,관광,4747441610
2016,대구,2771000,대구달성군,070,환경보호,071,상하수도ㆍ수질,953829370
2016,대구,2771000,대구달성군,070,환경보호,074,자연,142117920
2016,대구,2771000,대구달성군,070,환경보호,073,대기,404450470
2016,대구,2771000,대구달성군,070,환경보호,072,폐기물,15601814684
2016,대구,2771000,대구달성군,080,사회복지,081,기초생활보장,27374210620
2016,대구,2771000,대구달성군,080,사회복지,087,보훈,1945436970
2016,대구,2771000,대구달성군,080,사회복지,086,노동,2316840600
2016,대구,2771000,대구달성군,080,사회복지,085,노인ㆍ청소년,50238125601
2016,대구,2771000,대구달성군,080,사회복지,084,보육ㆍ가족및여성,56213388916
2016,대구,2771000,대구달성군,080,사회복지,082,취약계층지원,24459325804
2016,대구,2771000,대구달성군,090,보건,091,보건의료,10164121720
2016,대구,2771000,대구달성군,090,보건,093,식품의약안전,553162800
2016,대구,2771000,대구달성군,100,농림해양수산,101,농업ㆍ농촌,26791399450
2016,대구,2771000,대구달성군,100,농림해양수산,102,임업ㆍ산촌,10862668396
2016,대구,2771000,대구달성군,110,산업ㆍ중소기업,113,무역및투자유치,92100000
2016,대구,2771000,대구달성군,110,산업ㆍ중소기업,116,산업ㆍ중소기업일반,1545113010
2016,대구,2771000,대구달성군,110,산업ㆍ중소기업,115,에너지및자원개발,194348840
2016,대구,2771000,대구달성군,110,산업ㆍ중소기업,114,산업진흥ㆍ고도화,410774700
2016,대구,2771000,대구달성군,120,수송및교통,121,도로,74736992460
2016,대구,2771000,대구달성군,120,수송및교통,126,대중교통ㆍ물류등기타,19090986760
2016,대구,2771000,대구달성군,140,국토및지역개발,141,수자원,19842598990
2016,대구,2771000,대구달성군,140,국토및지역개발,143,산업단지,220046930
2016,대구,2771000,대구달성군,140,국토및지역개발,142,지역및도시,31221905452
2016,대구,2771000,대구달성군,160,예비비,161,예비비,0
2016,대구,2771000,대구달성군,900,기타,901,기타,66319867501
2015,대구,2700000,대구본청,010,일반공공행정,011,입법및선거관리,4383431420
2015,대구,2700000,대구본청,010,일반공공행정,016,일반행정,72961245748
2015,대구,2700000,대구본청,010,일반공공행정,014,재정ㆍ금융,853462725120
2015,대구,2700000,대구본청,010,일반공공행정,013,지방행정ㆍ재정지원,5225730500
2015,대구,2700000,대구본청,020,공공질서및안전,025,재난방재ㆍ민방위,63785578440
2015,대구,2700000,대구본청,020,공공질서및안전,026,소방,39759893650
2015,대구,2700000,대구본청,050,교육,051,유아및초중등교육,478654399860
2015,대구,2700000,대구본청,050,교육,053,평생ㆍ직업교육,828408640
2015,대구,2700000,대구본청,060,문화및관광,061,문화예술,82019324918
2015,대구,2700000,대구본청,060,문화및관광,064,문화재,1921894440
2015,대구,2700000,대구본청,060,문화및관광,063,체육,111364441486
2015,대구,2700000,대구본청,060,문화및관광,062,관광,10454590860
2015,대구,2700000,대구본청,070,환경보호,071,상하수도ㆍ수질,235663475081
2015,대구,2700000,대구본청,070,환경보호,076,환경보호일반,6825325678
2015,대구,2700000,대구본청,070,환경보호,074,자연,4175407880
2015,대구,2700000,대구본청,070,환경보호,073,대기,7396594890
2015,대구,2700000,대구본청,070,환경보호,072,폐기물,33367937510
2015,대구,2700000,대구본청,080,사회복지,081,기초생활보장,385067987780
2015,대구,2700000,대구본청,080,사회복지,087,보훈,1459764030
2015,대구,2700000,대구본청,080,사회복지,086,노동,14792068120
2015,대구,2700000,대구본청,080,사회복지,085,노인ㆍ청소년,54707187470
2015,대구,2700000,대구본청,080,사회복지,084,보육ㆍ가족및여성,13812498971
2015,대구,2700000,대구본청,080,사회복지,082,취약계층지원,21042358410
2015,대구,2700000,대구본청,090,보건,091,보건의료,25722424070
2015,대구,2700000,대구본청,090,보건,093,식품의약안전,1824722450
2015,대구,2700000,대구본청,100,농림해양수산,101,농업ㆍ농촌,15400675862
2015,대구,2700000,대구본청,100,농림해양수산,102,임업ㆍ산촌,2502218650
2015,대구,2700000,대구본청,110,산업ㆍ중소기업,111,산업금융지원,68162613050
2015,대구,2700000,대구본청,110,산업ㆍ중소기업,116,산업ㆍ중소기업일반,219723820
2015,대구,2700000,대구본청,110,산업ㆍ중소기업,115,에너지및자원개발,3272057510
2015,대구,2700000,대구본청,110,산업ㆍ중소기업,114,산업진흥ㆍ고도화,105285927530
2015,대구,2700000,대구본청,110,산업ㆍ중소기업,113,무역및투자유치,29914154550
2015,대구,2700000,대구본청,110,산업ㆍ중소기업,112,산업기술지원,13391971430
2015,대구,2700000,대구본청,120,수송및교통,121,도로,90077002885
2015,대구,2700000,대구본청,120,수송및교통,126,대중교통ㆍ물류등기타,253594783690
2015,대구,2700000,대구본청,120,수송및교통,125,항공ㆍ공항,1020279580
2015,대구,2700000,대구본청,120,수송및교통,123,도시철도,127715216100
2015,대구,2700000,대구본청,140,국토및지역개발,141,수자원,17350293430
2015,대구,2700000,대구본청,140,국토및지역개발,143,산업단지,4433080290
2015,대구,2700000,대구본청,140,국토및지역개발,142,지역및도시,110525696420
2015,대구,2700000,대구본청,150,과학기술,152,과학기술연구지원,52917867220
2015,대구,2700000,대구본청,160,예비비,161,예비비,0
2015,대구,2700000,대구본청,900,기타,901,기타,496814226210
2015,대구,2711000,대구중구,010,일반공공행정,011,입법및선거관리,450607730
2015,대구,2711000,대구중구,010,일반공공행정,016,일반행정,10703825493
2015,대구,2711000,대구중구,010,일반공공행정,014,재정ㆍ금융,4673541990
2015,대구,2711000,대구중구,010,일반공공행정,013,지방행정ㆍ재정지원,369653700
2015,대구,2711000,대구중구,020,공공질서및안전,025,재난방재ㆍ민방위,564018670
2015,대구,2711000,대구중구,050,교육,051,유아및초중등교육,325209000
2015,대구,2711000,대구중구,050,교육,053,평생ㆍ직업교육,119967950
2015,대구,2711000,대구중구,060,문화및관광,061,문화예술,2340997890
2015,대구,2711000,대구중구,060,문화및관광,064,문화재,487586470
2015,대구,2711000,대구중구,060,문화및관광,063,체육,1274303860
2015,대구,2711000,대구중구,060,문화및관광,062,관광,1536049980
2015,대구,2711000,대구중구,070,환경보호,071,상하수도ㆍ수질,40040390
2015,대구,2711000,대구중구,070,환경보호,073,대기,251041710
2015,대구,2711000,대구중구,070,환경보호,072,폐기물,3589482560
2015,대구,2711000,대구중구,080,사회복지,081,기초생활보장,12316018920
2015,대구,2711000,대구중구,080,사회복지,088,주택,2956304990
2015,대구,2711000,대구중구,080,사회복지,087,보훈,417640240
2015,대구,2711000,대구중구,080,사회복지,086,노동,2823691050
2015,대구,2711000,대구중구,080,사회복지,085,노인ㆍ청소년,29250392030
2015,대구,2711000,대구중구,080,사회복지,084,보육ㆍ가족및여성,13873000060
2015,대구,2711000,대구중구,080,사회복지,082,취약계층지원,13034995700
2015,대구,2711000,대구중구,090,보건,091,보건의료,4904801700
2015,대구,2711000,대구중구,090,보건,093,식품의약안전,233873010
2015,대구,2711000,대구중구,100,농림해양수산,101,농업ㆍ농촌,88673310
2015,대구,2711000,대구중구,110,산업ㆍ중소기업,114,산업진흥ㆍ고도화,2080333690
2015,대구,2711000,대구중구,110,산업ㆍ중소기업,115,에너지및자원개발,40015820
2015,대구,2711000,대구중구,120,수송및교통,121,도로,4251890940
2015,대구,2711000,대구중구,120,수송및교통,126,대중교통ㆍ물류등기타,1610970110
2015,대구,2711000,대구중구,140,국토및지역개발,142,지역및도시,13362576880
2015,대구,2711000,대구중구,160,예비비,161,예비비,0
2015,대구,2711000,대구중구,900,기타,901,기타,48196453067
2015,대구,2712000,대구동구,010,일반공공행정,011,입법및선거관리,896550890
2015,대구,2712000,대구동구,010,일반공공행정,016,일반행정,15614103836
2015,대구,2712000,대구동구,010,일반공공행정,013,지방행정ㆍ재정지원,823853580
2015,대구,2712000,대구동구,020,공공질서및안전,025,재난방재ㆍ민방위,1740829500
2015,대구,2712000,대구동구,050,교육,053,평생ㆍ직업교육,3303906810
2015,대구,2712000,대구동구,060,문화및관광,061,문화예술,4244063950
2015,대구,2712000,대구동구,060,문화및관광,064,문화재,2069170159
2015,대구,2712000,대구동구,060,문화및관광,063,체육,1842302860
2015,대구,2712000,대구동구,070,환경보호,072,폐기물,9237846870
2015,대구,2712000,대구동구,070,환경보호,076,환경보호일반,1149207730
2015,대구,2712000,대구동구,080,사회복지,081,기초생활보장,56232152776
2015,대구,2712000,대구동구,080,사회복지,089,사회복지일반,10365187800
2015,대구,2712000,대구동구,080,사회복지,085,노인ㆍ청소년,101962737865
2015,대구,2712000,대구동구,080,사회복지,084,보육ㆍ가족및여성,69965112627
2015,대구,2712000,대구동구,080,사회복지,082,취약계층지원,38288303890
2015,대구,2712000,대구동구,090,보건,091,보건의료,12020636470
2015,대구,2712000,대구동구,090,보건,093,식품의약안전,509794070
2015,대구,2712000,대구동구,100,농림해양수산,101,농업ㆍ농촌,3163140040
2015,대구,2712000,대구동구,100,농림해양수산,102,임업ㆍ산촌,1995804370
2015,대구,2712000,대구동구,110,산업ㆍ중소기업,114,산업진흥ㆍ고도화,2299375750
2015,대구,2712000,대구동구,110,산업ㆍ중소기업,115,에너지및자원개발,2013226510
2015,대구,2712000,대구동구,120,수송및교통,121,도로,10294775040
2015,대구,2712000,대구동구,120,수송및교통,126,대중교통ㆍ물류등기타,8819621760
2015,대구,2712000,대구동구,140,국토및지역개발,141,수자원,8574911350
2015,대구,2712000,대구동구,140,국토및지역개발,142,지역및도시,5687405050
2015,대구,2712000,대구동구,160,예비비,161,예비비,0
2015,대구,2712000,대구동구,900,기타,901,기타,71788985835
2015,대구,2713000,대구서구,010,일반공공행정,011,입법및선거관리,661163120
2015,대구,2713000,대구서구,010,일반공공행정,016,일반행정,7907078710
2015,대구,2713000,대구서구,010,일반공공행정,014,재정ㆍ금융,1323126400
2015,대구,2713000,대구서구,010,일반공공행정,013,지방행정ㆍ재정지원,949719460
2015,대구,2713000,대구서구,020,공공질서및안전,025,재난방재ㆍ민방위,885008090
2015,대구,2713000,대구서구,050,교육,051,유아및초중등교육,421350310
2015,대구,2713000,대구서구,050,교육,053,평생ㆍ직업교육,726107290
2015,대구,2713000,대구서구,060,문화및관광,061,문화예술,965548100
2015,대구,2713000,대구서구,060,문화및관광,063,체육,2937176880
2015,대구,2713000,대구서구,070,환경보호,071,상하수도ㆍ수질,901110960
2015,대구,2713000,대구서구,070,환경보호,076,환경보호일반,159831440
2015,대구,2713000,대구서구,070,환경보호,073,대기,569512870
2015,대구,2713000,대구서구,070,환경보호,072,폐기물,5931189310
2015,대구,2713000,대구서구,080,사회복지,081,기초생활보장,32370481540
2015,대구,2713000,대구서구,080,사회복지,086,노동,2182019770
2015,대구,2713000,대구서구,080,사회복지,085,노인ㆍ청소년,63313720640
2015,대구,2713000,대구서구,080,사회복지,084,보육ㆍ가족및여성,1973318970
2015,대구,2713000,대구서구,080,사회복지,082,취약계층지원,56021835170
2015,대구,2713000,대구서구,090,보건,091,보건의료,7561585290
2015,대구,2713000,대구서구,090,보건,093,식품의약안전,229523910
2015,대구,2713000,대구서구,100,농림해양수산,101,농업ㆍ농촌,136359730
2015,대구,2713000,대구서구,100,농림해양수산,102,임업ㆍ산촌,400557590
2015,대구,2713000,대구서구,110,산업ㆍ중소기업,114,산업진흥ㆍ고도화,6219794240
2015,대구,2713000,대구서구,110,산업ㆍ중소기업,115,에너지및자원개발,178452400
2015,대구,2713000,대구서구,120,수송및교통,121,도로,1915158110
2015,대구,2713000,대구서구,120,수송및교통,126,대중교통ㆍ물류등기타,651770110
2015,대구,2713000,대구서구,140,국토및지역개발,142,지역및도시,8054809790
2015,대구,2713000,대구서구,160,예비비,161,예비비,0
2015,대구,2713000,대구서구,900,기타,901,기타,55835084650
2015,대구,2714000,대구남구,010,일반공공행정,011,입법및선거관리,489325790
2015,대구,2714000,대구남구,010,일반공공행정,016,일반행정,7613690480
2015,대구,2714000,대구남구,010,일반공공행정,013,지방행정ㆍ재정지원,468437230
2015,대구,2714000,대구남구,020,공공질서및안전,025,재난방재ㆍ민방위,796790030
2015,대구,2714000,대구남구,050,교육,051,유아및초중등교육,288300000
2015,대구,2714000,대구남구,050,교육,053,평생ㆍ직업교육,294712120
2015,대구,2714000,대구남구,060,문화및관광,061,문화예술,1703491530
2015,대구,2714000,대구남구,060,문화및관광,064,문화재,138978300
2015,대구,2714000,대구남구,060,문화및관광,063,체육,1549508150
2015,대구,2714000,대구남구,070,환경보호,071,상하수도ㆍ수질,1678980530
2015,대구,2714000,대구남구,070,환경보호,076,환경보호일반,43811450
2015,대구,2714000,대구남구,070,환경보호,073,대기,146092070
2015,대구,2714000,대구남구,070,환경보호,072,폐기물,4517946660
2015,대구,2714000,대구남구,080,사회복지,081,기초생활보장,29387112030
2015,대구,2714000,대구남구,080,사회복지,087,보훈,724658620
2015,대구,2714000,대구남구,080,사회복지,086,노동,1901239000
2015,대구,2714000,대구남구,080,사회복지,085,노인ㆍ청소년,54078970580
2015,대구,2714000,대구남구,080,사회복지,084,보육ㆍ가족및여성,27471962040
2015,대구,2714000,대구남구,080,사회복지,082,취약계층지원,23372088513
2015,대구,2714000,대구남구,090,보건,091,보건의료,6521419600
2015,대구,2714000,대구남구,090,보건,093,식품의약안전,371728670
2015,대구,2714000,대구남구,100,농림해양수산,101,농업ㆍ농촌,77788310
2015,대구,2714000,대구남구,100,농림해양수산,102,임업ㆍ산촌,975040290
2015,대구,2714000,대구남구,110,산업ㆍ중소기업,114,산업진흥ㆍ고도화,1925767750
2015,대구,2714000,대구남구,110,산업ㆍ중소기업,115,에너지및자원개발,15434140
2015,대구,2714000,대구남구,120,수송및교통,121,도로,6796257880
2015,대구,2714000,대구남구,120,수송및교통,126,대중교통ㆍ물류등기타,2281459190
2015,대구,2714000,대구남구,140,국토및지역개발,142,지역및도시,14583009320
2015,대구,2714000,대구남구,160,예비비,161,예비비,0
2015,대구,2714000,대구남구,900,기타,901,기타,49047694414
2015,대구,2715000,대구북구,010,일반공공행정,011,입법및선거관리,1045199400
2015,대구,2715000,대구북구,010,일반공공행정,016,일반행정,21936102390
2015,대구,2715000,대구북구,010,일반공공행정,013,지방행정ㆍ재정지원,889461380
2015,대구,2715000,대구북구,020,공공질서및안전,025,재난방재ㆍ민방위,3298633130
2015,대구,2715000,대구북구,050,교육,051,유아및초중등교육,1086854000
2015,대구,2715000,대구북구,050,교육,053,평생ㆍ직업교육,199292740
2015,대구,2715000,대구북구,060,문화및관광,061,문화예술,4872072591
2015,대구,2715000,대구북구,060,문화및관광,064,문화재,382961940
2015,대구,2715000,대구북구,060,문화및관광,063,체육,8021352020
2015,대구,2715000,대구북구,070,환경보호,071,상하수도ㆍ수질,49051190
2015,대구,2715000,대구북구,070,환경보호,076,환경보호일반,277357790
2015,대구,2715000,대구북구,070,환경보호,073,대기,83641440
2015,대구,2715000,대구북구,070,환경보호,072,폐기물,13002566430
2015,대구,2715000,대구북구,080,사회복지,081,기초생활보장,47701874110
2015,대구,2715000,대구북구,080,사회복지,087,보훈,1071495830
2015,대구,2715000,대구북구,080,사회복지,086,노동,3641092780
2015,대구,2715000,대구북구,080,사회복지,085,노인ㆍ청소년,90136078360
2015,대구,2715000,대구북구,080,사회복지,084,보육ㆍ가족및여성,97136865250
2015,대구,2715000,대구북구,080,사회복지,082,취약계층지원,33800914279
2015,대구,2715000,대구북구,090,보건,091,보건의료,13546481170
2015,대구,2715000,대구북구,090,보건,093,식품의약안전,370816977
2015,대구,2715000,대구북구,100,농림해양수산,101,농업ㆍ농촌,1872639540
2015,대구,2715000,대구북구,100,농림해양수산,102,임업ㆍ산촌,2654448990
2015,대구,2715000,대구북구,110,산업ㆍ중소기업,116,산업ㆍ중소기업일반,9639095410
2015,대구,2715000,대구북구,120,수송및교통,121,도로,8824493689
2015,대구,2715000,대구북구,120,수송및교통,126,대중교통ㆍ물류등기타,7094722020
2015,대구,2715000,대구북구,140,국토및지역개발,141,수자원,656163730
2015,대구,2715000,대구북구,140,국토및지역개발,142,지역및도시,2957370700
2015,대구,2715000,대구북구,160,예비비,161,예비비,0
2015,대구,2715000,대구북구,900,기타,901,기타,74706575173
2015,대구,2716000,대구수성구,010,일반공공행정,011,입법및선거관리,1266838412
2015,대구,2716000,대구수성구,010,일반공공행정,016,일반행정,11027035442
2015,대구,2716000,대구수성구,010,일반공공행정,013,지방행정ㆍ재정지원,1118598760
2015,대구,2716000,대구수성구,020,공공질서및안전,025,재난방재ㆍ민방위,2709932790
2015,대구,2716000,대구수성구,050,교육,051,유아및초중등교육,2484700420
2015,대구,2716000,대구수성구,050,교육,053,평생ㆍ직업교육,1727140958
2015,대구,2716000,대구수성구,060,문화및관광,061,문화예술,13105382947
2015,대구,2716000,대구수성구,060,문화및관광,064,문화재,307253290
2015,대구,2716000,대구수성구,060,문화및관광,063,체육,4097558050
2015,대구,2716000,대구수성구,060,문화및관광,062,관광,581589030
2015,대구,2716000,대구수성구,070,환경보호,071,상하수도ㆍ수질,59079500
2015,대구,2716000,대구수성구,070,환경보호,076,환경보호일반,399313190
2015,대구,2716000,대구수성구,070,환경보호,073,대기,54109650
2015,대구,2716000,대구수성구,070,환경보호,072,폐기물,11676074920
2015,대구,2716000,대구수성구,080,사회복지,081,기초생활보장,49906337498
2015,대구,2716000,대구수성구,080,사회복지,087,보훈,1370333120
2015,대구,2716000,대구수성구,080,사회복지,086,노동,3849856693
2015,대구,2716000,대구수성구,080,사회복지,085,노인ㆍ청소년,85275662189
2015,대구,2716000,대구수성구,080,사회복지,084,보육ㆍ가족및여성,77748683295
2015,대구,2716000,대구수성구,080,사회복지,082,취약계층지원,37423240472
2015,대구,2716000,대구수성구,090,보건,091,보건의료,16748655993
2015,대구,2716000,대구수성구,090,보건,093,식품의약안전,505217330
2015,대구,2716000,대구수성구,100,농림해양수산,101,농업ㆍ농촌,1465672948
2015,대구,2716000,대구수성구,100,농림해양수산,102,임업ㆍ산촌,4992375870
2015,대구,2716000,대구수성구,110,산업ㆍ중소기업,114,산업진흥ㆍ고도화,225423930
2015,대구,2716000,대구수성구,110,산업ㆍ중소기업,116,산업ㆍ중소기업일반,2403840
2015,대구,2716000,대구수성구,110,산업ㆍ중소기업,115,에너지및자원개발,24567110
2015,대구,2716000,대구수성구,120,수송및교통,121,도로,7170771790
2015,대구,2716000,대구수성구,120,수송및교통,126,대중교통ㆍ물류등기타,3800029500
2015,대구,2716000,대구수성구,140,국토및지역개발,141,수자원,9708581000
2015,대구,2716000,대구수성구,140,국토및지역개발,142,지역및도시,9260918410
2015,대구,2716000,대구수성구,160,예비비,161,예비비,0
2015,대구,2716000,대구수성구,900,기타,901,기타,71917319319
2015,대구,2717000,대구달서구,010,일반공공행정,011,입법및선거관리,2527582360
2015,대구,2717000,대구달서구,010,일반공공행정,016,일반행정,18954297418
2015,대구,2717000,대구달서구,010,일반공공행정,013,지방행정ㆍ재정지원,1183546589
2015,대구,2717000,대구달서구,020,공공질서및안전,025,재난방재ㆍ민방위,6456592906
2015,대구,2717000,대구달서구,050,교육,051,유아및초중등교육,4240691312
2015,대구,2717000,대구달서구,050,교육,053,평생ㆍ직업교육,626193940
2015,대구,2717000,대구달서구,060,문화및관광,061,문화예술,5434025004
2015,대구,2717000,대구달서구,060,문화및관광,063,체육,2464182529
2015,대구,2717000,대구달서구,070,환경보호,071,상하수도ㆍ수질,5091258240
2015,대구,2717000,대구달서구,070,환경보호,076,환경보호일반,178018260
2015,대구,2717000,대구달서구,070,환경보호,073,대기,242844370
2015,대구,2717000,대구달서구,070,환경보호,072,폐기물,15389273018
2015,대구,2717000,대구달서구,080,사회복지,081,기초생활보장,74119204609
2015,대구,2717000,대구달서구,080,사회복지,089,사회복지일반,163862220
2015,대구,2717000,대구달서구,080,사회복지,087,보훈,1467552260
2015,대구,2717000,대구달서구,080,사회복지,086,노동,2787027890
2015,대구,2717000,대구달서구,080,사회복지,085,노인ㆍ청소년,108774572680
2015,대구,2717000,대구달서구,080,사회복지,084,보육ㆍ가족및여성,119494355506
2015,대구,2717000,대구달서구,080,사회복지,082,취약계층지원,43954679934
2015,대구,2717000,대구달서구,090,보건,091,보건의료,17787170850
2015,대구,2717000,대구달서구,090,보건,093,식품의약안전,744929310
2015,대구,2717000,대구달서구,100,농림해양수산,101,농업ㆍ농촌,268539630
2015,대구,2717000,대구달서구,100,농림해양수산,102,임업ㆍ산촌,717607160
2015,대구,2717000,대구달서구,110,산업ㆍ중소기업,114,산업진흥ㆍ고도화,4262578785
2015,대구,2717000,대구달서구,120,수송및교통,121,도로,14885856133
2015,대구,2717000,대구달서구,120,수송및교통,126,대중교통ㆍ물류등기타,1857932070
2015,대구,2717000,대구달서구,140,국토및지역개발,142,지역및도시,14099662825
2015,대구,2717000,대구달서구,160,예비비,161,예비비,0
2015,대구,2717000,대구달서구,900,기타,901,기타,79283592203
2015,대구,2771000,대구달성군,010,일반공공행정,011,입법및선거관리,584706223
2015,대구,2771000,대구달성군,010,일반공공행정,016,일반행정,15480142850
2015,대구,2771000,대구달성군,010,일반공공행정,013,지방행정ㆍ재정지원,2924610112
2015,대구,2771000,대구달성군,020,공공질서및안전,025,재난방재ㆍ민방위,7866245090
2015,대구,2771000,대구달성군,050,교육,051,유아및초중등교육,4122969000
2015,대구,2771000,대구달성군,050,교육,053,평생ㆍ직업교육,3779274970
2015,대구,2771000,대구달성군,050,교육,052,고등교육,300000000
2015,대구,2771000,대구달성군,060,문화및관광,061,문화예술,4351289750
2015,대구,2771000,대구달성군,060,문화및관광,065,문화및관광일반,3663464350
2015,대구,2771000,대구달성군,060,문화및관광,064,문화재,2788355890
2015,대구,2771000,대구달성군,060,문화및관광,063,체육,3035390500
2015,대구,2771000,대구달성군,060,문화및관광,062,관광,6508378651
2015,대구,2771000,대구달성군,070,환경보호,071,상하수도ㆍ수질,875370540
2015,대구,2771000,대구달성군,070,환경보호,074,자연,1107990250
2015,대구,2771000,대구달성군,070,환경보호,073,대기,400629260
2015,대구,2771000,대구달성군,070,환경보호,072,폐기물,7230582947
2015,대구,2771000,대구달성군,080,사회복지,081,기초생활보장,23391725610
2015,대구,2771000,대구달성군,080,사회복지,087,보훈,1210609250
2015,대구,2771000,대구달성군,080,사회복지,086,노동,2900570710
2015,대구,2771000,대구달성군,080,사회복지,085,노인ㆍ청소년,47180849860
2015,대구,2771000,대구달성군,080,사회복지,084,보육ㆍ가족및여성,47979933160
2015,대구,2771000,대구달성군,080,사회복지,082,취약계층지원,20757349950
2015,대구,2771000,대구달성군,090,보건,091,보건의료,9559221096
2015,대구,2771000,대구달성군,090,보건,093,식품의약안전,519034960
2015,대구,2771000,대구달성군,100,농림해양수산,101,농업ㆍ농촌,27276936445
2015,대구,2771000,대구달성군,100,농림해양수산,102,임업ㆍ산촌,7348430179
2015,대구,2771000,대구달성군,110,산업ㆍ중소기업,113,무역및투자유치,92100000
2015,대구,2771000,대구달성군,110,산업ㆍ중소기업,116,산업ㆍ중소기업일반,129430580
2015,대구,2771000,대구달성군,110,산업ㆍ중소기업,115,에너지및자원개발,515575100
2015,대구,2771000,대구달성군,110,산업ㆍ중소기업,114,산업진흥ㆍ고도화,375069310
2015,대구,2771000,대구달성군,120,수송및교통,121,도로,53068625600
2015,대구,2771000,대구달성군,120,수송및교통,126,대중교통ㆍ물류등기타,13841889620
2015,대구,2771000,대구달성군,140,국토및지역개발,141,수자원,17344107650
2015,대구,2771000,대구달성군,140,국토및지역개발,143,산업단지,103301740
2015,대구,2771000,대구달성군,140,국토및지역개발,142,지역및도시,17197417020
2015,대구,2771000,대구달성군,150,과학기술,152,과학기술연구지원,0
2015,대구,2771000,대구달성군,160,예비비,161,예비비,0
2015,대구,2771000,대구달성군,900,기타,901,기타,73571029932
2014,대구,2700000,대구본청,010,일반공공행정,011,입법및선거관리,3533227390
2014,대구,2700000,대구본청,010,일반공공행정,016,일반행정,72284393665
2014,대구,2700000,대구본청,010,일반공공행정,014,재정ㆍ금융,465275718331
2014,대구,2700000,대구본청,010,일반공공행정,013,지방행정ㆍ재정지원,4858648020
2014,대구,2700000,대구본청,020,공공질서및안전,025,재난방재ㆍ민방위,40976017799
2014,대구,2700000,대구본청,050,교육,051,유아및초중등교육,457577808950
2014,대구,2700000,대구본청,050,교육,053,평생ㆍ직업교육,576430620
2014,대구,2700000,대구본청,060,문화및관광,061,문화예술,71798271075
2014,대구,2700000,대구본청,060,문화및관광,064,문화재,689175080
2014,대구,2700000,대구본청,060,문화및관광,063,체육,99527608077
2014,대구,2700000,대구본청,060,문화및관광,062,관광,12270972180
2014,대구,2700000,대구본청,070,환경보호,071,상하수도ㆍ수질,240289502157
2014,대구,2700000,대구본청,070,환경보호,076,환경보호일반,10279040430
2014,대구,2700000,대구본청,070,환경보호,074,자연,3180757810
2014,대구,2700000,대구본청,070,환경보호,073,대기,6771816110
2014,대구,2700000,대구본청,070,환경보호,072,폐기물,52742108037
2014,대구,2700000,대구본청,080,사회복지,081,기초생활보장,372959488090
2014,대구,2700000,대구본청,080,사회복지,087,보훈,692668790
2014,대구,2700000,대구본청,080,사회복지,086,노동,10609802320
2014,대구,2700000,대구본청,080,사회복지,085,노인ㆍ청소년,50320932690
2014,대구,2700000,대구본청,080,사회복지,084,보육ㆍ가족및여성,14335162430
2014,대구,2700000,대구본청,080,사회복지,082,취약계층지원,20920348910
2014,대구,2700000,대구본청,090,보건,091,보건의료,15670161950
2014,대구,2700000,대구본청,090,보건,093,식품의약안전,1318181520
2014,대구,2700000,대구본청,100,농림해양수산,101,농업ㆍ농촌,12714417001
2014,대구,2700000,대구본청,100,농림해양수산,102,임업ㆍ산촌,3109413110
2014,대구,2700000,대구본청,110,산업ㆍ중소기업,111,산업금융지원,67864637570
2014,대구,2700000,대구본청,110,산업ㆍ중소기업,116,산업ㆍ중소기업일반,5038816350
2014,대구,2700000,대구본청,110,산업ㆍ중소기업,115,에너지및자원개발,3281437260
2014,대구,2700000,대구본청,110,산업ㆍ중소기업,114,산업진흥ㆍ고도화,134623234650
2014,대구,2700000,대구본청,110,산업ㆍ중소기업,113,무역및투자유치,26674742270
2014,대구,2700000,대구본청,110,산업ㆍ중소기업,112,산업기술지원,17385402820
2014,대구,2700000,대구본청,120,수송및교통,121,도로,145820551776
2014,대구,2700000,대구본청,120,수송및교통,126,대중교통ㆍ물류등기타,240588753490
2014,대구,2700000,대구본청,120,수송및교통,125,항공ㆍ공항,793669390
2014,대구,2700000,대구본청,120,수송및교통,123,도시철도,267644196780
2014,대구,2700000,대구본청,140,국토및지역개발,141,수자원,12054327760
2014,대구,2700000,대구본청,140,국토및지역개발,143,산업단지,1381108820
2014,대구,2700000,대구본청,140,국토및지역개발,142,지역및도시,127978713831
2014,대구,2700000,대구본청,150,과학기술,152,과학기술연구지원,68449502860
2014,대구,2700000,대구본청,160,예비비,161,예비비,0
2014,대구,2700000,대구본청,900,기타,901,기타,476494396136
2014,대구,2711000,대구중구,010,일반공공행정,011,입법및선거관리,990050964
2014,대구,2711000,대구중구,010,일반공공행정,016,일반행정,8706086389
2014,대구,2711000,대구중구,010,일반공공행정,014,재정ㆍ금융,1579308140
2014,대구,2711000,대구중구,010,일반공공행정,013,지방행정ㆍ재정지원,357836510
2014,대구,2711000,대구중구,020,공공질서및안전,025,재난방재ㆍ민방위,426504720
2014,대구,2711000,대구중구,050,교육,051,유아및초중등교육,225120700
2014,대구,2711000,대구중구,050,교육,053,평생ㆍ직업교육,113927500
2014,대구,2711000,대구중구,060,문화및관광,061,문화예술,3772425880
2014,대구,2711000,대구중구,060,문화및관광,065,문화및관광일반,59610000
2014,대구,2711000,대구중구,060,문화및관광,064,문화재,366746090
2014,대구,2711000,대구중구,060,문화및관광,063,체육,760939760
2014,대구,2711000,대구중구,060,문화및관광,062,관광,2945598220
2014,대구,2711000,대구중구,070,환경보호,071,상하수도ㆍ수질,53777040
2014,대구,2711000,대구중구,070,환경보호,073,대기,163395790
2014,대구,2711000,대구중구,070,환경보호,072,폐기물,3087881650
2014,대구,2711000,대구중구,080,사회복지,084,보육ㆍ가족및여성,12960912458
2014,대구,2711000,대구중구,080,사회복지,082,취약계층지원,11919310176
2014,대구,2711000,대구중구,080,사회복지,081,기초생활보장,15140733070
2014,대구,2711000,대구중구,080,사회복지,087,보훈,298931410
2014,대구,2711000,대구중구,080,사회복지,086,노동,2674367420
2014,대구,2711000,대구중구,080,사회복지,085,노인ㆍ청소년,22569739460
2014,대구,2711000,대구중구,090,보건,091,보건의료,3418639290
2014,대구,2711000,대구중구,090,보건,093,식품의약안전,191399840
2014,대구,2711000,대구중구,100,농림해양수산,101,농업ㆍ농촌,62354960
2014,대구,2711000,대구중구,110,산업ㆍ중소기업,114,산업진흥ㆍ고도화,4957329920
2014,대구,2711000,대구중구,110,산업ㆍ중소기업,115,에너지및자원개발,33973430
2014,대구,2711000,대구중구,120,수송및교통,121,도로,3731773280
2014,대구,2711000,대구중구,120,수송및교통,126,대중교통ㆍ물류등기타,1096238150
2014,대구,2711000,대구중구,140,국토및지역개발,142,지역및도시,4426363590
2014,대구,2711000,대구중구,160,예비비,161,예비비,0
2014,대구,2711000,대구중구,900,기타,901,기타,45239246615
2014,대구,2712000,대구동구,010,일반공공행정,011,입법및선거관리,835994390
2014,대구,2712000,대구동구,010,일반공공행정,016,일반행정,16331541492
2014,대구,2712000,대구동구,010,일반공공행정,013,지방행정ㆍ재정지원,685751560
2014,대구,2712000,대구동구,020,공공질서및안전,025,재난방재ㆍ민방위,858081664
2014,대구,2712000,대구동구,050,교육,053,평생ㆍ직업교육,2353894817
2014,대구,2712000,대구동구,060,문화및관광,061,문화예술,3580529030
2014,대구,2712000,대구동구,060,문화및관광,064,문화재,3230599478
2014,대구,2712000,대구동구,060,문화및관광,063,체육,4324919190
2014,대구,2712000,대구동구,070,환경보호,072,폐기물,8097976110
2014,대구,2712000,대구동구,070,환경보호,076,환경보호일반,1277420230
2014,대구,2712000,대구동구,080,사회복지,081,기초생활보장,54341591214
2014,대구,2712000,대구동구,080,사회복지,089,사회복지일반,10137235491
2014,대구,2712000,대구동구,080,사회복지,085,노인ㆍ청소년,77498188550
2014,대구,2712000,대구동구,080,사회복지,084,보육ㆍ가족및여성,65829068774
2014,대구,2712000,대구동구,080,사회복지,082,취약계층지원,33548506543
2014,대구,2712000,대구동구,090,보건,091,보건의료,11149895193
2014,대구,2712000,대구동구,090,보건,093,식품의약안전,504580930
2014,대구,2712000,대구동구,100,농림해양수산,101,농업ㆍ농촌,3168522110
2014,대구,2712000,대구동구,100,농림해양수산,102,임업ㆍ산촌,2154775555
2014,대구,2712000,대구동구,110,산업ㆍ중소기업,114,산업진흥ㆍ고도화,4419796550
2014,대구,2712000,대구동구,110,산업ㆍ중소기업,115,에너지및자원개발,1283546010
2014,대구,2712000,대구동구,120,수송및교통,121,도로,8412724900
2014,대구,2712000,대구동구,120,수송및교통,126,대중교통ㆍ물류등기타,2229535932
2014,대구,2712000,대구동구,140,국토및지역개발,141,수자원,7367660780
2014,대구,2712000,대구동구,140,국토및지역개발,142,지역및도시,3505637441
2014,대구,2712000,대구동구,160,예비비,161,예비비,0
2014,대구,2712000,대구동구,900,기타,901,기타,65173299269
2014,대구,2713000,대구서구,010,일반공공행정,011,입법및선거관리,1645399070
2014,대구,2713000,대구서구,010,일반공공행정,016,일반행정,9301930930
2014,대구,2713000,대구서구,010,일반공공행정,014,재정ㆍ금융,2108259860
2014,대구,2713000,대구서구,010,일반공공행정,013,지방행정ㆍ재정지원,259736780
2014,대구,2713000,대구서구,020,공공질서및안전,025,재난방재ㆍ민방위,472731700
2014,대구,2713000,대구서구,050,교육,051,유아및초중등교육,635575140
2014,대구,2713000,대구서구,050,교육,053,평생ㆍ직업교육,315483980
2014,대구,2713000,대구서구,060,문화및관광,061,문화예술,716172700
2014,대구,2713000,대구서구,060,문화및관광,063,체육,1443422140
2014,대구,2713000,대구서구,070,환경보호,071,상하수도ㆍ수질,1277774380
2014,대구,2713000,대구서구,070,환경보호,076,환경보호일반,163147380
2014,대구,2713000,대구서구,070,환경보호,073,대기,85736080
2014,대구,2713000,대구서구,070,환경보호,072,폐기물,5513351910
2014,대구,2713000,대구서구,080,사회복지,081,기초생활보장,29395791790
2014,대구,2713000,대구서구,080,사회복지,089,사회복지일반,4435707290
2014,대구,2713000,대구서구,080,사회복지,086,노동,2664873670
2014,대구,2713000,대구서구,080,사회복지,085,노인ㆍ청소년,46233637260
2014,대구,2713000,대구서구,080,사회복지,084,보육ㆍ가족및여성,42163322210
2014,대구,2713000,대구서구,080,사회복지,082,취약계층지원,9166078330
2014,대구,2713000,대구서구,090,보건,091,보건의료,5840476910
2014,대구,2713000,대구서구,090,보건,093,식품의약안전,61418960
2014,대구,2713000,대구서구,100,농림해양수산,101,농업ㆍ농촌,128911340
2014,대구,2713000,대구서구,100,농림해양수산,102,임업ㆍ산촌,378503200
2014,대구,2713000,대구서구,110,산업ㆍ중소기업,114,산업진흥ㆍ고도화,2654754610
2014,대구,2713000,대구서구,110,산업ㆍ중소기업,115,에너지및자원개발,93157550
2014,대구,2713000,대구서구,120,수송및교통,121,도로,1749799260
2014,대구,2713000,대구서구,120,수송및교통,126,대중교통ㆍ물류등기타,1555887730
2014,대구,2713000,대구서구,140,국토및지역개발,142,지역및도시,6518459610
2014,대구,2713000,대구서구,160,예비비,161,예비비,0
2014,대구,2713000,대구서구,900,기타,901,기타,53258502980
2014,대구,2714000,대구남구,010,일반공공행정,011,입법및선거관리,1062123166
2014,대구,2714000,대구남구,010,일반공공행정,016,일반행정,8000288967
2014,대구,2714000,대구남구,010,일반공공행정,013,지방행정ㆍ재정지원,383492220
2014,대구,2714000,대구남구,020,공공질서및안전,025,재난방재ㆍ민방위,356559890
2014,대구,2714000,대구남구,050,교육,051,유아및초중등교육,287440000
2014,대구,2714000,대구남구,050,교육,053,평생ㆍ직업교육,92208560
2014,대구,2714000,대구남구,060,문화및관광,063,체육,1487306570
2014,대구,2714000,대구남구,060,문화및관광,061,문화예술,1124689500
2014,대구,2714000,대구남구,060,문화및관광,064,문화재,402641360
2014,대구,2714000,대구남구,070,환경보호,071,상하수도ㆍ수질,513893900
2014,대구,2714000,대구남구,070,환경보호,076,환경보호일반,42279680
2014,대구,2714000,대구남구,070,환경보호,073,대기,104689170
2014,대구,2714000,대구남구,070,환경보호,072,폐기물,4630558010
2014,대구,2714000,대구남구,080,사회복지,081,기초생활보장,33912759210
2014,대구,2714000,대구남구,080,사회복지,087,보훈,577323600
2014,대구,2714000,대구남구,080,사회복지,086,노동,2368595030
2014,대구,2714000,대구남구,080,사회복지,085,노인ㆍ청소년,39350134377
2014,대구,2714000,대구남구,080,사회복지,084,보육ㆍ가족및여성,27628781837
2014,대구,2714000,대구남구,080,사회복지,082,취약계층지원,21170519222
2014,대구,2714000,대구남구,090,보건,091,보건의료,5605394970
2014,대구,2714000,대구남구,090,보건,093,식품의약안전,126066100
2014,대구,2714000,대구남구,100,농림해양수산,101,농업ㆍ농촌,95001330
2014,대구,2714000,대구남구,100,농림해양수산,102,임업ㆍ산촌,140249500
2014,대구,2714000,대구남구,110,산업ㆍ중소기업,114,산업진흥ㆍ고도화,3419282470
2014,대구,2714000,대구남구,110,산업ㆍ중소기업,115,에너지및자원개발,13228720
2014,대구,2714000,대구남구,120,수송및교통,121,도로,3300259820
2014,대구,2714000,대구남구,120,수송및교통,126,대중교통ㆍ물류등기타,2480375590
2014,대구,2714000,대구남구,140,국토및지역개발,142,지역및도시,6558949060
2014,대구,2714000,대구남구,160,예비비,161,예비비,0
2014,대구,2714000,대구남구,900,기타,901,기타,46397746401
2014,대구,2715000,대구북구,010,일반공공행정,011,입법및선거관리,2622877815
2014,대구,2715000,대구북구,010,일반공공행정,016,일반행정,18192735050
2014,대구,2715000,대구북구,010,일반공공행정,013,지방행정ㆍ재정지원,766177070
2014,대구,2715000,대구북구,020,공공질서및안전,025,재난방재ㆍ민방위,6639700600
2014,대구,2715000,대구북구,050,교육,051,유아및초중등교육,1237040060
2014,대구,2715000,대구북구,050,교육,053,평생ㆍ직업교육,197647720
2014,대구,2715000,대구북구,060,문화및관광,061,문화예술,2405376630
2014,대구,2715000,대구북구,060,문화및관광,064,문화재,299423360
2014,대구,2715000,대구북구,060,문화및관광,063,체육,5152189580
2014,대구,2715000,대구북구,070,환경보호,071,상하수도ㆍ수질,45634280
2014,대구,2715000,대구북구,070,환경보호,076,환경보호일반,287806310
2014,대구,2715000,대구북구,070,환경보호,073,대기,77231610
2014,대구,2715000,대구북구,070,환경보호,072,폐기물,10966981440
2014,대구,2715000,대구북구,080,사회복지,081,기초생활보장,45783573070
2014,대구,2715000,대구북구,080,사회복지,086,노동,4214208770
2014,대구,2715000,대구북구,080,사회복지,085,노인ㆍ청소년,65480149760
2014,대구,2715000,대구북구,080,사회복지,084,보육ㆍ가족및여성,95442178530
2014,대구,2715000,대구북구,080,사회복지,082,취약계층지원,30924673930
2014,대구,2715000,대구북구,090,보건,091,보건의료,12553746530
2014,대구,2715000,대구북구,090,보건,093,식품의약안전,87702460
2014,대구,2715000,대구북구,100,농림해양수산,101,농업ㆍ농촌,1341879600
2014,대구,2715000,대구북구,100,농림해양수산,102,임업ㆍ산촌,3279939250
2014,대구,2715000,대구북구,110,산업ㆍ중소기업,116,산업ㆍ중소기업일반,6515978620
2014,대구,2715000,대구북구,120,수송및교통,121,도로,6310877580
2014,대구,2715000,대구북구,120,수송및교통,126,대중교통ㆍ물류등기타,4037925550
2014,대구,2715000,대구북구,140,국토및지역개발,141,수자원,1641608210
2014,대구,2715000,대구북구,140,국토및지역개발,142,지역및도시,3506454430
2014,대구,2715000,대구북구,160,예비비,161,예비비,0
2014,대구,2715000,대구북구,900,기타,901,기타,69451878450
2014,대구,2716000,대구수성구,010,일반공공행정,011,입법및선거관리,2899484929
2014,대구,2716000,대구수성구,010,일반공공행정,016,일반행정,13718407390
2014,대구,2716000,대구수성구,010,일반공공행정,013,지방행정ㆍ재정지원,1565550469
2014,대구,2716000,대구수성구,020,공공질서및안전,025,재난방재ㆍ민방위,1900709840
2014,대구,2716000,대구수성구,050,교육,051,유아및초중등교육,2326023740
2014,대구,2716000,대구수성구,050,교육,053,평생ㆍ직업교육,3929811257
2014,대구,2716000,대구수성구,060,문화및관광,061,문화예술,9970514336
2014,대구,2716000,대구수성구,060,문화및관광,064,문화재,227665040
2014,대구,2716000,대구수성구,060,문화및관광,063,체육,2640771370
2014,대구,2716000,대구수성구,070,환경보호,071,상하수도ㆍ수질,57728270
2014,대구,2716000,대구수성구,070,환경보호,076,환경보호일반,289879480
2014,대구,2716000,대구수성구,070,환경보호,073,대기,32951020
2014,대구,2716000,대구수성구,070,환경보호,072,폐기물,10886091200
2014,대구,2716000,대구수성구,080,사회복지,081,기초생활보장,48313383061
2014,대구,2716000,대구수성구,080,사회복지,087,보훈,1161820050
2014,대구,2716000,대구수성구,080,사회복지,086,노동,4642263593
2014,대구,2716000,대구수성구,080,사회복지,085,노인ㆍ청소년,65776196964
2014,대구,2716000,대구수성구,080,사회복지,084,보육ㆍ가족및여성,76239438553
2014,대구,2716000,대구수성구,080,사회복지,082,취약계층지원,33168657820
2014,대구,2716000,대구수성구,090,보건,091,보건의료,11569191950
2014,대구,2716000,대구수성구,090,보건,093,식품의약안전,501686420
2014,대구,2716000,대구수성구,100,농림해양수산,101,농업ㆍ농촌,1184522144
2014,대구,2716000,대구수성구,100,농림해양수산,102,임업ㆍ산촌,4611978700
2014,대구,2716000,대구수성구,110,산업ㆍ중소기업,114,산업진흥ㆍ고도화,87103590
2014,대구,2716000,대구수성구,110,산업ㆍ중소기업,115,에너지및자원개발,27827810
2014,대구,2716000,대구수성구,120,수송및교통,126,대중교통ㆍ물류등기타,3790440330
2014,대구,2716000,대구수성구,120,수송및교통,121,도로,5054977610
2014,대구,2716000,대구수성구,140,국토및지역개발,141,수자원,12222839800
2014,대구,2716000,대구수성구,140,국토및지역개발,142,지역및도시,6562372730
2014,대구,2716000,대구수성구,160,예비비,161,예비비,0
2014,대구,2716000,대구수성구,900,기타,901,기타,69613390266
2014,대구,2717000,대구달서구,010,일반공공행정,011,입법및선거관리,3251265064
2014,대구,2717000,대구달서구,010,일반공공행정,013,지방행정ㆍ재정지원,1092935461
2014,대구,2717000,대구달서구,010,일반공공행정,016,일반행정,20121534064
2014,대구,2717000,대구달서구,020,공공질서및안전,025,재난방재ㆍ민방위,5575734235
2014,대구,2717000,대구달서구,050,교육,051,유아및초중등교육,2204185923
2014,대구,2717000,대구달서구,050,교육,053,평생ㆍ직업교육,538129590
2014,대구,2717000,대구달서구,060,문화및관광,061,문화예술,5648034979
2014,대구,2717000,대구달서구,060,문화및관광,063,체육,2182193050
2014,대구,2717000,대구달서구,070,환경보호,071,상하수도ㆍ수질,2111441840
2014,대구,2717000,대구달서구,070,환경보호,072,폐기물,14363785649
2014,대구,2717000,대구달서구,070,환경보호,073,대기,290521670
2014,대구,2717000,대구달서구,070,환경보호,076,환경보호일반,156245620
2014,대구,2717000,대구달서구,080,사회복지,081,기초생활보장,70276148830
2014,대구,2717000,대구달서구,080,사회복지,082,취약계층지원,39442956447
2014,대구,2717000,대구달서구,080,사회복지,084,보육ㆍ가족및여성,119490761270
2014,대구,2717000,대구달서구,080,사회복지,085,노인ㆍ청소년,79786886920
2014,대구,2717000,대구달서구,080,사회복지,086,노동,2988414695
2014,대구,2717000,대구달서구,080,사회복지,087,보훈,1118165360
2014,대구,2717000,대구달서구,090,보건,091,보건의료,15920560920
2014,대구,2717000,대구달서구,090,보건,093,식품의약안전,574754180
2014,대구,2717000,대구달서구,100,농림해양수산,101,농업ㆍ농촌,220780510
2014,대구,2717000,대구달서구,100,농림해양수산,102,임업ㆍ산촌,687937990
2014,대구,2717000,대구달서구,110,산업ㆍ중소기업,114,산업진흥ㆍ고도화,4767355543
2014,대구,2717000,대구달서구,120,수송및교통,121,도로,13678937140
2014,대구,2717000,대구달서구,120,수송및교통,126,대중교통ㆍ물류등기타,1816063070
2014,대구,2717000,대구달서구,140,국토및지역개발,142,지역및도시,11405840434
2014,대구,2717000,대구달서구,160,예비비,161,예비비,0
2014,대구,2717000,대구달서구,900,기타,901,기타,76523863962
2014,대구,2771000,대구달성군,010,일반공공행정,011,입법및선거관리,1117214176
2014,대구,2771000,대구달성군,010,일반공공행정,013,지방행정ㆍ재정지원,7128104500
2014,대구,2771000,대구달성군,010,일반공공행정,016,일반행정,14710935869
2014,대구,2771000,대구달성군,020,공공질서및안전,025,재난방재ㆍ민방위,7221690940
2014,대구,2771000,대구달성군,050,교육,051,유아및초중등교육,3625070360
2014,대구,2771000,대구달성군,050,교육,052,고등교육,300000000
2014,대구,2771000,대구달성군,050,교육,053,평생ㆍ직업교육,4320927720
2014,대구,2771000,대구달성군,060,문화및관광,061,문화예술,8353754021
2014,대구,2771000,대구달성군,060,문화및관광,062,관광,3887523069
2014,대구,2771000,대구달성군,060,문화및관광,063,체육,13862504920
2014,대구,2771000,대구달성군,060,문화및관광,064,문화재,2009402030
2014,대구,2771000,대구달성군,070,환경보호,071,상하수도ㆍ수질,683192530
2014,대구,2771000,대구달성군,070,환경보호,072,폐기물,6382292325
2014,대구,2771000,대구달성군,070,환경보호,073,대기,281992930
2014,대구,2771000,대구달성군,070,환경보호,074,자연,1313789920
2014,대구,2771000,대구달성군,080,사회복지,081,기초생활보장,21653595793
2014,대구,2771000,대구달성군,080,사회복지,082,취약계층지원,22330556060
2014,대구,2771000,대구달성군,080,사회복지,084,보육ㆍ가족및여성,44992662220
2014,대구,2771000,대구달성군,080,사회복지,085,노인ㆍ청소년,36654990058
2014,대구,2771000,대구달성군,080,사회복지,086,노동,3198851605
2014,대구,2771000,대구달성군,080,사회복지,087,보훈,670609380
2014,대구,2771000,대구달성군,090,보건,091,보건의료,11156516196
2014,대구,2771000,대구달성군,090,보건,093,식품의약안전,507120860
2014,대구,2771000,대구달성군,100,농림해양수산,101,농업ㆍ농촌,30081992722
2014,대구,2771000,대구달성군,100,농림해양수산,102,임업ㆍ산촌,6572758488
2014,대구,2771000,대구달성군,100,농림해양수산,103,해양수산ㆍ어촌,0
2014,대구,2771000,대구달성군,110,산업ㆍ중소기업,113,무역및투자유치,78247136
2014,대구,2771000,대구달성군,110,산업ㆍ중소기업,114,산업진흥ㆍ고도화,366415860
2014,대구,2771000,대구달성군,110,산업ㆍ중소기업,115,에너지및자원개발,314758820
2014,대구,2771000,대구달성군,110,산업ㆍ중소기업,116,산업ㆍ중소기업일반,307329440
2014,대구,2771000,대구달성군,120,수송및교통,121,도로,46574738140
2014,대구,2771000,대구달성군,120,수송및교통,126,대중교통ㆍ물류등기타,12870538390
2014,대구,2771000,대구달성군,140,국토및지역개발,141,수자원,13794135450
2014,대구,2771000,대구달성군,140,국토및지역개발,142,지역및도시,18928637470
2014,대구,2771000,대구달성군,140,국토및지역개발,143,산업단지,38727000
2014,대구,2771000,대구달성군,150,과학기술,153,과학기술일반,140000000
2014,대구,2771000,대구달성군,160,예비비,161,예비비,0
2014,대구,2771000,대구달성군,900,기타,901,기타,67590918116
2013,대구,2700000,대구본청,010,일반공공행정,011,입법및선거관리,3542767850
2013,대구,2700000,대구본청,010,일반공공행정,016,일반행정,60573856530
2013,대구,2700000,대구본청,010,일반공공행정,014,재정ㆍ금융,815935824300
2013,대구,2700000,대구본청,010,일반공공행정,013,지방행정ㆍ재정지원,4661179000
2013,대구,2700000,대구본청,020,공공질서및안전,025,재난방재ㆍ민방위,39919549820
2013,대구,2700000,대구본청,050,교육,051,유아및초중등교육,390071384830
2013,대구,2700000,대구본청,050,교육,053,평생ㆍ직업교육,333917980
2013,대구,2700000,대구본청,060,문화및관광,061,문화예술,65564593070
2013,대구,2700000,대구본청,060,문화및관광,064,문화재,463075200
2013,대구,2700000,대구본청,060,문화및관광,063,체육,89087999736
2013,대구,2700000,대구본청,060,문화및관광,062,관광,12904187050
2013,대구,2700000,대구본청,070,환경보호,071,상하수도ㆍ수질,251801137815
2013,대구,2700000,대구본청,070,환경보호,076,환경보호일반,5698319530
2013,대구,2700000,대구본청,070,환경보호,074,자연,3206605685
2013,대구,2700000,대구본청,070,환경보호,073,대기,6644428630
2013,대구,2700000,대구본청,070,환경보호,072,폐기물,29361918360
2013,대구,2700000,대구본청,080,사회복지,081,기초생활보장,367365042600
2013,대구,2700000,대구본청,080,사회복지,087,보훈,664372270
2013,대구,2700000,대구본청,080,사회복지,086,노동,8080031070
2013,대구,2700000,대구본청,080,사회복지,085,노인ㆍ청소년,47789385100
2013,대구,2700000,대구본청,080,사회복지,084,보육ㆍ가족및여성,13089913705
2013,대구,2700000,대구본청,080,사회복지,082,취약계층지원,23272085020
2013,대구,2700000,대구본청,090,보건,091,보건의료,27276174510
2013,대구,2700000,대구본청,090,보건,093,식품의약안전,3835310560
2013,대구,2700000,대구본청,100,농림해양수산,101,농업ㆍ농촌,14751347637
2013,대구,2700000,대구본청,100,농림해양수산,102,임업ㆍ산촌,6517198880
2013,대구,2700000,대구본청,110,산업ㆍ중소기업,111,산업금융지원,79422352360
2013,대구,2700000,대구본청,110,산업ㆍ중소기업,116,산업ㆍ중소기업일반,9423578620
2013,대구,2700000,대구본청,110,산업ㆍ중소기업,115,에너지및자원개발,8913324199
2013,대구,2700000,대구본청,110,산업ㆍ중소기업,114,산업진흥ㆍ고도화,124705070300
2013,대구,2700000,대구본청,110,산업ㆍ중소기업,113,무역및투자유치,51543336400
2013,대구,2700000,대구본청,110,산업ㆍ중소기업,112,산업기술지원,42355515460
2013,대구,2700000,대구본청,120,수송및교통,126,대중교통ㆍ물류등기타,230252418740
2013,대구,2700000,대구본청,120,수송및교통,125,항공ㆍ공항,592153410
2013,대구,2700000,대구본청,120,수송및교통,123,도시철도,355001551610
2013,대구,2700000,대구본청,120,수송및교통,121,도로,169178575340
2013,대구,2700000,대구본청,140,국토및지역개발,141,수자원,13424069030
2013,대구,2700000,대구본청,140,국토및지역개발,143,산업단지,1513037890
2013,대구,2700000,대구본청,140,국토및지역개발,142,지역및도시,133860068000
2013,대구,2700000,대구본청,150,과학기술,152,과학기술연구지원,87655312900
2013,대구,2700000,대구본청,160,예비비,161,예비비,0
2013,대구,2700000,대구본청,900,기타,901,기타,453455220928
2013,대구,2711000,대구중구,010,일반공공행정,011,입법및선거관리,509722100
2013,대구,2711000,대구중구,010,일반공공행정,016,일반행정,7466714450
2013,대구,2711000,대구중구,010,일반공공행정,014,재정ㆍ금융,1257785510
2013,대구,2711000,대구중구,010,일반공공행정,013,지방행정ㆍ재정지원,298006830
2013,대구,2711000,대구중구,020,공공질서및안전,025,재난방재ㆍ민방위,305983070
2013,대구,2711000,대구중구,050,교육,051,유아및초중등교육,335280000
2013,대구,2711000,대구중구,050,교육,053,평생ㆍ직업교육,108933190
2013,대구,2711000,대구중구,060,문화및관광,061,문화예술,2787945500
2013,대구,2711000,대구중구,060,문화및관광,065,문화및관광일반,1170040850
2013,대구,2711000,대구중구,060,문화및관광,064,문화재,630606760
2013,대구,2711000,대구중구,060,문화및관광,063,체육,807068420
2013,대구,2711000,대구중구,060,문화및관광,062,관광,136856100
2013,대구,2711000,대구중구,070,환경보호,071,상하수도ㆍ수질,29888160
2013,대구,2711000,대구중구,070,환경보호,073,대기,140278010
2013,대구,2711000,대구중구,070,환경보호,072,폐기물,3689392750
2013,대구,2711000,대구중구,080,사회복지,081,기초생활보장,15593533640
2013,대구,2711000,대구중구,080,사회복지,087,보훈,193285800
2013,대구,2711000,대구중구,080,사회복지,086,노동,2656886621
2013,대구,2711000,대구중구,080,사회복지,085,노인ㆍ청소년,14877079650
2013,대구,2711000,대구중구,080,사회복지,084,보육ㆍ가족및여성,11951728579
2013,대구,2711000,대구중구,080,사회복지,082,취약계층지원,10609671221
2013,대구,2711000,대구중구,090,보건,091,보건의료,3338399030
2013,대구,2711000,대구중구,090,보건,093,식품의약안전,50242370
2013,대구,2711000,대구중구,100,농림해양수산,101,농업ㆍ농촌,73600100
2013,대구,2711000,대구중구,110,산업ㆍ중소기업,114,산업진흥ㆍ고도화,4632658330
2013,대구,2711000,대구중구,110,산업ㆍ중소기업,115,에너지및자원개발,126129240
2013,대구,2711000,대구중구,120,수송및교통,121,도로,4066729640
2013,대구,2711000,대구중구,120,수송및교통,126,대중교통ㆍ물류등기타,1691077131
2013,대구,2711000,대구중구,140,국토및지역개발,142,지역및도시,3370048060
2013,대구,2711000,대구중구,160,예비비,161,예비비,0
2013,대구,2711000,대구중구,900,기타,901,기타,44110813985
2013,대구,2712000,대구동구,010,일반공공행정,011,입법및선거관리,874039260
2013,대구,2712000,대구동구,010,일반공공행정,016,일반행정,22350658131
2013,대구,2712000,대구동구,010,일반공공행정,013,지방행정ㆍ재정지원,636036490
2013,대구,2712000,대구동구,020,공공질서및안전,025,재난방재ㆍ민방위,218893320
2013,대구,2712000,대구동구,050,교육,053,평생ㆍ직업교육,3113856860
2013,대구,2712000,대구동구,060,문화및관광,061,문화예술,4614994495
2013,대구,2712000,대구동구,060,문화및관광,064,문화재,4848960410
2013,대구,2712000,대구동구,060,문화및관광,063,체육,2099648280
2013,대구,2712000,대구동구,070,환경보호,072,폐기물,8481005430
2013,대구,2712000,대구동구,070,환경보호,076,환경보호일반,1069937240
2013,대구,2712000,대구동구,080,사회복지,081,기초생활보장,55974886137
2013,대구,2712000,대구동구,080,사회복지,089,사회복지일반,9195225753
2013,대구,2712000,대구동구,080,사회복지,085,노인ㆍ청소년,58567702140
2013,대구,2712000,대구동구,080,사회복지,084,보육ㆍ가족및여성,61391159841
2013,대구,2712000,대구동구,080,사회복지,082,취약계층지원,31228985710
2013,대구,2712000,대구동구,090,보건,091,보건의료,10590114756
2013,대구,2712000,대구동구,090,보건,093,식품의약안전,238428760
2013,대구,2712000,대구동구,100,농림해양수산,101,농업ㆍ농촌,5292317770
2013,대구,2712000,대구동구,100,농림해양수산,102,임업ㆍ산촌,5257037147
2013,대구,2712000,대구동구,110,산업ㆍ중소기업,114,산업진흥ㆍ고도화,3433883613
2013,대구,2712000,대구동구,110,산업ㆍ중소기업,115,에너지및자원개발,591467290
2013,대구,2712000,대구동구,120,수송및교통,121,도로,10283522840
2013,대구,2712000,대구동구,120,수송및교통,126,대중교통ㆍ물류등기타,4661635210
2013,대구,2712000,대구동구,140,국토및지역개발,141,수자원,8081432820
2013,대구,2712000,대구동구,140,국토및지역개발,142,지역및도시,2595684952
2013,대구,2712000,대구동구,160,예비비,161,예비비,0
2013,대구,2712000,대구동구,900,기타,901,기타,64220543145
2013,대구,2713000,대구서구,010,일반공공행정,011,입법및선거관리,722619350
2013,대구,2713000,대구서구,010,일반공공행정,016,일반행정,7551395080
2013,대구,2713000,대구서구,010,일반공공행정,014,재정ㆍ금융,1302311810
2013,대구,2713000,대구서구,010,일반공공행정,013,지방행정ㆍ재정지원,234747560
2013,대구,2713000,대구서구,020,공공질서및안전,025,재난방재ㆍ민방위,473710100
2013,대구,2713000,대구서구,050,교육,051,유아및초중등교육,289671250
2013,대구,2713000,대구서구,050,교육,053,평생ㆍ직업교육,761530770
2013,대구,2713000,대구서구,060,문화및관광,061,문화예술,959424270
2013,대구,2713000,대구서구,060,문화및관광,063,체육,914614800
2013,대구,2713000,대구서구,070,환경보호,071,상하수도ㆍ수질,625550390
2013,대구,2713000,대구서구,070,환경보호,076,환경보호일반,135770150
2013,대구,2713000,대구서구,070,환경보호,073,대기,118778090
2013,대구,2713000,대구서구,070,환경보호,072,폐기물,5557910830
2013,대구,2713000,대구서구,080,사회복지,081,기초생활보장,30092675070
2013,대구,2713000,대구서구,080,사회복지,089,사회복지일반,3899756210
2013,대구,2713000,대구서구,080,사회복지,086,노동,3011761780
2013,대구,2713000,대구서구,080,사회복지,085,노인ㆍ청소년,32795687370
2013,대구,2713000,대구서구,080,사회복지,084,보육ㆍ가족및여성,41248849250
2013,대구,2713000,대구서구,080,사회복지,082,취약계층지원,8126034660
2013,대구,2713000,대구서구,090,보건,091,보건의료,5854260130
2013,대구,2713000,대구서구,090,보건,093,식품의약안전,118354100
2013,대구,2713000,대구서구,100,농림해양수산,101,농업ㆍ농촌,138264290
2013,대구,2713000,대구서구,100,농림해양수산,102,임업ㆍ산촌,237321740
2013,대구,2713000,대구서구,110,산업ㆍ중소기업,114,산업진흥ㆍ고도화,1811924090
2013,대구,2713000,대구서구,110,산업ㆍ중소기업,115,에너지및자원개발,111365230
2013,대구,2713000,대구서구,120,수송및교통,121,도로,1662733290
2013,대구,2713000,대구서구,120,수송및교통,126,대중교통ㆍ물류등기타,1168835390
2013,대구,2713000,대구서구,140,국토및지역개발,142,지역및도시,4150066560
2013,대구,2713000,대구서구,160,예비비,161,예비비,0
2013,대구,2713000,대구서구,900,기타,901,기타,49993901140
2013,대구,2714000,대구남구,010,일반공공행정,011,입법및선거관리,552025180
2013,대구,2714000,대구남구,010,일반공공행정,016,일반행정,6038847700
2013,대구,2714000,대구남구,010,일반공공행정,013,지방행정ㆍ재정지원,377238370
2013,대구,2714000,대구남구,020,공공질서및안전,025,재난방재ㆍ민방위,287820950
2013,대구,2714000,대구남구,050,교육,051,유아및초중등교육,249391400
2013,대구,2714000,대구남구,050,교육,053,평생ㆍ직업교육,106942790
2013,대구,2714000,대구남구,060,문화및관광,061,문화예술,913973450
2013,대구,2714000,대구남구,060,문화및관광,064,문화재,280137790
2013,대구,2714000,대구남구,060,문화및관광,063,체육,1150220530
2013,대구,2714000,대구남구,070,환경보호,071,상하수도ㆍ수질,717103810
2013,대구,2714000,대구남구,070,환경보호,076,환경보호일반,43371790
2013,대구,2714000,대구남구,070,환경보호,073,대기,110567550
2013,대구,2714000,대구남구,070,환경보호,072,폐기물,4839772130
2013,대구,2714000,대구남구,080,사회복지,081,기초생활보장,32922871957
2013,대구,2714000,대구남구,080,사회복지,087,보훈,368655930
2013,대구,2714000,대구남구,080,사회복지,086,노동,2450271170
2013,대구,2714000,대구남구,080,사회복지,085,노인ㆍ청소년,25676245920
2013,대구,2714000,대구남구,080,사회복지,084,보육ㆍ가족및여성,26439381645
2013,대구,2714000,대구남구,080,사회복지,082,취약계층지원,20249141990
2013,대구,2714000,대구남구,090,보건,091,보건의료,5340445667
2013,대구,2714000,대구남구,090,보건,093,식품의약안전,97989220
2013,대구,2714000,대구남구,100,농림해양수산,101,농업ㆍ농촌,120426080
2013,대구,2714000,대구남구,100,농림해양수산,102,임업ㆍ산촌,221671770
2013,대구,2714000,대구남구,110,산업ㆍ중소기업,114,산업진흥ㆍ고도화,433922050
2013,대구,2714000,대구남구,110,산업ㆍ중소기업,115,에너지및자원개발,27610980
2013,대구,2714000,대구남구,120,수송및교통,121,도로,3370198430
2013,대구,2714000,대구남구,120,수송및교통,126,대중교통ㆍ물류등기타,3987158740
2013,대구,2714000,대구남구,140,국토및지역개발,142,지역및도시,7231007280
2013,대구,2714000,대구남구,160,예비비,161,예비비,0
2013,대구,2714000,대구남구,900,기타,901,기타,45543010071
2013,대구,2715000,대구북구,010,일반공공행정,011,입법및선거관리,1038961100
2013,대구,2715000,대구북구,010,일반공공행정,016,일반행정,16789536740
2013,대구,2715000,대구북구,010,일반공공행정,013,지방행정ㆍ재정지원,542480140
2013,대구,2715000,대구북구,020,공공질서및안전,025,재난방재ㆍ민방위,20427003260
2013,대구,2715000,대구북구,050,교육,051,유아및초중등교육,156000
2013,대구,2715000,대구북구,050,교육,053,평생ㆍ직업교육,314035700
2013,대구,2715000,대구북구,060,문화및관광,061,문화예술,2355212780
2013,대구,2715000,대구북구,060,문화및관광,064,문화재,149844550
2013,대구,2715000,대구북구,060,문화및관광,063,체육,1213625080
2013,대구,2715000,대구북구,070,환경보호,071,상하수도ㆍ수질,45778160
2013,대구,2715000,대구북구,070,환경보호,076,환경보호일반,226644650
2013,대구,2715000,대구북구,070,환경보호,073,대기,104224850
2013,대구,2715000,대구북구,070,환경보호,072,폐기물,9301986490
2013,대구,2715000,대구북구,080,사회복지,081,기초생활보장,46915239890
2013,대구,2715000,대구북구,080,사회복지,086,노동,4403042390
2013,대구,2715000,대구북구,080,사회복지,085,노인ㆍ청소년,44971917710
2013,대구,2715000,대구북구,080,사회복지,084,보육ㆍ가족및여성,94159348250
2013,대구,2715000,대구북구,080,사회복지,082,취약계층지원,27587238200
2013,대구,2715000,대구북구,090,보건,091,보건의료,11842664370
2013,대구,2715000,대구북구,090,보건,093,식품의약안전,51277940
2013,대구,2715000,대구북구,100,농림해양수산,101,농업ㆍ농촌,1402486730
2013,대구,2715000,대구북구,100,농림해양수산,102,임업ㆍ산촌,3419012440
2013,대구,2715000,대구북구,110,산업ㆍ중소기업,116,산업ㆍ중소기업일반,7676568170
2013,대구,2715000,대구북구,120,수송및교통,121,도로,7793839590
2013,대구,2715000,대구북구,120,수송및교통,126,대중교통ㆍ물류등기타,3140555340
2013,대구,2715000,대구북구,140,국토및지역개발,141,수자원,3166408950
2013,대구,2715000,대구북구,140,국토및지역개발,142,지역및도시,5278402050
2013,대구,2715000,대구북구,160,예비비,161,예비비,0
2013,대구,2715000,대구북구,900,기타,901,기타,66294702060
2013,대구,2716000,대구수성구,010,일반공공행정,014,재정ㆍ금융,51154790
2013,대구,2716000,대구수성구,010,일반공공행정,013,지방행정ㆍ재정지원,1967141190
2013,대구,2716000,대구수성구,010,일반공공행정,011,입법및선거관리,1321846980
2013,대구,2716000,대구수성구,010,일반공공행정,016,일반행정,11782393830
2013,대구,2716000,대구수성구,020,공공질서및안전,025,재난방재ㆍ민방위,457309300
2013,대구,2716000,대구수성구,050,교육,051,유아및초중등교육,3032051320
2013,대구,2716000,대구수성구,050,교육,053,평생ㆍ직업교육,3451513430
2013,대구,2716000,대구수성구,060,문화및관광,061,문화예술,9847662360
2013,대구,2716000,대구수성구,060,문화및관광,063,체육,2845471010
2013,대구,2716000,대구수성구,060,문화및관광,064,문화재,195736810
2013,대구,2716000,대구수성구,070,환경보호,071,상하수도ㆍ수질,62196610
2013,대구,2716000,대구수성구,070,환경보호,072,폐기물,9597151020
2013,대구,2716000,대구수성구,070,환경보호,073,대기,19250640
2013,대구,2716000,대구수성구,070,환경보호,076,환경보호일반,319754470
2013,대구,2716000,대구수성구,080,사회복지,081,기초생활보장,48762278690
2013,대구,2716000,대구수성구,080,사회복지,082,취약계층지원,29445552364
2013,대구,2716000,대구수성구,080,사회복지,084,보육ㆍ가족및여성,73118478825
2013,대구,2716000,대구수성구,080,사회복지,085,노인ㆍ청소년,45388373820
2013,대구,2716000,대구수성구,080,사회복지,086,노동,5429106453
2013,대구,2716000,대구수성구,080,사회복지,087,보훈,729356510
2013,대구,2716000,대구수성구,090,보건,091,보건의료,11573274660
2013,대구,2716000,대구수성구,090,보건,093,식품의약안전,761742460
2013,대구,2716000,대구수성구,100,농림해양수산,101,농업ㆍ농촌,1733962100
2013,대구,2716000,대구수성구,100,농림해양수산,102,임업ㆍ산촌,2279973600
2013,대구,2716000,대구수성구,110,산업ㆍ중소기업,114,산업진흥ㆍ고도화,158969080
2013,대구,2716000,대구수성구,110,산업ㆍ중소기업,115,에너지및자원개발,37444950
2013,대구,2716000,대구수성구,120,수송및교통,121,도로,7638555540
2013,대구,2716000,대구수성구,120,수송및교통,126,대중교통ㆍ물류등기타,6619160600
2013,대구,2716000,대구수성구,140,국토및지역개발,141,수자원,16093973060
2013,대구,2716000,대구수성구,140,국토및지역개발,142,지역및도시,6006665010
2013,대구,2716000,대구수성구,160,예비비,161,예비비,0
2013,대구,2716000,대구수성구,900,기타,901,기타,66984641795
2013,대구,2717000,대구달서구,010,일반공공행정,011,입법및선거관리,1426908060
2013,대구,2717000,대구달서구,010,일반공공행정,013,지방행정ㆍ재정지원,1088171125
2013,대구,2717000,대구달서구,010,일반공공행정,016,일반행정,18205753153
2013,대구,2717000,대구달서구,020,공공질서및안전,025,재난방재ㆍ민방위,2823572070
2013,대구,2717000,대구달서구,050,교육,051,유아및초중등교육,2164525565
2013,대구,2717000,대구달서구,050,교육,053,평생ㆍ직업교육,561329070
2013,대구,2717000,대구달서구,060,문화및관광,061,문화예술,8848325730
2013,대구,2717000,대구달서구,060,문화및관광,063,체육,2057583950
2013,대구,2717000,대구달서구,070,환경보호,071,상하수도ㆍ수질,1160331470
2013,대구,2717000,대구달서구,070,환경보호,072,폐기물,13182429594
2013,대구,2717000,대구달서구,070,환경보호,073,대기,235635590
2013,대구,2717000,대구달서구,070,환경보호,076,환경보호일반,147952890
2013,대구,2717000,대구달서구,080,사회복지,081,기초생활보장,70521982383
2013,대구,2717000,대구달서구,080,사회복지,082,취약계층지원,34049447820
2013,대구,2717000,대구달서구,080,사회복지,084,보육ㆍ가족및여성,113750976646
2013,대구,2717000,대구달서구,080,사회복지,085,노인ㆍ청소년,51994429730
2013,대구,2717000,대구달서구,080,사회복지,086,노동,2788291630
2013,대구,2717000,대구달서구,080,사회복지,087,보훈,686375470
2013,대구,2717000,대구달서구,090,보건,091,보건의료,14784112323
2013,대구,2717000,대구달서구,090,보건,093,식품의약안전,172525460
2013,대구,2717000,대구달서구,100,농림해양수산,101,농업ㆍ농촌,495784480
2013,대구,2717000,대구달서구,100,농림해양수산,102,임업ㆍ산촌,882286638
2013,대구,2717000,대구달서구,110,산업ㆍ중소기업,114,산업진흥ㆍ고도화,4511320016
2013,대구,2717000,대구달서구,120,수송및교통,121,도로,10556575930
2013,대구,2717000,대구달서구,120,수송및교통,126,대중교통ㆍ물류등기타,2883890010
2013,대구,2717000,대구달서구,140,국토및지역개발,142,지역및도시,13976001997
2013,대구,2717000,대구달서구,160,예비비,161,예비비,0
2013,대구,2717000,대구달서구,900,기타,901,기타,72295908622
2013,대구,2771000,대구달성군,010,일반공공행정,011,입법및선거관리,558273973
2013,대구,2771000,대구달성군,010,일반공공행정,013,지방행정ㆍ재정지원,4923057160
2013,대구,2771000,대구달성군,010,일반공공행정,016,일반행정,14850889990
2013,대구,2771000,대구달성군,020,공공질서및안전,025,재난방재ㆍ민방위,7476173470
2013,대구,2771000,대구달성군,050,교육,051,유아및초중등교육,2976418960
2013,대구,2771000,대구달성군,050,교육,052,고등교육,200000000
2013,대구,2771000,대구달성군,050,교육,053,평생ㆍ직업교육,6555430910
2013,대구,2771000,대구달성군,060,문화및관광,061,문화예술,4904231250
2013,대구,2771000,대구달성군,060,문화및관광,062,관광,4035393680
2013,대구,2771000,대구달성군,060,문화및관광,063,체육,19766333520
2013,대구,2771000,대구달성군,060,문화및관광,064,문화재,1294258350
2013,대구,2771000,대구달성군,070,환경보호,071,상하수도ㆍ수질,751794360
2013,대구,2771000,대구달성군,070,환경보호,072,폐기물,5495807747
2013,대구,2771000,대구달성군,070,환경보호,073,대기,249816820
2013,대구,2771000,대구달성군,070,환경보호,074,자연,1232657840
2013,대구,2771000,대구달성군,080,사회복지,081,기초생활보장,21962728658
2013,대구,2771000,대구달성군,080,사회복지,082,취약계층지원,19229740109
2013,대구,2771000,대구달성군,080,사회복지,084,보육ㆍ가족및여성,43436012695
2013,대구,2771000,대구달성군,080,사회복지,085,노인ㆍ청소년,28704956992
2013,대구,2771000,대구달성군,080,사회복지,086,노동,3435962595
2013,대구,2771000,대구달성군,080,사회복지,087,보훈,532604410
2013,대구,2771000,대구달성군,090,보건,091,보건의료,10115234558
2013,대구,2771000,대구달성군,090,보건,093,식품의약안전,375967680
2013,대구,2771000,대구달성군,100,농림해양수산,101,농업ㆍ농촌,31583628076
2013,대구,2771000,대구달성군,100,농림해양수산,102,임업ㆍ산촌,6263015885
2013,대구,2771000,대구달성군,100,농림해양수산,103,해양수산ㆍ어촌,0
2013,대구,2771000,대구달성군,110,산업ㆍ중소기업,113,무역및투자유치,1200000
2013,대구,2771000,대구달성군,110,산업ㆍ중소기업,114,산업진흥ㆍ고도화,208769550
2013,대구,2771000,대구달성군,110,산업ㆍ중소기업,115,에너지및자원개발,169891380
2013,대구,2771000,대구달성군,110,산업ㆍ중소기업,116,산업ㆍ중소기업일반,2052516620
2013,대구,2771000,대구달성군,120,수송및교통,121,도로,39484621480
2013,대구,2771000,대구달성군,120,수송및교통,126,대중교통ㆍ물류등기타,12527890210
2013,대구,2771000,대구달성군,140,국토및지역개발,141,수자원,13260077346
2013,대구,2771000,대구달성군,140,국토및지역개발,142,지역및도시,15949463211
2013,대구,2771000,대구달성군,140,국토및지역개발,143,산업단지,26490000
2013,대구,2771000,대구달성군,150,과학기술,153,과학기술일반,90000000
2013,대구,2771000,대구달성군,160,예비비,161,예비비,0
2013,대구,2771000,대구달성군,900,기타,901,기타,58175745539
2012,대구,2700000,대구본청,010,일반공공행정,011,입법및선거관리,3257381020
2012,대구,2700000,대구본청,010,일반공공행정,016,일반행정,48657535089
2012,대구,2700000,대구본청,010,일반공공행정,014,재정ㆍ금융,425208281321
2012,대구,2700000,대구본청,010,일반공공행정,013,지방행정ㆍ재정지원,4392668830
2012,대구,2700000,대구본청,020,공공질서및안전,025,재난방재ㆍ민방위,69398166138
2012,대구,2700000,대구본청,050,교육,053,평생ㆍ직업교육,346176450560
2012,대구,2700000,대구본청,060,문화및관광,061,문화예술,60356254800
2012,대구,2700000,대구본청,060,문화및관광,064,문화재,424514470
2012,대구,2700000,대구본청,060,문화및관광,063,체육,127227288760
2012,대구,2700000,대구본청,060,문화및관광,062,관광,7473096700
2012,대구,2700000,대구본청,070,환경보호,071,상하수도ㆍ수질,341676864500
2012,대구,2700000,대구본청,070,환경보호,076,환경보호일반,4214441400
2012,대구,2700000,대구본청,070,환경보호,074,자연,2246389005
2012,대구,2700000,대구본청,070,환경보호,073,대기,7039607230
2012,대구,2700000,대구본청,070,환경보호,072,폐기물,37124842660
2012,대구,2700000,대구본청,080,사회복지,081,기초생활보장,350087234420
2012,대구,2700000,대구본청,080,사회복지,087,보훈,588783660
2012,대구,2700000,대구본청,080,사회복지,086,노동,10034700630
2012,대구,2700000,대구본청,080,사회복지,085,노인ㆍ청소년,43386473070
2012,대구,2700000,대구본청,080,사회복지,084,보육ㆍ가족및여성,10949419045
2012,대구,2700000,대구본청,080,사회복지,082,취약계층지원,20164272840
2012,대구,2700000,대구본청,090,보건,091,보건의료,22275908370
2012,대구,2700000,대구본청,090,보건,093,식품의약안전,1424392160
2012,대구,2700000,대구본청,100,농림해양수산,101,농업ㆍ농촌,9259327040
2012,대구,2700000,대구본청,100,농림해양수산,102,임업ㆍ산촌,1667543350
2012,대구,2700000,대구본청,110,산업ㆍ중소기업,111,산업금융지원,61355227770
2012,대구,2700000,대구본청,110,산업ㆍ중소기업,116,산업ㆍ중소기업일반,4633380940
2012,대구,2700000,대구본청,110,산업ㆍ중소기업,114,산업진흥ㆍ고도화,235957162490
2012,대구,2700000,대구본청,110,산업ㆍ중소기업,113,무역및투자유치,34594094990
2012,대구,2700000,대구본청,120,수송및교통,121,도로,175960289380
2012,대구,2700000,대구본청,120,수송및교통,126,대중교통ㆍ물류등기타,229869939930
2012,대구,2700000,대구본청,120,수송및교통,125,항공ㆍ공항,398815670
2012,대구,2700000,대구본청,120,수송및교통,123,도시철도,334769558470
2012,대구,2700000,대구본청,140,국토및지역개발,141,수자원,7328732360
2012,대구,2700000,대구본청,140,국토및지역개발,143,산업단지,2469300960
2012,대구,2700000,대구본청,140,국토및지역개발,142,지역및도시,123806139960
2012,대구,2700000,대구본청,160,예비비,161,예비비,0
2012,대구,2700000,대구본청,900,기타,901,기타,432740572637
2012,대구,2711000,대구중구,010,일반공공행정,011,입법및선거관리,457844870
2012,대구,2711000,대구중구,010,일반공공행정,016,일반행정,9052364260
2012,대구,2711000,대구중구,010,일반공공행정,014,재정ㆍ금융,2838039530
2012,대구,2711000,대구중구,010,일반공공행정,013,지방행정ㆍ재정지원,258472110
2012,대구,2711000,대구중구,020,공공질서및안전,025,재난방재ㆍ민방위,293157460
2012,대구,2711000,대구중구,050,교육,051,유아및초중등교육,425171440
2012,대구,2711000,대구중구,050,교육,053,평생ㆍ직업교육,118158400
2012,대구,2711000,대구중구,060,문화및관광,061,문화예술,4548597640
2012,대구,2711000,대구중구,060,문화및관광,065,문화및관광일반,386267860
2012,대구,2711000,대구중구,060,문화및관광,064,문화재,501141100
2012,대구,2711000,대구중구,060,문화및관광,063,체육,1079718480
2012,대구,2711000,대구중구,060,문화및관광,062,관광,45789375
2012,대구,2711000,대구중구,070,환경보호,071,상하수도ㆍ수질,56071080
2012,대구,2711000,대구중구,070,환경보호,073,대기,127073840
2012,대구,2711000,대구중구,070,환경보호,072,폐기물,2858795320
2012,대구,2711000,대구중구,080,사회복지,081,기초생활보장,15280882150
2012,대구,2711000,대구중구,080,사회복지,087,보훈,314863040
2012,대구,2711000,대구중구,080,사회복지,086,노동,2248837542
2012,대구,2711000,대구중구,080,사회복지,085,노인ㆍ청소년,13904590399
2012,대구,2711000,대구중구,080,사회복지,084,보육ㆍ가족및여성,9382345931
2012,대구,2711000,대구중구,080,사회복지,082,취약계층지원,8750586860
2012,대구,2711000,대구중구,090,보건,091,보건의료,3171039250
2012,대구,2711000,대구중구,090,보건,093,식품의약안전,70639510
2012,대구,2711000,대구중구,100,농림해양수산,101,농업ㆍ농촌,44932790
2012,대구,2711000,대구중구,110,산업ㆍ중소기업,114,산업진흥ㆍ고도화,3451093930
2012,대구,2711000,대구중구,110,산업ㆍ중소기업,115,에너지및자원개발,418139690
2012,대구,2711000,대구중구,120,수송및교통,121,도로,6870020560
2012,대구,2711000,대구중구,120,수송및교통,126,대중교통ㆍ물류등기타,3138506501
2012,대구,2711000,대구중구,140,국토및지역개발,142,지역및도시,3008334290
2012,대구,2711000,대구중구,160,예비비,161,예비비,0
2012,대구,2711000,대구중구,900,기타,901,기타,43409927624
2012,대구,2712000,대구동구,010,일반공공행정,011,입법및선거관리,933852450
2012,대구,2712000,대구동구,010,일반공공행정,016,일반행정,12764603060
2012,대구,2712000,대구동구,010,일반공공행정,013,지방행정ㆍ재정지원,594074020
2012,대구,2712000,대구동구,020,공공질서및안전,025,재난방재ㆍ민방위,505365000
2012,대구,2712000,대구동구,050,교육,053,평생ㆍ직업교육,7370982479
2012,대구,2712000,대구동구,060,문화및관광,061,문화예술,2016649050
2012,대구,2712000,대구동구,060,문화및관광,064,문화재,2790394200
2012,대구,2712000,대구동구,060,문화및관광,063,체육,2707372860
2012,대구,2712000,대구동구,060,문화및관광,062,관광,1471099220
2012,대구,2712000,대구동구,070,환경보호,071,상하수도ㆍ수질,405572950
2012,대구,2712000,대구동구,070,환경보호,076,환경보호일반,4399530
2012,대구,2712000,대구동구,070,환경보호,073,대기,293134350
2012,대구,2712000,대구동구,070,환경보호,072,폐기물,17075831170
2012,대구,2712000,대구동구,080,사회복지,084,보육ㆍ가족및여성,47069565754
2012,대구,2712000,대구동구,080,사회복지,082,취약계층지원,27638630530
2012,대구,2712000,대구동구,080,사회복지,081,기초생활보장,49700396837
2012,대구,2712000,대구동구,080,사회복지,089,사회복지일반,7810049730
2012,대구,2712000,대구동구,080,사회복지,085,노인ㆍ청소년,53037538610
2012,대구,2712000,대구동구,090,보건,091,보건의료,8250434104
2012,대구,2712000,대구동구,090,보건,093,식품의약안전,44480190
2012,대구,2712000,대구동구,100,농림해양수산,101,농업ㆍ농촌,2481266090
2012,대구,2712000,대구동구,100,농림해양수산,102,임업ㆍ산촌,3952296910
2012,대구,2712000,대구동구,110,산업ㆍ중소기업,114,산업진흥ㆍ고도화,6105999453
2012,대구,2712000,대구동구,120,수송및교통,121,도로,9799880620
2012,대구,2712000,대구동구,120,수송및교통,126,대중교통ㆍ물류등기타,4421391080
2012,대구,2712000,대구동구,140,국토및지역개발,141,수자원,8609897840
2012,대구,2712000,대구동구,140,국토및지역개발,142,지역및도시,1532580960
2012,대구,2712000,대구동구,160,예비비,161,예비비,0
2012,대구,2712000,대구동구,900,기타,901,기타,61968854244
2012,대구,2713000,대구서구,010,일반공공행정,011,입법및선거관리,658229420
2012,대구,2713000,대구서구,010,일반공공행정,016,일반행정,8027416730
2012,대구,2713000,대구서구,010,일반공공행정,014,재정ㆍ금융,1142357960
2012,대구,2713000,대구서구,010,일반공공행정,013,지방행정ㆍ재정지원,225805450
2012,대구,2713000,대구서구,020,공공질서및안전,025,재난방재ㆍ민방위,518472120
2012,대구,2713000,대구서구,050,교육,051,유아및초중등교육,270047930
2012,대구,2713000,대구서구,050,교육,053,평생ㆍ직업교육,324897720
2012,대구,2713000,대구서구,060,문화및관광,061,문화예술,2744947430
2012,대구,2713000,대구서구,060,문화및관광,063,체육,1225279700
2012,대구,2713000,대구서구,070,환경보호,071,상하수도ㆍ수질,639719900
2012,대구,2713000,대구서구,070,환경보호,076,환경보호일반,110215380
2012,대구,2713000,대구서구,070,환경보호,073,대기,7589270
2012,대구,2713000,대구서구,070,환경보호,072,폐기물,5191978450
2012,대구,2713000,대구서구,080,사회복지,081,기초생활보장,28174830660
2012,대구,2713000,대구서구,080,사회복지,089,사회복지일반,3317394910
2012,대구,2713000,대구서구,080,사회복지,086,노동,2706400230
2012,대구,2713000,대구서구,080,사회복지,085,노인ㆍ청소년,29861094210
2012,대구,2713000,대구서구,080,사회복지,084,보육ㆍ가족및여성,34023854470
2012,대구,2713000,대구서구,080,사회복지,082,취약계층지원,7404790020
2012,대구,2713000,대구서구,090,보건,091,보건의료,4897295620
2012,대구,2713000,대구서구,090,보건,093,식품의약안전,34254900
2012,대구,2713000,대구서구,100,농림해양수산,101,농업ㆍ농촌,70606530
2012,대구,2713000,대구서구,100,농림해양수산,102,임업ㆍ산촌,393525510
2012,대구,2713000,대구서구,110,산업ㆍ중소기업,114,산업진흥ㆍ고도화,1388116900
2012,대구,2713000,대구서구,110,산업ㆍ중소기업,115,에너지및자원개발,23379080
2012,대구,2713000,대구서구,120,수송및교통,121,도로,2621119120
2012,대구,2713000,대구서구,120,수송및교통,126,대중교통ㆍ물류등기타,961076950
2012,대구,2713000,대구서구,140,국토및지역개발,142,지역및도시,2044649670
2012,대구,2713000,대구서구,160,예비비,161,예비비,0
2012,대구,2713000,대구서구,900,기타,901,기타,49451802930
2012,대구,2714000,대구남구,010,일반공공행정,011,입법및선거관리,504482420
2012,대구,2714000,대구남구,010,일반공공행정,016,일반행정,6321304000
2012,대구,2714000,대구남구,010,일반공공행정,013,지방행정ㆍ재정지원,372338770
2012,대구,2714000,대구남구,020,공공질서및안전,025,재난방재ㆍ민방위,280674790
2012,대구,2714000,대구남구,050,교육,051,유아및초중등교육,233810880
2012,대구,2714000,대구남구,050,교육,053,평생ㆍ직업교육,78648670
2012,대구,2714000,대구남구,060,문화및관광,061,문화예술,758473480
2012,대구,2714000,대구남구,060,문화및관광,064,문화재,256035210
2012,대구,2714000,대구남구,060,문화및관광,063,체육,1269869290
2012,대구,2714000,대구남구,070,환경보호,071,상하수도ㆍ수질,788905750
2012,대구,2714000,대구남구,070,환경보호,076,환경보호일반,42169160
2012,대구,2714000,대구남구,070,환경보호,073,대기,83065590
2012,대구,2714000,대구남구,070,환경보호,072,폐기물,4251278040
2012,대구,2714000,대구남구,080,사회복지,081,기초생활보장,30356667176
2012,대구,2714000,대구남구,080,사회복지,087,보훈,311873770
2012,대구,2714000,대구남구,080,사회복지,086,노동,2005863036
2012,대구,2714000,대구남구,080,사회복지,085,노인ㆍ청소년,23803133890
2012,대구,2714000,대구남구,080,사회복지,084,보육ㆍ가족및여성,20862186618
2012,대구,2714000,대구남구,080,사회복지,082,취약계층지원,18908662380
2012,대구,2714000,대구남구,090,보건,091,보건의료,4375905200
2012,대구,2714000,대구남구,090,보건,093,식품의약안전,1874185080
2012,대구,2714000,대구남구,100,농림해양수산,101,농업ㆍ농촌,81475240
2012,대구,2714000,대구남구,100,농림해양수산,102,임업ㆍ산촌,228502540
2012,대구,2714000,대구남구,110,산업ㆍ중소기업,114,산업진흥ㆍ고도화,2647091490
2012,대구,2714000,대구남구,110,산업ㆍ중소기업,115,에너지및자원개발,25280460
2012,대구,2714000,대구남구,120,수송및교통,121,도로,4046017020
2012,대구,2714000,대구남구,120,수송및교통,126,대중교통ㆍ물류등기타,4592703240
2012,대구,2714000,대구남구,140,국토및지역개발,142,지역및도시,6548489350
2012,대구,2714000,대구남구,160,예비비,161,예비비,0
2012,대구,2714000,대구남구,900,기타,901,기타,42906954158
2012,대구,2715000,대구북구,010,일반공공행정,011,입법및선거관리,979972840
2012,대구,2715000,대구북구,010,일반공공행정,016,일반행정,14970616240
2012,대구,2715000,대구북구,010,일반공공행정,013,지방행정ㆍ재정지원,571028480
2012,대구,2715000,대구북구,020,공공질서및안전,025,재난방재ㆍ민방위,15975519190
2012,대구,2715000,대구북구,050,교육,053,평생ㆍ직업교육,12928200
2012,대구,2715000,대구북구,060,문화및관광,061,문화예술,1501778060
2012,대구,2715000,대구북구,060,문화및관광,063,체육,1804991850
2012,대구,2715000,대구북구,060,문화및관광,064,문화재,1891858630
2012,대구,2715000,대구북구,070,환경보호,071,상하수도ㆍ수질,71054650
2012,대구,2715000,대구북구,070,환경보호,072,폐기물,8841993860
2012,대구,2715000,대구북구,070,환경보호,073,대기,21322255
2012,대구,2715000,대구북구,070,환경보호,076,환경보호일반,136147710
2012,대구,2715000,대구북구,080,사회복지,081,기초생활보장,45411586332
2012,대구,2715000,대구북구,080,사회복지,082,취약계층지원,23028305710
2012,대구,2715000,대구북구,080,사회복지,084,보육ㆍ가족및여성,76220601600
2012,대구,2715000,대구북구,080,사회복지,085,노인ㆍ청소년,42685883130
2012,대구,2715000,대구북구,080,사회복지,086,노동,3809246100
2012,대구,2715000,대구북구,090,보건,091,보건의료,10001273590
2012,대구,2715000,대구북구,090,보건,093,식품의약안전,54429460
2012,대구,2715000,대구북구,100,농림해양수산,101,농업ㆍ농촌,1300936950
2012,대구,2715000,대구북구,100,농림해양수산,102,임업ㆍ산촌,2166157730
2012,대구,2715000,대구북구,110,산업ㆍ중소기업,116,산업ㆍ중소기업일반,1981454660
2012,대구,2715000,대구북구,120,수송및교통,121,도로,6034991120
2012,대구,2715000,대구북구,120,수송및교통,126,대중교통ㆍ물류등기타,3107306830
2012,대구,2715000,대구북구,140,국토및지역개발,141,수자원,1683732740
2012,대구,2715000,대구북구,140,국토및지역개발,142,지역및도시,1842727170
2012,대구,2715000,대구북구,160,예비비,161,예비비,0
2012,대구,2715000,대구북구,900,기타,901,기타,65464207100
2012,대구,2716000,대구수성구,010,일반공공행정,011,입법및선거관리,1262214830
2012,대구,2716000,대구수성구,010,일반공공행정,013,지방행정ㆍ재정지원,1891415180
2012,대구,2716000,대구수성구,010,일반공공행정,014,재정ㆍ금융,55400000
2012,대구,2716000,대구수성구,010,일반공공행정,016,일반행정,12922208690
2012,대구,2716000,대구수성구,020,공공질서및안전,025,재난방재ㆍ민방위,742859160
2012,대구,2716000,대구수성구,050,교육,051,유아및초중등교육,1942899490
2012,대구,2716000,대구수성구,050,교육,053,평생ㆍ직업교육,299849460
2012,대구,2716000,대구수성구,060,문화및관광,061,문화예술,7404995050
2012,대구,2716000,대구수성구,060,문화및관광,063,체육,1843456520
2012,대구,2716000,대구수성구,060,문화및관광,064,문화재,225155590
2012,대구,2716000,대구수성구,070,환경보호,071,상하수도ㆍ수질,77707490
2012,대구,2716000,대구수성구,070,환경보호,072,폐기물,8849090290
2012,대구,2716000,대구수성구,070,환경보호,073,대기,1095000
2012,대구,2716000,대구수성구,070,환경보호,076,환경보호일반,211565790
2012,대구,2716000,대구수성구,080,사회복지,081,기초생활보장,5096364250
2012,대구,2716000,대구수성구,080,사회복지,082,취약계층지원,69855247820
2012,대구,2716000,대구수성구,080,사회복지,084,보육ㆍ가족및여성,55166028020
2012,대구,2716000,대구수성구,080,사회복지,085,노인ㆍ청소년,42472998090
2012,대구,2716000,대구수성구,080,사회복지,086,노동,4582969520
2012,대구,2716000,대구수성구,080,사회복지,087,보훈,649944730
2012,대구,2716000,대구수성구,090,보건,091,보건의료,8231800390
2012,대구,2716000,대구수성구,090,보건,093,식품의약안전,458801940
2012,대구,2716000,대구수성구,100,농림해양수산,101,농업ㆍ농촌,1164159010
2012,대구,2716000,대구수성구,100,농림해양수산,102,임업ㆍ산촌,1308069260
2012,대구,2716000,대구수성구,110,산업ㆍ중소기업,114,산업진흥ㆍ고도화,226374420
2012,대구,2716000,대구수성구,110,산업ㆍ중소기업,115,에너지및자원개발,21284300
2012,대구,2716000,대구수성구,120,수송및교통,121,도로,9006049430
2012,대구,2716000,대구수성구,120,수송및교통,126,대중교통ㆍ물류등기타,4226765810
2012,대구,2716000,대구수성구,140,국토및지역개발,141,수자원,7529906350
2012,대구,2716000,대구수성구,140,국토및지역개발,142,지역및도시,5302280250
2012,대구,2716000,대구수성구,160,예비비,161,예비비,0
2012,대구,2716000,대구수성구,900,기타,901,기타,64991826640
2012,대구,2717000,대구달서구,010,일반공공행정,011,입법및선거관리,1370055040
2012,대구,2717000,대구달서구,010,일반공공행정,013,지방행정ㆍ재정지원,1032548730
2012,대구,2717000,대구달서구,010,일반공공행정,014,재정ㆍ금융,3440
2012,대구,2717000,대구달서구,010,일반공공행정,016,일반행정,15746994361
2012,대구,2717000,대구달서구,020,공공질서및안전,025,재난방재ㆍ민방위,2106481621
2012,대구,2717000,대구달서구,050,교육,051,유아및초중등교육,1426246760
2012,대구,2717000,대구달서구,050,교육,053,평생ㆍ직업교육,449222350
2012,대구,2717000,대구달서구,060,문화및관광,061,문화예술,4671121318
2012,대구,2717000,대구달서구,060,문화및관광,063,체육,1690811640
2012,대구,2717000,대구달서구,070,환경보호,071,상하수도ㆍ수질,722434360
2012,대구,2717000,대구달서구,070,환경보호,072,폐기물,10547717910
2012,대구,2717000,대구달서구,070,환경보호,073,대기,153901960
2012,대구,2717000,대구달서구,070,환경보호,076,환경보호일반,155211920
2012,대구,2717000,대구달서구,080,사회복지,081,기초생활보장,68336895150
2012,대구,2717000,대구달서구,080,사회복지,082,취약계층지원,26321912300
2012,대구,2717000,대구달서구,080,사회복지,084,보육ㆍ가족및여성,88730210337
2012,대구,2717000,대구달서구,080,사회복지,085,노인ㆍ청소년,48040063120
2012,대구,2717000,대구달서구,080,사회복지,086,노동,2787714990
2012,대구,2717000,대구달서구,080,사회복지,087,보훈,578953630
2012,대구,2717000,대구달서구,090,보건,091,보건의료,13988072610
2012,대구,2717000,대구달서구,090,보건,093,식품의약안전,71766220
2012,대구,2717000,대구달서구,100,농림해양수산,101,농업ㆍ농촌,215174230
2012,대구,2717000,대구달서구,100,농림해양수산,102,임업ㆍ산촌,890679420
2012,대구,2717000,대구달서구,110,산업ㆍ중소기업,114,산업진흥ㆍ고도화,6261476391
2012,대구,2717000,대구달서구,120,수송및교통,121,도로,6009309230
2012,대구,2717000,대구달서구,120,수송및교통,126,대중교통ㆍ물류등기타,5366020120
2012,대구,2717000,대구달서구,140,국토및지역개발,142,지역및도시,8487123800
2012,대구,2717000,대구달서구,160,예비비,161,예비비,0
2012,대구,2717000,대구달서구,900,기타,901,기타,69500640399
2012,대구,2771000,대구달성군,010,일반공공행정,011,입법및선거관리,471339460
2012,대구,2771000,대구달성군,010,일반공공행정,013,지방행정ㆍ재정지원,4810137670
2012,대구,2771000,대구달성군,010,일반공공행정,016,일반행정,12158040161
2012,대구,2771000,대구달성군,020,공공질서및안전,025,재난방재ㆍ민방위,8054678700
2012,대구,2771000,대구달성군,050,교육,051,유아및초중등교육,3557720810
2012,대구,2771000,대구달성군,050,교육,053,평생ㆍ직업교육,1771057750
2012,대구,2771000,대구달성군,060,문화및관광,061,문화예술,2541714550
2012,대구,2771000,대구달성군,060,문화및관광,062,관광,2067382300
2012,대구,2771000,대구달성군,060,문화및관광,063,체육,16520782500
2012,대구,2771000,대구달성군,060,문화및관광,064,문화재,1782233630
2012,대구,2771000,대구달성군,070,환경보호,071,상하수도ㆍ수질,756140180
2012,대구,2771000,대구달성군,070,환경보호,072,폐기물,4055167448
2012,대구,2771000,대구달성군,070,환경보호,073,대기,167020770
2012,대구,2771000,대구달성군,070,환경보호,074,자연,1175000850
2012,대구,2771000,대구달성군,080,사회복지,081,기초생활보장,19538725680
2012,대구,2771000,대구달성군,080,사회복지,082,취약계층지원,14498394700
2012,대구,2771000,대구달성군,080,사회복지,084,보육ㆍ가족및여성,35218816450
2012,대구,2771000,대구달성군,080,사회복지,085,노인ㆍ청소년,27315838550
2012,대구,2771000,대구달성군,080,사회복지,086,노동,3025509340
2012,대구,2771000,대구달성군,080,사회복지,087,보훈,415483490
2012,대구,2771000,대구달성군,090,보건,091,보건의료,7221596074
2012,대구,2771000,대구달성군,090,보건,093,식품의약안전,189379280
2012,대구,2771000,대구달성군,100,농림해양수산,101,농업ㆍ농촌,24299890676
2012,대구,2771000,대구달성군,100,농림해양수산,102,임업ㆍ산촌,5656727442
2012,대구,2771000,대구달성군,100,농림해양수산,103,해양수산ㆍ어촌,1900000
2012,대구,2771000,대구달성군,110,산업ㆍ중소기업,113,무역및투자유치,2431270
2012,대구,2771000,대구달성군,110,산업ㆍ중소기업,114,산업진흥ㆍ고도화,16053590
2012,대구,2771000,대구달성군,110,산업ㆍ중소기업,115,에너지및자원개발,55515750
2012,대구,2771000,대구달성군,110,산업ㆍ중소기업,116,산업ㆍ중소기업일반,2385478410
2012,대구,2771000,대구달성군,120,수송및교통,121,도로,36768277190
2012,대구,2771000,대구달성군,120,수송및교통,126,대중교통ㆍ물류등기타,11335702040
2012,대구,2771000,대구달성군,140,국토및지역개발,141,수자원,14578022870
2012,대구,2771000,대구달성군,140,국토및지역개발,142,지역및도시,14927588155
2012,대구,2771000,대구달성군,140,국토및지역개발,143,산업단지,51342300
2012,대구,2771000,대구달성군,150,과학기술,152,과학기술연구지원,3000000000
2012,대구,2771000,대구달성군,160,예비비,161,예비비,0
2012,대구,2771000,대구달성군,900,기타,901,기타,53932698056
2011,대구,2700000,대구본청,010,일반공공행정,011,입법및선거관리,3285035090
2011,대구,2700000,대구본청,010,일반공공행정,016,일반행정,41757262160
2011,대구,2700000,대구본청,010,일반공공행정,014,재정ㆍ금융,384782017138
2011,대구,2700000,대구본청,010,일반공공행정,013,지방행정ㆍ재정지원,4156229360
2011,대구,2700000,대구본청,020,공공질서및안전,025,재난방재ㆍ민방위,31982905820
2011,대구,2700000,대구본청,050,교육,053,평생ㆍ직업교육,340122046310
2011,대구,2700000,대구본청,060,문화및관광,061,문화예술,53277581060
2011,대구,2700000,대구본청,060,문화및관광,064,문화재,364985600
2011,대구,2700000,대구본청,060,문화및관광,063,체육,82821715120
2011,대구,2700000,대구본청,060,문화및관광,062,관광,15807875770
2011,대구,2700000,대구본청,070,환경보호,071,상하수도ㆍ수질,319042690300
2011,대구,2700000,대구본청,070,환경보호,076,환경보호일반,4916978470
2011,대구,2700000,대구본청,070,환경보호,074,자연,2329736850
2011,대구,2700000,대구본청,070,환경보호,073,대기,9254637260
2011,대구,2700000,대구본청,070,환경보호,072,폐기물,44832753480
2011,대구,2700000,대구본청,080,사회복지,081,기초생활보장,305691284500
2011,대구,2700000,대구본청,080,사회복지,087,보훈,1100447480
2011,대구,2700000,대구본청,080,사회복지,086,노동,9107904070
2011,대구,2700000,대구본청,080,사회복지,085,노인ㆍ청소년,41587812890
2011,대구,2700000,대구본청,080,사회복지,084,보육ㆍ가족및여성,7357390530
2011,대구,2700000,대구본청,080,사회복지,082,취약계층지원,18811883930
2011,대구,2700000,대구본청,090,보건,091,보건의료,23166725530
2011,대구,2700000,대구본청,090,보건,093,식품의약안전,703179440
2011,대구,2700000,대구본청,100,농림해양수산,101,농업ㆍ농촌,9238102510
2011,대구,2700000,대구본청,100,농림해양수산,102,임업ㆍ산촌,1537784150
2011,대구,2700000,대구본청,110,산업ㆍ중소기업,111,산업금융지원,66245167000
2011,대구,2700000,대구본청,110,산업ㆍ중소기업,116,산업ㆍ중소기업일반,5222282680
2011,대구,2700000,대구본청,110,산업ㆍ중소기업,114,산업진흥ㆍ고도화,159637379960
2011,대구,2700000,대구본청,110,산업ㆍ중소기업,113,무역및투자유치,41822177730
2011,대구,2700000,대구본청,120,수송및교통,121,도로,138896697240
2011,대구,2700000,대구본청,120,수송및교통,126,대중교통ㆍ물류등기타,226504407040
2011,대구,2700000,대구본청,120,수송및교통,125,항공ㆍ공항,884033780
2011,대구,2700000,대구본청,120,수송및교통,123,도시철도,486112612460
2011,대구,2700000,대구본청,140,국토및지역개발,141,수자원,2567791910
2011,대구,2700000,대구본청,140,국토및지역개발,143,산업단지,1977162700
2011,대구,2700000,대구본청,140,국토및지역개발,142,지역및도시,119199378430
2011,대구,2700000,대구본청,160,예비비,161,예비비,0
2011,대구,2700000,대구본청,900,기타,901,기타,409769715410
2011,대구,2711000,대구중구,010,일반공공행정,011,입법및선거관리,437015190
2011,대구,2711000,대구중구,010,일반공공행정,016,일반행정,10818638761
2011,대구,2711000,대구중구,010,일반공공행정,014,재정ㆍ금융,1383350170
2011,대구,2711000,대구중구,010,일반공공행정,013,지방행정ㆍ재정지원,269424900
2011,대구,2711000,대구중구,020,공공질서및안전,025,재난방재ㆍ민방위,246377310
2011,대구,2711000,대구중구,050,교육,053,평생ㆍ직업교육,278808930
2011,대구,2711000,대구중구,060,문화및관광,061,문화예술,3059721950
2011,대구,2711000,대구중구,060,문화및관광,064,문화재,445736750
2011,대구,2711000,대구중구,060,문화및관광,063,체육,1026048000
2011,대구,2711000,대구중구,060,문화및관광,062,관광,191748180
2011,대구,2711000,대구중구,070,환경보호,071,상하수도ㆍ수질,69923050
2011,대구,2711000,대구중구,070,환경보호,073,대기,98806830
2011,대구,2711000,대구중구,070,환경보호,072,폐기물,3417290080
2011,대구,2711000,대구중구,080,사회복지,081,기초생활보장,15352209730
2011,대구,2711000,대구중구,080,사회복지,087,보훈,51447220
2011,대구,2711000,대구중구,080,사회복지,086,노동,2717376603
2011,대구,2711000,대구중구,080,사회복지,085,노인ㆍ청소년,14867517970
2011,대구,2711000,대구중구,080,사회복지,084,보육ㆍ가족및여성,7491034380
2011,대구,2711000,대구중구,080,사회복지,082,취약계층지원,8405307870
2011,대구,2711000,대구중구,090,보건,091,보건의료,2527387101
2011,대구,2711000,대구중구,090,보건,093,식품의약안전,55783410
2011,대구,2711000,대구중구,100,농림해양수산,101,농업ㆍ농촌,32357690
2011,대구,2711000,대구중구,110,산업ㆍ중소기업,114,산업진흥ㆍ고도화,5129800830
2011,대구,2711000,대구중구,110,산업ㆍ중소기업,115,에너지및자원개발,131474140
2011,대구,2711000,대구중구,120,수송및교통,121,도로,6522078140
2011,대구,2711000,대구중구,120,수송및교통,126,대중교통ㆍ물류등기타,1607450610
2011,대구,2711000,대구중구,140,국토및지역개발,142,지역및도시,3524621090
2011,대구,2711000,대구중구,160,예비비,161,예비비,0
2011,대구,2711000,대구중구,900,기타,901,기타,40189827965
2011,대구,2712000,대구동구,010,일반공공행정,011,입법및선거관리,883466920
2011,대구,2712000,대구동구,010,일반공공행정,016,일반행정,14872737300
2011,대구,2712000,대구동구,010,일반공공행정,013,지방행정ㆍ재정지원,668438160
2011,대구,2712000,대구동구,020,공공질서및안전,025,재난방재ㆍ민방위,496165160
2011,대구,2712000,대구동구,050,교육,053,평생ㆍ직업교육,6597155282
2011,대구,2712000,대구동구,060,문화및관광,061,문화예술,1948480940
2011,대구,2712000,대구동구,060,문화및관광,064,문화재,3063767860
2011,대구,2712000,대구동구,060,문화및관광,063,체육,1272415410
2011,대구,2712000,대구동구,060,문화및관광,062,관광,2806458000
2011,대구,2712000,대구동구,070,환경보호,071,상하수도ㆍ수질,481028110
2011,대구,2712000,대구동구,070,환경보호,076,환경보호일반,2345490
2011,대구,2712000,대구동구,070,환경보호,073,대기,229622370
2011,대구,2712000,대구동구,070,환경보호,072,폐기물,6809544520
2011,대구,2712000,대구동구,080,사회복지,081,기초생활보장,48786322210
2011,대구,2712000,대구동구,080,사회복지,089,사회복지일반,7344276840
2011,대구,2712000,대구동구,080,사회복지,085,노인ㆍ청소년,45770013450
2011,대구,2712000,대구동구,080,사회복지,084,보육ㆍ가족및여성,38911818700
2011,대구,2712000,대구동구,080,사회복지,082,취약계층지원,27087319190
2011,대구,2712000,대구동구,090,보건,091,보건의료,6776278780
2011,대구,2712000,대구동구,090,보건,093,식품의약안전,41063400
2011,대구,2712000,대구동구,100,농림해양수산,101,농업ㆍ농촌,2943121610
2011,대구,2712000,대구동구,100,농림해양수산,102,임업ㆍ산촌,4256448710
2011,대구,2712000,대구동구,110,산업ㆍ중소기업,114,산업진흥ㆍ고도화,5376150980
2011,대구,2712000,대구동구,120,수송및교통,121,도로,6530235730
2011,대구,2712000,대구동구,120,수송및교통,126,대중교통ㆍ물류등기타,2733387090
2011,대구,2712000,대구동구,140,국토및지역개발,141,수자원,8738017390
2011,대구,2712000,대구동구,140,국토및지역개발,142,지역및도시,2251401740
2011,대구,2712000,대구동구,160,예비비,161,예비비,0
2011,대구,2712000,대구동구,900,기타,901,기타,55636641378
2011,대구,2713000,대구서구,010,일반공공행정,011,입법및선거관리,1507657270
2011,대구,2713000,대구서구,010,일반공공행정,016,일반행정,7531919390
2011,대구,2713000,대구서구,010,일반공공행정,014,재정ㆍ금융,2341127240
2011,대구,2713000,대구서구,010,일반공공행정,013,지방행정ㆍ재정지원,225448000
2011,대구,2713000,대구서구,020,공공질서및안전,025,재난방재ㆍ민방위,163487130
2011,대구,2713000,대구서구,050,교육,053,평생ㆍ직업교육,299072130
2011,대구,2713000,대구서구,060,문화및관광,061,문화예술,552268590
2011,대구,2713000,대구서구,060,문화및관광,063,체육,1140427020
2011,대구,2713000,대구서구,070,환경보호,071,상하수도ㆍ수질,633295160
2011,대구,2713000,대구서구,070,환경보호,076,환경보호일반,87390020
2011,대구,2713000,대구서구,070,환경보호,073,대기,74454310
2011,대구,2713000,대구서구,070,환경보호,072,폐기물,5711987740
2011,대구,2713000,대구서구,080,사회복지,081,기초생활보장,26968249360
2011,대구,2713000,대구서구,080,사회복지,089,사회복지일반,2915453390
2011,대구,2713000,대구서구,080,사회복지,086,노동,3616307480
2011,대구,2713000,대구서구,080,사회복지,085,노인ㆍ청소년,33924617840
2011,대구,2713000,대구서구,080,사회복지,084,보육ㆍ가족및여성,26176284010
2011,대구,2713000,대구서구,080,사회복지,082,취약계층지원,5494776560
2011,대구,2713000,대구서구,090,보건,091,보건의료,3736897390
2011,대구,2713000,대구서구,090,보건,093,식품의약안전,29773240
2011,대구,2713000,대구서구,100,농림해양수산,101,농업ㆍ농촌,219667110
2011,대구,2713000,대구서구,100,농림해양수산,102,임업ㆍ산촌,262651980
2011,대구,2713000,대구서구,110,산업ㆍ중소기업,114,산업진흥ㆍ고도화,3025991850
2011,대구,2713000,대구서구,110,산업ㆍ중소기업,115,에너지및자원개발,1029770
2011,대구,2713000,대구서구,120,수송및교통,121,도로,1000551310
2011,대구,2713000,대구서구,120,수송및교통,126,대중교통ㆍ물류등기타,1266728470
2011,대구,2713000,대구서구,140,국토및지역개발,142,지역및도시,2344186120
2011,대구,2713000,대구서구,160,예비비,161,예비비,0
2011,대구,2713000,대구서구,900,기타,901,기타,46544512750
2011,대구,2714000,대구남구,010,일반공공행정,011,입법및선거관리,480890400
2011,대구,2714000,대구남구,010,일반공공행정,016,일반행정,6788937388
2011,대구,2714000,대구남구,010,일반공공행정,013,지방행정ㆍ재정지원,379869810
2011,대구,2714000,대구남구,020,공공질서및안전,025,재난방재ㆍ민방위,314413730
2011,대구,2714000,대구남구,050,교육,051,유아및초중등교육,184952800
2011,대구,2714000,대구남구,050,교육,053,평생ㆍ직업교육,91297240
2011,대구,2714000,대구남구,060,문화및관광,061,문화예술,1111978110
2011,대구,2714000,대구남구,060,문화및관광,064,문화재,227784360
2011,대구,2714000,대구남구,060,문화및관광,063,체육,1432395200
2011,대구,2714000,대구남구,070,환경보호,071,상하수도ㆍ수질,1099581330
2011,대구,2714000,대구남구,070,환경보호,076,환경보호일반,31811700
2011,대구,2714000,대구남구,070,환경보호,073,대기,64615730
2011,대구,2714000,대구남구,070,환경보호,072,폐기물,4184238290
2011,대구,2714000,대구남구,080,사회복지,086,노동,1887784910
2011,대구,2714000,대구남구,080,사회복지,085,노인ㆍ청소년,22544140750
2011,대구,2714000,대구남구,080,사회복지,084,보육ㆍ가족및여성,18010615860
2011,대구,2714000,대구남구,080,사회복지,082,취약계층지원,17554138498
2011,대구,2714000,대구남구,080,사회복지,081,기초생활보장,28495654116
2011,대구,2714000,대구남구,080,사회복지,087,보훈,105492210
2011,대구,2714000,대구남구,090,보건,091,보건의료,3761466187
2011,대구,2714000,대구남구,090,보건,093,식품의약안전,2911087840
2011,대구,2714000,대구남구,100,농림해양수산,101,농업ㆍ농촌,73831000
2011,대구,2714000,대구남구,100,농림해양수산,102,임업ㆍ산촌,225137150
2011,대구,2714000,대구남구,110,산업ㆍ중소기업,114,산업진흥ㆍ고도화,1152692940
2011,대구,2714000,대구남구,110,산업ㆍ중소기업,115,에너지및자원개발,2415840
2011,대구,2714000,대구남구,120,수송및교통,121,도로,5141795930
2011,대구,2714000,대구남구,120,수송및교통,126,대중교통ㆍ물류등기타,3877664800
2011,대구,2714000,대구남구,140,국토및지역개발,142,지역및도시,4078341980
2011,대구,2714000,대구남구,160,예비비,161,예비비,0
2011,대구,2714000,대구남구,900,기타,901,기타,40762902550
2011,대구,2715000,대구북구,010,일반공공행정,011,입법및선거관리,1018125220
2011,대구,2715000,대구북구,010,일반공공행정,016,일반행정,14318743530
2011,대구,2715000,대구북구,010,일반공공행정,013,지방행정ㆍ재정지원,582295240
2011,대구,2715000,대구북구,020,공공질서및안전,025,재난방재ㆍ민방위,4866344040
2011,대구,2715000,대구북구,060,문화및관광,061,문화예술,1892364570
2011,대구,2715000,대구북구,060,문화및관광,064,문화재,238847380
2011,대구,2715000,대구북구,060,문화및관광,063,체육,4828295050
2011,대구,2715000,대구북구,070,환경보호,071,상하수도ㆍ수질,47788660
2011,대구,2715000,대구북구,070,환경보호,076,환경보호일반,127213170
2011,대구,2715000,대구북구,070,환경보호,073,대기,35309660
2011,대구,2715000,대구북구,070,환경보호,072,폐기물,9528132930
2011,대구,2715000,대구북구,080,사회복지,081,기초생활보장,46357340980
2011,대구,2715000,대구북구,080,사회복지,086,노동,5153876690
2011,대구,2715000,대구북구,080,사회복지,085,노인ㆍ청소년,38813995570
2011,대구,2715000,대구북구,080,사회복지,084,보육ㆍ가족및여성,63002929040
2011,대구,2715000,대구북구,080,사회복지,082,취약계층지원,22200816910
2011,대구,2715000,대구북구,090,보건,091,보건의료,7918658560
2011,대구,2715000,대구북구,090,보건,093,식품의약안전,61931760
2011,대구,2715000,대구북구,100,농림해양수산,101,농업ㆍ농촌,1981068110
2011,대구,2715000,대구북구,100,농림해양수산,102,임업ㆍ산촌,1854370510
2011,대구,2715000,대구북구,110,산업ㆍ중소기업,116,산업ㆍ중소기업일반,2929440700
2011,대구,2715000,대구북구,120,수송및교통,121,도로,5174937920
2011,대구,2715000,대구북구,120,수송및교통,126,대중교통ㆍ물류등기타,4553666890
2011,대구,2715000,대구북구,140,국토및지역개발,141,수자원,1499224980
2011,대구,2715000,대구북구,140,국토및지역개발,142,지역및도시,3641767570
2011,대구,2715000,대구북구,160,예비비,161,예비비,0
2011,대구,2715000,대구북구,900,기타,901,기타,60317657300
2011,대구,2716000,대구수성구,010,일반공공행정,011,입법및선거관리,1276500110
2011,대구,2716000,대구수성구,010,일반공공행정,016,일반행정,14344683990
2011,대구,2716000,대구수성구,010,일반공공행정,014,재정ㆍ금융,54500000
2011,대구,2716000,대구수성구,010,일반공공행정,013,지방행정ㆍ재정지원,1863834590
2011,대구,2716000,대구수성구,020,공공질서및안전,025,재난방재ㆍ민방위,729077490
2011,대구,2716000,대구수성구,050,교육,051,유아및초중등교육,2193631680
2011,대구,2716000,대구수성구,050,교육,053,평생ㆍ직업교육,235910040
2011,대구,2716000,대구수성구,060,문화및관광,061,문화예술,5867056610
2011,대구,2716000,대구수성구,060,문화및관광,064,문화재,394330430
2011,대구,2716000,대구수성구,060,문화및관광,063,체육,1763823640
2011,대구,2716000,대구수성구,070,환경보호,071,상하수도ㆍ수질,80658320
2011,대구,2716000,대구수성구,070,환경보호,076,환경보호일반,204068480
2011,대구,2716000,대구수성구,070,환경보호,073,대기,32247880
2011,대구,2716000,대구수성구,070,환경보호,072,폐기물,9245845450
2011,대구,2716000,대구수성구,080,사회복지,081,기초생활보장,5119649530
2011,대구,2716000,대구수성구,080,사회복지,087,보훈,191610320
2011,대구,2716000,대구수성구,080,사회복지,086,노동,5090106660
2011,대구,2716000,대구수성구,080,사회복지,085,노인ㆍ청소년,38342361520
2011,대구,2716000,대구수성구,080,사회복지,084,보육ㆍ가족및여성,43843386070
2011,대구,2716000,대구수성구,080,사회복지,082,취약계층지원,68764238685
2011,대구,2716000,대구수성구,090,보건,091,보건의료,6797052930
2011,대구,2716000,대구수성구,090,보건,093,식품의약안전,191431460
2011,대구,2716000,대구수성구,100,농림해양수산,101,농업ㆍ농촌,1416164090
2011,대구,2716000,대구수성구,100,농림해양수산,102,임업ㆍ산촌,4230358460
2011,대구,2716000,대구수성구,110,산업ㆍ중소기업,114,산업진흥ㆍ고도화,132482030
2011,대구,2716000,대구수성구,110,산업ㆍ중소기업,115,에너지및자원개발,3987400
2011,대구,2716000,대구수성구,120,수송및교통,121,도로,7172920280
2011,대구,2716000,대구수성구,120,수송및교통,126,대중교통ㆍ물류등기타,3289047900
2011,대구,2716000,대구수성구,140,국토및지역개발,141,수자원,4189158650
2011,대구,2716000,대구수성구,140,국토및지역개발,142,지역및도시,6873090470
2011,대구,2716000,대구수성구,160,예비비,161,예비비,0
2011,대구,2716000,대구수성구,900,기타,901,기타,60022073070
2011,대구,2717000,대구달서구,010,일반공공행정,011,입법및선거관리,1544995650
2011,대구,2717000,대구달서구,010,일반공공행정,016,일반행정,15680500319
2011,대구,2717000,대구달서구,010,일반공공행정,013,지방행정ㆍ재정지원,885361460
2011,대구,2717000,대구달서구,020,공공질서및안전,025,재난방재ㆍ민방위,1626909095
2011,대구,2717000,대구달서구,050,교육,053,평생ㆍ직업교육,450472440
2011,대구,2717000,대구달서구,050,교육,051,유아및초중등교육,1340041130
2011,대구,2717000,대구달서구,060,문화및관광,061,문화예술,3379687800
2011,대구,2717000,대구달서구,060,문화및관광,063,체육,2041841380
2011,대구,2717000,대구달서구,070,환경보호,071,상하수도ㆍ수질,2319832620
2011,대구,2717000,대구달서구,070,환경보호,072,폐기물,9400215560
2011,대구,2717000,대구달서구,070,환경보호,073,대기,266969780
2011,대구,2717000,대구달서구,070,환경보호,076,환경보호일반,146101750
2011,대구,2717000,대구달서구,080,사회복지,081,기초생활보장,69273701936
2011,대구,2717000,대구달서구,080,사회복지,082,취약계층지원,23252053020
2011,대구,2717000,대구달서구,080,사회복지,084,보육ㆍ가족및여성,70050391300
2011,대구,2717000,대구달서구,080,사회복지,085,노인ㆍ청소년,45163251780
2011,대구,2717000,대구달서구,080,사회복지,086,노동,2838112760
2011,대구,2717000,대구달서구,080,사회복지,087,보훈,306539500
2011,대구,2717000,대구달서구,090,보건,091,보건의료,10034166690
2011,대구,2717000,대구달서구,090,보건,093,식품의약안전,75517530
2011,대구,2717000,대구달서구,100,농림해양수산,101,농업ㆍ농촌,236407770
2011,대구,2717000,대구달서구,100,농림해양수산,102,임업ㆍ산촌,666822404
2011,대구,2717000,대구달서구,110,산업ㆍ중소기업,114,산업진흥ㆍ고도화,6567285350
2011,대구,2717000,대구달서구,120,수송및교통,121,도로,5452159336
2011,대구,2717000,대구달서구,120,수송및교통,126,대중교통ㆍ물류등기타,5028401660
2011,대구,2717000,대구달서구,140,국토및지역개발,142,지역및도시,10769537459
2011,대구,2717000,대구달서구,160,예비비,161,예비비,0
2011,대구,2717000,대구달서구,900,기타,901,기타,63973552040
2011,대구,2771000,대구달성군,010,일반공공행정,011,입법및선거관리,491076886
2011,대구,2771000,대구달성군,010,일반공공행정,013,지방행정ㆍ재정지원,2564616900
2011,대구,2771000,대구달성군,010,일반공공행정,016,일반행정,9830859169
2011,대구,2771000,대구달성군,020,공공질서및안전,025,재난방재ㆍ민방위,14523810300
2011,대구,2771000,대구달성군,050,교육,051,유아및초중등교육,3803091700
2011,대구,2771000,대구달성군,050,교육,053,평생ㆍ직업교육,321354650
2011,대구,2771000,대구달성군,060,문화및관광,061,문화예술,5847102500
2011,대구,2771000,대구달성군,060,문화및관광,062,관광,5186054050
2011,대구,2771000,대구달성군,060,문화및관광,063,체육,6358253848
2011,대구,2771000,대구달성군,060,문화및관광,064,문화재,2002270390
2011,대구,2771000,대구달성군,070,환경보호,071,상하수도ㆍ수질,960294720
2011,대구,2771000,대구달성군,070,환경보호,072,폐기물,3996723930
2011,대구,2771000,대구달성군,070,환경보호,073,대기,97265540
2011,대구,2771000,대구달성군,070,환경보호,074,자연,1228066472
2011,대구,2771000,대구달성군,080,사회복지,081,기초생활보장,19957163360
2011,대구,2771000,대구달성군,080,사회복지,082,취약계층지원,12625745640
2011,대구,2771000,대구달성군,080,사회복지,084,보육ㆍ가족및여성,29550487725
2011,대구,2771000,대구달성군,080,사회복지,085,노인ㆍ청소년,23907512690
2011,대구,2771000,대구달성군,080,사회복지,086,노동,3411528320
2011,대구,2771000,대구달성군,080,사회복지,087,보훈,302744810
2011,대구,2771000,대구달성군,090,보건,091,보건의료,6813334730
2011,대구,2771000,대구달성군,090,보건,093,식품의약안전,237448930
2011,대구,2771000,대구달성군,100,농림해양수산,101,농업ㆍ농촌,26756213793
2011,대구,2771000,대구달성군,100,농림해양수산,102,임업ㆍ산촌,5829913069
2011,대구,2771000,대구달성군,100,농림해양수산,103,해양수산ㆍ어촌,0
2011,대구,2771000,대구달성군,110,산업ㆍ중소기업,113,무역및투자유치,1750000
2011,대구,2771000,대구달성군,110,산업ㆍ중소기업,114,산업진흥ㆍ고도화,24374100
2011,대구,2771000,대구달성군,110,산업ㆍ중소기업,115,에너지및자원개발,8824000
2011,대구,2771000,대구달성군,110,산업ㆍ중소기업,116,산업ㆍ중소기업일반,222968630
2011,대구,2771000,대구달성군,120,수송및교통,121,도로,29764848718
2011,대구,2771000,대구달성군,120,수송및교통,126,대중교통ㆍ물류등기타,10831823290
2011,대구,2771000,대구달성군,140,국토및지역개발,141,수자원,14644688366
2011,대구,2771000,대구달성군,140,국토및지역개발,142,지역및도시,22371563740
2011,대구,2771000,대구달성군,140,국토및지역개발,143,산업단지,354296160
2011,대구,2771000,대구달성군,160,예비비,161,예비비,0
2011,대구,2771000,대구달성군,900,기타,901,기타,50313108655
2010,대구,2700000,대구본청,010,일반공공행정,011,입법및선거관리,3872749210
2010,대구,2700000,대구본청,010,일반공공행정,016,일반행정,44356910060
2010,대구,2700000,대구본청,010,일반공공행정,014,재정ㆍ금융,283604254498
2010,대구,2700000,대구본청,010,일반공공행정,013,지방행정ㆍ재정지원,4299137190
2010,대구,2700000,대구본청,020,공공질서및안전,025,재난방재ㆍ민방위,27476318810
2010,대구,2700000,대구본청,050,교육,053,평생ㆍ직업교육,304698823600
2010,대구,2700000,대구본청,060,문화및관광,062,관광,8934815800
2010,대구,2700000,대구본청,060,문화및관광,061,문화예술,48541576210
2010,대구,2700000,대구본청,060,문화및관광,064,문화재,3550430030
2010,대구,2700000,대구본청,060,문화및관광,063,체육,64482000230
2010,대구,2700000,대구본청,070,환경보호,071,상하수도ㆍ수질,207929505149
2010,대구,2700000,대구본청,070,환경보호,076,환경보호일반,673459240
2010,대구,2700000,대구본청,070,환경보호,074,자연,2435333730
2010,대구,2700000,대구본청,070,환경보호,073,대기,18629651990
2010,대구,2700000,대구본청,070,환경보호,072,폐기물,59435507820
2010,대구,2700000,대구본청,080,사회복지,081,기초생활보장,275861851220
2010,대구,2700000,대구본청,080,사회복지,087,보훈,2414378240
2010,대구,2700000,대구본청,080,사회복지,086,노동,14947056130
2010,대구,2700000,대구본청,080,사회복지,085,노인ㆍ청소년,36491658370
2010,대구,2700000,대구본청,080,사회복지,084,보육ㆍ가족및여성,8389366890
2010,대구,2700000,대구본청,080,사회복지,082,취약계층지원,20486995830
2010,대구,2700000,대구본청,090,보건,091,보건의료,21289524270
2010,대구,2700000,대구본청,090,보건,093,식품의약안전,785300750
2010,대구,2700000,대구본청,100,농림해양수산,101,농업ㆍ농촌,8462054130
2010,대구,2700000,대구본청,100,농림해양수산,102,임업ㆍ산촌,1575908550
2010,대구,2700000,대구본청,110,산업ㆍ중소기업,111,산업금융지원,59987385710
2010,대구,2700000,대구본청,110,산업ㆍ중소기업,116,산업ㆍ중소기업일반,4856626280
2010,대구,2700000,대구본청,110,산업ㆍ중소기업,115,에너지및자원개발,299861630
2010,대구,2700000,대구본청,110,산업ㆍ중소기업,114,산업진흥ㆍ고도화,162201568450
2010,대구,2700000,대구본청,110,산업ㆍ중소기업,113,무역및투자유치,48751975060
2010,대구,2700000,대구본청,120,수송및교통,121,도로,213096829450
2010,대구,2700000,대구본청,120,수송및교통,126,대중교통ㆍ물류등기타,189070483940
2010,대구,2700000,대구본청,120,수송및교통,125,항공ㆍ공항,665695330
2010,대구,2700000,대구본청,120,수송및교통,123,도시철도,512965549810
2010,대구,2700000,대구본청,140,국토및지역개발,141,수자원,2950657310
2010,대구,2700000,대구본청,140,국토및지역개발,143,산업단지,5099107030
2010,대구,2700000,대구본청,140,국토및지역개발,142,지역및도시,133574150500
2010,대구,2700000,대구본청,160,예비비,161,예비비,0
2010,대구,2700000,대구본청,900,기타,901,기타,390926443700
2010,대구,2711000,대구중구,010,일반공공행정,011,입법및선거관리,1084947800
2010,대구,2711000,대구중구,010,일반공공행정,016,일반행정,7160631980
2010,대구,2711000,대구중구,010,일반공공행정,014,재정ㆍ금융,1231653720
2010,대구,2711000,대구중구,010,일반공공행정,013,지방행정ㆍ재정지원,279056270
2010,대구,2711000,대구중구,020,공공질서및안전,025,재난방재ㆍ민방위,739269680
2010,대구,2711000,대구중구,050,교육,053,평생ㆍ직업교육,380291020
2010,대구,2711000,대구중구,060,문화및관광,061,문화예술,1536785560
2010,대구,2711000,대구중구,060,문화및관광,064,문화재,437373820
2010,대구,2711000,대구중구,060,문화및관광,063,체육,1125566220
2010,대구,2711000,대구중구,060,문화및관광,062,관광,26938750
2010,대구,2711000,대구중구,070,환경보호,071,상하수도ㆍ수질,26608620
2010,대구,2711000,대구중구,070,환경보호,073,대기,81615370
2010,대구,2711000,대구중구,070,환경보호,072,폐기물,2725620500
2010,대구,2711000,대구중구,080,사회복지,081,기초생활보장,14642795980
2010,대구,2711000,대구중구,080,사회복지,088,주택,11645000
2010,대구,2711000,대구중구,080,사회복지,087,보훈,16075000
2010,대구,2711000,대구중구,080,사회복지,086,노동,4273294750
2010,대구,2711000,대구중구,080,사회복지,085,노인ㆍ청소년,12803316530
2010,대구,2711000,대구중구,080,사회복지,084,보육ㆍ가족및여성,6351321150
2010,대구,2711000,대구중구,080,사회복지,082,취약계층지원,7395019810
2010,대구,2711000,대구중구,090,보건,091,보건의료,2488815760
2010,대구,2711000,대구중구,090,보건,093,식품의약안전,66812880
2010,대구,2711000,대구중구,100,농림해양수산,101,농업ㆍ농촌,42083820
2010,대구,2711000,대구중구,110,산업ㆍ중소기업,114,산업진흥ㆍ고도화,10562799070
2010,대구,2711000,대구중구,110,산업ㆍ중소기업,115,에너지및자원개발,6809300
2010,대구,2711000,대구중구,120,수송및교통,121,도로,3541722500
2010,대구,2711000,대구중구,120,수송및교통,126,대중교통ㆍ물류등기타,2439788510
2010,대구,2711000,대구중구,140,국토및지역개발,142,지역및도시,5787110480
2010,대구,2711000,대구중구,160,예비비,161,예비비,0
2010,대구,2711000,대구중구,900,기타,901,기타,39514603350
2010,대구,2712000,대구동구,010,일반공공행정,011,입법및선거관리,868616306
2010,대구,2712000,대구동구,010,일반공공행정,016,일반행정,12686714040
2010,대구,2712000,대구동구,010,일반공공행정,013,지방행정ㆍ재정지원,603496800
2010,대구,2712000,대구동구,020,공공질서및안전,025,재난방재ㆍ민방위,674863620
2010,대구,2712000,대구동구,050,교육,053,평생ㆍ직업교육,4607834640
2010,대구,2712000,대구동구,060,문화및관광,061,문화예술,3309062000
2010,대구,2712000,대구동구,060,문화및관광,064,문화재,5341542320
2010,대구,2712000,대구동구,060,문화및관광,063,체육,1360144310
2010,대구,2712000,대구동구,060,문화및관광,062,관광,5142222630
2010,대구,2712000,대구동구,070,환경보호,071,상하수도ㆍ수질,563976890
2010,대구,2712000,대구동구,070,환경보호,076,환경보호일반,3022840
2010,대구,2712000,대구동구,070,환경보호,073,대기,330260180
2010,대구,2712000,대구동구,070,환경보호,072,폐기물,6242573940
2010,대구,2712000,대구동구,080,사회복지,089,사회복지일반,6946903560
2010,대구,2712000,대구동구,080,사회복지,085,노인ㆍ청소년,44591599472
2010,대구,2712000,대구동구,080,사회복지,084,보육ㆍ가족및여성,31822919830
2010,대구,2712000,대구동구,080,사회복지,082,취약계층지원,26647109240
2010,대구,2712000,대구동구,080,사회복지,081,기초생활보장,52911841305
2010,대구,2712000,대구동구,090,보건,091,보건의료,6334387270
2010,대구,2712000,대구동구,090,보건,093,식품의약안전,35852840
2010,대구,2712000,대구동구,100,농림해양수산,101,농업ㆍ농촌,2485929360
2010,대구,2712000,대구동구,100,농림해양수산,102,임업ㆍ산촌,4010748320
2010,대구,2712000,대구동구,110,산업ㆍ중소기업,114,산업진흥ㆍ고도화,4744294000
2010,대구,2712000,대구동구,120,수송및교통,121,도로,11520925370
2010,대구,2712000,대구동구,120,수송및교통,126,대중교통ㆍ물류등기타,2101544240
2010,대구,2712000,대구동구,140,국토및지역개발,141,수자원,14177480350
2010,대구,2712000,대구동구,140,국토및지역개발,142,지역및도시,3871366370
2010,대구,2712000,대구동구,160,예비비,161,예비비,0
2010,대구,2712000,대구동구,900,기타,901,기타,54469296789
2010,대구,2713000,대구서구,010,일반공공행정,011,입법및선거관리,1563783070
2010,대구,2713000,대구서구,010,일반공공행정,016,일반행정,6815913870
2010,대구,2713000,대구서구,010,일반공공행정,014,재정ㆍ금융,2803116610
2010,대구,2713000,대구서구,010,일반공공행정,013,지방행정ㆍ재정지원,216468160
2010,대구,2713000,대구서구,020,공공질서및안전,025,재난방재ㆍ민방위,312176330
2010,대구,2713000,대구서구,050,교육,053,평생ㆍ직업교육,231262230
2010,대구,2713000,대구서구,060,문화및관광,061,문화예술,580242810
2010,대구,2713000,대구서구,060,문화및관광,063,체육,1128779670
2010,대구,2713000,대구서구,070,환경보호,071,상하수도ㆍ수질,61532210
2010,대구,2713000,대구서구,070,환경보호,076,환경보호일반,62883460
2010,대구,2713000,대구서구,070,환경보호,073,대기,232793730
2010,대구,2713000,대구서구,070,환경보호,072,폐기물,4380400590
2010,대구,2713000,대구서구,080,사회복지,081,기초생활보장,26649944450
2010,대구,2713000,대구서구,080,사회복지,089,사회복지일반,2622818620
2010,대구,2713000,대구서구,080,사회복지,086,노동,7181640630
2010,대구,2713000,대구서구,080,사회복지,085,노인ㆍ청소년,30227361500
2010,대구,2713000,대구서구,080,사회복지,084,보육ㆍ가족및여성,23390721450
2010,대구,2713000,대구서구,080,사회복지,082,취약계층지원,4783020830
2010,대구,2713000,대구서구,090,보건,091,보건의료,3778699290
2010,대구,2713000,대구서구,090,보건,093,식품의약안전,28964170
2010,대구,2713000,대구서구,100,농림해양수산,101,농업ㆍ농촌,61286000
2010,대구,2713000,대구서구,100,농림해양수산,102,임업ㆍ산촌,240618830
2010,대구,2713000,대구서구,110,산업ㆍ중소기업,114,산업진흥ㆍ고도화,669961010
2010,대구,2713000,대구서구,110,산업ㆍ중소기업,115,에너지및자원개발,629400
2010,대구,2713000,대구서구,120,수송및교통,121,도로,2490040230
2010,대구,2713000,대구서구,120,수송및교통,126,대중교통ㆍ물류등기타,1968966420
2010,대구,2713000,대구서구,140,국토및지역개발,142,지역및도시,3222039740
2010,대구,2713000,대구서구,160,예비비,161,예비비,0
2010,대구,2713000,대구서구,900,기타,901,기타,45109024830
2010,대구,2714000,대구남구,010,일반공공행정,011,입법및선거관리,1228720390
2010,대구,2714000,대구남구,010,일반공공행정,016,일반행정,7840736740
2010,대구,2714000,대구남구,010,일반공공행정,013,지방행정ㆍ재정지원,323338290
2010,대구,2714000,대구남구,020,공공질서및안전,025,재난방재ㆍ민방위,277795890
2010,대구,2714000,대구남구,050,교육,051,유아및초중등교육,128290000
2010,대구,2714000,대구남구,050,교육,053,평생ㆍ직업교육,116653870
2010,대구,2714000,대구남구,060,문화및관광,061,문화예술,857106050
2010,대구,2714000,대구남구,060,문화및관광,064,문화재,336010440
2010,대구,2714000,대구남구,060,문화및관광,063,체육,1236821530
2010,대구,2714000,대구남구,070,환경보호,071,상하수도ㆍ수질,794299870
2010,대구,2714000,대구남구,070,환경보호,076,환경보호일반,35275560
2010,대구,2714000,대구남구,070,환경보호,073,대기,237227020
2010,대구,2714000,대구남구,070,환경보호,072,폐기물,3824903010
2010,대구,2714000,대구남구,080,사회복지,081,기초생활보장,27132781332
2010,대구,2714000,대구남구,080,사회복지,087,보훈,26475620
2010,대구,2714000,대구남구,080,사회복지,086,노동,1274043320
2010,대구,2714000,대구남구,080,사회복지,085,노인ㆍ청소년,20943967380
2010,대구,2714000,대구남구,080,사회복지,084,보육ㆍ가족및여성,17227369000
2010,대구,2714000,대구남구,080,사회복지,082,취약계층지원,18977621240
2010,대구,2714000,대구남구,090,보건,091,보건의료,8600676185
2010,대구,2714000,대구남구,090,보건,093,식품의약안전,301539100
2010,대구,2714000,대구남구,100,농림해양수산,101,농업ㆍ농촌,71975280
2010,대구,2714000,대구남구,100,농림해양수산,102,임업ㆍ산촌,215868640
2010,대구,2714000,대구남구,110,산업ㆍ중소기업,114,산업진흥ㆍ고도화,1951084470
2010,대구,2714000,대구남구,110,산업ㆍ중소기업,115,에너지및자원개발,6217930
2010,대구,2714000,대구남구,120,수송및교통,121,도로,5443315760
2010,대구,2714000,대구남구,120,수송및교통,126,대중교통ㆍ물류등기타,3240447100
2010,대구,2714000,대구남구,140,국토및지역개발,142,지역및도시,2361924010
2010,대구,2714000,대구남구,160,예비비,161,예비비,0
2010,대구,2714000,대구남구,900,기타,901,기타,39826161720
2010,대구,2715000,대구북구,010,일반공공행정,011,입법및선거관리,2583008080
2010,대구,2715000,대구북구,010,일반공공행정,016,일반행정,14138771650
2010,대구,2715000,대구북구,010,일반공공행정,013,지방행정ㆍ재정지원,488381390
2010,대구,2715000,대구북구,020,공공질서및안전,025,재난방재ㆍ민방위,6626668520
2010,대구,2715000,대구북구,060,문화및관광,061,문화예술,2231853490
2010,대구,2715000,대구북구,060,문화및관광,064,문화재,100849280
2010,대구,2715000,대구북구,060,문화및관광,063,체육,3496233390
2010,대구,2715000,대구북구,070,환경보호,071,상하수도ㆍ수질,41756510
2010,대구,2715000,대구북구,070,환경보호,076,환경보호일반,103779200
2010,대구,2715000,대구북구,070,환경보호,073,대기,34593390
2010,대구,2715000,대구북구,070,환경보호,072,폐기물,8806641960
2010,대구,2715000,대구북구,080,사회복지,081,기초생활보장,46065903550
2010,대구,2715000,대구북구,080,사회복지,086,노동,10918231620
2010,대구,2715000,대구북구,080,사회복지,085,노인ㆍ청소년,41127279130
2010,대구,2715000,대구북구,080,사회복지,084,보육ㆍ가족및여성,57016938420
2010,대구,2715000,대구북구,080,사회복지,082,취약계층지원,20230873890
2010,대구,2715000,대구북구,090,보건,091,보건의료,7023437530
2010,대구,2715000,대구북구,090,보건,093,식품의약안전,41464400
2010,대구,2715000,대구북구,100,농림해양수산,101,농업ㆍ농촌,1334973630
2010,대구,2715000,대구북구,100,농림해양수산,102,임업ㆍ산촌,1458708140
2010,대구,2715000,대구북구,110,산업ㆍ중소기업,116,산업ㆍ중소기업일반,3271006410
2010,대구,2715000,대구북구,120,수송및교통,121,도로,6387370620
2010,대구,2715000,대구북구,120,수송및교통,126,대중교통ㆍ물류등기타,4175999980
2010,대구,2715000,대구북구,140,국토및지역개발,141,수자원,3943641610
2010,대구,2715000,대구북구,140,국토및지역개발,142,지역및도시,4744772590
2010,대구,2715000,대구북구,160,예비비,161,예비비,0
2010,대구,2715000,대구북구,900,기타,901,기타,55049130010
2010,대구,2716000,대구수성구,010,일반공공행정,011,입법및선거관리,2675150200
2010,대구,2716000,대구수성구,010,일반공공행정,016,일반행정,12647573010
2010,대구,2716000,대구수성구,010,일반공공행정,014,재정ㆍ금융,3663901970
2010,대구,2716000,대구수성구,010,일반공공행정,013,지방행정ㆍ재정지원,1469887490
2010,대구,2716000,대구수성구,020,공공질서및안전,025,재난방재ㆍ민방위,790167730
2010,대구,2716000,대구수성구,050,교육,051,유아및초중등교육,1811442210
2010,대구,2716000,대구수성구,050,교육,053,평생ㆍ직업교육,128463760
2010,대구,2716000,대구수성구,060,문화및관광,061,문화예술,9681724090
2010,대구,2716000,대구수성구,060,문화및관광,064,문화재,372776020
2010,대구,2716000,대구수성구,060,문화및관광,063,체육,1362274310
2010,대구,2716000,대구수성구,070,환경보호,071,상하수도ㆍ수질,88096350
2010,대구,2716000,대구수성구,070,환경보호,076,환경보호일반,153921480
2010,대구,2716000,대구수성구,070,환경보호,073,대기,1197000
2010,대구,2716000,대구수성구,070,환경보호,072,폐기물,8018753020
2010,대구,2716000,대구수성구,080,사회복지,081,기초생활보장,4512035590
2010,대구,2716000,대구수성구,080,사회복지,087,보훈,66721170
2010,대구,2716000,대구수성구,080,사회복지,086,노동,10606332480
2010,대구,2716000,대구수성구,080,사회복지,085,노인ㆍ청소년,34608204250
2010,대구,2716000,대구수성구,080,사회복지,084,보육ㆍ가족및여성,40474590500
2010,대구,2716000,대구수성구,080,사회복지,082,취약계층지원,65582584470
2010,대구,2716000,대구수성구,090,보건,091,보건의료,6171395350
2010,대구,2716000,대구수성구,090,보건,093,식품의약안전,145782070
2010,대구,2716000,대구수성구,100,농림해양수산,101,농업ㆍ농촌,1539576130
2010,대구,2716000,대구수성구,100,농림해양수산,102,임업ㆍ산촌,4489192140
2010,대구,2716000,대구수성구,110,산업ㆍ중소기업,114,산업진흥ㆍ고도화,29238760
2010,대구,2716000,대구수성구,110,산업ㆍ중소기업,115,에너지및자원개발,4696630
2010,대구,2716000,대구수성구,120,수송및교통,121,도로,9205163290
2010,대구,2716000,대구수성구,120,수송및교통,126,대중교통ㆍ물류등기타,2295238630
2010,대구,2716000,대구수성구,140,국토및지역개발,141,수자원,3487669640
2010,대구,2716000,대구수성구,140,국토및지역개발,142,지역및도시,8613246170
2010,대구,2716000,대구수성구,160,예비비,161,예비비,0
2010,대구,2716000,대구수성구,900,기타,901,기타,57579366040
2010,대구,2717000,대구달서구,010,일반공공행정,011,입법및선거관리,3634796390
2010,대구,2717000,대구달서구,010,일반공공행정,016,일반행정,25755147865
2010,대구,2717000,대구달서구,010,일반공공행정,013,지방행정ㆍ재정지원,797882130
2010,대구,2717000,대구달서구,020,공공질서및안전,025,재난방재ㆍ민방위,758498350
2010,대구,2717000,대구달서구,050,교육,053,평생ㆍ직업교육,482605820
2010,대구,2717000,대구달서구,060,문화및관광,061,문화예술,8237829670
2010,대구,2717000,대구달서구,060,문화및관광,063,체육,1621772090
2010,대구,2717000,대구달서구,070,환경보호,071,상하수도ㆍ수질,3010321430
2010,대구,2717000,대구달서구,070,환경보호,076,환경보호일반,134328510
2010,대구,2717000,대구달서구,070,환경보호,073,대기,301573200
2010,대구,2717000,대구달서구,070,환경보호,072,폐기물,8819623360
2010,대구,2717000,대구달서구,080,사회복지,081,기초생활보장,66791665990
2010,대구,2717000,대구달서구,080,사회복지,087,보훈,132012550
2010,대구,2717000,대구달서구,080,사회복지,086,노동,2263129620
2010,대구,2717000,대구달서구,080,사회복지,085,노인ㆍ청소년,44296940510
2010,대구,2717000,대구달서구,080,사회복지,084,보육ㆍ가족및여성,60032395350
2010,대구,2717000,대구달서구,080,사회복지,082,취약계층지원,21742466060
2010,대구,2717000,대구달서구,090,보건,091,보건의료,8185386350
2010,대구,2717000,대구달서구,090,보건,093,식품의약안전,102164890
2010,대구,2717000,대구달서구,100,농림해양수산,101,농업ㆍ농촌,191658700
2010,대구,2717000,대구달서구,110,산업ㆍ중소기업,114,산업진흥ㆍ고도화,8398737490
2010,대구,2717000,대구달서구,120,수송및교통,121,도로,5911052880
2010,대구,2717000,대구달서구,120,수송및교통,126,대중교통ㆍ물류등기타,5646096750
2010,대구,2717000,대구달서구,140,국토및지역개발,142,지역및도시,7100601200
2010,대구,2717000,대구달서구,160,예비비,161,예비비,0
2010,대구,2717000,대구달서구,900,기타,901,기타,60617072690
2010,대구,2771000,대구달성군,010,일반공공행정,011,입법및선거관리,1249728390
2010,대구,2771000,대구달성군,010,일반공공행정,013,지방행정ㆍ재정지원,2289992233
2010,대구,2771000,대구달성군,010,일반공공행정,016,일반행정,10072359400
2010,대구,2771000,대구달성군,020,공공질서및안전,025,재난방재ㆍ민방위,15335409970
2010,대구,2771000,대구달성군,050,교육,051,유아및초중등교육,4603122060
2010,대구,2771000,대구달성군,050,교육,053,평생ㆍ직업교육,3357937280
2010,대구,2771000,대구달성군,060,문화및관광,061,문화예술,714574170
2010,대구,2771000,대구달성군,060,문화및관광,062,관광,4291229900
2010,대구,2771000,대구달성군,060,문화및관광,063,체육,13974112020
2010,대구,2771000,대구달성군,060,문화및관광,064,문화재,2543416960
2010,대구,2771000,대구달성군,070,환경보호,071,상하수도ㆍ수질,1098621230
2010,대구,2771000,대구달성군,070,환경보호,072,폐기물,3989348309
2010,대구,2771000,대구달성군,070,환경보호,073,대기,159748470
2010,대구,2771000,대구달성군,070,환경보호,074,자연,1638996840
2010,대구,2771000,대구달성군,080,사회복지,081,기초생활보장,17064487130
2010,대구,2771000,대구달성군,080,사회복지,082,취약계층지원,10947961140
2010,대구,2771000,대구달성군,080,사회복지,084,보육ㆍ가족및여성,24997045750
2010,대구,2771000,대구달성군,080,사회복지,085,노인ㆍ청소년,21915614890
2010,대구,2771000,대구달성군,080,사회복지,086,노동,6687171990
2010,대구,2771000,대구달성군,080,사회복지,087,보훈,285958410
2010,대구,2771000,대구달성군,080,사회복지,089,사회복지일반,120000000
2010,대구,2771000,대구달성군,090,보건,091,보건의료,5648141140
2010,대구,2771000,대구달성군,090,보건,093,식품의약안전,183140670
2010,대구,2771000,대구달성군,100,농림해양수산,101,농업ㆍ농촌,30849109088
2010,대구,2771000,대구달성군,100,농림해양수산,102,임업ㆍ산촌,10279621178
2010,대구,2771000,대구달성군,100,농림해양수산,103,해양수산ㆍ어촌,17848570
2010,대구,2771000,대구달성군,110,산업ㆍ중소기업,113,무역및투자유치,2520000
2010,대구,2771000,대구달성군,110,산업ㆍ중소기업,114,산업진흥ㆍ고도화,42545680
2010,대구,2771000,대구달성군,110,산업ㆍ중소기업,115,에너지및자원개발,4808890
2010,대구,2771000,대구달성군,110,산업ㆍ중소기업,116,산업ㆍ중소기업일반,3252622620
2010,대구,2771000,대구달성군,120,수송및교통,121,도로,35502446500
2010,대구,2771000,대구달성군,120,수송및교통,126,대중교통ㆍ물류등기타,11810739900
2010,대구,2771000,대구달성군,140,국토및지역개발,141,수자원,16385087900
2010,대구,2771000,대구달성군,140,국토및지역개발,142,지역및도시,29665236970
2010,대구,2771000,대구달성군,140,국토및지역개발,143,산업단지,41952820
2010,대구,2771000,대구달성군,160,예비비,161,예비비,0
2010,대구,2771000,대구달성군,900,기타,901,기타,46875518600
