fyr,waLafHgNm,lafCd,lafHgNm,acntDvNm,fldCd,fldNm,sectCd,sectNm,bizBdgTottAmt,finAcvTottAmt,padmOperExpsTottAmt,bizBdgPrsmAmt,finAcvPrsmAmt,padmOperPrsmExps
2026,대구,2700000,대구본청,일반회계,010,일반공공행정,011,입법및선거관리,6667775000,0,0,6667775000,0,0
2026,대구,2700000,대구본청,공기업특별회계,900,기타,901,기타,0,0,94610613000,636101000,0,94610613000
2026,대구,2700000,대구본청,공기업특별회계,160,예비비,161,예비비,0,1558386000,0,0,1558386000,0
2026,대구,2700000,대구본청,공기업특별회계,070,환경,071,상하수도ㆍ수질,550205266000,2610000000,0,542290047000,2610000000,0
2026,대구,2700000,대구본청,기타특별회계,900,기타,901,기타,0,0,324433502000,2676202000,0,324433502000
2026,대구,2700000,대구본청,기타특별회계,140,국토및지역개발,143,산업단지,569400000,0,0,569400000,0,0
2026,대구,2700000,대구본청,기타특별회계,120,교통및물류,126,대중교통ㆍ물류등기타,69647000000,0,0,68876000000,0,0
2026,대구,2700000,대구본청,기타특별회계,120,교통및물류,123,도시철도,320254243000,0,0,320254243000,0,0
2026,대구,2700000,대구본청,기타특별회계,120,교통및물류,121,도로,1101000000,0,0,1101000000,0,0
2026,대구,2700000,대구본청,기타특별회계,110,산업ㆍ중소기업및에너지,114,산업진흥ㆍ고도화,0,1000000000,0,0,1000000000,0
2026,대구,2700000,대구본청,기타특별회계,080,사회복지,081,기초생활보장,844122000000,0,0,835075750000,0,0
2026,대구,2700000,대구본청,기타특별회계,070,환경,071,상하수도ㆍ수질,1431315000,680000000,0,520508000,680000000,0
2026,대구,2700000,대구본청,기타특별회계,050,교육,052,고등교육,0,8240829000,0,0,8240829000,0
2026,대구,2700000,대구본청,기타특별회계,050,교육,051,유아및초중등교육,419171000,0,0,419171000,0,0
2026,대구,2700000,대구본청,기타특별회계,020,공공질서및안전,026,소방,69865278000,0,0,69865278000,0,0
2026,대구,2700000,대구본청,기타특별회계,010,일반공공행정,014,재정ㆍ금융,0,47589262000,0,0,47589262000,0
2026,대구,2700000,대구본청,기타특별회계,010,일반공공행정,013,지방행정ㆍ재정지원,8311000000,0,0,0,0,0
2026,대구,2700000,대구본청,일반회계,900,기타,901,기타,0,0,405295351000,7526751000,0,405295351000
2026,대구,2700000,대구본청,일반회계,160,예비비,161,예비비,22000000000,0,0,22000000000,0,0
2026,대구,2700000,대구본청,일반회계,150,과학기술,152,과학기술연구지원,11578530000,0,0,11578530000,0,0
2026,대구,2700000,대구본청,일반회계,140,국토및지역개발,143,산업단지,7651556000,0,0,7651556000,0,0
2026,대구,2700000,대구본청,일반회계,140,국토및지역개발,142,지역및도시,119896533000,2388403000,0,83562419000,2388403000,0
2026,대구,2700000,대구본청,일반회계,140,국토및지역개발,141,수자원,6071696000,0,0,6071696000,0,0
2026,대구,2700000,대구본청,일반회계,120,교통및물류,126,대중교통ㆍ물류등기타,370901664000,296017752000,0,369542578000,539269000,0
2026,대구,2700000,대구본청,일반회계,120,교통및물류,125,항공ㆍ공항,1437100000,0,0,1437100000,0,0
2026,대구,2700000,대구본청,일반회계,120,교통및물류,121,도로,190190599000,0,0,188352599000,0,0
2026,대구,2700000,대구본청,일반회계,110,산업ㆍ중소기업및에너지,116,산업ㆍ중소기업일반,0,1258464000,0,0,1258464000,0
2026,대구,2700000,대구본청,일반회계,110,산업ㆍ중소기업및에너지,115,에너지및자원개발,4482380000,570000000,0,3505780000,0,0
2026,대구,2700000,대구본청,일반회계,110,산업ㆍ중소기업및에너지,114,산업진흥ㆍ고도화,176938138000,2441621000,0,169295771000,2441621000,0
2026,대구,2700000,대구본청,일반회계,110,산업ㆍ중소기업및에너지,113,무역및투자유치,61530699000,2471336000,0,59880699000,2471336000,0
2026,대구,2700000,대구본청,일반회계,110,산업ㆍ중소기업및에너지,112,산업기술지원,16365603000,0,0,16365603000,0,0
2026,대구,2700000,대구본청,일반회계,110,산업ㆍ중소기업및에너지,111,산업금융지원,145525665000,0,0,145184265000,0,0
2026,대구,2700000,대구본청,일반회계,100,농림해양수산,102,임업ㆍ산촌,49374366000,0,0,9332878000,0,0
2026,대구,2700000,대구본청,일반회계,100,농림해양수산,101,농업ㆍ농촌,66518152000,1084000000,0,19651463000,1084000000,0
2026,대구,2700000,대구본청,일반회계,090,보건,093,식품의약안전,10886586000,0,0,4613370000,0,0
2026,대구,2700000,대구본청,일반회계,090,보건,091,보건의료,204703059000,156751466000,0,62771305000,0,0
2026,대구,2700000,대구본청,일반회계,080,사회복지,08D,청소년,21687524000,251800000,0,11396282000,251800000,0
2026,대구,2700000,대구본청,일반회계,080,사회복지,08C,노인,1853083585000,0,0,225522328000,0,0
2026,대구,2700000,대구본청,일반회계,080,사회복지,08B,가족·여성,75654505000,0,0,10237394000,0,0
2026,대구,2700000,대구본청,일반회계,080,사회복지,08A,보육,866856819000,0,0,17115666000,0,0
2026,대구,2700000,대구본청,일반회계,080,사회복지,089,사회복지일반,25392972000,0,0,7316972000,0,0
2026,대구,2700000,대구본청,일반회계,080,사회복지,087,보훈,19015652000,0,0,1761788000,0,0
2026,대구,2700000,대구본청,일반회계,080,사회복지,086,노동,27168426000,0,0,21024847000,0,0
2026,대구,2700000,대구본청,일반회계,080,사회복지,082,취약계층지원,673687733000,139700000,0,63020765000,139700000,0
2026,대구,2700000,대구본청,일반회계,080,사회복지,081,기초생활보장,969498257000,0,0,1545781000,0,0
2026,대구,2700000,대구본청,일반회계,070,환경,076,환경보호일반,13439267000,48591000,0,11327267000,36791000,0
2026,대구,2700000,대구본청,일반회계,070,환경,074,자연,4578162000,0,0,2101862000,0,0
2026,대구,2700000,대구본청,일반회계,070,환경,073,대기,18917524000,0,0,17042524000,0,0
2026,대구,2700000,대구본청,일반회계,070,환경,072,폐기물,84206259000,0,0,83621959000,0,0
2026,대구,2700000,대구본청,일반회계,070,환경,071,상하수도ㆍ수질,11383456000,1011303000,0,11312667000,172253000,0
2026,대구,2700000,대구본청,일반회계,060,문화및관광,064,국가유산,21255250000,360000000,0,9727828000,360000000,0
2026,대구,2700000,대구본청,일반회계,060,문화및관광,063,체육,113617431000,1131854000,0,100619362000,1131854000,0
2026,대구,2700000,대구본청,일반회계,060,문화및관광,062,관광,21247356000,0,0,7544356000,0,0
2026,대구,2700000,대구본청,일반회계,060,문화및관광,061,문화예술,161487982000,334959000,0,149287862000,334959000,0
2026,대구,2700000,대구본청,일반회계,050,교육,053,평생ㆍ직업교육,12848734000,0,0,11779984000,0,0
2026,대구,2700000,대구본청,일반회계,050,교육,052,고등교육,103014612000,106400000,0,103014612000,106400000,0
2026,대구,2700000,대구본청,일반회계,050,교육,051,유아및초중등교육,530135558000,0,0,525085920000,0,0
2026,대구,2700000,대구본청,일반회계,020,공공질서및안전,025,재난방재ㆍ민방위,41715741000,50592967000,0,27316492000,47142967000,0
2026,대구,2700000,대구본청,일반회계,020,공공질서및안전,023,경찰,6284372000,0,0,6284372000,0,0
2026,대구,2700000,대구본청,일반회계,010,일반공공행정,016,일반행정,91586410000,0,0,84189745000,0,0
2026,대구,2700000,대구본청,일반회계,010,일반공공행정,014,재정ㆍ금융,0,452112366000,0,0,64299122000,0
2026,대구,2700000,대구본청,일반회계,010,일반공공행정,013,지방행정ㆍ재정지원,746295979000,0,0,3095196000,0,0
2026,대구,2711000,대구중구,일반회계,010,일반공공행정,011,입법및선거관리,1727057000,0,0,1727057000,0,0
2026,대구,2711000,대구중구,기타특별회계,900,기타,901,기타,0,0,0,6459000,0,0
2026,대구,2711000,대구중구,기타특별회계,080,사회복지,081,기초생활보장,329900000,31100000,0,329900000,31100000,0
2026,대구,2711000,대구중구,기타특별회계,070,환경,071,상하수도ㆍ수질,31500000,0,0,31500000,0,0
2026,대구,2711000,대구중구,기타특별회계,010,일반공공행정,014,재정ㆍ금융,0,5500000,0,0,5500000,0
2026,대구,2711000,대구중구,일반회계,900,기타,901,기타,0,0,75464414000,12960256000,0,75464414000
2026,대구,2711000,대구중구,일반회계,160,예비비,161,예비비,5849327000,0,0,5849327000,0,0
2026,대구,2711000,대구중구,일반회계,140,국토및지역개발,142,지역및도시,6348897000,69000000,0,6348897000,69000000,0
2026,대구,2711000,대구중구,일반회계,120,교통및물류,126,대중교통ㆍ물류등기타,1595756000,0,0,1595756000,0,0
2026,대구,2711000,대구중구,일반회계,120,교통및물류,121,도로,5100382000,0,0,5100382000,0,0
2026,대구,2711000,대구중구,일반회계,110,산업ㆍ중소기업및에너지,115,에너지및자원개발,51503000,0,0,51503000,0,0
2026,대구,2711000,대구중구,일반회계,110,산업ㆍ중소기업및에너지,114,산업진흥ㆍ고도화,3373925000,0,0,3373925000,0,0
2026,대구,2711000,대구중구,일반회계,100,농림해양수산,101,농업ㆍ농촌,579074000,0,0,579074000,0,0
2026,대구,2711000,대구중구,일반회계,090,보건,093,식품의약안전,553390000,0,0,553390000,0,0
2026,대구,2711000,대구중구,일반회계,090,보건,091,보건의료,12575116000,0,0,12575116000,0,0
2026,대구,2711000,대구중구,일반회계,080,사회복지,08D,청소년,1138309000,0,0,1138309000,0,0
2026,대구,2711000,대구중구,일반회계,080,사회복지,08C,노인,94591854000,0,0,94591854000,0,0
2026,대구,2711000,대구중구,일반회계,080,사회복지,08B,가족·여성,7750679000,0,0,7750679000,0,0
2026,대구,2711000,대구중구,일반회계,080,사회복지,08A,보육,38074390000,0,0,38074390000,0,0
2026,대구,2711000,대구중구,일반회계,080,사회복지,089,사회복지일반,0,0,0,0,0,0
2026,대구,2711000,대구중구,일반회계,080,사회복지,088,주택,8163090000,0,0,8163090000,0,0
2026,대구,2711000,대구중구,일반회계,080,사회복지,087,보훈,1166600000,0,0,1166600000,0,0
2026,대구,2711000,대구중구,일반회계,080,사회복지,086,노동,1547409000,0,0,1547409000,0,0
2026,대구,2711000,대구중구,일반회계,080,사회복지,082,취약계층지원,45555433000,0,0,45555433000,0,0
2026,대구,2711000,대구중구,일반회계,080,사회복지,081,기초생활보장,24196425000,0,0,24196425000,0,0
2026,대구,2711000,대구중구,일반회계,070,환경,073,대기,236775000,0,0,236775000,0,0
2026,대구,2711000,대구중구,일반회계,070,환경,072,폐기물,11465221000,0,0,11465221000,0,0
2026,대구,2711000,대구중구,일반회계,070,환경,071,상하수도ㆍ수질,49390000,0,0,49390000,0,0
2026,대구,2711000,대구중구,일반회계,060,문화및관광,064,국가유산,1001736000,0,0,969236000,0,0
2026,대구,2711000,대구중구,일반회계,060,문화및관광,063,체육,1604694000,0,0,1604694000,0,0
2026,대구,2711000,대구중구,일반회계,060,문화및관광,062,관광,3167789000,0,0,3147789000,0,0
2026,대구,2711000,대구중구,일반회계,060,문화및관광,061,문화예술,4785056000,0,0,4785056000,0,0
2026,대구,2711000,대구중구,일반회계,050,교육,053,평생ㆍ직업교육,92828000,0,0,92828000,0,0
2026,대구,2711000,대구중구,일반회계,050,교육,051,유아및초중등교육,1641817000,0,0,1641817000,0,0
2026,대구,2711000,대구중구,일반회계,020,공공질서및안전,025,재난방재ㆍ민방위,1879828000,628443000,0,1879828000,628443000,0
2026,대구,2711000,대구중구,일반회계,010,일반공공행정,016,일반행정,33514955000,0,0,33514955000,0,0
2026,대구,2711000,대구중구,일반회계,010,일반공공행정,014,재정ㆍ금융,0,1020188000,0,0,515188000,0
2026,대구,2711000,대구중구,일반회계,010,일반공공행정,013,지방행정ㆍ재정지원,639250000,0,0,639250000,0,0
2026,대구,2712000,대구동구,일반회계,010,일반공공행정,011,입법및선거관리,1556659000,0,0,1556659000,0,0
2026,대구,2712000,대구동구,기타특별회계,900,기타,901,기타,0,0,1149327000,30244000,0,1149327000
2026,대구,2712000,대구동구,기타특별회계,120,교통및물류,126,대중교통ㆍ물류등기타,3909591000,0,0,3909591000,0,0
2026,대구,2712000,대구동구,기타특별회계,110,산업ㆍ중소기업및에너지,115,에너지및자원개발,118100000,0,0,118100000,0,0
2026,대구,2712000,대구동구,기타특별회계,080,사회복지,081,기초생활보장,1377460000,20586000,0,1377460000,20586000,0
2026,대구,2712000,대구동구,기타특별회계,070,환경,076,환경보호일반,79285000,0,0,79285000,0,0
2026,대구,2712000,대구동구,기타특별회계,070,환경,072,폐기물,0,3808000,0,0,3808000,0
2026,대구,2712000,대구동구,일반회계,900,기타,901,기타,0,0,126542948000,33370860000,0,126542948000
2026,대구,2712000,대구동구,일반회계,160,예비비,161,예비비,1050661000,0,0,1050661000,0,0
2026,대구,2712000,대구동구,일반회계,140,국토및지역개발,142,지역및도시,25850991000,918000,0,25850991000,918000,0
2026,대구,2712000,대구동구,일반회계,140,국토및지역개발,141,수자원,3083153000,0,0,3083153000,0,0
2026,대구,2712000,대구동구,일반회계,120,교통및물류,126,대중교통ㆍ물류등기타,780195000,0,0,780195000,0,0
2026,대구,2712000,대구동구,일반회계,120,교통및물류,121,도로,8900008000,0,0,8900008000,0,0
2026,대구,2712000,대구동구,일반회계,110,산업ㆍ중소기업및에너지,115,에너지및자원개발,884913000,0,0,884913000,0,0
2026,대구,2712000,대구동구,일반회계,110,산업ㆍ중소기업및에너지,114,산업진흥ㆍ고도화,1246997000,0,0,1246997000,0,0
2026,대구,2712000,대구동구,일반회계,100,농림해양수산,101,농업ㆍ농촌,5952522000,0,0,5952522000,0,0
2026,대구,2712000,대구동구,일반회계,090,보건,093,식품의약안전,1392535000,0,0,1392535000,0,0
2026,대구,2712000,대구동구,일반회계,090,보건,091,보건의료,27036249000,0,0,27036249000,0,0
2026,대구,2712000,대구동구,일반회계,080,사회복지,08D,청소년,41447741000,0,0,41447741000,0,0
2026,대구,2712000,대구동구,일반회계,080,사회복지,08C,노인,270696963000,0,0,270696963000,0,0
2026,대구,2712000,대구동구,일반회계,080,사회복지,08B,가족·여성,12910372000,0,0,12910372000,0,0
2026,대구,2712000,대구동구,일반회계,080,사회복지,08A,보육,99094053000,0,0,99094053000,0,0
2026,대구,2712000,대구동구,일반회계,080,사회복지,089,사회복지일반,19561478000,0,0,19561478000,0,0
2026,대구,2712000,대구동구,일반회계,080,사회복지,086,노동,3402449000,0,0,3402449000,0,0
2026,대구,2712000,대구동구,일반회계,080,사회복지,082,취약계층지원,96915565000,0,0,96915565000,0,0
2026,대구,2712000,대구동구,일반회계,080,사회복지,081,기초생활보장,155614098000,0,0,155614098000,0,0
2026,대구,2712000,대구동구,일반회계,070,환경,076,환경보호일반,2343438000,0,0,2343438000,0,0
2026,대구,2712000,대구동구,일반회계,070,환경,072,폐기물,18562903000,0,0,18562903000,0,0
2026,대구,2712000,대구동구,일반회계,060,문화및관광,065,문화및관광일반,0,0,0,0,0,0
2026,대구,2712000,대구동구,일반회계,060,문화및관광,064,국가유산,8051926000,0,0,8051926000,0,0
2026,대구,2712000,대구동구,일반회계,060,문화및관광,063,체육,4792732000,0,0,4792732000,0,0
2026,대구,2712000,대구동구,일반회계,060,문화및관광,061,문화예술,10882471000,0,0,10882471000,0,0
2026,대구,2712000,대구동구,일반회계,050,교육,053,평생ㆍ직업교육,6408989000,0,0,6408989000,0,0
2026,대구,2712000,대구동구,일반회계,020,공공질서및안전,025,재난방재ㆍ민방위,3103138000,1047000000,0,3103138000,1047000000,0
2026,대구,2712000,대구동구,일반회계,010,일반공공행정,016,일반행정,33574331000,0,0,33574331000,0,0
2026,대구,2712000,대구동구,일반회계,010,일반공공행정,013,지방행정ㆍ재정지원,1311604000,0,0,1311604000,0,0
2026,대구,2713000,대구서구,일반회계,010,일반공공행정,011,입법및선거관리,932358000,0,0,932358000,0,0
2026,대구,2713000,대구서구,기타특별회계,900,기타,901,기타,0,0,0,18991000,0,0
2026,대구,2713000,대구서구,기타특별회계,140,국토및지역개발,142,지역및도시,198000000,0,0,198000000,0,0
2026,대구,2713000,대구서구,기타특별회계,080,사회복지,082,취약계층지원,970000000,0,0,970000000,0,0
2026,대구,2713000,대구서구,기타특별회계,080,사회복지,081,기초생활보장,0,0,0,0,0,0
2026,대구,2713000,대구서구,기타특별회계,070,환경,071,상하수도ㆍ수질,56000000,0,0,56000000,0,0
2026,대구,2713000,대구서구,기타특별회계,010,일반공공행정,014,재정ㆍ금융,0,0,0,0,0,0
2026,대구,2713000,대구서구,일반회계,900,기타,901,기타,0,0,93225510000,22241994000,0,93225510000
2026,대구,2713000,대구서구,일반회계,160,예비비,161,예비비,1203819000,0,0,1203819000,0,0
2026,대구,2713000,대구서구,일반회계,140,국토및지역개발,142,지역및도시,12558903000,0,0,12558903000,0,0
2026,대구,2713000,대구서구,일반회계,120,교통및물류,126,대중교통ㆍ물류등기타,3584912000,0,0,3584912000,0,0
2026,대구,2713000,대구서구,일반회계,120,교통및물류,121,도로,3872760000,0,0,3872760000,0,0
2026,대구,2713000,대구서구,일반회계,110,산업ㆍ중소기업및에너지,115,에너지및자원개발,296507000,0,0,296507000,0,0
2026,대구,2713000,대구서구,일반회계,110,산업ㆍ중소기업및에너지,114,산업진흥ㆍ고도화,895250000,0,0,895250000,0,0
2026,대구,2713000,대구서구,일반회계,100,농림해양수산,102,임업ㆍ산촌,446660000,0,0,446660000,0,0
2026,대구,2713000,대구서구,일반회계,100,농림해양수산,101,농업ㆍ농촌,1542542000,0,0,1542542000,0,0
2026,대구,2713000,대구서구,일반회계,090,보건,093,식품의약안전,924042000,0,0,924042000,0,0
2026,대구,2713000,대구서구,일반회계,090,보건,091,보건의료,15163518000,0,0,15163518000,0,0
2026,대구,2713000,대구서구,일반회계,080,사회복지,08D,청소년,4127750000,0,0,4127750000,0,0
2026,대구,2713000,대구서구,일반회계,080,사회복지,08C,노인,198381992000,0,0,198381992000,0,0
2026,대구,2713000,대구서구,일반회계,080,사회복지,08B,가족·여성,6617021000,0,0,6617021000,0,0
2026,대구,2713000,대구서구,일반회계,080,사회복지,08A,보육,14043963000,0,0,14043963000,0,0
2026,대구,2713000,대구서구,일반회계,080,사회복지,087,보훈,2444559000,0,0,2444559000,0,0
2026,대구,2713000,대구서구,일반회계,080,사회복지,086,노동,1926017000,0,0,1926017000,0,0
2026,대구,2713000,대구서구,일반회계,080,사회복지,082,취약계층지원,93905976000,0,0,93905976000,0,0
2026,대구,2713000,대구서구,일반회계,080,사회복지,081,기초생활보장,118270702000,0,0,118270702000,0,0
2026,대구,2713000,대구서구,일반회계,070,환경,076,환경보호일반,141719000,0,0,141719000,0,0
2026,대구,2713000,대구서구,일반회계,070,환경,073,대기,699757000,0,0,699757000,0,0
2026,대구,2713000,대구서구,일반회계,070,환경,072,폐기물,11125898000,0,0,11125898000,0,0
2026,대구,2713000,대구서구,일반회계,070,환경,071,상하수도ㆍ수질,2450620000,0,0,2450620000,0,0
2026,대구,2713000,대구서구,일반회계,060,문화및관광,063,체육,5203313000,0,0,5203313000,0,0
2026,대구,2713000,대구서구,일반회계,060,문화및관광,061,문화예술,7589425000,0,0,7589425000,0,0
2026,대구,2713000,대구서구,일반회계,050,교육,053,평생ㆍ직업교육,419230000,0,0,419230000,0,0
2026,대구,2713000,대구서구,일반회계,050,교육,051,유아및초중등교육,4042114000,0,0,4042114000,0,0
2026,대구,2713000,대구서구,일반회계,020,공공질서및안전,025,재난방재ㆍ민방위,3920649000,538568000,0,3920649000,538568000,0
2026,대구,2713000,대구서구,일반회계,010,일반공공행정,016,일반행정,17069400000,0,0,17069400000,0,0
2026,대구,2713000,대구서구,일반회계,010,일반공공행정,014,재정ㆍ금융,0,6014159000,0,0,3776159000,0
2026,대구,2713000,대구서구,일반회계,010,일반공공행정,013,지방행정ㆍ재정지원,420387000,0,0,420387000,0,0
2026,대구,2714000,대구남구,일반회계,010,일반공공행정,011,입법및선거관리,2289748000,0,0,2289748000,0,0
2026,대구,2714000,대구남구,기타특별회계,900,기타,901,기타,0,0,0,97738000,0,0
2026,대구,2714000,대구남구,기타특별회계,120,교통및물류,126,대중교통ㆍ물류등기타,1127030000,1884984000,0,1127030000,1884984000,0
2026,대구,2714000,대구남구,기타특별회계,080,사회복지,081,기초생활보장,943460000,0,0,943460000,0,0
2026,대구,2714000,대구남구,기타특별회계,070,환경,071,상하수도ㆍ수질,34560000,0,0,34560000,0,0
2026,대구,2714000,대구남구,일반회계,900,기타,901,기타,0,0,84993611000,22815098000,0,84993611000
2026,대구,2714000,대구남구,일반회계,160,예비비,161,예비비,10443565000,0,0,10443565000,0,0
2026,대구,2714000,대구남구,일반회계,140,국토및지역개발,142,지역및도시,8940300000,0,0,8940300000,0,0
2026,대구,2714000,대구남구,일반회계,120,교통및물류,126,대중교통ㆍ물류등기타,675183000,0,0,675183000,0,0
2026,대구,2714000,대구남구,일반회계,120,교통및물류,121,도로,1998844000,0,0,1998844000,0,0
2026,대구,2714000,대구남구,일반회계,110,산업ㆍ중소기업및에너지,115,에너지및자원개발,46266000,0,0,46266000,0,0
2026,대구,2714000,대구남구,일반회계,110,산업ㆍ중소기업및에너지,114,산업진흥ㆍ고도화,704615000,0,0,704615000,0,0
2026,대구,2714000,대구남구,일반회계,100,농림해양수산,101,농업ㆍ농촌,1443468000,0,0,1443468000,0,0
2026,대구,2714000,대구남구,일반회계,090,보건,093,식품의약안전,661736000,0,0,661736000,0,0
2026,대구,2714000,대구남구,일반회계,090,보건,091,보건의료,12442101000,0,0,12442101000,0,0
2026,대구,2714000,대구남구,일반회계,080,사회복지,08D,청소년,1286225000,0,0,1286225000,0,0
2026,대구,2714000,대구남구,일반회계,080,사회복지,08C,노인,150416722000,0,0,150416722000,0,0
2026,대구,2714000,대구남구,일반회계,080,사회복지,08B,가족·여성,11290664000,0,0,11290664000,0,0
2026,대구,2714000,대구남구,일반회계,080,사회복지,08A,보육,31445233000,0,0,31445233000,0,0
2026,대구,2714000,대구남구,일반회계,080,사회복지,088,주택,8700000,0,0,8700000,0,0
2026,대구,2714000,대구남구,일반회계,080,사회복지,087,보훈,2256115000,0,0,2256115000,0,0
2026,대구,2714000,대구남구,일반회계,080,사회복지,086,노동,4056782000,0,0,4056782000,0,0
2026,대구,2714000,대구남구,일반회계,080,사회복지,082,취약계층지원,65957751000,0,0,65957751000,0,0
2026,대구,2714000,대구남구,일반회계,080,사회복지,081,기초생활보장,107829543000,0,0,107829543000,0,0
2026,대구,2714000,대구남구,일반회계,070,환경,076,환경보호일반,35018000,0,0,35018000,0,0
2026,대구,2714000,대구남구,일반회계,070,환경,073,대기,269485000,0,0,269485000,0,0
2026,대구,2714000,대구남구,일반회계,070,환경,072,폐기물,14279477000,0,0,14279477000,0,0
2026,대구,2714000,대구남구,일반회계,070,환경,071,상하수도ㆍ수질,403079000,0,0,403079000,0,0
2026,대구,2714000,대구남구,일반회계,060,문화및관광,064,국가유산,163000000,0,0,163000000,0,0
2026,대구,2714000,대구남구,일반회계,060,문화및관광,063,체육,3003699000,0,0,3003699000,0,0
2026,대구,2714000,대구남구,일반회계,060,문화및관광,062,관광,734410000,0,0,734410000,0,0
2026,대구,2714000,대구남구,일반회계,060,문화및관광,061,문화예술,2987750000,0,0,2987750000,0,0
2026,대구,2714000,대구남구,일반회계,050,교육,053,평생ㆍ직업교육,484527000,0,0,484527000,0,0
2026,대구,2714000,대구남구,일반회계,050,교육,052,고등교육,505336000,0,0,505336000,0,0
2026,대구,2714000,대구남구,일반회계,050,교육,051,유아및초중등교육,2843268000,0,0,2825268000,0,0
2026,대구,2714000,대구남구,일반회계,020,공공질서및안전,025,재난방재ㆍ민방위,1321969000,399884000,0,1321969000,399884000,0
2026,대구,2714000,대구남구,일반회계,010,일반공공행정,016,일반행정,14344868000,4040000000,0,14344868000,2020000000,0
2026,대구,2714000,대구남구,일반회계,010,일반공공행정,014,재정ㆍ금융,0,0,0,0,0,0
2026,대구,2714000,대구남구,일반회계,010,일반공공행정,013,지방행정ㆍ재정지원,997058000,0,0,997058000,0,0
2026,대구,2715000,대구북구,일반회계,010,일반공공행정,011,입법및선거관리,4506123000,0,0,4506123000,0,0
2026,대구,2715000,대구북구,기타특별회계,900,기타,901,기타,0,0,743278000,25714000,0,743278000
2026,대구,2715000,대구북구,기타특별회계,140,국토및지역개발,142,지역및도시,0,177000000,0,0,177000000,0
2026,대구,2715000,대구북구,기타특별회계,120,교통및물류,126,대중교통ㆍ물류등기타,8475630000,10000000,0,8475630000,10000000,0
2026,대구,2715000,대구북구,기타특별회계,080,사회복지,081,기초생활보장,1251810000,308190000,0,1251810000,276212000,0
2026,대구,2715000,대구북구,기타특별회계,070,환경,072,폐기물,6000000,0,0,6000000,0,0
2026,대구,2715000,대구북구,기타특별회계,070,환경,071,상하수도ㆍ수질,51371000,103629000,0,51371000,103629000,0
2026,대구,2715000,대구북구,기타특별회계,010,일반공공행정,013,지방행정ㆍ재정지원,61092000,0,0,61092000,0,0
2026,대구,2715000,대구북구,일반회계,900,기타,901,기타,0,0,134065427000,33721241000,0,134065427000
2026,대구,2715000,대구북구,일반회계,160,예비비,161,예비비,1187229000,0,0,1187229000,0,0
2026,대구,2715000,대구북구,일반회계,140,국토및지역개발,142,지역및도시,27027303000,5250000,0,27027303000,5250000,0
2026,대구,2715000,대구북구,일반회계,140,국토및지역개발,141,수자원,3222699000,0,0,3222699000,0,0
2026,대구,2715000,대구북구,일반회계,120,교통및물류,126,대중교통ㆍ물류등기타,1053177000,0,0,969677000,0,0
2026,대구,2715000,대구북구,일반회계,120,교통및물류,121,도로,6994051000,0,0,6994051000,0,0
2026,대구,2715000,대구북구,일반회계,110,산업ㆍ중소기업및에너지,116,산업ㆍ중소기업일반,2154000000,0,0,2154000000,0,0
2026,대구,2715000,대구북구,일반회계,100,농림해양수산,102,임업ㆍ산촌,7879815000,0,0,7879815000,0,0
2026,대구,2715000,대구북구,일반회계,100,농림해양수산,101,농업ㆍ농촌,4282520000,0,0,4282520000,0,0
2026,대구,2715000,대구북구,일반회계,090,보건,093,식품의약안전,1328885000,0,0,1328885000,0,0
2026,대구,2715000,대구북구,일반회계,090,보건,091,보건의료,26637935000,0,0,26637935000,0,0
2026,대구,2715000,대구북구,일반회계,080,사회복지,08D,청소년,3286142000,0,0,3286142000,0,0
2026,대구,2715000,대구북구,일반회계,080,사회복지,08C,노인,262784058000,0,0,262784058000,0,0
2026,대구,2715000,대구북구,일반회계,080,사회복지,08B,가족·여성,9660489000,0,0,9660489000,0,0
2026,대구,2715000,대구북구,일반회계,080,사회복지,08A,보육,151745670000,0,0,151745670000,0,0
2026,대구,2715000,대구북구,일반회계,080,사회복지,087,보훈,4260723000,0,0,4260723000,0,0
2026,대구,2715000,대구북구,일반회계,080,사회복지,086,노동,1707947000,0,0,1707947000,0,0
2026,대구,2715000,대구북구,일반회계,080,사회복지,082,취약계층지원,90598178000,0,0,90598178000,0,0
2026,대구,2715000,대구북구,일반회계,080,사회복지,081,기초생활보장,148298654000,0,0,148298654000,0,0
2026,대구,2715000,대구북구,일반회계,070,환경,076,환경보호일반,698220000,0,0,698220000,0,0
2026,대구,2715000,대구북구,일반회계,070,환경,073,대기,1140574000,0,0,1140574000,0,0
2026,대구,2715000,대구북구,일반회계,070,환경,072,폐기물,24769290000,3000000,0,24769290000,3000000,0
2026,대구,2715000,대구북구,일반회계,070,환경,071,상하수도ㆍ수질,48475000,0,0,48475000,0,0
2026,대구,2715000,대구북구,일반회계,060,문화및관광,065,문화및관광일반,0,0,0,0,0,0
2026,대구,2715000,대구북구,일반회계,060,문화및관광,064,국가유산,696027000,0,0,696027000,0,0
2026,대구,2715000,대구북구,일반회계,060,문화및관광,063,체육,5911613000,0,0,5911613000,0,0
2026,대구,2715000,대구북구,일반회계,060,문화및관광,062,관광,929548000,0,0,929548000,0,0
2026,대구,2715000,대구북구,일반회계,060,문화및관광,061,문화예술,12037836000,0,0,12037836000,0,0
2026,대구,2715000,대구북구,일반회계,050,교육,053,평생ㆍ직업교육,753830000,0,0,753830000,0,0
2026,대구,2715000,대구북구,일반회계,050,교육,051,유아및초중등교육,8178763000,0,0,8178763000,0,0
2026,대구,2715000,대구북구,일반회계,020,공공질서및안전,025,재난방재ㆍ민방위,1176416000,1096794000,0,1176416000,1096794000,0
2026,대구,2715000,대구북구,일반회계,010,일반공공행정,016,일반행정,28730419000,2000000000,0,28730419000,1000000000,0
2026,대구,2715000,대구북구,일반회계,010,일반공공행정,013,지방행정ㆍ재정지원,1342920000,0,0,1342920000,0,0
2026,대구,2716000,대구수성구,일반회계,010,일반공공행정,011,입법및선거관리,5675692000,0,0,5675692000,0,0
2026,대구,2716000,대구수성구,기타특별회계,900,기타,901,기타,0,0,887940000,32487000,0,887940000
2026,대구,2716000,대구수성구,기타특별회계,140,국토및지역개발,142,지역및도시,0,0,0,0,0,0
2026,대구,2716000,대구수성구,기타특별회계,140,국토및지역개발,141,수자원,84519000,51031000,0,84519000,51031000,0
2026,대구,2716000,대구수성구,기타특별회계,120,교통및물류,126,대중교통ㆍ물류등기타,3775870000,9010000000,0,3775870000,9010000000,0
2026,대구,2716000,대구수성구,기타특별회계,110,산업ㆍ중소기업및에너지,115,에너지및자원개발,104180000,0,0,104180000,0,0
2026,대구,2716000,대구수성구,기타특별회계,080,사회복지,082,취약계층지원,1279460000,0,0,1279460000,0,0
2026,대구,2716000,대구수성구,기타특별회계,070,환경,072,폐기물,0,0,0,0,0,0
2026,대구,2716000,대구수성구,일반회계,900,기타,901,기타,0,0,126998500000,26716299000,0,126998500000
2026,대구,2716000,대구수성구,일반회계,160,예비비,161,예비비,4360563000,0,0,4360563000,0,0
2026,대구,2716000,대구수성구,일반회계,140,국토및지역개발,142,지역및도시,19613399000,3000000,0,19613399000,3000000,0
2026,대구,2716000,대구수성구,일반회계,140,국토및지역개발,141,수자원,2245836000,0,0,2245836000,0,0
2026,대구,2716000,대구수성구,일반회계,120,교통및물류,126,대중교통ㆍ물류등기타,1107491000,0,0,1017491000,0,0
2026,대구,2716000,대구수성구,일반회계,120,교통및물류,121,도로,10998931000,0,0,10998931000,0,0
2026,대구,2716000,대구수성구,일반회계,110,산업ㆍ중소기업및에너지,115,에너지및자원개발,346330000,0,0,346330000,0,0
2026,대구,2716000,대구수성구,일반회계,110,산업ㆍ중소기업및에너지,114,산업진흥ㆍ고도화,507131000,0,0,507131000,0,0
2026,대구,2716000,대구수성구,일반회계,100,농림해양수산,102,임업ㆍ산촌,4882246000,0,0,4882246000,0,0
2026,대구,2716000,대구수성구,일반회계,100,농림해양수산,101,농업ㆍ농촌,3499195000,0,0,3499195000,0,0
2026,대구,2716000,대구수성구,일반회계,090,보건,093,식품의약안전,964950000,0,0,964950000,0,0
2026,대구,2716000,대구수성구,일반회계,090,보건,091,보건의료,24536923000,0,0,24536923000,0,0
2026,대구,2716000,대구수성구,일반회계,080,사회복지,08D,청소년,3262227000,0,0,3262227000,0,0
2026,대구,2716000,대구수성구,일반회계,080,사회복지,08C,노인,223229756000,0,0,223229756000,0,0
2026,대구,2716000,대구수성구,일반회계,080,사회복지,08B,가족·여성,12221990000,0,0,12221990000,0,0
2026,대구,2716000,대구수성구,일반회계,080,사회복지,08A,보육,151385574000,0,0,151385574000,0,0
2026,대구,2716000,대구수성구,일반회계,080,사회복지,087,보훈,5074890000,0,0,5074890000,0,0
2026,대구,2716000,대구수성구,일반회계,080,사회복지,086,노동,3784189000,0,0,3784189000,0,0
2026,대구,2716000,대구수성구,일반회계,080,사회복지,082,취약계층지원,91917167000,0,0,91917167000,0,0
2026,대구,2716000,대구수성구,일반회계,080,사회복지,081,기초생활보장,129778246000,0,0,129778246000,0,0
2026,대구,2716000,대구수성구,일반회계,070,환경,076,환경보호일반,2562524000,0,0,2562524000,0,0
2026,대구,2716000,대구수성구,일반회계,070,환경,073,대기,543401000,0,0,543401000,0,0
2026,대구,2716000,대구수성구,일반회계,070,환경,072,폐기물,31054808000,0,0,31054808000,0,0
2026,대구,2716000,대구수성구,일반회계,070,환경,071,상하수도ㆍ수질,37523000,0,0,37523000,0,0
2026,대구,2716000,대구수성구,일반회계,060,문화및관광,064,국가유산,3096530000,0,0,3096530000,0,0
2026,대구,2716000,대구수성구,일반회계,060,문화및관광,063,체육,7108122000,0,0,7108122000,0,0
2026,대구,2716000,대구수성구,일반회계,060,문화및관광,062,관광,8591580000,0,0,8591580000,0,0
2026,대구,2716000,대구수성구,일반회계,060,문화및관광,061,문화예술,22057270000,0,0,22057270000,0,0
2026,대구,2716000,대구수성구,일반회계,050,교육,053,평생ㆍ직업교육,3624355000,0,0,3624355000,0,0
2026,대구,2716000,대구수성구,일반회계,050,교육,051,유아및초중등교육,7141163000,0,0,7141163000,0,0
2026,대구,2716000,대구수성구,일반회계,020,공공질서및안전,025,재난방재ㆍ민방위,2225900000,1615730000,0,2225900000,1615730000,0
2026,대구,2716000,대구수성구,일반회계,010,일반공공행정,016,일반행정,20260974000,0,0,20260974000,0,0
2026,대구,2716000,대구수성구,일반회계,010,일반공공행정,014,재정ㆍ금융,0,182400000,0,0,182400000,0
2026,대구,2716000,대구수성구,일반회계,010,일반공공행정,013,지방행정ㆍ재정지원,1849494000,0,0,1849494000,0,0
2026,대구,2717000,대구달서구,일반회계,010,일반공공행정,011,입법및선거관리,5947941000,0,0,5947941000,0,0
2026,대구,2717000,대구달서구,기타특별회계,900,기타,901,기타,0,0,1565990000,43377000,0,1565990000
2026,대구,2717000,대구달서구,기타특별회계,120,교통및물류,126,대중교통ㆍ물류등기타,7762544000,0,0,7762544000,0,0
2026,대구,2717000,대구달서구,기타특별회계,110,산업ㆍ중소기업및에너지,115,에너지및자원개발,92500000,0,0,92500000,0,0
2026,대구,2717000,대구달서구,기타특별회계,080,사회복지,081,기초생활보장,2080360000,0,0,2080360000,0,0
2026,대구,2717000,대구달서구,기타특별회계,070,환경,071,상하수도ㆍ수질,71300000,0,0,71300000,0,0
2026,대구,2717000,대구달서구,기타특별회계,010,일반공공행정,016,일반행정,76118000,0,0,76118000,0,0
2026,대구,2717000,대구달서구,일반회계,900,기타,901,기타,0,0,140009117000,36436131000,0,140009117000
2026,대구,2717000,대구달서구,일반회계,160,예비비,161,예비비,5940555000,0,0,5940555000,0,0
2026,대구,2717000,대구달서구,일반회계,140,국토및지역개발,142,지역및도시,20230125000,1616000,0,20230125000,1616000,0
2026,대구,2717000,대구달서구,일반회계,120,교통및물류,126,대중교통ㆍ물류등기타,2102538000,0,0,2102538000,0,0
2026,대구,2717000,대구달서구,일반회계,120,교통및물류,121,도로,2810753000,0,0,2810753000,0,0
2026,대구,2717000,대구달서구,일반회계,110,산업ㆍ중소기업및에너지,115,에너지및자원개발,0,0,0,0,0,0
2026,대구,2717000,대구달서구,일반회계,110,산업ㆍ중소기업및에너지,114,산업진흥ㆍ고도화,4149407000,0,0,4149407000,0,0
2026,대구,2717000,대구달서구,일반회계,100,농림해양수산,102,임업ㆍ산촌,3264584000,0,0,3264584000,0,0
2026,대구,2717000,대구달서구,일반회계,100,농림해양수산,101,농업ㆍ농촌,3847908000,0,0,3847908000,0,0
2026,대구,2717000,대구달서구,일반회계,090,보건,093,식품의약안전,1405427000,0,0,1405427000,0,0
2026,대구,2717000,대구달서구,일반회계,090,보건,091,보건의료,24785544000,0,0,24785544000,0,0
2026,대구,2717000,대구달서구,일반회계,080,사회복지,08D,청소년,4340741000,0,0,4340741000,0,0
2026,대구,2717000,대구달서구,일반회계,080,사회복지,08C,노인,329179337000,0,0,329179337000,0,0
2026,대구,2717000,대구달서구,일반회계,080,사회복지,08B,가족·여성,24740185000,0,0,24740185000,0,0
2026,대구,2717000,대구달서구,일반회계,080,사회복지,08A,보육,119913544000,0,0,119913544000,0,0
2026,대구,2717000,대구달서구,일반회계,080,사회복지,089,사회복지일반,47271674000,0,0,47271674000,0,0
2026,대구,2717000,대구달서구,일반회계,080,사회복지,087,보훈,5285230000,0,0,5285230000,0,0
2026,대구,2717000,대구달서구,일반회계,080,사회복지,086,노동,2632365000,0,0,2632365000,0,0
2026,대구,2717000,대구달서구,일반회계,080,사회복지,082,취약계층지원,122058748000,0,0,122058748000,0,0
2026,대구,2717000,대구달서구,일반회계,080,사회복지,081,기초생활보장,212412142000,0,0,212412142000,0,0
2026,대구,2717000,대구달서구,일반회계,070,환경,076,환경보호일반,434597000,0,0,434597000,0,0
2026,대구,2717000,대구달서구,일반회계,070,환경,073,대기,550750000,0,0,550750000,0,0
2026,대구,2717000,대구달서구,일반회계,070,환경,072,폐기물,33295298000,0,0,32238298000,0,0
2026,대구,2717000,대구달서구,일반회계,070,환경,071,상하수도ㆍ수질,5360628000,0,0,5323128000,0,0
2026,대구,2717000,대구달서구,일반회계,060,문화및관광,063,체육,5555099000,0,0,5555099000,0,0
2026,대구,2717000,대구달서구,일반회계,060,문화및관광,061,문화예술,10716459000,0,0,10716459000,0,0
2026,대구,2717000,대구달서구,일반회계,050,교육,053,평생ㆍ직업교육,1385043000,0,0,1385043000,0,0
2026,대구,2717000,대구달서구,일반회계,050,교육,051,유아및초중등교육,7588668000,0,0,7588668000,0,0
2026,대구,2717000,대구달서구,일반회계,020,공공질서및안전,025,재난방재ㆍ민방위,2664255000,1525650000,0,2664255000,1525650000,0
2026,대구,2717000,대구달서구,일반회계,010,일반공공행정,016,일반행정,26383212000,4550000000,0,26383212000,3515000000,0
2026,대구,2717000,대구달서구,일반회계,010,일반공공행정,013,지방행정ㆍ재정지원,1753863000,0,0,1753863000,0,0
2026,대구,2771000,대구달성군,일반회계,010,일반공공행정,011,입법및선거관리,3150701000,0,0,3150701000,0,0
2026,대구,2771000,대구달성군,기타특별회계,900,기타,901,기타,0,2861261000,0,18651000,140008000,0
2026,대구,2771000,대구달성군,기타특별회계,140,국토및지역개발,141,수자원,18300000,0,0,18300000,0,0
2026,대구,2771000,대구달성군,기타특별회계,110,산업ㆍ중소기업및에너지,115,에너지및자원개발,61600000,0,0,61600000,0,0
2026,대구,2771000,대구달성군,기타특별회계,080,사회복지,082,취약계층지원,872760000,0,0,872760000,0,0
2026,대구,2771000,대구달성군,일반회계,900,기타,901,기타,1243643000,4872216000,123555419000,19554077000,2155287000,123555419000
2026,대구,2771000,대구달성군,일반회계,160,예비비,161,예비비,17191751000,0,0,17191751000,0,0
2026,대구,2771000,대구달성군,일반회계,140,국토및지역개발,143,산업단지,104900000,0,0,104900000,0,0
2026,대구,2771000,대구달성군,일반회계,140,국토및지역개발,142,지역및도시,78601559000,0,0,78601559000,0,0
2026,대구,2771000,대구달성군,일반회계,140,국토및지역개발,141,수자원,19541714000,0,0,19541714000,0,0
2026,대구,2771000,대구달성군,일반회계,120,교통및물류,126,대중교통ㆍ물류등기타,25801469000,0,0,25801469000,0,0
2026,대구,2771000,대구달성군,일반회계,120,교통및물류,121,도로,73022159000,0,0,73022159000,0,0
2026,대구,2771000,대구달성군,일반회계,110,산업ㆍ중소기업및에너지,116,산업ㆍ중소기업일반,7876128000,0,0,7876128000,0,0
2026,대구,2771000,대구달성군,일반회계,110,산업ㆍ중소기업및에너지,115,에너지및자원개발,2936650000,0,0,2936650000,0,0
2026,대구,2771000,대구달성군,일반회계,110,산업ㆍ중소기업및에너지,114,산업진흥ㆍ고도화,57660000,0,0,57660000,0,0
2026,대구,2771000,대구달성군,일반회계,110,산업ㆍ중소기업및에너지,113,무역및투자유치,2724100000,0,0,2724100000,0,0
2026,대구,2771000,대구달성군,일반회계,100,농림해양수산,102,임업ㆍ산촌,28518716000,0,0,28518716000,0,0
2026,대구,2771000,대구달성군,일반회계,100,농림해양수산,101,농업ㆍ농촌,45476789000,0,0,45476789000,0,0
2026,대구,2771000,대구달성군,일반회계,090,보건,093,식품의약안전,955367000,0,0,955367000,0,0
2026,대구,2771000,대구달성군,일반회계,090,보건,091,보건의료,30121242000,0,0,30121242000,0,0
2026,대구,2771000,대구달성군,일반회계,080,사회복지,08D,청소년,5586864000,0,0,5586864000,0,0
2026,대구,2771000,대구달성군,일반회계,080,사회복지,08C,노인,161255344000,0,0,161255344000,0,0
2026,대구,2771000,대구달성군,일반회계,080,사회복지,08B,가족·여성,16983300000,0,0,16983300000,0,0
2026,대구,2771000,대구달성군,일반회계,080,사회복지,08A,보육,110220809000,0,0,110220809000,0,0
2026,대구,2771000,대구달성군,일반회계,080,사회복지,087,보훈,6279521000,0,0,6279521000,0,0
2026,대구,2771000,대구달성군,일반회계,080,사회복지,086,노동,1269870000,0,0,1269870000,0,0
2026,대구,2771000,대구달성군,일반회계,080,사회복지,082,취약계층지원,113846246000,0,0,113846246000,0,0
2026,대구,2771000,대구달성군,일반회계,080,사회복지,081,기초생활보장,82216879000,0,0,82216879000,0,0
2026,대구,2771000,대구달성군,일반회계,070,환경,074,자연,515274000,0,0,515274000,0,0
2026,대구,2771000,대구달성군,일반회계,070,환경,073,대기,1597088000,0,0,1597088000,0,0
2026,대구,2771000,대구달성군,일반회계,070,환경,072,폐기물,31241457000,0,0,30669441000,0,0
2026,대구,2771000,대구달성군,일반회계,070,환경,071,상하수도ㆍ수질,1357134000,0,0,1357134000,0,0
2026,대구,2771000,대구달성군,일반회계,060,문화및관광,065,문화및관광일반,20007521000,0,0,20007521000,0,0
2026,대구,2771000,대구달성군,일반회계,060,문화및관광,064,국가유산,7968845000,0,0,7968845000,0,0
2026,대구,2771000,대구달성군,일반회계,060,문화및관광,063,체육,14705766000,0,0,14705766000,0,0
2026,대구,2771000,대구달성군,일반회계,060,문화및관광,062,관광,10333629000,0,0,10333629000,0,0
2026,대구,2771000,대구달성군,일반회계,060,문화및관광,061,문화예술,12682997000,0,0,12682997000,0,0
2026,대구,2771000,대구달성군,일반회계,050,교육,053,평생ㆍ직업교육,6460559000,0,0,6460559000,0,0
2026,대구,2771000,대구달성군,일반회계,050,교육,052,고등교육,220000000,0,0,220000000,0,0
2026,대구,2771000,대구달성군,일반회계,050,교육,051,유아및초중등교육,11415864000,0,0,11415864000,0,0
2026,대구,2771000,대구달성군,일반회계,020,공공질서및안전,025,재난방재ㆍ민방위,13486766000,0,0,13486766000,0,0
2026,대구,2771000,대구달성군,일반회계,010,일반공공행정,016,일반행정,29026543000,0,0,29026543000,0,0
2026,대구,2771000,대구달성군,일반회계,010,일반공공행정,013,지방행정ㆍ재정지원,28569541000,0,0,28569541000,0,0
2026,대구,2772000,대구군위군,기타특별회계,110,산업ㆍ중소기업및에너지,115,에너지및자원개발,25800000,0,0,25800000,0,0
2026,대구,2772000,대구군위군,기타특별회계,100,농림해양수산,102,임업ㆍ산촌,0,7741000,0,0,7741000,0
2026,대구,2772000,대구군위군,기타특별회계,080,사회복지,082,취약계층지원,0,0,0,0,0,0
2026,대구,2772000,대구군위군,기타특별회계,080,사회복지,081,기초생활보장,461077000,0,0,121460000,0,0
2026,대구,2772000,대구군위군,기타특별회계,010,일반공공행정,016,일반행정,6476000,0,0,6476000,0,0
2026,대구,2772000,대구군위군,일반회계,900,기타,901,기타,0,0,60464354000,4375361000,0,60464354000
2026,대구,2772000,대구군위군,일반회계,160,예비비,161,예비비,7715870000,0,0,7715870000,0,0
2026,대구,2772000,대구군위군,일반회계,140,국토및지역개발,143,산업단지,0,270600000,0,0,0,0
2026,대구,2772000,대구군위군,일반회계,140,국토및지역개발,142,지역및도시,6529354000,0,0,6529354000,0,0
2026,대구,2772000,대구군위군,일반회계,140,국토및지역개발,141,수자원,0,253521000,0,0,223021000,0
2026,대구,2772000,대구군위군,일반회계,120,교통및물류,126,대중교통ㆍ물류등기타,5219683000,0,0,5219683000,0,0
2026,대구,2772000,대구군위군,일반회계,120,교통및물류,121,도로,10217485000,0,0,9467485000,0,0
2026,대구,2772000,대구군위군,일반회계,110,산업ㆍ중소기업및에너지,115,에너지및자원개발,992346000,0,0,992346000,0,0
2026,대구,2772000,대구군위군,일반회계,110,산업ㆍ중소기업및에너지,114,산업진흥ㆍ고도화,20963443000,0,0,20963443000,0,0
2026,대구,2772000,대구군위군,일반회계,100,농림해양수산,103,해양수산ㆍ어촌,5000000,0,0,5000000,0,0
2026,대구,2772000,대구군위군,일반회계,100,농림해양수산,102,임업ㆍ산촌,16091367000,0,0,16091367000,0,0
2026,대구,2772000,대구군위군,일반회계,100,농림해양수산,101,농업ㆍ농촌,102366669000,0,0,101766669000,0,0
2026,대구,2772000,대구군위군,일반회계,090,보건,093,식품의약안전,252342000,0,0,252342000,0,0
2026,대구,2772000,대구군위군,일반회계,090,보건,091,보건의료,6167781000,0,0,6167781000,0,0
2026,대구,2772000,대구군위군,일반회계,080,사회복지,08D,청소년,1036825000,0,0,1036825000,0,0
2026,대구,2772000,대구군위군,일반회계,080,사회복지,08C,노인,49260573000,0,0,49260573000,0,0
2026,대구,2772000,대구군위군,일반회계,080,사회복지,08B,가족·여성,1745418000,0,0,1745418000,0,0
2026,대구,2772000,대구군위군,일반회계,080,사회복지,08A,보육,5156642000,0,0,5156642000,0,0
2026,대구,2772000,대구군위군,일반회계,080,사회복지,089,사회복지일반,4234847000,339617000,0,4234847000,0,0
2026,대구,2772000,대구군위군,일반회계,080,사회복지,088,주택,1185200000,0,0,1185200000,0,0
2026,대구,2772000,대구군위군,일반회계,080,사회복지,087,보훈,1996050000,0,0,1996050000,0,0
2026,대구,2772000,대구군위군,일반회계,080,사회복지,086,노동,354142000,0,0,354142000,0,0
2026,대구,2772000,대구군위군,일반회계,080,사회복지,082,취약계층지원,6475955000,0,0,6475955000,0,0
2026,대구,2772000,대구군위군,일반회계,080,사회복지,081,기초생활보장,5702320000,0,0,5702320000,0,0
2026,대구,2772000,대구군위군,일반회계,070,환경,074,자연,976558000,0,0,976558000,0,0
2026,대구,2772000,대구군위군,일반회계,070,환경,073,대기,1651436000,0,0,1651436000,0,0
2026,대구,2772000,대구군위군,일반회계,070,환경,072,폐기물,5654428000,0,0,5654428000,0,0
2026,대구,2772000,대구군위군,일반회계,070,환경,071,상하수도ㆍ수질,8691479000,0,0,8691479000,0,0
2026,대구,2772000,대구군위군,일반회계,060,문화및관광,064,국가유산,1145082000,0,0,1145082000,0,0
2026,대구,2772000,대구군위군,일반회계,060,문화및관광,063,체육,11812004000,0,0,11812004000,0,0
2026,대구,2772000,대구군위군,일반회계,060,문화및관광,062,관광,12575887000,0,0,12575887000,0,0
2026,대구,2772000,대구군위군,일반회계,060,문화및관광,061,문화예술,3628665000,0,0,3628665000,0,0
2026,대구,2772000,대구군위군,일반회계,050,교육,053,평생ㆍ직업교육,11000000,0,0,11000000,0,0
2026,대구,2772000,대구군위군,일반회계,050,교육,051,유아및초중등교육,1099508000,0,0,1099508000,0,0
2026,대구,2772000,대구군위군,일반회계,020,공공질서및안전,026,소방,115880000,0,0,115880000,0,0
2026,대구,2772000,대구군위군,일반회계,020,공공질서및안전,025,재난방재ㆍ민방위,22492963000,0,0,22492963000,0,0
2026,대구,2772000,대구군위군,일반회계,010,일반공공행정,016,일반행정,31919686000,0,0,31919686000,0,0
2026,대구,2772000,대구군위군,일반회계,010,일반공공행정,014,재정ㆍ금융,71749000,0,0,71749000,0,0
2026,대구,2772000,대구군위군,일반회계,010,일반공공행정,013,지방행정ㆍ재정지원,1249978000,0,0,1249978000,0,0
2026,대구,2772000,대구군위군,일반회계,010,일반공공행정,011,입법및선거관리,1181999000,0,0,1181999000,0,0
2026,대구,2772000,대구군위군,기타특별회계,900,기타,901,기타,0,0,0,2883000,0,0
2026,대구,2772000,대구군위군,기타특별회계,140,국토및지역개발,143,산업단지,286600000,0,0,286600000,0,0
2026,대구,2772000,대구군위군,기타특별회계,140,국토및지역개발,141,수자원,336600000,0,0,336600000,0,0
2025,대구,2700000,대구본청,일반회계,010,일반공공행정,011,입법및선거관리,7171205000,0,0,7171205000,0,0
2025,대구,2700000,대구본청,공기업특별회계,900,기타,901,기타,0,0,101996034000,0,0,101996034000
2025,대구,2700000,대구본청,공기업특별회계,160,예비비,161,예비비,0,2197714000,0,0,2197714000,0
2025,대구,2700000,대구본청,공기업특별회계,070,환경,071,상하수도ㆍ수질,511806252000,3000000000,0,496461501000,3000000000,0
2025,대구,2700000,대구본청,기타특별회계,900,기타,901,기타,0,0,300229496000,0,0,300229496000
2025,대구,2700000,대구본청,기타특별회계,140,국토및지역개발,143,산업단지,2443597000,0,0,2443597000,0,0
2025,대구,2700000,대구본청,기타특별회계,120,교통및물류,126,대중교통ㆍ물류등기타,76232291000,0,0,70205791000,0,0
2025,대구,2700000,대구본청,기타특별회계,120,교통및물류,123,도시철도,264339903000,0,0,264339903000,0,0
2025,대구,2700000,대구본청,기타특별회계,120,교통및물류,121,도로,2101000000,0,0,2101000000,0,0
2025,대구,2700000,대구본청,기타특별회계,110,산업ㆍ중소기업및에너지,114,산업진흥ㆍ고도화,0,0,0,0,0,0
2025,대구,2700000,대구본청,기타특별회계,080,사회복지,081,기초생활보장,731786000000,0,0,721827250000,0,0
2025,대구,2700000,대구본청,기타특별회계,070,환경,071,상하수도ㆍ수질,1273897000,410000000,0,330287000,410000000,0
2025,대구,2700000,대구본청,기타특별회계,050,교육,052,고등교육,0,4978240000,0,0,4978240000,0
2025,대구,2700000,대구본청,기타특별회계,050,교육,051,유아및초중등교육,1781760000,0,0,1781760000,0,0
2025,대구,2700000,대구본청,기타특별회계,020,공공질서및안전,026,소방,78469710000,0,0,78469710000,0,0
2025,대구,2700000,대구본청,기타특별회계,010,일반공공행정,014,재정ㆍ금융,0,67169397000,0,0,67169397000,0
2025,대구,2700000,대구본청,기타특별회계,010,일반공공행정,013,지방행정ㆍ재정지원,4987709000,0,0,0,0,0
2025,대구,2700000,대구본청,일반회계,900,기타,901,기타,0,0,376392817000,7036302000,0,376392817000
2025,대구,2700000,대구본청,일반회계,160,예비비,161,예비비,22216436000,0,0,22216436000,0,0
2025,대구,2700000,대구본청,일반회계,150,과학기술,152,과학기술연구지원,15713599000,0,0,15713599000,0,0
2025,대구,2700000,대구본청,일반회계,140,국토및지역개발,143,산업단지,10482620000,0,0,10482620000,0,0
2025,대구,2700000,대구본청,일반회계,140,국토및지역개발,142,지역및도시,171517105000,2553446000,0,131581214000,2553446000,0
2025,대구,2700000,대구본청,일반회계,140,국토및지역개발,141,수자원,3866814000,0,0,3866814000,0,0
2025,대구,2700000,대구본청,일반회계,120,교통및물류,126,대중교통ㆍ물류등기타,310806679000,284807647000,0,309481393000,503770000,0
2025,대구,2700000,대구본청,일반회계,120,교통및물류,125,항공ㆍ공항,1344710000,5000000000,0,1344710000,5000000000,0
2025,대구,2700000,대구본청,일반회계,120,교통및물류,121,도로,195796785000,0,0,194496885000,0,0
2025,대구,2700000,대구본청,일반회계,110,산업ㆍ중소기업및에너지,116,산업ㆍ중소기업일반,0,1330464000,0,0,1330464000,0
2025,대구,2700000,대구본청,일반회계,110,산업ㆍ중소기업및에너지,115,에너지및자원개발,6661383000,0,0,5455359000,0,0
2025,대구,2700000,대구본청,일반회계,110,산업ㆍ중소기업및에너지,114,산업진흥ㆍ고도화,174144793000,5475561000,0,162861622000,5475561000,0
2025,대구,2700000,대구본청,일반회계,110,산업ㆍ중소기업및에너지,113,무역및투자유치,68603371000,2537553000,0,67103371000,2537553000,0
2025,대구,2700000,대구본청,일반회계,110,산업ㆍ중소기업및에너지,112,산업기술지원,27412173000,0,0,27412173000,0,0
2025,대구,2700000,대구본청,일반회계,110,산업ㆍ중소기업및에너지,111,산업금융지원,90631202000,0,0,90300702000,0,0
2025,대구,2700000,대구본청,일반회계,100,농림해양수산,102,임업ㆍ산촌,37475259000,0,0,6326848000,0,0
2025,대구,2700000,대구본청,일반회계,100,농림해양수산,101,농업ㆍ농촌,71616310000,1219500000,0,22269812000,1219500000,0
2025,대구,2700000,대구본청,일반회계,090,보건,093,식품의약안전,12184872000,0,0,5775096000,0,0
2025,대구,2700000,대구본청,일반회계,090,보건,091,보건의료,193791211000,126652519000,0,69517029000,0,0
2025,대구,2700000,대구본청,일반회계,080,사회복지,08D,청소년,21112810000,1196310000,0,11323231000,1196310000,0
2025,대구,2700000,대구본청,일반회계,080,사회복지,08C,노인,1685378046000,0,0,205858280000,0,0
2025,대구,2700000,대구본청,일반회계,080,사회복지,08B,가족·여성,103224066000,0,0,9721087000,0,0
2025,대구,2700000,대구본청,일반회계,080,사회복지,08A,보육,747488741000,0,0,15976612000,0,0
2025,대구,2700000,대구본청,일반회계,080,사회복지,089,사회복지일반,22229040000,0,0,7809040000,0,0
2025,대구,2700000,대구본청,일반회계,080,사회복지,087,보훈,19225140000,0,0,1789836000,0,0
2025,대구,2700000,대구본청,일반회계,080,사회복지,086,노동,21301838000,0,0,16311137000,0,0
2025,대구,2700000,대구본청,일반회계,080,사회복지,082,취약계층지원,602803174000,302500000,0,71676099000,302500000,0
2025,대구,2700000,대구본청,일반회계,080,사회복지,081,기초생활보장,911351282000,0,0,1481876000,0,0
2025,대구,2700000,대구본청,일반회계,070,환경,076,환경보호일반,16608045000,15800000,0,14280691000,4000000,0
2025,대구,2700000,대구본청,일반회계,070,환경,074,자연,7381066000,0,0,1964966000,0,0
2025,대구,2700000,대구본청,일반회계,070,환경,073,대기,18543866000,0,0,13913366000,0,0
2025,대구,2700000,대구본청,일반회계,070,환경,072,폐기물,97150638000,0,0,96507788000,0,0
2025,대구,2700000,대구본청,일반회계,070,환경,071,상하수도ㆍ수질,7956548000,693102000,0,7855287000,177102000,0
2025,대구,2700000,대구본청,일반회계,060,문화및관광,064,문화재,30795557000,396000000,0,7840535000,396000000,0
2025,대구,2700000,대구본청,일반회계,060,문화및관광,063,체육,102860537000,1510956000,0,84799312000,1510956000,0
2025,대구,2700000,대구본청,일반회계,060,문화및관광,062,관광,8600820000,400000000,0,6874820000,400000000,0
2025,대구,2700000,대구본청,일반회계,060,문화및관광,061,문화예술,148135700000,335000000,0,139033406000,335000000,0
2025,대구,2700000,대구본청,일반회계,050,교육,053,평생ㆍ직업교육,26750507000,0,0,22612857000,0,0
2025,대구,2700000,대구본청,일반회계,050,교육,052,고등교육,105298400000,117000000,0,105298400000,117000000,0
2025,대구,2700000,대구본청,일반회계,050,교육,051,유아및초중등교육,464251621000,0,0,458036130000,0,0
2025,대구,2700000,대구본청,일반회계,020,공공질서및안전,025,재난방재ㆍ민방위,70460723000,50753300000,0,51969117000,47003300000,0
2025,대구,2700000,대구본청,일반회계,020,공공질서및안전,023,경찰,5263300000,0,0,5263300000,0,0
2025,대구,2700000,대구본청,일반회계,010,일반공공행정,016,일반행정,80758005000,0,0,70465518000,0,0
2025,대구,2700000,대구본청,일반회계,010,일반공공행정,014,재정ㆍ금융,0,466692794000,0,0,95355059000,0
2025,대구,2700000,대구본청,일반회계,010,일반공공행정,013,지방행정ㆍ재정지원,694709734000,0,0,2787789000,0,0
2025,대구,2711000,대구중구,일반회계,010,일반공공행정,011,입법및선거관리,742676000,0,0,742676000,0,0
2025,대구,2711000,대구중구,기타특별회계,900,기타,901,기타,0,0,0,6440000,0,0
2025,대구,2711000,대구중구,기타특별회계,080,사회복지,081,기초생활보장,538080000,31920000,0,538080000,31920000,0
2025,대구,2711000,대구중구,기타특별회계,070,환경,071,상하수도ㆍ수질,30500000,0,0,30500000,0,0
2025,대구,2711000,대구중구,기타특별회계,010,일반공공행정,014,재정ㆍ금융,0,5000000,0,0,5000000,0
2025,대구,2711000,대구중구,일반회계,900,기타,901,기타,0,0,72847256000,11700001000,0,72847256000
2025,대구,2711000,대구중구,일반회계,160,예비비,161,예비비,5988587000,0,0,5988587000,0,0
2025,대구,2711000,대구중구,일반회계,140,국토및지역개발,142,지역및도시,6345137000,219000000,0,6345137000,219000000,0
2025,대구,2711000,대구중구,일반회계,120,교통및물류,126,대중교통ㆍ물류등기타,1471646000,0,0,1471646000,0,0
2025,대구,2711000,대구중구,일반회계,120,교통및물류,121,도로,3816600000,0,0,3816600000,0,0
2025,대구,2711000,대구중구,일반회계,110,산업ㆍ중소기업및에너지,115,에너지및자원개발,23282000,0,0,23282000,0,0
2025,대구,2711000,대구중구,일반회계,110,산업ㆍ중소기업및에너지,114,산업진흥ㆍ고도화,2966046000,0,0,2966046000,0,0
2025,대구,2711000,대구중구,일반회계,100,농림해양수산,101,농업ㆍ농촌,314356000,0,0,314356000,0,0
2025,대구,2711000,대구중구,일반회계,090,보건,093,식품의약안전,525158000,0,0,525158000,0,0
2025,대구,2711000,대구중구,일반회계,090,보건,091,보건의료,8619457000,0,0,8619457000,0,0
2025,대구,2711000,대구중구,일반회계,080,사회복지,08D,청소년,1097124000,0,0,1097124000,0,0
2025,대구,2711000,대구중구,일반회계,080,사회복지,08C,노인,74119762000,0,0,74119762000,0,0
2025,대구,2711000,대구중구,일반회계,080,사회복지,08B,가족·여성,6605828000,0,0,6605828000,0,0
2025,대구,2711000,대구중구,일반회계,080,사회복지,08A,보육,27399146000,0,0,27399146000,0,0
2025,대구,2711000,대구중구,일반회계,080,사회복지,089,사회복지일반,0,0,0,0,0,0
2025,대구,2711000,대구중구,일반회계,080,사회복지,088,주택,7802782000,0,0,7802782000,0,0
2025,대구,2711000,대구중구,일반회계,080,사회복지,087,보훈,1197080000,0,0,1197080000,0,0
2025,대구,2711000,대구중구,일반회계,080,사회복지,086,노동,1408377000,0,0,1408377000,0,0
2025,대구,2711000,대구중구,일반회계,080,사회복지,082,취약계층지원,39610308000,0,0,39610308000,0,0
2025,대구,2711000,대구중구,일반회계,080,사회복지,081,기초생활보장,23406336000,0,0,23406336000,0,0
2025,대구,2711000,대구중구,일반회계,070,환경,073,대기,426401000,0,0,426401000,0,0
2025,대구,2711000,대구중구,일반회계,070,환경,072,폐기물,10482328000,0,0,10482328000,0,0
2025,대구,2711000,대구중구,일반회계,070,환경,071,상하수도ㆍ수질,49420000,0,0,49420000,0,0
2025,대구,2711000,대구중구,일반회계,060,문화및관광,064,문화재,589076000,0,0,589076000,0,0
2025,대구,2711000,대구중구,일반회계,060,문화및관광,063,체육,1566876000,0,0,1566876000,0,0
2025,대구,2711000,대구중구,일반회계,060,문화및관광,062,관광,2749291000,0,0,2729291000,0,0
2025,대구,2711000,대구중구,일반회계,060,문화및관광,061,문화예술,10208685000,0,0,10208685000,0,0
2025,대구,2711000,대구중구,일반회계,050,교육,053,평생ㆍ직업교육,32898000,0,0,32898000,0,0
2025,대구,2711000,대구중구,일반회계,050,교육,051,유아및초중등교육,1707566000,0,0,1707566000,0,0
2025,대구,2711000,대구중구,일반회계,020,공공질서및안전,025,재난방재ㆍ민방위,2082900000,586786000,0,2082900000,586786000,0
2025,대구,2711000,대구중구,일반회계,010,일반공공행정,016,일반행정,16435414000,0,0,16435414000,0,0
2025,대구,2711000,대구중구,일반회계,010,일반공공행정,014,재정ㆍ금융,0,1022384000,0,0,517384000,0
2025,대구,2711000,대구중구,일반회계,010,일반공공행정,013,지방행정ㆍ재정지원,634031000,0,0,634031000,0,0
2025,대구,2712000,대구동구,일반회계,010,일반공공행정,011,입법및선거관리,1482758000,0,0,1482758000,0,0
2025,대구,2712000,대구동구,기타특별회계,900,기타,901,기타,0,0,1124892000,18589000,0,1124892000
2025,대구,2712000,대구동구,기타특별회계,120,교통및물류,126,대중교통ㆍ물류등기타,5494156000,0,0,5494156000,0,0
2025,대구,2712000,대구동구,기타특별회계,110,산업ㆍ중소기업및에너지,115,에너지및자원개발,141900000,0,0,141900000,0,0
2025,대구,2712000,대구동구,기타특별회계,080,사회복지,081,기초생활보장,1377460000,20586000,0,1377460000,20586000,0
2025,대구,2712000,대구동구,기타특별회계,070,환경,076,환경보호일반,89341000,0,0,89341000,0,0
2025,대구,2712000,대구동구,기타특별회계,070,환경,072,폐기물,0,3771000,0,0,3771000,0
2025,대구,2712000,대구동구,일반회계,900,기타,901,기타,0,0,122431940000,26465325000,0,122431940000
2025,대구,2712000,대구동구,일반회계,160,예비비,161,예비비,244000000,0,0,244000000,0,0
2025,대구,2712000,대구동구,일반회계,140,국토및지역개발,142,지역및도시,22056389000,1036000,0,22056389000,1036000,0
2025,대구,2712000,대구동구,일반회계,140,국토및지역개발,141,수자원,2924151000,0,0,2924151000,0,0
2025,대구,2712000,대구동구,일반회계,120,교통및물류,126,대중교통ㆍ물류등기타,642770000,0,0,642770000,0,0
2025,대구,2712000,대구동구,일반회계,120,교통및물류,121,도로,5262913000,0,0,5262913000,0,0
2025,대구,2712000,대구동구,일반회계,110,산업ㆍ중소기업및에너지,115,에너지및자원개발,98828000,0,0,98828000,0,0
2025,대구,2712000,대구동구,일반회계,110,산업ㆍ중소기업및에너지,114,산업진흥ㆍ고도화,1027090000,0,0,1027090000,0,0
2025,대구,2712000,대구동구,일반회계,100,농림해양수산,101,농업ㆍ농촌,5775507000,0,0,5775507000,0,0
2025,대구,2712000,대구동구,일반회계,090,보건,093,식품의약안전,1413305000,0,0,1413305000,0,0
2025,대구,2712000,대구동구,일반회계,090,보건,091,보건의료,27746731000,0,0,27746731000,0,0
2025,대구,2712000,대구동구,일반회계,080,사회복지,08D,청소년,35549037000,0,0,35549037000,0,0
2025,대구,2712000,대구동구,일반회계,080,사회복지,08C,노인,265709882000,0,0,265709882000,0,0
2025,대구,2712000,대구동구,일반회계,080,사회복지,08B,가족·여성,11895986000,0,0,11895986000,0,0
2025,대구,2712000,대구동구,일반회계,080,사회복지,08A,보육,92600503000,0,0,92600503000,0,0
2025,대구,2712000,대구동구,일반회계,080,사회복지,089,사회복지일반,18942723000,0,0,18942723000,0,0
2025,대구,2712000,대구동구,일반회계,080,사회복지,086,노동,2680019000,0,0,2680019000,0,0
2025,대구,2712000,대구동구,일반회계,080,사회복지,082,취약계층지원,86716338000,0,0,86716338000,0,0
2025,대구,2712000,대구동구,일반회계,080,사회복지,081,기초생활보장,147916526000,0,0,147916526000,0,0
2025,대구,2712000,대구동구,일반회계,070,환경,076,환경보호일반,2880904000,0,0,2880904000,0,0
2025,대구,2712000,대구동구,일반회계,070,환경,072,폐기물,18018160000,0,0,18018160000,0,0
2025,대구,2712000,대구동구,일반회계,060,문화및관광,065,문화및관광일반,0,0,0,0,0,0
2025,대구,2712000,대구동구,일반회계,060,문화및관광,064,문화재,23208942000,0,0,23208942000,0,0
2025,대구,2712000,대구동구,일반회계,060,문화및관광,063,체육,4553185000,0,0,4553185000,0,0
2025,대구,2712000,대구동구,일반회계,060,문화및관광,061,문화예술,10560500000,0,0,10560500000,0,0
2025,대구,2712000,대구동구,일반회계,050,교육,053,평생ㆍ직업교육,6437452000,0,0,6437452000,0,0
2025,대구,2712000,대구동구,일반회계,020,공공질서및안전,025,재난방재ㆍ민방위,3238229000,1003000000,0,3238229000,1003000000,0
2025,대구,2712000,대구동구,일반회계,010,일반공공행정,016,일반행정,30084477000,0,0,30084477000,0,0
2025,대구,2712000,대구동구,일반회계,010,일반공공행정,013,지방행정ㆍ재정지원,1296719000,0,0,1296719000,0,0
2025,대구,2713000,대구서구,일반회계,010,일반공공행정,011,입법및선거관리,870192000,0,0,870192000,0,0
2025,대구,2713000,대구서구,기타특별회계,900,기타,901,기타,0,0,0,12232000,0,0
2025,대구,2713000,대구서구,기타특별회계,140,국토및지역개발,142,지역및도시,0,0,0,0,0,0
2025,대구,2713000,대구서구,기타특별회계,080,사회복지,082,취약계층지원,1022000000,0,0,1022000000,0,0
2025,대구,2713000,대구서구,기타특별회계,080,사회복지,081,기초생활보장,0,0,0,0,0,0
2025,대구,2713000,대구서구,기타특별회계,070,환경,071,상하수도ㆍ수질,55000000,0,0,55000000,0,0
2025,대구,2713000,대구서구,기타특별회계,010,일반공공행정,014,재정ㆍ금융,0,0,0,0,0,0
2025,대구,2713000,대구서구,일반회계,900,기타,901,기타,0,0,88605474000,17571826000,0,88605474000
2025,대구,2713000,대구서구,일반회계,160,예비비,161,예비비,1279349000,0,0,1279349000,0,0
2025,대구,2713000,대구서구,일반회계,140,국토및지역개발,142,지역및도시,18869730000,0,0,18869730000,0,0
2025,대구,2713000,대구서구,일반회계,120,교통및물류,126,대중교통ㆍ물류등기타,4398310000,0,0,4398310000,0,0
2025,대구,2713000,대구서구,일반회계,120,교통및물류,121,도로,4517941000,0,0,4517941000,0,0
2025,대구,2713000,대구서구,일반회계,110,산업ㆍ중소기업및에너지,115,에너지및자원개발,172100000,0,0,172100000,0,0
2025,대구,2713000,대구서구,일반회계,110,산업ㆍ중소기업및에너지,114,산업진흥ㆍ고도화,527247000,0,0,527247000,0,0
2025,대구,2713000,대구서구,일반회계,100,농림해양수산,102,임업ㆍ산촌,433666000,0,0,433666000,0,0
2025,대구,2713000,대구서구,일반회계,100,농림해양수산,101,농업ㆍ농촌,865377000,0,0,865377000,0,0
2025,대구,2713000,대구서구,일반회계,090,보건,093,식품의약안전,904762000,0,0,904762000,0,0
2025,대구,2713000,대구서구,일반회계,090,보건,091,보건의료,11623347000,0,0,11623347000,0,0
2025,대구,2713000,대구서구,일반회계,080,사회복지,08D,청소년,8171324000,0,0,8171324000,0,0
2025,대구,2713000,대구서구,일반회계,080,사회복지,08C,노인,177916192000,0,0,177916192000,0,0
2025,대구,2713000,대구서구,일반회계,080,사회복지,08B,가족·여성,6355987000,0,0,6355987000,0,0
2025,대구,2713000,대구서구,일반회계,080,사회복지,08A,보육,11348474000,0,0,11348474000,0,0
2025,대구,2713000,대구서구,일반회계,080,사회복지,087,보훈,6207650000,0,0,6207650000,0,0
2025,대구,2713000,대구서구,일반회계,080,사회복지,086,노동,541161000,0,0,541161000,0,0
2025,대구,2713000,대구서구,일반회계,080,사회복지,082,취약계층지원,88665836000,0,0,88665836000,0,0
2025,대구,2713000,대구서구,일반회계,080,사회복지,081,기초생활보장,111670771000,0,0,111670771000,0,0
2025,대구,2713000,대구서구,일반회계,070,환경,076,환경보호일반,196159000,0,0,196159000,0,0
2025,대구,2713000,대구서구,일반회계,070,환경,073,대기,981947000,0,0,981947000,0,0
2025,대구,2713000,대구서구,일반회계,070,환경,072,폐기물,9719833000,0,0,9719833000,0,0
2025,대구,2713000,대구서구,일반회계,070,환경,071,상하수도ㆍ수질,554956000,0,0,554956000,0,0
2025,대구,2713000,대구서구,일반회계,060,문화및관광,063,체육,3245159000,0,0,3245159000,0,0
2025,대구,2713000,대구서구,일반회계,060,문화및관광,061,문화예술,6021789000,0,0,6021789000,0,0
2025,대구,2713000,대구서구,일반회계,050,교육,053,평생ㆍ직업교육,444578000,0,0,444578000,0,0
2025,대구,2713000,대구서구,일반회계,050,교육,051,유아및초중등교육,4346335000,0,0,4346335000,0,0
2025,대구,2713000,대구서구,일반회계,020,공공질서및안전,025,재난방재ㆍ민방위,2556773000,508573000,0,2556773000,508573000,0
2025,대구,2713000,대구서구,일반회계,010,일반공공행정,016,일반행정,13974143000,0,0,13974143000,0,0
2025,대구,2713000,대구서구,일반회계,010,일반공공행정,014,재정ㆍ금융,0,5116159000,0,0,3076159000,0
2025,대구,2713000,대구서구,일반회계,010,일반공공행정,013,지방행정ㆍ재정지원,388706000,0,0,388706000,0,0
2025,대구,2714000,대구남구,일반회계,010,일반공공행정,011,입법및선거관리,868216000,0,0,868216000,0,0
2025,대구,2714000,대구남구,기타특별회계,900,기타,901,기타,0,0,0,90253000,0,0
2025,대구,2714000,대구남구,기타특별회계,120,교통및물류,126,대중교통ㆍ물류등기타,985826000,2008698000,0,985826000,2008698000,0
2025,대구,2714000,대구남구,기타특별회계,080,사회복지,081,기초생활보장,1014960000,0,0,1014960000,0,0
2025,대구,2714000,대구남구,기타특별회계,070,환경,071,상하수도ㆍ수질,33400000,0,0,33400000,0,0
2025,대구,2714000,대구남구,일반회계,900,기타,901,기타,0,0,81286481000,16452267000,0,81286481000
2025,대구,2714000,대구남구,일반회계,160,예비비,161,예비비,8856871000,0,0,8856871000,0,0
2025,대구,2714000,대구남구,일반회계,140,국토및지역개발,142,지역및도시,8536115000,10000000,0,8536115000,10000000,0
2025,대구,2714000,대구남구,일반회계,120,교통및물류,126,대중교통ㆍ물류등기타,1161029000,0,0,1161029000,0,0
2025,대구,2714000,대구남구,일반회계,120,교통및물류,121,도로,3056178000,0,0,3056178000,0,0
2025,대구,2714000,대구남구,일반회계,110,산업ㆍ중소기업및에너지,115,에너지및자원개발,68848000,0,0,68848000,0,0
2025,대구,2714000,대구남구,일반회계,110,산업ㆍ중소기업및에너지,114,산업진흥ㆍ고도화,482544000,0,0,482544000,0,0
2025,대구,2714000,대구남구,일반회계,100,농림해양수산,101,농업ㆍ농촌,1046825000,0,0,1046825000,0,0
2025,대구,2714000,대구남구,일반회계,090,보건,093,식품의약안전,600436000,0,0,600436000,0,0
2025,대구,2714000,대구남구,일반회계,090,보건,091,보건의료,11877525000,0,0,11877525000,0,0
2025,대구,2714000,대구남구,일반회계,080,사회복지,08D,청소년,1313449000,0,0,1313449000,0,0
2025,대구,2714000,대구남구,일반회계,080,사회복지,08C,노인,142287888000,0,0,142287888000,0,0
2025,대구,2714000,대구남구,일반회계,080,사회복지,08B,가족·여성,10414538000,0,0,10414538000,0,0
2025,대구,2714000,대구남구,일반회계,080,사회복지,08A,보육,28562384000,0,0,28562384000,0,0
2025,대구,2714000,대구남구,일반회계,080,사회복지,088,주택,3008700000,0,0,3008700000,0,0
2025,대구,2714000,대구남구,일반회계,080,사회복지,087,보훈,2319478000,0,0,2319478000,0,0
2025,대구,2714000,대구남구,일반회계,080,사회복지,086,노동,3118603000,0,0,3118603000,0,0
2025,대구,2714000,대구남구,일반회계,080,사회복지,082,취약계층지원,61973625000,0,0,61973625000,0,0
2025,대구,2714000,대구남구,일반회계,080,사회복지,081,기초생활보장,102382089000,0,0,102382089000,0,0
2025,대구,2714000,대구남구,일반회계,070,환경,076,환경보호일반,119393000,0,0,119393000,0,0
2025,대구,2714000,대구남구,일반회계,070,환경,073,대기,405516000,0,0,405516000,0,0
2025,대구,2714000,대구남구,일반회계,070,환경,072,폐기물,13149323000,0,0,13149323000,0,0
2025,대구,2714000,대구남구,일반회계,070,환경,071,상하수도ㆍ수질,403820000,0,0,403820000,0,0
2025,대구,2714000,대구남구,일반회계,060,문화및관광,064,문화재,719600000,0,0,719600000,0,0
2025,대구,2714000,대구남구,일반회계,060,문화및관광,063,체육,3558758000,0,0,3558758000,0,0
2025,대구,2714000,대구남구,일반회계,060,문화및관광,062,관광,734394000,0,0,734394000,0,0
2025,대구,2714000,대구남구,일반회계,060,문화및관광,061,문화예술,2842219000,0,0,2842219000,0,0
2025,대구,2714000,대구남구,일반회계,050,교육,053,평생ㆍ직업교육,480987000,0,0,480987000,0,0
2025,대구,2714000,대구남구,일반회계,050,교육,052,고등교육,474582000,0,0,474582000,0,0
2025,대구,2714000,대구남구,일반회계,050,교육,051,유아및초중등교육,2418087000,0,0,2400087000,0,0
2025,대구,2714000,대구남구,일반회계,020,공공질서및안전,025,재난방재ㆍ민방위,1443666000,375718000,0,1443666000,375718000,0
2025,대구,2714000,대구남구,일반회계,010,일반공공행정,016,일반행정,14113150000,4040000000,0,14113150000,2020000000,0
2025,대구,2714000,대구남구,일반회계,010,일반공공행정,014,재정ㆍ금융,0,0,0,0,0,0
2025,대구,2714000,대구남구,일반회계,010,일반공공행정,013,지방행정ㆍ재정지원,980683000,0,0,980683000,0,0
2025,대구,2715000,대구북구,일반회계,010,일반공공행정,011,입법및선거관리,1776442000,0,0,1776442000,0,0
2025,대구,2715000,대구북구,기타특별회계,900,기타,901,기타,0,0,753121000,32111000,0,753121000
2025,대구,2715000,대구북구,기타특별회계,140,국토및지역개발,142,지역및도시,0,176000000,0,0,176000000,0
2025,대구,2715000,대구북구,기타특별회계,120,교통및물류,126,대중교통ㆍ물류등기타,9550343000,5010000000,0,9550343000,10000000,0
2025,대구,2715000,대구북구,기타특별회계,080,사회복지,081,기초생활보장,1292310000,307690000,0,1292310000,275712000,0
2025,대구,2715000,대구북구,기타특별회계,070,환경,072,폐기물,6000000,0,0,6000000,0,0
2025,대구,2715000,대구북구,기타특별회계,070,환경,071,상하수도ㆍ수질,68275000,101725000,0,68275000,101725000,0
2025,대구,2715000,대구북구,기타특별회계,010,일반공공행정,013,지방행정ㆍ재정지원,60536000,0,0,60536000,0,0
2025,대구,2715000,대구북구,일반회계,900,기타,901,기타,0,0,131117203000,27389880000,0,131117203000
2025,대구,2715000,대구북구,일반회계,160,예비비,161,예비비,1795762000,0,0,1795762000,0,0
2025,대구,2715000,대구북구,일반회계,140,국토및지역개발,142,지역및도시,24132244000,5300000,0,24132244000,5300000,0
2025,대구,2715000,대구북구,일반회계,140,국토및지역개발,141,수자원,2912643000,0,0,2912643000,0,0
2025,대구,2715000,대구북구,일반회계,120,교통및물류,126,대중교통ㆍ물류등기타,4188264000,0,0,4188264000,0,0
2025,대구,2715000,대구북구,일반회계,120,교통및물류,121,도로,8641171000,0,0,8641171000,0,0
2025,대구,2715000,대구북구,일반회계,110,산업ㆍ중소기업및에너지,116,산업ㆍ중소기업일반,4740367000,0,0,4740367000,0,0
2025,대구,2715000,대구북구,일반회계,100,농림해양수산,102,임업ㆍ산촌,3417536000,0,0,3417536000,0,0
2025,대구,2715000,대구북구,일반회계,100,농림해양수산,101,농업ㆍ농촌,3286645000,0,0,3286645000,0,0
2025,대구,2715000,대구북구,일반회계,090,보건,093,식품의약안전,1266895000,0,0,1266895000,0,0
2025,대구,2715000,대구북구,일반회계,090,보건,091,보건의료,23527693000,0,0,23527693000,0,0
2025,대구,2715000,대구북구,일반회계,080,사회복지,08D,청소년,3075134000,0,0,3075134000,0,0
2025,대구,2715000,대구북구,일반회계,080,사회복지,08C,노인,242311531000,0,0,242311531000,0,0
2025,대구,2715000,대구북구,일반회계,080,사회복지,08B,가족·여성,9329469000,0,0,9329469000,0,0
2025,대구,2715000,대구북구,일반회계,080,사회복지,08A,보육,143222148000,0,0,143222148000,0,0
2025,대구,2715000,대구북구,일반회계,080,사회복지,087,보훈,4301101000,0,0,4301101000,0,0
2025,대구,2715000,대구북구,일반회계,080,사회복지,086,노동,922756000,0,0,922756000,0,0
2025,대구,2715000,대구북구,일반회계,080,사회복지,082,취약계층지원,83429457000,0,0,83429457000,0,0
2025,대구,2715000,대구북구,일반회계,080,사회복지,081,기초생활보장,139178166000,0,0,139178166000,0,0
2025,대구,2715000,대구북구,일반회계,070,환경,076,환경보호일반,784985000,0,0,784985000,0,0
2025,대구,2715000,대구북구,일반회계,070,환경,073,대기,1678253000,0,0,1678253000,0,0
2025,대구,2715000,대구북구,일반회계,070,환경,072,폐기물,24310064000,3000000,0,24310064000,3000000,0
2025,대구,2715000,대구북구,일반회계,070,환경,071,상하수도ㆍ수질,50595000,0,0,50595000,0,0
2025,대구,2715000,대구북구,일반회계,060,문화및관광,065,문화및관광일반,0,0,0,0,0,0
2025,대구,2715000,대구북구,일반회계,060,문화및관광,064,문화재,2129070000,0,0,2129070000,0,0
2025,대구,2715000,대구북구,일반회계,060,문화및관광,063,체육,13860245000,0,0,13860245000,0,0
2025,대구,2715000,대구북구,일반회계,060,문화및관광,062,관광,680971000,0,0,680971000,0,0
2025,대구,2715000,대구북구,일반회계,060,문화및관광,061,문화예술,12572211000,0,0,12572211000,0,0
2025,대구,2715000,대구북구,일반회계,050,교육,053,평생ㆍ직업교육,493050000,0,0,493050000,0,0
2025,대구,2715000,대구북구,일반회계,050,교육,051,유아및초중등교육,6549231000,0,0,6549231000,0,0
2025,대구,2715000,대구북구,일반회계,020,공공질서및안전,025,재난방재ㆍ민방위,1312437000,1060696000,0,1312437000,1060696000,0
2025,대구,2715000,대구북구,일반회계,010,일반공공행정,016,일반행정,26513260000,2000000000,0,26513260000,1000000000,0
2025,대구,2715000,대구북구,일반회계,010,일반공공행정,013,지방행정ㆍ재정지원,1324005000,0,0,1324005000,0,0
2025,대구,2716000,대구수성구,일반회계,010,일반공공행정,011,입법및선거관리,2192848000,0,0,2192848000,0,0
2025,대구,2716000,대구수성구,기타특별회계,900,기타,901,기타,0,0,857912000,21487000,0,857912000
2025,대구,2716000,대구수성구,기타특별회계,140,국토및지역개발,142,지역및도시,0,0,0,0,0,0
2025,대구,2716000,대구수성구,기타특별회계,140,국토및지역개발,141,수자원,78094000,65906000,0,78094000,65906000,0
2025,대구,2716000,대구수성구,기타특별회계,120,교통및물류,126,대중교통ㆍ물류등기타,3075028000,8400000000,0,3075028000,6430000000,0
2025,대구,2716000,대구수성구,기타특별회계,110,산업ㆍ중소기업및에너지,115,에너지및자원개발,40100000,0,0,40100000,0,0
2025,대구,2716000,대구수성구,기타특별회계,080,사회복지,082,취약계층지원,1364960000,0,0,1364960000,0,0
2025,대구,2716000,대구수성구,기타특별회계,070,환경,072,폐기물,0,0,0,0,0,0
2025,대구,2716000,대구수성구,일반회계,900,기타,901,기타,0,0,122205387000,19718015000,0,122205387000
2025,대구,2716000,대구수성구,일반회계,160,예비비,161,예비비,6549261000,0,0,6549261000,0,0
2025,대구,2716000,대구수성구,일반회계,140,국토및지역개발,142,지역및도시,13421461000,3000000,0,13421461000,3000000,0
2025,대구,2716000,대구수성구,일반회계,140,국토및지역개발,141,수자원,2047215000,0,0,2047215000,0,0
2025,대구,2716000,대구수성구,일반회계,120,교통및물류,126,대중교통ㆍ물류등기타,2695864000,0,0,2695864000,0,0
2025,대구,2716000,대구수성구,일반회계,120,교통및물류,121,도로,6338269000,0,0,6338269000,0,0
2025,대구,2716000,대구수성구,일반회계,110,산업ㆍ중소기업및에너지,116,산업ㆍ중소기업일반,0,0,0,0,0,0
2025,대구,2716000,대구수성구,일반회계,110,산업ㆍ중소기업및에너지,115,에너지및자원개발,27232000,0,0,27232000,0,0
2025,대구,2716000,대구수성구,일반회계,110,산업ㆍ중소기업및에너지,114,산업진흥ㆍ고도화,2778531000,0,0,2778531000,0,0
2025,대구,2716000,대구수성구,일반회계,100,농림해양수산,102,임업ㆍ산촌,3475827000,0,0,3475827000,0,0
2025,대구,2716000,대구수성구,일반회계,100,농림해양수산,101,농업ㆍ농촌,2284305000,0,0,2284305000,0,0
2025,대구,2716000,대구수성구,일반회계,090,보건,093,식품의약안전,983970000,0,0,983970000,0,0
2025,대구,2716000,대구수성구,일반회계,090,보건,091,보건의료,21092308000,0,0,21092308000,0,0
2025,대구,2716000,대구수성구,일반회계,080,사회복지,08D,청소년,3124019000,0,0,3124019000,0,0
2025,대구,2716000,대구수성구,일반회계,080,사회복지,08C,노인,206987967000,0,0,206987967000,0,0
2025,대구,2716000,대구수성구,일반회계,080,사회복지,08B,가족·여성,11159166000,0,0,11159166000,0,0
2025,대구,2716000,대구수성구,일반회계,080,사회복지,08A,보육,128705855000,0,0,128705855000,0,0
2025,대구,2716000,대구수성구,일반회계,080,사회복지,087,보훈,4949870000,0,0,4949870000,0,0
2025,대구,2716000,대구수성구,일반회계,080,사회복지,086,노동,3555042000,0,0,3555042000,0,0
2025,대구,2716000,대구수성구,일반회계,080,사회복지,082,취약계층지원,79787950000,0,0,79787950000,0,0
2025,대구,2716000,대구수성구,일반회계,080,사회복지,081,기초생활보장,122344832000,0,0,122344832000,0,0
2025,대구,2716000,대구수성구,일반회계,070,환경,076,환경보호일반,1750061000,0,0,1750061000,0,0
2025,대구,2716000,대구수성구,일반회계,070,환경,073,대기,998721000,0,0,998721000,0,0
2025,대구,2716000,대구수성구,일반회계,070,환경,072,폐기물,29417481000,0,0,29417481000,0,0
2025,대구,2716000,대구수성구,일반회계,070,환경,071,상하수도ㆍ수질,42121000,0,0,42121000,0,0
2025,대구,2716000,대구수성구,일반회계,060,문화및관광,064,문화재,225267000,0,0,225267000,0,0
2025,대구,2716000,대구수성구,일반회계,060,문화및관광,063,체육,13382804000,0,0,13382804000,0,0
2025,대구,2716000,대구수성구,일반회계,060,문화및관광,062,관광,1312914000,0,0,1312914000,0,0
2025,대구,2716000,대구수성구,일반회계,060,문화및관광,061,문화예술,19455719000,0,0,19455719000,0,0
2025,대구,2716000,대구수성구,일반회계,050,교육,053,평생ㆍ직업교육,3555981000,0,0,3555981000,0,0
2025,대구,2716000,대구수성구,일반회계,050,교육,051,유아및초중등교육,7279170000,0,0,7279170000,0,0
2025,대구,2716000,대구수성구,일반회계,020,공공질서및안전,025,재난방재ㆍ민방위,1704849000,1591763000,0,1704849000,1591763000,0
2025,대구,2716000,대구수성구,일반회계,010,일반공공행정,016,일반행정,20671465000,0,0,20671465000,0,0
2025,대구,2716000,대구수성구,일반회계,010,일반공공행정,014,재정ㆍ금융,0,0,0,0,0,0
2025,대구,2716000,대구수성구,일반회계,010,일반공공행정,013,지방행정ㆍ재정지원,1741505000,0,0,1741505000,0,0
2025,대구,2717000,대구달서구,일반회계,010,일반공공행정,011,입법및선거관리,2307482000,0,0,2307482000,0,0
2025,대구,2717000,대구달서구,기타특별회계,900,기타,901,기타,0,0,1366702000,26172000,0,1366702000
2025,대구,2717000,대구달서구,기타특별회계,120,교통및물류,126,대중교통ㆍ물류등기타,10039490000,0,0,10039490000,0,0
2025,대구,2717000,대구달서구,기타특별회계,110,산업ㆍ중소기업및에너지,115,에너지및자원개발,80000000,0,0,80000000,0,0
2025,대구,2717000,대구달서구,기타특별회계,080,사회복지,081,기초생활보장,2068500000,0,0,2068500000,0,0
2025,대구,2717000,대구달서구,기타특별회계,070,환경,071,상하수도ㆍ수질,76300000,0,0,76300000,0,0
2025,대구,2717000,대구달서구,기타특별회계,010,일반공공행정,016,일반행정,0,0,0,0,0,0
2025,대구,2717000,대구달서구,일반회계,900,기타,901,기타,0,0,137560927000,29104672000,0,137560927000
2025,대구,2717000,대구달서구,일반회계,160,예비비,161,예비비,1687033000,0,0,1687033000,0,0
2025,대구,2717000,대구달서구,일반회계,140,국토및지역개발,142,지역및도시,19451196000,1927000,0,19451196000,1927000,0
2025,대구,2717000,대구달서구,일반회계,120,교통및물류,126,대중교통ㆍ물류등기타,2262675000,0,0,2262675000,0,0
2025,대구,2717000,대구달서구,일반회계,120,교통및물류,121,도로,3399011000,0,0,3399011000,0,0
2025,대구,2717000,대구달서구,일반회계,110,산업ㆍ중소기업및에너지,115,에너지및자원개발,1072954000,0,0,1072954000,0,0
2025,대구,2717000,대구달서구,일반회계,110,산업ㆍ중소기업및에너지,114,산업진흥ㆍ고도화,6665121000,0,0,6665121000,0,0
2025,대구,2717000,대구달서구,일반회계,100,농림해양수산,102,임업ㆍ산촌,2440868000,0,0,2440868000,0,0
2025,대구,2717000,대구달서구,일반회계,100,농림해양수산,101,농업ㆍ농촌,2391093000,0,0,2391093000,0,0
2025,대구,2717000,대구달서구,일반회계,090,보건,093,식품의약안전,1600173000,0,0,1600173000,0,0
2025,대구,2717000,대구달서구,일반회계,090,보건,091,보건의료,25175313000,0,0,25175313000,0,0
2025,대구,2717000,대구달서구,일반회계,080,사회복지,08D,청소년,4351177000,0,0,4351177000,0,0
2025,대구,2717000,대구달서구,일반회계,080,사회복지,08C,노인,286132235000,0,0,286132235000,0,0
2025,대구,2717000,대구달서구,일반회계,080,사회복지,08B,가족·여성,20955422000,0,0,20955422000,0,0
2025,대구,2717000,대구달서구,일반회계,080,사회복지,08A,보육,120427156000,0,0,120427156000,0,0
2025,대구,2717000,대구달서구,일반회계,080,사회복지,089,사회복지일반,46271365000,0,0,46271365000,0,0
2025,대구,2717000,대구달서구,일반회계,080,사회복지,087,보훈,5277694000,0,0,5277694000,0,0
2025,대구,2717000,대구달서구,일반회계,080,사회복지,086,노동,3005232000,0,0,3005232000,0,0
2025,대구,2717000,대구달서구,일반회계,080,사회복지,082,취약계층지원,117542976000,0,0,117542976000,0,0
2025,대구,2717000,대구달서구,일반회계,080,사회복지,081,기초생활보장,196619933000,0,0,196619933000,0,0
2025,대구,2717000,대구달서구,일반회계,070,환경,076,환경보호일반,855291000,0,0,855291000,0,0
2025,대구,2717000,대구달서구,일반회계,070,환경,073,대기,798354000,0,0,798354000,0,0
2025,대구,2717000,대구달서구,일반회계,070,환경,072,폐기물,23278179000,0,0,22203179000,0,0
2025,대구,2717000,대구달서구,일반회계,070,환경,071,상하수도ㆍ수질,6566920000,0,0,6529420000,0,0
2025,대구,2717000,대구달서구,일반회계,060,문화및관광,063,체육,6192743000,0,0,6192743000,0,0
2025,대구,2717000,대구달서구,일반회계,060,문화및관광,061,문화예술,13284758000,0,0,13284758000,0,0
2025,대구,2717000,대구달서구,일반회계,050,교육,053,평생ㆍ직업교육,3391704000,0,0,3391704000,0,0
2025,대구,2717000,대구달서구,일반회계,050,교육,051,유아및초중등교육,8422431000,0,0,8422431000,0,0
2025,대구,2717000,대구달서구,일반회계,020,공공질서및안전,025,재난방재ㆍ민방위,3138410000,1483488000,0,3138410000,1483488000,0
2025,대구,2717000,대구달서구,일반회계,010,일반공공행정,016,일반행정,32903485000,3280000000,0,32903485000,1845000000,0
2025,대구,2717000,대구달서구,일반회계,010,일반공공행정,013,지방행정ㆍ재정지원,1771350000,0,0,1771350000,0,0
2025,대구,2771000,대구달성군,일반회계,010,일반공공행정,011,입법및선거관리,1462804000,0,0,1462804000,0,0
2025,대구,2771000,대구달성군,기타특별회계,900,기타,901,기타,0,2913229000,0,11233000,131497000,0
2025,대구,2771000,대구달성군,기타특별회계,140,국토및지역개발,141,수자원,19900000,0,0,19900000,0,0
2025,대구,2771000,대구달성군,기타특별회계,110,산업ㆍ중소기업및에너지,115,에너지및자원개발,55600000,0,0,55600000,0,0
2025,대구,2771000,대구달성군,기타특별회계,080,사회복지,082,취약계층지원,863000000,0,0,863000000,0,0
2025,대구,2771000,대구달성군,기타특별회계,070,환경,072,폐기물,0,0,0,0,0,0
2025,대구,2771000,대구달성군,일반회계,900,기타,901,기타,0,4884943000,116528973000,10630187000,2107535000,116528973000
2025,대구,2771000,대구달성군,일반회계,160,예비비,161,예비비,18192663000,0,0,18192663000,0,0
2025,대구,2771000,대구달성군,일반회계,140,국토및지역개발,143,산업단지,69200000,0,0,69200000,0,0
2025,대구,2771000,대구달성군,일반회계,140,국토및지역개발,142,지역및도시,38537661000,0,0,38537661000,0,0
2025,대구,2771000,대구달성군,일반회계,140,국토및지역개발,141,수자원,8260061000,0,0,8260061000,0,0
2025,대구,2771000,대구달성군,일반회계,120,교통및물류,126,대중교통ㆍ물류등기타,19975285000,0,0,19975285000,0,0
2025,대구,2771000,대구달성군,일반회계,120,교통및물류,121,도로,52788525000,0,0,52788525000,0,0
2025,대구,2771000,대구달성군,일반회계,110,산업ㆍ중소기업및에너지,116,산업ㆍ중소기업일반,5324369000,0,0,5324369000,0,0
2025,대구,2771000,대구달성군,일반회계,110,산업ㆍ중소기업및에너지,115,에너지및자원개발,3248314000,0,0,3248314000,0,0
2025,대구,2771000,대구달성군,일반회계,110,산업ㆍ중소기업및에너지,114,산업진흥ㆍ고도화,56894000,0,0,56894000,0,0
2025,대구,2771000,대구달성군,일반회계,110,산업ㆍ중소기업및에너지,113,무역및투자유치,2154300000,0,0,2154300000,0,0
2025,대구,2771000,대구달성군,일반회계,100,농림해양수산,102,임업ㆍ산촌,21255570000,0,0,21255570000,0,0
2025,대구,2771000,대구달성군,일반회계,100,농림해양수산,101,농업ㆍ농촌,39742037000,0,0,39742037000,0,0
2025,대구,2771000,대구달성군,일반회계,090,보건,093,식품의약안전,913582000,0,0,913582000,0,0
2025,대구,2771000,대구달성군,일반회계,090,보건,091,보건의료,24704570000,0,0,24704570000,0,0
2025,대구,2771000,대구달성군,일반회계,080,사회복지,08D,청소년,5420495000,0,0,5420495000,0,0
2025,대구,2771000,대구달성군,일반회계,080,사회복지,08C,노인,139702415000,0,0,139702415000,0,0
2025,대구,2771000,대구달성군,일반회계,080,사회복지,08B,가족·여성,12834176000,0,0,12834176000,0,0
2025,대구,2771000,대구달성군,일반회계,080,사회복지,08A,보육,103105490000,0,0,103105490000,0,0
2025,대구,2771000,대구달성군,일반회계,080,사회복지,087,보훈,5586680000,0,0,5586680000,0,0
2025,대구,2771000,대구달성군,일반회계,080,사회복지,086,노동,1361767000,0,0,1361767000,0,0
2025,대구,2771000,대구달성군,일반회계,080,사회복지,082,취약계층지원,94464967000,0,0,94464967000,0,0
2025,대구,2771000,대구달성군,일반회계,080,사회복지,081,기초생활보장,78838161000,0,0,78838161000,0,0
2025,대구,2771000,대구달성군,일반회계,070,환경,074,자연,502333000,0,0,502333000,0,0
2025,대구,2771000,대구달성군,일반회계,070,환경,073,대기,2199363000,0,0,2199363000,0,0
2025,대구,2771000,대구달성군,일반회계,070,환경,072,폐기물,29517866000,0,0,28961620000,0,0
2025,대구,2771000,대구달성군,일반회계,070,환경,071,상하수도ㆍ수질,1435873000,0,0,1435873000,0,0
2025,대구,2771000,대구달성군,일반회계,060,문화및관광,065,문화및관광일반,7914864000,0,0,7914864000,0,0
2025,대구,2771000,대구달성군,일반회계,060,문화및관광,064,문화재,6283193000,0,0,6283193000,0,0
2025,대구,2771000,대구달성군,일반회계,060,문화및관광,063,체육,10919608000,0,0,10919608000,0,0
2025,대구,2771000,대구달성군,일반회계,060,문화및관광,062,관광,8197735000,0,0,8197735000,0,0
2025,대구,2771000,대구달성군,일반회계,060,문화및관광,061,문화예술,14778803000,0,0,14778803000,0,0
2025,대구,2771000,대구달성군,일반회계,050,교육,053,평생ㆍ직업교육,5394740000,0,0,5394740000,0,0
2025,대구,2771000,대구달성군,일반회계,050,교육,052,고등교육,200000000,0,0,200000000,0,0
2025,대구,2771000,대구달성군,일반회계,050,교육,051,유아및초중등교육,11821092000,0,0,11821092000,0,0
2025,대구,2771000,대구달성군,일반회계,020,공공질서및안전,025,재난방재ㆍ민방위,2089788000,0,0,2089788000,0,0
2025,대구,2771000,대구달성군,일반회계,010,일반공공행정,016,일반행정,25659395000,0,0,25659395000,0,0
2025,대구,2771000,대구달성군,일반회계,010,일반공공행정,013,지방행정ㆍ재정지원,26671445000,0,0,26671445000,0,0
2025,대구,2772000,대구군위군,일반회계,010,일반공공행정,011,입법및선거관리,958811000,0,0,958811000,0,0
2025,대구,2772000,대구군위군,기타특별회계,900,기타,901,기타,0,0,0,10897000,0,0
2025,대구,2772000,대구군위군,기타특별회계,140,국토및지역개발,143,산업단지,221130000,0,0,221130000,0,0
2025,대구,2772000,대구군위군,기타특별회계,140,국토및지역개발,141,수자원,317999000,0,0,317999000,0,0
2025,대구,2772000,대구군위군,기타특별회계,110,산업ㆍ중소기업및에너지,115,에너지및자원개발,26000000,0,0,26000000,0,0
2025,대구,2772000,대구군위군,기타특별회계,100,농림해양수산,102,임업ㆍ산촌,0,84219000,0,0,84219000,0
2025,대구,2772000,대구군위군,기타특별회계,080,사회복지,082,취약계층지원,0,0,0,0,0,0
2025,대구,2772000,대구군위군,기타특별회계,080,사회복지,081,기초생활보장,696142000,0,0,397460000,0,0
2025,대구,2772000,대구군위군,기타특별회계,010,일반공공행정,016,일반행정,4960000,0,0,4960000,0,0
2025,대구,2772000,대구군위군,일반회계,900,기타,901,기타,0,0,55588711000,3513630000,0,55588711000
2025,대구,2772000,대구군위군,일반회계,160,예비비,161,예비비,11112732000,0,0,11112732000,0,0
2025,대구,2772000,대구군위군,일반회계,140,국토및지역개발,143,산업단지,0,205915000,0,0,0,0
2025,대구,2772000,대구군위군,일반회계,140,국토및지역개발,142,지역및도시,4652447000,0,0,4652447000,0,0
2025,대구,2772000,대구군위군,일반회계,140,국토및지역개발,141,수자원,0,214345000,0,0,214345000,0
2025,대구,2772000,대구군위군,일반회계,120,교통및물류,126,대중교통ㆍ물류등기타,4561750000,0,0,4561750000,0,0
2025,대구,2772000,대구군위군,일반회계,120,교통및물류,121,도로,10553855000,0,0,9853855000,0,0
2025,대구,2772000,대구군위군,일반회계,110,산업ㆍ중소기업및에너지,115,에너지및자원개발,821110000,0,0,821110000,0,0
2025,대구,2772000,대구군위군,일반회계,110,산업ㆍ중소기업및에너지,114,산업진흥ㆍ고도화,2315908000,0,0,2315908000,0,0
2025,대구,2772000,대구군위군,일반회계,100,농림해양수산,102,임업ㆍ산촌,15380102000,0,0,15380102000,0,0
2025,대구,2772000,대구군위군,일반회계,100,농림해양수산,101,농업ㆍ농촌,90249541000,0,0,90249541000,0,0
2025,대구,2772000,대구군위군,일반회계,090,보건,093,식품의약안전,243100000,0,0,243100000,0,0
2025,대구,2772000,대구군위군,일반회계,090,보건,091,보건의료,5853459000,0,0,5853459000,0,0
2025,대구,2772000,대구군위군,일반회계,080,사회복지,08D,청소년,907973000,0,0,907973000,0,0
2025,대구,2772000,대구군위군,일반회계,080,사회복지,08C,노인,45211863000,0,0,45211863000,0,0
2025,대구,2772000,대구군위군,일반회계,080,사회복지,08B,가족·여성,2041606000,0,0,2041606000,0,0
2025,대구,2772000,대구군위군,일반회계,080,사회복지,08A,보육,4710954000,0,0,4710954000,0,0
2025,대구,2772000,대구군위군,일반회계,080,사회복지,089,사회복지일반,3248810000,298682000,0,3248810000,0,0
2025,대구,2772000,대구군위군,일반회계,080,사회복지,088,주택,885200000,0,0,885200000,0,0
2025,대구,2772000,대구군위군,일반회계,080,사회복지,087,보훈,1807010000,0,0,1807010000,0,0
2025,대구,2772000,대구군위군,일반회계,080,사회복지,086,노동,343978000,0,0,343978000,0,0
2025,대구,2772000,대구군위군,일반회계,080,사회복지,082,취약계층지원,5643471000,0,0,5643471000,0,0
2025,대구,2772000,대구군위군,일반회계,080,사회복지,081,기초생활보장,5408030000,0,0,5408030000,0,0
2025,대구,2772000,대구군위군,일반회계,070,환경,074,자연,2606759000,0,0,2606759000,0,0
2025,대구,2772000,대구군위군,일반회계,070,환경,073,대기,1444123000,0,0,1444123000,0,0
2025,대구,2772000,대구군위군,일반회계,070,환경,072,폐기물,7025611000,0,0,7025611000,0,0
2025,대구,2772000,대구군위군,일반회계,070,환경,071,상하수도ㆍ수질,19192290000,0,0,19192290000,0,0
2025,대구,2772000,대구군위군,일반회계,060,문화및관광,064,문화재,997366000,0,0,997366000,0,0
2025,대구,2772000,대구군위군,일반회계,060,문화및관광,063,체육,22368688000,0,0,22368688000,0,0
2025,대구,2772000,대구군위군,일반회계,060,문화및관광,062,관광,3766601000,0,0,3766601000,0,0
2025,대구,2772000,대구군위군,일반회계,060,문화및관광,061,문화예술,3164213000,0,0,3164213000,0,0
2025,대구,2772000,대구군위군,일반회계,050,교육,053,평생ㆍ직업교육,11580000,0,0,11580000,0,0
2025,대구,2772000,대구군위군,일반회계,050,교육,051,유아및초중등교육,13568061000,0,0,13568061000,0,0
2025,대구,2772000,대구군위군,일반회계,020,공공질서및안전,026,소방,99880000,0,0,99880000,0,0
2025,대구,2772000,대구군위군,일반회계,020,공공질서및안전,025,재난방재ㆍ민방위,25517066000,0,0,25517066000,0,0
2025,대구,2772000,대구군위군,일반회계,010,일반공공행정,016,일반행정,26083765000,0,0,26083765000,0,0
2025,대구,2772000,대구군위군,일반회계,010,일반공공행정,014,재정ㆍ금융,58043000,0,0,58043000,0,0
2025,대구,2772000,대구군위군,일반회계,010,일반공공행정,013,지방행정ㆍ재정지원,1176591000,0,0,1176591000,0,0
2024,대구,2700000,대구본청,일반회계,010,일반공공행정,011,입법및선거관리,6462970000,0,0,6462970000,0,0
2024,대구,2700000,대구본청,공기업특별회계,900,기타,901,기타,0,0,101238896000,0,0,101238896000
2024,대구,2700000,대구본청,공기업특별회계,160,예비비,161,예비비,0,4241709000,0,0,4241709000,0
2024,대구,2700000,대구본청,공기업특별회계,070,환경,071,상하수도ㆍ수질,523026099000,8093296000,0,515429027000,4201200000,0
2024,대구,2700000,대구본청,기타특별회계,900,기타,901,기타,0,0,279071298000,3559104000,0,279071298000
2024,대구,2700000,대구본청,기타특별회계,140,국토및지역개발,143,산업단지,3907827000,0,0,3907827000,0,0
2024,대구,2700000,대구본청,기타특별회계,140,국토및지역개발,142,지역및도시,0,0,0,0,0,0
2024,대구,2700000,대구본청,기타특별회계,120,교통및물류,126,대중교통ㆍ물류등기타,65894760000,0,0,52936760000,0,0
2024,대구,2700000,대구본청,기타특별회계,120,교통및물류,123,도시철도,337113200000,0,0,337113200000,0,0
2024,대구,2700000,대구본청,기타특별회계,120,교통및물류,121,도로,5761000000,0,0,5761000000,0,0
2024,대구,2700000,대구본청,기타특별회계,110,산업ㆍ중소기업및에너지,114,산업진흥ㆍ고도화,0,0,0,0,0,0
2024,대구,2700000,대구본청,기타특별회계,090,보건,091,보건의료,0,0,0,0,0,0
2024,대구,2700000,대구본청,기타특별회계,080,사회복지,081,기초생활보장,772154000000,0,0,763069500000,0,0
2024,대구,2700000,대구본청,기타특별회계,070,환경,071,상하수도ㆍ수질,1370681000,709000000,0,361473000,709000000,0
2024,대구,2700000,대구본청,기타특별회계,050,교육,052,고등교육,0,2590376000,0,0,2590376000,0
2024,대구,2700000,대구본청,기타특별회계,050,교육,051,유아및초중등교육,4169624000,0,0,4169624000,0,0
2024,대구,2700000,대구본청,기타특별회계,020,공공질서및안전,026,소방,65003914000,0,0,65003914000,0,0
2024,대구,2700000,대구본청,기타특별회계,010,일반공공행정,014,재정ㆍ금융,0,63228080000,0,0,63228080000,0
2024,대구,2700000,대구본청,기타특별회계,010,일반공공행정,013,지방행정ㆍ재정지원,4547240000,0,0,0,0,0
2024,대구,2700000,대구본청,일반회계,900,기타,901,기타,0,405000000,377465064000,3559104000,405000000,377465064000
2024,대구,2700000,대구본청,일반회계,160,예비비,161,예비비,33583332000,0,0,33583332000,0,0
2024,대구,2700000,대구본청,일반회계,150,과학기술,152,과학기술연구지원,23049368000,0,0,23049368000,0,0
2024,대구,2700000,대구본청,일반회계,140,국토및지역개발,143,산업단지,10396270000,0,0,10396270000,0,0
2024,대구,2700000,대구본청,일반회계,140,국토및지역개발,142,지역및도시,124700403000,2537846000,0,95824706000,2537846000,0
2024,대구,2700000,대구본청,일반회계,140,국토및지역개발,141,수자원,4636599000,0,0,4636599000,0,0
2024,대구,2700000,대구본청,일반회계,120,교통및물류,126,대중교통ㆍ물류등기타,350529346000,307080498000,0,348670260000,631535000,0
2024,대구,2700000,대구본청,일반회계,120,교통및물류,125,항공ㆍ공항,1288898000,0,0,1288898000,0,0
2024,대구,2700000,대구본청,일반회계,120,교통및물류,121,도로,196359219000,0,0,195286019000,0,0
2024,대구,2700000,대구본청,일반회계,110,산업ㆍ중소기업및에너지,116,산업ㆍ중소기업일반,0,1402464000,0,0,1402464000,0
2024,대구,2700000,대구본청,일반회계,110,산업ㆍ중소기업및에너지,115,에너지및자원개발,8202470000,0,0,6761708000,0,0
2024,대구,2700000,대구본청,일반회계,110,산업ㆍ중소기업및에너지,114,산업진흥ㆍ고도화,190368114000,3504337000,0,181899102000,3504337000,0
2024,대구,2700000,대구본청,일반회계,110,산업ㆍ중소기업및에너지,113,무역및투자유치,76034804000,2603771000,0,74684804000,2603771000,0
2024,대구,2700000,대구본청,일반회계,110,산업ㆍ중소기업및에너지,112,산업기술지원,26633866000,0,0,26633866000,0,0
2024,대구,2700000,대구본청,일반회계,110,산업ㆍ중소기업및에너지,111,산업금융지원,114945566000,0,0,114670466000,0,0
2024,대구,2700000,대구본청,일반회계,100,농림해양수산,102,임업ㆍ산촌,30204688000,0,0,3712247000,0,0
2024,대구,2700000,대구본청,일반회계,100,농림해양수산,101,농업ㆍ농촌,75811484000,1479500000,0,18451843000,1479500000,0
2024,대구,2700000,대구본청,일반회계,090,보건,093,식품의약안전,7576163000,0,0,3270597000,0,0
2024,대구,2700000,대구본청,일반회계,090,보건,091,보건의료,164082663000,122427000000,0,50332538000,0,0
2024,대구,2700000,대구본청,일반회계,080,사회복지,087,보훈,18674294000,0,0,3272006000,0,0
2024,대구,2700000,대구본청,일반회계,080,사회복지,086,노동,31636630000,0,0,20382630000,0,0
2024,대구,2700000,대구본청,일반회계,080,사회복지,085,노인ㆍ청소년,1574682651000,1203874000,0,187230391000,1203874000,0
2024,대구,2700000,대구본청,일반회계,080,사회복지,084,보육ㆍ가족및여성,855451573000,0,0,26390256000,0,0
2024,대구,2700000,대구본청,일반회계,080,사회복지,082,취약계층지원,566709918000,172500000,0,76520541000,172500000,0
2024,대구,2700000,대구본청,일반회계,080,사회복지,081,기초생활보장,818456839000,0,0,1452094000,0,0
2024,대구,2700000,대구본청,일반회계,070,환경,076,환경보호일반,27054177000,15800000,0,25020177000,4000000,0
2024,대구,2700000,대구본청,일반회계,070,환경,074,자연,4202808000,0,0,1947308000,0,0
2024,대구,2700000,대구본청,일반회계,070,환경,073,대기,28178237000,0,0,23373937000,0,0
2024,대구,2700000,대구본청,일반회계,070,환경,072,폐기물,84007648000,0,0,83183520000,0,0
2024,대구,2700000,대구본청,일반회계,070,환경,071,상하수도ㆍ수질,12010955000,881926000,0,7807263000,181926000,0
2024,대구,2700000,대구본청,일반회계,060,문화및관광,064,문화재,31432093000,0,0,14249184000,0,0
2024,대구,2700000,대구본청,일반회계,060,문화및관광,063,체육,92586357000,2539574000,0,75131627000,2539574000,0
2024,대구,2700000,대구본청,일반회계,060,문화및관광,062,관광,9099650000,4500000000,0,7326650000,4500000000,0
2024,대구,2700000,대구본청,일반회계,060,문화및관광,061,문화예술,152548087000,320000000,0,137496637000,320000000,0
2024,대구,2700000,대구본청,일반회계,050,교육,053,평생ㆍ직업교육,1873484000,0,0,1584384000,0,0
2024,대구,2700000,대구본청,일반회계,050,교육,052,고등교육,7244500000,133000000,0,7244500000,133000000,0
2024,대구,2700000,대구본청,일반회계,050,교육,051,유아및초중등교육,478184864000,0,0,469330893000,0,0
2024,대구,2700000,대구본청,일반회계,020,공공질서및안전,025,재난방재ㆍ민방위,70289902000,50199300000,0,43906751000,46265300000,0
2024,대구,2700000,대구본청,일반회계,020,공공질서및안전,023,경찰,5287645000,0,0,5287645000,0,0
2024,대구,2700000,대구본청,일반회계,010,일반공공행정,016,일반행정,87663185000,0,0,71825145000,0,0
2024,대구,2700000,대구본청,일반회계,010,일반공공행정,014,재정ㆍ금융,0,393874426000,0,0,53417970000,0
2024,대구,2700000,대구본청,일반회계,010,일반공공행정,013,지방행정ㆍ재정지원,670185400000,0,0,2710046000,0,0
2024,대구,2711000,대구중구,일반회계,010,일반공공행정,011,입법및선거관리,801569000,0,0,801569000,0,0
2024,대구,2711000,대구중구,기타특별회계,900,기타,901,기타,0,0,0,6473000,0,0
2024,대구,2711000,대구중구,기타특별회계,080,사회복지,081,기초생활보장,420000000,30000000,0,420000000,27500000,0
2024,대구,2711000,대구중구,기타특별회계,070,환경,071,상하수도ㆍ수질,32000000,0,0,32000000,0,0
2024,대구,2711000,대구중구,기타특별회계,010,일반공공행정,014,재정ㆍ금융,0,10000000,0,0,10000000,0
2024,대구,2711000,대구중구,일반회계,900,기타,901,기타,0,0,70505334000,10422004000,0,70505334000
2024,대구,2711000,대구중구,일반회계,160,예비비,161,예비비,5007783000,0,0,5007783000,0,0
2024,대구,2711000,대구중구,일반회계,140,국토및지역개발,142,지역및도시,7315918000,30000000,0,7315918000,30000000,0
2024,대구,2711000,대구중구,일반회계,120,교통및물류,126,대중교통ㆍ물류등기타,14030622000,200000000,0,14030622000,200000000,0
2024,대구,2711000,대구중구,일반회계,120,교통및물류,121,도로,3770835000,0,0,3770835000,0,0
2024,대구,2711000,대구중구,일반회계,110,산업ㆍ중소기업및에너지,115,에너지및자원개발,76270000,0,0,76270000,0,0
2024,대구,2711000,대구중구,일반회계,110,산업ㆍ중소기업및에너지,114,산업진흥ㆍ고도화,1183474000,0,0,1183474000,0,0
2024,대구,2711000,대구중구,일반회계,100,농림해양수산,101,농업ㆍ농촌,201233000,0,0,201233000,0,0
2024,대구,2711000,대구중구,일반회계,090,보건,093,식품의약안전,480524000,0,0,480524000,0,0
2024,대구,2711000,대구중구,일반회계,090,보건,091,보건의료,7868613000,0,0,7868613000,0,0
2024,대구,2711000,대구중구,일반회계,080,사회복지,089,사회복지일반,0,0,0,0,0,0
2024,대구,2711000,대구중구,일반회계,080,사회복지,088,주택,7192960000,0,0,7192960000,0,0
2024,대구,2711000,대구중구,일반회계,080,사회복지,087,보훈,960450000,0,0,960450000,0,0
2024,대구,2711000,대구중구,일반회계,080,사회복지,086,노동,1856455000,0,0,1856455000,0,0
2024,대구,2711000,대구중구,일반회계,080,사회복지,085,노인ㆍ청소년,78851628000,0,0,78851628000,0,0
2024,대구,2711000,대구중구,일반회계,080,사회복지,084,보육ㆍ가족및여성,29598712000,0,0,29598712000,0,0
2024,대구,2711000,대구중구,일반회계,080,사회복지,082,취약계층지원,33791789000,0,0,33791789000,0,0
2024,대구,2711000,대구중구,일반회계,080,사회복지,081,기초생활보장,21198130000,0,0,21198130000,0,0
2024,대구,2711000,대구중구,일반회계,070,환경,073,대기,529714000,0,0,529714000,0,0
2024,대구,2711000,대구중구,일반회계,070,환경,072,폐기물,10470406000,0,0,10470406000,0,0
2024,대구,2711000,대구중구,일반회계,070,환경,071,상하수도ㆍ수질,120502000,0,0,120502000,0,0
2024,대구,2711000,대구중구,일반회계,060,문화및관광,064,문화재,674416000,0,0,674416000,0,0
2024,대구,2711000,대구중구,일반회계,060,문화및관광,063,체육,1462679000,0,0,1462679000,0,0
2024,대구,2711000,대구중구,일반회계,060,문화및관광,062,관광,2221559000,0,0,2211559000,0,0
2024,대구,2711000,대구중구,일반회계,060,문화및관광,061,문화예술,5152149000,0,0,5152149000,0,0
2024,대구,2711000,대구중구,일반회계,050,교육,053,평생ㆍ직업교육,25803000,0,0,25803000,0,0
2024,대구,2711000,대구중구,일반회계,050,교육,051,유아및초중등교육,1686384000,0,0,1686384000,0,0
2024,대구,2711000,대구중구,일반회계,020,공공질서및안전,025,재난방재ㆍ민방위,2006696000,546225000,0,2006696000,546225000,0
2024,대구,2711000,대구중구,일반회계,010,일반공공행정,016,일반행정,13596892000,0,0,13596892000,0,0
2024,대구,2711000,대구중구,일반회계,010,일반공공행정,014,재정ㆍ금융,0,1020740000,0,0,515740000,0
2024,대구,2711000,대구중구,일반회계,010,일반공공행정,013,지방행정ㆍ재정지원,563536000,0,0,563536000,0,0
2024,대구,2712000,대구동구,일반회계,010,일반공공행정,011,입법및선거관리,1369325000,0,0,1369325000,0,0
2024,대구,2712000,대구동구,기타특별회계,900,기타,901,기타,0,0,1115994000,21992000,0,1115994000
2024,대구,2712000,대구동구,기타특별회계,120,교통및물류,126,대중교통ㆍ물류등기타,4714626000,0,0,4714626000,0,0
2024,대구,2712000,대구동구,기타특별회계,110,산업ㆍ중소기업및에너지,115,에너지및자원개발,138000000,0,0,138000000,0,0
2024,대구,2712000,대구동구,기타특별회계,080,사회복지,081,기초생활보장,1250000000,290982000,0,1250000000,237155000,0
2024,대구,2712000,대구동구,기타특별회계,070,환경,076,환경보호일반,90398000,0,0,90398000,0,0
2024,대구,2712000,대구동구,기타특별회계,070,환경,072,폐기물,0,0,0,0,0,0
2024,대구,2712000,대구동구,일반회계,900,기타,901,기타,0,0,118443815000,22651020000,0,118443815000
2024,대구,2712000,대구동구,일반회계,160,예비비,161,예비비,1035608000,0,0,1035608000,0,0
2024,대구,2712000,대구동구,일반회계,140,국토및지역개발,142,지역및도시,22365232000,1009000,0,22365232000,1009000,0
2024,대구,2712000,대구동구,일반회계,140,국토및지역개발,141,수자원,4523520000,0,0,4523520000,0,0
2024,대구,2712000,대구동구,일반회계,120,교통및물류,126,대중교통ㆍ물류등기타,718318000,0,0,718318000,0,0
2024,대구,2712000,대구동구,일반회계,120,교통및물류,121,도로,5532921000,0,0,5532921000,0,0
2024,대구,2712000,대구동구,일반회계,110,산업ㆍ중소기업및에너지,115,에너지및자원개발,682174000,0,0,682174000,0,0
2024,대구,2712000,대구동구,일반회계,110,산업ㆍ중소기업및에너지,114,산업진흥ㆍ고도화,2371430000,0,0,2371430000,0,0
2024,대구,2712000,대구동구,일반회계,100,농림해양수산,101,농업ㆍ농촌,5886115000,0,0,5886115000,0,0
2024,대구,2712000,대구동구,일반회계,090,보건,093,식품의약안전,1200141000,0,0,1200141000,0,0
2024,대구,2712000,대구동구,일반회계,090,보건,091,보건의료,20946184000,0,0,20946184000,0,0
2024,대구,2712000,대구동구,일반회계,080,사회복지,089,사회복지일반,16852279000,0,0,16852279000,0,0
2024,대구,2712000,대구동구,일반회계,080,사회복지,086,노동,3085467000,0,0,3085467000,0,0
2024,대구,2712000,대구동구,일반회계,080,사회복지,085,노인ㆍ청소년,280146580000,0,0,280146580000,0,0
2024,대구,2712000,대구동구,일반회계,080,사회복지,084,보육ㆍ가족및여성,101927277000,0,0,101927277000,0,0
2024,대구,2712000,대구동구,일반회계,080,사회복지,082,취약계층지원,76035514000,0,0,76035514000,0,0
2024,대구,2712000,대구동구,일반회계,080,사회복지,081,기초생활보장,133230252000,0,0,133230252000,0,0
2024,대구,2712000,대구동구,일반회계,070,환경,076,환경보호일반,2972770000,0,0,2972770000,0,0
2024,대구,2712000,대구동구,일반회계,070,환경,072,폐기물,17289284000,0,0,17289284000,0,0
2024,대구,2712000,대구동구,일반회계,060,문화및관광,065,문화및관광일반,0,0,0,0,0,0
2024,대구,2712000,대구동구,일반회계,060,문화및관광,064,문화재,14603054000,0,0,14603054000,0,0
2024,대구,2712000,대구동구,일반회계,060,문화및관광,063,체육,4963915000,0,0,4963915000,0,0
2024,대구,2712000,대구동구,일반회계,060,문화및관광,061,문화예술,12252603000,0,0,12252603000,0,0
2024,대구,2712000,대구동구,일반회계,050,교육,053,평생ㆍ직업교육,6286992000,0,0,6286992000,0,0
2024,대구,2712000,대구동구,일반회계,020,공공질서및안전,025,재난방재ㆍ민방위,3272072000,950000000,0,3272072000,950000000,0
2024,대구,2712000,대구동구,일반회계,010,일반공공행정,016,일반행정,19054093000,0,0,19054093000,0,0
2024,대구,2712000,대구동구,일반회계,010,일반공공행정,013,지방행정ㆍ재정지원,1202056000,0,0,1202056000,0,0
2024,대구,2713000,대구서구,일반회계,010,일반공공행정,011,입법및선거관리,851386000,0,0,851386000,0,0
2024,대구,2713000,대구서구,기타특별회계,900,기타,901,기타,0,0,0,60109000,0,0
2024,대구,2713000,대구서구,기타특별회계,140,국토및지역개발,142,지역및도시,3000000000,0,0,3000000000,0,0
2024,대구,2713000,대구서구,기타특별회계,080,사회복지,082,취약계층지원,900000000,0,0,900000000,0,0
2024,대구,2713000,대구서구,기타특별회계,080,사회복지,081,기초생활보장,0,0,0,0,0,0
2024,대구,2713000,대구서구,기타특별회계,070,환경,071,상하수도ㆍ수질,54600000,0,0,54600000,0,0
2024,대구,2713000,대구서구,기타특별회계,010,일반공공행정,014,재정ㆍ금융,0,0,0,0,0,0
2024,대구,2713000,대구서구,일반회계,900,기타,901,기타,0,0,83906364000,18333494000,0,83906364000
2024,대구,2713000,대구서구,일반회계,160,예비비,161,예비비,6151876000,0,0,6151876000,0,0
2024,대구,2713000,대구서구,일반회계,140,국토및지역개발,142,지역및도시,18639131000,0,0,18639131000,0,0
2024,대구,2713000,대구서구,일반회계,120,교통및물류,126,대중교통ㆍ물류등기타,3143089000,0,0,3143089000,0,0
2024,대구,2713000,대구서구,일반회계,120,교통및물류,121,도로,4374366000,0,0,4374366000,0,0
2024,대구,2713000,대구서구,일반회계,110,산업ㆍ중소기업및에너지,115,에너지및자원개발,293417000,0,0,293417000,0,0
2024,대구,2713000,대구서구,일반회계,110,산업ㆍ중소기업및에너지,114,산업진흥ㆍ고도화,1513313000,0,0,1513313000,0,0
2024,대구,2713000,대구서구,일반회계,100,농림해양수산,102,임업ㆍ산촌,7810334000,0,0,7810334000,0,0
2024,대구,2713000,대구서구,일반회계,100,농림해양수산,101,농업ㆍ농촌,330979000,0,0,330979000,0,0
2024,대구,2713000,대구서구,일반회계,090,보건,093,식품의약안전,790382000,0,0,790382000,0,0
2024,대구,2713000,대구서구,일반회계,090,보건,091,보건의료,8971065000,0,0,8971065000,0,0
2024,대구,2713000,대구서구,일반회계,080,사회복지,087,보훈,6772850000,0,0,6772850000,0,0
2024,대구,2713000,대구서구,일반회계,080,사회복지,086,노동,1366761000,0,0,1366761000,0,0
2024,대구,2713000,대구서구,일반회계,080,사회복지,085,노인ㆍ청소년,164039695000,0,0,164039695000,0,0
2024,대구,2713000,대구서구,일반회계,080,사회복지,084,보육ㆍ가족및여성,16965963000,0,0,16965963000,0,0
2024,대구,2713000,대구서구,일반회계,080,사회복지,082,취약계층지원,74969928000,0,0,74969928000,0,0
2024,대구,2713000,대구서구,일반회계,080,사회복지,081,기초생활보장,98052300000,0,0,98052300000,0,0
2024,대구,2713000,대구서구,일반회계,070,환경,076,환경보호일반,151759000,0,0,151759000,0,0
2024,대구,2713000,대구서구,일반회계,070,환경,073,대기,1160545000,0,0,1160545000,0,0
2024,대구,2713000,대구서구,일반회계,070,환경,072,폐기물,12821398000,0,0,12821398000,0,0
2024,대구,2713000,대구서구,일반회계,070,환경,071,상하수도ㆍ수질,944945000,0,0,944945000,0,0
2024,대구,2713000,대구서구,일반회계,060,문화및관광,063,체육,4844795000,0,0,4844795000,0,0
2024,대구,2713000,대구서구,일반회계,060,문화및관광,061,문화예술,17306763000,0,0,17306763000,0,0
2024,대구,2713000,대구서구,일반회계,050,교육,053,평생ㆍ직업교육,263775000,0,0,263775000,0,0
2024,대구,2713000,대구서구,일반회계,050,교육,051,유아및초중등교육,4116486000,0,0,4116486000,0,0
2024,대구,2713000,대구서구,일반회계,020,공공질서및안전,025,재난방재ㆍ민방위,2432567000,467850000,0,2432567000,467850000,0
2024,대구,2713000,대구서구,일반회계,010,일반공공행정,016,일반행정,18782633000,0,0,18782633000,0,0
2024,대구,2713000,대구서구,일반회계,010,일반공공행정,014,재정ㆍ금융,0,5114759000,0,0,3074759000,0
2024,대구,2713000,대구서구,일반회계,010,일반공공행정,013,지방행정ㆍ재정지원,648526000,0,0,648526000,0,0
2024,대구,2714000,대구남구,일반회계,010,일반공공행정,011,입법및선거관리,705194000,0,0,705194000,0,0
2024,대구,2714000,대구남구,기타특별회계,900,기타,901,기타,0,0,0,78792000,0,0
2024,대구,2714000,대구남구,기타특별회계,120,교통및물류,126,대중교통ㆍ물류등기타,1260460000,1268000000,0,1260460000,1268000000,0
2024,대구,2714000,대구남구,기타특별회계,080,사회복지,081,기초생활보장,887500000,0,0,887500000,0,0
2024,대구,2714000,대구남구,기타특별회계,070,환경,071,상하수도ㆍ수질,31600000,0,0,31600000,0,0
2024,대구,2714000,대구남구,일반회계,900,기타,901,기타,0,0,77093178000,13587692000,0,77093178000
2024,대구,2714000,대구남구,일반회계,160,예비비,161,예비비,8149751000,0,0,8149751000,0,0
2024,대구,2714000,대구남구,일반회계,140,국토및지역개발,142,지역및도시,5668745000,10000000,0,5668745000,10000000,0
2024,대구,2714000,대구남구,일반회계,120,교통및물류,126,대중교통ㆍ물류등기타,834799000,0,0,834799000,0,0
2024,대구,2714000,대구남구,일반회계,120,교통및물류,121,도로,1578617000,0,0,1578617000,0,0
2024,대구,2714000,대구남구,일반회계,110,산업ㆍ중소기업및에너지,115,에너지및자원개발,50192000,0,0,50192000,0,0
2024,대구,2714000,대구남구,일반회계,110,산업ㆍ중소기업및에너지,114,산업진흥ㆍ고도화,308495000,0,0,308495000,0,0
2024,대구,2714000,대구남구,일반회계,100,농림해양수산,101,농업ㆍ농촌,258375000,0,0,258375000,0,0
2024,대구,2714000,대구남구,일반회계,090,보건,093,식품의약안전,591338000,0,0,591338000,0,0
2024,대구,2714000,대구남구,일반회계,090,보건,091,보건의료,9999424000,0,0,9999424000,0,0
2024,대구,2714000,대구남구,일반회계,080,사회복지,087,보훈,1805186000,0,0,1805186000,0,0
2024,대구,2714000,대구남구,일반회계,080,사회복지,086,노동,6849193000,0,0,6849193000,0,0
2024,대구,2714000,대구남구,일반회계,080,사회복지,085,노인ㆍ청소년,132492615000,0,0,132492615000,0,0
2024,대구,2714000,대구남구,일반회계,080,사회복지,084,보육ㆍ가족및여성,37836279000,0,0,37836279000,0,0
2024,대구,2714000,대구남구,일반회계,080,사회복지,082,취약계층지원,58153430000,0,0,58153430000,0,0
2024,대구,2714000,대구남구,일반회계,080,사회복지,081,기초생활보장,93170700000,0,0,93170700000,0,0
2024,대구,2714000,대구남구,일반회계,070,환경,076,환경보호일반,39103000,0,0,39103000,0,0
2024,대구,2714000,대구남구,일반회계,070,환경,073,대기,416884000,0,0,416884000,0,0
2024,대구,2714000,대구남구,일반회계,070,환경,072,폐기물,13651829000,0,0,13651829000,0,0
2024,대구,2714000,대구남구,일반회계,070,환경,071,상하수도ㆍ수질,336338000,0,0,336338000,0,0
2024,대구,2714000,대구남구,일반회계,060,문화및관광,064,문화재,448000000,0,0,448000000,0,0
2024,대구,2714000,대구남구,일반회계,060,문화및관광,063,체육,2934430000,0,0,2934430000,0,0
2024,대구,2714000,대구남구,일반회계,060,문화및관광,062,관광,611602000,0,0,611602000,0,0
2024,대구,2714000,대구남구,일반회계,060,문화및관광,061,문화예술,3559750000,0,0,3559750000,0,0
2024,대구,2714000,대구남구,일반회계,050,교육,053,평생ㆍ직업교육,742315000,0,0,742315000,0,0
2024,대구,2714000,대구남구,일반회계,050,교육,052,고등교육,399087000,0,0,399087000,0,0
2024,대구,2714000,대구남구,일반회계,050,교육,051,유아및초중등교육,2480177000,0,0,2462177000,0,0
2024,대구,2714000,대구남구,일반회계,020,공공질서및안전,025,재난방재ㆍ민방위,865693000,336872000,0,865693000,336872000,0
2024,대구,2714000,대구남구,일반회계,010,일반공공행정,016,일반행정,12726136000,4040000000,0,12726136000,2020000000,0
2024,대구,2714000,대구남구,일반회계,010,일반공공행정,014,재정ㆍ금융,0,0,0,0,0,0
2024,대구,2714000,대구남구,일반회계,010,일반공공행정,013,지방행정ㆍ재정지원,856273000,0,0,856273000,0,0
2024,대구,2715000,대구북구,일반회계,900,기타,901,기타,0,0,126067092000,25683129000,0,126067092000
2024,대구,2715000,대구북구,일반회계,160,예비비,161,예비비,7819326000,0,0,7819326000,0,0
2024,대구,2715000,대구북구,일반회계,140,국토및지역개발,142,지역및도시,19023482000,15165000,0,19023482000,15165000,0
2024,대구,2715000,대구북구,일반회계,140,국토및지역개발,141,수자원,2449077000,0,0,2449077000,0,0
2024,대구,2715000,대구북구,일반회계,120,교통및물류,126,대중교통ㆍ물류등기타,11506765000,0,0,11506765000,0,0
2024,대구,2715000,대구북구,일반회계,120,교통및물류,121,도로,7055096000,0,0,7055096000,0,0
2024,대구,2715000,대구북구,일반회계,110,산업ㆍ중소기업및에너지,116,산업ㆍ중소기업일반,1978569000,0,0,1978569000,0,0
2024,대구,2715000,대구북구,일반회계,100,농림해양수산,102,임업ㆍ산촌,3245661000,0,0,3245661000,0,0
2024,대구,2715000,대구북구,일반회계,100,농림해양수산,101,농업ㆍ농촌,2428838000,0,0,2428838000,0,0
2024,대구,2715000,대구북구,일반회계,090,보건,093,식품의약안전,1141950000,0,0,1141950000,0,0
2024,대구,2715000,대구북구,일반회계,090,보건,091,보건의료,22870100000,0,0,22870100000,0,0
2024,대구,2715000,대구북구,일반회계,080,사회복지,087,보훈,3363765000,0,0,3363765000,0,0
2024,대구,2715000,대구북구,일반회계,080,사회복지,086,노동,2407383000,0,0,2407383000,0,0
2024,대구,2715000,대구북구,일반회계,080,사회복지,085,노인ㆍ청소년,215739150000,0,0,215739150000,0,0
2024,대구,2715000,대구북구,일반회계,080,사회복지,084,보육ㆍ가족및여성,160774455000,0,0,160774455000,0,0
2024,대구,2715000,대구북구,일반회계,080,사회복지,082,취약계층지원,72081883000,0,0,72081883000,0,0
2024,대구,2715000,대구북구,일반회계,080,사회복지,081,기초생활보장,122583021000,0,0,122583021000,0,0
2024,대구,2715000,대구북구,일반회계,070,환경,076,환경보호일반,745139000,0,0,745139000,0,0
2024,대구,2715000,대구북구,일반회계,070,환경,073,대기,1701195000,0,0,1701195000,0,0
2024,대구,2715000,대구북구,일반회계,070,환경,072,폐기물,24267974000,0,0,24267974000,0,0
2024,대구,2715000,대구북구,일반회계,070,환경,071,상하수도ㆍ수질,50043000,0,0,50043000,0,0
2024,대구,2715000,대구북구,일반회계,060,문화및관광,065,문화및관광일반,0,0,0,0,0,0
2024,대구,2715000,대구북구,일반회계,060,문화및관광,064,문화재,3562170000,0,0,3562170000,0,0
2024,대구,2715000,대구북구,일반회계,060,문화및관광,063,체육,8496737000,0,0,8496737000,0,0
2024,대구,2715000,대구북구,일반회계,060,문화및관광,062,관광,833700000,0,0,833700000,0,0
2024,대구,2715000,대구북구,일반회계,060,문화및관광,061,문화예술,11249499000,0,0,11249499000,0,0
2024,대구,2715000,대구북구,일반회계,050,교육,053,평생ㆍ직업교육,618410000,0,0,618410000,0,0
2024,대구,2715000,대구북구,일반회계,050,교육,051,유아및초중등교육,5968565000,0,0,5968565000,0,0
2024,대구,2715000,대구북구,일반회계,020,공공질서및안전,025,재난방재ㆍ민방위,1935369000,1014668000,0,1935369000,1014668000,0
2024,대구,2715000,대구북구,일반회계,010,일반공공행정,016,일반행정,21397416000,2000000000,0,21397416000,1000000000,0
2024,대구,2715000,대구북구,일반회계,010,일반공공행정,013,지방행정ㆍ재정지원,1214906000,0,0,1214906000,0,0
2024,대구,2715000,대구북구,일반회계,010,일반공공행정,011,입법및선거관리,1593431000,0,0,1593431000,0,0
2024,대구,2715000,대구북구,기타특별회계,900,기타,901,기타,0,0,859682000,34033000,0,859682000
2024,대구,2715000,대구북구,기타특별회계,140,국토및지역개발,142,지역및도시,0,174000000,0,0,174000000,0
2024,대구,2715000,대구북구,기타특별회계,120,교통및물류,126,대중교통ㆍ물류등기타,12326616000,10000000,0,12326616000,10000000,0
2024,대구,2715000,대구북구,기타특별회계,080,사회복지,081,기초생활보장,1162500000,437500000,0,1162500000,387725000,0
2024,대구,2715000,대구북구,기타특별회계,070,환경,072,폐기물,7865000000,0,0,7865000000,0,0
2024,대구,2715000,대구북구,기타특별회계,070,환경,071,상하수도ㆍ수질,63655000,416345000,0,63655000,416345000,0
2024,대구,2715000,대구북구,기타특별회계,060,문화및관광,063,체육,0,0,0,0,0,0
2024,대구,2715000,대구북구,기타특별회계,010,일반공공행정,013,지방행정ㆍ재정지원,66702000,0,0,66702000,0,0
2024,대구,2716000,대구수성구,일반회계,010,일반공공행정,011,입법및선거관리,2136415000,0,0,2136415000,0,0
2024,대구,2716000,대구수성구,기타특별회계,900,기타,901,기타,0,0,795762000,24344000,0,795762000
2024,대구,2716000,대구수성구,기타특별회계,140,국토및지역개발,142,지역및도시,0,0,0,0,0,0
2024,대구,2716000,대구수성구,기타특별회계,140,국토및지역개발,141,수자원,75094000,65906000,0,75094000,65906000,0
2024,대구,2716000,대구수성구,기타특별회계,120,교통및물류,126,대중교통ㆍ물류등기타,2812039000,7700000000,0,2812039000,7700000000,0
2024,대구,2716000,대구수성구,기타특별회계,110,산업ㆍ중소기업및에너지,115,에너지및자원개발,35000000,0,0,35000000,0,0
2024,대구,2716000,대구수성구,기타특별회계,080,사회복지,082,취약계층지원,1237500000,0,0,1237500000,0,0
2024,대구,2716000,대구수성구,기타특별회계,070,환경,072,폐기물,0,500000,0,0,500000,0
2024,대구,2716000,대구수성구,일반회계,900,기타,901,기타,0,0,118698161000,18818395000,0,118698161000
2024,대구,2716000,대구수성구,일반회계,160,예비비,161,예비비,6687007000,0,0,6687007000,0,0
2024,대구,2716000,대구수성구,일반회계,140,국토및지역개발,142,지역및도시,21141275000,3000000,0,21141275000,3000000,0
2024,대구,2716000,대구수성구,일반회계,140,국토및지역개발,141,수자원,2680096000,0,0,2680096000,0,0
2024,대구,2716000,대구수성구,일반회계,120,교통및물류,126,대중교통ㆍ물류등기타,807723000,0,0,807723000,0,0
2024,대구,2716000,대구수성구,일반회계,120,교통및물류,121,도로,7847096000,0,0,7847096000,0,0
2024,대구,2716000,대구수성구,일반회계,110,산업ㆍ중소기업및에너지,116,산업ㆍ중소기업일반,1800000,0,0,1800000,0,0
2024,대구,2716000,대구수성구,일반회계,110,산업ㆍ중소기업및에너지,115,에너지및자원개발,77501000,0,0,77501000,0,0
2024,대구,2716000,대구수성구,일반회계,110,산업ㆍ중소기업및에너지,114,산업진흥ㆍ고도화,499468000,0,0,499468000,0,0
2024,대구,2716000,대구수성구,일반회계,100,농림해양수산,102,임업ㆍ산촌,5177083000,0,0,5177083000,0,0
2024,대구,2716000,대구수성구,일반회계,100,농림해양수산,101,농업ㆍ농촌,1395507000,0,0,1395507000,0,0
2024,대구,2716000,대구수성구,일반회계,090,보건,093,식품의약안전,984726000,0,0,984726000,0,0
2024,대구,2716000,대구수성구,일반회계,090,보건,091,보건의료,18734742000,0,0,18734742000,0,0
2024,대구,2716000,대구수성구,일반회계,080,사회복지,087,보훈,3911836000,0,0,3911836000,0,0
2024,대구,2716000,대구수성구,일반회계,080,사회복지,086,노동,4168117000,0,0,4168117000,0,0
2024,대구,2716000,대구수성구,일반회계,080,사회복지,085,노인ㆍ청소년,198751707000,0,0,198751707000,0,0
2024,대구,2716000,대구수성구,일반회계,080,사회복지,084,보육ㆍ가족및여성,138722399000,0,0,138722399000,0,0
2024,대구,2716000,대구수성구,일반회계,080,사회복지,082,취약계층지원,73406371000,0,0,73406371000,0,0
2024,대구,2716000,대구수성구,일반회계,080,사회복지,081,기초생활보장,113834279000,0,0,113834279000,0,0
2024,대구,2716000,대구수성구,일반회계,070,환경,076,환경보호일반,2810534000,0,0,2810534000,0,0
2024,대구,2716000,대구수성구,일반회계,070,환경,073,대기,959635000,0,0,959635000,0,0
2024,대구,2716000,대구수성구,일반회계,070,환경,072,폐기물,29965225000,0,0,29965225000,0,0
2024,대구,2716000,대구수성구,일반회계,070,환경,071,상하수도ㆍ수질,98243000,0,0,98243000,0,0
2024,대구,2716000,대구수성구,일반회계,060,문화및관광,064,문화재,4962433000,0,0,4962433000,0,0
2024,대구,2716000,대구수성구,일반회계,060,문화및관광,063,체육,11844885000,0,0,11844885000,0,0
2024,대구,2716000,대구수성구,일반회계,060,문화및관광,062,관광,2132612000,0,0,2132612000,0,0
2024,대구,2716000,대구수성구,일반회계,060,문화및관광,061,문화예술,20524050000,0,0,20524050000,0,0
2024,대구,2716000,대구수성구,일반회계,050,교육,053,평생ㆍ직업교육,3589591000,0,0,3589591000,0,0
2024,대구,2716000,대구수성구,일반회계,050,교육,051,유아및초중등교육,7049125000,0,0,7049125000,0,0
2024,대구,2716000,대구수성구,일반회계,020,공공질서및안전,025,재난방재ㆍ민방위,2616052000,1518201000,0,2616052000,1518201000,0
2024,대구,2716000,대구수성구,일반회계,010,일반공공행정,016,일반행정,20201690000,10087952000,0,20201690000,10087952000,0
2024,대구,2716000,대구수성구,일반회계,010,일반공공행정,014,재정ㆍ금융,0,0,0,0,0,0
2024,대구,2716000,대구수성구,일반회계,010,일반공공행정,013,지방행정ㆍ재정지원,1910463000,0,0,1910463000,0,0
2024,대구,2717000,대구달서구,일반회계,010,일반공공행정,011,입법및선거관리,2029234000,0,0,2029234000,0,0
2024,대구,2717000,대구달서구,기타특별회계,900,기타,901,기타,0,0,1554601000,32016000,0,1554601000
2024,대구,2717000,대구달서구,기타특별회계,140,국토및지역개발,142,지역및도시,0,0,0,0,0,0
2024,대구,2717000,대구달서구,기타특별회계,120,교통및물류,126,대중교통ㆍ물류등기타,10661877000,0,0,10661877000,0,0
2024,대구,2717000,대구달서구,기타특별회계,110,산업ㆍ중소기업및에너지,115,에너지및자원개발,101000000,0,0,101000000,0,0
2024,대구,2717000,대구달서구,기타특별회계,080,사회복지,081,기초생활보장,1943500000,0,0,1943500000,0,0
2024,대구,2717000,대구달서구,기타특별회계,070,환경,072,폐기물,0,0,0,0,0,0
2024,대구,2717000,대구달서구,기타특별회계,070,환경,071,상하수도ㆍ수질,83300000,0,0,83300000,0,0
2024,대구,2717000,대구달서구,기타특별회계,010,일반공공행정,016,일반행정,0,0,0,0,0,0
2024,대구,2717000,대구달서구,일반회계,900,기타,901,기타,0,0,133919199000,28014625000,0,133919199000
2024,대구,2717000,대구달서구,일반회계,160,예비비,161,예비비,3400632000,0,0,3400632000,0,0
2024,대구,2717000,대구달서구,일반회계,140,국토및지역개발,142,지역및도시,22114651000,1882000,0,22114651000,1882000,0
2024,대구,2717000,대구달서구,일반회계,120,교통및물류,126,대중교통ㆍ물류등기타,2270602000,0,0,2270602000,0,0
2024,대구,2717000,대구달서구,일반회계,120,교통및물류,121,도로,6267839000,0,0,6267839000,0,0
2024,대구,2717000,대구달서구,일반회계,110,산업ㆍ중소기업및에너지,115,에너지및자원개발,1497478000,0,0,1497478000,0,0
2024,대구,2717000,대구달서구,일반회계,110,산업ㆍ중소기업및에너지,114,산업진흥ㆍ고도화,4648576000,0,0,4648576000,0,0
2024,대구,2717000,대구달서구,일반회계,100,농림해양수산,102,임업ㆍ산촌,2430781000,0,0,2430781000,0,0
2024,대구,2717000,대구달서구,일반회계,100,농림해양수산,101,농업ㆍ농촌,1496998000,0,0,1496998000,0,0
2024,대구,2717000,대구달서구,일반회계,090,보건,093,식품의약안전,1646970000,0,0,1646970000,0,0
2024,대구,2717000,대구달서구,일반회계,090,보건,091,보건의료,26241232000,0,0,26241232000,0,0
2024,대구,2717000,대구달서구,일반회계,080,사회복지,089,사회복지일반,1262725000,0,0,1262725000,0,0
2024,대구,2717000,대구달서구,일반회계,080,사회복지,087,보훈,4039194000,0,0,4039194000,0,0
2024,대구,2717000,대구달서구,일반회계,080,사회복지,086,노동,5360688000,0,0,5360688000,0,0
2024,대구,2717000,대구달서구,일반회계,080,사회복지,085,노인ㆍ청소년,286233298000,0,0,286233298000,0,0
2024,대구,2717000,대구달서구,일반회계,080,사회복지,084,보육ㆍ가족및여성,181763345000,0,0,181763345000,0,0
2024,대구,2717000,대구달서구,일반회계,080,사회복지,082,취약계층지원,103937035000,0,0,103937035000,0,0
2024,대구,2717000,대구달서구,일반회계,080,사회복지,081,기초생활보장,192913451000,0,0,192913451000,0,0
2024,대구,2717000,대구달서구,일반회계,070,환경,076,환경보호일반,1187460000,0,0,1187460000,0,0
2024,대구,2717000,대구달서구,일반회계,070,환경,073,대기,1074315000,0,0,1074315000,0,0
2024,대구,2717000,대구달서구,일반회계,070,환경,072,폐기물,23262497000,0,0,22187497000,0,0
2024,대구,2717000,대구달서구,일반회계,070,환경,071,상하수도ㆍ수질,3048477000,0,0,3010977000,0,0
2024,대구,2717000,대구달서구,일반회계,060,문화및관광,063,체육,7628164000,0,0,7628164000,0,0
2024,대구,2717000,대구달서구,일반회계,060,문화및관광,061,문화예술,11626672000,0,0,11626672000,0,0
2024,대구,2717000,대구달서구,일반회계,050,교육,053,평생ㆍ직업교육,962798000,0,0,962798000,0,0
2024,대구,2717000,대구달서구,일반회계,050,교육,051,유아및초중등교육,9570866000,0,0,9570866000,0,0
2024,대구,2717000,대구달서구,일반회계,020,공공질서및안전,025,재난방재ㆍ민방위,3464493000,1448333000,0,3464493000,1448333000,0
2024,대구,2717000,대구달서구,일반회계,010,일반공공행정,016,일반행정,26454147000,3295000000,0,26454147000,1857000000,0
2024,대구,2717000,대구달서구,일반회계,010,일반공공행정,013,지방행정ㆍ재정지원,1569770000,0,0,1569770000,0,0
2024,대구,2771000,대구달성군,일반회계,010,일반공공행정,011,입법및선거관리,1484789000,0,0,1484789000,0,0
2024,대구,2771000,대구달성군,기타특별회계,900,기타,901,기타,0,76902000,0,10961000,67796000,0
2024,대구,2771000,대구달성군,기타특별회계,140,국토및지역개발,141,수자원,19700000,0,0,19700000,0,0
2024,대구,2771000,대구달성군,기타특별회계,110,산업ㆍ중소기업및에너지,115,에너지및자원개발,57600000,0,0,57600000,0,0
2024,대구,2771000,대구달성군,기타특별회계,080,사회복지,082,취약계층지원,633880000,0,0,633880000,0,0
2024,대구,2771000,대구달성군,일반회계,900,기타,901,기타,0,3270170000,110122175000,11857587000,3270170000,110122175000
2024,대구,2771000,대구달성군,일반회계,160,예비비,161,예비비,14309290000,0,0,14309290000,0,0
2024,대구,2771000,대구달성군,일반회계,140,국토및지역개발,143,산업단지,50000000,0,0,50000000,0,0
2024,대구,2771000,대구달성군,일반회계,140,국토및지역개발,142,지역및도시,35217513000,0,0,35217513000,0,0
2024,대구,2771000,대구달성군,일반회계,140,국토및지역개발,141,수자원,9433104000,0,0,9433104000,0,0
2024,대구,2771000,대구달성군,일반회계,120,교통및물류,126,대중교통ㆍ물류등기타,18323932000,0,0,18323932000,0,0
2024,대구,2771000,대구달성군,일반회계,120,교통및물류,121,도로,42728632000,0,0,42728632000,0,0
2024,대구,2771000,대구달성군,일반회계,110,산업ㆍ중소기업및에너지,116,산업ㆍ중소기업일반,1647993000,0,0,1647993000,0,0
2024,대구,2771000,대구달성군,일반회계,110,산업ㆍ중소기업및에너지,115,에너지및자원개발,2672668000,0,0,2672668000,0,0
2024,대구,2771000,대구달성군,일반회계,110,산업ㆍ중소기업및에너지,114,산업진흥ㆍ고도화,57803000,0,0,57803000,0,0
2024,대구,2771000,대구달성군,일반회계,110,산업ㆍ중소기업및에너지,113,무역및투자유치,1164300000,0,0,1164300000,0,0
2024,대구,2771000,대구달성군,일반회계,100,농림해양수산,102,임업ㆍ산촌,17274912000,0,0,17274912000,0,0
2024,대구,2771000,대구달성군,일반회계,100,농림해양수산,101,농업ㆍ농촌,37646923000,0,0,37646923000,0,0
2024,대구,2771000,대구달성군,일반회계,090,보건,093,식품의약안전,896380000,0,0,896380000,0,0
2024,대구,2771000,대구달성군,일반회계,090,보건,091,보건의료,26306537000,0,0,26306537000,0,0
2024,대구,2771000,대구달성군,일반회계,080,사회복지,087,보훈,4182696000,0,0,4182696000,0,0
2024,대구,2771000,대구달성군,일반회계,080,사회복지,086,노동,2397821000,0,0,2397821000,0,0
2024,대구,2771000,대구달성군,일반회계,080,사회복지,085,노인ㆍ청소년,134074409000,0,0,134074409000,0,0
2024,대구,2771000,대구달성군,일반회계,080,사회복지,084,보육ㆍ가족및여성,123471300000,0,0,123471300000,0,0
2024,대구,2771000,대구달성군,일반회계,080,사회복지,082,취약계층지원,80580020000,0,0,80580020000,0,0
2024,대구,2771000,대구달성군,일반회계,080,사회복지,081,기초생활보장,68809601000,0,0,68809601000,0,0
2024,대구,2771000,대구달성군,일반회계,070,환경,074,자연,374241000,0,0,374241000,0,0
2024,대구,2771000,대구달성군,일반회계,070,환경,073,대기,1767828000,0,0,1767828000,0,0
2024,대구,2771000,대구달성군,일반회계,070,환경,072,폐기물,24270561000,0,0,23743530000,0,0
2024,대구,2771000,대구달성군,일반회계,070,환경,071,상하수도ㆍ수질,1051405000,0,0,1051405000,0,0
2024,대구,2771000,대구달성군,일반회계,060,문화및관광,065,문화및관광일반,4993144000,0,0,4993144000,0,0
2024,대구,2771000,대구달성군,일반회계,060,문화및관광,064,문화재,4983693000,0,0,4983693000,0,0
2024,대구,2771000,대구달성군,일반회계,060,문화및관광,063,체육,16538181000,0,0,16538181000,0,0
2024,대구,2771000,대구달성군,일반회계,060,문화및관광,062,관광,7695852000,0,0,7695852000,0,0
2024,대구,2771000,대구달성군,일반회계,060,문화및관광,061,문화예술,9543109000,0,0,9543109000,0,0
2024,대구,2771000,대구달성군,일반회계,050,교육,053,평생ㆍ직업교육,5059220000,0,0,5059220000,0,0
2024,대구,2771000,대구달성군,일반회계,050,교육,051,유아및초중등교육,8666738000,0,0,8666738000,0,0
2024,대구,2771000,대구달성군,일반회계,020,공공질서및안전,025,재난방재ㆍ민방위,6669972000,0,0,6669972000,0,0
2024,대구,2771000,대구달성군,일반회계,010,일반공공행정,016,일반행정,21817373000,0,0,21817373000,0,0
2024,대구,2771000,대구달성군,일반회계,010,일반공공행정,013,지방행정ㆍ재정지원,22445715000,0,0,22445715000,0,0
2024,대구,2772000,대구군위군,일반회계,010,일반공공행정,011,입법및선거관리,879102000,0,0,879102000,0,0
2024,대구,2772000,대구군위군,기타특별회계,900,기타,901,기타,0,0,0,14550000,0,0
2024,대구,2772000,대구군위군,기타특별회계,140,국토및지역개발,143,산업단지,224710000,0,0,224710000,0,0
2024,대구,2772000,대구군위군,기타특별회계,140,국토및지역개발,141,수자원,321583000,0,0,321583000,0,0
2024,대구,2772000,대구군위군,기타특별회계,110,산업ㆍ중소기업및에너지,115,에너지및자원개발,240000000,0,0,240000000,0,0
2024,대구,2772000,대구군위군,기타특별회계,080,사회복지,081,기초생활보장,390000000,0,0,390000000,0,0
2024,대구,2772000,대구군위군,기타특별회계,010,일반공공행정,016,일반행정,62930000,0,0,62930000,0,0
2024,대구,2772000,대구군위군,일반회계,900,기타,901,기타,0,0,53949503000,3305300000,0,53949503000
2024,대구,2772000,대구군위군,일반회계,160,예비비,161,예비비,8945859000,0,0,8945859000,0,0
2024,대구,2772000,대구군위군,일반회계,140,국토및지역개발,143,산업단지,0,209495000,0,0,0,0
2024,대구,2772000,대구군위군,일반회계,140,국토및지역개발,142,지역및도시,9434048000,0,0,9434048000,0,0
2024,대구,2772000,대구군위군,일반회계,140,국토및지역개발,141,수자원,0,199355000,0,0,199355000,0
2024,대구,2772000,대구군위군,일반회계,120,교통및물류,126,대중교통ㆍ물류등기타,3842117000,0,0,3842117000,0,0
2024,대구,2772000,대구군위군,일반회계,120,교통및물류,121,도로,7440842000,0,0,7440842000,0,0
2024,대구,2772000,대구군위군,일반회계,110,산업ㆍ중소기업및에너지,115,에너지및자원개발,1174592000,0,0,1174592000,0,0
2024,대구,2772000,대구군위군,일반회계,110,산업ㆍ중소기업및에너지,114,산업진흥ㆍ고도화,733332000,0,0,733332000,0,0
2024,대구,2772000,대구군위군,일반회계,100,농림해양수산,102,임업ㆍ산촌,17757142000,0,0,17757142000,0,0
2024,대구,2772000,대구군위군,일반회계,100,농림해양수산,101,농업ㆍ농촌,84578763000,0,0,84578763000,0,0
2024,대구,2772000,대구군위군,일반회계,090,보건,093,식품의약안전,239952000,0,0,239952000,0,0
2024,대구,2772000,대구군위군,일반회계,090,보건,091,보건의료,5324763000,0,0,5324763000,0,0
2024,대구,2772000,대구군위군,일반회계,080,사회복지,089,사회복지일반,3129173000,0,0,3129173000,0,0
2024,대구,2772000,대구군위군,일반회계,080,사회복지,088,주택,933306000,0,0,933306000,0,0
2024,대구,2772000,대구군위군,일반회계,080,사회복지,087,보훈,1658893000,0,0,1658893000,0,0
2024,대구,2772000,대구군위군,일반회계,080,사회복지,086,노동,491516000,0,0,491516000,0,0
2024,대구,2772000,대구군위군,일반회계,080,사회복지,085,노인ㆍ청소년,44641779000,0,0,44641779000,0,0
2024,대구,2772000,대구군위군,일반회계,080,사회복지,084,보육ㆍ가족및여성,8680959000,0,0,8680959000,0,0
2024,대구,2772000,대구군위군,일반회계,080,사회복지,082,취약계층지원,6195436000,0,0,6195436000,0,0
2024,대구,2772000,대구군위군,일반회계,080,사회복지,081,기초생활보장,4932362000,0,0,4932362000,0,0
2024,대구,2772000,대구군위군,일반회계,070,환경,074,자연,2127747000,0,0,2127747000,0,0
2024,대구,2772000,대구군위군,일반회계,070,환경,073,대기,1138058000,0,0,1138058000,0,0
2024,대구,2772000,대구군위군,일반회계,070,환경,072,폐기물,7157481000,0,0,7157481000,0,0
2024,대구,2772000,대구군위군,일반회계,070,환경,071,상하수도ㆍ수질,21642685000,0,0,11842685000,0,0
2024,대구,2772000,대구군위군,일반회계,060,문화및관광,064,문화재,658326000,0,0,658326000,0,0
2024,대구,2772000,대구군위군,일반회계,060,문화및관광,063,체육,4820965000,0,0,4820965000,0,0
2024,대구,2772000,대구군위군,일반회계,060,문화및관광,062,관광,3514395000,0,0,3514395000,0,0
2024,대구,2772000,대구군위군,일반회계,060,문화및관광,061,문화예술,3524515000,0,0,3524515000,0,0
2024,대구,2772000,대구군위군,일반회계,050,교육,053,평생ㆍ직업교육,34516000,0,0,34516000,0,0
2024,대구,2772000,대구군위군,일반회계,050,교육,051,유아및초중등교육,707273000,0,0,707273000,0,0
2024,대구,2772000,대구군위군,일반회계,020,공공질서및안전,026,소방,241340000,0,0,241340000,0,0
2024,대구,2772000,대구군위군,일반회계,020,공공질서및안전,025,재난방재ㆍ민방위,21961507000,0,0,21961507000,0,0
2024,대구,2772000,대구군위군,일반회계,010,일반공공행정,016,일반행정,28462583000,0,0,28457583000,0,0
2024,대구,2772000,대구군위군,일반회계,010,일반공공행정,014,재정ㆍ금융,58270000,0,0,58270000,0,0
2024,대구,2772000,대구군위군,일반회계,010,일반공공행정,013,지방행정ㆍ재정지원,1178050000,0,0,1178050000,0,0
2023,대구,2700000,대구본청,일반회계,010,일반공공행정,011,입법및선거관리,5897831000,0,0,5897831000,0,0
2023,대구,2700000,대구본청,공기업특별회계,900,기타,901,기타,0,0,96494261000,0,0,96494261000
2023,대구,2700000,대구본청,공기업특별회계,160,예비비,161,예비비,0,1792160000,0,0,1792160000,0
2023,대구,2700000,대구본청,공기업특별회계,070,환경,071,상하수도ㆍ수질,461724341000,12289238000,0,455761335000,12289238000,0
2023,대구,2700000,대구본청,기타특별회계,900,기타,901,기타,0,0,264280976000,61189000,0,264280976000
2023,대구,2700000,대구본청,기타특별회계,140,국토및지역개발,143,산업단지,4641591000,0,0,4641591000,0,0
2023,대구,2700000,대구본청,기타특별회계,140,국토및지역개발,142,지역및도시,10000000,0,0,10000000,0,0
2023,대구,2700000,대구본청,기타특별회계,120,교통및물류,126,대중교통ㆍ물류등기타,82635779000,0,0,70890779000,0,0
2023,대구,2700000,대구본청,기타특별회계,120,교통및물류,123,도시철도,326295493000,0,0,326295493000,0,0
2023,대구,2700000,대구본청,기타특별회계,120,교통및물류,121,도로,6162000000,0,0,6162000000,0,0
2023,대구,2700000,대구본청,기타특별회계,110,산업ㆍ중소기업및에너지,114,산업진흥ㆍ고도화,0,0,0,0,0,0
2023,대구,2700000,대구본청,기타특별회계,110,산업ㆍ중소기업및에너지,111,산업금융지원,0,0,0,0,0,0
2023,대구,2700000,대구본청,기타특별회계,090,보건,091,보건의료,0,0,0,0,0,0
2023,대구,2700000,대구본청,기타특별회계,080,사회복지,081,기초생활보장,747466000000,0,0,739515850000,0,0
2023,대구,2700000,대구본청,기타특별회계,070,환경,071,상하수도ㆍ수질,805130000,600000000,0,745352000,600000000,0
2023,대구,2700000,대구본청,기타특별회계,050,교육,052,고등교육,0,7727234000,0,0,7727234000,0
2023,대구,2700000,대구본청,기타특별회계,050,교육,051,유아및초중등교육,20893406000,0,0,20893406000,0,0
2023,대구,2700000,대구본청,기타특별회계,020,공공질서및안전,026,소방,97026703000,0,0,96986703000,0,0
2023,대구,2700000,대구본청,기타특별회계,010,일반공공행정,014,재정ㆍ금융,0,60298107000,0,0,60298107000,0
2023,대구,2700000,대구본청,기타특별회계,010,일반공공행정,013,지방행정ㆍ재정지원,5122581000,0,0,0,0,0
2023,대구,2700000,대구본청,일반회계,900,기타,901,기타,0,0,371578449000,6017700000,0,371578449000
2023,대구,2700000,대구본청,일반회계,160,예비비,161,예비비,49393572000,0,0,49393572000,0,0
2023,대구,2700000,대구본청,일반회계,150,과학기술,152,과학기술연구지원,27971217000,0,0,27971217000,0,0
2023,대구,2700000,대구본청,일반회계,140,국토및지역개발,143,산업단지,10891444000,0,0,10891444000,0,0
2023,대구,2700000,대구본청,일반회계,140,국토및지역개발,142,지역및도시,180942311000,3553446000,0,133594010000,3553446000,0
2023,대구,2700000,대구본청,일반회계,140,국토및지역개발,141,수자원,2813216000,0,0,2813216000,0,0
2023,대구,2700000,대구본청,일반회계,120,교통및물류,126,대중교통ㆍ물류등기타,338853436000,279822108000,0,336232436000,739806000,0
2023,대구,2700000,대구본청,일반회계,120,교통및물류,125,항공ㆍ공항,1422910000,0,0,1422910000,0,0
2023,대구,2700000,대구본청,일반회계,120,교통및물류,121,도로,203479830000,0,0,202881330000,0,0
2023,대구,2700000,대구본청,일반회계,110,산업ㆍ중소기업및에너지,116,산업ㆍ중소기업일반,0,2820560000,0,0,2820560000,0
2023,대구,2700000,대구본청,일반회계,110,산업ㆍ중소기업및에너지,115,에너지및자원개발,5204482000,0,0,4907632000,0,0
2023,대구,2700000,대구본청,일반회계,110,산업ㆍ중소기업및에너지,114,산업진흥ㆍ고도화,244112697000,3214463000,0,226321422000,3214463000,0
2023,대구,2700000,대구본청,일반회계,110,산업ㆍ중소기업및에너지,113,무역및투자유치,64917389000,2669988000,0,63417389000,2669988000,0
2023,대구,2700000,대구본청,일반회계,110,산업ㆍ중소기업및에너지,112,산업기술지원,29203831000,0,0,29203831000,0,0
2023,대구,2700000,대구본청,일반회계,110,산업ㆍ중소기업및에너지,111,산업금융지원,216474412000,0,0,215884912000,0,0
2023,대구,2700000,대구본청,일반회계,100,농림해양수산,102,임업ㆍ산촌,18539239000,0,0,5095565000,0,0
2023,대구,2700000,대구본청,일반회계,100,농림해양수산,101,농업ㆍ농촌,50039693000,542000000,0,22778440000,542000000,0
2023,대구,2700000,대구본청,일반회계,090,보건,093,식품의약안전,7135280000,0,0,3194835000,0,0
2023,대구,2700000,대구본청,일반회계,090,보건,091,보건의료,170949022000,117850746000,0,60249653000,0,0
2023,대구,2700000,대구본청,일반회계,080,사회복지,087,보훈,17236336000,0,0,1592192000,0,0
2023,대구,2700000,대구본청,일반회계,080,사회복지,086,노동,86728566000,0,0,51296046000,0,0
2023,대구,2700000,대구본청,일반회계,080,사회복지,085,노인ㆍ청소년,1390602323000,908046000,0,169900938000,908046000,0
2023,대구,2700000,대구본청,일반회계,080,사회복지,084,보육ㆍ가족및여성,810485987000,0,0,35854604000,0,0
2023,대구,2700000,대구본청,일반회계,080,사회복지,082,취약계층지원,515562200000,172500000,0,71468308000,172500000,0
2023,대구,2700000,대구본청,일반회계,080,사회복지,081,기초생활보장,691103616000,0,0,1421001000,0,0
2023,대구,2700000,대구본청,일반회계,070,환경,076,환경보호일반,36884829000,15800000,0,34908329000,4000000,0
2023,대구,2700000,대구본청,일반회계,070,환경,074,자연,5329679000,0,0,4636679000,0,0
2023,대구,2700000,대구본청,일반회계,070,환경,073,대기,36825175000,0,0,30978326000,0,0
2023,대구,2700000,대구본청,일반회계,070,환경,072,폐기물,62007819000,0,0,60153791000,0,0
2023,대구,2700000,대구본청,일반회계,070,환경,071,상하수도ㆍ수질,11942465000,1108970000,0,11676773000,186750000,0
2023,대구,2700000,대구본청,일반회계,060,문화및관광,064,문화재,16558538000,0,0,2437090000,0,0
2023,대구,2700000,대구본청,일반회계,060,문화및관광,063,체육,83177578000,3397324000,0,69341901000,3397324000,0
2023,대구,2700000,대구본청,일반회계,060,문화및관광,062,관광,12473610000,261000000,0,10034610000,261000000,0
2023,대구,2700000,대구본청,일반회계,060,문화및관광,061,문화예술,181748182000,635000000,0,169149312000,635000000,0
2023,대구,2700000,대구본청,일반회계,050,교육,053,평생ㆍ직업교육,2753116000,0,0,2224116000,0,0
2023,대구,2700000,대구본청,일반회계,050,교육,052,고등교육,13094000000,106400000,0,13094000000,106400000,0
2023,대구,2700000,대구본청,일반회계,050,교육,051,유아및초중등교육,590199814000,0,0,576159207000,0,0
2023,대구,2700000,대구본청,일반회계,020,공공질서및안전,025,재난방재ㆍ민방위,81325749000,48373128000,0,45385300000,43139300000,0
2023,대구,2700000,대구본청,일반회계,020,공공질서및안전,023,경찰,5326710000,0,0,5326710000,0,0
2023,대구,2700000,대구본청,일반회계,010,일반공공행정,016,일반행정,101331913000,0,0,85644642000,0,0
2023,대구,2700000,대구본청,일반회계,010,일반공공행정,014,재정ㆍ금융,0,497739363000,0,0,155518877000,0
2023,대구,2700000,대구본청,일반회계,010,일반공공행정,013,지방행정ㆍ재정지원,818790692000,0,0,2829856000,0,0
2023,대구,2711000,대구중구,일반회계,010,일반공공행정,011,입법및선거관리,561069000,0,0,561069000,0,0
2023,대구,2711000,대구중구,기타특별회계,900,기타,901,기타,0,0,0,3032000,0,0
2023,대구,2711000,대구중구,기타특별회계,080,사회복지,081,기초생활보장,333990000,28010000,0,333990000,24510000,0
2023,대구,2711000,대구중구,기타특별회계,070,환경,071,상하수도ㆍ수질,16000000,0,0,16000000,0,0
2023,대구,2711000,대구중구,기타특별회계,010,일반공공행정,014,재정ㆍ금융,0,24000000,0,0,24000000,0
2023,대구,2711000,대구중구,일반회계,900,기타,901,기타,0,0,66504012000,22879801000,0,66504012000
2023,대구,2711000,대구중구,일반회계,160,예비비,161,예비비,11197412000,0,0,11197412000,0,0
2023,대구,2711000,대구중구,일반회계,140,국토및지역개발,142,지역및도시,13662960000,0,0,13662960000,0,0
2023,대구,2711000,대구중구,일반회계,120,교통및물류,126,대중교통ㆍ물류등기타,1283283000,8000000000,0,1283283000,8000000000,0
2023,대구,2711000,대구중구,일반회계,120,교통및물류,121,도로,4646776000,0,0,4646776000,0,0
2023,대구,2711000,대구중구,일반회계,110,산업ㆍ중소기업및에너지,115,에너지및자원개발,77975000,0,0,77975000,0,0
2023,대구,2711000,대구중구,일반회계,110,산업ㆍ중소기업및에너지,114,산업진흥ㆍ고도화,3492679000,2300000,0,3492679000,2300000,0
2023,대구,2711000,대구중구,일반회계,100,농림해양수산,101,농업ㆍ농촌,292829000,0,0,292829000,0,0
2023,대구,2711000,대구중구,일반회계,090,보건,093,식품의약안전,381163000,0,0,381163000,0,0
2023,대구,2711000,대구중구,일반회계,090,보건,091,보건의료,7625388000,0,0,7625388000,0,0
2023,대구,2711000,대구중구,일반회계,080,사회복지,089,사회복지일반,0,0,0,0,0,0
2023,대구,2711000,대구중구,일반회계,080,사회복지,088,주택,7019421000,0,0,7019421000,0,0
2023,대구,2711000,대구중구,일반회계,080,사회복지,087,보훈,764300000,0,0,764300000,0,0
2023,대구,2711000,대구중구,일반회계,080,사회복지,086,노동,3949944000,0,0,3949944000,0,0
2023,대구,2711000,대구중구,일반회계,080,사회복지,085,노인ㆍ청소년,62484816000,0,0,62484816000,0,0
2023,대구,2711000,대구중구,일반회계,080,사회복지,084,보육ㆍ가족및여성,23360845000,0,0,23360845000,0,0
2023,대구,2711000,대구중구,일반회계,080,사회복지,082,취약계층지원,32088116000,0,0,32088116000,0,0
2023,대구,2711000,대구중구,일반회계,080,사회복지,081,기초생활보장,17653969000,0,0,17653969000,0,0
2023,대구,2711000,대구중구,일반회계,070,환경,073,대기,546594000,0,0,546594000,0,0
2023,대구,2711000,대구중구,일반회계,070,환경,072,폐기물,9286023000,0,0,9286023000,0,0
2023,대구,2711000,대구중구,일반회계,070,환경,071,상하수도ㆍ수질,106825000,0,0,106825000,0,0
2023,대구,2711000,대구중구,일반회계,060,문화및관광,064,문화재,332256000,0,0,332256000,0,0
2023,대구,2711000,대구중구,일반회계,060,문화및관광,063,체육,1344906000,0,0,1344906000,0,0
2023,대구,2711000,대구중구,일반회계,060,문화및관광,062,관광,2088059000,0,0,2078059000,0,0
2023,대구,2711000,대구중구,일반회계,060,문화및관광,061,문화예술,6617893000,4500000,0,6617893000,4500000,0
2023,대구,2711000,대구중구,일반회계,050,교육,053,평생ㆍ직업교육,118208000,0,0,118208000,0,0
2023,대구,2711000,대구중구,일반회계,050,교육,051,유아및초중등교육,1386232000,0,0,1386232000,0,0
2023,대구,2711000,대구중구,일반회계,020,공공질서및안전,025,재난방재ㆍ민방위,1428045000,483082000,0,1428045000,483082000,0
2023,대구,2711000,대구중구,일반회계,010,일반공공행정,016,일반행정,12161732000,0,0,12161732000,0,0
2023,대구,2711000,대구중구,일반회계,010,일반공공행정,014,재정ㆍ금융,0,1020740000,0,0,515740000,0
2023,대구,2711000,대구중구,일반회계,010,일반공공행정,013,지방행정ㆍ재정지원,525648000,0,0,525648000,0,0
2023,대구,2712000,대구동구,일반회계,010,일반공공행정,011,입법및선거관리,1305216000,0,0,1305216000,0,0
2023,대구,2712000,대구동구,기타특별회계,900,기타,901,기타,0,0,1129792000,13045000,0,1129792000
2023,대구,2712000,대구동구,기타특별회계,140,국토및지역개발,142,지역및도시,0,0,0,0,0,0
2023,대구,2712000,대구동구,기타특별회계,120,교통및물류,126,대중교통ㆍ물류등기타,4444417000,0,0,4444417000,0,0
2023,대구,2712000,대구동구,기타특별회계,110,산업ㆍ중소기업및에너지,115,에너지및자원개발,160000000,0,0,160000000,0,0
2023,대구,2712000,대구동구,기타특별회계,080,사회복지,081,기초생활보장,1110880000,26408000,0,1110880000,24960000,0
2023,대구,2712000,대구동구,기타특별회계,070,환경,076,환경보호일반,85385000,0,0,85385000,0,0
2023,대구,2712000,대구동구,기타특별회계,070,환경,072,폐기물,0,15143118000,0,0,15143118000,0
2023,대구,2712000,대구동구,일반회계,900,기타,901,기타,0,0,115093177000,41143489000,0,115093177000
2023,대구,2712000,대구동구,일반회계,160,예비비,161,예비비,3539577000,0,0,3539577000,0,0
2023,대구,2712000,대구동구,일반회계,140,국토및지역개발,142,지역및도시,24501777000,1184000,0,24501777000,1184000,0
2023,대구,2712000,대구동구,일반회계,140,국토및지역개발,141,수자원,7097753000,0,0,7097753000,0,0
2023,대구,2712000,대구동구,일반회계,120,교통및물류,126,대중교통ㆍ물류등기타,1664925000,0,0,1664925000,0,0
2023,대구,2712000,대구동구,일반회계,120,교통및물류,121,도로,9168735000,0,0,9168735000,0,0
2023,대구,2712000,대구동구,일반회계,110,산업ㆍ중소기업및에너지,114,산업진흥ㆍ고도화,4812094000,0,0,4812094000,0,0
2023,대구,2712000,대구동구,일반회계,100,농림해양수산,101,농업ㆍ농촌,5643839000,0,0,5643839000,0,0
2023,대구,2712000,대구동구,일반회계,090,보건,093,식품의약안전,1105009000,0,0,1105009000,0,0
2023,대구,2712000,대구동구,일반회계,090,보건,091,보건의료,21453721000,0,0,21453721000,0,0
2023,대구,2712000,대구동구,일반회계,080,사회복지,089,사회복지일반,15783734000,0,0,15783734000,0,0
2023,대구,2712000,대구동구,일반회계,080,사회복지,086,노동,4153103000,0,0,4153103000,0,0
2023,대구,2712000,대구동구,일반회계,080,사회복지,085,노인ㆍ청소년,257510818000,0,0,257510818000,0,0
2023,대구,2712000,대구동구,일반회계,080,사회복지,084,보육ㆍ가족및여성,94667942000,0,0,94667942000,0,0
2023,대구,2712000,대구동구,일반회계,080,사회복지,082,취약계층지원,70851034000,0,0,70851034000,0,0
2023,대구,2712000,대구동구,일반회계,080,사회복지,081,기초생활보장,112813567000,0,0,112813567000,0,0
2023,대구,2712000,대구동구,일반회계,070,환경,076,환경보호일반,2879627000,0,0,2879627000,0,0
2023,대구,2712000,대구동구,일반회계,070,환경,072,폐기물,16725918000,0,0,16725918000,0,0
2023,대구,2712000,대구동구,일반회계,060,문화및관광,065,문화및관광일반,0,0,0,0,0,0
2023,대구,2712000,대구동구,일반회계,060,문화및관광,064,문화재,14666840000,0,0,14666840000,0,0
2023,대구,2712000,대구동구,일반회계,060,문화및관광,063,체육,4742581000,0,0,4742581000,0,0
2023,대구,2712000,대구동구,일반회계,060,문화및관광,061,문화예술,7627266000,0,0,7627266000,0,0
2023,대구,2712000,대구동구,일반회계,050,교육,053,평생ㆍ직업교육,6043173000,0,0,6043173000,0,0
2023,대구,2712000,대구동구,일반회계,020,공공질서및안전,025,재난방재ㆍ민방위,2905432000,860000000,0,2905432000,860000000,0
2023,대구,2712000,대구동구,일반회계,010,일반공공행정,016,일반행정,19889351000,100000000,0,19889351000,50000000,0
2023,대구,2712000,대구동구,일반회계,010,일반공공행정,013,지방행정ㆍ재정지원,1192607000,0,0,1192607000,0,0
2023,대구,2713000,대구서구,일반회계,010,일반공공행정,011,입법및선거관리,765180000,0,0,765180000,0,0
2023,대구,2713000,대구서구,기타특별회계,900,기타,901,기타,0,0,0,84690000,0,0
2023,대구,2713000,대구서구,기타특별회계,140,국토및지역개발,142,지역및도시,8500000000,0,0,8500000000,0,0
2023,대구,2713000,대구서구,기타특별회계,080,사회복지,082,취약계층지원,830000000,0,0,830000000,0,0
2023,대구,2713000,대구서구,기타특별회계,080,사회복지,081,기초생활보장,0,0,0,0,0,0
2023,대구,2713000,대구서구,기타특별회계,070,환경,071,상하수도ㆍ수질,50000000,0,0,50000000,0,0
2023,대구,2713000,대구서구,기타특별회계,010,일반공공행정,014,재정ㆍ금융,0,0,0,0,0,0
2023,대구,2713000,대구서구,일반회계,900,기타,901,기타,0,0,81148153000,39913167000,0,81148153000
2023,대구,2713000,대구서구,일반회계,160,예비비,161,예비비,6235712000,0,0,6235712000,0,0
2023,대구,2713000,대구서구,일반회계,140,국토및지역개발,142,지역및도시,16130476000,0,0,16130476000,0,0
2023,대구,2713000,대구서구,일반회계,120,교통및물류,126,대중교통ㆍ물류등기타,3004035000,0,0,3004035000,0,0
2023,대구,2713000,대구서구,일반회계,120,교통및물류,121,도로,5356569000,0,0,5356569000,0,0
2023,대구,2713000,대구서구,일반회계,110,산업ㆍ중소기업및에너지,115,에너지및자원개발,316537000,0,0,316537000,0,0
2023,대구,2713000,대구서구,일반회계,110,산업ㆍ중소기업및에너지,114,산업진흥ㆍ고도화,1461463000,0,0,1461463000,0,0
2023,대구,2713000,대구서구,일반회계,100,농림해양수산,102,임업ㆍ산촌,4736649000,0,0,4736649000,0,0
2023,대구,2713000,대구서구,일반회계,100,농림해양수산,101,농업ㆍ농촌,381441000,0,0,381441000,0,0
2023,대구,2713000,대구서구,일반회계,090,보건,093,식품의약안전,786110000,0,0,786110000,0,0
2023,대구,2713000,대구서구,일반회계,090,보건,091,보건의료,9741088000,0,0,9741088000,0,0
2023,대구,2713000,대구서구,일반회계,080,사회복지,087,보훈,1596150000,0,0,1596150000,0,0
2023,대구,2713000,대구서구,일반회계,080,사회복지,086,노동,2698243000,0,0,2698243000,0,0
2023,대구,2713000,대구서구,일반회계,080,사회복지,085,노인ㆍ청소년,153777959000,0,0,153777959000,0,0
2023,대구,2713000,대구서구,일반회계,080,사회복지,084,보육ㆍ가족및여성,14423148000,0,0,14423148000,0,0
2023,대구,2713000,대구서구,일반회계,080,사회복지,082,취약계층지원,69312632000,0,0,69312632000,0,0
2023,대구,2713000,대구서구,일반회계,080,사회복지,081,기초생활보장,82610225000,0,0,82610225000,0,0
2023,대구,2713000,대구서구,일반회계,070,환경,076,환경보호일반,135650000,0,0,135650000,0,0
2023,대구,2713000,대구서구,일반회계,070,환경,073,대기,889471000,0,0,889471000,0,0
2023,대구,2713000,대구서구,일반회계,070,환경,072,폐기물,12454086000,0,0,12454086000,0,0
2023,대구,2713000,대구서구,일반회계,070,환경,071,상하수도ㆍ수질,526223000,0,0,526223000,0,0
2023,대구,2713000,대구서구,일반회계,060,문화및관광,063,체육,19236452000,0,0,19236452000,0,0
2023,대구,2713000,대구서구,일반회계,060,문화및관광,061,문화예술,8032001000,0,0,8032001000,0,0
2023,대구,2713000,대구서구,일반회계,050,교육,053,평생ㆍ직업교육,229166000,0,0,229166000,0,0
2023,대구,2713000,대구서구,일반회계,050,교육,051,유아및초중등교육,4635561000,0,0,4635561000,0,0
2023,대구,2713000,대구서구,일반회계,020,공공질서및안전,025,재난방재ㆍ민방위,2249243000,412328000,0,2249243000,412328000,0
2023,대구,2713000,대구서구,일반회계,010,일반공공행정,016,일반행정,25964344000,0,0,25964344000,0,0
2023,대구,2713000,대구서구,일반회계,010,일반공공행정,014,재정ㆍ금융,0,2002159000,0,0,1002159000,0
2023,대구,2713000,대구서구,일반회계,010,일반공공행정,013,지방행정ㆍ재정지원,351546000,0,0,351546000,0,0
2023,대구,2714000,대구남구,일반회계,010,일반공공행정,011,입법및선거관리,659819000,0,0,659819000,0,0
2023,대구,2714000,대구남구,기타특별회계,900,기타,901,기타,0,0,0,180896000,0,0
2023,대구,2714000,대구남구,기타특별회계,120,교통및물류,126,대중교통ㆍ물류등기타,898396000,1378000000,0,898396000,1378000000,0
2023,대구,2714000,대구남구,기타특별회계,080,사회복지,081,기초생활보장,777380000,0,0,777380000,0,0
2023,대구,2714000,대구남구,기타특별회계,070,환경,071,상하수도ㆍ수질,31500000,0,0,31500000,0,0
2023,대구,2714000,대구남구,일반회계,900,기타,901,기타,0,0,73560886000,34519258000,0,73560886000
2023,대구,2714000,대구남구,일반회계,160,예비비,161,예비비,6038627000,0,0,6038627000,0,0
2023,대구,2714000,대구남구,일반회계,140,국토및지역개발,142,지역및도시,10887905000,10000000,0,10887905000,10000000,0
2023,대구,2714000,대구남구,일반회계,120,교통및물류,126,대중교통ㆍ물류등기타,903440000,0,0,903440000,0,0
2023,대구,2714000,대구남구,일반회계,120,교통및물류,121,도로,2662877000,0,0,2662877000,0,0
2023,대구,2714000,대구남구,일반회계,110,산업ㆍ중소기업및에너지,115,에너지및자원개발,41736000,0,0,41736000,0,0
2023,대구,2714000,대구남구,일반회계,110,산업ㆍ중소기업및에너지,114,산업진흥ㆍ고도화,326754000,0,0,326754000,0,0
2023,대구,2714000,대구남구,일반회계,100,농림해양수산,101,농업ㆍ농촌,444158000,0,0,444158000,0,0
2023,대구,2714000,대구남구,일반회계,090,보건,093,식품의약안전,623500000,0,0,623500000,0,0
2023,대구,2714000,대구남구,일반회계,090,보건,091,보건의료,10686751000,0,0,10686751000,0,0
2023,대구,2714000,대구남구,일반회계,080,사회복지,087,보훈,1710228000,0,0,1710228000,0,0
2023,대구,2714000,대구남구,일반회계,080,사회복지,086,노동,4810991000,0,0,4810991000,0,0
2023,대구,2714000,대구남구,일반회계,080,사회복지,085,노인ㆍ청소년,121529861000,0,0,121529861000,0,0
2023,대구,2714000,대구남구,일반회계,080,사회복지,084,보육ㆍ가족및여성,36155753000,0,0,36155753000,0,0
2023,대구,2714000,대구남구,일반회계,080,사회복지,082,취약계층지원,55059804000,0,0,55059804000,0,0
2023,대구,2714000,대구남구,일반회계,080,사회복지,081,기초생활보장,80675142000,0,0,80675142000,0,0
2023,대구,2714000,대구남구,일반회계,070,환경,076,환경보호일반,39302000,0,0,39302000,0,0
2023,대구,2714000,대구남구,일반회계,070,환경,073,대기,351620000,0,0,351620000,0,0
2023,대구,2714000,대구남구,일반회계,070,환경,072,폐기물,8044461000,0,0,8044461000,0,0
2023,대구,2714000,대구남구,일반회계,070,환경,071,상하수도ㆍ수질,302288000,0,0,302288000,0,0
2023,대구,2714000,대구남구,일반회계,060,문화및관광,064,문화재,662000000,0,0,662000000,0,0
2023,대구,2714000,대구남구,일반회계,060,문화및관광,063,체육,2255217000,0,0,2255217000,0,0
2023,대구,2714000,대구남구,일반회계,060,문화및관광,062,관광,8386046000,0,0,8386046000,0,0
2023,대구,2714000,대구남구,일반회계,060,문화및관광,061,문화예술,2366108000,0,0,2366108000,0,0
2023,대구,2714000,대구남구,일반회계,050,교육,053,평생ㆍ직업교육,797569000,0,0,797569000,0,0
2023,대구,2714000,대구남구,일반회계,050,교육,052,고등교육,545819000,0,0,545819000,0,0
2023,대구,2714000,대구남구,일반회계,050,교육,051,유아및초중등교육,2343547000,0,0,2329547000,0,0
2023,대구,2714000,대구남구,일반회계,020,공공질서및안전,025,재난방재ㆍ민방위,615890000,286743000,0,615890000,286743000,0
2023,대구,2714000,대구남구,일반회계,010,일반공공행정,016,일반행정,11316007000,14040000000,0,11316007000,12020000000,0
2023,대구,2714000,대구남구,일반회계,010,일반공공행정,014,재정ㆍ금융,0,0,0,0,0,0
2023,대구,2714000,대구남구,일반회계,010,일반공공행정,013,지방행정ㆍ재정지원,859151000,0,0,859151000,0,0
2023,대구,2715000,대구북구,일반회계,010,일반공공행정,011,입법및선거관리,1607583000,0,0,1607583000,0,0
2023,대구,2715000,대구북구,기타특별회계,900,기타,901,기타,0,0,788793000,16519000,0,788793000
2023,대구,2715000,대구북구,기타특별회계,140,국토및지역개발,142,지역및도시,0,145000000,0,0,145000000,0
2023,대구,2715000,대구북구,기타특별회계,120,교통및물류,126,대중교통ㆍ물류등기타,11517703000,10000000,0,11517703000,10000000,0
2023,대구,2715000,대구북구,기타특별회계,080,사회복지,081,기초생활보장,1093880000,166120000,0,1093880000,115916000,0
2023,대구,2715000,대구북구,기타특별회계,070,환경,072,폐기물,11626000000,0,0,11626000000,0,0
2023,대구,2715000,대구북구,기타특별회계,070,환경,071,상하수도ㆍ수질,440000000,0,0,440000000,0,0
2023,대구,2715000,대구북구,기타특별회계,010,일반공공행정,013,지방행정ㆍ재정지원,66504000,0,0,66504000,0,0
2023,대구,2715000,대구북구,일반회계,900,기타,901,기타,0,0,120649442000,45834947000,0,120649442000
2023,대구,2715000,대구북구,일반회계,160,예비비,161,예비비,7807148000,0,0,7807148000,0,0
2023,대구,2715000,대구북구,일반회계,140,국토및지역개발,142,지역및도시,28124794000,15050000,0,28124794000,15050000,0
2023,대구,2715000,대구북구,일반회계,140,국토및지역개발,141,수자원,5709304000,0,0,5709304000,0,0
2023,대구,2715000,대구북구,일반회계,120,교통및물류,126,대중교통ㆍ물류등기타,7626284000,0,0,7626284000,0,0
2023,대구,2715000,대구북구,일반회계,120,교통및물류,121,도로,8539629000,0,0,8539629000,0,0
2023,대구,2715000,대구북구,일반회계,110,산업ㆍ중소기업및에너지,116,산업ㆍ중소기업일반,5784478000,0,0,5784478000,0,0
2023,대구,2715000,대구북구,일반회계,100,농림해양수산,102,임업ㆍ산촌,2007873000,0,0,2007873000,0,0
2023,대구,2715000,대구북구,일반회계,100,농림해양수산,101,농업ㆍ농촌,3242076000,0,0,3242076000,0,0
2023,대구,2715000,대구북구,일반회계,090,보건,093,식품의약안전,1018722000,0,0,1018722000,0,0
2023,대구,2715000,대구북구,일반회계,090,보건,091,보건의료,23836969000,0,0,23836969000,0,0
2023,대구,2715000,대구북구,일반회계,080,사회복지,087,보훈,3034866000,0,0,3034866000,0,0
2023,대구,2715000,대구북구,일반회계,080,사회복지,086,노동,5514260000,0,0,5514260000,0,0
2023,대구,2715000,대구북구,일반회계,080,사회복지,085,노인ㆍ청소년,213949551000,0,0,213949551000,0,0
2023,대구,2715000,대구북구,일반회계,080,사회복지,084,보육ㆍ가족및여성,155903352000,0,0,155903352000,0,0
2023,대구,2715000,대구북구,일반회계,080,사회복지,082,취약계층지원,70925425000,0,0,70925425000,0,0
2023,대구,2715000,대구북구,일반회계,080,사회복지,081,기초생활보장,104101156000,0,0,104101156000,0,0
2023,대구,2715000,대구북구,일반회계,070,환경,076,환경보호일반,843184000,0,0,843184000,0,0
2023,대구,2715000,대구북구,일반회계,070,환경,073,대기,1896958000,0,0,1896958000,0,0
2023,대구,2715000,대구북구,일반회계,070,환경,072,폐기물,22377862000,3000000,0,22377862000,3000000,0
2023,대구,2715000,대구북구,일반회계,070,환경,071,상하수도ㆍ수질,79693000,0,0,79693000,0,0
2023,대구,2715000,대구북구,일반회계,060,문화및관광,065,문화및관광일반,0,0,0,0,0,0
2023,대구,2715000,대구북구,일반회계,060,문화및관광,064,문화재,2931390000,0,0,2931390000,0,0
2023,대구,2715000,대구북구,일반회계,060,문화및관광,063,체육,5125252000,0,0,5125252000,0,0
2023,대구,2715000,대구북구,일반회계,060,문화및관광,062,관광,721551000,0,0,721551000,0,0
2023,대구,2715000,대구북구,일반회계,060,문화및관광,061,문화예술,10663565000,0,0,10663565000,0,0
2023,대구,2715000,대구북구,일반회계,050,교육,053,평생ㆍ직업교육,475090000,0,0,475090000,0,0
2023,대구,2715000,대구북구,일반회계,050,교육,051,유아및초중등교육,8546749000,0,0,8546749000,0,0
2023,대구,2715000,대구북구,일반회계,020,공공질서및안전,025,재난방재ㆍ민방위,1323726000,923046000,0,1323726000,923046000,0
2023,대구,2715000,대구북구,일반회계,010,일반공공행정,016,일반행정,20098786000,2531500000,0,20098786000,1531500000,0
2023,대구,2715000,대구북구,일반회계,010,일반공공행정,013,지방행정ㆍ재정지원,1260686000,0,0,1260686000,0,0
2023,대구,2716000,대구수성구,일반회계,010,일반공공행정,011,입법및선거관리,2004420000,0,0,2004420000,0,0
2023,대구,2716000,대구수성구,기타특별회계,900,기타,901,기타,0,0,763382000,623460000,0,763382000
2023,대구,2716000,대구수성구,기타특별회계,140,국토및지역개발,142,지역및도시,13883000,1374496000,0,13883000,1374496000,0
2023,대구,2716000,대구수성구,기타특별회계,140,국토및지역개발,141,수자원,60370000,78630000,0,60370000,78630000,0
2023,대구,2716000,대구수성구,기타특별회계,120,교통및물류,126,대중교통ㆍ물류등기타,3128359000,11920000000,0,3128359000,11920000000,0
2023,대구,2716000,대구수성구,기타특별회계,080,사회복지,082,취약계층지원,1235880000,0,0,1235880000,0,0
2023,대구,2716000,대구수성구,기타특별회계,070,환경,072,폐기물,0,0,0,0,0,0
2023,대구,2716000,대구수성구,일반회계,900,기타,901,기타,0,0,114539079000,34628438000,0,114539079000
2023,대구,2716000,대구수성구,일반회계,160,예비비,161,예비비,8704589000,0,0,8704589000,0,0
2023,대구,2716000,대구수성구,일반회계,140,국토및지역개발,142,지역및도시,22429971000,3000000,0,22429971000,3000000,0
2023,대구,2716000,대구수성구,일반회계,140,국토및지역개발,141,수자원,2007250000,0,0,2007250000,0,0
2023,대구,2716000,대구수성구,일반회계,120,교통및물류,126,대중교통ㆍ물류등기타,995456000,0,0,995456000,0,0
2023,대구,2716000,대구수성구,일반회계,120,교통및물류,121,도로,13286150000,0,0,13286150000,0,0
2023,대구,2716000,대구수성구,일반회계,110,산업ㆍ중소기업및에너지,116,산업ㆍ중소기업일반,3400000,0,0,3400000,0,0
2023,대구,2716000,대구수성구,일반회계,110,산업ㆍ중소기업및에너지,115,에너지및자원개발,338733000,0,0,338733000,0,0
2023,대구,2716000,대구수성구,일반회계,110,산업ㆍ중소기업및에너지,114,산업진흥ㆍ고도화,459320000,0,0,459320000,0,0
2023,대구,2716000,대구수성구,일반회계,100,농림해양수산,102,임업ㆍ산촌,4819316000,0,0,4819316000,0,0
2023,대구,2716000,대구수성구,일반회계,100,농림해양수산,101,농업ㆍ농촌,1591140000,0,0,1591140000,0,0
2023,대구,2716000,대구수성구,일반회계,090,보건,093,식품의약안전,847402000,0,0,847402000,0,0
2023,대구,2716000,대구수성구,일반회계,090,보건,091,보건의료,20346943000,0,0,20346943000,0,0
2023,대구,2716000,대구수성구,일반회계,080,사회복지,087,보훈,3538496000,0,0,3538496000,0,0
2023,대구,2716000,대구수성구,일반회계,080,사회복지,086,노동,7621354000,0,0,7621354000,0,0
2023,대구,2716000,대구수성구,일반회계,080,사회복지,085,노인ㆍ청소년,180423680000,0,0,180423680000,0,0
2023,대구,2716000,대구수성구,일반회계,080,사회복지,084,보육ㆍ가족및여성,128757900000,0,0,128757900000,0,0
2023,대구,2716000,대구수성구,일반회계,080,사회복지,082,취약계층지원,72762839000,0,0,72762839000,0,0
2023,대구,2716000,대구수성구,일반회계,080,사회복지,081,기초생활보장,97118520000,0,0,97118520000,0,0
2023,대구,2716000,대구수성구,일반회계,070,환경,076,환경보호일반,2205170000,0,0,2205170000,0,0
2023,대구,2716000,대구수성구,일반회계,070,환경,073,대기,874370000,0,0,874370000,0,0
2023,대구,2716000,대구수성구,일반회계,070,환경,072,폐기물,27952615000,0,0,27952615000,0,0
2023,대구,2716000,대구수성구,일반회계,070,환경,071,상하수도ㆍ수질,72705000,0,0,72705000,0,0
2023,대구,2716000,대구수성구,일반회계,060,문화및관광,065,문화및관광일반,0,0,0,0,0,0
2023,대구,2716000,대구수성구,일반회계,060,문화및관광,064,문화재,3237532000,0,0,3237532000,0,0
2023,대구,2716000,대구수성구,일반회계,060,문화및관광,063,체육,6990747000,0,0,6990747000,0,0
2023,대구,2716000,대구수성구,일반회계,060,문화및관광,062,관광,1164257000,0,0,1164257000,0,0
2023,대구,2716000,대구수성구,일반회계,060,문화및관광,061,문화예술,21798673000,0,0,21798673000,0,0
2023,대구,2716000,대구수성구,일반회계,050,교육,053,평생ㆍ직업교육,3670410000,0,0,3670410000,0,0
2023,대구,2716000,대구수성구,일반회계,050,교육,051,유아및초중등교육,7051540000,0,0,7051540000,0,0
2023,대구,2716000,대구수성구,일반회계,020,공공질서및안전,025,재난방재ㆍ민방위,2771709000,1331863000,0,2771709000,1331863000,0
2023,대구,2716000,대구수성구,일반회계,010,일반공공행정,016,일반행정,20043342000,11463898000,0,20043342000,11463898000,0
2023,대구,2716000,대구수성구,일반회계,010,일반공공행정,014,재정ㆍ금융,0,0,0,0,0,0
2023,대구,2716000,대구수성구,일반회계,010,일반공공행정,013,지방행정ㆍ재정지원,1847211000,0,0,1847211000,0,0
2023,대구,2717000,대구달서구,일반회계,010,일반공공행정,011,입법및선거관리,2083457000,0,0,2083457000,0,0
2023,대구,2717000,대구달서구,기타특별회계,900,기타,901,기타,0,0,1489456000,18997000,0,1489456000
2023,대구,2717000,대구달서구,기타특별회계,140,국토및지역개발,142,지역및도시,142000,0,0,0,0,0
2023,대구,2717000,대구달서구,기타특별회계,120,교통및물류,126,대중교통ㆍ물류등기타,9228880000,0,0,9228880000,0,0
2023,대구,2717000,대구달서구,기타특별회계,110,산업ㆍ중소기업및에너지,115,에너지및자원개발,98000000,0,0,98000000,0,0
2023,대구,2717000,대구달서구,기타특별회계,080,사회복지,081,기초생활보장,1935880000,0,0,1935880000,0,0
2023,대구,2717000,대구달서구,기타특별회계,070,환경,072,폐기물,0,5351000,0,0,5351000,0
2023,대구,2717000,대구달서구,기타특별회계,070,환경,071,상하수도ㆍ수질,87300000,0,0,87300000,0,0
2023,대구,2717000,대구달서구,일반회계,900,기타,901,기타,0,0,126255804000,41578810000,0,126255804000
2023,대구,2717000,대구달서구,일반회계,160,예비비,161,예비비,5067689000,0,0,5067689000,0,0
2023,대구,2717000,대구달서구,일반회계,140,국토및지역개발,142,지역및도시,25414432000,1480000,0,25414432000,1480000,0
2023,대구,2717000,대구달서구,일반회계,120,교통및물류,126,대중교통ㆍ물류등기타,2702774000,0,0,2702774000,0,0
2023,대구,2717000,대구달서구,일반회계,120,교통및물류,121,도로,3770117000,0,0,3770117000,0,0
2023,대구,2717000,대구달서구,일반회계,110,산업ㆍ중소기업및에너지,114,산업진흥ㆍ고도화,947644000,0,0,947644000,0,0
2023,대구,2717000,대구달서구,일반회계,100,농림해양수산,102,임업ㆍ산촌,2244900000,0,0,2244900000,0,0
2023,대구,2717000,대구달서구,일반회계,100,농림해양수산,101,농업ㆍ농촌,982661000,0,0,982661000,0,0
2023,대구,2717000,대구달서구,일반회계,090,보건,093,식품의약안전,1742054000,0,0,1742054000,0,0
2023,대구,2717000,대구달서구,일반회계,090,보건,091,보건의료,30345719000,7700000,0,30345719000,0,0
2023,대구,2717000,대구달서구,일반회계,080,사회복지,089,사회복지일반,1054990000,0,0,1054990000,0,0
2023,대구,2717000,대구달서구,일반회계,080,사회복지,087,보훈,7034144000,0,0,7034144000,0,0
2023,대구,2717000,대구달서구,일반회계,080,사회복지,086,노동,9030199000,0,0,9030199000,0,0
2023,대구,2717000,대구달서구,일반회계,080,사회복지,085,노인ㆍ청소년,257221709000,0,0,257221709000,0,0
2023,대구,2717000,대구달서구,일반회계,080,사회복지,084,보육ㆍ가족및여성,172305731000,0,0,172305731000,0,0
2023,대구,2717000,대구달서구,일반회계,080,사회복지,082,취약계층지원,95272750000,0,0,95272750000,0,0
2023,대구,2717000,대구달서구,일반회계,080,사회복지,081,기초생활보장,165200540000,0,0,165200540000,0,0
2023,대구,2717000,대구달서구,일반회계,070,환경,076,환경보호일반,1117371000,0,0,1117371000,0,0
2023,대구,2717000,대구달서구,일반회계,070,환경,073,대기,659996000,0,0,659996000,0,0
2023,대구,2717000,대구달서구,일반회계,070,환경,072,폐기물,23108295000,0,0,22033295000,0,0
2023,대구,2717000,대구달서구,일반회계,070,환경,071,상하수도ㆍ수질,4025948000,0,0,3988448000,0,0
2023,대구,2717000,대구달서구,일반회계,060,문화및관광,063,체육,5564131000,0,0,5564131000,0,0
2023,대구,2717000,대구달서구,일반회계,060,문화및관광,061,문화예술,11755404000,0,0,11755404000,0,0
2023,대구,2717000,대구달서구,일반회계,050,교육,053,평생ㆍ직업교육,884687000,0,0,884687000,0,0
2023,대구,2717000,대구달서구,일반회계,050,교육,051,유아및초중등교육,9167389000,0,0,9167389000,0,0
2023,대구,2717000,대구달서구,일반회계,020,공공질서및안전,025,재난방재ㆍ민방위,3276568000,1341173000,0,3276568000,1341173000,0
2023,대구,2717000,대구달서구,일반회계,010,일반공공행정,016,일반행정,23166640000,3280000000,0,23166640000,1845000000,0
2023,대구,2717000,대구달서구,일반회계,010,일반공공행정,013,지방행정ㆍ재정지원,1520649000,0,0,1520649000,0,0
2023,대구,2771000,대구달성군,일반회계,010,일반공공행정,011,입법및선거관리,1268570000,0,0,1268570000,0,0
2023,대구,2771000,대구달성군,기타특별회계,900,기타,901,기타,0,243164000,292871000,5428000,237127000,292871000
2023,대구,2771000,대구달성군,기타특별회계,140,국토및지역개발,142,지역및도시,0,0,0,0,0,0
2023,대구,2771000,대구달성군,기타특별회계,140,국토및지역개발,141,수자원,265965000,0,0,265965000,0,0
2023,대구,2771000,대구달성군,기타특별회계,080,사회복지,082,취약계층지원,598000000,0,0,598000000,0,0
2023,대구,2771000,대구달성군,일반회계,900,기타,901,기타,0,2001775000,101671816000,19009380000,1971775000,101671816000
2023,대구,2771000,대구달성군,일반회계,160,예비비,161,예비비,20128495000,0,0,20128495000,0,0
2023,대구,2771000,대구달성군,일반회계,140,국토및지역개발,143,산업단지,60000000,0,0,60000000,0,0
2023,대구,2771000,대구달성군,일반회계,140,국토및지역개발,142,지역및도시,43636355000,0,0,43636355000,0,0
2023,대구,2771000,대구달성군,일반회계,140,국토및지역개발,141,수자원,24685275000,0,0,24685275000,0,0
2023,대구,2771000,대구달성군,일반회계,120,교통및물류,126,대중교통ㆍ물류등기타,19236973000,0,0,19236973000,0,0
2023,대구,2771000,대구달성군,일반회계,120,교통및물류,121,도로,48434610000,0,0,48434610000,0,0
2023,대구,2771000,대구달성군,일반회계,110,산업ㆍ중소기업및에너지,116,산업ㆍ중소기업일반,697431000,0,0,697431000,0,0
2023,대구,2771000,대구달성군,일반회계,110,산업ㆍ중소기업및에너지,115,에너지및자원개발,84778000,0,0,84778000,0,0
2023,대구,2771000,대구달성군,일반회계,110,산업ㆍ중소기업및에너지,114,산업진흥ㆍ고도화,1257803000,0,0,1257803000,0,0
2023,대구,2771000,대구달성군,일반회계,110,산업ㆍ중소기업및에너지,113,무역및투자유치,860800000,0,0,860800000,0,0
2023,대구,2771000,대구달성군,일반회계,100,농림해양수산,102,임업ㆍ산촌,17608881000,0,0,17608881000,0,0
2023,대구,2771000,대구달성군,일반회계,100,농림해양수산,101,농업ㆍ농촌,40226073000,0,0,40226073000,0,0
2023,대구,2771000,대구달성군,일반회계,090,보건,093,식품의약안전,967967000,0,0,967967000,0,0
2023,대구,2771000,대구달성군,일반회계,090,보건,091,보건의료,25066605000,0,0,25066605000,0,0
2023,대구,2771000,대구달성군,일반회계,080,사회복지,087,보훈,2314985000,0,0,2314985000,0,0
2023,대구,2771000,대구달성군,일반회계,080,사회복지,086,노동,4702256000,0,0,4702256000,0,0
2023,대구,2771000,대구달성군,일반회계,080,사회복지,085,노인ㆍ청소년,128281348000,0,0,128281348000,0,0
2023,대구,2771000,대구달성군,일반회계,080,사회복지,084,보육ㆍ가족및여성,114252948000,0,0,114252948000,0,0
2023,대구,2771000,대구달성군,일반회계,080,사회복지,082,취약계층지원,78618343000,0,0,78618343000,0,0
2023,대구,2771000,대구달성군,일반회계,080,사회복지,081,기초생활보장,60260472000,0,0,60260472000,0,0
2023,대구,2771000,대구달성군,일반회계,070,환경,074,자연,738272000,0,0,738272000,0,0
2023,대구,2771000,대구달성군,일반회계,070,환경,073,대기,1607168000,0,0,1607168000,0,0
2023,대구,2771000,대구달성군,일반회계,070,환경,072,폐기물,24786019000,0,0,24253664000,0,0
2023,대구,2771000,대구달성군,일반회계,070,환경,071,상하수도ㆍ수질,1135324000,0,0,1135324000,0,0
2023,대구,2771000,대구달성군,일반회계,060,문화및관광,065,문화및관광일반,1226028000,0,0,1226028000,0,0
2023,대구,2771000,대구달성군,일반회계,060,문화및관광,064,문화재,4750781000,0,0,4750781000,0,0
2023,대구,2771000,대구달성군,일반회계,060,문화및관광,063,체육,14346590000,0,0,14346590000,0,0
2023,대구,2771000,대구달성군,일반회계,060,문화및관광,062,관광,16627214000,0,0,16627214000,0,0
2023,대구,2771000,대구달성군,일반회계,060,문화및관광,061,문화예술,6512536000,0,0,6512536000,0,0
2023,대구,2771000,대구달성군,일반회계,050,교육,053,평생ㆍ직업교육,6725018000,0,0,6725018000,0,0
2023,대구,2771000,대구달성군,일반회계,050,교육,051,유아및초중등교육,6247870000,0,0,6247870000,0,0
2023,대구,2771000,대구달성군,일반회계,020,공공질서및안전,025,재난방재ㆍ민방위,6130540000,0,0,6130540000,0,0
2023,대구,2771000,대구달성군,일반회계,010,일반공공행정,016,일반행정,31415602000,0,0,31415602000,0,0
2023,대구,2771000,대구달성군,일반회계,010,일반공공행정,013,지방행정ㆍ재정지원,20026479000,0,0,20026479000,0,0
2022,대구,2700000,대구본청,일반회계,010,일반공공행정,011,입법및선거관리,5590613000,0,0,5590613000,0,0
2022,대구,2700000,대구본청,공기업특별회계,900,기타,901,기타,0,0,88532795000,0,0,88532795000
2022,대구,2700000,대구본청,공기업특별회계,160,예비비,161,예비비,0,1700146000,0,0,1700146000,0
2022,대구,2700000,대구본청,공기업특별회계,070,환경,071,상하수도ㆍ수질,464580755000,6086304000,0,459117669000,6086304000,0
2022,대구,2700000,대구본청,기타특별회계,900,기타,901,기타,0,0,257397112000,0,0,257397112000
2022,대구,2700000,대구본청,기타특별회계,140,국토및지역개발,143,산업단지,1816724000,0,0,1816724000,0,0
2022,대구,2700000,대구본청,기타특별회계,140,국토및지역개발,142,지역및도시,13000000,210000000,0,13000000,210000000,0
2022,대구,2700000,대구본청,기타특별회계,120,교통및물류,126,대중교통ㆍ물류등기타,103068783000,387000000,0,70148783000,0,0
2022,대구,2700000,대구본청,기타특별회계,120,교통및물류,123,도시철도,278279068000,0,0,278279068000,0,0
2022,대구,2700000,대구본청,기타특별회계,120,교통및물류,121,도로,6002000000,0,0,6002000000,0,0
2022,대구,2700000,대구본청,기타특별회계,110,산업ㆍ중소기업및에너지,114,산업진흥ㆍ고도화,1001600000,0,0,1001600000,0,0
2022,대구,2700000,대구본청,기타특별회계,110,산업ㆍ중소기업및에너지,111,산업금융지원,55686990000,0,0,55686990000,0,0
2022,대구,2700000,대구본청,기타특별회계,080,사회복지,081,기초생활보장,692135933000,0,0,683276696000,0,0
2022,대구,2700000,대구본청,기타특별회계,070,환경,071,상하수도ㆍ수질,934559000,774000000,0,880330000,0,0
2022,대구,2700000,대구본청,기타특별회계,050,교육,052,고등교육,0,9822000000,0,0,0,0
2022,대구,2700000,대구본청,기타특별회계,050,교육,051,유아및초중등교육,6849000000,0,0,6849000000,0,0
2022,대구,2700000,대구본청,기타특별회계,020,공공질서및안전,026,소방,71748367000,0,0,71748367000,0,0
2022,대구,2700000,대구본청,기타특별회계,010,일반공공행정,014,재정ㆍ금융,0,64629647000,0,0,56429647000,0
2022,대구,2700000,대구본청,기타특별회계,010,일반공공행정,013,지방행정ㆍ재정지원,5144217000,0,0,0,0,0
2022,대구,2700000,대구본청,일반회계,900,기타,901,기타,0,0,355148720000,6233035000,0,355148720000
2022,대구,2700000,대구본청,일반회계,160,예비비,161,예비비,33324650000,0,0,33324650000,0,0
2022,대구,2700000,대구본청,일반회계,150,과학기술,152,과학기술연구지원,41238385000,0,0,41238385000,0,0
2022,대구,2700000,대구본청,일반회계,140,국토및지역개발,143,산업단지,4950983000,0,0,4950983000,0,0
2022,대구,2700000,대구본청,일반회계,140,국토및지역개발,142,지역및도시,295116883000,3724847000,0,222532761000,3724847000,0
2022,대구,2700000,대구본청,일반회계,140,국토및지역개발,141,수자원,3215711000,0,0,3215711000,0,0
2022,대구,2700000,대구본청,일반회계,120,교통및물류,126,대중교통ㆍ물류등기타,252524279000,262890939000,0,251922779000,761090000,0
2022,대구,2700000,대구본청,일반회계,120,교통및물류,125,항공ㆍ공항,7392850000,0,0,1692850000,0,0
2022,대구,2700000,대구본청,일반회계,120,교통및물류,121,도로,188529100000,0,0,188025100000,0,0
2022,대구,2700000,대구본청,일반회계,110,산업ㆍ중소기업및에너지,116,산업ㆍ중소기업일반,0,1228464000,0,0,1228464000,0
2022,대구,2700000,대구본청,일반회계,110,산업ㆍ중소기업및에너지,115,에너지및자원개발,8934344000,0,0,7648458000,0,0
2022,대구,2700000,대구본청,일반회계,110,산업ㆍ중소기업및에너지,114,산업진흥ㆍ고도화,225201257000,3252551000,0,215543201000,3252551000,0
2022,대구,2700000,대구본청,일반회계,110,산업ㆍ중소기업및에너지,113,무역및투자유치,43920710000,2736206000,0,42420710000,2736206000,0
2022,대구,2700000,대구본청,일반회계,110,산업ㆍ중소기업및에너지,112,산업기술지원,160576755000,0,0,159890355000,0,0
2022,대구,2700000,대구본청,일반회계,110,산업ㆍ중소기업및에너지,111,산업금융지원,94410300000,0,0,94410300000,0,0
2022,대구,2700000,대구본청,일반회계,100,농림해양수산,102,임업ㆍ산촌,23170688000,0,0,12640934000,0,0
2022,대구,2700000,대구본청,일반회계,100,농림해양수산,101,농업ㆍ농촌,44307192000,542000000,0,27808924000,542000000,0
2022,대구,2700000,대구본청,일반회계,090,보건,093,식품의약안전,7453433000,0,0,3744295000,0,0
2022,대구,2700000,대구본청,일반회계,090,보건,091,보건의료,198580569000,123000000000,0,62322481000,0,0
2022,대구,2700000,대구본청,일반회계,080,사회복지,087,보훈,17359013000,0,0,1487257000,0,0
2022,대구,2700000,대구본청,일반회계,080,사회복지,086,노동,90533647000,0,0,56819049000,0,0
2022,대구,2700000,대구본청,일반회계,080,사회복지,085,노인ㆍ청소년,1260117364000,131250000,0,161933957000,131250000,0
2022,대구,2700000,대구본청,일반회계,080,사회복지,084,보육ㆍ가족및여성,759964009000,100000000,0,32369768000,100000000,0
2022,대구,2700000,대구본청,일반회계,080,사회복지,082,취약계층지원,474126884000,78750000,0,72745206000,78750000,0
2022,대구,2700000,대구본청,일반회계,080,사회복지,081,기초생활보장,595843038000,0,0,2052318000,0,0
2022,대구,2700000,대구본청,일반회계,070,환경,076,환경보호일반,67629181000,39434000,0,65779116000,30194000,0
2022,대구,2700000,대구본청,일반회계,070,환경,074,자연,9426391000,0,0,4859391000,0,0
2022,대구,2700000,대구본청,일반회계,070,환경,073,대기,34109941000,0,0,28121473000,0,0
2022,대구,2700000,대구본청,일반회계,070,환경,072,폐기물,43458558000,0,0,41976128000,0,0
2022,대구,2700000,대구본청,일반회계,070,환경,071,상하수도ㆍ수질,6292510000,1291580000,0,5990050000,191580000,0
2022,대구,2700000,대구본청,일반회계,060,문화및관광,064,문화재,13769391000,0,0,1226590000,0,0
2022,대구,2700000,대구본청,일반회계,060,문화및관광,063,체육,79299984000,3302524000,0,67087431000,3302524000,0
2022,대구,2700000,대구본청,일반회계,060,문화및관광,062,관광,14408335000,2676000000,0,11685335000,2676000000,0
2022,대구,2700000,대구본청,일반회계,060,문화및관광,061,문화예술,148961715000,586920000,0,143127415000,586920000,0
2022,대구,2700000,대구본청,일반회계,050,교육,053,평생ㆍ직업교육,4753434000,0,0,4452414000,0,0
2022,대구,2700000,대구본청,일반회계,050,교육,052,고등교육,17330500000,50875000,0,17330500000,50875000,0
2022,대구,2700000,대구본청,일반회계,050,교육,051,유아및초중등교육,579667950000,0,0,565797307000,0,0
2022,대구,2700000,대구본청,일반회계,020,공공질서및안전,025,재난방재ㆍ민방위,52811010000,49965300000,0,22767172000,39115300000,0
2022,대구,2700000,대구본청,일반회계,020,공공질서및안전,023,경찰,5313408000,0,0,5313408000,0,0
2022,대구,2700000,대구본청,일반회계,010,일반공공행정,016,일반행정,117731946000,20000000000,0,101996895000,20000000000,0
2022,대구,2700000,대구본청,일반회계,010,일반공공행정,014,재정ㆍ금융,0,440942169000,0,0,137706992000,0
2022,대구,2700000,대구본청,일반회계,010,일반공공행정,013,지방행정ㆍ재정지원,724564560000,0,0,3351650000,0,0
2022,대구,2711000,대구중구,일반회계,010,일반공공행정,011,입법및선거관리,1971744000,0,0,1971744000,0,0
2022,대구,2711000,대구중구,기타특별회계,900,기타,901,기타,0,0,64758000,0,0,64758000
2022,대구,2711000,대구중구,기타특별회계,080,사회복지,082,취약계층지원,0,0,0,0,0,0
2022,대구,2711000,대구중구,기타특별회계,080,사회복지,081,기초생활보장,307002000,27240000,0,307002000,24740000,0
2022,대구,2711000,대구중구,기타특별회계,070,환경,071,상하수도ㆍ수질,41000000,0,0,41000000,0,0
2022,대구,2711000,대구중구,기타특별회계,010,일반공공행정,014,재정ㆍ금융,0,0,0,0,0,0
2022,대구,2711000,대구중구,일반회계,900,기타,901,기타,0,0,64833813000,15815749000,0,64833813000
2022,대구,2711000,대구중구,일반회계,160,예비비,161,예비비,6288484000,0,0,6288484000,0,0
2022,대구,2711000,대구중구,일반회계,140,국토및지역개발,142,지역및도시,25338759000,0,0,25338759000,0,0
2022,대구,2711000,대구중구,일반회계,120,교통및물류,126,대중교통ㆍ물류등기타,3451147000,3000000000,0,3451147000,3000000000,0
2022,대구,2711000,대구중구,일반회계,120,교통및물류,121,도로,3532655000,0,0,3532655000,0,0
2022,대구,2711000,대구중구,일반회계,110,산업ㆍ중소기업및에너지,115,에너지및자원개발,64610000,0,0,64610000,0,0
2022,대구,2711000,대구중구,일반회계,110,산업ㆍ중소기업및에너지,114,산업진흥ㆍ고도화,2347634000,3209000,0,2347634000,3209000,0
2022,대구,2711000,대구중구,일반회계,100,농림해양수산,101,농업ㆍ농촌,235258000,0,0,235258000,0,0
2022,대구,2711000,대구중구,일반회계,090,보건,093,식품의약안전,366627000,0,0,366627000,0,0
2022,대구,2711000,대구중구,일반회계,090,보건,091,보건의료,8931030000,0,0,8931030000,0,0
2022,대구,2711000,대구중구,일반회계,080,사회복지,089,사회복지일반,0,0,0,0,0,0
2022,대구,2711000,대구중구,일반회계,080,사회복지,088,주택,5801881000,0,0,5801881000,0,0
2022,대구,2711000,대구중구,일반회계,080,사회복지,087,보훈,803000000,0,0,803000000,0,0
2022,대구,2711000,대구중구,일반회계,080,사회복지,086,노동,2765865000,0,0,2765865000,0,0
2022,대구,2711000,대구중구,일반회계,080,사회복지,085,노인ㆍ청소년,58284539000,0,0,58284539000,0,0
2022,대구,2711000,대구중구,일반회계,080,사회복지,084,보육ㆍ가족및여성,19273117000,0,0,19273117000,0,0
2022,대구,2711000,대구중구,일반회계,080,사회복지,082,취약계층지원,30214450000,0,0,30214450000,0,0
2022,대구,2711000,대구중구,일반회계,080,사회복지,081,기초생활보장,15452286000,0,0,15452286000,0,0
2022,대구,2711000,대구중구,일반회계,070,환경,073,대기,1069202000,0,0,1069202000,0,0
2022,대구,2711000,대구중구,일반회계,070,환경,072,폐기물,8814304000,0,0,8814304000,0,0
2022,대구,2711000,대구중구,일반회계,070,환경,071,상하수도ㆍ수질,32950000,0,0,32950000,0,0
2022,대구,2711000,대구중구,일반회계,060,문화및관광,065,문화및관광일반,0,0,0,0,0,0
2022,대구,2711000,대구중구,일반회계,060,문화및관광,064,문화재,208256000,0,0,208256000,0,0
2022,대구,2711000,대구중구,일반회계,060,문화및관광,063,체육,1999552000,0,0,1999552000,0,0
2022,대구,2711000,대구중구,일반회계,060,문화및관광,062,관광,2176955000,0,0,2176955000,0,0
2022,대구,2711000,대구중구,일반회계,060,문화및관광,061,문화예술,3932637000,3500000,0,3932637000,3500000,0
2022,대구,2711000,대구중구,일반회계,050,교육,053,평생ㆍ직업교육,133773000,0,0,133773000,0,0
2022,대구,2711000,대구중구,일반회계,050,교육,051,유아및초중등교육,1323268000,0,0,1323268000,0,0
2022,대구,2711000,대구중구,일반회계,020,공공질서및안전,025,재난방재ㆍ민방위,1440363000,435605000,0,1440363000,435605000,0
2022,대구,2711000,대구중구,일반회계,010,일반공공행정,016,일반행정,10906783000,0,0,10906783000,0,0
2022,대구,2711000,대구중구,일반회계,010,일반공공행정,014,재정ㆍ금융,0,1016720000,0,0,511720000,0
2022,대구,2711000,대구중구,일반회계,010,일반공공행정,013,지방행정ㆍ재정지원,546024000,0,0,546024000,0,0
2022,대구,2712000,대구동구,일반회계,010,일반공공행정,011,입법및선거관리,1283030000,0,0,1283030000,0,0
2022,대구,2712000,대구동구,기타특별회계,900,기타,901,기타,0,0,1200804000,0,0,1200804000
2022,대구,2712000,대구동구,기타특별회계,140,국토및지역개발,142,지역및도시,0,37328000,0,0,37328000,0
2022,대구,2712000,대구동구,기타특별회계,120,교통및물류,126,대중교통ㆍ물류등기타,3825994000,0,0,3825994000,0,0
2022,대구,2712000,대구동구,기타특별회계,110,산업ㆍ중소기업및에너지,115,에너지및자원개발,148000000,0,0,148000000,0,0
2022,대구,2712000,대구동구,기타특별회계,080,사회복지,081,기초생활보장,1108000000,24038000,0,1108000000,22590000,0
2022,대구,2712000,대구동구,기타특별회계,070,환경,076,환경보호일반,85708000,0,0,85708000,0,0
2022,대구,2712000,대구동구,기타특별회계,070,환경,072,폐기물,0,14870128000,0,0,14870128000,0
2022,대구,2712000,대구동구,일반회계,900,기타,901,기타,0,0,109179726000,33355370000,0,109179726000
2022,대구,2712000,대구동구,일반회계,160,예비비,161,예비비,3607492000,0,0,3607492000,0,0
2022,대구,2712000,대구동구,일반회계,140,국토및지역개발,142,지역및도시,20263495000,740000,0,20263495000,740000,0
2022,대구,2712000,대구동구,일반회계,140,국토및지역개발,141,수자원,3755236000,0,0,3755236000,0,0
2022,대구,2712000,대구동구,일반회계,120,교통및물류,126,대중교통ㆍ물류등기타,903107000,0,0,903107000,0,0
2022,대구,2712000,대구동구,일반회계,120,교통및물류,121,도로,7969778000,0,0,7969778000,0,0
2022,대구,2712000,대구동구,일반회계,110,산업ㆍ중소기업및에너지,114,산업진흥ㆍ고도화,3481721000,0,0,3481721000,0,0
2022,대구,2712000,대구동구,일반회계,100,농림해양수산,101,농업ㆍ농촌,3841981000,0,0,3841981000,0,0
2022,대구,2712000,대구동구,일반회계,090,보건,093,식품의약안전,1150719000,0,0,1150719000,0,0
2022,대구,2712000,대구동구,일반회계,090,보건,091,보건의료,26211906000,0,0,26211906000,0,0
2022,대구,2712000,대구동구,일반회계,080,사회복지,089,사회복지일반,16099613000,0,0,16099613000,0,0
2022,대구,2712000,대구동구,일반회계,080,사회복지,086,노동,6883213000,0,0,6883213000,0,0
2022,대구,2712000,대구동구,일반회계,080,사회복지,085,노인ㆍ청소년,231772611000,0,0,231772611000,0,0
2022,대구,2712000,대구동구,일반회계,080,사회복지,084,보육ㆍ가족및여성,83811039000,0,0,83811039000,0,0
2022,대구,2712000,대구동구,일반회계,080,사회복지,082,취약계층지원,62835487000,0,0,62835487000,0,0
2022,대구,2712000,대구동구,일반회계,080,사회복지,081,기초생활보장,98575827000,0,0,98575827000,0,0
2022,대구,2712000,대구동구,일반회계,070,환경,076,환경보호일반,2363878000,0,0,2363878000,0,0
2022,대구,2712000,대구동구,일반회계,070,환경,072,폐기물,16423595000,0,0,16423595000,0,0
2022,대구,2712000,대구동구,일반회계,060,문화및관광,065,문화및관광일반,0,0,0,0,0,0
2022,대구,2712000,대구동구,일반회계,060,문화및관광,064,문화재,3508271000,0,0,3508271000,0,0
2022,대구,2712000,대구동구,일반회계,060,문화및관광,063,체육,3220225000,0,0,3220225000,0,0
2022,대구,2712000,대구동구,일반회계,060,문화및관광,061,문화예술,7317675000,0,0,7317675000,0,0
2022,대구,2712000,대구동구,일반회계,050,교육,053,평생ㆍ직업교육,4897275000,0,0,4897275000,0,0
2022,대구,2712000,대구동구,일반회계,020,공공질서및안전,025,재난방재ㆍ민방위,3306433000,790000000,0,3306433000,790000000,0
2022,대구,2712000,대구동구,일반회계,010,일반공공행정,016,일반행정,20418615000,511616000,0,20418615000,461616000,0
2022,대구,2712000,대구동구,일반회계,010,일반공공행정,013,지방행정ㆍ재정지원,1215696000,0,0,1215696000,0,0
2022,대구,2713000,대구서구,일반회계,010,일반공공행정,011,입법및선거관리,813317000,0,0,813317000,0,0
2022,대구,2713000,대구서구,기타특별회계,900,기타,901,기타,0,0,110689000,0,0,110689000
2022,대구,2713000,대구서구,기타특별회계,140,국토및지역개발,142,지역및도시,5500000000,0,0,5500000000,0,0
2022,대구,2713000,대구서구,기타특별회계,080,사회복지,082,취약계층지원,789311000,0,0,789311000,0,0
2022,대구,2713000,대구서구,기타특별회계,080,사회복지,081,기초생활보장,0,0,0,0,0,0
2022,대구,2713000,대구서구,기타특별회계,070,환경,071,상하수도ㆍ수질,50000000,0,0,50000000,0,0
2022,대구,2713000,대구서구,기타특별회계,010,일반공공행정,014,재정ㆍ금융,0,0,0,0,0,0
2022,대구,2713000,대구서구,일반회계,900,기타,901,기타,0,0,78793563000,30158907000,0,78793563000
2022,대구,2713000,대구서구,일반회계,160,예비비,161,예비비,6064712000,0,0,6064712000,0,0
2022,대구,2713000,대구서구,일반회계,140,국토및지역개발,142,지역및도시,23853747000,200000000,0,23853747000,200000000,0
2022,대구,2713000,대구서구,일반회계,120,교통및물류,126,대중교통ㆍ물류등기타,3276540000,0,0,3276540000,0,0
2022,대구,2713000,대구서구,일반회계,120,교통및물류,121,도로,4555797000,0,0,4555797000,0,0
2022,대구,2713000,대구서구,일반회계,110,산업ㆍ중소기업및에너지,115,에너지및자원개발,349700000,0,0,349700000,0,0
2022,대구,2713000,대구서구,일반회계,110,산업ㆍ중소기업및에너지,114,산업진흥ㆍ고도화,339670000,0,0,339670000,0,0
2022,대구,2713000,대구서구,일반회계,100,농림해양수산,102,임업ㆍ산촌,316505000,0,0,316505000,0,0
2022,대구,2713000,대구서구,일반회계,100,농림해양수산,101,농업ㆍ농촌,350298000,0,0,350298000,0,0
2022,대구,2713000,대구서구,일반회계,090,보건,093,식품의약안전,703740000,0,0,703740000,0,0
2022,대구,2713000,대구서구,일반회계,090,보건,091,보건의료,11995826000,0,0,11995826000,0,0
2022,대구,2713000,대구서구,일반회계,080,사회복지,086,노동,3676970000,0,0,3676970000,0,0
2022,대구,2713000,대구서구,일반회계,080,사회복지,085,노인ㆍ청소년,135944801000,0,0,135944801000,0,0
2022,대구,2713000,대구서구,일반회계,080,사회복지,084,보육ㆍ가족및여성,15493064000,0,0,15493064000,0,0
2022,대구,2713000,대구서구,일반회계,080,사회복지,082,취약계층지원,68371928000,0,0,68371928000,0,0
2022,대구,2713000,대구서구,일반회계,080,사회복지,081,기초생활보장,70585895000,0,0,70585895000,0,0
2022,대구,2713000,대구서구,일반회계,070,환경,076,환경보호일반,229312000,0,0,229312000,0,0
2022,대구,2713000,대구서구,일반회계,070,환경,073,대기,1001202000,0,0,1001202000,0,0
2022,대구,2713000,대구서구,일반회계,070,환경,072,폐기물,11139890000,0,0,11139890000,0,0
2022,대구,2713000,대구서구,일반회계,070,환경,071,상하수도ㆍ수질,491000000,0,0,491000000,0,0
2022,대구,2713000,대구서구,일반회계,060,문화및관광,063,체육,2151297000,0,0,2151297000,0,0
2022,대구,2713000,대구서구,일반회계,060,문화및관광,061,문화예술,9937382000,0,0,9937382000,0,0
2022,대구,2713000,대구서구,일반회계,050,교육,053,평생ㆍ직업교육,229804000,0,0,229804000,0,0
2022,대구,2713000,대구서구,일반회계,050,교육,051,유아및초중등교육,2918151000,0,0,2918151000,0,0
2022,대구,2713000,대구서구,일반회계,020,공공질서및안전,025,재난방재ㆍ민방위,563462000,370691000,0,563462000,370691000,0
2022,대구,2713000,대구서구,일반회계,010,일반공공행정,016,일반행정,21344344000,0,0,21344344000,0,0
2022,대구,2713000,대구서구,일반회계,010,일반공공행정,014,재정ㆍ금융,0,2002159000,0,0,1002159000,0
2022,대구,2713000,대구서구,일반회계,010,일반공공행정,013,지방행정ㆍ재정지원,335233000,0,0,335233000,0,0
2022,대구,2714000,대구남구,일반회계,010,일반공공행정,011,입법및선거관리,2096202000,0,0,2096202000,0,0
2022,대구,2714000,대구남구,기타특별회계,900,기타,901,기타,0,0,143849000,0,0,143849000
2022,대구,2714000,대구남구,기타특별회계,120,교통및물류,126,대중교통ㆍ물류등기타,646000000,1421000000,0,646000000,1421000000,0
2022,대구,2714000,대구남구,기타특별회계,080,사회복지,081,기초생활보장,741500000,133651000,0,741500000,118606000,0
2022,대구,2714000,대구남구,기타특별회계,070,환경,071,상하수도ㆍ수질,30000000,0,0,30000000,0,0
2022,대구,2714000,대구남구,일반회계,900,기타,901,기타,0,0,70882274000,29735749000,0,70882274000
2022,대구,2714000,대구남구,일반회계,160,예비비,161,예비비,9418389000,0,0,9418389000,0,0
2022,대구,2714000,대구남구,일반회계,140,국토및지역개발,142,지역및도시,5042649000,0,0,5042649000,0,0
2022,대구,2714000,대구남구,일반회계,120,교통및물류,126,대중교통ㆍ물류등기타,857917000,0,0,857917000,0,0
2022,대구,2714000,대구남구,일반회계,120,교통및물류,121,도로,5201931000,0,0,5201931000,0,0
2022,대구,2714000,대구남구,일반회계,110,산업ㆍ중소기업및에너지,115,에너지및자원개발,56082000,0,0,56082000,0,0
2022,대구,2714000,대구남구,일반회계,110,산업ㆍ중소기업및에너지,114,산업진흥ㆍ고도화,254089000,0,0,254089000,0,0
2022,대구,2714000,대구남구,일반회계,100,농림해양수산,101,농업ㆍ농촌,376150000,0,0,376150000,0,0
2022,대구,2714000,대구남구,일반회계,090,보건,093,식품의약안전,620010000,0,0,620010000,0,0
2022,대구,2714000,대구남구,일반회계,090,보건,091,보건의료,12213788000,0,0,12213788000,0,0
2022,대구,2714000,대구남구,일반회계,080,사회복지,087,보훈,1712045000,0,0,1712045000,0,0
2022,대구,2714000,대구남구,일반회계,080,사회복지,086,노동,4753210000,0,0,4753210000,0,0
2022,대구,2714000,대구남구,일반회계,080,사회복지,085,노인ㆍ청소년,109095655000,0,0,109095655000,0,0
2022,대구,2714000,대구남구,일반회계,080,사회복지,084,보육ㆍ가족및여성,31059940000,0,0,31059940000,0,0
2022,대구,2714000,대구남구,일반회계,080,사회복지,082,취약계층지원,53681726000,0,0,53681726000,0,0
2022,대구,2714000,대구남구,일반회계,080,사회복지,081,기초생활보장,67871417000,0,0,67871417000,0,0
2022,대구,2714000,대구남구,일반회계,070,환경,076,환경보호일반,137352000,0,0,137352000,0,0
2022,대구,2714000,대구남구,일반회계,070,환경,073,대기,416152000,0,0,416152000,0,0
2022,대구,2714000,대구남구,일반회계,070,환경,072,폐기물,6808958000,0,0,6808958000,0,0
2022,대구,2714000,대구남구,일반회계,070,환경,071,상하수도ㆍ수질,297706000,0,0,297706000,0,0
2022,대구,2714000,대구남구,일반회계,060,문화및관광,064,문화재,514960000,0,0,514960000,0,0
2022,대구,2714000,대구남구,일반회계,060,문화및관광,063,체육,2339016000,0,0,2339016000,0,0
2022,대구,2714000,대구남구,일반회계,060,문화및관광,062,관광,432834000,0,0,432834000,0,0
2022,대구,2714000,대구남구,일반회계,060,문화및관광,061,문화예술,2287350000,0,0,2287350000,0,0
2022,대구,2714000,대구남구,일반회계,050,교육,053,평생ㆍ직업교육,331869000,0,0,331869000,0,0
2022,대구,2714000,대구남구,일반회계,050,교육,052,고등교육,378002000,0,0,378002000,0,0
2022,대구,2714000,대구남구,일반회계,050,교육,051,유아및초중등교육,1752888000,0,0,1752888000,0,0
2022,대구,2714000,대구남구,일반회계,020,공공질서및안전,025,재난방재ㆍ민방위,594613000,248609000,0,594613000,248609000,0
2022,대구,2714000,대구남구,일반회계,010,일반공공행정,016,일반행정,10369320000,4040000000,0,10369320000,2020000000,0
2022,대구,2714000,대구남구,일반회계,010,일반공공행정,014,재정ㆍ금융,0,0,0,0,0,0
2022,대구,2714000,대구남구,일반회계,010,일반공공행정,013,지방행정ㆍ재정지원,856897000,0,0,856897000,0,0
2022,대구,2715000,대구북구,일반회계,010,일반공공행정,011,입법및선거관리,4337866000,0,0,4337866000,0,0
2022,대구,2715000,대구북구,기타특별회계,900,기타,901,기타,0,0,875564000,0,0,875564000
2022,대구,2715000,대구북구,기타특별회계,140,국토및지역개발,142,지역및도시,0,35000000,0,0,35000000,0
2022,대구,2715000,대구북구,기타특별회계,120,교통및물류,126,대중교통ㆍ물류등기타,8998249000,4000000,0,8998249000,4000000,0
2022,대구,2715000,대구북구,기타특별회계,080,사회복지,081,기초생활보장,1080258000,159280000,0,1080258000,109076000,0
2022,대구,2715000,대구북구,기타특별회계,070,환경,072,폐기물,4111000000,0,0,4111000000,0,0
2022,대구,2715000,대구북구,기타특별회계,070,환경,071,상하수도ㆍ수질,347000000,0,0,347000000,0,0
2022,대구,2715000,대구북구,기타특별회계,010,일반공공행정,013,지방행정ㆍ재정지원,82649000,0,0,82649000,0,0
2022,대구,2715000,대구북구,일반회계,900,기타,901,기타,0,0,115019923000,37794727000,0,115019923000
2022,대구,2715000,대구북구,일반회계,160,예비비,161,예비비,7924758000,0,0,7924758000,0,0
2022,대구,2715000,대구북구,일반회계,140,국토및지역개발,142,지역및도시,20084694000,13200000,0,20084694000,13200000,0
2022,대구,2715000,대구북구,일반회계,140,국토및지역개발,141,수자원,10497254000,0,0,10497254000,0,0
2022,대구,2715000,대구북구,일반회계,120,교통및물류,126,대중교통ㆍ물류등기타,11900953000,0,0,11900953000,0,0
2022,대구,2715000,대구북구,일반회계,120,교통및물류,121,도로,7969396000,0,0,7969396000,0,0
2022,대구,2715000,대구북구,일반회계,110,산업ㆍ중소기업및에너지,116,산업ㆍ중소기업일반,8557961000,3200000000,0,8557961000,3200000000,0
2022,대구,2715000,대구북구,일반회계,100,농림해양수산,102,임업ㆍ산촌,2747596000,0,0,2747596000,0,0
2022,대구,2715000,대구북구,일반회계,100,농림해양수산,101,농업ㆍ농촌,2256706000,0,0,2256706000,0,0
2022,대구,2715000,대구북구,일반회계,090,보건,093,식품의약안전,890309000,0,0,890309000,0,0
2022,대구,2715000,대구북구,일반회계,090,보건,091,보건의료,29982517000,0,0,29982517000,0,0
2022,대구,2715000,대구북구,일반회계,080,사회복지,087,보훈,3040055000,0,0,3040055000,0,0
2022,대구,2715000,대구북구,일반회계,080,사회복지,086,노동,7259500000,0,0,7259500000,0,0
2022,대구,2715000,대구북구,일반회계,080,사회복지,085,노인ㆍ청소년,194569831000,0,0,194569831000,0,0
2022,대구,2715000,대구북구,일반회계,080,사회복지,084,보육ㆍ가족및여성,144656999000,0,0,144656999000,0,0
2022,대구,2715000,대구북구,일반회계,080,사회복지,082,취약계층지원,62132142000,0,0,62132142000,0,0
2022,대구,2715000,대구북구,일반회계,080,사회복지,081,기초생활보장,87412547000,0,0,87412547000,0,0
2022,대구,2715000,대구북구,일반회계,070,환경,076,환경보호일반,800410000,0,0,800410000,0,0
2022,대구,2715000,대구북구,일반회계,070,환경,073,대기,1691493000,0,0,1691493000,0,0
2022,대구,2715000,대구북구,일반회계,070,환경,072,폐기물,23141637000,3000000,0,23141637000,3000000,0
2022,대구,2715000,대구북구,일반회계,070,환경,071,상하수도ㆍ수질,51714000,0,0,51714000,0,0
2022,대구,2715000,대구북구,일반회계,060,문화및관광,065,문화및관광일반,0,0,0,0,0,0
2022,대구,2715000,대구북구,일반회계,060,문화및관광,064,문화재,3022390000,0,0,3022390000,0,0
2022,대구,2715000,대구북구,일반회계,060,문화및관광,063,체육,3616778000,0,0,3616778000,0,0
2022,대구,2715000,대구북구,일반회계,060,문화및관광,062,관광,1427788000,0,0,1427788000,0,0
2022,대구,2715000,대구북구,일반회계,060,문화및관광,061,문화예술,10761249000,0,0,10761249000,0,0
2022,대구,2715000,대구북구,일반회계,050,교육,053,평생ㆍ직업교육,358490000,0,0,358490000,0,0
2022,대구,2715000,대구북구,일반회계,050,교육,051,유아및초중등교육,5986709000,0,0,5986709000,0,0
2022,대구,2715000,대구북구,일반회계,020,공공질서및안전,025,재난방재ㆍ민방위,1230952000,847579000,0,1230952000,847579000,0
2022,대구,2715000,대구북구,일반회계,010,일반공공행정,016,일반행정,25531337000,2541500000,0,25531337000,1541500000,0
2022,대구,2715000,대구북구,일반회계,010,일반공공행정,013,지방행정ㆍ재정지원,1332767000,0,0,1332767000,0,0
2022,대구,2716000,대구수성구,일반회계,010,일반공공행정,011,입법및선거관리,4805526000,0,0,4805526000,0,0
2022,대구,2716000,대구수성구,기타특별회계,900,기타,901,기타,0,0,918228000,0,0,918228000
2022,대구,2716000,대구수성구,기타특별회계,140,국토및지역개발,142,지역및도시,410000,40590000,0,410000,40590000,0
2022,대구,2716000,대구수성구,기타특별회계,140,국토및지역개발,141,수자원,57750000,81250000,0,57750000,81250000,0
2022,대구,2716000,대구수성구,기타특별회계,120,교통및물류,126,대중교통ㆍ물류등기타,5471415000,10042000000,0,5471415000,10042000000,0
2022,대구,2716000,대구수성구,기타특별회계,080,사회복지,082,취약계층지원,1200000000,0,0,1200000000,0,0
2022,대구,2716000,대구수성구,일반회계,900,기타,901,기타,0,0,111159463000,25492976000,0,111159463000
2022,대구,2716000,대구수성구,일반회계,160,예비비,161,예비비,10004474000,0,0,10004474000,0,0
2022,대구,2716000,대구수성구,일반회계,140,국토및지역개발,142,지역및도시,11363560000,3000000,0,10882560000,3000000,0
2022,대구,2716000,대구수성구,일반회계,140,국토및지역개발,141,수자원,2942253000,0,0,2942253000,0,0
2022,대구,2716000,대구수성구,일반회계,120,교통및물류,126,대중교통ㆍ물류등기타,1703432000,0,0,1703432000,0,0
2022,대구,2716000,대구수성구,일반회계,120,교통및물류,121,도로,11598986000,0,0,11598986000,0,0
2022,대구,2716000,대구수성구,일반회계,110,산업ㆍ중소기업및에너지,116,산업ㆍ중소기업일반,3400000,0,0,3400000,0,0
2022,대구,2716000,대구수성구,일반회계,110,산업ㆍ중소기업및에너지,115,에너지및자원개발,79792000,0,0,79792000,0,0
2022,대구,2716000,대구수성구,일반회계,110,산업ㆍ중소기업및에너지,114,산업진흥ㆍ고도화,567546000,0,0,567546000,0,0
2022,대구,2716000,대구수성구,일반회계,100,농림해양수산,102,임업ㆍ산촌,4240208000,0,0,4240208000,0,0
2022,대구,2716000,대구수성구,일반회계,100,농림해양수산,101,농업ㆍ농촌,1637863000,0,0,1637863000,0,0
2022,대구,2716000,대구수성구,일반회계,090,보건,093,식품의약안전,760962000,0,0,760962000,0,0
2022,대구,2716000,대구수성구,일반회계,090,보건,091,보건의료,26268546000,0,0,26268546000,0,0
2022,대구,2716000,대구수성구,일반회계,080,사회복지,089,사회복지일반,0,0,0,0,0,0
2022,대구,2716000,대구수성구,일반회계,080,사회복지,087,보훈,3613096000,0,0,3613096000,0,0
2022,대구,2716000,대구수성구,일반회계,080,사회복지,086,노동,9252824000,0,0,9252824000,0,0
2022,대구,2716000,대구수성구,일반회계,080,사회복지,085,노인ㆍ청소년,164543238000,0,0,164543238000,0,0
2022,대구,2716000,대구수성구,일반회계,080,사회복지,084,보육ㆍ가족및여성,118487301000,0,0,118487301000,0,0
2022,대구,2716000,대구수성구,일반회계,080,사회복지,082,취약계층지원,68499755000,0,0,68499755000,0,0
2022,대구,2716000,대구수성구,일반회계,080,사회복지,081,기초생활보장,85578584000,0,0,85578584000,0,0
2022,대구,2716000,대구수성구,일반회계,070,환경,076,환경보호일반,606728000,0,0,606728000,0,0
2022,대구,2716000,대구수성구,일반회계,070,환경,073,대기,760817000,0,0,760817000,0,0
2022,대구,2716000,대구수성구,일반회계,070,환경,072,폐기물,26942238000,0,0,26942238000,0,0
2022,대구,2716000,대구수성구,일반회계,070,환경,071,상하수도ㆍ수질,71753000,0,0,71753000,0,0
2022,대구,2716000,대구수성구,일반회계,060,문화및관광,065,문화및관광일반,0,0,0,0,0,0
2022,대구,2716000,대구수성구,일반회계,060,문화및관광,064,문화재,4552644000,0,0,4552644000,0,0
2022,대구,2716000,대구수성구,일반회계,060,문화및관광,063,체육,19855533000,0,0,19855533000,0,0
2022,대구,2716000,대구수성구,일반회계,060,문화및관광,062,관광,6734781000,0,0,6734781000,0,0
2022,대구,2716000,대구수성구,일반회계,060,문화및관광,061,문화예술,19801429000,0,0,19801429000,0,0
2022,대구,2716000,대구수성구,일반회계,050,교육,053,평생ㆍ직업교육,3132234000,0,0,3132234000,0,0
2022,대구,2716000,대구수성구,일반회계,050,교육,051,유아및초중등교육,5479868000,0,0,5479868000,0,0
2022,대구,2716000,대구수성구,일반회계,020,공공질서및안전,025,재난방재ㆍ민방위,2490199000,2328192000,0,2490199000,2328192000,0
2022,대구,2716000,대구수성구,일반회계,010,일반공공행정,016,일반행정,17847792000,0,0,17847792000,0,0
2022,대구,2716000,대구수성구,일반회계,010,일반공공행정,014,재정ㆍ금융,0,0,0,0,0,0
2022,대구,2716000,대구수성구,일반회계,010,일반공공행정,013,지방행정ㆍ재정지원,1847983000,0,0,1847983000,0,0
2022,대구,2717000,대구달서구,일반회계,010,일반공공행정,011,입법및선거관리,5534534000,0,0,5534534000,0,0
2022,대구,2717000,대구달서구,기타특별회계,900,기타,901,기타,0,0,1628984000,0,0,1628984000
2022,대구,2717000,대구달서구,기타특별회계,140,국토및지역개발,142,지역및도시,0,0,0,0,0,0
2022,대구,2717000,대구달서구,기타특별회계,120,교통및물류,126,대중교통ㆍ물류등기타,3746156000,0,0,3746156000,0,0
2022,대구,2717000,대구달서구,기타특별회계,080,사회복지,081,기초생활보장,1900000000,0,0,1900000000,0,0
2022,대구,2717000,대구달서구,기타특별회계,070,환경,072,폐기물,0,5317000,0,0,5317000,0
2022,대구,2717000,대구달서구,기타특별회계,070,환경,071,상하수도ㆍ수질,92000000,0,0,92000000,0,0
2022,대구,2717000,대구달서구,일반회계,900,기타,901,기타,0,0,121607026000,32376863000,0,121607026000
2022,대구,2717000,대구달서구,일반회계,160,예비비,161,예비비,2644130000,0,0,2644130000,0,0
2022,대구,2717000,대구달서구,일반회계,140,국토및지역개발,142,지역및도시,20713253000,1480000,0,20713253000,1480000,0
2022,대구,2717000,대구달서구,일반회계,120,교통및물류,126,대중교통ㆍ물류등기타,3319650000,0,0,3319650000,0,0
2022,대구,2717000,대구달서구,일반회계,120,교통및물류,121,도로,3687152000,0,0,3687152000,0,0
2022,대구,2717000,대구달서구,일반회계,110,산업ㆍ중소기업및에너지,114,산업진흥ㆍ고도화,1593703000,0,0,1593703000,0,0
2022,대구,2717000,대구달서구,일반회계,100,농림해양수산,102,임업ㆍ산촌,2018315000,0,0,2018315000,0,0
2022,대구,2717000,대구달서구,일반회계,100,농림해양수산,101,농업ㆍ농촌,1666911000,0,0,1666911000,0,0
2022,대구,2717000,대구달서구,일반회계,090,보건,093,식품의약안전,1429521000,0,0,1429521000,0,0
2022,대구,2717000,대구달서구,일반회계,090,보건,091,보건의료,41549593000,0,0,41549593000,0,0
2022,대구,2717000,대구달서구,일반회계,080,사회복지,089,사회복지일반,946748000,0,0,946748000,0,0
2022,대구,2717000,대구달서구,일반회계,080,사회복지,087,보훈,3742206000,0,0,3742206000,0,0
2022,대구,2717000,대구달서구,일반회계,080,사회복지,086,노동,10102609000,0,0,10102609000,0,0
2022,대구,2717000,대구달서구,일반회계,080,사회복지,085,노인ㆍ청소년,228377598000,0,0,228377598000,0,0
2022,대구,2717000,대구달서구,일반회계,080,사회복지,084,보육ㆍ가족및여성,160684905000,0,0,160684905000,0,0
2022,대구,2717000,대구달서구,일반회계,080,사회복지,082,취약계층지원,85740180000,0,0,85740180000,0,0
2022,대구,2717000,대구달서구,일반회계,080,사회복지,081,기초생활보장,141785545000,0,0,141785545000,0,0
2022,대구,2717000,대구달서구,일반회계,070,환경,076,환경보호일반,5056470000,0,0,5056470000,0,0
2022,대구,2717000,대구달서구,일반회계,070,환경,073,대기,1028367000,0,0,1028367000,0,0
2022,대구,2717000,대구달서구,일반회계,070,환경,072,폐기물,22111807000,0,0,21026199000,0,0
2022,대구,2717000,대구달서구,일반회계,070,환경,071,상하수도ㆍ수질,4282302000,0,0,4244802000,0,0
2022,대구,2717000,대구달서구,일반회계,060,문화및관광,065,문화및관광일반,0,0,0,0,0,0
2022,대구,2717000,대구달서구,일반회계,060,문화및관광,063,체육,3811811000,0,0,3811811000,0,0
2022,대구,2717000,대구달서구,일반회계,060,문화및관광,061,문화예술,18032616000,0,0,18032616000,0,0
2022,대구,2717000,대구달서구,일반회계,050,교육,053,평생ㆍ직업교육,978651000,0,0,978651000,0,0
2022,대구,2717000,대구달서구,일반회계,050,교육,051,유아및초중등교육,7770033000,0,0,7770033000,0,0
2022,대구,2717000,대구달서구,일반회계,020,공공질서및안전,025,재난방재ㆍ민방위,5164973000,1271553000,0,5164973000,1271553000,0
2022,대구,2717000,대구달서구,일반회계,010,일반공공행정,016,일반행정,27371544000,3765062000,0,27371544000,2177224000,0
2022,대구,2717000,대구달서구,일반회계,010,일반공공행정,013,지방행정ㆍ재정지원,1522740000,0,0,1522740000,0,0
2022,대구,2771000,대구달성군,일반회계,010,일반공공행정,011,입법및선거관리,2483094000,0,0,2483094000,0,0
2022,대구,2771000,대구달성군,기타특별회계,900,기타,901,기타,0,89985000,348508000,0,88985000,348508000
2022,대구,2771000,대구달성군,기타특별회계,140,국토및지역개발,142,지역및도시,50000000,0,0,50000000,0,0
2022,대구,2771000,대구달성군,기타특별회계,140,국토및지역개발,141,수자원,111507000,0,0,111507000,0,0
2022,대구,2771000,대구달성군,기타특별회계,080,사회복지,082,취약계층지원,500000000,0,0,500000000,0,0
2022,대구,2771000,대구달성군,기타특별회계,070,환경,072,폐기물,0,0,0,0,0,0
2022,대구,2771000,대구달성군,일반회계,900,기타,901,기타,0,1883766000,96425570000,5648136000,1853766000,96425570000
2022,대구,2771000,대구달성군,일반회계,160,예비비,161,예비비,18384330000,0,0,18384330000,0,0
2022,대구,2771000,대구달성군,일반회계,140,국토및지역개발,143,산업단지,40000000,0,0,40000000,0,0
2022,대구,2771000,대구달성군,일반회계,140,국토및지역개발,142,지역및도시,49457971000,0,0,49457971000,0,0
2022,대구,2771000,대구달성군,일반회계,140,국토및지역개발,141,수자원,14809108000,0,0,14809108000,0,0
2022,대구,2771000,대구달성군,일반회계,120,교통및물류,126,대중교통ㆍ물류등기타,29094139000,0,0,29094139000,0,0
2022,대구,2771000,대구달성군,일반회계,120,교통및물류,121,도로,57696357000,0,0,57696357000,0,0
2022,대구,2771000,대구달성군,일반회계,110,산업ㆍ중소기업및에너지,116,산업ㆍ중소기업일반,595320000,0,0,595320000,0,0
2022,대구,2771000,대구달성군,일반회계,110,산업ㆍ중소기업및에너지,115,에너지및자원개발,45016000,0,0,45016000,0,0
2022,대구,2771000,대구달성군,일반회계,110,산업ㆍ중소기업및에너지,114,산업진흥ㆍ고도화,1867803000,0,0,1867803000,0,0
2022,대구,2771000,대구달성군,일반회계,110,산업ㆍ중소기업및에너지,113,무역및투자유치,540800000,0,0,540800000,0,0
2022,대구,2771000,대구달성군,일반회계,100,농림해양수산,102,임업ㆍ산촌,10803574000,0,0,10803574000,0,0
2022,대구,2771000,대구달성군,일반회계,100,농림해양수산,101,농업ㆍ농촌,42054810000,0,0,42054810000,0,0
2022,대구,2771000,대구달성군,일반회계,090,보건,093,식품의약안전,978991000,0,0,978991000,0,0
2022,대구,2771000,대구달성군,일반회계,090,보건,091,보건의료,28047156000,0,0,28047156000,0,0
2022,대구,2771000,대구달성군,일반회계,080,사회복지,087,보훈,2795945000,0,0,2795945000,0,0
2022,대구,2771000,대구달성군,일반회계,080,사회복지,086,노동,5499273000,0,0,5499273000,0,0
2022,대구,2771000,대구달성군,일반회계,080,사회복지,085,노인ㆍ청소년,115889363000,0,0,115889363000,0,0
2022,대구,2771000,대구달성군,일반회계,080,사회복지,084,보육ㆍ가족및여성,97374316000,0,0,97374316000,0,0
2022,대구,2771000,대구달성군,일반회계,080,사회복지,082,취약계층지원,69713391000,0,0,69713391000,0,0
2022,대구,2771000,대구달성군,일반회계,080,사회복지,081,기초생활보장,50639463000,0,0,50639463000,0,0
2022,대구,2771000,대구달성군,일반회계,070,환경,074,자연,930639000,0,0,930639000,0,0
2022,대구,2771000,대구달성군,일반회계,070,환경,073,대기,1350669000,0,0,1350669000,0,0
2022,대구,2771000,대구달성군,일반회계,070,환경,072,폐기물,24591260000,0,0,24048041000,0,0
2022,대구,2771000,대구달성군,일반회계,070,환경,071,상하수도ㆍ수질,1053783000,0,0,1053783000,0,0
2022,대구,2771000,대구달성군,일반회계,060,문화및관광,065,문화및관광일반,9669938000,0,0,9669938000,0,0
2022,대구,2771000,대구달성군,일반회계,060,문화및관광,064,문화재,3659126000,0,0,3659126000,0,0
2022,대구,2771000,대구달성군,일반회계,060,문화및관광,063,체육,8527035000,0,0,8527035000,0,0
2022,대구,2771000,대구달성군,일반회계,060,문화및관광,062,관광,3197977000,0,0,3197977000,0,0
2022,대구,2771000,대구달성군,일반회계,060,문화및관광,061,문화예술,4956564000,0,0,4956564000,0,0
2022,대구,2771000,대구달성군,일반회계,050,교육,053,평생ㆍ직업교육,7052824000,0,0,7052824000,0,0
2022,대구,2771000,대구달성군,일반회계,050,교육,051,유아및초중등교육,5999912000,0,0,5999912000,0,0
2022,대구,2771000,대구달성군,일반회계,020,공공질서및안전,025,재난방재ㆍ민방위,5335270000,0,0,5335270000,0,0
2022,대구,2771000,대구달성군,일반회계,010,일반공공행정,016,일반행정,21318618000,0,0,21318618000,0,0
2022,대구,2771000,대구달성군,일반회계,010,일반공공행정,013,지방행정ㆍ재정지원,20136829000,0,0,20136829000,0,0
2021,대구,2700000,대구본청,일반회계,110,산업ㆍ중소기업및에너지,111,산업금융지원,95010300000,0,0,95010300000,0,0
2021,대구,2700000,대구본청,기타특별회계,090,보건,091,보건의료,0,0,0,0,0,0
2021,대구,2700000,대구본청,기타특별회계,080,사회복지,081,기초생활보장,639390459000,0,0,630818920000,0,0
2021,대구,2700000,대구본청,기타특별회계,070,환경,071,상하수도ㆍ수질,6621837000,0,0,6553330000,0,0
2021,대구,2700000,대구본청,기타특별회계,050,교육,052,고등교육,0,0,0,0,0,0
2021,대구,2700000,대구본청,기타특별회계,050,교육,051,유아및초중등교육,25000000000,0,0,25000000000,0,0
2021,대구,2700000,대구본청,기타특별회계,020,공공질서및안전,026,소방,58843028000,0,0,58843028000,0,0
2021,대구,2700000,대구본청,기타특별회계,010,일반공공행정,014,재정ㆍ금융,0,80629147000,0,0,70429147000,0
2021,대구,2700000,대구본청,기타특별회계,010,일반공공행정,013,지방행정ㆍ재정지원,12148221000,0,0,0,0,0
2021,대구,2700000,대구본청,일반회계,900,기타,901,기타,0,0,341126778000,6946114000,0,341126778000
2021,대구,2700000,대구본청,일반회계,160,예비비,161,예비비,41183074000,0,0,41183074000,0,0
2021,대구,2700000,대구본청,일반회계,150,과학기술,152,과학기술연구지원,35355673000,0,0,35355673000,0,0
2021,대구,2700000,대구본청,일반회계,140,국토및지역개발,143,산업단지,2749640000,0,0,2749640000,0,0
2021,대구,2700000,대구본청,일반회계,140,국토및지역개발,142,지역및도시,336647333000,4391248000,0,282277957000,4391248000,0
2021,대구,2700000,대구본청,일반회계,140,국토및지역개발,141,수자원,2306841000,0,0,2306841000,0,0
2021,대구,2700000,대구본청,일반회계,120,교통및물류,126,대중교통ㆍ물류등기타,258447072000,259851049000,0,258029072000,1482358000,0
2021,대구,2700000,대구본청,일반회계,120,교통및물류,125,항공ㆍ공항,1803800000,0,0,803800000,0,0
2021,대구,2700000,대구본청,일반회계,120,교통및물류,121,도로,129296223000,0,0,128413223000,0,0
2021,대구,2700000,대구본청,일반회계,110,산업ㆍ중소기업및에너지,116,산업ㆍ중소기업일반,0,1313500000,0,0,1313500000,0
2021,대구,2700000,대구본청,일반회계,110,산업ㆍ중소기업및에너지,115,에너지및자원개발,10222024000,0,0,9501924000,0,0
2021,대구,2700000,대구본청,일반회계,110,산업ㆍ중소기업및에너지,114,산업진흥ㆍ고도화,200988058000,2063211000,0,191969181000,2063211000,0
2021,대구,2700000,대구본청,일반회계,110,산업ㆍ중소기업및에너지,113,무역및투자유치,66235840000,2865195000,0,66235840000,2865195000,0
2021,대구,2700000,대구본청,일반회계,110,산업ㆍ중소기업및에너지,112,산업기술지원,123669220000,0,0,123504220000,0,0
2021,대구,2700000,대구본청,일반회계,020,공공질서및안전,025,재난방재ㆍ민방위,74113200000,53682310000,0,50769976000,36362310000,0
2021,대구,2700000,대구본청,일반회계,010,일반공공행정,016,일반행정,84954047000,20000000000,0,80058599000,20000000000,0
2021,대구,2700000,대구본청,일반회계,010,일반공공행정,014,재정ㆍ금융,0,351582819000,0,0,71293867000,0
2021,대구,2700000,대구본청,일반회계,010,일반공공행정,013,지방행정ㆍ재정지원,601666595000,0,0,3461309000,0,0
2021,대구,2700000,대구본청,일반회계,010,일반공공행정,011,입법및선거관리,4307368000,0,0,4307368000,0,0
2021,대구,2700000,대구본청,공기업특별회계,900,기타,901,기타,0,0,78270750000,0,0,78270750000
2021,대구,2700000,대구본청,공기업특별회계,160,예비비,161,예비비,0,2849681000,0,0,2849681000,0
2021,대구,2700000,대구본청,공기업특별회계,070,환경,071,상하수도ㆍ수질,443215369000,4864200000,0,438371567000,4864200000,0
2021,대구,2700000,대구본청,기타특별회계,900,기타,901,기타,0,0,240920296000,0,0,240920296000
2021,대구,2700000,대구본청,기타특별회계,140,국토및지역개발,143,산업단지,9050827000,0,0,9050827000,0,0
2021,대구,2700000,대구본청,기타특별회계,140,국토및지역개발,142,지역및도시,22000000,700000000,0,22000000,200000000,0
2021,대구,2700000,대구본청,기타특별회계,120,교통및물류,126,대중교통ㆍ물류등기타,84766779000,3905000000,0,55471779000,0,0
2021,대구,2700000,대구본청,기타특별회계,120,교통및물류,123,도시철도,278385784000,0,0,278385784000,0,0
2021,대구,2700000,대구본청,기타특별회계,120,교통및물류,121,도로,6172000000,0,0,6172000000,0,0
2021,대구,2700000,대구본청,기타특별회계,110,산업ㆍ중소기업및에너지,114,산업진흥ㆍ고도화,1001600000,0,0,1001600000,0,0
2021,대구,2700000,대구본청,기타특별회계,110,산업ㆍ중소기업및에너지,111,산업금융지원,55743022000,0,0,55743022000,0,0
2021,대구,2700000,대구본청,기타특별회계,090,보건,091,보건의료,0,0,0,0,0,0
2021,대구,2700000,대구본청,기타특별회계,080,사회복지,081,기초생활보장,639390459000,0,0,630818920000,0,0
2021,대구,2700000,대구본청,기타특별회계,070,환경,071,상하수도ㆍ수질,6621837000,0,0,6553330000,0,0
2021,대구,2700000,대구본청,기타특별회계,050,교육,052,고등교육,0,0,0,0,0,0
2021,대구,2700000,대구본청,기타특별회계,050,교육,051,유아및초중등교육,25000000000,0,0,25000000000,0,0
2021,대구,2700000,대구본청,기타특별회계,020,공공질서및안전,026,소방,58843028000,0,0,58843028000,0,0
2021,대구,2700000,대구본청,기타특별회계,010,일반공공행정,014,재정ㆍ금융,0,80629147000,0,0,70429147000,0
2021,대구,2700000,대구본청,기타특별회계,010,일반공공행정,013,지방행정ㆍ재정지원,12148221000,0,0,0,0,0
2021,대구,2700000,대구본청,일반회계,900,기타,901,기타,0,0,341126778000,6946114000,0,341126778000
2021,대구,2700000,대구본청,일반회계,160,예비비,161,예비비,41183074000,0,0,41183074000,0,0
2021,대구,2700000,대구본청,일반회계,150,과학기술,152,과학기술연구지원,35355673000,0,0,35355673000,0,0
2021,대구,2700000,대구본청,일반회계,140,국토및지역개발,143,산업단지,2749640000,0,0,2749640000,0,0
2021,대구,2700000,대구본청,일반회계,140,국토및지역개발,142,지역및도시,336647333000,4391248000,0,282277957000,4391248000,0
2021,대구,2700000,대구본청,일반회계,140,국토및지역개발,141,수자원,2306841000,0,0,2306841000,0,0
2021,대구,2700000,대구본청,일반회계,120,교통및물류,126,대중교통ㆍ물류등기타,258447072000,259851049000,0,258029072000,1482358000,0
2021,대구,2700000,대구본청,일반회계,120,교통및물류,125,항공ㆍ공항,1803800000,0,0,803800000,0,0
2021,대구,2700000,대구본청,일반회계,120,교통및물류,121,도로,129296223000,0,0,128413223000,0,0
2021,대구,2700000,대구본청,일반회계,110,산업ㆍ중소기업및에너지,116,산업ㆍ중소기업일반,0,1313500000,0,0,1313500000,0
2021,대구,2700000,대구본청,일반회계,110,산업ㆍ중소기업및에너지,115,에너지및자원개발,10222024000,0,0,9501924000,0,0
2021,대구,2700000,대구본청,일반회계,110,산업ㆍ중소기업및에너지,114,산업진흥ㆍ고도화,200988058000,2063211000,0,191969181000,2063211000,0
2021,대구,2700000,대구본청,일반회계,110,산업ㆍ중소기업및에너지,113,무역및투자유치,66235840000,2865195000,0,66235840000,2865195000,0
2021,대구,2700000,대구본청,일반회계,110,산업ㆍ중소기업및에너지,112,산업기술지원,123669220000,0,0,123504220000,0,0
2021,대구,2711000,대구중구,일반회계,060,문화및관광,062,관광,3142048000,0,0,3142048000,0,0
2021,대구,2711000,대구중구,일반회계,060,문화및관광,061,문화예술,2781147000,3500000,0,2781147000,3500000,0
2021,대구,2711000,대구중구,일반회계,050,교육,053,평생ㆍ직업교육,158935000,0,0,158935000,0,0
2021,대구,2711000,대구중구,일반회계,050,교육,051,유아및초중등교육,1062708000,0,0,1062708000,0,0
2021,대구,2711000,대구중구,일반회계,020,공공질서및안전,025,재난방재ㆍ민방위,1906594000,392535000,0,1906594000,392535000,0
2021,대구,2711000,대구중구,일반회계,010,일반공공행정,016,일반행정,10033518000,0,0,10033518000,0,0
2021,대구,2711000,대구중구,일반회계,010,일반공공행정,014,재정ㆍ금융,0,1014920000,0,0,509920000,0
2021,대구,2711000,대구중구,일반회계,010,일반공공행정,013,지방행정ㆍ재정지원,635675000,0,0,635675000,0,0
2021,대구,2711000,대구중구,일반회계,010,일반공공행정,011,입법및선거관리,623661000,0,0,623661000,0,0
2021,대구,2711000,대구중구,기타특별회계,900,기타,901,기타,0,0,40752000,0,0,40752000
2021,대구,2711000,대구중구,기타특별회계,080,사회복지,082,취약계층지원,60000000,0,0,60000000,0,0
2021,대구,2711000,대구중구,기타특별회계,080,사회복지,081,기초생활보장,257348000,1506900000,0,257348000,1504400000,0
2021,대구,2711000,대구중구,기타특별회계,070,환경,071,상하수도ㆍ수질,176000000,0,0,176000000,0,0
2021,대구,2711000,대구중구,일반회계,900,기타,901,기타,0,0,63677335000,8696148000,0,63677335000
2021,대구,2711000,대구중구,일반회계,160,예비비,161,예비비,8660922000,0,0,8660922000,0,0
2021,대구,2711000,대구중구,일반회계,140,국토및지역개발,142,지역및도시,14271642000,0,0,14271642000,0,0
2021,대구,2711000,대구중구,일반회계,120,교통및물류,126,대중교통ㆍ물류등기타,1251542000,1002500000,0,1251542000,1002500000,0
2021,대구,2711000,대구중구,일반회계,120,교통및물류,121,도로,3725524000,0,0,3725524000,0,0
2021,대구,2711000,대구중구,일반회계,110,산업ㆍ중소기업및에너지,115,에너지및자원개발,47475000,0,0,47475000,0,0
2021,대구,2711000,대구중구,일반회계,110,산업ㆍ중소기업및에너지,114,산업진흥ㆍ고도화,1195500000,0,0,1195500000,0,0
2021,대구,2711000,대구중구,일반회계,100,농림해양수산,101,농업ㆍ농촌,179287000,0,0,179287000,0,0
2021,대구,2711000,대구중구,일반회계,090,보건,093,식품의약안전,349009000,0,0,349009000,0,0
2021,대구,2711000,대구중구,일반회계,090,보건,091,보건의료,6397086000,0,0,6397086000,0,0
2021,대구,2711000,대구중구,일반회계,080,사회복지,089,사회복지일반,0,0,0,0,0,0
2021,대구,2711000,대구중구,일반회계,080,사회복지,088,주택,6629345000,0,0,6629345000,0,0
2021,대구,2711000,대구중구,일반회계,080,사회복지,087,보훈,787700000,0,0,787700000,0,0
2021,대구,2711000,대구중구,일반회계,080,사회복지,086,노동,3435529000,0,0,3435529000,0,0
2021,대구,2711000,대구중구,일반회계,080,사회복지,085,노인ㆍ청소년,54784373000,0,0,54784373000,0,0
2021,대구,2711000,대구중구,일반회계,080,사회복지,084,보육ㆍ가족및여성,18440643000,0,0,18440643000,0,0
2021,대구,2711000,대구중구,일반회계,080,사회복지,082,취약계층지원,26393366000,0,0,26393366000,0,0
2021,대구,2711000,대구중구,일반회계,080,사회복지,081,기초생활보장,14911091000,0,0,14911091000,0,0
2021,대구,2711000,대구중구,일반회계,070,환경,073,대기,480112000,0,0,480112000,0,0
2021,대구,2711000,대구중구,일반회계,070,환경,072,폐기물,7273524000,0,0,7273524000,0,0
2021,대구,2711000,대구중구,일반회계,070,환경,071,상하수도ㆍ수질,22785000,0,0,22785000,0,0
2021,대구,2711000,대구중구,일반회계,060,문화및관광,065,문화및관광일반,160060000,0,0,160060000,0,0
2021,대구,2711000,대구중구,일반회계,060,문화및관광,064,문화재,194976000,0,0,194976000,0,0
2021,대구,2711000,대구중구,일반회계,060,문화및관광,063,체육,2473433000,0,0,2473433000,0,0
2021,대구,2712000,대구동구,일반회계,140,국토및지역개발,142,지역및도시,21445182000,1066000,0,21445182000,1066000,0
2021,대구,2712000,대구동구,일반회계,140,국토및지역개발,141,수자원,2556839000,0,0,2556839000,0,0
2021,대구,2712000,대구동구,일반회계,120,교통및물류,126,대중교통ㆍ물류등기타,520590000,0,0,520590000,0,0
2021,대구,2712000,대구동구,일반회계,120,교통및물류,121,도로,4720658000,0,0,4720658000,0,0
2021,대구,2712000,대구동구,일반회계,110,산업ㆍ중소기업및에너지,114,산업진흥ㆍ고도화,2210535000,0,0,2210535000,0,0
2021,대구,2712000,대구동구,일반회계,100,농림해양수산,101,농업ㆍ농촌,4801712000,0,0,4801712000,0,0
2021,대구,2712000,대구동구,일반회계,090,보건,093,식품의약안전,1826067000,0,0,1826067000,0,0
2021,대구,2712000,대구동구,일반회계,090,보건,091,보건의료,15824146000,0,0,15824146000,0,0
2021,대구,2712000,대구동구,일반회계,080,사회복지,089,사회복지일반,15485406000,0,0,15485406000,0,0
2021,대구,2712000,대구동구,일반회계,080,사회복지,086,노동,4013171000,0,0,4013171000,0,0
2021,대구,2712000,대구동구,일반회계,080,사회복지,085,노인ㆍ청소년,219527745000,0,0,219527745000,0,0
2021,대구,2712000,대구동구,일반회계,080,사회복지,084,보육ㆍ가족및여성,85452737000,0,0,85452737000,0,0
2021,대구,2712000,대구동구,일반회계,080,사회복지,082,취약계층지원,60378519000,0,0,60378519000,0,0
2021,대구,2712000,대구동구,일반회계,080,사회복지,081,기초생활보장,89863364000,0,0,89863364000,0,0
2021,대구,2712000,대구동구,일반회계,070,환경,076,환경보호일반,1224129000,0,0,1224129000,0,0
2021,대구,2712000,대구동구,일반회계,070,환경,072,폐기물,15760781000,0,0,15760781000,0,0
2021,대구,2712000,대구동구,일반회계,060,문화및관광,065,문화및관광일반,0,0,0,0,0,0
2021,대구,2712000,대구동구,일반회계,060,문화및관광,064,문화재,3656494000,0,0,3656494000,0,0
2021,대구,2712000,대구동구,일반회계,060,문화및관광,063,체육,3898168000,0,0,3898168000,0,0
2021,대구,2712000,대구동구,일반회계,060,문화및관광,061,문화예술,7474143000,0,0,7474143000,0,0
2021,대구,2712000,대구동구,일반회계,050,교육,053,평생ㆍ직업교육,3720235000,0,0,3720235000,0,0
2021,대구,2712000,대구동구,일반회계,020,공공질서및안전,025,재난방재ㆍ민방위,2862327000,720000000,0,2862327000,720000000,0
2021,대구,2712000,대구동구,일반회계,010,일반공공행정,016,일반행정,17717076000,520630000,0,17717076000,470630000,0
2021,대구,2712000,대구동구,일반회계,010,일반공공행정,013,지방행정ㆍ재정지원,1233761000,0,0,1233761000,0,0
2021,대구,2712000,대구동구,일반회계,010,일반공공행정,011,입법및선거관리,1193152000,0,0,1193152000,0,0
2021,대구,2712000,대구동구,기타특별회계,900,기타,901,기타,0,0,1169332000,0,0,1169332000
2021,대구,2712000,대구동구,기타특별회계,140,국토및지역개발,142,지역및도시,0,37153000,0,0,37153000,0
2021,대구,2712000,대구동구,기타특별회계,120,교통및물류,126,대중교통ㆍ물류등기타,4991024000,0,0,4991024000,0,0
2021,대구,2712000,대구동구,기타특별회계,110,산업ㆍ중소기업및에너지,115,에너지및자원개발,167500000,0,0,167500000,0,0
2021,대구,2712000,대구동구,기타특별회계,080,사회복지,081,기초생활보장,1043300000,25988000,0,1043300000,24540000,0
2021,대구,2712000,대구동구,기타특별회계,070,환경,076,환경보호일반,51710000,0,0,51710000,0,0
2021,대구,2712000,대구동구,기타특별회계,070,환경,072,폐기물,0,15313993000,0,0,15313993000,0
2021,대구,2712000,대구동구,일반회계,900,기타,901,기타,0,0,104336124000,17270400000,0,104336124000
2021,대구,2712000,대구동구,일반회계,160,예비비,161,예비비,5355243000,0,0,5355243000,0,0
2021,대구,2713000,대구서구,일반회계,010,일반공공행정,011,입법및선거관리,802648000,0,0,802648000,0,0
2021,대구,2713000,대구서구,기타특별회계,900,기타,901,기타,0,0,104790000,0,0,104790000
2021,대구,2713000,대구서구,기타특별회계,140,국토및지역개발,142,지역및도시,2000000000,0,0,2000000000,0,0
2021,대구,2713000,대구서구,기타특별회계,080,사회복지,082,취약계층지원,745210000,0,0,745210000,0,0
2021,대구,2713000,대구서구,기타특별회계,080,사회복지,081,기초생활보장,0,0,0,0,0,0
2021,대구,2713000,대구서구,기타특별회계,070,환경,071,상하수도ㆍ수질,40000000,0,0,40000000,0,0
2021,대구,2713000,대구서구,기타특별회계,010,일반공공행정,014,재정ㆍ금융,0,0,0,0,0,0
2021,대구,2713000,대구서구,일반회계,900,기타,901,기타,0,0,75656550000,15366958000,0,75656550000
2021,대구,2713000,대구서구,일반회계,160,예비비,161,예비비,3961252000,0,0,3961252000,0,0
2021,대구,2713000,대구서구,일반회계,140,국토및지역개발,142,지역및도시,12491344000,200000000,0,12491344000,200000000,0
2021,대구,2713000,대구서구,일반회계,120,교통및물류,126,대중교통ㆍ물류등기타,1647595000,0,0,1647595000,0,0
2021,대구,2713000,대구서구,일반회계,120,교통및물류,121,도로,2757505000,0,0,2757505000,0,0
2021,대구,2713000,대구서구,일반회계,110,산업ㆍ중소기업및에너지,115,에너지및자원개발,187800000,0,0,187800000,0,0
2021,대구,2713000,대구서구,일반회계,110,산업ㆍ중소기업및에너지,114,산업진흥ㆍ고도화,113530000,0,0,113530000,0,0
2021,대구,2713000,대구서구,일반회계,100,농림해양수산,102,임업ㆍ산촌,534776000,0,0,534776000,0,0
2021,대구,2713000,대구서구,일반회계,100,농림해양수산,101,농업ㆍ농촌,313960000,0,0,313960000,0,0
2021,대구,2713000,대구서구,일반회계,090,보건,093,식품의약안전,553960000,0,0,553960000,0,0
2021,대구,2713000,대구서구,일반회계,090,보건,091,보건의료,7505058000,0,0,7505058000,0,0
2021,대구,2713000,대구서구,일반회계,080,사회복지,086,노동,2322000000,0,0,2322000000,0,0
2021,대구,2713000,대구서구,일반회계,080,사회복지,085,노인ㆍ청소년,127495809000,0,0,127495809000,0,0
2021,대구,2713000,대구서구,일반회계,080,사회복지,084,보육ㆍ가족및여성,12355783000,0,0,12355783000,0,0
2021,대구,2713000,대구서구,일반회계,080,사회복지,082,취약계층지원,69274641000,0,0,69274641000,0,0
2021,대구,2713000,대구서구,일반회계,080,사회복지,081,기초생활보장,61397230000,0,0,61397230000,0,0
2021,대구,2713000,대구서구,일반회계,070,환경,076,환경보호일반,126254000,0,0,126254000,0,0
2021,대구,2713000,대구서구,일반회계,070,환경,073,대기,1093601000,0,0,1093601000,0,0
2021,대구,2713000,대구서구,일반회계,070,환경,072,폐기물,9341288000,0,0,9341288000,0,0
2021,대구,2713000,대구서구,일반회계,070,환경,071,상하수도ㆍ수질,417325000,0,0,417325000,0,0
2021,대구,2713000,대구서구,일반회계,060,문화및관광,063,체육,1702452000,0,0,1702452000,0,0
2021,대구,2713000,대구서구,일반회계,060,문화및관광,061,문화예술,3271335000,0,0,3271335000,0,0
2021,대구,2713000,대구서구,일반회계,050,교육,053,평생ㆍ직업교육,210646000,0,0,210646000,0,0
2021,대구,2713000,대구서구,일반회계,050,교육,051,유아및초중등교육,3012747000,0,0,3012747000,0,0
2021,대구,2713000,대구서구,일반회계,020,공공질서및안전,025,재난방재ㆍ민방위,550909000,335108000,0,550909000,335108000,0
2021,대구,2713000,대구서구,일반회계,010,일반공공행정,016,일반행정,12856534000,0,0,12856534000,0,0
2021,대구,2713000,대구서구,일반회계,010,일반공공행정,014,재정ㆍ금융,0,3202159000,0,0,1602159000,0
2021,대구,2713000,대구서구,일반회계,010,일반공공행정,013,지방행정ㆍ재정지원,308201000,0,0,308201000,0,0
2021,대구,2714000,대구남구,일반회계,060,문화및관광,061,문화예술,2367780000,0,0,2367780000,0,0
2021,대구,2714000,대구남구,일반회계,050,교육,053,평생ㆍ직업교육,295796000,0,0,295796000,0,0
2021,대구,2714000,대구남구,일반회계,050,교육,052,고등교육,367127000,0,0,367127000,0,0
2021,대구,2714000,대구남구,일반회계,050,교육,051,유아및초중등교육,1831898000,0,0,1831898000,0,0
2021,대구,2714000,대구남구,일반회계,020,공공질서및안전,025,재난방재ㆍ민방위,536592000,210629000,0,536592000,210629000,0
2021,대구,2714000,대구남구,일반회계,010,일반공공행정,016,일반행정,10223693000,14040000000,0,10223693000,12020000000,0
2021,대구,2714000,대구남구,일반회계,010,일반공공행정,014,재정ㆍ금융,0,0,0,0,0,0
2021,대구,2714000,대구남구,일반회계,010,일반공공행정,013,지방행정ㆍ재정지원,864490000,0,0,864490000,0,0
2021,대구,2714000,대구남구,일반회계,010,일반공공행정,011,입법및선거관리,752274000,0,0,752274000,0,0
2021,대구,2714000,대구남구,기타특별회계,900,기타,901,기타,0,0,139230000,0,0,139230000
2021,대구,2714000,대구남구,기타특별회계,120,교통및물류,126,대중교통ㆍ물류등기타,790000000,1210000000,0,790000000,1210000000,0
2021,대구,2714000,대구남구,기타특별회계,080,사회복지,081,기초생활보장,741500000,72270000,0,741500000,67309000,0
2021,대구,2714000,대구남구,기타특별회계,070,환경,071,상하수도ㆍ수질,36000000,0,0,36000000,0,0
2021,대구,2714000,대구남구,일반회계,900,기타,901,기타,0,0,65954839000,15685501000,0,65954839000
2021,대구,2714000,대구남구,일반회계,160,예비비,161,예비비,3943139000,0,0,3943139000,0,0
2021,대구,2714000,대구남구,일반회계,140,국토및지역개발,142,지역및도시,4849039000,0,0,4849039000,0,0
2021,대구,2714000,대구남구,일반회계,120,교통및물류,126,대중교통ㆍ물류등기타,686104000,0,0,686104000,0,0
2021,대구,2714000,대구남구,일반회계,120,교통및물류,121,도로,2010430000,0,0,2010430000,0,0
2021,대구,2714000,대구남구,일반회계,110,산업ㆍ중소기업및에너지,115,에너지및자원개발,3191000,0,0,3191000,0,0
2021,대구,2714000,대구남구,일반회계,110,산업ㆍ중소기업및에너지,114,산업진흥ㆍ고도화,271655000,0,0,271655000,0,0
2021,대구,2714000,대구남구,일반회계,100,농림해양수산,101,농업ㆍ농촌,224288000,0,0,224288000,0,0
2021,대구,2714000,대구남구,일반회계,090,보건,093,식품의약안전,579660000,0,0,579660000,0,0
2021,대구,2714000,대구남구,일반회계,090,보건,091,보건의료,7839691000,0,0,7839691000,0,0
2021,대구,2714000,대구남구,일반회계,080,사회복지,087,보훈,1709044000,0,0,1709044000,0,0
2021,대구,2714000,대구남구,일반회계,080,사회복지,086,노동,3214563000,0,0,3214563000,0,0
2021,대구,2714000,대구남구,일반회계,080,사회복지,085,노인ㆍ청소년,105121688000,0,0,105121688000,0,0
2021,대구,2714000,대구남구,일반회계,080,사회복지,084,보육ㆍ가족및여성,31726284000,0,0,31726284000,0,0
2021,대구,2714000,대구남구,일반회계,080,사회복지,082,취약계층지원,47085498000,0,0,47085498000,0,0
2021,대구,2714000,대구남구,일반회계,080,사회복지,081,기초생활보장,63266152000,0,0,63266152000,0,0
2021,대구,2714000,대구남구,일반회계,070,환경,076,환경보호일반,75607000,0,0,75607000,0,0
2021,대구,2714000,대구남구,일반회계,070,환경,073,대기,477871000,0,0,477871000,0,0
2021,대구,2714000,대구남구,일반회계,070,환경,072,폐기물,6259087000,0,0,6259087000,0,0
2021,대구,2714000,대구남구,일반회계,070,환경,071,상하수도ㆍ수질,301145000,0,0,301145000,0,0
2021,대구,2714000,대구남구,일반회계,060,문화및관광,064,문화재,421360000,0,0,421360000,0,0
2021,대구,2714000,대구남구,일반회계,060,문화및관광,063,체육,2150928000,0,0,2150928000,0,0
2021,대구,2714000,대구남구,일반회계,060,문화및관광,062,관광,338458000,0,0,338458000,0,0
2021,대구,2715000,대구북구,일반회계,110,산업ㆍ중소기업및에너지,116,산업ㆍ중소기업일반,4789409000,0,0,4789409000,0,0
2021,대구,2715000,대구북구,일반회계,100,농림해양수산,102,임업ㆍ산촌,2588276000,0,0,2588276000,0,0
2021,대구,2715000,대구북구,일반회계,100,농림해양수산,101,농업ㆍ농촌,2569764000,0,0,2569764000,0,0
2021,대구,2715000,대구북구,일반회계,090,보건,093,식품의약안전,874276000,0,0,874276000,0,0
2021,대구,2715000,대구북구,일반회계,090,보건,091,보건의료,16663309000,0,0,16663309000,0,0
2021,대구,2715000,대구북구,일반회계,080,사회복지,087,보훈,2994620000,0,0,2994620000,0,0
2021,대구,2715000,대구북구,일반회계,080,사회복지,086,노동,5108862000,0,0,5108862000,0,0
2021,대구,2715000,대구북구,일반회계,080,사회복지,085,노인ㆍ청소년,181215457000,0,0,181215457000,0,0
2021,대구,2715000,대구북구,일반회계,080,사회복지,084,보육ㆍ가족및여성,142250006000,0,0,142250006000,0,0
2021,대구,2715000,대구북구,일반회계,080,사회복지,082,취약계층지원,56985394000,0,0,56985394000,0,0
2021,대구,2715000,대구북구,일반회계,080,사회복지,081,기초생활보장,76571187000,0,0,76571187000,0,0
2021,대구,2715000,대구북구,일반회계,070,환경,076,환경보호일반,344792000,0,0,344792000,0,0
2021,대구,2715000,대구북구,일반회계,070,환경,073,대기,742051000,0,0,742051000,0,0
2021,대구,2715000,대구북구,일반회계,070,환경,072,폐기물,19257690000,3000000,0,19257690000,3000000,0
2021,대구,2715000,대구북구,일반회계,070,환경,071,상하수도ㆍ수질,40964000,0,0,40964000,0,0
2021,대구,2715000,대구북구,일반회계,060,문화및관광,065,문화및관광일반,0,0,0,0,0,0
2021,대구,2715000,대구북구,일반회계,060,문화및관광,064,문화재,4066170000,0,0,4066170000,0,0
2021,대구,2715000,대구북구,일반회계,060,문화및관광,063,체육,3353322000,0,0,3353322000,0,0
2021,대구,2715000,대구북구,일반회계,060,문화및관광,062,관광,871905000,0,0,871905000,0,0
2021,대구,2715000,대구북구,일반회계,060,문화및관광,061,문화예술,8345899000,0,0,8345899000,0,0
2021,대구,2715000,대구북구,일반회계,050,교육,053,평생ㆍ직업교육,250878000,0,0,250878000,0,0
2021,대구,2715000,대구북구,일반회계,050,교육,051,유아및초중등교육,5475358000,0,0,5475358000,0,0
2021,대구,2715000,대구북구,일반회계,020,공공질서및안전,025,재난방재ㆍ민방위,1038522000,765880000,0,1038522000,765880000,0
2021,대구,2715000,대구북구,일반회계,010,일반공공행정,016,일반행정,17050197000,3086500000,0,17050197000,2086500000,0
2021,대구,2715000,대구북구,일반회계,010,일반공공행정,013,지방행정ㆍ재정지원,1349004000,0,0,1349004000,0,0
2021,대구,2715000,대구북구,일반회계,010,일반공공행정,011,입법및선거관리,1513341000,0,0,1513341000,0,0
2021,대구,2715000,대구북구,기타특별회계,900,기타,901,기타,0,0,874779000,0,0,874779000
2021,대구,2715000,대구북구,기타특별회계,140,국토및지역개발,142,지역및도시,0,35000000,0,0,35000000,0
2021,대구,2715000,대구북구,기타특별회계,120,교통및물류,126,대중교통ㆍ물류등기타,10352224000,4000000,0,10352224000,4000000,0
2021,대구,2715000,대구북구,기타특별회계,080,사회복지,081,기초생활보장,1060258000,162690000,0,1060258000,146570000,0
2021,대구,2715000,대구북구,기타특별회계,070,환경,072,폐기물,4042000000,0,0,4042000000,0,0
2021,대구,2715000,대구북구,기타특별회계,070,환경,071,상하수도ㆍ수질,185000000,0,0,185000000,0,0
2021,대구,2715000,대구북구,기타특별회계,010,일반공공행정,013,지방행정ㆍ재정지원,76049000,0,0,76049000,0,0
2021,대구,2715000,대구북구,일반회계,900,기타,901,기타,0,0,109749914000,19302058000,0,109749914000
2021,대구,2715000,대구북구,일반회계,160,예비비,161,예비비,7930205000,0,0,7930205000,0,0
2021,대구,2715000,대구북구,일반회계,140,국토및지역개발,142,지역및도시,24599545000,12625000,0,24599545000,12625000,0
2021,대구,2715000,대구북구,일반회계,140,국토및지역개발,141,수자원,7595993000,0,0,7595993000,0,0
2021,대구,2715000,대구북구,일반회계,120,교통및물류,126,대중교통ㆍ물류등기타,5219139000,0,0,5219139000,0,0
2021,대구,2715000,대구북구,일반회계,120,교통및물류,121,도로,6726546000,0,0,6726546000,0,0
2021,대구,2716000,대구수성구,기타특별회계,900,기타,901,기타,0,0,889787000,0,0,889787000
2021,대구,2716000,대구수성구,기타특별회계,140,국토및지역개발,142,지역및도시,5082000,503196000,0,5082000,503196000,0
2021,대구,2716000,대구수성구,기타특별회계,140,국토및지역개발,141,수자원,63000000,897000000,0,63000000,897000000,0
2021,대구,2716000,대구수성구,기타특별회계,120,교통및물류,126,대중교통ㆍ물류등기타,3233167000,10300000000,0,3233167000,10300000000,0
2021,대구,2716000,대구수성구,기타특별회계,080,사회복지,082,취약계층지원,1200000000,0,0,1200000000,0,0
2021,대구,2716000,대구수성구,일반회계,900,기타,901,기타,0,0,103766405000,13167991000,0,103766405000
2021,대구,2716000,대구수성구,일반회계,160,예비비,161,예비비,9284488000,0,0,9284488000,0,0
2021,대구,2716000,대구수성구,일반회계,140,국토및지역개발,142,지역및도시,11212503000,2000000,0,11212503000,2000000,0
2021,대구,2716000,대구수성구,일반회계,140,국토및지역개발,141,수자원,4238007000,0,0,4238007000,0,0
2021,대구,2716000,대구수성구,일반회계,120,교통및물류,126,대중교통ㆍ물류등기타,2524399000,500000000,0,2524399000,0,0
2021,대구,2716000,대구수성구,일반회계,120,교통및물류,121,도로,7067737000,0,0,7067737000,0,0
2021,대구,2716000,대구수성구,일반회계,110,산업ㆍ중소기업및에너지,116,산업ㆍ중소기업일반,1800000,0,0,1800000,0,0
2021,대구,2716000,대구수성구,일반회계,110,산업ㆍ중소기업및에너지,115,에너지및자원개발,37658000,0,0,37658000,0,0
2021,대구,2716000,대구수성구,일반회계,110,산업ㆍ중소기업및에너지,114,산업진흥ㆍ고도화,912110000,0,0,912110000,0,0
2021,대구,2716000,대구수성구,일반회계,100,농림해양수산,102,임업ㆍ산촌,3625896000,0,0,3625896000,0,0
2021,대구,2716000,대구수성구,일반회계,100,농림해양수산,101,농업ㆍ농촌,1183353000,0,0,1183353000,0,0
2021,대구,2716000,대구수성구,일반회계,090,보건,093,식품의약안전,726282000,0,0,726282000,0,0
2021,대구,2716000,대구수성구,일반회계,090,보건,091,보건의료,13876176000,0,0,13876176000,0,0
2021,대구,2716000,대구수성구,일반회계,080,사회복지,087,보훈,3426616000,0,0,3426616000,0,0
2021,대구,2716000,대구수성구,일반회계,080,사회복지,086,노동,5895080000,0,0,5895080000,0,0
2021,대구,2716000,대구수성구,일반회계,080,사회복지,085,노인ㆍ청소년,158708295000,0,0,158708295000,0,0
2021,대구,2716000,대구수성구,일반회계,080,사회복지,084,보육ㆍ가족및여성,114091107000,0,0,114091107000,0,0
2021,대구,2716000,대구수성구,일반회계,080,사회복지,082,취약계층지원,58264320000,0,0,58264320000,0,0
2021,대구,2716000,대구수성구,일반회계,080,사회복지,081,기초생활보장,80363213000,0,0,80363213000,0,0
2021,대구,2716000,대구수성구,일반회계,070,환경,076,환경보호일반,517143000,0,0,517143000,0,0
2021,대구,2716000,대구수성구,일반회계,070,환경,073,대기,460373000,0,0,460373000,0,0
2021,대구,2716000,대구수성구,일반회계,070,환경,072,폐기물,25820649000,0,0,25820649000,0,0
2021,대구,2716000,대구수성구,일반회계,070,환경,071,상하수도ㆍ수질,61092000,0,0,61092000,0,0
2021,대구,2716000,대구수성구,일반회계,060,문화및관광,065,문화및관광일반,0,0,0,0,0,0
2021,대구,2716000,대구수성구,일반회계,060,문화및관광,064,문화재,665917000,0,0,665917000,0,0
2021,대구,2716000,대구수성구,일반회계,060,문화및관광,063,체육,16433255000,0,0,16433255000,0,0
2021,대구,2716000,대구수성구,일반회계,060,문화및관광,062,관광,902424000,0,0,902424000,0,0
2021,대구,2716000,대구수성구,일반회계,060,문화및관광,061,문화예술,17916965000,0,0,17916965000,0,0
2021,대구,2716000,대구수성구,일반회계,050,교육,053,평생ㆍ직업교육,3286335000,0,0,3286335000,0,0
2021,대구,2716000,대구수성구,일반회계,050,교육,051,유아및초중등교육,5131704000,0,0,5131704000,0,0
2021,대구,2716000,대구수성구,일반회계,020,공공질서및안전,025,재난방재ㆍ민방위,2033008000,2043011000,0,2033008000,2041047000,0
2021,대구,2716000,대구수성구,일반회계,010,일반공공행정,016,일반행정,17684606000,10350000000,0,17684606000,10350000000,0
2021,대구,2716000,대구수성구,일반회계,010,일반공공행정,014,재정ㆍ금융,0,0,0,0,0,0
2021,대구,2716000,대구수성구,일반회계,010,일반공공행정,013,지방행정ㆍ재정지원,1816457000,0,0,1816457000,0,0
2021,대구,2716000,대구수성구,일반회계,010,일반공공행정,011,입법및선거관리,2005949000,0,0,2005949000,0,0
2021,대구,2717000,대구달서구,일반회계,010,일반공공행정,011,입법및선거관리,2056531000,0,0,2056531000,0,0
2021,대구,2717000,대구달서구,기타특별회계,900,기타,901,기타,0,0,1629387000,0,0,1629387000
2021,대구,2717000,대구달서구,기타특별회계,120,교통및물류,126,대중교통ㆍ물류등기타,3541805000,0,0,3541805000,0,0
2021,대구,2717000,대구달서구,기타특별회계,080,사회복지,081,기초생활보장,2720089000,0,0,2720089000,0,0
2021,대구,2717000,대구달서구,기타특별회계,070,환경,072,폐기물,0,5314000,0,0,5314000,0
2021,대구,2717000,대구달서구,기타특별회계,070,환경,071,상하수도ㆍ수질,109000000,0,0,109000000,0,0
2021,대구,2717000,대구달서구,일반회계,900,기타,901,기타,0,0,114706592000,17996080000,0,114706592000
2021,대구,2717000,대구달서구,일반회계,160,예비비,161,예비비,3654347000,0,0,3654347000,0,0
2021,대구,2717000,대구달서구,일반회계,140,국토및지역개발,142,지역및도시,29383051000,292595000,0,29383051000,292595000,0
2021,대구,2717000,대구달서구,일반회계,120,교통및물류,126,대중교통ㆍ물류등기타,2725133000,0,0,2725133000,0,0
2021,대구,2717000,대구달서구,일반회계,120,교통및물류,121,도로,4404814000,0,0,4404814000,0,0
2021,대구,2717000,대구달서구,일반회계,110,산업ㆍ중소기업및에너지,114,산업진흥ㆍ고도화,1721426000,0,0,1721426000,0,0
2021,대구,2717000,대구달서구,일반회계,100,농림해양수산,102,임업ㆍ산촌,2599571000,0,0,2599571000,0,0
2021,대구,2717000,대구달서구,일반회계,100,농림해양수산,101,농업ㆍ농촌,717243000,0,0,717243000,0,0
2021,대구,2717000,대구달서구,일반회계,090,보건,093,식품의약안전,1265121000,0,0,1265121000,0,0
2021,대구,2717000,대구달서구,일반회계,090,보건,091,보건의료,23568241000,200000,0,23568241000,200000,0
2021,대구,2717000,대구달서구,일반회계,080,사회복지,089,사회복지일반,847358000,0,0,847358000,0,0
2021,대구,2717000,대구달서구,일반회계,080,사회복지,087,보훈,3760862000,0,0,3760862000,0,0
2021,대구,2717000,대구달서구,일반회계,080,사회복지,086,노동,6644162000,0,0,6644162000,0,0
2021,대구,2717000,대구달서구,일반회계,080,사회복지,085,노인ㆍ청소년,211291434000,0,0,211291434000,0,0
2021,대구,2717000,대구달서구,일반회계,080,사회복지,084,보육ㆍ가족및여성,162993086000,0,0,162993086000,0,0
2021,대구,2717000,대구달서구,일반회계,080,사회복지,082,취약계층지원,77455786000,0,0,77455786000,0,0
2021,대구,2717000,대구달서구,일반회계,080,사회복지,081,기초생활보장,128538822000,0,0,128538822000,0,0
2021,대구,2717000,대구달서구,일반회계,070,환경,076,환경보호일반,981165000,0,0,981165000,0,0
2021,대구,2717000,대구달서구,일반회계,070,환경,073,대기,897259000,0,0,897259000,0,0
2021,대구,2717000,대구달서구,일반회계,070,환경,072,폐기물,21131064000,0,0,21131064000,0,0
2021,대구,2717000,대구달서구,일반회계,070,환경,071,상하수도ㆍ수질,3989439000,0,0,3951939000,0,0
2021,대구,2717000,대구달서구,일반회계,060,문화및관광,065,문화및관광일반,0,0,0,0,0,0
2021,대구,2717000,대구달서구,일반회계,060,문화및관광,063,체육,3375655000,0,0,3375655000,0,0
2021,대구,2717000,대구달서구,일반회계,060,문화및관광,061,문화예술,10355792000,0,0,10355792000,0,0
2021,대구,2717000,대구달서구,일반회계,050,교육,053,평생ㆍ직업교육,1773675000,0,0,1773675000,0,0
2021,대구,2717000,대구달서구,일반회계,050,교육,051,유아및초중등교육,6561394000,0,0,6561394000,0,0
2021,대구,2717000,대구달서구,일반회계,020,공공질서및안전,025,재난방재ㆍ민방위,4638062000,1174500000,0,4638062000,1174500000,0
2021,대구,2717000,대구달서구,일반회계,010,일반공공행정,016,일반행정,16500082000,3590226000,0,16500082000,2155226000,0
2021,대구,2717000,대구달서구,일반회계,010,일반공공행정,013,지방행정ㆍ재정지원,1549286000,0,0,1549286000,0,0
2021,대구,2771000,대구달성군,일반회계,080,사회복지,084,보육ㆍ가족및여성,92937657000,0,0,92937657000,0,0
2021,대구,2771000,대구달성군,일반회계,080,사회복지,082,취약계층지원,66479372000,0,0,66479372000,0,0
2021,대구,2771000,대구달성군,일반회계,080,사회복지,081,기초생활보장,45050788000,0,0,45050788000,0,0
2021,대구,2771000,대구달성군,일반회계,070,환경,074,자연,717542000,0,0,717542000,0,0
2021,대구,2771000,대구달성군,일반회계,070,환경,073,대기,1220463000,0,0,1220463000,0,0
2021,대구,2771000,대구달성군,일반회계,070,환경,072,폐기물,23028446000,0,0,23028446000,0,0
2021,대구,2771000,대구달성군,일반회계,070,환경,071,상하수도ㆍ수질,992231000,0,0,992231000,0,0
2021,대구,2771000,대구달성군,일반회계,060,문화및관광,065,문화및관광일반,14816670000,0,0,14816670000,0,0
2021,대구,2771000,대구달성군,일반회계,060,문화및관광,064,문화재,2708987000,0,0,2708987000,0,0
2021,대구,2771000,대구달성군,일반회계,060,문화및관광,063,체육,6207238000,0,0,6207238000,0,0
2021,대구,2771000,대구달성군,일반회계,060,문화및관광,062,관광,4489346000,0,0,4489346000,0,0
2021,대구,2771000,대구달성군,일반회계,060,문화및관광,061,문화예술,6134185000,0,0,6134185000,0,0
2021,대구,2771000,대구달성군,일반회계,050,교육,053,평생ㆍ직업교육,5695981000,0,0,5695981000,0,0
2021,대구,2771000,대구달성군,일반회계,050,교육,051,유아및초중등교육,5405873000,0,0,5405873000,0,0
2021,대구,2771000,대구달성군,일반회계,020,공공질서및안전,025,재난방재ㆍ민방위,2911051000,0,0,2911051000,0,0
2021,대구,2771000,대구달성군,일반회계,010,일반공공행정,016,일반행정,30158586000,0,0,30158586000,0,0
2021,대구,2771000,대구달성군,일반회계,010,일반공공행정,013,지방행정ㆍ재정지원,19950723000,0,0,19950723000,0,0
2021,대구,2771000,대구달성군,일반회계,010,일반공공행정,011,입법및선거관리,1042530000,0,0,1042530000,0,0
2021,대구,2771000,대구달성군,기타특별회계,900,기타,901,기타,0,4099985000,333229000,0,4098985000,333229000
2021,대구,2771000,대구달성군,기타특별회계,140,국토및지역개발,142,지역및도시,0,0,0,0,0,0
2021,대구,2771000,대구달성군,기타특별회계,140,국토및지역개발,141,수자원,426786000,0,0,426786000,0,0
2021,대구,2771000,대구달성군,기타특별회계,080,사회복지,082,취약계층지원,500000000,0,0,500000000,0,0
2021,대구,2771000,대구달성군,기타특별회계,070,환경,072,폐기물,0,2740000000,0,0,2740000000,0
2021,대구,2771000,대구달성군,일반회계,900,기타,901,기타,0,2121537000,93969744000,3200008000,1783416000,93969744000
2021,대구,2771000,대구달성군,일반회계,160,예비비,161,예비비,17497991000,0,0,17497991000,0,0
2021,대구,2771000,대구달성군,일반회계,140,국토및지역개발,143,산업단지,52520000,0,0,52520000,0,0
2021,대구,2771000,대구달성군,일반회계,140,국토및지역개발,142,지역및도시,48404979000,0,0,48404979000,0,0
2021,대구,2771000,대구달성군,일반회계,140,국토및지역개발,141,수자원,15418809000,0,0,15418809000,0,0
2021,대구,2771000,대구달성군,일반회계,120,교통및물류,126,대중교통ㆍ물류등기타,30606340000,0,0,30606340000,0,0
2021,대구,2771000,대구달성군,일반회계,120,교통및물류,121,도로,73389744000,0,0,73389744000,0,0
2021,대구,2771000,대구달성군,일반회계,110,산업ㆍ중소기업및에너지,116,산업ㆍ중소기업일반,339016000,0,0,339016000,0,0
2021,대구,2771000,대구달성군,일반회계,110,산업ㆍ중소기업및에너지,115,에너지및자원개발,29110000,0,0,29110000,0,0
2021,대구,2771000,대구달성군,일반회계,110,산업ㆍ중소기업및에너지,114,산업진흥ㆍ고도화,2788379000,0,0,2788379000,0,0
2021,대구,2771000,대구달성군,일반회계,110,산업ㆍ중소기업및에너지,113,무역및투자유치,551800000,0,0,551800000,0,0
2021,대구,2771000,대구달성군,일반회계,100,농림해양수산,102,임업ㆍ산촌,13985960000,0,0,13985960000,0,0
2021,대구,2771000,대구달성군,일반회계,100,농림해양수산,101,농업ㆍ농촌,42053122000,0,0,42053122000,0,0
2021,대구,2771000,대구달성군,일반회계,090,보건,093,식품의약안전,1082711000,0,0,1082711000,0,0
2021,대구,2771000,대구달성군,일반회계,090,보건,091,보건의료,19275736000,0,0,19275736000,0,0
2021,대구,2771000,대구달성군,일반회계,080,사회복지,087,보훈,4458676000,0,0,4458676000,0,0
2021,대구,2771000,대구달성군,일반회계,080,사회복지,086,노동,3548682000,0,0,3548682000,0,0
2021,대구,2771000,대구달성군,일반회계,080,사회복지,085,노인ㆍ청소년,105377475000,0,0,105377475000,0,0
2020,대구,2700000,대구본청,일반회계,090,보건,091,보건의료,107600937000,95025034000,0,29505084000,0,0
2020,대구,2700000,대구본청,일반회계,080,사회복지,087,보훈,15787474000,0,0,1464274000,0,0
2020,대구,2700000,대구본청,일반회계,080,사회복지,086,노동,79741171000,0,0,50427978000,0,0
2020,대구,2700000,대구본청,일반회계,080,사회복지,085,노인ㆍ청소년,987496929000,70200000,0,100989040000,70200000,0
2020,대구,2700000,대구본청,일반회계,080,사회복지,084,보육ㆍ가족및여성,712221545000,100000000,0,23435884000,100000000,0
2020,대구,2700000,대구본청,일반회계,080,사회복지,082,취약계층지원,385180966000,52650000,0,57347962000,52650000,0
2020,대구,2700000,대구본청,일반회계,080,사회복지,081,기초생활보장,519460750000,0,0,4982714000,0,0
2020,대구,2700000,대구본청,일반회계,070,환경,076,환경보호일반,42094087000,1975970000,0,40853400000,20700000,0
2020,대구,2700000,대구본청,일반회계,070,환경,074,자연,5023018000,0,0,4458118000,0,0
2020,대구,2700000,대구본청,일반회계,070,환경,073,대기,25988607000,0,0,18590000000,0,0
2020,대구,2700000,대구본청,일반회계,070,환경,072,폐기물,36951203000,0,0,35894903000,0,0
2020,대구,2700000,대구본청,일반회계,070,환경,071,상하수도ㆍ수질,4158820000,301270000,0,3847820000,201270000,0
2020,대구,2700000,대구본청,일반회계,060,문화및관광,064,문화재,9979841000,0,0,1536566000,0,0
2020,대구,2700000,대구본청,일반회계,060,문화및관광,063,체육,87459847000,4321196000,0,73611854000,4321196000,0
2020,대구,2700000,대구본청,일반회계,060,문화및관광,062,관광,38185645000,127740000,0,37720645000,127740000,0
2020,대구,2700000,대구본청,일반회계,060,문화및관광,061,문화예술,117797635000,691820000,0,113284335000,691820000,0
2020,대구,2700000,대구본청,일반회계,050,교육,053,평생ㆍ직업교육,2314100000,0,0,1827600000,0,0
2020,대구,2700000,대구본청,일반회계,050,교육,052,고등교육,11800000000,0,0,11800000000,0,0
2020,대구,2700000,대구본청,일반회계,050,교육,051,유아및초중등교육,519024980000,0,0,508333688000,0,0
2020,대구,2700000,대구본청,일반회계,020,공공질서및안전,025,재난방재ㆍ민방위,55334212000,42559664000,0,29680319000,25239664000,0
2020,대구,2700000,대구본청,일반회계,010,일반공공행정,016,일반행정,92001067000,20000000000,0,86548326000,20000000000,0
2020,대구,2700000,대구본청,일반회계,010,일반공공행정,014,재정ㆍ금융,0,348209566000,0,0,93897307000,0
2020,대구,2700000,대구본청,일반회계,010,일반공공행정,013,지방행정ㆍ재정지원,562652537000,0,0,4379952000,0,0
2020,대구,2700000,대구본청,일반회계,010,일반공공행정,011,입법및선거관리,4570932000,0,0,4570932000,0,0
2020,대구,2700000,대구본청,공기업특별회계,900,기타,901,기타,0,0,77127778000,0,0,77127778000
2020,대구,2700000,대구본청,공기업특별회계,160,예비비,161,예비비,0,3767694000,0,0,3767694000,0
2020,대구,2700000,대구본청,공기업특별회계,070,환경,071,상하수도ㆍ수질,773519508000,2085020000,0,767835268000,2085020000,0
2020,대구,2700000,대구본청,기타특별회계,900,기타,901,기타,0,0,224705236000,0,0,224705236000
2020,대구,2700000,대구본청,기타특별회계,140,국토및지역개발,143,산업단지,37437663000,0,0,37437663000,0,0
2020,대구,2700000,대구본청,기타특별회계,140,국토및지역개발,142,지역및도시,20135900000,200000000,0,20135900000,200000000,0
2020,대구,2700000,대구본청,기타특별회계,120,교통및물류,126,대중교통ㆍ물류등기타,73265468000,70110000,0,48766968000,70110000,0
2020,대구,2700000,대구본청,기타특별회계,120,교통및물류,123,도시철도,271652789000,0,0,271652789000,0,0
2020,대구,2700000,대구본청,기타특별회계,120,교통및물류,121,도로,6049890000,0,0,6049890000,0,0
2020,대구,2700000,대구본청,기타특별회계,110,산업ㆍ중소기업및에너지,114,산업진흥ㆍ고도화,1001600000,0,0,1001600000,0,0
2020,대구,2700000,대구본청,기타특별회계,110,산업ㆍ중소기업및에너지,111,산업금융지원,57339943000,0,0,57339943000,0,0
2020,대구,2700000,대구본청,기타특별회계,090,보건,091,보건의료,0,0,0,0,0,0
2020,대구,2700000,대구본청,기타특별회계,080,사회복지,081,기초생활보장,569487964000,0,0,562106756000,0,0
2020,대구,2700000,대구본청,기타특별회계,070,환경,071,상하수도ㆍ수질,7503574000,0,0,7422623000,0,0
2020,대구,2700000,대구본청,기타특별회계,050,교육,051,유아및초중등교육,14876800000,0,0,14876800000,0,0
2020,대구,2700000,대구본청,기타특별회계,020,공공질서및안전,026,소방,46514155000,0,0,46514155000,0,0
2020,대구,2700000,대구본청,기타특별회계,010,일반공공행정,014,재정ㆍ금융,0,120807076000,0,0,120807076000,0
2020,대구,2700000,대구본청,기타특별회계,010,일반공공행정,013,지방행정ㆍ재정지원,8051832000,0,0,0,0,0
2020,대구,2700000,대구본청,일반회계,900,기타,901,기타,0,0,322914839000,6809976000,0,322914839000
2020,대구,2700000,대구본청,일반회계,160,예비비,161,예비비,39453680000,0,0,39453680000,0,0
2020,대구,2700000,대구본청,일반회계,150,과학기술,152,과학기술연구지원,37841534000,0,0,37841534000,0,0
2020,대구,2700000,대구본청,일반회계,140,국토및지역개발,143,산업단지,2102585000,0,0,2102585000,0,0
2020,대구,2700000,대구본청,일반회계,140,국토및지역개발,142,지역및도시,403730672000,4579061000,0,356374517000,4579061000,0
2020,대구,2700000,대구본청,일반회계,140,국토및지역개발,141,수자원,3382627000,0,0,3382627000,0,0
2020,대구,2700000,대구본청,일반회계,120,교통및물류,126,대중교통ㆍ물류등기타,258652818000,299271303000,0,258130818000,994162000,0
2020,대구,2700000,대구본청,일반회계,120,교통및물류,125,항공ㆍ공항,3682660000,0,0,1182660000,0,0
2020,대구,2700000,대구본청,일반회계,120,교통및물류,121,도로,136238068000,0,0,135243568000,0,0
2020,대구,2700000,대구본청,일반회계,110,산업ㆍ중소기업및에너지,116,산업ㆍ중소기업일반,0,1518385000,0,0,1518385000,0
2020,대구,2700000,대구본청,일반회계,110,산업ㆍ중소기업및에너지,115,에너지및자원개발,18072821000,0,0,17527683000,0,0
2020,대구,2700000,대구본청,일반회계,110,산업ㆍ중소기업및에너지,114,산업진흥ㆍ고도화,169926155000,4042768000,0,159204027000,4042768000,0
2020,대구,2700000,대구본청,일반회계,110,산업ㆍ중소기업및에너지,113,무역및투자유치,62753671000,2588670000,0,62753671000,2588670000,0
2020,대구,2700000,대구본청,일반회계,110,산업ㆍ중소기업및에너지,112,산업기술지원,132232073000,0,0,132090473000,0,0
2020,대구,2700000,대구본청,일반회계,110,산업ㆍ중소기업및에너지,111,산업금융지원,10214750000,0,0,10214750000,0,0
2020,대구,2700000,대구본청,일반회계,100,농림해양수산,102,임업ㆍ산촌,19628717000,0,0,8221101000,0,0
2020,대구,2700000,대구본청,일반회계,100,농림해양수산,101,농업ㆍ농촌,38098346000,0,0,21960073000,0,0
2020,대구,2700000,대구본청,일반회계,090,보건,093,식품의약안전,6412384000,0,0,3147004000,0,0
2020,대구,2711000,대구중구,일반회계,080,사회복지,081,기초생활보장,17411451000,100000000,0,17411451000,100000000,0
2020,대구,2711000,대구중구,일반회계,070,환경,076,환경보호일반,0,0,0,0,0,0
2020,대구,2711000,대구중구,일반회계,070,환경,073,대기,321050000,0,0,321050000,0,0
2020,대구,2711000,대구중구,일반회계,070,환경,072,폐기물,8994272000,0,0,8994272000,0,0
2020,대구,2711000,대구중구,일반회계,070,환경,071,상하수도ㆍ수질,38485000,0,0,38485000,0,0
2020,대구,2711000,대구중구,일반회계,060,문화및관광,065,문화및관광일반,77846000,0,0,77846000,0,0
2020,대구,2711000,대구중구,일반회계,060,문화및관광,064,문화재,429716000,0,0,429716000,0,0
2020,대구,2711000,대구중구,일반회계,060,문화및관광,063,체육,3007381000,0,0,3007381000,0,0
2020,대구,2711000,대구중구,일반회계,060,문화및관광,062,관광,1494313000,0,0,1494313000,0,0
2020,대구,2711000,대구중구,일반회계,060,문화및관광,061,문화예술,2528415000,3500000,0,2528415000,3500000,0
2020,대구,2711000,대구중구,일반회계,050,교육,053,평생ㆍ직업교육,159189000,0,0,159189000,0,0
2020,대구,2711000,대구중구,일반회계,050,교육,051,유아및초중등교육,851394000,0,0,851394000,0,0
2020,대구,2711000,대구중구,일반회계,020,공공질서및안전,025,재난방재ㆍ민방위,1091930000,366889000,0,1091930000,366889000,0
2020,대구,2711000,대구중구,일반회계,010,일반공공행정,016,일반행정,12245884000,0,0,12245884000,0,0
2020,대구,2711000,대구중구,일반회계,010,일반공공행정,014,재정ㆍ금융,0,1010000000,0,0,505000000,0
2020,대구,2711000,대구중구,일반회계,010,일반공공행정,013,지방행정ㆍ재정지원,640218000,0,0,640218000,0,0
2020,대구,2711000,대구중구,일반회계,010,일반공공행정,011,입법및선거관리,609017000,0,0,609017000,0,0
2020,대구,2711000,대구중구,기타특별회계,080,사회복지,082,취약계층지원,60000000,0,0,60000000,0,0
2020,대구,2711000,대구중구,기타특별회계,080,사회복지,081,기초생활보장,306411000,1465589000,0,306411000,1463089000,0
2020,대구,2711000,대구중구,기타특별회계,070,환경,071,상하수도ㆍ수질,209000000,0,0,209000000,0,0
2020,대구,2711000,대구중구,일반회계,900,기타,901,기타,0,0,61623687000,8062334000,0,61623687000
2020,대구,2711000,대구중구,일반회계,160,예비비,161,예비비,5985657000,0,0,5985657000,0,0
2020,대구,2711000,대구중구,일반회계,140,국토및지역개발,142,지역및도시,14263085000,0,0,14263085000,0,0
2020,대구,2711000,대구중구,일반회계,120,교통및물류,126,대중교통ㆍ물류등기타,1385225000,1002500000,0,1385225000,1002500000,0
2020,대구,2711000,대구중구,일반회계,120,교통및물류,121,도로,3661355000,0,0,3661355000,0,0
2020,대구,2711000,대구중구,일반회계,110,산업ㆍ중소기업및에너지,115,에너지및자원개발,64777000,0,0,64777000,0,0
2020,대구,2711000,대구중구,일반회계,110,산업ㆍ중소기업및에너지,114,산업진흥ㆍ고도화,3405893000,9924000,0,3405893000,9924000,0
2020,대구,2711000,대구중구,일반회계,100,농림해양수산,101,농업ㆍ농촌,169401000,0,0,169401000,0,0
2020,대구,2711000,대구중구,일반회계,090,보건,093,식품의약안전,379507000,0,0,379507000,0,0
2020,대구,2711000,대구중구,일반회계,090,보건,091,보건의료,5765222000,0,0,5765222000,0,0
2020,대구,2711000,대구중구,일반회계,080,사회복지,089,사회복지일반,0,0,0,0,0,0
2020,대구,2711000,대구중구,일반회계,080,사회복지,088,주택,6629419000,0,0,6629419000,0,0
2020,대구,2711000,대구중구,일반회계,080,사회복지,087,보훈,756820000,0,0,756820000,0,0
2020,대구,2711000,대구중구,일반회계,080,사회복지,086,노동,4233801000,0,0,4233801000,0,0
2020,대구,2711000,대구중구,일반회계,080,사회복지,085,노인ㆍ청소년,50701918000,0,0,50701918000,0,0
2020,대구,2711000,대구중구,일반회계,080,사회복지,084,보육ㆍ가족및여성,18249871000,0,0,18249871000,0,0
2020,대구,2711000,대구중구,일반회계,080,사회복지,082,취약계층지원,25430988000,0,0,25430988000,0,0
2020,대구,2712000,대구동구,기타특별회계,140,국토및지역개발,142,지역및도시,0,36000000,0,0,36000000,0
2020,대구,2712000,대구동구,기타특별회계,120,교통및물류,126,대중교통ㆍ물류등기타,4828299000,0,0,4828299000,0,0
2020,대구,2712000,대구동구,기타특별회계,110,산업ㆍ중소기업및에너지,115,에너지및자원개발,154000000,0,0,154000000,0,0
2020,대구,2712000,대구동구,기타특별회계,080,사회복지,081,기초생활보장,966577000,48016000,0,966577000,41973000,0
2020,대구,2712000,대구동구,기타특별회계,070,환경,076,환경보호일반,112858000,0,0,112858000,0,0
2020,대구,2712000,대구동구,기타특별회계,070,환경,072,폐기물,0,4861000000,0,0,4861000000,0
2020,대구,2712000,대구동구,일반회계,900,기타,901,기타,0,0,99415725000,15065609000,0,99415725000
2020,대구,2712000,대구동구,일반회계,160,예비비,161,예비비,7006151000,0,0,7006151000,0,0
2020,대구,2712000,대구동구,일반회계,140,국토및지역개발,142,지역및도시,14134731000,15864000,0,14134731000,15864000,0
2020,대구,2712000,대구동구,일반회계,140,국토및지역개발,141,수자원,4706583000,0,0,4706583000,0,0
2020,대구,2712000,대구동구,일반회계,120,교통및물류,126,대중교통ㆍ물류등기타,516359000,0,0,516359000,0,0
2020,대구,2712000,대구동구,일반회계,120,교통및물류,121,도로,4776512000,0,0,4776512000,0,0
2020,대구,2712000,대구동구,일반회계,110,산업ㆍ중소기업및에너지,114,산업진흥ㆍ고도화,981720000,0,0,981720000,0,0
2020,대구,2712000,대구동구,일반회계,100,농림해양수산,101,농업ㆍ농촌,4016298000,0,0,4016298000,0,0
2020,대구,2712000,대구동구,일반회계,090,보건,093,식품의약안전,871539000,0,0,871539000,0,0
2020,대구,2712000,대구동구,일반회계,090,보건,091,보건의료,15492962000,0,0,15492962000,0,0
2020,대구,2712000,대구동구,일반회계,080,사회복지,089,사회복지일반,14779434000,0,0,14779434000,0,0
2020,대구,2712000,대구동구,일반회계,080,사회복지,086,노동,4753488000,0,0,4753488000,0,0
2020,대구,2712000,대구동구,일반회계,080,사회복지,085,노인ㆍ청소년,200303417000,0,0,200303417000,0,0
2020,대구,2712000,대구동구,일반회계,080,사회복지,084,보육ㆍ가족및여성,85671781000,0,0,85671781000,0,0
2020,대구,2712000,대구동구,일반회계,080,사회복지,082,취약계층지원,52658347000,0,0,52658347000,0,0
2020,대구,2712000,대구동구,일반회계,080,사회복지,081,기초생활보장,81553955000,0,0,81553955000,0,0
2020,대구,2712000,대구동구,일반회계,070,환경,076,환경보호일반,899781000,0,0,899781000,0,0
2020,대구,2712000,대구동구,일반회계,070,환경,072,폐기물,13615772000,0,0,13615772000,0,0
2020,대구,2712000,대구동구,일반회계,060,문화및관광,065,문화및관광일반,0,0,0,0,0,0
2020,대구,2712000,대구동구,일반회계,060,문화및관광,064,문화재,2570865000,0,0,2570865000,0,0
2020,대구,2712000,대구동구,일반회계,060,문화및관광,063,체육,1894677000,0,0,1894677000,0,0
2020,대구,2712000,대구동구,일반회계,060,문화및관광,061,문화예술,5930236000,0,0,5930236000,0,0
2020,대구,2712000,대구동구,일반회계,050,교육,053,평생ㆍ직업교육,2831493000,0,0,2831493000,0,0
2020,대구,2712000,대구동구,일반회계,020,공공질서및안전,025,재난방재ㆍ민방위,2712420000,675000000,0,2712420000,675000000,0
2020,대구,2712000,대구동구,일반회계,010,일반공공행정,016,일반행정,17641153000,529455000,0,17641153000,479455000,0
2020,대구,2712000,대구동구,일반회계,010,일반공공행정,013,지방행정ㆍ재정지원,1370500000,0,0,1370500000,0,0
2020,대구,2712000,대구동구,일반회계,010,일반공공행정,011,입법및선거관리,1173782000,0,0,1173782000,0,0
2020,대구,2712000,대구동구,기타특별회계,900,기타,901,기타,0,0,1193250000,0,0,1193250000
2020,대구,2713000,대구서구,일반회계,010,일반공공행정,011,입법및선거관리,1012793000,0,0,1012793000,0,0
2020,대구,2713000,대구서구,기타특별회계,900,기타,901,기타,0,0,103716000,0,0,103716000
2020,대구,2713000,대구서구,기타특별회계,140,국토및지역개발,142,지역및도시,2000000000,0,0,2000000000,0,0
2020,대구,2713000,대구서구,기타특별회계,080,사회복지,082,취약계층지원,496284000,0,0,496284000,0,0
2020,대구,2713000,대구서구,기타특별회계,080,사회복지,081,기초생활보장,0,0,0,0,0,0
2020,대구,2713000,대구서구,기타특별회계,070,환경,071,상하수도ㆍ수질,270000000,0,0,270000000,0,0
2020,대구,2713000,대구서구,기타특별회계,010,일반공공행정,014,재정ㆍ금융,0,0,0,0,0,0
2020,대구,2713000,대구서구,일반회계,900,기타,901,기타,0,0,73185228000,12107269000,0,73185228000
2020,대구,2713000,대구서구,일반회계,160,예비비,161,예비비,4887053000,0,0,4887053000,0,0
2020,대구,2713000,대구서구,일반회계,140,국토및지역개발,142,지역및도시,15143936000,200000000,0,15143936000,200000000,0
2020,대구,2713000,대구서구,일반회계,120,교통및물류,126,대중교통ㆍ물류등기타,1807280000,0,0,1807280000,0,0
2020,대구,2713000,대구서구,일반회계,120,교통및물류,121,도로,2438396000,0,0,2438396000,0,0
2020,대구,2713000,대구서구,일반회계,110,산업ㆍ중소기업및에너지,115,에너지및자원개발,347100000,0,0,347100000,0,0
2020,대구,2713000,대구서구,일반회계,110,산업ㆍ중소기업및에너지,114,산업진흥ㆍ고도화,147650000,0,0,147650000,0,0
2020,대구,2713000,대구서구,일반회계,100,농림해양수산,102,임업ㆍ산촌,610147000,0,0,610147000,0,0
2020,대구,2713000,대구서구,일반회계,100,농림해양수산,101,농업ㆍ농촌,326314000,0,0,326314000,0,0
2020,대구,2713000,대구서구,일반회계,090,보건,093,식품의약안전,502350000,0,0,502350000,0,0
2020,대구,2713000,대구서구,일반회계,090,보건,091,보건의료,7389921000,0,0,7389921000,0,0
2020,대구,2713000,대구서구,일반회계,080,사회복지,089,사회복지일반,0,0,0,0,0,0
2020,대구,2713000,대구서구,일반회계,080,사회복지,086,노동,2694121000,0,0,2694121000,0,0
2020,대구,2713000,대구서구,일반회계,080,사회복지,085,노인ㆍ청소년,116376368000,0,0,116376368000,0,0
2020,대구,2713000,대구서구,일반회계,080,사회복지,084,보육ㆍ가족및여성,13405390000,0,0,13405390000,0,0
2020,대구,2713000,대구서구,일반회계,080,사회복지,082,취약계층지원,64276955000,0,0,64276955000,0,0
2020,대구,2713000,대구서구,일반회계,080,사회복지,081,기초생활보장,54865594000,0,0,54865594000,0,0
2020,대구,2713000,대구서구,일반회계,070,환경,076,환경보호일반,139764000,0,0,139764000,0,0
2020,대구,2713000,대구서구,일반회계,070,환경,073,대기,550044000,0,0,550044000,0,0
2020,대구,2713000,대구서구,일반회계,070,환경,072,폐기물,9303618000,0,0,9303618000,0,0
2020,대구,2713000,대구서구,일반회계,070,환경,071,상하수도ㆍ수질,721015000,0,0,721015000,0,0
2020,대구,2713000,대구서구,일반회계,060,문화및관광,063,체육,2051558000,0,0,2051558000,0,0
2020,대구,2713000,대구서구,일반회계,060,문화및관광,061,문화예술,3265849000,0,0,3265849000,0,0
2020,대구,2713000,대구서구,일반회계,050,교육,053,평생ㆍ직업교육,199469000,0,0,199469000,0,0
2020,대구,2713000,대구서구,일반회계,050,교육,051,유아및초중등교육,2319569000,0,0,2319569000,0,0
2020,대구,2713000,대구서구,일반회계,020,공공질서및안전,025,재난방재ㆍ민방위,468958000,314072000,0,468958000,314072000,0
2020,대구,2713000,대구서구,일반회계,010,일반공공행정,016,일반행정,12400638000,0,0,12400638000,0,0
2020,대구,2713000,대구서구,일반회계,010,일반공공행정,014,재정ㆍ금융,0,3414352000,0,0,1550000000,0
2020,대구,2713000,대구서구,일반회계,010,일반공공행정,013,지방행정ㆍ재정지원,334498000,0,0,334498000,0,0
2020,대구,2714000,대구남구,일반회계,080,사회복지,081,기초생활보장,59655007000,0,0,59655007000,0,0
2020,대구,2714000,대구남구,일반회계,070,환경,076,환경보호일반,89042000,0,0,89042000,0,0
2020,대구,2714000,대구남구,일반회계,070,환경,073,대기,266521000,0,0,266521000,0,0
2020,대구,2714000,대구남구,일반회계,070,환경,072,폐기물,7557816000,0,0,7557816000,0,0
2020,대구,2714000,대구남구,일반회계,070,환경,071,상하수도ㆍ수질,304882000,0,0,304882000,0,0
2020,대구,2714000,대구남구,일반회계,060,문화및관광,064,문화재,103624000,0,0,103624000,0,0
2020,대구,2714000,대구남구,일반회계,060,문화및관광,063,체육,1659169000,0,0,1659169000,0,0
2020,대구,2714000,대구남구,일반회계,060,문화및관광,061,문화예술,3542396000,0,0,3542396000,0,0
2020,대구,2714000,대구남구,일반회계,050,교육,053,평생ㆍ직업교육,260860000,0,0,260860000,0,0
2020,대구,2714000,대구남구,일반회계,050,교육,052,고등교육,407146000,0,0,407146000,0,0
2020,대구,2714000,대구남구,일반회계,050,교육,051,유아및초중등교육,1667597000,0,0,1667597000,0,0
2020,대구,2714000,대구남구,일반회계,020,공공질서및안전,025,재난방재ㆍ민방위,519715000,197275000,0,519715000,197275000,0
2020,대구,2714000,대구남구,일반회계,010,일반공공행정,016,일반행정,11188019000,10040000000,0,11188019000,8020000000,0
2020,대구,2714000,대구남구,일반회계,010,일반공공행정,014,재정ㆍ금융,0,0,0,0,0,0
2020,대구,2714000,대구남구,일반회계,010,일반공공행정,013,지방행정ㆍ재정지원,867908000,0,0,867908000,0,0
2020,대구,2714000,대구남구,일반회계,010,일반공공행정,011,입법및선거관리,667738000,0,0,667738000,0,0
2020,대구,2714000,대구남구,기타특별회계,900,기타,901,기타,0,0,137550000,0,0,137550000
2020,대구,2714000,대구남구,기타특별회계,120,교통및물류,126,대중교통ㆍ물류등기타,2060000000,0,0,2060000000,0,0
2020,대구,2714000,대구남구,기타특별회계,080,사회복지,081,기초생활보장,550330000,72120000,0,550330000,67159000,0
2020,대구,2714000,대구남구,기타특별회계,070,환경,071,상하수도ㆍ수질,170000000,0,0,170000000,0,0
2020,대구,2714000,대구남구,일반회계,900,기타,901,기타,0,0,66529649000,12131021000,0,66529649000
2020,대구,2714000,대구남구,일반회계,160,예비비,161,예비비,5412860000,0,0,5412860000,0,0
2020,대구,2714000,대구남구,일반회계,140,국토및지역개발,142,지역및도시,5659387000,0,0,5659387000,0,0
2020,대구,2714000,대구남구,일반회계,120,교통및물류,126,대중교통ㆍ물류등기타,666872000,0,0,666872000,0,0
2020,대구,2714000,대구남구,일반회계,120,교통및물류,121,도로,1852838000,0,0,1852838000,0,0
2020,대구,2714000,대구남구,일반회계,110,산업ㆍ중소기업및에너지,115,에너지및자원개발,22725000,0,0,22725000,0,0
2020,대구,2714000,대구남구,일반회계,110,산업ㆍ중소기업및에너지,114,산업진흥ㆍ고도화,350465000,0,0,350465000,0,0
2020,대구,2714000,대구남구,일반회계,100,농림해양수산,101,농업ㆍ농촌,270083000,0,0,270083000,0,0
2020,대구,2714000,대구남구,일반회계,090,보건,093,식품의약안전,665750000,0,0,665750000,0,0
2020,대구,2714000,대구남구,일반회계,090,보건,091,보건의료,7464500000,0,0,7464500000,0,0
2020,대구,2714000,대구남구,일반회계,080,사회복지,087,보훈,1562259000,0,0,1562259000,0,0
2020,대구,2714000,대구남구,일반회계,080,사회복지,086,노동,3386588000,0,0,3386588000,0,0
2020,대구,2714000,대구남구,일반회계,080,사회복지,085,노인ㆍ청소년,96262528000,0,0,96262528000,0,0
2020,대구,2714000,대구남구,일반회계,080,사회복지,084,보육ㆍ가족및여성,30202714000,0,0,30202714000,0,0
2020,대구,2714000,대구남구,일반회계,080,사회복지,082,취약계층지원,45696067000,0,0,45696067000,0,0
2020,대구,2715000,대구북구,기타특별회계,070,환경,071,상하수도ㆍ수질,940000000,0,0,940000000,0,0
2020,대구,2715000,대구북구,기타특별회계,010,일반공공행정,013,지방행정ㆍ재정지원,69693000,0,0,69693000,0,0
2020,대구,2715000,대구북구,일반회계,900,기타,901,기타,0,0,104243838000,16558214000,0,104243838000
2020,대구,2715000,대구북구,일반회계,160,예비비,161,예비비,6039107000,0,0,6039107000,0,0
2020,대구,2715000,대구북구,일반회계,140,국토및지역개발,142,지역및도시,18213674000,2625000,0,18213674000,2625000,0
2020,대구,2715000,대구북구,일반회계,140,국토및지역개발,141,수자원,6312407000,0,0,6312407000,0,0
2020,대구,2715000,대구북구,일반회계,120,교통및물류,126,대중교통ㆍ물류등기타,2850238000,0,0,2850238000,0,0
2020,대구,2715000,대구북구,일반회계,120,교통및물류,121,도로,7083558000,0,0,7083558000,0,0
2020,대구,2715000,대구북구,일반회계,110,산업ㆍ중소기업및에너지,116,산업ㆍ중소기업일반,4339273000,0,0,4339273000,0,0
2020,대구,2715000,대구북구,일반회계,100,농림해양수산,102,임업ㆍ산촌,2001024000,0,0,2001024000,0,0
2020,대구,2715000,대구북구,일반회계,100,농림해양수산,101,농업ㆍ농촌,2305584000,0,0,2305584000,0,0
2020,대구,2715000,대구북구,일반회계,090,보건,093,식품의약안전,843626000,0,0,843626000,0,0
2020,대구,2715000,대구북구,일반회계,090,보건,091,보건의료,16362008000,0,0,16362008000,0,0
2020,대구,2715000,대구북구,일반회계,080,사회복지,087,보훈,2542870000,0,0,2542870000,0,0
2020,대구,2715000,대구북구,일반회계,080,사회복지,086,노동,5094896000,0,0,5094896000,0,0
2020,대구,2715000,대구북구,일반회계,080,사회복지,085,노인ㆍ청소년,160804714000,0,0,160804714000,0,0
2020,대구,2715000,대구북구,일반회계,080,사회복지,084,보육ㆍ가족및여성,138643396000,168500000,0,138643396000,168500000,0
2020,대구,2715000,대구북구,일반회계,080,사회복지,082,취약계층지원,52626835000,0,0,52626835000,0,0
2020,대구,2715000,대구북구,일반회계,080,사회복지,081,기초생활보장,67185797000,0,0,67185797000,0,0
2020,대구,2715000,대구북구,일반회계,070,환경,076,환경보호일반,465865000,0,0,465865000,0,0
2020,대구,2715000,대구북구,일반회계,070,환경,073,대기,758375000,0,0,758375000,0,0
2020,대구,2715000,대구북구,일반회계,070,환경,072,폐기물,16736016000,3000000,0,16736016000,3000000,0
2020,대구,2715000,대구북구,일반회계,070,환경,071,상하수도ㆍ수질,78068000,0,0,78068000,0,0
2020,대구,2715000,대구북구,일반회계,060,문화및관광,065,문화및관광일반,0,0,0,0,0,0
2020,대구,2715000,대구북구,일반회계,060,문화및관광,064,문화재,2363230000,0,0,2363230000,0,0
2020,대구,2715000,대구북구,일반회계,060,문화및관광,063,체육,3439372000,0,0,3439372000,0,0
2020,대구,2715000,대구북구,일반회계,060,문화및관광,062,관광,841207000,0,0,841207000,0,0
2020,대구,2715000,대구북구,일반회계,060,문화및관광,061,문화예술,8869364000,0,0,8869364000,0,0
2020,대구,2715000,대구북구,일반회계,050,교육,053,평생ㆍ직업교육,291970000,0,0,291970000,0,0
2020,대구,2715000,대구북구,일반회계,050,교육,051,유아및초중등교육,4344967000,0,0,4344967000,0,0
2020,대구,2715000,대구북구,일반회계,020,공공질서및안전,025,재난방재ㆍ민방위,999441000,719071000,0,999441000,719071000,0
2020,대구,2715000,대구북구,일반회계,010,일반공공행정,016,일반행정,19036572000,3109000000,0,19036572000,2109000000,0
2020,대구,2715000,대구북구,일반회계,010,일반공공행정,013,지방행정ㆍ재정지원,1353971000,0,0,1353971000,0,0
2020,대구,2715000,대구북구,일반회계,010,일반공공행정,011,입법및선거관리,1526541000,0,0,1526541000,0,0
2020,대구,2715000,대구북구,기타특별회계,900,기타,901,기타,0,0,1091207000,0,0,1091207000
2020,대구,2715000,대구북구,기타특별회계,140,국토및지역개발,142,지역및도시,0,35000000,0,0,35000000,0
2020,대구,2715000,대구북구,기타특별회계,120,교통및물류,126,대중교통ㆍ물류등기타,7596166000,4000000,0,7596166000,4000000,0
2020,대구,2715000,대구북구,기타특별회계,080,사회복지,081,기초생활보장,804702000,162232000,0,804702000,146112000,0
2020,대구,2715000,대구북구,기타특별회계,070,환경,072,폐기물,2197000000,0,0,2197000000,0,0
2020,대구,2716000,대구수성구,일반회계,010,일반공공행정,011,입법및선거관리,1909732000,0,0,1909732000,0,0
2020,대구,2716000,대구수성구,기타특별회계,900,기타,901,기타,0,0,872244000,0,0,872244000
2020,대구,2716000,대구수성구,기타특별회계,140,국토및지역개발,142,지역및도시,0,237000000,0,0,237000000,0
2020,대구,2716000,대구수성구,기타특별회계,140,국토및지역개발,141,수자원,913000000,0,0,913000000,0,0
2020,대구,2716000,대구수성구,기타특별회계,120,교통및물류,126,대중교통ㆍ물류등기타,5354356000,7150000000,0,5354356000,7150000000,0
2020,대구,2716000,대구수성구,기타특별회계,080,사회복지,082,취약계층지원,1044400000,0,0,1044400000,0,0
2020,대구,2716000,대구수성구,일반회계,900,기타,901,기타,0,0,102225716000,10217144000,0,102225716000
2020,대구,2716000,대구수성구,일반회계,160,예비비,161,예비비,6629015000,0,0,6629015000,0,0
2020,대구,2716000,대구수성구,일반회계,140,국토및지역개발,142,지역및도시,16455799000,2000000,0,16455799000,2000000,0
2020,대구,2716000,대구수성구,일반회계,140,국토및지역개발,141,수자원,3065971000,0,0,3065971000,0,0
2020,대구,2716000,대구수성구,일반회계,120,교통및물류,126,대중교통ㆍ물류등기타,1720854000,500000000,0,1720854000,0,0
2020,대구,2716000,대구수성구,일반회계,120,교통및물류,121,도로,7783812000,0,0,7783812000,0,0
2020,대구,2716000,대구수성구,일반회계,110,산업ㆍ중소기업및에너지,116,산업ㆍ중소기업일반,1800000,0,0,1800000,0,0
2020,대구,2716000,대구수성구,일반회계,110,산업ㆍ중소기업및에너지,115,에너지및자원개발,67577000,0,0,67577000,0,0
2020,대구,2716000,대구수성구,일반회계,110,산업ㆍ중소기업및에너지,114,산업진흥ㆍ고도화,3159405000,0,0,3159405000,0,0
2020,대구,2716000,대구수성구,일반회계,100,농림해양수산,102,임업ㆍ산촌,2964306000,0,0,2964306000,0,0
2020,대구,2716000,대구수성구,일반회계,100,농림해양수산,101,농업ㆍ농촌,1769005000,0,0,1769005000,0,0
2020,대구,2716000,대구수성구,일반회계,090,보건,093,식품의약안전,724296000,0,0,724296000,0,0
2020,대구,2716000,대구수성구,일반회계,090,보건,091,보건의료,13214800000,0,0,13214800000,0,0
2020,대구,2716000,대구수성구,일반회계,080,사회복지,087,보훈,3079226000,0,0,3079226000,0,0
2020,대구,2716000,대구수성구,일반회계,080,사회복지,086,노동,7443871000,0,0,7443871000,0,0
2020,대구,2716000,대구수성구,일반회계,080,사회복지,085,노인ㆍ청소년,142439145000,0,0,142439145000,0,0
2020,대구,2716000,대구수성구,일반회계,080,사회복지,084,보육ㆍ가족및여성,110145375000,0,0,110145375000,0,0
2020,대구,2716000,대구수성구,일반회계,080,사회복지,082,취약계층지원,53793417000,0,0,53793417000,0,0
2020,대구,2716000,대구수성구,일반회계,080,사회복지,081,기초생활보장,77634843000,0,0,77634843000,0,0
2020,대구,2716000,대구수성구,일반회계,070,환경,076,환경보호일반,468416000,0,0,468416000,0,0
2020,대구,2716000,대구수성구,일반회계,070,환경,073,대기,545881000,0,0,545881000,0,0
2020,대구,2716000,대구수성구,일반회계,070,환경,072,폐기물,25487081000,0,0,25487081000,0,0
2020,대구,2716000,대구수성구,일반회계,070,환경,071,상하수도ㆍ수질,74044000,0,0,74044000,0,0
2020,대구,2716000,대구수성구,일반회계,060,문화및관광,065,문화및관광일반,0,0,0,0,0,0
2020,대구,2716000,대구수성구,일반회계,060,문화및관광,064,문화재,472003000,0,0,472003000,0,0
2020,대구,2716000,대구수성구,일반회계,060,문화및관광,063,체육,4176696000,0,0,4176696000,0,0
2020,대구,2716000,대구수성구,일반회계,060,문화및관광,062,관광,926880000,0,0,926880000,0,0
2020,대구,2716000,대구수성구,일반회계,060,문화및관광,061,문화예술,17532973000,0,0,17532973000,0,0
2020,대구,2716000,대구수성구,일반회계,050,교육,053,평생ㆍ직업교육,2802549000,0,0,2802549000,0,0
2020,대구,2716000,대구수성구,일반회계,050,교육,051,유아및초중등교육,4285032000,0,0,4285032000,0,0
2020,대구,2716000,대구수성구,일반회계,020,공공질서및안전,025,재난방재ㆍ민방위,2684368000,924714000,0,2684368000,924714000,0
2020,대구,2716000,대구수성구,일반회계,010,일반공공행정,016,일반행정,18016338000,0,0,18016338000,0,0
2020,대구,2716000,대구수성구,일반회계,010,일반공공행정,014,재정ㆍ금융,0,0,0,0,0,0
2020,대구,2716000,대구수성구,일반회계,010,일반공공행정,013,지방행정ㆍ재정지원,1773060000,0,0,1773060000,0,0
2020,대구,2717000,대구달서구,일반회계,060,문화및관광,063,체육,3546919000,0,0,3546919000,0,0
2020,대구,2717000,대구달서구,일반회계,060,문화및관광,061,문화예술,7868234000,0,0,7868234000,0,0
2020,대구,2717000,대구달서구,일반회계,050,교육,053,평생ㆍ직업교육,611690000,0,0,611690000,0,0
2020,대구,2717000,대구달서구,일반회계,050,교육,051,유아및초중등교육,5788237000,0,0,5788237000,0,0
2020,대구,2717000,대구달서구,일반회계,020,공공질서및안전,025,재난방재ㆍ민방위,3051156000,1113000000,0,3051156000,1113000000,0
2020,대구,2717000,대구달서구,일반회계,010,일반공공행정,016,일반행정,16062513000,3693418000,0,16062513000,2258418000,0
2020,대구,2717000,대구달서구,일반회계,010,일반공공행정,013,지방행정ㆍ재정지원,1550815000,0,0,1550815000,0,0
2020,대구,2717000,대구달서구,일반회계,010,일반공공행정,011,입법및선거관리,1892957000,0,0,1892957000,0,0
2020,대구,2717000,대구달서구,기타특별회계,900,기타,901,기타,0,0,1585877000,0,0,1585877000
2020,대구,2717000,대구달서구,기타특별회계,120,교통및물류,126,대중교통ㆍ물류등기타,10379932000,0,0,10379932000,0,0
2020,대구,2717000,대구달서구,기타특별회계,080,사회복지,081,기초생활보장,2599409000,0,0,2599409000,0,0
2020,대구,2717000,대구달서구,기타특별회계,070,환경,072,폐기물,0,5337000,0,0,5337000,0
2020,대구,2717000,대구달서구,기타특별회계,070,환경,071,상하수도ㆍ수질,533951000,0,0,533951000,0,0
2020,대구,2717000,대구달서구,일반회계,900,기타,901,기타,0,0,108568604000,15041162000,0,108568604000
2020,대구,2717000,대구달서구,일반회계,160,예비비,161,예비비,5413113000,0,0,5413113000,0,0
2020,대구,2717000,대구달서구,일반회계,140,국토및지역개발,142,지역및도시,20689487000,311207000,0,20689487000,311207000,0
2020,대구,2717000,대구달서구,일반회계,120,교통및물류,126,대중교통ㆍ물류등기타,2718466000,0,0,2718466000,0,0
2020,대구,2717000,대구달서구,일반회계,120,교통및물류,121,도로,5233965000,0,0,5233965000,0,0
2020,대구,2717000,대구달서구,일반회계,110,산업ㆍ중소기업및에너지,114,산업진흥ㆍ고도화,1622085000,0,0,1622085000,0,0
2020,대구,2717000,대구달서구,일반회계,100,농림해양수산,102,임업ㆍ산촌,1510050000,0,0,1510050000,0,0
2020,대구,2717000,대구달서구,일반회계,100,농림해양수산,101,농업ㆍ농촌,622239000,0,0,622239000,0,0
2020,대구,2717000,대구달서구,일반회계,090,보건,093,식품의약안전,954108000,0,0,954108000,0,0
2020,대구,2717000,대구달서구,일반회계,090,보건,091,보건의료,19962167000,200000,0,19962167000,200000,0
2020,대구,2717000,대구달서구,일반회계,080,사회복지,089,사회복지일반,768807000,0,0,768807000,0,0
2020,대구,2717000,대구달서구,일반회계,080,사회복지,087,보훈,3289360000,0,0,3289360000,0,0
2020,대구,2717000,대구달서구,일반회계,080,사회복지,086,노동,6217485000,0,0,6217485000,0,0
2020,대구,2717000,대구달서구,일반회계,080,사회복지,085,노인ㆍ청소년,187073611000,0,0,187073611000,0,0
2020,대구,2717000,대구달서구,일반회계,080,사회복지,084,보육ㆍ가족및여성,155146276000,0,0,155146276000,0,0
2020,대구,2717000,대구달서구,일반회계,080,사회복지,082,취약계층지원,74953559000,0,0,74953559000,0,0
2020,대구,2717000,대구달서구,일반회계,080,사회복지,081,기초생활보장,114055168000,0,0,114055168000,0,0
2020,대구,2717000,대구달서구,일반회계,070,환경,076,환경보호일반,493215000,0,0,493215000,0,0
2020,대구,2717000,대구달서구,일반회계,070,환경,073,대기,963315000,0,0,963315000,0,0
2020,대구,2717000,대구달서구,일반회계,070,환경,072,폐기물,29668362000,0,0,29668362000,0,0
2020,대구,2717000,대구달서구,일반회계,070,환경,071,상하수도ㆍ수질,1730584000,0,0,1688084000,0,0
2020,대구,2717000,대구달서구,일반회계,060,문화및관광,065,문화및관광일반,0,0,0,0,0,0
2020,대구,2771000,대구달성군,일반회계,110,산업ㆍ중소기업및에너지,113,무역및투자유치,461466000,0,0,461466000,0,0
2020,대구,2771000,대구달성군,일반회계,100,농림해양수산,102,임업ㆍ산촌,10261354000,0,0,10261354000,0,0
2020,대구,2771000,대구달성군,일반회계,100,농림해양수산,101,농업ㆍ농촌,34140209000,0,0,34140209000,0,0
2020,대구,2771000,대구달성군,일반회계,090,보건,093,식품의약안전,699991000,0,0,699991000,0,0
2020,대구,2771000,대구달성군,일반회계,090,보건,091,보건의료,27304116000,0,0,27304116000,0,0
2020,대구,2771000,대구달성군,일반회계,080,사회복지,087,보훈,2631371000,0,0,2631371000,0,0
2020,대구,2771000,대구달성군,일반회계,080,사회복지,086,노동,3837160000,0,0,3837160000,0,0
2020,대구,2771000,대구달성군,일반회계,080,사회복지,085,노인ㆍ청소년,93530296000,0,0,93530296000,0,0
2020,대구,2771000,대구달성군,일반회계,080,사회복지,084,보육ㆍ가족및여성,92132786000,0,0,92132786000,0,0
2020,대구,2771000,대구달성군,일반회계,080,사회복지,082,취약계층지원,62718558000,0,0,62718558000,0,0
2020,대구,2771000,대구달성군,일반회계,080,사회복지,081,기초생활보장,41411988000,0,0,41411988000,0,0
2020,대구,2771000,대구달성군,일반회계,070,환경,074,자연,432258000,0,0,432258000,0,0
2020,대구,2771000,대구달성군,일반회계,070,환경,073,대기,1000960000,0,0,1000960000,0,0
2020,대구,2771000,대구달성군,일반회계,070,환경,072,폐기물,22209552000,0,0,22209552000,0,0
2020,대구,2771000,대구달성군,일반회계,070,환경,071,상하수도ㆍ수질,1150290000,0,0,1150290000,0,0
2020,대구,2771000,대구달성군,일반회계,060,문화및관광,065,문화및관광일반,4518891000,0,0,4518891000,0,0
2020,대구,2771000,대구달성군,일반회계,060,문화및관광,064,문화재,4120663000,0,0,4120663000,0,0
2020,대구,2771000,대구달성군,일반회계,060,문화및관광,063,체육,10019655000,0,0,10019655000,0,0
2020,대구,2771000,대구달성군,일반회계,060,문화및관광,062,관광,6653604000,0,0,6653604000,0,0
2020,대구,2771000,대구달성군,일반회계,060,문화및관광,061,문화예술,7296885000,0,0,7296885000,0,0
2020,대구,2771000,대구달성군,일반회계,050,교육,053,평생ㆍ직업교육,5570114000,0,0,5570114000,0,0
2020,대구,2771000,대구달성군,일반회계,050,교육,051,유아및초중등교육,5863240000,0,0,5863240000,0,0
2020,대구,2771000,대구달성군,일반회계,020,공공질서및안전,025,재난방재ㆍ민방위,2907684000,0,0,2907684000,0,0
2020,대구,2771000,대구달성군,일반회계,010,일반공공행정,016,일반행정,23335742000,0,0,23335742000,0,0
2020,대구,2771000,대구달성군,일반회계,010,일반공공행정,013,지방행정ㆍ재정지원,19806507000,0,0,19806507000,0,0
2020,대구,2771000,대구달성군,일반회계,010,일반공공행정,011,입법및선거관리,939038000,0,0,939038000,0,0
2020,대구,2771000,대구달성군,기타특별회계,900,기타,901,기타,0,89985000,392742000,0,88985000,392742000
2020,대구,2771000,대구달성군,기타특별회계,140,국토및지역개발,142,지역및도시,118000000,0,0,118000000,0,0
2020,대구,2771000,대구달성군,기타특별회계,140,국토및지역개발,141,수자원,5162273000,0,0,5162273000,0,0
2020,대구,2771000,대구달성군,기타특별회계,080,사회복지,082,취약계층지원,470000000,0,0,470000000,0,0
2020,대구,2771000,대구달성군,기타특별회계,070,환경,072,폐기물,2767000000,0,0,2767000000,0,0
2020,대구,2771000,대구달성군,일반회계,900,기타,901,기타,0,21651457000,88634330000,4600899000,21616457000,88634330000
2020,대구,2771000,대구달성군,일반회계,160,예비비,161,예비비,10558544000,0,0,10558544000,0,0
2020,대구,2771000,대구달성군,일반회계,140,국토및지역개발,143,산업단지,452520000,0,0,452520000,0,0
2020,대구,2771000,대구달성군,일반회계,140,국토및지역개발,142,지역및도시,36883843000,0,0,36883843000,0,0
2020,대구,2771000,대구달성군,일반회계,140,국토및지역개발,141,수자원,25518222000,0,0,25518222000,0,0
2020,대구,2771000,대구달성군,일반회계,120,교통및물류,126,대중교통ㆍ물류등기타,27056669000,0,0,27056669000,0,0
2020,대구,2771000,대구달성군,일반회계,120,교통및물류,121,도로,61996991000,0,0,61996991000,0,0
2020,대구,2771000,대구달성군,일반회계,110,산업ㆍ중소기업및에너지,116,산업ㆍ중소기업일반,2157231000,0,0,2157231000,0,0
2020,대구,2771000,대구달성군,일반회계,110,산업ㆍ중소기업및에너지,115,에너지및자원개발,57436000,0,0,57436000,0,0
2020,대구,2771000,대구달성군,일반회계,110,산업ㆍ중소기업및에너지,114,산업진흥ㆍ고도화,78379000,0,0,78379000,0,0
2019,대구,2700000,대구본청,일반회계,010,일반공공행정,011,입법및선거관리,4448769000,0,0,4448769000,0,0
2019,대구,2700000,대구본청,공기업특별회계,900,기타,901,기타,0,0,146276035000,0,0,145446861000
2019,대구,2700000,대구본청,공기업특별회계,160,예비비,161,예비비,0,14257737000,0,0,14257737000,0
2019,대구,2700000,대구본청,공기업특별회계,070,환경보호,071,상하수도ㆍ수질,302071867000,284094361000,0,297219641000,284094361000,0
2019,대구,2700000,대구본청,기타특별회계,900,기타,901,기타,0,0,214129530000,0,0,214129530000
2019,대구,2700000,대구본청,기타특별회계,140,국토및지역개발,143,산업단지,35045626000,0,0,35045626000,0,0
2019,대구,2700000,대구본청,기타특별회계,140,국토및지역개발,142,지역및도시,19885900000,200000000,0,19885900000,200000000,0
2019,대구,2700000,대구본청,기타특별회계,120,수송및교통,126,대중교통ㆍ물류등기타,48130627000,70110000,0,41566627000,70110000,0
2019,대구,2700000,대구본청,기타특별회계,120,수송및교통,123,도시철도,226438651000,0,0,226438651000,0,0
2019,대구,2700000,대구본청,기타특별회계,120,수송및교통,121,도로,8624890000,0,0,8624890000,0,0
2019,대구,2700000,대구본청,기타특별회계,110,산업ㆍ중소기업,114,산업진흥ㆍ고도화,10201600000,0,0,10201600000,0,0
2019,대구,2700000,대구본청,기타특별회계,110,산업ㆍ중소기업,111,산업금융지원,65947050000,0,0,65947050000,0,0
2019,대구,2700000,대구본청,기타특별회계,090,보건,091,보건의료,0,0,0,0,0,0
2019,대구,2700000,대구본청,기타특별회계,080,사회복지,081,기초생활보장,520540829000,0,0,514155688000,0,0
2019,대구,2700000,대구본청,기타특별회계,070,환경보호,071,상하수도ㆍ수질,3400000000,0,0,3320853000,0,0
2019,대구,2700000,대구본청,기타특별회계,050,교육,051,유아및초중등교육,15520000000,0,0,15520000000,0,0
2019,대구,2700000,대구본청,기타특별회계,020,공공질서및안전,026,소방,56503795000,0,0,56503795000,0,0
2019,대구,2700000,대구본청,기타특별회계,010,일반공공행정,014,재정ㆍ금융,0,110892919000,0,0,110892919000,0
2019,대구,2700000,대구본청,기타특별회계,010,일반공공행정,013,지방행정ㆍ재정지원,6038473000,0,0,0,0,0
2019,대구,2700000,대구본청,일반회계,900,기타,901,기타,0,0,309327745000,6601921000,0,309327745000
2019,대구,2700000,대구본청,일반회계,160,예비비,161,예비비,44308385000,0,0,44308385000,0,0
2019,대구,2700000,대구본청,일반회계,150,과학기술,152,과학기술연구지원,59144140000,0,0,59144140000,0,0
2019,대구,2700000,대구본청,일반회계,140,국토및지역개발,143,산업단지,5445990000,0,0,5445990000,0,0
2019,대구,2700000,대구본청,일반회계,140,국토및지역개발,142,지역및도시,159733865000,8390499000,0,89056481000,8390499000,0
2019,대구,2700000,대구본청,일반회계,140,국토및지역개발,141,수자원,5429551000,0,0,5429551000,0,0
2019,대구,2700000,대구본청,일반회계,120,수송및교통,126,대중교통ㆍ물류등기타,267599469000,240420478000,0,267099469000,529485000,0
2019,대구,2700000,대구본청,일반회계,120,수송및교통,125,항공ㆍ공항,1586280000,0,0,1586280000,0,0
2019,대구,2700000,대구본청,일반회계,120,수송및교통,121,도로,186034307000,0,0,185484407000,0,0
2019,대구,2700000,대구본청,일반회계,110,산업ㆍ중소기업,116,산업ㆍ중소기업일반,0,3078121000,0,0,3078121000,0
2019,대구,2700000,대구본청,일반회계,110,산업ㆍ중소기업,115,에너지및자원개발,13416682000,0,0,11331727000,0,0
2019,대구,2700000,대구본청,일반회계,110,산업ㆍ중소기업,114,산업진흥ㆍ고도화,148041264000,14153366000,0,137756114000,14153366000,0
2019,대구,2700000,대구본청,일반회계,110,산업ㆍ중소기업,113,무역및투자유치,42781393000,1868400000,0,41281393000,1868400000,0
2019,대구,2700000,대구본청,일반회계,110,산업ㆍ중소기업,112,산업기술지원,91837883000,0,0,91757883000,0,0
2019,대구,2700000,대구본청,일반회계,110,산업ㆍ중소기업,111,산업금융지원,7414750000,0,0,7414750000,0,0
2019,대구,2700000,대구본청,일반회계,100,농림해양수산,102,임업ㆍ산촌,16220684000,0,0,8576979000,0,0
2019,대구,2700000,대구본청,일반회계,100,농림해양수산,101,농업ㆍ농촌,34929025000,0,0,18621687000,0,0
2019,대구,2700000,대구본청,일반회계,090,보건,093,식품의약안전,6059876000,0,0,2916296000,0,0
2019,대구,2700000,대구본청,일반회계,090,보건,091,보건의료,99681994000,93676981000,0,23328805000,0,0
2019,대구,2700000,대구본청,일반회계,080,사회복지,087,보훈,17298522000,0,0,2098922000,0,0
2019,대구,2700000,대구본청,일반회계,080,사회복지,086,노동,64200772000,0,0,42933691000,0,0
2019,대구,2700000,대구본청,일반회계,080,사회복지,085,노인ㆍ청소년,830259717000,0,0,86059681000,0,0
2019,대구,2700000,대구본청,일반회계,080,사회복지,084,보육ㆍ가족및여성,658909674000,100000000,0,18291031000,100000000,0
2019,대구,2700000,대구본청,일반회계,080,사회복지,082,취약계층지원,338902041000,0,0,48785122000,0,0
2019,대구,2700000,대구본청,일반회계,080,사회복지,081,기초생활보장,469498723000,0,0,4342479000,0,0
2019,대구,2700000,대구본청,일반회계,070,환경보호,076,환경보호일반,6167065000,1748343000,0,5205190000,164728000,0
2019,대구,2700000,대구본청,일반회계,070,환경보호,074,자연,7776756000,0,0,7429756000,0,0
2019,대구,2700000,대구본청,일반회계,070,환경보호,073,대기,17598774000,0,0,13067824000,0,0
2019,대구,2700000,대구본청,일반회계,070,환경보호,072,폐기물,35684983000,0,0,34500183000,0,0
2019,대구,2700000,대구본청,일반회계,070,환경보호,071,상하수도ㆍ수질,6720308000,911030000,0,6180412000,206030000,0
2019,대구,2700000,대구본청,일반회계,060,문화및관광,064,문화재,7788808000,0,0,1790000000,0,0
2019,대구,2700000,대구본청,일반회계,060,문화및관광,063,체육,82017133000,5965178000,0,72862479000,5965178000,0
2019,대구,2700000,대구본청,일반회계,060,문화및관광,062,관광,27963080000,0,0,25830080000,0,0
2019,대구,2700000,대구본청,일반회계,060,문화및관광,061,문화예술,123082637000,1529180000,0,120198337000,1529180000,0
2019,대구,2700000,대구본청,일반회계,050,교육,053,평생ㆍ직업교육,2935030000,0,0,2451730000,0,0
2019,대구,2700000,대구본청,일반회계,050,교육,051,유아및초중등교육,524853549000,0,0,515044097000,0,0
2019,대구,2700000,대구본청,일반회계,020,공공질서및안전,025,재난방재ㆍ민방위,47397513000,40457338000,0,23636149000,40457338000,0
2019,대구,2700000,대구본청,일반회계,010,일반공공행정,016,일반행정,88412315000,0,0,83368152000,0,0
2019,대구,2700000,대구본청,일반회계,010,일반공공행정,014,재정ㆍ금융,0,406123904000,0,0,151159770000,0
2019,대구,2700000,대구본청,일반회계,010,일반공공행정,013,지방행정ㆍ재정지원,563967730000,0,0,2557794000,0,0
2019,대구,2711000,대구중구,일반회계,010,일반공공행정,011,입법및선거관리,536091000,0,0,536091000,0,0
2019,대구,2711000,대구중구,기타특별회계,080,사회복지,082,취약계층지원,62294000,0,0,62294000,0,0
2019,대구,2711000,대구중구,기타특별회계,080,사회복지,081,기초생활보장,277356000,1440350000,0,277356000,1437850000,0
2019,대구,2711000,대구중구,기타특별회계,070,환경보호,071,상하수도ㆍ수질,162000000,0,0,91202000,0,0
2019,대구,2711000,대구중구,일반회계,900,기타,901,기타,0,0,58891824000,7392158000,0,58891824000
2019,대구,2711000,대구중구,일반회계,160,예비비,161,예비비,2355404000,0,0,2355404000,0,0
2019,대구,2711000,대구중구,일반회계,140,국토및지역개발,142,지역및도시,9856645000,0,0,9856645000,0,0
2019,대구,2711000,대구중구,일반회계,120,수송및교통,126,대중교통ㆍ물류등기타,1242247000,1015500000,0,1242247000,1015500000,0
2019,대구,2711000,대구중구,일반회계,120,수송및교통,121,도로,3715525000,0,0,3715525000,0,0
2019,대구,2711000,대구중구,일반회계,110,산업ㆍ중소기업,115,에너지및자원개발,74685000,0,0,74685000,0,0
2019,대구,2711000,대구중구,일반회계,110,산업ㆍ중소기업,114,산업진흥ㆍ고도화,5479211000,8344000,0,5479211000,8344000,0
2019,대구,2711000,대구중구,일반회계,100,농림해양수산,101,농업ㆍ농촌,153685000,0,0,153685000,0,0
2019,대구,2711000,대구중구,일반회계,090,보건,093,식품의약안전,287058000,0,0,287058000,0,0
2019,대구,2711000,대구중구,일반회계,090,보건,091,보건의료,5066615000,0,0,5066615000,0,0
2019,대구,2711000,대구중구,일반회계,080,사회복지,088,주택,6729257000,0,0,6729257000,0,0
2019,대구,2711000,대구중구,일반회계,080,사회복지,087,보훈,839450000,0,0,839450000,0,0
2019,대구,2711000,대구중구,일반회계,080,사회복지,086,노동,3378884000,0,0,3378884000,0,0
2019,대구,2711000,대구중구,일반회계,080,사회복지,085,노인ㆍ청소년,40852162000,0,0,40852162000,0,0
2019,대구,2711000,대구중구,일반회계,080,사회복지,084,보육ㆍ가족및여성,17210665000,0,0,17210665000,0,0
2019,대구,2711000,대구중구,일반회계,080,사회복지,082,취약계층지원,20705210000,0,0,20705210000,0,0
2019,대구,2711000,대구중구,일반회계,080,사회복지,081,기초생활보장,14836982000,0,0,14836982000,0,0
2019,대구,2711000,대구중구,일반회계,070,환경보호,076,환경보호일반,0,0,0,0,0,0
2019,대구,2711000,대구중구,일반회계,070,환경보호,073,대기,213902000,0,0,213902000,0,0
2019,대구,2711000,대구중구,일반회계,070,환경보호,072,폐기물,6301062000,0,0,6301062000,0,0
2019,대구,2711000,대구중구,일반회계,070,환경보호,071,상하수도ㆍ수질,141154000,0,0,141154000,0,0
2019,대구,2711000,대구중구,일반회계,060,문화및관광,064,문화재,460416000,0,0,460416000,0,0
2019,대구,2711000,대구중구,일반회계,060,문화및관광,063,체육,3567007000,0,0,3567007000,0,0
2019,대구,2711000,대구중구,일반회계,060,문화및관광,062,관광,1371665000,0,0,1361665000,0,0
2019,대구,2711000,대구중구,일반회계,060,문화및관광,061,문화예술,2629330000,3500000,0,2629330000,3500000,0
2019,대구,2711000,대구중구,일반회계,050,교육,053,평생ㆍ직업교육,146892000,0,0,146892000,0,0
2019,대구,2711000,대구중구,일반회계,050,교육,051,유아및초중등교육,716034000,0,0,716034000,0,0
2019,대구,2711000,대구중구,일반회계,020,공공질서및안전,025,재난방재ㆍ민방위,1732039000,346339000,0,1732039000,346339000,0
2019,대구,2711000,대구중구,일반회계,010,일반공공행정,016,일반행정,9304165000,0,0,9304165000,0,0
2019,대구,2711000,대구중구,일반회계,010,일반공공행정,014,재정ㆍ금융,0,1010000000,0,0,505000000,0
2019,대구,2711000,대구중구,일반회계,010,일반공공행정,013,지방행정ㆍ재정지원,521051000,0,0,521051000,0,0
2019,대구,2712000,대구동구,일반회계,010,일반공공행정,011,입법및선거관리,1095921000,0,0,1095921000,0,0
2019,대구,2712000,대구동구,기타특별회계,900,기타,901,기타,0,0,1106064000,0,0,1106064000
2019,대구,2712000,대구동구,기타특별회계,140,국토및지역개발,142,지역및도시,0,36000000,0,0,36000000,0
2019,대구,2712000,대구동구,기타특별회계,120,수송및교통,126,대중교통ㆍ물류등기타,3846236000,0,0,3846236000,0,0
2019,대구,2712000,대구동구,기타특별회계,110,산업ㆍ중소기업,115,에너지및자원개발,157000000,0,0,157000000,0,0
2019,대구,2712000,대구동구,기타특별회계,080,사회복지,081,기초생활보장,849894000,225806000,0,849894000,184715000,0
2019,대구,2712000,대구동구,기타특별회계,070,환경보호,076,환경보호일반,133000000,0,0,133000000,0,0
2019,대구,2712000,대구동구,기타특별회계,070,환경보호,072,폐기물,0,4746000000,0,0,4746000000,0
2019,대구,2712000,대구동구,일반회계,900,기타,901,기타,0,0,92217822000,16398570000,0,92217822000
2019,대구,2712000,대구동구,일반회계,160,예비비,161,예비비,6089103000,0,0,6089103000,0,0
2019,대구,2712000,대구동구,일반회계,140,국토및지역개발,142,지역및도시,12648431000,740000,0,12648431000,740000,0
2019,대구,2712000,대구동구,일반회계,140,국토및지역개발,141,수자원,6064975000,0,0,6064975000,0,0
2019,대구,2712000,대구동구,일반회계,120,수송및교통,126,대중교통ㆍ물류등기타,445985000,0,0,445985000,0,0
2019,대구,2712000,대구동구,일반회계,120,수송및교통,121,도로,5669322000,0,0,5669322000,0,0
2019,대구,2712000,대구동구,일반회계,110,산업ㆍ중소기업,114,산업진흥ㆍ고도화,224451000,0,0,224451000,0,0
2019,대구,2712000,대구동구,일반회계,100,농림해양수산,101,농업ㆍ농촌,3768113000,0,0,3768113000,0,0
2019,대구,2712000,대구동구,일반회계,090,보건,093,식품의약안전,688304000,0,0,688304000,0,0
2019,대구,2712000,대구동구,일반회계,090,보건,091,보건의료,14876305000,0,0,14876305000,0,0
2019,대구,2712000,대구동구,일반회계,080,사회복지,089,사회복지일반,13458368000,0,0,13458368000,0,0
2019,대구,2712000,대구동구,일반회계,080,사회복지,086,노동,3396000000,0,0,3396000000,0,0
2019,대구,2712000,대구동구,일반회계,080,사회복지,085,노인ㆍ청소년,175969321000,0,0,175969321000,0,0
2019,대구,2712000,대구동구,일반회계,080,사회복지,084,보육ㆍ가족및여성,78501842000,0,0,78501842000,0,0
2019,대구,2712000,대구동구,일반회계,080,사회복지,082,취약계층지원,49173148000,0,0,49173148000,0,0
2019,대구,2712000,대구동구,일반회계,080,사회복지,081,기초생활보장,74681752000,0,0,74681752000,0,0
2019,대구,2712000,대구동구,일반회계,070,환경보호,076,환경보호일반,963499000,0,0,963499000,0,0
2019,대구,2712000,대구동구,일반회계,070,환경보호,072,폐기물,12098026000,0,0,12098026000,0,0
2019,대구,2712000,대구동구,일반회계,060,문화및관광,065,문화및관광일반,0,0,0,0,0,0
2019,대구,2712000,대구동구,일반회계,060,문화및관광,064,문화재,2439361000,0,0,2439361000,0,0
2019,대구,2712000,대구동구,일반회계,060,문화및관광,063,체육,1589165000,0,0,1589165000,0,0
2019,대구,2712000,대구동구,일반회계,060,문화및관광,061,문화예술,6541144000,0,0,6541144000,0,0
2019,대구,2712000,대구동구,일반회계,050,교육,053,평생ㆍ직업교육,2702382000,0,0,2702382000,0,0
2019,대구,2712000,대구동구,일반회계,020,공공질서및안전,025,재난방재ㆍ민방위,3920097000,631000000,0,3920097000,631000000,0
2019,대구,2712000,대구동구,일반회계,010,일반공공행정,016,일반행정,15501339000,538800000,0,15501339000,488800000,0
2019,대구,2712000,대구동구,일반회계,010,일반공공행정,013,지방행정ㆍ재정지원,1105284000,0,0,1105284000,0,0
2019,대구,2713000,대구서구,일반회계,010,일반공공행정,011,입법및선거관리,742598000,0,0,742598000,0,0
2019,대구,2713000,대구서구,기타특별회계,900,기타,901,기타,0,0,112495000,0,0,112495000
2019,대구,2713000,대구서구,기타특별회계,140,국토및지역개발,142,지역및도시,2000000000,0,0,2000000000,0,0
2019,대구,2713000,대구서구,기타특별회계,080,사회복지,082,취약계층지원,477505000,0,0,477505000,0,0
2019,대구,2713000,대구서구,기타특별회계,080,사회복지,081,기초생활보장,0,0,0,0,0,0
2019,대구,2713000,대구서구,기타특별회계,070,환경보호,071,상하수도ㆍ수질,220000000,0,0,220000000,0,0
2019,대구,2713000,대구서구,기타특별회계,010,일반공공행정,014,재정ㆍ금융,0,0,0,0,0,0
2019,대구,2713000,대구서구,일반회계,900,기타,901,기타,0,0,70314242000,13168598000,0,70314242000
2019,대구,2713000,대구서구,일반회계,160,예비비,161,예비비,3725000000,0,0,3725000000,0,0
2019,대구,2713000,대구서구,일반회계,140,국토및지역개발,142,지역및도시,15107960000,200000000,0,15107960000,200000000,0
2019,대구,2713000,대구서구,일반회계,120,수송및교통,126,대중교통ㆍ물류등기타,2016483000,0,0,2016483000,0,0
2019,대구,2713000,대구서구,일반회계,120,수송및교통,121,도로,2518379000,0,0,2518379000,0,0
2019,대구,2713000,대구서구,일반회계,110,산업ㆍ중소기업,115,에너지및자원개발,302268000,0,0,302268000,0,0
2019,대구,2713000,대구서구,일반회계,110,산업ㆍ중소기업,114,산업진흥ㆍ고도화,76780000,0,0,76780000,0,0
2019,대구,2713000,대구서구,일반회계,100,농림해양수산,102,임업ㆍ산촌,255315000,0,0,255315000,0,0
2019,대구,2713000,대구서구,일반회계,100,농림해양수산,101,농업ㆍ농촌,272804000,0,0,272804000,0,0
2019,대구,2713000,대구서구,일반회계,090,보건,093,식품의약안전,413440000,0,0,413440000,0,0
2019,대구,2713000,대구서구,일반회계,090,보건,091,보건의료,7262312000,0,0,7262312000,0,0
2019,대구,2713000,대구서구,일반회계,080,사회복지,086,노동,2404726000,0,0,2404726000,0,0
2019,대구,2713000,대구서구,일반회계,080,사회복지,085,노인ㆍ청소년,95989014000,0,0,95989014000,0,0
2019,대구,2713000,대구서구,일반회계,080,사회복지,084,보육ㆍ가족및여성,12701328000,0,0,12701328000,0,0
2019,대구,2713000,대구서구,일반회계,080,사회복지,082,취약계층지원,60753679000,0,0,60753679000,0,0
2019,대구,2713000,대구서구,일반회계,080,사회복지,081,기초생활보장,50129144000,0,0,50129144000,0,0
2019,대구,2713000,대구서구,일반회계,070,환경보호,076,환경보호일반,124500000,0,0,124500000,0,0
2019,대구,2713000,대구서구,일반회계,070,환경보호,073,대기,239299000,0,0,239299000,0,0
2019,대구,2713000,대구서구,일반회계,070,환경보호,072,폐기물,8566715000,0,0,8566715000,0,0
2019,대구,2713000,대구서구,일반회계,070,환경보호,071,상하수도ㆍ수질,212670000,0,0,212670000,0,0
2019,대구,2713000,대구서구,일반회계,060,문화및관광,063,체육,2029569000,0,0,2029569000,0,0
2019,대구,2713000,대구서구,일반회계,060,문화및관광,061,문화예술,2412858000,0,0,2412858000,0,0
2019,대구,2713000,대구서구,일반회계,050,교육,053,평생ㆍ직업교육,206491000,0,0,206491000,0,0
2019,대구,2713000,대구서구,일반회계,050,교육,051,유아및초중등교육,1967940000,0,0,1967940000,0,0
2019,대구,2713000,대구서구,일반회계,020,공공질서및안전,025,재난방재ㆍ민방위,539810000,298837000,0,539810000,298837000,0
2019,대구,2713000,대구서구,일반회계,010,일반공공행정,016,일반행정,14120555000,0,0,14120555000,0,0
2019,대구,2713000,대구서구,일반회계,010,일반공공행정,014,재정ㆍ금융,0,2700000000,0,0,1200000000,0
2019,대구,2713000,대구서구,일반회계,010,일반공공행정,013,지방행정ㆍ재정지원,295284000,0,0,295284000,0,0
2019,대구,2714000,대구남구,일반회계,010,일반공공행정,011,입법및선거관리,669426000,0,0,669426000,0,0
2019,대구,2714000,대구남구,기타특별회계,900,기타,901,기타,0,0,134229000,0,0,134229000
2019,대구,2714000,대구남구,기타특별회계,120,수송및교통,126,대중교통ㆍ물류등기타,1954000000,0,0,1954000000,0,0
2019,대구,2714000,대구남구,기타특별회계,080,사회복지,082,취약계층지원,0,0,0,0,0,0
2019,대구,2714000,대구남구,기타특별회계,080,사회복지,081,기초생활보장,460000000,75771000,0,460000000,70810000,0
2019,대구,2714000,대구남구,기타특별회계,070,환경보호,071,상하수도ㆍ수질,173000000,0,0,173000000,0,0
2019,대구,2714000,대구남구,기타특별회계,010,일반공공행정,014,재정ㆍ금융,0,0,0,0,0,0
2019,대구,2714000,대구남구,일반회계,900,기타,901,기타,0,0,64363561000,13218327000,0,64363561000
2019,대구,2714000,대구남구,일반회계,160,예비비,161,예비비,3630926000,0,0,3630926000,0,0
2019,대구,2714000,대구남구,일반회계,140,국토및지역개발,142,지역및도시,9197063000,0,0,9147063000,0,0
2019,대구,2714000,대구남구,일반회계,120,수송및교통,126,대중교통ㆍ물류등기타,1457281000,0,0,1457281000,0,0
2019,대구,2714000,대구남구,일반회계,120,수송및교통,121,도로,1831210000,0,0,1831210000,0,0
2019,대구,2714000,대구남구,일반회계,110,산업ㆍ중소기업,115,에너지및자원개발,206584000,0,0,206584000,0,0
2019,대구,2714000,대구남구,일반회계,110,산업ㆍ중소기업,114,산업진흥ㆍ고도화,255636000,0,0,255636000,0,0
2019,대구,2714000,대구남구,일반회계,100,농림해양수산,101,농업ㆍ농촌,177873000,0,0,177873000,0,0
2019,대구,2714000,대구남구,일반회계,090,보건,093,식품의약안전,575270000,0,0,575270000,0,0
2019,대구,2714000,대구남구,일반회계,090,보건,091,보건의료,6822864000,0,0,6822864000,0,0
2019,대구,2714000,대구남구,일반회계,080,사회복지,087,보훈,1666400000,0,0,1666400000,0,0
2019,대구,2714000,대구남구,일반회계,080,사회복지,086,노동,2969190000,0,0,2969190000,0,0
2019,대구,2714000,대구남구,일반회계,080,사회복지,085,노인ㆍ청소년,79805733000,0,0,79805733000,0,0
2019,대구,2714000,대구남구,일반회계,080,사회복지,084,보육ㆍ가족및여성,30009708000,0,0,30009708000,0,0
2019,대구,2714000,대구남구,일반회계,080,사회복지,082,취약계층지원,35590885000,0,0,35590885000,0,0
2019,대구,2714000,대구남구,일반회계,080,사회복지,081,기초생활보장,51808498000,0,0,51808498000,0,0
2019,대구,2714000,대구남구,일반회계,070,환경보호,076,환경보호일반,55882000,0,0,55882000,0,0
2019,대구,2714000,대구남구,일반회계,070,환경보호,073,대기,185066000,0,0,185066000,0,0
2019,대구,2714000,대구남구,일반회계,070,환경보호,072,폐기물,8238922000,0,0,8238922000,0,0
2019,대구,2714000,대구남구,일반회계,070,환경보호,071,상하수도ㆍ수질,505787000,0,0,505787000,0,0
2019,대구,2714000,대구남구,일반회계,060,문화및관광,064,문화재,514648000,0,0,514648000,0,0
2019,대구,2714000,대구남구,일반회계,060,문화및관광,063,체육,3814601000,0,0,3814601000,0,0
2019,대구,2714000,대구남구,일반회계,060,문화및관광,061,문화예술,3404777000,0,0,3404777000,0,0
2019,대구,2714000,대구남구,일반회계,050,교육,053,평생ㆍ직업교육,418566000,0,0,418566000,0,0
2019,대구,2714000,대구남구,일반회계,050,교육,052,고등교육,357286000,0,0,357286000,0,0
2019,대구,2714000,대구남구,일반회계,050,교육,051,유아및초중등교육,1307600000,0,0,1307600000,0,0
2019,대구,2714000,대구남구,일반회계,020,공공질서및안전,025,재난방재ㆍ민방위,569240000,187851000,0,569240000,187851000,0
2019,대구,2714000,대구남구,일반회계,010,일반공공행정,016,일반행정,11007531000,4040000000,0,11007531000,2020000000,0
2019,대구,2714000,대구남구,일반회계,010,일반공공행정,014,재정ㆍ금융,0,0,0,0,0,0
2019,대구,2714000,대구남구,일반회계,010,일반공공행정,013,지방행정ㆍ재정지원,754135000,0,0,754135000,0,0
2019,대구,2715000,대구북구,일반회계,010,일반공공행정,011,입법및선거관리,1281351000,0,0,1281351000,0,0
2019,대구,2715000,대구북구,기타특별회계,900,기타,901,기타,0,0,1203673000,0,0,1203673000
2019,대구,2715000,대구북구,기타특별회계,140,국토및지역개발,142,지역및도시,0,35000000,0,0,35000000,0
2019,대구,2715000,대구북구,기타특별회계,120,수송및교통,126,대중교통ㆍ물류등기타,4547838000,4000000,0,4547838000,4000000,0
2019,대구,2715000,대구북구,기타특별회계,080,사회복지,081,기초생활보장,839400000,593369000,0,839400000,577249000,0
2019,대구,2715000,대구북구,기타특별회계,070,환경보호,072,폐기물,2148000000,0,0,2148000000,0,0
2019,대구,2715000,대구북구,기타특별회계,070,환경보호,071,상하수도ㆍ수질,849000000,0,0,849000000,0,0
2019,대구,2715000,대구북구,기타특별회계,010,일반공공행정,013,지방행정ㆍ재정지원,79720000,0,0,79720000,0,0
2019,대구,2715000,대구북구,일반회계,900,기타,901,기타,0,0,96299260000,16471564000,0,96299260000
2019,대구,2715000,대구북구,일반회계,160,예비비,161,예비비,5518089000,0,0,5518089000,0,0
2019,대구,2715000,대구북구,일반회계,140,국토및지역개발,142,지역및도시,21662507000,502250000,0,21662507000,2250000,0
2019,대구,2715000,대구북구,일반회계,140,국토및지역개발,141,수자원,4894491000,0,0,4894491000,0,0
2019,대구,2715000,대구북구,일반회계,120,수송및교통,126,대중교통ㆍ물류등기타,2552203000,0,0,2552203000,0,0
2019,대구,2715000,대구북구,일반회계,120,수송및교통,121,도로,6146495000,0,0,6146495000,0,0
2019,대구,2715000,대구북구,일반회계,110,산업ㆍ중소기업,116,산업ㆍ중소기업일반,3391329000,0,0,3391329000,0,0
2019,대구,2715000,대구북구,일반회계,100,농림해양수산,102,임업ㆍ산촌,1726549000,0,0,1726549000,0,0
2019,대구,2715000,대구북구,일반회계,100,농림해양수산,101,농업ㆍ농촌,2383769000,0,0,2383769000,0,0
2019,대구,2715000,대구북구,일반회계,090,보건,093,식품의약안전,820546000,0,0,820546000,0,0
2019,대구,2715000,대구북구,일반회계,090,보건,091,보건의료,16808062000,0,0,16808062000,0,0
2019,대구,2715000,대구북구,일반회계,080,사회복지,087,보훈,2605300000,0,0,2605300000,0,0
2019,대구,2715000,대구북구,일반회계,080,사회복지,086,노동,4482282000,0,0,4482282000,0,0
2019,대구,2715000,대구북구,일반회계,080,사회복지,085,노인ㆍ청소년,127632530000,0,0,127632530000,0,0
2019,대구,2715000,대구북구,일반회계,080,사회복지,084,보육ㆍ가족및여성,128728541000,46000000,0,128728541000,46000000,0
2019,대구,2715000,대구북구,일반회계,080,사회복지,082,취약계층지원,48458608000,0,0,48458608000,0,0
2019,대구,2715000,대구북구,일반회계,080,사회복지,081,기초생활보장,66605612000,0,0,66605612000,0,0
2019,대구,2715000,대구북구,일반회계,070,환경보호,076,환경보호일반,361104000,0,0,361104000,0,0
2019,대구,2715000,대구북구,일반회계,070,환경보호,073,대기,160556000,0,0,160556000,0,0
2019,대구,2715000,대구북구,일반회계,070,환경보호,072,폐기물,16875471000,3000000,0,16875471000,3000000,0
2019,대구,2715000,대구북구,일반회계,070,환경보호,071,상하수도ㆍ수질,103493000,0,0,103493000,0,0
2019,대구,2715000,대구북구,일반회계,060,문화및관광,064,문화재,836530000,0,0,836530000,0,0
2019,대구,2715000,대구북구,일반회계,060,문화및관광,063,체육,5773273000,0,0,5773273000,0,0
2019,대구,2715000,대구북구,일반회계,060,문화및관광,062,관광,448482000,0,0,448482000,0,0
2019,대구,2715000,대구북구,일반회계,060,문화및관광,061,문화예술,7143766000,0,0,7143766000,0,0
2019,대구,2715000,대구북구,일반회계,050,교육,053,평생ㆍ직업교육,251480000,0,0,251480000,0,0
2019,대구,2715000,대구북구,일반회계,050,교육,051,유아및초중등교육,4179750000,0,0,4179750000,0,0
2019,대구,2715000,대구북구,일반회계,020,공공질서및안전,025,재난방재ㆍ민방위,1074374000,689082000,0,1074374000,689082000,0
2019,대구,2715000,대구북구,일반회계,010,일반공공행정,016,일반행정,19145073000,3131500000,0,19145073000,2131500000,0
2019,대구,2715000,대구북구,일반회계,010,일반공공행정,013,지방행정ㆍ재정지원,1077292000,0,0,1077292000,0,0
2019,대구,2716000,대구수성구,일반회계,010,일반공공행정,011,입법및선거관리,1550094000,0,0,1550094000,0,0
2019,대구,2716000,대구수성구,기타특별회계,900,기타,901,기타,0,0,842443000,0,0,842443000
2019,대구,2716000,대구수성구,기타특별회계,140,국토및지역개발,142,지역및도시,0,113000000,0,0,113000000,0
2019,대구,2716000,대구수성구,기타특별회계,140,국토및지역개발,141,수자원,775000000,0,0,775000000,0,0
2019,대구,2716000,대구수성구,기타특별회계,120,수송및교통,126,대중교통ㆍ물류등기타,2318157000,9900000000,0,2318157000,9900000000,0
2019,대구,2716000,대구수성구,기타특별회계,080,사회복지,082,취약계층지원,884400000,0,0,884400000,0,0
2019,대구,2716000,대구수성구,일반회계,900,기타,901,기타,0,0,98537991000,12915765000,0,98537991000
2019,대구,2716000,대구수성구,일반회계,160,예비비,161,예비비,5725560000,0,0,5725560000,0,0
2019,대구,2716000,대구수성구,일반회계,140,국토및지역개발,142,지역및도시,9100340000,2000000,0,9100340000,2000000,0
2019,대구,2716000,대구수성구,일반회계,140,국토및지역개발,141,수자원,2356454000,0,0,2356454000,0,0
2019,대구,2716000,대구수성구,일반회계,120,수송및교통,126,대중교통ㆍ물류등기타,1788723000,500000000,0,1788723000,0,0
2019,대구,2716000,대구수성구,일반회계,120,수송및교통,121,도로,7053465000,0,0,7053465000,0,0
2019,대구,2716000,대구수성구,일반회계,110,산업ㆍ중소기업,116,산업ㆍ중소기업일반,1800000,0,0,1800000,0,0
2019,대구,2716000,대구수성구,일반회계,110,산업ㆍ중소기업,115,에너지및자원개발,578300000,0,0,578300000,0,0
2019,대구,2716000,대구수성구,일반회계,110,산업ㆍ중소기업,114,산업진흥ㆍ고도화,1271208000,0,0,1271208000,0,0
2019,대구,2716000,대구수성구,일반회계,100,농림해양수산,102,임업ㆍ산촌,2775534000,0,0,2775534000,0,0
2019,대구,2716000,대구수성구,일반회계,100,농림해양수산,101,농업ㆍ농촌,1933277000,0,0,1933277000,0,0
2019,대구,2716000,대구수성구,일반회계,090,보건,093,식품의약안전,681626000,0,0,681626000,0,0
2019,대구,2716000,대구수성구,일반회계,090,보건,091,보건의료,12604038000,0,0,12604038000,0,0
2019,대구,2716000,대구수성구,일반회계,080,사회복지,087,보훈,3106036000,0,0,3106036000,0,0
2019,대구,2716000,대구수성구,일반회계,080,사회복지,086,노동,5225521000,0,0,5225521000,0,0
2019,대구,2716000,대구수성구,일반회계,080,사회복지,085,노인ㆍ청소년,120009055000,0,0,120009055000,0,0
2019,대구,2716000,대구수성구,일반회계,080,사회복지,084,보육ㆍ가족및여성,102723969000,0,0,102723969000,0,0
2019,대구,2716000,대구수성구,일반회계,080,사회복지,082,취약계층지원,47069206000,0,0,47069206000,0,0
2019,대구,2716000,대구수성구,일반회계,080,사회복지,081,기초생활보장,69833047000,0,0,69833047000,0,0
2019,대구,2716000,대구수성구,일반회계,070,환경보호,076,환경보호일반,313571000,0,0,313571000,0,0
2019,대구,2716000,대구수성구,일반회계,070,환경보호,073,대기,122138000,0,0,122138000,0,0
2019,대구,2716000,대구수성구,일반회계,070,환경보호,072,폐기물,21803126000,0,0,21803126000,0,0
2019,대구,2716000,대구수성구,일반회계,070,환경보호,071,상하수도ㆍ수질,87562000,0,0,87562000,0,0
2019,대구,2716000,대구수성구,일반회계,060,문화및관광,065,문화및관광일반,0,0,0,0,0,0
2019,대구,2716000,대구수성구,일반회계,060,문화및관광,064,문화재,1010105000,0,0,1010105000,0,0
2019,대구,2716000,대구수성구,일반회계,060,문화및관광,063,체육,7109474000,0,0,7109474000,0,0
2019,대구,2716000,대구수성구,일반회계,060,문화및관광,062,관광,930976000,0,0,930976000,0,0
2019,대구,2716000,대구수성구,일반회계,060,문화및관광,061,문화예술,13371657000,0,0,13371657000,0,0
2019,대구,2716000,대구수성구,일반회계,050,교육,053,평생ㆍ직업교육,2748378000,0,0,2748378000,0,0
2019,대구,2716000,대구수성구,일반회계,050,교육,051,유아및초중등교육,3832438000,0,0,3832438000,0,0
2019,대구,2716000,대구수성구,일반회계,020,공공질서및안전,025,재난방재ㆍ민방위,4039923000,861621000,0,4039923000,861621000,0
2019,대구,2716000,대구수성구,일반회계,010,일반공공행정,016,일반행정,20378530000,2000000000,0,20378530000,2000000000,0
2019,대구,2716000,대구수성구,일반회계,010,일반공공행정,014,재정ㆍ금융,0,0,0,0,0,0
2019,대구,2716000,대구수성구,일반회계,010,일반공공행정,013,지방행정ㆍ재정지원,1463257000,0,0,1463257000,0,0
2019,대구,2717000,대구달서구,일반회계,010,일반공공행정,011,입법및선거관리,1646711000,0,0,1646711000,0,0
2019,대구,2717000,대구달서구,기타특별회계,900,기타,901,기타,0,0,1623961000,0,0,1623961000
2019,대구,2717000,대구달서구,기타특별회계,120,수송및교통,126,대중교통ㆍ물류등기타,11147324000,0,0,11147324000,0,0
2019,대구,2717000,대구달서구,기타특별회계,080,사회복지,081,기초생활보장,2071761000,100000000,0,2071761000,100000000,0
2019,대구,2717000,대구달서구,기타특별회계,070,환경보호,072,폐기물,0,5301000,0,0,5301000,0
2019,대구,2717000,대구달서구,기타특별회계,070,환경보호,071,상하수도ㆍ수질,479653000,0,0,479653000,0,0
2019,대구,2717000,대구달서구,기타특별회계,010,일반공공행정,016,일반행정,0,0,0,0,0,0
2019,대구,2717000,대구달서구,일반회계,900,기타,901,기타,0,0,102916165000,16492100000,0,102916165000
2019,대구,2717000,대구달서구,일반회계,160,예비비,161,예비비,5867236000,0,0,5867236000,0,0
2019,대구,2717000,대구달서구,일반회계,140,국토및지역개발,142,지역및도시,18539558000,298607000,0,18539558000,298607000,0
2019,대구,2717000,대구달서구,일반회계,120,수송및교통,126,대중교통ㆍ물류등기타,2638188000,0,0,2638188000,0,0
2019,대구,2717000,대구달서구,일반회계,120,수송및교통,121,도로,4582401000,0,0,4582401000,0,0
2019,대구,2717000,대구달서구,일반회계,110,산업ㆍ중소기업,114,산업진흥ㆍ고도화,895665000,0,0,895665000,0,0
2019,대구,2717000,대구달서구,일반회계,100,농림해양수산,102,임업ㆍ산촌,1466977000,0,0,1366977000,0,0
2019,대구,2717000,대구달서구,일반회계,100,농림해양수산,101,농업ㆍ농촌,491390000,0,0,491390000,0,0
2019,대구,2717000,대구달서구,일반회계,090,보건,093,식품의약안전,884251000,0,0,884251000,0,0
2019,대구,2717000,대구달서구,일반회계,090,보건,091,보건의료,18747369000,100000,0,18747369000,100000,0
2019,대구,2717000,대구달서구,일반회계,080,사회복지,089,사회복지일반,674085000,0,0,674085000,0,0
2019,대구,2717000,대구달서구,일반회계,080,사회복지,087,보훈,3429720000,0,0,3429720000,0,0
2019,대구,2717000,대구달서구,일반회계,080,사회복지,086,노동,5186904000,0,0,5186904000,0,0
2019,대구,2717000,대구달서구,일반회계,080,사회복지,085,노인ㆍ청소년,159715956000,0,0,159715956000,0,0
2019,대구,2717000,대구달서구,일반회계,080,사회복지,084,보육ㆍ가족및여성,145925473000,26249000,0,145925473000,0,0
2019,대구,2717000,대구달서구,일반회계,080,사회복지,082,취약계층지원,59714759000,0,0,59714759000,0,0
2019,대구,2717000,대구달서구,일반회계,080,사회복지,081,기초생활보장,101491135000,0,0,101491135000,0,0
2019,대구,2717000,대구달서구,일반회계,070,환경보호,076,환경보호일반,321170000,0,0,321170000,0,0
2019,대구,2717000,대구달서구,일반회계,070,환경보호,073,대기,78824000,0,0,78824000,0,0
2019,대구,2717000,대구달서구,일반회계,070,환경보호,072,폐기물,23580320000,0,0,22728320000,0,0
2019,대구,2717000,대구달서구,일반회계,070,환경보호,071,상하수도ㆍ수질,3059737000,0,0,3019737000,0,0
2019,대구,2717000,대구달서구,일반회계,060,문화및관광,063,체육,3321648000,0,0,3321648000,0,0
2019,대구,2717000,대구달서구,일반회계,060,문화및관광,061,문화예술,8124896000,0,0,8124896000,0,0
2019,대구,2717000,대구달서구,일반회계,050,교육,053,평생ㆍ직업교육,533860000,0,0,533860000,0,0
2019,대구,2717000,대구달서구,일반회계,050,교육,051,유아및초중등교육,6727974000,0,0,6727974000,0,0
2019,대구,2717000,대구달서구,일반회계,020,공공질서및안전,025,재난방재ㆍ민방위,4278647000,1053000000,0,4278647000,1053000000,0
2019,대구,2717000,대구달서구,일반회계,010,일반공공행정,016,일반행정,19016456000,3697918000,0,19016456000,2262918000,0
2019,대구,2717000,대구달서구,일반회계,010,일반공공행정,013,지방행정ㆍ재정지원,1308651000,0,0,1308651000,0,0
2019,대구,2771000,대구달성군,일반회계,010,일반공공행정,011,입법및선거관리,802346000,0,0,802346000,0,0
2019,대구,2771000,대구달성군,기타특별회계,900,기타,901,기타,0,89985000,373296000,0,88985000,373296000
2019,대구,2771000,대구달성군,기타특별회계,140,국토및지역개발,143,산업단지,0,0,0,0,0,0
2019,대구,2771000,대구달성군,기타특별회계,140,국토및지역개발,142,지역및도시,115000000,0,0,115000000,0,0
2019,대구,2771000,대구달성군,기타특별회계,140,국토및지역개발,141,수자원,5534719000,0,0,5534719000,0,0
2019,대구,2771000,대구달성군,기타특별회계,080,사회복지,082,취약계층지원,420000000,0,0,420000000,0,0
2019,대구,2771000,대구달성군,기타특별회계,070,환경보호,072,폐기물,2767000000,0,0,2767000000,0,0
2019,대구,2771000,대구달성군,일반회계,900,기타,901,기타,0,6789174000,83176324000,15241527000,6759174000,83176324000
2019,대구,2771000,대구달성군,일반회계,160,예비비,161,예비비,18789076000,0,0,18789076000,0,0
2019,대구,2771000,대구달성군,일반회계,140,국토및지역개발,143,산업단지,352520000,0,0,352520000,0,0
2019,대구,2771000,대구달성군,일반회계,140,국토및지역개발,142,지역및도시,33210072000,0,0,33210072000,0,0
2019,대구,2771000,대구달성군,일반회계,140,국토및지역개발,141,수자원,17165489000,0,0,17165489000,0,0
2019,대구,2771000,대구달성군,일반회계,120,수송및교통,126,대중교통ㆍ물류등기타,15715679000,0,0,15715679000,0,0
2019,대구,2771000,대구달성군,일반회계,120,수송및교통,121,도로,93636339000,0,0,93636339000,0,0
2019,대구,2771000,대구달성군,일반회계,110,산업ㆍ중소기업,116,산업ㆍ중소기업일반,1312204000,0,0,1312204000,0,0
2019,대구,2771000,대구달성군,일반회계,110,산업ㆍ중소기업,115,에너지및자원개발,449098000,0,0,449098000,0,0
2019,대구,2771000,대구달성군,일반회계,110,산업ㆍ중소기업,114,산업진흥ㆍ고도화,108379000,0,0,108379000,0,0
2019,대구,2771000,대구달성군,일반회계,110,산업ㆍ중소기업,113,무역및투자유치,641800000,0,0,641800000,0,0
2019,대구,2771000,대구달성군,일반회계,100,농림해양수산,102,임업ㆍ산촌,9637266000,0,0,9637266000,0,0
2019,대구,2771000,대구달성군,일반회계,100,농림해양수산,101,농업ㆍ농촌,33012598000,0,0,33012598000,0,0
2019,대구,2771000,대구달성군,일반회계,090,보건,093,식품의약안전,645623000,0,0,645623000,0,0
2019,대구,2771000,대구달성군,일반회계,090,보건,091,보건의료,15712049000,0,0,15712049000,0,0
2019,대구,2771000,대구달성군,일반회계,080,사회복지,087,보훈,2432728000,0,0,2432728000,0,0
2019,대구,2771000,대구달성군,일반회계,080,사회복지,086,노동,3012491000,0,0,3012491000,0,0
2019,대구,2771000,대구달성군,일반회계,080,사회복지,085,노인ㆍ청소년,74750910000,0,0,74750910000,0,0
2019,대구,2771000,대구달성군,일반회계,080,사회복지,084,보육ㆍ가족및여성,84231801000,0,0,84231801000,0,0
2019,대구,2771000,대구달성군,일반회계,080,사회복지,082,취약계층지원,53349658000,0,0,53349658000,0,0
2019,대구,2771000,대구달성군,일반회계,080,사회복지,081,기초생활보장,33811100000,0,0,33811100000,0,0
2019,대구,2771000,대구달성군,일반회계,070,환경보호,074,자연,449889000,0,0,449889000,0,0
2019,대구,2771000,대구달성군,일반회계,070,환경보호,073,대기,348005000,0,0,348005000,0,0
2019,대구,2771000,대구달성군,일반회계,070,환경보호,072,폐기물,17396996000,0,0,17086996000,0,0
2019,대구,2771000,대구달성군,일반회계,070,환경보호,071,상하수도ㆍ수질,1448431000,0,0,1448431000,0,0
2019,대구,2771000,대구달성군,일반회계,060,문화및관광,065,문화및관광일반,15750821000,0,0,15750821000,0,0
2019,대구,2771000,대구달성군,일반회계,060,문화및관광,064,문화재,3559535000,0,0,3559535000,0,0
2019,대구,2771000,대구달성군,일반회계,060,문화및관광,063,체육,5587442000,0,0,5587442000,0,0
2019,대구,2771000,대구달성군,일반회계,060,문화및관광,062,관광,9484184000,0,0,9484184000,0,0
2019,대구,2771000,대구달성군,일반회계,060,문화및관광,061,문화예술,6884242000,0,0,6884242000,0,0
2019,대구,2771000,대구달성군,일반회계,050,교육,053,평생ㆍ직업교육,6419862000,0,0,6419862000,0,0
2019,대구,2771000,대구달성군,일반회계,050,교육,051,유아및초중등교육,4520410000,0,0,4520410000,0,0
2019,대구,2771000,대구달성군,일반회계,020,공공질서및안전,025,재난방재ㆍ민방위,12002524000,0,0,12002524000,0,0
2019,대구,2771000,대구달성군,일반회계,010,일반공공행정,016,일반행정,25574965000,0,0,25574965000,0,0
2019,대구,2771000,대구달성군,일반회계,010,일반공공행정,013,지방행정ㆍ재정지원,17827970000,0,0,17827970000,0,0
2018,대구,2700000,대구본청,일반회계,010,일반공공행정,011,입법및선거관리,4401418000,0,0,4401418000,0,0
2018,대구,2700000,대구본청,공기업특별회계,900,기타,901,기타,0,0,130483484000,0,0,129660282000
2018,대구,2700000,대구본청,공기업특별회계,070,환경보호,071,상하수도ㆍ수질,298090421000,256626095000,0,293409025000,256626095000,0
2018,대구,2700000,대구본청,기타특별회계,900,기타,901,기타,0,0,198480908000,9063000,0,198480908000
2018,대구,2700000,대구본청,기타특별회계,140,국토및지역개발,143,산업단지,42449050000,0,0,42449050000,0,0
2018,대구,2700000,대구본청,기타특별회계,140,국토및지역개발,142,지역및도시,19985900000,200000000,0,19985900000,200000000,0
2018,대구,2700000,대구본청,기타특별회계,120,수송및교통,126,대중교통ㆍ물류등기타,127204403000,70110000,0,122766903000,70110000,0
2018,대구,2700000,대구본청,기타특별회계,120,수송및교통,123,도시철도,194625700000,0,0,194625700000,0,0
2018,대구,2700000,대구본청,기타특별회계,120,수송및교통,121,도로,6683390000,0,0,6683390000,0,0
2018,대구,2700000,대구본청,기타특별회계,110,산업ㆍ중소기업,114,산업진흥ㆍ고도화,1001600000,0,0,1001600000,0,0
2018,대구,2700000,대구본청,기타특별회계,110,산업ㆍ중소기업,111,산업금융지원,65952285000,0,0,65952285000,0,0
2018,대구,2700000,대구본청,기타특별회계,080,사회복지,081,기초생활보장,450554525000,0,0,444793040000,0,0
2018,대구,2700000,대구본청,기타특별회계,070,환경보호,071,상하수도ㆍ수질,3700000000,0,0,3617668000,0,0
2018,대구,2700000,대구본청,기타특별회계,050,교육,051,유아및초중등교육,15565000000,0,0,15565000000,0,0
2018,대구,2700000,대구본청,기타특별회계,020,공공질서및안전,026,소방,53530506000,0,0,53530506000,0,0
2018,대구,2700000,대구본청,기타특별회계,010,일반공공행정,014,재정ㆍ금융,0,159905426000,0,0,159905426000,0
2018,대구,2700000,대구본청,기타특별회계,010,일반공공행정,013,지방행정ㆍ재정지원,5131197000,0,0,0,0,0
2018,대구,2700000,대구본청,일반회계,900,기타,901,기타,0,0,290565173000,6510332000,0,290565173000
2018,대구,2700000,대구본청,일반회계,160,예비비,161,예비비,48518180000,0,0,48518180000,0,0
2018,대구,2700000,대구본청,일반회계,150,과학기술,152,과학기술연구지원,51160950000,0,0,51160950000,0,0
2018,대구,2700000,대구본청,일반회계,140,국토및지역개발,143,산업단지,2148990000,0,0,2148990000,0,0
2018,대구,2700000,대구본청,일반회계,140,국토및지역개발,142,지역및도시,123456668000,4803362000,0,78980218000,4803362000,0
2018,대구,2700000,대구본청,일반회계,140,국토및지역개발,141,수자원,4947557000,0,0,4947557000,0,0
2018,대구,2700000,대구본청,일반회계,120,수송및교통,126,대중교통ㆍ물류등기타,147823018000,285021889000,0,147247418000,2422212000,0
2018,대구,2700000,대구본청,일반회계,120,수송및교통,125,항공ㆍ공항,1777960000,0,0,1777960000,0,0
2018,대구,2700000,대구본청,일반회계,120,수송및교통,121,도로,131382292000,0,0,130239792000,0,0
2018,대구,2700000,대구본청,일반회계,110,산업ㆍ중소기업,116,산업ㆍ중소기업일반,0,1477263000,0,0,1477263000,0
2018,대구,2700000,대구본청,일반회계,110,산업ㆍ중소기업,115,에너지및자원개발,18215670000,0,0,17653090000,0,0
2018,대구,2700000,대구본청,일반회계,110,산업ㆍ중소기업,114,산업진흥ㆍ고도화,107041409000,10063000000,0,97582015000,10063000000,0
2018,대구,2700000,대구본청,일반회계,110,산업ㆍ중소기업,113,무역및투자유치,84451196000,912175000,0,82951196000,912175000,0
2018,대구,2700000,대구본청,일반회계,110,산업ㆍ중소기업,112,산업기술지원,80249550000,0,0,79450550000,0,0
2018,대구,2700000,대구본청,일반회계,110,산업ㆍ중소기업,111,산업금융지원,6859750000,0,0,6859750000,0,0
2018,대구,2700000,대구본청,일반회계,100,농림해양수산,102,임업ㆍ산촌,15018103000,0,0,8405534000,0,0
2018,대구,2700000,대구본청,일반회계,100,농림해양수산,101,농업ㆍ농촌,32843662000,0,0,16933440000,0,0
2018,대구,2700000,대구본청,일반회계,090,보건,093,식품의약안전,5425311000,0,0,2354481000,0,0
2018,대구,2700000,대구본청,일반회계,090,보건,091,보건의료,102567864000,90052691000,0,25024557000,0,0
2018,대구,2700000,대구본청,일반회계,080,사회복지,087,보훈,16255712000,0,0,1097112000,0,0
2018,대구,2700000,대구본청,일반회계,080,사회복지,086,노동,45250886000,0,0,26246410000,0,0
2018,대구,2700000,대구본청,일반회계,080,사회복지,085,노인ㆍ청소년,738087896000,0,0,90500533000,0,0
2018,대구,2700000,대구본청,일반회계,080,사회복지,084,보육ㆍ가족및여성,578117807000,100000000,0,18317696000,100000000,0
2018,대구,2700000,대구본청,일반회계,080,사회복지,082,취약계층지원,305148837000,0,0,40922377000,0,0
2018,대구,2700000,대구본청,일반회계,080,사회복지,081,기초생활보장,420222446000,0,0,5078339000,0,0
2018,대구,2700000,대구본청,일반회계,070,환경보호,076,환경보호일반,4533785000,11011750000,0,3959985000,111750000,0
2018,대구,2700000,대구본청,일반회계,070,환경보호,074,자연,10746290000,0,0,8159290000,0,0
2018,대구,2700000,대구본청,일반회계,070,환경보호,073,대기,8981446000,0,0,7351109000,0,0
2018,대구,2700000,대구본청,일반회계,070,환경보호,072,폐기물,34834487000,0,0,33632287000,0,0
2018,대구,2700000,대구본청,일반회계,070,환경보호,071,상하수도ㆍ수질,3458980000,2288440000,0,3108242000,88440000,0
2018,대구,2700000,대구본청,일반회계,060,문화및관광,064,문화재,9248397000,0,0,1129772000,0,0
2018,대구,2700000,대구본청,일반회계,060,문화및관광,063,체육,88048623000,4567263000,0,79643326000,4567263000,0
2018,대구,2700000,대구본청,일반회계,060,문화및관광,062,관광,23719230000,0,0,18863730000,0,0
2018,대구,2700000,대구본청,일반회계,060,문화및관광,061,문화예술,113676835000,747210000,0,109024535000,747210000,0
2018,대구,2700000,대구본청,일반회계,050,교육,053,평생ㆍ직업교육,2001860000,0,0,1294360000,0,0
2018,대구,2700000,대구본청,일반회계,050,교육,051,유아및초중등교육,510773775000,0,0,502669863000,0,0
2018,대구,2700000,대구본청,일반회계,020,공공질서및안전,025,재난방재ㆍ민방위,52704586000,32541645000,0,26725187000,32541645000,0
2018,대구,2700000,대구본청,일반회계,010,일반공공행정,016,일반행정,92306388000,5997050000,0,88162834000,5997050000,0
2018,대구,2700000,대구본청,일반회계,010,일반공공행정,014,재정ㆍ금융,0,361728463000,0,0,128324463000,0
2018,대구,2700000,대구본청,일반회계,010,일반공공행정,013,지방행정ㆍ재정지원,568914812000,0,0,2071906000,0,0
2018,대구,2711000,대구중구,일반회계,010,일반공공행정,011,입법및선거관리,1551975000,0,0,1551975000,0,0
2018,대구,2711000,대구중구,기타특별회계,080,사회복지,082,취약계층지원,62336000,0,0,62336000,0,0
2018,대구,2711000,대구중구,기타특별회계,080,사회복지,081,기초생활보장,270199000,1416465000,0,270199000,1413965000,0
2018,대구,2711000,대구중구,기타특별회계,070,환경보호,071,상하수도ㆍ수질,145000000,0,0,145000000,0,0
2018,대구,2711000,대구중구,일반회계,900,기타,901,기타,0,0,55215406000,5255106000,0,55215406000
2018,대구,2711000,대구중구,일반회계,160,예비비,161,예비비,2481851000,0,0,2481851000,0,0
2018,대구,2711000,대구중구,일반회계,140,국토및지역개발,142,지역및도시,6729646000,0,0,6729646000,0,0
2018,대구,2711000,대구중구,일반회계,120,수송및교통,126,대중교통ㆍ물류등기타,926149000,215500000,0,926149000,215500000,0
2018,대구,2711000,대구중구,일반회계,120,수송및교통,121,도로,6525130000,0,0,6525130000,0,0
2018,대구,2711000,대구중구,일반회계,110,산업ㆍ중소기업,115,에너지및자원개발,33930000,0,0,33930000,0,0
2018,대구,2711000,대구중구,일반회계,110,산업ㆍ중소기업,114,산업진흥ㆍ고도화,1128760000,8468000,0,1128760000,8468000,0
2018,대구,2711000,대구중구,일반회계,100,농림해양수산,101,농업ㆍ농촌,110297000,0,0,110297000,0,0
2018,대구,2711000,대구중구,일반회계,090,보건,093,식품의약안전,305121000,0,0,305121000,0,0
2018,대구,2711000,대구중구,일반회계,090,보건,091,보건의료,5644526000,0,0,5644526000,0,0
2018,대구,2711000,대구중구,일반회계,080,사회복지,088,주택,4050207000,0,0,4050207000,0,0
2018,대구,2711000,대구중구,일반회계,080,사회복지,087,보훈,794750000,0,0,794750000,0,0
2018,대구,2711000,대구중구,일반회계,080,사회복지,086,노동,2745737000,0,0,2745737000,0,0
2018,대구,2711000,대구중구,일반회계,080,사회복지,085,노인ㆍ청소년,37548671000,0,0,37548671000,0,0
2018,대구,2711000,대구중구,일반회계,080,사회복지,084,보육ㆍ가족및여성,16626742000,0,0,16626742000,0,0
2018,대구,2711000,대구중구,일반회계,080,사회복지,082,취약계층지원,17861174000,0,0,17861174000,0,0
2018,대구,2711000,대구중구,일반회계,080,사회복지,081,기초생활보장,14724654000,0,0,14724654000,0,0
2018,대구,2711000,대구중구,일반회계,070,환경보호,073,대기,243986000,0,0,243986000,0,0
2018,대구,2711000,대구중구,일반회계,070,환경보호,072,폐기물,6363109000,0,0,6363109000,0,0
2018,대구,2711000,대구중구,일반회계,070,환경보호,071,상하수도ㆍ수질,65383000,0,0,65383000,0,0
2018,대구,2711000,대구중구,일반회계,060,문화및관광,064,문화재,428562000,0,0,428562000,0,0
2018,대구,2711000,대구중구,일반회계,060,문화및관광,063,체육,3279114000,0,0,3279114000,0,0
2018,대구,2711000,대구중구,일반회계,060,문화및관광,062,관광,1423493000,0,0,1413493000,0,0
2018,대구,2711000,대구중구,일반회계,060,문화및관광,061,문화예술,3054755000,2200000,0,3054755000,2200000,0
2018,대구,2711000,대구중구,일반회계,050,교육,053,평생ㆍ직업교육,136092000,0,0,136092000,0,0
2018,대구,2711000,대구중구,일반회계,050,교육,051,유아및초중등교육,485114000,0,0,485114000,0,0
2018,대구,2711000,대구중구,일반회계,020,공공질서및안전,025,재난방재ㆍ민방위,413425000,327229000,0,413425000,327229000,0
2018,대구,2711000,대구중구,일반회계,010,일반공공행정,016,일반행정,10292216000,0,0,10292216000,0,0
2018,대구,2711000,대구중구,일반회계,010,일반공공행정,014,재정ㆍ금융,0,2056000000,0,0,1551000000,0
2018,대구,2711000,대구중구,일반회계,010,일반공공행정,013,지방행정ㆍ재정지원,500628000,0,0,500628000,0,0
2018,대구,2712000,대구동구,일반회계,010,일반공공행정,011,입법및선거관리,1087590000,0,0,1087590000,0,0
2018,대구,2712000,대구동구,기타특별회계,900,기타,901,기타,0,0,1087800000,0,0,1087800000
2018,대구,2712000,대구동구,기타특별회계,140,국토및지역개발,142,지역및도시,0,36000000,0,0,36000000,0
2018,대구,2712000,대구동구,기타특별회계,120,수송및교통,126,대중교통ㆍ물류등기타,3590000000,0,0,3590000000,0,0
2018,대구,2712000,대구동구,기타특별회계,110,산업ㆍ중소기업,115,에너지및자원개발,182000000,0,0,182000000,0,0
2018,대구,2712000,대구동구,기타특별회계,080,사회복지,081,기초생활보장,1150200000,224000000,0,1150200000,181305000,0
2018,대구,2712000,대구동구,기타특별회계,070,환경보호,076,환경보호일반,142000000,0,0,142000000,0,0
2018,대구,2712000,대구동구,기타특별회계,070,환경보호,072,폐기물,0,4688000000,0,0,4688000000,0
2018,대구,2712000,대구동구,일반회계,900,기타,901,기타,0,0,91637843000,11783524000,0,91637843000
2018,대구,2712000,대구동구,일반회계,160,예비비,161,예비비,3978587000,0,0,3978587000,0,0
2018,대구,2712000,대구동구,일반회계,140,국토및지역개발,142,지역및도시,13426971000,617000,0,13426971000,617000,0
2018,대구,2712000,대구동구,일반회계,140,국토및지역개발,141,수자원,4804638000,0,0,4804638000,0,0
2018,대구,2712000,대구동구,일반회계,120,수송및교통,126,대중교통ㆍ물류등기타,423086000,0,0,423086000,0,0
2018,대구,2712000,대구동구,일반회계,120,수송및교통,121,도로,5449534000,0,0,5449534000,0,0
2018,대구,2712000,대구동구,일반회계,110,산업ㆍ중소기업,114,산업진흥ㆍ고도화,1583156000,0,0,1583156000,0,0
2018,대구,2712000,대구동구,일반회계,100,농림해양수산,101,농업ㆍ농촌,3492697000,0,0,3492697000,0,0
2018,대구,2712000,대구동구,일반회계,090,보건,093,식품의약안전,686985000,0,0,686985000,0,0
2018,대구,2712000,대구동구,일반회계,090,보건,091,보건의료,14242068000,0,0,14242068000,0,0
2018,대구,2712000,대구동구,일반회계,080,사회복지,089,사회복지일반,13543380000,0,0,13543380000,0,0
2018,대구,2712000,대구동구,일반회계,080,사회복지,086,노동,3043157000,0,0,3043157000,0,0
2018,대구,2712000,대구동구,일반회계,080,사회복지,085,노인ㆍ청소년,145594178000,0,0,145594178000,0,0
2018,대구,2712000,대구동구,일반회계,080,사회복지,084,보육ㆍ가족및여성,72633871000,0,0,72633871000,0,0
2018,대구,2712000,대구동구,일반회계,080,사회복지,082,취약계층지원,44254318000,0,0,44254318000,0,0
2018,대구,2712000,대구동구,일반회계,080,사회복지,081,기초생활보장,64777503000,0,0,64777503000,0,0
2018,대구,2712000,대구동구,일반회계,070,환경보호,076,환경보호일반,907363000,0,0,907363000,0,0
2018,대구,2712000,대구동구,일반회계,070,환경보호,072,폐기물,8710887000,0,0,8710887000,0,0
2018,대구,2712000,대구동구,일반회계,060,문화및관광,065,문화및관광일반,0,0,0,0,0,0
2018,대구,2712000,대구동구,일반회계,060,문화및관광,064,문화재,4542938000,0,0,4542938000,0,0
2018,대구,2712000,대구동구,일반회계,060,문화및관광,063,체육,1767251000,0,0,1767251000,0,0
2018,대구,2712000,대구동구,일반회계,060,문화및관광,061,문화예술,6150254000,0,0,6150254000,0,0
2018,대구,2712000,대구동구,일반회계,050,교육,053,평생ㆍ직업교육,3371575000,0,0,3371575000,0,0
2018,대구,2712000,대구동구,일반회계,020,공공질서및안전,025,재난방재ㆍ민방위,3452151000,590000000,0,3452151000,590000000,0
2018,대구,2712000,대구동구,일반회계,010,일반공공행정,016,일반행정,16437836000,547800000,0,16437836000,497800000,0
2018,대구,2712000,대구동구,일반회계,010,일반공공행정,013,지방행정ㆍ재정지원,1061766000,0,0,1061766000,0,0
2018,대구,2713000,대구서구,일반회계,010,일반공공행정,011,입법및선거관리,794881000,0,0,794881000,0,0
2018,대구,2713000,대구서구,기타특별회계,900,기타,901,기타,0,0,91681000,0,0,91681000
2018,대구,2713000,대구서구,기타특별회계,140,국토및지역개발,142,지역및도시,3900000000,0,0,3900000000,0,0
2018,대구,2713000,대구서구,기타특별회계,080,사회복지,082,취약계층지원,468319000,0,0,468319000,0,0
2018,대구,2713000,대구서구,기타특별회계,080,사회복지,081,기초생활보장,0,0,0,0,0,0
2018,대구,2713000,대구서구,기타특별회계,070,환경보호,071,상하수도ㆍ수질,160000000,0,0,160000000,0,0
2018,대구,2713000,대구서구,일반회계,900,기타,901,기타,0,0,64969456000,9856860000,0,64969456000
2018,대구,2713000,대구서구,일반회계,160,예비비,161,예비비,3509600000,0,0,3509600000,0,0
2018,대구,2713000,대구서구,일반회계,140,국토및지역개발,142,지역및도시,9237299000,200000000,0,9237299000,200000000,0
2018,대구,2713000,대구서구,일반회계,120,수송및교통,126,대중교통ㆍ물류등기타,1132699000,0,0,1132699000,0,0
2018,대구,2713000,대구서구,일반회계,120,수송및교통,121,도로,2746870000,0,0,2746870000,0,0
2018,대구,2713000,대구서구,일반회계,110,산업ㆍ중소기업,115,에너지및자원개발,166068000,0,0,166068000,0,0
2018,대구,2713000,대구서구,일반회계,110,산업ㆍ중소기업,114,산업진흥ㆍ고도화,131700000,0,0,131700000,0,0
2018,대구,2713000,대구서구,일반회계,100,농림해양수산,102,임업ㆍ산촌,224739000,0,0,224739000,0,0
2018,대구,2713000,대구서구,일반회계,100,농림해양수산,101,농업ㆍ농촌,233714000,0,0,233714000,0,0
2018,대구,2713000,대구서구,일반회계,090,보건,093,식품의약안전,393430000,0,0,393430000,0,0
2018,대구,2713000,대구서구,일반회계,090,보건,091,보건의료,7926812000,0,0,7926812000,0,0
2018,대구,2713000,대구서구,일반회계,080,사회복지,089,사회복지일반,0,0,0,0,0,0
2018,대구,2713000,대구서구,일반회계,080,사회복지,086,노동,2157426000,0,0,2157426000,0,0
2018,대구,2713000,대구서구,일반회계,080,사회복지,085,노인ㆍ청소년,84859516000,0,0,84859516000,0,0
2018,대구,2713000,대구서구,일반회계,080,사회복지,084,보육ㆍ가족및여성,2566511000,0,0,2566511000,0,0
2018,대구,2713000,대구서구,일반회계,080,사회복지,082,취약계층지원,63677089000,0,0,63677089000,0,0
2018,대구,2713000,대구서구,일반회계,080,사회복지,081,기초생활보장,44527152000,0,0,44527152000,0,0
2018,대구,2713000,대구서구,일반회계,070,환경보호,076,환경보호일반,150615000,0,0,150615000,0,0
2018,대구,2713000,대구서구,일반회계,070,환경보호,073,대기,192732000,0,0,192732000,0,0
2018,대구,2713000,대구서구,일반회계,070,환경보호,072,폐기물,7245700000,0,0,7245700000,0,0
2018,대구,2713000,대구서구,일반회계,070,환경보호,071,상하수도ㆍ수질,148965000,0,0,148965000,0,0
2018,대구,2713000,대구서구,일반회계,060,문화및관광,063,체육,2203911000,0,0,2203911000,0,0
2018,대구,2713000,대구서구,일반회계,060,문화및관광,061,문화예술,2797112000,0,0,2797112000,0,0
2018,대구,2713000,대구서구,일반회계,050,교육,053,평생ㆍ직업교육,2868076000,0,0,2868076000,0,0
2018,대구,2713000,대구서구,일반회계,050,교육,051,유아및초중등교육,1853407000,0,0,1853407000,0,0
2018,대구,2713000,대구서구,일반회계,020,공공질서및안전,025,재난방재ㆍ민방위,442381000,284420000,0,442381000,284420000,0
2018,대구,2713000,대구서구,일반회계,010,일반공공행정,016,일반행정,11997476000,0,0,11997476000,0,0
2018,대구,2713000,대구서구,일반회계,010,일반공공행정,014,재정ㆍ금융,0,2700000000,0,0,1200000000,0
2018,대구,2713000,대구서구,일반회계,010,일반공공행정,013,지방행정ㆍ재정지원,360243000,0,0,360243000,0,0
2018,대구,2714000,대구남구,일반회계,010,일반공공행정,011,입법및선거관리,1998696000,0,0,1998696000,0,0
2018,대구,2714000,대구남구,기타특별회계,900,기타,901,기타,0,0,131797000,0,0,131797000
2018,대구,2714000,대구남구,기타특별회계,120,수송및교통,126,대중교통ㆍ물류등기타,2351000000,0,0,2351000000,0,0
2018,대구,2714000,대구남구,기타특별회계,080,사회복지,082,취약계층지원,80000000,0,0,80000000,0,0
2018,대구,2714000,대구남구,기타특별회계,080,사회복지,081,기초생활보장,400000000,75203000,0,400000000,70242000,0
2018,대구,2714000,대구남구,기타특별회계,070,환경보호,071,상하수도ㆍ수질,206000000,0,0,206000000,0,0
2018,대구,2714000,대구남구,일반회계,900,기타,901,기타,0,0,58488975000,9622609000,0,58488975000
2018,대구,2714000,대구남구,일반회계,160,예비비,161,예비비,3950480000,0,0,3950480000,0,0
2018,대구,2714000,대구남구,일반회계,140,국토및지역개발,142,지역및도시,8494818000,0,0,8444818000,0,0
2018,대구,2714000,대구남구,일반회계,120,수송및교통,126,대중교통ㆍ물류등기타,815928000,0,0,815928000,0,0
2018,대구,2714000,대구남구,일반회계,120,수송및교통,121,도로,2397850000,0,0,2397850000,0,0
2018,대구,2714000,대구남구,일반회계,110,산업ㆍ중소기업,115,에너지및자원개발,13847000,0,0,13847000,0,0
2018,대구,2714000,대구남구,일반회계,110,산업ㆍ중소기업,114,산업진흥ㆍ고도화,385443000,0,0,385443000,0,0
2018,대구,2714000,대구남구,일반회계,100,농림해양수산,101,농업ㆍ농촌,153676000,0,0,153676000,0,0
2018,대구,2714000,대구남구,일반회계,090,보건,093,식품의약안전,501313000,0,0,501313000,0,0
2018,대구,2714000,대구남구,일반회계,090,보건,091,보건의료,7918507000,0,0,7918507000,0,0
2018,대구,2714000,대구남구,일반회계,080,사회복지,087,보훈,1624400000,0,0,1624400000,0,0
2018,대구,2714000,대구남구,일반회계,080,사회복지,086,노동,2545747000,0,0,2545747000,0,0
2018,대구,2714000,대구남구,일반회계,080,사회복지,085,노인ㆍ청소년,71038197000,995000,0,71038197000,663000,0
2018,대구,2714000,대구남구,일반회계,080,사회복지,084,보육ㆍ가족및여성,29056097000,0,0,29056097000,0,0
2018,대구,2714000,대구남구,일반회계,080,사회복지,082,취약계층지원,32364216000,0,0,32364216000,0,0
2018,대구,2714000,대구남구,일반회계,080,사회복지,081,기초생활보장,45657185000,0,0,45657185000,0,0
2018,대구,2714000,대구남구,일반회계,070,환경보호,076,환경보호일반,37680000,0,0,37680000,0,0
2018,대구,2714000,대구남구,일반회계,070,환경보호,073,대기,201484000,0,0,201484000,0,0
2018,대구,2714000,대구남구,일반회계,070,환경보호,072,폐기물,6934112000,0,0,6934112000,0,0
2018,대구,2714000,대구남구,일반회계,070,환경보호,071,상하수도ㆍ수질,307201000,0,0,307201000,0,0
2018,대구,2714000,대구남구,일반회계,060,문화및관광,064,문화재,325712000,0,0,325712000,0,0
2018,대구,2714000,대구남구,일반회계,060,문화및관광,063,체육,1399603000,0,0,1399603000,0,0
2018,대구,2714000,대구남구,일반회계,060,문화및관광,061,문화예술,2839914000,0,0,2839914000,0,0
2018,대구,2714000,대구남구,일반회계,050,교육,053,평생ㆍ직업교육,496614000,0,0,496614000,0,0
2018,대구,2714000,대구남구,일반회계,050,교육,052,고등교육,350138000,0,0,350138000,0,0
2018,대구,2714000,대구남구,일반회계,050,교육,051,유아및초중등교육,1330283000,0,0,1330283000,0,0
2018,대구,2714000,대구남구,일반회계,020,공공질서및안전,025,재난방재ㆍ민방위,629369000,176267000,0,629369000,176267000,0
2018,대구,2714000,대구남구,일반회계,010,일반공공행정,016,일반행정,16766278000,4040000000,0,16766278000,2020000000,0
2018,대구,2714000,대구남구,일반회계,010,일반공공행정,014,재정ㆍ금융,0,0,0,0,0,0
2018,대구,2714000,대구남구,일반회계,010,일반공공행정,013,지방행정ㆍ재정지원,758975000,0,0,758975000,0,0
2018,대구,2715000,대구북구,일반회계,010,일반공공행정,011,입법및선거관리,3883383000,0,0,3883383000,0,0
2018,대구,2715000,대구북구,기타특별회계,900,기타,901,기타,0,0,1114010000,0,0,1114010000
2018,대구,2715000,대구북구,기타특별회계,140,국토및지역개발,142,지역및도시,0,35000000,0,0,35000000,0
2018,대구,2715000,대구북구,기타특별회계,120,수송및교통,126,대중교통ㆍ물류등기타,2731595000,4000000,0,2731595000,4000000,0
2018,대구,2715000,대구북구,기타특별회계,080,사회복지,081,기초생활보장,784744000,571110000,0,784744000,557640000,0
2018,대구,2715000,대구북구,기타특별회계,070,환경보호,072,폐기물,6630000000,0,0,6630000000,0,0
2018,대구,2715000,대구북구,기타특별회계,070,환경보호,071,상하수도ㆍ수질,650000000,0,0,650000000,0,0
2018,대구,2715000,대구북구,기타특별회계,010,일반공공행정,013,지방행정ㆍ재정지원,79541000,0,0,79541000,0,0
2018,대구,2715000,대구북구,일반회계,900,기타,901,기타,0,0,89839990000,11747015000,0,89839990000
2018,대구,2715000,대구북구,일반회계,160,예비비,161,예비비,5570421000,0,0,5570421000,0,0
2018,대구,2715000,대구북구,일반회계,140,국토및지역개발,142,지역및도시,13256293000,503000000,0,13256293000,3000000,0
2018,대구,2715000,대구북구,일반회계,140,국토및지역개발,141,수자원,4828457000,0,0,4828457000,0,0
2018,대구,2715000,대구북구,일반회계,120,수송및교통,126,대중교통ㆍ물류등기타,1412986000,0,0,1412986000,0,0
2018,대구,2715000,대구북구,일반회계,120,수송및교통,121,도로,5345756000,0,0,5345756000,0,0
2018,대구,2715000,대구북구,일반회계,110,산업ㆍ중소기업,116,산업ㆍ중소기업일반,5556028000,0,0,5556028000,0,0
2018,대구,2715000,대구북구,일반회계,100,농림해양수산,102,임업ㆍ산촌,1886460000,0,0,1886460000,0,0
2018,대구,2715000,대구북구,일반회계,100,농림해양수산,101,농업ㆍ농촌,1986097000,0,0,1986097000,0,0
2018,대구,2715000,대구북구,일반회계,090,보건,093,식품의약안전,836203000,0,0,836203000,0,0
2018,대구,2715000,대구북구,일반회계,090,보건,091,보건의료,18442038000,0,0,18442038000,0,0
2018,대구,2715000,대구북구,일반회계,080,사회복지,087,보훈,2588200000,0,0,2588200000,0,0
2018,대구,2715000,대구북구,일반회계,080,사회복지,086,노동,3759297000,0,0,3759297000,0,0
2018,대구,2715000,대구북구,일반회계,080,사회복지,085,노인ㆍ청소년,116433462000,0,0,116433462000,0,0
2018,대구,2715000,대구북구,일반회계,080,사회복지,084,보육ㆍ가족및여성,113215089000,42500000,0,113215089000,42500000,0
2018,대구,2715000,대구북구,일반회계,080,사회복지,082,취약계층지원,40853354000,0,0,40853354000,0,0
2018,대구,2715000,대구북구,일반회계,080,사회복지,081,기초생활보장,60091926000,0,0,60091926000,0,0
2018,대구,2715000,대구북구,일반회계,070,환경보호,076,환경보호일반,443148000,0,0,443148000,0,0
2018,대구,2715000,대구북구,일반회계,070,환경보호,073,대기,118745000,0,0,118745000,0,0
2018,대구,2715000,대구북구,일반회계,070,환경보호,072,폐기물,13393313000,3000000,0,13393313000,3000000,0
2018,대구,2715000,대구북구,일반회계,070,환경보호,071,상하수도ㆍ수질,52789000,0,0,52789000,0,0
2018,대구,2715000,대구북구,일반회계,060,문화및관광,064,문화재,489510000,0,0,489510000,0,0
2018,대구,2715000,대구북구,일반회계,060,문화및관광,063,체육,2994317000,0,0,2994317000,0,0
2018,대구,2715000,대구북구,일반회계,060,문화및관광,062,관광,1328695000,0,0,1328695000,0,0
2018,대구,2715000,대구북구,일반회계,060,문화및관광,061,문화예술,6120978000,0,0,6120978000,0,0
2018,대구,2715000,대구북구,일반회계,050,교육,053,평생ㆍ직업교육,214880000,0,0,214880000,0,0
2018,대구,2715000,대구북구,일반회계,050,교육,051,유아및초중등교육,2735493000,0,0,2735493000,0,0
2018,대구,2715000,대구북구,일반회계,020,공공질서및안전,025,재난방재ㆍ민방위,1106873000,656632000,0,1106873000,656632000,0
2018,대구,2715000,대구북구,일반회계,010,일반공공행정,016,일반행정,17553620000,3148007000,0,17553620000,2148007000,0
2018,대구,2715000,대구북구,일반회계,010,일반공공행정,013,지방행정ㆍ재정지원,1009060000,0,0,1009060000,0,0
2018,대구,2716000,대구수성구,일반회계,010,일반공공행정,011,입법및선거관리,4305433000,0,0,4305433000,0,0
2018,대구,2716000,대구수성구,기타특별회계,900,기타,901,기타,0,0,283616000,0,0,283616000
2018,대구,2716000,대구수성구,기타특별회계,140,국토및지역개발,142,지역및도시,0,108000000,0,0,108000000,0
2018,대구,2716000,대구수성구,기타특별회계,140,국토및지역개발,141,수자원,553000000,0,0,553000000,0,0
2018,대구,2716000,대구수성구,기타특별회계,120,수송및교통,126,대중교통ㆍ물류등기타,5594944000,5420000000,0,5594944000,5420000000,0
2018,대구,2716000,대구수성구,기타특별회계,080,사회복지,082,취약계층지원,711440000,0,0,711440000,0,0
2018,대구,2716000,대구수성구,일반회계,900,기타,901,기타,0,0,89153224000,9518238000,0,89153224000
2018,대구,2716000,대구수성구,일반회계,160,예비비,161,예비비,5191231000,0,0,5191231000,0,0
2018,대구,2716000,대구수성구,일반회계,140,국토및지역개발,142,지역및도시,10624976000,2000000,0,10624976000,2000000,0
2018,대구,2716000,대구수성구,일반회계,140,국토및지역개발,141,수자원,1623110000,0,0,1623110000,0,0
2018,대구,2716000,대구수성구,일반회계,120,수송및교통,126,대중교통ㆍ물류등기타,920690000,500000000,0,920690000,0,0
2018,대구,2716000,대구수성구,일반회계,120,수송및교통,121,도로,11439453000,0,0,11439453000,0,0
2018,대구,2716000,대구수성구,일반회계,110,산업ㆍ중소기업,116,산업ㆍ중소기업일반,1800000,0,0,1800000,0,0
2018,대구,2716000,대구수성구,일반회계,110,산업ㆍ중소기업,115,에너지및자원개발,54812000,0,0,54812000,0,0
2018,대구,2716000,대구수성구,일반회계,110,산업ㆍ중소기업,114,산업진흥ㆍ고도화,847716000,0,0,847716000,0,0
2018,대구,2716000,대구수성구,일반회계,100,농림해양수산,102,임업ㆍ산촌,1967309000,0,0,1967309000,0,0
2018,대구,2716000,대구수성구,일반회계,100,농림해양수산,101,농업ㆍ농촌,1869077000,0,0,1869077000,0,0
2018,대구,2716000,대구수성구,일반회계,090,보건,093,식품의약안전,673088000,0,0,673088000,0,0
2018,대구,2716000,대구수성구,일반회계,090,보건,091,보건의료,14192857000,0,0,14192857000,0,0
2018,대구,2716000,대구수성구,일반회계,080,사회복지,087,보훈,3234392000,0,0,3234392000,0,0
2018,대구,2716000,대구수성구,일반회계,080,사회복지,086,노동,3386029000,0,0,3386029000,0,0
2018,대구,2716000,대구수성구,일반회계,080,사회복지,085,노인ㆍ청소년,101213283000,0,0,101213283000,0,0
2018,대구,2716000,대구수성구,일반회계,080,사회복지,084,보육ㆍ가족및여성,91720564000,0,0,91720564000,0,0
2018,대구,2716000,대구수성구,일반회계,080,사회복지,082,취약계층지원,41976404000,0,0,41976404000,0,0
2018,대구,2716000,대구수성구,일반회계,080,사회복지,081,기초생활보장,64394662000,0,0,64394662000,0,0
2018,대구,2716000,대구수성구,일반회계,070,환경보호,076,환경보호일반,381779000,0,0,381779000,0,0
2018,대구,2716000,대구수성구,일반회계,070,환경보호,073,대기,102702000,0,0,102702000,0,0
2018,대구,2716000,대구수성구,일반회계,070,환경보호,072,폐기물,18180627000,0,0,18180627000,0,0
2018,대구,2716000,대구수성구,일반회계,070,환경보호,071,상하수도ㆍ수질,66049000,0,0,66049000,0,0
2018,대구,2716000,대구수성구,일반회계,060,문화및관광,065,문화및관광일반,0,0,0,0,0,0
2018,대구,2716000,대구수성구,일반회계,060,문화및관광,064,문화재,333349000,0,0,333349000,0,0
2018,대구,2716000,대구수성구,일반회계,060,문화및관광,063,체육,2627542000,0,0,2627542000,0,0
2018,대구,2716000,대구수성구,일반회계,060,문화및관광,062,관광,1441190000,0,0,1441190000,0,0
2018,대구,2716000,대구수성구,일반회계,060,문화및관광,061,문화예술,12358560000,0,0,12358560000,0,0
2018,대구,2716000,대구수성구,일반회계,050,교육,053,평생ㆍ직업교육,2384313000,0,0,2384313000,0,0
2018,대구,2716000,대구수성구,일반회계,050,교육,051,유아및초중등교육,3047287000,0,0,3047287000,0,0
2018,대구,2716000,대구수성구,일반회계,020,공공질서및안전,025,재난방재ㆍ민방위,2994191000,800390000,0,2994191000,800390000,0
2018,대구,2716000,대구수성구,일반회계,010,일반공공행정,016,일반행정,16160212000,2000000000,0,16160212000,2000000000,0
2018,대구,2716000,대구수성구,일반회계,010,일반공공행정,014,재정ㆍ금융,0,1000000000,0,0,1000000000,0
2018,대구,2716000,대구수성구,일반회계,010,일반공공행정,013,지방행정ㆍ재정지원,1329699000,0,0,1329699000,0,0
2018,대구,2717000,대구달서구,일반회계,010,일반공공행정,011,입법및선거관리,5310627000,0,0,5310627000,0,0
2018,대구,2717000,대구달서구,기타특별회계,900,기타,901,기타,0,0,1589616000,0,0,1589616000
2018,대구,2717000,대구달서구,기타특별회계,120,수송및교통,126,대중교통ㆍ물류등기타,9231573000,0,0,9231573000,0,0
2018,대구,2717000,대구달서구,기타특별회계,080,사회복지,081,기초생활보장,1810929000,100000000,0,1810929000,100000000,0
2018,대구,2717000,대구달서구,기타특별회계,070,환경보호,072,폐기물,0,0,0,0,0,0
2018,대구,2717000,대구달서구,기타특별회계,070,환경보호,071,상하수도ㆍ수질,347500000,0,0,347500000,0,0
2018,대구,2717000,대구달서구,기타특별회계,010,일반공공행정,016,일반행정,20382000,0,0,0,0,0
2018,대구,2717000,대구달서구,일반회계,900,기타,901,기타,0,0,94770473000,11494408000,0,94770473000
2018,대구,2717000,대구달서구,일반회계,160,예비비,161,예비비,6540824000,0,0,6540824000,0,0
2018,대구,2717000,대구달서구,일반회계,140,국토및지역개발,142,지역및도시,18383197000,306320000,0,18383197000,306320000,0
2018,대구,2717000,대구달서구,일반회계,120,수송및교통,126,대중교통ㆍ물류등기타,1480690000,0,0,1480690000,0,0
2018,대구,2717000,대구달서구,일반회계,120,수송및교통,121,도로,4990400000,0,0,4990400000,0,0
2018,대구,2717000,대구달서구,일반회계,110,산업ㆍ중소기업,114,산업진흥ㆍ고도화,4941043000,0,0,4941043000,0,0
2018,대구,2717000,대구달서구,일반회계,100,농림해양수산,102,임업ㆍ산촌,1032254000,0,0,932254000,0,0
2018,대구,2717000,대구달서구,일반회계,100,농림해양수산,101,농업ㆍ농촌,310080000,0,0,310080000,0,0
2018,대구,2717000,대구달서구,일반회계,090,보건,093,식품의약안전,916337000,0,0,916337000,0,0
2018,대구,2717000,대구달서구,일반회계,090,보건,091,보건의료,21529305000,0,0,21529305000,0,0
2018,대구,2717000,대구달서구,일반회계,080,사회복지,089,사회복지일반,60870000,0,0,60870000,0,0
2018,대구,2717000,대구달서구,일반회계,080,사회복지,087,보훈,3375300000,0,0,3375300000,0,0
2018,대구,2717000,대구달서구,일반회계,080,사회복지,086,노동,3922920000,0,0,3922920000,0,0
2018,대구,2717000,대구달서구,일반회계,080,사회복지,085,노인ㆍ청소년,133856966000,0,0,133856966000,0,0
2018,대구,2717000,대구달서구,일반회계,080,사회복지,084,보육ㆍ가족및여성,137655571000,0,0,137655571000,0,0
2018,대구,2717000,대구달서구,일반회계,080,사회복지,082,취약계층지원,52914448000,0,0,52914448000,0,0
2018,대구,2717000,대구달서구,일반회계,080,사회복지,081,기초생활보장,93381437000,0,0,93381437000,0,0
2018,대구,2717000,대구달서구,일반회계,070,환경보호,076,환경보호일반,325590000,0,0,325590000,0,0
2018,대구,2717000,대구달서구,일반회계,070,환경보호,073,대기,65267000,0,0,65267000,0,0
2018,대구,2717000,대구달서구,일반회계,070,환경보호,072,폐기물,21768768000,0,0,21768768000,0,0
2018,대구,2717000,대구달서구,일반회계,070,환경보호,071,상하수도ㆍ수질,1919265000,0,0,1847265000,0,0
2018,대구,2717000,대구달서구,일반회계,060,문화및관광,063,체육,2840579000,0,0,2840579000,0,0
2018,대구,2717000,대구달서구,일반회계,060,문화및관광,061,문화예술,7652516000,0,0,7652516000,0,0
2018,대구,2717000,대구달서구,일반회계,050,교육,053,평생ㆍ직업교육,528360000,0,0,528360000,0,0
2018,대구,2717000,대구달서구,일반회계,050,교육,051,유아및초중등교육,4509149000,0,0,4509149000,0,0
2018,대구,2717000,대구달서구,일반회계,020,공공질서및안전,025,재난방재ㆍ민방위,3722014000,1000000000,0,3722014000,1000000000,0
2018,대구,2717000,대구달서구,일반회계,010,일반공공행정,016,일반행정,18461818000,3706797000,0,18461818000,2271797000,0
2018,대구,2717000,대구달서구,일반회계,010,일반공공행정,013,지방행정ㆍ재정지원,1270815000,0,0,1270815000,0,0
2018,대구,2771000,대구달성군,일반회계,010,일반공공행정,011,입법및선거관리,2493979000,0,0,2493979000,0,0
2018,대구,2771000,대구달성군,기타특별회계,900,기타,901,기타,0,388875000,256550000,0,317275000,256550000
2018,대구,2771000,대구달성군,기타특별회계,140,국토및지역개발,143,산업단지,600000000,0,0,600000000,0,0
2018,대구,2771000,대구달성군,기타특별회계,140,국토및지역개발,142,지역및도시,113000000,0,0,113000000,0,0
2018,대구,2771000,대구달성군,기타특별회계,140,국토및지역개발,141,수자원,6237450000,0,0,6237450000,0,0
2018,대구,2771000,대구달성군,기타특별회계,080,사회복지,082,취약계층지원,508848000,0,0,508848000,0,0
2018,대구,2771000,대구달성군,기타특별회계,070,환경보호,072,폐기물,2895277000,0,0,2895277000,0,0
2018,대구,2771000,대구달성군,일반회계,900,기타,901,기타,0,1351953000,75484574000,31266283000,1321953000,75484574000
2018,대구,2771000,대구달성군,일반회계,160,예비비,161,예비비,29881789000,0,0,29881789000,0,0
2018,대구,2771000,대구달성군,일반회계,140,국토및지역개발,143,산업단지,480000000,0,0,480000000,0,0
2018,대구,2771000,대구달성군,일반회계,140,국토및지역개발,142,지역및도시,30376816000,0,0,30376816000,0,0
2018,대구,2771000,대구달성군,일반회계,140,국토및지역개발,141,수자원,18511386000,0,0,18511386000,0,0
2018,대구,2771000,대구달성군,일반회계,120,수송및교통,126,대중교통ㆍ물류등기타,20784087000,0,0,20784087000,0,0
2018,대구,2771000,대구달성군,일반회계,120,수송및교통,121,도로,92711012000,0,0,92711012000,0,0
2018,대구,2771000,대구달성군,일반회계,110,산업ㆍ중소기업,116,산업ㆍ중소기업일반,343806000,0,0,343806000,0,0
2018,대구,2771000,대구달성군,일반회계,110,산업ㆍ중소기업,115,에너지및자원개발,517594000,0,0,517594000,0,0
2018,대구,2771000,대구달성군,일반회계,110,산업ㆍ중소기업,114,산업진흥ㆍ고도화,258379000,0,0,258379000,0,0
2018,대구,2771000,대구달성군,일반회계,110,산업ㆍ중소기업,113,무역및투자유치,112700000,0,0,112700000,0,0
2018,대구,2771000,대구달성군,일반회계,100,농림해양수산,102,임업ㆍ산촌,8651172000,0,0,8651172000,0,0
2018,대구,2771000,대구달성군,일반회계,100,농림해양수산,101,농업ㆍ농촌,31672076000,0,0,31672076000,0,0
2018,대구,2771000,대구달성군,일반회계,090,보건,093,식품의약안전,572123000,0,0,572123000,0,0
2018,대구,2771000,대구달성군,일반회계,090,보건,091,보건의료,20080963000,0,0,20080963000,0,0
2018,대구,2771000,대구달성군,일반회계,080,사회복지,087,보훈,2207194000,0,0,2207194000,0,0
2018,대구,2771000,대구달성군,일반회계,080,사회복지,086,노동,2805065000,0,0,2805065000,0,0
2018,대구,2771000,대구달성군,일반회계,080,사회복지,085,노인ㆍ청소년,66646780000,0,0,66646780000,0,0
2018,대구,2771000,대구달성군,일반회계,080,사회복지,084,보육ㆍ가족및여성,69255735000,0,0,69255735000,0,0
2018,대구,2771000,대구달성군,일반회계,080,사회복지,082,취약계층지원,37410464000,0,0,37410464000,0,0
2018,대구,2771000,대구달성군,일반회계,080,사회복지,081,기초생활보장,32169471000,0,0,32169471000,0,0
2018,대구,2771000,대구달성군,일반회계,070,환경보호,074,자연,524201000,0,0,524201000,0,0
2018,대구,2771000,대구달성군,일반회계,070,환경보호,073,대기,576775000,0,0,576775000,0,0
2018,대구,2771000,대구달성군,일반회계,070,환경보호,072,폐기물,14653093000,0,0,14653093000,0,0
2018,대구,2771000,대구달성군,일반회계,070,환경보호,071,상하수도ㆍ수질,1366897000,0,0,1366897000,0,0
2018,대구,2771000,대구달성군,일반회계,060,문화및관광,065,문화및관광일반,7654172000,0,0,7654172000,0,0
2018,대구,2771000,대구달성군,일반회계,060,문화및관광,064,문화재,2414089000,0,0,2414089000,0,0
2018,대구,2771000,대구달성군,일반회계,060,문화및관광,063,체육,7916259000,0,0,7916259000,0,0
2018,대구,2771000,대구달성군,일반회계,060,문화및관광,062,관광,4257728000,0,0,4257728000,0,0
2018,대구,2771000,대구달성군,일반회계,060,문화및관광,061,문화예술,7110807000,0,0,7110807000,0,0
2018,대구,2771000,대구달성군,일반회계,050,교육,053,평생ㆍ직업교육,3180826000,0,0,3180826000,0,0
2018,대구,2771000,대구달성군,일반회계,050,교육,051,유아및초중등교육,3869240000,0,0,3869240000,0,0
2018,대구,2771000,대구달성군,일반회계,020,공공질서및안전,025,재난방재ㆍ민방위,11186141000,0,0,11186141000,0,0
2018,대구,2771000,대구달성군,일반회계,010,일반공공행정,016,일반행정,24900206000,0,0,24900206000,0,0
2018,대구,2771000,대구달성군,일반회계,010,일반공공행정,013,지방행정ㆍ재정지원,15610448000,0,0,15610448000,0,0
2017,대구,2700000,대구본청,일반회계,010,일반공공행정,011,입법및선거관리,4173714000,0,0,4173714000,0,0
2017,대구,2700000,대구본청,공기업특별회계,900,기타,901,기타,0,0,358835113000,0,0,357992678000
2017,대구,2700000,대구본청,공기업특별회계,070,환경보호,071,상하수도ㆍ수질,182793759000,9271128000,0,178948407000,9271128000,0
2017,대구,2700000,대구본청,공기업특별회계,010,일반공공행정,014,재정ㆍ금융,0,0,0,0,0,0
2017,대구,2700000,대구본청,기타특별회계,900,기타,901,기타,0,0,182400014000,7016000,0,182400014000
2017,대구,2700000,대구본청,기타특별회계,140,국토및지역개발,143,산업단지,34352373000,0,0,34352373000,0,0
2017,대구,2700000,대구본청,기타특별회계,140,국토및지역개발,142,지역및도시,19985900000,800000000,0,19985900000,800000000,0
2017,대구,2700000,대구본청,기타특별회계,120,수송및교통,126,대중교통ㆍ물류등기타,136075227000,70110000,0,129114227000,70110000,0
2017,대구,2700000,대구본청,기타특별회계,120,수송및교통,123,도시철도,197416921000,0,0,197416921000,0,0
2017,대구,2700000,대구본청,기타특별회계,120,수송및교통,121,도로,6029890000,0,0,6029890000,0,0
2017,대구,2700000,대구본청,기타특별회계,110,산업ㆍ중소기업,114,산업진흥ㆍ고도화,1001600000,0,0,1001600000,0,0
2017,대구,2700000,대구본청,기타특별회계,110,산업ㆍ중소기업,111,산업금융지원,65955332000,0,0,65955332000,0,0
2017,대구,2700000,대구본청,기타특별회계,080,사회복지,081,기초생활보장,400459028000,0,0,395050088000,0,0
2017,대구,2700000,대구본청,기타특별회계,070,환경보호,071,상하수도ㆍ수질,3100000000,0,0,3035589000,0,0
2017,대구,2700000,대구본청,기타특별회계,020,공공질서및안전,026,소방,54562563000,0,0,54562563000,0,0
2017,대구,2700000,대구본청,기타특별회계,010,일반공공행정,014,재정ㆍ금융,0,104952169000,0,0,104952169000,0
2017,대구,2700000,대구본청,기타특별회계,010,일반공공행정,013,지방행정ㆍ재정지원,4638873000,0,0,0,0,0
2017,대구,2700000,대구본청,일반회계,900,기타,901,기타,0,0,271361206000,6544845000,0,271361206000
2017,대구,2700000,대구본청,일반회계,160,예비비,161,예비비,46146972000,0,0,46146972000,0,0
2017,대구,2700000,대구본청,일반회계,150,과학기술,152,과학기술연구지원,50407000000,0,0,50407000000,0,0
2017,대구,2700000,대구본청,일반회계,140,국토및지역개발,143,산업단지,1441600000,0,0,1441600000,0,0
2017,대구,2700000,대구본청,일반회계,140,국토및지역개발,142,지역및도시,127483270000,10623389000,0,80555730000,10623389000,0
2017,대구,2700000,대구본청,일반회계,140,국토및지역개발,141,수자원,4091537000,0,0,4091537000,0,0
2017,대구,2700000,대구본청,일반회계,120,수송및교통,126,대중교통ㆍ물류등기타,151640670000,300558062000,0,151553670000,2470212000,0
2017,대구,2700000,대구본청,일반회계,120,수송및교통,125,항공ㆍ공항,3284600000,0,0,1884600000,0,0
2017,대구,2700000,대구본청,일반회계,120,수송및교통,121,도로,128539114000,0,0,127513714000,0,0
2017,대구,2700000,대구본청,일반회계,110,산업ㆍ중소기업,116,산업ㆍ중소기업일반,0,1013275000,0,0,1013275000,0
2017,대구,2700000,대구본청,일반회계,110,산업ㆍ중소기업,115,에너지및자원개발,13209080000,0,0,12564308000,0,0
2017,대구,2700000,대구본청,일반회계,110,산업ㆍ중소기업,114,산업진흥ㆍ고도화,93286347000,3795402000,0,84186527000,3795402000,0
2017,대구,2700000,대구본청,일반회계,110,산업ㆍ중소기업,113,무역및투자유치,29656406000,662175000,0,28156406000,662175000,0
2017,대구,2700000,대구본청,일반회계,110,산업ㆍ중소기업,112,산업기술지원,66286800000,0,0,65346800000,0,0
2017,대구,2700000,대구본청,일반회계,110,산업ㆍ중소기업,111,산업금융지원,9069750000,0,0,9069750000,0,0
2017,대구,2700000,대구본청,일반회계,100,농림해양수산,102,임업ㆍ산촌,23820882000,0,0,15010791000,0,0
2017,대구,2700000,대구본청,일반회계,100,농림해양수산,101,농업ㆍ농촌,32550954000,0,0,15882119000,0,0
2017,대구,2700000,대구본청,일반회계,090,보건,093,식품의약안전,4867102000,0,0,2029747000,0,0
2017,대구,2700000,대구본청,일반회계,090,보건,091,보건의료,91805926000,80034303000,0,25245468000,0,0
2017,대구,2700000,대구본청,일반회계,080,사회복지,087,보훈,11978752000,0,0,2445752000,0,0
2017,대구,2700000,대구본청,일반회계,080,사회복지,086,노동,39490092000,0,0,21094520000,0,0
2017,대구,2700000,대구본청,일반회계,080,사회복지,085,노인ㆍ청소년,605628377000,0,0,68605574000,0,0
2017,대구,2700000,대구본청,일반회계,080,사회복지,084,보육ㆍ가족및여성,509616293000,100000000,0,16126065000,100000000,0
2017,대구,2700000,대구본청,일반회계,080,사회복지,082,취약계층지원,268045921000,0,0,35921319000,0,0
2017,대구,2700000,대구본청,일반회계,080,사회복지,081,기초생활보장,398195700000,0,0,4829106000,0,0
2017,대구,2700000,대구본청,일반회계,070,환경보호,076,환경보호일반,5773150000,18853281000,0,5307350000,55680000,0
2017,대구,2700000,대구본청,일반회계,070,환경보호,074,자연,15041000000,0,0,12776000000,0,0
2017,대구,2700000,대구본청,일반회계,070,환경보호,073,대기,9112778000,0,0,6772278000,0,0
2017,대구,2700000,대구본청,일반회계,070,환경보호,072,폐기물,45604795000,0,0,39509795000,0,0
2017,대구,2700000,대구본청,일반회계,070,환경보호,071,상하수도ㆍ수질,6889400000,48240000,0,6554517000,48240000,0
2017,대구,2700000,대구본청,일반회계,060,문화및관광,064,문화재,6408163000,0,0,955150000,0,0
2017,대구,2700000,대구본청,일반회계,060,문화및관광,063,체육,83922915000,4152209000,0,77124366000,4152209000,0
2017,대구,2700000,대구본청,일반회계,060,문화및관광,062,관광,22847300000,0,0,21797300000,0,0
2017,대구,2700000,대구본청,일반회계,060,문화및관광,061,문화예술,108230788000,329760000,0,103409588000,329760000,0
2017,대구,2700000,대구본청,일반회계,050,교육,053,평생ㆍ직업교육,1144540000,0,0,894540000,0,0
2017,대구,2700000,대구본청,일반회계,050,교육,051,유아및초중등교육,522022412000,0,0,509982732000,0,0
2017,대구,2700000,대구본청,일반회계,020,공공질서및안전,025,재난방재ㆍ민방위,52315522000,31142869000,0,20520244000,31142869000,0
2017,대구,2700000,대구본청,일반회계,010,일반공공행정,016,일반행정,67639278000,11000000000,0,65048439000,11000000000,0
2017,대구,2700000,대구본청,일반회계,010,일반공공행정,014,재정ㆍ금융,0,376458260000,0,0,148998260000,0
2017,대구,2700000,대구본청,일반회계,010,일반공공행정,013,지방행정ㆍ재정지원,551298669000,0,0,1899150000,0,0
2017,대구,2711000,대구중구,일반회계,010,일반공공행정,011,입법및선거관리,565045000,0,0,565045000,0,0
2017,대구,2711000,대구중구,기타특별회계,080,사회복지,082,취약계층지원,62334000,0,0,62334000,0,0
2017,대구,2711000,대구중구,기타특별회계,080,사회복지,081,기초생활보장,287481000,1399185000,0,287481000,1396685000,0
2017,대구,2711000,대구중구,기타특별회계,070,환경보호,071,상하수도ㆍ수질,88000000,0,0,88000000,0,0
2017,대구,2711000,대구중구,일반회계,900,기타,901,기타,0,0,53900910000,5000000000,0,53900910000
2017,대구,2711000,대구중구,일반회계,160,예비비,161,예비비,4570707000,0,0,4570707000,0,0
2017,대구,2711000,대구중구,일반회계,140,국토및지역개발,142,지역및도시,9246397000,0,0,9246397000,0,0
2017,대구,2711000,대구중구,일반회계,120,수송및교통,126,대중교통ㆍ물류등기타,2443875000,215500000,0,2443875000,215500000,0
2017,대구,2711000,대구중구,일반회계,120,수송및교통,121,도로,4545745000,0,0,4545745000,0,0
2017,대구,2711000,대구중구,일반회계,110,산업ㆍ중소기업,115,에너지및자원개발,39805000,0,0,39805000,0,0
2017,대구,2711000,대구중구,일반회계,110,산업ㆍ중소기업,114,산업진흥ㆍ고도화,4394272000,8200000,0,4394272000,8200000,0
2017,대구,2711000,대구중구,일반회계,100,농림해양수산,101,농업ㆍ농촌,94384000,0,0,94384000,0,0
2017,대구,2711000,대구중구,일반회계,090,보건,093,식품의약안전,272072000,0,0,272072000,0,0
2017,대구,2711000,대구중구,일반회계,090,보건,091,보건의료,7172763000,0,0,7172763000,0,0
2017,대구,2711000,대구중구,일반회계,080,사회복지,088,주택,3536784000,0,0,3536784000,0,0
2017,대구,2711000,대구중구,일반회계,080,사회복지,087,보훈,540750000,0,0,540750000,0,0
2017,대구,2711000,대구중구,일반회계,080,사회복지,086,노동,2586888000,0,0,2586888000,0,0
2017,대구,2711000,대구중구,일반회계,080,사회복지,085,노인ㆍ청소년,31501360000,134505000,0,31501360000,101850000,0
2017,대구,2711000,대구중구,일반회계,080,사회복지,084,보육ㆍ가족및여성,15217746000,0,0,15217746000,0,0
2017,대구,2711000,대구중구,일반회계,080,사회복지,082,취약계층지원,14046905000,0,0,14046905000,0,0
2017,대구,2711000,대구중구,일반회계,080,사회복지,081,기초생활보장,14820378000,0,0,14820378000,0,0
2017,대구,2711000,대구중구,일반회계,070,환경보호,076,환경보호일반,0,0,0,0,0,0
2017,대구,2711000,대구중구,일반회계,070,환경보호,073,대기,238061000,0,0,238061000,0,0
2017,대구,2711000,대구중구,일반회계,070,환경보호,072,폐기물,10213429000,0,0,10213429000,0,0
2017,대구,2711000,대구중구,일반회계,070,환경보호,071,상하수도ㆍ수질,49963000,0,0,49963000,0,0
2017,대구,2711000,대구중구,일반회계,060,문화및관광,064,문화재,631308000,0,0,631308000,0,0
2017,대구,2711000,대구중구,일반회계,060,문화및관광,063,체육,859746000,0,0,859746000,0,0
2017,대구,2711000,대구중구,일반회계,060,문화및관광,062,관광,1793456000,0,0,1783456000,0,0
2017,대구,2711000,대구중구,일반회계,060,문화및관광,061,문화예술,3495338000,2200000,0,3495338000,2200000,0
2017,대구,2711000,대구중구,일반회계,050,교육,053,평생ㆍ직업교육,115512000,0,0,115512000,0,0
2017,대구,2711000,대구중구,일반회계,050,교육,051,유아및초중등교육,328814000,0,0,328814000,0,0
2017,대구,2711000,대구중구,일반회계,020,공공질서및안전,025,재난방재ㆍ민방위,364052000,303706000,0,364052000,303706000,0
2017,대구,2711000,대구중구,일반회계,010,일반공공행정,016,일반행정,9704627000,0,0,9704627000,0,0
2017,대구,2711000,대구중구,일반회계,010,일반공공행정,014,재정ㆍ금융,0,1010000000,0,0,505000000,0
2017,대구,2711000,대구중구,일반회계,010,일반공공행정,013,지방행정ㆍ재정지원,434797000,0,0,434797000,0,0
2017,대구,2712000,대구동구,일반회계,010,일반공공행정,011,입법및선거관리,989168000,0,0,989168000,0,0
2017,대구,2712000,대구동구,기타특별회계,900,기타,901,기타,0,0,928305000,0,0,928305000
2017,대구,2712000,대구동구,기타특별회계,140,국토및지역개발,142,지역및도시,0,35000000,0,0,35000000,0
2017,대구,2712000,대구동구,기타특별회계,120,수송및교통,126,대중교통ㆍ물류등기타,2344495000,0,0,2344495000,0,0
2017,대구,2712000,대구동구,기타특별회계,110,산업ㆍ중소기업,115,에너지및자원개발,218000000,0,0,218000000,0,0
2017,대구,2712000,대구동구,기타특별회계,080,사회복지,081,기초생활보장,1148200000,387000000,0,1148200000,311711000,0
2017,대구,2712000,대구동구,기타특별회계,070,환경보호,076,환경보호일반,124000000,0,0,124000000,0,0
2017,대구,2712000,대구동구,기타특별회계,070,환경보호,072,폐기물,0,2815000000,0,0,2815000000,0
2017,대구,2712000,대구동구,일반회계,900,기타,901,기타,0,0,83999129000,20737746000,0,83999129000
2017,대구,2712000,대구동구,일반회계,160,예비비,161,예비비,4600441000,0,0,4600441000,0,0
2017,대구,2712000,대구동구,일반회계,140,국토및지역개발,142,지역및도시,14134205000,202528000,0,14134205000,202528000,0
2017,대구,2712000,대구동구,일반회계,140,국토및지역개발,141,수자원,5297932000,0,0,5297932000,0,0
2017,대구,2712000,대구동구,일반회계,120,수송및교통,126,대중교통ㆍ물류등기타,305928000,0,0,305928000,0,0
2017,대구,2712000,대구동구,일반회계,120,수송및교통,121,도로,7226932000,0,0,7226932000,0,0
2017,대구,2712000,대구동구,일반회계,110,산업ㆍ중소기업,114,산업진흥ㆍ고도화,874826000,0,0,874826000,0,0
2017,대구,2712000,대구동구,일반회계,100,농림해양수산,101,농업ㆍ농촌,3489813000,0,0,3489813000,0,0
2017,대구,2712000,대구동구,일반회계,090,보건,093,식품의약안전,680851000,0,0,680851000,0,0
2017,대구,2712000,대구동구,일반회계,090,보건,091,보건의료,14347479000,0,0,14347479000,0,0
2017,대구,2712000,대구동구,일반회계,080,사회복지,089,사회복지일반,11751773000,0,0,11751773000,0,0
2017,대구,2712000,대구동구,일반회계,080,사회복지,086,노동,2954687000,0,0,2954687000,0,0
2017,대구,2712000,대구동구,일반회계,080,사회복지,085,노인ㆍ청소년,113808145000,0,0,113808145000,0,0
2017,대구,2712000,대구동구,일반회계,080,사회복지,084,보육ㆍ가족및여성,70763071000,0,0,70763071000,0,0
2017,대구,2712000,대구동구,일반회계,080,사회복지,082,취약계층지원,39579761000,0,0,39579761000,0,0
2017,대구,2712000,대구동구,일반회계,080,사회복지,081,기초생활보장,61980936000,30329000,0,61980936000,28139000,0
2017,대구,2712000,대구동구,일반회계,070,환경보호,076,환경보호일반,949453000,0,0,949453000,0,0
2017,대구,2712000,대구동구,일반회계,070,환경보호,072,폐기물,12803057000,0,0,12803057000,0,0
2017,대구,2712000,대구동구,일반회계,060,문화및관광,065,문화및관광일반,0,0,0,0,0,0
2017,대구,2712000,대구동구,일반회계,060,문화및관광,064,문화재,2547284000,0,0,2547284000,0,0
2017,대구,2712000,대구동구,일반회계,060,문화및관광,063,체육,2919323000,0,0,2919323000,0,0
2017,대구,2712000,대구동구,일반회계,060,문화및관광,061,문화예술,4506939000,0,0,4506939000,0,0
2017,대구,2712000,대구동구,일반회계,050,교육,053,평생ㆍ직업교육,3086512000,0,0,3086512000,0,0
2017,대구,2712000,대구동구,일반회계,020,공공질서및안전,025,재난방재ㆍ민방위,3252713000,530000000,0,3252713000,530000000,0
2017,대구,2712000,대구동구,일반회계,010,일반공공행정,016,일반행정,13043801000,1121800000,0,13043801000,1071800000,0
2017,대구,2712000,대구동구,일반회계,010,일반공공행정,013,지방행정ㆍ재정지원,921184000,0,0,921184000,0,0
2017,대구,2713000,대구서구,일반회계,010,일반공공행정,011,입법및선거관리,719812000,0,0,719812000,0,0
2017,대구,2713000,대구서구,기타특별회계,900,기타,901,기타,0,0,129761000,0,0,129761000
2017,대구,2713000,대구서구,기타특별회계,140,국토및지역개발,142,지역및도시,4000000000,0,0,4000000000,0,0
2017,대구,2713000,대구서구,기타특별회계,080,사회복지,082,취약계층지원,470239000,0,0,470239000,0,0
2017,대구,2713000,대구서구,기타특별회계,080,사회복지,081,기초생활보장,0,0,0,0,0,0
2017,대구,2713000,대구서구,기타특별회계,070,환경보호,071,상하수도ㆍ수질,100000000,0,0,100000000,0,0
2017,대구,2713000,대구서구,일반회계,900,기타,901,기타,0,0,61890886000,8000000000,0,61890886000
2017,대구,2713000,대구서구,일반회계,160,예비비,161,예비비,3339400000,0,0,3339400000,0,0
2017,대구,2713000,대구서구,일반회계,140,국토및지역개발,142,지역및도시,7539276000,0,0,7539276000,0,0
2017,대구,2713000,대구서구,일반회계,120,수송및교통,126,대중교통ㆍ물류등기타,1358097000,0,0,1358097000,0,0
2017,대구,2713000,대구서구,일반회계,120,수송및교통,121,도로,2452597000,0,0,2452597000,0,0
2017,대구,2713000,대구서구,일반회계,110,산업ㆍ중소기업,115,에너지및자원개발,185552000,0,0,185552000,0,0
2017,대구,2713000,대구서구,일반회계,110,산업ㆍ중소기업,114,산업진흥ㆍ고도화,1031100000,0,0,1031100000,0,0
2017,대구,2713000,대구서구,일반회계,100,농림해양수산,102,임업ㆍ산촌,320295000,0,0,290295000,0,0
2017,대구,2713000,대구서구,일반회계,100,농림해양수산,101,농업ㆍ농촌,168087000,0,0,168087000,0,0
2017,대구,2713000,대구서구,일반회계,090,보건,093,식품의약안전,391190000,0,0,391190000,0,0
2017,대구,2713000,대구서구,일반회계,090,보건,091,보건의료,10130756000,0,0,10130756000,0,0
2017,대구,2713000,대구서구,일반회계,080,사회복지,089,사회복지일반,0,0,0,0,0,0
2017,대구,2713000,대구서구,일반회계,080,사회복지,086,노동,2105733000,0,0,2105733000,0,0
2017,대구,2713000,대구서구,일반회계,080,사회복지,085,노인ㆍ청소년,71141541000,20000000,0,71141541000,20000000,0
2017,대구,2713000,대구서구,일반회계,080,사회복지,084,보육ㆍ가족및여성,2254091000,0,0,2254091000,0,0
2017,대구,2713000,대구서구,일반회계,080,사회복지,082,취약계층지원,59302620000,0,0,59302620000,0,0
2017,대구,2713000,대구서구,일반회계,080,사회복지,081,기초생활보장,40611516000,0,0,40611516000,0,0
2017,대구,2713000,대구서구,일반회계,070,환경보호,076,환경보호일반,140844000,0,0,140844000,0,0
2017,대구,2713000,대구서구,일반회계,070,환경보호,073,대기,147292000,0,0,147292000,0,0
2017,대구,2713000,대구서구,일반회계,070,환경보호,072,폐기물,7422432000,0,0,7422432000,0,0
2017,대구,2713000,대구서구,일반회계,070,환경보호,071,상하수도ㆍ수질,146570000,0,0,146570000,0,0
2017,대구,2713000,대구서구,일반회계,060,문화및관광,063,체육,2111137000,0,0,2111137000,0,0
2017,대구,2713000,대구서구,일반회계,060,문화및관광,061,문화예술,2677785000,0,0,2677785000,0,0
2017,대구,2713000,대구서구,일반회계,050,교육,053,평생ㆍ직업교육,125367000,0,0,125367000,0,0
2017,대구,2713000,대구서구,일반회계,050,교육,051,유아및초중등교육,1711225000,0,0,1711225000,0,0
2017,대구,2713000,대구서구,일반회계,020,공공질서및안전,025,재난방재ㆍ민방위,411572000,268650000,0,411572000,268650000,0
2017,대구,2713000,대구서구,일반회계,010,일반공공행정,016,일반행정,8417372000,0,0,8417372000,0,0
2017,대구,2713000,대구서구,일반회계,010,일반공공행정,014,재정ㆍ금융,0,2700000000,0,0,1200000000,0
2017,대구,2713000,대구서구,일반회계,010,일반공공행정,013,지방행정ㆍ재정지원,357205000,0,0,357205000,0,0
2017,대구,2714000,대구남구,일반회계,010,일반공공행정,011,입법및선거관리,625809000,0,0,625809000,0,0
2017,대구,2714000,대구남구,기타특별회계,900,기타,901,기타,0,0,732230000,0,0,732230000
2017,대구,2714000,대구남구,기타특별회계,160,예비비,161,예비비,0,0,0,0,0,0
2017,대구,2714000,대구남구,기타특별회계,140,국토및지역개발,142,지역및도시,0,0,0,0,0,0
2017,대구,2714000,대구남구,기타특별회계,120,수송및교통,126,대중교통ㆍ물류등기타,2525890000,0,0,2525890000,0,0
2017,대구,2714000,대구남구,기타특별회계,080,사회복지,082,취약계층지원,70000000,0,0,70000000,0,0
2017,대구,2714000,대구남구,기타특별회계,080,사회복지,081,기초생활보장,381880000,146902000,0,381880000,122303000,0
2017,대구,2714000,대구남구,기타특별회계,070,환경보호,071,상하수도ㆍ수질,150400000,0,0,150400000,0,0
2017,대구,2714000,대구남구,일반회계,900,기타,901,기타,0,0,54288729000,10000000000,0,54288729000
2017,대구,2714000,대구남구,일반회계,160,예비비,161,예비비,3128892000,0,0,3128892000,0,0
2017,대구,2714000,대구남구,일반회계,140,국토및지역개발,142,지역및도시,10098223000,0,0,10048223000,0,0
2017,대구,2714000,대구남구,일반회계,120,수송및교통,126,대중교통ㆍ물류등기타,476528000,1100000000,0,476528000,0,0
2017,대구,2714000,대구남구,일반회계,120,수송및교통,121,도로,3423483000,0,0,3423483000,0,0
2017,대구,2714000,대구남구,일반회계,110,산업ㆍ중소기업,115,에너지및자원개발,120347000,0,0,120347000,0,0
2017,대구,2714000,대구남구,일반회계,110,산업ㆍ중소기업,114,산업진흥ㆍ고도화,853404000,0,0,853404000,0,0
2017,대구,2714000,대구남구,일반회계,100,농림해양수산,102,임업ㆍ산촌,0,0,0,0,0,0
2017,대구,2714000,대구남구,일반회계,100,농림해양수산,101,농업ㆍ농촌,127939000,0,0,127939000,0,0
2017,대구,2714000,대구남구,일반회계,090,보건,093,식품의약안전,463739000,0,0,463739000,0,0
2017,대구,2714000,대구남구,일반회계,090,보건,091,보건의료,7576622000,0,0,7576622000,0,0
2017,대구,2714000,대구남구,일반회계,080,사회복지,087,보훈,973400000,0,0,973400000,0,0
2017,대구,2714000,대구남구,일반회계,080,사회복지,086,노동,1994933000,0,0,1994933000,0,0
2017,대구,2714000,대구남구,일반회계,080,사회복지,085,노인ㆍ청소년,54698449000,0,0,54698449000,0,0
2017,대구,2714000,대구남구,일반회계,080,사회복지,084,보육ㆍ가족및여성,30074093000,0,0,30074093000,0,0
2017,대구,2714000,대구남구,일반회계,080,사회복지,082,취약계층지원,33520873000,0,0,33520873000,0,0
2017,대구,2714000,대구남구,일반회계,080,사회복지,081,기초생활보장,43797357000,0,0,43797357000,0,0
2017,대구,2714000,대구남구,일반회계,070,환경보호,076,환경보호일반,57381000,0,0,57381000,0,0
2017,대구,2714000,대구남구,일반회계,070,환경보호,073,대기,216842000,0,0,216842000,0,0
2017,대구,2714000,대구남구,일반회계,070,환경보호,072,폐기물,5914506000,0,0,5914506000,0,0
2017,대구,2714000,대구남구,일반회계,070,환경보호,071,상하수도ㆍ수질,250115000,0,0,250115000,0,0
2017,대구,2714000,대구남구,일반회계,060,문화및관광,064,문화재,108280000,0,0,108280000,0,0
2017,대구,2714000,대구남구,일반회계,060,문화및관광,063,체육,1603861000,0,0,1603861000,0,0
2017,대구,2714000,대구남구,일반회계,060,문화및관광,061,문화예술,2196746000,0,0,2196746000,0,0
2017,대구,2714000,대구남구,일반회계,050,교육,053,평생ㆍ직업교육,318136000,0,0,318136000,0,0
2017,대구,2714000,대구남구,일반회계,050,교육,052,고등교육,3321382000,0,0,3321382000,0,0
2017,대구,2714000,대구남구,일반회계,050,교육,051,유아및초중등교육,1300020000,0,0,1300020000,0,0
2017,대구,2714000,대구남구,일반회계,020,공공질서및안전,025,재난방재ㆍ민방위,569571000,163305000,0,569571000,163305000,0
2017,대구,2714000,대구남구,일반회계,010,일반공공행정,016,일반행정,12400589000,4040000000,0,12400589000,2020000000,0
2017,대구,2714000,대구남구,일반회계,010,일반공공행정,013,지방행정ㆍ재정지원,696446000,0,0,696446000,0,0
2017,대구,2715000,대구북구,일반회계,010,일반공공행정,011,입법및선거관리,1478425000,0,0,1478425000,0,0
2017,대구,2715000,대구북구,기타특별회계,900,기타,901,기타,0,0,895657000,0,0,895657000
2017,대구,2715000,대구북구,기타특별회계,140,국토및지역개발,142,지역및도시,0,34000000,0,0,34000000,0
2017,대구,2715000,대구북구,기타특별회계,120,수송및교통,126,대중교통ㆍ물류등기타,2424971000,4000000,0,2424971000,4000000,0
2017,대구,2715000,대구북구,기타특별회계,080,사회복지,081,기초생활보장,802744000,554000000,0,802744000,523289000,0
2017,대구,2715000,대구북구,기타특별회계,070,환경보호,072,폐기물,3950000000,0,0,3950000000,0,0
2017,대구,2715000,대구북구,기타특별회계,070,환경보호,071,상하수도ㆍ수질,439000000,0,0,439000000,0,0
2017,대구,2715000,대구북구,기타특별회계,010,일반공공행정,013,지방행정ㆍ재정지원,95628000,0,0,95628000,0,0
2017,대구,2715000,대구북구,일반회계,900,기타,901,기타,0,0,86192316000,22127075000,0,86192316000
2017,대구,2715000,대구북구,일반회계,160,예비비,161,예비비,5970656000,0,0,5970656000,0,0
2017,대구,2715000,대구북구,일반회계,140,국토및지역개발,142,지역및도시,13078912000,3000000,0,13078912000,3000000,0
2017,대구,2715000,대구북구,일반회계,140,국토및지역개발,141,수자원,3457780000,0,0,3457780000,0,0
2017,대구,2715000,대구북구,일반회계,120,수송및교통,126,대중교통ㆍ물류등기타,697465000,0,0,697465000,0,0
2017,대구,2715000,대구북구,일반회계,120,수송및교통,121,도로,5397256000,0,0,5397256000,0,0
2017,대구,2715000,대구북구,일반회계,110,산업ㆍ중소기업,116,산업ㆍ중소기업일반,1687790000,0,0,1687790000,0,0
2017,대구,2715000,대구북구,일반회계,100,농림해양수산,102,임업ㆍ산촌,1586109000,0,0,1416109000,0,0
2017,대구,2715000,대구북구,일반회계,100,농림해양수산,101,농업ㆍ농촌,2077316000,0,0,2077316000,0,0
2017,대구,2715000,대구북구,일반회계,090,보건,093,식품의약안전,731994000,0,0,731994000,0,0
2017,대구,2715000,대구북구,일반회계,090,보건,091,보건의료,15625959000,0,0,15625959000,0,0
2017,대구,2715000,대구북구,일반회계,080,사회복지,087,보훈,1570450000,0,0,1570450000,0,0
2017,대구,2715000,대구북구,일반회계,080,사회복지,086,노동,3524949000,0,0,3524949000,0,0
2017,대구,2715000,대구북구,일반회계,080,사회복지,085,노인ㆍ청소년,97515303000,0,0,97515303000,0,0
2017,대구,2715000,대구북구,일반회계,080,사회복지,084,보육ㆍ가족및여성,100815962000,0,0,100815962000,0,0
2017,대구,2715000,대구북구,일반회계,080,사회복지,082,취약계층지원,35608873000,0,0,35608873000,0,0
2017,대구,2715000,대구북구,일반회계,080,사회복지,081,기초생활보장,56240592000,0,0,56240592000,0,0
2017,대구,2715000,대구북구,일반회계,070,환경보호,076,환경보호일반,320625000,0,0,320625000,0,0
2017,대구,2715000,대구북구,일반회계,070,환경보호,073,대기,116189000,0,0,116189000,0,0
2017,대구,2715000,대구북구,일반회계,070,환경보호,072,폐기물,12804559000,503000000,0,12804559000,3000000,0
2017,대구,2715000,대구북구,일반회계,070,환경보호,071,상하수도ㆍ수질,51179000,0,0,51179000,0,0
2017,대구,2715000,대구북구,일반회계,060,문화및관광,064,문화재,280760000,0,0,280760000,0,0
2017,대구,2715000,대구북구,일반회계,060,문화및관광,063,체육,3635875000,0,0,3635875000,0,0
2017,대구,2715000,대구북구,일반회계,060,문화및관광,062,관광,333500000,0,0,333500000,0,0
2017,대구,2715000,대구북구,일반회계,060,문화및관광,061,문화예술,3868778000,0,0,3868778000,0,0
2017,대구,2715000,대구북구,일반회계,050,교육,053,평생ㆍ직업교육,205870000,0,0,205870000,0,0
2017,대구,2715000,대구북구,일반회계,050,교육,051,유아및초중등교육,1775180000,0,0,1775180000,0,0
2017,대구,2715000,대구북구,일반회계,020,공공질서및안전,025,재난방재ㆍ민방위,657452000,618436000,0,657452000,618436000,0
2017,대구,2715000,대구북구,일반회계,010,일반공공행정,016,일반행정,13577550000,3469000000,0,13577550000,2469000000,0
2017,대구,2715000,대구북구,일반회계,010,일반공공행정,013,지방행정ㆍ재정지원,820940000,0,0,820940000,0,0
2017,대구,2716000,대구수성구,일반회계,010,일반공공행정,011,입법및선거관리,1614072000,0,0,1614072000,0,0
2017,대구,2716000,대구수성구,기타특별회계,900,기타,901,기타,0,0,983221000,0,0,983221000
2017,대구,2716000,대구수성구,기타특별회계,160,예비비,161,예비비,0,0,0,0,0,0
2017,대구,2716000,대구수성구,기타특별회계,140,국토및지역개발,142,지역및도시,0,97000000,0,0,97000000,0
2017,대구,2716000,대구수성구,기타특별회계,140,국토및지역개발,141,수자원,338000000,0,0,338000000,0,0
2017,대구,2716000,대구수성구,기타특별회계,120,수송및교통,126,대중교통ㆍ물류등기타,3129679000,5350000000,0,3129679000,5350000000,0
2017,대구,2716000,대구수성구,기타특별회계,080,사회복지,082,취약계층지원,588100000,0,0,588100000,0,0
2017,대구,2716000,대구수성구,기타특별회계,080,사회복지,081,기초생활보장,0,0,0,0,0,0
2017,대구,2716000,대구수성구,일반회계,900,기타,901,기타,0,0,83877389000,13000000000,0,83877389000
2017,대구,2716000,대구수성구,일반회계,160,예비비,161,예비비,5130970000,0,0,5130970000,0,0
2017,대구,2716000,대구수성구,일반회계,140,국토및지역개발,142,지역및도시,12193797000,3000000,0,12193797000,3000000,0
2017,대구,2716000,대구수성구,일반회계,140,국토및지역개발,141,수자원,5021255000,0,0,5021255000,0,0
2017,대구,2716000,대구수성구,일반회계,120,수송및교통,126,대중교통ㆍ물류등기타,608244000,500000000,0,608244000,0,0
2017,대구,2716000,대구수성구,일반회계,120,수송및교통,121,도로,11227377000,0,0,11227377000,0,0
2017,대구,2716000,대구수성구,일반회계,110,산업ㆍ중소기업,116,산업ㆍ중소기업일반,1800000,0,0,1800000,0,0
2017,대구,2716000,대구수성구,일반회계,110,산업ㆍ중소기업,115,에너지및자원개발,24942000,0,0,24942000,0,0
2017,대구,2716000,대구수성구,일반회계,110,산업ㆍ중소기업,114,산업진흥ㆍ고도화,316177000,0,0,316177000,0,0
2017,대구,2716000,대구수성구,일반회계,100,농림해양수산,102,임업ㆍ산촌,1935965000,885000,0,1785965000,885000,0
2017,대구,2716000,대구수성구,일반회계,100,농림해양수산,101,농업ㆍ농촌,1641882000,0,0,1641882000,0,0
2017,대구,2716000,대구수성구,일반회계,090,보건,093,식품의약안전,767720000,0,0,767720000,0,0
2017,대구,2716000,대구수성구,일반회계,090,보건,091,보건의료,13132158000,0,0,13132158000,0,0
2017,대구,2716000,대구수성구,일반회계,080,사회복지,087,보훈,2388160000,0,0,2388160000,0,0
2017,대구,2716000,대구수성구,일반회계,080,사회복지,086,노동,3380092000,0,0,3380092000,0,0
2017,대구,2716000,대구수성구,일반회계,080,사회복지,085,노인ㆍ청소년,89327403000,0,0,89327403000,0,0
2017,대구,2716000,대구수성구,일반회계,080,사회복지,084,보육ㆍ가족및여성,81573056000,0,0,81573056000,0,0
2017,대구,2716000,대구수성구,일반회계,080,사회복지,082,취약계층지원,38117408000,0,0,38117408000,0,0
2017,대구,2716000,대구수성구,일반회계,080,사회복지,081,기초생활보장,60833004000,0,0,60833004000,0,0
2017,대구,2716000,대구수성구,일반회계,070,환경보호,076,환경보호일반,454672000,0,0,454672000,0,0
2017,대구,2716000,대구수성구,일반회계,070,환경보호,073,대기,181986000,0,0,181986000,0,0
2017,대구,2716000,대구수성구,일반회계,070,환경보호,072,폐기물,17626028000,0,0,17626028000,0,0
2017,대구,2716000,대구수성구,일반회계,070,환경보호,071,상하수도ㆍ수질,59975000,0,0,59975000,0,0
2017,대구,2716000,대구수성구,일반회계,060,문화및관광,065,문화및관광일반,0,0,0,0,0,0
2017,대구,2716000,대구수성구,일반회계,060,문화및관광,064,문화재,387457000,0,0,387457000,0,0
2017,대구,2716000,대구수성구,일반회계,060,문화및관광,063,체육,2728224000,0,0,2728224000,0,0
2017,대구,2716000,대구수성구,일반회계,060,문화및관광,062,관광,565282000,0,0,565282000,0,0
2017,대구,2716000,대구수성구,일반회계,060,문화및관광,061,문화예술,10617663000,0,0,10617663000,0,0
2017,대구,2716000,대구수성구,일반회계,050,교육,053,평생ㆍ직업교육,2255753000,0,0,2255753000,0,0
2017,대구,2716000,대구수성구,일반회계,050,교육,051,유아및초중등교육,2692166000,0,0,2692166000,0,0
2017,대구,2716000,대구수성구,일반회계,020,공공질서및안전,025,재난방재ㆍ민방위,2985292000,739585000,0,2985292000,739585000,0
2017,대구,2716000,대구수성구,일반회계,010,일반공공행정,016,일반행정,15398362000,0,0,15398362000,0,0
2017,대구,2716000,대구수성구,일반회계,010,일반공공행정,014,재정ㆍ금융,0,0,0,0,0,0
2017,대구,2716000,대구수성구,일반회계,010,일반공공행정,013,지방행정ㆍ재정지원,1190799000,0,0,1190799000,0,0
2017,대구,2717000,대구달서구,일반회계,010,일반공공행정,011,입법및선거관리,1571914000,0,0,1571914000,0,0
2017,대구,2717000,대구달서구,기타특별회계,900,기타,901,기타,0,0,1454176000,0,0,1454176000
2017,대구,2717000,대구달서구,기타특별회계,120,수송및교통,126,대중교통ㆍ물류등기타,8338914000,0,0,8338914000,0,0
2017,대구,2717000,대구달서구,기타특별회계,080,사회복지,081,기초생활보장,1573110000,0,0,1573110000,0,0
2017,대구,2717000,대구달서구,기타특별회계,070,환경보호,072,폐기물,5000000,0,0,5000000,0,0
2017,대구,2717000,대구달서구,기타특별회계,070,환경보호,071,상하수도ㆍ수질,228800000,0,0,228800000,0,0
2017,대구,2717000,대구달서구,일반회계,900,기타,901,기타,0,0,90129941000,18000000000,0,90129941000
2017,대구,2717000,대구달서구,일반회계,160,예비비,161,예비비,6185197000,0,0,6185197000,0,0
2017,대구,2717000,대구달서구,일반회계,140,국토및지역개발,142,지역및도시,14938020000,351164000,0,14938020000,351164000,0
2017,대구,2717000,대구달서구,일반회계,120,수송및교통,126,대중교통ㆍ물류등기타,631174000,0,0,631174000,0,0
2017,대구,2717000,대구달서구,일반회계,120,수송및교통,121,도로,11041362000,0,0,11041362000,0,0
2017,대구,2717000,대구달서구,일반회계,110,산업ㆍ중소기업,114,산업진흥ㆍ고도화,5107441000,0,0,5107441000,0,0
2017,대구,2717000,대구달서구,일반회계,100,농림해양수산,102,임업ㆍ산촌,1176382000,0,0,1076382000,0,0
2017,대구,2717000,대구달서구,일반회계,100,농림해양수산,101,농업ㆍ농촌,311313000,0,0,311313000,0,0
2017,대구,2717000,대구달서구,일반회계,090,보건,093,식품의약안전,645555000,0,0,645555000,0,0
2017,대구,2717000,대구달서구,일반회계,090,보건,091,보건의료,20466280000,0,0,20466280000,0,0
2017,대구,2717000,대구달서구,일반회계,080,사회복지,089,사회복지일반,68100000,0,0,68100000,0,0
2017,대구,2717000,대구달서구,일반회계,080,사회복지,087,보훈,2077900000,0,0,2077900000,0,0
2017,대구,2717000,대구달서구,일반회계,080,사회복지,086,노동,2559000000,0,0,2559000000,0,0
2017,대구,2717000,대구달서구,일반회계,080,사회복지,085,노인ㆍ청소년,113281708000,0,0,113281708000,0,0
2017,대구,2717000,대구달서구,일반회계,080,사회복지,084,보육ㆍ가족및여성,125377925000,0,0,125377925000,0,0
2017,대구,2717000,대구달서구,일반회계,080,사회복지,082,취약계층지원,46023274000,0,0,46023274000,0,0
2017,대구,2717000,대구달서구,일반회계,080,사회복지,081,기초생활보장,89186202000,0,0,89186202000,0,0
2017,대구,2717000,대구달서구,일반회계,070,환경보호,076,환경보호일반,382225000,0,0,382225000,0,0
2017,대구,2717000,대구달서구,일반회계,070,환경보호,073,대기,206538000,0,0,206538000,0,0
2017,대구,2717000,대구달서구,일반회계,070,환경보호,072,폐기물,18894458000,0,0,18894458000,0,0
2017,대구,2717000,대구달서구,일반회계,070,환경보호,071,상하수도ㆍ수질,1861473000,0,0,781473000,0,0
2017,대구,2717000,대구달서구,일반회계,060,문화및관광,063,체육,4152069000,0,0,4152069000,0,0
2017,대구,2717000,대구달서구,일반회계,060,문화및관광,061,문화예술,8056402000,0,0,8056402000,0,0
2017,대구,2717000,대구달서구,일반회계,050,교육,053,평생ㆍ직업교육,550650000,0,0,550650000,0,0
2017,대구,2717000,대구달서구,일반회계,050,교육,051,유아및초중등교육,3570330000,0,0,3570330000,0,0
2017,대구,2717000,대구달서구,일반회계,020,공공질서및안전,025,재난방재ㆍ민방위,4415074000,942000000,0,4415074000,942000000,0
2017,대구,2717000,대구달서구,일반회계,010,일반공공행정,016,일반행정,14743747000,3764112000,0,14743747000,2329112000,0
2017,대구,2717000,대구달서구,일반회계,010,일반공공행정,013,지방행정ㆍ재정지원,1131070000,0,0,1131070000,0,0
2017,대구,2771000,대구달성군,일반회계,010,일반공공행정,011,입법및선거관리,746183000,0,0,746183000,0,0
2017,대구,2771000,대구달성군,기타특별회계,900,기타,901,기타,0,65875000,233825000,0,53475000,233825000
2017,대구,2771000,대구달성군,기타특별회계,140,국토및지역개발,143,산업단지,913000000,0,0,913000000,0,0
2017,대구,2771000,대구달성군,기타특별회계,140,국토및지역개발,142,지역및도시,114000000,0,0,114000000,0,0
2017,대구,2771000,대구달성군,기타특별회계,140,국토및지역개발,141,수자원,6230468000,0,0,6230468000,0,0
2017,대구,2771000,대구달성군,기타특별회계,080,사회복지,082,취약계층지원,432832000,0,0,432832000,0,0
2017,대구,2771000,대구달성군,기타특별회계,070,환경보호,072,폐기물,510000000,0,0,510000000,0,0
2017,대구,2771000,대구달성군,일반회계,900,기타,901,기타,0,2070104000,68839773000,15000000000,1170104000,68839773000
2017,대구,2771000,대구달성군,일반회계,160,예비비,161,예비비,15430368000,0,0,15430368000,0,0
2017,대구,2771000,대구달성군,일반회계,140,국토및지역개발,142,지역및도시,29451580000,0,0,29451580000,0,0
2017,대구,2771000,대구달성군,일반회계,140,국토및지역개발,141,수자원,25638686000,0,0,25638686000,0,0
2017,대구,2771000,대구달성군,일반회계,120,수송및교통,126,대중교통ㆍ물류등기타,13415675000,0,0,13415675000,0,0
2017,대구,2771000,대구달성군,일반회계,120,수송및교통,121,도로,71621013000,0,0,71621013000,0,0
2017,대구,2771000,대구달성군,일반회계,110,산업ㆍ중소기업,116,산업ㆍ중소기업일반,1197883000,0,0,1197883000,0,0
2017,대구,2771000,대구달성군,일반회계,110,산업ㆍ중소기업,115,에너지및자원개발,42672000,0,0,42672000,0,0
2017,대구,2771000,대구달성군,일반회계,110,산업ㆍ중소기업,114,산업진흥ㆍ고도화,208091000,0,0,208091000,0,0
2017,대구,2771000,대구달성군,일반회계,110,산업ㆍ중소기업,113,무역및투자유치,442700000,0,0,442700000,0,0
2017,대구,2771000,대구달성군,일반회계,100,농림해양수산,102,임업ㆍ산촌,12888243000,0,0,12888243000,0,0
2017,대구,2771000,대구달성군,일반회계,100,농림해양수산,101,농업ㆍ농촌,37366679000,0,0,37366679000,0,0
2017,대구,2771000,대구달성군,일반회계,090,보건,093,식품의약안전,540432000,0,0,540432000,0,0
2017,대구,2771000,대구달성군,일반회계,090,보건,091,보건의료,26474897000,0,0,26474897000,0,0
2017,대구,2771000,대구달성군,일반회계,080,사회복지,087,보훈,1566531000,0,0,1566531000,0,0
2017,대구,2771000,대구달성군,일반회계,080,사회복지,086,노동,2270255000,0,0,2270255000,0,0
2017,대구,2771000,대구달성군,일반회계,080,사회복지,085,노인ㆍ청소년,50846069000,0,0,50846069000,0,0
2017,대구,2771000,대구달성군,일반회계,080,사회복지,084,보육ㆍ가족및여성,56773812000,0,0,56773812000,0,0
2017,대구,2771000,대구달성군,일반회계,080,사회복지,082,취약계층지원,24634772000,0,0,24634772000,0,0
2017,대구,2771000,대구달성군,일반회계,080,사회복지,081,기초생활보장,29072921000,0,0,29072921000,0,0
2017,대구,2771000,대구달성군,일반회계,070,환경보호,074,자연,222642000,0,0,222642000,0,0
2017,대구,2771000,대구달성군,일반회계,070,환경보호,073,대기,988805000,0,0,988805000,0,0
2017,대구,2771000,대구달성군,일반회계,070,환경보호,072,폐기물,11041382000,0,0,11041382000,0,0
2017,대구,2771000,대구달성군,일반회계,070,환경보호,071,상하수도ㆍ수질,1493236000,0,0,1493236000,0,0
2017,대구,2771000,대구달성군,일반회계,060,문화및관광,065,문화및관광일반,4325083000,0,0,4325083000,0,0
2017,대구,2771000,대구달성군,일반회계,060,문화및관광,064,문화재,2213737000,0,0,2213737000,0,0
2017,대구,2771000,대구달성군,일반회계,060,문화및관광,063,체육,27464152000,0,0,27464152000,0,0
2017,대구,2771000,대구달성군,일반회계,060,문화및관광,062,관광,4353615000,0,0,4353615000,0,0
2017,대구,2771000,대구달성군,일반회계,060,문화및관광,061,문화예술,7177083000,0,0,7177083000,0,0
2017,대구,2771000,대구달성군,일반회계,050,교육,053,평생ㆍ직업교육,3451184000,0,0,3451184000,0,0
2017,대구,2771000,대구달성군,일반회계,050,교육,051,유아및초중등교육,3679240000,0,0,3679240000,0,0
2017,대구,2771000,대구달성군,일반회계,020,공공질서및안전,025,재난방재ㆍ민방위,8010226000,0,0,8010226000,0,0
2017,대구,2771000,대구달성군,일반회계,010,일반공공행정,016,일반행정,17427329000,0,0,17427329000,0,0
2017,대구,2771000,대구달성군,일반회계,010,일반공공행정,013,지방행정ㆍ재정지원,12112947000,0,0,12112947000,0,0
2016,대구,2700000,대구본청,일반회계,010,일반공공행정,011,입법및선거관리,4304271000,0,0,4304271000,0,0
2016,대구,2700000,대구본청,공기업특별회계,900,기타,901,기타,0,0,76675916000,0,0,76675916000
2016,대구,2700000,대구본청,공기업특별회계,070,환경보호,071,상하수도ㆍ수질,365655025000,12396059000,0,363905164000,8923815000,0
2016,대구,2700000,대구본청,공기업특별회계,010,일반공공행정,014,재정ㆍ금융,6891436000,59081564000,0,6891436000,39081564000,0
2016,대구,2700000,대구본청,기타특별회계,900,기타,901,기타,0,0,147322205000,6485825000,0,147322205000
2016,대구,2700000,대구본청,기타특별회계,140,국토및지역개발,143,산업단지,34866644000,0,0,34866644000,0,0
2016,대구,2700000,대구본청,기타특별회계,140,국토및지역개발,142,지역및도시,31585900000,800000000,0,31585900000,800000000,0
2016,대구,2700000,대구본청,기타특별회계,120,수송및교통,126,대중교통ㆍ물류등기타,140209278000,90000000,0,121824278000,90000000,0
2016,대구,2700000,대구본청,기타특별회계,120,수송및교통,123,도시철도,223641681000,0,0,223641681000,0,0
2016,대구,2700000,대구본청,기타특별회계,120,수송및교통,121,도로,3013348000,0,0,3013348000,0,0
2016,대구,2700000,대구본청,기타특별회계,110,산업ㆍ중소기업,114,산업진흥ㆍ고도화,1001600000,0,0,1600000,0,0
2016,대구,2700000,대구본청,기타특별회계,110,산업ㆍ중소기업,111,산업금융지원,65758837000,0,0,65758837000,0,0
2016,대구,2700000,대구본청,기타특별회계,080,사회복지,081,기초생활보장,400463769000,0,0,395663769000,0,0
2016,대구,2700000,대구본청,기타특별회계,070,환경보호,071,상하수도ㆍ수질,3000000000,0,0,2964800000,0,0
2016,대구,2700000,대구본청,기타특별회계,020,공공질서및안전,026,소방,50909809000,0,0,50909809000,0,0
2016,대구,2700000,대구본청,기타특별회계,010,일반공공행정,014,재정ㆍ금융,0,116735455000,0,0,116233455000,0
2016,대구,2700000,대구본청,기타특별회계,010,일반공공행정,013,지방행정ㆍ재정지원,4601474000,0,0,0,0,0
2016,대구,2700000,대구본청,일반회계,900,기타,901,기타,0,0,277869386000,0,0,277869386000
2016,대구,2700000,대구본청,일반회계,160,예비비,161,예비비,69704972000,0,0,69704972000,0,0
2016,대구,2700000,대구본청,일반회계,150,과학기술,152,과학기술연구지원,53765000000,0,0,53765000000,0,0
2016,대구,2700000,대구본청,일반회계,140,국토및지역개발,143,산업단지,1568400000,0,0,1568400000,0,0
2016,대구,2700000,대구본청,일반회계,140,국토및지역개발,142,지역및도시,126327977000,11842747000,0,76796832000,7974747000,0
2016,대구,2700000,대구본청,일반회계,140,국토및지역개발,141,수자원,3141707000,0,0,3141707000,0,0
2016,대구,2700000,대구본청,일반회계,120,수송및교통,126,대중교통ㆍ물류등기타,126492836000,312544880000,0,126336836000,2120000000,0
2016,대구,2700000,대구본청,일반회계,120,수송및교통,125,항공ㆍ공항,3329900000,0,0,1929900000,0,0
2016,대구,2700000,대구본청,일반회계,120,수송및교통,121,도로,120228053000,0,0,118873053000,0,0
2016,대구,2700000,대구본청,일반회계,110,산업ㆍ중소기업,116,산업ㆍ중소기업일반,0,580800000,0,0,220800000,0
2016,대구,2700000,대구본청,일반회계,110,산업ㆍ중소기업,115,에너지및자원개발,8397441000,0,0,7927391000,0,0
2016,대구,2700000,대구본청,일반회계,110,산업ㆍ중소기업,114,산업진흥ㆍ고도화,104046744000,9451440000,0,96240944000,5871440000,0
2016,대구,2700000,대구본청,일반회계,110,산업ㆍ중소기업,113,무역및투자유치,29481783000,662200000,0,27534200000,0,0
2016,대구,2700000,대구본청,일반회계,110,산업ㆍ중소기업,112,산업기술지원,23150500000,0,0,23138500000,0,0
2016,대구,2700000,대구본청,일반회계,110,산업ㆍ중소기업,111,산업금융지원,10255000000,0,0,10255000000,0,0
2016,대구,2700000,대구본청,일반회계,100,농림해양수산,102,임업ㆍ산촌,20025436000,0,0,12284203000,0,0
2016,대구,2700000,대구본청,일반회계,100,농림해양수산,101,농업ㆍ농촌,29235804000,0,0,14154284000,0,0
2016,대구,2700000,대구본청,일반회계,090,보건,093,식품의약안전,4200612000,0,0,1977722000,0,0
2016,대구,2700000,대구본청,일반회계,090,보건,091,보건의료,89695258000,80042886000,0,24287260000,0,0
2016,대구,2700000,대구본청,일반회계,080,사회복지,087,보훈,10837302000,0,0,1124302000,0,0
2016,대구,2700000,대구본청,일반회계,080,사회복지,086,노동,41471200000,0,0,19649866000,0,0
2016,대구,2700000,대구본청,일반회계,080,사회복지,085,노인ㆍ청소년,584672576000,0,0,65241138000,0,0
2016,대구,2700000,대구본청,일반회계,080,사회복지,084,보육ㆍ가족및여성,491799385000,100000000,0,15108625000,100000000,0
2016,대구,2700000,대구본청,일반회계,080,사회복지,082,취약계층지원,252490608000,0,0,33513089000,0,0
2016,대구,2700000,대구본청,일반회계,080,사회복지,081,기초생활보장,391724903000,0,0,4155721000,0,0
2016,대구,2700000,대구본청,일반회계,070,환경보호,076,환경보호일반,10537550000,17045900000,0,10434550000,45900000,0
2016,대구,2700000,대구본청,일반회계,070,환경보호,074,자연,19424574000,0,0,16753574000,0,0
2016,대구,2700000,대구본청,일반회계,070,환경보호,073,대기,11063389000,0,0,8066374000,0,0
2016,대구,2700000,대구본청,일반회계,070,환경보호,072,폐기물,55282743000,0,0,52842743000,0,0
2016,대구,2700000,대구본청,일반회계,070,환경보호,071,상하수도ㆍ수질,8201134000,1648240000,0,3023885000,0,0
2016,대구,2700000,대구본청,일반회계,060,문화및관광,064,문화재,10491998000,0,0,2732350000,0,0
2016,대구,2700000,대구본청,일반회계,060,문화및관광,063,체육,95778044000,11854733000,0,77586651000,9258228000,0
2016,대구,2700000,대구본청,일반회계,060,문화및관광,062,관광,17671900000,0,0,14969900000,0,0
2016,대구,2700000,대구본청,일반회계,060,문화및관광,061,문화예술,96090177000,144500000,0,92603577000,144500000,0
2016,대구,2700000,대구본청,일반회계,050,교육,053,평생ㆍ직업교육,1130135000,0,0,730635000,0,0
2016,대구,2700000,대구본청,일반회계,050,교육,051,유아및초중등교육,449360130000,0,0,439010447000,0,0
2016,대구,2700000,대구본청,일반회계,020,공공질서및안전,026,소방,0,0,0,0,0,0
2016,대구,2700000,대구본청,일반회계,020,공공질서및안전,025,재난방재ㆍ민방위,46015824000,33911009000,0,15941996000,33911009000,0
2016,대구,2700000,대구본청,일반회계,010,일반공공행정,016,일반행정,67853468000,23000000000,0,65476278000,23000000000,0
2016,대구,2700000,대구본청,일반회계,010,일반공공행정,014,재정ㆍ금융,0,368327444000,0,0,170041889000,0
2016,대구,2700000,대구본청,일반회계,010,일반공공행정,013,지방행정ㆍ재정지원,504425101000,0,0,1824965000,0,0
2016,대구,2711000,대구중구,일반회계,010,일반공공행정,011,입법및선거관리,550537000,0,0,550537000,0,0
2016,대구,2711000,대구중구,일반회계,010,일반공공행정,013,지방행정ㆍ재정지원,437750000,0,0,437750000,0,0
2016,대구,2711000,대구중구,일반회계,010,일반공공행정,014,재정ㆍ금융,0,1010000000,0,0,505000000,0
2016,대구,2711000,대구중구,일반회계,010,일반공공행정,016,일반행정,9716801000,0,0,9716801000,0,0
2016,대구,2711000,대구중구,일반회계,020,공공질서및안전,025,재난방재ㆍ민방위,342596000,285764000,0,342596000,285764000,0
2016,대구,2711000,대구중구,일반회계,050,교육,051,유아및초중등교육,328780000,0,0,328780000,0,0
2016,대구,2711000,대구중구,일반회계,050,교육,053,평생ㆍ직업교육,86790000,0,0,86790000,0,0
2016,대구,2711000,대구중구,일반회계,060,문화및관광,061,문화예술,3379550000,0,0,3379550000,0,0
2016,대구,2711000,대구중구,일반회계,060,문화및관광,062,관광,897397000,0,0,887397000,0,0
2016,대구,2711000,대구중구,일반회계,060,문화및관광,063,체육,814922000,0,0,814922000,0,0
2016,대구,2711000,대구중구,일반회계,060,문화및관광,064,문화재,426018000,0,0,426018000,0,0
2016,대구,2711000,대구중구,일반회계,060,문화및관광,065,문화및관광일반,0,0,0,0,0,0
2016,대구,2711000,대구중구,일반회계,070,환경보호,071,상하수도ㆍ수질,36370000,0,0,36370000,0,0
2016,대구,2711000,대구중구,일반회계,070,환경보호,072,폐기물,3882393000,0,0,3882393000,0,0
2016,대구,2711000,대구중구,일반회계,070,환경보호,073,대기,312150000,0,0,312150000,0,0
2016,대구,2711000,대구중구,일반회계,080,사회복지,081,기초생활보장,14607916000,0,0,14607916000,0,0
2016,대구,2711000,대구중구,일반회계,080,사회복지,082,취약계층지원,14828548000,0,0,14828548000,0,0
2016,대구,2711000,대구중구,일반회계,080,사회복지,084,보육ㆍ가족및여성,13696210000,0,0,13696210000,0,0
2016,대구,2711000,대구중구,일반회계,080,사회복지,085,노인ㆍ청소년,30548578000,0,0,30548578000,0,0
2016,대구,2711000,대구중구,일반회계,080,사회복지,086,노동,2673576000,0,0,2673576000,0,0
2016,대구,2711000,대구중구,일반회계,080,사회복지,087,보훈,564200000,0,0,564200000,0,0
2016,대구,2711000,대구중구,일반회계,080,사회복지,088,주택,4636454000,0,0,4636454000,0,0
2016,대구,2711000,대구중구,일반회계,090,보건,091,보건의료,6291941000,0,0,6291941000,0,0
2016,대구,2711000,대구중구,일반회계,090,보건,093,식품의약안전,282572000,0,0,282572000,0,0
2016,대구,2711000,대구중구,일반회계,100,농림해양수산,101,농업ㆍ농촌,115361000,0,0,115361000,0,0
2016,대구,2711000,대구중구,일반회계,110,산업ㆍ중소기업,114,산업진흥ㆍ고도화,2138565000,8010000,0,2138565000,8010000,0
2016,대구,2711000,대구중구,일반회계,110,산업ㆍ중소기업,115,에너지및자원개발,38422000,0,0,38422000,0,0
2016,대구,2711000,대구중구,일반회계,120,수송및교통,121,도로,3147185000,0,0,3147185000,0,0
2016,대구,2711000,대구중구,일반회계,120,수송및교통,126,대중교통ㆍ물류등기타,2129775000,15500000,0,2129775000,15500000,0
2016,대구,2711000,대구중구,일반회계,140,국토및지역개발,142,지역및도시,10630806000,0,0,10630806000,0,0
2016,대구,2711000,대구중구,일반회계,160,예비비,161,예비비,4406949000,0,0,4406949000,0,0
2016,대구,2711000,대구중구,일반회계,900,기타,901,기타,0,0,51131614000,12019058000,0,51131614000
2016,대구,2711000,대구중구,기타특별회계,070,환경보호,071,상하수도ㆍ수질,65000000,0,0,65000000,0,0
2016,대구,2711000,대구중구,기타특별회계,080,사회복지,081,기초생활보장,267591000,1379075000,0,267591000,1376575000,0
2016,대구,2711000,대구중구,기타특별회계,080,사회복지,082,취약계층지원,62334000,0,0,62334000,0,0
2016,대구,2712000,대구동구,일반회계,010,일반공공행정,011,입법및선거관리,954220000,0,0,954220000,0,0
2016,대구,2712000,대구동구,일반회계,010,일반공공행정,013,지방행정ㆍ재정지원,977300000,0,0,977300000,0,0
2016,대구,2712000,대구동구,일반회계,010,일반공공행정,016,일반행정,12278666000,761800000,0,12278666000,711800000,0
2016,대구,2712000,대구동구,일반회계,020,공공질서및안전,025,재난방재ㆍ민방위,2488989000,465582000,0,2488989000,465582000,0
2016,대구,2712000,대구동구,일반회계,050,교육,053,평생ㆍ직업교육,2965342000,0,0,2965342000,0,0
2016,대구,2712000,대구동구,일반회계,060,문화및관광,061,문화예술,3250287000,0,0,3250287000,0,0
2016,대구,2712000,대구동구,일반회계,060,문화및관광,062,관광,0,0,0,0,0,0
2016,대구,2712000,대구동구,일반회계,060,문화및관광,063,체육,1484672000,0,0,1484672000,0,0
2016,대구,2712000,대구동구,일반회계,060,문화및관광,064,문화재,2304478000,0,0,2304478000,0,0
2016,대구,2712000,대구동구,일반회계,070,환경보호,071,상하수도ㆍ수질,0,0,0,0,0,0
2016,대구,2712000,대구동구,일반회계,070,환경보호,072,폐기물,10484347000,0,0,10484347000,0,0
2016,대구,2712000,대구동구,일반회계,070,환경보호,073,대기,0,0,0,0,0,0
2016,대구,2712000,대구동구,일반회계,070,환경보호,076,환경보호일반,1126331000,0,0,1126331000,0,0
2016,대구,2712000,대구동구,일반회계,080,사회복지,081,기초생활보장,61257793000,0,0,61257793000,0,0
2016,대구,2712000,대구동구,일반회계,080,사회복지,082,취약계층지원,39104433000,0,0,39104433000,0,0
2016,대구,2712000,대구동구,일반회계,080,사회복지,084,보육ㆍ가족및여성,68240391000,0,0,68240391000,0,0
2016,대구,2712000,대구동구,일반회계,080,사회복지,085,노인ㆍ청소년,107266582000,0,0,107266582000,0,0
2016,대구,2712000,대구동구,일반회계,080,사회복지,086,노동,3836770000,0,0,3836770000,0,0
2016,대구,2712000,대구동구,일반회계,080,사회복지,089,사회복지일반,11604680000,0,0,11604680000,0,0
2016,대구,2712000,대구동구,일반회계,090,보건,091,보건의료,12677590000,0,0,12677590000,0,0
2016,대구,2712000,대구동구,일반회계,090,보건,093,식품의약안전,574789000,0,0,574789000,0,0
2016,대구,2712000,대구동구,일반회계,100,농림해양수산,101,농업ㆍ농촌,3359429000,0,0,3359429000,0,0
2016,대구,2712000,대구동구,일반회계,100,농림해양수산,102,임업ㆍ산촌,0,0,0,0,0,0
2016,대구,2712000,대구동구,일반회계,110,산업ㆍ중소기업,114,산업진흥ㆍ고도화,2054894000,0,0,2054894000,0,0
2016,대구,2712000,대구동구,일반회계,120,수송및교통,121,도로,7478282000,0,0,7478282000,0,0
2016,대구,2712000,대구동구,일반회계,120,수송및교통,126,대중교통ㆍ물류등기타,678546000,0,0,678546000,0,0
2016,대구,2712000,대구동구,일반회계,140,국토및지역개발,141,수자원,7415705000,0,0,7415705000,0,0
2016,대구,2712000,대구동구,일반회계,140,국토및지역개발,142,지역및도시,11568415000,0,0,11568415000,0,0
2016,대구,2712000,대구동구,일반회계,160,예비비,161,예비비,4131503000,0,0,4131503000,0,0
2016,대구,2712000,대구동구,일반회계,900,기타,901,기타,0,0,75308184000,13126787000,0,75308184000
2016,대구,2712000,대구동구,기타특별회계,070,환경보호,072,폐기물,3000000,0,0,3000000,0,0
2016,대구,2712000,대구동구,기타특별회계,070,환경보호,076,환경보호일반,136000000,0,0,136000000,0,0
2016,대구,2712000,대구동구,기타특별회계,080,사회복지,081,기초생활보장,1135459000,142821000,0,1135459000,117621000,0
2016,대구,2712000,대구동구,기타특별회계,110,산업ㆍ중소기업,115,에너지및자원개발,338000000,0,0,338000000,0,0
2016,대구,2712000,대구동구,기타특별회계,120,수송및교통,126,대중교통ㆍ물류등기타,4871115000,0,0,4871115000,0,0
2016,대구,2712000,대구동구,기타특별회계,140,국토및지역개발,142,지역및도시,0,35000000,0,0,35000000,0
2016,대구,2712000,대구동구,기타특별회계,900,기타,901,기타,0,0,938605000,722720000,0,938605000
2016,대구,2713000,대구서구,일반회계,010,일반공공행정,011,입법및선거관리,715612000,0,0,715612000,0,0
2016,대구,2713000,대구서구,일반회계,010,일반공공행정,013,지방행정ㆍ재정지원,262663000,0,0,262663000,0,0
2016,대구,2713000,대구서구,일반회계,010,일반공공행정,014,재정ㆍ금융,0,2700000000,0,0,1200000000,0
2016,대구,2713000,대구서구,일반회계,010,일반공공행정,016,일반행정,9729296000,0,0,9729296000,0,0
2016,대구,2713000,대구서구,일반회계,020,공공질서및안전,025,재난방재ㆍ민방위,283499000,255022000,0,283499000,255022000,0
2016,대구,2713000,대구서구,일반회계,050,교육,051,유아및초중등교육,1702190000,0,0,1702190000,0,0
2016,대구,2713000,대구서구,일반회계,050,교육,053,평생ㆍ직업교육,129441000,0,0,129441000,0,0
2016,대구,2713000,대구서구,일반회계,060,문화및관광,061,문화예술,1692959000,0,0,1692959000,0,0
2016,대구,2713000,대구서구,일반회계,060,문화및관광,063,체육,3436382000,0,0,3436382000,0,0
2016,대구,2713000,대구서구,일반회계,070,환경보호,071,상하수도ㆍ수질,114549000,0,0,114549000,0,0
2016,대구,2713000,대구서구,일반회계,070,환경보호,072,폐기물,6209237000,0,0,6209237000,0,0
2016,대구,2713000,대구서구,일반회계,070,환경보호,073,대기,916834000,0,0,916834000,0,0
2016,대구,2713000,대구서구,일반회계,070,환경보호,076,환경보호일반,126965000,0,0,126965000,0,0
2016,대구,2713000,대구서구,일반회계,080,사회복지,081,기초생활보장,38884894000,0,0,38884894000,0,0
2016,대구,2713000,대구서구,일반회계,080,사회복지,082,취약계층지원,57886791000,0,0,57886791000,0,0
2016,대구,2713000,대구서구,일반회계,080,사회복지,084,보육ㆍ가족및여성,2205546000,0,0,2205546000,0,0
2016,대구,2713000,대구서구,일반회계,080,사회복지,085,노인ㆍ청소년,64693545000,0,0,64693545000,0,0
2016,대구,2713000,대구서구,일반회계,080,사회복지,086,노동,2769192000,0,0,2769192000,0,0
2016,대구,2713000,대구서구,일반회계,080,사회복지,089,사회복지일반,0,0,0,0,0,0
2016,대구,2713000,대구서구,일반회계,090,보건,091,보건의료,9697524000,0,0,9697524000,0,0
2016,대구,2713000,대구서구,일반회계,090,보건,093,식품의약안전,271690000,0,0,271690000,0,0
2016,대구,2713000,대구서구,일반회계,100,농림해양수산,101,농업ㆍ농촌,143730000,0,0,143730000,0,0
2016,대구,2713000,대구서구,일반회계,100,농림해양수산,102,임업ㆍ산촌,533155000,0,0,503155000,0,0
2016,대구,2713000,대구서구,일반회계,110,산업ㆍ중소기업,114,산업진흥ㆍ고도화,1621700000,0,0,1621700000,0,0
2016,대구,2713000,대구서구,일반회계,110,산업ㆍ중소기업,115,에너지및자원개발,38544000,0,0,38544000,0,0
2016,대구,2713000,대구서구,일반회계,120,수송및교통,121,도로,2305230000,0,0,2305230000,0,0
2016,대구,2713000,대구서구,일반회계,120,수송및교통,126,대중교통ㆍ물류등기타,546871000,0,0,546871000,0,0
2016,대구,2713000,대구서구,일반회계,140,국토및지역개발,142,지역및도시,8836738000,0,0,8836738000,0,0
2016,대구,2713000,대구서구,일반회계,160,예비비,161,예비비,3039580000,0,0,3039580000,0,0
2016,대구,2713000,대구서구,일반회계,900,기타,901,기타,0,0,59250621000,15798343000,0,59250621000
2016,대구,2713000,대구서구,기타특별회계,070,환경보호,071,상하수도ㆍ수질,56000000,0,0,56000000,0,0
2016,대구,2713000,대구서구,기타특별회계,080,사회복지,081,기초생활보장,0,0,0,0,0,0
2016,대구,2713000,대구서구,기타특별회계,080,사회복지,082,취약계층지원,372011000,0,0,372011000,0,0
2016,대구,2713000,대구서구,기타특별회계,140,국토및지역개발,142,지역및도시,3400000000,0,0,3400000000,0,0
2016,대구,2713000,대구서구,기타특별회계,900,기타,901,기타,0,0,121989000,0,0,121989000
2016,대구,2714000,대구남구,일반회계,080,사회복지,085,노인ㆍ청소년,53306127000,0,0,53306127000,0,0
2016,대구,2714000,대구남구,일반회계,080,사회복지,086,노동,2355956000,0,0,2355956000,0,0
2016,대구,2714000,대구남구,일반회계,080,사회복지,087,보훈,996400000,0,0,996400000,0,0
2016,대구,2714000,대구남구,일반회계,090,보건,091,보건의료,6513699000,0,0,6513699000,0,0
2016,대구,2714000,대구남구,일반회계,090,보건,093,식품의약안전,359178000,0,0,359178000,0,0
2016,대구,2714000,대구남구,일반회계,100,농림해양수산,101,농업ㆍ농촌,120041000,0,0,120041000,0,0
2016,대구,2714000,대구남구,일반회계,100,농림해양수산,102,임업ㆍ산촌,1709236000,0,0,1659236000,0,0
2016,대구,2714000,대구남구,일반회계,110,산업ㆍ중소기업,114,산업진흥ㆍ고도화,288710000,100166000,0,288710000,91072000,0
2016,대구,2714000,대구남구,일반회계,110,산업ㆍ중소기업,115,에너지및자원개발,14569000,0,0,14569000,0,0
2016,대구,2714000,대구남구,일반회계,120,수송및교통,121,도로,2433950000,0,0,2433950000,0,0
2016,대구,2714000,대구남구,일반회계,120,수송및교통,126,대중교통ㆍ물류등기타,435805000,0,0,435805000,0,0
2016,대구,2714000,대구남구,일반회계,140,국토및지역개발,142,지역및도시,7860366000,20000000,0,7860366000,20000000,0
2016,대구,2714000,대구남구,일반회계,160,예비비,161,예비비,2714696000,0,0,2714696000,0,0
2016,대구,2714000,대구남구,일반회계,900,기타,901,기타,0,0,51733601000,12926747000,0,51733601000
2016,대구,2714000,대구남구,기타특별회계,070,환경보호,071,상하수도ㆍ수질,79900000,0,0,79900000,0,0
2016,대구,2714000,대구남구,기타특별회계,080,사회복지,081,기초생활보장,323243000,122150000,0,323243000,104620000,0
2016,대구,2714000,대구남구,기타특별회계,080,사회복지,082,취약계층지원,60000000,0,0,60000000,0,0
2016,대구,2714000,대구남구,기타특별회계,120,수송및교통,126,대중교통ㆍ물류등기타,1195744000,0,0,1195744000,0,0
2016,대구,2714000,대구남구,기타특별회계,140,국토및지역개발,142,지역및도시,0,2800000,0,0,2800000,0
2016,대구,2714000,대구남구,기타특별회계,160,예비비,161,예비비,0,0,0,0,0,0
2016,대구,2714000,대구남구,기타특별회계,900,기타,901,기타,0,0,701163000,0,0,701163000
2016,대구,2714000,대구남구,일반회계,010,일반공공행정,011,입법및선거관리,549932000,0,0,549932000,0,0
2016,대구,2714000,대구남구,일반회계,010,일반공공행정,013,지방행정ㆍ재정지원,721616000,0,0,721616000,0,0
2016,대구,2714000,대구남구,일반회계,010,일반공공행정,016,일반행정,11339513000,3030000000,0,11339513000,1515000000,0
2016,대구,2714000,대구남구,일반회계,020,공공질서및안전,025,재난방재ㆍ민방위,367034000,151794000,0,367034000,151794000,0
2016,대구,2714000,대구남구,일반회계,050,교육,051,유아및초중등교육,295780000,0,0,295780000,0,0
2016,대구,2714000,대구남구,일반회계,050,교육,053,평생ㆍ직업교육,183690000,0,0,183690000,0,0
2016,대구,2714000,대구남구,일반회계,060,문화및관광,061,문화예술,1647698000,0,0,1647698000,0,0
2016,대구,2714000,대구남구,일반회계,060,문화및관광,063,체육,9550158000,0,0,9550158000,0,0
2016,대구,2714000,대구남구,일반회계,060,문화및관광,064,문화재,96720000,0,0,96720000,0,0
2016,대구,2714000,대구남구,일반회계,070,환경보호,071,상하수도ㆍ수질,375913000,0,0,375913000,0,0
2016,대구,2714000,대구남구,일반회계,070,환경보호,072,폐기물,4596469000,0,0,4596469000,0,0
2016,대구,2714000,대구남구,일반회계,070,환경보호,073,대기,186259000,0,0,186259000,0,0
2016,대구,2714000,대구남구,일반회계,070,환경보호,076,환경보호일반,44037000,0,0,44037000,0,0
2016,대구,2714000,대구남구,일반회계,080,사회복지,081,기초생활보장,44659871000,0,0,44659871000,0,0
2016,대구,2714000,대구남구,일반회계,080,사회복지,082,취약계층지원,25257227000,0,0,25257227000,0,0
2016,대구,2714000,대구남구,일반회계,080,사회복지,084,보육ㆍ가족및여성,27983789000,0,0,27983789000,0,0
2016,대구,2715000,대구북구,일반회계,010,일반공공행정,011,입법및선거관리,1462028000,0,0,1462028000,0,0
2016,대구,2715000,대구북구,일반회계,010,일반공공행정,013,지방행정ㆍ재정지원,798063000,0,0,798063000,0,0
2016,대구,2715000,대구북구,일반회계,010,일반공공행정,016,일반행정,13954613000,2723343000,0,13954613000,1723343000,0
2016,대구,2715000,대구북구,일반회계,020,공공질서및안전,025,재난방재ㆍ민방위,664091000,827000000,0,664091000,827000000,0
2016,대구,2715000,대구북구,일반회계,050,교육,051,유아및초중등교육,1544313000,0,0,1544313000,0,0
2016,대구,2715000,대구북구,일반회계,050,교육,053,평생ㆍ직업교육,159930000,0,0,159930000,0,0
2016,대구,2715000,대구북구,일반회계,060,문화및관광,061,문화예술,3391898000,0,0,3391898000,0,0
2016,대구,2715000,대구북구,일반회계,060,문화및관광,062,관광,30000000,0,0,30000000,0,0
2016,대구,2715000,대구북구,일반회계,060,문화및관광,063,체육,2201369000,0,0,2201369000,0,0
2016,대구,2715000,대구북구,일반회계,060,문화및관광,064,문화재,469560000,0,0,469560000,0,0
2016,대구,2715000,대구북구,일반회계,070,환경보호,071,상하수도ㆍ수질,52857000,0,0,52857000,0,0
2016,대구,2715000,대구북구,일반회계,070,환경보호,072,폐기물,10717878000,503000000,0,10717878000,3000000,0
2016,대구,2715000,대구북구,일반회계,070,환경보호,073,대기,126832000,0,0,126832000,0,0
2016,대구,2715000,대구북구,일반회계,070,환경보호,076,환경보호일반,247305000,0,0,247305000,0,0
2016,대구,2715000,대구북구,일반회계,080,사회복지,081,기초생활보장,56724626000,0,0,56724626000,0,0
2016,대구,2715000,대구북구,일반회계,080,사회복지,082,취약계층지원,34979483000,0,0,34979483000,0,0
2016,대구,2715000,대구북구,일반회계,080,사회복지,084,보육ㆍ가족및여성,98762759000,0,0,98762759000,0,0
2016,대구,2715000,대구북구,일반회계,080,사회복지,085,노인ㆍ청소년,96996301000,0,0,96996301000,0,0
2016,대구,2715000,대구북구,일반회계,080,사회복지,086,노동,4042940000,0,0,4042940000,0,0
2016,대구,2715000,대구북구,일반회계,080,사회복지,087,보훈,1608950000,0,0,1608950000,0,0
2016,대구,2715000,대구북구,일반회계,090,보건,091,보건의료,14125991000,0,0,14125991000,0,0
2016,대구,2715000,대구북구,일반회계,090,보건,093,식품의약안전,420680000,0,0,420680000,0,0
2016,대구,2715000,대구북구,일반회계,100,농림해양수산,101,농업ㆍ농촌,1876373000,0,0,1876373000,0,0
2016,대구,2715000,대구북구,일반회계,100,농림해양수산,102,임업ㆍ산촌,3212159000,0,0,3042159000,0,0
2016,대구,2715000,대구북구,일반회계,110,산업ㆍ중소기업,116,산업ㆍ중소기업일반,524331000,0,0,524331000,0,0
2016,대구,2715000,대구북구,일반회계,120,수송및교통,121,도로,6102601000,0,0,6102601000,0,0
2016,대구,2715000,대구북구,일반회계,120,수송및교통,126,대중교통ㆍ물류등기타,396457000,0,0,396457000,0,0
2016,대구,2715000,대구북구,일반회계,140,국토및지역개발,141,수자원,2402630000,7000000,0,2402630000,7000000,0
2016,대구,2715000,대구북구,일반회계,140,국토및지역개발,142,지역및도시,8734327000,3000000,0,8734327000,3000000,0
2016,대구,2715000,대구북구,일반회계,160,예비비,161,예비비,5041395000,0,0,5041395000,0,0
2016,대구,2715000,대구북구,일반회계,900,기타,901,기타,0,0,81563917000,13126746000,0,81563917000
2016,대구,2715000,대구북구,기타특별회계,010,일반공공행정,013,지방행정ㆍ재정지원,94628000,0,0,94628000,0,0
2016,대구,2715000,대구북구,기타특별회계,070,환경보호,071,상하수도ㆍ수질,187000000,0,0,187000000,0,0
2016,대구,2715000,대구북구,기타특별회계,070,환경보호,072,폐기물,0,0,0,0,0,0
2016,대구,2715000,대구북구,기타특별회계,080,사회복지,081,기초생활보장,568938000,494203000,0,568938000,478397000,0
2016,대구,2715000,대구북구,기타특별회계,120,수송및교통,126,대중교통ㆍ물류등기타,4176607000,4000000,0,4176607000,4000000,0
2016,대구,2715000,대구북구,기타특별회계,140,국토및지역개발,142,지역및도시,8000000,34000000,0,8000000,34000000,0
2016,대구,2715000,대구북구,기타특별회계,900,기타,901,기타,0,0,832624000,0,0,832624000
2016,대구,2716000,대구수성구,일반회계,010,일반공공행정,011,입법및선거관리,1601412000,0,0,1601412000,0,0
2016,대구,2716000,대구수성구,기타특별회계,080,사회복지,081,기초생활보장,0,0,0,0,0,0
2016,대구,2716000,대구수성구,기타특별회계,080,사회복지,082,취약계층지원,540505000,695000,0,540505000,0,0
2016,대구,2716000,대구수성구,기타특별회계,120,수송및교통,126,대중교통ㆍ물류등기타,3942118000,3860000000,0,3942118000,3860000000,0
2016,대구,2716000,대구수성구,기타특별회계,140,국토및지역개발,141,수자원,168000000,0,0,168000000,0,0
2016,대구,2716000,대구수성구,기타특별회계,140,국토및지역개발,142,지역및도시,0,177000000,0,0,177000000,0
2016,대구,2716000,대구수성구,기타특별회계,160,예비비,161,예비비,0,0,0,0,0,0
2016,대구,2716000,대구수성구,기타특별회계,900,기타,901,기타,0,0,738682000,0,0,738682000
2016,대구,2716000,대구수성구,일반회계,060,문화및관광,062,관광,908400000,0,0,908400000,0,0
2016,대구,2716000,대구수성구,일반회계,060,문화및관광,063,체육,3539471000,0,0,3539471000,0,0
2016,대구,2716000,대구수성구,일반회계,060,문화및관광,064,문화재,401366000,0,0,401366000,0,0
2016,대구,2716000,대구수성구,일반회계,070,환경보호,071,상하수도ㆍ수질,59631000,0,0,59631000,0,0
2016,대구,2716000,대구수성구,일반회계,070,환경보호,072,폐기물,14766223000,0,0,14766223000,0,0
2016,대구,2716000,대구수성구,일반회계,070,환경보호,073,대기,70770000,0,0,70770000,0,0
2016,대구,2716000,대구수성구,일반회계,070,환경보호,076,환경보호일반,498977000,0,0,498977000,0,0
2016,대구,2716000,대구수성구,일반회계,080,사회복지,081,기초생활보장,59299983000,0,0,59299983000,0,0
2016,대구,2716000,대구수성구,일반회계,080,사회복지,082,취약계층지원,37442217000,0,0,37442217000,0,0
2016,대구,2716000,대구수성구,일반회계,080,사회복지,084,보육ㆍ가족및여성,78556954000,0,0,78556954000,0,0
2016,대구,2716000,대구수성구,일반회계,080,사회복지,085,노인ㆍ청소년,86845887000,0,0,86845887000,0,0
2016,대구,2716000,대구수성구,일반회계,080,사회복지,086,노동,3795943000,0,0,3795943000,0,0
2016,대구,2716000,대구수성구,일반회계,080,사회복지,087,보훈,1931732000,0,0,1931732000,0,0
2016,대구,2716000,대구수성구,일반회계,090,보건,091,보건의료,12197583000,0,0,12197583000,0,0
2016,대구,2716000,대구수성구,일반회계,090,보건,093,식품의약안전,578354000,0,0,578354000,0,0
2016,대구,2716000,대구수성구,일반회계,100,농림해양수산,101,농업ㆍ농촌,1999283000,0,0,1999283000,0,0
2016,대구,2716000,대구수성구,일반회계,100,농림해양수산,102,임업ㆍ산촌,2545352000,0,0,2395352000,0,0
2016,대구,2716000,대구수성구,일반회계,110,산업ㆍ중소기업,114,산업진흥ㆍ고도화,68743000,0,0,68743000,0,0
2016,대구,2716000,대구수성구,일반회계,110,산업ㆍ중소기업,115,에너지및자원개발,35622000,0,0,35622000,0,0
2016,대구,2716000,대구수성구,일반회계,110,산업ㆍ중소기업,116,산업ㆍ중소기업일반,22800000,0,0,22800000,0,0
2016,대구,2716000,대구수성구,일반회계,120,수송및교통,121,도로,5682660000,0,0,5682660000,0,0
2016,대구,2716000,대구수성구,일반회계,120,수송및교통,126,대중교통ㆍ물류등기타,477606000,500000000,0,477606000,0,0
2016,대구,2716000,대구수성구,일반회계,140,국토및지역개발,141,수자원,2832052000,0,0,2832052000,0,0
2016,대구,2716000,대구수성구,일반회계,140,국토및지역개발,142,지역및도시,15171517000,0,0,15171517000,0,0
2016,대구,2716000,대구수성구,일반회계,160,예비비,161,예비비,4916865000,0,0,4916865000,0,0
2016,대구,2716000,대구수성구,일반회계,900,기타,901,기타,0,0,79852423000,13126746000,0,79852423000
2016,대구,2716000,대구수성구,기타특별회계,080,사회복지,081,기초생활보장,0,0,0,0,0,0
2016,대구,2716000,대구수성구,기타특별회계,080,사회복지,082,취약계층지원,540505000,695000,0,540505000,0,0
2016,대구,2716000,대구수성구,기타특별회계,120,수송및교통,126,대중교통ㆍ물류등기타,3942118000,3860000000,0,3942118000,3860000000,0
2016,대구,2716000,대구수성구,기타특별회계,140,국토및지역개발,141,수자원,168000000,0,0,168000000,0,0
2016,대구,2716000,대구수성구,기타특별회계,140,국토및지역개발,142,지역및도시,0,177000000,0,0,177000000,0
2016,대구,2716000,대구수성구,기타특별회계,160,예비비,161,예비비,0,0,0,0,0,0
2016,대구,2716000,대구수성구,기타특별회계,900,기타,901,기타,0,0,738682000,0,0,738682000
2016,대구,2717000,대구달서구,일반회계,010,일반공공행정,011,입법및선거관리,1517691000,0,0,1517691000,0,0
2016,대구,2717000,대구달서구,일반회계,010,일반공공행정,013,지방행정ㆍ재정지원,1102994000,0,0,1102994000,0,0
2016,대구,2717000,대구달서구,일반회계,010,일반공공행정,014,재정ㆍ금융,0,0,0,0,0,0
2016,대구,2717000,대구달서구,일반회계,010,일반공공행정,016,일반행정,19134643000,3757360000,0,19134643000,2322360000,0
2016,대구,2717000,대구달서구,일반회계,020,공공질서및안전,025,재난방재ㆍ민방위,3954416000,878000000,0,3954416000,878000000,0
2016,대구,2717000,대구달서구,일반회계,050,교육,051,유아및초중등교육,2918073000,0,0,2918073000,0,0
2016,대구,2717000,대구달서구,일반회계,050,교육,053,평생ㆍ직업교육,614030000,0,0,614030000,0,0
2016,대구,2717000,대구달서구,일반회계,060,문화및관광,061,문화예술,10140024000,0,0,10140024000,0,0
2016,대구,2717000,대구달서구,일반회계,060,문화및관광,063,체육,4925736000,0,0,4925736000,0,0
2016,대구,2717000,대구달서구,일반회계,070,환경보호,071,상하수도ㆍ수질,7154038000,0,0,6455038000,0,0
2016,대구,2717000,대구달서구,일반회계,070,환경보호,072,폐기물,16891550000,0,0,16891550000,0,0
2016,대구,2717000,대구달서구,일반회계,070,환경보호,073,대기,310936000,0,0,310936000,0,0
2016,대구,2717000,대구달서구,일반회계,070,환경보호,076,환경보호일반,127925000,0,0,127925000,0,0
2016,대구,2717000,대구달서구,일반회계,080,사회복지,081,기초생활보장,85644802000,0,0,85644802000,0,0
2016,대구,2717000,대구달서구,일반회계,080,사회복지,082,취약계층지원,42553301000,0,0,42553301000,0,0
2016,대구,2717000,대구달서구,일반회계,080,사회복지,084,보육ㆍ가족및여성,124170943000,0,0,124170943000,0,0
2016,대구,2717000,대구달서구,일반회계,080,사회복지,085,노인ㆍ청소년,106438887000,0,0,106438887000,0,0
2016,대구,2717000,대구달서구,일반회계,080,사회복지,086,노동,2997000000,0,0,2997000000,0,0
2016,대구,2717000,대구달서구,일반회계,080,사회복지,087,보훈,2093140000,0,0,2093140000,0,0
2016,대구,2717000,대구달서구,일반회계,080,사회복지,089,사회복지일반,0,0,0,0,0,0
2016,대구,2717000,대구달서구,일반회계,090,보건,091,보건의료,18887402000,0,0,18887402000,0,0
2016,대구,2717000,대구달서구,일반회계,090,보건,093,식품의약안전,613751000,0,0,613751000,0,0
2016,대구,2717000,대구달서구,일반회계,100,농림해양수산,101,농업ㆍ농촌,349076000,0,0,349076000,0,0
2016,대구,2717000,대구달서구,일반회계,100,농림해양수산,102,임업ㆍ산촌,891302000,0,0,791302000,0,0
2016,대구,2717000,대구달서구,일반회계,110,산업ㆍ중소기업,114,산업진흥ㆍ고도화,3811129000,0,0,3811129000,0,0
2016,대구,2717000,대구달서구,일반회계,120,수송및교통,121,도로,10388685000,0,0,10388685000,0,0
2016,대구,2717000,대구달서구,일반회계,120,수송및교통,126,대중교통ㆍ물류등기타,690783000,0,0,690783000,0,0
2016,대구,2717000,대구달서구,일반회계,140,국토및지역개발,142,지역및도시,17594430000,154058000,0,17594430000,154058000,0
2016,대구,2717000,대구달서구,일반회계,160,예비비,161,예비비,5866203000,0,0,5866203000,0,0
2016,대구,2717000,대구달서구,일반회계,900,기타,901,기타,0,0,83727692000,13126746000,0,83727692000
2016,대구,2717000,대구달서구,기타특별회계,070,환경보호,071,상하수도ㆍ수질,130000000,0,0,130000000,0,0
2016,대구,2717000,대구달서구,기타특별회계,070,환경보호,072,폐기물,1646000000,0,0,1646000000,0,0
2016,대구,2717000,대구달서구,기타특별회계,080,사회복지,081,기초생활보장,1503137000,0,0,1503137000,0,0
2016,대구,2717000,대구달서구,기타특별회계,120,수송및교통,126,대중교통ㆍ물류등기타,8053514000,0,0,8053514000,0,0
2016,대구,2717000,대구달서구,기타특별회계,140,국토및지역개발,142,지역및도시,0,0,0,0,0,0
2016,대구,2717000,대구달서구,기타특별회계,900,기타,901,기타,0,0,1367349000,0,0,1367349000
2016,대구,2771000,대구달성군,일반회계,010,일반공공행정,011,입법및선거관리,697036000,0,0,697036000,0,0
2016,대구,2771000,대구달성군,일반회계,010,일반공공행정,013,지방행정ㆍ재정지원,10516896000,0,0,10516896000,0,0
2016,대구,2771000,대구달성군,일반회계,010,일반공공행정,016,일반행정,20031494000,0,0,20031494000,0,0
2016,대구,2771000,대구달성군,일반회계,020,공공질서및안전,025,재난방재ㆍ민방위,7805310000,0,0,7805310000,0,0
2016,대구,2771000,대구달성군,일반회계,050,교육,051,유아및초중등교육,3643240000,0,0,3643240000,0,0
2016,대구,2771000,대구달성군,일반회계,050,교육,052,고등교육,0,0,0,0,0,0
2016,대구,2771000,대구달성군,일반회계,050,교육,053,평생ㆍ직업교육,3331242000,0,0,3331242000,0,0
2016,대구,2771000,대구달성군,일반회계,060,문화및관광,061,문화예술,6464923000,0,0,6464923000,0,0
2016,대구,2771000,대구달성군,일반회계,060,문화및관광,062,관광,3955632000,0,0,3955632000,0,0
2016,대구,2771000,대구달성군,일반회계,060,문화및관광,063,체육,12146230000,0,0,12146230000,0,0
2016,대구,2771000,대구달성군,일반회계,060,문화및관광,064,문화재,3659536000,0,0,3659536000,0,0
2016,대구,2771000,대구달성군,일반회계,060,문화및관광,065,문화및관광일반,7913121000,0,0,7913121000,0,0
2016,대구,2771000,대구달성군,일반회계,070,환경보호,071,상하수도ㆍ수질,1091810000,0,0,1091810000,0,0
2016,대구,2771000,대구달성군,일반회계,070,환경보호,072,폐기물,9592007000,0,0,9592007000,0,0
2016,대구,2771000,대구달성군,일반회계,070,환경보호,073,대기,494086000,0,0,494086000,0,0
2016,대구,2771000,대구달성군,일반회계,070,환경보호,074,자연,231885000,0,0,231885000,0,0
2016,대구,2771000,대구달성군,일반회계,080,사회복지,081,기초생활보장,28284811000,0,0,28284811000,0,0
2016,대구,2771000,대구달성군,일반회계,080,사회복지,082,취약계층지원,23438586000,0,0,23438586000,0,0
2016,대구,2771000,대구달성군,일반회계,080,사회복지,084,보육ㆍ가족및여성,50137166000,0,0,50137166000,0,0
2016,대구,2771000,대구달성군,일반회계,080,사회복지,085,노인ㆍ청소년,50676697000,0,0,50676697000,0,0
2016,대구,2771000,대구달성군,일반회계,080,사회복지,086,노동,2787496000,0,0,2787496000,0,0
2016,대구,2771000,대구달성군,일반회계,080,사회복지,087,보훈,2019978000,0,0,2019978000,0,0
2016,대구,2771000,대구달성군,일반회계,080,사회복지,089,사회복지일반,0,0,0,0,0,0
2016,대구,2771000,대구달성군,일반회계,090,보건,091,보건의료,9627582000,0,0,9627582000,0,0
2016,대구,2771000,대구달성군,일반회계,090,보건,093,식품의약안전,557712000,0,0,557712000,0,0
2016,대구,2771000,대구달성군,일반회계,100,농림해양수산,101,농업ㆍ농촌,29234972000,0,0,29234972000,0,0
2016,대구,2771000,대구달성군,일반회계,100,농림해양수산,102,임업ㆍ산촌,10074756000,0,0,10074756000,0,0
2016,대구,2771000,대구달성군,일반회계,100,농림해양수산,103,해양수산ㆍ어촌,0,0,0,0,0,0
2016,대구,2771000,대구달성군,일반회계,110,산업ㆍ중소기업,113,무역및투자유치,92700000,0,0,92700000,0,0
2016,대구,2771000,대구달성군,일반회계,110,산업ㆍ중소기업,114,산업진흥ㆍ고도화,412196000,0,0,412196000,0,0
2016,대구,2771000,대구달성군,일반회계,110,산업ㆍ중소기업,115,에너지및자원개발,204063000,0,0,204063000,0,0
2016,대구,2771000,대구달성군,일반회계,110,산업ㆍ중소기업,116,산업ㆍ중소기업일반,1593854000,0,0,1593854000,0,0
2016,대구,2771000,대구달성군,일반회계,120,수송및교통,121,도로,75871551000,0,0,75871551000,0,0
2016,대구,2771000,대구달성군,일반회계,120,수송및교통,126,대중교통ㆍ물류등기타,14222413000,0,0,14222413000,0,0
2016,대구,2771000,대구달성군,일반회계,140,국토및지역개발,141,수자원,27449332000,0,0,27449332000,0,0
2016,대구,2771000,대구달성군,일반회계,140,국토및지역개발,142,지역및도시,31668812000,0,0,31668812000,0,0
2016,대구,2771000,대구달성군,일반회계,150,과학기술,152,과학기술연구지원,0,0,0,0,0,0
2016,대구,2771000,대구달성군,일반회계,160,예비비,161,예비비,7815512000,0,0,7815512000,0,0
2016,대구,2771000,대구달성군,일반회계,900,기타,901,기타,0,1184630000,65570733000,30756355000,936630000,65570733000
2016,대구,2771000,대구달성군,기타특별회계,070,환경보호,072,폐기물,7400000000,0,0,7400000000,0,0
2016,대구,2771000,대구달성군,기타특별회계,080,사회복지,082,취약계층지원,350896000,0,0,350896000,0,0
2016,대구,2771000,대구달성군,기타특별회계,140,국토및지역개발,141,수자원,7024239000,0,0,7024239000,0,0
2016,대구,2771000,대구달성군,기타특별회계,140,국토및지역개발,142,지역및도시,111000000,0,0,111000000,0,0
2016,대구,2771000,대구달성군,기타특별회계,140,국토및지역개발,143,산업단지,241000000,0,0,241000000,0,0
2016,대구,2771000,대구달성군,기타특별회계,900,기타,901,기타,0,90104000,282761000,21965000,80104000,282761000
2015,대구,2700000,대구본청,일반회계,100,농림해양수산,102,임업ㆍ산촌,10021989000,0,0,3559234000,0,0
2015,대구,2700000,대구본청,일반회계,110,산업ㆍ중소기업,111,산업금융지원,12245000000,0,0,10645000000,0,0
2015,대구,2700000,대구본청,일반회계,110,산업ㆍ중소기업,112,산업기술지원,12435600000,0,0,12435600000,0,0
2015,대구,2700000,대구본청,일반회계,110,산업ㆍ중소기업,113,무역및투자유치,33951420000,717600000,0,28691420000,87600000,0
2015,대구,2700000,대구본청,일반회계,110,산업ㆍ중소기업,114,산업진흥ㆍ고도화,115302544000,9226537000,0,102241334000,5971537000,0
2015,대구,2700000,대구본청,일반회계,110,산업ㆍ중소기업,115,에너지및자원개발,5796219000,0,0,3730219000,0,0
2015,대구,2700000,대구본청,일반회계,110,산업ㆍ중소기업,116,산업ㆍ중소기업일반,0,604800000,0,0,244800000,0
2015,대구,2700000,대구본청,일반회계,120,수송및교통,121,도로,104461149000,0,0,104461149000,0,0
2015,대구,2700000,대구본청,일반회계,120,수송및교통,125,항공ㆍ공항,3464400000,0,0,2064400000,0,0
2015,대구,2700000,대구본청,일반회계,120,수송및교통,126,대중교통ㆍ물류등기타,122187732000,298116720000,0,122097732000,2160000000,0
2015,대구,2700000,대구본청,일반회계,140,국토및지역개발,141,수자원,9401234000,0,0,9401234000,0,0
2015,대구,2700000,대구본청,일반회계,140,국토및지역개발,142,지역및도시,98658889000,24391444000,0,61212089000,20369944000,0
2015,대구,2700000,대구본청,일반회계,140,국토및지역개발,143,산업단지,1437800000,0,0,1437800000,0,0
2015,대구,2700000,대구본청,일반회계,150,과학기술,152,과학기술연구지원,51283900000,0,0,51283900000,0,0
2015,대구,2700000,대구본청,일반회계,160,예비비,161,예비비,68598839000,0,0,68598839000,0,0
2015,대구,2700000,대구본청,일반회계,900,기타,901,기타,0,0,385476906000,0,0,385476906000
2015,대구,2700000,대구본청,기타특별회계,010,일반공공행정,013,지방행정ㆍ재정지원,3841212000,0,0,0,0,0
2015,대구,2700000,대구본청,기타특별회계,010,일반공공행정,014,재정ㆍ금융,0,333709894000,0,0,333185894000,0
2015,대구,2700000,대구본청,기타특별회계,070,환경보호,071,상하수도ㆍ수질,3300000000,0,0,3267600000,0,0
2015,대구,2700000,대구본청,기타특별회계,080,사회복지,081,기초생활보장,381960000000,0,0,377960000000,0,0
2015,대구,2700000,대구본청,기타특별회계,110,산업ㆍ중소기업,111,산업금융지원,64962586000,0,0,64962586000,0,0
2015,대구,2700000,대구본청,기타특별회계,110,산업ㆍ중소기업,114,산업진흥ㆍ고도화,1001600000,0,0,1001600000,0,0
2015,대구,2700000,대구본청,기타특별회계,120,수송및교통,121,도로,6075000000,0,0,6075000000,0,0
2015,대구,2700000,대구본청,기타특별회계,120,수송및교통,123,도시철도,57002279000,0,0,57002279000,0,0
2015,대구,2700000,대구본청,기타특별회계,120,수송및교통,126,대중교통ㆍ물류등기타,124686788000,60000000,0,114713288000,60000000,0
2015,대구,2700000,대구본청,기타특별회계,140,국토및지역개발,142,지역및도시,34807000000,800000000,0,34807000000,800000000,0
2015,대구,2700000,대구본청,기타특별회계,140,국토및지역개발,143,산업단지,5571940000,0,0,5571940000,0,0
2015,대구,2700000,대구본청,기타특별회계,900,기타,901,기타,0,0,10021701000,6123762000,0,10021701000
2015,대구,2700000,대구본청,공기업특별회계,010,일반공공행정,014,재정ㆍ금융,20011138000,27960162000,0,2251138000,27960162000,0
2015,대구,2700000,대구본청,공기업특별회계,010,일반공공행정,016,일반행정,0,0,0,0,0,0
2015,대구,2700000,대구본청,공기업특별회계,070,환경보호,071,상하수도ㆍ수질,322567494000,18942058000,0,320841127000,15465058000,0
2015,대구,2700000,대구본청,공기업특별회계,140,국토및지역개발,141,수자원,0,0,0,0,0,0
2015,대구,2700000,대구본청,공기업특별회계,900,기타,901,기타,0,0,69919148000,0,0,69919148000
2015,대구,2700000,대구본청,일반회계,010,일반공공행정,011,입법및선거관리,4741675000,0,0,4741675000,0,0
2015,대구,2700000,대구본청,일반회계,010,일반공공행정,013,지방행정ㆍ재정지원,414964293000,0,0,1629149000,0,0
2015,대구,2700000,대구본청,일반회계,010,일반공공행정,014,재정ㆍ금융,0,144002290000,0,0,138956840000,0
2015,대구,2700000,대구본청,일반회계,010,일반공공행정,016,일반행정,62657474000,21000000000,0,54251244000,21000000000,0
2015,대구,2700000,대구본청,일반회계,020,공공질서및안전,025,재난방재ㆍ민방위,35685729000,16216685000,0,12674973000,16216685000,0
2015,대구,2700000,대구본청,일반회계,020,공공질서및안전,026,소방,43518752000,0,0,43518752000,0,0
2015,대구,2700000,대구본청,일반회계,050,교육,051,유아및초중등교육,419983164000,0,0,411809034000,0,0
2015,대구,2700000,대구본청,일반회계,050,교육,053,평생ㆍ직업교육,1089480000,0,0,829480000,0,0
2015,대구,2700000,대구본청,일반회계,060,문화및관광,061,문화예술,79252233000,211274000,0,76321133000,211274000,0
2015,대구,2700000,대구본청,일반회계,060,문화및관광,062,관광,11222400000,0,0,10342400000,0,0
2015,대구,2700000,대구본청,일반회계,060,문화및관광,063,체육,98428865000,18717205000,0,87897272000,16025480000,0
2015,대구,2700000,대구본청,일반회계,060,문화및관광,064,문화재,6693732000,0,0,1432667000,0,0
2015,대구,2700000,대구본청,일반회계,070,환경보호,071,상하수도ㆍ수질,9352085000,2278740000,0,6281485000,84500000,0
2015,대구,2700000,대구본청,일반회계,070,환경보호,072,폐기물,40215843000,0,0,39117843000,0,0
2015,대구,2700000,대구본청,일반회계,070,환경보호,073,대기,9731682000,0,0,7609755000,0,0
2015,대구,2700000,대구본청,일반회계,070,환경보호,074,자연,8779284000,0,0,7547284000,0,0
2015,대구,2700000,대구본청,일반회계,070,환경보호,076,환경보호일반,9240364000,0,0,8838364000,0,0
2015,대구,2700000,대구본청,일반회계,080,사회복지,081,기초생활보장,357892031000,0,0,3228520000,0,0
2015,대구,2700000,대구본청,일반회계,080,사회복지,082,취약계층지원,230113182000,0,0,20675080000,0,0
2015,대구,2700000,대구본청,일반회계,080,사회복지,084,보육ㆍ가족및여성,475912613000,100000000,0,12093074000,100000000,0
2015,대구,2700000,대구본청,일반회계,080,사회복지,085,노인ㆍ청소년,554408881000,0,0,54579003000,0,0
2015,대구,2700000,대구본청,일반회계,080,사회복지,086,노동,39268679000,0,0,17245679000,0,0
2015,대구,2700000,대구본청,일반회계,080,사회복지,087,보훈,7701190000,0,0,956190000,0,0
2015,대구,2700000,대구본청,일반회계,090,보건,091,보건의료,85556873000,76531833000,0,20919451000,210231000,0
2015,대구,2700000,대구본청,일반회계,090,보건,093,식품의약안전,3813565000,0,0,1905565000,0,0
2015,대구,2700000,대구본청,일반회계,100,농림해양수산,101,농업ㆍ농촌,31687182000,50000000,0,13393252000,50000000,0
2015,대구,2711000,대구중구,일반회계,010,일반공공행정,011,입법및선거관리,488861000,0,0,488861000,0,0
2015,대구,2711000,대구중구,기타특별회계,080,사회복지,082,취약계층지원,1387360000,0,0,1387360000,0,0
2015,대구,2711000,대구중구,기타특별회계,080,사회복지,081,기초생활보장,228500000,26140000,0,228500000,23640000,0
2015,대구,2711000,대구중구,일반회계,900,기타,901,기타,0,0,49181492000,5760657000,0,49181492000
2015,대구,2711000,대구중구,일반회계,160,예비비,161,예비비,2198991000,0,0,2198991000,0,0
2015,대구,2711000,대구중구,일반회계,140,국토및지역개발,142,지역및도시,13184744000,0,0,13184744000,0,0
2015,대구,2711000,대구중구,일반회계,120,수송및교통,126,대중교통ㆍ물류등기타,1126411000,215500000,0,1126411000,215500000,0
2015,대구,2711000,대구중구,일반회계,120,수송및교통,121,도로,2618103000,0,0,2618103000,0,0
2015,대구,2711000,대구중구,일반회계,110,산업ㆍ중소기업,115,에너지및자원개발,42720000,0,0,42720000,0,0
2015,대구,2711000,대구중구,일반회계,110,산업ㆍ중소기업,114,산업진흥ㆍ고도화,840450000,8000000,0,840450000,8000000,0
2015,대구,2711000,대구중구,일반회계,100,농림해양수산,101,농업ㆍ농촌,82749000,0,0,82749000,0,0
2015,대구,2711000,대구중구,일반회계,090,보건,093,식품의약안전,242602000,0,0,242602000,0,0
2015,대구,2711000,대구중구,일반회계,090,보건,091,보건의료,5438835000,0,0,5438835000,0,0
2015,대구,2711000,대구중구,일반회계,080,사회복지,088,주택,4711049000,0,0,4711049000,0,0
2015,대구,2711000,대구중구,일반회계,080,사회복지,087,보훈,519500000,0,0,519500000,0,0
2015,대구,2711000,대구중구,일반회계,080,사회복지,086,노동,2453024000,0,0,2453024000,0,0
2015,대구,2711000,대구중구,일반회계,080,사회복지,085,노인ㆍ청소년,28670800000,0,0,28670800000,0,0
2015,대구,2711000,대구중구,일반회계,080,사회복지,084,보육ㆍ가족및여성,12218890000,0,0,12218890000,0,0
2015,대구,2711000,대구중구,일반회계,080,사회복지,082,취약계층지원,14288933000,0,0,14288933000,0,0
2015,대구,2711000,대구중구,일반회계,080,사회복지,081,기초생활보장,11573203000,0,0,11573203000,0,0
2015,대구,2711000,대구중구,일반회계,070,환경보호,073,대기,272922000,0,0,272922000,0,0
2015,대구,2711000,대구중구,일반회계,070,환경보호,072,폐기물,3915117000,0,0,3915117000,0,0
2015,대구,2711000,대구중구,일반회계,070,환경보호,071,상하수도ㆍ수질,46370000,0,0,46370000,0,0
2015,대구,2711000,대구중구,일반회계,060,문화및관광,065,문화및관광일반,0,0,0,0,0,0
2015,대구,2711000,대구중구,일반회계,060,문화및관광,064,문화재,723455000,0,0,723455000,0,0
2015,대구,2711000,대구중구,일반회계,060,문화및관광,063,체육,1188391000,0,0,1188391000,0,0
2015,대구,2711000,대구중구,일반회계,060,문화및관광,062,관광,544107000,0,0,544107000,0,0
2015,대구,2711000,대구중구,일반회계,060,문화및관광,061,문화예술,1899033000,0,0,1899033000,0,0
2015,대구,2711000,대구중구,일반회계,050,교육,053,평생ㆍ직업교육,96020000,0,0,96020000,0,0
2015,대구,2711000,대구중구,일반회계,050,교육,051,유아및초중등교육,275780000,0,0,275780000,0,0
2015,대구,2711000,대구중구,일반회계,020,공공질서및안전,025,재난방재ㆍ민방위,310202000,270439000,0,310202000,270439000,0
2015,대구,2711000,대구중구,일반회계,010,일반공공행정,016,일반행정,8322876000,0,0,8322876000,0,0
2015,대구,2711000,대구중구,일반회계,010,일반공공행정,014,재정ㆍ금융,0,1532061000,0,0,1027061000,0
2015,대구,2711000,대구중구,일반회계,010,일반공공행정,013,지방행정ㆍ재정지원,398370000,0,0,398370000,0,0
2015,대구,2712000,대구동구,일반회계,090,보건,093,식품의약안전,511960000,0,0,511960000,0,0
2015,대구,2712000,대구동구,일반회계,100,농림해양수산,101,농업ㆍ농촌,3229425000,0,0,3229425000,0,0
2015,대구,2712000,대구동구,일반회계,100,농림해양수산,102,임업ㆍ산촌,2142193000,0,0,2142193000,0,0
2015,대구,2712000,대구동구,일반회계,110,산업ㆍ중소기업,114,산업진흥ㆍ고도화,127318000,0,0,127318000,0,0
2015,대구,2712000,대구동구,일반회계,120,수송및교통,121,도로,4446642000,0,0,4446642000,0,0
2015,대구,2712000,대구동구,일반회계,120,수송및교통,126,대중교통ㆍ물류등기타,993866000,0,0,993866000,0,0
2015,대구,2712000,대구동구,일반회계,140,국토및지역개발,141,수자원,5046272000,0,0,5046272000,0,0
2015,대구,2712000,대구동구,일반회계,140,국토및지역개발,142,지역및도시,7936208000,0,0,7936208000,0,0
2015,대구,2712000,대구동구,일반회계,160,예비비,161,예비비,4088526000,0,0,4088526000,0,0
2015,대구,2712000,대구동구,일반회계,900,기타,901,기타,0,0,72571693000,11550729000,0,72571693000
2015,대구,2712000,대구동구,기타특별회계,070,환경보호,072,폐기물,0,0,0,0,0,0
2015,대구,2712000,대구동구,기타특별회계,080,사회복지,081,기초생활보장,1049779000,60821000,0,1049779000,51821000,0
2015,대구,2712000,대구동구,기타특별회계,110,산업ㆍ중소기업,115,에너지및자원개발,2459000000,0,0,2459000000,0,0
2015,대구,2712000,대구동구,기타특별회계,120,수송및교통,126,대중교통ㆍ물류등기타,1785196000,0,0,1785196000,0,0
2015,대구,2712000,대구동구,기타특별회계,140,국토및지역개발,142,지역및도시,0,35000000,0,0,35000000,0
2015,대구,2712000,대구동구,기타특별회계,900,기타,901,기타,0,0,1010204000,0,0,1010204000
2015,대구,2712000,대구동구,일반회계,010,일반공공행정,011,입법및선거관리,949974000,0,0,949974000,0,0
2015,대구,2712000,대구동구,일반회계,010,일반공공행정,013,지방행정ㆍ재정지원,719071000,0,0,719071000,0,0
2015,대구,2712000,대구동구,일반회계,010,일반공공행정,016,일반행정,11859637000,773800000,0,11859637000,723800000,0
2015,대구,2712000,대구동구,일반회계,020,공공질서및안전,025,재난방재ㆍ민방위,677877000,507000000,0,677877000,507000000,0
2015,대구,2712000,대구동구,일반회계,050,교육,053,평생ㆍ직업교육,2378252000,0,0,2378252000,0,0
2015,대구,2712000,대구동구,일반회계,060,문화및관광,061,문화예술,4465207000,0,0,4465207000,0,0
2015,대구,2712000,대구동구,일반회계,060,문화및관광,062,관광,0,0,0,0,0,0
2015,대구,2712000,대구동구,일반회계,060,문화및관광,063,체육,1398111000,0,0,1398111000,0,0
2015,대구,2712000,대구동구,일반회계,060,문화및관광,064,문화재,2612241000,0,0,2612241000,0,0
2015,대구,2712000,대구동구,일반회계,070,환경보호,071,상하수도ㆍ수질,0,0,0,0,0,0
2015,대구,2712000,대구동구,일반회계,070,환경보호,072,폐기물,8637728000,0,0,8637728000,0,0
2015,대구,2712000,대구동구,일반회계,070,환경보호,073,대기,0,0,0,0,0,0
2015,대구,2712000,대구동구,일반회계,070,환경보호,076,환경보호일반,827434000,0,0,827434000,0,0
2015,대구,2712000,대구동구,일반회계,080,사회복지,081,기초생활보장,59534075000,0,0,59534075000,0,0
2015,대구,2712000,대구동구,일반회계,080,사회복지,082,취약계층지원,38475948000,0,0,38475948000,0,0
2015,대구,2712000,대구동구,일반회계,080,사회복지,084,보육ㆍ가족및여성,63340141000,0,0,63340141000,0,0
2015,대구,2712000,대구동구,일반회계,080,사회복지,085,노인ㆍ청소년,97303315000,0,0,97303315000,0,0
2015,대구,2712000,대구동구,일반회계,080,사회복지,089,사회복지일반,10736415000,0,0,10736415000,0,0
2015,대구,2712000,대구동구,일반회계,090,보건,091,보건의료,12409671000,0,0,12409671000,0,0
2015,대구,2713000,대구서구,일반회계,010,일반공공행정,011,입법및선거관리,697697000,0,0,697697000,0,0
2015,대구,2713000,대구서구,일반회계,010,일반공공행정,013,지방행정ㆍ재정지원,277445000,0,0,277445000,0,0
2015,대구,2713000,대구서구,일반회계,010,일반공공행정,014,재정ㆍ금융,0,2900000000,0,0,1400000000,0
2015,대구,2713000,대구서구,일반회계,010,일반공공행정,016,일반행정,7911454000,0,0,7911454000,0,0
2015,대구,2713000,대구서구,일반회계,020,공공질서및안전,025,재난방재ㆍ민방위,243888000,243294000,0,243888000,243294000,0
2015,대구,2713000,대구서구,일반회계,050,교육,051,유아및초중등교육,302420000,0,0,302420000,0,0
2015,대구,2713000,대구서구,일반회계,050,교육,053,평생ㆍ직업교육,1862259000,0,0,1862259000,0,0
2015,대구,2713000,대구서구,일반회계,060,문화및관광,061,문화예술,874666000,0,0,874666000,0,0
2015,대구,2713000,대구서구,일반회계,060,문화및관광,063,체육,1372957000,0,0,1372957000,0,0
2015,대구,2713000,대구서구,일반회계,070,환경보호,071,상하수도ㆍ수질,116858000,0,0,116858000,0,0
2015,대구,2713000,대구서구,일반회계,070,환경보호,072,폐기물,5530333000,0,0,5530333000,0,0
2015,대구,2713000,대구서구,일반회계,070,환경보호,073,대기,607694000,0,0,607694000,0,0
2015,대구,2713000,대구서구,일반회계,070,환경보호,076,환경보호일반,194785000,0,0,194785000,0,0
2015,대구,2713000,대구서구,일반회계,080,사회복지,081,기초생활보장,36779636000,0,0,36779636000,0,0
2015,대구,2713000,대구서구,일반회계,080,사회복지,082,취약계층지원,56854908000,0,0,56854908000,0,0
2015,대구,2713000,대구서구,일반회계,080,사회복지,084,보육ㆍ가족및여성,2201139000,0,0,2201139000,0,0
2015,대구,2713000,대구서구,일반회계,080,사회복지,085,노인ㆍ청소년,59262189000,0,0,59262189000,0,0
2015,대구,2713000,대구서구,일반회계,080,사회복지,086,노동,2099549000,0,0,2099549000,0,0
2015,대구,2713000,대구서구,일반회계,080,사회복지,089,사회복지일반,0,0,0,0,0,0
2015,대구,2713000,대구서구,일반회계,090,보건,091,보건의료,7424244000,0,0,7424244000,0,0
2015,대구,2713000,대구서구,일반회계,090,보건,093,식품의약안전,228524000,0,0,228524000,0,0
2015,대구,2713000,대구서구,일반회계,100,농림해양수산,101,농업ㆍ농촌,161592000,0,0,161592000,0,0
2015,대구,2713000,대구서구,일반회계,100,농림해양수산,102,임업ㆍ산촌,372845000,0,0,342845000,0,0
2015,대구,2713000,대구서구,일반회계,110,산업ㆍ중소기업,114,산업진흥ㆍ고도화,6768986000,0,0,6768986000,0,0
2015,대구,2713000,대구서구,일반회계,110,산업ㆍ중소기업,115,에너지및자원개발,174028000,0,0,174028000,0,0
2015,대구,2713000,대구서구,일반회계,120,수송및교통,121,도로,1065244000,0,0,1065244000,0,0
2015,대구,2713000,대구서구,일반회계,120,수송및교통,126,대중교통ㆍ물류등기타,497709000,0,0,497709000,0,0
2015,대구,2713000,대구서구,일반회계,140,국토및지역개발,142,지역및도시,7316527000,0,0,7316527000,0,0
2015,대구,2713000,대구서구,일반회계,160,예비비,161,예비비,2643860000,0,0,2643860000,0,0
2015,대구,2713000,대구서구,일반회계,900,기타,901,기타,0,0,55713270000,9542832000,0,55713270000
2015,대구,2713000,대구서구,기타특별회계,080,사회복지,081,기초생활보장,0,331697000,0,0,291674000,0
2015,대구,2713000,대구서구,기타특별회계,080,사회복지,082,취약계층지원,368002000,0,0,368002000,0,0
2015,대구,2713000,대구서구,기타특별회계,140,국토및지역개발,142,지역및도시,2000000000,0,0,2000000000,0,0
2015,대구,2713000,대구서구,기타특별회계,900,기타,901,기타,0,0,100301000,0,0,100301000
2015,대구,2714000,대구남구,일반회계,090,보건,093,식품의약안전,307873000,0,0,307873000,0,0
2015,대구,2714000,대구남구,일반회계,100,농림해양수산,101,농업ㆍ농촌,100344000,0,0,100344000,0,0
2015,대구,2714000,대구남구,일반회계,100,농림해양수산,102,임업ㆍ산촌,816902000,0,0,766902000,0,0
2015,대구,2714000,대구남구,일반회계,110,산업ㆍ중소기업,114,산업진흥ㆍ고도화,704030000,0,0,704030000,0,0
2015,대구,2714000,대구남구,일반회계,110,산업ㆍ중소기업,115,에너지및자원개발,13059000,0,0,13059000,0,0
2015,대구,2714000,대구남구,일반회계,120,수송및교통,121,도로,1928128000,0,0,1928128000,0,0
2015,대구,2714000,대구남구,일반회계,120,수송및교통,126,대중교통ㆍ물류등기타,245712000,0,0,245712000,0,0
2015,대구,2714000,대구남구,일반회계,140,국토및지역개발,142,지역및도시,17193863000,100000000,0,17193863000,100000000,0
2015,대구,2714000,대구남구,일반회계,160,예비비,161,예비비,2737572000,0,0,2737572000,0,0
2015,대구,2714000,대구남구,일반회계,900,기타,901,기타,0,3030000000,50623483000,9645186000,1515000000,50623483000
2015,대구,2714000,대구남구,기타특별회계,080,사회복지,081,기초생활보장,370583000,0,0,370583000,0,0
2015,대구,2714000,대구남구,기타특별회계,080,사회복지,082,취약계층지원,60000000,0,0,60000000,0,0
2015,대구,2714000,대구남구,기타특별회계,120,수송및교통,126,대중교통ㆍ물류등기타,1638708000,0,0,1638708000,0,0
2015,대구,2714000,대구남구,기타특별회계,140,국토및지역개발,142,지역및도시,0,2700000,0,0,2700000,0
2015,대구,2714000,대구남구,기타특별회계,160,예비비,161,예비비,0,0,0,0,0,0
2015,대구,2714000,대구남구,기타특별회계,900,기타,901,기타,0,46425000,781284000,0,42825000,781284000
2015,대구,2714000,대구남구,일반회계,010,일반공공행정,011,입법및선거관리,518249000,0,0,518249000,0,0
2015,대구,2714000,대구남구,일반회계,010,일반공공행정,013,지방행정ㆍ재정지원,485722000,0,0,485722000,0,0
2015,대구,2714000,대구남구,일반회계,010,일반공공행정,016,일반행정,6894078000,0,0,6894078000,0,0
2015,대구,2714000,대구남구,일반회계,020,공공질서및안전,025,재난방재ㆍ민방위,278319000,144700000,0,278319000,144700000,0
2015,대구,2714000,대구남구,일반회계,050,교육,051,유아및초중등교육,288720000,0,0,288720000,0,0
2015,대구,2714000,대구남구,일반회계,050,교육,053,평생ㆍ직업교육,73360000,0,0,73360000,0,0
2015,대구,2714000,대구남구,일반회계,060,문화및관광,061,문화예술,1087658000,0,0,1087658000,0,0
2015,대구,2714000,대구남구,일반회계,060,문화및관광,063,체육,1494137000,0,0,1494137000,0,0
2015,대구,2714000,대구남구,일반회계,060,문화및관광,064,문화재,96860000,0,0,96860000,0,0
2015,대구,2714000,대구남구,일반회계,070,환경보호,071,상하수도ㆍ수질,226672000,0,0,226672000,0,0
2015,대구,2714000,대구남구,일반회계,070,환경보호,072,폐기물,4374902000,0,0,4374902000,0,0
2015,대구,2714000,대구남구,일반회계,070,환경보호,073,대기,206825000,0,0,206825000,0,0
2015,대구,2714000,대구남구,일반회계,070,환경보호,076,환경보호일반,63822000,0,0,63822000,0,0
2015,대구,2714000,대구남구,일반회계,080,사회복지,081,기초생활보장,27076614000,0,0,27076614000,0,0
2015,대구,2714000,대구남구,일반회계,080,사회복지,082,취약계층지원,24014207000,0,0,24014207000,0,0
2015,대구,2714000,대구남구,일반회계,080,사회복지,084,보육ㆍ가족및여성,27450412000,0,0,27450412000,0,0
2015,대구,2714000,대구남구,일반회계,080,사회복지,085,노인ㆍ청소년,52734540000,0,0,52734540000,0,0
2015,대구,2714000,대구남구,일반회계,080,사회복지,086,노동,2645476000,0,0,2645476000,0,0
2015,대구,2714000,대구남구,일반회계,080,사회복지,087,보훈,867244000,0,0,867244000,0,0
2015,대구,2714000,대구남구,일반회계,090,보건,091,보건의료,6576517000,0,0,6576517000,0,0
2015,대구,2715000,대구북구,일반회계,010,일반공공행정,011,입법및선거관리,1071078000,0,0,1071078000,0,0
2015,대구,2715000,대구북구,일반회계,010,일반공공행정,013,지방행정ㆍ재정지원,752949000,0,0,752949000,0,0
2015,대구,2715000,대구북구,일반회계,010,일반공공행정,016,일반행정,18220892000,2480698000,0,18220892000,1480698000,0
2015,대구,2715000,대구북구,일반회계,020,공공질서및안전,025,재난방재ㆍ민방위,511278000,794536000,0,511278000,794536000,0
2015,대구,2715000,대구북구,일반회계,050,교육,051,유아및초중등교육,1031708000,0,0,1031708000,0,0
2015,대구,2715000,대구북구,일반회계,050,교육,053,평생ㆍ직업교육,166400000,0,0,166400000,0,0
2015,대구,2715000,대구북구,일반회계,060,문화및관광,061,문화예술,2211622000,0,0,2211622000,0,0
2015,대구,2715000,대구북구,일반회계,060,문화및관광,063,체육,3450449000,0,0,3450449000,0,0
2015,대구,2715000,대구북구,일반회계,060,문화및관광,064,문화재,230110000,0,0,230110000,0,0
2015,대구,2715000,대구북구,일반회계,070,환경보호,071,상하수도ㆍ수질,54837000,0,0,54837000,0,0
2015,대구,2715000,대구북구,일반회계,070,환경보호,072,폐기물,12591799000,253000000,0,12591799000,3000000,0
2015,대구,2715000,대구북구,일반회계,070,환경보호,073,대기,159464000,0,0,159464000,0,0
2015,대구,2715000,대구북구,일반회계,070,환경보호,076,환경보호일반,317562000,0,0,317562000,0,0
2015,대구,2715000,대구북구,일반회계,080,사회복지,081,기초생활보장,53721941000,0,0,53721941000,0,0
2015,대구,2715000,대구북구,일반회계,080,사회복지,082,취약계층지원,33802299000,0,0,33802299000,0,0
2015,대구,2715000,대구북구,일반회계,080,사회복지,084,보육ㆍ가족및여성,103202562000,0,0,103202562000,0,0
2015,대구,2715000,대구북구,일반회계,080,사회복지,085,노인ㆍ청소년,85289917000,0,0,85289917000,0,0
2015,대구,2715000,대구북구,일반회계,080,사회복지,086,노동,3825872000,0,0,3825872000,0,0
2015,대구,2715000,대구북구,일반회계,080,사회복지,087,보훈,1074550000,0,0,1074550000,0,0
2015,대구,2715000,대구북구,일반회계,090,보건,091,보건의료,14327349000,0,0,14327349000,0,0
2015,대구,2715000,대구북구,일반회계,090,보건,093,식품의약안전,377714000,0,0,377714000,0,0
2015,대구,2715000,대구북구,일반회계,100,농림해양수산,101,농업ㆍ농촌,2667512000,0,0,2667512000,0,0
2015,대구,2715000,대구북구,일반회계,100,농림해양수산,102,임업ㆍ산촌,2441949000,0,0,2271949000,0,0
2015,대구,2715000,대구북구,일반회계,110,산업ㆍ중소기업,116,산업ㆍ중소기업일반,1416582000,0,0,1416582000,0,0
2015,대구,2715000,대구북구,일반회계,120,수송및교통,121,도로,4764446000,0,0,4764446000,0,0
2015,대구,2715000,대구북구,일반회계,120,수송및교통,126,대중교통ㆍ물류등기타,549122000,0,0,549122000,0,0
2015,대구,2715000,대구북구,일반회계,140,국토및지역개발,141,수자원,843267000,0,0,843267000,0,0
2015,대구,2715000,대구북구,일반회계,140,국토및지역개발,142,지역및도시,4367474000,3000000,0,4367474000,3000000,0
2015,대구,2715000,대구북구,일반회계,160,예비비,161,예비비,4338989000,0,0,4338989000,0,0
2015,대구,2715000,대구북구,일반회계,900,기타,901,기타,0,0,76087073000,10716827000,0,76087073000
2015,대구,2715000,대구북구,기타특별회계,070,환경보호,072,폐기물,0,0,0,0,0,0
2015,대구,2715000,대구북구,기타특별회계,080,사회복지,081,기초생활보장,580015000,224537000,0,580015000,221093000,0
2015,대구,2715000,대구북구,기타특별회계,120,수송및교통,126,대중교통ㆍ물류등기타,2918689000,4000000,0,2918689000,4000000,0
2015,대구,2715000,대구북구,기타특별회계,140,국토및지역개발,142,지역및도시,0,34000000,0,0,34000000,0
2015,대구,2715000,대구북구,기타특별회계,900,기타,901,기타,0,0,838759000,0,0,838759000
2015,대구,2716000,대구수성구,일반회계,010,일반공공행정,011,입법및선거관리,1346102000,0,0,1346102000,0,0
2015,대구,2716000,대구수성구,일반회계,010,일반공공행정,013,지방행정ㆍ재정지원,1060029000,0,0,1060029000,0,0
2015,대구,2716000,대구수성구,일반회계,010,일반공공행정,014,재정ㆍ금융,0,0,0,0,0,0
2015,대구,2716000,대구수성구,일반회계,010,일반공공행정,016,일반행정,11494542000,0,0,11494542000,0,0
2015,대구,2716000,대구수성구,일반회계,020,공공질서및안전,025,재난방재ㆍ민방위,1947975000,0,0,1947975000,0,0
2015,대구,2716000,대구수성구,일반회계,050,교육,051,유아및초중등교육,1866230000,0,0,1866230000,0,0
2015,대구,2716000,대구수성구,일반회계,050,교육,053,평생ㆍ직업교육,1787760000,0,0,1787760000,0,0
2015,대구,2716000,대구수성구,일반회계,060,문화및관광,061,문화예술,11335086000,0,0,11335086000,0,0
2015,대구,2716000,대구수성구,일반회계,060,문화및관광,062,관광,31400000,0,0,31400000,0,0
2015,대구,2716000,대구수성구,일반회계,060,문화및관광,063,체육,1566098000,0,0,1566098000,0,0
2015,대구,2716000,대구수성구,일반회계,060,문화및관광,064,문화재,347111000,0,0,347111000,0,0
2015,대구,2716000,대구수성구,일반회계,070,환경보호,071,상하수도ㆍ수질,60962000,0,0,60962000,0,0
2015,대구,2716000,대구수성구,일반회계,070,환경보호,072,폐기물,12151324000,0,0,12151324000,0,0
2015,대구,2716000,대구수성구,일반회계,070,환경보호,073,대기,131054000,0,0,131054000,0,0
2015,대구,2716000,대구수성구,일반회계,070,환경보호,076,환경보호일반,358573000,0,0,358573000,0,0
2015,대구,2716000,대구수성구,일반회계,080,사회복지,081,기초생활보장,54571754000,0,0,54571754000,0,0
2015,대구,2716000,대구수성구,일반회계,080,사회복지,082,취약계층지원,36250465000,0,0,36250465000,0,0
2015,대구,2716000,대구수성구,일반회계,080,사회복지,084,보육ㆍ가족및여성,76131303000,0,0,76131303000,0,0
2015,대구,2716000,대구수성구,일반회계,080,사회복지,085,노인ㆍ청소년,82893750000,0,0,82893750000,0,0
2015,대구,2716000,대구수성구,일반회계,080,사회복지,086,노동,3757034000,0,0,3757034000,0,0
2015,대구,2716000,대구수성구,일반회계,080,사회복지,087,보훈,1387640000,0,0,1387640000,0,0
2015,대구,2716000,대구수성구,일반회계,090,보건,091,보건의료,14098598000,0,0,14098598000,0,0
2015,대구,2716000,대구수성구,일반회계,090,보건,093,식품의약안전,515731000,0,0,515731000,0,0
2015,대구,2716000,대구수성구,일반회계,100,농림해양수산,101,농업ㆍ농촌,1515193000,0,0,1515193000,0,0
2015,대구,2716000,대구수성구,일반회계,100,농림해양수산,102,임업ㆍ산촌,2396870000,0,0,2246870000,0,0
2015,대구,2716000,대구수성구,일반회계,110,산업ㆍ중소기업,114,산업진흥ㆍ고도화,31425000,0,0,31425000,0,0
2015,대구,2716000,대구수성구,일반회계,110,산업ㆍ중소기업,115,에너지및자원개발,23750000,0,0,23750000,0,0
2015,대구,2716000,대구수성구,일반회계,110,산업ㆍ중소기업,116,산업ㆍ중소기업일반,4600000,0,0,4600000,0,0
2015,대구,2716000,대구수성구,일반회계,120,수송및교통,121,도로,3575433000,0,0,3575433000,0,0
2015,대구,2716000,대구수성구,일반회계,120,수송및교통,126,대중교통ㆍ물류등기타,899361000,0,0,899361000,0,0
2015,대구,2716000,대구수성구,일반회계,140,국토및지역개발,141,수자원,4202582000,0,0,4202582000,0,0
2015,대구,2716000,대구수성구,일반회계,140,국토및지역개발,142,지역및도시,4378140000,0,0,4378140000,0,0
2015,대구,2716000,대구수성구,일반회계,160,예비비,161,예비비,4473361000,0,0,4473361000,0,0
2015,대구,2716000,대구수성구,일반회계,900,기타,901,기타,0,0,74008764000,8513834000,0,74008764000
2015,대구,2716000,대구수성구,기타특별회계,080,사회복지,081,기초생활보장,0,0,0,0,0,0
2015,대구,2716000,대구수성구,기타특별회계,080,사회복지,082,취약계층지원,540505000,695000,0,540505000,0,0
2015,대구,2716000,대구수성구,기타특별회계,120,수송및교통,126,대중교통ㆍ물류등기타,1884412000,3800000000,0,1884412000,3800000000,0
2015,대구,2716000,대구수성구,기타특별회계,140,국토및지역개발,142,지역및도시,0,475000000,0,0,475000000,0
2015,대구,2716000,대구수성구,기타특별회계,160,예비비,161,예비비,0,0,0,0,0,0
2015,대구,2716000,대구수성구,기타특별회계,900,기타,901,기타,0,0,819388000,0,0,819388000
2015,대구,2717000,대구달서구,일반회계,010,일반공공행정,013,지방행정ㆍ재정지원,1143409000,0,0,1143409000,0,0
2015,대구,2717000,대구달서구,일반회계,010,일반공공행정,014,재정ㆍ금융,0,0,0,0,0,0
2015,대구,2717000,대구달서구,일반회계,010,일반공공행정,016,일반행정,14271610000,3924800000,0,14271610000,2592300000,0
2015,대구,2717000,대구달서구,일반회계,020,공공질서및안전,025,재난방재ㆍ민방위,3421358000,827092000,0,3421358000,827092000,0
2015,대구,2717000,대구달서구,일반회계,050,교육,051,유아및초중등교육,2501700000,0,0,2501700000,0,0
2015,대구,2717000,대구달서구,일반회계,050,교육,053,평생ㆍ직업교육,594150000,0,0,594150000,0,0
2015,대구,2717000,대구달서구,일반회계,060,문화및관광,061,문화예술,4922087000,231750000,0,4922087000,231750000,0
2015,대구,2717000,대구달서구,일반회계,060,문화및관광,063,체육,3697564000,0,0,3697564000,0,0
2015,대구,2717000,대구달서구,일반회계,070,환경보호,071,상하수도ㆍ수질,4441947000,0,0,4041947000,0,0
2015,대구,2717000,대구달서구,일반회계,070,환경보호,072,폐기물,14344730000,0,0,14344730000,0,0
2015,대구,2717000,대구달서구,일반회계,070,환경보호,073,대기,271132000,0,0,271132000,0,0
2015,대구,2717000,대구달서구,일반회계,070,환경보호,076,환경보호일반,189528000,0,0,189528000,0,0
2015,대구,2717000,대구달서구,일반회계,080,사회복지,081,기초생활보장,80057778000,0,0,80057778000,0,0
2015,대구,2717000,대구달서구,일반회계,080,사회복지,082,취약계층지원,41992938000,0,0,41992938000,0,0
2015,대구,2717000,대구달서구,일반회계,080,사회복지,084,보육ㆍ가족및여성,118419155000,0,0,118419155000,0,0
2015,대구,2717000,대구달서구,일반회계,080,사회복지,085,노인ㆍ청소년,97421473000,0,0,97421473000,0,0
2015,대구,2717000,대구달서구,일반회계,080,사회복지,086,노동,2797000000,0,0,2797000000,0,0
2015,대구,2717000,대구달서구,일반회계,080,사회복지,087,보훈,1269540000,0,0,1269540000,0,0
2015,대구,2717000,대구달서구,일반회계,080,사회복지,089,사회복지일반,171000000,0,0,171000000,0,0
2015,대구,2717000,대구달서구,일반회계,090,보건,091,보건의료,17775031000,0,0,17775031000,0,0
2015,대구,2717000,대구달서구,일반회계,090,보건,093,식품의약안전,682676000,0,0,682676000,0,0
2015,대구,2717000,대구달서구,일반회계,100,농림해양수산,101,농업ㆍ농촌,334796000,0,0,334796000,0,0
2015,대구,2717000,대구달서구,일반회계,100,농림해양수산,102,임업ㆍ산촌,799379000,0,0,699379000,0,0
2015,대구,2717000,대구달서구,일반회계,110,산업ㆍ중소기업,114,산업진흥ㆍ고도화,6497936000,0,0,6497936000,0,0
2015,대구,2717000,대구달서구,일반회계,120,수송및교통,121,도로,5821480000,0,0,5821480000,0,0
2015,대구,2717000,대구달서구,일반회계,120,수송및교통,126,대중교통ㆍ물류등기타,851061000,0,0,851061000,0,0
2015,대구,2717000,대구달서구,일반회계,140,국토및지역개발,142,지역및도시,11963697000,102148000,0,11963697000,102148000,0
2015,대구,2717000,대구달서구,일반회계,160,예비비,161,예비비,7183232000,0,0,7183232000,0,0
2015,대구,2717000,대구달서구,일반회계,900,기타,901,기타,0,0,82082575000,9443653000,0,82082575000
2015,대구,2717000,대구달서구,기타특별회계,070,환경보호,072,폐기물,1618000000,0,0,1618000000,0,0
2015,대구,2717000,대구달서구,기타특별회계,080,사회복지,081,기초생활보장,1428340000,0,0,1428340000,0,0
2015,대구,2717000,대구달서구,기타특별회계,120,수송및교통,126,대중교통ㆍ물류등기타,4300748000,0,0,4300748000,0,0
2015,대구,2717000,대구달서구,기타특별회계,140,국토및지역개발,142,지역및도시,0,0,0,0,0,0
2015,대구,2717000,대구달서구,기타특별회계,900,기타,901,기타,0,0,1252912000,0,0,1252912000
2015,대구,2717000,대구달서구,일반회계,010,일반공공행정,011,입법및선거관리,1594248000,0,0,1594248000,0,0
2015,대구,2771000,대구달성군,일반회계,160,예비비,161,예비비,12090929000,0,0,12090929000,0,0
2015,대구,2771000,대구달성군,일반회계,900,기타,901,기타,0,12169487000,61087378000,9259838000,12156487000,61087378000
2015,대구,2771000,대구달성군,기타특별회계,070,환경보호,072,폐기물,7300000000,0,0,7300000000,0,0
2015,대구,2771000,대구달성군,기타특별회계,080,사회복지,082,취약계층지원,326125000,0,0,326125000,0,0
2015,대구,2771000,대구달성군,기타특별회계,140,국토및지역개발,141,수자원,7002645000,0,0,7002645000,0,0
2015,대구,2771000,대구달성군,기타특별회계,140,국토및지역개발,142,지역및도시,109000000,0,0,109000000,0,0
2015,대구,2771000,대구달성군,기타특별회계,140,국토및지역개발,143,산업단지,135000000,0,0,135000000,0,0
2015,대구,2771000,대구달성군,기타특별회계,900,기타,901,기타,0,70875000,256355000,0,58875000,256355000
2015,대구,2771000,대구달성군,일반회계,010,일반공공행정,011,입법및선거관리,656980000,0,0,656980000,0,0
2015,대구,2771000,대구달성군,일반회계,010,일반공공행정,013,지방행정ㆍ재정지원,2930076000,149671000,0,2930076000,149671000,0
2015,대구,2771000,대구달성군,일반회계,010,일반공공행정,016,일반행정,16680230000,0,0,16680230000,0,0
2015,대구,2771000,대구달성군,일반회계,020,공공질서및안전,025,재난방재ㆍ민방위,10340578000,0,0,10340578000,0,0
2015,대구,2771000,대구달성군,일반회계,050,교육,051,유아및초중등교육,2985882000,0,0,2985882000,0,0
2015,대구,2771000,대구달성군,일반회계,050,교육,052,고등교육,300000000,0,0,300000000,0,0
2015,대구,2771000,대구달성군,일반회계,050,교육,053,평생ㆍ직업교육,3255299000,0,0,3255299000,0,0
2015,대구,2771000,대구달성군,일반회계,060,문화및관광,061,문화예술,3792506000,0,0,3792506000,0,0
2015,대구,2771000,대구달성군,일반회계,060,문화및관광,062,관광,3278648000,968318000,0,3278648000,968318000,0
2015,대구,2771000,대구달성군,일반회계,060,문화및관광,063,체육,7798358000,0,0,7798358000,0,0
2015,대구,2771000,대구달성군,일반회계,060,문화및관광,064,문화재,2163562000,0,0,2163562000,0,0
2015,대구,2771000,대구달성군,일반회계,060,문화및관광,065,문화및관광일반,3741118000,0,0,3741118000,0,0
2015,대구,2771000,대구달성군,일반회계,070,환경보호,071,상하수도ㆍ수질,887973000,0,0,887973000,0,0
2015,대구,2771000,대구달성군,일반회계,070,환경보호,072,폐기물,8103221000,0,0,8103221000,0,0
2015,대구,2771000,대구달성군,일반회계,070,환경보호,073,대기,545640000,0,0,545640000,0,0
2015,대구,2771000,대구달성군,일반회계,070,환경보호,074,자연,242818000,0,0,242818000,0,0
2015,대구,2771000,대구달성군,일반회계,080,사회복지,081,기초생활보장,25554404000,0,0,25554404000,0,0
2015,대구,2771000,대구달성군,일반회계,080,사회복지,082,취약계층지원,19986201000,0,0,19986201000,0,0
2015,대구,2771000,대구달성군,일반회계,080,사회복지,084,보육ㆍ가족및여성,45754639000,0,0,45754639000,0,0
2015,대구,2771000,대구달성군,일반회계,080,사회복지,085,노인ㆍ청소년,48212798000,0,0,48212798000,0,0
2015,대구,2771000,대구달성군,일반회계,080,사회복지,086,노동,3028385000,0,0,3028385000,0,0
2015,대구,2771000,대구달성군,일반회계,080,사회복지,087,보훈,1405561000,0,0,1405561000,0,0
2015,대구,2771000,대구달성군,일반회계,080,사회복지,089,사회복지일반,0,0,0,0,0,0
2015,대구,2771000,대구달성군,일반회계,090,보건,091,보건의료,9962406000,0,0,9962406000,0,0
2015,대구,2771000,대구달성군,일반회계,090,보건,093,식품의약안전,540666000,0,0,540666000,0,0
2015,대구,2771000,대구달성군,일반회계,100,농림해양수산,101,농업ㆍ농촌,31916215000,0,0,31916215000,0,0
2015,대구,2771000,대구달성군,일반회계,100,농림해양수산,102,임업ㆍ산촌,10167722000,0,0,10167722000,0,0
2015,대구,2771000,대구달성군,일반회계,100,농림해양수산,103,해양수산ㆍ어촌,0,0,0,0,0,0
2015,대구,2771000,대구달성군,일반회계,110,산업ㆍ중소기업,113,무역및투자유치,92700000,0,0,92700000,0,0
2015,대구,2771000,대구달성군,일반회계,110,산업ㆍ중소기업,114,산업진흥ㆍ고도화,362196000,0,0,362196000,0,0
2015,대구,2771000,대구달성군,일반회계,110,산업ㆍ중소기업,115,에너지및자원개발,177022000,0,0,177022000,0,0
2015,대구,2771000,대구달성군,일반회계,110,산업ㆍ중소기업,116,산업ㆍ중소기업일반,113654000,0,0,113654000,0,0
2015,대구,2771000,대구달성군,일반회계,120,수송및교통,121,도로,57786789000,0,0,57786789000,0,0
2015,대구,2771000,대구달성군,일반회계,120,수송및교통,126,대중교통ㆍ물류등기타,11937754000,0,0,11937754000,0,0
2015,대구,2771000,대구달성군,일반회계,140,국토및지역개발,141,수자원,19560086000,0,0,19560086000,0,0
2015,대구,2771000,대구달성군,일반회계,140,국토및지역개발,142,지역및도시,20932130000,0,0,20932130000,0,0
2015,대구,2771000,대구달성군,일반회계,150,과학기술,152,과학기술연구지원,140000000,0,0,140000000,0,0
2014,대구,2700000,대구본청,기타특별회계,900,기타,901,기타,0,0,9479343000,4883734000,0,9479343000
2014,대구,2700000,대구본청,일반회계,010,일반공공행정,011,입법및선거관리,4048780000,0,0,4048780000,0,0
2014,대구,2700000,대구본청,일반회계,010,일반공공행정,013,지방행정ㆍ재정지원,358337834000,0,0,1321621000,0,0
2014,대구,2700000,대구본청,일반회계,010,일반공공행정,014,재정ㆍ금융,1376500000,155830632000,0,1376500000,152397882000,0
2014,대구,2700000,대구본청,일반회계,010,일반공공행정,016,일반행정,67888066000,20000000000,0,58334986000,20000000000,0
2014,대구,2700000,대구본청,일반회계,020,공공질서및안전,025,재난방재ㆍ민방위,68992697000,0,0,44355677000,0,0
2014,대구,2700000,대구본청,일반회계,050,교육,051,유아및초중등교육,417179187000,0,0,406040587000,0,0
2014,대구,2700000,대구본청,일반회계,050,교육,053,평생ㆍ직업교육,756840000,0,0,516840000,0,0
2014,대구,2700000,대구본청,일반회계,060,문화및관광,061,문화예술,76936065000,213987000,0,74940765000,213987000,0
2014,대구,2700000,대구본청,일반회계,060,문화및관광,062,관광,9413250000,0,0,8933750000,0,0
2014,대구,2700000,대구본청,일반회계,060,문화및관광,063,체육,98518408000,23146690000,0,88009876000,21397690000,0
2014,대구,2700000,대구본청,일반회계,060,문화및관광,064,문화재,5529788000,0,0,761333000,0,0
2014,대구,2700000,대구본청,일반회계,070,환경보호,071,상하수도ㆍ수질,12424585000,2193740000,0,7167595000,112500000,0
2014,대구,2700000,대구본청,일반회계,070,환경보호,072,폐기물,51187643000,0,0,50169143000,0,0
2014,대구,2700000,대구본청,일반회계,070,환경보호,073,대기,9083996000,0,0,7554691000,0,0
2014,대구,2700000,대구본청,일반회계,070,환경보호,074,자연,6784995000,0,0,6598995000,0,0
2014,대구,2700000,대구본청,일반회계,070,환경보호,076,환경보호일반,6100541000,0,0,5759541000,0,0
2014,대구,2700000,대구본청,일반회계,080,사회복지,081,기초생활보장,326399346000,0,0,2116050000,0,0
2014,대구,2700000,대구본청,일반회계,080,사회복지,082,취약계층지원,211438994000,566320000,0,20282457000,566320000,0
2014,대구,2700000,대구본청,일반회계,080,사회복지,084,보육ㆍ가족및여성,471965704000,100000000,0,12923302000,100000000,0
2014,대구,2700000,대구본청,일반회계,080,사회복지,085,노인ㆍ청소년,409849027000,0,0,50026836000,0,0
2014,대구,2700000,대구본청,일반회계,080,사회복지,086,노동,35314196000,0,0,11513200000,0,0
2014,대구,2700000,대구본청,일반회계,080,사회복지,087,보훈,6765700000,0,0,904900000,0,0
2014,대구,2700000,대구본청,일반회계,090,보건,091,보건의료,68762936000,75667904000,0,15258490000,253000000,0
2014,대구,2700000,대구본청,일반회계,090,보건,093,식품의약안전,3243463000,0,0,1409923000,0,0
2014,대구,2700000,대구본청,일반회계,100,농림해양수산,101,농업ㆍ농촌,27175730000,50000000,0,12033112000,50000000,0
2014,대구,2700000,대구본청,일반회계,100,농림해양수산,102,임업ㆍ산촌,8240404000,0,0,2840212000,0,0
2014,대구,2700000,대구본청,일반회계,110,산업ㆍ중소기업,111,산업금융지원,9645000000,0,0,9645000000,0,0
2014,대구,2700000,대구본청,일반회계,110,산업ㆍ중소기업,112,산업기술지원,15504731000,0,0,15504731000,0,0
2014,대구,2700000,대구본청,일반회계,110,산업ㆍ중소기업,113,무역및투자유치,32287970000,0,0,32287970000,0,0
2014,대구,2700000,대구본청,일반회계,110,산업ㆍ중소기업,114,산업진흥ㆍ고도화,146064982000,8677540000,0,112617724000,7912540000,0
2014,대구,2700000,대구본청,일반회계,110,산업ㆍ중소기업,115,에너지및자원개발,6138387000,0,0,3698280000,0,0
2014,대구,2700000,대구본청,일반회계,110,산업ㆍ중소기업,116,산업ㆍ중소기업일반,0,764384000,0,0,404384000,0
2014,대구,2700000,대구본청,일반회계,120,수송및교통,121,도로,112921148000,0,0,112921148000,0,0
2014,대구,2700000,대구본청,일반회계,120,수송및교통,125,항공ㆍ공항,802930000,0,0,802930000,0,0
2014,대구,2700000,대구본청,일반회계,120,수송및교통,126,대중교통ㆍ물류등기타,120853497000,324582500000,0,120763497000,2200000000,0
2014,대구,2700000,대구본청,일반회계,140,국토및지역개발,141,수자원,16585745000,0,0,16585745000,0,0
2014,대구,2700000,대구본청,일반회계,140,국토및지역개발,142,지역및도시,71574545000,31701869000,0,46334245000,27609569000,0
2014,대구,2700000,대구본청,일반회계,140,국토및지역개발,143,산업단지,1466850000,0,0,1466850000,0,0
2014,대구,2700000,대구본청,일반회계,150,과학기술,152,과학기술연구지원,63069600000,0,0,63069600000,0,0
2014,대구,2700000,대구본청,일반회계,160,예비비,161,예비비,44790867000,0,0,44790867000,0,0
2014,대구,2700000,대구본청,일반회계,900,기타,901,기타,0,0,365783507000,14496419000,0,365783507000
2014,대구,2700000,대구본청,공기업특별회계,010,일반공공행정,014,재정ㆍ금융,16208206000,29767794000,0,1208206000,29767794000,0
2014,대구,2700000,대구본청,공기업특별회계,010,일반공공행정,016,일반행정,0,0,0,0,0,0
2014,대구,2700000,대구본청,공기업특별회계,070,환경보호,071,상하수도ㆍ수질,310518197000,29095076000,0,306854002000,25515076000,0
2014,대구,2700000,대구본청,공기업특별회계,140,국토및지역개발,141,수자원,0,0,0,0,0,0
2014,대구,2700000,대구본청,공기업특별회계,900,기타,901,기타,0,0,65810727000,0,0,65810727000
2014,대구,2700000,대구본청,기타특별회계,010,일반공공행정,013,지방행정ㆍ재정지원,3681823000,0,0,0,0,0
2014,대구,2700000,대구본청,기타특별회계,010,일반공공행정,014,재정ㆍ금융,0,264064874000,0,0,263524874000,0
2014,대구,2700000,대구본청,기타특별회계,070,환경보호,071,상하수도ㆍ수질,3000000000,0,0,2947844000,0,0
2014,대구,2700000,대구본청,기타특별회계,080,사회복지,081,기초생활보장,377660000000,0,0,373019529000,0,0
2014,대구,2700000,대구본청,기타특별회계,110,산업ㆍ중소기업,111,산업금융지원,64566395000,0,0,64566395000,0,0
2014,대구,2700000,대구본청,기타특별회계,110,산업ㆍ중소기업,114,산업진흥ㆍ고도화,1001600000,1400000000,0,1001600000,0,0
2014,대구,2700000,대구본청,기타특별회계,120,수송및교통,121,도로,2466169000,0,0,2466169000,0,0
2014,대구,2700000,대구본청,기타특별회계,120,수송및교통,123,도시철도,280451774000,0,0,280451774000,0,0
2014,대구,2700000,대구본청,기타특별회계,120,수송및교통,126,대중교통ㆍ물류등기타,108975751000,0,0,97459751000,0,0
2014,대구,2700000,대구본청,기타특별회계,140,국토및지역개발,142,지역및도시,28526257000,850000000,0,28526257000,850000000,0
2014,대구,2700000,대구본청,기타특별회계,140,국토및지역개발,143,산업단지,8376014000,0,0,8376014000,0,0
2014,대구,2711000,대구중구,일반회계,140,국토및지역개발,142,지역및도시,10470328000,0,0,10470328000,0,0
2014,대구,2711000,대구중구,일반회계,160,예비비,161,예비비,1944722000,0,0,1944722000,0,0
2014,대구,2711000,대구중구,일반회계,900,기타,901,기타,0,0,47528156000,2254439000,0,47528156000
2014,대구,2711000,대구중구,기타특별회계,080,사회복지,081,기초생활보장,269479000,26396000,0,269479000,23896000,0
2014,대구,2711000,대구중구,기타특별회계,080,사회복지,082,취약계층지원,1350125000,0,0,1350125000,0,0
2014,대구,2711000,대구중구,일반회계,010,일반공공행정,011,입법및선거관리,1458432000,0,0,1458432000,0,0
2014,대구,2711000,대구중구,일반회계,010,일반공공행정,013,지방행정ㆍ재정지원,351607000,0,0,351607000,0,0
2014,대구,2711000,대구중구,일반회계,010,일반공공행정,014,재정ㆍ금융,0,1327000000,0,0,827000000,0
2014,대구,2711000,대구중구,일반회계,010,일반공공행정,016,일반행정,8691295000,0,0,8691295000,0,0
2014,대구,2711000,대구중구,일반회계,020,공공질서및안전,025,재난방재ㆍ민방위,256385000,229614000,0,256385000,229614000,0
2014,대구,2711000,대구중구,일반회계,050,교육,051,유아및초중등교육,175220000,0,0,175220000,0,0
2014,대구,2711000,대구중구,일반회계,050,교육,053,평생ㆍ직업교육,72460000,0,0,72460000,0,0
2014,대구,2711000,대구중구,일반회계,060,문화및관광,061,문화예술,1394549000,0,0,1394549000,0,0
2014,대구,2711000,대구중구,일반회계,060,문화및관광,062,관광,411177000,0,0,411177000,0,0
2014,대구,2711000,대구중구,일반회계,060,문화및관광,063,체육,740244000,0,0,740244000,0,0
2014,대구,2711000,대구중구,일반회계,060,문화및관광,064,문화재,373881000,0,0,373881000,0,0
2014,대구,2711000,대구중구,일반회계,060,문화및관광,065,문화및관광일반,0,0,0,0,0,0
2014,대구,2711000,대구중구,일반회계,070,환경보호,071,상하수도ㆍ수질,58370000,0,0,58370000,0,0
2014,대구,2711000,대구중구,일반회계,070,환경보호,072,폐기물,3533535000,0,0,3533535000,0,0
2014,대구,2711000,대구중구,일반회계,070,환경보호,073,대기,159384000,0,0,159384000,0,0
2014,대구,2711000,대구중구,일반회계,080,사회복지,081,기초생활보장,16460211000,0,0,16460211000,0,0
2014,대구,2711000,대구중구,일반회계,080,사회복지,082,취약계층지원,12195707000,0,0,12195707000,0,0
2014,대구,2711000,대구중구,일반회계,080,사회복지,084,보육ㆍ가족및여성,12594284000,0,0,12594284000,0,0
2014,대구,2711000,대구중구,일반회계,080,사회복지,085,노인ㆍ청소년,21831488000,0,0,21831488000,0,0
2014,대구,2711000,대구중구,일반회계,080,사회복지,086,노동,2378445000,0,0,2378445000,0,0
2014,대구,2711000,대구중구,일반회계,080,사회복지,087,보훈,324510000,0,0,324510000,0,0
2014,대구,2711000,대구중구,일반회계,090,보건,091,보건의료,3489861000,0,0,3489861000,0,0
2014,대구,2711000,대구중구,일반회계,090,보건,093,식품의약안전,72116000,0,0,72116000,0,0
2014,대구,2711000,대구중구,일반회계,100,농림해양수산,101,농업ㆍ농촌,75185000,0,0,75185000,0,0
2014,대구,2711000,대구중구,일반회계,110,산업ㆍ중소기업,114,산업진흥ㆍ고도화,1445616000,8000000,0,1445616000,8000000,0
2014,대구,2711000,대구중구,일반회계,110,산업ㆍ중소기업,115,에너지및자원개발,37290000,0,0,37290000,0,0
2014,대구,2711000,대구중구,일반회계,120,수송및교통,121,도로,3039730000,0,0,3039730000,0,0
2014,대구,2711000,대구중구,일반회계,120,수송및교통,126,대중교통ㆍ물류등기타,960698000,210500000,0,960698000,210500000,0
2014,대구,2712000,대구동구,일반회계,070,환경보호,073,대기,0,0,0,0,0,0
2014,대구,2712000,대구동구,일반회계,070,환경보호,076,환경보호일반,1423861000,0,0,1423861000,0,0
2014,대구,2712000,대구동구,일반회계,080,사회복지,081,기초생활보장,57012463000,0,0,57012463000,0,0
2014,대구,2712000,대구동구,일반회계,080,사회복지,082,취약계층지원,34996305000,0,0,34996305000,0,0
2014,대구,2712000,대구동구,일반회계,080,사회복지,084,보육ㆍ가족및여성,62753055000,0,0,62753055000,0,0
2014,대구,2712000,대구동구,일반회계,080,사회복지,085,노인ㆍ청소년,73242903000,0,0,73242903000,0,0
2014,대구,2712000,대구동구,일반회계,080,사회복지,089,사회복지일반,10189647000,0,0,10189647000,0,0
2014,대구,2712000,대구동구,일반회계,090,보건,091,보건의료,10699674000,0,0,10699674000,0,0
2014,대구,2712000,대구동구,일반회계,090,보건,093,식품의약안전,415576000,0,0,415576000,0,0
2014,대구,2712000,대구동구,일반회계,100,농림해양수산,101,농업ㆍ농촌,4161711000,0,0,4161711000,0,0
2014,대구,2712000,대구동구,일반회계,100,농림해양수산,102,임업ㆍ산촌,2060042000,0,0,2060042000,0,0
2014,대구,2712000,대구동구,일반회계,110,산업ㆍ중소기업,114,산업진흥ㆍ고도화,353360000,0,0,353360000,0,0
2014,대구,2712000,대구동구,일반회계,120,수송및교통,121,도로,4549972000,0,0,4549972000,0,0
2014,대구,2712000,대구동구,일반회계,120,수송및교통,126,대중교통ㆍ물류등기타,982248000,0,0,982248000,0,0
2014,대구,2712000,대구동구,일반회계,140,국토및지역개발,141,수자원,5640636000,0,0,5640636000,0,0
2014,대구,2712000,대구동구,일반회계,140,국토및지역개발,142,지역및도시,3553052000,0,0,3553052000,0,0
2014,대구,2712000,대구동구,일반회계,160,예비비,161,예비비,4647899000,0,0,4647899000,0,0
2014,대구,2712000,대구동구,일반회계,900,기타,901,기타,0,0,67066960000,4871807000,0,67066960000
2014,대구,2712000,대구동구,기타특별회계,070,환경보호,072,폐기물,0,0,0,0,0,0
2014,대구,2712000,대구동구,기타특별회계,080,사회복지,081,기초생활보장,971499000,61170000,0,971499000,52170000,0
2014,대구,2712000,대구동구,기타특별회계,110,산업ㆍ중소기업,115,에너지및자원개발,1321900000,0,0,1321900000,0,0
2014,대구,2712000,대구동구,기타특별회계,120,수송및교통,126,대중교통ㆍ물류등기타,1481145000,0,0,1481145000,0,0
2014,대구,2712000,대구동구,기타특별회계,140,국토및지역개발,142,지역및도시,0,33000000,0,0,33000000,0
2014,대구,2712000,대구동구,기타특별회계,900,기타,901,기타,0,0,951286000,0,0,951286000
2014,대구,2712000,대구동구,일반회계,010,일반공공행정,011,입법및선거관리,936067000,0,0,936067000,0,0
2014,대구,2712000,대구동구,일반회계,010,일반공공행정,013,지방행정ㆍ재정지원,662528000,0,0,662528000,0,0
2014,대구,2712000,대구동구,일반회계,010,일반공공행정,016,일반행정,13437217000,415000000,0,13437217000,365000000,0
2014,대구,2712000,대구동구,일반회계,020,공공질서및안전,025,재난방재ㆍ민방위,621488000,336000000,0,621488000,336000000,0
2014,대구,2712000,대구동구,일반회계,050,교육,053,평생ㆍ직업교육,3443214000,0,0,3443214000,0,0
2014,대구,2712000,대구동구,일반회계,060,문화및관광,061,문화예술,3933617000,0,0,3933617000,0,0
2014,대구,2712000,대구동구,일반회계,060,문화및관광,062,관광,0,0,0,0,0,0
2014,대구,2712000,대구동구,일반회계,060,문화및관광,063,체육,958952000,0,0,958952000,0,0
2014,대구,2712000,대구동구,일반회계,060,문화및관광,064,문화재,2550384000,0,0,2550384000,0,0
2014,대구,2712000,대구동구,일반회계,070,환경보호,071,상하수도ㆍ수질,0,0,0,0,0,0
2014,대구,2712000,대구동구,일반회계,070,환경보호,072,폐기물,7806169000,0,0,7806169000,0,0
2014,대구,2713000,대구서구,기타특별회계,900,기타,901,기타,0,0,93486000,0,0,93486000
2014,대구,2713000,대구서구,일반회계,010,일반공공행정,011,입법및선거관리,2273871000,0,0,2273871000,0,0
2014,대구,2713000,대구서구,일반회계,010,일반공공행정,013,지방행정ㆍ재정지원,236381000,0,0,236381000,0,0
2014,대구,2713000,대구서구,일반회계,010,일반공공행정,014,재정ㆍ금융,0,2700000000,0,0,1200000000,0
2014,대구,2713000,대구서구,일반회계,010,일반공공행정,016,일반행정,9036007000,0,0,9036007000,0,0
2014,대구,2713000,대구서구,일반회계,020,공공질서및안전,025,재난방재ㆍ민방위,270109000,0,0,270109000,0,0
2014,대구,2713000,대구서구,일반회계,050,교육,051,유아및초중등교육,416134000,0,0,416134000,0,0
2014,대구,2713000,대구서구,일반회계,050,교육,053,평생ㆍ직업교육,181005000,0,0,181005000,0,0
2014,대구,2713000,대구서구,일반회계,060,문화및관광,061,문화예술,836741000,0,0,836741000,0,0
2014,대구,2713000,대구서구,일반회계,060,문화및관광,063,체육,1333082000,0,0,1333082000,0,0
2014,대구,2713000,대구서구,일반회계,070,환경보호,071,상하수도ㆍ수질,108871000,0,0,108871000,0,0
2014,대구,2713000,대구서구,일반회계,070,환경보호,072,폐기물,5414022000,0,0,5414022000,0,0
2014,대구,2713000,대구서구,일반회계,070,환경보호,073,대기,105653000,0,0,105653000,0,0
2014,대구,2713000,대구서구,일반회계,070,환경보호,076,환경보호일반,147950000,0,0,147950000,0,0
2014,대구,2713000,대구서구,일반회계,080,사회복지,081,기초생활보장,31077908000,0,0,31077908000,0,0
2014,대구,2713000,대구서구,일반회계,080,사회복지,082,취약계층지원,9950748000,0,0,9950748000,0,0
2014,대구,2713000,대구서구,일반회계,080,사회복지,084,보육ㆍ가족및여성,42330430000,0,0,42330430000,0,0
2014,대구,2713000,대구서구,일반회계,080,사회복지,085,노인ㆍ청소년,43122033000,0,0,43122033000,0,0
2014,대구,2713000,대구서구,일반회계,080,사회복지,086,노동,2690179000,0,0,2690179000,0,0
2014,대구,2713000,대구서구,일반회계,080,사회복지,089,사회복지일반,4306263000,0,0,4306263000,0,0
2014,대구,2713000,대구서구,일반회계,090,보건,091,보건의료,5939574000,0,0,5939574000,0,0
2014,대구,2713000,대구서구,일반회계,090,보건,093,식품의약안전,52644000,0,0,52644000,0,0
2014,대구,2713000,대구서구,일반회계,100,농림해양수산,101,농업ㆍ농촌,139554000,0,0,139554000,0,0
2014,대구,2713000,대구서구,일반회계,100,농림해양수산,102,임업ㆍ산촌,417188000,0,0,387188000,0,0
2014,대구,2713000,대구서구,일반회계,110,산업ㆍ중소기업,114,산업진흥ㆍ고도화,1409240000,0,0,1409240000,0,0
2014,대구,2713000,대구서구,일반회계,110,산업ㆍ중소기업,115,에너지및자원개발,44954000,0,0,44954000,0,0
2014,대구,2713000,대구서구,일반회계,120,수송및교통,121,도로,828616000,0,0,828616000,0,0
2014,대구,2713000,대구서구,일반회계,120,수송및교통,126,대중교통ㆍ물류등기타,603094000,0,0,603094000,0,0
2014,대구,2713000,대구서구,일반회계,140,국토및지역개발,142,지역및도시,6821760000,0,0,6821760000,0,0
2014,대구,2713000,대구서구,일반회계,160,예비비,161,예비비,2326478000,0,0,2326478000,0,0
2014,대구,2713000,대구서구,일반회계,900,기타,901,기타,0,0,53179511000,3101458000,0,53179511000
2014,대구,2713000,대구서구,기타특별회계,080,사회복지,081,기초생활보장,0,326335000,0,0,286865000,0
2014,대구,2713000,대구서구,기타특별회계,080,사회복지,082,취약계층지원,370179000,0,0,370179000,0,0
2014,대구,2714000,대구남구,일반회계,070,환경보호,072,폐기물,4085427000,0,0,4085427000,0,0
2014,대구,2714000,대구남구,기타특별회계,140,국토및지역개발,142,지역및도시,12700000,0,0,12700000,0,0
2014,대구,2714000,대구남구,기타특별회계,160,예비비,161,예비비,0,0,0,0,0,0
2014,대구,2714000,대구남구,기타특별회계,900,기타,901,기타,0,25725000,687093000,0,22125000,687093000
2014,대구,2714000,대구남구,일반회계,070,환경보호,073,대기,194379000,0,0,194379000,0,0
2014,대구,2714000,대구남구,일반회계,070,환경보호,076,환경보호일반,53268000,0,0,53268000,0,0
2014,대구,2714000,대구남구,일반회계,080,사회복지,081,기초생활보장,33359593000,0,0,33359593000,0,0
2014,대구,2714000,대구남구,일반회계,080,사회복지,082,취약계층지원,22094279000,0,0,22094279000,0,0
2014,대구,2714000,대구남구,일반회계,080,사회복지,084,보육ㆍ가족및여성,27090928000,0,0,27090928000,0,0
2014,대구,2714000,대구남구,일반회계,080,사회복지,085,노인ㆍ청소년,38252741000,0,0,38252741000,0,0
2014,대구,2714000,대구남구,일반회계,080,사회복지,086,노동,2560614000,0,0,2560614000,0,0
2014,대구,2714000,대구남구,일반회계,080,사회복지,087,보훈,594800000,0,0,594800000,0,0
2014,대구,2714000,대구남구,일반회계,090,보건,091,보건의료,5507487000,0,0,5507487000,0,0
2014,대구,2714000,대구남구,일반회계,090,보건,093,식품의약안전,111074000,0,0,111074000,0,0
2014,대구,2714000,대구남구,일반회계,100,농림해양수산,101,농업ㆍ농촌,108220000,0,0,108220000,0,0
2014,대구,2714000,대구남구,일반회계,100,농림해양수산,102,임업ㆍ산촌,186129000,0,0,136129000,0,0
2014,대구,2714000,대구남구,일반회계,110,산업ㆍ중소기업,114,산업진흥ㆍ고도화,3707700000,0,0,3707700000,0,0
2014,대구,2714000,대구남구,일반회계,110,산업ㆍ중소기업,115,에너지및자원개발,14841000,0,0,14841000,0,0
2014,대구,2714000,대구남구,일반회계,120,수송및교통,121,도로,2321984000,0,0,2321984000,0,0
2014,대구,2714000,대구남구,일반회계,120,수송및교통,126,대중교통ㆍ물류등기타,296936000,0,0,296936000,0,0
2014,대구,2714000,대구남구,일반회계,140,국토및지역개발,142,지역및도시,5017286000,0,0,5017286000,0,0
2014,대구,2714000,대구남구,일반회계,160,예비비,161,예비비,2217335000,0,0,2217335000,0,0
2014,대구,2714000,대구남구,일반회계,900,기타,901,기타,0,1838000000,46187152000,2949611000,1232000000,46187152000
2014,대구,2714000,대구남구,기타특별회계,080,사회복지,081,기초생활보장,392461000,0,0,392461000,0,0
2014,대구,2714000,대구남구,기타특별회계,080,사회복지,082,취약계층지원,60000000,0,0,60000000,0,0
2014,대구,2714000,대구남구,기타특별회계,120,수송및교통,126,대중교통ㆍ물류등기타,1574021000,0,0,1574021000,0,0
2014,대구,2714000,대구남구,일반회계,010,일반공공행정,011,입법및선거관리,1828492000,0,0,1828492000,0,0
2014,대구,2714000,대구남구,일반회계,010,일반공공행정,013,지방행정ㆍ재정지원,426673000,0,0,426673000,0,0
2014,대구,2714000,대구남구,일반회계,010,일반공공행정,016,일반행정,7394609000,0,0,7394609000,0,0
2014,대구,2714000,대구남구,일반회계,020,공공질서및안전,025,재난방재ㆍ민방위,265200000,118100000,0,265200000,118100000,0
2014,대구,2714000,대구남구,일반회계,050,교육,051,유아및초중등교육,236950000,0,0,236950000,0,0
2014,대구,2714000,대구남구,일반회계,050,교육,053,평생ㆍ직업교육,69800000,0,0,69800000,0,0
2014,대구,2714000,대구남구,일반회계,060,문화및관광,061,문화예술,819036000,0,0,819036000,0,0
2014,대구,2714000,대구남구,일반회계,060,문화및관광,063,체육,1495627000,0,0,1495627000,0,0
2014,대구,2714000,대구남구,일반회계,060,문화및관광,064,문화재,420860000,0,0,420860000,0,0
2014,대구,2714000,대구남구,일반회계,070,환경보호,071,상하수도ㆍ수질,224480000,0,0,224480000,0,0
2014,대구,2715000,대구북구,기타특별회계,900,기타,901,기타,0,0,813804000,0,0,813804000
2014,대구,2715000,대구북구,일반회계,010,일반공공행정,011,입법및선거관리,3900806000,0,0,3900806000,0,0
2014,대구,2715000,대구북구,일반회계,010,일반공공행정,013,지방행정ㆍ재정지원,719862000,0,0,719862000,0,0
2014,대구,2715000,대구북구,일반회계,010,일반공공행정,016,일반행정,25810371000,2955658000,0,25810371000,1955658000,0
2014,대구,2715000,대구북구,일반회계,020,공공질서및안전,025,재난방재ㆍ민방위,5250226000,441360000,0,5250226000,441360000,0
2014,대구,2715000,대구북구,일반회계,050,교육,051,유아및초중등교육,1203108000,0,0,1203108000,0,0
2014,대구,2715000,대구북구,일반회계,050,교육,053,평생ㆍ직업교육,158530000,0,0,158530000,0,0
2014,대구,2715000,대구북구,일반회계,060,문화및관광,061,문화예술,5779965000,0,0,5779965000,0,0
2014,대구,2715000,대구북구,일반회계,060,문화및관광,063,체육,4595822000,0,0,4595822000,0,0
2014,대구,2715000,대구북구,일반회계,060,문화및관광,064,문화재,212710000,0,0,212710000,0,0
2014,대구,2715000,대구북구,일반회계,070,환경보호,071,상하수도ㆍ수질,63976000,0,0,63976000,0,0
2014,대구,2715000,대구북구,일반회계,070,환경보호,072,폐기물,9666020000,3000000,0,9666020000,3000000,0
2014,대구,2715000,대구북구,일반회계,070,환경보호,073,대기,147560000,0,0,147560000,0,0
2014,대구,2715000,대구북구,일반회계,070,환경보호,076,환경보호일반,311178000,0,0,311178000,0,0
2014,대구,2715000,대구북구,일반회계,080,사회복지,081,기초생활보장,49129403000,0,0,49129403000,0,0
2014,대구,2715000,대구북구,일반회계,080,사회복지,082,취약계층지원,36813319000,0,0,36813319000,0,0
2014,대구,2715000,대구북구,일반회계,080,사회복지,084,보육ㆍ가족및여성,93024031000,0,0,93024031000,0,0
2014,대구,2715000,대구북구,일반회계,080,사회복지,085,노인ㆍ청소년,61222182000,0,0,61222182000,0,0
2014,대구,2715000,대구북구,일반회계,080,사회복지,086,노동,3921526000,0,0,3921526000,0,0
2014,대구,2715000,대구북구,일반회계,090,보건,091,보건의료,12296666000,0,0,12296666000,0,0
2014,대구,2715000,대구북구,일반회계,090,보건,093,식품의약안전,61874000,0,0,61874000,0,0
2014,대구,2715000,대구북구,일반회계,100,농림해양수산,101,농업ㆍ농촌,1651150000,0,0,1651150000,0,0
2014,대구,2715000,대구북구,일반회계,100,농림해양수산,102,임업ㆍ산촌,1834824000,0,0,1664824000,0,0
2014,대구,2715000,대구북구,일반회계,110,산업ㆍ중소기업,116,산업ㆍ중소기업일반,11097987000,0,0,11097987000,0,0
2014,대구,2715000,대구북구,일반회계,120,수송및교통,121,도로,4657227000,0,0,4657227000,0,0
2014,대구,2715000,대구북구,일반회계,120,수송및교통,126,대중교통ㆍ물류등기타,3490153000,0,0,3490153000,0,0
2014,대구,2715000,대구북구,일반회계,140,국토및지역개발,141,수자원,269410000,0,0,269410000,0,0
2014,대구,2715000,대구북구,일반회계,140,국토및지역개발,142,지역및도시,2787507000,0,0,2787507000,0,0
2014,대구,2715000,대구북구,일반회계,160,예비비,161,예비비,4210529000,0,0,4210529000,0,0
2014,대구,2715000,대구북구,일반회계,900,기타,901,기타,0,0,72112060000,3227813000,0,72112060000
2014,대구,2715000,대구북구,기타특별회계,070,환경보호,072,폐기물,0,0,0,0,0,0
2014,대구,2715000,대구북구,기타특별회계,080,사회복지,081,기초생활보장,589489000,216085000,0,589489000,212641000,0
2014,대구,2715000,대구북구,기타특별회계,120,수송및교통,126,대중교통ㆍ물류등기타,3942622000,4000000,0,3942622000,4000000,0
2014,대구,2715000,대구북구,기타특별회계,140,국토및지역개발,142,지역및도시,0,34000000,0,0,34000000,0
2014,대구,2716000,대구수성구,기타특별회계,900,기타,901,기타,0,0,803463000,0,0,803463000
2014,대구,2716000,대구수성구,일반회계,010,일반공공행정,011,입법및선거관리,3946733000,0,0,3946733000,0,0
2014,대구,2716000,대구수성구,일반회계,010,일반공공행정,013,지방행정ㆍ재정지원,1568473000,0,0,1568473000,0,0
2014,대구,2716000,대구수성구,일반회계,010,일반공공행정,014,재정ㆍ금융,0,0,0,0,0,0
2014,대구,2716000,대구수성구,일반회계,010,일반공공행정,016,일반행정,12261098000,0,0,12261098000,0,0
2014,대구,2716000,대구수성구,일반회계,020,공공질서및안전,025,재난방재ㆍ민방위,1486790000,0,0,1486790000,0,0
2014,대구,2716000,대구수성구,일반회계,050,교육,051,유아및초중등교육,1746854000,0,0,1746854000,0,0
2014,대구,2716000,대구수성구,일반회계,050,교육,053,평생ㆍ직업교육,1659510000,0,0,1659510000,0,0
2014,대구,2716000,대구수성구,일반회계,060,문화및관광,061,문화예술,9751144000,0,0,9751144000,0,0
2014,대구,2716000,대구수성구,일반회계,060,문화및관광,063,체육,1964287000,0,0,1964287000,0,0
2014,대구,2716000,대구수성구,일반회계,060,문화및관광,064,문화재,242672000,0,0,242672000,0,0
2014,대구,2716000,대구수성구,일반회계,070,환경보호,071,상하수도ㆍ수질,61634000,0,0,61634000,0,0
2014,대구,2716000,대구수성구,일반회계,070,환경보호,072,폐기물,10319298000,0,0,10319298000,0,0
2014,대구,2716000,대구수성구,일반회계,070,환경보호,073,대기,90454000,0,0,90454000,0,0
2014,대구,2716000,대구수성구,일반회계,070,환경보호,076,환경보호일반,267188000,0,0,267188000,0,0
2014,대구,2716000,대구수성구,일반회계,080,사회복지,081,기초생활보장,52076869000,0,0,52076869000,0,0
2014,대구,2716000,대구수성구,일반회계,080,사회복지,082,취약계층지원,33202818000,0,0,33202818000,0,0
2014,대구,2716000,대구수성구,일반회계,080,사회복지,084,보육ㆍ가족및여성,73174484000,0,0,73174484000,0,0
2014,대구,2716000,대구수성구,일반회계,080,사회복지,085,노인ㆍ청소년,59935238000,0,0,59935238000,0,0
2014,대구,2716000,대구수성구,일반회계,080,사회복지,086,노동,4353758000,0,0,4353758000,0,0
2014,대구,2716000,대구수성구,일반회계,080,사회복지,087,보훈,1191454000,0,0,1191454000,0,0
2014,대구,2716000,대구수성구,일반회계,090,보건,091,보건의료,11400443000,0,0,11400443000,0,0
2014,대구,2716000,대구수성구,일반회계,090,보건,093,식품의약안전,499846000,0,0,499846000,0,0
2014,대구,2716000,대구수성구,일반회계,100,농림해양수산,101,농업ㆍ농촌,1194161000,0,0,1194161000,0,0
2014,대구,2716000,대구수성구,일반회계,100,농림해양수산,102,임업ㆍ산촌,3122877000,0,0,2972877000,0,0
2014,대구,2716000,대구수성구,일반회계,110,산업ㆍ중소기업,114,산업진흥ㆍ고도화,50836000,0,0,50836000,0,0
2014,대구,2716000,대구수성구,일반회계,110,산업ㆍ중소기업,115,에너지및자원개발,23593000,0,0,23593000,0,0
2014,대구,2716000,대구수성구,일반회계,120,수송및교통,121,도로,3794188000,0,0,3794188000,0,0
2014,대구,2716000,대구수성구,일반회계,120,수송및교통,126,대중교통ㆍ물류등기타,888846000,0,0,888846000,0,0
2014,대구,2716000,대구수성구,일반회계,140,국토및지역개발,141,수자원,10157439000,0,0,10157439000,0,0
2014,대구,2716000,대구수성구,일반회계,140,국토및지역개발,142,지역및도시,3664982000,0,0,3664982000,0,0
2014,대구,2716000,대구수성구,일반회계,160,예비비,161,예비비,4169551000,0,0,4169551000,0,0
2014,대구,2716000,대구수성구,일반회계,900,기타,901,기타,0,0,70932482000,2894783000,0,70932482000
2014,대구,2716000,대구수성구,기타특별회계,080,사회복지,081,기초생활보장,0,0,0,0,0,0
2014,대구,2716000,대구수성구,기타특별회계,080,사회복지,082,취약계층지원,643983000,717000,0,643983000,0,0
2014,대구,2716000,대구수성구,기타특별회계,120,수송및교통,126,대중교통ㆍ물류등기타,3593837000,2800000000,0,3593837000,2800000000,0
2014,대구,2716000,대구수성구,기타특별회계,140,국토및지역개발,142,지역및도시,620243000,459757000,0,620243000,459757000,0
2014,대구,2716000,대구수성구,기타특별회계,160,예비비,161,예비비,0,0,0,0,0,0
2014,대구,2717000,대구달서구,기타특별회계,900,기타,901,기타,0,0,1241045000,0,0,1241045000
2014,대구,2717000,대구달서구,일반회계,010,일반공공행정,011,입법및선거관리,4809203000,0,0,4809203000,0,0
2014,대구,2717000,대구달서구,일반회계,010,일반공공행정,013,지방행정ㆍ재정지원,1054370000,0,0,1054370000,0,0
2014,대구,2717000,대구달서구,일반회계,010,일반공공행정,014,재정ㆍ금융,0,0,0,0,0,0
2014,대구,2717000,대구달서구,일반회계,010,일반공공행정,016,일반행정,12618916000,3684837000,0,12618916000,2371837000,0
2014,대구,2717000,대구달서구,일반회계,020,공공질서및안전,025,재난방재ㆍ민방위,3681658000,667776000,0,3681658000,667776000,0
2014,대구,2717000,대구달서구,일반회계,050,교육,051,유아및초중등교육,2297326000,0,0,2297326000,0,0
2014,대구,2717000,대구달서구,일반회계,050,교육,053,평생ㆍ직업교육,519300000,0,0,519300000,0,0
2014,대구,2717000,대구달서구,일반회계,060,문화및관광,061,문화예술,5483299000,470250000,0,5483299000,470250000,0
2014,대구,2717000,대구달서구,일반회계,060,문화및관광,063,체육,2462060000,0,0,2462060000,0,0
2014,대구,2717000,대구달서구,일반회계,070,환경보호,071,상하수도ㆍ수질,2140949000,0,0,2140949000,0,0
2014,대구,2717000,대구달서구,일반회계,070,환경보호,072,폐기물,13937321000,0,0,13937321000,0,0
2014,대구,2717000,대구달서구,일반회계,070,환경보호,073,대기,253326000,0,0,253326000,0,0
2014,대구,2717000,대구달서구,일반회계,070,환경보호,076,환경보호일반,165391000,0,0,165391000,0,0
2014,대구,2717000,대구달서구,일반회계,080,사회복지,081,기초생활보장,73631897000,0,0,73631897000,0,0
2014,대구,2717000,대구달서구,일반회계,080,사회복지,082,취약계층지원,36959911000,0,0,36959911000,0,0
2014,대구,2717000,대구달서구,일반회계,080,사회복지,084,보육ㆍ가족및여성,116860838000,0,0,116860838000,0,0
2014,대구,2717000,대구달서구,일반회계,080,사회복지,085,노인ㆍ청소년,72550738000,0,0,72550738000,0,0
2014,대구,2717000,대구달서구,일반회계,080,사회복지,086,노동,2789000000,0,0,2789000000,0,0
2014,대구,2717000,대구달서구,일반회계,080,사회복지,087,보훈,1122550000,0,0,1122550000,0,0
2014,대구,2717000,대구달서구,일반회계,090,보건,091,보건의료,15505866000,0,0,15505866000,0,0
2014,대구,2717000,대구달서구,일반회계,090,보건,093,식품의약안전,441243000,0,0,441243000,0,0
2014,대구,2717000,대구달서구,일반회계,100,농림해양수산,101,농업ㆍ농촌,287431000,0,0,287431000,0,0
2014,대구,2717000,대구달서구,일반회계,100,농림해양수산,102,임업ㆍ산촌,799503000,0,0,699503000,0,0
2014,대구,2717000,대구달서구,일반회계,110,산업ㆍ중소기업,114,산업진흥ㆍ고도화,3116177000,0,0,3116177000,0,0
2014,대구,2717000,대구달서구,일반회계,120,수송및교통,121,도로,3567602000,0,0,3567602000,0,0
2014,대구,2717000,대구달서구,일반회계,120,수송및교통,126,대중교통ㆍ물류등기타,698620000,0,0,698620000,0,0
2014,대구,2717000,대구달서구,일반회계,140,국토및지역개발,142,지역및도시,10081962000,94750000,0,10081962000,94750000,0
2014,대구,2717000,대구달서구,일반회계,160,예비비,161,예비비,5038370000,0,0,5038370000,0,0
2014,대구,2717000,대구달서구,일반회계,900,기타,901,기타,0,0,79507560000,3595268000,0,79507560000
2014,대구,2717000,대구달서구,기타특별회계,070,환경보호,072,폐기물,800000000,0,0,800000000,0,0
2014,대구,2717000,대구달서구,기타특별회계,080,사회복지,081,기초생활보장,1344340000,2860000,0,1344340000,2860000,0
2014,대구,2717000,대구달서구,기타특별회계,120,수송및교통,126,대중교통ㆍ물류등기타,3030755000,0,0,3030755000,0,0
2014,대구,2717000,대구달서구,기타특별회계,140,국토및지역개발,142,지역및도시,258000000,0,0,258000000,0,0
2014,대구,2771000,대구달성군,일반회계,140,국토및지역개발,141,수자원,16440772000,0,0,16440772000,0,0
2014,대구,2771000,대구달성군,일반회계,140,국토및지역개발,142,지역및도시,12318482000,0,0,12318482000,0,0
2014,대구,2771000,대구달성군,일반회계,150,과학기술,152,과학기술연구지원,0,0,0,0,0,0
2014,대구,2771000,대구달성군,일반회계,150,과학기술,153,과학기술일반,90000000,0,0,90000000,0,0
2014,대구,2771000,대구달성군,일반회계,160,예비비,161,예비비,11664751000,0,0,11664751000,0,0
2014,대구,2771000,대구달성군,일반회계,900,기타,901,기타,0,1035390000,58253141000,10512550000,1012190000,58253141000
2014,대구,2771000,대구달성군,기타특별회계,070,환경보호,072,폐기물,7000000000,0,0,7000000000,0,0
2014,대구,2771000,대구달성군,기타특별회계,080,사회복지,082,취약계층지원,315969000,0,0,315969000,0,0
2014,대구,2771000,대구달성군,기타특별회계,140,국토및지역개발,141,수자원,8008845000,0,0,8008845000,0,0
2014,대구,2771000,대구달성군,기타특별회계,140,국토및지역개발,142,지역및도시,110000000,0,0,110000000,0,0
2014,대구,2771000,대구달성군,기타특별회계,140,국토및지역개발,143,산업단지,190000000,0,0,190000000,0,0
2014,대구,2771000,대구달성군,기타특별회계,900,기타,901,기타,0,84031000,291155000,0,69631000,291155000
2014,대구,2771000,대구달성군,일반회계,010,일반공공행정,011,입법및선거관리,1969115000,0,0,1969115000,0,0
2014,대구,2771000,대구달성군,일반회계,010,일반공공행정,013,지방행정ㆍ재정지원,6817617000,0,0,6817617000,0,0
2014,대구,2771000,대구달성군,일반회계,010,일반공공행정,016,일반행정,13178897000,0,0,13178897000,0,0
2014,대구,2771000,대구달성군,일반회계,020,공공질서및안전,025,재난방재ㆍ민방위,6921437000,0,0,6921437000,0,0
2014,대구,2771000,대구달성군,일반회계,050,교육,051,유아및초중등교육,3691007000,0,0,3691007000,0,0
2014,대구,2771000,대구달성군,일반회계,050,교육,052,고등교육,300000000,0,0,300000000,0,0
2014,대구,2771000,대구달성군,일반회계,050,교육,053,평생ㆍ직업교육,3431934000,0,0,3431934000,0,0
2014,대구,2771000,대구달성군,일반회계,060,문화및관광,061,문화예술,9692463000,0,0,9692463000,0,0
2014,대구,2771000,대구달성군,일반회계,060,문화및관광,062,관광,1666705000,0,0,1666705000,0,0
2014,대구,2771000,대구달성군,일반회계,060,문화및관광,063,체육,6736672000,0,0,6736672000,0,0
2014,대구,2771000,대구달성군,일반회계,060,문화및관광,064,문화재,1452450000,0,0,1452450000,0,0
2014,대구,2771000,대구달성군,일반회계,070,환경보호,071,상하수도ㆍ수질,781599000,0,0,781599000,0,0
2014,대구,2771000,대구달성군,일반회계,070,환경보호,072,폐기물,5903707000,0,0,5903707000,0,0
2014,대구,2771000,대구달성군,일반회계,070,환경보호,073,대기,438006000,0,0,438006000,0,0
2014,대구,2771000,대구달성군,일반회계,070,환경보호,074,자연,1594996000,0,0,1594996000,0,0
2014,대구,2771000,대구달성군,일반회계,080,사회복지,081,기초생활보장,22496499000,0,0,22496499000,0,0
2014,대구,2771000,대구달성군,일반회계,080,사회복지,082,취약계층지원,24551970000,0,0,24551970000,0,0
2014,대구,2771000,대구달성군,일반회계,080,사회복지,084,보육ㆍ가족및여성,47453616000,0,0,47453616000,0,0
2014,대구,2771000,대구달성군,일반회계,080,사회복지,085,노인ㆍ청소년,37946448000,0,0,37946448000,0,0
2014,대구,2771000,대구달성군,일반회계,080,사회복지,086,노동,3601471000,0,0,3601471000,0,0
2014,대구,2771000,대구달성군,일반회계,080,사회복지,087,보훈,723773000,0,0,723773000,0,0
2014,대구,2771000,대구달성군,일반회계,080,사회복지,089,사회복지일반,0,0,0,0,0,0
2014,대구,2771000,대구달성군,일반회계,090,보건,091,보건의료,8928630000,0,0,8928630000,0,0
2014,대구,2771000,대구달성군,일반회계,090,보건,093,식품의약안전,546039000,0,0,546039000,0,0
2014,대구,2771000,대구달성군,일반회계,100,농림해양수산,101,농업ㆍ농촌,32554147000,0,0,32554147000,0,0
2014,대구,2771000,대구달성군,일반회계,100,농림해양수산,102,임업ㆍ산촌,7248980000,0,0,7248980000,0,0
2014,대구,2771000,대구달성군,일반회계,100,농림해양수산,103,해양수산ㆍ어촌,15000000,0,0,15000000,0,0
2014,대구,2771000,대구달성군,일반회계,110,산업ㆍ중소기업,113,무역및투자유치,85700000,0,0,85700000,0,0
2014,대구,2771000,대구달성군,일반회계,110,산업ㆍ중소기업,114,산업진흥ㆍ고도화,370996000,0,0,370996000,0,0
2014,대구,2771000,대구달성군,일반회계,110,산업ㆍ중소기업,115,에너지및자원개발,262476000,0,0,262476000,0,0
2014,대구,2771000,대구달성군,일반회계,110,산업ㆍ중소기업,116,산업ㆍ중소기업일반,893620000,0,0,893620000,0,0
2014,대구,2771000,대구달성군,일반회계,120,수송및교통,121,도로,54162628000,0,0,54162628000,0,0
2014,대구,2771000,대구달성군,일반회계,120,수송및교통,126,대중교통ㆍ물류등기타,13778866000,0,0,13778866000,0,0
2013,대구,2700000,대구본청,기타특별회계,900,기타,901,기타,0,0,9477018000,0,0,9477018000
2013,대구,2700000,대구본청,일반회계,010,일반공공행정,011,입법및선거관리,3874041000,0,0,3874041000,0,0
2013,대구,2700000,대구본청,일반회계,010,일반공공행정,013,지방행정ㆍ재정지원,337462835000,0,0,1786425000,0,0
2013,대구,2700000,대구본청,일반회계,010,일반공공행정,014,재정ㆍ금융,0,168271787000,0,0,163531787000,0
2013,대구,2700000,대구본청,일반회계,010,일반공공행정,016,일반행정,46548076000,21161940000,0,41408666000,21161940000,0
2013,대구,2700000,대구본청,일반회계,020,공공질서및안전,025,재난방재ㆍ민방위,62743114000,8213153000,0,31366987000,8213153000,0
2013,대구,2700000,대구본청,일반회계,050,교육,051,유아및초중등교육,395816814000,0,0,391732064000,0,0
2013,대구,2700000,대구본청,일반회계,050,교육,053,평생ㆍ직업교육,390650000,0,0,150650000,0,0
2013,대구,2700000,대구본청,일반회계,060,문화및관광,061,문화예술,74042450000,269316000,0,70885150000,269316000,0
2013,대구,2700000,대구본청,일반회계,060,문화및관광,062,관광,9229150000,0,0,7960950000,0,0
2013,대구,2700000,대구본청,일반회계,060,문화및관광,063,체육,107483103000,10000000,0,97032555000,10000000,0
2013,대구,2700000,대구본청,일반회계,060,문화및관광,064,문화재,5156142000,0,0,447500000,0,0
2013,대구,2700000,대구본청,일반회계,070,환경보호,071,상하수도ㆍ수질,29395227000,1637500000,0,24426035000,137500000,0
2013,대구,2700000,대구본청,일반회계,070,환경보호,072,폐기물,39234928000,0,0,38179928000,0,0
2013,대구,2700000,대구본청,일반회계,070,환경보호,073,대기,7629611000,0,0,6648662000,0,0
2013,대구,2700000,대구본청,일반회계,070,환경보호,074,자연,3142048000,0,0,3079048000,0,0
2013,대구,2700000,대구본청,일반회계,070,환경보호,076,환경보호일반,6338000000,0,0,6192000000,0,0
2013,대구,2700000,대구본청,일반회계,080,사회복지,081,기초생활보장,318089745000,0,0,1267275000,0,0
2013,대구,2700000,대구본청,일반회계,080,사회복지,082,취약계층지원,185241464000,304500000,0,19206137000,304500000,0
2013,대구,2700000,대구본청,일반회계,080,사회복지,084,보육ㆍ가족및여성,383922051000,100000000,0,12504049000,100000000,0
2013,대구,2700000,대구본청,일반회계,080,사회복지,085,노인ㆍ청소년,283862998000,0,0,48069377000,0,0
2013,대구,2700000,대구본청,일반회계,080,사회복지,086,노동,30505188000,0,0,7887480000,0,0
2013,대구,2700000,대구본청,일반회계,080,사회복지,087,보훈,3990065000,0,0,733065000,0,0
2013,대구,2700000,대구본청,일반회계,090,보건,091,보건의료,76552141000,74028058000,0,24288279000,110000000,0
2013,대구,2700000,대구본청,일반회계,090,보건,093,식품의약안전,4475723000,0,0,3911617000,0,0
2013,대구,2700000,대구본청,일반회계,100,농림해양수산,101,농업ㆍ농촌,26871662000,50000000,0,10908730000,50000000,0
2013,대구,2700000,대구본청,일반회계,100,농림해양수산,102,임업ㆍ산촌,11326490000,0,0,4034774000,0,0
2013,대구,2700000,대구본청,일반회계,110,산업ㆍ중소기업,111,산업금융지원,7645000000,0,0,7645000000,0,0
2013,대구,2700000,대구본청,일반회계,110,산업ㆍ중소기업,112,산업기술지원,41423380000,0,0,41423380000,0,0
2013,대구,2700000,대구본청,일반회계,110,산업ㆍ중소기업,113,무역및투자유치,35012907000,0,0,35012907000,0,0
2013,대구,2700000,대구본청,일반회계,110,산업ㆍ중소기업,114,산업진흥ㆍ고도화,131331770000,5461555000,0,103695102000,5361555000,0
2013,대구,2700000,대구본청,일반회계,110,산업ㆍ중소기업,115,에너지및자원개발,9328330000,0,0,8671580000,0,0
2013,대구,2700000,대구본청,일반회계,110,산업ㆍ중소기업,116,산업ㆍ중소기업일반,4228000000,748658000,0,4228000000,388658000,0
2013,대구,2700000,대구본청,일반회계,120,수송및교통,121,도로,186643259000,0,0,186643259000,0,0
2013,대구,2700000,대구본청,일반회계,120,수송및교통,125,항공ㆍ공항,3737530000,0,0,737530000,0,0
2013,대구,2700000,대구본청,일반회계,120,수송및교통,126,대중교통ㆍ물류등기타,124417183000,339199000000,0,124337183000,2240000000,0
2013,대구,2700000,대구본청,일반회계,140,국토및지역개발,141,수자원,11799595000,0,0,11799595000,0,0
2013,대구,2700000,대구본청,일반회계,140,국토및지역개발,142,지역및도시,84291484000,29565485000,0,60421901000,26064985000,0
2013,대구,2700000,대구본청,일반회계,140,국토및지역개발,143,산업단지,1357550000,0,0,1357550000,0,0
2013,대구,2700000,대구본청,일반회계,150,과학기술,152,과학기술연구지원,83303460000,0,0,83303460000,0,0
2013,대구,2700000,대구본청,일반회계,160,예비비,161,예비비,46375154000,0,0,46375154000,0,0
2013,대구,2700000,대구본청,일반회계,900,기타,901,기타,0,0,346760730000,10015556000,0,346760730000
2013,대구,2700000,대구본청,공기업특별회계,010,일반공공행정,014,재정ㆍ금융,17999353000,21981647000,0,5599353000,21981647000,0
2013,대구,2700000,대구본청,공기업특별회계,010,일반공공행정,016,일반행정,0,0,0,0,0,0
2013,대구,2700000,대구본청,공기업특별회계,070,환경보호,071,상하수도ㆍ수질,252309912000,39678232000,0,248529681000,36431732000,0
2013,대구,2700000,대구본청,공기업특별회계,140,국토및지역개발,141,수자원,0,0,0,0,0,0
2013,대구,2700000,대구본청,공기업특별회계,900,기타,901,기타,0,0,63230856000,0,0,63230856000
2013,대구,2700000,대구본청,기타특별회계,010,일반공공행정,013,지방행정ㆍ재정지원,3242819000,0,0,0,0,0
2013,대구,2700000,대구본청,기타특별회계,010,일반공공행정,014,재정ㆍ금융,0,255141423000,0,0,254591423000,0
2013,대구,2700000,대구본청,기타특별회계,070,환경보호,071,상하수도ㆍ수질,2800000000,0,0,2736100000,0,0
2013,대구,2700000,대구본청,기타특별회계,080,사회복지,081,기초생활보장,370168950000,0,0,365692812000,0,0
2013,대구,2700000,대구본청,기타특별회계,110,산업ㆍ중소기업,111,산업금융지원,66369307000,0,0,66369307000,0,0
2013,대구,2700000,대구본청,기타특별회계,110,산업ㆍ중소기업,114,산업진흥ㆍ고도화,1001600000,1771000000,0,1001600000,0,0
2013,대구,2700000,대구본청,기타특별회계,120,수송및교통,121,도로,4650000000,0,0,4650000000,0,0
2013,대구,2700000,대구본청,기타특별회계,120,수송및교통,123,도시철도,365065286000,0,0,365065286000,0,0
2013,대구,2700000,대구본청,기타특별회계,120,수송및교통,126,대중교통ㆍ물류등기타,109081981000,0,0,95079981000,0,0
2013,대구,2700000,대구본청,기타특별회계,140,국토및지역개발,142,지역및도시,91475200000,840000000,0,91475200000,840000000,0
2013,대구,2700000,대구본청,기타특별회계,140,국토및지역개발,143,산업단지,12205416000,0,0,12205416000,0,0
2013,대구,2711000,대구중구,일반회계,070,환경보호,072,폐기물,3537230000,0,0,3537230000,0,0
2013,대구,2711000,대구중구,일반회계,070,환경보호,073,대기,138388000,0,0,138388000,0,0
2013,대구,2711000,대구중구,일반회계,080,사회복지,081,기초생활보장,15986685000,0,0,15986685000,0,0
2013,대구,2711000,대구중구,일반회계,080,사회복지,082,취약계층지원,10547606000,0,0,10547606000,0,0
2013,대구,2711000,대구중구,일반회계,080,사회복지,084,보육ㆍ가족및여성,9564944000,0,0,9564944000,0,0
2013,대구,2711000,대구중구,일반회계,080,사회복지,085,노인ㆍ청소년,14120211000,0,0,14120211000,0,0
2013,대구,2711000,대구중구,일반회계,080,사회복지,086,노동,2057028000,0,0,2057028000,0,0
2013,대구,2711000,대구중구,일반회계,080,사회복지,087,보훈,180410000,0,0,180410000,0,0
2013,대구,2711000,대구중구,일반회계,090,보건,091,보건의료,3476769000,0,0,3476769000,0,0
2013,대구,2711000,대구중구,일반회계,090,보건,093,식품의약안전,64746000,0,0,64746000,0,0
2013,대구,2711000,대구중구,일반회계,100,농림해양수산,101,농업ㆍ농촌,91728000,0,0,91728000,0,0
2013,대구,2711000,대구중구,일반회계,110,산업ㆍ중소기업,114,산업진흥ㆍ고도화,3199699000,8000000,0,3199699000,8000000,0
2013,대구,2711000,대구중구,일반회계,110,산업ㆍ중소기업,115,에너지및자원개발,38657000,0,0,38657000,0,0
2013,대구,2711000,대구중구,일반회계,120,수송및교통,121,도로,2852675000,0,0,2852675000,0,0
2013,대구,2711000,대구중구,일반회계,120,수송및교통,126,대중교통ㆍ물류등기타,1411756000,308500000,0,1411756000,308500000,0
2013,대구,2711000,대구중구,일반회계,140,국토및지역개발,142,지역및도시,7313314000,0,0,7313314000,0,0
2013,대구,2711000,대구중구,일반회계,160,예비비,161,예비비,1672251000,0,0,1672251000,0,0
2013,대구,2711000,대구중구,일반회계,900,기타,901,기타,0,0,46441043000,2659054000,0,46441043000
2013,대구,2711000,대구중구,기타특별회계,080,사회복지,081,기초생활보장,195585000,27540000,0,195585000,25040000,0
2013,대구,2711000,대구중구,기타특별회계,080,사회복지,082,취약계층지원,1334875000,0,0,1334875000,0,0
2013,대구,2711000,대구중구,일반회계,010,일반공공행정,011,입법및선거관리,549398000,0,0,549398000,0,0
2013,대구,2711000,대구중구,일반회계,010,일반공공행정,013,지방행정ㆍ재정지원,307567000,0,0,307567000,0,0
2013,대구,2711000,대구중구,일반회계,010,일반공공행정,014,재정ㆍ금융,0,1322638000,0,0,782977000,0
2013,대구,2711000,대구중구,일반회계,010,일반공공행정,016,일반행정,7855756000,0,0,7855756000,0,0
2013,대구,2711000,대구중구,일반회계,020,공공질서및안전,025,재난방재ㆍ민방위,143899000,184298000,0,143899000,184298000,0
2013,대구,2711000,대구중구,일반회계,050,교육,051,유아및초중등교육,325780000,0,0,325780000,0,0
2013,대구,2711000,대구중구,일반회계,050,교육,053,평생ㆍ직업교육,99660000,0,0,99660000,0,0
2013,대구,2711000,대구중구,일반회계,060,문화및관광,061,문화예술,2437925000,0,0,2437925000,0,0
2013,대구,2711000,대구중구,일반회계,060,문화및관광,062,관광,50660000,0,0,50660000,0,0
2013,대구,2711000,대구중구,일반회계,060,문화및관광,063,체육,696311000,4000000,0,696311000,4000000,0
2013,대구,2711000,대구중구,일반회계,060,문화및관광,064,문화재,518701000,0,0,518701000,0,0
2013,대구,2711000,대구중구,일반회계,060,문화및관광,065,문화및관광일반,259397000,0,0,259397000,0,0
2013,대구,2711000,대구중구,일반회계,070,환경보호,071,상하수도ㆍ수질,32370000,0,0,32370000,0,0
2013,대구,2712000,대구동구,기타특별회계,900,기타,901,기타,0,0,807111000,1537000000,0,807111000
2013,대구,2712000,대구동구,일반회계,010,일반공공행정,011,입법및선거관리,919321000,0,0,919321000,0,0
2013,대구,2712000,대구동구,일반회계,010,일반공공행정,013,지방행정ㆍ재정지원,635136000,0,0,635136000,0,0
2013,대구,2712000,대구동구,일반회계,010,일반공공행정,016,일반행정,11310530000,456000000,0,11310530000,334800000,0
2013,대구,2712000,대구동구,일반회계,020,공공질서및안전,025,재난방재ㆍ민방위,127963000,100000000,0,127963000,100000000,0
2013,대구,2712000,대구동구,일반회계,050,교육,053,평생ㆍ직업교육,1970353000,0,0,1970353000,0,0
2013,대구,2712000,대구동구,일반회계,060,문화및관광,061,문화예술,2213443000,0,0,2213443000,0,0
2013,대구,2712000,대구동구,일반회계,060,문화및관광,062,관광,0,0,0,0,0,0
2013,대구,2712000,대구동구,일반회계,060,문화및관광,063,체육,3794587000,0,0,3794587000,0,0
2013,대구,2712000,대구동구,일반회계,060,문화및관광,064,문화재,2286817000,0,0,2286817000,0,0
2013,대구,2712000,대구동구,일반회계,070,환경보호,071,상하수도ㆍ수질,0,0,0,0,0,0
2013,대구,2712000,대구동구,일반회계,070,환경보호,072,폐기물,6390501000,0,0,6390501000,0,0
2013,대구,2712000,대구동구,일반회계,070,환경보호,073,대기,0,0,0,0,0,0
2013,대구,2712000,대구동구,일반회계,070,환경보호,076,환경보호일반,1177573000,0,0,1177573000,0,0
2013,대구,2712000,대구동구,일반회계,080,사회복지,081,기초생활보장,54096938000,0,0,54096938000,0,0
2013,대구,2712000,대구동구,일반회계,080,사회복지,082,취약계층지원,32000224000,0,0,32000224000,0,0
2013,대구,2712000,대구동구,일반회계,080,사회복지,084,보육ㆍ가족및여성,50441264000,0,0,50441264000,0,0
2013,대구,2712000,대구동구,일반회계,080,사회복지,085,노인ㆍ청소년,55130367000,0,0,55130367000,0,0
2013,대구,2712000,대구동구,일반회계,080,사회복지,089,사회복지일반,8324504000,0,0,8324504000,0,0
2013,대구,2712000,대구동구,일반회계,090,보건,091,보건의료,10549537000,0,0,10549537000,0,0
2013,대구,2712000,대구동구,일반회계,090,보건,093,식품의약안전,59985000,0,0,59985000,0,0
2013,대구,2712000,대구동구,일반회계,100,농림해양수산,101,농업ㆍ농촌,4348835000,0,0,4348835000,0,0
2013,대구,2712000,대구동구,일반회계,100,농림해양수산,102,임업ㆍ산촌,4206540000,0,0,4206540000,0,0
2013,대구,2712000,대구동구,일반회계,110,산업ㆍ중소기업,114,산업진흥ㆍ고도화,1405929000,0,0,1405929000,0,0
2013,대구,2712000,대구동구,일반회계,120,수송및교통,121,도로,4104653000,0,0,4104653000,0,0
2013,대구,2712000,대구동구,일반회계,120,수송및교통,126,대중교통ㆍ물류등기타,1279233000,0,0,1279233000,0,0
2013,대구,2712000,대구동구,일반회계,140,국토및지역개발,141,수자원,4094062000,0,0,4094062000,0,0
2013,대구,2712000,대구동구,일반회계,140,국토및지역개발,142,지역및도시,968564000,0,0,968564000,0,0
2013,대구,2712000,대구동구,일반회계,160,예비비,161,예비비,3115303000,0,0,3115303000,0,0
2013,대구,2712000,대구동구,일반회계,900,기타,901,기타,0,0,65491838000,6037769000,0,65491838000
2013,대구,2712000,대구동구,기타특별회계,070,환경보호,072,폐기물,0,0,0,0,0,0
2013,대구,2712000,대구동구,기타특별회계,080,사회복지,081,기초생활보장,941627000,61170000,0,941627000,52170000,0
2013,대구,2712000,대구동구,기타특별회계,120,수송및교통,126,대중교통ㆍ물류등기타,1377092000,0,0,1377092000,0,0
2013,대구,2712000,대구동구,기타특별회계,140,국토및지역개발,142,지역및도시,0,33000000,0,0,33000000,0
2013,대구,2713000,대구서구,기타특별회계,900,기타,901,기타,0,0,60800000,0,0,60800000
2013,대구,2713000,대구서구,일반회계,010,일반공공행정,011,입법및선거관리,749217000,0,0,749217000,0,0
2013,대구,2713000,대구서구,일반회계,010,일반공공행정,013,지방행정ㆍ재정지원,235363000,0,0,235363000,0,0
2013,대구,2713000,대구서구,일반회계,010,일반공공행정,014,재정ㆍ금융,0,1850000000,0,0,1100000000,0
2013,대구,2713000,대구서구,일반회계,010,일반공공행정,016,일반행정,7550811000,0,0,7550811000,0,0
2013,대구,2713000,대구서구,일반회계,020,공공질서및안전,025,재난방재ㆍ민방위,229339000,155047000,0,229339000,155047000,0
2013,대구,2713000,대구서구,일반회계,050,교육,051,유아및초중등교육,65947000,0,0,65947000,0,0
2013,대구,2713000,대구서구,일반회계,050,교육,053,평생ㆍ직업교육,316391000,0,0,316391000,0,0
2013,대구,2713000,대구서구,일반회계,060,문화및관광,061,문화예술,905799000,0,0,905799000,0,0
2013,대구,2713000,대구서구,일반회계,060,문화및관광,063,체육,960981000,0,0,960981000,0,0
2013,대구,2713000,대구서구,일반회계,070,환경보호,071,상하수도ㆍ수질,927738000,0,0,927738000,0,0
2013,대구,2713000,대구서구,일반회계,070,환경보호,072,폐기물,5153371000,0,0,5153371000,0,0
2013,대구,2713000,대구서구,일반회계,070,환경보호,073,대기,92893000,0,0,92893000,0,0
2013,대구,2713000,대구서구,일반회계,070,환경보호,076,환경보호일반,135416000,0,0,135416000,0,0
2013,대구,2713000,대구서구,일반회계,080,사회복지,081,기초생활보장,29979364000,0,0,29979364000,0,0
2013,대구,2713000,대구서구,일반회계,080,사회복지,082,취약계층지원,8576582000,0,0,8528582000,0,0
2013,대구,2713000,대구서구,일반회계,080,사회복지,084,보육ㆍ가족및여성,35311871000,0,0,35311871000,0,0
2013,대구,2713000,대구서구,일반회계,080,사회복지,085,노인ㆍ청소년,29113866000,0,0,29113866000,0,0
2013,대구,2713000,대구서구,일반회계,080,사회복지,086,노동,2514800000,0,0,2514800000,0,0
2013,대구,2713000,대구서구,일반회계,080,사회복지,089,사회복지일반,3559241000,0,0,3559241000,0,0
2013,대구,2713000,대구서구,일반회계,090,보건,091,보건의료,5649874000,0,0,5649874000,0,0
2013,대구,2713000,대구서구,일반회계,090,보건,093,식품의약안전,44219000,0,0,44219000,0,0
2013,대구,2713000,대구서구,일반회계,100,농림해양수산,101,농업ㆍ농촌,127645000,0,0,127645000,0,0
2013,대구,2713000,대구서구,일반회계,100,농림해양수산,102,임업ㆍ산촌,259676000,0,0,229676000,0,0
2013,대구,2713000,대구서구,일반회계,110,산업ㆍ중소기업,114,산업진흥ㆍ고도화,3411330000,0,0,3411330000,0,0
2013,대구,2713000,대구서구,일반회계,110,산업ㆍ중소기업,115,에너지및자원개발,35044000,0,0,35044000,0,0
2013,대구,2713000,대구서구,일반회계,120,수송및교통,121,도로,1125506000,0,0,1125506000,0,0
2013,대구,2713000,대구서구,일반회계,120,수송및교통,126,대중교통ㆍ물류등기타,2299013000,0,0,2299013000,0,0
2013,대구,2713000,대구서구,일반회계,140,국토및지역개발,142,지역및도시,3126044000,0,0,3126044000,0,0
2013,대구,2713000,대구서구,일반회계,160,예비비,161,예비비,2539826000,0,0,2539826000,0,0
2013,대구,2713000,대구서구,일반회계,900,기타,901,기타,0,0,50597786000,4438707000,0,50597786000
2013,대구,2713000,대구서구,기타특별회계,080,사회복지,081,기초생활보장,0,49280000,0,0,43280000,0
2013,대구,2713000,대구서구,기타특별회계,080,사회복지,082,취약계층지원,399920000,0,0,399920000,0,0
2013,대구,2714000,대구남구,기타특별회계,900,기타,901,기타,0,40133000,650709000,1537000000,36533000,650709000
2013,대구,2714000,대구남구,일반회계,010,일반공공행정,011,입법및선거관리,587875000,0,0,587875000,0,0
2013,대구,2714000,대구남구,일반회계,010,일반공공행정,013,지방행정ㆍ재정지원,388590000,0,0,388590000,0,0
2013,대구,2714000,대구남구,일반회계,010,일반공공행정,016,일반행정,5946124000,0,0,5946124000,0,0
2013,대구,2714000,대구남구,일반회계,020,공공질서및안전,025,재난방재ㆍ민방위,239028000,60000000,0,239028000,60000000,0
2013,대구,2714000,대구남구,일반회계,050,교육,051,유아및초중등교육,183114000,0,0,183114000,0,0
2013,대구,2714000,대구남구,일반회계,050,교육,053,평생ㆍ직업교육,62000000,0,0,62000000,0,0
2013,대구,2714000,대구남구,일반회계,060,문화및관광,061,문화예술,1003764000,0,0,1003764000,0,0
2013,대구,2714000,대구남구,일반회계,060,문화및관광,063,체육,796082000,0,0,796082000,0,0
2013,대구,2714000,대구남구,일반회계,060,문화및관광,064,문화재,254510000,0,0,254510000,0,0
2013,대구,2714000,대구남구,일반회계,070,환경보호,071,상하수도ㆍ수질,224268000,0,0,224268000,0,0
2013,대구,2714000,대구남구,일반회계,070,환경보호,072,폐기물,3653623000,0,0,3653623000,0,0
2013,대구,2714000,대구남구,일반회계,070,환경보호,073,대기,199144000,0,0,199144000,0,0
2013,대구,2714000,대구남구,일반회계,070,환경보호,076,환경보호일반,53889000,0,0,53889000,0,0
2013,대구,2714000,대구남구,일반회계,080,사회복지,081,기초생활보장,30396835000,0,0,30396835000,0,0
2013,대구,2714000,대구남구,일반회계,080,사회복지,082,취약계층지원,20591230000,0,0,20591230000,0,0
2013,대구,2714000,대구남구,일반회계,080,사회복지,084,보육ㆍ가족및여성,24465125000,0,0,24465125000,0,0
2013,대구,2714000,대구남구,일반회계,080,사회복지,085,노인ㆍ청소년,22233339000,0,0,22233339000,0,0
2013,대구,2714000,대구남구,일반회계,080,사회복지,086,노동,1719118000,0,0,1719118000,0,0
2013,대구,2714000,대구남구,일반회계,080,사회복지,087,보훈,355080000,0,0,355080000,0,0
2013,대구,2714000,대구남구,일반회계,090,보건,091,보건의료,5353819000,0,0,5353819000,0,0
2013,대구,2714000,대구남구,일반회계,090,보건,093,식품의약안전,107534000,0,0,107534000,0,0
2013,대구,2714000,대구남구,일반회계,100,농림해양수산,101,농업ㆍ농촌,132809000,0,0,132809000,0,0
2013,대구,2714000,대구남구,일반회계,100,농림해양수산,102,임업ㆍ산촌,208452000,0,0,158452000,0,0
2013,대구,2714000,대구남구,일반회계,110,산업ㆍ중소기업,114,산업진흥ㆍ고도화,626530000,0,0,626530000,0,0
2013,대구,2714000,대구남구,일반회계,110,산업ㆍ중소기업,115,에너지및자원개발,28053000,0,0,28053000,0,0
2013,대구,2714000,대구남구,일반회계,120,수송및교통,121,도로,2423333000,0,0,2423333000,0,0
2013,대구,2714000,대구남구,일반회계,120,수송및교통,126,대중교통ㆍ물류등기타,519515000,0,0,519515000,0,0
2013,대구,2714000,대구남구,일반회계,140,국토및지역개발,142,지역및도시,6527875000,0,0,6527875000,0,0
2013,대구,2714000,대구남구,일반회계,160,예비비,161,예비비,1970365000,0,0,1970365000,0,0
2013,대구,2714000,대구남구,일반회계,900,기타,901,기타,0,1818000000,46470977000,4380898000,1212000000,46470977000
2013,대구,2714000,대구남구,기타특별회계,080,사회복지,081,기초생활보장,411867000,0,0,411867000,0,0
2013,대구,2714000,대구남구,기타특별회계,080,사회복지,082,취약계층지원,360000000,0,0,360000000,0,0
2013,대구,2714000,대구남구,기타특별회계,120,수송및교통,126,대중교통ㆍ물류등기타,1639291000,0,0,1639291000,0,0
2013,대구,2714000,대구남구,기타특별회계,140,국토및지역개발,142,지역및도시,0,0,0,0,0,0
2013,대구,2714000,대구남구,기타특별회계,160,예비비,161,예비비,0,0,0,0,0,0
2013,대구,2715000,대구북구,기타특별회계,900,기타,901,기타,0,0,890383000,1537000000,0,890383000
2013,대구,2715000,대구북구,일반회계,010,일반공공행정,011,입법및선거관리,1074634000,0,0,1074634000,0,0
2013,대구,2715000,대구북구,일반회계,010,일반공공행정,013,지방행정ㆍ재정지원,482928000,0,0,482928000,0,0
2013,대구,2715000,대구북구,일반회계,010,일반공공행정,016,일반행정,16063353000,3525675000,0,16063353000,2525675000,0
2013,대구,2715000,대구북구,일반회계,020,공공질서및안전,025,재난방재ㆍ민방위,11727517000,336792000,0,11727517000,336792000,0
2013,대구,2715000,대구북구,일반회계,050,교육,053,평생ㆍ직업교육,45420000,0,0,45420000,0,0
2013,대구,2715000,대구북구,일반회계,060,문화및관광,061,문화예술,2661993000,0,0,2661993000,0,0
2013,대구,2715000,대구북구,일반회계,060,문화및관광,063,체육,1241186000,0,0,1241186000,0,0
2013,대구,2715000,대구북구,일반회계,060,문화및관광,064,문화재,125930000,0,0,125930000,0,0
2013,대구,2715000,대구북구,일반회계,070,환경보호,071,상하수도ㆍ수질,61903000,0,0,61903000,0,0
2013,대구,2715000,대구북구,일반회계,070,환경보호,072,폐기물,9291145000,3000000,0,9291145000,3000000,0
2013,대구,2715000,대구북구,일반회계,070,환경보호,073,대기,70385000,0,0,70385000,0,0
2013,대구,2715000,대구북구,일반회계,070,환경보호,076,환경보호일반,241203000,0,0,241203000,0,0
2013,대구,2715000,대구북구,일반회계,080,사회복지,081,기초생활보장,48740462000,0,0,48740462000,0,0
2013,대구,2715000,대구북구,일반회계,080,사회복지,082,취약계층지원,27438237000,0,0,27438237000,0,0
2013,대구,2715000,대구북구,일반회계,080,사회복지,084,보육ㆍ가족및여성,78194821000,0,0,78194821000,0,0
2013,대구,2715000,대구북구,일반회계,080,사회복지,085,노인ㆍ청소년,42508362000,0,0,42508362000,0,0
2013,대구,2715000,대구북구,일반회계,080,사회복지,086,노동,3726640000,0,0,3726640000,0,0
2013,대구,2715000,대구북구,일반회계,090,보건,091,보건의료,12233503000,0,0,12233503000,0,0
2013,대구,2715000,대구북구,일반회계,090,보건,093,식품의약안전,58403000,0,0,58403000,0,0
2013,대구,2715000,대구북구,일반회계,100,농림해양수산,101,농업ㆍ농촌,1671861000,0,0,1671861000,0,0
2013,대구,2715000,대구북구,일반회계,100,농림해양수산,102,임업ㆍ산촌,2675183000,0,0,2505183000,0,0
2013,대구,2715000,대구북구,일반회계,110,산업ㆍ중소기업,116,산업ㆍ중소기업일반,6627532000,0,0,6627532000,0,0
2013,대구,2715000,대구북구,일반회계,120,수송및교통,121,도로,4746753000,0,0,4746753000,0,0
2013,대구,2715000,대구북구,일반회계,120,수송및교통,126,대중교통ㆍ물류등기타,4535467000,0,0,4535467000,0,0
2013,대구,2715000,대구북구,일반회계,140,국토및지역개발,141,수자원,2670028000,0,0,2670028000,0,0
2013,대구,2715000,대구북구,일반회계,140,국토및지역개발,142,지역및도시,3573186000,0,0,3573186000,0,0
2013,대구,2715000,대구북구,일반회계,160,예비비,161,예비비,3829770000,0,0,3829770000,0,0
2013,대구,2715000,대구북구,일반회계,900,기타,901,기타,0,0,68816728000,5917248000,0,68816728000
2013,대구,2715000,대구북구,기타특별회계,070,환경보호,072,폐기물,0,0,0,0,0,0
2013,대구,2715000,대구북구,기타특별회계,080,사회복지,081,기초생활보장,559937000,195863000,0,559937000,191863000,0
2013,대구,2715000,대구북구,기타특별회계,120,수송및교통,126,대중교통ㆍ물류등기타,3119817000,3204000000,0,3119817000,4000000,0
2013,대구,2715000,대구북구,기타특별회계,140,국토및지역개발,142,지역및도시,0,30000000,0,0,30000000,0
2013,대구,2716000,대구수성구,일반회계,080,사회복지,087,보훈,691854000,0,0,691854000,0,0
2013,대구,2716000,대구수성구,일반회계,090,보건,091,보건의료,10088310000,0,0,10088310000,0,0
2013,대구,2716000,대구수성구,일반회계,090,보건,093,식품의약안전,665612000,0,0,665612000,0,0
2013,대구,2716000,대구수성구,일반회계,100,농림해양수산,101,농업ㆍ농촌,1450550000,0,0,1450550000,0,0
2013,대구,2716000,대구수성구,일반회계,100,농림해양수산,102,임업ㆍ산촌,2081899000,0,0,1931899000,0,0
2013,대구,2716000,대구수성구,일반회계,110,산업ㆍ중소기업,114,산업진흥ㆍ고도화,85464000,0,0,85464000,0,0
2013,대구,2716000,대구수성구,일반회계,110,산업ㆍ중소기업,115,에너지및자원개발,38721000,0,0,38721000,0,0
2013,대구,2716000,대구수성구,일반회계,120,수송및교통,121,도로,5671896000,0,0,5671896000,0,0
2013,대구,2716000,대구수성구,일반회계,120,수송및교통,126,대중교통ㆍ물류등기타,2340562000,0,0,2340562000,0,0
2013,대구,2716000,대구수성구,일반회계,140,국토및지역개발,141,수자원,15114416000,0,0,15114416000,0,0
2013,대구,2716000,대구수성구,일반회계,140,국토및지역개발,142,지역및도시,5807760000,0,0,5807760000,0,0
2013,대구,2716000,대구수성구,일반회계,160,예비비,161,예비비,4033143000,0,0,4033143000,0,0
2013,대구,2716000,대구수성구,일반회계,900,기타,901,기타,0,0,67992885000,5138514000,0,67992885000
2013,대구,2716000,대구수성구,기타특별회계,080,사회복지,081,기초생활보장,0,0,0,0,0,0
2013,대구,2716000,대구수성구,기타특별회계,080,사회복지,082,취약계층지원,649368000,1432000,0,649368000,0,0
2013,대구,2716000,대구수성구,기타특별회계,120,수송및교통,126,대중교통ㆍ물류등기타,1778583000,8300000000,0,1778583000,8300000000,0
2013,대구,2716000,대구수성구,기타특별회계,140,국토및지역개발,142,지역및도시,16300000,1073700000,0,16300000,1073700000,0
2013,대구,2716000,대구수성구,기타특별회계,160,예비비,161,예비비,0,0,0,0,0,0
2013,대구,2716000,대구수성구,기타특별회계,900,기타,901,기타,0,0,772617000,1537000000,0,772617000
2013,대구,2716000,대구수성구,일반회계,010,일반공공행정,011,입법및선거관리,1329357000,0,0,1329357000,0,0
2013,대구,2716000,대구수성구,일반회계,010,일반공공행정,013,지방행정ㆍ재정지원,1917909000,0,0,1917909000,0,0
2013,대구,2716000,대구수성구,일반회계,010,일반공공행정,014,재정ㆍ금융,0,51500000,0,0,51500000,0
2013,대구,2716000,대구수성구,일반회계,010,일반공공행정,016,일반행정,11637775000,0,0,11637775000,0,0
2013,대구,2716000,대구수성구,일반회계,020,공공질서및안전,025,재난방재ㆍ민방위,488508000,0,0,488508000,0,0
2013,대구,2716000,대구수성구,일반회계,050,교육,051,유아및초중등교육,1293350000,0,0,1293350000,0,0
2013,대구,2716000,대구수성구,일반회계,050,교육,053,평생ㆍ직업교육,3843114000,0,0,3843114000,0,0
2013,대구,2716000,대구수성구,일반회계,060,문화및관광,061,문화예술,9087686000,0,0,9087686000,0,0
2013,대구,2716000,대구수성구,일반회계,060,문화및관광,063,체육,1570685000,0,0,1570685000,0,0
2013,대구,2716000,대구수성구,일반회계,060,문화및관광,064,문화재,228557000,0,0,228557000,0,0
2013,대구,2716000,대구수성구,일반회계,070,환경보호,071,상하수도ㆍ수질,62520000,0,0,62520000,0,0
2013,대구,2716000,대구수성구,일반회계,070,환경보호,072,폐기물,9534974000,0,0,9534974000,0,0
2013,대구,2716000,대구수성구,일반회계,070,환경보호,073,대기,80142000,0,0,80142000,0,0
2013,대구,2716000,대구수성구,일반회계,070,환경보호,076,환경보호일반,262711000,0,0,262711000,0,0
2013,대구,2716000,대구수성구,일반회계,080,사회복지,081,기초생활보장,51146035000,0,0,51146035000,0,0
2013,대구,2716000,대구수성구,일반회계,080,사회복지,082,취약계층지원,29340168000,0,0,29340168000,0,0
2013,대구,2716000,대구수성구,일반회계,080,사회복지,084,보육ㆍ가족및여성,56080829000,0,0,56080829000,0,0
2013,대구,2716000,대구수성구,일반회계,080,사회복지,085,노인ㆍ청소년,39050911000,0,0,39050911000,0,0
2013,대구,2716000,대구수성구,일반회계,080,사회복지,086,노동,3630197000,0,0,3630197000,0,0
2013,대구,2717000,대구달서구,기타특별회계,900,기타,901,기타,0,0,1218546000,1537000000,0,1218546000
2013,대구,2717000,대구달서구,일반회계,010,일반공공행정,011,입법및선거관리,1452645000,0,0,1452645000,0,0
2013,대구,2717000,대구달서구,일반회계,010,일반공공행정,013,지방행정ㆍ재정지원,1072689000,0,0,1072689000,0,0
2013,대구,2717000,대구달서구,일반회계,010,일반공공행정,014,재정ㆍ금융,0,0,0,0,0,0
2013,대구,2717000,대구달서구,일반회계,010,일반공공행정,016,일반행정,13021158000,3715248000,0,13021158000,2402248000,0
2013,대구,2717000,대구달서구,일반회계,020,공공질서및안전,025,재난방재ㆍ민방위,2079669000,502098000,0,2079669000,502098000,0
2013,대구,2717000,대구달서구,일반회계,050,교육,051,유아및초중등교육,2053458000,0,0,2053458000,0,0
2013,대구,2717000,대구달서구,일반회계,050,교육,053,평생ㆍ직업교육,442133000,0,0,442133000,0,0
2013,대구,2717000,대구달서구,일반회계,060,문화및관광,061,문화예술,3807260000,483750000,0,3807260000,483750000,0
2013,대구,2717000,대구달서구,일반회계,060,문화및관광,063,체육,1495752000,0,0,1495752000,0,0
2013,대구,2717000,대구달서구,일반회계,070,환경보호,071,상하수도ㆍ수질,2250780000,0,0,2250780000,0,0
2013,대구,2717000,대구달서구,일반회계,070,환경보호,072,폐기물,12189367000,0,0,12189367000,0,0
2013,대구,2717000,대구달서구,일반회계,070,환경보호,073,대기,166114000,0,0,166114000,0,0
2013,대구,2717000,대구달서구,일반회계,070,환경보호,076,환경보호일반,166921000,0,0,166921000,0,0
2013,대구,2717000,대구달서구,일반회계,080,사회복지,081,기초생활보장,72193780000,0,0,72193780000,0,0
2013,대구,2717000,대구달서구,일반회계,080,사회복지,082,취약계층지원,30153354000,0,0,30153354000,0,0
2013,대구,2717000,대구달서구,일반회계,080,사회복지,084,보육ㆍ가족및여성,92646496000,0,0,92646496000,0,0
2013,대구,2717000,대구달서구,일반회계,080,사회복지,085,노인ㆍ청소년,51983494000,0,0,51983494000,0,0
2013,대구,2717000,대구달서구,일반회계,080,사회복지,086,노동,2789000000,0,0,2789000000,0,0
2013,대구,2717000,대구달서구,일반회계,080,사회복지,087,보훈,690620000,0,0,690620000,0,0
2013,대구,2717000,대구달서구,일반회계,090,보건,091,보건의료,15117723000,0,0,15117723000,0,0
2013,대구,2717000,대구달서구,일반회계,090,보건,093,식품의약안전,133673000,0,0,133673000,0,0
2013,대구,2717000,대구달서구,일반회계,100,농림해양수산,101,농업ㆍ농촌,438004000,0,0,438004000,0,0
2013,대구,2717000,대구달서구,일반회계,100,농림해양수산,102,임업ㆍ산촌,974239000,0,0,874239000,0,0
2013,대구,2717000,대구달서구,일반회계,110,산업ㆍ중소기업,114,산업진흥ㆍ고도화,2225890000,0,0,2225890000,0,0
2013,대구,2717000,대구달서구,일반회계,120,수송및교통,121,도로,4165296000,0,0,4165296000,0,0
2013,대구,2717000,대구달서구,일반회계,120,수송및교통,126,대중교통ㆍ물류등기타,1783220000,0,0,1783220000,0,0
2013,대구,2717000,대구달서구,일반회계,140,국토및지역개발,142,지역및도시,9274531000,185440000,0,9274531000,185440000,0
2013,대구,2717000,대구달서구,일반회계,160,예비비,161,예비비,4703517000,0,0,4703517000,0,0
2013,대구,2717000,대구달서구,일반회계,900,기타,901,기타,0,0,74342681000,6203571000,0,74342681000
2013,대구,2717000,대구달서구,기타특별회계,070,환경보호,072,폐기물,1611000000,0,0,0,0,0
2013,대구,2717000,대구달서구,기타특별회계,080,사회복지,081,기초생활보장,1917907000,73588000,0,1917907000,63588000,0
2013,대구,2717000,대구달서구,기타특별회계,120,수송및교통,126,대중교통ㆍ물류등기타,2666959000,0,0,2666959000,0,0
2013,대구,2717000,대구달서구,기타특별회계,140,국토및지역개발,142,지역및도시,12000000,0,0,12000000,0,0
2013,대구,2771000,대구달성군,기타특별회계,900,기타,901,기타,0,88426000,325290000,0,73080000,325290000
2013,대구,2771000,대구달성군,기타특별회계,140,국토및지역개발,143,산업단지,210000000,0,0,210000000,0,0
2013,대구,2771000,대구달성군,기타특별회계,140,국토및지역개발,142,지역및도시,50000000,0,0,50000000,0,0
2013,대구,2771000,대구달성군,기타특별회계,140,국토및지역개발,141,수자원,14734710000,0,0,14734710000,0,0
2013,대구,2771000,대구달성군,기타특별회계,080,사회복지,082,취약계층지원,291574000,0,0,291574000,0,0
2013,대구,2771000,대구달성군,기타특별회계,070,환경보호,072,폐기물,3300000000,0,0,3300000000,0,0
2013,대구,2771000,대구달성군,일반회계,900,기타,901,기타,0,2838490000,54057903000,7723844000,2679990000,54057903000
2013,대구,2771000,대구달성군,일반회계,160,예비비,161,예비비,27267831000,0,0,27267831000,0,0
2013,대구,2771000,대구달성군,일반회계,150,과학기술,153,과학기술일반,90000000,0,0,90000000,0,0
2013,대구,2771000,대구달성군,일반회계,150,과학기술,152,과학기술연구지원,0,0,0,0,0,0
2013,대구,2771000,대구달성군,일반회계,140,국토및지역개발,142,지역및도시,16422420000,0,0,16422420000,0,0
2013,대구,2771000,대구달성군,일반회계,140,국토및지역개발,141,수자원,10606653000,0,0,10606653000,0,0
2013,대구,2771000,대구달성군,일반회계,120,수송및교통,126,대중교통ㆍ물류등기타,8919616000,0,0,8919616000,0,0
2013,대구,2771000,대구달성군,일반회계,120,수송및교통,121,도로,41641909000,0,0,41641909000,0,0
2013,대구,2771000,대구달성군,일반회계,110,산업ㆍ중소기업,116,산업ㆍ중소기업일반,1736809000,0,0,1736809000,0,0
2013,대구,2771000,대구달성군,일반회계,110,산업ㆍ중소기업,115,에너지및자원개발,12284000,0,0,12284000,0,0
2013,대구,2771000,대구달성군,일반회계,110,산업ㆍ중소기업,114,산업진흥ㆍ고도화,19292000,0,0,19292000,0,0
2013,대구,2771000,대구달성군,일반회계,110,산업ㆍ중소기업,113,무역및투자유치,2700000,0,0,2700000,0,0
2013,대구,2771000,대구달성군,일반회계,100,농림해양수산,103,해양수산ㆍ어촌,10000000,0,0,10000000,0,0
2013,대구,2771000,대구달성군,일반회계,100,농림해양수산,102,임업ㆍ산촌,6510293000,0,0,6510293000,0,0
2013,대구,2771000,대구달성군,일반회계,100,농림해양수산,101,농업ㆍ농촌,28461906000,0,0,28461906000,0,0
2013,대구,2771000,대구달성군,일반회계,090,보건,093,식품의약안전,223821000,0,0,223821000,0,0
2013,대구,2771000,대구달성군,일반회계,090,보건,091,보건의료,12360722000,0,0,12360722000,0,0
2013,대구,2771000,대구달성군,일반회계,080,사회복지,089,사회복지일반,0,0,0,0,0,0
2013,대구,2771000,대구달성군,일반회계,080,사회복지,087,보훈,454815000,0,0,454815000,0,0
2013,대구,2771000,대구달성군,일반회계,080,사회복지,086,노동,3075785000,0,0,3075785000,0,0
2013,대구,2771000,대구달성군,일반회계,080,사회복지,085,노인ㆍ청소년,26575793000,0,0,26575793000,0,0
2013,대구,2771000,대구달성군,일반회계,080,사회복지,084,보육ㆍ가족및여성,35925433000,0,0,35925433000,0,0
2013,대구,2771000,대구달성군,일반회계,080,사회복지,082,취약계층지원,19059646000,0,0,19059646000,0,0
2013,대구,2771000,대구달성군,일반회계,080,사회복지,081,기초생활보장,21667136000,0,0,21667136000,0,0
2013,대구,2771000,대구달성군,일반회계,070,환경보호,074,자연,1411789000,0,0,1411789000,0,0
2013,대구,2771000,대구달성군,일반회계,070,환경보호,073,대기,213950000,0,0,213950000,0,0
2013,대구,2771000,대구달성군,일반회계,070,환경보호,072,폐기물,4737718000,0,0,4737718000,0,0
2013,대구,2771000,대구달성군,일반회계,070,환경보호,071,상하수도ㆍ수질,1075987000,0,0,1075987000,0,0
2013,대구,2771000,대구달성군,일반회계,060,문화및관광,064,문화재,1659686000,0,0,1659686000,0,0
2013,대구,2771000,대구달성군,일반회계,060,문화및관광,063,체육,18303446000,0,0,18303446000,0,0
2013,대구,2771000,대구달성군,일반회계,060,문화및관광,062,관광,3780697000,0,0,3780697000,0,0
2013,대구,2771000,대구달성군,일반회계,060,문화및관광,061,문화예술,5117503000,0,0,5117503000,0,0
2013,대구,2771000,대구달성군,일반회계,050,교육,053,평생ㆍ직업교육,4225684000,0,0,4225684000,0,0
2013,대구,2771000,대구달성군,일반회계,050,교육,052,고등교육,300000000,0,0,300000000,0,0
2013,대구,2771000,대구달성군,일반회계,050,교육,051,유아및초중등교육,2710857000,0,0,2710857000,0,0
2013,대구,2771000,대구달성군,일반회계,020,공공질서및안전,025,재난방재ㆍ민방위,7413054000,0,0,7413054000,0,0
2013,대구,2771000,대구달성군,일반회계,010,일반공공행정,016,일반행정,11689627000,0,0,11689627000,0,0
2013,대구,2771000,대구달성군,일반회계,010,일반공공행정,013,지방행정ㆍ재정지원,5789971000,0,0,5789971000,0,0
2013,대구,2771000,대구달성군,일반회계,010,일반공공행정,011,입법및선거관리,628774000,0,0,628774000,0,0
2012,대구,2700000,대구본청,기타특별회계,900,기타,901,기타,0,0,9285605000,43500000,0,9285605000
2012,대구,2700000,대구본청,일반회계,010,일반공공행정,011,입법및선거관리,3565566000,0,0,3565566000,0,0
2012,대구,2700000,대구본청,일반회계,010,일반공공행정,013,지방행정ㆍ재정지원,310544061000,0,0,1425314000,0,0
2012,대구,2700000,대구본청,일반회계,010,일반공공행정,014,재정ㆍ금융,0,157018579000,0,0,153279679000,0
2012,대구,2700000,대구본청,일반회계,010,일반공공행정,016,일반행정,42742801000,6784536000,0,40515890000,6784536000,0
2012,대구,2700000,대구본청,일반회계,020,공공질서및안전,025,재난방재ㆍ민방위,53796227000,7232530000,0,23677075000,7232530000,0
2012,대구,2700000,대구본청,일반회계,050,교육,051,유아및초중등교육,0,0,0,0,0,0
2012,대구,2700000,대구본청,일반회계,050,교육,053,평생ㆍ직업교육,349715650000,0,0,346612400000,0,0
2012,대구,2700000,대구본청,일반회계,060,문화및관광,061,문화예술,64248343000,0,0,61140543000,0,0
2012,대구,2700000,대구본청,일반회계,060,문화및관광,062,관광,13178600000,0,0,11020600000,0,0
2012,대구,2700000,대구본청,일반회계,060,문화및관광,063,체육,144093129000,10000000,0,133372285000,10000000,0
2012,대구,2700000,대구본청,일반회계,060,문화및관광,064,문화재,4303907000,0,0,439000000,0,0
2012,대구,2700000,대구본청,일반회계,070,환경보호,071,상하수도ㆍ수질,22331104000,2250000000,0,19096410000,150000000,0
2012,대구,2700000,대구본청,일반회계,070,환경보호,072,폐기물,39028627000,0,0,38620927000,0,0
2012,대구,2700000,대구본청,일반회계,070,환경보호,073,대기,7971342000,0,0,7207102000,0,0
2012,대구,2700000,대구본청,일반회계,070,환경보호,074,자연,3905454000,0,0,3755454000,0,0
2012,대구,2700000,대구본청,일반회계,070,환경보호,076,환경보호일반,5777850000,0,0,5458850000,0,0
2012,대구,2700000,대구본청,일반회계,080,사회복지,081,기초생활보장,291324460000,0,0,1118900000,0,0
2012,대구,2700000,대구본청,일반회계,080,사회복지,082,취약계층지원,171169052000,314000000,0,19531991000,314000000,0
2012,대구,2700000,대구본청,일반회계,080,사회복지,084,보육ㆍ가족및여성,311211359000,100000000,0,9458944000,100000000,0
2012,대구,2700000,대구본청,일반회계,080,사회복지,085,노인ㆍ청소년,261021600000,0,0,45089862000,0,0
2012,대구,2700000,대구본청,일반회계,080,사회복지,086,노동,32034882000,0,0,10312908000,0,0
2012,대구,2700000,대구본청,일반회계,080,사회복지,087,보훈,3869125000,0,0,667125000,0,0
2012,대구,2700000,대구본청,일반회계,090,보건,091,보건의료,65654726000,60823665000,0,21596421000,120000000,0
2012,대구,2700000,대구본청,일반회계,090,보건,093,식품의약안전,1741499000,0,0,1477380000,0,0
2012,대구,2700000,대구본청,일반회계,100,농림해양수산,101,농업ㆍ농촌,26625627000,50000000,0,11646899000,50000000,0
2012,대구,2700000,대구본청,일반회계,100,농림해양수산,102,임업ㆍ산촌,11523204000,0,0,4472548000,0,0
2012,대구,2700000,대구본청,일반회계,110,산업ㆍ중소기업,111,산업금융지원,7645000000,0,0,7645000000,0,0
2012,대구,2700000,대구본청,일반회계,110,산업ㆍ중소기업,112,산업기술지원,0,0,0,0,0,0
2012,대구,2700000,대구본청,일반회계,110,산업ㆍ중소기업,113,무역및투자유치,32253975000,0,0,32253975000,0,0
2012,대구,2700000,대구본청,일반회계,110,산업ㆍ중소기업,114,산업진흥ㆍ고도화,231565415000,6146197000,0,206667635000,6046197000,0
2012,대구,2700000,대구본청,일반회계,110,산업ㆍ중소기업,115,에너지및자원개발,0,0,0,0,0,0
2012,대구,2700000,대구본청,일반회계,110,산업ㆍ중소기업,116,산업ㆍ중소기업일반,4428000000,604669000,0,4428000000,244669000,0
2012,대구,2700000,대구본청,일반회계,120,수송및교통,121,도로,167033940000,0,0,167033940000,0,0
2012,대구,2700000,대구본청,일반회계,120,수송및교통,125,항공ㆍ공항,1539439000,0,0,539439000,0,0
2012,대구,2700000,대구본청,일반회계,120,수송및교통,126,대중교통ㆍ물류등기타,125988212000,352187768000,0,125908212000,2280768000,0
2012,대구,2700000,대구본청,일반회계,140,국토및지역개발,141,수자원,8784631000,0,0,8734631000,0,0
2012,대구,2700000,대구본청,일반회계,140,국토및지역개발,142,지역및도시,72367097000,34266889000,0,53417926000,31692889000,0
2012,대구,2700000,대구본청,일반회계,140,국토및지역개발,143,산업단지,1847550000,0,0,1847550000,0,0
2012,대구,2700000,대구본청,일반회계,160,예비비,161,예비비,39278925000,0,0,39278925000,0,0
2012,대구,2700000,대구본청,일반회계,900,기타,901,기타,0,0,330700788000,3177200000,0,330700788000
2012,대구,2700000,대구본청,공기업특별회계,010,일반공공행정,014,재정ㆍ금융,5023685000,41976315000,0,5023685000,17976315000,0
2012,대구,2700000,대구본청,공기업특별회계,070,환경보호,071,상하수도ㆍ수질,259065891000,40739314000,0,252870360000,38320354000,0
2012,대구,2700000,대구본청,공기업특별회계,900,기타,901,기타,0,0,75194795000,0,0,75194795000
2012,대구,2700000,대구본청,기타특별회계,010,일반공공행정,013,지방행정ㆍ재정지원,3162809000,0,0,0,0,0
2012,대구,2700000,대구본청,기타특별회계,010,일반공공행정,014,재정ㆍ금융,0,289987867000,0,0,289827867000,0
2012,대구,2700000,대구본청,기타특별회계,070,환경보호,071,상하수도ㆍ수질,1900000000,0,0,1869400000,0,0
2012,대구,2700000,대구본청,기타특별회계,080,사회복지,081,기초생활보장,343471410000,0,0,338810200000,0,0
2012,대구,2700000,대구본청,기타특별회계,110,산업ㆍ중소기업,111,산업금융지원,50270426000,0,0,50270426000,0,0
2012,대구,2700000,대구본청,기타특별회계,110,산업ㆍ중소기업,114,산업진흥ㆍ고도화,1001600000,0,0,1001600000,0,0
2012,대구,2700000,대구본청,기타특별회계,120,수송및교통,121,도로,2733169000,0,0,2733169000,0,0
2012,대구,2700000,대구본청,기타특별회계,120,수송및교통,123,도시철도,296805988000,0,0,296805988000,0,0
2012,대구,2700000,대구본청,기타특별회계,120,수송및교통,126,대중교통ㆍ물류등기타,118728822000,0,0,105690822000,0,0
2012,대구,2700000,대구본청,기타특별회계,140,국토및지역개발,142,지역및도시,51975200000,300000000,0,51975200000,300000000,0
2012,대구,2700000,대구본청,기타특별회계,140,국토및지역개발,143,산업단지,15377104000,0,0,15377104000,0,0
2012,대구,2711000,대구중구,일반회계,060,문화및관광,064,문화재,248712000,0,0,248712000,0,0
2012,대구,2711000,대구중구,일반회계,090,보건,091,보건의료,2901760000,0,0,2901760000,0,0
2012,대구,2711000,대구중구,일반회계,090,보건,093,식품의약안전,81254000,0,0,81254000,0,0
2012,대구,2711000,대구중구,일반회계,100,농림해양수산,101,농업ㆍ농촌,47387000,0,0,47387000,0,0
2012,대구,2711000,대구중구,일반회계,110,산업ㆍ중소기업,114,산업진흥ㆍ고도화,5751194000,7700000,0,5751194000,7700000,0
2012,대구,2711000,대구중구,일반회계,110,산업ㆍ중소기업,115,에너지및자원개발,468140000,0,0,468140000,0,0
2012,대구,2711000,대구중구,일반회계,120,수송및교통,121,도로,3596527000,0,0,3596527000,0,0
2012,대구,2711000,대구중구,일반회계,120,수송및교통,126,대중교통ㆍ물류등기타,1433381000,308000000,0,1433381000,308000000,0
2012,대구,2711000,대구중구,일반회계,140,국토및지역개발,142,지역및도시,3197813000,0,0,3197813000,0,0
2012,대구,2711000,대구중구,일반회계,160,예비비,161,예비비,3015809000,0,0,3015809000,0,0
2012,대구,2711000,대구중구,일반회계,900,기타,901,기타,0,0,41979153000,2040110000,0,41979153000
2012,대구,2711000,대구중구,기타특별회계,080,사회복지,081,기초생활보장,219880000,31308000,0,219880000,28808000,0
2012,대구,2711000,대구중구,기타특별회계,080,사회복지,082,취약계층지원,1270812000,0,0,1270812000,0,0
2012,대구,2711000,대구중구,일반회계,060,문화및관광,065,문화및관광일반,243307000,0,0,243307000,0,0
2012,대구,2711000,대구중구,일반회계,070,환경보호,071,상하수도ㆍ수질,39120000,0,0,39120000,0,0
2012,대구,2711000,대구중구,일반회계,070,환경보호,072,폐기물,3140737000,0,0,3140737000,0,0
2012,대구,2711000,대구중구,일반회계,070,환경보호,073,대기,152809000,0,0,152809000,0,0
2012,대구,2711000,대구중구,일반회계,080,사회복지,081,기초생활보장,14787719000,0,0,14787719000,0,0
2012,대구,2711000,대구중구,일반회계,080,사회복지,082,취약계층지원,9480974000,0,0,9480974000,0,0
2012,대구,2711000,대구중구,일반회계,080,사회복지,084,보육ㆍ가족및여성,8485753000,0,0,8485753000,0,0
2012,대구,2711000,대구중구,일반회계,080,사회복지,085,노인ㆍ청소년,13232557000,0,0,13232557000,0,0
2012,대구,2711000,대구중구,일반회계,080,사회복지,086,노동,2277306000,0,0,2277306000,0,0
2012,대구,2711000,대구중구,일반회계,080,사회복지,087,보훈,183870000,0,0,183870000,0,0
2012,대구,2711000,대구중구,일반회계,010,일반공공행정,011,입법및선거관리,520019000,0,0,520019000,0,0
2012,대구,2711000,대구중구,일반회계,010,일반공공행정,013,지방행정ㆍ재정지원,286948000,0,0,286948000,0,0
2012,대구,2711000,대구중구,일반회계,010,일반공공행정,014,재정ㆍ금융,0,3260200000,0,0,2760200000,0
2012,대구,2711000,대구중구,일반회계,010,일반공공행정,016,일반행정,8221637000,0,0,8221637000,0,0
2012,대구,2711000,대구중구,일반회계,020,공공질서및안전,025,재난방재ㆍ민방위,175393000,143827000,0,175393000,143827000,0
2012,대구,2711000,대구중구,일반회계,050,교육,051,유아및초중등교육,425780000,0,0,425780000,0,0
2012,대구,2711000,대구중구,일반회계,050,교육,053,평생ㆍ직업교육,99060000,0,0,99060000,0,0
2012,대구,2711000,대구중구,일반회계,060,문화및관광,061,문화예술,3476404000,0,0,3476404000,0,0
2012,대구,2711000,대구중구,일반회계,060,문화및관광,062,관광,50975000,0,0,50975000,0,0
2012,대구,2711000,대구중구,일반회계,060,문화및관광,063,체육,1078775000,0,0,1078775000,0,0
2012,대구,2712000,대구동구,기타특별회계,900,기타,901,기타,0,0,736485000,0,0,736485000
2012,대구,2712000,대구동구,일반회계,010,일반공공행정,011,입법및선거관리,996168000,0,0,996168000,0,0
2012,대구,2712000,대구동구,일반회계,010,일반공공행정,013,지방행정ㆍ재정지원,640805000,0,0,640805000,0,0
2012,대구,2712000,대구동구,일반회계,010,일반공공행정,016,일반행정,12688719000,494208000,0,12688719000,373008000,0
2012,대구,2712000,대구동구,일반회계,020,공공질서및안전,025,재난방재ㆍ민방위,519435000,90360000,0,519435000,90360000,0
2012,대구,2712000,대구동구,일반회계,050,교육,053,평생ㆍ직업교육,1786189000,0,0,1786189000,0,0
2012,대구,2712000,대구동구,일반회계,060,문화및관광,061,문화예술,1895229000,0,0,1895229000,0,0
2012,대구,2712000,대구동구,일반회계,060,문화및관광,062,관광,200789000,0,0,200789000,0,0
2012,대구,2712000,대구동구,일반회계,060,문화및관광,063,체육,1100651000,0,0,1100651000,0,0
2012,대구,2712000,대구동구,일반회계,060,문화및관광,064,문화재,2141207000,0,0,2141207000,0,0
2012,대구,2712000,대구동구,일반회계,070,환경보호,071,상하수도ㆍ수질,598832000,0,0,598832000,0,0
2012,대구,2712000,대구동구,일반회계,070,환경보호,072,폐기물,6301104000,0,0,6301104000,0,0
2012,대구,2712000,대구동구,일반회계,070,환경보호,073,대기,217093000,0,0,217093000,0,0
2012,대구,2712000,대구동구,일반회계,070,환경보호,076,환경보호일반,5525000,0,0,5525000,0,0
2012,대구,2712000,대구동구,일반회계,080,사회복지,081,기초생활보장,45368239000,0,0,45368239000,0,0
2012,대구,2712000,대구동구,일반회계,080,사회복지,082,취약계층지원,29549901000,0,0,29549901000,0,0
2012,대구,2712000,대구동구,일반회계,080,사회복지,084,보육ㆍ가족및여성,41100811000,0,0,41100811000,0,0
2012,대구,2712000,대구동구,일반회계,080,사회복지,085,노인ㆍ청소년,49336556000,0,0,49336556000,0,0
2012,대구,2712000,대구동구,일반회계,080,사회복지,089,사회복지일반,8166560000,0,0,8166560000,0,0
2012,대구,2712000,대구동구,일반회계,090,보건,091,보건의료,8276825000,0,0,8276825000,0,0
2012,대구,2712000,대구동구,일반회계,090,보건,093,식품의약안전,48920000,0,0,48920000,0,0
2012,대구,2712000,대구동구,일반회계,100,농림해양수산,101,농업ㆍ농촌,2757064000,0,0,2757064000,0,0
2012,대구,2712000,대구동구,일반회계,100,농림해양수산,102,임업ㆍ산촌,4223545000,0,0,4223545000,0,0
2012,대구,2712000,대구동구,일반회계,110,산업ㆍ중소기업,114,산업진흥ㆍ고도화,7249380000,0,0,7249380000,0,0
2012,대구,2712000,대구동구,일반회계,120,수송및교통,121,도로,3627943000,0,0,3627943000,0,0
2012,대구,2712000,대구동구,일반회계,120,수송및교통,126,대중교통ㆍ물류등기타,3616782000,0,0,3616782000,0,0
2012,대구,2712000,대구동구,일반회계,140,국토및지역개발,141,수자원,6180562000,0,0,6180562000,0,0
2012,대구,2712000,대구동구,일반회계,140,국토및지역개발,142,지역및도시,1663534000,0,0,1663534000,0,0
2012,대구,2712000,대구동구,일반회계,160,예비비,161,예비비,3215100000,0,0,3215100000,0,0
2012,대구,2712000,대구동구,일반회계,900,기타,901,기타,0,0,63341964000,7102465000,0,63341964000
2012,대구,2712000,대구동구,기타특별회계,070,환경보호,072,폐기물,10457031000,0,0,10457031000,0,0
2012,대구,2712000,대구동구,기타특별회계,080,사회복지,081,기초생활보장,941970000,61170000,0,941970000,52170000,0
2012,대구,2712000,대구동구,기타특별회계,120,수송및교통,126,대중교통ㆍ물류등기타,1380344000,0,0,1380344000,0,0
2012,대구,2712000,대구동구,기타특별회계,140,국토및지역개발,142,지역및도시,0,33000000,0,0,33000000,0
2012,대구,2713000,대구서구,기타특별회계,900,기타,901,기타,0,0,57180000,0,0,57180000
2012,대구,2713000,대구서구,일반회계,010,일반공공행정,011,입법및선거관리,745298000,0,0,745298000,0,0
2012,대구,2713000,대구서구,일반회계,010,일반공공행정,013,지방행정ㆍ재정지원,229107000,0,0,229107000,0,0
2012,대구,2713000,대구서구,일반회계,010,일반공공행정,014,재정ㆍ금융,0,2361800000,0,0,1361800000,0
2012,대구,2713000,대구서구,일반회계,010,일반공공행정,016,일반행정,8065239000,0,0,8065239000,0,0
2012,대구,2713000,대구서구,일반회계,020,공공질서및안전,025,재난방재ㆍ민방위,317179000,95903000,0,317179000,95903000,0
2012,대구,2713000,대구서구,일반회계,050,교육,051,유아및초중등교육,78000000,0,0,78000000,0,0
2012,대구,2713000,대구서구,일반회계,050,교육,053,평생ㆍ직업교육,324000000,0,0,324000000,0,0
2012,대구,2713000,대구서구,일반회계,060,문화및관광,061,문화예술,1896855000,0,0,1896855000,0,0
2012,대구,2713000,대구서구,일반회계,060,문화및관광,063,체육,934085000,0,0,934085000,0,0
2012,대구,2713000,대구서구,일반회계,070,환경보호,071,상하수도ㆍ수질,230723000,0,0,230723000,0,0
2012,대구,2713000,대구서구,일반회계,070,환경보호,072,폐기물,5138041000,0,0,5138041000,0,0
2012,대구,2713000,대구서구,일반회계,070,환경보호,073,대기,93614000,0,0,93614000,0,0
2012,대구,2713000,대구서구,일반회계,070,환경보호,076,환경보호일반,116846000,0,0,116846000,0,0
2012,대구,2713000,대구서구,일반회계,080,사회복지,081,기초생활보장,26151173000,0,0,26151173000,0,0
2012,대구,2713000,대구서구,일반회계,080,사회복지,082,취약계층지원,7630552000,0,0,7630552000,0,0
2012,대구,2713000,대구서구,일반회계,080,사회복지,084,보육ㆍ가족및여성,31310336000,0,0,31310336000,0,0
2012,대구,2713000,대구서구,일반회계,080,사회복지,085,노인ㆍ청소년,26130059000,0,0,26130059000,0,0
2012,대구,2713000,대구서구,일반회계,080,사회복지,086,노동,2595188000,0,0,2595188000,0,0
2012,대구,2713000,대구서구,일반회계,080,사회복지,089,사회복지일반,3352708000,0,0,3352708000,0,0
2012,대구,2713000,대구서구,일반회계,090,보건,091,보건의료,4854348000,0,0,4854348000,0,0
2012,대구,2713000,대구서구,일반회계,090,보건,093,식품의약안전,36892000,0,0,36892000,0,0
2012,대구,2713000,대구서구,일반회계,100,농림해양수산,101,농업ㆍ농촌,64427000,0,0,64427000,0,0
2012,대구,2713000,대구서구,일반회계,100,농림해양수산,102,임업ㆍ산촌,510073000,0,0,480073000,0,0
2012,대구,2713000,대구서구,일반회계,110,산업ㆍ중소기업,114,산업진흥ㆍ고도화,9250000,0,0,9250000,0,0
2012,대구,2713000,대구서구,일반회계,110,산업ㆍ중소기업,115,에너지및자원개발,12219000,0,0,12219000,0,0
2012,대구,2713000,대구서구,일반회계,120,수송및교통,121,도로,728936000,0,0,728936000,0,0
2012,대구,2713000,대구서구,일반회계,120,수송및교통,126,대중교통ㆍ물류등기타,1119430000,0,0,1119430000,0,0
2012,대구,2713000,대구서구,일반회계,140,국토및지역개발,142,지역및도시,1692117000,0,0,1692117000,0,0
2012,대구,2713000,대구서구,일반회계,160,예비비,161,예비비,2203644000,0,0,2203644000,0,0
2012,대구,2713000,대구서구,일반회계,900,기타,901,기타,0,0,49771958000,3285420000,0,49771958000
2012,대구,2713000,대구서구,기타특별회계,080,사회복지,081,기초생활보장,0,44550000,0,0,38550000,0
2012,대구,2713000,대구서구,기타특별회계,080,사회복지,082,취약계층지원,418270000,0,0,418270000,0,0
2012,대구,2714000,대구남구,기타특별회계,900,기타,901,기타,0,24900000,391369000,0,21300000,391369000
2012,대구,2714000,대구남구,일반회계,010,일반공공행정,011,입법및선거관리,561375000,0,0,561375000,0,0
2012,대구,2714000,대구남구,일반회계,010,일반공공행정,013,지방행정ㆍ재정지원,380160000,0,0,380160000,0,0
2012,대구,2714000,대구남구,일반회계,010,일반공공행정,016,일반행정,7061669000,0,0,7061669000,0,0
2012,대구,2714000,대구남구,일반회계,020,공공질서및안전,025,재난방재ㆍ민방위,269717000,67750000,0,269717000,67750000,0
2012,대구,2714000,대구남구,일반회계,050,교육,051,유아및초중등교육,183121000,0,0,183121000,0,0
2012,대구,2714000,대구남구,일반회계,050,교육,053,평생ㆍ직업교육,70400000,0,0,70400000,0,0
2012,대구,2714000,대구남구,일반회계,060,문화및관광,061,문화예술,984998000,0,0,984998000,0,0
2012,대구,2714000,대구남구,일반회계,060,문화및관광,063,체육,880943000,0,0,880943000,0,0
2012,대구,2714000,대구남구,일반회계,060,문화및관광,064,문화재,191550000,0,0,191550000,0,0
2012,대구,2714000,대구남구,일반회계,070,환경보호,071,상하수도ㆍ수질,226680000,0,0,226680000,0,0
2012,대구,2714000,대구남구,일반회계,070,환경보호,072,폐기물,4025146000,0,0,4025146000,0,0
2012,대구,2714000,대구남구,일반회계,070,환경보호,073,대기,161763000,0,0,161763000,0,0
2012,대구,2714000,대구남구,일반회계,070,환경보호,076,환경보호일반,54838000,0,0,54838000,0,0
2012,대구,2714000,대구남구,일반회계,080,사회복지,081,기초생활보장,27596703000,40000000,0,27596703000,40000000,0
2012,대구,2714000,대구남구,일반회계,080,사회복지,082,취약계층지원,20585715000,0,0,20585715000,0,0
2012,대구,2714000,대구남구,일반회계,080,사회복지,084,보육ㆍ가족및여성,19063206000,0,0,19063206000,0,0
2012,대구,2714000,대구남구,일반회계,080,사회복지,085,노인ㆍ청소년,22688977000,0,0,22688977000,0,0
2012,대구,2714000,대구남구,일반회계,080,사회복지,086,노동,1644180000,0,0,1644180000,0,0
2012,대구,2714000,대구남구,일반회계,080,사회복지,087,보훈,362050000,0,0,362050000,0,0
2012,대구,2714000,대구남구,일반회계,090,보건,091,보건의료,4478230000,0,0,4478230000,0,0
2012,대구,2714000,대구남구,일반회계,090,보건,093,식품의약안전,109866000,0,0,109866000,0,0
2012,대구,2714000,대구남구,일반회계,100,농림해양수산,101,농업ㆍ농촌,73380000,0,0,73380000,0,0
2012,대구,2714000,대구남구,일반회계,100,농림해양수산,102,임업ㆍ산촌,408234000,0,0,358234000,0,0
2012,대구,2714000,대구남구,일반회계,110,산업ㆍ중소기업,114,산업진흥ㆍ고도화,2331160000,0,0,2331160000,0,0
2012,대구,2714000,대구남구,일반회계,110,산업ㆍ중소기업,115,에너지및자원개발,32346000,0,0,32346000,0,0
2012,대구,2714000,대구남구,일반회계,120,수송및교통,121,도로,2439883000,0,0,2439883000,0,0
2012,대구,2714000,대구남구,일반회계,120,수송및교통,126,대중교통ㆍ물류등기타,539691000,0,0,539691000,0,0
2012,대구,2714000,대구남구,일반회계,140,국토및지역개발,142,지역및도시,5489595000,0,0,5489595000,0,0
2012,대구,2714000,대구남구,일반회계,160,예비비,161,예비비,1787344000,0,0,1787344000,0,0
2012,대구,2714000,대구남구,일반회계,900,기타,901,기타,0,1818000000,42191330000,3239311000,1212000000,42191330000
2012,대구,2714000,대구남구,기타특별회계,080,사회복지,081,기초생활보장,368510000,0,0,368510000,0,0
2012,대구,2714000,대구남구,기타특별회계,080,사회복지,082,취약계층지원,310000000,0,0,310000000,0,0
2012,대구,2714000,대구남구,기타특별회계,120,수송및교통,126,대중교통ㆍ물류등기타,1716017000,0,0,1716017000,0,0
2012,대구,2714000,대구남구,기타특별회계,140,국토및지역개발,142,지역및도시,15000000,0,0,15000000,0,0
2012,대구,2714000,대구남구,기타특별회계,160,예비비,161,예비비,51204000,0,0,51204000,0,0
2012,대구,2715000,대구북구,일반회계,100,농림해양수산,102,임업ㆍ산촌,2665994000,0,0,2495994000,0,0
2012,대구,2715000,대구북구,일반회계,110,산업ㆍ중소기업,116,산업ㆍ중소기업일반,4375028000,0,0,4375028000,0,0
2012,대구,2715000,대구북구,일반회계,120,수송및교통,121,도로,3336590000,0,0,3336590000,0,0
2012,대구,2715000,대구북구,일반회계,120,수송및교통,126,대중교통ㆍ물류등기타,2001702000,0,0,2001702000,0,0
2012,대구,2715000,대구북구,일반회계,140,국토및지역개발,141,수자원,1469802000,0,0,1469802000,0,0
2012,대구,2715000,대구북구,일반회계,140,국토및지역개발,142,지역및도시,2152122000,18090000,0,2152122000,18090000,0
2012,대구,2715000,대구북구,일반회계,160,예비비,161,예비비,3433320000,0,0,3433320000,0,0
2012,대구,2715000,대구북구,일반회계,900,기타,901,기타,0,0,66221115000,5790835000,0,66221115000
2012,대구,2715000,대구북구,기타특별회계,070,환경보호,072,폐기물,1770000000,0,0,0,0,0
2012,대구,2715000,대구북구,기타특별회계,080,사회복지,081,기초생활보장,699760000,196060000,0,699760000,192060000,0
2012,대구,2715000,대구북구,기타특별회계,120,수송및교통,126,대중교통ㆍ물류등기타,4199830000,4000000,0,4199830000,4000000,0
2012,대구,2715000,대구북구,기타특별회계,140,국토및지역개발,142,지역및도시,0,30000000,0,0,30000000,0
2012,대구,2715000,대구북구,기타특별회계,900,기타,901,기타,0,0,800350000,0,0,800350000
2012,대구,2715000,대구북구,일반회계,010,일반공공행정,011,입법및선거관리,1040820000,0,0,1040820000,0,0
2012,대구,2715000,대구북구,일반회계,010,일반공공행정,013,지방행정ㆍ재정지원,557756000,0,0,557756000,0,0
2012,대구,2715000,대구북구,일반회계,010,일반공공행정,016,일반행정,13823175000,3364682000,0,13823175000,2364682000,0
2012,대구,2715000,대구북구,일반회계,020,공공질서및안전,025,재난방재ㆍ민방위,16194109000,0,0,16194109000,0,0
2012,대구,2715000,대구북구,일반회계,060,문화및관광,061,문화예술,1537525000,0,0,1537525000,0,0
2012,대구,2715000,대구북구,일반회계,060,문화및관광,063,체육,1519856000,0,0,1519856000,0,0
2012,대구,2715000,대구북구,일반회계,060,문화및관광,064,문화재,99382000,0,0,99382000,0,0
2012,대구,2715000,대구북구,일반회계,070,환경보호,071,상하수도ㆍ수질,58642000,0,0,58642000,0,0
2012,대구,2715000,대구북구,일반회계,070,환경보호,072,폐기물,9738645000,3000000,0,9048345000,3000000,0
2012,대구,2715000,대구북구,일반회계,070,환경보호,073,대기,75065000,0,0,75065000,0,0
2012,대구,2715000,대구북구,일반회계,070,환경보호,076,환경보호일반,184671000,0,0,184671000,0,0
2012,대구,2715000,대구북구,일반회계,080,사회복지,081,기초생활보장,45561556000,0,0,45561556000,0,0
2012,대구,2715000,대구북구,일반회계,080,사회복지,082,취약계층지원,23563692000,0,0,23563692000,0,0
2012,대구,2715000,대구북구,일반회계,080,사회복지,084,보육ㆍ가족및여성,65876030000,0,0,65876030000,0,0
2012,대구,2715000,대구북구,일반회계,080,사회복지,085,노인ㆍ청소년,39121540000,0,0,39121540000,0,0
2012,대구,2715000,대구북구,일반회계,080,사회복지,086,노동,3635525000,0,0,3635525000,0,0
2012,대구,2715000,대구북구,일반회계,090,보건,091,보건의료,10299965000,0,0,10299965000,0,0
2012,대구,2715000,대구북구,일반회계,090,보건,093,식품의약안전,56894000,0,0,56894000,0,0
2012,대구,2715000,대구북구,일반회계,100,농림해양수산,101,농업ㆍ농촌,1313707000,0,0,1313707000,0,0
2012,대구,2716000,대구수성구,기타특별회계,900,기타,901,기타,0,0,733958000,0,0,733958000
2012,대구,2716000,대구수성구,일반회계,010,일반공공행정,011,입법및선거관리,1325008000,0,0,1325008000,0,0
2012,대구,2716000,대구수성구,일반회계,010,일반공공행정,013,지방행정ㆍ재정지원,1833436000,0,0,1833436000,0,0
2012,대구,2716000,대구수성구,일반회계,010,일반공공행정,014,재정ㆍ금융,0,53000000,0,0,53000000,0
2012,대구,2716000,대구수성구,일반회계,010,일반공공행정,016,일반행정,12860976000,0,0,12860976000,0,0
2012,대구,2716000,대구수성구,일반회계,020,공공질서및안전,025,재난방재ㆍ민방위,490849000,0,0,490849000,0,0
2012,대구,2716000,대구수성구,일반회계,050,교육,051,유아및초중등교육,1366197000,0,0,1366197000,0,0
2012,대구,2716000,대구수성구,일반회계,050,교육,053,평생ㆍ직업교육,178924000,0,0,178924000,0,0
2012,대구,2716000,대구수성구,일반회계,060,문화및관광,061,문화예술,7321428000,0,0,7321428000,0,0
2012,대구,2716000,대구수성구,일반회계,060,문화및관광,063,체육,2126862000,0,0,2126862000,0,0
2012,대구,2716000,대구수성구,일반회계,060,문화및관광,064,문화재,258005000,0,0,258005000,0,0
2012,대구,2716000,대구수성구,일반회계,070,환경보호,071,상하수도ㆍ수질,69255000,0,0,69255000,0,0
2012,대구,2716000,대구수성구,일반회계,070,환경보호,072,폐기물,9241482000,0,0,9241482000,0,0
2012,대구,2716000,대구수성구,일반회계,070,환경보호,073,대기,63132000,0,0,63132000,0,0
2012,대구,2716000,대구수성구,일반회계,070,환경보호,076,환경보호일반,313548000,0,0,313548000,0,0
2012,대구,2716000,대구수성구,일반회계,080,사회복지,081,기초생활보장,5906073000,0,0,5906073000,0,0
2012,대구,2716000,대구수성구,일반회계,080,사회복지,082,취약계층지원,68204362000,0,0,68204362000,0,0
2012,대구,2716000,대구수성구,일반회계,080,사회복지,084,보육ㆍ가족및여성,45734981000,0,0,45734981000,0,0
2012,대구,2716000,대구수성구,일반회계,080,사회복지,085,노인ㆍ청소년,37063954000,0,0,37063954000,0,0
2012,대구,2716000,대구수성구,일반회계,080,사회복지,086,노동,2396064000,0,0,2396064000,0,0
2012,대구,2716000,대구수성구,일반회계,080,사회복지,087,보훈,685504000,0,0,685504000,0,0
2012,대구,2716000,대구수성구,일반회계,090,보건,091,보건의료,8507158000,0,0,8507158000,0,0
2012,대구,2716000,대구수성구,일반회계,090,보건,093,식품의약안전,348570000,0,0,348570000,0,0
2012,대구,2716000,대구수성구,일반회계,100,농림해양수산,101,농업ㆍ농촌,1081649000,0,0,1081649000,0,0
2012,대구,2716000,대구수성구,일반회계,100,농림해양수산,102,임업ㆍ산촌,1935872000,0,0,1785872000,0,0
2012,대구,2716000,대구수성구,일반회계,110,산업ㆍ중소기업,114,산업진흥ㆍ고도화,90163000,0,0,90163000,0,0
2012,대구,2716000,대구수성구,일반회계,110,산업ㆍ중소기업,115,에너지및자원개발,22195000,0,0,22195000,0,0
2012,대구,2716000,대구수성구,일반회계,120,수송및교통,121,도로,4920369000,0,0,4920369000,0,0
2012,대구,2716000,대구수성구,일반회계,120,수송및교통,126,대중교통ㆍ물류등기타,1390007000,0,0,1390007000,0,0
2012,대구,2716000,대구수성구,일반회계,140,국토및지역개발,141,수자원,4890104000,0,0,4890104000,0,0
2012,대구,2716000,대구수성구,일반회계,140,국토및지역개발,142,지역및도시,5004577000,0,0,5004577000,0,0
2012,대구,2716000,대구수성구,일반회계,160,예비비,161,예비비,3597453000,0,0,3597453000,0,0
2012,대구,2716000,대구수성구,일반회계,900,기타,901,기타,0,0,63318843000,4849335000,0,63318843000
2012,대구,2716000,대구수성구,기타특별회계,080,사회복지,081,기초생활보장,0,0,0,0,0,0
2012,대구,2716000,대구수성구,기타특별회계,080,사회복지,082,취약계층지원,638000000,2640000,0,638000000,0,0
2012,대구,2716000,대구수성구,기타특별회계,120,수송및교통,126,대중교통ㆍ물류등기타,3580402000,7300000000,0,3580402000,7300000000,0
2012,대구,2716000,대구수성구,기타특별회계,140,국토및지역개발,142,지역및도시,2200000,1100474000,0,2200000,1100474000,0
2012,대구,2716000,대구수성구,기타특별회계,160,예비비,161,예비비,16326000,0,0,16326000,0,0
2012,대구,2717000,대구달서구,일반회계,120,수송및교통,126,대중교통ㆍ물류등기타,1414331000,0,0,1414331000,0,0
2012,대구,2717000,대구달서구,일반회계,140,국토및지역개발,142,지역및도시,6848807000,185440000,0,6848807000,185440000,0
2012,대구,2717000,대구달서구,일반회계,160,예비비,161,예비비,4097466000,0,0,4097466000,0,0
2012,대구,2717000,대구달서구,일반회계,900,기타,901,기타,0,0,71063685000,6149853000,0,71063685000
2012,대구,2717000,대구달서구,기타특별회계,080,사회복지,081,기초생활보장,1909215000,20940000,0,1909215000,20540000,0
2012,대구,2717000,대구달서구,기타특별회계,120,수송및교통,126,대중교통ㆍ물류등기타,3453930000,0,0,3453930000,0,0
2012,대구,2717000,대구달서구,기타특별회계,140,국토및지역개발,142,지역및도시,7000000,0,0,7000000,0,0
2012,대구,2717000,대구달서구,기타특별회계,900,기타,901,기타,0,0,968915000,0,0,968915000
2012,대구,2717000,대구달서구,일반회계,010,일반공공행정,011,입법및선거관리,1393308000,0,0,1393308000,0,0
2012,대구,2717000,대구달서구,일반회계,010,일반공공행정,013,지방행정ㆍ재정지원,916701000,0,0,916701000,0,0
2012,대구,2717000,대구달서구,일반회계,010,일반공공행정,016,일반행정,14057409000,3093148000,0,14057409000,2493148000,0
2012,대구,2717000,대구달서구,일반회계,020,공공질서및안전,025,재난방재ㆍ민방위,1236282000,686732000,0,1236282000,686732000,0
2012,대구,2717000,대구달서구,일반회계,050,교육,051,유아및초중등교육,1131770000,0,0,1131770000,0,0
2012,대구,2717000,대구달서구,일반회계,050,교육,053,평생ㆍ직업교육,404693000,0,0,404693000,0,0
2012,대구,2717000,대구달서구,일반회계,060,문화및관광,061,문화예술,2868488000,497250000,0,2868488000,497250000,0
2012,대구,2717000,대구달서구,일반회계,060,문화및관광,063,체육,1472884000,0,0,1472884000,0,0
2012,대구,2717000,대구달서구,일반회계,070,환경보호,071,상하수도ㆍ수질,1253783000,0,0,1253783000,0,0
2012,대구,2717000,대구달서구,일반회계,070,환경보호,072,폐기물,10214348000,0,0,10214348000,0,0
2012,대구,2717000,대구달서구,일반회계,070,환경보호,073,대기,152437000,0,0,152437000,0,0
2012,대구,2717000,대구달서구,일반회계,070,환경보호,076,환경보호일반,167888000,0,0,167888000,0,0
2012,대구,2717000,대구달서구,일반회계,080,사회복지,081,기초생활보장,66445475000,0,0,66445475000,0,0
2012,대구,2717000,대구달서구,일반회계,080,사회복지,082,취약계층지원,29521927000,0,0,29521927000,0,0
2012,대구,2717000,대구달서구,일반회계,080,사회복지,084,보육ㆍ가족및여성,74059546000,0,0,74059546000,0,0
2012,대구,2717000,대구달서구,일반회계,080,사회복지,085,노인ㆍ청소년,41995837000,0,0,41995837000,0,0
2012,대구,2717000,대구달서구,일반회계,080,사회복지,086,노동,2789000000,0,0,2789000000,0,0
2012,대구,2717000,대구달서구,일반회계,080,사회복지,087,보훈,663002000,0,0,663002000,0,0
2012,대구,2717000,대구달서구,일반회계,090,보건,091,보건의료,12490694000,0,0,12490694000,0,0
2012,대구,2717000,대구달서구,일반회계,090,보건,093,식품의약안전,76276000,0,0,76276000,0,0
2012,대구,2717000,대구달서구,일반회계,100,농림해양수산,101,농업ㆍ농촌,267729000,0,0,267729000,0,0
2012,대구,2717000,대구달서구,일반회계,100,농림해양수산,102,임업ㆍ산촌,909928000,0,0,809928000,0,0
2012,대구,2717000,대구달서구,일반회계,110,산업ㆍ중소기업,114,산업진흥ㆍ고도화,3289158000,900000,0,3289158000,900000,0
2012,대구,2717000,대구달서구,일반회계,120,수송및교통,121,도로,5333678000,0,0,5333678000,0,0
2012,대구,2771000,대구달성군,기타특별회계,900,기타,901,기타,0,90240000,294031000,0,74880000,294031000
2012,대구,2771000,대구달성군,일반회계,010,일반공공행정,011,입법및선거관리,548376000,0,0,548376000,0,0
2012,대구,2771000,대구달성군,일반회계,010,일반공공행정,013,지방행정ㆍ재정지원,5594149000,0,0,5589149000,0,0
2012,대구,2771000,대구달성군,일반회계,010,일반공공행정,016,일반행정,11392781000,0,0,11392781000,0,0
2012,대구,2771000,대구달성군,일반회계,020,공공질서및안전,025,재난방재ㆍ민방위,7885372000,0,0,7885372000,0,0
2012,대구,2771000,대구달성군,일반회계,050,교육,051,유아및초중등교육,2856832000,0,0,2856832000,0,0
2012,대구,2771000,대구달성군,일반회계,050,교육,053,평생ㆍ직업교육,3672501000,0,0,3672501000,0,0
2012,대구,2771000,대구달성군,일반회계,060,문화및관광,061,문화예술,2161395000,0,0,2161395000,0,0
2012,대구,2771000,대구달성군,일반회계,060,문화및관광,062,관광,5413095000,0,0,5413095000,0,0
2012,대구,2771000,대구달성군,일반회계,060,문화및관광,063,체육,10540558000,0,0,10540558000,0,0
2012,대구,2771000,대구달성군,일반회계,060,문화및관광,064,문화재,1524229000,0,0,1524229000,0,0
2012,대구,2771000,대구달성군,일반회계,070,환경보호,071,상하수도ㆍ수질,1358547000,0,0,1358547000,0,0
2012,대구,2771000,대구달성군,일반회계,070,환경보호,072,폐기물,3990321000,0,0,3990321000,0,0
2012,대구,2771000,대구달성군,일반회계,070,환경보호,073,대기,191030000,0,0,191030000,0,0
2012,대구,2771000,대구달성군,일반회계,070,환경보호,074,자연,1297469000,0,0,1297469000,0,0
2012,대구,2771000,대구달성군,일반회계,080,사회복지,081,기초생활보장,20119077000,0,0,20119077000,0,0
2012,대구,2771000,대구달성군,일반회계,080,사회복지,082,취약계층지원,17910554000,0,0,17910554000,0,0
2012,대구,2771000,대구달성군,일반회계,080,사회복지,084,보육ㆍ가족및여성,32168244000,0,0,32168244000,0,0
2012,대구,2771000,대구달성군,일반회계,080,사회복지,085,노인ㆍ청소년,25085735000,0,0,25085735000,0,0
2012,대구,2771000,대구달성군,일반회계,080,사회복지,086,노동,2805095000,0,0,2805095000,0,0
2012,대구,2771000,대구달성군,일반회계,080,사회복지,087,보훈,439224000,0,0,439224000,0,0
2012,대구,2771000,대구달성군,일반회계,080,사회복지,089,사회복지일반,0,0,0,0,0,0
2012,대구,2771000,대구달성군,일반회계,090,보건,091,보건의료,7481937000,0,0,7481937000,0,0
2012,대구,2771000,대구달성군,일반회계,090,보건,093,식품의약안전,239799000,0,0,239799000,0,0
2012,대구,2771000,대구달성군,일반회계,100,농림해양수산,101,농업ㆍ농촌,27279583000,0,0,27279583000,0,0
2012,대구,2771000,대구달성군,일반회계,100,농림해양수산,102,임업ㆍ산촌,6428873000,0,0,6428873000,0,0
2012,대구,2771000,대구달성군,일반회계,100,농림해양수산,103,해양수산ㆍ어촌,20000000,0,0,20000000,0,0
2012,대구,2771000,대구달성군,일반회계,110,산업ㆍ중소기업,113,무역및투자유치,2700000,0,0,2700000,0,0
2012,대구,2771000,대구달성군,일반회계,110,산업ㆍ중소기업,114,산업진흥ㆍ고도화,19688000,0,0,19688000,0,0
2012,대구,2771000,대구달성군,일반회계,110,산업ㆍ중소기업,115,에너지및자원개발,26840000,0,0,26840000,0,0
2012,대구,2771000,대구달성군,일반회계,110,산업ㆍ중소기업,116,산업ㆍ중소기업일반,536648000,0,0,536648000,0,0
2012,대구,2771000,대구달성군,일반회계,120,수송및교통,121,도로,38387964000,0,0,38387964000,0,0
2012,대구,2771000,대구달성군,일반회계,120,수송및교통,126,대중교통ㆍ물류등기타,8976317000,0,0,8976317000,0,0
2012,대구,2771000,대구달성군,일반회계,140,국토및지역개발,141,수자원,10590519000,0,0,10590519000,0,0
2012,대구,2771000,대구달성군,일반회계,140,국토및지역개발,142,지역및도시,16358449000,0,0,16358449000,0,0
2012,대구,2771000,대구달성군,일반회계,160,예비비,161,예비비,12741090000,0,0,12741090000,0,0
2012,대구,2771000,대구달성군,일반회계,900,기타,901,기타,0,3160581000,51194428000,5311594000,3088675000,51194428000
2012,대구,2771000,대구달성군,기타특별회계,070,환경보호,072,폐기물,3600000000,0,0,3600000000,0,0
2012,대구,2771000,대구달성군,기타특별회계,080,사회복지,082,취약계층지원,389760000,0,0,389760000,0,0
2012,대구,2771000,대구달성군,기타특별회계,140,국토및지역개발,141,수자원,5805969000,0,0,5805969000,0,0
2012,대구,2771000,대구달성군,기타특별회계,140,국토및지역개발,142,지역및도시,50000000,0,0,50000000,0,0
2012,대구,2771000,대구달성군,기타특별회계,140,국토및지역개발,143,산업단지,370000000,0,0,370000000,0,0
2011,대구,2700000,대구본청,기타특별회계,900,기타,901,기타,0,0,8334648000,0,0,8334648000
2011,대구,2700000,대구본청,일반회계,160,예비비,161,예비비,37052613000,0,0,37052613000,0,0
2011,대구,2700000,대구본청,일반회계,900,기타,901,기타,0,0,304662400000,2813498000,0,304662400000
2011,대구,2700000,대구본청,공기업특별회계,010,일반공공행정,014,재정ㆍ금융,7718975000,35281025000,0,7718975000,17481025000,0
2011,대구,2700000,대구본청,공기업특별회계,070,환경보호,071,상하수도ㆍ수질,335975992000,43828958000,0,330454463000,41959451000,0
2011,대구,2700000,대구본청,공기업특별회계,900,기타,901,기타,0,0,67695050000,16000,0,67695050000
2011,대구,2700000,대구본청,기타특별회계,010,일반공공행정,013,지방행정ㆍ재정지원,3239350000,0,0,0,0,0
2011,대구,2700000,대구본청,기타특별회계,010,일반공공행정,014,재정ㆍ금융,0,155155529000,0,0,154515529000,0
2011,대구,2700000,대구본청,일반회계,140,국토및지역개발,141,수자원,2718744000,0,0,2718744000,0,0
2011,대구,2700000,대구본청,일반회계,140,국토및지역개발,142,지역및도시,85687838000,11365000000,0,69020438000,1565000000,0
2011,대구,2700000,대구본청,일반회계,140,국토및지역개발,143,산업단지,2476750000,0,0,2476750000,0,0
2011,대구,2700000,대구본청,일반회계,010,일반공공행정,011,입법및선거관리,3618960000,0,0,3618960000,0,0
2011,대구,2700000,대구본청,일반회계,010,일반공공행정,013,지방행정ㆍ재정지원,299168599000,0,0,1350607000,0,0
2011,대구,2700000,대구본청,일반회계,010,일반공공행정,014,재정ㆍ금융,0,170891104000,0,0,167731994000,0
2011,대구,2700000,대구본청,일반회계,010,일반공공행정,016,일반행정,52796712000,0,0,49713668000,0,0
2011,대구,2700000,대구본청,일반회계,020,공공질서및안전,025,재난방재ㆍ민방위,45243420000,7213153000,0,23208208000,7213153000,0
2011,대구,2700000,대구본청,일반회계,050,교육,051,유아및초중등교육,0,0,0,0,0,0
2011,대구,2700000,대구본청,일반회계,050,교육,053,평생ㆍ직업교육,343260540000,0,0,340467890000,0,0
2011,대구,2700000,대구본청,일반회계,060,문화및관광,061,문화예술,63814576000,0,0,62298276000,0,0
2011,대구,2700000,대구본청,일반회계,060,문화및관광,062,관광,22991600000,0,0,19983600000,0,0
2011,대구,2700000,대구본청,일반회계,060,문화및관광,063,체육,97300121000,10000000,0,89277402000,10000000,0
2011,대구,2700000,대구본청,일반회계,060,문화및관광,064,문화재,3781872000,0,0,378000000,0,0
2011,대구,2700000,대구본청,일반회계,070,환경보호,071,상하수도ㆍ수질,26667111000,1698000000,0,22248531000,125000000,0
2011,대구,2700000,대구본청,일반회계,070,환경보호,072,폐기물,42402927000,0,0,42052927000,0,0
2011,대구,2700000,대구본청,일반회계,070,환경보호,073,대기,12960723000,0,0,12373017000,0,0
2011,대구,2700000,대구본청,일반회계,070,환경보호,074,자연,3546503000,0,0,3059003000,0,0
2011,대구,2700000,대구본청,일반회계,070,환경보호,076,환경보호일반,5413590000,0,0,5005590000,0,0
2011,대구,2700000,대구본청,일반회계,080,사회복지,081,기초생활보장,293726998000,0,0,1125400000,0,0
2011,대구,2700000,대구본청,일반회계,080,사회복지,082,취약계층지원,152268632000,304500000,0,17388998000,304500000,0
2011,대구,2700000,대구본청,일반회계,080,사회복지,084,보육ㆍ가족및여성,283209763000,200000000,0,7335136000,200000000,0
2011,대구,2700000,대구본청,일반회계,080,사회복지,085,노인ㆍ청소년,252202111000,0,0,43829095000,0,0
2011,대구,2700000,대구본청,일반회계,080,사회복지,086,노동,38527500000,0,0,8608500000,0,0
2011,대구,2700000,대구본청,일반회계,080,사회복지,087,보훈,1489665000,0,0,636665000,0,0
2011,대구,2700000,대구본청,일반회계,090,보건,091,보건의료,52048438000,65516155000,0,18740325000,55000000,0
2011,대구,2700000,대구본청,일반회계,090,보건,093,식품의약안전,761938000,0,0,761938000,0,0
2011,대구,2700000,대구본청,일반회계,100,농림해양수산,101,농업ㆍ농촌,23537515000,50000000,0,9195890000,50000000,0
2011,대구,2700000,대구본청,일반회계,100,농림해양수산,102,임업ㆍ산촌,7548211000,0,0,1641764000,0,0
2011,대구,2700000,대구본청,일반회계,110,산업ㆍ중소기업,111,산업금융지원,9485000000,0,0,9485000000,0,0
2011,대구,2700000,대구본청,일반회계,110,산업ㆍ중소기업,112,산업기술지원,0,0,0,0,0,0
2011,대구,2700000,대구본청,일반회계,110,산업ㆍ중소기업,113,무역및투자유치,37904325000,0,0,37904325000,0,0
2011,대구,2700000,대구본청,일반회계,110,산업ㆍ중소기업,114,산업진흥ㆍ고도화,180275552000,6269834000,0,165789286000,6203167000,0
2011,대구,2700000,대구본청,일반회계,110,산업ㆍ중소기업,115,에너지및자원개발,0,0,0,0,0,0
2011,대구,2700000,대구본청,일반회계,110,산업ㆍ중소기업,116,산업ㆍ중소기업일반,5468000000,244000000,0,5468000000,244000000,0
2011,대구,2700000,대구본청,일반회계,120,수송및교통,121,도로,133195720000,0,0,133195720000,0,0
2011,대구,2700000,대구본청,일반회계,120,수송및교통,125,항공ㆍ공항,2362979000,0,0,862979000,0,0
2011,대구,2700000,대구본청,일반회계,120,수송및교통,126,대중교통ㆍ물류등기타,100741308000,359719000000,0,100651308000,2320000000,0
2011,대구,2700000,대구본청,기타특별회계,070,환경보호,071,상하수도ㆍ수질,1860000000,0,0,1860000000,0,0
2011,대구,2700000,대구본청,기타특별회계,080,사회복지,081,기초생활보장,301882080000,0,0,297687795000,0,0
2011,대구,2700000,대구본청,기타특별회계,110,산업ㆍ중소기업,111,산업금융지원,44791617000,0,0,44791617000,0,0
2011,대구,2700000,대구본청,기타특별회계,110,산업ㆍ중소기업,114,산업진흥ㆍ고도화,1001600000,0,0,1001600000,0,0
2011,대구,2700000,대구본청,기타특별회계,120,수송및교통,121,도로,678000000,0,0,678000000,0,0
2011,대구,2700000,대구본청,기타특별회계,120,수송및교통,123,도시철도,504165341000,0,0,504165341000,0,0
2011,대구,2700000,대구본청,기타특별회계,120,수송및교통,126,대중교통ㆍ물류등기타,118792650000,0,0,102892650000,0,0
2011,대구,2700000,대구본청,기타특별회계,140,국토및지역개발,142,지역및도시,41720000000,25200000000,0,41720000000,20705390000,0
2011,대구,2700000,대구본청,기타특별회계,140,국토및지역개발,143,산업단지,10079185000,0,0,10079185000,0,0
2011,대구,2711000,대구중구,기타특별회계,900,기타,901,기타,0,0,0,0,0,0
2011,대구,2711000,대구중구,일반회계,010,일반공공행정,011,입법및선거관리,453280000,0,0,453280000,0,0
2011,대구,2711000,대구중구,일반회계,010,일반공공행정,013,지방행정ㆍ재정지원,274021000,0,0,274021000,0,0
2011,대구,2711000,대구중구,일반회계,010,일반공공행정,014,재정ㆍ금융,0,1250000000,0,0,750000000,0
2011,대구,2711000,대구중구,일반회계,010,일반공공행정,016,일반행정,8420957000,0,0,8420957000,0,0
2011,대구,2711000,대구중구,일반회계,020,공공질서및안전,025,재난방재ㆍ민방위,144253000,132754000,0,144253000,132754000,0
2011,대구,2711000,대구중구,일반회계,050,교육,053,평생ㆍ직업교육,121814000,0,0,121814000,0,0
2011,대구,2711000,대구중구,일반회계,060,문화및관광,061,문화예술,4011896000,0,0,4011896000,0,0
2011,대구,2711000,대구중구,일반회계,060,문화및관광,062,관광,43540000,0,0,43540000,0,0
2011,대구,2711000,대구중구,일반회계,060,문화및관광,063,체육,1117803000,0,0,1117803000,0,0
2011,대구,2711000,대구중구,일반회계,060,문화및관광,064,문화재,395717000,0,0,395717000,0,0
2011,대구,2711000,대구중구,일반회계,070,환경보호,071,상하수도ㆍ수질,32410000,0,0,32410000,0,0
2011,대구,2711000,대구중구,일반회계,070,환경보호,072,폐기물,4536892000,0,0,4536892000,0,0
2011,대구,2711000,대구중구,일반회계,070,환경보호,073,대기,105004000,0,0,105004000,0,0
2011,대구,2711000,대구중구,일반회계,080,사회복지,081,기초생활보장,14706711000,0,0,14706711000,0,0
2011,대구,2711000,대구중구,일반회계,080,사회복지,082,취약계층지원,8775367000,0,0,8775367000,0,0
2011,대구,2711000,대구중구,일반회계,080,사회복지,084,보육ㆍ가족및여성,7176324000,0,0,7176324000,0,0
2011,대구,2711000,대구중구,일반회계,080,사회복지,085,노인ㆍ청소년,12289043000,0,0,12289043000,0,0
2011,대구,2711000,대구중구,일반회계,080,사회복지,086,노동,2118600000,0,0,2118600000,0,0
2011,대구,2711000,대구중구,일반회계,080,사회복지,087,보훈,60077000,0,0,60077000,0,0
2011,대구,2711000,대구중구,일반회계,090,보건,091,보건의료,3249968000,0,0,3249968000,0,0
2011,대구,2711000,대구중구,일반회계,090,보건,093,식품의약안전,64745000,0,0,64745000,0,0
2011,대구,2711000,대구중구,일반회계,100,농림해양수산,101,농업ㆍ농촌,47842000,0,0,47842000,0,0
2011,대구,2711000,대구중구,일반회계,110,산업ㆍ중소기업,114,산업진흥ㆍ고도화,2569430000,8000000,0,2569430000,8000000,0
2011,대구,2711000,대구중구,일반회계,110,산업ㆍ중소기업,115,에너지및자원개발,185970000,0,0,185970000,0,0
2011,대구,2711000,대구중구,일반회계,120,수송및교통,121,도로,6860649000,0,0,6860649000,0,0
2011,대구,2711000,대구중구,일반회계,120,수송및교통,126,대중교통ㆍ물류등기타,1446043000,308000000,0,1446043000,308000000,0
2011,대구,2711000,대구중구,일반회계,140,국토및지역개발,142,지역및도시,2139044000,0,0,2139044000,0,0
2011,대구,2711000,대구중구,일반회계,160,예비비,161,예비비,2274520000,0,0,2274520000,0,0
2011,대구,2711000,대구중구,일반회계,900,기타,901,기타,0,0,40079326000,2759245000,0,40079326000
2011,대구,2711000,대구중구,기타특별회계,080,사회복지,081,기초생활보장,257990000,26510000,0,257990000,24010000,0
2011,대구,2711000,대구중구,기타특별회계,080,사회복지,082,취약계층지원,1205500000,0,0,1205500000,0,0
2011,대구,2712000,대구동구,기타특별회계,900,기타,901,기타,0,0,761354000,0,0,761354000
2011,대구,2712000,대구동구,일반회계,010,일반공공행정,011,입법및선거관리,926404000,0,0,926404000,0,0
2011,대구,2712000,대구동구,일반회계,010,일반공공행정,013,지방행정ㆍ재정지원,630055000,0,0,630055000,0,0
2011,대구,2712000,대구동구,일반회계,010,일반공공행정,016,일반행정,10736298000,604000000,0,10736298000,178000000,0
2011,대구,2712000,대구동구,일반회계,020,공공질서및안전,025,재난방재ㆍ민방위,456600000,82545000,0,456600000,82545000,0
2011,대구,2712000,대구동구,일반회계,050,교육,053,평생ㆍ직업교육,3000012000,0,0,3000012000,0,0
2011,대구,2712000,대구동구,일반회계,060,문화및관광,061,문화예술,1929476000,0,0,1929476000,0,0
2011,대구,2712000,대구동구,일반회계,060,문화및관광,062,관광,2630760000,0,0,2630760000,0,0
2011,대구,2712000,대구동구,일반회계,060,문화및관광,063,체육,896484000,0,0,896484000,0,0
2011,대구,2712000,대구동구,일반회계,060,문화및관광,064,문화재,2077149000,0,0,2077149000,0,0
2011,대구,2712000,대구동구,일반회계,070,환경보호,071,상하수도ㆍ수질,486008000,0,0,486008000,0,0
2011,대구,2712000,대구동구,일반회계,070,환경보호,072,폐기물,6306275000,0,0,6306275000,0,0
2011,대구,2712000,대구동구,일반회계,070,환경보호,073,대기,170092000,0,0,170092000,0,0
2011,대구,2712000,대구동구,일반회계,070,환경보호,076,환경보호일반,4525000,0,0,4525000,0,0
2011,대구,2712000,대구동구,일반회계,080,사회복지,081,기초생활보장,43417923000,0,0,43417923000,0,0
2011,대구,2712000,대구동구,일반회계,080,사회복지,082,취약계층지원,27647196000,0,0,27647196000,0,0
2011,대구,2712000,대구동구,일반회계,080,사회복지,084,보육ㆍ가족및여성,34494363000,0,0,34494363000,0,0
2011,대구,2712000,대구동구,일반회계,080,사회복지,085,노인ㆍ청소년,46295400000,0,0,46295400000,0,0
2011,대구,2712000,대구동구,일반회계,080,사회복지,089,사회복지일반,7898189000,0,0,7898189000,0,0
2011,대구,2712000,대구동구,일반회계,090,보건,091,보건의료,6461041000,0,0,6461041000,0,0
2011,대구,2712000,대구동구,일반회계,090,보건,093,식품의약안전,49135000,0,0,49135000,0,0
2011,대구,2712000,대구동구,일반회계,100,농림해양수산,101,농업ㆍ농촌,2354535000,0,0,2354535000,0,0
2011,대구,2712000,대구동구,일반회계,100,농림해양수산,102,임업ㆍ산촌,3333135000,0,0,3333135000,0,0
2011,대구,2712000,대구동구,일반회계,110,산업ㆍ중소기업,114,산업진흥ㆍ고도화,3895438000,0,0,3895438000,0,0
2011,대구,2712000,대구동구,일반회계,120,수송및교통,121,도로,4109032000,0,0,4109032000,0,0
2011,대구,2712000,대구동구,일반회계,120,수송및교통,126,대중교통ㆍ물류등기타,1903459000,0,0,1903459000,0,0
2011,대구,2712000,대구동구,일반회계,140,국토및지역개발,141,수자원,4848146000,0,0,4848146000,0,0
2011,대구,2712000,대구동구,일반회계,140,국토및지역개발,142,지역및도시,1631397000,0,0,1631397000,0,0
2011,대구,2712000,대구동구,일반회계,160,예비비,161,예비비,2870461000,0,0,2870461000,0,0
2011,대구,2712000,대구동구,일반회계,900,기타,901,기타,0,0,56854467000,2759245000,0,56854467000
2011,대구,2712000,대구동구,기타특별회계,070,환경보호,072,폐기물,0,0,0,0,0,0
2011,대구,2712000,대구동구,기타특별회계,080,사회복지,081,기초생활보장,873310000,61770000,0,873310000,52770000,0
2011,대구,2712000,대구동구,기타특별회계,120,수송및교통,126,대중교통ㆍ물류등기타,1373566000,0,0,1373566000,0,0
2011,대구,2712000,대구동구,기타특별회계,140,국토및지역개발,142,지역및도시,0,37000000,0,0,37000000,0
2011,대구,2713000,대구서구,기타특별회계,900,기타,901,기타,0,0,55840000,0,0,55840000
2011,대구,2713000,대구서구,일반회계,010,일반공공행정,011,입법및선거관리,658413000,0,0,658413000,0,0
2011,대구,2713000,대구서구,일반회계,010,일반공공행정,013,지방행정ㆍ재정지원,221089000,0,0,221089000,0,0
2011,대구,2713000,대구서구,일반회계,010,일반공공행정,014,재정ㆍ금융,0,3593600000,0,0,2793600000,0
2011,대구,2713000,대구서구,일반회계,010,일반공공행정,016,일반행정,6408782000,0,0,6408782000,0,0
2011,대구,2713000,대구서구,일반회계,020,공공질서및안전,025,재난방재ㆍ민방위,220169000,0,0,220169000,0,0
2011,대구,2713000,대구서구,일반회계,050,교육,053,평생ㆍ직업교육,337250000,0,0,337250000,0,0
2011,대구,2713000,대구서구,일반회계,060,문화및관광,061,문화예술,516380000,0,0,516380000,0,0
2011,대구,2713000,대구서구,일반회계,060,문화및관광,063,체육,814157000,0,0,814157000,0,0
2011,대구,2713000,대구서구,일반회계,070,환경보호,071,상하수도ㆍ수질,346107000,0,0,346107000,0,0
2011,대구,2713000,대구서구,일반회계,070,환경보호,072,폐기물,4487023000,0,0,4487023000,0,0
2011,대구,2713000,대구서구,일반회계,070,환경보호,073,대기,86629000,0,0,86629000,0,0
2011,대구,2713000,대구서구,일반회계,070,환경보호,076,환경보호일반,85473000,0,0,85473000,0,0
2011,대구,2713000,대구서구,일반회계,080,사회복지,081,기초생활보장,27938059000,0,0,27938059000,0,0
2011,대구,2713000,대구서구,일반회계,080,사회복지,082,취약계층지원,5862867000,0,0,5862867000,0,0
2011,대구,2713000,대구서구,일반회계,080,사회복지,084,보육ㆍ가족및여성,24834167000,0,0,24834167000,0,0
2011,대구,2713000,대구서구,일반회계,080,사회복지,085,노인ㆍ청소년,29593728000,0,0,29593728000,0,0
2011,대구,2713000,대구서구,일반회계,080,사회복지,086,노동,3180220000,0,0,3180220000,0,0
2011,대구,2713000,대구서구,일반회계,080,사회복지,089,사회복지일반,2968241000,0,0,2968241000,0,0
2011,대구,2713000,대구서구,일반회계,090,보건,091,보건의료,3680022000,0,0,3680022000,0,0
2011,대구,2713000,대구서구,일반회계,090,보건,093,식품의약안전,33030000,0,0,33030000,0,0
2011,대구,2713000,대구서구,일반회계,100,농림해양수산,101,농업ㆍ농촌,65493000,0,0,65493000,0,0
2011,대구,2713000,대구서구,일반회계,100,농림해양수산,102,임업ㆍ산촌,287689000,0,0,287689000,0,0
2011,대구,2713000,대구서구,일반회계,110,산업ㆍ중소기업,114,산업진흥ㆍ고도화,3269000000,0,0,3269000000,0,0
2011,대구,2713000,대구서구,일반회계,110,산업ㆍ중소기업,115,에너지및자원개발,1274000,0,0,1274000,0,0
2011,대구,2713000,대구서구,일반회계,120,수송및교통,121,도로,605927000,0,0,605927000,0,0
2011,대구,2713000,대구서구,일반회계,120,수송및교통,126,대중교통ㆍ물류등기타,1064512000,0,0,1064512000,0,0
2011,대구,2713000,대구서구,일반회계,140,국토및지역개발,142,지역및도시,1309042000,0,0,1309042000,0,0
2011,대구,2713000,대구서구,일반회계,160,예비비,161,예비비,1847660000,0,0,1847660000,0,0
2011,대구,2713000,대구서구,일반회계,900,기타,901,기타,0,0,47483997000,2759245000,0,47483997000
2011,대구,2713000,대구서구,기타특별회계,080,사회복지,081,기초생활보장,22890000,0,0,19890000,0,0
2011,대구,2713000,대구서구,기타특별회계,080,사회복지,082,취약계층지원,381270000,0,0,381270000,0,0
2011,대구,2714000,대구남구,기타특별회계,080,사회복지,081,기초생활보장,347180000,0,0,347180000,0,0
2011,대구,2714000,대구남구,기타특별회계,160,예비비,161,예비비,40234000,0,0,40234000,0,0
2011,대구,2714000,대구남구,기타특별회계,900,기타,901,기타,0,24900000,398094000,0,21300000,398094000
2011,대구,2714000,대구남구,기타특별회계,080,사회복지,082,취약계층지원,1833000000,0,0,1833000000,0,0
2011,대구,2714000,대구남구,기타특별회계,120,수송및교통,126,대중교통ㆍ물류등기타,2199592000,0,0,2199592000,0,0
2011,대구,2714000,대구남구,기타특별회계,140,국토및지역개발,142,지역및도시,46000000,0,0,46000000,0,0
2011,대구,2714000,대구남구,일반회계,010,일반공공행정,011,입법및선거관리,520307000,0,0,520307000,0,0
2011,대구,2714000,대구남구,일반회계,010,일반공공행정,013,지방행정ㆍ재정지원,377698000,0,0,377698000,0,0
2011,대구,2714000,대구남구,일반회계,010,일반공공행정,016,일반행정,6779369000,0,0,6779369000,0,0
2011,대구,2714000,대구남구,일반회계,020,공공질서및안전,025,재난방재ㆍ민방위,307048000,65729000,0,307048000,65729000,0
2011,대구,2714000,대구남구,일반회계,050,교육,051,유아및초중등교육,186340000,0,0,186340000,0,0
2011,대구,2714000,대구남구,일반회계,050,교육,053,평생ㆍ직업교육,55000000,0,0,55000000,0,0
2011,대구,2714000,대구남구,일반회계,060,문화및관광,061,문화예술,1106597000,0,0,1106597000,0,0
2011,대구,2714000,대구남구,일반회계,060,문화및관광,063,체육,627692000,0,0,627692000,0,0
2011,대구,2714000,대구남구,일반회계,060,문화및관광,064,문화재,172550000,0,0,172550000,0,0
2011,대구,2714000,대구남구,일반회계,070,환경보호,071,상하수도ㆍ수질,699677000,0,0,699677000,0,0
2011,대구,2714000,대구남구,일반회계,070,환경보호,072,폐기물,3931986000,0,0,3931986000,0,0
2011,대구,2714000,대구남구,일반회계,070,환경보호,073,대기,94441000,0,0,94441000,0,0
2011,대구,2714000,대구남구,일반회계,070,환경보호,076,환경보호일반,34415000,0,0,34415000,0,0
2011,대구,2714000,대구남구,일반회계,080,사회복지,081,기초생활보장,27058144000,40000000,0,27058144000,40000000,0
2011,대구,2714000,대구남구,일반회계,080,사회복지,082,취약계층지원,18695388000,0,0,18695388000,0,0
2011,대구,2714000,대구남구,일반회계,080,사회복지,084,보육ㆍ가족및여성,18035951000,0,0,18035951000,0,0
2011,대구,2714000,대구남구,일반회계,080,사회복지,085,노인ㆍ청소년,21778501000,0,0,21778501000,0,0
2011,대구,2714000,대구남구,일반회계,080,사회복지,086,노동,1419090000,0,0,1419090000,0,0
2011,대구,2714000,대구남구,일반회계,080,사회복지,087,보훈,115978000,0,0,115978000,0,0
2011,대구,2714000,대구남구,일반회계,090,보건,091,보건의료,3694026000,0,0,3694026000,0,0
2011,대구,2714000,대구남구,일반회계,090,보건,093,식품의약안전,2545100000,0,0,2545100000,0,0
2011,대구,2714000,대구남구,일반회계,100,농림해양수산,101,농업ㆍ농촌,74797000,0,0,74797000,0,0
2011,대구,2714000,대구남구,일반회계,100,농림해양수산,102,임업ㆍ산촌,188036000,0,0,188036000,0,0
2011,대구,2714000,대구남구,일반회계,110,산업ㆍ중소기업,114,산업진흥ㆍ고도화,1135680000,0,0,1135680000,0,0
2011,대구,2714000,대구남구,일반회계,110,산업ㆍ중소기업,115,에너지및자원개발,2071000,0,0,2071000,0,0
2011,대구,2714000,대구남구,일반회계,120,수송및교통,121,도로,3229399000,0,0,3229399000,0,0
2011,대구,2714000,대구남구,일반회계,120,수송및교통,126,대중교통ㆍ물류등기타,742627000,0,0,742627000,0,0
2011,대구,2714000,대구남구,일반회계,140,국토및지역개발,142,지역및도시,3236212000,0,0,3236212000,0,0
2011,대구,2714000,대구남구,일반회계,160,예비비,161,예비비,2691516000,0,0,2691516000,0,0
2011,대구,2714000,대구남구,일반회계,900,기타,901,기타,0,1650000000,39708635000,2759245000,1250000000,39708635000
2011,대구,2715000,대구북구,기타특별회계,900,기타,901,기타,0,0,745132000,0,0,745132000
2011,대구,2715000,대구북구,일반회계,010,일반공공행정,011,입법및선거관리,1072784000,0,0,1072784000,0,0
2011,대구,2715000,대구북구,일반회계,010,일반공공행정,013,지방행정ㆍ재정지원,553336000,0,0,553336000,0,0
2011,대구,2715000,대구북구,일반회계,010,일반공공행정,016,일반행정,12243091000,3062741000,0,12243091000,2062741000,0
2011,대구,2715000,대구북구,일반회계,020,공공질서및안전,025,재난방재ㆍ민방위,8740281000,0,0,8740281000,0,0
2011,대구,2715000,대구북구,일반회계,060,문화및관광,061,문화예술,1945372000,0,0,1945372000,0,0
2011,대구,2715000,대구북구,일반회계,060,문화및관광,063,체육,1959508000,0,0,1959508000,0,0
2011,대구,2715000,대구북구,일반회계,060,문화및관광,064,문화재,167782000,0,0,167782000,0,0
2011,대구,2715000,대구북구,일반회계,070,환경보호,071,상하수도ㆍ수질,65143000,0,0,65143000,0,0
2011,대구,2715000,대구북구,일반회계,070,환경보호,072,폐기물,9344622000,3000000,0,9344622000,3000000,0
2011,대구,2715000,대구북구,일반회계,070,환경보호,073,대기,63383000,0,0,63383000,0,0
2011,대구,2715000,대구북구,일반회계,070,환경보호,076,환경보호일반,143921000,0,0,143921000,0,0
2011,대구,2715000,대구북구,일반회계,080,사회복지,081,기초생활보장,46677305000,0,0,46677305000,0,0
2011,대구,2715000,대구북구,일반회계,080,사회복지,082,취약계층지원,21680597000,0,0,21680597000,0,0
2011,대구,2715000,대구북구,일반회계,080,사회복지,084,보육ㆍ가족및여성,64880148000,0,0,64880148000,0,0
2011,대구,2715000,대구북구,일반회계,080,사회복지,085,노인ㆍ청소년,37204534000,0,0,37204534000,0,0
2011,대구,2715000,대구북구,일반회계,080,사회복지,086,노동,5357690000,0,0,5357690000,0,0
2011,대구,2715000,대구북구,일반회계,090,보건,091,보건의료,7596858000,0,0,7596858000,0,0
2011,대구,2715000,대구북구,일반회계,090,보건,093,식품의약안전,64566000,0,0,64566000,0,0
2011,대구,2715000,대구북구,일반회계,100,농림해양수산,101,농업ㆍ농촌,1304663000,0,0,1304663000,0,0
2011,대구,2715000,대구북구,일반회계,100,농림해양수산,102,임업ㆍ산촌,2367483000,0,0,2367483000,0,0
2011,대구,2715000,대구북구,일반회계,110,산업ㆍ중소기업,116,산업ㆍ중소기업일반,6878217000,0,0,6878217000,0,0
2011,대구,2715000,대구북구,일반회계,120,수송및교통,121,도로,3655385000,0,0,3655385000,0,0
2011,대구,2715000,대구북구,일반회계,120,수송및교통,126,대중교통ㆍ물류등기타,2318170000,3000000,0,2318170000,3000000,0
2011,대구,2715000,대구북구,일반회계,140,국토및지역개발,141,수자원,2211521000,0,0,2211521000,0,0
2011,대구,2715000,대구북구,일반회계,140,국토및지역개발,142,지역및도시,2606698000,0,0,2606698000,0,0
2011,대구,2715000,대구북구,일반회계,160,예비비,161,예비비,3489183000,0,0,3489183000,0,0
2011,대구,2715000,대구북구,일반회계,900,기타,901,기타,0,0,62039018000,2759245000,0,62039018000
2011,대구,2715000,대구북구,기타특별회계,070,환경보호,072,폐기물,80000000,0,0,80000000,0,0
2011,대구,2715000,대구북구,기타특별회계,080,사회복지,081,기초생활보장,644220000,194940000,0,644220000,190940000,0
2011,대구,2715000,대구북구,기타특별회계,120,수송및교통,126,대중교통ㆍ물류등기타,3751708000,9000000,0,3751708000,9000000,0
2011,대구,2715000,대구북구,기타특별회계,140,국토및지역개발,142,지역및도시,160000000,15000000,0,160000000,15000000,0
2011,대구,2716000,대구수성구,기타특별회계,900,기타,901,기타,0,0,701255000,0,0,701255000
2011,대구,2716000,대구수성구,일반회계,010,일반공공행정,011,입법및선거관리,1359804000,0,0,1359804000,0,0
2011,대구,2716000,대구수성구,일반회계,010,일반공공행정,013,지방행정ㆍ재정지원,1838294000,0,0,1838294000,0,0
2011,대구,2716000,대구수성구,일반회계,010,일반공공행정,014,재정ㆍ금융,0,54500000,0,0,54500000,0
2011,대구,2716000,대구수성구,일반회계,010,일반공공행정,016,일반행정,12976066000,0,0,12976066000,0,0
2011,대구,2716000,대구수성구,일반회계,020,공공질서및안전,025,재난방재ㆍ민방위,456629000,311680000,0,456629000,311680000,0
2011,대구,2716000,대구수성구,일반회계,050,교육,051,유아및초중등교육,1051300000,0,0,1051300000,0,0
2011,대구,2716000,대구수성구,일반회계,050,교육,053,평생ㆍ직업교육,77386000,0,0,77386000,0,0
2011,대구,2716000,대구수성구,일반회계,060,문화및관광,061,문화예술,6308074000,0,0,6308074000,0,0
2011,대구,2716000,대구수성구,일반회계,060,문화및관광,063,체육,1540805000,0,0,1540805000,0,0
2011,대구,2716000,대구수성구,일반회계,060,문화및관광,064,문화재,422088000,0,0,422088000,0,0
2011,대구,2716000,대구수성구,일반회계,070,환경보호,071,상하수도ㆍ수질,46270000,0,0,46270000,0,0
2011,대구,2716000,대구수성구,일반회계,070,환경보호,072,폐기물,9472288000,0,0,9472288000,0,0
2011,대구,2716000,대구수성구,일반회계,070,환경보호,073,대기,216313000,0,0,216313000,0,0
2011,대구,2716000,대구수성구,일반회계,070,환경보호,076,환경보호일반,307407000,0,0,307407000,0,0
2011,대구,2716000,대구수성구,일반회계,080,사회복지,081,기초생활보장,4327882000,0,0,4327882000,0,0
2011,대구,2716000,대구수성구,일반회계,080,사회복지,082,취약계층지원,67580521000,50000000,0,67580521000,50000000,0
2011,대구,2716000,대구수성구,일반회계,080,사회복지,084,보육ㆍ가족및여성,42443216000,0,0,42443216000,0,0
2011,대구,2716000,대구수성구,일반회계,080,사회복지,085,노인ㆍ청소년,36994050000,0,0,36994050000,0,0
2011,대구,2716000,대구수성구,일반회계,080,사회복지,086,노동,4835290000,0,0,4835290000,0,0
2011,대구,2716000,대구수성구,일반회계,080,사회복지,087,보훈,203471000,0,0,203471000,0,0
2011,대구,2716000,대구수성구,일반회계,090,보건,091,보건의료,6199673000,0,0,6199673000,0,0
2011,대구,2716000,대구수성구,일반회계,090,보건,093,식품의약안전,208301000,0,0,208301000,0,0
2011,대구,2716000,대구수성구,일반회계,100,농림해양수산,101,농업ㆍ농촌,1223439000,0,0,1223439000,0,0
2011,대구,2716000,대구수성구,일반회계,100,농림해양수산,102,임업ㆍ산촌,1311763000,0,0,1311763000,0,0
2011,대구,2716000,대구수성구,일반회계,110,산업ㆍ중소기업,114,산업진흥ㆍ고도화,28172000,0,0,28172000,0,0
2011,대구,2716000,대구수성구,일반회계,110,산업ㆍ중소기업,115,에너지및자원개발,4946000,0,0,4946000,0,0
2011,대구,2716000,대구수성구,일반회계,120,수송및교통,121,도로,3540610000,0,0,3540610000,0,0
2011,대구,2716000,대구수성구,일반회계,120,수송및교통,126,대중교통ㆍ물류등기타,1973978000,0,0,1973978000,0,0
2011,대구,2716000,대구수성구,일반회계,140,국토및지역개발,141,수자원,6301828000,0,0,6301828000,0,0
2011,대구,2716000,대구수성구,일반회계,140,국토및지역개발,142,지역및도시,5645017000,0,0,5645017000,0,0
2011,대구,2716000,대구수성구,일반회계,160,예비비,161,예비비,4250498000,0,0,4250498000,0,0
2011,대구,2716000,대구수성구,일반회계,900,기타,901,기타,0,0,62038441000,2759245000,0,62038441000
2011,대구,2716000,대구수성구,기타특별회계,080,사회복지,081,기초생활보장,0,0,0,0,0,0
2011,대구,2716000,대구수성구,기타특별회계,080,사회복지,082,취약계층지원,2676710000,3530000,0,2676710000,0,0
2011,대구,2716000,대구수성구,기타특별회계,120,수송및교통,126,대중교통ㆍ물류등기타,2447505000,8200000000,0,2447505000,8200000000,0
2011,대구,2716000,대구수성구,기타특별회계,140,국토및지역개발,142,지역및도시,2400000,1000330000,0,2400000,1000330000,0
2011,대구,2716000,대구수성구,기타특별회계,160,예비비,161,예비비,15270000,0,0,15270000,0,0
2011,대구,2717000,대구달서구,일반회계,070,환경보호,072,폐기물,9741169000,0,0,9741169000,0,0
2011,대구,2717000,대구달서구,일반회계,070,환경보호,073,대기,228452000,0,0,228452000,0,0
2011,대구,2717000,대구달서구,일반회계,070,환경보호,076,환경보호일반,160703000,0,0,160703000,0,0
2011,대구,2717000,대구달서구,일반회계,080,사회복지,081,기초생활보장,68246410000,0,0,68246410000,0,0
2011,대구,2717000,대구달서구,일반회계,080,사회복지,082,취약계층지원,27570335000,0,0,27570335000,0,0
2011,대구,2717000,대구달서구,일반회계,080,사회복지,084,보육ㆍ가족및여성,66296780000,0,0,66296780000,0,0
2011,대구,2717000,대구달서구,일반회계,080,사회복지,085,노인ㆍ청소년,38927488000,0,0,38927488000,0,0
2011,대구,2717000,대구달서구,일반회계,080,사회복지,086,노동,2847600000,0,0,2847600000,0,0
2011,대구,2717000,대구달서구,일반회계,080,사회복지,087,보훈,350703000,0,0,350703000,0,0
2011,대구,2717000,대구달서구,일반회계,090,보건,091,보건의료,11890256000,0,0,11890256000,0,0
2011,대구,2717000,대구달서구,일반회계,090,보건,093,식품의약안전,74824000,0,0,74824000,0,0
2011,대구,2717000,대구달서구,일반회계,100,농림해양수산,101,농업ㆍ농촌,249343000,0,0,249343000,0,0
2011,대구,2717000,대구달서구,일반회계,100,농림해양수산,102,임업ㆍ산촌,689357000,0,0,689357000,0,0
2011,대구,2717000,대구달서구,일반회계,110,산업ㆍ중소기업,114,산업진흥ㆍ고도화,3059347000,0,0,3059347000,0,0
2011,대구,2717000,대구달서구,일반회계,120,수송및교통,121,도로,3950637000,0,0,3950637000,0,0
2011,대구,2717000,대구달서구,일반회계,120,수송및교통,126,대중교통ㆍ물류등기타,2057253000,0,0,2057253000,0,0
2011,대구,2717000,대구달서구,일반회계,140,국토및지역개발,142,지역및도시,7473939000,2203840000,0,7473939000,2203840000,0
2011,대구,2717000,대구달서구,일반회계,160,예비비,161,예비비,3826120000,0,0,3826120000,0,0
2011,대구,2717000,대구달서구,일반회계,900,기타,901,기타,0,0,64870528000,2759245000,0,64870528000
2011,대구,2717000,대구달서구,기타특별회계,080,사회복지,081,기초생활보장,1618410000,20590000,0,1618410000,20190000,0
2011,대구,2717000,대구달서구,기타특별회계,120,수송및교통,126,대중교통ㆍ물류등기타,3475138000,0,0,3475138000,0,0
2011,대구,2717000,대구달서구,기타특별회계,140,국토및지역개발,142,지역및도시,11000000,0,0,11000000,0,0
2011,대구,2717000,대구달서구,기타특별회계,900,기타,901,기타,0,0,874862000,0,0,874862000
2011,대구,2717000,대구달서구,일반회계,010,일반공공행정,011,입법및선거관리,1392869000,0,0,1392869000,0,0
2011,대구,2717000,대구달서구,일반회계,010,일반공공행정,013,지방행정ㆍ재정지원,886816000,0,0,886816000,0,0
2011,대구,2717000,대구달서구,일반회계,010,일반공공행정,016,일반행정,13009913000,3017524000,0,13009913000,2417524000,0
2011,대구,2717000,대구달서구,일반회계,020,공공질서및안전,025,재난방재ㆍ민방위,988861000,312604000,0,988861000,312604000,0
2011,대구,2717000,대구달서구,일반회계,050,교육,051,유아및초중등교육,1403049000,0,0,1403049000,0,0
2011,대구,2717000,대구달서구,일반회계,050,교육,053,평생ㆍ직업교육,459956000,0,0,459956000,0,0
2011,대구,2717000,대구달서구,일반회계,060,문화및관광,061,문화예술,4623923000,510750000,0,4623923000,510750000,0
2011,대구,2717000,대구달서구,일반회계,060,문화및관광,063,체육,1374688000,0,0,1374688000,0,0
2011,대구,2717000,대구달서구,일반회계,070,환경보호,071,상하수도ㆍ수질,2303963000,0,0,2303963000,0,0
2011,대구,2771000,대구달성군,기타특별회계,900,기타,901,기타,0,88085000,280654000,0,74060000,280654000
2011,대구,2771000,대구달성군,일반회계,010,일반공공행정,011,입법및선거관리,546215000,0,0,546215000,0,0
2011,대구,2771000,대구달성군,일반회계,010,일반공공행정,013,지방행정ㆍ재정지원,2630749000,0,0,2630749000,0,0
2011,대구,2771000,대구달성군,일반회계,010,일반공공행정,016,일반행정,10234632000,0,0,10234632000,0,0
2011,대구,2771000,대구달성군,일반회계,020,공공질서및안전,025,재난방재ㆍ민방위,12185366000,0,0,12185366000,0,0
2011,대구,2771000,대구달성군,일반회계,050,교육,051,유아및초중등교육,4474940000,0,0,4474940000,0,0
2011,대구,2771000,대구달성군,일반회계,050,교육,052,고등교육,0,0,0,0,0,0
2011,대구,2771000,대구달성군,일반회계,050,교육,053,평생ㆍ직업교육,40904000,0,0,40904000,0,0
2011,대구,2771000,대구달성군,일반회계,060,문화및관광,061,문화예술,5465743000,0,0,5465743000,0,0
2011,대구,2771000,대구달성군,일반회계,060,문화및관광,062,관광,838766000,0,0,838766000,0,0
2011,대구,2771000,대구달성군,일반회계,060,문화및관광,063,체육,12628567000,0,0,12628567000,0,0
2011,대구,2771000,대구달성군,일반회계,060,문화및관광,064,문화재,1666382000,0,0,1666382000,0,0
2011,대구,2771000,대구달성군,일반회계,070,환경보호,071,상하수도ㆍ수질,1072162000,0,0,1072162000,0,0
2011,대구,2771000,대구달성군,일반회계,070,환경보호,072,폐기물,3954440000,0,0,3954440000,0,0
2011,대구,2771000,대구달성군,일반회계,070,환경보호,073,대기,149310000,0,0,149310000,0,0
2011,대구,2771000,대구달성군,일반회계,070,환경보호,074,자연,1304050000,0,0,1304050000,0,0
2011,대구,2771000,대구달성군,일반회계,080,사회복지,081,기초생활보장,20394354000,0,0,20394354000,0,0
2011,대구,2771000,대구달성군,일반회계,080,사회복지,082,취약계층지원,13375928000,0,0,13375928000,0,0
2011,대구,2771000,대구달성군,일반회계,080,사회복지,084,보육ㆍ가족및여성,29990436000,0,0,29990436000,0,0
2011,대구,2771000,대구달성군,일반회계,080,사회복지,085,노인ㆍ청소년,22621643000,0,0,22621643000,0,0
2011,대구,2771000,대구달성군,일반회계,080,사회복지,086,노동,2950806000,0,0,2950806000,0,0
2011,대구,2771000,대구달성군,일반회계,080,사회복지,087,보훈,385289000,0,0,385289000,0,0
2011,대구,2771000,대구달성군,일반회계,080,사회복지,089,사회복지일반,0,0,0,0,0,0
2011,대구,2771000,대구달성군,일반회계,090,보건,091,보건의료,6795737000,0,0,6795737000,0,0
2011,대구,2771000,대구달성군,일반회계,090,보건,093,식품의약안전,247568000,26806000,0,247568000,12372000,0
2011,대구,2771000,대구달성군,일반회계,100,농림해양수산,101,농업ㆍ농촌,29443939000,0,0,29443939000,0,0
2011,대구,2771000,대구달성군,일반회계,100,농림해양수산,102,임업ㆍ산촌,5979230000,0,0,5979230000,0,0
2011,대구,2771000,대구달성군,일반회계,100,농림해양수산,103,해양수산ㆍ어촌,35000000,0,0,35000000,0,0
2011,대구,2771000,대구달성군,일반회계,110,산업ㆍ중소기업,113,무역및투자유치,2700000,0,0,2700000,0,0
2011,대구,2771000,대구달성군,일반회계,110,산업ㆍ중소기업,114,산업진흥ㆍ고도화,31010000,0,0,31010000,0,0
2011,대구,2771000,대구달성군,일반회계,110,산업ㆍ중소기업,115,에너지및자원개발,6000000,0,0,6000000,0,0
2011,대구,2771000,대구달성군,일반회계,110,산업ㆍ중소기업,116,산업ㆍ중소기업일반,1619737000,0,0,1619737000,0,0
2011,대구,2771000,대구달성군,일반회계,120,수송및교통,121,도로,38228533000,0,0,38228533000,0,0
2011,대구,2771000,대구달성군,일반회계,120,수송및교통,126,대중교통ㆍ물류등기타,11563485000,0,0,11563485000,0,0
2011,대구,2771000,대구달성군,일반회계,140,국토및지역개발,141,수자원,10814358000,0,0,10814358000,0,0
2011,대구,2771000,대구달성군,일반회계,140,국토및지역개발,142,지역및도시,16666487000,0,0,16666487000,0,0
2011,대구,2771000,대구달성군,일반회계,160,예비비,161,예비비,12312925000,0,0,12312925000,0,0
2011,대구,2771000,대구달성군,일반회계,900,기타,901,기타,0,3461186000,46954617000,2559763000,3262626000,46954617000
2011,대구,2771000,대구달성군,기타특별회계,010,일반공공행정,016,일반행정,0,0,0,0,0,0
2011,대구,2771000,대구달성군,기타특별회계,070,환경보호,072,폐기물,6689000000,0,0,6689000000,0,0
2011,대구,2771000,대구달성군,기타특별회계,080,사회복지,082,취약계층지원,354915000,0,0,354915000,0,0
2011,대구,2771000,대구달성군,기타특별회계,140,국토및지역개발,141,수자원,6799346000,0,0,6799346000,0,0
2011,대구,2771000,대구달성군,기타특별회계,140,국토및지역개발,142,지역및도시,50000000,0,0,50000000,0,0
2011,대구,2771000,대구달성군,기타특별회계,140,국토및지역개발,143,산업단지,638000000,0,0,638000000,0,0
2010,대구,2700000,대구본청,일반회계,010,일반공공행정,011,입법및선거관리,4280954000,0,0,4280954000,0,0
2010,대구,2700000,대구본청,기타특별회계,140,국토및지역개발,142,지역및도시,31410000000,30600000000,0,31410000000,21217300000,0
2010,대구,2700000,대구본청,기타특별회계,120,수송및교통,126,대중교통ㆍ물류등기타,104386003000,0,0,94337003000,0,0
2010,대구,2700000,대구본청,기타특별회계,120,수송및교통,123,도시철도,468115850000,0,0,468115850000,0,0
2010,대구,2700000,대구본청,기타특별회계,120,수송및교통,121,도로,1720000000,0,0,1720000000,0,0
2010,대구,2700000,대구본청,기타특별회계,110,산업ㆍ중소기업,114,산업진흥ㆍ고도화,1001600000,0,0,1001600000,0,0
2010,대구,2700000,대구본청,기타특별회계,110,산업ㆍ중소기업,111,산업금융지원,48328705000,0,0,48328705000,0,0
2010,대구,2700000,대구본청,기타특별회계,080,사회복지,081,기초생활보장,273200000000,0,0,269364245000,0,0
2010,대구,2700000,대구본청,기타특별회계,070,환경보호,071,상하수도ㆍ수질,2280000000,0,0,1884000000,0,0
2010,대구,2700000,대구본청,기타특별회계,010,일반공공행정,014,재정ㆍ금융,0,153300332000,0,0,152539832000,0
2010,대구,2700000,대구본청,기타특별회계,010,일반공공행정,013,지방행정ㆍ재정지원,3073997000,0,0,0,0,0
2010,대구,2700000,대구본청,공기업특별회계,900,기타,901,기타,0,0,68667920000,1040000,0,68667920000
2010,대구,2700000,대구본청,공기업특별회계,070,환경보호,071,상하수도ㆍ수질,307168510000,42163570000,0,300371981000,41135570000,0
2010,대구,2700000,대구본청,공기업특별회계,010,일반공공행정,014,재정ㆍ금융,50000000000,0,0,24700000000,0,0
2010,대구,2700000,대구본청,일반회계,900,기타,901,기타,0,0,290808186000,2411493000,0,290808186000
2010,대구,2700000,대구본청,일반회계,160,예비비,161,예비비,37594434000,0,0,37594434000,0,0
2010,대구,2700000,대구본청,일반회계,140,국토및지역개발,143,산업단지,3062750000,2250000000,0,3062750000,2250000000,0
2010,대구,2700000,대구본청,일반회계,140,국토및지역개발,142,지역및도시,105192069000,21142000000,0,88576069000,1605000000,0
2010,대구,2700000,대구본청,일반회계,140,국토및지역개발,141,수자원,3169531000,0,0,3169531000,0,0
2010,대구,2700000,대구본청,일반회계,120,수송및교통,126,대중교통ㆍ물류등기타,99123432000,331835000000,0,98905432000,503000000,0
2010,대구,2700000,대구본청,일반회계,120,수송및교통,125,항공ㆍ공항,306494000,0,0,306494000,0,0
2010,대구,2700000,대구본청,일반회계,120,수송및교통,121,도로,195543207000,0,0,195543207000,0,0
2010,대구,2700000,대구본청,일반회계,110,산업ㆍ중소기업,116,산업ㆍ중소기업일반,4832650000,183334000,0,4832650000,183334000,0
2010,대구,2700000,대구본청,일반회계,110,산업ㆍ중소기업,115,에너지및자원개발,0,0,0,0,0,0
2010,대구,2700000,대구본청,일반회계,110,산업ㆍ중소기업,114,산업진흥ㆍ고도화,159586892000,0,0,146288722000,0,0
2010,대구,2700000,대구본청,일반회계,110,산업ㆍ중소기업,113,무역및투자유치,46646169000,0,0,46646169000,0,0
2010,대구,2700000,대구본청,일반회계,110,산업ㆍ중소기업,112,산업기술지원,0,0,0,0,0,0
2010,대구,2700000,대구본청,일반회계,110,산업ㆍ중소기업,111,산업금융지원,6426250000,0,0,6426250000,0,0
2010,대구,2700000,대구본청,일반회계,100,농림해양수산,102,임업ㆍ산촌,8223221000,0,0,1683784000,0,0
2010,대구,2700000,대구본청,일반회계,100,농림해양수산,101,농업ㆍ농촌,25323105000,50000000,0,9047259000,50000000,0
2010,대구,2700000,대구본청,일반회계,090,보건,093,식품의약안전,824668000,0,0,824668000,0,0
2010,대구,2700000,대구본청,일반회계,090,보건,091,보건의료,53558130000,50323000000,0,21791095000,0,0
2010,대구,2700000,대구본청,기타특별회계,900,기타,901,기타,0,0,7844118000,0,0,7844118000
2010,대구,2700000,대구본청,기타특별회계,140,국토및지역개발,143,산업단지,10079395000,0,0,10079395000,0,0
2010,대구,2700000,대구본청,일반회계,080,사회복지,087,보훈,3001665000,0,0,2902665000,0,0
2010,대구,2700000,대구본청,일반회계,080,사회복지,086,노동,48681360000,0,0,6931360000,0,0
2010,대구,2700000,대구본청,일반회계,080,사회복지,085,노인ㆍ청소년,246599043000,0,0,45327089000,0,0
2010,대구,2700000,대구본청,일반회계,080,사회복지,084,보육ㆍ가족및여성,245694754000,200000000,0,8363318000,200000000,0
2010,대구,2700000,대구본청,일반회계,080,사회복지,082,취약계층지원,129660189000,240000000,0,17238783000,240000000,0
2010,대구,2700000,대구본청,일반회계,080,사회복지,081,기초생활보장,269693818000,0,0,228400000,0,0
2010,대구,2700000,대구본청,일반회계,070,환경보호,076,환경보호일반,583120000,0,0,583120000,0,0
2010,대구,2700000,대구본청,일반회계,070,환경보호,074,자연,2542825000,0,0,2542825000,0,0
2010,대구,2700000,대구본청,일반회계,070,환경보호,073,대기,17935431000,0,0,15221931000,0,0
2010,대구,2700000,대구본청,일반회계,070,환경보호,072,폐기물,55421671000,0,0,55071671000,0,0
2010,대구,2700000,대구본청,일반회계,070,환경보호,071,상하수도ㆍ수질,24277417000,2519000000,0,16132721000,0,0
2010,대구,2700000,대구본청,일반회계,060,문화및관광,064,문화재,6148766000,0,0,1327120000,0,0
2010,대구,2700000,대구본청,일반회계,060,문화및관광,063,체육,69356487000,10000000,0,65939375000,10000000,0
2010,대구,2700000,대구본청,일반회계,060,문화및관광,062,관광,17653490000,0,0,10519490000,0,0
2010,대구,2700000,대구본청,일반회계,060,문화및관광,061,문화예술,51990262000,0,0,51140112000,0,0
2010,대구,2700000,대구본청,일반회계,050,교육,053,평생ㆍ직업교육,334501999000,0,0,326496799000,0,0
2010,대구,2700000,대구본청,일반회계,050,교육,051,유아및초중등교육,0,0,0,0,0,0
2010,대구,2700000,대구본청,일반회계,020,공공질서및안전,025,재난방재ㆍ민방위,47702996000,7213153000,0,26391586000,7213153000,0
2010,대구,2700000,대구본청,일반회계,010,일반공공행정,016,일반행정,56161703000,0,0,53325003000,0,0
2010,대구,2700000,대구본청,일반회계,010,일반공공행정,014,재정ㆍ금융,0,149287582000,0,0,146894232000,0
2010,대구,2700000,대구본청,일반회계,010,일반공공행정,013,지방행정ㆍ재정지원,369437793000,0,0,1125540000,0,0
2010,대구,2711000,대구중구,일반회계,010,일반공공행정,011,입법및선거관리,1303798000,0,0,1303798000,0,0
2010,대구,2711000,대구중구,기타특별회계,900,기타,901,기타,0,0,0,0,0,0
2010,대구,2711000,대구중구,기타특별회계,080,사회복지,088,주택,1223000000,0,0,1223000000,0,0
2010,대구,2711000,대구중구,기타특별회계,080,사회복지,081,기초생활보장,245965000,17035000,0,245965000,14535000,0
2010,대구,2711000,대구중구,일반회계,900,기타,901,기타,0,0,41370310000,4881866000,0,41370310000
2010,대구,2711000,대구중구,일반회계,160,예비비,161,예비비,1658654000,0,0,1658654000,0,0
2010,대구,2711000,대구중구,일반회계,140,국토및지역개발,142,지역및도시,2086053000,0,0,2086053000,0,0
2010,대구,2711000,대구중구,일반회계,120,수송및교통,126,대중교통ㆍ물류등기타,2787501000,311000000,0,2787501000,311000000,0
2010,대구,2711000,대구중구,일반회계,120,수송및교통,121,도로,2773267000,0,0,2773267000,0,0
2010,대구,2711000,대구중구,일반회계,110,산업ㆍ중소기업,115,에너지및자원개발,10620000,0,0,10620000,0,0
2010,대구,2711000,대구중구,일반회계,110,산업ㆍ중소기업,114,산업진흥ㆍ고도화,5511991000,8000000,0,5511991000,8000000,0
2010,대구,2711000,대구중구,일반회계,100,농림해양수산,101,농업ㆍ농촌,46301000,0,0,46301000,0,0
2010,대구,2711000,대구중구,일반회계,090,보건,093,식품의약안전,65115000,0,0,65115000,0,0
2010,대구,2711000,대구중구,일반회계,090,보건,091,보건의료,2595082000,0,0,2595082000,0,0
2010,대구,2711000,대구중구,일반회계,080,사회복지,087,보훈,20550000,0,0,20550000,0,0
2010,대구,2711000,대구중구,일반회계,080,사회복지,086,노동,2397320000,0,0,2397320000,0,0
2010,대구,2711000,대구중구,일반회계,080,사회복지,085,노인ㆍ청소년,12927974000,0,0,12927974000,0,0
2010,대구,2711000,대구중구,일반회계,080,사회복지,084,보육ㆍ가족및여성,6004117000,0,0,6004117000,0,0
2010,대구,2711000,대구중구,일반회계,080,사회복지,082,취약계층지원,7692225000,0,0,7692225000,0,0
2010,대구,2711000,대구중구,일반회계,080,사회복지,081,기초생활보장,14550024000,0,0,14550024000,0,0
2010,대구,2711000,대구중구,일반회계,070,환경보호,073,대기,95629000,0,0,95629000,0,0
2010,대구,2711000,대구중구,일반회계,070,환경보호,072,폐기물,2837497000,0,0,2837497000,0,0
2010,대구,2711000,대구중구,일반회계,070,환경보호,071,상하수도ㆍ수질,33550000,0,0,33550000,0,0
2010,대구,2711000,대구중구,일반회계,060,문화및관광,064,문화재,127175000,0,0,127175000,0,0
2010,대구,2711000,대구중구,일반회계,060,문화및관광,063,체육,617583000,0,0,617583000,0,0
2010,대구,2711000,대구중구,일반회계,060,문화및관광,062,관광,26540000,0,0,26540000,0,0
2010,대구,2711000,대구중구,일반회계,060,문화및관광,061,문화예술,2529393000,0,0,2529393000,0,0
2010,대구,2711000,대구중구,일반회계,050,교육,053,평생ㆍ직업교육,34510000,0,0,34510000,0,0
2010,대구,2711000,대구중구,일반회계,020,공공질서및안전,025,재난방재ㆍ민방위,141657000,123565000,0,141657000,123565000,0
2010,대구,2711000,대구중구,일반회계,010,일반공공행정,016,일반행정,6774520000,0,0,6774520000,0,0
2010,대구,2711000,대구중구,일반회계,010,일반공공행정,014,재정ㆍ금융,0,1162576000,0,0,662576000,0
2010,대구,2711000,대구중구,일반회계,010,일반공공행정,013,지방행정ㆍ재정지원,275903000,0,0,275903000,0,0
2010,대구,2712000,대구동구,일반회계,100,농림해양수산,102,임업ㆍ산촌,3461837000,0,0,3461837000,0,0
2010,대구,2712000,대구동구,일반회계,100,농림해양수산,101,농업ㆍ농촌,2281776000,0,0,2281776000,0,0
2010,대구,2712000,대구동구,일반회계,090,보건,093,식품의약안전,43780000,0,0,43780000,0,0
2010,대구,2712000,대구동구,일반회계,090,보건,091,보건의료,6379243000,0,0,6379243000,0,0
2010,대구,2712000,대구동구,일반회계,080,사회복지,089,사회복지일반,7440292000,0,0,7440292000,0,0
2010,대구,2712000,대구동구,일반회계,080,사회복지,085,노인ㆍ청소년,42180036000,0,0,42180036000,0,0
2010,대구,2712000,대구동구,일반회계,080,사회복지,084,보육ㆍ가족및여성,30682585000,0,0,30682585000,0,0
2010,대구,2712000,대구동구,일반회계,080,사회복지,082,취약계층지원,22560445000,0,0,22560445000,0,0
2010,대구,2712000,대구동구,일반회계,080,사회복지,081,기초생활보장,46435567000,0,0,46435567000,0,0
2010,대구,2712000,대구동구,일반회계,070,환경보호,076,환경보호일반,3525000,0,0,3525000,0,0
2010,대구,2712000,대구동구,일반회계,070,환경보호,073,대기,356949000,0,0,356949000,0,0
2010,대구,2712000,대구동구,일반회계,070,환경보호,072,폐기물,6199072000,0,0,6199072000,0,0
2010,대구,2712000,대구동구,일반회계,070,환경보호,071,상하수도ㆍ수질,580706000,0,0,580706000,0,0
2010,대구,2712000,대구동구,일반회계,060,문화및관광,064,문화재,3136320000,0,0,3136320000,0,0
2010,대구,2712000,대구동구,일반회계,060,문화및관광,063,체육,799077000,0,0,799077000,0,0
2010,대구,2712000,대구동구,일반회계,060,문화및관광,062,관광,4727760000,0,0,4727760000,0,0
2010,대구,2712000,대구동구,일반회계,060,문화및관광,061,문화예술,6550170000,0,0,6550170000,0,0
2010,대구,2712000,대구동구,일반회계,050,교육,053,평생ㆍ직업교육,1054452000,0,0,1054452000,0,0
2010,대구,2712000,대구동구,일반회계,020,공공질서및안전,025,재난방재ㆍ민방위,459147000,77145000,0,459147000,77145000,0
2010,대구,2712000,대구동구,일반회계,010,일반공공행정,016,일반행정,10774787000,1154000000,0,10774787000,152000000,0
2010,대구,2712000,대구동구,일반회계,010,일반공공행정,013,지방행정ㆍ재정지원,655547000,0,0,655547000,0,0
2010,대구,2712000,대구동구,일반회계,010,일반공공행정,011,입법및선거관리,950923000,0,0,950923000,0,0
2010,대구,2712000,대구동구,기타특별회계,900,기타,901,기타,0,0,777040000,0,0,777040000
2010,대구,2712000,대구동구,기타특별회계,140,국토및지역개발,142,지역및도시,3000000,0,0,3000000,0,0
2010,대구,2712000,대구동구,기타특별회계,120,수송및교통,126,대중교통ㆍ물류등기타,3634415000,0,0,3634415000,0,0
2010,대구,2712000,대구동구,기타특별회계,080,사회복지,081,기초생활보장,1801845000,61700000,0,1801845000,52700000,0
2010,대구,2712000,대구동구,기타특별회계,070,환경보호,072,폐기물,0,0,0,0,0,0
2010,대구,2712000,대구동구,일반회계,900,기타,901,기타,0,0,56149823000,4881859000,0,56149823000
2010,대구,2712000,대구동구,일반회계,160,예비비,161,예비비,2804102000,0,0,2804102000,0,0
2010,대구,2712000,대구동구,일반회계,140,국토및지역개발,142,지역및도시,2189973000,0,0,2189973000,0,0
2010,대구,2712000,대구동구,일반회계,140,국토및지역개발,141,수자원,9756978000,0,0,9756978000,0,0
2010,대구,2712000,대구동구,일반회계,120,수송및교통,126,대중교통ㆍ물류등기타,1544459000,0,0,1544459000,0,0
2010,대구,2712000,대구동구,일반회계,120,수송및교통,121,도로,4470996000,0,0,4470996000,0,0
2010,대구,2712000,대구동구,일반회계,110,산업ㆍ중소기업,114,산업진흥ㆍ고도화,6138528000,0,0,6138528000,0,0
2010,대구,2713000,대구서구,일반회계,010,일반공공행정,011,입법및선거관리,2457019000,0,0,2457019000,0,0
2010,대구,2713000,대구서구,기타특별회계,900,기타,901,기타,0,0,50910000,0,0,50910000
2010,대구,2713000,대구서구,기타특별회계,080,사회복지,082,취약계층지원,320030000,0,0,320030000,0,0
2010,대구,2713000,대구서구,기타특별회계,080,사회복지,081,기초생활보장,0,29060000,0,0,26060000,0
2010,대구,2713000,대구서구,일반회계,900,기타,901,기타,0,0,47194392000,4881859000,0,47194392000
2010,대구,2713000,대구서구,일반회계,160,예비비,161,예비비,1975785000,0,0,1975785000,0,0
2010,대구,2713000,대구서구,일반회계,140,국토및지역개발,142,지역및도시,1126936000,0,0,1126936000,0,0
2010,대구,2713000,대구서구,일반회계,120,수송및교통,126,대중교통ㆍ물류등기타,1984945000,0,0,1984945000,0,0
2010,대구,2713000,대구서구,일반회계,120,수송및교통,121,도로,743000000,0,0,743000000,0,0
2010,대구,2713000,대구서구,일반회계,110,산업ㆍ중소기업,115,에너지및자원개발,1020000,0,0,1020000,0,0
2010,대구,2713000,대구서구,일반회계,110,산업ㆍ중소기업,114,산업진흥ㆍ고도화,2547385000,0,0,2547385000,0,0
2010,대구,2713000,대구서구,일반회계,100,농림해양수산,102,임업ㆍ산촌,222390000,0,0,222390000,0,0
2010,대구,2713000,대구서구,일반회계,100,농림해양수산,101,농업ㆍ농촌,64701000,0,0,64701000,0,0
2010,대구,2713000,대구서구,일반회계,090,보건,093,식품의약안전,31880000,0,0,31880000,0,0
2010,대구,2713000,대구서구,일반회계,090,보건,091,보건의료,3552147000,0,0,3552147000,0,0
2010,대구,2713000,대구서구,일반회계,080,사회복지,089,사회복지일반,2936248000,0,0,2936248000,0,0
2010,대구,2713000,대구서구,일반회계,080,사회복지,086,노동,6017477000,0,0,6017477000,0,0
2010,대구,2713000,대구서구,일반회계,080,사회복지,085,노인ㆍ청소년,28822419000,0,0,28822419000,0,0
2010,대구,2713000,대구서구,일반회계,080,사회복지,084,보육ㆍ가족및여성,24365389000,0,0,24365389000,0,0
2010,대구,2713000,대구서구,일반회계,080,사회복지,082,취약계층지원,4188962000,0,0,4188962000,0,0
2010,대구,2713000,대구서구,일반회계,080,사회복지,081,기초생활보장,24731164000,0,0,24731164000,0,0
2010,대구,2713000,대구서구,일반회계,070,환경보호,076,환경보호일반,85782000,0,0,85782000,0,0
2010,대구,2713000,대구서구,일반회계,070,환경보호,073,대기,243539000,0,0,243539000,0,0
2010,대구,2713000,대구서구,일반회계,070,환경보호,072,폐기물,4051066000,0,0,4051066000,0,0
2010,대구,2713000,대구서구,일반회계,070,환경보호,071,상하수도ㆍ수질,72180000,0,0,72180000,0,0
2010,대구,2713000,대구서구,일반회계,060,문화및관광,063,체육,807344000,0,0,807344000,0,0
2010,대구,2713000,대구서구,일반회계,060,문화및관광,061,문화예술,551640000,0,0,551640000,0,0
2010,대구,2713000,대구서구,일반회계,050,교육,053,평생ㆍ직업교육,218862000,0,0,218862000,0,0
2010,대구,2713000,대구서구,일반회계,020,공공질서및안전,025,재난방재ㆍ민방위,279485000,0,0,279485000,0,0
2010,대구,2713000,대구서구,일반회계,010,일반공공행정,016,일반행정,6643898000,0,0,6643898000,0,0
2010,대구,2713000,대구서구,일반회계,010,일반공공행정,014,재정ㆍ금융,0,1865400000,0,0,1515400000,0
2010,대구,2713000,대구서구,일반회계,010,일반공공행정,013,지방행정ㆍ재정지원,217545000,0,0,217545000,0,0
2010,대구,2714000,대구남구,일반회계,010,일반공공행정,011,입법및선거관리,2218062000,0,0,2218062000,0,0
2010,대구,2714000,대구남구,일반회계,090,보건,093,식품의약안전,1915135000,0,0,1915135000,0,0
2010,대구,2714000,대구남구,일반회계,090,보건,091,보건의료,4642182000,0,0,4642182000,0,0
2010,대구,2714000,대구남구,일반회계,080,사회복지,087,보훈,32500000,0,0,32500000,0,0
2010,대구,2714000,대구남구,일반회계,080,사회복지,086,노동,1227846000,0,0,1227846000,0,0
2010,대구,2714000,대구남구,일반회계,080,사회복지,085,노인ㆍ청소년,20520333000,0,0,20520333000,0,0
2010,대구,2714000,대구남구,일반회계,080,사회복지,084,보육ㆍ가족및여성,17049058000,0,0,17049058000,0,0
2010,대구,2714000,대구남구,일반회계,080,사회복지,082,취약계층지원,16709263000,0,0,16709263000,0,0
2010,대구,2714000,대구남구,일반회계,080,사회복지,081,기초생활보장,25387455000,40000000,0,25387455000,40000000,0
2010,대구,2714000,대구남구,일반회계,070,환경보호,076,환경보호일반,38894000,0,0,38894000,0,0
2010,대구,2714000,대구남구,일반회계,070,환경보호,073,대기,276225000,0,0,276225000,0,0
2010,대구,2714000,대구남구,일반회계,070,환경보호,072,폐기물,3763581000,0,0,3763581000,0,0
2010,대구,2714000,대구남구,일반회계,070,환경보호,071,상하수도ㆍ수질,309267000,0,0,309267000,0,0
2010,대구,2714000,대구남구,기타특별회계,900,기타,901,기타,0,69090000,449277000,0,65490000,449277000
2010,대구,2714000,대구남구,일반회계,060,문화및관광,061,문화예술,882700000,0,0,882700000,0,0
2010,대구,2714000,대구남구,일반회계,050,교육,053,평생ㆍ직업교육,50300000,0,0,50300000,0,0
2010,대구,2714000,대구남구,일반회계,050,교육,051,유아및초중등교육,130160000,0,0,130160000,0,0
2010,대구,2714000,대구남구,일반회계,020,공공질서및안전,025,재난방재ㆍ민방위,264648000,63416000,0,264648000,63416000,0
2010,대구,2714000,대구남구,일반회계,010,일반공공행정,016,일반행정,6516599000,0,0,6516599000,0,0
2010,대구,2714000,대구남구,일반회계,010,일반공공행정,013,지방행정ㆍ재정지원,335701000,0,0,335701000,0,0
2010,대구,2714000,대구남구,일반회계,080,사회복지,086,노동,1227846000,0,0,1227846000,0,0
2010,대구,2714000,대구남구,일반회계,080,사회복지,085,노인ㆍ청소년,20520333000,0,0,20520333000,0,0
2010,대구,2714000,대구남구,일반회계,080,사회복지,084,보육ㆍ가족및여성,17049058000,0,0,17049058000,0,0
2010,대구,2714000,대구남구,일반회계,080,사회복지,082,취약계층지원,16709263000,0,0,16709263000,0,0
2010,대구,2714000,대구남구,일반회계,080,사회복지,081,기초생활보장,25387455000,40000000,0,25387455000,40000000,0
2010,대구,2714000,대구남구,일반회계,070,환경보호,076,환경보호일반,38894000,0,0,38894000,0,0
2010,대구,2714000,대구남구,일반회계,070,환경보호,073,대기,276225000,0,0,276225000,0,0
2010,대구,2714000,대구남구,일반회계,070,환경보호,072,폐기물,3763581000,0,0,3763581000,0,0
2010,대구,2714000,대구남구,일반회계,070,환경보호,071,상하수도ㆍ수질,309267000,0,0,309267000,0,0
2010,대구,2714000,대구남구,기타특별회계,900,기타,901,기타,0,69090000,449277000,0,65490000,449277000
2010,대구,2714000,대구남구,일반회계,060,문화및관광,061,문화예술,882700000,0,0,882700000,0,0
2010,대구,2714000,대구남구,일반회계,050,교육,053,평생ㆍ직업교육,50300000,0,0,50300000,0,0
2010,대구,2714000,대구남구,일반회계,050,교육,051,유아및초중등교육,130160000,0,0,130160000,0,0
2010,대구,2714000,대구남구,일반회계,020,공공질서및안전,025,재난방재ㆍ민방위,264648000,63416000,0,264648000,63416000,0
2010,대구,2714000,대구남구,일반회계,010,일반공공행정,016,일반행정,6516599000,0,0,6516599000,0,0
2010,대구,2714000,대구남구,일반회계,010,일반공공행정,013,지방행정ㆍ재정지원,335701000,0,0,335701000,0,0
2010,대구,2715000,대구북구,일반회계,010,일반공공행정,011,입법및선거관리,3096106000,0,0,3096106000,0,0
2010,대구,2715000,대구북구,기타특별회계,900,기타,901,기타,0,0,672316000,0,0,672316000
2010,대구,2715000,대구북구,기타특별회계,140,국토및지역개발,142,지역및도시,113000000,50000000,0,113000000,50000000,0
2010,대구,2715000,대구북구,기타특별회계,120,수송및교통,126,대중교통ㆍ물류등기타,2951139000,9000000,0,2951139000,9000000,0
2010,대구,2715000,대구북구,기타특별회계,080,사회복지,081,기초생활보장,690910000,189635000,0,690910000,185635000,0
2010,대구,2715000,대구북구,기타특별회계,070,환경보호,072,폐기물,8524000000,0,0,8524000000,0,0
2010,대구,2715000,대구북구,일반회계,900,기타,901,기타,0,0,57009117000,4881859000,0,57009117000
2010,대구,2715000,대구북구,일반회계,160,예비비,161,예비비,2909605000,0,0,2909605000,0,0
2010,대구,2715000,대구북구,일반회계,140,국토및지역개발,142,지역및도시,4616234000,0,0,4616234000,0,0
2010,대구,2715000,대구북구,일반회계,140,국토및지역개발,141,수자원,3043214000,0,0,3043214000,0,0
2010,대구,2715000,대구북구,일반회계,120,수송및교통,126,대중교통ㆍ물류등기타,279500000,3000000,0,279500000,3000000,0
2010,대구,2715000,대구북구,일반회계,120,수송및교통,121,도로,2391075000,0,0,2391075000,0,0
2010,대구,2715000,대구북구,일반회계,110,산업ㆍ중소기업,116,산업ㆍ중소기업일반,2868941000,0,0,2868941000,0,0
2010,대구,2715000,대구북구,일반회계,100,농림해양수산,102,임업ㆍ산촌,1336128000,0,0,1336128000,0,0
2010,대구,2715000,대구북구,일반회계,100,농림해양수산,101,농업ㆍ농촌,1359153000,0,0,1359153000,0,0
2010,대구,2715000,대구북구,일반회계,090,보건,093,식품의약안전,45725000,0,0,45725000,0,0
2010,대구,2715000,대구북구,일반회계,090,보건,091,보건의료,7309452000,0,0,7309452000,0,0
2010,대구,2715000,대구북구,일반회계,080,사회복지,086,노동,7567459000,0,0,7567459000,0,0
2010,대구,2715000,대구북구,일반회계,080,사회복지,085,노인ㆍ청소년,36320576000,0,0,36320576000,0,0
2010,대구,2715000,대구북구,일반회계,080,사회복지,084,보육ㆍ가족및여성,55169415000,0,0,55169415000,0,0
2010,대구,2715000,대구북구,일반회계,080,사회복지,082,취약계층지원,18205726000,0,0,18205726000,0,0
2010,대구,2715000,대구북구,일반회계,080,사회복지,081,기초생활보장,44747851000,0,0,44747851000,0,0
2010,대구,2715000,대구북구,일반회계,070,환경보호,076,환경보호일반,116105000,0,0,116105000,0,0
2010,대구,2715000,대구북구,일반회계,070,환경보호,073,대기,50871000,0,0,50871000,0,0
2010,대구,2715000,대구북구,일반회계,070,환경보호,072,폐기물,8676000000,3000000,0,8676000000,3000000,0
2010,대구,2715000,대구북구,일반회계,070,환경보호,071,상하수도ㆍ수질,46139000,0,0,46139000,0,0
2010,대구,2715000,대구북구,일반회계,060,문화및관광,064,문화재,1020292000,0,0,1020292000,0,0
2010,대구,2715000,대구북구,일반회계,060,문화및관광,063,체육,1877635000,0,0,1877635000,0,0
2010,대구,2715000,대구북구,일반회계,060,문화및관광,061,문화예술,2099395000,0,0,2099395000,0,0
2010,대구,2715000,대구북구,일반회계,020,공공질서및안전,025,재난방재ㆍ민방위,3378491000,0,0,3378491000,0,0
2010,대구,2715000,대구북구,일반회계,010,일반공공행정,016,일반행정,10364604000,1988629000,0,10364604000,1488629000,0
2010,대구,2715000,대구북구,일반회계,010,일반공공행정,013,지방행정ㆍ재정지원,500562000,0,0,500562000,0,0
2010,대구,2716000,대구수성구,일반회계,090,보건,091,보건의료,6685362000,0,0,6685362000,0,0
2010,대구,2716000,대구수성구,일반회계,080,사회복지,087,보훈,61200000,0,0,61200000,0,0
2010,대구,2716000,대구수성구,일반회계,080,사회복지,086,노동,6504632000,0,0,6504632000,0,0
2010,대구,2716000,대구수성구,일반회계,080,사회복지,085,노인ㆍ청소년,33254234000,20000000,0,33254234000,20000000,0
2010,대구,2716000,대구수성구,일반회계,080,사회복지,084,보육ㆍ가족및여성,41195843000,0,0,41195843000,0,0
2010,대구,2716000,대구수성구,일반회계,080,사회복지,082,취약계층지원,62779021000,0,0,62779021000,0,0
2010,대구,2716000,대구수성구,일반회계,080,사회복지,081,기초생활보장,4973467000,0,0,4973467000,0,0
2010,대구,2716000,대구수성구,일반회계,070,환경보호,076,환경보호일반,164544000,0,0,164544000,0,0
2010,대구,2716000,대구수성구,일반회계,070,환경보호,073,대기,5263000,0,0,5263000,0,0
2010,대구,2716000,대구수성구,일반회계,070,환경보호,072,폐기물,9707432000,0,0,9707432000,0,0
2010,대구,2716000,대구수성구,일반회계,070,환경보호,071,상하수도ㆍ수질,73040000,0,0,73040000,0,0
2010,대구,2716000,대구수성구,일반회계,060,문화및관광,064,문화재,392522000,0,0,392522000,0,0
2010,대구,2716000,대구수성구,일반회계,060,문화및관광,063,체육,1701663000,0,0,1701663000,0,0
2010,대구,2716000,대구수성구,일반회계,060,문화및관광,061,문화예술,7268559000,0,0,7268559000,0,0
2010,대구,2716000,대구수성구,일반회계,050,교육,053,평생ㆍ직업교육,293442000,0,0,293442000,0,0
2010,대구,2716000,대구수성구,일반회계,050,교육,051,유아및초중등교육,911591000,0,0,911591000,0,0
2010,대구,2716000,대구수성구,일반회계,020,공공질서및안전,025,재난방재ㆍ민방위,582006000,298879000,0,582006000,298879000,0
2010,대구,2716000,대구수성구,일반회계,010,일반공공행정,016,일반행정,12429294000,0,0,12429294000,0,0
2010,대구,2716000,대구수성구,일반회계,010,일반공공행정,014,재정ㆍ금융,0,1086900000,0,0,586900000,0
2010,대구,2716000,대구수성구,일반회계,010,일반공공행정,013,지방행정ㆍ재정지원,1608497000,0,0,1608497000,0,0
2010,대구,2716000,대구수성구,일반회계,010,일반공공행정,011,입법및선거관리,3238816000,0,0,3238816000,0,0
2010,대구,2716000,대구수성구,기타특별회계,900,기타,901,기타,0,0,696729000,0,0,696729000
2010,대구,2716000,대구수성구,기타특별회계,160,예비비,161,예비비,15331000,0,0,15331000,0,0
2010,대구,2716000,대구수성구,기타특별회계,140,국토및지역개발,142,지역및도시,2400000,1031269000,0,2400000,1031269000,0
2010,대구,2716000,대구수성구,기타특별회계,120,수송및교통,126,대중교통ㆍ물류등기타,2124726000,7200000000,0,2124726000,7200000000,0
2010,대구,2716000,대구수성구,기타특별회계,080,사회복지,082,취약계층지원,2579545000,5000000,0,2579545000,0,0
2010,대구,2716000,대구수성구,기타특별회계,080,사회복지,081,기초생활보장,0,0,0,0,0,0
2010,대구,2716000,대구수성구,일반회계,900,기타,901,기타,0,0,57971801000,4881859000,0,57971801000
2010,대구,2716000,대구수성구,일반회계,160,예비비,161,예비비,4244461000,0,0,4244461000,0,0
2010,대구,2716000,대구수성구,일반회계,140,국토및지역개발,142,지역및도시,5116308000,0,0,5116308000,0,0
2010,대구,2716000,대구수성구,일반회계,140,국토및지역개발,141,수자원,2724891000,0,0,2724891000,0,0
2010,대구,2716000,대구수성구,일반회계,120,수송및교통,126,대중교통ㆍ물류등기타,1698686000,0,0,1698686000,0,0
2010,대구,2716000,대구수성구,일반회계,120,수송및교통,121,도로,4738123000,0,0,4738123000,0,0
2010,대구,2716000,대구수성구,일반회계,110,산업ㆍ중소기업,115,에너지및자원개발,5721000,0,0,5721000,0,0
2010,대구,2716000,대구수성구,일반회계,110,산업ㆍ중소기업,114,산업진흥ㆍ고도화,36782000,0,0,36782000,0,0
2010,대구,2716000,대구수성구,일반회계,100,농림해양수산,102,임업ㆍ산촌,1772253000,0,0,1772253000,0,0
2010,대구,2716000,대구수성구,일반회계,100,농림해양수산,101,농업ㆍ농촌,1895292000,0,0,1895292000,0,0
2010,대구,2716000,대구수성구,일반회계,090,보건,093,식품의약안전,159475000,0,0,159475000,0,0
2010,대구,2717000,대구달서구,일반회계,010,일반공공행정,011,입법및선거관리,4785449000,0,0,4785449000,0,0
2010,대구,2717000,대구달서구,일반회계,060,문화및관광,061,문화예술,6565228000,524250000,0,6565228000,524250000,0
2010,대구,2717000,대구달서구,기타특별회계,900,기타,901,기타,0,0,829036000,0,0,829036000
2010,대구,2717000,대구달서구,기타특별회계,140,국토및지역개발,142,지역및도시,33000000,0,0,33000000,0,0
2010,대구,2717000,대구달서구,기타특별회계,120,수송및교통,126,대중교통ㆍ물류등기타,5908964000,0,0,5908964000,0,0
2010,대구,2717000,대구달서구,기타특별회계,080,사회복지,081,기초생활보장,1303365000,20635000,0,1303365000,20235000,0
2010,대구,2717000,대구달서구,일반회계,900,기타,901,기타,0,0,63493788000,4881859000,0,63493788000
2010,대구,2717000,대구달서구,일반회계,160,예비비,161,예비비,3721776000,0,0,3721776000,0,0
2010,대구,2717000,대구달서구,일반회계,140,국토및지역개발,142,지역및도시,5873951000,192750000,0,5873951000,192750000,0
2010,대구,2717000,대구달서구,일반회계,120,수송및교통,126,대중교통ㆍ물류등기타,482641000,0,0,482641000,0,0
2010,대구,2717000,대구달서구,일반회계,120,수송및교통,121,도로,5823272000,0,0,5823272000,0,0
2010,대구,2717000,대구달서구,일반회계,110,산업ㆍ중소기업,114,산업진흥ㆍ고도화,2940608000,0,0,2940608000,0,0
2010,대구,2717000,대구달서구,일반회계,100,농림해양수산,101,농업ㆍ농촌,244826000,0,0,244826000,0,0
2010,대구,2717000,대구달서구,일반회계,090,보건,093,식품의약안전,122937000,0,0,122937000,0,0
2010,대구,2717000,대구달서구,일반회계,090,보건,091,보건의료,8038620000,0,0,8038620000,0,0
2010,대구,2717000,대구달서구,일반회계,080,사회복지,087,보훈,156728000,0,0,156728000,0,0
2010,대구,2717000,대구달서구,일반회계,080,사회복지,086,노동,2417264000,0,0,2417264000,0,0
2010,대구,2717000,대구달서구,일반회계,080,사회복지,085,노인ㆍ청소년,38238189000,0,0,38238189000,0,0
2010,대구,2717000,대구달서구,일반회계,080,사회복지,084,보육ㆍ가족및여성,51897785000,0,0,51897785000,0,0
2010,대구,2717000,대구달서구,일반회계,080,사회복지,082,취약계층지원,21482843000,0,0,21482843000,0,0
2010,대구,2717000,대구달서구,일반회계,080,사회복지,081,기초생활보장,59084676000,0,0,59084676000,0,0
2010,대구,2717000,대구달서구,일반회계,070,환경보호,076,환경보호일반,151290000,0,0,151290000,0,0
2010,대구,2717000,대구달서구,일반회계,070,환경보호,073,대기,97585000,0,0,97585000,0,0
2010,대구,2717000,대구달서구,일반회계,070,환경보호,072,폐기물,8609672000,0,0,8609672000,0,0
2010,대구,2717000,대구달서구,일반회계,070,환경보호,071,상하수도ㆍ수질,1292630000,0,0,1292630000,0,0
2010,대구,2717000,대구달서구,일반회계,060,문화및관광,063,체육,1367009000,0,0,1367009000,0,0
2010,대구,2717000,대구달서구,일반회계,050,교육,053,평생ㆍ직업교육,448606000,0,0,448606000,0,0
2010,대구,2717000,대구달서구,일반회계,020,공공질서및안전,025,재난방재ㆍ민방위,916543000,0,0,916543000,0,0
2010,대구,2717000,대구달서구,일반회계,010,일반공공행정,016,일반행정,19144091000,1723840000,0,19144091000,1473840000,0
2010,대구,2717000,대구달서구,일반회계,010,일반공공행정,013,지방행정ㆍ재정지원,761153000,0,0,761153000,0,0
2010,대구,2771000,대구달성군,일반회계,080,사회복지,086,노동,4189951000,0,0,4189951000,0,0
2010,대구,2771000,대구달성군,일반회계,080,사회복지,085,노인ㆍ청소년,21966176000,0,0,21966176000,0,0
2010,대구,2771000,대구달성군,일반회계,080,사회복지,084,보육ㆍ가족및여성,24022989000,0,0,24022989000,0,0
2010,대구,2771000,대구달성군,일반회계,080,사회복지,082,취약계층지원,10012761000,0,0,10012761000,0,0
2010,대구,2771000,대구달성군,일반회계,080,사회복지,081,기초생활보장,16926996000,0,0,16926996000,0,0
2010,대구,2771000,대구달성군,일반회계,070,환경보호,074,자연,1630636000,0,0,1630636000,0,0
2010,대구,2771000,대구달성군,일반회계,070,환경보호,073,대기,177678000,0,0,177678000,0,0
2010,대구,2771000,대구달성군,일반회계,070,환경보호,072,폐기물,4172369000,0,0,4172369000,0,0
2010,대구,2771000,대구달성군,일반회계,070,환경보호,071,상하수도ㆍ수질,1328479000,0,0,1328479000,0,0
2010,대구,2771000,대구달성군,일반회계,060,문화및관광,064,문화재,2067870000,0,0,2067870000,0,0
2010,대구,2771000,대구달성군,일반회계,060,문화및관광,063,체육,5684442000,0,0,5684442000,0,0
2010,대구,2771000,대구달성군,일반회계,060,문화및관광,062,관광,2815335000,0,0,2815335000,0,0
2010,대구,2771000,대구달성군,일반회계,060,문화및관광,061,문화예술,1561938000,0,0,1561938000,0,0
2010,대구,2771000,대구달성군,일반회계,050,교육,053,평생ㆍ직업교육,3353904000,0,0,3353904000,0,0
2010,대구,2771000,대구달성군,일반회계,050,교육,052,고등교육,0,0,0,0,0,0
2010,대구,2771000,대구달성군,일반회계,050,교육,051,유아및초중등교육,4108890000,0,0,4108890000,0,0
2010,대구,2771000,대구달성군,일반회계,020,공공질서및안전,025,재난방재ㆍ민방위,14136155000,0,0,14136155000,0,0
2010,대구,2771000,대구달성군,일반회계,010,일반공공행정,016,일반행정,14776418000,0,0,14776418000,0,0
2010,대구,2771000,대구달성군,일반회계,010,일반공공행정,013,지방행정ㆍ재정지원,2318575000,0,0,2318575000,0,0
2010,대구,2771000,대구달성군,일반회계,010,일반공공행정,011,입법및선거관리,1645946000,0,0,1645946000,0,0
2010,대구,2771000,대구달성군,기타특별회계,900,기타,901,기타,0,86090000,447655000,0,72097000,447655000
2010,대구,2771000,대구달성군,기타특별회계,140,국토및지역개발,143,산업단지,765000000,0,0,765000000,0,0
2010,대구,2771000,대구달성군,기타특별회계,140,국토및지역개발,142,지역및도시,4381000000,0,0,4381000000,0,0
2010,대구,2771000,대구달성군,기타특별회계,140,국토및지역개발,141,수자원,8436345000,0,0,8436345000,0,0
2010,대구,2771000,대구달성군,기타특별회계,080,사회복지,082,취약계층지원,358910000,0,0,358910000,0,0
2010,대구,2771000,대구달성군,기타특별회계,070,환경보호,072,폐기물,5825000000,0,0,5825000000,0,0
2010,대구,2771000,대구달성군,기타특별회계,010,일반공공행정,016,일반행정,0,0,0,0,0,0
2010,대구,2771000,대구달성군,일반회계,900,기타,901,기타,0,4344294000,44075500000,1158329000,3350119000,44075500000
2010,대구,2771000,대구달성군,일반회계,160,예비비,161,예비비,6867000000,0,0,6867000000,0,0
2010,대구,2771000,대구달성군,일반회계,140,국토및지역개발,142,지역및도시,17192990000,0,0,17192990000,0,0
2010,대구,2771000,대구달성군,일반회계,140,국토및지역개발,141,수자원,10214801000,0,0,10214801000,0,0
2010,대구,2771000,대구달성군,일반회계,120,수송및교통,126,대중교통ㆍ물류등기타,13343681000,0,0,13343681000,0,0
2010,대구,2771000,대구달성군,일반회계,120,수송및교통,121,도로,41401025000,0,0,41401025000,0,0
2010,대구,2771000,대구달성군,일반회계,110,산업ㆍ중소기업,116,산업ㆍ중소기업일반,371407000,0,0,371407000,0,0
2010,대구,2771000,대구달성군,일반회계,110,산업ㆍ중소기업,115,에너지및자원개발,6330000,0,0,6330000,0,0
2010,대구,2771000,대구달성군,일반회계,110,산업ㆍ중소기업,114,산업진흥ㆍ고도화,46285000,0,0,46285000,0,0
2010,대구,2771000,대구달성군,일반회계,110,산업ㆍ중소기업,113,무역및투자유치,2700000,0,0,2700000,0,0
2010,대구,2771000,대구달성군,일반회계,100,농림해양수산,103,해양수산ㆍ어촌,44000000,0,0,44000000,0,0
2010,대구,2771000,대구달성군,일반회계,100,농림해양수산,102,임업ㆍ산촌,8810869000,0,0,8810869000,0,0
2010,대구,2771000,대구달성군,일반회계,100,농림해양수산,101,농업ㆍ농촌,33911596000,0,0,33911596000,0,0
2010,대구,2771000,대구달성군,일반회계,090,보건,093,식품의약안전,225650000,0,0,225650000,0,0
2010,대구,2771000,대구달성군,일반회계,090,보건,091,보건의료,6503889000,0,0,6503889000,0,0
2010,대구,2771000,대구달성군,일반회계,080,사회복지,089,사회복지일반,120000000,0,0,120000000,0,0
2010,대구,2771000,대구달성군,일반회계,080,사회복지,087,보훈,320475000,0,0,320475000,0,0
2009,대구,2700000,대구본청,기타특별회계,070,환경보호,071,상하수도ㆍ수질,2400000000,0,0,2004000000,0,0
2009,대구,2700000,대구본청,일반회계,110,산업ㆍ중소기업,113,무역및투자유치,48790670000,0,0,48790670000,0,0
2009,대구,2700000,대구본청,일반회계,110,산업ㆍ중소기업,112,산업기술지원,0,0,0,0,0,0
2009,대구,2700000,대구본청,일반회계,110,산업ㆍ중소기업,111,산업금융지원,10751250000,0,0,10751250000,0,0
2009,대구,2700000,대구본청,일반회계,100,농림해양수산,102,임업ㆍ산촌,6446711000,0,0,1388207000,0,0
2009,대구,2700000,대구본청,일반회계,100,농림해양수산,101,농업ㆍ농촌,23804990000,50000000,0,7409611000,50000000,0
2009,대구,2700000,대구본청,일반회계,090,보건,093,식품의약안전,414820000,0,0,414820000,0,0
2009,대구,2700000,대구본청,일반회계,090,보건,091,보건의료,47758543000,49308776000,0,20343233000,0,0
2009,대구,2700000,대구본청,일반회계,080,사회복지,087,보훈,626443000,0,0,626443000,0,0
2009,대구,2700000,대구본청,일반회계,080,사회복지,086,노동,18104050000,0,0,6454050000,0,0
2009,대구,2700000,대구본청,일반회계,080,사회복지,085,노인ㆍ청소년,221257659000,0,0,44107461000,0,0
2009,대구,2700000,대구본청,일반회계,080,사회복지,084,보육ㆍ가족및여성,196789305000,200000000,0,6439402000,200000000,0
2009,대구,2700000,대구본청,일반회계,080,사회복지,082,취약계층지원,115970855000,400000000,0,17759620000,400000000,0
2009,대구,2700000,대구본청,일반회계,080,사회복지,081,기초생활보장,255651454000,0,0,260400000,0,0
2009,대구,2700000,대구본청,일반회계,070,환경보호,076,환경보호일반,682590000,0,0,682590000,0,0
2009,대구,2700000,대구본청,일반회계,070,환경보호,074,자연,2808311000,0,0,2808311000,0,0
2009,대구,2700000,대구본청,일반회계,070,환경보호,073,대기,31463584000,0,0,28993924000,0,0
2009,대구,2700000,대구본청,일반회계,070,환경보호,072,폐기물,27525872000,0,0,27325872000,0,0
2009,대구,2700000,대구본청,일반회계,070,환경보호,071,상하수도ㆍ수질,17804802000,3033000000,0,17179379000,0,0
2009,대구,2700000,대구본청,일반회계,060,문화및관광,064,문화재,6946908000,0,0,3034500000,0,0
2009,대구,2700000,대구본청,일반회계,060,문화및관광,063,체육,58707686000,10000000,0,54808034000,10000000,0
2009,대구,2700000,대구본청,일반회계,060,문화및관광,062,관광,12053665000,0,0,4179665000,0,0
2009,대구,2700000,대구본청,일반회계,060,문화및관광,061,문화예술,44906720000,0,0,42692570000,0,0
2009,대구,2700000,대구본청,일반회계,050,교육,053,평생ㆍ직업교육,320226828000,0,0,318091128000,0,0
2009,대구,2700000,대구본청,일반회계,050,교육,051,유아및초중등교육,0,0,0,0,0,0
2009,대구,2700000,대구본청,일반회계,020,공공질서및안전,025,재난방재ㆍ민방위,49191040000,7232530000,0,15631070000,7232530000,0
2009,대구,2700000,대구본청,일반회계,010,일반공공행정,016,일반행정,36659634000,0,0,34102685000,0,0
2009,대구,2700000,대구본청,일반회계,010,일반공공행정,014,재정ㆍ금융,0,191107585000,0,0,181440717000,0
2009,대구,2700000,대구본청,일반회계,010,일반공공행정,013,지방행정ㆍ재정지원,370593512000,0,0,725937000,0,0
2009,대구,2700000,대구본청,일반회계,010,일반공공행정,011,입법및선거관리,2988673000,0,0,2988673000,0,0
2009,대구,2700000,대구본청,기타특별회계,010,일반공공행정,014,재정ㆍ금융,0,105102725000,0,0,104502725000,0
2009,대구,2700000,대구본청,기타특별회계,010,일반공공행정,013,지방행정ㆍ재정지원,3733800000,0,0,0,0,0
2009,대구,2700000,대구본청,공기업특별회계,900,기타,901,기타,0,0,59951234000,4041000,0,59951234000
2009,대구,2700000,대구본청,공기업특별회계,070,환경보호,071,상하수도ㆍ수질,225001603000,46063891000,0,218551417000,45035891000,0
2009,대구,2700000,대구본청,공기업특별회계,010,일반공공행정,014,재정ㆍ금융,35395352000,13987920000,0,8495352000,13987920000,0
2009,대구,2700000,대구본청,일반회계,900,기타,901,기타,0,0,273844370000,0,0,273844370000
2009,대구,2700000,대구본청,일반회계,160,예비비,161,예비비,38846179000,0,0,38846179000,0,0
2009,대구,2700000,대구본청,일반회계,140,국토및지역개발,143,산업단지,1545450000,2021000000,0,1545450000,2000000000,0
2009,대구,2700000,대구본청,일반회계,140,국토및지역개발,142,지역및도시,64086707000,14000000000,0,49292895000,3000000000,0
2009,대구,2700000,대구본청,일반회계,140,국토및지역개발,141,수자원,3249246000,0,0,3049246000,0,0
2009,대구,2700000,대구본청,일반회계,120,수송및교통,126,대중교통ㆍ물류등기타,94442197000,329703799000,0,94442197000,2400000000,0
2009,대구,2700000,대구본청,일반회계,120,수송및교통,125,항공ㆍ공항,39478000,0,0,39478000,0,0
2009,대구,2700000,대구본청,일반회계,120,수송및교통,121,도로,155923619000,0,0,155923619000,0,0
2009,대구,2700000,대구본청,일반회계,110,산업ㆍ중소기업,116,산업ㆍ중소기업일반,2938850000,0,0,2938850000,0,0
2009,대구,2700000,대구본청,일반회계,110,산업ㆍ중소기업,115,에너지및자원개발,3635700000,0,0,3635700000,0,0
2009,대구,2700000,대구본청,일반회계,110,산업ㆍ중소기업,114,산업진흥ㆍ고도화,129454939000,0,0,115814439000,0,0
2009,대구,2700000,대구본청,기타특별회계,900,기타,901,기타,0,0,6688635000,0,0,6688635000
2009,대구,2700000,대구본청,기타특별회계,140,국토및지역개발,143,산업단지,23650307000,1429000000,0,23650307000,1429000000,0
2009,대구,2700000,대구본청,기타특별회계,140,국토및지역개발,142,지역및도시,16118000000,34400000000,0,16118000000,22073358000,0
2009,대구,2700000,대구본청,기타특별회계,120,수송및교통,126,대중교통ㆍ물류등기타,105248200000,0,0,103954870000,0,0
2009,대구,2700000,대구본청,기타특별회계,120,수송및교통,123,도시철도,468920928000,0,0,468920928000,0,0
2009,대구,2700000,대구본청,기타특별회계,120,수송및교통,121,도로,24100000000,0,0,24100000000,0,0
2009,대구,2700000,대구본청,기타특별회계,110,산업ㆍ중소기업,114,산업진흥ㆍ고도화,2003100000,0,0,2003100000,0,0
2009,대구,2700000,대구본청,기타특별회계,110,산업ㆍ중소기업,111,산업금융지원,38005305000,0,0,38005305000,0,0
2009,대구,2700000,대구본청,기타특별회계,080,사회복지,081,기초생활보장,246600000000,0,0,242908715000,0,0
2009,대구,2711000,대구중구,일반회계,140,국토및지역개발,142,지역및도시,3423243000,256331000,0,3423243000,256331000,0
2009,대구,2711000,대구중구,일반회계,120,수송및교통,126,대중교통ㆍ물류등기타,2178423000,311000000,0,2178423000,311000000,0
2009,대구,2711000,대구중구,일반회계,120,수송및교통,121,도로,6446456000,0,0,6446456000,0,0
2009,대구,2711000,대구중구,일반회계,110,산업ㆍ중소기업,115,에너지및자원개발,8270000,0,0,8270000,0,0
2009,대구,2711000,대구중구,일반회계,110,산업ㆍ중소기업,114,산업진흥ㆍ고도화,1592473000,8000000,0,1592473000,8000000,0
2009,대구,2711000,대구중구,일반회계,100,농림해양수산,101,농업ㆍ농촌,96289000,0,0,96289000,0,0
2009,대구,2711000,대구중구,일반회계,090,보건,093,식품의약안전,42225000,0,0,42225000,0,0
2009,대구,2711000,대구중구,일반회계,090,보건,091,보건의료,2460625000,0,0,2460625000,0,0
2009,대구,2711000,대구중구,일반회계,080,사회복지,087,보훈,12810000,0,0,12810000,0,0
2009,대구,2711000,대구중구,일반회계,080,사회복지,086,노동,1093901000,0,0,1093901000,0,0
2009,대구,2711000,대구중구,일반회계,080,사회복지,085,노인ㆍ청소년,11693597000,0,0,11693597000,0,0
2009,대구,2711000,대구중구,일반회계,080,사회복지,084,보육ㆍ가족및여성,4631274000,0,0,4631274000,0,0
2009,대구,2711000,대구중구,일반회계,080,사회복지,082,취약계층지원,6744042000,0,0,6744042000,0,0
2009,대구,2711000,대구중구,일반회계,080,사회복지,081,기초생활보장,13147478000,0,0,13147478000,0,0
2009,대구,2711000,대구중구,일반회계,070,환경보호,073,대기,61156000,0,0,61156000,0,0
2009,대구,2711000,대구중구,일반회계,070,환경보호,072,폐기물,3093667000,0,0,3093667000,0,0
2009,대구,2711000,대구중구,일반회계,070,환경보호,071,상하수도ㆍ수질,41970000,0,0,41970000,0,0
2009,대구,2711000,대구중구,일반회계,060,문화및관광,064,문화재,354095000,0,0,354095000,0,0
2009,대구,2711000,대구중구,일반회계,060,문화및관광,063,체육,668425000,0,0,668425000,0,0
2009,대구,2711000,대구중구,일반회계,060,문화및관광,062,관광,26020000,0,0,26020000,0,0
2009,대구,2711000,대구중구,일반회계,060,문화및관광,061,문화예술,2172995000,0,0,2172995000,0,0
2009,대구,2711000,대구중구,일반회계,050,교육,053,평생ㆍ직업교육,18360000,0,0,18360000,0,0
2009,대구,2711000,대구중구,일반회계,020,공공질서및안전,025,재난방재ㆍ민방위,158197000,111460000,0,158197000,111460000,0
2009,대구,2711000,대구중구,일반회계,010,일반공공행정,016,일반행정,6937746000,0,0,6937746000,0,0
2009,대구,2711000,대구중구,일반회계,010,일반공공행정,014,재정ㆍ금융,0,1256350000,0,0,633665000,0
2009,대구,2711000,대구중구,일반회계,010,일반공공행정,013,지방행정ㆍ재정지원,239618000,0,0,239618000,0,0
2009,대구,2711000,대구중구,일반회계,010,일반공공행정,011,입법및선거관리,522838000,0,0,522838000,0,0
2009,대구,2711000,대구중구,기타특별회계,900,기타,901,기타,0,0,0,0,0,0
2009,대구,2711000,대구중구,기타특별회계,080,사회복지,088,주택,1158000000,0,0,1158000000,0,0
2009,대구,2711000,대구중구,기타특별회계,080,사회복지,081,기초생활보장,241555000,13445000,0,241555000,11445000,0
2009,대구,2711000,대구중구,일반회계,900,기타,901,기타,0,0,40901024000,4184314000,0,40901024000
2009,대구,2711000,대구중구,일반회계,160,예비비,161,예비비,3489642000,0,0,3489642000,0,0
2009,대구,2712000,대구동구,일반회계,010,일반공공행정,011,입법및선거관리,898068000,0,0,898068000,0,0
2009,대구,2712000,대구동구,기타특별회계,900,기타,901,기타,0,0,844201000,28000000,0,844201000
2009,대구,2712000,대구동구,기타특별회계,140,국토및지역개발,142,지역및도시,5000000,32000000,0,5000000,32000000,0
2009,대구,2712000,대구동구,기타특별회계,120,수송및교통,126,대중교통ㆍ물류등기타,1387799000,0,0,1387799000,0,0
2009,대구,2712000,대구동구,기타특별회계,080,사회복지,081,기초생활보장,1803500000,20500000,0,1803500000,18500000,0
2009,대구,2712000,대구동구,기타특별회계,070,환경보호,072,폐기물,11424000000,0,0,10957406000,0,0
2009,대구,2712000,대구동구,일반회계,900,기타,901,기타,0,0,56745264000,4449520000,0,56745264000
2009,대구,2712000,대구동구,일반회계,160,예비비,161,예비비,2827429000,0,0,2827429000,0,0
2009,대구,2712000,대구동구,일반회계,140,국토및지역개발,142,지역및도시,2903722000,106036000,0,2903722000,106036000,0
2009,대구,2712000,대구동구,일반회계,140,국토및지역개발,141,수자원,15323108000,0,0,15323108000,0,0
2009,대구,2712000,대구동구,일반회계,120,수송및교통,126,대중교통ㆍ물류등기타,124819000,0,0,124819000,0,0
2009,대구,2712000,대구동구,일반회계,120,수송및교통,121,도로,2808905000,0,0,2808905000,0,0
2009,대구,2712000,대구동구,일반회계,110,산업ㆍ중소기업,114,산업진흥ㆍ고도화,4595791000,0,0,4595791000,0,0
2009,대구,2712000,대구동구,일반회계,100,농림해양수산,102,임업ㆍ산촌,3560376000,0,0,3560376000,0,0
2009,대구,2712000,대구동구,일반회계,100,농림해양수산,101,농업ㆍ농촌,2445872000,0,0,2445872000,0,0
2009,대구,2712000,대구동구,일반회계,090,보건,093,식품의약안전,40480000,0,0,40480000,0,0
2009,대구,2712000,대구동구,일반회계,090,보건,091,보건의료,5596298000,0,0,5596298000,0,0
2009,대구,2712000,대구동구,일반회계,080,사회복지,089,사회복지일반,4422583000,0,0,4422583000,0,0
2009,대구,2712000,대구동구,일반회계,080,사회복지,085,노인ㆍ청소년,38418779000,0,0,38418779000,0,0
2009,대구,2712000,대구동구,일반회계,080,사회복지,084,보육ㆍ가족및여성,26258451000,0,0,26258451000,0,0
2009,대구,2712000,대구동구,일반회계,080,사회복지,082,취약계층지원,19804784000,0,0,19804784000,0,0
2009,대구,2712000,대구동구,일반회계,080,사회복지,081,기초생활보장,42664959000,0,0,42664959000,0,0
2009,대구,2712000,대구동구,일반회계,070,환경보호,076,환경보호일반,4161000,0,0,4161000,0,0
2009,대구,2712000,대구동구,일반회계,070,환경보호,073,대기,385503000,0,0,385503000,0,0
2009,대구,2712000,대구동구,일반회계,070,환경보호,072,폐기물,6821229000,0,0,6821229000,0,0
2009,대구,2712000,대구동구,일반회계,070,환경보호,071,상하수도ㆍ수질,724776000,0,0,724776000,0,0
2009,대구,2712000,대구동구,일반회계,060,문화및관광,064,문화재,3000660000,0,0,3000660000,0,0
2009,대구,2712000,대구동구,일반회계,060,문화및관광,063,체육,739133000,0,0,739133000,0,0
2009,대구,2712000,대구동구,일반회계,060,문화및관광,062,관광,2726430000,0,0,2726430000,0,0
2009,대구,2712000,대구동구,일반회계,060,문화및관광,061,문화예술,2161878000,0,0,2161878000,0,0
2009,대구,2712000,대구동구,일반회계,050,교육,053,평생ㆍ직업교육,177781000,0,0,177781000,0,0
2009,대구,2712000,대구동구,일반회계,020,공공질서및안전,025,재난방재ㆍ민방위,555261000,137530000,0,555261000,137530000,0
2009,대구,2712000,대구동구,일반회계,010,일반공공행정,016,일반행정,11034095000,1275000000,0,11034095000,80000000,0
2009,대구,2712000,대구동구,일반회계,010,일반공공행정,013,지방행정ㆍ재정지원,710839000,0,0,710839000,0,0
2009,대구,2713000,대구서구,일반회계,080,사회복지,089,사회복지일반,2466123000,0,0,2466123000,0,0
2009,대구,2713000,대구서구,일반회계,080,사회복지,086,노동,1803890000,0,0,1803890000,0,0
2009,대구,2713000,대구서구,일반회계,080,사회복지,085,노인ㆍ청소년,23807646000,0,0,23807646000,0,0
2009,대구,2713000,대구서구,일반회계,080,사회복지,084,보육ㆍ가족및여성,19920879000,0,0,19920879000,0,0
2009,대구,2713000,대구서구,일반회계,080,사회복지,082,취약계층지원,3652850000,0,0,3652850000,0,0
2009,대구,2713000,대구서구,일반회계,080,사회복지,081,기초생활보장,24154601000,0,0,24154601000,0,0
2009,대구,2713000,대구서구,일반회계,070,환경보호,076,환경보호일반,59720000,0,0,59720000,0,0
2009,대구,2713000,대구서구,일반회계,070,환경보호,073,대기,303267000,0,0,303267000,0,0
2009,대구,2713000,대구서구,일반회계,070,환경보호,072,폐기물,5505692000,0,0,5505692000,0,0
2009,대구,2713000,대구서구,일반회계,070,환경보호,071,상하수도ㆍ수질,296091000,0,0,296091000,0,0
2009,대구,2713000,대구서구,일반회계,060,문화및관광,063,체육,967983000,0,0,967983000,0,0
2009,대구,2713000,대구서구,일반회계,060,문화및관광,061,문화예술,780947000,0,0,780947000,0,0
2009,대구,2713000,대구서구,일반회계,050,교육,053,평생ㆍ직업교육,141300000,0,0,141300000,0,0
2009,대구,2713000,대구서구,일반회계,020,공공질서및안전,025,재난방재ㆍ민방위,372299000,88562000,0,372299000,88562000,0
2009,대구,2713000,대구서구,일반회계,010,일반공공행정,016,일반행정,8136321000,0,0,8136321000,0,0
2009,대구,2713000,대구서구,일반회계,010,일반공공행정,014,재정ㆍ금융,0,1787800000,0,0,1537800000,0
2009,대구,2713000,대구서구,일반회계,010,일반공공행정,013,지방행정ㆍ재정지원,234165000,0,0,234165000,0,0
2009,대구,2713000,대구서구,일반회계,010,일반공공행정,011,입법및선거관리,653394000,0,0,653394000,0,0
2009,대구,2713000,대구서구,기타특별회계,900,기타,901,기타,0,0,25455000,300000000,0,25455000
2009,대구,2713000,대구서구,기타특별회계,080,사회복지,082,취약계층지원,330205000,0,0,330205000,0,0
2009,대구,2713000,대구서구,기타특별회계,080,사회복지,081,기초생활보장,0,17340000,0,0,15340000,0
2009,대구,2713000,대구서구,일반회계,900,기타,901,기타,0,0,48761562000,4281000000,0,48761562000
2009,대구,2713000,대구서구,일반회계,160,예비비,161,예비비,1971490000,0,0,1971490000,0,0
2009,대구,2713000,대구서구,일반회계,140,국토및지역개발,142,지역및도시,1787657000,0,0,1787657000,0,0
2009,대구,2713000,대구서구,일반회계,120,수송및교통,126,대중교통ㆍ물류등기타,1328276000,0,0,1328276000,0,0
2009,대구,2713000,대구서구,일반회계,120,수송및교통,121,도로,1501312000,0,0,1501312000,0,0
2009,대구,2713000,대구서구,일반회계,110,산업ㆍ중소기업,115,에너지및자원개발,3737000,0,0,3737000,0,0
2009,대구,2713000,대구서구,일반회계,110,산업ㆍ중소기업,114,산업진흥ㆍ고도화,262510000,0,0,262510000,0,0
2009,대구,2713000,대구서구,일반회계,100,농림해양수산,102,임업ㆍ산촌,222609000,0,0,222609000,0,0
2009,대구,2713000,대구서구,일반회계,100,농림해양수산,101,농업ㆍ농촌,203856000,0,0,203856000,0,0
2009,대구,2713000,대구서구,일반회계,090,보건,093,식품의약안전,39340000,0,0,39340000,0,0
2009,대구,2713000,대구서구,일반회계,090,보건,091,보건의료,3784121000,0,0,3784121000,0,0
2009,대구,2714000,대구남구,일반회계,070,환경보호,071,상하수도ㆍ수질,174376000,0,0,174376000,0,0
2009,대구,2714000,대구남구,일반회계,060,문화및관광,064,문화재,52800000,0,0,52800000,0,0
2009,대구,2714000,대구남구,일반회계,060,문화및관광,063,체육,495457000,0,0,495457000,0,0
2009,대구,2714000,대구남구,일반회계,060,문화및관광,061,문화예술,1009090000,0,0,1009090000,0,0
2009,대구,2714000,대구남구,일반회계,050,교육,053,평생ㆍ직업교육,19000000,0,0,19000000,0,0
2009,대구,2714000,대구남구,일반회계,050,교육,051,유아및초중등교육,129660000,0,0,129660000,0,0
2009,대구,2714000,대구남구,일반회계,020,공공질서및안전,025,재난방재ㆍ민방위,277719000,58370000,0,277719000,58370000,0
2009,대구,2714000,대구남구,일반회계,010,일반공공행정,016,일반행정,7637105000,0,0,7637105000,0,0
2009,대구,2714000,대구남구,일반회계,010,일반공공행정,013,지방행정ㆍ재정지원,318660000,0,0,318660000,0,0
2009,대구,2714000,대구남구,일반회계,010,일반공공행정,011,입법및선거관리,605875000,0,0,605875000,0,0
2009,대구,2714000,대구남구,기타특별회계,900,기타,901,기타,0,40580000,457203000,0,36980000,457203000
2009,대구,2714000,대구남구,기타특별회계,160,예비비,161,예비비,23702000,0,0,23702000,0,0
2009,대구,2714000,대구남구,기타특별회계,140,국토및지역개발,142,지역및도시,0,0,0,0,0,0
2009,대구,2714000,대구남구,기타특별회계,120,수송및교통,126,대중교통ㆍ물류등기타,2194550000,0,0,2194550000,0,0
2009,대구,2714000,대구남구,기타특별회계,080,사회복지,082,취약계층지원,1649000000,0,0,1649000000,0,0
2009,대구,2714000,대구남구,기타특별회계,080,사회복지,081,기초생활보장,319965000,0,0,319965000,0,0
2009,대구,2714000,대구남구,일반회계,900,기타,901,기타,0,1084694000,38215697000,3281000000,584694000,38215697000
2009,대구,2714000,대구남구,일반회계,160,예비비,161,예비비,2876101000,0,0,2876101000,0,0
2009,대구,2714000,대구남구,일반회계,140,국토및지역개발,142,지역및도시,2257420000,0,0,2257420000,0,0
2009,대구,2714000,대구남구,일반회계,120,수송및교통,126,대중교통ㆍ물류등기타,66660000,0,0,66660000,0,0
2009,대구,2714000,대구남구,일반회계,120,수송및교통,121,도로,1253792000,0,0,1253792000,0,0
2009,대구,2714000,대구남구,일반회계,110,산업ㆍ중소기업,115,에너지및자원개발,2989000,0,0,2989000,0,0
2009,대구,2714000,대구남구,일반회계,110,산업ㆍ중소기업,114,산업진흥ㆍ고도화,4827275000,0,0,4827275000,0,0
2009,대구,2714000,대구남구,일반회계,100,농림해양수산,102,임업ㆍ산촌,175192000,0,0,175192000,0,0
2009,대구,2714000,대구남구,일반회계,100,농림해양수산,101,농업ㆍ농촌,206828000,0,0,206828000,0,0
2009,대구,2714000,대구남구,일반회계,090,보건,093,식품의약안전,101220000,0,0,101220000,0,0
2009,대구,2714000,대구남구,일반회계,090,보건,091,보건의료,6553844000,0,0,6553844000,0,0
2009,대구,2714000,대구남구,일반회계,080,사회복지,087,보훈,18400000,0,0,18400000,0,0
2009,대구,2714000,대구남구,일반회계,080,사회복지,086,노동,1470520000,0,0,1470520000,0,0
2009,대구,2714000,대구남구,일반회계,080,사회복지,085,노인ㆍ청소년,18238788000,0,0,18238788000,0,0
2009,대구,2714000,대구남구,일반회계,080,사회복지,084,보육ㆍ가족및여성,13343134000,0,0,13343134000,0,0
2009,대구,2714000,대구남구,일반회계,080,사회복지,082,취약계층지원,11970987000,0,0,11970987000,0,0
2009,대구,2714000,대구남구,일반회계,080,사회복지,081,기초생활보장,23145044000,40000000,0,23145044000,40000000,0
2009,대구,2714000,대구남구,일반회계,070,환경보호,076,환경보호일반,38459000,0,0,38459000,0,0
2009,대구,2714000,대구남구,일반회계,070,환경보호,073,대기,77401000,0,0,77401000,0,0
2009,대구,2714000,대구남구,일반회계,070,환경보호,072,폐기물,4357443000,0,0,4357443000,0,0
2009,대구,2715000,대구북구,일반회계,900,기타,901,기타,0,0,58586454000,1582000000,0,58586454000
2009,대구,2715000,대구북구,일반회계,160,예비비,161,예비비,3046590000,0,0,3046590000,0,0
2009,대구,2715000,대구북구,일반회계,140,국토및지역개발,142,지역및도시,4335366000,1626824000,0,4335366000,1526824000,0
2009,대구,2715000,대구북구,일반회계,140,국토및지역개발,141,수자원,2838469000,0,0,2838469000,0,0
2009,대구,2715000,대구북구,일반회계,120,수송및교통,126,대중교통ㆍ물류등기타,331968000,3000000,0,331968000,3000000,0
2009,대구,2715000,대구북구,일반회계,120,수송및교통,121,도로,3522563000,0,0,3522563000,0,0
2009,대구,2715000,대구북구,일반회계,110,산업ㆍ중소기업,116,산업ㆍ중소기업일반,1651870000,0,0,1651870000,0,0
2009,대구,2715000,대구북구,일반회계,100,농림해양수산,102,임업ㆍ산촌,1235488000,170000000,0,1235488000,170000000,0
2009,대구,2715000,대구북구,일반회계,100,농림해양수산,101,농업ㆍ농촌,1415795000,0,0,1415795000,0,0
2009,대구,2715000,대구북구,일반회계,090,보건,093,식품의약안전,31900000,0,0,31900000,0,0
2009,대구,2715000,대구북구,일반회계,090,보건,091,보건의료,6896655000,0,0,6896655000,0,0
2009,대구,2715000,대구북구,일반회계,080,사회복지,086,노동,2296340000,0,0,2296340000,0,0
2009,대구,2715000,대구북구,일반회계,080,사회복지,085,노인ㆍ청소년,35597735000,0,0,35597735000,0,0
2009,대구,2715000,대구북구,일반회계,080,사회복지,084,보육ㆍ가족및여성,46073426000,0,0,46073426000,0,0
2009,대구,2715000,대구북구,일반회계,080,사회복지,082,취약계층지원,16021055000,0,0,16021055000,0,0
2009,대구,2715000,대구북구,일반회계,080,사회복지,081,기초생활보장,41418893000,0,0,41418893000,0,0
2009,대구,2715000,대구북구,일반회계,070,환경보호,076,환경보호일반,106948000,0,0,106948000,0,0
2009,대구,2715000,대구북구,일반회계,070,환경보호,073,대기,108415000,0,0,108415000,0,0
2009,대구,2715000,대구북구,일반회계,070,환경보호,072,폐기물,9460854000,3000000,802620000,9460854000,3000000,802620000
2009,대구,2715000,대구북구,일반회계,070,환경보호,071,상하수도ㆍ수질,49110000,0,0,49110000,0,0
2009,대구,2715000,대구북구,일반회계,060,문화및관광,064,문화재,325152000,0,0,325152000,0,0
2009,대구,2715000,대구북구,일반회계,060,문화및관광,063,체육,815342000,0,0,815342000,0,0
2009,대구,2715000,대구북구,일반회계,060,문화및관광,061,문화예술,1468623000,0,0,1468623000,0,0
2009,대구,2715000,대구북구,일반회계,020,공공질서및안전,025,재난방재ㆍ민방위,3843970000,188036000,0,3843970000,188036000,0
2009,대구,2715000,대구북구,일반회계,010,일반공공행정,016,일반행정,12837159000,1991646000,0,12837159000,1491646000,0
2009,대구,2715000,대구북구,일반회계,010,일반공공행정,013,지방행정ㆍ재정지원,491128000,0,0,491128000,0,0
2009,대구,2715000,대구북구,일반회계,010,일반공공행정,011,입법및선거관리,1107606000,0,0,1107606000,0,0
2009,대구,2715000,대구북구,기타특별회계,900,기타,901,기타,0,0,690159000,0,0,690159000
2009,대구,2715000,대구북구,기타특별회계,140,국토및지역개발,142,지역및도시,445000000,55000000,0,445000000,55000000,0
2009,대구,2715000,대구북구,기타특별회계,120,수송및교통,126,대중교통ㆍ물류등기타,4320296000,6000000,0,4320296000,6000000,0
2009,대구,2715000,대구북구,기타특별회계,080,사회복지,081,기초생활보장,652015000,271530000,0,652015000,267530000,0
2009,대구,2715000,대구북구,기타특별회계,070,환경보호,072,폐기물,5060000000,0,0,5060000000,0,0
2009,대구,2716000,대구수성구,일반회계,100,농림해양수산,101,농업ㆍ농촌,1784639000,0,0,1784639000,0,0
2009,대구,2716000,대구수성구,일반회계,090,보건,093,식품의약안전,169930000,0,0,169930000,0,0
2009,대구,2716000,대구수성구,일반회계,090,보건,091,보건의료,5964372000,0,0,5964372000,0,0
2009,대구,2716000,대구수성구,일반회계,080,사회복지,087,보훈,37800000,0,0,37800000,0,0
2009,대구,2716000,대구수성구,일반회계,080,사회복지,086,노동,1764933000,0,0,1764933000,0,0
2009,대구,2716000,대구수성구,일반회계,080,사회복지,085,노인ㆍ청소년,30834667000,0,0,30834667000,0,0
2009,대구,2716000,대구수성구,일반회계,080,사회복지,084,보육ㆍ가족및여성,34075817000,0,0,34075817000,0,0
2009,대구,2716000,대구수성구,일반회계,080,사회복지,082,취약계층지원,60356126000,100000000,0,60356126000,100000000,0
2009,대구,2716000,대구수성구,일반회계,080,사회복지,081,기초생활보장,5438370000,0,0,5438370000,0,0
2009,대구,2716000,대구수성구,일반회계,070,환경보호,076,환경보호일반,209153000,0,0,209153000,0,0
2009,대구,2716000,대구수성구,일반회계,070,환경보호,073,대기,258062000,0,0,258062000,0,0
2009,대구,2716000,대구수성구,일반회계,070,환경보호,072,폐기물,9280994000,0,0,9280994000,0,0
2009,대구,2716000,대구수성구,일반회계,070,환경보호,071,상하수도ㆍ수질,61183000,0,0,61183000,0,0
2009,대구,2716000,대구수성구,일반회계,060,문화및관광,064,문화재,107476000,0,0,107476000,0,0
2009,대구,2716000,대구수성구,일반회계,060,문화및관광,063,체육,1408899000,0,0,1408899000,0,0
2009,대구,2716000,대구수성구,일반회계,060,문화및관광,061,문화예술,4615558000,0,0,4615558000,0,0
2009,대구,2716000,대구수성구,일반회계,050,교육,053,평생ㆍ직업교육,166160000,0,0,166160000,0,0
2009,대구,2716000,대구수성구,일반회계,050,교육,051,유아및초중등교육,934100000,0,0,934100000,0,0
2009,대구,2716000,대구수성구,일반회계,020,공공질서및안전,025,재난방재ㆍ민방위,656009000,255339000,0,656009000,255339000,0
2009,대구,2716000,대구수성구,일반회계,010,일반공공행정,016,일반행정,12121692000,0,0,12121692000,0,0
2009,대구,2716000,대구수성구,일반회계,010,일반공공행정,014,재정ㆍ금융,0,1320200000,0,0,720200000,0
2009,대구,2716000,대구수성구,일반회계,010,일반공공행정,013,지방행정ㆍ재정지원,1589385000,0,0,1589385000,0,0
2009,대구,2716000,대구수성구,일반회계,010,일반공공행정,011,입법및선거관리,1299274000,0,0,1299274000,0,0
2009,대구,2716000,대구수성구,기타특별회계,900,기타,901,기타,0,0,667673000,0,0,667673000
2009,대구,2716000,대구수성구,기타특별회계,140,국토및지역개발,142,지역및도시,37184000,1125816000,0,37184000,1125816000,0
2009,대구,2716000,대구수성구,기타특별회계,120,수송및교통,126,대중교통ㆍ물류등기타,3077782000,5700000000,0,3077782000,5700000000,0
2009,대구,2716000,대구수성구,기타특별회계,080,사회복지,082,취약계층지원,2541910000,4635000,0,2541910000,0,0
2009,대구,2716000,대구수성구,기타특별회계,080,사회복지,081,기초생활보장,0,0,0,0,0,0
2009,대구,2716000,대구수성구,일반회계,900,기타,901,기타,0,0,58530838000,4793000000,0,58530838000
2009,대구,2716000,대구수성구,일반회계,160,예비비,161,예비비,6394666000,0,0,6394666000,0,0
2009,대구,2716000,대구수성구,일반회계,140,국토및지역개발,142,지역및도시,8482350000,0,0,8482350000,0,0
2009,대구,2716000,대구수성구,일반회계,140,국토및지역개발,141,수자원,4234870000,0,0,4234870000,0,0
2009,대구,2716000,대구수성구,일반회계,120,수송및교통,126,대중교통ㆍ물류등기타,287212000,0,0,287212000,0,0
2009,대구,2716000,대구수성구,일반회계,120,수송및교통,121,도로,8065937000,0,0,8065937000,0,0
2009,대구,2716000,대구수성구,일반회계,110,산업ㆍ중소기업,115,에너지및자원개발,8418000,0,0,8418000,0,0
2009,대구,2716000,대구수성구,일반회계,110,산업ㆍ중소기업,114,산업진흥ㆍ고도화,29795000,0,0,29795000,0,0
2009,대구,2716000,대구수성구,일반회계,100,농림해양수산,102,임업ㆍ산촌,1255776000,0,0,1255776000,0,0
2009,대구,2717000,대구달서구,일반회계,080,사회복지,084,보육ㆍ가족및여성,44887114000,0,0,44887114000,0,0
2009,대구,2717000,대구달서구,일반회계,080,사회복지,082,취약계층지원,16917707000,0,0,16917707000,0,0
2009,대구,2717000,대구달서구,일반회계,080,사회복지,081,기초생활보장,58807002000,0,0,58807002000,0,0
2009,대구,2717000,대구달서구,일반회계,070,환경보호,076,환경보호일반,147323000,0,0,147323000,0,0
2009,대구,2717000,대구달서구,일반회계,070,환경보호,073,대기,179680000,0,0,179680000,0,0
2009,대구,2717000,대구달서구,일반회계,070,환경보호,072,폐기물,11057742000,0,0,11057742000,0,0
2009,대구,2717000,대구달서구,일반회계,070,환경보호,071,상하수도ㆍ수질,1549470000,0,0,1549470000,0,0
2009,대구,2717000,대구달서구,일반회계,060,문화및관광,063,체육,1256144000,0,0,1256144000,0,0
2009,대구,2717000,대구달서구,일반회계,060,문화및관광,061,문화예술,4247700000,537750000,0,4247700000,537750000,0
2009,대구,2717000,대구달서구,일반회계,050,교육,053,평생ㆍ직업교육,478793000,0,0,478793000,0,0
2009,대구,2717000,대구달서구,일반회계,020,공공질서및안전,025,재난방재ㆍ민방위,873723000,276190000,0,873723000,276190000,0
2009,대구,2717000,대구달서구,일반회계,010,일반공공행정,016,일반행정,14516709000,681500000,0,14516709000,431500000,0
2009,대구,2717000,대구달서구,일반회계,010,일반공공행정,013,지방행정ㆍ재정지원,783186000,0,0,783186000,0,0
2009,대구,2717000,대구달서구,일반회계,010,일반공공행정,011,입법및선거관리,1371844000,0,0,1371844000,0,0
2009,대구,2717000,대구달서구,기타특별회계,900,기타,901,기타,0,0,886381000,0,0,886381000
2009,대구,2717000,대구달서구,기타특별회계,140,국토및지역개발,142,지역및도시,754000000,0,0,754000000,0,0
2009,대구,2717000,대구달서구,기타특별회계,120,수송및교통,126,대중교통ㆍ물류등기타,8488619000,0,0,8488619000,0,0
2009,대구,2717000,대구달서구,기타특별회계,080,사회복지,081,기초생활보장,2696005000,16995000,0,2696005000,14995000,0
2009,대구,2717000,대구달서구,일반회계,900,기타,901,기타,0,0,64893295000,1518000000,0,64893295000
2009,대구,2717000,대구달서구,일반회계,160,예비비,161,예비비,6073536000,0,0,6073536000,0,0
2009,대구,2717000,대구달서구,일반회계,140,국토및지역개발,142,지역및도시,6042034000,1503075000,0,6042034000,1503075000,0
2009,대구,2717000,대구달서구,일반회계,120,수송및교통,126,대중교통ㆍ물류등기타,470374000,0,0,470374000,0,0
2009,대구,2717000,대구달서구,일반회계,120,수송및교통,121,도로,6625140000,0,0,6625140000,0,0
2009,대구,2717000,대구달서구,일반회계,110,산업ㆍ중소기업,114,산업진흥ㆍ고도화,3906093000,0,0,3906093000,0,0
2009,대구,2717000,대구달서구,일반회계,100,농림해양수산,101,농업ㆍ농촌,1018439000,0,0,1018439000,0,0
2009,대구,2717000,대구달서구,일반회계,090,보건,093,식품의약안전,52072000,0,0,52072000,0,0
2009,대구,2717000,대구달서구,일반회계,090,보건,091,보건의료,7196433000,0,0,7196433000,0,0
2009,대구,2717000,대구달서구,일반회계,080,사회복지,087,보훈,35940000,0,0,35940000,0,0
2009,대구,2717000,대구달서구,일반회계,080,사회복지,086,노동,2400440000,0,0,2400440000,0,0
2009,대구,2717000,대구달서구,일반회계,080,사회복지,085,노인ㆍ청소년,36913552000,0,0,36913552000,0,0
2009,대구,2771000,대구달성군,기타특별회계,010,일반공공행정,016,일반행정,1220000000,0,0,1220000000,0,0
2009,대구,2771000,대구달성군,일반회계,900,기타,901,기타,0,4604704000,43751537000,2139131000,3215704000,43751537000
2009,대구,2771000,대구달성군,일반회계,160,예비비,161,예비비,7150440000,0,0,7150440000,0,0
2009,대구,2771000,대구달성군,일반회계,140,국토및지역개발,142,지역및도시,14554291000,0,0,14554291000,0,0
2009,대구,2771000,대구달성군,일반회계,140,국토및지역개발,141,수자원,6829403000,0,0,6829403000,0,0
2009,대구,2771000,대구달성군,일반회계,120,수송및교통,126,대중교통ㆍ물류등기타,11437452000,0,0,11437452000,0,0
2009,대구,2771000,대구달성군,일반회계,120,수송및교통,121,도로,43662467000,0,0,43662467000,0,0
2009,대구,2771000,대구달성군,일반회계,110,산업ㆍ중소기업,116,산업ㆍ중소기업일반,3796223000,0,0,3796223000,0,0
2009,대구,2771000,대구달성군,일반회계,110,산업ㆍ중소기업,115,에너지및자원개발,8086000,0,0,8086000,0,0
2009,대구,2771000,대구달성군,일반회계,110,산업ㆍ중소기업,114,산업진흥ㆍ고도화,45145000,0,0,45145000,0,0
2009,대구,2771000,대구달성군,일반회계,110,산업ㆍ중소기업,113,무역및투자유치,2700000,0,0,2700000,0,0
2009,대구,2771000,대구달성군,일반회계,100,농림해양수산,102,임업ㆍ산촌,5773526000,0,0,5773526000,0,0
2009,대구,2771000,대구달성군,일반회계,100,농림해양수산,101,농업ㆍ농촌,37557173000,0,0,37557173000,0,0
2009,대구,2771000,대구달성군,일반회계,090,보건,093,식품의약안전,173401000,0,0,173401000,0,0
2009,대구,2771000,대구달성군,일반회계,090,보건,091,보건의료,4545323000,0,0,4545323000,0,0
2009,대구,2771000,대구달성군,일반회계,080,사회복지,089,사회복지일반,1120000000,0,0,1120000000,0,0
2009,대구,2771000,대구달성군,일반회계,080,사회복지,087,보훈,341520000,0,0,341520000,0,0
2009,대구,2771000,대구달성군,일반회계,080,사회복지,086,노동,1688820000,0,0,1688820000,0,0
2009,대구,2771000,대구달성군,일반회계,080,사회복지,085,노인ㆍ청소년,18907094000,0,0,18907094000,0,0
2009,대구,2771000,대구달성군,일반회계,080,사회복지,084,보육ㆍ가족및여성,18599812000,0,0,18599812000,0,0
2009,대구,2771000,대구달성군,일반회계,080,사회복지,082,취약계층지원,6988190000,0,0,6988190000,0,0
2009,대구,2771000,대구달성군,일반회계,080,사회복지,081,기초생활보장,13876003000,0,0,13876003000,0,0
2009,대구,2771000,대구달성군,일반회계,070,환경보호,074,자연,1115890000,0,0,1115890000,0,0
2009,대구,2771000,대구달성군,일반회계,070,환경보호,073,대기,87195000,0,0,87195000,0,0
2009,대구,2771000,대구달성군,일반회계,070,환경보호,072,폐기물,3427564000,0,0,3427564000,0,0
2009,대구,2771000,대구달성군,일반회계,070,환경보호,071,상하수도ㆍ수질,1299537000,0,0,1299537000,0,0
2009,대구,2771000,대구달성군,일반회계,060,문화및관광,064,문화재,1724744000,0,0,1724744000,0,0
2009,대구,2771000,대구달성군,일반회계,060,문화및관광,063,체육,11345097000,0,0,11345097000,0,0
2009,대구,2771000,대구달성군,일반회계,060,문화및관광,062,관광,7345606000,0,0,7345606000,0,0
2009,대구,2771000,대구달성군,일반회계,060,문화및관광,061,문화예술,666504000,0,0,666504000,0,0
2009,대구,2771000,대구달성군,일반회계,050,교육,053,평생ㆍ직업교육,356304000,0,0,356304000,0,0
2009,대구,2771000,대구달성군,일반회계,050,교육,052,고등교육,0,0,0,0,0,0
2009,대구,2771000,대구달성군,일반회계,050,교육,051,유아및초중등교육,1998650000,0,0,1998650000,0,0
2009,대구,2771000,대구달성군,일반회계,020,공공질서및안전,025,재난방재ㆍ민방위,19971415000,0,0,19971415000,0,0
2009,대구,2771000,대구달성군,일반회계,010,일반공공행정,016,일반행정,11070763000,0,0,11070763000,0,0
2009,대구,2771000,대구달성군,일반회계,010,일반공공행정,013,지방행정ㆍ재정지원,2134293000,0,0,2134293000,0,0
2009,대구,2771000,대구달성군,일반회계,010,일반공공행정,011,입법및선거관리,543128000,0,0,543128000,0,0
2009,대구,2771000,대구달성군,기타특별회계,900,기타,901,기타,0,50090000,447880000,0,42472000,447880000
2009,대구,2771000,대구달성군,기타특별회계,140,국토및지역개발,143,산업단지,765000000,0,0,765000000,0,0
2009,대구,2771000,대구달성군,기타특별회계,140,국토및지역개발,142,지역및도시,7080000000,0,0,7080000000,0,0
2009,대구,2771000,대구달성군,기타특별회계,140,국토및지역개발,141,수자원,6979120000,0,0,6979120000,0,0
2009,대구,2771000,대구달성군,기타특별회계,080,사회복지,082,취약계층지원,327910000,0,0,327910000,0,0
2009,대구,2771000,대구달성군,기타특별회계,070,환경보호,072,폐기물,4630000000,0,0,4630000000,0,0
2008,대구,2700000,대구본청,일반회계,120,수송및교통,121,도로,113421266000,56542500000,0,111550266000,54542500000,0
2008,대구,2700000,대구본청,기타특별회계,070,환경보호,071,상하수도ㆍ수질,2500000000,0,0,2012000000,0,0
2008,대구,2700000,대구본청,공기업특별회계,070,환경보호,071,상하수도ㆍ수질,284331041000,44932442000,0,279241674000,44074973000,0
2008,대구,2700000,대구본청,일반회계,070,환경보호,076,환경보호일반,3601850000,0,0,450850000,0,0
2008,대구,2700000,대구본청,일반회계,070,환경보호,074,자연,2160350000,0,0,2160350000,0,0
2008,대구,2700000,대구본청,일반회계,070,환경보호,073,대기,11261008000,0,0,10913008000,0,0
2008,대구,2700000,대구본청,일반회계,070,환경보호,072,폐기물,47845711000,9408660000,0,47489711000,8512800000,0
2008,대구,2700000,대구본청,일반회계,070,환경보호,071,상하수도ㆍ수질,1820458000,1443000000,0,1486150000,0,0
2008,대구,2700000,대구본청,일반회계,160,예비비,161,예비비,75256641000,0,0,75256641000,0,0
2008,대구,2700000,대구본청,일반회계,060,문화및관광,064,문화재,4523063000,0,0,618525000,0,0
2008,대구,2700000,대구본청,일반회계,060,문화및관광,063,체육,45566016000,24067500000,0,42045046000,24067500000,0
2008,대구,2700000,대구본청,일반회계,060,문화및관광,062,관광,11544110000,0,0,7744110000,0,0
2008,대구,2700000,대구본청,일반회계,060,문화및관광,061,문화예술,32940601000,312205175000,0,29404101000,312205175000,0
2008,대구,2700000,대구본청,기타특별회계,900,기타,901,기타,0,0,6405955000,2320503000,0,6405955000
2008,대구,2700000,대구본청,공기업특별회계,900,기타,901,기타,0,0,55756245000,19041000,0,55756245000
2008,대구,2700000,대구본청,일반회계,900,기타,901,기타,0,0,274994727000,2693012000,0,274994727000
2008,대구,2700000,대구본청,기타특별회계,010,일반공공행정,014,재정ㆍ금융,0,171557886000,0,0,170957886000,0
2008,대구,2700000,대구본청,기타특별회계,010,일반공공행정,013,지방행정ㆍ재정지원,7280400000,0,0,0,0,0
2008,대구,2700000,대구본청,공기업특별회계,010,일반공공행정,014,재정ㆍ금융,30240602000,17739670000,0,5240602000,17739670000,0
2008,대구,2700000,대구본청,일반회계,010,일반공공행정,016,일반행정,31808686000,0,0,29123123000,0,0
2008,대구,2700000,대구본청,일반회계,010,일반공공행정,014,재정ㆍ금융,0,43405000000,0,0,42183000000,0
2008,대구,2700000,대구본청,일반회계,010,일반공공행정,013,지방행정ㆍ재정지원,370705343000,0,0,945910000,0,0
2008,대구,2700000,대구본청,일반회계,010,일반공공행정,011,입법및선거관리,3089470000,0,0,3089470000,0,0
2008,대구,2700000,대구본청,일반회계,050,교육,053,평생ㆍ직업교육,600000000,0,0,600000000,0,0
2008,대구,2700000,대구본청,일반회계,050,교육,051,유아및초중등교육,317500000,0,0,700000,0,0
2008,대구,2700000,대구본청,일반회계,020,공공질서및안전,025,재난방재ㆍ민방위,32828371000,5732703000,0,22124875000,5732703000,0
2008,대구,2700000,대구본청,일반회계,090,보건,093,식품의약안전,469685000,0,0,469685000,0,0
2008,대구,2700000,대구본청,일반회계,090,보건,091,보건의료,44373175000,51798013000,0,22242521000,0,0
2008,대구,2700000,대구본청,기타특별회계,140,국토및지역개발,143,산업단지,14660186000,2315500000,0,14660186000,1440000000,0
2008,대구,2700000,대구본청,기타특별회계,140,국토및지역개발,142,지역및도시,8180000,42651820000,0,8180000,21046069000,0
2008,대구,2700000,대구본청,일반회계,140,국토및지역개발,143,산업단지,1116250000,21600000,0,1116250000,0,0
2008,대구,2700000,대구본청,일반회계,140,국토및지역개발,142,지역및도시,59975714000,14265000000,0,48600841000,3165000000,0
2008,대구,2700000,대구본청,일반회계,140,국토및지역개발,141,수자원,3831153000,0,0,3831153000,0,0
2008,대구,2700000,대구본청,기타특별회계,080,사회복지,081,기초생활보장,258700000000,0,0,256227640000,0,0
2008,대구,2700000,대구본청,일반회계,080,사회복지,087,보훈,514022000,0,0,514022000,0,0
2008,대구,2700000,대구본청,일반회계,080,사회복지,086,노동,8617123000,0,0,2081280000,0,0
2008,대구,2700000,대구본청,일반회계,080,사회복지,085,노인ㆍ청소년,154212200000,70000000,0,10250115000,70000000,0
2008,대구,2700000,대구본청,일반회계,080,사회복지,084,보육ㆍ가족및여성,167577329000,200000000,0,5355986000,200000000,0
2008,대구,2700000,대구본청,일반회계,080,사회복지,082,취약계층지원,104200435000,200000000,0,16203526000,200000000,0
2008,대구,2700000,대구본청,일반회계,080,사회복지,081,기초생활보장,224974390000,200000000,0,237600000,200000000,0
2008,대구,2700000,대구본청,기타특별회계,110,산업ㆍ중소기업,114,산업진흥ㆍ고도화,689949000,0,0,689949000,0,0
2008,대구,2700000,대구본청,기타특별회계,110,산업ㆍ중소기업,111,산업금융지원,41956083000,15629017000,0,41956083000,15629017000,0
2008,대구,2700000,대구본청,일반회계,110,산업ㆍ중소기업,115,에너지및자원개발,6873720000,0,0,6834720000,0,0
2008,대구,2700000,대구본청,일반회계,110,산업ㆍ중소기업,114,산업진흥ㆍ고도화,144752172000,660000000,0,129198172000,660000000,0
2008,대구,2700000,대구본청,일반회계,110,산업ㆍ중소기업,113,무역및투자유치,22752495000,0,0,22752495000,0,0
2008,대구,2700000,대구본청,일반회계,110,산업ㆍ중소기업,112,산업기술지원,194550000,0,0,194550000,0,0
2008,대구,2700000,대구본청,일반회계,110,산업ㆍ중소기업,111,산업금융지원,4951250000,13605000000,0,4951250000,13605000000,0
2008,대구,2700000,대구본청,일반회계,100,농림해양수산,102,임업ㆍ산촌,6802595000,0,0,1054936000,0,0
2008,대구,2700000,대구본청,일반회계,100,농림해양수산,101,농업ㆍ농촌,19638023000,50000000,0,5826936000,50000000,0
2008,대구,2700000,대구본청,기타특별회계,120,수송및교통,126,대중교통ㆍ물류등기타,83059600000,0,0,80886100000,0,0
2008,대구,2700000,대구본청,기타특별회계,120,수송및교통,123,도시철도,185385424000,0,0,185385424000,0,0
2008,대구,2700000,대구본청,기타특별회계,120,수송및교통,121,도로,23800000000,0,0,23800000000,0,0
2008,대구,2700000,대구본청,일반회계,120,수송및교통,126,대중교통ㆍ물류등기타,116767017000,263108000000,0,116767017000,400000000,0
2008,대구,2700000,대구본청,일반회계,120,수송및교통,125,항공ㆍ공항,39380000,0,0,39380000,0,0
2008,대구,2711000,대구중구,일반회계,120,수송및교통,121,도로,4092858000,0,0,4092858000,0,0
2008,대구,2711000,대구중구,일반회계,140,국토및지역개발,142,지역및도시,2578960000,0,0,2578960000,0,0
2008,대구,2711000,대구중구,일반회계,060,문화및관광,062,관광,40700000,0,0,40700000,0,0
2008,대구,2711000,대구중구,일반회계,060,문화및관광,061,문화예술,2301370000,0,0,2301370000,0,0
2008,대구,2711000,대구중구,일반회계,060,문화및관광,064,문화재,770774000,0,0,770774000,0,0
2008,대구,2711000,대구중구,일반회계,060,문화및관광,063,체육,549466000,0,0,549466000,0,0
2008,대구,2711000,대구중구,기타특별회계,900,기타,901,기타,0,5000000,0,0,4000000,0
2008,대구,2711000,대구중구,일반회계,900,기타,901,기타,0,820954000,39231194000,588690000,620954000,39231194000
2008,대구,2711000,대구중구,일반회계,160,예비비,161,예비비,2665717000,0,0,2665717000,0,0
2008,대구,2711000,대구중구,일반회계,070,환경보호,073,대기,50529000,0,0,50529000,0,0
2008,대구,2711000,대구중구,일반회계,070,환경보호,072,폐기물,2642297000,0,0,2642297000,0,0
2008,대구,2711000,대구중구,일반회계,070,환경보호,071,상하수도ㆍ수질,11195000,0,0,11195000,0,0
2008,대구,2711000,대구중구,일반회계,020,공공질서및안전,025,재난방재ㆍ민방위,134116000,0,0,134116000,0,0
2008,대구,2711000,대구중구,일반회계,050,교육,053,평생ㆍ직업교육,67410000,0,0,67410000,0,0
2008,대구,2711000,대구중구,일반회계,010,일반공공행정,016,일반행정,9109422000,0,0,9109422000,0,0
2008,대구,2711000,대구중구,일반회계,010,일반공공행정,013,지방행정ㆍ재정지원,245390000,0,0,245390000,0,0
2008,대구,2711000,대구중구,일반회계,010,일반공공행정,011,입법및선거관리,456083000,0,0,456083000,0,0
2008,대구,2711000,대구중구,기타특별회계,080,사회복지,088,주택,1158000000,0,0,1158000000,0,0
2008,대구,2711000,대구중구,기타특별회계,080,사회복지,081,기초생활보장,163000000,0,0,163000000,0,0
2008,대구,2711000,대구중구,일반회계,080,사회복지,087,보훈,12810000,0,0,12810000,0,0
2008,대구,2711000,대구중구,일반회계,080,사회복지,086,노동,669795000,0,0,669795000,0,0
2008,대구,2711000,대구중구,일반회계,080,사회복지,085,노인ㆍ청소년,10261362000,0,0,10261362000,0,0
2008,대구,2711000,대구중구,일반회계,080,사회복지,084,보육ㆍ가족및여성,3941346000,0,0,3941346000,0,0
2008,대구,2711000,대구중구,일반회계,080,사회복지,082,취약계층지원,5914930000,0,0,5914930000,0,0
2008,대구,2711000,대구중구,일반회계,080,사회복지,081,기초생활보장,12118652000,0,0,12118652000,0,0
2008,대구,2711000,대구중구,일반회계,100,농림해양수산,101,농업ㆍ농촌,90856000,0,0,90856000,0,0
2008,대구,2711000,대구중구,일반회계,090,보건,093,식품의약안전,38119000,0,0,38119000,0,0
2008,대구,2711000,대구중구,일반회계,090,보건,091,보건의료,2228317000,0,0,2228317000,0,0
2008,대구,2711000,대구중구,일반회계,110,산업ㆍ중소기업,115,에너지및자원개발,89839000,0,0,89839000,0,0
2008,대구,2711000,대구중구,일반회계,110,산업ㆍ중소기업,114,산업진흥ㆍ고도화,6623106000,0,0,6623106000,0,0
2008,대구,2711000,대구중구,일반회계,120,수송및교통,126,대중교통ㆍ물류등기타,2542433000,0,0,2542433000,0,0
2008,대구,2712000,대구동구,일반회계,120,수송및교통,121,도로,2196083000,0,0,2196083000,0,0
2008,대구,2712000,대구동구,기타특별회계,140,국토및지역개발,142,지역및도시,342000000,0,0,342000000,0,0
2008,대구,2712000,대구동구,일반회계,140,국토및지역개발,142,지역및도시,2961934000,0,0,2961934000,0,0
2008,대구,2712000,대구동구,일반회계,140,국토및지역개발,141,수자원,4053760000,0,0,4053760000,0,0
2008,대구,2712000,대구동구,일반회계,060,문화및관광,064,문화재,2334168000,0,0,2334168000,0,0
2008,대구,2712000,대구동구,일반회계,060,문화및관광,063,체육,719506000,0,0,719506000,0,0
2008,대구,2712000,대구동구,일반회계,060,문화및관광,062,관광,6780000,0,0,6780000,0,0
2008,대구,2712000,대구동구,일반회계,060,문화및관광,061,문화예술,1993055000,0,0,1993055000,0,0
2008,대구,2712000,대구동구,기타특별회계,900,기타,901,기타,0,0,757302000,0,0,757302000
2008,대구,2712000,대구동구,일반회계,900,기타,901,기타,0,0,55068079000,588690000,0,55068079000
2008,대구,2712000,대구동구,일반회계,160,예비비,161,예비비,2179875000,0,0,2179875000,0,0
2008,대구,2712000,대구동구,일반회계,070,환경보호,076,환경보호일반,5739000,0,0,5739000,0,0
2008,대구,2712000,대구동구,일반회계,070,환경보호,073,대기,127182000,0,0,127182000,0,0
2008,대구,2712000,대구동구,일반회계,070,환경보호,072,폐기물,7100589000,0,0,7100589000,0,0
2008,대구,2712000,대구동구,일반회계,070,환경보호,071,상하수도ㆍ수질,641476000,0,0,641476000,0,0
2008,대구,2712000,대구동구,일반회계,020,공공질서및안전,025,재난방재ㆍ민방위,518299000,136384000,0,518299000,136384000,0
2008,대구,2712000,대구동구,일반회계,050,교육,053,평생ㆍ직업교육,489438000,0,0,489438000,0,0
2008,대구,2712000,대구동구,일반회계,010,일반공공행정,016,일반행정,10016791000,1330000000,0,10016791000,80000000,0
2008,대구,2712000,대구동구,일반회계,010,일반공공행정,013,지방행정ㆍ재정지원,588550000,0,0,588550000,0,0
2008,대구,2712000,대구동구,일반회계,010,일반공공행정,011,입법및선거관리,828585000,0,0,828585000,0,0
2008,대구,2712000,대구동구,기타특별회계,080,사회복지,081,기초생활보장,1525120000,15880000,0,1525120000,13791000,0
2008,대구,2712000,대구동구,일반회계,080,사회복지,089,사회복지일반,4303092000,0,0,4303092000,0,0
2008,대구,2712000,대구동구,일반회계,080,사회복지,085,노인ㆍ청소년,34084377000,0,0,34084377000,0,0
2008,대구,2712000,대구동구,일반회계,080,사회복지,084,보육ㆍ가족및여성,22438856000,0,0,22438856000,0,0
2008,대구,2712000,대구동구,일반회계,080,사회복지,082,취약계층지원,18550206000,0,0,18550206000,0,0
2008,대구,2712000,대구동구,일반회계,080,사회복지,081,기초생활보장,35188096000,0,0,35188096000,0,0
2008,대구,2712000,대구동구,일반회계,100,농림해양수산,102,임업ㆍ산촌,3922344000,0,0,3922344000,0,0
2008,대구,2712000,대구동구,일반회계,100,농림해양수산,101,농업ㆍ농촌,2023679000,0,0,2023679000,0,0
2008,대구,2712000,대구동구,일반회계,090,보건,093,식품의약안전,30680000,0,0,30680000,0,0
2008,대구,2712000,대구동구,일반회계,090,보건,091,보건의료,4597201000,0,0,4597201000,0,0
2008,대구,2712000,대구동구,일반회계,110,산업ㆍ중소기업,114,산업진흥ㆍ고도화,3756338000,0,0,3756338000,0,0
2008,대구,2712000,대구동구,기타특별회계,120,수송및교통,126,대중교통ㆍ물류등기타,1641698000,0,0,1641698000,0,0
2008,대구,2712000,대구동구,일반회계,120,수송및교통,126,대중교통ㆍ물류등기타,108858000,0,0,108858000,0,0
2008,대구,2713000,대구서구,일반회계,120,수송및교통,121,도로,1834731000,0,0,1834731000,0,0
2008,대구,2713000,대구서구,일반회계,140,국토및지역개발,142,지역및도시,2451453000,0,0,2451453000,0,0
2008,대구,2713000,대구서구,일반회계,060,문화및관광,063,체육,1481370000,0,0,1481370000,0,0
2008,대구,2713000,대구서구,일반회계,060,문화및관광,061,문화예술,858415000,0,0,858415000,0,0
2008,대구,2713000,대구서구,기타특별회계,900,기타,901,기타,0,0,23040000,0,0,23040000
2008,대구,2713000,대구서구,일반회계,900,기타,901,기타,0,0,48549027000,588690000,0,48549027000
2008,대구,2713000,대구서구,일반회계,160,예비비,161,예비비,1747617000,0,0,1747617000,0,0
2008,대구,2713000,대구서구,일반회계,070,환경보호,076,환경보호일반,64397000,0,0,64397000,0,0
2008,대구,2713000,대구서구,일반회계,070,환경보호,073,대기,61247000,0,0,61247000,0,0
2008,대구,2713000,대구서구,일반회계,070,환경보호,072,폐기물,5864698000,0,0,5436852000,0,0
2008,대구,2713000,대구서구,일반회계,070,환경보호,071,상하수도ㆍ수질,594101000,0,0,594101000,0,0
2008,대구,2713000,대구서구,일반회계,020,공공질서및안전,025,재난방재ㆍ민방위,394293000,95693000,0,394293000,95693000,0
2008,대구,2713000,대구서구,일반회계,010,일반공공행정,016,일반행정,9195332000,0,0,9195332000,0,0
2008,대구,2713000,대구서구,일반회계,010,일반공공행정,014,재정ㆍ금융,0,2162312000,0,0,1585000000,0
2008,대구,2713000,대구서구,일반회계,010,일반공공행정,013,지방행정ㆍ재정지원,339299000,0,0,339299000,0,0
2008,대구,2713000,대구서구,일반회계,010,일반공공행정,011,입법및선거관리,929594000,0,0,929594000,0,0
2008,대구,2713000,대구서구,기타특별회계,080,사회복지,082,취약계층지원,256040000,0,0,256040000,0,0
2008,대구,2713000,대구서구,기타특별회계,080,사회복지,081,기초생활보장,0,16920000,0,0,14920000,0
2008,대구,2713000,대구서구,일반회계,080,사회복지,089,사회복지일반,2616141000,0,0,2616141000,0,0
2008,대구,2713000,대구서구,일반회계,080,사회복지,086,노동,1217558000,0,0,1217558000,0,0
2008,대구,2713000,대구서구,일반회계,080,사회복지,085,노인ㆍ청소년,18833660000,60000000,0,18833660000,60000000,0
2008,대구,2713000,대구서구,일반회계,080,사회복지,084,보육ㆍ가족및여성,18890714000,0,0,18890714000,0,0
2008,대구,2713000,대구서구,일반회계,080,사회복지,082,취약계층지원,3507121000,0,0,3507121000,0,0
2008,대구,2713000,대구서구,일반회계,080,사회복지,081,기초생활보장,22937707000,50000000,0,22937707000,50000000,0
2008,대구,2713000,대구서구,일반회계,100,농림해양수산,102,임업ㆍ산촌,300941000,0,0,250941000,0,0
2008,대구,2713000,대구서구,일반회계,100,농림해양수산,101,농업ㆍ농촌,198351000,0,0,198351000,0,0
2008,대구,2713000,대구서구,일반회계,090,보건,093,식품의약안전,30007000,0,0,30007000,0,0
2008,대구,2713000,대구서구,일반회계,090,보건,091,보건의료,3179875000,0,0,3179875000,0,0
2008,대구,2713000,대구서구,일반회계,110,산업ㆍ중소기업,115,에너지및자원개발,7526000,0,0,7526000,0,0
2008,대구,2713000,대구서구,일반회계,110,산업ㆍ중소기업,114,산업진흥ㆍ고도화,17510000,0,0,17510000,0,0
2008,대구,2713000,대구서구,일반회계,120,수송및교통,126,대중교통ㆍ물류등기타,969823000,859487000,0,969823000,859487000,0
2008,대구,2714000,대구남구,일반회계,120,수송및교통,121,도로,1603333000,0,0,1603333000,0,0
2008,대구,2714000,대구남구,일반회계,120,수송및교통,126,대중교통ㆍ물류등기타,792774000,0,0,792774000,0,0
2008,대구,2714000,대구남구,기타특별회계,120,수송및교통,126,대중교통ㆍ물류등기타,1019000000,0,0,1019000000,0,0
2008,대구,2714000,대구남구,일반회계,110,산업ㆍ중소기업,114,산업진흥ㆍ고도화,1013390000,0,0,1013390000,0,0
2008,대구,2714000,대구남구,일반회계,110,산업ㆍ중소기업,115,에너지및자원개발,4675000,0,0,4675000,0,0
2008,대구,2714000,대구남구,일반회계,090,보건,091,보건의료,2938892000,0,0,2938892000,0,0
2008,대구,2714000,대구남구,일반회계,090,보건,093,식품의약안전,38304000,0,0,38304000,0,0
2008,대구,2714000,대구남구,일반회계,100,농림해양수산,101,농업ㆍ농촌,207328000,0,0,207328000,0,0
2008,대구,2714000,대구남구,일반회계,100,농림해양수산,102,임업ㆍ산촌,187741000,0,0,137741000,0,0
2008,대구,2714000,대구남구,일반회계,080,사회복지,081,기초생활보장,21105189000,0,0,21105189000,0,0
2008,대구,2714000,대구남구,일반회계,080,사회복지,082,취약계층지원,10610136000,0,0,10610136000,0,0
2008,대구,2714000,대구남구,일반회계,080,사회복지,084,보육ㆍ가족및여성,11776215000,0,0,11776215000,0,0
2008,대구,2714000,대구남구,일반회계,080,사회복지,085,노인ㆍ청소년,16286102000,0,0,16286102000,0,0
2008,대구,2714000,대구남구,일반회계,080,사회복지,086,노동,769656000,0,0,769656000,0,0
2008,대구,2714000,대구남구,일반회계,080,사회복지,087,보훈,16000000,0,0,16000000,0,0
2008,대구,2714000,대구남구,기타특별회계,080,사회복지,081,기초생활보장,182280000,0,0,182280000,0,0
2008,대구,2714000,대구남구,기타특별회계,080,사회복지,082,취약계층지원,1600000000,0,0,1600000000,0,0
2008,대구,2714000,대구남구,일반회계,010,일반공공행정,011,입법및선거관리,533865000,0,0,533865000,0,0
2008,대구,2714000,대구남구,일반회계,010,일반공공행정,013,지방행정ㆍ재정지원,307247000,0,0,307247000,0,0
2008,대구,2714000,대구남구,일반회계,010,일반공공행정,016,일반행정,7771002000,0,0,7771002000,0,0
2008,대구,2714000,대구남구,일반회계,050,교육,051,유아및초중등교육,79200000,0,0,79200000,0,0
2008,대구,2714000,대구남구,일반회계,050,교육,053,평생ㆍ직업교육,25153000,0,0,25153000,0,0
2008,대구,2714000,대구남구,일반회계,020,공공질서및안전,025,재난방재ㆍ민방위,212376000,65518000,0,212376000,65518000,0
2008,대구,2714000,대구남구,일반회계,070,환경보호,071,상하수도ㆍ수질,149263000,0,0,149263000,0,0
2008,대구,2714000,대구남구,일반회계,070,환경보호,072,폐기물,4270460000,0,0,3948456000,0,0
2008,대구,2714000,대구남구,일반회계,070,환경보호,073,대기,42197000,0,0,42197000,0,0
2008,대구,2714000,대구남구,일반회계,070,환경보호,076,환경보호일반,37640000,0,0,37640000,0,0
2008,대구,2714000,대구남구,일반회계,160,예비비,161,예비비,2196173000,0,0,2196173000,0,0
2008,대구,2714000,대구남구,일반회계,900,기타,901,기타,0,400000000,38726571000,588690000,200000000,38726571000
2008,대구,2714000,대구남구,기타특별회계,900,기타,901,기타,0,10680000,23040000,0,9870000,23040000
2008,대구,2714000,대구남구,일반회계,060,문화및관광,061,문화예술,1629915000,0,0,1629915000,0,0
2008,대구,2714000,대구남구,일반회계,060,문화및관광,063,체육,426291000,0,0,426291000,0,0
2008,대구,2714000,대구남구,일반회계,060,문화및관광,064,문화재,324800000,0,0,324800000,0,0
2008,대구,2714000,대구남구,일반회계,140,국토및지역개발,142,지역및도시,752594000,0,0,752594000,0,0
2008,대구,2714000,대구남구,기타특별회계,140,국토및지역개발,142,지역및도시,200000000,0,0,200000000,0,0
2008,대구,2715000,대구북구,일반회계,120,수송및교통,121,도로,4702679000,0,0,4702679000,0,0
2008,대구,2715000,대구북구,일반회계,120,수송및교통,126,대중교통ㆍ물류등기타,333293000,0,0,333293000,0,0
2008,대구,2715000,대구북구,기타특별회계,120,수송및교통,126,대중교통ㆍ물류등기타,2781825000,0,0,2781825000,0,0
2008,대구,2715000,대구북구,일반회계,090,보건,093,식품의약안전,26400000,0,0,26400000,0,0
2008,대구,2715000,대구북구,일반회계,110,산업ㆍ중소기업,116,산업ㆍ중소기업일반,4522472000,0,0,4522472000,0,0
2008,대구,2715000,대구북구,일반회계,090,보건,091,보건의료,5402177000,0,0,5402177000,0,0
2008,대구,2715000,대구북구,일반회계,100,농림해양수산,101,농업ㆍ농촌,1473015000,0,0,1473015000,0,0
2008,대구,2715000,대구북구,일반회계,100,농림해양수산,102,임업ㆍ산촌,1624650000,0,0,1474650000,0,0
2008,대구,2715000,대구북구,일반회계,080,사회복지,084,보육ㆍ가족및여성,39751345000,0,0,39751345000,0,0
2008,대구,2715000,대구북구,일반회계,080,사회복지,085,노인ㆍ청소년,26273618000,0,0,26273618000,0,0
2008,대구,2715000,대구북구,일반회계,080,사회복지,086,노동,1448591000,0,0,1448591000,0,0
2008,대구,2715000,대구북구,기타특별회계,080,사회복지,081,기초생활보장,481125000,417400000,0,481125000,413400000,0
2008,대구,2715000,대구북구,일반회계,080,사회복지,081,기초생활보장,36640998000,0,0,36640998000,0,0
2008,대구,2715000,대구북구,일반회계,080,사회복지,082,취약계층지원,16334709000,0,0,16334709000,0,0
2008,대구,2715000,대구북구,일반회계,010,일반공공행정,011,입법및선거관리,996519000,0,0,996519000,0,0
2008,대구,2715000,대구북구,일반회계,010,일반공공행정,013,지방행정ㆍ재정지원,585717000,0,0,585717000,0,0
2008,대구,2715000,대구북구,일반회계,010,일반공공행정,016,일반행정,11895330000,2005000000,0,11895330000,1505000000,0
2008,대구,2715000,대구북구,일반회계,020,공공질서및안전,025,재난방재ㆍ민방위,1412168000,187860000,0,1412168000,187860000,0
2008,대구,2715000,대구북구,일반회계,070,환경보호,071,상하수도ㆍ수질,26870000,0,0,26870000,0,0
2008,대구,2715000,대구북구,일반회계,070,환경보호,072,폐기물,10440814000,0,0,9564484000,0,0
2008,대구,2715000,대구북구,일반회계,070,환경보호,073,대기,57995000,0,0,57995000,0,0
2008,대구,2715000,대구북구,일반회계,070,환경보호,076,환경보호일반,97303000,0,0,97303000,0,0
2008,대구,2715000,대구북구,일반회계,160,예비비,161,예비비,2842376000,0,0,2842376000,0,0
2008,대구,2715000,대구북구,일반회계,900,기타,901,기타,0,0,57752769000,588690000,0,57752769000
2008,대구,2715000,대구북구,기타특별회계,900,기타,901,기타,0,0,701650000,0,0,701650000
2008,대구,2715000,대구북구,일반회계,060,문화및관광,061,문화예술,973170000,0,0,973170000,0,0
2008,대구,2715000,대구북구,일반회계,060,문화및관광,063,체육,938326000,0,0,938326000,0,0
2008,대구,2715000,대구북구,일반회계,060,문화및관광,064,문화재,172562000,0,0,172562000,0,0
2008,대구,2715000,대구북구,일반회계,140,국토및지역개발,141,수자원,2233515000,0,0,2233515000,0,0
2008,대구,2715000,대구북구,일반회계,140,국토및지역개발,142,지역및도시,5547759000,0,0,5547759000,0,0
2008,대구,2715000,대구북구,기타특별회계,140,국토및지역개발,142,지역및도시,301000000,0,0,301000000,0,0
2008,대구,2716000,대구수성구,일반회계,120,수송및교통,121,도로,10568471000,0,0,10568471000,0,0
2008,대구,2716000,대구수성구,일반회계,120,수송및교통,126,대중교통ㆍ물류등기타,524339000,0,0,524339000,0,0
2008,대구,2716000,대구수성구,기타특별회계,120,수송및교통,126,대중교통ㆍ물류등기타,1360979000,7300000000,0,1360979000,7300000000,0
2008,대구,2716000,대구수성구,일반회계,090,보건,091,보건의료,9075281000,0,0,9075281000,0,0
2008,대구,2716000,대구수성구,일반회계,090,보건,093,식품의약안전,156630000,0,0,156630000,0,0
2008,대구,2716000,대구수성구,일반회계,110,산업ㆍ중소기업,114,산업진흥ㆍ고도화,44238000,0,0,44238000,0,0
2008,대구,2716000,대구수성구,일반회계,100,농림해양수산,101,농업ㆍ농촌,1165587000,0,0,1165587000,0,0
2008,대구,2716000,대구수성구,일반회계,080,사회복지,081,기초생활보장,48740853000,50000000,0,48740853000,50000000,0
2008,대구,2716000,대구수성구,일반회계,080,사회복지,082,취약계층지원,11567653000,0,0,11567653000,0,0
2008,대구,2716000,대구수성구,일반회계,080,사회복지,084,보육ㆍ가족및여성,29901813000,0,0,29901813000,0,0
2008,대구,2716000,대구수성구,일반회계,080,사회복지,085,노인ㆍ청소년,26010389000,20000000,0,26010389000,20000000,0
2008,대구,2716000,대구수성구,일반회계,080,사회복지,086,노동,974191000,0,0,974191000,0,0
2008,대구,2716000,대구수성구,기타특별회계,080,사회복지,081,기초생활보장,2162080000,7880000,0,2162080000,0,0
2008,대구,2716000,대구수성구,기타특별회계,080,사회복지,082,취약계층지원,220000000,0,0,220000000,0,0
2008,대구,2716000,대구수성구,일반회계,010,일반공공행정,011,입법및선거관리,1102345000,0,0,1102345000,0,0
2008,대구,2716000,대구수성구,일반회계,010,일반공공행정,013,지방행정ㆍ재정지원,663591000,0,0,663591000,0,0
2008,대구,2716000,대구수성구,일반회계,010,일반공공행정,014,재정ㆍ금융,0,1323500000,0,0,723500000,0
2008,대구,2716000,대구수성구,일반회계,010,일반공공행정,016,일반행정,13028716000,0,0,13028716000,0,0
2008,대구,2716000,대구수성구,일반회계,050,교육,051,유아및초중등교육,681600000,0,0,681600000,0,0
2008,대구,2716000,대구수성구,일반회계,020,공공질서및안전,025,재난방재ㆍ민방위,582326000,231994000,0,582326000,231994000,0
2008,대구,2716000,대구수성구,일반회계,070,환경보호,071,상하수도ㆍ수질,29275000,0,0,29275000,0,0
2008,대구,2716000,대구수성구,일반회계,160,예비비,161,예비비,3742971000,0,0,3742971000,0,0
2008,대구,2716000,대구수성구,일반회계,900,기타,901,기타,0,0,57292653000,588690000,0,57292653000
2008,대구,2716000,대구수성구,기타특별회계,900,기타,901,기타,0,0,669061000,0,0,669061000
2008,대구,2716000,대구수성구,일반회계,060,문화및관광,061,문화예술,4381234000,0,0,4381234000,0,0
2008,대구,2716000,대구수성구,일반회계,060,문화및관광,063,체육,1340429000,0,0,1340429000,0,0
2008,대구,2716000,대구수성구,일반회계,060,문화및관광,064,문화재,106650000,0,0,106650000,0,0
2008,대구,2716000,대구수성구,일반회계,070,환경보호,072,폐기물,8933178000,0,0,8933178000,0,0
2008,대구,2716000,대구수성구,일반회계,070,환경보호,073,대기,19321000,0,0,19321000,0,0
2008,대구,2716000,대구수성구,일반회계,070,환경보호,076,환경보호일반,216670000,0,0,216670000,0,0
2008,대구,2716000,대구수성구,일반회계,140,국토및지역개발,141,수자원,1293296000,0,0,1293296000,0,0
2008,대구,2716000,대구수성구,일반회계,140,국토및지역개발,142,지역및도시,5730806000,0,0,5580806000,0,0
2008,대구,2716000,대구수성구,기타특별회계,140,국토및지역개발,142,지역및도시,61802000,1571198000,0,61802000,1571198000,0
2008,대구,2717000,대구달서구,일반회계,120,수송및교통,121,도로,4249395000,0,0,4249395000,0,0
2008,대구,2717000,대구달서구,일반회계,090,보건,091,보건의료,5366588000,0,0,5366588000,0,0
2008,대구,2717000,대구달서구,일반회계,090,보건,093,식품의약안전,36378000,0,0,36378000,0,0
2008,대구,2717000,대구달서구,일반회계,110,산업ㆍ중소기업,114,산업진흥ㆍ고도화,5709387000,0,0,5709387000,0,0
2008,대구,2717000,대구달서구,일반회계,100,농림해양수산,101,농업ㆍ농촌,926592000,0,0,926592000,0,0
2008,대구,2717000,대구달서구,일반회계,120,수송및교통,126,대중교통ㆍ물류등기타,411251000,0,0,411251000,0,0
2008,대구,2717000,대구달서구,기타특별회계,120,수송및교통,126,대중교통ㆍ물류등기타,7447539000,0,0,7447539000,0,0
2008,대구,2717000,대구달서구,일반회계,080,사회복지,081,기초생활보장,59163428000,0,0,59163428000,0,0
2008,대구,2717000,대구달서구,일반회계,080,사회복지,082,취약계층지원,8966494000,0,0,8966494000,0,0
2008,대구,2717000,대구달서구,일반회계,080,사회복지,084,보육ㆍ가족및여성,37849354000,0,0,37849354000,0,0
2008,대구,2717000,대구달서구,일반회계,080,사회복지,085,노인ㆍ청소년,28124568000,0,0,28124568000,0,0
2008,대구,2717000,대구달서구,기타특별회계,080,사회복지,081,기초생활보장,2405578000,15000000,0,2405578000,13500000,0
2008,대구,2717000,대구달서구,일반회계,010,일반공공행정,011,입법및선거관리,1333475000,0,0,1333475000,0,0
2008,대구,2717000,대구달서구,일반회계,010,일반공공행정,013,지방행정ㆍ재정지원,694941000,0,0,694941000,0,0
2008,대구,2717000,대구달서구,일반회계,010,일반공공행정,016,일반행정,14240681000,706600000,0,14240681000,456600000,0
2008,대구,2717000,대구달서구,일반회계,050,교육,051,유아및초중등교육,3191487000,0,0,3191487000,0,0
2008,대구,2717000,대구달서구,일반회계,050,교육,053,평생ㆍ직업교육,379510000,0,0,379510000,0,0
2008,대구,2717000,대구달서구,일반회계,020,공공질서및안전,025,재난방재ㆍ민방위,846095000,262483000,0,846095000,262483000,0
2008,대구,2717000,대구달서구,일반회계,160,예비비,161,예비비,3540266000,0,0,3540266000,0,0
2008,대구,2717000,대구달서구,일반회계,900,기타,901,기타,0,0,62662001000,588720000,0,62662001000
2008,대구,2717000,대구달서구,기타특별회계,900,기타,901,기타,0,0,913901000,0,0,913901000
2008,대구,2717000,대구달서구,일반회계,060,문화및관광,061,문화예술,1624319000,551250000,0,1624319000,551250000,0
2008,대구,2717000,대구달서구,일반회계,060,문화및관광,063,체육,1124630000,0,0,1124630000,0,0
2008,대구,2717000,대구달서구,일반회계,070,환경보호,071,상하수도ㆍ수질,2373777000,0,0,2373777000,0,0
2008,대구,2717000,대구달서구,일반회계,070,환경보호,072,폐기물,9092479000,0,0,9092479000,0,0
2008,대구,2717000,대구달서구,일반회계,070,환경보호,073,대기,147144000,0,0,147144000,0,0
2008,대구,2717000,대구달서구,일반회계,070,환경보호,076,환경보호일반,81806000,0,0,81806000,0,0
2008,대구,2717000,대구달서구,일반회계,140,국토및지역개발,142,지역및도시,5973621000,2310000000,0,5873621000,2310000000,0
2008,대구,2717000,대구달서구,기타특별회계,140,국토및지역개발,142,지역및도시,454000000,0,0,454000000,0,0
2008,대구,2771000,대구달성군,일반회계,090,보건,091,보건의료,4093445000,0,0,4093445000,0,0
2008,대구,2771000,대구달성군,일반회계,090,보건,093,식품의약안전,92239000,0,0,92239000,0,0
2008,대구,2771000,대구달성군,일반회계,110,산업ㆍ중소기업,113,무역및투자유치,3000000,0,0,3000000,0,0
2008,대구,2771000,대구달성군,일반회계,110,산업ㆍ중소기업,114,산업진흥ㆍ고도화,49644000,0,0,49644000,0,0
2008,대구,2771000,대구달성군,일반회계,110,산업ㆍ중소기업,115,에너지및자원개발,5812000,0,0,5812000,0,0
2008,대구,2771000,대구달성군,일반회계,110,산업ㆍ중소기업,116,산업ㆍ중소기업일반,106199000,0,0,106199000,0,0
2008,대구,2771000,대구달성군,일반회계,100,농림해양수산,101,농업ㆍ농촌,21801941000,60000000,0,21801941000,60000000,0
2008,대구,2771000,대구달성군,일반회계,100,농림해양수산,102,임업ㆍ산촌,6680051000,0,0,6680051000,0,0
2008,대구,2771000,대구달성군,일반회계,120,수송및교통,121,도로,31436076000,0,0,31436076000,0,0
2008,대구,2771000,대구달성군,일반회계,120,수송및교통,126,대중교통ㆍ물류등기타,12615238000,0,0,12615238000,0,0
2008,대구,2771000,대구달성군,일반회계,080,사회복지,081,기초생활보장,12720469000,0,0,12720469000,0,0
2008,대구,2771000,대구달성군,일반회계,080,사회복지,082,취약계층지원,6577713000,100000000,0,6577713000,100000000,0
2008,대구,2771000,대구달성군,일반회계,080,사회복지,084,보육ㆍ가족및여성,13887304000,0,0,13887304000,0,0
2008,대구,2771000,대구달성군,일반회계,080,사회복지,085,노인ㆍ청소년,18269803000,50000000,0,18269803000,50000000,0
2008,대구,2771000,대구달성군,일반회계,080,사회복지,086,노동,945571000,0,0,945571000,0,0
2008,대구,2771000,대구달성군,일반회계,080,사회복지,087,보훈,165024000,0,0,165024000,0,0
2008,대구,2771000,대구달성군,기타특별회계,080,사회복지,082,취약계층지원,197700000,32300000,0,197700000,28388000,0
2008,대구,2771000,대구달성군,일반회계,010,일반공공행정,011,입법및선거관리,563960000,0,0,563960000,0,0
2008,대구,2771000,대구달성군,일반회계,010,일반공공행정,013,지방행정ㆍ재정지원,1869198000,0,0,1865198000,0,0
2008,대구,2771000,대구달성군,일반회계,010,일반공공행정,016,일반행정,9004628000,1071600000,0,9004628000,1071600000,0
2008,대구,2771000,대구달성군,기타특별회계,010,일반공공행정,016,일반행정,925000000,0,0,925000000,0,0
2008,대구,2771000,대구달성군,일반회계,050,교육,051,유아및초중등교육,1866150000,0,0,1866150000,0,0
2008,대구,2771000,대구달성군,일반회계,050,교육,053,평생ㆍ직업교육,370840000,0,0,370840000,0,0
2008,대구,2771000,대구달성군,일반회계,020,공공질서및안전,025,재난방재ㆍ민방위,13691510000,1843136000,0,13691510000,469636000,0
2008,대구,2771000,대구달성군,일반회계,160,예비비,161,예비비,4808121000,0,0,4808121000,0,0
2008,대구,2771000,대구달성군,일반회계,900,기타,901,기타,0,0,42281077000,0,0,42281077000
2008,대구,2771000,대구달성군,기타특별회계,900,기타,901,기타,0,0,430549000,0,0,430549000
2008,대구,2771000,대구달성군,일반회계,060,문화및관광,061,문화예술,523860000,0,0,523860000,0,0
2008,대구,2771000,대구달성군,일반회계,060,문화및관광,062,관광,5378780000,0,0,5378780000,0,0
2008,대구,2771000,대구달성군,일반회계,060,문화및관광,063,체육,26009983000,30000000,0,26009983000,30000000,0
2008,대구,2771000,대구달성군,일반회계,060,문화및관광,064,문화재,1235078000,0,0,1235078000,0,0
2008,대구,2771000,대구달성군,일반회계,070,환경보호,071,상하수도ㆍ수질,1276395000,0,0,1276395000,0,0
2008,대구,2771000,대구달성군,일반회계,070,환경보호,072,폐기물,5739691000,0,0,5739691000,0,0
2008,대구,2771000,대구달성군,일반회계,070,환경보호,073,대기,17890000,0,0,17890000,0,0
2008,대구,2771000,대구달성군,일반회계,070,환경보호,074,자연,516139000,0,0,516139000,0,0
2008,대구,2771000,대구달성군,기타특별회계,070,환경보호,072,폐기물,3795000000,0,0,3795000000,0,0
2008,대구,2771000,대구달성군,일반회계,140,국토및지역개발,141,수자원,7597640000,1353792000,0,7597640000,1353792000,0
2008,대구,2771000,대구달성군,일반회계,140,국토및지역개발,142,지역및도시,17291003000,0,0,17291003000,0,0
2008,대구,2771000,대구달성군,기타특별회계,140,국토및지역개발,141,수자원,7970451000,0,0,7970451000,0,0
2008,대구,2771000,대구달성군,기타특별회계,140,국토및지역개발,142,지역및도시,12169000000,0,0,12169000000,0,0
2008,대구,2771000,대구달성군,기타특별회계,140,국토및지역개발,143,산업단지,780000000,0,0,780000000,0,0
